master_project_id,activity_id,relationship_type,match_method,match_confidence,review_status
mp-188f555dedc4818a,tpa-c24a4a51e94f0c,provisional_singleton,no_safe_cross_activity_merge,unknown,needs_review
mp-7a47afed8880d07f,tpa-589558ecac1e37,provisional_singleton,no_safe_cross_activity_merge,unknown,needs_review
mp-d222948fe4efa0e1,tpa-5019b985bd1d77,provisional_singleton,no_safe_cross_activity_merge,unknown,needs_review
mp-413cb4d3c81fe1ee,tpa-513576269db68f,provisional_singleton,no_safe_cross_activity_merge,unknown,needs_review
mp-41353459bf4463a4,tpa-14c8b8b7a89eda,provisional_singleton,no_safe_cross_activity_merge,unknown,needs_review
mp-c09c33764637beb3,tpa-95d0a3f24b10d8,provisional_singleton,no_safe_cross_activity_merge,unknown,needs_review
mp-155c4161f0e0d1a7,tpa-df2cedad65ca3b,provisional_singleton,no_safe_cross_activity_merge,unknown,needs_review
mp-a96f05ba4e23784c,tpa-c155a84ecb628b,provisional_singleton,no_safe_cross_activity_merge,unknown,needs_review
mp-217c1c583fb4ce1c,tpa-b9b13f05dc4299,provisional_singleton,no_safe_cross_activity_merge,unknown,needs_review
mp-b3673123ac67104d,tpa-b6a5bf7e8bc182,provisional_singleton,no_safe_cross_activity_merge,unknown,needs_review
mp-38eca0398f6ed5dd,tpa-9884d682aede74,provisional_singleton,no_safe_cross_activity_merge,unknown,needs_review
mp-9ee518e043c71db3,tpa-f4d55a44e6467a,provisional_singleton,no_safe_cross_activity_merge,unknown,needs_review
mp-885527159ae86813,tpa-6a027bcb3e94bf,provisional_singleton,no_safe_cross_activity_merge,unknown,needs_review
mp-a576700923d7e165,tpa-ab602235c69506,provisional_singleton,no_safe_cross_activity_merge,unknown,needs_review
mp-2aadeb3dc3710338,tpa-dc48c779dc1672,provisional_singleton,no_safe_cross_activity_merge,unknown,needs_review
mp-d27e5e74ed58b0a7,tpa-a6ff3219bd560c,provisional_singleton,no_safe_cross_activity_merge,unknown,needs_review
mp-65edfe0632209ffd,tpa-65f73625e085ef,provisional_singleton,no_safe_cross_activity_merge,unknown,needs_review
mp-afac91ee7907d4d4,tpa-7101fe4fc1e13b,provisional_singleton,no_safe_cross_activity_merge,unknown,needs_review
mp-7f8172509d3a5be9,tpa-65cea154326b52,provisional_singleton,no_safe_cross_activity_merge,unknown,needs_review
mp-e797d2836e307bc4,tpa-221369f86fd20f,provisional_singleton,no_safe_cross_activity_merge,unknown,needs_review
mp-c6d19d2d95dd7f5a,tpa-4194433a5b16f9,provisional_singleton,no_safe_cross_activity_merge,unknown,needs_review
mp-5d685119552a5033,tpa-9095f067186f4f,provisional_singleton,no_safe_cross_activity_merge,unknown,needs_review
mp-ff62f2f794db9526,tpa-d387519a4550c3,provisional_singleton,no_safe_cross_activity_merge,unknown,needs_review
mp-46408a994655755b,tpa-747f5e9db69b70,provisional_singleton,no_safe_cross_activity_merge,unknown,needs_review
mp-7676755dd829a7dc,tpa-5dc2ee70142bb7,provisional_singleton,no_safe_cross_activity_merge,unknown,needs_review
mp-298b3107516ca84e,tpa-6f7d947e10f46f,provisional_singleton,no_safe_cross_activity_merge,unknown,needs_review
mp-713fc90529b7138f,tpa-a834a580e80dbb,provisional_singleton,no_safe_cross_activity_merge,unknown,needs_review
mp-5792c7030105daf5,tpa-5ba0e6458aee35,provisional_singleton,no_safe_cross_activity_merge,unknown,needs_review
mp-eeb320163cce309e,tpa-13bddb354a0155,provisional_singleton,no_safe_cross_activity_merge,unknown,needs_review
mp-7ee13686effb0cbc,tpa-1db614043b0dfa,provisional_singleton,no_safe_cross_activity_merge,unknown,needs_review
mp-1d250c1dd7d33051,tpa-f6aeb8905fa516,provisional_singleton,no_safe_cross_activity_merge,unknown,needs_review
mp-eb6a6b01920d94be,tpa-3a01a4c06f0a93,provisional_singleton,no_safe_cross_activity_merge,unknown,needs_review
mp-b2bb39cc87a8f9a8,tpa-0920c495b94995,provisional_singleton,no_safe_cross_activity_merge,unknown,needs_review
mp-fab60d0c35f199b3,tpa-48c9c1cd33320e,provisional_singleton,no_safe_cross_activity_merge,unknown,needs_review
mp-57cbef6d7452cd3c,tpa-c66cc176d82ae2,provisional_singleton,no_safe_cross_activity_merge,unknown,needs_review
mp-ebabbde65852fa52,tpa-ce25afa9612bda,provisional_singleton,no_safe_cross_activity_merge,unknown,needs_review
mp-e0b32f37d4fbd6f0,tpa-3fa1fe5e530c9b,provisional_singleton,no_safe_cross_activity_merge,unknown,needs_review
mp-a065b1e02882e050,tpa-552a893b661024,provisional_singleton,no_safe_cross_activity_merge,unknown,needs_review
mp-5ff8d89835d1fd4e,tpa-e972707b6de629,provisional_singleton,no_safe_cross_activity_merge,unknown,needs_review
mp-214eee658c5f7796,tpa-f31de44644ca49,provisional_singleton,no_safe_cross_activity_merge,unknown,needs_review
mp-15db5cf7ce5059fb,tpa-44885776879824,provisional_singleton,no_safe_cross_activity_merge,unknown,needs_review
mp-c51022909e5a97c8,tpa-caf6e65b932585,provisional_singleton,no_safe_cross_activity_merge,unknown,needs_review
mp-992682691f9cf0a1,tpa-f6aa3256b41ed9,provisional_singleton,no_safe_cross_activity_merge,unknown,needs_review
mp-7dbb1f9df4f06b70,tpa-1774cdbbea024a,provisional_singleton,no_safe_cross_activity_merge,unknown,needs_review
mp-079c531e994be3dc,tpa-14844ce9e0a5e5,provisional_singleton,no_safe_cross_activity_merge,unknown,needs_review
mp-5aab6274d08765cc,tpa-17a0fef86b0942,provisional_singleton,no_safe_cross_activity_merge,unknown,needs_review
mp-79b19116c6577873,tpa-47f42c6c6bfc35,provisional_singleton,no_safe_cross_activity_merge,unknown,needs_review
mp-222e02e0725ddcad,tpa-60040503ce1f70,provisional_singleton,no_safe_cross_activity_merge,unknown,needs_review
mp-2178680205563adc,tpa-55f90a91e604bd,provisional_singleton,no_safe_cross_activity_merge,unknown,needs_review
mp-582e9bec75e146f1,tpa-862a1332525247,provisional_singleton,no_safe_cross_activity_merge,unknown,needs_review
mp-85d5218534357e69,tpa-976743ba9456f5,provisional_singleton,no_safe_cross_activity_merge,unknown,needs_review
mp-3467c8338c0d94cc,tpa-1b53cbd4e7b7c8,provisional_singleton,no_safe_cross_activity_merge,unknown,needs_review
mp-276c774e371bdd80,tpa-620acf80f21163,provisional_singleton,no_safe_cross_activity_merge,unknown,needs_review
mp-cb469c6ae4479267,tpa-97d0407122e58f,provisional_singleton,no_safe_cross_activity_merge,unknown,needs_review
mp-217919eab1b3d8e2,tpa-6fec74cb567b5f,provisional_singleton,no_safe_cross_activity_merge,unknown,needs_review
mp-b9f6cbec86ef8bce,tpa-8cc9e565a1eca0,provisional_singleton,no_safe_cross_activity_merge,unknown,needs_review
mp-b6a0ae2a67437d5d,tpa-21c401b97b3110,provisional_singleton,no_safe_cross_activity_merge,unknown,needs_review
mp-e5e0ae133cb07289,tpa-4b39fdd7888987,provisional_singleton,no_safe_cross_activity_merge,unknown,needs_review
mp-db7635522e0afd30,tpa-5572cad8111c2f,provisional_singleton,no_safe_cross_activity_merge,unknown,needs_review
mp-c7c7442673a86860,tpa-343aac738a8171,provisional_singleton,no_safe_cross_activity_merge,unknown,needs_review
mp-d0ca3395a0797dba,tpa-ee602e95ef2f67,provisional_singleton,no_safe_cross_activity_merge,unknown,needs_review
mp-f754f23c1c468cfb,tpa-740769afecded6,provisional_singleton,no_safe_cross_activity_merge,unknown,needs_review
mp-8c1f3c34d79a7e70,tpa-c023f0b7ac9234,provisional_singleton,no_safe_cross_activity_merge,unknown,needs_review
mp-b23fe3a20e890217,tpa-3f361ede124ceb,provisional_singleton,no_safe_cross_activity_merge,unknown,needs_review
mp-cd9fc3d2c07410fc,tpa-f8a04ea46494f0,provisional_singleton,no_safe_cross_activity_merge,unknown,needs_review
mp-29c903b244f5d84a,tpa-99244c445a7986,provisional_singleton,no_safe_cross_activity_merge,unknown,needs_review
mp-5c50db5b51952194,tpa-1235423e750f82,provisional_singleton,no_safe_cross_activity_merge,unknown,needs_review
mp-d2386d49cd77efc9,tpa-8d2eb54321fac9,provisional_singleton,no_safe_cross_activity_merge,unknown,needs_review
mp-bbc04e4b772eb7bf,tpa-1f4412bb53f66a,provisional_singleton,no_safe_cross_activity_merge,unknown,needs_review
mp-df40e651ae1a9048,tpa-e91099928a5d8b,provisional_singleton,no_safe_cross_activity_merge,unknown,needs_review
mp-8968c9b2819709b5,tpa-b2d8e2a8f7067a,provisional_singleton,no_safe_cross_activity_merge,unknown,needs_review
mp-2845acdfb085163b,tpa-99e14bf8478da4,provisional_singleton,no_safe_cross_activity_merge,unknown,needs_review
mp-ce10f3b94df69943,tpa-70f097e3e7a8b7,provisional_singleton,no_safe_cross_activity_merge,unknown,needs_review
mp-a348b061e0886e49,tpa-63bc7da28d13cc,provisional_singleton,no_safe_cross_activity_merge,unknown,needs_review
mp-8b9c3fc056364459,tpa-927d1f53fade03,provisional_singleton,no_safe_cross_activity_merge,unknown,needs_review
mp-ad1e6e4403b91833,tpa-08625a68aae13a,provisional_singleton,no_safe_cross_activity_merge,unknown,needs_review
mp-c98124066bcee19d,tpa-c00062ffc50a9e,provisional_singleton,no_safe_cross_activity_merge,unknown,needs_review
mp-a57764dc07b2a102,tpa-e5710be64bbd7b,provisional_singleton,no_safe_cross_activity_merge,unknown,needs_review
mp-9dc9456443fa4476,tpa-aa1b983e4df8ce,provisional_singleton,no_safe_cross_activity_merge,unknown,needs_review
mp-1a610417babbc909,tpa-1ddeb5315cf866,provisional_singleton,no_safe_cross_activity_merge,unknown,needs_review
mp-4a52aa358581a88e,tpa-34dae49c8cd7b1,provisional_singleton,no_safe_cross_activity_merge,unknown,needs_review
mp-f7fb6f73a6bf1b59,tpa-13de338b8d6d0d,provisional_singleton,no_safe_cross_activity_merge,unknown,needs_review
mp-830ceaed61e049b8,tpa-14bce60d548dfd,provisional_singleton,no_safe_cross_activity_merge,unknown,needs_review
mp-f7924f5226b9f87a,tpa-f80a01d50affd9,provisional_singleton,no_safe_cross_activity_merge,unknown,needs_review
mp-f82a1f1e7c0060f6,tpa-9d3a366a9424f4,provisional_singleton,no_safe_cross_activity_merge,unknown,needs_review
mp-51efd1e11af043c4,tpa-440649990eafab,provisional_singleton,no_safe_cross_activity_merge,unknown,needs_review
mp-dd44c0cbb2d018ed,tpa-18d51d48036a8b,provisional_singleton,no_safe_cross_activity_merge,unknown,needs_review
mp-6156e286e55ce4d4,tpa-9866975518471e,provisional_singleton,no_safe_cross_activity_merge,unknown,needs_review
mp-d39a158101752ffa,tpa-18d0bca9bdffa9,provisional_singleton,no_safe_cross_activity_merge,unknown,needs_review
mp-f76a8b5b109092cf,tpa-4538cbf9dd000f,provisional_singleton,no_safe_cross_activity_merge,unknown,needs_review
mp-a708ebeb079b0915,tpa-c2b0d467d00252,provisional_singleton,no_safe_cross_activity_merge,unknown,needs_review
mp-7be92bee1139985f,tpa-2e37066a0e1d05,provisional_singleton,no_safe_cross_activity_merge,unknown,needs_review
mp-3d18d50f5bc34a7c,tpa-0636f542709d3b,provisional_singleton,no_safe_cross_activity_merge,unknown,needs_review
mp-9b9215042b152138,tpa-6ef3bb571fcd68,provisional_singleton,no_safe_cross_activity_merge,unknown,needs_review
mp-f6e218f7334a1076,tpa-06b743236ca964,provisional_singleton,no_safe_cross_activity_merge,unknown,needs_review
mp-b528a893f76e6ce2,tpa-a3429640886e4b,provisional_singleton,no_safe_cross_activity_merge,unknown,needs_review
mp-fc6c12d07a94eb83,tpa-24ce37c512d910,provisional_singleton,no_safe_cross_activity_merge,unknown,needs_review
mp-bb09280b9ca5d9b5,tpa-8b0eb23a54081b,provisional_singleton,no_safe_cross_activity_merge,unknown,needs_review
mp-b4a1d02c85d97cc4,tpa-d19bb06e7492aa,provisional_singleton,no_safe_cross_activity_merge,unknown,needs_review
mp-fe9110c48e688f63,tpa-12634ea2ae0857,provisional_singleton,no_safe_cross_activity_merge,unknown,needs_review
mp-298044e00084df2b,tpa-dc93933fba4d94,provisional_singleton,no_safe_cross_activity_merge,unknown,needs_review
mp-4b9da039e731c398,tpa-19e9f37088ada7,provisional_singleton,no_safe_cross_activity_merge,unknown,needs_review
mp-4d05402250733a8a,tpa-208a2577af0c74,provisional_singleton,no_safe_cross_activity_merge,unknown,needs_review
mp-18d3200218c055c1,tpa-be1d2e2685303c,provisional_singleton,no_safe_cross_activity_merge,unknown,needs_review
mp-a7a06222ae43097c,tpa-ba6174367cf5d6,provisional_singleton,no_safe_cross_activity_merge,unknown,needs_review
mp-1bfdb7fbb8b20636,tpa-39ebc2d5151e5f,provisional_singleton,no_safe_cross_activity_merge,unknown,needs_review
mp-20012f6d9bc912e5,tpa-0f0ea871c5d70a,provisional_singleton,no_safe_cross_activity_merge,unknown,needs_review
mp-9a6a3394afbe0791,tpa-7d97171cacc169,provisional_singleton,no_safe_cross_activity_merge,unknown,needs_review
mp-51816183939b4a73,tpa-1d633b31035617,provisional_singleton,no_safe_cross_activity_merge,unknown,needs_review
mp-79ac7974332e176f,tpa-7b14e2b39dfecf,provisional_singleton,no_safe_cross_activity_merge,unknown,needs_review
mp-06ca661f7fde6e95,tpa-c0359283d623dd,provisional_singleton,no_safe_cross_activity_merge,unknown,needs_review
mp-764bccd9cb2f15ad,tpa-d0e40948105ee9,provisional_singleton,no_safe_cross_activity_merge,unknown,needs_review
mp-04dcd2a29a9d6a37,tpa-c6a74fb34fe160,provisional_singleton,no_safe_cross_activity_merge,unknown,needs_review
mp-0ccb2a676c6f00de,tpa-a8aab3631c08aa,provisional_singleton,no_safe_cross_activity_merge,unknown,needs_review
mp-26636c54f7842c12,tpa-8621e0fb102ba0,provisional_singleton,no_safe_cross_activity_merge,unknown,needs_review
mp-d0cbdaf7e2b9dac1,tpa-17eb2da0d58320,provisional_singleton,no_safe_cross_activity_merge,unknown,needs_review
mp-b61f5594c017eaaa,tpa-a4cbeabdf11d84,provisional_singleton,no_safe_cross_activity_merge,unknown,needs_review
mp-ff25c6baea73afb8,tpa-cf364eb9baa51f,provisional_singleton,no_safe_cross_activity_merge,unknown,needs_review
mp-0a58a259cef15db0,tpa-6d92bb6b8e9781,provisional_singleton,no_safe_cross_activity_merge,unknown,needs_review
mp-ce77d92a46e9a88d,tpa-8116b2c7badfe9,provisional_singleton,no_safe_cross_activity_merge,unknown,needs_review
mp-599c9ea3bd4eda48,tpa-742b5f409bab20,provisional_singleton,no_safe_cross_activity_merge,unknown,needs_review
mp-73d1487ea6223ad2,tpa-625f1d0594de7e,provisional_singleton,no_safe_cross_activity_merge,unknown,needs_review
mp-fbffb0de5cc19d79,tpa-d95c0f4652a639,provisional_singleton,no_safe_cross_activity_merge,unknown,needs_review
mp-0b6e6b26a3e8f36a,tpa-3f2e094f9ede8c,provisional_singleton,no_safe_cross_activity_merge,unknown,needs_review
mp-5c5b4f0aa63e992d,tpa-58d11ea5c5f27a,provisional_singleton,no_safe_cross_activity_merge,unknown,needs_review
mp-b05e4d40fe5c0db3,tpa-66dcabfe2e5252,provisional_singleton,no_safe_cross_activity_merge,unknown,needs_review
mp-8f32310f025452cf,tpa-1485ff9e9c552e,provisional_singleton,no_safe_cross_activity_merge,unknown,needs_review
mp-895a56b1f6cc2e8d,tpa-1f2086f01be1bb,provisional_singleton,no_safe_cross_activity_merge,unknown,needs_review
mp-1f89ee3d7cda9b6a,tpa-df953e61c2ef63,provisional_singleton,no_safe_cross_activity_merge,unknown,needs_review
mp-a2c880b34bb5f20a,tpa-c6e1c8fa7734f0,provisional_singleton,no_safe_cross_activity_merge,unknown,needs_review
mp-669b404aaaf17785,tpa-c69a1e0c4df046,provisional_singleton,no_safe_cross_activity_merge,unknown,needs_review
mp-2a7affd284639b33,tpa-987bb91b2366af,provisional_singleton,no_safe_cross_activity_merge,unknown,needs_review
mp-9614834fe4a3ed8b,tpa-3348c9b3d814c3,provisional_singleton,no_safe_cross_activity_merge,unknown,needs_review
mp-aa87f86b34b177b6,tpa-2c71aa382c0a24,provisional_singleton,no_safe_cross_activity_merge,unknown,needs_review
mp-195c2d54df3ea86a,tpa-b9e552e7f71036,provisional_singleton,no_safe_cross_activity_merge,unknown,needs_review
mp-9194d30683456b85,tpa-c7ea41e60d1202,provisional_singleton,no_safe_cross_activity_merge,unknown,needs_review
mp-918f9f7f762e3d61,tpa-e22d72436a5fc3,provisional_singleton,no_safe_cross_activity_merge,unknown,needs_review
mp-2d6a845ca873509f,tpa-7e492b20c6441e,provisional_singleton,no_safe_cross_activity_merge,unknown,needs_review
mp-57f266ac8f6b3aa6,tpa-e50fea9487c27d,provisional_singleton,no_safe_cross_activity_merge,unknown,needs_review
mp-1433a8c7f4bde08b,tpa-dfcfe10628678e,provisional_singleton,no_safe_cross_activity_merge,unknown,needs_review
mp-88e583109707eaac,tpa-c61738742343c8,provisional_singleton,no_safe_cross_activity_merge,unknown,needs_review
mp-8abdd810d1c6d81e,tpa-7f51599154e7af,provisional_singleton,no_safe_cross_activity_merge,unknown,needs_review
mp-bc2d6fe5d4068ac0,tpa-fd9dc19e205a50,provisional_singleton,no_safe_cross_activity_merge,unknown,needs_review
mp-877f17df4c899ddd,tpa-8d12b462cc19ba,provisional_singleton,no_safe_cross_activity_merge,unknown,needs_review
mp-e57e81a91e851cb4,tpa-6cc09e9ce39b75,provisional_singleton,no_safe_cross_activity_merge,unknown,needs_review
mp-655e633352b710e4,tpa-b2247293f9331a,provisional_singleton,no_safe_cross_activity_merge,unknown,needs_review
mp-cd5bcf34862fa917,tpa-a8ab685226b5a0,provisional_singleton,no_safe_cross_activity_merge,unknown,needs_review
mp-1acbdce04ee548db,tpa-a0abbcf7366859,provisional_singleton,no_safe_cross_activity_merge,unknown,needs_review
mp-ee36c63149c7b4a0,tpa-6efe5b9f14538e,provisional_singleton,no_safe_cross_activity_merge,unknown,needs_review
mp-251b58c5ffc5443c,tpa-bbe5a41a3a6416,provisional_singleton,no_safe_cross_activity_merge,unknown,needs_review
mp-305855e472da7875,tpa-654a1f9b3a06a6,provisional_singleton,no_safe_cross_activity_merge,unknown,needs_review
mp-ab4eea107eac73f5,tpa-ec941f536232da,provisional_singleton,no_safe_cross_activity_merge,unknown,needs_review
mp-1a0dda31bc0f94b0,tpa-b2ef36e9c16bd3,provisional_singleton,no_safe_cross_activity_merge,unknown,needs_review
mp-bfda92765ecf5a32,tpa-cf53b16b264c3b,provisional_singleton,no_safe_cross_activity_merge,unknown,needs_review
mp-b67b306d841c5738,tpa-77efcaa021100f,provisional_singleton,no_safe_cross_activity_merge,unknown,needs_review
mp-9ac46d96ceec740f,tpa-19f8f67ae68583,provisional_singleton,no_safe_cross_activity_merge,unknown,needs_review
mp-2c46c42734dc9d4b,tpa-cd988dc9a40a90,provisional_singleton,no_safe_cross_activity_merge,unknown,needs_review
mp-a23fd755337f5d4e,tpa-5d3de2f502632b,provisional_singleton,no_safe_cross_activity_merge,unknown,needs_review
mp-f93e3bb3d4056ee0,tpa-d156e2fcf15791,provisional_singleton,no_safe_cross_activity_merge,unknown,needs_review
mp-e1745fc0fb6e1f57,tpa-77e6c8ae672828,provisional_singleton,no_safe_cross_activity_merge,unknown,needs_review
mp-42e7f786d58a5428,tpa-eaf342f8d008eb,provisional_singleton,no_safe_cross_activity_merge,unknown,needs_review
mp-bd05d796ca3a37b8,tpa-6ac90c5f6dc791,provisional_singleton,no_safe_cross_activity_merge,unknown,needs_review
mp-7d972d47c59e3e47,tpa-afbbd60521122d,provisional_singleton,no_safe_cross_activity_merge,unknown,needs_review
mp-5897305ad417e7e1,tpa-02336b02cb67ca,provisional_singleton,no_safe_cross_activity_merge,unknown,needs_review
mp-2b2b2b3daad011c3,tpa-6811d5d4238d44,provisional_singleton,no_safe_cross_activity_merge,unknown,needs_review
mp-3ada67547d363eb1,tpa-d79d703c4f96f6,provisional_singleton,no_safe_cross_activity_merge,unknown,needs_review
mp-362a988a5c4705d5,tpa-20d659d9cf2165,provisional_singleton,no_safe_cross_activity_merge,unknown,needs_review
mp-0a887ecfeb93e8a6,tpa-2a279da2b89602,provisional_singleton,no_safe_cross_activity_merge,unknown,needs_review
mp-6c38df2326f219ef,tpa-af1da1a204bb0c,provisional_singleton,no_safe_cross_activity_merge,unknown,needs_review
mp-6b382aef34c058ac,tpa-c3b57889b8699a,provisional_singleton,no_safe_cross_activity_merge,unknown,needs_review
mp-7c390ee3734fbfd3,tpa-673925f4ca8a17,provisional_singleton,no_safe_cross_activity_merge,unknown,needs_review
mp-ca003772b579af8e,tpa-b87d3c7dada73b,provisional_singleton,no_safe_cross_activity_merge,unknown,needs_review
mp-914ee52b70536c65,tpa-c5cd07c38b1571,provisional_singleton,no_safe_cross_activity_merge,unknown,needs_review
mp-11966c76ea50858a,tpa-495d9bd705a25f,provisional_singleton,no_safe_cross_activity_merge,unknown,needs_review
mp-e4c67c53d288ecc2,tpa-b8323aab855cf1,provisional_singleton,no_safe_cross_activity_merge,unknown,needs_review
mp-42cc5c0df9a3c31a,tpa-7eb21359a5c79f,provisional_singleton,no_safe_cross_activity_merge,unknown,needs_review
mp-1230796a7a2f8259,tpa-0c4c248ded6e37,provisional_singleton,no_safe_cross_activity_merge,unknown,needs_review
mp-4d3e826dc1fb982d,tpa-4e22aabfbb88ca,provisional_singleton,no_safe_cross_activity_merge,unknown,needs_review
mp-865eb323d670d0f2,tpa-ea46f7ab7e08d6,provisional_singleton,no_safe_cross_activity_merge,unknown,needs_review
mp-762d0c68b7114488,tpa-943537c4950523,provisional_singleton,no_safe_cross_activity_merge,unknown,needs_review
mp-6f9fcaa21c9c695f,tpa-3dc8a20a701399,provisional_singleton,no_safe_cross_activity_merge,unknown,needs_review
mp-3c9455ea6fcf6475,tpa-e16dc8db40500c,provisional_singleton,no_safe_cross_activity_merge,unknown,needs_review
mp-643f7d3f1f8c6cc7,tpa-acc6124713fa4e,provisional_singleton,no_safe_cross_activity_merge,unknown,needs_review
mp-a5b306db08b399c9,tpa-cb759058dc0774,provisional_singleton,no_safe_cross_activity_merge,unknown,needs_review
mp-e64fa8fa40845f1c,tpa-5fb27fafe46619,provisional_singleton,no_safe_cross_activity_merge,unknown,needs_review
mp-cc48a446b99c38a7,tpa-b5952e2c44cb78,provisional_singleton,no_safe_cross_activity_merge,unknown,needs_review
mp-ec23ac197a342c43,tpa-337accef7f7fc4,provisional_singleton,no_safe_cross_activity_merge,unknown,needs_review
mp-0f603f39fc4e0ad5,tpa-49ffa87e2484f3,provisional_singleton,no_safe_cross_activity_merge,unknown,needs_review
mp-8a751e33b047add5,tpa-0579a8618f29d7,provisional_singleton,no_safe_cross_activity_merge,unknown,needs_review
mp-5dc0491f0fa9230e,tpa-212f90fc7076c8,provisional_singleton,no_safe_cross_activity_merge,unknown,needs_review
mp-ecae321a348fcde6,tpa-95da2022b37ef6,provisional_singleton,no_safe_cross_activity_merge,unknown,needs_review
mp-7326100de80cb635,tpa-fd8572682df12d,provisional_singleton,no_safe_cross_activity_merge,unknown,needs_review
mp-ca3d07500dfa51a8,tpa-8e6596c40db0da,provisional_singleton,no_safe_cross_activity_merge,unknown,needs_review
mp-3484d9b434b378d7,tpa-68324d5abf90a2,provisional_singleton,no_safe_cross_activity_merge,unknown,needs_review
mp-5c69a7126b338423,tpa-5e005fc41286f0,provisional_singleton,no_safe_cross_activity_merge,unknown,needs_review
mp-c84f4e9395745da2,tpa-e759d27268346c,provisional_singleton,no_safe_cross_activity_merge,unknown,needs_review
mp-16ff13ac430c2a03,tpa-0b33f5aeb24483,provisional_singleton,no_safe_cross_activity_merge,unknown,needs_review
mp-b6044ac6689c68eb,tpa-5f612bfff32912,provisional_singleton,no_safe_cross_activity_merge,unknown,needs_review
mp-d62dc0df9275920b,tpa-fd1eb71a2f277d,provisional_singleton,no_safe_cross_activity_merge,unknown,needs_review
mp-43df7420f80346c8,tpa-61fb38293c0116,provisional_singleton,no_safe_cross_activity_merge,unknown,needs_review
mp-17fdeac0a88853c8,tpa-553ba48b3c0a69,provisional_singleton,no_safe_cross_activity_merge,unknown,needs_review
mp-3f7d30ce5146e4a9,tpa-dd267489ef2eec,provisional_singleton,no_safe_cross_activity_merge,unknown,needs_review
mp-1c4757faff0c4531,tpa-5a91f9508277d0,provisional_singleton,no_safe_cross_activity_merge,unknown,needs_review
mp-586d809774688ed4,tpa-8cd9d2f19711fc,provisional_singleton,no_safe_cross_activity_merge,unknown,needs_review
mp-bd7167eba2deae5d,tpa-75f9ef4dfa87e2,provisional_singleton,no_safe_cross_activity_merge,unknown,needs_review
mp-6f935380c9d3fb42,tpa-a4e593c6f98d80,provisional_singleton,no_safe_cross_activity_merge,unknown,needs_review
mp-39005642fc92b751,tpa-70c391cf5ff2da,provisional_singleton,no_safe_cross_activity_merge,unknown,needs_review
mp-ed7e26e74369711f,tpa-d48b1567f3ccc1,provisional_singleton,no_safe_cross_activity_merge,unknown,needs_review
mp-ba09989267727482,tpa-b8a3e82b618294,provisional_singleton,no_safe_cross_activity_merge,unknown,needs_review
mp-0c8719deacde42dd,tpa-205848b16b91e4,provisional_singleton,no_safe_cross_activity_merge,unknown,needs_review
mp-3d90c6e875106eb1,tpa-1d4f8428b874f4,provisional_singleton,no_safe_cross_activity_merge,unknown,needs_review
mp-af401f0e19100b17,tpa-9c21ea3cc28b76,provisional_singleton,no_safe_cross_activity_merge,unknown,needs_review
mp-5e0a33fa62dc992d,tpa-45abbe416a38a8,provisional_singleton,no_safe_cross_activity_merge,unknown,needs_review
mp-65446756cb6a8908,tpa-c8635c93b6ad3f,provisional_singleton,no_safe_cross_activity_merge,unknown,needs_review
mp-6fd2670c5bb74e06,tpa-9bbc21623318a7,provisional_singleton,no_safe_cross_activity_merge,unknown,needs_review
mp-328015006364e919,tpa-3a19cc9655f43c,provisional_singleton,no_safe_cross_activity_merge,unknown,needs_review
mp-2c609c6969bf5add,tpa-2c0e273a62f467,provisional_singleton,no_safe_cross_activity_merge,unknown,needs_review
mp-a442f8e32cf12e7e,tpa-41238681b24c3a,provisional_singleton,no_safe_cross_activity_merge,unknown,needs_review
mp-5b7493f4c55fb443,tpa-ff08258c3a1992,provisional_singleton,no_safe_cross_activity_merge,unknown,needs_review
mp-ad62e425b09b4a2d,tpa-09bb8e982a2284,provisional_singleton,no_safe_cross_activity_merge,unknown,needs_review
mp-b9c52bdc59def986,tpa-4674e219be2dee,provisional_singleton,no_safe_cross_activity_merge,unknown,needs_review
mp-59859e699fbedfac,tpa-792f836fe05697,provisional_singleton,no_safe_cross_activity_merge,unknown,needs_review
mp-4d2295d9ba840387,tpa-3ec79fabab4cbb,provisional_singleton,no_safe_cross_activity_merge,unknown,needs_review
mp-c1596c38d9790c3e,tpa-edad4e99d5d2ec,provisional_singleton,no_safe_cross_activity_merge,unknown,needs_review
mp-0bbabe0cbf48047f,tpa-555da654a16a63,provisional_singleton,no_safe_cross_activity_merge,unknown,needs_review
mp-860571a0a891aa69,tpa-dcea348c83d11d,provisional_singleton,no_safe_cross_activity_merge,unknown,needs_review
mp-6a7e379d77826359,tpa-a991abf7a16711,provisional_singleton,no_safe_cross_activity_merge,unknown,needs_review
mp-695a24f366203a8c,tpa-31c25730cd0704,provisional_singleton,no_safe_cross_activity_merge,unknown,needs_review
mp-b5d4828538a97159,tpa-e1063ad5191fac,provisional_singleton,no_safe_cross_activity_merge,unknown,needs_review
mp-03cb21c8743d5ee7,tpa-e0bb0c70a63d0f,provisional_singleton,no_safe_cross_activity_merge,unknown,needs_review
mp-2158038af76570a4,tpa-4a20733feee759,provisional_singleton,no_safe_cross_activity_merge,unknown,needs_review
mp-b32df5f8185c61e1,tpa-2db7fb2eea1516,provisional_singleton,no_safe_cross_activity_merge,unknown,needs_review
mp-e03e608b6a58d266,tpa-0433a4fc97b4f8,provisional_singleton,no_safe_cross_activity_merge,unknown,needs_review
mp-83c8523d58033ef0,tpa-dc1fb87492a018,provisional_singleton,no_safe_cross_activity_merge,unknown,needs_review
mp-f9c73ecd72bf26fe,tpa-2686cbdc05fc88,provisional_singleton,no_safe_cross_activity_merge,unknown,needs_review
mp-e6a7754657f52e61,tpa-36ad6041610976,provisional_singleton,no_safe_cross_activity_merge,unknown,needs_review
mp-d42a6f0f5d2d2508,tpa-eeaf5c329d41df,provisional_singleton,no_safe_cross_activity_merge,unknown,needs_review
mp-7677e7b70d429e64,tpa-f75ff8f74a0147,provisional_singleton,no_safe_cross_activity_merge,unknown,needs_review
mp-bf6ae68503e99693,tpa-07386210c1aec3,provisional_singleton,no_safe_cross_activity_merge,unknown,needs_review
mp-0ff43b51c35513eb,tpa-33e82b0821cee9,provisional_singleton,no_safe_cross_activity_merge,unknown,needs_review
mp-abb37d1d0e4ed4b5,tpa-84bef5cc79d71f,provisional_singleton,no_safe_cross_activity_merge,unknown,needs_review
mp-98be44bf53e370f3,tpa-1a66c9793d8f29,provisional_singleton,no_safe_cross_activity_merge,unknown,needs_review
mp-1f0d4486a066e778,tpa-8de010d2e2653d,provisional_singleton,no_safe_cross_activity_merge,unknown,needs_review
mp-450be26e63174412,tpa-7c817e4de147b7,provisional_singleton,no_safe_cross_activity_merge,unknown,needs_review
mp-a7c66d184bc576d5,tpa-4a1872cabd5b40,provisional_singleton,no_safe_cross_activity_merge,unknown,needs_review
mp-791683ebf75f2651,tpa-ed0c33231eba56,provisional_singleton,no_safe_cross_activity_merge,unknown,needs_review
mp-2c3d4f1e3516931e,tpa-bca446a827024a,provisional_singleton,no_safe_cross_activity_merge,unknown,needs_review
mp-329988380be339a0,tpa-57f3a6db1c674f,provisional_singleton,no_safe_cross_activity_merge,unknown,needs_review
mp-b00d1fe46227dbfa,tpa-94b8d8e526d617,provisional_singleton,no_safe_cross_activity_merge,unknown,needs_review
mp-d4b92c10b21fd4d2,tpa-15de663c1b00e5,provisional_singleton,no_safe_cross_activity_merge,unknown,needs_review
mp-1ef15f9f0ebbefc6,tpa-5dca8ea39d3e2b,provisional_singleton,no_safe_cross_activity_merge,unknown,needs_review
mp-cbfddce7ae1fa98e,tpa-caead8f00074bd,provisional_singleton,no_safe_cross_activity_merge,unknown,needs_review
mp-a3fdf3a0363d6f62,tpa-96f98dc5109eb1,provisional_singleton,no_safe_cross_activity_merge,unknown,needs_review
mp-5603176854144efb,tpa-5c523f6238bc73,provisional_singleton,no_safe_cross_activity_merge,unknown,needs_review
mp-5874d4bc6328f8dd,tpa-519c3ccd82f732,provisional_singleton,no_safe_cross_activity_merge,unknown,needs_review
mp-f319bd0db13ddab5,tpa-ca56393b21c66d,provisional_singleton,no_safe_cross_activity_merge,unknown,needs_review
mp-1aedf6b99660fd03,tpa-20e011419fa111,provisional_singleton,no_safe_cross_activity_merge,unknown,needs_review
mp-0cc5309b7edc2b19,tpa-549f7009eded34,provisional_singleton,no_safe_cross_activity_merge,unknown,needs_review
mp-375b0dfe0c9a47a6,tpa-84e6c896ce32e4,provisional_singleton,no_safe_cross_activity_merge,unknown,needs_review
mp-a02741e009e07cd3,tpa-377d56d82eb830,provisional_singleton,no_safe_cross_activity_merge,unknown,needs_review
mp-3bca3b3b5d88b039,tpa-e4a0191800f6ed,provisional_singleton,no_safe_cross_activity_merge,unknown,needs_review
mp-a146fe7e410ca959,tpa-456f95aeba5e54,provisional_singleton,no_safe_cross_activity_merge,unknown,needs_review
mp-39507fb6173dae38,tpa-6f7604c3ade11e,provisional_singleton,no_safe_cross_activity_merge,unknown,needs_review
mp-6c2ae6a6a4397203,tpa-be679f4d82c977,provisional_singleton,no_safe_cross_activity_merge,unknown,needs_review
mp-dc439a8afdc7d630,tpa-76f2148448f94b,provisional_singleton,no_safe_cross_activity_merge,unknown,needs_review
mp-17b746fa99715aff,tpa-84354957166284,provisional_singleton,no_safe_cross_activity_merge,unknown,needs_review
mp-d929a1ced8482696,tpa-384ce7d81f57b9,provisional_singleton,no_safe_cross_activity_merge,unknown,needs_review
mp-08ae953fe0a782aa,tpa-682d61069572b6,provisional_singleton,no_safe_cross_activity_merge,unknown,needs_review
mp-28487cc882d94ddc,tpa-9533642f801cb7,provisional_singleton,no_safe_cross_activity_merge,unknown,needs_review
mp-6a3b3eecebbbbd8f,tpa-3fb9aceaef8ccf,provisional_singleton,no_safe_cross_activity_merge,unknown,needs_review
mp-1b510e900f6b89d3,tpa-1559cc9b6f20eb,provisional_singleton,no_safe_cross_activity_merge,unknown,needs_review
mp-a50de8e54ee4c81e,tpa-42acf09b565f0e,provisional_singleton,no_safe_cross_activity_merge,unknown,needs_review
mp-8e913148efffb8c1,tpa-b5ab66e1b12fd5,provisional_singleton,no_safe_cross_activity_merge,unknown,needs_review
mp-035201f75ec37405,tpa-0c5691140d7e23,provisional_singleton,no_safe_cross_activity_merge,unknown,needs_review
mp-48868de846ebc01a,tpa-90dcf3f8596a11,provisional_singleton,no_safe_cross_activity_merge,unknown,needs_review
mp-3ba1b0b0990ed4d3,tpa-3b09a6b592768f,provisional_singleton,no_safe_cross_activity_merge,unknown,needs_review
mp-deb366aa1ba70389,tpa-e4c392e2b6ec05,provisional_singleton,no_safe_cross_activity_merge,unknown,needs_review
mp-ec34eb722ccd2e69,tpa-9bc96031421142,provisional_singleton,no_safe_cross_activity_merge,unknown,needs_review
mp-78007a1190418738,tpa-14f8dade2e093c,provisional_singleton,no_safe_cross_activity_merge,unknown,needs_review
mp-dff7bfe310f5b0eb,tpa-c7fcdb0613f164,provisional_singleton,no_safe_cross_activity_merge,unknown,needs_review
mp-27c5012f96d4aa0f,tpa-797255aec523dc,provisional_singleton,no_safe_cross_activity_merge,unknown,needs_review
mp-26069d1e5f627e52,tpa-dfac8edadac61f,provisional_singleton,no_safe_cross_activity_merge,unknown,needs_review
mp-a86c3f6ee3d7019d,tpa-f9ac160343ca9a,provisional_singleton,no_safe_cross_activity_merge,unknown,needs_review
mp-7a5ff77e6d9caf3e,tpa-4d808296c5f713,provisional_singleton,no_safe_cross_activity_merge,unknown,needs_review
mp-78fbdde09d08cfff,tpa-42654d99cdb767,provisional_singleton,no_safe_cross_activity_merge,unknown,needs_review
mp-11e60b6b90dc313d,tpa-4981ad9dd77cdd,provisional_singleton,no_safe_cross_activity_merge,unknown,needs_review
mp-14bd9c39ac8fb0fc,tpa-39cf405d63453e,provisional_singleton,no_safe_cross_activity_merge,unknown,needs_review
mp-c14d17388fac0bcf,tpa-200f88039821a7,provisional_singleton,no_safe_cross_activity_merge,unknown,needs_review
mp-c17ea2391fc3b751,tpa-4d9b2a00b87ac3,provisional_singleton,no_safe_cross_activity_merge,unknown,needs_review
mp-9cf976704923c1ca,tpa-b08a478defb682,provisional_singleton,no_safe_cross_activity_merge,unknown,needs_review
mp-0e416d804e335f4d,tpa-fce7b6eddc250f,provisional_singleton,no_safe_cross_activity_merge,unknown,needs_review
mp-e17e9d757f838a53,tpa-f6ffee0a6a6506,provisional_singleton,no_safe_cross_activity_merge,unknown,needs_review
mp-25351d6f9c40e8c0,tpa-b6f067fa26da50,provisional_singleton,no_safe_cross_activity_merge,unknown,needs_review
mp-b81e860f7ab80dc9,tpa-b4455e8216c949,provisional_singleton,no_safe_cross_activity_merge,unknown,needs_review
mp-88fe2002fd96a218,tpa-4af80674f09233,provisional_singleton,no_safe_cross_activity_merge,unknown,needs_review
mp-c6ff593388f60ae1,tpa-4c0bb7c9c0dad5,provisional_singleton,no_safe_cross_activity_merge,unknown,needs_review
mp-5b9540f1b6eae349,tpa-6bcec22204aad4,provisional_singleton,no_safe_cross_activity_merge,unknown,needs_review
mp-2bfd0458d04d35a7,tpa-0a5854f4f1bd36,provisional_singleton,no_safe_cross_activity_merge,unknown,needs_review
mp-359301f98690ada7,tpa-bbeb352a95137f,provisional_singleton,no_safe_cross_activity_merge,unknown,needs_review
mp-156d50e976000491,tpa-596a9ffef97855,provisional_singleton,no_safe_cross_activity_merge,unknown,needs_review
mp-9585920990ae6f3c,tpa-c8ce63338a858d,provisional_singleton,no_safe_cross_activity_merge,unknown,needs_review
mp-becbe6373673fa68,tpa-fd3b3d3c6a1a7e,provisional_singleton,no_safe_cross_activity_merge,unknown,needs_review
mp-3c555f2db745f09b,tpa-ccec604738d790,provisional_singleton,no_safe_cross_activity_merge,unknown,needs_review
mp-f8ff7da8487cf28e,tpa-25c659d0704360,provisional_singleton,no_safe_cross_activity_merge,unknown,needs_review
mp-5cd64bc3cad8c9da,tpa-e84b6bc408e2dc,provisional_singleton,no_safe_cross_activity_merge,unknown,needs_review
mp-482bbce4e5d9fb9a,tpa-a054ddedfc6133,provisional_singleton,no_safe_cross_activity_merge,unknown,needs_review
mp-a9aaf288887e8721,tpa-3981118ce52fa9,provisional_singleton,no_safe_cross_activity_merge,unknown,needs_review
mp-25ca85a898e48d88,tpa-c40f286f0c08fb,provisional_singleton,no_safe_cross_activity_merge,unknown,needs_review
mp-766844ba653d2548,tpa-a0af89e338e21e,provisional_singleton,no_safe_cross_activity_merge,unknown,needs_review
mp-d88e8bd547135a32,tpa-d37b3c695504bc,provisional_singleton,no_safe_cross_activity_merge,unknown,needs_review
mp-54f2f17016247c11,tpa-fd6ed3e7076aae,provisional_singleton,no_safe_cross_activity_merge,unknown,needs_review
mp-21fe57026b04f8e9,tpa-7df07e8a7d644b,provisional_singleton,no_safe_cross_activity_merge,unknown,needs_review
mp-b1136d76f0d0376c,tpa-9b8195c0d91c90,provisional_singleton,no_safe_cross_activity_merge,unknown,needs_review
mp-b5d3c29acd0465a3,tpa-74889adc5280a6,provisional_singleton,no_safe_cross_activity_merge,unknown,needs_review
mp-11c2bf7faed428ea,tpa-6723a5f629fa2e,provisional_singleton,no_safe_cross_activity_merge,unknown,needs_review
mp-58c92b3795997140,tpa-e3fb4cd5fbd6f3,provisional_singleton,no_safe_cross_activity_merge,unknown,needs_review
mp-64876d762c755caa,tpa-395bd41f6aa687,provisional_singleton,no_safe_cross_activity_merge,unknown,needs_review
mp-65dc2c4204594047,tpa-d50e0e77c40a12,provisional_singleton,no_safe_cross_activity_merge,unknown,needs_review
mp-59cb7c5f62b27428,tpa-ef442609ca9471,provisional_singleton,no_safe_cross_activity_merge,unknown,needs_review
mp-ca12df82bd1b5d7d,tpa-9e73691c086e16,provisional_singleton,no_safe_cross_activity_merge,unknown,needs_review
mp-5fc178d905ff2899,tpa-981d88bf82a361,provisional_singleton,no_safe_cross_activity_merge,unknown,needs_review
mp-c9a74fa359347a32,tpa-c6ff73c90bc206,provisional_singleton,no_safe_cross_activity_merge,unknown,needs_review
mp-840827e68e8dfd59,tpa-0294796bd57629,provisional_singleton,no_safe_cross_activity_merge,unknown,needs_review
mp-51a261e18c8d34b6,tpa-45c786533d4e8e,provisional_singleton,no_safe_cross_activity_merge,unknown,needs_review
mp-4337e987e7a8026c,tpa-bcccaa76a25d2e,provisional_singleton,no_safe_cross_activity_merge,unknown,needs_review
mp-68ccacd0c13d24a3,tpa-78983f3f2f8f4f,provisional_singleton,no_safe_cross_activity_merge,unknown,needs_review
mp-94853200b6967246,tpa-2413a2fdfa0c05,provisional_singleton,no_safe_cross_activity_merge,unknown,needs_review
mp-d1538619df4eadb2,tpa-7ba6199bd6ceb8,provisional_singleton,no_safe_cross_activity_merge,unknown,needs_review
mp-972943863f5da147,tpa-f140a64e823f21,provisional_singleton,no_safe_cross_activity_merge,unknown,needs_review
mp-a3744720116bc9a2,tpa-9bb3ad7f052c09,provisional_singleton,no_safe_cross_activity_merge,unknown,needs_review
mp-bc91bcf301739621,tpa-734c94808ef63c,provisional_singleton,no_safe_cross_activity_merge,unknown,needs_review
mp-5f5cb942d3087547,tpa-921bc3f83ea22a,provisional_singleton,no_safe_cross_activity_merge,unknown,needs_review
mp-0737b73cbfec5c7f,tpa-e0b3ae784949d2,provisional_singleton,no_safe_cross_activity_merge,unknown,needs_review
mp-e11e47e2b8579adc,tpa-a62da72980b2e9,provisional_singleton,no_safe_cross_activity_merge,unknown,needs_review
mp-ea88cc2b5ecda55b,tpa-dc99a8743a616f,provisional_singleton,no_safe_cross_activity_merge,unknown,needs_review
mp-ce99f779b130cb39,tpa-ff9192642e74db,provisional_singleton,no_safe_cross_activity_merge,unknown,needs_review
mp-7934bb979429e3be,tpa-961d26a8666f87,provisional_singleton,no_safe_cross_activity_merge,unknown,needs_review
mp-f153861c99f5accb,tpa-a774dc555eb167,provisional_singleton,no_safe_cross_activity_merge,unknown,needs_review
mp-c30360504b49c92c,tpa-fc7eb5bc85a757,provisional_singleton,no_safe_cross_activity_merge,unknown,needs_review
mp-d1ec885cd4bb2aaa,tpa-d1615793b23de1,provisional_singleton,no_safe_cross_activity_merge,unknown,needs_review
mp-bf6e1e5e182f6417,tpa-2bba60a73e4e0f,provisional_singleton,no_safe_cross_activity_merge,unknown,needs_review
mp-9e5a5a0b5ed26134,tpa-2d2d42341a6d4c,provisional_singleton,no_safe_cross_activity_merge,unknown,needs_review
mp-fdbd670f60694ca2,tpa-afeaa816c824b8,provisional_singleton,no_safe_cross_activity_merge,unknown,needs_review
mp-144a466c4f2d03de,tpa-4d413d6be3cbf7,provisional_singleton,no_safe_cross_activity_merge,unknown,needs_review
mp-c69844e32d4dcaa4,tpa-11d0e4b61a3fe9,provisional_singleton,no_safe_cross_activity_merge,unknown,needs_review
mp-ad2aa9ca8701e8fa,tpa-b077b0eb4af3e4,provisional_singleton,no_safe_cross_activity_merge,unknown,needs_review
mp-83ed4391507f81ca,tpa-80d80dd0c9f245,provisional_singleton,no_safe_cross_activity_merge,unknown,needs_review
mp-1c07ca222f0eaefe,tpa-9eca638e801c8e,provisional_singleton,no_safe_cross_activity_merge,unknown,needs_review
mp-0142f4615eebb150,tpa-2c1eb6e3ef74ae,provisional_singleton,no_safe_cross_activity_merge,unknown,needs_review
mp-e32f4f02747ceebe,tpa-a0fcc329f98664,provisional_singleton,no_safe_cross_activity_merge,unknown,needs_review
mp-742a68efba2d1d85,tpa-042ee19508aab7,provisional_singleton,no_safe_cross_activity_merge,unknown,needs_review
mp-c5d283fd0d6ba940,tpa-9b1d64a7e3328d,provisional_singleton,no_safe_cross_activity_merge,unknown,needs_review
mp-3551666c3d0a7a08,tpa-8f2328ada33925,provisional_singleton,no_safe_cross_activity_merge,unknown,needs_review
mp-8b77a65fe3799648,tpa-828222b429465b,provisional_singleton,no_safe_cross_activity_merge,unknown,needs_review
mp-070c00e11aa7da19,tpa-4b8f4954bc718f,provisional_singleton,no_safe_cross_activity_merge,unknown,needs_review
mp-53ffb2ce5a009084,tpa-b2287f3bd9d6af,provisional_singleton,no_safe_cross_activity_merge,unknown,needs_review
mp-3160dfc6b3e08390,tpa-f3be3a5129f0d3,provisional_singleton,no_safe_cross_activity_merge,unknown,needs_review
mp-bc5733c0ffa3a777,tpa-7a273fea616d54,provisional_singleton,no_safe_cross_activity_merge,unknown,needs_review
mp-4163b22dcd9b2431,tpa-8fdcfcb4def962,provisional_singleton,no_safe_cross_activity_merge,unknown,needs_review
mp-af916736f0bef49c,tpa-4cf88b2ceaec69,provisional_singleton,no_safe_cross_activity_merge,unknown,needs_review
mp-319317f05739e612,tpa-54ff524ddc9eed,provisional_singleton,no_safe_cross_activity_merge,unknown,needs_review
mp-3d221e823fe9efbb,tpa-b5b807c6be22c4,provisional_singleton,no_safe_cross_activity_merge,unknown,needs_review
mp-a7997c8a29eab929,tpa-22e1c5704487c3,provisional_singleton,no_safe_cross_activity_merge,unknown,needs_review
mp-cfec0a68064e873d,tpa-0a90fc82c7f60e,provisional_singleton,no_safe_cross_activity_merge,unknown,needs_review
mp-b3e905237088d4e9,tpa-165c0bd016a8bb,provisional_singleton,no_safe_cross_activity_merge,unknown,needs_review
mp-9f8ef7447cfca05f,tpa-4f3dcd6e08c20e,provisional_singleton,no_safe_cross_activity_merge,unknown,needs_review
mp-d4e539436b869586,tpa-77a8e6dabe4b2c,provisional_singleton,no_safe_cross_activity_merge,unknown,needs_review
mp-7483bf8d9e08cee3,tpa-6497136056f0e4,provisional_singleton,no_safe_cross_activity_merge,unknown,needs_review
mp-ba208e97cf468e05,tpa-7bb3d894efb20d,provisional_singleton,no_safe_cross_activity_merge,unknown,needs_review
mp-cfcb5ff62ae5dc0b,tpa-87df2fc6824f82,provisional_singleton,no_safe_cross_activity_merge,unknown,needs_review
mp-c50c67e108f6bfa2,tpa-f99894e5d0eede,provisional_singleton,no_safe_cross_activity_merge,unknown,needs_review
mp-53ef7282692ebfd9,tpa-192af2d6a35eb7,provisional_singleton,no_safe_cross_activity_merge,unknown,needs_review
mp-6a4ac6febf8abc9f,tpa-b78675a8ea9248,provisional_singleton,no_safe_cross_activity_merge,unknown,needs_review
mp-fae44401698a648c,tpa-d84cfd32cc500c,provisional_singleton,no_safe_cross_activity_merge,unknown,needs_review
mp-2a21d1f712e3517f,tpa-ef85934bdad44b,provisional_singleton,no_safe_cross_activity_merge,unknown,needs_review
mp-1eb4371c6ae01449,tpa-82fb7e12470bc6,provisional_singleton,no_safe_cross_activity_merge,unknown,needs_review
mp-cec1ed828926e998,tpa-547aaa9b2aa0e8,provisional_singleton,no_safe_cross_activity_merge,unknown,needs_review
mp-8c8b6556b011325f,tpa-f8e7a8ea616fe4,provisional_singleton,no_safe_cross_activity_merge,unknown,needs_review
mp-b51a7e87e3fa8268,tpa-dda2d4f1190680,provisional_singleton,no_safe_cross_activity_merge,unknown,needs_review
mp-40a5fe45aeeb70a9,tpa-37874cdc7a0bbb,provisional_singleton,no_safe_cross_activity_merge,unknown,needs_review
mp-4432ce06a16d6597,tpa-59276e63a76570,provisional_singleton,no_safe_cross_activity_merge,unknown,needs_review
mp-0094ba893dd1418b,tpa-f19d29bac141b4,provisional_singleton,no_safe_cross_activity_merge,unknown,needs_review
mp-ee5ef2d41a0c9054,tpa-ded55eea87038c,provisional_singleton,no_safe_cross_activity_merge,unknown,needs_review
mp-d0673b47e0149084,tpa-66df230373aa8a,provisional_singleton,no_safe_cross_activity_merge,unknown,needs_review
mp-124a98928ea16a94,tpa-6cd24b8246e782,provisional_singleton,no_safe_cross_activity_merge,unknown,needs_review
mp-c47cb7b54fdb1ec1,tpa-4da4ed54b23d0b,provisional_singleton,no_safe_cross_activity_merge,unknown,needs_review
mp-47273029c8c5ecbd,tpa-605bc42d317d0a,provisional_singleton,no_safe_cross_activity_merge,unknown,needs_review
mp-f8573fdd02e7637a,tpa-1a8940b3c32fba,provisional_singleton,no_safe_cross_activity_merge,unknown,needs_review
mp-c88c8563284154cd,tpa-4890d705ea295a,provisional_singleton,no_safe_cross_activity_merge,unknown,needs_review
mp-8e7378a343f810f8,tpa-ae460b764c71b7,provisional_singleton,no_safe_cross_activity_merge,unknown,needs_review
mp-7b7d3469682ee53d,tpa-d1794e000a8940,provisional_singleton,no_safe_cross_activity_merge,unknown,needs_review
mp-e2f4b4a4a10ba060,tpa-2b308af3adaa6d,provisional_singleton,no_safe_cross_activity_merge,unknown,needs_review
mp-a9f06cd856cbd9aa,tpa-ec2473fe33243f,provisional_singleton,no_safe_cross_activity_merge,unknown,needs_review
mp-3d30d1b839e6df07,tpa-75372df50eac29,provisional_singleton,no_safe_cross_activity_merge,unknown,needs_review
mp-fa9f19c68dd04efe,tpa-4065054208e488,provisional_singleton,no_safe_cross_activity_merge,unknown,needs_review
mp-1f5d767dde050944,tpa-4cb9e1a256a2a5,provisional_singleton,no_safe_cross_activity_merge,unknown,needs_review
mp-63a7baaffb4867a1,tpa-03e9ade1d0ab5e,provisional_singleton,no_safe_cross_activity_merge,unknown,needs_review
mp-dfca39cfe38eb6af,tpa-1b7e5cf477cb8c,provisional_singleton,no_safe_cross_activity_merge,unknown,needs_review
mp-c2f2ab62ced2d622,tpa-bae748f27e3f13,provisional_singleton,no_safe_cross_activity_merge,unknown,needs_review
mp-45024e38ea92f95a,tpa-98c21c2a868b1b,provisional_singleton,no_safe_cross_activity_merge,unknown,needs_review
mp-678d492b6ba9243b,tpa-ad783bd8816072,provisional_singleton,no_safe_cross_activity_merge,unknown,needs_review
mp-6efab2960f11d3bd,tpa-527e1ea56add16,provisional_singleton,no_safe_cross_activity_merge,unknown,needs_review
mp-8d33fc76900cab2b,tpa-0899f92d0558ac,provisional_singleton,no_safe_cross_activity_merge,unknown,needs_review
mp-23a767e451f086a5,tpa-80702c7a4addc9,provisional_singleton,no_safe_cross_activity_merge,unknown,needs_review
mp-bbd80b379f73106c,tpa-3939b5e4f9d9e0,provisional_singleton,no_safe_cross_activity_merge,unknown,needs_review
mp-5d0b508602bf5eab,tpa-6851ca3e85ad0b,provisional_singleton,no_safe_cross_activity_merge,unknown,needs_review
mp-2a33027ecab23404,tpa-e26d72c53954a7,provisional_singleton,no_safe_cross_activity_merge,unknown,needs_review
mp-aae2977a35a0d4ed,tpa-d1f109849b4e6a,provisional_singleton,no_safe_cross_activity_merge,unknown,needs_review
mp-b80fadf5df07b563,tpa-ad7bdaf0180c52,provisional_singleton,no_safe_cross_activity_merge,unknown,needs_review
mp-a095697c8474bbf0,tpa-2b19325bc508a3,provisional_singleton,no_safe_cross_activity_merge,unknown,needs_review
mp-51373e2db3cc41a2,tpa-ef303d8746687b,provisional_singleton,no_safe_cross_activity_merge,unknown,needs_review
mp-dee7d4f26636c354,tpa-d69c1dc2311d17,provisional_singleton,no_safe_cross_activity_merge,unknown,needs_review
mp-83a1599f16d26651,tpa-413e1b1967f1f0,provisional_singleton,no_safe_cross_activity_merge,unknown,needs_review
mp-2d06f8f83859c561,tpa-ae9fcd3b1b8fe7,provisional_singleton,no_safe_cross_activity_merge,unknown,needs_review
mp-051b48ecceb200a3,tpa-81289c8a409cdd,provisional_singleton,no_safe_cross_activity_merge,unknown,needs_review
mp-a556d2321e244bf1,tpa-e2fbd1ce0acb9a,provisional_singleton,no_safe_cross_activity_merge,unknown,needs_review
mp-8bb96d52a29374f4,tpa-cdd6830b84bb3c,provisional_singleton,no_safe_cross_activity_merge,unknown,needs_review
mp-a9555492e73747ad,tpa-84e0acc8f1a87c,provisional_singleton,no_safe_cross_activity_merge,unknown,needs_review
mp-c6c3d4b0a002698e,tpa-a4d6cbfebc8e8f,provisional_singleton,no_safe_cross_activity_merge,unknown,needs_review
mp-bdb2fb1717f6b9c0,tpa-6169252284da84,provisional_singleton,no_safe_cross_activity_merge,unknown,needs_review
mp-20fe8b54056413b8,tpa-a99395ffc95e0b,provisional_singleton,no_safe_cross_activity_merge,unknown,needs_review
mp-400e3e3be9dbd031,tpa-a9df9d91301bfc,provisional_singleton,no_safe_cross_activity_merge,unknown,needs_review
mp-3aa270620a126a02,tpa-99954025dabf54,provisional_singleton,no_safe_cross_activity_merge,unknown,needs_review
mp-e48fce925d853abc,tpa-6cd0c0292556c9,provisional_singleton,no_safe_cross_activity_merge,unknown,needs_review
mp-84d3f2271ae1ae62,tpa-4d8f5eaa4d6872,provisional_singleton,no_safe_cross_activity_merge,unknown,needs_review
mp-c8a870ee1c7e1ca6,tpa-c8bd1ede6078ca,provisional_singleton,no_safe_cross_activity_merge,unknown,needs_review
mp-7af42f03b1bdb96d,tpa-902da4944a805f,provisional_singleton,no_safe_cross_activity_merge,unknown,needs_review
mp-cd8691172792913b,tpa-c57ea4b6cd1ba7,provisional_singleton,no_safe_cross_activity_merge,unknown,needs_review
mp-c712fb16319ef676,tpa-a0d5413b130e88,provisional_singleton,no_safe_cross_activity_merge,unknown,needs_review
mp-ed7faa6e202b24fa,tpa-82614f99a1606c,provisional_singleton,no_safe_cross_activity_merge,unknown,needs_review
mp-91e3855f7dae75f6,tpa-40020e249aec33,provisional_singleton,no_safe_cross_activity_merge,unknown,needs_review
mp-44147d05eb702841,tpa-a0849b09a463d2,provisional_singleton,no_safe_cross_activity_merge,unknown,needs_review
mp-4c41a5f8e78a1419,tpa-fdf6bde6fc0a36,provisional_singleton,no_safe_cross_activity_merge,unknown,needs_review
mp-bab2cba4d5a53ae2,tpa-52e70c47ecfe23,provisional_singleton,no_safe_cross_activity_merge,unknown,needs_review
mp-2731da8e20943072,tpa-277231a57f13b6,provisional_singleton,no_safe_cross_activity_merge,unknown,needs_review
mp-524758a2b85b60e5,tpa-7b3dbee02a0066,provisional_singleton,no_safe_cross_activity_merge,unknown,needs_review
mp-fc4f00de825284e7,tpa-ffa1a1b1ea1e68,provisional_singleton,no_safe_cross_activity_merge,unknown,needs_review
mp-64a5734fdb43b7c5,tpa-902ab34058e95f,provisional_singleton,no_safe_cross_activity_merge,unknown,needs_review
mp-ed07ff4eb9e016b9,tpa-4d23dd3b90dfd8,provisional_singleton,no_safe_cross_activity_merge,unknown,needs_review
mp-3aa2c19393d2da13,tpa-77bca1359aafa8,provisional_singleton,no_safe_cross_activity_merge,unknown,needs_review
mp-dc2a770372de9080,tpa-0886934214383e,provisional_singleton,no_safe_cross_activity_merge,unknown,needs_review
mp-7853ccdcbe38e3aa,tpa-ac2075dc4a420c,provisional_singleton,no_safe_cross_activity_merge,unknown,needs_review
mp-76328e1d142e3a41,tpa-573c40900a5d1b,provisional_singleton,no_safe_cross_activity_merge,unknown,needs_review
mp-a50d44855259e4e1,tpa-5cf16a81ee5efd,provisional_singleton,no_safe_cross_activity_merge,unknown,needs_review
mp-a7df960b53191540,tpa-6eeb059361be66,provisional_singleton,no_safe_cross_activity_merge,unknown,needs_review
mp-dce556b894de3286,tpa-702ef8d44dd0f7,provisional_singleton,no_safe_cross_activity_merge,unknown,needs_review
mp-2469128f43e089f8,tpa-1e1e3067ea027e,provisional_singleton,no_safe_cross_activity_merge,unknown,needs_review
mp-bea67d024e60a68d,tpa-54fe52fa332d49,provisional_singleton,no_safe_cross_activity_merge,unknown,needs_review
mp-ec7451bacdd190a3,tpa-5ed48fd61ab941,provisional_singleton,no_safe_cross_activity_merge,unknown,needs_review
mp-af2a5a3a9bacad60,tpa-123af623dee9b0,provisional_singleton,no_safe_cross_activity_merge,unknown,needs_review
mp-72f0445cac11a27c,tpa-db2f95ad156d99,provisional_singleton,no_safe_cross_activity_merge,unknown,needs_review
mp-905c9e338cb37ef6,tpa-df597d7b38cf47,provisional_singleton,no_safe_cross_activity_merge,unknown,needs_review
mp-6abbef3c975508fc,tpa-981facf6155b25,provisional_singleton,no_safe_cross_activity_merge,unknown,needs_review
mp-0ef3d95b3b803c67,tpa-87dd6e4d63239c,provisional_singleton,no_safe_cross_activity_merge,unknown,needs_review
mp-5556b646318f0741,tpa-b81cca38d9f10d,provisional_singleton,no_safe_cross_activity_merge,unknown,needs_review
mp-5473ac4d4518a1c6,tpa-4824e277924415,provisional_singleton,no_safe_cross_activity_merge,unknown,needs_review
mp-e1f633781d2da0a4,tpa-19d3aebb7bdd1b,provisional_singleton,no_safe_cross_activity_merge,unknown,needs_review
mp-6a31d2c66e3cd27c,tpa-e295b076b675a7,provisional_singleton,no_safe_cross_activity_merge,unknown,needs_review
mp-901e464f00799916,tpa-ca3c16bf857656,provisional_singleton,no_safe_cross_activity_merge,unknown,needs_review
mp-27f838ca255077b1,tpa-98a8a314d54233,provisional_singleton,no_safe_cross_activity_merge,unknown,needs_review
mp-f3905932c7afdc69,tpa-cdf956cb667e6e,provisional_singleton,no_safe_cross_activity_merge,unknown,needs_review
mp-95ef5e5cb5635036,tpa-d1b4ba15bfd523,provisional_singleton,no_safe_cross_activity_merge,unknown,needs_review
mp-189b68d4e7f5b088,tpa-5714f868b9bc75,provisional_singleton,no_safe_cross_activity_merge,unknown,needs_review
mp-c83652bfa37c7c99,tpa-1fb215206b849d,provisional_singleton,no_safe_cross_activity_merge,unknown,needs_review
mp-f3a286c3aaef53f4,tpa-f001f55b776437,provisional_singleton,no_safe_cross_activity_merge,unknown,needs_review
mp-cfb3a6e650afee41,tpa-79bb3f5f3055ed,provisional_singleton,no_safe_cross_activity_merge,unknown,needs_review
mp-7242b5ff5c3407db,tpa-52249d28cd7eb2,provisional_singleton,no_safe_cross_activity_merge,unknown,needs_review
mp-192cb468004e9c07,tpa-544d08962385c5,provisional_singleton,no_safe_cross_activity_merge,unknown,needs_review
mp-00587be2cc162c7c,tpa-5d752868a76c0a,provisional_singleton,no_safe_cross_activity_merge,unknown,needs_review
mp-57fbd000c1cc9d1e,tpa-fc5e4e68c8f73f,provisional_singleton,no_safe_cross_activity_merge,unknown,needs_review
mp-121065fd5004af5f,tpa-522ddb3d5f3f18,provisional_singleton,no_safe_cross_activity_merge,unknown,needs_review
mp-8ef0d96cdc651f39,tpa-4cc60103c22df7,provisional_singleton,no_safe_cross_activity_merge,unknown,needs_review
mp-5260154dab879ff4,tpa-4783da293c0f66,provisional_singleton,no_safe_cross_activity_merge,unknown,needs_review
mp-a3d7c7a41585de22,tpa-6f466745c78d53,provisional_singleton,no_safe_cross_activity_merge,unknown,needs_review
mp-da995fb82dc44de8,tpa-16248d509dfbeb,provisional_singleton,no_safe_cross_activity_merge,unknown,needs_review
mp-0069ccff3f14eae5,tpa-1d2a58540315ba,provisional_singleton,no_safe_cross_activity_merge,unknown,needs_review
mp-df939f8a5446a136,tpa-a16dd6a2ae7979,provisional_singleton,no_safe_cross_activity_merge,unknown,needs_review
mp-67534ec8adbcf33b,tpa-762a1c09447377,provisional_singleton,no_safe_cross_activity_merge,unknown,needs_review
mp-e6b8f0a8d4cf95e7,tpa-07316bb3ca21e4,provisional_singleton,no_safe_cross_activity_merge,unknown,needs_review
mp-2c7c4ac12665930e,tpa-45f3ec1be263ed,provisional_singleton,no_safe_cross_activity_merge,unknown,needs_review
mp-f1dc46338666a7b3,tpa-b8b6db7b654a27,provisional_singleton,no_safe_cross_activity_merge,unknown,needs_review
mp-faa4de7ed790378c,tpa-091ed6d5018ab8,provisional_singleton,no_safe_cross_activity_merge,unknown,needs_review
mp-ea421455a0fa8801,tpa-835286970c5efb,provisional_singleton,no_safe_cross_activity_merge,unknown,needs_review
mp-a115cc9a599c32c6,tpa-ecb47283380895,provisional_singleton,no_safe_cross_activity_merge,unknown,needs_review
mp-30c73d46da637567,tpa-30f00d8bdc76a1,provisional_singleton,no_safe_cross_activity_merge,unknown,needs_review
mp-0c1292efd7f19baf,tpa-fef467f677c2bc,provisional_singleton,no_safe_cross_activity_merge,unknown,needs_review
mp-5b16db0927e1e7d2,tpa-a8a2a8693add8e,provisional_singleton,no_safe_cross_activity_merge,unknown,needs_review
mp-31c41543731b7193,tpa-649e4659d61c40,provisional_singleton,no_safe_cross_activity_merge,unknown,needs_review
mp-b6a763a2e8794bd5,tpa-be2d034bfb7f71,provisional_singleton,no_safe_cross_activity_merge,unknown,needs_review
mp-b9bbcc7f4495f5f7,tpa-a94216cef15d4d,provisional_singleton,no_safe_cross_activity_merge,unknown,needs_review
mp-b371ed47aebf23ed,tpa-d137cbe67f28b7,provisional_singleton,no_safe_cross_activity_merge,unknown,needs_review
mp-e11facae4cc61d6c,tpa-8b3ab70c40788f,provisional_singleton,no_safe_cross_activity_merge,unknown,needs_review
mp-304f4e47d07fe6a2,tpa-979cb58005ca37,provisional_singleton,no_safe_cross_activity_merge,unknown,needs_review
mp-7d567750c9dfeb71,tpa-4723e8a7426e26,provisional_singleton,no_safe_cross_activity_merge,unknown,needs_review
mp-525d9e6bb784ce61,tpa-ec4a1ca62e8729,provisional_singleton,no_safe_cross_activity_merge,unknown,needs_review
mp-334446292d8a75d0,tpa-d7498a4e0c9fd3,provisional_singleton,no_safe_cross_activity_merge,unknown,needs_review
mp-b92b5fec79c4ee7b,tpa-c3dca42dfa4e17,provisional_singleton,no_safe_cross_activity_merge,unknown,needs_review
mp-73da00b3f0f31ff2,tpa-ef746e6fa0bdd8,provisional_singleton,no_safe_cross_activity_merge,unknown,needs_review
mp-2da1b2e72f298981,tpa-0249c4b0a38099,provisional_singleton,no_safe_cross_activity_merge,unknown,needs_review
mp-86e015d46bdfb4cc,tpa-9a158fb8df8089,provisional_singleton,no_safe_cross_activity_merge,unknown,needs_review
mp-f65e6810f45710d8,tpa-894a7c88cfc17c,provisional_singleton,no_safe_cross_activity_merge,unknown,needs_review
mp-5828991a5208ae97,tpa-e0a37fdd7fc000,provisional_singleton,no_safe_cross_activity_merge,unknown,needs_review
mp-81fd0ff627bc08dd,tpa-8f0315146c52f0,provisional_singleton,no_safe_cross_activity_merge,unknown,needs_review
mp-5aa00f49db756494,tpa-d98f2ca98367d2,provisional_singleton,no_safe_cross_activity_merge,unknown,needs_review
mp-ea36ba4ab44c5230,tpa-732367d1dfe337,provisional_singleton,no_safe_cross_activity_merge,unknown,needs_review
mp-722b03c66895119c,tpa-baad2c031f63cd,provisional_singleton,no_safe_cross_activity_merge,unknown,needs_review
mp-99791f2b08462c8a,tpa-9c3e0ed547c5f1,provisional_singleton,no_safe_cross_activity_merge,unknown,needs_review
mp-a3fcfd17837ea28b,tpa-0b6b1629c0146d,provisional_singleton,no_safe_cross_activity_merge,unknown,needs_review
mp-14e6613414b4d671,tpa-0d26d41093e8f9,provisional_singleton,no_safe_cross_activity_merge,unknown,needs_review
mp-f12a683c04667968,tpa-2616875fdcc869,provisional_singleton,no_safe_cross_activity_merge,unknown,needs_review
mp-0ffafc2b7e41f1f2,tpa-52a9b0bdfd2663,provisional_singleton,no_safe_cross_activity_merge,unknown,needs_review
mp-23c74cce64abaed0,tpa-0ba4a20a7efed0,provisional_singleton,no_safe_cross_activity_merge,unknown,needs_review
mp-b18ffaf18b10fecb,tpa-683ac62998f89d,provisional_singleton,no_safe_cross_activity_merge,unknown,needs_review
mp-8d6c42793a088917,tpa-210d13a79dbee0,provisional_singleton,no_safe_cross_activity_merge,unknown,needs_review
mp-9e1f2d28450f5ce5,tpa-51c7a3d7d246ab,provisional_singleton,no_safe_cross_activity_merge,unknown,needs_review
mp-fdb6716b2100a69b,tpa-621b3c55cd2034,provisional_singleton,no_safe_cross_activity_merge,unknown,needs_review
mp-9a15cf1ee66bbd47,tpa-77aeefa7cab39d,provisional_singleton,no_safe_cross_activity_merge,unknown,needs_review
mp-d0b291371ce257c0,tpa-5024ca315b5dc1,provisional_singleton,no_safe_cross_activity_merge,unknown,needs_review
mp-09b76b505924239d,tpa-dac7c97b0f8a80,provisional_singleton,no_safe_cross_activity_merge,unknown,needs_review
mp-3dfe93c87475b7b8,tpa-4c3b73f2ef8838,provisional_singleton,no_safe_cross_activity_merge,unknown,needs_review
mp-88d47ca8e1296c6c,tpa-3102c89fca1614,provisional_singleton,no_safe_cross_activity_merge,unknown,needs_review
mp-35e4a5f83fbdc533,tpa-1b98352611b123,provisional_singleton,no_safe_cross_activity_merge,unknown,needs_review
mp-6109d81114f1eb21,tpa-9498ee224a29fa,provisional_singleton,no_safe_cross_activity_merge,unknown,needs_review
mp-0d67e8697f4d71d2,tpa-175ef5d993b5b6,provisional_singleton,no_safe_cross_activity_merge,unknown,needs_review
mp-87cd7c90852f26d9,tpa-df1b0de5581b7a,provisional_singleton,no_safe_cross_activity_merge,unknown,needs_review
mp-3fa56fe9fdc031d0,tpa-5c43d09db1777c,provisional_singleton,no_safe_cross_activity_merge,unknown,needs_review
mp-d1272e0dc61d8d90,tpa-d40736c3d816c4,provisional_singleton,no_safe_cross_activity_merge,unknown,needs_review
mp-b1db51e168919f2c,tpa-84640926ce0129,provisional_singleton,no_safe_cross_activity_merge,unknown,needs_review
mp-49c190b3d0b50386,tpa-356c90c8a28766,provisional_singleton,no_safe_cross_activity_merge,unknown,needs_review
mp-abeb3d0114a5d931,tpa-6b566ff271f5da,provisional_singleton,no_safe_cross_activity_merge,unknown,needs_review
mp-c1f73643a233ab98,tpa-9ddfa404d5ef49,provisional_singleton,no_safe_cross_activity_merge,unknown,needs_review
mp-46e614076f126937,tpa-3df077988e2f4d,provisional_singleton,no_safe_cross_activity_merge,unknown,needs_review
mp-5dfed7af019921ca,tpa-9d80e6ce25cfc0,provisional_singleton,no_safe_cross_activity_merge,unknown,needs_review
mp-7effdfd85575e1f9,tpa-dc80d48d7c0814,provisional_singleton,no_safe_cross_activity_merge,unknown,needs_review
mp-09e2c91f3c4fd78c,tpa-263603d0779657,provisional_singleton,no_safe_cross_activity_merge,unknown,needs_review
mp-dd80559436e7324b,tpa-c3eb9a831dc8d7,provisional_singleton,no_safe_cross_activity_merge,unknown,needs_review
mp-dcf3081ace351878,tpa-182a27269aaf1a,provisional_singleton,no_safe_cross_activity_merge,unknown,needs_review
mp-c2715b23d75d160a,tpa-24aed76404b2ad,provisional_singleton,no_safe_cross_activity_merge,unknown,needs_review
mp-dcb3bb7188b476d7,tpa-78ee6eb5ea23a5,provisional_singleton,no_safe_cross_activity_merge,unknown,needs_review
mp-34cfd299d46fa3f5,tpa-0788a00d0b5b0c,provisional_singleton,no_safe_cross_activity_merge,unknown,needs_review
mp-803c2e73c6170293,tpa-9d70495011c9ac,provisional_singleton,no_safe_cross_activity_merge,unknown,needs_review
mp-70e61478c32472e8,tpa-d023e7483d1e49,provisional_singleton,no_safe_cross_activity_merge,unknown,needs_review
mp-d849299d26ffc540,tpa-978dc0d8e94b03,provisional_singleton,no_safe_cross_activity_merge,unknown,needs_review
mp-37befe494a3e8c8f,tpa-43e396bdb6a253,provisional_singleton,no_safe_cross_activity_merge,unknown,needs_review
mp-c101020819185151,tpa-820779ff656f7d,provisional_singleton,no_safe_cross_activity_merge,unknown,needs_review
mp-d277c998d3c1322c,tpa-71645d3fbbb07b,provisional_singleton,no_safe_cross_activity_merge,unknown,needs_review
mp-95f033fec0087a1f,tpa-7a3348752489a1,provisional_singleton,no_safe_cross_activity_merge,unknown,needs_review
mp-81206c60393431ba,tpa-d840cbc75b7140,provisional_singleton,no_safe_cross_activity_merge,unknown,needs_review
mp-10e7876ae7137ce7,tpa-ae1b30ef026e69,provisional_singleton,no_safe_cross_activity_merge,unknown,needs_review
mp-056376b07b52299c,tpa-73b495ce4cc4e4,provisional_singleton,no_safe_cross_activity_merge,unknown,needs_review
mp-fb86e08d57fa4ffa,tpa-811fdff1550029,provisional_singleton,no_safe_cross_activity_merge,unknown,needs_review
mp-a93b8349a140c978,tpa-6112a2a51b6c02,provisional_singleton,no_safe_cross_activity_merge,unknown,needs_review
mp-ac5cad73543db22c,tpa-66afe5cde4f510,provisional_singleton,no_safe_cross_activity_merge,unknown,needs_review
mp-3bd4f2990754f36b,tpa-f290ae7e2c7f61,provisional_singleton,no_safe_cross_activity_merge,unknown,needs_review
mp-6e6562c5a7545aef,tpa-a221d47227286f,provisional_singleton,no_safe_cross_activity_merge,unknown,needs_review
mp-578a8cbd265998d0,tpa-b2b6159a80a720,provisional_singleton,no_safe_cross_activity_merge,unknown,needs_review
mp-ffe8a7fccf62ef3b,tpa-91cbde926550d1,provisional_singleton,no_safe_cross_activity_merge,unknown,needs_review
mp-622e44970838da9e,tpa-ce024800da7bc8,provisional_singleton,no_safe_cross_activity_merge,unknown,needs_review
mp-17ba1e774276fae4,tpa-284152b9f102db,provisional_singleton,no_safe_cross_activity_merge,unknown,needs_review
mp-6ad3aa844e3621ad,tpa-31fe8a35f36f80,provisional_singleton,no_safe_cross_activity_merge,unknown,needs_review
mp-8745bc811a52b955,tpa-c10fdeb82a01dd,provisional_singleton,no_safe_cross_activity_merge,unknown,needs_review
mp-b075e19fc7b2bc49,tpa-e82e840e1aac22,provisional_singleton,no_safe_cross_activity_merge,unknown,needs_review
mp-94010d9b2c0b6e44,tpa-0dc54cd6ca25bf,provisional_singleton,no_safe_cross_activity_merge,unknown,needs_review
mp-268e9eb149c8e795,tpa-bfeeb1536ed268,provisional_singleton,no_safe_cross_activity_merge,unknown,needs_review
mp-18084566189c658b,tpa-a0a8c6da029ea1,provisional_singleton,no_safe_cross_activity_merge,unknown,needs_review
mp-44e68b9d54fde20d,tpa-5f82f2f2a59668,provisional_singleton,no_safe_cross_activity_merge,unknown,needs_review
mp-65b05dd004997c8a,tpa-c991ce9785c639,provisional_singleton,no_safe_cross_activity_merge,unknown,needs_review
mp-ee02e8ee7830b0a1,tpa-f78f0b6c12313e,provisional_singleton,no_safe_cross_activity_merge,unknown,needs_review
mp-a6711afbda7002c9,tpa-3b89c5045b9f69,provisional_singleton,no_safe_cross_activity_merge,unknown,needs_review
mp-bfb820a1bbc79c41,tpa-93f0f0b4066290,provisional_singleton,no_safe_cross_activity_merge,unknown,needs_review
mp-7573c6f9abf7bd3a,tpa-385c72a6313f3b,provisional_singleton,no_safe_cross_activity_merge,unknown,needs_review
mp-baea7a3bea5702eb,tpa-0dc19b56172530,provisional_singleton,no_safe_cross_activity_merge,unknown,needs_review
mp-ba95759d9f064aaf,tpa-bfb2d87c3355f9,provisional_singleton,no_safe_cross_activity_merge,unknown,needs_review
mp-bc2f0ac5841b2760,tpa-8342cecc52f3ac,provisional_singleton,no_safe_cross_activity_merge,unknown,needs_review
mp-1b590a0c60acffce,tpa-dcef692960a9f8,provisional_singleton,no_safe_cross_activity_merge,unknown,needs_review
mp-55cbe9b648993b85,tpa-ec9b31b76f2163,provisional_singleton,no_safe_cross_activity_merge,unknown,needs_review
mp-587e380db10b0784,tpa-0a4a9c5cf04c81,provisional_singleton,no_safe_cross_activity_merge,unknown,needs_review
mp-bce4d4091fd7b0bd,tpa-ac7dd00367d2fc,provisional_singleton,no_safe_cross_activity_merge,unknown,needs_review
mp-680a827d881d7ee6,tpa-eebd14d21e7b37,provisional_singleton,no_safe_cross_activity_merge,unknown,needs_review
mp-e5a2f85f37f2217d,tpa-172232a4e40341,provisional_singleton,no_safe_cross_activity_merge,unknown,needs_review
mp-fbaf016b023a8c6c,tpa-dc034e25018c9a,provisional_singleton,no_safe_cross_activity_merge,unknown,needs_review
mp-af1ca49363b46fdc,tpa-98311e1937ed3f,provisional_singleton,no_safe_cross_activity_merge,unknown,needs_review
mp-461dc89b85e849c5,tpa-b143017208c090,provisional_singleton,no_safe_cross_activity_merge,unknown,needs_review
mp-e94dea05fab8d365,tpa-dae0e13a11a94f,provisional_singleton,no_safe_cross_activity_merge,unknown,needs_review
mp-cd41df4be94042ea,tpa-b63181a27fd177,provisional_singleton,no_safe_cross_activity_merge,unknown,needs_review
mp-375bd281cea59527,tpa-87cd2f4d6fd6d5,provisional_singleton,no_safe_cross_activity_merge,unknown,needs_review
mp-ca7c4fc49914c35e,tpa-85de7da933a083,provisional_singleton,no_safe_cross_activity_merge,unknown,needs_review
mp-d3ae74794d6b818b,tpa-48cd07612437d7,provisional_singleton,no_safe_cross_activity_merge,unknown,needs_review
mp-3f2d8ff25f79c5e0,tpa-b4dd8aca18671c,provisional_singleton,no_safe_cross_activity_merge,unknown,needs_review
mp-0f897701ef9b42bd,tpa-f04e7f70958bb6,provisional_singleton,no_safe_cross_activity_merge,unknown,needs_review
mp-8acf36391eb99846,tpa-5483a0c59c2a5e,provisional_singleton,no_safe_cross_activity_merge,unknown,needs_review
mp-3139b6cde683295c,tpa-8851351452b196,provisional_singleton,no_safe_cross_activity_merge,unknown,needs_review
mp-7b06f460585f32b5,tpa-feda66adbf8544,provisional_singleton,no_safe_cross_activity_merge,unknown,needs_review
mp-e536e7e153ee6299,tpa-20b89e1a764951,provisional_singleton,no_safe_cross_activity_merge,unknown,needs_review
mp-aebd75a874ce8168,tpa-0adcbb29992da0,provisional_singleton,no_safe_cross_activity_merge,unknown,needs_review
mp-4b023206c3e8c124,tpa-7b64bb4986b903,provisional_singleton,no_safe_cross_activity_merge,unknown,needs_review
mp-ab077b3706a036ba,tpa-2519ed0dde352a,provisional_singleton,no_safe_cross_activity_merge,unknown,needs_review
mp-9f9a03258421a31f,tpa-d5756e81989e0e,provisional_singleton,no_safe_cross_activity_merge,unknown,needs_review
mp-9943dd970027129c,tpa-f1a3adcd375128,provisional_singleton,no_safe_cross_activity_merge,unknown,needs_review
mp-5d5866f40ad6eee0,tpa-c5fdbfc421fade,provisional_singleton,no_safe_cross_activity_merge,unknown,needs_review
mp-22d179af12cc46fa,tpa-544da8d6652e4a,provisional_singleton,no_safe_cross_activity_merge,unknown,needs_review
mp-59960f114df7d7eb,tpa-c0b0a881acb421,provisional_singleton,no_safe_cross_activity_merge,unknown,needs_review
mp-067f13ada7d1eed4,tpa-b82a5ebc384c5f,provisional_singleton,no_safe_cross_activity_merge,unknown,needs_review
mp-0f79580293e0ff23,tpa-5151248dd7ecf5,provisional_singleton,no_safe_cross_activity_merge,unknown,needs_review
mp-950582656f7fdf53,tpa-f228c28fbf1410,provisional_singleton,no_safe_cross_activity_merge,unknown,needs_review
mp-012ece8b5b254d77,tpa-66b514fb2e2bc9,provisional_singleton,no_safe_cross_activity_merge,unknown,needs_review
mp-bd19deba787a2224,tpa-cd29c79d8d7466,provisional_singleton,no_safe_cross_activity_merge,unknown,needs_review
mp-1b6e766eb015e5e3,tpa-6f659b5fdd2bb4,provisional_singleton,no_safe_cross_activity_merge,unknown,needs_review
mp-3716c0c7bd76cc34,tpa-2c47010f9bf492,provisional_singleton,no_safe_cross_activity_merge,unknown,needs_review
mp-c0925e439cbb6dad,tpa-0543f9f7f0b0e1,provisional_singleton,no_safe_cross_activity_merge,unknown,needs_review
mp-76ec1cabd8da096e,tpa-149fdff18d32d3,provisional_singleton,no_safe_cross_activity_merge,unknown,needs_review
mp-cdbed9fb3d23d709,tpa-ff65aaea94e7e8,provisional_singleton,no_safe_cross_activity_merge,unknown,needs_review
mp-ae2d16de9e60e73f,tpa-8d94d8d3ac2521,provisional_singleton,no_safe_cross_activity_merge,unknown,needs_review
mp-fbaa7ed32a1a2112,tpa-4aeaac5153d752,provisional_singleton,no_safe_cross_activity_merge,unknown,needs_review
mp-c6da9233264e35ad,tpa-d0dc980768f30d,provisional_singleton,no_safe_cross_activity_merge,unknown,needs_review
mp-0d909c15f43f35be,tpa-c2fcf32e4a5e1c,provisional_singleton,no_safe_cross_activity_merge,unknown,needs_review
mp-d1e683bc176a94b9,tpa-d358886086a3e4,provisional_singleton,no_safe_cross_activity_merge,unknown,needs_review
mp-253d2422e3bffb5f,tpa-71c734b38bf051,provisional_singleton,no_safe_cross_activity_merge,unknown,needs_review
mp-da8500a72d64b9d4,tpa-7d2996141ea393,provisional_singleton,no_safe_cross_activity_merge,unknown,needs_review
mp-564711e2e0a47054,tpa-5587d0dd7fecb0,provisional_singleton,no_safe_cross_activity_merge,unknown,needs_review
mp-12313698fe65a477,tpa-7a8f4d1b9d5904,provisional_singleton,no_safe_cross_activity_merge,unknown,needs_review
mp-ad42adc24211c0bb,tpa-da7186fa942a19,provisional_singleton,no_safe_cross_activity_merge,unknown,needs_review
mp-f2fa010962de80d6,tpa-b6237abcb7301c,provisional_singleton,no_safe_cross_activity_merge,unknown,needs_review
mp-d7ee4b891d6c6ee3,tpa-84a2876d8d0a6a,provisional_singleton,no_safe_cross_activity_merge,unknown,needs_review
mp-c7b6ac3707509190,tpa-0b7c6feb59d4b6,provisional_singleton,no_safe_cross_activity_merge,unknown,needs_review
mp-0e397697ba6dc5c1,tpa-0fad1ba234666a,provisional_singleton,no_safe_cross_activity_merge,unknown,needs_review
mp-c7244808136da8c2,tpa-c4b25b1b347f22,provisional_singleton,no_safe_cross_activity_merge,unknown,needs_review
mp-d0d5a868de050a48,tpa-e41bf8d533e3e2,provisional_singleton,no_safe_cross_activity_merge,unknown,needs_review
mp-67913722c7729c3d,tpa-8a9ee5967b5d1b,provisional_singleton,no_safe_cross_activity_merge,unknown,needs_review
mp-d07da6334a8a8258,tpa-2b7a2f4e8da01e,provisional_singleton,no_safe_cross_activity_merge,unknown,needs_review
mp-cf00214ca7f99746,tpa-945604cf03cedb,provisional_singleton,no_safe_cross_activity_merge,unknown,needs_review
mp-a25fb4478db1652e,tpa-1e895a271729af,provisional_singleton,no_safe_cross_activity_merge,unknown,needs_review
mp-9d9fed75d1338886,tpa-49beb81a4f0bbc,provisional_singleton,no_safe_cross_activity_merge,unknown,needs_review
mp-53a417f1c485d7d0,tpa-df46cbccf61b46,provisional_singleton,no_safe_cross_activity_merge,unknown,needs_review
mp-12be29fcccbc6926,tpa-78dad42d02c7c0,provisional_singleton,no_safe_cross_activity_merge,unknown,needs_review
mp-9ebae3c3dc33e337,tpa-dc665f56847db3,provisional_singleton,no_safe_cross_activity_merge,unknown,needs_review
mp-81413a1cd2753f19,tpa-8f9da193dfcc70,provisional_singleton,no_safe_cross_activity_merge,unknown,needs_review
mp-02cbd00de9f6fbda,tpa-cca9eb8a11417e,provisional_singleton,no_safe_cross_activity_merge,unknown,needs_review
mp-2dfebb854f19755b,tpa-db13bb05771ef0,provisional_singleton,no_safe_cross_activity_merge,unknown,needs_review
mp-a6924e935c4ffa4f,tpa-9c54a6391153ec,provisional_singleton,no_safe_cross_activity_merge,unknown,needs_review
mp-5e9e47eecffa444f,tpa-baa8e395ed577a,provisional_singleton,no_safe_cross_activity_merge,unknown,needs_review
mp-7fc97aa53ee44e03,tpa-40cb269eafe497,provisional_singleton,no_safe_cross_activity_merge,unknown,needs_review
mp-b592141009112788,tpa-6ddb25d7eb7ef2,provisional_singleton,no_safe_cross_activity_merge,unknown,needs_review
mp-95f1c6a988608be9,tpa-ca325157830d7e,provisional_singleton,no_safe_cross_activity_merge,unknown,needs_review
mp-9c15a7ba5fed7599,tpa-92ae634ad585a6,provisional_singleton,no_safe_cross_activity_merge,unknown,needs_review
mp-35448752d37b936b,tpa-4f57106add2fad,provisional_singleton,no_safe_cross_activity_merge,unknown,needs_review
mp-31274677a1816b37,tpa-fcc624ab9f9786,provisional_singleton,no_safe_cross_activity_merge,unknown,needs_review
mp-c76c0000df8bfc1c,tpa-1f727ef9bba71f,provisional_singleton,no_safe_cross_activity_merge,unknown,needs_review
mp-8ce6ae6812af1222,tpa-494ec0a1c20af2,provisional_singleton,no_safe_cross_activity_merge,unknown,needs_review
mp-032588e521063c19,tpa-8035eaf30fb2d0,provisional_singleton,no_safe_cross_activity_merge,unknown,needs_review
mp-a41a98c2d7b82fdb,tpa-d3e811c6a7dcf4,provisional_singleton,no_safe_cross_activity_merge,unknown,needs_review
mp-3e5c8d73ed0cce7f,tpa-81d240d673ea96,provisional_singleton,no_safe_cross_activity_merge,unknown,needs_review
mp-b9dcb03fa8b96bb1,tpa-0ea5310ce6574d,provisional_singleton,no_safe_cross_activity_merge,unknown,needs_review
mp-3ed8b344c5d5b714,tpa-8816aa02f1e887,provisional_singleton,no_safe_cross_activity_merge,unknown,needs_review
mp-2411eccad1d5ae87,tpa-176b1b1474a2d1,provisional_singleton,no_safe_cross_activity_merge,unknown,needs_review
mp-97a60dbf75c86e3b,tpa-aa3bcf451f27f2,provisional_singleton,no_safe_cross_activity_merge,unknown,needs_review
mp-9775574e0e231049,tpa-3874efd8d5b4cd,provisional_singleton,no_safe_cross_activity_merge,unknown,needs_review
mp-58f82fcf70f7d8c4,tpa-2760c5a91cef80,provisional_singleton,no_safe_cross_activity_merge,unknown,needs_review
mp-4a969a9ecb5dc10c,tpa-2b2003cf36c22b,provisional_singleton,no_safe_cross_activity_merge,unknown,needs_review
mp-17d51749050a6c13,tpa-1ca4868f51ccb0,provisional_singleton,no_safe_cross_activity_merge,unknown,needs_review
mp-a3f52cafa8323cc4,tpa-d0b61cd3ae5925,provisional_singleton,no_safe_cross_activity_merge,unknown,needs_review
mp-1bbfb044bb2f7ea0,tpa-88d4884c01d2a0,provisional_singleton,no_safe_cross_activity_merge,unknown,needs_review
mp-464b1d3ff965299e,tpa-55994db8d9a542,provisional_singleton,no_safe_cross_activity_merge,unknown,needs_review
mp-52061ea6de66f6e6,tpa-70de17b91f6c6f,provisional_singleton,no_safe_cross_activity_merge,unknown,needs_review
mp-54965c3573b455b9,tpa-52a4a31d92ae19,provisional_singleton,no_safe_cross_activity_merge,unknown,needs_review
mp-9ee95ebf8ede4b81,tpa-b6d123a7ed8047,provisional_singleton,no_safe_cross_activity_merge,unknown,needs_review
mp-54449d3b854190a1,tpa-e461fcf6cc2f9a,provisional_singleton,no_safe_cross_activity_merge,unknown,needs_review
mp-c5a8747d1f462fce,tpa-6b3c6c3585b6a5,provisional_singleton,no_safe_cross_activity_merge,unknown,needs_review
mp-5906c1223456b627,tpa-fd24d8d6a7f5ae,provisional_singleton,no_safe_cross_activity_merge,unknown,needs_review
mp-e0600b4635a97fc7,tpa-17e38a67e8b145,provisional_singleton,no_safe_cross_activity_merge,unknown,needs_review
mp-603c117f0c1f4d7b,tpa-433c7a8588cef2,provisional_singleton,no_safe_cross_activity_merge,unknown,needs_review
mp-124df9221c4e515c,tpa-852dcafa1a5c8a,provisional_singleton,no_safe_cross_activity_merge,unknown,needs_review
mp-670ab12af44f9130,tpa-a04c3a125e99bc,provisional_singleton,no_safe_cross_activity_merge,unknown,needs_review
mp-73abfd11f37cb40e,tpa-0b0402a4340fbe,provisional_singleton,no_safe_cross_activity_merge,unknown,needs_review
mp-08b816a537aff9c8,tpa-a065ec683b6bce,provisional_singleton,no_safe_cross_activity_merge,unknown,needs_review
mp-b6759db4f0e5076e,tpa-3a196b0bd9fd3b,provisional_singleton,no_safe_cross_activity_merge,unknown,needs_review
mp-dc4092cf981bd2ea,tpa-9276f97de18347,provisional_singleton,no_safe_cross_activity_merge,unknown,needs_review
mp-5195b85cd1887bd2,tpa-3d458e0e6126f7,provisional_singleton,no_safe_cross_activity_merge,unknown,needs_review
mp-3e51aa8931fe52d2,tpa-5dbbff470bb4ff,provisional_singleton,no_safe_cross_activity_merge,unknown,needs_review
mp-91259c783ea8a9d7,tpa-b8b42dd6844938,provisional_singleton,no_safe_cross_activity_merge,unknown,needs_review
mp-c405e9ae51277137,tpa-b202e577ac3667,provisional_singleton,no_safe_cross_activity_merge,unknown,needs_review
mp-3f37c8a434d71f6a,tpa-6cbf8eabbceeda,provisional_singleton,no_safe_cross_activity_merge,unknown,needs_review
mp-b22447f08ea4f178,tpa-57ef92240b13af,provisional_singleton,no_safe_cross_activity_merge,unknown,needs_review
mp-2e164631b09fc6b4,tpa-a711b173a0e4b2,provisional_singleton,no_safe_cross_activity_merge,unknown,needs_review
mp-65617d948e1e6078,tpa-45a18a6899829e,provisional_singleton,no_safe_cross_activity_merge,unknown,needs_review
mp-26965cc2c55d6d73,tpa-3274571af95bf9,provisional_singleton,no_safe_cross_activity_merge,unknown,needs_review
mp-1c25c6cc14988e4a,tpa-4dbada28c448f4,provisional_singleton,no_safe_cross_activity_merge,unknown,needs_review
mp-18ef7185444fa8fb,tpa-d23b5acf86b836,provisional_singleton,no_safe_cross_activity_merge,unknown,needs_review
mp-26d906e80a65aae6,tpa-009358e75a4788,provisional_singleton,no_safe_cross_activity_merge,unknown,needs_review
mp-fed93f37aac1f300,tpa-abedb808985d4d,provisional_singleton,no_safe_cross_activity_merge,unknown,needs_review
mp-04ea67c2bf8d9884,tpa-6d768f585bcc37,provisional_singleton,no_safe_cross_activity_merge,unknown,needs_review
mp-e169c3f335ea8616,tpa-a0a54cbd576262,provisional_singleton,no_safe_cross_activity_merge,unknown,needs_review
mp-22586b09727d91d7,tpa-700e4b3f9e7f14,provisional_singleton,no_safe_cross_activity_merge,unknown,needs_review
mp-4f9cef097eed541b,tpa-1bf44c73051347,provisional_singleton,no_safe_cross_activity_merge,unknown,needs_review
mp-f31a711480f08b69,tpa-15df1cf18f394d,provisional_singleton,no_safe_cross_activity_merge,unknown,needs_review
mp-4340ed2037b6b312,tpa-a125fd1eb7d7a9,provisional_singleton,no_safe_cross_activity_merge,unknown,needs_review
mp-b55c7c6893915d2a,tpa-0fde779fe2a9c4,provisional_singleton,no_safe_cross_activity_merge,unknown,needs_review
mp-d200d3734e343717,tpa-3618f2a543ed8a,provisional_singleton,no_safe_cross_activity_merge,unknown,needs_review
mp-e901e1f3672d80eb,tpa-6e386278dacae7,provisional_singleton,no_safe_cross_activity_merge,unknown,needs_review
mp-b33bee0233c31b6d,tpa-1afca5c72c8207,provisional_singleton,no_safe_cross_activity_merge,unknown,needs_review
mp-7db178edd0ede373,tpa-0422d5e87e20d9,provisional_singleton,no_safe_cross_activity_merge,unknown,needs_review
mp-878a7c97537f0467,tpa-e9576d204bbec1,provisional_singleton,no_safe_cross_activity_merge,unknown,needs_review
mp-17d10fbc2a394238,tpa-16159d096459f5,provisional_singleton,no_safe_cross_activity_merge,unknown,needs_review
mp-fa5da3adacdbc841,tpa-8dfd99cc25e194,provisional_singleton,no_safe_cross_activity_merge,unknown,needs_review
mp-507c2f1efef7f953,tpa-e480f8b52b8eaf,provisional_singleton,no_safe_cross_activity_merge,unknown,needs_review
mp-a5738c2064a96c3c,tpa-212f4b7da655ab,provisional_singleton,no_safe_cross_activity_merge,unknown,needs_review
mp-1d8b4c9115860eaa,tpa-3ecddeffe95104,provisional_singleton,no_safe_cross_activity_merge,unknown,needs_review
mp-fb29b39742361094,tpa-82053ba0485539,provisional_singleton,no_safe_cross_activity_merge,unknown,needs_review
mp-679bf3bbf13685a3,tpa-db60401e61aee5,provisional_singleton,no_safe_cross_activity_merge,unknown,needs_review
mp-bd18c809a4c8bee6,tpa-a34f0d6900f461,provisional_singleton,no_safe_cross_activity_merge,unknown,needs_review
mp-fc6a21faaf7f65bd,tpa-704bbf6add6098,provisional_singleton,no_safe_cross_activity_merge,unknown,needs_review
mp-349d5e616eb93cb1,tpa-1a111c0a9b6eab,provisional_singleton,no_safe_cross_activity_merge,unknown,needs_review
mp-60c03dacae44da22,tpa-6d194c4d68193d,provisional_singleton,no_safe_cross_activity_merge,unknown,needs_review
mp-55b12900a633e4dc,tpa-0490063b3e568a,provisional_singleton,no_safe_cross_activity_merge,unknown,needs_review
mp-a9b2ac402cf020e5,tpa-7e71828d580d98,provisional_singleton,no_safe_cross_activity_merge,unknown,needs_review
mp-73f8ffa02ef4e201,tpa-17620d43eaa85b,provisional_singleton,no_safe_cross_activity_merge,unknown,needs_review
mp-0d045b48207614dd,tpa-c100fe141bd14c,provisional_singleton,no_safe_cross_activity_merge,unknown,needs_review
mp-2469114941fa716e,tpa-91940a8dd83922,provisional_singleton,no_safe_cross_activity_merge,unknown,needs_review
mp-513f5e38b6c7219d,tpa-360ec28e959ae1,provisional_singleton,no_safe_cross_activity_merge,unknown,needs_review
mp-f7199dd846773794,tpa-4b7d361b594460,provisional_singleton,no_safe_cross_activity_merge,unknown,needs_review
mp-1a931177f5ff5fbf,tpa-81162c29a3e0ab,provisional_singleton,no_safe_cross_activity_merge,unknown,needs_review
mp-24e5a15b05dc5e20,tpa-9e41e15e70eadb,provisional_singleton,no_safe_cross_activity_merge,unknown,needs_review
mp-85cbe68da33d533b,tpa-c7aa17d284f934,provisional_singleton,no_safe_cross_activity_merge,unknown,needs_review
mp-257f779d69d1cd66,tpa-2106b896c6626b,provisional_singleton,no_safe_cross_activity_merge,unknown,needs_review
mp-c5745392f4c0adbd,tpa-bc0025497d20e9,provisional_singleton,no_safe_cross_activity_merge,unknown,needs_review
mp-a8c3b6a4585a3ff0,tpa-6fb19cf83b2450,provisional_singleton,no_safe_cross_activity_merge,unknown,needs_review
mp-a5677a635f686f26,tpa-71767b2c2971db,provisional_singleton,no_safe_cross_activity_merge,unknown,needs_review
mp-37b6d401a2f34a1b,tpa-2954d823ee84c4,provisional_singleton,no_safe_cross_activity_merge,unknown,needs_review
mp-b1eec56b9607b7ec,tpa-b05a1f734ed809,provisional_singleton,no_safe_cross_activity_merge,unknown,needs_review
mp-0dd87e34a1b2cc9a,tpa-37038019f0d9c7,provisional_singleton,no_safe_cross_activity_merge,unknown,needs_review
mp-5b96364498b0c0ec,tpa-87f0e0bbc35139,provisional_singleton,no_safe_cross_activity_merge,unknown,needs_review
mp-0d59a18782392a67,tpa-258f31363285d5,provisional_singleton,no_safe_cross_activity_merge,unknown,needs_review
mp-d966a79b26237eb7,tpa-260234d360f440,provisional_singleton,no_safe_cross_activity_merge,unknown,needs_review
mp-4f82822f5268c1e7,tpa-f0f52df9113612,provisional_singleton,no_safe_cross_activity_merge,unknown,needs_review
mp-9b506adbdc990268,tpa-4fc785eb1adbcd,provisional_singleton,no_safe_cross_activity_merge,unknown,needs_review
mp-926a399536f7429f,tpa-efab2ab60f4711,provisional_singleton,no_safe_cross_activity_merge,unknown,needs_review
mp-ab26ef2cb6241999,tpa-4571bc38109543,provisional_singleton,no_safe_cross_activity_merge,unknown,needs_review
mp-97afceae4ff6cfb3,tpa-4b10a67abddeab,provisional_singleton,no_safe_cross_activity_merge,unknown,needs_review
mp-aa1b61a833f57cad,tpa-a6b6c21aef2b55,provisional_singleton,no_safe_cross_activity_merge,unknown,needs_review
mp-ce64db687e55e1b8,tpa-e5711e1ef9cf1c,provisional_singleton,no_safe_cross_activity_merge,unknown,needs_review
mp-63b3b6947ecd3f32,tpa-b0076654f5fc59,provisional_singleton,no_safe_cross_activity_merge,unknown,needs_review
mp-1162cb9c97329593,tpa-2b6182051006a6,provisional_singleton,no_safe_cross_activity_merge,unknown,needs_review
mp-0b85087f2a3e728e,tpa-da1ebe8bb36da3,provisional_singleton,no_safe_cross_activity_merge,unknown,needs_review
mp-735d2469b140ff88,tpa-6570fd2dad5eb8,provisional_singleton,no_safe_cross_activity_merge,unknown,needs_review
mp-3088aa678142a57a,tpa-1edc2e6fc9be50,provisional_singleton,no_safe_cross_activity_merge,unknown,needs_review
mp-4e2bdbd512147b65,tpa-8e6c36a66c9e53,provisional_singleton,no_safe_cross_activity_merge,unknown,needs_review
mp-9b20bf711c0e4112,tpa-8922d966245dcd,provisional_singleton,no_safe_cross_activity_merge,unknown,needs_review
mp-9dc62d55d9bdcb25,tpa-2409904c3111d9,provisional_singleton,no_safe_cross_activity_merge,unknown,needs_review
mp-b1bf1f7ea8b8c62d,tpa-edb6b06cdc00a2,provisional_singleton,no_safe_cross_activity_merge,unknown,needs_review
mp-612bb7f9b57258fa,tpa-cd77580601088e,provisional_singleton,no_safe_cross_activity_merge,unknown,needs_review
mp-a0a53f037776bb9e,tpa-1c4f1ad885e95c,provisional_singleton,no_safe_cross_activity_merge,unknown,needs_review
mp-b7570a482fd5064c,tpa-edbfb7ebee2316,provisional_singleton,no_safe_cross_activity_merge,unknown,needs_review
mp-3913ab37ebbbd387,tpa-d60f7ed42f12b8,provisional_singleton,no_safe_cross_activity_merge,unknown,needs_review
mp-03aa97445a3afdca,tpa-18e096e88663da,provisional_singleton,no_safe_cross_activity_merge,unknown,needs_review
mp-46c1b846d1582636,tpa-20635c5f8dbcac,provisional_singleton,no_safe_cross_activity_merge,unknown,needs_review
mp-4735a73fbec374f0,tpa-b5e9db01f40cb5,provisional_singleton,no_safe_cross_activity_merge,unknown,needs_review
mp-eb2b5cb862513848,tpa-b734ec9fa69d68,provisional_singleton,no_safe_cross_activity_merge,unknown,needs_review
mp-67d335d3b1f6868d,tpa-774498353611af,provisional_singleton,no_safe_cross_activity_merge,unknown,needs_review
mp-1d577149a569fd52,tpa-61a20c8f3ca0c8,provisional_singleton,no_safe_cross_activity_merge,unknown,needs_review
mp-233877d57d41cdf8,tpa-e9f3b7b45964df,provisional_singleton,no_safe_cross_activity_merge,unknown,needs_review
mp-7eef275ffdf6db38,tpa-aa3498028f794e,provisional_singleton,no_safe_cross_activity_merge,unknown,needs_review
mp-8350d9e750e80d3c,tpa-2f2b414a14818f,provisional_singleton,no_safe_cross_activity_merge,unknown,needs_review
mp-37efbea71f976b19,tpa-993e246a4a3e80,provisional_singleton,no_safe_cross_activity_merge,unknown,needs_review
mp-605ccefbf4d9ef13,tpa-d07db3c4884ca7,provisional_singleton,no_safe_cross_activity_merge,unknown,needs_review
mp-2b858ae3ecf5e4e5,tpa-cdc9bbddc05a3b,provisional_singleton,no_safe_cross_activity_merge,unknown,needs_review
mp-9be2d23747c77dd1,tpa-b30cb23fd27905,provisional_singleton,no_safe_cross_activity_merge,unknown,needs_review
mp-7b3953a238256521,tpa-5ce8d4e09ad309,provisional_singleton,no_safe_cross_activity_merge,unknown,needs_review
mp-352f0bea79dd001e,tpa-0fd134128f35ee,provisional_singleton,no_safe_cross_activity_merge,unknown,needs_review
mp-e684ccf1ca9c79d4,tpa-9cac43e7cfd31f,provisional_singleton,no_safe_cross_activity_merge,unknown,needs_review
mp-4ab9098dc2490b6a,tpa-d49b4d1da9d589,provisional_singleton,no_safe_cross_activity_merge,unknown,needs_review
mp-8b4cfdb2f2f725c2,tpa-dfb4611d7ef86c,provisional_singleton,no_safe_cross_activity_merge,unknown,needs_review
mp-21c83f38016519b6,tpa-8d4a7ac2999f35,provisional_singleton,no_safe_cross_activity_merge,unknown,needs_review
mp-54925d6c1fa69a4e,tpa-37ec9be687a3f3,provisional_singleton,no_safe_cross_activity_merge,unknown,needs_review
mp-77b38c52f1792c1e,tpa-b67df26aaa27de,provisional_singleton,no_safe_cross_activity_merge,unknown,needs_review
mp-4100ff692a017d61,tpa-3d06c7470d2ddd,provisional_singleton,no_safe_cross_activity_merge,unknown,needs_review
mp-790c15f590e95079,tpa-ae1d2e3d8ddb67,provisional_singleton,no_safe_cross_activity_merge,unknown,needs_review
mp-ce47345c2343d3b8,tpa-2eb5e7452bcb99,provisional_singleton,no_safe_cross_activity_merge,unknown,needs_review
mp-f39d643e7af45bc4,tpa-85ff5692fd322e,provisional_singleton,no_safe_cross_activity_merge,unknown,needs_review
mp-9aa4fda943e7e02d,tpa-db9a9189a37464,provisional_singleton,no_safe_cross_activity_merge,unknown,needs_review
mp-c1c5ac703d421fc8,tpa-554bbb6a5b049d,provisional_singleton,no_safe_cross_activity_merge,unknown,needs_review
mp-d932834bae4a2997,tpa-aef61143e34319,provisional_singleton,no_safe_cross_activity_merge,unknown,needs_review
mp-92117ca759ac63ed,tpa-67a473ac2f51e2,provisional_singleton,no_safe_cross_activity_merge,unknown,needs_review
mp-fab6e51e372cd31a,tpa-e569e3e0d0bcef,provisional_singleton,no_safe_cross_activity_merge,unknown,needs_review
mp-80e9397687fe70a0,tpa-eda1dc4477c9ae,provisional_singleton,no_safe_cross_activity_merge,unknown,needs_review
mp-e374c6601498ec0a,tpa-07dc38c1c7d2e2,provisional_singleton,no_safe_cross_activity_merge,unknown,needs_review
mp-08deb76e8a537862,tpa-4b4c38aac05080,provisional_singleton,no_safe_cross_activity_merge,unknown,needs_review
mp-758a85e59069e82e,tpa-df14aee6dd8645,provisional_singleton,no_safe_cross_activity_merge,unknown,needs_review
mp-5dfab3e095fc6907,tpa-51e92c2b4dad6c,provisional_singleton,no_safe_cross_activity_merge,unknown,needs_review
mp-2ecf9745f00f674d,tpa-96e9a07cfc377c,provisional_singleton,no_safe_cross_activity_merge,unknown,needs_review
mp-c314f24f07620f0b,tpa-c8ada6ee2ccced,provisional_singleton,no_safe_cross_activity_merge,unknown,needs_review
mp-cd3f92497ee754fe,tpa-90de174e83b74c,provisional_singleton,no_safe_cross_activity_merge,unknown,needs_review
mp-00ab38cf9227650f,tpa-088bffe24bb84d,provisional_singleton,no_safe_cross_activity_merge,unknown,needs_review
mp-ecf8f5f2351defe8,tpa-9578bf844ee6a5,provisional_singleton,no_safe_cross_activity_merge,unknown,needs_review
mp-c3d71314708e7328,tpa-de2662e27041b1,provisional_singleton,no_safe_cross_activity_merge,unknown,needs_review
mp-eaef961e72891725,tpa-db1cafd7932446,provisional_singleton,no_safe_cross_activity_merge,unknown,needs_review
mp-d4ecc74dbfc845ac,tpa-e16ae297c50d4d,provisional_singleton,no_safe_cross_activity_merge,unknown,needs_review
mp-4a2e57b2b0a19870,tpa-31f7c80ca113cb,provisional_singleton,no_safe_cross_activity_merge,unknown,needs_review
mp-7e139e5bc330c245,tpa-3e50b553961232,provisional_singleton,no_safe_cross_activity_merge,unknown,needs_review
mp-d7f9499e2d0fa550,tpa-6488b5d3bc482a,provisional_singleton,no_safe_cross_activity_merge,unknown,needs_review
mp-bb2ccc07de366b07,tpa-7d1bfbd51c0c29,provisional_singleton,no_safe_cross_activity_merge,unknown,needs_review
mp-409df199ff4959dc,tpa-59fd2890348539,provisional_singleton,no_safe_cross_activity_merge,unknown,needs_review
mp-c3d6029dce75383f,tpa-e68c94da0124be,provisional_singleton,no_safe_cross_activity_merge,unknown,needs_review
mp-d89b1dd89fc5da91,tpa-0fea9610772193,provisional_singleton,no_safe_cross_activity_merge,unknown,needs_review
mp-c5d96b6996cb8697,tpa-46720b23e3764e,provisional_singleton,no_safe_cross_activity_merge,unknown,needs_review
mp-e1422aeb48448038,tpa-ad11cb6b57f6a6,provisional_singleton,no_safe_cross_activity_merge,unknown,needs_review
mp-8bab47eea93251b8,tpa-0e9873042aff46,provisional_singleton,no_safe_cross_activity_merge,unknown,needs_review
mp-055483961808c59a,tpa-0a5d28c210c199,provisional_singleton,no_safe_cross_activity_merge,unknown,needs_review
mp-a5f0f4633df8e19b,tpa-8c58d62fe68f3b,provisional_singleton,no_safe_cross_activity_merge,unknown,needs_review
mp-91e8dcb8d607cdca,tpa-37b93274858f64,provisional_singleton,no_safe_cross_activity_merge,unknown,needs_review
mp-ec51b3cc4a773133,tpa-7eeb547df4703f,provisional_singleton,no_safe_cross_activity_merge,unknown,needs_review
mp-506880b692db5ace,tpa-fe0f6a6f89253f,provisional_singleton,no_safe_cross_activity_merge,unknown,needs_review
mp-c77fb37c4f2883d8,tpa-6420e9a22f3412,provisional_singleton,no_safe_cross_activity_merge,unknown,needs_review
mp-cb5e3453da8acee4,tpa-4fcde30f1f4741,provisional_singleton,no_safe_cross_activity_merge,unknown,needs_review
mp-c1582f9cfb1ecf4f,tpa-d8567146a99f20,provisional_singleton,no_safe_cross_activity_merge,unknown,needs_review
mp-25041b6598aacfc7,tpa-b953013a2ad9df,provisional_singleton,no_safe_cross_activity_merge,unknown,needs_review
mp-2596d937a6c368c9,tpa-45c5f52620299f,provisional_singleton,no_safe_cross_activity_merge,unknown,needs_review
mp-c47756ed438eccb7,tpa-379203eacfc71e,provisional_singleton,no_safe_cross_activity_merge,unknown,needs_review
mp-256004aeedf5fb5c,tpa-075e2408573921,provisional_singleton,no_safe_cross_activity_merge,unknown,needs_review
mp-c3807627152415e2,tpa-f473ef71897334,provisional_singleton,no_safe_cross_activity_merge,unknown,needs_review
mp-c63df15a9373a4b5,tpa-3051a2d2dd6c06,provisional_singleton,no_safe_cross_activity_merge,unknown,needs_review
mp-988faca71d819285,tpa-ee1fc38c2dc4c9,provisional_singleton,no_safe_cross_activity_merge,unknown,needs_review
mp-9a37c7e0e4bfc47e,tpa-3ef11c4bb58db3,provisional_singleton,no_safe_cross_activity_merge,unknown,needs_review
mp-4de4b84921ffa375,tpa-7edbd4127ed83c,provisional_singleton,no_safe_cross_activity_merge,unknown,needs_review
mp-706120810e111b74,tpa-43650a22a16d58,provisional_singleton,no_safe_cross_activity_merge,unknown,needs_review
mp-7635956d78225d49,tpa-3a153ab81cb8a0,provisional_singleton,no_safe_cross_activity_merge,unknown,needs_review
mp-ddad4ea4cf95d853,tpa-38287c94c71e1a,provisional_singleton,no_safe_cross_activity_merge,unknown,needs_review
mp-7708b4366f386186,tpa-3639e1c15e99da,provisional_singleton,no_safe_cross_activity_merge,unknown,needs_review
mp-3ad5b65d2bc4b802,tpa-50a55fe9574bba,provisional_singleton,no_safe_cross_activity_merge,unknown,needs_review
mp-44ebef7df6bf2e8d,tpa-3f9cab2551feaf,provisional_singleton,no_safe_cross_activity_merge,unknown,needs_review
mp-9eee737b48bb58c6,tpa-ac28b98ab71c24,provisional_singleton,no_safe_cross_activity_merge,unknown,needs_review
mp-88f1bb5ba05ba112,tpa-4c246d6e79ac53,provisional_singleton,no_safe_cross_activity_merge,unknown,needs_review
mp-fb8c9d3a8bd63b3f,tpa-f9aef3c4edfe77,provisional_singleton,no_safe_cross_activity_merge,unknown,needs_review
mp-33529f4612bc5fb3,tpa-35fd6aa177596b,provisional_singleton,no_safe_cross_activity_merge,unknown,needs_review
mp-e692ac98e4d623d8,tpa-89e436a5fab5f4,provisional_singleton,no_safe_cross_activity_merge,unknown,needs_review
mp-63d3fbfe611c75b8,tpa-199558d5ac0494,provisional_singleton,no_safe_cross_activity_merge,unknown,needs_review
mp-a383fe0ed7e60c16,tpa-3cb9596fbdb755,provisional_singleton,no_safe_cross_activity_merge,unknown,needs_review
mp-f0f262a72d799d9e,tpa-c6c3dc6fd32aec,provisional_singleton,no_safe_cross_activity_merge,unknown,needs_review
mp-af71076fb56bb484,tpa-b20815fba512a8,provisional_singleton,no_safe_cross_activity_merge,unknown,needs_review
mp-2c740584d8529589,tpa-ebfa8a0fcecc01,provisional_singleton,no_safe_cross_activity_merge,unknown,needs_review
mp-48ef2ace9b7a77a7,tpa-031acc7fb95423,provisional_singleton,no_safe_cross_activity_merge,unknown,needs_review
mp-3b0db5fafb8b126b,tpa-5a2855c2d4a0cd,provisional_singleton,no_safe_cross_activity_merge,unknown,needs_review
mp-cb0e0453e68f0dbd,tpa-df334546788b12,provisional_singleton,no_safe_cross_activity_merge,unknown,needs_review
mp-db433b5f334a5bb8,tpa-381a64bbea19a7,provisional_singleton,no_safe_cross_activity_merge,unknown,needs_review
mp-765fa13ffb99c7f9,tpa-3cd448fdc2d166,provisional_singleton,no_safe_cross_activity_merge,unknown,needs_review
mp-311171c629bf5ab6,tpa-76c64af42041ad,provisional_singleton,no_safe_cross_activity_merge,unknown,needs_review
mp-596fc39a34a0a906,tpa-1e226b69b46a00,provisional_singleton,no_safe_cross_activity_merge,unknown,needs_review
mp-9c85da2f0f9aa5c2,tpa-03f4eacb9e9ccd,provisional_singleton,no_safe_cross_activity_merge,unknown,needs_review
mp-d8f436bc9e1b3f31,tpa-436314f6369a61,provisional_singleton,no_safe_cross_activity_merge,unknown,needs_review
mp-dbc0907841aeb95b,tpa-163c69906d3b34,provisional_singleton,no_safe_cross_activity_merge,unknown,needs_review
mp-e6b9f995d9d3c258,tpa-686cd083024813,provisional_singleton,no_safe_cross_activity_merge,unknown,needs_review
mp-ca9c9294d8054f81,tpa-a358e7e7eb9dd4,provisional_singleton,no_safe_cross_activity_merge,unknown,needs_review
mp-e3aa5796b3d0f240,tpa-983c034dbb3fcc,provisional_singleton,no_safe_cross_activity_merge,unknown,needs_review
mp-ca3ffe36fc704d6d,tpa-609079756e9d31,provisional_singleton,no_safe_cross_activity_merge,unknown,needs_review
mp-f8478e5d84eb0464,tpa-27735279b63678,provisional_singleton,no_safe_cross_activity_merge,unknown,needs_review
mp-281e48c4b759aed1,tpa-086f085c9745ac,provisional_singleton,no_safe_cross_activity_merge,unknown,needs_review
mp-fa81b280822e4cc4,tpa-ac668aa696964d,provisional_singleton,no_safe_cross_activity_merge,unknown,needs_review
mp-6e1186d9693c0a73,tpa-c8f27354617910,provisional_singleton,no_safe_cross_activity_merge,unknown,needs_review
mp-ec6bf105b6feb507,tpa-f2a915974251c3,provisional_singleton,no_safe_cross_activity_merge,unknown,needs_review
mp-3f9ce8589901704c,tpa-529abdbb121692,provisional_singleton,no_safe_cross_activity_merge,unknown,needs_review
mp-89fb07332135e2cd,tpa-d8e87cad4b987b,provisional_singleton,no_safe_cross_activity_merge,unknown,needs_review
mp-47157c56e5afffab,tpa-f55bc87e7280e3,provisional_singleton,no_safe_cross_activity_merge,unknown,needs_review
mp-84ca9dbb6049c91e,tpa-0acdd1aa919bd1,provisional_singleton,no_safe_cross_activity_merge,unknown,needs_review
mp-68d1cb126cdaf88f,tpa-97607c955ac60a,provisional_singleton,no_safe_cross_activity_merge,unknown,needs_review
mp-7287d80d1639e0ea,tpa-4078c2be435cbe,provisional_singleton,no_safe_cross_activity_merge,unknown,needs_review
mp-9f8e083e96738d5e,tpa-f3746085832903,provisional_singleton,no_safe_cross_activity_merge,unknown,needs_review
mp-4ed94cd2e6420346,tpa-fd1ba9d7259b0c,provisional_singleton,no_safe_cross_activity_merge,unknown,needs_review
mp-de06eed871520b93,tpa-b2875b0bfa679e,provisional_singleton,no_safe_cross_activity_merge,unknown,needs_review
mp-3a0e8424b96e7ab4,tpa-cf20210056fdb1,provisional_singleton,no_safe_cross_activity_merge,unknown,needs_review
mp-5afde670bcabb444,tpa-c9a2c14b60b00b,provisional_singleton,no_safe_cross_activity_merge,unknown,needs_review
mp-985dbe022590f0c5,tpa-49df2329e611c4,provisional_singleton,no_safe_cross_activity_merge,unknown,needs_review
mp-549b930e23b4fe38,tpa-633c25e31b200d,provisional_singleton,no_safe_cross_activity_merge,unknown,needs_review
mp-a4bb8f55b1ffda48,tpa-7c17b9dc32322f,provisional_singleton,no_safe_cross_activity_merge,unknown,needs_review
mp-b8a3b442a95562bd,tpa-9bc34cc1b51f02,provisional_singleton,no_safe_cross_activity_merge,unknown,needs_review
mp-532f64e3c1ee593a,tpa-1f7b8657f945c4,provisional_singleton,no_safe_cross_activity_merge,unknown,needs_review
mp-8b09ccae5f59a8e5,tpa-fc7d10ebb69b2a,provisional_singleton,no_safe_cross_activity_merge,unknown,needs_review
mp-27ba7c0be76ba050,tpa-5b423f5abafef7,provisional_singleton,no_safe_cross_activity_merge,unknown,needs_review
mp-7354ba3a1230aa67,tpa-bb3d36d298a4a2,provisional_singleton,no_safe_cross_activity_merge,unknown,needs_review
mp-9e5f4a535f49fd6c,tpa-e87f1903144bee,provisional_singleton,no_safe_cross_activity_merge,unknown,needs_review
mp-6c9674e47c59afd9,tpa-e0b9ac06d97644,provisional_singleton,no_safe_cross_activity_merge,unknown,needs_review
mp-9977d8b579b18066,tpa-3330613be7800c,provisional_singleton,no_safe_cross_activity_merge,unknown,needs_review
mp-4d999401d7761ab0,tpa-71c858b9c41e6f,provisional_singleton,no_safe_cross_activity_merge,unknown,needs_review
mp-826eef927fb4966a,tpa-a39669515e2c9b,provisional_singleton,no_safe_cross_activity_merge,unknown,needs_review
mp-8c936bf286522de6,tpa-5ea84d6d10ea0a,provisional_singleton,no_safe_cross_activity_merge,unknown,needs_review
mp-e301e84b70a37ffe,tpa-63b2e4c2238811,provisional_singleton,no_safe_cross_activity_merge,unknown,needs_review
mp-e0a491436bb1142a,tpa-6b56a9668ca19a,provisional_singleton,no_safe_cross_activity_merge,unknown,needs_review
mp-59920fd5242ffc8e,tpa-25b48cee081220,provisional_singleton,no_safe_cross_activity_merge,unknown,needs_review
mp-689f96a6fb93c3ff,tpa-0c4ab8da911caf,provisional_singleton,no_safe_cross_activity_merge,unknown,needs_review
mp-bf6d35bc639fc543,tpa-035596f887e57d,provisional_singleton,no_safe_cross_activity_merge,unknown,needs_review
mp-20b4cb639242bfbe,tpa-9cd7b2c5935475,provisional_singleton,no_safe_cross_activity_merge,unknown,needs_review
mp-163ee3d6042d5021,tpa-2a192ce3efc20b,provisional_singleton,no_safe_cross_activity_merge,unknown,needs_review
mp-3261d09f948120f6,tpa-09b2b1642a06c4,provisional_singleton,no_safe_cross_activity_merge,unknown,needs_review
mp-83d867486e4eafe1,tpa-3e20d09012ddfd,provisional_singleton,no_safe_cross_activity_merge,unknown,needs_review
mp-07692354b6ba0f51,tpa-281313a5dff50d,provisional_singleton,no_safe_cross_activity_merge,unknown,needs_review
mp-e59c5ec846a78545,tpa-545dcd09ed5ea8,provisional_singleton,no_safe_cross_activity_merge,unknown,needs_review
mp-22a7eb97c5aef314,tpa-237db3339d402d,provisional_singleton,no_safe_cross_activity_merge,unknown,needs_review
mp-7e9622a7a270aace,tpa-874737bc1866fa,provisional_singleton,no_safe_cross_activity_merge,unknown,needs_review
mp-39102bca6db10569,tpa-3298d936536de7,provisional_singleton,no_safe_cross_activity_merge,unknown,needs_review
mp-91a2cf5a41281c14,tpa-b46d60be29f118,provisional_singleton,no_safe_cross_activity_merge,unknown,needs_review
mp-b463e4265ce808e6,tpa-5e50ada2e37707,provisional_singleton,no_safe_cross_activity_merge,unknown,needs_review
mp-ac6beaf709bef244,tpa-ca031ac73b0ce7,provisional_singleton,no_safe_cross_activity_merge,unknown,needs_review
mp-e9df14fc0d3bbda9,tpa-5a7ee21f33aa95,provisional_singleton,no_safe_cross_activity_merge,unknown,needs_review
mp-26d3d991aa478df0,tpa-9b94380a2d785c,provisional_singleton,no_safe_cross_activity_merge,unknown,needs_review
mp-4b7bf4375f3f22b6,tpa-083c84e157ff09,provisional_singleton,no_safe_cross_activity_merge,unknown,needs_review
mp-2c54c4c1faa6bdf0,tpa-78dffdbeef42f3,provisional_singleton,no_safe_cross_activity_merge,unknown,needs_review
mp-9ece0e43a04aaebe,tpa-db0b6fb37d3cbc,provisional_singleton,no_safe_cross_activity_merge,unknown,needs_review
mp-7812b743d8e06de7,tpa-a6a1fbac64bb45,provisional_singleton,no_safe_cross_activity_merge,unknown,needs_review
mp-1dec7fb36c8beb55,tpa-11ab0bcae62957,provisional_singleton,no_safe_cross_activity_merge,unknown,needs_review
mp-8f320791a6d222de,tpa-d5946d47acbbef,provisional_singleton,no_safe_cross_activity_merge,unknown,needs_review
mp-7e3770fd08470347,tpa-a760f46535fdbf,provisional_singleton,no_safe_cross_activity_merge,unknown,needs_review
mp-7ece8a32c49e7a43,tpa-00776d88600129,provisional_singleton,no_safe_cross_activity_merge,unknown,needs_review
mp-50b9e0490188d407,tpa-82fb541288a334,provisional_singleton,no_safe_cross_activity_merge,unknown,needs_review
mp-1b4188f635a461d3,tpa-2104d1fa993545,provisional_singleton,no_safe_cross_activity_merge,unknown,needs_review
mp-aeef065ae3ffacb1,tpa-6f672b1636c2e4,provisional_singleton,no_safe_cross_activity_merge,unknown,needs_review
mp-6295763f885745ea,tpa-13060b4acc3cc6,provisional_singleton,no_safe_cross_activity_merge,unknown,needs_review
mp-b44d8f386924ff90,tpa-0fef0ac180ea13,provisional_singleton,no_safe_cross_activity_merge,unknown,needs_review
mp-fd87da6d244f1f71,tpa-1b0fc3fac3ec80,provisional_singleton,no_safe_cross_activity_merge,unknown,needs_review
mp-841fa0a3d1e0c21f,tpa-046c3844bd4885,provisional_singleton,no_safe_cross_activity_merge,unknown,needs_review
mp-aba9787166f88c3e,tpa-f307a4d6d30689,provisional_singleton,no_safe_cross_activity_merge,unknown,needs_review
mp-47017ee5b4e474bd,tpa-593929bb1aea29,provisional_singleton,no_safe_cross_activity_merge,unknown,needs_review
mp-cefc4b108d04efe9,tpa-368d2eefb2dae5,provisional_singleton,no_safe_cross_activity_merge,unknown,needs_review
mp-8b43b99df34dad62,tpa-e98ccc9edd6941,provisional_singleton,no_safe_cross_activity_merge,unknown,needs_review
mp-2f2502678f3501d3,tpa-a27455adc59c06,provisional_singleton,no_safe_cross_activity_merge,unknown,needs_review
mp-251ba8168dfd4ded,tpa-c467a275b5cfdd,provisional_singleton,no_safe_cross_activity_merge,unknown,needs_review
mp-5d22c08e7648a5d9,tpa-8c48073513253b,provisional_singleton,no_safe_cross_activity_merge,unknown,needs_review
mp-a4ff3dbb3887d0e8,tpa-d5bd8924c4c0c9,provisional_singleton,no_safe_cross_activity_merge,unknown,needs_review
mp-0ec66e67116b6528,tpa-4f36cc390f77b2,provisional_singleton,no_safe_cross_activity_merge,unknown,needs_review
mp-29f1274f20861850,tpa-612ee6f91257bd,provisional_singleton,no_safe_cross_activity_merge,unknown,needs_review
mp-c0b4d921ff3031ed,tpa-1360f2a85a6124,provisional_singleton,no_safe_cross_activity_merge,unknown,needs_review
mp-c6964d8087bb19fc,tpa-2df987d3832e06,provisional_singleton,no_safe_cross_activity_merge,unknown,needs_review
mp-9134d1e6bc807d52,tpa-b04c2af81420f4,provisional_singleton,no_safe_cross_activity_merge,unknown,needs_review
mp-c3b50008ce6e10d3,tpa-7541bb02696e82,provisional_singleton,no_safe_cross_activity_merge,unknown,needs_review
mp-055d012459c76452,tpa-ef82d5340aadea,provisional_singleton,no_safe_cross_activity_merge,unknown,needs_review
mp-444ba35578b7e1e0,tpa-d57b81501ec511,provisional_singleton,no_safe_cross_activity_merge,unknown,needs_review
mp-dbec6f61df917ecb,tpa-5ddf3bacd63c29,provisional_singleton,no_safe_cross_activity_merge,unknown,needs_review
mp-bb63630a177e6a80,tpa-ab81895b2e7b84,provisional_singleton,no_safe_cross_activity_merge,unknown,needs_review
mp-5ed7105f07aec401,tpa-513608f341e976,provisional_singleton,no_safe_cross_activity_merge,unknown,needs_review
mp-7539ee7f2b87ecbc,tpa-256afada5fa729,provisional_singleton,no_safe_cross_activity_merge,unknown,needs_review
mp-253430db9fe519a4,tpa-580491755716a0,provisional_singleton,no_safe_cross_activity_merge,unknown,needs_review
mp-9c63ef3866e80c52,tpa-0f5e6616a6e4e1,provisional_singleton,no_safe_cross_activity_merge,unknown,needs_review
mp-33de12b164073d32,tpa-5f2f3800790ee9,provisional_singleton,no_safe_cross_activity_merge,unknown,needs_review
mp-d0bbdb0feae59efd,tpa-5b8ba59c499123,provisional_singleton,no_safe_cross_activity_merge,unknown,needs_review
mp-de8e29eb8757595c,tpa-3ae48860549a6e,provisional_singleton,no_safe_cross_activity_merge,unknown,needs_review
mp-88a81282ffdcf38e,tpa-73528532e8d256,provisional_singleton,no_safe_cross_activity_merge,unknown,needs_review
mp-10237e3533781b37,tpa-1b406d57575188,provisional_singleton,no_safe_cross_activity_merge,unknown,needs_review
mp-749cb1b4315b3548,tpa-db141b7ec62eae,provisional_singleton,no_safe_cross_activity_merge,unknown,needs_review
mp-60f816eb06f904d8,tpa-663b101e1e730f,provisional_singleton,no_safe_cross_activity_merge,unknown,needs_review
mp-911e9de2828d19a0,tpa-668104d442a3b6,provisional_singleton,no_safe_cross_activity_merge,unknown,needs_review
mp-1e884167ebd166ca,tpa-a0f925ff4e3c22,provisional_singleton,no_safe_cross_activity_merge,unknown,needs_review
mp-9b282de4e207cef3,tpa-38200ea0279603,provisional_singleton,no_safe_cross_activity_merge,unknown,needs_review
mp-ac9c31b22f4ef6c7,tpa-6428b950f45df7,provisional_singleton,no_safe_cross_activity_merge,unknown,needs_review
mp-5a538247d15d2c52,tpa-139d4fa7098717,provisional_singleton,no_safe_cross_activity_merge,unknown,needs_review
mp-a02803db652c9d4d,tpa-de0a95d00358ae,provisional_singleton,no_safe_cross_activity_merge,unknown,needs_review
mp-48da6f7787cae843,tpa-7e3de939775c4a,provisional_singleton,no_safe_cross_activity_merge,unknown,needs_review
mp-b72661801c609228,tpa-7d757cf11c37c4,provisional_singleton,no_safe_cross_activity_merge,unknown,needs_review
mp-b0fae273bb1ebe85,tpa-9be7dfc1b5aefc,provisional_singleton,no_safe_cross_activity_merge,unknown,needs_review
mp-cb2e42c0b81b71e3,tpa-3cf1a6cc7f74a8,provisional_singleton,no_safe_cross_activity_merge,unknown,needs_review
mp-e8e0db49b6492966,tpa-d2f2df1114d193,provisional_singleton,no_safe_cross_activity_merge,unknown,needs_review
mp-f7c96f5ea0aec8b4,tpa-7e9c85c181e2d5,provisional_singleton,no_safe_cross_activity_merge,unknown,needs_review
mp-39a07c2411a31fb5,tpa-11fb2558294393,provisional_singleton,no_safe_cross_activity_merge,unknown,needs_review
mp-a06d80eed492f4e9,tpa-e55fcd51c71619,provisional_singleton,no_safe_cross_activity_merge,unknown,needs_review
mp-557aa339c782dc3c,tpa-b2ca052efa8cec,provisional_singleton,no_safe_cross_activity_merge,unknown,needs_review
mp-5436ec8b4cbfe60c,tpa-6c90a7fa496445,provisional_singleton,no_safe_cross_activity_merge,unknown,needs_review
mp-c1b863cda7ea64ce,tpa-e120a4686f6bec,provisional_singleton,no_safe_cross_activity_merge,unknown,needs_review
mp-1c89999537efa18a,tpa-b0bb329456cf0e,provisional_singleton,no_safe_cross_activity_merge,unknown,needs_review
mp-c7a6e3e214e7a359,tpa-a81cc09ad9ebfc,provisional_singleton,no_safe_cross_activity_merge,unknown,needs_review
mp-7ee7d35b329c185f,tpa-9502151b34d7d0,provisional_singleton,no_safe_cross_activity_merge,unknown,needs_review
mp-d4056473d8dad5ac,tpa-5151a32793fd96,provisional_singleton,no_safe_cross_activity_merge,unknown,needs_review
mp-27fee6d6f4603906,tpa-2728e8b1d15202,provisional_singleton,no_safe_cross_activity_merge,unknown,needs_review
mp-524eeb1b3f248388,tpa-6aa848cc903c1a,provisional_singleton,no_safe_cross_activity_merge,unknown,needs_review
mp-b41e430dfe6a52ae,tpa-bebdcd63138518,provisional_singleton,no_safe_cross_activity_merge,unknown,needs_review
mp-6b32520963651adb,tpa-6130343ebd0711,provisional_singleton,no_safe_cross_activity_merge,unknown,needs_review
mp-cf6c5f3cf02780a4,tpa-9c0ad79c8c50a7,provisional_singleton,no_safe_cross_activity_merge,unknown,needs_review
mp-7ece1212b9a26c6a,tpa-1c438f4915a51f,provisional_singleton,no_safe_cross_activity_merge,unknown,needs_review
mp-7f5b4ff612fa2a2a,tpa-320b5d00352066,provisional_singleton,no_safe_cross_activity_merge,unknown,needs_review
mp-b80d29e0b46fad8e,tpa-68cd950625ded8,provisional_singleton,no_safe_cross_activity_merge,unknown,needs_review
mp-97824338e6f11673,tpa-70c8b4f49e50c0,provisional_singleton,no_safe_cross_activity_merge,unknown,needs_review
mp-a0206c5ab63da419,tpa-1b963d4645f759,provisional_singleton,no_safe_cross_activity_merge,unknown,needs_review
mp-b22a56a28cd72def,tpa-fa5391f50f0e21,provisional_singleton,no_safe_cross_activity_merge,unknown,needs_review
mp-8f4d2c71837f6803,tpa-956e90fdface6d,provisional_singleton,no_safe_cross_activity_merge,unknown,needs_review
mp-fb4dcbd522844579,tpa-bed663e835a942,provisional_singleton,no_safe_cross_activity_merge,unknown,needs_review
mp-b4ddf15f4bd942a4,tpa-60104dd6a45479,provisional_singleton,no_safe_cross_activity_merge,unknown,needs_review
mp-e6d5a65717fd4bd9,tpa-03dadef11f47be,provisional_singleton,no_safe_cross_activity_merge,unknown,needs_review
mp-1a5cddb494f33f10,tpa-594b4eb16f432d,provisional_singleton,no_safe_cross_activity_merge,unknown,needs_review
mp-6bdb708fa251c64f,tpa-5eff1f232970d9,provisional_singleton,no_safe_cross_activity_merge,unknown,needs_review
mp-1e004ce38a98a270,tpa-db527c96989794,provisional_singleton,no_safe_cross_activity_merge,unknown,needs_review
mp-e36bbae57b6dca3c,tpa-8728f42238880b,provisional_singleton,no_safe_cross_activity_merge,unknown,needs_review
mp-792b739635d1013f,tpa-8bbd11bdb3afe7,provisional_singleton,no_safe_cross_activity_merge,unknown,needs_review
mp-325692e596f705b0,tpa-493ce323178e6f,provisional_singleton,no_safe_cross_activity_merge,unknown,needs_review
mp-286124e3087b0ce3,tpa-4fb3c875f7fd4c,provisional_singleton,no_safe_cross_activity_merge,unknown,needs_review
mp-7a3e5dd8e7579cef,tpa-babdcdc6bdf41c,provisional_singleton,no_safe_cross_activity_merge,unknown,needs_review
mp-3c7053e9bdb52b84,tpa-25104efdd1ee34,provisional_singleton,no_safe_cross_activity_merge,unknown,needs_review
mp-97546d053dd9313f,tpa-f8f5d3ef4036a7,provisional_singleton,no_safe_cross_activity_merge,unknown,needs_review
mp-c4c624f771042379,tpa-16cd3fc57962b1,provisional_singleton,no_safe_cross_activity_merge,unknown,needs_review
mp-5c4a03975116095d,tpa-3474f9cdbe05bd,provisional_singleton,no_safe_cross_activity_merge,unknown,needs_review
mp-9b4303f53c21704c,tpa-19db7051a542f3,provisional_singleton,no_safe_cross_activity_merge,unknown,needs_review
mp-b669b307ddfa8b4e,tpa-54d69ac39e790c,provisional_singleton,no_safe_cross_activity_merge,unknown,needs_review
mp-f139905493040564,tpa-eb8872fc812030,provisional_singleton,no_safe_cross_activity_merge,unknown,needs_review
mp-a5d77373d97e536c,tpa-c7815e67050ac5,provisional_singleton,no_safe_cross_activity_merge,unknown,needs_review
mp-fca607db6690a522,tpa-51f56347dc628a,provisional_singleton,no_safe_cross_activity_merge,unknown,needs_review
mp-e712260879611a11,tpa-4afda99e27baac,provisional_singleton,no_safe_cross_activity_merge,unknown,needs_review
mp-f7f7e01cff9fcb42,tpa-40b56bd4eb1b2d,provisional_singleton,no_safe_cross_activity_merge,unknown,needs_review
mp-8ff35d4d9cc87623,tpa-c1becc3364ea51,provisional_singleton,no_safe_cross_activity_merge,unknown,needs_review
mp-c9c8225d1d21f03d,tpa-9b397376b6dea6,provisional_singleton,no_safe_cross_activity_merge,unknown,needs_review
mp-a22f685e23a4cc98,tpa-8627ecd355b83a,provisional_singleton,no_safe_cross_activity_merge,unknown,needs_review
mp-75250da9db39de65,tpa-96ddb9c6fa101a,provisional_singleton,no_safe_cross_activity_merge,unknown,needs_review
mp-a7546c2c8485f9e0,tpa-100f353a540768,provisional_singleton,no_safe_cross_activity_merge,unknown,needs_review
mp-9c3122dcb1759c0c,tpa-3f887726df0ff4,provisional_singleton,no_safe_cross_activity_merge,unknown,needs_review
mp-03eb6849f39556ed,tpa-3fffd2b9db4775,provisional_singleton,no_safe_cross_activity_merge,unknown,needs_review
mp-a2d14208eacf4190,tpa-a91df2a912a8c2,provisional_singleton,no_safe_cross_activity_merge,unknown,needs_review
mp-07103873392332ff,tpa-66f26e565f0b65,provisional_singleton,no_safe_cross_activity_merge,unknown,needs_review
mp-c65c4b72250b507b,tpa-2a61ea68abd0a9,provisional_singleton,no_safe_cross_activity_merge,unknown,needs_review
mp-73c264603a9301a5,tpa-4cfa2d4d931d5d,provisional_singleton,no_safe_cross_activity_merge,unknown,needs_review
mp-9865a60dafe42fbe,tpa-663802e6093f16,provisional_singleton,no_safe_cross_activity_merge,unknown,needs_review
mp-9e04071064637ea9,tpa-3f916730604201,provisional_singleton,no_safe_cross_activity_merge,unknown,needs_review
mp-797f960505c74daa,tpa-4d6a7f167fb843,provisional_singleton,no_safe_cross_activity_merge,unknown,needs_review
mp-85847242a2761cb2,tpa-1807895fb084a9,provisional_singleton,no_safe_cross_activity_merge,unknown,needs_review
mp-75f589f1ed72f4ed,tpa-db4f747ae71be6,provisional_singleton,no_safe_cross_activity_merge,unknown,needs_review
mp-d617f78bf6725f4f,tpa-de1986e29898d6,provisional_singleton,no_safe_cross_activity_merge,unknown,needs_review
mp-50732c2164f3784b,tpa-1d894556d483c5,provisional_singleton,no_safe_cross_activity_merge,unknown,needs_review
mp-cb9b56d25b7a9c75,tpa-5f9e27e08a8b4b,provisional_singleton,no_safe_cross_activity_merge,unknown,needs_review
mp-82db4737b95a67a3,tpa-215c8d42728560,provisional_singleton,no_safe_cross_activity_merge,unknown,needs_review
mp-9809a646f4727152,tpa-8e062cafcda4e7,provisional_singleton,no_safe_cross_activity_merge,unknown,needs_review
mp-12dfed211488e0d9,tpa-04e773a136d676,provisional_singleton,no_safe_cross_activity_merge,unknown,needs_review
mp-0628daad0cf84ec5,tpa-a1387768b62207,provisional_singleton,no_safe_cross_activity_merge,unknown,needs_review
mp-787c9d7056cdc49a,tpa-6aa946c81585df,provisional_singleton,no_safe_cross_activity_merge,unknown,needs_review
mp-6e446cecbc8f6549,tpa-8130c3e3eefc63,provisional_singleton,no_safe_cross_activity_merge,unknown,needs_review
mp-34c987e1cc0fbd2b,tpa-5fbcd992c18c19,provisional_singleton,no_safe_cross_activity_merge,unknown,needs_review
mp-c12d2f4c596df8f6,tpa-a5fb6b48da38a4,provisional_singleton,no_safe_cross_activity_merge,unknown,needs_review
mp-a73f3ea7588cf67e,tpa-6fdd9525443cb1,provisional_singleton,no_safe_cross_activity_merge,unknown,needs_review
mp-8cb6f643f4bc983b,tpa-aef08567fad618,provisional_singleton,no_safe_cross_activity_merge,unknown,needs_review
mp-0484c2dcad739c7e,tpa-c3125164df8d13,provisional_singleton,no_safe_cross_activity_merge,unknown,needs_review
mp-39fe9858b4ccde95,tpa-8681fda42dd0ff,provisional_singleton,no_safe_cross_activity_merge,unknown,needs_review
mp-f435c2e66e5ccdd0,tpa-ca4b91c0afd4a3,provisional_singleton,no_safe_cross_activity_merge,unknown,needs_review
mp-e13ae8087618180d,tpa-569b7e038594b9,provisional_singleton,no_safe_cross_activity_merge,unknown,needs_review
mp-6a1cab29f629a139,tpa-d23e65f8840b5c,provisional_singleton,no_safe_cross_activity_merge,unknown,needs_review
mp-059da98004e11177,tpa-1d7cac32524797,provisional_singleton,no_safe_cross_activity_merge,unknown,needs_review
mp-1a10b411525e6f5a,tpa-3da558f9675dce,provisional_singleton,no_safe_cross_activity_merge,unknown,needs_review
mp-04258d5ac0a36900,tpa-d24e45feb85f81,provisional_singleton,no_safe_cross_activity_merge,unknown,needs_review
mp-2e1e3c2a6fab3d9a,tpa-f41f53d503a904,provisional_singleton,no_safe_cross_activity_merge,unknown,needs_review
mp-c8793d938bb7f29e,tpa-0a039ea1c848f0,provisional_singleton,no_safe_cross_activity_merge,unknown,needs_review
mp-197bb854e4f653c5,tpa-0e0cc6a173a87e,provisional_singleton,no_safe_cross_activity_merge,unknown,needs_review
mp-0cd20d0a7e6033be,tpa-7d2adae40d5715,provisional_singleton,no_safe_cross_activity_merge,unknown,needs_review
mp-3e9f0cb79892d45b,tpa-fc558e82804489,provisional_singleton,no_safe_cross_activity_merge,unknown,needs_review
mp-b1a04ae37df06fc4,tpa-af5bd361327631,provisional_singleton,no_safe_cross_activity_merge,unknown,needs_review
mp-3b132fc631ac905e,tpa-ff6f7e339d9ab8,provisional_singleton,no_safe_cross_activity_merge,unknown,needs_review
mp-416da15a6c824014,tpa-229eff317e123e,provisional_singleton,no_safe_cross_activity_merge,unknown,needs_review
mp-2bd720fb6b352c14,tpa-9d8cbf5ec08e68,provisional_singleton,no_safe_cross_activity_merge,unknown,needs_review
mp-de0393e8d70536aa,tpa-91e544c2757aab,provisional_singleton,no_safe_cross_activity_merge,unknown,needs_review
mp-d75f8158c088a93e,tpa-f02d82e71f3173,provisional_singleton,no_safe_cross_activity_merge,unknown,needs_review
mp-e4b2ef494661f36d,tpa-45c28497bfe1cb,provisional_singleton,no_safe_cross_activity_merge,unknown,needs_review
mp-ac3c223ce838b165,tpa-10695f353c80bf,provisional_singleton,no_safe_cross_activity_merge,unknown,needs_review
mp-96f0cfcd3bbf82a4,tpa-faf0c2b102a86b,provisional_singleton,no_safe_cross_activity_merge,unknown,needs_review
mp-1dd045e5c97664cc,tpa-d76a66b5a81b1b,provisional_singleton,no_safe_cross_activity_merge,unknown,needs_review
mp-0e4544f44dbb881f,tpa-3be8cabde59d37,provisional_singleton,no_safe_cross_activity_merge,unknown,needs_review
mp-1f05213ba73b950f,tpa-58a22fdea1f2e2,provisional_singleton,no_safe_cross_activity_merge,unknown,needs_review
mp-3e48fec42486d663,tpa-08ed003ae91c05,provisional_singleton,no_safe_cross_activity_merge,unknown,needs_review
mp-e9dcafd39cb6fa44,tpa-0518d88fb923a7,provisional_singleton,no_safe_cross_activity_merge,unknown,needs_review
mp-ac360ec197d17ade,tpa-6a495f5f9c1ef6,provisional_singleton,no_safe_cross_activity_merge,unknown,needs_review
mp-2d505cc30e993408,tpa-21db0f5ecf6808,provisional_singleton,no_safe_cross_activity_merge,unknown,needs_review
mp-c2bc5818ac72d445,tpa-9c25465478897c,provisional_singleton,no_safe_cross_activity_merge,unknown,needs_review
mp-77de11f8b8e72e60,tpa-53da7eb6d9d746,provisional_singleton,no_safe_cross_activity_merge,unknown,needs_review
mp-1a50c8c4f71f6e50,tpa-59a7094e9fb159,provisional_singleton,no_safe_cross_activity_merge,unknown,needs_review
mp-61474ec2862b4a50,tpa-dc924e01ef07da,provisional_singleton,no_safe_cross_activity_merge,unknown,needs_review
mp-466455e5f59b8151,tpa-5cd621a33545b4,provisional_singleton,no_safe_cross_activity_merge,unknown,needs_review
mp-2d240e2c7353898d,tpa-0d141ecfee0746,provisional_singleton,no_safe_cross_activity_merge,unknown,needs_review
mp-f510f4fe3ab4f97a,tpa-e9be14d3883d5b,provisional_singleton,no_safe_cross_activity_merge,unknown,needs_review
mp-ab75f212e634e3b9,tpa-df40978b7a497b,provisional_singleton,no_safe_cross_activity_merge,unknown,needs_review
mp-ed8c65740b3625ac,tpa-755661410676a3,provisional_singleton,no_safe_cross_activity_merge,unknown,needs_review
mp-74bf9097fdffcb72,tpa-c3df4261b7c953,provisional_singleton,no_safe_cross_activity_merge,unknown,needs_review
mp-5f3c9eca48b45bd5,tpa-346240b8d26b78,provisional_singleton,no_safe_cross_activity_merge,unknown,needs_review
mp-1833d59e630d32de,tpa-e26578745a33ca,provisional_singleton,no_safe_cross_activity_merge,unknown,needs_review
mp-2a696883d0fd29f0,tpa-8f54fa56da7140,provisional_singleton,no_safe_cross_activity_merge,unknown,needs_review
mp-88cd8397ffc9435f,tpa-6ee94ca384d4de,provisional_singleton,no_safe_cross_activity_merge,unknown,needs_review
mp-07d240fa2f93d407,tpa-4a2fcaec359384,provisional_singleton,no_safe_cross_activity_merge,unknown,needs_review
mp-dca337eaaa320920,tpa-cb1d1c75cafbd2,provisional_singleton,no_safe_cross_activity_merge,unknown,needs_review
mp-a745f6f3e540fd7c,tpa-f9064c11524ff3,provisional_singleton,no_safe_cross_activity_merge,unknown,needs_review
mp-e734459c214200b2,tpa-ce1351e2d82b7c,provisional_singleton,no_safe_cross_activity_merge,unknown,needs_review
mp-49a3d7233d4daecf,tpa-b3b4022a0f7a84,provisional_singleton,no_safe_cross_activity_merge,unknown,needs_review
mp-c8accff4d6ae32e2,tpa-f2cf1c54350891,provisional_singleton,no_safe_cross_activity_merge,unknown,needs_review
mp-fc370c13267704be,tpa-b546910ce4024f,provisional_singleton,no_safe_cross_activity_merge,unknown,needs_review
mp-7e368e36e542e53f,tpa-eba4e0f3fc1b4c,provisional_singleton,no_safe_cross_activity_merge,unknown,needs_review
mp-81db893a5ee2be7d,tpa-2ee1e09d1de875,provisional_singleton,no_safe_cross_activity_merge,unknown,needs_review
mp-f2c9e67085cd9d35,tpa-1893453684f8c0,provisional_singleton,no_safe_cross_activity_merge,unknown,needs_review
mp-221eb30675f5e276,tpa-838a75b27ec235,provisional_singleton,no_safe_cross_activity_merge,unknown,needs_review
mp-3cc899041b66c6ae,tpa-8641520643ea61,provisional_singleton,no_safe_cross_activity_merge,unknown,needs_review
mp-014c23ff0fc99a6d,tpa-52c4b01da44800,provisional_singleton,no_safe_cross_activity_merge,unknown,needs_review
mp-65b964ec272384d0,tpa-62a1bf88971672,provisional_singleton,no_safe_cross_activity_merge,unknown,needs_review
mp-4de346ae6f00ebd3,tpa-c251248ac6398f,provisional_singleton,no_safe_cross_activity_merge,unknown,needs_review
mp-406f491fb5abbd22,tpa-9ddf0d89b6792b,provisional_singleton,no_safe_cross_activity_merge,unknown,needs_review
mp-ce80d71fea335ce1,tpa-781436e2c34b27,provisional_singleton,no_safe_cross_activity_merge,unknown,needs_review
mp-5ca22f84632640b7,tpa-e8361568210060,provisional_singleton,no_safe_cross_activity_merge,unknown,needs_review
mp-b60151700440cb5b,tpa-9af82ea6ec4151,provisional_singleton,no_safe_cross_activity_merge,unknown,needs_review
mp-4aafaafa1588c1af,tpa-279970841e96a0,provisional_singleton,no_safe_cross_activity_merge,unknown,needs_review
mp-19979eaac765b6c7,tpa-dbd81fcd351851,provisional_singleton,no_safe_cross_activity_merge,unknown,needs_review
mp-dc12f00a3d127a59,tpa-b01b9c13cc057e,provisional_singleton,no_safe_cross_activity_merge,unknown,needs_review
mp-f1a74139b7bcc67e,tpa-da537b7a760dd0,provisional_singleton,no_safe_cross_activity_merge,unknown,needs_review
mp-d23122af4b62a202,tpa-3eed6dfb2cd7f2,provisional_singleton,no_safe_cross_activity_merge,unknown,needs_review
mp-bfb79cfe5b904a7f,tpa-a465da723602b9,provisional_singleton,no_safe_cross_activity_merge,unknown,needs_review
mp-6641538077c0c91a,tpa-3aab97d5974e94,provisional_singleton,no_safe_cross_activity_merge,unknown,needs_review
mp-6db156671f3973fd,tpa-a01d467e73284c,provisional_singleton,no_safe_cross_activity_merge,unknown,needs_review
mp-ba89a99d44f884b7,tpa-852a28f9e41cb2,provisional_singleton,no_safe_cross_activity_merge,unknown,needs_review
mp-7c22f0e69547f213,tpa-3d150989ee9e7d,provisional_singleton,no_safe_cross_activity_merge,unknown,needs_review
mp-c46ec6ba0fd3ade1,tpa-be30acac1e4c9f,provisional_singleton,no_safe_cross_activity_merge,unknown,needs_review
mp-4473f3f7a71d7801,tpa-21932133e7b772,provisional_singleton,no_safe_cross_activity_merge,unknown,needs_review
mp-a3e5be4437256708,tpa-41674188851955,provisional_singleton,no_safe_cross_activity_merge,unknown,needs_review
mp-b746b2f39bab83fb,tpa-9adb0fb8ab2831,provisional_singleton,no_safe_cross_activity_merge,unknown,needs_review
mp-3d8bf4eb643789dc,tpa-4ae47cd42ce59c,provisional_singleton,no_safe_cross_activity_merge,unknown,needs_review
mp-10bfd1b490c73ed2,tpa-8e65b362912d3b,provisional_singleton,no_safe_cross_activity_merge,unknown,needs_review
mp-cb1d38b62142df59,tpa-3858df9ceb789f,provisional_singleton,no_safe_cross_activity_merge,unknown,needs_review
mp-4265553bff1558e1,tpa-156b76fb3af108,provisional_singleton,no_safe_cross_activity_merge,unknown,needs_review
mp-c6a8838832f55977,tpa-24864a02684b8c,provisional_singleton,no_safe_cross_activity_merge,unknown,needs_review
mp-689974ed2c0dded4,tpa-f0034c2c60e57a,provisional_singleton,no_safe_cross_activity_merge,unknown,needs_review
mp-50b3f4816b3f8639,tpa-a430645681cd49,provisional_singleton,no_safe_cross_activity_merge,unknown,needs_review
mp-81d076a58c31058f,tpa-a51602d8de304e,provisional_singleton,no_safe_cross_activity_merge,unknown,needs_review
mp-abd016286b2bc742,tpa-15a7898f4dbe45,provisional_singleton,no_safe_cross_activity_merge,unknown,needs_review
mp-6de0d5a6e11ca99d,tpa-ac519479f97525,provisional_singleton,no_safe_cross_activity_merge,unknown,needs_review
mp-09cf79fd19f54321,tpa-8902cc7cf45c0c,provisional_singleton,no_safe_cross_activity_merge,unknown,needs_review
mp-aea5c01303c6012e,tpa-1f87f734e2583b,provisional_singleton,no_safe_cross_activity_merge,unknown,needs_review
mp-19b7794ad5cc6e4a,tpa-860244e6764ccc,provisional_singleton,no_safe_cross_activity_merge,unknown,needs_review
mp-d9beb3a2b99cfe14,tpa-9fe350b4096f8c,provisional_singleton,no_safe_cross_activity_merge,unknown,needs_review
mp-47019058cc6c5a24,tpa-0f7a082873c34f,provisional_singleton,no_safe_cross_activity_merge,unknown,needs_review
mp-fd4804ace9d9d6f4,tpa-9fca9b14fbf60f,provisional_singleton,no_safe_cross_activity_merge,unknown,needs_review
mp-deaf8955e0fc4780,tpa-2cc90e88ce21eb,provisional_singleton,no_safe_cross_activity_merge,unknown,needs_review
mp-8108f41834833d91,tpa-c196f78268d889,provisional_singleton,no_safe_cross_activity_merge,unknown,needs_review
mp-619f1fa85e2ff144,tpa-0e3ca7c0fb6cef,provisional_singleton,no_safe_cross_activity_merge,unknown,needs_review
mp-ec467960d8c67e20,tpa-fce9c160cce9b9,provisional_singleton,no_safe_cross_activity_merge,unknown,needs_review
mp-fe376af470172515,tpa-b9da6b435f304a,provisional_singleton,no_safe_cross_activity_merge,unknown,needs_review
mp-8f0bddfa516a37fd,tpa-f6608d794ac3e0,provisional_singleton,no_safe_cross_activity_merge,unknown,needs_review
mp-a8bfc4c3cf486e55,tpa-cade18fe60944b,provisional_singleton,no_safe_cross_activity_merge,unknown,needs_review
mp-ae70b8a58b38ac91,tpa-7f8d03899dd3d8,provisional_singleton,no_safe_cross_activity_merge,unknown,needs_review
mp-8d30fab37c0f44b8,tpa-f924ea2357013c,provisional_singleton,no_safe_cross_activity_merge,unknown,needs_review
mp-61090867bf8046f7,tpa-e49f80265b837d,provisional_singleton,no_safe_cross_activity_merge,unknown,needs_review
mp-c7c2995bc69ce0cf,tpa-957272c721aac7,provisional_singleton,no_safe_cross_activity_merge,unknown,needs_review
mp-779418b358997e13,tpa-8276693b74b875,provisional_singleton,no_safe_cross_activity_merge,unknown,needs_review
mp-a6df57c947b430f0,tpa-c86fbb8e43b1c9,provisional_singleton,no_safe_cross_activity_merge,unknown,needs_review
mp-7d2d1e7db6c4fd56,tpa-28ba9164dd5e65,provisional_singleton,no_safe_cross_activity_merge,unknown,needs_review
mp-437b3e35fdda08be,tpa-bff9b03434646b,provisional_singleton,no_safe_cross_activity_merge,unknown,needs_review
mp-9b4db8ec5d71a5af,tpa-23ed77f78eb52b,provisional_singleton,no_safe_cross_activity_merge,unknown,needs_review
mp-e11c73cc7ce982f0,tpa-7dbf32acc8c944,provisional_singleton,no_safe_cross_activity_merge,unknown,needs_review
mp-44ea13d25e4dedb5,tpa-027b356f1ea6f1,provisional_singleton,no_safe_cross_activity_merge,unknown,needs_review
mp-3c6d40c14d856631,tpa-69d9fd464d1b18,provisional_singleton,no_safe_cross_activity_merge,unknown,needs_review
mp-cbd73c6f49746c76,tpa-eeba449ca2f1c1,provisional_singleton,no_safe_cross_activity_merge,unknown,needs_review
mp-1da0bf1e20776ed0,tpa-2789c09154d621,provisional_singleton,no_safe_cross_activity_merge,unknown,needs_review
mp-147feefdbfaad4f3,tpa-0df38992918c22,provisional_singleton,no_safe_cross_activity_merge,unknown,needs_review
mp-ad1b39ccfcd65df4,tpa-7c2ff6662b2100,provisional_singleton,no_safe_cross_activity_merge,unknown,needs_review
mp-ec892e671c91c862,tpa-5539daa902b537,provisional_singleton,no_safe_cross_activity_merge,unknown,needs_review
mp-4d4d00590f0299c0,tpa-81fc874c1e72be,provisional_singleton,no_safe_cross_activity_merge,unknown,needs_review
mp-fb97c06723792c9b,tpa-e16d4a342faac1,provisional_singleton,no_safe_cross_activity_merge,unknown,needs_review
mp-91b955db013cdb24,tpa-939f2777365d09,provisional_singleton,no_safe_cross_activity_merge,unknown,needs_review
mp-4beea0eaecd8203e,tpa-3a5d351545a77a,provisional_singleton,no_safe_cross_activity_merge,unknown,needs_review
mp-066325e30cb92417,tpa-0e76aa549d575a,provisional_singleton,no_safe_cross_activity_merge,unknown,needs_review
mp-dd7f58c5b69f7ddb,tpa-45807971f6c8ba,provisional_singleton,no_safe_cross_activity_merge,unknown,needs_review
mp-3d18e985a9b5d4af,tpa-5ea6dcbde8f52b,provisional_singleton,no_safe_cross_activity_merge,unknown,needs_review
mp-aff846ad82e6581e,tpa-f54828c2031d5b,provisional_singleton,no_safe_cross_activity_merge,unknown,needs_review
mp-b967d6b61130bd4f,tpa-8f7f771e63505e,provisional_singleton,no_safe_cross_activity_merge,unknown,needs_review
mp-a0079d06b8909151,tpa-1b96b96c20c45e,provisional_singleton,no_safe_cross_activity_merge,unknown,needs_review
mp-6176f522225fc23a,tpa-2b81d71a85491d,provisional_singleton,no_safe_cross_activity_merge,unknown,needs_review
mp-175b9967604f934e,tpa-acbe397985d8de,provisional_singleton,no_safe_cross_activity_merge,unknown,needs_review
mp-274962639e3b3dab,tpa-dc6d3df62ba498,provisional_singleton,no_safe_cross_activity_merge,unknown,needs_review
mp-c2a6fd06bdf85b11,tpa-c41745c2c5f2f7,provisional_singleton,no_safe_cross_activity_merge,unknown,needs_review
mp-3cc067fabe8b3b84,tpa-7d3fad23750f2d,provisional_singleton,no_safe_cross_activity_merge,unknown,needs_review
mp-0c18019cd80857fb,tpa-e3417507edf3ef,provisional_singleton,no_safe_cross_activity_merge,unknown,needs_review
mp-ae3a1f7bb8596357,tpa-a6dbfeff150b72,provisional_singleton,no_safe_cross_activity_merge,unknown,needs_review
mp-eb26ba55bfe367a4,tpa-e6cc5299bd9ff8,provisional_singleton,no_safe_cross_activity_merge,unknown,needs_review
mp-7a17c83332dea1c2,tpa-c6e994422909aa,provisional_singleton,no_safe_cross_activity_merge,unknown,needs_review
mp-2d472b07addfe162,tpa-666f8de1632994,provisional_singleton,no_safe_cross_activity_merge,unknown,needs_review
mp-0710e01cc6b24c53,tpa-dc4bf6576a4605,provisional_singleton,no_safe_cross_activity_merge,unknown,needs_review
mp-0a2717f365797879,tpa-56e137d0b8da99,provisional_singleton,no_safe_cross_activity_merge,unknown,needs_review
mp-1d5256e85f095743,tpa-5a981b34a3c055,provisional_singleton,no_safe_cross_activity_merge,unknown,needs_review
mp-80c440e19ccbea49,tpa-909627d00e8a18,provisional_singleton,no_safe_cross_activity_merge,unknown,needs_review
mp-381f19b08d81ba75,tpa-fe11dcd8ca0f2f,provisional_singleton,no_safe_cross_activity_merge,unknown,needs_review
mp-bb88595158434324,tpa-cae41f261c9776,provisional_singleton,no_safe_cross_activity_merge,unknown,needs_review
mp-ef8c19113b871466,tpa-9d816299b67340,provisional_singleton,no_safe_cross_activity_merge,unknown,needs_review
mp-d094d2bb49484338,tpa-35b0af88966029,provisional_singleton,no_safe_cross_activity_merge,unknown,needs_review
mp-fc8686282ab4912f,tpa-af3c27c3fe65c7,provisional_singleton,no_safe_cross_activity_merge,unknown,needs_review
mp-0ed7a1971ca2aa40,tpa-1a62f1714694dc,provisional_singleton,no_safe_cross_activity_merge,unknown,needs_review
mp-1e7ee273b958d994,tpa-52a43ed5cf3768,provisional_singleton,no_safe_cross_activity_merge,unknown,needs_review
mp-234609cacc02de64,tpa-ab7d107d53d84e,provisional_singleton,no_safe_cross_activity_merge,unknown,needs_review
mp-6201a1ff6583f807,tpa-439c74811140ba,provisional_singleton,no_safe_cross_activity_merge,unknown,needs_review
mp-df70d95d16e7302d,tpa-81944fd82d99ae,provisional_singleton,no_safe_cross_activity_merge,unknown,needs_review
mp-65fa160a3fc9a20f,tpa-c03014bc17a9d2,provisional_singleton,no_safe_cross_activity_merge,unknown,needs_review
mp-4db151108ae3cd79,tpa-35748fa73f2650,provisional_singleton,no_safe_cross_activity_merge,unknown,needs_review
mp-374ae88dfc90711a,tpa-6d53049560016b,provisional_singleton,no_safe_cross_activity_merge,unknown,needs_review
mp-b1ae70f0db332ed2,tpa-48d592a4dcfb9a,provisional_singleton,no_safe_cross_activity_merge,unknown,needs_review
mp-ef2dfac2b9cd7653,tpa-f3521d3ea0b11c,provisional_singleton,no_safe_cross_activity_merge,unknown,needs_review
mp-2a14a48ecb686034,tpa-3fea71eba2b367,provisional_singleton,no_safe_cross_activity_merge,unknown,needs_review
mp-f1f8beee3fd7fd60,tpa-4e4200d9fbcd99,provisional_singleton,no_safe_cross_activity_merge,unknown,needs_review
mp-0ff57d080b0bb24c,tpa-a3cc13934af166,provisional_singleton,no_safe_cross_activity_merge,unknown,needs_review
mp-ebd1ba11b9cfb957,tpa-e683918aaf4365,provisional_singleton,no_safe_cross_activity_merge,unknown,needs_review
mp-855e45a221816078,tpa-6ccb83d0fc130b,provisional_singleton,no_safe_cross_activity_merge,unknown,needs_review
mp-dfd87526abded2ba,tpa-5dba5617cdb195,provisional_singleton,no_safe_cross_activity_merge,unknown,needs_review
mp-fcc5715faec94c36,tpa-53de5b42fddd6e,provisional_singleton,no_safe_cross_activity_merge,unknown,needs_review
mp-b3990c29479e32e4,tpa-d1da9a542f3f3f,provisional_singleton,no_safe_cross_activity_merge,unknown,needs_review
mp-7aadb52b82921189,tpa-cee84f4fe6a0c7,provisional_singleton,no_safe_cross_activity_merge,unknown,needs_review
mp-9ebc41cc1d6c630f,tpa-723e5a94cf8f07,provisional_singleton,no_safe_cross_activity_merge,unknown,needs_review
mp-1b1b81753af10e99,tpa-7c429afce10b19,provisional_singleton,no_safe_cross_activity_merge,unknown,needs_review
mp-212ea7a6cc7ca492,tpa-df09296a485c85,provisional_singleton,no_safe_cross_activity_merge,unknown,needs_review
mp-9001c91d7a57684a,tpa-498b5c4a6731c8,provisional_singleton,no_safe_cross_activity_merge,unknown,needs_review
mp-9b9d6e33381f1b0a,tpa-837ab0ae3ea439,provisional_singleton,no_safe_cross_activity_merge,unknown,needs_review
mp-f5fb22c11124a5b8,tpa-02712c409b5cf5,provisional_singleton,no_safe_cross_activity_merge,unknown,needs_review
mp-dd23814d4486a688,tpa-6086fc4b87c950,provisional_singleton,no_safe_cross_activity_merge,unknown,needs_review
mp-d863f3bb62c63219,tpa-4eb2f5e4021e31,provisional_singleton,no_safe_cross_activity_merge,unknown,needs_review
mp-272235a78e71a6de,tpa-7d0e4ecbea109f,provisional_singleton,no_safe_cross_activity_merge,unknown,needs_review
mp-52195e4feafe44c1,tpa-0417bc1fcd87c3,provisional_singleton,no_safe_cross_activity_merge,unknown,needs_review
mp-cddbf578b7c70f2b,tpa-eb3eb71c90844b,provisional_singleton,no_safe_cross_activity_merge,unknown,needs_review
mp-9137a480aaadf5c7,tpa-4aba01c5b74260,provisional_singleton,no_safe_cross_activity_merge,unknown,needs_review
mp-58ef356a3a7cb1f9,tpa-77239e30beef80,provisional_singleton,no_safe_cross_activity_merge,unknown,needs_review
mp-8e9afa7bf235615d,tpa-4f39ef68ddbe3f,provisional_singleton,no_safe_cross_activity_merge,unknown,needs_review
mp-7bfeddab180e08d4,tpa-88d40d97e1e567,provisional_singleton,no_safe_cross_activity_merge,unknown,needs_review
mp-ec4b23028e3392aa,tpa-95f2a9c0bacd8f,provisional_singleton,no_safe_cross_activity_merge,unknown,needs_review
mp-65ee8a2d958a9e1c,tpa-2d7ba7fde05aee,provisional_singleton,no_safe_cross_activity_merge,unknown,needs_review
mp-1a19a6691432743a,tpa-1759a1f43b0d72,provisional_singleton,no_safe_cross_activity_merge,unknown,needs_review
mp-3ae4c208ccf5eb1f,tpa-d6a6e9abf38502,provisional_singleton,no_safe_cross_activity_merge,unknown,needs_review
mp-28d55baeabacca91,tpa-de083eb4586a23,provisional_singleton,no_safe_cross_activity_merge,unknown,needs_review
mp-bd1c74644c4d6d08,tpa-a50a8d3c8b33f2,provisional_singleton,no_safe_cross_activity_merge,unknown,needs_review
mp-2eea53476ddb84c6,tpa-5964d90853d255,provisional_singleton,no_safe_cross_activity_merge,unknown,needs_review
mp-e483dceac5d8e13d,tpa-4b54d7c0a237f8,provisional_singleton,no_safe_cross_activity_merge,unknown,needs_review
mp-041174cf69d16ee5,tpa-97a028d4d173a7,provisional_singleton,no_safe_cross_activity_merge,unknown,needs_review
mp-3aedfec7d2e4c9ee,tpa-b982457676db58,provisional_singleton,no_safe_cross_activity_merge,unknown,needs_review
mp-5f96d5b82ab17295,tpa-ba4042c2c4ba66,provisional_singleton,no_safe_cross_activity_merge,unknown,needs_review
mp-31f9e6d03770f74f,tpa-ddb815c2f257af,provisional_singleton,no_safe_cross_activity_merge,unknown,needs_review
mp-09dc6dbcebd9abd3,tpa-7af061e51898ed,provisional_singleton,no_safe_cross_activity_merge,unknown,needs_review
mp-0d239bbadc855a1c,tpa-846e81a3895cc5,provisional_singleton,no_safe_cross_activity_merge,unknown,needs_review
mp-09642cd71f95ba7a,tpa-2a3ba1216e4012,provisional_singleton,no_safe_cross_activity_merge,unknown,needs_review
mp-bc56d1e67d7cb748,tpa-c101f18cf8a198,provisional_singleton,no_safe_cross_activity_merge,unknown,needs_review
mp-72934b8bb716fbe9,tpa-e44ba124a7577e,provisional_singleton,no_safe_cross_activity_merge,unknown,needs_review
mp-acc7ef0a4a7267dc,tpa-45bd098be29026,provisional_singleton,no_safe_cross_activity_merge,unknown,needs_review
mp-972f75f991d18610,tpa-9f6f6d54673b61,provisional_singleton,no_safe_cross_activity_merge,unknown,needs_review
mp-ba0453284a3bc816,tpa-14a789b4c706aa,provisional_singleton,no_safe_cross_activity_merge,unknown,needs_review
mp-455f78de0976559c,tpa-9aa8545b12596a,provisional_singleton,no_safe_cross_activity_merge,unknown,needs_review
mp-46ae276578293391,tpa-04390c72aee345,provisional_singleton,no_safe_cross_activity_merge,unknown,needs_review
mp-3c294969bdf8b663,tpa-013db2f55bd4a9,provisional_singleton,no_safe_cross_activity_merge,unknown,needs_review
mp-3c1f6b8a74ac2ed2,tpa-a6d3aab2393a6b,provisional_singleton,no_safe_cross_activity_merge,unknown,needs_review
mp-9809ac6c40c74178,tpa-fbecbba916dfb1,provisional_singleton,no_safe_cross_activity_merge,unknown,needs_review
mp-0248a7cc39a5873f,tpa-c812be03cf333e,provisional_singleton,no_safe_cross_activity_merge,unknown,needs_review
mp-0eca843b0f9b6f2c,tpa-6beb67d1953e4e,provisional_singleton,no_safe_cross_activity_merge,unknown,needs_review
mp-2367ce2b71c3a22a,tpa-d53ea55d5e8922,provisional_singleton,no_safe_cross_activity_merge,unknown,needs_review
mp-04dc100797339203,tpa-e52bbb22849b70,provisional_singleton,no_safe_cross_activity_merge,unknown,needs_review
mp-f75517e6fdbdb997,tpa-e0548cea02b6e1,provisional_singleton,no_safe_cross_activity_merge,unknown,needs_review
mp-f622b6ba01c61611,tpa-ec3e30ca345f62,provisional_singleton,no_safe_cross_activity_merge,unknown,needs_review
mp-74833856ed45fff8,tpa-9415649dcfa6be,provisional_singleton,no_safe_cross_activity_merge,unknown,needs_review
mp-b7294d06b53c9900,tpa-e4a68c12bc953e,provisional_singleton,no_safe_cross_activity_merge,unknown,needs_review
mp-403851e9d8d1feaa,tpa-2ddbf524878341,provisional_singleton,no_safe_cross_activity_merge,unknown,needs_review
mp-a04e3bf3e5a8d24a,tpa-932eb03636507a,provisional_singleton,no_safe_cross_activity_merge,unknown,needs_review
mp-2a1f182fcf6fb3b4,tpa-708e51cbe9d60e,provisional_singleton,no_safe_cross_activity_merge,unknown,needs_review
mp-5600dfa9c543b28f,tpa-6a891edd5548cb,provisional_singleton,no_safe_cross_activity_merge,unknown,needs_review
mp-58e2011e92357a28,tpa-4315e871a7f00f,provisional_singleton,no_safe_cross_activity_merge,unknown,needs_review
mp-17d2bac695e5750b,tpa-c2aa8e782abb52,provisional_singleton,no_safe_cross_activity_merge,unknown,needs_review
mp-d9cedebab7def6bc,tpa-5ee2a8fc03acae,provisional_singleton,no_safe_cross_activity_merge,unknown,needs_review
mp-aa84bce92f2c6e83,tpa-8c06f90e7b777a,provisional_singleton,no_safe_cross_activity_merge,unknown,needs_review
mp-5af59320c3ed6a18,tpa-01e213f7ecde92,provisional_singleton,no_safe_cross_activity_merge,unknown,needs_review
mp-6092d3c11e98d6bb,tpa-c9ca993063894d,provisional_singleton,no_safe_cross_activity_merge,unknown,needs_review
mp-09d40cac386320c6,tpa-8c6d8da4d4c1dc,provisional_singleton,no_safe_cross_activity_merge,unknown,needs_review
mp-dfd6a5c24faae62d,tpa-6643bf8a59e436,provisional_singleton,no_safe_cross_activity_merge,unknown,needs_review
mp-9a3fe757db61db66,tpa-4d57ac68027b86,provisional_singleton,no_safe_cross_activity_merge,unknown,needs_review
mp-d57e55fe4d1cdb9b,tpa-08eff84dfd6c26,provisional_singleton,no_safe_cross_activity_merge,unknown,needs_review
mp-272a5fcd55e3d224,tpa-badf9429d8b62d,provisional_singleton,no_safe_cross_activity_merge,unknown,needs_review
mp-3454e70c26e12f94,tpa-95b4bc533ab4fe,provisional_singleton,no_safe_cross_activity_merge,unknown,needs_review
mp-7ba18ea4de7c8aaa,tpa-84fc0dfdf1ee35,provisional_singleton,no_safe_cross_activity_merge,unknown,needs_review
mp-afb1c41f8c95b988,tpa-fd0b125b099a1e,provisional_singleton,no_safe_cross_activity_merge,unknown,needs_review
mp-ad759370bc7d3c4c,tpa-59b89738ae30b9,provisional_singleton,no_safe_cross_activity_merge,unknown,needs_review
mp-712c1b94e79c515f,tpa-e47ca3a3851408,provisional_singleton,no_safe_cross_activity_merge,unknown,needs_review
mp-358ad90498f5149b,tpa-cb9fd945906610,provisional_singleton,no_safe_cross_activity_merge,unknown,needs_review
mp-bcb01d5e5f514591,tpa-6993be8c6e4802,provisional_singleton,no_safe_cross_activity_merge,unknown,needs_review
mp-8eb24fcc02ec72ed,tpa-4b020af109acdb,provisional_singleton,no_safe_cross_activity_merge,unknown,needs_review
mp-e69eabd0ed9eb02a,tpa-c8448441d4fc2a,provisional_singleton,no_safe_cross_activity_merge,unknown,needs_review
mp-9202b8f86f6bc426,tpa-3b85917bae436a,provisional_singleton,no_safe_cross_activity_merge,unknown,needs_review
mp-a53c6ef97ca6f695,tpa-350650b6bcc790,provisional_singleton,no_safe_cross_activity_merge,unknown,needs_review
mp-91e02e6a692ef499,tpa-b741db146cd4a9,provisional_singleton,no_safe_cross_activity_merge,unknown,needs_review
mp-25c66c11b661a063,tpa-0f28f1007860a8,provisional_singleton,no_safe_cross_activity_merge,unknown,needs_review
mp-80b35be24befa4b7,tpa-136ad8c47c4004,provisional_singleton,no_safe_cross_activity_merge,unknown,needs_review
mp-ee719d3a499258af,tpa-a451a431e8f568,provisional_singleton,no_safe_cross_activity_merge,unknown,needs_review
mp-0e5bb8ed4da9dc2c,tpa-c08496c53917f7,provisional_singleton,no_safe_cross_activity_merge,unknown,needs_review
mp-0cb96981bec88999,tpa-f43acd1c2d1b43,provisional_singleton,no_safe_cross_activity_merge,unknown,needs_review
mp-5bb034fd50abc98d,tpa-2637e6de3d6512,provisional_singleton,no_safe_cross_activity_merge,unknown,needs_review
mp-bb5aefd07855af1b,tpa-1240fa2de033b2,provisional_singleton,no_safe_cross_activity_merge,unknown,needs_review
mp-63bdd40ec7190736,tpa-811edb5a86793f,provisional_singleton,no_safe_cross_activity_merge,unknown,needs_review
mp-e8b55babf42769cf,tpa-4f574427412a2e,provisional_singleton,no_safe_cross_activity_merge,unknown,needs_review
mp-e05ce8e4eb71b7fa,tpa-1aa6da192bef31,provisional_singleton,no_safe_cross_activity_merge,unknown,needs_review
mp-0e44a1af71697c52,tpa-4a29e01b81a6f7,provisional_singleton,no_safe_cross_activity_merge,unknown,needs_review
mp-395b96a7cedebc51,tpa-ce8bdb9c1b7d81,provisional_singleton,no_safe_cross_activity_merge,unknown,needs_review
mp-9c5ab31dd0eeea90,tpa-a330fdd8b80b23,provisional_singleton,no_safe_cross_activity_merge,unknown,needs_review
mp-a6f085fdde65c819,tpa-9c2467bac37218,provisional_singleton,no_safe_cross_activity_merge,unknown,needs_review
mp-547c870ce8c073a9,tpa-8cb9d498d40d9a,provisional_singleton,no_safe_cross_activity_merge,unknown,needs_review
mp-d181ac69b0004278,tpa-09b8b1f5465cfb,provisional_singleton,no_safe_cross_activity_merge,unknown,needs_review
mp-7a0e2642ac6dd29e,tpa-487a705e4681e1,provisional_singleton,no_safe_cross_activity_merge,unknown,needs_review
mp-6e24ed8843a3d72d,tpa-1ad199ceb72ea6,provisional_singleton,no_safe_cross_activity_merge,unknown,needs_review
mp-fe337fb74a9952e2,tpa-dedd2e66fd7375,provisional_singleton,no_safe_cross_activity_merge,unknown,needs_review
mp-cdb250ad0ff6a59d,tpa-124ac81151ad48,provisional_singleton,no_safe_cross_activity_merge,unknown,needs_review
mp-1209911d2afec3bd,tpa-a962984d63f12c,provisional_singleton,no_safe_cross_activity_merge,unknown,needs_review
mp-a616aa77200d6cdc,tpa-c074c2415d7715,provisional_singleton,no_safe_cross_activity_merge,unknown,needs_review
mp-1f1ad69c4b1fd2ce,tpa-0b0bbb4b24216c,provisional_singleton,no_safe_cross_activity_merge,unknown,needs_review
mp-c092e02ce6b2dac9,tpa-75e11d57dfb0b8,provisional_singleton,no_safe_cross_activity_merge,unknown,needs_review
mp-3d20d63007de7a87,tpa-36b850bc5a14f3,provisional_singleton,no_safe_cross_activity_merge,unknown,needs_review
mp-6ab6ff331f5c237d,tpa-955da9d41f111b,provisional_singleton,no_safe_cross_activity_merge,unknown,needs_review
mp-04c06500e1bd79de,tpa-952689e7d57a44,provisional_singleton,no_safe_cross_activity_merge,unknown,needs_review
mp-e82a25dad1777552,tpa-5cd48e592e3d28,provisional_singleton,no_safe_cross_activity_merge,unknown,needs_review
mp-f5da070b7ac9f307,tpa-9541b1e715cfe0,provisional_singleton,no_safe_cross_activity_merge,unknown,needs_review
mp-fba5b74a36308e4b,tpa-7e19316a24edf7,provisional_singleton,no_safe_cross_activity_merge,unknown,needs_review
mp-e5b62365dd7a34e9,tpa-8fb25b129430fe,provisional_singleton,no_safe_cross_activity_merge,unknown,needs_review
mp-f078344183ac2149,tpa-ff3b5ee254b6df,provisional_singleton,no_safe_cross_activity_merge,unknown,needs_review
mp-df5df10da5b7e936,tpa-cff7efe1a6f268,provisional_singleton,no_safe_cross_activity_merge,unknown,needs_review
mp-a1dfc9df391120f8,tpa-0d888d986de3a9,provisional_singleton,no_safe_cross_activity_merge,unknown,needs_review
mp-7e0f863cdfec3d9d,tpa-9c5b6ac1ea80e7,provisional_singleton,no_safe_cross_activity_merge,unknown,needs_review
mp-e63d0aa2743271dc,tpa-864ef5aaabf504,provisional_singleton,no_safe_cross_activity_merge,unknown,needs_review
mp-4add2fb96dd4e0bb,tpa-996c1136a4abae,provisional_singleton,no_safe_cross_activity_merge,unknown,needs_review
mp-a494af69580107e8,tpa-0c2a6281b39abd,provisional_singleton,no_safe_cross_activity_merge,unknown,needs_review
mp-7374702499a90445,tpa-787c8433ac0b11,provisional_singleton,no_safe_cross_activity_merge,unknown,needs_review
mp-76810a4e47ccbb7c,tpa-2ddff3f35fdd6b,provisional_singleton,no_safe_cross_activity_merge,unknown,needs_review
mp-18379f7c689e92a3,tpa-7c09d61a533856,provisional_singleton,no_safe_cross_activity_merge,unknown,needs_review
mp-dbeb58eede783fb9,tpa-060e2b9ee13cb5,provisional_singleton,no_safe_cross_activity_merge,unknown,needs_review
mp-0894263facfb6e7e,tpa-f9b1960298f38e,provisional_singleton,no_safe_cross_activity_merge,unknown,needs_review
mp-1cc60114e21e2295,tpa-9612fd995b1f4d,provisional_singleton,no_safe_cross_activity_merge,unknown,needs_review
mp-cec51a76ac510f9b,tpa-5e5748d81c55e4,provisional_singleton,no_safe_cross_activity_merge,unknown,needs_review
mp-b37936fc6d4ff290,tpa-0f41db34cfdf11,provisional_singleton,no_safe_cross_activity_merge,unknown,needs_review
mp-6de9d7a655d1243e,tpa-3bcc0c2713c7a6,provisional_singleton,no_safe_cross_activity_merge,unknown,needs_review
mp-aa4632ee0e79cadc,tpa-36fa8e42a8df45,provisional_singleton,no_safe_cross_activity_merge,unknown,needs_review
mp-b923529ca2f11379,tpa-a26609c240ab83,provisional_singleton,no_safe_cross_activity_merge,unknown,needs_review
mp-b62a315d9c47c33a,tpa-37530b82a31bf2,provisional_singleton,no_safe_cross_activity_merge,unknown,needs_review
mp-69dca081271017c2,tpa-dd68cb4d8bc38b,provisional_singleton,no_safe_cross_activity_merge,unknown,needs_review
mp-075ef6ee035a6037,tpa-bdf2b4e3a608fe,provisional_singleton,no_safe_cross_activity_merge,unknown,needs_review
mp-c004a6b3f70d9356,tpa-269ba92cdf0156,provisional_singleton,no_safe_cross_activity_merge,unknown,needs_review
mp-5dcf2612892c21fb,tpa-d92d17ff7666c4,provisional_singleton,no_safe_cross_activity_merge,unknown,needs_review
mp-cd1896871e3f6ad2,tpa-4a8beea796f9ae,provisional_singleton,no_safe_cross_activity_merge,unknown,needs_review
mp-fd244332ba992710,tpa-cf8b0377b05e40,provisional_singleton,no_safe_cross_activity_merge,unknown,needs_review
mp-cf12e704cc6b4e8f,tpa-50c2c33b95d1fd,provisional_singleton,no_safe_cross_activity_merge,unknown,needs_review
mp-6053d489f7e5cbdf,tpa-72aac5c5bd0aeb,provisional_singleton,no_safe_cross_activity_merge,unknown,needs_review
mp-4c8a6cdfb7d1af7a,tpa-4c69fbae4aefed,provisional_singleton,no_safe_cross_activity_merge,unknown,needs_review
mp-82438106ad060600,tpa-e3586e790ac3f4,provisional_singleton,no_safe_cross_activity_merge,unknown,needs_review
mp-4b66a3e701371572,tpa-ebf5b2b8c2d226,provisional_singleton,no_safe_cross_activity_merge,unknown,needs_review
mp-f698dc3b8f88a902,tpa-5c780a2e7a0188,provisional_singleton,no_safe_cross_activity_merge,unknown,needs_review
mp-6090f700a576ee98,tpa-8315604e3fc955,provisional_singleton,no_safe_cross_activity_merge,unknown,needs_review
mp-6a425d21ca253ee7,tpa-258d15e56eb1f0,provisional_singleton,no_safe_cross_activity_merge,unknown,needs_review
mp-e3866e6f19132332,tpa-80b50251d99ce3,provisional_singleton,no_safe_cross_activity_merge,unknown,needs_review
mp-cf3c1fcde385a20f,tpa-5853fbc642ed03,provisional_singleton,no_safe_cross_activity_merge,unknown,needs_review
mp-badcaf545169db31,tpa-5bd84ed5116cad,provisional_singleton,no_safe_cross_activity_merge,unknown,needs_review
mp-eaf98bd6c975ec0e,tpa-0742b46bc5e61c,provisional_singleton,no_safe_cross_activity_merge,unknown,needs_review
mp-b9136a0b849138fa,tpa-28ed1261f9044a,provisional_singleton,no_safe_cross_activity_merge,unknown,needs_review
mp-26792cfc57a4c721,tpa-14b09bb3728243,provisional_singleton,no_safe_cross_activity_merge,unknown,needs_review
mp-3ace9e32d9870d18,tpa-4f131f3b66608e,provisional_singleton,no_safe_cross_activity_merge,unknown,needs_review
mp-3981ed5280c6dc33,tpa-34b7218c1fe1e4,provisional_singleton,no_safe_cross_activity_merge,unknown,needs_review
mp-e7ef7b01d802f3d8,tpa-833ba3006a832e,provisional_singleton,no_safe_cross_activity_merge,unknown,needs_review
mp-8fa6e997c498909a,tpa-31b76d0357991d,provisional_singleton,no_safe_cross_activity_merge,unknown,needs_review
mp-408ec72ebad59814,tpa-119ce4ce7e0b65,provisional_singleton,no_safe_cross_activity_merge,unknown,needs_review
mp-6d302509d93c6e8c,tpa-50a7fd05573da1,provisional_singleton,no_safe_cross_activity_merge,unknown,needs_review
mp-91e746d79dc54575,tpa-4f33c4c2d12617,provisional_singleton,no_safe_cross_activity_merge,unknown,needs_review
mp-e62da28d63b846f0,tpa-9aeeb1689d455a,provisional_singleton,no_safe_cross_activity_merge,unknown,needs_review
mp-5f296b5d1f5e13a2,tpa-45378d60227e39,provisional_singleton,no_safe_cross_activity_merge,unknown,needs_review
mp-d2517501c062f8f9,tpa-ce1bc56b276ccf,provisional_singleton,no_safe_cross_activity_merge,unknown,needs_review
mp-0f9f7562c38c5f3b,tpa-545e61d7ecbaf5,provisional_singleton,no_safe_cross_activity_merge,unknown,needs_review
mp-0da0b4e108f8e084,tpa-ccb9780a79d201,provisional_singleton,no_safe_cross_activity_merge,unknown,needs_review
mp-0633747ebca3c6aa,tpa-35b9b97f3d7227,provisional_singleton,no_safe_cross_activity_merge,unknown,needs_review
mp-c30dacf0c22b72f4,tpa-812468aa9ba364,provisional_singleton,no_safe_cross_activity_merge,unknown,needs_review
mp-2e2a472a988502ef,tpa-d4e8eb8a4cafd0,provisional_singleton,no_safe_cross_activity_merge,unknown,needs_review
mp-c5cf68ace65e210d,tpa-dc48aeab5e0373,provisional_singleton,no_safe_cross_activity_merge,unknown,needs_review
mp-3de5bdb8063667c7,tpa-c3c3b3282ff9a2,provisional_singleton,no_safe_cross_activity_merge,unknown,needs_review
mp-24051b8f80a050f2,tpa-c9b2aa4d4a449e,provisional_singleton,no_safe_cross_activity_merge,unknown,needs_review
mp-ce03e1b3d9828ef5,tpa-e69fb24f6f232f,provisional_singleton,no_safe_cross_activity_merge,unknown,needs_review
mp-acfaec15102d6cef,tpa-d3fe9f065c5e1b,provisional_singleton,no_safe_cross_activity_merge,unknown,needs_review
mp-4fb884d2ea9f931a,tpa-4543a98324861f,provisional_singleton,no_safe_cross_activity_merge,unknown,needs_review
mp-3e521444a036b7e1,tpa-d303cd77960d73,provisional_singleton,no_safe_cross_activity_merge,unknown,needs_review
mp-42f546529901a1d0,tpa-957691e0b214a5,provisional_singleton,no_safe_cross_activity_merge,unknown,needs_review
mp-56b4fc2f13b650e7,tpa-77771a3fe6a1a1,provisional_singleton,no_safe_cross_activity_merge,unknown,needs_review
mp-861dfb430b721667,tpa-c33c82b970eaf4,provisional_singleton,no_safe_cross_activity_merge,unknown,needs_review
mp-79ce92ebfecb4282,tpa-a7e6b0c6b9cec0,provisional_singleton,no_safe_cross_activity_merge,unknown,needs_review
mp-b9fef9ec707b182b,tpa-47ef3b24d7213e,provisional_singleton,no_safe_cross_activity_merge,unknown,needs_review
mp-4571f5ab0322dd85,tpa-4e7e46c0d9d4e5,provisional_singleton,no_safe_cross_activity_merge,unknown,needs_review
mp-a2b5bb6f8de4641b,tpa-a95ad854a24323,provisional_singleton,no_safe_cross_activity_merge,unknown,needs_review
mp-0f57e3262fd086a0,tpa-568e9d5acee345,provisional_singleton,no_safe_cross_activity_merge,unknown,needs_review
mp-675d72111e84d009,tpa-951e1ec3d57f7c,provisional_singleton,no_safe_cross_activity_merge,unknown,needs_review
mp-403baa5bf56404bd,tpa-20100da395bb0d,provisional_singleton,no_safe_cross_activity_merge,unknown,needs_review
mp-61cedf362dd83dd8,tpa-5fa4a123a0e6e3,provisional_singleton,no_safe_cross_activity_merge,unknown,needs_review
mp-6d5047625740fb73,tpa-828dd009aca3b8,provisional_singleton,no_safe_cross_activity_merge,unknown,needs_review
mp-61391ac377d9f5b2,tpa-b18c3da49664fe,provisional_singleton,no_safe_cross_activity_merge,unknown,needs_review
mp-fe2cb643b4f29042,tpa-2cb197c3074901,provisional_singleton,no_safe_cross_activity_merge,unknown,needs_review
mp-ce88d51a4a78cdef,tpa-47001d0f806223,provisional_singleton,no_safe_cross_activity_merge,unknown,needs_review
mp-1926ffc78347471d,tpa-488809dc299db3,provisional_singleton,no_safe_cross_activity_merge,unknown,needs_review
mp-4532d406a00ce0f8,tpa-4f5075257f31f8,provisional_singleton,no_safe_cross_activity_merge,unknown,needs_review
mp-e4c1f0b593782e67,tpa-4d70a6c22c08d3,provisional_singleton,no_safe_cross_activity_merge,unknown,needs_review
mp-81c44bd768b8bfef,tpa-a8810aa5e75dbe,provisional_singleton,no_safe_cross_activity_merge,unknown,needs_review
mp-c29ba35f247286a9,tpa-454f1f3ea8406d,provisional_singleton,no_safe_cross_activity_merge,unknown,needs_review
mp-3f9cd46ac631bead,tpa-e68db3c888ea7a,provisional_singleton,no_safe_cross_activity_merge,unknown,needs_review
mp-bebf4152366250e3,tpa-9a5d26340e52a8,provisional_singleton,no_safe_cross_activity_merge,unknown,needs_review
mp-34eee3fa2d8184c0,tpa-4a72ff864bc66c,provisional_singleton,no_safe_cross_activity_merge,unknown,needs_review
mp-eb4ba57515dcecba,tpa-641184c2c4cb95,provisional_singleton,no_safe_cross_activity_merge,unknown,needs_review
mp-78e779b29e2e9fb6,tpa-d16e5ccdfd0989,provisional_singleton,no_safe_cross_activity_merge,unknown,needs_review
mp-beba0c3d93588c31,tpa-c1214d4efa43ff,provisional_singleton,no_safe_cross_activity_merge,unknown,needs_review
mp-d5c0c8be47b1e90a,tpa-f2d39e2048e5fb,provisional_singleton,no_safe_cross_activity_merge,unknown,needs_review
mp-0eb139d10e2ffa12,tpa-8b98c0618bf1da,provisional_singleton,no_safe_cross_activity_merge,unknown,needs_review
mp-9ee634f068256b82,tpa-8eee434c785e0d,provisional_singleton,no_safe_cross_activity_merge,unknown,needs_review
mp-5b56737424de94a7,tpa-aeb38c4d8a2d95,provisional_singleton,no_safe_cross_activity_merge,unknown,needs_review
mp-3ed5701af8ac5fd5,tpa-6cbd40fc336d20,provisional_singleton,no_safe_cross_activity_merge,unknown,needs_review
mp-9d3d9dfd4215790d,tpa-fad009f100f5e9,provisional_singleton,no_safe_cross_activity_merge,unknown,needs_review
mp-194717f54bd94557,tpa-1c2c08feb0fa1a,provisional_singleton,no_safe_cross_activity_merge,unknown,needs_review
mp-77d900c1b05f5a5f,tpa-69605353d4155e,provisional_singleton,no_safe_cross_activity_merge,unknown,needs_review
mp-981512a0a2b75ad2,tpa-54b8778b3a171e,provisional_singleton,no_safe_cross_activity_merge,unknown,needs_review
mp-9974641687a25bf7,tpa-cd5311efe1dede,provisional_singleton,no_safe_cross_activity_merge,unknown,needs_review
mp-4d9a49cad96fd1b7,tpa-df98c3ef86263b,provisional_singleton,no_safe_cross_activity_merge,unknown,needs_review
mp-3dba350bf407d055,tpa-a147036e7f8692,provisional_singleton,no_safe_cross_activity_merge,unknown,needs_review
mp-cf6dd0821f52c5a4,tpa-46411d97dd91d5,provisional_singleton,no_safe_cross_activity_merge,unknown,needs_review
mp-16546496356b59b6,tpa-921964885156a0,provisional_singleton,no_safe_cross_activity_merge,unknown,needs_review
mp-0e81a175943d787f,tpa-2598ddff5e06a6,provisional_singleton,no_safe_cross_activity_merge,unknown,needs_review
mp-564dee478f8e2381,tpa-58f80f77870c5d,provisional_singleton,no_safe_cross_activity_merge,unknown,needs_review
mp-fada67788a7742fd,tpa-8a237e6f5fbdca,provisional_singleton,no_safe_cross_activity_merge,unknown,needs_review
mp-cadccef4140e0fcb,tpa-c2504cfbdd6587,provisional_singleton,no_safe_cross_activity_merge,unknown,needs_review
mp-7def54de6c261b2a,tpa-99fa4376843c17,provisional_singleton,no_safe_cross_activity_merge,unknown,needs_review
mp-b4d8ca25e88832ee,tpa-ba07a5d5ac35bd,provisional_singleton,no_safe_cross_activity_merge,unknown,needs_review
mp-57bfa13f4d8491e3,tpa-cb51b15a560913,provisional_singleton,no_safe_cross_activity_merge,unknown,needs_review
mp-de0395dcb3e3ef29,tpa-0055e806d2e998,provisional_singleton,no_safe_cross_activity_merge,unknown,needs_review
mp-a51340dc6d5def17,tpa-4b64b4280d5412,provisional_singleton,no_safe_cross_activity_merge,unknown,needs_review
mp-ff55d299ba21cb28,tpa-bf49b6ef8a3e2b,provisional_singleton,no_safe_cross_activity_merge,unknown,needs_review
mp-d922de17035f93e3,tpa-c03f572b2cbe2c,provisional_singleton,no_safe_cross_activity_merge,unknown,needs_review
mp-0142a364314977dd,tpa-e8280aaf034cf8,provisional_singleton,no_safe_cross_activity_merge,unknown,needs_review
mp-2c422ad90e89decb,tpa-f2a85ff7b3dda5,provisional_singleton,no_safe_cross_activity_merge,unknown,needs_review
mp-ecb31681fa3b2083,tpa-cb54a6624c5ce9,provisional_singleton,no_safe_cross_activity_merge,unknown,needs_review
mp-42556b2201d212a6,tpa-0932775c849383,provisional_singleton,no_safe_cross_activity_merge,unknown,needs_review
mp-baa8753d90acfc85,tpa-0f27c8e3e4a190,provisional_singleton,no_safe_cross_activity_merge,unknown,needs_review
mp-59f77e1deba09271,tpa-ce9f1eee723714,provisional_singleton,no_safe_cross_activity_merge,unknown,needs_review
mp-b7cfce3b05e8de08,tpa-1ea35e3ba1e04b,provisional_singleton,no_safe_cross_activity_merge,unknown,needs_review
mp-6614fc7b38b6af04,tpa-b0b751553dd485,provisional_singleton,no_safe_cross_activity_merge,unknown,needs_review
mp-d89345a5756946e5,tpa-3212f3cc3b2855,provisional_singleton,no_safe_cross_activity_merge,unknown,needs_review
mp-badc50eaaf715895,tpa-7c219f1032e393,provisional_singleton,no_safe_cross_activity_merge,unknown,needs_review
mp-54e6434db5dad7b4,tpa-03247d66ca75a1,provisional_singleton,no_safe_cross_activity_merge,unknown,needs_review
mp-1b2d9678c2452777,tpa-cfebeaebd3f6c6,provisional_singleton,no_safe_cross_activity_merge,unknown,needs_review
mp-4a782ef605f5d257,tpa-8dc88ba0575e05,provisional_singleton,no_safe_cross_activity_merge,unknown,needs_review
mp-e28ebd25c32e721e,tpa-673955c5f37db0,provisional_singleton,no_safe_cross_activity_merge,unknown,needs_review
mp-7445a517e2195f3f,tpa-9877a5f8b1da0b,provisional_singleton,no_safe_cross_activity_merge,unknown,needs_review
mp-0cc3e5b273f0aa7c,tpa-84cb3a5eb24b4e,provisional_singleton,no_safe_cross_activity_merge,unknown,needs_review
mp-1e021ea2636332fd,tpa-0ed6ca5a2cdae5,provisional_singleton,no_safe_cross_activity_merge,unknown,needs_review
mp-dc5079b564be3ad1,tpa-31e24c891d2f92,provisional_singleton,no_safe_cross_activity_merge,unknown,needs_review
mp-34e469be1ec070bf,tpa-28b5e4092d2aee,provisional_singleton,no_safe_cross_activity_merge,unknown,needs_review
mp-b6eba0355abad9a8,tpa-f24486ebcbdca9,provisional_singleton,no_safe_cross_activity_merge,unknown,needs_review
mp-c42008cc10252d34,tpa-62253fde489651,provisional_singleton,no_safe_cross_activity_merge,unknown,needs_review
mp-dd2d0c1002f6ac41,tpa-97c2b22b6f5549,provisional_singleton,no_safe_cross_activity_merge,unknown,needs_review
mp-20d09b33b6eed67f,tpa-16caf462ffa8b8,provisional_singleton,no_safe_cross_activity_merge,unknown,needs_review
mp-0be370b937ba5881,tpa-4247d2fb359426,provisional_singleton,no_safe_cross_activity_merge,unknown,needs_review
mp-bef9eb76fce21b60,tpa-1d37a301186909,provisional_singleton,no_safe_cross_activity_merge,unknown,needs_review
mp-39098079045ff011,tpa-3c346e6bb0b02f,provisional_singleton,no_safe_cross_activity_merge,unknown,needs_review
mp-079dcc1a9f9a23e4,tpa-800faea43666ee,provisional_singleton,no_safe_cross_activity_merge,unknown,needs_review
mp-ab4d0f79819c5d6d,tpa-b47277b64d4eef,provisional_singleton,no_safe_cross_activity_merge,unknown,needs_review
mp-ea7faf4f729a6943,tpa-8722b02631c2d0,provisional_singleton,no_safe_cross_activity_merge,unknown,needs_review
mp-e85b480d5d82d7c8,tpa-3aa9c7d9a5ac81,provisional_singleton,no_safe_cross_activity_merge,unknown,needs_review
mp-8032540714d6a28f,tpa-34fb32d297ca42,provisional_singleton,no_safe_cross_activity_merge,unknown,needs_review
mp-0c07018dbaa7b469,tpa-d570dccd6fbf7c,provisional_singleton,no_safe_cross_activity_merge,unknown,needs_review
mp-c1c795c2c7c023a1,tpa-155e0655df05cb,provisional_singleton,no_safe_cross_activity_merge,unknown,needs_review
mp-37ba999389d7341d,tpa-dce94fb68a7bb5,provisional_singleton,no_safe_cross_activity_merge,unknown,needs_review
mp-4bdcf1d9525a9e11,tpa-77c99beda356e9,provisional_singleton,no_safe_cross_activity_merge,unknown,needs_review
mp-8d414b572e70edd4,tpa-0379a2633320b9,provisional_singleton,no_safe_cross_activity_merge,unknown,needs_review
mp-acc5a09cd44a1d4c,tpa-d65c9d8a029d3a,provisional_singleton,no_safe_cross_activity_merge,unknown,needs_review
mp-8fc90292625db4d9,tpa-a9a2eaa939e4bc,provisional_singleton,no_safe_cross_activity_merge,unknown,needs_review
mp-ca901b37e6569f2e,tpa-aacb3517a63624,provisional_singleton,no_safe_cross_activity_merge,unknown,needs_review
mp-a84c01419cd8a4ed,tpa-fa5060b2438f7f,provisional_singleton,no_safe_cross_activity_merge,unknown,needs_review
mp-3cfb6dd3305c6e62,tpa-429d672d7a1c19,provisional_singleton,no_safe_cross_activity_merge,unknown,needs_review
mp-b2f178abd863e004,tpa-71ba922da48242,provisional_singleton,no_safe_cross_activity_merge,unknown,needs_review
mp-9e3bb14e5537febf,tpa-55e66f6d1d7c40,provisional_singleton,no_safe_cross_activity_merge,unknown,needs_review
mp-9f9fcf5c01ee9a69,tpa-d52062a0fd0d86,provisional_singleton,no_safe_cross_activity_merge,unknown,needs_review
mp-bb69b47d0f60fbf0,tpa-9c2a2b995e3336,provisional_singleton,no_safe_cross_activity_merge,unknown,needs_review
mp-f019e92dbf39b65e,tpa-bfe47951ea5bea,provisional_singleton,no_safe_cross_activity_merge,unknown,needs_review
mp-c165c2324157eedc,tpa-4a351337c46df6,provisional_singleton,no_safe_cross_activity_merge,unknown,needs_review
mp-934031cc8a3b1df0,tpa-57d105ea04b1c9,provisional_singleton,no_safe_cross_activity_merge,unknown,needs_review
mp-d7d0074432fc8cd2,tpa-e80a7f0c6f0e0f,provisional_singleton,no_safe_cross_activity_merge,unknown,needs_review
mp-8c0563b0bc115d1b,tpa-0523e77d8d20da,provisional_singleton,no_safe_cross_activity_merge,unknown,needs_review
mp-eea1af639fb35d66,tpa-84a98fcb1bcae2,provisional_singleton,no_safe_cross_activity_merge,unknown,needs_review
mp-1b7c738adcdc5d07,tpa-eff726797d593c,provisional_singleton,no_safe_cross_activity_merge,unknown,needs_review
mp-91061eb4b9665404,tpa-d58c64c80a6654,provisional_singleton,no_safe_cross_activity_merge,unknown,needs_review
mp-ecbae36cf2f712be,tpa-5e4fcdcb906be9,provisional_singleton,no_safe_cross_activity_merge,unknown,needs_review
mp-b17d8ed3b2ba2cb4,tpa-13c2ceb279e24c,provisional_singleton,no_safe_cross_activity_merge,unknown,needs_review
mp-88ce4c1e4927d54b,tpa-be427247ca8273,provisional_singleton,no_safe_cross_activity_merge,unknown,needs_review
mp-681af94c599cf8f0,tpa-b4f277b88af18e,provisional_singleton,no_safe_cross_activity_merge,unknown,needs_review
mp-ef3b089e5034f419,tpa-3ade872747fe8c,provisional_singleton,no_safe_cross_activity_merge,unknown,needs_review
mp-abde2bc9ba434a50,tpa-faf8178d36a931,provisional_singleton,no_safe_cross_activity_merge,unknown,needs_review
mp-55327dbc0cecf02b,tpa-8df319d41d6cc5,provisional_singleton,no_safe_cross_activity_merge,unknown,needs_review
mp-28f8d4999114fe7b,tpa-5e84b7afd35560,provisional_singleton,no_safe_cross_activity_merge,unknown,needs_review
mp-327bb1aefd9060fa,tpa-747f5c445ff928,provisional_singleton,no_safe_cross_activity_merge,unknown,needs_review
mp-1f7434a217c20507,tpa-be874703ee4a20,provisional_singleton,no_safe_cross_activity_merge,unknown,needs_review
mp-a1fc9cb2b602bc1a,tpa-b16bb5dbe6bfa0,provisional_singleton,no_safe_cross_activity_merge,unknown,needs_review
mp-1483dbdaafb5f147,tpa-ff70156e988797,provisional_singleton,no_safe_cross_activity_merge,unknown,needs_review
mp-579ec73a287e2feb,tpa-845599e11d236f,provisional_singleton,no_safe_cross_activity_merge,unknown,needs_review
mp-37b735f90600674f,tpa-4d93674b530d00,provisional_singleton,no_safe_cross_activity_merge,unknown,needs_review
mp-f4d0eef33ad82feb,tpa-d119242b4519c2,provisional_singleton,no_safe_cross_activity_merge,unknown,needs_review
mp-781d24a78223bde5,tpa-16a43e58b3ca28,provisional_singleton,no_safe_cross_activity_merge,unknown,needs_review
mp-4bf6e4a88c683c45,tpa-4f1a668eeb8b64,provisional_singleton,no_safe_cross_activity_merge,unknown,needs_review
mp-40350de4a1e67c31,tpa-6b26f10670ec6f,provisional_singleton,no_safe_cross_activity_merge,unknown,needs_review
mp-042d101a1eed7416,tpa-b41208212787c1,provisional_singleton,no_safe_cross_activity_merge,unknown,needs_review
mp-42d8d6747a6e571f,tpa-2a59fe36eb7077,provisional_singleton,no_safe_cross_activity_merge,unknown,needs_review
mp-d2bdef471fccbb97,tpa-753135ef983deb,provisional_singleton,no_safe_cross_activity_merge,unknown,needs_review
mp-c7be7dbba1c97222,tpa-a5f7f3c93d3ab7,provisional_singleton,no_safe_cross_activity_merge,unknown,needs_review
mp-218c5a5bd972f03b,tpa-0b44c2121ce34b,provisional_singleton,no_safe_cross_activity_merge,unknown,needs_review
mp-cfac2ce79364ce3d,tpa-68365bfff88315,provisional_singleton,no_safe_cross_activity_merge,unknown,needs_review
mp-817318c50e190170,tpa-3cf4dfd38f377f,provisional_singleton,no_safe_cross_activity_merge,unknown,needs_review
mp-21de7b84b7fe5021,tpa-67bdab2bebbf6e,provisional_singleton,no_safe_cross_activity_merge,unknown,needs_review
mp-4a16a1a1a631449c,tpa-3c251681b3469a,provisional_singleton,no_safe_cross_activity_merge,unknown,needs_review
mp-eec67bd12d210079,tpa-09b5120d1d7c24,provisional_singleton,no_safe_cross_activity_merge,unknown,needs_review
mp-0f1f866965624640,tpa-bad21aa77dca3b,provisional_singleton,no_safe_cross_activity_merge,unknown,needs_review
mp-4388494272db6d7f,tpa-8971084acb75a6,provisional_singleton,no_safe_cross_activity_merge,unknown,needs_review
mp-6ddf338d6b97cac1,tpa-24f96e9654b9ef,provisional_singleton,no_safe_cross_activity_merge,unknown,needs_review
mp-c88be795d35331d8,tpa-fb6ecdcc75efa5,provisional_singleton,no_safe_cross_activity_merge,unknown,needs_review
mp-28f2a2b5302e30d0,tpa-ae074f0335066d,provisional_singleton,no_safe_cross_activity_merge,unknown,needs_review
mp-ad6e400acc6c00f5,tpa-7f65dabc0d39f1,provisional_singleton,no_safe_cross_activity_merge,unknown,needs_review
mp-847b49797e3ed27b,tpa-fff5b3cdf36fa8,provisional_singleton,no_safe_cross_activity_merge,unknown,needs_review
mp-67a914801484cc46,tpa-e28a969192411f,provisional_singleton,no_safe_cross_activity_merge,unknown,needs_review
mp-dcea08afa29bb1e5,tpa-06f84eb6150e1b,provisional_singleton,no_safe_cross_activity_merge,unknown,needs_review
mp-995dc911f25a1fd0,tpa-c513d0ffc576b5,provisional_singleton,no_safe_cross_activity_merge,unknown,needs_review
mp-969e69601ede3102,tpa-ba552821c3a2dc,provisional_singleton,no_safe_cross_activity_merge,unknown,needs_review
mp-880d69b04289f086,tpa-a11df607f1a8ed,provisional_singleton,no_safe_cross_activity_merge,unknown,needs_review
mp-822c4c36f1570c67,tpa-6c96bc46c8b68a,provisional_singleton,no_safe_cross_activity_merge,unknown,needs_review
mp-aa667a0586d9325e,tpa-8aad57ec1374aa,provisional_singleton,no_safe_cross_activity_merge,unknown,needs_review
mp-ad22fa8c336a95f7,tpa-a69cddc7ee42c0,provisional_singleton,no_safe_cross_activity_merge,unknown,needs_review
mp-694b3132d01dda55,tpa-38c8460b328285,provisional_singleton,no_safe_cross_activity_merge,unknown,needs_review
mp-0e1b8b2bad4918af,tpa-64d492142bd08c,provisional_singleton,no_safe_cross_activity_merge,unknown,needs_review
mp-7ce032e5c8ee36a5,tpa-6815bd7dc0068d,provisional_singleton,no_safe_cross_activity_merge,unknown,needs_review
mp-f08b224a783a8143,tpa-91e26ba076bde5,provisional_singleton,no_safe_cross_activity_merge,unknown,needs_review
mp-afbcf0e5405a3f85,tpa-4c491c74bbd352,provisional_singleton,no_safe_cross_activity_merge,unknown,needs_review
mp-37bd680fb6138fad,tpa-a4e0d1e89335b5,provisional_singleton,no_safe_cross_activity_merge,unknown,needs_review
mp-0d9a81938447326c,tpa-225df8d9d1d7d3,provisional_singleton,no_safe_cross_activity_merge,unknown,needs_review
mp-6a7d14534e5d7c15,tpa-68cd43c8b1519d,provisional_singleton,no_safe_cross_activity_merge,unknown,needs_review
mp-582a51fd3953653b,tpa-18efac5029086e,provisional_singleton,no_safe_cross_activity_merge,unknown,needs_review
mp-6c58cd986a5d09cb,tpa-2d3ae14df8c01f,provisional_singleton,no_safe_cross_activity_merge,unknown,needs_review
mp-46b33fc3e4b6adcb,tpa-e1f6cdc6fbff4e,provisional_singleton,no_safe_cross_activity_merge,unknown,needs_review
mp-4f748888996b7856,tpa-5f53e7bac9b620,provisional_singleton,no_safe_cross_activity_merge,unknown,needs_review
mp-91901a9e758a2cbc,tpa-0506341e9e7f4c,provisional_singleton,no_safe_cross_activity_merge,unknown,needs_review
mp-2121323f66e3511a,tpa-accf34fda337fe,provisional_singleton,no_safe_cross_activity_merge,unknown,needs_review
mp-49716c0991565530,tpa-6d2ee906e3c44f,provisional_singleton,no_safe_cross_activity_merge,unknown,needs_review
mp-f7dfb559cade9662,tpa-06dc5140af837a,provisional_singleton,no_safe_cross_activity_merge,unknown,needs_review
mp-16f57dd05d2b3eb1,tpa-fe64a07876f336,provisional_singleton,no_safe_cross_activity_merge,unknown,needs_review
mp-90091b2b5031c9c4,tpa-e2eefc04a5513e,provisional_singleton,no_safe_cross_activity_merge,unknown,needs_review
mp-1ef04c84a607e6b2,tpa-e8af4e94136767,provisional_singleton,no_safe_cross_activity_merge,unknown,needs_review
mp-a3172f16a9c4aea3,tpa-757503136a2c42,provisional_singleton,no_safe_cross_activity_merge,unknown,needs_review
mp-9bb39737624842e5,tpa-cfb0502c6ee69c,provisional_singleton,no_safe_cross_activity_merge,unknown,needs_review
mp-45fd0364d5d77e5d,tpa-d38d30397269ac,provisional_singleton,no_safe_cross_activity_merge,unknown,needs_review
mp-27fd1b9c2cf8f497,tpa-2f7c6a6e3df233,provisional_singleton,no_safe_cross_activity_merge,unknown,needs_review
mp-3f537d5127627e8e,tpa-13f767ccb5db1e,provisional_singleton,no_safe_cross_activity_merge,unknown,needs_review
mp-004a0cda97a94893,tpa-2fa48cd756d9a2,provisional_singleton,no_safe_cross_activity_merge,unknown,needs_review
mp-adaf7511b9fbba9e,tpa-de4d9cf75a591c,provisional_singleton,no_safe_cross_activity_merge,unknown,needs_review
mp-1cbabe3ee8a93499,tpa-259359778b80f6,provisional_singleton,no_safe_cross_activity_merge,unknown,needs_review
mp-8c1ac6986ee3bd4d,tpa-2a9a2472649341,provisional_singleton,no_safe_cross_activity_merge,unknown,needs_review
mp-4df45ab9b65c89ba,tpa-764dd11659f1eb,provisional_singleton,no_safe_cross_activity_merge,unknown,needs_review
mp-14509f46d6a01233,tpa-ed33819e054cf5,provisional_singleton,no_safe_cross_activity_merge,unknown,needs_review
mp-9a1b5ea060895dee,tpa-ab8fa20325643f,provisional_singleton,no_safe_cross_activity_merge,unknown,needs_review
mp-a05aac752f25acbf,tpa-2fc503f01fa07a,provisional_singleton,no_safe_cross_activity_merge,unknown,needs_review
mp-538fae211855c486,tpa-ca7e547556a454,provisional_singleton,no_safe_cross_activity_merge,unknown,needs_review
mp-b051fbd9cc9a4bba,tpa-d8629c12856a3e,provisional_singleton,no_safe_cross_activity_merge,unknown,needs_review
mp-8e8d4830ec2bb6ac,tpa-316227fb332caf,provisional_singleton,no_safe_cross_activity_merge,unknown,needs_review
mp-67ae8efcb1a9865d,tpa-8d7d8bfd6e3a49,provisional_singleton,no_safe_cross_activity_merge,unknown,needs_review
mp-ee65ff517dbbc31b,tpa-49113affb100a2,provisional_singleton,no_safe_cross_activity_merge,unknown,needs_review
mp-f833ebfcf250597c,tpa-41f6a2b3edcc95,provisional_singleton,no_safe_cross_activity_merge,unknown,needs_review
mp-7049311dac1fb470,tpa-03a64d104efab5,provisional_singleton,no_safe_cross_activity_merge,unknown,needs_review
mp-5ad2a75b8d7de9d3,tpa-36b1ff81498193,provisional_singleton,no_safe_cross_activity_merge,unknown,needs_review
mp-3983f4f61f4f093f,tpa-5baa8a11ffa096,provisional_singleton,no_safe_cross_activity_merge,unknown,needs_review
mp-724924d35f9693b7,tpa-974cf28aab1517,provisional_singleton,no_safe_cross_activity_merge,unknown,needs_review
mp-8cf29f98e6a3df74,tpa-f7acd9ea88a07c,provisional_singleton,no_safe_cross_activity_merge,unknown,needs_review
mp-78c435743eccc61a,tpa-6680544a78b2dd,provisional_singleton,no_safe_cross_activity_merge,unknown,needs_review
mp-1dfccef07d80de83,tpa-b67863b711f049,provisional_singleton,no_safe_cross_activity_merge,unknown,needs_review
mp-ed310ed9682ecfb4,tpa-701e9d11c860b2,provisional_singleton,no_safe_cross_activity_merge,unknown,needs_review
mp-65066f72ec887b4e,tpa-3b3efc43e3d66e,provisional_singleton,no_safe_cross_activity_merge,unknown,needs_review
mp-1c4d92cda6350a03,tpa-2f583f6f51204a,provisional_singleton,no_safe_cross_activity_merge,unknown,needs_review
mp-11a94f49f3857018,tpa-9f059d451112d6,provisional_singleton,no_safe_cross_activity_merge,unknown,needs_review
mp-2906adb3d4b09755,tpa-917d3b96a0247a,provisional_singleton,no_safe_cross_activity_merge,unknown,needs_review
mp-8c3369f06caa8dab,tpa-457de4f98b1664,provisional_singleton,no_safe_cross_activity_merge,unknown,needs_review
mp-ec3730b5782cf13c,tpa-68355ce602a115,provisional_singleton,no_safe_cross_activity_merge,unknown,needs_review
mp-ffad0bd6089ab8fa,tpa-a5f146fae7c064,provisional_singleton,no_safe_cross_activity_merge,unknown,needs_review
mp-ac1224c534bd23a7,tpa-7f0ff0e492b28f,provisional_singleton,no_safe_cross_activity_merge,unknown,needs_review
mp-cb214fb202dd0d64,tpa-dc82d9182ae219,provisional_singleton,no_safe_cross_activity_merge,unknown,needs_review
mp-17a374f53a63f6e8,tpa-1048b6cb3845c1,provisional_singleton,no_safe_cross_activity_merge,unknown,needs_review
mp-ca958b9d9a8fd9a5,tpa-1ac4811618b3d3,provisional_singleton,no_safe_cross_activity_merge,unknown,needs_review
mp-c210f9d1a9f1fbe9,tpa-8ad0d9d89fe439,provisional_singleton,no_safe_cross_activity_merge,unknown,needs_review
mp-a45a7c9fc718363e,tpa-f5b37138d64a41,provisional_singleton,no_safe_cross_activity_merge,unknown,needs_review
mp-a31cc5e57241dc57,tpa-2e5a76ea51ec50,provisional_singleton,no_safe_cross_activity_merge,unknown,needs_review
mp-4ce3c52db2da378b,tpa-72154b43e76241,provisional_singleton,no_safe_cross_activity_merge,unknown,needs_review
mp-180a91260d5aebac,tpa-0dd2e889032cfa,provisional_singleton,no_safe_cross_activity_merge,unknown,needs_review
mp-31b1d1bd052ac6b6,tpa-ba43c3d0dd5857,provisional_singleton,no_safe_cross_activity_merge,unknown,needs_review
mp-dae30d8882e959c8,tpa-4790444b10d1da,provisional_singleton,no_safe_cross_activity_merge,unknown,needs_review
mp-866543464371faff,tpa-c666aedc3672c9,provisional_singleton,no_safe_cross_activity_merge,unknown,needs_review
mp-37b16f456057b102,tpa-51436f3a21c595,provisional_singleton,no_safe_cross_activity_merge,unknown,needs_review
mp-cc9e871c0d16fa29,tpa-e4eaa0c4f1d952,provisional_singleton,no_safe_cross_activity_merge,unknown,needs_review
mp-d2e687db1c8f8e36,tpa-80a643be144cb2,provisional_singleton,no_safe_cross_activity_merge,unknown,needs_review
mp-629221555904de6d,tpa-0e0c3714de268e,provisional_singleton,no_safe_cross_activity_merge,unknown,needs_review
mp-6ebf4488676c6723,tpa-13a52e5eb28ff9,provisional_singleton,no_safe_cross_activity_merge,unknown,needs_review
mp-cf585343ee85497f,tpa-3043eb68fa9249,provisional_singleton,no_safe_cross_activity_merge,unknown,needs_review
mp-e1e29df596bb14f3,tpa-024fafce1b1110,provisional_singleton,no_safe_cross_activity_merge,unknown,needs_review
mp-264511c8df5935e5,tpa-a2728336cf2855,provisional_singleton,no_safe_cross_activity_merge,unknown,needs_review
mp-1a07c036b89968de,tpa-37dde4dcf4e0a7,provisional_singleton,no_safe_cross_activity_merge,unknown,needs_review
mp-78929b27552070d5,tpa-7752b16f450011,provisional_singleton,no_safe_cross_activity_merge,unknown,needs_review
mp-4e8ae21a90e3811a,tpa-c7372a5e4ee32b,provisional_singleton,no_safe_cross_activity_merge,unknown,needs_review
mp-d4fe6a92613c1940,tpa-457e675bcbfce4,provisional_singleton,no_safe_cross_activity_merge,unknown,needs_review
mp-ea6d220a6073d960,tpa-ffd14376cccdbd,provisional_singleton,no_safe_cross_activity_merge,unknown,needs_review
mp-f2b51bdd12eb5243,tpa-c9a76ceb1d5c1d,provisional_singleton,no_safe_cross_activity_merge,unknown,needs_review
mp-fa8d4aff25aa422d,tpa-93ad1e0ad1e73a,provisional_singleton,no_safe_cross_activity_merge,unknown,needs_review
mp-be4f5e9d0b902b90,tpa-159e2a073a10e3,provisional_singleton,no_safe_cross_activity_merge,unknown,needs_review
mp-c908ad71b809aeec,tpa-c9a60883826e43,provisional_singleton,no_safe_cross_activity_merge,unknown,needs_review
mp-30acb75e70ee2ebe,tpa-48f9e2c175a307,provisional_singleton,no_safe_cross_activity_merge,unknown,needs_review
mp-5625f7ba34c84b14,tpa-a505f55a297583,provisional_singleton,no_safe_cross_activity_merge,unknown,needs_review
mp-9b938e08ab3baa6a,tpa-1f02edd7c1b166,provisional_singleton,no_safe_cross_activity_merge,unknown,needs_review
mp-ec0668d83806ed3c,tpa-14fcd601cc86a0,provisional_singleton,no_safe_cross_activity_merge,unknown,needs_review
mp-0e887a6fe7e88eed,tpa-d0dbc1ea81a8fa,provisional_singleton,no_safe_cross_activity_merge,unknown,needs_review
mp-af51b1cac24973e4,tpa-ec4a5770e5f9a0,provisional_singleton,no_safe_cross_activity_merge,unknown,needs_review
mp-e0e0e8e08d37d900,tpa-d687a9f664587c,provisional_singleton,no_safe_cross_activity_merge,unknown,needs_review
mp-ed1e348df09479e6,tpa-84565d038cc7d0,provisional_singleton,no_safe_cross_activity_merge,unknown,needs_review
mp-d8ea8ecd44d43862,tpa-0a67b4c1803ebe,provisional_singleton,no_safe_cross_activity_merge,unknown,needs_review
mp-a5ac1c86a5c25d33,tpa-053a574fda4f86,provisional_singleton,no_safe_cross_activity_merge,unknown,needs_review
mp-d4c9ac0e274f0a08,tpa-ecdc9da999493e,provisional_singleton,no_safe_cross_activity_merge,unknown,needs_review
mp-2cbc71c3a1cbb90a,tpa-30a9a069a9b095,provisional_singleton,no_safe_cross_activity_merge,unknown,needs_review
mp-f0ecf1719b4d83ae,tpa-a77207769e2268,provisional_singleton,no_safe_cross_activity_merge,unknown,needs_review
mp-d7d7976c48377afa,tpa-86f66828faf30f,provisional_singleton,no_safe_cross_activity_merge,unknown,needs_review
mp-7f5eb2861bafcd4a,tpa-2fc0a2704be03b,provisional_singleton,no_safe_cross_activity_merge,unknown,needs_review
mp-febb9d97a04ec55f,tpa-653e23e2977bdc,provisional_singleton,no_safe_cross_activity_merge,unknown,needs_review
mp-6a818f24d641dc2b,tpa-9cd31410204f39,provisional_singleton,no_safe_cross_activity_merge,unknown,needs_review
mp-19bb5b4fc61fdfc4,tpa-245030a325b815,provisional_singleton,no_safe_cross_activity_merge,unknown,needs_review
mp-60638c03aee6796e,tpa-511d1ae2292f54,provisional_singleton,no_safe_cross_activity_merge,unknown,needs_review
mp-e17201d8323d1b0b,tpa-45a0537d6e584f,provisional_singleton,no_safe_cross_activity_merge,unknown,needs_review
mp-ee3658662f5751ff,tpa-51bfe76f29d8ad,provisional_singleton,no_safe_cross_activity_merge,unknown,needs_review
mp-0e63faa8a4334bf1,tpa-c7d017e71bbdf6,provisional_singleton,no_safe_cross_activity_merge,unknown,needs_review
mp-784f3d1887410611,tpa-eb3f00b3b36e74,provisional_singleton,no_safe_cross_activity_merge,unknown,needs_review
mp-2012c04c10cca91b,tpa-edd16ea03e4459,provisional_singleton,no_safe_cross_activity_merge,unknown,needs_review
mp-59341eecc9ed43d9,tpa-0bd5a7d093f8e7,provisional_singleton,no_safe_cross_activity_merge,unknown,needs_review
mp-3c2dae8b53381873,tpa-1a794081c1cc17,provisional_singleton,no_safe_cross_activity_merge,unknown,needs_review
mp-d449f29fd231a9b8,tpa-bcc3cf27d4d5c6,provisional_singleton,no_safe_cross_activity_merge,unknown,needs_review
mp-8187c8a113a3ebb5,tpa-9d627e95ad566a,provisional_singleton,no_safe_cross_activity_merge,unknown,needs_review
mp-0130a43f9ef0cfd5,tpa-e2ad1f0c38e9c8,provisional_singleton,no_safe_cross_activity_merge,unknown,needs_review
mp-5962602cdc3dd2a0,tpa-37a87599ccecee,provisional_singleton,no_safe_cross_activity_merge,unknown,needs_review
mp-30acacecdf1230bb,tpa-584a99df2702ae,provisional_singleton,no_safe_cross_activity_merge,unknown,needs_review
mp-377cff847a6c9763,tpa-6465cd2a3d7f68,provisional_singleton,no_safe_cross_activity_merge,unknown,needs_review
mp-25150ebbb55c4f65,tpa-e0134b47a3932e,provisional_singleton,no_safe_cross_activity_merge,unknown,needs_review
mp-1399d20fe48b241e,tpa-17cbc5722b1577,provisional_singleton,no_safe_cross_activity_merge,unknown,needs_review
mp-5e0ba070bed9d944,tpa-76514f256dd0dc,provisional_singleton,no_safe_cross_activity_merge,unknown,needs_review
mp-d6f796d859c4564d,tpa-26f225c99a6abd,provisional_singleton,no_safe_cross_activity_merge,unknown,needs_review
mp-0c85c55a0da216df,tpa-96b96ea21b7a9d,provisional_singleton,no_safe_cross_activity_merge,unknown,needs_review
mp-131427346bf7ab69,tpa-000f7ef41912eb,provisional_singleton,no_safe_cross_activity_merge,unknown,needs_review
mp-64a2387948f7102f,tpa-99ec3fb643fa54,provisional_singleton,no_safe_cross_activity_merge,unknown,needs_review
mp-018f5d683792f3dd,tpa-a7e6f0d4aba912,provisional_singleton,no_safe_cross_activity_merge,unknown,needs_review
mp-d60f9cd836c577ce,tpa-c644735edbb543,provisional_singleton,no_safe_cross_activity_merge,unknown,needs_review
mp-f79e5bf2c2638a37,tpa-0da237184a1f68,provisional_singleton,no_safe_cross_activity_merge,unknown,needs_review
mp-ad98a656febad3c0,tpa-6fe376259e98b1,provisional_singleton,no_safe_cross_activity_merge,unknown,needs_review
mp-ccbb6b216b0f04d4,tpa-5011e5ed58e35c,provisional_singleton,no_safe_cross_activity_merge,unknown,needs_review
mp-3f1ce5888527a74e,tpa-ce793ae7d6bb38,provisional_singleton,no_safe_cross_activity_merge,unknown,needs_review
mp-279ca195ac7a8309,tpa-d6fc99d8bb36a3,provisional_singleton,no_safe_cross_activity_merge,unknown,needs_review
mp-15d5cd6ef29e71d5,tpa-4223c0a7145e64,provisional_singleton,no_safe_cross_activity_merge,unknown,needs_review
mp-53c92e47571caa6c,tpa-f4ee3fb8ed87fa,provisional_singleton,no_safe_cross_activity_merge,unknown,needs_review
mp-dbd3772b7cae2aa1,tpa-b1f30bef4aeaff,provisional_singleton,no_safe_cross_activity_merge,unknown,needs_review
mp-ff8954f6fbfc84ce,tpa-e2f92367144064,provisional_singleton,no_safe_cross_activity_merge,unknown,needs_review
mp-27fd87bc3cbfb1ea,tpa-8047de628cfebe,provisional_singleton,no_safe_cross_activity_merge,unknown,needs_review
mp-d280621e42fe724d,tpa-f14d89bfd73483,provisional_singleton,no_safe_cross_activity_merge,unknown,needs_review
mp-e86e365463e4f9f0,tpa-e58fa376d604d2,provisional_singleton,no_safe_cross_activity_merge,unknown,needs_review
mp-6d26b24f1ae4a1e3,tpa-0b561fe775208d,provisional_singleton,no_safe_cross_activity_merge,unknown,needs_review
mp-16aceb8a68a83394,tpa-b7618df7784dd1,provisional_singleton,no_safe_cross_activity_merge,unknown,needs_review
mp-87ee60f38f826f0c,tpa-e29a8fc6b61a97,provisional_singleton,no_safe_cross_activity_merge,unknown,needs_review
mp-8ab518e5cf32751f,tpa-00a7e626430c84,provisional_singleton,no_safe_cross_activity_merge,unknown,needs_review
mp-d327e08f54b86a9a,tpa-459e76a973db5e,provisional_singleton,no_safe_cross_activity_merge,unknown,needs_review
mp-15ae0d05e0e48f40,tpa-0484a3f2f67485,provisional_singleton,no_safe_cross_activity_merge,unknown,needs_review
mp-40e26460f127db05,tpa-f5fd786cb76d10,provisional_singleton,no_safe_cross_activity_merge,unknown,needs_review
mp-98cf712f415df670,tpa-11c59ecbb0efbd,provisional_singleton,no_safe_cross_activity_merge,unknown,needs_review
mp-fceea72528beaaed,tpa-35547515486407,provisional_singleton,no_safe_cross_activity_merge,unknown,needs_review
mp-7a58d2466ce27d2f,tpa-537a913bea2148,provisional_singleton,no_safe_cross_activity_merge,unknown,needs_review
mp-954c3c647fa3c902,tpa-960d867d39fccc,provisional_singleton,no_safe_cross_activity_merge,unknown,needs_review
mp-656537cf4ce6173d,tpa-4561af57fa6795,provisional_singleton,no_safe_cross_activity_merge,unknown,needs_review
mp-d07ed3a2f37fe7f8,tpa-ff99615f4862d7,provisional_singleton,no_safe_cross_activity_merge,unknown,needs_review
mp-58b42afee7066a57,tpa-8c395af53bd263,provisional_singleton,no_safe_cross_activity_merge,unknown,needs_review
mp-a5012e2b70e52261,tpa-a732a51d6cdf33,provisional_singleton,no_safe_cross_activity_merge,unknown,needs_review
mp-24392965b8c78975,tpa-0761363b501642,provisional_singleton,no_safe_cross_activity_merge,unknown,needs_review
mp-ed216adc845e113f,tpa-c15b0aac43abb4,provisional_singleton,no_safe_cross_activity_merge,unknown,needs_review
mp-a6c4e01f404ead43,tpa-c13c4f9b3cebf4,provisional_singleton,no_safe_cross_activity_merge,unknown,needs_review
mp-846c2fed3a4ee5a4,tpa-d4705eb36b3f41,provisional_singleton,no_safe_cross_activity_merge,unknown,needs_review
mp-b22ac88e1e51e248,tpa-15c61cbc9efd5d,provisional_singleton,no_safe_cross_activity_merge,unknown,needs_review
mp-7fe9092d8c3b6f7a,tpa-76e76db499fe64,provisional_singleton,no_safe_cross_activity_merge,unknown,needs_review
mp-47d15131adc710e9,tpa-7a2825941991ae,provisional_singleton,no_safe_cross_activity_merge,unknown,needs_review
mp-6936e9750ac558ab,tpa-c71a9442c37bb6,provisional_singleton,no_safe_cross_activity_merge,unknown,needs_review
mp-d8e8df336ae4580b,tpa-d17365c1d520df,provisional_singleton,no_safe_cross_activity_merge,unknown,needs_review
mp-7559030dd984b3cc,tpa-1c600b6c876651,provisional_singleton,no_safe_cross_activity_merge,unknown,needs_review
mp-ccc826fd5b29185d,tpa-e88095da4f1f74,provisional_singleton,no_safe_cross_activity_merge,unknown,needs_review
mp-60996eefd5f6eadd,tpa-6f28800e7c31f9,provisional_singleton,no_safe_cross_activity_merge,unknown,needs_review
mp-399ed42ef87777ae,tpa-5b4b9b4bd2e2bb,provisional_singleton,no_safe_cross_activity_merge,unknown,needs_review
mp-daa9ab99018a1fa8,tpa-489a3571d22c4c,provisional_singleton,no_safe_cross_activity_merge,unknown,needs_review
mp-b0203a4c9edf0a58,tpa-aa7f5b97813818,provisional_singleton,no_safe_cross_activity_merge,unknown,needs_review
mp-e560acc594e08df1,tpa-8fbe2bf04c79ec,provisional_singleton,no_safe_cross_activity_merge,unknown,needs_review
mp-ff9d9a67fbb55c3e,tpa-b009cc2227a7f2,provisional_singleton,no_safe_cross_activity_merge,unknown,needs_review
mp-b6ed4eeab68bc206,tpa-33a93f3d1d359a,provisional_singleton,no_safe_cross_activity_merge,unknown,needs_review
mp-98b8b4d67ec5e329,tpa-9b7dc01500efb5,provisional_singleton,no_safe_cross_activity_merge,unknown,needs_review
mp-e437f52b7f6d88d2,tpa-330f0b3c19fb4a,provisional_singleton,no_safe_cross_activity_merge,unknown,needs_review
mp-7bd9fde5d82a4a11,tpa-98837d4f727053,provisional_singleton,no_safe_cross_activity_merge,unknown,needs_review
mp-6e87519c515eeaec,tpa-fd69e659ddc472,provisional_singleton,no_safe_cross_activity_merge,unknown,needs_review
mp-ce1c41f6163c800c,tpa-e66cf33c70af0c,provisional_singleton,no_safe_cross_activity_merge,unknown,needs_review
mp-0275106c6de988e9,tpa-ba4a949c34007a,provisional_singleton,no_safe_cross_activity_merge,unknown,needs_review
mp-b57893785b23c851,tpa-fc10850fa9d67e,provisional_singleton,no_safe_cross_activity_merge,unknown,needs_review
mp-d4ffcb72c6fccccf,tpa-6f776854995f1a,provisional_singleton,no_safe_cross_activity_merge,unknown,needs_review
mp-52a1216e454c9083,tpa-8afd6bf531261b,provisional_singleton,no_safe_cross_activity_merge,unknown,needs_review
mp-db9654c19d4ffb72,tpa-8323d4dff59e40,provisional_singleton,no_safe_cross_activity_merge,unknown,needs_review
mp-14fc7b6ebd9cdf4c,tpa-3ae1044fe73b15,provisional_singleton,no_safe_cross_activity_merge,unknown,needs_review
mp-96afa62e8e73a0f4,tpa-a5b9a3d0528238,provisional_singleton,no_safe_cross_activity_merge,unknown,needs_review
mp-fc6a073a8e316cde,tpa-ab4846a000e56e,provisional_singleton,no_safe_cross_activity_merge,unknown,needs_review
mp-e3aabf2fb77dc97b,tpa-d7a4366e296bce,provisional_singleton,no_safe_cross_activity_merge,unknown,needs_review
mp-ee4517f42dff7cce,tpa-94ed3dffc9f19d,provisional_singleton,no_safe_cross_activity_merge,unknown,needs_review
mp-39d2558550eda554,tpa-545e88d2745544,provisional_singleton,no_safe_cross_activity_merge,unknown,needs_review
mp-6060c41812ecb516,tpa-da9744392fb90e,provisional_singleton,no_safe_cross_activity_merge,unknown,needs_review
mp-266141a4c3ef3e66,tpa-89ada9e6efd173,provisional_singleton,no_safe_cross_activity_merge,unknown,needs_review
mp-8ff16c97aac456b4,tpa-4f2649f98ec799,provisional_singleton,no_safe_cross_activity_merge,unknown,needs_review
mp-d809330101217f06,tpa-b086eca67a5628,provisional_singleton,no_safe_cross_activity_merge,unknown,needs_review
mp-fe1684a9d2c4485c,tpa-64ee1c9d095c00,provisional_singleton,no_safe_cross_activity_merge,unknown,needs_review
mp-ee246a85788abb4c,tpa-97327cdaea3153,provisional_singleton,no_safe_cross_activity_merge,unknown,needs_review
mp-d6260293ea79b320,tpa-61f331bfe693bc,provisional_singleton,no_safe_cross_activity_merge,unknown,needs_review
mp-d435ce141f840c6a,tpa-52e7814c3f36f7,provisional_singleton,no_safe_cross_activity_merge,unknown,needs_review
mp-699995ef68af2c60,tpa-2a0ee014f79945,provisional_singleton,no_safe_cross_activity_merge,unknown,needs_review
mp-7e4fb190ca12db5f,tpa-eff0c2265e1bdd,provisional_singleton,no_safe_cross_activity_merge,unknown,needs_review
mp-9580883077a4fcf3,tpa-6a5fa4e799182c,provisional_singleton,no_safe_cross_activity_merge,unknown,needs_review
mp-3ce69be134ba7117,tpa-9891ebe018edb3,provisional_singleton,no_safe_cross_activity_merge,unknown,needs_review
mp-709d398aa6cb558d,tpa-fd097511c43aaa,provisional_singleton,no_safe_cross_activity_merge,unknown,needs_review
mp-1aba6314d5e11561,tpa-0bfece608c27b5,provisional_singleton,no_safe_cross_activity_merge,unknown,needs_review
mp-9e45561f0922eef7,tpa-70220439284dac,provisional_singleton,no_safe_cross_activity_merge,unknown,needs_review
mp-fa58acfc3d28005e,tpa-4a4ebb4ad2bcd7,provisional_singleton,no_safe_cross_activity_merge,unknown,needs_review
mp-e74e09e67b7b7d96,tpa-6b639b93cbe08b,provisional_singleton,no_safe_cross_activity_merge,unknown,needs_review
mp-3d654fa4801f6bb8,tpa-8491a3f3e7b57a,provisional_singleton,no_safe_cross_activity_merge,unknown,needs_review
mp-1a3d1eb500e60443,tpa-47caab8a1599c7,provisional_singleton,no_safe_cross_activity_merge,unknown,needs_review
mp-aef9af665ba2749a,tpa-623087de4f900c,provisional_singleton,no_safe_cross_activity_merge,unknown,needs_review
mp-f2a9ddae8c5523da,tpa-a181c095b1631e,provisional_singleton,no_safe_cross_activity_merge,unknown,needs_review
mp-cf0fa2b4deb55939,tpa-0e1f94acc4af98,provisional_singleton,no_safe_cross_activity_merge,unknown,needs_review
mp-40f6a98c290a6284,tpa-ec61187e51f3b0,provisional_singleton,no_safe_cross_activity_merge,unknown,needs_review
mp-dac8a7004b8dc645,tpa-5200b32795a081,provisional_singleton,no_safe_cross_activity_merge,unknown,needs_review
mp-d30548cf7e063430,tpa-cc017e7436b886,provisional_singleton,no_safe_cross_activity_merge,unknown,needs_review
mp-1e3c5a004302a69b,tpa-79708bcba2f64f,provisional_singleton,no_safe_cross_activity_merge,unknown,needs_review
mp-29f2bfc938c3b932,tpa-b967556819f971,provisional_singleton,no_safe_cross_activity_merge,unknown,needs_review
mp-6e06d0f4790cc2b6,tpa-bbe4a16043acb4,provisional_singleton,no_safe_cross_activity_merge,unknown,needs_review
mp-fa5d0120647c3966,tpa-5f66445dd45e73,provisional_singleton,no_safe_cross_activity_merge,unknown,needs_review
mp-6c3a3903eec7f6bb,tpa-bb7f59f71ea4fa,provisional_singleton,no_safe_cross_activity_merge,unknown,needs_review
mp-190bfe40654034a5,tpa-49869351fbf811,provisional_singleton,no_safe_cross_activity_merge,unknown,needs_review
mp-ec2dc29b45a72014,tpa-c1448e35513fa6,provisional_singleton,no_safe_cross_activity_merge,unknown,needs_review
mp-ac094a2b18272a86,tpa-1be5dd248ac123,provisional_singleton,no_safe_cross_activity_merge,unknown,needs_review
mp-afd5d68a597fdafb,tpa-250a8f5faf6051,provisional_singleton,no_safe_cross_activity_merge,unknown,needs_review
mp-bcd8490b1e1f65c3,tpa-3e8b390057d2ec,provisional_singleton,no_safe_cross_activity_merge,unknown,needs_review
mp-ebf8d33f11c38449,tpa-eb5fbd67f333da,provisional_singleton,no_safe_cross_activity_merge,unknown,needs_review
mp-7fa99390f8231889,tpa-bf357a528a9806,provisional_singleton,no_safe_cross_activity_merge,unknown,needs_review
mp-53fcfcbc58378807,tpa-d06f00ff62362f,provisional_singleton,no_safe_cross_activity_merge,unknown,needs_review
mp-7e61636936fccac8,tpa-dd3cf936bf926e,provisional_singleton,no_safe_cross_activity_merge,unknown,needs_review
mp-fae6430ed33fe93c,tpa-e34deddfa426c9,provisional_singleton,no_safe_cross_activity_merge,unknown,needs_review
mp-5bcff0a47ab3ac52,tpa-7468954a8296b7,provisional_singleton,no_safe_cross_activity_merge,unknown,needs_review
mp-6e42d40c34980ba5,tpa-dae5e6ec984f41,provisional_singleton,no_safe_cross_activity_merge,unknown,needs_review
mp-c132b34b13a15bbe,tpa-449884b54b0d1b,provisional_singleton,no_safe_cross_activity_merge,unknown,needs_review
mp-2ce9cc1f2c81476c,tpa-ab63fbcfaa71f0,provisional_singleton,no_safe_cross_activity_merge,unknown,needs_review
mp-15d37324f54f1e50,tpa-dba5a1180e73b0,provisional_singleton,no_safe_cross_activity_merge,unknown,needs_review
mp-80acc232e021dd79,tpa-8624d7ab20bd7f,provisional_singleton,no_safe_cross_activity_merge,unknown,needs_review
mp-32eb6f09979a8ceb,tpa-4c877d1b40de87,provisional_singleton,no_safe_cross_activity_merge,unknown,needs_review
mp-72f4f84003a2c07b,tpa-51c019c31dc33a,provisional_singleton,no_safe_cross_activity_merge,unknown,needs_review
mp-85200f93bb54edc1,tpa-2b4a16aeec51d1,provisional_singleton,no_safe_cross_activity_merge,unknown,needs_review
mp-3ec37d49f0152fb2,tpa-0450dd20cf6850,provisional_singleton,no_safe_cross_activity_merge,unknown,needs_review
mp-c5fbd33087343b07,tpa-a35a4a75fd4820,provisional_singleton,no_safe_cross_activity_merge,unknown,needs_review
mp-7506d2acbef75732,tpa-8486392cf72c14,provisional_singleton,no_safe_cross_activity_merge,unknown,needs_review
mp-35c69b2624785196,tpa-dbb4bb147cac17,provisional_singleton,no_safe_cross_activity_merge,unknown,needs_review
mp-c98f675b9b786b0e,tpa-8e37b8fb17cee8,provisional_singleton,no_safe_cross_activity_merge,unknown,needs_review
mp-a554b120122c283d,tpa-4c894bd2f47551,provisional_singleton,no_safe_cross_activity_merge,unknown,needs_review
mp-40ea85ccb0d1e20b,tpa-bd93048ff170ca,provisional_singleton,no_safe_cross_activity_merge,unknown,needs_review
mp-490cb18d1372ea5d,tpa-1fb0e222223379,provisional_singleton,no_safe_cross_activity_merge,unknown,needs_review
mp-8d7f63547644a604,tpa-cd4ed69c378986,provisional_singleton,no_safe_cross_activity_merge,unknown,needs_review
mp-d61e564945265372,tpa-1f86c25b8416e4,provisional_singleton,no_safe_cross_activity_merge,unknown,needs_review
mp-5401070772538460,tpa-fe08173c20acbb,provisional_singleton,no_safe_cross_activity_merge,unknown,needs_review
mp-5600c5b9095806af,tpa-b0975ce69e922f,provisional_singleton,no_safe_cross_activity_merge,unknown,needs_review
mp-19f8734d59b9b27d,tpa-3172f6af3f5aaf,provisional_singleton,no_safe_cross_activity_merge,unknown,needs_review
mp-a620679b5a2a3ebb,tpa-9102767033089d,provisional_singleton,no_safe_cross_activity_merge,unknown,needs_review
mp-b25f89b2538eddc8,tpa-b98f1cadf39fa3,provisional_singleton,no_safe_cross_activity_merge,unknown,needs_review
mp-2708280c2712fcbf,tpa-ca5fb9eae9e92a,provisional_singleton,no_safe_cross_activity_merge,unknown,needs_review
mp-6ee774f921ce9edd,tpa-a357330cddd2cf,provisional_singleton,no_safe_cross_activity_merge,unknown,needs_review
mp-a69c4825649d3942,tpa-29d52b9c52c469,provisional_singleton,no_safe_cross_activity_merge,unknown,needs_review
mp-c00275dbc47f8ef6,tpa-e4c41bba786194,provisional_singleton,no_safe_cross_activity_merge,unknown,needs_review
mp-ee92375f8dc857fa,tpa-cebd3559685244,provisional_singleton,no_safe_cross_activity_merge,unknown,needs_review
mp-802645b2eeac6b0a,tpa-0fae9d7ce1f9b7,provisional_singleton,no_safe_cross_activity_merge,unknown,needs_review
mp-ac61792aada3dca4,tpa-681d715be6a727,provisional_singleton,no_safe_cross_activity_merge,unknown,needs_review
mp-6917cac89c4d1f51,tpa-e03d108007dce2,provisional_singleton,no_safe_cross_activity_merge,unknown,needs_review
mp-f316f28557ab3e59,tpa-0b95456530c0c4,provisional_singleton,no_safe_cross_activity_merge,unknown,needs_review
mp-7df01f72ff283d4e,tpa-5b187d3897f265,provisional_singleton,no_safe_cross_activity_merge,unknown,needs_review
mp-63598bc114079de8,tpa-22fe8aabe978fd,provisional_singleton,no_safe_cross_activity_merge,unknown,needs_review
mp-f5f800349520ff17,tpa-804f34459c54c6,provisional_singleton,no_safe_cross_activity_merge,unknown,needs_review
mp-1036ade26387f0b8,tpa-8b6f4b81492e85,provisional_singleton,no_safe_cross_activity_merge,unknown,needs_review
mp-fec9031ab26adcf0,tpa-8a8e962a1daa98,provisional_singleton,no_safe_cross_activity_merge,unknown,needs_review
mp-c5d659e287738434,tpa-c768fb60f5036e,provisional_singleton,no_safe_cross_activity_merge,unknown,needs_review
mp-a9b681814142ee92,tpa-0aa06558cc9e31,provisional_singleton,no_safe_cross_activity_merge,unknown,needs_review
mp-adb466634e42c92d,tpa-df11dfc02a569c,provisional_singleton,no_safe_cross_activity_merge,unknown,needs_review
mp-51b1d2b9495ebbd9,tpa-a814d8386a6d65,provisional_singleton,no_safe_cross_activity_merge,unknown,needs_review
mp-9eb52f3a731d9fc8,tpa-a7aefa8e7ae081,provisional_singleton,no_safe_cross_activity_merge,unknown,needs_review
mp-92c25b873fd19f0a,tpa-8c1b5d5e2cc99a,provisional_singleton,no_safe_cross_activity_merge,unknown,needs_review
mp-32fbfcd116e54732,tpa-05f205cb65f2de,provisional_singleton,no_safe_cross_activity_merge,unknown,needs_review
mp-0074ac99cf11abd2,tpa-7bdbda744b30dc,provisional_singleton,no_safe_cross_activity_merge,unknown,needs_review
mp-5ef023d25066dcc7,tpa-ecb7059fa8c6c1,provisional_singleton,no_safe_cross_activity_merge,unknown,needs_review
mp-d48c381a8e98ecbf,tpa-915ffeffc22ea4,provisional_singleton,no_safe_cross_activity_merge,unknown,needs_review
mp-ffe8d93d9538b403,tpa-b6572cd1026062,provisional_singleton,no_safe_cross_activity_merge,unknown,needs_review
mp-2a6247e032852b6e,tpa-917a47de21c4dd,provisional_singleton,no_safe_cross_activity_merge,unknown,needs_review
mp-4b9f52d19db7a037,tpa-598777ab8fd398,provisional_singleton,no_safe_cross_activity_merge,unknown,needs_review
mp-99132bc01efc897b,tpa-148d512efa4aa6,provisional_singleton,no_safe_cross_activity_merge,unknown,needs_review
mp-15d45d7fcafa6505,tpa-a274b729092503,provisional_singleton,no_safe_cross_activity_merge,unknown,needs_review
mp-11a275ce22d52977,tpa-a2578f30661100,provisional_singleton,no_safe_cross_activity_merge,unknown,needs_review
mp-49b208cc3de56a68,tpa-07fc3bce927521,provisional_singleton,no_safe_cross_activity_merge,unknown,needs_review
mp-834cb5f3ba82045c,tpa-38ef233a1cd67a,provisional_singleton,no_safe_cross_activity_merge,unknown,needs_review
mp-6549e38cffdb6abc,tpa-d979b0b3deb62c,provisional_singleton,no_safe_cross_activity_merge,unknown,needs_review
mp-567b94947736f513,tpa-6006fbde5fcfa5,provisional_singleton,no_safe_cross_activity_merge,unknown,needs_review
mp-4a88b79547038ecf,tpa-8e634612440da4,provisional_singleton,no_safe_cross_activity_merge,unknown,needs_review
mp-a173bf6ebc9f84fc,tpa-64266a81fee3eb,provisional_singleton,no_safe_cross_activity_merge,unknown,needs_review
mp-58a507c725503053,tpa-289372fe5e05b6,provisional_singleton,no_safe_cross_activity_merge,unknown,needs_review
mp-738645a75da1af8f,tpa-387f2d25ccfcdd,provisional_singleton,no_safe_cross_activity_merge,unknown,needs_review
mp-71760b09bb17ce77,tpa-20e413efeac85d,provisional_singleton,no_safe_cross_activity_merge,unknown,needs_review
mp-94cb58712685c50b,tpa-2251d39992ec88,provisional_singleton,no_safe_cross_activity_merge,unknown,needs_review
mp-05e8ebc86e8a8935,tpa-a433226de95b70,provisional_singleton,no_safe_cross_activity_merge,unknown,needs_review
mp-515954271c96f0d7,tpa-459c678f1d03c1,provisional_singleton,no_safe_cross_activity_merge,unknown,needs_review
mp-897d85f452d50a94,tpa-39194aa7fd8bf9,provisional_singleton,no_safe_cross_activity_merge,unknown,needs_review
mp-e14b416b8f006690,tpa-a53b6f11d8fcf7,provisional_singleton,no_safe_cross_activity_merge,unknown,needs_review
mp-8d5c8c4c77e54bf8,tpa-af7594b07ae078,provisional_singleton,no_safe_cross_activity_merge,unknown,needs_review
mp-4bb25b7392e08255,tpa-eac5fab11d0e6f,provisional_singleton,no_safe_cross_activity_merge,unknown,needs_review
mp-be2ec8e3ec46cc9e,tpa-f0d0f0c06f4c21,provisional_singleton,no_safe_cross_activity_merge,unknown,needs_review
mp-8b11225c4d739165,tpa-2ca71231c10586,provisional_singleton,no_safe_cross_activity_merge,unknown,needs_review
mp-8d889199e0a7550f,tpa-7370eaa2508bad,provisional_singleton,no_safe_cross_activity_merge,unknown,needs_review
mp-3862f324c4387364,tpa-1c5117a4fcc7cb,provisional_singleton,no_safe_cross_activity_merge,unknown,needs_review
mp-f92ec5e50ce1f244,tpa-8fc1fae6d1d69f,provisional_singleton,no_safe_cross_activity_merge,unknown,needs_review
mp-12e6b3ffa74fdac3,tpa-789b91adea9fd8,provisional_singleton,no_safe_cross_activity_merge,unknown,needs_review
mp-3024b931e54beefd,tpa-32c1befb626c58,provisional_singleton,no_safe_cross_activity_merge,unknown,needs_review
mp-31c95455e24906b7,tpa-314285770b705a,provisional_singleton,no_safe_cross_activity_merge,unknown,needs_review
mp-445115970beb7eed,tpa-8266d9c415cfcd,provisional_singleton,no_safe_cross_activity_merge,unknown,needs_review
mp-1100dd8e32a88aa8,tpa-0e9c1f282c3a71,provisional_singleton,no_safe_cross_activity_merge,unknown,needs_review
mp-7a146be7e911b370,tpa-85e7a13442f413,provisional_singleton,no_safe_cross_activity_merge,unknown,needs_review
mp-22844061dcfbc7f3,tpa-3506efd9a7eea3,provisional_singleton,no_safe_cross_activity_merge,unknown,needs_review
mp-f5273f741db1dd7c,tpa-46c6713638fb90,provisional_singleton,no_safe_cross_activity_merge,unknown,needs_review
mp-aae6916852b2655a,tpa-a26828f294e5ed,provisional_singleton,no_safe_cross_activity_merge,unknown,needs_review
mp-e7be699306f72997,tpa-24845ca4544447,provisional_singleton,no_safe_cross_activity_merge,unknown,needs_review
mp-835795592438f26d,tpa-d5dfd5cd2cff1b,provisional_singleton,no_safe_cross_activity_merge,unknown,needs_review
mp-7ec3efb44f9b0ec3,tpa-30b412a70a928f,provisional_singleton,no_safe_cross_activity_merge,unknown,needs_review
mp-9f2cb5082fa0ecff,tpa-ec27835f965a05,provisional_singleton,no_safe_cross_activity_merge,unknown,needs_review
mp-bbe3b38ff137497c,tpa-e31643da6b5577,provisional_singleton,no_safe_cross_activity_merge,unknown,needs_review
mp-36d5f9c487fb4196,tpa-bc2370bb692cdc,provisional_singleton,no_safe_cross_activity_merge,unknown,needs_review
mp-bf4634eed1832050,tpa-1874bbfaf97b06,provisional_singleton,no_safe_cross_activity_merge,unknown,needs_review
mp-17b9919ec59f064e,tpa-782dd496108c88,provisional_singleton,no_safe_cross_activity_merge,unknown,needs_review
mp-f9f308d3e92b8435,tpa-e579bcb61af14c,provisional_singleton,no_safe_cross_activity_merge,unknown,needs_review
mp-6863578bd0983954,tpa-81c5dd94d6444f,provisional_singleton,no_safe_cross_activity_merge,unknown,needs_review
mp-33452e342b7e1e3c,tpa-5ffbc53edb2189,provisional_singleton,no_safe_cross_activity_merge,unknown,needs_review
mp-94e33808233663b0,tpa-1f34dcb1eeba3f,provisional_singleton,no_safe_cross_activity_merge,unknown,needs_review
mp-8f2938b3d64b5be0,tpa-9aefd1967da263,provisional_singleton,no_safe_cross_activity_merge,unknown,needs_review
mp-42b9daf4f76de055,tpa-ded1eecbd583f7,provisional_singleton,no_safe_cross_activity_merge,unknown,needs_review
mp-53a655dc4d50712b,tpa-f3dc1b30eded75,provisional_singleton,no_safe_cross_activity_merge,unknown,needs_review
mp-1d7c06d5f96dfe98,tpa-e09f1099df3221,provisional_singleton,no_safe_cross_activity_merge,unknown,needs_review
mp-9bc78c1b5b519217,tpa-1c7aeef625421c,provisional_singleton,no_safe_cross_activity_merge,unknown,needs_review
mp-ea8466abf9ae120d,tpa-374e0666a51aa2,provisional_singleton,no_safe_cross_activity_merge,unknown,needs_review
mp-c7ebb07b1a48a549,tpa-527faf5a646d63,provisional_singleton,no_safe_cross_activity_merge,unknown,needs_review
mp-f5e52cfffd2307e9,tpa-04e4e6e2740001,provisional_singleton,no_safe_cross_activity_merge,unknown,needs_review
mp-4476f35facd72ed7,tpa-ed5b81318e2cdd,provisional_singleton,no_safe_cross_activity_merge,unknown,needs_review
mp-f056328dc37a7578,tpa-dadf2948127d30,provisional_singleton,no_safe_cross_activity_merge,unknown,needs_review
mp-a144c0baa13ad73a,tpa-833ba2a7979f1a,provisional_singleton,no_safe_cross_activity_merge,unknown,needs_review
mp-571adad32fc2cb72,tpa-4c21457de2d944,provisional_singleton,no_safe_cross_activity_merge,unknown,needs_review
mp-cc46274079e516ab,tpa-6bd9735cd21aa5,provisional_singleton,no_safe_cross_activity_merge,unknown,needs_review
mp-da957bc1de32b3d4,tpa-6486334dfe8600,provisional_singleton,no_safe_cross_activity_merge,unknown,needs_review
mp-9c5142d04d8b177f,tpa-d588224b19d2c8,provisional_singleton,no_safe_cross_activity_merge,unknown,needs_review
mp-eafe10b74bdb5188,tpa-2942c17492b6a1,provisional_singleton,no_safe_cross_activity_merge,unknown,needs_review
mp-aa02789e7504d35b,tpa-b72a6bcb959606,provisional_singleton,no_safe_cross_activity_merge,unknown,needs_review
mp-244a2291ceb54e6a,tpa-50ee601e875fa6,provisional_singleton,no_safe_cross_activity_merge,unknown,needs_review
mp-dfbd56c2f2525688,tpa-73555a6fd1afcc,provisional_singleton,no_safe_cross_activity_merge,unknown,needs_review
mp-a8319be6434a0e53,tpa-7c6c86058d14b8,provisional_singleton,no_safe_cross_activity_merge,unknown,needs_review
mp-1f550a5485f63121,tpa-4c5c2ada9a3391,provisional_singleton,no_safe_cross_activity_merge,unknown,needs_review
mp-597067c4b0177a3d,tpa-b986c9fe7f9aeb,provisional_singleton,no_safe_cross_activity_merge,unknown,needs_review
mp-2c200a9900ae25df,tpa-1644e2c2a739c7,provisional_singleton,no_safe_cross_activity_merge,unknown,needs_review
mp-73f3078daca47568,tpa-e3a28faabb2702,provisional_singleton,no_safe_cross_activity_merge,unknown,needs_review
mp-896b059d820a8a9e,tpa-d1f6c1949617ca,provisional_singleton,no_safe_cross_activity_merge,unknown,needs_review
mp-f4997631d8bb0eba,tpa-cbfc2c52ef960f,provisional_singleton,no_safe_cross_activity_merge,unknown,needs_review
mp-d3f34ed78e84c62a,tpa-97687e6d0bb1c9,provisional_singleton,no_safe_cross_activity_merge,unknown,needs_review
mp-c2acd3f171a65926,tpa-49909282d715cb,provisional_singleton,no_safe_cross_activity_merge,unknown,needs_review
mp-75bdf3c580643ac8,tpa-864aaf232401e8,provisional_singleton,no_safe_cross_activity_merge,unknown,needs_review
mp-4e772cf936fa0edd,tpa-32ec774176436e,provisional_singleton,no_safe_cross_activity_merge,unknown,needs_review
mp-28af006f8fcfada6,tpa-cc0714384a05a8,provisional_singleton,no_safe_cross_activity_merge,unknown,needs_review
mp-d985292a0db3ea74,tpa-e1612d82a1023b,provisional_singleton,no_safe_cross_activity_merge,unknown,needs_review
mp-c2ae7580c566d53c,tpa-c344e08cb412d5,provisional_singleton,no_safe_cross_activity_merge,unknown,needs_review
mp-4845b621aace6bfc,tpa-4356daa42dc241,provisional_singleton,no_safe_cross_activity_merge,unknown,needs_review
mp-475f14661f574491,tpa-fbf5e781c62d27,provisional_singleton,no_safe_cross_activity_merge,unknown,needs_review
mp-fc898421a2754590,tpa-f74e3d36b275bf,provisional_singleton,no_safe_cross_activity_merge,unknown,needs_review
mp-15eecc5ff32f573e,tpa-5d51b71d680f85,provisional_singleton,no_safe_cross_activity_merge,unknown,needs_review
mp-43a793a037651e3a,tpa-3976e867733655,provisional_singleton,no_safe_cross_activity_merge,unknown,needs_review
mp-1dbba8d62e6d8dc0,tpa-54595021582fcd,provisional_singleton,no_safe_cross_activity_merge,unknown,needs_review
mp-51fd3e92cc760690,tpa-1d35fe79209ef4,provisional_singleton,no_safe_cross_activity_merge,unknown,needs_review
mp-13c871a9d0658381,tpa-38113668f154c0,provisional_singleton,no_safe_cross_activity_merge,unknown,needs_review
mp-bd4bb9922bb81fb4,tpa-3d12fedb001d91,provisional_singleton,no_safe_cross_activity_merge,unknown,needs_review
mp-ab598a707e74c449,tpa-01f332a1aa6908,provisional_singleton,no_safe_cross_activity_merge,unknown,needs_review
mp-87beaa0fc501c9bc,tpa-7398a70681d784,provisional_singleton,no_safe_cross_activity_merge,unknown,needs_review
mp-0cc249e6a9533e01,tpa-227e0170c29cdf,provisional_singleton,no_safe_cross_activity_merge,unknown,needs_review
mp-ee3f45853a788e09,tpa-9a8ec1cfa721e9,provisional_singleton,no_safe_cross_activity_merge,unknown,needs_review
mp-2eb6bb957bfaa1fe,tpa-86c7c11c15aa7d,provisional_singleton,no_safe_cross_activity_merge,unknown,needs_review
mp-2bf9a02195a12f98,tpa-c80f3ee83f25dc,provisional_singleton,no_safe_cross_activity_merge,unknown,needs_review
mp-bc739a951cd6baed,tpa-e3b95482fa6a8e,provisional_singleton,no_safe_cross_activity_merge,unknown,needs_review
mp-713679d0cc5622e3,tpa-47a7ff4e6e16f4,provisional_singleton,no_safe_cross_activity_merge,unknown,needs_review
mp-a2e25a63e4f84cce,tpa-9ffce380f424ee,provisional_singleton,no_safe_cross_activity_merge,unknown,needs_review
mp-c587e7989c76eec3,tpa-4337f7104d8fdc,provisional_singleton,no_safe_cross_activity_merge,unknown,needs_review
mp-86e93e52e9a34ca5,tpa-b1719030b0d422,provisional_singleton,no_safe_cross_activity_merge,unknown,needs_review
mp-512a530efe26a352,tpa-fdef5ed80ba0c4,provisional_singleton,no_safe_cross_activity_merge,unknown,needs_review
mp-bb3ec2865ec3f011,tpa-efc425519aee8a,provisional_singleton,no_safe_cross_activity_merge,unknown,needs_review
mp-2e2947d650e4475e,tpa-5b5a5c0516328f,provisional_singleton,no_safe_cross_activity_merge,unknown,needs_review
mp-f4131ec3516a1e56,tpa-3c1d55a6319bf8,provisional_singleton,no_safe_cross_activity_merge,unknown,needs_review
mp-49b41f93a8028a14,tpa-3b21cccb37f1d5,provisional_singleton,no_safe_cross_activity_merge,unknown,needs_review
mp-85474cb15f1069ad,tpa-37a75c7267c55d,provisional_singleton,no_safe_cross_activity_merge,unknown,needs_review
mp-db9c99625e9dcd30,tpa-83782d068c1842,provisional_singleton,no_safe_cross_activity_merge,unknown,needs_review
mp-ffc68e802dd1f283,tpa-70050aedd5cd92,provisional_singleton,no_safe_cross_activity_merge,unknown,needs_review
mp-8e21e8035322d0fd,tpa-083f387dc9e319,provisional_singleton,no_safe_cross_activity_merge,unknown,needs_review
mp-072abdf4a89b23ff,tpa-33fc65115801d7,provisional_singleton,no_safe_cross_activity_merge,unknown,needs_review
mp-57481094ebf7b358,tpa-670555c7b732b8,provisional_singleton,no_safe_cross_activity_merge,unknown,needs_review
mp-0c58e648d30e0c4c,tpa-5133fc4419a030,provisional_singleton,no_safe_cross_activity_merge,unknown,needs_review
mp-61700518f46b29c6,tpa-799ab0f39c986d,provisional_singleton,no_safe_cross_activity_merge,unknown,needs_review
mp-21839a501f7a9899,tpa-3c4cf3de7d8803,provisional_singleton,no_safe_cross_activity_merge,unknown,needs_review
mp-474ec7632f099e2e,tpa-a14046ac4c054b,provisional_singleton,no_safe_cross_activity_merge,unknown,needs_review
mp-aa25c01cde7ade53,tpa-e9c9af051d3916,provisional_singleton,no_safe_cross_activity_merge,unknown,needs_review
mp-434981eed3793565,tpa-f44c975eac3318,provisional_singleton,no_safe_cross_activity_merge,unknown,needs_review
mp-5a8e8e348675bb36,tpa-fa04094288f705,provisional_singleton,no_safe_cross_activity_merge,unknown,needs_review
mp-957bc21a813656c4,tpa-05162442d5d31c,provisional_singleton,no_safe_cross_activity_merge,unknown,needs_review
mp-a735a532e693b867,tpa-69e4cced1caf8f,provisional_singleton,no_safe_cross_activity_merge,unknown,needs_review
mp-3651236a9dda9982,tpa-39086fe4b6968e,provisional_singleton,no_safe_cross_activity_merge,unknown,needs_review
mp-3108fc5067ae07c8,tpa-effe87a3691d9a,provisional_singleton,no_safe_cross_activity_merge,unknown,needs_review
mp-70b37c8a7b20fcff,tpa-885cf9821a0497,provisional_singleton,no_safe_cross_activity_merge,unknown,needs_review
mp-d548646eb2ca40c1,tpa-3e5f40439bd6cb,provisional_singleton,no_safe_cross_activity_merge,unknown,needs_review
mp-259f7c3f0a626fe7,tpa-2da8e6795be060,provisional_singleton,no_safe_cross_activity_merge,unknown,needs_review
mp-9d7da918557ffcdb,tpa-cb6710f458a7dd,provisional_singleton,no_safe_cross_activity_merge,unknown,needs_review
mp-80bac6b3dfbd1133,tpa-99c17b5152ca1d,provisional_singleton,no_safe_cross_activity_merge,unknown,needs_review
mp-7b5e54a28d05ddb5,tpa-98de2b76672f71,provisional_singleton,no_safe_cross_activity_merge,unknown,needs_review
mp-3d201bf0efce593f,tpa-b388bdd6f8c079,provisional_singleton,no_safe_cross_activity_merge,unknown,needs_review
mp-858b855dd2e81a6b,tpa-a58516bd654448,provisional_singleton,no_safe_cross_activity_merge,unknown,needs_review
mp-41b85df50b065ced,tpa-f7c57b82ababc6,provisional_singleton,no_safe_cross_activity_merge,unknown,needs_review
mp-e88de65bc3693e72,tpa-1123f406b36043,provisional_singleton,no_safe_cross_activity_merge,unknown,needs_review
mp-dafe0958abd89d5d,tpa-adc89cf41c91ad,provisional_singleton,no_safe_cross_activity_merge,unknown,needs_review
mp-74c77c9058de8de1,tpa-708d8c0f077c42,provisional_singleton,no_safe_cross_activity_merge,unknown,needs_review
mp-98eef087ab810610,tpa-271bf7539d31b0,provisional_singleton,no_safe_cross_activity_merge,unknown,needs_review
mp-81bb668578ddc85d,tpa-c9e100c620dbb2,provisional_singleton,no_safe_cross_activity_merge,unknown,needs_review
mp-4110bb529e2510b1,tpa-12aa0cf5670a2a,provisional_singleton,no_safe_cross_activity_merge,unknown,needs_review
mp-9118f6976ea70f93,tpa-eed2a91832bfc1,provisional_singleton,no_safe_cross_activity_merge,unknown,needs_review
mp-70acff50802766e4,tpa-ed77c19c79be8b,provisional_singleton,no_safe_cross_activity_merge,unknown,needs_review
mp-929838cd03fc6601,tpa-927f759bc90877,provisional_singleton,no_safe_cross_activity_merge,unknown,needs_review
mp-d043021e2be3ca9f,tpa-50ee382e24d9ac,provisional_singleton,no_safe_cross_activity_merge,unknown,needs_review
mp-3fab2d16a7d114d8,tpa-6c9c8d5a41ec9f,provisional_singleton,no_safe_cross_activity_merge,unknown,needs_review
mp-91ff023ae78501b6,tpa-19d41fd17c312c,provisional_singleton,no_safe_cross_activity_merge,unknown,needs_review
mp-f6f0940545ba184f,tpa-bc9bbb9bdf075a,provisional_singleton,no_safe_cross_activity_merge,unknown,needs_review
mp-1d42788f88b973e6,tpa-60ffb36d4567ae,provisional_singleton,no_safe_cross_activity_merge,unknown,needs_review
mp-5db4217571771d32,tpa-f96239fb7ba80a,provisional_singleton,no_safe_cross_activity_merge,unknown,needs_review
mp-24b5d2be5617402b,tpa-444c37bb98ead6,provisional_singleton,no_safe_cross_activity_merge,unknown,needs_review
mp-60800b69430719fb,tpa-6fd7f19befdce6,provisional_singleton,no_safe_cross_activity_merge,unknown,needs_review
mp-71fa79a644bd2e33,tpa-602e5467b0ff6e,provisional_singleton,no_safe_cross_activity_merge,unknown,needs_review
mp-c49bc3ee087f8ab5,tpa-762559aa3659ab,provisional_singleton,no_safe_cross_activity_merge,unknown,needs_review
mp-e2b1a7c7fdf42eed,tpa-dab1f93e0f1a4b,provisional_singleton,no_safe_cross_activity_merge,unknown,needs_review
mp-5b049cc35e757d29,tpa-aa2fdbae318723,provisional_singleton,no_safe_cross_activity_merge,unknown,needs_review
mp-53b2af3f40119833,tpa-fd9ff070386d38,provisional_singleton,no_safe_cross_activity_merge,unknown,needs_review
mp-aed0b3ee83f5306c,tpa-5f45ee7c8cd0c3,provisional_singleton,no_safe_cross_activity_merge,unknown,needs_review
mp-884293860f0f5872,tpa-2b48642ee2c461,provisional_singleton,no_safe_cross_activity_merge,unknown,needs_review
mp-97f2dcde3e313f22,tpa-ec96c60f9a44f0,provisional_singleton,no_safe_cross_activity_merge,unknown,needs_review
mp-a55d2fa168acc833,tpa-3e657b6d6cfb4e,provisional_singleton,no_safe_cross_activity_merge,unknown,needs_review
mp-3131bd05c92de1b1,tpa-8b7ee5586fa4af,provisional_singleton,no_safe_cross_activity_merge,unknown,needs_review
mp-476fa4db56ec32e3,tpa-baf689544886f3,provisional_singleton,no_safe_cross_activity_merge,unknown,needs_review
mp-f3a7821464c9ac1a,tpa-4ea2e345166e5e,provisional_singleton,no_safe_cross_activity_merge,unknown,needs_review
mp-009f155edeb2f12b,tpa-33c106491bf7a4,provisional_singleton,no_safe_cross_activity_merge,unknown,needs_review
mp-9391c6804b842331,tpa-2dcd3ff53ea2fd,provisional_singleton,no_safe_cross_activity_merge,unknown,needs_review
mp-b19ec84a90af1463,tpa-55acda4f99e46c,provisional_singleton,no_safe_cross_activity_merge,unknown,needs_review
mp-44b8c8f24dd73294,tpa-1b0af2110fb040,provisional_singleton,no_safe_cross_activity_merge,unknown,needs_review
mp-96659f0d9ec3fdd2,tpa-b0db82b2b6fa82,provisional_singleton,no_safe_cross_activity_merge,unknown,needs_review
mp-2340cd286329d072,tpa-5354d09196a44e,provisional_singleton,no_safe_cross_activity_merge,unknown,needs_review
mp-6d33742c0e57f42d,tpa-32910abb18ee12,provisional_singleton,no_safe_cross_activity_merge,unknown,needs_review
mp-3a76f98c0b23e18a,tpa-47cc39f5099f2e,provisional_singleton,no_safe_cross_activity_merge,unknown,needs_review
mp-dec8e601d21ab700,tpa-645dc55b32acba,provisional_singleton,no_safe_cross_activity_merge,unknown,needs_review
mp-a9e139640bb31b86,tpa-5bd430850c12b1,provisional_singleton,no_safe_cross_activity_merge,unknown,needs_review
mp-ff54b94a1786376a,tpa-d79236ad146916,provisional_singleton,no_safe_cross_activity_merge,unknown,needs_review
mp-e6944dfaa2bb77b7,tpa-1dd5ad9eeffff7,provisional_singleton,no_safe_cross_activity_merge,unknown,needs_review
mp-84bcaa4fd2c3cbff,tpa-dc7bf4ecde575f,provisional_singleton,no_safe_cross_activity_merge,unknown,needs_review
mp-6722f7c623165213,tpa-b1d12a9597cf8a,provisional_singleton,no_safe_cross_activity_merge,unknown,needs_review
mp-f93079a1ab16e3ab,tpa-8abce98e2ef599,provisional_singleton,no_safe_cross_activity_merge,unknown,needs_review
mp-0bc3cb0e42081cbb,tpa-fce325d3d76d40,provisional_singleton,no_safe_cross_activity_merge,unknown,needs_review
mp-0b5bec80602181d1,tpa-6107f72192cc63,provisional_singleton,no_safe_cross_activity_merge,unknown,needs_review
mp-715aa292c178b707,tpa-f335765362b5a5,provisional_singleton,no_safe_cross_activity_merge,unknown,needs_review
mp-d30c20a9bf03dd98,tpa-b1afc91547895f,provisional_singleton,no_safe_cross_activity_merge,unknown,needs_review
mp-048b92d42eb9f618,tpa-281623cf56bec4,provisional_singleton,no_safe_cross_activity_merge,unknown,needs_review
mp-f9429645189e4fa7,tpa-5b68cc4e44dab2,provisional_singleton,no_safe_cross_activity_merge,unknown,needs_review
mp-f83b7601e7510d03,tpa-d881e987d9a583,provisional_singleton,no_safe_cross_activity_merge,unknown,needs_review
mp-72fe93d4a3d96c73,tpa-a45b3c67267ea2,provisional_singleton,no_safe_cross_activity_merge,unknown,needs_review
mp-66b6822c62629213,tpa-92b708b87f4d12,provisional_singleton,no_safe_cross_activity_merge,unknown,needs_review
mp-d3e751542dae14ba,tpa-32838c7def9c6e,provisional_singleton,no_safe_cross_activity_merge,unknown,needs_review
mp-b2bb8c1a2363ddba,tpa-23428f29ad2093,provisional_singleton,no_safe_cross_activity_merge,unknown,needs_review
mp-b11ff13c88a68096,tpa-a4fc435c633ba9,provisional_singleton,no_safe_cross_activity_merge,unknown,needs_review
mp-9f1548c1cc9c3261,tpa-d9e00f58fd5c7f,provisional_singleton,no_safe_cross_activity_merge,unknown,needs_review
mp-24de50c02e6513bd,tpa-ec86e0e5aaa45c,provisional_singleton,no_safe_cross_activity_merge,unknown,needs_review
mp-e8cd398b1367961e,tpa-f6ec6ae0556677,provisional_singleton,no_safe_cross_activity_merge,unknown,needs_review
mp-0d835ad5a6714db7,tpa-a4fafac80ba4e3,provisional_singleton,no_safe_cross_activity_merge,unknown,needs_review
mp-82c8c88b16f1e4c2,tpa-a5f2484d6954a2,provisional_singleton,no_safe_cross_activity_merge,unknown,needs_review
mp-e1b72b3a1abcfa68,tpa-97e7307cdddcbb,provisional_singleton,no_safe_cross_activity_merge,unknown,needs_review
mp-1b8d68cfe6ea2a34,tpa-29986d3989d8d1,provisional_singleton,no_safe_cross_activity_merge,unknown,needs_review
mp-a0fb8fa99e2a1fbd,tpa-425a490c293434,provisional_singleton,no_safe_cross_activity_merge,unknown,needs_review
mp-3fbe4f3e284a935e,tpa-699a44c102d01c,provisional_singleton,no_safe_cross_activity_merge,unknown,needs_review
mp-cf7a85168add8a0b,tpa-5b3a4380fb3d98,provisional_singleton,no_safe_cross_activity_merge,unknown,needs_review
mp-61313436b5d354ee,tpa-3e0edd6e52cb30,provisional_singleton,no_safe_cross_activity_merge,unknown,needs_review
mp-c6d502c3d9fd9c3b,tpa-7f5ef138d26dbb,provisional_singleton,no_safe_cross_activity_merge,unknown,needs_review
mp-1f9253186c1145ec,tpa-8f82911247c2dc,provisional_singleton,no_safe_cross_activity_merge,unknown,needs_review
mp-5b256438db194ba7,tpa-b8bcd01765732a,provisional_singleton,no_safe_cross_activity_merge,unknown,needs_review
mp-5a8fe8aec8df8312,tpa-e5c2c7af35a71f,provisional_singleton,no_safe_cross_activity_merge,unknown,needs_review
mp-0c5c260caa18721c,tpa-52293a6bd72176,provisional_singleton,no_safe_cross_activity_merge,unknown,needs_review
mp-6b1868ab83bad3fa,tpa-24ac06c8a0a374,provisional_singleton,no_safe_cross_activity_merge,unknown,needs_review
mp-834c25177ed73328,tpa-f8da5522d21409,provisional_singleton,no_safe_cross_activity_merge,unknown,needs_review
mp-4f8eaf19e7c7f4ed,tpa-f3991dc5bf6348,provisional_singleton,no_safe_cross_activity_merge,unknown,needs_review
mp-da287125016a9ba0,tpa-e2d5afc41c0c8e,provisional_singleton,no_safe_cross_activity_merge,unknown,needs_review
mp-decda0dd79f5e3d1,tpa-661bab5f7188ad,provisional_singleton,no_safe_cross_activity_merge,unknown,needs_review
mp-822a6d667695d2b5,tpa-53c4f7231f2594,provisional_singleton,no_safe_cross_activity_merge,unknown,needs_review
mp-5fa5ccd73993ed43,tpa-656c61137cb059,provisional_singleton,no_safe_cross_activity_merge,unknown,needs_review
mp-3ce814eedd5d906d,tpa-ea48b80b26a122,provisional_singleton,no_safe_cross_activity_merge,unknown,needs_review
mp-bd37ed4371e823b8,tpa-4f29ce4392c677,provisional_singleton,no_safe_cross_activity_merge,unknown,needs_review
mp-7025d6525b6caf67,tpa-caa73d21cd3382,provisional_singleton,no_safe_cross_activity_merge,unknown,needs_review
mp-3dda37b3d143c81f,tpa-6ebbc631d4e700,provisional_singleton,no_safe_cross_activity_merge,unknown,needs_review
mp-6c1e48a870e9ad59,tpa-d57723ed26b7f1,provisional_singleton,no_safe_cross_activity_merge,unknown,needs_review
mp-424078271ada8dc1,tpa-9898638e54449b,provisional_singleton,no_safe_cross_activity_merge,unknown,needs_review
mp-7b7c70f307934908,tpa-aabe3fc78f9aed,provisional_singleton,no_safe_cross_activity_merge,unknown,needs_review
mp-8e96e4b0cce77862,tpa-1753c490d3c72e,provisional_singleton,no_safe_cross_activity_merge,unknown,needs_review
mp-f1f067f3e56e4f77,tpa-e6022bc8dc7b15,provisional_singleton,no_safe_cross_activity_merge,unknown,needs_review
mp-ee14492714b18421,tpa-dd1614046de936,provisional_singleton,no_safe_cross_activity_merge,unknown,needs_review
mp-c5f2b2302fa8364f,tpa-a343c47c11b5da,provisional_singleton,no_safe_cross_activity_merge,unknown,needs_review
mp-b9361f7eb3419b9f,tpa-91e2e6c6a04c7a,provisional_singleton,no_safe_cross_activity_merge,unknown,needs_review
mp-dcdd0dd20d549b14,tpa-4e35ab79c5c867,provisional_singleton,no_safe_cross_activity_merge,unknown,needs_review
mp-40a63f1246ee2d35,tpa-fed7319c3ecb7c,provisional_singleton,no_safe_cross_activity_merge,unknown,needs_review
mp-14c011fbf37f0062,tpa-9e6b2e05d23e11,provisional_singleton,no_safe_cross_activity_merge,unknown,needs_review
mp-c6bf9ed4aeb5bca6,tpa-ffe358fdc00f69,provisional_singleton,no_safe_cross_activity_merge,unknown,needs_review
mp-264bd19bef03629f,tpa-b9040b73137018,provisional_singleton,no_safe_cross_activity_merge,unknown,needs_review
mp-6dc06625133f82d4,tpa-560dde7a124b5e,provisional_singleton,no_safe_cross_activity_merge,unknown,needs_review
mp-9ac30fb0272f274f,tpa-a204aefd9e968f,provisional_singleton,no_safe_cross_activity_merge,unknown,needs_review
mp-40525c85e38dc647,tpa-d1bb8b90356208,provisional_singleton,no_safe_cross_activity_merge,unknown,needs_review
mp-e5418a2ca4b65af2,tpa-3cf3eb9d357546,provisional_singleton,no_safe_cross_activity_merge,unknown,needs_review
mp-d6456fa87fb6ebb6,tpa-9f82d40156267e,provisional_singleton,no_safe_cross_activity_merge,unknown,needs_review
mp-1a153002bb43b416,tpa-621af98423c5c4,provisional_singleton,no_safe_cross_activity_merge,unknown,needs_review
mp-5704fc0d37859a02,tpa-960787efa88ef7,provisional_singleton,no_safe_cross_activity_merge,unknown,needs_review
mp-e62682781074063f,tpa-8dc9f091bc7a0a,provisional_singleton,no_safe_cross_activity_merge,unknown,needs_review
mp-25150d8e60c7c5d4,tpa-7ff83e4e9e743f,provisional_singleton,no_safe_cross_activity_merge,unknown,needs_review
mp-472f729a2899b77d,tpa-31dd93d24b8b1d,provisional_singleton,no_safe_cross_activity_merge,unknown,needs_review
mp-49478372d498b264,tpa-546f05f9e21091,provisional_singleton,no_safe_cross_activity_merge,unknown,needs_review
mp-101edc68f491c324,tpa-4f6269edb4b071,provisional_singleton,no_safe_cross_activity_merge,unknown,needs_review
mp-70aed4cec1145406,tpa-e71ea48aa9427b,provisional_singleton,no_safe_cross_activity_merge,unknown,needs_review
mp-8727f63b1a049570,tpa-4c87695f9d6d90,provisional_singleton,no_safe_cross_activity_merge,unknown,needs_review
mp-694f761066ee4f51,tpa-fa89c4d3ba80fb,provisional_singleton,no_safe_cross_activity_merge,unknown,needs_review
mp-928f69b1fc406c93,tpa-6f538c08a8e105,provisional_singleton,no_safe_cross_activity_merge,unknown,needs_review
mp-a73d1b3f5b2e52e8,tpa-ffb0e74ef7c0d2,provisional_singleton,no_safe_cross_activity_merge,unknown,needs_review
mp-738b7f6050440ef9,tpa-e757799c702684,provisional_singleton,no_safe_cross_activity_merge,unknown,needs_review
mp-06a21f9dc2abd404,tpa-8b7a4169734142,provisional_singleton,no_safe_cross_activity_merge,unknown,needs_review
mp-db1c096446f7394c,tpa-4231e64aef7e71,provisional_singleton,no_safe_cross_activity_merge,unknown,needs_review
mp-42aa7326489f9114,tpa-6b80cf500fdf8c,provisional_singleton,no_safe_cross_activity_merge,unknown,needs_review
mp-abd3ec3d320515e9,tpa-7c48ebf4118995,provisional_singleton,no_safe_cross_activity_merge,unknown,needs_review
mp-3ce3c83b2e6e713e,tpa-99fa85d5d3ba62,provisional_singleton,no_safe_cross_activity_merge,unknown,needs_review
mp-d0c93da3869975e4,tpa-7d1cb35eeb2324,provisional_singleton,no_safe_cross_activity_merge,unknown,needs_review
mp-71e66ef4ae4f640c,tpa-e407dc24ba743f,provisional_singleton,no_safe_cross_activity_merge,unknown,needs_review
mp-07af2517e5bbc948,tpa-12911010708ccb,provisional_singleton,no_safe_cross_activity_merge,unknown,needs_review
mp-3d109460f6a22a3a,tpa-224369ba64ea8a,provisional_singleton,no_safe_cross_activity_merge,unknown,needs_review
mp-3fa12c8ae86cc5f2,tpa-ade275b5845c48,provisional_singleton,no_safe_cross_activity_merge,unknown,needs_review
mp-c38e5008e786d46f,tpa-afb84b40e508bf,provisional_singleton,no_safe_cross_activity_merge,unknown,needs_review
mp-4df39bb1d09766ab,tpa-c9b1704a473169,provisional_singleton,no_safe_cross_activity_merge,unknown,needs_review
mp-16ff3b58f94defab,tpa-f84077b9b28f2f,provisional_singleton,no_safe_cross_activity_merge,unknown,needs_review
mp-98f35f0307530652,tpa-ee565d4c1995c2,provisional_singleton,no_safe_cross_activity_merge,unknown,needs_review
mp-6e20605684d2cb4c,tpa-75b2fd8dad5b60,provisional_singleton,no_safe_cross_activity_merge,unknown,needs_review
mp-a4263b0968678ff3,tpa-380d9e8a7c30d9,provisional_singleton,no_safe_cross_activity_merge,unknown,needs_review
mp-0afe9638d07c193a,tpa-495bd9aacc0cda,provisional_singleton,no_safe_cross_activity_merge,unknown,needs_review
mp-5d3bda68bc4c6608,tpa-062a1d60371e99,provisional_singleton,no_safe_cross_activity_merge,unknown,needs_review
mp-6567910e0036d2ed,tpa-1d4aeacdbee34e,provisional_singleton,no_safe_cross_activity_merge,unknown,needs_review
mp-c3b7f1bdab68be31,tpa-498f7dbd762b3f,provisional_singleton,no_safe_cross_activity_merge,unknown,needs_review
mp-15f6b0aa28375190,tpa-6f3fb0c6c08867,provisional_singleton,no_safe_cross_activity_merge,unknown,needs_review
mp-fdc8ff6565935f74,tpa-e17c429b0dcdd1,provisional_singleton,no_safe_cross_activity_merge,unknown,needs_review
mp-b90a1c5f652de668,tpa-637f25637cc3c1,provisional_singleton,no_safe_cross_activity_merge,unknown,needs_review
mp-48681f2aa2f9aa7c,tpa-fa8bee15b12258,provisional_singleton,no_safe_cross_activity_merge,unknown,needs_review
mp-1c60344eef890d54,tpa-8efcda3d2c717b,provisional_singleton,no_safe_cross_activity_merge,unknown,needs_review
mp-2f63853fafb7bc28,tpa-4afa3c0e661d72,provisional_singleton,no_safe_cross_activity_merge,unknown,needs_review
mp-cd3dd7e765f68c0e,tpa-478173f188c438,provisional_singleton,no_safe_cross_activity_merge,unknown,needs_review
mp-b82ec2c04c60ea0f,tpa-e40b99196f446e,provisional_singleton,no_safe_cross_activity_merge,unknown,needs_review
mp-7b3a35bb6dec9595,tpa-e2a92aee6d076e,provisional_singleton,no_safe_cross_activity_merge,unknown,needs_review
mp-33e4e31eb80342fe,tpa-0df044a0b1bb50,provisional_singleton,no_safe_cross_activity_merge,unknown,needs_review
mp-7ccebab8b43aa489,tpa-dab10ff4f041f9,provisional_singleton,no_safe_cross_activity_merge,unknown,needs_review
mp-663639c13c22a2fb,tpa-e4cd1c871b5cc3,provisional_singleton,no_safe_cross_activity_merge,unknown,needs_review
mp-7278b7c53395dd33,tpa-49e80e51163e4f,provisional_singleton,no_safe_cross_activity_merge,unknown,needs_review
mp-08478053b522ae2d,tpa-b4812babd05d15,provisional_singleton,no_safe_cross_activity_merge,unknown,needs_review
mp-66b8c18e69eeec95,tpa-da950a66297bc9,provisional_singleton,no_safe_cross_activity_merge,unknown,needs_review
mp-78e175d469f829d9,tpa-44818792ea899b,provisional_singleton,no_safe_cross_activity_merge,unknown,needs_review
mp-6b4203217c9fc071,tpa-6c92cbb2f90794,provisional_singleton,no_safe_cross_activity_merge,unknown,needs_review
mp-bf0be73c2731904f,tpa-bc2a68ecd08ac3,provisional_singleton,no_safe_cross_activity_merge,unknown,needs_review
mp-5ea83755b0b7b533,tpa-045e51addb8e4c,provisional_singleton,no_safe_cross_activity_merge,unknown,needs_review
mp-7fb930c7856529db,tpa-2cbc85613b2807,provisional_singleton,no_safe_cross_activity_merge,unknown,needs_review
mp-1afef431422420d3,tpa-325b3dda9ee2b1,provisional_singleton,no_safe_cross_activity_merge,unknown,needs_review
mp-434f1f6419178b37,tpa-1fdcc411f54460,provisional_singleton,no_safe_cross_activity_merge,unknown,needs_review
mp-0592b15dccc31f02,tpa-01b2a34710d1f7,provisional_singleton,no_safe_cross_activity_merge,unknown,needs_review
mp-d7b1d13d0bffc65e,tpa-0ed1fa46c340e8,provisional_singleton,no_safe_cross_activity_merge,unknown,needs_review
mp-c5904146608da070,tpa-b0c1d0683897fc,provisional_singleton,no_safe_cross_activity_merge,unknown,needs_review
mp-e53766f194a9f995,tpa-80e279d1be6042,provisional_singleton,no_safe_cross_activity_merge,unknown,needs_review
mp-41efcef700af3f6b,tpa-f533dd25d9ba0e,provisional_singleton,no_safe_cross_activity_merge,unknown,needs_review
mp-ff47bfb9bfdb52ac,tpa-e7cb2202092654,provisional_singleton,no_safe_cross_activity_merge,unknown,needs_review
mp-441dd75b34569dcb,tpa-f2d2124064a194,provisional_singleton,no_safe_cross_activity_merge,unknown,needs_review
mp-29e4706ddc6846dd,tpa-db4e77a2b26312,provisional_singleton,no_safe_cross_activity_merge,unknown,needs_review
mp-372cc0522c517b88,tpa-520eaf72c0ac8b,provisional_singleton,no_safe_cross_activity_merge,unknown,needs_review
mp-684be5de145294f0,tpa-b56f7afdb3ed13,provisional_singleton,no_safe_cross_activity_merge,unknown,needs_review
mp-df0f3196d6c3b8d1,tpa-8b4229840125de,provisional_singleton,no_safe_cross_activity_merge,unknown,needs_review
mp-7523584b23ffa387,tpa-3453295c8fc8bb,provisional_singleton,no_safe_cross_activity_merge,unknown,needs_review
mp-910244df9ecd2e31,tpa-e9409f2411ad8b,provisional_singleton,no_safe_cross_activity_merge,unknown,needs_review
mp-83c9400813a97594,tpa-db661374029fa4,provisional_singleton,no_safe_cross_activity_merge,unknown,needs_review
mp-24bd178979ce04c9,tpa-045b5ccf4eaa0c,provisional_singleton,no_safe_cross_activity_merge,unknown,needs_review
mp-b77cfa8d594b8db6,tpa-69cd3be0033d0e,provisional_singleton,no_safe_cross_activity_merge,unknown,needs_review
mp-19f44b939a67ae28,tpa-0c24554388268b,provisional_singleton,no_safe_cross_activity_merge,unknown,needs_review
mp-cf624577c5217d80,tpa-031b3ddc36e559,provisional_singleton,no_safe_cross_activity_merge,unknown,needs_review
mp-4766cf48b771a1aa,tpa-bed3cc9bbb45f9,provisional_singleton,no_safe_cross_activity_merge,unknown,needs_review
mp-c407fb95c92c16a9,tpa-a5c07f6c6343a7,provisional_singleton,no_safe_cross_activity_merge,unknown,needs_review
mp-8cc018f44dca270b,tpa-6efecb31b53bf9,provisional_singleton,no_safe_cross_activity_merge,unknown,needs_review
mp-4499857e1f5ed240,tpa-c606c3fb11d3c4,provisional_singleton,no_safe_cross_activity_merge,unknown,needs_review
mp-fc889cac58cb3e86,tpa-f788c3139ff8f4,provisional_singleton,no_safe_cross_activity_merge,unknown,needs_review
mp-10fb5d51446ba015,tpa-bf14976aef8342,provisional_singleton,no_safe_cross_activity_merge,unknown,needs_review
mp-95eebbfd0cd3d0c7,tpa-904d5d86463077,provisional_singleton,no_safe_cross_activity_merge,unknown,needs_review
mp-83b9588966e70020,tpa-f687f897b41c2a,provisional_singleton,no_safe_cross_activity_merge,unknown,needs_review
mp-9dbb4b7dd33d73e2,tpa-eb19c5d174aa9f,provisional_singleton,no_safe_cross_activity_merge,unknown,needs_review
mp-f4dffbb6c58d3176,tpa-92f7071846991b,provisional_singleton,no_safe_cross_activity_merge,unknown,needs_review
mp-783feabb8434c0da,tpa-904f5483252c85,provisional_singleton,no_safe_cross_activity_merge,unknown,needs_review
mp-f1e3303a21553610,tpa-ba12b7c98b79d7,provisional_singleton,no_safe_cross_activity_merge,unknown,needs_review
mp-e3903c47d9802f28,tpa-7eab775596cf4f,provisional_singleton,no_safe_cross_activity_merge,unknown,needs_review
mp-be3576b615b6a420,tpa-2cb63771f0ef30,provisional_singleton,no_safe_cross_activity_merge,unknown,needs_review
mp-f7de2960b8b9fbe6,tpa-f5dc63d4e089c2,provisional_singleton,no_safe_cross_activity_merge,unknown,needs_review
mp-6e5a332f3eecb4a1,tpa-7efc45bb2b927b,provisional_singleton,no_safe_cross_activity_merge,unknown,needs_review
mp-0a0327a395d31832,tpa-f776784384cf54,provisional_singleton,no_safe_cross_activity_merge,unknown,needs_review
mp-4b98e281ffaaa349,tpa-b7cd4c2038e29e,provisional_singleton,no_safe_cross_activity_merge,unknown,needs_review
mp-1bd7581836be4342,tpa-80956699fab5cb,provisional_singleton,no_safe_cross_activity_merge,unknown,needs_review
mp-3bcbdf132527edb7,tpa-92be969f635e51,provisional_singleton,no_safe_cross_activity_merge,unknown,needs_review
mp-dbae8dc61ff109c1,tpa-44cbb9968bddf1,provisional_singleton,no_safe_cross_activity_merge,unknown,needs_review
mp-6769a21daab4fe78,tpa-5edac2bb11d5c7,provisional_singleton,no_safe_cross_activity_merge,unknown,needs_review
mp-1dec9d94a749eadf,tpa-9a9a67e425ce79,provisional_singleton,no_safe_cross_activity_merge,unknown,needs_review
mp-1cb02187ad1f4ebd,tpa-acc4c71e80f996,provisional_singleton,no_safe_cross_activity_merge,unknown,needs_review
mp-6133c084a7371112,tpa-0b608cb967f98d,provisional_singleton,no_safe_cross_activity_merge,unknown,needs_review
mp-d0e493a6e8e02ba2,tpa-a087942a91ff27,provisional_singleton,no_safe_cross_activity_merge,unknown,needs_review
mp-81cd4c342851bd0f,tpa-49c97ccb6a1b37,provisional_singleton,no_safe_cross_activity_merge,unknown,needs_review
mp-8fa7b0da18944b08,tpa-5e14926a7ea707,provisional_singleton,no_safe_cross_activity_merge,unknown,needs_review
mp-f3cda9699c986b5c,tpa-3b2784a88e16f4,provisional_singleton,no_safe_cross_activity_merge,unknown,needs_review
mp-da6ed5661504b5c3,tpa-6446694fb39caa,provisional_singleton,no_safe_cross_activity_merge,unknown,needs_review
mp-8f4967ca023e225f,tpa-ba274783ba6307,provisional_singleton,no_safe_cross_activity_merge,unknown,needs_review
mp-7bfac621db24b49b,tpa-8243ac12889285,provisional_singleton,no_safe_cross_activity_merge,unknown,needs_review
mp-9e10dce39f28ec8e,tpa-e04341b535c475,provisional_singleton,no_safe_cross_activity_merge,unknown,needs_review
mp-c567a6edc375a9c9,tpa-7f775e9fd5ae2f,provisional_singleton,no_safe_cross_activity_merge,unknown,needs_review
mp-fcfd602ab7c491f7,tpa-28f8c72d6b0e22,provisional_singleton,no_safe_cross_activity_merge,unknown,needs_review
mp-bcbb01d06e66a898,tpa-8562549d167076,provisional_singleton,no_safe_cross_activity_merge,unknown,needs_review
mp-335e1d46365d60ff,tpa-1d3edffd3bbfbb,provisional_singleton,no_safe_cross_activity_merge,unknown,needs_review
mp-ac2cec16cb52994c,tpa-b83ae7596c2b12,provisional_singleton,no_safe_cross_activity_merge,unknown,needs_review
mp-9b09aa34e6d9ec44,tpa-b55e43547d1026,provisional_singleton,no_safe_cross_activity_merge,unknown,needs_review
mp-b5d2882e4d7e1f75,tpa-ca9e256b1e6b19,provisional_singleton,no_safe_cross_activity_merge,unknown,needs_review
mp-9f74033d7ab372d6,tpa-3827636b923ac2,provisional_singleton,no_safe_cross_activity_merge,unknown,needs_review
mp-c3e504eaa16ba4b5,tpa-2b04ea44bf5066,provisional_singleton,no_safe_cross_activity_merge,unknown,needs_review
mp-354066d2fb48628c,tpa-58078df1dff149,provisional_singleton,no_safe_cross_activity_merge,unknown,needs_review
mp-0be4cd7e3981391e,tpa-905f882ce21996,provisional_singleton,no_safe_cross_activity_merge,unknown,needs_review
mp-484df1d9871332eb,tpa-f89a2b23fc4796,provisional_singleton,no_safe_cross_activity_merge,unknown,needs_review
mp-165bd54d4204a165,tpa-818bf305aaa4ba,provisional_singleton,no_safe_cross_activity_merge,unknown,needs_review
mp-9883775d641f3608,tpa-6f3b20ba1aec1d,provisional_singleton,no_safe_cross_activity_merge,unknown,needs_review
mp-a9a3f320c8d42cbb,tpa-67b17fd414a200,provisional_singleton,no_safe_cross_activity_merge,unknown,needs_review
mp-eab206218899761b,tpa-646c629bbfb161,provisional_singleton,no_safe_cross_activity_merge,unknown,needs_review
mp-1225cdd029dc7593,tpa-8eceff8ff256c2,provisional_singleton,no_safe_cross_activity_merge,unknown,needs_review
mp-c9ce386a1307a3f7,tpa-8d060769b5d6c6,provisional_singleton,no_safe_cross_activity_merge,unknown,needs_review
mp-4ff1118b639f2f58,tpa-0efa038e8d2ac0,provisional_singleton,no_safe_cross_activity_merge,unknown,needs_review
mp-62ca3ac4a4128afa,tpa-0051208ccc93a4,provisional_singleton,no_safe_cross_activity_merge,unknown,needs_review
mp-08da445d1e7fec6e,tpa-e74dc727132f32,provisional_singleton,no_safe_cross_activity_merge,unknown,needs_review
mp-e62c50e4d01f65ad,tpa-4170383a03002d,provisional_singleton,no_safe_cross_activity_merge,unknown,needs_review
mp-7f2d50610ea57134,tpa-48d9713e1c0512,provisional_singleton,no_safe_cross_activity_merge,unknown,needs_review
mp-66604486841adbd9,tpa-e6d277fcc50d5f,provisional_singleton,no_safe_cross_activity_merge,unknown,needs_review
mp-a707bcc9d10a42c1,tpa-f814014293a184,provisional_singleton,no_safe_cross_activity_merge,unknown,needs_review
mp-be90f7f36abd1625,tpa-1f9526c4db148b,provisional_singleton,no_safe_cross_activity_merge,unknown,needs_review
mp-9e9b16c2000c8d2d,tpa-09f2fe9182aed4,provisional_singleton,no_safe_cross_activity_merge,unknown,needs_review
mp-db11bf8eea094447,tpa-8f1e44bcbcfc75,provisional_singleton,no_safe_cross_activity_merge,unknown,needs_review
mp-4b80f750c2970f9c,tpa-e0221199d1fe5a,provisional_singleton,no_safe_cross_activity_merge,unknown,needs_review
mp-fe74e70d1fb54e6d,tpa-76a1eb468c2cd7,provisional_singleton,no_safe_cross_activity_merge,unknown,needs_review
mp-48f7ea1b85705e7a,tpa-819a16174b0019,provisional_singleton,no_safe_cross_activity_merge,unknown,needs_review
mp-ad290c87bc87e3e7,tpa-d6ef16e5147ef7,provisional_singleton,no_safe_cross_activity_merge,unknown,needs_review
mp-f0c2a6e699bd3ef5,tpa-88977bd7316473,provisional_singleton,no_safe_cross_activity_merge,unknown,needs_review
mp-5b24fdca7b0d0a20,tpa-b1d62c11bcdba2,provisional_singleton,no_safe_cross_activity_merge,unknown,needs_review
mp-ff09ea7a41babf8f,tpa-fa577ff24524b0,provisional_singleton,no_safe_cross_activity_merge,unknown,needs_review
mp-7054d5683b669b71,tpa-9744ddc7007e9a,provisional_singleton,no_safe_cross_activity_merge,unknown,needs_review
mp-d621880d799c9a9c,tpa-7c2edb55a5a8df,provisional_singleton,no_safe_cross_activity_merge,unknown,needs_review
mp-edfaf41117275acb,tpa-ed726caf8d2425,provisional_singleton,no_safe_cross_activity_merge,unknown,needs_review
mp-57c6a74962a6eafc,tpa-d5fe28fc2fc8e9,provisional_singleton,no_safe_cross_activity_merge,unknown,needs_review
mp-160d8e7ff3e8f5fb,tpa-b0d9e502313fcd,provisional_singleton,no_safe_cross_activity_merge,unknown,needs_review
mp-7953c4ee9d07bbb4,tpa-28a18bff34d440,provisional_singleton,no_safe_cross_activity_merge,unknown,needs_review
mp-d60f7e63a36fa9cd,tpa-585b541e399f4f,provisional_singleton,no_safe_cross_activity_merge,unknown,needs_review
mp-1a401988a9c3f6d6,tpa-a19bd1596ee330,provisional_singleton,no_safe_cross_activity_merge,unknown,needs_review
mp-a774af53c7126abe,tpa-43b56f2c7f7d4d,provisional_singleton,no_safe_cross_activity_merge,unknown,needs_review
mp-646fdc0b65bbff05,tpa-6cfb3c773ef9bd,provisional_singleton,no_safe_cross_activity_merge,unknown,needs_review
mp-4a96c613bf1140e3,tpa-63587a3bbee76a,provisional_singleton,no_safe_cross_activity_merge,unknown,needs_review
mp-d1fc9d3816c21fae,tpa-f93c145f70d0a6,provisional_singleton,no_safe_cross_activity_merge,unknown,needs_review
mp-7eec745cfd7f6be2,tpa-fefc0116fce2f0,provisional_singleton,no_safe_cross_activity_merge,unknown,needs_review
mp-16574ee4981c4e6f,tpa-94478aa7f94d86,provisional_singleton,no_safe_cross_activity_merge,unknown,needs_review
mp-8f760b65c5c7124a,tpa-8132f894b2e704,provisional_singleton,no_safe_cross_activity_merge,unknown,needs_review
mp-8371ac39269ad622,tpa-158be628a68d75,provisional_singleton,no_safe_cross_activity_merge,unknown,needs_review
mp-9940813f346f3437,tpa-92822d71aa5d89,provisional_singleton,no_safe_cross_activity_merge,unknown,needs_review
mp-7f2c43bd44b9fc69,tpa-2797cd81a69511,provisional_singleton,no_safe_cross_activity_merge,unknown,needs_review
mp-3c794b198331d6fa,tpa-b9d17bc37c853a,provisional_singleton,no_safe_cross_activity_merge,unknown,needs_review
mp-a1f35185fe5c0762,tpa-9de258bd5a0496,provisional_singleton,no_safe_cross_activity_merge,unknown,needs_review
mp-4a534e48d9b794f8,tpa-5ddea2b3381e8a,provisional_singleton,no_safe_cross_activity_merge,unknown,needs_review
mp-37c19e3bbb8bd0ad,tpa-215d5d3c0c3c5d,provisional_singleton,no_safe_cross_activity_merge,unknown,needs_review
mp-6f99646a8e6568d3,tpa-d4ecf97bf81eff,provisional_singleton,no_safe_cross_activity_merge,unknown,needs_review
mp-b7b5cf97c9a27695,tpa-2a313fd594717b,provisional_singleton,no_safe_cross_activity_merge,unknown,needs_review
mp-495243301f9abaaf,tpa-47521b98fde6e1,provisional_singleton,no_safe_cross_activity_merge,unknown,needs_review
mp-d35ec7fda5aec711,tpa-022084e18e2b47,provisional_singleton,no_safe_cross_activity_merge,unknown,needs_review
mp-089c58be70f62a15,tpa-ff85739d8f2b03,provisional_singleton,no_safe_cross_activity_merge,unknown,needs_review
mp-29a10b0a8b3a1ffd,tpa-bc2162217a78d9,provisional_singleton,no_safe_cross_activity_merge,unknown,needs_review
mp-7e1c0d1d3bb4d554,tpa-08a8fb6d3fa153,provisional_singleton,no_safe_cross_activity_merge,unknown,needs_review
mp-dd38a66c020088ab,tpa-eac79b260ba102,provisional_singleton,no_safe_cross_activity_merge,unknown,needs_review
mp-f33e6819118ba59a,tpa-d9253063bbebde,provisional_singleton,no_safe_cross_activity_merge,unknown,needs_review
mp-c53389c16d496ed2,tpa-82bf9504a77e68,provisional_singleton,no_safe_cross_activity_merge,unknown,needs_review
mp-0abf58559748dd5c,tpa-40afd2461bdbb8,provisional_singleton,no_safe_cross_activity_merge,unknown,needs_review
mp-dfa04f6cdbc2db1f,tpa-3b19e8f337eadb,provisional_singleton,no_safe_cross_activity_merge,unknown,needs_review
mp-b719590636b44352,tpa-b7057af33d1ec8,provisional_singleton,no_safe_cross_activity_merge,unknown,needs_review
mp-ce7aa36ac6b9bc5e,tpa-b4ad70f73e1d4b,provisional_singleton,no_safe_cross_activity_merge,unknown,needs_review
mp-179581d4124c2ed1,tpa-1c60135caff5ef,provisional_singleton,no_safe_cross_activity_merge,unknown,needs_review
mp-9b1459bc1ec459b3,tpa-537870730398a5,provisional_singleton,no_safe_cross_activity_merge,unknown,needs_review
mp-3480f5c5a13a1408,tpa-0bf09d096000ed,provisional_singleton,no_safe_cross_activity_merge,unknown,needs_review
mp-4274b9b3adfd1451,tpa-5db1240255295f,provisional_singleton,no_safe_cross_activity_merge,unknown,needs_review
mp-fc6de5960d589440,tpa-ae9d6bf17e84d5,provisional_singleton,no_safe_cross_activity_merge,unknown,needs_review
mp-3f0bd589d368d580,tpa-87e598aaec3c56,provisional_singleton,no_safe_cross_activity_merge,unknown,needs_review
mp-6e4ce22f4e3f61d6,tpa-8009005c91f24e,provisional_singleton,no_safe_cross_activity_merge,unknown,needs_review
mp-dc5951107dce918b,tpa-6746f1ed590f27,provisional_singleton,no_safe_cross_activity_merge,unknown,needs_review
mp-2bff72df02659fea,tpa-f9aa11bee3cd1c,provisional_singleton,no_safe_cross_activity_merge,unknown,needs_review
mp-7c5bd42f526bd6fa,tpa-2c7fce8d93727e,provisional_singleton,no_safe_cross_activity_merge,unknown,needs_review
mp-80112d71ad241c15,tpa-6792bf0f19a2e5,provisional_singleton,no_safe_cross_activity_merge,unknown,needs_review
mp-e2c9956b27858ecf,tpa-05681f7ed4eabf,provisional_singleton,no_safe_cross_activity_merge,unknown,needs_review
mp-09247dc494066154,tpa-e2a5b30c3ba02d,provisional_singleton,no_safe_cross_activity_merge,unknown,needs_review
mp-4ed9122eab982cc4,tpa-4eb68642e6ac34,provisional_singleton,no_safe_cross_activity_merge,unknown,needs_review
mp-9d51f3d18f1e0a04,tpa-0d0772df9c848a,provisional_singleton,no_safe_cross_activity_merge,unknown,needs_review
mp-9d88426b4a9be284,tpa-82bf53baa9c0fa,provisional_singleton,no_safe_cross_activity_merge,unknown,needs_review
mp-277105c098c28d01,tpa-ef0fa05d941fd6,provisional_singleton,no_safe_cross_activity_merge,unknown,needs_review
mp-85af1233ec4041d3,tpa-5300f4248b51e7,provisional_singleton,no_safe_cross_activity_merge,unknown,needs_review
mp-1cc38fc4e29f9d64,tpa-d1d5d5f2f44d87,provisional_singleton,no_safe_cross_activity_merge,unknown,needs_review
mp-1745fc8fe3e90165,tpa-3b25fd83156815,provisional_singleton,no_safe_cross_activity_merge,unknown,needs_review
mp-8f66c4a33864940b,tpa-32ffc4b6f6bf79,provisional_singleton,no_safe_cross_activity_merge,unknown,needs_review
mp-4638d6253e0fd959,tpa-1816157db60c10,provisional_singleton,no_safe_cross_activity_merge,unknown,needs_review
mp-3ca795b0a2aae79d,tpa-574a1c62bbf896,provisional_singleton,no_safe_cross_activity_merge,unknown,needs_review
mp-5c141b3721f20432,tpa-845d9a0cf1ec08,provisional_singleton,no_safe_cross_activity_merge,unknown,needs_review
mp-e2e8dbfcb50d0278,tpa-2289dcf89d0970,provisional_singleton,no_safe_cross_activity_merge,unknown,needs_review
mp-2d9af0c32bb1f9df,tpa-00e51b5e6e62c8,provisional_singleton,no_safe_cross_activity_merge,unknown,needs_review
mp-2350eb259e08b024,tpa-0aea25db587250,provisional_singleton,no_safe_cross_activity_merge,unknown,needs_review
mp-445eb284174f8d76,tpa-21d7f16a75c54e,provisional_singleton,no_safe_cross_activity_merge,unknown,needs_review
mp-728476845ba2094d,tpa-5faab6a61467df,provisional_singleton,no_safe_cross_activity_merge,unknown,needs_review
mp-41fb979a86fb3715,tpa-2bf73e751a705a,provisional_singleton,no_safe_cross_activity_merge,unknown,needs_review
mp-c04d5f86e46ba2c7,tpa-9e1393b3fc4ee2,provisional_singleton,no_safe_cross_activity_merge,unknown,needs_review
mp-dd46964e88c59b2b,tpa-21c22432baf0e5,provisional_singleton,no_safe_cross_activity_merge,unknown,needs_review
mp-0f47ea476651cb7b,tpa-ce53040f8b92b9,provisional_singleton,no_safe_cross_activity_merge,unknown,needs_review
mp-09a68c4ba482de51,tpa-d63fca8f8782ce,provisional_singleton,no_safe_cross_activity_merge,unknown,needs_review
mp-39e8288b450ea9c2,tpa-62ab89191ec2f6,provisional_singleton,no_safe_cross_activity_merge,unknown,needs_review
mp-139224000ed1e5a3,tpa-a89d1aacd75ce4,provisional_singleton,no_safe_cross_activity_merge,unknown,needs_review
mp-929734842e5b3400,tpa-9988a148d10d99,provisional_singleton,no_safe_cross_activity_merge,unknown,needs_review
mp-819bd8d02853101a,tpa-6ce302020a72d9,provisional_singleton,no_safe_cross_activity_merge,unknown,needs_review
mp-7501b03970b12059,tpa-6db438b1ffd53e,provisional_singleton,no_safe_cross_activity_merge,unknown,needs_review
mp-2ed05471d8d9a92d,tpa-3acf8de4ea9c56,provisional_singleton,no_safe_cross_activity_merge,unknown,needs_review
mp-4d61f0421434ee9e,tpa-5f9a8b59e75208,provisional_singleton,no_safe_cross_activity_merge,unknown,needs_review
mp-1616eaa57caccc31,tpa-fceee2e49eff05,provisional_singleton,no_safe_cross_activity_merge,unknown,needs_review
mp-a439057ebd2840a5,tpa-8d4cbd0f2a328f,provisional_singleton,no_safe_cross_activity_merge,unknown,needs_review
mp-c1a7a5929550db52,tpa-e0c176437aece9,provisional_singleton,no_safe_cross_activity_merge,unknown,needs_review
mp-74f275ae2ab08a30,tpa-e80fe3961f2677,provisional_singleton,no_safe_cross_activity_merge,unknown,needs_review
mp-9db3219a36fc4389,tpa-b9f6e7ea28d9bb,provisional_singleton,no_safe_cross_activity_merge,unknown,needs_review
mp-7a2e1eae9be6079a,tpa-fbcb12458fa332,provisional_singleton,no_safe_cross_activity_merge,unknown,needs_review
mp-270f829fb8857ede,tpa-ea8ae8e45aa79a,provisional_singleton,no_safe_cross_activity_merge,unknown,needs_review
mp-a310c10b0d281ced,tpa-f82e13b8729f3e,provisional_singleton,no_safe_cross_activity_merge,unknown,needs_review
mp-e2f1a6685b3ca037,tpa-004781f08704b8,provisional_singleton,no_safe_cross_activity_merge,unknown,needs_review
mp-24d4154cb3adf5ff,tpa-2fd12449a063f6,provisional_singleton,no_safe_cross_activity_merge,unknown,needs_review
mp-50543b2342268cb6,tpa-e283289692e069,provisional_singleton,no_safe_cross_activity_merge,unknown,needs_review
mp-f676cc9e0e92b687,tpa-e78e86e21034c4,provisional_singleton,no_safe_cross_activity_merge,unknown,needs_review
mp-400a5698c36ab231,tpa-8636c32ef4d0dc,provisional_singleton,no_safe_cross_activity_merge,unknown,needs_review
mp-ef7483e7c4d48444,tpa-d02615c8f6fdb1,provisional_singleton,no_safe_cross_activity_merge,unknown,needs_review
mp-8074b5959dc9769f,tpa-1f16cd83fa430e,provisional_singleton,no_safe_cross_activity_merge,unknown,needs_review
mp-749fd675911de5aa,tpa-14aafd7d6f9a3c,provisional_singleton,no_safe_cross_activity_merge,unknown,needs_review
mp-6ab1fa105ebc003c,tpa-5d25382d4939dc,provisional_singleton,no_safe_cross_activity_merge,unknown,needs_review
mp-31bffe1183309548,tpa-120e68e416dc86,provisional_singleton,no_safe_cross_activity_merge,unknown,needs_review
mp-dea20bf54d634467,tpa-524ecb489a0236,provisional_singleton,no_safe_cross_activity_merge,unknown,needs_review
mp-795b49e5313471fe,tpa-a8e3aece54ecea,provisional_singleton,no_safe_cross_activity_merge,unknown,needs_review
mp-f353ac4a69e212f7,tpa-d7e421230aaed9,provisional_singleton,no_safe_cross_activity_merge,unknown,needs_review
mp-a43cc072348bc560,tpa-210e8e9787b2b7,provisional_singleton,no_safe_cross_activity_merge,unknown,needs_review
mp-41125799a871c491,tpa-240505b605a78d,provisional_singleton,no_safe_cross_activity_merge,unknown,needs_review
mp-b7b1e41997b8e493,tpa-82d224800f48ca,provisional_singleton,no_safe_cross_activity_merge,unknown,needs_review
mp-65609629ec975242,tpa-bcfad7847325d6,provisional_singleton,no_safe_cross_activity_merge,unknown,needs_review
mp-01f31ca1ffbea541,tpa-e2e5473f3f5371,provisional_singleton,no_safe_cross_activity_merge,unknown,needs_review
mp-c7863a741acc851e,tpa-e47a809bd2dc0c,provisional_singleton,no_safe_cross_activity_merge,unknown,needs_review
mp-87501466c8671b45,tpa-1f2c3836c5ecb7,provisional_singleton,no_safe_cross_activity_merge,unknown,needs_review
mp-c0cafb84d26a7be1,tpa-070ce9870abedd,provisional_singleton,no_safe_cross_activity_merge,unknown,needs_review
mp-e19a6e6c98b9ac8a,tpa-5f04c7c5ec614b,provisional_singleton,no_safe_cross_activity_merge,unknown,needs_review
mp-0195ad28ec5a5e63,tpa-75435665179639,provisional_singleton,no_safe_cross_activity_merge,unknown,needs_review
mp-470d8968a57fbc21,tpa-099e0b3b758b0b,provisional_singleton,no_safe_cross_activity_merge,unknown,needs_review
mp-d6a0a4417921b162,tpa-e5fcc8c1ceb4ff,provisional_singleton,no_safe_cross_activity_merge,unknown,needs_review
mp-b76c26c83ba9e311,tpa-c968fb7aede5cc,provisional_singleton,no_safe_cross_activity_merge,unknown,needs_review
mp-af029498114033df,tpa-82ce3d8874fa01,provisional_singleton,no_safe_cross_activity_merge,unknown,needs_review
mp-148f6f848646a70d,tpa-9ad147a0271cc2,provisional_singleton,no_safe_cross_activity_merge,unknown,needs_review
mp-6298b44cb143805b,tpa-b2981c8510b51a,provisional_singleton,no_safe_cross_activity_merge,unknown,needs_review
mp-2012d4525dfcca17,tpa-e3fa02d051b42d,provisional_singleton,no_safe_cross_activity_merge,unknown,needs_review
mp-1d4cf3eec38e8292,tpa-a7e19127affe26,provisional_singleton,no_safe_cross_activity_merge,unknown,needs_review
mp-1c129fd13bc1788f,tpa-89861c48928f4d,provisional_singleton,no_safe_cross_activity_merge,unknown,needs_review
mp-3e14ec923f330bbf,tpa-0bf6df95d63d13,provisional_singleton,no_safe_cross_activity_merge,unknown,needs_review
mp-30d1b50992a5544b,tpa-aec75fc7f64b93,provisional_singleton,no_safe_cross_activity_merge,unknown,needs_review
mp-e988181b3575e0a1,tpa-1cdf389831ca4a,provisional_singleton,no_safe_cross_activity_merge,unknown,needs_review
mp-36c28303910caf7e,tpa-a8fc7db88edcf7,provisional_singleton,no_safe_cross_activity_merge,unknown,needs_review
mp-ee17a0e8041192c1,tpa-14bc51de8ad111,provisional_singleton,no_safe_cross_activity_merge,unknown,needs_review
mp-30149155e94004d6,tpa-2a8f84337ac931,provisional_singleton,no_safe_cross_activity_merge,unknown,needs_review
mp-cd75da6a5dab9aa5,tpa-49fd9c87d11d25,provisional_singleton,no_safe_cross_activity_merge,unknown,needs_review
mp-71c35d39427bebf6,tpa-0844508e90a91e,provisional_singleton,no_safe_cross_activity_merge,unknown,needs_review
mp-2102f502ff3397ef,tpa-122e7a89c3f149,provisional_singleton,no_safe_cross_activity_merge,unknown,needs_review
mp-28935815b7634e26,tpa-b4a774da043236,provisional_singleton,no_safe_cross_activity_merge,unknown,needs_review
mp-9594f125c7ee4212,tpa-e36def4fc11108,provisional_singleton,no_safe_cross_activity_merge,unknown,needs_review
mp-2970ee61c5b74c5d,tpa-7c9c998e3a395d,provisional_singleton,no_safe_cross_activity_merge,unknown,needs_review
mp-295673b63002b0c7,tpa-61efd7a6d3d18d,provisional_singleton,no_safe_cross_activity_merge,unknown,needs_review
mp-b7d1e79ff967ec6a,tpa-0be461491105ee,provisional_singleton,no_safe_cross_activity_merge,unknown,needs_review
mp-aaaa7eb198a42f77,tpa-8b21ac634b2ccb,provisional_singleton,no_safe_cross_activity_merge,unknown,needs_review
mp-4e99544e4b553a10,tpa-a2d52bde3f3d1a,provisional_singleton,no_safe_cross_activity_merge,unknown,needs_review
mp-1a434614037108f2,tpa-0442c5877fc526,provisional_singleton,no_safe_cross_activity_merge,unknown,needs_review
mp-e5854417debea458,tpa-388d9aff319892,provisional_singleton,no_safe_cross_activity_merge,unknown,needs_review
mp-f1ef21bde0598119,tpa-9e426e6a38ec2b,provisional_singleton,no_safe_cross_activity_merge,unknown,needs_review
mp-76c384b4eebfab41,tpa-2d3093af88857a,provisional_singleton,no_safe_cross_activity_merge,unknown,needs_review
mp-3a35dd8b49d34285,tpa-2eb68717238e5e,provisional_singleton,no_safe_cross_activity_merge,unknown,needs_review
mp-448dfe5fdff8ae76,tpa-f077c4d7978359,provisional_singleton,no_safe_cross_activity_merge,unknown,needs_review
mp-4866969515cbfdd8,tpa-6210687f145cf9,provisional_singleton,no_safe_cross_activity_merge,unknown,needs_review
mp-be6903bfbd238785,tpa-dd7bfa5cdecc25,provisional_singleton,no_safe_cross_activity_merge,unknown,needs_review
mp-bcfd1c112ef978b9,tpa-b07f56c5f5635b,provisional_singleton,no_safe_cross_activity_merge,unknown,needs_review
mp-4f2f5d2bf945dff6,tpa-c9b4a50dfada91,provisional_singleton,no_safe_cross_activity_merge,unknown,needs_review
mp-b6a67eb3427450bc,tpa-d6c3c0e660669a,provisional_singleton,no_safe_cross_activity_merge,unknown,needs_review
mp-bc4d1cf0321a55da,tpa-7b556295f04aaf,provisional_singleton,no_safe_cross_activity_merge,unknown,needs_review
mp-91334b85d686bb2e,tpa-edba2d15768fb0,provisional_singleton,no_safe_cross_activity_merge,unknown,needs_review
mp-ba5b395edf9ebbcc,tpa-fab93f453809b7,provisional_singleton,no_safe_cross_activity_merge,unknown,needs_review
mp-4e192a01fe730c0d,tpa-8e058600d8f3af,provisional_singleton,no_safe_cross_activity_merge,unknown,needs_review
mp-ec6addb31a40b501,tpa-cd0d5eb06fa587,provisional_singleton,no_safe_cross_activity_merge,unknown,needs_review
mp-c8e23b4de3cd84fd,tpa-e7291e097ba4c0,provisional_singleton,no_safe_cross_activity_merge,unknown,needs_review
mp-3b63fafe2ca8dca8,tpa-c725a93fb920d2,provisional_singleton,no_safe_cross_activity_merge,unknown,needs_review
mp-74f0f2b590560161,tpa-878bf0671ad261,provisional_singleton,no_safe_cross_activity_merge,unknown,needs_review
mp-cff25d80868a8ef3,tpa-55a732eff8835b,provisional_singleton,no_safe_cross_activity_merge,unknown,needs_review
mp-11f5e77ef5865682,tpa-e5d4005f86acb4,provisional_singleton,no_safe_cross_activity_merge,unknown,needs_review
mp-d933d2044d14e0bb,tpa-2321cecdde46a2,provisional_singleton,no_safe_cross_activity_merge,unknown,needs_review
mp-0448cabc56b50b36,tpa-7d71bf505e0332,provisional_singleton,no_safe_cross_activity_merge,unknown,needs_review
mp-c6d2e35334a2fa8c,tpa-efdbf7581ee899,provisional_singleton,no_safe_cross_activity_merge,unknown,needs_review
mp-ab2d99285433b2a3,tpa-444bf20be8d9f5,provisional_singleton,no_safe_cross_activity_merge,unknown,needs_review
mp-5c8d3394ec72eca3,tpa-225f50b38f8277,provisional_singleton,no_safe_cross_activity_merge,unknown,needs_review
mp-b0eb9f1fc7b7f20c,tpa-0078c31f5c7eda,provisional_singleton,no_safe_cross_activity_merge,unknown,needs_review
mp-76a78575b73517a2,tpa-168806a01910ae,provisional_singleton,no_safe_cross_activity_merge,unknown,needs_review
mp-99f027e821c15c41,tpa-9532d30d85b8b5,provisional_singleton,no_safe_cross_activity_merge,unknown,needs_review
mp-58cbbea959b6f345,tpa-52d2f869c62704,provisional_singleton,no_safe_cross_activity_merge,unknown,needs_review
mp-679185353c4eb169,tpa-fe5eb5476d51dd,provisional_singleton,no_safe_cross_activity_merge,unknown,needs_review
mp-39246235c69b12e4,tpa-c9e1feb765c980,provisional_singleton,no_safe_cross_activity_merge,unknown,needs_review
mp-4dc326664e64db30,tpa-fe9d1d363cf99c,provisional_singleton,no_safe_cross_activity_merge,unknown,needs_review
mp-e7d273ed8d8d52f2,tpa-6ed9ae789140b4,provisional_singleton,no_safe_cross_activity_merge,unknown,needs_review
mp-3a8c27876a901976,tpa-3e96d245fe189d,provisional_singleton,no_safe_cross_activity_merge,unknown,needs_review
mp-2869ef156d203738,tpa-46f2d75faddf5f,provisional_singleton,no_safe_cross_activity_merge,unknown,needs_review
mp-18a5e059d2b7c96c,tpa-bf814d9d8768d6,provisional_singleton,no_safe_cross_activity_merge,unknown,needs_review
mp-c9f2e8478743f6e8,tpa-fbb08965f181a1,provisional_singleton,no_safe_cross_activity_merge,unknown,needs_review
mp-9718d2561e081c05,tpa-5304f0af5748ea,provisional_singleton,no_safe_cross_activity_merge,unknown,needs_review
mp-b60a4f8ec1d76710,tpa-4d2f1e3c8fafe1,provisional_singleton,no_safe_cross_activity_merge,unknown,needs_review
mp-c7d987cce65a6fed,tpa-ca19614a93e0e9,provisional_singleton,no_safe_cross_activity_merge,unknown,needs_review
mp-ac16b6f67557d1fa,tpa-92b36258cff2d5,provisional_singleton,no_safe_cross_activity_merge,unknown,needs_review
mp-98d98ad3e96533ce,tpa-ddaeafffa275c2,provisional_singleton,no_safe_cross_activity_merge,unknown,needs_review
mp-e9a45777bc0232c5,tpa-4f2909496474e1,provisional_singleton,no_safe_cross_activity_merge,unknown,needs_review
mp-2444e0a2569976ab,tpa-59ca9fbc4ad74e,provisional_singleton,no_safe_cross_activity_merge,unknown,needs_review
mp-cb2e125c6f2b9763,tpa-3e95fb852d13bb,provisional_singleton,no_safe_cross_activity_merge,unknown,needs_review
mp-3de993cb17c5e61f,tpa-b16bad94755d94,provisional_singleton,no_safe_cross_activity_merge,unknown,needs_review
mp-86a32af4818f6c24,tpa-6c00829039efb3,provisional_singleton,no_safe_cross_activity_merge,unknown,needs_review
mp-48835b7a297e8eba,tpa-0c08135824e6ab,provisional_singleton,no_safe_cross_activity_merge,unknown,needs_review
mp-d459abd5d7ad78ca,tpa-48e2b72ae0d7c3,provisional_singleton,no_safe_cross_activity_merge,unknown,needs_review
mp-c3b6f6ad8a14a10b,tpa-3833bce745a422,provisional_singleton,no_safe_cross_activity_merge,unknown,needs_review
mp-e1e449fe833ccf24,tpa-b4e6bd7c37719a,provisional_singleton,no_safe_cross_activity_merge,unknown,needs_review
mp-59a2fb2a03856c71,tpa-6e55660e90cae5,provisional_singleton,no_safe_cross_activity_merge,unknown,needs_review
mp-ba2a99a5c1834e5e,tpa-d46418fc820563,provisional_singleton,no_safe_cross_activity_merge,unknown,needs_review
mp-8c21f61fc72c1161,tpa-28a6c4137ac0e6,provisional_singleton,no_safe_cross_activity_merge,unknown,needs_review
mp-84807071970d4688,tpa-e2adf912f6714e,provisional_singleton,no_safe_cross_activity_merge,unknown,needs_review
mp-a84ccb0bcff988c2,tpa-0031dc58b3fc1d,provisional_singleton,no_safe_cross_activity_merge,unknown,needs_review
mp-d1e66f0463185c55,tpa-f3ff72ee6ca098,provisional_singleton,no_safe_cross_activity_merge,unknown,needs_review
mp-ff08ca534d8b3985,tpa-8e63982ebe83cc,provisional_singleton,no_safe_cross_activity_merge,unknown,needs_review
mp-bf6e5a95864c8bca,tpa-2d9ebb532bf14b,provisional_singleton,no_safe_cross_activity_merge,unknown,needs_review
mp-872b6b6b34621e53,tpa-7d8e8d678cd8b6,provisional_singleton,no_safe_cross_activity_merge,unknown,needs_review
mp-1bbbae6161ffd1d4,tpa-1f2fef7dc728d1,provisional_singleton,no_safe_cross_activity_merge,unknown,needs_review
mp-6c97f5402d0c6c8b,tpa-934d12fa2784a1,provisional_singleton,no_safe_cross_activity_merge,unknown,needs_review
mp-b2098b2a46e63d6a,tpa-24b6d0fe7889ef,provisional_singleton,no_safe_cross_activity_merge,unknown,needs_review
mp-fab098d79dc988bf,tpa-37c38cb61b78ee,provisional_singleton,no_safe_cross_activity_merge,unknown,needs_review
mp-51551b39e5fa6b3f,tpa-224ff231a14628,provisional_singleton,no_safe_cross_activity_merge,unknown,needs_review
mp-982701ee5f9a94c7,tpa-4418a61142f894,provisional_singleton,no_safe_cross_activity_merge,unknown,needs_review
mp-7ceb78ad28c50bc7,tpa-4a03b42072c268,provisional_singleton,no_safe_cross_activity_merge,unknown,needs_review
mp-f295245a1dc40656,tpa-2216a6f9ee2e06,provisional_singleton,no_safe_cross_activity_merge,unknown,needs_review
mp-e332f67c7b8eb3fb,tpa-bc78aad4ee2edd,provisional_singleton,no_safe_cross_activity_merge,unknown,needs_review
mp-b57be6d7a59dd5c9,tpa-4b5f7ee22584ba,provisional_singleton,no_safe_cross_activity_merge,unknown,needs_review
mp-5e850182cee3f01b,tpa-078d8483d36238,provisional_singleton,no_safe_cross_activity_merge,unknown,needs_review
mp-8d41f38f1de8e12a,tpa-b6f1d2fa499e71,provisional_singleton,no_safe_cross_activity_merge,unknown,needs_review
mp-0037a54d7d17a4d5,tpa-c11d304186a69b,provisional_singleton,no_safe_cross_activity_merge,unknown,needs_review
mp-ace26b830defdaf9,tpa-0d7f0646e899c7,provisional_singleton,no_safe_cross_activity_merge,unknown,needs_review
mp-8fa15b9e27f8f0b9,tpa-58ec833d5cb001,provisional_singleton,no_safe_cross_activity_merge,unknown,needs_review
mp-993b2c1e10503bcf,tpa-e090286d4bc37c,provisional_singleton,no_safe_cross_activity_merge,unknown,needs_review
mp-465373b9f4394533,tpa-aec0a9bc48dce7,provisional_singleton,no_safe_cross_activity_merge,unknown,needs_review
mp-848858b824e09e0e,tpa-88942fbdf27a37,provisional_singleton,no_safe_cross_activity_merge,unknown,needs_review
mp-538bf6b7424bb674,tpa-0b81bbded39d48,provisional_singleton,no_safe_cross_activity_merge,unknown,needs_review
mp-0bafabf8be6f54cd,tpa-2acb9388070738,provisional_singleton,no_safe_cross_activity_merge,unknown,needs_review
mp-970b568dba27492a,tpa-610e9cb1bbcfdd,provisional_singleton,no_safe_cross_activity_merge,unknown,needs_review
mp-496414cb85384e37,tpa-bf31a767f518fd,provisional_singleton,no_safe_cross_activity_merge,unknown,needs_review
mp-8f43b54c63e99bba,tpa-f135d665791971,provisional_singleton,no_safe_cross_activity_merge,unknown,needs_review
mp-c69135d7e26e6b65,tpa-f2a2364d572f60,provisional_singleton,no_safe_cross_activity_merge,unknown,needs_review
mp-12f585e01c8cb86b,tpa-3bfc49197b2b7d,provisional_singleton,no_safe_cross_activity_merge,unknown,needs_review
mp-1925f2087e42660d,tpa-97cb9818488bd9,provisional_singleton,no_safe_cross_activity_merge,unknown,needs_review
mp-6c150462b46ef30d,tpa-0327126a9019f2,provisional_singleton,no_safe_cross_activity_merge,unknown,needs_review
mp-38575eaf74ba9f0b,tpa-15b4157c2d7ccf,provisional_singleton,no_safe_cross_activity_merge,unknown,needs_review
mp-faab8ebb544c7336,tpa-ad552a9bc7e826,provisional_singleton,no_safe_cross_activity_merge,unknown,needs_review
mp-75d3a00da15e45be,tpa-b77295f132b5e7,provisional_singleton,no_safe_cross_activity_merge,unknown,needs_review
mp-52b1eaab0bf0c207,tpa-ead0fc1199f6c6,provisional_singleton,no_safe_cross_activity_merge,unknown,needs_review
mp-aee80436d6a56943,tpa-04d03aff6b6867,provisional_singleton,no_safe_cross_activity_merge,unknown,needs_review
mp-44fef10ac29bc745,tpa-8a1e87c34ee0fe,provisional_singleton,no_safe_cross_activity_merge,unknown,needs_review
mp-783cb960a2483038,tpa-dec88f1a2343c4,provisional_singleton,no_safe_cross_activity_merge,unknown,needs_review
mp-2ca2dcee79022bb1,tpa-e4b99c52daf63f,provisional_singleton,no_safe_cross_activity_merge,unknown,needs_review
mp-3bd6355d81da0cef,tpa-18606077c52cac,provisional_singleton,no_safe_cross_activity_merge,unknown,needs_review
mp-17801bc784f4ab43,tpa-5eca4a137431be,provisional_singleton,no_safe_cross_activity_merge,unknown,needs_review
mp-c5fcaebb50ca6364,tpa-a532314bb76fda,provisional_singleton,no_safe_cross_activity_merge,unknown,needs_review
mp-8261cf7c2a8dc542,tpa-91b23056852ebc,provisional_singleton,no_safe_cross_activity_merge,unknown,needs_review
mp-e7c9aad1f92cdc18,tpa-ad3db252af0fad,provisional_singleton,no_safe_cross_activity_merge,unknown,needs_review
mp-6785472458ce2970,tpa-534da392213b99,provisional_singleton,no_safe_cross_activity_merge,unknown,needs_review
mp-2856a071701f5048,tpa-d6afc9398588c9,provisional_singleton,no_safe_cross_activity_merge,unknown,needs_review
mp-70b2a6be5de6cdf0,tpa-c27a89d9805d08,provisional_singleton,no_safe_cross_activity_merge,unknown,needs_review
mp-318b959e1bd2ede1,tpa-df7a7549e18e7f,provisional_singleton,no_safe_cross_activity_merge,unknown,needs_review
mp-72a2e67c127d665c,tpa-4f9fa14b9c771b,provisional_singleton,no_safe_cross_activity_merge,unknown,needs_review
mp-444ff2cd05f0e50d,tpa-a93c0a923021ee,provisional_singleton,no_safe_cross_activity_merge,unknown,needs_review
mp-af4cfbd606f7e470,tpa-6e2c947c9ce782,provisional_singleton,no_safe_cross_activity_merge,unknown,needs_review
mp-b10a42079307edbc,tpa-4ddb8393a62c5b,provisional_singleton,no_safe_cross_activity_merge,unknown,needs_review
mp-763e6af52eafb904,tpa-5c83c1b792168b,provisional_singleton,no_safe_cross_activity_merge,unknown,needs_review
mp-5cc59f0d2cb4312b,tpa-9c426ea591230d,provisional_singleton,no_safe_cross_activity_merge,unknown,needs_review
mp-0eab3ee733e78b95,tpa-2df641295bf281,provisional_singleton,no_safe_cross_activity_merge,unknown,needs_review
mp-59a717216c16c3e6,tpa-7f40b0efda3caf,provisional_singleton,no_safe_cross_activity_merge,unknown,needs_review
mp-e80487cb057c5abb,tpa-524beb754e12e1,provisional_singleton,no_safe_cross_activity_merge,unknown,needs_review
mp-52f421ba2f0b16e6,tpa-62fb61ef753161,provisional_singleton,no_safe_cross_activity_merge,unknown,needs_review
mp-8df778186eba73f7,tpa-4478ca70f1bd7b,provisional_singleton,no_safe_cross_activity_merge,unknown,needs_review
mp-f4606dd8f5052e22,tpa-23352231124e46,provisional_singleton,no_safe_cross_activity_merge,unknown,needs_review
mp-d2e782c7c7976f06,tpa-9403f2c2bf29a2,provisional_singleton,no_safe_cross_activity_merge,unknown,needs_review
mp-74ddba7061174d89,tpa-e1e1ae39758bb8,provisional_singleton,no_safe_cross_activity_merge,unknown,needs_review
mp-3c358de8ffa8bd89,tpa-fed216b3dcd3c3,provisional_singleton,no_safe_cross_activity_merge,unknown,needs_review
mp-7addd6bd5b77b8f8,tpa-5207e46335d4e6,provisional_singleton,no_safe_cross_activity_merge,unknown,needs_review
mp-6ec47cd3c3a30c01,tpa-44ab7ee9d0a5d3,provisional_singleton,no_safe_cross_activity_merge,unknown,needs_review
mp-b6a8d79c6af756eb,tpa-e09dfce457f069,provisional_singleton,no_safe_cross_activity_merge,unknown,needs_review
mp-7b6b20156902742a,tpa-d217048d3644db,provisional_singleton,no_safe_cross_activity_merge,unknown,needs_review
mp-2d9b277e0874ba08,tpa-f7e7f66a2e8b78,provisional_singleton,no_safe_cross_activity_merge,unknown,needs_review
mp-95f956d76ab7d423,tpa-df10c447507875,provisional_singleton,no_safe_cross_activity_merge,unknown,needs_review
mp-5bca18975047320b,tpa-3a91a25f248d04,provisional_singleton,no_safe_cross_activity_merge,unknown,needs_review
mp-622ef16fcb7766bd,tpa-5ca2f2c0515107,provisional_singleton,no_safe_cross_activity_merge,unknown,needs_review
mp-6b986d332a0d7960,tpa-968481e6b211a8,provisional_singleton,no_safe_cross_activity_merge,unknown,needs_review
mp-a7a6cfcbb4cebc54,tpa-b4cb983a507074,provisional_singleton,no_safe_cross_activity_merge,unknown,needs_review
mp-58068e324494cf61,tpa-60e6eb0de4bd90,provisional_singleton,no_safe_cross_activity_merge,unknown,needs_review
mp-2ed73981696bad5d,tpa-f63f8187aa9f00,provisional_singleton,no_safe_cross_activity_merge,unknown,needs_review
mp-7b5345a931cafb8a,tpa-645b95671f32d2,provisional_singleton,no_safe_cross_activity_merge,unknown,needs_review
mp-fdd1e4174b6cf79c,tpa-0d54720ed6a443,provisional_singleton,no_safe_cross_activity_merge,unknown,needs_review
mp-5921a785c9eb201f,tpa-8c410ea1138277,provisional_singleton,no_safe_cross_activity_merge,unknown,needs_review
mp-4dd0dd59790fe141,tpa-2243f57773c938,provisional_singleton,no_safe_cross_activity_merge,unknown,needs_review
mp-4073f453c162baae,tpa-6f1949b6a47750,provisional_singleton,no_safe_cross_activity_merge,unknown,needs_review
mp-5f3caf0e4f8d8f68,tpa-ce21f9abe3bea9,provisional_singleton,no_safe_cross_activity_merge,unknown,needs_review
mp-a0187fb8c0cccd5b,tpa-68b0fa96871e4e,provisional_singleton,no_safe_cross_activity_merge,unknown,needs_review
mp-bc2130afd5cc9fda,tpa-bc023e1ddc2c84,provisional_singleton,no_safe_cross_activity_merge,unknown,needs_review
mp-bb161e1edd46f5e9,tpa-51e396b19b5b0d,provisional_singleton,no_safe_cross_activity_merge,unknown,needs_review
mp-cd8c052afb50db47,tpa-da303a74e5845e,provisional_singleton,no_safe_cross_activity_merge,unknown,needs_review
mp-1d76d991dca3b366,tpa-2349bf8d286e67,provisional_singleton,no_safe_cross_activity_merge,unknown,needs_review
mp-3a05d8d00d72ad03,tpa-50abd503d46f71,provisional_singleton,no_safe_cross_activity_merge,unknown,needs_review
mp-0bf6abd9c99d4c59,tpa-40b7c0c54215c7,provisional_singleton,no_safe_cross_activity_merge,unknown,needs_review
mp-0e34c57d500eae91,tpa-ef519e1153647d,provisional_singleton,no_safe_cross_activity_merge,unknown,needs_review
mp-ceebe04dc52f29ba,tpa-d23ada2f3ee414,provisional_singleton,no_safe_cross_activity_merge,unknown,needs_review
mp-de5ce97a2d7e72b5,tpa-961a3f82f4dde1,provisional_singleton,no_safe_cross_activity_merge,unknown,needs_review
mp-6ba06148c9f47b79,tpa-35fae6b2c5c7cf,provisional_singleton,no_safe_cross_activity_merge,unknown,needs_review
mp-22b59bb806eac763,tpa-54c06655f88b84,provisional_singleton,no_safe_cross_activity_merge,unknown,needs_review
mp-6ad29947ed6e8bdf,tpa-e24d026c93c374,provisional_singleton,no_safe_cross_activity_merge,unknown,needs_review
mp-ed27bd00e032e1d1,tpa-1403111e66cb12,provisional_singleton,no_safe_cross_activity_merge,unknown,needs_review
mp-065bcb69129d5b1e,tpa-660737d9e6182d,provisional_singleton,no_safe_cross_activity_merge,unknown,needs_review
mp-56800d917388e7d3,tpa-f14f48f7225f3c,provisional_singleton,no_safe_cross_activity_merge,unknown,needs_review
mp-efe648be3f977eea,tpa-2929a7b6b501db,provisional_singleton,no_safe_cross_activity_merge,unknown,needs_review
mp-7f29987fcce5a7c5,tpa-da41bf70e59358,provisional_singleton,no_safe_cross_activity_merge,unknown,needs_review
mp-95a8558108fd0831,tpa-eaf693a486bb43,provisional_singleton,no_safe_cross_activity_merge,unknown,needs_review
mp-d9e26f43d09d3b57,tpa-3bb6bb32c259e0,provisional_singleton,no_safe_cross_activity_merge,unknown,needs_review
mp-05af4c4b9e433bf7,tpa-59d7fb07562dd9,provisional_singleton,no_safe_cross_activity_merge,unknown,needs_review
mp-0755921220d98e73,tpa-59fac3be61a335,provisional_singleton,no_safe_cross_activity_merge,unknown,needs_review
mp-3f687a510b9cf71a,tpa-f4fc4caabb9eac,provisional_singleton,no_safe_cross_activity_merge,unknown,needs_review
mp-f65cd36387b1fc42,tpa-2a0e40d30e572b,provisional_singleton,no_safe_cross_activity_merge,unknown,needs_review
mp-6767d2f10dc3b449,tpa-b50f4b160a53ca,provisional_singleton,no_safe_cross_activity_merge,unknown,needs_review
mp-9816d41bd8613455,tpa-3865b3eab45b8e,provisional_singleton,no_safe_cross_activity_merge,unknown,needs_review
mp-035a542306c020a3,tpa-8cda42a6fecd9b,provisional_singleton,no_safe_cross_activity_merge,unknown,needs_review
mp-83a14a6eea4a6621,tpa-d17f16ea142a67,provisional_singleton,no_safe_cross_activity_merge,unknown,needs_review
mp-eeebb8ebd4ab5cf4,tpa-66b9d16679f9c4,provisional_singleton,no_safe_cross_activity_merge,unknown,needs_review
mp-12ae79e4c594e7b3,tpa-f10affd350a711,provisional_singleton,no_safe_cross_activity_merge,unknown,needs_review
mp-f006bf5398e931b4,tpa-0141c410a042bc,provisional_singleton,no_safe_cross_activity_merge,unknown,needs_review
mp-be14c9c7afc2e6d9,tpa-dfdf00d10f5dbf,provisional_singleton,no_safe_cross_activity_merge,unknown,needs_review
mp-5e29bb2c6cdff8a6,tpa-54a7e9851da5ff,provisional_singleton,no_safe_cross_activity_merge,unknown,needs_review
mp-70c5ea2d152dc24a,tpa-43c2210b7b7ae3,provisional_singleton,no_safe_cross_activity_merge,unknown,needs_review
mp-f83f47e8eb177961,tpa-929ce04d33dac2,provisional_singleton,no_safe_cross_activity_merge,unknown,needs_review
mp-8c32b81b72a63530,tpa-373ae2e807d356,provisional_singleton,no_safe_cross_activity_merge,unknown,needs_review
mp-becba457d65c22c0,tpa-ccc3cafd364718,provisional_singleton,no_safe_cross_activity_merge,unknown,needs_review
mp-86df98988d40f88a,tpa-f3a8aceec6dfbe,provisional_singleton,no_safe_cross_activity_merge,unknown,needs_review
mp-f6bc2252b9d940b6,tpa-b4d288ce277592,provisional_singleton,no_safe_cross_activity_merge,unknown,needs_review
mp-ba348b265ef8ef08,tpa-5c54cc463a8540,provisional_singleton,no_safe_cross_activity_merge,unknown,needs_review
mp-9371f0c1f3885bf9,tpa-9fcfb888d86ecc,provisional_singleton,no_safe_cross_activity_merge,unknown,needs_review
mp-bae8f0b1a0ea3daf,tpa-d07b453294f49e,provisional_singleton,no_safe_cross_activity_merge,unknown,needs_review
mp-4fb6b6dce5dd7104,tpa-21c858cbbf3b63,provisional_singleton,no_safe_cross_activity_merge,unknown,needs_review
mp-8813065780af5d01,tpa-6590bda1053318,provisional_singleton,no_safe_cross_activity_merge,unknown,needs_review
mp-08607a80cd307b77,tpa-53e3fd26f15e0a,provisional_singleton,no_safe_cross_activity_merge,unknown,needs_review
mp-b50677a159044007,tpa-00ed5217c31952,provisional_singleton,no_safe_cross_activity_merge,unknown,needs_review
mp-0559ca49480d37fa,tpa-e1fd2fad750c8d,provisional_singleton,no_safe_cross_activity_merge,unknown,needs_review
mp-e80beee85a20c8eb,tpa-8d1a9a0b75d2a5,provisional_singleton,no_safe_cross_activity_merge,unknown,needs_review
mp-873d1960435055ff,tpa-3e01c9e3411875,provisional_singleton,no_safe_cross_activity_merge,unknown,needs_review
mp-e4f0fe0e5ff8f972,tpa-02f6ebaca44453,provisional_singleton,no_safe_cross_activity_merge,unknown,needs_review
mp-8ba4e3909eee7b90,tpa-64273014861d8e,provisional_singleton,no_safe_cross_activity_merge,unknown,needs_review
mp-089ed026d524b762,tpa-305a3039f88443,provisional_singleton,no_safe_cross_activity_merge,unknown,needs_review
mp-f3ddc611a3744548,tpa-153fa50dc2c482,provisional_singleton,no_safe_cross_activity_merge,unknown,needs_review
mp-943d3b0524fdbef7,tpa-367c0f7fa18383,provisional_singleton,no_safe_cross_activity_merge,unknown,needs_review
mp-7c00f1b2db1cde1e,tpa-26ef9f9a5281c9,provisional_singleton,no_safe_cross_activity_merge,unknown,needs_review
mp-ee1949ac1681d69f,tpa-bc3a154c8f2b8d,provisional_singleton,no_safe_cross_activity_merge,unknown,needs_review
mp-100ce6e4d64397e9,tpa-81d93257a0d110,provisional_singleton,no_safe_cross_activity_merge,unknown,needs_review
mp-b75125bc1edc9422,tpa-17b4e0975cc173,provisional_singleton,no_safe_cross_activity_merge,unknown,needs_review
mp-3537e38a10bf5092,tpa-42c47b162d632c,provisional_singleton,no_safe_cross_activity_merge,unknown,needs_review
mp-8af05b101c904425,tpa-9b38979057a7f2,provisional_singleton,no_safe_cross_activity_merge,unknown,needs_review
mp-a7105fcbb814991b,tpa-117c8bdd587be3,provisional_singleton,no_safe_cross_activity_merge,unknown,needs_review
mp-d0a02ae07ee0c6c5,tpa-7ccfdf617b7aa8,provisional_singleton,no_safe_cross_activity_merge,unknown,needs_review
mp-c0553824641271e3,tpa-81fa1fdc53e785,provisional_singleton,no_safe_cross_activity_merge,unknown,needs_review
mp-aeebf45671cd00a1,tpa-86e1033f70731c,provisional_singleton,no_safe_cross_activity_merge,unknown,needs_review
mp-1d525524ac93f286,tpa-b82f578485eb58,provisional_singleton,no_safe_cross_activity_merge,unknown,needs_review
mp-f1b1597ff012987e,tpa-64eda693c97c9e,provisional_singleton,no_safe_cross_activity_merge,unknown,needs_review
mp-7625b11d52ccb05c,tpa-79b6b1f76b5cc4,provisional_singleton,no_safe_cross_activity_merge,unknown,needs_review
mp-bf207637241a5c2a,tpa-2e77730749cc46,provisional_singleton,no_safe_cross_activity_merge,unknown,needs_review
mp-b6561a979f6df705,tpa-992f73809afc8f,provisional_singleton,no_safe_cross_activity_merge,unknown,needs_review
mp-5b9bd6b841f1ab30,tpa-3ecae58d749f8d,provisional_singleton,no_safe_cross_activity_merge,unknown,needs_review
mp-5ffa87d929108224,tpa-48dd58c90df6a7,provisional_singleton,no_safe_cross_activity_merge,unknown,needs_review
mp-41f91cb63b7a6c09,tpa-5cf371f089cd88,provisional_singleton,no_safe_cross_activity_merge,unknown,needs_review
mp-aefa92870f8c3ab2,tpa-4220fd7570b23d,provisional_singleton,no_safe_cross_activity_merge,unknown,needs_review
mp-af830fdd3677f8f8,tpa-400caf4e6a98be,provisional_singleton,no_safe_cross_activity_merge,unknown,needs_review
mp-d89578388fdcd0e4,tpa-c765dfb087fcc5,provisional_singleton,no_safe_cross_activity_merge,unknown,needs_review
mp-9a833b08f4aa6474,tpa-4c4090bce59fba,provisional_singleton,no_safe_cross_activity_merge,unknown,needs_review
mp-f0a45480127addb3,tpa-3f3e83f5ba585e,provisional_singleton,no_safe_cross_activity_merge,unknown,needs_review
mp-c976afd113734aca,tpa-649a969e7cc555,provisional_singleton,no_safe_cross_activity_merge,unknown,needs_review
mp-4f7fd47af2151b6f,tpa-711569470924e3,provisional_singleton,no_safe_cross_activity_merge,unknown,needs_review
mp-522f1e86fa38e7a0,tpa-36da6d5b0cf0e4,provisional_singleton,no_safe_cross_activity_merge,unknown,needs_review
mp-0d581d05275988d5,tpa-2e1a9e4f257d5d,provisional_singleton,no_safe_cross_activity_merge,unknown,needs_review
mp-2d7fd00509e80e63,tpa-8144c32c90887c,provisional_singleton,no_safe_cross_activity_merge,unknown,needs_review
mp-8c4eb6a99988f21c,tpa-a409a9b4ff36b3,provisional_singleton,no_safe_cross_activity_merge,unknown,needs_review
mp-b42860c2c26a545a,tpa-8ca352f7f52422,provisional_singleton,no_safe_cross_activity_merge,unknown,needs_review
mp-ea26221af15a8940,tpa-3f2c2f029f95c0,provisional_singleton,no_safe_cross_activity_merge,unknown,needs_review
mp-70b6c16d580325b6,tpa-a10550ff3fbb96,provisional_singleton,no_safe_cross_activity_merge,unknown,needs_review
mp-8503fc6fd5a5881a,tpa-490ff4a66e7c92,provisional_singleton,no_safe_cross_activity_merge,unknown,needs_review
mp-1f38213ee82af940,tpa-dee4252b1639ed,provisional_singleton,no_safe_cross_activity_merge,unknown,needs_review
mp-2f5021311d8bb5c2,tpa-036edebe7bf95b,provisional_singleton,no_safe_cross_activity_merge,unknown,needs_review
mp-8f38ee4fb743e1d0,tpa-e475f4135a619d,provisional_singleton,no_safe_cross_activity_merge,unknown,needs_review
mp-1c80d4833cb355df,tpa-2dd394e087fb26,provisional_singleton,no_safe_cross_activity_merge,unknown,needs_review
mp-a13adddf1a444095,tpa-54e08f3cdfa12f,provisional_singleton,no_safe_cross_activity_merge,unknown,needs_review
mp-6362309e57d964a5,tpa-e43f4c48b048e5,provisional_singleton,no_safe_cross_activity_merge,unknown,needs_review
mp-c72503841791641e,tpa-5cfa58f1461b26,provisional_singleton,no_safe_cross_activity_merge,unknown,needs_review
mp-3f3cd4e866dea785,tpa-37aeeec5f58aef,provisional_singleton,no_safe_cross_activity_merge,unknown,needs_review
mp-a4f658d16498a54c,tpa-3951481cdf97c7,provisional_singleton,no_safe_cross_activity_merge,unknown,needs_review
mp-3d64fdf69276a4b3,tpa-25d5350815b91b,provisional_singleton,no_safe_cross_activity_merge,unknown,needs_review
mp-d916477d2688c4c1,tpa-0d075591108454,provisional_singleton,no_safe_cross_activity_merge,unknown,needs_review
mp-5bc24a876db7d619,tpa-35c5a31339653c,provisional_singleton,no_safe_cross_activity_merge,unknown,needs_review
mp-dc6e78eac321ce7d,tpa-4961e3901719d4,provisional_singleton,no_safe_cross_activity_merge,unknown,needs_review
mp-c9c71e21f29dfeb5,tpa-b476c9ce196d89,provisional_singleton,no_safe_cross_activity_merge,unknown,needs_review
mp-f36ffa02f23c49aa,tpa-7f6d41c2b1cf82,provisional_singleton,no_safe_cross_activity_merge,unknown,needs_review
mp-68ab2b19e423247e,tpa-82e47f73946942,provisional_singleton,no_safe_cross_activity_merge,unknown,needs_review
mp-0cbf6dbaf97f41a0,tpa-323199deefad6a,provisional_singleton,no_safe_cross_activity_merge,unknown,needs_review
mp-a05b44118c38f5e5,tpa-659dce131a3d70,provisional_singleton,no_safe_cross_activity_merge,unknown,needs_review
mp-e04d0e8b256e5163,tpa-97ab366d4e1961,provisional_singleton,no_safe_cross_activity_merge,unknown,needs_review
mp-263d7549664496f0,tpa-d3eda04e371150,provisional_singleton,no_safe_cross_activity_merge,unknown,needs_review
mp-7b1f11196594d429,tpa-49478bf6456f37,provisional_singleton,no_safe_cross_activity_merge,unknown,needs_review
mp-1f4c638096171db0,tpa-4fcdd31eec2cde,provisional_singleton,no_safe_cross_activity_merge,unknown,needs_review
mp-5edaaf384162686c,tpa-d78926341f02cd,provisional_singleton,no_safe_cross_activity_merge,unknown,needs_review
mp-3190d610fcae8d59,tpa-524aea4be09fd9,provisional_singleton,no_safe_cross_activity_merge,unknown,needs_review
mp-456d4cbcad58d9cc,tpa-d39d659af99f1d,provisional_singleton,no_safe_cross_activity_merge,unknown,needs_review
mp-68fcabc514069b95,tpa-5391c158e33d97,provisional_singleton,no_safe_cross_activity_merge,unknown,needs_review
mp-a8a552489adccdb0,tpa-c49e93607145f1,provisional_singleton,no_safe_cross_activity_merge,unknown,needs_review
mp-ac2d56479f038e7d,tpa-007a02715cb1b8,provisional_singleton,no_safe_cross_activity_merge,unknown,needs_review
mp-69be855f7fb7137b,tpa-f16254d071f9dc,provisional_singleton,no_safe_cross_activity_merge,unknown,needs_review
mp-1c773a6bb1ae20af,tpa-8ab451890cc640,provisional_singleton,no_safe_cross_activity_merge,unknown,needs_review
mp-64c7814d19403916,tpa-54472db57695cb,provisional_singleton,no_safe_cross_activity_merge,unknown,needs_review
mp-c00c58830c5d595d,tpa-5b4d2e49ff5c70,provisional_singleton,no_safe_cross_activity_merge,unknown,needs_review
mp-d186cce90af37af9,tpa-780583d40c12ee,provisional_singleton,no_safe_cross_activity_merge,unknown,needs_review
mp-58d03894815d8392,tpa-d00c57f91274c0,provisional_singleton,no_safe_cross_activity_merge,unknown,needs_review
mp-42280afac59425d6,tpa-effd059367ec48,provisional_singleton,no_safe_cross_activity_merge,unknown,needs_review
mp-54c15b24133c6d69,tpa-01298bb3030bc9,provisional_singleton,no_safe_cross_activity_merge,unknown,needs_review
mp-7ddb5cbda7fc88a2,tpa-d7b12ad1d6797c,provisional_singleton,no_safe_cross_activity_merge,unknown,needs_review
mp-7324f53c02f2fb28,tpa-408dd8154f5128,provisional_singleton,no_safe_cross_activity_merge,unknown,needs_review
mp-823254ec04e29476,tpa-f4224964a17a12,provisional_singleton,no_safe_cross_activity_merge,unknown,needs_review
mp-ee14f81d3a7c4964,tpa-6a55de57f95144,provisional_singleton,no_safe_cross_activity_merge,unknown,needs_review
mp-7f89718b3deafb64,tpa-a5e3000d908052,provisional_singleton,no_safe_cross_activity_merge,unknown,needs_review
mp-f20009fff2a72c34,tpa-c4fb9136f3095d,provisional_singleton,no_safe_cross_activity_merge,unknown,needs_review
mp-a7a65d35baf225e2,tpa-496d4982b1b78d,provisional_singleton,no_safe_cross_activity_merge,unknown,needs_review
mp-46466c888a63e58f,tpa-f5a55de163e62d,provisional_singleton,no_safe_cross_activity_merge,unknown,needs_review
mp-c5f9f78936a77538,tpa-ce13fdf6a276aa,provisional_singleton,no_safe_cross_activity_merge,unknown,needs_review
mp-02eca78add5af70e,tpa-f1d7146c36f9c7,provisional_singleton,no_safe_cross_activity_merge,unknown,needs_review
mp-723569d0d6464401,tpa-220f68136c8678,provisional_singleton,no_safe_cross_activity_merge,unknown,needs_review
mp-d085e7de737968f8,tpa-7b12696ce7b0c0,provisional_singleton,no_safe_cross_activity_merge,unknown,needs_review
mp-4e880682e1559bf9,tpa-5a312a61700bc7,provisional_singleton,no_safe_cross_activity_merge,unknown,needs_review
mp-fa9cf7293d83bd0d,tpa-d2ed73ff2e5d3e,provisional_singleton,no_safe_cross_activity_merge,unknown,needs_review
mp-8023df13a1176310,tpa-a780961c696943,provisional_singleton,no_safe_cross_activity_merge,unknown,needs_review
mp-b3a60c282f33973b,tpa-e7ca12a9625957,provisional_singleton,no_safe_cross_activity_merge,unknown,needs_review
mp-e8ae958d157af2aa,tpa-05e4ee62c298db,provisional_singleton,no_safe_cross_activity_merge,unknown,needs_review
mp-261f9ca730ea7457,tpa-5f28050f927cc8,provisional_singleton,no_safe_cross_activity_merge,unknown,needs_review
mp-1f693b0a8462be0d,tpa-f580fde975c97d,provisional_singleton,no_safe_cross_activity_merge,unknown,needs_review
mp-381c6c504c39cabe,tpa-0296081f293823,provisional_singleton,no_safe_cross_activity_merge,unknown,needs_review
mp-881f5c407f18ccf8,tpa-4e54d20537af5d,provisional_singleton,no_safe_cross_activity_merge,unknown,needs_review
mp-e4968d9fe82ae208,tpa-dda930a5a7507d,provisional_singleton,no_safe_cross_activity_merge,unknown,needs_review
mp-429585a997bac076,tpa-f75d1b96128237,provisional_singleton,no_safe_cross_activity_merge,unknown,needs_review
mp-333f03be9e50bb5d,tpa-c0840dcddf84f5,provisional_singleton,no_safe_cross_activity_merge,unknown,needs_review
mp-4b102beeb624d343,tpa-6ce45f881f1a0a,provisional_singleton,no_safe_cross_activity_merge,unknown,needs_review
mp-3a339494d8873fda,tpa-c45e95d0d0bb78,provisional_singleton,no_safe_cross_activity_merge,unknown,needs_review
mp-9095ec14ac32d881,tpa-dbb325a1b4622b,provisional_singleton,no_safe_cross_activity_merge,unknown,needs_review
mp-ca5f674828ceb19e,tpa-0d3837c4e9d315,provisional_singleton,no_safe_cross_activity_merge,unknown,needs_review
mp-91a047ad3ba4c629,tpa-bb9f17ba7450b0,provisional_singleton,no_safe_cross_activity_merge,unknown,needs_review
mp-f54b615714eef859,tpa-08a1c12a9f9038,provisional_singleton,no_safe_cross_activity_merge,unknown,needs_review
mp-adfdc432e5ac65d4,tpa-b10575f6418799,provisional_singleton,no_safe_cross_activity_merge,unknown,needs_review
mp-b68273a7b2b50e07,tpa-639c5de6136528,provisional_singleton,no_safe_cross_activity_merge,unknown,needs_review
mp-829d2942a1de7d15,tpa-5da8c7f504a7c2,provisional_singleton,no_safe_cross_activity_merge,unknown,needs_review
mp-2d2d8383c1efac03,tpa-3f6ded89aebfa3,provisional_singleton,no_safe_cross_activity_merge,unknown,needs_review
mp-8da5cd66a3516a85,tpa-4d566dea5d9045,provisional_singleton,no_safe_cross_activity_merge,unknown,needs_review
mp-6c3f48d8c1020d29,tpa-b2f916fe77020c,provisional_singleton,no_safe_cross_activity_merge,unknown,needs_review
mp-45cef2653619008d,tpa-13b45f314bd0a9,provisional_singleton,no_safe_cross_activity_merge,unknown,needs_review
mp-b5865fe986a61196,tpa-21de62a5b19907,provisional_singleton,no_safe_cross_activity_merge,unknown,needs_review
mp-335a6014b9a739b7,tpa-df5d6fec6dcd3b,provisional_singleton,no_safe_cross_activity_merge,unknown,needs_review
mp-6beb5fab73baffe5,tpa-929536658247fb,provisional_singleton,no_safe_cross_activity_merge,unknown,needs_review
mp-94fa5c19df4be551,tpa-82e845fbb36077,provisional_singleton,no_safe_cross_activity_merge,unknown,needs_review
mp-a4704cb5ec5d8047,tpa-cc1f368e66a843,provisional_singleton,no_safe_cross_activity_merge,unknown,needs_review
mp-29864725a7992e24,tpa-fc0ffdadb41b17,provisional_singleton,no_safe_cross_activity_merge,unknown,needs_review
mp-394ebce1660d77ff,tpa-e224e900af0bda,provisional_singleton,no_safe_cross_activity_merge,unknown,needs_review
mp-9b85801556b7b432,tpa-b1f512a0f493bf,provisional_singleton,no_safe_cross_activity_merge,unknown,needs_review
mp-9975509d3d1dcc88,tpa-3744d63d8bdce5,provisional_singleton,no_safe_cross_activity_merge,unknown,needs_review
mp-10312bf4096cff18,tpa-24fa065157d63e,provisional_singleton,no_safe_cross_activity_merge,unknown,needs_review
mp-259b791751cbd166,tpa-4770863b3e2e8b,provisional_singleton,no_safe_cross_activity_merge,unknown,needs_review
mp-032459e2a71f4913,tpa-bc47d8fa017922,provisional_singleton,no_safe_cross_activity_merge,unknown,needs_review
mp-c493bdd7caf68aec,tpa-83cff26d57adc6,provisional_singleton,no_safe_cross_activity_merge,unknown,needs_review
mp-a7025a0800564522,tpa-6151c86edcae92,provisional_singleton,no_safe_cross_activity_merge,unknown,needs_review
mp-5df4b1100f0a7489,tpa-dd9823c5ee6e2a,provisional_singleton,no_safe_cross_activity_merge,unknown,needs_review
mp-62481a02e140b667,tpa-f254b6ea82f1f8,provisional_singleton,no_safe_cross_activity_merge,unknown,needs_review
mp-4207c76b61d950c8,tpa-69d64b94353d3a,provisional_singleton,no_safe_cross_activity_merge,unknown,needs_review
mp-c8fd1e3c455c25d9,tpa-d6389ccdb01545,provisional_singleton,no_safe_cross_activity_merge,unknown,needs_review
mp-7f7b7e5f2659f3ee,tpa-3c02e94d831303,provisional_singleton,no_safe_cross_activity_merge,unknown,needs_review
mp-412d62fb571f3ae8,tpa-6a299d8cf572f4,provisional_singleton,no_safe_cross_activity_merge,unknown,needs_review
mp-e30f2a8d79df75af,tpa-6306b6e66f5db1,provisional_singleton,no_safe_cross_activity_merge,unknown,needs_review
mp-61b4f806a228ea31,tpa-c0d2127d85f350,provisional_singleton,no_safe_cross_activity_merge,unknown,needs_review
mp-03c403e7d6b9d6a7,tpa-e70daaad1d0919,provisional_singleton,no_safe_cross_activity_merge,unknown,needs_review
mp-d4daa0c99420d8b5,tpa-f5431a867cc639,provisional_singleton,no_safe_cross_activity_merge,unknown,needs_review
mp-4b4e1942d257614e,tpa-ac2c202a7479d7,provisional_singleton,no_safe_cross_activity_merge,unknown,needs_review
mp-50f9b0a45a595f72,tpa-02b722206c46a1,provisional_singleton,no_safe_cross_activity_merge,unknown,needs_review
mp-5eca2e2cbf4083a2,tpa-43f78badb40765,provisional_singleton,no_safe_cross_activity_merge,unknown,needs_review
mp-3c6132ebf236f2eb,tpa-9c962468d1083d,provisional_singleton,no_safe_cross_activity_merge,unknown,needs_review
mp-b694456b57234e1b,tpa-028ec790d88047,provisional_singleton,no_safe_cross_activity_merge,unknown,needs_review
mp-0c3b0d916428ec6a,tpa-fa95762e9cee3a,provisional_singleton,no_safe_cross_activity_merge,unknown,needs_review
mp-d3e2c27d05535f76,tpa-aaa8a1b41946d4,provisional_singleton,no_safe_cross_activity_merge,unknown,needs_review
mp-d3244f5af9179c4b,tpa-33ef6f465319f0,provisional_singleton,no_safe_cross_activity_merge,unknown,needs_review
mp-7945d7f20421d3bd,tpa-f005ba6ac4c7ca,provisional_singleton,no_safe_cross_activity_merge,unknown,needs_review
mp-8b554ede93401cb5,tpa-faba22fa5b0779,provisional_singleton,no_safe_cross_activity_merge,unknown,needs_review
mp-75a03746789b9958,tpa-0fa70169ac2776,provisional_singleton,no_safe_cross_activity_merge,unknown,needs_review
mp-762af8aa23ea9397,tpa-c0a1f06e72faab,provisional_singleton,no_safe_cross_activity_merge,unknown,needs_review
mp-75f7a26bd1f3560e,tpa-a25f22f42b1765,provisional_singleton,no_safe_cross_activity_merge,unknown,needs_review
mp-725164af60a35327,tpa-15d176e8cb7277,provisional_singleton,no_safe_cross_activity_merge,unknown,needs_review
mp-037d24b5e60bc0ba,tpa-1ffad5a01b12a6,provisional_singleton,no_safe_cross_activity_merge,unknown,needs_review
mp-582c99663b932312,tpa-8cff9259bd2288,provisional_singleton,no_safe_cross_activity_merge,unknown,needs_review
mp-f28dc37221390a0b,tpa-694913f2275722,provisional_singleton,no_safe_cross_activity_merge,unknown,needs_review
mp-34c37d2e3d23cd30,tpa-43ecee68ab83b9,provisional_singleton,no_safe_cross_activity_merge,unknown,needs_review
mp-9afea0474a89e2ea,tpa-60361dda62d12d,provisional_singleton,no_safe_cross_activity_merge,unknown,needs_review
mp-e29cb5d81952c9b4,tpa-f1c346905aac98,provisional_singleton,no_safe_cross_activity_merge,unknown,needs_review
mp-f1c3b8b397b5ee6f,tpa-253ef09eb372fb,provisional_singleton,no_safe_cross_activity_merge,unknown,needs_review
mp-2bac072f9dfbcf47,tpa-271db8825e0e84,provisional_singleton,no_safe_cross_activity_merge,unknown,needs_review
mp-739c50d0792b937f,tpa-d2388e0b125356,provisional_singleton,no_safe_cross_activity_merge,unknown,needs_review
mp-ac69d80aa36fb454,tpa-754dfcc68574e8,provisional_singleton,no_safe_cross_activity_merge,unknown,needs_review
mp-f4b2ec2097afe188,tpa-e53c7d6a4828f6,provisional_singleton,no_safe_cross_activity_merge,unknown,needs_review
mp-ff4038dbd4358671,tpa-d41d095fad1550,provisional_singleton,no_safe_cross_activity_merge,unknown,needs_review
mp-1f78f337739fed9b,tpa-5eb29ee4a4d538,provisional_singleton,no_safe_cross_activity_merge,unknown,needs_review
mp-6c7c9efac70151d8,tpa-bd44a66e3eb471,provisional_singleton,no_safe_cross_activity_merge,unknown,needs_review
mp-1c38761036f50214,tpa-5e5b275fabebe1,provisional_singleton,no_safe_cross_activity_merge,unknown,needs_review
mp-f76abc21d51cac32,tpa-d987e6142b19c9,provisional_singleton,no_safe_cross_activity_merge,unknown,needs_review
mp-45cc4ec6f20ca5c7,tpa-3af3092a60248c,provisional_singleton,no_safe_cross_activity_merge,unknown,needs_review
mp-650c916e73beb706,tpa-8353b973768662,provisional_singleton,no_safe_cross_activity_merge,unknown,needs_review
mp-6c428eafa4a48a0f,tpa-0daba79fdc3269,provisional_singleton,no_safe_cross_activity_merge,unknown,needs_review
mp-1dfc15a313df3138,tpa-96d639fe826fcb,provisional_singleton,no_safe_cross_activity_merge,unknown,needs_review
mp-3b41930c10c2f43d,tpa-259a4c5c8153e0,provisional_singleton,no_safe_cross_activity_merge,unknown,needs_review
mp-e70d86bc6c188bdb,tpa-d92ab904233ee7,provisional_singleton,no_safe_cross_activity_merge,unknown,needs_review
mp-391d971fccafec38,tpa-d3997734b5a72b,provisional_singleton,no_safe_cross_activity_merge,unknown,needs_review
mp-2824bb7817c2fc02,tpa-3c7b510d74f0d2,provisional_singleton,no_safe_cross_activity_merge,unknown,needs_review
mp-2feaf0130eaba9c0,tpa-c30629eb839425,provisional_singleton,no_safe_cross_activity_merge,unknown,needs_review
mp-9fa290731567e40f,tpa-aaefdcacc05ca3,provisional_singleton,no_safe_cross_activity_merge,unknown,needs_review
mp-6c8a66dc88dd7733,tpa-f5522bc66a963f,provisional_singleton,no_safe_cross_activity_merge,unknown,needs_review
mp-80e6dde3149cfcd6,tpa-064a5db2f02315,provisional_singleton,no_safe_cross_activity_merge,unknown,needs_review
mp-f8e810f120d3e0fd,tpa-afdf7f345e76f7,provisional_singleton,no_safe_cross_activity_merge,unknown,needs_review
mp-5964b186434134cb,tpa-7144d7bf627a0e,provisional_singleton,no_safe_cross_activity_merge,unknown,needs_review
mp-dd8c5076fa365b8f,tpa-0485c90b800d32,provisional_singleton,no_safe_cross_activity_merge,unknown,needs_review
mp-4e45d865d535e217,tpa-5d063d36f15c53,provisional_singleton,no_safe_cross_activity_merge,unknown,needs_review
mp-e377e2f9cfedaca1,tpa-9d99da98ce3b50,provisional_singleton,no_safe_cross_activity_merge,unknown,needs_review
mp-e1c2205e63f42cff,tpa-7f529ea3265a79,provisional_singleton,no_safe_cross_activity_merge,unknown,needs_review
mp-8e5b9ac1c8639e4a,tpa-bd5c5c147a6f2f,provisional_singleton,no_safe_cross_activity_merge,unknown,needs_review
mp-c707a38b57aa68f1,tpa-b6416b8ff871ad,provisional_singleton,no_safe_cross_activity_merge,unknown,needs_review
mp-f18a8e8e21a6794e,tpa-543e744c7a45c5,provisional_singleton,no_safe_cross_activity_merge,unknown,needs_review
mp-74226a466662b12d,tpa-08d5c649c9a2d8,provisional_singleton,no_safe_cross_activity_merge,unknown,needs_review
mp-4e28f329bec53785,tpa-b1074c7861e639,provisional_singleton,no_safe_cross_activity_merge,unknown,needs_review
mp-1e581e98619be127,tpa-ffc3624f9d8ca9,provisional_singleton,no_safe_cross_activity_merge,unknown,needs_review
mp-97b1e9b6284ab1ca,tpa-e4e8c0c9e5dd84,provisional_singleton,no_safe_cross_activity_merge,unknown,needs_review
mp-748c62b97339505e,tpa-9fc6ed7a9d0f66,provisional_singleton,no_safe_cross_activity_merge,unknown,needs_review
mp-0136fa9fcc89da91,tpa-d63bc03b6f4a49,provisional_singleton,no_safe_cross_activity_merge,unknown,needs_review
mp-e824d61a9da3546f,tpa-657ece167efe9a,provisional_singleton,no_safe_cross_activity_merge,unknown,needs_review
mp-cb5e53b6e094b409,tpa-6f3c917f3dfa14,provisional_singleton,no_safe_cross_activity_merge,unknown,needs_review
mp-ca67b7cfee5785bc,tpa-1511eea74c37be,provisional_singleton,no_safe_cross_activity_merge,unknown,needs_review
mp-1351e4ce750ff498,tpa-f56b2f5e87c7ad,provisional_singleton,no_safe_cross_activity_merge,unknown,needs_review
mp-c5eceff2d6972ba5,tpa-7f3dc5bea40be2,provisional_singleton,no_safe_cross_activity_merge,unknown,needs_review
mp-a2543231ffe873bf,tpa-4d10614e41a926,provisional_singleton,no_safe_cross_activity_merge,unknown,needs_review
mp-6fa164085dd76e3d,tpa-88115d563ed944,provisional_singleton,no_safe_cross_activity_merge,unknown,needs_review
mp-a2d6e52d8671adc7,tpa-ce4602115da00e,provisional_singleton,no_safe_cross_activity_merge,unknown,needs_review
mp-7018d95149a484fa,tpa-195b6e7fc83b90,provisional_singleton,no_safe_cross_activity_merge,unknown,needs_review
mp-dcab28c97b43fdf0,tpa-66ab68a9b64a59,provisional_singleton,no_safe_cross_activity_merge,unknown,needs_review
mp-28019c22263ef264,tpa-827c21d5f514e1,provisional_singleton,no_safe_cross_activity_merge,unknown,needs_review
mp-3b3890484d2e94b7,tpa-e8b6ad983db0df,provisional_singleton,no_safe_cross_activity_merge,unknown,needs_review
mp-d10d88c9ca6bb6b5,tpa-add0b475c6dfe6,provisional_singleton,no_safe_cross_activity_merge,unknown,needs_review
mp-45b8ec6f990591d0,tpa-21cb74cc191b43,provisional_singleton,no_safe_cross_activity_merge,unknown,needs_review
mp-7e7d3e568eef8021,tpa-b6c6af96659c28,provisional_singleton,no_safe_cross_activity_merge,unknown,needs_review
mp-d0392dedf4c16452,tpa-f89a24ec8cc5b1,provisional_singleton,no_safe_cross_activity_merge,unknown,needs_review
mp-2741540924d31cf1,tpa-4e2b3d392870a7,provisional_singleton,no_safe_cross_activity_merge,unknown,needs_review
mp-174d698b79146227,tpa-bd1e696fb7909c,provisional_singleton,no_safe_cross_activity_merge,unknown,needs_review
mp-90ac92e86c9fab24,tpa-34be45db93a986,provisional_singleton,no_safe_cross_activity_merge,unknown,needs_review
mp-236b820bf79643a5,tpa-90db744ac2f785,provisional_singleton,no_safe_cross_activity_merge,unknown,needs_review
mp-ebff9affd9bdec35,tpa-41129e2c44ce77,provisional_singleton,no_safe_cross_activity_merge,unknown,needs_review
mp-1842627d9e2c4adc,tpa-0b0951574d14af,provisional_singleton,no_safe_cross_activity_merge,unknown,needs_review
mp-b7f9eedffa74e0a3,tpa-55402e6f9c3059,provisional_singleton,no_safe_cross_activity_merge,unknown,needs_review
mp-69296356791db2e2,tpa-a77d48b8d5071b,provisional_singleton,no_safe_cross_activity_merge,unknown,needs_review
mp-aaaac2a443ab37cf,tpa-97d738ba61f354,provisional_singleton,no_safe_cross_activity_merge,unknown,needs_review
mp-6f3bc31ae3dc5a9a,tpa-46e592eed14be3,provisional_singleton,no_safe_cross_activity_merge,unknown,needs_review
mp-ef07ae6e1b000bed,tpa-202acca313e70a,provisional_singleton,no_safe_cross_activity_merge,unknown,needs_review
mp-f8a422379f7c7b7b,tpa-3c82538379f0a2,provisional_singleton,no_safe_cross_activity_merge,unknown,needs_review
mp-7218fdceaa5f72d4,tpa-c18cfc543ee14b,provisional_singleton,no_safe_cross_activity_merge,unknown,needs_review
mp-4b2b282863f09bb9,tpa-30d39c3123da95,provisional_singleton,no_safe_cross_activity_merge,unknown,needs_review
mp-d55a748065cf3894,tpa-01efaaa9039617,provisional_singleton,no_safe_cross_activity_merge,unknown,needs_review
mp-25c201cd7fb5c185,tpa-eed75e76b1a5df,provisional_singleton,no_safe_cross_activity_merge,unknown,needs_review
mp-2a4654de068988e0,tpa-22693b8ceab0ee,provisional_singleton,no_safe_cross_activity_merge,unknown,needs_review
mp-37185357a69ae028,tpa-f44b3545972cdd,provisional_singleton,no_safe_cross_activity_merge,unknown,needs_review
mp-7c537b0cca1e7987,tpa-6e7658d3dcc0f1,provisional_singleton,no_safe_cross_activity_merge,unknown,needs_review
mp-3692b3787ed52030,tpa-e41ba151b2e841,provisional_singleton,no_safe_cross_activity_merge,unknown,needs_review
mp-5415b258b0fc64c3,tpa-11b60937dcffaf,provisional_singleton,no_safe_cross_activity_merge,unknown,needs_review
mp-dc72cc552c221911,tpa-18c9e659a35f1d,provisional_singleton,no_safe_cross_activity_merge,unknown,needs_review
mp-cad240d8894f8fa3,tpa-f4f6db8b06b36c,provisional_singleton,no_safe_cross_activity_merge,unknown,needs_review
mp-10f1b1b2955042c2,tpa-636ee511325ea0,provisional_singleton,no_safe_cross_activity_merge,unknown,needs_review
mp-cd37f9b6a3a22fd4,tpa-9d2f95fd2f3ed6,provisional_singleton,no_safe_cross_activity_merge,unknown,needs_review
mp-4d595bee33ee7f9f,tpa-012492e5f9c407,provisional_singleton,no_safe_cross_activity_merge,unknown,needs_review
mp-8cfeeda4ed6fbbfb,tpa-b6769e5b324814,provisional_singleton,no_safe_cross_activity_merge,unknown,needs_review
mp-ae2ce6e34b8bb4c7,tpa-4de4134a4e5d7c,provisional_singleton,no_safe_cross_activity_merge,unknown,needs_review
mp-3f68eda3d32f19c4,tpa-5874017ed8f373,provisional_singleton,no_safe_cross_activity_merge,unknown,needs_review
mp-84e945c12ed504b4,tpa-693cff87d0a699,provisional_singleton,no_safe_cross_activity_merge,unknown,needs_review
mp-12cafa402be9720d,tpa-37149a0be5304f,provisional_singleton,no_safe_cross_activity_merge,unknown,needs_review
mp-50cf28f558c04cb8,tpa-42375040c9d32c,provisional_singleton,no_safe_cross_activity_merge,unknown,needs_review
mp-4828d103b2cc60c3,tpa-a8e0446a4803d4,provisional_singleton,no_safe_cross_activity_merge,unknown,needs_review
mp-d5908123197ebcdc,tpa-ea6228edeccc2f,provisional_singleton,no_safe_cross_activity_merge,unknown,needs_review
mp-0016ef70b6eea01e,tpa-a0fd98dcd200b9,provisional_singleton,no_safe_cross_activity_merge,unknown,needs_review
mp-82150eb76f25678c,tpa-a915550621a48e,provisional_singleton,no_safe_cross_activity_merge,unknown,needs_review
mp-cb02341474b0c0e5,tpa-4a4aa591095e1f,provisional_singleton,no_safe_cross_activity_merge,unknown,needs_review
mp-e9ea8a901e1eae41,tpa-48339492a1e773,provisional_singleton,no_safe_cross_activity_merge,unknown,needs_review
mp-974df0db5f5fc0ce,tpa-9cd28142a195a2,provisional_singleton,no_safe_cross_activity_merge,unknown,needs_review
mp-b0db679e4d55cf34,tpa-9fa3b10a3951b8,provisional_singleton,no_safe_cross_activity_merge,unknown,needs_review
mp-644b366743253423,tpa-404daf38667593,provisional_singleton,no_safe_cross_activity_merge,unknown,needs_review
mp-5866d6f1a709ddfd,tpa-21f49cc78712bc,provisional_singleton,no_safe_cross_activity_merge,unknown,needs_review
mp-a42eb1b3aa7af27a,tpa-3af6a186e9051b,provisional_singleton,no_safe_cross_activity_merge,unknown,needs_review
mp-ae861e8ce1f9b5ff,tpa-4049a0602e344d,provisional_singleton,no_safe_cross_activity_merge,unknown,needs_review
mp-d0c025f96137c9ae,tpa-62862e86d3f12c,provisional_singleton,no_safe_cross_activity_merge,unknown,needs_review
mp-f81e67af675f2041,tpa-0b29d8a272673c,provisional_singleton,no_safe_cross_activity_merge,unknown,needs_review
mp-bebad613318931aa,tpa-2ddba7e4045ae6,provisional_singleton,no_safe_cross_activity_merge,unknown,needs_review
mp-201ba9f51a58aaee,tpa-d48724c8c9c6cd,provisional_singleton,no_safe_cross_activity_merge,unknown,needs_review
mp-dfd13ac2f7d8d0ba,tpa-ff1a96d7f6b458,provisional_singleton,no_safe_cross_activity_merge,unknown,needs_review
mp-4c33916affb89161,tpa-1120968bedca6e,provisional_singleton,no_safe_cross_activity_merge,unknown,needs_review
mp-d52eb865f3c9b3f6,tpa-1b70a1341d270f,provisional_singleton,no_safe_cross_activity_merge,unknown,needs_review
mp-e43c267dd874c30b,tpa-e6e4ab4d9721f5,provisional_singleton,no_safe_cross_activity_merge,unknown,needs_review
mp-fc94bfce9aacc560,tpa-d69e87b023695a,provisional_singleton,no_safe_cross_activity_merge,unknown,needs_review
mp-b069731e90c8a2bb,tpa-2ac323c843bf5c,provisional_singleton,no_safe_cross_activity_merge,unknown,needs_review
mp-83e23f7578d7d20d,tpa-591d5c8f82a33c,provisional_singleton,no_safe_cross_activity_merge,unknown,needs_review
mp-f640265794f22c91,tpa-92c7dfcf3e5528,provisional_singleton,no_safe_cross_activity_merge,unknown,needs_review
mp-4a20c41b34cab5af,tpa-2aa4aa502cc770,provisional_singleton,no_safe_cross_activity_merge,unknown,needs_review
mp-ca36f85bd02e083e,tpa-b60cbd140d0327,provisional_singleton,no_safe_cross_activity_merge,unknown,needs_review
mp-f3e1f46694b7099a,tpa-fc84c6477ede65,provisional_singleton,no_safe_cross_activity_merge,unknown,needs_review
mp-9b9d1b84690bd535,tpa-a0a1e12cde36f3,provisional_singleton,no_safe_cross_activity_merge,unknown,needs_review
mp-4ede9b037d896276,tpa-bd153e237fec25,provisional_singleton,no_safe_cross_activity_merge,unknown,needs_review
mp-5f452b21eec4972c,tpa-d9da95766c3af0,provisional_singleton,no_safe_cross_activity_merge,unknown,needs_review
mp-b865bde8cdff1af5,tpa-54e6671dc62131,provisional_singleton,no_safe_cross_activity_merge,unknown,needs_review
mp-5bdf14a25c280af4,tpa-6769f66104b427,provisional_singleton,no_safe_cross_activity_merge,unknown,needs_review
mp-aae431c07dfd168b,tpa-b6379783299955,provisional_singleton,no_safe_cross_activity_merge,unknown,needs_review
mp-72ad8fe486269d46,tpa-ff51c48548d149,provisional_singleton,no_safe_cross_activity_merge,unknown,needs_review
mp-6436e085262523e7,tpa-09d4e1551572c9,provisional_singleton,no_safe_cross_activity_merge,unknown,needs_review
mp-1b51aed6b3012872,tpa-c7e42772bde1b6,provisional_singleton,no_safe_cross_activity_merge,unknown,needs_review
mp-04971beef4e2b688,tpa-7b8a085843233d,provisional_singleton,no_safe_cross_activity_merge,unknown,needs_review
mp-4240bab5cb9b0152,tpa-2c1e671440067b,provisional_singleton,no_safe_cross_activity_merge,unknown,needs_review
mp-7a978c1d5fe12346,tpa-0b569ee2338a70,provisional_singleton,no_safe_cross_activity_merge,unknown,needs_review
mp-b1a106948cbf1be9,tpa-d73d391bb9871d,provisional_singleton,no_safe_cross_activity_merge,unknown,needs_review
mp-56624f6e35a261e4,tpa-1a8c85052d58e2,provisional_singleton,no_safe_cross_activity_merge,unknown,needs_review
mp-1aa6f665db006f5f,tpa-3c65b235aa6111,provisional_singleton,no_safe_cross_activity_merge,unknown,needs_review
mp-86ff31b2a9bad9fb,tpa-ff638c7e84d308,provisional_singleton,no_safe_cross_activity_merge,unknown,needs_review
mp-8b36201add1e601b,tpa-8b82defe85daf2,provisional_singleton,no_safe_cross_activity_merge,unknown,needs_review
mp-08d8a422a45d0083,tpa-91260ef964c41a,provisional_singleton,no_safe_cross_activity_merge,unknown,needs_review
mp-f20f5606cfbdb66d,tpa-e945719b3cceb3,provisional_singleton,no_safe_cross_activity_merge,unknown,needs_review
mp-b7ee141239f4f713,tpa-349130f8a87e88,provisional_singleton,no_safe_cross_activity_merge,unknown,needs_review
mp-9fcd6e8b7b9906af,tpa-1af8e51f0de133,provisional_singleton,no_safe_cross_activity_merge,unknown,needs_review
mp-3dc32c6e60815962,tpa-57092e64bbd85d,provisional_singleton,no_safe_cross_activity_merge,unknown,needs_review
mp-195cb3c92773ceef,tpa-d3e99507beea04,provisional_singleton,no_safe_cross_activity_merge,unknown,needs_review
mp-733646dc5baaef87,tpa-5dbf64c05c415d,provisional_singleton,no_safe_cross_activity_merge,unknown,needs_review
mp-10768124d4c2d3b0,tpa-6529994381fc99,provisional_singleton,no_safe_cross_activity_merge,unknown,needs_review
mp-91d3d411b073f712,tpa-11c8e788abc77a,provisional_singleton,no_safe_cross_activity_merge,unknown,needs_review
mp-18d1edbbb58beab7,tpa-25fda51503ceb2,provisional_singleton,no_safe_cross_activity_merge,unknown,needs_review
mp-e7c39cc84c9c8a9f,tpa-90f323caf6033b,provisional_singleton,no_safe_cross_activity_merge,unknown,needs_review
mp-3cebb8bb5e25544a,tpa-744e454634e415,provisional_singleton,no_safe_cross_activity_merge,unknown,needs_review
mp-7706b3e0c3d9e209,tpa-ca126ca2b96311,provisional_singleton,no_safe_cross_activity_merge,unknown,needs_review
mp-fa7ca6d87ff9a578,tpa-1f375f57b884ce,provisional_singleton,no_safe_cross_activity_merge,unknown,needs_review
mp-af1c966c98319de7,tpa-cc89d9d612002a,provisional_singleton,no_safe_cross_activity_merge,unknown,needs_review
mp-a96f56793e523114,tpa-bf359a466f4612,provisional_singleton,no_safe_cross_activity_merge,unknown,needs_review
mp-f2de05c4b64c6614,tpa-85298511bf39cb,provisional_singleton,no_safe_cross_activity_merge,unknown,needs_review
mp-415f09b2e75dc970,tpa-7104fa370b103e,provisional_singleton,no_safe_cross_activity_merge,unknown,needs_review
mp-ac502bffff84c588,tpa-92bbab6bf14b36,provisional_singleton,no_safe_cross_activity_merge,unknown,needs_review
mp-fa9afb9d9d81715c,tpa-1c18d3c01eaa15,provisional_singleton,no_safe_cross_activity_merge,unknown,needs_review
mp-ef10a244dad8ee1f,tpa-f8a9296ff61381,provisional_singleton,no_safe_cross_activity_merge,unknown,needs_review
mp-6db0dc10a4ad45de,tpa-0ce9f38b4de3bf,provisional_singleton,no_safe_cross_activity_merge,unknown,needs_review
mp-1ceeed6429e82509,tpa-74161a2e851e34,provisional_singleton,no_safe_cross_activity_merge,unknown,needs_review
mp-28b486a081f2fc43,tpa-840bd70b6621ac,provisional_singleton,no_safe_cross_activity_merge,unknown,needs_review
mp-3703c8b8cf085df7,tpa-b8f7f6df8ef9d9,provisional_singleton,no_safe_cross_activity_merge,unknown,needs_review
mp-f9c31dcb166a7950,tpa-86acae8428476a,provisional_singleton,no_safe_cross_activity_merge,unknown,needs_review
mp-df18828654e5292a,tpa-e459bfdefc204c,provisional_singleton,no_safe_cross_activity_merge,unknown,needs_review
mp-9bce7582d0f5ac2d,tpa-f00bcd6e23caf0,provisional_singleton,no_safe_cross_activity_merge,unknown,needs_review
mp-dbfea498573a79c4,tpa-8166579f301a74,provisional_singleton,no_safe_cross_activity_merge,unknown,needs_review
mp-905f406805517f12,tpa-938414c99c6ad5,provisional_singleton,no_safe_cross_activity_merge,unknown,needs_review
mp-fd5e6faf0424a133,tpa-7b42477a522dd4,provisional_singleton,no_safe_cross_activity_merge,unknown,needs_review
mp-d1160f1830a10ed5,tpa-d7a7069d314b48,provisional_singleton,no_safe_cross_activity_merge,unknown,needs_review
mp-68658af460bd2eae,tpa-7d6b18f048eacb,provisional_singleton,no_safe_cross_activity_merge,unknown,needs_review
mp-e59d4d69ea3b0aa0,tpa-8f0a7193c560c6,provisional_singleton,no_safe_cross_activity_merge,unknown,needs_review
mp-2d72eb873b7bc9a3,tpa-75ee897763147b,provisional_singleton,no_safe_cross_activity_merge,unknown,needs_review
mp-82cd7b1481bf76aa,tpa-456135037d0b42,provisional_singleton,no_safe_cross_activity_merge,unknown,needs_review
mp-36def7e806e9e147,tpa-f7f04e29b71fec,provisional_singleton,no_safe_cross_activity_merge,unknown,needs_review
mp-86968c2883470c7f,tpa-e756c9a9b3e23d,provisional_singleton,no_safe_cross_activity_merge,unknown,needs_review
mp-e701b9c427f54de5,tpa-627563edffc953,provisional_singleton,no_safe_cross_activity_merge,unknown,needs_review
mp-41c226fcda92ef51,tpa-6b292ddfeffa3b,provisional_singleton,no_safe_cross_activity_merge,unknown,needs_review
mp-6134ac6cd070ec64,tpa-4c1dae2c4933ed,provisional_singleton,no_safe_cross_activity_merge,unknown,needs_review
mp-69fb5d04c39b36b6,tpa-71cc9c55a2f865,provisional_singleton,no_safe_cross_activity_merge,unknown,needs_review
mp-c725252c055c2459,tpa-04425c0149a94d,provisional_singleton,no_safe_cross_activity_merge,unknown,needs_review
mp-045ee80bafb8164d,tpa-0f16d5600926e1,provisional_singleton,no_safe_cross_activity_merge,unknown,needs_review
mp-ad5b934d157c0503,tpa-3b34f9405a6927,provisional_singleton,no_safe_cross_activity_merge,unknown,needs_review
mp-a435c69aba43c9ed,tpa-8ede26b7af6c1d,provisional_singleton,no_safe_cross_activity_merge,unknown,needs_review
mp-e89f2cc608c7f56a,tpa-fa5327f2267a54,provisional_singleton,no_safe_cross_activity_merge,unknown,needs_review
mp-eef59bf9d3db2933,tpa-663787962abacf,provisional_singleton,no_safe_cross_activity_merge,unknown,needs_review
mp-70a1574a3fb360d8,tpa-b1318e9b58870b,provisional_singleton,no_safe_cross_activity_merge,unknown,needs_review
mp-55fc04b42cdb5d7c,tpa-ca957a09401697,provisional_singleton,no_safe_cross_activity_merge,unknown,needs_review
mp-3ddeeee0591b766f,tpa-3c07f2da3c1ed2,provisional_singleton,no_safe_cross_activity_merge,unknown,needs_review
mp-6f1bbb7b6e9dd4be,tpa-40cdad600ed513,provisional_singleton,no_safe_cross_activity_merge,unknown,needs_review
mp-f9cb6b35200b6dab,tpa-0d3059c58bc29f,provisional_singleton,no_safe_cross_activity_merge,unknown,needs_review
mp-5ba046f80887539f,tpa-63df590b79091f,provisional_singleton,no_safe_cross_activity_merge,unknown,needs_review
mp-0c3fa96aa35e6c4c,tpa-0be60d93b14120,provisional_singleton,no_safe_cross_activity_merge,unknown,needs_review
mp-89c9488cf66196af,tpa-068bffe709e2d6,provisional_singleton,no_safe_cross_activity_merge,unknown,needs_review
mp-042a96b3dcc21565,tpa-9daa32fbf1a732,provisional_singleton,no_safe_cross_activity_merge,unknown,needs_review
mp-91d0420718497aea,tpa-90f0fe00e8dfed,provisional_singleton,no_safe_cross_activity_merge,unknown,needs_review
mp-24d5f8ea72d3e18e,tpa-11465bcc4a897e,provisional_singleton,no_safe_cross_activity_merge,unknown,needs_review
mp-0111369d66dec23a,tpa-73dd7ca5c3137e,provisional_singleton,no_safe_cross_activity_merge,unknown,needs_review
mp-a96bd5e77f770578,tpa-ad83f58bad1b55,provisional_singleton,no_safe_cross_activity_merge,unknown,needs_review
mp-14e5fc6e27bbac14,tpa-11eba61b5faa5e,provisional_singleton,no_safe_cross_activity_merge,unknown,needs_review
mp-09d51e4a5a5874cf,tpa-a81773d587aa0b,provisional_singleton,no_safe_cross_activity_merge,unknown,needs_review
mp-0c2f276dcb85066a,tpa-94587102595e6b,provisional_singleton,no_safe_cross_activity_merge,unknown,needs_review
mp-daa9cfbe54839cd4,tpa-e215c5d7cb5788,provisional_singleton,no_safe_cross_activity_merge,unknown,needs_review
mp-c610dac0e2032fe8,tpa-63ef0ddb73c579,provisional_singleton,no_safe_cross_activity_merge,unknown,needs_review
mp-3006f7654d8e41c0,tpa-b7732bbd149bbd,provisional_singleton,no_safe_cross_activity_merge,unknown,needs_review
mp-0c4c491a4444bc2a,tpa-fcda5c3b44f310,provisional_singleton,no_safe_cross_activity_merge,unknown,needs_review
mp-c3703f344ef6eac9,tpa-bbfbb3d81270a2,provisional_singleton,no_safe_cross_activity_merge,unknown,needs_review
mp-08d5fbd93585bc73,tpa-0b8f6e3a85df52,provisional_singleton,no_safe_cross_activity_merge,unknown,needs_review
mp-481f197c2e74f70a,tpa-7f828fcfd63a18,provisional_singleton,no_safe_cross_activity_merge,unknown,needs_review
mp-22366771b0515d8f,tpa-a609dcbab2dc79,provisional_singleton,no_safe_cross_activity_merge,unknown,needs_review
mp-131e77dedf21ffc1,tpa-48241b42290df5,provisional_singleton,no_safe_cross_activity_merge,unknown,needs_review
mp-5e630d0012610da3,tpa-ae719d576efcda,provisional_singleton,no_safe_cross_activity_merge,unknown,needs_review
mp-fbb3fe6aec890862,tpa-e7dcdd28e6783d,provisional_singleton,no_safe_cross_activity_merge,unknown,needs_review
mp-0e222341cfd35f7b,tpa-5b48b1cc3f933d,provisional_singleton,no_safe_cross_activity_merge,unknown,needs_review
mp-0f9e618efb84a73f,tpa-2ac743ee838dd7,provisional_singleton,no_safe_cross_activity_merge,unknown,needs_review
mp-d35c6f2cb78a9307,tpa-762f09e0f5e0f5,provisional_singleton,no_safe_cross_activity_merge,unknown,needs_review
mp-1ae537c2a6930536,tpa-6e91caa1f9f752,provisional_singleton,no_safe_cross_activity_merge,unknown,needs_review
mp-bfa80ec927def25d,tpa-42d37389a7de29,provisional_singleton,no_safe_cross_activity_merge,unknown,needs_review
mp-ed4cd073bf96e1c9,tpa-deb6f9184a3439,provisional_singleton,no_safe_cross_activity_merge,unknown,needs_review
mp-d80438dbb75f7973,tpa-8e37212be8e15e,provisional_singleton,no_safe_cross_activity_merge,unknown,needs_review
mp-2a22fbbd0d33ca1c,tpa-0db7a85e11ccea,provisional_singleton,no_safe_cross_activity_merge,unknown,needs_review
mp-84caea94fe410ee3,tpa-cb3ab8aa9daaf6,provisional_singleton,no_safe_cross_activity_merge,unknown,needs_review
mp-e4bffde54b706f17,tpa-6c737407b26269,provisional_singleton,no_safe_cross_activity_merge,unknown,needs_review
mp-9e1db3ce37f1aebf,tpa-1d5256d4e35c44,provisional_singleton,no_safe_cross_activity_merge,unknown,needs_review
mp-4f5e66e64d710d95,tpa-a17658507c0661,provisional_singleton,no_safe_cross_activity_merge,unknown,needs_review
mp-b72fb7d816767afa,tpa-95f6452bbe9514,provisional_singleton,no_safe_cross_activity_merge,unknown,needs_review
mp-dd4d733244ad13c8,tpa-366410a626830e,provisional_singleton,no_safe_cross_activity_merge,unknown,needs_review
mp-326a4c789f41b55a,tpa-0ffa082f6b3639,provisional_singleton,no_safe_cross_activity_merge,unknown,needs_review
mp-95fe0367d797fc29,tpa-b90e94d1a9784f,provisional_singleton,no_safe_cross_activity_merge,unknown,needs_review
mp-7757128272e865cc,tpa-36f0d698be04a4,provisional_singleton,no_safe_cross_activity_merge,unknown,needs_review
mp-b50ecf6c1c904753,tpa-08fd20887b87cc,provisional_singleton,no_safe_cross_activity_merge,unknown,needs_review
mp-ed8d14ce8966dbac,tpa-8854d56aa965cd,provisional_singleton,no_safe_cross_activity_merge,unknown,needs_review
mp-a97521f4b8d8ce79,tpa-9f300208a48e10,provisional_singleton,no_safe_cross_activity_merge,unknown,needs_review
mp-99a06be1059329e2,tpa-34830c4d7cadef,provisional_singleton,no_safe_cross_activity_merge,unknown,needs_review
mp-4250ddbbc6948553,tpa-c86a9b93c23420,provisional_singleton,no_safe_cross_activity_merge,unknown,needs_review
mp-0b4c99c4efd14be7,tpa-360e0cb6e8b3b7,provisional_singleton,no_safe_cross_activity_merge,unknown,needs_review
mp-ce3f5065925439c7,tpa-308fff7972cebf,provisional_singleton,no_safe_cross_activity_merge,unknown,needs_review
mp-0184f2c7234acd5b,tpa-3cd9804b83a52a,provisional_singleton,no_safe_cross_activity_merge,unknown,needs_review
mp-3fb36399024cab05,tpa-89ac3c83857baa,provisional_singleton,no_safe_cross_activity_merge,unknown,needs_review
mp-32cb72e1caf27682,tpa-8ffc1438277df2,provisional_singleton,no_safe_cross_activity_merge,unknown,needs_review
mp-892b98650c1dfa4a,tpa-4e2b3e6b623dd2,provisional_singleton,no_safe_cross_activity_merge,unknown,needs_review
mp-af59bc1dee6c66f1,tpa-eb55b58e0c9bec,provisional_singleton,no_safe_cross_activity_merge,unknown,needs_review
mp-3cfd9204cc542338,tpa-196195fdc95007,provisional_singleton,no_safe_cross_activity_merge,unknown,needs_review
mp-1cc2908ca241e52c,tpa-9e1db0ce3ce4d8,provisional_singleton,no_safe_cross_activity_merge,unknown,needs_review
mp-57eda15d90d98142,tpa-74cafe1f0b67ee,provisional_singleton,no_safe_cross_activity_merge,unknown,needs_review
mp-29a2814e7356a0c8,tpa-362863d3186233,provisional_singleton,no_safe_cross_activity_merge,unknown,needs_review
mp-90f5aa50e294d423,tpa-f60ed97d2cb15c,provisional_singleton,no_safe_cross_activity_merge,unknown,needs_review
mp-d56282f7a060590d,tpa-996a1cd0a41940,provisional_singleton,no_safe_cross_activity_merge,unknown,needs_review
mp-8c8ccc8328a6ad35,tpa-9b81073291a4df,provisional_singleton,no_safe_cross_activity_merge,unknown,needs_review
mp-fb793553f888a9bb,tpa-25f11fe9b02c06,provisional_singleton,no_safe_cross_activity_merge,unknown,needs_review
mp-bb96e21b995455d5,tpa-f9aed8adf6aae0,provisional_singleton,no_safe_cross_activity_merge,unknown,needs_review
mp-3439658f8b7e2a24,tpa-ca8e8b615c542a,provisional_singleton,no_safe_cross_activity_merge,unknown,needs_review
mp-9d8a5e39253f98bd,tpa-ca7e157cb49d24,provisional_singleton,no_safe_cross_activity_merge,unknown,needs_review
mp-0852490ba0babd73,tpa-82c5c82c69ed38,provisional_singleton,no_safe_cross_activity_merge,unknown,needs_review
mp-aacead7541368923,tpa-5db3a11451c6c5,provisional_singleton,no_safe_cross_activity_merge,unknown,needs_review
mp-6555614bfeb9e6fb,tpa-f92ffe9c02e60a,provisional_singleton,no_safe_cross_activity_merge,unknown,needs_review
mp-f2d87a45edd9bfee,tpa-17f073aa59e999,provisional_singleton,no_safe_cross_activity_merge,unknown,needs_review
mp-a97bd9d4d4354402,tpa-89c48d051192a9,provisional_singleton,no_safe_cross_activity_merge,unknown,needs_review
mp-28ac443ef654641a,tpa-032f33cd19b08e,provisional_singleton,no_safe_cross_activity_merge,unknown,needs_review
mp-6eb05f9740e8f520,tpa-a4a0cc62ce6a83,provisional_singleton,no_safe_cross_activity_merge,unknown,needs_review
mp-6ced2d6005a474ee,tpa-f91ed35aba825a,provisional_singleton,no_safe_cross_activity_merge,unknown,needs_review
mp-b8e03c1d3001f3ab,tpa-aa4244b06fdc1c,provisional_singleton,no_safe_cross_activity_merge,unknown,needs_review
mp-bed1bfbb703ed5d8,tpa-6a2fe1c56c034c,provisional_singleton,no_safe_cross_activity_merge,unknown,needs_review
mp-f8c6cf0a38f0bd7d,tpa-e474da96c5e966,provisional_singleton,no_safe_cross_activity_merge,unknown,needs_review
mp-c378fc316a50a69c,tpa-57582397be939a,provisional_singleton,no_safe_cross_activity_merge,unknown,needs_review
mp-e76d1ae450096e7d,tpa-c9ddcf6b27b524,provisional_singleton,no_safe_cross_activity_merge,unknown,needs_review
mp-a5467afe6d44a21e,tpa-ccb9f79f133e51,provisional_singleton,no_safe_cross_activity_merge,unknown,needs_review
mp-ae626ca3b5cb7409,tpa-05c4f87f982549,provisional_singleton,no_safe_cross_activity_merge,unknown,needs_review
mp-63f3ee383bcacc67,tpa-7e8ead40bfe884,provisional_singleton,no_safe_cross_activity_merge,unknown,needs_review
mp-dc008080b90bbc82,tpa-403e681ead9b25,provisional_singleton,no_safe_cross_activity_merge,unknown,needs_review
mp-443a3af27636490c,tpa-0b7deaa8eb27f9,provisional_singleton,no_safe_cross_activity_merge,unknown,needs_review
mp-5ae53194452d6380,tpa-122ccd9ecfc563,provisional_singleton,no_safe_cross_activity_merge,unknown,needs_review
mp-491c4442353235e8,tpa-e647a5bb2a69ce,provisional_singleton,no_safe_cross_activity_merge,unknown,needs_review
mp-83cb32aee0b81ee6,tpa-2f1a1d0ad04809,provisional_singleton,no_safe_cross_activity_merge,unknown,needs_review
mp-29a89c942ed33f51,tpa-473c94be359c2f,provisional_singleton,no_safe_cross_activity_merge,unknown,needs_review
mp-7e550e722f2438c5,tpa-8cabf6013fea25,provisional_singleton,no_safe_cross_activity_merge,unknown,needs_review
mp-2d9f461df12a9462,tpa-641715e6bef607,provisional_singleton,no_safe_cross_activity_merge,unknown,needs_review
mp-499e40705da2cc56,tpa-ee12ddc063a7d5,provisional_singleton,no_safe_cross_activity_merge,unknown,needs_review
mp-7c2ae8137091bed8,tpa-e78528cbfbaf56,provisional_singleton,no_safe_cross_activity_merge,unknown,needs_review
mp-dda13030d6387593,tpa-52045aa1d45376,provisional_singleton,no_safe_cross_activity_merge,unknown,needs_review
mp-9a2d44ab050b058a,tpa-aa30fbe4837980,provisional_singleton,no_safe_cross_activity_merge,unknown,needs_review
mp-87f26f9360e21f12,tpa-9de731ab4eab55,provisional_singleton,no_safe_cross_activity_merge,unknown,needs_review
mp-c8de6c60ff7f6720,tpa-a6206dd2f83f77,provisional_singleton,no_safe_cross_activity_merge,unknown,needs_review
mp-40d256666644e1a4,tpa-39bc7f906dce39,provisional_singleton,no_safe_cross_activity_merge,unknown,needs_review
mp-448ecf5e1d996a5c,tpa-0d363d1a4686bc,provisional_singleton,no_safe_cross_activity_merge,unknown,needs_review
mp-14aaa32c2131e5ad,tpa-a9818716ddb431,provisional_singleton,no_safe_cross_activity_merge,unknown,needs_review
mp-4c42c974c233683f,tpa-927b2fbb57772b,provisional_singleton,no_safe_cross_activity_merge,unknown,needs_review
mp-e8b0b49865c6eb88,tpa-b067da3a0aafe7,provisional_singleton,no_safe_cross_activity_merge,unknown,needs_review
mp-cedbed214f7879c8,tpa-16f3f302cb10c8,provisional_singleton,no_safe_cross_activity_merge,unknown,needs_review
mp-ffc36707aae1e238,tpa-642cd8c152f7fe,provisional_singleton,no_safe_cross_activity_merge,unknown,needs_review
mp-ce955a474e46d33f,tpa-9ff61ffd3aed5a,provisional_singleton,no_safe_cross_activity_merge,unknown,needs_review
mp-b8d6206cfa7b6046,tpa-e6a332b4826512,provisional_singleton,no_safe_cross_activity_merge,unknown,needs_review
mp-1fa8212d2a4a951e,tpa-e1bb02f60295ee,provisional_singleton,no_safe_cross_activity_merge,unknown,needs_review
mp-dbc8dd48ebfec40e,tpa-22101f688eb9cd,provisional_singleton,no_safe_cross_activity_merge,unknown,needs_review
mp-4ba6a2f647210e11,tpa-7cda3e20d3c812,provisional_singleton,no_safe_cross_activity_merge,unknown,needs_review
mp-5595d8fcd65166d4,tpa-d6e89e46297673,provisional_singleton,no_safe_cross_activity_merge,unknown,needs_review
mp-48dd20fe582251e9,tpa-da7564dc7dceb5,provisional_singleton,no_safe_cross_activity_merge,unknown,needs_review
mp-3545a1c26a08ad4e,tpa-4ef54f91315052,provisional_singleton,no_safe_cross_activity_merge,unknown,needs_review
mp-04d37f91041e1f1b,tpa-4f2071a7aacb00,provisional_singleton,no_safe_cross_activity_merge,unknown,needs_review
mp-bf25f18eea3ef434,tpa-f47df07d8ea759,provisional_singleton,no_safe_cross_activity_merge,unknown,needs_review
mp-a86ed1c325aa1d33,tpa-2ed95de728508a,provisional_singleton,no_safe_cross_activity_merge,unknown,needs_review
mp-c00a0f2ffe56146f,tpa-ef3a6f9b825e1d,provisional_singleton,no_safe_cross_activity_merge,unknown,needs_review
mp-31225d486e43dcae,tpa-6a245dc8663ac8,provisional_singleton,no_safe_cross_activity_merge,unknown,needs_review
mp-574fd74b37f7bdac,tpa-e7a10292294356,provisional_singleton,no_safe_cross_activity_merge,unknown,needs_review
mp-d2421c0a531029a0,tpa-7be3412542ac12,provisional_singleton,no_safe_cross_activity_merge,unknown,needs_review
mp-438fd53892da1d27,tpa-0fc0b6710d33bf,provisional_singleton,no_safe_cross_activity_merge,unknown,needs_review
mp-d0db68376ad565c9,tpa-508340fa2a050c,provisional_singleton,no_safe_cross_activity_merge,unknown,needs_review
mp-9da7f977d8244e26,tpa-b375db3909181b,provisional_singleton,no_safe_cross_activity_merge,unknown,needs_review
mp-25deea672e83c0c1,tpa-0357a95e033f5d,provisional_singleton,no_safe_cross_activity_merge,unknown,needs_review
mp-dc5728e29c8df314,tpa-b08e018495cf4f,provisional_singleton,no_safe_cross_activity_merge,unknown,needs_review
mp-ab0fe479439ffe63,tpa-7a2ac0f651cb79,provisional_singleton,no_safe_cross_activity_merge,unknown,needs_review
mp-2bf219a887264a15,tpa-d7eef5297bc014,provisional_singleton,no_safe_cross_activity_merge,unknown,needs_review
mp-d80c2e5c72ce88af,tpa-af656070af6398,provisional_singleton,no_safe_cross_activity_merge,unknown,needs_review
mp-13cb3d545b98225b,tpa-0648b4278f5933,provisional_singleton,no_safe_cross_activity_merge,unknown,needs_review
mp-6cdec68cc14053c5,tpa-8300ca5845714c,provisional_singleton,no_safe_cross_activity_merge,unknown,needs_review
mp-b1dca49382846b0b,tpa-6f186681915091,provisional_singleton,no_safe_cross_activity_merge,unknown,needs_review
mp-2b915402dfc4c4cf,tpa-8dd4a8db8f24f5,provisional_singleton,no_safe_cross_activity_merge,unknown,needs_review
mp-f322bcd8e184ba33,tpa-26ef790baa15d4,provisional_singleton,no_safe_cross_activity_merge,unknown,needs_review
mp-dd59fa763bd81061,tpa-2ab5e04092d256,provisional_singleton,no_safe_cross_activity_merge,unknown,needs_review
mp-1c2eb9377269d74b,tpa-18de53e3ad0a47,provisional_singleton,no_safe_cross_activity_merge,unknown,needs_review
mp-d231cd7454183237,tpa-5d718bb4707068,provisional_singleton,no_safe_cross_activity_merge,unknown,needs_review
mp-2cb733a29aac7ea3,tpa-2a65f182eeb14c,provisional_singleton,no_safe_cross_activity_merge,unknown,needs_review
mp-750a85d8d12060f0,tpa-512922072c445f,provisional_singleton,no_safe_cross_activity_merge,unknown,needs_review
mp-b063babbcf42f83c,tpa-8dc47e0878a4a4,provisional_singleton,no_safe_cross_activity_merge,unknown,needs_review
mp-0b0045e646ddc11c,tpa-899f64041a64cf,provisional_singleton,no_safe_cross_activity_merge,unknown,needs_review
mp-c2e3310862e5bd8b,tpa-e59817ceee24b6,provisional_singleton,no_safe_cross_activity_merge,unknown,needs_review
mp-c1105eb975d1dd11,tpa-9818fc5a24bac2,provisional_singleton,no_safe_cross_activity_merge,unknown,needs_review
mp-fc87ec84103f0f0c,tpa-a48f618810d760,provisional_singleton,no_safe_cross_activity_merge,unknown,needs_review
mp-bf0168d8df79ff9d,tpa-00396a9d3a2c4c,provisional_singleton,no_safe_cross_activity_merge,unknown,needs_review
mp-8a846d1e61701c98,tpa-d5eb9e16a16e0d,provisional_singleton,no_safe_cross_activity_merge,unknown,needs_review
mp-40ea6171e684d1b6,tpa-05aa6d4bf41c3b,provisional_singleton,no_safe_cross_activity_merge,unknown,needs_review
mp-2ae1f39673809e84,tpa-5ec41a7e711dad,provisional_singleton,no_safe_cross_activity_merge,unknown,needs_review
mp-f5119888f0a21e21,tpa-6316226ba273a0,provisional_singleton,no_safe_cross_activity_merge,unknown,needs_review
mp-5e5269e7bb201b2a,tpa-5af981c2b85196,provisional_singleton,no_safe_cross_activity_merge,unknown,needs_review
mp-bb04e49d377c3df6,tpa-8ae0685d283919,provisional_singleton,no_safe_cross_activity_merge,unknown,needs_review
mp-a47e9d297249d9ee,tpa-248f6488de2e34,provisional_singleton,no_safe_cross_activity_merge,unknown,needs_review
mp-c38718715bc0cab6,tpa-6f65f626265a62,provisional_singleton,no_safe_cross_activity_merge,unknown,needs_review
mp-b6840ab6ac1c0873,tpa-48e02f68230ff8,provisional_singleton,no_safe_cross_activity_merge,unknown,needs_review
mp-4b549de92fa98fb9,tpa-747ad46e4d1adc,provisional_singleton,no_safe_cross_activity_merge,unknown,needs_review
mp-dd3fa22ad798f777,tpa-1d34b8702ae802,provisional_singleton,no_safe_cross_activity_merge,unknown,needs_review
mp-8794a0e6b447c0c3,tpa-b1fafbb4ba1074,provisional_singleton,no_safe_cross_activity_merge,unknown,needs_review
mp-403f4a2fbceda6ac,tpa-fb6bf6ad0b4a5e,provisional_singleton,no_safe_cross_activity_merge,unknown,needs_review
mp-56a5966a3f8d22e3,tpa-eb51d85d1c794a,provisional_singleton,no_safe_cross_activity_merge,unknown,needs_review
mp-c13411984b91abe9,tpa-585a947d3dbd5b,provisional_singleton,no_safe_cross_activity_merge,unknown,needs_review
mp-1ac8c8f04dafb80c,tpa-18571a85149604,provisional_singleton,no_safe_cross_activity_merge,unknown,needs_review
mp-b72c9f4b994ea264,tpa-7918ec644cac9e,provisional_singleton,no_safe_cross_activity_merge,unknown,needs_review
mp-ccd5dd399294f8e7,tpa-a73530e0a37e57,provisional_singleton,no_safe_cross_activity_merge,unknown,needs_review
mp-71886996647ba293,tpa-bad84018b139bb,provisional_singleton,no_safe_cross_activity_merge,unknown,needs_review
mp-7d1ca9c4e4095c4b,tpa-cda72cb79af181,provisional_singleton,no_safe_cross_activity_merge,unknown,needs_review
mp-6324fe67dc3852e9,tpa-7e6c225d5a0132,provisional_singleton,no_safe_cross_activity_merge,unknown,needs_review
mp-866f404025e8f96e,tpa-6015327c789168,provisional_singleton,no_safe_cross_activity_merge,unknown,needs_review
mp-1d65e09e76d6cf48,tpa-c374b5bf29e341,provisional_singleton,no_safe_cross_activity_merge,unknown,needs_review
mp-c69d4df78a423af0,tpa-6adccec170dbf4,provisional_singleton,no_safe_cross_activity_merge,unknown,needs_review
mp-09b4e93f995e98b4,tpa-c2269619cfd316,provisional_singleton,no_safe_cross_activity_merge,unknown,needs_review
mp-a4674c3434694913,tpa-35732cf6021fe4,provisional_singleton,no_safe_cross_activity_merge,unknown,needs_review
mp-5eeda1d86293e98f,tpa-2b32ffc8df42a4,provisional_singleton,no_safe_cross_activity_merge,unknown,needs_review
mp-7eb9437636a1d367,tpa-0fde3b1e6b4d40,provisional_singleton,no_safe_cross_activity_merge,unknown,needs_review
mp-238c16ce69c2a7b5,tpa-fbc225bddf94b4,provisional_singleton,no_safe_cross_activity_merge,unknown,needs_review
mp-bf50a6687026e42a,tpa-b1f97c6a2ecdfc,provisional_singleton,no_safe_cross_activity_merge,unknown,needs_review
mp-a5bb31a012593018,tpa-50aeddb7e1b918,provisional_singleton,no_safe_cross_activity_merge,unknown,needs_review
mp-caa635d38922c219,tpa-148c45d913d0e3,provisional_singleton,no_safe_cross_activity_merge,unknown,needs_review
mp-9755f0d895f5f7dc,tpa-aef783bc5daf31,provisional_singleton,no_safe_cross_activity_merge,unknown,needs_review
mp-66c3189fedd8ced5,tpa-906e735a04cf0d,provisional_singleton,no_safe_cross_activity_merge,unknown,needs_review
mp-39579594d6525796,tpa-8b68fa822f41f9,provisional_singleton,no_safe_cross_activity_merge,unknown,needs_review
mp-be76a37f133605c9,tpa-8cc3dfb4792e4c,provisional_singleton,no_safe_cross_activity_merge,unknown,needs_review
mp-133162184f07a7cb,tpa-a9ca7ec9589a91,provisional_singleton,no_safe_cross_activity_merge,unknown,needs_review
mp-b303315b3053ff2f,tpa-61fb5b68a981ff,provisional_singleton,no_safe_cross_activity_merge,unknown,needs_review
mp-42fd472f9e499757,tpa-cc6365f5df184a,provisional_singleton,no_safe_cross_activity_merge,unknown,needs_review
mp-f36317dc0d39df3e,tpa-92dd3750280103,provisional_singleton,no_safe_cross_activity_merge,unknown,needs_review
mp-2ee714b80ca68cba,tpa-d597fec42d10ad,provisional_singleton,no_safe_cross_activity_merge,unknown,needs_review
mp-53c62da0238832e1,tpa-7da8b42cf6ae43,provisional_singleton,no_safe_cross_activity_merge,unknown,needs_review
mp-b68d3193187a79aa,tpa-2ce923bb70c751,provisional_singleton,no_safe_cross_activity_merge,unknown,needs_review
mp-ebd407a99e9ce43d,tpa-767fbce4a164f1,provisional_singleton,no_safe_cross_activity_merge,unknown,needs_review
mp-5fed20a61d4d639b,tpa-8b52a791223320,provisional_singleton,no_safe_cross_activity_merge,unknown,needs_review
mp-5aed4671a62d77a9,tpa-ea30f7926e4124,provisional_singleton,no_safe_cross_activity_merge,unknown,needs_review
mp-b3f65e6b6a3ee304,tpa-bb146103abcd46,provisional_singleton,no_safe_cross_activity_merge,unknown,needs_review
mp-1a0153422f501290,tpa-5dbc44fd6a9c5d,provisional_singleton,no_safe_cross_activity_merge,unknown,needs_review
mp-2328fab3035135f7,tpa-c25c76da7396d9,provisional_singleton,no_safe_cross_activity_merge,unknown,needs_review
mp-9ff83cb7fe5fb15b,tpa-6d2631b58f8594,provisional_singleton,no_safe_cross_activity_merge,unknown,needs_review
mp-dda483de64633873,tpa-f2e1856c50bf2c,provisional_singleton,no_safe_cross_activity_merge,unknown,needs_review
mp-7c7f61a7e6d1a10a,tpa-10f2f149efa178,provisional_singleton,no_safe_cross_activity_merge,unknown,needs_review
mp-4463e2dab7e8e65f,tpa-084cb0ecb2bef3,provisional_singleton,no_safe_cross_activity_merge,unknown,needs_review
mp-d0cbc785d914d9a5,tpa-a3828c56c3fff7,provisional_singleton,no_safe_cross_activity_merge,unknown,needs_review
mp-949268973015e2d7,tpa-6a3a62b0f04b54,provisional_singleton,no_safe_cross_activity_merge,unknown,needs_review
mp-05f6b09d33038953,tpa-fa02f37289b305,provisional_singleton,no_safe_cross_activity_merge,unknown,needs_review
mp-03e1d4733014ecf7,tpa-b657499ed3258d,provisional_singleton,no_safe_cross_activity_merge,unknown,needs_review
mp-2fbeaed9db13f567,tpa-4fcebec153c3ab,provisional_singleton,no_safe_cross_activity_merge,unknown,needs_review
mp-ba2712b2d671d76a,tpa-7ccb87bc542be8,provisional_singleton,no_safe_cross_activity_merge,unknown,needs_review
mp-cfccd6916acdee8d,tpa-54aae942f98eef,provisional_singleton,no_safe_cross_activity_merge,unknown,needs_review
mp-5d15b55fe7efa5a3,tpa-2c49b96ab10920,provisional_singleton,no_safe_cross_activity_merge,unknown,needs_review
mp-72639e6fd7c025d7,tpa-fab7e5aef39d65,provisional_singleton,no_safe_cross_activity_merge,unknown,needs_review
mp-d4ef2ca2375a29a3,tpa-8502e9f06a4182,provisional_singleton,no_safe_cross_activity_merge,unknown,needs_review
mp-994c03ed1f24990f,tpa-12d512d750cc03,provisional_singleton,no_safe_cross_activity_merge,unknown,needs_review
mp-04b5a23670817335,tpa-5bf38c9428217f,provisional_singleton,no_safe_cross_activity_merge,unknown,needs_review
mp-2f12e75735cae292,tpa-d825875dc8d0bc,provisional_singleton,no_safe_cross_activity_merge,unknown,needs_review
mp-53878e02c51584b3,tpa-b22ccc00d0d3fe,provisional_singleton,no_safe_cross_activity_merge,unknown,needs_review
mp-53e9dfa0e30ee597,tpa-026e92ef09a12f,provisional_singleton,no_safe_cross_activity_merge,unknown,needs_review
mp-e6a4a3eb9d88d3a5,tpa-f404d21f7fb9d1,provisional_singleton,no_safe_cross_activity_merge,unknown,needs_review
mp-1faafdb7c2666fda,tpa-7d9ef00eaae430,provisional_singleton,no_safe_cross_activity_merge,unknown,needs_review
mp-b3ad1010c1885514,tpa-3b3564df2da2d8,provisional_singleton,no_safe_cross_activity_merge,unknown,needs_review
mp-968840275a13050a,tpa-7170c3db5a81fd,provisional_singleton,no_safe_cross_activity_merge,unknown,needs_review
mp-47620b12be26333f,tpa-52ca927a0ccde9,provisional_singleton,no_safe_cross_activity_merge,unknown,needs_review
mp-29a897b921542ebf,tpa-4b13381ad27bd1,provisional_singleton,no_safe_cross_activity_merge,unknown,needs_review
mp-7b1bc1f4a7f3d0ed,tpa-23e58d7a13430d,provisional_singleton,no_safe_cross_activity_merge,unknown,needs_review
mp-356064aecd5c88e7,tpa-9e3a43f4e5cc67,provisional_singleton,no_safe_cross_activity_merge,unknown,needs_review
mp-e4fd747a70c4cd48,tpa-c41fe637a67cd2,provisional_singleton,no_safe_cross_activity_merge,unknown,needs_review
mp-45f78434d8da294c,tpa-5cd04a7a10538e,provisional_singleton,no_safe_cross_activity_merge,unknown,needs_review
mp-2404ce7fbc9b7cd6,tpa-3e42e93c372ecb,provisional_singleton,no_safe_cross_activity_merge,unknown,needs_review
mp-bfd693e778622912,tpa-8f56c0e5fdf2b4,provisional_singleton,no_safe_cross_activity_merge,unknown,needs_review
mp-8bec584852d821ae,tpa-a0292bfa993641,provisional_singleton,no_safe_cross_activity_merge,unknown,needs_review
mp-8fb51e1bfc25d775,tpa-158a54490ff1e1,provisional_singleton,no_safe_cross_activity_merge,unknown,needs_review
mp-87cb7e623827d062,tpa-a77071105ef227,provisional_singleton,no_safe_cross_activity_merge,unknown,needs_review
mp-1dcdc8c5eb46da59,tpa-574607026a01c5,provisional_singleton,no_safe_cross_activity_merge,unknown,needs_review
mp-0bedff311df10a42,tpa-5a1b25a7e88ea2,provisional_singleton,no_safe_cross_activity_merge,unknown,needs_review
mp-805eb4815b13ce8e,tpa-5b2d9339506c9f,provisional_singleton,no_safe_cross_activity_merge,unknown,needs_review
mp-668e03991ca3e9df,tpa-d59bbab0602365,provisional_singleton,no_safe_cross_activity_merge,unknown,needs_review
mp-f05db0172ecd5bbf,tpa-98cce022ad94b0,provisional_singleton,no_safe_cross_activity_merge,unknown,needs_review
mp-721d70d7330e949c,tpa-4ef4bb4c206a34,provisional_singleton,no_safe_cross_activity_merge,unknown,needs_review
mp-ae32b0e9efba3deb,tpa-d2e578d5a8c434,provisional_singleton,no_safe_cross_activity_merge,unknown,needs_review
mp-5b3236551618ebf4,tpa-6ee9a2e188bdf2,provisional_singleton,no_safe_cross_activity_merge,unknown,needs_review
mp-78db75e110922b51,tpa-8401b9481d33dc,provisional_singleton,no_safe_cross_activity_merge,unknown,needs_review
mp-642b94a0dd3c22cf,tpa-6f824c575084b5,provisional_singleton,no_safe_cross_activity_merge,unknown,needs_review
mp-19452288ef782e1d,tpa-ae07f4ea146cd3,provisional_singleton,no_safe_cross_activity_merge,unknown,needs_review
mp-afdd63ce998db22d,tpa-f05d147a1350ac,provisional_singleton,no_safe_cross_activity_merge,unknown,needs_review
mp-7eb3d3a44d0c66ac,tpa-7ee12fe4519bd8,provisional_singleton,no_safe_cross_activity_merge,unknown,needs_review
mp-41b54a4ea265dcc4,tpa-b238c6fabfa6dc,provisional_singleton,no_safe_cross_activity_merge,unknown,needs_review
mp-6c9f0ac6cf58db07,tpa-c5b3d6f07b2f6d,provisional_singleton,no_safe_cross_activity_merge,unknown,needs_review
mp-08d096e902b3cd57,tpa-03560edf9915fa,provisional_singleton,no_safe_cross_activity_merge,unknown,needs_review
mp-99c39171b75a871c,tpa-3ec4cea3916f0f,provisional_singleton,no_safe_cross_activity_merge,unknown,needs_review
mp-1eb120b451c0e2bc,tpa-69474d33a67c4d,provisional_singleton,no_safe_cross_activity_merge,unknown,needs_review
mp-0e44ec660dc8e956,tpa-294e58872d51d2,provisional_singleton,no_safe_cross_activity_merge,unknown,needs_review
mp-bc5f38e5b36b7e64,tpa-7d5a8bdb159610,provisional_singleton,no_safe_cross_activity_merge,unknown,needs_review
mp-17ea3d4511e304c1,tpa-b84ad11a207254,provisional_singleton,no_safe_cross_activity_merge,unknown,needs_review
mp-b1f4d6ee2093319e,tpa-a01bee6279cad3,provisional_singleton,no_safe_cross_activity_merge,unknown,needs_review
mp-d454a1f29b183480,tpa-cde54daf8d60d7,provisional_singleton,no_safe_cross_activity_merge,unknown,needs_review
mp-233d6daac7d83ca9,tpa-7cc26674fff57a,provisional_singleton,no_safe_cross_activity_merge,unknown,needs_review
mp-6ddc07a1066723e6,tpa-36cfe6334670c3,provisional_singleton,no_safe_cross_activity_merge,unknown,needs_review
mp-801feb9b4e211548,tpa-c06a1f03447b23,provisional_singleton,no_safe_cross_activity_merge,unknown,needs_review
mp-f4dbe376cd4b7e0a,tpa-230fc3f6aaf221,provisional_singleton,no_safe_cross_activity_merge,unknown,needs_review
mp-d318a5a401466b53,tpa-323fcf4dc86010,provisional_singleton,no_safe_cross_activity_merge,unknown,needs_review
mp-bb23e247f9db6f4c,tpa-88e454a00b7117,provisional_singleton,no_safe_cross_activity_merge,unknown,needs_review
mp-a8136ee75f8d08de,tpa-1e43ec28385c2b,provisional_singleton,no_safe_cross_activity_merge,unknown,needs_review
mp-e0b6799a21df9849,tpa-ea21c7053f823c,provisional_singleton,no_safe_cross_activity_merge,unknown,needs_review
mp-28c36caec176d72c,tpa-a68014619dcb8d,provisional_singleton,no_safe_cross_activity_merge,unknown,needs_review
mp-876eb7a3833290e6,tpa-a9721ae8eb3ffb,provisional_singleton,no_safe_cross_activity_merge,unknown,needs_review
mp-a72d7d990072bc34,tpa-0cd62d9174a7bf,provisional_singleton,no_safe_cross_activity_merge,unknown,needs_review
mp-afeb0589bc33a70b,tpa-3bc05d25e4572c,provisional_singleton,no_safe_cross_activity_merge,unknown,needs_review
mp-64e4aa1fedc4acb2,tpa-97eda886278a0b,provisional_singleton,no_safe_cross_activity_merge,unknown,needs_review
mp-f2694c4bb1744eab,tpa-d05a3db30262e4,provisional_singleton,no_safe_cross_activity_merge,unknown,needs_review
mp-98293f21bb9d90e4,tpa-040b3c67421719,provisional_singleton,no_safe_cross_activity_merge,unknown,needs_review
mp-28de73d4b657c446,tpa-637a549e7d9e93,provisional_singleton,no_safe_cross_activity_merge,unknown,needs_review
mp-310d42b322718d0d,tpa-661a6c7d7b0de0,provisional_singleton,no_safe_cross_activity_merge,unknown,needs_review
mp-5db1f3cd4dba79f8,tpa-5a2f97b3a412d4,provisional_singleton,no_safe_cross_activity_merge,unknown,needs_review
mp-ee839b40ff289133,tpa-72d6b971262a80,provisional_singleton,no_safe_cross_activity_merge,unknown,needs_review
mp-553fc659c7a3e367,tpa-42dcf7268b88bc,provisional_singleton,no_safe_cross_activity_merge,unknown,needs_review
mp-de15e43fa74c3463,tpa-55828ee72706f4,provisional_singleton,no_safe_cross_activity_merge,unknown,needs_review
mp-d5b2b73c2cdcebe0,tpa-7657433ed52a64,provisional_singleton,no_safe_cross_activity_merge,unknown,needs_review
mp-3d4fbd1e5b7cf7e9,tpa-a852e71c9df8b3,provisional_singleton,no_safe_cross_activity_merge,unknown,needs_review
mp-e5d954226eb4cddd,tpa-4ada1f6c3013a6,provisional_singleton,no_safe_cross_activity_merge,unknown,needs_review
mp-6adca0715afa9f71,tpa-0b19c44bee2529,provisional_singleton,no_safe_cross_activity_merge,unknown,needs_review
mp-bcd6fc6d59b32413,tpa-abe97955acb085,provisional_singleton,no_safe_cross_activity_merge,unknown,needs_review
mp-e0b433b4d68d81ed,tpa-cd81628c7943f6,provisional_singleton,no_safe_cross_activity_merge,unknown,needs_review
mp-56265785c1518a24,tpa-d04d7a186f9070,provisional_singleton,no_safe_cross_activity_merge,unknown,needs_review
mp-bf56856019c64435,tpa-8b45dcb5c28c83,provisional_singleton,no_safe_cross_activity_merge,unknown,needs_review
mp-4e9b058278970aeb,tpa-c6802e639e44db,provisional_singleton,no_safe_cross_activity_merge,unknown,needs_review
mp-2f4b27b5cf65ffe9,tpa-fb92843026f301,provisional_singleton,no_safe_cross_activity_merge,unknown,needs_review
mp-df30d9feab4fdcd4,tpa-8eb82bbd192298,provisional_singleton,no_safe_cross_activity_merge,unknown,needs_review
mp-1af1db86251fb8b4,tpa-f65d4372ded97d,provisional_singleton,no_safe_cross_activity_merge,unknown,needs_review
mp-9069ecd2cec1fccf,tpa-0ab058157c6fd5,provisional_singleton,no_safe_cross_activity_merge,unknown,needs_review
mp-d2c8607cb349a348,tpa-fe99d021a307df,provisional_singleton,no_safe_cross_activity_merge,unknown,needs_review
mp-f51ddd983c8cf61c,tpa-674d3fca54b18a,provisional_singleton,no_safe_cross_activity_merge,unknown,needs_review
mp-58f1e03548254768,tpa-5ab0e5aba72288,provisional_singleton,no_safe_cross_activity_merge,unknown,needs_review
mp-2823ebae0582ecf1,tpa-71346c0bba0c2c,provisional_singleton,no_safe_cross_activity_merge,unknown,needs_review
mp-4ca9962761cd97bd,tpa-2ed8da642d70ff,provisional_singleton,no_safe_cross_activity_merge,unknown,needs_review
mp-15b066a282e5cb4d,tpa-493189ec1964dd,provisional_singleton,no_safe_cross_activity_merge,unknown,needs_review
mp-0f771ace7d974ddf,tpa-fad81e27486de4,provisional_singleton,no_safe_cross_activity_merge,unknown,needs_review
mp-7ccf0e6c3039d506,tpa-7878b137016fca,provisional_singleton,no_safe_cross_activity_merge,unknown,needs_review
mp-cd580417038f78a5,tpa-86ee52822415f1,provisional_singleton,no_safe_cross_activity_merge,unknown,needs_review
mp-7b479705c969adb9,tpa-613081471e1d62,provisional_singleton,no_safe_cross_activity_merge,unknown,needs_review
mp-95d84d187aef7d2f,tpa-d60b774d24d302,provisional_singleton,no_safe_cross_activity_merge,unknown,needs_review
mp-576be9adc88f319e,tpa-e9b7d55940a116,provisional_singleton,no_safe_cross_activity_merge,unknown,needs_review
mp-4ba7bc24f95c8f99,tpa-98a17eb54517ba,provisional_singleton,no_safe_cross_activity_merge,unknown,needs_review
mp-ba15f7c8558faff7,tpa-ef5b25d2cd2b58,provisional_singleton,no_safe_cross_activity_merge,unknown,needs_review
mp-20350cb84db6c46e,tpa-7dac0bb1eab9db,provisional_singleton,no_safe_cross_activity_merge,unknown,needs_review
mp-5832cd9a2ac6514c,tpa-e3d74ebeda0a07,provisional_singleton,no_safe_cross_activity_merge,unknown,needs_review
mp-1699bf0f3b6906fc,tpa-37222f224d7341,provisional_singleton,no_safe_cross_activity_merge,unknown,needs_review
mp-34f011fe38d212ef,tpa-60fa1e9349c074,provisional_singleton,no_safe_cross_activity_merge,unknown,needs_review
mp-36bcf34199e877eb,tpa-2dc74558e17f91,provisional_singleton,no_safe_cross_activity_merge,unknown,needs_review
mp-10d31fc06c3d06e1,tpa-a2a4fd28b3d102,provisional_singleton,no_safe_cross_activity_merge,unknown,needs_review
mp-be1ab01fc577d0a7,tpa-a1b0cac407d6e5,provisional_singleton,no_safe_cross_activity_merge,unknown,needs_review
mp-f51a4f48c29d0aa3,tpa-88a3da2a1a529f,provisional_singleton,no_safe_cross_activity_merge,unknown,needs_review
mp-55e885983673b34c,tpa-a230454c33a207,provisional_singleton,no_safe_cross_activity_merge,unknown,needs_review
mp-9a6a43256bf764b7,tpa-a6334c218e962f,provisional_singleton,no_safe_cross_activity_merge,unknown,needs_review
mp-b87bf1e5cc90f563,tpa-bc4fffa94f61da,provisional_singleton,no_safe_cross_activity_merge,unknown,needs_review
mp-0441f5e904278d00,tpa-55970080e03fd1,provisional_singleton,no_safe_cross_activity_merge,unknown,needs_review
mp-2bab05a0c5e2bac7,tpa-d7ddd1defd6013,provisional_singleton,no_safe_cross_activity_merge,unknown,needs_review
mp-807349d6c8102cac,tpa-9e533d5d2e7928,provisional_singleton,no_safe_cross_activity_merge,unknown,needs_review
mp-6830ae56975ff4bc,tpa-287723afdc6d7a,provisional_singleton,no_safe_cross_activity_merge,unknown,needs_review
mp-f23e4814960b07c9,tpa-77c2f61e91c09c,provisional_singleton,no_safe_cross_activity_merge,unknown,needs_review
mp-73c7b5180cae1b07,tpa-9409ac3893adef,provisional_singleton,no_safe_cross_activity_merge,unknown,needs_review
mp-0bb4d12a5bfcc75b,tpa-ee4ec0506c52e7,provisional_singleton,no_safe_cross_activity_merge,unknown,needs_review
mp-6a1f7b0ff1c2af8d,tpa-a78f4c57d3248a,provisional_singleton,no_safe_cross_activity_merge,unknown,needs_review
mp-1ec2d1f574a3b46f,tpa-f8b080678d224d,provisional_singleton,no_safe_cross_activity_merge,unknown,needs_review
mp-d95dc9e6f0da3d35,tpa-52fa8446b8a3cd,provisional_singleton,no_safe_cross_activity_merge,unknown,needs_review
mp-ce7e6364460480bc,tpa-1b756144998eca,provisional_singleton,no_safe_cross_activity_merge,unknown,needs_review
mp-184ff40a4985d20a,tpa-0cb5c8fa34eba7,provisional_singleton,no_safe_cross_activity_merge,unknown,needs_review
mp-92a712fc00addee9,tpa-f51432f4534560,provisional_singleton,no_safe_cross_activity_merge,unknown,needs_review
mp-3d3e5ba593cbec57,tpa-3721380cc923a7,provisional_singleton,no_safe_cross_activity_merge,unknown,needs_review
mp-99e2b9dbeb0025d9,tpa-057423477d6ecf,provisional_singleton,no_safe_cross_activity_merge,unknown,needs_review
mp-d0b7417db607c786,tpa-9df29b136b10b2,provisional_singleton,no_safe_cross_activity_merge,unknown,needs_review
mp-d79cf880c7c462e6,tpa-808aa21dd5c136,provisional_singleton,no_safe_cross_activity_merge,unknown,needs_review
mp-717eb8548a5de273,tpa-cfa1d97c9d1567,provisional_singleton,no_safe_cross_activity_merge,unknown,needs_review
mp-ca99448769b9053b,tpa-b4ab7c66d00b4a,provisional_singleton,no_safe_cross_activity_merge,unknown,needs_review
mp-467d9cef47044bf7,tpa-d19a0df1935586,provisional_singleton,no_safe_cross_activity_merge,unknown,needs_review
mp-f396ee701b735147,tpa-d8a0505020d69d,provisional_singleton,no_safe_cross_activity_merge,unknown,needs_review
mp-05c9b79a4230c8cf,tpa-df2cde3408e1cf,provisional_singleton,no_safe_cross_activity_merge,unknown,needs_review
mp-81e6cf7fec08acc9,tpa-e3870c38d407de,provisional_singleton,no_safe_cross_activity_merge,unknown,needs_review
mp-7e993e67da65a2bf,tpa-f56607de0ed61e,provisional_singleton,no_safe_cross_activity_merge,unknown,needs_review
mp-dbcb0b9613578761,tpa-fcb5e1c46a52dc,provisional_singleton,no_safe_cross_activity_merge,unknown,needs_review
mp-76406d6bba4e6d29,tpa-129823eaeec944,provisional_singleton,no_safe_cross_activity_merge,unknown,needs_review
mp-ea0f65fb3845ce9b,tpa-60a5c6d9e777d0,provisional_singleton,no_safe_cross_activity_merge,unknown,needs_review
mp-6ac80baeea03ddd1,tpa-ce80fa4571c44b,provisional_singleton,no_safe_cross_activity_merge,unknown,needs_review
mp-f00fb7686c9ce551,tpa-d3f118a3b1c724,provisional_singleton,no_safe_cross_activity_merge,unknown,needs_review
mp-74cbf44a710c1699,tpa-86d3ed603df1e9,provisional_singleton,no_safe_cross_activity_merge,unknown,needs_review
mp-82caae22266a93a9,tpa-14c09ed66d91b5,provisional_singleton,no_safe_cross_activity_merge,unknown,needs_review
mp-ac20d1ed6d23f2bd,tpa-a5f28570fd23b1,provisional_singleton,no_safe_cross_activity_merge,unknown,needs_review
mp-46bbebf75623e182,tpa-2c6a5402a237c7,provisional_singleton,no_safe_cross_activity_merge,unknown,needs_review
mp-86a712d622196023,tpa-f9767a9e60742a,provisional_singleton,no_safe_cross_activity_merge,unknown,needs_review
mp-f0c72b9ffcfe34ed,tpa-6c7fad2193a1ef,provisional_singleton,no_safe_cross_activity_merge,unknown,needs_review
mp-18b87d98c42d7d35,tpa-c794ce8bbe5cd2,provisional_singleton,no_safe_cross_activity_merge,unknown,needs_review
mp-eb1497156de231fa,tpa-0006d945e2fdb6,provisional_singleton,no_safe_cross_activity_merge,unknown,needs_review
mp-4dae1974d5e5c802,tpa-bf4daf624fdbb7,provisional_singleton,no_safe_cross_activity_merge,unknown,needs_review
mp-3124fe647e8c246c,tpa-5bb15542bb9d82,provisional_singleton,no_safe_cross_activity_merge,unknown,needs_review
mp-1ac35603f4693c03,tpa-276e29cc0bfd56,provisional_singleton,no_safe_cross_activity_merge,unknown,needs_review
mp-54773ec2ed266c53,tpa-503e397e74a47a,provisional_singleton,no_safe_cross_activity_merge,unknown,needs_review
mp-468e9328484c35e4,tpa-6eb50cb55787ac,provisional_singleton,no_safe_cross_activity_merge,unknown,needs_review
mp-6f7b684c1c2dada7,tpa-59e6809d0f658f,provisional_singleton,no_safe_cross_activity_merge,unknown,needs_review
mp-d7e0817eca744a1c,tpa-90a5446f3cdb57,provisional_singleton,no_safe_cross_activity_merge,unknown,needs_review
mp-b3c1ca3340def645,tpa-10719fa88c8a1d,provisional_singleton,no_safe_cross_activity_merge,unknown,needs_review
mp-5dbb51491acf6003,tpa-2695ad6313af38,provisional_singleton,no_safe_cross_activity_merge,unknown,needs_review
mp-297b2266fad2d6cd,tpa-06cb3a9a352b94,provisional_singleton,no_safe_cross_activity_merge,unknown,needs_review
mp-4b74c0944386d0d7,tpa-64dee70099c8c5,provisional_singleton,no_safe_cross_activity_merge,unknown,needs_review
mp-8d910a9c8d816635,tpa-28a7af3a4fd198,provisional_singleton,no_safe_cross_activity_merge,unknown,needs_review
mp-4914733672868198,tpa-7cd06363a5db6f,provisional_singleton,no_safe_cross_activity_merge,unknown,needs_review
mp-d7643a26e985263e,tpa-96076613355650,provisional_singleton,no_safe_cross_activity_merge,unknown,needs_review
mp-c0aef85a2c9f148f,tpa-5f7dc2b0ca5dc5,provisional_singleton,no_safe_cross_activity_merge,unknown,needs_review
mp-00df6632041b1ee6,tpa-fc86c7cfc5c559,provisional_singleton,no_safe_cross_activity_merge,unknown,needs_review
mp-ca9ff7551fb43a0e,tpa-1ac7e670f05956,provisional_singleton,no_safe_cross_activity_merge,unknown,needs_review
mp-df0fc6b847a57e5f,tpa-9cb920953f4186,provisional_singleton,no_safe_cross_activity_merge,unknown,needs_review
mp-77192490275c7d13,tpa-5f55eb57724be4,provisional_singleton,no_safe_cross_activity_merge,unknown,needs_review
mp-468d915c0deb4373,tpa-ec41bac2a6959e,provisional_singleton,no_safe_cross_activity_merge,unknown,needs_review
mp-a581e41a7ced59bb,tpa-9c191dfc408eda,provisional_singleton,no_safe_cross_activity_merge,unknown,needs_review
mp-b444c5d6f324da27,tpa-024c352566fd89,provisional_singleton,no_safe_cross_activity_merge,unknown,needs_review
mp-d93154563339afcf,tpa-446b264792bc1b,provisional_singleton,no_safe_cross_activity_merge,unknown,needs_review
mp-f29e75b78f05c142,tpa-634ca4ba0d397a,provisional_singleton,no_safe_cross_activity_merge,unknown,needs_review
mp-fc6a9a5f5c9b86a6,tpa-ba388df23956a8,provisional_singleton,no_safe_cross_activity_merge,unknown,needs_review
mp-35ef22b922b7e73c,tpa-6136a0a53ba2c2,provisional_singleton,no_safe_cross_activity_merge,unknown,needs_review
mp-dd394e16a3f41b5a,tpa-8b2aad4d0c7226,provisional_singleton,no_safe_cross_activity_merge,unknown,needs_review
mp-dca17ecafdda106f,tpa-4fd434413182cc,provisional_singleton,no_safe_cross_activity_merge,unknown,needs_review
mp-3e6794295e8799a2,tpa-82b9a79b60113f,provisional_singleton,no_safe_cross_activity_merge,unknown,needs_review
mp-139c442d095fc518,tpa-aa75cdf7422756,provisional_singleton,no_safe_cross_activity_merge,unknown,needs_review
mp-e810a131fba50160,tpa-b3441febb19f80,provisional_singleton,no_safe_cross_activity_merge,unknown,needs_review
mp-875273619e2ffb44,tpa-7113f1875895d2,provisional_singleton,no_safe_cross_activity_merge,unknown,needs_review
mp-876776fc9539f7fc,tpa-cf1ef08b74d9bf,provisional_singleton,no_safe_cross_activity_merge,unknown,needs_review
mp-3b883907a1ce4780,tpa-2d2d1c36584495,provisional_singleton,no_safe_cross_activity_merge,unknown,needs_review
mp-6d55d77fc7408ac3,tpa-06228d1f4d0792,provisional_singleton,no_safe_cross_activity_merge,unknown,needs_review
mp-aaf4bfdc44b457cc,tpa-cd135e5d912828,provisional_singleton,no_safe_cross_activity_merge,unknown,needs_review
mp-c941719e9dac942e,tpa-5b6b366122c269,provisional_singleton,no_safe_cross_activity_merge,unknown,needs_review
mp-989f828b42394275,tpa-c9ddc7b04853de,provisional_singleton,no_safe_cross_activity_merge,unknown,needs_review
mp-eef707d6a817e1a8,tpa-eda1b7ede907aa,provisional_singleton,no_safe_cross_activity_merge,unknown,needs_review
mp-95d96d06b4c2bde1,tpa-d86cfc8d539121,provisional_singleton,no_safe_cross_activity_merge,unknown,needs_review
mp-7ea32d80a64ac06f,tpa-c44a24d11ff57d,provisional_singleton,no_safe_cross_activity_merge,unknown,needs_review
mp-fe7b8b952981e1ac,tpa-4357f4b097eefd,provisional_singleton,no_safe_cross_activity_merge,unknown,needs_review
mp-33805af68006624b,tpa-9e8aacbaee1dd4,provisional_singleton,no_safe_cross_activity_merge,unknown,needs_review
mp-bf22f8e1500560b4,tpa-ea72c3fa51da76,provisional_singleton,no_safe_cross_activity_merge,unknown,needs_review
mp-cb4f99406e238127,tpa-a4b6540c53b52d,provisional_singleton,no_safe_cross_activity_merge,unknown,needs_review
mp-e8b1ab7c05bb0617,tpa-4e0ddf4111d797,provisional_singleton,no_safe_cross_activity_merge,unknown,needs_review
mp-80b1a51f980bbc52,tpa-5094836b257f3e,provisional_singleton,no_safe_cross_activity_merge,unknown,needs_review
mp-7505305e4c1a5543,tpa-353afe88aec810,provisional_singleton,no_safe_cross_activity_merge,unknown,needs_review
mp-f5d851eb38932906,tpa-66231479024c2c,provisional_singleton,no_safe_cross_activity_merge,unknown,needs_review
mp-dea1d623072b9fbf,tpa-7d1dc09d430e76,provisional_singleton,no_safe_cross_activity_merge,unknown,needs_review
mp-b1783ebefcaa0756,tpa-50626600fc391a,provisional_singleton,no_safe_cross_activity_merge,unknown,needs_review
mp-ca15e299046608e8,tpa-08c3d9bfa91b42,provisional_singleton,no_safe_cross_activity_merge,unknown,needs_review
mp-dc09e99d0dae662e,tpa-2d56f56a338d90,provisional_singleton,no_safe_cross_activity_merge,unknown,needs_review
mp-3a9a65ddeafe8c6d,tpa-171058db0c4c5c,provisional_singleton,no_safe_cross_activity_merge,unknown,needs_review
mp-37820add83017626,tpa-3c9b63cd8b2149,provisional_singleton,no_safe_cross_activity_merge,unknown,needs_review
mp-c0d8ba258c988cae,tpa-86241ed55967c4,provisional_singleton,no_safe_cross_activity_merge,unknown,needs_review
mp-84957eeb62d97645,tpa-d92cfb89eb2d56,provisional_singleton,no_safe_cross_activity_merge,unknown,needs_review
mp-4e185005a01595ad,tpa-39b93d46a11269,provisional_singleton,no_safe_cross_activity_merge,unknown,needs_review
mp-376d0a4e4be09e74,tpa-6b6a6e319bc8a7,provisional_singleton,no_safe_cross_activity_merge,unknown,needs_review
mp-d3de8b33b31c911d,tpa-d1d7711eb2fdf9,provisional_singleton,no_safe_cross_activity_merge,unknown,needs_review
mp-77b0a772ff6e05a2,tpa-010abcff64992e,provisional_singleton,no_safe_cross_activity_merge,unknown,needs_review
mp-45550024a786d471,tpa-f4bf3749f0bc89,provisional_singleton,no_safe_cross_activity_merge,unknown,needs_review
mp-cfc71f330604b3b0,tpa-0e542856d02973,provisional_singleton,no_safe_cross_activity_merge,unknown,needs_review
mp-39619efb1fc0ac0a,tpa-1d4651d0b0d880,provisional_singleton,no_safe_cross_activity_merge,unknown,needs_review
mp-d9ecfe5a934e5b71,tpa-aa89455ae92488,provisional_singleton,no_safe_cross_activity_merge,unknown,needs_review
mp-9c8f740d0b4263ce,tpa-ab88120e4e2cf5,provisional_singleton,no_safe_cross_activity_merge,unknown,needs_review
mp-060f36ab83f938ac,tpa-b2ff57e165748b,provisional_singleton,no_safe_cross_activity_merge,unknown,needs_review
mp-de1498aa7a9d5c89,tpa-c9f2fb736272f6,provisional_singleton,no_safe_cross_activity_merge,unknown,needs_review
mp-fef6b5142643587d,tpa-de3734e9f296af,provisional_singleton,no_safe_cross_activity_merge,unknown,needs_review
mp-6b45eee6a856d47a,tpa-e8eb05f64083fb,provisional_singleton,no_safe_cross_activity_merge,unknown,needs_review
mp-dc115e78b633c4c2,tpa-039a75ed644bd4,provisional_singleton,no_safe_cross_activity_merge,unknown,needs_review
mp-978665d9cb6b3e8e,tpa-a8886e3a8ac0a2,provisional_singleton,no_safe_cross_activity_merge,unknown,needs_review
mp-0f0d5dffb38d08a4,tpa-664cf8ba630bcc,provisional_singleton,no_safe_cross_activity_merge,unknown,needs_review
mp-6693b798ceab2adb,tpa-d3ca81ecd3bf22,provisional_singleton,no_safe_cross_activity_merge,unknown,needs_review
mp-01acd6a2a2d5d0df,tpa-89828e522644fb,provisional_singleton,no_safe_cross_activity_merge,unknown,needs_review
mp-41b310b9a53ffd04,tpa-224cc398cbea00,provisional_singleton,no_safe_cross_activity_merge,unknown,needs_review
mp-e1dbf8eac36866aa,tpa-8a98b00f6eebee,provisional_singleton,no_safe_cross_activity_merge,unknown,needs_review
mp-4bd2f7eb10777841,tpa-c16d6435499fba,provisional_singleton,no_safe_cross_activity_merge,unknown,needs_review
mp-1b6b7b76f7e85cf5,tpa-fcd1f5f70bf6dd,provisional_singleton,no_safe_cross_activity_merge,unknown,needs_review
mp-1da2ead5e3e75b8c,tpa-9a365e0ded7d49,provisional_singleton,no_safe_cross_activity_merge,unknown,needs_review
mp-5647005e3afb125f,tpa-c658a3cc1fc9b2,provisional_singleton,no_safe_cross_activity_merge,unknown,needs_review
mp-ea9fc6c6c4b60949,tpa-2ebcfc1e77ead8,provisional_singleton,no_safe_cross_activity_merge,unknown,needs_review
mp-6667918782515c85,tpa-7948b0b2ec74d1,provisional_singleton,no_safe_cross_activity_merge,unknown,needs_review
mp-09ad526a4a42681f,tpa-7864f9b3d1cf9b,provisional_singleton,no_safe_cross_activity_merge,unknown,needs_review
mp-260a2eefcfb31c75,tpa-76fb4f536f6530,provisional_singleton,no_safe_cross_activity_merge,unknown,needs_review
mp-7621ed21efe7bebf,tpa-bebd114ca3a098,provisional_singleton,no_safe_cross_activity_merge,unknown,needs_review
mp-de9b74e19a7f83e3,tpa-de7c2c537cb666,provisional_singleton,no_safe_cross_activity_merge,unknown,needs_review
mp-ffaf6551b80f1f71,tpa-0519a7643e6f57,provisional_singleton,no_safe_cross_activity_merge,unknown,needs_review
mp-ed9dfb9c43a898bf,tpa-602f4535586997,provisional_singleton,no_safe_cross_activity_merge,unknown,needs_review
mp-c3bc1086a6f5773c,tpa-ac008776d34431,provisional_singleton,no_safe_cross_activity_merge,unknown,needs_review
mp-592d8e1a766306a6,tpa-3637a9cfa2287a,provisional_singleton,no_safe_cross_activity_merge,unknown,needs_review
mp-e96fe26336ec2aad,tpa-3ec359f44a049e,provisional_singleton,no_safe_cross_activity_merge,unknown,needs_review
mp-795bf8d8a7fb1471,tpa-9fdfcf578c4f85,provisional_singleton,no_safe_cross_activity_merge,unknown,needs_review
mp-98c9fc262e13b69c,tpa-b58c22dbdb5b41,provisional_singleton,no_safe_cross_activity_merge,unknown,needs_review
mp-4b232dbd379e17b5,tpa-d235d27a93974b,provisional_singleton,no_safe_cross_activity_merge,unknown,needs_review
mp-084eceedfaa8ccfa,tpa-758c4530ef19a7,provisional_singleton,no_safe_cross_activity_merge,unknown,needs_review
mp-3faef8e99cbd31bf,tpa-31ac882cfd51ab,provisional_singleton,no_safe_cross_activity_merge,unknown,needs_review
mp-d11f36c56861804a,tpa-e67b1d76ad5ab1,provisional_singleton,no_safe_cross_activity_merge,unknown,needs_review
mp-498e97e7e6e7e435,tpa-0757d2714b69f8,provisional_singleton,no_safe_cross_activity_merge,unknown,needs_review
mp-672262aa1c7a082a,tpa-c5747c295728cb,provisional_singleton,no_safe_cross_activity_merge,unknown,needs_review
mp-7999eba7d10df8c8,tpa-ea487783c2cd04,provisional_singleton,no_safe_cross_activity_merge,unknown,needs_review
mp-ea00733bf2c07e17,tpa-5edb74c5732c81,provisional_singleton,no_safe_cross_activity_merge,unknown,needs_review
mp-bf7ef0ccec866667,tpa-18140cc0c8929a,provisional_singleton,no_safe_cross_activity_merge,unknown,needs_review
mp-c32be8968e35e32f,tpa-5fef9ad1d2fa7a,provisional_singleton,no_safe_cross_activity_merge,unknown,needs_review
mp-6838019dd707edc0,tpa-9ca0598cb43d43,provisional_singleton,no_safe_cross_activity_merge,unknown,needs_review
mp-a25fca6d21af598e,tpa-a16226972256e9,provisional_singleton,no_safe_cross_activity_merge,unknown,needs_review
mp-31522aae86385744,tpa-2b1064aff1ae34,provisional_singleton,no_safe_cross_activity_merge,unknown,needs_review
mp-0bccbd347bf645aa,tpa-4c3987bb085709,provisional_singleton,no_safe_cross_activity_merge,unknown,needs_review
mp-5aa5751e654cafd5,tpa-72ec8daae55334,provisional_singleton,no_safe_cross_activity_merge,unknown,needs_review
mp-9e8cc066fb73a737,tpa-30d21feab70465,provisional_singleton,no_safe_cross_activity_merge,unknown,needs_review
mp-bd3c59f0de8c9eb0,tpa-098cbcedd446c3,provisional_singleton,no_safe_cross_activity_merge,unknown,needs_review
mp-5fcad53bdcf1abb9,tpa-530b9cd940a340,provisional_singleton,no_safe_cross_activity_merge,unknown,needs_review
mp-a83fec6c1cfa2b6c,tpa-77d281688e839d,provisional_singleton,no_safe_cross_activity_merge,unknown,needs_review
mp-cc4dd6d4f1822823,tpa-d1773208bf209c,provisional_singleton,no_safe_cross_activity_merge,unknown,needs_review
mp-fc9ca6498df84cdc,tpa-c2d811955a60f6,provisional_singleton,no_safe_cross_activity_merge,unknown,needs_review
mp-69764cbafd2db04a,tpa-99347a82db3efc,provisional_singleton,no_safe_cross_activity_merge,unknown,needs_review
mp-85cf5b83de585227,tpa-863274665dec07,provisional_singleton,no_safe_cross_activity_merge,unknown,needs_review
mp-b9ace799226c3aed,tpa-0db9b0ea2daa64,provisional_singleton,no_safe_cross_activity_merge,unknown,needs_review
mp-e760705c2c40e9f4,tpa-06cf2dffdb4440,provisional_singleton,no_safe_cross_activity_merge,unknown,needs_review
mp-d5c564c8a9750eae,tpa-b337e9926098ab,provisional_singleton,no_safe_cross_activity_merge,unknown,needs_review
mp-3bfd046808e1ca98,tpa-bd13932492bdfe,provisional_singleton,no_safe_cross_activity_merge,unknown,needs_review
mp-2ca438d94cc8b9d1,tpa-0ad909da2ce40b,provisional_singleton,no_safe_cross_activity_merge,unknown,needs_review
mp-8b80751cb1d3d03f,tpa-377970771c9316,provisional_singleton,no_safe_cross_activity_merge,unknown,needs_review
mp-cd84b4a520bce7b1,tpa-4b41720cf754c6,provisional_singleton,no_safe_cross_activity_merge,unknown,needs_review
mp-42787e2e1d98f74f,tpa-4334e855629a9e,provisional_singleton,no_safe_cross_activity_merge,unknown,needs_review
mp-3effa5c8d8265d7f,tpa-baacbee6eacaf0,provisional_singleton,no_safe_cross_activity_merge,unknown,needs_review
mp-2a99f2a3835a5c8f,tpa-72f4a0c1feefc0,provisional_singleton,no_safe_cross_activity_merge,unknown,needs_review
mp-605980ac0e97ada0,tpa-1ea3e05b83e7c2,provisional_singleton,no_safe_cross_activity_merge,unknown,needs_review
mp-5a2a3ae3d4495a8b,tpa-9d34844c6ba829,provisional_singleton,no_safe_cross_activity_merge,unknown,needs_review
mp-91a92d1350504053,tpa-939fdc9d884da6,provisional_singleton,no_safe_cross_activity_merge,unknown,needs_review
mp-758a35aad6a2697a,tpa-67961e1f4e58b9,provisional_singleton,no_safe_cross_activity_merge,unknown,needs_review
mp-bb2f2f78c46fe575,tpa-afd81dcef4c512,provisional_singleton,no_safe_cross_activity_merge,unknown,needs_review
mp-70de023036835fee,tpa-ea50201a8b064c,provisional_singleton,no_safe_cross_activity_merge,unknown,needs_review
mp-fdf47a94069373c5,tpa-37c22d5ebd6c37,provisional_singleton,no_safe_cross_activity_merge,unknown,needs_review
mp-863e7191d3b50138,tpa-417fef4016218d,provisional_singleton,no_safe_cross_activity_merge,unknown,needs_review
mp-9f484a79f3025868,tpa-0b02b71e5595b6,provisional_singleton,no_safe_cross_activity_merge,unknown,needs_review
mp-759d113bfcbcbce7,tpa-2048c8f04ec947,provisional_singleton,no_safe_cross_activity_merge,unknown,needs_review
mp-ec0cb34359442d95,tpa-1ba7d9bdab9565,provisional_singleton,no_safe_cross_activity_merge,unknown,needs_review
mp-b1d4ab795bbb5322,tpa-cd9ff596671203,provisional_singleton,no_safe_cross_activity_merge,unknown,needs_review
mp-8c26233768afda94,tpa-271c511449f1e3,provisional_singleton,no_safe_cross_activity_merge,unknown,needs_review
mp-dea710fa90c62716,tpa-e70b04f43c4362,provisional_singleton,no_safe_cross_activity_merge,unknown,needs_review
mp-b359d9c8cc2f94a1,tpa-ec09b5aee38fe0,provisional_singleton,no_safe_cross_activity_merge,unknown,needs_review
mp-ea045907e703ab2f,tpa-6b2e8e6ea29282,provisional_singleton,no_safe_cross_activity_merge,unknown,needs_review
mp-3db5c68b903d9bec,tpa-48ce4f012a0d8e,provisional_singleton,no_safe_cross_activity_merge,unknown,needs_review
mp-9f9d9eebddb807ab,tpa-0bbca492f94243,provisional_singleton,no_safe_cross_activity_merge,unknown,needs_review
mp-84731470e9ec4ba4,tpa-2b64f75f74fca0,provisional_singleton,no_safe_cross_activity_merge,unknown,needs_review
mp-c06012648361ea7a,tpa-78ebc0296d7aaa,provisional_singleton,no_safe_cross_activity_merge,unknown,needs_review
mp-1ede18ee97a86076,tpa-bf4c16d65ebd7d,provisional_singleton,no_safe_cross_activity_merge,unknown,needs_review
mp-01cf078ccfd12b53,tpa-2a128e6793e09b,provisional_singleton,no_safe_cross_activity_merge,unknown,needs_review
mp-5341608d447e2d03,tpa-0d9c74efdbdbb1,provisional_singleton,no_safe_cross_activity_merge,unknown,needs_review
mp-bc7b8e58cf578531,tpa-117542c0a715de,provisional_singleton,no_safe_cross_activity_merge,unknown,needs_review
mp-9da4df656d4498fc,tpa-5ef1a7eff7743c,provisional_singleton,no_safe_cross_activity_merge,unknown,needs_review
mp-324efccbd1afd408,tpa-401d43c8ea1222,provisional_singleton,no_safe_cross_activity_merge,unknown,needs_review
mp-adb32d77db9788ab,tpa-7952b48c48ef4d,provisional_singleton,no_safe_cross_activity_merge,unknown,needs_review
mp-05f203c7fa33c984,tpa-20b2ec87b296ce,provisional_singleton,no_safe_cross_activity_merge,unknown,needs_review
mp-fd3178e0811982c1,tpa-d88731d3c25112,provisional_singleton,no_safe_cross_activity_merge,unknown,needs_review
mp-80a1b3d0d482289d,tpa-8ce7ba518b8b1c,provisional_singleton,no_safe_cross_activity_merge,unknown,needs_review
mp-576df206ad400422,tpa-11319b993a92a4,provisional_singleton,no_safe_cross_activity_merge,unknown,needs_review
mp-0bf62c6c24b38e64,tpa-99bc8e2e21cc83,provisional_singleton,no_safe_cross_activity_merge,unknown,needs_review
mp-aaf64d2cb0735792,tpa-d215ac16b6e523,provisional_singleton,no_safe_cross_activity_merge,unknown,needs_review
mp-c7a0f501ef9d9b21,tpa-f58623c172b76c,provisional_singleton,no_safe_cross_activity_merge,unknown,needs_review
mp-5dd404a644159a42,tpa-26d7a29b1b1ff9,provisional_singleton,no_safe_cross_activity_merge,unknown,needs_review
mp-aa97f9fe2eaa1776,tpa-3a3123d55d4e8d,provisional_singleton,no_safe_cross_activity_merge,unknown,needs_review
mp-e6a07e73af182fdd,tpa-94484e29be82fb,provisional_singleton,no_safe_cross_activity_merge,unknown,needs_review
mp-8bd63d21f912a46e,tpa-207901a60db750,provisional_singleton,no_safe_cross_activity_merge,unknown,needs_review
mp-a7255e7dad2c2b5f,tpa-8107d27d39f51f,provisional_singleton,no_safe_cross_activity_merge,unknown,needs_review
mp-8bf553507ba036b1,tpa-4caec9bd209542,provisional_singleton,no_safe_cross_activity_merge,unknown,needs_review
mp-e0195498b6057e1a,tpa-05f5095fde8849,provisional_singleton,no_safe_cross_activity_merge,unknown,needs_review
mp-4f53b227eeb4b328,tpa-a66ae4ef1c3345,provisional_singleton,no_safe_cross_activity_merge,unknown,needs_review
mp-ebf20a7739d9f47b,tpa-94accbceb2eff2,provisional_singleton,no_safe_cross_activity_merge,unknown,needs_review
mp-8b2ad13248e85d5c,tpa-321268a6b8e491,provisional_singleton,no_safe_cross_activity_merge,unknown,needs_review
mp-1b8e8bd8395fb1af,tpa-0a3ea3615bd08a,provisional_singleton,no_safe_cross_activity_merge,unknown,needs_review
