activity_id,source_record_key,source_name
tpa-b4ad70f73e1d4b,src-e3b686a5e6f84952,construction_inspections
tpa-1c60135caff5ef,src-cbebb821312e2f46,construction_inspections
tpa-537870730398a5,src-819c6041b0175fa9,construction_inspections
tpa-0bf09d096000ed,src-dc2d864712623746,construction_inspections
tpa-036edebe7bf95b,src-47911829c7810422,construction_inspections
tpa-5db1240255295f,src-5e6021303b05f805,construction_inspections
tpa-ae9d6bf17e84d5,src-6be6930a42faa08b,construction_inspections
tpa-e475f4135a619d,src-8b1dd813550939d4,construction_inspections
tpa-87e598aaec3c56,src-ac2b16fc50985753,construction_inspections
tpa-8009005c91f24e,src-947125e762fccb22,construction_inspections
tpa-2dd394e087fb26,src-dd1687db49df041b,construction_inspections
tpa-54e08f3cdfa12f,src-a115ab184944ad6c,construction_inspections
tpa-6746f1ed590f27,src-f384f10e16b1c154,construction_inspections
tpa-f9aa11bee3cd1c,src-c60b42b8d399bdee,construction_inspections
tpa-2c7fce8d93727e,src-bbe957743f715674,construction_inspections
tpa-6792bf0f19a2e5,src-31392ed016929f0e,construction_inspections
tpa-05681f7ed4eabf,src-e745777843c5868e,construction_inspections
tpa-e0c176437aece9,src-ec81e6c193b9a557,construction_inspections
tpa-e80fe3961f2677,src-20290995466c015f,construction_inspections
tpa-b9f6e7ea28d9bb,src-5d02ddb9b24fac18,construction_inspections
tpa-fbcb12458fa332,src-ea1e6109acad5428,construction_inspections
tpa-cb9fd945906610,src-48988e80f747b478,construction_inspections
tpa-6993be8c6e4802,src-26dbec760ad918df,construction_inspections
tpa-4b020af109acdb,src-e34643f5fa153470,construction_inspections
tpa-c8448441d4fc2a,src-2b1bd1f52a5bdf60,construction_inspections
tpa-3b85917bae436a,src-e226ce22bd5f002d,construction_inspections
tpa-350650b6bcc790,src-08eaa68ea3fea435,construction_inspections
tpa-b741db146cd4a9,src-b574399648eec593,construction_inspections
tpa-0f28f1007860a8,src-2b62b426303f3929,construction_inspections
tpa-136ad8c47c4004,src-38a677cdb23b698e,construction_inspections
tpa-a451a431e8f568,src-bcef013b5a58f0dd,construction_inspections
tpa-c08496c53917f7,src-c8b06eee9161f71e,construction_inspections
tpa-f43acd1c2d1b43,src-f17972406a7d4052,construction_inspections
tpa-2637e6de3d6512,src-c8062fd581a17764,construction_inspections
tpa-1240fa2de033b2,src-1b2be642bb0fbff9,construction_inspections
tpa-811edb5a86793f,src-6e31aaadc3a7a45d,construction_inspections
tpa-1aa6da192bef31,src-cd9ee906837d47b1,construction_inspections
tpa-195b6e7fc83b90,src-f1d95d086cd54a92,construction_inspections
tpa-4a29e01b81a6f7,src-3285bcda203f1ab6,construction_inspections
tpa-ce8bdb9c1b7d81,src-22eeacf3f4e23d75,construction_inspections
tpa-a330fdd8b80b23,src-e04d8a80faaf1c8a,construction_inspections
tpa-9c2467bac37218,src-980efa8b5f67cbaa,construction_inspections
tpa-8cb9d498d40d9a,src-156a9eeb3ace7dc1,construction_inspections
tpa-09b8b1f5465cfb,src-b823da6b831d13ca,construction_inspections
tpa-487a705e4681e1,src-908d0a332da49155,construction_inspections
tpa-1ad199ceb72ea6,src-043de6f1d091cc65,construction_inspections
tpa-dedd2e66fd7375,src-611d441080da8857,construction_inspections
tpa-6815bd7dc0068d,src-0cb5b1789f0fe751,construction_inspections
tpa-124ac81151ad48,src-e4b63bd59e1816aa,construction_inspections
tpa-a962984d63f12c,src-83169c5122a740a7,construction_inspections
tpa-c074c2415d7715,src-08a29b77b7ed0e00,construction_inspections
tpa-0b0bbb4b24216c,src-899a4f8ee6f872f4,construction_inspections
tpa-75e11d57dfb0b8,src-d72e1799f225d35d,construction_inspections
tpa-36b850bc5a14f3,src-d2a40e36404875ac,construction_inspections
tpa-36b850bc5a14f3,src-d253bfdd9bf71074,construction_inspections
tpa-66ab68a9b64a59,src-c4a6193d8b748299,construction_inspections
tpa-955da9d41f111b,src-c5d107edf0804de7,construction_inspections
tpa-952689e7d57a44,src-195d6efd23d848c1,construction_inspections
tpa-827c21d5f514e1,src-a8d055fd7cd0aab3,construction_inspections
tpa-5cd48e592e3d28,src-3ea7c5a52f4eb22b,construction_inspections
tpa-9541b1e715cfe0,src-f985e1581bf72c29,construction_inspections
tpa-7e19316a24edf7,src-e7629b4db5e15845,construction_inspections
tpa-8fb25b129430fe,src-2e1b40c9b08aaafe,construction_inspections
tpa-ff3b5ee254b6df,src-b9bf9316d2621864,construction_inspections
tpa-cff7efe1a6f268,src-1d2f9da5fd970fbb,construction_inspections
tpa-0d888d986de3a9,src-a7f2e0add604a5b6,construction_inspections
tpa-9c5b6ac1ea80e7,src-96d39f775412ee66,construction_inspections
tpa-864ef5aaabf504,src-710037bf89542c0b,construction_inspections
tpa-996c1136a4abae,src-edfad764466d7488,construction_inspections
tpa-0c2a6281b39abd,src-e77f3ff05d1ddef7,construction_inspections
tpa-787c8433ac0b11,src-c8a4a9ef00fca305,construction_inspections
tpa-2ddff3f35fdd6b,src-3b0c521bc89bedf8,construction_inspections
tpa-7c09d61a533856,src-8031db29f064a76e,construction_inspections
tpa-060e2b9ee13cb5,src-74e31bd3bcece296,construction_inspections
tpa-f9b1960298f38e,src-a3fe1a39f593f096,construction_inspections
tpa-9612fd995b1f4d,src-fb2dd1386344c80c,construction_inspections
tpa-5e5748d81c55e4,src-29622e94931175b3,construction_inspections
tpa-0f41db34cfdf11,src-ae5b690f3fad7652,construction_inspections
tpa-3bcc0c2713c7a6,src-150a9911027a6512,construction_inspections
tpa-36fa8e42a8df45,src-fb2c6c5eae48a1b5,construction_inspections
tpa-a26609c240ab83,src-8e20f5962389ae1b,construction_inspections
tpa-37530b82a31bf2,src-cc4a28626251a6fa,construction_inspections
tpa-dd68cb4d8bc38b,src-bb3f25c3d4dde718,construction_inspections
tpa-e8b6ad983db0df,src-0aaacb44a8a5b019,construction_inspections
tpa-bdf2b4e3a608fe,src-2fad48fa4551ede1,construction_inspections
tpa-269ba92cdf0156,src-707c0a44638ae6fe,construction_inspections
tpa-d92d17ff7666c4,src-7bcaa8a7be9b5182,construction_inspections
tpa-4a8beea796f9ae,src-ec97db3e85ae565d,construction_inspections
tpa-cf8b0377b05e40,src-55b962f901864c32,construction_inspections
tpa-50c2c33b95d1fd,src-75046261a0e0a95a,construction_inspections
tpa-72aac5c5bd0aeb,src-6f268c2e9b9467a4,construction_inspections
tpa-4c69fbae4aefed,src-7e9569b9f5d92779,construction_inspections
tpa-e3586e790ac3f4,src-c512280e30ef3cbb,construction_inspections
tpa-add0b475c6dfe6,src-ef64fb00c5c7fc5f,construction_inspections
tpa-21cb74cc191b43,src-87c3254a95ae364f,construction_inspections
tpa-ebf5b2b8c2d226,src-afb849ee06063b3b,construction_inspections
tpa-5c780a2e7a0188,src-0340723339d221be,construction_inspections
tpa-8315604e3fc955,src-4798604106616b25,construction_inspections
tpa-258d15e56eb1f0,src-3e229b8be637b473,construction_inspections
tpa-80b50251d99ce3,src-abfc0fcba526fccb,construction_inspections
tpa-5853fbc642ed03,src-2e3b3f8c3c3bd7ea,construction_inspections
tpa-5bd84ed5116cad,src-cc3cb8d14f6cfec9,construction_inspections
tpa-b6c6af96659c28,src-1e383604d523c3d6,construction_inspections
tpa-f89a24ec8cc5b1,src-1e1f9c0b9ba58c18,construction_inspections
tpa-0742b46bc5e61c,src-0b58a49bce242706,construction_inspections
tpa-28ed1261f9044a,src-38ed0b8ee8956df2,construction_inspections
tpa-14b09bb3728243,src-29e8c5af83972b0c,construction_inspections
tpa-4f131f3b66608e,src-0c0acd5d659fa6a8,construction_inspections
tpa-34b7218c1fe1e4,src-039c681f52a1a195,construction_inspections
tpa-833ba3006a832e,src-52fe31ff098a462f,construction_inspections
tpa-31b76d0357991d,src-d286dd66bfda3cd4,construction_inspections
tpa-119ce4ce7e0b65,src-f154384791bb4b56,construction_inspections
tpa-50a7fd05573da1,src-4d15001b561103d6,construction_inspections
tpa-4f33c4c2d12617,src-a24fa3733c2f4fc6,construction_inspections
tpa-9aeeb1689d455a,src-47aeee3b16f0cf4d,construction_inspections
tpa-4e2b3d392870a7,src-4da857d2a89b3a42,construction_inspections
tpa-45378d60227e39,src-bb4fad4e11da3af2,construction_inspections
tpa-ce1bc56b276ccf,src-e590ad67a8435063,construction_inspections
tpa-545e61d7ecbaf5,src-daa561d178a6d3e9,construction_inspections
tpa-ccb9780a79d201,src-754f414099be183c,construction_inspections
tpa-bd1e696fb7909c,src-5f305d261baa1535,construction_inspections
tpa-35b9b97f3d7227,src-56d36d8e442fba3e,construction_inspections
tpa-812468aa9ba364,src-142978b1298fab6c,construction_inspections
tpa-d4e8eb8a4cafd0,src-21a824ac5ae7d9b2,construction_inspections
tpa-dc48aeab5e0373,src-c2f0ed1e63912a97,construction_inspections
tpa-c3c3b3282ff9a2,src-0fc24c2a6de84919,construction_inspections
tpa-c9b2aa4d4a449e,src-413d8cd1da9b0dcd,construction_inspections
tpa-e69fb24f6f232f,src-857dd9f215a20eee,construction_inspections
tpa-d3fe9f065c5e1b,src-04e0bb4fbee0711d,construction_inspections
tpa-e2a5b30c3ba02d,src-736a058db3d4da02,construction_inspections
tpa-e43f4c48b048e5,src-5dda0d60c9acd1ac,construction_inspections
tpa-4eb68642e6ac34,src-9ea38d99e3dc71c2,construction_inspections
tpa-0d0772df9c848a,src-80ed53cfd01956a3,construction_inspections
tpa-82bf53baa9c0fa,src-12cc7d7af311d57f,construction_inspections
tpa-ef0fa05d941fd6,src-536c2f1c330997e2,construction_inspections
tpa-5300f4248b51e7,src-87baf473347d6659,construction_inspections
tpa-d1d5d5f2f44d87,src-00e6b546568b073c,construction_inspections
tpa-3b25fd83156815,src-84641b3461c75473,construction_inspections
tpa-32ffc4b6f6bf79,src-a24442f8e97956a5,construction_inspections
tpa-1816157db60c10,src-591861644900c5c6,construction_inspections
tpa-574a1c62bbf896,src-a849f2eb917432eb,construction_inspections
tpa-845d9a0cf1ec08,src-7b175d97a338e26c,construction_inspections
tpa-2289dcf89d0970,src-5b22f2cb70e7f38e,construction_inspections
tpa-00e51b5e6e62c8,src-e3434e9391ee5181,construction_inspections
tpa-0aea25db587250,src-191dd4f40a3702c0,construction_inspections
tpa-21d7f16a75c54e,src-8cc892247662dd68,construction_inspections
tpa-5cfa58f1461b26,src-44424c3583fdd69a,construction_inspections
tpa-5faab6a61467df,src-b4065f916e1115d8,construction_inspections
tpa-2bf73e751a705a,src-f9282c03d6cb95a9,construction_inspections
tpa-9e1393b3fc4ee2,src-eb136cd052451f2b,construction_inspections
tpa-21c22432baf0e5,src-c2daffcf63253574,construction_inspections
tpa-ce53040f8b92b9,src-38b971b9f24995c8,construction_inspections
tpa-d63fca8f8782ce,src-551ded9afd06e91c,construction_inspections
tpa-62ab89191ec2f6,src-1738ac7c804883e5,construction_inspections
tpa-a89d1aacd75ce4,src-7ff329859f3d49fc,construction_inspections
tpa-9988a148d10d99,src-3a8d722d6f6674a8,construction_inspections
tpa-6ce302020a72d9,src-c3c4ddc1f308a7f6,construction_inspections
tpa-37aeeec5f58aef,src-a39f887a4c6d64a6,construction_inspections
tpa-6db438b1ffd53e,src-87bf8ac4ade00dce,construction_inspections
tpa-3acf8de4ea9c56,src-a515bd5ac2ea9d8c,construction_inspections
tpa-5f9a8b59e75208,src-dc9ab6ede3a2e6de,construction_inspections
tpa-fceee2e49eff05,src-b23d998ec7d11c06,construction_inspections
tpa-8d4cbd0f2a328f,src-3fc7db6f64a5a522,construction_inspections
tpa-ea8ae8e45aa79a,src-827ac5323bc78456,construction_inspections
tpa-f82e13b8729f3e,src-50d139ca81b759b6,construction_inspections
tpa-004781f08704b8,src-1d95fbdf05c445e1,construction_inspections
tpa-2fd12449a063f6,src-742e33171270a395,construction_inspections
tpa-e283289692e069,src-fd76a4ef1746d194,construction_inspections
tpa-e78e86e21034c4,src-ab9b070d53b1c5c0,construction_inspections
tpa-8636c32ef4d0dc,src-f5fa7c97bed16e30,construction_inspections
tpa-d02615c8f6fdb1,src-9df8ac399614574b,construction_inspections
tpa-1f16cd83fa430e,src-5a24ab6348d8889c,construction_inspections
tpa-14aafd7d6f9a3c,src-7a8a087e1a094440,construction_inspections
tpa-5d25382d4939dc,src-740200b33d2f222b,construction_inspections
tpa-120e68e416dc86,src-2484db8a5e356d26,construction_inspections
tpa-524ecb489a0236,src-9f6486662dcdea61,construction_inspections
tpa-a8e3aece54ecea,src-3485c8fc188d6406,construction_inspections
tpa-d7e421230aaed9,src-681bc944d5748342,construction_inspections
tpa-3951481cdf97c7,src-1bbd2674b58c50a2,construction_inspections
tpa-210e8e9787b2b7,src-94a60d2515648784,construction_inspections
tpa-240505b605a78d,src-9a481c1771b00ae4,construction_inspections
tpa-82d224800f48ca,src-8edb7882cc18add4,construction_inspections
tpa-bcfad7847325d6,src-c95731a9f063227b,construction_inspections
tpa-e2e5473f3f5371,src-b8445bbadc0ac426,construction_inspections
tpa-e47a809bd2dc0c,src-463e53d43603e4a0,construction_inspections
tpa-1f2c3836c5ecb7,src-6a22eab4f97af089,construction_inspections
tpa-070ce9870abedd,src-2303427bba4ccfae,construction_inspections
tpa-5f04c7c5ec614b,src-33de402bcbc48803,construction_inspections
tpa-75435665179639,src-5215d29121d83950,construction_inspections
tpa-099e0b3b758b0b,src-4623e8d4433ee4d2,construction_inspections
tpa-e5fcc8c1ceb4ff,src-57a47c27cf1c88ee,construction_inspections
tpa-c968fb7aede5cc,src-79e26b84886b7ab8,construction_inspections
tpa-82ce3d8874fa01,src-069ab514ce15de2e,construction_inspections
tpa-9ad147a0271cc2,src-fd614078a933f962,construction_inspections
tpa-b2981c8510b51a,src-b98d23f29269da1d,construction_inspections
tpa-e3fa02d051b42d,src-e93023127250ca42,construction_inspections
tpa-a7e19127affe26,src-18f9ecedc4c707c5,construction_inspections
tpa-89861c48928f4d,src-6358115c5e642e33,construction_inspections
tpa-0bf6df95d63d13,src-d50913b86dc503e1,construction_inspections
tpa-aec75fc7f64b93,src-5fba83e607a7f3a6,construction_inspections
tpa-1cdf389831ca4a,src-9891cc7e0f0ebac9,construction_inspections
tpa-a8fc7db88edcf7,src-736843ca02b6a7a8,construction_inspections
tpa-14bc51de8ad111,src-cac00a35abed6729,construction_inspections
tpa-2a8f84337ac931,src-adb691888def9736,construction_inspections
tpa-49fd9c87d11d25,src-ef4d19be5621ab3f,construction_inspections
tpa-0844508e90a91e,src-bfd91207f484b7d0,construction_inspections
tpa-122e7a89c3f149,src-3b2b0e8cfef25c8c,construction_inspections
tpa-b4a774da043236,src-996ec04fa4a9da6a,construction_inspections
tpa-e36def4fc11108,src-6b868555836f33ae,construction_inspections
tpa-7c9c998e3a395d,src-a870d6ae248995b0,construction_inspections
tpa-61efd7a6d3d18d,src-78c3dccae55d60ee,construction_inspections
tpa-0be461491105ee,src-a27b21b553e90139,construction_inspections
tpa-8b21ac634b2ccb,src-27b2788934ac7100,construction_inspections
tpa-a2d52bde3f3d1a,src-be73a43ed94eb162,construction_inspections
tpa-0442c5877fc526,src-df86fd63dce0ecee,construction_inspections
tpa-388d9aff319892,src-40d4bd1eadabb532,construction_inspections
tpa-9e426e6a38ec2b,src-3007b3015d9b737a,construction_inspections
tpa-2d3093af88857a,src-0165801f8dca2d57,construction_inspections
tpa-2eb68717238e5e,src-410b55854f556924,construction_inspections
tpa-f077c4d7978359,src-c3ef8432f8f94510,construction_inspections
tpa-6210687f145cf9,src-4eacc836dba968d1,construction_inspections
tpa-dd7bfa5cdecc25,src-6195f47d7a4234ff,construction_inspections
tpa-b07f56c5f5635b,src-7a406ebf8e3b7a51,construction_inspections
tpa-c9b4a50dfada91,src-308b6d4f217a8830,construction_inspections
tpa-d6c3c0e660669a,src-ca9b3ffeb13b0976,construction_inspections
tpa-7b556295f04aaf,src-a8230d23f3fe60c2,construction_inspections
tpa-edba2d15768fb0,src-e017d7e15187f0ab,construction_inspections
tpa-fab93f453809b7,src-3ebef718bc67b45d,construction_inspections
tpa-8e058600d8f3af,src-79aab9ef1f43f750,construction_inspections
tpa-cd0d5eb06fa587,src-5ca392032f1c09cb,construction_inspections
tpa-e7291e097ba4c0,src-d7a60dd97e468bbe,construction_inspections
tpa-c725a93fb920d2,src-a03757ad3e8ab8d1,construction_inspections
tpa-878bf0671ad261,src-ad034b910dbfb153,construction_inspections
tpa-55a732eff8835b,src-40b086d2c8f01e5f,construction_inspections
tpa-e5d4005f86acb4,src-320171021679651f,construction_inspections
tpa-2321cecdde46a2,src-24e712ea7d6626c7,construction_inspections
tpa-7d71bf505e0332,src-3e376c3963586ff8,construction_inspections
tpa-efdbf7581ee899,src-6ff53b4ca5d6fe69,construction_inspections
tpa-444bf20be8d9f5,src-35f1a432edc38b66,construction_inspections
tpa-225f50b38f8277,src-216854f5d218ef94,construction_inspections
tpa-0078c31f5c7eda,src-c58a551bc63f3f55,construction_inspections
tpa-168806a01910ae,src-6304592e6da2f5b3,construction_inspections
tpa-9532d30d85b8b5,src-449e77719d683783,construction_inspections
tpa-52d2f869c62704,src-c90e67daa7ace42c,construction_inspections
tpa-fe5eb5476d51dd,src-8a43743b37d46882,construction_inspections
tpa-c9e1feb765c980,src-175de6f02867ecc3,construction_inspections
tpa-fe9d1d363cf99c,src-817b33ea708995fc,construction_inspections
tpa-6ed9ae789140b4,src-3764b4c5404d870c,construction_inspections
tpa-3e96d245fe189d,src-e6455f963a6ad324,construction_inspections
tpa-46f2d75faddf5f,src-48b0bf19d1320313,construction_inspections
tpa-bf814d9d8768d6,src-c0358fca9da0e600,construction_inspections
tpa-fbb08965f181a1,src-2e1a47ac6f01e9df,construction_inspections
tpa-5304f0af5748ea,src-fb02b03323b01d6d,construction_inspections
tpa-4d2f1e3c8fafe1,src-f171329aabab2880,construction_inspections
tpa-ca19614a93e0e9,src-3014bbde94fb7882,construction_inspections
tpa-92b36258cff2d5,src-eee678a3b1df4d09,construction_inspections
tpa-ddaeafffa275c2,src-377a4ef871541de1,construction_inspections
tpa-4f2909496474e1,src-dfd5f83e5c879782,construction_inspections
tpa-59ca9fbc4ad74e,src-068e7b642031fce5,construction_inspections
tpa-3e95fb852d13bb,src-9d98c6c6816b970b,construction_inspections
tpa-b16bad94755d94,src-88f36e670c930d58,construction_inspections
tpa-6c00829039efb3,src-3009005610b1d02f,construction_inspections
tpa-0c08135824e6ab,src-47e30efdaf9281fb,construction_inspections
tpa-48e2b72ae0d7c3,src-005333cfa4e5b91b,construction_inspections
tpa-3833bce745a422,src-a7676da73963e047,construction_inspections
tpa-b4e6bd7c37719a,src-87212bca8f840945,construction_inspections
tpa-6e55660e90cae5,src-fc2431d782741952,construction_inspections
tpa-d46418fc820563,src-01a9f26b35705aae,construction_inspections
tpa-25d5350815b91b,src-ca0157b3dcda3418,construction_inspections
tpa-0d075591108454,src-8553c1f019614d8c,construction_inspections
tpa-0d075591108454,src-a2b330d15146b080,construction_inspections
tpa-0d075591108454,src-b0cd4eaabb35ecb6,construction_inspections
tpa-c24a4a51e94f0c,src-354fef1eb0bfdbca,construction_inspections
tpa-589558ecac1e37,src-ae902c1ae31af3e8,construction_inspections
tpa-5019b985bd1d77,src-34fccc13b3e59bcf,construction_inspections
tpa-513576269db68f,src-5daa98935d425e30,construction_inspections
tpa-14c8b8b7a89eda,src-ed3021e64b4111af,construction_inspections
tpa-95d0a3f24b10d8,src-eb81bab6f8c55771,construction_inspections
tpa-df2cedad65ca3b,src-e551e029bec36040,construction_inspections
tpa-c155a84ecb628b,src-39a518279bc50fab,construction_inspections
tpa-b9b13f05dc4299,src-2261a481786bc245,construction_inspections
tpa-35c5a31339653c,src-21592f16be100fe0,construction_inspections
tpa-b6a5bf7e8bc182,src-bcd44f791ff71c47,construction_inspections
tpa-9884d682aede74,src-d84cdc3ec3fba022,construction_inspections
tpa-f4d55a44e6467a,src-5f93c7c8dfce8137,construction_inspections
tpa-6a027bcb3e94bf,src-73cfbb25bb8b12a3,construction_inspections
tpa-4543a98324861f,src-727c8c0ebd874255,construction_inspections
tpa-d303cd77960d73,src-8dd3672b3aa2603b,construction_inspections
tpa-957691e0b214a5,src-6945086c25061076,construction_inspections
tpa-77771a3fe6a1a1,src-73b287ffacefee39,construction_inspections
tpa-c33c82b970eaf4,src-d600fae78a550fdb,construction_inspections
tpa-a7e6b0c6b9cec0,src-78ebf53ff269fc78,construction_inspections
tpa-47ef3b24d7213e,src-dd8b7b84c75d93e1,construction_inspections
tpa-4e7e46c0d9d4e5,src-f4cdae49514ff925,construction_inspections
tpa-a95ad854a24323,src-6f880a49ae94c1bc,construction_inspections
tpa-568e9d5acee345,src-19dcb7db54259d30,construction_inspections
tpa-951e1ec3d57f7c,src-745593f26c805ff4,construction_inspections
tpa-20100da395bb0d,src-b152170da58cd2fb,construction_inspections
tpa-5fa4a123a0e6e3,src-6dd60684fbf6c2c9,construction_inspections
tpa-5fa4a123a0e6e3,src-0364a12e8e68932a,construction_inspections
tpa-828dd009aca3b8,src-f2d10c9437416395,construction_inspections
tpa-b18c3da49664fe,src-dc005f82216a7d4e,construction_inspections
tpa-2cb197c3074901,src-fefe130660258efb,construction_inspections
tpa-47001d0f806223,src-256f81ad4136334f,construction_inspections
tpa-488809dc299db3,src-abc96e6f864e417f,construction_inspections
tpa-4f5075257f31f8,src-2877bc8856c22047,construction_inspections
tpa-4d70a6c22c08d3,src-dad90984454b9ff3,construction_inspections
tpa-a8810aa5e75dbe,src-10b97d22fa5887a5,construction_inspections
tpa-454f1f3ea8406d,src-64328865c69cdda5,construction_inspections
tpa-e68db3c888ea7a,src-563e7c266a573543,construction_inspections
tpa-9a5d26340e52a8,src-d6c746dfa1c7c1f1,construction_inspections
tpa-4a72ff864bc66c,src-3f26223de23a071b,construction_inspections
tpa-641184c2c4cb95,src-95d20f068f7ca575,construction_inspections
tpa-d16e5ccdfd0989,src-0838648dd89a9f42,construction_inspections
tpa-c1214d4efa43ff,src-6141e3a23424cfbc,construction_inspections
tpa-f2d39e2048e5fb,src-6733508a6c46547f,construction_inspections
tpa-8b98c0618bf1da,src-48e71ae7f2b819bf,construction_inspections
tpa-8eee434c785e0d,src-ae297a52e75117be,construction_inspections
tpa-aeb38c4d8a2d95,src-b5679e2b58d0f90e,construction_inspections
tpa-34be45db93a986,src-9fcf36badfd64af2,construction_inspections
tpa-6cbd40fc336d20,src-9925fd89f0b84ed7,construction_inspections
tpa-fad009f100f5e9,src-e0d1183ed4de8a9a,construction_inspections
tpa-1c2c08feb0fa1a,src-78cd39d93de76760,construction_inspections
tpa-69605353d4155e,src-6e238756a2783f88,construction_inspections
tpa-54b8778b3a171e,src-2dcf69ec1dfa9654,construction_inspections
tpa-cd5311efe1dede,src-ada9bdfb40a23675,construction_inspections
tpa-df98c3ef86263b,src-f78611a9b7f61534,construction_inspections
tpa-a147036e7f8692,src-fef46c9a18accac1,construction_inspections
tpa-46411d97dd91d5,src-50f7ea895ad8e0c7,construction_inspections
tpa-921964885156a0,src-4557b64b0fdcb834,construction_inspections
tpa-2598ddff5e06a6,src-dedc3a87f3188da0,construction_inspections
tpa-58f80f77870c5d,src-4e30a26d7e8a7726,construction_inspections
tpa-8a237e6f5fbdca,src-177a2a33f6eb18bb,construction_inspections
tpa-c2504cfbdd6587,src-2b878d79ff668670,construction_inspections
tpa-99fa4376843c17,src-f800648f9478e297,construction_inspections
tpa-99fa4376843c17,src-db83c5bf5ead9623,construction_inspections
tpa-ba07a5d5ac35bd,src-d5f423055a161736,construction_inspections
tpa-cb51b15a560913,src-dfe98849edf50ac8,construction_inspections
tpa-0055e806d2e998,src-0a64538e72d73884,construction_inspections
tpa-4b64b4280d5412,src-268ce92b0401e282,construction_inspections
tpa-bf49b6ef8a3e2b,src-30cc3bd6bacea92e,construction_inspections
tpa-c03f572b2cbe2c,src-3b9ec12b9fb37bc6,construction_inspections
tpa-e8280aaf034cf8,src-0a88a7eaf2dab69e,construction_inspections
tpa-f2a85ff7b3dda5,src-596d78dfdc942a3a,construction_inspections
tpa-cb54a6624c5ce9,src-4273bf3fbffc006a,construction_inspections
tpa-0932775c849383,src-ec128e0b7cf96401,construction_inspections
tpa-90db744ac2f785,src-3eacdd4d7f9bfbc7,construction_inspections
tpa-0f27c8e3e4a190,src-e3173991ed44f94f,construction_inspections
tpa-41129e2c44ce77,src-56f069fec154c6e1,construction_inspections
tpa-ce9f1eee723714,src-03bb06c9b2d6a2df,construction_inspections
tpa-1ea35e3ba1e04b,src-a08d16d1a4321eb3,construction_inspections
tpa-b0b751553dd485,src-78c30e514eebb54a,construction_inspections
tpa-3212f3cc3b2855,src-e79f05a5b9ac2b8c,construction_inspections
tpa-7c219f1032e393,src-b20fda8b1fcdd5a4,construction_inspections
tpa-03247d66ca75a1,src-3dc910cab1fedda7,construction_inspections
tpa-cfebeaebd3f6c6,src-bc7c4212906df742,construction_inspections
tpa-8dc88ba0575e05,src-857b8f11c98cda36,construction_inspections
tpa-673955c5f37db0,src-b3e1b50fc3ee4a02,construction_inspections
tpa-9877a5f8b1da0b,src-a4a1ffd9dafc62ca,construction_inspections
tpa-84cb3a5eb24b4e,src-7bdb23186577bdc2,construction_inspections
tpa-0ed6ca5a2cdae5,src-d543e6a5c0b8275a,construction_inspections
tpa-31e24c891d2f92,src-ec5d5b4f9e56e173,construction_inspections
tpa-28b5e4092d2aee,src-81013d0a903f19a6,construction_inspections
tpa-f24486ebcbdca9,src-2f71e79be510be7f,construction_inspections
tpa-62253fde489651,src-6502dbc944a49fbf,construction_inspections
tpa-97c2b22b6f5549,src-863b1c961ce52af0,construction_inspections
tpa-0b0951574d14af,src-96b2e611dbf691bf,construction_inspections
tpa-16caf462ffa8b8,src-859668204153b498,construction_inspections
tpa-4247d2fb359426,src-0750679a8080a3dc,construction_inspections
tpa-55402e6f9c3059,src-df04b97bae168b9a,construction_inspections
tpa-1d37a301186909,src-e55706450a89356e,construction_inspections
tpa-3c346e6bb0b02f,src-ad3937e275a08c69,construction_inspections
tpa-800faea43666ee,src-39b9bac38d207a8e,construction_inspections
tpa-a77d48b8d5071b,src-174c945988ecb263,construction_inspections
tpa-97d738ba61f354,src-e1a898e91026e4a9,construction_inspections
tpa-46e592eed14be3,src-b6240014245d82aa,construction_inspections
tpa-202acca313e70a,src-ee6dcaa5769135db,construction_inspections
tpa-b47277b64d4eef,src-444161b211cb659f,construction_inspections
tpa-8722b02631c2d0,src-6a8600dfb73455a3,construction_inspections
tpa-3aa9c7d9a5ac81,src-20d5fd334d5ed2ed,construction_inspections
tpa-34fb32d297ca42,src-5dbddd80cc15b91a,construction_inspections
tpa-d570dccd6fbf7c,src-700de980a683a754,construction_inspections
tpa-155e0655df05cb,src-e430e78089f77efc,construction_inspections
tpa-dce94fb68a7bb5,src-f5aa174ceba3a666,construction_inspections
tpa-77c99beda356e9,src-407c87b5549f4db9,construction_inspections
tpa-0379a2633320b9,src-44fd8ede2da1c454,construction_inspections
tpa-d65c9d8a029d3a,src-de178d3a8b9b9036,construction_inspections
tpa-a9a2eaa939e4bc,src-e4a99f4f5eb8d7ae,construction_inspections
tpa-aacb3517a63624,src-900efb86fbecc0fa,construction_inspections
tpa-fa5060b2438f7f,src-0bc515e41310e3db,construction_inspections
tpa-429d672d7a1c19,src-166d5b752b272b0a,construction_inspections
tpa-ab602235c69506,src-ff01c4e5e67e3230,construction_inspections
tpa-4961e3901719d4,src-68c79495889872a9,construction_inspections
tpa-dc48c779dc1672,src-be42a6fcefae629b,construction_inspections
tpa-a6ff3219bd560c,src-092f22b75c1e36dc,construction_inspections
tpa-65f73625e085ef,src-4e7e5ac2380d401b,construction_inspections
tpa-b476c9ce196d89,src-679a4b3ba127d32f,construction_inspections
tpa-7101fe4fc1e13b,src-85476c6231d62547,construction_inspections
tpa-65cea154326b52,src-0cc2d8c7c206a3ab,construction_inspections
tpa-221369f86fd20f,src-2b9ea2e7dc66a13a,construction_inspections
tpa-4194433a5b16f9,src-54b375a935c9bf58,construction_inspections
tpa-9095f067186f4f,src-3084e8f12b044c23,construction_inspections
tpa-d387519a4550c3,src-e44d9f724111b406,construction_inspections
tpa-747f5e9db69b70,src-428a8e2ab06a309e,construction_inspections
tpa-5dc2ee70142bb7,src-e07c18dcf3eca37d,construction_inspections
tpa-6f7d947e10f46f,src-484f978671729e4f,construction_inspections
tpa-a834a580e80dbb,src-3f176c7234a0b8b8,construction_inspections
tpa-5ba0e6458aee35,src-b2c48d47c34908e1,construction_inspections
tpa-13bddb354a0155,src-b6cf4ada832a457d,construction_inspections
tpa-7f6d41c2b1cf82,src-f705560196104d4c,construction_inspections
tpa-1db614043b0dfa,src-436ad281fdbac5c1,construction_inspections
tpa-f6aeb8905fa516,src-d947c968b08a64db,construction_inspections
tpa-82e47f73946942,src-b593a8d5b3166805,construction_inspections
tpa-323199deefad6a,src-ad762921b5c5f1e5,construction_inspections
tpa-3a01a4c06f0a93,src-e41497ed62e66159,construction_inspections
tpa-0920c495b94995,src-975acd1c5e0b7dcf,construction_inspections
tpa-659dce131a3d70,src-7cb887a1890321f5,construction_inspections
tpa-48c9c1cd33320e,src-a204917b69c85780,construction_inspections
tpa-c66cc176d82ae2,src-8dce70e61e505d9e,construction_inspections
tpa-ce25afa9612bda,src-dfd1c3c029e9fbcd,construction_inspections
tpa-3fa1fe5e530c9b,src-63c5adfb1ef1566c,construction_inspections
tpa-552a893b661024,src-277e97133572fd96,construction_inspections
tpa-e972707b6de629,src-c8d0f52bedac5bd8,construction_inspections
tpa-f31de44644ca49,src-b3c3ba2d3ff31d59,construction_inspections
tpa-44885776879824,src-4629056dbf49aa43,construction_inspections
tpa-caf6e65b932585,src-50034f40c6e74419,construction_inspections
tpa-f6aa3256b41ed9,src-e517451f360d0f2b,construction_inspections
tpa-1774cdbbea024a,src-82509a47880ff49b,construction_inspections
tpa-14844ce9e0a5e5,src-b30e49da2d7ad256,construction_inspections
tpa-97ab366d4e1961,src-646e01acbe52a82a,construction_inspections
tpa-17a0fef86b0942,src-2f20d0ed3e80832b,construction_inspections
tpa-47f42c6c6bfc35,src-2ad91105e75fac88,construction_inspections
tpa-d3eda04e371150,src-51935b6a635be52f,construction_inspections
tpa-60040503ce1f70,src-f9e229d75e3162f7,construction_inspections
tpa-55f90a91e604bd,src-5447f1bd9d234710,construction_inspections
tpa-862a1332525247,src-416414644788cc33,construction_inspections
tpa-976743ba9456f5,src-f054feb420f79188,construction_inspections
tpa-1b53cbd4e7b7c8,src-0ae75dbd2b98b0ed,construction_inspections
tpa-620acf80f21163,src-7580224111a3c898,construction_inspections
tpa-49478bf6456f37,src-26ee6391b112a3de,construction_inspections
tpa-4fcdd31eec2cde,src-de2ebaf2758bdf1a,construction_inspections
tpa-97d0407122e58f,src-5c7a38b3e4e69e0b,construction_inspections
tpa-d78926341f02cd,src-86bb30954317feca,construction_inspections
tpa-524aea4be09fd9,src-4bb13652be0859e3,construction_inspections
tpa-d39d659af99f1d,src-4469851ce42474f4,construction_inspections
tpa-6fec74cb567b5f,src-935d9afbddfc5bee,construction_inspections
tpa-8cc9e565a1eca0,src-7adb2f1e9f4980d7,construction_inspections
tpa-21c401b97b3110,src-f1ac883e5fb01aa7,construction_inspections
tpa-4b39fdd7888987,src-9d40b01e678c098a,construction_inspections
tpa-5572cad8111c2f,src-853cb6d6a9fe3e56,construction_inspections
tpa-343aac738a8171,src-d3f9d79c2240addd,construction_inspections
tpa-ee602e95ef2f67,src-b09bb2f77668abe2,construction_inspections
tpa-740769afecded6,src-37fff90932947414,construction_inspections
tpa-5391c158e33d97,src-ebf7915bcd02183f,construction_inspections
tpa-c49e93607145f1,src-8f4ae38c8029e439,construction_inspections
tpa-c023f0b7ac9234,src-6128141113fe8483,construction_inspections
tpa-4f574427412a2e,src-8578794f9054c74b,construction_inspections
tpa-3f361ede124ceb,src-d544b89e8d8a8559,construction_inspections
tpa-f8a04ea46494f0,src-fbdc4c7819e9c3e8,construction_inspections
tpa-99244c445a7986,src-41543abbf80e31dd,construction_inspections
tpa-007a02715cb1b8,src-ce4875bfd93fd833,construction_inspections
tpa-1235423e750f82,src-4d9d815c3ad38c66,construction_inspections
tpa-8d2eb54321fac9,src-f47d5834d8e29b16,construction_inspections
tpa-1f4412bb53f66a,src-c3fcd52133f6b0d8,construction_inspections
tpa-f16254d071f9dc,src-c024feae292d7abe,construction_inspections
tpa-e91099928a5d8b,src-da675594e1a03bae,construction_inspections
tpa-b2d8e2a8f7067a,src-cd3925577e66b2d3,construction_inspections
tpa-99e14bf8478da4,src-8b3df3ce5b6d3230,construction_inspections
tpa-8ab451890cc640,src-9e0f6a5d6ab1aa19,construction_inspections
tpa-70f097e3e7a8b7,src-eab0460bbd463cba,construction_inspections
tpa-63bc7da28d13cc,src-085249377da13137,construction_inspections
tpa-54472db57695cb,src-e9badbf68c4a58bd,construction_inspections
tpa-5b4d2e49ff5c70,src-352d0b4edb06b542,construction_inspections
tpa-927d1f53fade03,src-389475918e7ad8b4,construction_inspections
tpa-08625a68aae13a,src-29fe119de42e2f4c,construction_inspections
tpa-c00062ffc50a9e,src-b29faf44a4386c6e,construction_inspections
tpa-e5710be64bbd7b,src-944b1403ced6ff69,construction_inspections
tpa-aa1b983e4df8ce,src-23d19cb17cf44213,construction_inspections
tpa-1ddeb5315cf866,src-ab386d0bd9939dda,construction_inspections
tpa-34dae49c8cd7b1,src-daa6f6a9bc016608,construction_inspections
tpa-13de338b8d6d0d,src-a0679c1c9995983b,construction_inspections
tpa-14bce60d548dfd,src-2da32e71eb760bce,construction_inspections
tpa-f80a01d50affd9,src-44290b76e1cc7936,construction_inspections
tpa-9d3a366a9424f4,src-842e083c792d330e,construction_inspections
tpa-440649990eafab,src-d75db5b720954f44,construction_inspections
tpa-780583d40c12ee,src-8df905def1e88fc1,construction_inspections
tpa-18d51d48036a8b,src-ff44983a6f8a7c43,construction_inspections
tpa-9866975518471e,src-e9aedca39a6ddb46,construction_inspections
tpa-18d0bca9bdffa9,src-71302625b3f7fd81,construction_inspections
tpa-4538cbf9dd000f,src-67b21fdec9fd5613,construction_inspections
tpa-d00c57f91274c0,src-000565188732294f,construction_inspections
tpa-effd059367ec48,src-0ee3321657c6045b,construction_inspections
tpa-c2b0d467d00252,src-d9a00c8410cfcbef,construction_inspections
tpa-2e37066a0e1d05,src-f007cbc577be203f,construction_inspections
tpa-0636f542709d3b,src-e1d5690ba8461947,construction_inspections
tpa-6ef3bb571fcd68,src-441ad2f569895a04,construction_inspections
tpa-3c82538379f0a2,src-f5ddfd4940de2c50,construction_inspections
tpa-71ba922da48242,src-d29e1dc9f61047ca,construction_inspections
tpa-55e66f6d1d7c40,src-9742ed81dd2d9211,construction_inspections
tpa-d52062a0fd0d86,src-bcbf14b8c4a69be7,construction_inspections
tpa-9c2a2b995e3336,src-9c232adc999fed20,construction_inspections
tpa-bfe47951ea5bea,src-9ef22f037ea831e2,construction_inspections
tpa-4a351337c46df6,src-e6b323ac401e3868,construction_inspections
tpa-57d105ea04b1c9,src-8effd8787c964dc8,construction_inspections
tpa-e80a7f0c6f0e0f,src-a25f06ee13cb9af1,construction_inspections
tpa-0523e77d8d20da,src-4a69d03d2929ee7a,construction_inspections
tpa-84a98fcb1bcae2,src-f26ab31de1fa463f,construction_inspections
tpa-eff726797d593c,src-7b9970b15da2d909,construction_inspections
tpa-d58c64c80a6654,src-5118061c7b3b5110,construction_inspections
tpa-5e4fcdcb906be9,src-4e6a46a902281a65,construction_inspections
tpa-13c2ceb279e24c,src-cbf5f10812d88eab,construction_inspections
tpa-be427247ca8273,src-04523438cf455b2d,construction_inspections
tpa-b4f277b88af18e,src-ebfa207820b65b0f,construction_inspections
tpa-c18cfc543ee14b,src-3c5f4c0ed6959140,construction_inspections
tpa-3ade872747fe8c,src-09c0300dc20eacdb,construction_inspections
tpa-30d39c3123da95,src-3882d6cb9d2cdeb0,construction_inspections
tpa-faf8178d36a931,src-e096e593eeab4982,construction_inspections
tpa-8df319d41d6cc5,src-4ec6f57df5dcdd24,construction_inspections
tpa-5e84b7afd35560,src-515541168c98c0b6,construction_inspections
tpa-01efaaa9039617,src-627a321f0d5b6c08,construction_inspections
tpa-eed75e76b1a5df,src-8d8f08c67a20b7a2,construction_inspections
tpa-747f5c445ff928,src-782ac9aba99cb1e7,construction_inspections
tpa-be874703ee4a20,src-661fb6a77f356146,construction_inspections
tpa-b16bb5dbe6bfa0,src-b28f23fe51062925,construction_inspections
tpa-ff70156e988797,src-bdc80fde54187da7,construction_inspections
tpa-845599e11d236f,src-b008baf3cc7e26a3,construction_inspections
tpa-4d93674b530d00,src-d926fbff2fd8ec77,construction_inspections
tpa-d119242b4519c2,src-f4df668dcf14140f,construction_inspections
tpa-16a43e58b3ca28,src-c9bd42e695026322,construction_inspections
tpa-4f1a668eeb8b64,src-502223d1922311b0,construction_inspections
tpa-6b26f10670ec6f,src-a17eea93d0c63368,construction_inspections
tpa-b41208212787c1,src-c497b982ca89be2b,construction_inspections
tpa-2a59fe36eb7077,src-14240a178bab94fe,construction_inspections
tpa-753135ef983deb,src-9daf8ee663c48d8b,construction_inspections
tpa-a5f7f3c93d3ab7,src-64508df740ef12cd,construction_inspections
tpa-0b44c2121ce34b,src-df25399d3b2efd6d,construction_inspections
tpa-68365bfff88315,src-3c653ebd163628c8,construction_inspections
tpa-3cf4dfd38f377f,src-6efdff06f9531833,construction_inspections
tpa-67bdab2bebbf6e,src-324585ce5746dad3,construction_inspections
tpa-3c251681b3469a,src-af5d791476865ebf,construction_inspections
tpa-09b5120d1d7c24,src-8b33b4e58d7a1b9a,construction_inspections
tpa-bad21aa77dca3b,src-4d46bd33e2bee9dd,construction_inspections
tpa-8971084acb75a6,src-55ea30609487e0ce,construction_inspections
tpa-24f96e9654b9ef,src-bf50f0bbc22a30ae,construction_inspections
tpa-fb6ecdcc75efa5,src-c498d68ae0458f90,construction_inspections
tpa-ae074f0335066d,src-578cbbc2c14dbb3f,construction_inspections
tpa-7f65dabc0d39f1,src-cc659bb0185211c1,construction_inspections
tpa-fff5b3cdf36fa8,src-e6d613bfc38b9c70,construction_inspections
tpa-e28a969192411f,src-8b0e3ae38e6b4087,construction_inspections
tpa-06f84eb6150e1b,src-a21181029fcee769,construction_inspections
tpa-c513d0ffc576b5,src-1324df9b02d423d7,construction_inspections
tpa-ba552821c3a2dc,src-5dc1a3969b4234ba,construction_inspections
tpa-a11df607f1a8ed,src-ddc4dd30c4a86bb7,construction_inspections
tpa-6c96bc46c8b68a,src-45444a9078e82545,construction_inspections
tpa-8aad57ec1374aa,src-b6b5b1e9e1e901ec,construction_inspections
tpa-a69cddc7ee42c0,src-95f8e3c25edc6503,construction_inspections
tpa-38c8460b328285,src-4b0417b9e553cfa1,construction_inspections
tpa-64d492142bd08c,src-6eda88b0bc7bd8a8,construction_inspections
tpa-91e26ba076bde5,src-48d01437e7652537,construction_inspections
tpa-4c491c74bbd352,src-58a15cc6af41da07,construction_inspections
tpa-a4e0d1e89335b5,src-b1809f839645a829,construction_inspections
tpa-225df8d9d1d7d3,src-885ed111779732ae,construction_inspections
tpa-68cd43c8b1519d,src-3127760669139d2b,construction_inspections
tpa-18efac5029086e,src-19bee9f0f0a10238,construction_inspections
tpa-2d3ae14df8c01f,src-5f0d55b798bfd384,construction_inspections
tpa-e1f6cdc6fbff4e,src-6b2007ad30e9d55e,construction_inspections
tpa-5f53e7bac9b620,src-d1d2e97bbfe0be24,construction_inspections
tpa-0506341e9e7f4c,src-bdd40117fdf0fbad,construction_inspections
tpa-accf34fda337fe,src-db669dceb87cdd5c,construction_inspections
tpa-6d2ee906e3c44f,src-c1ae416dec9b4862,construction_inspections
tpa-06dc5140af837a,src-b70f65f308c667e1,construction_inspections
tpa-fe64a07876f336,src-649d47e5f0849c43,construction_inspections
tpa-e2eefc04a5513e,src-b597203c30caedd1,construction_inspections
tpa-e8af4e94136767,src-15303a5caa8400c1,construction_inspections
tpa-757503136a2c42,src-ef0a04325ded0864,construction_inspections
tpa-cfb0502c6ee69c,src-ba41ab5caa5c236a,construction_inspections
tpa-d38d30397269ac,src-fed52af27c3ae8c5,construction_inspections
tpa-2f7c6a6e3df233,src-d18c172915085788,construction_inspections
tpa-13f767ccb5db1e,src-aa9d12a914e9e812,construction_inspections
tpa-2fa48cd756d9a2,src-f6f2493ade36b5f1,construction_inspections
tpa-de4d9cf75a591c,src-851c4eedd421ecd5,construction_inspections
tpa-259359778b80f6,src-3b4a942579de1356,construction_inspections
tpa-2a9a2472649341,src-342f5f4563750e60,construction_inspections
tpa-764dd11659f1eb,src-2dc1e2f32f3b012a,construction_inspections
tpa-ed33819e054cf5,src-48d7a7e8095c9432,construction_inspections
tpa-ab8fa20325643f,src-08c9f6798b5b533b,construction_inspections
tpa-2fc503f01fa07a,src-66f5651fb4563bc7,construction_inspections
tpa-ca7e547556a454,src-46c448a86265a018,construction_inspections
tpa-d8629c12856a3e,src-c7d4ab3d566a38cf,construction_inspections
tpa-316227fb332caf,src-4de66c8ff48fc9e4,construction_inspections
tpa-8d7d8bfd6e3a49,src-b46a96ac8389535f,construction_inspections
tpa-8d7d8bfd6e3a49,src-60974b5c126cc81c,construction_inspections
tpa-49113affb100a2,src-15b766048701ae65,construction_inspections
tpa-41f6a2b3edcc95,src-48ba979dda8e5ad4,construction_inspections
tpa-03a64d104efab5,src-52eee6fbf0d861eb,construction_inspections
tpa-36b1ff81498193,src-a3d5aebbff2cd409,construction_inspections
tpa-5baa8a11ffa096,src-a45ad1be7fff9508,construction_inspections
tpa-974cf28aab1517,src-0476acbb8e977c17,construction_inspections
tpa-06b743236ca964,src-38847cda599f5b4e,construction_inspections
tpa-a3429640886e4b,src-fca7383a1407d255,construction_inspections
tpa-01298bb3030bc9,src-b514b344d2f1246a,construction_inspections
tpa-24ce37c512d910,src-50cbba41effaf32e,construction_inspections
tpa-d7b12ad1d6797c,src-cae1bc4babbd4cf5,construction_inspections
tpa-8b0eb23a54081b,src-81b67da40ac2cb47,construction_inspections
tpa-d19bb06e7492aa,src-6fc06ff7041d0ed9,construction_inspections
tpa-408dd8154f5128,src-2095b5c551411746,construction_inspections
tpa-12634ea2ae0857,src-b9e290dc330c0b6a,construction_inspections
tpa-dc93933fba4d94,src-324f795bafc41cd1,construction_inspections
tpa-19e9f37088ada7,src-124a8b6c89e27207,construction_inspections
tpa-208a2577af0c74,src-27fb9fcccabde42d,construction_inspections
tpa-be1d2e2685303c,src-e65fc6ddae905a4b,construction_inspections
tpa-f4224964a17a12,src-d80d51c4c972bd9e,construction_inspections
tpa-ba6174367cf5d6,src-bdef04e5879b173d,construction_inspections
tpa-39ebc2d5151e5f,src-9783a64ade2fb117,construction_inspections
tpa-6a55de57f95144,src-f3c0c264aa31ea8b,construction_inspections
tpa-0f0ea871c5d70a,src-80c6faf04ccd7769,construction_inspections
tpa-7d97171cacc169,src-23a04dd742c05ed3,construction_inspections
tpa-1d633b31035617,src-c7ff9b64383a0aa4,construction_inspections
tpa-7b14e2b39dfecf,src-98add812540e15ac,construction_inspections
tpa-c0359283d623dd,src-4a79d1516203a983,construction_inspections
tpa-a5e3000d908052,src-3558b3a71642008e,construction_inspections
tpa-f7acd9ea88a07c,src-03ac98be8dd692d6,construction_inspections
tpa-d0e40948105ee9,src-3fc818302c03b002,construction_inspections
tpa-c6a74fb34fe160,src-8ec817e83a99e355,construction_inspections
tpa-a8aab3631c08aa,src-4a44c81920ec2d9a,construction_inspections
tpa-8621e0fb102ba0,src-121605a6c5e796b7,construction_inspections
tpa-c4fb9136f3095d,src-80a242a0cebaccb7,construction_inspections
tpa-17eb2da0d58320,src-a106f6d1281d0e68,construction_inspections
tpa-a4cbeabdf11d84,src-14a4a741c5859600,construction_inspections
tpa-cf364eb9baa51f,src-256433aa7406d430,construction_inspections
tpa-6d92bb6b8e9781,src-064cb8e7c71cdcf6,construction_inspections
tpa-8116b2c7badfe9,src-525ad92b5c2f73b4,construction_inspections
tpa-742b5f409bab20,src-3eaa0282c6f30d09,construction_inspections
tpa-625f1d0594de7e,src-8341d1ae658671bf,construction_inspections
tpa-d95c0f4652a639,src-c98ff0b7bc1feda6,construction_inspections
tpa-3f2e094f9ede8c,src-303dd0258cd317fd,construction_inspections
tpa-58d11ea5c5f27a,src-415cbca71336494c,construction_inspections
tpa-66dcabfe2e5252,src-c07144de604c7211,construction_inspections
tpa-1485ff9e9c552e,src-2a66e2aa704a25aa,construction_inspections
tpa-1f2086f01be1bb,src-9e4a79c295fc5a7a,construction_inspections
tpa-df953e61c2ef63,src-807c6d191242910c,construction_inspections
tpa-c6e1c8fa7734f0,src-1f52c5fa7e428f17,construction_inspections
tpa-c69a1e0c4df046,src-7f59fdf722af999b,construction_inspections
tpa-c69a1e0c4df046,src-78854ec59c8e7f36,construction_inspections
tpa-987bb91b2366af,src-e4b2530d77708c1e,construction_inspections
tpa-3348c9b3d814c3,src-ce890e4793ad5443,construction_inspections
tpa-2c71aa382c0a24,src-03f732ba6d3dc6b2,construction_inspections
tpa-b9e552e7f71036,src-0aa221c5ac273ea0,construction_inspections
tpa-c7ea41e60d1202,src-56ac7e841a5a63cb,construction_inspections
tpa-e22d72436a5fc3,src-0c83d6c22f8e9b28,construction_inspections
tpa-7e492b20c6441e,src-c699a555a7c7aacb,construction_inspections
tpa-e50fea9487c27d,src-ae9242520287ef9b,construction_inspections
tpa-dfcfe10628678e,src-0fbb20f6f1e049b2,construction_inspections
tpa-496d4982b1b78d,src-ffa73da02780a312,construction_inspections
tpa-c61738742343c8,src-743672acca82543b,construction_inspections
tpa-7f51599154e7af,src-62a93b0648785db5,construction_inspections
tpa-fd9dc19e205a50,src-e7d9feb5fbc23706,construction_inspections
tpa-f5a55de163e62d,src-f4e3470262e59ebf,construction_inspections
tpa-8d12b462cc19ba,src-ebc48f7831fb6f9a,construction_inspections
tpa-6cc09e9ce39b75,src-bc7893667deea164,construction_inspections
tpa-b2247293f9331a,src-5235f2580b110f1f,construction_inspections
tpa-a8ab685226b5a0,src-b7ef9202fa6d21e8,construction_inspections
tpa-a0abbcf7366859,src-61ff7e5a592f9022,construction_inspections
tpa-ce13fdf6a276aa,src-19fd590b1766c224,construction_inspections
tpa-6efe5b9f14538e,src-e618cdcb01bba3b6,construction_inspections
tpa-bbe5a41a3a6416,src-dec9dc6ede684161,construction_inspections
tpa-654a1f9b3a06a6,src-d675fcdae4888917,construction_inspections
tpa-f1d7146c36f9c7,src-4f9c2c5aca388840,construction_inspections
tpa-ec941f536232da,src-dd01f49c6a8661cf,construction_inspections
tpa-b2ef36e9c16bd3,src-26843094d9fca826,construction_inspections
tpa-220f68136c8678,src-1f48ee712927a041,construction_inspections
tpa-cf53b16b264c3b,src-23fb8f931858df9d,construction_inspections
tpa-77efcaa021100f,src-4190daffc3202427,construction_inspections
tpa-19f8f67ae68583,src-d0a8c6c62a941811,construction_inspections
tpa-cd988dc9a40a90,src-253a681834d99f59,construction_inspections
tpa-5d3de2f502632b,src-717aed30b93fa77f,construction_inspections
tpa-d156e2fcf15791,src-c2f10f3c6943bf51,construction_inspections
tpa-77e6c8ae672828,src-25685396212aea73,construction_inspections
tpa-eaf342f8d008eb,src-b313a28e43dd0db3,construction_inspections
tpa-6ac90c5f6dc791,src-f9933906cf92cbc8,construction_inspections
tpa-afbbd60521122d,src-47c54c64e7b8dd53,construction_inspections
tpa-02336b02cb67ca,src-144c42bac1859e75,construction_inspections
tpa-6811d5d4238d44,src-3416b12029238ce1,construction_inspections
tpa-d79d703c4f96f6,src-31d40ddb64ee9e45,construction_inspections
tpa-7b12696ce7b0c0,src-aa5abb645e6335b2,construction_inspections
tpa-20d659d9cf2165,src-07deb62bf7cc1fd5,construction_inspections
tpa-2a279da2b89602,src-65f8432528c1353c,construction_inspections
tpa-af1da1a204bb0c,src-a325c09c70e87c6b,construction_inspections
tpa-c3b57889b8699a,src-31e6a306b0a18013,construction_inspections
tpa-673925f4ca8a17,src-64b1fdc48df1df9b,construction_inspections
tpa-b87d3c7dada73b,src-68acef4867bf316f,construction_inspections
tpa-c5cd07c38b1571,src-5accb9646a3835a4,construction_inspections
tpa-495d9bd705a25f,src-26ccc01382da4c13,construction_inspections
tpa-b8323aab855cf1,src-65ce310a6eb16666,construction_inspections
tpa-7eb21359a5c79f,src-659b0d3c7a3b4860,construction_inspections
tpa-7eb21359a5c79f,src-679b0b250d85bfe7,construction_inspections
tpa-0c4c248ded6e37,src-344b6e5061508487,construction_inspections
tpa-4e22aabfbb88ca,src-6c4f3fd16766f687,construction_inspections
tpa-5a312a61700bc7,src-324e702b3fc67971,construction_inspections
tpa-ea46f7ab7e08d6,src-c569d0745b981449,construction_inspections
tpa-d2ed73ff2e5d3e,src-f1243e7b67701b92,construction_inspections
tpa-943537c4950523,src-c7bb28d5103560e2,construction_inspections
tpa-3dc8a20a701399,src-a6f8b7a8fbe24d24,construction_inspections
tpa-6680544a78b2dd,src-e616ff698d8532a3,construction_inspections
tpa-b67863b711f049,src-c4d9899c02127103,construction_inspections
tpa-701e9d11c860b2,src-9fb51880ee6a028a,construction_inspections
tpa-22693b8ceab0ee,src-79dd09fec94dcc26,construction_inspections
tpa-3b3efc43e3d66e,src-ec4361ac0c6aa4ad,construction_inspections
tpa-f44b3545972cdd,src-8fb066f172071ad8,construction_inspections
tpa-2f583f6f51204a,src-601a4e31e16b276e,construction_inspections
tpa-9f059d451112d6,src-99dd24a0be677e5a,construction_inspections
tpa-917d3b96a0247a,src-a564eb6eba93f9f2,construction_inspections
tpa-457de4f98b1664,src-0b05118930c5fd84,construction_inspections
tpa-68355ce602a115,src-1424f71332861eee,construction_inspections
tpa-a5f146fae7c064,src-3a13b627d8d8b2a3,construction_inspections
tpa-7f0ff0e492b28f,src-e4203010b750fb40,construction_inspections
tpa-dc82d9182ae219,src-3f09d6b5c2f8882a,construction_inspections
tpa-1048b6cb3845c1,src-639ff8fb740fb996,construction_inspections
tpa-1ac4811618b3d3,src-14a665ca5d3bcd7f,construction_inspections
tpa-8ad0d9d89fe439,src-d03484e668a72a93,construction_inspections
tpa-f5b37138d64a41,src-cee44ca3b4dacd4a,construction_inspections
tpa-2e5a76ea51ec50,src-4078d2881836b744,construction_inspections
tpa-72154b43e76241,src-504a633fa1d650ae,construction_inspections
tpa-0dd2e889032cfa,src-feb981a9f8116d2b,construction_inspections
tpa-ba43c3d0dd5857,src-10bbb570b0347eb3,construction_inspections
tpa-4790444b10d1da,src-828aeed2628ca9dd,construction_inspections
tpa-c666aedc3672c9,src-56889e0d83f8c911,construction_inspections
tpa-51436f3a21c595,src-59f0eeac16806e49,construction_inspections
tpa-80a643be144cb2,src-8cac59fd0c52a782,construction_inspections
tpa-0e0c3714de268e,src-7234144ebd8d6cf9,construction_inspections
tpa-13a52e5eb28ff9,src-fbb4d1fda9d42049,construction_inspections
tpa-3043eb68fa9249,src-2ec5059cd2e89e15,construction_inspections
tpa-024fafce1b1110,src-e7e200453fb42df9,construction_inspections
tpa-a2728336cf2855,src-488886d0202b9aa2,construction_inspections
tpa-37dde4dcf4e0a7,src-10079e4456a2bebc,construction_inspections
tpa-7752b16f450011,src-2c27a83c7f4cab72,construction_inspections
tpa-c7372a5e4ee32b,src-a2fe776885ca56ba,construction_inspections
tpa-457e675bcbfce4,src-0d1ab534530bea60,construction_inspections
tpa-ffd14376cccdbd,src-abfe68e887d6a905,construction_inspections
tpa-a181c095b1631e,src-f8d4c53d853f6891,construction_inspections
tpa-0e1f94acc4af98,src-de8e82e183474cbb,construction_inspections
tpa-c9a76ceb1d5c1d,src-caf454eaf6e446c0,construction_inspections
tpa-93ad1e0ad1e73a,src-1f22ef286f1a7e63,construction_inspections
tpa-159e2a073a10e3,src-efe4052bed32ed9a,construction_inspections
tpa-0031dc58b3fc1d,src-be412e10fa8c6f2e,construction_inspections
tpa-c9a60883826e43,src-78f5085ba2de17b2,construction_inspections
tpa-48f9e2c175a307,src-936ac4652a8288b8,construction_inspections
tpa-6e7658d3dcc0f1,src-48e92d6425dc5caa,construction_inspections
tpa-a505f55a297583,src-c264972bedaa56f9,construction_inspections
tpa-1f02edd7c1b166,src-74828b82223b3368,construction_inspections
tpa-e41ba151b2e841,src-73443028a2db35d2,construction_inspections
tpa-14fcd601cc86a0,src-c04c2d0568026201,construction_inspections
tpa-d0dbc1ea81a8fa,src-1f4a12f68b27a297,construction_inspections
tpa-ec4a5770e5f9a0,src-9a62046b40d0fa31,construction_inspections
tpa-d687a9f664587c,src-a54cfa2a47d99b98,construction_inspections
tpa-84565d038cc7d0,src-0848793393011184,construction_inspections
tpa-0a67b4c1803ebe,src-3123a1b0ebf619a1,construction_inspections
tpa-053a574fda4f86,src-e1764c9502105d85,construction_inspections
tpa-ecdc9da999493e,src-a719e730027c3584,construction_inspections
tpa-30a9a069a9b095,src-cfa3eabc59718f71,construction_inspections
tpa-a77207769e2268,src-035f74ea3046a0b2,construction_inspections
tpa-86f66828faf30f,src-ac96dac9ff3d1ecc,construction_inspections
tpa-2fc0a2704be03b,src-3f270742fade1e69,construction_inspections
tpa-653e23e2977bdc,src-774ec940c0f642f3,construction_inspections
tpa-11b60937dcffaf,src-6f5ff33b3913ee19,construction_inspections
tpa-9cd31410204f39,src-9973965b59eead07,construction_inspections
tpa-245030a325b815,src-d3d5e0e4bdf5770f,construction_inspections
tpa-511d1ae2292f54,src-a445816910e8ef13,construction_inspections
tpa-45a0537d6e584f,src-c80ebc7a5127c63b,construction_inspections
tpa-51bfe76f29d8ad,src-34d54133492e2b44,construction_inspections
tpa-c7d017e71bbdf6,src-4097a192f581a2b6,construction_inspections
tpa-eb3f00b3b36e74,src-c62f2438f4113e88,construction_inspections
tpa-edd16ea03e4459,src-bf0a18a3937fe9f5,construction_inspections
tpa-0bd5a7d093f8e7,src-c01ada78df2db3ad,construction_inspections
tpa-1a794081c1cc17,src-512b7d7d4b22e730,construction_inspections
tpa-bcc3cf27d4d5c6,src-52f3dbe96f7094de,construction_inspections
tpa-9d627e95ad566a,src-adaa66acb81d59d7,construction_inspections
tpa-e2ad1f0c38e9c8,src-078efea4ceb7dcdc,construction_inspections
tpa-37a87599ccecee,src-b57a1bd7046cbe58,construction_inspections
tpa-584a99df2702ae,src-6d96b7dfb087b439,construction_inspections
tpa-6465cd2a3d7f68,src-f8fa9234c49cebc2,construction_inspections
tpa-e0134b47a3932e,src-9335c09348152087,construction_inspections
tpa-17cbc5722b1577,src-d24d22e646dc838c,construction_inspections
tpa-76514f256dd0dc,src-5a6cca17bec11579,construction_inspections
tpa-26f225c99a6abd,src-76531047fab5b380,construction_inspections
tpa-96b96ea21b7a9d,src-003c469d7461b82f,construction_inspections
tpa-000f7ef41912eb,src-f6a39f9ee32d953c,construction_inspections
tpa-99ec3fb643fa54,src-f80ef3030b0a847d,construction_inspections
tpa-18c9e659a35f1d,src-a41c9a2a06af71e7,construction_inspections
tpa-f4f6db8b06b36c,src-b93f060704ed65f5,construction_inspections
tpa-a7e6f0d4aba912,src-a8ea66090ac9589f,construction_inspections
tpa-c644735edbb543,src-578f9be422dcefc7,construction_inspections
tpa-0da237184a1f68,src-55d0d01922b73dff,construction_inspections
tpa-6fe376259e98b1,src-3c7dc0db1697879b,construction_inspections
tpa-5011e5ed58e35c,src-fd5d513212cbc4a3,construction_inspections
tpa-636ee511325ea0,src-d0624efe09425125,construction_inspections
tpa-ce793ae7d6bb38,src-f06d6821d130bddd,construction_inspections
tpa-d6fc99d8bb36a3,src-bb991daef8fe8536,construction_inspections
tpa-4223c0a7145e64,src-fd9764c5bf7c3b29,construction_inspections
tpa-f4ee3fb8ed87fa,src-1e7bd12e4d1d6d2c,construction_inspections
tpa-b1f30bef4aeaff,src-dc3efedce069cadc,construction_inspections
tpa-e2f92367144064,src-e439a1c619800b96,construction_inspections
tpa-8047de628cfebe,src-a7975231c3edd67c,construction_inspections
tpa-f14d89bfd73483,src-40bf47dd29de2a50,construction_inspections
tpa-e16dc8db40500c,src-ff1e43a210a33cb6,construction_inspections
tpa-acc6124713fa4e,src-3b758c91124b15b1,construction_inspections
tpa-cb759058dc0774,src-4bbf0493aa67b702,construction_inspections
tpa-5fb27fafe46619,src-68ada30f91a2b21f,construction_inspections
tpa-b5952e2c44cb78,src-4ffab3c3d4202cbc,construction_inspections
tpa-337accef7f7fc4,src-50b06914a041f0ad,construction_inspections
tpa-337accef7f7fc4,src-fa05511205ca1484,construction_inspections
tpa-49ffa87e2484f3,src-4746752b302ed7ac,construction_inspections
tpa-49ffa87e2484f3,src-0a1f76815167aff0,construction_inspections
tpa-0579a8618f29d7,src-a6a78f9f53cdeb4f,construction_inspections
tpa-0579a8618f29d7,src-e25cbf525c290738,construction_inspections
tpa-212f90fc7076c8,src-7817a4019e409bcf,construction_inspections
tpa-212f90fc7076c8,src-50995283333461af,construction_inspections
tpa-95da2022b37ef6,src-901ee1cb1ad00aea,construction_inspections
tpa-e4eaa0c4f1d952,src-9e9f3e19ad5a58be,construction_inspections
tpa-95da2022b37ef6,src-ca9a4733bb1a4795,construction_inspections
tpa-fd8572682df12d,src-796cf9b622fc804c,construction_inspections
tpa-8e6596c40db0da,src-38f7461a77a28203,construction_inspections
tpa-68324d5abf90a2,src-e138925524b084e5,construction_inspections
tpa-5e005fc41286f0,src-b59ce46715f30bbe,construction_inspections
tpa-e759d27268346c,src-850a52d662f854d4,construction_inspections
tpa-0b33f5aeb24483,src-5fa2b80e193d6eee,construction_inspections
tpa-5f612bfff32912,src-b1cc462e84774c3f,construction_inspections
tpa-fd1eb71a2f277d,src-4140822df5f11306,construction_inspections
tpa-61fb38293c0116,src-b1bb1579b25aac3b,construction_inspections
tpa-553ba48b3c0a69,src-41a6946d761ff0c3,construction_inspections
tpa-dd267489ef2eec,src-b208e93610fc6a9a,construction_inspections
tpa-5a91f9508277d0,src-473afc2be6086bac,construction_inspections
tpa-8cd9d2f19711fc,src-4db322dc7871af05,construction_inspections
tpa-75f9ef4dfa87e2,src-8996cad497f6b85f,construction_inspections
tpa-a4e593c6f98d80,src-b600342e5b1cba92,construction_inspections
tpa-70c391cf5ff2da,src-63f92247eeb5d7db,construction_inspections
tpa-d48b1567f3ccc1,src-3c7ee1af2e6188a4,construction_inspections
tpa-a780961c696943,src-02eb01e1fc3e1262,construction_inspections
tpa-b8a3e82b618294,src-ac214208f632e43c,construction_inspections
tpa-205848b16b91e4,src-4c9b813ff67d490e,construction_inspections
tpa-28a6c4137ac0e6,src-e4e66c19bc9959a3,construction_inspections
tpa-1d4f8428b874f4,src-a804bd2c1957f624,construction_inspections
tpa-e7ca12a9625957,src-ac1c0a22aaed6ab5,construction_inspections
tpa-e7ca12a9625957,src-409c40cef8017414,construction_inspections
tpa-9c21ea3cc28b76,src-591e93033ef516d7,construction_inspections
tpa-9c21ea3cc28b76,src-02f5b87fc8ffbbab,construction_inspections
tpa-05e4ee62c298db,src-6dba9922c5839460,construction_inspections
tpa-45abbe416a38a8,src-9344777474fa19ae,construction_inspections
tpa-c8635c93b6ad3f,src-aa6aac9206a97964,construction_inspections
tpa-9bbc21623318a7,src-579a96c578f63ecc,construction_inspections
tpa-3a19cc9655f43c,src-19c61ef32bd723a1,construction_inspections
tpa-2c0e273a62f467,src-4645cd5ce099749f,construction_inspections
tpa-5f28050f927cc8,src-4033d81e617d4f6e,construction_inspections
tpa-41238681b24c3a,src-6e5c6e34c8b335f4,construction_inspections
tpa-ff08258c3a1992,src-15dd2845528b9a93,construction_inspections
tpa-09bb8e982a2284,src-e3c890cbb6d6fe91,construction_inspections
tpa-4674e219be2dee,src-205de24563b62aae,construction_inspections
tpa-792f836fe05697,src-d3390229676636b7,construction_inspections
tpa-3ec79fabab4cbb,src-8530906d682b4fb0,construction_inspections
tpa-edad4e99d5d2ec,src-2bde7966398ce506,construction_inspections
tpa-555da654a16a63,src-4c5d74d1d1fc3cba,construction_inspections
tpa-dcea348c83d11d,src-1a18532ca369d5ee,construction_inspections
tpa-a991abf7a16711,src-0c9f839fac492275,construction_inspections
tpa-31c25730cd0704,src-347d5d507bd89e0e,construction_inspections
tpa-e1063ad5191fac,src-73a9e2a140a20631,construction_inspections
tpa-e0bb0c70a63d0f,src-c7bb2616151f14d8,construction_inspections
tpa-4a20733feee759,src-872f4ca97dd920f9,construction_inspections
tpa-2db7fb2eea1516,src-99b6198e9e2bd799,construction_inspections
tpa-0433a4fc97b4f8,src-1fe0376d3aae7a32,construction_inspections
tpa-dc1fb87492a018,src-1815026c7a3f63ae,construction_inspections
tpa-2686cbdc05fc88,src-94fa85d20b71c12c,construction_inspections
tpa-36ad6041610976,src-7451a93ccbe22933,construction_inspections
tpa-eeaf5c329d41df,src-6c08020c5c259dd0,construction_inspections
tpa-f75ff8f74a0147,src-7350036b4c61e509,construction_inspections
tpa-07386210c1aec3,src-77d96551ad72da16,construction_inspections
tpa-33e82b0821cee9,src-2d610db431db4a2b,construction_inspections
tpa-84bef5cc79d71f,src-73c7f06f16adb9e0,construction_inspections
tpa-1a66c9793d8f29,src-adedf680200fb8d1,construction_inspections
tpa-8de010d2e2653d,src-6932184b1941e975,construction_inspections
tpa-7c817e4de147b7,src-143d68e8d7344bfe,construction_inspections
tpa-4a1872cabd5b40,src-d2a983f0a1589a69,construction_inspections
tpa-ed0c33231eba56,src-b75b49a69d4f32bb,construction_inspections
tpa-bca446a827024a,src-b6bc1d8f730eeeeb,construction_inspections
tpa-57f3a6db1c674f,src-a099f0cfb002a228,construction_inspections
tpa-94b8d8e526d617,src-1675f68ce04e3d79,construction_inspections
tpa-f580fde975c97d,src-916b4538140247db,construction_inspections
tpa-0296081f293823,src-dacbf2ec1c81855b,construction_inspections
tpa-4e54d20537af5d,src-c63779b2df170397,construction_inspections
tpa-dda930a5a7507d,src-a48ca818554e68ed,construction_inspections
tpa-f75d1b96128237,src-98b33d0c2667a1ff,construction_inspections
tpa-c0840dcddf84f5,src-d30906e099244d68,construction_inspections
tpa-6ce45f881f1a0a,src-6c6cb9e6f062d744,construction_inspections
tpa-c45e95d0d0bb78,src-b415b21378130c0a,construction_inspections
tpa-dbb325a1b4622b,src-32287de2f20245ec,construction_inspections
tpa-0d3837c4e9d315,src-7020df22387275ec,construction_inspections
tpa-bb9f17ba7450b0,src-c68919c29f315703,construction_inspections
tpa-08a1c12a9f9038,src-26c6609090553318,construction_inspections
tpa-b10575f6418799,src-85a8b49138897000,construction_inspections
tpa-639c5de6136528,src-bd34795e90982336,construction_inspections
tpa-5da8c7f504a7c2,src-b8e49d6989801084,construction_inspections
tpa-3f6ded89aebfa3,src-64d04b4a7481c181,construction_inspections
tpa-4d566dea5d9045,src-78d32ee0b058e3ed,construction_inspections
tpa-e2adf912f6714e,src-b6a14483d8266903,construction_inspections
tpa-15de663c1b00e5,src-b2153300a1a6d0f1,construction_inspections
tpa-f14d89bfd73483,src-87c8309710421f54,construction_inspections
tpa-e58fa376d604d2,src-93a9fbffad9e4147,construction_inspections
tpa-0b561fe775208d,src-28fcea7f6b304d13,construction_inspections
tpa-b7618df7784dd1,src-dabb6e47fbe35531,construction_inspections
tpa-e29a8fc6b61a97,src-de08b194c86c3a76,construction_inspections
tpa-00a7e626430c84,src-a63a7ed8d2afa250,construction_inspections
tpa-459e76a973db5e,src-0b535ac2cf83ea50,construction_inspections
tpa-9d2f95fd2f3ed6,src-1ae6f8d3a210347d,construction_inspections
tpa-0484a3f2f67485,src-1e0827c2a4464912,construction_inspections
tpa-f5fd786cb76d10,src-94495e41d1bfa169,construction_inspections
tpa-11c59ecbb0efbd,src-8a4a86c3a2067f65,construction_inspections
tpa-35547515486407,src-26e029c46f239d56,construction_inspections
tpa-537a913bea2148,src-7a435ae821183c80,construction_inspections
tpa-960d867d39fccc,src-f64c0ba6b4bfa34d,construction_inspections
tpa-4561af57fa6795,src-a936f6c4e7ce1fa2,construction_inspections
tpa-ff99615f4862d7,src-5b1e5f7d85f121ed,construction_inspections
tpa-8c395af53bd263,src-1cff3b6e0c2a2cf7,construction_inspections
tpa-012492e5f9c407,src-4cf5e202a7a0157d,construction_inspections
tpa-b6769e5b324814,src-067c7aa080b8e6f2,construction_inspections
tpa-a732a51d6cdf33,src-81e723044d3cf106,construction_inspections
tpa-0761363b501642,src-879f8b4a8518eb19,construction_inspections
tpa-c15b0aac43abb4,src-11e489251a1888cf,construction_inspections
tpa-c13c4f9b3cebf4,src-bd49d270c9a5e7f0,construction_inspections
tpa-d4705eb36b3f41,src-05c54dcde546ecf8,construction_inspections
tpa-15c61cbc9efd5d,src-023800f7c3b7b980,construction_inspections
tpa-76e76db499fe64,src-3a561e4f1d984538,construction_inspections
tpa-7a2825941991ae,src-634591d8d3f9b9a4,construction_inspections
tpa-c71a9442c37bb6,src-b08b20d6a7573c5d,construction_inspections
tpa-d17365c1d520df,src-153c1dfdee98584d,construction_inspections
tpa-1c600b6c876651,src-c799596108369aa6,construction_inspections
tpa-e88095da4f1f74,src-704be52fad19e714,construction_inspections
tpa-6f28800e7c31f9,src-53a2f4b5d96b53d3,construction_inspections
tpa-5b4b9b4bd2e2bb,src-3da1c6497b4a9257,construction_inspections
tpa-4de4134a4e5d7c,src-97b94d4a44caf80f,construction_inspections
tpa-489a3571d22c4c,src-4e1ebe063915e9aa,construction_inspections
tpa-aa7f5b97813818,src-643094f6c6e65d39,construction_inspections
tpa-8fbe2bf04c79ec,src-6d30cc12d843cc1f,construction_inspections
tpa-b009cc2227a7f2,src-f372bfbe4010bef4,construction_inspections
tpa-33a93f3d1d359a,src-7ba77f98700d3acd,construction_inspections
tpa-9b7dc01500efb5,src-1ed383044cf67045,construction_inspections
tpa-330f0b3c19fb4a,src-3bdca3ab924b3f52,construction_inspections
tpa-98837d4f727053,src-557caab0e5d50cef,construction_inspections
tpa-fd69e659ddc472,src-5c4c383b755e0d38,construction_inspections
tpa-e66cf33c70af0c,src-0bf8dee07e37b9cd,construction_inspections
tpa-ba4a949c34007a,src-4d56772868039d9d,construction_inspections
tpa-fc10850fa9d67e,src-0b9b38027d3939a0,construction_inspections
tpa-5874017ed8f373,src-e2f8436a281a8428,construction_inspections
tpa-6f776854995f1a,src-f9a03d671dd44b16,construction_inspections
tpa-8afd6bf531261b,src-9b5c71e35cc0df36,construction_inspections
tpa-8323d4dff59e40,src-450e406ff88ba3a6,construction_inspections
tpa-3ae1044fe73b15,src-78838c9283f42c10,construction_inspections
tpa-a5b9a3d0528238,src-1dc54094c7573aa9,construction_inspections
tpa-ab4846a000e56e,src-114448de23e0a8d2,construction_inspections
tpa-d7a4366e296bce,src-551ecde0208c19dd,construction_inspections
tpa-94ed3dffc9f19d,src-42a93cc79f8894fe,construction_inspections
tpa-545e88d2745544,src-894d67452bf13d25,construction_inspections
tpa-da9744392fb90e,src-19ee171fca369b70,construction_inspections
tpa-89ada9e6efd173,src-2c7c182ec602ff99,construction_inspections
tpa-4f2649f98ec799,src-da3a5ba692c45bc2,construction_inspections
tpa-693cff87d0a699,src-9bd4a7ae22a71853,construction_inspections
tpa-b086eca67a5628,src-c9701d1e9f0738fa,construction_inspections
tpa-64ee1c9d095c00,src-7f6e3f5902776a5d,construction_inspections
tpa-97327cdaea3153,src-63aae46400d45522,construction_inspections
tpa-61f331bfe693bc,src-652e1242392e999f,construction_inspections
tpa-52e7814c3f36f7,src-324b25dbadae2a71,construction_inspections
tpa-2a0ee014f79945,src-bc8030b15061d21f,construction_inspections
tpa-eff0c2265e1bdd,src-8b78c50395afe4bb,construction_inspections
tpa-6a5fa4e799182c,src-fec5b1fcb2ba9775,construction_inspections
tpa-9891ebe018edb3,src-f251065b1d966524,construction_inspections
tpa-fd097511c43aaa,src-2b12a713431765e6,construction_inspections
tpa-0bfece608c27b5,src-214ead76fad8ce17,construction_inspections
tpa-70220439284dac,src-87b8f1229c448326,construction_inspections
tpa-4a4ebb4ad2bcd7,src-fccd0e1505f215b3,construction_inspections
tpa-6b639b93cbe08b,src-dc43df5c545797bb,construction_inspections
tpa-8491a3f3e7b57a,src-855582d407dafb1c,construction_inspections
tpa-47caab8a1599c7,src-e0f912a60c66d1aa,construction_inspections
tpa-623087de4f900c,src-6be1b1f6c061b779,construction_inspections
tpa-ec61187e51f3b0,src-9f3bb388b9f5515a,construction_inspections
tpa-5200b32795a081,src-dc0f17f6bd4c4356,construction_inspections
tpa-cc017e7436b886,src-572b1a8a90a0aca4,construction_inspections
tpa-79708bcba2f64f,src-705e2869f179fbd0,construction_inspections
tpa-b967556819f971,src-57e5d008f46208a7,construction_inspections
tpa-37149a0be5304f,src-1b8ec74016f360e6,construction_inspections
tpa-42375040c9d32c,src-58f0ff994160ccb1,construction_inspections
tpa-bbe4a16043acb4,src-144d57f24a408b00,construction_inspections
tpa-5f66445dd45e73,src-4a75230b91ef48a3,construction_inspections
tpa-bb7f59f71ea4fa,src-866c2dfed3b5c3dc,construction_inspections
tpa-49869351fbf811,src-80590add8401d2aa,construction_inspections
tpa-c1448e35513fa6,src-6fb10d94796654dd,construction_inspections
tpa-1be5dd248ac123,src-5f7ee2c711004520,construction_inspections
tpa-250a8f5faf6051,src-150e7b2539f3ff5b,construction_inspections
tpa-3e8b390057d2ec,src-b90dd99513d028fa,construction_inspections
tpa-eb5fbd67f333da,src-b6b58198e3fd8522,construction_inspections
tpa-bf357a528a9806,src-2f1ac81ede042e06,construction_inspections
tpa-d06f00ff62362f,src-5c345c79e5be415f,construction_inspections
tpa-dd3cf936bf926e,src-04451d357c631d62,construction_inspections
tpa-e34deddfa426c9,src-b0e672a6d01af475,construction_inspections
tpa-a8e0446a4803d4,src-59fd1353bddcc4f3,construction_inspections
tpa-ea6228edeccc2f,src-a8c7bb82eecee550,construction_inspections
tpa-7468954a8296b7,src-cc407be106d038f1,construction_inspections
tpa-15de663c1b00e5,src-78d999d0d4749911,construction_inspections
tpa-5dca8ea39d3e2b,src-d5b59df7239dd074,construction_inspections
tpa-caead8f00074bd,src-effb25037480a5ec,construction_inspections
tpa-96f98dc5109eb1,src-8d9b4f82b7936257,construction_inspections
tpa-5c523f6238bc73,src-28ef4b741d2ac415,construction_inspections
tpa-519c3ccd82f732,src-ed494c93c856f453,construction_inspections
tpa-b2f916fe77020c,src-4f1755949243093d,construction_inspections
tpa-ca56393b21c66d,src-1037a6e0865e6617,construction_inspections
tpa-20e011419fa111,src-74f58ddb5e23a5a9,construction_inspections
tpa-549f7009eded34,src-94614d394732b65d,construction_inspections
tpa-84e6c896ce32e4,src-c0968453d5c6d4ed,construction_inspections
tpa-377d56d82eb830,src-49fbe0b33464da53,construction_inspections
tpa-e4a0191800f6ed,src-c32fb222cb351aba,construction_inspections
tpa-e4a0191800f6ed,src-74298ce64f3949bc,construction_inspections
tpa-e4a0191800f6ed,src-7e013db70855d4f8,construction_inspections
tpa-e4a0191800f6ed,src-f743c8381877d579,construction_inspections
tpa-456f95aeba5e54,src-d7c62aee48ad733a,construction_inspections
tpa-6f7604c3ade11e,src-c87c0fd76f6bd74f,construction_inspections
tpa-be679f4d82c977,src-0372728615562400,construction_inspections
tpa-13b45f314bd0a9,src-c99167fd8a923b45,construction_inspections
tpa-76f2148448f94b,src-3fda122605d998c1,construction_inspections
tpa-84354957166284,src-1f3f7067eddbb541,construction_inspections
tpa-384ce7d81f57b9,src-f5d2931d4870ede1,construction_inspections
tpa-682d61069572b6,src-25eec61c77eb89b6,construction_inspections
tpa-9533642f801cb7,src-d89a510e2d770f14,construction_inspections
tpa-3fb9aceaef8ccf,src-db9d5d9adcce233b,construction_inspections
tpa-1559cc9b6f20eb,src-ff7de9a9d9815903,construction_inspections
tpa-42acf09b565f0e,src-bdbb82a605eda6c0,construction_inspections
tpa-b5ab66e1b12fd5,src-7497f31d239d6d4b,construction_inspections
tpa-0c5691140d7e23,src-dbe8ecae1e20ed25,construction_inspections
tpa-90dcf3f8596a11,src-fe41eb95f08b135d,construction_inspections
tpa-3b09a6b592768f,src-2201400c54c43e9c,construction_inspections
tpa-e4c392e2b6ec05,src-482678b5caa59d4a,construction_inspections
tpa-9bc96031421142,src-6bcda53cd0e1ffa8,construction_inspections
tpa-14f8dade2e093c,src-3dc1d0814f7a2c33,construction_inspections
tpa-c7fcdb0613f164,src-a803adb603d0579f,construction_inspections
tpa-797255aec523dc,src-550d2a5eeb0ffdab,construction_inspections
tpa-dfac8edadac61f,src-aa3d3908dee15586,construction_inspections
tpa-f9ac160343ca9a,src-facc390e490c8264,construction_inspections
tpa-f9ac160343ca9a,src-ad140bf1371adc53,construction_inspections
tpa-f9ac160343ca9a,src-bf988a1c48dc7317,construction_inspections
tpa-4d808296c5f713,src-e8c54d28f7b03f51,construction_inspections
tpa-42654d99cdb767,src-29c5c883404fe4be,construction_inspections
tpa-4981ad9dd77cdd,src-908750d097e3c5a0,construction_inspections
tpa-21de62a5b19907,src-8c4d374fb681bbc0,construction_inspections
tpa-df5d6fec6dcd3b,src-59028f7fbd7a74f8,construction_inspections
tpa-39cf405d63453e,src-abac1a4ca93e6c2f,construction_inspections
tpa-200f88039821a7,src-4aca39d8980e9f3d,construction_inspections
tpa-4d9b2a00b87ac3,src-1f18bfa85473fc04,construction_inspections
tpa-b08a478defb682,src-df68f10ccfc356b3,construction_inspections
tpa-fce7b6eddc250f,src-b9484092b7e3b6d6,construction_inspections
tpa-f6ffee0a6a6506,src-338647f8ffa1d8e4,construction_inspections
tpa-b6f067fa26da50,src-039ffe362bf8f5e1,construction_inspections
tpa-b4455e8216c949,src-26195f0a64f13b17,construction_inspections
tpa-4af80674f09233,src-161a1d502801454c,construction_inspections
tpa-4c0bb7c9c0dad5,src-24b1a8705b150e7f,construction_inspections
tpa-6bcec22204aad4,src-27f7813c1b120185,construction_inspections
tpa-0a5854f4f1bd36,src-7a2e6f70b93f96c8,construction_inspections
tpa-bbeb352a95137f,src-24b62d728fbc27f5,construction_inspections
tpa-596a9ffef97855,src-ed58c754ebebc0db,construction_inspections
tpa-c8ce63338a858d,src-fd45675bb3db5eed,construction_inspections
tpa-929536658247fb,src-d84731ea2dc0a48f,construction_inspections
tpa-fd3b3d3c6a1a7e,src-f1fb36cb0c25418d,construction_inspections
tpa-ccec604738d790,src-807b867f6cb3ee85,construction_inspections
tpa-25c659d0704360,src-4eabf154c7735db8,construction_inspections
tpa-e84b6bc408e2dc,src-a50cfdfc21758cec,construction_inspections
tpa-a054ddedfc6133,src-605753dd19450b44,construction_inspections
tpa-82e845fbb36077,src-d322677fcc59f2e2,construction_inspections
tpa-3981118ce52fa9,src-04d7a425a0ef41a5,construction_inspections
tpa-c40f286f0c08fb,src-b4672065c8772d99,construction_inspections
tpa-a0af89e338e21e,src-63673d8fa9dc633d,construction_inspections
tpa-d37b3c695504bc,src-458f97a0f984b13b,construction_inspections
tpa-fd6ed3e7076aae,src-6d136ec77533916b,construction_inspections
tpa-7df07e8a7d644b,src-4468644a5400f8c4,construction_inspections
tpa-9b8195c0d91c90,src-ceea38e9777719d9,construction_inspections
tpa-74889adc5280a6,src-fb6f5754bd2cddf4,construction_inspections
tpa-6723a5f629fa2e,src-b187e28f6a9506fb,construction_inspections
tpa-e3fb4cd5fbd6f3,src-8e19d815e7e9cf05,construction_inspections
tpa-395bd41f6aa687,src-11dc89ac8fe4a20a,construction_inspections
tpa-d50e0e77c40a12,src-4be19a20bb0d1593,construction_inspections
tpa-ef442609ca9471,src-5e8745f305ea6b0c,construction_inspections
tpa-9e73691c086e16,src-c0a8df94e727346e,construction_inspections
tpa-981d88bf82a361,src-ab609eb4c40da90d,construction_inspections
tpa-c6ff73c90bc206,src-23d6b1d1943d423c,construction_inspections
tpa-0294796bd57629,src-da482f71c9584e6e,construction_inspections
tpa-45c786533d4e8e,src-8b43223c069057fd,construction_inspections
tpa-bcccaa76a25d2e,src-34b901337fe19d61,construction_inspections
tpa-78983f3f2f8f4f,src-e4aa04668e92e79f,construction_inspections
tpa-2413a2fdfa0c05,src-635e0d79645937d7,construction_inspections
tpa-7ba6199bd6ceb8,src-c0d2abd191384421,construction_inspections
tpa-f140a64e823f21,src-7903cdb29af69eed,construction_inspections
tpa-9bb3ad7f052c09,src-d24e0beea572acad,construction_inspections
tpa-734c94808ef63c,src-692c745768235cb1,construction_inspections
tpa-921bc3f83ea22a,src-59995f4d641657ff,construction_inspections
tpa-cc1f368e66a843,src-fbdc851da821a300,construction_inspections
tpa-e0b3ae784949d2,src-2bc82a802adc7c5c,construction_inspections
tpa-a62da72980b2e9,src-2ff24c1ea3315169,construction_inspections
tpa-dc99a8743a616f,src-87eedc264228d62c,construction_inspections
tpa-ff9192642e74db,src-b260c8da01c910ea,construction_inspections
tpa-dae5e6ec984f41,src-897625b89fb73f8f,construction_inspections
tpa-449884b54b0d1b,src-700a4423e52fcc98,construction_inspections
tpa-ab63fbcfaa71f0,src-79a4bb881938475d,construction_inspections
tpa-dba5a1180e73b0,src-f3623ac49dbe8a4e,construction_inspections
tpa-8624d7ab20bd7f,src-bb1d8713350c59fc,construction_inspections
tpa-4c877d1b40de87,src-2f4d581ecc96e864,construction_inspections
tpa-51c019c31dc33a,src-da8ebd916016458f,construction_inspections
tpa-2b4a16aeec51d1,src-6b81e2a9996aeb39,construction_inspections
tpa-0450dd20cf6850,src-79a515be97573e09,construction_inspections
tpa-a35a4a75fd4820,src-fa25d2452880e64a,construction_inspections
tpa-8486392cf72c14,src-bfa53092e568a28c,construction_inspections
tpa-dbb4bb147cac17,src-83360b3399584d8a,construction_inspections
tpa-8e37b8fb17cee8,src-25b724b4b6ddef95,construction_inspections
tpa-e17c429b0dcdd1,src-ea8bdc46d973e78d,construction_inspections
tpa-4c894bd2f47551,src-11d20228b6d207b7,construction_inspections
tpa-bd93048ff170ca,src-ca5f3bd984c5532d,construction_inspections
tpa-1fb0e222223379,src-2a7712c407665f3b,construction_inspections
tpa-a0fd98dcd200b9,src-70946c663eb9485d,construction_inspections
tpa-a915550621a48e,src-50dec7bd128ca0d9,construction_inspections
tpa-cd4ed69c378986,src-db950abb21f7260c,construction_inspections
tpa-1f86c25b8416e4,src-1c701d896226ae7c,construction_inspections
tpa-fe08173c20acbb,src-cd71371079588ef6,construction_inspections
tpa-b0975ce69e922f,src-c1fcd95b156999ff,construction_inspections
tpa-3172f6af3f5aaf,src-05cb41351bf8b7dd,construction_inspections
tpa-9102767033089d,src-7fd9175632a05a51,construction_inspections
tpa-b98f1cadf39fa3,src-74adcf377e76ec38,construction_inspections
tpa-ca5fb9eae9e92a,src-5c0efc29e2cc5f5d,construction_inspections
tpa-a357330cddd2cf,src-1310153a816f6fd9,construction_inspections
tpa-a357330cddd2cf,src-ca2cf1d03415affa,construction_inspections
tpa-a357330cddd2cf,src-8d8a552d8cd69ca9,construction_inspections
tpa-29d52b9c52c469,src-02b856cb71c9f187,construction_inspections
tpa-e4c41bba786194,src-4ab365a8808d2c63,construction_inspections
tpa-cebd3559685244,src-f3578221c46c4baa,construction_inspections
tpa-0fae9d7ce1f9b7,src-6d8965878d6f1929,construction_inspections
tpa-681d715be6a727,src-998c05dfe5ccea88,construction_inspections
tpa-e03d108007dce2,src-fe715bc5702592dc,construction_inspections
tpa-0b95456530c0c4,src-c22688c5486ec029,construction_inspections
tpa-5b187d3897f265,src-19a05406c44b405b,construction_inspections
tpa-22fe8aabe978fd,src-496943c104c9e7cd,construction_inspections
tpa-804f34459c54c6,src-67d8f58dcd6968d3,construction_inspections
tpa-8b6f4b81492e85,src-aeae52a9be834823,construction_inspections
tpa-8a8e962a1daa98,src-d2669361daf21ffc,construction_inspections
tpa-c768fb60f5036e,src-e854d295068d5afc,construction_inspections
tpa-0aa06558cc9e31,src-6bd5b83e3c8ad8ba,construction_inspections
tpa-df11dfc02a569c,src-ab0309e9226c9d8a,construction_inspections
tpa-a814d8386a6d65,src-5ded65ada56c4b5f,construction_inspections
tpa-a7aefa8e7ae081,src-8bdc52b9c6141dc6,construction_inspections
tpa-8c1b5d5e2cc99a,src-d4d72b884c14b919,construction_inspections
tpa-05f205cb65f2de,src-935d567e7faad7a9,construction_inspections
tpa-7bdbda744b30dc,src-c4848466053bf05a,construction_inspections
tpa-4a4aa591095e1f,src-1af08726f372ed12,construction_inspections
tpa-ecb7059fa8c6c1,src-4b5e4a9a8ca3e6c2,construction_inspections
tpa-915ffeffc22ea4,src-97e8294d63cdb9e4,construction_inspections
tpa-b6572cd1026062,src-890375bbec344cb0,construction_inspections
tpa-48339492a1e773,src-c226105bde3dd867,construction_inspections
tpa-917a47de21c4dd,src-ef1a7572e69540fc,construction_inspections
tpa-598777ab8fd398,src-9c68321bc065ba52,construction_inspections
tpa-148d512efa4aa6,src-9120295c9722b3ff,construction_inspections
tpa-a274b729092503,src-81e74a1e67643e4e,construction_inspections
tpa-a2578f30661100,src-f1da26fdb57e45d6,construction_inspections
tpa-07fc3bce927521,src-32d6f67860b444cb,construction_inspections
tpa-38ef233a1cd67a,src-f1ff2439276b19c9,construction_inspections
tpa-d979b0b3deb62c,src-769806e2c6db5c8d,construction_inspections
tpa-6006fbde5fcfa5,src-2981681d46c2ef9f,construction_inspections
tpa-8e634612440da4,src-c22f27470e6d3ddf,construction_inspections
tpa-64266a81fee3eb,src-a205ddc75507797e,construction_inspections
tpa-289372fe5e05b6,src-8e2faa87814840c1,construction_inspections
tpa-387f2d25ccfcdd,src-297337de4ce49e6d,construction_inspections
tpa-20e413efeac85d,src-43b34b9bee886e16,construction_inspections
tpa-2251d39992ec88,src-f082c2e9cc8e5285,construction_inspections
tpa-a433226de95b70,src-e96e81750189b8b7,construction_inspections
tpa-459c678f1d03c1,src-faa276a5969434ef,construction_inspections
tpa-39194aa7fd8bf9,src-80c6a27e4beaca27,construction_inspections
tpa-a53b6f11d8fcf7,src-7b95f17b2ad91ce5,construction_inspections
tpa-af7594b07ae078,src-9002981a2abf049c,construction_inspections
tpa-eac5fab11d0e6f,src-ed0a2404b66ef866,construction_inspections
tpa-f0d0f0c06f4c21,src-091cba12e7b4bc55,construction_inspections
tpa-2ca71231c10586,src-68fbacae0824a3ac,construction_inspections
tpa-7370eaa2508bad,src-656f28d4f9ac5dfc,construction_inspections
tpa-1c5117a4fcc7cb,src-0ceaa7311b74d38c,construction_inspections
tpa-8fc1fae6d1d69f,src-098e11de732fedee,construction_inspections
tpa-789b91adea9fd8,src-0f6ec6258fdac6dd,construction_inspections
tpa-32c1befb626c58,src-0ec76fb39b5fef40,construction_inspections
tpa-314285770b705a,src-61cb35909e38a8ec,construction_inspections
tpa-8266d9c415cfcd,src-26ed91c317a178d3,construction_inspections
tpa-9cd28142a195a2,src-34cedcd967b56a4e,construction_inspections
tpa-9fa3b10a3951b8,src-75814e6d4e9b0da2,construction_inspections
tpa-0e9c1f282c3a71,src-f0d0d609bd7d160b,construction_inspections
tpa-404daf38667593,src-c8b371e71074030e,construction_inspections
tpa-404daf38667593,src-61e726819e7f0e2e,construction_inspections
tpa-85e7a13442f413,src-688dd4b752d3d8fa,construction_inspections
tpa-3506efd9a7eea3,src-84173584c2fc824c,construction_inspections
tpa-46c6713638fb90,src-8f755e225d9dd707,construction_inspections
tpa-a26828f294e5ed,src-3ed274b536d94ece,construction_inspections
tpa-24845ca4544447,src-cb38bd0f4621de25,construction_inspections
tpa-d5dfd5cd2cff1b,src-0b2f45cc61e02354,construction_inspections
tpa-30b412a70a928f,src-47fc285d430af0fc,construction_inspections
tpa-961d26a8666f87,src-e95af86991902a59,construction_inspections
tpa-a774dc555eb167,src-c46c3221e2ab321c,construction_inspections
tpa-fc7eb5bc85a757,src-78abeb5fb21e55a8,construction_inspections
tpa-d1615793b23de1,src-6e021d8c795d9707,construction_inspections
tpa-2bba60a73e4e0f,src-41f7ba0568a8b75b,construction_inspections
tpa-fc0ffdadb41b17,src-27fbdac376e5d0cd,construction_inspections
tpa-e224e900af0bda,src-efdfe4ce8ad04d5e,construction_inspections
tpa-b1f512a0f493bf,src-ff325c49900e7144,construction_inspections
tpa-2d2d42341a6d4c,src-8eb781102a97b177,construction_inspections
tpa-afeaa816c824b8,src-761e38b8c4bbaf8d,construction_inspections
tpa-4d413d6be3cbf7,src-153da3c1ce41e75f,construction_inspections
tpa-11d0e4b61a3fe9,src-81c9679fc6c7e3f2,construction_inspections
tpa-b077b0eb4af3e4,src-6e59cf8a996f9304,construction_inspections
tpa-80d80dd0c9f245,src-b20336c7306c2c92,construction_inspections
tpa-9eca638e801c8e,src-12d6fa73d3e9a465,construction_inspections
tpa-2c1eb6e3ef74ae,src-c43762a29ec43b3e,construction_inspections
tpa-a0fcc329f98664,src-3e3d17442556d4c2,construction_inspections
tpa-042ee19508aab7,src-305b5a268f5a66d9,construction_inspections
tpa-042ee19508aab7,src-6b67df3f2ae0b64c,construction_inspections
tpa-9b1d64a7e3328d,src-09c443667e8f04e1,construction_inspections
tpa-8f2328ada33925,src-d8c9e0b6543ac779,construction_inspections
tpa-828222b429465b,src-1841ee0ef6c6928e,construction_inspections
tpa-4b8f4954bc718f,src-452e351af2047d1c,construction_inspections
tpa-b2287f3bd9d6af,src-2744c39a4f2898db,construction_inspections
tpa-f3be3a5129f0d3,src-b19d03fbd67a4aae,construction_inspections
tpa-7a273fea616d54,src-20068840e96d37a9,construction_inspections
tpa-8fdcfcb4def962,src-f3486c63fc545f00,construction_inspections
tpa-4cf88b2ceaec69,src-8fa1ff4a12577f2a,construction_inspections
tpa-54ff524ddc9eed,src-4472ac7da1079496,construction_inspections
tpa-b5b807c6be22c4,src-4203ce87e34d1fc4,construction_inspections
tpa-22e1c5704487c3,src-bf10218e3dc84a50,construction_inspections
tpa-0a90fc82c7f60e,src-e96f60417158bd2a,construction_inspections
tpa-165c0bd016a8bb,src-2ccbb06ebd52c42e,construction_inspections
tpa-4f3dcd6e08c20e,src-6284fe0fd24ec7b4,construction_inspections
tpa-77a8e6dabe4b2c,src-03c5ba73e3874cb9,construction_inspections
tpa-6497136056f0e4,src-16059814c781a219,construction_inspections
tpa-7bb3d894efb20d,src-4d62ccc33ba017db,construction_inspections
tpa-87df2fc6824f82,src-1877a77d82a1a5a8,construction_inspections
tpa-87df2fc6824f82,src-b128e4d600f6b0a8,construction_inspections
tpa-f99894e5d0eede,src-8946d4b11c7c2f7b,construction_inspections
tpa-192af2d6a35eb7,src-016f2b910ee0984f,construction_inspections
tpa-b78675a8ea9248,src-1402bbf3c4121d97,construction_inspections
tpa-d84cfd32cc500c,src-1be7464647a2b36d,construction_inspections
tpa-ef85934bdad44b,src-4e7b6cc567801914,construction_inspections
tpa-82fb7e12470bc6,src-d09fb1d6864e4843,construction_inspections
tpa-547aaa9b2aa0e8,src-c5a38e4b19e12623,construction_inspections
tpa-f8e7a8ea616fe4,src-f820a889f8d3d2e9,construction_inspections
tpa-dda2d4f1190680,src-df8a394abc691bcc,construction_inspections
tpa-37874cdc7a0bbb,src-bd51c51809296ac9,construction_inspections
tpa-59276e63a76570,src-5ce1a4fab72a9aea,construction_inspections
tpa-f19d29bac141b4,src-c184fbbf0ced1d56,construction_inspections
tpa-ded55eea87038c,src-f34554825e12a559,construction_inspections
tpa-66df230373aa8a,src-e01ad26a0f2b200c,construction_inspections
tpa-6cd24b8246e782,src-2e1b66cbee1cacbe,construction_inspections
tpa-3744d63d8bdce5,src-68bbf96f24688284,construction_inspections
tpa-24fa065157d63e,src-11463b8245d91013,construction_inspections
tpa-4da4ed54b23d0b,src-3dc362e4323c3edd,construction_inspections
tpa-605bc42d317d0a,src-aedfc4b29c5df060,construction_inspections
tpa-4770863b3e2e8b,src-f9d80a00878ffb79,construction_inspections
tpa-1a8940b3c32fba,src-2e336fe861087333,construction_inspections
tpa-4890d705ea295a,src-04f5386a97f6d901,construction_inspections
tpa-ae460b764c71b7,src-435faa9edbadd452,construction_inspections
tpa-d1794e000a8940,src-c67924fb09de51f1,construction_inspections
tpa-2b308af3adaa6d,src-c6eaf30797b754cb,construction_inspections
tpa-ec2473fe33243f,src-5eb76f8716a046c5,construction_inspections
tpa-bc47d8fa017922,src-21c92cfdd534d0f4,construction_inspections
tpa-75372df50eac29,src-5cf0922c9cb0fb41,construction_inspections
tpa-4065054208e488,src-0718d5835d06dfef,construction_inspections
tpa-4cb9e1a256a2a5,src-392204ead33c43cf,construction_inspections
tpa-03e9ade1d0ab5e,src-23b63caabb4f2efd,construction_inspections
tpa-1b7e5cf477cb8c,src-c403daca4b52ec11,construction_inspections
tpa-bae748f27e3f13,src-17131c6ffa40b930,construction_inspections
tpa-98c21c2a868b1b,src-088ecb22464bcd26,construction_inspections
tpa-ad783bd8816072,src-a5cd0662ab34d743,construction_inspections
tpa-527e1ea56add16,src-6cbee2c0d8578e98,construction_inspections
tpa-0899f92d0558ac,src-6701951c3d5592b8,construction_inspections
tpa-80702c7a4addc9,src-9b44efb6f9966fb2,construction_inspections
tpa-3939b5e4f9d9e0,src-53d046414db7958a,construction_inspections
tpa-6851ca3e85ad0b,src-121d3826285b3ee5,construction_inspections
tpa-e26d72c53954a7,src-f9545c679a8cb154,construction_inspections
tpa-d1f109849b4e6a,src-ed0aaa658438c73c,construction_inspections
tpa-ad7bdaf0180c52,src-be924cc4b8878983,construction_inspections
tpa-2b19325bc508a3,src-0cbd987008e6efcc,construction_inspections
tpa-ef303d8746687b,src-e4eaf6467d86d9ca,construction_inspections
tpa-d69c1dc2311d17,src-e4ae895feb82e6c4,construction_inspections
tpa-413e1b1967f1f0,src-e755f1552fb91a39,construction_inspections
tpa-ae9fcd3b1b8fe7,src-714d8301f7d62aa1,construction_inspections
tpa-83cff26d57adc6,src-13cef8b79279a704,construction_inspections
tpa-81289c8a409cdd,src-63abd0683cd0e280,construction_inspections
tpa-e2fbd1ce0acb9a,src-e0109e7681d1fa13,construction_inspections
tpa-cdd6830b84bb3c,src-69ec7e8f4e666bb2,construction_inspections
tpa-84e0acc8f1a87c,src-5ae08b7773ad78e5,construction_inspections
tpa-a4d6cbfebc8e8f,src-20c2a5406745dc17,construction_inspections
tpa-6169252284da84,src-9b81ac281361f18f,construction_inspections
tpa-a99395ffc95e0b,src-2279a87007a3ca9f,construction_inspections
tpa-a9df9d91301bfc,src-728ff8169bb00f17,construction_inspections
tpa-99954025dabf54,src-d9c918145ebbed2e,construction_inspections
tpa-ec27835f965a05,src-fd5f6faf1cc086e6,construction_inspections
tpa-e31643da6b5577,src-348a56f34e41cbe9,construction_inspections
tpa-bc2370bb692cdc,src-d377390ca46ac9cb,construction_inspections
tpa-1874bbfaf97b06,src-706c8365f3ccaf6f,construction_inspections
tpa-782dd496108c88,src-99f6183c2ae0f594,construction_inspections
tpa-e579bcb61af14c,src-3e819facd8a56c67,construction_inspections
tpa-81c5dd94d6444f,src-e156c07358706da7,construction_inspections
tpa-5ffbc53edb2189,src-b3293f73b37cc063,construction_inspections
tpa-21f49cc78712bc,src-f5f79a5872590d5d,construction_inspections
tpa-1f34dcb1eeba3f,src-2274fe4b24e4ce8d,construction_inspections
tpa-9aefd1967da263,src-760be2082e307722,construction_inspections
tpa-ded1eecbd583f7,src-7e786acc156b902c,construction_inspections
tpa-f3dc1b30eded75,src-105356c1327f60b5,construction_inspections
tpa-e09f1099df3221,src-a7bc2839e73a610f,construction_inspections
tpa-1c7aeef625421c,src-57e8643463767fbe,construction_inspections
tpa-374e0666a51aa2,src-5c048571ef176088,construction_inspections
tpa-527faf5a646d63,src-8621ce11a64be815,construction_inspections
tpa-04e4e6e2740001,src-f09c68899f103716,construction_inspections
tpa-ed5b81318e2cdd,src-39f52025f949734d,construction_inspections
tpa-dadf2948127d30,src-124d5286a96a2ecd,construction_inspections
tpa-833ba2a7979f1a,src-0d4e834ef8d13e33,construction_inspections
tpa-4c21457de2d944,src-de6f87ec63b680e7,construction_inspections
tpa-6bd9735cd21aa5,src-490d8288d9fca20e,construction_inspections
tpa-6486334dfe8600,src-9983b157731c9970,construction_inspections
tpa-d588224b19d2c8,src-ae959a6e216562a8,construction_inspections
tpa-2942c17492b6a1,src-d959acb7e89289bf,construction_inspections
tpa-b72a6bcb959606,src-5703ea0caa87ef92,construction_inspections
tpa-50ee601e875fa6,src-428a28b7ba018254,construction_inspections
tpa-73555a6fd1afcc,src-8dbca7a23f61bb67,construction_inspections
tpa-7c6c86058d14b8,src-95cbdb0c47f615e9,construction_inspections
tpa-4c5c2ada9a3391,src-b74140fd2f378c08,construction_inspections
tpa-b986c9fe7f9aeb,src-c427b4a78fd7b2ef,construction_inspections
tpa-1644e2c2a739c7,src-be2c3c09dd829675,construction_inspections
tpa-e3a28faabb2702,src-80cc5f1c459001ac,construction_inspections
tpa-d1f6c1949617ca,src-178e7613686d6b1a,construction_inspections
tpa-cbfc2c52ef960f,src-7f4f7464de1c8dd0,construction_inspections
tpa-97687e6d0bb1c9,src-ff391c0bc7ce68da,construction_inspections
tpa-3af6a186e9051b,src-2f9ad5708634ea6b,construction_inspections
tpa-4049a0602e344d,src-2145bad91e59543f,construction_inspections
tpa-49909282d715cb,src-9bd2ed61b7232647,construction_inspections
tpa-864aaf232401e8,src-de64086d0779d005,construction_inspections
tpa-62862e86d3f12c,src-2138751babc4d535,construction_inspections
tpa-32ec774176436e,src-c563d4317e7e41d8,construction_inspections
tpa-cc0714384a05a8,src-63c8bccc10113dae,construction_inspections
tpa-e1612d82a1023b,src-9e0112e8d39fc250,construction_inspections
tpa-c344e08cb412d5,src-7938a1643d410027,construction_inspections
tpa-4356daa42dc241,src-2b5bf911773d9c54,construction_inspections
tpa-fbf5e781c62d27,src-dd5e244ad6d71ae3,construction_inspections
tpa-0b29d8a272673c,src-f5615358c555a549,construction_inspections
tpa-f74e3d36b275bf,src-5ea2aa851093ff5d,construction_inspections
tpa-5d51b71d680f85,src-9ac5fa695d9b5e33,construction_inspections
tpa-3976e867733655,src-a15240ed5dc50fb5,construction_inspections
tpa-54595021582fcd,src-db39cd23f0e2a8ee,construction_inspections
tpa-1d35fe79209ef4,src-1b1d8678606f9800,construction_inspections
tpa-38113668f154c0,src-3bbd2a6309307e0a,construction_inspections
tpa-3d12fedb001d91,src-a1c8febf5c03238e,construction_inspections
tpa-01f332a1aa6908,src-5271a00149801360,construction_inspections
tpa-7398a70681d784,src-9554ee7cefcbbbc1,construction_inspections
tpa-227e0170c29cdf,src-a9890592f276cc8d,construction_inspections
tpa-9a8ec1cfa721e9,src-e84f8598b0f4a883,construction_inspections
tpa-86c7c11c15aa7d,src-e93120070e0851b4,construction_inspections
tpa-c80f3ee83f25dc,src-c8490f661a72320d,construction_inspections
tpa-e3b95482fa6a8e,src-cda617de9e797f51,construction_inspections
tpa-47a7ff4e6e16f4,src-9d39319bfef0dde2,construction_inspections
tpa-9ffce380f424ee,src-214bc75bc11e17ad,construction_inspections
tpa-4337f7104d8fdc,src-bbf83c51cc65c682,construction_inspections
tpa-2ddba7e4045ae6,src-3a83a00b7bb471d4,construction_inspections
tpa-d48724c8c9c6cd,src-a625de5d97508325,construction_inspections
tpa-b1719030b0d422,src-f08a3684c8cccd8c,construction_inspections
tpa-fdef5ed80ba0c4,src-3b92a613c138dc5c,construction_inspections
tpa-efc425519aee8a,src-d4e28894be981811,construction_inspections
tpa-5b5a5c0516328f,src-61e24cc37a4fd893,construction_inspections
tpa-3c1d55a6319bf8,src-7d10109c8d12afb2,construction_inspections
tpa-3b21cccb37f1d5,src-33ae807eae52c966,construction_inspections
tpa-37a75c7267c55d,src-7f276b7332ee1fe6,construction_inspections
tpa-83782d068c1842,src-da5dd24a99cb5875,construction_inspections
tpa-70050aedd5cd92,src-0fd128d8eef2e296,construction_inspections
tpa-083f387dc9e319,src-ade5c0859e6b34a1,construction_inspections
tpa-33fc65115801d7,src-1906280aadceb3cd,construction_inspections
tpa-670555c7b732b8,src-99d80c3b8cd41401,construction_inspections
tpa-5133fc4419a030,src-b558133e5e2bfffe,construction_inspections
tpa-799ab0f39c986d,src-65c897cf19c8b1d2,construction_inspections
tpa-3c4cf3de7d8803,src-a65a57b07f253b6f,construction_inspections
tpa-a14046ac4c054b,src-bea14c5d7ba4267e,construction_inspections
tpa-ff1a96d7f6b458,src-bcd72651e6177852,construction_inspections
tpa-e9c9af051d3916,src-8728269ffab62aa4,construction_inspections
tpa-f44c975eac3318,src-55579323602e5bb2,construction_inspections
tpa-fa04094288f705,src-edad04cd1d4595df,construction_inspections
tpa-1120968bedca6e,src-c8611f03369ce86e,construction_inspections
tpa-05162442d5d31c,src-9a1099292f6fe1d2,construction_inspections
tpa-1b70a1341d270f,src-964b81653d19e305,construction_inspections
tpa-69e4cced1caf8f,src-49846eebe3ebe26f,construction_inspections
tpa-39086fe4b6968e,src-158b1f49b8fcde81,construction_inspections
tpa-effe87a3691d9a,src-4532459ebd362098,construction_inspections
tpa-885cf9821a0497,src-5f15fd6c3b08e903,construction_inspections
tpa-3e5f40439bd6cb,src-c495d752083f9ad2,construction_inspections
tpa-2da8e6795be060,src-5b553736940ceae9,construction_inspections
tpa-cb6710f458a7dd,src-e1491c439cc0cfbc,construction_inspections
tpa-99c17b5152ca1d,src-4e9863aa7964224f,construction_inspections
tpa-98de2b76672f71,src-25bc280b6f83e988,construction_inspections
tpa-b388bdd6f8c079,src-a0c1bb4aba239880,construction_inspections
tpa-a58516bd654448,src-a6e8950b290f9110,construction_inspections
tpa-6cd0c0292556c9,src-0dfa40dd29cbb14c,construction_inspections
tpa-4d8f5eaa4d6872,src-b9b663c6cfbff8d5,construction_inspections
tpa-c8bd1ede6078ca,src-a5d1496988545e29,construction_inspections
tpa-902da4944a805f,src-c89841f961e63496,construction_inspections
tpa-c57ea4b6cd1ba7,src-f7937e87c190f79e,construction_inspections
tpa-6151c86edcae92,src-e420ee6120b0dc93,construction_inspections
tpa-a0d5413b130e88,src-712120e9f37374e9,construction_inspections
tpa-82614f99a1606c,src-dc471d8a3f73cdf3,construction_inspections
tpa-40020e249aec33,src-8a1fe06208e15e3d,construction_inspections
tpa-a0849b09a463d2,src-c49e30ad68b2d8a4,construction_inspections
tpa-fdf6bde6fc0a36,src-eff727be18300c7a,construction_inspections
tpa-52e70c47ecfe23,src-a198885a924e20af,construction_inspections
tpa-277231a57f13b6,src-1611b0c7756557a3,construction_inspections
tpa-7b3dbee02a0066,src-cea6759ba9e95715,construction_inspections
tpa-ffa1a1b1ea1e68,src-62a756bc3d76dc4e,construction_inspections
tpa-902ab34058e95f,src-856ea45c15b544de,construction_inspections
tpa-4d23dd3b90dfd8,src-59d086ffbe2fcdf0,construction_inspections
tpa-77bca1359aafa8,src-8c3e18857b242199,construction_inspections
tpa-0886934214383e,src-90effe6b01f81d60,construction_inspections
tpa-ac2075dc4a420c,src-631379dc1cd6ef4e,construction_inspections
tpa-573c40900a5d1b,src-7a9ce848d981cc09,construction_inspections
tpa-5cf16a81ee5efd,src-9de6328ff3b0cd7e,construction_inspections
tpa-6eeb059361be66,src-30248206046ae358,construction_inspections
tpa-702ef8d44dd0f7,src-99ca5e20d3ab70a0,construction_inspections
tpa-1e1e3067ea027e,src-95bb25884b637a53,construction_inspections
tpa-54fe52fa332d49,src-37bc1ed50c08628c,construction_inspections
tpa-5ed48fd61ab941,src-90177c73779c6107,construction_inspections
tpa-123af623dee9b0,src-5bf560b32ad46af4,construction_inspections
tpa-db2f95ad156d99,src-019ea494ebee7630,construction_inspections
tpa-df597d7b38cf47,src-a633825173866750,construction_inspections
tpa-981facf6155b25,src-88aabe050f76e8a3,construction_inspections
tpa-dd9823c5ee6e2a,src-565cee003a7bcddc,construction_inspections
tpa-87dd6e4d63239c,src-0972addbcd066e53,construction_inspections
tpa-b81cca38d9f10d,src-f515c8ec9d6fb5e6,construction_inspections
tpa-4824e277924415,src-57125ed1889b1201,construction_inspections
tpa-19d3aebb7bdd1b,src-0e38faf025400fbb,construction_inspections
tpa-e295b076b675a7,src-c198c1484cbe135e,construction_inspections
tpa-f254b6ea82f1f8,src-8dcaf9326eecc1a7,construction_inspections
tpa-ca3c16bf857656,src-f6a8bfe088ddf17d,construction_inspections
tpa-98a8a314d54233,src-d9478105ce50019f,construction_inspections
tpa-cdf956cb667e6e,src-3e6c37e485a32fea,construction_inspections
tpa-d1b4ba15bfd523,src-8e20615f77f22c92,construction_inspections
tpa-5714f868b9bc75,src-fbdb24ad1ddcf7d5,construction_inspections
tpa-1fb215206b849d,src-7a1a46d2d49a08dd,construction_inspections
tpa-f001f55b776437,src-fb14fc23a0601d65,construction_inspections
tpa-79bb3f5f3055ed,src-a8a8ac31b9e3f806,construction_inspections
tpa-79bb3f5f3055ed,src-2895c959f6ab0424,construction_inspections
tpa-52249d28cd7eb2,src-fa85e3c0e586d426,construction_inspections
tpa-544d08962385c5,src-caa58399b2ff06e1,construction_inspections
tpa-5d752868a76c0a,src-e7abce0adabfb2eb,construction_inspections
tpa-fc5e4e68c8f73f,src-d6f7a229e3219ef0,construction_inspections
tpa-522ddb3d5f3f18,src-d2322bbcd986a904,construction_inspections
tpa-4cc60103c22df7,src-574e57bd0b2e7ba2,construction_inspections
tpa-4783da293c0f66,src-bf5326adf774a7d9,construction_inspections
tpa-6f466745c78d53,src-a8417572b00a1374,construction_inspections
tpa-16248d509dfbeb,src-c9275b26aa95a26c,construction_inspections
tpa-1d2a58540315ba,src-1e1dba85e5f9863e,construction_inspections
tpa-a16dd6a2ae7979,src-05eb54e4cc8ff796,construction_inspections
tpa-762a1c09447377,src-5ffb2327499009a8,construction_inspections
tpa-07316bb3ca21e4,src-a2992f300c8f7132,construction_inspections
tpa-45f3ec1be263ed,src-5d21977b6991be32,construction_inspections
tpa-b8b6db7b654a27,src-9f489d9b8083e969,construction_inspections
tpa-091ed6d5018ab8,src-3e4ba47a8b193e8a,construction_inspections
tpa-835286970c5efb,src-dd7dc98b53f27bb7,construction_inspections
tpa-ecb47283380895,src-0c7ccb7bd6a336d9,construction_inspections
tpa-30f00d8bdc76a1,src-16e940c3d5c8620e,construction_inspections
tpa-fef467f677c2bc,src-8d32909d38ff915b,construction_inspections
tpa-a8a2a8693add8e,src-f5bcf72b5c4e2aa2,construction_inspections
tpa-649e4659d61c40,src-394931777e9d5286,construction_inspections
tpa-be2d034bfb7f71,src-d9563d38e928a054,construction_inspections
tpa-a94216cef15d4d,src-282f0ff3d832a529,construction_inspections
tpa-d137cbe67f28b7,src-fdfde74abcea6a25,construction_inspections
tpa-8b3ab70c40788f,src-d9d9388b2dd2dc06,construction_inspections
tpa-979cb58005ca37,src-ac2f34ccfd8187ae,construction_inspections
tpa-4723e8a7426e26,src-531d3ac5ac9b1608,construction_inspections
tpa-ec4a1ca62e8729,src-1d2f54ee4f15f4dc,construction_inspections
tpa-d7498a4e0c9fd3,src-8110a2aa818a6a8a,construction_inspections
tpa-c3dca42dfa4e17,src-5b33bbadc9bc1b19,construction_inspections
tpa-ef746e6fa0bdd8,src-80a1380774b88053,construction_inspections
tpa-0249c4b0a38099,src-6d450b2d20281bae,construction_inspections
tpa-9a158fb8df8089,src-247325f36d70dfa8,construction_inspections
tpa-69d64b94353d3a,src-ba9c22c25cf4a791,construction_inspections
tpa-894a7c88cfc17c,src-57475d0fdf6750d5,construction_inspections
tpa-e0a37fdd7fc000,src-ba991cf4772f6478,construction_inspections
tpa-8f0315146c52f0,src-da6f637f98cf37e5,construction_inspections
tpa-d98f2ca98367d2,src-87d1d0b769496c0e,construction_inspections
tpa-732367d1dfe337,src-3f5ab8e3a58ddad4,construction_inspections
tpa-baad2c031f63cd,src-d1329202819dda40,construction_inspections
tpa-9c3e0ed547c5f1,src-9334fde7b310bcd2,construction_inspections
tpa-0b6b1629c0146d,src-51b2a8858b75ff2c,construction_inspections
tpa-0d26d41093e8f9,src-6ae8f964dc451d39,construction_inspections
tpa-2616875fdcc869,src-16ac974443712c6f,construction_inspections
tpa-52a9b0bdfd2663,src-fc29f0a4165b8570,construction_inspections
tpa-0ba4a20a7efed0,src-dc0ec73f821fcc3e,construction_inspections
tpa-683ac62998f89d,src-d3e3867ceae58a08,construction_inspections
tpa-210d13a79dbee0,src-a914d94ac311585b,construction_inspections
tpa-51c7a3d7d246ab,src-5d12e2e1dc24eee4,construction_inspections
tpa-621b3c55cd2034,src-27f12e161bafc3a3,construction_inspections
tpa-77aeefa7cab39d,src-58676be59f4e5701,construction_inspections
tpa-5024ca315b5dc1,src-c3db3dd241bb8547,construction_inspections
tpa-dac7c97b0f8a80,src-ca9e563e9379eaab,construction_inspections
tpa-4c3b73f2ef8838,src-b894648e3563a26e,construction_inspections
tpa-f7c57b82ababc6,src-6d3da8ddc1f41d6f,construction_inspections
tpa-f7c57b82ababc6,src-2ac156d972ac878b,construction_inspections
tpa-1123f406b36043,src-659ffbfc226feb79,construction_inspections
tpa-adc89cf41c91ad,src-5a67b2b22bc9ca00,construction_inspections
tpa-708d8c0f077c42,src-9e9313eccdcb111f,construction_inspections
tpa-271bf7539d31b0,src-59b46a5595e29c5e,construction_inspections
tpa-c9e100c620dbb2,src-f51b32b479ce8ca1,construction_inspections
tpa-12aa0cf5670a2a,src-8ba8660241e8f613,construction_inspections
tpa-e6e4ab4d9721f5,src-8f3648e07b54cce5,construction_inspections
tpa-eed2a91832bfc1,src-6cc0f9ae35df3e0c,construction_inspections
tpa-ed77c19c79be8b,src-786ab3fab36cc156,construction_inspections
tpa-927f759bc90877,src-280c6c58c2608997,construction_inspections
tpa-50ee382e24d9ac,src-68af76e059d2a401,construction_inspections
tpa-6c9c8d5a41ec9f,src-ad5e687d3aa1ef97,construction_inspections
tpa-d69e87b023695a,src-27f6d80918066c30,construction_inspections
tpa-19d41fd17c312c,src-de79aa57d8342925,construction_inspections
tpa-bc9bbb9bdf075a,src-f5495542192df859,construction_inspections
tpa-60ffb36d4567ae,src-ec6c3fb254c2b9d6,construction_inspections
tpa-f96239fb7ba80a,src-eb45795981161194,construction_inspections
tpa-444c37bb98ead6,src-3fc7e941bb198ec1,construction_inspections
tpa-6fd7f19befdce6,src-29848c396725e22a,construction_inspections
tpa-602e5467b0ff6e,src-01aa36e3508f4fa9,construction_inspections
tpa-762559aa3659ab,src-e27728690ca703f6,construction_inspections
tpa-dab1f93e0f1a4b,src-7d056f8692be76e0,construction_inspections
tpa-aa2fdbae318723,src-7f31e6c548930873,construction_inspections
tpa-fd9ff070386d38,src-c6763156a2ba1d4b,construction_inspections
tpa-5f45ee7c8cd0c3,src-4596d5b369f3f0d4,construction_inspections
tpa-2b48642ee2c461,src-6ee018f2ef320001,construction_inspections
tpa-ec96c60f9a44f0,src-59a02707678865de,construction_inspections
tpa-3e657b6d6cfb4e,src-97183f60be4cf68e,construction_inspections
tpa-8b7ee5586fa4af,src-ba19123259b29817,construction_inspections
tpa-baf689544886f3,src-0c762cc20cb87d4d,construction_inspections
tpa-4ea2e345166e5e,src-71e8e4d81a73aeb5,construction_inspections
tpa-2ac323c843bf5c,src-d0a390c0151eec5c,construction_inspections
tpa-33c106491bf7a4,src-787fe35a85a80486,construction_inspections
tpa-2dcd3ff53ea2fd,src-eaf4819711bba7c0,construction_inspections
tpa-591d5c8f82a33c,src-1255250e9f841a4f,construction_inspections
tpa-55acda4f99e46c,src-e349a235f74d7eb0,construction_inspections
tpa-1b0af2110fb040,src-79e0211824662fc6,construction_inspections
tpa-92c7dfcf3e5528,src-3afbcaaa66458242,construction_inspections
tpa-b0db82b2b6fa82,src-76308b561fde9e3c,construction_inspections
tpa-5354d09196a44e,src-9885ee8929258403,construction_inspections
tpa-32910abb18ee12,src-35c61c83f5af29a7,construction_inspections
tpa-2aa4aa502cc770,src-5a3301c001e74f79,construction_inspections
tpa-b60cbd140d0327,src-2bb3d477bbc1421c,construction_inspections
tpa-47cc39f5099f2e,src-1e01f37641f0cbd6,construction_inspections
tpa-645dc55b32acba,src-dd52352b059ca76c,construction_inspections
tpa-5bd430850c12b1,src-611f74e2252be068,construction_inspections
tpa-d79236ad146916,src-464fc943e2e81e14,construction_inspections
tpa-1dd5ad9eeffff7,src-1b11ad6070d04901,construction_inspections
tpa-dc7bf4ecde575f,src-f4070371149b1a10,construction_inspections
tpa-b1d12a9597cf8a,src-51588ef5c5f7a683,construction_inspections
tpa-8abce98e2ef599,src-1cfa5b5256feff6b,construction_inspections
tpa-fce325d3d76d40,src-ad81439e9834b939,construction_inspections
tpa-6107f72192cc63,src-feeb8b6d0f6fe219,construction_inspections
tpa-f335765362b5a5,src-e2eb249577f8b289,construction_inspections
tpa-b1afc91547895f,src-d2f28ea352268391,construction_inspections
tpa-281623cf56bec4,src-945ecf09473b6fb0,construction_inspections
tpa-5b68cc4e44dab2,src-b3743ac9f831b9ab,construction_inspections
tpa-d881e987d9a583,src-29d840eb53da2f8f,construction_inspections
tpa-a45b3c67267ea2,src-338503d92fa0f86b,construction_inspections
tpa-92b708b87f4d12,src-9972751514674d11,construction_inspections
tpa-32838c7def9c6e,src-ed84b97359643b62,construction_inspections
tpa-23428f29ad2093,src-6ec40d344bd879ae,construction_inspections
tpa-a4fc435c633ba9,src-93800f3842148b9e,construction_inspections
tpa-d9e00f58fd5c7f,src-ab5d9775319b617d,construction_inspections
tpa-ec86e0e5aaa45c,src-0e7dacafcb2fb2c3,construction_inspections
tpa-f6ec6ae0556677,src-2d10ce7742e10c42,construction_inspections
tpa-a4fafac80ba4e3,src-a390a8bc42bedbda,construction_inspections
tpa-a5f2484d6954a2,src-08455cdb04469587,construction_inspections
tpa-97e7307cdddcbb,src-1a05f72697f5568f,construction_inspections
tpa-29986d3989d8d1,src-bbaed27b0664660a,construction_inspections
tpa-425a490c293434,src-982b8909d57644b1,construction_inspections
tpa-699a44c102d01c,src-d417bb608cc65550,construction_inspections
tpa-5b3a4380fb3d98,src-254f0e24b1881098,construction_inspections
tpa-3e0edd6e52cb30,src-6ad48fc1f07bcefe,construction_inspections
tpa-7f5ef138d26dbb,src-1f06ee5d14eaff85,construction_inspections
tpa-8f82911247c2dc,src-ddf1c0b0ce97545f,construction_inspections
tpa-b8bcd01765732a,src-052f61d70982775e,construction_inspections
tpa-fc84c6477ede65,src-90b65878a976c072,construction_inspections
tpa-e5c2c7af35a71f,src-ce9e184c3017bd49,construction_inspections
tpa-52293a6bd72176,src-5e9dc5a933a08c46,construction_inspections
tpa-24ac06c8a0a374,src-d31cd35fb750e386,construction_inspections
tpa-f8da5522d21409,src-5946a5d97e510c97,construction_inspections
tpa-f3991dc5bf6348,src-f337a4e572a6d703,construction_inspections
tpa-e2d5afc41c0c8e,src-69db0973c353770d,construction_inspections
tpa-661bab5f7188ad,src-bd40536be4005ef4,construction_inspections
tpa-53c4f7231f2594,src-3fe2c244a7ab3bee,construction_inspections
tpa-656c61137cb059,src-eebd1c15f541f816,construction_inspections
tpa-ea48b80b26a122,src-d97601b6b6ff3913,construction_inspections
tpa-4f29ce4392c677,src-4914dee692dd8197,construction_inspections
tpa-caa73d21cd3382,src-d8aea09f7afc31c8,construction_inspections
tpa-6ebbc631d4e700,src-510a985eac450767,construction_inspections
tpa-d57723ed26b7f1,src-c85f80611c05066f,construction_inspections
tpa-9898638e54449b,src-53e645cec13828d6,construction_inspections
tpa-aabe3fc78f9aed,src-0ea3123b6c258fc0,construction_inspections
tpa-a0a1e12cde36f3,src-92ccb47fb1558a7c,construction_inspections
tpa-1753c490d3c72e,src-9741891ab15640b2,construction_inspections
tpa-e6022bc8dc7b15,src-718383c3ef4d4bc4,construction_inspections
tpa-dd1614046de936,src-0352bc974cbc20f5,construction_inspections
tpa-3102c89fca1614,src-819bd9208940f900,construction_inspections
tpa-1b98352611b123,src-a4279c7470becb2b,construction_inspections
tpa-9498ee224a29fa,src-112dde39d5a60d0e,construction_inspections
tpa-175ef5d993b5b6,src-31137e29a5a7d073,construction_inspections
tpa-df1b0de5581b7a,src-e100e5840513fdd7,construction_inspections
tpa-5c43d09db1777c,src-27ac0acbec4ade62,construction_inspections
tpa-d40736c3d816c4,src-a9c2fbb08c86feb1,construction_inspections
tpa-84640926ce0129,src-85dc1ce4ae9b5c43,construction_inspections
tpa-356c90c8a28766,src-3197aa09f0de600d,construction_inspections
tpa-6b566ff271f5da,src-fac865ab52c0904a,construction_inspections
tpa-9ddfa404d5ef49,src-e2ea5d253dadaa0a,construction_inspections
tpa-3df077988e2f4d,src-924c78b8850e63f4,construction_inspections
tpa-9d80e6ce25cfc0,src-a3911df3fd3db18f,construction_inspections
tpa-dc80d48d7c0814,src-bd9a6854854a3f87,construction_inspections
tpa-263603d0779657,src-1c1e52d6417b9df7,construction_inspections
tpa-c3eb9a831dc8d7,src-fa7c2f7c900ef611,construction_inspections
tpa-182a27269aaf1a,src-2fe5850ea34f7960,construction_inspections
tpa-24aed76404b2ad,src-0d2cfd8481dbe637,construction_inspections
tpa-78ee6eb5ea23a5,src-e9283045259fab74,construction_inspections
tpa-0788a00d0b5b0c,src-b202f05f65855c22,construction_inspections
tpa-9d70495011c9ac,src-16b94f8e0931a1dc,construction_inspections
tpa-d023e7483d1e49,src-a452044f0c266901,construction_inspections
tpa-978dc0d8e94b03,src-a8dc9b860ec28ef7,construction_inspections
tpa-43e396bdb6a253,src-2f59b02f7e04c4d8,construction_inspections
tpa-820779ff656f7d,src-11c9fde613f4f2f8,construction_inspections
tpa-71645d3fbbb07b,src-96f694cccded0038,construction_inspections
tpa-ad11cb6b57f6a6,src-f7872fe55471f9f9,construction_inspections
tpa-7a3348752489a1,src-366f58aa49efef80,construction_inspections
tpa-d840cbc75b7140,src-8335aa4aeb2fd4ae,construction_inspections
tpa-ae1b30ef026e69,src-c6d0d52b8bc49554,construction_inspections
tpa-73b495ce4cc4e4,src-e5097f4d2636721a,construction_inspections
tpa-811fdff1550029,src-14d1252f95b86cbd,construction_inspections
tpa-d6389ccdb01545,src-48d12b614b27e965,construction_inspections
tpa-6112a2a51b6c02,src-c3bec5a67c34827d,construction_inspections
tpa-66afe5cde4f510,src-56dbec76587748d0,construction_inspections
tpa-f290ae7e2c7f61,src-face18d2592cd9f1,construction_inspections
tpa-a221d47227286f,src-cba01cf0e341c479,construction_inspections
tpa-b2b6159a80a720,src-e5ac3ea088b798f5,construction_inspections
tpa-91cbde926550d1,src-1a36e68303b0b64d,construction_inspections
tpa-3c02e94d831303,src-f34a5aee710479dc,construction_inspections
tpa-6a299d8cf572f4,src-62128da2841b3dbb,construction_inspections
tpa-ce024800da7bc8,src-70ad1c258c8d6a93,construction_inspections
tpa-284152b9f102db,src-ccaa9cdf9e99db99,construction_inspections
tpa-31fe8a35f36f80,src-5f03c9b8fb86c42e,construction_inspections
tpa-c10fdeb82a01dd,src-6157b6fcbb64e9f7,construction_inspections
tpa-e82e840e1aac22,src-a59cb9a2f9e3f7bc,construction_inspections
tpa-0dc54cd6ca25bf,src-315c18fc9f8132df,construction_inspections
tpa-bfeeb1536ed268,src-f8153e30e17f763f,construction_inspections
tpa-a0a8c6da029ea1,src-2f8adbd9a5cf2b38,construction_inspections
tpa-5f82f2f2a59668,src-49f7d7cd48c57aa6,construction_inspections
tpa-c991ce9785c639,src-11f87f311d943f6b,construction_inspections
tpa-f78f0b6c12313e,src-ba28397881834742,construction_inspections
tpa-3b89c5045b9f69,src-325f21c7f44008b4,construction_inspections
tpa-93f0f0b4066290,src-bfff1abc593bf162,construction_inspections
tpa-385c72a6313f3b,src-98e05540efb73915,construction_inspections
tpa-0dc19b56172530,src-9eeb5c4b3d2772f2,construction_inspections
tpa-bfb2d87c3355f9,src-d7a6fd0510a5f5f1,construction_inspections
tpa-8342cecc52f3ac,src-2c933399f1cb8999,construction_inspections
tpa-dcef692960a9f8,src-e11f90e17cc3562b,construction_inspections
tpa-ec9b31b76f2163,src-91fa0698cf484cdb,construction_inspections
tpa-0a4a9c5cf04c81,src-a581f055467ef56c,construction_inspections
tpa-ac7dd00367d2fc,src-24a120f3ee8a915f,construction_inspections
tpa-eebd14d21e7b37,src-386df6a8dfe4f0ac,construction_inspections
tpa-172232a4e40341,src-4e61f089d03e0162,construction_inspections
tpa-dc034e25018c9a,src-b7560b03202c9306,construction_inspections
tpa-6306b6e66f5db1,src-bde8f0a99d820031,construction_inspections
tpa-98311e1937ed3f,src-ee68b9a2f65af6c1,construction_inspections
tpa-b143017208c090,src-ed8b71f065bf10bb,construction_inspections
tpa-dae0e13a11a94f,src-4dd9f80fae50df50,construction_inspections
tpa-b63181a27fd177,src-b378ad07add36bbe,construction_inspections
tpa-87cd2f4d6fd6d5,src-bdf95c6e78cad44b,construction_inspections
tpa-85de7da933a083,src-98f1fdbe050c0a29,construction_inspections
tpa-48cd07612437d7,src-169ba9671f283191,construction_inspections
tpa-b4dd8aca18671c,src-97b6142ad962e495,construction_inspections
tpa-c0d2127d85f350,src-0fd8792f3a96cd88,construction_inspections
tpa-f04e7f70958bb6,src-525e428039800e45,construction_inspections
tpa-5483a0c59c2a5e,src-e742684d3d56353b,construction_inspections
tpa-e70daaad1d0919,src-95d672fc7cc707fc,construction_inspections
tpa-8851351452b196,src-6ad2af312656cc96,construction_inspections
tpa-feda66adbf8544,src-125002520fee1e8b,construction_inspections
tpa-20b89e1a764951,src-47809ab10d0a676d,construction_inspections
tpa-0adcbb29992da0,src-622e06465f11838b,construction_inspections
tpa-7b64bb4986b903,src-b0a78250071bfb2f,construction_inspections
tpa-2519ed0dde352a,src-f53444a5e67d151c,construction_inspections
tpa-d5756e81989e0e,src-1f81d3edf9d96035,construction_inspections
tpa-f1a3adcd375128,src-0914d1e5f8133d60,construction_inspections
tpa-c5fdbfc421fade,src-2bfd3e090b4565e0,construction_inspections
tpa-544da8d6652e4a,src-df4d542706bc4919,construction_inspections
tpa-c0b0a881acb421,src-88515535a9340fbb,construction_inspections
tpa-b82a5ebc384c5f,src-8c9984c08020acc4,construction_inspections
tpa-5151248dd7ecf5,src-e6c6cbc16ff10238,construction_inspections
tpa-f228c28fbf1410,src-20ab77ce14be29b8,construction_inspections
tpa-66b514fb2e2bc9,src-b489f72532e37c69,construction_inspections
tpa-cd29c79d8d7466,src-72778fd00c26c258,construction_inspections
tpa-6f659b5fdd2bb4,src-e66660f21738e557,construction_inspections
tpa-2c47010f9bf492,src-fbbc70ce0d1361a3,construction_inspections
tpa-0543f9f7f0b0e1,src-628eeffc6d0bcde2,construction_inspections
tpa-149fdff18d32d3,src-076f797d538c6e4c,construction_inspections
tpa-ff65aaea94e7e8,src-9b76746f8b52cfc2,construction_inspections
tpa-8d94d8d3ac2521,src-9fccfd977588b7f3,construction_inspections
tpa-f5431a867cc639,src-b756877097c36778,construction_inspections
tpa-4aeaac5153d752,src-aa2876f6cb83ce24,construction_inspections
tpa-d0dc980768f30d,src-02a2dd4bd8aec2e1,construction_inspections
tpa-c2fcf32e4a5e1c,src-cb562d9aa8d791f6,construction_inspections
tpa-d358886086a3e4,src-daedb18d0267d245,construction_inspections
tpa-a343c47c11b5da,src-bd212d798ee493ca,construction_inspections
tpa-91e2e6c6a04c7a,src-8e6f3dfc46809006,construction_inspections
tpa-4e35ab79c5c867,src-3bcbb99d0bf047f6,construction_inspections
tpa-bd153e237fec25,src-8812fb5a9339b536,construction_inspections
tpa-d9da95766c3af0,src-ab243da2aaa48024,construction_inspections
tpa-fed7319c3ecb7c,src-48650806315d336e,construction_inspections
tpa-9e6b2e05d23e11,src-0a30f530d4d6bc00,construction_inspections
tpa-ffe358fdc00f69,src-b472bc416dc76127,construction_inspections
tpa-b9040b73137018,src-147e5a194183dfb0,construction_inspections
tpa-54e6671dc62131,src-ca9c9359b8c853ba,construction_inspections
tpa-560dde7a124b5e,src-7fe411838a17701c,construction_inspections
tpa-a204aefd9e968f,src-ba7df132d0e32971,construction_inspections
tpa-d1bb8b90356208,src-a4fa5f2c6b4212f6,construction_inspections
tpa-3cf3eb9d357546,src-6dbb736df77e909c,construction_inspections
tpa-9f82d40156267e,src-fc47ec6c91683e00,construction_inspections
tpa-621af98423c5c4,src-ff8a2eda103821bf,construction_inspections
tpa-960787efa88ef7,src-08ce422eba25e41d,construction_inspections
tpa-8dc9f091bc7a0a,src-9a6c626bf765fc6a,construction_inspections
tpa-7ff83e4e9e743f,src-08f85e606dd5f410,construction_inspections
tpa-31dd93d24b8b1d,src-1a30faf56430d037,construction_inspections
tpa-546f05f9e21091,src-332843b3a0e7c9b6,construction_inspections
tpa-4f6269edb4b071,src-c9076d52d8404fb2,construction_inspections
tpa-e71ea48aa9427b,src-6028d45dd3855ed0,construction_inspections
tpa-4c87695f9d6d90,src-8b41792d6361707f,construction_inspections
tpa-fa89c4d3ba80fb,src-bfdfef91c38d0991,construction_inspections
tpa-6f538c08a8e105,src-832c2c8e7b68cd36,construction_inspections
tpa-ffb0e74ef7c0d2,src-e0625193fd34025e,construction_inspections
tpa-e757799c702684,src-795eba54f8e96475,construction_inspections
tpa-8b7a4169734142,src-87d7ce787f84a0cc,construction_inspections
tpa-4231e64aef7e71,src-3dc80d122309796f,construction_inspections
tpa-6b80cf500fdf8c,src-414960a4092a4787,construction_inspections
tpa-6769f66104b427,src-e4b723055980b2b8,construction_inspections
tpa-7c48ebf4118995,src-50e651146ddf66b3,construction_inspections
tpa-99fa85d5d3ba62,src-21702bd2464ddcfb,construction_inspections
tpa-7d1cb35eeb2324,src-ab4c242a648ddc27,construction_inspections
tpa-e407dc24ba743f,src-381f490f27d19bf5,construction_inspections
tpa-12911010708ccb,src-7f795746dfcb2f48,construction_inspections
tpa-224369ba64ea8a,src-0b5cfaee014381bd,construction_inspections
tpa-b6379783299955,src-f227b27d2f36851c,construction_inspections
tpa-ade275b5845c48,src-fd87c8a7e4a2cc0f,construction_inspections
tpa-afb84b40e508bf,src-211f63470a31f458,construction_inspections
tpa-c9b1704a473169,src-56266e2981ff4848,construction_inspections
tpa-f84077b9b28f2f,src-e44b934a10278b6b,construction_inspections
tpa-ee565d4c1995c2,src-6d6f030eac8a7ddd,construction_inspections
tpa-75b2fd8dad5b60,src-4002691ae181a0da,construction_inspections
tpa-380d9e8a7c30d9,src-2bf770b8d2ce477a,construction_inspections
tpa-495bd9aacc0cda,src-d5099ab048ed1ba5,construction_inspections
tpa-062a1d60371e99,src-80696197cd7f5e6e,construction_inspections
tpa-1d4aeacdbee34e,src-a35fbf65ff98ce74,construction_inspections
tpa-498f7dbd762b3f,src-e87c25e40ae6f105,construction_inspections
tpa-6f3fb0c6c08867,src-88bee884a1e5b777,construction_inspections
tpa-637f25637cc3c1,src-33a309725203ff2e,construction_inspections
tpa-fa8bee15b12258,src-9c5a9fb9bd1451b3,construction_inspections
tpa-8efcda3d2c717b,src-8702813269269b81,construction_inspections
tpa-4afa3c0e661d72,src-f43fc7d3f5c6d2cf,construction_inspections
tpa-478173f188c438,src-b6688191a9996ce6,construction_inspections
tpa-e40b99196f446e,src-d78b1f0607633c09,construction_inspections
tpa-e2a92aee6d076e,src-66233f9a16638c33,construction_inspections
tpa-0df044a0b1bb50,src-6490e72ff0b454bd,construction_inspections
tpa-dab10ff4f041f9,src-9ac3067bb5edaf93,construction_inspections
tpa-e4cd1c871b5cc3,src-8e3f1705de90dc39,construction_inspections
tpa-49e80e51163e4f,src-0d74f6bf3ef201d0,construction_inspections
tpa-1f9526c4db148b,src-b23a7f66bee93fd9,construction_inspections
tpa-b4812babd05d15,src-fcf221b1dafc29ef,construction_inspections
tpa-da950a66297bc9,src-63649b7fe21c2e4f,construction_inspections
tpa-44818792ea899b,src-ea00fe5f094c9113,construction_inspections
tpa-6c92cbb2f90794,src-1c6363a27f643191,construction_inspections
tpa-bc2a68ecd08ac3,src-7fc461cf42d007f3,construction_inspections
tpa-045e51addb8e4c,src-affbb1ed1bcf6ca8,construction_inspections
tpa-ff51c48548d149,src-17a886cc3045811d,construction_inspections
tpa-2cbc85613b2807,src-ea125b69f9efe256,construction_inspections
tpa-325b3dda9ee2b1,src-2ced8b9e2fa10557,construction_inspections
tpa-1fdcc411f54460,src-1ad4dd4941f7f86a,construction_inspections
tpa-01b2a34710d1f7,src-35faa4acbcb3c20d,construction_inspections
tpa-0ed1fa46c340e8,src-595a63669c9bd240,construction_inspections
tpa-b0c1d0683897fc,src-b85ede0feeeb4b11,construction_inspections
tpa-80e279d1be6042,src-5acaaa1e32937ca5,construction_inspections
tpa-f533dd25d9ba0e,src-4472d993e089f0e8,construction_inspections
tpa-e7cb2202092654,src-c7ac2fab8e37b5af,construction_inspections
tpa-f2d2124064a194,src-93cfb8c66b9b11a6,construction_inspections
tpa-db4e77a2b26312,src-0aa8d053f79481b8,construction_inspections
tpa-520eaf72c0ac8b,src-4d207eb3c16927ab,construction_inspections
tpa-09d4e1551572c9,src-ba15b720f3b3102b,construction_inspections
tpa-b56f7afdb3ed13,src-ac10b7fb85f17c68,construction_inspections
tpa-8b4229840125de,src-54dedd53cc78e588,construction_inspections
tpa-3453295c8fc8bb,src-f5a77c8600758eb1,construction_inspections
tpa-e9409f2411ad8b,src-5b201bce0cdbcb0e,construction_inspections
tpa-db661374029fa4,src-c0de11296fe15488,construction_inspections
tpa-045b5ccf4eaa0c,src-6919ce402ce0b7db,construction_inspections
tpa-69cd3be0033d0e,src-43f79cf152d54033,construction_inspections
tpa-0c24554388268b,src-f1996c805c7b9899,construction_inspections
tpa-031b3ddc36e559,src-2c0727d2e9c15c4f,construction_inspections
tpa-bed3cc9bbb45f9,src-fb651352bebbe6ef,construction_inspections
tpa-a5c07f6c6343a7,src-e3d4b6953cff0638,construction_inspections
tpa-6efecb31b53bf9,src-0e309461c65562ce,construction_inspections
tpa-c606c3fb11d3c4,src-754cf7df279f9357,construction_inspections
tpa-f788c3139ff8f4,src-f16daf52d38ecfca,construction_inspections
tpa-bf14976aef8342,src-0ec671e388fee586,construction_inspections
tpa-904d5d86463077,src-7fdc475b54c47b7d,construction_inspections
tpa-f687f897b41c2a,src-6251274259e87087,construction_inspections
tpa-eb19c5d174aa9f,src-de6659583bc288b2,construction_inspections
tpa-92f7071846991b,src-58f37fafdb7f16ae,construction_inspections
tpa-71c734b38bf051,src-f2634ad5a82fdc73,construction_inspections
tpa-7d2996141ea393,src-e8a7669c8556ce1e,construction_inspections
tpa-5587d0dd7fecb0,src-2842b7dbd1a424d8,construction_inspections
tpa-7a8f4d1b9d5904,src-587f1edd2ed36db6,construction_inspections
tpa-ac2c202a7479d7,src-e51ef8acf9138f98,construction_inspections
tpa-da7186fa942a19,src-ded4e1553341bc78,construction_inspections
tpa-02b722206c46a1,src-43081e941ebc9604,construction_inspections
tpa-b6237abcb7301c,src-01377d7f0c549707,construction_inspections
tpa-84a2876d8d0a6a,src-a6a86698f03abc08,construction_inspections
tpa-0b7c6feb59d4b6,src-af8f25a945a9ff3f,construction_inspections
tpa-43f78badb40765,src-f43f842220f6727e,construction_inspections
tpa-0fad1ba234666a,src-8f0e8585630b9664,construction_inspections
tpa-c4b25b1b347f22,src-365cf8776779678d,construction_inspections
tpa-e41bf8d533e3e2,src-f534c0dc62f58648,construction_inspections
tpa-8a9ee5967b5d1b,src-9dd66b5b707dcd50,construction_inspections
tpa-2b7a2f4e8da01e,src-3502bf0dcac86f3e,construction_inspections
tpa-945604cf03cedb,src-47d0defe73d2517d,construction_inspections
tpa-1e895a271729af,src-9dbf3b6e30c48081,construction_inspections
tpa-49beb81a4f0bbc,src-62c59915b0c66df6,construction_inspections
tpa-df46cbccf61b46,src-42e0f0ee5f268f80,construction_inspections
tpa-9c962468d1083d,src-8c5aa2deff5998c3,construction_inspections
tpa-78dad42d02c7c0,src-005d244d86258b70,construction_inspections
tpa-dc665f56847db3,src-7dda5f6673bc4239,construction_inspections
tpa-8f9da193dfcc70,src-c6c23588411fa420,construction_inspections
tpa-028ec790d88047,src-37eb902d7e8021b6,construction_inspections
tpa-cca9eb8a11417e,src-edbf09a62ef7c5b6,construction_inspections
tpa-db13bb05771ef0,src-14a88a3890c4889e,construction_inspections
tpa-9c54a6391153ec,src-1501b81516484d1f,construction_inspections
tpa-baa8e395ed577a,src-23c530511071f29c,construction_inspections
tpa-fa95762e9cee3a,src-8fcb1052b43f447c,construction_inspections
tpa-40cb269eafe497,src-944663284861fb0d,construction_inspections
tpa-6ddb25d7eb7ef2,src-eb6a64f10dff671f,construction_inspections
tpa-aaa8a1b41946d4,src-3a1145eef8d4e095,construction_inspections
tpa-ca325157830d7e,src-7cc804f6753f61bf,construction_inspections
tpa-92ae634ad585a6,src-6b000cd9f9cd1be7,construction_inspections
tpa-4f57106add2fad,src-6d6a01a727d6c817,construction_inspections
tpa-fcc624ab9f9786,src-37b0fd3fa8d44aec,construction_inspections
tpa-1f727ef9bba71f,src-e84b6051bed31ac4,construction_inspections
tpa-494ec0a1c20af2,src-a266235faedacdcc,construction_inspections
tpa-33ef6f465319f0,src-fadae6d73d12815b,construction_inspections
tpa-8035eaf30fb2d0,src-eec15e4e1d2647e0,construction_inspections
tpa-d3e811c6a7dcf4,src-7e1e84111a6bbf68,construction_inspections
tpa-81d240d673ea96,src-0b124ade70e34a35,construction_inspections
tpa-f005ba6ac4c7ca,src-309ef2e7574bb784,construction_inspections
tpa-0ea5310ce6574d,src-a08f23087498c985,construction_inspections
tpa-8816aa02f1e887,src-8fe19501d5b7eb50,construction_inspections
tpa-176b1b1474a2d1,src-dad76ea9f80c84f1,construction_inspections
tpa-aa3bcf451f27f2,src-5bcf680cf34ca7c8,construction_inspections
tpa-3874efd8d5b4cd,src-686cc6878a5498d9,construction_inspections
tpa-2760c5a91cef80,src-3f7e3778712c2da1,construction_inspections
tpa-2b2003cf36c22b,src-65790c23218e3fed,construction_inspections
tpa-1ca4868f51ccb0,src-c99010c8295d9d0d,construction_inspections
tpa-d0b61cd3ae5925,src-d01777fda406f344,construction_inspections
tpa-88d4884c01d2a0,src-a010c5692427f2e8,construction_inspections
tpa-55994db8d9a542,src-ccf407728aaf1f89,construction_inspections
tpa-70de17b91f6c6f,src-6cc4de08c99fa622,construction_inspections
tpa-52a4a31d92ae19,src-d986b2261c03bd98,construction_inspections
tpa-b6d123a7ed8047,src-2d4f4622346fed2a,construction_inspections
tpa-e461fcf6cc2f9a,src-e697018253b439e4,construction_inspections
tpa-6b3c6c3585b6a5,src-e6b48eafa00e22ad,construction_inspections
tpa-fd24d8d6a7f5ae,src-dc4fa6c9a205f747,construction_inspections
tpa-17e38a67e8b145,src-eaf60b614fb98bda,construction_inspections
tpa-433c7a8588cef2,src-d79490156747966f,construction_inspections
tpa-852dcafa1a5c8a,src-284a39d4a63114ee,construction_inspections
tpa-a04c3a125e99bc,src-e0b2f14f7162ff3d,construction_inspections
tpa-0b0402a4340fbe,src-120bede83b8b194f,construction_inspections
tpa-faba22fa5b0779,src-edf768dc4559a31c,construction_inspections
tpa-0fa70169ac2776,src-0c1bce6a1d7cdf9f,construction_inspections
tpa-a065ec683b6bce,src-5aec3d731a2cb1c5,construction_inspections
tpa-3a196b0bd9fd3b,src-b9f2ab2248b89058,construction_inspections
tpa-9276f97de18347,src-b5f1f760d93f37f5,construction_inspections
tpa-3d458e0e6126f7,src-d84edaf0cf3bca69,construction_inspections
tpa-5dbbff470bb4ff,src-0ca2c22e7e03b696,construction_inspections
tpa-b8b42dd6844938,src-7dc5904cf383078b,construction_inspections
tpa-b202e577ac3667,src-d16b95c1542aab3a,construction_inspections
tpa-6cbf8eabbceeda,src-37f339d4d0c08410,construction_inspections
tpa-c0a1f06e72faab,src-0c4b4b93d041cf5e,construction_inspections
tpa-57ef92240b13af,src-537eaa2cc7246147,construction_inspections
tpa-a711b173a0e4b2,src-23127ac7e80e5b1d,construction_inspections
tpa-45a18a6899829e,src-d71077f430843c52,construction_inspections
tpa-3274571af95bf9,src-124194a840748dfa,construction_inspections
tpa-a25f22f42b1765,src-fa8f7dcfaa0505b5,construction_inspections
tpa-15d176e8cb7277,src-7146211b9e7e3579,construction_inspections
tpa-4dbada28c448f4,src-460091331d310b0d,construction_inspections
tpa-d23b5acf86b836,src-982c162984e6c154,construction_inspections
tpa-1ffad5a01b12a6,src-31468255a895aecf,construction_inspections
tpa-009358e75a4788,src-9be7f9b0c0b54f8f,construction_inspections
tpa-8cff9259bd2288,src-212822a45929cae6,construction_inspections
tpa-abedb808985d4d,src-96a982dff7179ddb,construction_inspections
tpa-6d768f585bcc37,src-a494084b436e060a,construction_inspections
tpa-a0a54cbd576262,src-d8bfe34049920222,construction_inspections
tpa-700e4b3f9e7f14,src-2868140dd47e4d5f,construction_inspections
tpa-1bf44c73051347,src-102847572f5f10f1,construction_inspections
tpa-15df1cf18f394d,src-876ea0d5c5a25e45,construction_inspections
tpa-a125fd1eb7d7a9,src-ac969d5d826f5fa4,construction_inspections
tpa-0fde779fe2a9c4,src-64dfd6fd82feb6c4,construction_inspections
tpa-3618f2a543ed8a,src-112ed4b1c2d4e95d,construction_inspections
tpa-904f5483252c85,src-6ae2401887e80bf2,construction_inspections
tpa-ba12b7c98b79d7,src-d8085a6a0b0083af,construction_inspections
tpa-7eab775596cf4f,src-6e04cd5f3a6fd6e6,construction_inspections
tpa-2cb63771f0ef30,src-bb5e9dc640f1a9a5,construction_inspections
tpa-f5dc63d4e089c2,src-609f205b12d45c28,construction_inspections
tpa-7efc45bb2b927b,src-e923d3485349f172,construction_inspections
tpa-c7e42772bde1b6,src-b494d04cb14b62f2,construction_inspections
tpa-f776784384cf54,src-08414e2cc3b90e28,construction_inspections
tpa-b7cd4c2038e29e,src-a05703a9106db5d5,construction_inspections
tpa-80956699fab5cb,src-87f7f264c2bd269f,construction_inspections
tpa-92be969f635e51,src-c026b0699309107e,construction_inspections
tpa-44cbb9968bddf1,src-c921a8a49afefafa,construction_inspections
tpa-5edac2bb11d5c7,src-0e8d7d2a149da795,construction_inspections
tpa-9a9a67e425ce79,src-13eb7ee7f411b251,construction_inspections
tpa-acc4c71e80f996,src-eb0830078fd95d98,construction_inspections
tpa-7b8a085843233d,src-60c0b559fc71a8fa,construction_inspections
tpa-2c1e671440067b,src-b5cde1cda533409a,construction_inspections
tpa-0b608cb967f98d,src-397ccb357471191b,construction_inspections
tpa-a087942a91ff27,src-b266256565880823,construction_inspections
tpa-0b569ee2338a70,src-ee225e1d484ebb80,construction_inspections
tpa-49c97ccb6a1b37,src-4645232f19ffd520,construction_inspections
tpa-5e14926a7ea707,src-4618d963c2e7262b,construction_inspections
tpa-3b2784a88e16f4,src-6c84709e16f508f1,construction_inspections
tpa-6446694fb39caa,src-ef7fc1470a05f356,construction_inspections
tpa-ba274783ba6307,src-cd8816e4cd9e0518,construction_inspections
tpa-8243ac12889285,src-48b230256eb51093,construction_inspections
tpa-e04341b535c475,src-6f3d9d73d803f80f,construction_inspections
tpa-7f775e9fd5ae2f,src-d6ca4c1df3ff2d2b,construction_inspections
tpa-28f8c72d6b0e22,src-0fe3d54abf2fcbe0,construction_inspections
tpa-28f8c72d6b0e22,src-869918cfd8732ebe,construction_inspections
tpa-8562549d167076,src-5165e6b069b0c677,construction_inspections
tpa-8562549d167076,src-7f5d142c479ea671,construction_inspections
tpa-1d3edffd3bbfbb,src-f8665d48ea4f9cb6,construction_inspections
tpa-b83ae7596c2b12,src-ff729b21c980210d,construction_inspections
tpa-b55e43547d1026,src-b0043223c6f636c6,construction_inspections
tpa-ca9e256b1e6b19,src-e34fc06913129754,construction_inspections
tpa-3827636b923ac2,src-292f5a7dcf861954,construction_inspections
tpa-2b04ea44bf5066,src-75c219ad4b16e11e,construction_inspections
tpa-58078df1dff149,src-3e149b2e6f53094d,construction_inspections
tpa-905f882ce21996,src-1c0db35c99fa9656,construction_inspections
tpa-f89a2b23fc4796,src-9095a9733a316838,construction_inspections
tpa-d73d391bb9871d,src-e614107611f2a56c,construction_inspections
tpa-818bf305aaa4ba,src-dcf4ad2f68b5ccdd,construction_inspections
tpa-6f3b20ba1aec1d,src-3b8e9ec6c1b892ed,construction_inspections
tpa-67b17fd414a200,src-859a58c38a5efb79,construction_inspections
tpa-646c629bbfb161,src-fb2a8dea7b5bcd85,construction_inspections
tpa-8eceff8ff256c2,src-c4aa38caf8cbb52f,construction_inspections
tpa-8d060769b5d6c6,src-d8b5fd5598da1940,construction_inspections
tpa-0efa038e8d2ac0,src-ef13602330e139bc,construction_inspections
tpa-0051208ccc93a4,src-31f5e01360de5a8f,construction_inspections
tpa-e74dc727132f32,src-477d14d8d08e2566,construction_inspections
tpa-4170383a03002d,src-66682102c2a8b002,construction_inspections
tpa-48d9713e1c0512,src-a20488bc3d26d77e,construction_inspections
tpa-e6d277fcc50d5f,src-81cba9018d13e1fb,construction_inspections
tpa-f814014293a184,src-00bc73f79af9d677,construction_inspections
tpa-09f2fe9182aed4,src-658987f67e03f56f,construction_inspections
tpa-8f1e44bcbcfc75,src-d59bc6d8892a390f,construction_inspections
tpa-e0221199d1fe5a,src-da18d81112d50121,construction_inspections
tpa-76a1eb468c2cd7,src-c15dab3cbd6de223,construction_inspections
tpa-819a16174b0019,src-112da09cd8ab2e81,construction_inspections
tpa-d6ef16e5147ef7,src-3851ff93adeb9e9f,construction_inspections
tpa-88977bd7316473,src-b64257bf82743dd9,construction_inspections
tpa-b1d62c11bcdba2,src-502be50123339bb5,construction_inspections
tpa-fa577ff24524b0,src-f6ba8afdf3b9d497,construction_inspections
tpa-9744ddc7007e9a,src-cad8b9c9412841cc,construction_inspections
tpa-7c2edb55a5a8df,src-54436f9cd77dea05,construction_inspections
tpa-ed726caf8d2425,src-aa846ea74613ca6a,construction_inspections
tpa-d5fe28fc2fc8e9,src-d28cc5a0ceb442ed,construction_inspections
tpa-b0d9e502313fcd,src-f5ecd69d7deb6724,construction_inspections
tpa-28a18bff34d440,src-6c2ebac0ff799b43,construction_inspections
tpa-585b541e399f4f,src-2ebe22a9c8f62d8b,construction_inspections
tpa-a19bd1596ee330,src-6d7c175738314635,construction_inspections
tpa-43b56f2c7f7d4d,src-5fe30e8ecbeb2769,construction_inspections
tpa-6cfb3c773ef9bd,src-96d6aa7cdcc72825,construction_inspections
tpa-63587a3bbee76a,src-645ed83dbdf9513f,construction_inspections
tpa-f93c145f70d0a6,src-39c9403dc07cd813,construction_inspections
tpa-fefc0116fce2f0,src-d1b9a48710272b8f,construction_inspections
tpa-94478aa7f94d86,src-82bb1f7e924edcce,construction_inspections
tpa-8132f894b2e704,src-f8852bb3e7f84655,construction_inspections
tpa-158be628a68d75,src-d0eaf982f3129f04,construction_inspections
tpa-92822d71aa5d89,src-492b9c2d3cbb03a5,construction_inspections
tpa-2797cd81a69511,src-f64fe1cad7aa8d7f,construction_inspections
tpa-b9d17bc37c853a,src-11861aa4f6b12366,construction_inspections
tpa-9de258bd5a0496,src-398bad211c503d81,construction_inspections
tpa-5ddea2b3381e8a,src-6995b44851df0d82,construction_inspections
tpa-215d5d3c0c3c5d,src-5b3b75b90cfd6708,construction_inspections
tpa-d4ecf97bf81eff,src-467cd432bd532734,construction_inspections
tpa-2a313fd594717b,src-8f808a3eee0ce318,construction_inspections
tpa-47521b98fde6e1,src-df8fe32a8bb75409,construction_inspections
tpa-022084e18e2b47,src-5cda1b8d15386b71,construction_inspections
tpa-6e386278dacae7,src-f2db909d8e6acbd7,construction_inspections
tpa-1afca5c72c8207,src-73ed5c1c91293386,construction_inspections
tpa-0422d5e87e20d9,src-01c1c6fa4daac247,construction_inspections
tpa-e9576d204bbec1,src-022a62fbd7fc454a,construction_inspections
tpa-16159d096459f5,src-5ead80440963e185,construction_inspections
tpa-8dfd99cc25e194,src-17ce77d1826dd293,construction_inspections
tpa-e480f8b52b8eaf,src-7e64b317f33022bf,construction_inspections
tpa-212f4b7da655ab,src-0b7ef3fdc59307df,construction_inspections
tpa-3ecddeffe95104,src-ea11c7b9fe3242ba,construction_inspections
tpa-82053ba0485539,src-ea92050c5fd988de,construction_inspections
tpa-db60401e61aee5,src-8bc104bc4c1e98a8,construction_inspections
tpa-a34f0d6900f461,src-cfb281019468ce07,construction_inspections
tpa-704bbf6add6098,src-0105f7be07800696,construction_inspections
tpa-1a111c0a9b6eab,src-2affdb2d20e4c371,construction_inspections
tpa-6d194c4d68193d,src-c0930032cbb1f0a7,construction_inspections
tpa-0490063b3e568a,src-c9ec22d24ec7e003,construction_inspections
tpa-7e71828d580d98,src-dbed36b685b1df6f,construction_inspections
tpa-17620d43eaa85b,src-ef25d2044137e257,construction_inspections
tpa-c100fe141bd14c,src-79c5cdcea6b1ee49,construction_inspections
tpa-91940a8dd83922,src-2a11a226f52cfe07,construction_inspections
tpa-360ec28e959ae1,src-5646ee4b50fc10e7,construction_inspections
tpa-4b7d361b594460,src-2bb0157d9db7e603,construction_inspections
tpa-81162c29a3e0ab,src-0fcc333b9a11ca1b,construction_inspections
tpa-9e41e15e70eadb,src-ccc3a028c2c5c97a,construction_inspections
tpa-c7aa17d284f934,src-91949662fa9cc519,construction_inspections
tpa-2106b896c6626b,src-fec7603c9c20c633,construction_inspections
tpa-bc0025497d20e9,src-824b2e570382b520,construction_inspections
tpa-6fb19cf83b2450,src-141580d6b5dc3fa5,construction_inspections
tpa-71767b2c2971db,src-58964b0f41df09c4,construction_inspections
tpa-2954d823ee84c4,src-bbb03795a34ab560,construction_inspections
tpa-b05a1f734ed809,src-964be6046fd276df,construction_inspections
tpa-37038019f0d9c7,src-1b9b09d9e5f9dd58,construction_inspections
tpa-87f0e0bbc35139,src-b35f454bf7bb0735,construction_inspections
tpa-258f31363285d5,src-3572d42f14bc95e1,construction_inspections
tpa-694913f2275722,src-b50b59e5dfd359db,construction_inspections
tpa-260234d360f440,src-a0ec83a18652ceb7,construction_inspections
tpa-f0f52df9113612,src-beac19798a9d0bae,construction_inspections
tpa-4fc785eb1adbcd,src-b86698ccb6693cd9,construction_inspections
tpa-efab2ab60f4711,src-29b1179e0d045888,construction_inspections
tpa-4571bc38109543,src-494c2c56d2cfe732,construction_inspections
tpa-4b10a67abddeab,src-b1b7454358825ff8,construction_inspections
tpa-a6b6c21aef2b55,src-0ce9d8062d245374,construction_inspections
tpa-e5711e1ef9cf1c,src-2121132cf8d4923a,construction_inspections
tpa-b0076654f5fc59,src-12c57c7538baa32f,construction_inspections
tpa-2b6182051006a6,src-2d6d0cf52e44cf92,construction_inspections
tpa-da1ebe8bb36da3,src-567e12d29631c490,construction_inspections
tpa-6570fd2dad5eb8,src-059441a5825aa14b,construction_inspections
tpa-1edc2e6fc9be50,src-65730d5663e35fcc,construction_inspections
tpa-8e6c36a66c9e53,src-a704de5db968f1da,construction_inspections
tpa-8922d966245dcd,src-20c2ca0e74c82872,construction_inspections
tpa-2409904c3111d9,src-08729a1cd683be63,construction_inspections
tpa-edb6b06cdc00a2,src-7429db5709f95235,construction_inspections
tpa-cd77580601088e,src-85eaf1de79ab1a96,construction_inspections
tpa-1c4f1ad885e95c,src-8620b6eb0620a624,construction_inspections
tpa-edbfb7ebee2316,src-eb55af29f5c43839,construction_inspections
tpa-d60f7ed42f12b8,src-bc57d6fd997b065c,construction_inspections
tpa-18e096e88663da,src-1a5a543a10c4fcf0,construction_inspections
tpa-20635c5f8dbcac,src-b6ee4b77fbca209c,construction_inspections
tpa-b5e9db01f40cb5,src-1709b6d936bef8e9,construction_inspections
tpa-b734ec9fa69d68,src-f329ce14f8df5d4e,construction_inspections
tpa-774498353611af,src-27cb04fcc4deba1f,construction_inspections
tpa-43ecee68ab83b9,src-a77f4ead9e423c14,construction_inspections
tpa-61a20c8f3ca0c8,src-daa86062131ab534,construction_inspections
tpa-e9f3b7b45964df,src-b697f626a6cda6a5,construction_inspections
tpa-aa3498028f794e,src-bc1c2f42ab1f61b1,construction_inspections
tpa-2f2b414a14818f,src-0b1f9b1c7d4169dc,construction_inspections
tpa-60361dda62d12d,src-ca66f5969edbbce9,construction_inspections
tpa-993e246a4a3e80,src-19f455b8b59b36a6,construction_inspections
tpa-d07db3c4884ca7,src-80cf5d8f2874b799,construction_inspections
tpa-cdc9bbddc05a3b,src-fe779de867fb76c7,construction_inspections
tpa-b30cb23fd27905,src-850c992dc549ba83,construction_inspections
tpa-5ce8d4e09ad309,src-00071c5658342e26,construction_inspections
tpa-0fd134128f35ee,src-de978eeac2758f38,construction_inspections
tpa-9cac43e7cfd31f,src-9b6928045253c79e,construction_inspections
tpa-d49b4d1da9d589,src-4d5442025570f8ca,construction_inspections
tpa-dfb4611d7ef86c,src-9162655af5141322,construction_inspections
tpa-8d4a7ac2999f35,src-ef8c4a66c1d247f3,construction_inspections
tpa-f1c346905aac98,src-085b8496182efe76,construction_inspections
tpa-253ef09eb372fb,src-b0a4ed06e738e1c6,construction_inspections
tpa-271db8825e0e84,src-6493a8c7692ed4e0,construction_inspections
tpa-37ec9be687a3f3,src-030577558f2d1029,construction_inspections
tpa-b67df26aaa27de,src-32f1678b4cebbe15,construction_inspections
tpa-3d06c7470d2ddd,src-0268728fc9b34037,construction_inspections
tpa-ae1d2e3d8ddb67,src-aa752d7ad5476bf6,construction_inspections
tpa-2eb5e7452bcb99,src-b45478505f5f026f,construction_inspections
tpa-85ff5692fd322e,src-05a27775ec078d4e,construction_inspections
tpa-db9a9189a37464,src-a21c1a8ab9175127,construction_inspections
tpa-554bbb6a5b049d,src-16a5a2109fd55b2a,construction_inspections
tpa-aef61143e34319,src-a54bf0726c6f5ecf,construction_inspections
tpa-67a473ac2f51e2,src-ed6047339b1430c6,construction_inspections
tpa-e569e3e0d0bcef,src-fb504d2ec46d87a5,construction_inspections
tpa-eda1dc4477c9ae,src-e3bf9b3d10687f5b,construction_inspections
tpa-07dc38c1c7d2e2,src-5830cd6cbd9ad0c8,construction_inspections
tpa-4b4c38aac05080,src-4e44f6aeec40f335,construction_inspections
tpa-df14aee6dd8645,src-2cac9237939509b2,construction_inspections
tpa-51e92c2b4dad6c,src-6ad953a1f4e00425,construction_inspections
tpa-96e9a07cfc377c,src-0e0a470aedecaa85,construction_inspections
tpa-c8ada6ee2ccced,src-1d9b0d03f28a49e1,construction_inspections
tpa-90de174e83b74c,src-cf16e85f04ace76c,construction_inspections
tpa-088bffe24bb84d,src-e3de0be0308fb988,construction_inspections
tpa-ff85739d8f2b03,src-4a0af587d1ff5710,construction_inspections
tpa-bc2162217a78d9,src-abe8c1ac094458e9,construction_inspections
tpa-1a8c85052d58e2,src-6833499cca1952d4,construction_inspections
tpa-08a8fb6d3fa153,src-61eccdbefebd8585,construction_inspections
tpa-eac79b260ba102,src-f9a2595b93ac8d3e,construction_inspections
tpa-d9253063bbebde,src-a79833d0ace107a7,construction_inspections
tpa-3c65b235aa6111,src-e219eca6a3353554,construction_inspections
tpa-82bf9504a77e68,src-8a018d4610db2ea8,construction_inspections
tpa-40afd2461bdbb8,src-09a3cd41c0ae7749,construction_inspections
tpa-3b19e8f337eadb,src-a1694f58fb50b8b7,construction_inspections
tpa-b7057af33d1ec8,src-04dab44c31f39b7b,construction_inspections
tpa-ff638c7e84d308,src-6218d5905f7287bd,construction_inspections
tpa-d2388e0b125356,src-8d1191a7f5287c57,construction_inspections
tpa-9578bf844ee6a5,src-b704310ac8d9efad,construction_inspections
tpa-de2662e27041b1,src-b1c7e4eb9f2b56d2,construction_inspections
tpa-db1cafd7932446,src-dc7a30a1f4c29426,construction_inspections
tpa-e16ae297c50d4d,src-3f17da3bf0b35c60,construction_inspections
tpa-31f7c80ca113cb,src-7aceb68fd7d8fd4f,construction_inspections
tpa-3e50b553961232,src-b0904eef94c87fe5,construction_inspections
tpa-754dfcc68574e8,src-19c6e48f32552a3e,construction_inspections
tpa-6488b5d3bc482a,src-e45feeded4aad086,construction_inspections
tpa-7d1bfbd51c0c29,src-df7836ed87ce3469,construction_inspections
tpa-59fd2890348539,src-cd1abaa2a647f1a3,construction_inspections
tpa-e53c7d6a4828f6,src-48f67774dbb0c923,construction_inspections
tpa-e68c94da0124be,src-6206dd5d7a67f215,construction_inspections
tpa-0fea9610772193,src-7cde308a763858b9,construction_inspections
tpa-46720b23e3764e,src-dd409010d3dd0706,construction_inspections
tpa-0e9873042aff46,src-fd5ac8319820c24b,construction_inspections
tpa-0a5d28c210c199,src-5b523cb82867fc89,construction_inspections
tpa-8c58d62fe68f3b,src-650bd014d36464ef,construction_inspections
tpa-37b93274858f64,src-7024b147cc14b594,construction_inspections
tpa-7eeb547df4703f,src-ae6ba185b813918d,construction_inspections
tpa-fe0f6a6f89253f,src-2f9854faf5a86b1b,construction_inspections
tpa-6420e9a22f3412,src-2ea8f1ee04e5a379,construction_inspections
tpa-4fcde30f1f4741,src-7ac8f103c1479c32,construction_inspections
tpa-d8567146a99f20,src-6adbfdc3bd400e16,construction_inspections
tpa-b953013a2ad9df,src-1d1c1a120352572c,construction_inspections
tpa-45c5f52620299f,src-463b8a1e7518bc89,construction_inspections
tpa-d41d095fad1550,src-c5df6eed7b1074e0,construction_inspections
tpa-379203eacfc71e,src-5fd9b812c456e99a,construction_inspections
tpa-0d141ecfee0746,src-b7440168ad97b28c,construction_inspections
tpa-075e2408573921,src-cbbf56ab978a827d,construction_inspections
tpa-f473ef71897334,src-7c96656fa1fd142b,construction_inspections
tpa-3051a2d2dd6c06,src-cd4399c5633bfeb0,construction_inspections
tpa-5eb29ee4a4d538,src-882b1c0e5bffc694,construction_inspections
tpa-ee1fc38c2dc4c9,src-71cf572a9c77bf7e,construction_inspections
tpa-3ef11c4bb58db3,src-ef63a78f324bc9b2,construction_inspections
tpa-7edbd4127ed83c,src-1e091d72426cb056,construction_inspections
tpa-43650a22a16d58,src-618fd87a000d3792,construction_inspections
tpa-3a153ab81cb8a0,src-c754bf2de86ee119,construction_inspections
tpa-38287c94c71e1a,src-9e898cf625213af0,construction_inspections
tpa-3639e1c15e99da,src-3edebeb2d842a2ac,construction_inspections
tpa-50a55fe9574bba,src-9f64759e6c589777,construction_inspections
tpa-3f9cab2551feaf,src-c7e05639f2a2d637,construction_inspections
tpa-ac28b98ab71c24,src-f237cc0784720c65,construction_inspections
tpa-4c246d6e79ac53,src-8af6dbbe14cf9b0f,construction_inspections
tpa-f9aef3c4edfe77,src-a832ac6aea898a47,construction_inspections
tpa-35fd6aa177596b,src-3b88db97c0b83a10,construction_inspections
tpa-89e436a5fab5f4,src-e8918af619495925,construction_inspections
tpa-bd44a66e3eb471,src-cb1c81527986776b,construction_inspections
tpa-199558d5ac0494,src-d3656a9ef0111c72,construction_inspections
tpa-3cb9596fbdb755,src-aad0ea728b79824a,construction_inspections
tpa-c6c3dc6fd32aec,src-0112598d5a565ac6,construction_inspections
tpa-b20815fba512a8,src-38414a803c58b2ea,construction_inspections
tpa-ebfa8a0fcecc01,src-5a49a1ef16960818,construction_inspections
tpa-031acc7fb95423,src-b511792ee755727b,construction_inspections
tpa-5a2855c2d4a0cd,src-84d573837f192dbd,construction_inspections
tpa-df334546788b12,src-85e29940c593ae30,construction_inspections
tpa-381a64bbea19a7,src-b19533351ba7fe73,construction_inspections
tpa-5e5b275fabebe1,src-d28e89c70c417d01,construction_inspections
tpa-3cd448fdc2d166,src-cc1041f6ef81c02e,construction_inspections
tpa-76c64af42041ad,src-78089ffee8cf9953,construction_inspections
tpa-1e226b69b46a00,src-574a5d8672ba5bce,construction_inspections
tpa-03f4eacb9e9ccd,src-6e7b1f693e37e77f,construction_inspections
tpa-436314f6369a61,src-204f33b201b50cc7,construction_inspections
tpa-163c69906d3b34,src-2ffb8fc6f0d44ba4,construction_inspections
tpa-686cd083024813,src-50c7f0949709890d,construction_inspections
tpa-a358e7e7eb9dd4,src-43860d0a3023c6ed,construction_inspections
tpa-983c034dbb3fcc,src-0b801ebf8953f44a,construction_inspections
tpa-609079756e9d31,src-1a78fc9abd1aeec8,construction_inspections
tpa-27735279b63678,src-a1556d698c73e913,construction_inspections
tpa-086f085c9745ac,src-1ea7c17bf18c6d5e,construction_inspections
tpa-ac668aa696964d,src-e8d110367c5b707a,construction_inspections
tpa-c8f27354617910,src-85ca069bb9623353,construction_inspections
tpa-f2a915974251c3,src-460ed0836de8e5b7,construction_inspections
tpa-529abdbb121692,src-8951546716aaa965,construction_inspections
tpa-d8e87cad4b987b,src-5a79d3acfb56a221,construction_inspections
tpa-f55bc87e7280e3,src-23d8a52f10929e03,construction_inspections
tpa-d987e6142b19c9,src-e57566d96e479d0e,construction_inspections
tpa-0acdd1aa919bd1,src-1f193072bd36d0dd,construction_inspections
tpa-97607c955ac60a,src-ade79eb1ae81819b,construction_inspections
tpa-4078c2be435cbe,src-5093988909bd8468,construction_inspections
tpa-f3746085832903,src-8a4e46154979d286,construction_inspections
tpa-fd1ba9d7259b0c,src-87e948dcadb3dbad,construction_inspections
tpa-b2875b0bfa679e,src-877292219a67bf3a,construction_inspections
tpa-cf20210056fdb1,src-6f342814b19fc423,construction_inspections
tpa-c9a2c14b60b00b,src-4114240aec7a5d9d,construction_inspections
tpa-49df2329e611c4,src-752e2067ad1d2923,construction_inspections
tpa-633c25e31b200d,src-ff10101bb2cdc69c,construction_inspections
tpa-7c17b9dc32322f,src-b55b9778b840f770,construction_inspections
tpa-3af3092a60248c,src-166c92ec6a6b4594,construction_inspections
tpa-9bc34cc1b51f02,src-04ebddb0eb7d0e0b,construction_inspections
tpa-1f7b8657f945c4,src-5cc9cb1e8e923377,construction_inspections
tpa-8353b973768662,src-604de08b089c202a,construction_inspections
tpa-0daba79fdc3269,src-1a18b8b01447b0d0,construction_inspections
tpa-96d639fe826fcb,src-5cb60d94919a5586,construction_inspections
tpa-fc7d10ebb69b2a,src-5ac578e100acb73e,construction_inspections
tpa-5b423f5abafef7,src-e7c700220e75e2b6,construction_inspections
tpa-bb3d36d298a4a2,src-3158680940621274,construction_inspections
tpa-259a4c5c8153e0,src-60082b714a06b555,construction_inspections
tpa-e87f1903144bee,src-ae598bd67c1e2826,construction_inspections
tpa-e0b9ac06d97644,src-7481ec3734a9d057,construction_inspections
tpa-3330613be7800c,src-6ceb8b5fdb7ba671,construction_inspections
tpa-71c858b9c41e6f,src-9a464e062d9eea91,construction_inspections
tpa-a39669515e2c9b,src-b7c4bebf2484a274,construction_inspections
tpa-5ea84d6d10ea0a,src-5ed06fe6127172f8,construction_inspections
tpa-63b2e4c2238811,src-9c4dbe3d2c9e1c77,construction_inspections
tpa-6b56a9668ca19a,src-fc64905868119105,construction_inspections
tpa-25b48cee081220,src-d929653b1e6c42ee,construction_inspections
tpa-0c4ab8da911caf,src-9f831388540a7556,construction_inspections
tpa-035596f887e57d,src-4e1e02722103cc85,construction_inspections
tpa-9cd7b2c5935475,src-25dc08cbfbe2c213,construction_inspections
tpa-2a192ce3efc20b,src-25e1017a53503113,construction_inspections
tpa-09b2b1642a06c4,src-7fd12c2597cd9abb,construction_inspections
tpa-3e20d09012ddfd,src-479b68868e12b97e,construction_inspections
tpa-281313a5dff50d,src-c62c8d61201f73b0,construction_inspections
tpa-545dcd09ed5ea8,src-acc095c340ec544f,construction_inspections
tpa-237db3339d402d,src-5cd742c1f4218ccc,construction_inspections
tpa-874737bc1866fa,src-f6239488a86f6b64,construction_inspections
tpa-3298d936536de7,src-64570a3bfafad68b,construction_inspections
tpa-b46d60be29f118,src-d4857da9b4b165cc,construction_inspections
tpa-5e50ada2e37707,src-8ce1196246b10568,construction_inspections
tpa-d92ab904233ee7,src-2f321622992211bd,construction_inspections
tpa-d3997734b5a72b,src-7fc851c99faf4b84,construction_inspections
tpa-ca031ac73b0ce7,src-f2429fbc11276665,construction_inspections
tpa-5a7ee21f33aa95,src-db2c6445cdb8ab83,construction_inspections
tpa-9b94380a2d785c,src-449225797cae812b,construction_inspections
tpa-083c84e157ff09,src-7d33e0a6aaf8f35c,construction_inspections
tpa-78dffdbeef42f3,src-c43772596a120ee2,construction_inspections
tpa-db0b6fb37d3cbc,src-4480c2aab429099e,construction_inspections
tpa-a6a1fbac64bb45,src-1856a30bc6a48ea2,construction_inspections
tpa-11ab0bcae62957,src-11f5401729b2e61b,construction_inspections
tpa-d5946d47acbbef,src-4dd42814606c7923,construction_inspections
tpa-3c7b510d74f0d2,src-e6ec737838ff140f,construction_inspections
tpa-a760f46535fdbf,src-42a68c3ec7b304f8,construction_inspections
tpa-00776d88600129,src-581ccee2caecff44,construction_inspections
tpa-82fb541288a334,src-d3cd4ccac86df3b8,construction_inspections
tpa-2104d1fa993545,src-649986b13539a8be,construction_inspections
tpa-6f672b1636c2e4,src-79a37a938ee7740f,construction_inspections
tpa-13060b4acc3cc6,src-53cd202e994eff1e,construction_inspections
tpa-c30629eb839425,src-15a049a123779fb2,construction_inspections
tpa-0fef0ac180ea13,src-a19414350d1c7194,construction_inspections
tpa-1b0fc3fac3ec80,src-89427bc011ce4a94,construction_inspections
tpa-046c3844bd4885,src-6382029b931b7e00,construction_inspections
tpa-f307a4d6d30689,src-feffdbf0ff4efb27,construction_inspections
tpa-aaefdcacc05ca3,src-233ee22bf7c7752d,construction_inspections
tpa-593929bb1aea29,src-60ad13f0b7dc1248,construction_inspections
tpa-f5522bc66a963f,src-f854bf15628457cf,construction_inspections
tpa-368d2eefb2dae5,src-d001020f548815e9,construction_inspections
tpa-e98ccc9edd6941,src-871319ddca1a5ed5,construction_inspections
tpa-064a5db2f02315,src-4502a973f3feb6fc,construction_inspections
tpa-a27455adc59c06,src-6fc6d14d6a5e0087,construction_inspections
tpa-c467a275b5cfdd,src-04e058778068e0c0,construction_inspections
tpa-8c48073513253b,src-112bf1cd9d7823d0,construction_inspections
tpa-d5bd8924c4c0c9,src-67fa4811791b35e9,construction_inspections
tpa-4f36cc390f77b2,src-3194cdc9bfa45dda,construction_inspections
tpa-612ee6f91257bd,src-72e95f7a31086178,construction_inspections
tpa-1360f2a85a6124,src-0abaa1edf03db356,construction_inspections
tpa-2df987d3832e06,src-d4e29687ca456be8,construction_inspections
tpa-b04c2af81420f4,src-4804bfd5067346c2,construction_inspections
tpa-7541bb02696e82,src-c20d94bb0c4e88b2,construction_inspections
tpa-ef82d5340aadea,src-fcc74edbdba8251a,construction_inspections
tpa-d57b81501ec511,src-e247cbc594cc990b,construction_inspections
tpa-5ddf3bacd63c29,src-c113e09239b94e66,construction_inspections
tpa-ab81895b2e7b84,src-614503361afe80c7,construction_inspections
tpa-513608f341e976,src-6e190c7b3ad4f9b9,construction_inspections
tpa-256afada5fa729,src-39e887ca551e9ec9,construction_inspections
tpa-580491755716a0,src-6820efe577c24d63,construction_inspections
tpa-0f5e6616a6e4e1,src-247a48772a99d7e5,construction_inspections
tpa-5f2f3800790ee9,src-60f37b6469c7885b,construction_inspections
tpa-5b8ba59c499123,src-7c656cda8a8668b3,construction_inspections
tpa-3ae48860549a6e,src-377e2c2883ec1f78,construction_inspections
tpa-73528532e8d256,src-77576d76443b531c,construction_inspections
tpa-1b406d57575188,src-cbce4dd97412cbac,construction_inspections
tpa-db141b7ec62eae,src-d2e87be622bb1578,construction_inspections
tpa-663b101e1e730f,src-985e529b9a150901,construction_inspections
tpa-668104d442a3b6,src-c00235948df5e394,construction_inspections
tpa-a0f925ff4e3c22,src-2be0b68c2e1c5721,construction_inspections
tpa-38200ea0279603,src-8784c432acb1b172,construction_inspections
tpa-6428b950f45df7,src-bc5e9bd70a0b18fa,construction_inspections
tpa-139d4fa7098717,src-b1e1260c23e91146,construction_inspections
tpa-de0a95d00358ae,src-bb0ec905169ca48e,construction_inspections
tpa-7e3de939775c4a,src-083cc53e52df4b1a,construction_inspections
tpa-7d757cf11c37c4,src-52bfc5c50a1bb445,construction_inspections
tpa-9be7dfc1b5aefc,src-5fa62c4bde81f49c,construction_inspections
tpa-3cf1a6cc7f74a8,src-6e010a041e109f26,construction_inspections
tpa-d2f2df1114d193,src-fd9159d4ff8e60ba,construction_inspections
tpa-7e9c85c181e2d5,src-6a3032778a6df38f,construction_inspections
tpa-11fb2558294393,src-197289841fd09857,construction_inspections
tpa-e55fcd51c71619,src-599b76a9b10edf06,construction_inspections
tpa-b2ca052efa8cec,src-de8dff0bedcea01f,construction_inspections
tpa-afdf7f345e76f7,src-89f26e2970b9a35b,construction_inspections
tpa-6c90a7fa496445,src-9a9bbf859b623d52,construction_inspections
tpa-e120a4686f6bec,src-b5e99c94d38d7c5c,construction_inspections
tpa-b0bb329456cf0e,src-004633d671e8f8d4,construction_inspections
tpa-a81cc09ad9ebfc,src-7b3c480d98b97eef,construction_inspections
tpa-9502151b34d7d0,src-5e7184c5a5604c09,construction_inspections
tpa-5151a32793fd96,src-580bbe5ad0aa7fbe,construction_inspections
tpa-7144d7bf627a0e,src-ede25da0cbfb62d1,construction_inspections
tpa-2728e8b1d15202,src-7600624c10e3bfb4,construction_inspections
tpa-6aa848cc903c1a,src-058f178345791687,construction_inspections
tpa-bebdcd63138518,src-51342279e3775816,construction_inspections
tpa-6130343ebd0711,src-b381daf3281aa05d,construction_inspections
tpa-9c0ad79c8c50a7,src-b0dc88312a1c10dd,construction_inspections
tpa-0485c90b800d32,src-0e6cf6d3509f40a0,construction_inspections
tpa-1c438f4915a51f,src-ef8e3bd84330007a,construction_inspections
tpa-320b5d00352066,src-7d2e8be033b276fd,construction_inspections
tpa-68cd950625ded8,src-38cc2f707a754092,construction_inspections
tpa-70c8b4f49e50c0,src-177f250f2f7ba341,construction_inspections
tpa-1b963d4645f759,src-6ab0f413925cb6b0,construction_inspections
tpa-fa5391f50f0e21,src-e3a8c204c52e2960,construction_inspections
tpa-956e90fdface6d,src-b3be36b2ea9ea46a,construction_inspections
tpa-bed663e835a942,src-01487134943cd0e7,construction_inspections
tpa-60104dd6a45479,src-61e9f1f405301444,construction_inspections
tpa-03dadef11f47be,src-ab9b84cf064cc972,construction_inspections
tpa-594b4eb16f432d,src-541b798bff193ffd,construction_inspections
tpa-5eff1f232970d9,src-9d3c6e18da35a93f,construction_inspections
tpa-db527c96989794,src-1e9926b2a4b34ad6,construction_inspections
tpa-5d063d36f15c53,src-5c9ffc33c28f20d1,construction_inspections
tpa-8728f42238880b,src-2d9b7d911319cbc9,construction_inspections
tpa-8bbd11bdb3afe7,src-0811ae876daddff0,construction_inspections
tpa-493ce323178e6f,src-a55567c2e6cd4e57,construction_inspections
tpa-4fb3c875f7fd4c,src-c3dde96936c6100a,construction_inspections
tpa-babdcdc6bdf41c,src-cd673864a9888039,construction_inspections
tpa-25104efdd1ee34,src-320446db9cceea87,construction_inspections
tpa-9d99da98ce3b50,src-0fafa7e8a87e8e71,construction_inspections
tpa-f8f5d3ef4036a7,src-b858684234e55739,construction_inspections
tpa-16cd3fc57962b1,src-5e731a5bbaa7bf0c,construction_inspections
tpa-3474f9cdbe05bd,src-615d81917db261f6,construction_inspections
tpa-19db7051a542f3,src-587ec0319128ec5c,construction_inspections
tpa-54d69ac39e790c,src-7c31986c134ce898,construction_inspections
tpa-eb8872fc812030,src-b29a2fbed1cedba6,construction_inspections
tpa-7f529ea3265a79,src-220dd9ebad32f970,construction_inspections
tpa-bd5c5c147a6f2f,src-07e9c90ba96b8edb,construction_inspections
tpa-b6416b8ff871ad,src-5fa9101c1092250b,construction_inspections
tpa-c7815e67050ac5,src-24fdeeb6a0da1a9c,construction_inspections
tpa-51f56347dc628a,src-43e741f574b25af2,construction_inspections
tpa-543e744c7a45c5,src-41a9bd35d8b08995,construction_inspections
tpa-4afda99e27baac,src-1e8488cd8bb4f740,construction_inspections
tpa-40b56bd4eb1b2d,src-ca28d86e7643bd6e,construction_inspections
tpa-c1becc3364ea51,src-f54fa5d07f7ef48b,construction_inspections
tpa-9b397376b6dea6,src-a42e7eab583cde97,construction_inspections
tpa-8627ecd355b83a,src-33c21abdcdd2eea8,construction_inspections
tpa-96ddb9c6fa101a,src-12deb5ea98eb5f1f,construction_inspections
tpa-100f353a540768,src-8d43fde93906da58,construction_inspections
tpa-3f887726df0ff4,src-d729579e52aa4173,construction_inspections
tpa-3fffd2b9db4775,src-fbc11f3de960e7f0,construction_inspections
tpa-a91df2a912a8c2,src-0484094c90910558,construction_inspections
tpa-66f26e565f0b65,src-51093c0c9048de66,construction_inspections
tpa-2a61ea68abd0a9,src-70f2da8ecde62fe5,construction_inspections
tpa-4cfa2d4d931d5d,src-9fa23a52eb674f98,construction_inspections
tpa-663802e6093f16,src-b52ef8fe3ddbe752,construction_inspections
tpa-3f916730604201,src-e00b8defba1a7b3a,construction_inspections
tpa-4d6a7f167fb843,src-23724ed02203fe28,construction_inspections
tpa-1807895fb084a9,src-d9ebf339ed23f4ec,construction_inspections
tpa-db4f747ae71be6,src-6ef78d9fb705daa1,construction_inspections
tpa-de1986e29898d6,src-83664c3e8cc77a20,construction_inspections
tpa-1d894556d483c5,src-ec15da1528ef60a1,construction_inspections
tpa-5f9e27e08a8b4b,src-2887ee3a85629eb9,construction_inspections
tpa-215c8d42728560,src-b39ccdfbc5293129,construction_inspections
tpa-8e062cafcda4e7,src-01a511bcc3740ea5,construction_inspections
tpa-04e773a136d676,src-3701b697dba24912,construction_inspections
tpa-a1387768b62207,src-b8e8465e130b0d79,construction_inspections
tpa-6aa946c81585df,src-03b653fca963f69c,construction_inspections
tpa-8130c3e3eefc63,src-dd5ad02e1911c76c,construction_inspections
tpa-5fbcd992c18c19,src-a3402fb7980df2e5,construction_inspections
tpa-a5fb6b48da38a4,src-56d37ac996fb5afe,construction_inspections
tpa-6fdd9525443cb1,src-eb848f436074ce33,construction_inspections
tpa-aef08567fad618,src-2234df6d630ab949,construction_inspections
tpa-c3125164df8d13,src-5109307441fbf767,construction_inspections
tpa-8681fda42dd0ff,src-1fff5a93a6eed69c,construction_inspections
tpa-ca4b91c0afd4a3,src-563758b17f80a185,construction_inspections
tpa-569b7e038594b9,src-5996430a9493f3fa,construction_inspections
tpa-d23e65f8840b5c,src-b2e14946ce1b211c,construction_inspections
tpa-1d7cac32524797,src-852e603975b3bed6,construction_inspections
tpa-3da558f9675dce,src-43700fcf19b16980,construction_inspections
tpa-08d5c649c9a2d8,src-453a9cdf8b8407b8,construction_inspections
tpa-d24e45feb85f81,src-5397b3833c586fbe,construction_inspections
tpa-f41f53d503a904,src-4ea8ee186618887b,construction_inspections
tpa-0a039ea1c848f0,src-d05db1d8210a878c,construction_inspections
tpa-0e0cc6a173a87e,src-93628ba68dcddbf1,construction_inspections
tpa-7d2adae40d5715,src-c0cd7e2524caefc0,construction_inspections
tpa-fc558e82804489,src-8b992dbc4bbfbb84,construction_inspections
tpa-af5bd361327631,src-9f58f91bc3c1fe5d,construction_inspections
tpa-ff6f7e339d9ab8,src-a03210cb0fe577fd,construction_inspections
tpa-229eff317e123e,src-b11c47f5194893c1,construction_inspections
tpa-9d8cbf5ec08e68,src-252ecceebef9d60e,construction_inspections
tpa-91e544c2757aab,src-e236dd689ed409cf,construction_inspections
tpa-f02d82e71f3173,src-be8ab0dd823763a7,construction_inspections
tpa-45c28497bfe1cb,src-290984c0b524d2c4,construction_inspections
tpa-10695f353c80bf,src-3f3a887625a182de,construction_inspections
tpa-faf0c2b102a86b,src-b3a3f3de8c25c9d5,construction_inspections
tpa-d76a66b5a81b1b,src-25c6f179c46a10f6,construction_inspections
tpa-3be8cabde59d37,src-342a2663e829e38f,construction_inspections
tpa-58a22fdea1f2e2,src-c89ec9939d023788,construction_inspections
tpa-b1074c7861e639,src-39c3f6293e034523,construction_inspections
tpa-08ed003ae91c05,src-57dfbb29d3d05051,construction_inspections
tpa-0518d88fb923a7,src-9fc96ebe57538537,construction_inspections
tpa-6a495f5f9c1ef6,src-dafcdc24ec310760,construction_inspections
tpa-21db0f5ecf6808,src-67b6650a292abf82,construction_inspections
tpa-ffc3624f9d8ca9,src-3e2e30803ef1571b,construction_inspections
tpa-9c25465478897c,src-3f113be876cea82f,construction_inspections
tpa-53da7eb6d9d746,src-6a198091636e4004,construction_inspections
tpa-59a7094e9fb159,src-fa745d5627f6545a,construction_inspections
tpa-dc924e01ef07da,src-7d8af8a62ab0331a,construction_inspections
tpa-5cd621a33545b4,src-a80a03235977c314,construction_inspections
tpa-e9be14d3883d5b,src-a488b15cc65575ff,construction_inspections
tpa-df40978b7a497b,src-0f85c835e27f206f,construction_inspections
tpa-755661410676a3,src-7fe1290f68b7a70e,construction_inspections
tpa-c3df4261b7c953,src-e914d31e04ebdeb8,construction_inspections
tpa-346240b8d26b78,src-1e1282d4e9ce86d3,construction_inspections
tpa-e4e8c0c9e5dd84,src-d4ed9a0cb41fa39d,construction_inspections
tpa-9fc6ed7a9d0f66,src-6e0c897fd7e39b30,construction_inspections
tpa-e26578745a33ca,src-5836c86166ccde58,construction_inspections
tpa-8f54fa56da7140,src-aecf9165466cee6e,construction_inspections
tpa-6ee94ca384d4de,src-ff715a017bc67db3,construction_inspections
tpa-4a2fcaec359384,src-5cdef9ba95bb9db1,construction_inspections
tpa-d63bc03b6f4a49,src-e51782e1367f501e,construction_inspections
tpa-59b89738ae30b9,src-339279d02f5cc7ab,construction_inspections
tpa-cb1d1c75cafbd2,src-4906befe52feae29,construction_inspections
tpa-f9064c11524ff3,src-a0c6b0512cf071d8,construction_inspections
tpa-ce1351e2d82b7c,src-44b8f41062003d90,construction_inspections
tpa-b3b4022a0f7a84,src-baf02dc48e4bb7bf,construction_inspections
tpa-f2cf1c54350891,src-a8b125422c706bb6,construction_inspections
tpa-b546910ce4024f,src-ae7be535fb6b79bc,construction_inspections
tpa-eba4e0f3fc1b4c,src-e849d7f291fa3642,construction_inspections
tpa-2ee1e09d1de875,src-eabcb835a3b3a945,construction_inspections
tpa-1893453684f8c0,src-41f5eaa1cc17168b,construction_inspections
tpa-838a75b27ec235,src-a025f6acf221c78c,construction_inspections
tpa-8641520643ea61,src-a0732f2c12e32687,construction_inspections
tpa-52c4b01da44800,src-f6fc51d42c5f56e9,construction_inspections
tpa-62a1bf88971672,src-5739ca4956bd3842,construction_inspections
tpa-c251248ac6398f,src-6d8e4de9e5825c34,construction_inspections
tpa-9ddf0d89b6792b,src-346868f80d401283,construction_inspections
tpa-781436e2c34b27,src-27dab61506893002,construction_inspections
tpa-e8361568210060,src-84e69d03031cc571,construction_inspections
tpa-9af82ea6ec4151,src-fc00f783462d2e9d,construction_inspections
tpa-279970841e96a0,src-942c574c6091e61a,construction_inspections
tpa-dbd81fcd351851,src-bf5f661f5177b021,construction_inspections
tpa-b01b9c13cc057e,src-7b87750444ad643d,construction_inspections
tpa-da537b7a760dd0,src-3ab9dfde89857a46,construction_inspections
tpa-3eed6dfb2cd7f2,src-c9af2ddb41a1a719,construction_inspections
tpa-a465da723602b9,src-6373370611634382,construction_inspections
tpa-3aab97d5974e94,src-862ac90caa771b7d,construction_inspections
tpa-a01d467e73284c,src-eb8b903025b32e5d,construction_inspections
tpa-657ece167efe9a,src-877034e82a46b46b,construction_inspections
tpa-852a28f9e41cb2,src-240e973687ef456d,construction_inspections
tpa-3d150989ee9e7d,src-89aa4bae3cfa486a,construction_inspections
tpa-be30acac1e4c9f,src-7120c769265d275f,construction_inspections
tpa-21932133e7b772,src-89739ab98d991d6b,construction_inspections
tpa-41674188851955,src-5987628604894fef,construction_inspections
tpa-9adb0fb8ab2831,src-742a68df7d549e09,construction_inspections
tpa-4ae47cd42ce59c,src-0cf7e6652cda2365,construction_inspections
tpa-8e65b362912d3b,src-8dcd19ff71cb16f6,construction_inspections
tpa-3858df9ceb789f,src-eb13883c16c50d62,construction_inspections
tpa-156b76fb3af108,src-a0c6841860e320c2,construction_inspections
tpa-24864a02684b8c,src-7ae37c7be4899ef9,construction_inspections
tpa-f0034c2c60e57a,src-9ba494b2ca57799e,construction_inspections
tpa-a430645681cd49,src-aab94fbd98377c8a,construction_inspections
tpa-a51602d8de304e,src-6cd48ca8e47e93f5,construction_inspections
tpa-15a7898f4dbe45,src-2dbc762541947066,construction_inspections
tpa-ac519479f97525,src-6894ca58294574f3,construction_inspections
tpa-8902cc7cf45c0c,src-92832c39f318192d,construction_inspections
tpa-1f87f734e2583b,src-eba809aa705d3f08,construction_inspections
tpa-860244e6764ccc,src-f9398a7342ec6772,construction_inspections
tpa-6f3c917f3dfa14,src-aeea8e29867fe1ee,construction_inspections
tpa-9fe350b4096f8c,src-f3e1e3db7589dd61,construction_inspections
tpa-0f7a082873c34f,src-2288fe8d8ecb7d11,construction_inspections
tpa-9fca9b14fbf60f,src-ed558c729a6ebcd6,construction_inspections
tpa-2cc90e88ce21eb,src-b436c270d71ce656,construction_inspections
tpa-c196f78268d889,src-e76f6c5cead617d7,construction_inspections
tpa-0e3ca7c0fb6cef,src-215137b653a91b52,construction_inspections
tpa-fce9c160cce9b9,src-0b36d2e533be2d24,construction_inspections
tpa-b9da6b435f304a,src-ca40a8c3404bb032,construction_inspections
tpa-f6608d794ac3e0,src-1f6a97f0337500c7,construction_inspections
tpa-cade18fe60944b,src-6ef263d04ee52195,construction_inspections
tpa-7f8d03899dd3d8,src-85d0988c0e40cf13,construction_inspections
tpa-f924ea2357013c,src-bf2edc289c4f7f29,construction_inspections
tpa-e49f80265b837d,src-69c520b6d2bac0c1,construction_inspections
tpa-957272c721aac7,src-7aa0f25010148d0c,construction_inspections
tpa-8276693b74b875,src-0e2cc7bbe483a216,construction_inspections
tpa-c86fbb8e43b1c9,src-db9ec9bfb7b12f80,construction_inspections
tpa-28ba9164dd5e65,src-c3d9c2755d2edcbc,construction_inspections
tpa-bff9b03434646b,src-c1a6228b5cbb6065,construction_inspections
tpa-23ed77f78eb52b,src-e1ffa07c9149674e,construction_inspections
tpa-e47ca3a3851408,src-507e517384701943,construction_inspections
tpa-7dbf32acc8c944,src-c2ff5c1b4551f0eb,construction_inspections
tpa-027b356f1ea6f1,src-9bf62f0fca2f151e,construction_inspections
tpa-69d9fd464d1b18,src-6dab36b284a3f37f,construction_inspections
tpa-eeba449ca2f1c1,src-5ce8995042174e7e,construction_inspections
tpa-2789c09154d621,src-2479cab857a4b522,construction_inspections
tpa-1511eea74c37be,src-8f27920f466d23a9,construction_inspections
tpa-0df38992918c22,src-a1038f64118fd183,construction_inspections
tpa-7c2ff6662b2100,src-155ceefd11fdc9ac,construction_inspections
tpa-5539daa902b537,src-2149f7e9030a38e8,construction_inspections
tpa-81fc874c1e72be,src-109fe2d1433eb86a,construction_inspections
tpa-e16d4a342faac1,src-ba2238ed500d726b,construction_inspections
tpa-939f2777365d09,src-fa6a55369e7aa17f,construction_inspections
tpa-3a5d351545a77a,src-d41edbaf828fd764,construction_inspections
tpa-0e76aa549d575a,src-1bc5c967319cb9d7,construction_inspections
tpa-45807971f6c8ba,src-fab6ef7518cbccd1,construction_inspections
tpa-f56b2f5e87c7ad,src-bdb4b1fe840429b3,construction_inspections
tpa-5ea6dcbde8f52b,src-ed794388bec9551f,construction_inspections
tpa-f54828c2031d5b,src-9d602312d3fba2df,construction_inspections
tpa-8f7f771e63505e,src-330b85f6712ea23a,construction_inspections
tpa-1b96b96c20c45e,src-0348cab98be6e107,construction_inspections
tpa-2b81d71a85491d,src-d2565afaf8683c4a,construction_inspections
tpa-acbe397985d8de,src-87433f37405b7884,construction_inspections
tpa-dc6d3df62ba498,src-0dcf3c9891c2d78b,construction_inspections
tpa-c41745c2c5f2f7,src-7efb6b024c14eecb,construction_inspections
tpa-7d3fad23750f2d,src-60842188f4000329,construction_inspections
tpa-e3417507edf3ef,src-63cf1e696c5a4cc3,construction_inspections
tpa-a6dbfeff150b72,src-e29abce5425d3883,construction_inspections
tpa-e6cc5299bd9ff8,src-14ab28b3a47928b8,construction_inspections
tpa-c6e994422909aa,src-5b7bf41f9e3d163c,construction_inspections
tpa-666f8de1632994,src-516e506e4dccce11,construction_inspections
tpa-dc4bf6576a4605,src-be1d01b5bef4c959,construction_inspections
tpa-56e137d0b8da99,src-99ea59a5a2aebdf1,construction_inspections
tpa-5a981b34a3c055,src-1f96a18324a9731b,construction_inspections
tpa-909627d00e8a18,src-383f0b9380eae0db,construction_inspections
tpa-fe11dcd8ca0f2f,src-7fa7d9266f27d134,construction_inspections
tpa-cae41f261c9776,src-b535d991b36f8736,construction_inspections
tpa-9d816299b67340,src-9d6bd4a762e630a4,construction_inspections
tpa-35b0af88966029,src-80fbe920dcb56631,construction_inspections
tpa-af3c27c3fe65c7,src-e7cf3cd3033348f6,construction_inspections
tpa-1a62f1714694dc,src-8d999557e0e0e60f,construction_inspections
tpa-52a43ed5cf3768,src-86b1e7368f12ea80,construction_inspections
tpa-ab7d107d53d84e,src-f8b28854e927e5fe,construction_inspections
tpa-439c74811140ba,src-d9a95081ee26bd27,construction_inspections
tpa-81944fd82d99ae,src-380491c59a4229ec,construction_inspections
tpa-c03014bc17a9d2,src-f6172627c9ccf6e0,construction_inspections
tpa-35748fa73f2650,src-b2f240d6d9b453e3,construction_inspections
tpa-6d53049560016b,src-ff0de158ba4608fe,construction_inspections
tpa-48d592a4dcfb9a,src-4d2743dac8ea57f7,construction_inspections
tpa-f3521d3ea0b11c,src-e2f8d14f1946db44,construction_inspections
tpa-3fea71eba2b367,src-b7fd93f96bcbd936,construction_inspections
tpa-4e4200d9fbcd99,src-aad38081aa773d89,construction_inspections
tpa-7f3dc5bea40be2,src-3e4f2222d77cd075,construction_inspections
tpa-a3cc13934af166,src-7aae3a55446e6679,construction_inspections
tpa-e683918aaf4365,src-aef1ae5a5541e0e9,construction_inspections
tpa-6ccb83d0fc130b,src-c3b91e2b7264fd68,construction_inspections
tpa-5dba5617cdb195,src-2f6f3014f67c424a,construction_inspections
tpa-53de5b42fddd6e,src-2b108406b472469e,construction_inspections
tpa-d1da9a542f3f3f,src-8f7a63a899c6dbc0,construction_inspections
tpa-cee84f4fe6a0c7,src-aaeca20bf0a6869b,construction_inspections
tpa-723e5a94cf8f07,src-e463f393660f08a3,construction_inspections
tpa-7c429afce10b19,src-50de4126433cd7ee,construction_inspections
tpa-df09296a485c85,src-c38614d269753882,construction_inspections
tpa-498b5c4a6731c8,src-593b980f746a7d20,construction_inspections
tpa-837ab0ae3ea439,src-b9e9985219e2e791,construction_inspections
tpa-02712c409b5cf5,src-de60d19a4b08a78c,construction_inspections
tpa-6086fc4b87c950,src-5e9eb87ecd9828f4,construction_inspections
tpa-4d10614e41a926,src-242d1443059ddcdd,construction_inspections
tpa-4eb2f5e4021e31,src-361f0bdcc4ce3d44,construction_inspections
tpa-7d0e4ecbea109f,src-62dedb44820dffa6,construction_inspections
tpa-0417bc1fcd87c3,src-11984a4338d8c767,construction_inspections
tpa-eb3eb71c90844b,src-a5b17c0d3e72af96,construction_inspections
tpa-4aba01c5b74260,src-6b963f42a7d67a3e,construction_inspections
tpa-88115d563ed944,src-ba79afbf104d43b9,construction_inspections
tpa-77239e30beef80,src-8eaab98913d50f2a,construction_inspections
tpa-4f39ef68ddbe3f,src-9b528d42b2dbd8ab,construction_inspections
tpa-88d40d97e1e567,src-f24838b3996c6943,construction_inspections
tpa-95f2a9c0bacd8f,src-03375fb79b157da4,construction_inspections
tpa-2d7ba7fde05aee,src-43d317f6f52272bd,construction_inspections
tpa-1759a1f43b0d72,src-95f66e6291eb89f5,construction_inspections
tpa-d6a6e9abf38502,src-b7df949dd810e039,construction_inspections
tpa-de083eb4586a23,src-21cd78fc75effadf,construction_inspections
tpa-a50a8d3c8b33f2,src-71e7db8b1ff35ea0,construction_inspections
tpa-5964d90853d255,src-af0c4a03d540f398,construction_inspections
tpa-4b54d7c0a237f8,src-febbf2827e425dd0,construction_inspections
tpa-97a028d4d173a7,src-fc260b612155b376,construction_inspections
tpa-b982457676db58,src-b45a88ac8b02487e,construction_inspections
tpa-ba4042c2c4ba66,src-6f0e43220d0b9f34,construction_inspections
tpa-ddb815c2f257af,src-3b098b626ac3232a,construction_inspections
tpa-7af061e51898ed,src-fbf2f1df3a049ba5,construction_inspections
tpa-846e81a3895cc5,src-b4ed39d90832c5e0,construction_inspections
tpa-2a3ba1216e4012,src-2f89b89cb84745f4,construction_inspections
tpa-c101f18cf8a198,src-2a0eb648ff0329b4,construction_inspections
tpa-e44ba124a7577e,src-08654d53d060a775,construction_inspections
tpa-45bd098be29026,src-ac015dfc3f300247,construction_inspections
tpa-9f6f6d54673b61,src-761e33506e1fde9d,construction_inspections
tpa-14a789b4c706aa,src-cae84f35bd0c7631,construction_inspections
tpa-9aa8545b12596a,src-66d725879d972670,construction_inspections
tpa-04390c72aee345,src-17b82a51d45b3342,construction_inspections
tpa-013db2f55bd4a9,src-c9b645f23d58db88,construction_inspections
tpa-a6d3aab2393a6b,src-8a4519bc01b38047,construction_inspections
tpa-fbecbba916dfb1,src-d887e43460b0a03b,construction_inspections
tpa-c812be03cf333e,src-3c8e17881322d424,construction_inspections
tpa-6beb67d1953e4e,src-d87e737fe5914a0e,construction_inspections
tpa-d53ea55d5e8922,src-7955b86c5fee8e2a,construction_inspections
tpa-e52bbb22849b70,src-f6560bbc45a61b13,construction_inspections
tpa-e0548cea02b6e1,src-eabe65924a61f9ba,construction_inspections
tpa-ec3e30ca345f62,src-19feb1a95a88e388,construction_inspections
tpa-9415649dcfa6be,src-89523f868499a562,construction_inspections
tpa-e4a68c12bc953e,src-82b4a7593995f0aa,construction_inspections
tpa-2ddbf524878341,src-769339380fb06237,construction_inspections
tpa-932eb03636507a,src-57b08ac1d8072869,construction_inspections
tpa-708e51cbe9d60e,src-30d4184da44bb2b1,construction_inspections
tpa-6a891edd5548cb,src-1b0e953a9dff9ff9,construction_inspections
tpa-4315e871a7f00f,src-1d7560daba98ecea,construction_inspections
tpa-c2aa8e782abb52,src-0e6e200b4ce10ea1,construction_inspections
tpa-5ee2a8fc03acae,src-079e1c3ed486b77a,construction_inspections
tpa-8c06f90e7b777a,src-7d7ff8a309970e25,construction_inspections
tpa-01e213f7ecde92,src-13fe665706d58eb2,construction_inspections
tpa-c9ca993063894d,src-966172cd64b7e393,construction_inspections
tpa-8c6d8da4d4c1dc,src-407b308462a59c43,construction_inspections
tpa-6643bf8a59e436,src-2cc698418491adde,construction_inspections
tpa-4d57ac68027b86,src-75737ca041c8cbc4,construction_inspections
tpa-ce4602115da00e,src-b7411305dd4cadda,construction_inspections
tpa-08eff84dfd6c26,src-7f75a26bae31dc3d,construction_inspections
tpa-badf9429d8b62d,src-13cb78f4fa5f40ce,construction_inspections
tpa-95b4bc533ab4fe,src-923054d29e21545f,construction_inspections
tpa-84fc0dfdf1ee35,src-74c0debbf5fe6516,construction_inspections
tpa-fd0b125b099a1e,src-8843288fd00a845b,construction_inspections
tpa-c2269619cfd316,src-943452736fc86dcd,development_coordination
tpa-35732cf6021fe4,src-edb62461d493ba5b,development_coordination
tpa-2b32ffc8df42a4,src-eb4b4732d98f0ee8,development_coordination
tpa-0fde3b1e6b4d40,src-fbfd0008d8eaf8c8,development_coordination
tpa-fbc225bddf94b4,src-53b179835c9c59f4,development_coordination
tpa-af656070af6398,src-a884ea812a01ffb3,development_coordination
tpa-b1f97c6a2ecdfc,src-c05afa04c27532ed,development_coordination
tpa-50aeddb7e1b918,src-702f708e395b0cba,development_coordination
tpa-a48f618810d760,src-2d9180d86b02b0df,development_coordination
tpa-00396a9d3a2c4c,src-49b4663b79286d9c,development_coordination
tpa-d5eb9e16a16e0d,src-6b53e9c8d15a623b,development_coordination
tpa-05aa6d4bf41c3b,src-c75eb4936ca4b577,development_coordination
tpa-5ec41a7e711dad,src-b2ab3f732dc4052b,development_coordination
tpa-6316226ba273a0,src-482804fc1f8aa098,development_coordination
tpa-5af981c2b85196,src-4e4af21c9acfeaf0,development_coordination
tpa-8ae0685d283919,src-19c26ff5f357a468,development_coordination
tpa-08fd20887b87cc,src-67e8f971bb6c8bb6,development_coordination
tpa-8854d56aa965cd,src-d371dc815d470413,development_coordination
tpa-48241b42290df5,src-f91cc70cb8310250,development_coordination
tpa-ae719d576efcda,src-0b6e7a9bef805a23,development_coordination
tpa-248f6488de2e34,src-1905fb9d1e6c5cd9,development_coordination
tpa-9f300208a48e10,src-59300912baf7cc75,development_coordination
tpa-34830c4d7cadef,src-b46af6f1dea088a1,development_coordination
tpa-e945719b3cceb3,src-4d64b6873ee40306,development_coordination
tpa-c86a9b93c23420,src-e1629298b529b22f,development_coordination
tpa-360e0cb6e8b3b7,src-ac12a416ed3f989f,development_coordination
tpa-308fff7972cebf,src-595068fdbfbebf29,development_coordination
tpa-3cd9804b83a52a,src-b4e5139be98cc2ba,development_coordination
tpa-89ac3c83857baa,src-0d4942e1ab691f01,development_coordination
tpa-6f65f626265a62,src-cc432a4d87487da4,development_coordination
tpa-349130f8a87e88,src-4626b1f640d5e9d8,development_coordination
tpa-48e02f68230ff8,src-a461e1eb9292c97f,development_coordination
tpa-8ffc1438277df2,src-8fc31fec9f8e6ef3,development_coordination
tpa-747ad46e4d1adc,src-91b5f7e42e30a581,development_coordination
tpa-4e2b3e6b623dd2,src-e1f46011c94383ad,development_coordination
tpa-eb55b58e0c9bec,src-8edca08b79676fc2,development_coordination
tpa-e7dcdd28e6783d,src-b4011dfbbf96d6dc,development_coordination
tpa-1d34b8702ae802,src-51141bbd15feb75c,development_coordination
tpa-196195fdc95007,src-847a4ff75e50404b,development_coordination
tpa-9e1db0ce3ce4d8,src-5056db275f49bc95,development_coordination
tpa-74cafe1f0b67ee,src-5087fd6669bafdf0,development_coordination
tpa-362863d3186233,src-b8fb478e1508437c,development_coordination
tpa-f60ed97d2cb15c,src-a43bbfbc50b07f06,development_coordination
tpa-996a1cd0a41940,src-08b06729dba0f497,development_coordination
tpa-b1fafbb4ba1074,src-672ebe30a3702e78,development_coordination
tpa-fb6bf6ad0b4a5e,src-c4a45d88c0e3a9b6,development_coordination
tpa-148c45d913d0e3,src-fc330e7d4df71696,development_coordination
tpa-9b81073291a4df,src-a3a40bf4a157a689,development_coordination
tpa-eb51d85d1c794a,src-255cd4b16fbd299e,development_coordination
tpa-aef783bc5daf31,src-2a5b4137372ea53e,development_coordination
tpa-906e735a04cf0d,src-a4bcae1d5a73f68b,development_coordination
tpa-25f11fe9b02c06,src-bc8d3532a181e6c1,development_coordination
tpa-f9aed8adf6aae0,src-84bde36d5a57bf64,development_coordination
tpa-ca8e8b615c542a,src-24da42c704948f4f,development_coordination
tpa-ca7e157cb49d24,src-61ac7307c040add3,development_coordination
tpa-82c5c82c69ed38,src-ebc913ae5be7a228,development_coordination
tpa-5db3a11451c6c5,src-11897a2715c0e83e,development_coordination
tpa-f92ffe9c02e60a,src-4b322ef694fddcee,development_coordination
tpa-1af8e51f0de133,src-f6dcb6f63df9a4d6,development_coordination
tpa-17f073aa59e999,src-9a62be9e5af0d37c,development_coordination
tpa-89c48d051192a9,src-ff5cbfbdaf97cd35,development_coordination
tpa-032f33cd19b08e,src-a98b37a9ea100ff0,development_coordination
tpa-a4a0cc62ce6a83,src-18ee8cc4b50a2c53,development_coordination
tpa-f91ed35aba825a,src-6399b088008b1fc2,development_coordination
tpa-aa4244b06fdc1c,src-82249a41f3ad2bac,development_coordination
tpa-90f323caf6033b,src-7bf95dcf86ecb88e,development_coordination
tpa-744e454634e415,src-795987b54779647e,development_coordination
tpa-585a947d3dbd5b,src-b39922ceb2c93e84,development_coordination
tpa-18571a85149604,src-090046f6a232a829,development_coordination
tpa-6a2fe1c56c034c,src-6017ed7a41d94b1f,development_coordination
tpa-7918ec644cac9e,src-2df9dcc163918d56,development_coordination
tpa-5b48b1cc3f933d,src-04f965ecf6888bef,development_coordination
tpa-3b34f9405a6927,src-f0d96a7a736a1565,development_coordination
tpa-e474da96c5e966,src-3c50f56bbbe8e5e7,development_coordination
tpa-57582397be939a,src-78979a2226d9fcb3,development_coordination
tpa-8b68fa822f41f9,src-7204f6c9132fa01e,development_coordination
tpa-c9ddcf6b27b524,src-2e182c0914e965c3,development_coordination
tpa-ccb9f79f133e51,src-6e748b6c3e2b6b37,development_coordination
tpa-05c4f87f982549,src-194ba91e139bc999,development_coordination
tpa-a73530e0a37e57,src-9d740d790f844cbe,development_coordination
tpa-8cc3dfb4792e4c,src-f7543176e1b39cc0,development_coordination
tpa-7e8ead40bfe884,src-58fb276065156ee2,development_coordination
tpa-a9ca7ec9589a91,src-8fd6603ff5bb8157,development_coordination
tpa-8ede26b7af6c1d,src-d74d80adddc7f92f,development_coordination
tpa-403e681ead9b25,src-7e6cf782240e3be5,development_coordination
tpa-0b7deaa8eb27f9,src-d7a3aaf6c6394de8,development_coordination
tpa-122ccd9ecfc563,src-bf552742ee8069e1,development_coordination
tpa-e647a5bb2a69ce,src-1c2f819cee1a17c6,development_coordination
tpa-2f1a1d0ad04809,src-15086be1ef5c7611,development_coordination
tpa-473c94be359c2f,src-bb021e110f08daa1,development_coordination
tpa-8cabf6013fea25,src-1b79059b22dc62f5,development_coordination
tpa-2ac743ee838dd7,src-514b8b862fabaa01,development_coordination
tpa-ca126ca2b96311,src-b99c1e21c4d2c52d,development_coordination
tpa-57092e64bbd85d,src-e295328633ef432f,development_coordination
tpa-bad84018b139bb,src-b0c49f8b11dd75d8,development_coordination
tpa-641715e6bef607,src-b499c39671a1c53c,development_coordination
tpa-61fb5b68a981ff,src-d0fdd6a22f5c90f3,development_coordination
tpa-ee12ddc063a7d5,src-d961d70adddf5ce1,development_coordination
tpa-1f375f57b884ce,src-3603f8e5eb63a39a,development_coordination
tpa-d3e99507beea04,src-e04f7cdce1b72e20,development_coordination
tpa-0d3059c58bc29f,src-e7d219020a2509ae,development_coordination
tpa-cc6365f5df184a,src-811f0ba3166a6a55,development_coordination
tpa-e78528cbfbaf56,src-1d0ab833a4558d61,development_coordination
tpa-92dd3750280103,src-3e5d0660a43fe5b7,development_coordination
tpa-cc89d9d612002a,src-c72d58272c1665a4,development_coordination
tpa-cda72cb79af181,src-d8b345d293512216,development_coordination
tpa-52045aa1d45376,src-70a5259583ebf2d5,development_coordination
tpa-aa30fbe4837980,src-99e48ed07c5588a2,development_coordination
tpa-9de731ab4eab55,src-db7e4dfd001288da,development_coordination
tpa-a6206dd2f83f77,src-f402ad08894c804c,development_coordination
tpa-39bc7f906dce39,src-34fd5192b7a8942f,development_coordination
tpa-0d363d1a4686bc,src-de7d76ebbf7f1699,development_coordination
tpa-a9818716ddb431,src-15f608fe582a567e,development_coordination
tpa-762f09e0f5e0f5,src-d7caac7bd49a9901,development_coordination
tpa-927b2fbb57772b,src-7880e607939502c3,development_coordination
tpa-5dbf64c05c415d,src-e80c756eaa84eb4c,development_coordination
tpa-b067da3a0aafe7,src-a4e255fb15a1ca2d,development_coordination
tpa-d597fec42d10ad,src-dc6fd4b5a08264db,development_coordination
tpa-0648b4278f5933,src-3e7b2549875b6793,development_coordination
tpa-7da8b42cf6ae43,src-33674977fcd73e1b,development_coordination
tpa-16f3f302cb10c8,src-164d7b4fbb65b9f7,development_coordination
tpa-6529994381fc99,src-334c9fbe4b66ee22,development_coordination
tpa-642cd8c152f7fe,src-a9abfe9dd73b497e,development_coordination
tpa-11c8e788abc77a,src-7bef70df2a9b4420,development_coordination
tpa-bf359a466f4612,src-21ed3c4099ace3b2,development_coordination
tpa-8300ca5845714c,src-daad063773fc2961,development_coordination
tpa-63df590b79091f,src-435802da35074a48,development_coordination
tpa-9ff61ffd3aed5a,src-4b5627b8995ed916,development_coordination
tpa-2ce923bb70c751,src-94eb5136dbc5393c,development_coordination
tpa-6e91caa1f9f752,src-6bed51fb3ed75ef6,development_coordination
tpa-767fbce4a164f1,src-5ed8fc663ba7528a,development_coordination
tpa-6f186681915091,src-8a44cc98b267c88b,development_coordination
tpa-8b52a791223320,src-2756d11101ac5713,development_coordination
tpa-ea30f7926e4124,src-5877dbdfe4293147,development_coordination
tpa-bb146103abcd46,src-d04de908ef8e0a32,development_coordination
tpa-8b82defe85daf2,src-e533d635b55775b6,development_coordination
tpa-7e6c225d5a0132,src-09ca53c7a490248c,development_coordination
tpa-85298511bf39cb,src-952cf1e432b12c86,development_coordination
tpa-8dd4a8db8f24f5,src-42ffcd389a10970a,development_coordination
tpa-42d37389a7de29,src-ee2152e44e4db8a6,development_coordination
tpa-deb6f9184a3439,src-3fd215f4bb79aade,development_coordination
tpa-e6a332b4826512,src-7574d4b82af3a1dc,development_coordination
tpa-e1bb02f60295ee,src-201dfe50658f8fe9,development_coordination
tpa-22101f688eb9cd,src-5f8d342766ddcfa8,development_coordination
tpa-5dbc44fd6a9c5d,src-9cc5ea77c74b15b8,development_coordination
tpa-c25c76da7396d9,src-a62b33a10b7890dd,development_coordination
tpa-26ef790baa15d4,src-80c560673c7b890b,development_coordination
tpa-6d2631b58f8594,src-7dde96a7421ec984,development_coordination
tpa-0be60d93b14120,src-5a0fca22b4bac1d7,development_coordination
tpa-7cda3e20d3c812,src-9d1562ebd6755aeb,development_coordination
tpa-068bffe709e2d6,src-64bc27ffac27f7e2,development_coordination
tpa-f2e1856c50bf2c,src-8d1ac874be32bbd6,development_coordination
tpa-8e37212be8e15e,src-0d8d2cd005483fe8,development_coordination
tpa-10f2f149efa178,src-7ef91af93103cb9d,development_coordination
tpa-084cb0ecb2bef3,src-13088ecf39e7cd2d,development_coordination
tpa-0db7a85e11ccea,src-83d0954de10fee56,development_coordination
tpa-7104fa370b103e,src-cb479211f6696f45,development_coordination
tpa-92bbab6bf14b36,src-9d16f034052f022e,development_coordination
tpa-6015327c789168,src-ec411f06b5a13f16,development_coordination
tpa-d6e89e46297673,src-e349624ee6bc404b,development_coordination
tpa-9daa32fbf1a732,src-ce37527c8f85898f,development_coordination
tpa-a3828c56c3fff7,src-cec63047e5ac453e,development_coordination
tpa-c374b5bf29e341,src-b98ffefa652e415b,development_coordination
tpa-1c18d3c01eaa15,src-6d944538f318cfe1,development_coordination
tpa-da7564dc7dceb5,src-f79513df6b0508ac,development_coordination
tpa-f8a9296ff61381,src-04da36234a7b8770,development_coordination
tpa-90f0fe00e8dfed,src-c804b855d788406b,development_coordination
tpa-11465bcc4a897e,src-fb64e509cfc8d01f,development_coordination
tpa-73dd7ca5c3137e,src-df929fe65b22c811,development_coordination
tpa-2ab5e04092d256,src-322b8b26f8897235,development_coordination
tpa-6adccec170dbf4,src-0a1985d06c669b80,development_coordination
tpa-cb3ab8aa9daaf6,src-f25dbe4a51f7c09a,development_coordination
tpa-6a3a62b0f04b54,src-9821d79198cd6654,development_coordination
tpa-18de53e3ad0a47,src-d999a32c076f4535,development_coordination
tpa-fa02f37289b305,src-7361e5b7b74ad9f3,development_coordination
tpa-b657499ed3258d,src-494549b9e9919810,development_coordination
tpa-ad83f58bad1b55,src-6798d601fc8d66b3,development_coordination
tpa-4ef54f91315052,src-0f6128efeac4edcb,development_coordination
tpa-11eba61b5faa5e,src-773a97ad74ca23e5,development_coordination
tpa-0ce9f38b4de3bf,src-a0e7dc701aae51da,development_coordination
tpa-4fcebec153c3ab,src-312c811a7c8b5389,development_coordination
tpa-a81773d587aa0b,src-e9db7152240e9a95,development_coordination
tpa-7ccb87bc542be8,src-dc7621d599f8f029,development_coordination
tpa-54aae942f98eef,src-058e9e28b7d40127,development_coordination
tpa-fa5327f2267a54,src-0062781aa24b7b97,development_coordination
tpa-4f2071a7aacb00,src-736af20b0d05c123,development_coordination
tpa-f47df07d8ea759,src-683b02350626a3af,development_coordination
tpa-2c49b96ab10920,src-75d996d0db87ace2,development_coordination
tpa-fab7e5aef39d65,src-6c3ee1aa7c1278ff,development_coordination
tpa-8502e9f06a4182,src-a8454d861af7e0f5,development_coordination
tpa-2ed95de728508a,src-f40004cbf10d78df,development_coordination
tpa-74161a2e851e34,src-f0bd648d5a979135,development_coordination
tpa-12d512d750cc03,src-68e6e79d53b5a466,development_coordination
tpa-5bf38c9428217f,src-211072f3d2bb7b94,development_coordination
tpa-d825875dc8d0bc,src-a3b633ce555def2b,development_coordination
tpa-ef3a6f9b825e1d,src-b50740dde845bb07,development_coordination
tpa-6a245dc8663ac8,src-fe5ca2b06b245894,development_coordination
tpa-5d718bb4707068,src-b47da0fd66217e69,development_coordination
tpa-663787962abacf,src-b69b74d2578ed491,development_coordination
tpa-25fda51503ceb2,src-3bc9643de03cc9aa,development_coordination
tpa-e7a10292294356,src-6cb99fb96fbf755a,development_coordination
tpa-840bd70b6621ac,src-2835248485fb575e,development_coordination
tpa-b8f7f6df8ef9d9,src-04cb4ef829f42b81,development_coordination
tpa-b22ccc00d0d3fe,src-36dcd89213fdfb82,development_coordination
tpa-b1318e9b58870b,src-c9cbedec622449bd,development_coordination
tpa-ca957a09401697,src-5bbdb0a53a27c02e,development_coordination
tpa-2a65f182eeb14c,src-c4ac4336a4d2277a,development_coordination
tpa-7be3412542ac12,src-26849a85ad7f3403,development_coordination
tpa-026e92ef09a12f,src-ce3d2bea37cdddeb,development_coordination
tpa-f404d21f7fb9d1,src-babf9f9c52cd19fe,development_coordination
tpa-91260ef964c41a,src-ab32a3692f8a7ade,development_coordination
tpa-512922072c445f,src-0ed30c49db7027dc,development_coordination
tpa-86acae8428476a,src-be1710aac6afab73,development_coordination
tpa-6c737407b26269,src-6306e00ebfcebbfe,development_coordination
tpa-7d9ef00eaae430,src-61ec05a51b2260bb,development_coordination
tpa-0fc0b6710d33bf,src-fcfd2fa855c83fdb,development_coordination
tpa-3c07f2da3c1ed2,src-150532f464422156,development_coordination
tpa-9818fc5a24bac2,src-ea112f527517c860,development_coordination
tpa-e459bfdefc204c,src-c59e6d7581ace1a4,development_coordination
tpa-3b3564df2da2d8,src-bdc9c14aa20f0fde,development_coordination
tpa-1d5256d4e35c44,src-59ab4579d4e7ac68,development_coordination
tpa-a17658507c0661,src-482e7feef7d3eb12,development_coordination
tpa-508340fa2a050c,src-55c25e3cd3442bbe,development_coordination
tpa-8dc47e0878a4a4,src-da29560da556fd9f,development_coordination
tpa-f00bcd6e23caf0,src-2c22f7292c1f013a,development_coordination
tpa-94587102595e6b,src-55978bc96f8fc030,development_coordination
tpa-8166579f301a74,src-b39427b5c3257de4,development_coordination
tpa-938414c99c6ad5,src-b93ecf5c1dac8c71,development_coordination
tpa-899f64041a64cf,src-a50417bfd9d792f4,development_coordination
tpa-7170c3db5a81fd,src-0cac8072893d7db9,development_coordination
tpa-7b42477a522dd4,src-7c6784404cc7805d,development_coordination
tpa-e215c5d7cb5788,src-9736e4e0309d4fa6,development_coordination
tpa-b375db3909181b,src-51270e9925ef4689,development_coordination
tpa-52ca927a0ccde9,src-4e6052ffe5300bfa,development_coordination
tpa-d7a7069d314b48,src-0de2cb9450e18c2b,development_coordination
tpa-0357a95e033f5d,src-65e56ceedd34d65f,development_coordination
tpa-95f6452bbe9514,src-945fbdb4ea476cd4,development_coordination
tpa-4b13381ad27bd1,src-31d1a20b533e1ddd,development_coordination
tpa-7d6b18f048eacb,src-111304e98f3dbf67,development_coordination
tpa-23e58d7a13430d,src-4831b2561a02518e,development_coordination
tpa-63ef0ddb73c579,src-163548eeef12ed9e,development_coordination
tpa-8f0a7193c560c6,src-42b7aa32ddf84082,development_coordination
tpa-75ee897763147b,src-2ebd2cb8ec3a10df,development_coordination
tpa-9e3a43f4e5cc67,src-5d05965c96170bd6,development_coordination
tpa-366410a626830e,src-1eff7fda0d4fde37,development_coordination
tpa-c41fe637a67cd2,src-76806e21843eabf4,development_coordination
tpa-0ffa082f6b3639,src-41e1fc5d54fb2bec,development_coordination
tpa-456135037d0b42,src-63de42d5d608ecb5,development_coordination
tpa-b90e94d1a9784f,src-66daa2c96d9a7e56,development_coordination
tpa-f7f04e29b71fec,src-4d3c469107c52a60,development_coordination
tpa-e756c9a9b3e23d,src-2163fa5892d65346,development_coordination
tpa-627563edffc953,src-0db9bbefa69b52bf,development_coordination
tpa-6b292ddfeffa3b,src-4681b34ca0b55baf,development_coordination
tpa-b7732bbd149bbd,src-4a18719f22e07349,development_coordination
tpa-4c1dae2c4933ed,src-15b329789cab4ea7,development_coordination
tpa-b08e018495cf4f,src-eddf7972c11fe0d9,development_coordination
tpa-71cc9c55a2f865,src-47ee5b4ff0dcef4b,development_coordination
tpa-5cd04a7a10538e,src-edf669873fd2d4e2,development_coordination
tpa-7a2ac0f651cb79,src-74d4bf693110a2bb,development_coordination
tpa-fcda5c3b44f310,src-bca396008e63b845,development_coordination
tpa-bbfbb3d81270a2,src-4da163f6cff51b39,development_coordination
tpa-0b8f6e3a85df52,src-c3a8388edf5037fd,development_coordination
tpa-7f828fcfd63a18,src-d1ff18a062dc006b,development_coordination
tpa-d7eef5297bc014,src-2a7e90312bd86e75,development_coordination
tpa-e59817ceee24b6,src-01ec50f619607ac2,development_coordination
tpa-3e42e93c372ecb,src-2eaf3d5a1a03e9ee,development_coordination
tpa-04425c0149a94d,src-5779bbbbbf9cc956,development_coordination
tpa-0f16d5600926e1,src-7a01086b5a056d08,development_coordination
tpa-a609dcbab2dc79,src-167e82a7f8295705,development_coordination
tpa-36f0d698be04a4,src-8f4907e2512b9aaa,development_coordination
tpa-40cdad600ed513,src-e83f906a1b7c2dbc,development_coordination
tpa-4a4ebb4ad2bcd7,src-2d680b10b4ce5967,single_family_permits
tpa-d37b3c695504bc,src-6ea70b8cf8b3b4a3,single_family_permits
tpa-8cb9d498d40d9a,src-b1ccd20a264c7c4f,single_family_permits
tpa-97607c955ac60a,src-e8e704a677e2b877,single_family_permits
tpa-6b639b93cbe08b,src-76541ca4a3ed73df,single_family_permits
tpa-fd6ed3e7076aae,src-6101d6abb843130f,single_family_permits
tpa-09b8b1f5465cfb,src-9f25a18d3df25fec,single_family_permits
tpa-f3746085832903,src-5d31e4fdb3d3a360,single_family_permits
tpa-8491a3f3e7b57a,src-368630d7ecfbfada,single_family_permits
tpa-e3fb4cd5fbd6f3,src-7f4cd89b3bf27949,single_family_permits
tpa-dedd2e66fd7375,src-b1b74a122b233758,single_family_permits
tpa-fd1ba9d7259b0c,src-b0d6d374fd2f12e9,single_family_permits
tpa-47caab8a1599c7,src-2158b43e3edaed57,single_family_permits
tpa-c6ff73c90bc206,src-4ce21e41963bf8cd,single_family_permits
tpa-b2875b0bfa679e,src-874bf2179337187a,single_family_permits
tpa-45c786533d4e8e,src-2f3595c77c8683e9,single_family_permits
tpa-a181c095b1631e,src-2cf308e4e537cb8d,single_family_permits
tpa-124ac81151ad48,src-64ae7eb463b78514,single_family_permits
tpa-cf20210056fdb1,src-751fb4764462bf5d,single_family_permits
tpa-2413a2fdfa0c05,src-8dd91dfcf0a4a3ad,single_family_permits
tpa-0e1f94acc4af98,src-ac41ea52820bcc7a,single_family_permits
tpa-a962984d63f12c,src-3bc21e7683dcf95e,single_family_permits
tpa-633c25e31b200d,src-c96ce6b8e74daa17,single_family_permits
tpa-7ba6199bd6ceb8,src-4ecbcfc59bb20ecd,single_family_permits
tpa-ec61187e51f3b0,src-17bc038f95736985,single_family_permits
tpa-0b0bbb4b24216c,src-8456b5a6786f60eb,single_family_permits
tpa-9bc34cc1b51f02,src-96181bd48b370bcb,single_family_permits
tpa-9bb3ad7f052c09,src-6341546832a675da,single_family_permits
tpa-5200b32795a081,src-6d83a10d4a55703a,single_family_permits
tpa-955da9d41f111b,src-3fe0114c30645352,single_family_permits
tpa-1f7b8657f945c4,src-2728b2f31fa8136b,single_family_permits
tpa-734c94808ef63c,src-738b3a355ee3342b,single_family_permits
tpa-cc017e7436b886,src-ef17d79cf5127621,single_family_permits
tpa-9541b1e715cfe0,src-dad7ee807edf8314,single_family_permits
tpa-bb3d36d298a4a2,src-315de0f4564a13e5,single_family_permits
tpa-fc7eb5bc85a757,src-6da2667e2bf5c7c2,single_family_permits
tpa-bbe4a16043acb4,src-72797baac16cb8a5,single_family_permits
tpa-7e19316a24edf7,src-d69b39e9ff1978ec,single_family_permits
tpa-e87f1903144bee,src-d9608407449c0fcf,single_family_permits
tpa-d1615793b23de1,src-0b53b70ff611feb9,single_family_permits
tpa-5f66445dd45e73,src-be425b07adaeb716,single_family_permits
tpa-8fb25b129430fe,src-550698b04ac30064,single_family_permits
tpa-e0b9ac06d97644,src-fcb36631b93f93db,single_family_permits
tpa-11d0e4b61a3fe9,src-c46145f0c4e7d75c,single_family_permits
tpa-bb7f59f71ea4fa,src-c922e8007f48fe29,single_family_permits
tpa-63b2e4c2238811,src-316eb1a10140dfad,single_family_permits
tpa-0d888d986de3a9,src-f54c97153f8b0460,single_family_permits
tpa-b077b0eb4af3e4,src-68647ab868198bf8,single_family_permits
tpa-49869351fbf811,src-3b61b7c41e76f7dd,single_family_permits
tpa-6b56a9668ca19a,src-010f83749fe1fe8b,single_family_permits
tpa-80d80dd0c9f245,src-f8a49806dcbb541d,single_family_permits
tpa-0c2a6281b39abd,src-abc2e4fdf423cd36,single_family_permits
tpa-c1448e35513fa6,src-a78c4f5a59fc3554,single_family_permits
tpa-2c1eb6e3ef74ae,src-23c722368a7ef4ad,single_family_permits
tpa-0c4ab8da911caf,src-9cedbdeb237d8674,single_family_permits
tpa-787c8433ac0b11,src-515cbeca7a27e994,single_family_permits
tpa-a0fcc329f98664,src-e015ac903b76d376,single_family_permits
tpa-035596f887e57d,src-bbbdf46ea2964519,single_family_permits
tpa-1be5dd248ac123,src-2e78dce1232a5ae2,single_family_permits
tpa-2ddff3f35fdd6b,src-b1f90ffb37eb0bc8,single_family_permits
tpa-9b1d64a7e3328d,src-a874818b55966bad,single_family_permits
tpa-9cd7b2c5935475,src-23443f72fae7a991,single_family_permits
tpa-3e8b390057d2ec,src-efb37222ad03a3e5,single_family_permits
tpa-7c09d61a533856,src-9409337952871da2,single_family_permits
tpa-8f2328ada33925,src-77d96f2fe55eef7e,single_family_permits
tpa-545dcd09ed5ea8,src-8582b371b72a72ed,single_family_permits
tpa-eb5fbd67f333da,src-1f22904f19fd2332,single_family_permits
tpa-060e2b9ee13cb5,src-864afdbfaba8b9ea,single_family_permits
tpa-828222b429465b,src-345446b747e5f53d,single_family_permits
tpa-237db3339d402d,src-a37cf26c77d4f3fa,single_family_permits
tpa-f9b1960298f38e,src-ff7e1ad9882a90a6,single_family_permits
tpa-bf357a528a9806,src-63a303c5eb429ad5,single_family_permits
tpa-4cf88b2ceaec69,src-8aaf2cb9c34045d6,single_family_permits
tpa-5e50ada2e37707,src-fca858330c3b2c06,single_family_permits
tpa-5e5748d81c55e4,src-4bfecdbb6c96c4e4,single_family_permits
tpa-d06f00ff62362f,src-fdb5fd5e595063cb,single_family_permits
tpa-4f3dcd6e08c20e,src-eb4dc02034655e85,single_family_permits
tpa-ca031ac73b0ce7,src-67523364d1f0ddc9,single_family_permits
tpa-0f41db34cfdf11,src-ce1b56b015b78b83,single_family_permits
tpa-449884b54b0d1b,src-fd85f3fd2b7c137b,single_family_permits
tpa-87df2fc6824f82,src-c7e6e2ee70455b7a,single_family_permits
tpa-78dffdbeef42f3,src-1847e9688e7c009d,single_family_permits
tpa-36fa8e42a8df45,src-f3d66fb1ec90627a,single_family_permits
tpa-51c019c31dc33a,src-b010f5005d1f262f,single_family_permits
tpa-ef85934bdad44b,src-d02456b2a0a7c0ec,single_family_permits
tpa-db0b6fb37d3cbc,src-31fd0751f6782526,single_family_permits
tpa-a26609c240ab83,src-4a84e3f57a1c7b7d,single_family_permits
tpa-dbb4bb147cac17,src-65ff96570d74fb22,single_family_permits
tpa-59276e63a76570,src-d2acfac6e1292a53,single_family_permits
tpa-11ab0bcae62957,src-37745d4181a50000,single_family_permits
tpa-dd68cb4d8bc38b,src-3a798a7bacf59a9c,single_family_permits
tpa-bd93048ff170ca,src-0bddf58757775cb5,single_family_permits
tpa-605bc42d317d0a,src-7fd6e6f5c79c4907,single_family_permits
tpa-82fb541288a334,src-ad4f82d325cb8908,single_family_permits
tpa-d92d17ff7666c4,src-fbee1c4d8169805d,single_family_permits
tpa-1fb0e222223379,src-50f944816118dbb3,single_family_permits
tpa-ae460b764c71b7,src-d1f285b2cc05b32d,single_family_permits
tpa-6f672b1636c2e4,src-33b61cea324982e0,single_family_permits
tpa-4a8beea796f9ae,src-1b61e22db3b08246,single_family_permits
tpa-d1794e000a8940,src-7a9dd106fd19eace,single_family_permits
tpa-cd4ed69c378986,src-60938fed0a441e9d,single_family_permits
tpa-13060b4acc3cc6,src-279d244d27e41832,single_family_permits
tpa-cf8b0377b05e40,src-d7b86bae16e3a8c3,single_family_permits
tpa-75372df50eac29,src-1688c95c4dc87c18,single_family_permits
tpa-1f86c25b8416e4,src-53ef52ec79bdc0c9,single_family_permits
tpa-1b0fc3fac3ec80,src-578beb1d8090ffb6,single_family_permits
tpa-50c2c33b95d1fd,src-3606aa5c2a505100,single_family_permits
tpa-bae748f27e3f13,src-0e4bdf58aba3bd26,single_family_permits
tpa-3172f6af3f5aaf,src-7e8456fca73e540c,single_family_permits
tpa-046c3844bd4885,src-22462d666740f48c,single_family_permits
tpa-527e1ea56add16,src-65c0b2f05c7cbdfc,single_family_permits
tpa-72aac5c5bd0aeb,src-6ee33272cca75135,single_family_permits
tpa-9102767033089d,src-9ac28d58619938b6,single_family_permits
tpa-f307a4d6d30689,src-5ff460e605ccca10,single_family_permits
tpa-3939b5e4f9d9e0,src-f8a937c24174fa3f,single_family_permits
tpa-4c69fbae4aefed,src-28e9015f5b300cfb,single_family_permits
tpa-b98f1cadf39fa3,src-90378fa062b22dd0,single_family_permits
tpa-368d2eefb2dae5,src-ed05b49b3a6916d1,single_family_permits
tpa-e26d72c53954a7,src-e7646bba8185ef2b,single_family_permits
tpa-80b50251d99ce3,src-0d5b7d8ac87ff0cb,single_family_permits
tpa-c467a275b5cfdd,src-c3f3c917de49791f,single_family_permits
tpa-e4c41bba786194,src-17e7da4d6c3a689d,single_family_permits
tpa-d1f109849b4e6a,src-ff9e26b58e14909f,single_family_permits
tpa-5853fbc642ed03,src-2d64b88a229e0ff1,single_family_permits
tpa-1360f2a85a6124,src-6034311f30ef1108,single_family_permits
tpa-0b95456530c0c4,src-fae5d4078fe695c7,single_family_permits
tpa-ae9fcd3b1b8fe7,src-6611cf3690f0ee63,single_family_permits
tpa-5bd84ed5116cad,src-2385fe62aab04d16,single_family_permits
tpa-2df987d3832e06,src-375f4c99a8f7b253,single_family_permits
tpa-8b6f4b81492e85,src-2462893fcbd1c958,single_family_permits
tpa-81289c8a409cdd,src-1dbf2dc9812c8b4c,single_family_permits
tpa-28ed1261f9044a,src-8899a7c3462c75f9,single_family_permits
tpa-b04c2af81420f4,src-384b7792dd562a42,single_family_permits
tpa-c768fb60f5036e,src-005374b5b7499c67,single_family_permits
tpa-e2fbd1ce0acb9a,src-8fa4d6ec13912820,single_family_permits
tpa-14b09bb3728243,src-64a689b83a5b5bbc,single_family_permits
tpa-ef82d5340aadea,src-8fa2a3775589af24,single_family_permits
tpa-0aa06558cc9e31,src-994854ed0290e890,single_family_permits
tpa-84e0acc8f1a87c,src-f34a3ca0a770e1d7,single_family_permits
tpa-34b7218c1fe1e4,src-6274238fae06c054,single_family_permits
tpa-d57b81501ec511,src-783a69e90c8dde54,single_family_permits
tpa-6cd0c0292556c9,src-229f4a9eb4620ba5,single_family_permits
tpa-df11dfc02a569c,src-31c685518b865615,single_family_permits
tpa-833ba3006a832e,src-647688b3df5a0f50,single_family_permits
tpa-5ddf3bacd63c29,src-e668abcf256ec477,single_family_permits
tpa-4d8f5eaa4d6872,src-f0b1ed61f69fb736,single_family_permits
tpa-a814d8386a6d65,src-a54eca774782abce,single_family_permits
tpa-119ce4ce7e0b65,src-b399d7d9c958e5ac,single_family_permits
tpa-580491755716a0,src-2074a94562106117,single_family_permits
tpa-c8bd1ede6078ca,src-bc024776bc19336c,single_family_permits
tpa-a7aefa8e7ae081,src-af4966f58edb480c,single_family_permits
tpa-50a7fd05573da1,src-bf022f9adc5c8e50,single_family_permits
tpa-0f5e6616a6e4e1,src-b36d659b0a1e8532,single_family_permits
tpa-902da4944a805f,src-150d3f4f1ba451bd,single_family_permits
tpa-8c1b5d5e2cc99a,src-a3603abd4f80fd6d,single_family_permits
tpa-4f33c4c2d12617,src-da5e1942fa89f93a,single_family_permits
tpa-5f2f3800790ee9,src-d23ee99c259fce8d,single_family_permits
tpa-c57ea4b6cd1ba7,src-c818dce3cae98aed,single_family_permits
tpa-05f205cb65f2de,src-26ea9815f048524a,single_family_permits
tpa-9aeeb1689d455a,src-98368a6739aa1aae,single_family_permits
tpa-5b8ba59c499123,src-a0d5f10921b68a7b,single_family_permits
tpa-a0d5413b130e88,src-f37a3fdd0fcfa269,single_family_permits
tpa-915ffeffc22ea4,src-d2c55067b9093d44,single_family_permits
tpa-d215ac16b6e523,src-214fea097eff2ac8,single_family_permits
tpa-3ae48860549a6e,src-81ca80a2bbc7b265,single_family_permits
tpa-a0849b09a463d2,src-224b95bfca03515f,single_family_permits
tpa-b6572cd1026062,src-538382e72c26de20,single_family_permits
tpa-545e61d7ecbaf5,src-be9869a4809ca466,single_family_permits
tpa-73528532e8d256,src-bda41adad7c7c451,single_family_permits
tpa-7b3dbee02a0066,src-bac666a00808dcbc,single_family_permits
tpa-4caec9bd209542,src-0f39d7a28999de48,single_family_permits
tpa-1b406d57575188,src-1f76bd8673e321e7,single_family_permits
tpa-ffa1a1b1ea1e68,src-581fcdfe772a0066,single_family_permits
tpa-ccb9780a79d201,src-9676f3711d9dc2c6,single_family_permits
tpa-917a47de21c4dd,src-85da49c29f9b79f0,single_family_permits
tpa-77bca1359aafa8,src-b544cf9fa589e330,single_family_permits
tpa-663b101e1e730f,src-b5660e5714cb53c0,single_family_permits
tpa-dc48aeab5e0373,src-bdfcbc5af0580265,single_family_permits
tpa-598777ab8fd398,src-e317cedba85a0b27,single_family_permits
tpa-ac2075dc4a420c,src-082dc8b6e5a922c2,single_family_permits
tpa-668104d442a3b6,src-b72dce84f1ca685b,single_family_permits
tpa-c3c3b3282ff9a2,src-ba2f3081d012f54d,single_family_permits
tpa-573c40900a5d1b,src-74b03c812d1cd88e,single_family_permits
tpa-148d512efa4aa6,src-236e325f34151d8b,single_family_permits
tpa-a0f925ff4e3c22,src-78c7e9ec9518b299,single_family_permits
tpa-d3fe9f065c5e1b,src-a65f7c2631184ce6,single_family_permits
tpa-5cf16a81ee5efd,src-30d337e9757ec63e,single_family_permits
tpa-38200ea0279603,src-d98d9d38d0b6614d,single_family_permits
tpa-38ef233a1cd67a,src-a31d1caeb82a634f,single_family_permits
tpa-4543a98324861f,src-c633c144ae37298c,single_family_permits
tpa-6eeb059361be66,src-c6d783c1c63395e4,single_family_permits
tpa-6428b950f45df7,src-166a3f1d386f5ce2,single_family_permits
tpa-6006fbde5fcfa5,src-32f238be635a02cb,single_family_permits
tpa-d303cd77960d73,src-17b0c30bf8d1a4a3,single_family_permits
tpa-702ef8d44dd0f7,src-dde70e99d8c8fce7,single_family_permits
tpa-de0a95d00358ae,src-8f0f2f5324362c48,single_family_permits
tpa-8e634612440da4,src-181617d8f178afab,single_family_permits
tpa-957691e0b214a5,src-49a1a661ab66d0dc,single_family_permits
tpa-1e1e3067ea027e,src-c0e5b7070c836806,single_family_permits
tpa-7e3de939775c4a,src-c8721e5b29b2860f,single_family_permits
tpa-f58623c172b76c,src-31791c011d903222,single_family_permits
tpa-a433226de95b70,src-c26d8a2c6ad88956,single_family_permits
tpa-54fe52fa332d49,src-f723ba8647f1d3e7,single_family_permits
tpa-7d757cf11c37c4,src-77bad5f2b83c772b,single_family_permits
tpa-77771a3fe6a1a1,src-be4e8c4a300c65d6,single_family_permits
tpa-459c678f1d03c1,src-faecf75ef95efbcd,single_family_permits
tpa-5ed48fd61ab941,src-7d783312b0b10140,single_family_permits
tpa-9be7dfc1b5aefc,src-3abaf752596b88db,single_family_permits
tpa-c33c82b970eaf4,src-c607abbae51f196d,single_family_permits
tpa-af7594b07ae078,src-410c3187682cc9d4,single_family_permits
tpa-123af623dee9b0,src-952031b3f453fa0d,single_family_permits
tpa-3cf1a6cc7f74a8,src-b39b97bf8bef466a,single_family_permits
tpa-a7e6b0c6b9cec0,src-5d753d68f35d0583,single_family_permits
tpa-f0d0f0c06f4c21,src-a0381b7956353e2c,single_family_permits
tpa-db2f95ad156d99,src-ccaa06fff0090cd9,single_family_permits
tpa-d2f2df1114d193,src-c274134cdf6d07ad,single_family_permits
tpa-47ef3b24d7213e,src-e3e0eaa493347488,single_family_permits
tpa-2ca71231c10586,src-0c074c6f829f9380,single_family_permits
tpa-b81cca38d9f10d,src-4453667a2f0c99cf,single_family_permits
tpa-7e9c85c181e2d5,src-ae6dbc1af6e7cc36,single_family_permits
tpa-951e1ec3d57f7c,src-ec99a2788710a187,single_family_permits
tpa-7370eaa2508bad,src-370e05a6e65c62e6,single_family_permits
tpa-4824e277924415,src-f7e183de335f0476,single_family_permits
tpa-e55fcd51c71619,src-9ef59497af9219b6,single_family_permits
tpa-20100da395bb0d,src-b2037d71d3c9deeb,single_family_permits
tpa-e295b076b675a7,src-e5f4b73cbde1b1d2,single_family_permits
tpa-32c1befb626c58,src-8c97ef4490b5c078,single_family_permits
tpa-6c90a7fa496445,src-c91869620bc3be80,single_family_permits
tpa-2cb197c3074901,src-624ef981aab4c245,single_family_permits
tpa-ca3c16bf857656,src-cc87cd64c44cea18,single_family_permits
tpa-8266d9c415cfcd,src-73debdd2700e3103,single_family_permits
tpa-b0bb329456cf0e,src-d7b64c5b74ce99c6,single_family_permits
tpa-47001d0f806223,src-55bac3dedbf171e5,single_family_permits
tpa-cdf956cb667e6e,src-36711d054c45079b,single_family_permits
tpa-3506efd9a7eea3,src-3dd5e9fe5cfe77b2,single_family_permits
tpa-a81cc09ad9ebfc,src-93d2dc7edfbfe650,single_family_permits
tpa-d1b4ba15bfd523,src-bfe629a7c4b3d1c3,single_family_permits
tpa-4f5075257f31f8,src-72a8c8bb4d7853f0,single_family_permits
tpa-46c6713638fb90,src-81667a1434fb726d,single_family_permits
tpa-5151a32793fd96,src-a57255f097ac8dbc,single_family_permits
tpa-5714f868b9bc75,src-f5904f2c4ffecaf4,single_family_permits
tpa-9a5d26340e52a8,src-b15fbedf8964cd77,single_family_permits
tpa-a26828f294e5ed,src-57050a0daadd8d4f,single_family_permits
tpa-2728e8b1d15202,src-45449e1e06e190f2,single_family_permits
tpa-d88731d3c25112,src-66e53dee631b8ebc,single_family_permits
tpa-4a72ff864bc66c,src-1c47bcaa8538b5a6,single_family_permits
tpa-30b412a70a928f,src-f2e5f956af7b7e25,single_family_permits
tpa-6aa848cc903c1a,src-06604b98ba8beb98,single_family_permits
tpa-79bb3f5f3055ed,src-82ad302db5cab83e,single_family_permits
tpa-641184c2c4cb95,src-b84c4df57151cd1c,single_family_permits
tpa-6130343ebd0711,src-f74ba8adbcd434b3,single_family_permits
tpa-e31643da6b5577,src-d82c3bdec71de58c,single_family_permits
tpa-52249d28cd7eb2,src-0392214233a790f6,single_family_permits
tpa-d16e5ccdfd0989,src-b582bee65fcb8c27,single_family_permits
tpa-70c8b4f49e50c0,src-e113bfd04c97e53e,single_family_permits
tpa-1874bbfaf97b06,src-1b225ae93e6b82c5,single_family_permits
tpa-544d08962385c5,src-6e183c854574ba2b,single_family_permits
tpa-8b98c0618bf1da,src-73c985ef01136709,single_family_permits
tpa-fa5391f50f0e21,src-fcf8daea00116a93,single_family_permits
tpa-782dd496108c88,src-9cba232113d07988,single_family_permits
tpa-5d752868a76c0a,src-d178cd819cbd4633,single_family_permits
tpa-8eee434c785e0d,src-1c0ed33a8a089923,single_family_permits
tpa-956e90fdface6d,src-2467393e1f85598e,single_family_permits
tpa-e579bcb61af14c,src-17ad3afbd02b4350,single_family_permits
tpa-522ddb3d5f3f18,src-8c5e1933980eb08f,single_family_permits
tpa-aeb38c4d8a2d95,src-111d4132bdad1f27,single_family_permits
tpa-60104dd6a45479,src-06d15741e959930d,single_family_permits
tpa-4783da293c0f66,src-ece5dee07876f30f,single_family_permits
tpa-81c5dd94d6444f,src-bbe7e45febdc571a,single_family_permits
tpa-6cbd40fc336d20,src-b304ff086be60608,single_family_permits
tpa-594b4eb16f432d,src-611c001e91559580,single_family_permits
tpa-1d2a58540315ba,src-e57ea90ddca111c9,single_family_permits
tpa-1f34dcb1eeba3f,src-0a5b4489861e1cae,single_family_permits
tpa-69605353d4155e,src-990bb63687a2fe19,single_family_permits
tpa-db527c96989794,src-cfe1658673a004bb,single_family_permits
tpa-a16dd6a2ae7979,src-74a41db5cdfa413a,single_family_permits
tpa-f3dc1b30eded75,src-d99694063b23e4e3,single_family_permits
tpa-cd5311efe1dede,src-aac087e2c9bb2bab,single_family_permits
tpa-25104efdd1ee34,src-db64b53003174d85,single_family_permits
tpa-762a1c09447377,src-1acd1d2ee6c2ff99,single_family_permits
tpa-1c7aeef625421c,src-f53e81c7afdff40d,single_family_permits
tpa-df98c3ef86263b,src-1a12bb067e88c479,single_family_permits
tpa-54d69ac39e790c,src-db6c3d900217a610,single_family_permits
tpa-45f3ec1be263ed,src-0f0b787a4816155a,single_family_permits
tpa-374e0666a51aa2,src-014916e6dc645398,single_family_permits
tpa-46411d97dd91d5,src-97f3f74accbb336d,single_family_permits
tpa-eb8872fc812030,src-1a6cf23b8326afdd,single_family_permits
tpa-b8b6db7b654a27,src-93e20686c3564f7d,single_family_permits
tpa-05f5095fde8849,src-5910dfe546e97b71,single_family_permits
tpa-921964885156a0,src-de7247b64f565c9c,single_family_permits
tpa-c7815e67050ac5,src-8ff7bdfebfafb72f,single_family_permits
tpa-091ed6d5018ab8,src-0f0580055e674380,single_family_permits
tpa-04e4e6e2740001,src-d73d7ece26655665,single_family_permits
tpa-2598ddff5e06a6,src-3468db24558c02b8,single_family_permits
tpa-4afda99e27baac,src-901a79a21bca6a5b,single_family_permits
tpa-835286970c5efb,src-e3962bde38364de2,single_family_permits
tpa-ed5b81318e2cdd,src-ef15e00cdfc1cc6d,single_family_permits
tpa-30f00d8bdc76a1,src-927dbb38795e3144,single_family_permits
tpa-9b397376b6dea6,src-9fc9636ae395bdb6,single_family_permits
tpa-8a237e6f5fbdca,src-c2f41991e6d3812b,single_family_permits
tpa-6bd9735cd21aa5,src-d86e526f8e9a98c9,single_family_permits
tpa-a8a2a8693add8e,src-1cdb64eb3de66cec,single_family_permits
tpa-8627ecd355b83a,src-dbb6c1f019dc94a3,single_family_permits
tpa-c2504cfbdd6587,src-addc843f797fcfe4,single_family_permits
tpa-a66ae4ef1c3345,src-c68fcc479a6ed147,single_family_permits
tpa-649e4659d61c40,src-22b47bc34bf9c830,single_family_permits
tpa-100f353a540768,src-20500bb3b811cc34,single_family_permits
tpa-99fa4376843c17,src-f21ce1546584ce8c,single_family_permits
tpa-be2d034bfb7f71,src-90eed3a4890617ed,single_family_permits
tpa-6486334dfe8600,src-fb09d4188157d36c,single_family_permits
tpa-3f887726df0ff4,src-8e34d60eb958dc5f,single_family_permits
tpa-ba07a5d5ac35bd,src-8884a1990d8eec1c,single_family_permits
tpa-d137cbe67f28b7,src-7e7aac1474131483,single_family_permits
tpa-3fffd2b9db4775,src-e49edfbb9a248ee7,single_family_permits
tpa-d588224b19d2c8,src-574d5d4a8f05a764,single_family_permits
tpa-4b64b4280d5412,src-178ec473b3c0f7c7,single_family_permits
tpa-8b3ab70c40788f,src-8dfad689f28b9369,single_family_permits
tpa-a91df2a912a8c2,src-831fc08de110922b,single_family_permits
tpa-50ee601e875fa6,src-80ecfd95cfebb48f,single_family_permits
tpa-bf49b6ef8a3e2b,src-2494bfa701360eb9,single_family_permits
tpa-ef746e6fa0bdd8,src-bb8017087f1a99c9,single_family_permits
tpa-66f26e565f0b65,src-0048916d32e90794,single_family_permits
tpa-73555a6fd1afcc,src-d1dfbaac33bf1245,single_family_permits
tpa-0f27c8e3e4a190,src-bc8f7bd6ca5c553e,single_family_permits
tpa-894a7c88cfc17c,src-9f2d8b1bc7c66d8c,single_family_permits
tpa-2a61ea68abd0a9,src-17387e51a4e08ee0,single_family_permits
tpa-b986c9fe7f9aeb,src-1a9aa7ff52b53c40,single_family_permits
tpa-ce9f1eee723714,src-74dc10510f249d19,single_family_permits
tpa-9c3e0ed547c5f1,src-bdc74f3e08f9d897,single_family_permits
tpa-4cfa2d4d931d5d,src-e6548a5779176a69,single_family_permits
tpa-1ea35e3ba1e04b,src-247ced8dbf8e7540,single_family_permits
tpa-e3a28faabb2702,src-27c5f56c4a1e8c7d,single_family_permits
tpa-2616875fdcc869,src-c4f6a3d2b6d4aae9,single_family_permits
tpa-663802e6093f16,src-ac7c0d39a290bc22,single_family_permits
tpa-b0b751553dd485,src-65ac43574ff6dcbe,single_family_permits
tpa-d1f6c1949617ca,src-9e97fc1a98b0df5c,single_family_permits
tpa-683ac62998f89d,src-fd7363f3b87425a6,single_family_permits
tpa-3f916730604201,src-422350b6e1e3a11e,single_family_permits
tpa-26d7a29b1b1ff9,src-77fdda8337f94ce5,single_family_permits
tpa-cbfc2c52ef960f,src-68502198bcd40a7c,single_family_permits
tpa-210d13a79dbee0,src-c56f0cdbb539cae7,single_family_permits
tpa-4d6a7f167fb843,src-d7d5876aaf3d07a4,single_family_permits
tpa-cfebeaebd3f6c6,src-a7ed11710bb9b418,single_family_permits
tpa-32ec774176436e,src-3ce5aaca496a2894,single_family_permits
tpa-77aeefa7cab39d,src-be62f628e2137965,single_family_permits
tpa-1807895fb084a9,src-a6ccdf6ae86accf9,single_family_permits
tpa-673955c5f37db0,src-b93fba8b85839738,single_family_permits
tpa-f74e3d36b275bf,src-226c00624af66c01,single_family_permits
tpa-dac7c97b0f8a80,src-aec8ef8f2ab626f0,single_family_permits
tpa-db4f747ae71be6,src-720c79d393a1509c,single_family_permits
tpa-0ed6ca5a2cdae5,src-d38de4a09e851214,single_family_permits
tpa-3102c89fca1614,src-9e2fbeae113ca02f,single_family_permits
tpa-5d51b71d680f85,src-23137a46c110d598,single_family_permits
tpa-5f9e27e08a8b4b,src-dd7157fdb1537f79,single_family_permits
tpa-28b5e4092d2aee,src-357c6044c102e807,single_family_permits
tpa-84640926ce0129,src-dab549c9790aa997,single_family_permits
tpa-54595021582fcd,src-bbfa96716c6ed908,single_family_permits
tpa-8e062cafcda4e7,src-f6f3f96c0b8f75d5,single_family_permits
tpa-c3eb9a831dc8d7,src-fb6ffece94d4fbc1,single_family_permits
tpa-f24486ebcbdca9,src-95ff362c68da7a8b,single_family_permits
tpa-1d35fe79209ef4,src-c4ee8e16ed7409e3,single_family_permits
tpa-04e773a136d676,src-d7d39bcacec6dfdb,single_family_permits
tpa-182a27269aaf1a,src-60fe81b86698fa10,single_family_permits
tpa-62253fde489651,src-4397c2cd930b5710,single_family_permits
tpa-38113668f154c0,src-072f4bed1aaa9789,single_family_permits
tpa-a1387768b62207,src-3ad4a41c87fbc9c3,single_family_permits
tpa-78ee6eb5ea23a5,src-54ac180ba9635d5d,single_family_permits
tpa-4247d2fb359426,src-8e6033a0c50dbd72,single_family_permits
tpa-3d12fedb001d91,src-595f257f3820ca19,single_family_permits
tpa-6aa946c81585df,src-a83877f68120edc3,single_family_permits
tpa-9d70495011c9ac,src-ff2d22c0277b5fae,single_family_permits
tpa-3c346e6bb0b02f,src-cb4cd91921cf2df1,single_family_permits
tpa-7398a70681d784,src-f7e81b6521c7bb67,single_family_permits
tpa-5fbcd992c18c19,src-a678deafbfb55efb,single_family_permits
tpa-d023e7483d1e49,src-7143abfc17228964,single_family_permits
tpa-3aa9c7d9a5ac81,src-431428c1fe76e588,single_family_permits
tpa-a5fb6b48da38a4,src-f684c00e96181a1e,single_family_permits
tpa-86c7c11c15aa7d,src-d4c11f9de01aaa8e,single_family_permits
tpa-43e396bdb6a253,src-e1e756e236b99219,single_family_permits
tpa-34fb32d297ca42,src-6c0f78ec0a703f0f,single_family_permits
tpa-6fdd9525443cb1,src-358689d6f4ac2521,single_family_permits
tpa-c80f3ee83f25dc,src-1228de48fbec8810,single_family_permits
tpa-820779ff656f7d,src-85f0863b8d8d0482,single_family_permits
tpa-dce94fb68a7bb5,src-1c8ec3757c349964,single_family_permits
tpa-aef08567fad618,src-57c34a3606fbdb33,single_family_permits
tpa-47a7ff4e6e16f4,src-06b256e75a70c25c,single_family_permits
tpa-7a3348752489a1,src-a9d726393e7ce910,single_family_permits
tpa-77c99beda356e9,src-487331adbc4a6bad,single_family_permits
tpa-c3125164df8d13,src-76f8e51fac9d90b9,single_family_permits
tpa-4337f7104d8fdc,src-8d279d44c10ad3dc,single_family_permits
tpa-66afe5cde4f510,src-a329d92217b9ba76,single_family_permits
tpa-aacb3517a63624,src-f32f47adbab982b8,single_family_permits
tpa-8681fda42dd0ff,src-f6037905cc631546,single_family_permits
tpa-f290ae7e2c7f61,src-1d82f8abfb2fbab9,single_family_permits
tpa-b1719030b0d422,src-fba7600e4bc04933,single_family_permits
tpa-fa5060b2438f7f,src-9d6c321c141ff011,single_family_permits
tpa-d23e65f8840b5c,src-17c75cfd2d1e6785,single_family_permits
tpa-a221d47227286f,src-08e820467d4add7b,single_family_permits
tpa-fdef5ed80ba0c4,src-08d783ba06f04c46,single_family_permits
tpa-429d672d7a1c19,src-7c5b318b0b876034,single_family_permits
tpa-d24e45feb85f81,src-257d39fae409bf2a,single_family_permits
tpa-ce024800da7bc8,src-de3589deeb12dba6,single_family_permits
tpa-3b21cccb37f1d5,src-27f73de5a15f2cee,single_family_permits
tpa-71ba922da48242,src-89d84c289da86de6,single_family_permits
tpa-0e0cc6a173a87e,src-b93f4c1762439632,single_family_permits
tpa-c10fdeb82a01dd,src-181c8d0952c24391,single_family_permits
tpa-83782d068c1842,src-068865e6647000a9,single_family_permits
tpa-d52062a0fd0d86,src-1ad4b4178bb94640,single_family_permits
tpa-7d2adae40d5715,src-0da0af3c1995e8a6,single_family_permits
tpa-385c72a6313f3b,src-542f544f86d28fce,single_family_permits
tpa-70050aedd5cd92,src-328a1283c357c763,single_family_permits
tpa-9c2a2b995e3336,src-f70b5ba991750b9d,single_family_permits
tpa-af5bd361327631,src-0500a6e289b1b6a2,single_family_permits
tpa-bfb2d87c3355f9,src-6a8f953c375e4d90,single_family_permits
tpa-f44c975eac3318,src-6e9ba6aff15250e5,single_family_permits
tpa-bfe47951ea5bea,src-ff6210c21e5f8b17,single_family_permits
tpa-ff6f7e339d9ab8,src-a0f40a0059900235,single_family_permits
tpa-dcef692960a9f8,src-1e1d680610fcb8b1,single_family_permits
tpa-05162442d5d31c,src-b9faf380b872b687,single_family_permits
tpa-57d105ea04b1c9,src-32e76d0295995a30,single_family_permits
tpa-0a4a9c5cf04c81,src-89a98b9c1f2d69af,single_family_permits
tpa-229eff317e123e,src-860da15e09e4e918,single_family_permits
tpa-69e4cced1caf8f,src-69a58ba602fc588d,single_family_permits
tpa-b143017208c090,src-7de2cc1137f946c4,single_family_permits
tpa-91e544c2757aab,src-463fe9de3a3f2de7,single_family_permits
tpa-e80a7f0c6f0e0f,src-41c0b6998cd3e22d,single_family_permits
tpa-39086fe4b6968e,src-c01eb9d5892d8fd8,single_family_permits
tpa-dae0e13a11a94f,src-e6e40902a553fbf0,single_family_permits
tpa-f02d82e71f3173,src-67a4b61cddb0802d,single_family_permits
tpa-84a98fcb1bcae2,src-9f45348866924e71,single_family_permits
tpa-3e5f40439bd6cb,src-4857457b96e5a6fa,single_family_permits
tpa-85de7da933a083,src-33ca885ddd5ac730,single_family_permits
tpa-45c28497bfe1cb,src-d9eede7c2c9111ed,single_family_permits
tpa-eff726797d593c,src-3ee2b98963b8ba2b,single_family_permits
tpa-48cd07612437d7,src-6f9a0d691c747cda,single_family_permits
tpa-2da8e6795be060,src-455eb77163f66f03,single_family_permits
tpa-faf0c2b102a86b,src-b2a101a2f787f4ad,single_family_permits
tpa-d58c64c80a6654,src-c3654f537f2c17bb,single_family_permits
tpa-8ce7ba518b8b1c,src-e1dd68df24b9a635,single_family_permits
tpa-cb6710f458a7dd,src-12566e3bced46981,single_family_permits
tpa-d76a66b5a81b1b,src-cfb422d35a3315a1,single_family_permits
tpa-f04e7f70958bb6,src-3ff4c3e7b12d581e,single_family_permits
tpa-58a22fdea1f2e2,src-eb6d565e71aef489,single_family_permits
tpa-5e4fcdcb906be9,src-b5f94f8da2827ce6,single_family_permits
tpa-8851351452b196,src-55476a046798388a,single_family_permits
tpa-08ed003ae91c05,src-a6e5d5ee879c33c4,single_family_permits
tpa-13c2ceb279e24c,src-a22bf5d9ab53c864,single_family_permits
tpa-7b64bb4986b903,src-9219047cc2202167,single_family_permits
tpa-6a495f5f9c1ef6,src-bf8383fc0fda884d,single_family_permits
tpa-f7c57b82ababc6,src-d582120d825062dd,single_family_permits
tpa-b4f277b88af18e,src-63775f203576b235,single_family_permits
tpa-2519ed0dde352a,src-e28de9766ebba526,single_family_permits
tpa-9c25465478897c,src-6ffa825cead22a86,single_family_permits
tpa-adc89cf41c91ad,src-5aa6bae9fabe5303,single_family_permits
tpa-3ade872747fe8c,src-98663c39245a06fd,single_family_permits
tpa-d5756e81989e0e,src-64028828ee88471a,single_family_permits
tpa-53da7eb6d9d746,src-9a6ff9929f4983c8,single_family_permits
tpa-8df319d41d6cc5,src-b0c7b079b25c171a,single_family_permits
tpa-271bf7539d31b0,src-f85fd30f0c0ae880,single_family_permits
tpa-f1a3adcd375128,src-99ee2f0f0b45fdcd,single_family_permits
tpa-59a7094e9fb159,src-8ec0b8e321133684,single_family_permits
tpa-5e84b7afd35560,src-fc6bd5ebbb17b9f9,single_family_permits
tpa-c9e100c620dbb2,src-498a073889e6dff0,single_family_permits
tpa-c0b0a881acb421,src-d459c14cad2e1c1f,single_family_permits
tpa-dc924e01ef07da,src-f0a0b8ff60f86998,single_family_permits
tpa-747f5c445ff928,src-75c14d1961361954,single_family_permits
tpa-eed2a91832bfc1,src-f494ea0b6694469d,single_family_permits
tpa-2c47010f9bf492,src-758e724d8624f7c4,single_family_permits
tpa-5cd621a33545b4,src-fd1e4af7bc0c32af,single_family_permits
tpa-be874703ee4a20,src-cee42c4230549475,single_family_permits
tpa-ed77c19c79be8b,src-682f3215d15e83fc,single_family_permits
tpa-ff65aaea94e7e8,src-2de6b526dc6edb2d,single_family_permits
tpa-0d141ecfee0746,src-c8e97d10b0189741,single_family_permits
tpa-b16bb5dbe6bfa0,src-af7cae5a30378858,single_family_permits
tpa-8d94d8d3ac2521,src-5c1c8456beaa017d,single_family_permits
tpa-927f759bc90877,src-4525f9973e19c3a4,single_family_permits
tpa-df40978b7a497b,src-5d29ac6938f3367b,single_family_permits
tpa-ff70156e988797,src-fb4ff1ac3b98221f,single_family_permits
tpa-c2fcf32e4a5e1c,src-8f0adf1f69956972,single_family_permits
tpa-755661410676a3,src-b78e0ec74ef7455c,single_family_permits
tpa-d358886086a3e4,src-4248a9b5b395eec6,single_family_permits
tpa-845599e11d236f,src-8e390e49d3bc2b89,single_family_permits
tpa-c3df4261b7c953,src-261a809669e2efd4,single_family_permits
tpa-7d2996141ea393,src-3a984422e940f820,single_family_permits
tpa-d119242b4519c2,src-f5aefbca6b176193,single_family_permits
tpa-8f54fa56da7140,src-959443ca25dfe3f5,single_family_permits
tpa-5587d0dd7fecb0,src-625ac296b2487772,single_family_permits
tpa-6b26f10670ec6f,src-60353e773150a518,single_family_permits
tpa-6c9c8d5a41ec9f,src-c5858d62ec8e4ae5,single_family_permits
tpa-6ee94ca384d4de,src-81fbe8302f227220,single_family_permits
tpa-7a8f4d1b9d5904,src-7cdb67c6904e7810,single_family_permits
tpa-a5f7f3c93d3ab7,src-01eb9760456c0d2c,single_family_permits
tpa-19d41fd17c312c,src-6946a6ec1cba6d23,single_family_permits
tpa-4a2fcaec359384,src-70d8128b3b10b271,single_family_permits
tpa-da7186fa942a19,src-dae8a5e8bc004890,single_family_permits
tpa-0b44c2121ce34b,src-a761c25ec9957564,single_family_permits
tpa-bc9bbb9bdf075a,src-a0eb8e04a407b6b2,single_family_permits
tpa-b3b4022a0f7a84,src-e2d798045b41b563,single_family_permits
tpa-b6237abcb7301c,src-73d30012253f7ea9,single_family_permits
tpa-68365bfff88315,src-787f7c471e677ae5,single_family_permits
tpa-f2cf1c54350891,src-eec0a078ae7ce711,single_family_permits
tpa-60ffb36d4567ae,src-d297469309fd4050,single_family_permits
tpa-8a9ee5967b5d1b,src-ddd7e86d09fb81fb,single_family_permits
tpa-3cf4dfd38f377f,src-f81840729e0394bf,single_family_permits
tpa-b546910ce4024f,src-1c4ef2fc78adc216,single_family_permits
tpa-f96239fb7ba80a,src-37649d4cb7bec0c0,single_family_permits
tpa-945604cf03cedb,src-42c2a0f12362a310,single_family_permits
tpa-bad21aa77dca3b,src-1388f77de298d346,single_family_permits
tpa-2ee1e09d1de875,src-4bb46c32598d0e24,single_family_permits
tpa-6fd7f19befdce6,src-5fc89b4204ab60d0,single_family_permits
tpa-49beb81a4f0bbc,src-4c9d5b6c7c41a933,single_family_permits
tpa-8971084acb75a6,src-a825a492fdd7679e,single_family_permits
tpa-838a75b27ec235,src-680e03b2106bbb88,single_family_permits
tpa-df46cbccf61b46,src-1b23e7e00b76c466,single_family_permits
tpa-602e5467b0ff6e,src-a12d7750b5b4b01e,single_family_permits
tpa-7f65dabc0d39f1,src-b17469709562844d,single_family_permits
tpa-62a1bf88971672,src-70e001b16df659ee,single_family_permits
tpa-db13bb05771ef0,src-a50444ff493d4faf,single_family_permits
tpa-aa2fdbae318723,src-511978c5aa5ceedb,single_family_permits
tpa-fff5b3cdf36fa8,src-b60d29b34b4e3bae,single_family_permits
tpa-c251248ac6398f,src-565ec1c6581d15c9,single_family_permits
tpa-9c54a6391153ec,src-04b2cddff6b14de9,single_family_permits
tpa-fd9ff070386d38,src-8eb4c4765d4de87e,single_family_permits
tpa-e28a969192411f,src-2e004885783eabf3,single_family_permits
tpa-9ddf0d89b6792b,src-3c75d958bbb12250,single_family_permits
tpa-baa8e395ed577a,src-8047617c7c8fe5be,single_family_permits
tpa-2b48642ee2c461,src-800b00253d7d0bd6,single_family_permits
tpa-06f84eb6150e1b,src-b3bbf06e85e5f3d8,single_family_permits
tpa-9af82ea6ec4151,src-42f76a3bb152a079,single_family_permits
tpa-6ddb25d7eb7ef2,src-81510be72f687a49,single_family_permits
tpa-ec96c60f9a44f0,src-3d309e6ba39b12b2,single_family_permits
tpa-c513d0ffc576b5,src-c77b160591db6e19,single_family_permits
tpa-b01b9c13cc057e,src-b51a2e94a6f59068,single_family_permits
tpa-ca325157830d7e,src-c39b2056e9f93c7d,single_family_permits
tpa-3e657b6d6cfb4e,src-107f7d2e50016b4c,single_family_permits
tpa-ba552821c3a2dc,src-ee77afabd73fb61f,single_family_permits
tpa-4f57106add2fad,src-eec62106850a76bd,single_family_permits
tpa-da537b7a760dd0,src-e62a69eae608caac,single_family_permits
tpa-8b7ee5586fa4af,src-abb02d5296782c68,single_family_permits
tpa-fcc624ab9f9786,src-92cb2cd11ace0c7c,single_family_permits
tpa-a11df607f1a8ed,src-552c0ee2d27f4ad1,single_family_permits
tpa-a465da723602b9,src-63a238bb36d83f89,single_family_permits
tpa-5354d09196a44e,src-f0e3372e1d576a55,single_family_permits
tpa-494ec0a1c20af2,src-6567ac5408152275,single_family_permits
tpa-3aab97d5974e94,src-37e0ec689290937a,single_family_permits
tpa-6c96bc46c8b68a,src-8a001230a75a5f7d,single_family_permits
tpa-645dc55b32acba,src-d21a17c8f2be43c9,single_family_permits
tpa-d3e811c6a7dcf4,src-0bcd15712ee19040,single_family_permits
tpa-852a28f9e41cb2,src-ce545f6e111c4588,single_family_permits
tpa-a69cddc7ee42c0,src-b9361e2653af7b07,single_family_permits
tpa-5bd430850c12b1,src-dc5099a39467b683,single_family_permits
tpa-0ea5310ce6574d,src-e454940703d40a4a,single_family_permits
tpa-3d150989ee9e7d,src-f39a7549c3abc3e2,single_family_permits
tpa-64d492142bd08c,src-740424450b7f1894,single_family_permits
tpa-8816aa02f1e887,src-906ce07792aaf4ea,single_family_permits
tpa-6107f72192cc63,src-43db67badbed27d7,single_family_permits
tpa-be30acac1e4c9f,src-626a580f4e25cff5,single_family_permits
tpa-6815bd7dc0068d,src-6ed49e86eb7611b0,single_family_permits
tpa-176b1b1474a2d1,src-67039277af6286cc,single_family_permits
tpa-f335765362b5a5,src-3818232bd3a248b8,single_family_permits
tpa-21932133e7b772,src-4ccc53ead748ebea,single_family_permits
tpa-4c491c74bbd352,src-bd07df4c564a0c0b,single_family_permits
tpa-aa3bcf451f27f2,src-1ae06f1c165eb68d,single_family_permits
tpa-41674188851955,src-fe4f6dd1f08aa693,single_family_permits
tpa-b1afc91547895f,src-07d46314ab1b0398,single_family_permits
tpa-68cd43c8b1519d,src-f56cb10f90dab6c6,single_family_permits
tpa-3874efd8d5b4cd,src-c21ac11e1048d5fd,single_family_permits
tpa-4ae47cd42ce59c,src-8a5eb86fd52911c0,single_family_permits
tpa-a45b3c67267ea2,src-dd331c0f406f1936,single_family_permits
tpa-18efac5029086e,src-4cebcbb9522867ac,single_family_permits
tpa-2760c5a91cef80,src-0e4a44a6fbb7328b,single_family_permits
tpa-8e65b362912d3b,src-ece8ef8d6096f4e2,single_family_permits
tpa-92b708b87f4d12,src-ccffc075b9676e04,single_family_permits
tpa-2d3ae14df8c01f,src-a10621fc48d5f032,single_family_permits
tpa-2b2003cf36c22b,src-220a8a8d200f27e2,single_family_permits
tpa-156b76fb3af108,src-fef5028fcfdcb214,single_family_permits
tpa-ec86e0e5aaa45c,src-6da5ebd27661b21a,single_family_permits
tpa-e1f6cdc6fbff4e,src-e4c5f4bb1fbf1edd,single_family_permits
tpa-1ca4868f51ccb0,src-542155ea67813eb8,single_family_permits
tpa-24864a02684b8c,src-93aec95f30f73860,single_family_permits
tpa-a4fafac80ba4e3,src-7dfac7f255be9ca9,single_family_permits
tpa-accf34fda337fe,src-be0d0427f43eb333,single_family_permits
tpa-70de17b91f6c6f,src-c73e4c50d552bb77,single_family_permits
tpa-f0034c2c60e57a,src-340625a83ae9199f,single_family_permits
tpa-06dc5140af837a,src-7f90985ce4918cea,single_family_permits
tpa-29986d3989d8d1,src-6d37938372948ecd,single_family_permits
tpa-52a4a31d92ae19,src-c5d5ec8fe10fe7c3,single_family_permits
tpa-11319b993a92a4,src-fbc00d80f1a0a78b,single_family_permits
tpa-fe64a07876f336,src-3c207d446be4c0e2,single_family_permits
tpa-425a490c293434,src-dd727bd8d1c015c0,single_family_permits
tpa-e461fcf6cc2f9a,src-f8c09ba5aded3c4f,single_family_permits
tpa-ac519479f97525,src-60f9ef8fcccd60cb,single_family_permits
tpa-e8af4e94136767,src-773a61f9c439884d,single_family_permits
tpa-e2d5afc41c0c8e,src-dca6132c839875f1,single_family_permits
tpa-fd24d8d6a7f5ae,src-02c56022eb0384e0,single_family_permits
tpa-1f87f734e2583b,src-2265e652d775bf5b,single_family_permits
tpa-cfb0502c6ee69c,src-842146a72c5b8cbd,single_family_permits
tpa-17e38a67e8b145,src-0781173c7994e8c3,single_family_permits
tpa-53c4f7231f2594,src-d98a196dbae5e777,single_family_permits
tpa-860244e6764ccc,src-a25624b8bc81db63,single_family_permits
tpa-009358e75a4788,src-2e42804feec0762f,single_family_permits
tpa-2fa48cd756d9a2,src-61665cf57238fa64,single_family_permits
tpa-ea48b80b26a122,src-2c336bf8f89832e6,single_family_permits
tpa-9fe350b4096f8c,src-65d9f9908cb62645,single_family_permits
tpa-1bf44c73051347,src-1dbf446f811c8716,single_family_permits
tpa-de4d9cf75a591c,src-362ec12e00db166a,single_family_permits
tpa-4f29ce4392c677,src-d35118b5e32a1e16,single_family_permits
tpa-0f7a082873c34f,src-d7b7a8b92a38c70b,single_family_permits
tpa-0fde779fe2a9c4,src-5d00be94dc1abe05,single_family_permits
tpa-ab8fa20325643f,src-a42d9299b76939db,single_family_permits
tpa-9898638e54449b,src-4b98ee116443c39e,single_family_permits
tpa-9fca9b14fbf60f,src-c25021ec86dc2fff,single_family_permits
tpa-3618f2a543ed8a,src-bd6aa6f515b206d2,single_family_permits
tpa-3a3123d55d4e8d,src-6ea3cdace9f88332,single_family_permits
tpa-aabe3fc78f9aed,src-e33200aea10d725a,single_family_permits
tpa-2cc90e88ce21eb,src-f59f17ffb32a343a,single_family_permits
tpa-6e386278dacae7,src-dc45ffafb39e139c,single_family_permits
tpa-49113affb100a2,src-aca928ed4a1f2c5d,single_family_permits
tpa-e6022bc8dc7b15,src-e499a95d4a7d014d,single_family_permits
tpa-c196f78268d889,src-72c9aa83c6d1bc32,single_family_permits
tpa-1afca5c72c8207,src-b11128a83036a38b,single_family_permits
tpa-36b1ff81498193,src-308465c4d26c9c40,single_family_permits
tpa-dd1614046de936,src-b6bb2995e1769d42,single_family_permits
tpa-0e3ca7c0fb6cef,src-e3a725103f7af46f,single_family_permits
tpa-db60401e61aee5,src-913bd21edc17ba73,single_family_permits
tpa-5baa8a11ffa096,src-d0acbbc07aee3cc2,single_family_permits
tpa-fce9c160cce9b9,src-9e41dddc54155302,single_family_permits
tpa-91e2e6c6a04c7a,src-59715c4ad45c654d,single_family_permits
tpa-a34f0d6900f461,src-ffdf14c23397a0f5,single_family_permits
tpa-974cf28aab1517,src-53508fefcb1921cd,single_family_permits
tpa-b9da6b435f304a,src-f7ceec30b65d3b4d,single_family_permits
tpa-fed7319c3ecb7c,src-5752516b650b6b9d,single_family_permits
tpa-6d194c4d68193d,src-45f6b82bf7eb94ac,single_family_permits
tpa-f7acd9ea88a07c,src-9d64bcf92ccd08f2,single_family_permits
tpa-f6608d794ac3e0,src-eb4a06e5d9691d69,single_family_permits
tpa-9e6b2e05d23e11,src-aeda7ebbf7ff8da1,single_family_permits
tpa-17620d43eaa85b,src-e0493b3019489dac,single_family_permits
tpa-e49f80265b837d,src-1c6e64410a9a3e56,single_family_permits
tpa-c100fe141bd14c,src-86bce96fc5fd88a0,single_family_permits
tpa-a204aefd9e968f,src-a060823fe21450a2,single_family_permits
tpa-957272c721aac7,src-e464ee34a5baf3dc,single_family_permits
tpa-91940a8dd83922,src-aaf53cf29d77097f,single_family_permits
tpa-d1bb8b90356208,src-6165a666bd1f6920,single_family_permits
tpa-b67863b711f049,src-78d9a1d68b0145e7,single_family_permits
tpa-28ba9164dd5e65,src-0d3218b36885c954,single_family_permits
tpa-360ec28e959ae1,src-e3ba095766e94902,single_family_permits
tpa-3cf3eb9d357546,src-0280c792a09fbb88,single_family_permits
tpa-94484e29be82fb,src-9e8ebc316aee8f8f,single_family_permits
tpa-027b356f1ea6f1,src-6133e354c0a95e2b,single_family_permits
tpa-c7aa17d284f934,src-539e189aaaed4271,single_family_permits
tpa-9f82d40156267e,src-f55035668face1ac,single_family_permits
tpa-69d9fd464d1b18,src-5ec71449f358ff2f,single_family_permits
tpa-71767b2c2971db,src-24038f99df3066bb,single_family_permits
tpa-621af98423c5c4,src-03acfdbe1ad8e9e7,single_family_permits
tpa-207901a60db750,src-eaeaaeac9b79ce02,single_family_permits
tpa-2954d823ee84c4,src-9251acb18c467363,single_family_permits
tpa-7c2ff6662b2100,src-906873dfe1c04181,single_family_permits
tpa-31dd93d24b8b1d,src-f9faea39add77450,single_family_permits
tpa-9f059d451112d6,src-dd5f98fc7a4992f8,single_family_permits
tpa-b05a1f734ed809,src-5363e1e6865d331f,single_family_permits
tpa-81fc874c1e72be,src-0f7c0d4e320b79ab,single_family_permits
tpa-546f05f9e21091,src-fa3c835145222547,single_family_permits
tpa-87f0e0bbc35139,src-b2e28a13f57dbf5e,single_family_permits
tpa-68355ce602a115,src-a1a891bed340a875,single_family_permits
tpa-e16d4a342faac1,src-8f4c36d65fea190e,single_family_permits
tpa-e71ea48aa9427b,src-3d5706518461a047,single_family_permits
tpa-258f31363285d5,src-e8854403a2b90947,single_family_permits
tpa-939f2777365d09,src-d2df964964462eb7,single_family_permits
tpa-a5f146fae7c064,src-7d9ac60c997d25f7,single_family_permits
tpa-fa89c4d3ba80fb,src-cc84484f60c8638b,single_family_permits
tpa-260234d360f440,src-9be6a865248cdcef,single_family_permits
tpa-3a5d351545a77a,src-02dee401444493d1,single_family_permits
tpa-1048b6cb3845c1,src-855832ff151bc5dc,single_family_permits
tpa-ffb0e74ef7c0d2,src-552ba79809c3a186,single_family_permits
tpa-f0f52df9113612,src-a2518f122669cc1b,single_family_permits
tpa-0e76aa549d575a,src-0b06385f5b977a49,single_family_permits
tpa-2e5a76ea51ec50,src-e5944cde34488284,single_family_permits
tpa-4fc785eb1adbcd,src-54270f3eb0bc6c14,single_family_permits
tpa-94accbceb2eff2,src-e8bcab78c89f3c66,single_family_permits
tpa-5ea6dcbde8f52b,src-e229d5a9419c1c69,single_family_permits
tpa-72154b43e76241,src-f96d16904f1cf797,single_family_permits
tpa-4b10a67abddeab,src-b636ca3b9330cdff,single_family_permits
tpa-7c48ebf4118995,src-9936e0579dd9bd18,single_family_permits
tpa-f54828c2031d5b,src-c21ad5c38607bfab,single_family_permits
tpa-0dd2e889032cfa,src-9b8db3eb6a65d62f,single_family_permits
tpa-a6b6c21aef2b55,src-64d60a878b48bf8f,single_family_permits
tpa-f84077b9b28f2f,src-9ace58ca320c3bd9,single_family_permits
tpa-8f7f771e63505e,src-801ba2d51a577cff,single_family_permits
tpa-4790444b10d1da,src-0ac019a3d5c99641,single_family_permits
tpa-e5711e1ef9cf1c,src-d1b794c9a55d0ada,single_family_permits
tpa-1b96b96c20c45e,src-a9d0e69e983e0693,single_family_permits
tpa-380d9e8a7c30d9,src-eaf176321e0cd354,single_family_permits
tpa-51436f3a21c595,src-5fc75b582d4f1b6b,single_family_permits
tpa-b0076654f5fc59,src-83a44eb71d1b4945,single_family_permits
tpa-2b81d71a85491d,src-7fb02332ad1b44ea,single_family_permits
tpa-062a1d60371e99,src-86479b8dfd38387d,single_family_permits
tpa-e4eaa0c4f1d952,src-d5de7fffd7143ff8,single_family_permits
tpa-2b6182051006a6,src-1a126708c979a2e6,single_family_permits
tpa-acbe397985d8de,src-8507afff700e0551,single_family_permits
tpa-1d4aeacdbee34e,src-261ad076313ddba3,single_family_permits
tpa-3043eb68fa9249,src-05662e7e62f426cb,single_family_permits
tpa-da1ebe8bb36da3,src-bddb3873ac21757c,single_family_permits
tpa-dc6d3df62ba498,src-a1089504ff3d8b90,single_family_permits
tpa-498f7dbd762b3f,src-e8a2521a141f0ebc,single_family_permits
tpa-7752b16f450011,src-1a6fadf410247811,single_family_permits
tpa-1edc2e6fc9be50,src-31263ead2b9f01d7,single_family_permits
tpa-c41745c2c5f2f7,src-f095099284aa405a,single_family_permits
tpa-e2a92aee6d076e,src-1bde2835115336dd,single_family_permits
tpa-457e675bcbfce4,src-5b7b8549f7614c55,single_family_permits
tpa-8e6c36a66c9e53,src-c32f5443dd7a15a9,single_family_permits
tpa-7d3fad23750f2d,src-1bfdeba102e69b5a,single_family_permits
tpa-93ad1e0ad1e73a,src-208b88cd393eb6e6,single_family_permits
tpa-e4cd1c871b5cc3,src-396ab31a695c352d,single_family_permits
tpa-2409904c3111d9,src-049fce5cbc116f92,single_family_permits
tpa-a6dbfeff150b72,src-7b01d09101e7995e,single_family_permits
tpa-48f9e2c175a307,src-66733481927383c8,single_family_permits
tpa-045e51addb8e4c,src-27a4e3591e153f6a,single_family_permits
tpa-cd77580601088e,src-556dce3c77661619,single_family_permits
tpa-e6cc5299bd9ff8,src-a5ca3d7f282dfba0,single_family_permits
tpa-a505f55a297583,src-a39c4b0c18b25361,single_family_permits
tpa-1c4f1ad885e95c,src-8772455824641ea8,single_family_permits
tpa-325b3dda9ee2b1,src-3849a09a57ec0967,single_family_permits
tpa-c6e994422909aa,src-d6194b0da57d5a06,single_family_permits
tpa-edbfb7ebee2316,src-361985a82a3fa076,single_family_permits
tpa-1f02edd7c1b166,src-34a28a14be40408b,single_family_permits
tpa-01b2a34710d1f7,src-926b91b4224b809c,single_family_permits
tpa-666f8de1632994,src-a89628e33ce94d38,single_family_permits
tpa-d60f7ed42f12b8,src-038b82fd52f06370,single_family_permits
tpa-d0dbc1ea81a8fa,src-cbbef6a83c100ce8,single_family_permits
tpa-e7cb2202092654,src-98d6664c6f34d4df,single_family_permits
tpa-dc4bf6576a4605,src-b093da2b2963e477,single_family_permits
tpa-18e096e88663da,src-36c83cc37ac83082,single_family_permits
tpa-ec4a5770e5f9a0,src-83a31e8b92b616ee,single_family_permits
tpa-f2d2124064a194,src-3e1cfad24c78a3ac,single_family_permits
tpa-56e137d0b8da99,src-eca57da1293b32ab,single_family_permits
tpa-20635c5f8dbcac,src-e8598c9c37870742,single_family_permits
tpa-0a67b4c1803ebe,src-0bff204c84cac710,single_family_permits
tpa-321268a6b8e491,src-e1c96a581eaee9cb,single_family_permits
tpa-5a981b34a3c055,src-59c84770e46e37b6,single_family_permits
tpa-b5e9db01f40cb5,src-6c8077319f78538e,single_family_permits
tpa-053a574fda4f86,src-48c6f414f491d9ea,single_family_permits
tpa-e9409f2411ad8b,src-15cb60bb1b976c27,single_family_permits
tpa-cae41f261c9776,src-2edbbd455a2aaddb,single_family_permits
tpa-b734ec9fa69d68,src-4c514b425d2f4cbd,single_family_permits
tpa-ecdc9da999493e,src-67c151e4f60e4f1f,single_family_permits
tpa-2a128e6793e09b,src-654ff6c8fd13bcb1,single_family_permits
tpa-db661374029fa4,src-8e589a062d8a10ad,single_family_permits
tpa-9d816299b67340,src-6373b6a474b75786,single_family_permits
tpa-774498353611af,src-dccab34b54339b80,single_family_permits
tpa-f31de44644ca49,src-2096c9dac1ff7a94,single_family_permits
tpa-653e23e2977bdc,src-685a9fffe44aabce,single_family_permits
tpa-045b5ccf4eaa0c,src-99d82cd0e1086a1c,single_family_permits
tpa-35b0af88966029,src-3862f20b20a12168,single_family_permits
tpa-61a20c8f3ca0c8,src-a23e2535250603f2,single_family_permits
tpa-47f42c6c6bfc35,src-f70bac9d78a1a6bb,single_family_permits
tpa-245030a325b815,src-c1f9cf7fb6f34030,single_family_permits
tpa-1a62f1714694dc,src-bf9d9ff04f145486,single_family_permits
tpa-031b3ddc36e559,src-68686cbd62433b78,single_family_permits
tpa-aa3498028f794e,src-e4aa0de61fc458ec,single_family_permits
tpa-0d9c74efdbdbb1,src-6cbf5cc17cbdfe05,single_family_permits
tpa-511d1ae2292f54,src-8e4836db3cba2794,single_family_permits
tpa-52a43ed5cf3768,src-5e2d70dacae5b54a,single_family_permits
tpa-6efecb31b53bf9,src-d3adbc158f64ec99,single_family_permits
tpa-993e246a4a3e80,src-a41d5b19acc04912,single_family_permits
tpa-c023f0b7ac9234,src-e7853741e1218ac3,single_family_permits
tpa-45a0537d6e584f,src-79276f0945d1864d,single_family_permits
tpa-ab7d107d53d84e,src-0bcee562cf06f17e,single_family_permits
tpa-d07db3c4884ca7,src-2f430e568d0e2000,single_family_permits
tpa-c606c3fb11d3c4,src-f23a632a7083784c,single_family_permits
tpa-70f097e3e7a8b7,src-a660be18391e3ca6,single_family_permits
tpa-c7d017e71bbdf6,src-56b3b16de84892c1,single_family_permits
tpa-6d53049560016b,src-f1af52761d2847f5,single_family_permits
tpa-cdc9bbddc05a3b,src-4b0286d52d1d2942,single_family_permits
tpa-904d5d86463077,src-417d39a03b00b0d9,single_family_permits
tpa-34dae49c8cd7b1,src-c85c42ab4463b42b,single_family_permits
tpa-eb3f00b3b36e74,src-2556fcfef68b4750,single_family_permits
tpa-e683918aaf4365,src-27714c6ff2dcb79e,single_family_permits
tpa-b30cb23fd27905,src-1068b482d2539446,single_family_permits
tpa-12634ea2ae0857,src-aec49f9687a2d23b,single_family_permits
tpa-f687f897b41c2a,src-a5d2ac94fba336d3,single_family_permits
tpa-0bd5a7d093f8e7,src-48f0f2297365fc5b,single_family_permits
tpa-5dba5617cdb195,src-9ee0db430cbf100b,single_family_permits
tpa-5ce8d4e09ad309,src-ce067c7316be7a95,single_family_permits
tpa-dc93933fba4d94,src-560527de9859692a,single_family_permits
tpa-92f7071846991b,src-266b4fd1837a2659,single_family_permits
tpa-1a794081c1cc17,src-a60c6a632b2d92fb,single_family_permits
tpa-d49b4d1da9d589,src-4f06ef6e9f886b6f,single_family_permits
tpa-d1da9a542f3f3f,src-70bc81fed6fd71b1,single_family_permits
tpa-7d97171cacc169,src-6e4bad56fc4ba846,single_family_permits
tpa-904f5483252c85,src-12bbc64e36ebaa9e,single_family_permits
tpa-bcc3cf27d4d5c6,src-5b51d89516788eea,single_family_permits
tpa-dfb4611d7ef86c,src-8508bac5b0ea00fb,single_family_permits
tpa-723e5a94cf8f07,src-e852ec6fda29a58e,single_family_permits
tpa-1d633b31035617,src-a69f7745a8cb6288,single_family_permits
tpa-f5dc63d4e089c2,src-1de9e045f42e3837,single_family_permits
tpa-37ec9be687a3f3,src-59261d3ff492ea33,single_family_permits
tpa-9d627e95ad566a,src-7ab84cf5c28875aa,single_family_permits
tpa-7b14e2b39dfecf,src-0e27ecc14567b27b,single_family_permits
tpa-7c429afce10b19,src-5c5918b7519971d1,single_family_permits
tpa-f776784384cf54,src-c2fa7582b79346d0,single_family_permits
tpa-3d06c7470d2ddd,src-261619297ca26288,single_family_permits
tpa-c0359283d623dd,src-9ce7569a1a971196,single_family_permits
tpa-e2ad1f0c38e9c8,src-e906aae4490483c8,single_family_permits
tpa-6086fc4b87c950,src-78b33cdede3d7caf,single_family_permits
tpa-b7cd4c2038e29e,src-5d8110704865bfc3,single_family_permits
tpa-a8aab3631c08aa,src-3ca076ea6bdde88a,single_family_permits
tpa-ae1d2e3d8ddb67,src-bdb46ac450e9b21c,single_family_permits
tpa-4eb2f5e4021e31,src-9e4cb89f2445a497,single_family_permits
tpa-37a87599ccecee,src-e7eb8e947cdec10d,single_family_permits
tpa-80956699fab5cb,src-6119930adebd6cb5,single_family_permits
tpa-117542c0a715de,src-fff0962674fc466a,single_family_permits
tpa-2eb5e7452bcb99,src-5fe6ccceaea03f71,single_family_permits
tpa-7d0e4ecbea109f,src-508d88489aa38216,single_family_permits
tpa-76514f256dd0dc,src-70691b792688e0f6,single_family_permits
tpa-742b5f409bab20,src-76f7d0528ed87835,single_family_permits
tpa-92be969f635e51,src-68b833bfcacd1b8e,single_family_permits
tpa-db9a9189a37464,src-96cbebcfb51d67e3,single_family_permits
tpa-0417bc1fcd87c3,src-ca677ec04a95ad3e,single_family_permits
tpa-26f225c99a6abd,src-fcb712335d2cc610,single_family_permits
tpa-3f2e094f9ede8c,src-d75c786edf48f2fa,single_family_permits
tpa-aef61143e34319,src-19e66fa01c5d7dc2,single_family_permits
tpa-0b608cb967f98d,src-934fc23a7a227499,single_family_permits
tpa-77239e30beef80,src-a45998b4eaf38f12,single_family_permits
tpa-000f7ef41912eb,src-85a8eacb2a7531d2,single_family_permits
tpa-66dcabfe2e5252,src-74c46805da33a3ea,single_family_permits
tpa-67a473ac2f51e2,src-9c6e759f713c4b5c,single_family_permits
tpa-0a3ea3615bd08a,src-c6194e0f1e7e3650,single_family_permits
tpa-4f39ef68ddbe3f,src-694ec22cf9234064,single_family_permits
tpa-a7e6f0d4aba912,src-fe859eca08d96b1f,single_family_permits
tpa-987bb91b2366af,src-93f758a37423d152,single_family_permits
tpa-eda1dc4477c9ae,src-ba9d8ad3db225a4a,single_family_permits
tpa-b55e43547d1026,src-b5bd50e00b995176,single_family_permits
tpa-95f2a9c0bacd8f,src-1385b46ec5e0732c,single_family_permits
tpa-ce793ae7d6bb38,src-d8de4aaf6161fc0c,single_family_permits
tpa-e22d72436a5fc3,src-6f2f17cb96991a90,single_family_permits
tpa-07dc38c1c7d2e2,src-e6c20c981465c3b4,single_family_permits
tpa-2d7ba7fde05aee,src-b36987162ade1f9c,single_family_permits
tpa-d6fc99d8bb36a3,src-8757ec734b9740db,single_family_permits
tpa-e50fea9487c27d,src-667ffb7e489cf259,single_family_permits
tpa-df14aee6dd8645,src-03b486cee10124a5,single_family_permits
tpa-1759a1f43b0d72,src-1abf9b66692e5722,single_family_permits
tpa-4223c0a7145e64,src-7b842ebde2a523bd,single_family_permits
tpa-5ef1a7eff7743c,src-abd0a53e22280d94,single_family_permits
tpa-51e92c2b4dad6c,src-6b51b71ed8ba2797,single_family_permits
tpa-d6a6e9abf38502,src-5d195727f365b7bd,single_family_permits
tpa-b1f30bef4aeaff,src-ea303879e0af1ad0,single_family_permits
tpa-cd988dc9a40a90,src-3c7faf53ecd84dc1,single_family_permits
tpa-96e9a07cfc377c,src-15fdcdb1c2159800,single_family_permits
tpa-de083eb4586a23,src-7a63bdf25e010c05,single_family_permits
tpa-77e6c8ae672828,src-53b88d6bebb7035b,single_family_permits
tpa-b7618df7784dd1,src-f0fe54fe954118f4,single_family_permits
tpa-088bffe24bb84d,src-163b71a73730359d,single_family_permits
tpa-5964d90853d255,src-53cff12bc6f06e80,single_family_permits
tpa-02336b02cb67ca,src-90dd1b299106425f,single_family_permits
tpa-00a7e626430c84,src-797472db16d27114,single_family_permits
tpa-db1cafd7932446,src-026628f65ee5b9a8,single_family_permits
tpa-4b54d7c0a237f8,src-a7f92802383b9eea,single_family_permits
tpa-c5cd07c38b1571,src-09b2eea598e22d94,single_family_permits
tpa-ca9e256b1e6b19,src-8e85511be8cb460c,single_family_permits
tpa-459e76a973db5e,src-d1f0edf24a56a4de,single_family_permits
tpa-e16ae297c50d4d,src-32d7da2cf5ae3dca,single_family_permits
tpa-b982457676db58,src-179d08e87e366718,single_family_permits
tpa-495d9bd705a25f,src-b4af1f6af868be84,single_family_permits
tpa-0484a3f2f67485,src-0f886ca4d9116ec5,single_family_permits
tpa-3827636b923ac2,src-cbae1e498c3edc56,single_family_permits
tpa-3e50b553961232,src-16dd2f00d37dcc61,single_family_permits
tpa-4e22aabfbb88ca,src-cb0038a1c25cc470,single_family_permits
tpa-99bc8e2e21cc83,src-ee8dd62581275a08,single_family_permits
tpa-6488b5d3bc482a,src-894006acb81e74e8,single_family_permits
tpa-f5fd786cb76d10,src-f7bd8f57b7c7f7eb,single_family_permits
tpa-e16dc8db40500c,src-1d02a4bea0c663b9,single_family_permits
tpa-846e81a3895cc5,src-efe7d2a6bcba392f,single_family_permits
tpa-0fea9610772193,src-6a99a0a044b5bda3,single_family_permits
tpa-11c59ecbb0efbd,src-69be0e276053c545,single_family_permits
tpa-acc6124713fa4e,src-861796f7ce59e6ef,single_family_permits
tpa-2a3ba1216e4012,src-d890cb2f91c2b371,single_family_permits
tpa-46720b23e3764e,src-e5c08bc97f76d32f,single_family_permits
tpa-35547515486407,src-df8f3b3c9b631a55,single_family_permits
tpa-401d43c8ea1222,src-5426a901781c44ec,single_family_permits
tpa-c101f18cf8a198,src-35acc22a7daaf6f9,single_family_permits
tpa-0e9873042aff46,src-2aa7ca0886c16260,single_family_permits
tpa-960d867d39fccc,src-b50741bbb16fc8f5,single_family_permits
tpa-0051208ccc93a4,src-fb6e1c4a3ec4b057,single_family_permits
tpa-fd8572682df12d,src-b6b7e7ee1591fe64,single_family_permits
tpa-45bd098be29026,src-1c4040de0e51bd12,single_family_permits
tpa-0a5d28c210c199,src-e6fc4c8fffc893f2,single_family_permits
tpa-4561af57fa6795,src-99bc469da7ad1f69,single_family_permits
tpa-8e6596c40db0da,src-563c9a86ddc07e3d,single_family_permits
tpa-e74dc727132f32,src-cbdf2907680ee9d1,single_family_permits
tpa-14a789b4c706aa,src-9ffd2130d34ac506,single_family_permits
tpa-8c58d62fe68f3b,src-4f5883a474cf697a,single_family_permits
tpa-ff99615f4862d7,src-d15688a6813625cc,single_family_permits
tpa-0b33f5aeb24483,src-fb69bfd2e84a46f5,single_family_permits
tpa-9aa8545b12596a,src-95574aa9914a06ef,single_family_permits
tpa-37b93274858f64,src-de1ab54327e18d74,single_family_permits
tpa-fd1eb71a2f277d,src-685583a875bde536,single_family_permits
tpa-0761363b501642,src-471c20419386bc88,single_family_permits
tpa-4170383a03002d,src-562bd7c28ed188fb,single_family_permits
tpa-04390c72aee345,src-18863db8d83a19e3,single_family_permits
tpa-fe0f6a6f89253f,src-3aa28a3cddcb12f6,single_family_permits
tpa-8cd9d2f19711fc,src-e449be65960e12f7,single_family_permits
tpa-c13c4f9b3cebf4,src-ca292c0046a3af98,single_family_permits
tpa-8f1e44bcbcfc75,src-d6e67f2974023056,single_family_permits
tpa-6beb67d1953e4e,src-c7711259585c5e5c,single_family_permits
tpa-6420e9a22f3412,src-8edc17ca3377bebd,single_family_permits
tpa-a4e593c6f98d80,src-aca82c71b45d0450,single_family_permits
tpa-76e76db499fe64,src-26d98243faf87a21,single_family_permits
tpa-d53ea55d5e8922,src-3e7deb767cc086d3,single_family_permits
tpa-e0221199d1fe5a,src-6b13ff3a58bf7913,single_family_permits
tpa-4fcde30f1f4741,src-249bf4586f3314f2,single_family_permits
tpa-9c21ea3cc28b76,src-5154b73b8622ccb1,single_family_permits
tpa-7a2825941991ae,src-7cf6529c922d8a53,single_family_permits
tpa-e0548cea02b6e1,src-256b1a488d243fc7,single_family_permits
tpa-819a16174b0019,src-77bfb38dd8aa0ee0,single_family_permits
tpa-b953013a2ad9df,src-99bdf8213d51fa82,single_family_permits
tpa-7952b48c48ef4d,src-e41818465516107f,single_family_permits
tpa-8107d27d39f51f,src-d04ca71f2558aed2,single_family_permits
tpa-ec3e30ca345f62,src-ca7bb659014a18bb,single_family_permits
tpa-45c5f52620299f,src-2d6e50294fce28a8,single_family_permits
tpa-d6ef16e5147ef7,src-67fd961c0031d02e,single_family_permits
tpa-41238681b24c3a,src-a52f8321f3ddaa1c,single_family_permits
tpa-d17365c1d520df,src-6302a7ba79d8c488,single_family_permits
tpa-e4a68c12bc953e,src-00b3e65e7b922c5e,single_family_permits
tpa-379203eacfc71e,src-5ff088dcddce2453,single_family_permits
tpa-ff08258c3a1992,src-187dc37e47a469cb,single_family_permits
tpa-b1d62c11bcdba2,src-d0031d852c017570,single_family_permits
tpa-1c600b6c876651,src-4f5646c8a65ed2c6,single_family_permits
tpa-2ddbf524878341,src-185ec15ab28182fa,single_family_permits
tpa-075e2408573921,src-c721be84422962f0,single_family_permits
tpa-09bb8e982a2284,src-1997ff5032a57c2f,single_family_permits
tpa-7c2edb55a5a8df,src-ab8c5a2c1e03a8c8,single_family_permits
tpa-6f28800e7c31f9,src-f82171561a2a616c,single_family_permits
tpa-f473ef71897334,src-ed4b00346422272c,single_family_permits
tpa-708e51cbe9d60e,src-f8508a30d4a81b85,single_family_permits
tpa-792f836fe05697,src-213ae5af137ba397,single_family_permits
tpa-d5fe28fc2fc8e9,src-c6854fe92f2ec4b8,single_family_permits
tpa-aa7f5b97813818,src-1790fe82e3f9e783,single_family_permits
tpa-3051a2d2dd6c06,src-7886bb8247012056,single_family_permits
tpa-e1063ad5191fac,src-bb861df22c19ed6a,single_family_permits
tpa-6a891edd5548cb,src-7b2556a2d7c86cb6,single_family_permits
tpa-8fbe2bf04c79ec,src-4d2b297b5051bb61,single_family_permits
tpa-ee1fc38c2dc4c9,src-b003a374f5ca5fb7,single_family_permits
tpa-0433a4fc97b4f8,src-ae1f3b243850759d,single_family_permits
tpa-4315e871a7f00f,src-fb0740caee47e680,single_family_permits
tpa-28a18bff34d440,src-9f1e3841eb25896d,single_family_permits
tpa-2686cbdc05fc88,src-0e61f9f90b7ff5f7,single_family_permits
tpa-3ef11c4bb58db3,src-32e1322386c02950,single_family_permits
tpa-98837d4f727053,src-36ee21d8cf597c63,single_family_permits
tpa-5ee2a8fc03acae,src-23c696b1130f0bb8,single_family_permits
tpa-6cfb3c773ef9bd,src-be663f652aa35041,single_family_permits
tpa-33e82b0821cee9,src-145d050f29702c76,single_family_permits
tpa-7edbd4127ed83c,src-abc52a9447b84bf8,single_family_permits
tpa-ba4a949c34007a,src-00d9ff31572a2235,single_family_permits
tpa-8c6d8da4d4c1dc,src-fc66e176a4bd6d79,single_family_permits
tpa-63587a3bbee76a,src-5538e5cc2cded9ed,single_family_permits
tpa-1a66c9793d8f29,src-14e6ab8e53767f9f,single_family_permits
tpa-3a153ab81cb8a0,src-f72f856c953d8412,single_family_permits
tpa-6643bf8a59e436,src-2a1c9ff05eb0202e,single_family_permits
tpa-fc10850fa9d67e,src-16646d202057a63b,single_family_permits
tpa-8132f894b2e704,src-2b6465e77c3e6473,single_family_permits
tpa-20b2ec87b296ce,src-85fd9a6c4d25fa17,single_family_permits
tpa-38287c94c71e1a,src-f6a53ef2e9540558,single_family_permits
tpa-95b4bc533ab4fe,src-cbf24d51793586dc,single_family_permits
tpa-8afd6bf531261b,src-3fda8db38afe9549,single_family_permits
tpa-96f98dc5109eb1,src-b1f5648586094872,single_family_permits
tpa-2797cd81a69511,src-cb2fe7709eccb6b9,single_family_permits
tpa-3639e1c15e99da,src-d91855df7be1b316,single_family_permits
tpa-84fc0dfdf1ee35,src-ed8b2418f24fd01a,single_family_permits
tpa-8323d4dff59e40,src-a8917327b5879c94,single_family_permits
tpa-5c523f6238bc73,src-71a524076086bc9a,single_family_permits
tpa-3f9cab2551feaf,src-a54898eb6cc2bfc7,single_family_permits
tpa-fd0b125b099a1e,src-84969e535df240aa,single_family_permits
tpa-a5b9a3d0528238,src-0c62bf724241fb6a,single_family_permits
tpa-20e011419fa111,src-9cdb2ba86b74a771,single_family_permits
tpa-ac28b98ab71c24,src-38de632b64480c1d,single_family_permits
tpa-b9d17bc37c853a,src-50c455a623f1c341,single_family_permits
tpa-59b89738ae30b9,src-e8f62aa764f2fcf0,single_family_permits
tpa-94ed3dffc9f19d,src-7c42816f86ebfb84,single_family_permits
tpa-549f7009eded34,src-37a8f0492f0e61a6,single_family_permits
tpa-4c246d6e79ac53,src-598afd9d4696be4d,single_family_permits
tpa-215d5d3c0c3c5d,src-35f016b5b2fc2bc1,single_family_permits
tpa-4b020af109acdb,src-649f6787f2762bcc,single_family_permits
tpa-da9744392fb90e,src-6fcbf3e0ccf20259,single_family_permits
tpa-6f7604c3ade11e,src-b0f0fa116d295c8d,single_family_permits
tpa-f9aef3c4edfe77,src-3210109b7f1f3b40,single_family_permits
tpa-d4ecf97bf81eff,src-7e5bef27be02480a,single_family_permits
tpa-3b85917bae436a,src-d05b288e24d08d4c,single_family_permits
tpa-89ada9e6efd173,src-1352a719316a9fa1,single_family_permits
tpa-c7fcdb0613f164,src-e1931e00e852c4bb,single_family_permits
tpa-35fd6aa177596b,src-85a1a175f2115c45,single_family_permits
tpa-b741db146cd4a9,src-ea968ff589b6107c,single_family_permits
tpa-ff85739d8f2b03,src-96c0b04888187332,single_family_permits
tpa-4f2649f98ec799,src-631ec2a8bcb7923f,single_family_permits
tpa-4981ad9dd77cdd,src-f1b210fba085597a,single_family_permits
tpa-89e436a5fab5f4,src-30b869907cc76342,single_family_permits
tpa-a451a431e8f568,src-40835da17c521c6e,single_family_permits
tpa-39cf405d63453e,src-44926e1d16ce68d5,single_family_permits
tpa-97327cdaea3153,src-9a7c5d668c100073,single_family_permits
tpa-199558d5ac0494,src-ddf6494f46ec783a,single_family_permits
tpa-c08496c53917f7,src-2190321f58e98d47,single_family_permits
tpa-6bcec22204aad4,src-00b13aeb7bfc486d,single_family_permits
tpa-40afd2461bdbb8,src-382cc4a0c9a8387c,single_family_permits
tpa-52e7814c3f36f7,src-730db638fac37372,single_family_permits
tpa-3cb9596fbdb755,src-4ec44aae016175c3,single_family_permits
tpa-2637e6de3d6512,src-d08c34731279b40f,single_family_permits
tpa-0a5854f4f1bd36,src-c230bbd39a0da7f4,single_family_permits
tpa-2a0ee014f79945,src-e7e4242e7ef58942,single_family_permits
tpa-b20815fba512a8,src-85ebf1e775f5b4de,single_family_permits
tpa-1240fa2de033b2,src-7ed73802e6716a43,single_family_permits
tpa-bbeb352a95137f,src-13737a778c071aae,single_family_permits
tpa-eff0c2265e1bdd,src-58454e273d7d4fd8,single_family_permits
tpa-3cd448fdc2d166,src-58fd17f5445d42af,single_family_permits
tpa-a054ddedfc6133,src-7fcab7cd263d0dcd,single_family_permits
tpa-4f574427412a2e,src-26cc1d2e75d8bc73,single_family_permits
tpa-0bfece608c27b5,src-d136597e2c2e7622,single_family_permits
tpa-983c034dbb3fcc,src-60fa216ddf93320c,single_family_permits
tpa-c40f286f0c08fb,src-f44a47465e72a10d,single_family_permits
tpa-4a29e01b81a6f7,src-10a0d21d386d5841,single_family_permits
tpa-086f085c9745ac,src-d89ed6a52c43eaf3,single_family_permits
tpa-70220439284dac,src-f5fe6d7e12c2e882,single_family_permits
tpa-a0af89e338e21e,src-45dfd802b332ce9a,single_family_permits
tpa-a330fdd8b80b23,src-f9561299c3de0b3b,single_family_permits
tpa-529abdbb121692,src-7ce57d418e850360,single_family_permits
tpa-f3ff72ee6ca098,src-c5bfa0dff4de0aa0,historic_preservation
tpa-8e63982ebe83cc,src-bf05d5c52340861a,historic_preservation
tpa-2d9ebb532bf14b,src-ed1888fb44f01585,historic_preservation
tpa-7d8e8d678cd8b6,src-9cdb2b1f2d0a2b2b,historic_preservation
tpa-1f2fef7dc728d1,src-925dc052c14f9b13,historic_preservation
tpa-934d12fa2784a1,src-f03c49d51dea0226,historic_preservation
tpa-24b6d0fe7889ef,src-bb81dcbd72402f10,historic_preservation
tpa-0d7f0646e899c7,src-80f40c2c24857b32,historic_preservation
tpa-aec0a9bc48dce7,src-be8030c90e8a29cb,historic_preservation
tpa-e1fd2fad750c8d,src-166569b27ca98699,historic_preservation
tpa-d17f16ea142a67,src-f57704db7b9bc72e,historic_preservation
tpa-1403111e66cb12,src-8188489e806ff8ff,historic_preservation
tpa-dee4252b1639ed,src-47f60711af21e0b0,historic_preservation
tpa-ccc3cafd364718,src-35786db8badd0275,historic_preservation
tpa-373ae2e807d356,src-7dcba280890270c6,historic_preservation
tpa-490ff4a66e7c92,src-80a2120bc337c2cd,historic_preservation
tpa-a409a9b4ff36b3,src-ae59c4baf5ae3323,historic_preservation
tpa-8ca352f7f52422,src-8b13ea6a9fd5c125,historic_preservation
tpa-59d7fb07562dd9,src-d9ae3508beaaed24,historic_preservation
tpa-929ce04d33dac2,src-4527759be8827ab2,historic_preservation
tpa-43c2210b7b7ae3,src-eec11f92789e7f97,historic_preservation
tpa-54a7e9851da5ff,src-bf7714d537db4fc8,historic_preservation
tpa-dfdf00d10f5dbf,src-0cfeab356477417e,historic_preservation
tpa-2e77730749cc46,src-6f88dc735993413a,historic_preservation
tpa-b4d288ce277592,src-aca83ae216afcf1c,historic_preservation
tpa-0d54720ed6a443,src-f1c5c821e6fc1d82,historic_preservation
tpa-6f1949b6a47750,src-24beca12367dfeab,historic_preservation
tpa-ce21f9abe3bea9,src-952997c9c1e01941,historic_preservation
tpa-68b0fa96871e4e,src-f995e84132e1e9e4,historic_preservation
tpa-da303a74e5845e,src-2245bb8804cd3b44,historic_preservation
tpa-36da6d5b0cf0e4,src-6f9d9fc835b31742,historic_preservation
tpa-d23ada2f3ee414,src-4f98f83104bd8b0c,historic_preservation
tpa-35fae6b2c5c7cf,src-e7498586b839d64d,historic_preservation
tpa-54c06655f88b84,src-689683f7e96caa88,historic_preservation
tpa-e24d026c93c374,src-0a2b11037beb9a92,historic_preservation
tpa-660737d9e6182d,src-f9d0db7cdf9c0b1c,historic_preservation
tpa-f14f48f7225f3c,src-b0ab5e289c3de8c5,historic_preservation
tpa-eaf693a486bb43,src-a59f7d3b61790261,historic_preservation
tpa-a10550ff3fbb96,src-25f543f6ad498be4,historic_preservation
tpa-0141c410a042bc,src-a50859a8c3c2f8e1,historic_preservation
tpa-f10affd350a711,src-1cfbf434913dc9cc,historic_preservation
tpa-66b9d16679f9c4,src-c5a53247fe7ea638,historic_preservation
tpa-8cda42a6fecd9b,src-490eae11ab450186,historic_preservation
tpa-3865b3eab45b8e,src-5b9e2b6da4411957,historic_preservation
tpa-b50f4b160a53ca,src-8496b2891cdda469,historic_preservation
tpa-2a0e40d30e572b,src-784b2a5ac086b031,historic_preservation
tpa-3f2c2f029f95c0,src-c4154c77c54ffa5b,historic_preservation
tpa-f4fc4caabb9eac,src-e7eb7ae176690f30,historic_preservation
tpa-59fac3be61a335,src-0b756fd8aa266e1c,historic_preservation
tpa-3bb6bb32c259e0,src-c4de886920b7f56e,historic_preservation
tpa-da41bf70e59358,src-51486f4832c77006,historic_preservation
tpa-2929a7b6b501db,src-5b427b24c7f6e14b,historic_preservation
tpa-961a3f82f4dde1,src-491f17a7528544dd,historic_preservation
tpa-ef519e1153647d,src-2e37883d6396fc7b,historic_preservation
tpa-40b7c0c54215c7,src-159a0d119511f793,historic_preservation
tpa-50abd503d46f71,src-a73ae706aaed6aad,historic_preservation
tpa-2349bf8d286e67,src-5d99d5bc750381ac,historic_preservation
tpa-8144c32c90887c,src-49b751cc18475af8,historic_preservation
tpa-2e1a9e4f257d5d,src-b9fe21bab2a2b718,historic_preservation
tpa-5c54cc463a8540,src-eb5e5f48781f1d39,historic_preservation
tpa-51e396b19b5b0d,src-d8a67f368b32cb35,historic_preservation
tpa-bc023e1ddc2c84,src-0a4a7ec4ccacb4af,historic_preservation
tpa-2243f57773c938,src-d8022eeadaaec388,historic_preservation
tpa-711569470924e3,src-c5b4f969c541eb7c,historic_preservation
tpa-649a969e7cc555,src-34b5cd770ece34fd,historic_preservation
tpa-3f3e83f5ba585e,src-e18bb25e5415c3cb,historic_preservation
tpa-8c410ea1138277,src-60fef39743c3f1d1,historic_preservation
tpa-4c4090bce59fba,src-0a1364c78bb9c787,historic_preservation
tpa-645b95671f32d2,src-0111f657502163b1,historic_preservation
tpa-f63f8187aa9f00,src-82ae4ae82d465bfe,historic_preservation
tpa-60e6eb0de4bd90,src-1d6530d2e7a14d47,historic_preservation
tpa-c765dfb087fcc5,src-441a2624d809e160,historic_preservation
tpa-400caf4e6a98be,src-b2109b1f7cde13f0,historic_preservation
tpa-b4cb983a507074,src-3e4568ca1525e31a,historic_preservation
tpa-968481e6b211a8,src-fab9c5da5ad254ad,historic_preservation
tpa-5ca2f2c0515107,src-89f1da3fe8ae8e17,historic_preservation
tpa-4220fd7570b23d,src-b42027806c68eacb,historic_preservation
tpa-5cf371f089cd88,src-aec71486dff0d139,historic_preservation
tpa-3a91a25f248d04,src-9cfcef485232a710,historic_preservation
tpa-df10c447507875,src-f2bb9730f50ba450,historic_preservation
tpa-f7e7f66a2e8b78,src-4004049869b2fd2b,historic_preservation
tpa-d217048d3644db,src-7d09702029ad5ced,historic_preservation
tpa-e09dfce457f069,src-b9ea84be1e3eb5d8,historic_preservation
tpa-44ab7ee9d0a5d3,src-9ff5ba18d940e4c8,historic_preservation
tpa-48dd58c90df6a7,src-124703229b548ad3,historic_preservation
tpa-3ecae58d749f8d,src-e326f826194e988c,historic_preservation
tpa-5207e46335d4e6,src-eabb17ebafe4c47b,historic_preservation
tpa-fed216b3dcd3c3,src-066c41538ed9ed20,historic_preservation
tpa-e1e1ae39758bb8,src-599b32b9f1bac4fb,historic_preservation
tpa-9403f2c2bf29a2,src-39ec1f72645f0573,historic_preservation
tpa-992f73809afc8f,src-e858fc88fd9ec7fc,historic_preservation
tpa-23352231124e46,src-74952d0dcc11dade,historic_preservation
tpa-79b6b1f76b5cc4,src-a91db22d91129f05,historic_preservation
tpa-64eda693c97c9e,src-d0006222132f4cf5,historic_preservation
tpa-4478ca70f1bd7b,src-3bb3941a0afe8e9a,historic_preservation
tpa-f3a8aceec6dfbe,src-3c017eb4d4aa8699,historic_preservation
tpa-62fb61ef753161,src-f8ce8ec1c71ea16e,historic_preservation
tpa-524beb754e12e1,src-ceb9a341cfd1f923,historic_preservation
tpa-b82f578485eb58,src-c4b5ccadb74d9c52,historic_preservation
tpa-86e1033f70731c,src-bcf546e881a8331b,historic_preservation
tpa-7f40b0efda3caf,src-c2ef5f8b9c2205ae,historic_preservation
tpa-2df641295bf281,src-dd065fa0673949bf,historic_preservation
tpa-9c426ea591230d,src-3fb031860de32534,historic_preservation
tpa-5c83c1b792168b,src-8538fe08a2d9ff98,historic_preservation
tpa-4ddb8393a62c5b,src-4f6d0e5d4d2ed366,historic_preservation
tpa-81fa1fdc53e785,src-3084c6d19e82c18a,historic_preservation
tpa-7ccfdf617b7aa8,src-bad7d625fcf5a105,historic_preservation
tpa-6e2c947c9ce782,src-bd86acc900dc58c8,historic_preservation
tpa-a93c0a923021ee,src-678ff6959b9b93da,historic_preservation
tpa-4f9fa14b9c771b,src-46e5053c0b33c381,historic_preservation
tpa-117c8bdd587be3,src-3bf51b638350027e,historic_preservation
tpa-9b38979057a7f2,src-a8a4df350a4e0c31,historic_preservation
tpa-42c47b162d632c,src-011b33175bd700d7,historic_preservation
tpa-17b4e0975cc173,src-44cd03ad45c64336,historic_preservation
tpa-81d93257a0d110,src-16f513af88acf82e,historic_preservation
tpa-df7a7549e18e7f,src-46d348edbd683d45,historic_preservation
tpa-c27a89d9805d08,src-8f58204e997568be,historic_preservation
tpa-d6afc9398588c9,src-a2d5f1378c4925a9,historic_preservation
tpa-534da392213b99,src-60e18775838c6741,historic_preservation
tpa-ad3db252af0fad,src-30dea0a1a739cb36,historic_preservation
tpa-bc3a154c8f2b8d,src-8360eed5691af98b,historic_preservation
tpa-91b23056852ebc,src-6f55bc951811ca10,historic_preservation
tpa-a532314bb76fda,src-2cbc834911997be2,historic_preservation
tpa-5eca4a137431be,src-0a7712864f3452ad,historic_preservation
tpa-18606077c52cac,src-4aa503df43743bf7,historic_preservation
tpa-26ef9f9a5281c9,src-609b27b1a8db0f04,historic_preservation
tpa-e4b99c52daf63f,src-917ee605f9a7fd00,historic_preservation
tpa-dec88f1a2343c4,src-03b8902e01743d4b,historic_preservation
tpa-8a1e87c34ee0fe,src-cf73b4ef94b74325,historic_preservation
tpa-04d03aff6b6867,src-a7efc0d93fb9772d,historic_preservation
tpa-367c0f7fa18383,src-cd30774102cd816a,historic_preservation
tpa-ead0fc1199f6c6,src-c31ee531fad11285,historic_preservation
tpa-b77295f132b5e7,src-9613ced8ea018862,historic_preservation
tpa-153fa50dc2c482,src-9a48bf42e594f6d9,historic_preservation
tpa-305a3039f88443,src-76d393290d9e9df8,historic_preservation
tpa-ad552a9bc7e826,src-3bbb4cc94d994a69,historic_preservation
tpa-15b4157c2d7ccf,src-b4947adfb40afc6c,historic_preservation
tpa-0327126a9019f2,src-f1e7e844dd9699ed,historic_preservation
tpa-97cb9818488bd9,src-773e6284fba8bce0,historic_preservation
tpa-3bfc49197b2b7d,src-7da0fe33c4441e62,historic_preservation
tpa-64273014861d8e,src-808dfa7b7bb3ab94,historic_preservation
tpa-f2a2364d572f60,src-a3e1259a77541b72,historic_preservation
tpa-f135d665791971,src-5701fb1ba2698e74,historic_preservation
tpa-bf31a767f518fd,src-814e8117710df296,historic_preservation
tpa-610e9cb1bbcfdd,src-48c6336aec3ab743,historic_preservation
tpa-2acb9388070738,src-ccee827256c59552,historic_preservation
tpa-0b81bbded39d48,src-1832a59af5dbc485,historic_preservation
tpa-02f6ebaca44453,src-5b7909f5444c54cc,historic_preservation
tpa-3e01c9e3411875,src-db48b6e1c7c60db0,historic_preservation
tpa-e090286d4bc37c,src-942c5bdc3352926c,historic_preservation
tpa-8d1a9a0b75d2a5,src-097ede336ca94dc8,historic_preservation
tpa-00ed5217c31952,src-a3822fb6df0dc218,historic_preservation
tpa-53e3fd26f15e0a,src-052f169a3b7f645c,historic_preservation
tpa-6590bda1053318,src-221198163d63a716,historic_preservation
tpa-21c858cbbf3b63,src-c45fb8a394f64150,historic_preservation
tpa-d07b453294f49e,src-4fbdd0a5114c5ba3,historic_preservation
tpa-9fcfb888d86ecc,src-0dbea7edfc65aebe,historic_preservation
tpa-88942fbdf27a37,src-4bad249f5cbf3a0a,historic_preservation
tpa-58ec833d5cb001,src-141b85a2a82cad42,historic_preservation
tpa-c11d304186a69b,src-ae408395890652d5,historic_preservation
tpa-b6f1d2fa499e71,src-44d9a31bf1554fb6,historic_preservation
tpa-078d8483d36238,src-c73fc539f16cdb2c,historic_preservation
tpa-4b5f7ee22584ba,src-3403c1cc04625610,historic_preservation
tpa-bc78aad4ee2edd,src-61fc2bf546ca0281,historic_preservation
tpa-2216a6f9ee2e06,src-d74e8cf70eb488ab,historic_preservation
tpa-4a03b42072c268,src-67c236b5cb2d9dd2,historic_preservation
tpa-4418a61142f894,src-4bef24598a955965,historic_preservation
tpa-224ff231a14628,src-b7589648c95aea78,historic_preservation
tpa-37c38cb61b78ee,src-877c5fc96ecfa140,historic_preservation
tpa-7657433ed52a64,src-b7d485ece92a90f5,capital_improvements
tpa-0757d2714b69f8,src-b363e5cc3520bfde,capital_improvements
tpa-ea487783c2cd04,src-a1634cf33bf28235,capital_improvements
tpa-30d21feab70465,src-0de6f80f1217a674,capital_improvements
tpa-098cbcedd446c3,src-3612749552838752,capital_improvements
tpa-bebd114ca3a098,src-d4945b6e3443cf0b,capital_improvements
tpa-661a6c7d7b0de0,src-b7b2d71b9ba5f235,capital_improvements
tpa-a852e71c9df8b3,src-dff60853b8236b71,capital_improvements
tpa-5a2f97b3a412d4,src-31f60fd752e68533,capital_improvements
tpa-55828ee72706f4,src-ab5b99d2bb87fff3,capital_improvements
tpa-8eb82bbd192298,src-aca82c12f071588f,capital_improvements
tpa-f65d4372ded97d,src-d06a694caf41c492,capital_improvements
tpa-42dcf7268b88bc,src-4e6d0bdf385ce76b,capital_improvements
tpa-fb92843026f301,src-a94e22fb6871be49,capital_improvements
tpa-d05a3db30262e4,src-aa9f39803934c624,capital_improvements
tpa-fcd1f5f70bf6dd,src-79b49691945765fb,capital_improvements
tpa-0bbca492f94243,src-20462c919409847d,capital_improvements
tpa-ec41bac2a6959e,src-e051e85b99cd8a6e,capital_improvements
tpa-c794ce8bbe5cd2,src-6471d36c29ee45e2,capital_improvements
tpa-2ed8da642d70ff,src-11ee7c8e156d45ba,capital_improvements
tpa-71346c0bba0c2c,src-373ed8f29ebe7e49,capital_improvements
tpa-2dc74558e17f91,src-7d119bed78020499,capital_improvements
tpa-60fa1e9349c074,src-9bd42b54f6fed831,capital_improvements
tpa-ee4ec0506c52e7,src-15da00e111c63504,capital_improvements
tpa-86ee52822415f1,src-9685dab8717bfaa0,capital_improvements
tpa-fad81e27486de4,src-b131857c7554d9d8,capital_improvements
tpa-7878b137016fca,src-969b58ae15d6df9b,capital_improvements
tpa-e9b7d55940a116,src-7f0584282500f5c3,capital_improvements
tpa-37222f224d7341,src-e4406aaa812c8e2c,capital_improvements
tpa-a2a4fd28b3d102,src-604745d9854e9417,capital_improvements
tpa-0519a7643e6f57,src-5a12c3a7b6da727c,capital_improvements
tpa-a1b0cac407d6e5,src-b8b0998d1b1a1aab,capital_improvements
tpa-ef5b25d2cd2b58,src-d7300368004c541a,capital_improvements
tpa-e3d74ebeda0a07,src-2ae47d4f385046e8,capital_improvements
tpa-7dac0bb1eab9db,src-d3f7d7d04ba90f70,capital_improvements
tpa-d235d27a93974b,src-4d198ac47eaa8cb2,capital_improvements
tpa-758c4530ef19a7,src-dc3dcc67f281e489,capital_improvements
tpa-d04d7a186f9070,src-1573864a487f6f49,capital_improvements
tpa-8b45dcb5c28c83,src-d5214b70df1267ab,capital_improvements
tpa-3ec359f44a049e,src-f2fdbb6c587a255f,capital_improvements
tpa-4ada1f6c3013a6,src-5670d036fb8a6d94,capital_improvements
tpa-9c191dfc408eda,src-face51e956c77d40,capital_improvements
tpa-634ca4ba0d397a,src-536598aae0b456b2,capital_improvements
tpa-98a17eb54517ba,src-dd630ff2ecdb49ab,capital_improvements
tpa-287723afdc6d7a,src-7a4d370bc8771e58,capital_improvements
tpa-d2e578d5a8c434,src-ca674b7cf6a93ddd,capital_improvements
tpa-8401b9481d33dc,src-680c47fbcab13b20,capital_improvements
tpa-6ee9a2e188bdf2,src-00ba1f5df23efa01,capital_improvements
tpa-d59bbab0602365,src-74e435077b67c32e,capital_improvements
tpa-86241ed55967c4,src-7faca47d6c55830a,capital_improvements
tpa-2d56f56a338d90,src-e6c404d376cc305d,capital_improvements
tpa-d92cfb89eb2d56,src-efea51d11c5319df,capital_improvements
tpa-171058db0c4c5c,src-309b1c3590a2953d,capital_improvements
tpa-3637a9cfa2287a,src-eca34ee31910ccef,capital_improvements
tpa-b58c22dbdb5b41,src-e210cdb50c6ffd70,capital_improvements
tpa-530b9cd940a340,src-83c332cae4ef7473,capital_improvements
tpa-cfa1d97c9d1567,src-f4ebbd93d63b97c7,capital_improvements
tpa-ec09b5aee38fe0,src-24a10ccfc051d6d3,capital_improvements
tpa-2b1064aff1ae34,src-8fab744d78b8c791,capital_improvements
tpa-77d281688e839d,src-1b8f3d9498136e4b,capital_improvements
tpa-2b64f75f74fca0,src-6d48a72de8d7e3a1,capital_improvements
tpa-9ca0598cb43d43,src-ae6202e6724b0488,capital_improvements
tpa-18140cc0c8929a,src-30b7dc8f6c03c020,capital_improvements
tpa-d1773208bf209c,src-ef743c4a15c404f8,capital_improvements
tpa-276e29cc0bfd56,src-e81b7daf817d09d0,capital_improvements
tpa-c2d811955a60f6,src-c7fa130a777418ab,capital_improvements
tpa-99347a82db3efc,src-9a50c352e0bec029,capital_improvements
tpa-f05d147a1350ac,src-8edfe6c57bcdf27e,capital_improvements
tpa-98cce022ad94b0,src-bdacad55a24e358c,capital_improvements
tpa-b238c6fabfa6dc,src-7d240146fe46525c,capital_improvements
tpa-4ef4bb4c206a34,src-c3b9fc4867d92e68,capital_improvements
tpa-7ee12fe4519bd8,src-4fe5e8eb7d263bc5,capital_improvements
tpa-c5b3d6f07b2f6d,src-bc5d74aa696b79ae,capital_improvements
tpa-cd81628c7943f6,src-3f40c1ca593a8f77,capital_improvements
tpa-0db9b0ea2daa64,src-64b4b8cd6bf2d035,capital_improvements
tpa-863274665dec07,src-6884736afa728753,capital_improvements
tpa-abe97955acb085,src-0a88da60b8517bcb,capital_improvements
tpa-0b19c44bee2529,src-91e786173381fc4f,capital_improvements
tpa-493189ec1964dd,src-6c50d200877e6b55,capital_improvements
tpa-664cf8ba630bcc,src-934a112e069d673f,capital_improvements
tpa-66231479024c2c,src-3599c569fcf5c417,capital_improvements
tpa-08c3d9bfa91b42,src-8f65fce7fe2dd83a,capital_improvements
tpa-7d1dc09d430e76,src-fc25ec3fb5e205c4,capital_improvements
tpa-55970080e03fd1,src-b2003e2090d49a6a,capital_improvements
tpa-a6334c218e962f,src-ebf142e293197b85,capital_improvements
tpa-88a3da2a1a529f,src-8f456a460413ab14,capital_improvements
tpa-eda1b7ede907aa,src-b801504a4d88c51a,capital_improvements
tpa-9409ac3893adef,src-ec9efe7d7cd63132,capital_improvements
tpa-ea72c3fa51da76,src-9ce341e7055fea7a,capital_improvements
tpa-a4b6540c53b52d,src-9fa88f308845496a,capital_improvements
tpa-72d6b971262a80,src-d826c169bbcec776,capital_improvements
tpa-3c9b63cd8b2149,src-f30d76505b2437d7,capital_improvements
tpa-4e0ddf4111d797,src-a9068bc30cb1e014,capital_improvements
tpa-d86cfc8d539121,src-96a7f8293852b5fa,capital_improvements
tpa-a8886e3a8ac0a2,src-8300d0fe07dc6066,capital_improvements
tpa-b3441febb19f80,src-3866dbe25d1527a8,capital_improvements
tpa-7113f1875895d2,src-a17f74550f40f980,capital_improvements
tpa-ea50201a8b064c,src-8015484e295752c2,capital_improvements
tpa-cf1ef08b74d9bf,src-d3629ea58d7c3e9a,capital_improvements
tpa-2d2d1c36584495,src-9a4f72c9ec5828a1,capital_improvements
tpa-353afe88aec810,src-168ad8360a40da92,capital_improvements
tpa-c16d6435499fba,src-0b5ce97b1256763f,capital_improvements
tpa-06228d1f4d0792,src-b81fc1c7228a5c56,capital_improvements
tpa-cd135e5d912828,src-f3c840e1318ebc34,capital_improvements
tpa-5b6b366122c269,src-0b8896a6d0987ea5,capital_improvements
tpa-c9ddc7b04853de,src-ba27a12738badf78,capital_improvements
tpa-a230454c33a207,src-2a053f4986ed2638,capital_improvements
tpa-6b6a6e319bc8a7,src-e67df326a4004782,capital_improvements
tpa-1ea3e05b83e7c2,src-10e572159287990b,capital_improvements
tpa-78ebc0296d7aaa,src-7d7fb63188536b34,capital_improvements
tpa-72f4a0c1feefc0,src-47d1f91e4cbcc33b,capital_improvements
tpa-a78f4c57d3248a,src-d6f130a0d9340cc4,capital_improvements
tpa-b4ab7c66d00b4a,src-b5e3b0144bdb4189,capital_improvements
tpa-f4bf3749f0bc89,src-51812820aae96661,capital_improvements
tpa-77c2f61e91c09c,src-506631ef752abc09,capital_improvements
tpa-d19a0df1935586,src-2911afb4772be94d,capital_improvements
tpa-de3734e9f296af,src-ab77e2e8892cf2f8,capital_improvements
tpa-0ab058157c6fd5,src-2492c10fa33cdbac,capital_improvements
tpa-aa89455ae92488,src-3b5608756be8ccbf,capital_improvements
tpa-fe99d021a307df,src-dbcc0a4622270bb1,capital_improvements
tpa-9e533d5d2e7928,src-28d3d605f0ecad26,capital_improvements
tpa-6f824c575084b5,src-9487bf5a4668ce25,capital_improvements
tpa-ae07f4ea146cd3,src-b3c4e1c49315617a,capital_improvements
tpa-d7ddd1defd6013,src-43dd28fc8f664749,capital_improvements
tpa-b84ad11a207254,src-5bba8c6a1309866f,capital_improvements
tpa-97eda886278a0b,src-73b626e2ec24e8ae,capital_improvements
tpa-a77071105ef227,src-8c92445aa891e71c,capital_improvements
tpa-158a54490ff1e1,src-adc33573efea94d0,capital_improvements
tpa-a0292bfa993641,src-75a35231bf91e34f,capital_improvements
tpa-294e58872d51d2,src-2b9303e514612a6c,capital_improvements
tpa-5a1b25a7e88ea2,src-40f0bb552f171732,capital_improvements
tpa-5b2d9339506c9f,src-8be90911d409214a,capital_improvements
tpa-574607026a01c5,src-4ec6be255bb5c557,capital_improvements
tpa-8f56c0e5fdf2b4,src-3813480217c6255e,capital_improvements
tpa-5ab0e5aba72288,src-0d1a6b8fa103ce17,capital_improvements
tpa-9d34844c6ba829,src-ae58e28045d259d7,capital_improvements
tpa-4334e855629a9e,src-0e8f4f5b0dbc190a,capital_improvements
tpa-939fdc9d884da6,src-055bcc6b8a7f3cbc,capital_improvements
tpa-67961e1f4e58b9,src-20794a94bfdf23c8,capital_improvements
tpa-fcb5e1c46a52dc,src-9cf2da9cd1b16353,capital_improvements
tpa-040b3c67421719,src-8519416091fd355d,capital_improvements
tpa-637a549e7d9e93,src-d2bbf9efb5e10f00,capital_improvements
tpa-2695ad6313af38,src-7802257b9057e0bb,capital_improvements
tpa-10719fa88c8a1d,src-c6b9d59aaed57776,capital_improvements
tpa-d60b774d24d302,src-d63d566c147aeede,capital_improvements
tpa-613081471e1d62,src-186912acde43f357,capital_improvements
tpa-b2ff57e165748b,src-4f045fd64616d519,capital_improvements
tpa-e8eb05f64083fb,src-7534de161ba36855,capital_improvements
tpa-c9f2fb736272f6,src-7f9b834292f98cc7,capital_improvements
tpa-ab88120e4e2cf5,src-3479f0f298046892,capital_improvements
tpa-1d4651d0b0d880,src-9bc18996f10a0b87,capital_improvements
tpa-0e542856d02973,src-47c3064c53f8dc36,capital_improvements
tpa-d1d7711eb2fdf9,src-4bb23de77a94d3fa,capital_improvements
tpa-808aa21dd5c136,src-0acba217824a8b5c,capital_improvements
tpa-bc4fffa94f61da,src-bbf3352b4faa007d,capital_improvements
tpa-9df29b136b10b2,src-38eb0722ca27e456,capital_improvements
tpa-0cb5c8fa34eba7,src-4abfda4ca0a78474,capital_improvements
tpa-c6802e639e44db,src-67f64b0bc0787c0e,capital_improvements
tpa-f51432f4534560,src-6d4af0bd8ea89345,capital_improvements
tpa-52fa8446b8a3cd,src-c10b93fba8539c83,capital_improvements
tpa-28a7af3a4fd198,src-17e69faf66e2c2dd,capital_improvements
tpa-86d3ed603df1e9,src-80ec5dffb2014037,capital_improvements
tpa-674d3fca54b18a,src-ffdc25bd06bd36f6,capital_improvements
tpa-f8b080678d224d,src-e0c509fa06184e83,capital_improvements
tpa-1b756144998eca,src-06ec56c2597e78e0,capital_improvements
tpa-3721380cc923a7,src-44b35dfa778a9032,capital_improvements
tpa-057423477d6ecf,src-9a6afad7835e763b,capital_improvements
tpa-e3870c38d407de,src-2247625813957a0f,capital_improvements
tpa-f56607de0ed61e,src-6134f0e7f07f087c,capital_improvements
tpa-d8a0505020d69d,src-9a479b80f17441ff,capital_improvements
tpa-df2cde3408e1cf,src-4886b2bad71f122c,capital_improvements
tpa-d3ca81ecd3bf22,src-0c9f08784b7e0f94,capital_improvements
tpa-224cc398cbea00,src-e21aa50fc897644b,capital_improvements
tpa-446b264792bc1b,src-5ec4e45687d6aa6d,capital_improvements
tpa-89828e522644fb,src-9e8ce3fd8856d1b1,capital_improvements
tpa-bf4c16d65ebd7d,src-637a9ed159e20289,capital_improvements
tpa-4b41720cf754c6,src-3fb2cd7d2d5404f2,capital_improvements
tpa-0ad909da2ce40b,src-bb86018ae20cca8c,capital_improvements
tpa-2048c8f04ec947,src-60a8d627d0288236,capital_improvements
tpa-377970771c9316,src-a65f08d99cc2d6e7,capital_improvements
tpa-06cf2dffdb4440,src-b2ff21a72c8163ef,capital_improvements
tpa-0b02b71e5595b6,src-97f908ec0b4a689a,capital_improvements
tpa-b337e9926098ab,src-c0faa52480032559,capital_improvements
tpa-bd13932492bdfe,src-9ff54edb8eb13afd,capital_improvements
tpa-37c22d5ebd6c37,src-e52907bcf8df2e4b,capital_improvements
tpa-417fef4016218d,src-d159733a20c694ee,capital_improvements
tpa-1ba7d9bdab9565,src-49308e312bdffbc9,capital_improvements
tpa-3ec4cea3916f0f,src-1845942ee85e31e6,capital_improvements
tpa-03560edf9915fa,src-bee9e6acfe5a705f,capital_improvements
tpa-69474d33a67c4d,src-70bae7373da1f440,capital_improvements
tpa-7d5a8bdb159610,src-8040df0f635f2018,capital_improvements
tpa-ea50201a8b064c,src-233d2ff823c96c9d,capital_improvements
tpa-cd9ff596671203,src-273a2e4cd8d1fb33,capital_locations_point
tpa-271c511449f1e3,src-49206675ee0c8ac6,capital_locations_point
tpa-de7c2c537cb666,src-d906e8e78946b1c4,capital_locations_point
tpa-ac008776d34431,src-2756b2430b1ea4bf,capital_locations_point
tpa-e70b04f43c4362,src-2a5be5c658f28661,capital_locations_point
tpa-60a5c6d9e777d0,src-96e08b4efc71ff04,capital_locations_point
tpa-129823eaeec944,src-5d8695162c6f69d6,capital_locations_point
tpa-e3d74ebeda0a07,src-6f9870c85e64fc5b,capital_locations_point
tpa-7dac0bb1eab9db,src-004c5cae65bd7c6c,capital_locations_point
tpa-9fdfcf578c4f85,src-2deb291ff37a1a68,capital_locations_point
tpa-ce80fa4571c44b,src-023e0890ea499610,capital_locations_point
tpa-eda1b7ede907aa,src-b65d6d5782bad3fc,capital_locations_point
tpa-024c352566fd89,src-51b677dfc78d503d,capital_locations_point
tpa-86241ed55967c4,src-cbcea63c0ed50e05,capital_locations_point
tpa-39b93d46a11269,src-d90f3a1033fe9ef7,capital_locations_point
tpa-ec41bac2a6959e,src-807af3bfd34247f4,capital_locations_point
tpa-9cb920953f4186,src-7987d761d6e356a4,capital_locations_point
tpa-5f55eb57724be4,src-2718dfbef2acfe53,capital_locations_point
tpa-9c191dfc408eda,src-f25fb69db9d2ebdb,capital_locations_point
tpa-ba388df23956a8,src-46be436086ff8ded,capital_locations_point
tpa-2d56f56a338d90,src-7aded06716c4bbfc,capital_locations_point
tpa-171058db0c4c5c,src-835c87fff7005a71,capital_locations_point
tpa-1ac7e670f05956,src-30faefa7d1f8c877,capital_locations_point
tpa-9e8aacbaee1dd4,src-3f8ddb17dd0dc745,capital_locations_point
tpa-fc86c7cfc5c559,src-177268b28e725f22,capital_locations_point
tpa-5094836b257f3e,src-3d5f3610da1f21bd,capital_locations_point
tpa-4e0ddf4111d797,src-1311460603443fd0,capital_locations_point
tpa-d86cfc8d539121,src-0b72fd8c18ea1f85,capital_locations_point
tpa-c44a24d11ff57d,src-0b1573ef7ed389d4,capital_locations_point
tpa-4357f4b097eefd,src-ed8248850e7fcbf5,capital_locations_point
tpa-6136a0a53ba2c2,src-d018489f2ab49914,capital_locations_point
tpa-a8886e3a8ac0a2,src-22c660bc6c9bb486,capital_locations_point
tpa-8b2aad4d0c7226,src-511b6b2ade70371c,capital_locations_point
tpa-4fd434413182cc,src-918e453d440a4083,capital_locations_point
tpa-82b9a79b60113f,src-38cdb587dfef43b0,capital_locations_point
tpa-aa75cdf7422756,src-3a632768c13d382b,capital_locations_point
tpa-b3441febb19f80,src-e2ddec14c7dc9119,capital_locations_point
tpa-8a98b00f6eebee,src-8cf6f33c6a9098cd,capital_locations_point
tpa-5b6b366122c269,src-14c1b2e41e39419a,capital_locations_point
tpa-2d2d1c36584495,src-fb65229df6d3518d,capital_locations_point
tpa-cf1ef08b74d9bf,src-91bba9671caf0bcb,capital_locations_point
tpa-cd135e5d912828,src-92fe16be85b34d96,capital_locations_point
tpa-c9ddc7b04853de,src-5db26c2094fff725,capital_locations_point
tpa-06228d1f4d0792,src-e209f002abb975fe,capital_locations_point
tpa-039a75ed644bd4,src-b707d31476a24e5a,capital_locations_point
tpa-6b6a6e319bc8a7,src-27e0d60d98a46ee1,capital_locations_point
tpa-b4ab7c66d00b4a,src-04906d9a1ed158b7,capital_locations_point
tpa-4ef4bb4c206a34,src-5523dbc85e37b431,capital_locations_point
tpa-fcb5e1c46a52dc,src-0c0cf001f06a50b4,capital_locations_point
tpa-d3f118a3b1c724,src-f5a6918416537ddb,capital_locations_point
tpa-d19a0df1935586,src-05fb9bf3118967ae,capital_locations_point
tpa-d1d7711eb2fdf9,src-8055f96479c8ab48,capital_locations_point
tpa-86d3ed603df1e9,src-6b197f77c89ef849,capital_locations_point
tpa-f56607de0ed61e,src-fc9d70e426a4680b,capital_locations_point
tpa-d8a0505020d69d,src-ddad4ca044568fdf,capital_locations_point
tpa-e3870c38d407de,src-9dd3e75fb0d39111,capital_locations_point
tpa-df2cde3408e1cf,src-34942d3f13e70fd8,capital_locations_point
tpa-4c3987bb085709,src-68e1a50ce5d9259e,capital_locations_line
tpa-0006d945e2fdb6,src-7ff07f4abbc1f8bb,capital_locations_line
tpa-c794ce8bbe5cd2,src-4083c2bad9a4aa07,capital_locations_line
tpa-2ed8da642d70ff,src-bdb43fa482cc95f8,capital_locations_line
tpa-276e29cc0bfd56,src-24da0a4b241a3129,capital_locations_line
tpa-f9767a9e60742a,src-c2526b19585477ff,capital_locations_line
tpa-287723afdc6d7a,src-86e2ce75ce14055d,capital_locations_line
tpa-37222f224d7341,src-ed217cdf325c3bcd,capital_locations_line
tpa-60fa1e9349c074,src-8d404a41c65b694f,capital_locations_line
tpa-ee4ec0506c52e7,src-580889191f03fed3,capital_locations_line
tpa-86ee52822415f1,src-02647614a600f4b2,capital_locations_line
tpa-98a17eb54517ba,src-6087dbeb477e654b,capital_locations_line
tpa-fad81e27486de4,src-95b4cc6a56f2ee24,capital_locations_line
tpa-7878b137016fca,src-fcb32123ec62fd78,capital_locations_line
tpa-14c09ed66d91b5,src-39ee5af26a569483,capital_locations_line
tpa-a5f28570fd23b1,src-bcdf0139b32b439f,capital_locations_line
tpa-e9b7d55940a116,src-2031577b07d145d0,capital_locations_line
tpa-6c7fad2193a1ef,src-7e917186d2efb912,capital_locations_line
tpa-2c6a5402a237c7,src-7db8030ec19a2ce4,capital_locations_line
tpa-493189ec1964dd,src-59299f942e3f94ee,capital_locations_line
tpa-9409ac3893adef,src-9de5aaa5ff31de4c,capital_locations_line
tpa-a1b0cac407d6e5,src-df3c791b7d0ccd1a,capital_locations_line
tpa-c16d6435499fba,src-e824392037730a9a,capital_locations_line
tpa-66231479024c2c,src-a7ac9133ce10537a,capital_locations_line
tpa-a230454c33a207,src-421c4808421029fe,capital_locations_line
tpa-e67b1d76ad5ab1,src-d537603dece91376,capital_locations_line
tpa-ea487783c2cd04,src-36b9fda1fc880d2d,capital_locations_line
tpa-31ac882cfd51ab,src-abd0180879ed28cf,capital_locations_line
tpa-9a365e0ded7d49,src-0cf24c298188edc8,capital_locations_line
tpa-cfa1d97c9d1567,src-9a4e8ec9887e32cb,capital_locations_line
tpa-71346c0bba0c2c,src-2ca724286e06fa4e,capital_locations_line
tpa-5bb15542bb9d82,src-e4903f1b0b045cce,capital_locations_line
tpa-bf4daf624fdbb7,src-b834987b44fcb15a,capital_locations_line
tpa-50626600fc391a,src-68f3dfe0cb1d9565,capital_locations_line
tpa-664cf8ba630bcc,src-baa8862bf1f09152,capital_locations_line
tpa-08c3d9bfa91b42,src-b0c91dc665943081,capital_locations_line
tpa-7d1dc09d430e76,src-7c6d9f37186fac9a,capital_locations_line
tpa-a6334c218e962f,src-abebe98d3ec29366,capital_locations_line
tpa-503e397e74a47a,src-05053341bbd31178,capital_locations_line
tpa-a78f4c57d3248a,src-46b1699e72b58aa7,capital_locations_line
tpa-59e6809d0f658f,src-c582b0e96a720315,capital_locations_line
tpa-f51432f4534560,src-7efc4ad9230212b6,capital_locations_line
tpa-3c9b63cd8b2149,src-195d74b8efbcaeda,capital_locations_line
tpa-7113f1875895d2,src-64824d5aef0c96f2,capital_locations_line
tpa-353afe88aec810,src-c85c4ca2b4c47637,capital_locations_line
tpa-6eb50cb55787ac,src-9a87b376d0007858,capital_locations_line
tpa-010abcff64992e,src-0be49b399d06b3c2,capital_locations_line
tpa-90a5446f3cdb57,src-eff2be116a600713,capital_locations_line
tpa-de3734e9f296af,src-dccc6bc3753c379e,capital_locations_line
tpa-aa89455ae92488,src-5b135bc424543596,capital_locations_line
tpa-5ab0e5aba72288,src-1cc8a1b03c4994e0,capital_locations_line
tpa-9e533d5d2e7928,src-3c1f3aa31a3c1a61,capital_locations_line
tpa-10719fa88c8a1d,src-c7aea73f2b3f5678,capital_locations_line
tpa-2695ad6313af38,src-d2a5fb7cafc135a2,capital_locations_line
tpa-d60b774d24d302,src-811f878f6220c766,capital_locations_line
tpa-613081471e1d62,src-9f2f96aea07f5874,capital_locations_line
tpa-1d4651d0b0d880,src-7a3c7eba798453d8,capital_locations_line
tpa-ab88120e4e2cf5,src-09457b9ea005ffa0,capital_locations_line
tpa-e8eb05f64083fb,src-2bdb48ef9f0d121e,capital_locations_line
tpa-0e542856d02973,src-ece7e850f1d17e9f,capital_locations_line
tpa-c9f2fb736272f6,src-bea245f19da247c3,capital_locations_line
tpa-b2ff57e165748b,src-6d4ae45938ebbaa9,capital_locations_line
tpa-9df29b136b10b2,src-c47e0523eae83bb9,capital_locations_line
tpa-808aa21dd5c136,src-c15c65af2a60cdcb,capital_locations_line
tpa-06cb3a9a352b94,src-560aff091b18c177,capital_locations_line
tpa-55970080e03fd1,src-309b5e780a6c5a63,capital_locations_line
tpa-0cb5c8fa34eba7,src-5e7e56d8fe16211f,capital_locations_line
tpa-64dee70099c8c5,src-46a3ddeaef72dc0e,capital_locations_line
tpa-28a7af3a4fd198,src-a2e9f0728496324f,capital_locations_line
tpa-7cd06363a5db6f,src-bb7bb58d479a6347,capital_locations_line
tpa-f8b080678d224d,src-dee3985a0e2bed54,capital_locations_line
tpa-96076613355650,src-23679aec3934a10c,capital_locations_line
tpa-5f7dc2b0ca5dc5,src-13fff7bf2d06a7c5,capital_locations_line
tpa-d3ca81ecd3bf22,src-58d73a71a88d56ae,capital_locations_line
tpa-057423477d6ecf,src-bec071d71f100c64,capital_locations_line
tpa-224cc398cbea00,src-d48fa34df83ffbfc,capital_locations_line
tpa-446b264792bc1b,src-63bce065b16e9301,capital_locations_line
tpa-89828e522644fb,src-7e65e8c8e5f0bb28,capital_locations_line
tpa-7864f9b3d1cf9b,src-171cf1518314317b,capital_locations_line
tpa-77d281688e839d,src-b73207c0e9951114,capital_locations_line
tpa-baacbee6eacaf0,src-84498833bc811097,capital_locations_line
tpa-72ec8daae55334,src-634d877c48b67ec6,capital_locations_line
tpa-c5747c295728cb,src-b2c835e354e2b46f,capital_locations_line
tpa-48ce4f012a0d8e,src-f60489380ddbbc05,capital_locations_line
tpa-7948b0b2ec74d1,src-8ca179b749524f15,capital_locations_line
tpa-c658a3cc1fc9b2,src-3a9c9ac475a5b22f,capital_locations_line
tpa-5fef9ad1d2fa7a,src-b1cd662d1db56ce7,capital_locations_line
tpa-2ebcfc1e77ead8,src-3d409b021359aa2c,capital_locations_line
tpa-6b2e8e6ea29282,src-1bfd76221e7c2cbc,capital_locations_line
tpa-2b64f75f74fca0,src-2dab221af6c9e4e1,capital_locations_line
tpa-0bbca492f94243,src-2a83c8cda16ba3ce,capital_locations_line
tpa-098cbcedd446c3,src-de8c2e1918366185,capital_locations_line
tpa-5edb74c5732c81,src-c07f92649798876b,capital_locations_line
tpa-30d21feab70465,src-bf8f313f4a4c3c0c,capital_locations_line
tpa-fcd1f5f70bf6dd,src-ed94071bba741833,capital_locations_line
tpa-d1773208bf209c,src-c65b75e288bc3d01,capital_locations_line
tpa-a16226972256e9,src-07baa8381aeaae37,capital_locations_line
tpa-76fb4f536f6530,src-1c772d75230aa677,capital_locations_line
tpa-0db9b0ea2daa64,src-582ddde8b70fed67,capital_locations_line
tpa-602f4535586997,src-f0c7a021188d51c3,capital_locations_line
tpa-afd81dcef4c512,src-dad7e14cabec6f9c,capital_locations_line
tpa-1e43ec28385c2b,src-a5b9a9b66a865f9b,capital_locations_polygon
tpa-88e454a00b7117,src-a0854d50c1af6d1a,capital_locations_polygon
tpa-ea21c7053f823c,src-b56d0dd181ac9498,capital_locations_polygon
tpa-7657433ed52a64,src-2dfef727056954b6,capital_locations_polygon
tpa-55828ee72706f4,src-e569abcadc1f0f92,capital_locations_polygon
tpa-c06a1f03447b23,src-4f529340594efb32,capital_locations_polygon
tpa-5a2f97b3a412d4,src-bf5829c148b55903,capital_locations_polygon
tpa-0cd62d9174a7bf,src-f8f96ff90909b71c,capital_locations_polygon
tpa-8eb82bbd192298,src-6cd3eb9e38490fec,capital_locations_polygon
tpa-230fc3f6aaf221,src-69175357d4711feb,capital_locations_polygon
tpa-a68014619dcb8d,src-c8b4fe52e9809eec,capital_locations_polygon
tpa-323fcf4dc86010,src-f67084428ca5fdfa,capital_locations_polygon
tpa-8b45dcb5c28c83,src-48356475eb524b61,capital_locations_polygon
tpa-a01bee6279cad3,src-5f3667c74d1327b4,capital_locations_polygon
tpa-f05d147a1350ac,src-8ff1b3d20780772b,capital_locations_polygon
tpa-98cce022ad94b0,src-58915b4428bf6f52,capital_locations_polygon
tpa-6ee9a2e188bdf2,src-eb5ab98995816921,capital_locations_polygon
tpa-8401b9481d33dc,src-ec3a22f29e5d0e57,capital_locations_polygon
tpa-a9721ae8eb3ffb,src-0b92ce33687c1ae3,capital_locations_polygon
tpa-d2e578d5a8c434,src-63845741c7940508,capital_locations_polygon
tpa-7ee12fe4519bd8,src-8d25f8047bfc69f3,capital_locations_polygon
tpa-b238c6fabfa6dc,src-09aefecdda925c04,capital_locations_polygon
tpa-c5b3d6f07b2f6d,src-dc30012f74b03f1c,capital_locations_polygon
tpa-cd81628c7943f6,src-0b121f1e3796ebe5,capital_locations_polygon
tpa-0b19c44bee2529,src-ea7e0ab09736051b,capital_locations_polygon
tpa-abe97955acb085,src-5256f2c3f674d26d,capital_locations_polygon
tpa-42dcf7268b88bc,src-f868fd0c2108d3a0,capital_locations_polygon
tpa-cde54daf8d60d7,src-b30b6985f81a7e33,capital_locations_polygon
tpa-4ada1f6c3013a6,src-80f8d9c557ef5847,capital_locations_polygon
tpa-72d6b971262a80,src-59f144ad660bf0e0,capital_locations_polygon
tpa-3bc05d25e4572c,src-4d70a586704f6176,capital_locations_polygon
tpa-4ef4bb4c206a34,src-e7b1f058c74d4898,capital_locations_polygon
tpa-0ab058157c6fd5,src-6299237dfcdc0b89,capital_locations_polygon
tpa-fe99d021a307df,src-299fff93847d33dd,capital_locations_polygon
tpa-7cc26674fff57a,src-72bc8944dea04c94,capital_locations_polygon
tpa-36cfe6334670c3,src-8ae6824d24a57d48,capital_locations_polygon
tpa-c6802e639e44db,src-a7670a0aa968d11b,capital_locations_polygon
