context_record_id,city_project_id,activity_id,master_project_id,project_name,description,rationale,project_type,fiscal_year,budget_year,funding_source,funded_status,planned_start_date,planned_end_date,actual_start_date,actual_end_date,project_phase,status,estimated_cost_usd,reported_actual_cost_usd,contract_number,department_project_number,activity_status,neighborhood,council_district,cra,project_document_url,project_site_url,source_record_last_edited_at_utc,source_url,observed_at_utc,geometry_geojson
bbp-2e4dac20fccd31b8,1001018,,,Cypress Street Outfall Regional Stormwater Improvements,"This project provides for the construction of a box culvert system extending from North Boulevard and Cass Street west along Cass Street, and then south along Rome Avenue to Kennedy Boulevard.",Flooding Relief/ water quality improvement,Stormwater Engineering,2020,2022,Stormwater Improvement Fee,Yes,2020-01-02,2022-04-30,2020-01-02,,P5: Closeout,Closeout,33000000,,17-C-00003,SW40002,C2.1-Construction,North Hyde Park,5,West Tampa,,https://apps.tampagov.net/Directory_Lister/FileHandler.ashx?file=GIS%2f1001018.pdf,2022-05-05T13:17:23+00:00,https://arcgis.tampagov.net/arcgis/rest/services/CapitalProjects/CapitalProjectsBudgetBook/FeatureServer/0,2026-08-28T04:55:51+00:00,"{""type"":""Point"",""coordinates"":[-82.47720189538508,27.949535266704814]}"
bbp-9ae9e9f87bae955f,1000151,,,43rd Street Outfall Regional Drainage Improvements,This project provides for the construction of a detention pond and conveyance systems will be completed in subsequent years. This project is co-funded by SWFWMD and is phased over multiple years.,Flooding Relief/ water quality improvement,Stormwater Engineering,2019,2022,Stormwater Improvement Fee,Yes,2019-09-16,2021-02-28,2019-09-17,2021-02-22,P5: Closeout,Closeout,7236075,6787351.27,18-C-00009,SW50001,C3.1-Financial Closeout,East Side Commercial,5,,,https://apps.tampagov.net/Directory_Lister/FileHandler.ashx?file=GIS%2f1000151.pdf,2022-06-24T17:53:08+00:00,https://arcgis.tampagov.net/arcgis/rest/services/CapitalProjects/CapitalProjectsBudgetBook/FeatureServer/0,2026-08-28T04:55:51+00:00,"{""type"":""Point"",""coordinates"":[-82.41076488175213,27.96042653410299]}"
bbp-46a2a8b068c9bbfd,1000738,,,San Carlos Street Pumping Station Rehabilitation,"This project provides for the rehabilitation of the San Carlos pumping station. Project will include replacement of pumps, motor, piping, valves, electrical and control systems, and other station improvements.",Rehabilitation of wastewater infrastructure,Wastewater,2020,2022,PIPES,Yes,2020-03-31,2021-05-31,2019-09-24,,P5: Closeout,Closeout,13213006,,16-C-00026,WW1000738,,Sunset Park,6,,,https://apps.tampagov.net/Directory_Lister/FileHandler.ashx?file=GIS%2f1000738.pdf,2022-06-24T17:53:08+00:00,https://arcgis.tampagov.net/arcgis/rest/services/CapitalProjects/CapitalProjectsBudgetBook/FeatureServer/0,2026-08-28T04:55:51+00:00,"{""type"":""Point"",""coordinates"":[-82.5185954382589,27.923626993897024]}"
bbp-2b6f0c26fcf89385,1001585,tpa-7657433ed52a64,mp-d5b2b73c2cdcebe0,Manhattan: Vasconia to Obispo Flooding Relief-Phase 1,This project consists of design and construction of a new drainage conveyance system as well as the replacement and upsizing of the existing drainage conveyance system in a residential neighborhood in the City of Tampa. During normal rain events the area experiences street flooding due to an old and undersized drainage system. This project will also consist of new watermain upgrades along the corridor.,Flooding Relief,Stormwater Engineering,2025,2022,Stormwater Improvement Fee,Yes,2025-08-01,2026-11-30,,,P4: Construction,Construction in Progress,6800000,,24-C00039,SW50004,,Belmar Gardens,4,,https://www.tampa.gov/project/SW50004,https://apps.tampagov.net/Directory_Lister/FileHandler.ashx?file=GIS%2f1001585.pdf,2022-09-22T19:25:42+00:00,https://arcgis.tampagov.net/arcgis/rest/services/CapitalProjects/CapitalProjectsBudgetBook/FeatureServer/0,2026-08-28T04:55:51+00:00,"{""type"":""Point"",""coordinates"":[-82.51794733869582,27.913111395812397]}"
bbp-a7c6928f52282153,1001588,tpa-a852e71c9df8b3,mp-3d4fbd1e5b7cf7e9,"Hyde Park Groundwater Diversion Ph 2 (New Port, Willow, Orleans, and Watrous Groundwater Diversions)",The City of Tampa’s Hyde Park Groundwater Diversion Project includes installing an underdrain system to intercept groundwater and divert it to the existing storm sewer system along Bayshore Boulevard. These improvements may cause temporary inconveniences while construction activities are being performed. The City and their construction partners are committed to minimizing these impacts and providing citizens with sustainable solutions that will enhance the quality of life for all residents.,Groundwater Diversion/Flooding Relief,Stormwater Engineering,2024,2022,Stormwater Improvement Fee,Yes,2023-10-09,2025-10-02,,,P5: Closeout,Closeout,3000000,,,SW50003,,Hyde Park Preservation,4,,https://www.tampa.gov/project/sw50003,https://apps.tampagov.net/Directory_Lister/FileHandler.ashx?file=GIS%2f1001588.pdf,2022-10-12T13:49:07+00:00,https://arcgis.tampagov.net/arcgis/rest/services/CapitalProjects/CapitalProjectsBudgetBook/FeatureServer/0,2026-08-28T04:55:51+00:00,"{""type"":""Point"",""coordinates"":[-82.47174995185964,27.932564418817755]}"
bbp-de4fdb5118a0bc38,1001420,,,56th Street & Broadway Avenue Flooding Relief,"This project provides for a new stormwater pond that will provide water quality treatment and attenuation for the area, and the relocation, replacement and upsizing of pipes and ditches.",Flooding Relief/ water quality improvement,Stormwater Engineering,2024,2022,Stormwater Improvement Fee,Yes,2024-05-01,2025-05-01,,,P2: Design,Cancelled,2000000,,,SW50005,,East Side Commercial,5,,,https://apps.tampagov.net/Directory_Lister/FileHandler.ashx?file=GIS%2f1001420.pdf,2022-09-22T14:22:22+00:00,https://arcgis.tampagov.net/arcgis/rest/services/CapitalProjects/CapitalProjectsBudgetBook/FeatureServer/0,2026-08-28T04:55:51+00:00,"{""type"":""Point"",""coordinates"":[-82.39243845561965,27.962650517006402]}"
bbp-6b715f24c05850c4,1001171,tpa-5a2f97b3a412d4,mp-5db1f3cd4dba79f8,Lamb Canal Rehabilitation & Flood Relief,The Lamb Canal has experienced significant erosion over the years and is in need of rehabilitation. Embankment deterioration has reduced the canal’s capacity and increased the risk of further erosion.This project will remove accumulated sediment and stabilize the canal banks in targeted areas to prevent future erosion and help restore capacity. A future phase may include replacing and upsizing the drainage pipes at W. Bay to Bay Boulevard and S. Manhattan Avenue to help alleviate frequent nuisance flooding at the intersection.,Flooding Relief,Stormwater Engineering,2028,2022,Stormwater Improvement Fee,Yes,2026-11-30,2027-05-30,,,P1: Planning,Planning,6800000,,,SW50006,,Sunset Park,4,,https://www.tampa.gov/project/sw50006,https://apps.tampagov.net/Directory_Lister/FileHandler.ashx?file=GIS%2f1001171.pdf,2022-09-22T14:30:09+00:00,https://arcgis.tampagov.net/arcgis/rest/services/CapitalProjects/CapitalProjectsBudgetBook/FeatureServer/0,2026-08-28T04:55:51+00:00,"{""type"":""Point"",""coordinates"":[-82.5225338076839,27.917513304781444]}"
bbp-f52e99b7710fde76,1001527,tpa-55828ee72706f4,mp-de15e43fa74c3463,Lantana-Poinsettia Pump Station,This project provides for property acquisition and construction of a new collection system and new pump station to replace the temporary pump and force main connecting the existing drainage system on North 11th Street.,Flooding Relief,Stormwater Engineering,2027,2022,Stormwater Improvement Fee,Yes,2027-01-04,2028-01-03,,,P2: Design,90% Design Completion,1100000,,,SW50007,,North Tampa Community,5,,https://www.tampa.gov/project/sw50007,https://apps.tampagov.net/Directory_Lister/FileHandler.ashx?file=GIS%2f1001527.pdf,2022-10-06T18:34:17+00:00,https://arcgis.tampagov.net/arcgis/rest/services/CapitalProjects/CapitalProjectsBudgetBook/FeatureServer/0,2026-08-28T04:55:51+00:00,"{""type"":""Point"",""coordinates"":[-82.4470057692265,28.04199158550168]}"
bbp-74882d1e9155aa50,1001587,,,Beach Park Drainage Improvements,This project provides for the construction of new pipes and inlets connecting to the existing system on Swann Avenue to alleviate flooding in the area.,Flooding Relief,Stormwater Engineering,2022,2022,Stormwater Improvement Fee,Yes,2022-05-05,2023-10-23,,,P5: Closeout,Closeout,1000000,,21-C-00017,SW50002,,Beach Park,6,,,https://apps.tampagov.net/Directory_Lister/FileHandler.ashx?file=GIS%2f1001587.pdf,2022-10-06T18:00:53+00:00,https://arcgis.tampagov.net/arcgis/rest/services/CapitalProjects/CapitalProjectsBudgetBook/FeatureServer/0,2026-08-28T04:55:51+00:00,"{""type"":""Point"",""coordinates"":[-82.52428721745194,27.93859182285072]}"
bbp-5df2a10381be7d08,1001951,,,El Portal and Newport Avenue Pumping Station,This project provides for construction of a new pumping station and force main connecting to the existing drainage system.,Flooding Relief,Stormwater Engineering,2021,2022,Stormwater Improvement Fee,Yes,2021-09-13,2022-07-01,,,P5: Closeout,Closeout,325000,,ST-21-395-0012,SW50008,,Lowry Park Central,6,,,https://apps.tampagov.net/Directory_Lister/FileHandler.ashx?file=GIS%2f1001951.pdf,2022-07-01T12:32:14+00:00,https://arcgis.tampagov.net/arcgis/rest/services/CapitalProjects/CapitalProjectsBudgetBook/FeatureServer/0,2026-08-28T04:55:51+00:00,"{""type"":""Point"",""coordinates"":[-82.46884595755225,28.03288019122149]}"
bbp-cc15bc053caf5535,1001949,,,4801 Neptune Way,"This project provides for relocating and upgrading the existing piping system, installation of new inlets, and construction of a new outfall.",Flooding Relief,Stormwater Engineering,On Hold,2022,Stormwater Improvement Fee,Yes,,,,,P2: Design,30% Design Completion,500000,,,SW50025,,Beach Park,6,,https://www.tampa.gov/project/sw50025,https://apps.tampagov.net/Directory_Lister/FileHandler.ashx?file=GIS%2f1001949.pdf,2022-10-06T18:24:35+00:00,https://arcgis.tampagov.net/arcgis/rest/services/CapitalProjects/CapitalProjectsBudgetBook/FeatureServer/0,2026-08-28T04:55:51+00:00,"{""type"":""Point"",""coordinates"":[-82.52424840960609,27.94050108991185]}"
bbp-40a59fc9440aa947,1000750,tpa-d05a3db30262e4,mp-f2694c4bb1744eab,Lower Peninsula Watershed Plan - Southeast Region,"This project provides for a study, modeling and construction of this regional watershed to address chronic flooding for the 6,000 acre area. Project alternatives will be analyzed for capital improvements.",Flooding Relief/ water quality improvement,Stormwater Engineering,2023,2022,Stormwater Improvement Fee,Yes,2022-11-01,2026-09-30,,,P5: Closeout,Closeout,55604452,,19-C-00059,SW40004,,Interbay - South of Gandy,4,,https://www.tampa.gov/project/sw40004,https://apps.tampagov.net/Directory_Lister/FileHandler.ashx?file=GIS%2f1000750.pdf,2022-10-06T18:09:13+00:00,https://arcgis.tampagov.net/arcgis/rest/services/CapitalProjects/CapitalProjectsBudgetBook/FeatureServer/0,2026-08-28T04:55:51+00:00,"{""type"":""Point"",""coordinates"":[-82.49752288004441,27.87433535527807]}"
bbp-49997fac3c180c4b,1000962,,,Fair Oaks Water Main Replacement,"This project provides for replacement of 6,806 linear feet of distribution water pipe with new 6-inch diameter pipe in the Fair Oaks neighborhood. The existing water pipe is deteriorated and undersized to meet current demand.","This project will replace the aging water mains in this area with new and larger diameter water mains, improving water pressure and water quality while reducing the number of service interruptions that might have been caused by main breaks or leakage.",Water,2021,2022,PIPES,Yes,2021-03-01,2022-04-15,2021-03-02,,P5: Closeout,Closeout,3960080.69,,20-C-00040,WTR-18-0002,C2.1-Construction,FairOaks Manhattan,4,,,https://apps.tampagov.net/Directory_Lister/FileHandler.ashx?file=GIS%2f1000962.pdf,2022-05-02T13:09:32+00:00,https://arcgis.tampagov.net/arcgis/rest/services/CapitalProjects/CapitalProjectsBudgetBook/FeatureServer/0,2026-08-28T04:55:51+00:00,"{""type"":""Point"",""coordinates"":[-82.51230444961365,27.906515314620705]}"
bbp-49ca384eb4e8602b,1001186,,,Harbour Island Force Main Replacement,"This project provides for the replacement of the force main located on Harbour Island that serves the Krause pumping station. Proposed 1,300 LF of 12"" FM, 1,000 LF of 48"" FM and 7,800 of 54"" FM Replacement. FM route starts at the WW treatment plant at the Port and connects to the existing FM at Franklin south of Platt.","The force main replacement project will replace aging, deteriorated pipelines that have reached the end of their useful life and are susceptible to failure that can cause wastewater overflows that impact public health, safety, and the environment. The new force main will provide additional capacity for future development and lower energy costs of public and private pumping stations.",Wastewater,2021,2022,PIPES,Yes,2020-12-31,2024-12-01,2020-12-07,,P5: Closeout,Closeout,83042970,,17-C-00038,WW1001186,C2.1-Construction,Tampa Downtown Partnership,5,Downtown Core,,https://apps.tampagov.net/Directory_Lister/FileHandler.ashx?file=GIS%2f1001186.pdf,2022-02-26T21:04:29+00:00,https://arcgis.tampagov.net/arcgis/rest/services/CapitalProjects/CapitalProjectsBudgetBook/FeatureServer/0,2026-08-28T04:55:51+00:00,"{""type"":""Point"",""coordinates"":[-82.45288892134339,27.94127581309346]}"
bbp-bf50265f9fda017e,1001566,tpa-024c352566fd89,mp-b444c5d6f324da27,Dayflower Pumping Station Rehabilitation,"This project provides for the rehabilitation of the Dayflower pumping station to include replacement of existing pump bases, valves, and control panel.",The pumping station rehabilitation project will restore the station’s reliability by replacing the aging equipment and will include improvements to reduce vulnerability to extreme weather events. The station is a critical wastewater asset and failure of the station would result in a wastewater overflow that would impact the environment and pose a public health threat to the surrounding neighborhoods.,Wastewater,2021,2022,PIPES,Yes,2021-09-30,2023-07-30,,,P5: Closeout,Closeout,447000,,20-C-00028,WW1001566,,,,,,https://apps.tampagov.net/Directory_Lister/FileHandler.ashx?file=GIS%2f1001566.pdf,2022-08-16T14:48:26+00:00,https://arcgis.tampagov.net/arcgis/rest/services/CapitalProjects/CapitalProjectsBudgetBook/FeatureServer/0,2026-08-28T04:55:51+00:00,"{""type"":""Point"",""coordinates"":[-82.34912849186571,28.143901938019624]}"
bbp-865a42f1c62af936,1001303,tpa-9cb920953f4186,mp-df0fc6b847a57e5f,Krause Pumping Station Standby Generator,This project provides for the installation of a standby generator at the Krause pumping station.,This project provides a permanent standby power generator system to ensure continuous of the pumping station during a loss of power.,Wastewater,2022,2022,PIPES,Yes,2022-01-01,2024-12-01,,,P5: Closeout,Closeout,1322592,,21-C-00009,WW1001303,,Tampa Downtown Partnership,5,Downtown Core,,https://apps.tampagov.net/Directory_Lister/FileHandler.ashx?file=GIS%2f1001303.pdf,2022-08-16T14:49:47+00:00,https://arcgis.tampagov.net/arcgis/rest/services/CapitalProjects/CapitalProjectsBudgetBook/FeatureServer/0,2026-08-28T04:55:51+00:00,"{""type"":""Point"",""coordinates"":[-82.45805794537195,27.94288580822735]}"
bbp-1229dc6e2b15af89,1001373.1,,,Ballast Point Pumping Station Rehabilitation,"The project provides for the complete rehabilitation of Ballast Point Pumping Station at 3606 Ballast Point Blvd. The project will serve to replace the existing wet-dry type pumping station with a more efficient, reliable, and serviceable submersible pumping station. It includes demolition of above ground building structure, pumps and electrical equipment and installation of new submersible pumps, piping, valves, control panel and electrical upgrades. The new electrical and control equipment will be installed aboveground and will be designed to provide protection from flooding and wind damage associated with storm events. The project also includes the installation of a backup generator to maintain station operation in the event of a power loss.",The pumping station rehabilitation project will restore the station’s reliability by replacing the aging equipment and will include improvements to reduce vulnerability to extreme weather events. The station is a critical wastewater asset and failure of the station would result in a wastewater overflow that would impact the environment and pose a public health threat to the surrounding neighborhoods.,Wastewater,2025,2022,PIPES,Yes,2024-10-01,2025-08-01,,,P5: Closeout,Closeout,1478200,,22-C-00003,WW1001373.1,,Interbay - South of Gandy,4,,https://www.tampa.gov/project/ww10013731,https://apps.tampagov.net/Directory_Lister/FileHandler.ashx?file=GIS%2f1001373.1.pdf,2022-08-16T14:50:33+00:00,https://arcgis.tampagov.net/arcgis/rest/services/CapitalProjects/CapitalProjectsBudgetBook/FeatureServer/0,2026-08-28T04:55:51+00:00,"{""type"":""Point"",""coordinates"":[-82.50588592240558,27.889964903762863]}"
bbp-e02971df8413dd6d,1001574,,,Virginia Pumping Station Rehabilitation,"This project provides for the rehabilitation of the Virginia pumping station at 1115.5 W. Virginia Ave. The project includes replacement of pumps, pump bases, risers, rails, safety rails, and the control panel. Full rehabilitation of Pump Station. Replace of 380 LF of 6"" Cast Iron force main.",The pumping station rehabilitation project will restore the station’s reliability by replacing the aging equipment and will include improvements to reduce vulnerability to extreme weather events. The station is a critical wastewater asset and failure of the station would result in a wastewater overflow that would impact the environment and pose a public health threat to the surrounding neighborhoods.,Wastewater,2022,2022,PIPES,Yes,2022-08-01,2024-09-01,,,P5: Closeout,Closeout,1136160,,21-C-00027,WW1001574,,Riverside Heights,6,,,https://apps.tampagov.net/Directory_Lister/FileHandler.ashx?file=GIS%2f1001574.pdf,2022-08-16T14:51:30+00:00,https://arcgis.tampagov.net/arcgis/rest/services/CapitalProjects/CapitalProjectsBudgetBook/FeatureServer/0,2026-08-28T04:55:51+00:00,"{""type"":""Point"",""coordinates"":[-82.47556262732144,27.979897673440252]}"
bbp-f03dbedee12bffc1,1001376,tpa-5f55eb57724be4,mp-77192490275c7d13,Ybor Pumping Station Standby Generator,This project provides for the installation of a standby generator at the Ybor pumping station at 1302 N 25th St.,The standby generator will provide a standby power generator system to ensure continuous use of the pumping station during a loss of power.,Wastewater,2022,2022,PIPES,Yes,2022-01-01,2024-12-01,,,P5: Closeout,Closeout,1093671,,21-C-00010,WW1001376,,Historic East Ybor and Gary,5,Ybor City 2,,https://apps.tampagov.net/Directory_Lister/FileHandler.ashx?file=GIS%2f1001376.pdf,2022-08-16T14:51:55+00:00,https://arcgis.tampagov.net/arcgis/rest/services/CapitalProjects/CapitalProjectsBudgetBook/FeatureServer/0,2026-08-28T04:55:51+00:00,"{""type"":""Point"",""coordinates"":[-82.43141388635755,27.956984403944322]}"
bbp-7f7788ab9acaf011,1002058,,,Ridgewood Collection System CIPP Lining,"This project includes the rehabilitation of approximately 4,658 linear feet of 8-inch to 15-inch diameter gravity sewers and the rehabilitation of 15 manholes.","The collection system rehabilitation project will restore aging sewer pipes and manholes to restore their service life. Project impacts will be minimal compared to a collection system “open cut” replacement project since the rehabilitation methods are trenchless. The collection system rehabilitation will reduce pipeline failures and blockages that cause wastewater overflows that impact public health, safety, and the environment. Additional project benefits include reduction in leaks that allow ground water and stormwater runoff to enter the collection system and cause wastewater overflows, reduction in energy needed to treat and convey the additional wastewater flow caused by leaking pipelines/manholes and reduction in pipeline failures that cause roadway depressions and cave ins.",Wastewater,2021,2022,PIPES,No,2021-08-31,2022-08-15,,,P5: Closeout,Closeout,390000,,21-C-00014,WW1002058,,Ridgewood Park,5,,,https://apps.tampagov.net/Directory_Lister/FileHandler.ashx?file=GIS%2f1002058.pdf,2022-08-16T14:52:17+00:00,https://arcgis.tampagov.net/arcgis/rest/services/CapitalProjects/CapitalProjectsBudgetBook/FeatureServer/0,2026-08-28T04:55:51+00:00,"{""type"":""Point"",""coordinates"":[-82.46963578411383,27.965097674452036]}"
bbp-eb99dd6f6b61a8d6,1001929,,,Interbay Blvd (Manhattan Ave to Tanker Way),This project provides for operational improvements by widening for a right turn lane.,Congestion Mitigation,Transportation,2024,2022,Transportation Impact Fees,No,,,,,P5: Closeout,Cancelled,135000,,,TRANS20046,,Gandy / Sun Bay South,4,,https://www.tampa.gov/project/trans20046,https://apps.tampagov.net/Directory_Lister/FileHandler.ashx?file=GIS%2f1001929.pdf,2022-08-26T15:21:00+00:00,https://arcgis.tampagov.net/arcgis/rest/services/CapitalProjects/CapitalProjectsBudgetBook/FeatureServer/0,2026-08-28T04:55:51+00:00,"{""type"":""Point"",""coordinates"":[-82.5177300192908,27.865947869896065]}"
bbp-70bb2f5b0a3565e4,1001226,,,34th Street North From Columbus Drive to US92/East Hillsborough Avenue,This project provides for safety and complete streets improvements and on-street bicycle facilities throughout the corridor.,Complete Streets & Safety Improvements,Transportation,2020,2022,Grants,Yes,2020-01-13,2021-05-02,2020-02-02,2020-12-07,P5: Closeout,Closeout,5159715,3697131.03,19-C-00032,TRANS20005,C3.1-Financial Closeout,Jackson Heights,5,East Tampa,https://www.tampagov.net/tss-transportation/info/projects/34thStreet,https://apps.tampagov.net/Directory_Lister/FileHandler.ashx?file=GIS%2f1001226.pdf,2022-06-24T17:53:08+00:00,https://arcgis.tampagov.net/arcgis/rest/services/CapitalProjects/CapitalProjectsBudgetBook/FeatureServer/0,2026-08-28T04:55:51+00:00,"{""type"":""Point"",""coordinates"":[-82.42237682175812,27.981414775016287]}"
bbp-6345131b204ceb09,1001845,,,North Himes Avenue Complete Streets and Safety Improvements,This project provides for complete streets and safety improvements for North Himes Avenue from West Columbus Drive to West Hillsborough Avenue.,Complete Streets & Safety Improvements,Transportation,2021,2022,Transportation Impact Fees,Yes,2020-11-01,2021-11-28,2020-11-03,2021-11-29,P5: Closeout,Closeout,1600000,,19-C-00010.001 WOA#5,TRANS20057,C3.1-Financial Closeout,Stadium Area,6,,,https://apps.tampagov.net/Directory_Lister/FileHandler.ashx?file=GIS%2f1001845.pdf,2022-02-26T21:04:29+00:00,https://arcgis.tampagov.net/arcgis/rest/services/CapitalProjects/CapitalProjectsBudgetBook/FeatureServer/0,2026-08-28T04:55:51+00:00,"{""type"":""Point"",""coordinates"":[-82.50127718175405,27.981330691665455]}"
bbp-bb76fb6a0b337d3a,0000006,,,Spruce St Corridor (Hesperides St to Himes Ave),"This project provides for capacity, operational, multimodal and safety improvements.",Complete Streets & Safety Improvements,Transportation,2024,2022,Transportation Impact Fees,Yes,,,,,P5: Closeout,Cancelled,1750000,,,TRANS20068,,Carver City Lincoln Gardens,6,,https://www.tampagov.net/tss-transportation/info/projects/spruce,https://apps.tampagov.net/Directory_Lister/FileHandler.ashx?file=GIS%2f0000006.pdf,2022-07-06T12:04:51+00:00,https://arcgis.tampagov.net/arcgis/rest/services/CapitalProjects/CapitalProjectsBudgetBook/FeatureServer/0,2026-08-28T04:55:51+00:00,"{""type"":""Point"",""coordinates"":[-82.50982138862724,27.959442238656987]}"
bbp-649f13dadae11683,1000980,,,Manhattan Ave (Richardson Ave to Interbay Blvd),This project provides for the design of roadway construction plans for an existing unimproved right of way to provide an alternative north-south traffic circulation route for the Port Tampa Area.,Congestion Mitigation,Transportation,2027,2022,Transportation Impact Fees,Yes,,,,,P5: Closeout,Cancelled,1000000,,,TRANS20054,,"Port Tampa City, Inc. Civic Association",4,,https://www.tampa.gov/project/trans20054,https://apps.tampagov.net/Directory_Lister/FileHandler.ashx?file=GIS%2f1000980.pdf,2022-08-26T15:22:58+00:00,https://arcgis.tampagov.net/arcgis/rest/services/CapitalProjects/CapitalProjectsBudgetBook/FeatureServer/0,2026-08-28T04:55:51+00:00,"{""type"":""Point"",""coordinates"":[-82.5185967824993,27.864597120386744]}"
bbp-107732c6d6e12ed3,1000446,tpa-2ed8da642d70ff,mp-4ca9962761cd97bd,Cass St Bridge (#105502) Electrical/Mechanical Rehabilitation,This project will provide for a rehabilitation of the Cass St Bridge electrical and mechanical systems as well as the construction of the Green Spine Cycle Track across the bridge.,Bridges & Seawalls,Transportation,TBD,2022,Local Option Gas Tax,No,,,,,P2: Design,90% Design Completion,6930000,,,TRANS20014,,Downtown River Arts,5,Downtown Non Core,https://www.tampa.gov/project/trans20014,https://apps.tampagov.net/Directory_Lister/FileHandler.ashx?file=GIS%2f1000446.pdf,2022-02-28T22:22:52+00:00,https://arcgis.tampagov.net/arcgis/rest/services/CapitalProjects/CapitalProjectsBudgetBook/FeatureServer/0,2026-08-28T04:55:51+00:00,"{""type"":""Point"",""coordinates"":[-82.46486859479133,27.950205753210724]}"
bbp-2bb21d73e253a87c,1000248,tpa-71346c0bba0c2c,mp-2823ebae0582ecf1,Brorein St Bridge (#105501) Phase 1 Structural Rehabilitation,This project provides for structural rehabilitation as well as rehabilitation of the mechanical and electrical systems. This project will also create safe multimodal access across the river by widening the sidewalks on both sides of the bridge to about 9 feet wide.,Bridges & Seawalls,Transportation,TBD,2022,Local Option Gas Tax,No,,,,,P2: Design,90% Design Completion,9220000,,,TRANS20134,,Tampa Downtown Partnership,4,Downtown Core,https://www.tampa.gov/project/trans20134,https://apps.tampagov.net/Directory_Lister/FileHandler.ashx?file=GIS%2f1000248.pdf,2022-02-28T22:19:13+00:00,https://arcgis.tampagov.net/arcgis/rest/services/CapitalProjects/CapitalProjectsBudgetBook/FeatureServer/0,2026-08-28T04:55:51+00:00,"{""type"":""Point"",""coordinates"":[-82.4586550027514,27.943465105442606]}"
bbp-6124e90865429309,1002091,tpa-2dc74558e17f91,mp-36bcf34199e877eb,"Green Spine Cycle Track, Segment 3B",This project provides for a bi-directional cycle track along Nuccio Pkwy from 7th Ave. to 13th Ave.,Bike & Pedestrian Improvements,Transportation,2024,2022,Multiple Funding,Yes,2024-05-30,2025-10-31,,,P5: Closeout,Closeout,1645831,,21-C-00022,TRANS20038,,Historic Ybor,5,Ybor City 1,https://www.tampa.gov/project/trans20038,https://apps.tampagov.net/Directory_Lister/FileHandler.ashx?file=GIS%2f1002091.pdf,2022-07-06T12:08:02+00:00,https://arcgis.tampagov.net/arcgis/rest/services/CapitalProjects/CapitalProjectsBudgetBook/FeatureServer/0,2026-08-28T04:55:51+00:00,"{""type"":""Point"",""coordinates"":[-82.44548266881232,27.962755303783265]}"
bbp-c2296c605b0eb8f7,1001221,,,Columbus Dr (Nebraska Avenue to 14th St),"This project provides for roadway improvements to accommodate bicycle and pedestrian facilities, including enhanced crosswalks, sidewalks, and other safety measures. The project also includes green infrastructure including landscaping and tree wells to provide sustainable stormwater drainage.",Complete Streets & Safety Improvements,Transportation,2022,2022,Grants,Yes,2021-02-14,2022-08-31,2021-01-25,,P5: Closeout,Closeout,4200000,731032.35,19-C-00018,TRANS20020,C2.1-Construction,VM Ybor,5,East Tampa,https://www.tampagov.net/tss-transportation/info/projects/columbus,https://apps.tampagov.net/Directory_Lister/FileHandler.ashx?file=GIS%2f1001221.pdf,2022-02-26T21:04:29+00:00,https://arcgis.tampagov.net/arcgis/rest/services/CapitalProjects/CapitalProjectsBudgetBook/FeatureServer/0,2026-08-28T04:55:51+00:00,"{""type"":""Point"",""coordinates"":[-82.44772016702986,27.966861538915914]}"
bbp-c5faf6c43642ecf4,1001220,,,46th Street From Busch Boulevard to Fowler Avenue,"This project provides for complete street roadway improvements to enhance safety and multimodal connectivity, including roundabouts, sidewalks, bicycle facilities, enhanced crosswalks and other safety measures.",Complete Streets & Safety Improvements,Transportation,2022,2022,Grants,Yes,2021-02-14,2022-11-08,2020-11-02,,P5: Closeout,Closeout,3062445.99,281553.75,19-C-00046,TRANS20007,CW3.3-WOA Closed & Complete,Terrace Park,7,,https://www.tampagov.net/tss-transportation/info/projects/46thStWalkBike,https://apps.tampagov.net/Directory_Lister/FileHandler.ashx?file=GIS%2f1001220.pdf,2022-09-26T11:31:45+00:00,https://arcgis.tampagov.net/arcgis/rest/services/CapitalProjects/CapitalProjectsBudgetBook/FeatureServer/0,2026-08-28T04:55:51+00:00,"{""type"":""Point"",""coordinates"":[-82.4099027445774,28.043464835459012]}"
bbp-96fa461356a4b0f5,1001934,tpa-60fa1e9349c074,mp-34f011fe38d212ef,Doyle Carlton Dr & Laurel St Intersection Improvements,"This project will improve pedestrian, bicycle, and motor vehicle safety and connectivity in the City’s vibrant Downtown River Arts neighborhood. The current intersection at Doyle Carlton Drive and Laurel Street was designed in the 1960s mainly for motor vehicle traffic. This outdated design conflicts with City goals to have complete streets that are safe for all types of users. <br>This project will remove the slip lanes on all approaches to tighten up the four way stop intersection. It will also include new sidewalk connections and curb ramps for the surrounding areas to access the riverwalk easier and more safely.",• Walking and biking accommodations to support all users and public spaces. <br>• New sidewalk connections and curb ramps for the surrounding areas to access the riverwalk easier and more safely. <br>• Efficient use of space provides greater opportunities for landscaping and public art. <br>• Upgraded drainage for safer roadway travel.,Transportation,2027,2022,Multiple Funding,Yes,2026-11-02,2027-05-01,,,P2: Design,30% Design Completion,575000,,,TRANS20050,,Downtown River Arts,5,Downtown Non Core,https://www.tampa.gov/project/trans20050,https://apps.tampagov.net/Directory_Lister/FileHandler.ashx?file=GIS%2f1001934.pdf,2022-07-06T12:20:25+00:00,https://arcgis.tampagov.net/arcgis/rest/services/CapitalProjects/CapitalProjectsBudgetBook/FeatureServer/0,2026-08-28T04:55:51+00:00,"{""type"":""Point"",""coordinates"":[-82.46389896185259,27.954447062788148]}"
bbp-9150e03238218b1c,1001516,tpa-fad81e27486de4,mp-0f771ace7d974ddf,Green ARTery - Segment D,This project provides for traffic calming and bike and pedestrian improvements for this segment of the Green ARTery.,Bike & Pedestrian Improvements,Transportation,2025,2022,Multiple Funding,Yes,2025-01-29,2025-08-03,,,P5: Closeout,Closeout,532787,,24-C-00012,TRANS20031,,Old Seminole Heights,6,,https://www.tampa.gov/project/trans20031,https://apps.tampagov.net/Directory_Lister/FileHandler.ashx?file=GIS%2f1001516.pdf,2022-07-06T12:14:18+00:00,https://arcgis.tampagov.net/arcgis/rest/services/CapitalProjects/CapitalProjectsBudgetBook/FeatureServer/0,2026-08-28T04:55:51+00:00,"{""type"":""Point"",""coordinates"":[-82.44483105427605,28.016682280147894]}"
bbp-8b6cc9c7f84ea72c,1001517,tpa-7878b137016fca,mp-7ccf0e6c3039d506,Green ARTery - Segment E,This project provides for traffic calming and bike and pedestrian improvements for this segment of the Green ARTery.,Bike & Pedestrian Improvements,Transportation,2025,2022,Multiple Funding,Yes,2025-01-30,2025-10-12,,,P5: Closeout,Closeout,1188166,,24-C-00013,TRANS20032,,Lowry Park Central,6,,https://www.tampa.gov/project/trans20032,https://apps.tampagov.net/Directory_Lister/FileHandler.ashx?file=GIS%2f1001517.pdf,2022-07-06T12:14:34+00:00,https://arcgis.tampagov.net/arcgis/rest/services/CapitalProjects/CapitalProjectsBudgetBook/FeatureServer/0,2026-08-28T04:55:51+00:00,"{""type"":""Point"",""coordinates"":[-82.46634005727711,28.018069862572325]}"
bbp-1974c00272a3bff1,1001931,tpa-37222f224d7341,mp-1699bf0f3b6906fc,El Prado Blvd. Complete Streets & Sidewalks (Omar Ave to Lois Ave; Lois Ave to Bayshore Blvd),This project provides for multimodal and safety improvements including bike lanes and sidewalks.,Complete Streets & Safety Improvements,Transportation,2026,2022,Multiple Funding,Yes,2026-06-01,2027-03-10,,,P4: Construction,Construction in Progress,6095013.83,,21-D-00016,TRANS20023,,Belmar Gardens,4,,https://www.tampa.gov/project/trans20023,https://apps.tampagov.net/Directory_Lister/FileHandler.ashx?file=GIS%2f1001931.pdf,2022-07-06T12:19:43+00:00,https://arcgis.tampagov.net/arcgis/rest/services/CapitalProjects/CapitalProjectsBudgetBook/FeatureServer/0,2026-08-28T04:55:51+00:00,"{""type"":""Point"",""coordinates"":[-82.52100875832426,27.91161974693382]}"
bbp-638f5a4f8d2c8b9e,1001540,,,Historic Hyde Park Neighborhood Resurfacing,This project provides for street resurfacing and upgrades to pedestrian curb ramps within the Historic Hyde Park neighborhood.,Neighborhood Improvements- Resurfacing,Transportation,2020,2022,Local Option Gas Tax,Yes,2019-12-01,2021-10-27,2019-12-10,,P5: Closeout,Closeout,1500000,,19-C-00010.001 WOA#1,TRANS20042,C3.1-Financial Closeout,Historic Hyde Park,4,,,https://apps.tampagov.net/Directory_Lister/FileHandler.ashx?file=GIS%2f1001540.pdf,2022-02-26T21:04:29+00:00,https://arcgis.tampagov.net/arcgis/rest/services/CapitalProjects/CapitalProjectsBudgetBook/FeatureServer/0,2026-08-28T04:55:51+00:00,"{""type"":""Point"",""coordinates"":[-82.48024100694309,27.929411043548292]}"
bbp-d965c975a81c6211,1002092,tpa-a2a4fd28b3d102,mp-10d31fc06c3d06e1,"Green Spine Cycle Track, Segment 3C",This project provides for a bi-directional cycle track along 15th St. from 13th Avenue to 21st Ave.,Bike & Pedestrian Improvements,Transportation,2024,2022,Multiple Funding,Yes,2024-05-30,2025-10-31,,,P5: Closeout,Closeout,2544487,,21-C-00022,TRANS20039,,VM Ybor,5,East Tampa,https://www.tampa.gov/project/trans20039,https://apps.tampagov.net/Directory_Lister/FileHandler.ashx?file=GIS%2f1002092.pdf,2022-07-06T12:22:23+00:00,https://arcgis.tampagov.net/arcgis/rest/services/CapitalProjects/CapitalProjectsBudgetBook/FeatureServer/0,2026-08-28T04:55:51+00:00,"{""type"":""Point"",""coordinates"":[-82.44295532879121,27.967440000123435]}"
bbp-e7268f5dc633592b,1000254,,,"Green Spine Cycle Track, Segment 2B","This project provides for the extension of the Cass St separated cycle track between N. Boulevard and Doyle Carlton Dr., exempting the Cass Street Bridge.",Bike & Pedestrian Improvements,Transportation,2023,2022,Grants,Yes,2023-01-31,2023-04-28,,,P5: Closeout,Closeout,392000,,,TRANS20035,,West Riverfront Neighborhood Crimewatch Association,5,West Tampa,https://www.tampagov.net/tss-transportation/info/projects/green_spine,https://apps.tampagov.net/Directory_Lister/FileHandler.ashx?file=GIS%2f1000254.pdf,2022-07-06T12:07:45+00:00,https://arcgis.tampagov.net/arcgis/rest/services/CapitalProjects/CapitalProjectsBudgetBook/FeatureServer/0,2026-08-28T04:55:51+00:00,"{""type"":""Point"",""coordinates"":[-82.4705275433685,27.94988080868998]}"
bbp-93bb98f2cde1ba5e,1001311,,,22nd St and Palm Ave - Signal Upgrade,This project provides for replacement and upgrade of the traffic signal at the intersection of 22nd Street and Palm Avenue. The current signal is built to an obsolete standard and has passed its useful life..,End of Life Replacement,Transportation,2022,2022,Local Option Gas Tax,Yes,2022-02-15,2022-08-31,,,P5: Closeout,Closeout,500000,,,TRANS10002,,Historic Ybor,5,Ybor City 1,,https://apps.tampagov.net/Directory_Lister/FileHandler.ashx?file=GIS%2f1001311.pdf,2022-08-31T12:14:30+00:00,https://arcgis.tampagov.net/arcgis/rest/services/CapitalProjects/CapitalProjectsBudgetBook/FeatureServer/0,2026-08-28T04:55:51+00:00,"{""type"":""Point"",""coordinates"":[-82.43474636787647,27.962434757833403]}"
bbp-bbfe698e30f1a2a3,1001562,,,North Central Avenue and East Osborne Avenue Traffic Signal Upgrade,This project provides for the replacement and upgrade of the traffic signal at the intersection of North Central Avenue and East Osborne Avenue. The current signal is built to an obsolete standard and has passed its useful life.,End of Life Replacement,Transportation,2023,2022,Local Option Gas Tax,Yes,2021-11-30,2022-07-22,,,P5: Closeout,Closeout,400000,,1001562,TRANS10008,,Old Seminole Heights,6,,,https://apps.tampagov.net/Directory_Lister/FileHandler.ashx?file=GIS%2f1001562.pdf,2022-08-01T14:18:45+00:00,https://arcgis.tampagov.net/arcgis/rest/services/CapitalProjects/CapitalProjectsBudgetBook/FeatureServer/0,2026-08-28T04:55:51+00:00,"{""type"":""Point"",""coordinates"":[-82.4552453524406,27.98880378124644]}"
bbp-a3b1f830e795625d,1001509,,,Jefferson St and Twiggs St - Traffic Signal Upgrade,This project provides for the replacement and upgrade of the traffic signal at the intersection of Jefferson Street and Twiggs Street.,End of Life Replacement,Transportation,2027,2022,Yet to be Determined,No,,,,,P5: Closeout,Cancelled,500000,,,TRANS10014,,Tampa Downtown Partnership,5,Downtown Core,,https://apps.tampagov.net/Directory_Lister/FileHandler.ashx?file=GIS%2f1001509.pdf,2022-07-06T12:13:16+00:00,https://arcgis.tampagov.net/arcgis/rest/services/CapitalProjects/CapitalProjectsBudgetBook/FeatureServer/0,2026-08-28T04:55:51+00:00,"{""type"":""Point"",""coordinates"":[-82.45432510378036,27.950652092869]}"
bbp-323b9f506433ea1a,1001577,,,South Himes Avenue and West Euclid Avenue Signal Upgrade,This project provides for the upgrade of an existing traffic signal at South Himes Avenue and West Euclid Avenue.,End of Life Replacement,Transportation,2020,2022,Local Option Gas Tax,Yes,2019-10-01,2022-03-31,,,P5: Closeout,Closeout,175000,,1001577,TRANS10013,,FairOaks Manhattan,4,,,https://apps.tampagov.net/Directory_Lister/FileHandler.ashx?file=GIS%2f1001577.pdf,2022-04-04T12:33:54+00:00,https://arcgis.tampagov.net/arcgis/rest/services/CapitalProjects/CapitalProjectsBudgetBook/FeatureServer/0,2026-08-28T04:55:51+00:00,"{""type"":""Point"",""coordinates"":[-82.50202141095907,27.90865786847832]}"
bbp-582b35e3ca95f487,1001312,,,Main Street and Rome Avenue Signal Upgrade,This project provides for replacement and upgrade of the traffic signal at the intersection of Main Street and Rome Avenue.,End of Life Replacement,Transportation,2022,2022,Local Option Gas Tax,No,2022-04-15,2023-01-31,,,P5: Closeout,Closeout,500000,,,TRANS10020,,Old West Tampa,5,West Tampa,,https://apps.tampagov.net/Directory_Lister/FileHandler.ashx?file=GIS%2f1001312.pdf,2022-04-27T12:26:45+00:00,https://arcgis.tampagov.net/arcgis/rest/services/CapitalProjects/CapitalProjectsBudgetBook/FeatureServer/0,2026-08-28T04:55:51+00:00,"{""type"":""Point"",""coordinates"":[-82.47671819268908,27.957088267329173]}"
bbp-4649f4415996c232,1001935,,,Tampa St and 7th Ave - Traffic Signal,This project provides for construction of a new traffic signal at the intersection of Tampa Street and 7th Avenue.,Safety Enhancement,Transportation,2023,2022,Multiple Funding,Yes,2022-05-01,2023-10-31,,,P5: Closeout,Closeout,500000,,,TRANS10021,,Tampa Heights,5,Tampa Heights Riverfront,,https://apps.tampagov.net/Directory_Lister/FileHandler.ashx?file=GIS%2f1001935.pdf,2022-09-19T17:29:54+00:00,https://arcgis.tampagov.net/arcgis/rest/services/CapitalProjects/CapitalProjectsBudgetBook/FeatureServer/0,2026-08-28T04:55:51+00:00,"{""type"":""Point"",""coordinates"":[-82.46093000025384,27.96041999969897]}"
bbp-9d486565707f2259,1001832,tpa-ef5b25d2cd2b58,mp-ba15f7c8558faff7,21st St and Palm Ave - Traffic Signal Replacement,"This project provides for the replacement and upgrade of the traffic signal at the intersection of North 21st Street and East Palm Avenue. Additionally, ADA accommodations will be upgraded as necessary.",End of Life Replacement,Transportation,2026,2022,Local Option Gas Tax,Yes,2026-05-04,2026-09-18,,,P4: Construction,Construction in Progress,292344.18,,,TRANS10001,,Historic Ybor,5,Ybor City 1,https://www.tampa.gov/project/trans10001,https://apps.tampagov.net/Directory_Lister/FileHandler.ashx?file=GIS%2f1001832.pdf,2022-02-26T21:04:29+00:00,https://arcgis.tampagov.net/arcgis/rest/services/CapitalProjects/CapitalProjectsBudgetBook/FeatureServer/0,2026-08-28T04:55:51+00:00,"{""type"":""Point"",""coordinates"":[-82.4355239464218,27.962439344346073]}"
bbp-d7a3e7dc5ecd4712,1001849,tpa-e3d74ebeda0a07,mp-5832cd9a2ac6514c,Cleveland St and Rome Ave - Traffic Signal,This project provides for intersection improvements and a new traffic signal.,Safety Enhancement,Transportation,2026,2022,Transportation Impact Fees,Yes,2026-03-01,2026-09-01,,,P4: Construction,Construction in Progress,586089.19,,,TRANS10022,,South Howard,4,,https://www.tampa.gov/project/trans10022,https://apps.tampagov.net/Directory_Lister/FileHandler.ashx?file=GIS%2f1001849.pdf,2022-02-26T21:04:29+00:00,https://arcgis.tampagov.net/arcgis/rest/services/CapitalProjects/CapitalProjectsBudgetBook/FeatureServer/0,2026-08-28T04:55:51+00:00,"{""type"":""Point"",""coordinates"":[-82.47678838753737,27.943262179224742]}"
bbp-fd58084e3fcc8973,1001848,tpa-7dac0bb1eab9db,mp-20350cb84db6c46e,Platt St and Fremont Ave - Traffic Signal,This project provides for the design of a new traffic signal based on a safety-related signal warrant study.,Safety Enhancement,Transportation,2025,2022,Transportation Impact Fees,Yes,2025-09-01,2026-08-25,,,P5: Closeout,Closeout,500602.58,,,TRANS10023,,South Howard,6,,https://www.tampa.gov/project/trans10023,https://apps.tampagov.net/Directory_Lister/FileHandler.ashx?file=GIS%2f1001848.pdf,2022-07-06T12:19:04+00:00,https://arcgis.tampagov.net/arcgis/rest/services/CapitalProjects/CapitalProjectsBudgetBook/FeatureServer/0,2026-08-28T04:55:51+00:00,"{""type"":""Point"",""coordinates"":[-82.47885670965508,27.941871503754616]}"
bbp-f4fdf6e70b2a872a,1001578,,,North Florida Avenue and West Wilder Avenue Traffic Signal Upgrade,This project provides for the installation of a new traffic signal at North Florida Avenue and West Wilder Avenue.,Safety Enhancement,Transportation,2020,2022,Other Agencies,Yes,2019-09-30,2022-03-31,2020-07-15,,P5: Closeout,Closeout,355000,,1001578,TRANS10011,,Old Seminole Heights,6,,,https://apps.tampagov.net/Directory_Lister/FileHandler.ashx?file=GIS%2f1001578.pdf,2022-03-21T18:02:30+00:00,https://arcgis.tampagov.net/arcgis/rest/services/CapitalProjects/CapitalProjectsBudgetBook/FeatureServer/0,2026-08-28T04:55:51+00:00,"{""type"":""Point"",""coordinates"":[-82.45941841327154,27.99233110180659]}"
bbp-548a8c2d637c3988,1000960,,,"Westshore Water Main Replacement, Phase 2","The West Shore Blvd Phase II project will improve the City of Tampa’s water distribution system by replacing the existing water mains. Approximately 18,680 Linear Feet of water mains ranging from 6 to 12 inches in diameter will be replaced and upgraded. The project area and the streets impacted by this project are shown on the attached map.","This project will replace the aging water mains in this area with new water mains, improving water pressure and water quality while reducing the number of service interruptions that might have been caused by main breaks or leakage.",Water,2021,2022,PIPES,Yes,2021-06-21,2022-08-19,,,P5: Closeout,Closeout,5787978.37,,20-C-00024,WTR-18-0004,,Sunset Park,4,,,https://apps.tampagov.net/Directory_Lister/FileHandler.ashx?file=GIS%2f1000960.pdf,2022-08-10T14:58:45+00:00,https://arcgis.tampagov.net/arcgis/rest/services/CapitalProjects/CapitalProjectsBudgetBook/FeatureServer/0,2026-08-28T04:55:51+00:00,"{""type"":""Point"",""coordinates"":[-82.52367540071647,27.921071212194487]}"
bbp-93b25a4985bd992c,1002178,tpa-d04d7a186f9070,mp-56265785c1518a24,Golf View Estates Flooding Relief,"During high intensity and short duration rain events, low-lying areas in Golfview Neighborhood experience frequent and dangerous flooding due to an old and undersized drainage system. It often takes days to drain some of the flooded streets and vehicles are stranded in these flooded streets. This project consists of design and construction of a new drainage conveyance system as well as the replacement and upsizing of the existing drainage conveyance system in a highly urbanized residential neighborhood. Following the completion of Florida Department of Transportation’s drainage project on South Dale Mabry Highway between Henderson Boulevard and West Neptune Street, this project was proposed. The upsized drainage system will connect to the City’s recently completed Dale Mabry-Henderson Trunkline project at West Watrous Avenue and South Dale Mabry Highway. There will be opportunities to implement Green Infrastructure technologies and improve water quality with this project.",Flooding Relief/ Water Quality Improvement,Stormwater Engineering,2027,2022,Stormwater Improvement Fee,Yes,2027-03-01,2028-09-28,,,P2: Design,90% Design Completion,8000000,,,SW40006,,Golfview,4,,https://www.tampa.gov/project/sw40006,https://apps.tampagov.net/Directory_Lister/FileHandler.ashx?file=GIS%2f1002178.pdf,2022-10-06T18:32:43+00:00,https://arcgis.tampagov.net/arcgis/rest/services/CapitalProjects/CapitalProjectsBudgetBook/FeatureServer/0,2026-08-28T04:55:51+00:00,"{""type"":""Point"",""coordinates"":[-82.501641758453,27.93295569056114]}"
bbp-bdb58265b41fb280,1002179,tpa-8b45dcb5c28c83,mp-bf56856019c64435,South Howard Flood Relief Project,"The South Howard Flood Relief Project involves designing and building a major stormwater conveyance system to improve drainage and reduce flooding along South Howard Avenue and adjacent neighborhoods, including Parkland Estates and Palma Ceia Pines.",Flooding Relief/ water quality improvement,Stormwater Engineering,2027,2022,Multiple Funding,Yes,2027-04-01,2030-08-31,,,P2: Design,60% Design Completion,92700000,,,SW40007,,Parkland Estates,4,,https://shstormwater.com/project-information/,https://apps.tampagov.net/Directory_Lister/FileHandler.ashx?file=GIS%2f1002179.pdf,2022-09-01T14:20:27+00:00,https://arcgis.tampagov.net/arcgis/rest/services/CapitalProjects/CapitalProjectsBudgetBook/FeatureServer/0,2026-08-28T04:55:51+00:00,"{""type"":""Point"",""coordinates"":[-82.48748018616794,27.935719178198468]}"
bbp-1c93ba1f1bbd82e9,1002128,,,CMOB Elevator Upgrade,"This project provides for the upgrade of obsolete elevator equipment, machinery and cab upgrade that is at its end of life. This elevator is an important component of CMOB as it is the ADA access to the second floor. This upgrade will be completed in FY22 at an estimated cost of $250,000.",None,Facility Management,,2022,,No,,,,,,,,,,,,Macfarlane Park,6,,,https://apps.tampagov.net/Directory_Lister/FileHandler.ashx?file=GIS%2f1002128.pdf,2022-02-26T21:04:29+00:00,https://arcgis.tampagov.net/arcgis/rest/services/CapitalProjects/CapitalProjectsBudgetBook/FeatureServer/0,2026-08-28T04:55:51+00:00,"{""type"":""Point"",""coordinates"":[-82.49969798261328,27.966340377399177]}"
bbp-3f2fd815734449be,1001137,,,Convention Center Renovations,"This project provides for multi-year renovations at the Tampa Convention Center including but not limited to restroom, elevator, & meeting room upgrades, air handler & door replacement, painting, and other improvements as needed.","The project provides for renovations at the Tampa Convention Center including but not limited to restroom, elevator, & meeting room upgrades, air handler & door replacement, painting, and other improvements as needed.",Convention Center & Tourism,2021,2022,Tourist Development Taxes,No,2021-01-19,2023-06-09,,,P5: Closeout,Closeout,38134770.53,,19-C-00052,CCCR2019,C3.1-Financial Closeout,Tampa Downtown Partnership,5,Downtown Core,,https://apps.tampagov.net/Directory_Lister/FileHandler.ashx?file=GIS%2f1001137.pdf,2022-05-31T13:53:03+00:00,https://arcgis.tampagov.net/arcgis/rest/services/CapitalProjects/CapitalProjectsBudgetBook/FeatureServer/0,2026-08-28T04:55:51+00:00,"{""type"":""Point"",""coordinates"":[-82.45660314933271,27.941833278326914]}"
bbp-cd8e7ae4c46cb9c5,1001874,,,TPD Garage Restoration,"This project provides for multi-year structural improvements/restoration of the garage as identified in a condition assessment and addresses precast panel shift, slab/concrete/stucco repair, grouting, sealing, & waterproofing/traffic topping.","The project provides for structural improvements/restoration of the garage as identified in a condition assessment and addresses precast panel shift, slab/concrete/stucco repair, grouting, sealing, & waterproofing/traffic topping.",Parking,2021,2022,Parking System Revenues,No,2021-09-17,2022-04-28,,,P5: Closeout,Closeout,,,21-C-00036,,CW3.3-WOA Closed & Complete,Downtown River Arts,5,Downtown Non Core,,https://apps.tampagov.net/Directory_Lister/FileHandler.ashx?file=GIS%2f1001874.pdf,2022-06-27T12:13:32+00:00,https://arcgis.tampagov.net/arcgis/rest/services/CapitalProjects/CapitalProjectsBudgetBook/FeatureServer/0,2026-08-28T04:55:51+00:00,"{""type"":""Point"",""coordinates"":[-82.45766833895243,27.948079511673935]}"
bbp-2cbaef419dcc92ee,1001415,,,William F. Poe Garage Elevator Replacement & Modernization,"This project provides for replacement and modernization of the four elevators at the Poe Garage including replacement of machinery, doors, and electrical components. The interior of the elevator cabs will be modernized.",,Parking,,2022,,No,,,,,,,,,,,,Downtown River Arts,5,Downtown Non Core,,https://apps.tampagov.net/Directory_Lister/FileHandler.ashx?file=GIS%2f1001415.pdf,2022-02-26T21:04:29+00:00,https://arcgis.tampagov.net/arcgis/rest/services/CapitalProjects/CapitalProjectsBudgetBook/FeatureServer/0,2026-08-28T04:55:51+00:00,"{""type"":""Point"",""coordinates"":[-82.46210548415965,27.949654991626165]}"
bbp-04aeeee15488154a,1001113,,,Palm Avenue Garage Restoration,"This project provides for multi-year improvements & restoration to the garage as identified in a condition assessment. Improvements include slab, concrete, expansion joint, & beam repairs, bollards, sealing, grouting, & traffic topping.",,Parking,,2022,,No,,,,,,,,,,,,Historic Ybor,5,Ybor City 1,,https://apps.tampagov.net/Directory_Lister/FileHandler.ashx?file=GIS%2f1001113.pdf,2022-02-26T21:04:29+00:00,https://arcgis.tampagov.net/arcgis/rest/services/CapitalProjects/CapitalProjectsBudgetBook/FeatureServer/0,2026-08-28T04:55:51+00:00,"{""type"":""Point"",""coordinates"":[-82.4461006824349,27.961845703276094]}"
bbp-e3a4c91e3815a9d6,1001112,,,Rivergate Garage Restoration,"This project provides for multi-year improvements & restoration to the garage as identified in a condition assessment. Improvements include drainage, slab, concrete, expansion joint, & beam repairs, sealing, grouting, & traffic topping.","The project provides for improvements & restoration to the garage as identified in a condition assessment. Improvements include drainage, slab, concrete, expansion joint, & beam repairs, sealing, grouting.",Parking,2021,2022,Parking System Revenues,No,2021-09-17,2022-08-26,,,P5: Closeout,Closeout,,,21-C-00036,,CW3.3-WOA Closed & Complete,Downtown River Arts,5,Downtown Non Core,,https://apps.tampagov.net/Directory_Lister/FileHandler.ashx?file=GIS%2f1001112.pdf,2022-07-19T12:07:03+00:00,https://arcgis.tampagov.net/arcgis/rest/services/CapitalProjects/CapitalProjectsBudgetBook/FeatureServer/0,2026-08-28T04:55:51+00:00,"{""type"":""Point"",""coordinates"":[-82.46029002966998,27.947496450364373]}"
bbp-f5a0586aa92e7aaa,1001111,,,Fort Brooke Garage Restoration,"This project provides for multi-year structural improvements & restoration to the garage as identified in a condition assessment. Improvements include slab, concrete, expansion joint, & beam repairs, grouting, curbing, & stair nosing.","The project provides for improvements & restoration to the garage as identified in a condition assessment. Improvements include drainage, slab, concrete, expansion joint, & beam repairs, sealing, grouting, & traffic topping.",Parking,2021,2022,Parking System Revenues,No,2021-09-17,2022-11-18,,,P5: Closeout,Closeout,,,21-C-00036,,CW3.3-WOA Closed & Complete,Tampa Downtown Partnership,5,Downtown Non Core,,https://apps.tampagov.net/Directory_Lister/FileHandler.ashx?file=GIS%2f1001111.pdf,2022-10-04T12:20:04+00:00,https://arcgis.tampagov.net/arcgis/rest/services/CapitalProjects/CapitalProjectsBudgetBook/FeatureServer/0,2026-08-28T04:55:51+00:00,"{""type"":""Point"",""coordinates"":[-82.45666100102311,27.945939741259014]}"
bbp-b435b577a0058153,1001110,,,Centro Ybor Garage Restoration,"This project provides for multi-year structural improvements & restoration to the garage as identified in a condition assessment. Improvements include slab, concrete, expansion joint, & column repairs, sealing, grouting, & traffic topping.","The project provides for improvements & restoration to the garage as identified in a condition assessment. Improvements include drainage, slab, concrete, expansion joint, & beam repairs, sealing, grouting.",Parking,2021,2022,Parking System Revenues,No,2021-09-17,2022-03-01,,,P5: Closeout,Closeout,,,21-C-00036,,CW3.3-WOA Closed & Complete,Historic Ybor,5,Ybor City 2,,https://apps.tampagov.net/Directory_Lister/FileHandler.ashx?file=GIS%2f1001110.pdf,2022-06-27T12:11:03+00:00,https://arcgis.tampagov.net/arcgis/rest/services/CapitalProjects/CapitalProjectsBudgetBook/FeatureServer/0,2026-08-28T04:55:51+00:00,"{""type"":""Point"",""coordinates"":[-82.44230068219849,27.959183604867466]}"
bbp-b44efdf6c1093be5,1001169,tpa-cde54daf8d60d7,mp-d454a1f29b183480,Hamilton Creek Water Quality Improvements,This project provides for the reconstruction of 5 water quality treatment ponds for Hamilton Creek to improve water quality. The project is part of the effort to comply with the Surface Water Improvement and Management SWIM pond permit requirements.,Water Quality,Stormwater Engineering,2024,2022,Stormwater Improvement Fee,No,2024-04-01,2024-12-01,,,P2: Design,Cancelled,500000,,,SW60010,,Lowry Park Central,6,,,https://apps.tampagov.net/Directory_Lister/FileHandler.ashx?file=GIS%2f1001169.pdf,2022-10-06T17:24:57+00:00,https://arcgis.tampagov.net/arcgis/rest/services/CapitalProjects/CapitalProjectsBudgetBook/FeatureServer/0,2026-08-28T04:55:51+00:00,"{""type"":""Point"",""coordinates"":[-82.46971463579183,28.013306407810045]}"
bbp-5e2d557cbed4ff5d,1001170,,,Rogers Park Drainage Improvements,This project provides for replacing/relocating the failed 24 inch pipe and construction of new inlets and new outfall to the river.,,Stormwater Engineering,,2022,,No,,,,,,,,,,,,Old Seminole Heights,5,,,https://apps.tampagov.net/Directory_Lister/FileHandler.ashx?file=GIS%2f1001170.pdf,2022-02-26T21:04:29+00:00,https://arcgis.tampagov.net/arcgis/rest/services/CapitalProjects/CapitalProjectsBudgetBook/FeatureServer/0,2026-08-28T04:55:51+00:00,"{""type"":""Point"",""coordinates"":[-82.43091821440414,28.013631052673713]}"
bbp-f8445649ba028e78,1001172,,,Poinsettia Pumping Station Rehabilitation,This project provides for the rehabilitation of the existing pump station.,,Stormwater Engineering,,2022,,No,,,,,,,,,,,,University Square,7,,,https://apps.tampagov.net/Directory_Lister/FileHandler.ashx?file=GIS%2f1001172.pdf,2022-02-26T21:04:29+00:00,https://arcgis.tampagov.net/arcgis/rest/services/CapitalProjects/CapitalProjectsBudgetBook/FeatureServer/0,2026-08-28T04:55:51+00:00,"{""type"":""Point"",""coordinates"":[-82.42788700045118,28.04106582093324]}"
bbp-50e20cfc3e97d977,1001066,,,Wyoming Flooding Relief Phase II,This project provides for localized flooding relief at West Wyoming Avenue and 2nd Street.,,Stormwater Engineering,,2022,,No,,,,,,,,,,,,Ballast Point,4,,,https://apps.tampagov.net/Directory_Lister/FileHandler.ashx?file=GIS%2f1001066.pdf,2022-02-26T21:04:29+00:00,https://arcgis.tampagov.net/arcgis/rest/services/CapitalProjects/CapitalProjectsBudgetBook/FeatureServer/0,2026-08-28T04:55:51+00:00,"{""type"":""Point"",""coordinates"":[-82.4911067283948,27.882766998498937]}"
bbp-159c28bde9c4ca53,1001371,,,Anita Subdivision Flooding Phase II,This project will reestablish the relic ditches and correct the driveway culverts to improve drainage and alleviate the localized flooding in the area.,,Stormwater Engineering,,2022,,No,,,,,,,,,,,,Bayside West,4,,,https://apps.tampagov.net/Directory_Lister/FileHandler.ashx?file=GIS%2f1001371.pdf,2022-02-26T21:04:29+00:00,https://arcgis.tampagov.net/arcgis/rest/services/CapitalProjects/CapitalProjectsBudgetBook/FeatureServer/0,2026-08-28T04:55:51+00:00,"{""type"":""Point"",""coordinates"":[-82.52212915670263,27.90299307929812]}"
bbp-82ea753e9d60698f,1001948,,,"Delaware, Oregon, and Dakota Groundwater Diversion",This project provides for installation of underdrain systems along each side of the roadways.,,Stormwater Engineering,,2022,,No,,,,,,,,,,,,Hyde Park Preservation,4,,,https://apps.tampagov.net/Directory_Lister/FileHandler.ashx?file=GIS%2f1001948.pdf,2022-10-12T13:49:48+00:00,https://arcgis.tampagov.net/arcgis/rest/services/CapitalProjects/CapitalProjectsBudgetBook/FeatureServer/0,2026-08-28T04:55:51+00:00,"{""type"":""Point"",""coordinates"":[-82.47073413941219,27.93277251707266]}"
bbp-c0ced50a57e5c0a8,1001440,,,Krental from Kennedy to Cleveland Flooding Relief,The projects consists of property acquisition and the construction of a stormwater pond.,,Stormwater Engineering,,2022,,No,,,,,,,,,,,,Swann Estates,6,,,https://apps.tampagov.net/Directory_Lister/FileHandler.ashx?file=GIS%2f1001440.pdf,2022-02-26T21:04:29+00:00,https://arcgis.tampagov.net/arcgis/rest/services/CapitalProjects/CapitalProjectsBudgetBook/FeatureServer/0,2026-08-28T04:55:51+00:00,"{""type"":""Point"",""coordinates"":[-82.51270536446371,27.943715928741405]}"
bbp-4644dd7aaf32d4d6,1001010,,,2nd Street: Interbay Boulevard to West Bay Avenue,This project provides for localized flooding relief at 2nd Street between Interbay Boulevard and West Bay Avenue.,,Stormwater Engineering,,2022,,No,,,,,,,,,,,,Ballast Point,4,,,https://apps.tampagov.net/Directory_Lister/FileHandler.ashx?file=GIS%2f1001010.pdf,2022-02-26T21:04:29+00:00,https://arcgis.tampagov.net/arcgis/rest/services/CapitalProjects/CapitalProjectsBudgetBook/FeatureServer/0,2026-08-28T04:55:51+00:00,"{""type"":""Point"",""coordinates"":[-82.49120275840168,27.88024523716399]}"
bbp-08dd0f280183b639,1000178,,,"Upper Peninsula Flooding Relief, Phase II - Vasconia Outfall",This project provides for improvements in the northern part of South Tampa Peninsula for conveyance of stormwater flow and to alleviate flooding. The quality of the stormwater discharge will also be improved. This project is co-funded by SWFWMD.,,Stormwater Engineering,,2022,,No,,,,,,,,,,,,Palma Ceia,4,,,https://apps.tampagov.net/Directory_Lister/FileHandler.ashx?file=GIS%2f1000178.pdf,2022-02-26T21:04:29+00:00,https://arcgis.tampagov.net/arcgis/rest/services/CapitalProjects/CapitalProjectsBudgetBook/FeatureServer/0,2026-08-28T04:55:51+00:00,"{""type"":""Point"",""coordinates"":[-82.50589968215175,27.922501399340117]}"
bbp-040524b64e9ac0aa,1001370,tpa-42dcf7268b88bc,mp-553fc659c7a3e367,Copeland Park Flooding Relief,This project provides for the construction of a new pumping station to alleviate the neighborhood flooding.,Flood Relief,Stormwater Engineering,2023,2022,Stormwater Improvement Fee,No,2022-10-01,2025-12-01,,,P2: Design,30% Design Completion,,,,,,University Square,7,,,https://apps.tampagov.net/Directory_Lister/FileHandler.ashx?file=GIS%2f1001370.pdf,2022-05-23T17:30:42+00:00,https://arcgis.tampagov.net/arcgis/rest/services/CapitalProjects/CapitalProjectsBudgetBook/FeatureServer/0,2026-08-28T04:55:51+00:00,"{""type"":""Point"",""coordinates"":[-82.44271462685926,28.04903918845426]}"
bbp-9fad73651408fcb0,1001437,,,West Saint Isabel from Gomez to Habana Flooding Relief,This project provides for the replacement of the failing ditch system with new pipes and inlets to alleviate flooding in the area.,,Stormwater Engineering,,2022,,No,,,,,,,,,,,,Stadium Area,6,,,https://apps.tampagov.net/Directory_Lister/FileHandler.ashx?file=GIS%2f1001437.pdf,2022-02-26T21:04:29+00:00,https://arcgis.tampagov.net/arcgis/rest/services/CapitalProjects/CapitalProjectsBudgetBook/FeatureServer/0,2026-08-28T04:55:51+00:00,"{""type"":""Point"",""coordinates"":[-82.4907367286674,27.978614926809502]}"
bbp-5ca86f41f4685341,1001237,,,South Regional Garage Damage Repairs,"This project provides for structural modifications to repair damages at the garage that address shear, bending, and slab compression cracks, and adjust/anchor lateral precast panel/barrier wall displacement.","The project provides for improvements & restoration to the garage as identified in a condition assessment. Improvements include drainage, slab, concrete, expansion joint, & beam repairs, sealing, grouting.",Parking,2021,2022,Parking System Revenues,No,2021-09-17,2022-06-24,,,P5: Closeout,Closeout,,,21-C-00036,,CW3.3-WOA Closed & Complete,Tampa Downtown Partnership,5,Downtown Core,,https://apps.tampagov.net/Directory_Lister/FileHandler.ashx?file=GIS%2f1001237.pdf,2022-06-27T12:12:02+00:00,https://arcgis.tampagov.net/arcgis/rest/services/CapitalProjects/CapitalProjectsBudgetBook/FeatureServer/0,2026-08-28T04:55:51+00:00,"{""type"":""Point"",""coordinates"":[-82.45379599976694,27.94260355896358]}"
bbp-7223b395eed3cca1,1001114,,,William F. Poe Garage Restoration,"This project provides for multi-year improvements & restoration to the garage as identified in a condition assessment. Improvements include slab, concrete, expansion joint, stucco, & beam repairs, sealing, grouting, curbing & stair nosing.",,Parking,,2022,,No,,,,,,,,,,,,Downtown River Arts,5,Downtown Non Core,,https://apps.tampagov.net/Directory_Lister/FileHandler.ashx?file=GIS%2f1001114.pdf,2022-02-26T21:04:29+00:00,https://arcgis.tampagov.net/arcgis/rest/services/CapitalProjects/CapitalProjectsBudgetBook/FeatureServer/0,2026-08-28T04:55:51+00:00,"{""type"":""Point"",""coordinates"":[-82.46211463523446,27.94961201872928]}"
bbp-da9449ef908908ad,1001582,,,Parking Administration Office Roof and HVAC Replacement,This project provides for replacement of the roof and HVAC unit for the Parking Administrative Office at the Fort Brooke Garage. The roof over the administrative offices and the HVAC are beyond repair and must be replaced.,,Parking,,2022,,No,,,,,,,,,,,,Tampa Downtown Partnership,5,Downtown Non Core,,https://apps.tampagov.net/Directory_Lister/FileHandler.ashx?file=GIS%2f1001582.pdf,2022-02-26T21:04:29+00:00,https://arcgis.tampagov.net/arcgis/rest/services/CapitalProjects/CapitalProjectsBudgetBook/FeatureServer/0,2026-08-28T04:55:51+00:00,"{""type"":""Point"",""coordinates"":[-82.4567946823758,27.945890622521738]}"
bbp-f5ae95030c58c930,1002113,,,Clark Street and 30th Street Pipe Relocation,This project provides for relocating and upgrading an existing pond outfall system including installation of new pipes and inlets.,Flood Relief,Stormwater Engineering,2024,2022,Stormwater Improvement Fee,Yes,2023-10-01,2025-04-01,,,P5: Closeout,Closeout,225000,,,SW60000,,Palmetto Beach,5,,,https://apps.tampagov.net/Directory_Lister/FileHandler.ashx?file=GIS%2f1002113.pdf,2022-09-22T15:04:48+00:00,https://arcgis.tampagov.net/arcgis/rest/services/CapitalProjects/CapitalProjectsBudgetBook/FeatureServer/0,2026-08-28T04:55:51+00:00,"{""type"":""Point"",""coordinates"":[-82.42654463541757,27.949348819626262]}"
bbp-6337e40a57889f5c,1001167,,,Eastridge Pumping Station Rehabilitation,This project provides for the rehabilitation of the existing pumping station.,,Stormwater Engineering,,2022,,No,,,,,,,,,,,,East Forest Hills,7,,,https://apps.tampagov.net/Directory_Lister/FileHandler.ashx?file=GIS%2f1001167.pdf,2022-02-26T21:04:29+00:00,https://arcgis.tampagov.net/arcgis/rest/services/CapitalProjects/CapitalProjectsBudgetBook/FeatureServer/0,2026-08-28T04:55:51+00:00,"{""type"":""Point"",""coordinates"":[-82.46722731751048,28.046771188379466]}"
bbp-60f1ecb53591e039,1001017,,,Upper Peninsula Watershed Drainage Imprv - Dale Mabry/Henderson Trunkline,This project provides for the design of stormwater conveyance facilities to relieve flooding along Dale Mabry Highway between Henderson Boulevard and Neptune Street.,,Stormwater Engineering,,2022,,No,,,,,,,,,,,,Palma Ceia West,6,,,https://apps.tampagov.net/Directory_Lister/FileHandler.ashx?file=GIS%2f1001017.pdf,2022-02-26T21:04:29+00:00,https://arcgis.tampagov.net/arcgis/rest/services/CapitalProjects/CapitalProjectsBudgetBook/FeatureServer/0,2026-08-28T04:55:51+00:00,"{""type"":""Point"",""coordinates"":[-82.50630100040527,27.9316954495564]}"
bbp-1b0dfcf88bd531b2,1001953,,,Forest Hills Park Pumping Station,This project provides for construction of a new submersible duplex pumping station to replace the temporary above ground pump.,,Stormwater Engineering,,2022,,No,,,,,,,,,,,,East Forest Hills,7,,,https://apps.tampagov.net/Directory_Lister/FileHandler.ashx?file=GIS%2f1001953.pdf,2022-02-26T21:04:29+00:00,https://arcgis.tampagov.net/arcgis/rest/services/CapitalProjects/CapitalProjectsBudgetBook/FeatureServer/0,2026-08-28T04:55:51+00:00,"{""type"":""Point"",""coordinates"":[-82.4646073639296,28.044754555973785]}"
bbp-95e157444bf4d8e7,1001406,,,In House Flooding Relief - 45th Street North of Hillsborough,This project provides for the construction of a new pumping station to alleviate the neighborhood flooding.,,Stormwater Engineering,,2022,,No,,,,,,,,,,,,East Tampa 2,5,East Tampa,,https://apps.tampagov.net/Directory_Lister/FileHandler.ashx?file=GIS%2f1001406.pdf,2022-02-26T21:04:29+00:00,https://arcgis.tampagov.net/arcgis/rest/services/CapitalProjects/CapitalProjectsBudgetBook/FeatureServer/0,2026-08-28T04:55:51+00:00,"{""type"":""Point"",""coordinates"":[-82.40761345746412,27.995983820247687]}"
bbp-79806e27e7f8d0a4,1001950,,,Donut Pond Pumping Station Bar Screen Upgrade,This project provides for installation of an automated bar screen and a dumpster for disposal.,Flooding Relief,Stormwater Engineering,2023,2022,Stormwater Improvement Fee,Yes,2023-09-01,2023-12-01,,,P1: Planning,Cancelled,,,,,,University Square,7,,,https://apps.tampagov.net/Directory_Lister/FileHandler.ashx?file=GIS%2f1001950.pdf,2022-02-26T21:04:29+00:00,https://arcgis.tampagov.net/arcgis/rest/services/CapitalProjects/CapitalProjectsBudgetBook/FeatureServer/0,2026-08-28T04:55:51+00:00,"{""type"":""Point"",""coordinates"":[-82.4304694111982,28.050839618273493]}"
bbp-fe99b7c27f2752ff,1001589,,,Lake Roberta Sediment Trap Upgrade,This project provides for upgrading the existing sediment trap to reduce pollutant loading into Lake Roberta.,,Stormwater Engineering,,2022,,No,,,,,,,,,,,,Hampton Terrace,6,,,https://apps.tampagov.net/Directory_Lister/FileHandler.ashx?file=GIS%2f1001589.pdf,2022-02-26T21:04:29+00:00,https://arcgis.tampagov.net/arcgis/rest/services/CapitalProjects/CapitalProjectsBudgetBook/FeatureServer/0,2026-08-28T04:55:51+00:00,"{""type"":""Point"",""coordinates"":[-82.44969968264589,28.000771820342862]}"
bbp-dbc6e8f92ac18862,1001586,,,Everina Street from Carrington Avenue to Coachman Avenue Flooding Relief,This project provides for the installation of new pipes and inlets connecting to the existing system to provide flooding relief for the residential neighborhood.,,Stormwater Engineering,,2022,,No,,,,,,,,,,,,Bayshore Beautiful,4,,,https://apps.tampagov.net/Directory_Lister/FileHandler.ashx?file=GIS%2f1001586.pdf,2022-02-26T21:04:29+00:00,https://arcgis.tampagov.net/arcgis/rest/services/CapitalProjects/CapitalProjectsBudgetBook/FeatureServer/0,2026-08-28T04:55:51+00:00,"{""type"":""Point"",""coordinates"":[-82.49997300874003,27.899985633616385]}"
bbp-904a0bd9f593e8e3,1001428,,,In House Flooding Relief - Rambla Street,The proposed project will consist of construction of new inlets and pipes connecting to the existing drainage system.,,Stormwater Engineering,,2022,,No,,,,,,,,,,,,"Historic Forest Hills Community Association, Inc.",7,,,https://apps.tampagov.net/Directory_Lister/FileHandler.ashx?file=GIS%2f1001428.pdf,2022-02-26T21:04:29+00:00,https://arcgis.tampagov.net/arcgis/rest/services/CapitalProjects/CapitalProjectsBudgetBook/FeatureServer/0,2026-08-28T04:55:51+00:00,"{""type"":""Point"",""coordinates"":[-82.47038136470027,28.03421414596924]}"
bbp-3985c694ccae1d2e,1001069,,,Concordia Pond,This project provides for an attenuation pond to address localized flooding.,,Stormwater Engineering,,2022,,No,,,,,,,,,,,,Bayshore Beautiful,4,,,https://apps.tampagov.net/Directory_Lister/FileHandler.ashx?file=GIS%2f1001069.pdf,2022-02-26T21:04:29+00:00,https://arcgis.tampagov.net/arcgis/rest/services/CapitalProjects/CapitalProjectsBudgetBook/FeatureServer/0,2026-08-28T04:55:51+00:00,"{""type"":""Point"",""coordinates"":[-82.4994184578626,27.91049781991212]}"
bbp-6854255479bb6552,1001597,tpa-4ada1f6c3013a6,mp-e5d954226eb4cddd,Virginia Avenue Pumping Station Drainage Improvements,This project provides for the rehabilitation and construction of new conveyance/outfall system adjacent to the existing Wastewater pumping station.,Flooding Relief,Stormwater Engineering,2023,2022,Stormwater Improvement Fee,Yes,2023-03-15,2025-09-11,,,P5: Closeout,Closeout,330000,,,SW60011,,Riverside Heights,6,,,https://apps.tampagov.net/Directory_Lister/FileHandler.ashx?file=GIS%2f1001597.pdf,2022-10-06T18:15:17+00:00,https://arcgis.tampagov.net/arcgis/rest/services/CapitalProjects/CapitalProjectsBudgetBook/FeatureServer/0,2026-08-28T04:55:51+00:00,"{""type"":""Point"",""coordinates"":[-82.47577217837872,27.979808820672055]}"
bbp-c41d91f27ff2cc4c,1000773,,,Southeast Seminole Heights Flood Relief,This project provides for major drainage infrastructure to address flood conditions in Southeast Seminole Heights.,,Stormwater Engineering,,2022,,No,,,,,,,,,,,,Old Seminole Heights,6,,,https://apps.tampagov.net/Directory_Lister/FileHandler.ashx?file=GIS%2f1000773.pdf,2022-02-26T21:04:29+00:00,https://arcgis.tampagov.net/arcgis/rest/services/CapitalProjects/CapitalProjectsBudgetBook/FeatureServer/0,2026-08-28T04:55:51+00:00,"{""type"":""Point"",""coordinates"":[-82.4573562708509,27.997828872027572]}"
bbp-023cd1ddcff5766c,1000753,,,Robles Park Pumping Station Replacement,This project provides for the replacement of an aging pump station with a more efficient pump and pump house. The new pump will have a higher capacity to handle stormwater flow.,,Stormwater Engineering,,2022,,No,,,,,,,,,,,,Tampa Heights,5,,,https://apps.tampagov.net/Directory_Lister/FileHandler.ashx?file=GIS%2f1000753.pdf,2022-02-26T21:04:29+00:00,https://arcgis.tampagov.net/arcgis/rest/services/CapitalProjects/CapitalProjectsBudgetBook/FeatureServer/0,2026-08-28T04:55:51+00:00,"{""type"":""Point"",""coordinates"":[-82.45582345802119,27.97397276303395]}"
bbp-4a2e02fe88667221,1000386,,,Watrous Ditch Rehabilitation,This project provides for rehabilitation of the Watrous Canal which has eroded embankments. The scope has been increased to include upgraded capacity to provide maximum flood protection.,,Stormwater Engineering,,2022,,No,,,,,,,,,,,,Culbreath Bayou,6,,,https://apps.tampagov.net/Directory_Lister/FileHandler.ashx?file=GIS%2f1000386.pdf,2022-02-26T21:04:29+00:00,https://arcgis.tampagov.net/arcgis/rest/services/CapitalProjects/CapitalProjectsBudgetBook/FeatureServer/0,2026-08-28T04:55:51+00:00,"{""type"":""Point"",""coordinates"":[-82.52151509363287,27.932683600999077]}"
bbp-57be9c44d48470b9,1001593,,,West Davis Boulevard Bridge Replacement,This project provides for the replacement of an existing bridge at West Davis Boulevard.,,Transportation,,2022,,No,,,,,,,,,,,,Davis Islands,4,,,https://apps.tampagov.net/Directory_Lister/FileHandler.ashx?file=GIS%2f1001593.pdf,2022-02-26T21:04:29+00:00,https://arcgis.tampagov.net/arcgis/rest/services/CapitalProjects/CapitalProjectsBudgetBook/FeatureServer/0,2026-08-28T04:55:51+00:00,"{""type"":""Point"",""coordinates"":[-82.45887125352905,27.920034370144993]}"
bbp-534ae4c4d24ea0f0,1000575,,,Streetcar Infrastructure,"This project provides for reconditioning or replacing components exhibiting deterioration, damage or obsolescence, rectifying maintenance issues and anticipating component life cycles.",,Transportation,,2022,,No,,,,,,,,,,,,Historic Ybor,5,Ybor City 1,,https://apps.tampagov.net/Directory_Lister/FileHandler.ashx?file=GIS%2f1000575.pdf,2022-02-26T21:04:29+00:00,https://arcgis.tampagov.net/arcgis/rest/services/CapitalProjects/CapitalProjectsBudgetBook/FeatureServer/0,2026-08-28T04:55:51+00:00,"{""type"":""Point"",""coordinates"":[-82.44178791821112,27.96085804763892]}"
bbp-2f7a4570782eca2d,1001541,tpa-613081471e1d62;tpa-d60b774d24d302,mp-7b479705c969adb9;mp-95d84d187aef7d2f,Downtown Core Complete Streets (Brorein St from Ashley Dr to Morgan St),"This project provides for multimodal and safety improvements. General maintenance and Complete Streets improvements to several streets and incorporated in this project in the Downtown Core: Brorein St from Ashley Dr to Morgan St. As part of the project, these roadways will be resurfaced to remove deficiencies and provide a newly finished driving surface. This project will also include multimodal improvements to make these corridors safer for all users in accordance with the City’s Vision Zero initiative. • Parking Protected Buffered Bike Lanes with conflict markings to allow for safer cycling; • Pedestrian Bulb-outs to shorten pedestrian crossing distances; • Enhanced Crosswalks to provide pedestrians with more visibility; • Traffic Calming features to control speeds and reduce the likelihood of fatal crashes; • Reconstructed Curb Ramps to provide ease of use and accessibility to people with disabilities.",Complete Streets & Safety Improvements,Transportation,2025,2022,Local Option Gas Tax,Yes,2025-04-28,2025-05-30,,,P5: Closeout,Closeout,1900000,,,TRANS20119.1,,Tampa Downtown Partnership,5,Downtown Core,https://www.tampa.gov/project/trans201191,https://apps.tampagov.net/Directory_Lister/FileHandler.ashx?file=GIS%2f1001541.pdf,2022-07-06T12:15:43+00:00,https://arcgis.tampagov.net/arcgis/rest/services/CapitalProjects/CapitalProjectsBudgetBook/FeatureServer/0,2026-08-28T04:55:51+00:00,"{""type"":""Point"",""coordinates"":[-82.45573610467694,27.94401329712655]}"
bbp-17f4fb006c7568b9,1000749,,,Howard Avenue Flooding Relief Swann to Morrison,This project provides for the construction of new larger pipes and inlets to collect and convey runoff in this segment of Howard Avenue which has chronic street flooding.,Flood Relief,Stormwater Engineering,2021,2022,Stormwater Improvement Fee,No,,,,,,,,,,,,Parkland Estates,4,,,https://apps.tampagov.net/Directory_Lister/FileHandler.ashx?file=GIS%2f1000749.pdf,2022-05-23T18:27:05+00:00,https://arcgis.tampagov.net/arcgis/rest/services/CapitalProjects/CapitalProjectsBudgetBook/FeatureServer/0,2026-08-28T04:55:51+00:00,"{""type"":""Point"",""coordinates"":[-82.48307586007864,27.935883601814837]}"
bbp-b92c60dd1f49c517,1000145,,,McKay Bay Transfer Station Renovation/Expansion Phase I,This project provides for the construction of new McKay Bay Transfer Station. Construction will include a larger operating floor that can accommodate 10 vehicles unloading simultaneously and developing a traffic plan that segregates integrated waste.,Construction will include a larger operating floor that can accommodate 10 vehicles unloading simultaneously and developing a traffic plan that segregates integrated waste.,Solid Waste & EPM,2019,2022,Solid Waste System Revenues,No,2020-02-03,2022-02-15,,,P5: Closeout,Closeout,,,16C28,,CW3.3-WOA Closed & Complete,Palmetto Beach,5,,,https://apps.tampagov.net/Directory_Lister/FileHandler.ashx?file=GIS%2f1000145.pdf,2022-02-28T16:22:24+00:00,https://arcgis.tampagov.net/arcgis/rest/services/CapitalProjects/CapitalProjectsBudgetBook/FeatureServer/0,2026-08-28T04:55:51+00:00,"{""type"":""Point"",""coordinates"":[-82.42003845742539,27.94696755749415]}"
bbp-b1fd81afaea80f62,1000490,,,Solid Waste CNG Station,"This project provides for construction of a new compressed natural gas slow-fill station including electrical supply units and compressors, connection to the main gas line, and installation of 10 fueling posts.",,Solid Waste & EPM,,2022,,No,,,,,,,,,,,,Carver City Lincoln Gardens,6,,,https://apps.tampagov.net/Directory_Lister/FileHandler.ashx?file=GIS%2f1000490.pdf,2022-02-26T21:04:29+00:00,https://arcgis.tampagov.net/arcgis/rest/services/CapitalProjects/CapitalProjectsBudgetBook/FeatureServer/0,2026-08-28T04:55:51+00:00,"{""type"":""Point"",""coordinates"":[-82.51100636461359,27.95890118880799]}"
bbp-46f4c3022c95d617,0000088,,,West Shore Boulevard and Gandy Boulevard,"This project provides for capacity, operational, multimodal and safety improvements.",Intersection Improvements,Transportation,2020,2022,Grants,Yes,2011-03-01,2021-12-31,,,P5: Closeout,Closeout,3150000,,,TRANS20116,,Bayside West,4,,https://www.tampagov.net/tss-transportation/info/projects/west_shore_gandy,https://apps.tampagov.net/Directory_Lister/FileHandler.ashx?file=GIS%2f0000088.pdf,2022-06-28T17:16:30+00:00,https://arcgis.tampagov.net/arcgis/rest/services/CapitalProjects/CapitalProjectsBudgetBook/FeatureServer/0,2026-08-28T04:55:51+00:00,"{""type"":""Point"",""coordinates"":[-82.52681857724043,27.89414000519119]}"
bbp-4a26ca2d19b489cb,1001565,tpa-9c191dfc408eda,mp-a581e41a7ced59bb,Bayshore Pumping Station Rehabilitation,"This project provides for the complete rehabilitation of Bayshore Pumping Station at 3300 Bayshore Dr. The project will serve to replace the existing wet-dry type pumping station with a more efficient, reliable, and serviceable submersible pumping station. It includes demolition of above ground building structure, pumps and electrical equipment and installation of new submersible pumps, piping, valves, control panel and electrical upgrades. The new electrical and control equipment will be installed aboveground and will be designed to provide protection from flooding and wind damage associated with storm events. The project also includes the installation of a backup generator to maintain station operation in the event of a power loss.",The pumping station rehabilitation project will restore the station’s reliability by replacing the aging equipment and will include improvements to reduce vulnerability to extreme weather events. The station is a critical wastewater asset and failure of the station would result in a wastewater overflow that would impact the environment and pose a public health threat to the surrounding neighborhoods.,Wastewater,2025,2022,PIPES,Yes,2024-11-01,2026-02-01,,,P5: Closeout,Closeout,6400000,,20-C-00015,WW1001565,,Bayshore Beautiful,4,,https://www.tampa.gov/project/ww1001565,https://apps.tampagov.net/Directory_Lister/FileHandler.ashx?file=GIS%2f1001565.pdf,2022-08-16T14:52:39+00:00,https://arcgis.tampagov.net/arcgis/rest/services/CapitalProjects/CapitalProjectsBudgetBook/FeatureServer/0,2026-08-28T04:55:51+00:00,"{""type"":""Point"",""coordinates"":[-82.48962934102533,27.904076374881686]}"
bbp-2a6557bc0e19f33a,0000374,,,Louisiana Avenue Pumping Station Rehabilitation,"This project provides for the rehabilitation of the Louisiana pumping station. Project will include replacement of pumps, piping, valves, electrical and control systems, and other station improvements.",Rehabilitation of wastewater infrastructure,Wastewater,2019,2022,PIPES,No,,,,,P5: Closeout,Closeout,9000000,,15-C-00044,WW0000374,,South Seminole Heights,6,,,https://apps.tampagov.net/Directory_Lister/FileHandler.ashx?file=GIS%2f0000374.pdf,2022-02-26T21:04:29+00:00,https://arcgis.tampagov.net/arcgis/rest/services/CapitalProjects/CapitalProjectsBudgetBook/FeatureServer/0,2026-08-28T04:55:51+00:00,"{""type"":""Point"",""coordinates"":[-82.45958034063304,27.98986637300953]}"
bbp-4026c450076d5268,1000951,,,Hanna Avenue Pumping Station Odor Control Replacement,"This project provides for the replacement of the odor control system for the Hanna Avenue pumping station. The project includes furnishing and installing new odor control system, related piping, valves, blowers, and electrical and control system.",Rehabilitation of wastewater infrastructure,Wastewater,2020,2022,PIPES,No,,,,,P5: Closeout,Closeout,200000,,18-C-00023,WW1000951,,Old Seminole Heights,6,,,https://apps.tampagov.net/Directory_Lister/FileHandler.ashx?file=GIS%2f1000951.pdf,2022-02-26T21:04:29+00:00,https://arcgis.tampagov.net/arcgis/rest/services/CapitalProjects/CapitalProjectsBudgetBook/FeatureServer/0,2026-08-28T04:55:51+00:00,"{""type"":""Point"",""coordinates"":[-82.47128195306122,28.003187098126656]}"
bbp-8c4d66def3b4841d,1000433,,,University Pumping Station Replacement,"This project provides for the replacement of pump No. 1 at the University pumping station. Project will include installation of a new pump, motor, variable frequency drive, and other improvements.",Rehabilitation of wastewater infrastructure,Wastewater,2018,2022,PIPES,No,2017-07-01,2022-07-15,,,P5: Closeout,Closeout,1200000,,16-C-00019,WW1000433,,,,,,https://apps.tampagov.net/Directory_Lister/FileHandler.ashx?file=GIS%2f1000433.pdf,2022-08-02T17:53:40+00:00,https://arcgis.tampagov.net/arcgis/rest/services/CapitalProjects/CapitalProjectsBudgetBook/FeatureServer/0,2026-08-28T04:55:51+00:00,"{""type"":""Point"",""coordinates"":[-82.44947536451221,28.065891188009477]}"
bbp-5045573ace54bb9e,1001809,tpa-446b264792bc1b;tpa-634ca4ba0d397a;tpa-ba388df23956a8,mp-d93154563339afcf;mp-f29e75b78f05c142;mp-fc6a9a5f5c9b86a6,Sulphur Springs Pumping Station Design Build,"This project provides for the complete rehabilitation of Sulphur Springs Pumping Station at 7902 N. 13th St. The project will serve to rehabilitate the existing wet-dry type pumping station. This project will include replacement of pumps, piping, valves, and electrical improvements to ensure continued reliability of the station. The project also includes the installation of a backup generator to maintain station operation in the event of a power loss.",The pumping station rehabilitation project will restore the station’s reliability by replacing the aging equipment and will include improvements to reduce vulnerability to extreme weather events. The station is a critical wastewater asset and failure of the station would result in a wastewater overflow that would impact the environment and pose a public health threat to the surrounding neighborhoods.,Wastewater,2028,2022,PIPES,Yes,2028-01-01,2028-12-01,,,P2: Design,30% Design Completion,19700000,,20-C-00014,WW1001809,,Sulphur Springs,5,,https://www.tampa.gov/project/ww1001809,https://apps.tampagov.net/Directory_Lister/FileHandler.ashx?file=GIS%2f1001809.pdf,2022-02-26T21:04:29+00:00,https://arcgis.tampagov.net/arcgis/rest/services/CapitalProjects/CapitalProjectsBudgetBook/FeatureServer/0,2026-08-28T04:55:51+00:00,"{""type"":""Point"",""coordinates"":[-82.44693731730224,28.019266452538357]}"
bbp-5b29ad8a699dfe74,1000769,,,Adamo & 50th Street Red Light Camera,"This project provides for operational and safety upgrades at Adamo Drive and 50th Street. This includes advanced traffic control equipment, CCTV, UPS and wireless connectivity to the TMC, which will facilitate improved intersection safety.",,Transportation,,2022,,No,,,,,,,,,,,,East Side Commercial,5,,,https://apps.tampagov.net/Directory_Lister/FileHandler.ashx?file=GIS%2f1000769.pdf,2022-02-26T21:04:29+00:00,https://arcgis.tampagov.net/arcgis/rest/services/CapitalProjects/CapitalProjectsBudgetBook/FeatureServer/0,2026-08-28T04:55:51+00:00,"{""type"":""Point"",""coordinates"":[-82.40167407899217,27.952199004912206]}"
bbp-6e1a0dd956de099f,0000294,,,Kennedy Boulevard & Dale Mabry Highway Intersection Improvements,"This project provides for right of way acquisition and construction of an additional southbound right turn, merge lane on Dale Mabry Highway south of Kennedy Boulevard.",,Transportation,,2022,,No,,,,,,,,,,,,Oakford Park,6,,,https://apps.tampagov.net/Directory_Lister/FileHandler.ashx?file=GIS%2f0000294.pdf,2022-02-26T21:04:29+00:00,https://arcgis.tampagov.net/arcgis/rest/services/CapitalProjects/CapitalProjectsBudgetBook/FeatureServer/0,2026-08-28T04:55:51+00:00,"{""type"":""Point"",""coordinates"":[-82.50560972914742,27.94490829736526]}"
bbp-cea4a3797463e52b,1001674,tpa-98a17eb54517ba,mp-4ba7bc24f95c8f99,Lois Ave (Cleveland St to Boy Scout Blvd),"This project provides for safety, multimodal, and operational improvements.",Complete Streets & Safety Improvements,Transportation,2027,2022,Multiple Funding,No,,2028-12-31,,,P2: Design,30% Design Completion,5400000,,,TRANS20135,,Tampa International Airport,6,,https://www.tampa.gov/project/trans20135,https://apps.tampagov.net/Directory_Lister/FileHandler.ashx?file=GIS%2f1001674.pdf,2022-07-06T12:18:06+00:00,https://arcgis.tampagov.net/arcgis/rest/services/CapitalProjects/CapitalProjectsBudgetBook/FeatureServer/0,2026-08-28T04:55:51+00:00,"{""type"":""Point"",""coordinates"":[-82.51395134148416,27.952189097759238]}"
bbp-86240a68f901269a,1000986,,,TFR Fire Station No. 24,"This project provides for the design, construction, and long term procurement of new fire apparatus for the new Fire Station No 24.",,Fire,,2022,,No,,,,,,,,,,,,K Bar Ranch,7,,,https://apps.tampagov.net/Directory_Lister/FileHandler.ashx?file=GIS%2f1000986.pdf,2022-02-26T21:04:29+00:00,https://arcgis.tampagov.net/arcgis/rest/services/CapitalProjects/CapitalProjectsBudgetBook/FeatureServer/0,2026-08-28T04:55:51+00:00,"{""type"":""Point"",""coordinates"":[-82.29972650441289,28.163095457454585]}"
bbp-dd37e47e4da053b0,1001933,,,Training Burn Simulator and Skills Tower,This project provides for the construction of a burn simulator for firefighting. The remediation of the firefighter skills tower is required for continued training for current and recruits training.,This project provides for the construction of a burn simulator for firefighting. The remediation of the firefighter skills tower is required for continued training for current and recruits training.,Fire,2023,2022,Tax - Other,No,2023-01-06,2024-02-29,,,P5: Closeout,Closeout,2571898,,21-C-00030,TCCR2021,CW3.3-WOA Closed & Complete,Palmetto Beach,5,,,https://apps.tampagov.net/Directory_Lister/FileHandler.ashx?file=GIS%2f1001933.pdf,2022-02-26T21:04:29+00:00,https://arcgis.tampagov.net/arcgis/rest/services/CapitalProjects/CapitalProjectsBudgetBook/FeatureServer/0,2026-08-28T04:55:51+00:00,"{""type"":""Point"",""coordinates"":[-82.42217486054075,27.9475086973811]}"
bbp-28741f5bc100a271,1000978,,,Fire Station No. 23,This project provides for the design and construction of the new Fire Station No 23.,,Fire,,2022,,No,,,,,,,,,,,,New Tampa,7,,,https://apps.tampagov.net/Directory_Lister/FileHandler.ashx?file=GIS%2f1000978.pdf,2022-02-26T21:04:29+00:00,https://arcgis.tampagov.net/arcgis/rest/services/CapitalProjects/CapitalProjectsBudgetBook/FeatureServer/0,2026-08-28T04:55:51+00:00,"{""type"":""Point"",""coordinates"":[-82.35720268231225,28.170500187024402]}"
bbp-80267c0665a175cf,1001831,,,East Twiggs Street and North Marion Street Traffic Signal Replacement,"This project provides for the replacement and upgrade of the traffic signal at the intersection of East Twiggs Street and North Marion Street. Additionally, ADA accommodations will be upgraded.",,Transportation,,2022,,No,,,,,,,,,,,,Downtown River Arts,5,Downtown Non Core,,https://apps.tampagov.net/Directory_Lister/FileHandler.ashx?file=GIS%2f1001831.pdf,2022-02-26T21:04:29+00:00,https://arcgis.tampagov.net/arcgis/rest/services/CapitalProjects/CapitalProjectsBudgetBook/FeatureServer/0,2026-08-28T04:55:51+00:00,"{""type"":""Point"",""coordinates"":[-82.45694000037061,27.949773558329298]}"
bbp-73f39c23e5b370d1,1001542,,,Neighborhood Improvements- East Tampa,This project provides for street resurfacing within the Southeast Seminole Heights Neighborhood.,Neighborhood Improvements- Resurfacing,Transportation,2023,2022,Local Option Gas Tax,No,,,,,P5: Closeout,Cancelled,,,,TRANS20022,,Historic Belmont Heights,5,East Tampa,,https://apps.tampagov.net/Directory_Lister/FileHandler.ashx?file=GIS%2f1001542.pdf,2022-06-22T18:28:10+00:00,https://arcgis.tampagov.net/arcgis/rest/services/CapitalProjects/CapitalProjectsBudgetBook/FeatureServer/0,2026-08-28T04:55:51+00:00,"{""type"":""Point"",""coordinates"":[-82.43883699980422,27.99238745207996]}"
bbp-8825f271ab17f374,1001600,,,Police Department Communications Center Workstation Upgrade,This project provides for workstation upgrades to the City's 911 Call Center.,,Police,,2022,,No,,,,,,,,,,,,East Seminole Heights,5,,,https://apps.tampagov.net/Directory_Lister/FileHandler.ashx?file=GIS%2f1001600.pdf,2022-02-26T21:04:29+00:00,https://arcgis.tampagov.net/arcgis/rest/services/CapitalProjects/CapitalProjectsBudgetBook/FeatureServer/0,2026-08-28T04:55:51+00:00,"{""type"":""Point"",""coordinates"":[-82.42832424519058,28.000955243298918]}"
bbp-263319eb7c18bd61,1001984,,,TCC Renovations Phase II,"This project provides for multi-year renovations at the Tampa Convention Center including but not limited to restroom, elevator, & meeting room upgrades, air handlers & chillers, painting, and other.","This project provides for multi-year renovations at the Tampa Convention Center including but not limited to restroom, elevator, & meeting room upgrades, air handlers & chillers, painting, and other.",Convention Center & Tourism,2021,2022,Tourist Development Taxes,No,2021-09-28,2024-02-29,,,P5: Closeout,Closeout,3983058,,19-C-00052,TCCR2019,C3.1-Financial Closeout,Tampa Downtown Partnership,5,Downtown Core,,https://apps.tampagov.net/Directory_Lister/FileHandler.ashx?file=GIS%2f1001984.pdf,2022-02-26T21:04:29+00:00,https://arcgis.tampagov.net/arcgis/rest/services/CapitalProjects/CapitalProjectsBudgetBook/FeatureServer/0,2026-08-28T04:55:51+00:00,"{""type"":""Point"",""coordinates"":[-82.45644918379381,27.941761387302893]}"
bbp-8863a3f7d64a31fe,1001512,,,Tyson Avenue Improvements,This project provides for a new two-lane roadway along the unimproved right-of-way of Tyson Avenue between West Shore Boulevard to Manhattan Avenue and widening of Manhattan Avenue from Tyson Avenue to Gandy Boulevard.,,Transportation,,2022,,No,,,,,,,,,,,,Gandy / Sun Bay South,4,,,https://apps.tampagov.net/Directory_Lister/FileHandler.ashx?file=GIS%2f1001512.pdf,2022-02-26T21:04:29+00:00,https://arcgis.tampagov.net/arcgis/rest/services/CapitalProjects/CapitalProjectsBudgetBook/FeatureServer/0,2026-08-28T04:55:51+00:00,"{""type"":""Point"",""coordinates"":[-82.52690778552399,27.88671013522775]}"
bbp-3e80c79dbabfe6e9,1000770,,,New Tampa Congestion Mitigation,"This project provides for updated signal timings in New Tampa to improve traffic circulation and mobility, to reduce delay and fuel consumption and associated environmentally hazardous vehicle emissions.",,Transportation,,2022,,No,,,,,,,,,,,,Tampa Palms North,7,,,https://apps.tampagov.net/Directory_Lister/FileHandler.ashx?file=GIS%2f1000770.pdf,2022-02-26T21:04:29+00:00,https://arcgis.tampagov.net/arcgis/rest/services/CapitalProjects/CapitalProjectsBudgetBook/FeatureServer/0,2026-08-28T04:55:51+00:00,"{""type"":""Point"",""coordinates"":[-82.37900236414126,28.11710018721514]}"
bbp-00f980752875d8cc,1000577,,,"Bayshore Boulevard Enhancements, Phase III","This project provides for road widening and restriping of the roadway to accommodate a new, on-road, southbound bicycle lane and setting of the granite curb.",,Transportation,,2022,,No,,,,,,,,,,,,Academy of the Holy Names,4,,,https://apps.tampagov.net/Directory_Lister/FileHandler.ashx?file=GIS%2f1000577.pdf,2022-02-26T21:04:29+00:00,https://arcgis.tampagov.net/arcgis/rest/services/CapitalProjects/CapitalProjectsBudgetBook/FeatureServer/0,2026-08-28T04:55:51+00:00,"{""type"":""Point"",""coordinates"":[-82.49132345728249,27.91550356013683]}"
bbp-07f63d61356cd208,0000082,,,Laurel Street Bridge Rehabilitation,"This project provides for the rehabilitation of the bridge including cleaning, repair or replacement of other steel structural members, painting of the steel structure, fender repairs, joint seals, concrete restoration and handrail repairs.",,Transportation,,2022,,No,,,,,,,,,,,,Downtown River Arts,5,Downtown Non Core,,https://apps.tampagov.net/Directory_Lister/FileHandler.ashx?file=GIS%2f0000082.pdf,2022-02-26T21:04:29+00:00,https://arcgis.tampagov.net/arcgis/rest/services/CapitalProjects/CapitalProjectsBudgetBook/FeatureServer/0,2026-08-28T04:55:51+00:00,"{""type"":""Point"",""coordinates"":[-82.46450000003848,27.954513035200975]}"
bbp-846f8bc090f22580,1000979,,,Willow Avenue at Kennedy Boulevard Intersection Improvements,This project provides for a left turn lane; northbound Willow Avenue to westbound Kennedy Boulevard and will require coordination with CSX Railroad Corporation.,,Transportation,,2022,,No,,,,,,,,,,,,University of Tampa,5,,,https://apps.tampagov.net/Directory_Lister/FileHandler.ashx?file=GIS%2f1000979.pdf,2022-02-26T21:04:29+00:00,https://arcgis.tampagov.net/arcgis/rest/services/CapitalProjects/CapitalProjectsBudgetBook/FeatureServer/0,2026-08-28T04:55:51+00:00,"{""type"":""Point"",""coordinates"":[-82.47266176685034,27.94473673158703]}"
bbp-7ad0792a519b089c,1000948,,,Solid Waste Truck Wash Facility Renovations,"This project provides for renovation/conversion of the department’s truck wash facility from a manual system to a commercial grade, automated facility.",,Solid Waste & EPM,,2022,,No,,,,,,,,,,,,Carver City Lincoln Gardens,6,,,https://apps.tampagov.net/Directory_Lister/FileHandler.ashx?file=GIS%2f1000948.pdf,2022-02-26T21:04:29+00:00,https://arcgis.tampagov.net/arcgis/rest/services/CapitalProjects/CapitalProjectsBudgetBook/FeatureServer/0,2026-08-28T04:55:51+00:00,"{""type"":""Point"",""coordinates"":[-82.51094467387048,27.958896450998566]}"
bbp-5cd86ac5f4a39ee8,1000931,,,Hyde Park/Plant Avenue Safety,"This project provides for safety improvements along Hyde Park Ave from Kennedy Blvd to Deleon Street and Plant Ave from Kennedy Blvd to Platt Street. Improvements include bike lanes, pedestrian bulb-outs, on-street parking, & upgraded signage.",,Transportation,,2022,,No,,,,,,,,,,,,Hyde Park Spanishtown Creek,4,,,https://apps.tampagov.net/Directory_Lister/FileHandler.ashx?file=GIS%2f1000931.pdf,2022-02-26T21:04:29+00:00,https://arcgis.tampagov.net/arcgis/rest/services/CapitalProjects/CapitalProjectsBudgetBook/FeatureServer/0,2026-08-28T04:55:51+00:00,"{""type"":""Point"",""coordinates"":[-82.46388749237042,27.94164651599985]}"
bbp-5fec847ea4de8db2,0000289,,,North O'Brien Street Improvements,This project provides for the widening of North O'Brien Street from West Cypress Street to West Spruce Street from 2/3 lanes to a 4-lane divided roadway.,,Transportation,,2022,,No,,,,,,,,,,,,Tampa International Airport,6,,,https://apps.tampagov.net/Directory_Lister/FileHandler.ashx?file=GIS%2f0000289.pdf,2022-02-26T21:04:29+00:00,https://arcgis.tampagov.net/arcgis/rest/services/CapitalProjects/CapitalProjectsBudgetBook/FeatureServer/0,2026-08-28T04:55:51+00:00,"{""type"":""Point"",""coordinates"":[-82.53210538750203,27.95679526610446]}"
bbp-45f5e05c55a4a3b1,1000260,,,Complete Streets - Willow Avenue,"This project provides for sidewalks, on road bicycle accommodation and crosswalks, from the Walk-Bike Plan, Phase 1. The majority of funding for design and construction is being provided by a Florida Department of Transportation Grant.",,Transportation,,2022,,No,,,,,P1: Planning,,,,,,,Hyde Park Spanishtown Creek,4,,,https://apps.tampagov.net/Directory_Lister/FileHandler.ashx?file=GIS%2f1000260.pdf,2022-02-26T21:04:29+00:00,https://arcgis.tampagov.net/arcgis/rest/services/CapitalProjects/CapitalProjectsBudgetBook/FeatureServer/0,2026-08-28T04:55:51+00:00,"{""type"":""Point"",""coordinates"":[-82.47270468244153,27.940802559177126]}"
bbp-ff343923f0ec854c,1001842,tpa-fcd1f5f70bf6dd,mp-1b6b7b76f7e85cf5,"Palma Ceia Water Main Replacement, Phase 3",This project provides for the 3rd phase of water main replacments in the Palma Ceia neighborhood. The existing water pipe is deteriorated and undersized to meet current demand.,This project provides for the 3rd phase of water main replacments in the Palma Ceia neighborhood. The existing water pipe is deteriorated and undersized to meet current demand.,Water,2021,2022,PIPES,No,2021-08-24,2024-09-30,,,P5: Closeout,Closeout,5377251.80,,21-C-00024,,,Palma Ceia,4,,,https://apps.tampagov.net/Directory_Lister/FileHandler.ashx?file=GIS%2f1001842.pdf,2022-02-26T21:04:29+00:00,https://arcgis.tampagov.net/arcgis/rest/services/CapitalProjects/CapitalProjectsBudgetBook/FeatureServer/0,2026-08-28T04:55:51+00:00,"{""type"":""Point"",""coordinates"":[-82.49351231805323,27.92558981963515]}"
bbp-057acf210b929939,1000719,,,Fleet Maintenance Facility Compressed Natural Gas (CNG) Retrofit,"This project provides for modification and retrofit of the Fleet Maintenance Facility to accommodate Compressed Natural Gas (CNG) refuse vehicles. Modifications include replacing heating systems, improving ventilation and replacing electrical systems",,Solid Waste & EPM,,2022,,No,,,,,,,,,,,,Carver City Lincoln Gardens,6,,,https://apps.tampagov.net/Directory_Lister/FileHandler.ashx?file=GIS%2f1000719.pdf,2022-02-26T21:04:29+00:00,https://arcgis.tampagov.net/arcgis/rest/services/CapitalProjects/CapitalProjectsBudgetBook/FeatureServer/0,2026-08-28T04:55:51+00:00,"{""type"":""Point"",""coordinates"":[-82.51216681366891,27.957377003296383]}"
bbp-2b972b2d6dc39607,1000498,,,"Cass Street/North A Street CIAC, Phase 4","This project provides for 5,900 linear feet of additional water transmission main between North Boulevard and Cass Street to Howard Avenue and North A Street.",,Water,,2022,,No,,,,,,,,,,,,West Riverfront Neighborhood Crimewatch Association,5,West Tampa,,https://apps.tampagov.net/Directory_Lister/FileHandler.ashx?file=GIS%2f1000498.pdf,2022-02-26T21:04:29+00:00,https://arcgis.tampagov.net/arcgis/rest/services/CapitalProjects/CapitalProjectsBudgetBook/FeatureServer/0,2026-08-28T04:55:51+00:00,"{""type"":""Point"",""coordinates"":[-82.46850336446732,27.950001189035937]}"
bbp-f5c655f26e71fa10,1001400,,,Solid Waste Relocation Plan,This project provides for the permanent relocation of all Solid Waste business units to the McKay Bay Complex leading to the future design and construction of new administrative and operations buildings plus vehicle and equipment parking.,,Solid Waste & EPM,,2022,,No,2025-02-11,2026-10-23,,,P4: Construction,Construction in Progress,106799549,,21-C-00045,,"R7.3-Permit submission(s) review and approval (10)""",Palmetto Beach,5,,,https://apps.tampagov.net/Directory_Lister/FileHandler.ashx?file=GIS%2f1001400.pdf,2022-02-26T21:04:29+00:00,https://arcgis.tampagov.net/arcgis/rest/services/CapitalProjects/CapitalProjectsBudgetBook/FeatureServer/0,2026-08-28T04:55:51+00:00,"{""type"":""Point"",""coordinates"":[-82.42176334245886,27.947679469285237]}"
bbp-08b7c831d9862530,1002058,,,Ridgewood Collection System CIPP Lining,This project provides for the rehabilitation of structurally deficient gravity sewers and manholes that are in danger of collapsing or are causing excessive infiltration from leaking joints and cracks.,"The collection system rehabilitation project will restore aging sewer pipes and manholes to restore their service life. Project impacts will be minimal compared to a collection system “open cut” replacement project since the rehabilitation methods are trenchless. The collection system rehabilitation will reduce pipeline failures and blockages that cause wastewater overflows that impact public health, safety, and the environment. Additional project benefits include reduction in leaks that allow ground water and stormwater runoff to enter the collection system and cause wastewater overflows, reduction in energy needed to treat and convey the additional wastewater flow caused by leaking pipelines/manholes and reduction in pipeline failures that cause roadway depressions and cave ins.",Wastewater,,2022,,No,,,,,P5: Closeout,Closeout,,,,WW1002058,,Ridgewood Park,5,,,https://apps.tampagov.net/Directory_Lister/FileHandler.ashx?file=GIS%2f1002058.pdf,2022-08-16T15:11:53+00:00,https://arcgis.tampagov.net/arcgis/rest/services/CapitalProjects/CapitalProjectsBudgetBook/FeatureServer/0,2026-08-28T04:55:51+00:00,"{""type"":""Point"",""coordinates"":[-82.46989731745018,27.96508045073553]}"
bbp-434ad3cceb8c6989,1002445,tpa-287723afdc6d7a,mp-6830ae56975ff4bc,Twiggs St (Ashley Dr to Nebraska Ave),Lane repurposing to improve Ped/Bicycle facilities and incorporate aspects of Tampa MOVES plan.,Complete Street,Transportation,2027,2022,Multiple Funding,Yes,2026-10-01,2028-05-31,,,P2: Design,30% Design Completion,6300000,,24-D-00003,TRANS20091,,Downtown River Arts,5,Downtown Non Core,https://www.tampa.gov/project/trans20091,https://apps.tampagov.net/Directory_Lister/FileHandler.ashx?file=GIS%2f1002445.pdf,2022-07-06T12:17:49+00:00,https://arcgis.tampagov.net/arcgis/rest/services/CapitalProjects/CapitalProjectsBudgetBook/FeatureServer/0,2026-08-28T04:55:51+00:00,"{""type"":""Point"",""coordinates"":[-82.45988466454584,27.94881400872474]}"
bbp-9da569894874ded3,1001134,,,Morgan and Whiting Signal Upgrade,This project provides for replacement and upgrade of the traffic signal at the intersection of Morgan Street and Whiting Street. ADA facilities will be upgraded.,To bring Traffic Signal Pole and Mast Arms to current wind load requirements 150 MPH.,Transportation,2019,2022,Local Option Gas Tax,Yes,2020-11-11,2021-07-09,,,P5: Closeout,Closeout,370000,,,TRANS10019,,Tampa Downtown Partnership,5,Downtown Core,,https://apps.tampagov.net/Directory_Lister/FileHandler.ashx?file=GIS%2f1001134.pdf,2022-09-22T11:36:16+00:00,https://arcgis.tampagov.net/arcgis/rest/services/CapitalProjects/CapitalProjectsBudgetBook/FeatureServer/0,2026-08-28T04:55:51+00:00,"{""type"":""Point"",""coordinates"":[-82.45441241085352,27.946327252621984]}"
bbp-2d140902996b33a7,1001546,,,Ridgewood Park Neighborhood Resurfacing and Traffic Calming,"This project provides for street resurfacing, upgrades to pedestrian curb ramps, and construction of traffic-calming improvements within the neighborhood.",Neighborhood Improvements- Resurfacing,Transportation,2021,2022,Local Option Gas Tax,No,,,,,P5: Closeout,Closeout,,,,,,Ridgewood Park,5,,https://www.tampa.gov/mobility/transportation/projects/ridgewood-park-resurfacing,https://apps.tampagov.net/Directory_Lister/FileHandler.ashx?file=GIS%2f1001546.pdf,2022-02-26T21:04:29+00:00,https://arcgis.tampagov.net/arcgis/rest/services/CapitalProjects/CapitalProjectsBudgetBook/FeatureServer/0,2026-08-28T04:55:51+00:00,"{""type"":""Point"",""coordinates"":[-82.47129276065473,27.965038867540663]}"
bbp-ff27b5cf0b20c126,1002141,,,Transportation Wash Rack,This project provides for a Closed-Loop Wash Rack that has a Solids Management System (SMS) for wash water recycling to clean Transportation equipment in such a way that eliminates all environmental impacts to the community and environment.,,Transportation,,2022,,No,,,,,,,,,,,,Jackson Heights,5,East Tampa,,https://apps.tampagov.net/Directory_Lister/FileHandler.ashx?file=GIS%2f1002141.pdf,2022-02-26T21:04:29+00:00,https://arcgis.tampagov.net/arcgis/rest/services/CapitalProjects/CapitalProjectsBudgetBook/FeatureServer/0,2026-08-28T04:55:51+00:00,"{""type"":""Point"",""coordinates"":[-82.41738945809882,27.977478289526093]}"
bbp-2bdad5f35750459a,1002143,,,TSS Facility Improvements,"This project provides for several facility improvements including improved street lighting, perimeter fence upgrades, and camera systems.",,Transportation,,2022,,No,,,,,,,,,,,,Jackson Heights,5,East Tampa,,https://apps.tampagov.net/Directory_Lister/FileHandler.ashx?file=GIS%2f1002143.pdf,2022-02-26T21:04:29+00:00,https://arcgis.tampagov.net/arcgis/rest/services/CapitalProjects/CapitalProjectsBudgetBook/FeatureServer/0,2026-08-28T04:55:51+00:00,"{""type"":""Point"",""coordinates"":[-82.41586596244889,27.97451494887263]}"
bbp-83851d5ef78e592d,1001545,,,Himes Avenue Resurfacing and Complete Streets Improvements,This project provides for resurfacing and buffered bicycle lanes for Himes Avenue from north of Wallcraft Avenue to Euclid Avenue.,,Transportation,,2022,,No,,,,,,,,,,,,Bayshore Beautiful,4,,,https://apps.tampagov.net/Directory_Lister/FileHandler.ashx?file=GIS%2f1001545.pdf,2022-02-26T21:04:29+00:00,https://arcgis.tampagov.net/arcgis/rest/services/CapitalProjects/CapitalProjectsBudgetBook/FeatureServer/0,2026-08-28T04:55:51+00:00,"{""type"":""Point"",""coordinates"":[-82.50199940210582,27.906151521232758]}"
bbp-e61e75fbdd8ec5fc,1002158,,,Ignacio Haya Park PH II,"This project provides for professional services to restore the natural bank slopes, stormwater ditch and associated wetland vegatation at Ignacio Haya Park.",The shoreline along the Hillsborough River requires stabilization to prevent further erosion.,Parks & Recreation,2022,2022,Community Investment Taxes,Yes,2022-06-01,2023-01-05,,,P5: Closeout,Closeout,150000,,,PR-22027,,South Seminole Heights,6,,,https://apps.tampagov.net/Directory_Lister/FileHandler.ashx?file=GIS%2f1002158.pdf,2022-08-31T14:26:51+00:00,https://arcgis.tampagov.net/arcgis/rest/services/CapitalProjects/CapitalProjectsBudgetBook/FeatureServer/0,2026-08-28T04:55:51+00:00,"{""type"":""Point"",""coordinates"":[-82.46551874111533,27.99258924115575]}"
bbp-f913edfba2164f90,1001235,,,Williams Park Improvements,"This project provides for the expansion of the Williams Park activity center. Funding includes costs for design, construction, furniture, fixtures and equipment.",,Parks & Recreation,,2022,,No,,,,,,,,,,,,Eastern Heights,5,East Tampa,,https://apps.tampagov.net/Directory_Lister/FileHandler.ashx?file=GIS%2f1001235.pdf,2022-02-26T21:04:29+00:00,https://arcgis.tampagov.net/arcgis/rest/services/CapitalProjects/CapitalProjectsBudgetBook/FeatureServer/0,2026-08-28T04:55:51+00:00,"{""type"":""Point"",""coordinates"":[-82.40865532597012,27.989552771392447]}"
bbp-5633f3c901e70488,1001234,,,New Tampa Community Park Center Improvements,"This project provides for expansion of the New Tampa Community Park Center for gymnastic space. Funding includes costs for design, construction, furniture, fixtures and equipment.",,Parks & Recreation,,2022,,No,,,,,,,,,,,,Tampa Palms North,7,,,https://apps.tampagov.net/Directory_Lister/FileHandler.ashx?file=GIS%2f1001234.pdf,2022-02-26T21:04:29+00:00,https://arcgis.tampagov.net/arcgis/rest/services/CapitalProjects/CapitalProjectsBudgetBook/FeatureServer/0,2026-08-28T04:55:51+00:00,"{""type"":""Point"",""coordinates"":[-82.38344267316324,28.12960355248444]}"
bbp-80b54865467c4049,1000971,,,Babe Zaharias Golf Course,"This project provides for golf course improvements including the tree program, irrigation system engineering and various clubhouse improvements.",,Parks & Recreation,,2022,,No,,,,,,,,,,,,Forest Hills,7,,,https://apps.tampagov.net/Directory_Lister/FileHandler.ashx?file=GIS%2f1000971.pdf,2022-02-26T21:04:29+00:00,https://arcgis.tampagov.net/arcgis/rest/services/CapitalProjects/CapitalProjectsBudgetBook/FeatureServer/0,2026-08-28T04:55:51+00:00,"{""type"":""Point"",""coordinates"":[-82.47313765941917,28.052439835783957]}"
bbp-cb28154c6ca926a9,1000970,,,Rocky Point Golf Course,"This project provides for golf course improvements including the tree program, driving range enhancements, golf carts and landscaping and accessories.",,Parks & Recreation,,2022,,No,,,,,,,,,,,,Tampa International Airport,6,,,https://apps.tampagov.net/Directory_Lister/FileHandler.ashx?file=GIS%2f1000970.pdf,2022-02-26T21:04:29+00:00,https://arcgis.tampagov.net/arcgis/rest/services/CapitalProjects/CapitalProjectsBudgetBook/FeatureServer/0,2026-08-28T04:55:51+00:00,"{""type"":""Point"",""coordinates"":[-82.55775586260303,27.978107224163043]}"
bbp-d0a7b1d2553eb645,1000969,,,Rogers Park Golf Course,"This project provides for golf course improvements including the tree program, golf carts and a new clubhouse roof.",,Parks & Recreation,,2022,,No,,,,,,,,,,,,Old Seminole Heights,5,,,https://apps.tampagov.net/Directory_Lister/FileHandler.ashx?file=GIS%2f1000969.pdf,2022-02-26T21:04:29+00:00,https://arcgis.tampagov.net/arcgis/rest/services/CapitalProjects/CapitalProjectsBudgetBook/FeatureServer/0,2026-08-28T04:55:51+00:00,"{""type"":""Point"",""coordinates"":[-82.42594889862725,28.020148959657615]}"
bbp-158a8581ad7f9c59,1001618,tpa-d2e578d5a8c434,mp-ae32b0e9efba3deb,"Greenways, Trail & Gateway Sign - New Tampa Nature Park","This project provides for the design of trails, signage, additional play elements and a restroom facility. Implementation of the project will happen in multiple phases as funding becomes available.",Improve and Increase Recreational Opportunities,Parks & Recreation,2025,2022,Community Investment Taxes,No,,,,,P2: Design,90% Design Completion,500000,,22-D-13502,PR-22018,,TPOST 3,7,Not in a CRA,,https://apps.tampagov.net/Directory_Lister/FileHandler.ashx?file=GIS%2f1001618.pdf,2022-08-31T14:23:30+00:00,https://arcgis.tampagov.net/arcgis/rest/services/CapitalProjects/CapitalProjectsBudgetBook/FeatureServer/0,2026-08-28T04:55:51+00:00,"{""type"":""Point"",""coordinates"":[-82.36877537462362,28.112868125795703]}"
bbp-1601fa53faa5b4be,1001739,,,Al Barnes Park Cultural Enrichment Center,This project provides for construction of a recreation center.,,Parks & Recreation,,2022,,No,,,,,,,,,,,,Jackson Heights,5,East Tampa,,https://apps.tampagov.net/Directory_Lister/FileHandler.ashx?file=GIS%2f1001739.pdf,2022-02-26T21:04:29+00:00,https://arcgis.tampagov.net/arcgis/rest/services/CapitalProjects/CapitalProjectsBudgetBook/FeatureServer/0,2026-08-28T04:55:51+00:00,"{""type"":""Point"",""coordinates"":[-82.42516321626908,27.969265684144872]}"
bbp-1de780148e4f81f8,1001598,,,West Green Street Parking Lot Improvements (JBL),"This project provides for upgrades to existing property to provide parking. Work to include site grading, bollards, wheel stops, concrete for ADA parking and sidewalks, and signage.",,Parks & Recreation,,2022,,No,,,,,,,,,,,,Tampa Heights,5,West Tampa,,https://apps.tampagov.net/Directory_Lister/FileHandler.ashx?file=GIS%2f1001598.pdf,2022-02-26T21:04:29+00:00,https://arcgis.tampagov.net/arcgis/rest/services/CapitalProjects/CapitalProjectsBudgetBook/FeatureServer/0,2026-08-28T04:55:51+00:00,"{""type"":""Point"",""coordinates"":[-82.46600540266911,27.95641555871107]}"
bbp-cb4f518927332a72,1001938,,,New Tampa Inclusive Playground,Installation of new inclusive playground with shade structures at New Tampa Community Park.,Add new accessible facility to the North Tampa area.,Parks & Recreation,2022,2022,American Rescue Plan Act,Yes,2022-07-11,2022-12-22,,,P5: Closeout,Closeout,1673000,,21C06,P&R19001,C3.1-Financial Closeout,Tampa Palms North,7,,,https://apps.tampagov.net/Directory_Lister/FileHandler.ashx?file=GIS%2f1001938.pdf,2022-10-04T12:23:11+00:00,https://arcgis.tampagov.net/arcgis/rest/services/CapitalProjects/CapitalProjectsBudgetBook/FeatureServer/0,2026-08-28T04:55:51+00:00,"{""type"":""Point"",""coordinates"":[-82.39017381785158,28.132179919129992]}"
bbp-ea137a13ad733f2a,1001937,tpa-8401b9481d33dc,mp-78db75e110922b51,East Tampa Recreational Complex,"This project provides for the design, acquisition, and construction of a 10 acre park complete with a renovated and expanded Community Center with a new Senior Center.",Improve and Increase Recreational Opportunities,Parks & Recreation,2024,2022,Multiple Funding,Yes,2024-04-15,2026-05-13,,,P4: Construction,Construction in Progress,34686537,,22-C-00028,PR-22022,C2.1-Construction,The Legacy of Fair Oaks,5,East Tampa,https://www.tampa.gov/project/pr-22022,https://apps.tampagov.net/Directory_Lister/FileHandler.ashx?file=GIS%2f1001937.pdf,2022-08-31T13:54:46+00:00,https://arcgis.tampagov.net/arcgis/rest/services/CapitalProjects/CapitalProjectsBudgetBook/FeatureServer/0,2026-08-28T04:55:51+00:00,"{""type"":""Point"",""coordinates"":[-82.42145976714744,27.991896451686156]}"
bbp-9b8415e7eda74559,1001132,,,Lowry Park Dock Improvements,"This project provides for the construction of the Lowry Park Dock Improvements to include preparation of permit and construction documents, permitting, construction support services and construction.",,Parks & Recreation,,2022,,No,,,,,,,,,,,,Lowry Park Central,6,,,https://apps.tampagov.net/Directory_Lister/FileHandler.ashx?file=GIS%2f1001132.pdf,2022-02-26T21:04:29+00:00,https://arcgis.tampagov.net/arcgis/rest/services/CapitalProjects/CapitalProjectsBudgetBook/FeatureServer/0,2026-08-28T04:55:51+00:00,"{""type"":""Point"",""coordinates"":[-82.46485019024293,28.01279735336044]}"
bbp-3ea026a276e36f0a,1001936,tpa-6ee9a2e188bdf2,mp-5b3236551618ebf4,Rivercrest Park Boardwalk Renovation,"This project provides for the replacement of the seawall, boardwalk and docks at Rivercrest Park. Replacement of new structural system, and a new dock system.",This project will replace the boardwalk and docks to allow use of the waterfront amenity. The seawall is failing and the shoreline will be stabilized to protect the community's investment.,Parks & Recreation,2025,2022,Community Investment Taxes,Yes,,,,,P2: Design,Permitting/Submittals Approval,1100000,,22-C-00010,PR-22021,,South Seminole Heights,6,,,https://apps.tampagov.net/Directory_Lister/FileHandler.ashx?file=GIS%2f1001936.pdf,2022-08-31T15:02:03+00:00,https://arcgis.tampagov.net/arcgis/rest/services/CapitalProjects/CapitalProjectsBudgetBook/FeatureServer/0,2026-08-28T04:55:51+00:00,"{""type"":""Point"",""coordinates"":[-82.46871073133774,27.9885897040571]}"
bbp-4e0a53024989def3,1001355,,,Sandra Freedman Tennis Club - HVAC Replacement,"This project provides for all labor, materials, and equipment to replace the existing HVAC split system with a new system. Includes new lines, return and supply duct, replacing diffusers, and duct cleaning service.",,Parks & Recreation,,2022,,No,,,,,,,,,,,,Davis Islands,4,,,https://apps.tampagov.net/Directory_Lister/FileHandler.ashx?file=GIS%2f1001355.pdf,2022-02-26T21:04:29+00:00,https://arcgis.tampagov.net/arcgis/rest/services/CapitalProjects/CapitalProjectsBudgetBook/FeatureServer/0,2026-08-28T04:55:51+00:00,"{""type"":""Point"",""coordinates"":[-82.45550139917923,27.933639107160825]}"
bbp-fe182660b04395b4,1001418,,,Sulphur Springs Pool Deck Replacement,"This project provides for demolition and replacement of the pool deck and gutter system, and other ancillary work as deemed necessary.",The pool deck has settled and need replacing.,Parks & Recreation,,2022,Community Investment Taxes,No,,,,,,,,,,P&R21013,,Sulphur Springs,6,,,https://apps.tampagov.net/Directory_Lister/FileHandler.ashx?file=GIS%2f1001418.pdf,2022-06-14T19:27:00+00:00,https://arcgis.tampagov.net/arcgis/rest/services/CapitalProjects/CapitalProjectsBudgetBook/FeatureServer/0,2026-08-28T04:55:51+00:00,"{""type"":""Point"",""coordinates"":[-82.45212853245073,28.021016786690865]}"
bbp-0adcaaf038fa8eeb,1001417,,,Freedom Park Build Out At MacFarlane Park,,,Parks & Recreation,2022,2022,,Yes,,,,,P5: Closeout,Closeout,,,,,,Macfarlane Park,6,,,https://apps.tampagov.net/Directory_Lister/FileHandler.ashx?file=GIS%2f1001417.pdf,2022-08-29T12:23:19+00:00,https://arcgis.tampagov.net/arcgis/rest/services/CapitalProjects/CapitalProjectsBudgetBook/FeatureServer/0,2026-08-28T04:55:51+00:00,"{""type"":""Point"",""coordinates"":[-82.49335155917039,27.958609665918676]}"
bbp-b812f456f92a0a59,1001131,,,Davis Islands Seaplane Basin Park Dock Improvements,"This project provides for the Engineering Services for Davis Islands Seaplane Basin Park Dock Improvements to include preparation of permit and construction documents, permitting, and construction support services.",,Parks & Recreation,2019,2022,,No,,,,,P5: Closeout,Closeout,,,,,,Davis Islands Civic Association,4,,,https://apps.tampagov.net/Directory_Lister/FileHandler.ashx?file=GIS%2f1001131.pdf,2022-03-25T16:10:49+00:00,https://arcgis.tampagov.net/arcgis/rest/services/CapitalProjects/CapitalProjectsBudgetBook/FeatureServer/0,2026-08-28T04:55:51+00:00,"{""type"":""Point"",""coordinates"":[-82.445736169294,27.91088179351337]}"
bbp-4a237960f59e70ee,1000786,,,Forest Hills Park Renovation Improvements,"This project consists of stormwater and recreation improvements to the park site. The existing drainage ditch will be converted to a larger basin with safer slopes and increased capacity. The basin will be a usable lawn when dry. Material excavated to create the basin will be used to construct a multipurpose field (football, soccer, lacrosse, etc). Sport courts will be rebuilt at higher elevations to reduce flooding (basketball, tennis, pickleball, racquetball). The project also includes a 0.6 mile paved fitness trail with 7 ADA accessible exercise stations.","The existing stormwater system requires safety and operational improvements that will benefit the park site and surrounding community. Existing recreation facilities are periodically inundated by seasonal rainfall, which reduces the availability and durability of the facilities.",Parks & Recreation,2023,2022,Multiple Funding,Yes,2022-10-01,2024-03-30,,,P5: Closeout,Closeout,4312221,,19C20,PR-20003,CW3.3-WOA Closed & Complete,East Forest Hills,7,,,https://apps.tampagov.net/Directory_Lister/FileHandler.ashx?file=GIS%2f1000786.pdf,2022-09-20T15:39:11+00:00,https://arcgis.tampagov.net/arcgis/rest/services/CapitalProjects/CapitalProjectsBudgetBook/FeatureServer/0,2026-08-28T04:55:51+00:00,"{""type"":""Point"",""coordinates"":[-82.46419457007629,28.04627390287001]}"
bbp-4078d431257e502e,1000147,,,Wayne C. Papy Recreation Center Renovations,This project provides for updated restrooms to ADA standards. This will add additional lobby and waiting room spaces for the gymnastic and dance programs.,,Parks & Recreation,,2022,,No,,,,,,,,,,,,Old Seminole Heights,6,,,https://apps.tampagov.net/Directory_Lister/FileHandler.ashx?file=GIS%2f1000147.pdf,2022-02-26T21:04:29+00:00,https://arcgis.tampagov.net/arcgis/rest/services/CapitalProjects/CapitalProjectsBudgetBook/FeatureServer/0,2026-08-28T04:55:51+00:00,"{""type"":""Point"",""coordinates"":[-82.45915180139815,28.011716778838025]}"
bbp-6749408ab4fee68b,1001354,,,Marjorie Park Yacht Basin - LED Pole Lighting Upgrade,This project provides for the complete replacement of the existing pole lighting located in the parking lot area and along the pedestrian walkway. Includes new aluminum poles and LED light fixtures.,,Parks & Recreation,,2022,,No,,,,,,,,,,,,Davis Islands,4,,,https://apps.tampagov.net/Directory_Lister/FileHandler.ashx?file=GIS%2f1001354.pdf,2022-02-26T21:04:29+00:00,https://arcgis.tampagov.net/arcgis/rest/services/CapitalProjects/CapitalProjectsBudgetBook/FeatureServer/0,2026-08-28T04:55:51+00:00,"{""type"":""Point"",""coordinates"":[-82.45385786873769,27.930835105857682]}"
bbp-a6fde54d645d8a02,1001685,,,Tampa Fire Station No.1 Wind Mitigation,"This project provides for hardening the building and installation of hurricane shutters, storm-rated overhead and roll down doors, storm screens, and impact windows and doors.",,Facility Management,,2022,,No,,,,,,,,,,,,Tampa Downtown Partnership,5,Downtown Core,,https://apps.tampagov.net/Directory_Lister/FileHandler.ashx?file=GIS%2f1001685.pdf,2022-02-26T21:04:29+00:00,https://arcgis.tampagov.net/arcgis/rest/services/CapitalProjects/CapitalProjectsBudgetBook/FeatureServer/0,2026-08-28T04:55:51+00:00,"{""type"":""Point"",""coordinates"":[-82.45433805633195,27.951832680704765]}"
bbp-92c53e30268af7bd,1001681,,,Tampa Police District 1 Wind Mitigation,"This project provides for hardening the building and installation of hurricane shutters, storm-rated overhead and roll down doors, storm screens, and impact windows and doors.",,Facility Management,,2022,,No,,,,,,,,,,,,Tampa International Airport,6,,,https://apps.tampagov.net/Directory_Lister/FileHandler.ashx?file=GIS%2f1001681.pdf,2022-02-26T21:04:29+00:00,https://arcgis.tampagov.net/arcgis/rest/services/CapitalProjects/CapitalProjectsBudgetBook/FeatureServer/0,2026-08-28T04:55:51+00:00,"{""type"":""Point"",""coordinates"":[-82.50747372889141,27.97321929537379]}"
bbp-c7dab17c266ad09f,1001683,,,Tampa Police District 3 Wind Mitigation,"This project provides for hardening the building and installation of hurricane shutters, storm-rated overhead and roll down doors, storm screens, and impact windows and doors.",,Facility Management,,2022,,No,,,,,,,,,,,,College Hill-Belmont Heights,5,East Tampa,,https://apps.tampagov.net/Directory_Lister/FileHandler.ashx?file=GIS%2f1001683.pdf,2022-02-26T21:04:29+00:00,https://arcgis.tampagov.net/arcgis/rest/services/CapitalProjects/CapitalProjectsBudgetBook/FeatureServer/0,2026-08-28T04:55:51+00:00,"{""type"":""Point"",""coordinates"":[-82.43530075863937,27.979178317364866]}"
bbp-76f52d29b2e99fb9,1001548,,,Southeast Seminole Heights Neighborhood Resurfacing,This project provides for street resurfacing within the Southeast Seminole Heights Neighborhood.,Neighborhood Improvements- Resurfacing,Transportation,2021,2022,Other Agencies,Yes,,,,,P5: Closeout,Closeout,,,,TRANS20065,,Southeast Seminole Heights,5,East Tampa,,https://apps.tampagov.net/Directory_Lister/FileHandler.ashx?file=GIS%2f1001548.pdf,2022-02-26T21:04:29+00:00,https://arcgis.tampagov.net/arcgis/rest/services/CapitalProjects/CapitalProjectsBudgetBook/FeatureServer/0,2026-08-28T04:55:51+00:00,"{""type"":""Point"",""coordinates"":[-82.44702936420988,27.994271188903046]}"
bbp-0241b18c8cdea428,1001830,,,North 26th Street and East Dr. Martin Luther King Jr. Boulevard Traffic Signal,"This project provides for the installation of a new mast arm traffic signal at the intersection of N. 26th Street and E. Dr. Martin Luther King Jr. Boulevard. Additionally, ADA accomodations will be upgraded as necessary.",,Transportation,,2022,,No,2021-06-10,2021-11-01,,,P5: Closeout,Closeout,,,,,,East Tampa 1,5,East Tampa,,https://apps.tampagov.net/Directory_Lister/FileHandler.ashx?file=GIS%2f1001830.pdf,2022-02-26T21:04:29+00:00,https://arcgis.tampagov.net/arcgis/rest/services/CapitalProjects/CapitalProjectsBudgetBook/FeatureServer/0,2026-08-28T04:55:51+00:00,"{""type"":""Point"",""coordinates"":[-82.4307143726615,27.981504350546146]}"
bbp-3cb358a6d9a489a4,1001538,,,"Gandy/Sun Bay South Neighborhood Resurfacing, Phase I",This project provides for street resurfacing and upgrades to pedestrian curb ramps within the Sun Bay South Neighborhood.,,Transportation,,2022,,No,,,,,,,,,,,,Gandy / Sun Bay South,4,,,https://apps.tampagov.net/Directory_Lister/FileHandler.ashx?file=GIS%2f1001538.pdf,2022-02-26T21:04:29+00:00,https://arcgis.tampagov.net/arcgis/rest/services/CapitalProjects/CapitalProjectsBudgetBook/FeatureServer/0,2026-08-28T04:55:51+00:00,"{""type"":""Point"",""coordinates"":[-82.51242872866567,27.88383681908627]}"
bbp-8bdce671dbdcbb57,1002142,,,Lake Avenue Building Renovations,This project provides for the renovation and outfitting of a city-owned building at 3707 E. Lake Ave. This building was purchased to add indoor and outdoor storage and staging space for transportation and stormwater work materials.,,Transportation,,2022,,No,,,,,,,,,,,,Jackson Heights,5,East Tampa,,https://apps.tampagov.net/Directory_Lister/FileHandler.ashx?file=GIS%2f1002142.pdf,2022-02-26T21:04:29+00:00,https://arcgis.tampagov.net/arcgis/rest/services/CapitalProjects/CapitalProjectsBudgetBook/FeatureServer/0,2026-08-28T04:55:51+00:00,"{""type"":""Point"",""coordinates"":[-82.41736531800338,27.977520926804814]}"
bbp-6901ac0a13fb141a,1001366,,,TSS Work Order Managment System,This project provides for the replacement of the work managment system to upgrade existing access-based program developed by in-house T&I personnel. New system will be used by department.,,Transportation,,2022,,No,,,,,,,,,,,,Jackson Heights,5,East Tampa,,https://apps.tampagov.net/Directory_Lister/FileHandler.ashx?file=GIS%2f1001366.pdf,2022-02-26T21:04:29+00:00,https://arcgis.tampagov.net/arcgis/rest/services/CapitalProjects/CapitalProjectsBudgetBook/FeatureServer/0,2026-08-28T04:55:51+00:00,"{""type"":""Point"",""coordinates"":[-82.41604415431922,27.974314479870998]}"
bbp-ef95343a3cdead49,1001530,,,30th Street (Yukon St to Fowler Ave),"This project provides for complete street roadway improvements to enhance safety and multimodal connectivity, including roundabouts, sidewalks and trails, bicycle facilities, enhanced crosswalks, and other safety measures. Landscaping and green infrastructure components are also included.",Complete Streets & Safety Improvements,Transportation,2027,2022,Local Option Gas Tax,No,,,,,P5: Closeout,Cancelled,5700000,,,TRANS20004,,Terrace Park,7,,https://www.tampa.gov/project/trans20004,https://apps.tampagov.net/Directory_Lister/FileHandler.ashx?file=GIS%2f1001530.pdf,2022-02-26T21:04:29+00:00,https://arcgis.tampagov.net/arcgis/rest/services/CapitalProjects/CapitalProjectsBudgetBook/FeatureServer/0,2026-08-28T04:55:51+00:00,"{""type"":""Point"",""coordinates"":[-82.42605981868697,28.04372651796576]}"
bbp-2ea7c449c1a17e3d,1001225,,,Himes Avenue From West Kennedy Boulevard to West Columbus Drive,"This project provides for the replacement of the two-way left turn lane, with raised traffic separators and median islands and dedicated bike lanes from Kennedy Boulevard to Columbus Drive from Himes Avenue to Lincoln Avenue.",,Transportation,,2022,,No,,,,,,,,,,,,Macfarlane Park,6,,,https://apps.tampagov.net/Directory_Lister/FileHandler.ashx?file=GIS%2f1001225.pdf,2022-02-26T21:04:29+00:00,https://arcgis.tampagov.net/arcgis/rest/services/CapitalProjects/CapitalProjectsBudgetBook/FeatureServer/0,2026-08-28T04:55:51+00:00,"{""type"":""Point"",""coordinates"":[-82.50157978446074,27.956315404155458]}"
bbp-944dd891eb5aa990,1001539,,,Hampton Terrace Neighborhood Resurfacing and Traffic Calming,"This project provides for street resurfacing, upgrades to pedestrian curb ramps, and construction of other traffic-calming improvements within the northern half of the Hampton Terrace Neighborhood.",,Transportation,,2022,,No,,,,,,,,,,,,Hampton Terrace,5,,,https://apps.tampagov.net/Directory_Lister/FileHandler.ashx?file=GIS%2f1001539.pdf,2022-02-26T21:04:29+00:00,https://arcgis.tampagov.net/arcgis/rest/services/CapitalProjects/CapitalProjectsBudgetBook/FeatureServer/0,2026-08-28T04:55:51+00:00,"{""type"":""Point"",""coordinates"":[-82.4470168831095,28.00166570751963]}"
bbp-6ac64fe0cab98236,1001615,,,Forest Hills Park Recreational Trail Improvements,"This project provides for the development of the Forest Hills Park Recreational Trail.This will include additional 2700 LF of 8' wide trail, including a bridge over an existing swale and seven (7) ADA exercise stations.","This project provides for the development of the Forest Hills Park Recreational Trail.This will include additional 2700 LF of 8' wide trail, including a bridge over an existing swale and seven (7) ADA exercise stations.",Parks & Recreation,2023,2022,Community Investment Taxes,No,,,,,P5: Closeout,Closeout,,,,,,East Forest Hills,7,,,https://apps.tampagov.net/Directory_Lister/FileHandler.ashx?file=GIS%2f1001615.pdf,2022-08-02T12:06:08+00:00,https://arcgis.tampagov.net/arcgis/rest/services/CapitalProjects/CapitalProjectsBudgetBook/FeatureServer/0,2026-08-28T04:55:51+00:00,"{""type"":""Point"",""coordinates"":[-82.46414897329186,28.047135572062164]}"
bbp-56d7cdcc18eeaee5,1002120,,,Public Safety Administration Building,This project provides for the construction of a new Public Safety Administration building and parking garage.,,Facility Management,,2022,,No,,,,,,,,,,,,East Seminole Heights,5,,,https://apps.tampagov.net/Directory_Lister/FileHandler.ashx?file=GIS%2f1002120.pdf,2022-02-26T21:04:29+00:00,https://arcgis.tampagov.net/arcgis/rest/services/CapitalProjects/CapitalProjectsBudgetBook/FeatureServer/0,2026-08-28T04:55:51+00:00,"{""type"":""Point"",""coordinates"":[-82.42814335200818,28.00198883056539]}"
bbp-98e15cd92be16fd3,1001212,,,Tampa Police Department Headquarters Improvements,"This project provides for improvements at the Tampa Police Department Headquarters to include upgrade of major system components such as exterior metal panels, windows, HVAC, and plumbing upgrades as well as interior renovations.",,Facility Management,,2022,,No,,,,,,,,,,,,Downtown River Arts,5,Downtown Non Core,,https://apps.tampagov.net/Directory_Lister/FileHandler.ashx?file=GIS%2f1001212.pdf,2022-02-26T21:04:29+00:00,https://arcgis.tampagov.net/arcgis/rest/services/CapitalProjects/CapitalProjectsBudgetBook/FeatureServer/0,2026-08-28T04:55:51+00:00,"{""type"":""Point"",""coordinates"":[-82.45768081716362,27.94808220540175]}"
bbp-d6381e79407c75e7,1001519,,,Old City Hall Building Improvements,"This project provides for building improvements to Old City Hall to include modification and/or replacement of the existing mechanical, electrical, and plumbing systems.",,Facility Management,,2022,,No,,,,,,,,,,,,Tampa Downtown Partnership,5,Downtown Non Core,,https://apps.tampagov.net/Directory_Lister/FileHandler.ashx?file=GIS%2f1001519.pdf,2022-02-26T21:04:29+00:00,https://arcgis.tampagov.net/arcgis/rest/services/CapitalProjects/CapitalProjectsBudgetBook/FeatureServer/0,2026-08-28T04:55:51+00:00,"{""type"":""Point"",""coordinates"":[-82.45723734705449,27.94765311093462]}"
bbp-7ae193cfbbe15b72,1001943,,,Electronics Building Renovation,"This project provides for the interior renovation of an existing building that includes the replacement of walls, ceiling, lighting, electrical, mechanical systems and construct a new ADA restroom with shower.",,Facility Management,,2022,,No,,,,,,,,,,,,Ybor Heights Neighborhood Association and Watch Group,5,East Tampa,,https://apps.tampagov.net/Directory_Lister/FileHandler.ashx?file=GIS%2f1001943.pdf,2022-02-26T21:04:29+00:00,https://arcgis.tampagov.net/arcgis/rest/services/CapitalProjects/CapitalProjectsBudgetBook/FeatureServer/0,2026-08-28T04:55:51+00:00,"{""type"":""Point"",""coordinates"":[-82.44684413975602,27.97823592673956]}"
bbp-659bae28b0a711f2,1001969,,,Electronics Building Renovation,"This project provides for the interior renovation of an existing building that includes the replacement of walls, ceiling, lighting, electrical, mechanical systems and construct a new ADA restroom with shower.",,Facility Management,,2022,,No,,,,,,,,,,,,College Hill-Belmont Heights,5,East Tampa,,https://apps.tampagov.net/Directory_Lister/FileHandler.ashx?file=GIS%2f1001969.pdf,2022-02-26T21:04:29+00:00,https://arcgis.tampagov.net/arcgis/rest/services/CapitalProjects/CapitalProjectsBudgetBook/FeatureServer/0,2026-08-28T04:55:51+00:00,"{""type"":""Point"",""coordinates"":[-82.43068944061139,27.978623507474524]}"
bbp-88aed5a7cc7a7d7c,1001684,,,Tampa Fire Station No.14 Wind Mitigation,"This project provides for hardening the building and installation of hurricane shutters, storm-rated overhead and roll down doors, storm screens, and impact windows and doors.",,Facility Management,,2022,,No,,,,,,,,,,,,Palma Ceia West,6,,,https://apps.tampagov.net/Directory_Lister/FileHandler.ashx?file=GIS%2f1001684.pdf,2022-02-26T21:04:29+00:00,https://arcgis.tampagov.net/arcgis/rest/services/CapitalProjects/CapitalProjectsBudgetBook/FeatureServer/0,2026-08-28T04:55:51+00:00,"{""type"":""Point"",""coordinates"":[-82.5082330797401,27.93047620554416]}"
bbp-674a6980cb243272,1001518,tpa-d59bbab0602365,mp-668e03991ca3e9df,CRA-Tampa Union Station Building Improvements,"This project provides for building improvements to Tampa Union Station to include modifications and/or replacement of the existing mechanical, electrical, plumbing systems, exterior and interior improvements.",,Facility Management,2025,2022,,Yes,2025-04-04,2027-02-22,,,P4: Construction,Permitting/Submittals Approval,3341362,,,,,Tampa Downtown Partnership,5,Downtown Core,,https://apps.tampagov.net/Directory_Lister/FileHandler.ashx?file=GIS%2f1001518.pdf,2022-02-26T21:04:29+00:00,https://arcgis.tampagov.net/arcgis/rest/services/CapitalProjects/CapitalProjectsBudgetBook/FeatureServer/0,2026-08-28T04:55:51+00:00,"{""type"":""Point"",""coordinates"":[-82.45062059842559,27.952699694363837]}"
bbp-513086515935c77c,1001681,,,Tampa Police District 2 Wind Mitigation,"This project provides for hardening the building and installation of hurricane shutters, storm-rated overhead and roll down doors, storm screens, and impact windows and doors.",,Facility Management,,2022,,No,,,,,,,,,,,,North Tampa Overlook Area Neighborhood Association,7,,,https://apps.tampagov.net/Directory_Lister/FileHandler.ashx?file=GIS%2f1001681.pdf,2022-02-26T21:04:29+00:00,https://arcgis.tampagov.net/arcgis/rest/services/CapitalProjects/CapitalProjectsBudgetBook/FeatureServer/0,2026-08-28T04:55:51+00:00,"{""type"":""Point"",""coordinates"":[-82.42682068264253,28.03553771831518]}"
bbp-63d4625918c9be2a,1002127,,,Howard Avenue Tampa Police Department Offices,"This project provides for the conversion of an existing warehouse into offices for various Tampa Police Department offices to include upgrading the HVAC, rstrooms, lighting, flooring, and the installation of a breakroom.",,Facility Management,,2022,,No,,,,,,,,,,,,Wellswood,6,,,https://apps.tampagov.net/Directory_Lister/FileHandler.ashx?file=GIS%2f1002127.pdf,2022-02-26T21:04:29+00:00,https://arcgis.tampagov.net/arcgis/rest/services/CapitalProjects/CapitalProjectsBudgetBook/FeatureServer/0,2026-08-28T04:55:51+00:00,"{""type"":""Point"",""coordinates"":[-82.48239068199243,27.992860556833]}"
bbp-d91838383f2cdb0e,1002125,,,Fire Station No 21 Building Upgrades,This project provides for the removal of the ceiling and lighting to apply icing to the underside of the roof deck.,,Facility Management,,2022,,No,,,,,,,,,,,,Hunter's Greene,7,,,https://apps.tampagov.net/Directory_Lister/FileHandler.ashx?file=GIS%2f1002125.pdf,2022-02-26T21:04:29+00:00,https://arcgis.tampagov.net/arcgis/rest/services/CapitalProjects/CapitalProjectsBudgetBook/FeatureServer/0,2026-08-28T04:55:51+00:00,"{""type"":""Point"",""coordinates"":[-82.3477724199488,28.141667328376588]}"
bbp-30d0f958e38759d7,1002148,tpa-88a3da2a1a529f;tpa-a230454c33a207;tpa-a6334c218e962f;tpa-bc4fffa94f61da,mp-55e885983673b34c;mp-9a6a43256bf764b7;mp-b87bf1e5cc90f563;mp-f51a4f48c29d0aa3,Fleet Maintenance Decentralization - 40th Street,This project provides for the design and construction of a fleet maintenance facility at 3707 East Lake Avenue.,,Facility Management,,2022,,No,,,,,,,,,,,,Jackson Heights,5,East Tampa,,https://apps.tampagov.net/Directory_Lister/FileHandler.ashx?file=GIS%2f1002148.pdf,2022-02-26T21:04:29+00:00,https://arcgis.tampagov.net/arcgis/rest/services/CapitalProjects/CapitalProjectsBudgetBook/FeatureServer/0,2026-08-28T04:55:51+00:00,"{""type"":""Point"",""coordinates"":[-82.41762536416445,27.97751645127029]}"
bbp-7c8ee7b2e934e399,1002148,tpa-88a3da2a1a529f;tpa-a230454c33a207;tpa-a6334c218e962f;tpa-bc4fffa94f61da,mp-55e885983673b34c;mp-9a6a43256bf764b7;mp-b87bf1e5cc90f563;mp-f51a4f48c29d0aa3,Fleet Maintenance Decentralization - Hanna Ave,This project provides for the design and construction of a fleet maintenance facility at 2515 East Hanna Avenue.,This project provides for the design and construction of a fleet maintenance facility at 2515 East Hanna Avenue.,Facility Management,2021,2022,Tax - Other,No,2022-01-03,2024-07-31,,,P5: Closeout,Final Inspection and Testing,,,15-C-00027,,C2.3-Punchlist,Seminole Heights East,5,,,https://apps.tampagov.net/Directory_Lister/FileHandler.ashx?file=GIS%2f1002148.pdf,2022-02-26T21:04:29+00:00,https://arcgis.tampagov.net/arcgis/rest/services/CapitalProjects/CapitalProjectsBudgetBook/FeatureServer/0,2026-08-28T04:55:51+00:00,"{""type"":""Point"",""coordinates"":[-82.43034670685017,28.002016322610366]}"
bbp-f881625aa59d6670,1002123,,,Police District 3 Roof Replacement,This project provides for the complete roof replacement at the Tampa Police Department District 3 location. The roof has reached its useful life and requires replacement.,,Facility Management,,2022,,No,,,,,,,,,,,,College Hill-Belmont Heights,5,East Tampa,,https://apps.tampagov.net/Directory_Lister/FileHandler.ashx?file=GIS%2f1002123.pdf,2022-02-26T21:04:29+00:00,https://arcgis.tampagov.net/arcgis/rest/services/CapitalProjects/CapitalProjectsBudgetBook/FeatureServer/0,2026-08-28T04:55:51+00:00,"{""type"":""Point"",""coordinates"":[-82.43529588995933,27.97919486492245]}"
bbp-db0e4a91dc4077b9,1002130,,,Police District 3 Exterior Paint and Stucco Repairs,This project provides for Police District 3 exterior stucco paint and repairs.,,Facility Management,,2022,,No,,,,,,,,,,,,College Hill-Belmont Heights,5,East Tampa,,https://apps.tampagov.net/Directory_Lister/FileHandler.ashx?file=GIS%2f1002130.pdf,2022-02-26T21:04:29+00:00,https://arcgis.tampagov.net/arcgis/rest/services/CapitalProjects/CapitalProjectsBudgetBook/FeatureServer/0,2026-08-28T04:55:51+00:00,"{""type"":""Point"",""coordinates"":[-82.43535221566901,27.979190127703735]}"
bbp-3b79b3c0298ad89e,1002124,,,911 Call Center Roof Replacement,This project provides for the complete replacement of the 911 Communication Center roof.,,Facility Management,,2022,,No,,,,,,,,,,,,East Seminole Heights,5,,,https://apps.tampagov.net/Directory_Lister/FileHandler.ashx?file=GIS%2f1002124.pdf,2022-02-26T21:04:29+00:00,https://arcgis.tampagov.net/arcgis/rest/services/CapitalProjects/CapitalProjectsBudgetBook/FeatureServer/0,2026-08-28T04:55:51+00:00,"{""type"":""Point"",""coordinates"":[-82.42827049540274,28.001020676460744]}"
bbp-f755579938378e88,WTR-20-0005.3-W Chelsea St Transmission,tpa-9ca0598cb43d43;tpa-a16226972256e9,mp-6838019dd707edc0;mp-a25fca6d21af598e,FY20 CIP Water Main Improvements Design-Build_W Chelsea St Transmission – GMP 5,"The W Chelsea St Transmission project will improve the City of Tampa’s water distribution system by replacing the existing water mains. It will also improve our ability to serve a growing population. Approximately 7,909 Linear Feet of water mains ranging from 6 to 24 inches in diameter will be replaced and upgraded.","This project will replace the aging water mains in this area with new water mains, improving water pressure and water quality while reducing the number of service interruptions that might have been caused by main breaks or leakage.",Water,2026,,PIPES,Yes,2026-04-30,,,,P4: Construction,Construction in Progress,8053583.41,,20-C-0032,WTR-20-0005.3-W Chelsea St Transmission,,South Seminole Heights,6,,,https://apps.tampagov.net/Directory_Lister/FileHandler.ashx?file=GIS%2fWTR-20-0005.3-W,2022-07-26T13:02:13+00:00,https://arcgis.tampagov.net/arcgis/rest/services/CapitalProjects/CapitalProjectsBudgetBook/FeatureServer/0,2026-08-28T04:55:51+00:00,"{""type"":""Point"",""coordinates"":[-82.459413774944,27.98504657853023]}"
bbp-5c062c7db2ae3b87,1002270,,,Cal Dickson Greenspace Improvements,This project provides a neighborhood playground as requested by the community. This project will be completed in phases as funding is allocated on an annual basis.,This playground will expand recreation opportunities for children and families.,Parks & Recreation,2023,2023,Community Investment Taxes,Yes,2022-07-01,,,,P1: Planning,Planning,270000,,,PR-21018,,Palma Ceia West,6,,,https://apps.tampagov.net/Directory_Lister/FileHandler.ashx?file=GIS%2f1002270.pdf,2022-08-31T13:25:24+00:00,https://arcgis.tampagov.net/arcgis/rest/services/CapitalProjects/CapitalProjectsBudgetBook/FeatureServer/0,2026-08-28T04:55:51+00:00,"{""type"":""Point"",""coordinates"":[-82.51188661915108,27.932568379154134]}"
bbp-0555fe8b7c4b2207,1002178,tpa-d04d7a186f9070,mp-56265785c1518a24,Golf View Estates Flooding Relief,This project provides for the design and construction of a new drainage conveyance system as well as the replacement and upsizing of the existing drainage conveyance system in a highly urbanized residential neighborhood.,Flooding Relief,Stormwater Engineering,2023,2023,Stormwater Improvement Fee,No,,,,,,,,,,,,Golfview,4,,,https://apps.tampagov.net/Directory_Lister/FileHandler.ashx?file=GIS%2f1002178.pdf,2022-07-26T18:21:37+00:00,https://arcgis.tampagov.net/arcgis/rest/services/CapitalProjects/CapitalProjectsBudgetBook/FeatureServer/0,2026-08-28T04:55:51+00:00,"{""type"":""Point"",""coordinates"":[-82.49985341280562,27.932115109609445]}"
bbp-b35952d360cbac15,1002448,,,South Howard Flood Relief and Streetscape,This project provides for the construction of a new high-capacity stormwater box culvert system to reduce flooding throughout the South Howard Avenue corridor and improve water quality discharges to Hillsborough Bay. Significant streetscape improvements will also be implemented. This project will provide a transformational enhancement to the South Howard Avenue commercial corridor.,Flooding Relief,Stormwater Engineering,,2023,,No,,,,,,,,,,,,Parkland Estates,4,,,https://apps.tampagov.net/Directory_Lister/FileHandler.ashx?file=GIS%2f1002448.pdf,2022-07-26T18:22:59+00:00,https://arcgis.tampagov.net/arcgis/rest/services/CapitalProjects/CapitalProjectsBudgetBook/FeatureServer/0,2026-08-28T04:55:51+00:00,"{""type"":""Point"",""coordinates"":[-82.48839501338853,27.93567914168773]}"
bbp-0f06235deb876bac,1002292,,,Floribraska Gravity Sewer CIPP Lining,"This project includes the rehabilitation of approximately 15,447 linear feet of 8-inch to 21-inch diameter gravity sewers and the rehabilitation of 61 manholes.","The collection system rehabilitation project will restore aging sewer pipes and manholes to restore their service life. Project impacts will be minimal compared to a collection system “open cut” replacement project since the rehabilitation methods are trenchless. The collection system rehabilitation will reduce pipeline failures and blockages that cause wastewater overflows that impact public health, safety and the environment. Additional project benefits include reduction in leaks that allow ground water and stormwater runoff to enter the collection system and cause wastewater overflows, reduction in energy needed to treat and convey the additional wastewater flow caused by leaking pipelines/manholes and reduction in pipeline failures that cause roadway depressions and cave ins.",Wastewater,2022,2022,PIPES,Yes,2022-06-01,2024-03-01,,,P5: Closeout,Closeout,830000,,21-C-00037,WW1002292,,Tampa Heights,5,East Tampa,,https://apps.tampagov.net/Directory_Lister/FileHandler.ashx?file=GIS%2f1002292.pdf,2022-08-29T17:37:50+00:00,https://arcgis.tampagov.net/arcgis/rest/services/CapitalProjects/CapitalProjectsBudgetBook/FeatureServer/0,2026-08-28T04:55:51+00:00,"{""type"":""Point"",""coordinates"":[-82.454025991318,27.97085822012647]}"
bbp-cc5a0f6b2959e630,1002388,,,Executive Park Gravity Sewer Replacement,This project provides for the replacement of the gravity sewer upstream of the Executive Park pumping station.,"The gravity main replacement project will replace aging, deteriorated pipelines that have reached the end of their useful life and are susceptible to failure that can cause wastewater overflows that may impact public health, safety, and environment. The new gravity main will reduce leaks that allow groundwater to enter the collections system and lower the energy costs needed to treat and pump the additional groundwater.",Wastewater,2022,2022,PIPES,Yes,2022-08-01,2024-03-01,,,P5: Closeout,Closeout,2500000,,22-C-00005,WW1002388,,Tampa International Airport,6,,,https://apps.tampagov.net/Directory_Lister/FileHandler.ashx?file=GIS%2f1002388.pdf,2022-08-29T17:41:01+00:00,https://arcgis.tampagov.net/arcgis/rest/services/CapitalProjects/CapitalProjectsBudgetBook/FeatureServer/0,2026-08-28T04:55:51+00:00,"{""type"":""Point"",""coordinates"":[-82.53654149223648,27.947526860626628]}"
bbp-5e8ba99a126287b0,1002293,tpa-f05d147a1350ac,mp-afdd63ce998db22d,Gandy Park South and A. J. Palonis Park Improvements,"This project provides for the design and construction of improvements to Lieutenant Colonel A. J. Palonis Park and Gandy Park South to include a connection under the Gandy Bridge, as well as trails, passive recreational areas, parking, and restrooms.",,Parks & Recreation,,2023,,No,,,,,,,,,,,,Bayside West,4,,,https://apps.tampagov.net/Directory_Lister/FileHandler.ashx?file=GIS%2f1002293.pdf,2022-07-28T13:13:20+00:00,https://arcgis.tampagov.net/arcgis/rest/services/CapitalProjects/CapitalProjectsBudgetBook/FeatureServer/0,2026-08-28T04:55:51+00:00,"{""type"":""Point"",""coordinates"":[-82.54013641895075,27.892179766048358]}"
bbp-d7c0bdadd0f778e6,1002405,,,Fire Station No 8 Parking Lot Permeable Block Replacement,"This project provides for the replacement of the asphalt and permeable block parking lot for Fire Station No 8. The station was built in 1982 and the parking lot asphalt and permeable block have deteriorated over the years. There are drainage issues, pot holes in the asphalt and broken permeable blocks causing damage to fire trucks and rescue vehicles.",,Fire,,2023,,No,,,,,,,,,,,,Carver City Lincoln Gardens,6,,,https://apps.tampagov.net/Directory_Lister/FileHandler.ashx?file=GIS%2f1002405.pdf,2022-07-28T13:29:56+00:00,https://arcgis.tampagov.net/arcgis/rest/services/CapitalProjects/CapitalProjectsBudgetBook/FeatureServer/0,2026-08-28T04:55:51+00:00,"{""type"":""Point"",""coordinates"":[-82.51775295528297,27.960724697853625]}"
bbp-77d78194e8d80600,1002409,,,Replacement Windows for Recreation Centers,This project provides for the replacement of windows at multiple recreational centers in the City.,,Parks & Recreation,,2023,,No,,,,,,,,,,,,Westshore Palms,6,,,https://apps.tampagov.net/Directory_Lister/FileHandler.ashx?file=GIS%2f1002409.pdf,2022-07-28T14:05:35+00:00,https://arcgis.tampagov.net/arcgis/rest/services/CapitalProjects/CapitalProjectsBudgetBook/FeatureServer/0,2026-08-28T04:55:51+00:00,"{""type"":""Point"",""coordinates"":[-82.51537539162152,27.94724435410567]}"
bbp-e905decbadc330a4,1002407,,,Sulphur Springs Park Site Improvements,This project provides for improvements to the park site as required by the Florida Communities Trust Management Plan and the approved site Master Plan.,,Parks & Recreation,,2023,,No,,,,,,,,,,,,Sulphur Springs,6,,,https://apps.tampagov.net/Directory_Lister/FileHandler.ashx?file=GIS%2f1002407.pdf,2022-08-29T12:16:59+00:00,https://arcgis.tampagov.net/arcgis/rest/services/CapitalProjects/CapitalProjectsBudgetBook/FeatureServer/0,2026-08-28T04:55:51+00:00,"{""type"":""Point"",""coordinates"":[-82.45768830118772,28.02209497418751]}"
bbp-328075cff25a620c,1002408,,,Wellswood Church,"This project provides for the updating of the building's ceilings, electrical, flooring, completion of the auditorium, etc. to be used for programming needs as a therapeutic hub.",,Parks & Recreation,,2023,,No,,,,,,,,,,,,Wellswood,6,,,https://apps.tampagov.net/Directory_Lister/FileHandler.ashx?file=GIS%2f1002408.pdf,2022-07-28T14:59:22+00:00,https://arcgis.tampagov.net/arcgis/rest/services/CapitalProjects/CapitalProjectsBudgetBook/FeatureServer/0,2026-08-28T04:55:51+00:00,"{""type"":""Point"",""coordinates"":[-82.47593006204788,27.990184351643883]}"
bbp-bab902f5472f482c,1002420,,,TMOB Electrical Upgrades,This project provides for the replacement of the obsolete TMOB main electrical switch board and feeder panel in the penthouse.,,Facility Management,,2023,,No,,,,,,,,,,,,Tampa Downtown Partnership,5,Downtown Non Core,,https://apps.tampagov.net/Directory_Lister/FileHandler.ashx?file=GIS%2f1002420.pdf,2022-07-28T18:02:07+00:00,https://arcgis.tampagov.net/arcgis/rest/services/CapitalProjects/CapitalProjectsBudgetBook/FeatureServer/0,2026-08-28T04:55:51+00:00,"{""type"":""Point"",""coordinates"":[-82.4574894486846,27.947303791414516]}"
bbp-8b5751d428f290fd,1002421,,,Ballast Point Infrastructure Upgrades,"This project provides for the electrical upgrading of poles, lighting and wiring at Ballast Point pier and park.",,Facility Management,,2023,,No,,,,,,,,,,,,Ballast Point,4,,,https://apps.tampagov.net/Directory_Lister/FileHandler.ashx?file=GIS%2f1002421.pdf,2022-07-28T18:06:53+00:00,https://arcgis.tampagov.net/arcgis/rest/services/CapitalProjects/CapitalProjectsBudgetBook/FeatureServer/0,2026-08-28T04:55:51+00:00,"{""type"":""Point"",""coordinates"":[-82.48058794171594,27.889324175584683]}"
bbp-7bd190b3f99d0373,1002414,,,Tampa Theatre Fire Alarm Replacement,This project provides for the replacement of the obsolete fire alarm system at Tampa Theatre.,,Facility Management,,2023,,No,,,,,,,,,,,,Downtown River Arts,5,Downtown Non Core,,https://apps.tampagov.net/Directory_Lister/FileHandler.ashx?file=GIS%2f1002414.pdf,2022-07-28T18:11:12+00:00,https://arcgis.tampagov.net/arcgis/rest/services/CapitalProjects/CapitalProjectsBudgetBook/FeatureServer/0,2026-08-28T04:55:51+00:00,"{""type"":""Point"",""coordinates"":[-82.4589076677094,27.95035324690528]}"
bbp-5d5153f4eecb06e7,1002412,,,Cuscaden Pool Deck Underlayment and Coping,"This project provides for replacement of the underlayment, backer rods, and new coping around the exterior of the pool deck at Cuscaden Pool.",,Facility Management,,2023,,No,,,,,,,,,,,,VM Ybor,5,East Tampa,,https://apps.tampagov.net/Directory_Lister/FileHandler.ashx?file=GIS%2f1002412.pdf,2022-07-28T18:13:51+00:00,https://arcgis.tampagov.net/arcgis/rest/services/CapitalProjects/CapitalProjectsBudgetBook/FeatureServer/0,2026-08-28T04:55:51+00:00,"{""type"":""Point"",""coordinates"":[-82.44366106609722,27.969163443774953]}"
bbp-4d94c0a6120aa5d2,1002404,,,Hyde Park Improvements,"This project provides for installation of a pickleball court and shade structure including paving, court resurfacing, net, and fencing to keep balls in the court.",,Parks & Recreation,,2023,,No,,,,,,,,,,,,Parkland Estates,4,,,https://apps.tampagov.net/Directory_Lister/FileHandler.ashx?file=GIS%2f1002404.pdf,2022-07-28T14:04:22+00:00,https://arcgis.tampagov.net/arcgis/rest/services/CapitalProjects/CapitalProjectsBudgetBook/FeatureServer/0,2026-08-28T04:55:51+00:00,"{""type"":""Point"",""coordinates"":[-82.48077773501113,27.936739603634347]}"
bbp-eca654f1b9ca4883,1002403,,,Pool Blanket & Heater Replacements,This project provides for replacement of existing pool blankets and/or heaters at four of the City's pools.,,Parks & Recreation,,2023,,No,,,,,,,,,,,,Carver City Lincoln Gardens,6,,,https://apps.tampagov.net/Directory_Lister/FileHandler.ashx?file=GIS%2f1002403.pdf,2022-07-28T14:03:29+00:00,https://arcgis.tampagov.net/arcgis/rest/services/CapitalProjects/CapitalProjectsBudgetBook/FeatureServer/0,2026-08-28T04:55:51+00:00,"{""type"":""Point"",""coordinates"":[-82.51512108502898,27.95737000823305]}"
bbp-8fd21a171fc01b9b,1002402,,,Softball Dugout Renovations,This project provides for the demolition of the current youth sized dugouts and installing standard size dugouts at the New Tampa Sports Complex.,,Parks & Recreation,,2023,,No,,,,,,,,,,,,Tampa Palms North,7,,,https://apps.tampagov.net/Directory_Lister/FileHandler.ashx?file=GIS%2f1002402.pdf,2022-07-28T14:12:03+00:00,https://arcgis.tampagov.net/arcgis/rest/services/CapitalProjects/CapitalProjectsBudgetBook/FeatureServer/0,2026-08-28T04:55:51+00:00,"{""type"":""Point"",""coordinates"":[-82.38344571292443,28.129544420956396]}"
bbp-ad01cd79c52d6692,1002359,,,North B St/Himes Ave CIAC Phase 5,This project will extend a new 36” transmission water main approximately 2.8 miles from W. Gray St. to S. Himes Ave. to increase pressures and flow to meet the future needs for the customers in the southern section of the City's water service area.,,Water,,2023,,No,,,,,,,,,,,,Oakford Park,6,,,https://apps.tampagov.net/Directory_Lister/FileHandler.ashx?file=GIS%2f1002359.pdf,2022-07-28T14:44:29+00:00,https://arcgis.tampagov.net/arcgis/rest/services/CapitalProjects/CapitalProjectsBudgetBook/FeatureServer/0,2026-08-28T04:55:51+00:00,"{""type"":""Point"",""coordinates"":[-82.50155455141574,27.9473158997914]}"
bbp-78c79fa624be242a,1002114,,,Public Safety Training Facilities,This project provides for the design and renovations of the existing facilities being used for public safety training by police and fire. It also provides for the design and construction of new structures for a supply warehouse and gym.,,Police,,2023,,No,,,,,,,,,,,,Palmetto Beach,5,,,https://apps.tampagov.net/Directory_Lister/FileHandler.ashx?file=GIS%2f1002114.pdf,2022-07-28T14:46:45+00:00,https://arcgis.tampagov.net/arcgis/rest/services/CapitalProjects/CapitalProjectsBudgetBook/FeatureServer/0,2026-08-28T04:55:51+00:00,"{""type"":""Point"",""coordinates"":[-82.42070262598286,27.947046879483633]}"
bbp-0df7d0aafd08b61d,1002396,,,Sulphur Springs Tower Improvements,"This project provides for exterior painting, lighting upgrades, and tower art improvements.",,Parks & Recreation,,2023,,No,,,,,,,,,,,,Sulphur Springs,6,,,https://apps.tampagov.net/Directory_Lister/FileHandler.ashx?file=GIS%2f1002396.pdf,2022-08-29T12:18:48+00:00,https://arcgis.tampagov.net/arcgis/rest/services/CapitalProjects/CapitalProjectsBudgetBook/FeatureServer/0,2026-08-28T04:55:51+00:00,"{""type"":""Point"",""coordinates"":[-82.45886010397619,28.021438687985775]}"
bbp-2b6e3b7ad4092d68,1002394,,,Sulphur Springs Pool Improvements,"This project provides for pool improvements to include pool and pool deck repairs, seawall and slide replacement, public safety improvements, filtration system upgrades and the addition of shade and lighting.",,Parks & Recreation,,2023,,No,,,,,,,,,,,,Sulphur Springs,6,,,https://apps.tampagov.net/Directory_Lister/FileHandler.ashx?file=GIS%2f1002394.pdf,2022-08-29T12:17:22+00:00,https://arcgis.tampagov.net/arcgis/rest/services/CapitalProjects/CapitalProjectsBudgetBook/FeatureServer/0,2026-08-28T04:55:51+00:00,"{""type"":""Point"",""coordinates"":[-82.45211971068748,28.02083490291661]}"
bbp-d1dcb7ab84eed40a,1002536,,,Pam Iorio Garage Elevators and Fire Alarm Modernization,This project provides for the modernization of the Pam Iorio Garage elevators and fire alarms.,,Parking,,2024,,No,,,,,,,,,,,,Tampa Downtown Partnership,5,Downtown Core,,https://apps.tampagov.net/Directory_Lister/FileHandler.ashx?file=GIS%2f1002536.pdf,,https://arcgis.tampagov.net/arcgis/rest/services/CapitalProjects/CapitalProjectsBudgetBook/FeatureServer/0,2026-08-28T04:55:51+00:00,"{""type"":""Point"",""coordinates"":[-82.45390906991673,27.942571759692452]}"
bbp-429964a9c0964245,1002529,,,Electrical Upgrades,This project provides for the replacement of the Center's electrical transformers that are nearing end of life.,,Convention Center & Tourism,,2024,,No,,,,,,,,,,,,Tampa Downtown Partnership,5,Downtown Core,,https://apps.tampagov.net/Directory_Lister/FileHandler.ashx?file=GIS%2f1002529.pdf,,https://arcgis.tampagov.net/arcgis/rest/services/CapitalProjects/CapitalProjectsBudgetBook/FeatureServer/0,2026-08-28T04:55:51+00:00,"{""type"":""Point"",""coordinates"":[-82.45664706734549,27.94178035412432]}"
bbp-0f6331690cde8efa,1002531,,,HVAC Repairs and Upgrades,"This project provides for the replacement or rebuild 12 air handler units still needing to be addressed. In addition to the air handler units, there are numerous fresh air fans that need to be replaced. The fans are throughout the facility and include both the exhibit hall and back of house corridors. The final component of this project is to replace the aged insulation on the ductwork of the HVAC system. The replacement is needed to eliminate or greatly reduce condensation that forms and extends the life of the ductwork.",,Convention Center & Tourism,,2024,,No,,,,,,,,,,,,Tampa Downtown Partnership,5,Downtown Core,,https://apps.tampagov.net/Directory_Lister/FileHandler.ashx?file=GIS%2f1002531.pdf,,https://arcgis.tampagov.net/arcgis/rest/services/CapitalProjects/CapitalProjectsBudgetBook/FeatureServer/0,2026-08-28T04:55:51+00:00,"{""type"":""Point"",""coordinates"":[-82.4566309744341,27.94180641866144]}"
bbp-fca857ed2896cea2,1002526,,,Fire Station No 6 Expansion and Property Acquisition,This project provides for the acquisition of land adjacent to the Fire Station for the placement of a hazmat truck. This includes all ancillary costs associated with the new lot. This project also includes the expansion or renovation of Fire station No 6.,,Fire,,2024,,No,,,,,,,,,,,,Palmetto Beach,5,,,https://apps.tampagov.net/Directory_Lister/FileHandler.ashx?file=GIS%2f1002526.pdf,,https://arcgis.tampagov.net/arcgis/rest/services/CapitalProjects/CapitalProjectsBudgetBook/FeatureServer/0,2026-08-28T04:55:51+00:00,"{""type"":""Point"",""coordinates"":[-82.43494698498529,27.94677941808672]}"
bbp-2e4c30a180aba1f6,1002528,,,Fire Station No 9 Renovations,This project provides for the renovation of Fire Station No 6 once the Fire Fleet Shop and Supply relocate to another site.,,Fire,,2024,,No,,,,,,,,,,,,Macfarlane Park,6,,,https://apps.tampagov.net/Directory_Lister/FileHandler.ashx?file=GIS%2f1002528.pdf,,https://arcgis.tampagov.net/arcgis/rest/services/CapitalProjects/CapitalProjectsBudgetBook/FeatureServer/0,2026-08-28T04:55:51+00:00,"{""type"":""Point"",""coordinates"":[-82.48679795635273,27.958952006321844]}"
bbp-bda622ff6f79aaaf,1002408,,,Wellswood Church,"This project provides for the updating of the building's ceilings, electrical, flooring, completion of the auditorium, etc. to be used for programming needs as a therapeutic hub.",,Parks & Recreation,,2024,,No,,,,,,,,,,,,Wellswood,6,,,https://apps.tampagov.net/Directory_Lister/FileHandler.ashx?file=GIS%2f1002408.pdf,,https://arcgis.tampagov.net/arcgis/rest/services/CapitalProjects/CapitalProjectsBudgetBook/FeatureServer/0,2026-08-28T04:55:51+00:00,"{""type"":""Point"",""coordinates"":[-82.47599175291958,27.990218694867075]}"
bbp-23c9eaba320cb4f7,1002407,,,Sulphur Springs Park Site Improvements,This project provides for improvements to the park site as required by the Florida Communities Trust Management Plan and the approved site Master Plan.,,Parks & Recreation,,2024,,No,,,,,,,,,,,,Sulphur Springs,6,,,https://apps.tampagov.net/Directory_Lister/FileHandler.ashx?file=GIS%2f1002407.pdf,,https://arcgis.tampagov.net/arcgis/rest/services/CapitalProjects/CapitalProjectsBudgetBook/FeatureServer/0,2026-08-28T04:55:51+00:00,"{""type"":""Point"",""coordinates"":[-82.45772325360954,28.021883017797816]}"
bbp-6800e3013cd0811d,1002546,,,FS No 5 Generator Infrastructure Upgrade,This project provides for the electrical upgrade and installation costs associated with installing a new generator at Fire Station No 5 which will provide emergency power for the entire station. The existing generator was installed in 1977 and only supplies partial power to the facility. This project provides the critical infrastructure required to maintain the continuity of emergency response in this 24/7 facility.,,Facility Management,,2024,,No,,,,,,,,,,,,Tampa Heights,5,,,https://apps.tampagov.net/Directory_Lister/FileHandler.ashx?file=GIS%2f1002546.pdf,,https://arcgis.tampagov.net/arcgis/rest/services/CapitalProjects/CapitalProjectsBudgetBook/FeatureServer/0,2026-08-28T04:55:51+00:00,"{""type"":""Point"",""coordinates"":[-82.4555200373509,27.98038815798142]}"
bbp-d52193f1c0535e62,1002543,,,FS No 15 Generator Infrastructure Upgrade,This project provides for the electrical upgrade and installation costs associated with installing a new generator at Fire Station No15 which will provide emergency power for the entire station. The existing generator was installed in 1980 and only supplies partial power to the facility. This project provides the critical infrastructure required to maintain the continuity of emergency response in this 24/7 facility.,,Facility Management,,2024,,No,,,,,,,,,,,,Interbay - South of Gandy,4,,,https://apps.tampagov.net/Directory_Lister/FileHandler.ashx?file=GIS%2f1002543.pdf,,https://arcgis.tampagov.net/arcgis/rest/services/CapitalProjects/CapitalProjectsBudgetBook/FeatureServer/0,2026-08-28T04:55:51+00:00,"{""type"":""Point"",""coordinates"":[-82.50240481066207,27.893035957679263]}"
bbp-19516b6bac8cbb4c,1002548,,,FS No 13 Generator Infrastructure Upgrade,This project provides for the electrical upgrade and installation costs associated with installing a new generator at Fire Station No13 which will provide emergency power for the entire station. The existing generator was installed in 2001 and only supplies partial power to the facility. This project provides the critical infrastructure required to maintain the continuity of emergency response in this 24/7 facility.,,Facility Management,,2024,,No,,,,,,,,,,,,Tampa Overlook,7,,,https://apps.tampagov.net/Directory_Lister/FileHandler.ashx?file=GIS%2f1002548.pdf,,https://arcgis.tampagov.net/arcgis/rest/services/CapitalProjects/CapitalProjectsBudgetBook/FeatureServer/0,2026-08-28T04:55:51+00:00,"{""type"":""Point"",""coordinates"":[-82.42680614514538,28.035649564018712]}"
bbp-6cfa1dd6d2ca0811,1002407,,,FS No 16 Generator Infrastructure Upgrade,This project provides for the electrical upgrade and installation costs associated with installing a new generator at Fire Station No16 which will provide emergency power for the entire station. The existing generator was installed in 1997 and only supplies partial power to the facility. This project provides the critical infrastructure required to maintain the continuity of emergency response in this 24/7 facility.,,Facility Management,,2024,,No,,,,,,,,,,,,East Side Commercial,5,,,https://apps.tampagov.net/Directory_Lister/FileHandler.ashx?file=GIS%2f1002407.pdf,,https://arcgis.tampagov.net/arcgis/rest/services/CapitalProjects/CapitalProjectsBudgetBook/FeatureServer/0,2026-08-28T04:55:51+00:00,"{""type"":""Point"",""coordinates"":[-82.39793919577941,27.96341255984683]}"
bbp-bb1df4b2c4617ed3,1002583,,,Port Tampa Community Center Air Conditioning Upgrade,This project provides for replacement of the air conditioning system at this facility due to age and the limited availability of refrigerant.,,Facility Management,,2024,,No,,,,,,,,,,,,"Port Tampa City, Inc. Civic Association",4,,,https://apps.tampagov.net/Directory_Lister/FileHandler.ashx?file=GIS%2f1002583.pdf,,https://arcgis.tampagov.net/arcgis/rest/services/CapitalProjects/CapitalProjectsBudgetBook/FeatureServer/0,2026-08-28T04:55:51+00:00,"{""type"":""Point"",""coordinates"":[-82.52346140210747,27.869151311860776]}"
bbp-4f954ad56ff93faf,1002530,,,Fire Suppression Repairs and Upgrades,"This project provides for the upgrading of the fire suppression system for the Center that has been upgraded through the years, but still has a few areas that need to be addressed. Under this project, the fire control system notification software needs to be updated with the Center’s current configuration. Also, the parking garage sprinkler pipe has begun to show signs of deterioration necessitating replacement.",,Convention Center & Tourism,,2024,,No,,,,,,,,,,,,Tampa Downtown Partnership,5,Downtown Core,,https://apps.tampagov.net/Directory_Lister/FileHandler.ashx?file=GIS%2f1002530.pdf,,https://arcgis.tampagov.net/arcgis/rest/services/CapitalProjects/CapitalProjectsBudgetBook/FeatureServer/0,2026-08-28T04:55:51+00:00,"{""type"":""Point"",""coordinates"":[-82.45658269422023,27.94178035373728]}"
bbp-5586bbe63d9ac93c,1002533,,,Facility Lighting Upgrades,This project provides for the upgrading of lighting at the Center.,,Convention Center & Tourism,,2024,,No,,,,,,,,,,,,Tampa Downtown Partnership,5,Downtown Core,,https://apps.tampagov.net/Directory_Lister/FileHandler.ashx?file=GIS%2f1002533.pdf,,https://arcgis.tampagov.net/arcgis/rest/services/CapitalProjects/CapitalProjectsBudgetBook/FeatureServer/0,2026-08-28T04:55:51+00:00,"{""type"":""Point"",""coordinates"":[-82.45666450184436,27.941817419782907]}"
bbp-a4a1fea7b4411ed2,1002534,,,Structural Repairs and Improvements,This project provides for structural repairs and improvements needed for the Center that is over 30 years old. Two key areas that need to be addressed under this project are the upper dock expansion joint and the hardware on the doors.,,Convention Center & Tourism,,2024,,No,,,,,,,,,,,,Tampa Downtown Partnership,5,Downtown Core,,https://apps.tampagov.net/Directory_Lister/FileHandler.ashx?file=GIS%2f1002534.pdf,,https://arcgis.tampagov.net/arcgis/rest/services/CapitalProjects/CapitalProjectsBudgetBook/FeatureServer/0,2026-08-28T04:55:51+00:00,"{""type"":""Point"",""coordinates"":[-82.45664438504316,27.94183045237933]}"
bbp-a9f1f05d3e083bed,1002545,,,FS No 10 Generator Infrastructure Upgrade,This project provides for the electrical upgrade and installation costs associated with installing a new generator at Fire Station No10 which will provide emergency power for the entire station. The existing generator was installed in 1977 and only supplies partial power to the facility. This project provides the critical infrastructure required to maintain the continuity of emergency response in this 24/7 facility.,,Facility Management,,2024,,No,,,,,,,,,,,,Jackson Heights,5,East Tampa,,https://apps.tampagov.net/Directory_Lister/FileHandler.ashx?file=GIS%2f1002545.pdf,,https://arcgis.tampagov.net/arcgis/rest/services/CapitalProjects/CapitalProjectsBudgetBook/FeatureServer/0,2026-08-28T04:55:51+00:00,"{""type"":""Point"",""coordinates"":[-82.4225878659128,27.971783922994717]}"
bbp-8748f98bc70ad87b,1002549,,,FS No 12 Generator Infrastructure Upgrade,This project provides for the electrical upgrade and installation costs associated with installing a new generator at Fire Station No12 which will provide emergency power for the entire station. The existing generator was installed in 1999 and only supplies partial power to the facility. This project provides the critical infrastructure required to maintain the continuity of emergency response in this 24/7 facility.,,Facility Management,,2024,,No,,,,,,,,,,,,Not Organized,6,,,https://apps.tampagov.net/Directory_Lister/FileHandler.ashx?file=GIS%2f1002549.pdf,,https://arcgis.tampagov.net/arcgis/rest/services/CapitalProjects/CapitalProjectsBudgetBook/FeatureServer/0,2026-08-28T04:55:51+00:00,"{""type"":""Point"",""coordinates"":[-82.4922097347513,27.996663205870103]}"
bbp-cafe91a2c2f60e9d,1002562,,,Tampa Municipal Office Bldg Lobby Upgrades,This project provides for the updating of the main lobby at the Tampa Municipal Building. To include staff traffic enhancements and improve the safety and security of the building and its occupants. This project will also include the replacement of the horizontal window blinds on floors 1 through 8.,,Facility Management,,2024,,No,,,,,,,,,,,,Tampa Downtown Partnership,5,Downtown Non Core,,https://apps.tampagov.net/Directory_Lister/FileHandler.ashx?file=GIS%2f1002562.pdf,,https://arcgis.tampagov.net/arcgis/rest/services/CapitalProjects/CapitalProjectsBudgetBook/FeatureServer/0,2026-08-28T04:55:51+00:00,"{""type"":""Point"",""coordinates"":[-82.45744116969635,27.947280097468667]}"
bbp-9664a9f5df7d4de0,1002551,,,FS No 3 Generator Infrastructure Upgrade,This project provides for the electrical upgrade and installation costs associated with installing a new generator at Fire Station No 3 which will provide emergency power for the entire station. The existing generator was installed in 1986 and only supplies partial power to the facility. This project provides the critical infrastructure required to maintain the continuity of emergency response in this 24/7 facility.,,Facility Management,,2024,,No,,,,,,,,,,,,Hyde Park Spanishtown Creek,4,,,https://apps.tampagov.net/Directory_Lister/FileHandler.ashx?file=GIS%2f1002551.pdf,,https://arcgis.tampagov.net/arcgis/rest/services/CapitalProjects/CapitalProjectsBudgetBook/FeatureServer/0,2026-08-28T04:55:51+00:00,"{""type"":""Point"",""coordinates"":[-82.47204278433999,27.944338030946682]}"
bbp-6bfd8360c564670c,1002552,,,FS No 18 Generator Infrastructure Upgrade,This project provides for the electrical upgrade and installation costs associated with installing a new generator at Fire Station No18 which will provide emergency power for the entire station. The existing generator was installed in 2001 and only supplies partial power to the facility. This project provides the critical infrastructure required to maintain the continuity of emergency response in this 24/7 facility.,,Facility Management,,2024,,No,,,,,,,,,,,,Seminole Heights East,5,East Tampa,,https://apps.tampagov.net/Directory_Lister/FileHandler.ashx?file=GIS%2f1002552.pdf,,https://arcgis.tampagov.net/arcgis/rest/services/CapitalProjects/CapitalProjectsBudgetBook/FeatureServer/0,2026-08-28T04:55:51+00:00,"{""type"":""Point"",""coordinates"":[-82.42687361890277,27.99871413610504]}"
bbp-ad3b7f7943f1d75d,1002555,,,FS No 6 Exterior Brick Upgrade & Waterproofing,"This project provides funding for the restoration of the original brick exterior of Fire Station No 6, and the connected apparatus garage. This Fire Station has served the Palmetto Beach neighborhood and surrounding areas of Tampa since 1914. These repairs will help mitigate potential water intrusion into the structure, maintain good indoor air quality for its 24/7 occupants, and help preserve the financial and historical value of our community’s Fire Station.",,Facility Management,,2024,,No,,,,,,,,,,,,Palmetto Beach,5,,,https://apps.tampagov.net/Directory_Lister/FileHandler.ashx?file=GIS%2f1002555.pdf,,https://arcgis.tampagov.net/arcgis/rest/services/CapitalProjects/CapitalProjectsBudgetBook/FeatureServer/0,2026-08-28T04:55:51+00:00,"{""type"":""Point"",""coordinates"":[-82.4349094331715,27.946708335332655]}"
bbp-ab9440a68f0912be,1002702,,,TMOB Elevator Upgrade,This project provides for upgrades and repairs to the elevators at the Tampa Municipal Office Building.,,Facility Management,,2025,,No,,,,,,,,,,,,Tampa Downtown Partnership,5,Downtown Non Core,,https://apps.tampagov.net/Directory_Lister/FileHandler.ashx?file=GIS%2f1002702.pdf,,https://arcgis.tampagov.net/arcgis/rest/services/CapitalProjects/CapitalProjectsBudgetBook/FeatureServer/0,2026-08-28T04:55:51+00:00,"{""type"":""Point"",""coordinates"":[-82.45736282939447,27.947301495869347]}"
bbp-16507f9f6c403ce4,1002815,,,MacDill Ave from Kennedy to Main Street,"Urban corridor improvements possibly including speed limit reduction, lane repurposing on-road buffered bicycle facility, two-way left-turn lane, ADA sidewalks, ADA pedestrian ramps, crosswalk additions/upgrades, raised median/pedestrian refuges, intersection improvements/reduced side street curb radii, milling and resurfacing, pavement striping and marking, and signalization timing improvements.",,Transportation,,2026,,No,,,,,,,,,,,,Armory Gardens,6,,,https://apps.tampagov.net/Directory_Lister/FileHandler.ashx?file=GIS%2f1002815.pdf,,https://arcgis.tampagov.net/arcgis/rest/services/CapitalProjects/CapitalProjectsBudgetBook/FeatureServer/0,2026-08-28T04:55:51+00:00,"{""type"":""Point"",""coordinates"":[-82.49327606665904,27.944814642149403]}"
bbp-a4da3763d05015eb,1002816,,,Lois Ave from W Cleveland St to SR616/Boy Scout Blvd,"The project consists of designing and constructing roadway improvement to relieve congestion, improve safety, and provided for bicycle/pedestrian connectivity along Lois Ave from W Cleveland St to Boy Scout Blvd. The project consists of milling and resurfacing of the corridor with the addition of a 10-12' wide urban side path on the east side of Lois Ave.",,Transportation,,2026,,No,,,,,,,,,,,,Carver City Lincoln Gardens,6,,,https://apps.tampagov.net/Directory_Lister/FileHandler.ashx?file=GIS%2f1002816.pdf,,https://arcgis.tampagov.net/arcgis/rest/services/CapitalProjects/CapitalProjectsBudgetBook/FeatureServer/0,2026-08-28T04:55:51+00:00,"{""type"":""Point"",""coordinates"":[-82.51388000008441,27.953801241035006]}"
bbp-6291bd5e6472ade8,1002780,,,Coachman Avenue Wastewater Improvements,"This project provides for the evaluation and construction of improvements to prevent storm related wastewater overflows from occurring along Coachman Avenue near Bayshore Boulevard. Work may include studies and evaluations of alternatives, development of contract documents, construction of selected improvements, and services related to project construction.",,Wastewater,,2027,,No,,,,,,,,,25-D-00014,WW1002780,,Bayshore Beautiful,4,,,https://apps.tampagov.net/Directory_Lister/FileHandler.ashx?file=GIS%2f1002780.pdf,,https://arcgis.tampagov.net/arcgis/rest/services/CapitalProjects/CapitalProjectsBudgetBook/FeatureServer/0,2026-08-28T04:55:51+00:00,"{""type"":""Point"",""coordinates"":[-82.49086692834177,27.896870728217294]}"
bbp-45cc8b83eae92b33,1003003,,,Standby Generators for Gomez and Laurel Pumping Stations,This project provides for the installation of standby generators at the Laurel Pumping Station and at the Gomez Pumping Station,,Wastewater,,2027,,No,,,,,,,,,,,,Palma Ceia Pines,4,,,,,https://arcgis.tampagov.net/arcgis/rest/services/CapitalProjects/CapitalProjectsBudgetBook/FeatureServer/0,2026-08-28T04:55:51+00:00,"{""type"":""Point"",""coordinates"":[-82.48946003341155,27.93870845501439]}"
bbp-1d99fee190bd0c4d,1002829,,,Knights Pumping Station Rehabilitation,"This project provides for the replacement of the Knights Avenue Pumping Station. The project will replace the existing wet-dry pit pumping station, new pumps, piping, valves, and electrical and control systems. Failure of the pumping station could result in a wastewater overflow that may impact the surrounding environment or cause a public health risk.",,Wastewater,,2027,,No,,,,,,,,,,,,Bayshore Beautiful,4,,,,,https://arcgis.tampagov.net/arcgis/rest/services/CapitalProjects/CapitalProjectsBudgetBook/FeatureServer/0,2026-08-28T04:55:51+00:00,"{""type"":""Point"",""coordinates"":[-82.4960949151825,27.903880533221873]}"
bbp-f325e0da7d037697,1003003,,,Standby Generators for Gomez and Laurel Pumping Stations,This project provides for the installation of standby generators at the Laurel Pumping Station and at the Gomez Pumping Station.,,Wastewater,,2027,,No,,,,,,,,,,,,Belmar Gardens,4,,,,,https://arcgis.tampagov.net/arcgis/rest/services/CapitalProjects/CapitalProjectsBudgetBook/FeatureServer/0,2026-08-28T04:55:51+00:00,"{""type"":""Point"",""coordinates"":[-82.52698742506244,27.914608533594645]}"
bbp-6f463dd6b933a176,1002827,,,Trilby Pumping Station Rehabilitation,"This project provides for the rehabilitation of the Trilby Avenue Pumping Station. The project provides for the installation of new pumps, piping, valves, and electrical and control systems. Failure of the pumping station could result in a wastewater overflow that may impact the surrounding environment or cause a public health risk.",,Wastewater,,2027,,No,,,,,,,,,,,,Gandy / Sun Bay South,4,,,,,https://arcgis.tampagov.net/arcgis/rest/services/CapitalProjects/CapitalProjectsBudgetBook/FeatureServer/0,2026-08-28T04:55:51+00:00,"{""type"":""Point"",""coordinates"":[-82.52660840777469,27.883065918589597]}"
bbp-e6f7d2b554e40550,1002862,,,Yellow Jacket Improvements,This project provides for the construction of a little league clubhouse and restrooms for the Yellow Jackets fields at Calvin Taylor Park.,,Parks & Recreation,,2027,,No,,,,,,,,,,,,Tampa Heights,6,,,,,https://arcgis.tampagov.net/arcgis/rest/services/CapitalProjects/CapitalProjectsBudgetBook/FeatureServer/0,2026-08-28T04:55:51+00:00,"{""type"":""Point"",""coordinates"":[-82.46642535930233,27.97808892882573]}"
bbp-f51a63781619d2f9,1002832,,,Severn Pumping Station Rehabilitation,"This project provides for the rehabilitation of the Severn Pumping Station. The project will include the installation of new pumps, piping, valves, and electrical and control systems. Failure of the pumping station could result in a wastewater overflow that may impact the surrounding environment or cause a public health risk.",,Wastewater,,2027,,No,,,,,,,,,,,,Davis Islands,4,,,,,https://arcgis.tampagov.net/arcgis/rest/services/CapitalProjects/CapitalProjectsBudgetBook/FeatureServer/0,2026-08-28T04:55:51+00:00,"{""type"":""Point"",""coordinates"":[-82.45571949192683,27.91029429704269]}"
