master_project_id,project_name,address,activity_count,entity_resolution_status
mp-188f555dedc4818a,Expedited Project,4202 N 34TH St,1,provisional_singleton
mp-7a47afed8880d07f,Reissue -Owner - 1st Fl Bathroom,713 S FIELDING Ave,1,provisional_singleton
mp-d222948fe4efa0e1,REISSUE - Garage Addition / driveway,5224 S SHERIDAN Rd,1,provisional_singleton
mp-413cb4d3c81fe1ee,REISSUE,1812 W WATROUS Ave,1,provisional_singleton
mp-41353459bf4463a4,Reissue - OWNER - RESIDENTIAL ADDITION,719 W Woodlawn Ave,1,provisional_singleton
mp-c09c33764637beb3,Corridor Modification,500 E Kennedy Blvd,1,provisional_singleton
mp-155c4161f0e0d1a7,REISSUE - Interior Build Resturant,5229 N Florida Ave,1,provisional_singleton
mp-a96f05ba4e23784c,Reissue: RESID ADDN,1505 W Hamilton Ave,1,provisional_singleton
mp-217c1c583fb4ce1c,Reissue New SFR,8414 N Dixon Ave,1,provisional_singleton
mp-b3673123ac67104d,2nd fl:remodel,500 E Kennedy Blvd,1,provisional_singleton
mp-38eca0398f6ed5dd,REISSUE: GreenRoots,4034 W Kennedy Blvd,1,provisional_singleton
mp-9ee518e043c71db3,Reissue/Secured: Renovation 5th Lobby Area,700 E Twiggs St,1,provisional_singleton
mp-885527159ae86813,Reissue: Addition,336 Columbia Dr,1,provisional_singleton
mp-a576700923d7e165,REISSUE: Interior Remodel,2225 E 109th Ave,1,provisional_singleton
mp-2aadeb3dc3710338,"Reissue - Bathroom remodel, AC, ELE rewire, PLB 6017 N Orange Blossom Ave (ACA)",6017 N Orange Blossom Ave,1,provisional_singleton
mp-d27e5e74ed58b0a7,Reissued - Interior Renovations 919 S Rome Ave (ACA),919 S Rome Ave,1,provisional_singleton
mp-65edfe0632209ffd,Reissue - 14th flr - build out,610 N Morgan St,1,provisional_singleton
mp-afac91ee7907d4d4,Expedited Project,601 S Harbour Island Blvd,1,provisional_singleton
mp-7f8172509d3a5be9,Reissue: Interior/exterior renovation,2444 W Neptune St,1,provisional_singleton
mp-e797d2836e307bc4,Reissue-Residential Remodel,3503 E Martin Luther King Blvd,1,provisional_singleton
mp-c6d19d2d95dd7f5a,REISSUE: 2nd Flr Interior Renovation Change of Use 1915 N Av Republica De Cuba (ACA),1915 N Av Republica De Cuba,1,provisional_singleton
mp-5d685119552a5033,Facilitated Project,2801 Bayshore Blvd,1,provisional_singleton
mp-ff62f2f794db9526,res addition,901 S Fremont Ave,1,provisional_singleton
mp-46408a994655755b,REISSUE: Private Provider Interior Renovation,1902 E 7th Ave,1,provisional_singleton
mp-7676755dd829a7dc,Accelerated Project,1925 E 2nd Ave,1,provisional_singleton
mp-298b3107516ca84e,Reissue - UNIT#1112,2401 Bayshore Blvd,1,provisional_singleton
mp-713fc90529b7138f,Reissue: non structural remodel,3909 W Palmetto St,1,provisional_singleton
mp-5792c7030105daf5,Re-issue:UNIT#206,2525 E Hillsborough Ave,1,provisional_singleton
mp-eeb320163cce309e,"OWNER: Re-issued Mstr bed and bath addition, renovation",3921 W Palmira Ave,1,provisional_singleton
mp-7ee13686effb0cbc,Re-opened New SFR,4011 W San Rafael St,1,provisional_singleton
mp-1d250c1dd7d33051,ReissueOwner: FEMA Substantial Improvement,810 Grove Park Ave,1,provisional_singleton
mp-eb6a6b01920d94be,Bathroom Remodel - MEPs for ADA Compliance,4910 E Busch Blvd,1,provisional_singleton
mp-b2bb39cc87a8f9a8,Re-opened Res remodel,6308 S Cameron Ave,1,provisional_singleton
mp-fab60d0c35f199b3,REISSUE - New loft,4811 E River Hills Dr,1,provisional_singleton
mp-57cbef6d7452cd3c,PRIVATE PROVIDER - Renovation of 1st -5th floor guestroom corridors and guest rooms,2225 N Lois Ave,1,provisional_singleton
mp-ebabbde65852fa52,remodel,114 W Amelia Ave,1,provisional_singleton
mp-e0b32f37d4fbd6f0,SEC: Starbucks & Retail Int/Ext Renovation,700 S Florida Ave,1,provisional_singleton
mp-a065b1e02882e050,REISSUE - Res Remodel,2722 W Terrace Dr,1,provisional_singleton
mp-5ff8d89835d1fd4e,Re-issued Bathroom Remodel,4108 W Santiago St,1,provisional_singleton
mp-214eee658c5f7796,Reissued---New sfr,2112 E Annona Ave,1,provisional_singleton
mp-15db5cf7ce5059fb,Re-issued Interior Remodel,855 Bayshore Blvd,1,provisional_singleton
mp-c51022909e5a97c8,Reissue : Addition & Replace Trusses 1415 E Busch Blvd (ACA),1415 E Busch Blvd,1,provisional_singleton
mp-992682691f9cf0a1,Re-opened Addition/remodel,801 W Orient St,1,provisional_singleton
mp-7dbb1f9df4f06b70,Facilitated Project,5050 Bridge St,1,provisional_singleton
mp-079c531e994be3dc,Reissue - Interior/exterior remodel,1204 Culbreath Isles Dr,1,provisional_singleton
mp-5aab6274d08765cc,Owner: Reissue - New Storage & Driveway,3618 E Wilder Ave,1,provisional_singleton
mp-79b19116c6577873,New SFR,3317 W San Pedro St,1,provisional_singleton
mp-222e02e0725ddcad,Facilitated Project,5145 S Dale Mabry Hwy,1,provisional_singleton
mp-2178680205563adc,Re-issued Owner-Addition/Remodel,2730 W Louisiana Ave,1,provisional_singleton
mp-582e9bec75e146f1,Reissue - 1STFL LOBBY,1120 E Kennedy Blvd,1,provisional_singleton
mp-85d5218534357e69,Renovation int / ext,502 W Grand Central Ave,1,provisional_singleton
mp-3467c8338c0d94cc,Re-issued Remodel,2306 S Lila Ln,1,provisional_singleton
mp-276c774e371bdd80,Reissue - PRIVATE PROVIDER:DOUBLETREE BY HILTON,3050 N Rocky Point Dr W,1,provisional_singleton
mp-cb469c6ae4479267,Reissue: Addition and int/ext remodel,1509 S Arrawana Ave,1,provisional_singleton
mp-217919eab1b3d8e2,Secure - Escalators,651 Channelside Dr,1,provisional_singleton
mp-b9f6cbec86ef8bce,Owner:Remodel,2611 Bayshore Blvd,1,provisional_singleton
mp-b6a0ae2a67437d5d,Porch Addition,6014 River Ter,1,provisional_singleton
mp-e5e0ae133cb07289,Remodel - Remove Stairs and Add Elevator,1814 W Richardson Pl,1,provisional_singleton
mp-db7635522e0afd30,REISSUE - Alterations/room addition within existing footprint,3305 E 28th Ave,1,provisional_singleton
mp-c7c7442673a86860,int/ext remodel,3404 W McKay Ave,1,provisional_singleton
mp-d0ca3395a0797dba,Accelerated Project,214 N Boulevard,1,provisional_singleton
mp-f754f23c1c468cfb,REISSUE - Nonstructural Remodel,705 E Plymouth St,1,provisional_singleton
mp-8c1f3c34d79a7e70,Garage,3120 W San Jose St,1,provisional_singleton
mp-b23fe3a20e890217,Bathroom remodel unit C,2023 S Carolina Ave,1,provisional_singleton
mp-cd9fc3d2c07410fc,Interior Remodel - Corridor Extension,915 N Franklin St,1,provisional_singleton
mp-29c903b244f5d84a,Remodel - Re-roof,4418 Atwood Dr,1,provisional_singleton
mp-5c50db5b51952194,REISSUED - Exterior Renovation,6310 N Florida Ave,1,provisional_singleton
mp-d2386d49cd77efc9,Addition,2106 S Occident St,1,provisional_singleton
mp-bbc04e4b772eb7bf,Exterior Alteration,727 W Cass St,1,provisional_singleton
mp-df40e651ae1a9048,Accelerated Project,777 N Ashley Dr,1,provisional_singleton
mp-8968c9b2819709b5,Reissue: addition,6204 S Elberon St,1,provisional_singleton
mp-2845acdfb085163b,REISSUE - Addition & Remodel,2530 W Pine St,1,provisional_singleton
mp-ce10f3b94df69943,REISSUE - Owner: New SFR,1309 E North Bay St,1,provisional_singleton
mp-a348b061e0886e49,REISSUE - Remodel,6206 S Church Ave,1,provisional_singleton
mp-8b9c3fc056364459,Expedited Project,3371 W Wyoming Cir,1,provisional_singleton
mp-ad1e6e4403b91833,Re-issued Owner: Residential addition: Permit under 6th edition.,2112 W Powhatan Ave,1,provisional_singleton
mp-c98124066bcee19d,REISSUE - OWNER - Addition/ alteration,3610 W Cass St,1,provisional_singleton
mp-a57764dc07b2a102,Re-issued Reissue - Interior Structural Remodel with - EL-PL,2908 N 13th St,1,provisional_singleton
mp-9dc9456443fa4476,REISSUE - OWNER: Porch to Living Space,3907 W Palmetto St,1,provisional_singleton
mp-1a610417babbc909,OWNER:Porch and Remodel,3412 N 53rd St,1,provisional_singleton
mp-4a52aa358581a88e,REISSUE - new SFR,4003 E Grove St,1,provisional_singleton
mp-f7fb6f73a6bf1b59,Reissue: room remodel due to fire,4605 Booker T Dr,1,provisional_singleton
mp-830ceaed61e049b8,PRIVATE PROVIDER: Interior renovation,3515 E Columbus Dr,1,provisional_singleton
mp-f7924f5226b9f87a,SITE/FDTN:13 units - new single family attached,4515 W North A St,1,provisional_singleton
mp-f82a1f1e7c0060f6,Reissue - White box,19910 Bruce B Downs Blvd,1,provisional_singleton
mp-51efd1e11af043c4,New Apartments ( 6th Edition),5111 E 15th Ave,1,provisional_singleton
mp-dd44c0cbb2d018ed,Interior Reno Unit 1503,3301 Bayshore Blvd,1,provisional_singleton
mp-6156e286e55ce4d4,Interior and exterior remodel,1308 N 34th St,1,provisional_singleton
mp-d39a158101752ffa,PRIVATE PROVIDER:Shell/ Complete: North A Townhomes,4515 W North A St,1,provisional_singleton
mp-f76a8b5b109092cf,Reissue: addition,1317 E Norfolk St,1,provisional_singleton
mp-a708ebeb079b0915,REISSUE - SEC: CITY PROJECT - Interior/exterior remodel,7125 N 30th St,1,provisional_singleton
mp-7be92bee1139985f,Reissue - Int/Ext remodel,1001 E 31st Ave,1,provisional_singleton
mp-3d18d50f5bc34a7c,Facilitated Project,9301 N 29th St,1,provisional_singleton
mp-9b9215042b152138,Modular Building for office use,5355 E Martin Luther King Blvd,1,provisional_singleton
mp-f6e218f7334a1076,Reissue - House remodel,3906 S Church Ave,1,provisional_singleton
mp-b528a893f76e6ce2,Reissue - OWNER:remodel,2506 N Glenwood Dr,1,provisional_singleton
mp-fc6c12d07a94eb83,Reissue - Remodel,4617 E Whiteway Dr,1,provisional_singleton
mp-bb09280b9ca5d9b5,REISSUE - Addition with Garage,4316 W San Luis St,1,provisional_singleton
mp-b4a1d02c85d97cc4,int./ext. alteration,2111 W Hamilton Ave,1,provisional_singleton
mp-fe9110c48e688f63,FEMA: New SFR,5832 Mariner St,1,provisional_singleton
mp-298044e00084df2b,Reissue OWNER - Fema: New SFR,1706 E Park Cir,1,provisional_singleton
mp-4b9da039e731c398,Reissue - Interior Remodel,2327 W La Salle St,1,provisional_singleton
mp-4d05402250733a8a,"Reissue: PRIVATE PROVIDER MEP Fire, Framing",4701 N Himes Ave,1,provisional_singleton
mp-18d3200218c055c1,Two Story Addition,901 S Willow Ave,1,provisional_singleton
mp-a7a06222ae43097c,Reissue - addition and remodel,7021 N Dakota Ave,1,provisional_singleton
mp-1bfdb7fbb8b20636,Re-issued OWNER: Enclose Carport,7102 N Coarsey Dr,1,provisional_singleton
mp-20012f6d9bc912e5,partial demo and remodel,4221 W Gandy Blvd,1,provisional_singleton
mp-9a6a3394afbe0791,Re-opened New Townhouse - Lot 115- VESTED UNDER 2006 SCHOOL IMPACT FEES,4718 Legacy Park Dr,1,provisional_singleton
mp-51816183939b4a73,Re-opened New Townhouse - Lot 117- VESTED UNDER 2006 SCHOOL IMPACT FEES,4722 Legacy Park Dr,1,provisional_singleton
mp-79ac7974332e176f,Re-opened New Townhome - Lot 127- VESTED UNDER 2006 SCHOOL IMPACT FEES,4751 Legacy Park Dr,1,provisional_singleton
mp-06ca661f7fde6e95,Re-issued Owner: detached garage,6230 S Kelly Rd,1,provisional_singleton
mp-764bccd9cb2f15ad,Addition and remodel,5918 N Ola Ave,1,provisional_singleton
mp-04dcd2a29a9d6a37,REISSUE - Mechanic shop-complete,10410 N Nebraska Ave,1,provisional_singleton
mp-0ccb2a676c6f00de,Reissue - Accessory Structure & Remodel,6002 N Central Ave,1,provisional_singleton
mp-26636c54f7842c12,MIDTOWN BLK II/D :retail service corridor,3701 Midtown Dr,1,provisional_singleton
mp-d0cbdaf7e2b9dac1,Re-issued OWNER - ATF Enclosed porch to living space,1728 W Comanche Ave,1,provisional_singleton
mp-b61f5594c017eaaa,Accelerated Project,810 W Amelia Ave,1,provisional_singleton
mp-ff25c6baea73afb8,3-unit townhome building,3514 E 11th Ave,1,provisional_singleton
mp-0a58a259cef15db0,Re-opened Res structural & non- structural Remodel,4618 Wishart Blvd,1,provisional_singleton
mp-ce77d92a46e9a88d,Lanai to Living Space Kitchen Remodel,3011 W Chapin Ave,1,provisional_singleton
mp-599c9ea3bd4eda48,REISSUE - new SFR,505 S Royal Palm Way,1,provisional_singleton
mp-73d1487ea6223ad2,REISSUE - Site & Fdn: New Buildings,1015 E Hillsborough Ave,1,provisional_singleton
mp-fbffb0de5cc19d79,Re-issued Addition,4316 W Obispo St,1,provisional_singleton
mp-0b6e6b26a3e8f36a,Re-issued OWNER: New Res Workshop/Studio,10 Hamilton Heath Dr,1,provisional_singleton
mp-5c5b4f0aa63e992d,Facilitated Project,103 S Ashley Dr,1,provisional_singleton
mp-b05e4d40fe5c0db3,Re-issued REISSUE - New sfr,9609 N 13th St,1,provisional_singleton
mp-8f32310f025452cf,ATF:Building 11 U 1-4 Remodel,8412 Rio Bravo Ct,1,provisional_singleton
mp-895a56b1f6cc2e8d,REISSUE - Addition and Remodel,2902 W Woodlawn Ave,1,provisional_singleton
mp-1f89ee3d7cda9b6a,Facilitated Project,7970 Tampa Palms Blvd W,1,provisional_singleton
mp-a2c880b34bb5f20a,Remodel,2603 W Jetton Ave,1,provisional_singleton
mp-669b404aaaf17785,REISSUE - Construct Exterior Storage/Freezer Structure,1010 Gramercy Ln,1,provisional_singleton
mp-2a7affd284639b33,REISSUE - 2 Story Pool Pavilion,1106 Culbreath Isles Dr,1,provisional_singleton
mp-9614834fe4a3ed8b,REISSUE - Res Additon,4304 W Oklahoma Ave,1,provisional_singleton
mp-aa87f86b34b177b6,Structural Kitchen remodel,2119 S Venus St,1,provisional_singleton
mp-195c2d54df3ea86a,Re-issued Carport Enclosure,4513 S Shamrock Rd,1,provisional_singleton
mp-9194d30683456b85,REISSUE - add garage & living,1516 S Richard Ave,1,provisional_singleton
mp-918f9f7f762e3d61,REISSUE - Screened accessory structure,2017 E Hanna Ave,1,provisional_singleton
mp-2d6a845ca873509f,REISSUE ----Convert garage to living space,2920 W Crest Ave,1,provisional_singleton
mp-57f266ac8f6b3aa6,New sfr,5418 Lykes Ln,1,provisional_singleton
mp-1433a8c7f4bde08b,New 2 story Office Building,1112 W Waters Ave,1,provisional_singleton
mp-88e583109707eaac,REISSUED: Addition & Reno + Porch Addition,4301 N Branch Ave,1,provisional_singleton
mp-8abdd810d1c6d81e,OWNER - Reissued - Converting encl porch to bed/bath,1903 W Jean St,1,provisional_singleton
mp-bc2d6fe5d4068ac0,Int Alterations,1312 E Busch Blvd,1,provisional_singleton
mp-877f17df4c899ddd,Int/ext alteration,924 Harbour Bay Dr,1,provisional_singleton
mp-e57e81a91e851cb4,Re-issued OWNER - 1-story addition,4017 W Tacon St,1,provisional_singleton
mp-655e633352b710e4,Reissue: Garage/Driveway,2501 S West Shore Blvd,1,provisional_singleton
mp-cd5bcf34862fa917,Res Interior Remodel,3408 W Fielder St,1,provisional_singleton
mp-1acbdce04ee548db,"Re-issued addition to porch, garage and driveway",3024 S Emerson St,1,provisional_singleton
mp-ee36c63149c7b4a0,PRIVATE PROVIDER: REACTIVATION - ADDITION AND ALTERATION,1718 W Watrous Ave,1,provisional_singleton
mp-251b58c5ffc5443c,REISSUE - THRESHOLD: TGH 9 Level Parking Garage,722 W Kennedy Blvd,1,provisional_singleton
mp-305855e472da7875,MASTER SITE: 6-Unit Townhome,2608 W Azeele St,1,provisional_singleton
mp-ab4eea107eac73f5,Com Alt-Publix,19034 Bruce B Downs Blvd,1,provisional_singleton
mp-1a0dda31bc0f94b0,Re-opened 2nd Floor Addition,4515 W Watrous Ave,1,provisional_singleton
mp-bfda92765ecf5a32,REISSUE - SEC: Ext renovations,2901 W Swann Ave,1,provisional_singleton
mp-b67b306d841c5738,Re-issued Owner: New Front Porch and Rear Terraces,2302 W Clifton St,1,provisional_singleton
mp-9ac46d96ceec740f,Master Bathroom Remodel,4612 W Lamb Ave,1,provisional_singleton
mp-2c46c42734dc9d4b,Re-opened NEW SFR-2 story,4922 W San Rafael St,1,provisional_singleton
mp-a23fd755337f5d4e,Remodel bathroom & kitchen,1200 E Powhatan Ave,1,provisional_singleton
mp-f93e3bb3d4056ee0,Site & Fdn: New Restaurant,2399 E Busch Blvd,1,provisional_singleton
mp-e1745fc0fb6e1f57,New SFR,2812 Durham St,1,provisional_singleton
mp-42e7f786d58a5428,Unit C33: Condo Remodel,3325 Bayshore Blvd,1,provisional_singleton
mp-bd05d796ca3a37b8,New office building w/ associated site work,3724 W San Pedro St,1,provisional_singleton
mp-7d972d47c59e3e47,Remodel w/configuration,3511 N 10th St,1,provisional_singleton
mp-5897305ad417e7e1,REISSUE - accessory structure-cabana,5418 Lykes Ln,1,provisional_singleton
mp-2b2b2b3daad011c3,REISSUE - Site and Foundation,3911 W Alva St,1,provisional_singleton
mp-3ada67547d363eb1,Facilitated Project,5231 Airport Service Rd,1,provisional_singleton
mp-362a988a5c4705d5,Change of use/occupancy,1020 W Busch Blvd,1,provisional_singleton
mp-0a887ecfeb93e8a6,REISSUE - Owner-2nd story addition,1015 E Chilkoot Ave,1,provisional_singleton
mp-6c38df2326f219ef,REISSUE - OWNER - Int/ext alteration,1921 E 5th Ave,1,provisional_singleton
mp-6b382aef34c058ac,REISSUE - Non-structural remodel,2918 E 23rd Ave,1,provisional_singleton
mp-7c390ee3734fbfd3,bathroom remodel,3506 W McElroy Ave,1,provisional_singleton
mp-ca003772b579af8e,comm remodel of hair salon,720 S Village Cir,1,provisional_singleton
mp-914ee52b70536c65,OWNER - New sfr,6403 N Melville Ave,1,provisional_singleton
mp-11966c76ea50858a,Reissue: Addition & Remodel,308 E Hanna Ave,1,provisional_singleton
mp-e4c67c53d288ecc2,Re-Issued: Exterior Remodel,4601 S Shamrock Rd,1,provisional_singleton
mp-42cc5c0df9a3c31a,Unit 2: Living space addition over garage,206 S Moody Ave,1,provisional_singleton
mp-1230796a7a2f8259,REISSUE - res interior/exterior remodel,1505 E Shadowlawn Ave,1,provisional_singleton
mp-4d3e826dc1fb982d,Owner: Enclose Carport,1739 W Comanche Ave,1,provisional_singleton
mp-865eb323d670d0f2,REISSUE - Interior remodel,304 E Park Ave,1,provisional_singleton
mp-762d0c68b7114488,Re-opened Addition,2915 W Arch St,1,provisional_singleton
mp-6f9fcaa21c9c695f,REISSUE - OWNER: Threshold: Kitchen Remodel,859 Seddon Cove Way,1,provisional_singleton
mp-3c9455ea6fcf6475,PRIVATE PROVIDER: U:1 townhome,2605 W Cleveland St N,1,provisional_singleton
mp-643f7d3f1f8c6cc7,Re-opened New SFR,3109 E 10th Ave,1,provisional_singleton
mp-a5b306db08b399c9,Unit 1: Living space addition over garage,206 S Moody Ave,1,provisional_singleton
mp-e64fa8fa40845f1c,REISSUE - Remodel,2114 W Jetton Ave,1,provisional_singleton
mp-cc48a446b99c38a7,REISSUE - Interior/Exterior Remodel,3512 E Dr Martin Luther King Jr Blvd,1,provisional_singleton
mp-ec23ac197a342c43,Facilitated Project,4725 W Price Ave,1,provisional_singleton
mp-0f603f39fc4e0ad5,Facilitated Project,4724 W Paul Ave,1,provisional_singleton
mp-8a751e33b047add5,Facilitated Project,4720 W Paul Ave,1,provisional_singleton
mp-5dc0491f0fa9230e,Facilitated Project,4721 W Price Ave,1,provisional_singleton
mp-ecae321a348fcde6,Facilitated Project,4723 W Price Ave,1,provisional_singleton
mp-7326100de80cb635,REISSUE - UNIT A: Townhome,5108 Old Columbus Dr,1,provisional_singleton
mp-ca3d07500dfa51a8,PRIVATE PROVIDER: U:2 3storyTownhome,2605 W Cleveland St N,1,provisional_singleton
mp-3484d9b434b378d7,Interior and exterior Alteration,3409 N Armenia Ave,1,provisional_singleton
mp-5c69a7126b338423,STARBUCKS: Site/Foundation,4732 N Dale Mabry Hwy,1,provisional_singleton
mp-c84f4e9395745da2,REISSUE - res remodel,11411 N 19th St,1,provisional_singleton
mp-16ff13ac430c2a03,REISSUE - UNIT B: Townhome,5108 Old Columbus Dr,1,provisional_singleton
mp-b6044ac6689c68eb,Re-issued: Addition to Detached Garage,904 S Bruce St,1,provisional_singleton
mp-d62dc0df9275920b,REISSUE - New 2 Story SFR,6705 S Gabrielle St,1,provisional_singleton
mp-43df7420f80346c8,Facilitated Project,301 S New Jersey Ave,1,provisional_singleton
mp-17fdeac0a88853c8,REISSUE - Addition,855 S Church Ave,1,provisional_singleton
mp-3f7d30ce5146e4a9,REISSUE - SPECIAL RESTAURANT 10 seats or less,226 S Boulevard,1,provisional_singleton
mp-1c4757faff0c4531,Re-issued Owner Addition/Remodel,4824 N Mendenhall Dr,1,provisional_singleton
mp-586d809774688ed4,Re-issued New SFR by definition,3617 E Tampa Cir,1,provisional_singleton
mp-bd7167eba2deae5d,Interior/Exterior Remodel,1002 E 21st Ave,1,provisional_singleton
mp-6f935380c9d3fb42,New SFR 1 story,3314 W Douglas St,1,provisional_singleton
mp-39005642fc92b751,Reissue: Interior remodel,1108 W Horatio St,1,provisional_singleton
mp-ed7e26e74369711f,OWNER: Bathroom Remodel,4001 W Pearl Ave,1,provisional_singleton
mp-ba09989267727482,"Owner: Laundry addition, porch, and patio",3422 W Aileen St,1,provisional_singleton
mp-0c8719deacde42dd,REISSUE - Int. Remodel,4611 W Villa Rosa St,1,provisional_singleton
mp-3d90c6e875106eb1,REISSUE - Owner - Interior and exterior remodel and repair,7703 N Arden Ave,1,provisional_singleton
mp-af401f0e19100b17,Re-issued REISSUE - Unit 1: Townhome,7004 S Mascotte St,1,provisional_singleton
mp-5e0a33fa62dc992d,REISSUE - Non-structural remodel,96 Adalia Ave,1,provisional_singleton
mp-65446756cb6a8908,PRIVATE PROVIDER: RENOVATIONS BREWERY,1600 E 8th Ave,1,provisional_singleton
mp-6fd2670c5bb74e06,Re-issued Addition and remodel,3304 W Paul Ave,1,provisional_singleton
mp-328015006364e919,Facilitated Project,5415 Mariner St,1,provisional_singleton
mp-2c609c6969bf5add,Facilitated Project,85 Davis Blvd,1,provisional_singleton
mp-a442f8e32cf12e7e,"Re-issued New, 2-story SFR w/ attached garage",3203 W Nassau St,1,provisional_singleton
mp-5b7493f4c55fb443,REISSUE - New SFR,830 S Rome Ave,1,provisional_singleton
mp-ad62e425b09b4a2d,Re-issued FEMA: PRIVATE PROVIDER: NEW 3 STORY SFR,522 Riviera Dr,1,provisional_singleton
mp-b9c52bdc59def986,Facilitated Project,809 W Linebaugh Ave,1,provisional_singleton
mp-59859e699fbedfac,Fema: New 2 Story SFR,4435 W Bay Villa Ave,1,provisional_singleton
mp-4d2295d9ba840387,REISSUE - res remodel - kitchen and bath,5111 E 113th Ave,1,provisional_singleton
mp-c1596c38d9790c3e,Facilitated Project,1520 W Spruce St,1,provisional_singleton
mp-0bbabe0cbf48047f,MASTER SITE - Tampa Hope- Phase 1,3704 E 3rd Ave,1,provisional_singleton
mp-860571a0a891aa69,Re-opened Interior/Exterior Alteration,2010 E Powhatan Ave,1,provisional_singleton
mp-6a7e379d77826359,THRESHOLD: Commercial alteration - all levels,2907 W Bay To Bay Blvd,1,provisional_singleton
mp-695a24f366203a8c,09-02-25 KPI,2909 W Bay To Bay Blvd,1,provisional_singleton
mp-b5d4828538a97159,REISSUE - FEMA: NEW SFR 3STORIES,5130 W Longfellow Ave,1,provisional_singleton
mp-03cb21c8743d5ee7,Facilitated Project,1000 W Fig St,1,provisional_singleton
mp-2158038af76570a4,Mstr Site and Bldg 1 of 3: Gator Automotive Building,5220 S Lois Ave,1,provisional_singleton
mp-b32df5f8185c61e1,FEMA:PRIVATE PROVIDER: THRESHOLD:SHELL/COMPLETE: Phase 2: Shell to Complete - Mariner Street Apartments,5415 Mariner St,1,provisional_singleton
mp-e03e608b6a58d266,FEMA:PRIVATE PROVIDER: 3-Story SFR,20 S Treasure Dr,1,provisional_singleton
mp-83c8523d58033ef0,Bldg 3 of 3: RV Building A,5220 S Lois Ave,1,provisional_singleton
mp-f9c73ecd72bf26fe,PP: Re-opened New 1-story SFR,7812 N Mulberry St,1,provisional_singleton
mp-e6a7754657f52e61,Facilitated Project,4130 W Gandy Blvd,1,provisional_singleton
mp-d42a6f0f5d2d2508,Re-issued kitchen remodel,2718 N Myrtle Ave,1,provisional_singleton
mp-7677e7b70d429e64,Re-opened Addition: Original issuance date 07/24/2023,3401 W Carrington St,1,provisional_singleton
mp-bf6ae68503e99693,Re-issued Reissue: Owner - Addition,1909 E Emma St,1,provisional_singleton
mp-0ff43b51c35513eb,Reissue: New SFR,813 W Hiawatha St,1,provisional_singleton
mp-abb37d1d0e4ed4b5,OWNER: Re-opened Addition - Terrace & Bathroom,3302 W Ellicott St,1,provisional_singleton
mp-98be44bf53e370f3,Re-opened New SFR,3210 Deleuil Ave,1,provisional_singleton
mp-1f0d4486a066e778,Facilitated Project,5231 Airport Service Rd,1,provisional_singleton
mp-450be26e63174412,Buildout: Coffee Lounge,1953 W Cass St,1,provisional_singleton
mp-a7c66d184bc576d5,Addition & Interior Alteration,3009 W Leroy St,1,provisional_singleton
mp-791683ebf75f2651,OWNER:Re-opened Addition - Enclose Garage Into Bedroom,4810 N Gomez Ave,1,provisional_singleton
mp-2c3d4f1e3516931e,OWNER - Garage,1309 E Sligh Ave,1,provisional_singleton
mp-329988380be339a0,REISSUE - Change of Use/Occupancy and Addition: Child Care to Business,813 E 109th Ave,1,provisional_singleton
mp-b00d1fe46227dbfa,Blind Tiger kiosk,2223 N West Shore Blvd,1,provisional_singleton
mp-d4b92c10b21fd4d2,THRESH: Noho Flats Phase 2-complete,401 N Rome Ave,1,provisional_singleton
mp-1ef15f9f0ebbefc6,Facilitated Project,4630 N Rome Ave,1,provisional_singleton
mp-cbfddce7ae1fa98e,PRIVATE PROVIDER: NC 4-Unit 3-Story Townhouse,212 W Ross Ave,1,provisional_singleton
mp-a3fdf3a0363d6f62,REISSUE - New 2 Story SFR,1002 E Osborne Ave,1,provisional_singleton
mp-5603176854144efb,PP:REISSUE - New 2 Story SFR,2114 W Southview Ave,1,provisional_singleton
mp-5874d4bc6328f8dd,SEC: COT G8 Water Treatment Facility - new filter bldg,7125 N 30th St,1,provisional_singleton
mp-f319bd0db13ddab5,REISSUE - 11 Townhouse BLDGs - 39 Units,1614 N Nebraska Ave,1,provisional_singleton
mp-1aedf6b99660fd03,New SFR 1 story,3420 N 10th St,1,provisional_singleton
mp-0cc5309b7edc2b19,OWNER:PP: Re-opened SFR W/Garage and Accessory Structure,1915 E 5th Ave,1,provisional_singleton
mp-375b0dfe0c9a47a6,REISSUE - Addition and Remodel,1707 W Louisiana Ave,1,provisional_singleton
mp-a02741e009e07cd3,Re-issued Interior/Exterior Remodel w/Violation,7101 N Coarsey Dr,1,provisional_singleton
mp-3bca3b3b5d88b039,Facilitated Project,3207 N Florida Ave,1,provisional_singleton
mp-a146fe7e410ca959,REISSUE - Interior/Exterior Alteration - After The Fact,3619 Phillips St,1,provisional_singleton
mp-39507fb6173dae38,New 2 story acc structure,716 S Willow Ave,1,provisional_singleton
mp-6c2ae6a6a4397203,REISSUE - OWNER -ATF: Addition and Remodel W/Violation,911 S Oregon Ave,1,provisional_singleton
mp-dc439a8afdc7d630,Salem's Training Center-complete,1015 E Hillsborough Ave,1,provisional_singleton
mp-17b746fa99715aff,Salem's office Bldg,1015 E Hillsborough Ave,1,provisional_singleton
mp-d929a1ced8482696,REISSUE - FEMA - Interior/Exterior Alteration - After The Fact,2024 Gordon St,1,provisional_singleton
mp-08ae953fe0a782aa,Re-opened OWNER:REISSUE Convert Lanai into Livingspace,3416 S Lightner Dr,1,provisional_singleton
mp-28487cc882d94ddc,Re-issued Owner: Addition,1906 Brust Ave,1,provisional_singleton
mp-6a3b3eecebbbbd8f,"REISSUE - Interior Alteration - HVAV Renovations - Buildings 3, 4, & 5",3001 University Center Dr,1,provisional_singleton
mp-1b510e900f6b89d3,Exterior and interior remodel,1703 E Nome St,1,provisional_singleton
mp-a50de8e54ee4c81e,REISSUE - Interior remodel-- Suite 110,202 S Rome Ave,1,provisional_singleton
mp-8e913148efffb8c1,Re-issued Remodel,6804 N Willow Ave,1,provisional_singleton
mp-035201f75ec37405,PP:MASTER SITE SOUTH: BUILDING A: Interior & Exterior Renovations,1701 W North A St,1,provisional_singleton
mp-48868de846ebc01a,Fema: Threshold: New Hampton Inn & Suites Hotel,3812 Pinewood St,1,provisional_singleton
mp-3ba1b0b0990ed4d3,CHANGE OF USE/OCCUPANCY: Residence to Business - Interior/Exterior Alteration - Legalize Existing Detached Metal Shed,4410 N Clark Ave,1,provisional_singleton
mp-deb366aa1ba70389,Re-issued Addition,1405 S De Soto Ave,1,provisional_singleton
mp-ec34eb722ccd2e69,REISSUE - Remodel,3602 W Mullen Ave,1,provisional_singleton
mp-78007a1190418738,Phase 1: Site and Foundation (Building B) - Multi-Family Apartment Building-,5411 W Tyson Ave,1,provisional_singleton
mp-dff7bfe310f5b0eb,Re-opened New 2-Story SFR,1004 W Beacon Ave,1,provisional_singleton
mp-27c5012f96d4aa0f,"REISSUE- OWNER -Addition, Enclose Carport & Alteration",2737 W Leroy St,1,provisional_singleton
mp-26069d1e5f627e52,Facilitated Project,211 S Gomez Ave,1,provisional_singleton
mp-a86c3f6ee3d7019d,3 stories - Fee Simple Townhouse w/ 3 units,2138 W Nassau St,1,provisional_singleton
mp-7a5ff77e6d9caf3e,3 Stories- Mixed use building,3120 N Florida Ave,1,provisional_singleton
mp-78fbdde09d08cfff,REISSUE - New Salem's Restaurant Complete,5144 E Busch Blvd,1,provisional_singleton
mp-11e60b6b90dc313d,Re-opened NEW SFR-2 Story,3412 W La Salle St,1,provisional_singleton
mp-14bd9c39ac8fb0fc,Re-issued REACTIVATED - New 2-Sty SFR,2120 W Bird St,1,provisional_singleton
mp-c14d17388fac0bcf,Re-issued 2-Story Addition,2919 W Villa Rosa,1,provisional_singleton
mp-c17ea2391fc3b751,Re-issued Convert to living space/Addition,10206 N 28th St,1,provisional_singleton
mp-9cf976704923c1ca,Marco's Pizza- Change of occupancy-Interior build out,1904 W Kennedy Blvd,1,provisional_singleton
mp-0e416d804e335f4d,Facilitated Project,1706 W North B St,1,provisional_singleton
mp-e17e9d757f838a53,REISSUE - Owner: Carport Enclosure & Ext Family Addition,304 Marham Ave,1,provisional_singleton
mp-25351d6f9c40e8c0,Facilitated Project,210 N Rome Ave,1,provisional_singleton
mp-b81e860f7ab80dc9,Interbay Commons- Mixed use- Master Site & foundation for 2 comm Bldgs,6204 Interbay Blvd,1,provisional_singleton
mp-88fe2002fd96a218,Facilitated Project,310 W Columbus Dr,1,provisional_singleton
mp-c6ff593388f60ae1,Re-issued FEMA - Addition and Remodel,6012 S Switzer Ave,1,provisional_singleton
mp-5b9540f1b6eae349,Re-issued New 3-Story SFR,6216 Bayshore Blvd,1,provisional_singleton
mp-2bfd0458d04d35a7,THESHOLD: FEMA: PP: NEW SFR - New SFR 4 Story 8beds/6baths with garages,202 Blanca Ave,1,provisional_singleton
mp-359301f98690ada7,REISSUE - Duplex -2 Story,3408 E 9th Ave,1,provisional_singleton
mp-156d50e976000491,PRIVATE PROVIDER: THRESHOLD: Legacy Heights- 5 Story Multifamily Unit with Retail/Business,623 E 7th Ave,1,provisional_singleton
mp-9585920990ae6f3c,REISSUE - CMP-23-0004606: Reissue: Interior / Exterior Remodel. Residential Group R4-Assisted Living Facility (ALF),211 N Albany Ave,1,provisional_singleton
mp-becbe6373673fa68,Re-opened Int./Ext. Remodel w/Violation,1813 E Navajo Ave,1,provisional_singleton
mp-3c555f2db745f09b,OWNER-Addition,5520 N 48th St,1,provisional_singleton
mp-f8ff7da8487cf28e,REISSUE - Repair fire damaged Roof,2425 W State St,1,provisional_singleton
mp-5cd64bc3cad8c9da,Facilitated Project,1206 W Lemon St,1,provisional_singleton
mp-482bbce4e5d9fb9a,04-18-25 KPI,3705 Temple St,1,provisional_singleton
mp-a9aaf288887e8721,10 Townhouse Units - 3 Story,3201 W Tampa Bay Blvd,1,provisional_singleton
mp-25ca85a898e48d88,05-16-25 KPI,82 Adalia Ave,1,provisional_singleton
mp-766844ba653d2548,New SFR (A),942 E 11th Ave,1,provisional_singleton
mp-d88e8bd547135a32,New 2-Story SFR (B),942 E 11th Ave,1,provisional_singleton
mp-54f2f17016247c11,New 2 Story SFR - 5 bedroom - 5.5 bathrooms,4201 W Beachway Dr,1,provisional_singleton
mp-21fe57026b04f8e9,New Warehouse: Clark Warehouse Site and Foundation,4720 N Clark Ave,1,provisional_singleton
mp-b1136d76f0d0376c,REISSUE - PRIVATE PROVIDER: Suite 214 Restaurant Palazzo Pizza,214 E Cass St,1,provisional_singleton
mp-b5d3c29acd0465a3,OWNER:Re-opened: ADDITION & New Detached Garage,4330 S Grady Ave,1,provisional_singleton
mp-11c2bf7faed428ea,Accelerated and Facilitated Project,2302 E Hillsborough Ave,1,provisional_singleton
mp-58c92b3795997140,09-05-25 KPI Accelerated Project,4101 E Pocahontas Ave,1,provisional_singleton
mp-64876d762c755caa,Interior/Exterior Alteration,4604 W Vasconia St,1,provisional_singleton
mp-65dc2c4204594047,New Comm Building-Troop 4 Boy Scout,1080 S Clearview Ave,1,provisional_singleton
mp-59cb7c5f62b27428,"REISSUE: Dining Room, Second Floor Open Porch and Porch Addition",906 S Fremont Ave,1,provisional_singleton
mp-ca12df82bd1b5d7d,09-12-25 KPI,4405 N Hesperides St,1,provisional_singleton
mp-5fc178d905ff2899,Re-issued Owner: Addition and Renovation,207 W Osborne Ave,1,provisional_singleton
mp-c9a74fa359347a32,10-31-25 KPI,4220 E Yukon St,1,provisional_singleton
mp-840827e68e8dfd59,THRESHOLD: Site and Foundation only,1281 Ray Charles Blvd,1,provisional_singleton
mp-51a261e18c8d34b6,FEMA: PP: - New 3-Story SFR,546 Riviera Dr,1,provisional_singleton
mp-4337e987e7a8026c,Change of Occupancy - Interior Alteration - Tasting Room Modifications - Wine Stream,1915 W Cherry St,1,provisional_singleton
mp-68ccacd0c13d24a3,Starbucks- Shell only,4732 N Dale Mabry Hwy,1,provisional_singleton
mp-94853200b6967246,New 2-Story SFR,4219 W Bay View Ave,1,provisional_singleton
mp-d1538619df4eadb2,Re-issued New SFR 3 story w/ attached garage,2913 W El Prado Blvd,1,provisional_singleton
mp-972943863f5da147,Facilitated Project,1281 Ray Charles Blvd,1,provisional_singleton
mp-a3744720116bc9a2,REACTIVATED - New SFR,816 W Warren Ave,1,provisional_singleton
mp-bc91bcf301739621,New 2 Story SFR,1509 E Knollwood St,1,provisional_singleton
mp-5f5cb942d3087547,REISSUE - PRIVATE PROVIDER:ADDITION & REMODEL,1723 W Hills Ave,1,provisional_singleton
mp-0737b73cbfec5c7f,2-Story Rear Addition,1711 W Jetton Ave,1,provisional_singleton
mp-e11e47e2b8579adc,Re-opened: Owner: Addition & Remodel,1821 Meridel Ave,1,provisional_singleton
mp-ea88cc2b5ecda55b,Interior/Exterior Alteration - After The Fact,3206 N 40th St,1,provisional_singleton
mp-ce99f779b130cb39,Interior Alteration - Fire Damage,3214 W Santiago St,1,provisional_singleton
mp-7934bb979429e3be,Re-issued REISSUE - Detached Garage Conversion,302 W Ida St,1,provisional_singleton
mp-f153861c99f5accb,REISSUE - FEMA - Interior/Exterior Alteration,4529 Henderson Blvd,1,provisional_singleton
mp-c30360504b49c92c,New 2-Story SFR,2309 N Riverside Dr,1,provisional_singleton
mp-d1ec885cd4bb2aaa,New 2-Story SFR,2311 N Riverside Dr,1,provisional_singleton
mp-bf6e1e5e182f6417,PRIVATE PROVIDER: New Retail Bldg- Site/Foundation/Shell,11210 N 30th St,1,provisional_singleton
mp-9e5a5a0b5ed26134,OWNER: Convert Carport to garage/1st and 2nd floor Addition,2123 W Farwell Dr,1,provisional_singleton
mp-fdbd670f60694ca2,New 4-Story Commercial Bldg. With 1st Floor Garage,2309 E 3rd Ave,1,provisional_singleton
mp-144a466c4f2d03de,VETERAN - REISSUE: Addition and exterior alterations,111 W Lambright St,1,provisional_singleton
mp-c69844e32d4dcaa4,"FEMA:New 3 story SFR with 5beds/7baths -garages, lanai & cabana, balcony & sun deck",2417 S Dundee St,1,provisional_singleton
mp-ad2aa9ca8701e8fa,New 2-Story SFR,6828 S De Soto St,1,provisional_singleton
mp-83ed4391507f81ca,FEMA: PRIVATE PROVIDER: New 2-sty SFR,4215 W Cleveland St,1,provisional_singleton
mp-1c07ca222f0eaefe,Additions - Animal Health & Wellness Center,3809 N Armenia Ave,1,provisional_singleton
mp-0142f4615eebb150,OWNER-Re-opened ATF: New Accessory Structure w/ violation CMP-23-0017748,813 W Hollywood St,1,provisional_singleton
mp-e32f4f02747ceebe,FEMA: New 3-Story SFR,6218 Bayshore Blvd,1,provisional_singleton
mp-742a68efba2d1d85,FEMA: CAD: SEC: COT G8 SW Parking Garage Master Site,106 S 34th St,1,provisional_singleton
mp-c5d283fd0d6ba940,REISSUE - New SFR 2 story w/ attached garage,123 Adalia Ave,1,provisional_singleton
mp-3551666c3d0a7a08,Owner /NEW SFR-1 Story,6011 N 18th St,1,provisional_singleton
mp-8b77a65fe3799648,*Vested under FBC 7th Ed*,5011 S The Riviera St,1,provisional_singleton
mp-070c00e11aa7da19,Walk in Freezer,3902 E Columbus Dr,1,provisional_singleton
mp-53ffb2ce5a009084,SEC:FEMA:THRESH Surgical Pavilion- Site & Foundation-Vested 7th edition,6 Tampa General Cir,1,provisional_singleton
mp-3160dfc6b3e08390,Accelerated Project,2302 E Hillsborough Ave,1,provisional_singleton
mp-bc5733c0ffa3a777,PRIVATE PROVIDER : NC-Complete: The Landing at Riverwalk-Mixed Use Bldg,2502 N Boulevard,1,provisional_singleton
mp-4163b22dcd9b2431,SECURE: THRESHOLD: Tampa Museum of Art,120 W Gasparilla Plz,1,provisional_singleton
mp-af916736f0bef49c,Re-opened Accessory Structure,4708 W Richardson Ave,1,provisional_singleton
mp-319317f05739e612,REISSUE - TIA Project: Interior/Exterior Alteration - Long Term Parking Garage - Level 4 & 8,4000 George J Bean Pkwy,1,provisional_singleton
mp-3d221e823fe9efbb,Re-issued Interior/Exterior Alteration - After The Fact,3108 E Henry Ave,1,provisional_singleton
mp-a7997c8a29eab929,Facilitated Project,1306 E 4th Ave,1,provisional_singleton
mp-cfec0a68064e873d,Facilitated Project,1301 E 4th Ave,1,provisional_singleton
mp-b3e905237088d4e9,Facilitated Project,1302 E 2nd Ave,1,provisional_singleton
mp-9f8ef7447cfca05f,"New 2 Story SFR 4 beds / 4 baths with 2 car garage, patio, deck and balcony",1914 W Grace St,1,provisional_singleton
mp-d4e539436b869586,Re-opened Owner: Garage Converted/Remodel,820 W 116th Ave,1,provisional_singleton
mp-7483bf8d9e08cee3,SEC: COT G8 New Admin Bldg-Solid Waste,110 S 34th St,1,provisional_singleton
mp-ba208e97cf468e05,06-13-25 KPI,108 S 34th St,1,provisional_singleton
mp-cfcb5ff62ae5dc0b,FEMA: PRIVATE PROVIDER: 3 Stories: New SFR,5018 W Leona St,1,provisional_singleton
mp-c50c67e108f6bfa2,03-27-25 KPI,2409 E Lake Ave,1,provisional_singleton
mp-53ef7282692ebfd9,REISSUE - Interior Remodel,1903 W Jetton Ave,1,provisional_singleton
mp-6a4ac6febf8abc9f,Gracepoint Wellness Tampa WPH,2208 E Henry Ave,1,provisional_singleton
mp-fae44401698a648c,Addition,3107 N Jefferson St,1,provisional_singleton
mp-2a21d1f712e3517f,FEMA: New 2-Story SFR,21 Bahama Cir,1,provisional_singleton
mp-1eb4371c6ae01449,OWNER - FEMA - Addition to Rear of Property,4511 W Fig St,1,provisional_singleton
mp-cec1ed828926e998,3-stories:Fee Simple Townhouses: 3 units,3707 W McKay Ave,1,provisional_singleton
mp-8c8b6556b011325f,Master Site: Fee Simple Townhouses: 3 units,3709 W McKay Ave,1,provisional_singleton
mp-b51a7e87e3fa8268,03-24-25 KPI,110 S 34th St,1,provisional_singleton
mp-40a5fe45aeeb70a9,REISSUE - **OWNER**Addition,802 W Minnehaha St,1,provisional_singleton
mp-4432ce06a16d6597,PRIVATE PROVIDER: NEW SFR-2 Story,905 S Golf View St,1,provisional_singleton
mp-0094ba893dd1418b,PP: Construction of 42 story mixed-use condominium tower; shell permit,520 N Tampa St,1,provisional_singleton
mp-ee5ef2d41a0c9054,FEMA - Interior Alteration - After The Fact - Kitchen & Bath,4416 W Bay Court Ave,1,provisional_singleton
mp-d0673b47e0149084,"Re-issued FEMA - Convert Carport Into Living Space, New Garage, Interior/Exterior Alteration",207 S West Shore Blvd,1,provisional_singleton
mp-124a98928ea16a94,REISSUE - OWNER: ATF: Addition & Int/Ext-Remodel - CMP-23-0016715,2119 W Burke St,1,provisional_singleton
mp-c47cb7b54fdb1ec1,07-24-25 KPI Accelerated Project,806 E McEwen Ave,1,provisional_singleton
mp-47273029c8c5ecbd,Re-opened PRIVATE PROVIDER: New 1-Sty SFR,907 E 26th Ave,1,provisional_singleton
mp-f8573fdd02e7637a,Re-issued PRIVATE PROVIDER:ADDITION,3405 W Vasconia St,1,provisional_singleton
mp-c88c8563284154cd,FEMA - Site & Foundation - New 2-Story Restaurant - BRM Pizza Enterprises LLC,3401 S West Shore Blvd,1,provisional_singleton
mp-8e7378a343f810f8,New 3 Story SFR,1003 W Braddock St,1,provisional_singleton
mp-7b7d3469682ee53d,Re-opened NEW SFR-1 Story,8103 N Alaska St,1,provisional_singleton
mp-e2f4b4a4a10ba060,REISSUE - FEMA/OWNER - Addition - Rear Porch & Pergola,4811 W Beachway Dr,1,provisional_singleton
mp-a9f06cd856cbd9aa,Re-issued OWNER-ATF: Addition/ Interior/ Exterior Remodel w/ violation CMP-23-0009362,10107 N Newport Ave,1,provisional_singleton
mp-3d30d1b839e6df07,FEMA - NEW SFR-3 Story,103 Martinique Ave,1,provisional_singleton
mp-fa9f19c68dd04efe,REISSUE - Interior Alteration,909 E Lake Ave,1,provisional_singleton
mp-1f5d767dde050944,REISSUE - ATF: Interior Remodel w/ violation CMP-24-0000041,3206 N 29th St,1,provisional_singleton
mp-63a7baaffb4867a1,REISSUE - New Office Building - Changing From Residential to Commercial,3317 W Cypress St,1,provisional_singleton
mp-dfca39cfe38eb6af,Build accessory structure with bathroom. Pottery Studio Hobby area.,4102 W Wyoming Ave,1,provisional_singleton
mp-c2f2ab62ced2d622,New SFR 1 Story w/garage,2617 E Palifox St,1,provisional_singleton
mp-45024e38ea92f95a,REISSUE - ATF: Addition w/violation CMP-24-0003338,2602 E 10th Ave,1,provisional_singleton
mp-678d492b6ba9243b,FEMA: Addition/Remodel,1305 E Park Cir,1,provisional_singleton
mp-6efab2960f11d3bd,OWNER-FEMA: New Construction: Detached Garage with 2nd floor living area,701 E Hollywood St,1,provisional_singleton
mp-8d33fc76900cab2b,SEC:FEMA:THRESH: TGH West Pavilion,1 Tampa General Cir,1,provisional_singleton
mp-23a767e451f086a5,04-02-25 KPI,1015 E 24th Ave,1,provisional_singleton
mp-bbd80b379f73106c,FEMA: PRIVATE PROVIDER - New 3 Story SFR,5023 W Leona St,1,provisional_singleton
mp-5d0b508602bf5eab,REISSUE - Remodel - violation CMP-24-0002433,8121 N Orleans Ave,1,provisional_singleton
mp-2a33027ecab23404,Re-opened New 3 Story Fee Simple SFR Unit 1-West Half,107 E Warren Ave,1,provisional_singleton
mp-aae2977a35a0d4ed,Re-opened New 2 Story SFR,3024 W Spruce St,1,provisional_singleton
mp-b80fadf5df07b563,Re-issued Addition - Porch Conversion into Living Space & ATF-Storage Shed Install,1906 E 31st Ave,1,provisional_singleton
mp-a095697c8474bbf0,Re-issued Addition - Convert Screen Room Into Conditioned Space,9408 N 17th St,1,provisional_singleton
mp-51373e2db3cc41a2,PP: ATF-CMP-23-0003395-4015 E Osborne Ave (ACA),4015 E Osborne Ave,1,provisional_singleton
mp-dee7d4f26636c354,OWNER - Re-opened ATF-ADDITION w/ violation CMP-23-0002541,2313 E 111th Ave,1,provisional_singleton
mp-83a1599f16d26651,Re-opened ATF-Interior Repair work w/ violation (CMP-23-0003696),2510 W Dewey St,1,provisional_singleton
mp-2d06f8f83859c561,Re-opened Unit 1: Townhouse - Attached Garage,3110 N Tampa St,1,provisional_singleton
mp-051b48ecceb200a3,PP: NC-Complete - 3-stories: Fee Simple Townhouses: Unit A,107 E Euclid Ave,1,provisional_singleton
mp-a556d2321e244bf1,PP: New 3 Story: Fee Simple Townhouse Unit B,107 E Euclid Ave,1,provisional_singleton
mp-8bb96d52a29374f4,Remodel: Change of use: MEP's,802 E Waters Ave,1,provisional_singleton
mp-a9555492e73747ad,FEMA: PRIVATE PROVIDER: - New 3-Story SFR,5024 W Leona St,1,provisional_singleton
mp-c6c3d4b0a002698e,"Garage Conversion, Rear Addition and Home Remodel SCOPE OF WORK ADDED FROM BLD-23-0498733",5408 S Martin Ave,1,provisional_singleton
mp-bdb2fb1717f6b9c0,interior/exterior remodel,1112 Scott St,1,provisional_singleton
mp-20fe8b54056413b8,Re-issued OWNER ATF: Bedroom & Bathroom Addition w/ violation CMP-24-0005417,8738 N 27th St,1,provisional_singleton
mp-400e3e3be9dbd031,REISSUE: Addition/Remodel,823 S MacDill Ave,1,provisional_singleton
mp-3aa270620a126a02,Interior/Exterior remodel - NOHO Lofts,401 N Rome Ave,1,provisional_singleton
mp-e48fce925d853abc,Re-opened Unit 2: Townhouse - Attached Garage,3110 N Tampa St,1,provisional_singleton
mp-84d3f2271ae1ae62,New 2-Sty Townhouse Unit C,2525 Bayshore Blvd,1,provisional_singleton
mp-c8a870ee1c7e1ca6,PRIVATE PROVIDER: NEW SFR,928 E 11th Ave,1,provisional_singleton
mp-7af42f03b1bdb96d,PRIVATE PROVIDER: New 2Sty SFR,926 E 11th Ave,1,provisional_singleton
mp-cd8691172792913b,FEMA:PRIVATE PROVIDER:NEW SFR,5117 W Poe Ave,1,provisional_singleton
mp-c712fb16319ef676,REISSUE - New 1 Story SFR,4202 N 26th St,1,provisional_singleton
mp-ed7faa6e202b24fa,REISSUE - Remodel and Addition of Roof Deck CMP-26-0000913,3105 W San Rafael St,1,provisional_singleton
mp-91e3855f7dae75f6,07-29-25 KPI,5511 N Nebraska Ave,1,provisional_singleton
mp-44147d05eb702841,NEW SFR-2 Story,6207 S Martindale Ave,1,provisional_singleton
mp-4c41a5f8e78a1419,Addition: Extend Existing Loading Dock-Good Food Creation LLC,5910 N Florida Ave,1,provisional_singleton
mp-bab2cba4d5a53ae2,Addition/Remodel (Repair Fire Damage),2919 E 19th Ave,1,provisional_singleton
mp-2731da8e20943072,Re-issued REISSUE - Remodel: MEP's,1712 W Morrison Ave,1,provisional_singleton
mp-524758a2b85b60e5,FEMA: 2-stories New SFR,10 Ladoga Ave,1,provisional_singleton
mp-fc4f00de825284e7,04-25-25 KPI,2509 W Kenmore Ave,1,provisional_singleton
mp-64a5734fdb43b7c5,THRESHOLD: PP: Charley's Steakhouse Site & foundation,1965 N West Shore Blvd,1,provisional_singleton
mp-ed07ff4eb9e016b9,Addition: 2 Story,3613 W Palmira Ave,1,provisional_singleton
mp-3aa2c19393d2da13,FEMA - New SFR-3 Story,4912 W San Rafael St,1,provisional_singleton
mp-dc2a770372de9080,FEMA: Addition: Rear Lanai,207 S Renellie Dr,1,provisional_singleton
mp-7853ccdcbe38e3aa,FEMA:OWNER: New 3 Story SFR,834 S Davis Blvd,1,provisional_singleton
mp-76328e1d142e3a41,07-29-25 KPI,2707 E 22nd Ave,1,provisional_singleton
mp-a50d44855259e4e1,New 3-Sty Townhome - Unit 1-North Side,205 N Albany Ave,1,provisional_singleton
mp-a7df960b53191540,New 3-Sty Townhome - Unit 2-South Side,205 N Albany Ave,1,provisional_singleton
mp-dce556b894de3286,FEMA--ATF--CMP-24-0007011--7311 S Swoope St (ACA),7311 S Swoope St,1,provisional_singleton
mp-2469128f43e089f8,FEMA--ATF--CMP-24-0007018--7313 S Swoope St (ACA),7313 S Swoope St,1,provisional_singleton
mp-bea67d024e60a68d,Re-opened New 2-Sty SFR,4606 Fairway Dr,1,provisional_singleton
mp-ec7451bacdd190a3,Re-opened New 2 Story SFR,4606 Fairway Dr,1,provisional_singleton
mp-af2a5a3a9bacad60,07/30/25 KPI,8210 N Orleans Ave,1,provisional_singleton
mp-72f0445cac11a27c,REISSUE New 1-Sty SFR,8210 N Orleans Ave,1,provisional_singleton
mp-905c9e338cb37ef6,Re-issued OWNER / Addition w/ Interior/Exterior Remodel,2713 Bel Aire Cir,1,provisional_singleton
mp-6abbef3c975508fc,FEMA - Interior Alteration - HPAPI Suite - Lonza Pharma & Biotech,5415 W Laurel St,1,provisional_singleton
mp-0ef3d95b3b803c67,REISSUE - FEMA - Interior/Exterior Alteration,7214 S Juanita St,1,provisional_singleton
mp-5556b646318f0741,FEMA New 2 Story SFR,1113 Culbreath Isles Dr,1,provisional_singleton
mp-5473ac4d4518a1c6,FEMA: New SFR-3 Story 2 car garage,5002 W Dickens Ave,1,provisional_singleton
mp-e1f633781d2da0a4,Re-opened Covered Lanai and Room Addition,4105 S Drexel Ave,1,provisional_singleton
mp-6a31d2c66e3cd27c,New 1-Sty SFR,8410 N Lamar Ave,1,provisional_singleton
mp-901e464f00799916,Re-opened FEMA - New 2-Story SFR,4625 W Lamb Ave,1,provisional_singleton
mp-27f838ca255077b1,OWNER-Addition & Remodel,7406 N Rome Ave,1,provisional_singleton
mp-f3905932c7afdc69,Re-issued New SFR,4106 E Knollwood St,1,provisional_singleton
mp-95ef5e5cb5635036,Re-opened New 2 Story SFR w/Garage,2514 W Abdella St,1,provisional_singleton
mp-189b68d4e7f5b088,FEMA:PP: 2 Story SFR,4401 W Swann Ave,1,provisional_singleton
mp-c83652bfa37c7c99,Re-issued OWNER: Enclosed carport to living space / Addition / patio / alterations,1512 E Annona Ave,1,provisional_singleton
mp-f3a286c3aaef53f4,FEMA: SITE & FOUNDATION: THRESHOLD: Northwood Ravin Apartments,5100 Memorial Hwy,1,provisional_singleton
mp-cfb3a6e650afee41,NEW SFR with existing SFR onsite,1910 W Horatio St,1,provisional_singleton
mp-7242b5ff5c3407db,FEMA: NEW SFR-3 Story,530 Lucerne Ave,1,provisional_singleton
mp-192cb468004e9c07,New SFR,910 W Peninsular St,1,provisional_singleton
mp-00587be2cc162c7c,New 2-Sty SFR,8210 N Ola Ave,1,provisional_singleton
mp-57fbd000c1cc9d1e,REISSUE - SEC: Replace Roof top Units: Tampa General ISF Bldg & Finance,606 W Kennedy Blvd,1,provisional_singleton
mp-121065fd5004af5f,PRIVATE PROVIDER: FEMA: New 2-Story SFR,7402 S Swoope St,1,provisional_singleton
mp-8ef0d96cdc651f39,REISSUE - Comm Office Remodel-Children Eye Center,5106 N Armenia Ave,1,provisional_singleton
mp-5260154dab879ff4,FEMA: New SFR 3-Story,4530 W Beachway Dr,1,provisional_singleton
mp-a3d7c7a41585de22,09-08-25 KPI,3422 S Beach Dr,1,provisional_singleton
mp-da995fb82dc44de8,Re-issued ATF: Addition - Garage conversion,1716 E Annona Ave,1,provisional_singleton
mp-0069ccff3f14eae5,PP:OWNER:Re-opened New Garage & Remodel,915 E 25th Ave,1,provisional_singleton
mp-df939f8a5446a136,FEMA: PP: New SFR-3 Story,128 Adriatic Ave,1,provisional_singleton
mp-67534ec8adbcf33b,05-12-25 KPI,6010 S Elkins Ave,1,provisional_singleton
mp-e6b8f0a8d4cf95e7,**OWNER**FEMA: Interior remodel,201 W Laurel St,1,provisional_singleton
mp-2c7c4ac12665930e,FEMA: PP: New 3 Story SFR,130 Adriatic Ave,1,provisional_singleton
mp-f1dc46338666a7b3,FEMA: New 2-sty SFR,485 Bosphorous Ave,1,provisional_singleton
mp-faa4de7ed790378c,Re-opened REISSUE: New 2-Sty Townhouse-Unit 1,2917 E Columbus Dr,1,provisional_singleton
mp-ea421455a0fa8801,Re-opened New 2-Sty Townhouse-Unit 2,2917 E Columbus Dr,1,provisional_singleton
mp-a115cc9a599c32c6,Interior Renovation: Suite 200B Bailey Family Foundation,912 W Platt St,1,provisional_singleton
mp-30c73d46da637567,Re-issued FEMA: 3-Story: NEW SFR,210 S Occident St,1,provisional_singleton
mp-0c1292efd7f19baf,Addition/Remodel w/driveway extension,2936 W Wallcraft Ave,1,provisional_singleton
mp-5b16db0927e1e7d2,FEMA - New 2-Story SFR,2608 S Dundee St,1,provisional_singleton
mp-31c41543731b7193,PP: NEW 1Sty SFR,5013 N 29th St,1,provisional_singleton
mp-b6a763a2e8794bd5,New SFR,3307 E 26th Ave,1,provisional_singleton
mp-b9bbcc7f4495f5f7,FEMA: Addition & Remodel,4314 Woodmere Rd,1,provisional_singleton
mp-b371ed47aebf23ed,07-25-25 KPI,201 W Gladys St,1,provisional_singleton
mp-e11facae4cc61d6c,04-17-25 KPI,203 W Gladys St,1,provisional_singleton
mp-304f4e47d07fe6a2,REISSUE - PP:FEMA: 4-STORY THRESHOLD: 5-UNIT TOWNHOUSES: A1: MASTER SITE,6522 S MacDill Ave,1,provisional_singleton
mp-7d567750c9dfeb71,OWNER /Re-opened Addition,3408 W Villa Rosa St,1,provisional_singleton
mp-525d9e6bb784ce61,PP:FEMA: 4-STORY THRESHOLD: 5-UNIT:TOWNHOUSES: A2,6522 S MacDill Ave,1,provisional_singleton
mp-334446292d8a75d0,REISSUE - PP:FEMA: 4-STORY THRESHOLD: 3-UNIT TOWNHOUSES: B,6522 S MacDill Ave,1,provisional_singleton
mp-b92b5fec79c4ee7b,REISSUE - ATF: Addition w/ violation CMP-24-0004027,1209 E 33rd Ave,1,provisional_singleton
mp-73da00b3f0f31ff2,REISSUE: PP:New 2 Story SFR w/Garage,6705 S Himes Ave,1,provisional_singleton
mp-2da1b2e72f298981,REISSUE - FEMA: Ste 19: Com Alt - Cookie Plug,18033 Highwoods Preserve Pkwy,1,provisional_singleton
mp-86e015d46bdfb4cc,PP: Master Site/Foundation/Shell - New Clubhouse,5709 N 47th St,1,provisional_singleton
mp-f65e6810f45710d8,PRIVATE PROVIDER: FEMA: New 2-Story SFR,7404 S Swoope St,1,provisional_singleton
mp-5828991a5208ae97,05-21-25 KPI,5709 N 47th St,1,provisional_singleton
mp-81fd0ff627bc08dd,PP: New Apartment- Bldg. 2,5709 N 47th St,1,provisional_singleton
mp-5aa00f49db756494,PP: New Apartment-Bldg.3,5709 N 47th St,1,provisional_singleton
mp-ea36ba4ab44c5230,PP: New Apartment -Bldg. 4,5709 N 47th St,1,provisional_singleton
mp-722b03c66895119c,PP:SHELL:New Apartment- Bldg.5,5709 N 47th St,1,provisional_singleton
mp-99791f2b08462c8a,Re-issued FEMA: New SFR - 3-Story w/ Attached Garage,4937 W Melrose Ave N,1,provisional_singleton
mp-a3fcfd17837ea28b,REISSUE - Renovation,7207 N 9th St,1,provisional_singleton
mp-14e6613414b4d671,PRIVATE PROVIDER:Shell/Complete: New Car Wash - Sud Stop Car Wash,4103 W Hillsborough Ave,1,provisional_singleton
mp-f12a683c04667968,Re-issued FEMA:PP: New 2-Story SFR,4629 W Longfellow Ave,1,provisional_singleton
mp-0ffafc2b7e41f1f2,04-28-25 vested in FBC7th edition,1710 E 4th Ave,1,provisional_singleton
mp-23c74cce64abaed0,Interior/Exterior Remodel for Juice bar/Catering and butcher area.,2525 E Hillsborough Ave,1,provisional_singleton
mp-b18ffaf18b10fecb,New SFR,11703 Country Club Pl,1,provisional_singleton
mp-8d6c42793a088917,New SFR,707 W Country Club Dr,1,provisional_singleton
mp-9e1f2d28450f5ce5,PRIVATE PROVIDER: Addition/Renovation - Proton Therapy - St. Joseph's Hospital,4508 N Habana Ave,1,provisional_singleton
mp-fdb6716b2100a69b,08-06-25 KPI,7001 Adamo Dr,1,provisional_singleton
mp-9a15cf1ee66bbd47,05-20-25 KPI,4112 N 15th St,1,provisional_singleton
mp-d0b291371ce257c0,REISSUE - OWNER - FEMA - Addition,4406 W Price Ave,1,provisional_singleton
mp-09b76b505924239d,REISSUE - PRIVATE PROVIDER: 3 Stories: New SFR,1307 W Adalee St,1,provisional_singleton
mp-3dfe93c87475b7b8,04-15-25 KPI,4707 Bayshore Blvd,1,provisional_singleton
mp-88d47ca8e1296c6c,FEMA :PP: - New 3-Story SFR,1004 W Henry Ave,1,provisional_singleton
mp-35e4a5f83fbdc533,FEMA: PP:THRESHOLD: Phase 2: Shell/Complete Gasworx Parcel E3,1302 E 2nd Ave,1,provisional_singleton
mp-6109d81114f1eb21,Re-issued PP: Addition & Alteration,3012 W Bay Vista Ave,1,provisional_singleton
mp-0d67e8697f4d71d2,07-22-25 KPI,1814 W Henry Ave,1,provisional_singleton
mp-87cd7c90852f26d9,Re-issued CHANGE OF USE/OCCUPANCY - Commercial to Residential w/ violation,2206 N Armenia Ave,1,provisional_singleton
mp-3fa56fe9fdc031d0,3 Story: Townhouses: 4 units,4314 W Gray St,1,provisional_singleton
mp-d1272e0dc61d8d90,ADDITION ADU,1001 E Knollwood St,1,provisional_singleton
mp-b1db51e168919f2c,Accelerated Project,207 S Occident St,1,provisional_singleton
mp-49c190b3d0b50386,Interior Alteration: Good Food Headquarters,5910 N Florida Ave,1,provisional_singleton
mp-abeb3d0114a5d931,FEMA: SEC: Threshold: Phase 1: Site/Foundation: Straz Center for the Performing Arts Expansion,1010 N Wc Macinnes Pl,1,provisional_singleton
mp-c1f73643a233ab98,Change of use/Occupancy: Sports Facility to Daycare Center-Celebree School,4539 S Dale Mabry Hwy,1,provisional_singleton
mp-46e614076f126937,PP:NC-COMPLETE: New Retail Building - Sherwin Williams Retail Center,6425 N Florida Ave,1,provisional_singleton
mp-5dfed7af019921ca,05-22-25 KPI,408 E 7th Ave,1,provisional_singleton
mp-7effdfd85575e1f9,Interior remodel - Medical Office,4816 N Armenia Ave,1,provisional_singleton
mp-09e2c91f3c4fd78c,OWNER BUILDER /Addition,3309 W Beach St,1,provisional_singleton
mp-dd80559436e7324b,07-30-25 KPI,8922 N Hamner Ave,1,provisional_singleton
mp-dcf3081ace351878,Re-opened PP: FEMA: New 2-Story SFR,3622 S Coolidge Ave,1,provisional_singleton
mp-c2715b23d75d160a,OWNER-Addition,3004 W Neptune St,1,provisional_singleton
mp-dcb3bb7188b476d7,Reissue: NEW SFR,8616 N 12th St,1,provisional_singleton
mp-34cfd299d46fa3f5,REISSUE - ATF: Exterior Remodel w/ violation CMP-24-0005188,5606 N Church Ave,1,provisional_singleton
mp-803c2e73c6170293,PP:2 Story: NEW SFR,3021 W Lawn Ave,1,provisional_singleton
mp-70e61478c32472e8,New 1-Story SFR,1307 W Patterson St,1,provisional_singleton
mp-d849299d26ffc540,FEMA: SEC: Threshold:Phase 2:Straz Center for the Performing Arts Expansion/Remodel,1010 N Wc Macinnes Pl,1,provisional_singleton
mp-37befe494a3e8c8f,FEMA - New SFR-3 Story,4921 Andros Dr,1,provisional_singleton
mp-c101020819185151,07-30-25 KPI,404 S Albany Ave,1,provisional_singleton
mp-d277c998d3c1322c,07-30-25 KPI,301 N West Shore Blvd,1,provisional_singleton
mp-95f033fec0087a1f,07-25-25 KPI,2909 W Aileen St,1,provisional_singleton
mp-81206c60393431ba,3Story: 4 unit Townhouses,401 W Amelia Ave,1,provisional_singleton
mp-10e7876ae7137ce7,06-13-25 KPI,5025 E Fowler Ave,1,provisional_singleton
mp-056376b07b52299c,Interior/Exterior Alteration - Windsor Highwood Preserve Clubhouse,18002 Richmond Place Dr,1,provisional_singleton
mp-fb86e08d57fa4ffa,New Control Room Supporting Digester 8 and 9 Functions,2700 Maritime Blvd,1,provisional_singleton
mp-a93b8349a140c978,Addition,121 W Thomas St,1,provisional_singleton
mp-ac5cad73543db22c,07-28-25 KPI,10705 N Woodmere Rd,1,provisional_singleton
mp-3bd4f2990754f36b,Accelerated Project,5034 W Longfellow Ave,1,provisional_singleton
mp-6e6562c5a7545aef,REISSUE - 2STORY: NEW SFR,110 W Hiawatha St,1,provisional_singleton
mp-578a8cbd265998d0,11-19-25 KPI,4105 E Knollwood St,1,provisional_singleton
mp-ffe8a7fccf62ef3b,FEMA:PP:SHELL/COMPLETE: THRESHOLD: Northwood Ravin Apartments,5100 Memorial Hwy,1,provisional_singleton
mp-622e44970838da9e,FEMA: 2Story: NEW SFR,4514 W Azeele St,1,provisional_singleton
mp-17ba1e774276fae4,FEMA: G8: City Of Tampa: New Fleet Maintenance Facility-Port of Tampa,2700 Maritime Blvd,1,provisional_singleton
mp-6ad3aa844e3621ad,Re-issued Interior/Exterior Alteration - Structural Repairs to Accessory Structure,1507 S Georgia Ave,1,provisional_singleton
mp-8745bc811a52b955,04-25-25 KPI,3003 N 48th St,1,provisional_singleton
mp-b075e19fc7b2bc49,05-01-25 KPI,4112 E Richmere St,1,provisional_singleton
mp-94010d9b2c0b6e44,06-25-25 KPI Facilitated Project,4710 W Bay View Ave,1,provisional_singleton
mp-268e9eb149c8e795,04-21-25 KPI,205 W Genesee St,1,provisional_singleton
mp-18084566189c658b,FEMA: 2story :Addition and Remodel,5718 S Gordon Ave,1,provisional_singleton
mp-44e68b9d54fde20d,REISSUE - Interior Alteration,210 N Bradford Ave,1,provisional_singleton
mp-65b05dd004997c8a,Re-issued Addition - Garage Conversion & Interior Remodel,5118 N Suwanee Ave,1,provisional_singleton
mp-ee02e8ee7830b0a1,REISSUE: Garage Conversion to Living Space,709 W Ross Ave,1,provisional_singleton
mp-a6711afbda7002c9,FEMA: Racetrac: New Gas station and Convenience store,2011 Causeway Blvd,1,provisional_singleton
mp-bfb820a1bbc79c41,REISSUE - OWNER-Addition,3313 W Caracas St,1,provisional_singleton
mp-7573c6f9abf7bd3a,OWNER-Addition: Accessory Structure installation,2731 W Spruce St,1,provisional_singleton
mp-baea7a3bea5702eb,04-18-25 KPI,6504 S Englewood Ave,1,provisional_singleton
mp-ba95759d9f064aaf,REISSUE - ATF- Interior/Exterior Remodel w/ violation -CMP-24-0002417,1230 E Henry Ave,1,provisional_singleton
mp-bc2f0ac5841b2760,Interior Alteration - Suite A & B - MercyMed of Tampa,7921 N 40th St,1,provisional_singleton
mp-1b590a0c60acffce,05-08-25 KPI,3110 W Arch St,1,provisional_singleton
mp-55cbe9b648993b85,OWNER - Addition & Remodel,1610 E 28th Ave,1,provisional_singleton
mp-587e380db10b0784,04-18-25 KPI,2623 S Bryant Cir,1,provisional_singleton
mp-bce4d4091fd7b0bd,Re-opened Rear Addition & Interior Remodel,3621 W El Prado Blvd,1,provisional_singleton
mp-680a827d881d7ee6,Interior Alteration,2501 W Sunset Dr,1,provisional_singleton
mp-e5a2f85f37f2217d,Interior remodel,4301 N Central Ave,1,provisional_singleton
mp-fbaf016b023a8c6c,04-22-25 KPI,4811 N Mendenhall Dr,1,provisional_singleton
mp-af1ca49363b46fdc,Phase 1: Site and Foundation- New Medical Office - Lalli Dental Office,3404 W Bay To Bay Blvd,1,provisional_singleton
mp-461dc89b85e849c5,New 2 story SFR,4101 W Leona St,1,provisional_singleton
mp-e94dea05fab8d365,FEMA- NEW SFR 3 STORY,641 Hudson Ave,1,provisional_singleton
mp-cd41df4be94042ea,PP: Phase 3A: THRESHOLD: Gallery at Rome Yard - New 11 Story Residential Bldg,2609 N Rome Ave,1,provisional_singleton
mp-375bd281cea59527,06-03-25 KPI,2609 N Rome Ave,1,provisional_singleton
mp-ca7c4fc49914c35e,FEMA: PP: 2-STORY NEW SFR,4936 Saint Croix Dr,1,provisional_singleton
mp-d3ae74794d6b818b,FEMA:PRIVATE PROVIDER: NEW 2 story SFR,563 Rhine Ave,1,provisional_singleton
mp-3f2d8ff25f79c5e0,Re-issued ATF: Addition & Exterior Remodel w/ violation CMP-24-0008885,1521 W Patterson St,1,provisional_singleton
mp-0f897701ef9b42bd,REACTIVATED - NEW SFR / Attach Garage,3224 E Louisiana Ave,1,provisional_singleton
mp-8acf36391eb99846,Re-opened REISSUE - ATF CMP-23-0017238,2104 E Juneau St,1,provisional_singleton
mp-3139b6cde683295c,FEMA: New 2 Story SFR,3015 S West Shore Blvd,1,provisional_singleton
mp-7b06f460585f32b5,FEMA - Interior Build-Out - Restaurant,3333 S West Shore Blvd,1,provisional_singleton
mp-e536e7e153ee6299,"REISSUE - Interior Alteration, adding a second bathroom",2813 N 20th St,1,provisional_singleton
mp-aebd75a874ce8168,07-29-25 KPI,405 W Humphrey St,1,provisional_singleton
mp-4b023206c3e8c124,03-28-25 KPI,4631 W Longfellow Ave,1,provisional_singleton
mp-ab077b3706a036ba,FEMA: New 3 STORY SFR,634 Jamaica Ave,1,provisional_singleton
mp-9f9a03258421a31f,04-29-25 KPI,308 Caspian St,1,provisional_singleton
mp-9943dd970027129c,04-28-25 KPI,4835 W Bay Court Ave,1,provisional_singleton
mp-5d5866f40ad6eee0,"REISSUE: SEC - Interior Alteration - Remove Motorized Chair Lift, Build New Ramp",900 N Ashley Dr,1,provisional_singleton
mp-22d179af12cc46fa,FEMA: Interior/ exterior Alteration,818 S Edison Ave,1,provisional_singleton
mp-59960f114df7d7eb,Re-opened New 2-Story Single Family Residence,2122 W Bird St,1,provisional_singleton
mp-067f13ada7d1eed4,05-20-25 KPI,3602 N 50th St,1,provisional_singleton
mp-0f79580293e0ff23,05-05-25 KPI SHELL/COMPLETE,2215 N 22nd St,1,provisional_singleton
mp-950582656f7fdf53,05-05-25 KPI SHELL/COMPLETE,2207 E 12th Ave,1,provisional_singleton
mp-012ece8b5b254d77,04-28-25 KPI,2215 E 12th Ave,1,provisional_singleton
mp-bd19deba787a2224,05-05-25 KPI SHELL/COMPLETE,2210 E 11th Ave,1,provisional_singleton
mp-1b6e766eb015e5e3,04-23-25 KPI Expedited Project,2215 N 22nd St,1,provisional_singleton
mp-3716c0c7bd76cc34,FEMA/ NEW SFR / TWO STORY HOUSE,4412 W Clear Ave,1,provisional_singleton
mp-c0925e439cbb6dad,ATF CMP-24-0016993,3009 W Osborne Ave,1,provisional_singleton
mp-76ec1cabd8da096e,04-22-25 KPI,2520 W Union St,1,provisional_singleton
mp-cdbed9fb3d23d709,FEMA: PRIVATE PROVIDER: / New SFR 2-Story,690 Geneva Pl,1,provisional_singleton
mp-ae2d16de9e60e73f,NEW SFR: ATF CMP-24-0006436,1022 S Frankland Rd,1,provisional_singleton
mp-fbaa7ed32a1a2112,Addition-Acid & BagHouse Warehouse Building,10215 N 30th St,1,provisional_singleton
mp-c6da9233264e35ad,FEMA: ATF CMP-24-0016653,6734 S West Shore Blvd,1,provisional_singleton
mp-0d909c15f43f35be,OWNER: PP: New 3 Story SFR,3709 N Taliaferro Ave,1,provisional_singleton
mp-d1e683bc176a94b9,REISSUE - FEMA - New 3-Story SFR,1312 W Charter St,1,provisional_singleton
mp-253d2422e3bffb5f,Facilitated Project,1301 E 4th Ave,1,provisional_singleton
mp-da8500a72d64b9d4,OWNER: FEMA: New detaches garage with bathroom and storage room,8019 Interbay Blvd,1,provisional_singleton
mp-564711e2e0a47054,Re-opened New 2 Story SFR,4112 W Santiago St,1,provisional_singleton
mp-12313698fe65a477,FEMA: PRIVATE PROVIDER: New SFR 3 STORY,486 Lucerne Ave,1,provisional_singleton
mp-ad42adc24211c0bb,04-24-25 KPI,2910 N 21st St,1,provisional_singleton
mp-f2fa010962de80d6,04-18-25 KPI,3913 W Mullen Ave,1,provisional_singleton
mp-d7ee4b891d6c6ee3,Interior/Exterior Remodel,3316 W Nassau St,1,provisional_singleton
mp-c7b6ac3707509190,Room addition and remodeling,8509 N 47th St,1,provisional_singleton
mp-0e397697ba6dc5c1,Re-opened OWNER Addition: Garage Conversion into living space,2918 W Louisiana Ave,1,provisional_singleton
mp-c7244808136da8c2,Interior Alteration - USAA Tampa Commerce Kitchen,17200 Commerce Park Blvd,1,provisional_singleton
mp-d0d5a868de050a48,REISSUE - **OWNER**Remove wood structure/ Addition: Detached Garage (NO MEPS),9510 N Hyaleah Rd,1,provisional_singleton
mp-67913722c7729c3d,04-24-25 KPI,2616 W Cypress St,1,provisional_singleton
mp-d07da6334a8a8258,Accelerated Project,4705 W Paul Ave,1,provisional_singleton
mp-cf00214ca7f99746,07-07-25 KPI,4422 W Euclid Ave,1,provisional_singleton
mp-a25fb4478db1652e,05-20-25 KPI,3505 E 23rd Ave,1,provisional_singleton
mp-9d9fed75d1338886,05-08-25 KPI,3601 S Lightner Dr,1,provisional_singleton
mp-53a417f1c485d7d0,NEW SFR,801 E Giddens Ave,1,provisional_singleton
mp-12be29fcccbc6926,OWNER: Addition & Interior Remodel,3611 W Sterling Cir,1,provisional_singleton
mp-9ebae3c3dc33e337,08-04-25 KPI,3400 N Florida Ave,1,provisional_singleton
mp-81413a1cd2753f19,07-18-25 KPI,3121 W Kensington Ave,1,provisional_singleton
mp-02cbd00de9f6fbda,04-18-25 KPI,6006 N 16th St,1,provisional_singleton
mp-2dfebb854f19755b,06-02-25 KPI,1000 W Henry Ave,1,provisional_singleton
mp-a6924e935c4ffa4f,07/02/25 KPI,2222 E 17th Ave,1,provisional_singleton
mp-5e9e47eecffa444f,Two-Family Dwelling Unit,5010 E 32nd Ave,1,provisional_singleton
mp-7fc97aa53ee44e03,08-12-25 KPI,1813 E Skagway Ave,1,provisional_singleton
mp-b592141009112788,FEMA: New Accessory Structure,2908 W Euclid Ave,1,provisional_singleton
mp-95f1c6a988608be9,05-05-25 KPI,70 Ladoga Ave,1,provisional_singleton
mp-9c15a7ba5fed7599,Re-issued ATF: Interior/ Exterior Remodel w/ violation CMP-24-0009047,7810 N Marks St,1,provisional_singleton
mp-35448752d37b936b,04-18-25 KPI,1202 E McBerry St,1,provisional_singleton
mp-31274677a1816b37,NEW SFR 2 STORY,3918 W North B St,1,provisional_singleton
mp-c76c0000df8bfc1c,EARLY START: FEMA-PRIVATE PROVIDER: Interior/Exterior Alteration - Valley National Bank,101 S Franklin St,1,provisional_singleton
mp-8ce6ae6812af1222,NEW 2 Story Duplex,4116 W Estrella St,1,provisional_singleton
mp-032588e521063c19,PP: Threshold Shell/Complete: Phase 2 Shell Complete-E1 Apartments/Mixed Use,1306 E 4th Ave,1,provisional_singleton
mp-a41a98c2d7b82fdb,04-18-25 KPI,1908 N Lincoln Ave,1,provisional_singleton
mp-3e5c8d73ed0cce7f,Interior Build-Out - Foxtail Coffee,1200 E 7th Ave,1,provisional_singleton
mp-b9dcb03fa8b96bb1,05-30-25 KPI,4519 W Culbreath Ave,1,provisional_singleton
mp-3ed8b344c5d5b714,FEMA: NEW 2story SFR,2215 S Occident St,1,provisional_singleton
mp-2411eccad1d5ae87,New 3-Sty Townhouse- UNIT 1,2302 N Boulevard,1,provisional_singleton
mp-97a60dbf75c86e3b,New 3-Sty Townhouse- UNIT 2,2302 N Boulevard,1,provisional_singleton
mp-9775574e0e231049,03-19-25 KPI,2304 N Boulevard,1,provisional_singleton
mp-58f82fcf70f7d8c4,04-14-25 KPI,2304 N Boulevard,1,provisional_singleton
mp-4a969a9ecb5dc10c,FEMA- NEW SFR 2 STORY,4632 W Lamb Ave,1,provisional_singleton
mp-17d51749050a6c13,New SFR,1906 E 22nd Ave,1,provisional_singleton
mp-a3f52cafa8323cc4,05-12-25 KPI,917 W Plymouth St,1,provisional_singleton
mp-1bbfb044bb2f7ea0,06-04-25 KPI,3404 W Bay To Bay Blvd,1,provisional_singleton
mp-464b1d3ff965299e,05-12-25 KPI,4001 E Fowler Ave,1,provisional_singleton
mp-52061ea6de66f6e6,06-26-25 KPI,2307 E 12th Ave,1,provisional_singleton
mp-54965c3573b455b9,Accelerated Project,2301 E 12th Ave,1,provisional_singleton
mp-9ee95ebf8ede4b81,Owner-Re-opened - ATF - Enclosed Porch on-Conditioned Space 3006 W Rio Vista Ave (ACA),3006 W Rio Vista Ave,1,provisional_singleton
mp-54449d3b854190a1,FEMA : PP: New 2-Story SFR,207 S Gardenia Ave,1,provisional_singleton
mp-c5a8747d1f462fce,PP: BLG: 9: 3-story: 2 unit fee simple townhouses,803 W Linebaugh Ave,1,provisional_singleton
mp-5906c1223456b627,04-18-25 KPI,3213 W Chapin Ave,1,provisional_singleton
mp-e0600b4635a97fc7,OWNER - Addition w/ violation CMP-24-0017249,3222 W Saint Joseph St,1,provisional_singleton
mp-603c117f0c1f4d7b,FEMA - Interior Alteration - Bell Tower,906 S Orleans Ave,1,provisional_singleton
mp-124df9221c4e515c,Re-issued FEMA - Interior Alteration,114 Baltic Cir,1,provisional_singleton
mp-670ab12af44f9130,04-07-25 KPI,5710 Adamo Dr,1,provisional_singleton
mp-73abfd11f37cb40e,Re-issued FEMA - Interior Alteration,190 Ceylon Ave,1,provisional_singleton
mp-08b816a537aff9c8,Re-issued OWNER-** Storm Damage ** FEMA - Interior Alteration,4718 W Vasconia St,1,provisional_singleton
mp-b6759db4f0e5076e,05-19-25 KPI,4806 N Manhattan Ave,1,provisional_singleton
mp-dc4092cf981bd2ea,FEMA: Interior Remodel,15313 Amberly Dr,1,provisional_singleton
mp-5195b85cd1887bd2,PP: Renovation: Interior only-Le Roots Market,5119 S MacDill Ave,1,provisional_singleton
mp-3e51aa8931fe52d2,05-30-25 KPI SHELL/COMPLETE,1447 W Chestnut St,1,provisional_singleton
mp-91259c783ea8a9d7,Reissue: ** Storm Damage ** FEMA - Interior Alteration,4509 W Melrose Ave,1,provisional_singleton
mp-c405e9ae51277137,Fema** Storm Damage ** Unit 1-Restoration Remodel,505 Columbia Dr,1,provisional_singleton
mp-3f37c8a434d71f6a,REISSUE - FEMA: Interior remodel,4217 W Bay Vista Ave,1,provisional_singleton
mp-b22447f08ea4f178,05-26-25 KPI,3401 S West Shore Blvd,1,provisional_singleton
mp-2e164631b09fc6b4,**OWNER**Interior Remodel,1403 E Comanche Ave,1,provisional_singleton
mp-65617d948e1e6078,Interior / Exterior Remodel,315 N Dale Mabry Hwy,1,provisional_singleton
mp-26965cc2c55d6d73,** Storm Damage ** FEMA - Interior Alteration,626 Columbia Dr,1,provisional_singleton
mp-1c25c6cc14988e4a,SEC - FEMA - Interior Alteration - 2E Dialysis,1 Tampa General Cir,1,provisional_singleton
mp-18ef7185444fa8fb,REACTIVATED - Interior renovation - Arch and MEPs,2520 W Hillsborough Ave,1,provisional_singleton
mp-26d906e80a65aae6,05-09-25 KPI,5123 W San Jose St,1,provisional_singleton
mp-fed93f37aac1f300,05-21-25 KPI,6204 Interbay Blvd,1,provisional_singleton
mp-04ea67c2bf8d9884,05-8-25 KPI,1281 Ray Charles Blvd,1,provisional_singleton
mp-e169c3f335ea8616,05-07-25 KPI,6204 Interbay Blvd,1,provisional_singleton
mp-22586b09727d91d7,REISSUE - FEMA: Remodel ( Kitchen),4734 W Lawn Ave,1,provisional_singleton
mp-4f9cef097eed541b,05-02-25 KPI,8304 N Boulevard,1,provisional_singleton
mp-f31a711480f08b69,06/10/25 KPI,6805 N Wellington Ave,1,provisional_singleton
mp-4340ed2037b6b312,Addition,1513 S Georgia Ave,1,provisional_singleton
mp-b55c7c6893915d2a,Re-opened New 1-Sty SFR,8518 N Highland Ave,1,provisional_singleton
mp-d200d3734e343717,FEMA - NEW SFR,5203 W Neptune Way,1,provisional_singleton
mp-e901e1f3672d80eb,04-29-25 KPI,2924 W Alline Ave,1,provisional_singleton
mp-b33bee0233c31b6d,04-24-25 KPI,526 Suwanee Cir,1,provisional_singleton
mp-7db178edd0ede373,PP: Interior Remodel,3003 N 16th St,1,provisional_singleton
mp-878a7c97537f0467,REISSUE - Fema ** Storm Damage ** Restoration Remodel w/change of window to door,7101 S West Shore Blvd,1,provisional_singleton
mp-17d10fbc2a394238,06-19-25 KPI,1522 W Spruce St,1,provisional_singleton
mp-fa5da3adacdbc841,05-21-25 KPI,3600 Causeway Blvd,1,provisional_singleton
mp-507c2f1efef7f953,05-21-25 KPI,3600 Causeway Blvd,1,provisional_singleton
mp-a5738c2064a96c3c,04-22-25 KPI,11324 N Marjory Ave,1,provisional_singleton
mp-1d8b4c9115860eaa,06-09-25 KPI,8500 Hidden River Pkwy,1,provisional_singleton
mp-fb29b39742361094,05-01-25 KPI,800 S Village Cir,1,provisional_singleton
mp-679bf3bbf13685a3,Addition w/ Detached Garage,209 N Woodlynne Ave,1,provisional_singleton
mp-bd18c809a4c8bee6,04-24-25 KPI,525 Suwanee Cir,1,provisional_singleton
mp-fc6a21faaf7f65bd,07-03-25 KPI,600 Garrison Cove Ln,1,provisional_singleton
mp-349d5e616eb93cb1,ATF: Garage Conversion to ADU & Renovations w/ violation CMP-24-0000862,613 W North Bay St,1,provisional_singleton
mp-60c03dacae44da22,05-26-25 KPI,8302 N Boulevard,1,provisional_singleton
mp-55b12900a633e4dc,OWNER*FEMA: Interior Alteration,4704 W Azeele St,1,provisional_singleton
mp-a9b2ac402cf020e5,REISSUE - FEMA: Interior Remodel,205 S West Shore Blvd,1,provisional_singleton
mp-73f8ffa02ef4e201,06-20-25 KPI,4705 W Knights Ave,1,provisional_singleton
mp-0d045b48207614dd,05-06-25 KPI,6202 Interbay Blvd,1,provisional_singleton
mp-2469114941fa716e,05-12-25 KPI,113 Biscayne Ave,1,provisional_singleton
mp-513f5e38b6c7219d,05-20-25 KPI,705 W Park Ave,1,provisional_singleton
mp-f7199dd846773794,REISSUE - PRIVATE PROVIDER: Interior Remodel,3301 Bayshore Blvd,1,provisional_singleton
mp-1a931177f5ff5fbf,Re-opened FEMA - ATF: Interior/Exterior Remodel w/ violation CMP-23-0015587,4732 W Wisconsin Ave,1,provisional_singleton
mp-24e5a15b05dc5e20,ATF - CMP-25-0001565 - Interior/exterior remodel,1106 E Annie St,1,provisional_singleton
mp-85cbe68da33d533b,04-24-25 KPI,2308 N Elcoe Dr,1,provisional_singleton
mp-257f779d69d1cd66,Interior Alteration,2506 W Cleveland St,1,provisional_singleton
mp-c5745392f4c0adbd,Interior/Exterior Alteration,4115 W Bay To Bay Blvd,1,provisional_singleton
mp-a8c3b6a4585a3ff0,Re-issued ATF CMP-23-0011355 2803 N 32nd St (ACA),2803 N 32nd St,1,provisional_singleton
mp-a5677a635f686f26,05-14-25 KPI,403 S Barbara Ln,1,provisional_singleton
mp-37b6d401a2f34a1b,05-08-25 KPI,146 Bosphorous Ave,1,provisional_singleton
mp-b1eec56b9607b7ec,04-30-25 KPI,203 W Gladys St,1,provisional_singleton
mp-0dd87e34a1b2cc9a,Re-issued PP: *OWNER* Addition to rear of property,1534 W Park Ln,1,provisional_singleton
mp-5b96364498b0c0ec,04-30-25 KPI,201 W Gladys St,1,provisional_singleton
mp-0d59a18782392a67,05-14-25 KPI,4636 W Lamb Ave,1,provisional_singleton
mp-d966a79b26237eb7,PRIVATE PROVIDER: New 2 Sty SFR,2816 W Fountain Blvd,1,provisional_singleton
mp-4f82822f5268c1e7,06-20-25 KPI,4703 W Knights Ave,1,provisional_singleton
mp-9b506adbdc990268,05-20-25 KPI,1700 E Annona Ave,1,provisional_singleton
mp-926a399536f7429f,REISSUE - ATF CMP-24-0016425 3324 W Cordelia St (ACA),3324 W Cordelia St,1,provisional_singleton
mp-ab26ef2cb6241999,REISSUE - room addition & porch,11309 N Ola Ave,1,provisional_singleton
mp-97afceae4ff6cfb3,05-02-25 KPI,3411 W Rogers Ave,1,provisional_singleton
mp-aa1b61a833f57cad,05-29-25 KPI,480 Lucerne Ave,1,provisional_singleton
mp-ce64db687e55e1b8,05-09-25 KPI,4 W Spanish Main St,1,provisional_singleton
mp-63b3b6947ecd3f32,07-04-25 KPI,3317 Sevilla Cir W,1,provisional_singleton
mp-1162cb9c97329593,05-29-25 KPI Expedited Project,4731 W Bay Vista Ave,1,provisional_singleton
mp-0b85087f2a3e728e,REACTIVATED - ATF CMP-24-0004574 3229 W Saint John St (ACA),3229 W Saint John St,1,provisional_singleton
mp-735d2469b140ff88,Re-issued FEMA: Interior Remodel,4606 S Clark Ave,1,provisional_singleton
mp-3088aa678142a57a,05-13-25 KPI,1508 E Park Cir,1,provisional_singleton
mp-4e2bdbd512147b65,05-15-25 KPI,7408 S Faul St,1,provisional_singleton
mp-9b20bf711c0e4112,05-15-25 KPI,3406 W Corona St,1,provisional_singleton
mp-9dc62d55d9bdcb25,FEMA: PP: New 3 story SFR,3017 W Asbury Pl,1,provisional_singleton
mp-b1bf1f7ea8b8c62d,SEC: Alteration: Storefront Entrance,1800 Orient Rd,1,provisional_singleton
mp-612bb7f9b57258fa,05-16-25 KPI,3601 N 52nd St,1,provisional_singleton
mp-a0a53f037776bb9e,05-16-25 KPI,3601 N 52nd St,1,provisional_singleton
mp-b7570a482fd5064c,05-16-25 KPI,3603 N 52nd St,1,provisional_singleton
mp-3913ab37ebbbd387,05-16-25 KPI,3603 N 52nd St,1,provisional_singleton
mp-03aa97445a3afdca,06-10-25 KPI,3605 N 52nd St,1,provisional_singleton
mp-46c1b846d1582636,06-10-25 KPI,3605 N 52nd St,1,provisional_singleton
mp-4735a73fbec374f0,05-27-25 KPI,3600 S Lightner Dr,1,provisional_singleton
mp-eb2b5cb862513848,05-27-25 KPI,3605 S Lightner Dr,1,provisional_singleton
mp-67d335d3b1f6868d,05-15-25 KPI,2911 W Chapin Ave,1,provisional_singleton
mp-1d577149a569fd52,06-04-25 KPI,2908 N Mitchell Ave,1,provisional_singleton
mp-233877d57d41cdf8,05-23-25 KPI,204 N Excelda Ave,1,provisional_singleton
mp-7eef275ffdf6db38,OWNER:ATF converting screen enclosure to living space,3107 W San Pedro St,1,provisional_singleton
mp-8350d9e750e80d3c,05-23-25 KPI Facilitated Project,2450 N West Shore Blvd,1,provisional_singleton
mp-37efbea71f976b19,05-15-25 KPI,3319 W Marlin Ave,1,provisional_singleton
mp-605ccefbf4d9ef13,07-02-25 KPI,5107 W Neptune Way,1,provisional_singleton
mp-2b858ae3ecf5e4e5,FEMA: PP: New SFR,2630 S Dundee St,1,provisional_singleton
mp-9be2d23747c77dd1,PP: New 2-Story SFR,4202 W Beach Park Dr,1,provisional_singleton
mp-7b3953a238256521,05-15-25 KPI,7407 S Kissimmee St,1,provisional_singleton
mp-352f0bea79dd001e,FEMA: New SFR,4403 Henderson Blvd,1,provisional_singleton
mp-e684ccf1ca9c79d4,06-2-25 KPI,823 S Orleans Ave,1,provisional_singleton
mp-4ab9098dc2490b6a,05-21-25 KPI,1017 E 25th Ave,1,provisional_singleton
mp-8b4cfdb2f2f725c2,06-17-25 KPI,518 Channel Dr,1,provisional_singleton
mp-21c83f38016519b6,FEMA: PRIVATE PROVIDER: - Addtion & Alteration,618 Columbia Dr,1,provisional_singleton
mp-54925d6c1fa69a4e,New 3-Sty: Fee Simple Townhouse: Unit 2,404 S Albany Ave,1,provisional_singleton
mp-77b38c52f1792c1e,Addition and Alterations,316 W Park Ave,1,provisional_singleton
mp-4100ff692a017d61,"FEMA: New 2-Story SFR w/ attached garage, porch, and lanai",4728 W Trilby Ave,1,provisional_singleton
mp-790c15f590e95079,06-03-25 KPI,205 W Gladys St,1,provisional_singleton
mp-ce47345c2343d3b8,New 3-Story Townhouse Unit 2- attach garage,205 W Gladys St,1,provisional_singleton
mp-f39d643e7af45bc4,Threshold: PP: Comm Addition-Change of Use,1901 E 7th Ave,1,provisional_singleton
mp-9aa4fda943e7e02d,05-29-25 KPI,4103 W Morrison Ave,1,provisional_singleton
mp-c1c5ac703d421fc8,PP: Alteration: Exterior: Facade & Site Updates,5123 N Florida Ave,1,provisional_singleton
mp-d932834bae4a2997,06-04-25 KPI,564 Bosphorous Ave,1,provisional_singleton
mp-92117ca759ac63ed,New SFR,3109 E 22nd Ave,1,provisional_singleton
mp-fab6e51e372cd31a,ATF - CMP-23-0016288 - House Renovation with porch enclosure and Roof Repairs > SPR - 2 pairs of parking spaces (driveway) 2 cover roof,8622 N 39th St,1,provisional_singleton
mp-80e9397687fe70a0,06/10/25 KPI,3002 N 12th St,1,provisional_singleton
mp-e374c6601498ec0a,FEMA: PP: New 3Sty SFR - SPR-25-0000039,2404 Davis St,1,provisional_singleton
mp-08deb76e8a537862,09-10-25 KPI,4151 Dana Shores Dr,1,provisional_singleton
mp-758a85e59069e82e,07-10-25 KPI,207 W Gladys St,1,provisional_singleton
mp-5dfab3e095fc6907,07-10-25 KPI,207 W Gladys St,1,provisional_singleton
mp-2ecf9745f00f674d,06/25/25 KPI,4706 W San Carlos St,1,provisional_singleton
mp-c314f24f07620f0b,FEMA: Interior Remodel,1116 Culbreath Isles Dr,1,provisional_singleton
mp-cd3f92497ee754fe,06-20-25 KPI,10922 N Boulevard,1,provisional_singleton
mp-00ab38cf9227650f,REISSUE - FEMA - New 3-Story SFR,613 Superior Ave,1,provisional_singleton
mp-ecf8f5f2351defe8,FEMA - Interior Alteration - Fire Damage,1609 Renaissance Way,1,provisional_singleton
mp-c3d71314708e7328,Renovation of Publix Supermarket,1313 S Dale Mabry Hwy,1,provisional_singleton
mp-eaef961e72891725,New 1sty SFR,2405 E 38th Ave,1,provisional_singleton
mp-d4ecc74dbfc845ac,FEMA: New 2-Story SFR,591 Luzon Ave,1,provisional_singleton
mp-4a2e57b2b0a19870,PRIVATE PROVIDER: Interior and Exterior - Porch - Driveway,2502 W Prospect Rd,1,provisional_singleton
mp-7e139e5bc330c245,FEMA: PP NEW SFR-3 Story,5001 W Neptune Way,1,provisional_singleton
mp-d7f9499e2d0fa550,New SFR,3308 W Abdella St,1,provisional_singleton
mp-bb2ccc07de366b07,ATF Change of use BLDG 2 unit A&B - Int. Buildout - Arch and MEPs,4402 W Crest Ave,1,provisional_singleton
mp-409df199ff4959dc,Re-issued FEMA Interior Remodel,82 Columbia Dr,1,provisional_singleton
mp-c3d6029dce75383f,Remodel: Interior,19114 White Wing Pl,1,provisional_singleton
mp-d89b1dd89fc5da91,New 2 Story SFR,1702 E Annona Ave,1,provisional_singleton
mp-c5d96b6996cb8697,New 1Sty SFR,2407 E 38th Ave,1,provisional_singleton
mp-e1422aeb48448038,New Addition,2110 N 27th St,1,provisional_singleton
mp-8bab47eea93251b8,FEMA: New SFR / SPR-25-0001672,2122 S Venus St,1,provisional_singleton
mp-055483961808c59a,PP: NEW 1sty SFR,9413 N Mary Ave,1,provisional_singleton
mp-a5f0f4633df8e19b,FEMA: New SFR-3 Story,211 S Occident St,1,provisional_singleton
mp-91e8dcb8d607cdca,PRIVATE PROVIDER: NEW 2 Story SFR/ SPR-25-0000441,2914 W Angeles St,1,provisional_singleton
mp-ec51b3cc4a773133,07/02/25 KPI,121 Adalia Ave,1,provisional_singleton
mp-506880b692db5ace,NEW SFR/ SPR-25-0001928,2617 E 38th Ave,1,provisional_singleton
mp-c77fb37c4f2883d8,New 1-Story SFR,2416 E 20th Ave,1,provisional_singleton
mp-cb5e3453da8acee4,08-11-25 KPI,2409 E 38th Ave,1,provisional_singleton
mp-c1582f9cfb1ecf4f,ATF- CMP-24-0000404- Front Porch Enclosure,1505 E Norfolk St,1,provisional_singleton
mp-25041b6598aacfc7,FEMA:PP:New 2-Story SFR,550 Lucerne Ave,1,provisional_singleton
mp-2596d937a6c368c9,07-10-25 KPI,2804 W Foster Ave S,1,provisional_singleton
mp-c47756ed438eccb7,Fema: Private Provider: New 2Sty SFR,530 Severn Ave,1,provisional_singleton
mp-256004aeedf5fb5c,07-30-25 KPI,1211 E Norfolk St,1,provisional_singleton
mp-c3807627152415e2,Fema: Accessory Living,6026 S Switzer Ave,1,provisional_singleton
mp-c63df15a9373a4b5,07-15-25 KPI,4707 W San Rafael St,1,provisional_singleton
mp-988faca71d819285,07/02/25 kpi,515 Suwanee Cir,1,provisional_singleton
mp-9a37c7e0e4bfc47e,NEW SFR,1719 W Perio St,1,provisional_singleton
mp-4de4b84921ffa375,SEC: New 2 Story SFR,1 N Franklin St,1,provisional_singleton
mp-706120810e111b74,OWNER / FEMA: Addition,3311 S Shamrock Rd,1,provisional_singleton
mp-7635956d78225d49,FEMA:3Story: New SFR,5822 Mariner St,1,provisional_singleton
mp-ddad4ea4cf95d853,PRIVATE PROVIDER: NEW SFR-2 Story,3311 W Barcelona St,1,provisional_singleton
mp-7708b4366f386186,New 2-Story SFR,6009 N Ithmar Ave,1,provisional_singleton
mp-3ad5b65d2bc4b802,07-09-25 KPI,3908 W Hillsborough Ave,1,provisional_singleton
mp-44ebef7df6bf2e8d,06-30-25 KPI,498 Lucerne Ave,1,provisional_singleton
mp-9eee737b48bb58c6,07/21/25 KPI,4606 W San Miguel St,1,provisional_singleton
mp-88f1bb5ba05ba112,06/27/25 KPI,4307 W Sevilla St,1,provisional_singleton
mp-fb8c9d3a8bd63b3f,FEMA: PP: 2 STORY NEW SFR,34 Ladoga Ave,1,provisional_singleton
mp-33529f4612bc5fb3,PP: New 2 Sty SFR,803 W Woodlawn Ave,1,provisional_singleton
mp-e692ac98e4d623d8,PP: New 2-Story SFR w/ Attached Garage & Lanai,1011 Morrison Ct,1,provisional_singleton
mp-63d3fbfe611c75b8,FEMA: 2-Story SFR,7402 S Juanita St,1,provisional_singleton
mp-a383fe0ed7e60c16,FEMA: PRIVATE PROVIDER: - New 3-Story SFR,4617 W Lamb Ave,1,provisional_singleton
mp-f0f262a72d799d9e,PP:Interior/Exterior Alteration,2311 W Morrison Ave,1,provisional_singleton
mp-af71076fb56bb484,New 2-Story SFR,406 E Chelsea St,1,provisional_singleton
mp-2c740584d8529589,FEMA: PP: ELEVATE HOME - 3 Story,2504 S Dundee St,1,provisional_singleton
mp-48ef2ace9b7a77a7,Expedited Project,5112 W San Jose St,1,provisional_singleton
mp-3b0db5fafb8b126b,PP: Alterations: Interior: Valley National Bank,101 S Franklin St,1,provisional_singleton
mp-cb0e0453e68f0dbd,FEMA: Owner: Interior Remodel,6816 N River Blvd,1,provisional_singleton
mp-db433b5f334a5bb8,OWNER Re-opened FEMA:Addition,164 Baltic Cir,1,provisional_singleton
mp-765fa13ffb99c7f9,REISSUE: ATF Accessory Structure w/violation CMP-25-0002744,8613 N 9th St,1,provisional_singleton
mp-311171c629bf5ab6,8-18-25KPI,803 W Linebaugh Ave,1,provisional_singleton
mp-596fc39a34a0a906,PP: 3-STORY: TOWNHOUSES BLG# 7,803 W Linebaugh Ave,1,provisional_singleton
mp-9c85da2f0f9aa5c2,PP: 3-STORY: BLG#3: TOWNHOUSES,803 W Linebaugh Ave,1,provisional_singleton
mp-d8f436bc9e1b3f31,08-18-25 KPI,803 W Linebaugh Ave,1,provisional_singleton
mp-dbc0907841aeb95b,08-17-25PKI,803 W Linebaugh Ave,1,provisional_singleton
mp-e6b9f995d9d3c258,THRESHOLD:PP: New 4 STORY HOTEL: WoodSpring Suites,1701 E Busch Blvd,1,provisional_singleton
mp-ca9c9294d8054f81,REISSUE - Addition: Game Room w/ violation CMP-23-0017841,708 E Virginia Ave,1,provisional_singleton
mp-e3aa5796b3d0f240,07/01/25KPI,8412 N Packwood Ave,1,provisional_singleton
mp-ca3ffe36fc704d6d,Re-issued FEMA - Interior Renovation and Addition,819 Bayshore Blvd,1,provisional_singleton
mp-f8478e5d84eb0464,08-04-25 KPI,4111 W Cleveland St,1,provisional_singleton
mp-281e48c4b759aed1,08-13-25 KPI,4621 W Bay To Bay Blvd,1,provisional_singleton
mp-fa81b280822e4cc4,REISSUE FEMA: Interior remodel,4624 W North B St,1,provisional_singleton
mp-6e1186d9693c0a73,Interior Alteration - Trader Joe's,3808 W Swann Ave,1,provisional_singleton
mp-ec6bf105b6feb507,SEC - Interior Alteration - Tampa Municipal Office Building,306 E Jackson St,1,provisional_singleton
mp-3f9ce8589901704c,New 2-Story SFR,812 W Kentucky Ave,1,provisional_singleton
mp-89fb07332135e2cd,Interior/Exterior Alteration - Roof Repair,3323 W Knights Ave,1,provisional_singleton
mp-47157c56e5afffab,Interior Remodel,4004 W Wyoming Ave,1,provisional_singleton
mp-84ca9dbb6049c91e,OWNER: Front porch /Addition/ driveway,3601 E Grove St,1,provisional_singleton
mp-68d1cb126cdaf88f,FEMA: PP: NEW 3 STORY SFR,4902 W San Nicholas St,1,provisional_singleton
mp-7287d80d1639e0ea,Accelerated Project,2801 N 17th St,1,provisional_singleton
mp-9f8e083e96738d5e,NEW SFR 2 STORY,4202 W Santiago St,1,provisional_singleton
mp-4ed94cd2e6420346,PP: New SFR 2 Story,3607 W Cleveland St,1,provisional_singleton
mp-de06eed871520b93,PP: NEW 2 Story SFR,2806 W Estrella St,1,provisional_singleton
mp-3a0e8424b96e7ab4,PP:NEW 2 Story SFR,3306 W Palmira Ave,1,provisional_singleton
mp-5afde670bcabb444,FEMA:PP: Threshold: Unit 1800: Penthouse Buildout,2619 Bayshore Blvd,1,provisional_singleton
mp-985dbe022590f0c5,Re-issued FEMA - Interior/Exterior Alteration,2914 W Alline Ave,1,provisional_singleton
mp-549b930e23b4fe38,FEMA: NEW SFR-2 Story,434 S Royal Poinciana Dr,1,provisional_singleton
mp-a4bb8f55b1ffda48,PP: New 3sty Self Storage Facility,5310 Primrose Lake Cir,1,provisional_singleton
mp-b8a3b442a95562bd,Fema: New 2-Story SFR,4915 W San Jose St,1,provisional_singleton
mp-532f64e3c1ee593a,FEMA:PP: New 2 Story SFR,4409 W Kensington Ave,1,provisional_singleton
mp-8b09ccae5f59a8e5,Expedited Project,4407 N Hubert Ave,1,provisional_singleton
mp-27ba7c0be76ba050,"CMP-25-0004671 Window replacement, Interior alteration",3504 E 22nd Ave,1,provisional_singleton
mp-7354ba3a1230aa67,FEMA:Private Provider:New 2-Story SFR,27 Adalia Ave,1,provisional_singleton
mp-9e5f4a535f49fd6c,FEMA: PP: NEW SFR-3 Story,5020 W Leona St,1,provisional_singleton
mp-6c9674e47c59afd9,FEMA: PP: NEW SFR-2 Story,4514 W Rosemere Rd,1,provisional_singleton
mp-9977d8b579b18066,09-12-25 KPI,5005 N Howard Ave,1,provisional_singleton
mp-4d999401d7761ab0,TIA Project: Foundation - Airside D Terminal,4205 Bessie Coleman Blvd,1,provisional_singleton
mp-826eef927fb4966a,205 W 108th Ave (ACA),205 W 108th Ave,1,provisional_singleton
mp-8c936bf286522de6,THRESHOLD - TIA Project: Guideway Structure - Airside D,4205 Bessie Coleman Blvd,1,provisional_singleton
mp-e301e84b70a37ffe,FEMA: Addition: Detached Garage,4408 W Price Ave,1,provisional_singleton
mp-e0a491436bb1142a,08-05-25 KPI,69 Martinique Ave,1,provisional_singleton
mp-59920fd5242ffc8e,ACCELERATED: PP: Interior Remodel,1409 E Seneca Ave,1,provisional_singleton
mp-689f96a6fb93c3ff,PRIVATE PROVIDER: NEW SFR 2 STORY,1307 S Moody Ave,1,provisional_singleton
mp-bf6d35bc639fc543,FEMA:PP: New 2-Story SFR,3612 S Lightner Dr,1,provisional_singleton
mp-20b4cb639242bfbe,FEMA / Private Provider: New 2-Story SFR,577 W Davis Blvd,1,provisional_singleton
mp-163ee3d6042d5021,OWNER: Interior Remodel,1308 W Cypress St,1,provisional_singleton
mp-3261d09f948120f6,PP: Interior Remodel: Unit 1406,4939 E Busch Blvd,1,provisional_singleton
mp-83d867486e4eafe1,PP: Interior Remodel: Unit 1407,4939 E Busch Blvd,1,provisional_singleton
mp-07692354b6ba0f51,PP: Interior Alteration - Unit 1408,4939 E Busch Blvd,1,provisional_singleton
mp-e59c5ec846a78545,PP: FEMA: New 2Sty SFR,3609 S Gardenia Ave,1,provisional_singleton
mp-22a7eb97c5aef314,08-05-25 KPI,904 W Virginia Ave,1,provisional_singleton
mp-7e9622a7a270aace,FEMA: Addition and remodel,180 Cyprus Ave,1,provisional_singleton
mp-39102bca6db10569,Re-issued ATF CMP-25-0009703 - Addition - Convert Lanai Into Living Space,4813 N Collins Ln,1,provisional_singleton
mp-91a2cf5a41281c14,FEMA: Alterations: Interior/Exterior,6602 S Kissimmee St,1,provisional_singleton
mp-b463e4265ce808e6,FEMA: PRIVATE PROVIDER: NEW SFR-2 Story,5108 W Platt St,1,provisional_singleton
mp-ac6beaf709bef244,NEW SFR and Detached Accessory,1716 E Frierson Ave,1,provisional_singleton
mp-e9df14fc0d3bbda9,OWNER-FEMA: Addition - Convert garage into living space,4714 W San Rafael St,1,provisional_singleton
mp-26d3d991aa478df0,New Oxygen Plant,1902 N 66th St,1,provisional_singleton
mp-4b7bf4375f3f22b6,FEMA: PP: Interior remodel,4908 W Euclid Ave,1,provisional_singleton
mp-2c54c4c1faa6bdf0,FEMA - New 2-Story SFR,630 Danube Ave,1,provisional_singleton
mp-9ece0e43a04aaebe,New 2-Story SFR,3208 W Santiago St,1,provisional_singleton
mp-7812b743d8e06de7,Interior Remodel- CMP-23-0002524,3204 E 23rd Ave,1,provisional_singleton
mp-1dec7fb36c8beb55,FEMA - New 2-Story SFR,5022 W Dante Ave,1,provisional_singleton
mp-8f320791a6d222de,OWNER FEMA - Interior/Exterior Alteration,4609 W Villa Rosa St,1,provisional_singleton
mp-7e3770fd08470347,Interior Alteration,4021 S MacDill Ave,1,provisional_singleton
mp-7ece8a32c49e7a43,08-15-25 KPI,10739 Cory Lake Dr,1,provisional_singleton
mp-50b9e0490188d407,08-18-25 KPI,1503 W Grace St,1,provisional_singleton
mp-1b4188f635a461d3,08-19-25 KPI,1601 E Columbus Dr,1,provisional_singleton
mp-aeef065ae3ffacb1,08-12-25 KPI,585 Luzon Ave,1,provisional_singleton
mp-6295763f885745ea,08-15-25 KPI,5106 W Evelyn Dr,1,provisional_singleton
mp-b44d8f386924ff90,Interior Build-Out - Kasebeh Retail Store,1004 N Florida Ave,1,provisional_singleton
mp-fd87da6d244f1f71,NEW SFR with Pool House,6003 S Sheridan Rd,1,provisional_singleton
mp-841fa0a3d1e0c21f,FEMA: PP: /NEW SFR 3 STORY,414 Columbia Dr,1,provisional_singleton
mp-aba9787166f88c3e,PP: New 2 Story,1207 E Ellicott St,1,provisional_singleton
mp-47017ee5b4e474bd,PP:Building 18: Interior Remodel,10420 McKinley Dr,1,provisional_singleton
mp-cefc4b108d04efe9,Fema: PP: New 2-Sty SFR,143 Chesapeake Ave,1,provisional_singleton
mp-8b43b99df34dad62,PP: 4-Unit Townhouse - 2-Story w/ Attached Garage,2219 E Columbus Dr,1,provisional_singleton
mp-2f2502678f3501d3,PP: Building 10: Interior Remodel,10420 McKinley Dr,1,provisional_singleton
mp-251ba8168dfd4ded,PP:NEW SFR-2 Story,3605 W Bay Ave,1,provisional_singleton
mp-5d22c08e7648a5d9,PP: Building 23: Interior Remodel,10420 McKinley Dr,1,provisional_singleton
mp-a4ff3dbb3887d0e8,PP:Building 22: Interior Remodel,10420 McKinley Dr,1,provisional_singleton
mp-0ec66e67116b6528,OWNER-Interior/Exterior Alteration,4608 E River Hills Dr,1,provisional_singleton
mp-29f1274f20861850,Reactivated: Interior/Exterior Alteration,3214 W Hawthorne Rd,1,provisional_singleton
mp-c0b4d921ff3031ed,ATF CMP-25-0001539 - New SFR,4005 E Grove St,1,provisional_singleton
mp-c6964d8087bb19fc,FEMA: NEW SFR-3 Story,490 Itasca Ave,1,provisional_singleton
mp-9134d1e6bc807d52,FEMA: PP: NEW SFR 3 STORY,5028 W Dickens Ave,1,provisional_singleton
mp-c3b50008ce6e10d3,PP: OWNER: Addition and Remodel,505 N Woodlynne Ave,1,provisional_singleton
mp-055d012459c76452,New 2 Story SFR,3201 W Wyoming Ave,1,provisional_singleton
mp-444ba35578b7e1e0,FEMA:PP: New 3 STORY SFR,439 Marmora Ave,1,provisional_singleton
mp-dbec6f61df917ecb,New 2 Story SFR,4122 W Barcelona St,1,provisional_singleton
mp-bb63630a177e6a80,OWNER Addition/ permit pulled is to supersede BLD-23-0498949,4201 E Sandalwood Cir S,1,provisional_singleton
mp-5ed7105f07aec401,"Renovation: Exterior/Interior: Units 207, 339 & 803B & Management office",800 S Dakota Ave,1,provisional_singleton
mp-7539ee7f2b87ecbc,PP: 3-Story Townhouse: 4 Unit,605 S Albany Ave,1,provisional_singleton
mp-253430db9fe519a4,FEMA: PP: New 2 Story SFR,4632 W Euclid Ave,1,provisional_singleton
mp-9c63ef3866e80c52,08-15-25 KPI,1910 E Genesee St,1,provisional_singleton
mp-33de12b164073d32,PP:New 2-Story SFR,3615 W North A St,1,provisional_singleton
mp-d0bbdb0feae59efd,PP: New 2-Story SFR,6805 S Elemeta St,1,provisional_singleton
mp-de8e29eb8757595c,NEW SFR 2 STORY,4204 N Central Ave,1,provisional_singleton
mp-88a81282ffdcf38e,FEMA: PP: New 2 Story SFR,517 Suwanee Cir,1,provisional_singleton
mp-10237e3533781b37,FEMA - New 2-Story SFR,4701 W Leona St,1,provisional_singleton
mp-749cb1b4315b3548,**OWNER**FEMA: Addition,2225 E 113th Ave,1,provisional_singleton
mp-60f816eb06f904d8,New 3 Story SFR,4009 W Estrella St,1,provisional_singleton
mp-911e9de2828d19a0,Two Family Dwelling Unit (Duplex),1402 E 98th Ave,1,provisional_singleton
mp-1e884167ebd166ca,FEMA /NEW SFR 2 STORY,3615 S Lightner Dr,1,provisional_singleton
mp-9b282de4e207cef3,PP:New 1Sty SFR,8305 N 18th St,1,provisional_singleton
mp-ac9c31b22f4ef6c7,PP: New SFR,3701 E Ida St,1,provisional_singleton
mp-5a538247d15d2c52,SEC: THRESHOLD: Tampa Theatre Renovation - Arch. - Struc. and MEPs,711 N Franklin St,1,provisional_singleton
mp-a02803db652c9d4d,FEMA: PP: New 2 Story SFR,8 Bahama Cir,1,provisional_singleton
mp-48da6f7787cae843,FEMA / PP: NEW SFR 2 STORY,4520 W Rosemere Rd,1,provisional_singleton
mp-b72661801c609228,PP: New 3-Sty Townhome - Unit 1,708 N Willow Ave,1,provisional_singleton
mp-b0fae273bb1ebe85,FEMA: PP: NEW SFR-2 Story,112 Huron Ave,1,provisional_singleton
mp-cb2e42c0b81b71e3,PP: New 3-Sty Townhome - Unit 2,708 N Willow Ave,1,provisional_singleton
mp-e8e0db49b6492966,FEMA: PP: NEW SFR 2 Story,52 Albemarle Ave,1,provisional_singleton
mp-f7c96f5ea0aec8b4,FEMA / PP /NEW SFR,590 Luzon Ave,1,provisional_singleton
mp-39a07c2411a31fb5,REISSUE - ATF: ADDITION - Accessory Structure w violation CMP-24-0013464,1911 W Humphrey St,1,provisional_singleton
mp-a06d80eed492f4e9,FEMA: NEW SFR 2 STORY,4412 W Sevilla St,1,provisional_singleton
mp-557aa339c782dc3c,"EARLY START - THRESHOLD: FEMA: PP: SEC: Interior and Exterior Remodel, Level 4,5 and 6",3000 Bayport Dr,1,provisional_singleton
mp-5436ec8b4cbfe60c,FEMA: New SFR,3610 S Renellie Dr,1,provisional_singleton
mp-c1b863cda7ea64ce,Re-issued PP: Garage Addition and Interior Reno,4802 N Habana Ave,1,provisional_singleton
mp-1c89999537efa18a,REACTIVATION - New Townhome - Unit 2,3709 N Whittier St,1,provisional_singleton
mp-c7a6e3e214e7a359,FEMA: PP: New 2 Story SFR,563 Suwanee Cir,1,provisional_singleton
mp-7ee7d35b329c185f,10-20-25 KPI,11315 N 30th St,1,provisional_singleton
mp-d4056473d8dad5ac,FEMA:PP:New SFR,5020 W Homer Ave,1,provisional_singleton
mp-27fee6d6f4603906,PP: New 2 Story SFR,3712 W Elrod Ave,1,provisional_singleton
mp-524eeb1b3f248388,New SFR,407 S Lois Ave,1,provisional_singleton
mp-b41e430dfe6a52ae,Addition: Blind Goat Tampa-Handicap Bathroom,4106 Henderson Blvd,1,provisional_singleton
mp-6b32520963651adb,FEMA - New 2-Story SFR,3007 W Napoleon Ave,1,provisional_singleton
mp-cf6c5f3cf02780a4,PP: Carport Conversion to Garage (Non-Conditioned),2104 W Okaloosa Ave,1,provisional_singleton
mp-7ece1212b9a26c6a,**OWNER**Bathroom remodel,3413 W Gray Ct,1,provisional_singleton
mp-7f5b4ff612fa2a2a,REISSUE - FEMA: Interior Remodel,4725 W Oklahoma Ave,1,provisional_singleton
mp-b80d29e0b46fad8e,FEMA: Interior Remodel,4513 S Gaines Rd,1,provisional_singleton
mp-97824338e6f11673,New SFR,2725 W Green St,1,provisional_singleton
mp-a0206c5ab63da419,09-05-25 KPI,18301 Bermuda Green Dr,1,provisional_singleton
mp-b22a56a28cd72def,PP:New 2-Story SFR,3617 W North A St,1,provisional_singleton
mp-8f4d2c71837f6803,PP: NEW SFR-2 Story,3215 Serenity Estates Ln,1,provisional_singleton
mp-fb4dcbd522844579,Addition Conversion/Remodel w/Circular Driveway,925 W Patterson St,1,provisional_singleton
mp-b4ddf15f4bd942a4,New SFR,510 E Baker St,1,provisional_singleton
mp-e6d5a65717fd4bd9,PP: FEMA: Interior remodel,44 Adalia Ave,1,provisional_singleton
mp-1a5cddb494f33f10,Expedited Project,654 Geneva Pl,1,provisional_singleton
mp-6bdb708fa251c64f,Tenant Build- IDEAL NUTRITION,507 N Rome Ave,1,provisional_singleton
mp-1e004ce38a98a270,FEMA: New 2 Story SFR,5010 W Euclid Ave,1,provisional_singleton
mp-e36bbae57b6dca3c,12-17-25 KPI Facilitated Project,4205 Bessie Coleman Blvd,1,provisional_singleton
mp-792b739635d1013f,FEMA - Interior Alteration,4912 W Dryad St,1,provisional_singleton
mp-325692e596f705b0,FEMA - Interior Alteration,612 W Swann Ave,1,provisional_singleton
mp-286124e3087b0ce3,PP: Masonry Building: The Bunny Hive,216 S Armenia Ave,1,provisional_singleton
mp-7a3e5dd8e7579cef,Addition/Remodel,1401 Nance Ave,1,provisional_singleton
mp-3c7053e9bdb52b84,FEMA: PP: New SFR 2 Story,533 Suwanee Cir,1,provisional_singleton
mp-97546d053dd9313f,12-01-25 KPI,15343 Amberly Dr,1,provisional_singleton
mp-c4c624f771042379,Addition/ Carport,3000 W Villa Rosa,1,provisional_singleton
mp-5c4a03975116095d,FEMA: Addition,4711 W El Prado Blvd,1,provisional_singleton
mp-9b4303f53c21704c,EARLY START: BLD-25-0518153 PP: 1st & 2nd Fl: Threshold: Interior Remodel,1701 N Franklin St,1,provisional_singleton
mp-b669b307ddfa8b4e,FEMA: New 3 Story SFR,826 S Davis Blvd,1,provisional_singleton
mp-f139905493040564,New 2-Story SFR,210 E Palm Ave,1,provisional_singleton
mp-a5d77373d97e536c,FEMA - New 3-Story SFR,5111 W Poe Ave,1,provisional_singleton
mp-fca607db6690a522,ATF CMP-24-0004455,2018 E Patterson St,1,provisional_singleton
mp-e712260879611a11,FEMA:3-story-Townhouse New Construction,4902 Rattlesnake Pointe Ct,1,provisional_singleton
mp-f7f7e01cff9fcb42,Addition & Remodel,8915 N Willow Ave,1,provisional_singleton
mp-8ff35d4d9cc87623,***OWNER**Addition and Remodel,10114 N Dartmouth Ave,1,provisional_singleton
mp-c9c8225d1d21f03d,New 2Sty Townhouse: Unit 1,2508 W Gray St,1,provisional_singleton
mp-a22f685e23a4cc98,New 2Sty Townhouse: Unit 2,2508 W Gray St,1,provisional_singleton
mp-75250da9db39de65,FEMA: PP New Storage Facility,3409 Causeway Blvd,1,provisional_singleton
mp-a7546c2c8485f9e0,FEMA:PP:New 2-Story SFR,2402 N Glenwood Dr,1,provisional_singleton
mp-9c3122dcb1759c0c,New Townhome - Unit 1,3612 Garrison St,1,provisional_singleton
mp-03eb6849f39556ed,New Townhome - Unit 2,3612 Garrison St,1,provisional_singleton
mp-a2d14208eacf4190,New 2-Story SFR w/ Patio/Balcony/Attached 2-Car Garage,3305 W Woodlawn Ave,1,provisional_singleton
mp-07103873392332ff,FEMA:PP:New 2 -Story SFR,430 W Davis Blvd,1,provisional_singleton
mp-c65c4b72250b507b,FEMA: PP: SFR -2 Story - New Construction,811 Grove Park Ave,1,provisional_singleton
mp-73c264603a9301a5,OWNER:FEMA OWNER - New 2-Story SFR,4702 W San Jose St,1,provisional_singleton
mp-9865a60dafe42fbe,PP: New 2 Story SFR,7208 N 9th St,1,provisional_singleton
mp-9e04071064637ea9,PP: New 2-Story SFR,7206 N 9th St,1,provisional_singleton
mp-797f960505c74daa,PP: New 2-Story SFR,3915 W Mullen Ave,1,provisional_singleton
mp-85847242a2761cb2,New 1sty SFR,8205 N 14th St,1,provisional_singleton
mp-75f589f1ed72f4ed,"FEMA: New 2-Story SFR w/ 4Bdr/4Bth,Porch, Attached 2-Car Garage",4709 W Bay Vista Ave,1,provisional_singleton
mp-d617f78bf6725f4f,ATF CMP-23-0010001,206 W 108th Ave,1,provisional_singleton
mp-50732c2164f3784b,12-30-25 KPI,4220 Maritime Blvd,1,provisional_singleton
mp-cb9b56d25b7a9c75,"FEMA: PP 3 stories, NEW SFR",592 Riviera Dr,1,provisional_singleton
mp-82db4737b95a67a3,Interior Alteration,2812 W Neptune St,1,provisional_singleton
mp-9809a646f4727152,FEMA: 3-Story:Townhouse New Construction,4901 Rattlesnake Pointe Ct,1,provisional_singleton
mp-12dfed211488e0d9,Fema: 3sty Townhouse,4904 Rattlesnake Pointe Ct,1,provisional_singleton
mp-0628daad0cf84ec5,FEMA: 3-story-Townhouse New Construction,4907 Rattlesnake Pointe Ct,1,provisional_singleton
mp-787c9d7056cdc49a,FEMA: 3-story-Townhouse New Construction,4908 Rattlesnake Pointe Ct,1,provisional_singleton
mp-6e446cecbc8f6549,Converting Garage into Living Space,3005 W Marlin Ave,1,provisional_singleton
mp-34c987e1cc0fbd2b,New 2Sty TownHome - Unit 1,3611 N 52nd St,1,provisional_singleton
mp-c12d2f4c596df8f6,New 2Sty TownHome: Unit 2,3611 N 52nd St,1,provisional_singleton
mp-a73f3ea7588cf67e,New 2sty Townhome - Unit 1,3613 N 52nd St,1,provisional_singleton
mp-8cb6f643f4bc983b,New 2Sty TownHome: Unit 2,3613 N 52nd St,1,provisional_singleton
mp-0484c2dcad739c7e,REACTIVATED - Townhouse: Unit 1,3615 N 52nd St,1,provisional_singleton
mp-39fe9858b4ccde95,REACTIVATED - Townhouse: Unit 2,3615 N 52nd St,1,provisional_singleton
mp-f435c2e66e5ccdd0,PP: Tenant Buildout: Pure Green - Arch and MEPs - no fire,306 E Cass St,1,provisional_singleton
mp-e13ae8087618180d,FEMA - Interior Alteration - Walmart,19910 Bruce B Downs Blvd,1,provisional_singleton
mp-6a1cab29f629a139,PP: NEW SFR 2 STORY,4009 W Angeles St,1,provisional_singleton
mp-059da98004e11177,PP: 2-Story Commercial Office Building- PSB Law Office,1011 N Armenia Ave,1,provisional_singleton
mp-1a10b411525e6f5a,12-04--25 KPI,6441 E County Line Rd,1,provisional_singleton
mp-04258d5ac0a36900,FEMA: New 2-Story SFR,3622 S Lightner Dr,1,provisional_singleton
mp-2e1e3c2a6fab3d9a,Private Provider: New Construction - Complete,2112 E 3rd Ave,1,provisional_singleton
mp-c8793d938bb7f29e,PP: Buildout Sportsuites Bar and Grill,2905 N 50th St,1,provisional_singleton
mp-197bb854e4f653c5,FEMA: New 2-Story SFR,3312 Sevilla Cir W,1,provisional_singleton
mp-0cd20d0a7e6033be,2-Story New SFR,3205 W Wyoming Ave,1,provisional_singleton
mp-3e9f0cb79892d45b,12-12-25 KPI,3707 E Lake Ave,1,provisional_singleton
mp-b1a04ae37df06fc4,FEMA: PP: New 2-Story SFR,3103 S Omar Ave,1,provisional_singleton
mp-3b132fc631ac905e,FEMA: New 2 Story SFR,4307 N River View Ave,1,provisional_singleton
mp-416da15a6c824014,FEMA: NEW SFR-2 Story,626 Danube Ave,1,provisional_singleton
mp-2bd720fb6b352c14,FEMA: PP: NC-COMPLETE: Bahia Restaurant,5440 W Tyson Ave,1,provisional_singleton
mp-de0393e8d70536aa,NEW SFR-2 Story,4006 E Idlewild Ave,1,provisional_singleton
mp-d75f8158c088a93e,OWNER: 2-Story -NEW SFR,2717 W Ivy St,1,provisional_singleton
mp-e4b2ef494661f36d,PP:New 2-Story SFR,3121 W North B St,1,provisional_singleton
mp-ac3c223ce838b165,Interior Remodel,1209 E 18th Ave,1,provisional_singleton
mp-96f0cfcd3bbf82a4,New 1-Story SFR,3409 W Fair Oaks Ave,1,provisional_singleton
mp-1dd045e5c97664cc,New 2-Story SFR,1103 W Adalee St,1,provisional_singleton
mp-0e4544f44dbb881f,Interior Remodel,8520 N Brooks St,1,provisional_singleton
mp-1f05213ba73b950f,New 2-Story SFR,1505 W Grace St,1,provisional_singleton
mp-3e48fec42486d663,FEMA: New 3-Story SFR,623 Danube Ave,1,provisional_singleton
mp-e9dcafd39cb6fa44,PP: Interior remodel,317 W Wilder Ave,1,provisional_singleton
mp-ac360ec197d17ade,Re-opened PP: 2-Story ADU w/Garage,508 E Sparkman Ave,1,provisional_singleton
mp-2d505cc30e993408,OWNER ADU Addition,3314 W Corona St,1,provisional_singleton
mp-c2bc5818ac72d445,New 2-Story SFR,6200 Interbay Blvd,1,provisional_singleton
mp-77de11f8b8e72e60,New SFR,2014 E Wood St,1,provisional_singleton
mp-1a50c8c4f71f6e50,New SFR,2015 E Seward St,1,provisional_singleton
mp-61474ec2862b4a50,New SFR,2017 E Seward St,1,provisional_singleton
mp-466455e5f59b8151,FEMA: PP: NEW SFR 3 story,4702 W Estrella St,1,provisional_singleton
mp-2d240e2c7353898d,New 2-Story SFR,1908 E Genesee St,1,provisional_singleton
mp-f510f4fe3ab4f97a,Interior Remodel,3312 W Empedrado St,1,provisional_singleton
mp-ab75f212e634e3b9,FEMA: PP: NEW SFR - 3 Story,4819 W Sunset Blvd,1,provisional_singleton
mp-ed8c65740b3625ac,NEW SFR,11307 N Hamner Ave,1,provisional_singleton
mp-74bf9097fdffcb72,NEW SFR,2019 E Seward St,1,provisional_singleton
mp-5f3c9eca48b45bd5,Interior Alteration - Tahitian Inn,601 S Dale Mabry Hwy,1,provisional_singleton
mp-1833d59e630d32de,PP: Interior ALT : Bath remodel,18142 Antietam Ct,1,provisional_singleton
mp-2a696883d0fd29f0,FEMA: New 1-Story SFR,4302 W Robin Ln,1,provisional_singleton
mp-88cd8397ffc9435f,FEMA: PP: New 3-Story SFR,4625 W Lowell Ave,1,provisional_singleton
mp-07d240fa2f93d407,New SFR,8205 N Brooks St,1,provisional_singleton
mp-dca337eaaa320920,ATF ADDITION w/ violation CMP-23-0007358,3405 W Dewey St,1,provisional_singleton
mp-a745f6f3e540fd7c,Addition to the Rear portion of the Home,5808 N 16th St,1,provisional_singleton
mp-e734459c214200b2,FEMA:PP:Addition and Renovation,4638 W Euclid Ave,1,provisional_singleton
mp-49a3d7233d4daecf,PP: New 3-Story SFR,3108 W Arch St,1,provisional_singleton
mp-c8accff4d6ae32e2,FEMA - New 2-Story SFR,4703 W Fair Oaks Ave,1,provisional_singleton
mp-fc370c13267704be,PP NEW SFR 2 STORY,3211 W Granada St,1,provisional_singleton
mp-7e368e36e542e53f,FEMA:PP: Lanai Addition,10635 New Morning Dr,1,provisional_singleton
mp-81db893a5ee2be7d,2-Story New SFR w Accessory Structure,2507 W Bristol Ave,1,provisional_singleton
mp-f2c9e67085cd9d35,SEC - Interior Alteration - Busch Gardens Tampa,3605 E Bougainvillea Ave,1,provisional_singleton
mp-221eb30675f5e276,FEMA: PP:New 3-Story SFR,660 Geneva Pl,1,provisional_singleton
mp-3cc899041b66c6ae,"PP: FEMA: Addition: Cabana Bath, New covered Patio, Kitchen and Deck remodel.",809 Grove Park Ave,1,provisional_singleton
mp-014c23ff0fc99a6d,Addition and Remodel,1004 S Siwanoy St,1,provisional_singleton
mp-65b964ec272384d0,"Re-issued FEMA: Lift SFR, Porch Addition and Interior Remodel",61 Albemarle Ave,1,provisional_singleton
mp-4de346ae6f00ebd3,FEMA: New 2-Story SFR,140 Chippewa Ave,1,provisional_singleton
mp-406f491fb5abbd22,PP: FEMA: New 2 Story SFR,4925 New Providence Ave,1,provisional_singleton
mp-ce80d71fea335ce1,PP: Interior and Exterior Renovation,3100 W San Carlos St,1,provisional_singleton
mp-5ca22f84632640b7,FEMA Addition and Remodel,6805 S Sparkman St,1,provisional_singleton
mp-b60151700440cb5b,New 1-Story SFR,8416 N 18th St,1,provisional_singleton
mp-4aafaafa1588c1af,OWNER Interior Remodel,2710 N Munro St,1,provisional_singleton
mp-19979eaac765b6c7,ATF ADDITION w/ CMP-24-0007192,1515 E Bougainvillea Ave,1,provisional_singleton
mp-dc12f00a3d127a59,NEW SFR,3420 N 10th St,1,provisional_singleton
mp-f1a74139b7bcc67e,New 1-Story SFR,8414 N 18th St,1,provisional_singleton
mp-d23122af4b62a202,PP: Additions & Interior/Exterior Reno - Kangaroo Express,7401 E Broadway Ave,1,provisional_singleton
mp-bfb79cfe5b904a7f,New 2-Story SFR,4115 W Mullen Ave,1,provisional_singleton
mp-6641538077c0c91a,OWNER PP: New 2 Story SFR,3119 W El Prado Blvd,1,provisional_singleton
mp-6db156671f3973fd,Interior Remodel,8722 N Larkhall Pl,1,provisional_singleton
mp-ba89a99d44f884b7,FEMA - New 2-Story SFR,548 Lucerne Ave,1,provisional_singleton
mp-7c22f0e69547f213,FEMA: New 2-Story SFR,612 Danube Ave,1,provisional_singleton
mp-c46ec6ba0fd3ade1,FEMA: PP:New 2 Story SFR,4910 W Melrose Ave,1,provisional_singleton
mp-4473f3f7a71d7801,FEMA / NEW SFR 2 STORY,2902 W Bayshore Ct,1,provisional_singleton
mp-a3e5be4437256708,PP: New 2 Story SFR,2517 W Maryland Ave,1,provisional_singleton
mp-b746b2f39bab83fb,FEMA: Interior Remodel,4604 W Oakellar Ave,1,provisional_singleton
mp-3d8bf4eb643789dc,PP:NEW 2 story SFR,2601 N Albany Ave,1,provisional_singleton
mp-10bfd1b490c73ed2,New 2-Story SFR,1101 W Adalee St,1,provisional_singleton
mp-cb1d38b62142df59,2nd Floor addition,5909 S Coolidge Ave,1,provisional_singleton
mp-4265553bff1558e1,New Accessory Structure,217 W Comanche Ave,1,provisional_singleton
mp-c6a8838832f55977,PP: 2-Story New SFR,3301 W Pearl Ave,1,provisional_singleton
mp-689974ed2c0dded4,Expedited Project,3212 W Marlin Ave,1,provisional_singleton
mp-50b3f4816b3f8639,Addition,5610 N Central Ave,1,provisional_singleton
mp-81d076a58c31058f,Interior/Exterior Remodel to the Main house and Accessory Structure.,6801 S Himes Ave,1,provisional_singleton
mp-abd016286b2bc742,11-20-25 KPI,207 E Yukon St,1,provisional_singleton
mp-6de0d5a6e11ca99d,FEMA: New 2-Story SFR,4729 W Lawn Ave,1,provisional_singleton
mp-09cf79fd19f54321,Fema: PP: Int. Remodel-Labcorp,5610 W La Salle St,1,provisional_singleton
mp-aea5c01303c6012e,FEMA: PP: New 3-Story SFR,3621 S Beach Dr,1,provisional_singleton
mp-19b7794ad5cc6e4a,FEMA: PP: New 2 STY SFR,4624 W Lamb Ave,1,provisional_singleton
mp-d9beb3a2b99cfe14,FEMA: PP: New 2 Story SFR,4627 W Browning Ave,1,provisional_singleton
mp-47019058cc6c5a24,FEMA: PP: New 2-Story SFR,4518 W Watrous Ave,1,provisional_singleton
mp-fd4804ace9d9d6f4,FEMA:New 3story SFR,3414 S Gardenia Ave,1,provisional_singleton
mp-deaf8955e0fc4780,FEMA: PP 2-Story:NEW SFR,566 Rhine Ave,1,provisional_singleton
mp-8108f41834833d91,NEW SFR,3420 Machado St,1,provisional_singleton
mp-619f1fa85e2ff144,New 1 Story SFR,3307 W Main St,1,provisional_singleton
mp-ec467960d8c67e20,PP: New 2-Story SFR,4101 W De Leon St,1,provisional_singleton
mp-fe376af470172515,PP: New 2 Story SFR,4103 W De Leon St,1,provisional_singleton
mp-8f0bddfa516a37fd,FEMA New 2-Story SFR,2825 W Shelton Ave,1,provisional_singleton
mp-a8bfc4c3cf486e55,PP: interior renovation,4104 W Watrous Ave,1,provisional_singleton
mp-ae70b8a58b38ac91,REISSUE - PP: Kitchen Remodel,9342 Deer Creek Dr,1,provisional_singleton
mp-8d30fab37c0f44b8,Buildout- Iron Tribe Crossfit,1701 N Florida Ave,1,provisional_singleton
mp-61090867bf8046f7,FEMA:NEW 2 STORY SFR,5008 W Dickens Ave,1,provisional_singleton
mp-c7c2995bc69ce0cf,FEMA: Elevate Home to DFE,6602 S Kissimmee St,1,provisional_singleton
mp-779418b358997e13,PP: Interior Remodel: Baba Sai - Mediterranean Restaurant and Bakery,13565 Cypress Glen Ln,1,provisional_singleton
mp-a6df57c947b430f0,FEMA:Elevate 1-Story Home,4805 W Sunset Blvd S,1,provisional_singleton
mp-7d2d1e7db6c4fd56,PP: FEMA: 3 Story SFR,210 Como St,1,provisional_singleton
mp-437b3e35fdda08be,ATF: Interior Remodel w/ violation CMP-25-0005723,627 Superior Ave,1,provisional_singleton
mp-9b4db8ec5d71a5af,Interior ALT,10308 Fore Dr,1,provisional_singleton
mp-e11c73cc7ce982f0,Re-issued Interior/Exterior Alteration,8502 N Packwood Ave,1,provisional_singleton
mp-44ea13d25e4dedb5,PP: New 1-Sty Townhome- West Unit,2708 W Chestnut St,1,provisional_singleton
mp-3c6d40c14d856631,PP: New 2 Story SFR,1711 W Aileen St,1,provisional_singleton
mp-cbd73c6f49746c76,12-02-25 KPI,2517 W Kennedy Blvd,1,provisional_singleton
mp-1da0bf1e20776ed0,10-29-25 KPI,5005 N Hale Ave,1,provisional_singleton
mp-147feefdbfaad4f3,12-09-25 KPI,5110 N Armenia Ave,1,provisional_singleton
mp-ad1b39ccfcd65df4,FEMA: New 3-Story SFR,604 Danube Ave,1,provisional_singleton
mp-ec892e671c91c862,11-5-25 KPI,4200 W Cypress St,1,provisional_singleton
mp-4d4d00590f0299c0,Expedited Project,48 Martinique Ave,1,provisional_singleton
mp-fb97c06723792c9b,PP: New 2Sty SFR > Revised site plan to correct circular drive,4106 W Neptune St,1,provisional_singleton
mp-91b955db013cdb24,FEMA: New 3 Story SFR,4906 W San Miguel St,1,provisional_singleton
mp-4beea0eaecd8203e,Re-opened Two Story Two Unit TownHouse: Unit 1,3612 Garrison St,1,provisional_singleton
mp-066325e30cb92417,Re-opened Two Story Two Unit TownHouse: Unit 2,3612 Garrison St,1,provisional_singleton
mp-dd7f58c5b69f7ddb,Expedited Project,3304 W Lawn Ave,1,provisional_singleton
mp-3d18e985a9b5d4af,Fema: New 2 Story,7406 S Elliott St,1,provisional_singleton
mp-aff846ad82e6581e,FEMA: PP: New 2-Story SFR,2404 S Dundee St,1,provisional_singleton
mp-b967d6b61130bd4f,FEMA:3-story-Townhouse New Construction,4903 Rattlesnake Pointe Ct,1,provisional_singleton
mp-a0079d06b8909151,FEMA:3-story-Townhouse New Construction,4905 Rattlesnake Pointe Ct,1,provisional_singleton
mp-6176f522225fc23a,FEMA:3-story-Townhouse New Construction,4906 Rattlesnake Pointe Ct,1,provisional_singleton
mp-175b9967604f934e,PP: Two Story Two Unit TownHouse: Unit 1,809 E Louisiana Ave,1,provisional_singleton
mp-274962639e3b3dab,New 2-Story SFR,4309 N Central Ave,1,provisional_singleton
mp-c2a6fd06bdf85b11,FEMA: PP: New 3 Story,664 Geneva Pl,1,provisional_singleton
mp-3cc067fabe8b3b84,PP: Two Story Two Unit TownHouse: Unit 2,809 E Louisiana Ave,1,provisional_singleton
mp-0c18019cd80857fb,Addition,6422 Riverbend Cir,1,provisional_singleton
mp-ae3a1f7bb8596357,FEMA PP Plan Review only NEW SFR 3 Story,505 Riviera Dr,1,provisional_singleton
mp-eb26ba55bfe367a4,FEMA:New 3-Story SFR,615 Marmora Ave,1,provisional_singleton
mp-7a17c83332dea1c2,FEMA: PP: New 3-Story SFR,808 S Davis Blvd,1,provisional_singleton
mp-2d472b07addfe162,New SFR,3202 E 25th Ave,1,provisional_singleton
mp-0710e01cc6b24c53,NEW SFR 1 story,3638 E Comanche Ave,1,provisional_singleton
mp-0a2717f365797879,New SFR,3604 E Grove St,1,provisional_singleton
mp-1d5256e85f095743,FEMA - New 2-Story SFR,4406 W Wallcraft Ave,1,provisional_singleton
mp-80c440e19ccbea49,ATF- CMP-25-0012306 -Interior and Exterior Renovation,6 Hamilton Heath Dr,1,provisional_singleton
mp-381f19b08d81ba75,Interior Remodel: PwC Tampa MW2 floors 1-10,4040 W Boy Scout Blvd,1,provisional_singleton
mp-bb88595158434324,FEMA : PP: New 2-Story SFR,4207 W Beach Park Dr,1,provisional_singleton
mp-ef8c19113b871466,New SFR,10122 N 11th St,1,provisional_singleton
mp-d094d2bb49484338,PP: New 2-Story SFR,1013 S Skokie St,1,provisional_singleton
mp-fc8686282ab4912f,PP: Suite A: Interior remodel : Tazz Takeout,3835 N 50th St,1,provisional_singleton
mp-0ed7a1971ca2aa40,FEMA:PP:New 2-Story SFR,4605 S Bartlett St,1,provisional_singleton
mp-1e7ee273b958d994,FEMA;New 2-Story SFR,2514 N Ridgewood Ave,1,provisional_singleton
mp-234609cacc02de64,Re-issued FEMA: New 2-Story SFR,7405 S Morton St,1,provisional_singleton
mp-6201a1ff6583f807,PP: Interior Remodel,206 N MacDill Ave,1,provisional_singleton
mp-df70d95d16e7302d,Exterior Alteration - Structural Repairs,3413 W Obispo St,1,provisional_singleton
mp-65fa160a3fc9a20f,THRESHOLD: SEC: PP: Interior Remodel of the 1st floor and 4th floor expansion: TGH Behavioral Health,1303 W Kennedy Blvd,1,provisional_singleton
mp-4db151108ae3cd79,PP: Addition/Remodel,3405 W Lykes Ave,1,provisional_singleton
mp-374ae88dfc90711a,FEMA: PP: New 2-Story SFR,2120 S Venus St,1,provisional_singleton
mp-b1ae70f0db332ed2,PP: addition,3217 W North B St,1,provisional_singleton
mp-ef2dfac2b9cd7653,Interior/Exterior ALT,8620 N Dixon Ave,1,provisional_singleton
mp-2a14a48ecb686034,COT - SEC - FEMA: Interior Remodel,2700 Maritime Blvd,1,provisional_singleton
mp-f1f8beee3fd7fd60,FEMA : Addition and Remodel,4508 W Azeele St,1,provisional_singleton
mp-0ff57d080b0bb24c,SEC - Interior Alteration - Suite #201 - Pottery Barn Kids,2223 N West Shore Blvd,1,provisional_singleton
mp-ebd1ba11b9cfb957,New 2-story SFR,4122 W Nassau St,1,provisional_singleton
mp-855e45a221816078,OWNER New Accessory Structure,4610 N Jamaica St,1,provisional_singleton
mp-dfd87526abded2ba,FEMA: PP: New 2-Story SFR,4719 W Wyoming Ave,1,provisional_singleton
mp-fcc5715faec94c36,11-10-25 KPI,4614 N Hubert Ave,1,provisional_singleton
mp-b3990c29479e32e4,FEMA / PP: New SFR 2 Story,547 Suwanee Cir,1,provisional_singleton
mp-7aadb52b82921189,Interior Alteration - 2nd Floor - Fusion Academy - Tenant Buildout,2909 W Bay To Bay Blvd,1,provisional_singleton
mp-9ebc41cc1d6c630f,New 1 Story,1511 E 33rd Ave,1,provisional_singleton
mp-1b1b81753af10e99,FEMA:New 3-Story SFR,604 Superior Ave,1,provisional_singleton
mp-212ea7a6cc7ca492,Addition and Remodel,1319 E Norfolk St,1,provisional_singleton
mp-9001c91d7a57684a,Interior Alteration - Central Court Apartments,2510 N Central Ave,1,provisional_singleton
mp-9b9d6e33381f1b0a,SEC - Interior Alteration - Suite #288 - Pottery Barn,2223 N West Shore Blvd,1,provisional_singleton
mp-f5fb22c11124a5b8,Addition & Remodel,3611 W Tacon St,1,provisional_singleton
mp-dd23814d4486a688,PP: New 1Sty SFR,4505 E Giddens Ave,1,provisional_singleton
mp-d863f3bb62c63219,FEMA - New 3-Story SFR,401 S Royal Poinciana Dr,1,provisional_singleton
mp-272235a78e71a6de,FEMA: PP: 3 Story new SFR,601 Luzon Ave,1,provisional_singleton
mp-52195e4feafe44c1,"ATF- CMP-24-0004194 - Accesory Structure, Lanai, and Carport",816 W 114th Ave,1,provisional_singleton
mp-cddbf578b7c70f2b,Addition,3506 W San Luis St,1,provisional_singleton
mp-9137a480aaadf5c7,FEMA: Interior ALT,4604 W Beach Park Dr,1,provisional_singleton
mp-58ef356a3a7cb1f9,FEMA - New SFR,2412 S Dundee St,1,provisional_singleton
mp-8e9afa7bf235615d,PP: New 2-Story SFR,903 W Braddock St,1,provisional_singleton
mp-7bfeddab180e08d4,EXPEDITED: THRESHOLD: Foundation ONLY,8255 Parkedge Dr,1,provisional_singleton
mp-ec4b23028e3392aa,New 2-Story SFR,3203 W Wyoming Ave,1,provisional_singleton
mp-65ee8a2d958a9e1c,New SFR,9509 N Hyaleah Rd,1,provisional_singleton
mp-1a19a6691432743a,New 2-Story SFR,3221 W Harbor View Ave,1,provisional_singleton
mp-3ae4c208ccf5eb1f,OWNER / Detached Garage/Driveway,4109 N Boulevard,1,provisional_singleton
mp-28d55baeabacca91,FEMA:PP:New 2-Story SFR,4523 W Rosemere Rd,1,provisional_singleton
mp-bd1c74644c4d6d08,Fema: Addition/Remodel,4804 W San Miguel St,1,provisional_singleton
mp-2eea53476ddb84c6,PP: New 2 Story SFR,4224 W Barcelona St,1,provisional_singleton
mp-e483dceac5d8e13d,new accessory structure,6708 N 13th St,1,provisional_singleton
mp-041174cf69d16ee5,PP: Threshold: Additions & Remodel - Academy of the Holy Names,3319 S MacDill Ave,1,provisional_singleton
mp-3aedfec7d2e4c9ee,FEMA; PP: New 2-story SFR,519 Bosphorous Ave,1,provisional_singleton
mp-5f96d5b82ab17295,"ATF- CMP-25-0006414 - Home Renovation, Fence Section Extension and apron Extension",3101 W Spruce St,1,provisional_singleton
mp-31f9e6d03770f74f,Exteror Alteration - Carport Area,116 W Hillsborough Ave,1,provisional_singleton
mp-09dc6dbcebd9abd3,FEMA: PP: Shell and Finished Phased 2,5710 Adamo Dr,1,provisional_singleton
mp-0d239bbadc855a1c,PP:NEW SFR,5221 E 21st Ave,1,provisional_singleton
mp-09642cd71f95ba7a,new sfr,3204 E 25th Ave,1,provisional_singleton
mp-bc56d1e67d7cb748,PP: New 1-Story Accessory Structure,2743 Bel Aire Cir,1,provisional_singleton
mp-72934b8bb716fbe9,PP: Addition,4201 W Empedrado St,1,provisional_singleton
mp-acc7ef0a4a7267dc,New SFR and detached ADU,301 W Kentucky Ave,1,provisional_singleton
mp-972f75f991d18610,OWNER / Bathroom Addition,4941 Wishart Blvd,1,provisional_singleton
mp-ba0453284a3bc816,FEMA: PP: New 3 Story SFR,827 Bayshore Blvd,1,provisional_singleton
mp-455f78de0976559c,PP: New 2-Story SFR,2601 N Albany Ave,1,provisional_singleton
mp-46ae276578293391,FEMA:PP:New 2-Story SFR,2615 S Dundee St,1,provisional_singleton
mp-3c294969bdf8b663,OWNER:Garage Addition / Interior Renovation,8520 Portage Ave,1,provisional_singleton
mp-3c1f6b8a74ac2ed2,FEMA - Unit 2302- Interior Alteration,1209 E Cumberland Ave,1,provisional_singleton
mp-9809ac6c40c74178,Interior Alteration - Florida E.N.T. & Allergy,3006 W Azeele St,1,provisional_singleton
mp-0248a7cc39a5873f,ATF CMP-24-0005794,8503 N Orleans Ave,1,provisional_singleton
mp-0eca843b0f9b6f2c,FEMA: New 2 Story SFR,216 S Gardenia Ave,1,provisional_singleton
mp-2367ce2b71c3a22a,FEMA:PP:New 2-Story SFR,4703 W Lowell Ave,1,provisional_singleton
mp-04dc100797339203,Accessory structure no kitchen,1 N Franklin St,1,provisional_singleton
mp-f75517e6fdbdb997,PP: New 2-Story SFR,3401 W Kensington Ave,1,provisional_singleton
mp-f622b6ba01c61611,FEMA: PP: 3-STORY NEW SFR,122 Martinique Ave,1,provisional_singleton
mp-74833856ed45fff8,OWNER carport conversion,3017 E Paris St,1,provisional_singleton
mp-b7294d06b53c9900,New 1-Story SFR,8511 N Arden Ave,1,provisional_singleton
mp-403851e9d8d1feaa,FEMA New 2-Story SFR,3621 S Gardenia Ave,1,provisional_singleton
mp-a04e3bf3e5a8d24a,Bathroom Remodel: Unit 1409A,3301 Bayshore Blvd,1,provisional_singleton
mp-2a1f182fcf6fb3b4,FEMA: PP: New 2 Story,577 Riviera Dr,1,provisional_singleton
mp-5600dfa9c543b28f,PP:New 1-Story SFR,18120 Longwater Run Dr,1,provisional_singleton
mp-58e2011e92357a28,PP: Accessory Dwelling Unit,809 W Warren Ave,1,provisional_singleton
mp-17d2bac695e5750b,New Fitness Track and Fitness Area - West River T6 Park (NFL Experience),1136 W Spruce St,1,provisional_singleton
mp-d9cedebab7def6bc,New SFR,2018 N Saint Vincent St,1,provisional_singleton
mp-aa84bce92f2c6e83,Carport enclosure,1006 W Coral St,1,provisional_singleton
mp-5af59320c3ed6a18,Remodel: Interior,1802 W Hills Ave,1,provisional_singleton
mp-6092d3c11e98d6bb,FEMA: Bathroom Remodel,208 Danube Ave,1,provisional_singleton
mp-09d40cac386320c6,New 2-Story SFR,3616 W Iowa Ave,1,provisional_singleton
mp-dfd6a5c24faae62d,PP: NEW SFR,4508 N Troy St,1,provisional_singleton
mp-9a3fe757db61db66,FEMA: PP: Addition/Remodel,14 Ladoga Ave,1,provisional_singleton
mp-d57e55fe4d1cdb9b,ATF CMP-25-0015464 - Lanai Enclosure to Living Space,808 W Whatley Pl,1,provisional_singleton
mp-272a5fcd55e3d224,Interior Remodel and Addition,1203 S Gunby Ave,1,provisional_singleton
mp-3454e70c26e12f94,FEMA: PP: New 2-Story SFR,329 Columbia Dr,1,provisional_singleton
mp-7ba18ea4de7c8aaa,PP: FEMA: SFR,2403 S Dundee St,1,provisional_singleton
mp-afb1c41f8c95b988,FEMA: PP: NEW SFR-2 Story,201 S Treasure Dr,1,provisional_singleton
mp-ad759370bc7d3c4c,SFR,7012 N Willow Ave,1,provisional_singleton
mp-712c1b94e79c515f,OWNER-Addition,8513 N Temple Ave,1,provisional_singleton
mp-358ad90498f5149b,OWNER:Addition,2314 W Henry Ave,1,provisional_singleton
mp-bcb01d5e5f514591,Interior/Exterior Alteration - Repair Fire Damage,4011 W Comanche Ave,1,provisional_singleton
mp-8eb24fcc02ec72ed,New SFR 1 Story,1908 E 97th Ave,1,provisional_singleton
mp-e69eabd0ed9eb02a,12-09-25 KPI Facilitated Project,4100 George J Bean Pkwy,1,provisional_singleton
mp-9202b8f86f6bc426,New 2 Story SFR,3206 W Santiago St,1,provisional_singleton
mp-a53c6ef97ca6f695,SEC: FEMA: Threshold: (Suite 110) Addition: Interior ALT,3000 Bayport Dr,1,provisional_singleton
mp-91e02e6a692ef499,New 2-Story SFR,2625 Marconi St,1,provisional_singleton
mp-25c66c11b661a063,Addition,2516 W Morrison Ave,1,provisional_singleton
mp-80b35be24befa4b7,OWNER-Addition > Bed and bath addition on the rear of the existing structure,6022 N Dexter Ave,1,provisional_singleton
mp-ee719d3a499258af,PP: New 2-Story SFR,1004 W Indiana Ave,1,provisional_singleton
mp-0e5bb8ed4da9dc2c,FEMA New 2-Story SFR,307 W Jean St,1,provisional_singleton
mp-0cb96981bec88999,Accelerated Project,1555 W Main St,1,provisional_singleton
mp-5bb034fd50abc98d,FEMA: PP 2 Story SFR,5815 Mariner St,1,provisional_singleton
mp-bb5aefd07855af1b,New 2-story SFR,3403 W Cass St,1,provisional_singleton
mp-63bdd40ec7190736,PP: 2nd Floor Addition/ Rear Lanai / Carport,3115 W Barcelona St,1,provisional_singleton
mp-e8b55babf42769cf,FEMA:NEW SFR,4724 W Iowa Ave,1,provisional_singleton
mp-e05ce8e4eb71b7fa,12-23-25 KPI,725 S Harbour Island Blvd,1,provisional_singleton
mp-0e44a1af71697c52,PP:NEW 2 Story SFR,4015 W Swann Ave,1,provisional_singleton
mp-395b96a7cedebc51,Interior Alteration - Beck Office Tenant Improvements,220 W 7th Ave,1,provisional_singleton
mp-9c5ab31dd0eeea90,FEMA:New 2-Story SFR,4510 W Brookwood Dr,1,provisional_singleton
mp-a6f085fdde65c819,Elevate SFR - Install Foundation System,3604 W Dale Ave,1,provisional_singleton
mp-547c870ce8c073a9,Fema:PP: New 3Sty SFR,4915 W Melrose Ave S,1,provisional_singleton
mp-d181ac69b0004278,PP: New 3-Story SFR,404 S Oregon Ave,1,provisional_singleton
mp-7a0e2642ac6dd29e,PP: NEW 2 STORY addition,218 S Gunlock Ave,1,provisional_singleton
mp-6e24ed8843a3d72d,OWNER Interior Alteration,2927 W Hawthorne Rd,1,provisional_singleton
mp-fe337fb74a9952e2,New 2-Story SFR,3429 W Palmetto St,1,provisional_singleton
mp-cdb250ad0ff6a59d,FEMA: New 1 Story SFR,7408 S Morton St,1,provisional_singleton
mp-1209911d2afec3bd,PP: New Duplex,1417 S Moody Ave,1,provisional_singleton
mp-a616aa77200d6cdc,Addition & Remodel,306 W Haya St,1,provisional_singleton
mp-1f1ad69c4b1fd2ce,FEMA - New 2-Story SFR,4525 S Ferncroft Cir,1,provisional_singleton
mp-c092e02ce6b2dac9,"PP: Addition: Bedroom, UTL and Storage room.",1513 Tilsen Dr,1,provisional_singleton
mp-3d20d63007de7a87,12-12-25 KPI ACCELERATED: Affordable Housing,1410 E Chilkoot Ave,1,provisional_singleton
mp-6ab6ff331f5c237d,FEMA: PP: New 2-Story SFR,4317 W Sylvan Ramble St,1,provisional_singleton
mp-04c06500e1bd79de,Addition,2712 N Jefferson St,1,provisional_singleton
mp-e82a25dad1777552,OWNER Addition: Garage,1709 E Louisiana Ave,1,provisional_singleton
mp-f5da070b7ac9f307,FEMA: New 3 Story SFR,3611 S Belcher Dr,1,provisional_singleton
mp-fba5b74a36308e4b,ATF CMP-25-0015878 - Converting Garage to two story living space,101 W Fern St,1,provisional_singleton
mp-e5b62365dd7a34e9,See Record Comments,1106 E New Orleans Ave,1,provisional_singleton
mp-f078344183ac2149,FEMA: PP: Addition and Remodel,4618 S Woodlynne Ave,1,provisional_singleton
mp-df5df10da5b7e936,PP: BLD D Suite 110 - Buildout including MEPs no fire - Livewell Animal Hospital,202 N Rome Ave,1,provisional_singleton
mp-a1dfc9df391120f8,New 2-Story SFR,2511 W Saint Isabel St,1,provisional_singleton
mp-7e0f863cdfec3d9d,PP: FEMA: Building 2: Interior Renovation,4018 N Riverside Dr,1,provisional_singleton
mp-e63d0aa2743271dc,PP: FEMA: : Int Remodel: BLDG 4,4018 N Riverside Dr,1,provisional_singleton
mp-4add2fb96dd4e0bb,Addition Relocation,2114 W Burke St,1,provisional_singleton
mp-a494af69580107e8,PP: New 1 Story,8120 N Newport Ave,1,provisional_singleton
mp-7374702499a90445,New 2-Story SFR,211 W Hiawatha St,1,provisional_singleton
mp-76810a4e47ccbb7c,New 2-Story SFR,2702 W Abdella St,1,provisional_singleton
mp-18379f7c689e92a3,New 2 Story,2704 W Abdella St,1,provisional_singleton
mp-dbeb58eede783fb9,PP: New 2-Story SFR,3604 W Leona St,1,provisional_singleton
mp-0894263facfb6e7e,"ATF CMP-24-0016762 -- New Residence, two story, 4 bedrooms, 3 anf half bathrooms, and two car garage",910 W Fribley St,1,provisional_singleton
mp-1cc60114e21e2295,FEMA:Addition/ Remodel,4501 W Azeele St,1,provisional_singleton
mp-cec51a76ac510f9b,"New 2-Story SFR w/ 5bd/5bth, Porch, Lanai, Attached 2-Car Garage",821 W Adalee St,1,provisional_singleton
mp-b37936fc6d4ff290,PP: New 2-Story SFR,2923 W Alline Ave,1,provisional_singleton
mp-6de9d7a655d1243e,Interior Remodel: Boys and Girls Club Of Tampa Bay Liberty Mompierre,4219 W Mango Ave,1,provisional_singleton
mp-aa4632ee0e79cadc,FEMA: PP: NEW SFR 2 Story,7414 S Morton St,1,provisional_singleton
mp-b923529ca2f11379,PP: 2-Story ADU with Garage,119 W Adalee St,1,provisional_singleton
mp-b62a315d9c47c33a,Interior Build out (2nd floor Grace wellness),2208 E Henry Ave,1,provisional_singleton
mp-69dca081271017c2,FEMA PP: New 2-Story SFR,2303 N Glenwood Dr,1,provisional_singleton
mp-075ef6ee035a6037,01-08-26 KPI,3444 S West Shore Blvd,1,provisional_singleton
mp-c004a6b3f70d9356,NEW FOOD PANTRY FACILITY- EXCITING CENTRAL TAMPA BAPTIST CHURCH,105 E Keyes Ave,1,provisional_singleton
mp-5dcf2612892c21fb,PP: 2 Story Unit 1 Townhouse,4221 W North B St,1,provisional_singleton
mp-cd1896871e3f6ad2,PP: 2 Story Unit 2 Townhouse,4221 W North B St,1,provisional_singleton
mp-fd244332ba992710,OWNER:NEW SFR,10410 N 50th St,1,provisional_singleton
mp-cf12e704cc6b4e8f,New SFR,1021 N Bask Dr,1,provisional_singleton
mp-6053d489f7e5cbdf,FEMA - New 2-Story SFR,513 E Davis Blvd,1,provisional_singleton
mp-4c8a6cdfb7d1af7a,New 1-Story SFR,8311 N 11th St,1,provisional_singleton
mp-82438106ad060600,Addition - Convert Porch Into Living Space,801 S Newport Ave,1,provisional_singleton
mp-4b66a3e701371572,ATF- CMP-21-0014261 - Porch Enclosure with Interior and Exterior Renovations,207 E Virginia Ave,1,provisional_singleton
mp-f698dc3b8f88a902,FEMA: SEC: Threshold: University of Tampa Science Building,505 UT McNeel Ct,1,provisional_singleton
mp-6090f700a576ee98,Accessory Structure: Storage,1800 N Rome Ave,1,provisional_singleton
mp-6a425d21ca253ee7,Renovation/ Addition,402 S Oregon Ave,1,provisional_singleton
mp-e3866e6f19132332,PP:New 2 -Sty SFR & Accessory living,3110 W Wallcraft Ave,1,provisional_singleton
mp-cf3c1fcde385a20f,PP: Fema: New 2 Sty SFR,3606 S Belcher Dr,1,provisional_singleton
mp-badcaf545169db31,FEMA:PP:New 2-Story SFR,4316 W Corona St,1,provisional_singleton
mp-eaf98bd6c975ec0e,SEC - Interior Alteration - Floor 4 - Repkon USA,4301 W Boy Scout Blvd,1,provisional_singleton
mp-b9136a0b849138fa,Accelerated Project,1901 N Taliaferro Ave,1,provisional_singleton
mp-26792cfc57a4c721,Accelerated Project,1903 N Taliaferro Ave,1,provisional_singleton
mp-3ace9e32d9870d18,FEMA: Enclosing existing Lanai for kitchen Expansion,7716 Landcare Ln,1,provisional_singleton
mp-3981ed5280c6dc33,New 1-Story SFR,4782 E Yukon St,1,provisional_singleton
mp-e7ef7b01d802f3d8,NEW SFR,8701 N Temple Ave,1,provisional_singleton
mp-8fa6e997c498909a,7th Floor - Unit 1007: Build-out of Tampa Family Health Centers,1071 Blanche Armwood St,1,provisional_singleton
mp-408ec72ebad59814,FEMA: PP: New 2-Story SFR,3618 S Gardenia Ave,1,provisional_singleton
mp-6d302509d93c6e8c,PP: New 1-Sty Townhome- East Unit,2706 W Chestnut St,1,provisional_singleton
mp-91e746d79dc54575,PP: New 2 Sty SFR,3709 W San Pedro St,1,provisional_singleton
mp-e62da28d63b846f0,PP: 2-Story New SFR,3501 W Rogers Ave,1,provisional_singleton
mp-5f296b5d1f5e13a2,Site Foundation AFFORDABLE HOUSING: FEMA: Site/Foundation: Building 12000: Pointe Grand Tampa,7400 Interbay Blvd,1,provisional_singleton
mp-d2517501c062f8f9,Exterior Alteration,824 S MacDill Ave,1,provisional_singleton
mp-0f9f7562c38c5f3b,New 2-Story SFR,4104 W Dale Ave,1,provisional_singleton
mp-0da0b4e108f8e084,Owner: New 2-Story SFR,4205 W Neptune St,1,provisional_singleton
mp-0633747ebca3c6aa,SEC: PP: Interior Renovation - Ceviche Tapas Bar & Restaurant Suite B224,2223 N West Shore Blvd,1,provisional_singleton
mp-c30dacf0c22b72f4,Kitchen Addition,932 E McBerry St,1,provisional_singleton
mp-2e2a472a988502ef,FEMA: Interior Remodel: Unit D104,2424 W Tampa Bay Blvd,1,provisional_singleton
mp-c5cf68ace65e210d,Re-issued PP: New 2-Story SFR,3112 W Paxton Ave,1,provisional_singleton
mp-3de5bdb8063667c7,New 2-Story SFR,231 W Fern St,1,provisional_singleton
mp-24051b8f80a050f2,PP: Interior/Exterior Alteration,3705 N Highland Ave,1,provisional_singleton
mp-ce03e1b3d9828ef5,FEMA - Addition - Lifting The Elevation Of Home,825 Bayshore Blvd,1,provisional_singleton
mp-acfaec15102d6cef,FEMA PP:New 2-Story SFR,1122 S Dunbar Ave,1,provisional_singleton
mp-4fb884d2ea9f931a,FEMA: 2-story New SFR,210 S Gardenia Ave,1,provisional_singleton
mp-3e521444a036b7e1,FEMA SFR,4414 W Lawn Ave,1,provisional_singleton
mp-42f546529901a1d0,PP:NEW 2 STORY SFR,3909 W Corona St,1,provisional_singleton
mp-56b4fc2f13b650e7,PP: 2-story: New SFR,5604 S Lynwood Ave,1,provisional_singleton
mp-861dfb430b721667,PP: New 2 Story SFR,3610 W Tyson Ave,1,provisional_singleton
mp-79ce92ebfecb4282,PP: New 2 Sty SFR,3115 W Hawthorne Rd,1,provisional_singleton
mp-b9fef9ec707b182b,PP: New 2 Sty SFR,3520 W Price Ave,1,provisional_singleton
mp-4571f5ab0322dd85,Bathroom Renovation,905 S Packwood Ave,1,provisional_singleton
mp-a2b5bb6f8de4641b,FEMA: Addition w/carport,6232 S Kelly Rd,1,provisional_singleton
mp-0f57e3262fd086a0,PP: EARLY START: 2nd floor Addition,2716 N Morgan St,1,provisional_singleton
mp-675d72111e84d009,New 3-Story Townhouse: Unit 1,1510 S Bay Villa Pl,1,provisional_singleton
mp-403baa5bf56404bd,New 3-Story Townhouse Unit 2,1510 S Bay Villa Pl,1,provisional_singleton
mp-61cedf362dd83dd8,PP: Building B: Calore Club: Buildout,202 N Rome Ave,1,provisional_singleton
mp-6d5047625740fb73,FEMA: Addition: Interior ALT,5107 W Azeele St,1,provisional_singleton
mp-61391ac377d9f5b2,Room and Bathroom Addition,2923 N 18th St,1,provisional_singleton
mp-fe2cb643b4f29042,New 2-Story SFR,4106 W Dale Ave,1,provisional_singleton
mp-ce88d51a4a78cdef,FEMA: 3 Story New SFR,2115 S West Shore Blvd,1,provisional_singleton
mp-1926ffc78347471d,PRIVATE PROVIDER - ATF- CMP-23-0011504 - Carport Conversion to Conditioned Space,2128 W Sewaha St,1,provisional_singleton
mp-4532d406a00ce0f8,New SFR,11333 N Marjory Ave,1,provisional_singleton
mp-e4c1f0b593782e67,PP: Interior Remodel,17959 Holly Brook Dr,1,provisional_singleton
mp-81c44bd768b8bfef,Tenant Buildout: Aureate 7th Floor,1071 Blanche Armwood St,1,provisional_singleton
mp-c29ba35f247286a9,Addition,8106 N Lynn Ave,1,provisional_singleton
mp-3f9cd46ac631bead,OWNER: Int. Remodel,1209 E Henry Ave,1,provisional_singleton
mp-bebf4152366250e3,FEMA - New 2-Story SFR,5006 W Euclid Ave,1,provisional_singleton
mp-34eee3fa2d8184c0,New SFR,3411 N 9th St,1,provisional_singleton
mp-eb4ba57515dcecba,New SFR,3412 N 10th St,1,provisional_singleton
mp-78e779b29e2e9fb6,FEMA: PP: 2 Story: NEW SFR,4211 W Bay Vista Ave,1,provisional_singleton
mp-beba0c3d93588c31,Addition,1703 W Sligh Ave,1,provisional_singleton
mp-d5c0c8be47b1e90a,New McDonald's,920 E Fowler Ave,1,provisional_singleton
mp-0eb139d10e2ffa12,PP: New 2 Story Townhouse Unit 1,2504 W Pine St,1,provisional_singleton
mp-9ee634f068256b82,New SFR 1 Story,8204 N Marks St,1,provisional_singleton
mp-5b56737424de94a7,PP: New Townhouse Unit 2,2504 W Pine St,1,provisional_singleton
mp-3ed5701af8ac5fd5,FEMA - New 2-Story SFR,568 W Davis Blvd,1,provisional_singleton
mp-9d3d9dfd4215790d,FEMA: Interior Remodel: Westin Tampa Waterside Hotel - 1st and 2nd Floor,725 S Harbour Island Blvd,1,provisional_singleton
mp-194717f54bd94557,OWNER:Res Addition/ Interior ALT,2612 E 17th Ave,1,provisional_singleton
mp-77d900c1b05f5a5f,NEW SFR,3509 E Genesee St,1,provisional_singleton
mp-981512a0a2b75ad2,Addition - Gangchu Restaurant,6618 N Nebraska Ave,1,provisional_singleton
mp-9974641687a25bf7,New SFR,1405 W Arctic St,1,provisional_singleton
mp-4d9a49cad96fd1b7,FEMA: PP: New 2-Story SFR,5017 W San Miguel St,1,provisional_singleton
mp-3dba350bf407d055,OWNER - Addition,2309 W Virginia Ave,1,provisional_singleton
mp-cf6dd0821f52c5a4,FEMA - New 3-Story SFR,7504 S Germer St,1,provisional_singleton
mp-16546496356b59b6,New 2-Story SFR,812 W Orient St,1,provisional_singleton
mp-0e81a175943d787f,"New 2-Story SFR w/ 4Bdr/3Bth, Porch, Lanai, and 3-Car Garage",814 W Orient St,1,provisional_singleton
mp-564dee478f8e2381,Interior/Exterior Alteration and New Concrete Slab,3725 E 10th Ave,1,provisional_singleton
mp-fada67788a7742fd,FEMA New 2-Story SFR,4716 W Knights Ave,1,provisional_singleton
mp-cadccef4140e0fcb,FEMA:PP:New 2-Story SFR,3014 N Adams St,1,provisional_singleton
mp-7def54de6c261b2a,New 2 Story Fee Simple Townhome: Unit 1,2412 W Carmen St,1,provisional_singleton
mp-b4d8ca25e88832ee,NEW SFR 2 Story,8702 N Lynn Ave,1,provisional_singleton
mp-57bfa13f4d8491e3,ATF - CMP-25-0010535 - Interior and Exterior Renovation,2607 E 23rd Ave,1,provisional_singleton
mp-de0395dcb3e3ef29,Exterior/Interior ALT,2534 W Sunset Dr,1,provisional_singleton
mp-a51340dc6d5def17,New 2 Story SFR,2306 W Eldred Dr,1,provisional_singleton
mp-ff55d299ba21cb28,NEW 2 STORY SFR,2306 W Eldred Dr,1,provisional_singleton
mp-d922de17035f93e3,ATF Violation -CMP-25-0013519,6309 S Renellie Ct,1,provisional_singleton
mp-0142a364314977dd,PP: 2 Story Addition w/Outdoor Kitchen/Remodel,4020 W Leona St,1,provisional_singleton
mp-2c422ad90e89decb,Interior Remodel: Bathroom and Kitchen,777 N Ashley Dr,1,provisional_singleton
mp-ecb31681fa3b2083,FEMA - Interior/Exterior Alteration,215 S Gardenia Ave,1,provisional_singleton
mp-42556b2201d212a6,Shed Converted to Living Space: ALS,916 W Braddock St,1,provisional_singleton
mp-baa8753d90acfc85,FEMA - New 2-Story SFR,4314 S Renellie Dr,1,provisional_singleton
mp-59f77e1deba09271,FEMA - New 2-Story SFR,4316 S Renellie Dr,1,provisional_singleton
mp-b7cfce3b05e8de08,FEMA:PP: 2-Story: New SFR,4614 W Estrella St,1,provisional_singleton
mp-6614fc7b38b6af04,FEMA - New 2-Story SFR,4630 W Euclid Ave,1,provisional_singleton
mp-d89345a5756946e5,SEC: Int. Remodel: Spc 246,2223 N West Shore Blvd,1,provisional_singleton
mp-badc50eaaf715895,Converting garage into livingspace,3318 W Barcelona St,1,provisional_singleton
mp-54e6434db5dad7b4,PP: Bathroom Remodel,4211 W Tacon St,1,provisional_singleton
mp-1b2d9678c2452777,New 2-Story SFR,3612 E Clifton St,1,provisional_singleton
mp-4a782ef605f5d257,Exterior Alteration,2609 N 18th St,1,provisional_singleton
mp-e28ebd25c32e721e,Expedited Project,4905 W Melrose Ave,1,provisional_singleton
mp-7445a517e2195f3f,FEMA: Elevation of the House,2318 S Occident St,1,provisional_singleton
mp-0cc3e5b273f0aa7c,Interior ALT,2512 W Sunset Dr,1,provisional_singleton
mp-1e021ea2636332fd,New 2-Story SFR,2918 W Bay Villa Ave,1,provisional_singleton
mp-dc5079b564be3ad1,OWNER Addition,1903 E Clinton St,1,provisional_singleton
mp-34e469be1ec070bf,New 1-Story SFR,2801 Marconi St,1,provisional_singleton
mp-b6eba0355abad9a8,FEMA - New 2-Story SFR,6615 S Juanita St,1,provisional_singleton
mp-c42008cc10252d34,FEMA - New 2-Story SFR,3609 S Belcher Dr,1,provisional_singleton
mp-dd2d0c1002f6ac41,PP: Interior/Exterior Remodel - Roof,2507 E Linebaugh Ave,1,provisional_singleton
mp-20d09b33b6eed67f,SEC - COT: Remodel,2515 E Hanna Ave,1,provisional_singleton
mp-0be370b937ba5881,FEMA - New 3-Story SFR,2414 N Riverside Dr,1,provisional_singleton
mp-bef9eb76fce21b60,OWNER New Accessory Structure - Unheated Detached Recreation Room,8107 N Marks St,1,provisional_singleton
mp-39098079045ff011,FEMA: PP: New 3 Story SFR,486 Severn Ave,1,provisional_singleton
mp-079dcc1a9f9a23e4,New Accessory Structure,2911 W Trilby Ave,1,provisional_singleton
mp-ab4d0f79819c5d6d,FEMA - New Unconditioned Detached Accessory Structure,2912 W Pearl Ave,1,provisional_singleton
mp-ea7faf4f729a6943,Alteration/ Windows/ Electrical/ Plumbing,2919 N 12th St,1,provisional_singleton
mp-e85b480d5d82d7c8,New 2-Story SFR,5407 S Elkins Ave,1,provisional_singleton
mp-8032540714d6a28f,New Duplex Home 1 story,1208 E 14th Ave,1,provisional_singleton
mp-0c07018dbaa7b469,Dutch Bros Coffee,1507 E Fowler Ave,1,provisional_singleton
mp-c1c795c2c7c023a1,PP: Addition and Remodel: Westshore Endodontics,4066 Henderson Blvd,1,provisional_singleton
mp-37ba999389d7341d,New 2-Story SFR,8502 N Boulevard,1,provisional_singleton
mp-4bdcf1d9525a9e11,FEMA: New 2-Story SFR,1207 W Charter St,1,provisional_singleton
mp-8d414b572e70edd4,SEC: FEMA: PP: Velera: Build out,615 Channelside Dr,1,provisional_singleton
mp-acc5a09cd44a1d4c,"EARLY START - Interior Remodel including Arch and MEPs, no fire - Centro Asturiano",1913 N Nebraska Ave,1,provisional_singleton
mp-8fc90292625db4d9,ATF Violation -CMP-25-0013905 - Interior and Exterior Alteration with Additon,1110 W Knollwood St,1,provisional_singleton
mp-ca901b37e6569f2e,PP: New 3 story SFR,3603 W Euclid Ave,1,provisional_singleton
mp-a84c01419cd8a4ed,PP: New 3-Story SFR,3605 W Euclid Ave,1,provisional_singleton
mp-3cfb6dd3305c6e62,New 2-Story SFR,3907 W Vasconia St,1,provisional_singleton
mp-b2f178abd863e004,PP:New 2 Story SFR,1712 W Saint Conrad St,1,provisional_singleton
mp-9e3bb14e5537febf,ATF - CMP-25-0013774 - Accessory Structure,2604 E 25th Ave,1,provisional_singleton
mp-9f9fcf5c01ee9a69,FEMA: PP: New 2-Story SFR,467 Marmora Ave,1,provisional_singleton
mp-bb69b47d0f60fbf0,New SFR,4780 E Yukon St,1,provisional_singleton
mp-f019e92dbf39b65e,Expedited Project,505 W Ross Ave,1,provisional_singleton
mp-c165c2324157eedc,Change of Occupancy: Suite: B Interior Build out: Barkology,4045 W Kennedy Blvd,1,provisional_singleton
mp-934031cc8a3b1df0,PP:New 2-Story SFR,3216 W Paxton Ave,1,provisional_singleton
mp-d7d0074432fc8cd2,FEMA:PP: New 3-Story SFR,130 Huron Ave,1,provisional_singleton
mp-8c0563b0bc115d1b,ATF- CMP-25-0007739 3- Interior and Exterior Renovation with Porch Extension,3306 N Howard Ave,1,provisional_singleton
mp-eea1af639fb35d66,PP: New 2-Story SFR,6307 S Main Ave,1,provisional_singleton
mp-1b7c738adcdc5d07,New 2-Story SFR,1019 E North St,1,provisional_singleton
mp-91061eb4b9665404,Fema: PP: New 2-Story SFR,575 Bosphorous Ave,1,provisional_singleton
mp-ecbae36cf2f712be,FEMA - New 2-Story SFR,7507 S OBrien St,1,provisional_singleton
mp-b17d8ed3b2ba2cb4,FEMA - New 3-Story SFR,5008 W Longfellow Ave,1,provisional_singleton
mp-88ce4c1e4927d54b,New Medical Building & Parking Deck - Dermatology On Henderson,4115 Henderson Blvd,1,provisional_singleton
mp-681af94c599cf8f0,New SFR,3008 E Osborne Ave,1,provisional_singleton
mp-ef3b089e5034f419,FEMA: PP New 3-Story,2925 W Alline Ave,1,provisional_singleton
mp-abde2bc9ba434a50,FEMA: PP: New Three Story Townhouse: Unit 12,2805 W Hawthorne Rd,1,provisional_singleton
mp-55327dbc0cecf02b,FEMA: PP: New 2 Story,4706 W Estrella St,1,provisional_singleton
mp-28f8d4999114fe7b,FEMA: PP: New 2 Story,4906 W Estrella St,1,provisional_singleton
mp-327bb1aefd9060fa,PP: New 2-Story SFR,3203 W Barcelona St,1,provisional_singleton
mp-1f7434a217c20507,NEW SFR (Approved building Plans on File),3201 W Saint John St,1,provisional_singleton
mp-a1fc9cb2b602bc1a,NEW SFR(Approved plans on File),3203 W Saint John St,1,provisional_singleton
mp-1483dbdaafb5f147,PP:New 2-Story SFR,6305 S Main Ave,1,provisional_singleton
mp-579ec73a287e2feb,PP: New 2 Story SFR,1710 W Saint Conrad St,1,provisional_singleton
mp-37b735f90600674f,Sam's Discount Grocery - Addition/remodel and dumpster enclosure - includes MEPs.,4215 N 15th St,1,provisional_singleton
mp-f4d0eef33ad82feb,New SFR,2606 W Powhatan Ave,1,provisional_singleton
mp-781d24a78223bde5,FEMA: SITE/FOUNDATION: WM Waste Management,1400 N 35th St,1,provisional_singleton
mp-4bf6e4a88c683c45,THRESHOLD: Interior Remodel (TAMPA AIRPORT MARRIOTT),4200 George J Bean Pkwy,1,provisional_singleton
mp-40350de4a1e67c31,FEMA - New 2-Story SFR,2604 N Dundee St,1,provisional_singleton
mp-042d101a1eed7416,FEMA: Interior ALT - New office space,1212 N 50th St,1,provisional_singleton
mp-42d8d6747a6e571f,Expedited Project,103 S Newport Ave,1,provisional_singleton
mp-d2bdef471fccbb97,SEC - Interior Alteration - Space #238 - BOSS,2223 N West Shore Blvd,1,provisional_singleton
mp-c7be7dbba1c97222,FEMA: New SFR,3701 E Powhatan Ave,1,provisional_singleton
mp-218c5a5bd972f03b,FEMA New SFR,3703 E Powhatan Ave,1,provisional_singleton
mp-cfac2ce79364ce3d,FEMA New SFR,3705 E Powhatan Ave,1,provisional_singleton
mp-817318c50e190170,"New 2-story SFR-> Attached garage, rear lanai, rear cabana, front porch, Covered balcony, 5 bed, 5 bath",2413 S Church Ave,1,provisional_singleton
mp-21de7b84b7fe5021,FEMA: PP: Bathroom remodel,371 Channelside Walk Way,1,provisional_singleton
mp-4a16a1a1a631449c,FEMA:Interior/exterior ALT,3328 S Shamrock Rd,1,provisional_singleton
mp-eec67bd12d210079,SEC: Buildout: 15th FL Suite 1500: Deloitte,3600 Midtown Dr,1,provisional_singleton
mp-0f1f866965624640,FEMA: NEW 2 STORY SFR,7212 S Mascotte St,1,provisional_singleton
mp-4388494272db6d7f,FEMA - New 2-Story SFR,7216 S Mascotte St,1,provisional_singleton
mp-6ddf338d6b97cac1,PP:SITE/FDN:Site and Foundation ONLY,200 S Nebraska Ave,1,provisional_singleton
mp-c88be795d35331d8,Interior/Exterior Remodel,905 N Armenia Ave,1,provisional_singleton
mp-28f2a2b5302e30d0,Addition & Remodel,414 W Floriland Ave,1,provisional_singleton
mp-ad6e400acc6c00f5,OWNER:FEMA: PP: New 2-Story SFR w/1 Story Accessory structure.,418 Blanca Ave,1,provisional_singleton
mp-847b49797e3ed27b,2-Story Accessory Structure,1106 W Charter St,1,provisional_singleton
mp-67a914801484cc46,Addition of 47SqFt/ remodel an open porch; Inspections commenced under BLD-24-0505899,2906 W Main St,1,provisional_singleton
mp-dcea08afa29bb1e5,PP: New 2 Story SFR,4001 W Carmen St,1,provisional_singleton
mp-995dc911f25a1fd0,PP: New 2-Story SFR,205 N Woodlynne Ave,1,provisional_singleton
mp-969e69601ede3102,FEMA:New 2-Story SFR,1005 W Idlewild Ave,1,provisional_singleton
mp-880d69b04289f086,New SFR,9228 N 52nd St,1,provisional_singleton
mp-822c4c36f1570c67,New SFR,2910 N 25th St,1,provisional_singleton
mp-aa667a0586d9325e,addition,6812 N River Blvd,1,provisional_singleton
mp-ad22fa8c336a95f7,PP: New 2 Story SFR W/ DETTACHED 3 CAR GARAGE,709 W Frances Ave,1,provisional_singleton
mp-694b3132d01dda55,REISSUE - ATF: Exterior Remodel w/ violation CMP-25-0009395- SPR-25-0003360,2104 W Crawford St,1,provisional_singleton
mp-0e1b8b2bad4918af,PP: New 1 Story SFR,2718 W Aileen St,1,provisional_singleton
mp-7ce032e5c8ee36a5,OWNER:New 1-Story SFR,9318 N 22nd St,1,provisional_singleton
mp-f08b224a783a8143,FEMA: New Detached Electrical Building,200 N 19th St,1,provisional_singleton
mp-afbcf0e5405a3f85,New 2-Story SFR w/Detached Gym,803 S Woodlyn Dr,1,provisional_singleton
mp-37bd680fb6138fad,Addtion and remodel,2908 W Louisiana Ave,1,provisional_singleton
mp-0d9a81938447326c,Ybor Art Studio- Interior Build out,1705 N 16th St,1,provisional_singleton
mp-6a7d14534e5d7c15,Accelerated Project,2106 E Wilder Ave,1,provisional_singleton
mp-582a51fd3953653b,PP: New 2-Story Duplex,2518 W Beach St,1,provisional_singleton
mp-6c58cd986a5d09cb,New 2-Story SFR,2707 W Collins St,1,provisional_singleton
mp-46b33fc3e4b6adcb,PP: Duplex,2520 W Beach St,1,provisional_singleton
mp-4f748888996b7856,OWNER / Porch/Carport converted to Living Space,3113 W Beach St,1,provisional_singleton
mp-91901a9e758a2cbc,ATF: Building 2: Units 1-6 Interior/Exterior Remodel w/ violation CMP-26-0000029,4605 N Hubert Ave,1,provisional_singleton
mp-2121323f66e3511a,PP: New 1 Story,2914 W Walnut St,1,provisional_singleton
mp-49716c0991565530,"OWNER:Addition > New addition of 889sf, 2 bed 2 bath",1317 W Yukon St,1,provisional_singleton
mp-f7dfb559cade9662,OWNER: New 2-Story SFR,1806 W Bristol Ave,1,provisional_singleton
mp-16f57dd05d2b3eb1,OWNER - New Structure for storage and reading,3222 W Saint Joseph St,1,provisional_singleton
mp-90091b2b5031c9c4,OWNER Addition - Convert Garage Into Living Space,1217 E Idlewild Ave,1,provisional_singleton
mp-1ef04c84a607e6b2,New 2-Story SFR,1002 W Charter St,1,provisional_singleton
mp-a3172f16a9c4aea3,FEMA: PP - Interior Alteration,3101 Bayshore Blvd,1,provisional_singleton
mp-9bb39737624842e5,PP:New 2-Story SFR,2615 W Prospect Rd,1,provisional_singleton
mp-45fd0364d5d77e5d,Interior Alteration - Publix Super Markets,10928 Cross Creek Blvd,1,provisional_singleton
mp-27fd1b9c2cf8f497,FEMA - Dormer Addition/Remodel,3006 S Emerson St,1,provisional_singleton
mp-3f537d5127627e8e,PP: Addition,2310 S Ardson Pl,1,provisional_singleton
mp-004a0cda97a94893,New 2-Story SFR,208 W Fern St,1,provisional_singleton
mp-adaf7511b9fbba9e,NEW SFR,8608 N 13th St,1,provisional_singleton
mp-1cbabe3ee8a93499,Expedited Project,1711 E Fowler Ave,1,provisional_singleton
mp-8c1ac6986ee3bd4d,PP: Threshold: Parking Garage,2602 N Dale Mabry Hwy,1,provisional_singleton
mp-4df45ab9b65c89ba,FEMA: Addition: Laundry Room,4614 W Fig St,1,provisional_singleton
mp-14509f46d6a01233,FEMA: Int./Ext. remodel,208 W Davis Blvd,1,provisional_singleton
mp-9a1b5ea060895dee,PP:New 2-Story SFR,1414 E Emma St,1,provisional_singleton
mp-a05aac752f25acbf,FEMA:PP:Addition and kitchen remodel.,4804 Woodmere Rd,1,provisional_singleton
mp-538fae211855c486,OWNER:ADDITION: New 2-Story Accessory Dwelling Unit,5907 N Kenneth Ave,1,provisional_singleton
mp-b051fbd9cc9a4bba,PP: ADDITION - Bedroom and bathroom,1703 E Fern St,1,provisional_singleton
mp-8e8d4830ec2bb6ac,Interior/Exterior Alteration - Hargrett Properties LLC,2409 E Lake Ave,1,provisional_singleton
mp-67ae8efcb1a9865d,FEMA - Interior Alteration,558 Lucerne Ave,1,provisional_singleton
mp-ee65ff517dbbc31b,FEMA:PP:New 2-Story SFR,469 Severn Ave,1,provisional_singleton
mp-f833ebfcf250597c,FEMA: Addition revised site plan,2507 W Shell Point Rd,1,provisional_singleton
mp-7049311dac1fb470,PP: Addition and extension of a covered Patio,4101 N Lynn Ave,1,provisional_singleton
mp-5ad2a75b8d7de9d3,FEMA: NEW SFR 2 Story,6800 N River Blvd,1,provisional_singleton
mp-3983f4f61f4f093f,OWNER:Conditioned Acc Structure,1913 S Oakmont St,1,provisional_singleton
mp-724924d35f9693b7,PP: New 1Sty SFR,509 E Sparkman Ave,1,provisional_singleton
mp-8cf29f98e6a3df74,New SFR,208 W Fern St,1,provisional_singleton
mp-78c435743eccc61a,Addition/Remodel,4110 W Swann Ave,1,provisional_singleton
mp-1dfccef07d80de83,New 1-Story SFR,1803 E 23rd Ave,1,provisional_singleton
mp-ed310ed9682ecfb4,OWNER: Remodel: Bathroom,16121 Brecon Palms Pl,1,provisional_singleton
mp-65066f72ec887b4e,Addition and Remodel,2407 N Ramona Cir,1,provisional_singleton
mp-1c4d92cda6350a03,Interior Kitchen and Bathroom remodel,3006 W Julia St,1,provisional_singleton
mp-11a94f49f3857018,FEMA - New 2-Story SFR,2310 S Hesperides St,1,provisional_singleton
mp-2906adb3d4b09755,PP:Exterior/Interior Remodel - Forest Hills United Methodist Church,9714 N Boulevard,1,provisional_singleton
mp-8c3369f06caa8dab,PP: Addition,3612 W Santiago St,1,provisional_singleton
mp-ec3730b5782cf13c,New 2-Story SFR,1002 W Ohio Ave,1,provisional_singleton
mp-ffad0bd6089ab8fa,PP: New 2-Story SFR,1416 E Emma St,1,provisional_singleton
mp-ac1224c534bd23a7,Expedited Project,3201 W Tyson Ave,1,provisional_singleton
mp-cb214fb202dd0d64,Kitchen Remodel with Removal of a wall section,16003 Penwood Dr,1,provisional_singleton
mp-17a374f53a63f6e8,Expedited Project,505 W Ross Ave,1,provisional_singleton
mp-ca958b9d9a8fd9a5,FEMA ATF - CMP-25-0006479 - Addition and Hurricane Damage Repairs,1910 W Saint Isabel St,1,provisional_singleton
mp-c210f9d1a9f1fbe9,Interior Alteration - Sprouts Coffee Remodel,1519 S Dale Mabry Hwy,1,provisional_singleton
mp-a45a7c9fc718363e,Interior Alteration,1918 N Himes Ave,1,provisional_singleton
mp-a31cc5e57241dc57,Addition: Detached garage/ Extend driveway,714 W Virginia Ave,1,provisional_singleton
mp-4ce3c52db2da378b,FEMA: PP: New 2-story SFR,3010 S Keats St,1,provisional_singleton
mp-180a91260d5aebac,PP: NEW SFR 2 Story,714 W Frances Ave,1,provisional_singleton
mp-31b1d1bd052ac6b6,Addition,1527 W Clinton St,1,provisional_singleton
mp-dae30d8882e959c8,PP:New 2 Story SFR,3824 W Corona St,1,provisional_singleton
mp-866543464371faff,PP: ATF Violation -CMP-24-0016704- Rehab - Full Interior and Exterior Renovation,1704 E Waters Ave,1,provisional_singleton
mp-37b16f456057b102,New 2-Story SFR and Detached Garage,3112 W Haya St,1,provisional_singleton
mp-cc9e871c0d16fa29,New SFR,3101 E Osborne Ave,1,provisional_singleton
mp-d2e687db1c8f8e36,Interior Alteration - Fire Damage,8413 N Highland Ave,1,provisional_singleton
mp-629221555904de6d,Addition: American Care Enclose Drive-Thru,205 W Busch Blvd,1,provisional_singleton
mp-6ebf4488676c6723,Interior Alteration - AMWINS,2002 N Tampa St,1,provisional_singleton
mp-cf585343ee85497f,PP: New 1-Story SFR,3113 W Julia Cir S,1,provisional_singleton
mp-e1e29df596bb14f3,FEMA - Interior Alteration - Raise Floor,2605 W Lykes Ct,1,provisional_singleton
mp-264511c8df5935e5,Second story addition,704 S Newport Ave,1,provisional_singleton
mp-1a07c036b89968de,OWNER /FEMA:Interior Remodel,2304 S Occident St,1,provisional_singleton
mp-78929b27552070d5,FEMA: NEW SFR 2 Story,5409 S Sellas St,1,provisional_singleton
mp-4e8ae21a90e3811a,FEMA: PP: Master bath remodel,806 S Davis Blvd,1,provisional_singleton
mp-d4fe6a92613c1940,PP: New addition and Detached Garage with living space,210 S Matanzas Ave,1,provisional_singleton
mp-ea6d220a6073d960,ATF Violation -CMP-25-0017913,2610 W Cypress St,1,provisional_singleton
mp-f2b51bdd12eb5243,PP:Interior Remodel,808 S MacDill Ave,1,provisional_singleton
mp-fa8d4aff25aa422d,Fema: PP: New 2-Story SFR,18 Ladoga Ave,1,provisional_singleton
mp-be4f5e9d0b902b90,SEC: PP: Unit 218: Int. Renovation: Vuori,2223 N West Shore Blvd,1,provisional_singleton
mp-c908ad71b809aeec,FEMA: Kitchen renovation,1002 S Harbour Island Blvd,1,provisional_singleton
mp-30acb75e70ee2ebe,PP: 2-Story-NEW SFR,905 W Plymouth St,1,provisional_singleton
mp-5625f7ba34c84b14,PP: New 2-Story SFR,3214 W San Miguel St,1,provisional_singleton
mp-9b938e08ab3baa6a,FEMA: PP: 3 Story New SFR,2807 W Averill Ave,1,provisional_singleton
mp-ec0668d83806ed3c,ATF Violation -CMP-26-0000616 - Interior Renovation/ Siding,207 S Fremont Ave,1,provisional_singleton
mp-0e887a6fe7e88eed,PP: New 2-Story SFR,2107 S Clark Ave,1,provisional_singleton
mp-af51b1cac24973e4,New 2-Story SFR,2303 S Cameron Ave,1,provisional_singleton
mp-e0e0e8e08d37d900,Addition: Enclosing patio to living space,8227 Swann Hollow Dr,1,provisional_singleton
mp-ed1e348df09479e6,FEMA - Interior/Exterior Alteration,25 Formosa Ave,1,provisional_singleton
mp-d8ea8ecd44d43862,New SFR,508 E James St,1,provisional_singleton
mp-a5ac1c86a5c25d33,FEMA: PP: New 2 Story,6210 Sanders Dr,1,provisional_singleton
mp-d4c9ac0e274f0a08,Accessory Structure,2723 N Poplar Ave,1,provisional_singleton
mp-2cbc71c3a1cbb90a,FEMA: THRESHOLD SITE/FDN AC Moxy Channelside,111 N Meridian Ave,1,provisional_singleton
mp-f0ecf1719b4d83ae,PP: Interior Build out: Duckweed Urban Grocery and Liquor Store,1710 Nuccio Pkwy,1,provisional_singleton
mp-d7d7976c48377afa,Addition and Interior Remodel,2804 W Parkland Blvd,1,provisional_singleton
mp-7f5eb2861bafcd4a,"FEMA: PP: - Interior Alteration - 6th Floor, Suite 630 - RSM",1001 Water St,1,provisional_singleton
mp-febb9d97a04ec55f,PP: New 2-Story SFR,4005 W Cass St,1,provisional_singleton
mp-6a818f24d641dc2b,PP: Interior/Exterior Alteration,1411 E Busch Blvd,1,provisional_singleton
mp-19bb5b4fc61fdfc4,PP:New 1Sty SFR,1911 E Noel St,1,provisional_singleton
mp-60638c03aee6796e,FEMA: PP: New 2-Story SFR,3008 W Chapin Ave,1,provisional_singleton
mp-e17201d8323d1b0b,NEW SFR 2 Story > Rebuild of a single family residence after fire damage to home. Perimeter walls and slab are existing.,10217 Thicket Point Way,1,provisional_singleton
mp-ee3658662f5751ff,Addition,707 W Virginia Ave,1,provisional_singleton
mp-0e63faa8a4334bf1,FEMA:PP:New 2-Story SFR,2929 W Coachman Ave,1,provisional_singleton
mp-784f3d1887410611,NEW SFR,3413 N 9th St,1,provisional_singleton
mp-2012c04c10cca91b,ATF Violation-CMP-25-0006214,1711 W Erna Dr,1,provisional_singleton
mp-59341eecc9ed43d9,FEMA: PP: New 3 story SFR,524 Columbia Dr,1,provisional_singleton
mp-3c2dae8b53381873,NEW SFR,3207 W Palmetto St,1,provisional_singleton
mp-d449f29fd231a9b8,New 1-Story SFR,1104 W Adalee St,1,provisional_singleton
mp-8187c8a113a3ebb5,New 2 Story Fee Simple Townhome: Unit 2,2412 W Carmen St,1,provisional_singleton
mp-0130a43f9ef0cfd5,New 2-Story SFR,3710 W Palmira Ave,1,provisional_singleton
mp-5962602cdc3dd2a0,New 2-Story SFR,3823 W Gray St,1,provisional_singleton
mp-30acacecdf1230bb,Converting garage into living space,717 W Emma St,1,provisional_singleton
mp-377cff847a6c9763,ATF Violation -CMP-23-0000457/CMP-24-0011737 - Interior and Exterior Alteration with Porch Addition,5606 N Cherokee Ave,1,provisional_singleton
mp-25150ebbb55c4f65,Interior/Exterior Alteration,4306 W Swann Ave,1,provisional_singleton
mp-1399d20fe48b241e,Interior Alteration,525 S Lincoln Ave,1,provisional_singleton
mp-5e0ba070bed9d944,FEMA: PP: SFR,3109 W Napoleon Ave,1,provisional_singleton
mp-d6f796d859c4564d,"Cabana with Outdoor Kitchen, Pavers & Turf",2928 W Tambay Ave,1,provisional_singleton
mp-0c85c55a0da216df,ATF Violation -CMP-25-0015535,2825 N Taliaferro Ave,1,provisional_singleton
mp-131427346bf7ab69,PP: New 2 Story SFR connecting breezeway to detached garage,1613 S Arrawana Ave,1,provisional_singleton
mp-64a2387948f7102f,EARLY START BLD-26-0522259 Interior Alteration - Bagels & Co.,5004 E Fowler Ave,1,provisional_singleton
mp-018f5d683792f3dd,PP: Accessory Structure,907 S Fremont Ave,1,provisional_singleton
mp-d60f9cd836c577ce,"ATF Violation -CMP-25-0017806 - Enclosed Porch to space, Metal Carport and Ext . and Interior Renovations",4103 W Comanche Ave,1,provisional_singleton
mp-f79e5bf2c2638a37,PP: Change of Occupancy- Pura Vida Miami,1038 Water St,1,provisional_singleton
mp-ad98a656febad3c0,FEMA - Interior/Exterior Alteration,4308 W Oklahoma Ave,1,provisional_singleton
mp-ccbb6b216b0f04d4,Exterior Alteration: Window Replacement and New Roof Truss,205 S Albany Ave,1,provisional_singleton
mp-3f1ce5888527a74e,New 2-Story SFR,316 W Alfred St,1,provisional_singleton
mp-279ca195ac7a8309,New SFR,911 E Shadowlawn Ave,1,provisional_singleton
mp-15d5cd6ef29e71d5,FEMA: PP: 2 Story New SFR,424 W Davis Blvd,1,provisional_singleton
mp-53c92e47571caa6c,OWNER: Fema: PP: Unit 601 Int. Remodel,2 Adalia Ave,1,provisional_singleton
mp-dbd3772b7cae2aa1,FEMA: SFR,4112 W Corona St,1,provisional_singleton
mp-ff8954f6fbfc84ce,FEMA: Remodel,39 W Spanish Main St,1,provisional_singleton
mp-27fd87bc3cbfb1ea,Interior/Exterior Alteration,4904 N 11th St,1,provisional_singleton
mp-d280621e42fe724d,FEMA - Interior Alteration - Inlumia Imaging,5041 W Cypress St,1,provisional_singleton
mp-e86e365463e4f9f0,OWNER: ATF - Accessory Structure & Concrete Slab w/ violation CMP-26-0000387,8717 N Edison Ave,1,provisional_singleton
mp-6d26b24f1ae4a1e3,FEMA: PP: Interior remodel: Unit 4941C,4941 Bayshore Blvd,1,provisional_singleton
mp-16aceb8a68a83394,FEMA New 2-Story SFR,618 Luzon Ave,1,provisional_singleton
mp-87ee60f38f826f0c,Bath Remodel/Extend Sidewalk & Patio-Veteran,6203 N 37th St,1,provisional_singleton
mp-8ab518e5cf32751f,PP: NEW SFR,6210 N 42nd St,1,provisional_singleton
mp-d327e08f54b86a9a,New 2 Story SFR,3821 W Gray St,1,provisional_singleton
mp-15ae0d05e0e48f40,New 2-Story SFR,3110 W Dewey St,1,provisional_singleton
mp-40e26460f127db05,NEW SFR 2 Story,3301 W Corona St,1,provisional_singleton
mp-98cf712f415df670,New 2 Story,4002 W Gray St,1,provisional_singleton
mp-fceea72528beaaed,FEMA: NEW SFR 2 Story,4002 W Knights Ave,1,provisional_singleton
mp-7a58d2466ce27d2f,SEC - FEMA - Interior Alteration - 8th Floor - HMT 820 Clinic Expansion,5 Tampa General Cir,1,provisional_singleton
mp-954c3c647fa3c902,PP: New 2-Story SFR,3608 W Wallace Ave,1,provisional_singleton
mp-656537cf4ce6173d,Storage and Pickleball Court,1613 Renaissance Way,1,provisional_singleton
mp-d07ed3a2f37fe7f8,New 1-Story SFR,8606 N Alaska St,1,provisional_singleton
mp-58b42afee7066a57,FEMA: Alterations/Convert Lanai to Family Room,4516 S Cooper Pl,1,provisional_singleton
mp-a5012e2b70e52261,Bathroom remodel - Unit 2009A,3301 Bayshore Blvd,1,provisional_singleton
mp-24392965b8c78975,PP: New 2 Story SFR,3306 W North A St,1,provisional_singleton
mp-ed216adc845e113f,PP: Exterior Alteration - New Rear Patio w/Roof,3705 W San Pedro St,1,provisional_singleton
mp-a6c4e01f404ead43,FEMA New SFR,2908 W Rogers Ave,1,provisional_singleton
mp-846c2fed3a4ee5a4,ATF Violation -CMP-24-0006978,3423 E Henry Ave,1,provisional_singleton
mp-b22ac88e1e51e248,Bathroom Remodel and Driveway,3918 Treasure Cir,1,provisional_singleton
mp-7fe9092d8c3b6f7a,Fema: PP New 2-Story SFR,5117 W Platt St,1,provisional_singleton
mp-47d15131adc710e9,NEW SFR,4011 E Curtis St,1,provisional_singleton
mp-6936e9750ac558ab,PP: New detached 2 Story ADU Office,107 W Curtis St,1,provisional_singleton
mp-d8e8df336ae4580b,PP: Fema: New 2 Story,210 S Treasure Dr,1,provisional_singleton
mp-7559030dd984b3cc,FEMA: PP: NEW SFR 3 Story,633 Ontario Ave,1,provisional_singleton
mp-ccc826fd5b29185d,Interior Alteration - Structural,313 E Oak Ave,1,provisional_singleton
mp-60996eefd5f6eadd,New 2-Story SFR,306 N Excelda Ave,1,provisional_singleton
mp-399ed42ef87777ae,FEMA: Renovation: Interior: Ste 2540,400 N Ashley Dr,1,provisional_singleton
mp-daa9ab99018a1fa8,Early Start: Bldg G: Int/Ext. Remodel,5008 E Colonial Dr,1,provisional_singleton
mp-b0203a4c9edf0a58,FEMA: PP: NEW SFR-2 Story,4506 W Melrose Ave,1,provisional_singleton
mp-e560acc594e08df1,FEMA: PP: NEW SFR 2 Story,210 S Ward St,1,provisional_singleton
mp-ff9d9a67fbb55c3e,PP:NFCU Interior Remodel,4538 S Dale Marbry,1,provisional_singleton
mp-b6ed4eeab68bc206,Addition,3614 W Lykes Ave,1,provisional_singleton
mp-98b8b4d67ec5e329,FEMA: PP: - Interior Alteration - Suite 700 & 745 - Morgan Stanley,4890 W Kennedy Blvd,1,provisional_singleton
mp-e437f52b7f6d88d2,FEMA - Interior Alteration - Bathrooms,4422 W El Prado Blvd,1,provisional_singleton
mp-7bd9fde5d82a4a11,New 3-Story SFR,3921 W Lemon St,1,provisional_singleton
mp-6e87519c515eeaec,SEC: THRESHOLD: ADDITION: Crows Nest,4201 N Dale Mabry Hwy,1,provisional_singleton
mp-ce1c41f6163c800c,Converting Lanai to Office and Restroom,813 Alicia Ave,1,provisional_singleton
mp-0275106c6de988e9,PP: New 2-Story SFR,3715 W Santiago St,1,provisional_singleton
mp-b57893785b23c851,PP: New 2-Story SFR,204 W Floribraska Ave,1,provisional_singleton
mp-d4ffcb72c6fccccf,SEC: FEMA: PP: Interior Remodel: Suite 230,4950 W Kennedy Blvd,1,provisional_singleton
mp-52a1216e454c9083,FEMA : New 2 Story SFR,4313 N River View Ave,1,provisional_singleton
mp-db9654c19d4ffb72,PP: New 1 Story,2913 N 20th St,1,provisional_singleton
mp-14fc7b6ebd9cdf4c,FEMA: Addition 2 Car Garage,5014 S The Riviera St,1,provisional_singleton
mp-96afa62e8e73a0f4,New 2-Story SFR,2307 N Elcoe Dr,1,provisional_singleton
mp-fc6a073a8e316cde,FEMA - Interior Alteration,424 Columbia Dr,1,provisional_singleton
mp-e3aabf2fb77dc97b,Interior/Exterior Alteration,2722 W Jetton Ave,1,provisional_singleton
mp-ee4517f42dff7cce,PP: Second floor addition and Interior Remodel,3204 W Tambay Ave,1,provisional_singleton
mp-39d2558550eda554,Interior and Exterior Remodel,5803 Roberta Cir,1,provisional_singleton
mp-6060c41812ecb516,FEMA:PP: New 3-Story SFR,594 Riviera Dr,1,provisional_singleton
mp-266141a4c3ef3e66,FEMA: New 2-Story SFR,2203 N Glenwood Dr,1,provisional_singleton
mp-8ff16c97aac456b4,FEMA:PP:NEW SFR-2 Story,2811 W Pearl Ave,1,provisional_singleton
mp-d809330101217f06,Interior ALT,106 S Glen Ave,1,provisional_singleton
mp-fe1684a9d2c4485c,OWNER PP: Addition & Remodel,3416 W Leroy St,1,provisional_singleton
mp-ee246a85788abb4c,FEMA: PP: New 2 Story SFR,3420 S Gardenia Ave,1,provisional_singleton
mp-d6260293ea79b320,PP: OWNER:Convert Attic to loft/Add porch & deck,917 E 11th Ave,1,provisional_singleton
mp-d435ce141f840c6a,New 2-Story SFR,2608 N Ridgewood Ave,1,provisional_singleton
mp-699995ef68af2c60,FEMA: PP: New 3-Story SFR,5828 Mariner St,1,provisional_singleton
mp-7e4fb190ca12db5f,FEMA: PP: New 2 Story SFR,403 W Violet St,1,provisional_singleton
mp-9580883077a4fcf3,FEMA: Interior Remodel - Ugly Dumpling Tampa,18001 Highwoods Preserve Pkwy,1,provisional_singleton
mp-3ce69be134ba7117,ATF Violation -CMP-23-0003151 - Addition,2138 W Juneau St,1,provisional_singleton
mp-709d398aa6cb558d,Fema: Addition/Remodel,2407 W Conley Ave,1,provisional_singleton
mp-1aba6314d5e11561,OWNER - New Accessory Structure - Mother-in-Law Suite,2301 W Kenmore Ave,1,provisional_singleton
mp-9e45561f0922eef7,New 2-Story SFR,3303 W Corona St,1,provisional_singleton
mp-fa58acfc3d28005e,FEMA New 2-Story SFR,2926 W Ellis Dr,1,provisional_singleton
mp-e74e09e67b7b7d96,FEMA: New 2 Story SFR,4302 Woodmere Rd,1,provisional_singleton
mp-3d654fa4801f6bb8,FEMA: PP New 2-Story SFR,4808 W Melrose Ave,1,provisional_singleton
mp-1a3d1eb500e60443,New 2-Story SFR,3303 W Marlin Ave,1,provisional_singleton
mp-aef9af665ba2749a,PRIVATE PROVIDER – PLAN REVIEW AND INSPECTIONS* Addition of new lanai,3213 W Cherokee Ave,1,provisional_singleton
mp-f2a9ddae8c5523da,New 1-Story SFR,1613 E Kirby St,1,provisional_singleton
mp-cf0fa2b4deb55939,PP: New 2-story SFR,1942 W Spruce St,1,provisional_singleton
mp-40f6a98c290a6284,PP: New 2 Story,1944 W Spruce St,1,provisional_singleton
mp-dac8a7004b8dc645,PP: New 2 Story,1946 W Spruce St,1,provisional_singleton
mp-d30548cf7e063430,PP: New 2 Story SFR,1948 W Spruce St,1,provisional_singleton
mp-1e3c5a004302a69b,OWNER Remodel & Porch: Interior/Exterior,908 W Indiana Ave,1,provisional_singleton
mp-29f2bfc938c3b932,PP: Renovation: Exterior/Interior and ADU,2608 W Morrison Ave,1,provisional_singleton
mp-6e06d0f4790cc2b6,FEMA New 2-Story SFR,3609 S Omar Ave,1,provisional_singleton
mp-fa5d0120647c3966,PP: FEMA: New 2-Story SFR,4714 W Bay Vista Ave,1,provisional_singleton
mp-6c3a3903eec7f6bb,New SFR,8910 El Portal Dr,1,provisional_singleton
mp-190bfe40654034a5,Fema: New 3-Story SFR,5010 W Longfellow Ave,1,provisional_singleton
mp-ec2dc29b45a72014,FEMA: PP: NEW SFR-2 Story,3309 Sevilla Cir E,1,provisional_singleton
mp-ac094a2b18272a86,PP: Fema: New 2 Story,450 W Davis Blvd,1,provisional_singleton
mp-afd5d68a597fdafb,THRESHOLD: PP: SHELL: New Mixed Use 10 Story Parking Garage& Tenant Shell Space-Waterstreet -SPP Block 1-Firebird,200 S Nebraska Ave,1,provisional_singleton
mp-bcd8490b1e1f65c3,FEMA: New 2-Story SFR,4604 W Estrella St,1,provisional_singleton
mp-ebf8d33f11c38449,FEMA: SFR,2907 W Elrod Ave,1,provisional_singleton
mp-7fa99390f8231889,FEMA New 2-Story SFR,479 Bosphorous Ave,1,provisional_singleton
mp-53fcfcbc58378807,FEMA: PP: New 2-Story SFR,638 Riviera Dr,1,provisional_singleton
mp-7e61636936fccac8,"EARLY START BLD-26-0522914 Interior Alterations - 4th Floor, Suite 400",14055 Riveredge Dr,1,provisional_singleton
mp-fae6430ed33fe93c,PP:Bathroom remodel: Tub to Shower Conversion Unit 440,800 S Dakota Ave,1,provisional_singleton
mp-5bcff0a47ab3ac52,Owner: Interior remodel,1706 Marvy Ave,1,provisional_singleton
mp-6e42d40c34980ba5,PP: Bath Remodel,4810 S Dauphin Ave,1,provisional_singleton
mp-c132b34b13a15bbe,FEMA - New 3-Story SFR,620 E Davis Blvd,1,provisional_singleton
mp-2ce9cc1f2c81476c,PP: Suite 120: Interior Remodel: Layton Construction,2202 N West Shore Blvd,1,provisional_singleton
mp-15d37324f54f1e50,SEC:PP: Int. Remodel: Designers Closet: Space 104,2223 N West Shore Blvd,1,provisional_singleton
mp-80acc232e021dd79,2nd Floor Addition & Rear Addition,907 S Bruce St,1,provisional_singleton
mp-32eb6f09979a8ceb,PP: Addition- Lanai/ Kitchen Remodel,3238 W Lawn Ave,1,provisional_singleton
mp-72f4f84003a2c07b,FEMA: PP: New 2-Story SFR,2111 W Ivy St,1,provisional_singleton
mp-85200f93bb54edc1,FEMA: PP: New 4-Story R-2 Building,119 Danube Ave,1,provisional_singleton
mp-3ec37d49f0152fb2,FEMA - Interior Alteration,4201 Bayshore Blvd,1,provisional_singleton
mp-c5fbd33087343b07,SEC: PP: Threshold: Phase 4:Parking Garage: Rome Yard,2609 N Rome Ave,1,provisional_singleton
mp-7506d2acbef75732,Interior/Exterior Remodel,4021 W Cass St,1,provisional_singleton
mp-35c69b2624785196,New SFR,1020 W Rambla St,1,provisional_singleton
mp-c98f675b9b786b0e,Private Provider -ATF Violation -CMP-25-0012581,3721 N Boulevard,1,provisional_singleton
mp-a554b120122c283d,SEC: FEMA: PP: ACCELERATED (AFFORDABLE HOUSING): The Gallery at Rome Yard - MASTER SITE and Phase 4 Tower,2310 N Oregon Ave,1,provisional_singleton
mp-40ea85ccb0d1e20b,PP: New 2-Story SFR w/2-Car Detached Garage,5308 N Suwanee Ave,1,provisional_singleton
mp-490cb18d1372ea5d,FEMA - New 3-Story SFR,2927 W Alline Ave,1,provisional_singleton
mp-8d7f63547644a604,FEMA: PP: New 2-Story SFR,4710 W San Rafael St,1,provisional_singleton
mp-d61e564945265372,FEMA: PP: Detached Pavilion,4517 W Lamb Ave,1,provisional_singleton
mp-5401070772538460,PP: Addition- New construction of ADU / Outdoor Kitchen,214 S Hale Ave,1,provisional_singleton
mp-5600c5b9095806af,PP: Interior Alteration,2922 N 12th St,1,provisional_singleton
mp-19f8734d59b9b27d,PP:New 1-Story SFR,3610 E North St,1,provisional_singleton
mp-a620679b5a2a3ebb,PP: New 1-Story SFR,3612 E North St,1,provisional_singleton
mp-b25f89b2538eddc8,FEMA: PP: New 3-Story SFR,672 Geneva Pl,1,provisional_singleton
mp-2708280c2712fcbf,SEC: Int. Build out: Lululemon: Spc 264A,2223 N West Shore Blvd,1,provisional_singleton
mp-6ee774f921ce9edd,ATF: Building 1 units 14-18 - Interior/Exterior Remodel w/ violation CMP-26-0000029,4605 N Hubert Ave,1,provisional_singleton
mp-a69c4825649d3942,ATF -Building 3: Units 7-13 Interior & Exterior Remodel,4605 N Hubert Ave,1,provisional_singleton
mp-c00275dbc47f8ef6,PP: Fema: New 2 Sty SFR,4318 W Leona St,1,provisional_singleton
mp-ee92375f8dc857fa,Threshold: Exterior Alteration: Springhill Suites,4835 W Cypress St,1,provisional_singleton
mp-802645b2eeac6b0a,PP: One More Child : 16-Unit / 8 BLDG Duplex-Style Housing,7001 Rowlett Park Dr,1,provisional_singleton
mp-ac61792aada3dca4,FEMA - Interior Alteration - Bathroom,4926 Lyford Cay Rd,1,provisional_singleton
mp-6917cac89c4d1f51,PP: Remodel: Interior: MUFG - 8th Floor,4050 W Boy Scout Blvd,1,provisional_singleton
mp-f316f28557ab3e59,PP: New 2-Story SFR,2924 W Paxton Ave,1,provisional_singleton
mp-7df01f72ff283d4e,Bathroom Remodel,1502 E Columbus Dr,1,provisional_singleton
mp-63598bc114079de8,Interior Alteration - Bathroom,18130 Pheasant Walk Dr,1,provisional_singleton
mp-f5f800349520ff17,ATF Violation -CMP-26-0001322 - Addition and Interior Renovation,1915 W Fern St,1,provisional_singleton
mp-1036ade26387f0b8,New 2-Story SFR,705 W Amelia Ave,1,provisional_singleton
mp-fec9031ab26adcf0,Interior Alteration - Levels 8 & 9 - Back to Vanilla Shell,702 N Franklin St,1,provisional_singleton
mp-c5d659e287738434,New 2-Story SFR,3602 W Dale Ave,1,provisional_singleton
mp-a9b681814142ee92,New 1-Story SFR,8502 N Highland Ave,1,provisional_singleton
mp-adb466634e42c92d,PP: New 2-Story SFR,2515 W Palmetto St,1,provisional_singleton
mp-51b1d2b9495ebbd9,PP:New 2-Story SFR,1925 W Union St,1,provisional_singleton
mp-9eb52f3a731d9fc8,PP: New 2-Story SFR,1927 W Union St,1,provisional_singleton
mp-92c25b873fd19f0a,PP: FEMA New 2-Story SFR,4710 W Vasconia St,1,provisional_singleton
mp-32fbfcd116e54732,New 2-Story SFR,1021 E Hamilton Ave,1,provisional_singleton
mp-0074ac99cf11abd2,PP: FEMA: Kitchen Remodel,4620 W Tennyson Ave,1,provisional_singleton
mp-5ef023d25066dcc7,Expedited Project,4623 W Browning Ave,1,provisional_singleton
mp-d48c381a8e98ecbf,"New 1-Story SFR - 4bd, 3bh",9905 N 18th St,1,provisional_singleton
mp-ffe8d93d9538b403,New 1-Story SFR,3204 E Columbus Dr,1,provisional_singleton
mp-2a6247e032852b6e,FEMA: NEW SFR 2 Story,4615 S Woodlynne Ave,1,provisional_singleton
mp-4b9f52d19db7a037,PP: New 2 Story SFR,3004 W North A St,1,provisional_singleton
mp-99132bc01efc897b,PP:New 2-Story SFR,3609 W Morrison Ave,1,provisional_singleton
mp-15d45d7fcafa6505,OWNER - Addition - Rear Porch,3106 W Louisiana Ave,1,provisional_singleton
mp-11a275ce22d52977,Interior Alteration - Kitchen & Bathroom,777 N Ashley Dr,1,provisional_singleton
mp-49b208cc3de56a68,OWNER:Interior/Exterior Alteration,3528 W McElroy Ave,1,provisional_singleton
mp-834cb5f3ba82045c,FEMA: PP: New 3 Story,628 Jamaica Ave,1,provisional_singleton
mp-6549e38cffdb6abc,PP: Interior Remodel,4014 W Barcelona St,1,provisional_singleton
mp-567b94947736f513,PP: New 3-Story Townhouse,1408 E 21st Ave,1,provisional_singleton
mp-4a88b79547038ecf,PP: New 3 Story Townhouse Unit 2,1408 E 21st Ave,1,provisional_singleton
mp-a173bf6ebc9f84fc,OWNER - Addition,1910 W Carmen St,1,provisional_singleton
mp-58a507c725503053,Remodel: Interior,9714 N Albany Ave,1,provisional_singleton
mp-738645a75da1af8f,PP: THRESHOLD: New 1-STY Restaurant - Charley's Steakhouse,1965 N West Shore Blvd,1,provisional_singleton
mp-71760b09bb17ce77,Interior/Exterior Alteration,4107 W Mango Ave,1,provisional_singleton
mp-94cb58712685c50b,PP: Bath Remodel: Tub to Shower,4823 N Mendenhall Dr,1,provisional_singleton
mp-05e8ebc86e8a8935,New SFR,5129 N Jamaica St,1,provisional_singleton
mp-515954271c96f0d7,PP: New 2-Story Duplex,1501 W Grace St,1,provisional_singleton
mp-897d85f452d50a94,FEMA: PP: Kitchen remodel,3035 W Helen Ave,1,provisional_singleton
mp-e14b416b8f006690,ATF - CMP-22-0015785 - Interior and Exterior Renovation and Addition,8904 El Portal Dr,1,provisional_singleton
mp-8d5c8c4c77e54bf8,FEMA: PP: New 2-Story SFR,3620 S Lightner Dr,1,provisional_singleton
mp-4bb25b7392e08255,ATF ADDITION w/ Violation -CMP-25-0003754,3406 W Louisiana Ave,1,provisional_singleton
mp-be2ec8e3ec46cc9e,PP: New 2 Story Townhouse Lot 2 (LEFT SIDE),1427 E 29th Ave,1,provisional_singleton
mp-8b11225c4d739165,PP: New 2 Story SFR lot 1,1429 E 29th Ave,1,provisional_singleton
mp-8d889199e0a7550f,FEMA: New 1-Story SFR,4510 W Watrous Ave,1,provisional_singleton
mp-3862f324c4387364,FEMA - Interior Alteration,642 Geneva Pl,1,provisional_singleton
mp-f92ec5e50ce1f244,Interior Alteration - Residence Inn By Marriott,101 E Tyler St,1,provisional_singleton
mp-12e6b3ffa74fdac3,Addition,4003 W Tacon St,1,provisional_singleton
mp-3024b931e54beefd,FEMA - New 2-Story SFR,4220 W Sevilla St,1,provisional_singleton
mp-31c95455e24906b7,FEMA: Interior and exterior Remodel,6201 S Jones Rd,1,provisional_singleton
mp-445115970beb7eed,PP: New 2 Story Townhouse Lot 3 (RIGHT SIDE),1425 E 29th Ave,1,provisional_singleton
mp-1100dd8e32a88aa8,PP: Exterior Alteration: Facade Enhancement - PCN Landmark,2502 W Hillsborough Ave,1,provisional_singleton
mp-7a146be7e911b370,FEMA: Alteration,3124 W Hartnett Ave,1,provisional_singleton
mp-22844061dcfbc7f3,New 2-Story SFR,2506 E 18th Ave,1,provisional_singleton
mp-f5273f741db1dd7c,New 2-Story SFR,2508 E 18th Ave,1,provisional_singleton
mp-aae6916852b2655a,New 2-Story SFR,2939 W Beach St,1,provisional_singleton
mp-e7be699306f72997,SEC: 2nd floor - Interior remodel Arch and MEPs,3001 W Dr Martin Luther King Jr Blvd,1,provisional_singleton
mp-835795592438f26d,PP: Interior Build Out (Naked MD Studio),310 S MacDill Ave,1,provisional_singleton
mp-7ec3efb44f9b0ec3,FEMA - New 3-Story SFR,319 Columbia Dr,1,provisional_singleton
mp-9f2cb5082fa0ecff,Interior Remodel,777 N Ashley Dr,1,provisional_singleton
mp-bbe3b38ff137497c,PP: New 2-Story SFR,4111 W Marietta St,1,provisional_singleton
mp-36d5f9c487fb4196,OWNER: Addition w/ Interior/Exterior Remodel,8463 Dunham Station Dr,1,provisional_singleton
mp-bf4634eed1832050,New SFR & Detached Accessory Structure,8907 N Orleans Ave,1,provisional_singleton
mp-17b9919ec59f064e,PP:New 2-Story SFR,3209 W Grace St,1,provisional_singleton
mp-f9f308d3e92b8435,New SFR & Accessory Structure,8909 N Orleans Ave,1,provisional_singleton
mp-6863578bd0983954,PP: New 2-Story SFR,3509 W San Juan St,1,provisional_singleton
mp-33452e342b7e1e3c,SEC: FEMA: Suite 1500 Interior remodel,400 N Ashley Dr,1,provisional_singleton
mp-94e33808233663b0,FEMA: NEW SFR 2 Story,90 Huron Ave,1,provisional_singleton
mp-8f2938b3d64b5be0,PP: Remodel Ministry Building,2418 W Swann Ave,1,provisional_singleton
mp-42b9daf4f76de055,OWNER Interior and Exterior Remodel,1505 N Oregon Cir,1,provisional_singleton
mp-53a655dc4d50712b,FEMA: PP: New 2-Story SFR,4603 W Kensington Ave,1,provisional_singleton
mp-1d7c06d5f96dfe98,FEMA - Interior/Exterior Alteration,2934 W Lawn Ave,1,provisional_singleton
mp-9bc78c1b5b519217,New 2 story SFR,3407 W Leona St,1,provisional_singleton
mp-ea8466abf9ae120d,FEMA: PP: New 2 Story SFR,404 S Barbara Ln,1,provisional_singleton
mp-c7ebb07b1a48a549,ATF Violation -CMP-26-0001202,1401 W Meadowbrook Ave,1,provisional_singleton
mp-f5e52cfffd2307e9,New 1-Story SFR,8409 N Elmer St,1,provisional_singleton
mp-4476f35facd72ed7,NEW SFR,8411 N Elmer St,1,provisional_singleton
mp-f056328dc37a7578,OWNER:Interior Alteration,1912 W Cherry St,1,provisional_singleton
mp-a144c0baa13ad73a,PP: 400 SF second story ADU on top of shed,2715 N Ridgewood Ave,1,provisional_singleton
mp-571adad32fc2cb72,FEMA: PP: Bathroom Remodel: Unit 506,2413 Bayshore Blvd,1,provisional_singleton
mp-cc46274079e516ab,PP: New 2-Story SFR,1019 W Coral St,1,provisional_singleton
mp-da957bc1de32b3d4,FEMA:PP:New 3 Story SFR,632 E Davis Blvd,1,provisional_singleton
mp-9c5142d04d8b177f,PP: 2STORY - NEW SFR,211 N Excelda Ave,1,provisional_singleton
mp-eafe10b74bdb5188,FEMA: Interior Remodel,4913 W Bay Way Dr,1,provisional_singleton
mp-aa02789e7504d35b,PP: Exterior Facade Remodel,5251 S Dale Mabry Hwy,1,provisional_singleton
mp-244a2291ceb54e6a,New 2-Story SFR,3915 W McKay Ave,1,provisional_singleton
mp-dfbd56c2f2525688,PP: New 2 Story SFR,4111 W Grace St,1,provisional_singleton
mp-a8319be6434a0e53,INT: Bathroom and Laundry remodel,3220 S Sterling Ave,1,provisional_singleton
mp-1f550a5485f63121,FEMA - Addition - New Master Bathroom & Closet Addition,4010 W Lawn Ave,1,provisional_singleton
mp-597067c4b0177a3d,New 2-Story SFR,811 W Orient St,1,provisional_singleton
mp-2c200a9900ae25df,FEMA Interior Renovation - CIBC Wealth Office Renovation - Suite 1820,100 N Tampa St,1,provisional_singleton
mp-73f3078daca47568,PP: New 2 Story SFR w/garage,907 W Fribley St,1,provisional_singleton
mp-896b059d820a8a9e,FEMA New 2-Story SFR,2930 W Coachman Ave,1,provisional_singleton
mp-f4997631d8bb0eba,New 2-Story SFR,3611 W Empedrado St,1,provisional_singleton
mp-d3f34ed78e84c62a,ATF - CMP-26-0001597 - Driveway and Exterior Remodel,2133 W Rambla St,1,provisional_singleton
mp-c2acd3f171a65926,SEC - Interior Alteration - 3rd Floor - MKC 3,10920 McKinley Dr,1,provisional_singleton
mp-75bdf3c580643ac8,ATF Violation -CMP-25-0016494,1514 W Patterson St,1,provisional_singleton
mp-4e772cf936fa0edd,NEW SFR,2424 E Ida St,1,provisional_singleton
mp-28af006f8fcfada6,SEC: Interior Remodel: Building B 8th Floor - PICU - BayCare,3001 W Dr Martin Luther King Jr Blvd,1,provisional_singleton
mp-d985292a0db3ea74,Interior Alterations,1007 E Genesee St,1,provisional_singleton
mp-c2ae7580c566d53c,PP:NC-COMPLETE: New 2-Story Medical Office - Watt Plastic Surgery Center and Med Spa,4040 Henderson Blvd,1,provisional_singleton
mp-4845b621aace6bfc,Interior: Tenant Buildout - MEPs,2504 N Boulevard,1,provisional_singleton
mp-475f14661f574491,PP: Bathroom Remodel,2408 W Gray St,1,provisional_singleton
mp-fc898421a2754590,NEW SFR,2422 E 20th Ave,1,provisional_singleton
mp-15eecc5ff32f573e,PP:New 2-Story SFR,3219 W Arch St,1,provisional_singleton
mp-43a793a037651e3a,OWNER / FEMA: Remodel,7311 S Elliott St,1,provisional_singleton
mp-1dbba8d62e6d8dc0,PP: NEW SFR 2 Story,3109 W Wyoming Ave,1,provisional_singleton
mp-51fd3e92cc760690,FEMA: PP: New 2-Story SFR,5028 W Longfellow Ave,1,provisional_singleton
mp-13c871a9d0658381,New 2 Story Fee Simple Townhome: Unit 1,2705 W North A St,1,provisional_singleton
mp-bd4bb9922bb81fb4,New 2 Story Fee Simple Townhome: Unit 2,2705 W North A St,1,provisional_singleton
mp-ab598a707e74c449,Interior/Exterior Alteration - Autozone,3020 W Columbus Dr,1,provisional_singleton
mp-87beaa0fc501c9bc,FEMA:PP:New 3-Story SFR,631 Hudson Ave,1,provisional_singleton
mp-0cc249e6a9533e01,New 1 Story Comm - HTeaO Bar,4355 N Himes Ave,1,provisional_singleton
mp-ee3f45853a788e09,SEC: PP Suite 200 Interior ALT (Vault Insurance),1 N Dale Mabry Hwy,1,provisional_singleton
mp-2eb6bb957bfaa1fe,Detached Accessory Structure,3616 W Obispo St,1,provisional_singleton
mp-2bf9a02195a12f98,PP: New 2 Story SFR,3311 W Palmira Ave,1,provisional_singleton
mp-bc739a951cd6baed,FEMA: PP: Interior Remodel: Unit A104,2424 W Tampa Bay Blvd,1,provisional_singleton
mp-713679d0cc5622e3,PP: New 2 Story SFR,712 W Harlan St,1,provisional_singleton
mp-a2e25a63e4f84cce,Remodel - See Description,2910 W Barcelona St,1,provisional_singleton
mp-c587e7989c76eec3,New 1-Story SFR,7106 N Duncan Ave,1,provisional_singleton
mp-86e93e52e9a34ca5,FEMA: PP: New SFR,3005 W Meadow St,1,provisional_singleton
mp-512a530efe26a352,PP: New 2-Story SFR,3219 W Arch St,1,provisional_singleton
mp-bb3ec2865ec3f011,FEMA - Interior Alteration,700 S Harbour Island Blvd,1,provisional_singleton
mp-2e2947d650e4475e,Kitchen Remodel,4304 N Ola Ave,1,provisional_singleton
mp-f4131ec3516a1e56,OWNER:New 2-Story Accessory Structure,709 S Boulevard,1,provisional_singleton
mp-49b41f93a8028a14,New Accessory Structure - Garage,912 W Braddock St,1,provisional_singleton
mp-85474cb15f1069ad,Addition,10211 N Armenia Ave,1,provisional_singleton
mp-db9c99625e9dcd30,New Accessory Structure,2604 W Watrous Ave,1,provisional_singleton
mp-ffc68e802dd1f283,New 1-Story SFR,3219 W Cherry St,1,provisional_singleton
mp-8e21e8035322d0fd,New Accessory Structure,4018 W Granada St,1,provisional_singleton
mp-072abdf4a89b23ff,FEMA: PP: Addition,2811 Sanders Dr,1,provisional_singleton
mp-57481094ebf7b358,FEMA - Interior Alteration - Bofa Ekman Security Command Center,4109 W Gandy Blvd,1,provisional_singleton
mp-0c58e648d30e0c4c,Accelerated Project,3105 W Dewey St,1,provisional_singleton
mp-61700518f46b29c6,Interior Alteration,609 S Howard Ave,1,provisional_singleton
mp-21839a501f7a9899,FEMA: Int. Alteration: Ste 300 - Ninja One,5201 W Kennedy Blvd,1,provisional_singleton
mp-474ec7632f099e2e,FEMA: PP: Int. Remodel: Ste 800 - Ninja One,5201 W Kennedy Blvd,1,provisional_singleton
mp-aa25c01cde7ade53,Bathroom remodel,8955 Magnolia Chase Cir,1,provisional_singleton
mp-434981eed3793565,FEMA:PP: NEW SFR 2 Story,75 Ladoga Ave,1,provisional_singleton
mp-5a8e8e348675bb36,FEMA: PP: Kitchen Interior Alteration,4611 W Lowell Ave,1,provisional_singleton
mp-957bc21a813656c4,FEMA:PP: New 2-Story SFR,2832 W Bay Haven Dr,1,provisional_singleton
mp-a735a532e693b867,NEW 1Sty SFR,9306 N 18th St,1,provisional_singleton
mp-3651236a9dda9982,PP: New 2-Story SFR,2406 S Clark Ave,1,provisional_singleton
mp-3108fc5067ae07c8,FEMA - Addition,3312 Sierra Cir,1,provisional_singleton
mp-70b37c8a7b20fcff,Addition & Remodel,718 S Willow Ave,1,provisional_singleton
mp-d548646eb2ca40c1,FEMA - New 2-Story SFR,4626 W Bay Court Ave,1,provisional_singleton
mp-259f7c3f0a626fe7,New 2-Story SFR,2706 W Grace St,1,provisional_singleton
mp-9d7da918557ffcdb,PP:New 3-Story SFR,2710 N Ridgewood Ave,1,provisional_singleton
mp-80bac6b3dfbd1133,OWNER Carport conversion - Office space,10932 N 21st St,1,provisional_singleton
mp-7b5e54a28d05ddb5,PP: Interior Reno - 1st floor - US Bank,4050 W Boy Scout Blvd,1,provisional_singleton
mp-3d201bf0efce593f,ATF Violation -CMP-26-0002446 - Interior and Exterior renovation with Deck,8004 N Klondyke St,1,provisional_singleton
mp-858b855dd2e81a6b,SEC: FEMA: Suite 2700: Interior Remodel,400 N Ashley Dr,1,provisional_singleton
mp-41b85df50b065ced,PP:New 2-Story SFR,3004 W North A St,1,provisional_singleton
mp-e88de65bc3693e72,PP: New detached pool house with covered porch,15704 Cochester Rd,1,provisional_singleton
mp-dafe0958abd89d5d,FEMA:PP: - New 3-Story SFR,2205 N Riverside Dr,1,provisional_singleton
mp-74c77c9058de8de1,OWNER: Addition - Family Room,7805 N Boulevard,1,provisional_singleton
mp-98eef087ab810610,FEMA: PP: New 3 Story,3409 S Beach Dr,1,provisional_singleton
mp-81bb668578ddc85d,FEMA: PP: New One Story ADU,5206 Bayshore Blvd,1,provisional_singleton
mp-4110bb529e2510b1,OWNER Interior/exterior,515 W Ross Ave,1,provisional_singleton
mp-9118f6976ea70f93,New SFR,2608 W Watrous Ave,1,provisional_singleton
mp-70acff50802766e4,New SFR,8313 N 18th St,1,provisional_singleton
mp-929838cd03fc6601,New SFR,1707 E Sitka St,1,provisional_singleton
mp-d043021e2be3ca9f,Interior Alteration - Bathrooms,17203 Karis Ct,1,provisional_singleton
mp-3fab2d16a7d114d8,PP: New 2 Story SFR,903 W Fribley St,1,provisional_singleton
mp-91ff023ae78501b6,FEMA:PP:NEW SFR 2 Story,4002 S Shamrock Rd,1,provisional_singleton
mp-f6f0940545ba184f,FEMA: PP: New 2-Story SFR,4310 S Trask St,1,provisional_singleton
mp-1d42788f88b973e6,FEMA:PP:New 2-story SFR,4729 W Knights Ave,1,provisional_singleton
mp-5db4217571771d32,New 1-Story SFR,2910 E 32nd Ave,1,provisional_singleton
mp-24b5d2be5617402b,PP: Addition,4218 W Santiago St,1,provisional_singleton
mp-60800b69430719fb,PP:New 2-Story SFR,4110 W San Luis St,1,provisional_singleton
mp-71fa79a644bd2e33,PP: New 2-Story SFR,607 N Matanzas Ave,1,provisional_singleton
mp-c49bc3ee087f8ab5,FEMA: PP: Garage Remodel,1200 N Mondigo St,1,provisional_singleton
mp-e2b1a7c7fdf42eed,OWNER Addition,3216 W Pearl Ave,1,provisional_singleton
mp-5b049cc35e757d29,FEMA:PP:New 3 story SFR with a detached garage.,3409 S Lightner Dr,1,provisional_singleton
mp-53b2af3f40119833,PP:New 2-Story SFR,8010 N 14th St,1,provisional_singleton
mp-aed0b3ee83f5306c,FEMA: Interior ALT Unit 2206,2413 Bayshore Blvd,1,provisional_singleton
mp-884293860f0f5872,FEMA:PP:New 3 Story SFR,46 Columbia Dr,1,provisional_singleton
mp-97f2dcde3e313f22,New 2-Story SFR,1402 E Cayuga St,1,provisional_singleton
mp-a55d2fa168acc833,New 2-Story SFR,3212 W San Juan St,1,provisional_singleton
mp-3131bd05c92de1b1,New 2-Story SFR,2630 W Sunset Dr,1,provisional_singleton
mp-476fa4db56ec32e3,Interior/Exterior Alteration,8807 N Orleans Ave,1,provisional_singleton
mp-f3a7821464c9ac1a,FEMA: Unit 301: Interior remodel,160 Columbia Dr,1,provisional_singleton
mp-009f155edeb2f12b,Remodel,5115 E 17th Ave,1,provisional_singleton
mp-9391c6804b842331,FEMA: PP: 3rd floor: Corridor Remodel,1001 Water St,1,provisional_singleton
mp-b19ec84a90af1463,OWNER: Interior remodel,3416 W Morrison Ave,1,provisional_singleton
mp-44b8c8f24dd73294,Interior/exterior remodel,11328 N Oakleaf Ave,1,provisional_singleton
mp-96659f0d9ec3fdd2,ATF Violation -CMP-26-0002646,2703 W Cordelia St,1,provisional_singleton
mp-2340cd286329d072,PP: New 2-Story SFR,3915 W Cass St,1,provisional_singleton
mp-6d33742c0e57f42d,FEMA: Interior Remodel,613 Bosphorous Ave,1,provisional_singleton
mp-3a76f98c0b23e18a,OWNER- Interior Alteration - Bathroom,3616 W Oklahoma Ave,1,provisional_singleton
mp-dec8e601d21ab700,PP: New 2 Story Townhouse - right unit,1421 E 29th Ave,1,provisional_singleton
mp-a9e139640bb31b86,PP: New 2 Story Townhouse - left unit,1423 E 29th Ave,1,provisional_singleton
mp-ff54b94a1786376a,FEMA Interior Alterations,6207 S Kelly Rd,1,provisional_singleton
mp-e6944dfaa2bb77b7,ATF Violation -CMP-26-0002890,2116 W Hiawatha St,1,provisional_singleton
mp-84bcaa4fd2c3cbff,SEC -Int. Alteration - Ste 262A - Kendra Scott,2223 N West Shore Blvd,1,provisional_singleton
mp-6722f7c623165213,Interior/Exterior Alteration - Tenant Buildout - Center Connect Development,1308 W Chestnut St,1,provisional_singleton
mp-f93079a1ab16e3ab,FEMA - Interior Alteration - Lonza,4901 W Grace St,1,provisional_singleton
mp-0bc3cb0e42081cbb,FEMA - Interior Alteration,20108 Bending Creek Pl,1,provisional_singleton
mp-0b5bec80602181d1,PP:New 2-Story SFR,3411 W Beaumont St,1,provisional_singleton
mp-715aa292c178b707,FEMA - New 2-Story SFR,4420 W Kensington Ave,1,provisional_singleton
mp-d30c20a9bf03dd98,New SFR,3421 N 9th St,1,provisional_singleton
mp-048b92d42eb9f618,Expedited Project,2442 W Prospect Rd,1,provisional_singleton
mp-f9429645189e4fa7,Interior/Exterior Alteration,6005 N Highland Ave,1,provisional_singleton
mp-f83b7601e7510d03,Fema: PP: Garage addition,2301 S Occident St,1,provisional_singleton
mp-72fe93d4a3d96c73,New SFR,3002 E Diana St,1,provisional_singleton
mp-66b6822c62629213,FEMA New 2-Story SFR,4307 S Hale Ave,1,provisional_singleton
mp-d3e751542dae14ba,Interior/Exterior Alteration,7806 N Orleans Ave,1,provisional_singleton
mp-b2bb8c1a2363ddba,Interior/Exterior Alteration,3915 N Arlington Ave,1,provisional_singleton
mp-b11ff13c88a68096,PP: Interior remodel – kitchen and bathroom renovation,10403 N Oregon Ave,1,provisional_singleton
mp-9f1548c1cc9c3261,Change of Use/Occupancy - MEPS,1721 W Chestnut St,1,provisional_singleton
mp-24de50c02e6513bd,FEMA: PP: New 2-Story SFR,4421 W Leila Ave,1,provisional_singleton
mp-e8cd398b1367961e,Interior/Exterior Alteration - ALDI,2100 W Swann Ave,1,provisional_singleton
mp-0d835ad5a6714db7,PP: NEW SFR 2 Story,2528 W Watrous Ave,1,provisional_singleton
mp-82c8c88b16f1e4c2,OWNER:FEMA:Interior Remodel,3613 S Gardenia Ave,1,provisional_singleton
mp-e1b72b3a1abcfa68,Enclosing porch/ Int. Remodel/ Driveway,7019 N Willow Ave,1,provisional_singleton
mp-1b8d68cfe6ea2a34,PP: New Simple Fee TownHome,1417 E 29th Ave,1,provisional_singleton
mp-a0fb8fa99e2a1fbd,PP: New 2 Story Townhouse Lot 6 (LEFT SIDE),1419 E 29th Ave,1,provisional_singleton
mp-3fbe4f3e284a935e,FEMA - Interior Alteration - Suite 1000 - Enavate,600 N West Shore Blvd,1,provisional_singleton
mp-cf7a85168add8a0b,FEMA - Exterior Alteration,416 Chippewa Ave,1,provisional_singleton
mp-61313436b5d354ee,Interior/Exterior Alteration,3100 W Paul Ave,1,provisional_singleton
mp-c6d502c3d9fd9c3b,FEMA: PP: Int/Ext Remodel: TGH-USF MUMA / CHIVUKULA,509 S Hyde Park Ave,1,provisional_singleton
mp-1f9253186c1145ec,Interior/Exterior Alteration - Fire Damage,5127 N Jamaica St,1,provisional_singleton
mp-5b256438db194ba7,PP:THRESHOLD BUILDING: Interior Buildout: AON Suite 200,4010 W Boy Scout Blvd,1,provisional_singleton
mp-5a8fe8aec8df8312,FEMA - Interior Alteration - Bathroom,3203 Bayshore Blvd,1,provisional_singleton
mp-0c5c260caa18721c,PP: Bathroom remodel unit 501,1108 N Franklin St,1,provisional_singleton
mp-6b1868ab83bad3fa,"FEMA: PP: Enclosing garage, Stair and interior renovation",2625 N Dundee St,1,provisional_singleton
mp-834c25177ed73328,PP:Addition - Rear,909 W Coral St,1,provisional_singleton
mp-4f8eaf19e7c7f4ed,PP: remodel/ Window replacement/ Sheathing /stucco,18912 Nest Fern Cir,1,provisional_singleton
mp-da287125016a9ba0,New 2-Story SFR,3409 N 9th St,1,provisional_singleton
mp-decda0dd79f5e3d1,SEC - Interior Alteration - Suite 250,4301 W Boy Scout Blvd,1,provisional_singleton
mp-822a6d667695d2b5,New Steel Building,4201 W Oklahoma Ave,1,provisional_singleton
mp-5fa5ccd73993ed43,Early Start: PP: Interior Remodel - Hyde Park Italian Market - MEPs,1021 W Swann Ave,1,provisional_singleton
mp-3ce814eedd5d906d,PP: OWNER: New SFR 1 Story /ADU,1431 W Yukon St,1,provisional_singleton
mp-bd37ed4371e823b8,New SFR,3423 N 9th St,1,provisional_singleton
mp-7025d6525b6caf67,Interior / Exterior Remodel,315 W Hilda St,1,provisional_singleton
mp-3dda37b3d143c81f,ATF: Bathroom Addition and Remodel,1909 W Saint John St,1,provisional_singleton
mp-6c1e48a870e9ad59,PP: Interior Remodel: Unit 4707 and 4709 - New Heights Dance Academy,4709 N Florida Ave,1,provisional_singleton
mp-424078271ada8dc1,New 1Sty SFR,2127 W Juneau St,1,provisional_singleton
mp-7b7c70f307934908,New 1-Story SFR,2133 W Juneau St,1,provisional_singleton
mp-8e96e4b0cce77862,Interior ALT,8906 N 20th St,1,provisional_singleton
mp-f1f067f3e56e4f77,PP: New 2-Story SFR,3408 W Leona St,1,provisional_singleton
mp-ee14492714b18421,PP: FEMA: New 2-Story SFR,3019 W Helen Ave,1,provisional_singleton
mp-c5f2b2302fa8364f,SEC: FEMA: Interior Remodel: Unit 1320 - Thornton Tomasetti,400 N Ashley Dr,1,provisional_singleton
mp-b9361f7eb3419b9f,PP: New 2 Story SFR,3116 W San Jose St,1,provisional_singleton
mp-dcdd0dd20d549b14,THRESHOLD: Interior Build out - Fitness Studio includes MEPs,912 E Cumberland Ave,1,provisional_singleton
mp-40a63f1246ee2d35,PP: New 2 Story SFR,3706 W Cleveland St,1,provisional_singleton
mp-14c011fbf37f0062,PP: New 2-Story SFR,1042 S Sterling Ave,1,provisional_singleton
mp-c6bf9ed4aeb5bca6,Interior Alteration,3301 Bayshore Blvd,1,provisional_singleton
mp-264bd19bef03629f,FEMA: PP: Bath Remodel-Unit 2402,912 Channelside Dr,1,provisional_singleton
mp-6dc06625133f82d4,FEMA: Addition and Interior Remodel,4907 Saint Croix Dr,1,provisional_singleton
mp-9ac30fb0272f274f,PP: New 2-Story SFR,2705 W Collins St,1,provisional_singleton
mp-40525c85e38dc647,ADU,1116 Alicia Ave,1,provisional_singleton
mp-e5418a2ca4b65af2,New 2-Story SFR,3714 W Palmira Ave,1,provisional_singleton
mp-d6456fa87fb6ebb6,PP: New 2 Sty: Righside Unit- Fee Simple Townhouse,1413 E 29th Ave,1,provisional_singleton
mp-1a153002bb43b416,PP: New 2 Sty: Left Unit- Fee Simple Townhouse,1415 E 29th Ave,1,provisional_singleton
mp-5704fc0d37859a02,Interior ALT,2936 W Knights Ave,1,provisional_singleton
mp-e62682781074063f,Interior Remodel: Hasta La Tambora,913 E Hillsborough Ave,1,provisional_singleton
mp-25150d8e60c7c5d4,EARLY START: PP: Interior Renovation 10th Floor: Humana,4030 W Boy Scout Blvd,1,provisional_singleton
mp-472f729a2899b77d,FEMA PP: New 3-Story SFR Attached Accessory structure,586 Marmora Ave,1,provisional_singleton
mp-49478372d498b264,FEMA: PP: New 3-Story SFR,210 Blanca Ave,1,provisional_singleton
mp-101edc68f491c324,PP: Bathroom Remodel,5100 Burchette Rd,1,provisional_singleton
mp-70aed4cec1145406,New 2-Story SFR,902 W Fribley St,1,provisional_singleton
mp-8727f63b1a049570,PP: Interior Bathroom and Pool Bathroom Renovation,15705 Mifflin Ct,1,provisional_singleton
mp-694f761066ee4f51,New 2-Story SFR,4106 E Ellicott St,1,provisional_singleton
mp-928f69b1fc406c93,FEMA: Remodel: Interior,2813 Old Bayshore Way,1,provisional_singleton
mp-a73d1b3f5b2e52e8,FEMA: PP: New 2-Story SFR,4506 W San Rafael St,1,provisional_singleton
mp-738b7f6050440ef9,Addition: New 2 story accessory structure/ Existing garage conversion,502 N Bradford Ave,1,provisional_singleton
mp-06a21f9dc2abd404,OWNER: Master Bathroom Remodel,10261 Shadow Branch Dr,1,provisional_singleton
mp-db1c096446f7394c,Expedited Project,2101 W Hamilton Ave,1,provisional_singleton
mp-42aa7326489f9114,Exterior Remodel: 1st & 2nd Floor,2924 W Villa Rosa,1,provisional_singleton
mp-abd3ec3d320515e9,FEMA:PP:New 2-Story SFR,2803 Sanders Dr,1,provisional_singleton
mp-3ce3c83b2e6e713e,Owner:Interior ALT,215 W Violet St,1,provisional_singleton
mp-d0c93da3869975e4,SEC - FEMA - Interior Alteration - Reptile Back Of House,1101 W Sligh Ave,1,provisional_singleton
mp-71e66ef4ae4f640c,SEC: PP: 14th FLR (Ste:1400) Int. build out- Crete Professionals Alliance,3600 Midtown Dr,1,provisional_singleton
mp-07af2517e5bbc948,Addition,2107 W Carmen St,1,provisional_singleton
mp-3d109460f6a22a3a,Master Site Review and Ride Foundation Only,3605 E Bougainvillea Ave,1,provisional_singleton
mp-3fa12c8ae86cc5f2,FEMA bathroom remodel,210 S Renellie Dr,1,provisional_singleton
mp-c38e5008e786d46f,SEC: IRS- Interior Reno - Includes MEPs and Fire,3848 W Columbus Dr,1,provisional_singleton
mp-4df39bb1d09766ab,OWNER / Addition,3105 W Haya St,1,provisional_singleton
mp-16ff3b58f94defab,New SFR,3505 E 29th Ave,1,provisional_singleton
mp-98f35f0307530652,Exterior Alteration - Front Foyer termite repair,4113 W Santiago St,1,provisional_singleton
mp-6e20605684d2cb4c,Interior Alteration - Bathroom,4221 W Spruce St,1,provisional_singleton
mp-a4263b0968678ff3,PP: New 2-Story SFR,4605 E Regnas Ave,1,provisional_singleton
mp-0afe9638d07c193a,FEMA:PP:Bathroom Remodel,906 Anchorage Rd,1,provisional_singleton
mp-5d3bda68bc4c6608,FEMA:PP:New 2-Story SFR,4315 W Azeele St,1,provisional_singleton
mp-6567910e0036d2ed,PP: New Simple Fee TownHome,1403 E 29th Ave,1,provisional_singleton
mp-c3b7f1bdab68be31,PP: New Simple Fee TownHome,1405 E 29th Ave,1,provisional_singleton
mp-15f6b0aa28375190,THRESHOLD: SEC: FEMA: THRESHOLD: Floor 32 - Interior Remodel includes MEP and Fire,100 N Tampa St,1,provisional_singleton
mp-fdc8ff6565935f74,FEMA: Addition: Rear covered porch,4409 W Brookwood Dr,1,provisional_singleton
mp-b90a1c5f652de668,SEC: PP: Renovation: Interior-8th Floor,4221 W Boy Scout Blvd,1,provisional_singleton
mp-48681f2aa2f9aa7c,PP: Ste 375 (Floor 3):Interior Remodel,4010 W Boy Scout Blvd,1,provisional_singleton
mp-1c60344eef890d54,Interior Alteration,3217 Park Green Dr,1,provisional_singleton
mp-2f63853fafb7bc28,FEMA:PP:2-Story Addition,4945 W Bay Way Pl,1,provisional_singleton
mp-cd3dd7e765f68c0e,ATF-CMP-25-0014065- Rear Addition and Front Porch Alteration,8909 N Otis Ave,1,provisional_singleton
mp-b82ec2c04c60ea0f,ATF Violation -CMP-25-0002268,3110 N Massachusetts Ave,1,provisional_singleton
mp-7b3a35bb6dec9595,PP: New 2 Sty: right-side Unit-Fee Simple,1407 E 29th Ave,1,provisional_singleton
mp-33e4e31eb80342fe,EARLY START: PP:Interior Kitchen Remodel and Restaurant Renovation Permit - The Black Palm Restaurant,6005 N Florida Ave,1,provisional_singleton
mp-7ccebab8b43aa489,PP: Interior Alteration,2108 W Saint Isabel St,1,provisional_singleton
mp-663639c13c22a2fb,New SFR,1609 E Chelsea St,1,provisional_singleton
mp-7278b7c53395dd33,Interior/Exterior Alteration,924 E 11th Ave,1,provisional_singleton
mp-08478053b522ae2d,Interior Remodel: Bathroom addition to existing space,7305 N Taliaferro Ave,1,provisional_singleton
mp-66b8c18e69eeec95,Conversion of storage room into living space,1324 W Arch St,1,provisional_singleton
mp-78e175d469f829d9,PP:Interior Alterations,2522 W Lemon St,1,provisional_singleton
mp-6b4203217c9fc071,Bathroom Remodel: 1005,5823 Bowen Daniel Dr,1,provisional_singleton
mp-bf0be73c2731904f,PP: Bathroom Remodel : Unit 204,406 S Cedar Ave,1,provisional_singleton
mp-5ea83755b0b7b533,PP: New 2Sty Townhome - Left Unit-Fee simple,1411 E 29th Ave,1,provisional_singleton
mp-7fb930c7856529db,FEMA: Interior & Exterior Remodel; Work commenced under BLD-24-0507037,3323 S Shamrock Rd,1,provisional_singleton
mp-1afef431422420d3,NEW 2 STORY SFR,3908 W San Miguel St,1,provisional_singleton
mp-434f1f6419178b37,OWNER - Interior Alteration,8318 N 13th St,1,provisional_singleton
mp-0592b15dccc31f02,FEMA:PP:New 2-Story SFR,4810 W San Jose St,1,provisional_singleton
mp-d7b1d13d0bffc65e,FEMA - Interior Alteration - Suite 2250 - Ankura,101 E Kennedy Blvd,1,provisional_singleton
mp-c5904146608da070,BATHROOM ADDITION,3912 N Arlington Ave,1,provisional_singleton
mp-e53766f194a9f995,FEMA: PP: Interior Remodel,4812 Londonderry Dr,1,provisional_singleton
mp-41efcef700af3f6b,ATF - CMP-23-0013869 - Alterations - Removal of Work Done,1002 E Seneca Ave,1,provisional_singleton
mp-ff47bfb9bfdb52ac,FEMA:PP:New 2-Story SFR,4716 W Leila Ave,1,provisional_singleton
mp-441dd75b34569dcb,FEMA:PP:New 2-Story SFR,4721 Ohio Ave,1,provisional_singleton
mp-29e4706ddc6846dd,OWNER:Addition/Remodel,2902 S Manhattan Ave,1,provisional_singleton
mp-372cc0522c517b88,Threshold: PP: Int Renovation-14th Floor Common Corridor & Elevator Lobby,3600 Midtown Dr,1,provisional_singleton
mp-684be5de145294f0,SEC - FEMA - Interior Alteration - Suite 3600 - Ogletree Deakins,100 N Tampa St,1,provisional_singleton
mp-df0f3196d6c3b8d1,PP: Tenant Build out: SUITE 6: Project Lean,4009 W Kennedy Blvd,1,provisional_singleton
mp-7523584b23ffa387,Accelerated Project,18157 Canal Pointe St,1,provisional_singleton
mp-910244df9ecd2e31,New 1 Story SFR,8406 N Lynn Ave,1,provisional_singleton
mp-83c9400813a97594,FEMA:PP:NEW SFR-2 Story,4508 W San Rafael St,1,provisional_singleton
mp-24bd178979ce04c9,PP: NEW SFR 2 Story,2911 W Bay View Ave,1,provisional_singleton
mp-b77cfa8d594b8db6,Remodel: Interior,1800 N Rome Ave,1,provisional_singleton
mp-19f44b939a67ae28,SEC: PP: Midtown: Build Out Ste 1450,3600 Midtown Dr,1,provisional_singleton
mp-cf624577c5217d80,FEMA:PP:New 2-Story SFR,4836 W San Jose St,1,provisional_singleton
mp-4766cf48b771a1aa,PP: Bathroom Renovations,16329 Burniston Dr,1,provisional_singleton
mp-c407fb95c92c16a9,OWNER: Addition,3612 W Platt St,1,provisional_singleton
mp-8cc018f44dca270b,New SFR,2129 W Juneau St,1,provisional_singleton
mp-4499857e1f5ed240,New SFR,2131 W Juneau St,1,provisional_singleton
mp-fc889cac58cb3e86,Interior Alteration - Bathroom,3215 W Knights Ave,1,provisional_singleton
mp-10fb5d51446ba015,SEC: PP: FEMA: EARLY START: VIP Lounge- Interior Remodel,401 Channelside Dr,1,provisional_singleton
mp-95eebbfd0cd3d0c7,PP:New 2-Story SFR,2711 N Myrtle Ave,1,provisional_singleton
mp-83b9588966e70020,PP:New 2-Story SFR,308 N Habana Ave,1,provisional_singleton
mp-9dbb4b7dd33d73e2,PP:Complete- New Office - ROCWELL,1907 W Cass St,1,provisional_singleton
mp-f4dffbb6c58d3176,PP:New 2 Sty SFR w/detached garage & bonus room,2806 N Morgan St,1,provisional_singleton
mp-783feabb8434c0da,Fema:PP: New 3Sty SFR,531 Luzon Ave,1,provisional_singleton
mp-f1e3303a21553610,OWNER - Interior Alteration,4917 Londonderry Dr,1,provisional_singleton
mp-e3903c47d9802f28,FEMA:PP:Kitchen and Bathroom remodel,4026 S West Shore Blvd,1,provisional_singleton
mp-be3576b615b6a420,Interior and Exterior Remodel,5013 N Suwanee Ave,1,provisional_singleton
mp-f7de2960b8b9fbe6,FEMA:NEW 2 STORY SFR,3605 S Omar Ave,1,provisional_singleton
mp-6e5a332f3eecb4a1,FEMA - Interior Alteration,5000 Culbreath Key Way,1,provisional_singleton
mp-0a0327a395d31832,New 2-Story SFR,3606 W Rogers Ave,1,provisional_singleton
mp-4b98e281ffaaa349,NEW SFR 2 Story,3514 W Pearl Ave,1,provisional_singleton
mp-1bd7581836be4342,NEW SFR 2 Story,5406 S Himes Ave,1,provisional_singleton
mp-3bcbdf132527edb7,PP: New 2-Story SFR,1518 S Richard Ave,1,provisional_singleton
mp-dbae8dc61ff109c1,Accelerated Project,2928 Kelly Ridge Ln,1,provisional_singleton
mp-6769a21daab4fe78,PP: Interior/Exterior Alteration - Frame,1630 W Snow Ave,1,provisional_singleton
mp-1dec9d94a749eadf,PP: Change of Use/Occupancy: Int. Remodel: The Exercise Coach,3612 S Dale Mabry Hwy,1,provisional_singleton
mp-1cb02187ad1f4ebd,FEMA: PP: Interior / Exterior Remodel: Dunkin,4404 W Gandy Blvd,1,provisional_singleton
mp-6133c084a7371112,FEMA: PP: New 2-Story SFR,3617 S Omar Ave,1,provisional_singleton
mp-d0e493a6e8e02ba2,New Industrial Building - Reworld,6902 E 6th Ave,1,provisional_singleton
mp-81cd4c342851bd0f,Accelerated Project,8116 N Semmes St,1,provisional_singleton
mp-8fa7b0da18944b08,CMP-23-0010675 ATF: Int/ext remodel/ New Driveway,3006 E Emma St,1,provisional_singleton
mp-f3cda9699c986b5c,SEC: FEMA: 16th FL Restroom and Elevator Lobby Renovation,100 N Tampa St,1,provisional_singleton
mp-da6ed5661504b5c3,SEC: FEMA: 18th FL Restroom and Elevator Lobby Renovation,100 N Tampa St,1,provisional_singleton
mp-8f4967ca023e225f,THRESHOLD SEC: FEMA: 20th FL Restroom and Elevator Lobby Renovation,100 N Tampa St,1,provisional_singleton
mp-7bfac621db24b49b,FEMA: PP: SEC: Interior Reno - Chick Fil A,200 UT Poe Pkwy,1,provisional_singleton
mp-9e10dce39f28ec8e,FEMA: PP: Suite 1250 expansion to 1200 Interior Remodel: Azuria,7650 W Courtney Campbell Cswy,1,provisional_singleton
mp-c567a6edc375a9c9,FEMA: Interior reno - Suite 305,205 S Hoover Blvd,1,provisional_singleton
mp-fcfd602ab7c491f7,FEMA: Build-out: Suite 100 & 110,3600 Causeway Blvd,1,provisional_singleton
mp-bcbb01d06e66a898,FEMA: Build-out Building 2: Suites 200 & 210,3600 Causeway Blvd,1,provisional_singleton
mp-335e1d46365d60ff,FEMA: Alteration to Shell Building 3: Suite 300,3600 Causeway Blvd,1,provisional_singleton
mp-ac2cec16cb52994c,SEC: 4th floor - Interior remodel Arch and MEPs,4211 W Boy Scout Blvd,1,provisional_singleton
mp-9b09aa34e6d9ec44,PP: NEW SFR 2 Story,3212 W Nassau St,1,provisional_singleton
mp-b5d2882e4d7e1f75,PP: New SFR 2 Story,711 W Virginia Ave,1,provisional_singleton
mp-9f74033d7ab372d6,New 2-Story SFR,4116 W Neptune St,1,provisional_singleton
mp-c3e504eaa16ba4b5,PP: EARLY START: Interior buildout and Exterior Remodel - Rifle Paper Co.,714 S Village Cir,1,provisional_singleton
mp-354066d2fb48628c,SEC - FEMA - Interior Alteration - Suite 1500 - Baker Tilly,100 S Ashley Dr,1,provisional_singleton
mp-0be4cd7e3981391e,FEMA: Int. Remodel: SpringHill Suites Westshore,4835 W Cypress St,1,provisional_singleton
mp-484df1d9871332eb,Expedited Project,501 Knights Run Ave,1,provisional_singleton
mp-165bd54d4204a165,Interior Alteration - Bathroom,5100 Burchette Rd,1,provisional_singleton
mp-9883775d641f3608,bathroom remodel,8609 Egret Point Ct,1,provisional_singleton
mp-a9a3f320c8d42cbb,FEMA: PP: Tenant Build out: SUITE 900 (GenServe),1511 N West Shore Blvd,1,provisional_singleton
mp-eab206218899761b,PP: FEMA: Renovation: Interior: Weather Tite Windows,4132 W Gandy Blvd,1,provisional_singleton
mp-1225cdd029dc7593,Kitchen Fire repair: Interior Alteration,2521 W Curtis St,1,provisional_singleton
mp-c9ce386a1307a3f7,Covered Lanai w Concrete Pad,3616 W El Prado Blvd,1,provisional_singleton
mp-4ff1118b639f2f58,Bathroom remodel,3000 W San Miguel St,1,provisional_singleton
mp-62ca3ac4a4128afa,PP:New 2-Story SFR,210 N Glen Ave,1,provisional_singleton
mp-08da445d1e7fec6e,PP: New-2 Story SFR,3207 W Wyoming Ave,1,provisional_singleton
mp-e62c50e4d01f65ad,PP: New 2 Story SFR and ADU,719 W Peninsular St,1,provisional_singleton
mp-7f2d50610ea57134,Temporary Portable Classrooms (4),4701 N Himes Ave,1,provisional_singleton
mp-66604486841adbd9,Fema: PP: Unit 1601: Kitchen/Bathroom Remodel,2413 Bayshore Blvd,1,provisional_singleton
mp-a707bcc9d10a42c1,Addition - Convert Carport Into Kitchen,3314 W Nassau St,1,provisional_singleton
mp-be90f7f36abd1625,Interior Alteration - Bathroom,3535 Village Way,1,provisional_singleton
mp-9e9b16c2000c8d2d,Interior Build-Out - Hotworx,608 N Willow Ave,1,provisional_singleton
mp-db11bf8eea094447,PP:New 2-Story SFR,4003 W Kensington Ave,1,provisional_singleton
mp-4b80f750c2970f9c,PP: New-1 Story SFR,8408 N Brooks St,1,provisional_singleton
mp-fe74e70d1fb54e6d,PP: Metal Canopy over existing Basketball court,3712 W El Prado Blvd,1,provisional_singleton
mp-48f7ea1b85705e7a,PP: New 2 Story SFR,1006 W Adalee St,1,provisional_singleton
mp-ad290c87bc87e3e7,PP: New 2 Story SFR,1008 W Adalee St,1,provisional_singleton
mp-f0c2a6e699bd3ef5,Interior Renovation,9131 Woodridge Run Dr,1,provisional_singleton
mp-5b24fdca7b0d0a20,PP: New 1-Sty SFR,6228 N 38th St,1,provisional_singleton
mp-ff09ea7a41babf8f,SEC: TIA PROJECT: Interior Remodel: Fly USA Hangar 4300,4300 W Tampa Bay Blvd,1,provisional_singleton
mp-7054d5683b669b71,Interior/Exterior Alteration,3018 E Norfolk St,1,provisional_singleton
mp-d621880d799c9a9c,New 2-Story SFR,3113 W Pearl Ave,1,provisional_singleton
mp-edfaf41117275acb,FEMA - Addition & Remodel,1109 Culbreath Isles Dr,1,provisional_singleton
mp-57c6a74962a6eafc,PP: New 2 Story Residence,1401 E 29th Ave,1,provisional_singleton
mp-160d8e7ff3e8f5fb,FEMA: Bathroom Remodel: Unit 903,1209 E Cumberland Ave,1,provisional_singleton
mp-7953c4ee9d07bbb4,FEMA: NEW SFR 2 Story,4625 W Longfellow Ave,1,provisional_singleton
mp-d60f7e63a36fa9cd,Early Start: THRESH: PP: Interior Remodel: Restaurant - Wagamama Pan Asian Block F2 Ground Floor,1050 Water St,1,provisional_singleton
mp-1a401988a9c3f6d6,PP:Interior Alterations - Designers Closet,2001 E Fowler Ave,1,provisional_singleton
mp-a774af53c7126abe,Bathroom remodel,17803 Arbor Haven Dr,1,provisional_singleton
mp-646fdc0b65bbff05,PP:New 2-Story SFR,3509 N Av Republica De Cuba,1,provisional_singleton
mp-4a96c613bf1140e3,PP: New 2-Story Townhouse,3511 N Av Republica De Cuba,1,provisional_singleton
mp-d1fc9d3816c21fae,THRESHOLD BUILDING Interior Build-Out - Suite 855 - CFS Staffing,4200 W Cypress St,1,provisional_singleton
mp-7eec745cfd7f6be2,Bathroom remodel,16325 Burniston Dr,1,provisional_singleton
mp-16574ee4981c4e6f,Interior Alteration,19236 Early Violet Dr,1,provisional_singleton
mp-8f760b65c5c7124a,PP: New 2-Story SFR,3217 W Lawn Ave,1,provisional_singleton
mp-8371ac39269ad622,Bathroom Remodel,4014 W Tacon St,1,provisional_singleton
mp-9940813f346f3437,FEMA: PP: Interior Remodel: Suite 270: Cordell & Cordell,1000 N Ashley Dr,1,provisional_singleton
mp-7f2c43bd44b9fc69,FEMA: PP: New 2-Story SFR,4710 W Knights Ave,1,provisional_singleton
mp-3c794b198331d6fa,PP:FEMA:New 2-Story SFR,1508 W River Shore Way,1,provisional_singleton
mp-a1f35185fe5c0762,ATF - CMP-26-0004429 - Front Porch Renovation,7001 Lakeshore Dr,1,provisional_singleton
mp-4a534e48d9b794f8,Facilitated Project,4400 W Tampa Bay Blvd,1,provisional_singleton
mp-37c19e3bbb8bd0ad,PP:New 1-Story SFR,3604 E Lambright St,1,provisional_singleton
mp-6f99646a8e6568d3,ATF Violation -CMP-18-0008962 expired permit BLD-15-0437812,3705 E Hamilton Ave,1,provisional_singleton
mp-b7b5cf97c9a27695,Interior and exterior renovations,1506 E North Bay St,1,provisional_singleton
mp-495243301f9abaaf,PP: FEMA:Kitchen remodel,4307 W Leona St,1,provisional_singleton
mp-d35ec7fda5aec711,Interior Alteration,3514 W Granada St,1,provisional_singleton
mp-089c58be70f62a15,FEMA - PP: New 2-Story SFR,208 S Ward St,1,provisional_singleton
mp-29a10b0a8b3a1ffd,Expedited Project,906 W Dr Martin Luther King Jr Blvd,1,provisional_singleton
mp-7e1c0d1d3bb4d554,Fema: PP: Int. Kitchen & Bath Remodel: Unit 804,275 Bayshore Blvd,1,provisional_singleton
mp-dd38a66c020088ab,PP: Bath Remodel,15906 Layton Ct,1,provisional_singleton
mp-f33e6819118ba59a,FEMA - Interior Alteration,5014 W Azeele St,1,provisional_singleton
mp-c53389c16d496ed2,OWNER - Interior Alteration,2210 E 17th Ave,1,provisional_singleton
mp-0abf58559748dd5c,PP: New 2 Story SFR,210 W Adalee St,1,provisional_singleton
mp-dfa04f6cdbc2db1f,Interior Alteration - Bathroom,6035 Catlin Dr,1,provisional_singleton
mp-b719590636b44352,Interior/Exterior Alteration - Detached Two-Car Garage - Repair Fire Damage,913 S Oregon Ave,1,provisional_singleton
mp-ce7aa36ac6b9bc5e,Demolition of extension building,2808 N 16th St,1,provisional_singleton
mp-179581d4124c2ed1,Demo SFR,4310 W North A St,1,provisional_singleton
mp-9b1459bc1ec459b3,Demo sfr,3412 W La Salle St,1,provisional_singleton
mp-3480f5c5a13a1408,Res demo,4301 W Vasconia St,1,provisional_singleton
mp-4274b9b3adfd1451,OWNER: Re-issued Demo SFR,8708 N 15th St,1,provisional_singleton
mp-fc6de5960d589440,"Reissue: OWNER- Demo pool, deck, gazebo",2910 W Bayshore Ct,1,provisional_singleton
mp-3f0bd589d368d580,Demo Building,4020 E 7th Ave,1,provisional_singleton
mp-6e4ce22f4e3f61d6,Demo Permit Residential,2930 W Alline Ave,1,provisional_singleton
mp-dc5951107dce918b,REISSUE - DEMO SFR,2606 S Hawthorne Cir,1,provisional_singleton
mp-2bff72df02659fea,1/27/2025 - DEMO SFR,1105 E Skagway Ave,1,provisional_singleton
mp-7c5bd42f526bd6fa,Reissue: Demo of SFR,631 Jamaica Ave,1,provisional_singleton
mp-80112d71ad241c15,Re-issued DEMO SFR,1901 S Holly Ln,1,provisional_singleton
mp-e2c9956b27858ecf,Demo: SFR,5122 E 28th Ave,1,provisional_singleton
mp-09247dc494066154,Reissue: Demolition of 67 Apartment Bldgs at Robles Park,3814 N Central Ave,1,provisional_singleton
mp-4ed9122eab982cc4,REISSUE: Demo SFR,2901 W Nassau St,1,provisional_singleton
mp-9d51f3d18f1e0a04,DEMO: Resturant,1507 E Fowler Ave,1,provisional_singleton
mp-9d88426b4a9be284,REISSUE - Demo-SFR,615 Marmora Ave,1,provisional_singleton
mp-277105c098c28d01,Re-opened Demolition,3412 W Alline Ave,1,provisional_singleton
mp-85af1233ec4041d3,Comm Demo,214 E Tyler St,1,provisional_singleton
mp-1cc38fc4e29f9d64,Demolition,7000 Adamo Dr,1,provisional_singleton
mp-1745fc8fe3e90165,DEMO SFR,2932 W Alline Ave,1,provisional_singleton
mp-8f66c4a33864940b,Reissue: Res Demo,120 Bosphorous Ave,1,provisional_singleton
mp-4638d6253e0fd959,Demo SFR,4910 W Dryad St,1,provisional_singleton
mp-3ca795b0a2aae79d,Res Demo,4002 W Knights Ave,1,provisional_singleton
mp-5c141b3721f20432,REISSUE - Demo SFR,3816 N Whittier St,1,provisional_singleton
mp-e2e8dbfcb50d0278,REISSUE - Demo Duplex,3206 W San Pedro St,1,provisional_singleton
mp-2d9af0c32bb1f9df,DEMO Commercial Building,601 N Ashley Dr,1,provisional_singleton
mp-2350eb259e08b024,Demo SFR,2210 Saxon St,1,provisional_singleton
mp-445eb284174f8d76,Owner: Fema: Res Demo,7211 S Juanita St,1,provisional_singleton
mp-728476845ba2094d,Demo SFR,35 W Spanish Main St,1,provisional_singleton
mp-41fb979a86fb3715,DEMO SFR and Covered Carport,562 W Davis Blvd,1,provisional_singleton
mp-c04d5f86e46ba2c7,Demo SFR,4010 W Knights Ave,1,provisional_singleton
mp-dd46964e88c59b2b,Demo SFR,9414 Margaret Ave,1,provisional_singleton
mp-0f47ea476651cb7b,Demo SFR,706 E Humphrey St,1,provisional_singleton
mp-09a68c4ba482de51,REISSUE - Demo Pool & Deck,642 Geneva Pl,1,provisional_singleton
mp-39e8288b450ea9c2,Demo SFR,4708 W Euclid Ave,1,provisional_singleton
mp-139224000ed1e5a3,Fema: Demo SFR,4706 W Euclid Ave,1,provisional_singleton
mp-929734842e5b3400,Demo SFR and Detached Storage,719 W Peninsular St,1,provisional_singleton
mp-819bd8d02853101a,DEMO SFR,4506 W San Rafael St,1,provisional_singleton
mp-7501b03970b12059,DEMO OF SFR,3108 S Omar Ave,1,provisional_singleton
mp-2ed05471d8d9a92d,DEMO SFR,3631 S Hesperides St,1,provisional_singleton
mp-4d61f0421434ee9e,DEMO SFR,4616 W Lamb Ave,1,provisional_singleton
mp-1616eaa57caccc31,DEMO SFR,1905 W Kathleen St,1,provisional_singleton
mp-a439057ebd2840a5,ATF- Demo 2 buildings and pool-CMP-24-0004946,7700 W Courtney Campbell Cswy,1,provisional_singleton
mp-c1a7a5929550db52,Demo SFR,3824 W Corona St,1,provisional_singleton
mp-74f275ae2ab08a30,DEMO SFR / pool and structures,5618 S Sheridan Rd,1,provisional_singleton
mp-9db3219a36fc4389,DEMO SFR,573 W Davis Blvd,1,provisional_singleton
mp-7a2e1eae9be6079a,DEMO SFR,316 W Alfred St,1,provisional_singleton
mp-270f829fb8857ede,DEMO of 6 Building,4701 N Himes Ave,1,provisional_singleton
mp-a310c10b0d281ced,DEMO OF SFR,914 W Woodlawn Ave,1,provisional_singleton
mp-e2f1a6685b3ca037,DEMO OF SFR,4423 W Trilby Ave,1,provisional_singleton
mp-24d4154cb3adf5ff,DEMO OF SFR,3624 S Beach Dr,1,provisional_singleton
mp-50543b2342268cb6,DEMO OF SFR,4704 W Estrella St,1,provisional_singleton
mp-f676cc9e0e92b687,Fema: Demo SFR,7401 S Faul St,1,provisional_singleton
mp-400a5698c36ab231,Demo SFR,6010 N Tampa St,1,provisional_singleton
mp-ef7483e7c4d48444,Demo Driveway and Detached Shed,4506 W Longfellow Ave,1,provisional_singleton
mp-8074b5959dc9769f,OWNER: Demo SFR,7502 S OBrien St,1,provisional_singleton
mp-749fd675911de5aa,DEMO SFR,3311 W Palmira Ave,1,provisional_singleton
mp-6ab1fa105ebc003c,Demo SFR,4307 S Hale Ave,1,provisional_singleton
mp-31bffe1183309548,DEMO SFR,2730 W Main St,1,provisional_singleton
mp-dea20bf54d634467,Demo SFR,3415 N 51st St,1,provisional_singleton
mp-795b49e5313471fe,DEMO SFR,2707 W Saint Joseph St,1,provisional_singleton
mp-f353ac4a69e212f7,Demo SFR,2620 S Parkview St,1,provisional_singleton
mp-a43cc072348bc560,DEMO SFR and detached structure,4420 W Kensington Ave,1,provisional_singleton
mp-41125799a871c491,Demo SFR,621 Hudson Ave,1,provisional_singleton
mp-b7b1e41997b8e493,Demo SFR,4629 W Leona St,1,provisional_singleton
mp-65609629ec975242,DEMO SFR,8411 N Rome Ave,1,provisional_singleton
mp-01f31ca1ffbea541,Demo SFR & Shed,7009 N 15th St,1,provisional_singleton
mp-c7863a741acc851e,Demo SFR,4214 E Curtis St,1,provisional_singleton
mp-87501466c8671b45,Demo SFR,3706 W Cleveland St,1,provisional_singleton
mp-c0cafb84d26a7be1,Demo SFR,1936 W Cypress St,1,provisional_singleton
mp-e19a6e6c98b9ac8a,Demo SFR,4312 W Beach Park Dr,1,provisional_singleton
mp-0195ad28ec5a5e63,Demo SFR,3608 W Kensington Ave,1,provisional_singleton
mp-470d8968a57fbc21,Demo SFR,2306 N Glenwood Dr,1,provisional_singleton
mp-d6a0a4417921b162,Demo SFR,3808 W Leila Ave,1,provisional_singleton
mp-b76c26c83ba9e311,Res Demo,2618 W Saint John St,1,provisional_singleton
mp-af029498114033df,DEMO SFR,812 S MacDill Ave,1,provisional_singleton
mp-148f6f848646a70d,DEMO SFR,2407 S Hale Ave,1,provisional_singleton
mp-6298b44cb143805b,DEMOLITION OF DETACHED SHED,5806 N Cherokee Ave,1,provisional_singleton
mp-2012d4525dfcca17,DEMO SFR,2912 W Coachman Ave,1,provisional_singleton
mp-1d4cf3eec38e8292,Demo SFR,3005 W Meadow St,1,provisional_singleton
mp-1c129fd13bc1788f,DEMO SFR,3019 W Helen Ave,1,provisional_singleton
mp-3e14ec923f330bbf,Fema: Res Demo,458 Lucerne Ave,1,provisional_singleton
mp-30d1b50992a5544b,Demo SFR,2102 W Ivy St,1,provisional_singleton
mp-e988181b3575e0a1,Demo SFR,6201 N King St,1,provisional_singleton
mp-36c28303910caf7e,DEMO SFR,577 Bosphorous Ave,1,provisional_singleton
mp-ee17a0e8041192c1,Demo of garage only,1708 E Diana St,1,provisional_singleton
mp-30149155e94004d6,Res demo,2607 E Lake Ave,1,provisional_singleton
mp-cd75da6a5dab9aa5,DEMO SFR,2804 N 29th St,1,provisional_singleton
mp-71c35d39427bebf6,FEMA: Demo SFR,4421 W Leila Ave,1,provisional_singleton
mp-2102f502ff3397ef,DEMO SFR and shed,4110 W San Luis St,1,provisional_singleton
mp-28935815b7634e26,Demo SFR,523 Lucerne Ave,1,provisional_singleton
mp-9594f125c7ee4212,Commercial DEMO: 5-STY Hotel and Site Improvement,1200 N West Shore Blvd,1,provisional_singleton
mp-2970ee61c5b74c5d,Demo SFR,4310 S Trask St,1,provisional_singleton
mp-295673b63002b0c7,Commercial DEMO: Two Warehouse building,7000 Adamo Dr,1,provisional_singleton
mp-b7d1e79ff967ec6a,DEMO SFR,2107 S West Shore Blvd,1,provisional_singleton
mp-aaaa7eb198a42f77,DEMO SFR,3115 W Pearl Ave,1,provisional_singleton
mp-4e99544e4b553a10,Demo SFR,531 Luzon Ave,1,provisional_singleton
mp-1a434614037108f2,Demo SFR & Pool,4616 W San Miguel St,1,provisional_singleton
mp-e5854417debea458,DEMO SFR,2725 W Tyson Ave,1,provisional_singleton
mp-f1ef21bde0598119,Demolition SFR,3415 W Harbor View Ave,1,provisional_singleton
mp-76c384b4eebfab41,Demo SFR,103 W Stanley St,1,provisional_singleton
mp-3a35dd8b49d34285,DEMO SFR,4216 N Manhattan Ave,1,provisional_singleton
mp-448dfe5fdff8ae76,Demo SFR & Shed,4829 W San Jose St,1,provisional_singleton
mp-4866969515cbfdd8,Demo SFR,3901 W Tacon St,1,provisional_singleton
mp-be6903bfbd238785,Demo SFR,4636 W Longfellow Ave,1,provisional_singleton
mp-bcfd1c112ef978b9,DEMO SFR,4012 W Angeles St,1,provisional_singleton
mp-4f2f5d2bf945dff6,DEMO SFR,578 Luzon Ave,1,provisional_singleton
mp-b6a67eb3427450bc,Res Demo,3616 W Azeele St,1,provisional_singleton
mp-bc4d1cf0321a55da,Demo SFR,5411 N Park Pl,1,provisional_singleton
mp-91334b85d686bb2e,Demo SFR,4306 S Hubert Ave,1,provisional_singleton
mp-ba5b395edf9ebbcc,Res Demo,6010 S 4th St,1,provisional_singleton
mp-4e192a01fe730c0d,Demolition SFR,2912 W Alline Ave,1,provisional_singleton
mp-ec6addb31a40b501,DEMO SFR,319 Columbia Dr,1,provisional_singleton
mp-c8e23b4de3cd84fd,DEMO SFR,5815 Interbay Blvd,1,provisional_singleton
mp-3b63fafe2ca8dca8,Res Demo,2925 W Coachman Ave,1,provisional_singleton
mp-74f0f2b590560161,Demo SFR,3120 W Knights Ave,1,provisional_singleton
mp-cff25d80868a8ef3,Demo SFR,4008 W Estrella St,1,provisional_singleton
mp-11f5e77ef5865682,Demo SFR,88 Adalia Ave,1,provisional_singleton
mp-d933d2044d14e0bb,DEMO SFR,1705 W Powhatan Ave,1,provisional_singleton
mp-0448cabc56b50b36,DEMO SFR,3914 W San Miguel St,1,provisional_singleton
mp-c6d2e35334a2fa8c,DEMO SFR,7314 S Sherrill St,1,provisional_singleton
mp-ab2d99285433b2a3,Demo 2-Story Buildings,214 S Armenia Ave,1,provisional_singleton
mp-5c8d3394ec72eca3,DEMO SFR,3306 N Perry Ave,1,provisional_singleton
mp-b0eb9f1fc7b7f20c,OWNER: DEMO SFR,4312 W Main St,1,provisional_singleton
mp-76a78575b73517a2,DEMO SFR,1005 W Fribley St,1,provisional_singleton
mp-99f027e821c15c41,DEMO SFR and Pool,2908 W Leila Ave,1,provisional_singleton
mp-58cbbea959b6f345,DEMO SFR,3605 S Thatcher Ave,1,provisional_singleton
mp-679185353c4eb169,DEMO SFR,212 W Lambright St,1,provisional_singleton
mp-39246235c69b12e4,DEMO SFR,4308 W Laurel St,1,provisional_singleton
mp-4dc326664e64db30,DEMO SFR,407 S Delaware Ave,1,provisional_singleton
mp-e7d273ed8d8d52f2,Demo SFR,3113 W Pearl Ave,1,provisional_singleton
mp-3a8c27876a901976,DEMO SFR,3308 W Paul Ave,1,provisional_singleton
mp-2869ef156d203738,DEMO SFR/Pool/Structures,4820 W San Jose St,1,provisional_singleton
mp-18a5e059d2b7c96c,Demo shed,2926 W Tyson Ave,1,provisional_singleton
mp-c9f2e8478743f6e8,DEMO SFR,2911 W Hawthorne Rd,1,provisional_singleton
mp-9718d2561e081c05,Demo SFR,3005 W Van Buren Dr,1,provisional_singleton
mp-b60a4f8ec1d76710,DEMO of A storage,1523 McKay Bay Ct,1,provisional_singleton
mp-c7d987cce65a6fed,DEMO SFR,2710 N Ridgewood Ave,1,provisional_singleton
mp-ac16b6f67557d1fa,DEMO SFR,631 Ontario Ave,1,provisional_singleton
mp-98d98ad3e96533ce,Demo Covered Basketball Court,4201 W Mango Ave,1,provisional_singleton
mp-e9a45777bc0232c5,DEMO SFR and Shed,3610 W Vasconia St,1,provisional_singleton
mp-2444e0a2569976ab,Demo SFR,8502 N Branch Ave,1,provisional_singleton
mp-cb2e125c6f2b9763,DEMO SFR,456 Marmora Ave,1,provisional_singleton
mp-3de993cb17c5e61f,"DEMO SFR, Carport and Screened Covered Patio",208 S Ward St,1,provisional_singleton
mp-86a32af4818f6c24,Res Demo,6238 S Grady Ave,1,provisional_singleton
mp-48835b7a297e8eba,"Demo SFR, Detached Garage & Shed",112 W Powhatan Ave,1,provisional_singleton
mp-d459abd5d7ad78ca,Demo SFR,4112 W Oklahoma Ave,1,provisional_singleton
mp-c3b6f6ad8a14a10b,Demo SFR and Pool,350 Blanca Ave,1,provisional_singleton
mp-e1e449fe833ccf24,FEMA: Demo SFR,4315 S Hubert Ave,1,provisional_singleton
mp-59a2fb2a03856c71,DEMO SFR,2310 W Arch St,1,provisional_singleton
mp-ba2a99a5c1834e5e,Demo SFR,4507 N 15th St,1,provisional_singleton
mp-8c21f61fc72c1161,Reina Bldg int demo and restoration,2102 E 7th Ave,1,provisional_singleton
mp-84807071970d4688,Demolition of 8X8 structure and Removal of sliding glass door,3303 N Decatur Ave,1,provisional_singleton
mp-a84ccb0bcff988c2,SEC: DEMO Parking Garage/ Temp Canopy,3001 W Dr Martin Luther King Jr Blvd,1,provisional_singleton
mp-d1e66f0463185c55,Architectural Review Commission - Certificate of Appropriateness,716 S Newport Ave,1,provisional_singleton
mp-ff08ca534d8b3985,Architectural Review Commission - Certificate of Appropriateness,401 E Amelia Ave,1,provisional_singleton
mp-bf6e5a95864c8bca,Architectural Review Commission - Certificate of Appropriateness,805 S Rome Ave,1,provisional_singleton
mp-872b6b6b34621e53,Architectural Review Commission - Certificate of Appropriateness,307 E Oak Ave,1,provisional_singleton
mp-1bbbae6161ffd1d4,Architectural Review Commission - Certificate of Appropriateness,1820 W Richardson Pl,1,provisional_singleton
mp-6c97f5402d0c6c8b,Architectural Review Commission - Certificate of Appropriateness,307 E Oak Ave,1,provisional_singleton
mp-b2098b2a46e63d6a,Architectural Review Commission - Certificate of Appropriateness,411 E Palm Ave,1,provisional_singleton
mp-fab098d79dc988bf,Architectural Review Commission - Certificate of Appropriateness,5509 N Miami Ave,1,provisional_singleton
mp-51551b39e5fa6b3f,Architectural Review Commission - Certificate of Appropriateness,504 E Amelia Ave,1,provisional_singleton
mp-982701ee5f9a94c7,Architectural Review Commission - Certificate of Appropriateness,808 S Boulevard,1,provisional_singleton
mp-7ceb78ad28c50bc7,Architectural Review Commission - Certificate of Appropriateness,410 E Forest Ave,1,provisional_singleton
mp-f295245a1dc40656,Architectural Review Commission - Certificate of Appropriateness,612 S Willow Ave,1,provisional_singleton
mp-e332f67c7b8eb3fb,Architectural Review Commission - Certificate of Appropriateness,5506 N Suwanee Ave,1,provisional_singleton
mp-b57be6d7a59dd5c9,Architectural Review Commission - Certificate of Appropriateness,501 E Sparkman Ave,1,provisional_singleton
mp-5e850182cee3f01b,Architectural Review Commission - Certificate of Appropriateness,505 E Palm Ave,1,provisional_singleton
mp-8d41f38f1de8e12a,Architectural Review Commission - Certificate of Appropriateness,830 S Willow Ave,1,provisional_singleton
mp-0037a54d7d17a4d5,Architectural Review Commission - Certificate of Appropriateness,1902 N Howard Ave,1,provisional_singleton
mp-ace26b830defdaf9,Architectural Review Commission - Certificate of Appropriateness,618 S Willow Ave,1,provisional_singleton
mp-8fa15b9e27f8f0b9,Architectural Review Commission - Certificate of Appropriateness,1905 N Florida Ave,1,provisional_singleton
mp-993b2c1e10503bcf,Architectural Review Commission - Recommendation,509 S Hyde Park Ave,1,provisional_singleton
mp-465373b9f4394533,Architectural Review Commission - Certificate of Appropriateness,725 S Brevard Ave,1,provisional_singleton
mp-848858b824e09e0e,Architectural Review Commission - Certificate of Appropriateness,800 S Packwood Ave,1,provisional_singleton
mp-538bf6b7424bb674,Architectural Review Commission - Certificate of Appropriateness,725 S Brevard Ave,1,provisional_singleton
mp-0bafabf8be6f54cd,Architectural Review Commission - Certificate of Appropriateness,504 E Giddens Ave,1,provisional_singleton
mp-970b568dba27492a,Architectural Review Commission - Certificate of Appropriateness,1005 Bayshore Blvd,1,provisional_singleton
mp-496414cb85384e37,Architectural Review Commission - Certificate of Appropriateness,5912 N Branch Ave,1,provisional_singleton
mp-8f43b54c63e99bba,Architectural Review Commission - Certificate of Appropriateness,726 S Oregon Ave,1,provisional_singleton
mp-c69135d7e26e6b65,Architectural Review Commission - Certificate of Appropriateness,406 W Azeele St,1,provisional_singleton
mp-12f585e01c8cb86b,Architectural Review Commission - Certificate of Appropriateness,307 E Idlewild Ave,1,provisional_singleton
mp-1925f2087e42660d,Architectural Review Commission - Certificate of Appropriateness,2408 N Morgan St,1,provisional_singleton
mp-6c150462b46ef30d,Architectural Review Commission - Certificate of Appropriateness,2908 N Central Ave,1,provisional_singleton
mp-38575eaf74ba9f0b,Architectural Review Commission - Certificate of Appropriateness,2911 N Jefferson St,1,provisional_singleton
mp-faab8ebb544c7336,Architectural Review Commission - Certificate of Appropriateness,417 E Hugh St,1,provisional_singleton
mp-75d3a00da15e45be,Architectural Review Commission - Certificate of Appropriateness,6418 N 23rd St,1,provisional_singleton
mp-52b1eaab0bf0c207,Architectural Review Commission - Certificate of Appropriateness,5605 N Branch Ave,1,provisional_singleton
mp-aee80436d6a56943,Architectural Review Commission - Certificate of Appropriateness,505 E Amelia Ave,1,provisional_singleton
mp-44fef10ac29bc745,Architectural Review Commission - Certificate of Appropriateness,308 E Idlewild Ave,1,provisional_singleton
mp-783cb960a2483038,Architectural Review Commission - Certificate of Appropriateness,1417 S Howard Ave,1,provisional_singleton
mp-2ca2dcee79022bb1,Architectural Review Commission - Certificate of Appropriateness,1201 W Swann Ave,1,provisional_singleton
mp-3bd6355d81da0cef,Architectural Review Commission - Certificate of Appropriateness,810 S Boulevard,1,provisional_singleton
mp-17801bc784f4ab43,Architectural Review Commission - Certificate of Appropriateness,1713 W Hills Ave,1,provisional_singleton
mp-c5fcaebb50ca6364,Architectural Review Commission - Certificate of Appropriateness,307 E Idlewild Ave,1,provisional_singleton
mp-8261cf7c2a8dc542,Architectural Review Commission - Certificate of Appropriateness,702 S Fielding Ave,1,provisional_singleton
mp-e7c9aad1f92cdc18,Architectural Review Commission - Certificate of Appropriateness,2809 N Central Ave,1,provisional_singleton
mp-6785472458ce2970,Architectural Review Commission - Certificate of Appropriateness,1401 Nance Ave,1,provisional_singleton
mp-2856a071701f5048,Architectural Review Commission - Certificate of Appropriateness,5708 N Central Ave,1,provisional_singleton
mp-70b2a6be5de6cdf0,Architectural Review Commission - Certificate of Appropriateness,1810 W Watrous Ave,1,provisional_singleton
mp-318b959e1bd2ede1,Architectural Review Commission - Certificate of Appropriateness,716 S Packwood Ave,1,provisional_singleton
mp-72a2e67c127d665c,Architectural Review Commission - Certificate of Appropriateness,511 E Palm Ave,1,provisional_singleton
mp-444ff2cd05f0e50d,Architectural Review Commission - Certificate of Appropriateness,2708 N 18th St,1,provisional_singleton
mp-af4cfbd606f7e470,Architectural Review Commission - Certificate of Appropriateness,5601 N Taliaferro Ave,1,provisional_singleton
mp-b10a42079307edbc,Architectural Review Commission - Certificate of Appropriateness,1302 W Swann Ave,1,provisional_singleton
mp-763e6af52eafb904,Architectural Review Commission - Certificate of Appropriateness,5608 N Seminole Ave,1,provisional_singleton
mp-5cc59f0d2cb4312b,Architectural Review Commission - Certificate of Appropriateness,907 S Dakota Ave,1,provisional_singleton
mp-0eab3ee733e78b95,Architectural Review Commission - Certificate of Appropriateness,5601 N Branch Ave,1,provisional_singleton
mp-59a717216c16c3e6,Architectural Review Commission - Certificate of Appropriateness,1004 S Dakota Ave,1,provisional_singleton
mp-e80487cb057c5abb,Architectural Review Commission - Certificate of Appropriateness,6010 N Suwanee Ave,1,provisional_singleton
mp-52f421ba2f0b16e6,Architectural Review Commission - Certificate of Appropriateness,407 E Adalee St,1,provisional_singleton
mp-8df778186eba73f7,Architectural Review Commission - Certificate of Appropriateness,5209 N Branch Ave,1,provisional_singleton
mp-f4606dd8f5052e22,Architectural Review Commission - Certificate of Appropriateness,3008 N Morgan St,1,provisional_singleton
mp-d2e782c7c7976f06,Architectural Review Commission - Certificate of Appropriateness,6008 N Branch Ave,1,provisional_singleton
mp-74ddba7061174d89,Architectural Review Commission - Certificate of Appropriateness,306 S Plant Ave,1,provisional_singleton
mp-3c358de8ffa8bd89,Architectural Review Commission - Certificate of Appropriateness,1702 W Watrous Ave,1,provisional_singleton
mp-7addd6bd5b77b8f8,Architectural Review Commission - Certificate of Appropriateness,4521 W Azeele St,1,provisional_singleton
mp-6ec47cd3c3a30c01,Architectural Review Commission - Certificate of Appropriateness,5604 N Branch Ave,1,provisional_singleton
mp-b6a8d79c6af756eb,Architectural Review Commission - Certificate of Appropriateness,6006 N Suwanee Ave,1,provisional_singleton
mp-7b6b20156902742a,Architectural Review Commission - Certificate of Appropriateness,5610 N Seminole Ave,1,provisional_singleton
mp-2d9b277e0874ba08,Architectural Review Commission - Certificate of Appropriateness,710 S Edison Ave,1,provisional_singleton
mp-95f956d76ab7d423,Architectural Review Commission - Certificate of Appropriateness,719 S Delaware Ave,1,provisional_singleton
mp-5bca18975047320b,Architectural Review Commission - Certificate of Appropriateness,2712 N Jefferson St,1,provisional_singleton
mp-622ef16fcb7766bd,Architectural Review Commission - Certificate of Appropriateness,407 E Palm Ave,1,provisional_singleton
mp-6b986d332a0d7960,Architectural Review Commission - Recommendation,210 W Beach Pl,1,provisional_singleton
mp-a7a6cfcbb4cebc54,Architectural Review Commission - Certificate of Appropriateness,828 S Willow Ave,1,provisional_singleton
mp-58068e324494cf61,Architectural Review Commission - Certificate of Appropriateness,310 E Oak Ave,1,provisional_singleton
mp-2ed73981696bad5d,Architectural Review Commission - Recommendation,1701 N Florida Ave,1,provisional_singleton
mp-7b5345a931cafb8a,Architectural Review Commission - Certificate of Appropriateness,2821 N Morgan St,1,provisional_singleton
mp-fdd1e4174b6cf79c,Architectural Review Commission - Certificate of Appropriateness,5208 N Branch Ave,1,provisional_singleton
mp-5921a785c9eb201f,Architectural Review Commission - Certificate of Appropriateness,1410 S De Soto Ave,1,provisional_singleton
mp-4dd0dd59790fe141,Architectural Review Commission - Certificate of Appropriateness,819 Bayshore Blvd,1,provisional_singleton
mp-4073f453c162baae,Architectural Review Commission - Certificate of Appropriateness,809 S Willow Ave,1,provisional_singleton
mp-5f3caf0e4f8d8f68,Architectural Review Commission - Certificate of Appropriateness,1810 N Highland Ave,1,provisional_singleton
mp-a0187fb8c0cccd5b,Architectural Review Commission - Certificate of Appropriateness,851 E Zack St,1,provisional_singleton
mp-bc2130afd5cc9fda,Architectural Review Commission - Certificate of Appropriateness,1807 W Jetton Ave,1,provisional_singleton
mp-bb161e1edd46f5e9,Architectural Review Commission - Certificate of Appropriateness,2810 N Jefferson St,1,provisional_singleton
mp-cd8c052afb50db47,Architectural Review Commission - Certificate of Appropriateness,401 W Kennedy Blvd,1,provisional_singleton
mp-1d76d991dca3b366,Architectural Review Commission - Recommendation,1350 S Howard Ave,1,provisional_singleton
mp-3a05d8d00d72ad03,Architectural Review Commission - Certificate of Appropriateness,2804 N Central Ct,1,provisional_singleton
mp-0bf6abd9c99d4c59,Architectural Review Commission - Certificate of Appropriateness,5110 N Seminole Ave,1,provisional_singleton
mp-0e34c57d500eae91,Architectural Review Commission - Certificate of Appropriateness,1107 S Fremont Ave,1,provisional_singleton
mp-ceebe04dc52f29ba,Architectural Review Commission - Recommendation,1302 W Swann Ave,1,provisional_singleton
mp-de5ce97a2d7e72b5,Architectural Review Commission - Recommendation,1302 W Swann Ave,1,provisional_singleton
mp-6ba06148c9f47b79,Architectural Review Commission - Certificate of Appropriateness,311 E Palm Ave,1,provisional_singleton
mp-22b59bb806eac763,Architectural Review Commission - Certificate of Appropriateness,719 S Boulevard,1,provisional_singleton
mp-6ad29947ed6e8bdf,Architectural Review Commission - Certificate of Appropriateness,5804 N Cherokee Ave,1,provisional_singleton
mp-ed27bd00e032e1d1,Architectural Review Commission - Certificate of Appropriateness,5808 N Cherokee Ave,1,provisional_singleton
mp-065bcb69129d5b1e,Architectural Review Commission - Certificate of Appropriateness,1502 Nance Ave,1,provisional_singleton
mp-56800d917388e7d3,Architectural Review Commission - Certificate of Appropriateness,6008 N Central Ave,1,provisional_singleton
mp-efe648be3f977eea,Architectural Review Commission - Certificate of Appropriateness,401 E Hugh St,1,provisional_singleton
mp-7f29987fcce5a7c5,Architectural Review Commission - Certificate of Appropriateness,5509 N Seminole Ave,1,provisional_singleton
mp-95a8558108fd0831,Architectural Review Commission - Certificate of Appropriateness,1900 W Jetton Ave,1,provisional_singleton
mp-d9e26f43d09d3b57,Architectural Review Commission - Certificate of Appropriateness,1701 N Franklin St,1,provisional_singleton
mp-05af4c4b9e433bf7,Architectural Review Commission - Certificate of Appropriateness,306 S Plant Ave,1,provisional_singleton
mp-0755921220d98e73,Architectural Review Commission - Certificate of Appropriateness,825 Bayshore Blvd,1,provisional_singleton
mp-3f687a510b9cf71a,Architectural Review Commission - Certificate of Appropriateness,2706 N Jefferson St,1,provisional_singleton
mp-f65cd36387b1fc42,Architectural Review Commission - Certificate of Appropriateness,4521 W Azeele St,1,provisional_singleton
mp-6767d2f10dc3b449,Architectural Review Commission - Certificate of Appropriateness,850 S Willow Ave,1,provisional_singleton
mp-9816d41bd8613455,Architectural Review Commission - Certificate of Appropriateness,721 S Boulevard,1,provisional_singleton
mp-035a542306c020a3,Architectural Review Commission - Certificate of Appropriateness,5508 N Branch Ave,1,provisional_singleton
mp-83a14a6eea4a6621,Architectural Review Commission - Certificate of Appropriateness,1701 W Watrous Ave,1,provisional_singleton
mp-eeebb8ebd4ab5cf4,Architectural Review Commission - Certificate of Appropriateness,2103 W Watrous Ave,1,provisional_singleton
mp-12ae79e4c594e7b3,Architectural Review Commission - Certificate of Appropriateness,2810 N Jefferson St,1,provisional_singleton
mp-f006bf5398e931b4,Architectural Review Commission - Certificate of Appropriateness,2109 Bayshore Blvd,1,provisional_singleton
mp-be14c9c7afc2e6d9,Architectural Review Commission - Certificate of Appropriateness,2810 N Jefferson St,1,provisional_singleton
mp-5e29bb2c6cdff8a6,Architectural Review Commission - Certificate of Appropriateness,207 E Ross Ave,1,provisional_singleton
mp-70c5ea2d152dc24a,Architectural Review Commission - Certificate of Appropriateness,310 S Willow Ave,1,provisional_singleton
mp-f83f47e8eb177961,Architectural Review Commission - Certificate of Appropriateness,3014 N Jefferson St,1,provisional_singleton
mp-8c32b81b72a63530,Architectural Review Commission - Certificate of Appropriateness,800 S Village Cir,1,provisional_singleton
mp-becba457d65c22c0,Architectural Review Commission - Certificate of Appropriateness,2206 N Morgan St,1,provisional_singleton
mp-86df98988d40f88a,Architectural Review Commission Tax - Post Rehabilitation,905 N Florida Ave,1,provisional_singleton
mp-f6bc2252b9d940b6,Architectural Review Commission Tax - Pre Rehabilitation,829 Bayshore Blvd,1,provisional_singleton
mp-ba348b265ef8ef08,Architectural Review Commission Tax - Post Rehabilitation,909 S Dakota Ave,1,provisional_singleton
mp-9371f0c1f3885bf9,Barrio Latino Commission - Certificate of Appropriateness,1707 E 4th Ave,1,provisional_singleton
mp-bae8f0b1a0ea3daf,Barrio Latino Commission - Certificate of Appropriateness,1601 E 7th Ave,1,provisional_singleton
mp-4fb6b6dce5dd7104,Barrio Latino Commission - Certificate of Appropriateness,1301 N 22nd St,1,provisional_singleton
mp-8813065780af5d01,Barrio Latino Commission - Certificate of Appropriateness,2216 E 10th Ave,1,provisional_singleton
mp-08607a80cd307b77,Barrio Latino Commission - Certificate of Appropriateness,2205 E 3rd Ave,1,provisional_singleton
mp-b50677a159044007,Barrio Latino Commission - Certificate of Appropriateness,1023 E 17th Ave,1,provisional_singleton
mp-0559ca49480d37fa,Barrio Latino Commission - Certificate of Appropriateness,2318 E 12th Ave,1,provisional_singleton
mp-e80beee85a20c8eb,Barrio Latino Commission - Certificate of Appropriateness,1820 E 7th Ave,1,provisional_singleton
mp-873d1960435055ff,Barrio Latino Commission - Certificate of Appropriateness,1701 E 2nd Ave,1,provisional_singleton
mp-e4f0fe0e5ff8f972,Barrio Latino Commission - Recommendation,2602 E 4th Ave,1,provisional_singleton
mp-8ba4e3909eee7b90,Barrio Latino Commission - Certificate of Appropriateness,2414 E 8th Ave,1,provisional_singleton
mp-089ed026d524b762,Barrio Latino Commission - Certificate of Appropriateness,1902 Adamo Dr,1,provisional_singleton
mp-f3ddc611a3744548,Barrio Latino Commission - Certificate of Appropriateness,1910 Adamo Dr,1,provisional_singleton
mp-943d3b0524fdbef7,Barrio Latino Commission - Certificate of Appropriateness,1704 E 15th Ave,1,provisional_singleton
mp-7c00f1b2db1cde1e,Barrio Latino Commission - Certificate of Appropriateness,1502 E 7th Ave,1,provisional_singleton
mp-ee1949ac1681d69f,Barrio Latino Commission - Certificate of Appropriateness,1208 E 7th Ave,1,provisional_singleton
mp-100ce6e4d64397e9,Barrio Latino Commission - Certificate of Appropriateness,2608 E 10th Ave,1,provisional_singleton
mp-b75125bc1edc9422,Barrio Latino Commission - Certificate of Appropriateness,2610 E 10th Ave,1,provisional_singleton
mp-3537e38a10bf5092,Barrio Latino Commission - Certificate of Appropriateness,2606 E 10th Ave,1,provisional_singleton
mp-8af05b101c904425,Barrio Latino Commission - Certificate of Appropriateness,2612 E 10th Ave,1,provisional_singleton
mp-a7105fcbb814991b,Barrio Latino Commission - Recommendation,1206 Holmes Ave,1,provisional_singleton
mp-d0a02ae07ee0c6c5,Barrio Latino Commission - Certificate of Appropriateness,1901 E 2nd Ave,1,provisional_singleton
mp-c0553824641271e3,Barrio Latino Commission - Certificate of Appropriateness,1705 N 16th St,1,provisional_singleton
mp-aeebf45671cd00a1,Barrio Latino Commission - Certificate of Appropriateness,1022 E 12th Ave,1,provisional_singleton
mp-1d525524ac93f286,Barrio Latino Commission - Certificate of Appropriateness,1715 E 4th Ave,1,provisional_singleton
mp-f1b1597ff012987e,Barrio Latino Commission - Recommendation,2316 E 7th Ave,1,provisional_singleton
mp-7625b11d52ccb05c,Barrio Latino Commission - Recommendation,2301 E 7th Ave,1,provisional_singleton
mp-bf207637241a5c2a,Barrio Latino Commission - Certificate of Appropriateness,2710 E 12th Ave,1,provisional_singleton
mp-b6561a979f6df705,Barrio Latino Commission - Certificate of Appropriateness,1910 E 7th Ave,1,provisional_singleton
mp-5b9bd6b841f1ab30,Barrio Latino Commission - Certificate of Appropriateness,1402 N 15th St,1,provisional_singleton
mp-5ffa87d929108224,Barrio Latino Commission - Certificate of Appropriateness,1419 E 4th Ave,1,provisional_singleton
mp-41f91cb63b7a6c09,Barrio Latino Commission - Certificate of Appropriateness,1929 E 7th Ave,1,provisional_singleton
mp-aefa92870f8c3ab2,Barrio Latino Commission - Certificate of Appropriateness,1901 E 7th Ave,1,provisional_singleton
mp-af830fdd3677f8f8,Barrio Latino Commission - Certificate of Appropriateness,2905 N 11th St,1,provisional_singleton
mp-d89578388fdcd0e4,Barrio Latino Commission - Certificate of Appropriateness,1304 N 17th St,1,provisional_singleton
mp-9a833b08f4aa6474,Barrio Latino Commission - Recommendation,1701 E 2nd Ave,1,provisional_singleton
mp-f0a45480127addb3,Barrio Latino Commission - Certificate of Appropriateness,2320 E 12th Ave,1,provisional_singleton
mp-c976afd113734aca,Barrio Latino Commission - Certificate of Appropriateness,1811 E 5th Ave,1,provisional_singleton
mp-4f7fd47af2151b6f,Barrio Latino Commission - Certificate of Appropriateness,1611 E 6th Ave,1,provisional_singleton
mp-522f1e86fa38e7a0,Barrio Latino Commission - Certificate of Appropriateness,930 E 11th Ave,1,provisional_singleton
mp-0d581d05275988d5,Barrio Latino Commission - Recommendation,2706 N 12th St,1,provisional_singleton
mp-2d7fd00509e80e63,Barrio Latino Commission - Recommendation,1301 E Columbus Dr,1,provisional_singleton
mp-8c4eb6a99988f21c,Barrio Latino Commission - Certificate of Appropriateness,1701 E 5th Ave,1,provisional_singleton
mp-b42860c2c26a545a,Barrio Latino Commission - Recommendation,1728 E 2nd Ave,1,provisional_singleton
mp-ea26221af15a8940,Barrio Latino Commission - Certificate of Appropriateness,1704 E 3rd Ave,1,provisional_singleton
mp-70b6c16d580325b6,Barrio Latino Commission - Certificate of Appropriateness,1722 E 3rd Ave,1,provisional_singleton
mp-8503fc6fd5a5881a,Barrio Latino Commission - Certificate of Appropriateness,1310 E 15th Ave,1,provisional_singleton
mp-1f38213ee82af940,Barrio Latino Commission - Certificate of Appropriateness,2914 N 10th St,1,provisional_singleton
mp-2f5021311d8bb5c2,3416 Deleuil Ave,3416 Deleuil Ave,1,provisional_singleton
mp-8f38ee4fb743e1d0,OWNER: Lot 18 - Removal of Trailer,6012 E Broadway Ave,1,provisional_singleton
mp-1c80d4833cb355df,REISSUE - 3506 E 8th Ave (ACA),3506 E 8th Ave,1,provisional_singleton
mp-a13adddf1a444095,remove carport,8119 N Newport Ave,1,provisional_singleton
mp-6362309e57d964a5,REISSUE - 4406 W Wallcraft Ave (ACA),4406 W Wallcraft Ave,1,provisional_singleton
mp-c72503841791641e,OWNER - 1208 E 17th Ave (ACA),1208 E 17th Ave,1,provisional_singleton
mp-3f3cd4e866dea785,705 W Idlewild Ave (ACA),705 W Idlewild Ave,1,provisional_singleton
mp-a4f658d16498a54c,OWNER 2737 W Green St (ACA),2737 W Green St,1,provisional_singleton
mp-3d64fdf69276a4b3,OWNER - ATF - REMOVAL ACCESORY STRUCTURES,1704 E Maple Ave,1,provisional_singleton
mp-d916477d2688c4c1,,4028 Nebraska,1,provisional_singleton
mp-5bc24a876db7d619,REISSUE: Atrium remdl,601 S Harbour Island Blvd,1,provisional_singleton
mp-dc6e78eac321ce7d,"EXTENDED: Commercial Building restoration ""Monte Carlo Towers"" (Elevated Entrance and parking underneath)",3301 Bayshore Blvd,1,provisional_singleton
mp-c9c71e21f29dfeb5,REISSUE: Alterations,1703 W Clinton St,1,provisional_singleton
mp-f36ffa02f23c49aa,Reissue Interior Alterations Add Warehouse Office Space 5018 N Coolidge Ave (ACA),5018 N Coolidge Ave,1,provisional_singleton
mp-68ab2b19e423247e,4908 E Busch Plaza,4908 E Busch Blvd,1,provisional_singleton
mp-0cbf6dbaf97f41a0,Com Alt,4914 E Busch Blvd,1,provisional_singleton
mp-a05b44118c38f5e5,Reissue - 2ND 3RD AND 4TH FLOOR,4400 W Spruce St,1,provisional_singleton
mp-e04d0e8b256e5163,SEC: Com Alt Center#1116,2202 N West Shore Blvd,1,provisional_singleton
mp-263d7549664496f0,Reissue - Renovate Main Bar in Restaurant 7720 W Courtney Campbell Cswy (ACA),7720 W Courtney Campbell,1,provisional_singleton
mp-7b1f11196594d429,Bldg # 27 / Units 2701 thru 2716,4003 S West Shore Blvd,1,provisional_singleton
mp-1f4c638096171db0,Bldg # 49 / Units 4901 thru 4916,4003 S West Shore Blvd,1,provisional_singleton
mp-5edaaf384162686c,fire structural repair,3414 Grove Street Cir,1,provisional_singleton
mp-3190d610fcae8d59,Ulele: Mechanical upgrade,1810 N Highland Ave,1,provisional_singleton
mp-456d4cbcad58d9cc,Reissue - Shell Alt,319 W Palm Ave,1,provisional_singleton
mp-68fcabc514069b95,Owner-Convert Garage into Studio 2908 N 56th St (ACA),2908 N 56th St,1,provisional_singleton
mp-a8a552489adccdb0,reissued: Lobby renovations,702 N Franklin St,1,provisional_singleton
mp-ac2d56479f038e7d,Add Bath/Closet to existing space,1709 Hillside Dr,1,provisional_singleton
mp-69be855f7fb7137b,Expedited Project,333 S Franklin St,1,provisional_singleton
mp-1c773a6bb1ae20af,Accelerated Project,7413 S Sherrill St,1,provisional_singleton
mp-64c7814d19403916,Alterations,8903 N Edison Ave,1,provisional_singleton
mp-c00c58830c5d595d,concrete slab,4716 W Wallcraft Ave,1,provisional_singleton
mp-d186cce90af37af9,Reissue: Ext Res Alt,3114 W Henry Ave,1,provisional_singleton
mp-58d03894815d8392,SECURED: CANCER INSTITUTE,3001 W Martin Luther King Blvd,1,provisional_singleton
mp-42280afac59425d6,Facilitated Project,3001 W Martin Luther King Blvd,1,provisional_singleton
mp-54c15b24133c6d69,"Reissue: U:1203 Pl, EL Expedite review",1002 S Harbour Island Blvd,1,provisional_singleton
mp-7ddb5cbda7fc88a2,Ste 1250 Int Alt,201 E Kennedy Blvd,1,provisional_singleton
mp-7324f53c02f2fb28,EARLY START: Exterior facade and interior,2525 N Dale Mabry Hwy,1,provisional_singleton
mp-823254ec04e29476,Reissue: Owner-Alterations,7901 N Edison Ave,1,provisional_singleton
mp-ee14f81d3a7c4964,Reissue - Verizon: Antenna Modification,808 S Dale Mabry Hwy,1,provisional_singleton
mp-7f89718b3deafb64,REISSUE - Columbia New Storefront,2004 E 7th Ave,1,provisional_singleton
mp-f20009fff2a72c34,Reissue: Change of Use: Com Alt,2902 N 22nd St,1,provisional_singleton
mp-a7a65d35baf225e2,OWNER: New powder bathroom,1001 W Blann Dr,1,provisional_singleton
mp-46466c888a63e58f,Change of Use/Occupancy-Int/ext alterations-Solita's House,1029 E Hillsborough Ave,1,provisional_singleton
mp-c5f9f78936a77538,Reissue - Ext alterations,3935 W Hillsborough Ave,1,provisional_singleton
mp-02eca78add5af70e,REISSUE: Water damage repair in kitchen,3909 W San Juan St,1,provisional_singleton
mp-723569d0d6464401,SEC: Com Alt,1 N Dale Mabry Hwy,1,provisional_singleton
mp-d085e7de737968f8,Expedited Project,4115 N Hubert Ave,1,provisional_singleton
mp-4e880682e1559bf9,REISSUE - Change Of Use And Occupancy,2301 N Albany Ave,1,provisional_singleton
mp-fa9cf7293d83bd0d,REISSUE - Different size window replacement,2924 Bayshore Vista Dr,1,provisional_singleton
mp-8023df13a1176310,REISSUED: Repair Vehicle Damaged Structure,3106 W Barcelona St,1,provisional_singleton
mp-b3a60c282f33973b,REISSUE - Structural roof and interior column repairs,2702 N Florida Ave,1,provisional_singleton
mp-e8ae958d157af2aa,Facilitated Project,1400 N Boulevard,1,provisional_singleton
mp-261f9ca730ea7457,Facilitated Project,4000 George J Bean Pkwy,1,provisional_singleton
mp-1f693b0a8462be0d,Facilitated Project,802 Beneficial Dr,1,provisional_singleton
mp-381c6c504c39cabe,Facilitated Project,802 Beneficial Dr,1,provisional_singleton
mp-881f5c407f18ccf8,Facilitated Project,802 Beneficial Dr,1,provisional_singleton
mp-e4968d9fe82ae208,Facilitated Project,802 Beneficial Dr,1,provisional_singleton
mp-429585a997bac076,Facilitated Project,802 Beneficial Dr,1,provisional_singleton
mp-333f03be9e50bb5d,Facilitated Project,802 Beneficial Dr,1,provisional_singleton
mp-4b102beeb624d343,Facilitated Project,802 Beneficial Dr,1,provisional_singleton
mp-3a339494d8873fda,Facilitated Project,802 Beneficial Dr,1,provisional_singleton
mp-9095ec14ac32d881,Facilitated Project,802 Beneficial Dr,1,provisional_singleton
mp-ca5f674828ceb19e,Facilitated Project,802 Beneficial Dr,1,provisional_singleton
mp-91a047ad3ba4c629,Facilitated Project,802 Beneficial Dr,1,provisional_singleton
mp-f54b615714eef859,Facilitated Project,802 Beneficial Dr,1,provisional_singleton
mp-adfdc432e5ac65d4,Facilitated Project,802 Beneficial Dr,1,provisional_singleton
mp-b68273a7b2b50e07,Facilitated Project,802 Beneficial Dr,1,provisional_singleton
mp-829d2942a1de7d15,Facilitated Project,802 Beneficial Dr,1,provisional_singleton
mp-2d2d8383c1efac03,Facilitated Project,802 Beneficial Dr,1,provisional_singleton
mp-8da5cd66a3516a85,Facilitated Project,802 Beneficial Dr,1,provisional_singleton
mp-6c3f48d8c1020d29,REISSUE - Fema: (BLDG 14) 4-Units-Alterations/Repairs,802 Beneficial Dr,1,provisional_singleton
mp-45cef2653619008d,PRIVATE PROVIDER:Reuse of bldg to Apartments,2808 N 16th St,1,provisional_singleton
mp-b5865fe986a61196,REISSUE - Unit 16: Fire Repairs,1405 Debeers Dr,1,provisional_singleton
mp-335a6014b9a739b7,REISSUE - Unit 4: Fire Repairs,1405 Debeers Dr,1,provisional_singleton
mp-6beb5fab73baffe5,REISSUE - SEC:FEMA:THRESHOLD:PRIVATE PROVIDER-Level 5-TGH Pediatrics,1 Tampa General Cir,1,provisional_singleton
mp-94fa5c19df4be551,PP: 103 E Violet St (ACA),103 E Violet St,1,provisional_singleton
mp-a4704cb5ec5d8047,REISSUE - FEMA: Truss repairs,4706 W Oklahoma Ave,1,provisional_singleton
mp-29864725a7992e24,TIA PROJECT: Baggage Claim Level - Automatic Door Replacement,4100 George J Bean Pkwy,1,provisional_singleton
mp-394ebce1660d77ff,REISSUE - TIA PROJECT: Ticketing Level - Automatic Door Replacement,4100 George J Bean Pkwy,1,provisional_singleton
mp-9b85801556b7b432,REISSUE - TIA PROJECT: Short-Term Parking Level 9 - Automatic Door Replacement,4100 George J Bean Pkwy,1,provisional_singleton
mp-9975509d3d1dcc88,REACTIVATED - Change of Use - Grand Cathedral Cigars,2201 N Florida Ave,1,provisional_singleton
mp-10312bf4096cff18,FEMA: ALF 5 or less,4715 W Lawn Ave,1,provisional_singleton
mp-259b791751cbd166,06/18/25 KPI,8117 N 11th St,1,provisional_singleton
mp-032459e2a71f4913,REACTIVATED - ATF--CMP-23-0000781 - Garage,9301 N 16th St,1,provisional_singleton
mp-c493bdd7caf68aec,REISSUE - ATF-CMP-23-0019276--5126 N Jamaica St (ACA),5126 N Jamaica St,1,provisional_singleton
mp-a7025a0800564522,REISSUE - ATF--CMP-24-0002999--3404 E Frierson Ave (ACA),3404 E Frierson Ave,1,provisional_singleton
mp-5df4b1100f0a7489,ATF CMP-24-0001301,1023 E 19th Ave,1,provisional_singleton
mp-62481a02e140b667,REACTIVATED - ATF--CMP-24-0004610--8303 N 17th St (ACA),8303 N 17th St,1,provisional_singleton
mp-4207c76b61d950c8,REACTIVATED - ** ATF CMP-24-0009055**,4206 E Chelsea St,1,provisional_singleton
mp-c8fd1e3c455c25d9,Suite E- ATF CMP-22-0003831,4402 W Crest Ave,1,provisional_singleton
mp-7f7b7e5f2659f3ee,04-07-25 KPI,14048 Riveredge Dr,1,provisional_singleton
mp-412d62fb571f3ae8,Interior Renovations - Sam's Seafood and Grill,1501 E Hillsborough Ave,1,provisional_singleton
mp-e30f2a8d79df75af,06/16/25 KPI,1912 W Dekle Ave,1,provisional_singleton
mp-61b4f806a228ea31,Accelerated Project,5302 Pearl Ct,1,provisional_singleton
mp-03c403e7d6b9d6a7,Accelerated Project,1217 S Roxmere Rd,1,provisional_singleton
mp-d4daa0c99420d8b5,Accelerated Project,155 E Davis Blvd,1,provisional_singleton
mp-4b4e1942d257614e,09-19-25 KPI,5207 N 30th St,1,provisional_singleton
mp-50f9b0a45a595f72,Change of Use/Occupancy: educational to business,4702 E Busch Blvd,1,provisional_singleton
mp-5eca2e2cbf4083a2,Accelerated Project,4709 W Price Ave,1,provisional_singleton
mp-3c6132ebf236f2eb,06-17-25 KPI,11315 N 30th St,1,provisional_singleton
mp-b694456b57234e1b,REISSUE - FEMA: ** Storm Damage ** Interior Repairs,115 Huron Ave,1,provisional_singleton
mp-0c3b0d916428ec6a,Accelerated Project,1508 S Sheridan Forest Dr,1,provisional_singleton
mp-d3e2c27d05535f76,Accelerated Project,129 Danube Ave,1,provisional_singleton
mp-d3244f5af9179c4b,**SHELL ONLY**,1301 E 4th Ave,1,provisional_singleton
mp-7945d7f20421d3bd,Re-issued OWNER: Covered Porch Installation,1711 W Erna Dr,1,provisional_singleton
mp-8b554ede93401cb5,ATF CMP-24-0009288,2710 E Annie St,1,provisional_singleton
mp-75a03746789b9958,Re-issued ATF CMP-24-00128451510 E Sligh Ave (ACA),1510 E Sligh Ave,1,provisional_singleton
mp-762af8aa23ea9397,FEMA - Repair Rotten Framing - Building 3,6601 S West Shore Blvd,1,provisional_singleton
mp-75f7a26bd1f3560e,05-16-25 KPI,107 N Franklin St,1,provisional_singleton
mp-725164af60a35327,PP: FEMA: Interior: Surgical Neuroscience & Transplant Pavilion Expansion: Floors 1-13,6 Tampa General Cir,1,provisional_singleton
mp-037d24b5e60bc0ba,REISSUE - OWNER: FEMA ** Storm Damage ** 52 Martinique Ave (ACA),52 Martinique Ave,1,provisional_singleton
mp-582c99663b932312,PP:EARLY START - Aseptic Fill Line 18 & Aseptic Storage,8500 Hidden River Pkwy,1,provisional_singleton
mp-f28dc37221390a0b,08-29-25 KPI,4803 W Gandy Blvd,1,provisional_singleton
mp-34c37d2e3d23cd30,ACCELERATED: Affordable Housing,4307 N 30th St,1,provisional_singleton
mp-9afea0474a89e2ea,Exterior Storm Damage Repair,314 W Columbus Dr,1,provisional_singleton
mp-e29cb5d81952c9b4,07-04-25 KPI,2223 N West Shore Blvd,1,provisional_singleton
mp-f1c3b8b397b5ee6f,Facilitated Project,4100 George J Bean Pkwy,1,provisional_singleton
mp-2bac072f9dfbcf47,07/16/25 KPI,85 Martinique Ave,1,provisional_singleton
mp-739c50d0792b937f,08-01-25 KPI,4730 W Wallace Ave,1,provisional_singleton
mp-ac69d80aa36fb454,OWNER: Storm Damage/ Alterations,10947 N Boulevard,1,provisional_singleton
mp-f4b2ec2097afe188,ATF: Change of use & occupancy Unit C,4402 W Crest Ave,1,provisional_singleton
mp-ff4038dbd4358671,12-05-25 KPI,4212 W Kennedy Blvd,1,provisional_singleton
mp-1f78f337739fed9b,10-17-25 KPI,2707 E Palifox St,1,provisional_singleton
mp-6c7c9efac70151d8,Re-issued FEMA: PP: Interior reno and elevator,2918 W Bayshore Ct,1,provisional_singleton
mp-1c38761036f50214,FEMA: Lift house above flood elevation,2625 N Dundee St,1,provisional_singleton
mp-f76abc21d51cac32,PP: Alterations: Interior: Unit 1405,4939 E Busch Blvd,1,provisional_singleton
mp-45cc4ec6f20ca5c7,Garage door conversion,2516 W Morrison Ave,1,provisional_singleton
mp-650c916e73beb706,"REISSUE - TIA PROJECT: Replace PARCS Equipment - Short Term Parking Garage Entry Plaza, East & West Quad Deck and Short Term Parking Garage",4100 George J Bean Pkwy,1,provisional_singleton
mp-6c428eafa4a48a0f,"TIA PROJECT: Replace PARCS Equipment - Long Term Parking Garage Entry Plaza, Long Term Parking Garage Recirculation Entry Plaza, Long Term & Short Term Parking Garages Exit Plaza and Long Term Parkin",4000 George J Bean Pkwy,1,provisional_singleton
mp-1dfc15a313df3138,"TIA Project: Replace PARCS Equpment - Economy Parking Garage Entry Plaza, Economy Parking-Exit Plaza and Economy Parking Garage",5601 Airport Service Rd,1,provisional_singleton
mp-3b41930c10c2f43d,ATF CMP-25-0009063 3417 W McKay Ave (ACA),3417 W McKay Ave,1,provisional_singleton
mp-e70d86bc6c188bdb,PP: Interior alterations / exterior pavers,604 W Azeele St,1,provisional_singleton
mp-391d971fccafec38,410 S Sterling Ave (ACA),410 S Sterling Ave,1,provisional_singleton
mp-2824bb7817c2fc02,12-29-25 KPI,2502 W Hillsborough Ave,1,provisional_singleton
mp-2feaf0130eaba9c0,10-16-25 KPI Facilitated Project,4100 George J Bean Pkwy,1,provisional_singleton
mp-9fa290731567e40f,"FEMA /Replacing windows and door, adding a bathroom to the master bedroom",4409 W Wyoming Ave,1,provisional_singleton
mp-6c8a66dc88dd7733,THRESHOLD: EARLY START - Exterior Repairs,2117 W Dekle Ave,1,provisional_singleton
mp-80e6dde3149cfcd6,12-02-25 KPI,3006 E Ellicott St,1,provisional_singleton
mp-f8e810f120d3e0fd,***OWNER**Interior Alterations,1706 Marvy Ave,1,provisional_singleton
mp-5964b186434134cb,Expedited Project,3006 W Angeles St,1,provisional_singleton
mp-dd8c5076fa365b8f,REISSUE - Alterations: Interior,1820 E Sitka St,1,provisional_singleton
mp-4e45d865d535e217,Fire damage repairs,1023 E Broad St,1,provisional_singleton
mp-e377e2f9cfedaca1,09-16-25 KPI,3101 W Dr Martin Luther King Jr Blvd,1,provisional_singleton
mp-e1c2205e63f42cff,ATF CMP-25-0010950,3810 N Clearfield Ave,1,provisional_singleton
mp-8e5b9ac1c8639e4a,09-17-25 KPI,7627 W Courtney Campbell Cswy,1,provisional_singleton
mp-c707a38b57aa68f1,ATF Violation -CMP-24-0015639,1210 Holmes Ave,1,provisional_singleton
mp-f18a8e8e21a6794e,SEC: Threshold: 1st flr: St Joseph Hospital/Conversion of Endoscopy/RTU,3001 W Dr Martin Luther King Jr Blvd,1,provisional_singleton
mp-74226a466662b12d,09-24-25 KPI,9309 N Florida Ave,1,provisional_singleton
mp-4e28f329bec53785,Covert Garage into Living Space,11333 N Oakleaf Ave,1,provisional_singleton
mp-1e581e98619be127,12-10-25 KPI,3401 S West Shore Blvd,1,provisional_singleton
mp-97b1e9b6284ab1ca,SEC: FEMA: PP: Thres: TGH Hybrid Operating Room,1 Tampa General Cir,1,provisional_singleton
mp-748c62b97339505e,ACCELERATED: AFFORDABLE HOUSING,1404 E Chilkoot Ave,1,provisional_singleton
mp-0136fa9fcc89da91,Change of Use: La Vita Grill & Cafe includes Arch and MEPs.,2701 E Fowler Ave,1,provisional_singleton
mp-e824d61a9da3546f,PP: FEMA: Interior ALT- 5TH Floor,2909 W Bay To Bay Blvd,1,provisional_singleton
mp-cb5e53b6e094b409,Adding a bay window,916 E 11th Ave,1,provisional_singleton
mp-ca67b7cfee5785bc,FEMA: Interior Alterations,4708 W Lawn Ave,1,provisional_singleton
mp-1351e4ce750ff498,Interior ALT,3506 W Santiago St,1,provisional_singleton
mp-c5eceff2d6972ba5,OWNER- Fire Damage Repairs & Roof Replacement,1704 E 15th Ave,1,provisional_singleton
mp-a2543231ffe873bf,Boiler Equipment - TGH,5802 N 30th St,1,provisional_singleton
mp-6fa164085dd76e3d,Int/Ext - Drywall and Electrical,2304 N Florida Ave,1,provisional_singleton
mp-a2d6e52d8671adc7,FEMA: Outdoor Kitchen,4734 W Leila Ave,1,provisional_singleton
mp-7018d95149a484fa,AFT-Change of Use to a Daycare - CMP-25-0015888 - Little Blue Bees,809 W Waters Ave,1,provisional_singleton
mp-dcab28c97b43fdf0,Plant Floor Adding Ice Machine w/electrical,4314 W Pearl Ave,1,provisional_singleton
mp-28019c22263ef264,12-09-25 KPI,17 Davis Blvd,1,provisional_singleton
mp-3b3890484d2e94b7,12-12-25 KPI,4100 George J Bean Pkwy,1,provisional_singleton
mp-d10d88c9ca6bb6b5,Pool Pavilion with Outdoor Grill Area,4108 W Santiago St,1,provisional_singleton
mp-45b8ec6f990591d0,OWNER New concrete slab/door and Window,2302 W Rio Vista Ave,1,provisional_singleton
mp-7e7d3e568eef8021,FEMA: Interior / Exterior Repairs - The Art Center,705 W Swann Ave,1,provisional_singleton
mp-d0392dedf4c16452,Suite A&B-CMP-22-0003820 Change of Use - MEPs,5016 N Coolidge Ave,1,provisional_singleton
mp-2741540924d31cf1,SEC: FEMA: PP: WH 209 repairs,2802 Guy N Verger Blvd,1,provisional_singleton
mp-174d698b79146227,12-18-25 KPI,5020 N Coolidge Ave,1,provisional_singleton
mp-90ac92e86c9fab24,01-05-26 KPI,5126 E 10th Ave,1,provisional_singleton
mp-236b820bf79643a5,FEMA: PP THRESHOLD: Int. ALT-Hotel Tampa Riverwalk: Guestroom/Corridors,200 N Ashley Dr,1,provisional_singleton
mp-ebff9affd9bdec35,FEMA: PP: THRESHOLD: Hotel Tampa Riverwalk ground floor: Interior/Exterior ALT,200 N Ashley Dr,1,provisional_singleton
mp-1842627d9e2c4adc,"FEMA Install washer/Dryer ##2 UNITS 214, 218 &222",15501 Bruce B Downs Blvd,1,provisional_singleton
mp-b7f9eedffa74e0a3,New composite deck and outdoor kitchen,720 S Delaware Ave,1,provisional_singleton
mp-69296356791db2e2,"FEMA Install washer/dryer #3 Units 304, 308 &312",15501 Bruce B Downs Blvd,1,provisional_singleton
mp-aaaac2a443ab37cf,"FEMA Install washer/dryer ##3 Units313,317 &321",15501 Bruce B Downs Blvd,1,provisional_singleton
mp-6f3bc31ae3dc5a9a,outdoor kitchen: Extend Patio slab,3401 W Cass St,1,provisional_singleton
mp-ef07ae6e1b000bed,"FEMA Install washer & Dryer ##19UNITS 1902,1906 &1910",15501 Bruce B Downs Blvd,1,provisional_singleton
mp-f8a422379f7c7b7b,Interior ALT,1404 E 24th Ave,1,provisional_singleton
mp-7218fdceaa5f72d4,Expedited Project,4219 E Emma St,1,provisional_singleton
mp-4b2b282863f09bb9,FEMA : Wine Storage Room,1616 Culbreath Isles Dr,1,provisional_singleton
mp-d55a748065cf3894,FEMA: PP: Car Wash - Interior & Exterior including MEPs,17501 North Palms Village Pl,1,provisional_singleton
mp-25c201cd7fb5c185,Accelerated Project,3610 E Dr Martin Luther King Jr Blvd,1,provisional_singleton
mp-2a4654de068988e0,THRESHOLD: Framing and Concrete Repairs to Walkway,936 S Howard Ave,1,provisional_singleton
mp-37185357a69ae028,Interior ALT Suite 201 ( Aids Healthcare center and Pharmacy),4700 N Habana Ave,1,provisional_singleton
mp-7c537b0cca1e7987,FEMA: PP: Suite 200 Interior ALT (BMG Primary Care),20610 Bruce B Downs Blvd,1,provisional_singleton
mp-3692b3787ed52030,FEMA:PP:Interior Alterations - Tub to shower conversion,2611 Bayshore Blvd,1,provisional_singleton
mp-5415b258b0fc64c3,"THRESH: PP: Alterations: Interior/Exterior - Marina Club Building L NO EMP, FA,FP",2424 W Tampa Bay Blvd,1,provisional_singleton
mp-dc72cc552c221911,Expedited Project,2910 W Barcelona St,1,provisional_singleton
mp-cad240d8894f8fa3,FEMA; PP:: Interior ALT (Mango Space Coworking),1101 N Ward St,1,provisional_singleton
mp-10f1b1b2955042c2,Exterior ALT,3924 W Palmira Ave,1,provisional_singleton
mp-cd37f9b6a3a22fd4,new low pitch shed roof,1310 E Osborne Ave,1,provisional_singleton
mp-4d595bee33ee7f9f,FEMA: PP: Interior ALT,482 Itasca Ave,1,provisional_singleton
mp-8cfeeda4ed6fbbfb,PP: Alterations: Interior: Desi Indian Restaurant,1811 E Fowler Ave,1,provisional_singleton
mp-ae2ce6e34b8bb4c7,FEMA: Indoor Spa/Cold Plunge-Indy Park Indoor Spa's,5100 Memorial Hwy,1,provisional_singleton
mp-3f68eda3d32f19c4,PP: Change of Use/Occupancy: BLD A Unit 105: V-Tampa Restaurant,202 N Rome Ave,1,provisional_singleton
mp-84e945c12ed504b4,Outdoor Kitchen,3108 W Cherokee Ave,1,provisional_singleton
mp-12cafa402be9720d,Interior/Exterior: Fire Damage Repair,806 E Baker St,1,provisional_singleton
mp-50cf28f558c04cb8,Accelerated Project,4012 N 39th St,1,provisional_singleton
mp-4828d103b2cc60c3,Fema: Adding bathroom to existing,7609 S Shamrock Rd,1,provisional_singleton
mp-d5908123197ebcdc,Accelerated Project,2714 N 33rd St,1,provisional_singleton
mp-0016ef70b6eea01e,Expedited Project,5502 N 43rd St,1,provisional_singleton
mp-82150eb76f25678c,FEMA: Interior ALT,4502 S Grady Ave,1,provisional_singleton
mp-cb02341474b0c0e5,Accelerated Project,3306 E Wilder Ave,1,provisional_singleton
mp-e9ea8a901e1eae41,PP: Joist Replacement,1002 S Frankland Rd,1,provisional_singleton
mp-974df0db5f5fc0ce,ATF - CMP-26-0001511 - Interor and exterior alteration3511 N 12th St (ACA),3511 N 12th St,1,provisional_singleton
mp-b0db679e4d55cf34,PP: Change of Use/Occupancy: Pharmacy to Freestanding ED (BayCare FSED),102 S Dale Mabry Hwy,1,provisional_singleton
mp-644b366743253423,Alterations: Interior-TGH Virginia Avenue Clinic,2809 W Virginia Ave,1,provisional_singleton
mp-5866d6f1a709ddfd,Facilitated Project,4101 Jim Walter Blvd,1,provisional_singleton
mp-a42eb1b3aa7af27a,Fire Damage / Repair,911 W Virginia Ave,1,provisional_singleton
mp-ae861e8ce1f9b5ff,"FEMA - Owner: Plumbing – Kitchen, Bathroom, Laundry, and Water Heater Systems",603 Fathom Ct,1,provisional_singleton
mp-d0c025f96137c9ae,FEMA: Fire Damage repairs,4108 W Lawn Ave,1,provisional_singleton
mp-f81e67af675f2041,FEMA:Window replacement and lintel installation,1714 W Saint Isabel St,1,provisional_singleton
mp-bebad613318931aa,FEMA: Outdoor kitchen with a composite deck and turf,28 Aegean Ave,1,provisional_singleton
mp-201ba9f51a58aaee,SEC: Unit 231- Temp Store,2223 N West Shore Blvd,1,provisional_singleton
mp-dfd13ac2f7d8d0ba,Accelerated Project,6417 N 41st St,1,provisional_singleton
mp-4c33916affb89161,Replacing Interior wall and post beams,709 W Azeele St,1,provisional_singleton
mp-d52eb865f3c9b3f6,Interior ALT,1008 W Banister Ave,1,provisional_singleton
mp-e43c267dd874c30b,"PP: Interior Alterations - Dr. Matt Robison, DDS",1203 Ray Charles Blvd,1,provisional_singleton
mp-fc94bfce9aacc560,Accelerated Project,6703 N 31st St,1,provisional_singleton
mp-b069731e90c8a2bb,ATF Violation -CMP-25-0014601,1322 W Hiawatha St,1,provisional_singleton
mp-83e23f7578d7d20d,Accelerated Project,1909 E North Bay St,1,provisional_singleton
mp-f640265794f22c91,PP: Detached garage ALT,2713 W Fountain Blvd,1,provisional_singleton
mp-4a20c41b34cab5af,EARLY START - Interior Reno - La Victoria Mexican Restaurant- MEPs and Fire,105 W Tyler St,1,provisional_singleton
mp-ca36f85bd02e083e,Interior ALT,9415 N 22nd St,1,provisional_singleton
mp-f3e1f46694b7099a,Interior ALT,8706 Hidden Green Ln,1,provisional_singleton
mp-9b9d1b84690bd535,FEMA: Plumbing repair,4736 W Leila Ave,1,provisional_singleton
mp-4ede9b037d896276,Interior ALT,1804 E Annie St,1,provisional_singleton
mp-5f452b21eec4972c,"Owner / Hvac, rewire and drywall",1603 E River Cove St,1,provisional_singleton
mp-b865bde8cdff1af5,Unit E Electrical Rewire and window like for like,4422 N Hale Ave,1,provisional_singleton
mp-5bdf14a25c280af4,Accelerated Project,4117 W Mango Ave,1,provisional_singleton
mp-aae431c07dfd168b,Expedited Project,4212 W Wisconsin Ave,1,provisional_singleton
mp-72ad8fe486269d46,Repair / Replace Structural Wall,205 E Park Ave,1,provisional_singleton
mp-6436e085262523e7,Accelerated Project,4807 N 13th St,1,provisional_singleton
mp-1b51aed6b3012872,SEC: FEMA: THRESHOLD: Dehumidification System,401 Channelside Dr,1,provisional_singleton
mp-04971beef4e2b688,FEMA: PP: Interior reno,959 Harbour Bay Dr,1,provisional_singleton
mp-4240bab5cb9b0152,Threshold: PP: Midtown: Change of Use/Occupancy: Fit-out: The Shade Store-Ste D200,1120 Gramercy Ln,1,provisional_singleton
mp-7a978c1d5fe12346,Expedited Project,216 Columbia Dr,1,provisional_singleton
mp-b1a106948cbf1be9,COT: Change of Use/Occupancy: Guida House Project,1516 N Renfrew St,1,provisional_singleton
mp-56624f6e35a261e4,outdoor kitchen,10511 Martinique Isle Dr,1,provisional_singleton
mp-1aa6f665db006f5f,PP: Interior ALT,2116 W Erna Dr,1,provisional_singleton
mp-86ff31b2a9bad9fb,Plumbing Repair,4121 W Fig St,1,provisional_singleton
mp-8b36201add1e601b,AB Special Use 1 - Standard,223 S Howard Ave,1,provisional_singleton
mp-08d8a422a45d0083,AB Special Use 1 - Standard,3904 Britton Plz,1,provisional_singleton
mp-f20f5606cfbdb66d,AB Special Use 2,2832 S MacDill Ave,1,provisional_singleton
mp-b7ee141239f4f713,AB Special Use 2,3907 W Dr Martin Luther King Jr Blvd,1,provisional_singleton
mp-9fcd6e8b7b9906af,AB Special Use 2,6203 N Florida Ave,1,provisional_singleton
mp-3dc32c6e60815962,AB Special Use 2,5804 E Columbus Dr,1,provisional_singleton
mp-195cb3c92773ceef,AB Special Use 2,1601 N Franklin St,1,provisional_singleton
mp-733646dc5baaef87,AB Special Use 2,6207 S Dale Mabry Hwy,1,provisional_singleton
mp-10768124d4c2d3b0,AB Special Use 2,210 E Fowler Ave,1,provisional_singleton
mp-91d3d411b073f712,AB Special Use 2,1018 E Cass St,1,provisional_singleton
mp-18d1edbbb58beab7,AB Special Use 2,10418 N Florida Ave,1,provisional_singleton
mp-e7c39cc84c9c8a9f,Design Exception 1,2106 N Jefferson St,1,provisional_singleton
mp-3cebb8bb5e25544a,Design Exception 1,1125 W Arch St,1,provisional_singleton
mp-7706b3e0c3d9e209,Design Exception 1,2602 E 29th Ave,1,provisional_singleton
mp-fa7ca6d87ff9a578,Design Exception 1,3208 E Dr Martin Luther King Jr Blvd,1,provisional_singleton
mp-af1c966c98319de7,Design Exception 1,3103 Holmes St,1,provisional_singleton
mp-a96f56793e523114,Design Exception 1,7201 N 15th St,1,provisional_singleton
mp-f2de05c4b64c6614,Design Exception 1,1733 E Hillsborough Ave,1,provisional_singleton
mp-415f09b2e75dc970,Design Exception 1,3508 S Manhattan Ave,1,provisional_singleton
mp-ac502bffff84c588,Design Exception 1,7309 N Taliaferro Ave,1,provisional_singleton
mp-fa9afb9d9d81715c,Design Exception 1,1917 W Kennedy Blvd,1,provisional_singleton
mp-ef10a244dad8ee1f,Design Exception 1,1304 N 17th St,1,provisional_singleton
mp-6db0dc10a4ad45de,Design Exception 1,4700 N Nebraska Ave,1,provisional_singleton
mp-1ceeed6429e82509,Design Exception 1,1902 W State St,1,provisional_singleton
mp-28b486a081f2fc43,Design Exception 1,101 E Kennedy Blvd,1,provisional_singleton
mp-3703c8b8cf085df7,Design Exception 1,3517 E 27th Ave,1,provisional_singleton
mp-f9c31dcb166a7950,Design Exception 1,3908 W Hillsborough Ave,1,provisional_singleton
mp-df18828654e5292a,Design Exception 1,3639 S Manhattan Ave,1,provisional_singleton
mp-9bce7582d0f5ac2d,Design Exception 1,2618 W Saint John St,1,provisional_singleton
mp-dbfea498573a79c4,Design Exception 1,10824 N Nebraska Ave,1,provisional_singleton
mp-905f406805517f12,Design Exception 1,3223 W Barcelona St,1,provisional_singleton
mp-fd5e6faf0424a133,Design Exception 1,1220 Scott St,1,provisional_singleton
mp-d1160f1830a10ed5,Design Exception 1,4902 E Whiteway Dr,1,provisional_singleton
mp-68658af460bd2eae,Design Exception 1,1216 E Park Cir,1,provisional_singleton
mp-e59d4d69ea3b0aa0,Design Exception 1,4017 S Trask St,1,provisional_singleton
mp-2d72eb873b7bc9a3,Design Exception 1,5804 E Columbus Dr,1,provisional_singleton
mp-82cd7b1481bf76aa,Design Exception 1,1413 E Park Cir,1,provisional_singleton
mp-36def7e806e9e147,Design Exception 1,2008 E Hanna Ave,1,provisional_singleton
mp-86968c2883470c7f,Design Exception 1,1525 E Lake Ave,1,provisional_singleton
mp-e701b9c427f54de5,Design Exception 1,1520 Rodney St,1,provisional_singleton
mp-41c226fcda92ef51,Design Exception 1,1405 E Dr Martin Luther King Jr Blvd,1,provisional_singleton
mp-6134ac6cd070ec64,Design Exception 1,1307 N MacDill Ave,1,provisional_singleton
mp-69fb5d04c39b36b6,Design Exception 1,1301 W Cass St,1,provisional_singleton
mp-c725252c055c2459,Design Exception 1,4215 E 97th Ave,1,provisional_singleton
mp-045ee80bafb8164d,Design Exception 1,20590 Bruce B Downs Blvd,1,provisional_singleton
mp-ad5b934d157c0503,Design Exception 2,2812 N Munro St,1,provisional_singleton
mp-a435c69aba43c9ed,Design Exception 2,2812 N Munro St,1,provisional_singleton
mp-e89f2cc608c7f56a,Design Exception 2,5105 W Cleveland St,1,provisional_singleton
mp-eef59bf9d3db2933,Design Exception 2,3710 N Ridge Ave,1,provisional_singleton
mp-70a1574a3fb360d8,Design Exception 2,2312 W Grace St,1,provisional_singleton
mp-55fc04b42cdb5d7c,Design Exception 2,4311 W Gray St,1,provisional_singleton
mp-3ddeeee0591b766f,Design Exception 2,35 W Spanish Main St,1,provisional_singleton
mp-6f1bbb7b6e9dd4be,Design Exception 2,107 E Davis Blvd,1,provisional_singleton
mp-f9cb6b35200b6dab,Formal Decision,709 E Crenshaw St,1,provisional_singleton
mp-5ba046f80887539f,Formal Decision,1203 E Dr Martin Luther King Jr Blvd,1,provisional_singleton
mp-0c3fa96aa35e6c4c,Formal Decision,1717 W Arch St,1,provisional_singleton
mp-89c9488cf66196af,Formal Decision,2412 Marconi St,1,provisional_singleton
mp-042a96b3dcc21565,Formal Decision,2310 N Elcoe Dr,1,provisional_singleton
mp-91d0420718497aea,Formal Decision,201 N Dale Mabry Hwy,1,provisional_singleton
mp-24d5f8ea72d3e18e,Formal Decision,1105 W Indiana Ave,1,provisional_singleton
mp-0111369d66dec23a,Formal Decision,3810 W Vasconia St,1,provisional_singleton
mp-a96bd5e77f770578,Formal Decision,801 E Hollywood St,1,provisional_singleton
mp-14e5fc6e27bbac14,Formal Decision,1807 N Mitchell Ave,1,provisional_singleton
mp-09d51e4a5a5874cf,Formal Decision,9415 N Rome Cir,1,provisional_singleton
mp-0c2f276dcb85066a,Formal Decision,2112 W Dr Martin Luther King Jr Blvd,1,provisional_singleton
mp-daa9cfbe54839cd4,Formal Decision,3410 W Nassau St,1,provisional_singleton
mp-c610dac0e2032fe8,Formal Decision,108 S Delaware Ave,1,provisional_singleton
mp-3006f7654d8e41c0,Formal Decision,4805 N Manhattan Ave,1,provisional_singleton
mp-0c4c491a4444bc2a,Formal Decision,1715 W Overpar Dr,1,provisional_singleton
mp-c3703f344ef6eac9,Formal Decision,1008 W River Heights Ave,1,provisional_singleton
mp-08d5fbd93585bc73,Formal Decision,2011 E Mulberry Dr,1,provisional_singleton
mp-481f197c2e74f70a,Formal Decision,506 W Alva St,1,provisional_singleton
mp-22366771b0515d8f,Formal Decision,119 Adriatic Ave,1,provisional_singleton
mp-131e77dedf21ffc1,General Land Use,3917 N Nebraska Ave,1,provisional_singleton
mp-5e630d0012610da3,General Land Use,3710 N 40th St,1,provisional_singleton
mp-fbb3fe6aec890862,General Land Use,2706 W Chestnut St,1,provisional_singleton
mp-0e222341cfd35f7b,General Land Use,4908 W Price Ave,1,provisional_singleton
mp-0f9e618efb84a73f,General Land Use,800 S Harbour Island Blvd,1,provisional_singleton
mp-d35c6f2cb78a9307,General Land Use,3812 Temple St,1,provisional_singleton
mp-1ae537c2a6930536,General Land Use,1726 W Main St,1,provisional_singleton
mp-bfa80ec927def25d,General Land Use,5409 N Paddock Ave,1,provisional_singleton
mp-ed4cd073bf96e1c9,General Land Use,5411 N Paddock Ave,1,provisional_singleton
mp-d80438dbb75f7973,General Land Use,202 N Morgan St,1,provisional_singleton
mp-2a22fbbd0d33ca1c,General Land Use,6661 N 24th St,1,provisional_singleton
mp-84caea94fe410ee3,General Land Use,18205 Crane Nest Dr,1,provisional_singleton
mp-e4bffde54b706f17,General Land Use,3432 W Beach St,1,provisional_singleton
mp-9e1db3ce37f1aebf,General Land Use,307 N Westland Ave,1,provisional_singleton
mp-4f5e66e64d710d95,General Land Use,3620 Temple St,1,provisional_singleton
mp-b72fb7d816767afa,General Land Use,2704 W Palmetto St,1,provisional_singleton
mp-dd4d733244ad13c8,General Land Use,4402 W Lancaster St,1,provisional_singleton
mp-326a4c789f41b55a,General Land Use,6807 S Manhattan Ave,1,provisional_singleton
mp-95fe0367d797fc29,General Land Use,3408 W Grace St,1,provisional_singleton
mp-7757128272e865cc,General Land Use,1314 W State St,1,provisional_singleton
mp-b50ecf6c1c904753,Rezoning,3101 N Florida Ave,1,provisional_singleton
mp-ed8d14ce8966dbac,Rezoning,915 E 23rd Ave,1,provisional_singleton
mp-a97521f4b8d8ce79,Rezoning,3407 W Kennedy Blvd,1,provisional_singleton
mp-99a06be1059329e2,Rezoning,7700 W Courtney Campbell Cswy,1,provisional_singleton
mp-4250ddbbc6948553,Rezoning,2111 E Busch Blvd,1,provisional_singleton
mp-0b4c99c4efd14be7,Rezoning,1704 W North B St,1,provisional_singleton
mp-ce3f5065925439c7,Rezoning,1732 W Saint Louis St,1,provisional_singleton
mp-0184f2c7234acd5b,Rezoning,1350 S Howard Ave,1,provisional_singleton
mp-3fb36399024cab05,Rezoning,4710 W McElroy Ave,1,provisional_singleton
mp-32cb72e1caf27682,Rezoning,2522 W Kennedy Blvd,1,provisional_singleton
mp-892b98650c1dfa4a,Rezoning,1220 Scott St,1,provisional_singleton
mp-af59bc1dee6c66f1,Rezoning,2101 W Kennedy Blvd,1,provisional_singleton
mp-3cfd9204cc542338,Rezoning,4400 W Boy Scout Blvd,1,provisional_singleton
mp-1cc2908ca241e52c,Rezoning,2306 N Boulevard,1,provisional_singleton
mp-57eda15d90d98142,Rezoning,1506 N Morgan St,1,provisional_singleton
mp-29a2814e7356a0c8,Rezoning,1301 E Columbus Dr,1,provisional_singleton
mp-90f5aa50e294d423,Rezoning,2722 W Chestnut St,1,provisional_singleton
mp-d56282f7a060590d,Rezoning,4208 W Bay To Bay Blvd,1,provisional_singleton
mp-8c8ccc8328a6ad35,Rezoning,2701 E 2nd Ave,1,provisional_singleton
mp-fb793553f888a9bb,Rezoning,5024 N 30th St,1,provisional_singleton
mp-bb96e21b995455d5,Rezoning,6734 S West Shore Blvd,1,provisional_singleton
mp-3439658f8b7e2a24,Rezoning,2408 Stuart St,1,provisional_singleton
mp-9d8a5e39253f98bd,Rezoning,1701 N Florida Ave,1,provisional_singleton
mp-0852490ba0babd73,Rezoning,11607 N Florida Ave,1,provisional_singleton
mp-aacead7541368923,Rezoning,4014 W Dr Martin Luther King Jr Blvd,1,provisional_singleton
mp-6555614bfeb9e6fb,Rezoning,9710 N Armenia Ave,1,provisional_singleton
mp-f2d87a45edd9bfee,Rezoning,2704 W Azeele St,1,provisional_singleton
mp-a97bd9d4d4354402,Rezoning,107 N Armenia Ave,1,provisional_singleton
mp-28ac443ef654641a,Rezoning,1715 W Overpar Dr,1,provisional_singleton
mp-6eb05f9740e8f520,Rezoning,6111 N Rome Ave,1,provisional_singleton
mp-6ced2d6005a474ee,Rezoning,1605 Waters Ct,1,provisional_singleton
mp-b8e03c1d3001f3ab,Rezoning,205 S Fremont Ave,1,provisional_singleton
mp-bed1bfbb703ed5d8,Rezoning,5600 Mariner St,1,provisional_singleton
mp-f8c6cf0a38f0bd7d,Rezoning,2115 W Saint John St,1,provisional_singleton
mp-c378fc316a50a69c,Rezoning,6206 S 6th St,1,provisional_singleton
mp-e76d1ae450096e7d,Rezoning,4911 E 10th Ave,1,provisional_singleton
mp-a5467afe6d44a21e,Rezoning,2910 E Clark St,1,provisional_singleton
mp-ae626ca3b5cb7409,Rezoning,2018 Grant St,1,provisional_singleton
mp-63f3ee383bcacc67,Rezoning,107 W Virginia Ave,1,provisional_singleton
mp-dc008080b90bbc82,Rezoning,2522 N 55th St,1,provisional_singleton
mp-443a3af27636490c,Rezoning,1010 W Hillsborough Ave,1,provisional_singleton
mp-5ae53194452d6380,Rezoning,2009 N Armenia Ave,1,provisional_singleton
mp-491c4442353235e8,Rezoning,5250 E Broadway Ave,1,provisional_singleton
mp-83cb32aee0b81ee6,Rezoning,109 W Amelia Ave,1,provisional_singleton
mp-29a89c942ed33f51,Rezoning,4001 N Riverside Dr,1,provisional_singleton
mp-7e550e722f2438c5,Rezoning,3209 N 22nd St,1,provisional_singleton
mp-2d9f461df12a9462,Rezoning,1206 Holmes Ave,1,provisional_singleton
mp-499e40705da2cc56,Rezoning,620 W Dr Martin Luther King Jr Blvd,1,provisional_singleton
mp-7c2ae8137091bed8,Rezoning,2423 E Ida St,1,provisional_singleton
mp-dda13030d6387593,Rezoning,405 N Armenia Ave,1,provisional_singleton
mp-9a2d44ab050b058a,Rezoning,5400 S West Shore Blvd,1,provisional_singleton
mp-87f26f9360e21f12,Rezoning,2202 W Kennedy Blvd,1,provisional_singleton
mp-c8de6c60ff7f6720,Rezoning,2101 W Hillsborough Ave,1,provisional_singleton
mp-40d256666644e1a4,Rezoning,202 S Dale Mabry Hwy,1,provisional_singleton
mp-448ecf5e1d996a5c,Rezoning,6307 N Nebraska Ave,1,provisional_singleton
mp-14aaa32c2131e5ad,Rezoning,1302 W Swann Ave,1,provisional_singleton
mp-4c42c974c233683f,Rezoning,2139 W Saint Conrad St,1,provisional_singleton
mp-e8b0b49865c6eb88,Rezoning,8878 N Florida Ave,1,provisional_singleton
mp-cedbed214f7879c8,Rezoning,3108 W Empedrado St,1,provisional_singleton
mp-ffc36707aae1e238,Rezoning,2916 W Angeles St,1,provisional_singleton
mp-ce955a474e46d33f,Rezoning,3610 Temple St,1,provisional_singleton
mp-b8d6206cfa7b6046,Rezoning,9306 N Armenia Ave,1,provisional_singleton
mp-1fa8212d2a4a951e,Rezoning,1808 N Mitchell Ave,1,provisional_singleton
mp-dbc8dd48ebfec40e,Rezoning,1728 E 2nd Ave,1,provisional_singleton
mp-4ba6a2f647210e11,Rezoning,1801 N Manhattan Ave,1,provisional_singleton
mp-5595d8fcd65166d4,Rezoning,2706 N 12th St,1,provisional_singleton
mp-48dd20fe582251e9,Rezoning,2055 N Dale Mabry Hwy,1,provisional_singleton
mp-3545a1c26a08ad4e,Rezoning,20610 Bruce B Downs Blvd,1,provisional_singleton
mp-04d37f91041e1f1b,Rezoning,1313 W Arch St,1,provisional_singleton
mp-bf25f18eea3ef434,Rezoning,1303 W La Salle St,1,provisional_singleton
mp-a86ed1c325aa1d33,Rezoning,4801 E Fowler Ave,1,provisional_singleton
mp-c00a0f2ffe56146f,Rezoning,4507 W Gray St,1,provisional_singleton
mp-31225d486e43dcae,Rezoning,1710 N Tampa St,1,provisional_singleton
mp-574fd74b37f7bdac,Rezoning,4203 N 25th St,1,provisional_singleton
mp-d2421c0a531029a0,Rezoning,2502 W Kansas Ave,1,provisional_singleton
mp-438fd53892da1d27,Rezoning,404 W Columbus Dr,1,provisional_singleton
mp-d0db68376ad565c9,Rezoning,2001 W Kennedy Blvd,1,provisional_singleton
mp-9da7f977d8244e26,Rezoning,4324 E Grove View Ave,1,provisional_singleton
mp-25deea672e83c0c1,Rezoning,253 N West Shore Blvd,1,provisional_singleton
mp-dc5728e29c8df314,Rezoning,319 Bayshore Blvd,1,provisional_singleton
mp-ab0fe479439ffe63,Rezoning,2511 W Nassau St,1,provisional_singleton
mp-2bf219a887264a15,Rezoning,2707 W Saint Joseph St,1,provisional_singleton
mp-d80c2e5c72ce88af,Special Use 1 - General,1719 W Carmen St,1,provisional_singleton
mp-13cb3d545b98225b,Special Use 1 - General,7709 N Ola Ave,1,provisional_singleton
mp-6cdec68cc14053c5,Special Use 1 - General,905 E Annie St,1,provisional_singleton
mp-b1dca49382846b0b,Special Use 1 - General,4402 W Lancaster St,1,provisional_singleton
mp-2b915402dfc4c4cf,Special Use 1 - General,3043 N Florida Ave,1,provisional_singleton
mp-f322bcd8e184ba33,Special Use 1 - General,7203 N 11th St,1,provisional_singleton
mp-dd59fa763bd81061,Special Use 1 - General,3410 N 15th St,1,provisional_singleton
mp-1c2eb9377269d74b,Special Use 1 - General,3610 N 31st St,1,provisional_singleton
mp-d231cd7454183237,Special Use 1 - General,206 W Genesee St,1,provisional_singleton
mp-2cb733a29aac7ea3,Special Use 1 - General,322 W Giddens Ave,1,provisional_singleton
mp-750a85d8d12060f0,Special Use 1 - General,703 E Broad St,1,provisional_singleton
mp-b063babbcf42f83c,Special Use 1 - General,1913 E 21st Ave,1,provisional_singleton
mp-0b0045e646ddc11c,Special Use 1 - General,5119 W Grace St,1,provisional_singleton
mp-c2e3310862e5bd8b,Special Use 1 - General,207 E Ross Ave,1,provisional_singleton
mp-c1105eb975d1dd11,Temp Special Event,2511 E Columbus Dr,1,provisional_singleton
mp-fc87ec84103f0f0c,ROW Vacating,5402 W Tarpon St,1,provisional_singleton
mp-bf0168d8df79ff9d,ROW Vacating,1239 E Kennedy Blvd,1,provisional_singleton
mp-8a846d1e61701c98,ROW Vacating,2208 Saxon St,1,provisional_singleton
mp-40ea6171e684d1b6,ROW Vacating,3612 Garrison St,1,provisional_singleton
mp-2ae1f39673809e84,ROW Vacating,3203 W Cordelia St,1,provisional_singleton
mp-f5119888f0a21e21,ROW Vacating,1710 E 99th Ave,1,provisional_singleton
mp-5e5269e7bb201b2a,ROW Vacating,3407 E 9th Ave,1,provisional_singleton
mp-bb04e49d377c3df6,ROW Vacating,5821 S 2nd St,1,provisional_singleton
mp-a47e9d297249d9ee,ROW Vacating,801 E 26th Ave,1,provisional_singleton
mp-c38718715bc0cab6,ROW Vacating,3917 N Boulevard,1,provisional_singleton
mp-b6840ab6ac1c0873,ROW Vacating,2308 N 13th St,1,provisional_singleton
mp-4b549de92fa98fb9,ROW Vacating,2111 N Boulevard,1,provisional_singleton
mp-dd3fa22ad798f777,ROW Vacating,6430 N 43rd St,1,provisional_singleton
mp-8794a0e6b447c0c3,ROW Vacating,3902 W Wyoming Ave,1,provisional_singleton
mp-403f4a2fbceda6ac,ROW Vacating,5020 N 47th St,1,provisional_singleton
mp-56a5966a3f8d22e3,ROW Vacating,2301 E 7th Ave,1,provisional_singleton
mp-c13411984b91abe9,ROW Vacating,203 W Broad St,1,provisional_singleton
mp-1ac8c8f04dafb80c,ROW Vacating,9401 N 14th St,1,provisional_singleton
mp-b72c9f4b994ea264,ROW Vacating,210 W Beach Pl,1,provisional_singleton
mp-ccd5dd399294f8e7,ROW Vacating,830 W Kennedy Blvd,1,provisional_singleton
mp-71886996647ba293,ROW Vacating,2003 N 36th St,1,provisional_singleton
mp-7d1ca9c4e4095c4b,ROW Vacating,2602 E 4th Ave,1,provisional_singleton
mp-6324fe67dc3852e9,ROW Vacating,3101 N Nebraska Ave,1,provisional_singleton
mp-866f404025e8f96e,ROW Vacating,2512 W Palm Dr,1,provisional_singleton
mp-1d65e09e76d6cf48,ROW Vacating,5912 E Broadway Ave,1,provisional_singleton
mp-c69d4df78a423af0,ROW Vacating,113 W Ida St,1,provisional_singleton
mp-09b4e93f995e98b4,Variance Review Board,82 Adalia Ave,1,provisional_singleton
mp-a4674c3434694913,Variance Review Board,3106 W Price Ave,1,provisional_singleton
mp-5eeda1d86293e98f,Variance Review Board,4705 W Leona St,1,provisional_singleton
mp-7eb9437636a1d367,Variance Review Board,3906 W Swann Ave,1,provisional_singleton
mp-238c16ce69c2a7b5,Variance Review Board,3714 W Obispo St,1,provisional_singleton
mp-bf50a6687026e42a,Variance Review Board,4305 E Frierson Ave,1,provisional_singleton
mp-a5bb31a012593018,Variance Review Board,3521 Regent Park,1,provisional_singleton
mp-caa635d38922c219,Variance Review Board,3501 S Drexel Ave,1,provisional_singleton
mp-9755f0d895f5f7dc,Variance Review Board,3415 E Henry Ave,1,provisional_singleton
mp-66c3189fedd8ced5,Variance Review Board,5108 W Platt St,1,provisional_singleton
mp-39579594d6525796,Variance Review Board,1304 E Juneau St,1,provisional_singleton
mp-be76a37f133605c9,Variance Review Board,2208 W Morrison Ave,1,provisional_singleton
mp-133162184f07a7cb,Variance Review Board,406 W Columbus Dr,1,provisional_singleton
mp-b303315b3053ff2f,Variance Review Board,6501 N Nebraska Ave,1,provisional_singleton
mp-42fd472f9e499757,Variance Review Board,3324 W San Miguel St S,1,provisional_singleton
mp-f36317dc0d39df3e,Variance Review Board,4005 W Cleveland St,1,provisional_singleton
mp-2ee714b80ca68cba,Variance Review Board,2108 W Ivy St,1,provisional_singleton
mp-53c62da0238832e1,Variance Review Board,5832 Mariner St,1,provisional_singleton
mp-b68d3193187a79aa,Variance Review Board,4003 W Gray St,1,provisional_singleton
mp-ebd407a99e9ce43d,Variance Review Board,4132 W Gandy Blvd,1,provisional_singleton
mp-5fed20a61d4d639b,Variance Review Board,3013 Bayshore Pointe Dr,1,provisional_singleton
mp-5aed4671a62d77a9,Variance Review Board,3042 Pointeview Dr,1,provisional_singleton
mp-b3f65e6b6a3ee304,Variance Review Board,3319 Bayshore Blvd,1,provisional_singleton
mp-1a0153422f501290,Variance Review Board,1708 W Bedingfield Dr,1,provisional_singleton
mp-2328fab3035135f7,Variance Review Board,3028 W Palmetto St,1,provisional_singleton
mp-9ff83cb7fe5fb15b,Variance Review Board,2703 N Oakdale Ave,1,provisional_singleton
mp-dda483de64633873,Variance Review Board,4631 W Longfellow Ave,1,provisional_singleton
mp-7c7f61a7e6d1a10a,Variance Review Board,4510 W Azeele St,1,provisional_singleton
mp-4463e2dab7e8e65f,Variance Review Board,915 E Bird St,1,provisional_singleton
mp-d0cbc785d914d9a5,Variance Review Board,4821 W San Jose St,1,provisional_singleton
mp-949268973015e2d7,Variance Review Board,3916 W San Rafael St,1,provisional_singleton
mp-05f6b09d33038953,Variance Review Board,4402 W Lancaster St,1,provisional_singleton
mp-03e1d4733014ecf7,Variance Review Board,401 S Royal Poinciana Dr,1,provisional_singleton
mp-2fbeaed9db13f567,Variance Review Board,4801 W Longfellow Ave,1,provisional_singleton
mp-ba2712b2d671d76a,Variance Review Board,3639 S Manhattan Ave,1,provisional_singleton
mp-cfccd6916acdee8d,Variance Review Board,3624 Causeway Blvd,1,provisional_singleton
mp-5d15b55fe7efa5a3,Variance Review Board,4311 W South Ave,1,provisional_singleton
mp-72639e6fd7c025d7,Variance Review Board,4111 E Hanna Ave,1,provisional_singleton
mp-d4ef2ca2375a29a3,Variance Review Board,910 S Himes Ave,1,provisional_singleton
mp-994c03ed1f24990f,Variance Review Board,2307 W Barclay Rd,1,provisional_singleton
mp-04b5a23670817335,Variance Review Board,6661 N 24th St,1,provisional_singleton
mp-2f12e75735cae292,Variance Review Board,2130 W Saint Joseph St,1,provisional_singleton
mp-53878e02c51584b3,Variance Review Board,1810 W Sligh Ave,1,provisional_singleton
mp-53e9dfa0e30ee597,Variance Review Board,902 W Columbus Dr,1,provisional_singleton
mp-e6a4a3eb9d88d3a5,Variance Review Board,4408 W Price Ave,1,provisional_singleton
mp-1faafdb7c2666fda,Variance Review Board,5125 E Holland Ave,1,provisional_singleton
mp-b3ad1010c1885514,Variance Review Board,2715 Bayshore Blvd,1,provisional_singleton
mp-968840275a13050a,Variance Review Board,8514 Sandpiper Ridge Ave,1,provisional_singleton
mp-47620b12be26333f,Variance Review Board,404 E Davis Blvd,1,provisional_singleton
mp-29a897b921542ebf,Variance Review Board,10702 N Oregon Ave,1,provisional_singleton
mp-7b1bc1f4a7f3d0ed,Variance Review Board,4908 W Price Ave,1,provisional_singleton
mp-356064aecd5c88e7,Variance Review Board,2502 N Boulevard,1,provisional_singleton
mp-e4fd747a70c4cd48,Variance Review Board,5102 S Lois Ave,1,provisional_singleton
mp-45f78434d8da294c,Variance Review Board,4201 E 12th Ave,1,provisional_singleton
mp-2404ce7fbc9b7cd6,Variance Review Board,3812 Lakeshore Dr,1,provisional_singleton
mp-bfd693e778622912,CRA- DT Strategic Properties Partnership (SPP) Water Street Infrastructure Project,,1,provisional_singleton
mp-8bec584852d821ae,CRA- Property 3623 N 22nd Street AKA Gator Building,,1,provisional_singleton
mp-8fb51e1bfc25d775,CRA- ET Housing Development at 1102 E Curtis Street,,1,provisional_singleton
mp-87cb7e623827d062,CRA-ET East Palifox and East Osborne Ave Housing Development,,1,provisional_singleton
mp-1dcdc8c5eb46da59,CRA- DT Tampa Museum of Arts Project,,1,provisional_singleton
mp-0bedff311df10a42,CRA - DT Tampa Theater Renovations,,1,provisional_singleton
mp-805eb4815b13ce8e,Straz Performing Art Center Renovations,,1,provisional_singleton
mp-668e03991ca3e9df,CRA- DT Union Station Renovations,,1,provisional_singleton
mp-f05db0172ecd5bbf,Herman Massey Park Rehabilitation,,1,provisional_singleton
mp-721d70d7330e949c,Citywide Dock & Boardwalk Replacement - Davis Islands Seaplane Basin Mooring Field,,1,provisional_singleton
mp-ae32b0e9efba3deb,"Greenways, Trail & Gateway Sign - New Tampa Nature Park",,1,provisional_singleton
mp-5b3236551618ebf4,Rivercrest Park Boardwalk Renovation,,1,provisional_singleton
mp-78db75e110922b51,East Tampa Recreational Complex,,1,provisional_singleton
mp-642b94a0dd3c22cf,CRA-DP Neighborhood Park at Hubert Ave,,1,provisional_singleton
mp-19452288ef782e1d,"CRA-DP Landscape, Streetscape, and Safety Audit Improvement",,1,provisional_singleton
mp-afdd63ce998db22d,Gandy Park South and A. J. Palonis Park Improvements,,1,provisional_singleton
mp-7eb3d3a44d0c66ac,Purity Springs Restoration and Living Shoreline,,1,provisional_singleton
mp-41b54a4ea265dcc4,Rey Park Improvements,,1,provisional_singleton
mp-6c9f0ac6cf58db07,Salcines Park Improvements,,1,provisional_singleton
mp-08d096e902b3cd57,Athletic Field Lighting - Calvin Taylor Park,,1,provisional_singleton
mp-99c39171b75a871c,Athletic Field Lighting - Gadsden Park Softball,,1,provisional_singleton
mp-1eb120b451c0e2bc,Athletic Field Lighting - Himes Avenue Sports Complex,,1,provisional_singleton
mp-0e44ec660dc8e956,Main Street Park,,1,provisional_singleton
mp-bc5f38e5b36b7e64,Picnic Island Nature Based Solutions Design,,1,provisional_singleton
mp-17ea3d4511e304c1,CRA- ET Memorial Park Cemetery Fencing,,1,provisional_singleton
mp-b1f4d6ee2093319e,Kid Mason Community Center Renovations,,1,provisional_singleton
mp-d454a1f29b183480,Hamilton Creek Water Quality Improvements,,1,provisional_singleton
mp-233d6daac7d83ca9,43rd St Drainage Improvements,,1,provisional_singleton
mp-6ddc07a1066723e6,Grady Ave Drainage Improvements,,1,provisional_singleton
mp-801feb9b4e211548,S.E. Seminole Heights Floodings Relief,,1,provisional_singleton
mp-f4dbe376cd4b7e0a,"Lower Peninsula, S.E. Region Flooding Relief",,1,provisional_singleton
mp-d318a5a401466b53,Golfview Flooding Relief,,1,provisional_singleton
mp-bb23e247f9db6f4c,Hyde Park Groundwater Diversion,,1,provisional_singleton
mp-a8136ee75f8d08de,Okara & 26th St-Force Main,,1,provisional_singleton
mp-e0b6799a21df9849,17TH & Annona,,1,provisional_singleton
mp-28c36caec176d72c,NTCB 99TH Ave-Pond Expansion,,1,provisional_singleton
mp-876eb7a3833290e6,Clark & 30th St Pipe Relocation,,1,provisional_singleton
mp-a72d7d990072bc34,Clark & Fair Oaks,,1,provisional_singleton
mp-afeb0589bc33a70b,2504 Gardner Ct,,1,provisional_singleton
mp-64e4aa1fedc4acb2,CRA-ET Stormwater Pond at N 22nd Street between Chelsea Street and Osborne Avenue,,1,provisional_singleton
mp-f2694c4bb1744eab,Lower Peninsula Watershed Plan - Southeast Region,,1,provisional_singleton
mp-98293f21bb9d90e4,N Grady Ave Ditch Rehabilitation,,1,provisional_singleton
mp-28de73d4b657c446,43rd St Ditch Rehabilitation,,1,provisional_singleton
mp-310d42b322718d0d,S.E. Seminole Heights Flooding Relief (GMP 1),,1,provisional_singleton
mp-5db1f3cd4dba79f8,Lamb Canal Rehabilitation & Flood Relief,,1,provisional_singleton
mp-ee839b40ff289133,Conover and 13th,,1,provisional_singleton
mp-553fc659c7a3e367,Copeland Park Pump Station,,1,provisional_singleton
mp-de15e43fa74c3463,Lantana-Poinsettia Pump Station,,1,provisional_singleton
mp-d5b2b73c2cdcebe0,Manhattan: Vasconia to Obispo Flooding Relief-Phase 1,,1,provisional_singleton
mp-3d4fbd1e5b7cf7e9,"Hyde Park Groundwater Diversion Ph 2 (New Port, Willow, Orleans, and Watrous Groundwater Diversions)",,1,provisional_singleton
mp-e5d954226eb4cddd,Virginia Avenue Pumping Station Drainage Improvements,,1,provisional_singleton
mp-6adca0715afa9f71,Mabel North of Henry,,1,provisional_singleton
mp-bcd6fc6d59b32413,Woodmere & Lois,,1,provisional_singleton
mp-e0b433b4d68d81ed,North Ashley Pond Expansion,,1,provisional_singleton
mp-56265785c1518a24,Golf View Estates Flooding Relief,,1,provisional_singleton
mp-bf56856019c64435,South Howard Flood Relief Project,,1,provisional_singleton
mp-4e9b058278970aeb,Forest Hills Park Pump Station,,1,provisional_singleton
mp-2f4b27b5cf65ffe9,17TH and Annona,,1,provisional_singleton
mp-df30d9feab4fdcd4,NTCB Elmer Pond Expansion,,1,provisional_singleton
mp-1af1db86251fb8b4,Clark and Fairoaks,,1,provisional_singleton
mp-9069ecd2cec1fccf,Manhattan : Obispo to Bay to Bay Flooding Relief-Phase 2,,1,provisional_singleton
mp-d2c8607cb349a348,NTCB 99th Ave -West Pond Expansion,,1,provisional_singleton
mp-f51ddd983c8cf61c,Citywide Sidewalk Improvements (Design-Build),,1,provisional_singleton
mp-58f1e03548254768,O'Brien St - Segment 1 (Cypress St. to Spruce St.),,1,provisional_singleton
mp-2823ebae0582ecf1,Brorein St Bridge (#105501) Phase 1 Structural Rehabilitation,,1,provisional_singleton
mp-4ca9962761cd97bd,Cass St Bridge (#105502) Electrical/Mechanical Rehabilitation,,1,provisional_singleton
mp-15b066a282e5cb4d,Glen Ave Sidewalk and Safety Improvements (Green St to Beach St),,1,provisional_singleton
mp-0f771ace7d974ddf,Green ARTery - Segment D,,1,provisional_singleton
mp-7ccf0e6c3039d506,Green ARTery - Segment E,,1,provisional_singleton
mp-cd580417038f78a5,Floribraska Ave (Tampa St to 9th St),,1,provisional_singleton
mp-7b479705c969adb9,Downtown Core Complete Streets (Tampa St from Brorein St to Jackson St),,1,provisional_singleton
mp-95d84d187aef7d2f,Downtown Core Complete Streets (Florida Ave from Channelside Dr to Jackson St),,1,provisional_singleton
mp-576be9adc88f319e,Sidewalks- Hubert St (W Cypress to W Main St),,1,provisional_singleton
mp-4ba7bc24f95c8f99,Lois Ave (Cleveland St to Boy Scout Blvd),,1,provisional_singleton
mp-ba15f7c8558faff7,21st St and Palm Ave - Traffic Signal Replacement,,1,provisional_singleton
mp-20350cb84db6c46e,Platt St and Fremont Ave - Traffic Signal,,1,provisional_singleton
mp-5832cd9a2ac6514c,Cleveland St and Rome Ave - Traffic Signal,,1,provisional_singleton
mp-1699bf0f3b6906fc,El Prado Blvd. Complete Streets & Sidewalks (Omar Ave to Lois Ave; Lois Ave to Bayshore Blvd),,1,provisional_singleton
mp-34f011fe38d212ef,Doyle Carlton Dr & Laurel St Intersection Improvements,,1,provisional_singleton
mp-36bcf34199e877eb,"Green Spine Cycle Track, Segment 3B",,1,provisional_singleton
mp-10d31fc06c3d06e1,"Green Spine Cycle Track, Segment 3C",,1,provisional_singleton
mp-be1ab01fc577d0a7,West River District Multi-Modal Network and Safety Improvements BUILD Segments 1 - 6,,1,provisional_singleton
mp-f51a4f48c29d0aa3,30th St Sligh Intersection Improvements,,1,provisional_singleton
mp-55e885983673b34c,Hanna Avenue Phase II (22nd St to 30th St),,1,provisional_singleton
mp-9a6a43256bf764b7,N 24th Street (Hanna Ave to Sligh Ave),,1,provisional_singleton
mp-b87bf1e5cc90f563,Hanna Avenue Phase 1 (24th St to CSX RR),,1,provisional_singleton
mp-0441f5e904278d00,"Drew Park CRA - Mobility, Connectivity, and Safety Improvements",,1,provisional_singleton
mp-2bab05a0c5e2bac7,CRA-DP Mobility-Connectivity-Safety-Improvement,,1,provisional_singleton
mp-807349d6c8102cac,30th St (E Bougainvillea Ave to E Fowler Ave) Segment 2 (Resurfacing),,1,provisional_singleton
mp-6830ae56975ff4bc,Twiggs St (Ashley Dr to Nebraska Ave),,1,provisional_singleton
mp-f23e4814960b07c9,Sligh Ave & 30th St (Signal),,1,provisional_singleton
mp-73c7b5180cae1b07,Bermuda Blvd Complete Streets and Seawall (Design),,1,provisional_singleton
mp-0bb4d12a5bfcc75b,"Green Spine Cycle Track, Phase 2A",,1,provisional_singleton
mp-6a1f7b0ff1c2af8d,MacDill Air Force Base Access Improvements (Interbay Blvd between West Shore Blvd and S. Bayshore Blvd),,1,provisional_singleton
mp-1ec2d1f574a3b46f,W Cypress Street Resurfacing (Zone 1) From N Obrien St to N Himes Ave,,1,provisional_singleton
mp-d95dc9e6f0da3d35,N Boulevard Resurfacing from W Green St to W Dr MLK Blvd,,1,provisional_singleton
mp-ce7e6364460480bc,W Cypress Street Resurfacing (Zone 2) from N Himes Ave to North Blvd,,1,provisional_singleton
mp-184ff40a4985d20a,S Macdill Ave Resurfacing from W Gandy Blvd to W Bay to Bay Blvd,,1,provisional_singleton
mp-92a712fc00addee9,N 15th Street ADA Improvements from E 109th Ave to E Fowler Ave,,1,provisional_singleton
mp-3d3e5ba593cbec57,E Yukon Street Resurfacing from N Florida Ave to Nebraska Ave,,1,provisional_singleton
mp-99e2b9dbeb0025d9,N 34th Street ADA Improvements from 29th Ave to 33rd Ave,,1,provisional_singleton
mp-d0b7417db607c786,MLK Resurfacing from Air Cargo to Dale Mabry,,1,provisional_singleton
mp-d79cf880c7c462e6,New Tampa Blvd Corridor Improvements From Meadow Pine Dr. to Bruce B. Downs Blvd. (Resurfacing),,1,provisional_singleton
mp-717eb8548a5de273,Neighborhood Improvements- West Riverside Heights,,1,provisional_singleton
mp-ca99448769b9053b,Commerce Palms Dr and Compton Dr,,1,provisional_singleton
mp-467d9cef47044bf7,14th St (Av Republica De Cuba) & 21st Ave,,1,provisional_singleton
mp-f396ee701b735147,Manhattan Ave & Bay to Bay Blvd - Traffic Signal Upgrade,,1,provisional_singleton
mp-05c9b79a4230c8cf,MacDill Ave & Gandy Blvd - Traffic Signal Upgrade,,1,provisional_singleton
mp-81e6cf7fec08acc9,Bayshore Blvd & Swann Ave - New Traffic Signal,,1,provisional_singleton
mp-7e993e67da65a2bf,Himes Ave & Gandy Blvd - Traffic Signal Upgrade,,1,provisional_singleton
mp-dbcb0b9613578761,Columbus Dr & Rome Ave - New Traffic Signal,,1,provisional_singleton
mp-76406d6bba4e6d29,21st St and Palm Ave - Traffic Signal Upgrade,,1,provisional_singleton
mp-ea0f65fb3845ce9b,Main Street and Rome Avenue Signal Upgrade,,1,provisional_singleton
mp-6ac80baeea03ddd1,Sligh Ave and 30th St,,1,provisional_singleton
mp-f00fb7686c9ce551,S West Shore Blvd and W Tyson Ave Traffic Signal,,1,provisional_singleton
mp-74cbf44a710c1699,Ashley and Madison - Signals (SMD),,1,provisional_singleton
mp-82caae22266a93a9,Sidewalks- 9th St (Bougainvillea Ave to Linebaugh Ave),,1,provisional_singleton
mp-ac20d1ed6d23f2bd,Gray St Bike Blvd. (West Shore Blvd to Rome Ave),,1,provisional_singleton
mp-46bbebf75623e182,"Green Spine Cycle Track, Segment 2B",,1,provisional_singleton
mp-86a712d622196023,"Green Spine Cycle Track, Phase 3B",,1,provisional_singleton
mp-f0c72b9ffcfe34ed,"Green Spine Cycle Track, Phase 3C",,1,provisional_singleton
mp-18b87d98c42d7d35,InVision Streetcar (Design Only),,1,provisional_singleton
mp-eb1497156de231fa,Downtown Core Complete Streets (Brorein St from Ashley Dr to Morgan St),,1,provisional_singleton
mp-4dae1974d5e5c802,Tampa Palms Blvd Segment 1 (Bruce B. Downs to Bruce B. Downs)- SPM Design,,1,provisional_singleton
mp-3124fe647e8c246c,Neighborhood Improvements- Belmar Shores,,1,provisional_singleton
mp-1ac35603f4693c03,Brorein St Bridge (#105501) Phase 2 Mechanical/ Electrical Rehabilitation,,1,provisional_singleton
mp-54773ec2ed266c53,30th and Sligh Intersection Improvements,,1,provisional_singleton
mp-468e9328484c35e4,MacDill Ave (Kennedy Blvd to Main St),,1,provisional_singleton
mp-6f7b684c1c2dada7,MacDill Ave (Main St to Columbus Dr),,1,provisional_singleton
mp-d7e0817eca744a1c,30th St (E Busch Blvd to E Bougainvillea Ave) Segment 1 (Resurfacing),,1,provisional_singleton
mp-b3c1ca3340def645,Franklin St and Fort Brooke Garage - Blank Out Signs,,1,provisional_singleton
mp-5dbb51491acf6003,Cass St Drawbridge Improvements,,1,provisional_singleton
mp-297b2266fad2d6cd,Hanna Avenue Phase I (24th St to CSX RR),,1,provisional_singleton
mp-4b74c0944386d0d7,N Boulevard from W Green St to W Dr MLK Blvd,,1,provisional_singleton
mp-8d910a9c8d816635,Pathways to Palmetto (Design-Build),,1,provisional_singleton
mp-4914733672868198,N Jefferson St - Channelside Dr to E Cass St,,1,provisional_singleton
mp-d7643a26e985263e,W Cypress Street Resurfacing (Zone 2) from N Himes Ave to North Boulevard,,1,provisional_singleton
mp-c0aef85a2c9f148f,E Yukon Street Resurfacing from N Florida Ave to N Nebraska Ave,,1,provisional_singleton
mp-00df6632041b1ee6,18th St Pumping Station Rehabilitation,,1,provisional_singleton
mp-ca9ff7551fb43a0e,Howard F. Curren AWTP Sludge Treatment Switchgear replacement,,1,provisional_singleton
mp-df0fc6b847a57e5f,Krause Pumping Station Standby Generator,,1,provisional_singleton
mp-77192490275c7d13,Ybor Pumping Station Standby Generator,,1,provisional_singleton
mp-468d915c0deb4373,Adalee Pumping Station Rehabilitation,,1,provisional_singleton
mp-a581e41a7ced59bb,Bayshore Pumping Station Rehabilitation,,1,provisional_singleton
mp-b444c5d6f324da27,Dayflower Pumping Station Rehabilitation,,1,provisional_singleton
mp-d93154563339afcf,Sulphur Springs PS FM Rehabilitation,,1,provisional_singleton
mp-f29e75b78f05c142,Sulphur Springs Pumping Station,,1,provisional_singleton
mp-fc6a9a5f5c9b86a6,Sulphur Springs Pumping Station Design Build,,1,provisional_singleton
mp-35ef22b922b7e73c,Hunters Green II Pumping Station Rehabilitation,,1,provisional_singleton
mp-dd394e16a3f41b5a,Longwater Run Pumping Station Rehabilitation,,1,provisional_singleton
mp-dca17ecafdda106f,Meadow Pine Pumping Station Rehabilitation,,1,provisional_singleton
mp-3e6794295e8799a2,Oak Haven Pumping Station Rehabilitation,,1,provisional_singleton
mp-139c442d095fc518,Palm Springs Pumping Station Rehabilitation,,1,provisional_singleton
mp-e810a131fba50160,Sheridan Pumping Station Rehabilitation (Year 3),,1,provisional_singleton
mp-875273619e2ffb44,Rome Ave Pump Station Force Main Replacement,,1,provisional_singleton
mp-876776fc9539f7fc,122nd Ave Pumping Station Rehabilitation,,1,provisional_singleton
mp-3b883907a1ce4780,Lake Forest #1 Pumping Station Rehabilitation (Year 2),,1,provisional_singleton
mp-6d55d77fc7408ac3,Parkedge Pumping Station Rehabilitation (Year 2),,1,provisional_singleton
mp-aaf4bfdc44b457cc,Riveredge Pumping Station Rehabilitation (Year 2),,1,provisional_singleton
mp-c941719e9dac942e,Oregon Pumping Station Rehabilitation (Year 2),,1,provisional_singleton
mp-989f828b42394275,Ralston Beach Pumping Station Rehabilitation (Year 2),,1,provisional_singleton
mp-eef707d6a817e1a8,Rome Ave Pump Station Rehabilitation (Year 2),,1,provisional_singleton
mp-95d96d06b4c2bde1,Church Pumping Station Rehabilitation (Year 3),,1,provisional_singleton
mp-7ea32d80a64ac06f,Cory Lakes III Pumping Station Rehabilitation,,1,provisional_singleton
mp-fe7b8b952981e1ac,Humphrey Pumping Station Rehabilitation,,1,provisional_singleton
mp-33805af68006624b,"Howard F. Curren AWTP Master Plan Improvements, Phase 1, Design-build GMP No. 1",,1,provisional_singleton
mp-bf22f8e1500560b4,"Howard F. Curren AWTP Master Plan Improvements, Phase 1, Design-build GMP No. 2",,1,provisional_singleton
mp-cb4f99406e238127,"Howard F. Curren AWTP Master Plan Improvements, Phase 1, Design-build GMP No. 4",,1,provisional_singleton
mp-e8b1ab7c05bb0617,"Howard F. Curren AWTP Master Plan Improvements, Phase 2, Design-build GMP No. 1",,1,provisional_singleton
mp-80b1a51f980bbc52,"Howard F. Curren AWTP Master Plan Improvements, Phase 2, Design-build Amendment No. 1",,1,provisional_singleton
mp-7505305e4c1a5543,Sherwood Heights PS FM Relocation,,1,provisional_singleton
mp-f5d851eb38932906,Downtown Phase II Collection System Rehabilitation,,1,provisional_singleton
mp-dea1d623072b9fbf,Waters Ave Gravity Sewer Rehabilitation,,1,provisional_singleton
mp-b1783ebefcaa0756,Nebraska and Busch Blvd,,1,provisional_singleton
mp-ca15e299046608e8,Downtown Interchange Wastewater Collection System Rehabilitation by CIPP Lining,,1,provisional_singleton
mp-dc09e99d0dae662e,Wastewater Pumping Station Rehabilitation 109th St. PS,,1,provisional_singleton
mp-3a9a65ddeafe8c6d,Wastewater Pumping Station Rehabilitation Prescott PS,,1,provisional_singleton
mp-37820add83017626,JPA- FDOT Height Multimodal Improvements,,1,provisional_singleton
mp-c0d8ba258c988cae,Wastewater Pumping Station Rehabilitation Parke East PS,,1,provisional_singleton
mp-84957eeb62d97645,Wastewater Pumping Station Rehabilitation Design Build-Idlewild PS,,1,provisional_singleton
mp-4e185005a01595ad,Wastewater Pumping Station Rehabilitation Idlewild PS,,1,provisional_singleton
mp-376d0a4e4be09e74,Gunlock PS Generator Addition,,1,provisional_singleton
mp-d3de8b33b31c911d,Swann Pumping Station Generator Installation,,1,provisional_singleton
mp-77b0a772ff6e05a2,Himes and Idlewild FM Replacment,,1,provisional_singleton
mp-45550024a786d471,Himes and Idlewild FM Replacement,,1,provisional_singleton
mp-cfc71f330604b3b0,Church St FM Extension,,1,provisional_singleton
mp-39619efb1fc0ac0a,122nd Street PS FM Replacement,,1,provisional_singleton
mp-d9ecfe5a934e5b71,Sugarcreek PS FM Replacement,,1,provisional_singleton
mp-9c8f740d0b4263ce,Gunlock PS Force Main Replacement,,1,provisional_singleton
mp-060f36ab83f938ac,Highland Oaks FM Replacement,,1,provisional_singleton
mp-de1498aa7a9d5c89,River Bluffs PS- 50th St/E Regnas Ave FM,,1,provisional_singleton
mp-fef6b5142643587d,Interbay PS FM Replacement,,1,provisional_singleton
mp-6b45eee6a856d47a,W Kirby St Drainage Improvements,,1,provisional_singleton
mp-dc115e78b633c4c2,University Pumping Station Rehabilitation,,1,provisional_singleton
mp-978665d9cb6b3e8e,Lakeshore PS Force Main Replacement,,1,provisional_singleton
mp-0f0d5dffb38d08a4,30th St and Fowler - USF FM Extension,,1,provisional_singleton
mp-6693b798ceab2adb,Belmont Heights Gravity Sewer CIPP Lining,,1,provisional_singleton
mp-01acd6a2a2d5d0df,Ybor PS FM Rehabilitation,,1,provisional_singleton
mp-41b310b9a53ffd04,Busch Blvd Trunk Sewer Rehabilitation by CIPP Lining,,1,provisional_singleton
mp-e1dbf8eac36866aa,Spruce St. Pumping Station Rehabilitation,,1,provisional_singleton
mp-4bd2f7eb10777841,Live Oak Square Collection System Rehabilitation,,1,provisional_singleton
mp-1b6b7b76f7e85cf5,Palma Ceia Area 2 (AKA Phase III),,1,provisional_singleton
mp-1da2ead5e3e75b8c,Lykes Lane,,1,provisional_singleton
mp-5647005e3afb125f,Broad Street WM Replacement,,1,provisional_singleton
mp-ea9fc6c6c4b60949,Davis Island_2 WM Replacement,,1,provisional_singleton
mp-6667918782515c85,East 7th Ave WM Replacement_East,,1,provisional_singleton
mp-09ad526a4a42681f,E Henry Ave WM Replacement,,1,provisional_singleton
mp-260a2eefcfb31c75,West River WM Replacement,,1,provisional_singleton
mp-7621ed21efe7bebf,D. L. Tippin Chemical System Improvements,,1,provisional_singleton
mp-de9b74e19a7f83e3,High Service Pump Station (GMP 1),,1,provisional_singleton
mp-ffaf6551b80f1f71,High Service Pump Station (GMP 2),,1,provisional_singleton
mp-ed9dfb9c43a898bf,Southeast Seminole Heights,,1,provisional_singleton
mp-c3bc1086a6f5773c,Morris Bridge East Ground Storage Tank Rehab,,1,provisional_singleton
mp-592d8e1a766306a6,DLT Master Plan DB Task Order 010 Ozone Improvements,,1,provisional_singleton
mp-e96fe26336ec2aad,Sitewide Electrical Improvement,,1,provisional_singleton
mp-795bf8d8a7fb1471,TECO House and Sitewide Electrical,,1,provisional_singleton
mp-98c9fc262e13b69c,DLTWTF Master Plan Task Order 013 Filter Improvements,,1,provisional_singleton
mp-4b232dbd379e17b5,DLTWTF MP Task Order 007 Deep Well Injection,,1,provisional_singleton
mp-084eceedfaa8ccfa,DLTWTF MP Task Order 008 Raw Water Pump Station,,1,provisional_singleton
mp-3faef8e99cbd31bf,Foundation for Tampa's Neighborhoods Project_Forest Hills Area,,1,provisional_singleton
mp-d11f36c56861804a,Foundation for Tampa’s Neighborhoods Project_Virginia Park Area,,1,provisional_singleton
mp-498e97e7e6e7e435,Foundation for Tampa’s Neighborhoods Project_East Tampa Area,,1,provisional_singleton
mp-672262aa1c7a082a,Foundation for Tampa’s Neighborhoods Project East Tampa,,1,provisional_singleton
mp-7999eba7d10df8c8,Foundation for Tampa’s Neighborhoods Project_MacFarlane Park Area,,1,provisional_singleton
mp-ea00733bf2c07e17,JFK Blvd,,1,provisional_singleton
mp-bf7ef0ccec866667,FY20 CIP Water Main Improvements Design-Build_12th St – GMP 5,,1,provisional_singleton
mp-c32be8968e35e32f,FY20 CIP Water Main Improvements Design-Build_12th St – GMP 3,,1,provisional_singleton
mp-6838019dd707edc0,FY20 CIP Water Main Improvements Design-Build_W Chelsea St Transmission – GMP 5,,1,provisional_singleton
mp-a25fca6d21af598e,W Chelsea St Transmission,,1,provisional_singleton
mp-31522aae86385744,FY20 CIP Water Main Improvements Design-Build_W Riverside Heights – GMP 5,,1,provisional_singleton
mp-0bccbd347bf645aa,FY20 CIP Water Main Improvements Design-Build_W Riverside Heights – GMP 3,,1,provisional_singleton
mp-5aa5751e654cafd5,FY20 CIP Water Main Improvements Design-Build_15th St – GMP5,,1,provisional_singleton
mp-9e8cc066fb73a737,Ola Ave,,1,provisional_singleton
mp-bd3c59f0de8c9eb0,Yorkshire,,1,provisional_singleton
mp-5fcad53bdcf1abb9,Morris Bridge Filter Roof Retro – COOP Site,,1,provisional_singleton
mp-a83fec6c1cfa2b6c,Armory Gardens,,1,provisional_singleton
mp-cc4dd6d4f1822823,Jefferson,,1,provisional_singleton
mp-fc9ca6498df84cdc,7th Ave WM Replacement,,1,provisional_singleton
mp-69764cbafd2db04a,Gray Gables,,1,provisional_singleton
mp-85cf5b83de585227,Palmetto Beach,,1,provisional_singleton
mp-b9ace799226c3aed,Lois Ave,,1,provisional_singleton
mp-e760705c2c40e9f4,North Ybor Phase I,,1,provisional_singleton
mp-d5c564c8a9750eae,Oakford Park Phase I,,1,provisional_singleton
mp-3bfd046808e1ca98,East Arbor Heights_East Phase I,,1,provisional_singleton
mp-2ca438d94cc8b9d1,East Arbor Heights_West Phase I,,1,provisional_singleton
mp-8b80751cb1d3d03f,Hampton Terrace Project A,,1,provisional_singleton
mp-cd84b4a520bce7b1,Hampton Terrace Project B,,1,provisional_singleton
mp-42787e2e1d98f74f,Beach Place,,1,provisional_singleton
mp-3effa5c8d8265d7f,Beach Place WM Replacement,,1,provisional_singleton
mp-2a99f2a3835a5c8f,Peter O Knight Project,,1,provisional_singleton
mp-605980ac0e97ada0,Coachman Ave,,1,provisional_singleton
mp-5a2a3ae3d4495a8b,Empedrado St,,1,provisional_singleton
mp-91a92d1350504053,SE Lake Carroll WM Replacement,,1,provisional_singleton
mp-758a35aad6a2697a,Willow Ave WM Replacement,,1,provisional_singleton
mp-bb2f2f78c46fe575,Willow Ave,,1,provisional_singleton
mp-70de023036835fee,South Howard Water Improvement Project,,1,provisional_singleton
mp-fdf47a94069373c5,Louisiana Ave Water Pipe Replacement,,1,provisional_singleton
mp-863e7191d3b50138,Swann Ave WM Replacement,,1,provisional_singleton
mp-9f484a79f3025868,Tampa Heights WM Replacement Phase I,,1,provisional_singleton
mp-759d113bfcbcbce7,Tampa Heights WM Replacement Phase II,,1,provisional_singleton
mp-ec0cb34359442d95,Tampa Heights WM Replacement Phase III,,1,provisional_singleton
mp-b1d4ab795bbb5322,DLT Master Plan,,1,provisional_singleton
mp-8c26233768afda94,DLT WTF Building Improvements,,1,provisional_singleton
mp-dea710fa90c62716,North Embankment Remediation,,1,provisional_singleton
mp-b359d9c8cc2f94a1,The Heights WM Improvement Project Along Florida Ave from Scott St to Palm Ave (Phase I),,1,provisional_singleton
mp-ea045907e703ab2f,COT S Manhattan Ave,,1,provisional_singleton
mp-3db5c68b903d9bec,Brorein_Tampa St WM Abandonment,,1,provisional_singleton
mp-9f9d9eebddb807ab,Lower Peninsula,,1,provisional_singleton
mp-84731470e9ec4ba4,S. Himes WM R&R,,1,provisional_singleton
mp-c06012648361ea7a,The Heights WM Improvement Project Along Florida Ave from Palm Ave to Dr MLK JR Blvd (Phase II),,1,provisional_singleton
mp-1ede18ee97a86076,Warren Ave WM Replacement,,1,provisional_singleton
mp-01cf078ccfd12b53,Residential New Construction and Additions,3623 E Henry Ave,1,provisional_singleton
mp-5341608d447e2d03,Residential New Construction and Additions,711 E Hollywood St,1,provisional_singleton
mp-bc7b8e58cf578531,Residential New Construction and Additions (1 and 2 Family),1002 S Braeburn Ave,1,provisional_singleton
mp-9da4df656d4498fc,Residential New Construction and Additions (1 and 2 Family),2124 W Farwell Dr,1,provisional_singleton
mp-324efccbd1afd408,Residential New Construction and Additions (1 and 2 Family),602 Channel Dr,1,provisional_singleton
mp-adb32d77db9788ab,Residential New Construction and Additions (1 and 2 Family),34 Adalia Ave,1,provisional_singleton
mp-05f203c7fa33c984,Residential New Construction and Additions (1 and 2 Family),1322 E Conover St,1,provisional_singleton
mp-fd3178e0811982c1,Residential New Construction and Additions (1 and 2 Family),2936 W Lawn Ave,1,provisional_singleton
mp-80a1b3d0d482289d,Residential New Construction and Additions (1 and 2 Family),3307 W Van Buren Dr,1,provisional_singleton
mp-576df206ad400422,Residential New Construction and Additions (1 and 2 Family),4720 W Tambay Ave,1,provisional_singleton
mp-0bf62c6c24b38e64,Residential New Construction and Additions (1 and 2 Family),7512 S Elliott St,1,provisional_singleton
mp-aaf64d2cb0735792,Residential New Construction and Additions (1 and 2 Family),4708 W Euclid Ave,1,provisional_singleton
mp-c7a0f501ef9d9b21,Residential New Construction and Additions (1 and 2 Family),4312 W Watrous Ave,1,provisional_singleton
mp-5dd404a644159a42,Residential New Construction and Additions (1 and 2 Family),1 N Franklin St,1,provisional_singleton
mp-aa97f9fe2eaa1776,Residential New Construction and Additions (1 and 2 Family),2830 W Bay Haven Dr,1,provisional_singleton
mp-e6a07e73af182fdd,Residential New Construction and Additions (1 and 2 Family),3503 W Palmira Ave,1,provisional_singleton
mp-8bd63d21f912a46e,Residential New Construction and Additions (1 and 2 Family),3210 E Henry Ave,1,provisional_singleton
mp-a7255e7dad2c2b5f,Residential New Construction and Additions (1 and 2 Family),4921 W San Rafael St,1,provisional_singleton
mp-8bf553507ba036b1,Residential New Construction and Additions (1 and 2 Family),4706 W Euclid Ave,1,provisional_singleton
mp-e0195498b6057e1a,Residential New Construction and Additions (1 and 2 Family),3403 S Lightner Dr,1,provisional_singleton
mp-4f53b227eeb4b328,Residential New Construction and Additions (1 and 2 Family),4009 W San Nicholas St,1,provisional_singleton
mp-ebf20a7739d9f47b,Residential New Construction and Additions (1 and 2 Family),4712 W Melrose Ave,1,provisional_singleton
mp-8b2ad13248e85d5c,Residential New Construction and Additions (1 and 2 Family),1003 Morrison Ct,1,provisional_singleton
mp-1b8e8bd8395fb1af,Residential New Construction and Additions (1 and 2 Family),3915 W Bay Villa Ave,1,provisional_singleton
