activity_id,location_id,building_object_id,folio,strap,building_id,building_address,year_built,gross_area_sqft,heated_area_sqft,residential_units,commercial_units,floor_count,match_method,match_confidence,match_distance_m,building_source_endpoint
tpa-1c60135caff5ef,loc-dad0e5dc0a022586,290531,114829.0000,1829213LJ000001000270A,,4312 W North A St,1987,1838,1582,3,,,nearest_footprint_within_35m,medium,15.68,https://arcgis.tampagov.net/arcgis/rest/services/OpenData/Location/MapServer/0
tpa-5db1240255295f,loc-eb014c35f73ced0d,724524,145573.0000,19281945A000010000080A,,8710 N 15th St,,,,,,,nearest_footprint_within_35m,medium,14.61,https://arcgis.tampagov.net/arcgis/rest/services/OpenData/Location/MapServer/0
tpa-ae9d6bf17e84d5,loc-d5b0f2c65fc1e768,413393,128906.0000,1830033WH000000000400A,,2910 W Bayshore Ct,1926,2694,2259,1,,,point_in_building_footprint,high,0.0,https://arcgis.tampagov.net/arcgis/rest/services/OpenData/Location/MapServer/0
tpa-6746f1ed590f27,loc-d194474995073016,93248,121885.0000,1829323T7000024000020A,,2606 S Hawthorne Cir,1952,3337,2481,1,,,point_in_building_footprint,high,0.0,https://arcgis.tampagov.net/arcgis/rest/services/OpenData/Location/MapServer/0
tpa-2c7fce8d93727e,loc-37e1f745e7187995,695416,195869.0000,182936509000073000060A,,627 Jamaica Ave,,,,,,,nearest_footprint_within_35m,medium,30.51,https://arcgis.tampagov.net/arcgis/rest/services/OpenData/Location/MapServer/0
tpa-6792bf0f19a2e5,loc-0ce8078cbf04b080,95804,118877.0100,1829273QI000002000100A,,1905 S Holly Ln,1988,4825,3592,1,,,nearest_footprint_within_35m,medium,28.45,https://arcgis.tampagov.net/arcgis/rest/services/OpenData/Location/MapServer/0
tpa-e0c176437aece9,loc-ca7131b0a0f341cd,770630,125419.0000,1829333U3000005000100A,,3822 W Corona St,,,,,,,nearest_footprint_within_35m,medium,25.21,https://arcgis.tampagov.net/arcgis/rest/services/OpenData/Location/MapServer/0
tpa-b9f6e7ea28d9bb,loc-772a63159a1927a4,316367,169365.0000,1829364J6B00000000060A,,573 W Davis Blvd,1956,2989,2117,1,,,point_in_building_footprint,high,0.0,https://arcgis.tampagov.net/arcgis/rest/services/OpenData/Location/MapServer/0
tpa-fbcb12458fa332,loc-56fd6f3f097ab828,317655,182448.0000,1829124QX000002000160A,,318 W Alfred St,,,,,,,nearest_footprint_within_35m,medium,17.25,https://arcgis.tampagov.net/arcgis/rest/services/OpenData/Location/MapServer/0
tpa-cb9fd945906610,loc-98fb1966cab5af81,748371,104379.0000,1828353H0000002000180A,,2314 W Henry Ave,,,,,,,point_in_building_footprint,high,0.0,https://arcgis.tampagov.net/arcgis/rest/services/OpenData/Location/MapServer/0
tpa-4b020af109acdb,loc-c9c4b61b9b8dcf69,52194,144447.0000,192819454000026000121A,,1906 E 97th Ave,1960,1436,1152,1,,,nearest_footprint_within_35m,medium,18.21,https://arcgis.tampagov.net/arcgis/rest/services/OpenData/Location/MapServer/0
tpa-3b85917bae436a,loc-35cf79d0bbe72053,36099,126527.0000,1829343UI000066000020A,,3204 W Santiago St,,,,,,,nearest_footprint_within_35m,medium,15.87,https://arcgis.tampagov.net/arcgis/rest/services/OpenData/Location/MapServer/0
tpa-350650b6bcc790,loc-730de0b0c6efbef8,688678,94636.0000,182918ZZZ000005345400A,,3000 Bayport Dr,,,,,,,exact_address_nearby_footprint,high,109.25,https://arcgis.tampagov.net/arcgis/rest/services/OpenData/Location/MapServer/0
tpa-b741db146cd4a9,loc-0e7671656a8961e7,688423,190596.0100,1929204X6000015000020A,,2623 Marconi St,,,,,,,nearest_footprint_within_35m,medium,20.16,https://arcgis.tampagov.net/arcgis/rest/services/OpenData/Location/MapServer/0
tpa-0f28f1007860a8,loc-cad58f03a72feb46,699246,118348.0000,1829273Q7000000000110A,,2514 W Morrison Ave,,,,,,,nearest_footprint_within_35m,medium,21.96,https://arcgis.tampagov.net/arcgis/rest/services/OpenData/Location/MapServer/0
tpa-136ad8c47c4004,loc-ad96a789c4e90365,384302,162121.0000,1828364EK000006000030A,,6016 N Dexter Ave,1926,1446,1269,1,,,nearest_footprint_within_35m,medium,29.57,https://arcgis.tampagov.net/arcgis/rest/services/OpenData/Location/MapServer/0
tpa-a451a431e8f568,loc-eed76c018d03a7b2,209057,166985.0000,1829114HA000021000010A,,1002 W Indiana Ave,1948,1714,1380,1,,,nearest_footprint_within_35m,medium,23.44,https://arcgis.tampagov.net/arcgis/rest/services/OpenData/Location/MapServer/0
tpa-c08496c53917f7,loc-ae55583b7ff6cc00,312901,163436.0000,1828364FB000000004480A,,303 W Jean St,1925,1238,962,1,,,nearest_footprint_within_35m,medium,21.2,https://arcgis.tampagov.net/arcgis/rest/services/OpenData/Location/MapServer/0
tpa-f43acd1c2d1b43,loc-fa6283160dab84c7,753441,179822.0022,182914B7Q000000000010A,,1555 W Main St,,,,,,,exact_address_nearby_footprint,high,26.37,https://arcgis.tampagov.net/arcgis/rest/services/OpenData/Location/MapServer/0
tpa-a330fdd8b80b23,loc-875cea3f5450977f,296293,120646.0000,1829293SB000004000120A,,4510 W Brookwood Dr,1991,3763,3045,,,,point_in_building_footprint,high,0.0,https://arcgis.tampagov.net/arcgis/rest/services/OpenData/Location/MapServer/0
tpa-9c2467bac37218,loc-03df4d425868a85a,168785,115914.0000,1829213ME000003000030A,,3604 W Dale Ave,2015,4441,3475,,,,point_in_building_footprint,high,0.0,https://arcgis.tampagov.net/arcgis/rest/services/OpenData/Location/MapServer/0
tpa-8cb9d498d40d9a,loc-3ebe53ca1bdd0d00,355385,121139.0000,1829293SS000000000290A,,4915 W Melrose Ave,1957,2418,1808,1,,,point_in_building_footprint,high,0.0,https://arcgis.tampagov.net/arcgis/rest/services/OpenData/Location/MapServer/0
tpa-09b8b1f5465cfb,loc-d0b1976a992dadcf,261262,184706.0000,1829234SK000002000110A,,406 S Oregon Ave,1989,1950,1836,,,,nearest_footprint_within_35m,medium,16.45,https://arcgis.tampagov.net/arcgis/rest/services/OpenData/Location/MapServer/0
tpa-1ad199ceb72ea6,loc-9e1deaf065a95f7b,770103,127714.9002,1830033VK000000000010A,,2927 W Hawthorne Rd,,,,,,,exact_address_nearby_footprint,high,16.03,https://arcgis.tampagov.net/arcgis/rest/services/OpenData/Location/MapServer/0
tpa-6815bd7dc0068d,loc-acfb51df50f771f9,601032,144936.0000,192819455000001000160A,,9401 N Margaret St,,,,,,,nearest_footprint_within_35m,medium,32.15,https://arcgis.tampagov.net/arcgis/rest/services/OpenData/Location/MapServer/0
tpa-124ac81151ad48,loc-081630d626397070,83850,139111.0000,18302042J000191000150A,,7404 S Morton St,1999,1249,1200,1,,,nearest_footprint_within_35m,medium,18.45,https://arcgis.tampagov.net/arcgis/rest/services/OpenData/Location/MapServer/0
tpa-a962984d63f12c,loc-3ea542c001331fb5,201863,117377.0000,1829263OO000009000120A,,1413 S Moody Ave,1981,1672,1020,,,,nearest_footprint_within_35m,medium,30.44,https://arcgis.tampagov.net/arcgis/rest/services/OpenData/Location/MapServer/0
tpa-c074c2415d7715,loc-df59c929324b7dc6,747979,165147.0000,1829014GH000000001960A,,302 W Haya St,,,,,,,nearest_footprint_within_35m,medium,28.73,https://arcgis.tampagov.net/arcgis/rest/services/OpenData/Location/MapServer/0
tpa-36b850bc5a14f3,loc-81ae1131f37a3083,107102,143957.0000,192818452000028000250A,,1410 E Chilkoot Ave,1991,1176,1176,,,,exact_address_nearby_footprint,high,21.22,https://arcgis.tampagov.net/arcgis/rest/services/OpenData/Location/MapServer/0
tpa-955da9d41f111b,loc-cdf1075c1d57fe33,9773,113936.0000,1829293LA000038000140A,,4317 W Sylvan Ramble St,1955,2083,1653,1,,,exact_address_nearby_footprint,high,2.46,https://arcgis.tampagov.net/arcgis/rest/services/OpenData/Location/MapServer/0
tpa-952689e7d57a44,loc-88f315d971945e68,589259,183207.0000,1829124RP000005000081A,,2710 N Jefferson St,,,,,,,nearest_footprint_within_35m,medium,15.71,https://arcgis.tampagov.net/arcgis/rest/services/OpenData/Location/MapServer/0
tpa-5cd48e592e3d28,loc-fbe11da01716a2a8,313705,157578.0000,1929064B6000000000400A,,1709 E Louisiana Ave,2002,1891,1796,1,,,point_in_building_footprint,high,0.0,https://arcgis.tampagov.net/arcgis/rest/services/OpenData/Location/MapServer/0
tpa-9541b1e715cfe0,loc-96361b9c20cee935,754543,122995.0000,1829323TN000008000050A,,3609 S Belcher Dr,,,,,,,nearest_footprint_within_35m,medium,22.38,https://arcgis.tampagov.net/arcgis/rest/services/OpenData/Location/MapServer/0
tpa-7e19316a24edf7,loc-de89c34d87337ad1,750017,163486.0000,1828364FB000000005170A,,101 W Fern St,,,,,,,point_in_building_footprint,high,0.0,https://arcgis.tampagov.net/arcgis/rest/services/OpenData/Location/MapServer/0
tpa-ff3b5ee254b6df,loc-fe1b2765fa3aa65a,296101,128235.0000,1830033VV000010000060A,,4616 S Woodlynne Ave,1942,1823,1590,1,,,nearest_footprint_within_35m,medium,18.19,https://arcgis.tampagov.net/arcgis/rest/services/OpenData/Location/MapServer/0
tpa-0d888d986de3a9,loc-1d9815e94ae2c3d5,775290,109305.0000,1829103IV000000000422A,,4223 N Tampania Ave,,,,,,,nearest_footprint_within_35m,medium,27.29,https://arcgis.tampagov.net/arcgis/rest/services/OpenData/Location/MapServer/0
tpa-996c1136a4abae,loc-aa94fd51696862a8,748217,104691.0000,1828353H1000003000360A,,2113 W Idlewild Ave,,,,,,,nearest_footprint_within_35m,medium,26.13,https://arcgis.tampagov.net/arcgis/rest/services/OpenData/Location/MapServer/0
tpa-0c2a6281b39abd,loc-bfae1e7b3b5770e1,53391,101432.0100,1828263FB000000001290A,,8113 N Newport Ave,2016,1894,1404,,,,nearest_footprint_within_35m,medium,27.18,https://arcgis.tampagov.net/arcgis/rest/services/OpenData/Location/MapServer/0
tpa-787c8433ac0b11,loc-8690964d28693e33,749903,162947.0000,1828364F5000000000040A,,207 W Hiawatha St,,,,,,,nearest_footprint_within_35m,medium,31.31,https://arcgis.tampagov.net/arcgis/rest/services/OpenData/Location/MapServer/0
tpa-060e2b9ee13cb5,loc-108fecc99dc32936,726874,125324.0000,1829333U2000002000040A,,3604 W Leona St,,,,,,,point_in_building_footprint,high,0.0,https://arcgis.tampagov.net/arcgis/rest/services/OpenData/Location/MapServer/0
tpa-f9b1960298f38e,loc-782bee5be08824d9,775994,167361.0000,1829114HD000041000050A,,910 W Fribley St,,,,,,,point_in_building_footprint,high,0.0,https://arcgis.tampagov.net/arcgis/rest/services/OpenData/Location/MapServer/0
tpa-9612fd995b1f4d,loc-3709575e0d930fe3,702718,113405.0000,1829203L8000000000700A,,4501 W Azeele St,,,,,,,exact_address_nearby_footprint,high,5.68,https://arcgis.tampagov.net/arcgis/rest/services/OpenData/Location/MapServer/0
tpa-3bcc0c2713c7a6,loc-ccd536514d3254f1,185593,136971.0000,183016ZZZ000005550500A,,4120 W Mango Ave,1976,6396,4452,,,,point_in_building_footprint,high,0.0,https://arcgis.tampagov.net/arcgis/rest/services/OpenData/Location/MapServer/0
tpa-36fa8e42a8df45,loc-b24ecbcad239fa14,251928,139107.0050,18302042J000191000100A,,7416 S Morton St,2005,2855,2208,1,,,nearest_footprint_within_35m,medium,16.18,https://arcgis.tampagov.net/arcgis/rest/services/OpenData/Location/MapServer/0
tpa-bdf2b4e3a608fe,loc-18adb1b207a59882,209772,122634.0000,1829323TI000000000531A,,3444 S West Shore Blvd,1987,3000,3000,,1,,point_in_building_footprint,high,0.0,https://arcgis.tampagov.net/arcgis/rest/services/OpenData/Location/MapServer/0
tpa-269ba92cdf0156,loc-1e190d43498a457c,691231,182600.0000,1829124R4000002000050A,,2923 N Tampa St,,,,,,,nearest_footprint_within_35m,medium,24.66,https://arcgis.tampagov.net/arcgis/rest/services/OpenData/Location/MapServer/0
tpa-d92d17ff7666c4,loc-a8b0a29188d57000,752184,114897.0000,1829213LJ000006000150A,,4205 W North B St,,,,,,,nearest_footprint_within_35m,medium,20.24,https://arcgis.tampagov.net/arcgis/rest/services/OpenData/Location/MapServer/0
tpa-4a8beea796f9ae,loc-1afcebf34b1c2709,752184,114897.0000,1829213LJ000006000150A,,4205 W North B St,,,,,,,nearest_footprint_within_35m,medium,20.24,https://arcgis.tampagov.net/arcgis/rest/services/OpenData/Location/MapServer/0
tpa-50c2c33b95d1fd,loc-9bd10211f127fee0,69710,105598.0000,1829023HF000017000160A,,1019 N Bask Dr,1950,1734,1336,1,,,nearest_footprint_within_35m,medium,24.12,https://arcgis.tampagov.net/arcgis/rest/services/OpenData/Location/MapServer/0
tpa-4c69fbae4aefed,loc-96a5acdf42993f31,255225,146417.0000,19283045M000023000010A,,8319 N 11th St,1948,1204,768,1,,,nearest_footprint_within_35m,medium,14.2,https://arcgis.tampagov.net/arcgis/rest/services/OpenData/Location/MapServer/0
tpa-e3586e790ac3f4,loc-ea0c0520c0732637,726631,185363.0000,1829264TC000010000010A,,801 S Newport Ave,,,,,,,exact_address_nearby_footprint,high,14.95,https://arcgis.tampagov.net/arcgis/rest/services/OpenData/Location/MapServer/0
tpa-ebf5b2b8c2d226,loc-2a41a5adb45da4fe,175990,167571.0000,1829124HH000004000130A,,206 E Virginia Ave,1950,790,766,1,,,nearest_footprint_within_35m,medium,32.72,https://arcgis.tampagov.net/arcgis/rest/services/OpenData/Location/MapServer/0
tpa-258d15e56eb1f0,loc-79c744e71e709ac4,261262,184706.0000,1829234SK000002000110A,,406 S Oregon Ave,1989,1950,1836,,,,nearest_footprint_within_35m,medium,18.39,https://arcgis.tampagov.net/arcgis/rest/services/OpenData/Location/MapServer/0
tpa-80b50251d99ce3,loc-f3427adea10e11dd,211135,127846.0000,1830033VR000002000051A,,3112 W Wallcraft Ave,2011,3216,2771,1,,,nearest_footprint_within_35m,medium,14.5,https://arcgis.tampagov.net/arcgis/rest/services/OpenData/Location/MapServer/0
tpa-5853fbc642ed03,loc-df0d7454a80ed6aa,373510,123038.0000,1829323TN000009000240A,,3604 S Belcher Dr,1955,1776,1392,1,,,nearest_footprint_within_35m,medium,24.32,https://arcgis.tampagov.net/arcgis/rest/services/OpenData/Location/MapServer/0
tpa-5bd84ed5116cad,loc-b93f0f7dfb8b1ef8,405770,124511.0000,1829333TS000049000070A,,4316 W Corona St,1954,2018,1497,1,,,point_in_building_footprint,high,0.0,https://arcgis.tampagov.net/arcgis/rest/services/OpenData/Location/MapServer/0
tpa-14b09bb3728243,loc-f2cd686ca7ed3bf1,219496,191648.0000,1829134XW000005000060A,,1905 N Taliaferro Ave,1900,2900,2800,4,,,nearest_footprint_within_35m,medium,25.49,https://arcgis.tampagov.net/arcgis/rest/services/OpenData/Location/MapServer/0
tpa-4f131f3b66608e,loc-7b9d27933102f6a7,270697,137810.0020,1830169Q1000000000050A,,7712 Landcare Ln,,,,1,,,nearest_footprint_within_35m,medium,33.12,https://arcgis.tampagov.net/arcgis/rest/services/OpenData/Location/MapServer/0
tpa-119ce4ce7e0b65,loc-d5e43255b5f0de74,701114,123059.0000,1829323TN000010000190A,,3616 S Gardenia Ave,,,,,,,nearest_footprint_within_35m,medium,21.77,https://arcgis.tampagov.net/arcgis/rest/services/OpenData/Location/MapServer/0
tpa-50a7fd05573da1,loc-6bec6386d573b136,392752,179524.0000,1829154PQ000045000050A,,2722 W Chestnut St,1947,1266,768,1,,,nearest_footprint_within_35m,medium,32.29,https://arcgis.tampagov.net/arcgis/rest/services/OpenData/Location/MapServer/0
tpa-4f33c4c2d12617,loc-0b9d9d70d497088b,343775,123647.0000,1829333TP000043000170A,,3711 W San Pedro St,1945,2883,2799,1,,,nearest_footprint_within_35m,medium,18.45,https://arcgis.tampagov.net/arcgis/rest/services/OpenData/Location/MapServer/0
tpa-9aeeb1689d455a,loc-2c8b4509d727a1c5,302696,133440.0000,1830093YJ000008000010A,,3502 W Pearl Ave,1953,1134,847,1,,,nearest_footprint_within_35m,medium,33.99,https://arcgis.tampagov.net/arcgis/rest/services/OpenData/Location/MapServer/0
tpa-545e61d7ecbaf5,loc-810fc81217ddc9a0,702664,116018.0000,1829213MH000001000120A,,601 S Clark Ave,,,,,,,nearest_footprint_within_35m,medium,18.77,https://arcgis.tampagov.net/arcgis/rest/services/OpenData/Location/MapServer/0
tpa-35b9b97f3d7227,loc-2eeac4518cb958e8,224909,110967.0020,182917ZZZ000005476202A,,2223 N West Shore Blvd 400,2001,144567,140952,,,,point_in_building_footprint,high,0.0,https://arcgis.tampagov.net/arcgis/rest/services/OpenData/Location/MapServer/0
tpa-dc48aeab5e0373,loc-265e7bdf44f96737,289967,134100.0000,1830103YV000001000100A,,3112 W Paxton Ave,1958,1165,1113,1,,,point_in_building_footprint,high,0.0,https://arcgis.tampagov.net/arcgis/rest/services/OpenData/Location/MapServer/0
tpa-c3c3b3282ff9a2,loc-2ca7b2cdf18877fa,710447,163499.0100,1828364FB000000005340A,,205 W Fern St,,,,,,,nearest_footprint_within_35m,medium,28.31,https://arcgis.tampagov.net/arcgis/rest/services/OpenData/Location/MapServer/0
tpa-e69fb24f6f232f,loc-304f073e177b418a,278660,196957.0000,1829254TC000014000090A,,825 Bayshore Blvd,,,3707,1,,,exact_address_nearby_footprint,high,20.82,https://arcgis.tampagov.net/arcgis/rest/services/OpenData/Location/MapServer/0
tpa-d3fe9f065c5e1b,loc-509e1617bee5ec2c,702890,120688.0000,1829293SC000003000080A,,1122 S Dunbar Ave,,,,,,,point_in_building_footprint,high,0.0,https://arcgis.tampagov.net/arcgis/rest/services/OpenData/Location/MapServer/0
tpa-e2a5b30c3ba02d,loc-b243696a7afeeaa7,693933,167411.0000,182912ZZZ000005864200A,,3814 N Central Ave,,,,,,,exact_address_nearby_footprint,high,67.86,https://arcgis.tampagov.net/arcgis/rest/services/OpenData/Location/MapServer/0
tpa-e2a5b30c3ba02d,loc-b243696a7afeeaa7,693896,167411.0000,182912ZZZ000005864200A,,3814 N Central Ave,,,,,,,exact_address_nearby_footprint,high,80.3,https://arcgis.tampagov.net/arcgis/rest/services/OpenData/Location/MapServer/0
tpa-e2a5b30c3ba02d,loc-b243696a7afeeaa7,55558,167411.0000,182912ZZZ000005864200A,,3814 N Central Ave,1952,5535,5004,6,,,exact_address_nearby_footprint,high,93.47,https://arcgis.tampagov.net/arcgis/rest/services/OpenData/Location/MapServer/0
tpa-e2a5b30c3ba02d,loc-b243696a7afeeaa7,58006,167411.0000,182912ZZZ000005864200A,,3814 N Central Ave,1952,7726,7020,6,,,exact_address_nearby_footprint,high,46.49,https://arcgis.tampagov.net/arcgis/rest/services/OpenData/Location/MapServer/0
tpa-4eb68642e6ac34,loc-024eddb795c3b16e,102774,180751.0000,1829154Q1000005000100A,,2903 W Nassau St,1956,1429,897,1,,,nearest_footprint_within_35m,medium,20.36,https://arcgis.tampagov.net/arcgis/rest/services/OpenData/Location/MapServer/0
tpa-0d0772df9c848a,loc-eba476d668d358ad,318133,144912.0012,192818A1W000000000010A,,1501 E Fowler Ave,1975,1958,1958,,,,nearest_footprint_within_35m,medium,30.34,https://arcgis.tampagov.net/arcgis/rest/services/OpenData/Location/MapServer/0
tpa-82bf53baa9c0fa,loc-4c1d4f0dc4a61002,25622,195726.0000,182936509000069000070A,,617 Marmora Ave,2007,1886,1811,,,,nearest_footprint_within_35m,medium,13.54,https://arcgis.tampagov.net/arcgis/rest/services/OpenData/Location/MapServer/0
tpa-ef0fa05d941fd6,loc-cc3c7d81ff824db1,770392,128128.0000,1830033VU000006000050A,,3410 W Alline Ave,,,,,,,nearest_footprint_within_35m,medium,19.95,https://arcgis.tampagov.net/arcgis/rest/services/OpenData/Location/MapServer/0
tpa-32ffc4b6f6bf79,loc-9ff963a8dca7f6aa,70223,195009.0000,182925509000010000140A,,118 Bosphorous Ave,1951,2180,1988,2,,,nearest_footprint_within_35m,medium,17.81,https://arcgis.tampagov.net/arcgis/rest/services/OpenData/Location/MapServer/0
tpa-1816157db60c10,loc-a8ce35159b57f2ad,169352,121234.0000,1829293SV000009000050A,,4910 W Dryad St,1965,2841,2218,1,,,point_in_building_footprint,high,0.0,https://arcgis.tampagov.net/arcgis/rest/services/OpenData/Location/MapServer/0
tpa-574a1c62bbf896,loc-a1b64d29f0046e19,94450,129764.0000,1830043WV000014000010A,,4002 W Knights Ave,1953,1421,927,1,,,point_in_building_footprint,high,0.0,https://arcgis.tampagov.net/arcgis/rest/services/OpenData/Location/MapServer/0
tpa-2289dcf89d0970,loc-77a669e683a9be1e,149280,126367.0000,1829343U4000076000180A,,3205 Obispo St,,,,,,,nearest_footprint_within_35m,medium,32.51,https://arcgis.tampagov.net/arcgis/rest/services/OpenData/Location/MapServer/0
tpa-5faab6a61467df,loc-c1231e613f6917b8,341806,114230.0000,1829203LD000006000130A,,35 W Spanish Main St,1954,3508,2342,1,,,point_in_building_footprint,high,0.0,https://arcgis.tampagov.net/arcgis/rest/services/OpenData/Location/MapServer/0
tpa-2bf73e751a705a,loc-a4a6ea3d4fbc2322,169518,169411.0000,1829364J6E00000000080A,,560 W Davis Blvd,1956,3388,2965,1,,,nearest_footprint_within_35m,medium,24.32,https://arcgis.tampagov.net/arcgis/rest/services/OpenData/Location/MapServer/0
tpa-9e1393b3fc4ee2,loc-40c65b7ce1d652ff,407854,129763.0000,1830043WV000013000260A,,4010 W Knights Ave,1953,2339,1048,1,,,point_in_building_footprint,high,0.0,https://arcgis.tampagov.net/arcgis/rest/services/OpenData/Location/MapServer/0
tpa-ce53040f8b92b9,loc-5f0d3c71825c5dd1,290671,99355.0000,1828243EGG00000000110A,,704 E Humphrey St,1940,4756,4536,,,,nearest_footprint_within_35m,medium,31.53,https://arcgis.tampagov.net/arcgis/rest/services/OpenData/Location/MapServer/0
tpa-d63fca8f8782ce,loc-87909be32359c4e5,111763,195818.0000,182936509000071000320A,,642 Geneva Pl,1953,1908,1508,1,,,point_in_building_footprint,high,0.0,https://arcgis.tampagov.net/arcgis/rest/services/OpenData/Location/MapServer/0
tpa-62ab89191ec2f6,loc-db6944bfdec5a628,178595,122304.0000,1829323TF000000000720A,,4708 W Euclid Ave,1950,1842,1480,1,,,point_in_building_footprint,high,0.0,https://arcgis.tampagov.net/arcgis/rest/services/OpenData/Location/MapServer/0
tpa-a89d1aacd75ce4,loc-aa425ca9e6b5a2ce,178595,122304.0000,1829323TF000000000720A,,4708 W Euclid Ave,1950,1842,1480,1,,,nearest_footprint_within_35m,medium,20.85,https://arcgis.tampagov.net/arcgis/rest/services/OpenData/Location/MapServer/0
tpa-6ce302020a72d9,loc-32fdb56a8b275f45,355411,120965.0000,1829293SL000017000014A,,4508 W San Rafael St,1965,2835,1951,1,,,nearest_footprint_within_35m,medium,22.26,https://arcgis.tampagov.net/arcgis/rest/services/OpenData/Location/MapServer/0
tpa-6db438b1ffd53e,loc-86f724b07b8ce54c,332154,121476.0000,1829323T6000000000020A,,3108 S Omar Ave,1957,4415,3755,1,,,point_in_building_footprint,high,0.0,https://arcgis.tampagov.net/arcgis/rest/services/OpenData/Location/MapServer/0
tpa-3acf8de4ea9c56,loc-53d7bcc43589bc16,80049,122521.0000,1829323TG000000001230A,,3631 S Hesperides St,1983,908,880,,,,point_in_building_footprint,high,0.0,https://arcgis.tampagov.net/arcgis/rest/services/OpenData/Location/MapServer/0
tpa-fceee2e49eff05,loc-8aa99ee471d3cb9b,691454,177268.0000,1829114P6000000000520A,,1903 W Kathleen St,,,,,,,nearest_footprint_within_35m,medium,19.86,https://arcgis.tampagov.net/arcgis/rest/services/OpenData/Location/MapServer/0
tpa-8d4cbd0f2a328f,loc-12fbce9fa1bd5059,151026,94647.0020,172914ZZZ000005347000A,,7700 W Courtney Campbell Cswy,1974,18968,15429,,,,exact_address_nearby_footprint,high,80.02,https://arcgis.tampagov.net/arcgis/rest/services/OpenData/Location/MapServer/0
tpa-ea8ae8e45aa79a,loc-5858e2890a279a23,726989,106509.0000,182903ZZZ000005441400A,,4701 N Himes Ave,1960,36027,32758,,1,1,exact_address_nearby_footprint,high,96.25,https://arcgis.tampagov.net/arcgis/rest/services/OpenData/Location/MapServer/0
tpa-ea8ae8e45aa79a,loc-5858e2890a279a23,726992,106509.0000,182903ZZZ000005441400A,,4701 N Himes Ave,1960,11063,10247,,5,1,exact_address_nearby_footprint,high,39.85,https://arcgis.tampagov.net/arcgis/rest/services/OpenData/Location/MapServer/0
tpa-f82e13b8729f3e,loc-e338500999b411f9,284428,167159.0000,1829114HD000030000070A,,914 W Woodlawn Ave,,,,,,,point_in_building_footprint,high,0.0,https://arcgis.tampagov.net/arcgis/rest/services/OpenData/Location/MapServer/0
tpa-004781f08704b8,loc-ffef48b9991215d9,245693,131512.0000,1830083XF000009000300A,,4421 W Trilby Ave,1955,1181,1062,1,,,nearest_footprint_within_35m,medium,21.67,https://arcgis.tampagov.net/arcgis/rest/services/OpenData/Location/MapServer/0
tpa-2fd12449a063f6,loc-4ab1e3a578180bb5,42448,123004.0000,1829323TN000008000140A,,3626 S Beach Dr,1956,3228,2134,1,,,nearest_footprint_within_35m,medium,27.82,https://arcgis.tampagov.net/arcgis/rest/services/OpenData/Location/MapServer/0
tpa-e78e86e21034c4,loc-5a2f3009d3f2ac75,400306,139039.0000,18302042J000186000010A,,7401 S Faul St,1955,1150,800,1,,,point_in_building_footprint,high,0.0,https://arcgis.tampagov.net/arcgis/rest/services/OpenData/Location/MapServer/0
tpa-8636c32ef4d0dc,loc-fe122e0cc6028622,750246,163951.0000,1828364FO000000000110A,,6010 N Tampa St,,,,,,,point_in_building_footprint,high,0.0,https://arcgis.tampagov.net/arcgis/rest/services/OpenData/Location/MapServer/0
tpa-d02615c8f6fdb1,loc-0249c3faea4d5a2d,87248,121677.0000,1829323T7000012000020A,,4506 W Longfellow Ave,1954,2095,1475,1,,,point_in_building_footprint,high,0.0,https://arcgis.tampagov.net/arcgis/rest/services/OpenData/Location/MapServer/0
tpa-5d25382d4939dc,loc-97d914379c793fa9,68081,129716.0000,1830043WV000012000030A,,4305 S Hale Ave,1985,1689,1270,,,,nearest_footprint_within_35m,medium,21.82,https://arcgis.tampagov.net/arcgis/rest/services/OpenData/Location/MapServer/0
tpa-120e68e416dc86,loc-34bd70b916e62eb9,265195,179601.0000,1829154PQ000049000070A,,2726 Main St,1944,2214,1700,2,,,nearest_footprint_within_35m,medium,16.06,https://arcgis.tampagov.net/arcgis/rest/services/OpenData/Location/MapServer/0
tpa-a8e3aece54ecea,loc-ea60757e5c8eb18c,405412,179954.0000,1829154PS000003000120A,,2707 W Saint Joseph St,1951,1417,943,1,,,point_in_building_footprint,high,0.0,https://arcgis.tampagov.net/arcgis/rest/services/OpenData/Location/MapServer/0
tpa-d7e421230aaed9,loc-ca1a2ccbe4ecd1c7,70955,121898.0000,1829323T7000025000040A,,2620 S Parkview St,1992,6349,6029,,,,point_in_building_footprint,high,0.0,https://arcgis.tampagov.net/arcgis/rest/services/OpenData/Location/MapServer/0
tpa-210e8e9787b2b7,loc-a72f1601c28f622a,352755,122494.0000,1829323TG000000000950A,,4420 W Kensington Ave,1983,1822,1162,,,,point_in_building_footprint,high,0.0,https://arcgis.tampagov.net/arcgis/rest/services/OpenData/Location/MapServer/0
tpa-82d224800f48ca,loc-624763ff0cd63d60,405103,122604.0000,1829323TI000000000120A,,4633 W Leona St,1972,2285,1615,1,,,nearest_footprint_within_35m,medium,18.89,https://arcgis.tampagov.net/arcgis/rest/services/OpenData/Location/MapServer/0
tpa-bcfad7847325d6,loc-b75e14efc9a74fd5,708729,98810.0000,1828233E9000030000050A,,8411 N Rome Ave,,,,,,,point_in_building_footprint,high,0.0,https://arcgis.tampagov.net/arcgis/rest/services/OpenData/Location/MapServer/0
tpa-e2e5473f3f5371,loc-ecaaa439b642e43d,738215,149429.0000,19283046RM00000000010A,,7013 N 15th St,,,,,,,nearest_footprint_within_35m,medium,27.51,https://arcgis.tampagov.net/arcgis/rest/services/OpenData/Location/MapServer/0
tpa-1f2c3836c5ecb7,loc-169cfe64aa4a50e5,421,115596.0000,1829213MA000006000020A,,3704 W Cleveland St,1945,1939,1681,2,,,nearest_footprint_within_35m,medium,18.52,https://arcgis.tampagov.net/arcgis/rest/services/OpenData/Location/MapServer/0
tpa-070ce9870abedd,loc-ffb444d6e7f575a9,415992,181195.0000,1829234Q8000002000080A,,1932 W Cypress St,1962,1518,1080,1,,,nearest_footprint_within_35m,medium,21.31,https://arcgis.tampagov.net/arcgis/rest/services/OpenData/Location/MapServer/0
tpa-5f04c7c5ec614b,loc-70bc7345fe784306,156001,114039.0000,1829213LA000046000060A,,4312 W Beach Park Dr,2001,3412,2418,,,,point_in_building_footprint,high,0.0,https://arcgis.tampagov.net/arcgis/rest/services/OpenData/Location/MapServer/0
tpa-099e0b3b758b0b,loc-120002401eb2742f,757683,183422.0000,1829144S0F00000000040A,,2304 N Glenwood Dr,,,,,,,nearest_footprint_within_35m,medium,20.04,https://arcgis.tampagov.net/arcgis/rest/services/OpenData/Location/MapServer/0
tpa-82ce3d8874fa01,loc-58d98d636796037f,188135,117968.0000,1829273Q1000011000070A,,812 S Macdill Ave,1956,2700,1874,1,,,point_in_building_footprint,high,0.0,https://arcgis.tampagov.net/arcgis/rest/services/OpenData/Location/MapServer/0
tpa-b2981c8510b51a,loc-6f2bce47c11304ca,188302,163760.0000,1828364FJ000000000080A,,5806 N Cherokee Ave,1928,2056,1667,1,,,point_in_building_footprint,high,0.0,https://arcgis.tampagov.net/arcgis/rest/services/OpenData/Location/MapServer/0
tpa-a7e19127affe26,loc-8dddfd62bf309374,284379,136021.0000,18301540Y000000000020A,,3005 W Meadow St,1952,1020,937,1,,,point_in_building_footprint,high,0.0,https://arcgis.tampagov.net/arcgis/rest/services/OpenData/Location/MapServer/0
tpa-89861c48928f4d,loc-bb41784255052e7a,182141,136043.0000,18301540Y000000000240A,,3012 W Meadow St,1952,1057,949,1,,,nearest_footprint_within_35m,medium,32.51,https://arcgis.tampagov.net/arcgis/rest/services/OpenData/Location/MapServer/0
tpa-a8fc7db88edcf7,loc-0848b8856003a6d3,121832,196013.0000,182936509000094000020A,,575 Bosphorous Ave,1954,2804,2804,1,,,nearest_footprint_within_35m,medium,24.4,https://arcgis.tampagov.net/arcgis/rest/services/OpenData/Location/MapServer/0
tpa-14bc51de8ad111,loc-795678e078916676,152721,103397.0000,182835ZZZ000005419500A,,6700 N Rome Ave,,,,73,,,nearest_footprint_within_35m,medium,34.87,https://arcgis.tampagov.net/arcgis/rest/services/OpenData/Location/MapServer/0
tpa-0844508e90a91e,loc-2292e254a42e4426,254415,131432.0000,1830083XF000007000300A,,4421 Leila Ave,1955,1216,1062,1,,,point_in_building_footprint,high,0.0,https://arcgis.tampagov.net/arcgis/rest/services/OpenData/Location/MapServer/0
tpa-122e7a89c3f149,loc-410f7a6524a120dd,412560,124367.0000,1829333TS000039000060A,,4110 W San Luis St,1959,2337,1584,1,,,point_in_building_footprint,high,0.0,https://arcgis.tampagov.net/arcgis/rest/services/OpenData/Location/MapServer/0
tpa-7c9c998e3a395d,loc-e98c385c48c12901,353448,130374.0000,1830053X8000003000200A,,4310 S Trask St,1953,1572,864,1,,,point_in_building_footprint,high,0.0,https://arcgis.tampagov.net/arcgis/rest/services/OpenData/Location/MapServer/0
tpa-0be461491105ee,loc-579ac83fcca73c83,239096,120989.0000,1829293SL000019000015A,,2107 S West Shore Blvd,1964,2336,1422,1,,,point_in_building_footprint,high,0.0,https://arcgis.tampagov.net/arcgis/rest/services/OpenData/Location/MapServer/0
tpa-9e426e6a38ec2b,loc-e034aae05461326e,95629,127537.0000,1830033VG000002000060A,,3411 W Harbor View Ave,1957,2174,2014,1,,,nearest_footprint_within_35m,medium,22.68,https://arcgis.tampagov.net/arcgis/rest/services/OpenData/Location/MapServer/0
tpa-2d3093af88857a,loc-72e7bc47c3943ebe,115117,161169.0100,1828254DQ000001000030A,,105 W Stanley St,1930,576,576,1,,,nearest_footprint_within_35m,medium,14.95,https://arcgis.tampagov.net/arcgis/rest/services/OpenData/Location/MapServer/0
tpa-2eb68717238e5e,loc-ff85f8a0d25a0537,250084,108776.0000,1829083IP000080000200A,,4216 N Manhattan Ave,1957,1710,1284,1,,,point_in_building_footprint,high,0.0,https://arcgis.tampagov.net/arcgis/rest/services/OpenData/Location/MapServer/0
tpa-f077c4d7978359,loc-7b4374c6bc221789,701846,121249.0000,1829293SV000011000080A,,4831 W San Jose St,,,,,,,nearest_footprint_within_35m,medium,20.82,https://arcgis.tampagov.net/arcgis/rest/services/OpenData/Location/MapServer/0
tpa-6210687f145cf9,loc-8b7771c56b51c51c,191490,123750.0000,1829333TP000049000240A,,3901 W Tacon St,1950,1303,1273,1,,,point_in_building_footprint,high,0.0,https://arcgis.tampagov.net/arcgis/rest/services/OpenData/Location/MapServer/0
tpa-dd7bfa5cdecc25,loc-1b94f0254e933a65,194195,122592.0000,1829323TH000016000200A,,4636 W Longfellow Ave,1956,3015,2454,1,,,point_in_building_footprint,high,0.0,https://arcgis.tampagov.net/arcgis/rest/services/OpenData/Location/MapServer/0
tpa-b07f56c5f5635b,loc-fefed28bfd1666fb,210989,119480.0000,1829283QT000006000070A,,1902 S Clark Ave,1950,2417,1800,1,,,nearest_footprint_within_35m,medium,27.36,https://arcgis.tampagov.net/arcgis/rest/services/OpenData/Location/MapServer/0
tpa-7b556295f04aaf,loc-7bac8e08413812cc,693438,104829.0000,1828353H3000005000100A,,5409 N Park Pl,,,,,,,nearest_footprint_within_35m,medium,16.08,https://arcgis.tampagov.net/arcgis/rest/services/OpenData/Location/MapServer/0
tpa-edba2d15768fb0,loc-cda8252603243b9f,308344,129596.0000,1830043WV000007000060A,,4308 S Hubert Ave,1953,1910,1314,1,,,nearest_footprint_within_35m,medium,25.83,https://arcgis.tampagov.net/arcgis/rest/services/OpenData/Location/MapServer/0
tpa-fab93f453809b7,loc-6ffb0affab28a219,699000,135554.0000,1830103ZW000013000080A,,6012 S 4th St,,,,,,,nearest_footprint_within_35m,medium,24.22,https://arcgis.tampagov.net/arcgis/rest/services/OpenData/Location/MapServer/0
tpa-cd0d5eb06fa587,loc-b8d88f3a9623e9d7,440678,196234.0000,192930509000107000320A,,325 Columbia Dr,,,,,,,nearest_footprint_within_35m,medium,21.15,https://arcgis.tampagov.net/arcgis/rest/services/OpenData/Location/MapServer/0
tpa-878bf0671ad261,loc-e6a8cd71da0a4cd2,698433,127738.0000,1830033VL000005000150A,,3120 W Knights Ave,,,,,,,point_in_building_footprint,high,0.0,https://arcgis.tampagov.net/arcgis/rest/services/OpenData/Location/MapServer/0
tpa-55a732eff8835b,loc-d43b1819e937dd56,771583,119297.0000,1829283QS000003000050A,,4008 W Estrella St,,,,,,,point_in_building_footprint,high,0.0,https://arcgis.tampagov.net/arcgis/rest/services/OpenData/Location/MapServer/0
tpa-e5d4005f86acb4,loc-1f833fd4600ecccf,68287,194864.0000,182925509000006000440A,,88 Adalia Ave,2000,5485,4071,1,,,exact_address_nearby_footprint,high,1.23,https://arcgis.tampagov.net/arcgis/rest/services/OpenData/Location/MapServer/0
tpa-7d71bf505e0332,loc-edac14ee04777819,771480,119927.0000,1829283RL000000000080A,,3916 W San Miguel St,,,,,,,nearest_footprint_within_35m,medium,25.46,https://arcgis.tampagov.net/arcgis/rest/services/OpenData/Location/MapServer/0
tpa-efdbf7581ee899,loc-999d350489e507c3,131791,138921.0100,18302042J000156000080A,,7315 S Juanita St,2001,1618,1260,1,,,nearest_footprint_within_35m,medium,34.33,https://arcgis.tampagov.net/arcgis/rest/services/OpenData/Location/MapServer/0
tpa-168806a01910ae,loc-6a2d72d1a461ab13,147969,167287.0000,1829114HD000035000190A,,1003 W Fribley St,1947,1092,1060,1,,,nearest_footprint_within_35m,medium,21.18,https://arcgis.tampagov.net/arcgis/rest/services/OpenData/Location/MapServer/0
tpa-fe5eb5476d51dd,loc-f23fbda82b375b88,749940,163605.0000,1828364FB000000006720A,,212 W Lambright St,,,,,,,point_in_building_footprint,high,0.0,https://arcgis.tampagov.net/arcgis/rest/services/OpenData/Location/MapServer/0
tpa-c9e1feb765c980,loc-0e66595e27e5a2f1,689897,111068.0000,1829163JE000002000200A,,4309 W La Salle St,,,,,,,nearest_footprint_within_35m,medium,32.62,https://arcgis.tampagov.net/arcgis/rest/services/OpenData/Location/MapServer/0
tpa-46f2d75faddf5f,loc-24657c53bd86a317,701227,121810.0000,1829323T7000020000090A,,4818 W San Jose St,,,,,,,nearest_footprint_within_35m,medium,27.06,https://arcgis.tampagov.net/arcgis/rest/services/OpenData/Location/MapServer/0
tpa-bf814d9d8768d6,loc-752b6c8bc25e6a25,341139,134536.0050,1830103ZCT00000000010A,,2925 W Tyson Ave,1979,1472,1104,1,,,nearest_footprint_within_35m,medium,33.91,https://arcgis.tampagov.net/arcgis/rest/services/OpenData/Location/MapServer/0
tpa-fbb08965f181a1,loc-e4faa9dde9734a01,289022,127698.0000,1830033VJ000000000500A,,2908 W Villa Rosa Park,1923,936,936,1,,,nearest_footprint_within_35m,medium,24.58,https://arcgis.tampagov.net/arcgis/rest/services/OpenData/Location/MapServer/0
tpa-5304f0af5748ea,loc-b5136d799e2ea024,769442,136004.0000,18301540X000000000130A,,3003 W Van Buren Dr,,,,,,,nearest_footprint_within_35m,medium,25.66,https://arcgis.tampagov.net/arcgis/rest/services/OpenData/Location/MapServer/0
tpa-ca19614a93e0e9,loc-e4088e333d4817ec,775731,181898.0000,1829114QE000020000070A,,2710 N Ridgewood Ave,,,,,,,exact_address_nearby_footprint,high,15.37,https://arcgis.tampagov.net/arcgis/rest/services/OpenData/Location/MapServer/0
tpa-92b36258cff2d5,loc-e0077adf1b0a15a8,382063,196488.0000,18293650I000005000050A,,631 Ontario Ave,1959,2336,2268,1,,,point_in_building_footprint,high,0.0,https://arcgis.tampagov.net/arcgis/rest/services/OpenData/Location/MapServer/0
tpa-3e95fb852d13bb,loc-b53347ba43f825ea,134584,195392.0000,182936509000039000100A,,456 Marmora Ave,1957,1590,1526,1,,,point_in_building_footprint,high,0.0,https://arcgis.tampagov.net/arcgis/rest/services/OpenData/Location/MapServer/0
tpa-b16bad94755d94,loc-00aa857eaa3b00be,771434,113231.0000,1829203L2000006000160A,,208 S Ward St,,,,,,,point_in_building_footprint,high,0.0,https://arcgis.tampagov.net/arcgis/rest/services/OpenData/Location/MapServer/0
tpa-6c00829039efb3,loc-937c5c143e813b7f,216536,137158.0000,18301641S000008000110A,,6238 S Grady Ave,1958,1212,1128,1,,,point_in_building_footprint,high,0.0,https://arcgis.tampagov.net/arcgis/rest/services/OpenData/Location/MapServer/0
tpa-0c08135824e6ab,loc-0697a2c968e85919,187860,164389.0000,1828364FX000036000050A,,110 W Powhatan Ave,,,,,,,nearest_footprint_within_35m,medium,17.89,https://arcgis.tampagov.net/arcgis/rest/services/OpenData/Location/MapServer/0
tpa-48e2b72ae0d7c3,loc-df6448ce4a420024,698247,133960.0000,1830093YR000000000503A,,4114 Oklahoma Ave,,,,,,,nearest_footprint_within_35m,medium,22.76,https://arcgis.tampagov.net/arcgis/rest/services/OpenData/Location/MapServer/0
tpa-3833bce745a422,loc-3fa6b05517cb1f15,15323,195333.0000,182936509000033000190A,,360 Blanca Ave,1960,6108,4428,1,,,nearest_footprint_within_35m,medium,33.42,https://arcgis.tampagov.net/arcgis/rest/services/OpenData/Location/MapServer/0
tpa-6e55660e90cae5,loc-736765d67abb2e1d,56308,177979.0000,1829144PE000006000040A,,2314 W Arch St,1913,1182,892,1,,,nearest_footprint_within_35m,medium,19.35,https://arcgis.tampagov.net/arcgis/rest/services/OpenData/Location/MapServer/0
tpa-589558ecac1e37,loc-2df0ea173590f170,697428,196940.0000,1829254TC000003000040A,,711 S Fielding Ave,,,,,,,nearest_footprint_within_35m,medium,19.23,https://arcgis.tampagov.net/arcgis/rest/services/OpenData/Location/MapServer/0
tpa-5019b985bd1d77,loc-c3fb8542a1c85f88,77596,134151.0000,1830103YV000004000150A,,3219 W Pearl Ave,1951,2036,1354,1,,,nearest_footprint_within_35m,medium,25.74,https://arcgis.tampagov.net/arcgis/rest/services/OpenData/Location/MapServer/0
tpa-df2cedad65ca3b,loc-bb92d61953c45e42,747888,164648.0000,1829014G5000005000100A,,5229 N Florida Ave,,,,,,,point_in_building_footprint,high,0.0,https://arcgis.tampagov.net/arcgis/rest/services/OpenData/Location/MapServer/0
tpa-c155a84ecb628b,loc-03296a72a7b34724,237375,101684.0100,1828263FF000000002620A,,1509 W Hamilton Ave,1999,1584,1200,1,,,nearest_footprint_within_35m,medium,30.43,https://arcgis.tampagov.net/arcgis/rest/services/OpenData/Location/MapServer/0
tpa-b9b13f05dc4299,loc-927bb173b85d002a,194581,99238.0000,1828243EF000022000030A,,8412 N Dixon Ave 1/2,1950,1300,1188,2,,,nearest_footprint_within_35m,medium,30.27,https://arcgis.tampagov.net/arcgis/rest/services/OpenData/Location/MapServer/0
tpa-4543a98324861f,loc-a739808c5fe328ab,53213,113216.0000,1829203L2000005000160A,,208 S Gardenia Ave,1968,1904,1428,1,,,nearest_footprint_within_35m,medium,14.36,https://arcgis.tampagov.net/arcgis/rest/services/OpenData/Location/MapServer/0
tpa-4e7e46c0d9d4e5,loc-49fe8f35fd9d6e40,81666,186018.0000,1829264U2000006000030A,,905 S Packwood Ave,1986,2953,2475,,,,point_in_building_footprint,high,0.0,https://arcgis.tampagov.net/arcgis/rest/services/OpenData/Location/MapServer/0
tpa-a95ad854a24323,loc-08d0e29b142aea30,286406,136124.0000,18301540Z000004000050A,,2802 W Foster Ave,,,,,,,nearest_footprint_within_35m,medium,31.78,https://arcgis.tampagov.net/arcgis/rest/services/OpenData/Location/MapServer/0
tpa-951e1ec3d57f7c,loc-a309928a337228e2,641290,117493.0112,1829263P5000002000030A,,2403 W Palm Dr 3,,,,,,,nearest_footprint_within_35m,medium,26.9,https://arcgis.tampagov.net/arcgis/rest/services/OpenData/Location/MapServer/0
tpa-20100da395bb0d,loc-6f6ded4fdaa9760e,641290,117493.0112,1829263P5000002000030A,,2403 W Palm Dr 3,,,,,,,nearest_footprint_within_35m,medium,26.9,https://arcgis.tampagov.net/arcgis/rest/services/OpenData/Location/MapServer/0
tpa-828dd009aca3b8,loc-29ec5c9f95ba3a89,8705,113311.0000,1829203L400000000022CA,,5107 W Azeele St,1956,2799,1450,1,,,point_in_building_footprint,high,0.0,https://arcgis.tampagov.net/arcgis/rest/services/OpenData/Location/MapServer/0
tpa-b18c3da49664fe,loc-73e8e3dfd7d9f5fc,65330,187303.0000,1929074VB000001000060A,,2919 N 18th St,1920,924,792,1,,,nearest_footprint_within_35m,medium,24.89,https://arcgis.tampagov.net/arcgis/rest/services/OpenData/Location/MapServer/0
tpa-2cb197c3074901,loc-96139769a1804924,151261,116020.0000,1829213MH000001000160A,,4105 W De Leon St,,,3356,,,,nearest_footprint_within_35m,medium,23.02,https://arcgis.tampagov.net/arcgis/rest/services/OpenData/Location/MapServer/0
tpa-47001d0f806223,loc-3d975980fc807551,771503,121002.0000,1829293SL000019000027A,,2115 S West Shore Blvd,,,,,,,point_in_building_footprint,high,0.0,https://arcgis.tampagov.net/arcgis/rest/services/OpenData/Location/MapServer/0
tpa-488809dc299db3,loc-79dd39b8b0ec43c1,80447,98052.0000,1828233DSA00000000020A,,2128 W Sewaha St,1957,1216,816,1,,,point_in_building_footprint,high,0.0,https://arcgis.tampagov.net/arcgis/rest/services/OpenData/Location/MapServer/0
tpa-454f1f3ea8406d,loc-a7b55a460732f02a,301182,100794.0000,1828253ET000003000160A,,8106 N Lynn Ave,1951,1948,860,1,,,point_in_building_footprint,high,0.0,https://arcgis.tampagov.net/arcgis/rest/services/OpenData/Location/MapServer/0
tpa-9a5d26340e52a8,loc-e058c11535a7f108,770871,123133.0000,1829323TN000013000140A,,5004 W Euclid Ave,,,,,,,nearest_footprint_within_35m,medium,22.29,https://arcgis.tampagov.net/arcgis/rest/services/OpenData/Location/MapServer/0
tpa-c1214d4efa43ff,loc-573c70bd86f9a440,709634,102167.0000,1828263G1000000000251A,,1703 W Sligh Ave,,,,,,,point_in_building_footprint,high,0.0,https://arcgis.tampagov.net/arcgis/rest/services/OpenData/Location/MapServer/0
tpa-6cbd40fc336d20,loc-bf45d28e6f8aa022,327923,169387.0000,1829364J6C00000000130A,,570 W Davis Blvd,1956,3964,2780,1,,,nearest_footprint_within_35m,medium,25.0,https://arcgis.tampagov.net/arcgis/rest/services/OpenData/Location/MapServer/0
tpa-cd5311efe1dede,loc-512777b80ccb5f92,705337,98745.0000,1828233E9000024000050A,,1409 W Arctic St,,,,,,,nearest_footprint_within_35m,medium,30.0,https://arcgis.tampagov.net/arcgis/rest/services/OpenData/Location/MapServer/0
tpa-df98c3ef86263b,loc-40451b6b8e736ce6,159983,121290.0000,1829293SY000000000090A,,5015 W San Miguel St,,,,,,,nearest_footprint_within_35m,medium,25.27,https://arcgis.tampagov.net/arcgis/rest/services/OpenData/Location/MapServer/0
tpa-46411d97dd91d5,loc-c49e85cc5697f66f,549611,139140.0000,18302042J000193000160A,,7502 S Germer St,,,,,,,nearest_footprint_within_35m,medium,15.75,https://arcgis.tampagov.net/arcgis/rest/services/OpenData/Location/MapServer/0
tpa-c2504cfbdd6587,loc-c076f7f395503dfc,363409,136939.0000,18301541R000000000210A,,3014 N Adams St,1950,1081,1027,1,,,point_in_building_footprint,high,0.0,https://arcgis.tampagov.net/arcgis/rest/services/OpenData/Location/MapServer/0
tpa-0055e806d2e998,loc-318132e43f5647c7,278571,117558.0000,1829273PB000000000400A,,2534 W Sunset Dr,1996,3374,2168,,,,point_in_building_footprint,high,0.0,https://arcgis.tampagov.net/arcgis/rest/services/OpenData/Location/MapServer/0
tpa-e8280aaf034cf8,loc-9b3bf41e139662b7,701610,124452.0000,1829333TS000045000070A,,4014 W Leona St,,,,,,,nearest_footprint_within_35m,medium,33.73,https://arcgis.tampagov.net/arcgis/rest/services/OpenData/Location/MapServer/0
tpa-f2a85ff7b3dda5,loc-2804dae7c12173a7,674211,196305.0314,1829249D7000000011040A,,777 N Ashley Dr 1104,,,,,,,point_in_building_footprint,high,0.0,https://arcgis.tampagov.net/arcgis/rest/services/OpenData/Location/MapServer/0
tpa-cb54a6624c5ce9,loc-2515ee1802fe27d9,394115,113223.0000,1829203L2000006000050A,,215 S Gardenia Ave,1965,3015,2676,1,,,point_in_building_footprint,high,0.0,https://arcgis.tampagov.net/arcgis/rest/services/OpenData/Location/MapServer/0
tpa-0932775c849383,loc-c94e35b6b39e6342,175924,181694.0100,1829114QE000009000070A,,914 W Braddock St,1982,1890,1488,1,,,nearest_footprint_within_35m,medium,15.19,https://arcgis.tampagov.net/arcgis/rest/services/OpenData/Location/MapServer/0
tpa-0f27c8e3e4a190,loc-6d2f56cb16782021,280312,130496.0000,1830053X8000007000300A,,4314 S Renellie Dr,1952,1154,864,1,,,point_in_building_footprint,high,0.0,https://arcgis.tampagov.net/arcgis/rest/services/OpenData/Location/MapServer/0
tpa-ce9f1eee723714,loc-f67b3f40e8448fbf,174498,130495.0000,1830053X8000007000290A,,4316 S Renellie Dr,1952,1444,864,1,,,point_in_building_footprint,high,0.0,https://arcgis.tampagov.net/arcgis/rest/services/OpenData/Location/MapServer/0
tpa-1ea35e3ba1e04b,loc-1eaab0e4ecc06abe,90992,120900.5000,1829293SL000009000033A,,4616 W Estrella St,1969,2320,1781,1,,,nearest_footprint_within_35m,medium,20.44,https://arcgis.tampagov.net/arcgis/rest/services/OpenData/Location/MapServer/0
tpa-b0b751553dd485,loc-4348d374e0550cee,141769,122314.0000,1829323TF000000000820A,,4628 W Euclid Ave,,,,,,,nearest_footprint_within_35m,medium,19.3,https://arcgis.tampagov.net/arcgis/rest/services/OpenData/Location/MapServer/0
tpa-3212f3cc3b2855,loc-f6a94c5a4f69bc8b,224909,110967.0020,182917ZZZ000005476202A,,2223 N West Shore Blvd 400,2001,144567,140952,,,,point_in_building_footprint,high,0.0,https://arcgis.tampagov.net/arcgis/rest/services/OpenData/Location/MapServer/0
tpa-7c219f1032e393,loc-9b4e2bde10303f9f,38784,126046.0200,1829343U4000046000090A,,3318 W Barcelona St,1988,2293,2240,1,,,point_in_building_footprint,high,0.0,https://arcgis.tampagov.net/arcgis/rest/services/OpenData/Location/MapServer/0
tpa-673955c5f37db0,loc-7e75748813319048,8276,120921.0000,1829293SL000012000020A,,4901 W Melrose Ave,1978,3022,2316,1,,,nearest_footprint_within_35m,medium,23.08,https://arcgis.tampagov.net/arcgis/rest/services/OpenData/Location/MapServer/0
tpa-9877a5f8b1da0b,loc-3c5cdcf0c395d3e9,153689,121047.0000,1829293SN000000000071A,,2318 S Occident St,1968,3363,2938,1,,,point_in_building_footprint,high,0.0,https://arcgis.tampagov.net/arcgis/rest/services/OpenData/Location/MapServer/0
tpa-f24486ebcbdca9,loc-9afb316726e20a89,257730,138184.0100,18301742D000018000150A,,6604 S Juanita St B,1983,3680,1728,2,,,nearest_footprint_within_35m,medium,33.0,https://arcgis.tampagov.net/arcgis/rest/services/OpenData/Location/MapServer/0
tpa-62253fde489651,loc-1e08938edabd81cb,754543,122995.0000,1829323TN000008000050A,,3609 S Belcher Dr,,,,,,,point_in_building_footprint,high,0.0,https://arcgis.tampagov.net/arcgis/rest/services/OpenData/Location/MapServer/0
tpa-3c346e6bb0b02f,loc-6e2606e0d69f14d3,361574,195526.0000,182936509000045000330A,,488 Severn Ave,,,,,,,nearest_footprint_within_35m,medium,13.89,https://arcgis.tampagov.net/arcgis/rest/services/OpenData/Location/MapServer/0
tpa-800faea43666ee,loc-281f2e983683cdaa,222370,134686.0125,1830103ZFK00000000140A,,2913 W Trilby Ave,1994,1652,1306,1,,,nearest_footprint_within_35m,medium,14.13,https://arcgis.tampagov.net/arcgis/rest/services/OpenData/Location/MapServer/0
tpa-3aa9c7d9a5ac81,loc-de7261a394a15203,105247,134583.0000,1830103ZDC00000000200A,,2805 Wallace Ave,1958,1214,824,1,,,nearest_footprint_within_35m,medium,27.2,https://arcgis.tampagov.net/arcgis/rest/services/OpenData/Location/MapServer/0
tpa-d570dccd6fbf7c,loc-7cb3ad3ffc663c2d,318133,144912.0012,192818A1W000000000010A,,1501 E Fowler Ave,1975,1958,1958,,,,nearest_footprint_within_35m,medium,30.34,https://arcgis.tampagov.net/arcgis/rest/services/OpenData/Location/MapServer/0
tpa-155e0655df05cb,loc-b28b8e370ef18790,164328,120028.0000,1829283RQ000000000120A,,4062 Henderson Blvd,1955,3434,3434,,1,,nearest_footprint_within_35m,medium,17.42,https://arcgis.tampagov.net/arcgis/rest/services/OpenData/Location/MapServer/0
tpa-dce94fb68a7bb5,loc-75dc21a5c25b59a7,19966,98504.0000,1828233E9000005000010A,,8500 N Boulevard,1939,1306,1241,1,,,nearest_footprint_within_35m,medium,18.61,https://arcgis.tampagov.net/arcgis/rest/services/OpenData/Location/MapServer/0
tpa-a9a2eaa939e4bc,loc-9a3c558e1b43c11a,749210,103926.0000,1828353GU000000000264A,,1108 W Knollwood St,,,,,,,nearest_footprint_within_35m,medium,17.81,https://arcgis.tampagov.net/arcgis/rest/services/OpenData/Location/MapServer/0
tpa-aacb3517a63624,loc-26b4fb3e0f2457ca,481771,125272.0050,1829333U0000000001401A,,3615 S Himes Ave,,,,,,,nearest_footprint_within_35m,medium,33.8,https://arcgis.tampagov.net/arcgis/rest/services/OpenData/Location/MapServer/0
tpa-fa5060b2438f7f,loc-3a1bd47351cf8c15,230780,125275.0000,1829333U0000000001450A,,3616 E Sterling Cir,1949,2188,1615,1,,,nearest_footprint_within_35m,medium,31.9,https://arcgis.tampagov.net/arcgis/rest/services/OpenData/Location/MapServer/0
tpa-a6ff3219bd560c,loc-d99a6df438ebee99,649740,185812.0062,1829264TF000002000060A,,919 S Rome Ave 6,,,,,,,nearest_footprint_within_35m,medium,18.58,https://arcgis.tampagov.net/arcgis/rest/services/OpenData/Location/MapServer/0
tpa-65cea154326b52,loc-7ed32ffaaabec9bc,59654,118558.0300,1829273QA000004000171A,,2444 W Neptune St,1996,3848,2906,1,,,point_in_building_footprint,high,0.0,https://arcgis.tampagov.net/arcgis/rest/services/OpenData/Location/MapServer/0
tpa-9095f067186f4f,loc-2817a97d59a5458e,697623,127264.8172,182934B3M000000000010A,,2802 W Barcelona St,,,,,,,nearest_footprint_within_35m,medium,9.04,https://arcgis.tampagov.net/arcgis/rest/services/OpenData/Location/MapServer/0
tpa-d387519a4550c3,loc-4d7c45e05c2cd28e,248696,186038.0000,1829264U2000009000020A,,903 S Fremont Ave,1921,1755,1515,1,,,nearest_footprint_within_35m,medium,16.69,https://arcgis.tampagov.net/arcgis/rest/services/OpenData/Location/MapServer/0
tpa-a834a580e80dbb,loc-d08acb84f8fa8c88,743256,112014.0000,1829163JP000000000100A,,3907 W Palmetto St,,,,,,,nearest_footprint_within_35m,medium,19.55,https://arcgis.tampagov.net/arcgis/rest/services/OpenData/Location/MapServer/0
tpa-1db614043b0dfa,loc-fbf8528bb5648c4a,191676,119481.0000,1829283QT000006000080A,,4013 W San Rafael St,2004,3924,2255,1,,,nearest_footprint_within_35m,medium,28.64,https://arcgis.tampagov.net/arcgis/rest/services/OpenData/Location/MapServer/0
tpa-e972707b6de629,loc-ff23002d0c7eb468,85158,124072.0000,1829333TR000018000200A,,4109 W San Juan St,1994,3421,2664,1,,,nearest_footprint_within_35m,medium,20.39,https://arcgis.tampagov.net/arcgis/rest/services/OpenData/Location/MapServer/0
tpa-f6aa3256b41ed9,loc-f5e2bf3038f1e62f,776134,166724.0000,1829114HA000002000200A,,801 W Orient St,,,,,,,point_in_building_footprint,high,0.0,https://arcgis.tampagov.net/arcgis/rest/services/OpenData/Location/MapServer/0
tpa-1774cdbbea024a,loc-e8d4d8231f439209,550364,132427.4194,183008B2Z000000000320A,,5120 Bridge St 4,,,,,,,nearest_footprint_within_35m,medium,17.04,https://arcgis.tampagov.net/arcgis/rest/services/OpenData/Location/MapServer/0
tpa-47f42c6c6bfc35,loc-4f11cb94ebf6fc95,40630,126563.0100,1829343UI000072000080A,,3316 W San Juan St,1975,1479,1392,2,,,nearest_footprint_within_35m,medium,33.56,https://arcgis.tampagov.net/arcgis/rest/services/OpenData/Location/MapServer/0
tpa-60040503ce1f70,loc-b7e0436754184fa4,551486,134058.7192,183009B39000000000010A,,5145 S Dale Mabry Hwy,,,,,,,exact_address_nearby_footprint,high,86.72,https://arcgis.tampagov.net/arcgis/rest/services/OpenData/Location/MapServer/0
tpa-60040503ce1f70,loc-b7e0436754184fa4,551572,134058.7192,183009B39000000000010A,,5145 S Dale Mabry Hwy,,,,,,,exact_address_nearby_footprint,high,71.94,https://arcgis.tampagov.net/arcgis/rest/services/OpenData/Location/MapServer/0
tpa-60040503ce1f70,loc-b7e0436754184fa4,551523,134058.7192,183009B39000000000010A,,5145 S Dale Mabry Hwy,,,,,,,exact_address_nearby_footprint,high,67.45,https://arcgis.tampagov.net/arcgis/rest/services/OpenData/Location/MapServer/0
tpa-55f90a91e604bd,loc-a0da86a1e9333b04,691629,107506.0000,1829033IKD00000000150A,,2730 W Louisiana Ave,,,,,,,point_in_building_footprint,high,0.0,https://arcgis.tampagov.net/arcgis/rest/services/OpenData/Location/MapServer/0
tpa-97d0407122e58f,loc-c22d2dac04ba6dad,771357,118332.0000,1829273Q6000000000010A,,1515 S Arrawana Ave,,,,,,,nearest_footprint_within_35m,medium,31.77,https://arcgis.tampagov.net/arcgis/rest/services/OpenData/Location/MapServer/0
tpa-ee602e95ef2f67,loc-2b5c2a712c6f89b2,246701,194001.0000,1829244ZU000001000030A,,429 W Kennedy Blvd,2013,5500,5500,,,,nearest_footprint_within_35m,medium,29.68,https://arcgis.tampagov.net/arcgis/rest/services/OpenData/Location/MapServer/0
tpa-4f574427412a2e,loc-9c547817be9f867d,180250,131854.0000,1830083XI000004000040A,,4726 W Iowa Ave,1957,1460,1004,1,,,nearest_footprint_within_35m,medium,23.79,https://arcgis.tampagov.net/arcgis/rest/services/OpenData/Location/MapServer/0
tpa-f8a04ea46494f0,loc-0a1ef5c75c7eba02,691260,193323.0000,1829244ZI000017000021A,,915 N Franklin St,,,,,,,exact_address_nearby_footprint,high,30.86,https://arcgis.tampagov.net/arcgis/rest/services/OpenData/Location/MapServer/0
tpa-8d2eb54321fac9,loc-cfc7dea0009b718e,701885,120990.0000,1829293SL000019000016A,,2106 S Occident St,,,,,,,point_in_building_footprint,high,0.0,https://arcgis.tampagov.net/arcgis/rest/services/OpenData/Location/MapServer/0
tpa-e91099928a5d8b,loc-5ed0a8f278b961b0,674211,196305.0314,1829249D7000000011040A,,777 N Ashley Dr 1104,,,,,,,point_in_building_footprint,high,0.0,https://arcgis.tampagov.net/arcgis/rest/services/OpenData/Location/MapServer/0
tpa-b2d8e2a8f7067a,loc-2c39e1e583df135b,84417,134849.0100,1830103ZM00005A000220A,,6202 S Elberon St,1980,1346,1120,1,,,nearest_footprint_within_35m,medium,14.64,https://arcgis.tampagov.net/arcgis/rest/services/OpenData/Location/MapServer/0
tpa-99e14bf8478da4,loc-82a88d57ada1ef3c,364176,179289.0000,1829144PQ000035000080A,,2530 W Pine St,,,,,,,point_in_building_footprint,high,0.0,https://arcgis.tampagov.net/arcgis/rest/services/OpenData/Location/MapServer/0
tpa-70f097e3e7a8b7,loc-8941bb036b8344e4,775656,171314.0000,192906ZZZ000005883200A,,1309 E North Bay St,,,,,,,exact_address_nearby_footprint,high,4.71,https://arcgis.tampagov.net/arcgis/rest/services/OpenData/Location/MapServer/0
tpa-08625a68aae13a,loc-2aa85c02e2a8c98d,748592,104401.0000,1828353H0000003000050A,,2110 W Powhatan Ave,,,,,,,nearest_footprint_within_35m,medium,18.64,https://arcgis.tampagov.net/arcgis/rest/services/OpenData/Location/MapServer/0
tpa-aa1b983e4df8ce,loc-54e7837e248d7273,743256,112014.0000,1829163JP000000000100A,,3907 W Palmetto St,,,,,,,point_in_building_footprint,high,0.0,https://arcgis.tampagov.net/arcgis/rest/services/OpenData/Location/MapServer/0
tpa-f80a01d50affd9,loc-d78345de6aec965d,639578,114293.1566,182920C2I000000000080A,,4515 W North A St 1,,,,,,,nearest_footprint_within_35m,medium,5.59,https://arcgis.tampagov.net/arcgis/rest/services/OpenData/Location/MapServer/0
tpa-18d0bca9bdffa9,loc-4dac7fdfb9fb5da2,639578,114293.1566,182920C2I000000000080A,,4515 W North A St 1,,,,,,,nearest_footprint_within_35m,medium,5.59,https://arcgis.tampagov.net/arcgis/rest/services/OpenData/Location/MapServer/0
tpa-71ba922da48242,loc-31a34150669e7bab,586720,177638.0100,1829144PB000017000011A,,1700 W Saint Conrad St,,,,,,,nearest_footprint_within_35m,medium,23.56,https://arcgis.tampagov.net/arcgis/rest/services/OpenData/Location/MapServer/0
tpa-55e66f6d1d7c40,loc-fa5e5583dba88522,328693,187814.0000,1929084VK000033000160A,,2608 E 25th Ave,1915,2090,1310,1,,,nearest_footprint_within_35m,medium,26.49,https://arcgis.tampagov.net/arcgis/rest/services/OpenData/Location/MapServer/0
tpa-e80a7f0c6f0e0f,loc-92cb8fc05d677db1,102308,196779.0000,18292550I000009000010A,,132 Huron Ave,1974,3018,2376,1,,,nearest_footprint_within_35m,medium,20.63,https://arcgis.tampagov.net/arcgis/rest/services/OpenData/Location/MapServer/0
tpa-0523e77d8d20da,loc-e6df79a423e7bdbc,210471,177166.0000,1829114P2000009000240A,,3306 N Howard Ave,1926,1100,1048,1,,,point_in_building_footprint,high,0.0,https://arcgis.tampagov.net/arcgis/rest/services/OpenData/Location/MapServer/0
tpa-84a98fcb1bcae2,loc-ad9c027f34263970,201649,136503.0000,18301541GG00000000150A,,6309 S Main Ave,1981,2080,1708,1,,,nearest_footprint_within_35m,medium,22.03,https://arcgis.tampagov.net/arcgis/rest/services/OpenData/Location/MapServer/0
tpa-d58c64c80a6654,loc-7f9d0e25710841f1,121832,196013.0000,182936509000094000020A,,575 Bosphorous Ave,1954,2804,2804,1,,,point_in_building_footprint,high,0.0,https://arcgis.tampagov.net/arcgis/rest/services/OpenData/Location/MapServer/0
tpa-5e4fcdcb906be9,loc-2fabfe3979dd8f68,115792,139147.0000,18302042J000195000040A,,7507 S Obrien St,1950,1392,1272,,,,point_in_building_footprint,high,0.0,https://arcgis.tampagov.net/arcgis/rest/services/OpenData/Location/MapServer/0
tpa-13c2ceb279e24c,loc-7630c2d3c535ca08,395752,121931.0000,1829323T7000029000040A,,5008 W Longfellow Ave,1926,3731,2656,1,,,point_in_building_footprint,high,0.0,https://arcgis.tampagov.net/arcgis/rest/services/OpenData/Location/MapServer/0
tpa-be427247ca8273,loc-b44d438401e45c79,338631,119881.0100,1829283RG000000000080A,,4115 Henderson Blvd,1965,4564,4500,,,,point_in_building_footprint,high,0.0,https://arcgis.tampagov.net/arcgis/rest/services/OpenData/Location/MapServer/0
tpa-faf8178d36a931,loc-799076d418541105,642936,128977.5012,1830033WLA00000000060A,,2817 W Hawthorne Rd,,,,,,,nearest_footprint_within_35m,medium,18.75,https://arcgis.tampagov.net/arcgis/rest/services/OpenData/Location/MapServer/0
tpa-5e84b7afd35560,loc-843da6ca5c5b1ff3,247165,120922.0000,1829293SL000012000030A,,4906 W Estrella St,1976,3016,2304,1,,,point_in_building_footprint,high,0.0,https://arcgis.tampagov.net/arcgis/rest/services/OpenData/Location/MapServer/0
tpa-747f5c445ff928,loc-1996132249726214,770839,125957.0000,1829343U4000040000040A,,3208 W Palmira Ave,,,,,,,nearest_footprint_within_35m,medium,33.14,https://arcgis.tampagov.net/arcgis/rest/services/OpenData/Location/MapServer/0
tpa-ff70156e988797,loc-f430a21f0ea9b2c7,476126,136492.0000,18301541GG00000000010A,,6306 Interbay Blvd,,,,,,,nearest_footprint_within_35m,medium,11.4,https://arcgis.tampagov.net/arcgis/rest/services/OpenData/Location/MapServer/0
tpa-845599e11d236f,loc-077a944f51f63f40,91842,177639.0000,1829144PB000017000040A,,1708 W Saint Conrad St,1962,1515,1150,1,,,nearest_footprint_within_35m,medium,22.76,https://arcgis.tampagov.net/arcgis/rest/services/OpenData/Location/MapServer/0
tpa-753135ef983deb,loc-278c550c51a6b09e,224909,110967.0020,182917ZZZ000005476202A,,2223 N West Shore Blvd 400,2001,144567,140952,,,,point_in_building_footprint,high,0.0,https://arcgis.tampagov.net/arcgis/rest/services/OpenData/Location/MapServer/0
tpa-3cf4dfd38f377f,loc-a60d618b248ba853,260389,119948.0000,1829283RL000000000410A,,3906 W San Obispo St,1951,1555,1497,1,,,nearest_footprint_within_35m,medium,33.39,https://arcgis.tampagov.net/arcgis/rest/services/OpenData/Location/MapServer/0
tpa-8971084acb75a6,loc-de0c2e1b84e9a346,549732,138776.0000,18302042J000141000110A,,7209 S West Shore Blvd,,,,,,,nearest_footprint_within_35m,medium,33.33,https://arcgis.tampagov.net/arcgis/rest/services/OpenData/Location/MapServer/0
tpa-ae074f0335066d,loc-4c11539af4140bd6,512880,99617.0000,1828243EK000000000140A,,414 Floriland Ave,,,,,,,point_in_building_footprint,high,0.0,https://arcgis.tampagov.net/arcgis/rest/services/OpenData/Location/MapServer/0
tpa-fff5b3cdf36fa8,loc-67b9792851acfe97,755407,181568.0000,1829114QA000022000040A,,1108 W Charter St,,,,,,,nearest_footprint_within_35m,medium,29.04,https://arcgis.tampagov.net/arcgis/rest/services/OpenData/Location/MapServer/0
tpa-06f84eb6150e1b,loc-20888fc314789179,40241,114575.0000,1829213LG000015000130A,,4001 W Carmen St,1960,1100,1100,1,,,point_in_building_footprint,high,0.0,https://arcgis.tampagov.net/arcgis/rest/services/OpenData/Location/MapServer/0
tpa-c513d0ffc576b5,loc-cea3c4965e9d0acd,151516,169093.0100,1829224IZ000001000070A,,209 N Woodlynne Ave,1974,1348,1296,1,,,nearest_footprint_within_35m,medium,33.37,https://arcgis.tampagov.net/arcgis/rest/services/OpenData/Location/MapServer/0
tpa-a11df607f1a8ed,loc-e7643e165559402c,722032,142853.0000,192822440000000000204A,,9232 N 52nd St,,,,,,,nearest_footprint_within_35m,medium,27.99,https://arcgis.tampagov.net/arcgis/rest/services/OpenData/Location/MapServer/0
tpa-8aad57ec1374aa,loc-ffb529377efcc1aa,749840,162924.0000,1828364F4000000000210A,,6808 N River Blvd,,,,,,,nearest_footprint_within_35m,medium,31.08,https://arcgis.tampagov.net/arcgis/rest/services/OpenData/Location/MapServer/0
tpa-a69cddc7ee42c0,loc-d753ea55cd39616b,105373,183381.0000,1829144S0B00000000160A,,711 W Frances Ave,1928,1316,1140,1,,,nearest_footprint_within_35m,medium,14.18,https://arcgis.tampagov.net/arcgis/rest/services/OpenData/Location/MapServer/0
tpa-38c8460b328285,loc-01d6671818901305,709488,102429.0400,1828263G5000014000080A,,2106 W Crawford St,,,,,,,nearest_footprint_within_35m,medium,19.16,https://arcgis.tampagov.net/arcgis/rest/services/OpenData/Location/MapServer/0
tpa-64d492142bd08c,loc-38cb36d1e1fc9c8a,80790,176236.0000,1829104OR000007000150A,,2721 W Kathleen St,1948,920,432,1,,,nearest_footprint_within_35m,medium,26.35,https://arcgis.tampagov.net/arcgis/rest/services/OpenData/Location/MapServer/0
tpa-91e26ba076bde5,loc-a376a4143fb13c5b,354936,190130.0000,192919ZZZ000005932000A,,200 N 19th St,1976,16290,16290,,,,exact_address_nearby_footprint,high,85.12,https://arcgis.tampagov.net/arcgis/rest/services/OpenData/Location/MapServer/0
tpa-4c491c74bbd352,loc-2949171c794b7d14,473258,117963.0000,1829273Q1000011000010A,,801 S Woodlyn Dr,,,,,,,nearest_footprint_within_35m,medium,19.23,https://arcgis.tampagov.net/arcgis/rest/services/OpenData/Location/MapServer/0
tpa-a4e0d1e89335b5,loc-91258c3815a4adbc,50929,106666.0000,1829033I0000000000140A,,2906 W Louisiana Ave,1958,2671,1784,1,,,nearest_footprint_within_35m,medium,34.98,https://arcgis.tampagov.net/arcgis/rest/services/OpenData/Location/MapServer/0
tpa-18efac5029086e,loc-52be8aff4a8b63e7,46641,179109.0000,1829154PQ000024000060A,,2522 W Beach St,1959,1317,912,1,,,nearest_footprint_within_35m,medium,25.9,https://arcgis.tampagov.net/arcgis/rest/services/OpenData/Location/MapServer/0
tpa-e1f6cdc6fbff4e,loc-88083df27b72e1e0,46641,179109.0000,1829154PQ000024000060A,,2522 W Beach St,1959,1317,912,1,,,nearest_footprint_within_35m,medium,22.0,https://arcgis.tampagov.net/arcgis/rest/services/OpenData/Location/MapServer/0
tpa-accf34fda337fe,loc-f3d86f2751b0564f,187394,179745.0000,1829154PQ000061000050A,,2910 W Walnut St,1949,1331,1135,1,,,nearest_footprint_within_35m,medium,26.57,https://arcgis.tampagov.net/arcgis/rest/services/OpenData/Location/MapServer/0
tpa-6d2ee906e3c44f,loc-ad95e74972bc3e3b,74776,98729.0000,1828233E9000022000070A,,1315 W Yukon St,1942,2109,1226,1,,,nearest_footprint_within_35m,medium,27.39,https://arcgis.tampagov.net/arcgis/rest/services/OpenData/Location/MapServer/0
tpa-e8af4e94136767,loc-7b5f028282bfc3ee,265570,181869.0000,1829114QE000019000010A,,1000 W Charter St,2002,3431,1903,,,,nearest_footprint_within_35m,medium,16.14,https://arcgis.tampagov.net/arcgis/rest/services/OpenData/Location/MapServer/0
tpa-757503136a2c42,loc-d564798b139b4c62,378262,127072.0800,1829343UO000000000018A,,2917 W Santiago St,1979,1312,1088,11,,,nearest_footprint_within_35m,medium,34.7,https://arcgis.tampagov.net/arcgis/rest/services/OpenData/Location/MapServer/0
tpa-cfb0502c6ee69c,loc-f98040fd5e8807c5,171295,118542.0000,1829273Q9000000000270A,,2617 W Prospect Rd,1990,3398,2436,,,,nearest_footprint_within_35m,medium,20.08,https://arcgis.tampagov.net/arcgis/rest/services/OpenData/Location/MapServer/0
tpa-2fa48cd756d9a2,loc-adb071765daeb541,710444,163424.0000,1828364FB000000004360A,,209 W Jean St,,,,,,,nearest_footprint_within_35m,medium,26.21,https://arcgis.tampagov.net/arcgis/rest/services/OpenData/Location/MapServer/0
tpa-764dd11659f1eb,loc-34ff466b1d7ee178,639160,113107.0584,1829203KVR00000A00000A,,4614 W Fig St A,,,,,,,nearest_footprint_within_35m,medium,1.64,https://arcgis.tampagov.net/arcgis/rest/services/OpenData/Location/MapServer/0
tpa-2fc503f01fa07a,loc-28e7794553ff1a25,368762,113441.0000,1829293LA000003000020A,,4804 W Woodmere Rd,1925,3082,2812,1,,,point_in_building_footprint,high,0.0,https://arcgis.tampagov.net/arcgis/rest/services/OpenData/Location/MapServer/0
tpa-ca7e547556a454,loc-a4ce37ea2a1a751a,748643,162279.0000,1828354EK000013000092A,,5907 N Kenneth Ave,,,,,,,point_in_building_footprint,high,0.0,https://arcgis.tampagov.net/arcgis/rest/services/OpenData/Location/MapServer/0
tpa-d8629c12856a3e,loc-89721459ba325d5c,274787,150401.0000,192831470000000000250A,,1706 E Jean St,1975,2744,1704,1,,,nearest_footprint_within_35m,medium,33.54,https://arcgis.tampagov.net/arcgis/rest/services/OpenData/Location/MapServer/0
tpa-8d7d8bfd6e3a49,loc-1f4c2590bd9c8bae,695307,169430.0000,1829364J6G00000000070A,,562 Lucerne Ave,,,,,,,point_in_building_footprint,high,0.0,https://arcgis.tampagov.net/arcgis/rest/services/OpenData/Location/MapServer/0
tpa-03a64d104efab5,loc-21c3ba106bb7fd45,320443,165970.0000,1829014GN000008000071A,,415 W North Bay St,1924,1264,1008,1,,,nearest_footprint_within_35m,medium,29.16,https://arcgis.tampagov.net/arcgis/rest/services/OpenData/Location/MapServer/0
tpa-36b1ff81498193,loc-06e434129808cfbc,749831,162956.0000,1828364F5000000000150A,,6800 N River Blvd,,,,,,,point_in_building_footprint,high,0.0,https://arcgis.tampagov.net/arcgis/rest/services/OpenData/Location/MapServer/0
tpa-974cf28aab1517,loc-a24e555226a85857,102768,191200.0000,1829134XD000003000010A,,509 E Sparkman Ave,1930,1408,1280,1,,,point_in_building_footprint,high,0.0,https://arcgis.tampagov.net/arcgis/rest/services/OpenData/Location/MapServer/0
tpa-8b0eb23a54081b,loc-e6b58048294f31dc,771042,124401.0000,1829333TS000041000090A,,4318 W San Luis St,,,,,,,nearest_footprint_within_35m,medium,18.01,https://arcgis.tampagov.net/arcgis/rest/services/OpenData/Location/MapServer/0
tpa-12634ea2ae0857,loc-2c74815131ec4153,771420,112603.0000,1829193K4000000000160A,,5832 Mariner St,,,,,,,point_in_building_footprint,high,0.0,https://arcgis.tampagov.net/arcgis/rest/services/OpenData/Location/MapServer/0
tpa-dc93933fba4d94,loc-c1c7efc05b3d2eb9,768809,149347.0000,19283046RA00000000080A,,1704 E Park Cir,,,,,,,nearest_footprint_within_35m,medium,16.94,https://arcgis.tampagov.net/arcgis/rest/services/OpenData/Location/MapServer/0
tpa-208a2577af0c74,loc-f72b039095a59623,726989,106509.0000,182903ZZZ000005441400A,,4701 N Himes Ave,1960,36027,32758,,1,1,exact_address_nearby_footprint,high,96.25,https://arcgis.tampagov.net/arcgis/rest/services/OpenData/Location/MapServer/0
tpa-208a2577af0c74,loc-f72b039095a59623,726992,106509.0000,182903ZZZ000005441400A,,4701 N Himes Ave,1960,11063,10247,,5,1,exact_address_nearby_footprint,high,39.85,https://arcgis.tampagov.net/arcgis/rest/services/OpenData/Location/MapServer/0
tpa-ba6174367cf5d6,loc-c8c29a47262f1415,709642,101223.0000,1828263FA000004000011A,,1504 W Hamilton Ave,,,,,,,nearest_footprint_within_35m,medium,34.3,https://arcgis.tampagov.net/arcgis/rest/services/OpenData/Location/MapServer/0
tpa-7d97171cacc169,loc-be5554026f6515e8,733833,132427.2630,18300894D000000001150A,,4718 Legacy Park Dr,,,,,,,point_in_building_footprint,high,0.0,https://arcgis.tampagov.net/arcgis/rest/services/OpenData/Location/MapServer/0
tpa-1d633b31035617,loc-6d942d0606b2afdf,733834,132427.2632,18300894D000000001160A,,4720 Legacy Park Dr,,,,,,,nearest_footprint_within_35m,medium,7.67,https://arcgis.tampagov.net/arcgis/rest/services/OpenData/Location/MapServer/0
tpa-f7acd9ea88a07c,loc-f1b9646bc0332f23,710444,163424.0000,1828364FB000000004360A,,209 W Jean St,,,,,,,nearest_footprint_within_35m,medium,26.21,https://arcgis.tampagov.net/arcgis/rest/services/OpenData/Location/MapServer/0
tpa-17eb2da0d58320,loc-fdd755fe468221e7,748623,104544.0000,1828353H0000008000130A,,1726 W Comanche Ave,,,,,,,nearest_footprint_within_35m,medium,16.35,https://arcgis.tampagov.net/arcgis/rest/services/OpenData/Location/MapServer/0
tpa-a4cbeabdf11d84,loc-26ccd7c23f8aaa46,26401,183439.0000,1829144S0G00000000060A,,808 W Amelia Ave,1925,1436,1190,1,,,nearest_footprint_within_35m,medium,16.38,https://arcgis.tampagov.net/arcgis/rest/services/OpenData/Location/MapServer/0
tpa-cf364eb9baa51f,loc-f322a67145a4a3c4,688661,175521.0000,1929174OD000005000160A,,3516 E 11th Ave,,,,,,,nearest_footprint_within_35m,medium,19.68,https://arcgis.tampagov.net/arcgis/rest/services/OpenData/Location/MapServer/0
tpa-d95c0f4652a639,loc-d4c0760cea4d768f,477918,124274.0100,1829333TR000032000090A,,4318 W Obispo St,,,,,,,nearest_footprint_within_35m,medium,16.06,https://arcgis.tampagov.net/arcgis/rest/services/OpenData/Location/MapServer/0
tpa-3f2e094f9ede8c,loc-fa277795c3d41abf,329944,169525.0000,1928304J8000000000150A,,9 Hamilton Heath Dr,1923,1461,1365,1,,,nearest_footprint_within_35m,medium,34.54,https://arcgis.tampagov.net/arcgis/rest/services/OpenData/Location/MapServer/0
tpa-c6e1c8fa7734f0,loc-7560bbb280f4e865,89916,118395.0000,1829273Q7000000000710A,,2603 W Jetton Ave,1926,992,432,1,,,exact_address_nearby_footprint,high,14.87,https://arcgis.tampagov.net/arcgis/rest/services/OpenData/Location/MapServer/0
tpa-c69a1e0c4df046,loc-cc3a68e293a4ace4,757248,111027.0086,182916B86000000C00000A,,1130 Gramercy Ln,,,,,,,point_in_building_footprint,high,0.0,https://arcgis.tampagov.net/arcgis/rest/services/OpenData/Location/MapServer/0
tpa-987bb91b2366af,loc-a92fee0d90f4521f,734197,120829.0000,1829293SF000000000130A,,1106 Culbreath Isles Dr,,,,,,,point_in_building_footprint,high,0.0,https://arcgis.tampagov.net/arcgis/rest/services/OpenData/Location/MapServer/0
tpa-3348c9b3d814c3,loc-5a152c87e4b47892,200375,132537.0000,1830093Y8000002000140A,,4302 Oklahoma Ave,1965,1354,961,1,,,nearest_footprint_within_35m,medium,19.03,https://arcgis.tampagov.net/arcgis/rest/services/OpenData/Location/MapServer/0
tpa-2c71aa382c0a24,loc-18c781b9aab689ec,278918,121222.0000,1829293SV000006000010A,,2119 S Venus St,1996,6276,4714,1,,,point_in_building_footprint,high,0.0,https://arcgis.tampagov.net/arcgis/rest/services/OpenData/Location/MapServer/0
tpa-b9e552e7f71036,loc-545ce579f8fbbe74,173817,131018.0000,1830053XC000021000090A,,4511 S Shamrock Rd,1958,2143,1263,1,,,nearest_footprint_within_35m,medium,21.27,https://arcgis.tampagov.net/arcgis/rest/services/OpenData/Location/MapServer/0
tpa-e22d72436a5fc3,loc-07b504955b94181f,109873,150480.0100,192831474000001000015A,,2017 E Hanna Ave,1980,1292,982,1,,,point_in_building_footprint,high,0.0,https://arcgis.tampagov.net/arcgis/rest/services/OpenData/Location/MapServer/0
tpa-7e492b20c6441e,loc-d17d136f6985059f,205922,107264.0300,1829033IF000008000240A,,2920 W Crest Ave,,,1640,1,,,exact_address_nearby_footprint,high,11.9,https://arcgis.tampagov.net/arcgis/rest/services/OpenData/Location/MapServer/0
tpa-7f51599154e7af,loc-6f733d93b78552e2,747043,104767.0000,1828353H2000000000030A,,1905 W Jean St,,,,,,,nearest_footprint_within_35m,medium,17.39,https://arcgis.tampagov.net/arcgis/rest/services/OpenData/Location/MapServer/0
tpa-654a1f9b3a06a6,loc-075890ea8f42c94d,756967,116085.0388,182922D05000000000040A,,402 S Audubon Ave 3,,,,,,,nearest_footprint_within_35m,medium,20.3,https://arcgis.tampagov.net/arcgis/rest/services/OpenData/Location/MapServer/0
tpa-b2ef36e9c16bd3,loc-9f92b583f6f93c43,113047,120624.0000,1829293SA000001000070A,,4515 W Watrous Ave,1961,3426,2348,1,,,point_in_building_footprint,high,0.0,https://arcgis.tampagov.net/arcgis/rest/services/OpenData/Location/MapServer/0
tpa-cf53b16b264c3b,loc-411cee8f1e2ec4b5,20971,116481.0000,1829223MUJ00000000010A,,2901 W Swann Ave,,,,,,,exact_address_nearby_footprint,high,27.23,https://arcgis.tampagov.net/arcgis/rest/services/OpenData/Location/MapServer/0
tpa-77efcaa021100f,loc-76574759ecd75f23,748443,104736.0000,1828353H1000005000120A,,2302 W Clifton St,,,,,,,point_in_building_footprint,high,0.0,https://arcgis.tampagov.net/arcgis/rest/services/OpenData/Location/MapServer/0
tpa-19f8f67ae68583,loc-8ab75d5be04dafb5,75842,121735.0000,1829323T7000015000040A,,4610 W Lamb Ave,1955,2610,2346,1,,,nearest_footprint_within_35m,medium,23.33,https://arcgis.tampagov.net/arcgis/rest/services/OpenData/Location/MapServer/0
tpa-cd988dc9a40a90,loc-d080cd10c6f26ee3,771526,121199.0000,1829293SU000000000280A,,4924 W San Rafael St,,,,,,,nearest_footprint_within_35m,medium,23.24,https://arcgis.tampagov.net/arcgis/rest/services/OpenData/Location/MapServer/0
tpa-6ac90c5f6dc791,loc-aedc967456b3cc0d,726794,123695.0000,1829333TP000046000130A,,3717 Obispo St,,,,,,,nearest_footprint_within_35m,medium,34.72,https://arcgis.tampagov.net/arcgis/rest/services/OpenData/Location/MapServer/0
tpa-2a279da2b89602,loc-3943a0e452dc843e,383082,143844.0050,192818452000009000100A,,1013 Chilkoot Ave,1961,1058,529,2,,,nearest_footprint_within_35m,medium,23.29,https://arcgis.tampagov.net/arcgis/rest/services/OpenData/Location/MapServer/0
tpa-af1da1a204bb0c,loc-90c66f0dbaec7e79,43120,189946.0000,1929184WP000006000020A,,1921 E 5th Ave,,,,,,,point_in_building_footprint,high,0.0,https://arcgis.tampagov.net/arcgis/rest/services/OpenData/Location/MapServer/0
tpa-c5cd07c38b1571,loc-30cb3dff3fd986ad,233837,104772.0000,1828353H2000000000061A,,1919 W Jean St,1976,1483,1048,1,,,nearest_footprint_within_35m,medium,20.75,https://arcgis.tampagov.net/arcgis/rest/services/OpenData/Location/MapServer/0
tpa-495d9bd705a25f,loc-bc0feae5d3245d78,113529,163304.0000,1828364FA000000002980A,,310 E Hanna Ave,1924,1472,1244,1,,,nearest_footprint_within_35m,medium,19.82,https://arcgis.tampagov.net/arcgis/rest/services/OpenData/Location/MapServer/0
tpa-7eb21359a5c79f,loc-56052ba29394ec35,335156,117227.0100,1829233OF000005000032A,,206 S Moody Ave 2,,,,,,,point_in_building_footprint,high,0.0,https://arcgis.tampagov.net/arcgis/rest/services/OpenData/Location/MapServer/0
tpa-943537c4950523,loc-b61426877bf15176,586328,180728.0000,1829154Q1000002000040A,,2913 W Arch St,,,,,,,nearest_footprint_within_35m,medium,13.76,https://arcgis.tampagov.net/arcgis/rest/services/OpenData/Location/MapServer/0
tpa-2f583f6f51204a,loc-13fbd6fdf3844593,345773,127111.0000,1829343UQ000003000111A,,3424 S Macdill Ave,1965,12618,10188,,,,nearest_footprint_within_35m,medium,29.98,https://arcgis.tampagov.net/arcgis/rest/services/OpenData/Location/MapServer/0
tpa-9f059d451112d6,loc-63a0957ce6b0582f,122141,121443.0000,1829293T4000001000150A,,2310 S Hesperides St,1971,3640,2960,1,,,point_in_building_footprint,high,0.0,https://arcgis.tampagov.net/arcgis/rest/services/OpenData/Location/MapServer/0
tpa-457de4f98b1664,loc-29506c4857d05bb2,770690,123553.0000,1829333TP000037000070A,,3614 W Santiago St,,,,,,,nearest_footprint_within_35m,medium,14.6,https://arcgis.tampagov.net/arcgis/rest/services/OpenData/Location/MapServer/0
tpa-68355ce602a115,loc-8c62dff2e7eb712a,154916,167039.0000,1829114HA000024000010A,,1002 W Ohio Ave,1949,1468,1188,1,,,point_in_building_footprint,high,0.0,https://arcgis.tampagov.net/arcgis/rest/services/OpenData/Location/MapServer/0
tpa-72154b43e76241,loc-8352a4d6a368b543,8877,121644.0000,1829323T7000009000110A,,3010 S Keats St,1957,2102,1516,1,,,point_in_building_footprint,high,0.0,https://arcgis.tampagov.net/arcgis/rest/services/OpenData/Location/MapServer/0
tpa-0dd2e889032cfa,loc-02a4243c2d1a5c5d,31241,183390.0000,1829144S0C00000000080A,,712 W Frances Ave,1925,1206,1046,1,,,nearest_footprint_within_35m,medium,17.96,https://arcgis.tampagov.net/arcgis/rest/services/OpenData/Location/MapServer/0
tpa-4790444b10d1da,loc-3625c28829acd82b,770630,125419.0000,1829333U3000005000100A,,3822 W Corona St,,,,,,,nearest_footprint_within_35m,medium,25.21,https://arcgis.tampagov.net/arcgis/rest/services/OpenData/Location/MapServer/0
tpa-c666aedc3672c9,loc-985f2bf757f2c3bd,340366,145707.0000,19281945B000000003530A,,1706 E Waters Ave A,1972,1824,1344,2,,,nearest_footprint_within_35m,medium,16.43,https://arcgis.tampagov.net/arcgis/rest/services/OpenData/Location/MapServer/0
tpa-51436f3a21c595,loc-789e5d3d4e12c835,747553,107341.1000,1829033II000004001780A,,3114 W Haya St,,,,,,,nearest_footprint_within_35m,medium,17.15,https://arcgis.tampagov.net/arcgis/rest/services/OpenData/Location/MapServer/0
tpa-80a643be144cb2,loc-1e59328d706885f1,332918,100101.0000,1828243EN000012000330A,,8427 Highland Ave,1945,560,528,3,,,nearest_footprint_within_35m,medium,33.82,https://arcgis.tampagov.net/arcgis/rest/services/OpenData/Location/MapServer/0
tpa-a2728336cf2855,loc-635ccebf46218eb3,204517,185347.0000,1829264TC000006000120A,,710 S Newport Ave,1928,3678,2858,1,,,nearest_footprint_within_35m,medium,21.84,https://arcgis.tampagov.net/arcgis/rest/services/OpenData/Location/MapServer/0
tpa-37dde4dcf4e0a7,loc-78f735d5ab1f7dd6,701869,121030.0100,1829293SL000024000015A,,4806 W San Miguel St,,,,,,,nearest_footprint_within_35m,medium,34.57,https://arcgis.tampagov.net/arcgis/rest/services/OpenData/Location/MapServer/0
tpa-7752b16f450011,loc-e50af259950b928e,193173,134567.1000,1830103ZDB00000000150A,,5407 S Sellas St,1984,1166,872,1,,,nearest_footprint_within_35m,medium,16.16,https://arcgis.tampagov.net/arcgis/rest/services/OpenData/Location/MapServer/0
tpa-c7372a5e4ee32b,loc-8247a129d4edda63,440529,196609.0000,18293650I000006000141A,,806 S Davis Blvd,,,,,,,exact_address_nearby_footprint,high,14.91,https://arcgis.tampagov.net/arcgis/rest/services/OpenData/Location/MapServer/0
tpa-a181c095b1631e,loc-ab7c7926a0591758,343409,150024.0000,19283046T000000003840A,,1616 E Linden Ave,,,,,,,nearest_footprint_within_35m,medium,32.67,https://arcgis.tampagov.net/arcgis/rest/services/OpenData/Location/MapServer/0
tpa-0e1f94acc4af98,loc-151421c61aeaee3a,267230,178904.0100,1829144PQ000013000101A,,1938 W Spruce St,2007,1512,1404,,,,nearest_footprint_within_35m,medium,16.35,https://arcgis.tampagov.net/arcgis/rest/services/OpenData/Location/MapServer/0
tpa-c9a76ceb1d5c1d,loc-cc89970e56b5ab36,188135,117968.0000,1829273Q1000011000070A,,812 S Macdill Ave,1956,2700,1874,1,,,nearest_footprint_within_35m,medium,17.24,https://arcgis.tampagov.net/arcgis/rest/services/OpenData/Location/MapServer/0
tpa-159e2a073a10e3,loc-c905ce28b85f2061,224909,110967.0020,182917ZZZ000005476202A,,2223 N West Shore Blvd 400,2001,144567,140952,,,,point_in_building_footprint,high,0.0,https://arcgis.tampagov.net/arcgis/rest/services/OpenData/Location/MapServer/0
tpa-0031dc58b3fc1d,loc-4e4a6426e1c0a08a,110640,106523.0000,182903ZZZ000005442500A,,3001 W Dr Martin Luther King Jr Blvd,,,,,1,,exact_address_nearby_footprint,high,149.82,https://arcgis.tampagov.net/arcgis/rest/services/OpenData/Location/MapServer/0
tpa-a505f55a297583,loc-3388ab5f638d26d2,771271,118680.0000,1829273QG000019000090A,,3216 W San Miguel St,,,,,,,nearest_footprint_within_35m,medium,14.92,https://arcgis.tampagov.net/arcgis/rest/services/OpenData/Location/MapServer/0
tpa-d0dbc1ea81a8fa,loc-ad397baffa35e723,185994,119387.0000,1829283QS000012000230A,,2107 S Clark Ave,1951,1721,1287,1,,,point_in_building_footprint,high,0.0,https://arcgis.tampagov.net/arcgis/rest/services/OpenData/Location/MapServer/0
tpa-84565d038cc7d0,loc-b39786b510dfa3dc,96657,195473.0000,182936509000043000170A,,25 Formosa Ave,,,,,,,point_in_building_footprint,high,0.0,https://arcgis.tampagov.net/arcgis/rest/services/OpenData/Location/MapServer/0
tpa-ecdc9da999493e,loc-07e688abd915b298,588618,181975.0100,1829114QE000023000160A,,2723 N Poplar Ave,,,,,,,point_in_building_footprint,high,0.0,https://arcgis.tampagov.net/arcgis/rest/services/OpenData/Location/MapServer/0
tpa-653e23e2977bdc,loc-aed3e89f75d06a7f,702134,114505.0000,1829213LG000010000110A,,4004 W Lemon St,,,,,,,nearest_footprint_within_35m,medium,31.19,https://arcgis.tampagov.net/arcgis/rest/services/OpenData/Location/MapServer/0
tpa-245030a325b815,loc-cebb2f49a004494c,131413,157910.0000,1929064BK000005000050A,,1909 E Noel St,1951,1040,928,1,,,nearest_footprint_within_35m,medium,16.78,https://arcgis.tampagov.net/arcgis/rest/services/OpenData/Location/MapServer/0
tpa-45a0537d6e584f,loc-36ce6d10aa2dbc7d,339076,59400.1090,20271622I000008000100A,,10220 Thicket Point Way,1998,3579,2738,1,,,nearest_footprint_within_35m,medium,30.88,https://arcgis.tampagov.net/arcgis/rest/services/OpenData/Location/MapServer/0
tpa-51bfe76f29d8ad,loc-5d645b53fe40e4b5,230588,166814.0000,1829114HA000008000170A,,707 W Virginia Ave,1949,1459,1435,1,,,point_in_building_footprint,high,0.0,https://arcgis.tampagov.net/arcgis/rest/services/OpenData/Location/MapServer/0
tpa-c7d017e71bbdf6,loc-748a032773e1bce4,751818,128783.0000,1830033WC000004000100A,,2933 W Coachman Ave,,,,,,,nearest_footprint_within_35m,medium,32.7,https://arcgis.tampagov.net/arcgis/rest/services/OpenData/Location/MapServer/0
tpa-1a794081c1cc17,loc-7b67223ec3fe2b65,158620,180491.0000,1829154PV000045000290A,,3205 W Palmetto St,1997,2634,1583,,,,nearest_footprint_within_35m,medium,25.44,https://arcgis.tampagov.net/arcgis/rest/services/OpenData/Location/MapServer/0
tpa-e2ad1f0c38e9c8,loc-c39c1953c6ec7633,151882,123243.0000,1829333TP000011000050A,,3710 W Palmira Ave,,,,,,,point_in_building_footprint,high,0.0,https://arcgis.tampagov.net/arcgis/rest/services/OpenData/Location/MapServer/0
tpa-37a87599ccecee,loc-b810606742be336c,333296,114679.0000,1829213LG000020000230A,,3823 W Gray St,1970,1558,976,1,,,point_in_building_footprint,high,0.0,https://arcgis.tampagov.net/arcgis/rest/services/OpenData/Location/MapServer/0
tpa-584a99df2702ae,loc-1383e3b3a0c52ea3,693286,166547.0000,182902ZZZ000005860300A,,709 W Emma St,,,,,,,nearest_footprint_within_35m,medium,24.0,https://arcgis.tampagov.net/arcgis/rest/services/OpenData/Location/MapServer/0
tpa-6465cd2a3d7f68,loc-35009cff2aeeeb1c,229855,164251.0000,1828364FW000021000020A,,5608 N Cherokee Ave,1940,1547,1199,1,,,nearest_footprint_within_35m,medium,16.17,https://arcgis.tampagov.net/arcgis/rest/services/OpenData/Location/MapServer/0
tpa-76514f256dd0dc,loc-b8d2396900f7a396,696209,136598.0000,18301541M000000000070A,,3107 W Napoleon Ave,,,,,,,nearest_footprint_within_35m,medium,23.88,https://arcgis.tampagov.net/arcgis/rest/services/OpenData/Location/MapServer/0
tpa-26f225c99a6abd,loc-39b75c82ba7a69b7,197484,127471.0000,1830033VC000000000110A,,2926 W Tambay Ave,1988,4018,2892,1,,,nearest_footprint_within_35m,medium,15.63,https://arcgis.tampagov.net/arcgis/rest/services/OpenData/Location/MapServer/0
tpa-000f7ef41912eb,loc-0777ed8b485c1e6e,771328,118585.0000,1829273QA000006000080A,,1615 S Arrawana Ave,,,,,,,nearest_footprint_within_35m,medium,15.45,https://arcgis.tampagov.net/arcgis/rest/services/OpenData/Location/MapServer/0
tpa-a7e6f0d4aba912,loc-a1ac007b34c41433,358548,186039.0000,1829264U2000009000030A,,905 S Fremont Ave,1988,2809,1901,,,,nearest_footprint_within_35m,medium,16.87,https://arcgis.tampagov.net/arcgis/rest/services/OpenData/Location/MapServer/0
tpa-ce793ae7d6bb38,loc-3a5b136e570f4776,317655,182448.0000,1829124QX000002000160A,,318 W Alfred St,,,,,,,nearest_footprint_within_35m,medium,17.25,https://arcgis.tampagov.net/arcgis/rest/services/OpenData/Location/MapServer/0
tpa-4223c0a7145e64,loc-8b066b4ca49e2da1,84423,195324.0000,182936509000033000030A,,424 W Davis Blvd,1995,5697,4142,,,,point_in_building_footprint,high,0.0,https://arcgis.tampagov.net/arcgis/rest/services/OpenData/Location/MapServer/0
tpa-e16dc8db40500c,loc-4dc4cfdea4fb0ba1,640514,117178.5706,1829225ZX002607C00000A,,2607 W Cleveland St C,,,,,,,nearest_footprint_within_35m,medium,14.88,https://arcgis.tampagov.net/arcgis/rest/services/OpenData/Location/MapServer/0
tpa-cb759058dc0774,loc-0852ad450c1ee9d3,335156,117227.0100,1829233OF000005000032A,,206 S Moody Ave 2,,,,,,,point_in_building_footprint,high,0.0,https://arcgis.tampagov.net/arcgis/rest/services/OpenData/Location/MapServer/0
tpa-e4eaa0c4f1d952,loc-bbbee554196eacde,86289,156461.0000,1929054AD000000000011A,,3101 E Osborne Ave,1941,1762,1562,1,,,point_in_building_footprint,high,0.0,https://arcgis.tampagov.net/arcgis/rest/services/OpenData/Location/MapServer/0
tpa-8e6596c40db0da,loc-5c07bf8f4ad1511e,640514,117178.5706,1829225ZX002607C00000A,,2607 W Cleveland St C,,,,,,,nearest_footprint_within_35m,medium,14.88,https://arcgis.tampagov.net/arcgis/rest/services/OpenData/Location/MapServer/0
tpa-5f612bfff32912,loc-73722dbc894b7354,232961,186038.0000,1829264U2000009000020A,,903 S Fremont Ave,1921,1448,1070,1,,,nearest_footprint_within_35m,medium,32.52,https://arcgis.tampagov.net/arcgis/rest/services/OpenData/Location/MapServer/0
tpa-553ba48b3c0a69,loc-53d14a1bc714b7c0,773999,120378.0000,1829283S3000009000010A,,855 S Church Ave,,,,,,,point_in_building_footprint,high,0.0,https://arcgis.tampagov.net/arcgis/rest/services/OpenData/Location/MapServer/0
tpa-5a91f9508277d0,loc-a1788cdabf7d2b15,403815,106264.0000,1829023HV000012000260A,,4822 N Mendenhall Dr,1957,1900,1530,1,,,nearest_footprint_within_35m,medium,20.67,https://arcgis.tampagov.net/arcgis/rest/services/OpenData/Location/MapServer/0
tpa-8cd9d2f19711fc,loc-f270bf334761370e,701516,125098.0000,1829333TZ000000001110A,,3614 S Church Ave,,,,,,,nearest_footprint_within_35m,medium,32.95,https://arcgis.tampagov.net/arcgis/rest/services/OpenData/Location/MapServer/0
tpa-a4e593c6f98d80,loc-760010465c0428b1,758161,109763.0000,1829103J5000055000070A,,3314 W Douglas St,,,,,,,point_in_building_footprint,high,0.0,https://arcgis.tampagov.net/arcgis/rest/services/OpenData/Location/MapServer/0
tpa-b8a3e82b618294,loc-ea3cef3bb02b8456,136462,109955.0000,1829103J5000065000140A,,3421 W Kathleen St,1986,3212,2221,,,,nearest_footprint_within_35m,medium,31.12,https://arcgis.tampagov.net/arcgis/rest/services/OpenData/Location/MapServer/0
tpa-9c21ea3cc28b76,loc-e74158e7ae3f216e,267150,138621.0000,18302042J000106000270A,,7006 S Mascotte St,1999,3288,3008,,,,nearest_footprint_within_35m,medium,20.27,https://arcgis.tampagov.net/arcgis/rest/services/OpenData/Location/MapServer/0
tpa-09bb8e982a2284,loc-15a120021e425d76,281569,195662.0000,182936509000048000720A,,522 Riviera Dr,1956,4943,3472,1,,,point_in_building_footprint,high,0.0,https://arcgis.tampagov.net/arcgis/rest/services/OpenData/Location/MapServer/0
tpa-792f836fe05697,loc-97c0c082d3d1760c,701006,130093.0000,1830053X4000001000040A,,4437 W Bay Villa Ave,,,,,,,nearest_footprint_within_35m,medium,18.94,https://arcgis.tampagov.net/arcgis/rest/services/OpenData/Location/MapServer/0
tpa-0433a4fc97b4f8,loc-1b6c5b82a3405201,753698,114183.0000,1829203LC000005000050A,,22 S Treasure Dr,,,,,,,nearest_footprint_within_35m,medium,27.5,https://arcgis.tampagov.net/arcgis/rest/services/OpenData/Location/MapServer/0
tpa-36ad6041610976,loc-073b8824201ab3f7,751566,132449.0000,183009ZZZ000005534300A,,4130 W Gandy Blvd,,,,,,,point_in_building_footprint,high,0.0,https://arcgis.tampagov.net/arcgis/rest/services/OpenData/Location/MapServer/0
tpa-eeaf5c329d41df,loc-74f9fcda3e466281,17350,181987.0000,1829114QE000024000100A,,2712 N Myrtle Ave,1939,1320,576,1,,,nearest_footprint_within_35m,medium,19.39,https://arcgis.tampagov.net/arcgis/rest/services/OpenData/Location/MapServer/0
tpa-33e82b0821cee9,loc-e5cc9a5c31480a94,749828,104940.0000,1828363H6000006000150A,,809 W Hiawatha St,,,,,,,nearest_footprint_within_35m,medium,33.41,https://arcgis.tampagov.net/arcgis/rest/services/OpenData/Location/MapServer/0
tpa-7c817e4de147b7,loc-1e158e8ce675571c,774531,181267.0000,1829234Q8000006000100A,,1918 W Lemon St,,,,,,,nearest_footprint_within_35m,medium,31.22,https://arcgis.tampagov.net/arcgis/rest/services/OpenData/Location/MapServer/0
tpa-4a1872cabd5b40,loc-df1da80ee202917f,775928,176542.0000,1829104OR000031000030A,,3008 W Braddock St,,,,,,,nearest_footprint_within_35m,medium,33.96,https://arcgis.tampagov.net/arcgis/rest/services/OpenData/Location/MapServer/0
tpa-bca446a827024a,loc-617ec38726a2c058,777402,170156.0000,192831ZZZ000005867100A,,1309 E Sligh Ave,,,,,,,exact_address_nearby_footprint,high,34.22,https://arcgis.tampagov.net/arcgis/rest/services/OpenData/Location/MapServer/0
tpa-94b8d8e526d617,loc-8571b9b0c18c0cf0,224909,110967.0020,182917ZZZ000005476202A,,2223 N West Shore Blvd 400,2001,144567,140952,,,,point_in_building_footprint,high,0.0,https://arcgis.tampagov.net/arcgis/rest/services/OpenData/Location/MapServer/0
tpa-e2adf912f6714e,loc-58b71bd2ba72a370,52558,167383.0000,1829114QA000002000040A,,3301 N Decatur Ave,,,1258,,,,nearest_footprint_within_35m,medium,26.65,https://arcgis.tampagov.net/arcgis/rest/services/OpenData/Location/MapServer/0
tpa-15de663c1b00e5,loc-308f5566e92ae668,251298,181171.0000,1829234Q7000010000010A,,401 N Rome Ave,,,,,,,point_in_building_footprint,high,0.0,https://arcgis.tampagov.net/arcgis/rest/services/OpenData/Location/MapServer/0
tpa-e58fa376d604d2,loc-0aa83917de000cf4,705384,98618.0000,1828233E9000012000200A,,8713 N Edison Ave,,,,,,,nearest_footprint_within_35m,medium,31.75,https://arcgis.tampagov.net/arcgis/rest/services/OpenData/Location/MapServer/0
tpa-b7618df7784dd1,loc-4e540b8f3b51cb60,764258,196001.0000,182936509000093000270A,,614 Luzon Ave,,,,,,,nearest_footprint_within_35m,medium,25.01,https://arcgis.tampagov.net/arcgis/rest/services/OpenData/Location/MapServer/0
tpa-00a7e626430c84,loc-d33abe6678e79da0,62042,153400.0000,19283348Y000000000271A,,6214 N 42nd St,1987,1260,1056,1,,,nearest_footprint_within_35m,medium,27.46,https://arcgis.tampagov.net/arcgis/rest/services/OpenData/Location/MapServer/0
tpa-459e76a973db5e,loc-2789c87fd0154ba6,192094,114678.0000,1829213LG000020000220A,,3821 W Gray St,1958,1335,884,1,,,point_in_building_footprint,high,0.0,https://arcgis.tampagov.net/arcgis/rest/services/OpenData/Location/MapServer/0
tpa-0484a3f2f67485,loc-2a0e97571740d05f,693561,176620.0000,1829104OS000038000230A,,3103 W Dewey St,,,,,,,nearest_footprint_within_35m,medium,27.32,https://arcgis.tampagov.net/arcgis/rest/services/OpenData/Location/MapServer/0
tpa-11c59ecbb0efbd,loc-a4857954f48b9a84,313330,115055.0000,1829213LS000001000060A,,4006 W Gray St,,,,,,,nearest_footprint_within_35m,medium,24.83,https://arcgis.tampagov.net/arcgis/rest/services/OpenData/Location/MapServer/0
tpa-35547515486407,loc-6336db99b59354d7,94450,129764.0000,1830043WV000014000010A,,4002 W Knights Ave,1953,1421,927,1,,,point_in_building_footprint,high,0.0,https://arcgis.tampagov.net/arcgis/rest/services/OpenData/Location/MapServer/0
tpa-960d867d39fccc,loc-0ed2c70641305afe,263681,132926.0000,1830093YF000016000150A,,3607 W Leila Ave,1987,1480,1344,,,,nearest_footprint_within_35m,medium,30.72,https://arcgis.tampagov.net/arcgis/rest/services/OpenData/Location/MapServer/0
tpa-8c395af53bd263,loc-a037b5278a2a3776,416934,130947.0000,1830053XC000018000220A,,4516 S Cooper Pl,,,,,,,point_in_building_footprint,high,0.0,https://arcgis.tampagov.net/arcgis/rest/services/OpenData/Location/MapServer/0
tpa-c15b0aac43abb4,loc-4e04ca1620bf1ec7,311432,123651.0000,1829333TP000043000210A,,3705 W San Pedro St,2002,2702,2010,1,,,point_in_building_footprint,high,0.0,https://arcgis.tampagov.net/arcgis/rest/services/OpenData/Location/MapServer/0
tpa-d17365c1d520df,loc-2f18eaa6b1e350cb,92071,113326.0000,1829203L6000001000110A,,208 S Treasure Dr,1962,3024,2386,1,,,nearest_footprint_within_35m,medium,24.36,https://arcgis.tampagov.net/arcgis/rest/services/OpenData/Location/MapServer/0
tpa-1c600b6c876651,loc-107443f354483de9,108854,196482.0000,18293650I000000000030A,,635 Ontario Ave,1960,3242,2681,1,,,nearest_footprint_within_35m,medium,27.42,https://arcgis.tampagov.net/arcgis/rest/services/OpenData/Location/MapServer/0
tpa-e88095da4f1f74,loc-63b8b412a092be11,260252,191577.0000,1829134XV000002000010A,,313 E Oak Ave,1900,2344,2248,,1,,point_in_building_footprint,high,0.0,https://arcgis.tampagov.net/arcgis/rest/services/OpenData/Location/MapServer/0
tpa-8fbe2bf04c79ec,loc-94352b84a2a89bea,226510,113232.0000,1829203L2000006000180A,,210 S Ward St,1960,2056,1707,1,,,point_in_building_footprint,high,0.0,https://arcgis.tampagov.net/arcgis/rest/services/OpenData/Location/MapServer/0
tpa-33a93f3d1d359a,loc-1db5b43f8e8625a0,132077,118988.0000,1829283QK00012A000090A,,3608 W Lykes Ave,1995,2988,1943,,,,nearest_footprint_within_35m,medium,30.33,https://arcgis.tampagov.net/arcgis/rest/services/OpenData/Location/MapServer/0
tpa-330f0b3c19fb4a,loc-3be3b1bcece85e81,770979,122415.0000,1829323TG000000000120A,,4422 W El Prado Blvd,,,,,,,point_in_building_footprint,high,0.0,https://arcgis.tampagov.net/arcgis/rest/services/OpenData/Location/MapServer/0
tpa-98837d4f727053,loc-44308ac6e8e84917,702143,114457.0000,1829213LG000006000160A,,3907 W Lemon St,,,,,,,nearest_footprint_within_35m,medium,22.96,https://arcgis.tampagov.net/arcgis/rest/services/OpenData/Location/MapServer/0
tpa-fd69e659ddc472,loc-d658443d68783831,675027,109073.2162,182909B4D000000000140A,,4201 N Dale Mabry Hwy,,,,,,,exact_address_nearby_footprint,high,7.52,https://arcgis.tampagov.net/arcgis/rest/services/OpenData/Location/MapServer/0
tpa-ba4a949c34007a,loc-25c6f5271478ec7f,118652,123529.0000,1829333TP000035000180A,,3711 W Santiago St,1947,1026,992,1,,,nearest_footprint_within_35m,medium,28.54,https://arcgis.tampagov.net/arcgis/rest/services/OpenData/Location/MapServer/0
tpa-fc10850fa9d67e,loc-9bf205039d8401ca,316502,182326.0000,1829124QQ000006000030A,,204 W Floribraska Ave,1920,1460,1192,1,,,point_in_building_footprint,high,0.0,https://arcgis.tampagov.net/arcgis/rest/services/OpenData/Location/MapServer/0
tpa-8afd6bf531261b,loc-962bda47a20ed108,776094,110235.0100,1829113J8000001000140A,,4213 N River View Ave,,,,,,,nearest_footprint_within_35m,medium,29.52,https://arcgis.tampagov.net/arcgis/rest/services/OpenData/Location/MapServer/0
tpa-3ae1044fe73b15,loc-50803de1b39f4632,340138,113638.0000,1829203LA000017000070A,,5014 S The Riviera St,,,,,,,point_in_building_footprint,high,0.0,https://arcgis.tampagov.net/arcgis/rest/services/OpenData/Location/MapServer/0
tpa-da9744392fb90e,loc-cd604e866a137b10,764252,195637.0000,182936509000048000350A,,596 Riviera Dr,,,,,,,nearest_footprint_within_35m,medium,24.28,https://arcgis.tampagov.net/arcgis/rest/services/OpenData/Location/MapServer/0
tpa-4f2649f98ec799,loc-31fd1e7965df307b,306303,134457.1020,1830103Z8000001000100A,,5301 Pearl Ct,1973,1521,1247,1,,,nearest_footprint_within_35m,medium,26.07,https://arcgis.tampagov.net/arcgis/rest/services/OpenData/Location/MapServer/0
tpa-64ee1c9d095c00,loc-d3394e019d305ff0,363646,109852.0000,1829103J5000060000090A,,3416 W Leroy St,1988,1894,1064,,,,point_in_building_footprint,high,0.0,https://arcgis.tampagov.net/arcgis/rest/services/OpenData/Location/MapServer/0
tpa-97327cdaea3153,loc-605de99e7409ef6c,410402,122924.0000,1829323TN000004000090A,,3420 S Gardenia Ave,1954,2297,1967,1,,,point_in_building_footprint,high,0.0,https://arcgis.tampagov.net/arcgis/rest/services/OpenData/Location/MapServer/0
tpa-61f331bfe693bc,loc-553242f317a4e0ee,158592,198481.0100,19291851L000001000091A,,919 11th Ave,1965,940,680,,,,nearest_footprint_within_35m,medium,21.72,https://arcgis.tampagov.net/arcgis/rest/services/OpenData/Location/MapServer/0
tpa-2a0ee014f79945,loc-583322578b43655a,405767,112602.0000,1829193K4000000000150A,,5830 Mariner St,1994,7554,5619,1,,,nearest_footprint_within_35m,medium,16.07,https://arcgis.tampagov.net/arcgis/rest/services/OpenData/Location/MapServer/0
tpa-eff0c2265e1bdd,loc-a9680a822e246b29,322713,165026.0000,1829014GH000007000490A,,411 W Violet St,1957,2993,1941,1,,,nearest_footprint_within_35m,medium,31.78,https://arcgis.tampagov.net/arcgis/rest/services/OpenData/Location/MapServer/0
tpa-9891ebe018edb3,loc-d9891df46cfcd7d4,77948,101817.0300,1828263FP000000000470A,,2142 W Juneau St,2005,2246,1704,1,,,nearest_footprint_within_35m,medium,28.08,https://arcgis.tampagov.net/arcgis/rest/services/OpenData/Location/MapServer/0
tpa-8491a3f3e7b57a,loc-1a9c917fa5b9da1d,82797,120946.0000,1829293SL000014000070A,,4808 W Melrose Ave,1960,2201,1840,1,,,point_in_building_footprint,high,0.0,https://arcgis.tampagov.net/arcgis/rest/services/OpenData/Location/MapServer/0
tpa-47caab8a1599c7,loc-5668cc4eaa1c53a0,646213,135769.1166,18301073Q000000000230A,,3318 Las Campos Pl,,,,,,,nearest_footprint_within_35m,medium,34.84,https://arcgis.tampagov.net/arcgis/rest/services/OpenData/Location/MapServer/0
tpa-623087de4f900c,loc-bce6c68b7fdcecff,699140,134193.0000,1830103YV000006000180A,,3213 W Cherokee Ave,,,,,,,point_in_building_footprint,high,0.0,https://arcgis.tampagov.net/arcgis/rest/services/OpenData/Location/MapServer/0
tpa-ec61187e51f3b0,loc-27610cebcfaae325,311120,178900.0000,1829144PQ000013000050A,,1918 W Spruce St,1908,1184,1012,1,,,nearest_footprint_within_35m,medium,17.83,https://arcgis.tampagov.net/arcgis/rest/services/OpenData/Location/MapServer/0
tpa-5200b32795a081,loc-2cae7b1d867534f6,267230,178904.0100,1829144PQ000013000101A,,1938 W Spruce St,2007,1512,1404,,,,nearest_footprint_within_35m,medium,26.88,https://arcgis.tampagov.net/arcgis/rest/services/OpenData/Location/MapServer/0
tpa-cc017e7436b886,loc-b0eefa33f514aae4,774723,178907.0000,1829144PQ000013000130A,,1907 N Albany Ave,,,,,,,nearest_footprint_within_35m,medium,27.82,https://arcgis.tampagov.net/arcgis/rest/services/OpenData/Location/MapServer/0
tpa-b967556819f971,loc-9984ba91b2e11c1c,699647,118351.0500,1829273Q7000000000170A,,2606 W Morrison Ave,,,,,,,nearest_footprint_within_35m,medium,20.41,https://arcgis.tampagov.net/arcgis/rest/services/OpenData/Location/MapServer/0
tpa-bbe4a16043acb4,loc-edd3f076ec93d6f8,290875,123071.0000,1829323TN000011000050A,,3609 S Omar Ave,1954,2166,1848,1,,,point_in_building_footprint,high,0.0,https://arcgis.tampagov.net/arcgis/rest/services/OpenData/Location/MapServer/0
tpa-5f66445dd45e73,loc-1d4ae54ce6b650e5,493713,130683.0000,1830053X8000011000230A,,4714 W Bay Vista Ave,1951,1748,1379,1,,,point_in_building_footprint,high,0.0,https://arcgis.tampagov.net/arcgis/rest/services/OpenData/Location/MapServer/0
tpa-bb7f59f71ea4fa,loc-6be4886c8f942194,392010,98644.0000,1828233E9000017000050A,,8908 N El Portal Dr,1954,1601,1371,1,,,nearest_footprint_within_35m,medium,16.36,https://arcgis.tampagov.net/arcgis/rest/services/OpenData/Location/MapServer/0
tpa-49869351fbf811,loc-23f747f13d80d3a7,395752,121931.0000,1829323T7000029000040A,,5008 W Longfellow Ave,1926,3731,2656,1,,,nearest_footprint_within_35m,medium,28.93,https://arcgis.tampagov.net/arcgis/rest/services/OpenData/Location/MapServer/0
tpa-1be5dd248ac123,loc-34583e28365cea55,97836,195497.0000,182936509000044000240A,,448 W Davis Blvd,1954,3680,2849,1,,,nearest_footprint_within_35m,medium,28.28,https://arcgis.tampagov.net/arcgis/rest/services/OpenData/Location/MapServer/0
tpa-bf357a528a9806,loc-336690f634d48aee,240607,196038.5550,182936509000095000111A,,475 Bosphorous Av,1996,4314,3700,1,,,nearest_footprint_within_35m,medium,21.23,https://arcgis.tampagov.net/arcgis/rest/services/OpenData/Location/MapServer/0
tpa-5dca8ea39d3e2b,loc-8a0e59596ceb363b,746926,105320.0000,1829023HB000000E00002A,,4630 N Rome Ave,,,,,,,exact_address_nearby_footprint,high,94.49,https://arcgis.tampagov.net/arcgis/rest/services/OpenData/Location/MapServer/0
tpa-5dca8ea39d3e2b,loc-8a0e59596ceb363b,746920,105320.0000,1829023HB000000E00002A,,4630 N Rome Ave,,,,,,,exact_address_nearby_footprint,high,89.97,https://arcgis.tampagov.net/arcgis/rest/services/OpenData/Location/MapServer/0
tpa-5dca8ea39d3e2b,loc-8a0e59596ceb363b,746914,105320.0000,1829023HB000000E00002A,,4630 N Rome Ave,,,,,,,exact_address_nearby_footprint,high,113.1,https://arcgis.tampagov.net/arcgis/rest/services/OpenData/Location/MapServer/0
tpa-5dca8ea39d3e2b,loc-8a0e59596ceb363b,746929,105320.0000,1829023HB000000E00002A,,4630 N Rome Ave,,,,,,,exact_address_nearby_footprint,high,59.61,https://arcgis.tampagov.net/arcgis/rest/services/OpenData/Location/MapServer/0
tpa-caead8f00074bd,loc-073fc588ff9fc274,175958,192216.0000,1829134YD000013000030A,,208 W Ross Ave,2004,4755,2975,1,,,nearest_footprint_within_35m,medium,24.07,https://arcgis.tampagov.net/arcgis/rest/services/OpenData/Location/MapServer/0
tpa-96f98dc5109eb1,loc-b0652bb9050db0ac,134959,171275.0000,192906ZZZ000005879900A,,4711 10th St,1925,1464,1064,1,,,nearest_footprint_within_35m,medium,31.8,https://arcgis.tampagov.net/arcgis/rest/services/OpenData/Location/MapServer/0
tpa-5c523f6238bc73,loc-c4694f54fa68936a,221889,185917.0000,1829264TV000000000100A,,2112 W Southview Ave,1926,2664,2248,2,,,nearest_footprint_within_35m,medium,17.74,https://arcgis.tampagov.net/arcgis/rest/services/OpenData/Location/MapServer/0
tpa-20e011419fa111,loc-b4b28960549dd592,327116,173145.0000,1929074MG000006000010A,,917 E 28th Ave,1923,1932,1644,1,,,nearest_footprint_within_35m,medium,28.7,https://arcgis.tampagov.net/arcgis/rest/services/OpenData/Location/MapServer/0
tpa-549f7009eded34,loc-7da6bb4639a191f0,650616,190093.2008,192918786000000000040A,,1911 E 5th Ave 4,,,,,,,nearest_footprint_within_35m,medium,23.12,https://arcgis.tampagov.net/arcgis/rest/services/OpenData/Location/MapServer/0
tpa-377d56d82eb830,loc-7f90fdff255ad87a,370725,102471.0000,1828263G5000016000160A,,7101 N Coarsey Dr,1955,1581,1235,1,,,point_in_building_footprint,high,0.0,https://arcgis.tampagov.net/arcgis/rest/services/OpenData/Location/MapServer/0
tpa-6f7604c3ade11e,loc-cbdff5847f6b498e,187448,185358.0000,1829264TC000007000100A,,716 S Willow Ave,1926,3413,2836,1,,,point_in_building_footprint,high,0.0,https://arcgis.tampagov.net/arcgis/rest/services/OpenData/Location/MapServer/0
tpa-be679f4d82c977,loc-d83c8be24065517a,697517,185614.0000,1829264TE000010000050A,,911 S Oregon Ave,,,,,,,point_in_building_footprint,high,0.0,https://arcgis.tampagov.net/arcgis/rest/services/OpenData/Location/MapServer/0
tpa-682d61069572b6,loc-85fef294dc0d8f07,701130,122910.0000,1829323TN000003000090A,,3416 S Lightner Dr,,,,,,,point_in_building_footprint,high,0.0,https://arcgis.tampagov.net/arcgis/rest/services/OpenData/Location/MapServer/0
tpa-9533642f801cb7,loc-e0ca3b43b020cac5,722532,141380.0000,19281843E000009000150A,,1904 Brust Ave,,,,,,,nearest_footprint_within_35m,medium,21.51,https://arcgis.tampagov.net/arcgis/rest/services/OpenData/Location/MapServer/0
tpa-1559cc9b6f20eb,loc-343eafcacd1d72a2,758078,149943.0005,19283046T000000002830A,,1701 Nome St,,,,,,,nearest_footprint_within_35m,medium,16.91,https://arcgis.tampagov.net/arcgis/rest/services/OpenData/Location/MapServer/0
tpa-42acf09b565f0e,loc-6564941abb6f4337,517297,184520.0000,1829234SJ000002000010A,,202 S Rome Ave,,,,,,,point_in_building_footprint,high,0.0,https://arcgis.tampagov.net/arcgis/rest/services/OpenData/Location/MapServer/0
tpa-3b09a6b592768f,loc-b2a9ffdba64838dd,694835,108068.0000,1829043IP000030000220A,,4410 N Clark Ave,,,,,,,point_in_building_footprint,high,0.0,https://arcgis.tampagov.net/arcgis/rest/services/OpenData/Location/MapServer/0
tpa-797255aec523dc,loc-c7cd6afc944f9647,172904,176939.0000,1829104OX000002000090A,,2737 W Leroy St,1960,1297,912,1,,,point_in_building_footprint,high,0.0,https://arcgis.tampagov.net/arcgis/rest/services/OpenData/Location/MapServer/0
tpa-4d808296c5f713,loc-23a9bf7488c8083d,194023,182213.0000,1829124QN000004000030A,,3112 N Florida Ave,1913,9615,9420,,,,nearest_footprint_within_35m,medium,32.72,https://arcgis.tampagov.net/arcgis/rest/services/OpenData/Location/MapServer/0
tpa-200f88039821a7,loc-36a7712afa24af4f,770106,128905.0100,1830033WH000000000370A,,2916 W Bayshore Ct,,,,,,,nearest_footprint_within_35m,medium,31.75,https://arcgis.tampagov.net/arcgis/rest/services/OpenData/Location/MapServer/0
tpa-4d9b2a00b87ac3,loc-013bc51e95242ee2,722589,143199.0000,19281744D000006000150A,,10208 N 28th St,,,,,,,nearest_footprint_within_35m,medium,16.47,https://arcgis.tampagov.net/arcgis/rest/services/OpenData/Location/MapServer/0
tpa-c8ce63338a858d,loc-64b239fa495e83a7,587868,184052.0000,1829234S5000006000112A,,207 N Albany Ave,,,,,,,nearest_footprint_within_35m,medium,32.56,https://arcgis.tampagov.net/arcgis/rest/services/OpenData/Location/MapServer/0
tpa-9b8195c0d91c90,loc-7df978da1785e04b,284700,193326.0000,1829244ZI000018000011A,,912 Franklin St,1920,6000,2976,,,,nearest_footprint_within_35m,medium,34.76,https://arcgis.tampagov.net/arcgis/rest/services/OpenData/Location/MapServer/0
tpa-74889adc5280a6,loc-792ce1a98b1a7a64,240492,129777.0000,1830043WV000014000140A,,4328 S Grady Ave,1955,1600,1245,1,,,nearest_footprint_within_35m,medium,25.18,https://arcgis.tampagov.net/arcgis/rest/services/OpenData/Location/MapServer/0
tpa-ef442609ca9471,loc-dbb5bef9cfdb980e,396052,186024.0000,1829264U2000006000090A,,906 S Fremont Ave,2008,900,478,1,,,exact_address_nearby_footprint,high,17.93,https://arcgis.tampagov.net/arcgis/rest/services/OpenData/Location/MapServer/0
tpa-9e73691c086e16,loc-8a1bc0e2221c67d5,744742,108137.0000,1829053IP000036000110A,,4409 N Hesperides St,,,,,,,nearest_footprint_within_35m,medium,21.94,https://arcgis.tampagov.net/arcgis/rest/services/OpenData/Location/MapServer/0
tpa-981d88bf82a361,loc-ceaecce5a04e61b9,357953,165391.0000,1829014GJ000004000111A,,209 W Osborne Ave,1928,1294,1020,1,,,nearest_footprint_within_35m,medium,14.41,https://arcgis.tampagov.net/arcgis/rest/services/OpenData/Location/MapServer/0
tpa-9bb3ad7f052c09,loc-eec736218589c8f8,588850,181973.0000,1829114QE000023000130A,,816 W Warren Ave,,,,,,,point_in_building_footprint,high,0.0,https://arcgis.tampagov.net/arcgis/rest/services/OpenData/Location/MapServer/0
tpa-921bc3f83ea22a,loc-f4c7d38844d3817b,697703,185742.0000,1829264TE000020000120A,,1721 W Hills Ave,,,,,,,nearest_footprint_within_35m,medium,18.06,https://arcgis.tampagov.net/arcgis/rest/services/OpenData/Location/MapServer/0
tpa-e0b3ae784949d2,loc-b6b66810ac8676e2,697729,185669.0000,1829264TE000016000120A,,1709 W Jetton Ave,,,,,,,nearest_footprint_within_35m,medium,15.98,https://arcgis.tampagov.net/arcgis/rest/services/OpenData/Location/MapServer/0
tpa-a62da72980b2e9,loc-f734a591f121fb9d,388186,141395.0000,19281843E000010000140A,,1818 Marvy Ave,1960,1455,1005,1,,,nearest_footprint_within_35m,medium,34.75,https://arcgis.tampagov.net/arcgis/rest/services/OpenData/Location/MapServer/0
tpa-ff9192642e74db,loc-71f2b9e15b18bbba,754563,126531.0000,1829343UI000066000080A,,3216 Santiago St,,,,,,,nearest_footprint_within_35m,medium,16.01,https://arcgis.tampagov.net/arcgis/rest/services/OpenData/Location/MapServer/0
tpa-dba5a1180e73b0,loc-207f4325c20e92d7,224909,110967.0020,182917ZZZ000005476202A,,2223 N West Shore Blvd 400,2001,144567,140952,,,,point_in_building_footprint,high,0.0,https://arcgis.tampagov.net/arcgis/rest/services/OpenData/Location/MapServer/0
tpa-8624d7ab20bd7f,loc-dcc9146cd01eb544,697740,186055.0000,1829264U2000012000050A,,909 S Bruce St,,,,,,,nearest_footprint_within_35m,medium,17.31,https://arcgis.tampagov.net/arcgis/rest/services/OpenData/Location/MapServer/0
tpa-4c877d1b40de87,loc-4f25a63661011a72,769814,127582.0000,1830033VG000006000090A,,3302 W Lawn Ave,,,,,,,nearest_footprint_within_35m,medium,19.11,https://arcgis.tampagov.net/arcgis/rest/services/OpenData/Location/MapServer/0
tpa-2b4a16aeec51d1,loc-e52002e5cd530883,408412,195058.0000,182925509000013000120A,,119 Danube Ave,1948,2064,1920,3,,,point_in_building_footprint,high,0.0,https://arcgis.tampagov.net/arcgis/rest/services/OpenData/Location/MapServer/0
tpa-8486392cf72c14,loc-3f51bf506f01c93e,778424,114512.0005,1829213LG000010000210A,,0,2025,3857,3042,,,2,nearest_footprint_within_35m,medium,31.78,https://arcgis.tampagov.net/arcgis/rest/services/OpenData/Location/MapServer/0
tpa-dbb4bb147cac17,loc-ed03bdb478b70f66,77670,97482.0000,1828233DN000017000020A,,1005 W Rambla St,1947,1400,1080,1,,,nearest_footprint_within_35m,medium,31.19,https://arcgis.tampagov.net/arcgis/rest/services/OpenData/Location/MapServer/0
tpa-8e37b8fb17cee8,loc-e231cc8c8392f54e,222416,168032.0000,1829124I3000000000100A,,3719 N Boulevard St,1925,1223,835,1,,,nearest_footprint_within_35m,medium,14.53,https://arcgis.tampagov.net/arcgis/rest/services/OpenData/Location/MapServer/0
tpa-bd93048ff170ca,loc-c4ccd2f2301db74a,3166,164632.0000,1829014G5000004000050A,,5302 N Suwanee Ave,1928,1320,1220,1,,,nearest_footprint_within_35m,medium,21.97,https://arcgis.tampagov.net/arcgis/rest/services/OpenData/Location/MapServer/0
tpa-1fb0e222223379,loc-f5e10bd29f516ee4,197736,128771.0000,1830033WC000003000040A,,2929 W Alline Ave,1941,1269,1143,1,,,nearest_footprint_within_35m,medium,20.44,https://arcgis.tampagov.net/arcgis/rest/services/OpenData/Location/MapServer/0
tpa-cd4ed69c378986,loc-2abb769e4df9c388,132870,120974.0000,1829293SL000018000013A,,4710 W San Rafael St,1967,1744,1612,1,,,point_in_building_footprint,high,0.0,https://arcgis.tampagov.net/arcgis/rest/services/OpenData/Location/MapServer/0
tpa-3172f6af3f5aaf,loc-fbbe7303a1ad8665,56987,152609.5000,19283248D000000008910A,,3601 E North St,1985,769,705,,,,nearest_footprint_within_35m,medium,28.69,https://arcgis.tampagov.net/arcgis/rest/services/OpenData/Location/MapServer/0
tpa-b98f1cadf39fa3,loc-ef60f835a3dd0db5,2048,195807.0000,182936509000071000170A,,672 Geneva Pl,1990,3032,2225,,,,point_in_building_footprint,high,0.0,https://arcgis.tampagov.net/arcgis/rest/services/OpenData/Location/MapServer/0
tpa-ca5fb9eae9e92a,loc-853dfa1082492851,224909,110967.0020,182917ZZZ000005476202A,,2223 N West Shore Blvd 400,2001,144567,140952,,,,point_in_building_footprint,high,0.0,https://arcgis.tampagov.net/arcgis/rest/services/OpenData/Location/MapServer/0
tpa-cebd3559685244,loc-878ede778969ce2b,91476,112143.0000,182917ZZZ000005488800A,,4835 W Cypress St,2001,87228,85278,,1,,point_in_building_footprint,high,0.0,https://arcgis.tampagov.net/arcgis/rest/services/OpenData/Location/MapServer/0
tpa-e03d108007dce2,loc-2c6e7797e2d34087,689929,112021.0666,1829169TE0000000005A0A,,4050 W Boy Scout Blvd,2019,268449,263583,,,,point_in_building_footprint,high,0.0,https://arcgis.tampagov.net/arcgis/rest/services/OpenData/Location/MapServer/0
tpa-8b6f4b81492e85,loc-6387d7238de3d370,287680,183365.0000,1829144S0A00000000130A,,707 W Amelia Ave,,,,,,,nearest_footprint_within_35m,medium,21.15,https://arcgis.tampagov.net/arcgis/rest/services/OpenData/Location/MapServer/0
tpa-8a8e962a1daa98,loc-7c080f172b8c052a,591243,193426.0000,1829244ZI000038000000A,,702 N Franklin St,,,,,,,point_in_building_footprint,high,0.0,https://arcgis.tampagov.net/arcgis/rest/services/OpenData/Location/MapServer/0
tpa-c768fb60f5036e,loc-c355b693e9d83748,168785,115914.0000,1829213ME000003000030A,,3604 W Dale Ave,2015,4441,3475,,,,nearest_footprint_within_35m,medium,16.42,https://arcgis.tampagov.net/arcgis/rest/services/OpenData/Location/MapServer/0
tpa-a814d8386a6d65,loc-20e9cf2298ad73e1,157510,178937.0000,1829144PQ000014000170A,,1929 W Union St,1908,1612,1372,1,,,nearest_footprint_within_35m,medium,15.06,https://arcgis.tampagov.net/arcgis/rest/services/OpenData/Location/MapServer/0
tpa-a7aefa8e7ae081,loc-82d7fe705f730a1a,147955,178941.0000,1829144PQ000014000211A,,1913 W Union St,1913,1118,998,1,,,nearest_footprint_within_35m,medium,13.24,https://arcgis.tampagov.net/arcgis/rest/services/OpenData/Location/MapServer/0
tpa-8c1b5d5e2cc99a,loc-6800abd445b1b572,93371,122630.0000,1829323TI000000000490A,,4710 W Vasconia St,1952,2695,2285,1,,1,point_in_building_footprint,high,0.0,https://arcgis.tampagov.net/arcgis/rest/services/OpenData/Location/MapServer/0
tpa-7bdbda744b30dc,loc-f6ad295fb7d05881,215838,121570.0100,1829323T7000004000080A,,4620 W Tennyson Ave,1989,3814,3022,1,,,point_in_building_footprint,high,0.0,https://arcgis.tampagov.net/arcgis/rest/services/OpenData/Location/MapServer/0
tpa-148d512efa4aa6,loc-f9c683e88038ff75,260953,119000.0000,1829283QK00012B000100A,,3609 W Morrison Ave,1955,2229,1582,1,,,point_in_building_footprint,high,0.0,https://arcgis.tampagov.net/arcgis/rest/services/OpenData/Location/MapServer/0
tpa-a274b729092503,loc-e660be2fc86bdbc4,296453,106996.0000,1829033I8000008000030A,,3106 W Louisiana Ave,1959,1478,1062,1,,,point_in_building_footprint,high,0.0,https://arcgis.tampagov.net/arcgis/rest/services/OpenData/Location/MapServer/0
tpa-a2578f30661100,loc-3da2a1d343ff1772,674211,196305.0314,1829249D7000000011040A,,777 N Ashley Dr 1104,,,,,,,point_in_building_footprint,high,0.0,https://arcgis.tampagov.net/arcgis/rest/services/OpenData/Location/MapServer/0
tpa-38ef233a1cd67a,loc-ecab2a362792f1a0,237212,195824.0000,182936509000071000380A,,628 Jamaica Ave,1953,3324,2394,1,,,point_in_building_footprint,high,0.0,https://arcgis.tampagov.net/arcgis/rest/services/OpenData/Location/MapServer/0
tpa-d979b0b3deb62c,loc-43b7838ed7268d65,15217,123218.0000,1829333TP000008000210A,,4005 W Barcelona St,2007,4218,2817,1,,,nearest_footprint_within_35m,medium,30.07,https://arcgis.tampagov.net/arcgis/rest/services/OpenData/Location/MapServer/0
tpa-64266a81fee3eb,loc-7e73cb54fd1383f6,190992,181325.0000,1829234Q8000010000050A,,1910 W Carmen St,1928,1737,1557,1,,,exact_address_nearby_footprint,high,13.2,https://arcgis.tampagov.net/arcgis/rest/services/OpenData/Location/MapServer/0
tpa-459c678f1d03c1,loc-45bc33163b3ab3a1,742140,178432.0000,1829144PO000007000010A,,1106 N Oregon Ave 10,,,,,,,nearest_footprint_within_35m,medium,31.69,https://arcgis.tampagov.net/arcgis/rest/services/OpenData/Location/MapServer/0
tpa-a53b6f11d8fcf7,loc-7d845038ad0b8863,706488,98641.0000,1828233E9000017000020A,,8902 El Portal Dr,,,,,,,nearest_footprint_within_35m,medium,16.79,https://arcgis.tampagov.net/arcgis/rest/services/OpenData/Location/MapServer/0
tpa-af7594b07ae078,loc-9c12a2fae2465912,378930,123082.0000,1829323TN000011000160A,,3620 S Lightner Dr,1955,2068,1492,1,,,point_in_building_footprint,high,0.0,https://arcgis.tampagov.net/arcgis/rest/services/OpenData/Location/MapServer/0
tpa-eac5fab11d0e6f,loc-d2ba85df10f0f31a,747573,106765.0000,1829033I5000003000020A,,3404 W Louisiana Ave,,,,,,,nearest_footprint_within_35m,medium,19.75,https://arcgis.tampagov.net/arcgis/rest/services/OpenData/Location/MapServer/0
tpa-7370eaa2508bad,loc-5fdbd462cff98777,185527,120648.0000,1829293SB000006000080A,,1201 S Druid Ln,1961,2836,2298,1,,,nearest_footprint_within_35m,medium,33.12,https://arcgis.tampagov.net/arcgis/rest/services/OpenData/Location/MapServer/0
tpa-1c5117a4fcc7cb,loc-a4ed1a59a44c96ad,111763,195818.0000,182936509000071000320A,,642 Geneva Pl,1953,1908,1508,1,,,point_in_building_footprint,high,0.0,https://arcgis.tampagov.net/arcgis/rest/services/OpenData/Location/MapServer/0
tpa-32c1befb626c58,loc-68cbec4472d71b27,34988,124535.0000,1829333TS000052000070A,,4212 W Sevilla St,2007,5633,4940,1,,,nearest_footprint_within_35m,medium,24.23,https://arcgis.tampagov.net/arcgis/rest/services/OpenData/Location/MapServer/0
tpa-24845ca4544447,loc-bb8805f54bd85e0d,110640,106523.0000,182903ZZZ000005442500A,,3001 W Dr Martin Luther King Jr Blvd,,,,,1,,exact_address_nearby_footprint,high,149.82,https://arcgis.tampagov.net/arcgis/rest/services/OpenData/Location/MapServer/0
tpa-30b412a70a928f,loc-94d9f0d864943b87,440678,196234.0000,192930509000107000320A,,325 Columbia Dr,,,,,,,nearest_footprint_within_35m,medium,21.15,https://arcgis.tampagov.net/arcgis/rest/services/OpenData/Location/MapServer/0
tpa-961d26a8666f87,loc-da4c95885f61b4e5,749516,165858.0000,1829014GL000000004790A,,302 W Ida St,,,,,,,point_in_building_footprint,high,0.0,https://arcgis.tampagov.net/arcgis/rest/services/OpenData/Location/MapServer/0
tpa-d1615793b23de1,loc-596460d489244554,53943,183521.0000,1829144S0M00000000010A,,2314 N Ridgewood Ave,1937,2324,1927,2,,,nearest_footprint_within_35m,medium,33.83,https://arcgis.tampagov.net/arcgis/rest/services/OpenData/Location/MapServer/0
tpa-4d413d6be3cbf7,loc-d25d31d2ae488d63,709007,163625.0000,1828364FB000000006940A,,201 W Lambright St,,,,,,,nearest_footprint_within_35m,medium,14.93,https://arcgis.tampagov.net/arcgis/rest/services/OpenData/Location/MapServer/0
tpa-b077b0eb4af3e4,loc-fae257a04ceb66d2,140799,138505.0050,18301742J000073000050A,,6827 S Sparkman St,2007,4099,3346,1,,,nearest_footprint_within_35m,medium,27.6,https://arcgis.tampagov.net/arcgis/rest/services/OpenData/Location/MapServer/0
tpa-9eca638e801c8e,loc-cf5498d2b793d273,291103,177070.0000,1829114P2000002000090A,,3809 N Armenia Ave,,,,,,,point_in_building_footprint,high,0.0,https://arcgis.tampagov.net/arcgis/rest/services/OpenData/Location/MapServer/0
tpa-2c1eb6e3ef74ae,loc-d730452d91c4cb84,74155,100894.0000,1828253EX000000000011A,,7901 N Boulevard St,1959,2410,1890,1,,,nearest_footprint_within_35m,medium,25.99,https://arcgis.tampagov.net/arcgis/rest/services/OpenData/Location/MapServer/0
tpa-9b1d64a7e3328d,loc-956225289692543c,298720,194954.0000,182925509000007000150A,,121 Adalia Ave,1949,2894,2480,1,,,nearest_footprint_within_35m,medium,14.21,https://arcgis.tampagov.net/arcgis/rest/services/OpenData/Location/MapServer/0
tpa-828222b429465b,loc-b572eca3f5932680,412635,113629.0050,1829203LA000016000100A,,0,,,,,,,nearest_footprint_within_35m,medium,31.12,https://arcgis.tampagov.net/arcgis/rest/services/OpenData/Location/MapServer/0
tpa-8fdcfcb4def962,loc-83d227c33f5327bf,440409,193347.0000,1829244ZI000023000001A,,402 N Ashley Dr,,,,,,,nearest_footprint_within_35m,medium,2.19,https://arcgis.tampagov.net/arcgis/rest/services/OpenData/Location/MapServer/0
tpa-4cf88b2ceaec69,loc-f39fa1dffe0ebab7,36365,139198.0100,18302042J000206000190A,,4708 W Richardson Ave,2001,2848,2212,1,,,point_in_building_footprint,high,0.0,https://arcgis.tampagov.net/arcgis/rest/services/OpenData/Location/MapServer/0
tpa-d84cfd32cc500c,loc-abc3037fd34bbb80,46587,183331.0000,1829124RX000000000100A,,3107 N Jefferson St,1954,1314,1168,1,,,point_in_building_footprint,high,0.0,https://arcgis.tampagov.net/arcgis/rest/services/OpenData/Location/MapServer/0
tpa-ef85934bdad44b,loc-dd0de4e44069bd5f,52197,195182.0000,182925509000019000130A,,17 Bahama Cir,1949,3744,2839,1,,,nearest_footprint_within_35m,medium,27.76,https://arcgis.tampagov.net/arcgis/rest/services/OpenData/Location/MapServer/0
tpa-82fb7e12470bc6,loc-f4a55243f17b6023,639112,112763.0508,1829203K7000004000000A,,4509 W Fig St B,,,,,,,nearest_footprint_within_35m,medium,31.08,https://arcgis.tampagov.net/arcgis/rest/services/OpenData/Location/MapServer/0
tpa-f8e7a8ea616fe4,loc-0a026be4f5dd84ed,140561,118945.0000,1829283QK00002A000140A,,3713 W Mckay Ave,1975,1291,1096,,,,nearest_footprint_within_35m,medium,32.6,https://arcgis.tampagov.net/arcgis/rest/services/OpenData/Location/MapServer/0
tpa-37874cdc7a0bbb,loc-6ba986d73d7a4803,254942,104959.0000,1828363H6000008000020A,,806 W Minnehaha St,1956,1806,1588,1,,,nearest_footprint_within_35m,medium,21.07,https://arcgis.tampagov.net/arcgis/rest/services/OpenData/Location/MapServer/0
tpa-f19d29bac141b4,loc-8305d7e0db16cece,142473,193511.0000,1829244ZI000059000062A,,514 N Tampa St,1900,13542,13488,,,,nearest_footprint_within_35m,medium,18.14,https://arcgis.tampagov.net/arcgis/rest/services/OpenData/Location/MapServer/0
tpa-66df230373aa8a,loc-141f392223e4e549,371994,113529.0000,1829203LA000009000040A,,207 S West Shore Blvd,1960,1912,1359,1,,,point_in_building_footprint,high,0.0,https://arcgis.tampagov.net/arcgis/rest/services/OpenData/Location/MapServer/0
tpa-6cd24b8246e782,loc-1bd66438e8a8ada5,748260,104655.0000,1828353H1000002000340A,,2117 W Burke St,,,,,,,nearest_footprint_within_35m,medium,17.34,https://arcgis.tampagov.net/arcgis/rest/services/OpenData/Location/MapServer/0
tpa-605bc42d317d0a,loc-798e33e464d1097b,184437,186546.0000,1929074UP000006000140A,,906 E 25th Ave,1920,1756,1184,1,,,nearest_footprint_within_35m,medium,34.76,https://arcgis.tampagov.net/arcgis/rest/services/OpenData/Location/MapServer/0
tpa-ae460b764c71b7,loc-93d36c66c8fc3116,156731,181675.0000,1829114QE000007000020A,,1003 W Braddock St,1924,992,992,1,,,point_in_building_footprint,high,0.0,https://arcgis.tampagov.net/arcgis/rest/services/OpenData/Location/MapServer/0
tpa-2b308af3adaa6d,loc-482585b4c80d4ae7,131731,113455.0000,1829293LA000003000180A,,4811 W Beachway Dr,1923,3453,2611,1,,,point_in_building_footprint,high,0.0,https://arcgis.tampagov.net/arcgis/rest/services/OpenData/Location/MapServer/0
tpa-ec2473fe33243f,loc-fff03dfabbbfc51d,354086,96322.0000,1828143D6000018000140A,,1009 W Meadowbrook Ave,1950,1723,1431,1,,,nearest_footprint_within_35m,medium,28.21,https://arcgis.tampagov.net/arcgis/rest/services/OpenData/Location/MapServer/0
tpa-75372df50eac29,loc-8ff2546164e2ae35,695307,169430.0000,1829364J6G00000000070A,,562 Lucerne Ave,,,,,,,nearest_footprint_within_35m,medium,31.93,https://arcgis.tampagov.net/arcgis/rest/services/OpenData/Location/MapServer/0
tpa-4065054208e488,loc-504bd6f5493b6008,531137,173219.0000,1929074MK000002000060A,,3515 N 9th St,1925,1460,1386,1,,,nearest_footprint_within_35m,medium,28.04,https://arcgis.tampagov.net/arcgis/rest/services/OpenData/Location/MapServer/0
tpa-1b7e5cf477cb8c,loc-2402fb66fe74acfe,476556,133925.0000,1830093YR000000000462A,,4102 W Wyoming Ave,,,,,,,point_in_building_footprint,high,0.0,https://arcgis.tampagov.net/arcgis/rest/services/OpenData/Location/MapServer/0
tpa-bae748f27e3f13,loc-74d735a7eb74ae7d,321116,155654.0000,1929054A0000003000260A,,2620 E Cayuga St,2000,1902,1286,1,,,nearest_footprint_within_35m,medium,33.46,https://arcgis.tampagov.net/arcgis/rest/services/OpenData/Location/MapServer/0
tpa-98c21c2a868b1b,loc-0b4b03f440b20bbe,356064,189101.0025,1929174WA000001000021A,,2502 E 10th Ave,,,1657,,,,nearest_footprint_within_35m,medium,33.9,https://arcgis.tampagov.net/arcgis/rest/services/OpenData/Location/MapServer/0
tpa-527e1ea56add16,loc-9650a8fee1dfcfa1,705097,161139.0000,1828254DN000004000180A,,706 E Hanlon St,,,,,,,nearest_footprint_within_35m,medium,26.08,https://arcgis.tampagov.net/arcgis/rest/services/OpenData/Location/MapServer/0
tpa-80702c7a4addc9,loc-4bf58ea4e0f709d6,292131,186499.0000,1929074UP000003000020A,,1017 E 24th Ave,1952,1420,1300,1,,,nearest_footprint_within_35m,medium,18.56,https://arcgis.tampagov.net/arcgis/rest/services/OpenData/Location/MapServer/0
tpa-6851ca3e85ad0b,loc-9270b77709814984,94819,101096.0000,1828263F8000002000140A,,8121 N Orleans Ave,1950,2895,1752,1,,,point_in_building_footprint,high,0.0,https://arcgis.tampagov.net/arcgis/rest/services/OpenData/Location/MapServer/0
tpa-e26d72c53954a7,loc-1f65e014eb029992,775751,182655.0000,1829124R5000006000040A,,107 E Warren Ave 1,,,,,,,nearest_footprint_within_35m,medium,17.77,https://arcgis.tampagov.net/arcgis/rest/services/OpenData/Location/MapServer/0
tpa-d1f109849b4e6a,loc-dabb692814a5b1b1,774746,180574.0100,1829154PV000053000120A,,3022 W Spruce St,,,,,,,nearest_footprint_within_35m,medium,13.57,https://arcgis.tampagov.net/arcgis/rest/services/OpenData/Location/MapServer/0
tpa-2b19325bc508a3,loc-26b95d194ea6d282,723328,144278.0000,192819454000004000050A,,9408 N 17th St,,,,,,,point_in_building_footprint,high,0.0,https://arcgis.tampagov.net/arcgis/rest/services/OpenData/Location/MapServer/0
tpa-ae9fcd3b1b8fe7,loc-9f13c211d31f05aa,694005,182205.0000,1829124QN000003000010A,,3110 N Tampa St,,,,,,,point_in_building_footprint,high,0.0,https://arcgis.tampagov.net/arcgis/rest/services/OpenData/Location/MapServer/0
tpa-a4d6cbfebc8e8f,loc-1446c31cf62fc3be,308693,135369.0000,1830103ZVI00000000040A,,5603 S Lynwood Ave,1959,2282,1410,1,,,nearest_footprint_within_35m,medium,32.69,https://arcgis.tampagov.net/arcgis/rest/services/OpenData/Location/MapServer/0
tpa-99954025dabf54,loc-e5a91009eedb6b32,251298,181171.0000,1829234Q7000010000010A,,401 N Rome Ave,,,,,,,point_in_building_footprint,high,0.0,https://arcgis.tampagov.net/arcgis/rest/services/OpenData/Location/MapServer/0
tpa-ec27835f965a05,loc-f94e17d1fb86091a,674211,196305.0314,1829249D7000000011040A,,777 N Ashley Dr 1104,,,,,,,point_in_building_footprint,high,0.0,https://arcgis.tampagov.net/arcgis/rest/services/OpenData/Location/MapServer/0
tpa-e31643da6b5577,loc-48055cbd4b54e732,769608,137131.0000,18301641S000006000320A,,4109 W Marietta St,,,,,,,nearest_footprint_within_35m,medium,22.11,https://arcgis.tampagov.net/arcgis/rest/services/OpenData/Location/MapServer/0
tpa-782dd496108c88,loc-2bd40451b295921a,699501,180374.0000,1829154PV000007000050A,,3208 W Nassau St,,,,,,,nearest_footprint_within_35m,medium,34.8,https://arcgis.tampagov.net/arcgis/rest/services/OpenData/Location/MapServer/0
tpa-81c5dd94d6444f,loc-4c54f8f3987c1148,289042,126314.0100,1829343U4000069000130A,,3507 W San Juan St,1979,1564,1564,2,,,nearest_footprint_within_35m,medium,20.57,https://arcgis.tampagov.net/arcgis/rest/services/OpenData/Location/MapServer/0
tpa-1f34dcb1eeba3f,loc-0ff142ef04f1923b,695462,196823.0000,18293650I000009000140A,,86 Huron Ave,,,,,,,nearest_footprint_within_35m,medium,20.86,https://arcgis.tampagov.net/arcgis/rest/services/OpenData/Location/MapServer/0
tpa-e09f1099df3221,loc-85b085f0d6749910,206601,128961.0000,1830033WK000002000051A,,2934 W Lawn Ave,2001,6231,4574,1,,,exact_address_nearby_footprint,high,21.81,https://arcgis.tampagov.net/arcgis/rest/services/OpenData/Location/MapServer/0
tpa-1c7aeef625421c,loc-3b4cef172ee6c664,375637,126613.0000,1829343UJ000000000270A,,3407 Leona St,1949,1166,1146,1,,,point_in_building_footprint,high,0.0,https://arcgis.tampagov.net/arcgis/rest/services/OpenData/Location/MapServer/0
tpa-374e0666a51aa2,loc-5398b1a549b4e3e3,189412,112811.0000,1829203KA000000000080A,,404 S Barbara Ln,1960,2620,1844,1,,,point_in_building_footprint,high,0.0,https://arcgis.tampagov.net/arcgis/rest/services/OpenData/Location/MapServer/0
tpa-ed5b81318e2cdd,loc-e6595c122f77ce18,372566,145708.0000,19281945B000000003550A,,1708 E Waters Ave,1972,1737,1540,2,,,nearest_footprint_within_35m,medium,16.9,https://arcgis.tampagov.net/arcgis/rest/services/OpenData/Location/MapServer/0
tpa-833ba2a7979f1a,loc-58a9b184d02f6263,775762,181887.0000,1829114QE000019000250A,,2715 N Ridgewood Ave,,,,,,,exact_address_nearby_footprint,high,19.55,https://arcgis.tampagov.net/arcgis/rest/services/OpenData/Location/MapServer/0
tpa-73555a6fd1afcc,loc-f277cc32bc5cff22,743362,111257.0000,1829163JF000002000070A,,4111 W Grace St,,,,,,,point_in_building_footprint,high,0.0,https://arcgis.tampagov.net/arcgis/rest/services/OpenData/Location/MapServer/0
tpa-e3a28faabb2702,loc-90bd5e2d6c3c2cc7,365644,167299.0100,1829114HD000036000181A,,905 W Fribley St,,,,,,,nearest_footprint_within_35m,medium,17.22,https://arcgis.tampagov.net/arcgis/rest/services/OpenData/Location/MapServer/0
tpa-97687e6d0bb1c9,loc-b9b5340096de9f4b,450376,98059.0000,1828233DSA00000000090A,,2131 W Rambla St,,,,,,,nearest_footprint_within_35m,medium,29.05,https://arcgis.tampagov.net/arcgis/rest/services/OpenData/Location/MapServer/0
tpa-32ec774176436e,loc-da162bb8eb5929ba,693169,155996.0000,1929054A2000004000130A,,2402 E Ida St,,,,,,,nearest_footprint_within_35m,medium,32.3,https://arcgis.tampagov.net/arcgis/rest/services/OpenData/Location/MapServer/0
tpa-cc0714384a05a8,loc-254a8dbe5ea54900,110640,106523.0000,182903ZZZ000005442500A,,3001 W Dr Martin Luther King Jr Blvd,,,,,1,,exact_address_nearby_footprint,high,149.82,https://arcgis.tampagov.net/arcgis/rest/services/OpenData/Location/MapServer/0
tpa-fbf5e781c62d27,loc-227efbd2bbf29f76,587570,168593.0100,1829224IG000010000051A,,2410 W Gray St,,,,,,,nearest_footprint_within_35m,medium,20.45,https://arcgis.tampagov.net/arcgis/rest/services/OpenData/Location/MapServer/0
tpa-5d51b71d680f85,loc-75d76d9fef7e6675,699518,180411.0000,1829154PV000009000150A,,3219 W Arch St,,,,,,,point_in_building_footprint,high,0.0,https://arcgis.tampagov.net/arcgis/rest/services/OpenData/Location/MapServer/0
tpa-54595021582fcd,loc-8d10ad8325e4c003,620145,135769.0878,18301066K000000000140A,,3130 Santorini Ct,2003,1992,1674,2,,,nearest_footprint_within_35m,medium,19.28,https://arcgis.tampagov.net/arcgis/rest/services/OpenData/Location/MapServer/0
tpa-1d35fe79209ef4,loc-108b8427af5f57c9,391120,121936.0000,1829323T7000029000120A,,5028 W Longfellow Ave,1955,4178,2998,1,,,point_in_building_footprint,high,0.0,https://arcgis.tampagov.net/arcgis/rest/services/OpenData/Location/MapServer/0
tpa-38113668f154c0,loc-1d1f1e6dfb44cf5e,421073,168522.0000,1829224IG000004000110A,,2707 W North A St,1949,1200,1200,1,,,nearest_footprint_within_35m,medium,14.6,https://arcgis.tampagov.net/arcgis/rest/services/OpenData/Location/MapServer/0
tpa-3d12fedb001d91,loc-8a5e2d0edd290028,421073,168522.0000,1829224IG000004000110A,,2707 W North A St,1949,1200,1200,1,,,nearest_footprint_within_35m,medium,14.6,https://arcgis.tampagov.net/arcgis/rest/services/OpenData/Location/MapServer/0
tpa-7398a70681d784,loc-7bdb1f761db27bbe,136270,196659.0000,18293650I000007000090A,,629 Hudson Ave,1960,1750,1666,1,,,nearest_footprint_within_35m,medium,18.18,https://arcgis.tampagov.net/arcgis/rest/services/OpenData/Location/MapServer/0
tpa-86c7c11c15aa7d,loc-eba7a82e86e81b79,726791,123791.0000,1829333TP000052000090A,,3618 W Obispo St,,,,,,,nearest_footprint_within_35m,medium,16.11,https://arcgis.tampagov.net/arcgis/rest/services/OpenData/Location/MapServer/0
tpa-47a7ff4e6e16f4,loc-77dc8b53e206c545,25900,182051.0000,1829114QH000000000160A,,710 W Harlan St,1965,1654,1328,1,,,nearest_footprint_within_35m,medium,21.22,https://arcgis.tampagov.net/arcgis/rest/services/OpenData/Location/MapServer/0
tpa-4337f7104d8fdc,loc-65499e28c27d26d1,29246,161860.0000,1828254EB000000000180A,,7106 N Duncan Ave,1922,1770,1561,1,,,point_in_building_footprint,high,0.0,https://arcgis.tampagov.net/arcgis/rest/services/OpenData/Location/MapServer/0
tpa-b1719030b0d422,loc-8b16f3dab1dfda26,284379,136021.0000,18301540Y000000000020A,,3005 W Meadow St,1952,1020,937,1,,,point_in_building_footprint,high,0.0,https://arcgis.tampagov.net/arcgis/rest/services/OpenData/Location/MapServer/0
tpa-fdef5ed80ba0c4,loc-59012ffdcf41c2c2,699518,180411.0000,1829154PV000009000150A,,3219 W Arch St,,,,,,,point_in_building_footprint,high,0.0,https://arcgis.tampagov.net/arcgis/rest/services/OpenData/Location/MapServer/0
tpa-3c1d55a6319bf8,loc-f340a9656eb10144,105450,185323.0000,1829264TC000004000120A,,706 S Edison Ave,,,,,,,nearest_footprint_within_35m,medium,34.78,https://arcgis.tampagov.net/arcgis/rest/services/OpenData/Location/MapServer/0
tpa-3b21cccb37f1d5,loc-280c60dc94417a03,360589,181694.0000,1829114QE000009000050A,,912 W Braddock St,1926,1732,1530,1,,,point_in_building_footprint,high,0.0,https://arcgis.tampagov.net/arcgis/rest/services/OpenData/Location/MapServer/0
tpa-83782d068c1842,loc-6ede8cbb85be2726,172280,118507.0000,1829273Q7000000002000A,,2608 W Watrous Ave,1958,2435,1637,1,,,nearest_footprint_within_35m,medium,25.6,https://arcgis.tampagov.net/arcgis/rest/services/OpenData/Location/MapServer/0
tpa-70050aedd5cd92,loc-35b21669ceafe9e3,114390,180472.0000,1829154PV000044000220A,,3219 Cherry St,1995,1080,980,,,,point_in_building_footprint,high,0.0,https://arcgis.tampagov.net/arcgis/rest/services/OpenData/Location/MapServer/0
tpa-083f387dc9e319,loc-3be3466344a7fe91,98151,123350.0000,1829333TP000020000090A,,4018 W Granada St,1945,1669,1497,1,,,point_in_building_footprint,high,0.0,https://arcgis.tampagov.net/arcgis/rest/services/OpenData/Location/MapServer/0
tpa-33fc65115801d7,loc-e955da179a9cdde2,126976,136185.0000,18301540Z000008000020A,,2809 Sanders Dr,1952,1551,1222,1,,,nearest_footprint_within_35m,medium,25.12,https://arcgis.tampagov.net/arcgis/rest/services/OpenData/Location/MapServer/0
tpa-5133fc4419a030,loc-998af9465ae0986b,693561,176620.0000,1829104OS000038000230A,,3103 W Dewey St,,,,,,,nearest_footprint_within_35m,medium,14.34,https://arcgis.tampagov.net/arcgis/rest/services/OpenData/Location/MapServer/0
tpa-f44c975eac3318,loc-ef82a50e6fe3fb9f,119204,195469.0000,182936509000043000100A,,75 Ladoga Ave,1955,3160,2117,1,,,point_in_building_footprint,high,0.0,https://arcgis.tampagov.net/arcgis/rest/services/OpenData/Location/MapServer/0
tpa-effe87a3691d9a,loc-3b14b99d10297ab3,366623,122744.0000,1829323TJ000000000570A,,3312 Sierra Cir,1997,4559,3457,,,,point_in_building_footprint,high,0.0,https://arcgis.tampagov.net/arcgis/rest/services/OpenData/Location/MapServer/0
tpa-885cf9821a0497,loc-2530780f2260d290,187448,185358.0000,1829264TC000007000100A,,716 S Willow Ave,1926,3413,2836,1,,,nearest_footprint_within_35m,medium,19.21,https://arcgis.tampagov.net/arcgis/rest/services/OpenData/Location/MapServer/0
tpa-3e5f40439bd6cb,loc-49dde30aa72ff497,700995,130257.0000,1830053X4000009000110A,,4626 W Bay Court Ave,,,,,,,point_in_building_footprint,high,0.0,https://arcgis.tampagov.net/arcgis/rest/services/OpenData/Location/MapServer/0
tpa-2da8e6795be060,loc-83435bf23bad46ed,216625,180876.0000,1829154Q4000003000020A,,2706 W Grace St,1957,990,801,1,,,point_in_building_footprint,high,0.0,https://arcgis.tampagov.net/arcgis/rest/services/OpenData/Location/MapServer/0
tpa-cb6710f458a7dd,loc-448f9617f24831a5,775731,181898.0000,1829114QE000020000070A,,2710 N Ridgewood Ave,,,,,,,exact_address_nearby_footprint,high,15.37,https://arcgis.tampagov.net/arcgis/rest/services/OpenData/Location/MapServer/0
tpa-98de2b76672f71,loc-64bd2b794275e446,689929,112021.0666,1829169TE0000000005A0A,,4050 W Boy Scout Blvd,2019,268449,263583,,,,point_in_building_footprint,high,0.0,https://arcgis.tampagov.net/arcgis/rest/services/OpenData/Location/MapServer/0
tpa-b388bdd6f8c079,loc-b55975960c322cc9,349749,146907.0000,19283045M000058000150A,,8010 N Klondyke St,1925,1034,938,2,,,nearest_footprint_within_35m,medium,31.94,https://arcgis.tampagov.net/arcgis/rest/services/OpenData/Location/MapServer/0
tpa-6cd0c0292556c9,loc-22e61d83c74f7029,694005,182205.0000,1829124QN000003000010A,,3110 N Tampa St,,,,,,,point_in_building_footprint,high,0.0,https://arcgis.tampagov.net/arcgis/rest/services/OpenData/Location/MapServer/0
tpa-4d8f5eaa4d6872,loc-c0014fcc6936bea0,641098,117480.0120,1829273OY000021000051A,,2525 Bayshore Blvd B,,,,,,,point_in_building_footprint,high,0.0,https://arcgis.tampagov.net/arcgis/rest/services/OpenData/Location/MapServer/0
tpa-c8bd1ede6078ca,loc-7595aff6af9f6acd,98271,198321.0000,19291851B000001000160A,,930 11th Ave,1923,1447,1266,1,,,nearest_footprint_within_35m,medium,14.43,https://arcgis.tampagov.net/arcgis/rest/services/OpenData/Location/MapServer/0
tpa-902da4944a805f,loc-dbec6edaec728a34,98271,198321.0000,19291851B000001000160A,,930 11th Ave,1923,1447,1266,1,,,nearest_footprint_within_35m,medium,22.68,https://arcgis.tampagov.net/arcgis/rest/services/OpenData/Location/MapServer/0
tpa-c57ea4b6cd1ba7,loc-af15483be369ce60,701195,122111.0000,1829323TB000000000810A,,5115 W Poe Ave,,,,,,,nearest_footprint_within_35m,medium,23.31,https://arcgis.tampagov.net/arcgis/rest/services/OpenData/Location/MapServer/0
tpa-52e70c47ecfe23,loc-e397e0971f9eff0d,209535,188531.0000,1929084VU000011000020A,,2917 E 19th Ave,1971,1659,1172,1,,,nearest_footprint_within_35m,medium,13.43,https://arcgis.tampagov.net/arcgis/rest/services/OpenData/Location/MapServer/0
tpa-277231a57f13b6,loc-7b67ba0fc455f25a,754480,185659.0050,1829264TE00001600003AA,,1710 W Morrison Ave,,,,,,,nearest_footprint_within_35m,medium,8.2,https://arcgis.tampagov.net/arcgis/rest/services/OpenData/Location/MapServer/0
tpa-7b3dbee02a0066,loc-f2609e232aa508ff,36110,195460.0000,182936509000042000560A,,14 Ladoga Ave,1992,4206,4066,,,,nearest_footprint_within_35m,medium,32.09,https://arcgis.tampagov.net/arcgis/rest/services/OpenData/Location/MapServer/0
tpa-ffa1a1b1ea1e68,loc-94672421dfae0fba,389205,102658.0000,1828273G6000002000120A,,2509 Kenmore Ave,1983,978,672,1,,,point_in_building_footprint,high,0.0,https://arcgis.tampagov.net/arcgis/rest/services/OpenData/Location/MapServer/0
tpa-77bca1359aafa8,loc-d8120d44ba0fa45f,504239,121204.0000,1829293SU000000000330A,,4914 W San Rafael St,,,4196,1,,,nearest_footprint_within_35m,medium,22.86,https://arcgis.tampagov.net/arcgis/rest/services/OpenData/Location/MapServer/0
tpa-0886934214383e,loc-1e2d6f65e90cf0dc,12913,113836.0000,1829203LA000029000140A,,209 S Renellie Dr,1959,1912,1364,1,,,nearest_footprint_within_35m,medium,18.86,https://arcgis.tampagov.net/arcgis/rest/services/OpenData/Location/MapServer/0
tpa-573c40900a5d1b,loc-4efe5f22123d55cf,775536,187960.0000,1929084VK000045000040A,,2705 E 22nd Ave,,,,,,,nearest_footprint_within_35m,medium,14.62,https://arcgis.tampagov.net/arcgis/rest/services/OpenData/Location/MapServer/0
tpa-5cf16a81ee5efd,loc-1aea98bb251b9ca0,587868,184052.0000,1829234S5000006000112A,,207 N Albany Ave,,,,,,,nearest_footprint_within_35m,medium,23.2,https://arcgis.tampagov.net/arcgis/rest/services/OpenData/Location/MapServer/0
tpa-6eeb059361be66,loc-0a1fa96823d1d4e6,587868,184052.0000,1829234S5000006000112A,,207 N Albany Ave,,,,,,,nearest_footprint_within_35m,medium,23.2,https://arcgis.tampagov.net/arcgis/rest/services/OpenData/Location/MapServer/0
tpa-df597d7b38cf47,loc-10ecb62e7944e8a9,8230,106625.0000,1829033HZ000000000180A,,2713 Bel Aire Cir,1951,1172,752,1,,,point_in_building_footprint,high,0.0,https://arcgis.tampagov.net/arcgis/rest/services/OpenData/Location/MapServer/0
tpa-b81cca38d9f10d,loc-c77aacd834f5af5d,297848,120833.0028,1829293SG000000000180A,,1113 Culbreath Isles Dr,1993,5189,3612,,,,point_in_building_footprint,high,0.0,https://arcgis.tampagov.net/arcgis/rest/services/OpenData/Location/MapServer/0
tpa-4824e277924415,loc-5f66c231df8657c0,771120,121482.0000,1829323T6000000000080A,,5002 W Dickens Ave,,,,,,,point_in_building_footprint,high,0.0,https://arcgis.tampagov.net/arcgis/rest/services/OpenData/Location/MapServer/0
tpa-19d3aebb7bdd1b,loc-51147afda41c2921,393871,128493.0000,1830033W2000009000350A,,4107 Drexel Ave,,,,,,,nearest_footprint_within_35m,medium,23.06,https://arcgis.tampagov.net/arcgis/rest/services/OpenData/Location/MapServer/0
tpa-ca3c16bf857656,loc-992707ee0c17be40,112713,121720.0000,1829323T7000014000180A,,4627 W Lamb Ave,1951,2730,1778,1,,,nearest_footprint_within_35m,medium,24.26,https://arcgis.tampagov.net/arcgis/rest/services/OpenData/Location/MapServer/0
tpa-98a8a314d54233,loc-567379854209cce2,277220,101962.0100,1828263FT00000000003BA,,1703 W Broad St,1998,3374,2520,1,,,nearest_footprint_within_35m,medium,29.6,https://arcgis.tampagov.net/arcgis/rest/services/OpenData/Location/MapServer/0
tpa-d1b4ba15bfd523,loc-3186e3e1f9a91900,114321,176150.0000,1829104OR000001000050A,,2512 W Abdella St,1982,2085,1765,,,,nearest_footprint_within_35m,medium,28.96,https://arcgis.tampagov.net/arcgis/rest/services/OpenData/Location/MapServer/0
tpa-1fb215206b849d,loc-0ee73f97a4a2d038,707427,144773.0500,192818454000068000080A,,1514 E Annona Ave,,,,,,,nearest_footprint_within_35m,medium,15.61,https://arcgis.tampagov.net/arcgis/rest/services/OpenData/Location/MapServer/0
tpa-79bb3f5f3055ed,loc-e913f1a5c66825ae,214052,184445.0000,1829234SB000014000110A,,504 S Melville Ave,1926,6120,5712,10,,,nearest_footprint_within_35m,medium,21.88,https://arcgis.tampagov.net/arcgis/rest/services/OpenData/Location/MapServer/0
tpa-5d752868a76c0a,loc-0f81af55def492c3,401889,100691.0000,1828253ES000001000030A,,8210 N Ola Ave,1958,1536,1322,1,,,point_in_building_footprint,high,0.0,https://arcgis.tampagov.net/arcgis/rest/services/OpenData/Location/MapServer/0
tpa-522ddb3d5f3f18,loc-88e3d76b34630f46,233239,139072.0000,18302042J000188000160A,,0,1940,1408,1212,1,,,point_in_building_footprint,high,0.0,https://arcgis.tampagov.net/arcgis/rest/services/OpenData/Location/MapServer/0
tpa-4783da293c0f66,loc-a2c183f1f395523f,87646,113693.0000,1829293LA000019000140A,,4530 W Beachway Dr,1956,2406,2158,1,,,point_in_building_footprint,high,0.0,https://arcgis.tampagov.net/arcgis/rest/services/OpenData/Location/MapServer/0
tpa-6f466745c78d53,loc-c0ed2b3c9096e1c8,93568,122964.0000,1829323TN000006000120A,,3422 S Beach Dr,1955,2255,1210,1,,,point_in_building_footprint,high,0.0,https://arcgis.tampagov.net/arcgis/rest/services/OpenData/Location/MapServer/0
tpa-16248d509dfbeb,loc-9adbacefcc4b83a4,722738,144754.0500,192818454000066000090A,,1716 E Annona Ave,,,,,,,point_in_building_footprint,high,0.0,https://arcgis.tampagov.net/arcgis/rest/services/OpenData/Location/MapServer/0
tpa-1d2a58540315ba,loc-e664a86f6536097e,337632,186517.0000,1929074UP000005000020A,,915 E 25th Ave,1915,2192,1773,1,,,point_in_building_footprint,high,0.0,https://arcgis.tampagov.net/arcgis/rest/services/OpenData/Location/MapServer/0
tpa-a16dd6a2ae7979,loc-639fc74d85f0a7f8,695556,194963.0005,182925509000007000280A,,128 Adriatic Ave,,,,,,,point_in_building_footprint,high,0.0,https://arcgis.tampagov.net/arcgis/rest/services/OpenData/Location/MapServer/0
tpa-45f3ec1be263ed,loc-c524dfa970b8e215,695556,194963.0005,182925509000007000280A,,128 Adriatic Ave,,,,,,,nearest_footprint_within_35m,medium,24.41,https://arcgis.tampagov.net/arcgis/rest/services/OpenData/Location/MapServer/0
tpa-b8b6db7b654a27,loc-b1a076728d2cc1d1,695442,196035.0000,182936509000095000040A,,489 Bosphorous Ave,,,,,,,nearest_footprint_within_35m,medium,25.9,https://arcgis.tampagov.net/arcgis/rest/services/OpenData/Location/MapServer/0
tpa-091ed6d5018ab8,loc-746bc3d04b315b0f,252323,188671.1000,1929174VX000001000030A,,2919 E Columbus Dr,1971,1353,1213,1,,,nearest_footprint_within_35m,medium,13.98,https://arcgis.tampagov.net/arcgis/rest/services/OpenData/Location/MapServer/0
tpa-835286970c5efb,loc-23babd452362a89f,252323,188671.1000,1929174VX000001000030A,,2919 E Columbus Dr,1971,1353,1213,1,,,nearest_footprint_within_35m,medium,13.98,https://arcgis.tampagov.net/arcgis/rest/services/OpenData/Location/MapServer/0
tpa-30f00d8bdc76a1,loc-b015e78ea6370561,37456,113552.0000,1829203LA000010000150A,,206 S Occident St,1962,2672,2182,1,,,nearest_footprint_within_35m,medium,18.36,https://arcgis.tampagov.net/arcgis/rest/services/OpenData/Location/MapServer/0
tpa-c3dca42dfa4e17,loc-6e3ac38cacb6e8f0,776495,172840.0000,1929074M6000000000040A,,1209 E 33rd Ave,,,,,,,point_in_building_footprint,high,0.0,https://arcgis.tampagov.net/arcgis/rest/services/OpenData/Location/MapServer/0
tpa-894a7c88cfc17c,loc-010b436846ce9db6,233239,139072.0000,18302042J000188000160A,,0,1940,1408,1212,1,,,nearest_footprint_within_35m,medium,13.81,https://arcgis.tampagov.net/arcgis/rest/services/OpenData/Location/MapServer/0
tpa-683ac62998f89d,loc-7709a7f68bbc5663,38878,94891.0362,182812B4W000000000010A,,709 W Country Club Dr,1949,2024,1668,1,,,nearest_footprint_within_35m,medium,21.23,https://arcgis.tampagov.net/arcgis/rest/services/OpenData/Location/MapServer/0
tpa-210d13a79dbee0,loc-0a31f15fc19c6928,38878,94891.0362,182812B4W000000000010A,,709 W Country Club Dr,1949,2024,1668,1,,,nearest_footprint_within_35m,medium,24.11,https://arcgis.tampagov.net/arcgis/rest/services/OpenData/Location/MapServer/0
tpa-77aeefa7cab39d,loc-f332327378ebdbb8,110374,172481.0000,1929064LX000001000012A,,4110 15th St,1926,1377,1144,1,,,nearest_footprint_within_35m,medium,14.61,https://arcgis.tampagov.net/arcgis/rest/services/OpenData/Location/MapServer/0
tpa-dac7c97b0f8a80,loc-be1fb6f7a809ad46,693126,181482.0000,1829114QA000006000080A,,1305 W Adalee St,,,,,,,nearest_footprint_within_35m,medium,19.45,https://arcgis.tampagov.net/arcgis/rest/services/OpenData/Location/MapServer/0
tpa-1123f406b36043,loc-e06d28ba940809b2,234496,34758.1404,1927351E4000001000020A,,15704 Cochester Rd,1999,7137,5131,1,,,point_in_building_footprint,high,0.0,https://arcgis.tampagov.net/arcgis/rest/services/OpenData/Location/MapServer/0
tpa-271bf7539d31b0,loc-4924709ee194d118,770905,122975.0000,1829323TN000007000050A,,3409 S Beach Dr,,,,,,,point_in_building_footprint,high,0.0,https://arcgis.tampagov.net/arcgis/rest/services/OpenData/Location/MapServer/0
tpa-c9e100c620dbb2,loc-08b057119ac1e8f3,219605,135700.0000,183011406000000000240A,,5200 Bayshore Blvd,1959,2002,1365,1,,,nearest_footprint_within_35m,medium,27.04,https://arcgis.tampagov.net/arcgis/rest/services/OpenData/Location/MapServer/0
tpa-12aa0cf5670a2a,loc-6909b1938c250a38,212775,192112.0000,1829134Y4000005000170A,,513 W Ross Ave,1959,968,896,1,,,nearest_footprint_within_35m,medium,16.8,https://arcgis.tampagov.net/arcgis/rest/services/OpenData/Location/MapServer/0
tpa-eed2a91832bfc1,loc-dd4f48474dea6873,172280,118507.0000,1829273Q7000000002000A,,2608 W Watrous Ave,1958,2435,1637,1,,,point_in_building_footprint,high,0.0,https://arcgis.tampagov.net/arcgis/rest/services/OpenData/Location/MapServer/0
tpa-927f759bc90877,loc-109c32ee1bbffad9,49203,149853.1000,19283046T000000001360A,,1709 E Sitka St,1971,1411,1231,1,,,nearest_footprint_within_35m,medium,15.53,https://arcgis.tampagov.net/arcgis/rest/services/OpenData/Location/MapServer/0
tpa-6c9c8d5a41ec9f,loc-90725e1a05756028,365644,167299.0100,1829114HD000036000181A,,905 W Fribley St,,,,,,,nearest_footprint_within_35m,medium,16.83,https://arcgis.tampagov.net/arcgis/rest/services/OpenData/Location/MapServer/0
tpa-19d41fd17c312c,loc-3229c1a104894c87,150923,130713.0000,1830053X8000012000130A,,4002 S Shamrock Rd,,,,,,,exact_address_nearby_footprint,high,14.23,https://arcgis.tampagov.net/arcgis/rest/services/OpenData/Location/MapServer/0
tpa-bc9bbb9bdf075a,loc-10fede3127cb5d19,353448,130374.0000,1830053X8000003000200A,,4310 S Trask St,1953,1572,864,1,,,point_in_building_footprint,high,0.0,https://arcgis.tampagov.net/arcgis/rest/services/OpenData/Location/MapServer/0
tpa-f96239fb7ba80a,loc-10474b2a47240c76,776455,174090.0000,1929084NB000007000150A,,2914 E 32nd Ave,,,,,,,nearest_footprint_within_35m,medium,34.37,https://arcgis.tampagov.net/arcgis/rest/services/OpenData/Location/MapServer/0
tpa-444c37bb98ead6,loc-9915999093fdcea3,367456,124048.0100,1829333TR000017000090A,,4218 W Santiago St,1928,1793,1513,1,,,point_in_building_footprint,high,0.0,https://arcgis.tampagov.net/arcgis/rest/services/OpenData/Location/MapServer/0
tpa-6fd7f19befdce6,loc-51d9d7cccb758525,412560,124367.0000,1829333TS000039000060A,,4110 W San Luis St,1959,2337,1584,1,,,point_in_building_footprint,high,0.0,https://arcgis.tampagov.net/arcgis/rest/services/OpenData/Location/MapServer/0
tpa-602e5467b0ff6e,loc-676a5478ffcae155,184674,168854.0000,1829224IP000000000040A,,610 N Woodlynne Ave,1990,600,480,1,,,nearest_footprint_within_35m,medium,31.84,https://arcgis.tampagov.net/arcgis/rest/services/OpenData/Location/MapServer/0
tpa-dab1f93e0f1a4b,loc-678e8e114e232fad,1449,135239.0000,1830103ZTA00000000010A,,3216 W Pearl Ave,1958,1322,910,1,,,point_in_building_footprint,high,0.0,https://arcgis.tampagov.net/arcgis/rest/services/OpenData/Location/MapServer/0
tpa-aa2fdbae318723,loc-5ead95d09b093760,126157,122921.0000,1829323TN000004000050A,,3409 S Lightner Dr,1954,2007,1673,1,,,point_in_building_footprint,high,0.0,https://arcgis.tampagov.net/arcgis/rest/services/OpenData/Location/MapServer/0
tpa-fd9ff070386d38,loc-724f762ac0e3d92e,294315,146945.0000,19283045M000060000160A,,8006 N 14th St,1926,1168,1162,1,,,nearest_footprint_within_35m,medium,17.46,https://arcgis.tampagov.net/arcgis/rest/services/OpenData/Location/MapServer/0
tpa-2b48642ee2c461,loc-7904a30ba96b98ad,695565,194755.0100,182925509000002000300A,,48 Columbia Dr,,,,,,,nearest_footprint_within_35m,medium,16.58,https://arcgis.tampagov.net/arcgis/rest/services/OpenData/Location/MapServer/0
tpa-3e657b6d6cfb4e,loc-0e1f1e52bc13d1ce,699730,126580.0000,1829343UI000073000070A,,3214 W San Juan St,,,,,,,nearest_footprint_within_35m,medium,14.99,https://arcgis.tampagov.net/arcgis/rest/services/OpenData/Location/MapServer/0
tpa-8b7ee5586fa4af,loc-ba376cb9611c40cb,226037,118530.0000,1829273Q9000000000120A,,2632 W Sunset Dr,1940,1902,1874,1,,,nearest_footprint_within_35m,medium,18.22,https://arcgis.tampagov.net/arcgis/rest/services/OpenData/Location/MapServer/0
tpa-baf689544886f3,loc-30eba01eb1b18759,74776,98729.0000,1828233E9000022000070A,,1315 W Yukon St,1942,2109,1226,1,,,nearest_footprint_within_35m,medium,30.86,https://arcgis.tampagov.net/arcgis/rest/services/OpenData/Location/MapServer/0
tpa-b0db82b2b6fa82,loc-c5221c2e1857cdc6,388023,176255.0000,1829104OR000009000230A,,2703 W Cordelia St,1961,876,744,1,,,point_in_building_footprint,high,0.0,https://arcgis.tampagov.net/arcgis/rest/services/OpenData/Location/MapServer/0
tpa-5354d09196a44e,loc-cbbd00adeb447e39,51968,114534.0000,1829213LG000011000210A,,3917 W Cass St,1957,1403,990,1,,,nearest_footprint_within_35m,medium,14.95,https://arcgis.tampagov.net/arcgis/rest/services/OpenData/Location/MapServer/0
tpa-32910abb18ee12,loc-ff5431d0f5e770cb,391721,195990.0000,182936509000093000140A,,613 Bosphorous Ave,,,,,,,point_in_building_footprint,high,0.0,https://arcgis.tampagov.net/arcgis/rest/services/OpenData/Location/MapServer/0
tpa-1dd5ad9eeffff7,loc-6d07e5eba877d6a2,747029,103708.0000,1828353GRC00000000060A,,2120 W Hiawatha St,,,,,,,nearest_footprint_within_35m,medium,24.81,https://arcgis.tampagov.net/arcgis/rest/services/OpenData/Location/MapServer/0
tpa-dc7bf4ecde575f,loc-aeea2df18927ac30,224909,110967.0020,182917ZZZ000005476202A,,2223 N West Shore Blvd 400,2001,144567,140952,,,,point_in_building_footprint,high,0.0,https://arcgis.tampagov.net/arcgis/rest/services/OpenData/Location/MapServer/0
tpa-b1d12a9597cf8a,loc-0a993513d2317730,753449,179822.0038,182914B9T000003000020A,,1308 W Chestnut St,,,,,,,point_in_building_footprint,high,0.0,https://arcgis.tampagov.net/arcgis/rest/services/OpenData/Location/MapServer/0
tpa-8abce98e2ef599,loc-21ec525668167ba3,184277,112281.0000,1829173JV000001001390A,,4901 W Grace St,,,,,,,point_in_building_footprint,high,0.0,https://arcgis.tampagov.net/arcgis/rest/services/OpenData/Location/MapServer/0
tpa-f335765362b5a5,loc-02dd34ce8f656c08,352755,122494.0000,1829323TG000000000950A,,4420 W Kensington Ave,1983,1822,1162,,,,point_in_building_footprint,high,0.0,https://arcgis.tampagov.net/arcgis/rest/services/OpenData/Location/MapServer/0
tpa-5b68cc4e44dab2,loc-2c8c9f3276b7f5fa,710301,162089.0000,1828364EK000002000080A,,6003 N Highland Ave,,,,,,,nearest_footprint_within_35m,medium,24.55,https://arcgis.tampagov.net/arcgis/rest/services/OpenData/Location/MapServer/0
tpa-d881e987d9a583,loc-363e16f92b44f1b9,502854,121378.0000,1829293T1000000000100A,,2303 S Occident St,,,,,,,nearest_footprint_within_35m,medium,16.68,https://arcgis.tampagov.net/arcgis/rest/services/OpenData/Location/MapServer/0
tpa-92b708b87f4d12,loc-d2cc2d2ec21e73f8,68081,129716.0000,1830043WV000012000030A,,4305 S Hale Ave,1985,1689,1270,,,,nearest_footprint_within_35m,medium,21.82,https://arcgis.tampagov.net/arcgis/rest/services/OpenData/Location/MapServer/0
tpa-23428f29ad2093,loc-ca68afa6cf464307,265109,167725.0000,1829124HY000001000060A,,3915 N Arlington Ave,1926,1184,1040,1,,,point_in_building_footprint,high,0.0,https://arcgis.tampagov.net/arcgis/rest/services/OpenData/Location/MapServer/0
tpa-ec86e0e5aaa45c,loc-b60fc7c9ef7c5d84,254415,131432.0000,1830083XF000007000300A,,4421 Leila Ave,1955,1216,1062,1,,,point_in_building_footprint,high,0.0,https://arcgis.tampagov.net/arcgis/rest/services/OpenData/Location/MapServer/0
tpa-f6ec6ae0556677,loc-99e26652db95c38d,254404,186110.0000,1829264U5000003000180A,,2100 W Swann Ave,2003,50973,48494,,,,point_in_building_footprint,high,0.0,https://arcgis.tampagov.net/arcgis/rest/services/OpenData/Location/MapServer/0
tpa-a4fafac80ba4e3,loc-4dab41d94230a62c,184070,118500.0000,1829273Q7000000001940A,,2526 W Watrous Ave,1925,2016,1294,1,,,nearest_footprint_within_35m,medium,25.29,https://arcgis.tampagov.net/arcgis/rest/services/OpenData/Location/MapServer/0
tpa-97e7307cdddcbb,loc-4c13e01bbaf5c580,67128,101185.0000,1828263FA000001000050A,,7019 N Willow Ave,1975,1102,912,1,,,point_in_building_footprint,high,0.0,https://arcgis.tampagov.net/arcgis/rest/services/OpenData/Location/MapServer/0
tpa-52293a6bd72176,loc-2c20e3110cd584fe,387508,192563.0000,1829134YM000014000040A,,1106 N Franklin St,1920,8640,7481,40,,,nearest_footprint_within_35m,medium,31.62,https://arcgis.tampagov.net/arcgis/rest/services/OpenData/Location/MapServer/0
tpa-24ac06c8a0a374,loc-cade8b00145d6bf6,701185,121793.0000,1829323T7000018000130A,,2627 N Dundee St,2020,9137,6422,1,,2,nearest_footprint_within_35m,medium,32.74,https://arcgis.tampagov.net/arcgis/rest/services/OpenData/Location/MapServer/0
tpa-f8da5522d21409,loc-0c142e26c56637d1,182573,181812.0000,1829114QE000015000190A,,907 W Coral St,1950,1404,1152,1,,,nearest_footprint_within_35m,medium,18.03,https://arcgis.tampagov.net/arcgis/rest/services/OpenData/Location/MapServer/0
tpa-53c4f7231f2594,loc-481ad2f0d32638ba,144946,133746.0000,1830093YO000011000140A,,5605 S Lois Ave,2017,4186,3536,,,,nearest_footprint_within_35m,medium,28.13,https://arcgis.tampagov.net/arcgis/rest/services/OpenData/Location/MapServer/0
tpa-ea48b80b26a122,loc-5f627c0435d2d6ef,705363,98708.0100,1828233E9000021000050A,,1409 W Yukon St,,,,,,,nearest_footprint_within_35m,medium,21.45,https://arcgis.tampagov.net/arcgis/rest/services/OpenData/Location/MapServer/0
tpa-6ebbc631d4e700,loc-aaecbe3da776a287,152486,177525.0000,1829144PB000010000240A,,1913 W Saint John St,1991,1112,1092,1,,,nearest_footprint_within_35m,medium,29.71,https://arcgis.tampagov.net/arcgis/rest/services/OpenData/Location/MapServer/0
tpa-aabe3fc78f9aed,loc-843d3488e8745065,416464,101807.0000,1828263FP000000000090A,,2137 W Juneau St,1989,2220,1502,1,,,nearest_footprint_within_35m,medium,20.0,https://arcgis.tampagov.net/arcgis/rest/services/OpenData/Location/MapServer/0
tpa-dd1614046de936,loc-337e2db5af05e899,182141,136043.0000,18301540Y000000000240A,,3012 W Meadow St,1952,1057,949,1,,,nearest_footprint_within_35m,medium,32.51,https://arcgis.tampagov.net/arcgis/rest/services/OpenData/Location/MapServer/0
tpa-9498ee224a29fa,loc-af0e4148698cea13,37212,127411.0000,1830033V9J00000000031A,,3012 W Bay Vista Ave,1990,3057,2291,1,,,point_in_building_footprint,high,0.0,https://arcgis.tampagov.net/arcgis/rest/services/OpenData/Location/MapServer/0
tpa-175ef5d993b5b6,loc-90dcc2a2788fc268,748357,104344.0000,1828353H0000001000190A,,1812 W Henry Ave,,,,,,,nearest_footprint_within_35m,medium,18.36,https://arcgis.tampagov.net/arcgis/rest/services/OpenData/Location/MapServer/0
tpa-5c43d09db1777c,loc-7eb104668192d232,211003,114922.0000,1829213LJ000008000090A,,4314 W Gray St,1958,1792,1152,1,,,point_in_building_footprint,high,0.0,https://arcgis.tampagov.net/arcgis/rest/services/OpenData/Location/MapServer/0
tpa-84640926ce0129,loc-a8a4f7e7b44a1b39,771435,113211.0000,1829203L2000005000090A,,207 S Occident St,,,,,,,exact_address_nearby_footprint,high,1.82,https://arcgis.tampagov.net/arcgis/rest/services/OpenData/Location/MapServer/0
tpa-6b566ff271f5da,loc-ccea4b9d4bc5fdc1,737772,192605.0026,1829244YP000000000080A,,1010 N Macinnes Pl,,,,,,,point_in_building_footprint,high,0.0,https://arcgis.tampagov.net/arcgis/rest/services/OpenData/Location/MapServer/0
tpa-3df077988e2f4d,loc-d8e5d7d2ebac70b8,749582,163192.0000,1828364FA000000001670A,,102 E North St,,,,,,,nearest_footprint_within_35m,medium,28.09,https://arcgis.tampagov.net/arcgis/rest/services/OpenData/Location/MapServer/0
tpa-9d80e6ce25cfc0,loc-085f9ce59f6ec9f6,277518,191575.0000,1829134XV000001000080A,,408 E 7th Ave,1900,3896,3166,1,,,point_in_building_footprint,high,0.0,https://arcgis.tampagov.net/arcgis/rest/services/OpenData/Location/MapServer/0
tpa-263603d0779657,loc-434da20c5cccf902,405163,110375.0000,182915ZZZ000005470700A,,3309 W Beach St,1966,1533,1028,1,,,point_in_building_footprint,high,0.0,https://arcgis.tampagov.net/arcgis/rest/services/OpenData/Location/MapServer/0
tpa-c3eb9a831dc8d7,loc-df9a5f048d6ce596,175011,100449.0100,1828243EO000013000170A,,8908 N Hamner Ave,1985,1932,1016,1,,,nearest_footprint_within_35m,medium,22.59,https://arcgis.tampagov.net/arcgis/rest/services/OpenData/Location/MapServer/0
tpa-24aed76404b2ad,loc-dd3ef3faa8e5e410,269844,125553.0000,1829273U4000003000020A,,3004 W Neptune St,1985,1362,906,,,,point_in_building_footprint,high,0.0,https://arcgis.tampagov.net/arcgis/rest/services/OpenData/Location/MapServer/0
tpa-78ee6eb5ea23a5,loc-af79c0378abbb6ee,124766,146233.0000,19281945M000005000110A,,8612 N 12th St,1975,996,864,1,,,nearest_footprint_within_35m,medium,31.06,https://arcgis.tampagov.net/arcgis/rest/services/OpenData/Location/MapServer/0
tpa-d023e7483d1e49,loc-4a7a6f3d6763e5e3,221586,101585.0000,1828263FE000000000550A,,1303 W Patterson St,1977,2289,1642,1,,,nearest_footprint_within_35m,medium,24.85,https://arcgis.tampagov.net/arcgis/rest/services/OpenData/Location/MapServer/0
tpa-978dc0d8e94b03,loc-e6e4d72e96160e81,737772,192605.0026,1829244YP000000000080A,,1010 N Macinnes Pl,,,,,,,point_in_building_footprint,high,0.0,https://arcgis.tampagov.net/arcgis/rest/services/OpenData/Location/MapServer/0
tpa-43e396bdb6a253,loc-c2b656d66608206a,389749,120833.1106,1829293SJ000000000500A,,4923 Andros Dr,1985,6701,4852,1,,,nearest_footprint_within_35m,medium,32.45,https://arcgis.tampagov.net/arcgis/rest/services/OpenData/Location/MapServer/0
tpa-820779ff656f7d,loc-81621a20f79ba082,83976,184387.0000,1829234SB000004000120A,,2008 W Azeele St,1953,1298,566,1,,,nearest_footprint_within_35m,medium,26.36,https://arcgis.tampagov.net/arcgis/rest/services/OpenData/Location/MapServer/0
tpa-71645d3fbbb07b,loc-eb2833df48a96fa9,163346,113107.0594,1829203KV000000C00000A,,4611 W North B St,,,,,,,nearest_footprint_within_35m,medium,26.56,https://arcgis.tampagov.net/arcgis/rest/services/OpenData/Location/MapServer/0
tpa-d840cbc75b7140,loc-929985822f35149a,339255,191340.0000,1829134XK000001000050A,,403 E Amelia Ave,1926,4392,4312,4,,,nearest_footprint_within_35m,medium,18.62,https://arcgis.tampagov.net/arcgis/rest/services/OpenData/Location/MapServer/0
tpa-6112a2a51b6c02,loc-9d5d19ec81d04445,749974,162829.0000,1828364F0000000000040A,,121 W Thomas St,,,,,,,point_in_building_footprint,high,0.0,https://arcgis.tampagov.net/arcgis/rest/services/OpenData/Location/MapServer/0
tpa-ce024800da7bc8,loc-a7e8f6615a18c2b8,217149,113843.0000,1829203LA000032000060A,,4512 W Azeele St,1953,1683,1145,1,,,nearest_footprint_within_35m,medium,20.39,https://arcgis.tampagov.net/arcgis/rest/services/OpenData/Location/MapServer/0
tpa-31fe8a35f36f80,loc-8f017dfe8d7a1bb5,409912,118575.0100,1829273QA000004000320A,,1510 S Arrawana Ave,1989,3078,2632,1,,,nearest_footprint_within_35m,medium,26.09,https://arcgis.tampagov.net/arcgis/rest/services/OpenData/Location/MapServer/0
tpa-e82e840e1aac22,loc-91a620fb7198152c,382943,142222.0000,19282143M000113000330A,,4112 E Richmere St,1978,1668,1356,1,,,point_in_building_footprint,high,0.0,https://arcgis.tampagov.net/arcgis/rest/services/OpenData/Location/MapServer/0
tpa-0dc54cd6ca25bf,loc-d16543bc76db0b50,301136,130700.0000,1830053X8000011000400A,,4710 W Bay View Ave,1951,1266,1266,1,,,point_in_building_footprint,high,0.0,https://arcgis.tampagov.net/arcgis/rest/services/OpenData/Location/MapServer/0
tpa-bfeeb1536ed268,loc-3c0b82ebb5e4d500,748062,165702.0000,1829014GL000000002950A,,207 W Genesee St,,,,,,,nearest_footprint_within_35m,medium,13.41,https://arcgis.tampagov.net/arcgis/rest/services/OpenData/Location/MapServer/0
tpa-c991ce9785c639,loc-a0309eba2603b367,747865,164726.0000,1829014G5000012000020A,,5118 N Suwanee Ave,,,,,,,point_in_building_footprint,high,0.0,https://arcgis.tampagov.net/arcgis/rest/services/OpenData/Location/MapServer/0
tpa-f78f0b6c12313e,loc-04dfd6aa21fef71d,405807,183411.0000,1829144S0D00000000130A,,709 W Ross Ave,1945,1088,960,1,,,point_in_building_footprint,high,0.0,https://arcgis.tampagov.net/arcgis/rest/services/OpenData/Location/MapServer/0
tpa-385c72a6313f3b,loc-82b0b1df2e860d75,230479,179468.0000,1829154PQ000041000170A,,2729 W Spruce St,1929,1536,1280,1,,,nearest_footprint_within_35m,medium,20.04,https://arcgis.tampagov.net/arcgis/rest/services/OpenData/Location/MapServer/0
tpa-0dc19b56172530,loc-da3590f976acad6d,696243,136872.0150,18301541O000015000020A,,6504 Englewood Ave,,,,,,,point_in_building_footprint,high,0.0,https://arcgis.tampagov.net/arcgis/rest/services/OpenData/Location/MapServer/0
tpa-0a4a9c5cf04c81,loc-9069d937d771a1cb,325547,121855.0000,1829323T7000022000090A,,2623 S Bryant Cir,1951,3324,2672,1,,,point_in_building_footprint,high,0.0,https://arcgis.tampagov.net/arcgis/rest/services/OpenData/Location/MapServer/0
tpa-ac7dd00367d2fc,loc-2a0e19214a831f53,481725,124816.0000,1829333TW000000000260A,,3614 W Vasconia St,,,,,,,nearest_footprint_within_35m,medium,27.15,https://arcgis.tampagov.net/arcgis/rest/services/OpenData/Location/MapServer/0
tpa-172232a4e40341,loc-e6ac040d0019074f,693215,166083.0100,1829014GQA00000000021A,,4303 N Central Ave,,,,,,,nearest_footprint_within_35m,medium,17.07,https://arcgis.tampagov.net/arcgis/rest/services/OpenData/Location/MapServer/0
tpa-98311e1937ed3f,loc-be26e7dc7118740b,64102,126225.0500,1829343U4000061000190A,,3403 Santiago St,,,,,,,nearest_footprint_within_35m,medium,28.43,https://arcgis.tampagov.net/arcgis/rest/services/OpenData/Location/MapServer/0
tpa-48cd07612437d7,loc-90726db55f6264d6,695313,169377.0000,1829364J6C00000000030A,,565 Rhine Ave,,,,,,,nearest_footprint_within_35m,medium,24.93,https://arcgis.tampagov.net/arcgis/rest/services/OpenData/Location/MapServer/0
tpa-b4dd8aca18671c,loc-8c9e26c91e684eaf,753386,101573.0000,1828263FE000000000380A,,1521 W Patterson St,,,,,,,point_in_building_footprint,high,0.0,https://arcgis.tampagov.net/arcgis/rest/services/OpenData/Location/MapServer/0
tpa-8851351452b196,loc-d8ed80dd7ff2e9c1,47675,121489.0050,1829323T6000000000151A,,4801 W Longefellow Ave,2007,5325,4098,1,,,nearest_footprint_within_35m,medium,22.04,https://arcgis.tampagov.net/arcgis/rest/services/OpenData/Location/MapServer/0
tpa-20b89e1a764951,loc-bb1f87f2112a5f32,355059,187702.0000,1929074VJ000010000100A,,2813 N 20th St,1925,1224,1042,1,,,point_in_building_footprint,high,0.0,https://arcgis.tampagov.net/arcgis/rest/services/OpenData/Location/MapServer/0
tpa-0adcbb29992da0,loc-6d7fb49facce9991,236954,100522.0000,1828243EO000017000230A,,8902 N Ola Ave,1979,1708,1496,1,,,nearest_footprint_within_35m,medium,33.48,https://arcgis.tampagov.net/arcgis/rest/services/OpenData/Location/MapServer/0
tpa-2519ed0dde352a,loc-994c01d084d2b868,377446,195820.0000,182936509000071000340A,,638 Geneva Pl,1960,1975,1495,1,,,nearest_footprint_within_35m,medium,33.91,https://arcgis.tampagov.net/arcgis/rest/services/OpenData/Location/MapServer/0
tpa-f1a3adcd375128,loc-afb034667aeb4dd5,46598,130160.0000,1830053X4000004000170A,,4837 W Bay Court Ave,,,,,,,nearest_footprint_within_35m,medium,24.79,https://arcgis.tampagov.net/arcgis/rest/services/OpenData/Location/MapServer/0
tpa-2c47010f9bf492,loc-d35cee5f671df4ec,283005,121406.0000,1829293T2000002000130A,,4412 W Clear Ave,1958,2663,1724,1,,,point_in_building_footprint,high,0.0,https://arcgis.tampagov.net/arcgis/rest/services/OpenData/Location/MapServer/0
tpa-149fdff18d32d3,loc-bf108afca672959f,774677,179556.0000,1829154PQ000047000060A,,2526 W Union St,,,,,,,nearest_footprint_within_35m,medium,16.79,https://arcgis.tampagov.net/arcgis/rest/services/OpenData/Location/MapServer/0
tpa-ff65aaea94e7e8,loc-e32d6f82c4f09438,755121,195800.0000,182936509000071000060A,,694 Geneva Pl,,,,,,,nearest_footprint_within_35m,medium,24.76,https://arcgis.tampagov.net/arcgis/rest/services/OpenData/Location/MapServer/0
tpa-91e2e6c6a04c7a,loc-0f0f879a41c7ea02,770853,118734.0000,1829273QG000030000050A,,3110 W San Jose St,,,,,,,nearest_footprint_within_35m,medium,30.3,https://arcgis.tampagov.net/arcgis/rest/services/OpenData/Location/MapServer/0
tpa-fed7319c3ecb7c,loc-8a8cc4f2ff406528,421,115596.0000,1829213MA000006000020A,,3704 W Cleveland St,1945,1939,1681,2,,,nearest_footprint_within_35m,medium,18.52,https://arcgis.tampagov.net/arcgis/rest/services/OpenData/Location/MapServer/0
tpa-9e6b2e05d23e11,loc-770dfad22c9fd54a,305401,120160.0000,1829283RX000000000490A,,1042 S Sterling Ave,1957,1609,1214,1,,,point_in_building_footprint,high,0.0,https://arcgis.tampagov.net/arcgis/rest/services/OpenData/Location/MapServer/0
tpa-3cf3eb9d357546,loc-3c2d27bb0370cfa9,44675,123244.0000,1829333TP000011000070A,,3714 W Palmira Ave,1945,2120,2049,1,,,point_in_building_footprint,high,0.0,https://arcgis.tampagov.net/arcgis/rest/services/OpenData/Location/MapServer/0
tpa-9f82d40156267e,loc-1450ad2d206cbae3,776363,173341.0010,1929074MP000007000014A,,1410 E 29th Ave,,,,,,,nearest_footprint_within_35m,medium,33.31,https://arcgis.tampagov.net/arcgis/rest/services/OpenData/Location/MapServer/0
tpa-546f05f9e21091,loc-c3b1bd93dfb2ef48,695519,194939.0000,182925509000006001600A,,214 Blanca Ave,,,,,,,nearest_footprint_within_35m,medium,20.51,https://arcgis.tampagov.net/arcgis/rest/services/OpenData/Location/MapServer/0
tpa-fa89c4d3ba80fb,loc-fda859703526a462,189123,153605.0000,192904ZZZ000005723400A,,4108 E Ellicott St,1973,1428,1428,1,,,nearest_footprint_within_35m,medium,18.02,https://arcgis.tampagov.net/arcgis/rest/services/OpenData/Location/MapServer/0
tpa-ffb0e74ef7c0d2,loc-8d4e2c14c09485a0,355411,120965.0000,1829293SL000017000014A,,4508 W San Rafael St,1965,2835,1951,1,,,nearest_footprint_within_35m,medium,22.26,https://arcgis.tampagov.net/arcgis/rest/services/OpenData/Location/MapServer/0
tpa-e757799c702684,loc-bc501d6dd7fbcfdf,699472,168952.0000,1829224IU000000000220A,,506 N Bradford Ave,,,,,,,nearest_footprint_within_35m,medium,26.38,https://arcgis.tampagov.net/arcgis/rest/services/OpenData/Location/MapServer/0
tpa-6b80cf500fdf8c,loc-1e787a116b28bb48,333027,127693.0000,1830033VJ000000000410A,,2924 W Villa Rosa Park,1924,6061,5094,1,,,nearest_footprint_within_35m,medium,18.16,https://arcgis.tampagov.net/arcgis/rest/services/OpenData/Location/MapServer/0
tpa-12911010708ccb,loc-caefc5be3ceaeaf9,172466,181431.0000,1829234Q9000007000200A,,2109 W Carmen St,1985,1972,1442,,,,nearest_footprint_within_35m,medium,15.37,https://arcgis.tampagov.net/arcgis/rest/services/OpenData/Location/MapServer/0
tpa-ade275b5845c48,loc-26bf8f744a2eec16,38589,113238.0000,1829203L3000000000050A,,210 S Renellie Dr,2006,4480,3640,1,,,point_in_building_footprint,high,0.0,https://arcgis.tampagov.net/arcgis/rest/services/OpenData/Location/MapServer/0
tpa-c9b1704a473169,loc-2e141b3ba6fb2dd8,504817,107327.0000,1829033II000003001240A,,3106 W Crest Ave,,,,,,,nearest_footprint_within_35m,medium,33.09,https://arcgis.tampagov.net/arcgis/rest/services/OpenData/Location/MapServer/0
tpa-f84077b9b28f2f,loc-0339840a52897c9a,256823,173990.0000,1929084NA000004000020A,,3503 E 29th Ave,1928,1223,1076,1,,,nearest_footprint_within_35m,medium,15.43,https://arcgis.tampagov.net/arcgis/rest/services/OpenData/Location/MapServer/0
tpa-1d4aeacdbee34e,loc-b0638450c5143590,360901,173365.0000,1929074MR000000000010A,,1313 E 29th Ave,1949,1132,1056,1,,,nearest_footprint_within_35m,medium,27.84,https://arcgis.tampagov.net/arcgis/rest/services/OpenData/Location/MapServer/0
tpa-498f7dbd762b3f,loc-f34b0c53ac152c63,360901,173365.0000,1929074MR000000000010A,,1313 E 29th Ave,1949,1132,1056,1,,,nearest_footprint_within_35m,medium,30.39,https://arcgis.tampagov.net/arcgis/rest/services/OpenData/Location/MapServer/0
tpa-e40b99196f446e,loc-e57a5594c69aa045,2877,182401.0000,1829124QU000003000050A,,3109 N Woodrow Ave,2007,1711,1621,1,,,nearest_footprint_within_35m,medium,34.72,https://arcgis.tampagov.net/arcgis/rest/services/OpenData/Location/MapServer/0
tpa-e2a92aee6d076e,loc-0e83342823a7c75e,360901,173365.0000,1929074MR000000000010A,,1313 E 29th Ave,1949,1132,1056,1,,,nearest_footprint_within_35m,medium,32.96,https://arcgis.tampagov.net/arcgis/rest/services/OpenData/Location/MapServer/0
tpa-49e80e51163e4f,loc-50bc6b07a40ee51b,98271,198321.0000,19291851B000001000160A,,930 11th Ave,1923,1447,1266,1,,,nearest_footprint_within_35m,medium,31.38,https://arcgis.tampagov.net/arcgis/rest/services/OpenData/Location/MapServer/0
tpa-da950a66297bc9,loc-2d1d6aeacf29029c,102296,178402.0000,1829144PO000005000100A,,1320 W Arch St,1956,1484,1163,1,,,nearest_footprint_within_35m,medium,30.96,https://arcgis.tampagov.net/arcgis/rest/services/OpenData/Location/MapServer/0
tpa-045e51addb8e4c,loc-0735c4e899f80e1d,776363,173341.0010,1929074MP000007000014A,,1410 E 29th Ave,,,,,,,nearest_footprint_within_35m,medium,30.72,https://arcgis.tampagov.net/arcgis/rest/services/OpenData/Location/MapServer/0
tpa-2cbc85613b2807,loc-6ad0c26ae7a7471e,105407,122668.0000,1829323TI000000001260A,,3321 S Shamrock Rd,2004,4061,2966,1,,,nearest_footprint_within_35m,medium,31.96,https://arcgis.tampagov.net/arcgis/rest/services/OpenData/Location/MapServer/0
tpa-01b2a34710d1f7,loc-5a8da5f3c4ae0249,78546,121805.0000,1829323T7000020000020A,,4806 W San Jose St,,,,,,,nearest_footprint_within_35m,medium,26.63,https://arcgis.tampagov.net/arcgis/rest/services/OpenData/Location/MapServer/0
tpa-b0c1d0683897fc,loc-4b0aa32a683ab835,233877,167743.0000,1829124HY000002000080A,,3914 N Arlington Ave,1925,1404,1196,1,,,nearest_footprint_within_35m,medium,14.72,https://arcgis.tampagov.net/arcgis/rest/services/OpenData/Location/MapServer/0
tpa-e7cb2202092654,loc-fffd96146d4f09ef,342244,131294.0000,1830083XE000003000070A,,4714 W Leila Ave,1954,1460,1152,1,,,nearest_footprint_within_35m,medium,22.09,https://arcgis.tampagov.net/arcgis/rest/services/OpenData/Location/MapServer/0
tpa-db4e77a2b26312,loc-70f8d51555a65ae8,155824,123961.0000,1829333TR000010000110A,,4323 W Bay To Bay Blvd,1975,4244,3826,4,,,nearest_footprint_within_35m,medium,34.96,https://arcgis.tampagov.net/arcgis/rest/services/OpenData/Location/MapServer/0
tpa-e9409f2411ad8b,loc-813687bb4c3b42cd,141793,100229.0000,1828243EO000001000120A,,8410 N Lynn Ave,1963,2687,1858,1,,,nearest_footprint_within_35m,medium,32.21,https://arcgis.tampagov.net/arcgis/rest/services/OpenData/Location/MapServer/0
tpa-db661374029fa4,loc-8aeafc7828272c0b,355411,120965.0000,1829293SL000017000014A,,4508 W San Rafael St,1965,2835,1951,1,,,point_in_building_footprint,high,0.0,https://arcgis.tampagov.net/arcgis/rest/services/OpenData/Location/MapServer/0
tpa-045b5ccf4eaa0c,loc-bc82e6dae8f2647c,698467,127433.0000,1830033V9K00000000180A,,2915 W Bay View Ave,,,,,,,nearest_footprint_within_35m,medium,31.09,https://arcgis.tampagov.net/arcgis/rest/services/OpenData/Location/MapServer/0
tpa-a5c07f6c6343a7,loc-4d900b0fe2d0f156,211856,115632.0000,1829213MA000008000070A,,3614 W Platt St,1926,1977,1677,1,,,nearest_footprint_within_35m,medium,17.93,https://arcgis.tampagov.net/arcgis/rest/services/OpenData/Location/MapServer/0
tpa-f687f897b41c2a,loc-ac2462ba17b48b55,774434,169045.0000,1829224IY000001000060A,,306 N Habana Ave,,,,,,,nearest_footprint_within_35m,medium,16.13,https://arcgis.tampagov.net/arcgis/rest/services/OpenData/Location/MapServer/0
tpa-92f7071846991b,loc-e14b3ca80e1f7c47,5857,183160.0000,1829124RP000003000130A,,2808 N Morgan St,1900,1765,1441,1,,,nearest_footprint_within_35m,medium,18.64,https://arcgis.tampagov.net/arcgis/rest/services/OpenData/Location/MapServer/0
tpa-7d2996141ea393,loc-362d76f8f5497174,138544,138344.0000,18301742F000000000110A,,8023 Interbay Blvd,2015,2924,2255,,,,nearest_footprint_within_35m,medium,21.98,https://arcgis.tampagov.net/arcgis/rest/services/OpenData/Location/MapServer/0
tpa-5587d0dd7fecb0,loc-443db65ae22c3306,380898,124070.1000,1829333TR000018000180A,,4113 W San Juan St,1989,1899,1609,1,,,nearest_footprint_within_35m,medium,32.9,https://arcgis.tampagov.net/arcgis/rest/services/OpenData/Location/MapServer/0
tpa-da7186fa942a19,loc-3da0523776013df4,296848,187705.0000,1929074VJ000011000050A,,2908 N 21st St,1925,1400,1240,1,,,nearest_footprint_within_35m,medium,11.36,https://arcgis.tampagov.net/arcgis/rest/services/OpenData/Location/MapServer/0
tpa-0b7c6feb59d4b6,loc-b462622bbb571549,174579,142702.0000,19282143U00000000058DA,,8509 N 47th St,,,,,,,point_in_building_footprint,high,0.0,https://arcgis.tampagov.net/arcgis/rest/services/OpenData/Location/MapServer/0
tpa-2b7a2f4e8da01e,loc-98cdbb03d03b10d1,700483,132016.0000,1830083XJ000025000150A,,4703 W Paul Ave,,,,,,,nearest_footprint_within_35m,medium,22.31,https://arcgis.tampagov.net/arcgis/rest/services/OpenData/Location/MapServer/0
tpa-945604cf03cedb,loc-1d30abd71d316300,336058,122467.0000,1829323TG000000000670A,,4422 W Euclid Ave,1949,940,860,1,,,point_in_building_footprint,high,0.0,https://arcgis.tampagov.net/arcgis/rest/services/OpenData/Location/MapServer/0
tpa-1e895a271729af,loc-2f62befa4440df54,232166,174660.0000,1929084NK000004000060A,,3501 E 23rd Ave,2001,1304,1118,1,,,nearest_footprint_within_35m,medium,30.24,https://arcgis.tampagov.net/arcgis/rest/services/OpenData/Location/MapServer/0
tpa-49beb81a4f0bbc,loc-85fff20f0bacd8e4,35919,123042.0000,1829323TN000010000020A,,3603 S Lightner Dr,1954,2957,2267,1,,,nearest_footprint_within_35m,medium,22.3,https://arcgis.tampagov.net/arcgis/rest/services/OpenData/Location/MapServer/0
tpa-df46cbccf61b46,loc-40077329f6fd2e46,162038,164531.0000,1829014FY000004000024A,,803 E Giddens Ave,1928,1792,1568,1,,,nearest_footprint_within_35m,medium,15.74,https://arcgis.tampagov.net/arcgis/rest/services/OpenData/Location/MapServer/0
tpa-78dad42d02c7c0,loc-923bc6e9028149fc,158537,125203.0000,1829333U0000000000620A,,3714 W Kensington Ave,1954,1755,1493,1,,,nearest_footprint_within_35m,medium,21.92,https://arcgis.tampagov.net/arcgis/rest/services/OpenData/Location/MapServer/0
tpa-dc665f56847db3,loc-ed346d9f04ba4b2f,776320,168188.0000,1829124I9B00000000010A,,3400 N Florida Ave,,,,,,,exact_address_nearby_footprint,high,42.59,https://arcgis.tampagov.net/arcgis/rest/services/OpenData/Location/MapServer/0
tpa-8f9da193dfcc70,loc-86da5f7b436f06dd,17301,126871.0000,1829343UM000000000300A,,3121 W Kensington Ave,2002,3913,2888,,,,point_in_building_footprint,high,0.0,https://arcgis.tampagov.net/arcgis/rest/services/OpenData/Location/MapServer/0
tpa-cca9eb8a11417e,loc-3cbb8733c8cdbd2a,388452,150375.0000,19283146Z000000000050A,,6010 N 16th St,1958,1048,744,1,,,nearest_footprint_within_35m,medium,34.01,https://arcgis.tampagov.net/arcgis/rest/services/OpenData/Location/MapServer/0
tpa-6ddb25d7eb7ef2,loc-944028db7a0282ad,405475,127231.0000,1829343V4000000000040A,,2908 W Euclid Ave,2006,6463,5010,1,,,point_in_building_footprint,high,0.0,https://arcgis.tampagov.net/arcgis/rest/services/OpenData/Location/MapServer/0
tpa-ca325157830d7e,loc-80fb83e826ddccd8,146492,195445.0000,182936509000042000290A,,70 Ladoga Ave,2001,6236,5112,1,,,exact_address_nearby_footprint,high,34.81,https://arcgis.tampagov.net/arcgis/rest/services/OpenData/Location/MapServer/0
tpa-92ae634ad585a6,loc-e904e46eaaa7a0f7,3853,149806.0000,19283046T000000000680A,,7810 N Marks St,1969,1337,1172,1,,,point_in_building_footprint,high,0.0,https://arcgis.tampagov.net/arcgis/rest/services/OpenData/Location/MapServer/0
tpa-4f57106add2fad,loc-2184f420f7ba4734,6023,171404.0000,1929064KO000000000040A,,1204 Mcberry St,1920,1552,1344,,,,nearest_footprint_within_35m,medium,22.87,https://arcgis.tampagov.net/arcgis/rest/services/OpenData/Location/MapServer/0
tpa-1f727ef9bba71f,loc-4a02638c2d8706a4,87872,193745.0000,1829244ZM000093000010A,,101 S Franklin St,1980,2124,2040,,,,exact_address_nearby_footprint,high,22.6,https://arcgis.tampagov.net/arcgis/rest/services/OpenData/Location/MapServer/0
tpa-0ea5310ce6574d,loc-d1669f10c0252fb0,288467,113729.0000,1829293LA000021000200A,,4519 W Culbreath Ave,1957,2721,2291,1,,,point_in_building_footprint,high,0.0,https://arcgis.tampagov.net/arcgis/rest/services/OpenData/Location/MapServer/0
tpa-176b1b1474a2d1,loc-7e0a0c202a8faa76,355125,183398.0000,1829144S0C00000000170A,,703 W Park Ave,1946,1202,1090,1,,,nearest_footprint_within_35m,medium,30.09,https://arcgis.tampagov.net/arcgis/rest/services/OpenData/Location/MapServer/0
tpa-aa3bcf451f27f2,loc-69782c672f09bb7d,355125,183398.0000,1829144S0C00000000170A,,703 W Park Ave,1946,1202,1090,1,,,nearest_footprint_within_35m,medium,30.09,https://arcgis.tampagov.net/arcgis/rest/services/OpenData/Location/MapServer/0
tpa-3874efd8d5b4cd,loc-739049b78893549d,355125,183398.0000,1829144S0C00000000170A,,703 W Park Ave,1946,1202,1090,1,,,nearest_footprint_within_35m,medium,27.4,https://arcgis.tampagov.net/arcgis/rest/services/OpenData/Location/MapServer/0
tpa-2760c5a91cef80,loc-dea40716670ec4d4,355125,183398.0000,1829144S0C00000000170A,,703 W Park Ave,1946,1202,1090,1,,,nearest_footprint_within_35m,medium,27.4,https://arcgis.tampagov.net/arcgis/rest/services/OpenData/Location/MapServer/0
tpa-2b2003cf36c22b,loc-0a0781b58c761a14,368682,121742.0000,1829323T7000015000140A,,4632 W Lamb Ave,1956,3285,2293,1,,,point_in_building_footprint,high,0.0,https://arcgis.tampagov.net/arcgis/rest/services/OpenData/Location/MapServer/0
tpa-1ca4868f51ccb0,loc-66268ddf1ea8c701,775559,187107.0000,1929074V7000004000040A,,1905 E 23rd Ave,,,,,,,nearest_footprint_within_35m,medium,24.59,https://arcgis.tampagov.net/arcgis/rest/services/OpenData/Location/MapServer/0
tpa-d0b61cd3ae5925,loc-1dd434fb658379d9,338062,181602.0000,1829114QE000002000080A,,915 W Plymouth St,,,,,,,nearest_footprint_within_35m,medium,16.25,https://arcgis.tampagov.net/arcgis/rest/services/OpenData/Location/MapServer/0
tpa-88d4884c01d2a0,loc-a12554fd5f67c61d,64102,126225.0500,1829343U4000061000190A,,3403 Santiago St,,,,,,,nearest_footprint_within_35m,medium,28.43,https://arcgis.tampagov.net/arcgis/rest/services/OpenData/Location/MapServer/0
tpa-70de17b91f6c6f,loc-4484a2c447fc3742,184709,188963.0000,1929174W5000001000080A,,2315 E 12th Ave,1918,1170,1036,,,,nearest_footprint_within_35m,medium,29.47,https://arcgis.tampagov.net/arcgis/rest/services/OpenData/Location/MapServer/0
tpa-b6d123a7ed8047,loc-66230b6768ede47b,769350,103355.0025,1828343GJ000000000281A,,3008 W Rio Vista Ave,,,,,,,nearest_footprint_within_35m,medium,15.68,https://arcgis.tampagov.net/arcgis/rest/services/OpenData/Location/MapServer/0
tpa-e461fcf6cc2f9a,loc-b693c50dc053cbda,6009,113226.0000,1829203L2000006000090A,,207 S Gardenia Ave,1959,2920,2108,1,,,point_in_building_footprint,high,0.0,https://arcgis.tampagov.net/arcgis/rest/services/OpenData/Location/MapServer/0
tpa-fd24d8d6a7f5ae,loc-e6a363f456ad371f,266100,128348.0100,1830033W0000000001440A,,3213 W Chapin Ave,1973,1768,1417,1,,,point_in_building_footprint,high,0.0,https://arcgis.tampagov.net/arcgis/rest/services/OpenData/Location/MapServer/0
tpa-a065ec683b6bce,loc-2cf0318483fb2138,314349,122633.0000,1829323TI000000000530A,,4718 W Vasconia St,1965,1796,1416,1,,,point_in_building_footprint,high,0.0,https://arcgis.tampagov.net/arcgis/rest/services/OpenData/Location/MapServer/0
tpa-b202e577ac3667,loc-506a805b67b431de,147182,196258.0000,192930509000109000110A,,503 Columbia Dr,1999,2000,1968,1,,,nearest_footprint_within_35m,medium,16.65,https://arcgis.tampagov.net/arcgis/rest/services/OpenData/Location/MapServer/0
tpa-3274571af95bf9,loc-cdd388e153256857,695433,195933.0000,192931509000090000270A,,624 Columbia Dr,,,,,,,nearest_footprint_within_35m,medium,19.4,https://arcgis.tampagov.net/arcgis/rest/services/OpenData/Location/MapServer/0
tpa-009358e75a4788,loc-a4078d82fb6c1f64,477323,122226.0000,1829323TD000000001700A,,5121 W San Jose St,,,,,,,nearest_footprint_within_35m,medium,23.35,https://arcgis.tampagov.net/arcgis/rest/services/OpenData/Location/MapServer/0
tpa-700e4b3f9e7f14,loc-337b422396a0d46b,490771,131081.0000,1830053XD000001000040A,,4713 W Fair Oaks Ave,1958,2042,1275,1,,,nearest_footprint_within_35m,medium,34.43,https://arcgis.tampagov.net/arcgis/rest/services/OpenData/Location/MapServer/0
tpa-a125fd1eb7d7a9,loc-e596304ac33ea198,189867,118572.0000,1829273QA000004000270A,,1517 S Georgia Ave,,,,,,,nearest_footprint_within_35m,medium,31.74,https://arcgis.tampagov.net/arcgis/rest/services/OpenData/Location/MapServer/0
tpa-0fde779fe2a9c4,loc-fd94187a6c1476fb,705397,100126.0000,1828243EN000014000030A,,8522 N Highland Ave,,,,,,,nearest_footprint_within_35m,medium,30.19,https://arcgis.tampagov.net/arcgis/rest/services/OpenData/Location/MapServer/0
tpa-3618f2a543ed8a,loc-f61b700f4cc3ccd3,14905,114163.0000,1829203LB000002000010A,,5203 W Neptune Way,1949,3532,2718,1,,,point_in_building_footprint,high,0.0,https://arcgis.tampagov.net/arcgis/rest/services/OpenData/Location/MapServer/0
tpa-7eab775596cf4f,loc-9afb31e98371bf8c,101472,130619.0000,1830053X8000010000380A,,4026 S West Shore Blvd,1951,2706,1968,1,,,point_in_building_footprint,high,0.0,https://arcgis.tampagov.net/arcgis/rest/services/OpenData/Location/MapServer/0
tpa-f5dc63d4e089c2,loc-505d42ebf25e7732,770891,123068.0000,1829323TN000011000020A,,3603 S Omar Ave,,,,,,,nearest_footprint_within_35m,medium,26.04,https://arcgis.tampagov.net/arcgis/rest/services/OpenData/Location/MapServer/0
tpa-f776784384cf54,loc-2f8652b803f5b494,770421,133472.0000,1830093YJ000010000030A,,3606 W Rogers Ave,,,,,,,point_in_building_footprint,high,0.0,https://arcgis.tampagov.net/arcgis/rest/services/OpenData/Location/MapServer/0
tpa-b7cd4c2038e29e,loc-5ca63076786ea355,143601,133445.0000,1830093YJ000008000060A,,3512 W Pearl Ave,1952,1192,825,1,,,nearest_footprint_within_35m,medium,19.21,https://arcgis.tampagov.net/arcgis/rest/services/OpenData/Location/MapServer/0
tpa-92be969f635e51,loc-38be94bf785aa0c6,215987,119854.0000,1829283RE000000000150A,,1520 S Richard Ave,1956,2432,1976,1,,,nearest_footprint_within_35m,medium,19.45,https://arcgis.tampagov.net/arcgis/rest/services/OpenData/Location/MapServer/0
tpa-0b608cb967f98d,loc-31c9d24f1630b482,770885,123074.0000,1829323TN000011000080A,,3615 S Omar Ave,,,,,,,nearest_footprint_within_35m,medium,23.01,https://arcgis.tampagov.net/arcgis/rest/services/OpenData/Location/MapServer/0
tpa-a087942a91ff27,loc-cbd56bba553572d6,739361,159654.0010,192914ZZZ000005791200A,,6902 E 6th Ave,,,,,,,exact_address_nearby_footprint,high,84.68,https://arcgis.tampagov.net/arcgis/rest/services/OpenData/Location/MapServer/0
tpa-ca9e256b1e6b19,loc-a6542b56e547d20d,13923,166813.0000,1829114HA000008000160A,,709 W Virginia Ave,1946,909,909,1,,,nearest_footprint_within_35m,medium,18.51,https://arcgis.tampagov.net/arcgis/rest/services/OpenData/Location/MapServer/0
tpa-3827636b923ac2,loc-a1868f4bdb57a827,293422,119198.0000,1829283QQ000000000070A,,4116 W Neptune St,1950,1800,1498,1,,,point_in_building_footprint,high,0.0,https://arcgis.tampagov.net/arcgis/rest/services/OpenData/Location/MapServer/0
tpa-905f882ce21996,loc-d846cf524620a122,91476,112143.0000,182917ZZZ000005488800A,,4835 W Cypress St,2001,87228,85278,,1,,point_in_building_footprint,high,0.0,https://arcgis.tampagov.net/arcgis/rest/services/OpenData/Location/MapServer/0
tpa-8d060769b5d6c6,loc-b5d98a694e9755af,726854,125185.0000,1829333U0000000000290A,,3620 W El Prado Blvd,,,,,,,nearest_footprint_within_35m,medium,28.52,https://arcgis.tampagov.net/arcgis/rest/services/OpenData/Location/MapServer/0
tpa-0051208ccc93a4,loc-8508b136dccc05cc,149552,117129.0000,1829223OA00003000001GA,,208 N Glen Ave,,,,,,,nearest_footprint_within_35m,medium,17.61,https://arcgis.tampagov.net/arcgis/rest/services/OpenData/Location/MapServer/0
tpa-48d9713e1c0512,loc-b632329147d2e3c3,726989,106509.0000,182903ZZZ000005441400A,,4701 N Himes Ave,1960,36027,32758,,1,1,exact_address_nearby_footprint,high,96.25,https://arcgis.tampagov.net/arcgis/rest/services/OpenData/Location/MapServer/0
tpa-48d9713e1c0512,loc-b632329147d2e3c3,726992,106509.0000,182903ZZZ000005441400A,,4701 N Himes Ave,1960,11063,10247,,5,1,exact_address_nearby_footprint,high,39.85,https://arcgis.tampagov.net/arcgis/rest/services/OpenData/Location/MapServer/0
tpa-f814014293a184,loc-8b1dfd88767597b9,171888,110598.0000,1829153JD000014000050A,,3310 W Nassau St,2000,2127,1382,,,,nearest_footprint_within_35m,medium,30.77,https://arcgis.tampagov.net/arcgis/rest/services/OpenData/Location/MapServer/0
tpa-09f2fe9182aed4,loc-559cd9ee0e585f46,757142,181148.0000,1829234Q7000008000010A,,608 N Willow Ave,2022,258037,192512,192,,5,point_in_building_footprint,high,0.0,https://arcgis.tampagov.net/arcgis/rest/services/OpenData/Location/MapServer/0
tpa-ed726caf8d2425,loc-7a688cf5796c35c3,294252,120833.0024,1829293SG000000000161A,,1109 Culbreath Isles Dr,1969,4624,3857,1,,,point_in_building_footprint,high,0.0,https://arcgis.tampagov.net/arcgis/rest/services/OpenData/Location/MapServer/0
tpa-6cfb3c773ef9bd,loc-38c0b39631ffe3da,403257,173337.0000,1929074MP000006000041A,,3501 N Avenida Republica De Cuba St,1949,1228,1163,1,,,nearest_footprint_within_35m,medium,21.38,https://arcgis.tampagov.net/arcgis/rest/services/OpenData/Location/MapServer/0
tpa-63587a3bbee76a,loc-6a72d433bfc4e452,403257,173337.0000,1929074MP000006000041A,,3501 N Avenida Republica De Cuba St,1949,1228,1163,1,,,nearest_footprint_within_35m,medium,21.25,https://arcgis.tampagov.net/arcgis/rest/services/OpenData/Location/MapServer/0
tpa-2797cd81a69511,loc-26f550cfd9f1952b,81689,130578.0000,1830053X8000009000210A,,4710 W Knights Ave,1952,2019,1510,1,,,point_in_building_footprint,high,0.0,https://arcgis.tampagov.net/arcgis/rest/services/OpenData/Location/MapServer/0
tpa-b9d17bc37c853a,loc-b3f31e317df09325,196496,106358.0000,1829023HW000000000660A,,1508 River Shore Way,1951,1479,1384,1,,,point_in_building_footprint,high,0.0,https://arcgis.tampagov.net/arcgis/rest/services/OpenData/Location/MapServer/0
tpa-2a313fd594717b,loc-9620fb5624617943,200504,157998.0000,1929064BL000012000110A,,1506 E North Bay St,2002,1344,1200,1,,,point_in_building_footprint,high,0.0,https://arcgis.tampagov.net/arcgis/rest/services/OpenData/Location/MapServer/0
tpa-47521b98fde6e1,loc-a150f395049e6042,311902,124405.0000,1829333TS000041000140A,,4307 W Leona St,2005,4426,3644,1,,,point_in_building_footprint,high,0.0,https://arcgis.tampagov.net/arcgis/rest/services/OpenData/Location/MapServer/0
tpa-1afca5c72c8207,loc-38d9598f4cefa387,695387,195794.0000,182936509000070000180A,,530 Suwanee Cir,,,,,,,nearest_footprint_within_35m,medium,32.03,https://arcgis.tampagov.net/arcgis/rest/services/OpenData/Location/MapServer/0
tpa-16159d096459f5,loc-4b3bef204d6566bb,410201,177329.0000,1829144P8000008000040A,,2010 N Oregon Ave,1964,2136,1159,8,,,nearest_footprint_within_35m,medium,22.52,https://arcgis.tampagov.net/arcgis/rest/services/OpenData/Location/MapServer/0
tpa-212f4b7da655ab,loc-6b6dd54b9ac0e4cd,695702,95371.0000,1828133CI000000000030A,,805 W 114th Ave,,,,,,,nearest_footprint_within_35m,medium,34.44,https://arcgis.tampagov.net/arcgis/rest/services/OpenData/Location/MapServer/0
tpa-db60401e61aee5,loc-5d0bb88da6086669,151516,169093.0100,1829224IZ000001000070A,,209 N Woodlynne Ave,1974,1348,1296,1,,,point_in_building_footprint,high,0.0,https://arcgis.tampagov.net/arcgis/rest/services/OpenData/Location/MapServer/0
tpa-a34f0d6900f461,loc-98bced558fba529b,221371,195764.0000,182936509000069000510A,,525 Suwanee Cir,1953,3931,2929,1,,,point_in_building_footprint,high,0.0,https://arcgis.tampagov.net/arcgis/rest/services/OpenData/Location/MapServer/0
tpa-1a111c0a9b6eab,loc-bf0648bc8168e2be,749488,166523.0064,182901B34000000000020A,,613 W North Bay St,,,,,,,point_in_building_footprint,high,0.0,https://arcgis.tampagov.net/arcgis/rest/services/OpenData/Location/MapServer/0
tpa-6d194c4d68193d,loc-607edd674c4f4101,180252,101347.0000,1828263FB000000000070A,,8316 N Boulevard,1926,1225,978,1,,,nearest_footprint_within_35m,medium,12.41,https://arcgis.tampagov.net/arcgis/rest/services/OpenData/Location/MapServer/0
tpa-7e71828d580d98,loc-d8364162fc277546,771437,113528.0000,1829203LA000009000030A,,205 S West Shore Blvd,,,,,,,point_in_building_footprint,high,0.0,https://arcgis.tampagov.net/arcgis/rest/services/OpenData/Location/MapServer/0
tpa-17620d43eaa85b,loc-fc0900090fb025c7,218918,130593.0000,1830053X8000010000120A,,4705 W Knights Ave,1951,1820,1242,1,,,point_in_building_footprint,high,0.0,https://arcgis.tampagov.net/arcgis/rest/services/OpenData/Location/MapServer/0
tpa-91940a8dd83922,loc-5ee591ef8e81f94c,742455,195232.0000,192930509000025000080A,,113 Biscayne Ave,,,,,,,point_in_building_footprint,high,0.0,https://arcgis.tampagov.net/arcgis/rest/services/OpenData/Location/MapServer/0
tpa-360ec28e959ae1,loc-47a63d9dcaea94bc,355125,183398.0000,1829144S0C00000000170A,,703 W Park Ave,1946,1202,1090,1,,,nearest_footprint_within_35m,medium,16.91,https://arcgis.tampagov.net/arcgis/rest/services/OpenData/Location/MapServer/0
tpa-c7aa17d284f934,loc-a2a0cc3bfabdf959,264087,105833.0000,1829023HL000039000110A,,2308 N Elcoe Dr,1947,1519,1244,1,,,point_in_building_footprint,high,0.0,https://arcgis.tampagov.net/arcgis/rest/services/OpenData/Location/MapServer/0
tpa-2106b896c6626b,loc-e56080e8f11865bb,639910,116085.0342,182922B9E000006000260A,,204 S Tampania Ave 2,,,,,,,nearest_footprint_within_35m,medium,19.38,https://arcgis.tampagov.net/arcgis/rest/services/OpenData/Location/MapServer/0
tpa-2954d823ee84c4,loc-6b909261dd122527,283678,195126.0000,182925509000016000370A,,146 Bosphorous Ave,1948,2253,1522,1,,,point_in_building_footprint,high,0.0,https://arcgis.tampagov.net/arcgis/rest/services/OpenData/Location/MapServer/0
tpa-37038019f0d9c7,loc-f9f8c596fdbc2c9d,21208,106396.0000,1829023HW000000001070A,,1534 W Park Ln,1958,1512,975,1,,,point_in_building_footprint,high,0.0,https://arcgis.tampagov.net/arcgis/rest/services/OpenData/Location/MapServer/0
tpa-258f31363285d5,loc-6e320f6e547ee443,402631,121744.0000,1829323T7000015000170A,,4636 W Lamb Ave,1960,2854,1839,1,,,point_in_building_footprint,high,0.0,https://arcgis.tampagov.net/arcgis/rest/services/OpenData/Location/MapServer/0
tpa-260234d360f440,loc-89d73a9ff0059510,473227,117918.0000,1829273Q1000008000200A,,2811 W Terrace Dr,,,,,,,nearest_footprint_within_35m,medium,34.51,https://arcgis.tampagov.net/arcgis/rest/services/OpenData/Location/MapServer/0
tpa-f0f52df9113612,loc-6b23b8becb971d46,120644,130592.0000,1830053X8000010000110A,,4703 W Knights Ave,1951,1508,1252,1,,,point_in_building_footprint,high,0.0,https://arcgis.tampagov.net/arcgis/rest/services/OpenData/Location/MapServer/0
tpa-4fc785eb1adbcd,loc-1ecf989ed236509e,722984,144650.0000,192818454000057000010A,,1701 E Annona Ave,,,,,,,nearest_footprint_within_35m,medium,32.15,https://arcgis.tampagov.net/arcgis/rest/services/OpenData/Location/MapServer/0
tpa-efab2ab60f4711,loc-e0334d94dc9816dc,775135,109659.0100,1829103J5000049000100A,,3322 W Cordelia St,,,,,,,nearest_footprint_within_35m,medium,21.24,https://arcgis.tampagov.net/arcgis/rest/services/OpenData/Location/MapServer/0
tpa-4571bc38109543,loc-3f18576972295f39,239608,95002.0200,182813ZZZ000005360900A,,11309 N Ola Ave,1965,2632,2164,1,,,point_in_building_footprint,high,0.0,https://arcgis.tampagov.net/arcgis/rest/services/OpenData/Location/MapServer/0
tpa-2b6182051006a6,loc-cfc4a4d9e5de8116,284340,130728.0000,1830053X8000012000280A,,4729 W Bay Vista Ave,1951,1284,1008,1,,,nearest_footprint_within_35m,medium,20.23,https://arcgis.tampagov.net/arcgis/rest/services/OpenData/Location/MapServer/0
tpa-8e6c36a66c9e53,loc-3d7a60c7ee5aa7cb,154295,139037.0500,18302042J000185000140A,,7406 S Faul St,2003,1764,1377,1,,,nearest_footprint_within_35m,medium,16.14,https://arcgis.tampagov.net/arcgis/rest/services/OpenData/Location/MapServer/0
tpa-8922d966245dcd,loc-e8fe6e2b0fb5f2c1,699681,126692.0000,1829343UJ000000001410A,,3406 Corona St,,,,,,,point_in_building_footprint,high,0.0,https://arcgis.tampagov.net/arcgis/rest/services/OpenData/Location/MapServer/0
tpa-edbfb7ebee2316,loc-d429e262cf641878,186527,158981.0000,1929104BX000015000160A,,3607 N 52nd St,2007,4012,3484,2,,,nearest_footprint_within_35m,medium,30.86,https://arcgis.tampagov.net/arcgis/rest/services/OpenData/Location/MapServer/0
tpa-d60f7ed42f12b8,loc-cb69d73d5561e8e3,186527,158981.0000,1929104BX000015000160A,,3607 N 52nd St,2007,4012,3484,2,,,nearest_footprint_within_35m,medium,30.86,https://arcgis.tampagov.net/arcgis/rest/services/OpenData/Location/MapServer/0
tpa-18e096e88663da,loc-ef0ff9467389e574,186527,158981.0000,1929104BX000015000160A,,3607 N 52nd St,2007,4012,3484,2,,,nearest_footprint_within_35m,medium,23.82,https://arcgis.tampagov.net/arcgis/rest/services/OpenData/Location/MapServer/0
tpa-20635c5f8dbcac,loc-caa978c1d164dab6,186527,158981.0000,1929104BX000015000160A,,3607 N 52nd St,2007,4012,3484,2,,,nearest_footprint_within_35m,medium,23.82,https://arcgis.tampagov.net/arcgis/rest/services/OpenData/Location/MapServer/0
tpa-b5e9db01f40cb5,loc-ee41f003746b80ae,215664,123092.0000,1829323TN000011000260A,,3600 S Lightner Dr,1955,2202,1586,1,,,point_in_building_footprint,high,0.0,https://arcgis.tampagov.net/arcgis/rest/services/OpenData/Location/MapServer/0
tpa-b734ec9fa69d68,loc-6d7a195b36411170,369732,123043.0000,1829323TN000010000030A,,3605 S Lightner Dr,1954,2267,1959,1,,,point_in_building_footprint,high,0.0,https://arcgis.tampagov.net/arcgis/rest/services/OpenData/Location/MapServer/0
tpa-774498353611af,loc-663a2cafd05bbbdc,770126,128703.0000,1830033W8000000000330A,,2909 W Chapin Ave,,,,,,,nearest_footprint_within_35m,medium,22.45,https://arcgis.tampagov.net/arcgis/rest/services/OpenData/Location/MapServer/0
tpa-61a20c8f3ca0c8,loc-c3c35e4b1f7f6e02,589205,182838.0000,1829124RB000009000040A,,2908 N Mitchell Ave,,,,,,,point_in_building_footprint,high,0.0,https://arcgis.tampagov.net/arcgis/rest/services/OpenData/Location/MapServer/0
tpa-e9f3b7b45964df,loc-ff43d13cb7629be9,774351,169069.0005,1829224IY000003000070A,,204 N Excelda Ave,,,,,,,point_in_building_footprint,high,0.0,https://arcgis.tampagov.net/arcgis/rest/services/OpenData/Location/MapServer/0
tpa-aa3498028f794e,loc-cfe2ef2071f55430,243028,126346.0000,1829343U4000074000010A,,3104 W San Juan St,1973,1371,1296,4,,,nearest_footprint_within_35m,medium,29.25,https://arcgis.tampagov.net/arcgis/rest/services/OpenData/Location/MapServer/0
tpa-2f2b414a14818f,loc-9ed12a037af81ead,778353,109044.0000,182908ZZZ000005460200A,,2450 N West Shore Blvd,,,,,,,exact_address_nearby_footprint,high,117.08,https://arcgis.tampagov.net/arcgis/rest/services/OpenData/Location/MapServer/0
tpa-993e246a4a3e80,loc-3bf188d503830f60,698711,134985.0000,1830103ZR000001000160A,,3317 Marlin Ave,,,,,,,nearest_footprint_within_35m,medium,17.74,https://arcgis.tampagov.net/arcgis/rest/services/OpenData/Location/MapServer/0
tpa-d07db3c4884ca7,loc-5460372beb4ce476,28313,113589.0000,1829203LA000014000030A,,5105 Neptune Way,,,,,,,nearest_footprint_within_35m,medium,23.0,https://arcgis.tampagov.net/arcgis/rest/services/OpenData/Location/MapServer/0
tpa-cdc9bbddc05a3b,loc-45c06b760b52212a,134796,121911.0000,1829323T7000026000141A,,2630 S Dundee St,1957,3375,2529,1,,,point_in_building_footprint,high,0.0,https://arcgis.tampagov.net/arcgis/rest/services/OpenData/Location/MapServer/0
tpa-dfb4611d7ef86c,loc-4da283651e8652e2,122236,196268.0000,192930509000109000200A,,516 Channel Dr,1960,1764,1280,1,,,nearest_footprint_within_35m,medium,14.59,https://arcgis.tampagov.net/arcgis/rest/services/OpenData/Location/MapServer/0
tpa-8d4a7ac2999f35,loc-9c5b4b739ac648de,257180,195931.0000,192930509000090000250A,,620 Columbia Dr,1963,1693,1581,1,,,nearest_footprint_within_35m,medium,15.44,https://arcgis.tampagov.net/arcgis/rest/services/OpenData/Location/MapServer/0
tpa-37ec9be687a3f3,loc-78f07eeb176725a5,83976,184387.0000,1829234SB000004000120A,,2008 W Azeele St,1953,1298,566,1,,,nearest_footprint_within_35m,medium,26.36,https://arcgis.tampagov.net/arcgis/rest/services/OpenData/Location/MapServer/0
tpa-b67df26aaa27de,loc-4021f5b10fb0811a,738364,192017.0000,1829134Y3000004000050A,,318 W Park Ave,,,,,,,nearest_footprint_within_35m,medium,16.75,https://arcgis.tampagov.net/arcgis/rest/services/OpenData/Location/MapServer/0
tpa-3d06c7470d2ddd,loc-b870e403f49dda14,700348,131376.0000,1830083XE000005000130A,,4726 W Trilby Ave,,,,,,,nearest_footprint_within_35m,medium,20.3,https://arcgis.tampagov.net/arcgis/rest/services/OpenData/Location/MapServer/0
tpa-db9a9189a37464,loc-2c524d32bede3d1c,30125,120367.0000,1829283S3000007000061A,,4105 Morrison Ave,1949,1804,1404,2,,,nearest_footprint_within_35m,medium,26.78,https://arcgis.tampagov.net/arcgis/rest/services/OpenData/Location/MapServer/0
tpa-e569e3e0d0bcef,loc-7fe008eb7a897b8b,126321,148166.0000,192821464000013000220A,,8622 N 39th St,1946,1350,1000,1,,,point_in_building_footprint,high,0.0,https://arcgis.tampagov.net/arcgis/rest/services/OpenData/Location/MapServer/0
tpa-eda1dc4477c9ae,loc-7d19bef9650089ec,126761,186610.0000,1929074UT000002000030A,,1019 E 23rd Ave,1950,922,822,1,,,nearest_footprint_within_35m,medium,34.9,https://arcgis.tampagov.net/arcgis/rest/services/OpenData/Location/MapServer/0
tpa-c8ada6ee2ccced,loc-710aa45dcc8dd00a,387878,120833.0012,1829293SG000000000070A,,1116 Culbreath Isles Dr,1969,4600,4068,1,,,point_in_building_footprint,high,0.0,https://arcgis.tampagov.net/arcgis/rest/services/OpenData/Location/MapServer/0
tpa-90de174e83b74c,loc-ff1991678567ec49,326901,96588.0000,1828143D6000041000120A,,10924 N Boulevard St,1971,1412,836,1,,,nearest_footprint_within_35m,medium,25.35,https://arcgis.tampagov.net/arcgis/rest/services/OpenData/Location/MapServer/0
tpa-088bffe24bb84d,loc-39cc2d19825b9b4e,181895,169308.0000,1829364J5000063000080A,,613 Superior Ave,1955,2378,2018,1,,,point_in_building_footprint,high,0.0,https://arcgis.tampagov.net/arcgis/rest/services/OpenData/Location/MapServer/0
tpa-ff85739d8f2b03,loc-717cda8419fd005b,771434,113231.0000,1829203L2000006000160A,,208 S Ward St,,,,,,,point_in_building_footprint,high,0.0,https://arcgis.tampagov.net/arcgis/rest/services/OpenData/Location/MapServer/0
tpa-d9253063bbebde,loc-03c9f00587dd9f6d,76131,113183.0000,1829203L2000001000040A,,5014 W Azeele St,1961,2374,1678,1,,,point_in_building_footprint,high,0.0,https://arcgis.tampagov.net/arcgis/rest/services/OpenData/Location/MapServer/0
tpa-40afd2461bdbb8,loc-a1123153a8255236,589233,183059.0000,1829124RM000005000060A,,0,,,,,,,nearest_footprint_within_35m,medium,32.83,https://arcgis.tampagov.net/arcgis/rest/services/OpenData/Location/MapServer/0
tpa-b7057af33d1ec8,loc-03f6dc6329382e73,697517,185614.0000,1829264TE000010000050A,,911 S Oregon Ave,,,,,,,nearest_footprint_within_35m,medium,18.63,https://arcgis.tampagov.net/arcgis/rest/services/OpenData/Location/MapServer/0
tpa-9578bf844ee6a5,loc-7f3394e47fa9ac60,162516,199513.0712,1929305LZ000000000060A,,1609 Renaissance Way,2004,9470,7158,1,,,point_in_building_footprint,high,0.0,https://arcgis.tampagov.net/arcgis/rest/services/OpenData/Location/MapServer/0
tpa-6488b5d3bc482a,loc-7ffbc8242becf26f,278105,109683.0000,1829103J5000051000040A,,3308 W Abdella St,1925,1334,1206,1,,,point_in_building_footprint,high,0.0,https://arcgis.tampagov.net/arcgis/rest/services/OpenData/Location/MapServer/0
tpa-0e9873042aff46,loc-f6678925766d7bd7,111828,121216.0000,1829293SV000005000040A,,2120 S Venus St,1926,1234,1189,1,,,nearest_footprint_within_35m,medium,23.0,https://arcgis.tampagov.net/arcgis/rest/services/OpenData/Location/MapServer/0
tpa-8c58d62fe68f3b,loc-12e0e0f915d76581,119539,113209.0000,1829203L2000005000060A,,211 S Occident St,1959,2426,1802,1,,,point_in_building_footprint,high,0.0,https://arcgis.tampagov.net/arcgis/rest/services/OpenData/Location/MapServer/0
tpa-37b93274858f64,loc-79a0781726b017c2,273522,125688.0000,1829273U4000014000060A,,2912 W Angeles St,1925,1716,1716,1,,,nearest_footprint_within_35m,medium,16.72,https://arcgis.tampagov.net/arcgis/rest/services/OpenData/Location/MapServer/0
tpa-7eeb547df4703f,loc-a9bee07ba5ce5785,298720,194954.0000,182925509000007000150A,,121 Adalia Ave,1949,2894,2480,1,,,point_in_building_footprint,high,0.0,https://arcgis.tampagov.net/arcgis/rest/services/OpenData/Location/MapServer/0
tpa-fe0f6a6f89253f,loc-96d6cf60b9a926cd,402633,155843.0000,1929054A0000014000060A,,2621 E 38th Ave,1948,1432,1246,1,,,nearest_footprint_within_35m,medium,28.13,https://arcgis.tampagov.net/arcgis/rest/services/OpenData/Location/MapServer/0
tpa-b953013a2ad9df,loc-4722d19ae4610253,771869,169413.0000,1829364J6E000000010A0A,,554 W Davis Blvd,,,,,,,nearest_footprint_within_35m,medium,32.3,https://arcgis.tampagov.net/arcgis/rest/services/OpenData/Location/MapServer/0
tpa-45c5f52620299f,loc-51029ff78984f572,286406,136124.0000,18301540Z000004000050A,,2802 W Foster Ave,,,,,,,nearest_footprint_within_35m,medium,27.7,https://arcgis.tampagov.net/arcgis/rest/services/OpenData/Location/MapServer/0
tpa-379203eacfc71e,loc-d65dac92b3cbf359,771889,169288.0000,1829364J5000062000320A,,530 Severn Ave,,,,,,,point_in_building_footprint,high,0.0,https://arcgis.tampagov.net/arcgis/rest/services/OpenData/Location/MapServer/0
tpa-0d141ecfee0746,loc-cde656ca7f8a0712,592617,157674.0000,1929064BC000003000080A,,1902 E Genesee St,,,,,,,nearest_footprint_within_35m,medium,27.69,https://arcgis.tampagov.net/arcgis/rest/services/OpenData/Location/MapServer/0
tpa-f473ef71897334,loc-c2d5eb18fb7de543,769485,136181.0000,18301540Z000007000030A,,6028 S Switzer Ave,,,,,,,nearest_footprint_within_35m,medium,19.84,https://arcgis.tampagov.net/arcgis/rest/services/OpenData/Location/MapServer/0
tpa-3051a2d2dd6c06,loc-b5f4f1b67bfb192c,209088,120934.0000,1829293SL000013000020A,,4709 W San Rafael St,1965,2611,1836,1,,,nearest_footprint_within_35m,medium,28.16,https://arcgis.tampagov.net/arcgis/rest/services/OpenData/Location/MapServer/0
tpa-ee1fc38c2dc4c9,loc-4dab0ea9dbd2c141,771949,195767.0000,182936509000069000570A,,515 Suwanee Cir,,,,,,,point_in_building_footprint,high,0.0,https://arcgis.tampagov.net/arcgis/rest/services/OpenData/Location/MapServer/0
tpa-38287c94c71e1a,loc-ec97b91411122aef,264130,125952.0000,1829343U4000039000170A,,3307 W Barcelona St,2004,3917,3022,1,,,nearest_footprint_within_35m,medium,23.53,https://arcgis.tampagov.net/arcgis/rest/services/OpenData/Location/MapServer/0
tpa-3639e1c15e99da,loc-ecaf30b7c0712e3d,748769,162178.0000,1828354EK000008000081A,,6009 Ithmar Ave,,,,,,,nearest_footprint_within_35m,medium,5.4,https://arcgis.tampagov.net/arcgis/rest/services/OpenData/Location/MapServer/0
tpa-3f9cab2551feaf,loc-50d45a81c915d361,59173,195682.0000,182936509000054000150A,,498 Lucerne Ave,1947,5606,4166,1,,,point_in_building_footprint,high,0.0,https://arcgis.tampagov.net/arcgis/rest/services/OpenData/Location/MapServer/0
tpa-ac28b98ab71c24,loc-b1713beeadf9d6a1,502807,121004.0010,1829293SL000022000001A,,2303 S Hesperides St,,,,,,,nearest_footprint_within_35m,medium,23.64,https://arcgis.tampagov.net/arcgis/rest/services/OpenData/Location/MapServer/0
tpa-89e436a5fab5f4,loc-d5c09090283c49ba,510965,119182.0000,1829283QP000000000230A,,4107 W Watrous Ave,,,,,,,nearest_footprint_within_35m,medium,22.23,https://arcgis.tampagov.net/arcgis/rest/services/OpenData/Location/MapServer/0
tpa-199558d5ac0494,loc-ec169dd0e75e874a,404582,139047.0000,18302042J000186000140A,,7406 S Juanita St,1987,1165,1073,1,,,nearest_footprint_within_35m,medium,30.87,https://arcgis.tampagov.net/arcgis/rest/services/OpenData/Location/MapServer/0
tpa-b20815fba512a8,loc-7d3abdb9ac0df5a3,15561,166273.0000,1829014GT000031000011A,,406 E Chelsea St,1991,3245,2273,,,,point_in_building_footprint,high,0.0,https://arcgis.tampagov.net/arcgis/rest/services/OpenData/Location/MapServer/0
tpa-ebfa8a0fcecc01,loc-c2cd0fcf5395df6f,701215,122156.0000,1829323TC000000001201A,,2504 S Dundee St,,,,,,,point_in_building_footprint,high,0.0,https://arcgis.tampagov.net/arcgis/rest/services/OpenData/Location/MapServer/0
tpa-031acc7fb95423,loc-c7cdd1f4aaa23dd3,737194,122175.0000,1829323TD000000001370A,,5114 W San Jose St,,,,,,,nearest_footprint_within_35m,medium,23.51,https://arcgis.tampagov.net/arcgis/rest/services/OpenData/Location/MapServer/0
tpa-5a2855c2d4a0cd,loc-1655f9745e492694,87872,193745.0000,1829244ZM000093000010A,,101 S Franklin St,1980,2124,2040,,,,exact_address_nearby_footprint,high,22.6,https://arcgis.tampagov.net/arcgis/rest/services/OpenData/Location/MapServer/0
tpa-a358e7e7eb9dd4,loc-33ba2ff4eb05507b,690593,167457.0000,1829124HF000005000080A,,708 E Virginia Ave,,,,,,,point_in_building_footprint,high,0.0,https://arcgis.tampagov.net/arcgis/rest/services/OpenData/Location/MapServer/0
tpa-983c034dbb3fcc,loc-5a542914a9e61c28,333413,98404.5000,1828233E7000000000240A,,8412 N Packwood Ave,,,,,,,point_in_building_footprint,high,0.0,https://arcgis.tampagov.net/arcgis/rest/services/OpenData/Location/MapServer/0
tpa-ac668aa696964d,loc-ee68aefa254e8af1,242199,113076.0030,1829203KU000003000121A,,4624 W North B St,1978,1892,1358,1,,,point_in_building_footprint,high,0.0,https://arcgis.tampagov.net/arcgis/rest/services/OpenData/Location/MapServer/0
tpa-529abdbb121692,loc-81c784a4d2b772dc,121683,166909.0000,1829114HA000016000060A,,812 W Kentucky Ave,1949,1137,894,1,,,point_in_building_footprint,high,0.0,https://arcgis.tampagov.net/arcgis/rest/services/OpenData/Location/MapServer/0
tpa-97607c955ac60a,loc-57409baefb38f282,309658,121272.0000,1829293SX000000000140A,,4902 W San Nicholas St,1963,2860,2086,1,,,point_in_building_footprint,high,0.0,https://arcgis.tampagov.net/arcgis/rest/services/OpenData/Location/MapServer/0
tpa-b2875b0bfa679e,loc-0a06f64b45e96908,45081,125601.0000,1829273U4000007000030A,,2806 W Estrella St,1925,2152,1446,1,,,point_in_building_footprint,high,0.0,https://arcgis.tampagov.net/arcgis/rest/services/OpenData/Location/MapServer/0
tpa-cf20210056fdb1,loc-06b880b69fe37cb8,99170,125940.0000,1829343U4000039000040A,,3308 W Palmira Ave,1925,1384,1384,1,,,nearest_footprint_within_35m,medium,13.47,https://arcgis.tampagov.net/arcgis/rest/services/OpenData/Location/MapServer/0
tpa-633c25e31b200d,loc-64ae118e8e643acc,771389,113648.0000,1829203LA000017000160A,,434 S Royal Poinciana Dr,,,,,,,exact_address_nearby_footprint,high,28.57,https://arcgis.tampagov.net/arcgis/rest/services/OpenData/Location/MapServer/0
tpa-9bc34cc1b51f02,loc-fa553fc6f3008810,227113,121253.0000,1829293SV000012000050A,,4910 W Juno St,1971,3677,2477,1,,,nearest_footprint_within_35m,medium,30.38,https://arcgis.tampagov.net/arcgis/rest/services/OpenData/Location/MapServer/0
tpa-5b423f5abafef7,loc-3716fd3ca33c7601,144921,174664.0000,1929084NK000004000100A,,3508 E 22nd Ave,1974,1380,1239,1,,,nearest_footprint_within_35m,medium,30.49,https://arcgis.tampagov.net/arcgis/rest/services/OpenData/Location/MapServer/0
tpa-bb3d36d298a4a2,loc-5e5dfebd8de41c17,772078,194821.0000,182925509000005000300A,,25 Adalia Ave,,,,,,,nearest_footprint_within_35m,medium,17.72,https://arcgis.tampagov.net/arcgis/rest/services/OpenData/Location/MapServer/0
tpa-6b56a9668ca19a,loc-9b49ffb793392654,771866,169383.0000,1829364J6C00000000090A,,578 W Davis Blvd,,,,,,,nearest_footprint_within_35m,medium,25.32,https://arcgis.tampagov.net/arcgis/rest/services/OpenData/Location/MapServer/0
tpa-25b48cee081220,loc-c323d8692803ee32,722890,143953.0000,192818452000028000120A,,1413 E Seneca Ave,,,,,,,nearest_footprint_within_35m,medium,29.87,https://arcgis.tampagov.net/arcgis/rest/services/OpenData/Location/MapServer/0
tpa-035596f887e57d,loc-dacd05c609ee599c,280868,123086.0000,1829323TN000011000200A,,3612 S Lightner Dr,,,,,,,point_in_building_footprint,high,0.0,https://arcgis.tampagov.net/arcgis/rest/services/OpenData/Location/MapServer/0
tpa-9cd7b2c5935475,loc-1b9193e233926b3d,695304,169372.0000,1829364J6B00000000130A,,81 Martinique Ave,,,,,,,nearest_footprint_within_35m,medium,28.29,https://arcgis.tampagov.net/arcgis/rest/services/OpenData/Location/MapServer/0
tpa-237db3339d402d,loc-ec476667ca66ce4e,175469,166848.0000,1829114HA000011000010A,,902 W Virginia Ave,1954,1618,1102,1,,,nearest_footprint_within_35m,medium,26.2,https://arcgis.tampagov.net/arcgis/rest/services/OpenData/Location/MapServer/0
tpa-874737bc1866fa,loc-3834fb89b36e0598,771992,195321.0000,182925509000032000300A,,180 Cyprus Ave,,,,,,,exact_address_nearby_footprint,high,24.27,https://arcgis.tampagov.net/arcgis/rest/services/OpenData/Location/MapServer/0
tpa-b46d60be29f118,loc-da9f26bfd3284278,247694,138197.0050,18301742D000020000160A,,6602 Kissimmee St,1971,1444,1226,1,,,point_in_building_footprint,high,0.0,https://arcgis.tampagov.net/arcgis/rest/services/OpenData/Location/MapServer/0
tpa-5e50ada2e37707,loc-679d394ed0324925,342104,113356.0000,1829203L7000000000050A,,5106 W Platt St,1957,2244,1512,1,,,nearest_footprint_within_35m,medium,25.15,https://arcgis.tampagov.net/arcgis/rest/services/OpenData/Location/MapServer/0
tpa-5a7ee21f33aa95,loc-f789fe82b2720bd7,702821,120976.0000,1829293SL000018000031A,,4714 W San Rafael St,,,,,,,point_in_building_footprint,high,0.0,https://arcgis.tampagov.net/arcgis/rest/services/OpenData/Location/MapServer/0
tpa-083c84e157ff09,loc-5454729245216181,180779,123130.0000,1829323TN000013000110A,,4906 W Euclid Ave,1954,1776,1698,1,,,nearest_footprint_within_35m,medium,21.89,https://arcgis.tampagov.net/arcgis/rest/services/OpenData/Location/MapServer/0
tpa-db0b6fb37d3cbc,loc-8bb86063d634b790,196104,126528.1000,1829343UI000066000040A,,3208 W Santiago St 2,1986,1744,1275,2,,,nearest_footprint_within_35m,medium,4.92,https://arcgis.tampagov.net/arcgis/rest/services/OpenData/Location/MapServer/0
tpa-6f672b1636c2e4,loc-10fbc73d1256f58a,354117,196831.0000,18293650I000009000200A,,581 Luzon Ave,1960,2168,2153,1,,,nearest_footprint_within_35m,medium,21.84,https://arcgis.tampagov.net/arcgis/rest/services/OpenData/Location/MapServer/0
tpa-1b0fc3fac3ec80,loc-385e237857235159,24520,133090.0000,1830103YI000008000010A,,6003 S Sheridan Rd,1948,2099,1589,1,,,point_in_building_footprint,high,0.0,https://arcgis.tampagov.net/arcgis/rest/services/OpenData/Location/MapServer/0
tpa-046c3844bd4885,loc-46233f1f3b1ab3f6,84517,196171.0000,192930509000103000120A,,414 Columbia Dr,1945,1419,1368,1,,,point_in_building_footprint,high,0.0,https://arcgis.tampagov.net/arcgis/rest/services/OpenData/Location/MapServer/0
tpa-f307a4d6d30689,loc-501e387d1ea4d8ce,178560,171688.0000,1929064L5000010000010A,,1209 E Ellicott St,1925,1496,1062,1,,,nearest_footprint_within_35m,medium,15.17,https://arcgis.tampagov.net/arcgis/rest/services/OpenData/Location/MapServer/0
tpa-368d2eefb2dae5,loc-d31513fb14441cd9,771999,195286.0000,182925509000029000140A,,139 Chesapeake Ave,,,,,,,nearest_footprint_within_35m,medium,22.28,https://arcgis.tampagov.net/arcgis/rest/services/OpenData/Location/MapServer/0
tpa-b04c2af81420f4,loc-f1919df5c226a86b,72088,121944.0000,1829323T7000030000071A,,5028 W Dickens Ave,1960,2346,1650,1,,,point_in_building_footprint,high,0.0,https://arcgis.tampagov.net/arcgis/rest/services/OpenData/Location/MapServer/0
tpa-5ddf3bacd63c29,loc-2dfaa3e2c03110bf,121171,123327.0000,1829333TP000018000110A,,4122 W Barcelona St,1947,1582,1189,1,,,point_in_building_footprint,high,0.0,https://arcgis.tampagov.net/arcgis/rest/services/OpenData/Location/MapServer/0
tpa-256afada5fa729,loc-4665733ce8fe537a,286950,184495.0479,1829234SD000000C00000A,,607 S Albany Ave,1988,801,752,,,,nearest_footprint_within_35m,medium,16.32,https://arcgis.tampagov.net/arcgis/rest/services/OpenData/Location/MapServer/0
tpa-5b8ba59c499123,loc-55ebed6d46a5127c,420749,138321.0100,18301742E000006000151A,,6803 S Elemeta St,2007,2516,2052,1,,,nearest_footprint_within_35m,medium,13.98,https://arcgis.tampagov.net/arcgis/rest/services/OpenData/Location/MapServer/0
tpa-3ae48860549a6e,loc-023f4cc1fc4b22a6,15561,166273.0000,1829014GT000031000011A,,406 E Chelsea St,1991,3245,2273,,,,nearest_footprint_within_35m,medium,23.83,https://arcgis.tampagov.net/arcgis/rest/services/OpenData/Location/MapServer/0
tpa-73528532e8d256,loc-20c1dd62b6bb70cb,771949,195767.0000,182936509000069000570A,,515 Suwanee Cir,,,,,,,nearest_footprint_within_35m,medium,33.68,https://arcgis.tampagov.net/arcgis/rest/services/OpenData/Location/MapServer/0
tpa-1b406d57575188,loc-762dd5e381425d6b,208261,122602.0000,1829323TI000000000090A,,4703 W Leona St,1953,2703,2127,1,,,nearest_footprint_within_35m,medium,26.74,https://arcgis.tampagov.net/arcgis/rest/services/OpenData/Location/MapServer/0
tpa-db141b7ec62eae,loc-8bb2ccea78ea8c4e,696927,141080.0000,192817439000005000080A,,2223 E 113th Ave,,,,,,,nearest_footprint_within_35m,medium,17.94,https://arcgis.tampagov.net/arcgis/rest/services/OpenData/Location/MapServer/0
tpa-668104d442a3b6,loc-9caecdd8df946a12,144646,144499.0000,192819454000033000050A,,1308 E 98th Ave,1981,1547,2860,2,,,nearest_footprint_within_35m,medium,30.32,https://arcgis.tampagov.net/arcgis/rest/services/OpenData/Location/MapServer/0
tpa-a0f925ff4e3c22,loc-5f18fca688f66cd3,701118,123047.0000,1829323TN000010000070A,,3613 S Lightner Dr,,,,,,,nearest_footprint_within_35m,medium,24.37,https://arcgis.tampagov.net/arcgis/rest/services/OpenData/Location/MapServer/0
tpa-6428b950f45df7,loc-91fedb81c4646639,155146,154311.0000,19290449H000000000050A,,3703 E Ida St,2000,1631,1286,1,,,nearest_footprint_within_35m,medium,13.12,https://arcgis.tampagov.net/arcgis/rest/services/OpenData/Location/MapServer/0
tpa-7e3de939775c4a,loc-f0f22516a6ff9128,38280,113722.0000,1829293LA000021000100A,,4520 W Rosemere Rd,1969,2492,2477,1,,,point_in_building_footprint,high,0.0,https://arcgis.tampagov.net/arcgis/rest/services/OpenData/Location/MapServer/0
tpa-7d757cf11c37c4,loc-d342b2fc55861f3d,131845,181102.0000,1829234Q7000005000030A,,1312 W Lemon St,1926,1364,1156,1,,,nearest_footprint_within_35m,medium,23.48,https://arcgis.tampagov.net/arcgis/rest/services/OpenData/Location/MapServer/0
tpa-3cf1a6cc7f74a8,loc-1e3697e9da24410c,131845,181102.0000,1829234Q7000005000030A,,1312 W Lemon St,1926,1364,1156,1,,,nearest_footprint_within_35m,medium,23.48,https://arcgis.tampagov.net/arcgis/rest/services/OpenData/Location/MapServer/0
tpa-d2f2df1114d193,loc-6c57ba6858811d9a,695560,194797.0000,182925509000004000120A,,52 Albemarle Ave,,,,,,,point_in_building_footprint,high,0.0,https://arcgis.tampagov.net/arcgis/rest/services/OpenData/Location/MapServer/0
tpa-7e9c85c181e2d5,loc-77f227412d262029,79594,196032.0000,182936509000094000250A,,590 Luzon Ave,1956,2416,1886,1,,,point_in_building_footprint,high,0.0,https://arcgis.tampagov.net/arcgis/rest/services/OpenData/Location/MapServer/0
tpa-11fb2558294393,loc-859678dc7bb5bbc7,151573,98430.0000,1828233E8000000001180A,,2001 W Humphrey St,,,,,,,nearest_footprint_within_35m,medium,16.38,https://arcgis.tampagov.net/arcgis/rest/services/OpenData/Location/MapServer/0
tpa-e55fcd51c71619,loc-a06b930e989aa482,244079,122809.0000,1829323TJ000000001350A,,4412 W Sevilla St,1953,2191,1695,1,,,point_in_building_footprint,high,0.0,https://arcgis.tampagov.net/arcgis/rest/services/OpenData/Location/MapServer/0
tpa-b2ca052efa8cec,loc-d3c7ce842186e878,688678,94636.0000,182918ZZZ000005345400A,,3000 Bayport Dr,,,,,,,exact_address_nearby_footprint,high,109.25,https://arcgis.tampagov.net/arcgis/rest/services/OpenData/Location/MapServer/0
tpa-6c90a7fa496445,loc-298b55802682e19f,770953,122339.0000,1829323TF000000001070A,,3614 S Renellie Dr,,,,,,,nearest_footprint_within_35m,medium,25.68,https://arcgis.tampagov.net/arcgis/rest/services/OpenData/Location/MapServer/0
tpa-e120a4686f6bec,loc-c98911c154fd5f42,747355,106655.0000,1829033I0000000000020A,,2905 W Osborne Ave,,,,,,,nearest_footprint_within_35m,medium,31.96,https://arcgis.tampagov.net/arcgis/rest/services/OpenData/Location/MapServer/0
tpa-5151a32793fd96,loc-dde446ce7d73e34d,94988,121967.0000,1829323T7000031000070A,,5016 Homer Ave,2016,4876,3872,,,,nearest_footprint_within_35m,medium,26.97,https://arcgis.tampagov.net/arcgis/rest/services/OpenData/Location/MapServer/0
tpa-2728e8b1d15202,loc-0775f9cdfb962320,176614,137704.0000,183016424000000000430A,,3710 W Elrod Ave,1983,1739,1326,,,,nearest_footprint_within_35m,medium,16.58,https://arcgis.tampagov.net/arcgis/rest/services/OpenData/Location/MapServer/0
tpa-bebdcd63138518,loc-cf00c214c09c813c,753816,119602.0000,1829283R2000001000030A,,4108 Henderson Blvd,,,,,,,nearest_footprint_within_35m,medium,18.88,https://arcgis.tampagov.net/arcgis/rest/services/OpenData/Location/MapServer/0
tpa-68cd950625ded8,loc-f63c3169510f11e5,338305,130933.0000,1830053XC000018000080A,,4513 S Gaines Rd,1955,1606,1460,1,,,point_in_building_footprint,high,0.0,https://arcgis.tampagov.net/arcgis/rest/services/OpenData/Location/MapServer/0
tpa-70c8b4f49e50c0,loc-ef0c4b2472e8a75b,27082,179609.0000,1829154PQ000049000160A,,2737 W Green St,1980,1196,829,,,,nearest_footprint_within_35m,medium,32.09,https://arcgis.tampagov.net/arcgis/rest/services/OpenData/Location/MapServer/0
tpa-bed663e835a942,loc-5fb724939faca123,709253,101707.0000,1828263FG000000002950A,,925 W Patterson St,,,,,,,point_in_building_footprint,high,0.0,https://arcgis.tampagov.net/arcgis/rest/services/OpenData/Location/MapServer/0
tpa-60104dd6a45479,loc-0d8857738548da44,758390,167704.0100,1829124HX000001000101A,,506 E Baker St,,,,,,,nearest_footprint_within_35m,medium,23.43,https://arcgis.tampagov.net/arcgis/rest/services/OpenData/Location/MapServer/0
tpa-594b4eb16f432d,loc-78fdc6084fac97a6,771921,195812.0000,182936509000071000240A,,658 Geneva Pl,,,,,,,nearest_footprint_within_35m,medium,26.18,https://arcgis.tampagov.net/arcgis/rest/services/OpenData/Location/MapServer/0
tpa-db527c96989794,loc-2f6043826c2f5dd8,12770,123136.0000,1829323TN000013000170A,,5010 W Euclid Ave,1955,3074,2534,1,,,point_in_building_footprint,high,0.0,https://arcgis.tampagov.net/arcgis/rest/services/OpenData/Location/MapServer/0
tpa-8bbd11bdb3afe7,loc-c7a1f54471a16ef7,162067,121235.0000,1829293SV000009000060A,,4912 W Dryad St,1969,2813,1948,1,,,point_in_building_footprint,high,0.0,https://arcgis.tampagov.net/arcgis/rest/services/OpenData/Location/MapServer/0
tpa-4fb3c875f7fd4c,loc-1699a51e3dca25eb,774119,117206.0000,1829233OF000002000080A,,216 S Armenia Ave,,,,,,,point_in_building_footprint,high,0.0,https://arcgis.tampagov.net/arcgis/rest/services/OpenData/Location/MapServer/0
tpa-babdcdc6bdf41c,loc-e62c6e68d29908a2,697677,186312.0000,1829264UG000000000020A,,1404 S De Soto Ave,,,,,,,nearest_footprint_within_35m,medium,30.24,https://arcgis.tampagov.net/arcgis/rest/services/OpenData/Location/MapServer/0
tpa-25104efdd1ee34,loc-3c72261819b9d37d,695393,195763.0000,182936509000069000490A,,533 Suwanee Cir,,,,,,,point_in_building_footprint,high,0.0,https://arcgis.tampagov.net/arcgis/rest/services/OpenData/Location/MapServer/0
tpa-16cd3fc57962b1,loc-7e1dcc8facc66be8,371942,127714.9004,1830033VK000000000020A,,2929 W Hawthorne Rd,1995,5851,5132,1,,,nearest_footprint_within_35m,medium,21.62,https://arcgis.tampagov.net/arcgis/rest/services/OpenData/Location/MapServer/0
tpa-3474f9cdbe05bd,loc-5d7fd0e8a342a0cb,701290,122392.0000,1829323TF000000001610A,,4711 W El Prado Blvd,,,,,,,point_in_building_footprint,high,0.0,https://arcgis.tampagov.net/arcgis/rest/services/OpenData/Location/MapServer/0
tpa-eb8872fc812030,loc-cd081eddbc90061b,773890,191448.0000,1829134XN000003000010A,,2008 N Morgan St,,,,,,,nearest_footprint_within_35m,medium,34.66,https://arcgis.tampagov.net/arcgis/rest/services/OpenData/Location/MapServer/0
tpa-4afda99e27baac,loc-7bedafb42f2a7ed4,22918,139316.1462,183017918000000000210A,,4853 W Prescott St,2007,2648,1936,,,,nearest_footprint_within_35m,medium,25.23,https://arcgis.tampagov.net/arcgis/rest/services/OpenData/Location/MapServer/0
tpa-40b56bd4eb1b2d,loc-4da416858d4afba3,708646,98671.0000,1828233E9000018000240A,,8917 N Willow Ave,,,,,,,nearest_footprint_within_35m,medium,15.0,https://arcgis.tampagov.net/arcgis/rest/services/OpenData/Location/MapServer/0
tpa-c1becc3364ea51,loc-d86fc5cb5d38253a,179124,95241.0000,1828133CE000000000670A,,10112 N Dartmouth Ave,1955,1435,1115,1,,,nearest_footprint_within_35m,medium,21.06,https://arcgis.tampagov.net/arcgis/rest/services/OpenData/Location/MapServer/0
tpa-100f353a540768,loc-fff0c2a7c6deb048,775075,183436.0005,1829144S0G00000000030A,,2406 N Glenwood Dr,,,,,,,nearest_footprint_within_35m,medium,33.7,https://arcgis.tampagov.net/arcgis/rest/services/OpenData/Location/MapServer/0
tpa-2a61ea68abd0a9,loc-0c421b2ceef888da,365095,113463.0000,1829293LA000003000260A,,811 Grove Park Ave,1967,3884,3163,1,,,point_in_building_footprint,high,0.0,https://arcgis.tampagov.net/arcgis/rest/services/OpenData/Location/MapServer/0
tpa-4cfa2d4d931d5d,loc-29cae03e37f2fa4e,771228,121502.0000,1829323T7000001000160A,,4702 W San Jose St,,,,,,,point_in_building_footprint,high,0.0,https://arcgis.tampagov.net/arcgis/rest/services/OpenData/Location/MapServer/0
tpa-db4f747ae71be6,loc-6a4dd4fae83d5ff5,700987,130719.0000,1830053X8000012000190A,,4711 W Bay Vista Ave,,,,,,,nearest_footprint_within_35m,medium,18.9,https://arcgis.tampagov.net/arcgis/rest/services/OpenData/Location/MapServer/0
tpa-de1986e29898d6,loc-faecc5739a529ad3,695977,95564.0000,1828133CO000000000070A,,206 W 108th Ave,,,,,,,point_in_building_footprint,high,0.0,https://arcgis.tampagov.net/arcgis/rest/services/OpenData/Location/MapServer/0
tpa-8e062cafcda4e7,loc-4d2ad1b243417c74,696284,138390.0050,18301742H000053000131A,,6805 S West Shore Blvd 1/2,,,,,,,nearest_footprint_within_35m,medium,27.85,https://arcgis.tampagov.net/arcgis/rest/services/OpenData/Location/MapServer/0
tpa-04e773a136d676,loc-b1639cfee442263f,182442,139316.1458,183017918000000000190A,,4857 W Prescott St,2008,2648,1936,,,,nearest_footprint_within_35m,medium,25.89,https://arcgis.tampagov.net/arcgis/rest/services/OpenData/Location/MapServer/0
tpa-a1387768b62207,loc-f711bbfc067e8181,214218,139316.1424,183017918000000000020A,,6810 S Kissimmee St,2007,2648,1936,,,,nearest_footprint_within_35m,medium,22.38,https://arcgis.tampagov.net/arcgis/rest/services/OpenData/Location/MapServer/0
tpa-6aa946c81585df,loc-27f7c8e2d12b26bc,361560,139316.1436,183017918000000000080A,,6820 S Kissimmee St,2015,3984,2512,,,,nearest_footprint_within_35m,medium,16.29,https://arcgis.tampagov.net/arcgis/rest/services/OpenData/Location/MapServer/0
tpa-6fdd9525443cb1,loc-d30c4d88488037e6,186527,158981.0000,1929104BX000015000160A,,3607 N 52nd St,2007,4012,3484,2,,,nearest_footprint_within_35m,medium,25.01,https://arcgis.tampagov.net/arcgis/rest/services/OpenData/Location/MapServer/0
tpa-aef08567fad618,loc-d85ccc9bd2b7a822,186527,158981.0000,1929104BX000015000160A,,3607 N 52nd St,2007,4012,3484,2,,,nearest_footprint_within_35m,medium,25.01,https://arcgis.tampagov.net/arcgis/rest/services/OpenData/Location/MapServer/0
tpa-c3125164df8d13,loc-bbdf60bfc408d973,186527,158981.0000,1929104BX000015000160A,,3607 N 52nd St,2007,4012,3484,2,,,nearest_footprint_within_35m,medium,26.11,https://arcgis.tampagov.net/arcgis/rest/services/OpenData/Location/MapServer/0
tpa-8681fda42dd0ff,loc-49b2c2433b1afbe0,186527,158981.0000,1929104BX000015000160A,,3607 N 52nd St,2007,4012,3484,2,,,nearest_footprint_within_35m,medium,26.11,https://arcgis.tampagov.net/arcgis/rest/services/OpenData/Location/MapServer/0
tpa-ca4b91c0afd4a3,loc-9ecb2b04bfe4bf42,691260,193323.0000,1829244ZI000017000021A,,915 N Franklin St,,,,,,,point_in_building_footprint,high,0.0,https://arcgis.tampagov.net/arcgis/rest/services/OpenData/Location/MapServer/0
tpa-d24e45feb85f81,loc-db10a0367005ce8a,378930,123082.0000,1829323TN000011000160A,,3620 S Lightner Dr,1955,2068,1492,1,,,nearest_footprint_within_35m,medium,21.29,https://arcgis.tampagov.net/arcgis/rest/services/OpenData/Location/MapServer/0
tpa-f41f53d503a904,loc-ca4331a7d90da0b7,382447,189990.0000,1929184WQ000009000060A,,2112 E 3rd Ave,1949,5624,3774,,1,,point_in_building_footprint,high,0.0,https://arcgis.tampagov.net/arcgis/rest/services/OpenData/Location/MapServer/0
tpa-0e0cc6a173a87e,loc-ca3f43a2c87e025e,402770,122778.0000,1829323TJ000000000860A,,3310 W Sevilla Cir,2007,5983,4706,1,,,nearest_footprint_within_35m,medium,21.85,https://arcgis.tampagov.net/arcgis/rest/services/OpenData/Location/MapServer/0
tpa-7d2adae40d5715,loc-4f94239cad7c567f,422650,135429.0000,1830103ZW000004000011A,,3210 W Wyoming Ave,1985,1584,1130,1,,,nearest_footprint_within_35m,medium,32.43,https://arcgis.tampagov.net/arcgis/rest/services/OpenData/Location/MapServer/0
tpa-af5bd361327631,loc-10f6a1e5e4db8891,76731,121958.0000,1829323T7000030000290A,,3103 S Omar Ave,1956,3158,2493,1,,,point_in_building_footprint,high,0.0,https://arcgis.tampagov.net/arcgis/rest/services/OpenData/Location/MapServer/0
tpa-f02d82e71f3173,loc-fb6c0a55e30ea9c8,775811,176269.0005,1829104OR000010000180A,,2715 W Ivy St,,,,,,,nearest_footprint_within_35m,medium,13.74,https://arcgis.tampagov.net/arcgis/rest/services/OpenData/Location/MapServer/0
tpa-10695f353c80bf,loc-963a4270c2b4dbbe,48705,187034.0000,1929074V5000004000120A,,1213 E 18th Ave,1908,1454,1301,1,,,nearest_footprint_within_35m,medium,29.89,https://arcgis.tampagov.net/arcgis/rest/services/OpenData/Location/MapServer/0
tpa-08ed003ae91c05,loc-977de85ed761d5ea,771952,195894.0000,192930509000089000060A,,619 Danube Av,,,,,,,nearest_footprint_within_35m,medium,32.38,https://arcgis.tampagov.net/arcgis/rest/services/OpenData/Location/MapServer/0
tpa-0518d88fb923a7,loc-ade84a1ddf9ac84a,747999,165127.0000,1829014GH000000001680A,,317 W Wilder Ave,,,,,,,point_in_building_footprint,high,0.0,https://arcgis.tampagov.net/arcgis/rest/services/OpenData/Location/MapServer/0
tpa-6a495f5f9c1ef6,loc-b4ceb792820f39fb,691337,191199.0050,1829134XD000002000091A,,508 E Sparkman Ave,,,,,,,point_in_building_footprint,high,0.0,https://arcgis.tampagov.net/arcgis/rest/services/OpenData/Location/MapServer/0
tpa-21db0f5ecf6808,loc-15242e595fe2f44f,770773,126676.0000,1829343UJ000000001120A,,3314 W Corona St,,,,,,,point_in_building_footprint,high,0.0,https://arcgis.tampagov.net/arcgis/rest/services/OpenData/Location/MapServer/0
tpa-df40978b7a497b,loc-d9b88bdb76167917,771223,121827.0000,1829323T7000020000350A,,4823 W Sunset Blvd,,,,,,,nearest_footprint_within_35m,medium,27.92,https://arcgis.tampagov.net/arcgis/rest/services/OpenData/Location/MapServer/0
tpa-4a2fcaec359384,loc-bd0c66ed2c23d455,269280,146619.0000,19283045M000038000080A,,8203 N Brooks St,2003,1232,1200,1,,,nearest_footprint_within_35m,medium,15.32,https://arcgis.tampagov.net/arcgis/rest/services/OpenData/Location/MapServer/0
tpa-59b89738ae30b9,loc-6ca0586f1ed4e550,778161,101197.5000,1828263FA000002000230A,,7000 N Willow Ave,,,,,,,nearest_footprint_within_35m,medium,22.44,https://arcgis.tampagov.net/arcgis/rest/services/OpenData/Location/MapServer/0
tpa-cb1d1c75cafbd2,loc-a5d4d2209a89d1eb,244019,109861.0000,1829103J5000060000220A,,3405 W Dewey St,1956,2068,1504,1,,,point_in_building_footprint,high,0.0,https://arcgis.tampagov.net/arcgis/rest/services/OpenData/Location/MapServer/0
tpa-ce1351e2d82b7c,loc-91763db6dbae71e5,411705,122309.0000,1829323TF000000000770A,,4638 W Euclid Ave,,,,,,,point_in_building_footprint,high,0.0,https://arcgis.tampagov.net/arcgis/rest/services/OpenData/Location/MapServer/0
tpa-b3b4022a0f7a84,loc-e02a0c5914321815,519275,180320.0000,1829154PV000003000010A,,3102 W Arch St,1953,3716,1948,1,,,nearest_footprint_within_35m,medium,22.03,https://arcgis.tampagov.net/arcgis/rest/services/OpenData/Location/MapServer/0
tpa-f2cf1c54350891,loc-eceecebd906405d4,190880,131085.0000,1830053XD000001000080A,,4705 W Fair Oaks Ave,1959,1872,1276,1,,,nearest_footprint_within_35m,medium,22.41,https://arcgis.tampagov.net/arcgis/rest/services/OpenData/Location/MapServer/0
tpa-b546910ce4024f,loc-f1ae0f2236bf4e4b,216273,126036.0000,1829343U4000045000160A,,3209 W Granada St,1946,1426,1341,1,,,nearest_footprint_within_35m,medium,14.89,https://arcgis.tampagov.net/arcgis/rest/services/OpenData/Location/MapServer/0
tpa-838a75b27ec235,loc-a55a7a948be6d2ec,80542,195810.0000,182936509000071000210A,,664 Geneva Pl,,,,,,,nearest_footprint_within_35m,medium,26.22,https://arcgis.tampagov.net/arcgis/rest/services/OpenData/Location/MapServer/0
tpa-8641520643ea61,loc-ed82c2ab3c45a5fd,253517,113466.0000,1829293LA000003000280A,,807 Grove Park Ave,1969,2779,2054,1,,,nearest_footprint_within_35m,medium,21.05,https://arcgis.tampagov.net/arcgis/rest/services/OpenData/Location/MapServer/0
tpa-52c4b01da44800,loc-9c41806942db1c05,209529,118252.0000,1829273Q4000002000031A,,1004 S Siwanoy St,,,5702,1,,,exact_address_nearby_footprint,high,20.13,https://arcgis.tampagov.net/arcgis/rest/services/OpenData/Location/MapServer/0
tpa-62a1bf88971672,loc-afee5ddf0f4e5450,166478,194767.0000,182925509000003000010A,,61 Albemarle Ave,1927,2982,2422,1,,,point_in_building_footprint,high,0.0,https://arcgis.tampagov.net/arcgis/rest/services/OpenData/Location/MapServer/0
tpa-c251248ac6398f,loc-b26c28ec9336be6c,772035,195099.0000,182925509000015000260A,,140 Chippewa Ave,,,,,,,point_in_building_footprint,high,0.0,https://arcgis.tampagov.net/arcgis/rest/services/OpenData/Location/MapServer/0
tpa-781436e2c34b27,loc-625d051e76f31db4,128596,118695.0000,1829273QG000021000010A,,3100 W San Carlos St,1981,6114,3631,,,,point_in_building_footprint,high,0.0,https://arcgis.tampagov.net/arcgis/rest/services/OpenData/Location/MapServer/0
tpa-e8361568210060,loc-7827c4525d9b8f8e,476158,138449.0000,18301742J000056000030A,,6805 S Sparkman St,,,,,,,point_in_building_footprint,high,0.0,https://arcgis.tampagov.net/arcgis/rest/services/OpenData/Location/MapServer/0
tpa-b01b9c13cc057e,loc-381955e26b8cfaca,327116,173145.0000,1929074MG000006000010A,,917 E 28th Ave,1923,1932,1644,1,,,nearest_footprint_within_35m,medium,28.7,https://arcgis.tampagov.net/arcgis/rest/services/OpenData/Location/MapServer/0
tpa-da537b7a760dd0,loc-2e56089e53bb4f7c,60822,145731.0000,19281945B000000004330A,,8415 N 18th St,1955,1090,956,1,,,nearest_footprint_within_35m,medium,30.75,https://arcgis.tampagov.net/arcgis/rest/services/OpenData/Location/MapServer/0
tpa-3aab97d5974e94,loc-88edaa1959e8c766,30958,127048.0100,1829343UN000000000701A,,3117 W El Prado Blvd,,,,,,,nearest_footprint_within_35m,medium,32.28,https://arcgis.tampagov.net/arcgis/rest/services/OpenData/Location/MapServer/0
tpa-be30acac1e4c9f,loc-c096a1ae3f6f0f46,341651,120960.0000,1829293SL000015000070A,,4910 W Melrose Ave,1969,2569,1918,1,,,point_in_building_footprint,high,0.0,https://arcgis.tampagov.net/arcgis/rest/services/OpenData/Location/MapServer/0
tpa-21932133e7b772,loc-8a590d887ace0b9d,400692,127669.0000,1830033VJ000000000020A,,2903 W Villa Rosa Park,2007,7169,5587,1,,,nearest_footprint_within_35m,medium,29.42,https://arcgis.tampagov.net/arcgis/rest/services/OpenData/Location/MapServer/0
tpa-41674188851955,loc-57c59d4d6915be2b,379796,117697.0000,1829273PJ000001000120A,,2517 W Maryland Ave,1977,2403,2275,,,,point_in_building_footprint,high,0.0,https://arcgis.tampagov.net/arcgis/rest/services/OpenData/Location/MapServer/0
tpa-4ae47cd42ce59c,loc-2fd80e47118a9dcc,586714,177614.0000,1829144PB000015000150A,,2603 N Albany Ave,,,,,,,nearest_footprint_within_35m,medium,25.81,https://arcgis.tampagov.net/arcgis/rest/services/OpenData/Location/MapServer/0
tpa-3858df9ceb789f,loc-4af0d945e304f523,698224,133807.0000,1830093YP000004000030A,,5909 S Coolidge Ave,,,,,,,point_in_building_footprint,high,0.0,https://arcgis.tampagov.net/arcgis/rest/services/OpenData/Location/MapServer/0
tpa-156b76fb3af108,loc-df63aebe644312a6,750183,164376.0000,1828364FX000035000120A,,217 W Comanche Ave,,,,,,,point_in_building_footprint,high,0.0,https://arcgis.tampagov.net/arcgis/rest/services/OpenData/Location/MapServer/0
tpa-24864a02684b8c,loc-c6f88f01300253aa,202616,135147.0000,1830103ZR000013000230A,,3301 W Pearl Ave,1951,1200,989,1,,,point_in_building_footprint,high,0.0,https://arcgis.tampagov.net/arcgis/rest/services/OpenData/Location/MapServer/0
tpa-f0034c2c60e57a,loc-3f9ebe369fa6c275,336207,134889.0000,1830103ZO000003000060A,,3210 Marlin Ave,2005,2668,2062,1,,,nearest_footprint_within_35m,medium,18.51,https://arcgis.tampagov.net/arcgis/rest/services/OpenData/Location/MapServer/0
tpa-ac519479f97525,loc-20a2869d0b00f255,73752,130492.0000,1830053X8000007000260A,,4727 W Lawn Ave,,,,,,,nearest_footprint_within_35m,medium,21.46,https://arcgis.tampagov.net/arcgis/rest/services/OpenData/Location/MapServer/0
tpa-1f87f734e2583b,loc-c21ed130f5783d65,90849,122990.0000,1829323TN000007000220A,,3623 S Beach Dr,2009,11645,9583,1,,,nearest_footprint_within_35m,medium,29.04,https://arcgis.tampagov.net/arcgis/rest/services/OpenData/Location/MapServer/0
tpa-9fe350b4096f8c,loc-f02125215c9e123f,58191,121534.0000,1829323T7000002000180A,,4637 W Browning Ave,1997,3740,2399,,,,nearest_footprint_within_35m,medium,33.48,https://arcgis.tampagov.net/arcgis/rest/services/OpenData/Location/MapServer/0
tpa-0f7a082873c34f,loc-7af79a0cbbc4ec52,63644,120633.0000,1829293SA000006000020A,,4518 Watrous Ave,1961,3072,2154,1,,,point_in_building_footprint,high,0.0,https://arcgis.tampagov.net/arcgis/rest/services/OpenData/Location/MapServer/0
tpa-9fca9b14fbf60f,loc-cebf7b5ed1a84153,701135,122928.0000,1829323TN000004000130A,,3412 S Gardenia Ave,,,,,,,nearest_footprint_within_35m,medium,21.76,https://arcgis.tampagov.net/arcgis/rest/services/OpenData/Location/MapServer/0
tpa-2cc90e88ce21eb,loc-691b4f4a180527e8,356350,169399.0000,1829364J6D00000000100A,,566 Rhine Ave,1956,3823,3215,1,,,point_in_building_footprint,high,0.0,https://arcgis.tampagov.net/arcgis/rest/services/OpenData/Location/MapServer/0
tpa-f6608d794ac3e0,loc-b13b104c9da1aad2,113548,136752.0000,18301541N000000000640A,,2823 Shelton Ave,1952,1324,1044,1,,,nearest_footprint_within_35m,medium,26.98,https://arcgis.tampagov.net/arcgis/rest/services/OpenData/Location/MapServer/0
tpa-cade18fe60944b,loc-4ae5245f9b218840,161583,119962.0000,1829283RM000000000030A,,4108 W Watrous Ave,1953,2620,2600,1,,,nearest_footprint_within_35m,medium,19.21,https://arcgis.tampagov.net/arcgis/rest/services/OpenData/Location/MapServer/0
tpa-e49f80265b837d,loc-15a06c10c3628db9,259788,121921.0000,1829323T7000027000060A,,5008 W Dickens Ave,1961,2716,1918,1,,,point_in_building_footprint,high,0.0,https://arcgis.tampagov.net/arcgis/rest/services/OpenData/Location/MapServer/0
tpa-957272c721aac7,loc-bfed61251c6bd937,247694,138197.0050,18301742D000020000160A,,6602 Kissimmee St,1971,1444,1226,1,,,point_in_building_footprint,high,0.0,https://arcgis.tampagov.net/arcgis/rest/services/OpenData/Location/MapServer/0
tpa-c86fbb8e43b1c9,loc-91c11c968163b32c,55627,121845.0000,1829323T7000021000140A,,4807 S Sunset Blvd,2004,4184,3557,1,,,nearest_footprint_within_35m,medium,17.81,https://arcgis.tampagov.net/arcgis/rest/services/OpenData/Location/MapServer/0
tpa-bff9b03434646b,loc-5cc3ee9d838e1f05,243178,169302.0000,1829364J5000063000020A,,627 Superior Ave,1955,1345,1125,1,,,point_in_building_footprint,high,0.0,https://arcgis.tampagov.net/arcgis/rest/services/OpenData/Location/MapServer/0
tpa-e47ca3a3851408,loc-77342a9b95a8c156,365888,142481.0000,19282143Q000002000030A,,8515 N Temple Ave,1960,1140,728,1,,,nearest_footprint_within_35m,medium,19.32,https://arcgis.tampagov.net/arcgis/rest/services/OpenData/Location/MapServer/0
tpa-027b356f1ea6f1,loc-4b336398bd6e32a7,392752,179524.0000,1829154PQ000045000050A,,2722 W Chestnut St,1947,1266,768,1,,,nearest_footprint_within_35m,medium,27.04,https://arcgis.tampagov.net/arcgis/rest/services/OpenData/Location/MapServer/0
tpa-69d9fd464d1b18,loc-29152810e1e5a08f,237684,177303.0100,1829114P6000000000871A,,1901 W Aileen St,2005,3090,2535,1,,,nearest_footprint_within_35m,medium,16.34,https://arcgis.tampagov.net/arcgis/rest/services/OpenData/Location/MapServer/0
tpa-81fc874c1e72be,loc-d455539e57d70bf0,29753,169357.0000,1829364J6A00000000300A,,46 Martinique Ave,2007,5152,3990,,,,nearest_footprint_within_35m,medium,26.84,https://arcgis.tampagov.net/arcgis/rest/services/OpenData/Location/MapServer/0
tpa-e16d4a342faac1,loc-105f672de4ff696d,21964,119193.0000,1829283QQ000000000020A,,4106 W Neptune St,1950,1224,915,1,,,point_in_building_footprint,high,0.0,https://arcgis.tampagov.net/arcgis/rest/services/OpenData/Location/MapServer/0
tpa-939f2777365d09,loc-8d4f372f8a81195a,412051,121224.0000,1829293SV000006000040A,,4906 W San Miguel St,1961,2679,2099,1,,,point_in_building_footprint,high,0.0,https://arcgis.tampagov.net/arcgis/rest/services/OpenData/Location/MapServer/0
tpa-45807971f6c8ba,loc-b0372fefbc490304,769814,127582.0000,1830033VG000006000090A,,3302 W Lawn Ave,,,,,,,nearest_footprint_within_35m,medium,15.52,https://arcgis.tampagov.net/arcgis/rest/services/OpenData/Location/MapServer/0
tpa-5ea6dcbde8f52b,loc-25fcfa01fb2bda1b,62754,139086.0000,18302042J000190000030A,,7405 S Obrien St,2004,1718,1264,1,,,nearest_footprint_within_35m,medium,20.12,https://arcgis.tampagov.net/arcgis/rest/services/OpenData/Location/MapServer/0
tpa-f54828c2031d5b,loc-f391303392b47faf,376656,122142.0000,1829323TC000000001110A,,2404 S Dundee St,1962,4100,3078,1,,,point_in_building_footprint,high,0.0,https://arcgis.tampagov.net/arcgis/rest/services/OpenData/Location/MapServer/0
tpa-1b96b96c20c45e,loc-f1cb166288251d4b,214218,139316.1424,183017918000000000020A,,6810 S Kissimmee St,2007,2648,1936,,,,nearest_footprint_within_35m,medium,32.12,https://arcgis.tampagov.net/arcgis/rest/services/OpenData/Location/MapServer/0
tpa-2b81d71a85491d,loc-19197d2a5466f66e,361560,139316.1436,183017918000000000080A,,6820 S Kissimmee St,2015,3984,2512,,,,nearest_footprint_within_35m,medium,23.71,https://arcgis.tampagov.net/arcgis/rest/services/OpenData/Location/MapServer/0
tpa-acbe397985d8de,loc-fd4c97efddfe039f,412952,164934.0000,1829014GD000002000060A,,807 E Louisiana Ave,1923,1456,1232,1,,,nearest_footprint_within_35m,medium,19.2,https://arcgis.tampagov.net/arcgis/rest/services/OpenData/Location/MapServer/0
tpa-c41745c2c5f2f7,loc-d4b1d692c2630d50,80542,195810.0000,182936509000071000210A,,664 Geneva Pl,,,,,,,point_in_building_footprint,high,0.0,https://arcgis.tampagov.net/arcgis/rest/services/OpenData/Location/MapServer/0
tpa-7d3fad23750f2d,loc-a5eea7ccdebd27ad,412952,164934.0000,1829014GD000002000060A,,807 E Louisiana Ave,1923,1456,1232,1,,,nearest_footprint_within_35m,medium,19.2,https://arcgis.tampagov.net/arcgis/rest/services/OpenData/Location/MapServer/0
tpa-a6dbfeff150b72,loc-db9f8100465cd4fe,243664,195590.0000,182936509000047000360A,,511 Riviera Dr,1982,3702,2408,1,,,nearest_footprint_within_35m,medium,23.77,https://arcgis.tampagov.net/arcgis/rest/services/OpenData/Location/MapServer/0
tpa-e6cc5299bd9ff8,loc-0e66616446dd18df,25622,195726.0000,182936509000069000070A,,617 Marmora Ave,2007,1886,1811,,,,nearest_footprint_within_35m,medium,13.54,https://arcgis.tampagov.net/arcgis/rest/services/OpenData/Location/MapServer/0
tpa-c6e994422909aa,loc-a108af793d088b1c,440529,196609.0000,18293650I000006000141A,,806 S Davis Blvd,,,,,,,nearest_footprint_within_35m,medium,18.78,https://arcgis.tampagov.net/arcgis/rest/services/OpenData/Location/MapServer/0
tpa-666f8de1632994,loc-774227f9e54af1a6,324514,174729.0000,1929084NN000001000060A,,3202 E 25th Ave,1943,2092,2080,1,,,point_in_building_footprint,high,0.0,https://arcgis.tampagov.net/arcgis/rest/services/OpenData/Location/MapServer/0
tpa-5a981b34a3c055,loc-92ecf83a9c8d4078,700969,130355.0000,1830053X8000003000010A,,4404 W Wallcraft Ave,,,,,,,nearest_footprint_within_35m,medium,23.74,https://arcgis.tampagov.net/arcgis/rest/services/OpenData/Location/MapServer/0
tpa-fe11dcd8ca0f2f,loc-c439e87f21902d38,743239,112021.0662,1829169TE0000000004A0A,,4040 W Boy Scout Blvd,2013,243456,238971,,,10,point_in_building_footprint,high,0.0,https://arcgis.tampagov.net/arcgis/rest/services/OpenData/Location/MapServer/0
tpa-cae41f261c9776,loc-c9b5d026c5e8fd21,339098,114102.0000,1829213LA000051000130A,,4207 W Beach Park Dr,1957,3608,2988,1,,,point_in_building_footprint,high,0.0,https://arcgis.tampagov.net/arcgis/rest/services/OpenData/Location/MapServer/0
tpa-9d816299b67340,loc-050fbb1e6681df53,389786,144236.0000,192818453X00000000390A,,10119 N 10th St,1971,1248,1136,1,,,nearest_footprint_within_35m,medium,31.74,https://arcgis.tampagov.net/arcgis/rest/services/OpenData/Location/MapServer/0
tpa-ab7d107d53d84e,loc-d51cf86c98717699,769050,139116.0000,18302042J000192000050A,,7411 S Morton St,,,,,,,nearest_footprint_within_35m,medium,28.1,https://arcgis.tampagov.net/arcgis/rest/services/OpenData/Location/MapServer/0
tpa-439c74811140ba,loc-f9b121e01248e4f0,774371,169094.0125,1829224IZ000001000080A,,210 N Macdill Ave,,,,,,,nearest_footprint_within_35m,medium,30.75,https://arcgis.tampagov.net/arcgis/rest/services/OpenData/Location/MapServer/0
tpa-c03014bc17a9d2,loc-3336d87e02843382,772370,183819.0000,1829234S3000008000010A,,1307 W Kennedy Blvd,,,,,,,point_in_building_footprint,high,0.0,https://arcgis.tampagov.net/arcgis/rest/services/OpenData/Location/MapServer/0
tpa-6d53049560016b,loc-fb77e79013085c6c,111828,121216.0000,1829293SV000005000040A,,2120 S Venus St,1926,1234,1189,1,,,point_in_building_footprint,high,0.0,https://arcgis.tampagov.net/arcgis/rest/services/OpenData/Location/MapServer/0
tpa-4e4200d9fbcd99,loc-c41fa788d300aea3,771720,113841.0000,1829203LA000032000030A,,4508 W Azeele St,,,,,,,point_in_building_footprint,high,0.0,https://arcgis.tampagov.net/arcgis/rest/services/OpenData/Location/MapServer/0
tpa-a3cc13934af166,loc-c626a53165715efb,224909,110967.0020,182917ZZZ000005476202A,,2223 N West Shore Blvd 400,2001,144567,140952,,,,point_in_building_footprint,high,0.0,https://arcgis.tampagov.net/arcgis/rest/services/OpenData/Location/MapServer/0
tpa-6ccb83d0fc130b,loc-faeb3b18399f44fb,694649,106968.0000,1829033I8000006000030A,,4612 N Jamaica St,,,,,,,nearest_footprint_within_35m,medium,24.6,https://arcgis.tampagov.net/arcgis/rest/services/OpenData/Location/MapServer/0
tpa-5dba5617cdb195,loc-f621025601489ee8,700334,131554.0000,1830083XG000012000090A,,4717 W Wyoming Ave,,,,,,,nearest_footprint_within_35m,medium,27.3,https://arcgis.tampagov.net/arcgis/rest/services/OpenData/Location/MapServer/0
tpa-d1da9a542f3f3f,loc-5f0661a0a579cf5f,440489,195760.0000,182936509000069000430A,,547 Suwanee Cir,,,,,,,point_in_building_footprint,high,0.0,https://arcgis.tampagov.net/arcgis/rest/services/OpenData/Location/MapServer/0
tpa-723e5a94cf8f07,loc-ddbb6eff2210f54f,15435,172600.0000,1929074LY000036000020A,,1513 E 33rd Ave,1920,1316,1092,1,,,nearest_footprint_within_35m,medium,17.9,https://arcgis.tampagov.net/arcgis/rest/services/OpenData/Location/MapServer/0
tpa-7c429afce10b19,loc-f88febc195f66fa4,726617,196461.0000,18293650I000004000130A,,604 Superior Ave,,,,,,,point_in_building_footprint,high,0.0,https://arcgis.tampagov.net/arcgis/rest/services/OpenData/Location/MapServer/0
tpa-837ab0ae3ea439,loc-c46707f435d82c4c,224909,110967.0020,182917ZZZ000005476202A,,2223 N West Shore Blvd 400,2001,144567,140952,,,,point_in_building_footprint,high,0.0,https://arcgis.tampagov.net/arcgis/rest/services/OpenData/Location/MapServer/0
tpa-02712c409b5cf5,loc-d37ce67370fa93cf,364499,123797.0000,1829333TP000052000170A,,3615 W Tacon St,,,,,,,nearest_footprint_within_35m,medium,30.07,https://arcgis.tampagov.net/arcgis/rest/services/OpenData/Location/MapServer/0
tpa-0417bc1fcd87c3,loc-09d079fb88bc900f,167385,95383.0000,1828133CI000000000150A,,11311 N Boulevard St,1958,1239,864,1,,,nearest_footprint_within_35m,medium,22.26,https://arcgis.tampagov.net/arcgis/rest/services/OpenData/Location/MapServer/0
tpa-4aba01c5b74260,loc-3c16e24454432516,317180,113793.0000,1829203LA000026000060A,,4604 W Beach Park Dr,2007,6680,5283,,,,point_in_building_footprint,high,0.0,https://arcgis.tampagov.net/arcgis/rest/services/OpenData/Location/MapServer/0
tpa-77239e30beef80,loc-d2cb4ef160041493,264963,122145.0000,1829323TC000000001140A,,2410 S Dundee St,,,,,,,nearest_footprint_within_35m,medium,23.77,https://arcgis.tampagov.net/arcgis/rest/services/OpenData/Location/MapServer/0
tpa-4f39ef68ddbe3f,loc-6215c8fc00dcca3c,402375,181672.0005,1829114QE000006000220A,,905 W Braddock St,1940,1235,1138,1,,,nearest_footprint_within_35m,medium,12.89,https://arcgis.tampagov.net/arcgis/rest/services/OpenData/Location/MapServer/0
tpa-2d7ba7fde05aee,loc-3a97f177775c1fdb,13844,141814.0000,19282143J000015000120A,,9511 N Hyaleah Rd,1985,2304,1944,1,,,nearest_footprint_within_35m,medium,24.51,https://arcgis.tampagov.net/arcgis/rest/services/OpenData/Location/MapServer/0
tpa-1759a1f43b0d72,loc-27fbbbcdbe3358cf,389025,127521.0000,1830033VG000001000020A,,3223 W Harbor View Ave,2003,4154,3418,1,,,nearest_footprint_within_35m,medium,18.41,https://arcgis.tampagov.net/arcgis/rest/services/OpenData/Location/MapServer/0
tpa-d6a6e9abf38502,loc-ede99f79ccb3b671,693336,166523.0062,182901B34000000000010A,,615 North Bay St,,,,,,,nearest_footprint_within_35m,medium,29.67,https://arcgis.tampagov.net/arcgis/rest/services/OpenData/Location/MapServer/0
tpa-a50a8d3c8b33f2,loc-ab890290c528147d,374942,120995.0000,1829293SL000019000022A,,2119 S West Shore Blvd,1958,2336,1548,1,,,nearest_footprint_within_35m,medium,30.0,https://arcgis.tampagov.net/arcgis/rest/services/OpenData/Location/MapServer/0
tpa-b982457676db58,loc-9a5fef1c68e22e1a,113162,196017.0000,182936509000094000080A,,517 Bosphorous Ave,1955,1812,1760,1,,,nearest_footprint_within_35m,medium,17.0,https://arcgis.tampagov.net/arcgis/rest/services/OpenData/Location/MapServer/0
tpa-ba4042c2c4ba66,loc-f82ebc22d7ea22fb,354332,180534.0000,1829154PV000049000120A,,3101 W Spruce St,1928,2370,2228,1,,,point_in_building_footprint,high,0.0,https://arcgis.tampagov.net/arcgis/rest/services/OpenData/Location/MapServer/0
tpa-2a3ba1216e4012,loc-4527ba40c6129d9e,324514,174729.0000,1929084NN000001000060A,,3202 E 25th Ave,1943,2092,2080,1,,,nearest_footprint_within_35m,medium,20.62,https://arcgis.tampagov.net/arcgis/rest/services/OpenData/Location/MapServer/0
tpa-9f6f6d54673b61,loc-20525c0b8c071d73,749322,105659.0000,1829023HG000006000050A,,4941 Wishart Blvd,,,,,,,point_in_building_footprint,high,0.0,https://arcgis.tampagov.net/arcgis/rest/services/OpenData/Location/MapServer/0
tpa-9aa8545b12596a,loc-7fd10002b6b24ae5,586714,177614.0000,1829144PB000015000150A,,2603 N Albany Ave,,,,,,,nearest_footprint_within_35m,medium,25.81,https://arcgis.tampagov.net/arcgis/rest/services/OpenData/Location/MapServer/0
tpa-04390c72aee345,loc-0c14400a27b8666d,477275,122009.0000,1829323T7000033000130A,,2615 S Dundee St,,,,,,,point_in_building_footprint,high,0.0,https://arcgis.tampagov.net/arcgis/rest/services/OpenData/Location/MapServer/0
tpa-c812be03cf333e,loc-29595a6860d1da62,388713,98852.0000,1828233EB000000000081A,,8501 N Orleans Ave,1950,1746,1462,1,,,nearest_footprint_within_35m,medium,20.32,https://arcgis.tampagov.net/arcgis/rest/services/OpenData/Location/MapServer/0
tpa-6beb67d1953e4e,loc-a86250b347fe938b,153351,113219.0000,1829203L2000005000190A,,216 S Gardenia Ave,1960,3392,2428,1,,,point_in_building_footprint,high,0.0,https://arcgis.tampagov.net/arcgis/rest/services/OpenData/Location/MapServer/0
tpa-d53ea55d5e8922,loc-8050edc7b554dde8,228874,121780.0000,1829323T7000017000200A,,4703 W Lowell Ave,1956,3095,2453,1,,,point_in_building_footprint,high,0.0,https://arcgis.tampagov.net/arcgis/rest/services/OpenData/Location/MapServer/0
tpa-e0548cea02b6e1,loc-d1b7f9382ddb1e5b,50002,126814.0000,1829343UL000000000890A,,3403 W Kensington Ave,1960,1703,1347,1,,,nearest_footprint_within_35m,medium,20.37,https://arcgis.tampagov.net/arcgis/rest/services/OpenData/Location/MapServer/0
tpa-e4a68c12bc953e,loc-d67f378856a856ea,307657,99512.0100,1828243EH000038000080A,,8507 N Arden Ave,1957,981,805,1,,,nearest_footprint_within_35m,medium,28.43,https://arcgis.tampagov.net/arcgis/rest/services/OpenData/Location/MapServer/0
tpa-2ddbf524878341,loc-8cbec7e612d61275,136176,123025.0000,1829323TN000009000110A,,3621 S Gardenia Ave,1954,2126,1456,1,,,point_in_building_footprint,high,0.0,https://arcgis.tampagov.net/arcgis/rest/services/OpenData/Location/MapServer/0
tpa-4315e871a7f00f,loc-98a4e1b8e27557fb,588841,181845.0000,1829114QE000017000170A,,811 W Warren Ave,,,,,,,nearest_footprint_within_35m,medium,15.78,https://arcgis.tampagov.net/arcgis/rest/services/OpenData/Location/MapServer/0
tpa-5ee2a8fc03acae,loc-b551b6a3187e6069,413155,180440.0000,1829154PV000042000030A,,2018 N Saint Vincent St,1953,1690,1150,1,,,point_in_building_footprint,high,0.0,https://arcgis.tampagov.net/arcgis/rest/services/OpenData/Location/MapServer/0
tpa-8c06f90e7b777a,loc-2e339d4c1d4d9c0f,758104,181773.0000,1829114QE000014000010A,,2904 N Oakdale Ave,2021,4023,3014,1,,2,nearest_footprint_within_35m,medium,28.77,https://arcgis.tampagov.net/arcgis/rest/services/OpenData/Location/MapServer/0
tpa-01e213f7ecde92,loc-e8f94fd0e8e593c6,727072,185919.0000,1829264TW000000000010A,,1802 W Hills Ave,,,,,,,point_in_building_footprint,high,0.0,https://arcgis.tampagov.net/arcgis/rest/services/OpenData/Location/MapServer/0
tpa-6643bf8a59e436,loc-2751805cc6b1288e,177198,156672.0000,1929054AM000002000010A,,4512 Troy St,1964,1246,1054,1,,,nearest_footprint_within_35m,medium,30.33,https://arcgis.tampagov.net/arcgis/rest/services/OpenData/Location/MapServer/0
tpa-4d57ac68027b86,loc-799aef22a0bcbc71,36110,195460.0000,182936509000042000560A,,14 Ladoga Ave,1992,4206,4066,,,,point_in_building_footprint,high,0.0,https://arcgis.tampagov.net/arcgis/rest/services/OpenData/Location/MapServer/0
tpa-08eff84dfd6c26,loc-a9dea233cf807f74,709239,100921.0000,1828253EY000001000050A,,810 W Whatley Pl,,,,,,,nearest_footprint_within_35m,medium,19.0,https://arcgis.tampagov.net/arcgis/rest/services/OpenData/Location/MapServer/0
tpa-95b4bc533ab4fe,loc-a90defaa4c2c7a4c,440678,196234.0000,192930509000107000320A,,325 Columbia Dr,,,,,,,nearest_footprint_within_35m,medium,20.79,https://arcgis.tampagov.net/arcgis/rest/services/OpenData/Location/MapServer/0
tpa-d215ac16b6e523,loc-2f4f2786ff8f0624,178595,122304.0000,1829323TF000000000720A,,4708 W Euclid Ave,1950,1842,1480,1,,,point_in_building_footprint,high,0.0,https://arcgis.tampagov.net/arcgis/rest/services/OpenData/Location/MapServer/0
tpa-4caec9bd209542,loc-4cec4b2436420738,178595,122304.0000,1829323TF000000000720A,,4708 W Euclid Ave,1950,1842,1480,1,,,nearest_footprint_within_35m,medium,20.85,https://arcgis.tampagov.net/arcgis/rest/services/OpenData/Location/MapServer/0
tpa-d88731d3c25112,loc-aa0596dbc0578a30,799,128962.0000,1830033WK000002000060A,,2936 W Lawn Ave,1951,2189,2153,1,,,point_in_building_footprint,high,0.0,https://arcgis.tampagov.net/arcgis/rest/services/OpenData/Location/MapServer/0
tpa-a66ae4ef1c3345,loc-2b847f8b8e98b016,90909,119497.0000,1829283QT000011000100A,,4009 W San Nicholas St,1950,1178,1056,1,,,point_in_building_footprint,high,0.0,https://arcgis.tampagov.net/arcgis/rest/services/OpenData/Location/MapServer/0
tpa-8ce7ba518b8b1c,loc-9b47ef9c9d8e0f95,78838,136806.0000,18301541O000004000350A,,3307 W Van Buren Dr,1959,1211,637,1,,,point_in_building_footprint,high,0.0,https://arcgis.tampagov.net/arcgis/rest/services/OpenData/Location/MapServer/0
tpa-11319b993a92a4,loc-5eb886166ee7cda6,770069,130648.0000,1830053X8000010000650A,,4718 W Tambay Ave,,,,,,,nearest_footprint_within_35m,medium,19.13,https://arcgis.tampagov.net/arcgis/rest/services/OpenData/Location/MapServer/0
tpa-94484e29be82fb,loc-da94598a172199a7,209675,125906.0000,1829343U4000036000030A,,3505 W Palmira Ave,1940,1340,1163,1,,,nearest_footprint_within_35m,medium,16.4,https://arcgis.tampagov.net/arcgis/rest/services/OpenData/Location/MapServer/0
tpa-2a128e6793e09b,loc-e98ff9f7fac1bfbf,711074,152327.0100,192832489000000004200A,,3623 E Henry Ave,,,,,,,point_in_building_footprint,high,0.0,https://arcgis.tampagov.net/arcgis/rest/services/OpenData/Location/MapServer/0
tpa-db1cafd7932446,loc-3913a4c6908c7d06,756621,155964.0000,1929054A2000001000110A,,2404 E North Bay St,,,,,,,nearest_footprint_within_35m,medium,33.48,https://arcgis.tampagov.net/arcgis/rest/services/OpenData/Location/MapServer/0
tpa-99bc8e2e21cc83,loc-eb7ebbb960bd5398,75973,139153.0000,18302042J000195000110A,,7514 S Elliott St,1986,1496,1088,1,,,nearest_footprint_within_35m,medium,14.34,https://arcgis.tampagov.net/arcgis/rest/services/OpenData/Location/MapServer/0
tpa-46720b23e3764e,loc-4e819d54382566b4,276997,156791.0000,1929054AP000000000230A,,2411 E 38th Ave,1994,1372,1204,1,,,nearest_footprint_within_35m,medium,30.77,https://arcgis.tampagov.net/arcgis/rest/services/OpenData/Location/MapServer/0
tpa-4fcde30f1f4741,loc-b705445503b4f245,276997,156791.0000,1929054AP000000000230A,,2411 E 38th Ave,1994,1372,1204,1,,,nearest_footprint_within_35m,medium,15.95,https://arcgis.tampagov.net/arcgis/rest/services/OpenData/Location/MapServer/0
tpa-8107d27d39f51f,loc-2251f35e04d7bf68,25156,121177.0000,1829293SU000000000060A,,4921 W San Rafael St,1960,4302,3142,1,,,point_in_building_footprint,high,0.0,https://arcgis.tampagov.net/arcgis/rest/services/OpenData/Location/MapServer/0
tpa-20b2ec87b296ce,loc-fc878059884410dd,228636,171450.0000,1929064KT000000000100A,,1322 E Conover St,2006,1320,1200,1,,,point_in_building_footprint,high,0.0,https://arcgis.tampagov.net/arcgis/rest/services/OpenData/Location/MapServer/0
