parcel_activity_link_id,activity_id,master_project_id,folio,pin,site_address_normalized,link_method,link_evidence,link_confidence,valid_from,valid_to,review_status,source_url,observed_at_utc
pal-87a12adf7c2ee428,tpa-000f7ef41912eb,mp-131427346bf7ab69,118585.0000,A-27-29-18-3QA-000006-00008.0,1615 S ARRAWANA AVE,building_footprint_folio,nearest_footprint_within_35m,medium,,,pending_human_review,https://arcgis.tampagov.net/arcgis/rest/services/Parcels/TaxParcel/FeatureServer/0,2026-08-28T04:55:51+00:00
pal-b58fd229b3180824,tpa-0031dc58b3fc1d,mp-a84ccb0bcff988c2,106523.0000,A-03-29-18-ZZZ-000005-44250.0,3001 W DR MARTIN LUTHER KING JR BLVD,building_footprint_folio,exact_address_nearby_footprint,high,,,pending_human_review,https://arcgis.tampagov.net/arcgis/rest/services/Parcels/TaxParcel/FeatureServer/0,2026-08-28T04:55:51+00:00
pal-82e0b9452695e455,tpa-004781f08704b8,mp-e2f1a6685b3ca037,131512.0000,A-08-30-18-3XF-000009-00030.0,4421 W TRILBY AVE,building_footprint_folio,nearest_footprint_within_35m,medium,,,pending_human_review,https://arcgis.tampagov.net/arcgis/rest/services/Parcels/TaxParcel/FeatureServer/0,2026-08-28T04:55:51+00:00
pal-c2f54cdef9a05b1d,tpa-0051208ccc93a4,mp-62ca3ac4a4128afa,117129.0000,A-22-29-18-3OA-000030-00001.G,208 N GLEN AVE,building_footprint_folio,nearest_footprint_within_35m,medium,,,pending_human_review,https://arcgis.tampagov.net/arcgis/rest/services/Parcels/TaxParcel/FeatureServer/0,2026-08-28T04:55:51+00:00
pal-b839056aedeacb48,tpa-0055e806d2e998,mp-de0395dcb3e3ef29,117558.0000,A-27-29-18-3PB-000000-00040.0,2534 W SUNSET DR,building_footprint_folio,point_in_building_footprint,high,,,pending_human_review,https://arcgis.tampagov.net/arcgis/rest/services/Parcels/TaxParcel/FeatureServer/0,2026-08-28T04:55:51+00:00
pal-fc94202f6c135991,tpa-009358e75a4788,mp-26d906e80a65aae6,122226.0000,A-32-29-18-3TD-000000-00170.0,5121 W SAN JOSE ST,building_footprint_folio,nearest_footprint_within_35m,medium,,,pending_human_review,https://arcgis.tampagov.net/arcgis/rest/services/Parcels/TaxParcel/FeatureServer/0,2026-08-28T04:55:51+00:00
pal-f0c9545340637552,tpa-00a7e626430c84,mp-8ab518e5cf32751f,153400.0000,A-33-28-19-48Y-000000-00027.1,6214 N 42ND ST,building_footprint_folio,nearest_footprint_within_35m,medium,,,pending_human_review,https://arcgis.tampagov.net/arcgis/rest/services/Parcels/TaxParcel/FeatureServer/0,2026-08-28T04:55:51+00:00
pal-39b931355f232f37,tpa-01b2a34710d1f7,mp-0592b15dccc31f02,121805.0000,A-32-29-18-3T7-000020-00002.0,4806 W SAN JOSE ST,building_footprint_folio,nearest_footprint_within_35m,medium,,,pending_human_review,https://arcgis.tampagov.net/arcgis/rest/services/Parcels/TaxParcel/FeatureServer/0,2026-08-28T04:55:51+00:00
pal-b923d39211791898,tpa-01e213f7ecde92,mp-5af59320c3ed6a18,185919.0000,A-26-29-18-4TW-000000-00001.0,1802 W HILLS AVE,building_footprint_folio,point_in_building_footprint,high,,,pending_human_review,https://arcgis.tampagov.net/arcgis/rest/services/Parcels/TaxParcel/FeatureServer/0,2026-08-28T04:55:51+00:00
pal-863ce88703e0f5f0,tpa-02712c409b5cf5,mp-f5fb22c11124a5b8,123797.0000,A-33-29-18-3TP-000052-00017.0,3615 W TACON ST,building_footprint_folio,nearest_footprint_within_35m,medium,,,pending_human_review,https://arcgis.tampagov.net/arcgis/rest/services/Parcels/TaxParcel/FeatureServer/0,2026-08-28T04:55:51+00:00
pal-db87e361749860e4,tpa-027b356f1ea6f1,mp-44ea13d25e4dedb5,179524.0000,A-15-29-18-4PQ-000045-00005.0,2722 W CHESTNUT ST,building_footprint_folio,nearest_footprint_within_35m,medium,,,pending_human_review,https://arcgis.tampagov.net/arcgis/rest/services/Parcels/TaxParcel/FeatureServer/0,2026-08-28T04:55:51+00:00
pal-f22f34485d7398ec,tpa-031acc7fb95423,mp-48ef2ace9b7a77a7,122175.0000,A-32-29-18-3TD-000000-00137.0,5114 W SAN JOSE ST,building_footprint_folio,nearest_footprint_within_35m,medium,,,pending_human_review,https://arcgis.tampagov.net/arcgis/rest/services/Parcels/TaxParcel/FeatureServer/0,2026-08-28T04:55:51+00:00
pal-bd3c005b161c830a,tpa-035596f887e57d,mp-bf6d35bc639fc543,123086.0000,A-32-29-18-3TN-000011-00020.0,3612 S LIGHTNER DR,building_footprint_folio,point_in_building_footprint,high,,,pending_human_review,https://arcgis.tampagov.net/arcgis/rest/services/Parcels/TaxParcel/FeatureServer/0,2026-08-28T04:55:51+00:00
pal-30df259083ca6f41,tpa-03a64d104efab5,mp-7049311dac1fb470,165970.0000,A-01-29-18-4GN-000008-00007.1,415 W NORTH BAY ST,building_footprint_folio,nearest_footprint_within_35m,medium,,,pending_human_review,https://arcgis.tampagov.net/arcgis/rest/services/Parcels/TaxParcel/FeatureServer/0,2026-08-28T04:55:51+00:00
pal-5cc999e16e92e005,tpa-0417bc1fcd87c3,mp-52195e4feafe44c1,95383.0000,A-13-28-18-3CI-000000-00015.0,11311 N BLVD,building_footprint_folio,nearest_footprint_within_35m,medium,,,pending_human_review,https://arcgis.tampagov.net/arcgis/rest/services/Parcels/TaxParcel/FeatureServer/0,2026-08-28T04:55:51+00:00
pal-0adad0e90023e266,tpa-0433a4fc97b4f8,mp-e03e608b6a58d266,114183.0000,A-20-29-18-3LC-000005-00005.0,22 S TREASURE DR,building_footprint_folio,nearest_footprint_within_35m,medium,,,pending_human_review,https://arcgis.tampagov.net/arcgis/rest/services/Parcels/TaxParcel/FeatureServer/0,2026-08-28T04:55:51+00:00
pal-8e7770d6f5c9a291,tpa-04390c72aee345,mp-46ae276578293391,122009.0000,A-32-29-18-3T7-000033-00013.0,2615 S DUNDEE ST,building_footprint_folio,point_in_building_footprint,high,,,pending_human_review,https://arcgis.tampagov.net/arcgis/rest/services/Parcels/TaxParcel/FeatureServer/0,2026-08-28T04:55:51+00:00
pal-e3402bd0909c01a1,tpa-045b5ccf4eaa0c,mp-24bd178979ce04c9,127433.0000,A-03-30-18-3V9-K00000-00018.0,2915 W BAY VIEW AVE,building_footprint_folio,nearest_footprint_within_35m,medium,,,pending_human_review,https://arcgis.tampagov.net/arcgis/rest/services/Parcels/TaxParcel/FeatureServer/0,2026-08-28T04:55:51+00:00
pal-685c4241d65ee672,tpa-045e51addb8e4c,mp-5ea83755b0b7b533,173341.0010,A-07-29-19-4MP-000007-00001.4,1410 E 29TH AVE,building_footprint_folio,nearest_footprint_within_35m,medium,,,pending_human_review,https://arcgis.tampagov.net/arcgis/rest/services/Parcels/TaxParcel/FeatureServer/0,2026-08-28T04:55:51+00:00
pal-a11392c7dcb7d09a,tpa-046c3844bd4885,mp-841fa0a3d1e0c21f,196171.0000,A-30-29-19-509-000103-00012.0,414 COLUMBIA DR,building_footprint_folio,point_in_building_footprint,high,,,pending_human_review,https://arcgis.tampagov.net/arcgis/rest/services/Parcels/TaxParcel/FeatureServer/0,2026-08-28T04:55:51+00:00
pal-60e839d64f9f8e28,tpa-0484a3f2f67485,mp-15ae0d05e0e48f40,176620.0000,A-10-29-18-4OS-000038-00023.0,3103 W DEWEY ST,building_footprint_folio,nearest_footprint_within_35m,medium,,,pending_human_review,https://arcgis.tampagov.net/arcgis/rest/services/Parcels/TaxParcel/FeatureServer/0,2026-08-28T04:55:51+00:00
pal-091b5155b05e2352,tpa-04e773a136d676,mp-12dfed211488e0d9,139316.1458,A-17-30-18-918-000000-00019.0,4857 W PRESCOTT ST,building_footprint_folio,nearest_footprint_within_35m,medium,,,pending_human_review,https://arcgis.tampagov.net/arcgis/rest/services/Parcels/TaxParcel/FeatureServer/0,2026-08-28T04:55:51+00:00
pal-912524deeb05b4c8,tpa-0518d88fb923a7,mp-e9dcafd39cb6fa44,165127.0000,A-01-29-18-4GH-000000-00168.0,317 W WILDER AVE,building_footprint_folio,point_in_building_footprint,high,,,pending_human_review,https://arcgis.tampagov.net/arcgis/rest/services/Parcels/TaxParcel/FeatureServer/0,2026-08-28T04:55:51+00:00
pal-04f485db5d27e746,tpa-0523e77d8d20da,mp-8c0563b0bc115d1b,177166.0000,A-11-29-18-4P2-000009-00024.0,3306 N HOWARD AVE,building_footprint_folio,point_in_building_footprint,high,,,pending_human_review,https://arcgis.tampagov.net/arcgis/rest/services/Parcels/TaxParcel/FeatureServer/0,2026-08-28T04:55:51+00:00
pal-43afbbbe61ee9e06,tpa-060e2b9ee13cb5,mp-dbeb58eede783fb9,125324.0000,A-33-29-18-3U2-000002-00004.0,3604 W LEONA ST,building_footprint_folio,point_in_building_footprint,high,,,pending_human_review,https://arcgis.tampagov.net/arcgis/rest/services/Parcels/TaxParcel/FeatureServer/0,2026-08-28T04:55:51+00:00
pal-ed4de2c5658cdd35,tpa-06f84eb6150e1b,mp-dcea08afa29bb1e5,114575.0000,A-21-29-18-3LG-000015-00013.0,4001 W CARMEN ST,building_footprint_folio,point_in_building_footprint,high,,,pending_human_review,https://arcgis.tampagov.net/arcgis/rest/services/Parcels/TaxParcel/FeatureServer/0,2026-08-28T04:55:51+00:00
pal-4e9373852115a330,tpa-070ce9870abedd,mp-c0cafb84d26a7be1,181195.0000,A-23-29-18-4Q8-000002-00008.0,1932 W CYPRESS ST,building_footprint_folio,nearest_footprint_within_35m,medium,,,pending_human_review,https://arcgis.tampagov.net/arcgis/rest/services/Parcels/TaxParcel/FeatureServer/0,2026-08-28T04:55:51+00:00
pal-c5a72aec5ae5b41d,tpa-083c84e157ff09,mp-4b7bf4375f3f22b6,123130.0000,A-32-29-18-3TN-000013-00011.0,4906 W EUCLID AVE,building_footprint_folio,nearest_footprint_within_35m,medium,,,pending_human_review,https://arcgis.tampagov.net/arcgis/rest/services/Parcels/TaxParcel/FeatureServer/0,2026-08-28T04:55:51+00:00
pal-3fe7281deb586efe,tpa-083f387dc9e319,mp-8e21e8035322d0fd,123350.0000,A-33-29-18-3TP-000020-00009.0,4018 W GRANADA ST,building_footprint_folio,point_in_building_footprint,high,,,pending_human_review,https://arcgis.tampagov.net/arcgis/rest/services/Parcels/TaxParcel/FeatureServer/0,2026-08-28T04:55:51+00:00
pal-b538573639912180,tpa-0844508e90a91e,mp-71c35d39427bebf6,131432.0000,A-08-30-18-3XF-000007-00030.0,4421 LEILA AVE,building_footprint_folio,point_in_building_footprint,high,,,pending_human_review,https://arcgis.tampagov.net/arcgis/rest/services/Parcels/TaxParcel/FeatureServer/0,2026-08-28T04:55:51+00:00
pal-7c48989c6b472c1a,tpa-08625a68aae13a,mp-ad1e6e4403b91833,104401.0000,A-35-28-18-3H0-000003-00005.0,2110 W POWHATAN AVE,building_footprint_folio,nearest_footprint_within_35m,medium,,,pending_human_review,https://arcgis.tampagov.net/arcgis/rest/services/Parcels/TaxParcel/FeatureServer/0,2026-08-28T04:55:51+00:00
pal-d9a041e644783e3f,tpa-0886934214383e,mp-dc2a770372de9080,113836.0000,A-20-29-18-3LA-000029-00014.0,209 S RENELLIE DR,building_footprint_folio,nearest_footprint_within_35m,medium,,,pending_human_review,https://arcgis.tampagov.net/arcgis/rest/services/Parcels/TaxParcel/FeatureServer/0,2026-08-28T04:55:51+00:00
pal-60899db81d9c1c32,tpa-088bffe24bb84d,mp-00ab38cf9227650f,169308.0000,A-36-29-18-4J5-000063-00008.0,613 SUPERIOR AVE,building_footprint_folio,point_in_building_footprint,high,,,pending_human_review,https://arcgis.tampagov.net/arcgis/rest/services/Parcels/TaxParcel/FeatureServer/0,2026-08-28T04:55:51+00:00
pal-bbdc6af4184e175f,tpa-08ed003ae91c05,mp-3e48fec42486d663,195894.0000,A-30-29-19-509-000089-00006.0,619 DANUBE AV,building_footprint_folio,nearest_footprint_within_35m,medium,,,pending_human_review,https://arcgis.tampagov.net/arcgis/rest/services/Parcels/TaxParcel/FeatureServer/0,2026-08-28T04:55:51+00:00
pal-1a313e76a23a1d41,tpa-08eff84dfd6c26,mp-d57e55fe4d1cdb9b,100921.0000,A-25-28-18-3EY-000001-00005.0,810 W WHATLEY PL,building_footprint_folio,nearest_footprint_within_35m,medium,,,pending_human_review,https://arcgis.tampagov.net/arcgis/rest/services/Parcels/TaxParcel/FeatureServer/0,2026-08-28T04:55:51+00:00
pal-a022bdf1492644aa,tpa-091ed6d5018ab8,mp-faa4de7ed790378c,188671.1000,A-17-29-19-4VX-000001-00003.0,2919 E COLUMBUS DR,building_footprint_folio,nearest_footprint_within_35m,medium,,,pending_human_review,https://arcgis.tampagov.net/arcgis/rest/services/Parcels/TaxParcel/FeatureServer/0,2026-08-28T04:55:51+00:00
pal-e9724932ff41edf9,tpa-0932775c849383,mp-42556b2201d212a6,181694.0100,A-11-29-18-4QE-000009-00007.0,914 W BRADDOCK ST,building_footprint_folio,nearest_footprint_within_35m,medium,,,pending_human_review,https://arcgis.tampagov.net/arcgis/rest/services/Parcels/TaxParcel/FeatureServer/0,2026-08-28T04:55:51+00:00
pal-f9adc8b2baa76a63,tpa-099e0b3b758b0b,mp-470d8968a57fbc21,183422.0000,A-14-29-18-4S0-F00000-00004.0,2304 N GLENWOOD DR,building_footprint_folio,nearest_footprint_within_35m,medium,,,pending_human_review,https://arcgis.tampagov.net/arcgis/rest/services/Parcels/TaxParcel/FeatureServer/0,2026-08-28T04:55:51+00:00
pal-426de302551b02fc,tpa-09b8b1f5465cfb,mp-d181ac69b0004278,184706.0000,A-23-29-18-4SK-000002-00011.0,406 S OREGON AVE,building_footprint_folio,nearest_footprint_within_35m,medium,,,pending_human_review,https://arcgis.tampagov.net/arcgis/rest/services/Parcels/TaxParcel/FeatureServer/0,2026-08-28T04:55:51+00:00
pal-f998d242e72aa99b,tpa-09bb8e982a2284,mp-ad62e425b09b4a2d,195662.0000,A-36-29-18-509-000048-00072.0,522 RIVIERA DR,building_footprint_folio,point_in_building_footprint,high,,,pending_human_review,https://arcgis.tampagov.net/arcgis/rest/services/Parcels/TaxParcel/FeatureServer/0,2026-08-28T04:55:51+00:00
pal-d5fb9c09e0772439,tpa-09f2fe9182aed4,mp-9e9b16c2000c8d2d,181148.0000,A-23-29-18-4Q7-000008-00001.0,608 N WILLOW AVE,building_footprint_folio,point_in_building_footprint,high,,,pending_human_review,https://arcgis.tampagov.net/arcgis/rest/services/Parcels/TaxParcel/FeatureServer/0,2026-08-28T04:55:51+00:00
pal-a3afe8b10c85abe7,tpa-0a4a9c5cf04c81,mp-587e380db10b0784,121855.0000,A-32-29-18-3T7-000022-00009.0,2623 S BRYANT CIR,building_footprint_folio,point_in_building_footprint,high,,,pending_human_review,https://arcgis.tampagov.net/arcgis/rest/services/Parcels/TaxParcel/FeatureServer/0,2026-08-28T04:55:51+00:00
pal-8309afa888295b0d,tpa-0adcbb29992da0,mp-aebd75a874ce8168,100522.0000,A-24-28-18-3EO-000017-00023.0,8902 N OLA AVE,building_footprint_folio,nearest_footprint_within_35m,medium,,,pending_human_review,https://arcgis.tampagov.net/arcgis/rest/services/Parcels/TaxParcel/FeatureServer/0,2026-08-28T04:55:51+00:00
pal-5a7f3e729ce91da0,tpa-0b608cb967f98d,mp-6133c084a7371112,123074.0000,A-32-29-18-3TN-000011-00008.0,3615 S OMAR AVE,building_footprint_folio,nearest_footprint_within_35m,medium,,,pending_human_review,https://arcgis.tampagov.net/arcgis/rest/services/Parcels/TaxParcel/FeatureServer/0,2026-08-28T04:55:51+00:00
pal-1e3ab34b66a7e263,tpa-0b7c6feb59d4b6,mp-c7b6ac3707509190,142702.0000,A-21-28-19-43U-000000-00058.D,8509 N 47TH ST,building_footprint_folio,point_in_building_footprint,high,,,pending_human_review,https://arcgis.tampagov.net/arcgis/rest/services/Parcels/TaxParcel/FeatureServer/0,2026-08-28T04:55:51+00:00
pal-a66ae5e442d45f73,tpa-0be461491105ee,mp-b7d1e79ff967ec6a,120989.0000,A-29-29-18-3SL-000019-00001.5,2107 S WEST SHORE BLVD,building_footprint_folio,point_in_building_footprint,high,,,pending_human_review,https://arcgis.tampagov.net/arcgis/rest/services/Parcels/TaxParcel/FeatureServer/0,2026-08-28T04:55:51+00:00
pal-c2da488c2a185585,tpa-0c08135824e6ab,mp-48835b7a297e8eba,164389.0000,A-36-28-18-4FX-000036-00005.0,110 W POWHATAN AVE,building_footprint_folio,nearest_footprint_within_35m,medium,,,pending_human_review,https://arcgis.tampagov.net/arcgis/rest/services/Parcels/TaxParcel/FeatureServer/0,2026-08-28T04:55:51+00:00
pal-b9b8051e70edbc44,tpa-0c2a6281b39abd,mp-a494af69580107e8,101432.0100,A-26-28-18-3FB-000000-00129.0,8113 N NEWPORT AVE,building_footprint_folio,nearest_footprint_within_35m,medium,,,pending_human_review,https://arcgis.tampagov.net/arcgis/rest/services/Parcels/TaxParcel/FeatureServer/0,2026-08-28T04:55:51+00:00
pal-5ddd87313c4f4753,tpa-0d0772df9c848a,mp-9d51f3d18f1e0a04,144912.0012,A-18-28-19-A1W-000000-00001.0,1501 E FOWLER AVE,building_footprint_folio,nearest_footprint_within_35m,medium,,,pending_human_review,https://arcgis.tampagov.net/arcgis/rest/services/Parcels/TaxParcel/FeatureServer/0,2026-08-28T04:55:51+00:00
pal-6df1acb8b6fd481d,tpa-0d141ecfee0746,mp-2d240e2c7353898d,157674.0000,A-06-29-19-4BC-000003-00008.0,1902 E GENESEE ST,building_footprint_folio,nearest_footprint_within_35m,medium,,,pending_human_review,https://arcgis.tampagov.net/arcgis/rest/services/Parcels/TaxParcel/FeatureServer/0,2026-08-28T04:55:51+00:00
pal-69ce5590693b4693,tpa-0d888d986de3a9,mp-a1dfc9df391120f8,109305.0000,A-10-29-18-3IV-000000-00042.2,4223 N TAMPANIA AVE,building_footprint_folio,nearest_footprint_within_35m,medium,,,pending_human_review,https://arcgis.tampagov.net/arcgis/rest/services/Parcels/TaxParcel/FeatureServer/0,2026-08-28T04:55:51+00:00
pal-da44a61fa2ddff57,tpa-0dc19b56172530,mp-baea7a3bea5702eb,136872.0150,A-15-30-18-41O-000015-00002.0,6504 ENGLEWOOD AVE,building_footprint_folio,point_in_building_footprint,high,,,pending_human_review,https://arcgis.tampagov.net/arcgis/rest/services/Parcels/TaxParcel/FeatureServer/0,2026-08-28T04:55:51+00:00
pal-004bb6f8dc00faa6,tpa-0dc54cd6ca25bf,mp-94010d9b2c0b6e44,130700.0000,A-05-30-18-3X8-000011-00040.0,4710 W BAY VIEW AVE,building_footprint_folio,point_in_building_footprint,high,,,pending_human_review,https://arcgis.tampagov.net/arcgis/rest/services/Parcels/TaxParcel/FeatureServer/0,2026-08-28T04:55:51+00:00
pal-49ecabf69bb76781,tpa-0dd2e889032cfa,mp-180a91260d5aebac,183390.0000,A-14-29-18-4S0-C00000-00008.0,712 W FRANCES AVE,building_footprint_folio,nearest_footprint_within_35m,medium,,,pending_human_review,https://arcgis.tampagov.net/arcgis/rest/services/Parcels/TaxParcel/FeatureServer/0,2026-08-28T04:55:51+00:00
pal-fc8e849d4528409b,tpa-0e0cc6a173a87e,mp-197bb854e4f653c5,122778.0000,A-32-29-18-3TJ-000000-00086.0,3310 W SEVILLA CIR,building_footprint_folio,nearest_footprint_within_35m,medium,,,pending_human_review,https://arcgis.tampagov.net/arcgis/rest/services/Parcels/TaxParcel/FeatureServer/0,2026-08-28T04:55:51+00:00
pal-84430b9f41d99783,tpa-0e1f94acc4af98,mp-cf0fa2b4deb55939,178904.0100,A-14-29-18-4PQ-000013-00010.1,1938 W SPRUCE ST,building_footprint_folio,nearest_footprint_within_35m,medium,,,pending_human_review,https://arcgis.tampagov.net/arcgis/rest/services/Parcels/TaxParcel/FeatureServer/0,2026-08-28T04:55:51+00:00
pal-ed4231d3b0ab38ac,tpa-0e9873042aff46,mp-8bab47eea93251b8,121216.0000,A-29-29-18-3SV-000005-00004.0,2120 S VENUS ST,building_footprint_folio,nearest_footprint_within_35m,medium,,,pending_human_review,https://arcgis.tampagov.net/arcgis/rest/services/Parcels/TaxParcel/FeatureServer/0,2026-08-28T04:55:51+00:00
pal-a7596dc0f90da347,tpa-0ea5310ce6574d,mp-b9dcb03fa8b96bb1,113729.0000,A-29-29-18-3LA-000021-00020.0,4519 W CULBREATH AVE,building_footprint_folio,point_in_building_footprint,high,,,pending_human_review,https://arcgis.tampagov.net/arcgis/rest/services/Parcels/TaxParcel/FeatureServer/0,2026-08-28T04:55:51+00:00
pal-f0db51477bef05d3,tpa-0f27c8e3e4a190,mp-baa8753d90acfc85,130496.0000,A-05-30-18-3X8-000007-00030.0,4314 S RENELLIE DR,building_footprint_folio,point_in_building_footprint,high,,,pending_human_review,https://arcgis.tampagov.net/arcgis/rest/services/Parcels/TaxParcel/FeatureServer/0,2026-08-28T04:55:51+00:00
pal-71d4d78083d1e686,tpa-0f28f1007860a8,mp-25c66c11b661a063,118348.0000,A-27-29-18-3Q7-000000-00011.0,2514 W MORRISON AVE,building_footprint_folio,nearest_footprint_within_35m,medium,,,pending_human_review,https://arcgis.tampagov.net/arcgis/rest/services/Parcels/TaxParcel/FeatureServer/0,2026-08-28T04:55:51+00:00
pal-4c5b6432b626c674,tpa-0f7a082873c34f,mp-47019058cc6c5a24,120633.0000,A-29-29-18-3SA-000006-00002.0,4518 WATROUS AVE,building_footprint_folio,point_in_building_footprint,high,,,pending_human_review,https://arcgis.tampagov.net/arcgis/rest/services/Parcels/TaxParcel/FeatureServer/0,2026-08-28T04:55:51+00:00
pal-f7f625db57b04110,tpa-0fde779fe2a9c4,mp-b55c7c6893915d2a,100126.0000,A-24-28-18-3EN-000014-00003.0,8522 N HIGHLAND AVE,building_footprint_folio,nearest_footprint_within_35m,medium,,,pending_human_review,https://arcgis.tampagov.net/arcgis/rest/services/Parcels/TaxParcel/FeatureServer/0,2026-08-28T04:55:51+00:00
pal-7e04c57a6163eecf,tpa-100f353a540768,mp-a7546c2c8485f9e0,183436.0005,A-14-29-18-4S0-G00000-00003.0,2406 N GLENWOOD DR,building_footprint_folio,nearest_footprint_within_35m,medium,,,pending_human_review,https://arcgis.tampagov.net/arcgis/rest/services/Parcels/TaxParcel/FeatureServer/0,2026-08-28T04:55:51+00:00
pal-fa7327c81d427073,tpa-10695f353c80bf,mp-ac3c223ce838b165,187034.0000,A-07-29-19-4V5-000004-00012.0,1213 E 18TH AVE,building_footprint_folio,nearest_footprint_within_35m,medium,,,pending_human_review,https://arcgis.tampagov.net/arcgis/rest/services/Parcels/TaxParcel/FeatureServer/0,2026-08-28T04:55:51+00:00
pal-9d3b379ec8d2ddf5,tpa-1123f406b36043,mp-e88de65bc3693e72,34758.1404,A-35-27-19-1E4-000001-00002.0,15704 COCHESTER RD,building_footprint_folio,point_in_building_footprint,high,,,pending_human_review,https://arcgis.tampagov.net/arcgis/rest/services/Parcels/TaxParcel/FeatureServer/0,2026-08-28T04:55:51+00:00
pal-6f999e7722b5c033,tpa-11319b993a92a4,mp-576df206ad400422,130648.0000,A-05-30-18-3X8-000010-00065.0,4718 W TAMBAY AVE,building_footprint_folio,nearest_footprint_within_35m,medium,,,pending_human_review,https://arcgis.tampagov.net/arcgis/rest/services/Parcels/TaxParcel/FeatureServer/0,2026-08-28T04:55:51+00:00
pal-a3508852f78f7be5,tpa-119ce4ce7e0b65,mp-408ec72ebad59814,123059.0000,A-32-29-18-3TN-000010-00019.0,3616 S GARDENIA AVE,building_footprint_folio,nearest_footprint_within_35m,medium,,,pending_human_review,https://arcgis.tampagov.net/arcgis/rest/services/Parcels/TaxParcel/FeatureServer/0,2026-08-28T04:55:51+00:00
pal-7b5bfd604cf8f4a4,tpa-11c59ecbb0efbd,mp-98cf712f415df670,115055.0000,A-21-29-18-3LS-000001-00006.0,4006 W GRAY ST,building_footprint_folio,nearest_footprint_within_35m,medium,,,pending_human_review,https://arcgis.tampagov.net/arcgis/rest/services/Parcels/TaxParcel/FeatureServer/0,2026-08-28T04:55:51+00:00
pal-d651ed39ab70ee52,tpa-11fb2558294393,mp-39a07c2411a31fb5,98430.0000,A-23-28-18-3E8-000000-00118.0,2001 W HUMPHREY ST,building_footprint_folio,nearest_footprint_within_35m,medium,,,pending_human_review,https://arcgis.tampagov.net/arcgis/rest/services/Parcels/TaxParcel/FeatureServer/0,2026-08-28T04:55:51+00:00
pal-9924b4d350c136e2,tpa-120e68e416dc86,mp-31bffe1183309548,179601.0000,A-15-29-18-4PQ-000049-00007.0,2726 MAIN ST,building_footprint_folio,nearest_footprint_within_35m,medium,,,pending_human_review,https://arcgis.tampagov.net/arcgis/rest/services/Parcels/TaxParcel/FeatureServer/0,2026-08-28T04:55:51+00:00
pal-5aa22ba0320adeca,tpa-122e7a89c3f149,mp-2102f502ff3397ef,124367.0000,A-33-29-18-3TS-000039-00006.0,4110 W SAN LUIS ST,building_footprint_folio,point_in_building_footprint,high,,,pending_human_review,https://arcgis.tampagov.net/arcgis/rest/services/Parcels/TaxParcel/FeatureServer/0,2026-08-28T04:55:51+00:00
pal-00b26571aa2682e8,tpa-124ac81151ad48,mp-cdb250ad0ff6a59d,139111.0000,A-20-30-18-42J-000191-00015.0,7404 S MORTON ST,building_footprint_folio,nearest_footprint_within_35m,medium,,,pending_human_review,https://arcgis.tampagov.net/arcgis/rest/services/Parcels/TaxParcel/FeatureServer/0,2026-08-28T04:55:51+00:00
pal-db1fe385ef1d5ee6,tpa-12634ea2ae0857,mp-fe9110c48e688f63,112603.0000,A-19-29-18-3K4-000000-00016.0,5832 MARINER ST,building_footprint_folio,point_in_building_footprint,high,,,pending_human_review,https://arcgis.tampagov.net/arcgis/rest/services/Parcels/TaxParcel/FeatureServer/0,2026-08-28T04:55:51+00:00
pal-7d1fc65e93da6cb5,tpa-12911010708ccb,mp-07af2517e5bbc948,181431.0000,A-23-29-18-4Q9-000007-00020.0,2109 W CARMEN ST,building_footprint_folio,nearest_footprint_within_35m,medium,,,pending_human_review,https://arcgis.tampagov.net/arcgis/rest/services/Parcels/TaxParcel/FeatureServer/0,2026-08-28T04:55:51+00:00
pal-9a4a1c48b19a43b2,tpa-12aa0cf5670a2a,mp-4110bb529e2510b1,192112.0000,A-13-29-18-4Y4-000005-00017.0,513 W ROSS AVE,building_footprint_folio,nearest_footprint_within_35m,medium,,,pending_human_review,https://arcgis.tampagov.net/arcgis/rest/services/Parcels/TaxParcel/FeatureServer/0,2026-08-28T04:55:51+00:00
pal-e54cec48b00dd012,tpa-136ad8c47c4004,mp-80b35be24befa4b7,162121.0000,A-36-28-18-4EK-000006-00003.0,6016 N DEXTER AVE,building_footprint_folio,nearest_footprint_within_35m,medium,,,pending_human_review,https://arcgis.tampagov.net/arcgis/rest/services/Parcels/TaxParcel/FeatureServer/0,2026-08-28T04:55:51+00:00
pal-1a6d3725b6a29f7a,tpa-13c2ceb279e24c,mp-b17d8ed3b2ba2cb4,121931.0000,A-32-29-18-3T7-000029-00004.0,5008 W LONGFELLOW AVE,building_footprint_folio,point_in_building_footprint,high,,,pending_human_review,https://arcgis.tampagov.net/arcgis/rest/services/Parcels/TaxParcel/FeatureServer/0,2026-08-28T04:55:51+00:00
pal-4c00343c2a5cc921,tpa-148d512efa4aa6,mp-99132bc01efc897b,119000.0000,A-28-29-18-3QK-00012B-00010.0,3609 W MORRISON AVE,building_footprint_folio,point_in_building_footprint,high,,,pending_human_review,https://arcgis.tampagov.net/arcgis/rest/services/Parcels/TaxParcel/FeatureServer/0,2026-08-28T04:55:51+00:00
pal-5acd4f971db260c5,tpa-149fdff18d32d3,mp-76ec1cabd8da096e,179556.0000,A-15-29-18-4PQ-000047-00006.0,2526 W UNION ST,building_footprint_folio,nearest_footprint_within_35m,medium,,,pending_human_review,https://arcgis.tampagov.net/arcgis/rest/services/Parcels/TaxParcel/FeatureServer/0,2026-08-28T04:55:51+00:00
pal-68f48f2e1dcdf7d5,tpa-14b09bb3728243,mp-26792cfc57a4c721,191648.0000,A-13-29-18-4XW-000005-00006.0,1905 N TALIAFERRO AVE,building_footprint_folio,nearest_footprint_within_35m,medium,,,pending_human_review,https://arcgis.tampagov.net/arcgis/rest/services/Parcels/TaxParcel/FeatureServer/0,2026-08-28T04:55:51+00:00
pal-e2a32a8102aaed38,tpa-14bc51de8ad111,mp-ee17a0e8041192c1,103397.0000,A-35-28-18-ZZZ-000005-41950.0,6700 N ROME AVE,building_footprint_folio,nearest_footprint_within_35m,medium,,,pending_human_review,https://arcgis.tampagov.net/arcgis/rest/services/Parcels/TaxParcel/FeatureServer/0,2026-08-28T04:55:51+00:00
pal-2c93067b3514b7dd,tpa-1559cc9b6f20eb,mp-1b510e900f6b89d3,149943.0005,A-30-28-19-46T-000000-00283.0,1701 NOME ST,building_footprint_folio,nearest_footprint_within_35m,medium,,,pending_human_review,https://arcgis.tampagov.net/arcgis/rest/services/Parcels/TaxParcel/FeatureServer/0,2026-08-28T04:55:51+00:00
pal-f2d0683c155a8679,tpa-155e0655df05cb,mp-c1c795c2c7c023a1,120028.0000,A-28-29-18-3RQ-000000-00012.0,4062 HENDERSON BLVD,building_footprint_folio,nearest_footprint_within_35m,medium,,,pending_human_review,https://arcgis.tampagov.net/arcgis/rest/services/Parcels/TaxParcel/FeatureServer/0,2026-08-28T04:55:51+00:00
pal-8ec2f27f12619c6c,tpa-156b76fb3af108,mp-4265553bff1558e1,164376.0000,A-36-28-18-4FX-000035-00012.0,217 W COMANCHE AVE,building_footprint_folio,point_in_building_footprint,high,,,pending_human_review,https://arcgis.tampagov.net/arcgis/rest/services/Parcels/TaxParcel/FeatureServer/0,2026-08-28T04:55:51+00:00
pal-2f5ab26070294417,tpa-159e2a073a10e3,mp-be4f5e9d0b902b90,110967.0020,A-17-29-18-ZZZ-000005-47620.2,2223 N WEST SHORE BLVD 400,building_footprint_folio,point_in_building_footprint,high,,,pending_human_review,https://arcgis.tampagov.net/arcgis/rest/services/Parcels/TaxParcel/FeatureServer/0,2026-08-28T04:55:51+00:00
pal-b317a8cc7de31f6c,tpa-15de663c1b00e5,mp-d4b92c10b21fd4d2,181171.0000,A-23-29-18-4Q7-000010-00001.0,401 N ROME AVE,building_footprint_folio,point_in_building_footprint,high,,,pending_human_review,https://arcgis.tampagov.net/arcgis/rest/services/Parcels/TaxParcel/FeatureServer/0,2026-08-28T04:55:51+00:00
pal-94eefc19aa93b88e,tpa-16159d096459f5,mp-17d10fbc2a394238,177329.0000,A-14-29-18-4P8-000008-00004.0,2021 N ROME AVE,building_footprint_folio,nearest_footprint_within_35m,medium,,,pending_human_review,https://arcgis.tampagov.net/arcgis/rest/services/Parcels/TaxParcel/FeatureServer/0,2026-08-28T04:55:51+00:00
pal-595fef9f904f24d3,tpa-16248d509dfbeb,mp-da995fb82dc44de8,144754.0500,A-18-28-19-454-000066-00009.0,1716 E ANNONA AVE,building_footprint_folio,point_in_building_footprint,high,,,pending_human_review,https://arcgis.tampagov.net/arcgis/rest/services/Parcels/TaxParcel/FeatureServer/0,2026-08-28T04:55:51+00:00
pal-e7c735f6ae601e98,tpa-168806a01910ae,mp-76a78575b73517a2,167287.0000,A-11-29-18-4HD-000035-00019.0,1003 W FRIBLEY ST,building_footprint_folio,nearest_footprint_within_35m,medium,,,pending_human_review,https://arcgis.tampagov.net/arcgis/rest/services/Parcels/TaxParcel/FeatureServer/0,2026-08-28T04:55:51+00:00
pal-a23684c071eb6dc7,tpa-16cd3fc57962b1,mp-c4c624f771042379,127714.9004,A-03-30-18-3VK-000000-00002.0,2929 W HAWTHORNE RD,building_footprint_folio,nearest_footprint_within_35m,medium,,,pending_human_review,https://arcgis.tampagov.net/arcgis/rest/services/Parcels/TaxParcel/FeatureServer/0,2026-08-28T04:55:51+00:00
pal-06d16089ef2597fc,tpa-172232a4e40341,mp-e5a2f85f37f2217d,166083.0100,A-01-29-18-4GQ-A00000-00002.1,4303 N CENTRAL AVE,building_footprint_folio,nearest_footprint_within_35m,medium,,,pending_human_review,https://arcgis.tampagov.net/arcgis/rest/services/Parcels/TaxParcel/FeatureServer/0,2026-08-28T04:55:51+00:00
pal-58c80857ceb74107,tpa-1759a1f43b0d72,mp-1a19a6691432743a,127521.0000,A-03-30-18-3VG-000001-00002.0,3223 W HARBOR VIEW AVE,building_footprint_folio,nearest_footprint_within_35m,medium,,,pending_human_review,https://arcgis.tampagov.net/arcgis/rest/services/Parcels/TaxParcel/FeatureServer/0,2026-08-28T04:55:51+00:00
pal-078dba2053b37a9e,tpa-175ef5d993b5b6,mp-0d67e8697f4d71d2,104344.0000,A-35-28-18-3H0-000001-00019.0,1812 W HENRY AVE,building_footprint_folio,nearest_footprint_within_35m,medium,,,pending_human_review,https://arcgis.tampagov.net/arcgis/rest/services/Parcels/TaxParcel/FeatureServer/0,2026-08-28T04:55:51+00:00
pal-37306d843a1fb533,tpa-17620d43eaa85b,mp-73f8ffa02ef4e201,130593.0000,A-05-30-18-3X8-000010-00012.0,4705 W KNIGHTS AVE,building_footprint_folio,point_in_building_footprint,high,,,pending_human_review,https://arcgis.tampagov.net/arcgis/rest/services/Parcels/TaxParcel/FeatureServer/0,2026-08-28T04:55:51+00:00
pal-dcfd5421ec69462f,tpa-176b1b1474a2d1,mp-2411eccad1d5ae87,183398.0000,A-14-29-18-4S0-C00000-00017.0,703 W PARK AVE,building_footprint_folio,nearest_footprint_within_35m,medium,,,pending_human_review,https://arcgis.tampagov.net/arcgis/rest/services/Parcels/TaxParcel/FeatureServer/0,2026-08-28T04:55:51+00:00
pal-7266650aa507e4d2,tpa-1774cdbbea024a,mp-7dbb1f9df4f06b70,132427.4194,A-08-30-18-B2Z-000000-00032.0,5120 BRIDGE ST 4,building_footprint_folio,nearest_footprint_within_35m,medium,,,pending_human_review,https://arcgis.tampagov.net/arcgis/rest/services/Parcels/TaxParcel/FeatureServer/0,2026-08-28T04:55:51+00:00
pal-9e024bee1b1a76d6,tpa-17eb2da0d58320,mp-d0cbdaf7e2b9dac1,104544.0000,A-35-28-18-3H0-000008-00013.0,1726 W COMANCHE AVE,building_footprint_folio,nearest_footprint_within_35m,medium,,,pending_human_review,https://arcgis.tampagov.net/arcgis/rest/services/Parcels/TaxParcel/FeatureServer/0,2026-08-28T04:55:51+00:00
pal-8db4a50d2e65b075,tpa-1816157db60c10,mp-4638d6253e0fd959,121234.0000,A-29-29-18-3SV-000009-00005.0,4910 W DRYAD ST,building_footprint_folio,point_in_building_footprint,high,,,pending_human_review,https://arcgis.tampagov.net/arcgis/rest/services/Parcels/TaxParcel/FeatureServer/0,2026-08-28T04:55:51+00:00
pal-cc817ce76de1fa2e,tpa-18d0bca9bdffa9,mp-d39a158101752ffa,114293.1566,A-20-29-18-C2I-000000-00008.0,4515 W NORTH A ST 1,building_footprint_folio,nearest_footprint_within_35m,medium,,,pending_human_review,https://arcgis.tampagov.net/arcgis/rest/services/Parcels/TaxParcel/FeatureServer/0,2026-08-28T04:55:51+00:00
pal-b2cd7589704d38d2,tpa-18e096e88663da,mp-03aa97445a3afdca,158981.0000,A-10-29-19-4BX-000015-00016.0,3607 N 52ND ST,building_footprint_folio,nearest_footprint_within_35m,medium,,,pending_human_review,https://arcgis.tampagov.net/arcgis/rest/services/Parcels/TaxParcel/FeatureServer/0,2026-08-28T04:55:51+00:00
pal-ca4f4ddcfa566c86,tpa-18efac5029086e,mp-582a51fd3953653b,179109.0000,A-15-29-18-4PQ-000024-00006.0,2522 W BEACH ST,building_footprint_folio,nearest_footprint_within_35m,medium,,,pending_human_review,https://arcgis.tampagov.net/arcgis/rest/services/Parcels/TaxParcel/FeatureServer/0,2026-08-28T04:55:51+00:00
pal-db7d7e02b62109e1,tpa-199558d5ac0494,mp-63d3fbfe611c75b8,139047.0000,A-20-30-18-42J-000186-00014.0,7406 S JUANITA ST,building_footprint_folio,nearest_footprint_within_35m,medium,,,pending_human_review,https://arcgis.tampagov.net/arcgis/rest/services/Parcels/TaxParcel/FeatureServer/0,2026-08-28T04:55:51+00:00
pal-0eb769e2d99df79a,tpa-19d3aebb7bdd1b,mp-e1f633781d2da0a4,128493.0000,A-03-30-18-3W2-000009-00035.0,4107 DREXEL AVE,building_footprint_folio,nearest_footprint_within_35m,medium,,,pending_human_review,https://arcgis.tampagov.net/arcgis/rest/services/Parcels/TaxParcel/FeatureServer/0,2026-08-28T04:55:51+00:00
pal-21dea3ee11c8eb64,tpa-19d41fd17c312c,mp-91ff023ae78501b6,130713.0000,A-05-30-18-3X8-000012-00013.0,4002 S SHAMROCK RD,building_footprint_folio,exact_address_nearby_footprint,high,,,pending_human_review,https://arcgis.tampagov.net/arcgis/rest/services/Parcels/TaxParcel/FeatureServer/0,2026-08-28T04:55:51+00:00
pal-91380883c622617c,tpa-19f8f67ae68583,mp-9ac46d96ceec740f,121735.0000,A-32-29-18-3T7-000015-00004.0,4610 W LAMB AVE,building_footprint_folio,nearest_footprint_within_35m,medium,,,pending_human_review,https://arcgis.tampagov.net/arcgis/rest/services/Parcels/TaxParcel/FeatureServer/0,2026-08-28T04:55:51+00:00
pal-2fdc67b4cc30887d,tpa-1a111c0a9b6eab,mp-349d5e616eb93cb1,166523.0064,A-01-29-18-B34-000000-00002.0,613 W NORTH BAY ST,building_footprint_folio,point_in_building_footprint,high,,,pending_human_review,https://arcgis.tampagov.net/arcgis/rest/services/Parcels/TaxParcel/FeatureServer/0,2026-08-28T04:55:51+00:00
pal-b5e104e7fbe5820a,tpa-1a794081c1cc17,mp-3c2dae8b53381873,180491.0000,A-15-29-18-4PV-000045-00029.0,3205 W PALMETTO ST,building_footprint_folio,nearest_footprint_within_35m,medium,,,pending_human_review,https://arcgis.tampagov.net/arcgis/rest/services/Parcels/TaxParcel/FeatureServer/0,2026-08-28T04:55:51+00:00
pal-0f55a35c0ef2f2da,tpa-1ad199ceb72ea6,mp-6e24ed8843a3d72d,127714.9002,A-03-30-18-3VK-000000-00001.0,2927 W HAWTHORNE RD,building_footprint_folio,exact_address_nearby_footprint,high,,,pending_human_review,https://arcgis.tampagov.net/arcgis/rest/services/Parcels/TaxParcel/FeatureServer/0,2026-08-28T04:55:51+00:00
pal-aa8b57a17d60acc5,tpa-1afca5c72c8207,mp-b33bee0233c31b6d,195794.0000,A-36-29-18-509-000070-00018.0,530 SUWANEE CIR,building_footprint_folio,nearest_footprint_within_35m,medium,,,pending_human_review,https://arcgis.tampagov.net/arcgis/rest/services/Parcels/TaxParcel/FeatureServer/0,2026-08-28T04:55:51+00:00
pal-a0caf615d5e44817,tpa-1b0fc3fac3ec80,mp-fd87da6d244f1f71,133090.0000,A-10-30-18-3YI-000008-00001.0,6003 S SHERIDAN RD,building_footprint_folio,point_in_building_footprint,high,,,pending_human_review,https://arcgis.tampagov.net/arcgis/rest/services/Parcels/TaxParcel/FeatureServer/0,2026-08-28T04:55:51+00:00
pal-c18da9bd2f973fbc,tpa-1b406d57575188,mp-10237e3533781b37,122602.0000,A-32-29-18-3TI-000000-00009.0,4703 W LEONA ST,building_footprint_folio,nearest_footprint_within_35m,medium,,,pending_human_review,https://arcgis.tampagov.net/arcgis/rest/services/Parcels/TaxParcel/FeatureServer/0,2026-08-28T04:55:51+00:00
pal-e46c9b562d4592b0,tpa-1b7e5cf477cb8c,mp-dfca39cfe38eb6af,133925.0000,A-09-30-18-3YR-000000-00046.2,4102 W WYOMING AVE,building_footprint_folio,point_in_building_footprint,high,,,pending_human_review,https://arcgis.tampagov.net/arcgis/rest/services/Parcels/TaxParcel/FeatureServer/0,2026-08-28T04:55:51+00:00
pal-23a2e20bb3bf094d,tpa-1b96b96c20c45e,mp-a0079d06b8909151,139316.1424,A-17-30-18-918-000000-00002.0,6810 S KISSIMMEE ST,building_footprint_folio,nearest_footprint_within_35m,medium,,,pending_human_review,https://arcgis.tampagov.net/arcgis/rest/services/Parcels/TaxParcel/FeatureServer/0,2026-08-28T04:55:51+00:00
pal-cedae36228aa1c42,tpa-1be5dd248ac123,mp-ac094a2b18272a86,195497.0000,A-36-29-18-509-000044-00024.0,448 W DAVIS BLVD,building_footprint_folio,nearest_footprint_within_35m,medium,,,pending_human_review,https://arcgis.tampagov.net/arcgis/rest/services/Parcels/TaxParcel/FeatureServer/0,2026-08-28T04:55:51+00:00
pal-3d947ef0b2a133f7,tpa-1c5117a4fcc7cb,mp-3862f324c4387364,195818.0000,A-36-29-18-509-000071-00032.0,642 GENEVA PL,building_footprint_folio,point_in_building_footprint,high,,,pending_human_review,https://arcgis.tampagov.net/arcgis/rest/services/Parcels/TaxParcel/FeatureServer/0,2026-08-28T04:55:51+00:00
pal-1de97f6e1ab11974,tpa-1c600b6c876651,mp-7559030dd984b3cc,196482.0000,A-36-29-18-50I-000000-00003.0,635 ONTARIO AVE,building_footprint_folio,nearest_footprint_within_35m,medium,,,pending_human_review,https://arcgis.tampagov.net/arcgis/rest/services/Parcels/TaxParcel/FeatureServer/0,2026-08-28T04:55:51+00:00
pal-d74262e02060d84b,tpa-1c60135caff5ef,mp-179581d4124c2ed1,114829.0000,A-21-29-18-3LJ-000001-00027.0,4312 W NORTH A ST,building_footprint_folio,nearest_footprint_within_35m,medium,,,pending_human_review,https://arcgis.tampagov.net/arcgis/rest/services/Parcels/TaxParcel/FeatureServer/0,2026-08-28T04:55:51+00:00
pal-f5b2c39875e29a42,tpa-1c7aeef625421c,mp-9bc78c1b5b519217,126613.0000,A-34-29-18-3UJ-000000-00027.0,3407 LEONA ST,building_footprint_folio,point_in_building_footprint,high,,,pending_human_review,https://arcgis.tampagov.net/arcgis/rest/services/Parcels/TaxParcel/FeatureServer/0,2026-08-28T04:55:51+00:00
pal-39582d6869fc92ec,tpa-1ca4868f51ccb0,mp-17d51749050a6c13,187107.0000,A-07-29-19-4V7-000004-00004.0,1905 E 23RD AVE,building_footprint_folio,nearest_footprint_within_35m,medium,,,pending_human_review,https://arcgis.tampagov.net/arcgis/rest/services/Parcels/TaxParcel/FeatureServer/0,2026-08-28T04:55:51+00:00
pal-45668412e4737664,tpa-1d2a58540315ba,mp-0069ccff3f14eae5,186517.0000,A-07-29-19-4UP-000005-00002.0,915 E 25TH AVE,building_footprint_folio,point_in_building_footprint,high,,,pending_human_review,https://arcgis.tampagov.net/arcgis/rest/services/Parcels/TaxParcel/FeatureServer/0,2026-08-28T04:55:51+00:00
pal-3f363f3d41e82501,tpa-1d35fe79209ef4,mp-51fd3e92cc760690,121936.0000,A-32-29-18-3T7-000029-00012.0,5028 W LONGFELLOW AVE,building_footprint_folio,point_in_building_footprint,high,,,pending_human_review,https://arcgis.tampagov.net/arcgis/rest/services/Parcels/TaxParcel/FeatureServer/0,2026-08-28T04:55:51+00:00
pal-6218dd644f850042,tpa-1d4aeacdbee34e,mp-6567910e0036d2ed,173365.0000,A-07-29-19-4MR-000000-00001.0,1313 E 29TH AVE,building_footprint_folio,nearest_footprint_within_35m,medium,,,pending_human_review,https://arcgis.tampagov.net/arcgis/rest/services/Parcels/TaxParcel/FeatureServer/0,2026-08-28T04:55:51+00:00
pal-c355cfeb530ebf26,tpa-1d633b31035617,mp-51816183939b4a73,132427.2632,A-08-30-18-94D-000000-00116.0,4720 LEGACY PARK DR,building_footprint_folio,nearest_footprint_within_35m,medium,,,pending_human_review,https://arcgis.tampagov.net/arcgis/rest/services/Parcels/TaxParcel/FeatureServer/0,2026-08-28T04:55:51+00:00
pal-49dc336954261f9d,tpa-1db614043b0dfa,mp-7ee13686effb0cbc,119481.0000,A-28-29-18-3QT-000006-00008.0,4013 W SAN RAFAEL ST,building_footprint_folio,nearest_footprint_within_35m,medium,,,pending_human_review,https://arcgis.tampagov.net/arcgis/rest/services/Parcels/TaxParcel/FeatureServer/0,2026-08-28T04:55:51+00:00
pal-80e0b665606bd589,tpa-1dd5ad9eeffff7,mp-e6944dfaa2bb77b7,103708.0000,A-35-28-18-3GR-C00000-00006.0,2120 W HIAWATHA ST,building_footprint_folio,nearest_footprint_within_35m,medium,,,pending_human_review,https://arcgis.tampagov.net/arcgis/rest/services/Parcels/TaxParcel/FeatureServer/0,2026-08-28T04:55:51+00:00
pal-77a526d5e1331fda,tpa-1e895a271729af,mp-a25fb4478db1652e,174660.0000,A-08-29-19-4NK-000004-00006.0,3501 E 23RD AVE,building_footprint_folio,nearest_footprint_within_35m,medium,,,pending_human_review,https://arcgis.tampagov.net/arcgis/rest/services/Parcels/TaxParcel/FeatureServer/0,2026-08-28T04:55:51+00:00
pal-94c7cd39decd7fdd,tpa-1ea35e3ba1e04b,mp-b7cfce3b05e8de08,120900.5000,A-29-29-18-3SL-000009-00003.3,4616 W ESTRELLA ST,building_footprint_folio,nearest_footprint_within_35m,medium,,,pending_human_review,https://arcgis.tampagov.net/arcgis/rest/services/Parcels/TaxParcel/FeatureServer/0,2026-08-28T04:55:51+00:00
pal-998fa9a31f4d9cb3,tpa-1f2c3836c5ecb7,mp-87501466c8671b45,115596.0000,A-21-29-18-3MA-000006-00002.0,3704 W CLEVELAND ST,building_footprint_folio,nearest_footprint_within_35m,medium,,,pending_human_review,https://arcgis.tampagov.net/arcgis/rest/services/Parcels/TaxParcel/FeatureServer/0,2026-08-28T04:55:51+00:00
pal-2973a3c6c4e124de,tpa-1f34dcb1eeba3f,mp-94e33808233663b0,196823.0000,A-36-29-18-50I-000009-00014.0,86 HURON AVE,building_footprint_folio,nearest_footprint_within_35m,medium,,,pending_human_review,https://arcgis.tampagov.net/arcgis/rest/services/Parcels/TaxParcel/FeatureServer/0,2026-08-28T04:55:51+00:00
pal-07ad905db3085eeb,tpa-1f727ef9bba71f,mp-c76c0000df8bfc1c,193745.0000,A-24-29-18-4ZM-000093-00001.0,101 S FRANKLIN ST,building_footprint_folio,exact_address_nearby_footprint,high,,,pending_human_review,https://arcgis.tampagov.net/arcgis/rest/services/Parcels/TaxParcel/FeatureServer/0,2026-08-28T04:55:51+00:00
pal-df3022e278d40fc4,tpa-1f87f734e2583b,mp-aea5c01303c6012e,122990.0000,A-32-29-18-3TN-000007-00022.0,3623 S BEACH DR,building_footprint_folio,nearest_footprint_within_35m,medium,,,pending_human_review,https://arcgis.tampagov.net/arcgis/rest/services/Parcels/TaxParcel/FeatureServer/0,2026-08-28T04:55:51+00:00
pal-f9f5954b8b45fea9,tpa-1fb0e222223379,mp-490cb18d1372ea5d,128771.0000,A-03-30-18-3WC-000003-00004.0,2929 W ALLINE AVE,building_footprint_folio,nearest_footprint_within_35m,medium,,,pending_human_review,https://arcgis.tampagov.net/arcgis/rest/services/Parcels/TaxParcel/FeatureServer/0,2026-08-28T04:55:51+00:00
pal-d5ad51d6bb5e22ca,tpa-1fb215206b849d,mp-c83652bfa37c7c99,144773.0500,A-18-28-19-454-000068-00008.0,1514 E ANNONA AVE,building_footprint_folio,nearest_footprint_within_35m,medium,,,pending_human_review,https://arcgis.tampagov.net/arcgis/rest/services/Parcels/TaxParcel/FeatureServer/0,2026-08-28T04:55:51+00:00
pal-87ad2e41a044c6f8,tpa-200f88039821a7,mp-c14d17388fac0bcf,128905.0100,A-03-30-18-3WH-000000-00037.0,2916 W BAYSHORE CT,building_footprint_folio,nearest_footprint_within_35m,medium,,,pending_human_review,https://arcgis.tampagov.net/arcgis/rest/services/Parcels/TaxParcel/FeatureServer/0,2026-08-28T04:55:51+00:00
pal-22d5310a79d1193f,tpa-20100da395bb0d,mp-403baa5bf56404bd,117493.0112,A-26-29-18-3P5-000002-00003.0,2403 W PALM DR 3,building_footprint_folio,nearest_footprint_within_35m,medium,,,pending_human_review,https://arcgis.tampagov.net/arcgis/rest/services/Parcels/TaxParcel/FeatureServer/0,2026-08-28T04:55:51+00:00
pal-498e4ef01bb129f0,tpa-20635c5f8dbcac,mp-46c1b846d1582636,158981.0000,A-10-29-19-4BX-000015-00016.0,3607 N 52ND ST,building_footprint_folio,nearest_footprint_within_35m,medium,,,pending_human_review,https://arcgis.tampagov.net/arcgis/rest/services/Parcels/TaxParcel/FeatureServer/0,2026-08-28T04:55:51+00:00
pal-62d1904dec317121,tpa-208a2577af0c74,mp-4d05402250733a8a,106509.0000,A-03-29-18-ZZZ-000005-44140.0,4701 N HIMES AVE,building_footprint_folio,exact_address_nearby_footprint,high,,,pending_human_review,https://arcgis.tampagov.net/arcgis/rest/services/Parcels/TaxParcel/FeatureServer/0,2026-08-28T04:55:51+00:00
pal-0adb22caa9b3cd77,tpa-20b2ec87b296ce,mp-05f203c7fa33c984,171450.0000,A-06-29-19-4KT-000000-00010.0,1322 E CONOVER ST,building_footprint_folio,point_in_building_footprint,high,,,pending_human_review,https://arcgis.tampagov.net/arcgis/rest/services/Parcels/TaxParcel/FeatureServer/0,2026-08-28T04:55:51+00:00
pal-e428475767e5d8eb,tpa-20b89e1a764951,mp-e536e7e153ee6299,187702.0000,A-07-29-19-4VJ-000010-00010.0,2813 N 20TH ST,building_footprint_folio,point_in_building_footprint,high,,,pending_human_review,https://arcgis.tampagov.net/arcgis/rest/services/Parcels/TaxParcel/FeatureServer/0,2026-08-28T04:55:51+00:00
pal-a18992bb4d8f8813,tpa-20e011419fa111,mp-1aedf6b99660fd03,173145.0000,A-07-29-19-4MG-000006-00001.0,917 E 28TH AVE,building_footprint_folio,nearest_footprint_within_35m,medium,,,pending_human_review,https://arcgis.tampagov.net/arcgis/rest/services/Parcels/TaxParcel/FeatureServer/0,2026-08-28T04:55:51+00:00
pal-93357c7e00266e51,tpa-2106b896c6626b,mp-257f779d69d1cd66,116085.0342,A-22-29-18-B9E-000006-00026.0,204 S TAMPANIA AVE 2,building_footprint_folio,nearest_footprint_within_35m,medium,,,pending_human_review,https://arcgis.tampagov.net/arcgis/rest/services/Parcels/TaxParcel/FeatureServer/0,2026-08-28T04:55:51+00:00
pal-f3d7ebd2699a3181,tpa-210d13a79dbee0,mp-8d6c42793a088917,94891.0362,A-12-28-18-B4W-000000-00001.0,709 W COUNTRY CLUB DR,building_footprint_folio,nearest_footprint_within_35m,medium,,,pending_human_review,https://arcgis.tampagov.net/arcgis/rest/services/Parcels/TaxParcel/FeatureServer/0,2026-08-28T04:55:51+00:00
pal-ee6f5ce826eea4b1,tpa-210e8e9787b2b7,mp-a43cc072348bc560,122494.0000,A-32-29-18-3TG-000000-00095.0,4420 W KENSINGTON AVE,building_footprint_folio,point_in_building_footprint,high,,,pending_human_review,https://arcgis.tampagov.net/arcgis/rest/services/Parcels/TaxParcel/FeatureServer/0,2026-08-28T04:55:51+00:00
pal-7f6bc81e52a517a5,tpa-212f4b7da655ab,mp-a5738c2064a96c3c,95371.0000,A-13-28-18-3CI-000000-00003.0,805 W 114TH AVE,building_footprint_folio,nearest_footprint_within_35m,medium,,,pending_human_review,https://arcgis.tampagov.net/arcgis/rest/services/Parcels/TaxParcel/FeatureServer/0,2026-08-28T04:55:51+00:00
pal-0be269f11d447e04,tpa-21932133e7b772,mp-4473f3f7a71d7801,127669.0000,A-03-30-18-3VJ-000000-00002.0,2903 W VILLA ROSA PARK,building_footprint_folio,nearest_footprint_within_35m,medium,,,pending_human_review,https://arcgis.tampagov.net/arcgis/rest/services/Parcels/TaxParcel/FeatureServer/0,2026-08-28T04:55:51+00:00
pal-437728336f63a86f,tpa-21db0f5ecf6808,mp-2d505cc30e993408,126676.0000,A-34-29-18-3UJ-000000-00112.0,3314 W CORONA ST,building_footprint_folio,point_in_building_footprint,high,,,pending_human_review,https://arcgis.tampagov.net/arcgis/rest/services/Parcels/TaxParcel/FeatureServer/0,2026-08-28T04:55:51+00:00
pal-584fde1e98defeaf,tpa-2289dcf89d0970,mp-e2e8dbfcb50d0278,126367.0000,A-34-29-18-3U4-000076-00018.0,3205 OBISPO ST,building_footprint_folio,nearest_footprint_within_35m,medium,,,pending_human_review,https://arcgis.tampagov.net/arcgis/rest/services/Parcels/TaxParcel/FeatureServer/0,2026-08-28T04:55:51+00:00
pal-f80408a67471e94a,tpa-23428f29ad2093,mp-b2bb8c1a2363ddba,167725.0000,A-12-29-18-4HY-000001-00006.0,3915 N ARLINGTON AVE,building_footprint_folio,point_in_building_footprint,high,,,pending_human_review,https://arcgis.tampagov.net/arcgis/rest/services/Parcels/TaxParcel/FeatureServer/0,2026-08-28T04:55:51+00:00
pal-62cab5807772ffe8,tpa-237db3339d402d,mp-22a7eb97c5aef314,166848.0000,A-11-29-18-4HA-000011-00001.0,902 W VIRGINIA AVE,building_footprint_folio,nearest_footprint_within_35m,medium,,,pending_human_review,https://arcgis.tampagov.net/arcgis/rest/services/Parcels/TaxParcel/FeatureServer/0,2026-08-28T04:55:51+00:00
pal-a739d15b88a2b434,tpa-245030a325b815,mp-19bb5b4fc61fdfc4,157910.0000,A-06-29-19-4BK-000005-00005.0,1909 E NOEL ST,building_footprint_folio,nearest_footprint_within_35m,medium,,,pending_human_review,https://arcgis.tampagov.net/arcgis/rest/services/Parcels/TaxParcel/FeatureServer/0,2026-08-28T04:55:51+00:00
pal-cb4579d67bef500c,tpa-24845ca4544447,mp-e7be699306f72997,106523.0000,A-03-29-18-ZZZ-000005-44250.0,3001 W DR MARTIN LUTHER KING JR BLVD,building_footprint_folio,exact_address_nearby_footprint,high,,,pending_human_review,https://arcgis.tampagov.net/arcgis/rest/services/Parcels/TaxParcel/FeatureServer/0,2026-08-28T04:55:51+00:00
pal-66092b847cf40d80,tpa-24864a02684b8c,mp-c6a8838832f55977,135147.0000,A-10-30-18-3ZR-000013-00023.0,3301 W PEARL AVE,building_footprint_folio,point_in_building_footprint,high,,,pending_human_review,https://arcgis.tampagov.net/arcgis/rest/services/Parcels/TaxParcel/FeatureServer/0,2026-08-28T04:55:51+00:00
pal-ec52e40bdeb6b35d,tpa-24ac06c8a0a374,mp-6b1868ab83bad3fa,121793.0000,A-32-29-18-3T7-000018-00013.0,2627 N DUNDEE ST,building_footprint_folio,nearest_footprint_within_35m,medium,,,pending_human_review,https://arcgis.tampagov.net/arcgis/rest/services/Parcels/TaxParcel/FeatureServer/0,2026-08-28T04:55:51+00:00
pal-71fa1c936ac3508b,tpa-24aed76404b2ad,mp-c2715b23d75d160a,125553.0000,A-27-29-18-3U4-000003-00002.0,3004 W NEPTUNE ST,building_footprint_folio,point_in_building_footprint,high,,,pending_human_review,https://arcgis.tampagov.net/arcgis/rest/services/Parcels/TaxParcel/FeatureServer/0,2026-08-28T04:55:51+00:00
pal-aeebfe838840a74b,tpa-25104efdd1ee34,mp-3c7053e9bdb52b84,195763.0000,A-36-29-18-509-000069-00049.0,533 SUWANEE CIR,building_footprint_folio,point_in_building_footprint,high,,,pending_human_review,https://arcgis.tampagov.net/arcgis/rest/services/Parcels/TaxParcel/FeatureServer/0,2026-08-28T04:55:51+00:00
pal-640db7d06c8c41d0,tpa-2519ed0dde352a,mp-ab077b3706a036ba,195820.0000,A-36-29-18-509-000071-00034.0,638 GENEVA PL,building_footprint_folio,nearest_footprint_within_35m,medium,,,pending_human_review,https://arcgis.tampagov.net/arcgis/rest/services/Parcels/TaxParcel/FeatureServer/0,2026-08-28T04:55:51+00:00
pal-8879d9fde194e22d,tpa-256afada5fa729,mp-7539ee7f2b87ecbc,184495.0479,A-23-29-18-4SD-000000-C0000.0,607 S ALBANY AVE,building_footprint_folio,nearest_footprint_within_35m,medium,,,pending_human_review,https://arcgis.tampagov.net/arcgis/rest/services/Parcels/TaxParcel/FeatureServer/0,2026-08-28T04:55:51+00:00
pal-4855bffc893e3403,tpa-258d15e56eb1f0,mp-6a425d21ca253ee7,184706.0000,A-23-29-18-4SK-000002-00011.0,406 S OREGON AVE,building_footprint_folio,nearest_footprint_within_35m,medium,,,pending_human_review,https://arcgis.tampagov.net/arcgis/rest/services/Parcels/TaxParcel/FeatureServer/0,2026-08-28T04:55:51+00:00
pal-413a9188cffbe183,tpa-258f31363285d5,mp-0d59a18782392a67,121744.0000,A-32-29-18-3T7-000015-00017.0,4636 W LAMB AVE,building_footprint_folio,point_in_building_footprint,high,,,pending_human_review,https://arcgis.tampagov.net/arcgis/rest/services/Parcels/TaxParcel/FeatureServer/0,2026-08-28T04:55:51+00:00
pal-a82a42e99e0b94f4,tpa-25b48cee081220,mp-59920fd5242ffc8e,143953.0000,A-18-28-19-452-000028-00012.0,1413 E SENECA AVE,building_footprint_folio,nearest_footprint_within_35m,medium,,,pending_human_review,https://arcgis.tampagov.net/arcgis/rest/services/Parcels/TaxParcel/FeatureServer/0,2026-08-28T04:55:51+00:00
pal-9e464b4710b35c37,tpa-260234d360f440,mp-d966a79b26237eb7,117918.0000,A-27-29-18-3Q1-000008-00020.0,2811 W TER DR,building_footprint_folio,nearest_footprint_within_35m,medium,,,pending_human_review,https://arcgis.tampagov.net/arcgis/rest/services/Parcels/TaxParcel/FeatureServer/0,2026-08-28T04:55:51+00:00
pal-043fbd14314faf53,tpa-263603d0779657,mp-09e2c91f3c4fd78c,110375.0000,A-15-29-18-ZZZ-000005-47070.0,3309 W BEACH ST,building_footprint_folio,point_in_building_footprint,high,,,pending_human_review,https://arcgis.tampagov.net/arcgis/rest/services/Parcels/TaxParcel/FeatureServer/0,2026-08-28T04:55:51+00:00
pal-d18c1a80a1e0cb8c,tpa-269ba92cdf0156,mp-c004a6b3f70d9356,182600.0000,A-12-29-18-4R4-000002-00005.0,2923 N TAMPA ST,building_footprint_folio,nearest_footprint_within_35m,medium,,,pending_human_review,https://arcgis.tampagov.net/arcgis/rest/services/Parcels/TaxParcel/FeatureServer/0,2026-08-28T04:55:51+00:00
pal-afab62517949f133,tpa-26f225c99a6abd,mp-d6f796d859c4564d,127471.0000,A-03-30-18-3VC-000000-00011.0,2926 W TAMBAY AVE,building_footprint_folio,nearest_footprint_within_35m,medium,,,pending_human_review,https://arcgis.tampagov.net/arcgis/rest/services/Parcels/TaxParcel/FeatureServer/0,2026-08-28T04:55:51+00:00
pal-deddd6f7d1bb0e40,tpa-271bf7539d31b0,mp-98eef087ab810610,122975.0000,A-32-29-18-3TN-000007-00005.0,3409 S BEACH DR,building_footprint_folio,point_in_building_footprint,high,,,pending_human_review,https://arcgis.tampagov.net/arcgis/rest/services/Parcels/TaxParcel/FeatureServer/0,2026-08-28T04:55:51+00:00
pal-5705bb25755cdd40,tpa-2728e8b1d15202,mp-27fee6d6f4603906,137704.0000,A-16-30-18-424-000000-00043.0,3710 W ELROD AVE,building_footprint_folio,nearest_footprint_within_35m,medium,,,pending_human_review,https://arcgis.tampagov.net/arcgis/rest/services/Parcels/TaxParcel/FeatureServer/0,2026-08-28T04:55:51+00:00
pal-757d571179260857,tpa-2760c5a91cef80,mp-58f82fcf70f7d8c4,183398.0000,A-14-29-18-4S0-C00000-00017.0,703 W PARK AVE,building_footprint_folio,nearest_footprint_within_35m,medium,,,pending_human_review,https://arcgis.tampagov.net/arcgis/rest/services/Parcels/TaxParcel/FeatureServer/0,2026-08-28T04:55:51+00:00
pal-be33a02208232d9f,tpa-277231a57f13b6,mp-2731da8e20943072,185659.0050,A-26-29-18-4TE-000016-00003.A,1710 W MORRISON AVE,building_footprint_folio,nearest_footprint_within_35m,medium,,,pending_human_review,https://arcgis.tampagov.net/arcgis/rest/services/Parcels/TaxParcel/FeatureServer/0,2026-08-28T04:55:51+00:00
pal-92dbed34f050a1cd,tpa-2797cd81a69511,mp-7f2c43bd44b9fc69,130578.0000,A-05-30-18-3X8-000009-00021.0,4710 W KNIGHTS AVE,building_footprint_folio,point_in_building_footprint,high,,,pending_human_review,https://arcgis.tampagov.net/arcgis/rest/services/Parcels/TaxParcel/FeatureServer/0,2026-08-28T04:55:51+00:00
pal-be94a25d2a2956c6,tpa-2954d823ee84c4,mp-37b6d401a2f34a1b,195126.0000,A-25-29-18-509-000016-00037.0,146 BOSPHOROUS AVE,building_footprint_folio,point_in_building_footprint,high,,,pending_human_review,https://arcgis.tampagov.net/arcgis/rest/services/Parcels/TaxParcel/FeatureServer/0,2026-08-28T04:55:51+00:00
pal-75e4caf9d0c81106,tpa-2a0ee014f79945,mp-699995ef68af2c60,112602.0000,A-19-29-18-3K4-000000-00015.0,5830 MARINER ST,building_footprint_folio,nearest_footprint_within_35m,medium,,,pending_human_review,https://arcgis.tampagov.net/arcgis/rest/services/Parcels/TaxParcel/FeatureServer/0,2026-08-28T04:55:51+00:00
pal-4510dbd73b0bc148,tpa-2a128e6793e09b,mp-01cf078ccfd12b53,152327.0100,A-32-28-19-489-000000-00420.0,3623 E HENRY AVE,building_footprint_folio,point_in_building_footprint,high,,,pending_human_review,https://arcgis.tampagov.net/arcgis/rest/services/Parcels/TaxParcel/FeatureServer/0,2026-08-28T04:55:51+00:00
pal-6a03471598b995bf,tpa-2a279da2b89602,mp-0a887ecfeb93e8a6,143844.0050,A-18-28-19-452-000009-00010.0,1013 CHILKOOT AVE,building_footprint_folio,nearest_footprint_within_35m,medium,,,pending_human_review,https://arcgis.tampagov.net/arcgis/rest/services/Parcels/TaxParcel/FeatureServer/0,2026-08-28T04:55:51+00:00
pal-4f1d3e342d11b074,tpa-2a313fd594717b,mp-b7b5cf97c9a27695,157998.0000,A-06-29-19-4BL-000012-00011.0,1506 E NORTH BAY ST,building_footprint_folio,point_in_building_footprint,high,,,pending_human_review,https://arcgis.tampagov.net/arcgis/rest/services/Parcels/TaxParcel/FeatureServer/0,2026-08-28T04:55:51+00:00
pal-ad5de514d8076684,tpa-2a3ba1216e4012,mp-09642cd71f95ba7a,174729.0000,A-08-29-19-4NN-000001-00006.0,3202 E 25TH AVE,building_footprint_folio,nearest_footprint_within_35m,medium,,,pending_human_review,https://arcgis.tampagov.net/arcgis/rest/services/Parcels/TaxParcel/FeatureServer/0,2026-08-28T04:55:51+00:00
pal-d7515c0785a87a64,tpa-2a61ea68abd0a9,mp-c65c4b72250b507b,113463.0000,A-29-29-18-3LA-000003-00026.0,811 GROVE PARK AVE,building_footprint_folio,point_in_building_footprint,high,,,pending_human_review,https://arcgis.tampagov.net/arcgis/rest/services/Parcels/TaxParcel/FeatureServer/0,2026-08-28T04:55:51+00:00
pal-961e37d0974febb2,tpa-2b19325bc508a3,mp-a095697c8474bbf0,144278.0000,A-19-28-19-454-000004-00005.0,9408 N 17TH ST,building_footprint_folio,point_in_building_footprint,high,,,pending_human_review,https://arcgis.tampagov.net/arcgis/rest/services/Parcels/TaxParcel/FeatureServer/0,2026-08-28T04:55:51+00:00
pal-b044141e95fce1af,tpa-2b2003cf36c22b,mp-4a969a9ecb5dc10c,121742.0000,A-32-29-18-3T7-000015-00014.0,4632 W LAMB AVE,building_footprint_folio,point_in_building_footprint,high,,,pending_human_review,https://arcgis.tampagov.net/arcgis/rest/services/Parcels/TaxParcel/FeatureServer/0,2026-08-28T04:55:51+00:00
pal-3d68febac8c05f53,tpa-2b308af3adaa6d,mp-e2f4b4a4a10ba060,113455.0000,A-29-29-18-3LA-000003-00018.0,4811 W BEACHWAY DR,building_footprint_folio,point_in_building_footprint,high,,,pending_human_review,https://arcgis.tampagov.net/arcgis/rest/services/Parcels/TaxParcel/FeatureServer/0,2026-08-28T04:55:51+00:00
pal-b0c3a093dde89565,tpa-2b48642ee2c461,mp-884293860f0f5872,194755.0100,A-25-29-18-509-000002-00030.0,48 COLUMBIA DR,building_footprint_folio,nearest_footprint_within_35m,medium,,,pending_human_review,https://arcgis.tampagov.net/arcgis/rest/services/Parcels/TaxParcel/FeatureServer/0,2026-08-28T04:55:51+00:00
pal-206b68463ad18781,tpa-2b4a16aeec51d1,mp-85200f93bb54edc1,195058.0000,A-25-29-18-509-000013-00012.0,119 DANUBE AVE,building_footprint_folio,point_in_building_footprint,high,,,pending_human_review,https://arcgis.tampagov.net/arcgis/rest/services/Parcels/TaxParcel/FeatureServer/0,2026-08-28T04:55:51+00:00
pal-c392c798dac2ba89,tpa-2b6182051006a6,mp-1162cb9c97329593,130728.0000,A-05-30-18-3X8-000012-00028.0,4729 W BAY VISTA AVE,building_footprint_folio,nearest_footprint_within_35m,medium,,,pending_human_review,https://arcgis.tampagov.net/arcgis/rest/services/Parcels/TaxParcel/FeatureServer/0,2026-08-28T04:55:51+00:00
pal-7aba6a62e61b8c65,tpa-2b7a2f4e8da01e,mp-d07da6334a8a8258,132016.0000,A-08-30-18-3XJ-000025-00015.0,4703 W PAUL AVE,building_footprint_folio,nearest_footprint_within_35m,medium,,,pending_human_review,https://arcgis.tampagov.net/arcgis/rest/services/Parcels/TaxParcel/FeatureServer/0,2026-08-28T04:55:51+00:00
pal-dfee9df332affbe2,tpa-2b81d71a85491d,mp-6176f522225fc23a,139316.1436,A-17-30-18-918-000000-00008.0,6820 S KISSIMMEE ST,building_footprint_folio,nearest_footprint_within_35m,medium,,,pending_human_review,https://arcgis.tampagov.net/arcgis/rest/services/Parcels/TaxParcel/FeatureServer/0,2026-08-28T04:55:51+00:00
pal-79831f08fc4599c2,tpa-2bf73e751a705a,mp-41fb979a86fb3715,169411.0000,A-36-29-18-4J6-E00000-00008.0,560 W DAVIS BLVD,building_footprint_folio,nearest_footprint_within_35m,medium,,,pending_human_review,https://arcgis.tampagov.net/arcgis/rest/services/Parcels/TaxParcel/FeatureServer/0,2026-08-28T04:55:51+00:00
pal-10bb708539a7329f,tpa-2c1eb6e3ef74ae,mp-0142f4615eebb150,100894.0000,A-25-28-18-3EX-000000-00001.1,7901 N BLVD,building_footprint_folio,nearest_footprint_within_35m,medium,,,pending_human_review,https://arcgis.tampagov.net/arcgis/rest/services/Parcels/TaxParcel/FeatureServer/0,2026-08-28T04:55:51+00:00
pal-0007910a6c91690e,tpa-2c47010f9bf492,mp-3716c0c7bd76cc34,121406.0000,A-29-29-18-3T2-000002-00013.0,4412 W CLEAR AVE,building_footprint_folio,point_in_building_footprint,high,,,pending_human_review,https://arcgis.tampagov.net/arcgis/rest/services/Parcels/TaxParcel/FeatureServer/0,2026-08-28T04:55:51+00:00
pal-860967c585f21ed1,tpa-2c71aa382c0a24,mp-aa87f86b34b177b6,121222.0000,A-29-29-18-3SV-000006-00001.0,2119 S VENUS ST,building_footprint_folio,point_in_building_footprint,high,,,pending_human_review,https://arcgis.tampagov.net/arcgis/rest/services/Parcels/TaxParcel/FeatureServer/0,2026-08-28T04:55:51+00:00
pal-182c739725b47b27,tpa-2c7fce8d93727e,mp-7c5bd42f526bd6fa,195869.0000,A-36-29-18-509-000073-00006.0,627 JAMAICA AVE,building_footprint_folio,nearest_footprint_within_35m,medium,,,pending_human_review,https://arcgis.tampagov.net/arcgis/rest/services/Parcels/TaxParcel/FeatureServer/0,2026-08-28T04:55:51+00:00
pal-81a70cfb0abd6443,tpa-2cb197c3074901,mp-fe2cb643b4f29042,116020.0000,A-21-29-18-3MH-000001-00016.0,4105 W DE LEON ST,building_footprint_folio,nearest_footprint_within_35m,medium,,,pending_human_review,https://arcgis.tampagov.net/arcgis/rest/services/Parcels/TaxParcel/FeatureServer/0,2026-08-28T04:55:51+00:00
pal-f081145ba41df699,tpa-2cbc85613b2807,mp-7fb930c7856529db,122668.0000,,,building_footprint_folio,nearest_footprint_within_35m,medium,,,pending_human_review,https://arcgis.tampagov.net/arcgis/rest/services/Parcels/TaxParcel/FeatureServer/0,2026-08-28T04:55:51+00:00
pal-8ae27d62c317aedc,tpa-2cc90e88ce21eb,mp-deaf8955e0fc4780,169399.0000,A-36-29-18-4J6-D00000-00010.0,566 RHINE AVE,building_footprint_folio,point_in_building_footprint,high,,,pending_human_review,https://arcgis.tampagov.net/arcgis/rest/services/Parcels/TaxParcel/FeatureServer/0,2026-08-28T04:55:51+00:00
pal-9c63903710d5654c,tpa-2d3093af88857a,mp-76c384b4eebfab41,161169.0100,A-25-28-18-4DQ-000001-00003.0,105 W STANLEY ST,building_footprint_folio,nearest_footprint_within_35m,medium,,,pending_human_review,https://arcgis.tampagov.net/arcgis/rest/services/Parcels/TaxParcel/FeatureServer/0,2026-08-28T04:55:51+00:00
pal-e0ae69658b9f79a7,tpa-2d7ba7fde05aee,mp-65ee8a2d958a9e1c,141814.0000,A-21-28-19-43J-000015-00012.0,9511 N HYALEAH RD,building_footprint_folio,nearest_footprint_within_35m,medium,,,pending_human_review,https://arcgis.tampagov.net/arcgis/rest/services/Parcels/TaxParcel/FeatureServer/0,2026-08-28T04:55:51+00:00
pal-0d7cf7d3618c79f5,tpa-2da8e6795be060,mp-259f7c3f0a626fe7,180876.0000,A-15-29-18-4Q4-000003-00002.0,2706 W GRACE ST,building_footprint_folio,point_in_building_footprint,high,,,pending_human_review,https://arcgis.tampagov.net/arcgis/rest/services/Parcels/TaxParcel/FeatureServer/0,2026-08-28T04:55:51+00:00
pal-59e529838ab4ddeb,tpa-2ddbf524878341,mp-403851e9d8d1feaa,123025.0000,A-32-29-18-3TN-000009-00011.0,3621 S GARDENIA AVE,building_footprint_folio,point_in_building_footprint,high,,,pending_human_review,https://arcgis.tampagov.net/arcgis/rest/services/Parcels/TaxParcel/FeatureServer/0,2026-08-28T04:55:51+00:00
pal-4d1c5042d418bbe4,tpa-2eb68717238e5e,mp-3a35dd8b49d34285,108776.0000,A-08-29-18-3IP-000080-00020.0,4216 N MANHATTAN AVE,building_footprint_folio,point_in_building_footprint,high,,,pending_human_review,https://arcgis.tampagov.net/arcgis/rest/services/Parcels/TaxParcel/FeatureServer/0,2026-08-28T04:55:51+00:00
pal-b61f27d71b608e85,tpa-2f2b414a14818f,mp-8350d9e750e80d3c,109044.0000,A-08-29-18-ZZZ-000005-46020.0,2450 N WEST SHORE BLVD,building_footprint_folio,exact_address_nearby_footprint,high,,,pending_human_review,https://arcgis.tampagov.net/arcgis/rest/services/Parcels/TaxParcel/FeatureServer/0,2026-08-28T04:55:51+00:00
pal-6142347824c6dc61,tpa-2f583f6f51204a,mp-1c4d92cda6350a03,127111.0000,A-34-29-18-3UQ-000003-00011.1,3424 S MACDILL AVE,building_footprint_folio,nearest_footprint_within_35m,medium,,,pending_human_review,https://arcgis.tampagov.net/arcgis/rest/services/Parcels/TaxParcel/FeatureServer/0,2026-08-28T04:55:51+00:00
pal-fd52cc614923e09b,tpa-2fa48cd756d9a2,mp-004a0cda97a94893,163424.0000,A-36-28-18-4FB-000000-00436.0,209 W JEAN ST,building_footprint_folio,nearest_footprint_within_35m,medium,,,pending_human_review,https://arcgis.tampagov.net/arcgis/rest/services/Parcels/TaxParcel/FeatureServer/0,2026-08-28T04:55:51+00:00
pal-4dd5d98b1b2b9c1d,tpa-2fc503f01fa07a,mp-a05aac752f25acbf,113441.0000,A-29-29-18-3LA-000003-00002.0,4804 W WOODMERE RD,building_footprint_folio,point_in_building_footprint,high,,,pending_human_review,https://arcgis.tampagov.net/arcgis/rest/services/Parcels/TaxParcel/FeatureServer/0,2026-08-28T04:55:51+00:00
pal-6ef193fc24b62d65,tpa-2fd12449a063f6,mp-24d4154cb3adf5ff,123004.0000,A-32-29-18-3TN-000008-00014.0,3626 S BEACH DR,building_footprint_folio,nearest_footprint_within_35m,medium,,,pending_human_review,https://arcgis.tampagov.net/arcgis/rest/services/Parcels/TaxParcel/FeatureServer/0,2026-08-28T04:55:51+00:00
pal-c73b01f74dc59a90,tpa-3051a2d2dd6c06,mp-c63df15a9373a4b5,120934.0000,A-29-29-18-3SL-000013-00002.0,4709 W SAN RAFAEL ST,building_footprint_folio,nearest_footprint_within_35m,medium,,,pending_human_review,https://arcgis.tampagov.net/arcgis/rest/services/Parcels/TaxParcel/FeatureServer/0,2026-08-28T04:55:51+00:00
pal-a011196d9e73aab7,tpa-30b412a70a928f,mp-7ec3efb44f9b0ec3,196234.0000,A-30-29-19-509-000107-00032.0,325 COLUMBIA DR,building_footprint_folio,nearest_footprint_within_35m,medium,,,pending_human_review,https://arcgis.tampagov.net/arcgis/rest/services/Parcels/TaxParcel/FeatureServer/0,2026-08-28T04:55:51+00:00
pal-aeca8c3970f843e3,tpa-30f00d8bdc76a1,mp-30c73d46da637567,113552.0000,A-20-29-18-3LA-000010-00015.0,206 S OCCIDENT ST,building_footprint_folio,nearest_footprint_within_35m,medium,,,pending_human_review,https://arcgis.tampagov.net/arcgis/rest/services/Parcels/TaxParcel/FeatureServer/0,2026-08-28T04:55:51+00:00
pal-d7c34702e27899a9,tpa-3172f6af3f5aaf,mp-19f8734d59b9b27d,152609.5000,A-32-28-19-48D-000000-00891.0,3601 E NORTH ST,building_footprint_folio,nearest_footprint_within_35m,medium,,,pending_human_review,https://arcgis.tampagov.net/arcgis/rest/services/Parcels/TaxParcel/FeatureServer/0,2026-08-28T04:55:51+00:00
pal-45ca04c100fec82a,tpa-31fe8a35f36f80,mp-6ad3aa844e3621ad,118575.0100,A-27-29-18-3QA-000004-00032.0,1510 S ARRAWANA AVE,building_footprint_folio,nearest_footprint_within_35m,medium,,,pending_human_review,https://arcgis.tampagov.net/arcgis/rest/services/Parcels/TaxParcel/FeatureServer/0,2026-08-28T04:55:51+00:00
pal-47be2fdb1a391b4e,tpa-3212f3cc3b2855,mp-d89345a5756946e5,110967.0020,A-17-29-18-ZZZ-000005-47620.2,2223 N WEST SHORE BLVD 400,building_footprint_folio,point_in_building_footprint,high,,,pending_human_review,https://arcgis.tampagov.net/arcgis/rest/services/Parcels/TaxParcel/FeatureServer/0,2026-08-28T04:55:51+00:00
pal-fe8ffe812a63afae,tpa-3274571af95bf9,mp-26965cc2c55d6d73,195933.0000,A-31-29-19-509-000090-00027.0,624 COLUMBIA DR,building_footprint_folio,nearest_footprint_within_35m,medium,,,pending_human_review,https://arcgis.tampagov.net/arcgis/rest/services/Parcels/TaxParcel/FeatureServer/0,2026-08-28T04:55:51+00:00
pal-bbefc8f7f22b9c76,tpa-32910abb18ee12,mp-6d33742c0e57f42d,195990.0000,A-36-29-18-509-000093-00014.0,613 BOSPHOROUS AVE,building_footprint_folio,point_in_building_footprint,high,,,pending_human_review,https://arcgis.tampagov.net/arcgis/rest/services/Parcels/TaxParcel/FeatureServer/0,2026-08-28T04:55:51+00:00
pal-d4abcbae9e636da8,tpa-32c1befb626c58,mp-3024b931e54beefd,124535.0000,A-33-29-18-3TS-000052-00007.0,4212 W SEVILLA ST,building_footprint_folio,nearest_footprint_within_35m,medium,,,pending_human_review,https://arcgis.tampagov.net/arcgis/rest/services/Parcels/TaxParcel/FeatureServer/0,2026-08-28T04:55:51+00:00
pal-ba3cc45da3358e6c,tpa-32ec774176436e,mp-4e772cf936fa0edd,155996.0000,A-05-29-19-4A2-000004-00013.0,2402 E IDA ST,building_footprint_folio,nearest_footprint_within_35m,medium,,,pending_human_review,https://arcgis.tampagov.net/arcgis/rest/services/Parcels/TaxParcel/FeatureServer/0,2026-08-28T04:55:51+00:00
pal-0d608f020e4662b1,tpa-32ffc4b6f6bf79,mp-8f66c4a33864940b,195009.0000,A-25-29-18-509-000010-00014.0,118 BOSPHOROUS AVE,building_footprint_folio,nearest_footprint_within_35m,medium,,,pending_human_review,https://arcgis.tampagov.net/arcgis/rest/services/Parcels/TaxParcel/FeatureServer/0,2026-08-28T04:55:51+00:00
pal-fbe0d98afd4023a4,tpa-330f0b3c19fb4a,mp-e437f52b7f6d88d2,122415.0000,A-32-29-18-3TG-000000-00012.0,4422 W EL PRADO BLVD,building_footprint_folio,point_in_building_footprint,high,,,pending_human_review,https://arcgis.tampagov.net/arcgis/rest/services/Parcels/TaxParcel/FeatureServer/0,2026-08-28T04:55:51+00:00
pal-c7d2c39d28c026be,tpa-3348c9b3d814c3,mp-9614834fe4a3ed8b,132537.0000,A-09-30-18-3Y8-000002-00014.0,4302 OKLAHOMA AVE,building_footprint_folio,nearest_footprint_within_35m,medium,,,pending_human_review,https://arcgis.tampagov.net/arcgis/rest/services/Parcels/TaxParcel/FeatureServer/0,2026-08-28T04:55:51+00:00
pal-a5696b084d2efb5f,tpa-33a93f3d1d359a,mp-b6ed4eeab68bc206,118988.0000,A-28-29-18-3QK-00012A-00009.0,3608 W LYKES AVE,building_footprint_folio,nearest_footprint_within_35m,medium,,,pending_human_review,https://arcgis.tampagov.net/arcgis/rest/services/Parcels/TaxParcel/FeatureServer/0,2026-08-28T04:55:51+00:00
pal-eaadc5ac34938919,tpa-33e82b0821cee9,mp-0ff43b51c35513eb,104940.0000,A-36-28-18-3H6-000006-00015.0,809 W HIAWATHA ST,building_footprint_folio,nearest_footprint_within_35m,medium,,,pending_human_review,https://arcgis.tampagov.net/arcgis/rest/services/Parcels/TaxParcel/FeatureServer/0,2026-08-28T04:55:51+00:00
pal-d491916efcbbdf14,tpa-33fc65115801d7,mp-072abdf4a89b23ff,136185.0000,A-15-30-18-40Z-000008-00002.0,2809 SANDERS DR,building_footprint_folio,nearest_footprint_within_35m,medium,,,pending_human_review,https://arcgis.tampagov.net/arcgis/rest/services/Parcels/TaxParcel/FeatureServer/0,2026-08-28T04:55:51+00:00
pal-9d4e6b9536979e8b,tpa-3474f9cdbe05bd,mp-5c4a03975116095d,122392.0000,A-32-29-18-3TF-000000-00161.0,4711 W EL PRADO BLVD,building_footprint_folio,point_in_building_footprint,high,,,pending_human_review,https://arcgis.tampagov.net/arcgis/rest/services/Parcels/TaxParcel/FeatureServer/0,2026-08-28T04:55:51+00:00
pal-fc162387a1270a6a,tpa-350650b6bcc790,mp-a53c6ef97ca6f695,94636.0000,A-18-29-18-ZZZ-000005-34540.0,3000 BAYPORT DR,building_footprint_folio,exact_address_nearby_footprint,high,,,pending_human_review,https://arcgis.tampagov.net/arcgis/rest/services/Parcels/TaxParcel/FeatureServer/0,2026-08-28T04:55:51+00:00
pal-dd6e4b05a4e4adc9,tpa-35547515486407,mp-fceea72528beaaed,129764.0000,A-04-30-18-3WV-000014-00001.0,4002 W KNIGHTS AVE,building_footprint_folio,point_in_building_footprint,high,,,pending_human_review,https://arcgis.tampagov.net/arcgis/rest/services/Parcels/TaxParcel/FeatureServer/0,2026-08-28T04:55:51+00:00
pal-1ebe7f8f8f772866,tpa-35b9b97f3d7227,mp-0633747ebca3c6aa,110967.0020,A-17-29-18-ZZZ-000005-47620.2,2223 N WEST SHORE BLVD 400,building_footprint_folio,point_in_building_footprint,high,,,pending_human_review,https://arcgis.tampagov.net/arcgis/rest/services/Parcels/TaxParcel/FeatureServer/0,2026-08-28T04:55:51+00:00
pal-ff79873de7e91626,tpa-360ec28e959ae1,mp-513f5e38b6c7219d,183398.0000,A-14-29-18-4S0-C00000-00017.0,703 W PARK AVE,building_footprint_folio,nearest_footprint_within_35m,medium,,,pending_human_review,https://arcgis.tampagov.net/arcgis/rest/services/Parcels/TaxParcel/FeatureServer/0,2026-08-28T04:55:51+00:00
pal-0e036fe9c892acfc,tpa-3618f2a543ed8a,mp-d200d3734e343717,114163.0000,A-20-29-18-3LB-000002-00001.0,5203 W NEPTUNE WAY,building_footprint_folio,point_in_building_footprint,high,,,pending_human_review,https://arcgis.tampagov.net/arcgis/rest/services/Parcels/TaxParcel/FeatureServer/0,2026-08-28T04:55:51+00:00
pal-f25549aeb6b62539,tpa-3639e1c15e99da,mp-7708b4366f386186,162178.0000,A-35-28-18-4EK-000008-00008.1,6009 ITHMAR AVE,building_footprint_folio,nearest_footprint_within_35m,medium,,,pending_human_review,https://arcgis.tampagov.net/arcgis/rest/services/Parcels/TaxParcel/FeatureServer/0,2026-08-28T04:55:51+00:00
pal-967a5a0c95419983,tpa-368d2eefb2dae5,mp-cefc4b108d04efe9,195286.0000,A-25-29-18-509-000029-00014.0,139 CHESAPEAKE AVE,building_footprint_folio,nearest_footprint_within_35m,medium,,,pending_human_review,https://arcgis.tampagov.net/arcgis/rest/services/Parcels/TaxParcel/FeatureServer/0,2026-08-28T04:55:51+00:00
pal-1ace0e51d467d9f0,tpa-36ad6041610976,mp-e6a7754657f52e61,132449.0000,,,building_footprint_folio,point_in_building_footprint,high,,,pending_human_review,https://arcgis.tampagov.net/arcgis/rest/services/OpenData/Location/MapServer/0,2026-08-28T04:55:51+00:00
pal-e10f2bdda111db1c,tpa-36b1ff81498193,mp-5ad2a75b8d7de9d3,162956.0000,A-36-28-18-4F5-000000-00015.0,6800 N RIVER BLVD,building_footprint_folio,point_in_building_footprint,high,,,pending_human_review,https://arcgis.tampagov.net/arcgis/rest/services/Parcels/TaxParcel/FeatureServer/0,2026-08-28T04:55:51+00:00
pal-d4447240885c0119,tpa-36b850bc5a14f3,mp-3d20d63007de7a87,143957.0000,A-18-28-19-452-000028-00025.0,1410 E CHILKOOT AVE,building_footprint_folio,exact_address_nearby_footprint,high,,,pending_human_review,https://arcgis.tampagov.net/arcgis/rest/services/Parcels/TaxParcel/FeatureServer/0,2026-08-28T04:55:51+00:00
pal-c0efea66120b658d,tpa-36fa8e42a8df45,mp-aa4632ee0e79cadc,139107.0050,A-20-30-18-42J-000191-00010.0,7416 S MORTON ST,building_footprint_folio,nearest_footprint_within_35m,medium,,,pending_human_review,https://arcgis.tampagov.net/arcgis/rest/services/Parcels/TaxParcel/FeatureServer/0,2026-08-28T04:55:51+00:00
pal-aac270632e348cbf,tpa-37038019f0d9c7,mp-0dd87e34a1b2cc9a,106396.0000,A-02-29-18-3HW-000000-00107.0,1534 W PARK LN,building_footprint_folio,point_in_building_footprint,high,,,pending_human_review,https://arcgis.tampagov.net/arcgis/rest/services/Parcels/TaxParcel/FeatureServer/0,2026-08-28T04:55:51+00:00
pal-d8a36df72ecd4f9c,tpa-374e0666a51aa2,mp-ea8466abf9ae120d,112811.0000,A-20-29-18-3KA-000000-00008.0,404 S BARBARA LN,building_footprint_folio,point_in_building_footprint,high,,,pending_human_review,https://arcgis.tampagov.net/arcgis/rest/services/Parcels/TaxParcel/FeatureServer/0,2026-08-28T04:55:51+00:00
pal-bbf94c6f4789754b,tpa-377d56d82eb830,mp-a02741e009e07cd3,102471.0000,A-26-28-18-3G5-000016-00016.0,7101 N COARSEY DR,building_footprint_folio,point_in_building_footprint,high,,,pending_human_review,https://arcgis.tampagov.net/arcgis/rest/services/Parcels/TaxParcel/FeatureServer/0,2026-08-28T04:55:51+00:00
pal-2c56ae1f9eba4724,tpa-37874cdc7a0bbb,mp-40a5fe45aeeb70a9,104959.0000,A-36-28-18-3H6-000008-00002.0,806 W MINNEHAHA ST,building_footprint_folio,nearest_footprint_within_35m,medium,,,pending_human_review,https://arcgis.tampagov.net/arcgis/rest/services/Parcels/TaxParcel/FeatureServer/0,2026-08-28T04:55:51+00:00
pal-3daa053a2ffaec24,tpa-379203eacfc71e,mp-c47756ed438eccb7,169288.0000,A-36-29-18-4J5-000062-00032.0,530 SEVERN AVE,building_footprint_folio,point_in_building_footprint,high,,,pending_human_review,https://arcgis.tampagov.net/arcgis/rest/services/Parcels/TaxParcel/FeatureServer/0,2026-08-28T04:55:51+00:00
pal-c8b1fadc6b05422c,tpa-37a87599ccecee,mp-5962602cdc3dd2a0,114679.0000,A-21-29-18-3LG-000020-00023.0,3823 W GRAY ST,building_footprint_folio,point_in_building_footprint,high,,,pending_human_review,https://arcgis.tampagov.net/arcgis/rest/services/Parcels/TaxParcel/FeatureServer/0,2026-08-28T04:55:51+00:00
pal-d73b183653d7d019,tpa-37b93274858f64,mp-91e8dcb8d607cdca,125688.0000,A-27-29-18-3U4-000014-00006.0,2912 W ANGELES ST,building_footprint_folio,nearest_footprint_within_35m,medium,,,pending_human_review,https://arcgis.tampagov.net/arcgis/rest/services/Parcels/TaxParcel/FeatureServer/0,2026-08-28T04:55:51+00:00
pal-3b0df8857c97c224,tpa-37dde4dcf4e0a7,mp-1a07c036b89968de,121030.0100,A-29-29-18-3SL-000024-00001.5,4806 W SAN MIGUEL ST,building_footprint_folio,nearest_footprint_within_35m,medium,,,pending_human_review,https://arcgis.tampagov.net/arcgis/rest/services/Parcels/TaxParcel/FeatureServer/0,2026-08-28T04:55:51+00:00
pal-d7948bc20b5226d1,tpa-37ec9be687a3f3,mp-54925d6c1fa69a4e,184387.0000,A-23-29-18-4SB-000004-00012.0,2008 W AZEELE ST,building_footprint_folio,nearest_footprint_within_35m,medium,,,pending_human_review,https://arcgis.tampagov.net/arcgis/rest/services/Parcels/TaxParcel/FeatureServer/0,2026-08-28T04:55:51+00:00
pal-f4f38492d7698942,tpa-38113668f154c0,mp-13c871a9d0658381,168522.0000,A-22-29-18-4IG-000004-00011.0,2707 W NORTH A ST,building_footprint_folio,nearest_footprint_within_35m,medium,,,pending_human_review,https://arcgis.tampagov.net/arcgis/rest/services/Parcels/TaxParcel/FeatureServer/0,2026-08-28T04:55:51+00:00
pal-df0bc78a7fe160de,tpa-3827636b923ac2,mp-9f74033d7ab372d6,119198.0000,A-28-29-18-3QQ-000000-00007.0,4116 W NEPTUNE ST,building_footprint_folio,point_in_building_footprint,high,,,pending_human_review,https://arcgis.tampagov.net/arcgis/rest/services/Parcels/TaxParcel/FeatureServer/0,2026-08-28T04:55:51+00:00
pal-17f379346e313218,tpa-38287c94c71e1a,mp-ddad4ea4cf95d853,125952.0000,A-34-29-18-3U4-000039-00017.0,3307 W BARCELONA ST,building_footprint_folio,nearest_footprint_within_35m,medium,,,pending_human_review,https://arcgis.tampagov.net/arcgis/rest/services/Parcels/TaxParcel/FeatureServer/0,2026-08-28T04:55:51+00:00
pal-561e6c81ab7d4584,tpa-3833bce745a422,mp-c3b6f6ad8a14a10b,195333.0000,A-36-29-18-509-000033-00019.0,360 BLANCA AVE,building_footprint_folio,nearest_footprint_within_35m,medium,,,pending_human_review,https://arcgis.tampagov.net/arcgis/rest/services/Parcels/TaxParcel/FeatureServer/0,2026-08-28T04:55:51+00:00
pal-3e65dc0ff0a3229b,tpa-3858df9ceb789f,mp-cb1d38b62142df59,133807.0000,A-09-30-18-3YP-000004-00003.0,5909 S COOLIDGE AVE,building_footprint_folio,point_in_building_footprint,high,,,pending_human_review,https://arcgis.tampagov.net/arcgis/rest/services/Parcels/TaxParcel/FeatureServer/0,2026-08-28T04:55:51+00:00
pal-9e6bc7282e497adb,tpa-385c72a6313f3b,mp-7573c6f9abf7bd3a,179468.0000,A-15-29-18-4PQ-000041-00017.0,2729 W SPRUCE ST,building_footprint_folio,nearest_footprint_within_35m,medium,,,pending_human_review,https://arcgis.tampagov.net/arcgis/rest/services/Parcels/TaxParcel/FeatureServer/0,2026-08-28T04:55:51+00:00
pal-5ec866321ac7424f,tpa-3874efd8d5b4cd,mp-9775574e0e231049,183398.0000,A-14-29-18-4S0-C00000-00017.0,703 W PARK AVE,building_footprint_folio,nearest_footprint_within_35m,medium,,,pending_human_review,https://arcgis.tampagov.net/arcgis/rest/services/Parcels/TaxParcel/FeatureServer/0,2026-08-28T04:55:51+00:00
pal-3087dfb4208a9d2f,tpa-38c8460b328285,mp-694b3132d01dda55,102429.0400,A-26-28-18-3G5-000014-00008.0,2106 W CRAWFORD ST,building_footprint_folio,nearest_footprint_within_35m,medium,,,pending_human_review,https://arcgis.tampagov.net/arcgis/rest/services/Parcels/TaxParcel/FeatureServer/0,2026-08-28T04:55:51+00:00
pal-ffd6cbb086941091,tpa-38ef233a1cd67a,mp-834cb5f3ba82045c,195824.0000,A-36-29-18-509-000071-00038.0,628 JAMAICA AVE,building_footprint_folio,point_in_building_footprint,high,,,pending_human_review,https://arcgis.tampagov.net/arcgis/rest/services/Parcels/TaxParcel/FeatureServer/0,2026-08-28T04:55:51+00:00
pal-3d5533b4d58e724c,tpa-3aa9c7d9a5ac81,mp-e85b480d5d82d7c8,134583.0000,A-10-30-18-3ZD-C00000-00020.0,2805 WALLACE AVE,building_footprint_folio,nearest_footprint_within_35m,medium,,,pending_human_review,https://arcgis.tampagov.net/arcgis/rest/services/Parcels/TaxParcel/FeatureServer/0,2026-08-28T04:55:51+00:00
pal-a3a56bba4a89d690,tpa-3aab97d5974e94,mp-6641538077c0c91a,127048.0100,A-34-29-18-3UN-000000-00070.1,3117 W EL PRADO BLVD,building_footprint_folio,nearest_footprint_within_35m,medium,,,pending_human_review,https://arcgis.tampagov.net/arcgis/rest/services/Parcels/TaxParcel/FeatureServer/0,2026-08-28T04:55:51+00:00
pal-5b0ddbfadfab4fd0,tpa-3acf8de4ea9c56,mp-2ed05471d8d9a92d,122521.0000,A-32-29-18-3TG-000000-00123.0,3631 S HESPERIDES ST,building_footprint_folio,point_in_building_footprint,high,,,pending_human_review,https://arcgis.tampagov.net/arcgis/rest/services/Parcels/TaxParcel/FeatureServer/0,2026-08-28T04:55:51+00:00
pal-1e709915ab863598,tpa-3ae1044fe73b15,mp-14fc7b6ebd9cdf4c,113638.0000,A-20-29-18-3LA-000017-00007.0,5014 S THE RIVIERA ST,building_footprint_folio,point_in_building_footprint,high,,,pending_human_review,https://arcgis.tampagov.net/arcgis/rest/services/Parcels/TaxParcel/FeatureServer/0,2026-08-28T04:55:51+00:00
pal-7714e7c762ef1b99,tpa-3ae48860549a6e,mp-de8e29eb8757595c,166273.0000,A-01-29-18-4GT-000031-00001.1,4204 N CENTRAL AVE,building_footprint_folio,nearest_footprint_within_35m,medium,,,pending_human_review,https://arcgis.tampagov.net/arcgis/rest/services/Parcels/TaxParcel/FeatureServer/0,2026-08-28T04:55:51+00:00
pal-8953238887f41b9a,tpa-3b09a6b592768f,mp-3ba1b0b0990ed4d3,108068.0000,A-04-29-18-3IP-000030-00022.0,4410 N CLARK AVE,building_footprint_folio,point_in_building_footprint,high,,,pending_human_review,https://arcgis.tampagov.net/arcgis/rest/services/Parcels/TaxParcel/FeatureServer/0,2026-08-28T04:55:51+00:00
pal-fdc9d04410f4c9e0,tpa-3b21cccb37f1d5,mp-49b41f93a8028a14,181694.0000,A-11-29-18-4QE-000009-00005.0,912 W BRADDOCK ST,building_footprint_folio,point_in_building_footprint,high,,,pending_human_review,https://arcgis.tampagov.net/arcgis/rest/services/Parcels/TaxParcel/FeatureServer/0,2026-08-28T04:55:51+00:00
pal-479688d4296cb295,tpa-3b85917bae436a,mp-9202b8f86f6bc426,126527.0000,A-34-29-18-3UI-000066-00002.0,3204 W SANTIAGO ST,building_footprint_folio,nearest_footprint_within_35m,medium,,,pending_human_review,https://arcgis.tampagov.net/arcgis/rest/services/Parcels/TaxParcel/FeatureServer/0,2026-08-28T04:55:51+00:00
pal-0bce9b77c390a4f0,tpa-3bcc0c2713c7a6,mp-6de9d7a655d1243e,136971.0000,A-16-30-18-ZZZ-000005-55050.0,4120 W MANGO AVE,building_footprint_folio,point_in_building_footprint,high,,,pending_human_review,https://arcgis.tampagov.net/arcgis/rest/services/Parcels/TaxParcel/FeatureServer/0,2026-08-28T04:55:51+00:00
pal-0d6e7e03df5b017c,tpa-3c1d55a6319bf8,mp-f4131ec3516a1e56,185323.0000,A-26-29-18-4TC-000004-00012.0,706 S EDISON AVE,building_footprint_folio,nearest_footprint_within_35m,medium,,,pending_human_review,https://arcgis.tampagov.net/arcgis/rest/services/Parcels/TaxParcel/FeatureServer/0,2026-08-28T04:55:51+00:00
pal-0c8e1188ff96af86,tpa-3c346e6bb0b02f,mp-39098079045ff011,195526.0000,A-36-29-18-509-000045-00033.0,488 SEVERN AVE,building_footprint_folio,nearest_footprint_within_35m,medium,,,pending_human_review,https://arcgis.tampagov.net/arcgis/rest/services/Parcels/TaxParcel/FeatureServer/0,2026-08-28T04:55:51+00:00
pal-c6c7ca59a60354da,tpa-3cf1a6cc7f74a8,mp-cb2e42c0b81b71e3,181102.0000,A-23-29-18-4Q7-000005-00003.0,1312 W LEMON ST,building_footprint_folio,nearest_footprint_within_35m,medium,,,pending_human_review,https://arcgis.tampagov.net/arcgis/rest/services/Parcels/TaxParcel/FeatureServer/0,2026-08-28T04:55:51+00:00
pal-bbf1dd6646b83241,tpa-3cf3eb9d357546,mp-e5418a2ca4b65af2,123244.0000,A-33-29-18-3TP-000011-00007.0,3714 W PALMIRA AVE,building_footprint_folio,point_in_building_footprint,high,,,pending_human_review,https://arcgis.tampagov.net/arcgis/rest/services/Parcels/TaxParcel/FeatureServer/0,2026-08-28T04:55:51+00:00
pal-86290701a461976e,tpa-3cf4dfd38f377f,mp-817318c50e190170,119948.0000,A-28-29-18-3RL-000000-00041.0,3906 W SAN OBISPO ST,building_footprint_folio,nearest_footprint_within_35m,medium,,,pending_human_review,https://arcgis.tampagov.net/arcgis/rest/services/Parcels/TaxParcel/FeatureServer/0,2026-08-28T04:55:51+00:00
pal-1f498fcd83c50cee,tpa-3d06c7470d2ddd,mp-4100ff692a017d61,131376.0000,A-08-30-18-3XE-000005-00013.0,4726 W TRILBY AVE,building_footprint_folio,nearest_footprint_within_35m,medium,,,pending_human_review,https://arcgis.tampagov.net/arcgis/rest/services/Parcels/TaxParcel/FeatureServer/0,2026-08-28T04:55:51+00:00
pal-8fe87a3dae2fe4ae,tpa-3d12fedb001d91,mp-bd4bb9922bb81fb4,168522.0000,A-22-29-18-4IG-000004-00011.0,2707 W NORTH A ST,building_footprint_folio,nearest_footprint_within_35m,medium,,,pending_human_review,https://arcgis.tampagov.net/arcgis/rest/services/Parcels/TaxParcel/FeatureServer/0,2026-08-28T04:55:51+00:00
pal-ef29536f2b1d2822,tpa-3df077988e2f4d,mp-46e614076f126937,163192.0000,A-36-28-18-4FA-000000-00167.0,102 E NORTH ST,building_footprint_folio,nearest_footprint_within_35m,medium,,,pending_human_review,https://arcgis.tampagov.net/arcgis/rest/services/Parcels/TaxParcel/FeatureServer/0,2026-08-28T04:55:51+00:00
pal-c00fb61f97ba99ef,tpa-3e5f40439bd6cb,mp-d548646eb2ca40c1,130257.0000,A-05-30-18-3X4-000009-00011.0,4626 W BAY CT AVE,building_footprint_folio,point_in_building_footprint,high,,,pending_human_review,https://arcgis.tampagov.net/arcgis/rest/services/Parcels/TaxParcel/FeatureServer/0,2026-08-28T04:55:51+00:00
pal-59db8e38f32aa422,tpa-3e657b6d6cfb4e,mp-a55d2fa168acc833,126580.0000,A-34-29-18-3UI-000073-00007.0,3214 W SAN JUAN ST,building_footprint_folio,nearest_footprint_within_35m,medium,,,pending_human_review,https://arcgis.tampagov.net/arcgis/rest/services/Parcels/TaxParcel/FeatureServer/0,2026-08-28T04:55:51+00:00
pal-4bf71dd728011cfd,tpa-3e95fb852d13bb,mp-cb2e125c6f2b9763,195392.0000,A-36-29-18-509-000039-00010.0,456 MARMORA AVE,building_footprint_folio,point_in_building_footprint,high,,,pending_human_review,https://arcgis.tampagov.net/arcgis/rest/services/Parcels/TaxParcel/FeatureServer/0,2026-08-28T04:55:51+00:00
pal-e8bf1d1db3b2930c,tpa-3f2e094f9ede8c,mp-0b6e6b26a3e8f36a,169525.0000,A-30-28-19-4J8-000000-00015.0,9 HAMILTON HEATH DR,building_footprint_folio,nearest_footprint_within_35m,medium,,,pending_human_review,https://arcgis.tampagov.net/arcgis/rest/services/Parcels/TaxParcel/FeatureServer/0,2026-08-28T04:55:51+00:00
pal-2ddbaf1542724dbb,tpa-3f9cab2551feaf,mp-44ebef7df6bf2e8d,195682.0000,A-36-29-18-509-000054-00015.0,498 LUCERNE AVE,building_footprint_folio,point_in_building_footprint,high,,,pending_human_review,https://arcgis.tampagov.net/arcgis/rest/services/Parcels/TaxParcel/FeatureServer/0,2026-08-28T04:55:51+00:00
pal-07fc849c77ad1cc9,tpa-4065054208e488,mp-fa9f19c68dd04efe,173219.0000,A-07-29-19-4MK-000002-00006.0,3515 N 9TH ST,building_footprint_folio,nearest_footprint_within_35m,medium,,,pending_human_review,https://arcgis.tampagov.net/arcgis/rest/services/Parcels/TaxParcel/FeatureServer/0,2026-08-28T04:55:51+00:00
pal-7b92860282b37d8a,tpa-40afd2461bdbb8,mp-0abf58559748dd5c,183059.0000,,,building_footprint_folio,nearest_footprint_within_35m,medium,,,pending_human_review,https://arcgis.tampagov.net/arcgis/rest/services/Parcels/TaxParcel/FeatureServer/0,2026-08-28T04:55:51+00:00
pal-ffb553e8b70c09f9,tpa-40b56bd4eb1b2d,mp-f7f7e01cff9fcb42,98671.0000,A-23-28-18-3E9-000018-00024.0,8917 N WILLOW AVE,building_footprint_folio,nearest_footprint_within_35m,medium,,,pending_human_review,https://arcgis.tampagov.net/arcgis/rest/services/Parcels/TaxParcel/FeatureServer/0,2026-08-28T04:55:51+00:00
pal-a84d3ddc95834323,tpa-41674188851955,mp-a3e5be4437256708,117697.0000,A-27-29-18-3PJ-000001-00012.0,2517 W MARYLAND AVE,building_footprint_folio,point_in_building_footprint,high,,,pending_human_review,https://arcgis.tampagov.net/arcgis/rest/services/Parcels/TaxParcel/FeatureServer/0,2026-08-28T04:55:51+00:00
pal-c599740485255f7a,tpa-4223c0a7145e64,mp-15d5cd6ef29e71d5,195324.0000,A-36-29-18-509-000033-00003.0,424 W DAVIS BLVD,building_footprint_folio,point_in_building_footprint,high,,,pending_human_review,https://arcgis.tampagov.net/arcgis/rest/services/Parcels/TaxParcel/FeatureServer/0,2026-08-28T04:55:51+00:00
pal-9847b026f56584bc,tpa-42acf09b565f0e,mp-a50de8e54ee4c81e,184520.0000,A-23-29-18-4SJ-000002-00001.0,202 S ROME AVE,building_footprint_folio,point_in_building_footprint,high,,,pending_human_review,https://arcgis.tampagov.net/arcgis/rest/services/Parcels/TaxParcel/FeatureServer/0,2026-08-28T04:55:51+00:00
pal-5a1f8e147de72727,tpa-4315e871a7f00f,mp-58e2011e92357a28,181845.0000,A-11-29-18-4QE-000017-00017.0,811 W WARREN AVE,building_footprint_folio,nearest_footprint_within_35m,medium,,,pending_human_review,https://arcgis.tampagov.net/arcgis/rest/services/Parcels/TaxParcel/FeatureServer/0,2026-08-28T04:55:51+00:00
pal-9bfd4fc804811708,tpa-4337f7104d8fdc,mp-c587e7989c76eec3,161860.0000,A-25-28-18-4EB-000000-00018.0,7106 N DUNCAN AVE,building_footprint_folio,point_in_building_footprint,high,,,pending_human_review,https://arcgis.tampagov.net/arcgis/rest/services/Parcels/TaxParcel/FeatureServer/0,2026-08-28T04:55:51+00:00
pal-c00ba8c3a2f6eb43,tpa-439c74811140ba,mp-6201a1ff6583f807,169094.0125,A-22-29-18-4IZ-000001-00008.0,210 N MACDILL AVE,building_footprint_folio,nearest_footprint_within_35m,medium,,,pending_human_review,https://arcgis.tampagov.net/arcgis/rest/services/Parcels/TaxParcel/FeatureServer/0,2026-08-28T04:55:51+00:00
pal-b3d3fc0f7b114fa6,tpa-43e396bdb6a253,mp-37befe494a3e8c8f,120833.1106,A-29-29-18-3SJ-000000-00050.0,4923 ANDROS DR,building_footprint_folio,nearest_footprint_within_35m,medium,,,pending_human_review,https://arcgis.tampagov.net/arcgis/rest/services/Parcels/TaxParcel/FeatureServer/0,2026-08-28T04:55:51+00:00
pal-c7e7bcb2bd991b0d,tpa-444c37bb98ead6,mp-24b5d2be5617402b,124048.0100,A-33-29-18-3TR-000017-00009.0,4218 W SANTIAGO ST,building_footprint_folio,point_in_building_footprint,high,,,pending_human_review,https://arcgis.tampagov.net/arcgis/rest/services/Parcels/TaxParcel/FeatureServer/0,2026-08-28T04:55:51+00:00
pal-902eac2d5315be2a,tpa-4543a98324861f,mp-4fb884d2ea9f931a,113216.0000,A-20-29-18-3L2-000005-00016.0,208 S GARDENIA AVE,building_footprint_folio,nearest_footprint_within_35m,medium,,,pending_human_review,https://arcgis.tampagov.net/arcgis/rest/services/Parcels/TaxParcel/FeatureServer/0,2026-08-28T04:55:51+00:00
pal-333e38a14a89fc6f,tpa-454f1f3ea8406d,mp-c29ba35f247286a9,100794.0000,A-25-28-18-3ET-000003-00016.0,8106 N LYNN AVE,building_footprint_folio,point_in_building_footprint,high,,,pending_human_review,https://arcgis.tampagov.net/arcgis/rest/services/Parcels/TaxParcel/FeatureServer/0,2026-08-28T04:55:51+00:00
pal-f610e333cba79aa9,tpa-4571bc38109543,mp-ab26ef2cb6241999,95002.0200,A-13-28-18-ZZZ-000005-36090.0,11309 N OLA AVE,building_footprint_folio,point_in_building_footprint,high,,,pending_human_review,https://arcgis.tampagov.net/arcgis/rest/services/Parcels/TaxParcel/FeatureServer/0,2026-08-28T04:55:51+00:00
pal-7ee6c22c9ab4d052,tpa-457de4f98b1664,mp-8c3369f06caa8dab,123553.0000,A-33-29-18-3TP-000037-00007.0,3614 W SANTIAGO ST,building_footprint_folio,nearest_footprint_within_35m,medium,,,pending_human_review,https://arcgis.tampagov.net/arcgis/rest/services/Parcels/TaxParcel/FeatureServer/0,2026-08-28T04:55:51+00:00
pal-d7ec1a289456d57a,tpa-45807971f6c8ba,mp-dd7f58c5b69f7ddb,127582.0000,A-03-30-18-3VG-000006-00009.0,3302 W LAWN AVE,building_footprint_folio,nearest_footprint_within_35m,medium,,,pending_human_review,https://arcgis.tampagov.net/arcgis/rest/services/Parcels/TaxParcel/FeatureServer/0,2026-08-28T04:55:51+00:00
pal-241cd3ec8c027f96,tpa-459c678f1d03c1,mp-515954271c96f0d7,178432.0000,A-14-29-18-4PO-000007-00001.0,1106 N OREGON AVE 10,building_footprint_folio,nearest_footprint_within_35m,medium,,,pending_human_review,https://arcgis.tampagov.net/arcgis/rest/services/Parcels/TaxParcel/FeatureServer/0,2026-08-28T04:55:51+00:00
pal-dc801ca99dda7c80,tpa-459e76a973db5e,mp-d327e08f54b86a9a,114678.0000,A-21-29-18-3LG-000020-00022.0,3821 W GRAY ST,building_footprint_folio,point_in_building_footprint,high,,,pending_human_review,https://arcgis.tampagov.net/arcgis/rest/services/Parcels/TaxParcel/FeatureServer/0,2026-08-28T04:55:51+00:00
pal-165e47a28ac1a89a,tpa-45a0537d6e584f,mp-e17201d8323d1b0b,59400.1090,A-16-27-20-22I-000008-00010.0,10220 THICKET POINT WAY,building_footprint_folio,nearest_footprint_within_35m,medium,,,pending_human_review,https://arcgis.tampagov.net/arcgis/rest/services/Parcels/TaxParcel/FeatureServer/0,2026-08-28T04:55:51+00:00
pal-63d82068b69f383c,tpa-45c5f52620299f,mp-2596d937a6c368c9,136124.0000,A-15-30-18-40Z-000004-00005.0,2802 W FOSTER AVE,building_footprint_folio,nearest_footprint_within_35m,medium,,,pending_human_review,https://arcgis.tampagov.net/arcgis/rest/services/Parcels/TaxParcel/FeatureServer/0,2026-08-28T04:55:51+00:00
pal-8e1d4935611a906a,tpa-45f3ec1be263ed,mp-2c7c4ac12665930e,194963.0005,A-25-29-18-509-000007-00029.0,128 ADRIATIC AVE,building_footprint_folio,nearest_footprint_within_35m,medium,,,pending_human_review,https://arcgis.tampagov.net/arcgis/rest/services/Parcels/TaxParcel/FeatureServer/0,2026-08-28T04:55:51+00:00
pal-100be760ea4aef6b,tpa-46411d97dd91d5,mp-cf6dd0821f52c5a4,139140.0000,A-20-30-18-42J-000193-00016.0,7502 S GERMER ST,building_footprint_folio,nearest_footprint_within_35m,medium,,,pending_human_review,https://arcgis.tampagov.net/arcgis/rest/services/Parcels/TaxParcel/FeatureServer/0,2026-08-28T04:55:51+00:00
pal-7aba4deabb8fec61,tpa-46720b23e3764e,mp-c5d96b6996cb8697,156791.0000,A-05-29-19-4AP-000000-00023.0,2411 E 38TH AVE,building_footprint_folio,nearest_footprint_within_35m,medium,,,pending_human_review,https://arcgis.tampagov.net/arcgis/rest/services/Parcels/TaxParcel/FeatureServer/0,2026-08-28T04:55:51+00:00
pal-95e97c666268ab55,tpa-46f2d75faddf5f,mp-2869ef156d203738,121810.0000,A-32-29-18-3T7-000020-00009.0,4818 W SAN JOSE ST,building_footprint_folio,nearest_footprint_within_35m,medium,,,pending_human_review,https://arcgis.tampagov.net/arcgis/rest/services/Parcels/TaxParcel/FeatureServer/0,2026-08-28T04:55:51+00:00
pal-e28a13381ef6347e,tpa-47001d0f806223,mp-ce88d51a4a78cdef,121002.0000,A-29-29-18-3SL-000019-00002.7,2115 S WEST SHORE BLVD,building_footprint_folio,point_in_building_footprint,high,,,pending_human_review,https://arcgis.tampagov.net/arcgis/rest/services/Parcels/TaxParcel/FeatureServer/0,2026-08-28T04:55:51+00:00
pal-b76af54613ed13fa,tpa-47521b98fde6e1,mp-495243301f9abaaf,124405.0000,A-33-29-18-3TS-000041-00014.0,4307 W LEONA ST,building_footprint_folio,point_in_building_footprint,high,,,pending_human_review,https://arcgis.tampagov.net/arcgis/rest/services/Parcels/TaxParcel/FeatureServer/0,2026-08-28T04:55:51+00:00
pal-fb5663cf83b72131,tpa-4783da293c0f66,mp-5260154dab879ff4,113693.0000,A-29-29-18-3LA-000019-00014.0,4530 W BEACHWAY DR,building_footprint_folio,point_in_building_footprint,high,,,pending_human_review,https://arcgis.tampagov.net/arcgis/rest/services/Parcels/TaxParcel/FeatureServer/0,2026-08-28T04:55:51+00:00
pal-4f1e8dac25204daa,tpa-4790444b10d1da,mp-dae30d8882e959c8,125419.0000,A-33-29-18-3U3-000005-00010.0,3822 W CORONA ST,building_footprint_folio,nearest_footprint_within_35m,medium,,,pending_human_review,https://arcgis.tampagov.net/arcgis/rest/services/Parcels/TaxParcel/FeatureServer/0,2026-08-28T04:55:51+00:00
pal-70312c63468d3d18,tpa-47a7ff4e6e16f4,mp-713679d0cc5622e3,182051.0000,A-11-29-18-4QH-000000-00016.0,710 W HARLAN ST,building_footprint_folio,nearest_footprint_within_35m,medium,,,pending_human_review,https://arcgis.tampagov.net/arcgis/rest/services/Parcels/TaxParcel/FeatureServer/0,2026-08-28T04:55:51+00:00
pal-2525519807fd4df4,tpa-47caab8a1599c7,mp-1a3d1eb500e60443,135769.1166,A-10-30-18-73Q-000000-00023.0,3318 LAS CAMPOS PL,building_footprint_folio,nearest_footprint_within_35m,medium,,,pending_human_review,https://arcgis.tampagov.net/arcgis/rest/services/Parcels/TaxParcel/FeatureServer/0,2026-08-28T04:55:51+00:00
pal-388ff9245b70a2d9,tpa-47f42c6c6bfc35,mp-79b19116c6577873,126563.0100,A-34-29-18-3UI-000072-00008.0,3316 W SAN JUAN ST,building_footprint_folio,nearest_footprint_within_35m,medium,,,pending_human_review,https://arcgis.tampagov.net/arcgis/rest/services/Parcels/TaxParcel/FeatureServer/0,2026-08-28T04:55:51+00:00
pal-ed89c64138e6c229,tpa-4824e277924415,mp-5473ac4d4518a1c6,121482.0000,A-32-29-18-3T6-000000-00008.0,5002 W DICKENS AVE,building_footprint_folio,point_in_building_footprint,high,,,pending_human_review,https://arcgis.tampagov.net/arcgis/rest/services/Parcels/TaxParcel/FeatureServer/0,2026-08-28T04:55:51+00:00
pal-5ab2f5a143423eb2,tpa-488809dc299db3,mp-1926ffc78347471d,98052.0000,A-23-28-18-3DS-A00000-00002.0,2128 W SEWAHA ST,building_footprint_folio,point_in_building_footprint,high,,,pending_human_review,https://arcgis.tampagov.net/arcgis/rest/services/Parcels/TaxParcel/FeatureServer/0,2026-08-28T04:55:51+00:00
pal-53b18d949679317d,tpa-48cd07612437d7,mp-d3ae74794d6b818b,169377.0000,A-36-29-18-4J6-C00000-00003.0,565 RHINE AVE,building_footprint_folio,nearest_footprint_within_35m,medium,,,pending_human_review,https://arcgis.tampagov.net/arcgis/rest/services/Parcels/TaxParcel/FeatureServer/0,2026-08-28T04:55:51+00:00
pal-8015d206faa4f453,tpa-48d9713e1c0512,mp-7f2d50610ea57134,106509.0000,A-03-29-18-ZZZ-000005-44140.0,4701 N HIMES AVE,building_footprint_folio,exact_address_nearby_footprint,high,,,pending_human_review,https://arcgis.tampagov.net/arcgis/rest/services/Parcels/TaxParcel/FeatureServer/0,2026-08-28T04:55:51+00:00
pal-5e9d3201d5ac4b42,tpa-48e2b72ae0d7c3,mp-d459abd5d7ad78ca,133960.0000,A-09-30-18-3YR-000000-00050.3,4114 OKLAHOMA AVE,building_footprint_folio,nearest_footprint_within_35m,medium,,,pending_human_review,https://arcgis.tampagov.net/arcgis/rest/services/Parcels/TaxParcel/FeatureServer/0,2026-08-28T04:55:51+00:00
pal-1a8c9d73d12cfc3d,tpa-495d9bd705a25f,mp-11966c76ea50858a,163304.0000,A-36-28-18-4FA-000000-00298.0,310 E HANNA AVE,building_footprint_folio,nearest_footprint_within_35m,medium,,,pending_human_review,https://arcgis.tampagov.net/arcgis/rest/services/Parcels/TaxParcel/FeatureServer/0,2026-08-28T04:55:51+00:00
pal-6f031bc7536f84f2,tpa-49869351fbf811,mp-190bfe40654034a5,121931.0000,A-32-29-18-3T7-000029-00004.0,5008 W LONGFELLOW AVE,building_footprint_folio,nearest_footprint_within_35m,medium,,,pending_human_review,https://arcgis.tampagov.net/arcgis/rest/services/Parcels/TaxParcel/FeatureServer/0,2026-08-28T04:55:51+00:00
pal-df818d3ae4dfddef,tpa-498f7dbd762b3f,mp-c3b7f1bdab68be31,173365.0000,A-07-29-19-4MR-000000-00001.0,1313 E 29TH AVE,building_footprint_folio,nearest_footprint_within_35m,medium,,,pending_human_review,https://arcgis.tampagov.net/arcgis/rest/services/Parcels/TaxParcel/FeatureServer/0,2026-08-28T04:55:51+00:00
pal-7a15786d46c81199,tpa-49beb81a4f0bbc,mp-9d9fed75d1338886,123042.0000,A-32-29-18-3TN-000010-00002.0,3603 S LIGHTNER DR,building_footprint_folio,nearest_footprint_within_35m,medium,,,pending_human_review,https://arcgis.tampagov.net/arcgis/rest/services/Parcels/TaxParcel/FeatureServer/0,2026-08-28T04:55:51+00:00
pal-3227407adeba7250,tpa-49e80e51163e4f,mp-7278b7c53395dd33,198321.0000,A-18-29-19-51B-000001-00016.0,930 11TH AVE,building_footprint_folio,nearest_footprint_within_35m,medium,,,pending_human_review,https://arcgis.tampagov.net/arcgis/rest/services/Parcels/TaxParcel/FeatureServer/0,2026-08-28T04:55:51+00:00
pal-f8627e0a539b303f,tpa-4a1872cabd5b40,mp-a7c66d184bc576d5,176542.0000,A-10-29-18-4OR-000031-00003.0,3008 W BRADDOCK ST,building_footprint_folio,nearest_footprint_within_35m,medium,,,pending_human_review,https://arcgis.tampagov.net/arcgis/rest/services/Parcels/TaxParcel/FeatureServer/0,2026-08-28T04:55:51+00:00
pal-f5f7b8991bdf2af6,tpa-4a2fcaec359384,mp-07d240fa2f93d407,146619.0000,A-30-28-19-45M-000038-00008.0,8203 N BROOKS ST,building_footprint_folio,nearest_footprint_within_35m,medium,,,pending_human_review,https://arcgis.tampagov.net/arcgis/rest/services/Parcels/TaxParcel/FeatureServer/0,2026-08-28T04:55:51+00:00
pal-7a9222af450316ab,tpa-4a8beea796f9ae,mp-cd1896871e3f6ad2,114897.0000,A-21-29-18-3LJ-000006-00015.0,4205 W NORTH B ST,building_footprint_folio,nearest_footprint_within_35m,medium,,,pending_human_review,https://arcgis.tampagov.net/arcgis/rest/services/Parcels/TaxParcel/FeatureServer/0,2026-08-28T04:55:51+00:00
pal-95ea4179941c0e8b,tpa-4aba01c5b74260,mp-9137a480aaadf5c7,113793.0000,A-20-29-18-3LA-000026-00006.0,4604 W BEACH PARK DR,building_footprint_folio,point_in_building_footprint,high,,,pending_human_review,https://arcgis.tampagov.net/arcgis/rest/services/Parcels/TaxParcel/FeatureServer/0,2026-08-28T04:55:51+00:00
pal-aa397457c6d809ef,tpa-4ae47cd42ce59c,mp-3d8bf4eb643789dc,177614.0000,A-14-29-18-4PB-000015-00015.0,2603 N ALBANY AVE,building_footprint_folio,nearest_footprint_within_35m,medium,,,pending_human_review,https://arcgis.tampagov.net/arcgis/rest/services/Parcels/TaxParcel/FeatureServer/0,2026-08-28T04:55:51+00:00
pal-8bb06344f46fbebb,tpa-4afda99e27baac,mp-e712260879611a11,139316.1462,A-17-30-18-918-000000-00021.0,4853 W PRESCOTT ST,building_footprint_folio,nearest_footprint_within_35m,medium,,,pending_human_review,https://arcgis.tampagov.net/arcgis/rest/services/Parcels/TaxParcel/FeatureServer/0,2026-08-28T04:55:51+00:00
pal-7b202df842d7673e,tpa-4b020af109acdb,mp-8eb24fcc02ec72ed,144447.0000,A-19-28-19-454-000026-00012.1,1906 E 97TH AVE,building_footprint_folio,nearest_footprint_within_35m,medium,,,pending_human_review,https://arcgis.tampagov.net/arcgis/rest/services/Parcels/TaxParcel/FeatureServer/0,2026-08-28T04:55:51+00:00
pal-b411fcc0e2fc80d5,tpa-4c491c74bbd352,mp-afbcf0e5405a3f85,117963.0000,A-27-29-18-3Q1-000011-00001.0,801 S WOODLYN DR,building_footprint_folio,nearest_footprint_within_35m,medium,,,pending_human_review,https://arcgis.tampagov.net/arcgis/rest/services/Parcels/TaxParcel/FeatureServer/0,2026-08-28T04:55:51+00:00
pal-646b003cf04e914a,tpa-4c69fbae4aefed,mp-4c8a6cdfb7d1af7a,146417.0000,A-30-28-19-45M-000023-00001.0,8319 N 11TH ST,building_footprint_folio,nearest_footprint_within_35m,medium,,,pending_human_review,https://arcgis.tampagov.net/arcgis/rest/services/Parcels/TaxParcel/FeatureServer/0,2026-08-28T04:55:51+00:00
pal-0eadf3365b902270,tpa-4c877d1b40de87,mp-32eb6f09979a8ceb,127582.0000,A-03-30-18-3VG-000006-00009.0,3302 W LAWN AVE,building_footprint_folio,nearest_footprint_within_35m,medium,,,pending_human_review,https://arcgis.tampagov.net/arcgis/rest/services/Parcels/TaxParcel/FeatureServer/0,2026-08-28T04:55:51+00:00
pal-73eaf6a3c0f08882,tpa-4caec9bd209542,mp-8bf553507ba036b1,122304.0000,A-32-29-18-3TF-000000-00072.0,4708 W EUCLID AVE,building_footprint_folio,nearest_footprint_within_35m,medium,,,pending_human_review,https://arcgis.tampagov.net/arcgis/rest/services/Parcels/TaxParcel/FeatureServer/0,2026-08-28T04:55:51+00:00
pal-9b4fba54f7bb8725,tpa-4cf88b2ceaec69,mp-af916736f0bef49c,139198.0100,A-20-30-18-42J-000206-00019.0,4708 W RICHARDSON AVE,building_footprint_folio,point_in_building_footprint,high,,,pending_human_review,https://arcgis.tampagov.net/arcgis/rest/services/Parcels/TaxParcel/FeatureServer/0,2026-08-28T04:55:51+00:00
pal-06189a560340b581,tpa-4cfa2d4d931d5d,mp-73c264603a9301a5,121502.0000,A-32-29-18-3T7-000001-00016.0,4702 W SAN JOSE ST,building_footprint_folio,point_in_building_footprint,high,,,pending_human_review,https://arcgis.tampagov.net/arcgis/rest/services/Parcels/TaxParcel/FeatureServer/0,2026-08-28T04:55:51+00:00
pal-c3139c54e1bb24e1,tpa-4d413d6be3cbf7,mp-144a466c4f2d03de,163625.0000,A-36-28-18-4FB-000000-00694.0,201 W LAMBRIGHT ST,building_footprint_folio,nearest_footprint_within_35m,medium,,,pending_human_review,https://arcgis.tampagov.net/arcgis/rest/services/Parcels/TaxParcel/FeatureServer/0,2026-08-28T04:55:51+00:00
pal-c8015ae9faf21333,tpa-4d57ac68027b86,mp-9a3fe757db61db66,195460.0000,A-36-29-18-509-000042-00056.0,14 LADOGA AVE,building_footprint_folio,point_in_building_footprint,high,,,pending_human_review,https://arcgis.tampagov.net/arcgis/rest/services/Parcels/TaxParcel/FeatureServer/0,2026-08-28T04:55:51+00:00
pal-90378a7003d089fd,tpa-4d808296c5f713,mp-7a5ff77e6d9caf3e,182213.0000,A-12-29-18-4QN-000004-00003.0,3112 N FLORIDA AVE,building_footprint_folio,nearest_footprint_within_35m,medium,,,pending_human_review,https://arcgis.tampagov.net/arcgis/rest/services/Parcels/TaxParcel/FeatureServer/0,2026-08-28T04:55:51+00:00
pal-94f20b4ba01776eb,tpa-4d8f5eaa4d6872,mp-84d3f2271ae1ae62,117480.0120,A-27-29-18-3OY-000021-00005.1,2525 BAYSHORE BLVD B,building_footprint_folio,point_in_building_footprint,high,,,pending_human_review,https://arcgis.tampagov.net/arcgis/rest/services/Parcels/TaxParcel/FeatureServer/0,2026-08-28T04:55:51+00:00
pal-d41432d521264375,tpa-4d9b2a00b87ac3,mp-c17ea2391fc3b751,143199.0000,A-17-28-19-44D-000006-00015.0,10208 N 28TH ST,building_footprint_folio,nearest_footprint_within_35m,medium,,,pending_human_review,https://arcgis.tampagov.net/arcgis/rest/services/Parcels/TaxParcel/FeatureServer/0,2026-08-28T04:55:51+00:00
pal-6b7f5d7289e0756b,tpa-4e4200d9fbcd99,mp-f1f8beee3fd7fd60,113841.0000,A-20-29-18-3LA-000032-00003.0,4508 W AZEELE ST,building_footprint_folio,point_in_building_footprint,high,,,pending_human_review,https://arcgis.tampagov.net/arcgis/rest/services/Parcels/TaxParcel/FeatureServer/0,2026-08-28T04:55:51+00:00
pal-7a5c319385dc95ce,tpa-4e7e46c0d9d4e5,mp-4571f5ab0322dd85,186018.0000,A-26-29-18-4U2-000006-00003.0,905 S PACKWOOD AVE,building_footprint_folio,point_in_building_footprint,high,,,pending_human_review,https://arcgis.tampagov.net/arcgis/rest/services/Parcels/TaxParcel/FeatureServer/0,2026-08-28T04:55:51+00:00
pal-eef7fd52794c2af4,tpa-4eb68642e6ac34,mp-4ed9122eab982cc4,180751.0000,A-15-29-18-4Q1-000005-00010.0,2903 W NASSAU ST,building_footprint_folio,nearest_footprint_within_35m,medium,,,pending_human_review,https://arcgis.tampagov.net/arcgis/rest/services/Parcels/TaxParcel/FeatureServer/0,2026-08-28T04:55:51+00:00
pal-d96f6067cc8802a5,tpa-4f131f3b66608e,mp-3ace9e32d9870d18,137810.0020,A-16-30-18-9Q1-000000-00005.0,7712 LANDCARE LN,building_footprint_folio,nearest_footprint_within_35m,medium,,,pending_human_review,https://arcgis.tampagov.net/arcgis/rest/services/Parcels/TaxParcel/FeatureServer/0,2026-08-28T04:55:51+00:00
pal-2321ab483fa2b5f5,tpa-4f2649f98ec799,mp-8ff16c97aac456b4,134457.1020,A-10-30-18-3Z8-000001-00010.0,5301 PEARL CT,building_footprint_folio,nearest_footprint_within_35m,medium,,,pending_human_review,https://arcgis.tampagov.net/arcgis/rest/services/Parcels/TaxParcel/FeatureServer/0,2026-08-28T04:55:51+00:00
pal-d560d5a701d05439,tpa-4f33c4c2d12617,mp-91e746d79dc54575,123647.0000,A-33-29-18-3TP-000043-00017.0,3711 W SAN PEDRO ST,building_footprint_folio,nearest_footprint_within_35m,medium,,,pending_human_review,https://arcgis.tampagov.net/arcgis/rest/services/Parcels/TaxParcel/FeatureServer/0,2026-08-28T04:55:51+00:00
pal-0ebc40e5fec312bc,tpa-4f39ef68ddbe3f,mp-8e9afa7bf235615d,181672.0005,A-11-29-18-4QE-000006-00022.0,905 W BRADDOCK ST,building_footprint_folio,nearest_footprint_within_35m,medium,,,pending_human_review,https://arcgis.tampagov.net/arcgis/rest/services/Parcels/TaxParcel/FeatureServer/0,2026-08-28T04:55:51+00:00
pal-8b68b992b9700a01,tpa-4f57106add2fad,mp-35448752d37b936b,171404.0000,A-06-29-19-4KO-000000-00004.0,1204 MCBERRY ST,building_footprint_folio,nearest_footprint_within_35m,medium,,,pending_human_review,https://arcgis.tampagov.net/arcgis/rest/services/Parcels/TaxParcel/FeatureServer/0,2026-08-28T04:55:51+00:00
pal-c03cc72616f2154f,tpa-4f574427412a2e,mp-e8b55babf42769cf,131854.0000,A-08-30-18-3XI-000004-00004.0,4726 W IOWA AVE,building_footprint_folio,nearest_footprint_within_35m,medium,,,pending_human_review,https://arcgis.tampagov.net/arcgis/rest/services/Parcels/TaxParcel/FeatureServer/0,2026-08-28T04:55:51+00:00
pal-b1959269451d73fd,tpa-4fb3c875f7fd4c,mp-286124e3087b0ce3,117206.0000,A-23-29-18-3OF-000002-00008.0,216 S ARMENIA AVE,building_footprint_folio,point_in_building_footprint,high,,,pending_human_review,https://arcgis.tampagov.net/arcgis/rest/services/Parcels/TaxParcel/FeatureServer/0,2026-08-28T04:55:51+00:00
pal-c9990f57a3742bd7,tpa-4fc785eb1adbcd,mp-9b506adbdc990268,144650.0000,A-18-28-19-454-000057-00001.0,1701 E ANNONA AVE,building_footprint_folio,nearest_footprint_within_35m,medium,,,pending_human_review,https://arcgis.tampagov.net/arcgis/rest/services/Parcels/TaxParcel/FeatureServer/0,2026-08-28T04:55:51+00:00
pal-476fabbfb1213221,tpa-4fcde30f1f4741,mp-cb5e3453da8acee4,156791.0000,A-05-29-19-4AP-000000-00023.0,2411 E 38TH AVE,building_footprint_folio,nearest_footprint_within_35m,medium,,,pending_human_review,https://arcgis.tampagov.net/arcgis/rest/services/Parcels/TaxParcel/FeatureServer/0,2026-08-28T04:55:51+00:00
pal-9dcde264ef5d28b4,tpa-5019b985bd1d77,mp-d222948fe4efa0e1,134151.0000,A-10-30-18-3YV-000004-00015.0,3219 W PEARL AVE,building_footprint_folio,nearest_footprint_within_35m,medium,,,pending_human_review,https://arcgis.tampagov.net/arcgis/rest/services/Parcels/TaxParcel/FeatureServer/0,2026-08-28T04:55:51+00:00
pal-817b63c1b345500b,tpa-50a7fd05573da1,mp-6d302509d93c6e8c,179524.0000,A-15-29-18-4PQ-000045-00005.0,2722 W CHESTNUT ST,building_footprint_folio,nearest_footprint_within_35m,medium,,,pending_human_review,https://arcgis.tampagov.net/arcgis/rest/services/Parcels/TaxParcel/FeatureServer/0,2026-08-28T04:55:51+00:00
pal-3d905f9891ce45ea,tpa-50c2c33b95d1fd,mp-cf12e704cc6b4e8f,105598.0000,A-02-29-18-3HF-000017-00016.0,1019 N BASK DR,building_footprint_folio,nearest_footprint_within_35m,medium,,,pending_human_review,https://arcgis.tampagov.net/arcgis/rest/services/Parcels/TaxParcel/FeatureServer/0,2026-08-28T04:55:51+00:00
pal-cbbe22b96f9cdb50,tpa-5133fc4419a030,mp-0c58e648d30e0c4c,176620.0000,A-10-29-18-4OS-000038-00023.0,3103 W DEWEY ST,building_footprint_folio,nearest_footprint_within_35m,medium,,,pending_human_review,https://arcgis.tampagov.net/arcgis/rest/services/Parcels/TaxParcel/FeatureServer/0,2026-08-28T04:55:51+00:00
pal-29eb08ef577792e9,tpa-51436f3a21c595,mp-37b16f456057b102,107341.1000,A-03-29-18-3II-000004-00178.0,3114 W HAYA ST,building_footprint_folio,nearest_footprint_within_35m,medium,,,pending_human_review,https://arcgis.tampagov.net/arcgis/rest/services/Parcels/TaxParcel/FeatureServer/0,2026-08-28T04:55:51+00:00
pal-046f362e5dc4d901,tpa-5151a32793fd96,mp-d4056473d8dad5ac,121967.0000,A-32-29-18-3T7-000031-00007.0,5016 HOMER AVE,building_footprint_folio,nearest_footprint_within_35m,medium,,,pending_human_review,https://arcgis.tampagov.net/arcgis/rest/services/Parcels/TaxParcel/FeatureServer/0,2026-08-28T04:55:51+00:00
pal-51d0d44bcb027c1e,tpa-51bfe76f29d8ad,mp-ee3658662f5751ff,166814.0000,A-11-29-18-4HA-000008-00017.0,707 W VIRGINIA AVE,building_footprint_folio,point_in_building_footprint,high,,,pending_human_review,https://arcgis.tampagov.net/arcgis/rest/services/Parcels/TaxParcel/FeatureServer/0,2026-08-28T04:55:51+00:00
pal-0c6af9e11b7526a8,tpa-5200b32795a081,mp-dac8a7004b8dc645,178904.0100,A-14-29-18-4PQ-000013-00010.1,1938 W SPRUCE ST,building_footprint_folio,nearest_footprint_within_35m,medium,,,pending_human_review,https://arcgis.tampagov.net/arcgis/rest/services/Parcels/TaxParcel/FeatureServer/0,2026-08-28T04:55:51+00:00
pal-c72959e751921a39,tpa-52293a6bd72176,mp-0c5c260caa18721c,192563.0000,A-13-29-18-4YM-000014-00004.0,1106 N FRANKLIN ST,building_footprint_folio,nearest_footprint_within_35m,medium,,,pending_human_review,https://arcgis.tampagov.net/arcgis/rest/services/Parcels/TaxParcel/FeatureServer/0,2026-08-28T04:55:51+00:00
pal-404ddfcb4fcbb458,tpa-522ddb3d5f3f18,mp-121065fd5004af5f,139072.0000,A-20-30-18-42J-000188-00016.0,0,building_footprint_folio,point_in_building_footprint,high,,,pending_human_review,https://arcgis.tampagov.net/arcgis/rest/services/Parcels/TaxParcel/FeatureServer/0,2026-08-28T04:55:51+00:00
pal-ed212651430e2957,tpa-527e1ea56add16,mp-6efab2960f11d3bd,161139.0000,A-25-28-18-4DN-000004-00018.0,706 E HANLON ST,building_footprint_folio,nearest_footprint_within_35m,medium,,,pending_human_review,https://arcgis.tampagov.net/arcgis/rest/services/Parcels/TaxParcel/FeatureServer/0,2026-08-28T04:55:51+00:00
pal-80883335df0a6a58,tpa-529abdbb121692,mp-3f9ce8589901704c,166909.0000,A-11-29-18-4HA-000016-00006.0,812 W KENTUCKY AVE,building_footprint_folio,point_in_building_footprint,high,,,pending_human_review,https://arcgis.tampagov.net/arcgis/rest/services/Parcels/TaxParcel/FeatureServer/0,2026-08-28T04:55:51+00:00
pal-e2543d3b52e0e668,tpa-52c4b01da44800,mp-014c23ff0fc99a6d,118252.0000,A-27-29-18-3Q4-000002-00003.1,1004 S SIWANOY ST,building_footprint_folio,exact_address_nearby_footprint,high,,,pending_human_review,https://arcgis.tampagov.net/arcgis/rest/services/Parcels/TaxParcel/FeatureServer/0,2026-08-28T04:55:51+00:00
pal-6de5d40f38302b7f,tpa-52e70c47ecfe23,mp-bab2cba4d5a53ae2,188531.0000,A-08-29-19-4VU-000011-00002.0,2917 E 19TH AVE,building_footprint_folio,nearest_footprint_within_35m,medium,,,pending_human_review,https://arcgis.tampagov.net/arcgis/rest/services/Parcels/TaxParcel/FeatureServer/0,2026-08-28T04:55:51+00:00
pal-09690fb2c25bd24b,tpa-5304f0af5748ea,mp-9718d2561e081c05,136004.0000,A-15-30-18-40X-000000-00013.0,3003 W VAN BUREN DR,building_footprint_folio,nearest_footprint_within_35m,medium,,,pending_human_review,https://arcgis.tampagov.net/arcgis/rest/services/Parcels/TaxParcel/FeatureServer/0,2026-08-28T04:55:51+00:00
pal-df84a3867c81f53c,tpa-5354d09196a44e,mp-2340cd286329d072,114534.0000,A-21-29-18-3LG-000011-00021.0,3917 W CASS ST,building_footprint_folio,nearest_footprint_within_35m,medium,,,pending_human_review,https://arcgis.tampagov.net/arcgis/rest/services/Parcels/TaxParcel/FeatureServer/0,2026-08-28T04:55:51+00:00
pal-ff9954ede355acac,tpa-53c4f7231f2594,mp-822a6d667695d2b5,133746.0000,A-09-30-18-3YO-000011-00014.0,5605 S LOIS AVE,building_footprint_folio,nearest_footprint_within_35m,medium,,,pending_human_review,https://arcgis.tampagov.net/arcgis/rest/services/Parcels/TaxParcel/FeatureServer/0,2026-08-28T04:55:51+00:00
pal-f39f9074138daefd,tpa-54595021582fcd,mp-1dbba8d62e6d8dc0,135769.0878,A-10-30-18-66K-000000-00014.0,3130 SANTORINI CT,building_footprint_folio,nearest_footprint_within_35m,medium,,,pending_human_review,https://arcgis.tampagov.net/arcgis/rest/services/Parcels/TaxParcel/FeatureServer/0,2026-08-28T04:55:51+00:00
pal-f3d6d5eba08506d4,tpa-545e61d7ecbaf5,mp-0f9f7562c38c5f3b,116018.0000,A-21-29-18-3MH-000001-00012.0,601 S CLARK AVE,building_footprint_folio,nearest_footprint_within_35m,medium,,,pending_human_review,https://arcgis.tampagov.net/arcgis/rest/services/Parcels/TaxParcel/FeatureServer/0,2026-08-28T04:55:51+00:00
pal-30d17e4c511b149e,tpa-546f05f9e21091,mp-49478372d498b264,194939.0000,A-25-29-18-509-000006-00160.0,214 BLANCA AVE,building_footprint_folio,nearest_footprint_within_35m,medium,,,pending_human_review,https://arcgis.tampagov.net/arcgis/rest/services/Parcels/TaxParcel/FeatureServer/0,2026-08-28T04:55:51+00:00
pal-16c19c10d6264a76,tpa-549f7009eded34,mp-0cc5309b7edc2b19,190093.2008,A-18-29-19-786-000000-00004.0,1911 E 5TH AVE 4,building_footprint_folio,nearest_footprint_within_35m,medium,,,pending_human_review,https://arcgis.tampagov.net/arcgis/rest/services/Parcels/TaxParcel/FeatureServer/0,2026-08-28T04:55:51+00:00
pal-e9300782ffed698f,tpa-553ba48b3c0a69,mp-17fdeac0a88853c8,120378.0000,A-28-29-18-3S3-000009-00001.0,855 S CHURCH AVE,building_footprint_folio,point_in_building_footprint,high,,,pending_human_review,https://arcgis.tampagov.net/arcgis/rest/services/Parcels/TaxParcel/FeatureServer/0,2026-08-28T04:55:51+00:00
pal-ad80c542eba64325,tpa-5587d0dd7fecb0,mp-564711e2e0a47054,124070.1000,A-33-29-18-3TR-000018-00018.0,4113 W SAN JUAN ST,building_footprint_folio,nearest_footprint_within_35m,medium,,,pending_human_review,https://arcgis.tampagov.net/arcgis/rest/services/Parcels/TaxParcel/FeatureServer/0,2026-08-28T04:55:51+00:00
pal-17d2dbb463a85a6d,tpa-55a732eff8835b,mp-cff25d80868a8ef3,119297.0000,A-28-29-18-3QS-000003-00005.0,4008 W ESTRELLA ST,building_footprint_folio,point_in_building_footprint,high,,,pending_human_review,https://arcgis.tampagov.net/arcgis/rest/services/Parcels/TaxParcel/FeatureServer/0,2026-08-28T04:55:51+00:00
pal-08f4b145b9e30683,tpa-55e66f6d1d7c40,mp-9e3bb14e5537febf,187814.0000,A-08-29-19-4VK-000033-00016.0,2608 E 25TH AVE,building_footprint_folio,nearest_footprint_within_35m,medium,,,pending_human_review,https://arcgis.tampagov.net/arcgis/rest/services/Parcels/TaxParcel/FeatureServer/0,2026-08-28T04:55:51+00:00
pal-2545f2629f028ca1,tpa-55f90a91e604bd,mp-2178680205563adc,107506.0000,A-03-29-18-3IK-D00000-00015.0,2730 W LOUISIANA AVE,building_footprint_folio,point_in_building_footprint,high,,,pending_human_review,https://arcgis.tampagov.net/arcgis/rest/services/Parcels/TaxParcel/FeatureServer/0,2026-08-28T04:55:51+00:00
pal-3b0f689ac24981ff,tpa-573c40900a5d1b,mp-76328e1d142e3a41,187960.0000,A-08-29-19-4VK-000045-00004.0,2705 E 22ND AVE,building_footprint_folio,nearest_footprint_within_35m,medium,,,pending_human_review,https://arcgis.tampagov.net/arcgis/rest/services/Parcels/TaxParcel/FeatureServer/0,2026-08-28T04:55:51+00:00
pal-dc5283c9e5710be8,tpa-574a1c62bbf896,mp-3ca795b0a2aae79d,129764.0000,A-04-30-18-3WV-000014-00001.0,4002 W KNIGHTS AVE,building_footprint_folio,point_in_building_footprint,high,,,pending_human_review,https://arcgis.tampagov.net/arcgis/rest/services/Parcels/TaxParcel/FeatureServer/0,2026-08-28T04:55:51+00:00
pal-e94d0b0a2b184f92,tpa-584a99df2702ae,mp-30acacecdf1230bb,166547.0000,A-02-29-18-ZZZ-000005-86030.0,709 W EMMA ST,building_footprint_folio,nearest_footprint_within_35m,medium,,,pending_human_review,https://arcgis.tampagov.net/arcgis/rest/services/Parcels/TaxParcel/FeatureServer/0,2026-08-28T04:55:51+00:00
pal-01b2002d10ec01d0,tpa-5853fbc642ed03,mp-cf3c1fcde385a20f,123038.0000,A-32-29-18-3TN-000009-00024.0,3604 S BELCHER DR,building_footprint_folio,nearest_footprint_within_35m,medium,,,pending_human_review,https://arcgis.tampagov.net/arcgis/rest/services/Parcels/TaxParcel/FeatureServer/0,2026-08-28T04:55:51+00:00
pal-aef07d7b43a419ca,tpa-589558ecac1e37,mp-7a47afed8880d07f,196940.0000,A-25-29-18-4TC-000003-00004.0,711 S FIELDING AVE,building_footprint_folio,nearest_footprint_within_35m,medium,,,pending_human_review,https://arcgis.tampagov.net/arcgis/rest/services/Parcels/TaxParcel/FeatureServer/0,2026-08-28T04:55:51+00:00
pal-a3b98cb28658f23b,tpa-594b4eb16f432d,mp-1a5cddb494f33f10,195812.0000,A-36-29-18-509-000071-00024.0,658 GENEVA PL,building_footprint_folio,nearest_footprint_within_35m,medium,,,pending_human_review,https://arcgis.tampagov.net/arcgis/rest/services/Parcels/TaxParcel/FeatureServer/0,2026-08-28T04:55:51+00:00
pal-eee88b5de0a952f6,tpa-59b89738ae30b9,mp-ad759370bc7d3c4c,101197.5000,A-26-28-18-3FA-000002-00023.0,7000 N WILLOW AVE,building_footprint_folio,nearest_footprint_within_35m,medium,,,pending_human_review,https://arcgis.tampagov.net/arcgis/rest/services/Parcels/TaxParcel/FeatureServer/0,2026-08-28T04:55:51+00:00
pal-75007eabc66b8157,tpa-5a2855c2d4a0cd,mp-3b0db5fafb8b126b,193745.0000,A-24-29-18-4ZM-000093-00001.0,101 S FRANKLIN ST,building_footprint_folio,exact_address_nearby_footprint,high,,,pending_human_review,https://arcgis.tampagov.net/arcgis/rest/services/Parcels/TaxParcel/FeatureServer/0,2026-08-28T04:55:51+00:00
pal-b7f32324be2a56b1,tpa-5a7ee21f33aa95,mp-e9df14fc0d3bbda9,120976.0000,A-29-29-18-3SL-000018-00003.1,4714 W SAN RAFAEL ST,building_footprint_folio,point_in_building_footprint,high,,,pending_human_review,https://arcgis.tampagov.net/arcgis/rest/services/Parcels/TaxParcel/FeatureServer/0,2026-08-28T04:55:51+00:00
pal-97eb9d77030a7292,tpa-5a91f9508277d0,mp-1c4757faff0c4531,106264.0000,A-02-29-18-3HV-000012-00026.0,4822 N MENDENHALL DR,building_footprint_folio,nearest_footprint_within_35m,medium,,,pending_human_review,https://arcgis.tampagov.net/arcgis/rest/services/Parcels/TaxParcel/FeatureServer/0,2026-08-28T04:55:51+00:00
pal-b1ff451504d4b28e,tpa-5a981b34a3c055,mp-1d5256e85f095743,130355.0000,A-05-30-18-3X8-000003-00001.0,4404 W WALLCRAFT AVE,building_footprint_folio,nearest_footprint_within_35m,medium,,,pending_human_review,https://arcgis.tampagov.net/arcgis/rest/services/Parcels/TaxParcel/FeatureServer/0,2026-08-28T04:55:51+00:00
pal-9e3d339a84479ef7,tpa-5b423f5abafef7,mp-27ba7c0be76ba050,174664.0000,A-08-29-19-4NK-000004-00010.0,3508 E 22ND AVE,building_footprint_folio,nearest_footprint_within_35m,medium,,,pending_human_review,https://arcgis.tampagov.net/arcgis/rest/services/Parcels/TaxParcel/FeatureServer/0,2026-08-28T04:55:51+00:00
pal-be8053ee48685b55,tpa-5b68cc4e44dab2,mp-f9429645189e4fa7,162089.0000,A-36-28-18-4EK-000002-00008.0,6003 N HIGHLAND AVE,building_footprint_folio,nearest_footprint_within_35m,medium,,,pending_human_review,https://arcgis.tampagov.net/arcgis/rest/services/Parcels/TaxParcel/FeatureServer/0,2026-08-28T04:55:51+00:00
pal-05bb9cbdff230a1d,tpa-5b8ba59c499123,mp-d0bbdb0feae59efd,138321.0100,A-17-30-18-42E-000006-00015.1,6803 S ELEMETA ST,building_footprint_folio,nearest_footprint_within_35m,medium,,,pending_human_review,https://arcgis.tampagov.net/arcgis/rest/services/Parcels/TaxParcel/FeatureServer/0,2026-08-28T04:55:51+00:00
pal-9f02957807499355,tpa-5bd84ed5116cad,mp-badcaf545169db31,124511.0000,A-33-29-18-3TS-000049-00007.0,4316 W CORONA ST,building_footprint_folio,point_in_building_footprint,high,,,pending_human_review,https://arcgis.tampagov.net/arcgis/rest/services/Parcels/TaxParcel/FeatureServer/0,2026-08-28T04:55:51+00:00
pal-57bd3a2336eb4b0e,tpa-5c43d09db1777c,mp-3fa56fe9fdc031d0,114922.0000,A-21-29-18-3LJ-000008-00009.0,4314 W GRAY ST,building_footprint_folio,point_in_building_footprint,high,,,pending_human_review,https://arcgis.tampagov.net/arcgis/rest/services/Parcels/TaxParcel/FeatureServer/0,2026-08-28T04:55:51+00:00
pal-dde72e1e51dfcde9,tpa-5c523f6238bc73,mp-5603176854144efb,185917.0000,A-26-29-18-4TV-000000-00010.0,2112 W SOUTHVIEW AVE,building_footprint_folio,nearest_footprint_within_35m,medium,,,pending_human_review,https://arcgis.tampagov.net/arcgis/rest/services/Parcels/TaxParcel/FeatureServer/0,2026-08-28T04:55:51+00:00
pal-1f078457f0ce6582,tpa-5cd48e592e3d28,mp-e82a25dad1777552,157578.0000,A-06-29-19-4B6-000000-00040.0,1709 E LOUISIANA AVE,building_footprint_folio,point_in_building_footprint,high,,,pending_human_review,https://arcgis.tampagov.net/arcgis/rest/services/Parcels/TaxParcel/FeatureServer/0,2026-08-28T04:55:51+00:00
pal-aa518ef878c70ae0,tpa-5cf16a81ee5efd,mp-a50d44855259e4e1,184052.0000,A-23-29-18-4S5-000006-00011.2,207 N ALBANY AVE,building_footprint_folio,nearest_footprint_within_35m,medium,,,pending_human_review,https://arcgis.tampagov.net/arcgis/rest/services/Parcels/TaxParcel/FeatureServer/0,2026-08-28T04:55:51+00:00
pal-d56f51f15f088507,tpa-5d25382d4939dc,mp-6ab1fa105ebc003c,129716.0000,A-04-30-18-3WV-000012-00003.0,4305 S HALE AVE,building_footprint_folio,nearest_footprint_within_35m,medium,,,pending_human_review,https://arcgis.tampagov.net/arcgis/rest/services/Parcels/TaxParcel/FeatureServer/0,2026-08-28T04:55:51+00:00
pal-a79c68f9f7a16ced,tpa-5d51b71d680f85,mp-15eecc5ff32f573e,180411.0000,A-15-29-18-4PV-000009-00015.0,3219 W ARCH ST,building_footprint_folio,point_in_building_footprint,high,,,pending_human_review,https://arcgis.tampagov.net/arcgis/rest/services/Parcels/TaxParcel/FeatureServer/0,2026-08-28T04:55:51+00:00
pal-80853a685828f283,tpa-5d752868a76c0a,mp-00587be2cc162c7c,100691.0000,A-25-28-18-3ES-000001-00003.0,8210 N OLA AVE,building_footprint_folio,point_in_building_footprint,high,,,pending_human_review,https://arcgis.tampagov.net/arcgis/rest/services/Parcels/TaxParcel/FeatureServer/0,2026-08-28T04:55:51+00:00
pal-1f859e20b4c2d2d5,tpa-5db1240255295f,mp-4274b9b3adfd1451,145573.0000,A-19-28-19-45A-000010-00008.0,8710 N 15TH ST,building_footprint_folio,nearest_footprint_within_35m,medium,,,pending_human_review,https://arcgis.tampagov.net/arcgis/rest/services/Parcels/TaxParcel/FeatureServer/0,2026-08-28T04:55:51+00:00
pal-4d35c078964624e0,tpa-5dba5617cdb195,mp-dfd87526abded2ba,131554.0000,A-08-30-18-3XG-000012-00009.0,4717 W WYOMING AVE,building_footprint_folio,nearest_footprint_within_35m,medium,,,pending_human_review,https://arcgis.tampagov.net/arcgis/rest/services/Parcels/TaxParcel/FeatureServer/0,2026-08-28T04:55:51+00:00
pal-9445fa9079627ce8,tpa-5dca8ea39d3e2b,mp-1ef15f9f0ebbefc6,105320.0000,A-02-29-18-3HB-000000-E0000.2,4630 N ROME AVE,building_footprint_folio,exact_address_nearby_footprint,high,,,pending_human_review,https://arcgis.tampagov.net/arcgis/rest/services/Parcels/TaxParcel/FeatureServer/0,2026-08-28T04:55:51+00:00
pal-42510c53de2f1d0a,tpa-5ddf3bacd63c29,mp-dbec6f61df917ecb,123327.0000,A-33-29-18-3TP-000018-00011.0,4122 W BARCELONA ST,building_footprint_folio,point_in_building_footprint,high,,,pending_human_review,https://arcgis.tampagov.net/arcgis/rest/services/Parcels/TaxParcel/FeatureServer/0,2026-08-28T04:55:51+00:00
pal-4f035d4ef7f7ff82,tpa-5e4fcdcb906be9,mp-ecbae36cf2f712be,139147.0000,A-20-30-18-42J-000195-00004.0,7507 S OBRIEN ST,building_footprint_folio,point_in_building_footprint,high,,,pending_human_review,https://arcgis.tampagov.net/arcgis/rest/services/Parcels/TaxParcel/FeatureServer/0,2026-08-28T04:55:51+00:00
pal-935a066aae24d1f4,tpa-5e50ada2e37707,mp-b463e4265ce808e6,113356.0000,A-20-29-18-3L7-000000-00005.0,5106 W PLATT ST,building_footprint_folio,nearest_footprint_within_35m,medium,,,pending_human_review,https://arcgis.tampagov.net/arcgis/rest/services/Parcels/TaxParcel/FeatureServer/0,2026-08-28T04:55:51+00:00
pal-3cce2b0ec0729a8f,tpa-5e84b7afd35560,mp-28f8d4999114fe7b,120922.0000,A-29-29-18-3SL-000012-00003.0,4906 W ESTRELLA ST,building_footprint_folio,point_in_building_footprint,high,,,pending_human_review,https://arcgis.tampagov.net/arcgis/rest/services/Parcels/TaxParcel/FeatureServer/0,2026-08-28T04:55:51+00:00
pal-b7106b5eb706b3b9,tpa-5ea6dcbde8f52b,mp-3d18e985a9b5d4af,139086.0000,A-20-30-18-42J-000190-00003.0,7405 S OBRIEN ST,building_footprint_folio,nearest_footprint_within_35m,medium,,,pending_human_review,https://arcgis.tampagov.net/arcgis/rest/services/Parcels/TaxParcel/FeatureServer/0,2026-08-28T04:55:51+00:00
pal-b3a65c3f7bb09260,tpa-5ee2a8fc03acae,mp-d9cedebab7def6bc,180440.0000,A-15-29-18-4PV-000042-00003.0,2018 N SAINT VINCENT ST,building_footprint_folio,point_in_building_footprint,high,,,pending_human_review,https://arcgis.tampagov.net/arcgis/rest/services/Parcels/TaxParcel/FeatureServer/0,2026-08-28T04:55:51+00:00
pal-5bc28b625cf8e7a3,tpa-5f04c7c5ec614b,mp-e19a6e6c98b9ac8a,114039.0000,A-21-29-18-3LA-000046-00006.0,4312 W BEACH PARK DR,building_footprint_folio,point_in_building_footprint,high,,,pending_human_review,https://arcgis.tampagov.net/arcgis/rest/services/Parcels/TaxParcel/FeatureServer/0,2026-08-28T04:55:51+00:00
pal-65beae931d86c26e,tpa-5f612bfff32912,mp-b6044ac6689c68eb,186038.0000,A-26-29-18-4U2-000009-00002.0,903 S FREMONT AVE,building_footprint_folio,nearest_footprint_within_35m,medium,,,pending_human_review,https://arcgis.tampagov.net/arcgis/rest/services/Parcels/TaxParcel/FeatureServer/0,2026-08-28T04:55:51+00:00
pal-b653b69a114c4e41,tpa-5f66445dd45e73,mp-fa5d0120647c3966,130683.0000,A-05-30-18-3X8-000011-00023.0,4714 W BAY VISTA AVE,building_footprint_folio,point_in_building_footprint,high,,,pending_human_review,https://arcgis.tampagov.net/arcgis/rest/services/Parcels/TaxParcel/FeatureServer/0,2026-08-28T04:55:51+00:00
pal-736fd9c138a127d4,tpa-5faab6a61467df,mp-728476845ba2094d,114230.0000,A-20-29-18-3LD-000006-00013.0,35 W SPANISH MAIN ST,building_footprint_folio,point_in_building_footprint,high,,,pending_human_review,https://arcgis.tampagov.net/arcgis/rest/services/Parcels/TaxParcel/FeatureServer/0,2026-08-28T04:55:51+00:00
pal-9743b4b9c5975290,tpa-60040503ce1f70,mp-222e02e0725ddcad,134058.7192,A-09-30-18-B39-000000-00001.0,5145 S DALE MABRY HWY,building_footprint_folio,exact_address_nearby_footprint,high,,,pending_human_review,https://arcgis.tampagov.net/arcgis/rest/services/Parcels/TaxParcel/FeatureServer/0,2026-08-28T04:55:51+00:00
pal-4916eae6e57baa06,tpa-60104dd6a45479,mp-b4ddf15f4bd942a4,167704.0100,A-12-29-18-4HX-000001-00010.1,506 E BAKER ST,building_footprint_folio,nearest_footprint_within_35m,medium,,,pending_human_review,https://arcgis.tampagov.net/arcgis/rest/services/Parcels/TaxParcel/FeatureServer/0,2026-08-28T04:55:51+00:00
pal-b0ba7bcb0f8727cb,tpa-602e5467b0ff6e,mp-71fa79a644bd2e33,168854.0000,A-22-29-18-4IP-000000-00004.0,610 N WOODLYNNE AVE,building_footprint_folio,nearest_footprint_within_35m,medium,,,pending_human_review,https://arcgis.tampagov.net/arcgis/rest/services/Parcels/TaxParcel/FeatureServer/0,2026-08-28T04:55:51+00:00
pal-09e8ce60a41edc9a,tpa-605bc42d317d0a,mp-47273029c8c5ecbd,186546.0000,A-07-29-19-4UP-000006-00014.0,906 E 25TH AVE,building_footprint_folio,nearest_footprint_within_35m,medium,,,pending_human_review,https://arcgis.tampagov.net/arcgis/rest/services/Parcels/TaxParcel/FeatureServer/0,2026-08-28T04:55:51+00:00
pal-306b3caa963a4393,tpa-6112a2a51b6c02,mp-a93b8349a140c978,162829.0000,A-36-28-18-4F0-000000-00004.0,121 W THOMAS ST,building_footprint_folio,point_in_building_footprint,high,,,pending_human_review,https://arcgis.tampagov.net/arcgis/rest/services/Parcels/TaxParcel/FeatureServer/0,2026-08-28T04:55:51+00:00
pal-cd6cb10aa8f27346,tpa-61a20c8f3ca0c8,mp-1d577149a569fd52,182838.0000,A-12-29-18-4RB-000009-00004.0,2908 N MITCHELL AVE,building_footprint_folio,point_in_building_footprint,high,,,pending_human_review,https://arcgis.tampagov.net/arcgis/rest/services/Parcels/TaxParcel/FeatureServer/0,2026-08-28T04:55:51+00:00
pal-0b88796e93454db0,tpa-61f331bfe693bc,mp-d6260293ea79b320,198481.0100,A-18-29-19-51L-000001-00009.1,919 11TH AVE,building_footprint_folio,nearest_footprint_within_35m,medium,,,pending_human_review,https://arcgis.tampagov.net/arcgis/rest/services/Parcels/TaxParcel/FeatureServer/0,2026-08-28T04:55:51+00:00
pal-cb59d83cd9d0c00a,tpa-6210687f145cf9,mp-4866969515cbfdd8,123750.0000,A-33-29-18-3TP-000049-00024.0,3901 W TACON ST,building_footprint_folio,point_in_building_footprint,high,,,pending_human_review,https://arcgis.tampagov.net/arcgis/rest/services/Parcels/TaxParcel/FeatureServer/0,2026-08-28T04:55:51+00:00
pal-954a56662c529ee8,tpa-62253fde489651,mp-c42008cc10252d34,122995.0000,A-32-29-18-3TN-000008-00005.0,3609 S BELCHER DR,building_footprint_folio,point_in_building_footprint,high,,,pending_human_review,https://arcgis.tampagov.net/arcgis/rest/services/Parcels/TaxParcel/FeatureServer/0,2026-08-28T04:55:51+00:00
pal-0ad641e1aead0920,tpa-623087de4f900c,mp-aef9af665ba2749a,134193.0000,A-10-30-18-3YV-000006-00018.0,3213 W CHEROKEE AVE,building_footprint_folio,point_in_building_footprint,high,,,pending_human_review,https://arcgis.tampagov.net/arcgis/rest/services/Parcels/TaxParcel/FeatureServer/0,2026-08-28T04:55:51+00:00
pal-6ed408420405fd04,tpa-62a1bf88971672,mp-65b964ec272384d0,194767.0000,A-25-29-18-509-000003-00001.0,61 ALBEMARLE AVE,building_footprint_folio,point_in_building_footprint,high,,,pending_human_review,https://arcgis.tampagov.net/arcgis/rest/services/Parcels/TaxParcel/FeatureServer/0,2026-08-28T04:55:51+00:00
pal-98d9e3a5ea6b0028,tpa-62ab89191ec2f6,mp-39e8288b450ea9c2,122304.0000,A-32-29-18-3TF-000000-00072.0,4708 W EUCLID AVE,building_footprint_folio,point_in_building_footprint,high,,,pending_human_review,https://arcgis.tampagov.net/arcgis/rest/services/Parcels/TaxParcel/FeatureServer/0,2026-08-28T04:55:51+00:00
pal-3dcc4f7eeacfdbe7,tpa-633c25e31b200d,mp-549b930e23b4fe38,113648.0000,A-20-29-18-3LA-000017-00017.0,5202 W NEPTUNE WAY,building_footprint_folio,exact_address_nearby_footprint,high,,,pending_human_review,https://arcgis.tampagov.net/arcgis/rest/services/Parcels/TaxParcel/FeatureServer/0,2026-08-28T04:55:51+00:00
pal-772a7115c77c5f64,tpa-63587a3bbee76a,mp-4a96c613bf1140e3,173337.0000,A-07-29-19-4MP-000006-00004.1,3501 N AVENIDA REPUBLICA DE CUBA ST,building_footprint_folio,nearest_footprint_within_35m,medium,,,pending_human_review,https://arcgis.tampagov.net/arcgis/rest/services/Parcels/TaxParcel/FeatureServer/0,2026-08-28T04:55:51+00:00
pal-9f9e27542b931ab3,tpa-64266a81fee3eb,mp-a173bf6ebc9f84fc,181325.0000,A-23-29-18-4Q8-000010-00005.0,1910 W CARMEN ST,building_footprint_folio,exact_address_nearby_footprint,high,,,pending_human_review,https://arcgis.tampagov.net/arcgis/rest/services/Parcels/TaxParcel/FeatureServer/0,2026-08-28T04:55:51+00:00
pal-d1244997d89b2695,tpa-6428b950f45df7,mp-ac9c31b22f4ef6c7,154311.0000,A-04-29-19-49H-000000-00005.0,3703 E IDA ST,building_footprint_folio,nearest_footprint_within_35m,medium,,,pending_human_review,https://arcgis.tampagov.net/arcgis/rest/services/Parcels/TaxParcel/FeatureServer/0,2026-08-28T04:55:51+00:00
pal-6fa9b691149d0bc3,tpa-6465cd2a3d7f68,mp-377cff847a6c9763,164251.0000,A-36-28-18-4FW-000021-00002.0,5608 N CHEROKEE AVE,building_footprint_folio,nearest_footprint_within_35m,medium,,,pending_human_review,https://arcgis.tampagov.net/arcgis/rest/services/Parcels/TaxParcel/FeatureServer/0,2026-08-28T04:55:51+00:00
pal-7d9cedcd6f3da711,tpa-6488b5d3bc482a,mp-d7f9499e2d0fa550,109683.0000,A-10-29-18-3J5-000051-00004.0,3308 W ABDELLA ST,building_footprint_folio,point_in_building_footprint,high,,,pending_human_review,https://arcgis.tampagov.net/arcgis/rest/services/Parcels/TaxParcel/FeatureServer/0,2026-08-28T04:55:51+00:00
pal-cef5de1655dfb0ca,tpa-64d492142bd08c,mp-0e1b8b2bad4918af,176236.0000,A-10-29-18-4OR-000007-00015.0,2721 W KATHLEEN ST,building_footprint_folio,nearest_footprint_within_35m,medium,,,pending_human_review,https://arcgis.tampagov.net/arcgis/rest/services/Parcels/TaxParcel/FeatureServer/0,2026-08-28T04:55:51+00:00
pal-ae84e3e48f88cc3f,tpa-64ee1c9d095c00,mp-fe1684a9d2c4485c,109852.0000,A-10-29-18-3J5-000060-00009.0,3416 W LEROY ST,building_footprint_folio,point_in_building_footprint,high,,,pending_human_review,https://arcgis.tampagov.net/arcgis/rest/services/Parcels/TaxParcel/FeatureServer/0,2026-08-28T04:55:51+00:00
pal-ad6c03c5136771d7,tpa-653e23e2977bdc,mp-febb9d97a04ec55f,114505.0000,A-21-29-18-3LG-000010-00011.0,4004 W LEMON ST,building_footprint_folio,nearest_footprint_within_35m,medium,,,pending_human_review,https://arcgis.tampagov.net/arcgis/rest/services/Parcels/TaxParcel/FeatureServer/0,2026-08-28T04:55:51+00:00
pal-c172046b2c53102d,tpa-654a1f9b3a06a6,mp-305855e472da7875,116085.0388,A-22-29-18-D05-000000-00004.0,402 S AUDUBON AVE 3,building_footprint_folio,nearest_footprint_within_35m,medium,,,pending_human_review,https://arcgis.tampagov.net/arcgis/rest/services/Parcels/TaxParcel/FeatureServer/0,2026-08-28T04:55:51+00:00
pal-09fd31f037d7a49a,tpa-65cea154326b52,mp-7f8172509d3a5be9,118558.0300,A-27-29-18-3QA-000004-00017.1,2444 W NEPTUNE ST,building_footprint_folio,point_in_building_footprint,high,,,pending_human_review,https://arcgis.tampagov.net/arcgis/rest/services/Parcels/TaxParcel/FeatureServer/0,2026-08-28T04:55:51+00:00
pal-d85831a5701c8890,tpa-6643bf8a59e436,mp-dfd6a5c24faae62d,156672.0000,A-05-29-19-4AM-000002-00001.0,4512 TROY ST,building_footprint_folio,nearest_footprint_within_35m,medium,,,pending_human_review,https://arcgis.tampagov.net/arcgis/rest/services/Parcels/TaxParcel/FeatureServer/0,2026-08-28T04:55:51+00:00
pal-f0a98da84a9e8558,tpa-666f8de1632994,mp-2d472b07addfe162,174729.0000,A-08-29-19-4NN-000001-00006.0,3202 E 25TH AVE,building_footprint_folio,point_in_building_footprint,high,,,pending_human_review,https://arcgis.tampagov.net/arcgis/rest/services/Parcels/TaxParcel/FeatureServer/0,2026-08-28T04:55:51+00:00
pal-8223c193c80cfb6e,tpa-668104d442a3b6,mp-911e9de2828d19a0,144499.0000,A-19-28-19-454-000033-00005.0,1308 E 98TH AVE,building_footprint_folio,nearest_footprint_within_35m,medium,,,pending_human_review,https://arcgis.tampagov.net/arcgis/rest/services/Parcels/TaxParcel/FeatureServer/0,2026-08-28T04:55:51+00:00
pal-0132b7e1c5d2c2c7,tpa-66df230373aa8a,mp-d0673b47e0149084,113529.0000,A-20-29-18-3LA-000009-00004.0,207 S WEST SHORE BLVD,building_footprint_folio,point_in_building_footprint,high,,,pending_human_review,https://arcgis.tampagov.net/arcgis/rest/services/Parcels/TaxParcel/FeatureServer/0,2026-08-28T04:55:51+00:00
pal-acd20279f2a9f9d1,tpa-673955c5f37db0,mp-e28ebd25c32e721e,120921.0000,A-29-29-18-3SL-000012-00002.0,4901 W MELROSE AVE,building_footprint_folio,nearest_footprint_within_35m,medium,,,pending_human_review,https://arcgis.tampagov.net/arcgis/rest/services/Parcels/TaxParcel/FeatureServer/0,2026-08-28T04:55:51+00:00
pal-0b7c272093350089,tpa-6746f1ed590f27,mp-dc5951107dce918b,121885.0000,A-32-29-18-3T7-000024-00002.0,2606 S HAWTHORNE CIR,building_footprint_folio,point_in_building_footprint,high,,,pending_human_review,https://arcgis.tampagov.net/arcgis/rest/services/Parcels/TaxParcel/FeatureServer/0,2026-08-28T04:55:51+00:00
pal-4cb26b35e27014a8,tpa-6792bf0f19a2e5,mp-80112d71ad241c15,118877.0100,A-27-29-18-3QI-000002-00010.0,1905 S HOLLY LN,building_footprint_folio,nearest_footprint_within_35m,medium,,,pending_human_review,https://arcgis.tampagov.net/arcgis/rest/services/Parcels/TaxParcel/FeatureServer/0,2026-08-28T04:55:51+00:00
pal-af6f5843c8ad84af,tpa-6815bd7dc0068d,mp-7ce032e5c8ee36a5,144936.0000,A-19-28-19-455-000001-00016.0,9401 N MARGARET ST,building_footprint_folio,nearest_footprint_within_35m,medium,,,pending_human_review,https://arcgis.tampagov.net/arcgis/rest/services/Parcels/TaxParcel/FeatureServer/0,2026-08-28T04:55:51+00:00
pal-5a022e25465b5f46,tpa-682d61069572b6,mp-08ae953fe0a782aa,122910.0000,A-32-29-18-3TN-000003-00009.0,3416 S LIGHTNER DR,building_footprint_folio,point_in_building_footprint,high,,,pending_human_review,https://arcgis.tampagov.net/arcgis/rest/services/Parcels/TaxParcel/FeatureServer/0,2026-08-28T04:55:51+00:00
pal-6f8e4a60ba55adf1,tpa-68355ce602a115,mp-ec3730b5782cf13c,167039.0000,A-11-29-18-4HA-000024-00001.0,1002 W OHIO AVE,building_footprint_folio,point_in_building_footprint,high,,,pending_human_review,https://arcgis.tampagov.net/arcgis/rest/services/Parcels/TaxParcel/FeatureServer/0,2026-08-28T04:55:51+00:00
pal-2b69c9bcc7b742f1,tpa-683ac62998f89d,mp-b18ffaf18b10fecb,94891.0362,A-12-28-18-B4W-000000-00001.0,709 W COUNTRY CLUB DR,building_footprint_folio,nearest_footprint_within_35m,medium,,,pending_human_review,https://arcgis.tampagov.net/arcgis/rest/services/Parcels/TaxParcel/FeatureServer/0,2026-08-28T04:55:51+00:00
pal-721a9461e9fbdc79,tpa-6851ca3e85ad0b,mp-5d0b508602bf5eab,101096.0000,A-26-28-18-3F8-000002-00014.0,8121 N ORLEANS AVE,building_footprint_folio,point_in_building_footprint,high,,,pending_human_review,https://arcgis.tampagov.net/arcgis/rest/services/Parcels/TaxParcel/FeatureServer/0,2026-08-28T04:55:51+00:00
pal-a96cd57078b2d889,tpa-68cd950625ded8,mp-b80d29e0b46fad8e,130933.0000,A-05-30-18-3XC-000018-00008.0,4513 S GAINES RD,building_footprint_folio,point_in_building_footprint,high,,,pending_human_review,https://arcgis.tampagov.net/arcgis/rest/services/Parcels/TaxParcel/FeatureServer/0,2026-08-28T04:55:51+00:00
pal-519d6ca59462b73a,tpa-69d9fd464d1b18,mp-3c6d40c14d856631,177303.0100,A-11-29-18-4P6-000000-00087.1,1901 W AILEEN ST,building_footprint_folio,nearest_footprint_within_35m,medium,,,pending_human_review,https://arcgis.tampagov.net/arcgis/rest/services/Parcels/TaxParcel/FeatureServer/0,2026-08-28T04:55:51+00:00
pal-5b911c63a0654751,tpa-6a495f5f9c1ef6,mp-ac360ec197d17ade,191199.0050,A-13-29-18-4XD-000002-00009.1,508 E SPARKMAN AVE,building_footprint_folio,point_in_building_footprint,high,,,pending_human_review,https://arcgis.tampagov.net/arcgis/rest/services/Parcels/TaxParcel/FeatureServer/0,2026-08-28T04:55:51+00:00
pal-164285d26a66e022,tpa-6aa946c81585df,mp-787c9d7056cdc49a,139316.1436,A-17-30-18-918-000000-00008.0,6820 S KISSIMMEE ST,building_footprint_folio,nearest_footprint_within_35m,medium,,,pending_human_review,https://arcgis.tampagov.net/arcgis/rest/services/Parcels/TaxParcel/FeatureServer/0,2026-08-28T04:55:51+00:00
pal-12dec27956ec68c5,tpa-6ac90c5f6dc791,mp-bd05d796ca3a37b8,123695.0000,A-33-29-18-3TP-000046-00013.0,3717 OBISPO ST,building_footprint_folio,nearest_footprint_within_35m,medium,,,pending_human_review,https://arcgis.tampagov.net/arcgis/rest/services/Parcels/TaxParcel/FeatureServer/0,2026-08-28T04:55:51+00:00
pal-74a0075ae9d62083,tpa-6b566ff271f5da,mp-abeb3d0114a5d931,192605.0026,A-24-29-18-4YP-000000-00008.0,1010 N MACINNES PL,building_footprint_folio,point_in_building_footprint,high,,,pending_human_review,https://arcgis.tampagov.net/arcgis/rest/services/Parcels/TaxParcel/FeatureServer/0,2026-08-28T04:55:51+00:00
pal-d85583d8d9278e29,tpa-6b56a9668ca19a,mp-e0a491436bb1142a,169383.0000,A-36-29-18-4J6-C00000-00009.0,578 W DAVIS BLVD,building_footprint_folio,nearest_footprint_within_35m,medium,,,pending_human_review,https://arcgis.tampagov.net/arcgis/rest/services/Parcels/TaxParcel/FeatureServer/0,2026-08-28T04:55:51+00:00
pal-a9d51b5b9b915fcb,tpa-6b80cf500fdf8c,mp-42aa7326489f9114,127693.0000,A-03-30-18-3VJ-000000-00041.0,2924 W VILLA ROSA PARK,building_footprint_folio,nearest_footprint_within_35m,medium,,,pending_human_review,https://arcgis.tampagov.net/arcgis/rest/services/Parcels/TaxParcel/FeatureServer/0,2026-08-28T04:55:51+00:00
pal-4ed3042dd9b4aaf9,tpa-6beb67d1953e4e,mp-0eca843b0f9b6f2c,113219.0000,A-20-29-18-3L2-000005-00019.0,216 S GARDENIA AVE,building_footprint_folio,point_in_building_footprint,high,,,pending_human_review,https://arcgis.tampagov.net/arcgis/rest/services/Parcels/TaxParcel/FeatureServer/0,2026-08-28T04:55:51+00:00
pal-3c9a705e6819f3a3,tpa-6c00829039efb3,mp-86a32af4818f6c24,137158.0000,A-16-30-18-41S-000008-00011.0,6238 S GRADY AVE,building_footprint_folio,point_in_building_footprint,high,,,pending_human_review,https://arcgis.tampagov.net/arcgis/rest/services/Parcels/TaxParcel/FeatureServer/0,2026-08-28T04:55:51+00:00
pal-78fd2d2540459842,tpa-6c90a7fa496445,mp-5436ec8b4cbfe60c,122339.0000,A-32-29-18-3TF-000000-00107.0,3614 S RENELLIE DR,building_footprint_folio,nearest_footprint_within_35m,medium,,,pending_human_review,https://arcgis.tampagov.net/arcgis/rest/services/Parcels/TaxParcel/FeatureServer/0,2026-08-28T04:55:51+00:00
pal-883a541182a9b2ea,tpa-6c9c8d5a41ec9f,mp-3fab2d16a7d114d8,167299.0100,A-11-29-18-4HD-000036-00018.1,905 W FRIBLEY ST,building_footprint_folio,nearest_footprint_within_35m,medium,,,pending_human_review,https://arcgis.tampagov.net/arcgis/rest/services/Parcels/TaxParcel/FeatureServer/0,2026-08-28T04:55:51+00:00
pal-cbd91c6a8bb2e8a8,tpa-6cbd40fc336d20,mp-3ed5701af8ac5fd5,169387.0000,A-36-29-18-4J6-C00000-00013.0,570 W DAVIS BLVD,building_footprint_folio,nearest_footprint_within_35m,medium,,,pending_human_review,https://arcgis.tampagov.net/arcgis/rest/services/Parcels/TaxParcel/FeatureServer/0,2026-08-28T04:55:51+00:00
pal-97c28a8d79bdc5d6,tpa-6ccb83d0fc130b,mp-855e45a221816078,106968.0000,A-03-29-18-3I8-000006-00003.0,4612 N JAMAICA ST,building_footprint_folio,nearest_footprint_within_35m,medium,,,pending_human_review,https://arcgis.tampagov.net/arcgis/rest/services/Parcels/TaxParcel/FeatureServer/0,2026-08-28T04:55:51+00:00
pal-e6d547fc8a0dc425,tpa-6cd0c0292556c9,mp-e48fce925d853abc,182205.0000,A-12-29-18-4QN-000003-00001.0,3110 N TAMPA ST,building_footprint_folio,point_in_building_footprint,high,,,pending_human_review,https://arcgis.tampagov.net/arcgis/rest/services/Parcels/TaxParcel/FeatureServer/0,2026-08-28T04:55:51+00:00
pal-5e362e42d7ca5124,tpa-6cd24b8246e782,mp-124a98928ea16a94,104655.0000,A-35-28-18-3H1-000002-00034.0,2117 W BURKE ST,building_footprint_folio,nearest_footprint_within_35m,medium,,,pending_human_review,https://arcgis.tampagov.net/arcgis/rest/services/Parcels/TaxParcel/FeatureServer/0,2026-08-28T04:55:51+00:00
pal-74401ba77393f829,tpa-6ce302020a72d9,mp-819bd8d02853101a,120965.0000,A-29-29-18-3SL-000017-00001.4,4508 W SAN RAFAEL ST,building_footprint_folio,nearest_footprint_within_35m,medium,,,pending_human_review,https://arcgis.tampagov.net/arcgis/rest/services/Parcels/TaxParcel/FeatureServer/0,2026-08-28T04:55:51+00:00
pal-8da58ef3f5306399,tpa-6cfb3c773ef9bd,mp-646fdc0b65bbff05,173337.0000,A-07-29-19-4MP-000006-00004.1,3501 N AVENIDA REPUBLICA DE CUBA ST,building_footprint_folio,nearest_footprint_within_35m,medium,,,pending_human_review,https://arcgis.tampagov.net/arcgis/rest/services/Parcels/TaxParcel/FeatureServer/0,2026-08-28T04:55:51+00:00
pal-30205d74f5e14156,tpa-6d194c4d68193d,mp-60c03dacae44da22,101347.0000,A-26-28-18-3FB-000000-00007.0,8316 N BLVD,building_footprint_folio,nearest_footprint_within_35m,medium,,,pending_human_review,https://arcgis.tampagov.net/arcgis/rest/services/Parcels/TaxParcel/FeatureServer/0,2026-08-28T04:55:51+00:00
pal-abeed2874401bb2f,tpa-6d2ee906e3c44f,mp-49716c0991565530,98729.0000,A-23-28-18-3E9-000022-00007.0,1315 W YUKON ST,building_footprint_folio,nearest_footprint_within_35m,medium,,,pending_human_review,https://arcgis.tampagov.net/arcgis/rest/services/Parcels/TaxParcel/FeatureServer/0,2026-08-28T04:55:51+00:00
pal-17546d1f9fcedcaf,tpa-6d53049560016b,mp-374ae88dfc90711a,121216.0000,A-29-29-18-3SV-000005-00004.0,2120 S VENUS ST,building_footprint_folio,point_in_building_footprint,high,,,pending_human_review,https://arcgis.tampagov.net/arcgis/rest/services/Parcels/TaxParcel/FeatureServer/0,2026-08-28T04:55:51+00:00
pal-7a2ba6338a69b920,tpa-6db438b1ffd53e,mp-7501b03970b12059,121476.0000,A-32-29-18-3T6-000000-00002.0,3108 S OMAR AVE,building_footprint_folio,point_in_building_footprint,high,,,pending_human_review,https://arcgis.tampagov.net/arcgis/rest/services/Parcels/TaxParcel/FeatureServer/0,2026-08-28T04:55:51+00:00
pal-a500c4353de4b7f8,tpa-6ddb25d7eb7ef2,mp-b592141009112788,127231.0000,A-34-29-18-3V4-000000-00004.0,2908 W EUCLID AVE,building_footprint_folio,point_in_building_footprint,high,,,pending_human_review,https://arcgis.tampagov.net/arcgis/rest/services/Parcels/TaxParcel/FeatureServer/0,2026-08-28T04:55:51+00:00
pal-34e5c58fc014d0e3,tpa-6e55660e90cae5,mp-59a2fb2a03856c71,177979.0000,A-14-29-18-4PE-000006-00004.0,2314 W ARCH ST,building_footprint_folio,nearest_footprint_within_35m,medium,,,pending_human_review,https://arcgis.tampagov.net/arcgis/rest/services/Parcels/TaxParcel/FeatureServer/0,2026-08-28T04:55:51+00:00
pal-cd90878343e4eb25,tpa-6ebbc631d4e700,mp-3dda37b3d143c81f,177525.0000,A-14-29-18-4PB-000010-00024.0,1913 W SAINT JOHN ST,building_footprint_folio,nearest_footprint_within_35m,medium,,,pending_human_review,https://arcgis.tampagov.net/arcgis/rest/services/Parcels/TaxParcel/FeatureServer/0,2026-08-28T04:55:51+00:00
pal-e3c0333784d8913f,tpa-6eeb059361be66,mp-a7df960b53191540,184052.0000,A-23-29-18-4S5-000006-00011.2,207 N ALBANY AVE,building_footprint_folio,nearest_footprint_within_35m,medium,,,pending_human_review,https://arcgis.tampagov.net/arcgis/rest/services/Parcels/TaxParcel/FeatureServer/0,2026-08-28T04:55:51+00:00
pal-74f85e213706da81,tpa-6f466745c78d53,mp-a3d7c7a41585de22,122964.0000,A-32-29-18-3TN-000006-00012.0,3422 S BEACH DR,building_footprint_folio,point_in_building_footprint,high,,,pending_human_review,https://arcgis.tampagov.net/arcgis/rest/services/Parcels/TaxParcel/FeatureServer/0,2026-08-28T04:55:51+00:00
pal-48337544f545da02,tpa-6f672b1636c2e4,mp-aeef065ae3ffacb1,196831.0000,A-36-29-18-50I-000009-00020.0,581 LUZON AVE,building_footprint_folio,nearest_footprint_within_35m,medium,,,pending_human_review,https://arcgis.tampagov.net/arcgis/rest/services/Parcels/TaxParcel/FeatureServer/0,2026-08-28T04:55:51+00:00
pal-0322c9e75f09c9df,tpa-6f7604c3ade11e,mp-39507fb6173dae38,185358.0000,A-26-29-18-4TC-000007-00010.0,716 S WILLOW AVE,building_footprint_folio,point_in_building_footprint,high,,,pending_human_review,https://arcgis.tampagov.net/arcgis/rest/services/Parcels/TaxParcel/FeatureServer/0,2026-08-28T04:55:51+00:00
pal-14dc68d27894ec2e,tpa-6fd7f19befdce6,mp-60800b69430719fb,124367.0000,A-33-29-18-3TS-000039-00006.0,4110 W SAN LUIS ST,building_footprint_folio,point_in_building_footprint,high,,,pending_human_review,https://arcgis.tampagov.net/arcgis/rest/services/Parcels/TaxParcel/FeatureServer/0,2026-08-28T04:55:51+00:00
pal-d83f38e724a28f68,tpa-6fdd9525443cb1,mp-a73f3ea7588cf67e,158981.0000,A-10-29-19-4BX-000015-00016.0,3607 N 52ND ST,building_footprint_folio,nearest_footprint_within_35m,medium,,,pending_human_review,https://arcgis.tampagov.net/arcgis/rest/services/Parcels/TaxParcel/FeatureServer/0,2026-08-28T04:55:51+00:00
pal-1343275dba4c2ca9,tpa-70050aedd5cd92,mp-ffc68e802dd1f283,180472.0000,A-15-29-18-4PV-000044-00022.0,3219 CHERRY ST,building_footprint_folio,point_in_building_footprint,high,,,pending_human_review,https://arcgis.tampagov.net/arcgis/rest/services/Parcels/TaxParcel/FeatureServer/0,2026-08-28T04:55:51+00:00
pal-efddca1c6f4c03dd,tpa-700e4b3f9e7f14,mp-22586b09727d91d7,131081.0000,A-05-30-18-3XD-000001-00004.0,4713 W FAIR OAKS AVE,building_footprint_folio,nearest_footprint_within_35m,medium,,,pending_human_review,https://arcgis.tampagov.net/arcgis/rest/services/Parcels/TaxParcel/FeatureServer/0,2026-08-28T04:55:51+00:00
pal-b8e088e61a5a0b0c,tpa-70c8b4f49e50c0,mp-97824338e6f11673,179609.0000,A-15-29-18-4PQ-000049-00016.0,2737 W GREEN ST,building_footprint_folio,nearest_footprint_within_35m,medium,,,pending_human_review,https://arcgis.tampagov.net/arcgis/rest/services/Parcels/TaxParcel/FeatureServer/0,2026-08-28T04:55:51+00:00
pal-a427579e87ba6c89,tpa-70de17b91f6c6f,mp-52061ea6de66f6e6,188963.0000,A-17-29-19-4W5-000001-00008.0,2315 E 12TH AVE,building_footprint_folio,nearest_footprint_within_35m,medium,,,pending_human_review,https://arcgis.tampagov.net/arcgis/rest/services/Parcels/TaxParcel/FeatureServer/0,2026-08-28T04:55:51+00:00
pal-f15d8a0e6956c15f,tpa-70f097e3e7a8b7,mp-ce10f3b94df69943,171314.0000,A-06-29-19-ZZZ-000005-88320.0,1309 E NORTH BAY ST,building_footprint_folio,exact_address_nearby_footprint,high,,,pending_human_review,https://arcgis.tampagov.net/arcgis/rest/services/Parcels/TaxParcel/FeatureServer/0,2026-08-28T04:55:51+00:00
pal-3af387c4957e365e,tpa-71645d3fbbb07b,mp-d277c998d3c1322c,113107.0594,A-20-29-18-3KV-000000-C0000.0,4611 W NORTH B ST,building_footprint_folio,nearest_footprint_within_35m,medium,,,pending_human_review,https://arcgis.tampagov.net/arcgis/rest/services/Parcels/TaxParcel/FeatureServer/0,2026-08-28T04:55:51+00:00
pal-f987793103cd1439,tpa-71ba922da48242,mp-b2f178abd863e004,177638.0100,A-14-29-18-4PB-000017-00001.1,1700 W SAINT CONRAD ST,building_footprint_folio,nearest_footprint_within_35m,medium,,,pending_human_review,https://arcgis.tampagov.net/arcgis/rest/services/Parcels/TaxParcel/FeatureServer/0,2026-08-28T04:55:51+00:00
pal-49fc17b03693ef08,tpa-72154b43e76241,mp-4ce3c52db2da378b,121644.0000,A-32-29-18-3T7-000009-00011.0,3010 S KEATS ST,building_footprint_folio,point_in_building_footprint,high,,,pending_human_review,https://arcgis.tampagov.net/arcgis/rest/services/Parcels/TaxParcel/FeatureServer/0,2026-08-28T04:55:51+00:00
pal-d5714fa1692e8502,tpa-723e5a94cf8f07,mp-9ebc41cc1d6c630f,172600.0000,A-07-29-19-4LY-000036-00002.0,1513 E 33RD AVE,building_footprint_folio,nearest_footprint_within_35m,medium,,,pending_human_review,https://arcgis.tampagov.net/arcgis/rest/services/Parcels/TaxParcel/FeatureServer/0,2026-08-28T04:55:51+00:00
pal-1e93afad98b39a33,tpa-73528532e8d256,mp-88a81282ffdcf38e,195767.0000,A-36-29-18-509-000069-00057.0,515 SUWANEE CIR,building_footprint_folio,nearest_footprint_within_35m,medium,,,pending_human_review,https://arcgis.tampagov.net/arcgis/rest/services/Parcels/TaxParcel/FeatureServer/0,2026-08-28T04:55:51+00:00
pal-e5d677a40688f23d,tpa-73555a6fd1afcc,mp-dfbd56c2f2525688,111257.0000,A-16-29-18-3JF-000002-00007.0,4111 W GRACE ST,building_footprint_folio,point_in_building_footprint,high,,,pending_human_review,https://arcgis.tampagov.net/arcgis/rest/services/Parcels/TaxParcel/FeatureServer/0,2026-08-28T04:55:51+00:00
pal-7c80823bbb64aad1,tpa-7370eaa2508bad,mp-8d889199e0a7550f,120648.0000,,,building_footprint_folio,nearest_footprint_within_35m,medium,,,pending_human_review,https://arcgis.tampagov.net/arcgis/rest/services/OpenData/Location/MapServer/0,2026-08-28T04:55:51+00:00
pal-ec396dd1a9540577,tpa-7398a70681d784,mp-87beaa0fc501c9bc,196659.0000,A-36-29-18-50I-000007-00009.0,629 HUDSON AVE,building_footprint_folio,nearest_footprint_within_35m,medium,,,pending_human_review,https://arcgis.tampagov.net/arcgis/rest/services/Parcels/TaxParcel/FeatureServer/0,2026-08-28T04:55:51+00:00
pal-cce55b5a22e6ca0d,tpa-747f5c445ff928,mp-327bb1aefd9060fa,125957.0000,A-34-29-18-3U4-000040-00004.0,3208 W PALMIRA AVE,building_footprint_folio,nearest_footprint_within_35m,medium,,,pending_human_review,https://arcgis.tampagov.net/arcgis/rest/services/Parcels/TaxParcel/FeatureServer/0,2026-08-28T04:55:51+00:00
pal-af9ebc3410c488da,tpa-74889adc5280a6,mp-b5d3c29acd0465a3,129777.0000,A-04-30-18-3WV-000014-00014.0,4328 S GRADY AVE,building_footprint_folio,nearest_footprint_within_35m,medium,,,pending_human_review,https://arcgis.tampagov.net/arcgis/rest/services/Parcels/TaxParcel/FeatureServer/0,2026-08-28T04:55:51+00:00
pal-8ac89307f2bd2493,tpa-753135ef983deb,mp-d2bdef471fccbb97,110967.0020,A-17-29-18-ZZZ-000005-47620.2,2223 N WEST SHORE BLVD 400,building_footprint_folio,point_in_building_footprint,high,,,pending_human_review,https://arcgis.tampagov.net/arcgis/rest/services/Parcels/TaxParcel/FeatureServer/0,2026-08-28T04:55:51+00:00
pal-e1ae71659e418b92,tpa-75372df50eac29,mp-3d30d1b839e6df07,169430.0000,A-36-29-18-4J6-G00000-00007.0,562 LUCERNE AVE,building_footprint_folio,nearest_footprint_within_35m,medium,,,pending_human_review,https://arcgis.tampagov.net/arcgis/rest/services/Parcels/TaxParcel/FeatureServer/0,2026-08-28T04:55:51+00:00
pal-aef80e2624010f79,tpa-757503136a2c42,mp-a3172f16a9c4aea3,127072.0800,A-34-29-18-3UO-000000-00001.8,2917 W SANTIAGO ST,building_footprint_folio,nearest_footprint_within_35m,medium,,,pending_human_review,https://arcgis.tampagov.net/arcgis/rest/services/Parcels/TaxParcel/FeatureServer/0,2026-08-28T04:55:51+00:00
pal-b7deb9d04cbd2ba2,tpa-764dd11659f1eb,mp-4df45ab9b65c89ba,113107.0584,A-20-29-18-3KV-R00000-A0000.0,4614 W FIG ST A,building_footprint_folio,nearest_footprint_within_35m,medium,,,pending_human_review,https://arcgis.tampagov.net/arcgis/rest/services/Parcels/TaxParcel/FeatureServer/0,2026-08-28T04:55:51+00:00
pal-b0a8eebd15304a84,tpa-76514f256dd0dc,mp-5e0ba070bed9d944,136598.0000,A-15-30-18-41M-000000-00007.0,3107 W NAPOLEON AVE,building_footprint_folio,nearest_footprint_within_35m,medium,,,pending_human_review,https://arcgis.tampagov.net/arcgis/rest/services/Parcels/TaxParcel/FeatureServer/0,2026-08-28T04:55:51+00:00
pal-6f81a38fd9001d36,tpa-77239e30beef80,mp-58ef356a3a7cb1f9,122145.0000,A-32-29-18-3TC-000000-00114.0,2410 S DUNDEE ST,building_footprint_folio,nearest_footprint_within_35m,medium,,,pending_human_review,https://arcgis.tampagov.net/arcgis/rest/services/Parcels/TaxParcel/FeatureServer/0,2026-08-28T04:55:51+00:00
pal-517d6cc6b3f1fb33,tpa-774498353611af,mp-67d335d3b1f6868d,128703.0000,A-03-30-18-3W8-000000-00033.0,2909 W CHAPIN AVE,building_footprint_folio,nearest_footprint_within_35m,medium,,,pending_human_review,https://arcgis.tampagov.net/arcgis/rest/services/Parcels/TaxParcel/FeatureServer/0,2026-08-28T04:55:51+00:00
pal-50fe02a5df17ba22,tpa-7752b16f450011,mp-78929b27552070d5,134567.1000,A-10-30-18-3ZD-B00000-00015.0,5407 S SELLAS ST,building_footprint_folio,nearest_footprint_within_35m,medium,,,pending_human_review,https://arcgis.tampagov.net/arcgis/rest/services/Parcels/TaxParcel/FeatureServer/0,2026-08-28T04:55:51+00:00
pal-4f1cc22be0adb9e7,tpa-77aeefa7cab39d,mp-9a15cf1ee66bbd47,172481.0000,A-06-29-19-4LX-000001-00001.2,4110 15TH ST,building_footprint_folio,nearest_footprint_within_35m,medium,,,pending_human_review,https://arcgis.tampagov.net/arcgis/rest/services/Parcels/TaxParcel/FeatureServer/0,2026-08-28T04:55:51+00:00
pal-275361862036b0e8,tpa-77bca1359aafa8,mp-3aa2c19393d2da13,121204.0000,A-29-29-18-3SU-000000-00033.0,4914 W SAN RAFAEL ST,building_footprint_folio,nearest_footprint_within_35m,medium,,,pending_human_review,https://arcgis.tampagov.net/arcgis/rest/services/Parcels/TaxParcel/FeatureServer/0,2026-08-28T04:55:51+00:00
pal-0d1d8b42d2c61b6f,tpa-77efcaa021100f,mp-b67b306d841c5738,104736.0000,A-35-28-18-3H1-000005-00012.0,2302 W CLIFTON ST,building_footprint_folio,point_in_building_footprint,high,,,pending_human_review,https://arcgis.tampagov.net/arcgis/rest/services/Parcels/TaxParcel/FeatureServer/0,2026-08-28T04:55:51+00:00
pal-b92723edadd9c25c,tpa-781436e2c34b27,mp-ce80d71fea335ce1,118695.0000,A-27-29-18-3QG-000021-00001.0,3100 W SAN CARLOS ST,building_footprint_folio,point_in_building_footprint,high,,,pending_human_review,https://arcgis.tampagov.net/arcgis/rest/services/Parcels/TaxParcel/FeatureServer/0,2026-08-28T04:55:51+00:00
pal-a02b3baa9bfa9cc8,tpa-782dd496108c88,mp-17b9919ec59f064e,180374.0000,A-15-29-18-4PV-000007-00005.0,3208 W NASSAU ST,building_footprint_folio,nearest_footprint_within_35m,medium,,,pending_human_review,https://arcgis.tampagov.net/arcgis/rest/services/Parcels/TaxParcel/FeatureServer/0,2026-08-28T04:55:51+00:00
pal-d95d116cde4653ae,tpa-787c8433ac0b11,mp-7374702499a90445,162947.0000,A-36-28-18-4F5-000000-00004.0,207 W HIAWATHA ST,building_footprint_folio,nearest_footprint_within_35m,medium,,,pending_human_review,https://arcgis.tampagov.net/arcgis/rest/services/Parcels/TaxParcel/FeatureServer/0,2026-08-28T04:55:51+00:00
pal-cea18d9c5f4f744e,tpa-78dad42d02c7c0,mp-12be29fcccbc6926,125203.0000,A-33-29-18-3U0-000000-00062.0,3714 W KENSINGTON AVE,building_footprint_folio,nearest_footprint_within_35m,medium,,,pending_human_review,https://arcgis.tampagov.net/arcgis/rest/services/Parcels/TaxParcel/FeatureServer/0,2026-08-28T04:55:51+00:00
pal-a689f8eac8f977b8,tpa-78ee6eb5ea23a5,mp-dcb3bb7188b476d7,146233.0000,A-19-28-19-45M-000005-00011.0,8612 N 12TH ST,building_footprint_folio,nearest_footprint_within_35m,medium,,,pending_human_review,https://arcgis.tampagov.net/arcgis/rest/services/Parcels/TaxParcel/FeatureServer/0,2026-08-28T04:55:51+00:00
pal-024e059d73230ab0,tpa-792f836fe05697,mp-59859e699fbedfac,130093.0000,A-05-30-18-3X4-000001-00004.0,4437 W BAY VILLA AVE,building_footprint_folio,nearest_footprint_within_35m,medium,,,pending_human_review,https://arcgis.tampagov.net/arcgis/rest/services/Parcels/TaxParcel/FeatureServer/0,2026-08-28T04:55:51+00:00
pal-7e1b737adbd30364,tpa-797255aec523dc,mp-27c5012f96d4aa0f,176939.0000,A-10-29-18-4OX-000002-00009.0,2737 W LEROY ST,building_footprint_folio,point_in_building_footprint,high,,,pending_human_review,https://arcgis.tampagov.net/arcgis/rest/services/Parcels/TaxParcel/FeatureServer/0,2026-08-28T04:55:51+00:00
pal-7da882c4e73bee11,tpa-79bb3f5f3055ed,mp-cfb3a6e650afee41,184445.0000,A-23-29-18-4SB-000014-00011.0,504 S MELVILLE AVE,building_footprint_folio,nearest_footprint_within_35m,medium,,,pending_human_review,https://arcgis.tampagov.net/arcgis/rest/services/Parcels/TaxParcel/FeatureServer/0,2026-08-28T04:55:51+00:00
pal-06ba206e3042c606,tpa-7b3dbee02a0066,mp-524758a2b85b60e5,195460.0000,A-36-29-18-509-000042-00056.0,14 LADOGA AVE,building_footprint_folio,nearest_footprint_within_35m,medium,,,pending_human_review,https://arcgis.tampagov.net/arcgis/rest/services/Parcels/TaxParcel/FeatureServer/0,2026-08-28T04:55:51+00:00
pal-32a4e679497a710a,tpa-7b556295f04aaf,mp-bc4d1cf0321a55da,104829.0000,A-35-28-18-3H3-000005-00010.0,5409 N PARK PL,building_footprint_folio,nearest_footprint_within_35m,medium,,,pending_human_review,https://arcgis.tampagov.net/arcgis/rest/services/Parcels/TaxParcel/FeatureServer/0,2026-08-28T04:55:51+00:00
pal-0d5e5085216038c3,tpa-7bdbda744b30dc,mp-0074ac99cf11abd2,121570.0100,A-32-29-18-3T7-000004-00008.0,4620 W TENNYSON AVE,building_footprint_folio,point_in_building_footprint,high,,,pending_human_review,https://arcgis.tampagov.net/arcgis/rest/services/Parcels/TaxParcel/FeatureServer/0,2026-08-28T04:55:51+00:00
pal-a0e9c3cc4e07f45d,tpa-7c219f1032e393,mp-badc50eaaf715895,126046.0200,A-34-29-18-3U4-000046-00009.0,3318 W BARCELONA ST,building_footprint_folio,point_in_building_footprint,high,,,pending_human_review,https://arcgis.tampagov.net/arcgis/rest/services/Parcels/TaxParcel/FeatureServer/0,2026-08-28T04:55:51+00:00
pal-a9eeed737e349b60,tpa-7c429afce10b19,mp-1b1b81753af10e99,196461.0000,A-36-29-18-50I-000004-00013.0,604 SUPERIOR AVE,building_footprint_folio,point_in_building_footprint,high,,,pending_human_review,https://arcgis.tampagov.net/arcgis/rest/services/Parcels/TaxParcel/FeatureServer/0,2026-08-28T04:55:51+00:00
pal-07da389151ab44fe,tpa-7c817e4de147b7,mp-450be26e63174412,181267.0000,A-23-29-18-4Q8-000006-00010.0,1918 W LEMON ST,building_footprint_folio,nearest_footprint_within_35m,medium,,,pending_human_review,https://arcgis.tampagov.net/arcgis/rest/services/Parcels/TaxParcel/FeatureServer/0,2026-08-28T04:55:51+00:00
pal-32f2e59b1b0657f8,tpa-7c9c998e3a395d,mp-2970ee61c5b74c5d,130374.0000,A-05-30-18-3X8-000003-00020.0,4310 S TRASK ST,building_footprint_folio,point_in_building_footprint,high,,,pending_human_review,https://arcgis.tampagov.net/arcgis/rest/services/Parcels/TaxParcel/FeatureServer/0,2026-08-28T04:55:51+00:00
pal-e3cdd9a2b1f621ac,tpa-7d2996141ea393,mp-da8500a72d64b9d4,138344.0000,A-17-30-18-42F-000000-00011.0,8023 INTERBAY BLVD,building_footprint_folio,nearest_footprint_within_35m,medium,,,pending_human_review,https://arcgis.tampagov.net/arcgis/rest/services/Parcels/TaxParcel/FeatureServer/0,2026-08-28T04:55:51+00:00
pal-5fe70d1fa4859710,tpa-7d2adae40d5715,mp-0cd20d0a7e6033be,135429.0000,A-10-30-18-3ZW-000004-00001.1,3210 W WYOMING AVE,building_footprint_folio,nearest_footprint_within_35m,medium,,,pending_human_review,https://arcgis.tampagov.net/arcgis/rest/services/Parcels/TaxParcel/FeatureServer/0,2026-08-28T04:55:51+00:00
pal-1970f9c5b28c7e29,tpa-7d3fad23750f2d,mp-3cc067fabe8b3b84,164934.0000,A-01-29-18-4GD-000002-00006.0,807 E LOUISIANA AVE,building_footprint_folio,nearest_footprint_within_35m,medium,,,pending_human_review,https://arcgis.tampagov.net/arcgis/rest/services/Parcels/TaxParcel/FeatureServer/0,2026-08-28T04:55:51+00:00
pal-2e5a2778f3772bba,tpa-7d71bf505e0332,mp-0448cabc56b50b36,119927.0000,A-28-29-18-3RL-000000-00008.0,3916 W SAN MIGUEL ST,building_footprint_folio,nearest_footprint_within_35m,medium,,,pending_human_review,https://arcgis.tampagov.net/arcgis/rest/services/Parcels/TaxParcel/FeatureServer/0,2026-08-28T04:55:51+00:00
pal-2bafdcff2fc58a4b,tpa-7d757cf11c37c4,mp-b72661801c609228,181102.0000,A-23-29-18-4Q7-000005-00003.0,1312 W LEMON ST,building_footprint_folio,nearest_footprint_within_35m,medium,,,pending_human_review,https://arcgis.tampagov.net/arcgis/rest/services/Parcels/TaxParcel/FeatureServer/0,2026-08-28T04:55:51+00:00
pal-fcef839c7b709234,tpa-7d97171cacc169,mp-9a6a3394afbe0791,132427.2630,A-08-30-18-94D-000000-00115.0,4718 LEGACY PARK DR,building_footprint_folio,point_in_building_footprint,high,,,pending_human_review,https://arcgis.tampagov.net/arcgis/rest/services/Parcels/TaxParcel/FeatureServer/0,2026-08-28T04:55:51+00:00
pal-301e0336c776b992,tpa-7e19316a24edf7,mp-fba5b74a36308e4b,163486.0000,A-36-28-18-4FB-000000-00517.0,101 W FERN ST,building_footprint_folio,point_in_building_footprint,high,,,pending_human_review,https://arcgis.tampagov.net/arcgis/rest/services/Parcels/TaxParcel/FeatureServer/0,2026-08-28T04:55:51+00:00
pal-dd862abbef11ce12,tpa-7e3de939775c4a,mp-48da6f7787cae843,113722.0000,A-29-29-18-3LA-000021-00010.0,4520 W ROSEMERE RD,building_footprint_folio,point_in_building_footprint,high,,,pending_human_review,https://arcgis.tampagov.net/arcgis/rest/services/Parcels/TaxParcel/FeatureServer/0,2026-08-28T04:55:51+00:00
pal-46e22b23d7126aa3,tpa-7e492b20c6441e,mp-2d6a845ca873509f,107264.0300,A-03-29-18-3IF-000008-00024.0,2920 W CREST AVE,building_footprint_folio,exact_address_nearby_footprint,high,,,pending_human_review,https://arcgis.tampagov.net/arcgis/rest/services/Parcels/TaxParcel/FeatureServer/0,2026-08-28T04:55:51+00:00
pal-6d065fbd91f42ab5,tpa-7e71828d580d98,mp-a9b2ac402cf020e5,113528.0000,A-20-29-18-3LA-000009-00003.0,205 S WEST SHORE BLVD,building_footprint_folio,point_in_building_footprint,high,,,pending_human_review,https://arcgis.tampagov.net/arcgis/rest/services/Parcels/TaxParcel/FeatureServer/0,2026-08-28T04:55:51+00:00
pal-710ee8e0c96c875e,tpa-7e9c85c181e2d5,mp-f7c96f5ea0aec8b4,196032.0000,A-36-29-18-509-000094-00025.0,590 LUZON AVE,building_footprint_folio,point_in_building_footprint,high,,,pending_human_review,https://arcgis.tampagov.net/arcgis/rest/services/Parcels/TaxParcel/FeatureServer/0,2026-08-28T04:55:51+00:00
pal-210387d6508198c7,tpa-7eab775596cf4f,mp-e3903c47d9802f28,130619.0000,A-05-30-18-3X8-000010-00038.0,4026 S WEST SHORE BLVD,building_footprint_folio,point_in_building_footprint,high,,,pending_human_review,https://arcgis.tampagov.net/arcgis/rest/services/Parcels/TaxParcel/FeatureServer/0,2026-08-28T04:55:51+00:00
pal-7a4f5d263580ecb3,tpa-7eb21359a5c79f,mp-42cc5c0df9a3c31a,117227.0100,A-23-29-18-3OF-000005-00003.2,206 S MOODY AVE 2,building_footprint_folio,point_in_building_footprint,high,,,pending_human_review,https://arcgis.tampagov.net/arcgis/rest/services/Parcels/TaxParcel/FeatureServer/0,2026-08-28T04:55:51+00:00
pal-63dea6cae9651f4d,tpa-7eeb547df4703f,mp-ec51b3cc4a773133,194954.0000,A-25-29-18-509-000007-00015.0,121 ADALIA AVE,building_footprint_folio,point_in_building_footprint,high,,,pending_human_review,https://arcgis.tampagov.net/arcgis/rest/services/Parcels/TaxParcel/FeatureServer/0,2026-08-28T04:55:51+00:00
pal-8028f00c5c9215e9,tpa-7f51599154e7af,mp-8abdd810d1c6d81e,104767.0000,A-35-28-18-3H2-000000-00003.0,1905 W JEAN ST,building_footprint_folio,nearest_footprint_within_35m,medium,,,pending_human_review,https://arcgis.tampagov.net/arcgis/rest/services/Parcels/TaxParcel/FeatureServer/0,2026-08-28T04:55:51+00:00
pal-f5a0471a5a18f15e,tpa-800faea43666ee,mp-079dcc1a9f9a23e4,134686.0125,A-10-30-18-3ZF-K00000-00014.0,2913 W TRILBY AVE,building_footprint_folio,nearest_footprint_within_35m,medium,,,pending_human_review,https://arcgis.tampagov.net/arcgis/rest/services/Parcels/TaxParcel/FeatureServer/0,2026-08-28T04:55:51+00:00
pal-3f349142060a6537,tpa-80702c7a4addc9,mp-23a767e451f086a5,186499.0000,A-07-29-19-4UP-000003-00002.0,1017 E 24TH AVE,building_footprint_folio,nearest_footprint_within_35m,medium,,,pending_human_review,https://arcgis.tampagov.net/arcgis/rest/services/Parcels/TaxParcel/FeatureServer/0,2026-08-28T04:55:51+00:00
pal-127cbf3e7e37783d,tpa-80a643be144cb2,mp-d2e687db1c8f8e36,100101.0000,A-24-28-18-3EN-000012-00033.0,8427 HIGHLAND AVE,building_footprint_folio,nearest_footprint_within_35m,medium,,,pending_human_review,https://arcgis.tampagov.net/arcgis/rest/services/Parcels/TaxParcel/FeatureServer/0,2026-08-28T04:55:51+00:00
pal-0dcfbd9beb68fd93,tpa-80b50251d99ce3,mp-e3866e6f19132332,127846.0000,A-03-30-18-3VR-000002-00005.1,3112 W WALLCRAFT AVE,building_footprint_folio,nearest_footprint_within_35m,medium,,,pending_human_review,https://arcgis.tampagov.net/arcgis/rest/services/Parcels/TaxParcel/FeatureServer/0,2026-08-28T04:55:51+00:00
pal-b8211a14348888de,tpa-8107d27d39f51f,mp-a7255e7dad2c2b5f,121177.0000,A-29-29-18-3SU-000000-00006.0,4921 W SAN RAFAEL ST,building_footprint_folio,point_in_building_footprint,high,,,pending_human_review,https://arcgis.tampagov.net/arcgis/rest/services/Parcels/TaxParcel/FeatureServer/0,2026-08-28T04:55:51+00:00
pal-8b2d362106c36f52,tpa-81c5dd94d6444f,mp-6863578bd0983954,126314.0100,A-34-29-18-3U4-000069-00013.0,3507 W SAN JUAN ST,building_footprint_folio,nearest_footprint_within_35m,medium,,,pending_human_review,https://arcgis.tampagov.net/arcgis/rest/services/Parcels/TaxParcel/FeatureServer/0,2026-08-28T04:55:51+00:00
pal-09b909444ae12c0c,tpa-81fc874c1e72be,mp-4d4d00590f0299c0,169357.0000,A-36-29-18-4J6-A00000-00030.0,46 MARTINIQUE AVE,building_footprint_folio,nearest_footprint_within_35m,medium,,,pending_human_review,https://arcgis.tampagov.net/arcgis/rest/services/Parcels/TaxParcel/FeatureServer/0,2026-08-28T04:55:51+00:00
pal-c4de4b09b37761c3,tpa-820779ff656f7d,mp-c101020819185151,184387.0000,A-23-29-18-4SB-000004-00012.0,2008 W AZEELE ST,building_footprint_folio,nearest_footprint_within_35m,medium,,,pending_human_review,https://arcgis.tampagov.net/arcgis/rest/services/Parcels/TaxParcel/FeatureServer/0,2026-08-28T04:55:51+00:00
pal-7d12939ae879de51,tpa-828222b429465b,mp-8b77a65fe3799648,113629.0050,A-20-29-18-3LA-000016-00010.0,0,building_footprint_folio,nearest_footprint_within_35m,medium,,,pending_human_review,https://arcgis.tampagov.net/arcgis/rest/services/Parcels/TaxParcel/FeatureServer/0,2026-08-28T04:55:51+00:00
pal-34666a9046e04e43,tpa-828dd009aca3b8,mp-6d5047625740fb73,113311.0000,A-20-29-18-3L4-000000-00022.C,5107 W AZEELE ST,building_footprint_folio,point_in_building_footprint,high,,,pending_human_review,https://arcgis.tampagov.net/arcgis/rest/services/Parcels/TaxParcel/FeatureServer/0,2026-08-28T04:55:51+00:00
pal-924809318f78e766,tpa-82bf53baa9c0fa,mp-9d88426b4a9be284,195726.0000,A-36-29-18-509-000069-00007.0,617 MARMORA AVE,building_footprint_folio,nearest_footprint_within_35m,medium,,,pending_human_review,https://arcgis.tampagov.net/arcgis/rest/services/Parcels/TaxParcel/FeatureServer/0,2026-08-28T04:55:51+00:00
pal-168ed01b7f4734e3,tpa-82ce3d8874fa01,mp-af029498114033df,117968.0000,A-27-29-18-3Q1-000011-00007.0,812 S MACDILL AVE,building_footprint_folio,point_in_building_footprint,high,,,pending_human_review,https://arcgis.tampagov.net/arcgis/rest/services/Parcels/TaxParcel/FeatureServer/0,2026-08-28T04:55:51+00:00
pal-5d23f1c8d41be1c0,tpa-82d224800f48ca,mp-b7b1e41997b8e493,122604.0000,A-32-29-18-3TI-000000-00012.0,4633 W LEONA ST,building_footprint_folio,nearest_footprint_within_35m,medium,,,pending_human_review,https://arcgis.tampagov.net/arcgis/rest/services/Parcels/TaxParcel/FeatureServer/0,2026-08-28T04:55:51+00:00
pal-6a615c03669afd49,tpa-82fb7e12470bc6,mp-1eb4371c6ae01449,112763.0508,A-20-29-18-3K7-000004-00000.0,4509 W FIG ST B,building_footprint_folio,nearest_footprint_within_35m,medium,,,pending_human_review,https://arcgis.tampagov.net/arcgis/rest/services/Parcels/TaxParcel/FeatureServer/0,2026-08-28T04:55:51+00:00
pal-8fa885f0b72b4a2a,tpa-833ba2a7979f1a,mp-a144c0baa13ad73a,181887.0000,A-11-29-18-4QE-000019-00025.0,2715 N RIDGEWOOD AVE,building_footprint_folio,exact_address_nearby_footprint,high,,,pending_human_review,https://arcgis.tampagov.net/arcgis/rest/services/Parcels/TaxParcel/FeatureServer/0,2026-08-28T04:55:51+00:00
pal-7412b4ba73154bb5,tpa-835286970c5efb,mp-ea421455a0fa8801,188671.1000,A-17-29-19-4VX-000001-00003.0,2919 E COLUMBUS DR,building_footprint_folio,nearest_footprint_within_35m,medium,,,pending_human_review,https://arcgis.tampagov.net/arcgis/rest/services/Parcels/TaxParcel/FeatureServer/0,2026-08-28T04:55:51+00:00
pal-c8be673b0d81627c,tpa-83782d068c1842,mp-db9c99625e9dcd30,118507.0000,A-27-29-18-3Q7-000000-00200.0,2608 W WATROUS AVE,building_footprint_folio,nearest_footprint_within_35m,medium,,,pending_human_review,https://arcgis.tampagov.net/arcgis/rest/services/Parcels/TaxParcel/FeatureServer/0,2026-08-28T04:55:51+00:00
pal-3bb4dfee5e724b4c,tpa-837ab0ae3ea439,mp-9b9d6e33381f1b0a,110967.0020,A-17-29-18-ZZZ-000005-47620.2,2223 N WEST SHORE BLVD 400,building_footprint_folio,point_in_building_footprint,high,,,pending_human_review,https://arcgis.tampagov.net/arcgis/rest/services/Parcels/TaxParcel/FeatureServer/0,2026-08-28T04:55:51+00:00
pal-ef7541680b0d7f4b,tpa-838a75b27ec235,mp-221eb30675f5e276,195810.0000,A-36-29-18-509-000071-00021.0,664 GENEVA PL,building_footprint_folio,nearest_footprint_within_35m,medium,,,pending_human_review,https://arcgis.tampagov.net/arcgis/rest/services/Parcels/TaxParcel/FeatureServer/0,2026-08-28T04:55:51+00:00
pal-923507b0b450d5d4,tpa-845599e11d236f,mp-579ec73a287e2feb,177639.0000,A-14-29-18-4PB-000017-00004.0,1708 W SAINT CONRAD ST,building_footprint_folio,nearest_footprint_within_35m,medium,,,pending_human_review,https://arcgis.tampagov.net/arcgis/rest/services/Parcels/TaxParcel/FeatureServer/0,2026-08-28T04:55:51+00:00
pal-11f6a4ae806f7a41,tpa-84565d038cc7d0,mp-ed1e348df09479e6,195473.0000,A-36-29-18-509-000043-00017.0,25 FORMOSA AVE,building_footprint_folio,point_in_building_footprint,high,,,pending_human_review,https://arcgis.tampagov.net/arcgis/rest/services/Parcels/TaxParcel/FeatureServer/0,2026-08-28T04:55:51+00:00
pal-68ca7b054df33c9f,tpa-84640926ce0129,mp-b1db51e168919f2c,113211.0000,A-20-29-18-3L2-000005-00009.0,207 S OCCIDENT ST,building_footprint_folio,exact_address_nearby_footprint,high,,,pending_human_review,https://arcgis.tampagov.net/arcgis/rest/services/Parcels/TaxParcel/FeatureServer/0,2026-08-28T04:55:51+00:00
pal-d72ba24a72c0efe6,tpa-8486392cf72c14,mp-7506d2acbef75732,114512.0005,A-21-29-18-3LG-000010-00021.0,4017 W CASS ST,building_footprint_folio,nearest_footprint_within_35m,medium,,,pending_human_review,https://arcgis.tampagov.net/arcgis/rest/services/Parcels/TaxParcel/FeatureServer/0,2026-08-28T04:55:51+00:00
pal-64a473aedb66a8fa,tpa-8491a3f3e7b57a,mp-3d654fa4801f6bb8,120946.0000,A-29-29-18-3SL-000014-00007.0,4808 W MELROSE AVE,building_footprint_folio,point_in_building_footprint,high,,,pending_human_review,https://arcgis.tampagov.net/arcgis/rest/services/Parcels/TaxParcel/FeatureServer/0,2026-08-28T04:55:51+00:00
pal-dd425e5eb5b595a8,tpa-84a98fcb1bcae2,mp-eea1af639fb35d66,136503.0000,A-15-30-18-41G-G00000-00015.0,6309 S MAIN AVE,building_footprint_folio,nearest_footprint_within_35m,medium,,,pending_human_review,https://arcgis.tampagov.net/arcgis/rest/services/Parcels/TaxParcel/FeatureServer/0,2026-08-28T04:55:51+00:00
pal-7aee0678e5376935,tpa-8624d7ab20bd7f,mp-80acc232e021dd79,186055.0000,A-26-29-18-4U2-000012-00005.0,909 S BRUCE ST,building_footprint_folio,nearest_footprint_within_35m,medium,,,pending_human_review,https://arcgis.tampagov.net/arcgis/rest/services/Parcels/TaxParcel/FeatureServer/0,2026-08-28T04:55:51+00:00
pal-3a9c6a7c9b1f2c4a,tpa-8636c32ef4d0dc,mp-400a5698c36ab231,163951.0000,A-36-28-18-4FO-000000-00011.0,6010 N TAMPA ST,building_footprint_folio,point_in_building_footprint,high,,,pending_human_review,https://arcgis.tampagov.net/arcgis/rest/services/Parcels/TaxParcel/FeatureServer/0,2026-08-28T04:55:51+00:00
pal-d0c9d8f767ce819d,tpa-8641520643ea61,mp-3cc899041b66c6ae,113466.0000,A-29-29-18-3LA-000003-00028.0,807 GROVE PARK AVE,building_footprint_folio,nearest_footprint_within_35m,medium,,,pending_human_review,https://arcgis.tampagov.net/arcgis/rest/services/Parcels/TaxParcel/FeatureServer/0,2026-08-28T04:55:51+00:00
pal-fab3a8f8d1e7812f,tpa-8681fda42dd0ff,mp-39fe9858b4ccde95,158981.0000,A-10-29-19-4BX-000015-00016.0,3607 N 52ND ST,building_footprint_folio,nearest_footprint_within_35m,medium,,,pending_human_review,https://arcgis.tampagov.net/arcgis/rest/services/Parcels/TaxParcel/FeatureServer/0,2026-08-28T04:55:51+00:00
pal-453bc2866f46cff4,tpa-86c7c11c15aa7d,mp-2eb6bb957bfaa1fe,123791.0000,A-33-29-18-3TP-000052-00009.0,3618 W OBISPO ST,building_footprint_folio,nearest_footprint_within_35m,medium,,,pending_human_review,https://arcgis.tampagov.net/arcgis/rest/services/Parcels/TaxParcel/FeatureServer/0,2026-08-28T04:55:51+00:00
pal-f61f659f3b5efabf,tpa-874737bc1866fa,mp-7e9622a7a270aace,195321.0000,A-25-29-18-509-000032-00030.0,180 CYPRUS AVE,building_footprint_folio,exact_address_nearby_footprint,high,,,pending_human_review,https://arcgis.tampagov.net/arcgis/rest/services/Parcels/TaxParcel/FeatureServer/0,2026-08-28T04:55:51+00:00
pal-90a0893add9e8251,tpa-878bf0671ad261,mp-74f0f2b590560161,127738.0000,A-03-30-18-3VL-000005-00015.0,3120 W KNIGHTS AVE,building_footprint_folio,point_in_building_footprint,high,,,pending_human_review,https://arcgis.tampagov.net/arcgis/rest/services/Parcels/TaxParcel/FeatureServer/0,2026-08-28T04:55:51+00:00
pal-e7b109a77f1c6293,tpa-8851351452b196,mp-3139b6cde683295c,121489.0050,A-32-29-18-3T6-000000-00015.1,4801 W LONGEFELLOW AVE,building_footprint_folio,nearest_footprint_within_35m,medium,,,pending_human_review,https://arcgis.tampagov.net/arcgis/rest/services/Parcels/TaxParcel/FeatureServer/0,2026-08-28T04:55:51+00:00
pal-d13dd34a6392bb43,tpa-885cf9821a0497,mp-70b37c8a7b20fcff,185358.0000,A-26-29-18-4TC-000007-00010.0,716 S WILLOW AVE,building_footprint_folio,nearest_footprint_within_35m,medium,,,pending_human_review,https://arcgis.tampagov.net/arcgis/rest/services/Parcels/TaxParcel/FeatureServer/0,2026-08-28T04:55:51+00:00
pal-44cf1ce7548f9a87,tpa-88d4884c01d2a0,mp-1bbfb044bb2f7ea0,126225.0500,A-34-29-18-3U4-000061-00019.0,3403 SANTIAGO ST,building_footprint_folio,nearest_footprint_within_35m,medium,,,pending_human_review,https://arcgis.tampagov.net/arcgis/rest/services/Parcels/TaxParcel/FeatureServer/0,2026-08-28T04:55:51+00:00
pal-1cd49529b9642b8e,tpa-8922d966245dcd,mp-9b20bf711c0e4112,126692.0000,A-34-29-18-3UJ-000000-00141.0,3406 CORONA ST,building_footprint_folio,point_in_building_footprint,high,,,pending_human_review,https://arcgis.tampagov.net/arcgis/rest/services/Parcels/TaxParcel/FeatureServer/0,2026-08-28T04:55:51+00:00
pal-6452a915be175dba,tpa-894a7c88cfc17c,mp-f65e6810f45710d8,139072.0000,A-20-30-18-42J-000188-00016.0,0,building_footprint_folio,nearest_footprint_within_35m,medium,,,pending_human_review,https://arcgis.tampagov.net/arcgis/rest/services/Parcels/TaxParcel/FeatureServer/0,2026-08-28T04:55:51+00:00
pal-8ff0d0ead1b78ba1,tpa-8971084acb75a6,mp-4388494272db6d7f,138776.0000,A-20-30-18-42J-000141-00011.0,7209 S WEST SHORE BLVD,building_footprint_folio,nearest_footprint_within_35m,medium,,,pending_human_review,https://arcgis.tampagov.net/arcgis/rest/services/Parcels/TaxParcel/FeatureServer/0,2026-08-28T04:55:51+00:00
pal-9f3d79686458bbd6,tpa-89861c48928f4d,mp-1c129fd13bc1788f,136043.0000,A-15-30-18-40Y-000000-00024.0,3012 W MEADOW ST,building_footprint_folio,nearest_footprint_within_35m,medium,,,pending_human_review,https://arcgis.tampagov.net/arcgis/rest/services/Parcels/TaxParcel/FeatureServer/0,2026-08-28T04:55:51+00:00
pal-2e38181c967af81b,tpa-89e436a5fab5f4,mp-e692ac98e4d623d8,119182.0000,A-28-29-18-3QP-000000-00023.0,4107 W WATROUS AVE,building_footprint_folio,nearest_footprint_within_35m,medium,,,pending_human_review,https://arcgis.tampagov.net/arcgis/rest/services/Parcels/TaxParcel/FeatureServer/0,2026-08-28T04:55:51+00:00
pal-3592c07b427c3ef0,tpa-8a8e962a1daa98,mp-fec9031ab26adcf0,193426.0000,A-24-29-18-4ZI-000038-00000.0,702 N FRANKLIN ST,building_footprint_folio,point_in_building_footprint,high,,,pending_human_review,https://arcgis.tampagov.net/arcgis/rest/services/Parcels/TaxParcel/FeatureServer/0,2026-08-28T04:55:51+00:00
pal-3920aaac9ae15dba,tpa-8aad57ec1374aa,mp-aa667a0586d9325e,162924.0000,A-36-28-18-4F4-000000-00021.0,6808 N RIVER BLVD,building_footprint_folio,nearest_footprint_within_35m,medium,,,pending_human_review,https://arcgis.tampagov.net/arcgis/rest/services/Parcels/TaxParcel/FeatureServer/0,2026-08-28T04:55:51+00:00
pal-489c871ecbebf3b3,tpa-8abce98e2ef599,mp-f93079a1ab16e3ab,112281.0000,A-17-29-18-3JV-000001-00139.0,4901 W GRACE ST,building_footprint_folio,point_in_building_footprint,high,,,pending_human_review,https://arcgis.tampagov.net/arcgis/rest/services/Parcels/TaxParcel/FeatureServer/0,2026-08-28T04:55:51+00:00
pal-585a5e15e63a5616,tpa-8afd6bf531261b,mp-52a1216e454c9083,110235.0100,A-11-29-18-3J8-000001-00014.0,4213 N RIVER VIEW AVE,building_footprint_folio,nearest_footprint_within_35m,medium,,,pending_human_review,https://arcgis.tampagov.net/arcgis/rest/services/Parcels/TaxParcel/FeatureServer/0,2026-08-28T04:55:51+00:00
pal-9d81ef8c1037922a,tpa-8b0eb23a54081b,mp-bb09280b9ca5d9b5,124401.0000,A-33-29-18-3TS-000041-00009.0,4318 W SAN LUIS ST,building_footprint_folio,nearest_footprint_within_35m,medium,,,pending_human_review,https://arcgis.tampagov.net/arcgis/rest/services/Parcels/TaxParcel/FeatureServer/0,2026-08-28T04:55:51+00:00
pal-35664a74d9ac0431,tpa-8b6f4b81492e85,mp-1036ade26387f0b8,183365.0000,A-14-29-18-4S0-A00000-00013.0,707 W AMELIA AVE,building_footprint_folio,nearest_footprint_within_35m,medium,,,pending_human_review,https://arcgis.tampagov.net/arcgis/rest/services/Parcels/TaxParcel/FeatureServer/0,2026-08-28T04:55:51+00:00
pal-a9731adaeb1d1a6c,tpa-8b7ee5586fa4af,mp-3131bd05c92de1b1,118530.0000,A-27-29-18-3Q9-000000-00012.0,2632 W SUNSET DR,building_footprint_folio,nearest_footprint_within_35m,medium,,,pending_human_review,https://arcgis.tampagov.net/arcgis/rest/services/Parcels/TaxParcel/FeatureServer/0,2026-08-28T04:55:51+00:00
pal-070a679829872408,tpa-8bbd11bdb3afe7,mp-792b739635d1013f,121235.0000,A-29-29-18-3SV-000009-00006.0,4912 W DRYAD ST,building_footprint_folio,point_in_building_footprint,high,,,pending_human_review,https://arcgis.tampagov.net/arcgis/rest/services/Parcels/TaxParcel/FeatureServer/0,2026-08-28T04:55:51+00:00
pal-a1019465d1febfd5,tpa-8c06f90e7b777a,mp-aa84bce92f2c6e83,181773.0000,A-11-29-18-4QE-000014-00001.0,2904 N OAKDALE AVE,building_footprint_folio,nearest_footprint_within_35m,medium,,,pending_human_review,https://arcgis.tampagov.net/arcgis/rest/services/Parcels/TaxParcel/FeatureServer/0,2026-08-28T04:55:51+00:00
pal-a3f42a27184c6f55,tpa-8c1b5d5e2cc99a,mp-92c25b873fd19f0a,122630.0000,A-32-29-18-3TI-000000-00049.0,4710 W VASCONIA ST,building_footprint_folio,point_in_building_footprint,high,,,pending_human_review,https://arcgis.tampagov.net/arcgis/rest/services/Parcels/TaxParcel/FeatureServer/0,2026-08-28T04:55:51+00:00
pal-2eca4cdf74cd80cb,tpa-8c395af53bd263,mp-58b42afee7066a57,130947.0000,A-05-30-18-3XC-000018-00022.0,4516 S COOPER PL,building_footprint_folio,point_in_building_footprint,high,,,pending_human_review,https://arcgis.tampagov.net/arcgis/rest/services/Parcels/TaxParcel/FeatureServer/0,2026-08-28T04:55:51+00:00
pal-c26e9722434b0682,tpa-8c58d62fe68f3b,mp-a5f0f4633df8e19b,113209.0000,A-20-29-18-3L2-000005-00006.0,211 S OCCIDENT ST,building_footprint_folio,point_in_building_footprint,high,,,pending_human_review,https://arcgis.tampagov.net/arcgis/rest/services/Parcels/TaxParcel/FeatureServer/0,2026-08-28T04:55:51+00:00
pal-76b7c8b2e7bec8ff,tpa-8cb9d498d40d9a,mp-547c870ce8c073a9,121139.0000,A-29-29-18-3SS-000000-00029.0,4915 W MELROSE AVE,building_footprint_folio,point_in_building_footprint,high,,,pending_human_review,https://arcgis.tampagov.net/arcgis/rest/services/Parcels/TaxParcel/FeatureServer/0,2026-08-28T04:55:51+00:00
pal-31c7d606a0f6fc7d,tpa-8cd9d2f19711fc,mp-586d809774688ed4,125098.0000,A-33-29-18-3TZ-000000-00111.0,3614 S CHURCH AVE,building_footprint_folio,nearest_footprint_within_35m,medium,,,pending_human_review,https://arcgis.tampagov.net/arcgis/rest/services/Parcels/TaxParcel/FeatureServer/0,2026-08-28T04:55:51+00:00
pal-b6aa27cef7bc777b,tpa-8ce7ba518b8b1c,mp-80a1b3d0d482289d,136806.0000,A-15-30-18-41O-000004-00035.0,3307 W VAN BUREN DR,building_footprint_folio,point_in_building_footprint,high,,,pending_human_review,https://arcgis.tampagov.net/arcgis/rest/services/Parcels/TaxParcel/FeatureServer/0,2026-08-28T04:55:51+00:00
pal-0bcfa49e91b6a9bc,tpa-8d060769b5d6c6,mp-c9ce386a1307a3f7,125185.0000,A-33-29-18-3U0-000000-00029.0,3620 W EL PRADO BLVD,building_footprint_folio,nearest_footprint_within_35m,medium,,,pending_human_review,https://arcgis.tampagov.net/arcgis/rest/services/Parcels/TaxParcel/FeatureServer/0,2026-08-28T04:55:51+00:00
pal-464621f9638dff18,tpa-8d2eb54321fac9,mp-d2386d49cd77efc9,120990.0000,A-29-29-18-3SL-000019-00001.6,2106 S OCCIDENT ST,building_footprint_folio,point_in_building_footprint,high,,,pending_human_review,https://arcgis.tampagov.net/arcgis/rest/services/Parcels/TaxParcel/FeatureServer/0,2026-08-28T04:55:51+00:00
pal-0b1ce1f658a97f93,tpa-8d4a7ac2999f35,mp-21c83f38016519b6,195931.0000,A-30-29-19-509-000090-00025.0,620 COLUMBIA DR,building_footprint_folio,nearest_footprint_within_35m,medium,,,pending_human_review,https://arcgis.tampagov.net/arcgis/rest/services/Parcels/TaxParcel/FeatureServer/0,2026-08-28T04:55:51+00:00
pal-34f454d326d7b312,tpa-8d4cbd0f2a328f,mp-a439057ebd2840a5,94647.0020,A-14-29-17-ZZZ-000005-34700.0,7700 W COURTNEY CAMPBELL CSWY,building_footprint_folio,exact_address_nearby_footprint,high,,,pending_human_review,https://arcgis.tampagov.net/arcgis/rest/services/Parcels/TaxParcel/FeatureServer/0,2026-08-28T04:55:51+00:00
pal-7f3cc087a4ff4a6e,tpa-8d7d8bfd6e3a49,mp-67ae8efcb1a9865d,169430.0000,A-36-29-18-4J6-G00000-00007.0,562 LUCERNE AVE,building_footprint_folio,point_in_building_footprint,high,,,pending_human_review,https://arcgis.tampagov.net/arcgis/rest/services/Parcels/TaxParcel/FeatureServer/0,2026-08-28T04:55:51+00:00
pal-dde166209bf940fe,tpa-8e062cafcda4e7,mp-9809a646f4727152,138390.0050,A-17-30-18-42H-000053-00013.1,6805 S WEST SHORE BLVD 1 2,building_footprint_folio,nearest_footprint_within_35m,medium,,,pending_human_review,https://arcgis.tampagov.net/arcgis/rest/services/Parcels/TaxParcel/FeatureServer/0,2026-08-28T04:55:51+00:00
pal-83fb344772982884,tpa-8e37b8fb17cee8,mp-c98f675b9b786b0e,168032.0000,A-12-29-18-4I3-000000-00010.0,3719 N BLVD,building_footprint_folio,nearest_footprint_within_35m,medium,,,pending_human_review,https://arcgis.tampagov.net/arcgis/rest/services/Parcels/TaxParcel/FeatureServer/0,2026-08-28T04:55:51+00:00
pal-080949e2627016f6,tpa-8e6596c40db0da,mp-ca3d07500dfa51a8,117178.5706,A-22-29-18-5ZX-002607-C0000.0,2607 W CLEVELAND ST C,building_footprint_folio,nearest_footprint_within_35m,medium,,,pending_human_review,https://arcgis.tampagov.net/arcgis/rest/services/Parcels/TaxParcel/FeatureServer/0,2026-08-28T04:55:51+00:00
pal-cfc6d3a6571037cd,tpa-8e6c36a66c9e53,mp-4e2bdbd512147b65,139037.0500,A-20-30-18-42J-000185-00014.0,7406 S FAUL ST,building_footprint_folio,nearest_footprint_within_35m,medium,,,pending_human_review,https://arcgis.tampagov.net/arcgis/rest/services/Parcels/TaxParcel/FeatureServer/0,2026-08-28T04:55:51+00:00
pal-d1a6d9444529756f,tpa-8f9da193dfcc70,mp-81413a1cd2753f19,126871.0000,A-34-29-18-3UM-000000-00030.0,3121 W KENSINGTON AVE,building_footprint_folio,point_in_building_footprint,high,,,pending_human_review,https://arcgis.tampagov.net/arcgis/rest/services/Parcels/TaxParcel/FeatureServer/0,2026-08-28T04:55:51+00:00
pal-ef0e707940eaeb03,tpa-8fbe2bf04c79ec,mp-e560acc594e08df1,113232.0000,A-20-29-18-3L2-000006-00018.0,210 S WARD ST,building_footprint_folio,point_in_building_footprint,high,,,pending_human_review,https://arcgis.tampagov.net/arcgis/rest/services/Parcels/TaxParcel/FeatureServer/0,2026-08-28T04:55:51+00:00
pal-a30ea70b989318f5,tpa-8fdcfcb4def962,mp-4163b22dcd9b2431,193347.0000,A-24-29-18-4ZI-000023-00000.1,402 N ASHLEY DR,building_footprint_folio,nearest_footprint_within_35m,medium,,,pending_human_review,https://arcgis.tampagov.net/arcgis/rest/services/Parcels/TaxParcel/FeatureServer/0,2026-08-28T04:55:51+00:00
pal-a055d6512aef8ec0,tpa-902da4944a805f,mp-7af42f03b1bdb96d,198321.0000,A-18-29-19-51B-000001-00016.0,930 11TH AVE,building_footprint_folio,nearest_footprint_within_35m,medium,,,pending_human_review,https://arcgis.tampagov.net/arcgis/rest/services/Parcels/TaxParcel/FeatureServer/0,2026-08-28T04:55:51+00:00
pal-26139ca3f765c7d6,tpa-905f882ce21996,mp-0be4cd7e3981391e,112143.0000,A-17-29-18-ZZZ-000005-48880.0,4835 W CYPRESS ST,building_footprint_folio,point_in_building_footprint,high,,,pending_human_review,https://arcgis.tampagov.net/arcgis/rest/services/Parcels/TaxParcel/FeatureServer/0,2026-08-28T04:55:51+00:00
pal-5e59f6fa5db4d43a,tpa-9095f067186f4f,mp-5d685119552a5033,127264.8172,A-34-29-18-B3M-000000-00001.0,2802 W BARCELONA ST,building_footprint_folio,nearest_footprint_within_35m,medium,,,pending_human_review,https://arcgis.tampagov.net/arcgis/rest/services/Parcels/TaxParcel/FeatureServer/0,2026-08-28T04:55:51+00:00
pal-1b4aebb1c534a423,tpa-90de174e83b74c,mp-cd3f92497ee754fe,96588.0000,A-14-28-18-3D6-000041-00012.0,10924 N BLVD,building_footprint_folio,nearest_footprint_within_35m,medium,,,pending_human_review,https://arcgis.tampagov.net/arcgis/rest/services/Parcels/TaxParcel/FeatureServer/0,2026-08-28T04:55:51+00:00
pal-070434dd1c1f7353,tpa-91940a8dd83922,mp-2469114941fa716e,195232.0000,A-30-29-19-509-000025-00008.0,113 BISCAYNE AVE,building_footprint_folio,point_in_building_footprint,high,,,pending_human_review,https://arcgis.tampagov.net/arcgis/rest/services/Parcels/TaxParcel/FeatureServer/0,2026-08-28T04:55:51+00:00
pal-71adabb1a88c35da,tpa-91e26ba076bde5,mp-f08b224a783a8143,190130.0000,A-19-29-19-ZZZ-000005-93200.0,200 N 19TH ST,building_footprint_folio,exact_address_nearby_footprint,high,,,pending_human_review,https://arcgis.tampagov.net/arcgis/rest/services/Parcels/TaxParcel/FeatureServer/0,2026-08-28T04:55:51+00:00
pal-545faf999d90ac61,tpa-91e2e6c6a04c7a,mp-b9361f7eb3419b9f,118734.0000,A-27-29-18-3QG-000030-00005.0,3110 W SAN JOSE ST,building_footprint_folio,nearest_footprint_within_35m,medium,,,pending_human_review,https://arcgis.tampagov.net/arcgis/rest/services/Parcels/TaxParcel/FeatureServer/0,2026-08-28T04:55:51+00:00
pal-58f442fa5110e14d,tpa-921bc3f83ea22a,mp-5f5cb942d3087547,185742.0000,A-26-29-18-4TE-000020-00012.0,1721 W HILLS AVE,building_footprint_folio,nearest_footprint_within_35m,medium,,,pending_human_review,https://arcgis.tampagov.net/arcgis/rest/services/Parcels/TaxParcel/FeatureServer/0,2026-08-28T04:55:51+00:00
pal-e1b5c5cf2071c37a,tpa-927f759bc90877,mp-929838cd03fc6601,149853.1000,A-30-28-19-46T-000000-00136.0,1709 E SITKA ST,building_footprint_folio,nearest_footprint_within_35m,medium,,,pending_human_review,https://arcgis.tampagov.net/arcgis/rest/services/Parcels/TaxParcel/FeatureServer/0,2026-08-28T04:55:51+00:00
pal-12d1d675cd9cf6b4,tpa-92ae634ad585a6,mp-9c15a7ba5fed7599,149806.0000,A-30-28-19-46T-000000-00068.0,7810 N MARKS ST,building_footprint_folio,point_in_building_footprint,high,,,pending_human_review,https://arcgis.tampagov.net/arcgis/rest/services/Parcels/TaxParcel/FeatureServer/0,2026-08-28T04:55:51+00:00
pal-cc51ad41007638bf,tpa-92b36258cff2d5,mp-ac16b6f67557d1fa,196488.0000,A-36-29-18-50I-000005-00005.0,631 ONTARIO AVE,building_footprint_folio,point_in_building_footprint,high,,,pending_human_review,https://arcgis.tampagov.net/arcgis/rest/services/Parcels/TaxParcel/FeatureServer/0,2026-08-28T04:55:51+00:00
pal-b0863e86010d01bc,tpa-92b708b87f4d12,mp-66b6822c62629213,129716.0000,A-04-30-18-3WV-000012-00003.0,4305 S HALE AVE,building_footprint_folio,nearest_footprint_within_35m,medium,,,pending_human_review,https://arcgis.tampagov.net/arcgis/rest/services/Parcels/TaxParcel/FeatureServer/0,2026-08-28T04:55:51+00:00
pal-5a995ead28429edf,tpa-92be969f635e51,mp-3bcbdf132527edb7,119854.0000,A-28-29-18-3RE-000000-00015.0,1520 S RICHARD AVE,building_footprint_folio,nearest_footprint_within_35m,medium,,,pending_human_review,https://arcgis.tampagov.net/arcgis/rest/services/Parcels/TaxParcel/FeatureServer/0,2026-08-28T04:55:51+00:00
pal-90dcd4b729e15296,tpa-92f7071846991b,mp-f4dffbb6c58d3176,183160.0000,A-12-29-18-4RP-000003-00013.0,2808 N MORGAN ST,building_footprint_folio,nearest_footprint_within_35m,medium,,,pending_human_review,https://arcgis.tampagov.net/arcgis/rest/services/Parcels/TaxParcel/FeatureServer/0,2026-08-28T04:55:51+00:00
pal-ccf528228d29d1a8,tpa-939f2777365d09,mp-91b955db013cdb24,121224.0000,A-29-29-18-3SV-000006-00004.0,4906 W SAN MIGUEL ST,building_footprint_folio,point_in_building_footprint,high,,,pending_human_review,https://arcgis.tampagov.net/arcgis/rest/services/Parcels/TaxParcel/FeatureServer/0,2026-08-28T04:55:51+00:00
pal-4780600ff74d9e95,tpa-943537c4950523,mp-762d0c68b7114488,180728.0000,A-15-29-18-4Q1-000002-00004.0,2913 W ARCH ST,building_footprint_folio,nearest_footprint_within_35m,medium,,,pending_human_review,https://arcgis.tampagov.net/arcgis/rest/services/Parcels/TaxParcel/FeatureServer/0,2026-08-28T04:55:51+00:00
pal-db78f1f0dd96a7dd,tpa-94484e29be82fb,mp-e6a07e73af182fdd,125906.0000,A-34-29-18-3U4-000036-00003.0,3505 W PALMIRA AVE,building_footprint_folio,nearest_footprint_within_35m,medium,,,pending_human_review,https://arcgis.tampagov.net/arcgis/rest/services/Parcels/TaxParcel/FeatureServer/0,2026-08-28T04:55:51+00:00
pal-f14eef0bc0f9efda,tpa-945604cf03cedb,mp-cf00214ca7f99746,122467.0000,A-32-29-18-3TG-000000-00067.0,4422 W EUCLID AVE,building_footprint_folio,point_in_building_footprint,high,,,pending_human_review,https://arcgis.tampagov.net/arcgis/rest/services/Parcels/TaxParcel/FeatureServer/0,2026-08-28T04:55:51+00:00
pal-65af3523ae1eb390,tpa-9498ee224a29fa,mp-6109d81114f1eb21,127411.0000,A-03-30-18-3V9-J00000-00003.1,3012 W BAY VISTA AVE,building_footprint_folio,point_in_building_footprint,high,,,pending_human_review,https://arcgis.tampagov.net/arcgis/rest/services/Parcels/TaxParcel/FeatureServer/0,2026-08-28T04:55:51+00:00
pal-e76b021187ff8e51,tpa-94b8d8e526d617,mp-b00d1fe46227dbfa,110967.0020,A-17-29-18-ZZZ-000005-47620.2,2223 N WEST SHORE BLVD 400,building_footprint_folio,point_in_building_footprint,high,,,pending_human_review,https://arcgis.tampagov.net/arcgis/rest/services/Parcels/TaxParcel/FeatureServer/0,2026-08-28T04:55:51+00:00
pal-23c03e3b0ee50e81,tpa-951e1ec3d57f7c,mp-675d72111e84d009,117493.0112,A-26-29-18-3P5-000002-00003.0,2403 W PALM DR 3,building_footprint_folio,nearest_footprint_within_35m,medium,,,pending_human_review,https://arcgis.tampagov.net/arcgis/rest/services/Parcels/TaxParcel/FeatureServer/0,2026-08-28T04:55:51+00:00
pal-60cf371195872e0f,tpa-952689e7d57a44,mp-04c06500e1bd79de,183207.0000,A-12-29-18-4RP-000005-00008.1,2710 N JEFFERSON ST,building_footprint_folio,nearest_footprint_within_35m,medium,,,pending_human_review,https://arcgis.tampagov.net/arcgis/rest/services/Parcels/TaxParcel/FeatureServer/0,2026-08-28T04:55:51+00:00
pal-e9f09fe6e8a9a063,tpa-9533642f801cb7,mp-28487cc882d94ddc,141380.0000,A-18-28-19-43E-000009-00015.0,1904 BRUST AVE,building_footprint_folio,nearest_footprint_within_35m,medium,,,pending_human_review,https://arcgis.tampagov.net/arcgis/rest/services/Parcels/TaxParcel/FeatureServer/0,2026-08-28T04:55:51+00:00
pal-c773c96a941ec878,tpa-9541b1e715cfe0,mp-f5da070b7ac9f307,122995.0000,A-32-29-18-3TN-000008-00005.0,3609 S BELCHER DR,building_footprint_folio,nearest_footprint_within_35m,medium,,,pending_human_review,https://arcgis.tampagov.net/arcgis/rest/services/Parcels/TaxParcel/FeatureServer/0,2026-08-28T04:55:51+00:00
pal-8022a57e909556b6,tpa-955da9d41f111b,mp-6ab6ff331f5c237d,113936.0000,A-29-29-18-3LA-000038-00014.0,4317 W SYLVAN RAMBLE ST,building_footprint_folio,exact_address_nearby_footprint,high,,,pending_human_review,https://arcgis.tampagov.net/arcgis/rest/services/Parcels/TaxParcel/FeatureServer/0,2026-08-28T04:55:51+00:00
pal-d3995657bea8bb27,tpa-957272c721aac7,mp-c7c2995bc69ce0cf,138197.0050,A-17-30-18-42D-000020-00016.0,6602 KISSIMMEE ST,building_footprint_folio,point_in_building_footprint,high,,,pending_human_review,https://arcgis.tampagov.net/arcgis/rest/services/Parcels/TaxParcel/FeatureServer/0,2026-08-28T04:55:51+00:00
pal-f083a989e718ab5e,tpa-9578bf844ee6a5,mp-ecf8f5f2351defe8,199513.0712,A-30-29-19-5LZ-000000-00006.0,1609 RENAISSANCE WAY,building_footprint_folio,point_in_building_footprint,high,,,pending_human_review,https://arcgis.tampagov.net/arcgis/rest/services/Parcels/TaxParcel/FeatureServer/0,2026-08-28T04:55:51+00:00
pal-add830abd53fff7d,tpa-95b4bc533ab4fe,mp-3454e70c26e12f94,196234.0000,A-30-29-19-509-000107-00032.0,325 COLUMBIA DR,building_footprint_folio,nearest_footprint_within_35m,medium,,,pending_human_review,https://arcgis.tampagov.net/arcgis/rest/services/Parcels/TaxParcel/FeatureServer/0,2026-08-28T04:55:51+00:00
pal-f0c948dab1e78c05,tpa-960d867d39fccc,mp-954c3c647fa3c902,132926.0000,A-09-30-18-3YF-000016-00015.0,3607 W LEILA AVE,building_footprint_folio,nearest_footprint_within_35m,medium,,,pending_human_review,https://arcgis.tampagov.net/arcgis/rest/services/Parcels/TaxParcel/FeatureServer/0,2026-08-28T04:55:51+00:00
pal-e98028bfb38a939b,tpa-9612fd995b1f4d,mp-1cc60114e21e2295,113405.0000,A-20-29-18-3L8-000000-00070.0,4501 W AZEELE ST,building_footprint_folio,exact_address_nearby_footprint,high,,,pending_human_review,https://arcgis.tampagov.net/arcgis/rest/services/Parcels/TaxParcel/FeatureServer/0,2026-08-28T04:55:51+00:00
pal-e577cd92dbe8a9e9,tpa-961d26a8666f87,mp-7934bb979429e3be,165858.0000,A-01-29-18-4GL-000000-00479.0,302 W IDA ST,building_footprint_folio,point_in_building_footprint,high,,,pending_human_review,https://arcgis.tampagov.net/arcgis/rest/services/Parcels/TaxParcel/FeatureServer/0,2026-08-28T04:55:51+00:00
pal-61f12a2e814f58b4,tpa-96f98dc5109eb1,mp-a3fdf3a0363d6f62,171275.0000,A-06-29-19-ZZZ-000005-87990.0,4711 10TH ST,building_footprint_folio,nearest_footprint_within_35m,medium,,,pending_human_review,https://arcgis.tampagov.net/arcgis/rest/services/Parcels/TaxParcel/FeatureServer/0,2026-08-28T04:55:51+00:00
pal-ec7516ab2e60fcde,tpa-97327cdaea3153,mp-ee246a85788abb4c,122924.0000,A-32-29-18-3TN-000004-00009.0,3420 S GARDENIA AVE,building_footprint_folio,point_in_building_footprint,high,,,pending_human_review,https://arcgis.tampagov.net/arcgis/rest/services/Parcels/TaxParcel/FeatureServer/0,2026-08-28T04:55:51+00:00
pal-e12ea1aa9c979d21,tpa-974cf28aab1517,mp-724924d35f9693b7,191200.0000,A-13-29-18-4XD-000003-00001.0,509 E SPARKMAN AVE,building_footprint_folio,point_in_building_footprint,high,,,pending_human_review,https://arcgis.tampagov.net/arcgis/rest/services/Parcels/TaxParcel/FeatureServer/0,2026-08-28T04:55:51+00:00
pal-880640138663e98e,tpa-97607c955ac60a,mp-68d1cb126cdaf88f,121272.0000,A-29-29-18-3SX-000000-00014.0,4902 W SAN NICHOLAS ST,building_footprint_folio,point_in_building_footprint,high,,,pending_human_review,https://arcgis.tampagov.net/arcgis/rest/services/Parcels/TaxParcel/FeatureServer/0,2026-08-28T04:55:51+00:00
pal-63d6a057a7346465,tpa-97687e6d0bb1c9,mp-d3f34ed78e84c62a,98059.0000,A-23-28-18-3DS-A00000-00009.0,2131 W RAMBLA ST,building_footprint_folio,nearest_footprint_within_35m,medium,,,pending_human_review,https://arcgis.tampagov.net/arcgis/rest/services/Parcels/TaxParcel/FeatureServer/0,2026-08-28T04:55:51+00:00
pal-cd0f09d4a0858c22,tpa-978dc0d8e94b03,mp-d849299d26ffc540,192605.0026,A-24-29-18-4YP-000000-00008.0,1010 N MACINNES PL,building_footprint_folio,point_in_building_footprint,high,,,pending_human_review,https://arcgis.tampagov.net/arcgis/rest/services/Parcels/TaxParcel/FeatureServer/0,2026-08-28T04:55:51+00:00
pal-cb63f862ed621aa5,tpa-97d0407122e58f,mp-cb469c6ae4479267,118332.0000,A-27-29-18-3Q6-000000-00001.0,1515 S ARRAWANA AVE,building_footprint_folio,nearest_footprint_within_35m,medium,,,pending_human_review,https://arcgis.tampagov.net/arcgis/rest/services/Parcels/TaxParcel/FeatureServer/0,2026-08-28T04:55:51+00:00
pal-4fd5fc5070b7ac98,tpa-97e7307cdddcbb,mp-e1b72b3a1abcfa68,101185.0000,A-26-28-18-3FA-000001-00005.0,7019 N WILLOW AVE,building_footprint_folio,point_in_building_footprint,high,,,pending_human_review,https://arcgis.tampagov.net/arcgis/rest/services/Parcels/TaxParcel/FeatureServer/0,2026-08-28T04:55:51+00:00
pal-a483812947bd17aa,tpa-981d88bf82a361,mp-5fc178d905ff2899,165391.0000,A-01-29-18-4GJ-000004-00011.1,209 W OSBORNE AVE,building_footprint_folio,nearest_footprint_within_35m,medium,,,pending_human_review,https://arcgis.tampagov.net/arcgis/rest/services/Parcels/TaxParcel/FeatureServer/0,2026-08-28T04:55:51+00:00
pal-6ee8ac5ecd57f0e4,tpa-98311e1937ed3f,mp-af1ca49363b46fdc,126225.0500,A-34-29-18-3U4-000061-00019.0,3403 SANTIAGO ST,building_footprint_folio,nearest_footprint_within_35m,medium,,,pending_human_review,https://arcgis.tampagov.net/arcgis/rest/services/Parcels/TaxParcel/FeatureServer/0,2026-08-28T04:55:51+00:00
pal-87e004f863840eb1,tpa-983c034dbb3fcc,mp-e3aa5796b3d0f240,98404.5000,A-23-28-18-3E7-000000-00024.0,8412 N PACKWOOD AVE,building_footprint_folio,point_in_building_footprint,high,,,pending_human_review,https://arcgis.tampagov.net/arcgis/rest/services/Parcels/TaxParcel/FeatureServer/0,2026-08-28T04:55:51+00:00
pal-7efbea6a1adf9f1d,tpa-9877a5f8b1da0b,mp-7445a517e2195f3f,121047.0000,A-29-29-18-3SN-000000-00007.1,2318 S OCCIDENT ST,building_footprint_folio,point_in_building_footprint,high,,,pending_human_review,https://arcgis.tampagov.net/arcgis/rest/services/Parcels/TaxParcel/FeatureServer/0,2026-08-28T04:55:51+00:00
pal-2ff16f8d74a35c7a,tpa-987bb91b2366af,mp-2a7affd284639b33,120829.0000,A-29-29-18-3SF-000000-00013.0,1106 CULBREATH ISLES DR,building_footprint_folio,point_in_building_footprint,high,,,pending_human_review,https://arcgis.tampagov.net/arcgis/rest/services/Parcels/TaxParcel/FeatureServer/0,2026-08-28T04:55:51+00:00
pal-c82231ca87c71ce1,tpa-98837d4f727053,mp-7bd9fde5d82a4a11,114457.0000,A-21-29-18-3LG-000006-00016.0,3907 W LEMON ST,building_footprint_folio,nearest_footprint_within_35m,medium,,,pending_human_review,https://arcgis.tampagov.net/arcgis/rest/services/Parcels/TaxParcel/FeatureServer/0,2026-08-28T04:55:51+00:00
pal-c5ee48ae012c61e6,tpa-9891ebe018edb3,mp-3ce69be134ba7117,101817.0300,A-26-28-18-3FP-000000-00047.0,2142 W JUNEAU ST,building_footprint_folio,nearest_footprint_within_35m,medium,,,pending_human_review,https://arcgis.tampagov.net/arcgis/rest/services/Parcels/TaxParcel/FeatureServer/0,2026-08-28T04:55:51+00:00
pal-caa633cb11b247b1,tpa-98a8a314d54233,mp-27f838ca255077b1,101962.0100,A-26-28-18-3FT-000000-00003.B,1703 W BROAD ST,building_footprint_folio,nearest_footprint_within_35m,medium,,,pending_human_review,https://arcgis.tampagov.net/arcgis/rest/services/Parcels/TaxParcel/FeatureServer/0,2026-08-28T04:55:51+00:00
pal-364fcbabdf6ca432,tpa-98c21c2a868b1b,mp-45024e38ea92f95a,189101.0025,A-17-29-19-4WA-000001-00002.1,2502 E 10TH AVE,building_footprint_folio,nearest_footprint_within_35m,medium,,,pending_human_review,https://arcgis.tampagov.net/arcgis/rest/services/Parcels/TaxParcel/FeatureServer/0,2026-08-28T04:55:51+00:00
pal-161beda806971cdb,tpa-98de2b76672f71,mp-7b5e54a28d05ddb5,112021.0666,,,building_footprint_folio,point_in_building_footprint,high,,,pending_human_review,https://arcgis.tampagov.net/arcgis/rest/services/OpenData/Location/MapServer/0,2026-08-28T04:55:51+00:00
pal-3a3d93dca75bafd8,tpa-993e246a4a3e80,mp-37efbea71f976b19,134985.0000,A-10-30-18-3ZR-000001-00016.0,3317 MARLIN AVE,building_footprint_folio,nearest_footprint_within_35m,medium,,,pending_human_review,https://arcgis.tampagov.net/arcgis/rest/services/Parcels/TaxParcel/FeatureServer/0,2026-08-28T04:55:51+00:00
pal-3d37edd57e0ee0c5,tpa-996c1136a4abae,mp-4add2fb96dd4e0bb,104691.0000,A-35-28-18-3H1-000003-00036.0,2113 W IDLEWILD AVE,building_footprint_folio,nearest_footprint_within_35m,medium,,,pending_human_review,https://arcgis.tampagov.net/arcgis/rest/services/Parcels/TaxParcel/FeatureServer/0,2026-08-28T04:55:51+00:00
pal-60ff6be6cfb2b5c9,tpa-99954025dabf54,mp-3aa270620a126a02,181171.0000,A-23-29-18-4Q7-000010-00001.0,401 N ROME AVE,building_footprint_folio,point_in_building_footprint,high,,,pending_human_review,https://arcgis.tampagov.net/arcgis/rest/services/Parcels/TaxParcel/FeatureServer/0,2026-08-28T04:55:51+00:00
pal-1370e199eae99c5c,tpa-99bc8e2e21cc83,mp-0bf62c6c24b38e64,139153.0000,A-20-30-18-42J-000195-00011.0,7514 S ELLIOTT ST,building_footprint_folio,nearest_footprint_within_35m,medium,,,pending_human_review,https://arcgis.tampagov.net/arcgis/rest/services/Parcels/TaxParcel/FeatureServer/0,2026-08-28T04:55:51+00:00
pal-622f54d1e406945b,tpa-99e14bf8478da4,mp-2845acdfb085163b,179289.0000,A-14-29-18-4PQ-000035-00008.0,2530 W PINE ST,building_footprint_folio,point_in_building_footprint,high,,,pending_human_review,https://arcgis.tampagov.net/arcgis/rest/services/Parcels/TaxParcel/FeatureServer/0,2026-08-28T04:55:51+00:00
pal-d53f95d6a2e33aaf,tpa-9a5d26340e52a8,mp-bebf4152366250e3,123133.0000,A-32-29-18-3TN-000013-00014.0,5004 W EUCLID AVE,building_footprint_folio,nearest_footprint_within_35m,medium,,,pending_human_review,https://arcgis.tampagov.net/arcgis/rest/services/Parcels/TaxParcel/FeatureServer/0,2026-08-28T04:55:51+00:00
pal-f91b1ce0ad93b1b9,tpa-9aa8545b12596a,mp-455f78de0976559c,177614.0000,A-14-29-18-4PB-000015-00015.0,2603 N ALBANY AVE,building_footprint_folio,nearest_footprint_within_35m,medium,,,pending_human_review,https://arcgis.tampagov.net/arcgis/rest/services/Parcels/TaxParcel/FeatureServer/0,2026-08-28T04:55:51+00:00
pal-83e01619dff494b5,tpa-9aeeb1689d455a,mp-e62da28d63b846f0,133440.0000,A-09-30-18-3YJ-000008-00001.0,3502 W PEARL AVE,building_footprint_folio,nearest_footprint_within_35m,medium,,,pending_human_review,https://arcgis.tampagov.net/arcgis/rest/services/Parcels/TaxParcel/FeatureServer/0,2026-08-28T04:55:51+00:00
pal-668007d4dbeb723c,tpa-9b1d64a7e3328d,mp-c5d283fd0d6ba940,194954.0000,A-25-29-18-509-000007-00015.0,121 ADALIA AVE,building_footprint_folio,nearest_footprint_within_35m,medium,,,pending_human_review,https://arcgis.tampagov.net/arcgis/rest/services/Parcels/TaxParcel/FeatureServer/0,2026-08-28T04:55:51+00:00
pal-23aa2c372eb16b15,tpa-9b8195c0d91c90,mp-b1136d76f0d0376c,193326.0000,A-24-29-18-4ZI-000018-00001.1,912 FRANKLIN ST,building_footprint_folio,nearest_footprint_within_35m,medium,,,pending_human_review,https://arcgis.tampagov.net/arcgis/rest/services/Parcels/TaxParcel/FeatureServer/0,2026-08-28T04:55:51+00:00
pal-bdf85c81d904d1ae,tpa-9bb3ad7f052c09,mp-a3744720116bc9a2,181973.0000,A-11-29-18-4QE-000023-00013.0,816 W WARREN AVE,building_footprint_folio,point_in_building_footprint,high,,,pending_human_review,https://arcgis.tampagov.net/arcgis/rest/services/Parcels/TaxParcel/FeatureServer/0,2026-08-28T04:55:51+00:00
pal-346eceb49d32dffe,tpa-9bc34cc1b51f02,mp-b8a3b442a95562bd,121253.0000,A-29-29-18-3SV-000012-00005.0,4910 W JUNO ST,building_footprint_folio,nearest_footprint_within_35m,medium,,,pending_human_review,https://arcgis.tampagov.net/arcgis/rest/services/Parcels/TaxParcel/FeatureServer/0,2026-08-28T04:55:51+00:00
pal-cb06c0962ab5b48f,tpa-9c21ea3cc28b76,mp-af401f0e19100b17,138621.0000,A-20-30-18-42J-000106-00027.0,7006 S MASCOTTE ST,building_footprint_folio,nearest_footprint_within_35m,medium,,,pending_human_review,https://arcgis.tampagov.net/arcgis/rest/services/Parcels/TaxParcel/FeatureServer/0,2026-08-28T04:55:51+00:00
pal-4d201af8362f08f4,tpa-9c2467bac37218,mp-a6f085fdde65c819,115914.0000,A-21-29-18-3ME-000003-00003.0,3604 W DALE AVE,building_footprint_folio,point_in_building_footprint,high,,,pending_human_review,https://arcgis.tampagov.net/arcgis/rest/services/Parcels/TaxParcel/FeatureServer/0,2026-08-28T04:55:51+00:00
pal-691ecd9eb772ee14,tpa-9cd7b2c5935475,mp-20b4cb639242bfbe,169372.0000,A-36-29-18-4J6-B00000-00013.0,81 MARTINIQUE AVE,building_footprint_folio,nearest_footprint_within_35m,medium,,,pending_human_review,https://arcgis.tampagov.net/arcgis/rest/services/Parcels/TaxParcel/FeatureServer/0,2026-08-28T04:55:51+00:00
pal-fbc56810037a4ad6,tpa-9d80e6ce25cfc0,mp-5dfed7af019921ca,191575.0000,A-13-29-18-4XV-000001-00008.0,408 E 7TH AVE,building_footprint_folio,point_in_building_footprint,high,,,pending_human_review,https://arcgis.tampagov.net/arcgis/rest/services/Parcels/TaxParcel/FeatureServer/0,2026-08-28T04:55:51+00:00
pal-533d3d56f1e2d2d4,tpa-9d816299b67340,mp-ef8c19113b871466,144236.0000,A-18-28-19-453-X00000-00039.0,10119 N 10TH ST,building_footprint_folio,nearest_footprint_within_35m,medium,,,pending_human_review,https://arcgis.tampagov.net/arcgis/rest/services/Parcels/TaxParcel/FeatureServer/0,2026-08-28T04:55:51+00:00
pal-2f061d06cb3b835e,tpa-9e1393b3fc4ee2,mp-c04d5f86e46ba2c7,129763.0000,A-04-30-18-3WV-000013-00026.0,4010 W KNIGHTS AVE,building_footprint_folio,point_in_building_footprint,high,,,pending_human_review,https://arcgis.tampagov.net/arcgis/rest/services/Parcels/TaxParcel/FeatureServer/0,2026-08-28T04:55:51+00:00
pal-8f1bd51fde8018cb,tpa-9e426e6a38ec2b,mp-f1ef21bde0598119,127537.0000,,,building_footprint_folio,nearest_footprint_within_35m,medium,,,pending_human_review,https://arcgis.tampagov.net/arcgis/rest/services/Parcels/TaxParcel/FeatureServer/0,2026-08-28T04:55:51+00:00
pal-202826adaf3ca9ff,tpa-9e6b2e05d23e11,mp-14c011fbf37f0062,120160.0000,A-28-29-18-3RX-000000-00049.0,1042 S STERLING AVE,building_footprint_folio,point_in_building_footprint,high,,,pending_human_review,https://arcgis.tampagov.net/arcgis/rest/services/Parcels/TaxParcel/FeatureServer/0,2026-08-28T04:55:51+00:00
pal-fab8891f393335e8,tpa-9e73691c086e16,mp-ca12df82bd1b5d7d,108137.0000,A-05-29-18-3IP-000036-00011.0,4409 N HESPERIDES ST,building_footprint_folio,nearest_footprint_within_35m,medium,,,pending_human_review,https://arcgis.tampagov.net/arcgis/rest/services/Parcels/TaxParcel/FeatureServer/0,2026-08-28T04:55:51+00:00
pal-bcba7eb68dadf670,tpa-9eca638e801c8e,mp-1c07ca222f0eaefe,177070.0000,A-11-29-18-4P2-000002-00009.0,3809 N ARMENIA AVE,building_footprint_folio,point_in_building_footprint,high,,,pending_human_review,https://arcgis.tampagov.net/arcgis/rest/services/Parcels/TaxParcel/FeatureServer/0,2026-08-28T04:55:51+00:00
pal-9d5c303d84b4b894,tpa-9f059d451112d6,mp-11a94f49f3857018,121443.0000,A-29-29-18-3T4-000001-00015.0,2310 S HESPERIDES ST,building_footprint_folio,point_in_building_footprint,high,,,pending_human_review,https://arcgis.tampagov.net/arcgis/rest/services/Parcels/TaxParcel/FeatureServer/0,2026-08-28T04:55:51+00:00
pal-6378aae0d7eb214e,tpa-9f6f6d54673b61,mp-972f75f991d18610,105659.0000,A-02-29-18-3HG-000006-00005.0,4941 WISHART BLVD,building_footprint_folio,point_in_building_footprint,high,,,pending_human_review,https://arcgis.tampagov.net/arcgis/rest/services/Parcels/TaxParcel/FeatureServer/0,2026-08-28T04:55:51+00:00
pal-c3d0d0051073f6a9,tpa-9f82d40156267e,mp-d6456fa87fb6ebb6,173341.0010,A-07-29-19-4MP-000007-00001.4,1410 E 29TH AVE,building_footprint_folio,nearest_footprint_within_35m,medium,,,pending_human_review,https://arcgis.tampagov.net/arcgis/rest/services/Parcels/TaxParcel/FeatureServer/0,2026-08-28T04:55:51+00:00
pal-d5e5c4e8d2e60351,tpa-9fca9b14fbf60f,mp-fd4804ace9d9d6f4,122928.0000,A-32-29-18-3TN-000004-00013.0,3412 S GARDENIA AVE,building_footprint_folio,nearest_footprint_within_35m,medium,,,pending_human_review,https://arcgis.tampagov.net/arcgis/rest/services/Parcels/TaxParcel/FeatureServer/0,2026-08-28T04:55:51+00:00
pal-b4a9e198ec4ee8e8,tpa-9fe350b4096f8c,mp-d9beb3a2b99cfe14,121534.0000,A-32-29-18-3T7-000002-00018.0,4637 W BROWNING AVE,building_footprint_folio,nearest_footprint_within_35m,medium,,,pending_human_review,https://arcgis.tampagov.net/arcgis/rest/services/Parcels/TaxParcel/FeatureServer/0,2026-08-28T04:55:51+00:00
pal-31bd761a880c0e57,tpa-a065ec683b6bce,mp-08b816a537aff9c8,122633.0000,A-32-29-18-3TI-000000-00053.0,4718 W VASCONIA ST,building_footprint_folio,point_in_building_footprint,high,,,pending_human_review,https://arcgis.tampagov.net/arcgis/rest/services/Parcels/TaxParcel/FeatureServer/0,2026-08-28T04:55:51+00:00
pal-3634149b68029a07,tpa-a087942a91ff27,mp-d0e493a6e8e02ba2,159654.0010,A-14-29-19-ZZZ-000005-79120.0,6902 E 6TH AVE,building_footprint_folio,exact_address_nearby_footprint,high,,,pending_human_review,https://arcgis.tampagov.net/arcgis/rest/services/Parcels/TaxParcel/FeatureServer/0,2026-08-28T04:55:51+00:00
pal-cd5027986edff3d6,tpa-a0f925ff4e3c22,mp-1e884167ebd166ca,123047.0000,A-32-29-18-3TN-000010-00007.0,3613 S LIGHTNER DR,building_footprint_folio,nearest_footprint_within_35m,medium,,,pending_human_review,https://arcgis.tampagov.net/arcgis/rest/services/Parcels/TaxParcel/FeatureServer/0,2026-08-28T04:55:51+00:00
pal-d9bcb5585a69de9b,tpa-a11df607f1a8ed,mp-880d69b04289f086,142853.0000,A-22-28-19-440-000000-00020.4,9232 N 52ND ST,building_footprint_folio,nearest_footprint_within_35m,medium,,,pending_human_review,https://arcgis.tampagov.net/arcgis/rest/services/Parcels/TaxParcel/FeatureServer/0,2026-08-28T04:55:51+00:00
pal-269096c3d607c5ec,tpa-a125fd1eb7d7a9,mp-4340ed2037b6b312,118572.0000,A-27-29-18-3QA-000004-00027.0,1517 S GEORGIA AVE,building_footprint_folio,nearest_footprint_within_35m,medium,,,pending_human_review,https://arcgis.tampagov.net/arcgis/rest/services/Parcels/TaxParcel/FeatureServer/0,2026-08-28T04:55:51+00:00
pal-17573a7e0f638614,tpa-a1387768b62207,mp-0628daad0cf84ec5,139316.1424,A-17-30-18-918-000000-00002.0,6810 S KISSIMMEE ST,building_footprint_folio,nearest_footprint_within_35m,medium,,,pending_human_review,https://arcgis.tampagov.net/arcgis/rest/services/Parcels/TaxParcel/FeatureServer/0,2026-08-28T04:55:51+00:00
pal-515b91fb538965af,tpa-a16dd6a2ae7979,mp-df939f8a5446a136,194963.0005,A-25-29-18-509-000007-00029.0,128 ADRIATIC AVE,building_footprint_folio,point_in_building_footprint,high,,,pending_human_review,https://arcgis.tampagov.net/arcgis/rest/services/Parcels/TaxParcel/FeatureServer/0,2026-08-28T04:55:51+00:00
pal-b71d5b7444aa8b51,tpa-a181c095b1631e,mp-f2a9ddae8c5523da,150024.0000,A-30-28-19-46T-000000-00384.0,1616 E LINDEN AVE,building_footprint_folio,nearest_footprint_within_35m,medium,,,pending_human_review,https://arcgis.tampagov.net/arcgis/rest/services/Parcels/TaxParcel/FeatureServer/0,2026-08-28T04:55:51+00:00
pal-669c20eb297b488f,tpa-a2578f30661100,mp-11a275ce22d52977,196305.0314,A-24-29-18-9D7-000000-01104.0,777 N ASHLEY DR 1104,building_footprint_folio,point_in_building_footprint,high,,,pending_human_review,https://arcgis.tampagov.net/arcgis/rest/services/Parcels/TaxParcel/FeatureServer/0,2026-08-28T04:55:51+00:00
pal-947116809ca1402d,tpa-a2728336cf2855,mp-264511c8df5935e5,185347.0000,A-26-29-18-4TC-000006-00012.0,710 S NEWPORT AVE,building_footprint_folio,nearest_footprint_within_35m,medium,,,pending_human_review,https://arcgis.tampagov.net/arcgis/rest/services/Parcels/TaxParcel/FeatureServer/0,2026-08-28T04:55:51+00:00
pal-cc7f2d583a9f66ae,tpa-a274b729092503,mp-15d45d7fcafa6505,106996.0000,A-03-29-18-3I8-000008-00003.0,3106 W LOUISIANA AVE,building_footprint_folio,point_in_building_footprint,high,,,pending_human_review,https://arcgis.tampagov.net/arcgis/rest/services/Parcels/TaxParcel/FeatureServer/0,2026-08-28T04:55:51+00:00
pal-15785bd66316deb9,tpa-a330fdd8b80b23,mp-9c5ab31dd0eeea90,120646.0000,A-29-29-18-3SB-000004-00012.0,4510 W BROOKWOOD DR,building_footprint_folio,point_in_building_footprint,high,,,pending_human_review,https://arcgis.tampagov.net/arcgis/rest/services/Parcels/TaxParcel/FeatureServer/0,2026-08-28T04:55:51+00:00
pal-3234e0c36d2f43b4,tpa-a34f0d6900f461,mp-bd18c809a4c8bee6,195764.0000,A-36-29-18-509-000069-00051.0,525 SUWANEE CIR,building_footprint_folio,point_in_building_footprint,high,,,pending_human_review,https://arcgis.tampagov.net/arcgis/rest/services/Parcels/TaxParcel/FeatureServer/0,2026-08-28T04:55:51+00:00
pal-e9dcf4351dc641b3,tpa-a358e7e7eb9dd4,mp-ca9c9294d8054f81,167457.0000,A-12-29-18-4HF-000005-00008.0,708 E VIRGINIA AVE,building_footprint_folio,point_in_building_footprint,high,,,pending_human_review,https://arcgis.tampagov.net/arcgis/rest/services/Parcels/TaxParcel/FeatureServer/0,2026-08-28T04:55:51+00:00
pal-409540514b457f30,tpa-a3cc13934af166,mp-0ff57d080b0bb24c,110967.0020,A-17-29-18-ZZZ-000005-47620.2,2223 N WEST SHORE BLVD 400,building_footprint_folio,point_in_building_footprint,high,,,pending_human_review,https://arcgis.tampagov.net/arcgis/rest/services/Parcels/TaxParcel/FeatureServer/0,2026-08-28T04:55:51+00:00
pal-58ec63895537af3c,tpa-a451a431e8f568,mp-ee719d3a499258af,166985.0000,A-11-29-18-4HA-000021-00001.0,1002 W INDIANA AVE,building_footprint_folio,nearest_footprint_within_35m,medium,,,pending_human_review,https://arcgis.tampagov.net/arcgis/rest/services/Parcels/TaxParcel/FeatureServer/0,2026-08-28T04:55:51+00:00
pal-b33706f432986e5d,tpa-a4cbeabdf11d84,mp-b61f5594c017eaaa,183439.0000,A-14-29-18-4S0-G00000-00006.0,808 W AMELIA AVE,building_footprint_folio,nearest_footprint_within_35m,medium,,,pending_human_review,https://arcgis.tampagov.net/arcgis/rest/services/Parcels/TaxParcel/FeatureServer/0,2026-08-28T04:55:51+00:00
pal-c05c982a9c812fcf,tpa-a4d6cbfebc8e8f,mp-c6c3d4b0a002698e,135369.0000,A-10-30-18-3ZV-I00000-00004.0,5603 S LYNWOOD AVE,building_footprint_folio,nearest_footprint_within_35m,medium,,,pending_human_review,https://arcgis.tampagov.net/arcgis/rest/services/Parcels/TaxParcel/FeatureServer/0,2026-08-28T04:55:51+00:00
pal-fe31e8c51b215a4c,tpa-a4e0d1e89335b5,mp-37bd680fb6138fad,106666.0000,A-03-29-18-3I0-000000-00014.0,2906 W LOUISIANA AVE,building_footprint_folio,nearest_footprint_within_35m,medium,,,pending_human_review,https://arcgis.tampagov.net/arcgis/rest/services/Parcels/TaxParcel/FeatureServer/0,2026-08-28T04:55:51+00:00
pal-5202a46d5f95c7e6,tpa-a4e593c6f98d80,mp-6f935380c9d3fb42,109763.0000,A-10-29-18-3J5-000055-00007.0,3314 W DOUGLAS ST,building_footprint_folio,point_in_building_footprint,high,,,pending_human_review,https://arcgis.tampagov.net/arcgis/rest/services/Parcels/TaxParcel/FeatureServer/0,2026-08-28T04:55:51+00:00
pal-68fe0619244959f2,tpa-a4fafac80ba4e3,mp-0d835ad5a6714db7,118500.0000,A-27-29-18-3Q7-000000-00194.0,2526 W WATROUS AVE,building_footprint_folio,nearest_footprint_within_35m,medium,,,pending_human_review,https://arcgis.tampagov.net/arcgis/rest/services/Parcels/TaxParcel/FeatureServer/0,2026-08-28T04:55:51+00:00
pal-df3c3e436c4c89b5,tpa-a505f55a297583,mp-5625f7ba34c84b14,118680.0000,A-27-29-18-3QG-000019-00009.0,3216 W SAN MIGUEL ST,building_footprint_folio,nearest_footprint_within_35m,medium,,,pending_human_review,https://arcgis.tampagov.net/arcgis/rest/services/Parcels/TaxParcel/FeatureServer/0,2026-08-28T04:55:51+00:00
pal-6f05229f6c0acd99,tpa-a50a8d3c8b33f2,mp-bd1c74644c4d6d08,120995.0000,A-29-29-18-3SL-000019-00002.2,2119 S WEST SHORE BLVD,building_footprint_folio,nearest_footprint_within_35m,medium,,,pending_human_review,https://arcgis.tampagov.net/arcgis/rest/services/Parcels/TaxParcel/FeatureServer/0,2026-08-28T04:55:51+00:00
pal-5e9de848ee4b1ec0,tpa-a53b6f11d8fcf7,mp-e14b416b8f006690,98641.0000,A-23-28-18-3E9-000017-00002.0,8902 EL PORTAL DR,building_footprint_folio,nearest_footprint_within_35m,medium,,,pending_human_review,https://arcgis.tampagov.net/arcgis/rest/services/Parcels/TaxParcel/FeatureServer/0,2026-08-28T04:55:51+00:00
pal-e0c958cb7fa65dd6,tpa-a5c07f6c6343a7,mp-c407fb95c92c16a9,115632.0000,A-21-29-18-3MA-000008-00007.0,3614 W PLATT ST,building_footprint_folio,nearest_footprint_within_35m,medium,,,pending_human_review,https://arcgis.tampagov.net/arcgis/rest/services/Parcels/TaxParcel/FeatureServer/0,2026-08-28T04:55:51+00:00
pal-a349918ce7e1bbd5,tpa-a62da72980b2e9,mp-e11e47e2b8579adc,141395.0000,A-18-28-19-43E-000010-00014.0,1818 MARVY AVE,building_footprint_folio,nearest_footprint_within_35m,medium,,,pending_human_review,https://arcgis.tampagov.net/arcgis/rest/services/Parcels/TaxParcel/FeatureServer/0,2026-08-28T04:55:51+00:00
pal-61569c93816e9565,tpa-a66ae4ef1c3345,mp-4f53b227eeb4b328,119497.0000,A-28-29-18-3QT-000011-00010.0,4009 W SAN NICHOLAS ST,building_footprint_folio,point_in_building_footprint,high,,,pending_human_review,https://arcgis.tampagov.net/arcgis/rest/services/Parcels/TaxParcel/FeatureServer/0,2026-08-28T04:55:51+00:00
pal-e266fabd00b67f66,tpa-a69cddc7ee42c0,mp-ad22fa8c336a95f7,183381.0000,A-14-29-18-4S0-B00000-00016.0,711 W FRANCES AVE,building_footprint_folio,nearest_footprint_within_35m,medium,,,pending_human_review,https://arcgis.tampagov.net/arcgis/rest/services/Parcels/TaxParcel/FeatureServer/0,2026-08-28T04:55:51+00:00
pal-943d51e9852645fd,tpa-a6dbfeff150b72,mp-ae3a1f7bb8596357,195590.0000,A-36-29-18-509-000047-00036.0,511 RIVIERA DR,building_footprint_folio,nearest_footprint_within_35m,medium,,,pending_human_review,https://arcgis.tampagov.net/arcgis/rest/services/Parcels/TaxParcel/FeatureServer/0,2026-08-28T04:55:51+00:00
pal-d1ce5d3000c17a1f,tpa-a6ff3219bd560c,mp-d27e5e74ed58b0a7,185812.0062,A-26-29-18-4TF-000002-00006.0,919 S ROME AVE 6,building_footprint_folio,nearest_footprint_within_35m,medium,,,pending_human_review,https://arcgis.tampagov.net/arcgis/rest/services/Parcels/TaxParcel/FeatureServer/0,2026-08-28T04:55:51+00:00
pal-4f1b4eb4f56df583,tpa-a7aefa8e7ae081,mp-9eb52f3a731d9fc8,178941.0000,A-14-29-18-4PQ-000014-00021.1,1913 W UNION ST,building_footprint_folio,nearest_footprint_within_35m,medium,,,pending_human_review,https://arcgis.tampagov.net/arcgis/rest/services/Parcels/TaxParcel/FeatureServer/0,2026-08-28T04:55:51+00:00
pal-40a3d7757adbcc09,tpa-a7e19127affe26,mp-1d4cf3eec38e8292,136021.0000,A-15-30-18-40Y-000000-00002.0,3005 W MEADOW ST,building_footprint_folio,point_in_building_footprint,high,,,pending_human_review,https://arcgis.tampagov.net/arcgis/rest/services/Parcels/TaxParcel/FeatureServer/0,2026-08-28T04:55:51+00:00
pal-f99aeb716dad0f56,tpa-a7e6f0d4aba912,mp-018f5d683792f3dd,186039.0000,A-26-29-18-4U2-000009-00003.0,905 S FREMONT AVE,building_footprint_folio,nearest_footprint_within_35m,medium,,,pending_human_review,https://arcgis.tampagov.net/arcgis/rest/services/Parcels/TaxParcel/FeatureServer/0,2026-08-28T04:55:51+00:00
pal-e270853f6c280c73,tpa-a814d8386a6d65,mp-51b1d2b9495ebbd9,178937.0000,A-14-29-18-4PQ-000014-00017.0,1929 W UNION ST,building_footprint_folio,nearest_footprint_within_35m,medium,,,pending_human_review,https://arcgis.tampagov.net/arcgis/rest/services/Parcels/TaxParcel/FeatureServer/0,2026-08-28T04:55:51+00:00
pal-4597179c34b65f46,tpa-a834a580e80dbb,mp-713fc90529b7138f,112014.0000,A-16-29-18-3JP-000000-00010.0,3907 W PALMETTO ST,building_footprint_folio,nearest_footprint_within_35m,medium,,,pending_human_review,https://arcgis.tampagov.net/arcgis/rest/services/Parcels/TaxParcel/FeatureServer/0,2026-08-28T04:55:51+00:00
pal-eedfeb278a525a5c,tpa-a89d1aacd75ce4,mp-139224000ed1e5a3,122304.0000,A-32-29-18-3TF-000000-00072.0,4708 W EUCLID AVE,building_footprint_folio,nearest_footprint_within_35m,medium,,,pending_human_review,https://arcgis.tampagov.net/arcgis/rest/services/Parcels/TaxParcel/FeatureServer/0,2026-08-28T04:55:51+00:00
pal-64d466bf9a434cdf,tpa-a8e3aece54ecea,mp-795b49e5313471fe,179954.0000,A-15-29-18-4PS-000003-00012.0,2707 W SAINT JOSEPH ST,building_footprint_folio,point_in_building_footprint,high,,,pending_human_review,https://arcgis.tampagov.net/arcgis/rest/services/Parcels/TaxParcel/FeatureServer/0,2026-08-28T04:55:51+00:00
pal-51465646ba1cc3bc,tpa-a8fc7db88edcf7,mp-36c28303910caf7e,196013.0000,A-36-29-18-509-000094-00002.0,575 BOSPHOROUS AVE,building_footprint_folio,nearest_footprint_within_35m,medium,,,pending_human_review,https://arcgis.tampagov.net/arcgis/rest/services/Parcels/TaxParcel/FeatureServer/0,2026-08-28T04:55:51+00:00
pal-89f47933b5a604bc,tpa-a95ad854a24323,mp-a2b5bb6f8de4641b,136124.0000,A-15-30-18-40Z-000004-00005.0,2802 W FOSTER AVE,building_footprint_folio,nearest_footprint_within_35m,medium,,,pending_human_review,https://arcgis.tampagov.net/arcgis/rest/services/Parcels/TaxParcel/FeatureServer/0,2026-08-28T04:55:51+00:00
pal-98e57e579b5f45f2,tpa-a962984d63f12c,mp-1209911d2afec3bd,117377.0000,A-26-29-18-3OO-000009-00012.0,1413 S MOODY AVE,building_footprint_folio,nearest_footprint_within_35m,medium,,,pending_human_review,https://arcgis.tampagov.net/arcgis/rest/services/Parcels/TaxParcel/FeatureServer/0,2026-08-28T04:55:51+00:00
pal-181dd89b7a63b1f5,tpa-a9a2eaa939e4bc,mp-8fc90292625db4d9,103926.0000,A-35-28-18-3GU-000000-00026.4,1108 W KNOLLWOOD ST,building_footprint_folio,nearest_footprint_within_35m,medium,,,pending_human_review,https://arcgis.tampagov.net/arcgis/rest/services/Parcels/TaxParcel/FeatureServer/0,2026-08-28T04:55:51+00:00
pal-51ef894f8c80cedb,tpa-aa1b983e4df8ce,mp-9dc9456443fa4476,112014.0000,A-16-29-18-3JP-000000-00010.0,3907 W PALMETTO ST,building_footprint_folio,point_in_building_footprint,high,,,pending_human_review,https://arcgis.tampagov.net/arcgis/rest/services/Parcels/TaxParcel/FeatureServer/0,2026-08-28T04:55:51+00:00
pal-534b51e83a7f15d0,tpa-aa2fdbae318723,mp-5b049cc35e757d29,122921.0000,A-32-29-18-3TN-000004-00005.0,3409 S LIGHTNER DR,building_footprint_folio,point_in_building_footprint,high,,,pending_human_review,https://arcgis.tampagov.net/arcgis/rest/services/Parcels/TaxParcel/FeatureServer/0,2026-08-28T04:55:51+00:00
pal-059386b57cbc2b6a,tpa-aa3498028f794e,mp-7eef275ffdf6db38,126346.0000,A-34-29-18-3U4-000074-00001.0,3104 W SAN JUAN ST,building_footprint_folio,nearest_footprint_within_35m,medium,,,pending_human_review,https://arcgis.tampagov.net/arcgis/rest/services/Parcels/TaxParcel/FeatureServer/0,2026-08-28T04:55:51+00:00
pal-57339b46f95b8ac6,tpa-aa3bcf451f27f2,mp-97a60dbf75c86e3b,183398.0000,A-14-29-18-4S0-C00000-00017.0,703 W PARK AVE,building_footprint_folio,nearest_footprint_within_35m,medium,,,pending_human_review,https://arcgis.tampagov.net/arcgis/rest/services/Parcels/TaxParcel/FeatureServer/0,2026-08-28T04:55:51+00:00
pal-efb625b2f180d26b,tpa-aabe3fc78f9aed,mp-7b7c70f307934908,101807.0000,A-26-28-18-3FP-000000-00009.0,2137 W JUNEAU ST,building_footprint_folio,nearest_footprint_within_35m,medium,,,pending_human_review,https://arcgis.tampagov.net/arcgis/rest/services/Parcels/TaxParcel/FeatureServer/0,2026-08-28T04:55:51+00:00
pal-88bd5c20f2f97917,tpa-aacb3517a63624,mp-ca901b37e6569f2e,125272.0050,A-33-29-18-3U0-000000-00140.1,3615 S HIMES AVE,building_footprint_folio,nearest_footprint_within_35m,medium,,,pending_human_review,https://arcgis.tampagov.net/arcgis/rest/services/Parcels/TaxParcel/FeatureServer/0,2026-08-28T04:55:51+00:00
pal-f20a50657572a704,tpa-ab7d107d53d84e,mp-234609cacc02de64,139116.0000,A-20-30-18-42J-000192-00005.0,7411 S MORTON ST,building_footprint_folio,nearest_footprint_within_35m,medium,,,pending_human_review,https://arcgis.tampagov.net/arcgis/rest/services/Parcels/TaxParcel/FeatureServer/0,2026-08-28T04:55:51+00:00
pal-03d2908345ac07ba,tpa-ac28b98ab71c24,mp-9eee737b48bb58c6,121004.0010,A-29-29-18-3SL-000022-00000.1,2303 S HESPERIDES ST,building_footprint_folio,nearest_footprint_within_35m,medium,,,pending_human_review,https://arcgis.tampagov.net/arcgis/rest/services/Parcels/TaxParcel/FeatureServer/0,2026-08-28T04:55:51+00:00
pal-706c10c4da770824,tpa-ac519479f97525,mp-6de0d5a6e11ca99d,130492.0000,A-05-30-18-3X8-000007-00026.0,4727 W LAWN AVE,building_footprint_folio,nearest_footprint_within_35m,medium,,,pending_human_review,https://arcgis.tampagov.net/arcgis/rest/services/Parcels/TaxParcel/FeatureServer/0,2026-08-28T04:55:51+00:00
pal-775f01aff4b79534,tpa-ac668aa696964d,mp-fa81b280822e4cc4,113076.0030,A-20-29-18-3KU-000003-00012.1,4624 W NORTH B ST,building_footprint_folio,point_in_building_footprint,high,,,pending_human_review,https://arcgis.tampagov.net/arcgis/rest/services/Parcels/TaxParcel/FeatureServer/0,2026-08-28T04:55:51+00:00
pal-d2ac9b170c7e52e9,tpa-ac7dd00367d2fc,mp-bce4d4091fd7b0bd,124816.0000,A-33-29-18-3TW-000000-00026.0,3614 W VASCONIA ST,building_footprint_folio,nearest_footprint_within_35m,medium,,,pending_human_review,https://arcgis.tampagov.net/arcgis/rest/services/Parcels/TaxParcel/FeatureServer/0,2026-08-28T04:55:51+00:00
pal-260e71d81187cdd2,tpa-acbe397985d8de,mp-175b9967604f934e,164934.0000,A-01-29-18-4GD-000002-00006.0,807 E LOUISIANA AVE,building_footprint_folio,nearest_footprint_within_35m,medium,,,pending_human_review,https://arcgis.tampagov.net/arcgis/rest/services/Parcels/TaxParcel/FeatureServer/0,2026-08-28T04:55:51+00:00
pal-cfaaa9dd62d38edb,tpa-accf34fda337fe,mp-2121323f66e3511a,179745.0000,A-15-29-18-4PQ-000061-00005.0,2910 W WALNUT ST,building_footprint_folio,nearest_footprint_within_35m,medium,,,pending_human_review,https://arcgis.tampagov.net/arcgis/rest/services/Parcels/TaxParcel/FeatureServer/0,2026-08-28T04:55:51+00:00
pal-10ec1a5adf7341aa,tpa-ade275b5845c48,mp-3fa12c8ae86cc5f2,113238.0000,A-20-29-18-3L3-000000-00005.0,210 S RENELLIE DR,building_footprint_folio,point_in_building_footprint,high,,,pending_human_review,https://arcgis.tampagov.net/arcgis/rest/services/Parcels/TaxParcel/FeatureServer/0,2026-08-28T04:55:51+00:00
pal-51e85041c131699c,tpa-ae074f0335066d,mp-28f2a2b5302e30d0,99617.0000,A-24-28-18-3EK-000000-00014.0,414 FLORILAND AVE,building_footprint_folio,point_in_building_footprint,high,,,pending_human_review,https://arcgis.tampagov.net/arcgis/rest/services/Parcels/TaxParcel/FeatureServer/0,2026-08-28T04:55:51+00:00
pal-21a9ce573ee99c5e,tpa-ae460b764c71b7,mp-8e7378a343f810f8,181675.0000,A-11-29-18-4QE-000007-00002.0,1003 W BRADDOCK ST,building_footprint_folio,point_in_building_footprint,high,,,pending_human_review,https://arcgis.tampagov.net/arcgis/rest/services/Parcels/TaxParcel/FeatureServer/0,2026-08-28T04:55:51+00:00
pal-9ed660d8f5f65f41,tpa-ae9d6bf17e84d5,mp-fc6de5960d589440,128906.0000,A-03-30-18-3WH-000000-00040.0,2910 W BAYSHORE CT,building_footprint_folio,point_in_building_footprint,high,,,pending_human_review,https://arcgis.tampagov.net/arcgis/rest/services/Parcels/TaxParcel/FeatureServer/0,2026-08-28T04:55:51+00:00
pal-4ddeb61b228c16fe,tpa-ae9fcd3b1b8fe7,mp-2d06f8f83859c561,182205.0000,A-12-29-18-4QN-000003-00001.0,3110 N TAMPA ST,building_footprint_folio,point_in_building_footprint,high,,,pending_human_review,https://arcgis.tampagov.net/arcgis/rest/services/Parcels/TaxParcel/FeatureServer/0,2026-08-28T04:55:51+00:00
pal-903439ffcd1388c9,tpa-aef08567fad618,mp-8cb6f643f4bc983b,158981.0000,A-10-29-19-4BX-000015-00016.0,3607 N 52ND ST,building_footprint_folio,nearest_footprint_within_35m,medium,,,pending_human_review,https://arcgis.tampagov.net/arcgis/rest/services/Parcels/TaxParcel/FeatureServer/0,2026-08-28T04:55:51+00:00
pal-fb1e2088bebf8d3c,tpa-af1da1a204bb0c,mp-6c38df2326f219ef,189946.0000,A-18-29-19-4WP-000006-00002.0,1921 E 5TH AVE,building_footprint_folio,point_in_building_footprint,high,,,pending_human_review,https://arcgis.tampagov.net/arcgis/rest/services/Parcels/TaxParcel/FeatureServer/0,2026-08-28T04:55:51+00:00
pal-1ee13843db98c9ed,tpa-af5bd361327631,mp-b1a04ae37df06fc4,121958.0000,A-32-29-18-3T7-000030-00029.0,3103 S OMAR AVE,building_footprint_folio,point_in_building_footprint,high,,,pending_human_review,https://arcgis.tampagov.net/arcgis/rest/services/Parcels/TaxParcel/FeatureServer/0,2026-08-28T04:55:51+00:00
pal-4435d339463599ef,tpa-af7594b07ae078,mp-8d5c8c4c77e54bf8,123082.0000,A-32-29-18-3TN-000011-00016.0,3620 S LIGHTNER DR,building_footprint_folio,point_in_building_footprint,high,,,pending_human_review,https://arcgis.tampagov.net/arcgis/rest/services/Parcels/TaxParcel/FeatureServer/0,2026-08-28T04:55:51+00:00
pal-be548cacbfac9efb,tpa-b01b9c13cc057e,mp-dc12f00a3d127a59,173145.0000,A-07-29-19-4MG-000006-00001.0,917 E 28TH AVE,building_footprint_folio,nearest_footprint_within_35m,medium,,,pending_human_review,https://arcgis.tampagov.net/arcgis/rest/services/Parcels/TaxParcel/FeatureServer/0,2026-08-28T04:55:51+00:00
pal-3b88fb78d5e17101,tpa-b04c2af81420f4,mp-9134d1e6bc807d52,121944.0000,A-32-29-18-3T7-000030-00007.1,5028 W DICKENS AVE,building_footprint_folio,point_in_building_footprint,high,,,pending_human_review,https://arcgis.tampagov.net/arcgis/rest/services/Parcels/TaxParcel/FeatureServer/0,2026-08-28T04:55:51+00:00
pal-781612e0ad94aa77,tpa-b077b0eb4af3e4,mp-ad2aa9ca8701e8fa,138505.0050,A-17-30-18-42J-000073-00005.0,6827 S SPARKMAN ST,building_footprint_folio,nearest_footprint_within_35m,medium,,,pending_human_review,https://arcgis.tampagov.net/arcgis/rest/services/Parcels/TaxParcel/FeatureServer/0,2026-08-28T04:55:51+00:00
pal-a6bb110cd969f2a5,tpa-b07f56c5f5635b,mp-bcfd1c112ef978b9,119480.0000,A-28-29-18-3QT-000006-00007.0,1902 S CLARK AVE,building_footprint_folio,nearest_footprint_within_35m,medium,,,pending_human_review,https://arcgis.tampagov.net/arcgis/rest/services/Parcels/TaxParcel/FeatureServer/0,2026-08-28T04:55:51+00:00
pal-21b156c5b1f7b91b,tpa-b0b751553dd485,mp-6614fc7b38b6af04,122314.0000,A-32-29-18-3TF-000000-00082.0,4628 W EUCLID AVE,building_footprint_folio,nearest_footprint_within_35m,medium,,,pending_human_review,https://arcgis.tampagov.net/arcgis/rest/services/Parcels/TaxParcel/FeatureServer/0,2026-08-28T04:55:51+00:00
pal-468a9415a36e919f,tpa-b0c1d0683897fc,mp-c5904146608da070,167743.0000,A-12-29-18-4HY-000002-00008.0,3914 N ARLINGTON AVE,building_footprint_folio,nearest_footprint_within_35m,medium,,,pending_human_review,https://arcgis.tampagov.net/arcgis/rest/services/Parcels/TaxParcel/FeatureServer/0,2026-08-28T04:55:51+00:00
pal-3a1a222f4b9ce535,tpa-b0db82b2b6fa82,mp-96659f0d9ec3fdd2,176255.0000,A-10-29-18-4OR-000009-00023.0,2703 W CORDELIA ST,building_footprint_folio,point_in_building_footprint,high,,,pending_human_review,https://arcgis.tampagov.net/arcgis/rest/services/Parcels/TaxParcel/FeatureServer/0,2026-08-28T04:55:51+00:00
pal-b4b42c896b051951,tpa-b16bad94755d94,mp-3de993cb17c5e61f,113231.0000,A-20-29-18-3L2-000006-00016.0,208 S WARD ST,building_footprint_folio,point_in_building_footprint,high,,,pending_human_review,https://arcgis.tampagov.net/arcgis/rest/services/Parcels/TaxParcel/FeatureServer/0,2026-08-28T04:55:51+00:00
pal-a8a040c6ec748cac,tpa-b1719030b0d422,mp-86e93e52e9a34ca5,136021.0000,A-15-30-18-40Y-000000-00002.0,3005 W MEADOW ST,building_footprint_folio,point_in_building_footprint,high,,,pending_human_review,https://arcgis.tampagov.net/arcgis/rest/services/Parcels/TaxParcel/FeatureServer/0,2026-08-28T04:55:51+00:00
pal-54d78be1a02cba4f,tpa-b18c3da49664fe,mp-61391ac377d9f5b2,187303.0000,A-07-29-19-4VB-000001-00006.0,2919 N 18TH ST,building_footprint_folio,nearest_footprint_within_35m,medium,,,pending_human_review,https://arcgis.tampagov.net/arcgis/rest/services/Parcels/TaxParcel/FeatureServer/0,2026-08-28T04:55:51+00:00
pal-0f3ee2d47f4cbba9,tpa-b1d12a9597cf8a,mp-6722f7c623165213,179822.0038,A-14-29-18-B9T-000003-00002.0,1308 W CHESTNUT ST,building_footprint_folio,point_in_building_footprint,high,,,pending_human_review,https://arcgis.tampagov.net/arcgis/rest/services/Parcels/TaxParcel/FeatureServer/0,2026-08-28T04:55:51+00:00
pal-c779ba622cdc2601,tpa-b202e577ac3667,mp-c405e9ae51277137,196258.0000,A-30-29-19-509-000109-00011.0,503 COLUMBIA DR,building_footprint_folio,nearest_footprint_within_35m,medium,,,pending_human_review,https://arcgis.tampagov.net/arcgis/rest/services/Parcels/TaxParcel/FeatureServer/0,2026-08-28T04:55:51+00:00
pal-0148beb238c9b833,tpa-b20815fba512a8,mp-af71076fb56bb484,166273.0000,A-01-29-18-4GT-000031-00001.1,4204 N CENTRAL AVE,building_footprint_folio,point_in_building_footprint,high,,,pending_human_review,https://arcgis.tampagov.net/arcgis/rest/services/Parcels/TaxParcel/FeatureServer/0,2026-08-28T04:55:51+00:00
pal-6976947e966d328a,tpa-b2875b0bfa679e,mp-de06eed871520b93,125601.0000,A-27-29-18-3U4-000007-00003.0,2806 W ESTRELLA ST,building_footprint_folio,point_in_building_footprint,high,,,pending_human_review,https://arcgis.tampagov.net/arcgis/rest/services/Parcels/TaxParcel/FeatureServer/0,2026-08-28T04:55:51+00:00
pal-884b7ad4794e2855,tpa-b2981c8510b51a,mp-6298b44cb143805b,163760.0000,A-36-28-18-4FJ-000000-00009.0,5806 N CHEROKEE AVE,building_footprint_folio,point_in_building_footprint,high,,,pending_human_review,https://arcgis.tampagov.net/arcgis/rest/services/Parcels/TaxParcel/FeatureServer/0,2026-08-28T04:55:51+00:00
pal-59bed5f91fe6b90a,tpa-b2ca052efa8cec,mp-557aa339c782dc3c,94636.0000,A-18-29-18-ZZZ-000005-34540.0,3000 BAYPORT DR,building_footprint_folio,exact_address_nearby_footprint,high,,,pending_human_review,https://arcgis.tampagov.net/arcgis/rest/services/Parcels/TaxParcel/FeatureServer/0,2026-08-28T04:55:51+00:00
pal-88a0826e4c1d0c3a,tpa-b2d8e2a8f7067a,mp-8968c9b2819709b5,134849.0100,A-10-30-18-3ZM-00005A-00022.0,6202 S ELBERON ST,building_footprint_folio,nearest_footprint_within_35m,medium,,,pending_human_review,https://arcgis.tampagov.net/arcgis/rest/services/Parcels/TaxParcel/FeatureServer/0,2026-08-28T04:55:51+00:00
pal-ad94d4e74670bf4d,tpa-b2ef36e9c16bd3,mp-1a0dda31bc0f94b0,120624.0000,A-29-29-18-3SA-000001-00007.0,4515 W WATROUS AVE,building_footprint_folio,point_in_building_footprint,high,,,pending_human_review,https://arcgis.tampagov.net/arcgis/rest/services/Parcels/TaxParcel/FeatureServer/0,2026-08-28T04:55:51+00:00
pal-1ff4cf285119e2a8,tpa-b388bdd6f8c079,mp-3d201bf0efce593f,146907.0000,A-30-28-19-45M-000058-00015.0,8010 N KLONDYKE ST,building_footprint_folio,nearest_footprint_within_35m,medium,,,pending_human_review,https://arcgis.tampagov.net/arcgis/rest/services/Parcels/TaxParcel/FeatureServer/0,2026-08-28T04:55:51+00:00
pal-c45acb44479be0f7,tpa-b3b4022a0f7a84,mp-49a3d7233d4daecf,180320.0000,A-15-29-18-4PV-000003-00001.0,3102 W ARCH ST,building_footprint_folio,nearest_footprint_within_35m,medium,,,pending_human_review,https://arcgis.tampagov.net/arcgis/rest/services/Parcels/TaxParcel/FeatureServer/0,2026-08-28T04:55:51+00:00
pal-0ce8a74d2ccab52f,tpa-b46d60be29f118,mp-91a2cf5a41281c14,138197.0050,A-17-30-18-42D-000020-00016.0,6602 KISSIMMEE ST,building_footprint_folio,point_in_building_footprint,high,,,pending_human_review,https://arcgis.tampagov.net/arcgis/rest/services/Parcels/TaxParcel/FeatureServer/0,2026-08-28T04:55:51+00:00
pal-ce748a6ed039b2af,tpa-b4dd8aca18671c,mp-3f2d8ff25f79c5e0,101573.0000,A-26-28-18-3FE-000000-00038.0,1521 W PATTERSON ST,building_footprint_folio,point_in_building_footprint,high,,,pending_human_review,https://arcgis.tampagov.net/arcgis/rest/services/Parcels/TaxParcel/FeatureServer/0,2026-08-28T04:55:51+00:00
pal-d263e8a4f697491c,tpa-b546910ce4024f,mp-fc370c13267704be,126036.0000,A-34-29-18-3U4-000045-00016.0,3209 W GRANADA ST,building_footprint_folio,nearest_footprint_within_35m,medium,,,pending_human_review,https://arcgis.tampagov.net/arcgis/rest/services/Parcels/TaxParcel/FeatureServer/0,2026-08-28T04:55:51+00:00
pal-5611289bbad29dec,tpa-b5e9db01f40cb5,mp-4735a73fbec374f0,123092.0000,A-32-29-18-3TN-000011-00026.0,3600 S LIGHTNER DR,building_footprint_folio,point_in_building_footprint,high,,,pending_human_review,https://arcgis.tampagov.net/arcgis/rest/services/Parcels/TaxParcel/FeatureServer/0,2026-08-28T04:55:51+00:00
pal-12968f663ecb03a0,tpa-b67df26aaa27de,mp-77b38c52f1792c1e,192017.0000,A-13-29-18-4Y3-000004-00005.0,318 W PARK AVE,building_footprint_folio,nearest_footprint_within_35m,medium,,,pending_human_review,https://arcgis.tampagov.net/arcgis/rest/services/Parcels/TaxParcel/FeatureServer/0,2026-08-28T04:55:51+00:00
pal-d015a6a62026d902,tpa-b6d123a7ed8047,mp-9ee95ebf8ede4b81,103355.0025,A-34-28-18-3GJ-000000-00028.1,3008 W RIO VISTA AVE,building_footprint_folio,nearest_footprint_within_35m,medium,,,pending_human_review,https://arcgis.tampagov.net/arcgis/rest/services/Parcels/TaxParcel/FeatureServer/0,2026-08-28T04:55:51+00:00
pal-659d82f0de952b55,tpa-b7057af33d1ec8,mp-b719590636b44352,185614.0000,A-26-29-18-4TE-000010-00005.0,911 S OREGON AVE,building_footprint_folio,nearest_footprint_within_35m,medium,,,pending_human_review,https://arcgis.tampagov.net/arcgis/rest/services/Parcels/TaxParcel/FeatureServer/0,2026-08-28T04:55:51+00:00
pal-86396aae2c06da3a,tpa-b734ec9fa69d68,mp-eb2b5cb862513848,123043.0000,A-32-29-18-3TN-000010-00003.0,3605 S LIGHTNER DR,building_footprint_folio,point_in_building_footprint,high,,,pending_human_review,https://arcgis.tampagov.net/arcgis/rest/services/Parcels/TaxParcel/FeatureServer/0,2026-08-28T04:55:51+00:00
pal-eb003b7b56a67e82,tpa-b741db146cd4a9,mp-91e02e6a692ef499,190596.0100,A-20-29-19-4X6-000015-00002.0,2623 MARCONI ST,building_footprint_folio,nearest_footprint_within_35m,medium,,,pending_human_review,https://arcgis.tampagov.net/arcgis/rest/services/Parcels/TaxParcel/FeatureServer/0,2026-08-28T04:55:51+00:00
pal-ee7069bfc1fe3a5b,tpa-b7618df7784dd1,mp-16aceb8a68a83394,196001.0000,A-36-29-18-509-000093-00027.0,614 LUZON AVE,building_footprint_folio,nearest_footprint_within_35m,medium,,,pending_human_review,https://arcgis.tampagov.net/arcgis/rest/services/Parcels/TaxParcel/FeatureServer/0,2026-08-28T04:55:51+00:00
pal-123364d1ebf6c012,tpa-b7cd4c2038e29e,mp-4b98e281ffaaa349,133445.0000,A-09-30-18-3YJ-000008-00006.0,3512 W PEARL AVE,building_footprint_folio,nearest_footprint_within_35m,medium,,,pending_human_review,https://arcgis.tampagov.net/arcgis/rest/services/Parcels/TaxParcel/FeatureServer/0,2026-08-28T04:55:51+00:00
pal-15b2982be37c49cc,tpa-b81cca38d9f10d,mp-5556b646318f0741,120833.0028,A-29-29-18-3SG-000000-00018.0,1113 CULBREATH ISLES DR,building_footprint_folio,point_in_building_footprint,high,,,pending_human_review,https://arcgis.tampagov.net/arcgis/rest/services/Parcels/TaxParcel/FeatureServer/0,2026-08-28T04:55:51+00:00
pal-7b48f1c77d0460e2,tpa-b8a3e82b618294,mp-ba09989267727482,109955.0000,A-10-29-18-3J5-000065-00014.0,3421 W KATHLEEN ST,building_footprint_folio,nearest_footprint_within_35m,medium,,,pending_human_review,https://arcgis.tampagov.net/arcgis/rest/services/Parcels/TaxParcel/FeatureServer/0,2026-08-28T04:55:51+00:00
pal-faf2a49769436eee,tpa-b8b6db7b654a27,mp-f1dc46338666a7b3,196035.0000,A-36-29-18-509-000095-00004.0,489 BOSPHOROUS AVE,building_footprint_folio,nearest_footprint_within_35m,medium,,,pending_human_review,https://arcgis.tampagov.net/arcgis/rest/services/Parcels/TaxParcel/FeatureServer/0,2026-08-28T04:55:51+00:00
pal-152d0f854941b84f,tpa-b953013a2ad9df,mp-25041b6598aacfc7,169413.0000,A-36-29-18-4J6-E00000-0010A.0,554 W DAVIS BLVD,building_footprint_folio,nearest_footprint_within_35m,medium,,,pending_human_review,https://arcgis.tampagov.net/arcgis/rest/services/Parcels/TaxParcel/FeatureServer/0,2026-08-28T04:55:51+00:00
pal-ea87c9408b04b6b6,tpa-b967556819f971,mp-29f2bfc938c3b932,118351.0500,A-27-29-18-3Q7-000000-00017.0,2606 W MORRISON AVE,building_footprint_folio,nearest_footprint_within_35m,medium,,,pending_human_review,https://arcgis.tampagov.net/arcgis/rest/services/Parcels/TaxParcel/FeatureServer/0,2026-08-28T04:55:51+00:00
pal-c99f2302c4adc9b4,tpa-b982457676db58,mp-3aedfec7d2e4c9ee,196017.0000,A-36-29-18-509-000094-00008.0,517 BOSPHOROUS AVE,building_footprint_folio,nearest_footprint_within_35m,medium,,,pending_human_review,https://arcgis.tampagov.net/arcgis/rest/services/Parcels/TaxParcel/FeatureServer/0,2026-08-28T04:55:51+00:00
pal-46bb1e7eea033d45,tpa-b98f1cadf39fa3,mp-b25f89b2538eddc8,195807.0000,A-36-29-18-509-000071-00017.0,672 GENEVA PL,building_footprint_folio,point_in_building_footprint,high,,,pending_human_review,https://arcgis.tampagov.net/arcgis/rest/services/Parcels/TaxParcel/FeatureServer/0,2026-08-28T04:55:51+00:00
pal-bb53bc49bc028cdf,tpa-b9b13f05dc4299,mp-217c1c583fb4ce1c,99238.0000,A-24-28-18-3EF-000022-00003.0,8412 N DIXON AVE 1 2,building_footprint_folio,nearest_footprint_within_35m,medium,,,pending_human_review,https://arcgis.tampagov.net/arcgis/rest/services/Parcels/TaxParcel/FeatureServer/0,2026-08-28T04:55:51+00:00
pal-beb0c2f217cf7a52,tpa-b9d17bc37c853a,mp-3c794b198331d6fa,106358.0000,A-02-29-18-3HW-000000-00066.0,1508 RIVER SHORE WAY,building_footprint_folio,point_in_building_footprint,high,,,pending_human_review,https://arcgis.tampagov.net/arcgis/rest/services/Parcels/TaxParcel/FeatureServer/0,2026-08-28T04:55:51+00:00
pal-00f998f16bd76d9d,tpa-b9e552e7f71036,mp-195c2d54df3ea86a,131018.0000,A-05-30-18-3XC-000021-00009.0,4511 S SHAMROCK RD,building_footprint_folio,nearest_footprint_within_35m,medium,,,pending_human_review,https://arcgis.tampagov.net/arcgis/rest/services/Parcels/TaxParcel/FeatureServer/0,2026-08-28T04:55:51+00:00
pal-76a84c42df303cb9,tpa-b9f6e7ea28d9bb,mp-9db3219a36fc4389,169365.0000,A-36-29-18-4J6-B00000-00006.0,573 W DAVIS BLVD,building_footprint_folio,point_in_building_footprint,high,,,pending_human_review,https://arcgis.tampagov.net/arcgis/rest/services/Parcels/TaxParcel/FeatureServer/0,2026-08-28T04:55:51+00:00
pal-9f81bef05f37788f,tpa-ba4042c2c4ba66,mp-5f96d5b82ab17295,180534.0000,A-15-29-18-4PV-000049-00012.0,3101 W SPRUCE ST,building_footprint_folio,point_in_building_footprint,high,,,pending_human_review,https://arcgis.tampagov.net/arcgis/rest/services/Parcels/TaxParcel/FeatureServer/0,2026-08-28T04:55:51+00:00
pal-f9156769e530d833,tpa-ba4a949c34007a,mp-0275106c6de988e9,123529.0000,A-33-29-18-3TP-000035-00018.0,3711 W SANTIAGO ST,building_footprint_folio,nearest_footprint_within_35m,medium,,,pending_human_review,https://arcgis.tampagov.net/arcgis/rest/services/Parcels/TaxParcel/FeatureServer/0,2026-08-28T04:55:51+00:00
pal-f6ff46ee4705d777,tpa-ba6174367cf5d6,mp-a7a06222ae43097c,101223.0000,A-26-28-18-3FA-000004-00001.1,1504 W HAMILTON AVE,building_footprint_folio,nearest_footprint_within_35m,medium,,,pending_human_review,https://arcgis.tampagov.net/arcgis/rest/services/Parcels/TaxParcel/FeatureServer/0,2026-08-28T04:55:51+00:00
pal-c4ca78aae0817f6d,tpa-babdcdc6bdf41c,mp-7a3e5dd8e7579cef,186312.0000,A-26-29-18-4UG-000000-00002.0,1404 S DE SOTO AVE,building_footprint_folio,nearest_footprint_within_35m,medium,,,pending_human_review,https://arcgis.tampagov.net/arcgis/rest/services/Parcels/TaxParcel/FeatureServer/0,2026-08-28T04:55:51+00:00
pal-9f778b07ea5293e3,tpa-bae748f27e3f13,mp-c2f2ab62ced2d622,155654.0000,A-05-29-19-4A0-000003-00026.0,2620 E CAYUGA ST,building_footprint_folio,nearest_footprint_within_35m,medium,,,pending_human_review,https://arcgis.tampagov.net/arcgis/rest/services/Parcels/TaxParcel/FeatureServer/0,2026-08-28T04:55:51+00:00
pal-ae0ac54e9f590455,tpa-baf689544886f3,mp-476fa4db56ec32e3,98729.0000,A-23-28-18-3E9-000022-00007.0,1315 W YUKON ST,building_footprint_folio,nearest_footprint_within_35m,medium,,,pending_human_review,https://arcgis.tampagov.net/arcgis/rest/services/Parcels/TaxParcel/FeatureServer/0,2026-08-28T04:55:51+00:00
pal-39e693b9cd878832,tpa-bb3d36d298a4a2,mp-7354ba3a1230aa67,194821.0000,A-25-29-18-509-000005-00030.0,25 ADALIA AVE,building_footprint_folio,nearest_footprint_within_35m,medium,,,pending_human_review,https://arcgis.tampagov.net/arcgis/rest/services/Parcels/TaxParcel/FeatureServer/0,2026-08-28T04:55:51+00:00
pal-d2f7b6d4c7bc280e,tpa-bb7f59f71ea4fa,mp-6c3a3903eec7f6bb,98644.0000,A-23-28-18-3E9-000017-00005.0,8908 N EL PORTAL DR,building_footprint_folio,nearest_footprint_within_35m,medium,,,pending_human_review,https://arcgis.tampagov.net/arcgis/rest/services/Parcels/TaxParcel/FeatureServer/0,2026-08-28T04:55:51+00:00
pal-97ec8fd2032ade91,tpa-bbe4a16043acb4,mp-6e06d0f4790cc2b6,123071.0000,A-32-29-18-3TN-000011-00005.0,3609 S OMAR AVE,building_footprint_folio,point_in_building_footprint,high,,,pending_human_review,https://arcgis.tampagov.net/arcgis/rest/services/Parcels/TaxParcel/FeatureServer/0,2026-08-28T04:55:51+00:00
pal-a0fc6cfc77df16ee,tpa-bc9bbb9bdf075a,mp-f6f0940545ba184f,130374.0000,A-05-30-18-3X8-000003-00020.0,4310 S TRASK ST,building_footprint_folio,point_in_building_footprint,high,,,pending_human_review,https://arcgis.tampagov.net/arcgis/rest/services/Parcels/TaxParcel/FeatureServer/0,2026-08-28T04:55:51+00:00
pal-30985664dd71abab,tpa-bca446a827024a,mp-2c3d4f1e3516931e,170156.0000,A-31-28-19-ZZZ-000005-86710.0,1309 E SLIGH AVE,building_footprint_folio,exact_address_nearby_footprint,high,,,pending_human_review,https://arcgis.tampagov.net/arcgis/rest/services/Parcels/TaxParcel/FeatureServer/0,2026-08-28T04:55:51+00:00
pal-022c20f3bbce6645,tpa-bcfad7847325d6,mp-65609629ec975242,98810.0000,A-23-28-18-3E9-000030-00005.0,8411 N ROME AVE,building_footprint_folio,point_in_building_footprint,high,,,pending_human_review,https://arcgis.tampagov.net/arcgis/rest/services/Parcels/TaxParcel/FeatureServer/0,2026-08-28T04:55:51+00:00
pal-78eac217209bea45,tpa-bd93048ff170ca,mp-40ea85ccb0d1e20b,164632.0000,A-01-29-18-4G5-000004-00005.0,5302 N SUWANEE AVE,building_footprint_folio,nearest_footprint_within_35m,medium,,,pending_human_review,https://arcgis.tampagov.net/arcgis/rest/services/Parcels/TaxParcel/FeatureServer/0,2026-08-28T04:55:51+00:00
pal-93ae81229e62e07a,tpa-bdf2b4e3a608fe,mp-075ef6ee035a6037,122634.0000,A-32-29-18-3TI-000000-00053.1,3444 S WEST SHORE BLVD,building_footprint_folio,point_in_building_footprint,high,,,pending_human_review,https://arcgis.tampagov.net/arcgis/rest/services/Parcels/TaxParcel/FeatureServer/0,2026-08-28T04:55:51+00:00
pal-212f73664cc14d51,tpa-be30acac1e4c9f,mp-c46ec6ba0fd3ade1,120960.0000,A-29-29-18-3SL-000015-00007.0,4910 W MELROSE AVE,building_footprint_folio,point_in_building_footprint,high,,,pending_human_review,https://arcgis.tampagov.net/arcgis/rest/services/Parcels/TaxParcel/FeatureServer/0,2026-08-28T04:55:51+00:00
pal-c579d6416f4834a3,tpa-be427247ca8273,mp-88ce4c1e4927d54b,119881.0100,A-28-29-18-3RG-000000-00008.0,4115 HENDERSON BLVD,building_footprint_folio,point_in_building_footprint,high,,,pending_human_review,https://arcgis.tampagov.net/arcgis/rest/services/Parcels/TaxParcel/FeatureServer/0,2026-08-28T04:55:51+00:00
pal-1dff036ca4afa02d,tpa-be679f4d82c977,mp-6c2ae6a6a4397203,185614.0000,A-26-29-18-4TE-000010-00005.0,911 S OREGON AVE,building_footprint_folio,point_in_building_footprint,high,,,pending_human_review,https://arcgis.tampagov.net/arcgis/rest/services/Parcels/TaxParcel/FeatureServer/0,2026-08-28T04:55:51+00:00
pal-964533d809b4c758,tpa-bebdcd63138518,mp-b41e430dfe6a52ae,119602.0000,A-28-29-18-3R2-000001-00003.0,4108 HENDERSON BLVD,building_footprint_folio,nearest_footprint_within_35m,medium,,,pending_human_review,https://arcgis.tampagov.net/arcgis/rest/services/Parcels/TaxParcel/FeatureServer/0,2026-08-28T04:55:51+00:00
pal-a648d78438e13ff8,tpa-bed663e835a942,mp-fb4dcbd522844579,101707.0000,A-26-28-18-3FG-000000-00295.0,925 W PATTERSON ST,building_footprint_folio,point_in_building_footprint,high,,,pending_human_review,https://arcgis.tampagov.net/arcgis/rest/services/Parcels/TaxParcel/FeatureServer/0,2026-08-28T04:55:51+00:00
pal-17de7d80c992c324,tpa-bf357a528a9806,mp-7fa99390f8231889,196038.5550,A-36-29-18-509-000095-00011.1,475 BOSPHOROUS AV,building_footprint_folio,nearest_footprint_within_35m,medium,,,pending_human_review,https://arcgis.tampagov.net/arcgis/rest/services/Parcels/TaxParcel/FeatureServer/0,2026-08-28T04:55:51+00:00
pal-527ea4a3face7326,tpa-bf814d9d8768d6,mp-18a5e059d2b7c96c,134536.0050,A-10-30-18-3ZC-T00000-00001.0,2925 W TYSON AVE,building_footprint_folio,nearest_footprint_within_35m,medium,,,pending_human_review,https://arcgis.tampagov.net/arcgis/rest/services/Parcels/TaxParcel/FeatureServer/0,2026-08-28T04:55:51+00:00
pal-31fdbf22de1b7a1c,tpa-bfeeb1536ed268,mp-268e9eb149c8e795,165702.0000,A-01-29-18-4GL-000000-00295.0,207 W GENESEE ST,building_footprint_folio,nearest_footprint_within_35m,medium,,,pending_human_review,https://arcgis.tampagov.net/arcgis/rest/services/Parcels/TaxParcel/FeatureServer/0,2026-08-28T04:55:51+00:00
pal-ee04d48f70763803,tpa-bff9b03434646b,mp-437b3e35fdda08be,169302.0000,A-36-29-18-4J5-000063-00002.0,627 SUPERIOR AVE,building_footprint_folio,point_in_building_footprint,high,,,pending_human_review,https://arcgis.tampagov.net/arcgis/rest/services/Parcels/TaxParcel/FeatureServer/0,2026-08-28T04:55:51+00:00
pal-38eff335f6075715,tpa-c03014bc17a9d2,mp-65fa160a3fc9a20f,183819.0000,A-23-29-18-4S3-000008-00001.0,1307 W KENNEDY BLVD,building_footprint_folio,point_in_building_footprint,high,,,pending_human_review,https://arcgis.tampagov.net/arcgis/rest/services/Parcels/TaxParcel/FeatureServer/0,2026-08-28T04:55:51+00:00
pal-12d7de716acfc6da,tpa-c074c2415d7715,mp-a616aa77200d6cdc,165147.0000,A-01-29-18-4GH-000000-00196.0,302 W HAYA ST,building_footprint_folio,nearest_footprint_within_35m,medium,,,pending_human_review,https://arcgis.tampagov.net/arcgis/rest/services/Parcels/TaxParcel/FeatureServer/0,2026-08-28T04:55:51+00:00
pal-eef1283c89a81a41,tpa-c08496c53917f7,mp-0e5bb8ed4da9dc2c,163436.0000,A-36-28-18-4FB-000000-00448.0,303 W JEAN ST,building_footprint_folio,nearest_footprint_within_35m,medium,,,pending_human_review,https://arcgis.tampagov.net/arcgis/rest/services/Parcels/TaxParcel/FeatureServer/0,2026-08-28T04:55:51+00:00
pal-d76bc0846a1aa2d5,tpa-c1214d4efa43ff,mp-beba0c3d93588c31,102167.0000,A-26-28-18-3G1-000000-00025.1,1703 W SLIGH AVE,building_footprint_folio,point_in_building_footprint,high,,,pending_human_review,https://arcgis.tampagov.net/arcgis/rest/services/Parcels/TaxParcel/FeatureServer/0,2026-08-28T04:55:51+00:00
pal-dc690a758b4cbca1,tpa-c155a84ecb628b,mp-a96f05ba4e23784c,101684.0100,A-26-28-18-3FF-000000-00262.0,1509 W HAMILTON AVE,building_footprint_folio,nearest_footprint_within_35m,medium,,,pending_human_review,https://arcgis.tampagov.net/arcgis/rest/services/Parcels/TaxParcel/FeatureServer/0,2026-08-28T04:55:51+00:00
pal-dcc817d79cc42389,tpa-c15b0aac43abb4,mp-ed216adc845e113f,123651.0000,A-33-29-18-3TP-000043-00021.0,3705 W SAN PEDRO ST,building_footprint_folio,point_in_building_footprint,high,,,pending_human_review,https://arcgis.tampagov.net/arcgis/rest/services/Parcels/TaxParcel/FeatureServer/0,2026-08-28T04:55:51+00:00
pal-d9b8241f7a91ad45,tpa-c1becc3364ea51,mp-8ff35d4d9cc87623,95241.0000,A-13-28-18-3CE-000000-00067.0,10112 N DARTMOUTH AVE,building_footprint_folio,nearest_footprint_within_35m,medium,,,pending_human_review,https://arcgis.tampagov.net/arcgis/rest/services/Parcels/TaxParcel/FeatureServer/0,2026-08-28T04:55:51+00:00
pal-e9803721ff0225b1,tpa-c2504cfbdd6587,mp-cadccef4140e0fcb,136939.0000,A-15-30-18-41R-000000-00021.0,3014 N ADAMS ST,building_footprint_folio,point_in_building_footprint,high,,,pending_human_review,https://arcgis.tampagov.net/arcgis/rest/services/Parcels/TaxParcel/FeatureServer/0,2026-08-28T04:55:51+00:00
pal-3db850fd16d7234a,tpa-c251248ac6398f,mp-4de346ae6f00ebd3,195099.0000,A-25-29-18-509-000015-00026.0,140 CHIPPEWA AVE,building_footprint_folio,point_in_building_footprint,high,,,pending_human_review,https://arcgis.tampagov.net/arcgis/rest/services/Parcels/TaxParcel/FeatureServer/0,2026-08-28T04:55:51+00:00
pal-3eaec9c8fcba4ebb,tpa-c3125164df8d13,mp-0484c2dcad739c7e,158981.0000,A-10-29-19-4BX-000015-00016.0,3607 N 52ND ST,building_footprint_folio,nearest_footprint_within_35m,medium,,,pending_human_review,https://arcgis.tampagov.net/arcgis/rest/services/Parcels/TaxParcel/FeatureServer/0,2026-08-28T04:55:51+00:00
pal-6dc16f6e4db60190,tpa-c3c3b3282ff9a2,mp-3de5bdb8063667c7,163499.0100,A-36-28-18-4FB-000000-00534.0,205 W FERN ST,building_footprint_folio,nearest_footprint_within_35m,medium,,,pending_human_review,https://arcgis.tampagov.net/arcgis/rest/services/Parcels/TaxParcel/FeatureServer/0,2026-08-28T04:55:51+00:00
pal-c626e309ce1897df,tpa-c3dca42dfa4e17,mp-b92b5fec79c4ee7b,172840.0000,A-07-29-19-4M6-000000-00004.0,1209 E 33RD AVE,building_footprint_folio,point_in_building_footprint,high,,,pending_human_review,https://arcgis.tampagov.net/arcgis/rest/services/Parcels/TaxParcel/FeatureServer/0,2026-08-28T04:55:51+00:00
pal-7748687593be9c23,tpa-c3eb9a831dc8d7,mp-dd80559436e7324b,100449.0100,A-24-28-18-3EO-000013-00017.0,8908 N HAMNER AVE,building_footprint_folio,nearest_footprint_within_35m,medium,,,pending_human_review,https://arcgis.tampagov.net/arcgis/rest/services/Parcels/TaxParcel/FeatureServer/0,2026-08-28T04:55:51+00:00
pal-2f5eae181ebc3d7c,tpa-c41745c2c5f2f7,mp-c2a6fd06bdf85b11,195810.0000,A-36-29-18-509-000071-00021.0,664 GENEVA PL,building_footprint_folio,point_in_building_footprint,high,,,pending_human_review,https://arcgis.tampagov.net/arcgis/rest/services/Parcels/TaxParcel/FeatureServer/0,2026-08-28T04:55:51+00:00
pal-51f966094fbd487e,tpa-c513d0ffc576b5,mp-995dc911f25a1fd0,169093.0100,A-22-29-18-4IZ-000001-00007.0,209 N WOODLYNNE AVE,building_footprint_folio,nearest_footprint_within_35m,medium,,,pending_human_review,https://arcgis.tampagov.net/arcgis/rest/services/Parcels/TaxParcel/FeatureServer/0,2026-08-28T04:55:51+00:00
pal-8c1cb0e221d954dc,tpa-c57ea4b6cd1ba7,mp-cd8691172792913b,122111.0000,A-32-29-18-3TB-000000-00081.0,5115 W POE AVE,building_footprint_folio,nearest_footprint_within_35m,medium,,,pending_human_review,https://arcgis.tampagov.net/arcgis/rest/services/Parcels/TaxParcel/FeatureServer/0,2026-08-28T04:55:51+00:00
pal-17caaaee6e678bad,tpa-c5cd07c38b1571,mp-914ee52b70536c65,104772.0000,A-35-28-18-3H2-000000-00006.1,1919 W JEAN ST,building_footprint_folio,nearest_footprint_within_35m,medium,,,pending_human_review,https://arcgis.tampagov.net/arcgis/rest/services/Parcels/TaxParcel/FeatureServer/0,2026-08-28T04:55:51+00:00
pal-8c1fee042da40871,tpa-c666aedc3672c9,mp-866543464371faff,145707.0000,A-19-28-19-45B-000000-00353.0,1706 E WATERS AVE A,building_footprint_folio,nearest_footprint_within_35m,medium,,,pending_human_review,https://arcgis.tampagov.net/arcgis/rest/services/Parcels/TaxParcel/FeatureServer/0,2026-08-28T04:55:51+00:00
pal-be1f84e25046d650,tpa-c69a1e0c4df046,mp-669b404aaaf17785,111027.0086,A-16-29-18-B86-000000-C0000.0,1130 GRAMERCY LN,building_footprint_folio,point_in_building_footprint,high,,,pending_human_review,https://arcgis.tampagov.net/arcgis/rest/services/Parcels/TaxParcel/FeatureServer/0,2026-08-28T04:55:51+00:00
pal-2733f26a65dfb0f3,tpa-c6e1c8fa7734f0,mp-a2c880b34bb5f20a,118395.0000,A-27-29-18-3Q7-000000-00071.0,2603 W JETTON AVE,building_footprint_folio,exact_address_nearby_footprint,high,,,pending_human_review,https://arcgis.tampagov.net/arcgis/rest/services/Parcels/TaxParcel/FeatureServer/0,2026-08-28T04:55:51+00:00
pal-a849dbb58547d80b,tpa-c6e994422909aa,mp-7a17c83332dea1c2,196609.0000,A-36-29-18-50I-000006-00014.1,806 S DAVIS BLVD,building_footprint_folio,nearest_footprint_within_35m,medium,,,pending_human_review,https://arcgis.tampagov.net/arcgis/rest/services/Parcels/TaxParcel/FeatureServer/0,2026-08-28T04:55:51+00:00
pal-270cbce9ad28d321,tpa-c7372a5e4ee32b,mp-4e8ae21a90e3811a,196609.0000,A-36-29-18-50I-000006-00014.1,806 S DAVIS BLVD,building_footprint_folio,exact_address_nearby_footprint,high,,,pending_human_review,https://arcgis.tampagov.net/arcgis/rest/services/Parcels/TaxParcel/FeatureServer/0,2026-08-28T04:55:51+00:00
pal-18279b896852ca2e,tpa-c768fb60f5036e,mp-c5d659e287738434,115914.0000,A-21-29-18-3ME-000003-00003.0,3604 W DALE AVE,building_footprint_folio,nearest_footprint_within_35m,medium,,,pending_human_review,https://arcgis.tampagov.net/arcgis/rest/services/Parcels/TaxParcel/FeatureServer/0,2026-08-28T04:55:51+00:00
pal-6c8838b10f29f5d1,tpa-c7aa17d284f934,mp-85cbe68da33d533b,105833.0000,A-02-29-18-3HL-000039-00011.0,2308 N ELCOE DR,building_footprint_folio,point_in_building_footprint,high,,,pending_human_review,https://arcgis.tampagov.net/arcgis/rest/services/Parcels/TaxParcel/FeatureServer/0,2026-08-28T04:55:51+00:00
pal-692cc900eaf04087,tpa-c7d017e71bbdf6,mp-0e63faa8a4334bf1,128783.0000,A-03-30-18-3WC-000004-00010.0,2933 W COACHMAN AVE,building_footprint_folio,nearest_footprint_within_35m,medium,,,pending_human_review,https://arcgis.tampagov.net/arcgis/rest/services/Parcels/TaxParcel/FeatureServer/0,2026-08-28T04:55:51+00:00
pal-b48d80ab0b06ed06,tpa-c812be03cf333e,mp-0248a7cc39a5873f,98852.0000,A-23-28-18-3EB-000000-00008.1,8501 N ORLEANS AVE,building_footprint_folio,nearest_footprint_within_35m,medium,,,pending_human_review,https://arcgis.tampagov.net/arcgis/rest/services/Parcels/TaxParcel/FeatureServer/0,2026-08-28T04:55:51+00:00
pal-ef2cb356cab760dd,tpa-c86fbb8e43b1c9,mp-a6df57c947b430f0,121845.0000,A-32-29-18-3T7-000021-00014.0,4807 S SUNSET BLVD,building_footprint_folio,nearest_footprint_within_35m,medium,,,pending_human_review,https://arcgis.tampagov.net/arcgis/rest/services/Parcels/TaxParcel/FeatureServer/0,2026-08-28T04:55:51+00:00
pal-d1d450eef9fa98e5,tpa-c8ada6ee2ccced,mp-c314f24f07620f0b,120833.0012,A-29-29-18-3SG-000000-00007.0,1116 CULBREATH ISLES DR,building_footprint_folio,point_in_building_footprint,high,,,pending_human_review,https://arcgis.tampagov.net/arcgis/rest/services/Parcels/TaxParcel/FeatureServer/0,2026-08-28T04:55:51+00:00
pal-c2270b0c62af80f0,tpa-c8bd1ede6078ca,mp-c8a870ee1c7e1ca6,198321.0000,A-18-29-19-51B-000001-00016.0,930 11TH AVE,building_footprint_folio,nearest_footprint_within_35m,medium,,,pending_human_review,https://arcgis.tampagov.net/arcgis/rest/services/Parcels/TaxParcel/FeatureServer/0,2026-08-28T04:55:51+00:00
pal-7ea6b6670425cb0f,tpa-c8ce63338a858d,mp-9585920990ae6f3c,184052.0000,A-23-29-18-4S5-000006-00011.2,207 N ALBANY AVE,building_footprint_folio,nearest_footprint_within_35m,medium,,,pending_human_review,https://arcgis.tampagov.net/arcgis/rest/services/Parcels/TaxParcel/FeatureServer/0,2026-08-28T04:55:51+00:00
pal-4222478eb5deb345,tpa-c991ce9785c639,mp-65b05dd004997c8a,164726.0000,A-01-29-18-4G5-000012-00002.0,5118 N SUWANEE AVE,building_footprint_folio,point_in_building_footprint,high,,,pending_human_review,https://arcgis.tampagov.net/arcgis/rest/services/Parcels/TaxParcel/FeatureServer/0,2026-08-28T04:55:51+00:00
pal-9600ef6be99d87c9,tpa-c9a76ceb1d5c1d,mp-f2b51bdd12eb5243,117968.0000,A-27-29-18-3Q1-000011-00007.0,812 S MACDILL AVE,building_footprint_folio,nearest_footprint_within_35m,medium,,,pending_human_review,https://arcgis.tampagov.net/arcgis/rest/services/Parcels/TaxParcel/FeatureServer/0,2026-08-28T04:55:51+00:00
pal-20b05c4dbd4d71fe,tpa-c9b1704a473169,mp-4df39bb1d09766ab,107327.0000,A-03-29-18-3II-000003-00124.0,3106 W CREST AVE,building_footprint_folio,nearest_footprint_within_35m,medium,,,pending_human_review,https://arcgis.tampagov.net/arcgis/rest/services/Parcels/TaxParcel/FeatureServer/0,2026-08-28T04:55:51+00:00
pal-a86453b57b29f152,tpa-c9e100c620dbb2,mp-81bb668578ddc85d,135700.0000,A-11-30-18-406-000000-00024.0,5200 BAYSHORE BLVD,building_footprint_folio,nearest_footprint_within_35m,medium,,,pending_human_review,https://arcgis.tampagov.net/arcgis/rest/services/Parcels/TaxParcel/FeatureServer/0,2026-08-28T04:55:51+00:00
pal-d9c3c9fe295159c5,tpa-c9e1feb765c980,mp-39246235c69b12e4,111068.0000,A-16-29-18-3JE-000002-00020.0,4309 W LA SALLE ST,building_footprint_folio,nearest_footprint_within_35m,medium,,,pending_human_review,https://arcgis.tampagov.net/arcgis/rest/services/Parcels/TaxParcel/FeatureServer/0,2026-08-28T04:55:51+00:00
pal-525ad64719b5aee9,tpa-ca19614a93e0e9,mp-c7d987cce65a6fed,181898.0000,A-11-29-18-4QE-000020-00007.0,2710 N RIDGEWOOD AVE,building_footprint_folio,exact_address_nearby_footprint,high,,,pending_human_review,https://arcgis.tampagov.net/arcgis/rest/services/Parcels/TaxParcel/FeatureServer/0,2026-08-28T04:55:51+00:00
pal-405db452ec3072fe,tpa-ca325157830d7e,mp-95f1c6a988608be9,195445.0000,A-36-29-18-509-000042-00029.0,70 LADOGA AVE,building_footprint_folio,exact_address_nearby_footprint,high,,,pending_human_review,https://arcgis.tampagov.net/arcgis/rest/services/Parcels/TaxParcel/FeatureServer/0,2026-08-28T04:55:51+00:00
pal-765f0b7c4d2bb56f,tpa-ca3c16bf857656,mp-901e464f00799916,121720.0000,A-32-29-18-3T7-000014-00018.0,4627 W LAMB AVE,building_footprint_folio,nearest_footprint_within_35m,medium,,,pending_human_review,https://arcgis.tampagov.net/arcgis/rest/services/Parcels/TaxParcel/FeatureServer/0,2026-08-28T04:55:51+00:00
pal-a30ae51c8f2d6fe5,tpa-ca4b91c0afd4a3,mp-f435c2e66e5ccdd0,193323.0000,A-24-29-18-4ZI-000017-00002.1,915 N FRANKLIN ST,building_footprint_folio,point_in_building_footprint,high,,,pending_human_review,https://arcgis.tampagov.net/arcgis/rest/services/Parcels/TaxParcel/FeatureServer/0,2026-08-28T04:55:51+00:00
pal-9b4dcf3f2641731e,tpa-ca5fb9eae9e92a,mp-2708280c2712fcbf,110967.0020,A-17-29-18-ZZZ-000005-47620.2,2223 N WEST SHORE BLVD 400,building_footprint_folio,point_in_building_footprint,high,,,pending_human_review,https://arcgis.tampagov.net/arcgis/rest/services/Parcels/TaxParcel/FeatureServer/0,2026-08-28T04:55:51+00:00
pal-926a3945aa0f7517,tpa-ca7e547556a454,mp-538fae211855c486,162279.0000,A-35-28-18-4EK-000013-00009.2,5907 N KENNETH AVE,building_footprint_folio,point_in_building_footprint,high,,,pending_human_review,https://arcgis.tampagov.net/arcgis/rest/services/Parcels/TaxParcel/FeatureServer/0,2026-08-28T04:55:51+00:00
pal-95daa09ac43193d0,tpa-ca9e256b1e6b19,mp-b5d2882e4d7e1f75,166813.0000,A-11-29-18-4HA-000008-00016.0,709 W VIRGINIA AVE,building_footprint_folio,nearest_footprint_within_35m,medium,,,pending_human_review,https://arcgis.tampagov.net/arcgis/rest/services/Parcels/TaxParcel/FeatureServer/0,2026-08-28T04:55:51+00:00
pal-9415e0056094cb68,tpa-cade18fe60944b,mp-a8bfc4c3cf486e55,119962.0000,A-28-29-18-3RM-000000-00003.0,4108 W WATROUS AVE,building_footprint_folio,nearest_footprint_within_35m,medium,,,pending_human_review,https://arcgis.tampagov.net/arcgis/rest/services/Parcels/TaxParcel/FeatureServer/0,2026-08-28T04:55:51+00:00
pal-d6a0ac9b003f0ece,tpa-cae41f261c9776,mp-bb88595158434324,114102.0000,A-21-29-18-3LA-000051-00013.0,4207 W BEACH PARK DR,building_footprint_folio,point_in_building_footprint,high,,,pending_human_review,https://arcgis.tampagov.net/arcgis/rest/services/Parcels/TaxParcel/FeatureServer/0,2026-08-28T04:55:51+00:00
pal-e18fa2c4d765ed2e,tpa-caead8f00074bd,mp-cbfddce7ae1fa98e,192216.0000,A-13-29-18-4YD-000013-00003.0,208 W ROSS AVE,building_footprint_folio,nearest_footprint_within_35m,medium,,,pending_human_review,https://arcgis.tampagov.net/arcgis/rest/services/Parcels/TaxParcel/FeatureServer/0,2026-08-28T04:55:51+00:00
pal-f5e697ee2cd9f5f6,tpa-cb1d1c75cafbd2,mp-dca337eaaa320920,109861.0000,A-10-29-18-3J5-000060-00022.0,3405 W DEWEY ST,building_footprint_folio,point_in_building_footprint,high,,,pending_human_review,https://arcgis.tampagov.net/arcgis/rest/services/Parcels/TaxParcel/FeatureServer/0,2026-08-28T04:55:51+00:00
pal-4bea21d4dbe20d95,tpa-cb54a6624c5ce9,mp-ecb31681fa3b2083,113223.0000,A-20-29-18-3L2-000006-00005.0,215 S GARDENIA AVE,building_footprint_folio,point_in_building_footprint,high,,,pending_human_review,https://arcgis.tampagov.net/arcgis/rest/services/Parcels/TaxParcel/FeatureServer/0,2026-08-28T04:55:51+00:00
pal-1f6d1427b39238c4,tpa-cb6710f458a7dd,mp-9d7da918557ffcdb,181898.0000,A-11-29-18-4QE-000020-00007.0,2710 N RIDGEWOOD AVE,building_footprint_folio,exact_address_nearby_footprint,high,,,pending_human_review,https://arcgis.tampagov.net/arcgis/rest/services/Parcels/TaxParcel/FeatureServer/0,2026-08-28T04:55:51+00:00
pal-b873df00838965cf,tpa-cb759058dc0774,mp-a5b306db08b399c9,117227.0100,A-23-29-18-3OF-000005-00003.2,206 S MOODY AVE 2,building_footprint_folio,point_in_building_footprint,high,,,pending_human_review,https://arcgis.tampagov.net/arcgis/rest/services/Parcels/TaxParcel/FeatureServer/0,2026-08-28T04:55:51+00:00
pal-c3b786ea3a6a876c,tpa-cb9fd945906610,mp-358ad90498f5149b,104379.0000,A-35-28-18-3H0-000002-00018.0,2314 W HENRY AVE,building_footprint_folio,point_in_building_footprint,high,,,pending_human_review,https://arcgis.tampagov.net/arcgis/rest/services/Parcels/TaxParcel/FeatureServer/0,2026-08-28T04:55:51+00:00
pal-30408920bb7ec429,tpa-cc017e7436b886,mp-d30548cf7e063430,178907.0000,A-14-29-18-4PQ-000013-00013.0,1907 N ALBANY AVE,building_footprint_folio,nearest_footprint_within_35m,medium,,,pending_human_review,https://arcgis.tampagov.net/arcgis/rest/services/Parcels/TaxParcel/FeatureServer/0,2026-08-28T04:55:51+00:00
pal-3dda9bbbe8d5159f,tpa-cc0714384a05a8,mp-28af006f8fcfada6,106523.0000,A-03-29-18-ZZZ-000005-44250.0,3001 W DR MARTIN LUTHER KING JR BLVD,building_footprint_folio,exact_address_nearby_footprint,high,,,pending_human_review,https://arcgis.tampagov.net/arcgis/rest/services/Parcels/TaxParcel/FeatureServer/0,2026-08-28T04:55:51+00:00
pal-1e93fb95ea84478c,tpa-cca9eb8a11417e,mp-02cbd00de9f6fbda,150375.0000,A-31-28-19-46Z-000000-00005.0,6010 N 16TH ST,building_footprint_folio,nearest_footprint_within_35m,medium,,,pending_human_review,https://arcgis.tampagov.net/arcgis/rest/services/Parcels/TaxParcel/FeatureServer/0,2026-08-28T04:55:51+00:00
pal-9006c6d1a839f8a8,tpa-cd0d5eb06fa587,mp-ec6addb31a40b501,196234.0000,A-30-29-19-509-000107-00032.0,325 COLUMBIA DR,building_footprint_folio,nearest_footprint_within_35m,medium,,,pending_human_review,https://arcgis.tampagov.net/arcgis/rest/services/Parcels/TaxParcel/FeatureServer/0,2026-08-28T04:55:51+00:00
pal-7d3a4c510abc019b,tpa-cd4ed69c378986,mp-8d7f63547644a604,120974.0000,A-29-29-18-3SL-000018-00001.3,4710 W SAN RAFAEL ST,building_footprint_folio,point_in_building_footprint,high,,,pending_human_review,https://arcgis.tampagov.net/arcgis/rest/services/Parcels/TaxParcel/FeatureServer/0,2026-08-28T04:55:51+00:00
pal-e4b5de837e266748,tpa-cd5311efe1dede,mp-9974641687a25bf7,98745.0000,A-23-28-18-3E9-000024-00005.0,1409 W ARCTIC ST,building_footprint_folio,nearest_footprint_within_35m,medium,,,pending_human_review,https://arcgis.tampagov.net/arcgis/rest/services/Parcels/TaxParcel/FeatureServer/0,2026-08-28T04:55:51+00:00
pal-007be6e41341f5c1,tpa-cd988dc9a40a90,mp-2c46c42734dc9d4b,121199.0000,A-29-29-18-3SU-000000-00028.0,4924 W SAN RAFAEL ST,building_footprint_folio,nearest_footprint_within_35m,medium,,,pending_human_review,https://arcgis.tampagov.net/arcgis/rest/services/Parcels/TaxParcel/FeatureServer/0,2026-08-28T04:55:51+00:00
pal-df65c03cb809cff7,tpa-cdc9bbddc05a3b,mp-2b858ae3ecf5e4e5,121911.0000,A-32-29-18-3T7-000026-00014.1,2630 S DUNDEE ST,building_footprint_folio,point_in_building_footprint,high,,,pending_human_review,https://arcgis.tampagov.net/arcgis/rest/services/Parcels/TaxParcel/FeatureServer/0,2026-08-28T04:55:51+00:00
pal-b04fb8e94e525fb9,tpa-ce024800da7bc8,mp-622e44970838da9e,113843.0000,A-20-29-18-3LA-000032-00006.0,4512 W AZEELE ST,building_footprint_folio,nearest_footprint_within_35m,medium,,,pending_human_review,https://arcgis.tampagov.net/arcgis/rest/services/Parcels/TaxParcel/FeatureServer/0,2026-08-28T04:55:51+00:00
pal-42417928f2a5dadf,tpa-ce1351e2d82b7c,mp-e734459c214200b2,122309.0000,A-32-29-18-3TF-000000-00077.0,4638 W EUCLID AVE,building_footprint_folio,point_in_building_footprint,high,,,pending_human_review,https://arcgis.tampagov.net/arcgis/rest/services/Parcels/TaxParcel/FeatureServer/0,2026-08-28T04:55:51+00:00
pal-db1e50c41d8b3750,tpa-ce53040f8b92b9,mp-0f47ea476651cb7b,99355.0000,A-24-28-18-3EG-G00000-00011.0,704 E HUMPHREY ST,building_footprint_folio,nearest_footprint_within_35m,medium,,,pending_human_review,https://arcgis.tampagov.net/arcgis/rest/services/Parcels/TaxParcel/FeatureServer/0,2026-08-28T04:55:51+00:00
pal-481837e2b4dd829e,tpa-ce793ae7d6bb38,mp-3f1ce5888527a74e,182448.0000,A-12-29-18-4QX-000002-00016.0,318 W ALFRED ST,building_footprint_folio,nearest_footprint_within_35m,medium,,,pending_human_review,https://arcgis.tampagov.net/arcgis/rest/services/Parcels/TaxParcel/FeatureServer/0,2026-08-28T04:55:51+00:00
pal-f6387f3a04fbedd1,tpa-ce9f1eee723714,mp-59f77e1deba09271,130495.0000,A-05-30-18-3X8-000007-00029.0,4316 S RENELLIE DR,building_footprint_folio,point_in_building_footprint,high,,,pending_human_review,https://arcgis.tampagov.net/arcgis/rest/services/Parcels/TaxParcel/FeatureServer/0,2026-08-28T04:55:51+00:00
pal-54af8b8cf04ec262,tpa-cebd3559685244,mp-ee92375f8dc857fa,112143.0000,A-17-29-18-ZZZ-000005-48880.0,4835 W CYPRESS ST,building_footprint_folio,point_in_building_footprint,high,,,pending_human_review,https://arcgis.tampagov.net/arcgis/rest/services/Parcels/TaxParcel/FeatureServer/0,2026-08-28T04:55:51+00:00
pal-158514c587cfc56d,tpa-cf20210056fdb1,mp-3a0e8424b96e7ab4,125940.0000,A-34-29-18-3U4-000039-00004.0,3308 W PALMIRA AVE,building_footprint_folio,nearest_footprint_within_35m,medium,,,pending_human_review,https://arcgis.tampagov.net/arcgis/rest/services/Parcels/TaxParcel/FeatureServer/0,2026-08-28T04:55:51+00:00
pal-2d1bc451284858e6,tpa-cf364eb9baa51f,mp-ff25c6baea73afb8,175521.0000,A-17-29-19-4OD-000005-00016.0,3516 E 11TH AVE,building_footprint_folio,nearest_footprint_within_35m,medium,,,pending_human_review,https://arcgis.tampagov.net/arcgis/rest/services/Parcels/TaxParcel/FeatureServer/0,2026-08-28T04:55:51+00:00
pal-b5fe56de91eece9b,tpa-cf53b16b264c3b,mp-bfda92765ecf5a32,116481.0000,A-22-29-18-3MU-J00000-00001.0,2901 W SWANN AVE,building_footprint_folio,exact_address_nearby_footprint,high,,,pending_human_review,https://arcgis.tampagov.net/arcgis/rest/services/Parcels/TaxParcel/FeatureServer/0,2026-08-28T04:55:51+00:00
pal-7679c7530627004b,tpa-cfb0502c6ee69c,mp-9bb39737624842e5,118542.0000,A-27-29-18-3Q9-000000-00027.0,2617 W PROSPECT RD,building_footprint_folio,nearest_footprint_within_35m,medium,,,pending_human_review,https://arcgis.tampagov.net/arcgis/rest/services/Parcels/TaxParcel/FeatureServer/0,2026-08-28T04:55:51+00:00
pal-6a8edb00df4cf498,tpa-d023e7483d1e49,mp-70e61478c32472e8,101585.0000,A-26-28-18-3FE-000000-00055.0,1303 W PATTERSON ST,building_footprint_folio,nearest_footprint_within_35m,medium,,,pending_human_review,https://arcgis.tampagov.net/arcgis/rest/services/Parcels/TaxParcel/FeatureServer/0,2026-08-28T04:55:51+00:00
pal-b965e24f60f93a33,tpa-d02615c8f6fdb1,mp-ef7483e7c4d48444,121677.0000,A-32-29-18-3T7-000012-00002.0,4506 W LONGFELLOW AVE,building_footprint_folio,point_in_building_footprint,high,,,pending_human_review,https://arcgis.tampagov.net/arcgis/rest/services/Parcels/TaxParcel/FeatureServer/0,2026-08-28T04:55:51+00:00
pal-87588853f12cf2f9,tpa-d07db3c4884ca7,mp-605ccefbf4d9ef13,113589.0000,A-20-29-18-3LA-000014-00003.0,5105 NEPTUNE WAY,building_footprint_folio,nearest_footprint_within_35m,medium,,,pending_human_review,https://arcgis.tampagov.net/arcgis/rest/services/Parcels/TaxParcel/FeatureServer/0,2026-08-28T04:55:51+00:00
pal-c87b797b2c4973a1,tpa-d0b61cd3ae5925,mp-a3f52cafa8323cc4,181602.0000,A-11-29-18-4QE-000002-00008.0,915 W PLYMOUTH ST,building_footprint_folio,nearest_footprint_within_35m,medium,,,pending_human_review,https://arcgis.tampagov.net/arcgis/rest/services/Parcels/TaxParcel/FeatureServer/0,2026-08-28T04:55:51+00:00
pal-8a03d56eb7d5bf67,tpa-d0dbc1ea81a8fa,mp-0e887a6fe7e88eed,119387.0000,A-28-29-18-3QS-000012-00023.0,2107 S CLARK AVE,building_footprint_folio,point_in_building_footprint,high,,,pending_human_review,https://arcgis.tampagov.net/arcgis/rest/services/Parcels/TaxParcel/FeatureServer/0,2026-08-28T04:55:51+00:00
pal-643636125cdeba65,tpa-d1615793b23de1,mp-d1ec885cd4bb2aaa,183521.0000,A-14-29-18-4S0-M00000-00001.0,2314 N RIDGEWOOD AVE,building_footprint_folio,nearest_footprint_within_35m,medium,,,pending_human_review,https://arcgis.tampagov.net/arcgis/rest/services/Parcels/TaxParcel/FeatureServer/0,2026-08-28T04:55:51+00:00
pal-debc5871be7559c0,tpa-d17365c1d520df,mp-d8e8df336ae4580b,113326.0000,A-20-29-18-3L6-000001-00011.0,208 S TREASURE DR,building_footprint_folio,nearest_footprint_within_35m,medium,,,pending_human_review,https://arcgis.tampagov.net/arcgis/rest/services/Parcels/TaxParcel/FeatureServer/0,2026-08-28T04:55:51+00:00
pal-76b0330485ac4cfb,tpa-d1b4ba15bfd523,mp-95ef5e5cb5635036,176150.0000,A-10-29-18-4OR-000001-00005.0,2512 W ABDELLA ST,building_footprint_folio,nearest_footprint_within_35m,medium,,,pending_human_review,https://arcgis.tampagov.net/arcgis/rest/services/Parcels/TaxParcel/FeatureServer/0,2026-08-28T04:55:51+00:00
pal-f10610aa77ea6af2,tpa-d1da9a542f3f3f,mp-b3990c29479e32e4,195760.0000,A-36-29-18-509-000069-00043.0,547 SUWANEE CIR,building_footprint_folio,point_in_building_footprint,high,,,pending_human_review,https://arcgis.tampagov.net/arcgis/rest/services/Parcels/TaxParcel/FeatureServer/0,2026-08-28T04:55:51+00:00
pal-8d813f5c34187b23,tpa-d1f109849b4e6a,mp-aae2977a35a0d4ed,180574.0100,A-15-29-18-4PV-000053-00012.0,3022 W SPRUCE ST,building_footprint_folio,nearest_footprint_within_35m,medium,,,pending_human_review,https://arcgis.tampagov.net/arcgis/rest/services/Parcels/TaxParcel/FeatureServer/0,2026-08-28T04:55:51+00:00
pal-23efa846fd4c8988,tpa-d215ac16b6e523,mp-aaf64d2cb0735792,122304.0000,A-32-29-18-3TF-000000-00072.0,4708 W EUCLID AVE,building_footprint_folio,point_in_building_footprint,high,,,pending_human_review,https://arcgis.tampagov.net/arcgis/rest/services/Parcels/TaxParcel/FeatureServer/0,2026-08-28T04:55:51+00:00
pal-a0e6f17f4e957e6a,tpa-d24e45feb85f81,mp-04258d5ac0a36900,123082.0000,A-32-29-18-3TN-000011-00016.0,3620 S LIGHTNER DR,building_footprint_folio,nearest_footprint_within_35m,medium,,,pending_human_review,https://arcgis.tampagov.net/arcgis/rest/services/Parcels/TaxParcel/FeatureServer/0,2026-08-28T04:55:51+00:00
pal-ed50da6eefd76511,tpa-d2f2df1114d193,mp-e8e0db49b6492966,194797.0000,A-25-29-18-509-000004-00012.0,52 ALBEMARLE AVE,building_footprint_folio,point_in_building_footprint,high,,,pending_human_review,https://arcgis.tampagov.net/arcgis/rest/services/Parcels/TaxParcel/FeatureServer/0,2026-08-28T04:55:51+00:00
pal-f292ae8e04c0b9f8,tpa-d387519a4550c3,mp-ff62f2f794db9526,186038.0000,A-26-29-18-4U2-000009-00002.0,903 S FREMONT AVE,building_footprint_folio,nearest_footprint_within_35m,medium,,,pending_human_review,https://arcgis.tampagov.net/arcgis/rest/services/Parcels/TaxParcel/FeatureServer/0,2026-08-28T04:55:51+00:00
pal-6195c9f06ad866d1,tpa-d3fe9f065c5e1b,mp-acfaec15102d6cef,120688.0000,A-29-29-18-3SC-000003-00008.0,1122 S DUNBAR AVE,building_footprint_folio,point_in_building_footprint,high,,,pending_human_review,https://arcgis.tampagov.net/arcgis/rest/services/Parcels/TaxParcel/FeatureServer/0,2026-08-28T04:55:51+00:00
pal-82dcc1022bee6340,tpa-d53ea55d5e8922,mp-2367ce2b71c3a22a,121780.0000,A-32-29-18-3T7-000017-00020.0,4703 W LOWELL AVE,building_footprint_folio,point_in_building_footprint,high,,,pending_human_review,https://arcgis.tampagov.net/arcgis/rest/services/Parcels/TaxParcel/FeatureServer/0,2026-08-28T04:55:51+00:00
pal-a817dbff75a68ce2,tpa-d570dccd6fbf7c,mp-0c07018dbaa7b469,144912.0012,A-18-28-19-A1W-000000-00001.0,1501 E FOWLER AVE,building_footprint_folio,nearest_footprint_within_35m,medium,,,pending_human_review,https://arcgis.tampagov.net/arcgis/rest/services/Parcels/TaxParcel/FeatureServer/0,2026-08-28T04:55:51+00:00
pal-d426ed6ee185c39b,tpa-d58c64c80a6654,mp-91061eb4b9665404,196013.0000,A-36-29-18-509-000094-00002.0,575 BOSPHOROUS AVE,building_footprint_folio,point_in_building_footprint,high,,,pending_human_review,https://arcgis.tampagov.net/arcgis/rest/services/Parcels/TaxParcel/FeatureServer/0,2026-08-28T04:55:51+00:00
pal-0405405ce387ba26,tpa-d60f7ed42f12b8,mp-3913ab37ebbbd387,158981.0000,A-10-29-19-4BX-000015-00016.0,3607 N 52ND ST,building_footprint_folio,nearest_footprint_within_35m,medium,,,pending_human_review,https://arcgis.tampagov.net/arcgis/rest/services/Parcels/TaxParcel/FeatureServer/0,2026-08-28T04:55:51+00:00
pal-3077456c621ce1e9,tpa-d63fca8f8782ce,mp-09a68c4ba482de51,195818.0000,A-36-29-18-509-000071-00032.0,642 GENEVA PL,building_footprint_folio,point_in_building_footprint,high,,,pending_human_review,https://arcgis.tampagov.net/arcgis/rest/services/Parcels/TaxParcel/FeatureServer/0,2026-08-28T04:55:51+00:00
pal-ee621d67dc446f51,tpa-d6a6e9abf38502,mp-3ae4c208ccf5eb1f,166523.0062,A-01-29-18-B34-000000-00001.0,615 NORTH BAY ST,building_footprint_folio,nearest_footprint_within_35m,medium,,,pending_human_review,https://arcgis.tampagov.net/arcgis/rest/services/Parcels/TaxParcel/FeatureServer/0,2026-08-28T04:55:51+00:00
pal-0aa6311942bb3677,tpa-d7e421230aaed9,mp-f353ac4a69e212f7,121898.0000,A-32-29-18-3T7-000025-00004.0,2620 S PARKVIEW ST,building_footprint_folio,point_in_building_footprint,high,,,pending_human_review,https://arcgis.tampagov.net/arcgis/rest/services/Parcels/TaxParcel/FeatureServer/0,2026-08-28T04:55:51+00:00
pal-b9a847a6487c5b65,tpa-d840cbc75b7140,mp-81206c60393431ba,191340.0000,A-13-29-18-4XK-000001-00005.0,403 E AMELIA AVE,building_footprint_folio,nearest_footprint_within_35m,medium,,,pending_human_review,https://arcgis.tampagov.net/arcgis/rest/services/Parcels/TaxParcel/FeatureServer/0,2026-08-28T04:55:51+00:00
pal-085a1839e8864733,tpa-d84cfd32cc500c,mp-fae44401698a648c,183331.0000,A-12-29-18-4RX-000000-00010.0,3107 N JEFFERSON ST,building_footprint_folio,point_in_building_footprint,high,,,pending_human_review,https://arcgis.tampagov.net/arcgis/rest/services/Parcels/TaxParcel/FeatureServer/0,2026-08-28T04:55:51+00:00
pal-3881ac8a9b9050f5,tpa-d8629c12856a3e,mp-b051fbd9cc9a4bba,150401.0000,A-31-28-19-470-000000-00025.0,1706 E JEAN ST,building_footprint_folio,nearest_footprint_within_35m,medium,,,pending_human_review,https://arcgis.tampagov.net/arcgis/rest/services/Parcels/TaxParcel/FeatureServer/0,2026-08-28T04:55:51+00:00
pal-81d6d6111a81c33b,tpa-d881e987d9a583,mp-f83b7601e7510d03,121378.0000,A-29-29-18-3T1-000000-00010.0,2303 S OCCIDENT ST,building_footprint_folio,nearest_footprint_within_35m,medium,,,pending_human_review,https://arcgis.tampagov.net/arcgis/rest/services/Parcels/TaxParcel/FeatureServer/0,2026-08-28T04:55:51+00:00
pal-de674cadeb8fa2f8,tpa-d88731d3c25112,mp-fd3178e0811982c1,128962.0000,A-03-30-18-3WK-000002-00006.0,2936 W LAWN AVE,building_footprint_folio,point_in_building_footprint,high,,,pending_human_review,https://arcgis.tampagov.net/arcgis/rest/services/Parcels/TaxParcel/FeatureServer/0,2026-08-28T04:55:51+00:00
pal-9855b2f4fc3537d9,tpa-d9253063bbebde,mp-f33e6819118ba59a,113183.0000,A-20-29-18-3L2-000001-00004.0,5014 W AZEELE ST,building_footprint_folio,point_in_building_footprint,high,,,pending_human_review,https://arcgis.tampagov.net/arcgis/rest/services/Parcels/TaxParcel/FeatureServer/0,2026-08-28T04:55:51+00:00
pal-a6e3a1bd4d775254,tpa-d92d17ff7666c4,mp-5dcf2612892c21fb,114897.0000,A-21-29-18-3LJ-000006-00015.0,4205 W NORTH B ST,building_footprint_folio,nearest_footprint_within_35m,medium,,,pending_human_review,https://arcgis.tampagov.net/arcgis/rest/services/Parcels/TaxParcel/FeatureServer/0,2026-08-28T04:55:51+00:00
pal-a593d9e2c43e978e,tpa-d95c0f4652a639,mp-fbffb0de5cc19d79,124274.0100,A-33-29-18-3TR-000032-00009.0,4318 W OBISPO ST,building_footprint_folio,nearest_footprint_within_35m,medium,,,pending_human_review,https://arcgis.tampagov.net/arcgis/rest/services/Parcels/TaxParcel/FeatureServer/0,2026-08-28T04:55:51+00:00
pal-c13c01d1f7dc031e,tpa-d979b0b3deb62c,mp-6549e38cffdb6abc,123218.0000,A-33-29-18-3TP-000008-00021.0,4005 W BARCELONA ST,building_footprint_folio,nearest_footprint_within_35m,medium,,,pending_human_review,https://arcgis.tampagov.net/arcgis/rest/services/Parcels/TaxParcel/FeatureServer/0,2026-08-28T04:55:51+00:00
pal-77ab5375234ca257,tpa-da537b7a760dd0,mp-f1a74139b7bcc67e,145731.0000,A-19-28-19-45B-000000-00433.0,8415 N 18TH ST,building_footprint_folio,nearest_footprint_within_35m,medium,,,pending_human_review,https://arcgis.tampagov.net/arcgis/rest/services/Parcels/TaxParcel/FeatureServer/0,2026-08-28T04:55:51+00:00
pal-dde47e9c485a9849,tpa-da7186fa942a19,mp-ad42adc24211c0bb,187705.0000,A-07-29-19-4VJ-000011-00005.0,2908 N 21ST ST,building_footprint_folio,nearest_footprint_within_35m,medium,,,pending_human_review,https://arcgis.tampagov.net/arcgis/rest/services/Parcels/TaxParcel/FeatureServer/0,2026-08-28T04:55:51+00:00
pal-a7e8243822380ab5,tpa-da950a66297bc9,mp-66b8c18e69eeec95,178402.0000,A-14-29-18-4PO-000005-00010.0,1320 W ARCH ST,building_footprint_folio,nearest_footprint_within_35m,medium,,,pending_human_review,https://arcgis.tampagov.net/arcgis/rest/services/Parcels/TaxParcel/FeatureServer/0,2026-08-28T04:55:51+00:00
pal-115a11a1d34567c8,tpa-da9744392fb90e,mp-6060c41812ecb516,195637.0000,A-36-29-18-509-000048-00035.0,596 RIVIERA DR,building_footprint_folio,nearest_footprint_within_35m,medium,,,pending_human_review,https://arcgis.tampagov.net/arcgis/rest/services/Parcels/TaxParcel/FeatureServer/0,2026-08-28T04:55:51+00:00
pal-cac81511b1343664,tpa-dab1f93e0f1a4b,mp-e2b1a7c7fdf42eed,135239.0000,A-10-30-18-3ZT-A00000-00001.0,3216 W PEARL AVE,building_footprint_folio,point_in_building_footprint,high,,,pending_human_review,https://arcgis.tampagov.net/arcgis/rest/services/Parcels/TaxParcel/FeatureServer/0,2026-08-28T04:55:51+00:00
pal-86e74f1c5ab0d7fd,tpa-dac7c97b0f8a80,mp-09b76b505924239d,181482.0000,A-11-29-18-4QA-000006-00008.0,1305 W ADALEE ST,building_footprint_folio,nearest_footprint_within_35m,medium,,,pending_human_review,https://arcgis.tampagov.net/arcgis/rest/services/Parcels/TaxParcel/FeatureServer/0,2026-08-28T04:55:51+00:00
pal-aed2b3d584606d36,tpa-db0b6fb37d3cbc,mp-9ece0e43a04aaebe,126528.1000,A-34-29-18-3UI-000066-00004.0,3208 W SANTIAGO ST 2,building_footprint_folio,nearest_footprint_within_35m,medium,,,pending_human_review,https://arcgis.tampagov.net/arcgis/rest/services/Parcels/TaxParcel/FeatureServer/0,2026-08-28T04:55:51+00:00
pal-b58ca2b62d09e0a3,tpa-db141b7ec62eae,mp-749cb1b4315b3548,141080.0000,A-17-28-19-439-000005-00008.0,2223 E 113TH AVE,building_footprint_folio,nearest_footprint_within_35m,medium,,,pending_human_review,https://arcgis.tampagov.net/arcgis/rest/services/Parcels/TaxParcel/FeatureServer/0,2026-08-28T04:55:51+00:00
pal-88ea3114d1e45943,tpa-db1cafd7932446,mp-eaef961e72891725,155964.0000,A-05-29-19-4A2-000001-00011.0,2404 E NORTH BAY ST,building_footprint_folio,nearest_footprint_within_35m,medium,,,pending_human_review,https://arcgis.tampagov.net/arcgis/rest/services/Parcels/TaxParcel/FeatureServer/0,2026-08-28T04:55:51+00:00
pal-4da8ecd50600a34e,tpa-db4e77a2b26312,mp-29e4706ddc6846dd,123961.0000,A-33-29-18-3TR-000010-00011.0,4323 W BAY TO BAY BLVD,building_footprint_folio,nearest_footprint_within_35m,medium,,,pending_human_review,https://arcgis.tampagov.net/arcgis/rest/services/Parcels/TaxParcel/FeatureServer/0,2026-08-28T04:55:51+00:00
pal-504fbb5ea6d6e617,tpa-db4f747ae71be6,mp-75f589f1ed72f4ed,130719.0000,A-05-30-18-3X8-000012-00019.0,4711 W BAY VISTA AVE,building_footprint_folio,nearest_footprint_within_35m,medium,,,pending_human_review,https://arcgis.tampagov.net/arcgis/rest/services/Parcels/TaxParcel/FeatureServer/0,2026-08-28T04:55:51+00:00
pal-ac9882e69c21f65c,tpa-db527c96989794,mp-1e004ce38a98a270,123136.0000,A-32-29-18-3TN-000013-00017.0,5010 W EUCLID AVE,building_footprint_folio,point_in_building_footprint,high,,,pending_human_review,https://arcgis.tampagov.net/arcgis/rest/services/Parcels/TaxParcel/FeatureServer/0,2026-08-28T04:55:51+00:00
pal-3c8c8b7e44c0e99f,tpa-db60401e61aee5,mp-679bf3bbf13685a3,169093.0100,A-22-29-18-4IZ-000001-00007.0,209 N WOODLYNNE AVE,building_footprint_folio,point_in_building_footprint,high,,,pending_human_review,https://arcgis.tampagov.net/arcgis/rest/services/Parcels/TaxParcel/FeatureServer/0,2026-08-28T04:55:51+00:00
pal-694aa11d48a1cf4d,tpa-db661374029fa4,mp-83c9400813a97594,120965.0000,A-29-29-18-3SL-000017-00001.4,4508 W SAN RAFAEL ST,building_footprint_folio,point_in_building_footprint,high,,,pending_human_review,https://arcgis.tampagov.net/arcgis/rest/services/Parcels/TaxParcel/FeatureServer/0,2026-08-28T04:55:51+00:00
pal-4d37b15bfbc315f8,tpa-db9a9189a37464,mp-9aa4fda943e7e02d,120367.0000,A-28-29-18-3S3-000007-00006.1,4105 MORRISON AVE,building_footprint_folio,nearest_footprint_within_35m,medium,,,pending_human_review,https://arcgis.tampagov.net/arcgis/rest/services/Parcels/TaxParcel/FeatureServer/0,2026-08-28T04:55:51+00:00
pal-616432fe769d4c24,tpa-dba5a1180e73b0,mp-15d37324f54f1e50,110967.0020,A-17-29-18-ZZZ-000005-47620.2,2223 N WEST SHORE BLVD 400,building_footprint_folio,point_in_building_footprint,high,,,pending_human_review,https://arcgis.tampagov.net/arcgis/rest/services/Parcels/TaxParcel/FeatureServer/0,2026-08-28T04:55:51+00:00
pal-ce31e1ad0981c3b6,tpa-dbb4bb147cac17,mp-35c69b2624785196,97482.0000,A-23-28-18-3DN-000017-00002.0,1005 W RAMBLA ST,building_footprint_folio,nearest_footprint_within_35m,medium,,,pending_human_review,https://arcgis.tampagov.net/arcgis/rest/services/Parcels/TaxParcel/FeatureServer/0,2026-08-28T04:55:51+00:00
pal-c59b2991fd2246f1,tpa-dc48aeab5e0373,mp-c5cf68ace65e210d,134100.0000,A-10-30-18-3YV-000001-00010.0,3112 W PAXTON AVE,building_footprint_folio,point_in_building_footprint,high,,,pending_human_review,https://arcgis.tampagov.net/arcgis/rest/services/Parcels/TaxParcel/FeatureServer/0,2026-08-28T04:55:51+00:00
pal-d166c0a2cb3f3699,tpa-dc665f56847db3,mp-9ebae3c3dc33e337,168188.0000,A-12-29-18-4I9-B00000-00001.0,3400 N FLORIDA AVE,building_footprint_folio,exact_address_nearby_footprint,high,,,pending_human_review,https://arcgis.tampagov.net/arcgis/rest/services/Parcels/TaxParcel/FeatureServer/0,2026-08-28T04:55:51+00:00
pal-ca09494f6e6559c8,tpa-dc7bf4ecde575f,mp-84bcaa4fd2c3cbff,110967.0020,A-17-29-18-ZZZ-000005-47620.2,2223 N WEST SHORE BLVD 400,building_footprint_folio,point_in_building_footprint,high,,,pending_human_review,https://arcgis.tampagov.net/arcgis/rest/services/Parcels/TaxParcel/FeatureServer/0,2026-08-28T04:55:51+00:00
pal-4670a5a639a9e5f8,tpa-dc93933fba4d94,mp-298044e00084df2b,149347.0000,A-30-28-19-46R-A00000-00008.0,1704 E PARK CIR,building_footprint_folio,nearest_footprint_within_35m,medium,,,pending_human_review,https://arcgis.tampagov.net/arcgis/rest/services/Parcels/TaxParcel/FeatureServer/0,2026-08-28T04:55:51+00:00
pal-f844c7cff0fa34c7,tpa-dce94fb68a7bb5,mp-37ba999389d7341d,98504.0000,A-23-28-18-3E9-000005-00001.0,8500 N BLVD,building_footprint_folio,nearest_footprint_within_35m,medium,,,pending_human_review,https://arcgis.tampagov.net/arcgis/rest/services/Parcels/TaxParcel/FeatureServer/0,2026-08-28T04:55:51+00:00
pal-e665e8c87aee301c,tpa-dd1614046de936,mp-ee14492714b18421,136043.0000,A-15-30-18-40Y-000000-00024.0,3012 W MEADOW ST,building_footprint_folio,nearest_footprint_within_35m,medium,,,pending_human_review,https://arcgis.tampagov.net/arcgis/rest/services/Parcels/TaxParcel/FeatureServer/0,2026-08-28T04:55:51+00:00
pal-2f4b244e2d6a3501,tpa-dd7bfa5cdecc25,mp-be6903bfbd238785,122592.0000,A-32-29-18-3TH-000016-00020.0,4636 W LONGFELLOW AVE,building_footprint_folio,point_in_building_footprint,high,,,pending_human_review,https://arcgis.tampagov.net/arcgis/rest/services/Parcels/TaxParcel/FeatureServer/0,2026-08-28T04:55:51+00:00
pal-3d128d938391810d,tpa-de1986e29898d6,mp-d617f78bf6725f4f,95564.0000,A-13-28-18-3CO-000000-00007.0,206 W 108TH AVE,building_footprint_folio,point_in_building_footprint,high,,,pending_human_review,https://arcgis.tampagov.net/arcgis/rest/services/Parcels/TaxParcel/FeatureServer/0,2026-08-28T04:55:51+00:00
pal-e2d4bf23e7ca40cf,tpa-df2cedad65ca3b,mp-155c4161f0e0d1a7,164648.0000,A-01-29-18-4G5-000005-00010.0,5229 N FLORIDA AVE,building_footprint_folio,point_in_building_footprint,high,,,pending_human_review,https://arcgis.tampagov.net/arcgis/rest/services/Parcels/TaxParcel/FeatureServer/0,2026-08-28T04:55:51+00:00
pal-7b6e48bb493bab53,tpa-df40978b7a497b,mp-ab75f212e634e3b9,121827.0000,A-32-29-18-3T7-000020-00035.0,4823 W SUNSET BLVD,building_footprint_folio,nearest_footprint_within_35m,medium,,,pending_human_review,https://arcgis.tampagov.net/arcgis/rest/services/Parcels/TaxParcel/FeatureServer/0,2026-08-28T04:55:51+00:00
pal-766cb1a383386f11,tpa-df46cbccf61b46,mp-53a417f1c485d7d0,164531.0000,A-01-29-18-4FY-000004-00002.4,803 E GIDDENS AVE,building_footprint_folio,nearest_footprint_within_35m,medium,,,pending_human_review,https://arcgis.tampagov.net/arcgis/rest/services/Parcels/TaxParcel/FeatureServer/0,2026-08-28T04:55:51+00:00
pal-7fc0f0de08cf3a16,tpa-df597d7b38cf47,mp-905c9e338cb37ef6,106625.0000,A-03-29-18-3HZ-000000-00018.0,2713 BEL AIRE CIR,building_footprint_folio,point_in_building_footprint,high,,,pending_human_review,https://arcgis.tampagov.net/arcgis/rest/services/Parcels/TaxParcel/FeatureServer/0,2026-08-28T04:55:51+00:00
pal-4809dd61325841b8,tpa-df98c3ef86263b,mp-4d9a49cad96fd1b7,121290.0000,A-29-29-18-3SY-000000-00009.0,5015 W SAN MIGUEL ST,building_footprint_folio,nearest_footprint_within_35m,medium,,,pending_human_review,https://arcgis.tampagov.net/arcgis/rest/services/Parcels/TaxParcel/FeatureServer/0,2026-08-28T04:55:51+00:00
pal-59012fb0c311bf57,tpa-dfb4611d7ef86c,mp-8b4cfdb2f2f725c2,196268.0000,A-30-29-19-509-000109-00020.0,516 CHANNEL DR,building_footprint_folio,nearest_footprint_within_35m,medium,,,pending_human_review,https://arcgis.tampagov.net/arcgis/rest/services/Parcels/TaxParcel/FeatureServer/0,2026-08-28T04:55:51+00:00
pal-2b81334f94b60973,tpa-e03d108007dce2,mp-6917cac89c4d1f51,112021.0666,,,building_footprint_folio,point_in_building_footprint,high,,,pending_human_review,https://arcgis.tampagov.net/arcgis/rest/services/OpenData/Location/MapServer/0,2026-08-28T04:55:51+00:00
pal-b02791f6d2d09421,tpa-e0548cea02b6e1,mp-f75517e6fdbdb997,126814.0000,A-34-29-18-3UL-000000-00089.0,3403 W KENSINGTON AVE,building_footprint_folio,nearest_footprint_within_35m,medium,,,pending_human_review,https://arcgis.tampagov.net/arcgis/rest/services/Parcels/TaxParcel/FeatureServer/0,2026-08-28T04:55:51+00:00
pal-7a25357a7e0963f5,tpa-e09f1099df3221,mp-1d7c06d5f96dfe98,128961.0000,A-03-30-18-3WK-000002-00005.1,2934 W LAWN AVE,building_footprint_folio,exact_address_nearby_footprint,high,,,pending_human_review,https://arcgis.tampagov.net/arcgis/rest/services/Parcels/TaxParcel/FeatureServer/0,2026-08-28T04:55:51+00:00
pal-13f4fd1da664c5d9,tpa-e0b3ae784949d2,mp-0737b73cbfec5c7f,185669.0000,A-26-29-18-4TE-000016-00012.0,1709 W JETTON AVE,building_footprint_folio,nearest_footprint_within_35m,medium,,,pending_human_review,https://arcgis.tampagov.net/arcgis/rest/services/Parcels/TaxParcel/FeatureServer/0,2026-08-28T04:55:51+00:00
pal-1ff69701faaa3610,tpa-e0c176437aece9,mp-c1a7a5929550db52,125419.0000,A-33-29-18-3U3-000005-00010.0,3822 W CORONA ST,building_footprint_folio,nearest_footprint_within_35m,medium,,,pending_human_review,https://arcgis.tampagov.net/arcgis/rest/services/Parcels/TaxParcel/FeatureServer/0,2026-08-28T04:55:51+00:00
pal-eab322f1d223e715,tpa-e120a4686f6bec,mp-c1b863cda7ea64ce,106655.0000,A-03-29-18-3I0-000000-00002.0,2905 W OSBORNE AVE,building_footprint_folio,nearest_footprint_within_35m,medium,,,pending_human_review,https://arcgis.tampagov.net/arcgis/rest/services/Parcels/TaxParcel/FeatureServer/0,2026-08-28T04:55:51+00:00
pal-c5945f46ba204cb4,tpa-e16d4a342faac1,mp-fb97c06723792c9b,119193.0000,A-28-29-18-3QQ-000000-00002.0,4106 W NEPTUNE ST,building_footprint_folio,point_in_building_footprint,high,,,pending_human_review,https://arcgis.tampagov.net/arcgis/rest/services/Parcels/TaxParcel/FeatureServer/0,2026-08-28T04:55:51+00:00
pal-c5bbdf84a4f6022d,tpa-e16dc8db40500c,mp-3c9455ea6fcf6475,117178.5706,A-22-29-18-5ZX-002607-C0000.0,2607 W CLEVELAND ST C,building_footprint_folio,nearest_footprint_within_35m,medium,,,pending_human_review,https://arcgis.tampagov.net/arcgis/rest/services/Parcels/TaxParcel/FeatureServer/0,2026-08-28T04:55:51+00:00
pal-1a10e3c91f5579fa,tpa-e1f6cdc6fbff4e,mp-46b33fc3e4b6adcb,179109.0000,A-15-29-18-4PQ-000024-00006.0,2522 W BEACH ST,building_footprint_folio,nearest_footprint_within_35m,medium,,,pending_human_review,https://arcgis.tampagov.net/arcgis/rest/services/Parcels/TaxParcel/FeatureServer/0,2026-08-28T04:55:51+00:00
pal-f6be8dc5087a8bf8,tpa-e22d72436a5fc3,mp-918f9f7f762e3d61,150480.0100,A-31-28-19-474-000001-00001.5,2017 E HANNA AVE,building_footprint_folio,point_in_building_footprint,high,,,pending_human_review,https://arcgis.tampagov.net/arcgis/rest/services/Parcels/TaxParcel/FeatureServer/0,2026-08-28T04:55:51+00:00
pal-961e6c3aa02605d5,tpa-e26d72c53954a7,mp-2a33027ecab23404,182655.0000,A-12-29-18-4R5-000006-00004.0,107 E WARREN AVE 2,building_footprint_folio,nearest_footprint_within_35m,medium,,,pending_human_review,https://arcgis.tampagov.net/arcgis/rest/services/Parcels/TaxParcel/FeatureServer/0,2026-08-28T04:55:51+00:00
pal-3f6f7195bf9a5bbe,tpa-e2a5b30c3ba02d,mp-09247dc494066154,167411.0000,A-12-29-18-ZZZ-000005-86420.0,3814 N CENTRAL AVE,building_footprint_folio,exact_address_nearby_footprint,high,,,pending_human_review,https://arcgis.tampagov.net/arcgis/rest/services/Parcels/TaxParcel/FeatureServer/0,2026-08-28T04:55:51+00:00
pal-149b5d705e92a0b0,tpa-e2a92aee6d076e,mp-7b3a35bb6dec9595,173365.0000,A-07-29-19-4MR-000000-00001.0,1313 E 29TH AVE,building_footprint_folio,nearest_footprint_within_35m,medium,,,pending_human_review,https://arcgis.tampagov.net/arcgis/rest/services/Parcels/TaxParcel/FeatureServer/0,2026-08-28T04:55:51+00:00
pal-5304f5b1f2ce080d,tpa-e2ad1f0c38e9c8,mp-0130a43f9ef0cfd5,123243.0000,A-33-29-18-3TP-000011-00005.0,3710 W PALMIRA AVE,building_footprint_folio,point_in_building_footprint,high,,,pending_human_review,https://arcgis.tampagov.net/arcgis/rest/services/Parcels/TaxParcel/FeatureServer/0,2026-08-28T04:55:51+00:00
pal-00c6007fb2be7299,tpa-e2adf912f6714e,mp-84807071970d4688,167383.0000,A-11-29-18-4QA-000002-00004.0,3301 N DECATUR AVE,building_footprint_folio,nearest_footprint_within_35m,medium,,,pending_human_review,https://arcgis.tampagov.net/arcgis/rest/services/Parcels/TaxParcel/FeatureServer/0,2026-08-28T04:55:51+00:00
pal-1a8fc7aa547b4b48,tpa-e2e5473f3f5371,mp-01f31ca1ffbea541,149429.0000,A-30-28-19-46R-M00000-00001.0,7013 N 15TH ST,building_footprint_folio,nearest_footprint_within_35m,medium,,,pending_human_review,https://arcgis.tampagov.net/arcgis/rest/services/Parcels/TaxParcel/FeatureServer/0,2026-08-28T04:55:51+00:00
pal-66dba94c715e78c9,tpa-e31643da6b5577,mp-bbe3b38ff137497c,137131.0000,A-16-30-18-41S-000006-00032.0,4109 W MARIETTA ST,building_footprint_folio,nearest_footprint_within_35m,medium,,,pending_human_review,https://arcgis.tampagov.net/arcgis/rest/services/Parcels/TaxParcel/FeatureServer/0,2026-08-28T04:55:51+00:00
pal-2312f90bfa217d96,tpa-e3586e790ac3f4,mp-82438106ad060600,185363.0000,A-26-29-18-4TC-000010-00001.0,801 S NEWPORT AVE,building_footprint_folio,exact_address_nearby_footprint,high,,,pending_human_review,https://arcgis.tampagov.net/arcgis/rest/services/Parcels/TaxParcel/FeatureServer/0,2026-08-28T04:55:51+00:00
pal-3fb0ad9480c43896,tpa-e3a28faabb2702,mp-73f3078daca47568,167299.0100,A-11-29-18-4HD-000036-00018.1,905 W FRIBLEY ST,building_footprint_folio,nearest_footprint_within_35m,medium,,,pending_human_review,https://arcgis.tampagov.net/arcgis/rest/services/Parcels/TaxParcel/FeatureServer/0,2026-08-28T04:55:51+00:00
pal-cb74f39f46e0429b,tpa-e40b99196f446e,mp-b82ec2c04c60ea0f,182401.0000,A-12-29-18-4QU-000003-00005.0,3109 N WOODROW AVE,building_footprint_folio,nearest_footprint_within_35m,medium,,,pending_human_review,https://arcgis.tampagov.net/arcgis/rest/services/Parcels/TaxParcel/FeatureServer/0,2026-08-28T04:55:51+00:00
pal-b42f14d3099721e0,tpa-e461fcf6cc2f9a,mp-54449d3b854190a1,113226.0000,A-20-29-18-3L2-000006-00009.0,207 S GARDENIA AVE,building_footprint_folio,point_in_building_footprint,high,,,pending_human_review,https://arcgis.tampagov.net/arcgis/rest/services/Parcels/TaxParcel/FeatureServer/0,2026-08-28T04:55:51+00:00
pal-d5847876887c839c,tpa-e47ca3a3851408,mp-712c1b94e79c515f,142481.0000,A-21-28-19-43Q-000002-00003.0,8515 N TEMPLE AVE,building_footprint_folio,nearest_footprint_within_35m,medium,,,pending_human_review,https://arcgis.tampagov.net/arcgis/rest/services/Parcels/TaxParcel/FeatureServer/0,2026-08-28T04:55:51+00:00
pal-714c5247d2bdd0e5,tpa-e49f80265b837d,mp-61090867bf8046f7,121921.0000,A-32-29-18-3T7-000027-00006.0,5008 W DICKENS AVE,building_footprint_folio,point_in_building_footprint,high,,,pending_human_review,https://arcgis.tampagov.net/arcgis/rest/services/Parcels/TaxParcel/FeatureServer/0,2026-08-28T04:55:51+00:00
pal-3e4755d009d714ff,tpa-e4a68c12bc953e,mp-b7294d06b53c9900,99512.0100,A-24-28-18-3EH-000038-00008.0,8507 N ARDEN AVE,building_footprint_folio,nearest_footprint_within_35m,medium,,,pending_human_review,https://arcgis.tampagov.net/arcgis/rest/services/Parcels/TaxParcel/FeatureServer/0,2026-08-28T04:55:51+00:00
pal-f66f856c14a3eb99,tpa-e4eaa0c4f1d952,mp-cc9e871c0d16fa29,156461.0000,A-05-29-19-4AD-000000-00001.1,3101 E OSBORNE AVE,building_footprint_folio,point_in_building_footprint,high,,,pending_human_review,https://arcgis.tampagov.net/arcgis/rest/services/Parcels/TaxParcel/FeatureServer/0,2026-08-28T04:55:51+00:00
pal-92a514c3e7fda8ad,tpa-e55fcd51c71619,mp-a06d80eed492f4e9,122809.0000,A-32-29-18-3TJ-000000-00135.0,4412 W SEVILLA ST,building_footprint_folio,point_in_building_footprint,high,,,pending_human_review,https://arcgis.tampagov.net/arcgis/rest/services/Parcels/TaxParcel/FeatureServer/0,2026-08-28T04:55:51+00:00
pal-6e02892673e0c788,tpa-e569e3e0d0bcef,mp-fab6e51e372cd31a,148166.0000,A-21-28-19-464-000013-00022.0,8622 N 39TH ST,building_footprint_folio,point_in_building_footprint,high,,,pending_human_review,https://arcgis.tampagov.net/arcgis/rest/services/Parcels/TaxParcel/FeatureServer/0,2026-08-28T04:55:51+00:00
pal-9396daaed1d7f13a,tpa-e58fa376d604d2,mp-e86e365463e4f9f0,98618.0000,A-23-28-18-3E9-000012-00020.0,8713 N EDISON AVE,building_footprint_folio,nearest_footprint_within_35m,medium,,,pending_human_review,https://arcgis.tampagov.net/arcgis/rest/services/Parcels/TaxParcel/FeatureServer/0,2026-08-28T04:55:51+00:00
pal-5be737b77908dec1,tpa-e5d4005f86acb4,mp-11f5e77ef5865682,194864.0000,A-25-29-18-509-000006-00044.0,88 ADALIA AVE,building_footprint_folio,exact_address_nearby_footprint,high,,,pending_human_review,https://arcgis.tampagov.net/arcgis/rest/services/Parcels/TaxParcel/FeatureServer/0,2026-08-28T04:55:51+00:00
pal-dc553b7f711d41d7,tpa-e69fb24f6f232f,mp-ce03e1b3d9828ef5,196957.0000,A-25-29-18-4TC-000014-00009.0,825 BAYSHORE BLVD,building_footprint_folio,exact_address_nearby_footprint,high,,,pending_human_review,https://arcgis.tampagov.net/arcgis/rest/services/Parcels/TaxParcel/FeatureServer/0,2026-08-28T04:55:51+00:00
pal-19d07ed58adee75f,tpa-e6cc5299bd9ff8,mp-eb26ba55bfe367a4,195726.0000,A-36-29-18-509-000069-00007.0,617 MARMORA AVE,building_footprint_folio,nearest_footprint_within_35m,medium,,,pending_human_review,https://arcgis.tampagov.net/arcgis/rest/services/Parcels/TaxParcel/FeatureServer/0,2026-08-28T04:55:51+00:00
pal-547bc5bc6de3cec7,tpa-e757799c702684,mp-738b7f6050440ef9,168952.0000,A-22-29-18-4IU-000000-00022.0,506 N BRADFORD AVE,building_footprint_folio,nearest_footprint_within_35m,medium,,,pending_human_review,https://arcgis.tampagov.net/arcgis/rest/services/Parcels/TaxParcel/FeatureServer/0,2026-08-28T04:55:51+00:00
pal-0d011b7278ce7d92,tpa-e78e86e21034c4,mp-f676cc9e0e92b687,139039.0000,A-20-30-18-42J-000186-00001.0,7401 S FAUL ST,building_footprint_folio,point_in_building_footprint,high,,,pending_human_review,https://arcgis.tampagov.net/arcgis/rest/services/Parcels/TaxParcel/FeatureServer/0,2026-08-28T04:55:51+00:00
pal-977b61d66131e317,tpa-e7cb2202092654,mp-ff47bfb9bfdb52ac,131294.0000,A-08-30-18-3XE-000003-00007.0,4714 W LEILA AVE,building_footprint_folio,nearest_footprint_within_35m,medium,,,pending_human_review,https://arcgis.tampagov.net/arcgis/rest/services/Parcels/TaxParcel/FeatureServer/0,2026-08-28T04:55:51+00:00
pal-a6a868744a89d87a,tpa-e80a7f0c6f0e0f,mp-d7d0074432fc8cd2,196779.0000,A-25-29-18-50I-000009-00001.0,132 HURON AVE,building_footprint_folio,nearest_footprint_within_35m,medium,,,pending_human_review,https://arcgis.tampagov.net/arcgis/rest/services/Parcels/TaxParcel/FeatureServer/0,2026-08-28T04:55:51+00:00
pal-dbb1a4e898f9800b,tpa-e8280aaf034cf8,mp-0142a364314977dd,124452.0000,A-33-29-18-3TS-000045-00007.0,4014 W LEONA ST,building_footprint_folio,nearest_footprint_within_35m,medium,,,pending_human_review,https://arcgis.tampagov.net/arcgis/rest/services/Parcels/TaxParcel/FeatureServer/0,2026-08-28T04:55:51+00:00
pal-2c52683a3a6cde63,tpa-e82e840e1aac22,mp-b075e19fc7b2bc49,142222.0000,A-21-28-19-43M-000113-00033.0,4112 E RICHMERE ST,building_footprint_folio,point_in_building_footprint,high,,,pending_human_review,https://arcgis.tampagov.net/arcgis/rest/services/Parcels/TaxParcel/FeatureServer/0,2026-08-28T04:55:51+00:00
pal-e773d4a7fed5d932,tpa-e8361568210060,mp-5ca22f84632640b7,138449.0000,A-17-30-18-42J-000056-00003.0,6805 S SPARKMAN ST,building_footprint_folio,point_in_building_footprint,high,,,pending_human_review,https://arcgis.tampagov.net/arcgis/rest/services/Parcels/TaxParcel/FeatureServer/0,2026-08-28T04:55:51+00:00
pal-0d8dcbb605457a58,tpa-e88095da4f1f74,mp-ccc826fd5b29185d,191577.0000,A-13-29-18-4XV-000002-00001.0,313 E OAK AVE,building_footprint_folio,point_in_building_footprint,high,,,pending_human_review,https://arcgis.tampagov.net/arcgis/rest/services/Parcels/TaxParcel/FeatureServer/0,2026-08-28T04:55:51+00:00
pal-124f5ed0f49e930c,tpa-e8af4e94136767,mp-1ef04c84a607e6b2,181869.0000,A-11-29-18-4QE-000019-00001.0,1000 W CHARTER ST,building_footprint_folio,nearest_footprint_within_35m,medium,,,pending_human_review,https://arcgis.tampagov.net/arcgis/rest/services/Parcels/TaxParcel/FeatureServer/0,2026-08-28T04:55:51+00:00
pal-4363bcb310c38880,tpa-e91099928a5d8b,mp-df40e651ae1a9048,196305.0314,A-24-29-18-9D7-000000-01104.0,777 N ASHLEY DR 1104,building_footprint_folio,point_in_building_footprint,high,,,pending_human_review,https://arcgis.tampagov.net/arcgis/rest/services/Parcels/TaxParcel/FeatureServer/0,2026-08-28T04:55:51+00:00
pal-7a596554abb0b94d,tpa-e9409f2411ad8b,mp-910244df9ecd2e31,100229.0000,A-24-28-18-3EO-000001-00012.0,8410 N LYNN AVE,building_footprint_folio,nearest_footprint_within_35m,medium,,,pending_human_review,https://arcgis.tampagov.net/arcgis/rest/services/Parcels/TaxParcel/FeatureServer/0,2026-08-28T04:55:51+00:00
pal-9a7ec0a3561bdbe7,tpa-e972707b6de629,mp-5ff8d89835d1fd4e,124072.0000,A-33-29-18-3TR-000018-00020.0,4109 W SAN JUAN ST,building_footprint_folio,nearest_footprint_within_35m,medium,,,pending_human_review,https://arcgis.tampagov.net/arcgis/rest/services/Parcels/TaxParcel/FeatureServer/0,2026-08-28T04:55:51+00:00
pal-9b1d981ec6e2a295,tpa-e9f3b7b45964df,mp-233877d57d41cdf8,169069.0005,A-22-29-18-4IY-000003-00007.0,204 N EXCELDA AVE,building_footprint_folio,point_in_building_footprint,high,,,pending_human_review,https://arcgis.tampagov.net/arcgis/rest/services/Parcels/TaxParcel/FeatureServer/0,2026-08-28T04:55:51+00:00
pal-3c7ae65fb74aeb8d,tpa-ea48b80b26a122,mp-3ce814eedd5d906d,98708.0100,A-23-28-18-3E9-000021-00005.0,1409 W YUKON ST,building_footprint_folio,nearest_footprint_within_35m,medium,,,pending_human_review,https://arcgis.tampagov.net/arcgis/rest/services/Parcels/TaxParcel/FeatureServer/0,2026-08-28T04:55:51+00:00
pal-58d2250cc75a3bfe,tpa-ea8ae8e45aa79a,mp-270f829fb8857ede,106509.0000,A-03-29-18-ZZZ-000005-44140.0,4701 N HIMES AVE,building_footprint_folio,exact_address_nearby_footprint,high,,,pending_human_review,https://arcgis.tampagov.net/arcgis/rest/services/Parcels/TaxParcel/FeatureServer/0,2026-08-28T04:55:51+00:00
pal-4a87651af5ccf0ca,tpa-eac5fab11d0e6f,mp-4bb25b7392e08255,106765.0000,A-03-29-18-3I5-000003-00002.0,3404 W LOUISIANA AVE,building_footprint_folio,nearest_footprint_within_35m,medium,,,pending_human_review,https://arcgis.tampagov.net/arcgis/rest/services/Parcels/TaxParcel/FeatureServer/0,2026-08-28T04:55:51+00:00
pal-8ded261cf8425110,tpa-eb8872fc812030,mp-f139905493040564,191448.0000,A-13-29-18-4XN-000003-00001.0,2008 N MORGAN ST,building_footprint_folio,nearest_footprint_within_35m,medium,,,pending_human_review,https://arcgis.tampagov.net/arcgis/rest/services/Parcels/TaxParcel/FeatureServer/0,2026-08-28T04:55:51+00:00
pal-91bf1c6cf342bcd7,tpa-ebf5b2b8c2d226,mp-4b66a3e701371572,167571.0000,A-12-29-18-4HH-000004-00013.0,206 E VIRGINIA AVE,building_footprint_folio,nearest_footprint_within_35m,medium,,,pending_human_review,https://arcgis.tampagov.net/arcgis/rest/services/Parcels/TaxParcel/FeatureServer/0,2026-08-28T04:55:51+00:00
pal-55172114ff2d00f6,tpa-ebfa8a0fcecc01,mp-2c740584d8529589,122156.0000,A-32-29-18-3TC-000000-00120.1,2504 S DUNDEE ST,building_footprint_folio,point_in_building_footprint,high,,,pending_human_review,https://arcgis.tampagov.net/arcgis/rest/services/Parcels/TaxParcel/FeatureServer/0,2026-08-28T04:55:51+00:00
pal-b52fc1cf14773945,tpa-ec2473fe33243f,mp-a9f06cd856cbd9aa,96322.0000,A-14-28-18-3D6-000018-00014.0,1009 W MEADOWBROOK AVE,building_footprint_folio,nearest_footprint_within_35m,medium,,,pending_human_review,https://arcgis.tampagov.net/arcgis/rest/services/Parcels/TaxParcel/FeatureServer/0,2026-08-28T04:55:51+00:00
pal-2a68c8322b17a685,tpa-ec27835f965a05,mp-9f2cb5082fa0ecff,196305.0314,A-24-29-18-9D7-000000-01104.0,777 N ASHLEY DR 1104,building_footprint_folio,point_in_building_footprint,high,,,pending_human_review,https://arcgis.tampagov.net/arcgis/rest/services/Parcels/TaxParcel/FeatureServer/0,2026-08-28T04:55:51+00:00
pal-586007a77a065de1,tpa-ec61187e51f3b0,mp-40f6a98c290a6284,178900.0000,A-14-29-18-4PQ-000013-00005.0,1918 W SPRUCE ST,building_footprint_folio,nearest_footprint_within_35m,medium,,,pending_human_review,https://arcgis.tampagov.net/arcgis/rest/services/Parcels/TaxParcel/FeatureServer/0,2026-08-28T04:55:51+00:00
pal-46c81463562caec4,tpa-ec86e0e5aaa45c,mp-24de50c02e6513bd,131432.0000,A-08-30-18-3XF-000007-00030.0,4421 LEILA AVE,building_footprint_folio,point_in_building_footprint,high,,,pending_human_review,https://arcgis.tampagov.net/arcgis/rest/services/Parcels/TaxParcel/FeatureServer/0,2026-08-28T04:55:51+00:00
pal-48de88609460dff4,tpa-ecdc9da999493e,mp-d4c9ac0e274f0a08,181975.0100,A-11-29-18-4QE-000023-00016.0,2723 N POPLAR AVE,building_footprint_folio,point_in_building_footprint,high,,,pending_human_review,https://arcgis.tampagov.net/arcgis/rest/services/Parcels/TaxParcel/FeatureServer/0,2026-08-28T04:55:51+00:00
pal-c14aa4dcff08cf82,tpa-ed5b81318e2cdd,mp-4476f35facd72ed7,145708.0000,A-19-28-19-45B-000000-00355.0,1708 E WATERS AVE,building_footprint_folio,nearest_footprint_within_35m,medium,,,pending_human_review,https://arcgis.tampagov.net/arcgis/rest/services/Parcels/TaxParcel/FeatureServer/0,2026-08-28T04:55:51+00:00
pal-f71f753e632bdb76,tpa-ed726caf8d2425,mp-edfaf41117275acb,120833.0024,A-29-29-18-3SG-000000-00016.1,1109 CULBREATH ISLES DR,building_footprint_folio,point_in_building_footprint,high,,,pending_human_review,https://arcgis.tampagov.net/arcgis/rest/services/Parcels/TaxParcel/FeatureServer/0,2026-08-28T04:55:51+00:00
pal-cd20c725a02b8ae9,tpa-eda1dc4477c9ae,mp-80e9397687fe70a0,186610.0000,A-07-29-19-4UT-000002-00003.0,1019 E 23RD AVE,building_footprint_folio,nearest_footprint_within_35m,medium,,,pending_human_review,https://arcgis.tampagov.net/arcgis/rest/services/Parcels/TaxParcel/FeatureServer/0,2026-08-28T04:55:51+00:00
pal-1854546354a29edb,tpa-edba2d15768fb0,mp-91334b85d686bb2e,129596.0000,A-04-30-18-3WV-000007-00006.0,4308 S HUBERT AVE,building_footprint_folio,nearest_footprint_within_35m,medium,,,pending_human_review,https://arcgis.tampagov.net/arcgis/rest/services/Parcels/TaxParcel/FeatureServer/0,2026-08-28T04:55:51+00:00
pal-e1d13429521ae230,tpa-edbfb7ebee2316,mp-b7570a482fd5064c,158981.0000,A-10-29-19-4BX-000015-00016.0,3607 N 52ND ST,building_footprint_folio,nearest_footprint_within_35m,medium,,,pending_human_review,https://arcgis.tampagov.net/arcgis/rest/services/Parcels/TaxParcel/FeatureServer/0,2026-08-28T04:55:51+00:00
pal-4b3ec42570b351f6,tpa-ee1fc38c2dc4c9,mp-988faca71d819285,195767.0000,A-36-29-18-509-000069-00057.0,515 SUWANEE CIR,building_footprint_folio,point_in_building_footprint,high,,,pending_human_review,https://arcgis.tampagov.net/arcgis/rest/services/Parcels/TaxParcel/FeatureServer/0,2026-08-28T04:55:51+00:00
pal-9c880a34fcb6d789,tpa-ee602e95ef2f67,mp-d0ca3395a0797dba,194001.0000,A-24-29-18-4ZU-000001-00003.0,429 W KENNEDY BLVD,building_footprint_folio,nearest_footprint_within_35m,medium,,,pending_human_review,https://arcgis.tampagov.net/arcgis/rest/services/Parcels/TaxParcel/FeatureServer/0,2026-08-28T04:55:51+00:00
pal-7c474c50e2960a0e,tpa-eeaf5c329d41df,mp-d42a6f0f5d2d2508,181987.0000,A-11-29-18-4QE-000024-00010.0,2712 N MYRTLE AVE,building_footprint_folio,nearest_footprint_within_35m,medium,,,pending_human_review,https://arcgis.tampagov.net/arcgis/rest/services/Parcels/TaxParcel/FeatureServer/0,2026-08-28T04:55:51+00:00
pal-e2dffc7f5931c9d0,tpa-eed2a91832bfc1,mp-9118f6976ea70f93,118507.0000,A-27-29-18-3Q7-000000-00200.0,2608 W WATROUS AVE,building_footprint_folio,point_in_building_footprint,high,,,pending_human_review,https://arcgis.tampagov.net/arcgis/rest/services/Parcels/TaxParcel/FeatureServer/0,2026-08-28T04:55:51+00:00
pal-3770f1ce68bf0712,tpa-ef0fa05d941fd6,mp-277105c098c28d01,128128.0000,A-03-30-18-3VU-000006-00005.0,3410 W ALLINE AVE,building_footprint_folio,nearest_footprint_within_35m,medium,,,pending_human_review,https://arcgis.tampagov.net/arcgis/rest/services/Parcels/TaxParcel/FeatureServer/0,2026-08-28T04:55:51+00:00
pal-23cf9ee395a497fd,tpa-ef442609ca9471,mp-59cb7c5f62b27428,186024.0000,A-26-29-18-4U2-000006-00009.0,906 S FREMONT AVE,building_footprint_folio,exact_address_nearby_footprint,high,,,pending_human_review,https://arcgis.tampagov.net/arcgis/rest/services/Parcels/TaxParcel/FeatureServer/0,2026-08-28T04:55:51+00:00
pal-2da74923dfa9da53,tpa-ef85934bdad44b,mp-2a21d1f712e3517f,195182.0000,A-25-29-18-509-000019-00013.0,17 BAHAMA CIR,building_footprint_folio,nearest_footprint_within_35m,medium,,,pending_human_review,https://arcgis.tampagov.net/arcgis/rest/services/Parcels/TaxParcel/FeatureServer/0,2026-08-28T04:55:51+00:00
pal-8f776b96466d0c2c,tpa-efab2ab60f4711,mp-926a399536f7429f,109659.0100,A-10-29-18-3J5-000049-00010.0,3322 W CORDELIA ST,building_footprint_folio,nearest_footprint_within_35m,medium,,,pending_human_review,https://arcgis.tampagov.net/arcgis/rest/services/Parcels/TaxParcel/FeatureServer/0,2026-08-28T04:55:51+00:00
pal-3e2fef10ea165fd4,tpa-efdbf7581ee899,mp-c6d2e35334a2fa8c,138921.0100,A-20-30-18-42J-000156-00008.0,7315 S JUANITA ST,building_footprint_folio,nearest_footprint_within_35m,medium,,,pending_human_review,https://arcgis.tampagov.net/arcgis/rest/services/Parcels/TaxParcel/FeatureServer/0,2026-08-28T04:55:51+00:00
pal-c88b28dcdd4d5290,tpa-eff0c2265e1bdd,mp-7e4fb190ca12db5f,165026.0000,A-01-29-18-4GH-000007-00049.0,411 W VIOLET ST,building_footprint_folio,nearest_footprint_within_35m,medium,,,pending_human_review,https://arcgis.tampagov.net/arcgis/rest/services/Parcels/TaxParcel/FeatureServer/0,2026-08-28T04:55:51+00:00
pal-ee39f2f7cf7c3a71,tpa-effe87a3691d9a,mp-3108fc5067ae07c8,122744.0000,A-32-29-18-3TJ-000000-00057.0,3312 SIERRA CIR,building_footprint_folio,point_in_building_footprint,high,,,pending_human_review,https://arcgis.tampagov.net/arcgis/rest/services/Parcels/TaxParcel/FeatureServer/0,2026-08-28T04:55:51+00:00
pal-b74d080d4aa47f0f,tpa-f0034c2c60e57a,mp-689974ed2c0dded4,134889.0000,A-10-30-18-3ZO-000003-00006.0,3210 MARLIN AVE,building_footprint_folio,nearest_footprint_within_35m,medium,,,pending_human_review,https://arcgis.tampagov.net/arcgis/rest/services/Parcels/TaxParcel/FeatureServer/0,2026-08-28T04:55:51+00:00
pal-662c86497b2eb3c4,tpa-f02d82e71f3173,mp-d75f8158c088a93e,176269.0005,A-10-29-18-4OR-000010-00018.0,2715 W IVY ST,building_footprint_folio,nearest_footprint_within_35m,medium,,,pending_human_review,https://arcgis.tampagov.net/arcgis/rest/services/Parcels/TaxParcel/FeatureServer/0,2026-08-28T04:55:51+00:00
pal-2b6d025be84d7cbf,tpa-f077c4d7978359,mp-448dfe5fdff8ae76,121249.0000,A-29-29-18-3SV-000011-00008.0,4831 W SAN JOSE ST,building_footprint_folio,nearest_footprint_within_35m,medium,,,pending_human_review,https://arcgis.tampagov.net/arcgis/rest/services/Parcels/TaxParcel/FeatureServer/0,2026-08-28T04:55:51+00:00
pal-769ded99442760e5,tpa-f0f52df9113612,mp-4f82822f5268c1e7,130592.0000,A-05-30-18-3X8-000010-00011.0,4703 W KNIGHTS AVE,building_footprint_folio,point_in_building_footprint,high,,,pending_human_review,https://arcgis.tampagov.net/arcgis/rest/services/Parcels/TaxParcel/FeatureServer/0,2026-08-28T04:55:51+00:00
pal-14730e18aebacd95,tpa-f19d29bac141b4,mp-0094ba893dd1418b,193511.0000,A-24-29-18-4ZI-000059-00006.2,514 N TAMPA ST,building_footprint_folio,nearest_footprint_within_35m,medium,,,pending_human_review,https://arcgis.tampagov.net/arcgis/rest/services/Parcels/TaxParcel/FeatureServer/0,2026-08-28T04:55:51+00:00
pal-21b4360da667859c,tpa-f1a3adcd375128,mp-9943dd970027129c,130160.0000,A-05-30-18-3X4-000004-00017.0,4837 W BAY CT AVE,building_footprint_folio,nearest_footprint_within_35m,medium,,,pending_human_review,https://arcgis.tampagov.net/arcgis/rest/services/Parcels/TaxParcel/FeatureServer/0,2026-08-28T04:55:51+00:00
pal-dad8670e9770b553,tpa-f24486ebcbdca9,mp-b6eba0355abad9a8,138184.0100,A-17-30-18-42D-000018-00015.0,6604 S JUANITA ST B,building_footprint_folio,nearest_footprint_within_35m,medium,,,pending_human_review,https://arcgis.tampagov.net/arcgis/rest/services/Parcels/TaxParcel/FeatureServer/0,2026-08-28T04:55:51+00:00
pal-05a88b97364ce8f0,tpa-f2a85ff7b3dda5,mp-2c422ad90e89decb,196305.0314,A-24-29-18-9D7-000000-01104.0,777 N ASHLEY DR 1104,building_footprint_folio,point_in_building_footprint,high,,,pending_human_review,https://arcgis.tampagov.net/arcgis/rest/services/Parcels/TaxParcel/FeatureServer/0,2026-08-28T04:55:51+00:00
pal-78a90e2bebfd1150,tpa-f2cf1c54350891,mp-c8accff4d6ae32e2,131085.0000,A-05-30-18-3XD-000001-00008.0,4705 W FAIR OAKS AVE,building_footprint_folio,nearest_footprint_within_35m,medium,,,pending_human_review,https://arcgis.tampagov.net/arcgis/rest/services/Parcels/TaxParcel/FeatureServer/0,2026-08-28T04:55:51+00:00
pal-422091bdc323356c,tpa-f307a4d6d30689,mp-aba9787166f88c3e,171688.0000,A-06-29-19-4L5-000010-00001.0,1209 E ELLICOTT ST,building_footprint_folio,nearest_footprint_within_35m,medium,,,pending_human_review,https://arcgis.tampagov.net/arcgis/rest/services/Parcels/TaxParcel/FeatureServer/0,2026-08-28T04:55:51+00:00
pal-0d095e08487ff092,tpa-f335765362b5a5,mp-715aa292c178b707,122494.0000,A-32-29-18-3TG-000000-00095.0,4420 W KENSINGTON AVE,building_footprint_folio,point_in_building_footprint,high,,,pending_human_review,https://arcgis.tampagov.net/arcgis/rest/services/Parcels/TaxParcel/FeatureServer/0,2026-08-28T04:55:51+00:00
pal-c5c82b95e0c6a116,tpa-f41f53d503a904,mp-2e1e3c2a6fab3d9a,189990.0000,A-18-29-19-4WQ-000009-00006.0,2112 E 3RD AVE,building_footprint_folio,point_in_building_footprint,high,,,pending_human_review,https://arcgis.tampagov.net/arcgis/rest/services/Parcels/TaxParcel/FeatureServer/0,2026-08-28T04:55:51+00:00
pal-361178a04494f848,tpa-f43acd1c2d1b43,mp-0cb96981bec88999,179822.0022,A-14-29-18-B7Q-000000-00001.0,1555 W MAIN ST,building_footprint_folio,exact_address_nearby_footprint,high,,,pending_human_review,https://arcgis.tampagov.net/arcgis/rest/services/Parcels/TaxParcel/FeatureServer/0,2026-08-28T04:55:51+00:00
pal-1491c8e01d3c0206,tpa-f44c975eac3318,mp-434981eed3793565,195469.0000,A-36-29-18-509-000043-00010.0,75 LADOGA AVE,building_footprint_folio,point_in_building_footprint,high,,,pending_human_review,https://arcgis.tampagov.net/arcgis/rest/services/Parcels/TaxParcel/FeatureServer/0,2026-08-28T04:55:51+00:00
pal-5750dd00dbe72860,tpa-f473ef71897334,mp-c3807627152415e2,136181.0000,A-15-30-18-40Z-000007-00003.0,6028 S SWITZER AVE,building_footprint_folio,nearest_footprint_within_35m,medium,,,pending_human_review,https://arcgis.tampagov.net/arcgis/rest/services/Parcels/TaxParcel/FeatureServer/0,2026-08-28T04:55:51+00:00
pal-b70d8706bfa0bdf0,tpa-f54828c2031d5b,mp-aff846ad82e6581e,122142.0000,A-32-29-18-3TC-000000-00111.0,2404 S DUNDEE ST,building_footprint_folio,point_in_building_footprint,high,,,pending_human_review,https://arcgis.tampagov.net/arcgis/rest/services/Parcels/TaxParcel/FeatureServer/0,2026-08-28T04:55:51+00:00
pal-5c5f548503c6a145,tpa-f5dc63d4e089c2,mp-f7de2960b8b9fbe6,123068.0000,A-32-29-18-3TN-000011-00002.0,3603 S OMAR AVE,building_footprint_folio,nearest_footprint_within_35m,medium,,,pending_human_review,https://arcgis.tampagov.net/arcgis/rest/services/Parcels/TaxParcel/FeatureServer/0,2026-08-28T04:55:51+00:00
pal-7194d86fe84676c7,tpa-f6608d794ac3e0,mp-8f0bddfa516a37fd,136752.0000,A-15-30-18-41N-000000-00064.0,2823 SHELTON AVE,building_footprint_folio,nearest_footprint_within_35m,medium,,,pending_human_review,https://arcgis.tampagov.net/arcgis/rest/services/Parcels/TaxParcel/FeatureServer/0,2026-08-28T04:55:51+00:00
pal-356859bc67e66114,tpa-f687f897b41c2a,mp-83b9588966e70020,169045.0000,A-22-29-18-4IY-000001-00006.0,306 N HABANA AVE,building_footprint_folio,nearest_footprint_within_35m,medium,,,pending_human_review,https://arcgis.tampagov.net/arcgis/rest/services/Parcels/TaxParcel/FeatureServer/0,2026-08-28T04:55:51+00:00
pal-08f5422af2babb43,tpa-f6aa3256b41ed9,mp-992682691f9cf0a1,166724.0000,A-11-29-18-4HA-000002-00020.0,801 W ORIENT ST,building_footprint_folio,point_in_building_footprint,high,,,pending_human_review,https://arcgis.tampagov.net/arcgis/rest/services/Parcels/TaxParcel/FeatureServer/0,2026-08-28T04:55:51+00:00
pal-9b05e5f43a23cd3b,tpa-f6ec6ae0556677,mp-e8cd398b1367961e,186110.0000,A-26-29-18-4U5-000003-00018.0,2100 W SWANN AVE,building_footprint_folio,point_in_building_footprint,high,,,pending_human_review,https://arcgis.tampagov.net/arcgis/rest/services/Parcels/TaxParcel/FeatureServer/0,2026-08-28T04:55:51+00:00
pal-ee34b5f7bafcea6f,tpa-f776784384cf54,mp-0a0327a395d31832,133472.0000,A-09-30-18-3YJ-000010-00003.0,3606 W ROGERS AVE,building_footprint_folio,point_in_building_footprint,high,,,pending_human_review,https://arcgis.tampagov.net/arcgis/rest/services/Parcels/TaxParcel/FeatureServer/0,2026-08-28T04:55:51+00:00
pal-e33e7655edfe98bf,tpa-f78f0b6c12313e,mp-ee02e8ee7830b0a1,183411.0000,A-14-29-18-4S0-D00000-00013.0,709 W ROSS AVE,building_footprint_folio,point_in_building_footprint,high,,,pending_human_review,https://arcgis.tampagov.net/arcgis/rest/services/Parcels/TaxParcel/FeatureServer/0,2026-08-28T04:55:51+00:00
pal-eb0ad5015d1eab8c,tpa-f7acd9ea88a07c,mp-8cf29f98e6a3df74,163424.0000,A-36-28-18-4FB-000000-00436.0,209 W JEAN ST,building_footprint_folio,nearest_footprint_within_35m,medium,,,pending_human_review,https://arcgis.tampagov.net/arcgis/rest/services/Parcels/TaxParcel/FeatureServer/0,2026-08-28T04:55:51+00:00
pal-9fb5513f8469535d,tpa-f80a01d50affd9,mp-f7924f5226b9f87a,114293.1566,A-20-29-18-C2I-000000-00008.0,4515 W NORTH A ST 1,building_footprint_folio,nearest_footprint_within_35m,medium,,,pending_human_review,https://arcgis.tampagov.net/arcgis/rest/services/Parcels/TaxParcel/FeatureServer/0,2026-08-28T04:55:51+00:00
pal-f8e2e1ce22543912,tpa-f814014293a184,mp-a707bcc9d10a42c1,110598.0000,A-15-29-18-3JD-000014-00005.0,3310 W NASSAU ST,building_footprint_folio,nearest_footprint_within_35m,medium,,,pending_human_review,https://arcgis.tampagov.net/arcgis/rest/services/Parcels/TaxParcel/FeatureServer/0,2026-08-28T04:55:51+00:00
pal-61754220439790df,tpa-f82e13b8729f3e,mp-a310c10b0d281ced,167159.0000,A-11-29-18-4HD-000030-00007.0,914 W WOODLAWN AVE,building_footprint_folio,point_in_building_footprint,high,,,pending_human_review,https://arcgis.tampagov.net/arcgis/rest/services/Parcels/TaxParcel/FeatureServer/0,2026-08-28T04:55:51+00:00
pal-8759feb43847d8d1,tpa-f84077b9b28f2f,mp-16ff3b58f94defab,173990.0000,A-08-29-19-4NA-000004-00002.0,3503 E 29TH AVE,building_footprint_folio,nearest_footprint_within_35m,medium,,,pending_human_review,https://arcgis.tampagov.net/arcgis/rest/services/Parcels/TaxParcel/FeatureServer/0,2026-08-28T04:55:51+00:00
pal-8f35f399f2c15b57,tpa-f8a04ea46494f0,mp-cd9fc3d2c07410fc,193323.0000,A-24-29-18-4ZI-000017-00002.1,915 N FRANKLIN ST,building_footprint_folio,exact_address_nearby_footprint,high,,,pending_human_review,https://arcgis.tampagov.net/arcgis/rest/services/Parcels/TaxParcel/FeatureServer/0,2026-08-28T04:55:51+00:00
pal-798fda2547db462d,tpa-f8da5522d21409,mp-834c25177ed73328,181812.0000,A-11-29-18-4QE-000015-00019.0,907 W CORAL ST,building_footprint_folio,nearest_footprint_within_35m,medium,,,pending_human_review,https://arcgis.tampagov.net/arcgis/rest/services/Parcels/TaxParcel/FeatureServer/0,2026-08-28T04:55:51+00:00
pal-001345b004ae6f29,tpa-f8e7a8ea616fe4,mp-8c8b6556b011325f,118945.0000,A-28-29-18-3QK-00002A-00014.0,3713 W MCKAY AVE,building_footprint_folio,nearest_footprint_within_35m,medium,,,pending_human_review,https://arcgis.tampagov.net/arcgis/rest/services/Parcels/TaxParcel/FeatureServer/0,2026-08-28T04:55:51+00:00
pal-0f706b49c4e92ab7,tpa-f96239fb7ba80a,mp-5db4217571771d32,174090.0000,A-08-29-19-4NB-000007-00015.0,2914 E 32ND AVE,building_footprint_folio,nearest_footprint_within_35m,medium,,,pending_human_review,https://arcgis.tampagov.net/arcgis/rest/services/Parcels/TaxParcel/FeatureServer/0,2026-08-28T04:55:51+00:00
pal-3318044ee88b9ce1,tpa-f9b1960298f38e,mp-0894263facfb6e7e,167361.0000,A-11-29-18-4HD-000041-00005.0,910 W FRIBLEY ST,building_footprint_folio,point_in_building_footprint,high,,,pending_human_review,https://arcgis.tampagov.net/arcgis/rest/services/Parcels/TaxParcel/FeatureServer/0,2026-08-28T04:55:51+00:00
pal-f1c0f76c85175200,tpa-fa5060b2438f7f,mp-a84c01419cd8a4ed,125275.0000,A-33-29-18-3U0-000000-00145.0,3616 E STERLING CIR,building_footprint_folio,nearest_footprint_within_35m,medium,,,pending_human_review,https://arcgis.tampagov.net/arcgis/rest/services/Parcels/TaxParcel/FeatureServer/0,2026-08-28T04:55:51+00:00
pal-fa4bbd94ff02574f,tpa-fa89c4d3ba80fb,mp-694f761066ee4f51,153605.0000,A-04-29-19-ZZZ-000005-72340.0,4108 E ELLICOTT ST,building_footprint_folio,nearest_footprint_within_35m,medium,,,pending_human_review,https://arcgis.tampagov.net/arcgis/rest/services/Parcels/TaxParcel/FeatureServer/0,2026-08-28T04:55:51+00:00
pal-94f5089a2149b13c,tpa-fab93f453809b7,mp-ba5b395edf9ebbcc,135554.0000,A-10-30-18-3ZW-000013-00008.0,6012 S 4TH ST,building_footprint_folio,nearest_footprint_within_35m,medium,,,pending_human_review,https://arcgis.tampagov.net/arcgis/rest/services/Parcels/TaxParcel/FeatureServer/0,2026-08-28T04:55:51+00:00
pal-a17cfaba6c4427d9,tpa-faf8178d36a931,mp-abde2bc9ba434a50,128977.5012,A-03-30-18-3WL-A00000-00006.0,2817 W HAWTHORNE RD,building_footprint_folio,nearest_footprint_within_35m,medium,,,pending_human_review,https://arcgis.tampagov.net/arcgis/rest/services/Parcels/TaxParcel/FeatureServer/0,2026-08-28T04:55:51+00:00
pal-efb008ff66d3a721,tpa-fbb08965f181a1,mp-c9f2e8478743f6e8,127698.0000,A-03-30-18-3VJ-000000-00050.0,2908 W VILLA ROSA PARK,building_footprint_folio,nearest_footprint_within_35m,medium,,,pending_human_review,https://arcgis.tampagov.net/arcgis/rest/services/Parcels/TaxParcel/FeatureServer/0,2026-08-28T04:55:51+00:00
pal-6a72e2678e9f7b45,tpa-fbcb12458fa332,mp-7a2e1eae9be6079a,182448.0000,A-12-29-18-4QX-000002-00016.0,318 W ALFRED ST,building_footprint_folio,nearest_footprint_within_35m,medium,,,pending_human_review,https://arcgis.tampagov.net/arcgis/rest/services/Parcels/TaxParcel/FeatureServer/0,2026-08-28T04:55:51+00:00
pal-f214e8342d849a8c,tpa-fbf5e781c62d27,mp-475f14661f574491,168593.0100,A-22-29-18-4IG-000010-00005.1,2410 W GRAY ST,building_footprint_folio,nearest_footprint_within_35m,medium,,,pending_human_review,https://arcgis.tampagov.net/arcgis/rest/services/Parcels/TaxParcel/FeatureServer/0,2026-08-28T04:55:51+00:00
pal-fe68f7fca5e36fc1,tpa-fc10850fa9d67e,mp-b57893785b23c851,182326.0000,A-12-29-18-4QQ-000006-00003.0,204 W FLORIBRASKA AVE,building_footprint_folio,point_in_building_footprint,high,,,pending_human_review,https://arcgis.tampagov.net/arcgis/rest/services/Parcels/TaxParcel/FeatureServer/0,2026-08-28T04:55:51+00:00
pal-389a9e0f2ff448ef,tpa-fceee2e49eff05,mp-1616eaa57caccc31,177268.0000,A-11-29-18-4P6-000000-00052.0,1903 W KATHLEEN ST,building_footprint_folio,nearest_footprint_within_35m,medium,,,pending_human_review,https://arcgis.tampagov.net/arcgis/rest/services/Parcels/TaxParcel/FeatureServer/0,2026-08-28T04:55:51+00:00
pal-3c676b0ba6f3a740,tpa-fd24d8d6a7f5ae,mp-5906c1223456b627,128348.0100,A-03-30-18-3W0-000000-00144.0,3213 W CHAPIN AVE,building_footprint_folio,point_in_building_footprint,high,,,pending_human_review,https://arcgis.tampagov.net/arcgis/rest/services/Parcels/TaxParcel/FeatureServer/0,2026-08-28T04:55:51+00:00
pal-162b5ccf5b308570,tpa-fd69e659ddc472,mp-6e87519c515eeaec,109073.2162,A-09-29-18-B4D-000000-00014.0,4201 N DALE MABRY HWY,building_footprint_folio,exact_address_nearby_footprint,high,,,pending_human_review,https://arcgis.tampagov.net/arcgis/rest/services/Parcels/TaxParcel/FeatureServer/0,2026-08-28T04:55:51+00:00
pal-57d8fd45574fad0f,tpa-fd9ff070386d38,mp-53b2af3f40119833,146945.0000,A-30-28-19-45M-000060-00016.0,8006 N 14TH ST,building_footprint_folio,nearest_footprint_within_35m,medium,,,pending_human_review,https://arcgis.tampagov.net/arcgis/rest/services/Parcels/TaxParcel/FeatureServer/0,2026-08-28T04:55:51+00:00
pal-55579fa55a33060c,tpa-fdef5ed80ba0c4,mp-512a530efe26a352,180411.0000,A-15-29-18-4PV-000009-00015.0,3219 W ARCH ST,building_footprint_folio,point_in_building_footprint,high,,,pending_human_review,https://arcgis.tampagov.net/arcgis/rest/services/Parcels/TaxParcel/FeatureServer/0,2026-08-28T04:55:51+00:00
pal-5c99b48e343e2d81,tpa-fe0f6a6f89253f,mp-506880b692db5ace,155843.0000,A-05-29-19-4A0-000014-00006.0,2621 E 38TH AVE,building_footprint_folio,nearest_footprint_within_35m,medium,,,pending_human_review,https://arcgis.tampagov.net/arcgis/rest/services/Parcels/TaxParcel/FeatureServer/0,2026-08-28T04:55:51+00:00
pal-779148cf032ce601,tpa-fe11dcd8ca0f2f,mp-381f19b08d81ba75,112021.0662,,,building_footprint_folio,point_in_building_footprint,high,,,pending_human_review,https://arcgis.tampagov.net/arcgis/rest/services/OpenData/Location/MapServer/0,2026-08-28T04:55:51+00:00
pal-717e2656802cefcb,tpa-fe5eb5476d51dd,mp-679185353c4eb169,163605.0000,A-36-28-18-4FB-000000-00672.0,212 W LAMBRIGHT ST,building_footprint_folio,point_in_building_footprint,high,,,pending_human_review,https://arcgis.tampagov.net/arcgis/rest/services/Parcels/TaxParcel/FeatureServer/0,2026-08-28T04:55:51+00:00
pal-924f694dedc0039e,tpa-fed7319c3ecb7c,mp-40a63f1246ee2d35,115596.0000,A-21-29-18-3MA-000006-00002.0,3704 W CLEVELAND ST,building_footprint_folio,nearest_footprint_within_35m,medium,,,pending_human_review,https://arcgis.tampagov.net/arcgis/rest/services/Parcels/TaxParcel/FeatureServer/0,2026-08-28T04:55:51+00:00
pal-1bfeab65c9c2834e,tpa-ff3b5ee254b6df,mp-f078344183ac2149,128235.0000,A-03-30-18-3VV-000010-00006.0,4616 S WOODLYNNE AVE,building_footprint_folio,nearest_footprint_within_35m,medium,,,pending_human_review,https://arcgis.tampagov.net/arcgis/rest/services/Parcels/TaxParcel/FeatureServer/0,2026-08-28T04:55:51+00:00
pal-13f81b1c1165b630,tpa-ff65aaea94e7e8,mp-cdbed9fb3d23d709,195800.0000,A-36-29-18-509-000071-00006.0,694 GENEVA PL,building_footprint_folio,nearest_footprint_within_35m,medium,,,pending_human_review,https://arcgis.tampagov.net/arcgis/rest/services/Parcels/TaxParcel/FeatureServer/0,2026-08-28T04:55:51+00:00
pal-1412d083d412ef7a,tpa-ff70156e988797,mp-1483dbdaafb5f147,136492.0000,A-15-30-18-41G-G00000-00001.0,6306 INTERBAY BLVD,building_footprint_folio,nearest_footprint_within_35m,medium,,,pending_human_review,https://arcgis.tampagov.net/arcgis/rest/services/Parcels/TaxParcel/FeatureServer/0,2026-08-28T04:55:51+00:00
pal-78ecf11cc09bfb6d,tpa-ff85739d8f2b03,mp-089c58be70f62a15,113231.0000,A-20-29-18-3L2-000006-00016.0,208 S WARD ST,building_footprint_folio,point_in_building_footprint,high,,,pending_human_review,https://arcgis.tampagov.net/arcgis/rest/services/Parcels/TaxParcel/FeatureServer/0,2026-08-28T04:55:51+00:00
pal-b5f3c4711855b525,tpa-ff9192642e74db,mp-ce99f779b130cb39,126531.0000,A-34-29-18-3UI-000066-00008.0,3216 SANTIAGO ST,building_footprint_folio,nearest_footprint_within_35m,medium,,,pending_human_review,https://arcgis.tampagov.net/arcgis/rest/services/Parcels/TaxParcel/FeatureServer/0,2026-08-28T04:55:51+00:00
pal-222c48bd01caa72d,tpa-ffa1a1b1ea1e68,mp-fc4f00de825284e7,102658.0000,A-27-28-18-3G6-000002-00012.0,2509 KENMORE AVE,building_footprint_folio,point_in_building_footprint,high,,,pending_human_review,https://arcgis.tampagov.net/arcgis/rest/services/Parcels/TaxParcel/FeatureServer/0,2026-08-28T04:55:51+00:00
pal-1d67303d541dd290,tpa-ffb0e74ef7c0d2,mp-a73d1b3f5b2e52e8,120965.0000,A-29-29-18-3SL-000017-00001.4,4508 W SAN RAFAEL ST,building_footprint_folio,nearest_footprint_within_35m,medium,,,pending_human_review,https://arcgis.tampagov.net/arcgis/rest/services/Parcels/TaxParcel/FeatureServer/0,2026-08-28T04:55:51+00:00
pal-e7774e5202389d0f,tpa-fff5b3cdf36fa8,mp-847b49797e3ed27b,181568.0000,A-11-29-18-4QA-000022-00004.0,1108 W CHARTER ST,building_footprint_folio,nearest_footprint_within_35m,medium,,,pending_human_review,https://arcgis.tampagov.net/arcgis/rest/services/Parcels/TaxParcel/FeatureServer/0,2026-08-28T04:55:51+00:00
