finance_event_id,activity_id,master_project_id,city_project_id,contract_number,event_type,event_date,fiscal_year,amount_usd,amount_direction,funding_source,resolution_number,source_document,source_url,observed_at_utc,source_record_last_edited_at_utc,evidence_strength,is_inferred,interpretation_warning
fin-6fb9b069194c6af2,,,1001018,17-C-00003,capital_estimate_reported,,2020,33000000,reported_level,Stormwater Improvement Fee,,https://apps.tampagov.net/Directory_Lister/FileHandler.ashx?file=GIS%2f1001018.pdf,https://arcgis.tampagov.net/arcgis/rest/services/CapitalProjects/CapitalProjectsBudgetBook/FeatureServer/0,2026-08-28T04:55:51+00:00,2022-05-05T13:17:23+00:00,official_source_observation,no,"Estimated cost is a reported project-level estimate, not spending or a budget amendment."
fin-b9653c0862661cce,,,1001018,17-C-00003,funded_status_reported,,2020,,not_applicable,Stormwater Improvement Fee,,https://apps.tampagov.net/Directory_Lister/FileHandler.ashx?file=GIS%2f1001018.pdf,https://arcgis.tampagov.net/arcgis/rest/services/CapitalProjects/CapitalProjectsBudgetBook/FeatureServer/0,2026-08-28T04:55:51+00:00,2022-05-05T13:17:23+00:00,official_source_observation,no,"Funded status is an administrative source label, not an expenditure amount."
fin-d56ecacc0bb4745e,,,1000151,18-C-00009,capital_estimate_reported,,2019,7236075,reported_level,Stormwater Improvement Fee,,https://apps.tampagov.net/Directory_Lister/FileHandler.ashx?file=GIS%2f1000151.pdf,https://arcgis.tampagov.net/arcgis/rest/services/CapitalProjects/CapitalProjectsBudgetBook/FeatureServer/0,2026-08-28T04:55:51+00:00,2022-06-24T17:53:08+00:00,official_source_observation,no,"Estimated cost is a reported project-level estimate, not spending or a budget amendment."
fin-eb268d2ba3713bb6,,,1000151,18-C-00009,capital_actual_cost_reported,,2019,6787351.27,reported_level,Stormwater Improvement Fee,,https://apps.tampagov.net/Directory_Lister/FileHandler.ashx?file=GIS%2f1000151.pdf,https://arcgis.tampagov.net/arcgis/rest/services/CapitalProjects/CapitalProjectsBudgetBook/FeatureServer/0,2026-08-28T04:55:51+00:00,2022-06-24T17:53:08+00:00,official_source_observation,no,Actual cost is source-reported and not independently audited or necessarily final.
fin-0578c58db8e7d5d3,,,1000151,18-C-00009,funded_status_reported,,2019,,not_applicable,Stormwater Improvement Fee,,https://apps.tampagov.net/Directory_Lister/FileHandler.ashx?file=GIS%2f1000151.pdf,https://arcgis.tampagov.net/arcgis/rest/services/CapitalProjects/CapitalProjectsBudgetBook/FeatureServer/0,2026-08-28T04:55:51+00:00,2022-06-24T17:53:08+00:00,official_source_observation,no,"Funded status is an administrative source label, not an expenditure amount."
fin-6cbf52b6846105ae,,,1000738,16-C-00026,capital_estimate_reported,,2020,13213006,reported_level,PIPES,,https://apps.tampagov.net/Directory_Lister/FileHandler.ashx?file=GIS%2f1000738.pdf,https://arcgis.tampagov.net/arcgis/rest/services/CapitalProjects/CapitalProjectsBudgetBook/FeatureServer/0,2026-08-28T04:55:51+00:00,2022-06-24T17:53:08+00:00,official_source_observation,no,"Estimated cost is a reported project-level estimate, not spending or a budget amendment."
fin-97fe8986cb5b4ae9,,,1000738,16-C-00026,funded_status_reported,,2020,,not_applicable,PIPES,,https://apps.tampagov.net/Directory_Lister/FileHandler.ashx?file=GIS%2f1000738.pdf,https://arcgis.tampagov.net/arcgis/rest/services/CapitalProjects/CapitalProjectsBudgetBook/FeatureServer/0,2026-08-28T04:55:51+00:00,2022-06-24T17:53:08+00:00,official_source_observation,no,"Funded status is an administrative source label, not an expenditure amount."
fin-895b803e0ce600a9,tpa-7657433ed52a64,mp-d5b2b73c2cdcebe0,1001585,24-C00039,capital_estimate_reported,,2025,6800000,reported_level,Stormwater Improvement Fee,,https://www.tampa.gov/project/SW50004,https://arcgis.tampagov.net/arcgis/rest/services/CapitalProjects/CapitalProjectsBudgetBook/FeatureServer/0,2026-08-28T04:55:51+00:00,2022-09-22T19:25:42+00:00,official_source_observation,no,"Estimated cost is a reported project-level estimate, not spending or a budget amendment."
fin-d0c27d20870b4f7b,tpa-7657433ed52a64,mp-d5b2b73c2cdcebe0,1001585,24-C00039,funded_status_reported,,2025,,not_applicable,Stormwater Improvement Fee,,https://www.tampa.gov/project/SW50004,https://arcgis.tampagov.net/arcgis/rest/services/CapitalProjects/CapitalProjectsBudgetBook/FeatureServer/0,2026-08-28T04:55:51+00:00,2022-09-22T19:25:42+00:00,official_source_observation,no,"Funded status is an administrative source label, not an expenditure amount."
fin-c3aee95d5a03ac8a,tpa-a852e71c9df8b3,mp-3d4fbd1e5b7cf7e9,1001588,,capital_estimate_reported,,2024,3000000,reported_level,Stormwater Improvement Fee,,https://www.tampa.gov/project/sw50003,https://arcgis.tampagov.net/arcgis/rest/services/CapitalProjects/CapitalProjectsBudgetBook/FeatureServer/0,2026-08-28T04:55:51+00:00,2022-10-12T13:49:07+00:00,official_source_observation,no,"Estimated cost is a reported project-level estimate, not spending or a budget amendment."
fin-7e1d77b1a05f7760,tpa-a852e71c9df8b3,mp-3d4fbd1e5b7cf7e9,1001588,,funded_status_reported,,2024,,not_applicable,Stormwater Improvement Fee,,https://www.tampa.gov/project/sw50003,https://arcgis.tampagov.net/arcgis/rest/services/CapitalProjects/CapitalProjectsBudgetBook/FeatureServer/0,2026-08-28T04:55:51+00:00,2022-10-12T13:49:07+00:00,official_source_observation,no,"Funded status is an administrative source label, not an expenditure amount."
fin-476cd4bab9a88c74,,,1001420,,capital_estimate_reported,,2024,2000000,reported_level,Stormwater Improvement Fee,,https://apps.tampagov.net/Directory_Lister/FileHandler.ashx?file=GIS%2f1001420.pdf,https://arcgis.tampagov.net/arcgis/rest/services/CapitalProjects/CapitalProjectsBudgetBook/FeatureServer/0,2026-08-28T04:55:51+00:00,2022-09-22T14:22:22+00:00,official_source_observation,no,"Estimated cost is a reported project-level estimate, not spending or a budget amendment."
fin-255be5dd519d3547,,,1001420,,funded_status_reported,,2024,,not_applicable,Stormwater Improvement Fee,,https://apps.tampagov.net/Directory_Lister/FileHandler.ashx?file=GIS%2f1001420.pdf,https://arcgis.tampagov.net/arcgis/rest/services/CapitalProjects/CapitalProjectsBudgetBook/FeatureServer/0,2026-08-28T04:55:51+00:00,2022-09-22T14:22:22+00:00,official_source_observation,no,"Funded status is an administrative source label, not an expenditure amount."
fin-b97d38a8548640c9,tpa-5a2f97b3a412d4,mp-5db1f3cd4dba79f8,1001171,,capital_estimate_reported,,2028,6800000,reported_level,Stormwater Improvement Fee,,https://www.tampa.gov/project/sw50006,https://arcgis.tampagov.net/arcgis/rest/services/CapitalProjects/CapitalProjectsBudgetBook/FeatureServer/0,2026-08-28T04:55:51+00:00,2022-09-22T14:30:09+00:00,official_source_observation,no,"Estimated cost is a reported project-level estimate, not spending or a budget amendment."
fin-140cd34dc3e30780,tpa-5a2f97b3a412d4,mp-5db1f3cd4dba79f8,1001171,,funded_status_reported,,2028,,not_applicable,Stormwater Improvement Fee,,https://www.tampa.gov/project/sw50006,https://arcgis.tampagov.net/arcgis/rest/services/CapitalProjects/CapitalProjectsBudgetBook/FeatureServer/0,2026-08-28T04:55:51+00:00,2022-09-22T14:30:09+00:00,official_source_observation,no,"Funded status is an administrative source label, not an expenditure amount."
fin-64f9b3bb1c235426,tpa-55828ee72706f4,mp-de15e43fa74c3463,1001527,,capital_estimate_reported,,2027,1100000,reported_level,Stormwater Improvement Fee,,https://www.tampa.gov/project/sw50007,https://arcgis.tampagov.net/arcgis/rest/services/CapitalProjects/CapitalProjectsBudgetBook/FeatureServer/0,2026-08-28T04:55:51+00:00,2022-10-06T18:34:17+00:00,official_source_observation,no,"Estimated cost is a reported project-level estimate, not spending or a budget amendment."
fin-a2e0ef020e819cf6,tpa-55828ee72706f4,mp-de15e43fa74c3463,1001527,,funded_status_reported,,2027,,not_applicable,Stormwater Improvement Fee,,https://www.tampa.gov/project/sw50007,https://arcgis.tampagov.net/arcgis/rest/services/CapitalProjects/CapitalProjectsBudgetBook/FeatureServer/0,2026-08-28T04:55:51+00:00,2022-10-06T18:34:17+00:00,official_source_observation,no,"Funded status is an administrative source label, not an expenditure amount."
fin-ee202815bfa11005,,,1001587,21-C-00017,capital_estimate_reported,,2022,1000000,reported_level,Stormwater Improvement Fee,,https://apps.tampagov.net/Directory_Lister/FileHandler.ashx?file=GIS%2f1001587.pdf,https://arcgis.tampagov.net/arcgis/rest/services/CapitalProjects/CapitalProjectsBudgetBook/FeatureServer/0,2026-08-28T04:55:51+00:00,2022-10-06T18:00:53+00:00,official_source_observation,no,"Estimated cost is a reported project-level estimate, not spending or a budget amendment."
fin-bf14b3b79385a64b,,,1001587,21-C-00017,funded_status_reported,,2022,,not_applicable,Stormwater Improvement Fee,,https://apps.tampagov.net/Directory_Lister/FileHandler.ashx?file=GIS%2f1001587.pdf,https://arcgis.tampagov.net/arcgis/rest/services/CapitalProjects/CapitalProjectsBudgetBook/FeatureServer/0,2026-08-28T04:55:51+00:00,2022-10-06T18:00:53+00:00,official_source_observation,no,"Funded status is an administrative source label, not an expenditure amount."
fin-ad3234ec5485a483,,,1001951,ST-21-395-0012,capital_estimate_reported,,2021,325000,reported_level,Stormwater Improvement Fee,,https://apps.tampagov.net/Directory_Lister/FileHandler.ashx?file=GIS%2f1001951.pdf,https://arcgis.tampagov.net/arcgis/rest/services/CapitalProjects/CapitalProjectsBudgetBook/FeatureServer/0,2026-08-28T04:55:51+00:00,2022-07-01T12:32:14+00:00,official_source_observation,no,"Estimated cost is a reported project-level estimate, not spending or a budget amendment."
fin-06964247d3247e89,,,1001951,ST-21-395-0012,funded_status_reported,,2021,,not_applicable,Stormwater Improvement Fee,,https://apps.tampagov.net/Directory_Lister/FileHandler.ashx?file=GIS%2f1001951.pdf,https://arcgis.tampagov.net/arcgis/rest/services/CapitalProjects/CapitalProjectsBudgetBook/FeatureServer/0,2026-08-28T04:55:51+00:00,2022-07-01T12:32:14+00:00,official_source_observation,no,"Funded status is an administrative source label, not an expenditure amount."
fin-e6b39479a59e4a96,,,1001949,,capital_estimate_reported,,On Hold,500000,reported_level,Stormwater Improvement Fee,,https://www.tampa.gov/project/sw50025,https://arcgis.tampagov.net/arcgis/rest/services/CapitalProjects/CapitalProjectsBudgetBook/FeatureServer/0,2026-08-28T04:55:51+00:00,2022-10-06T18:24:35+00:00,official_source_observation,no,"Estimated cost is a reported project-level estimate, not spending or a budget amendment."
fin-4f8ffde42a50c350,,,1001949,,funded_status_reported,,On Hold,,not_applicable,Stormwater Improvement Fee,,https://www.tampa.gov/project/sw50025,https://arcgis.tampagov.net/arcgis/rest/services/CapitalProjects/CapitalProjectsBudgetBook/FeatureServer/0,2026-08-28T04:55:51+00:00,2022-10-06T18:24:35+00:00,official_source_observation,no,"Funded status is an administrative source label, not an expenditure amount."
fin-fa3a916ba55602a6,tpa-d05a3db30262e4,mp-f2694c4bb1744eab,1000750,19-C-00059,capital_estimate_reported,,2023,55604452,reported_level,Stormwater Improvement Fee,,https://www.tampa.gov/project/sw40004,https://arcgis.tampagov.net/arcgis/rest/services/CapitalProjects/CapitalProjectsBudgetBook/FeatureServer/0,2026-08-28T04:55:51+00:00,2022-10-06T18:09:13+00:00,official_source_observation,no,"Estimated cost is a reported project-level estimate, not spending or a budget amendment."
fin-17bdb9b44f42681b,tpa-d05a3db30262e4,mp-f2694c4bb1744eab,1000750,19-C-00059,funded_status_reported,,2023,,not_applicable,Stormwater Improvement Fee,,https://www.tampa.gov/project/sw40004,https://arcgis.tampagov.net/arcgis/rest/services/CapitalProjects/CapitalProjectsBudgetBook/FeatureServer/0,2026-08-28T04:55:51+00:00,2022-10-06T18:09:13+00:00,official_source_observation,no,"Funded status is an administrative source label, not an expenditure amount."
fin-bb912cd390177bf3,,,1000962,20-C-00040,capital_estimate_reported,,2021,3960080.69,reported_level,PIPES,,https://apps.tampagov.net/Directory_Lister/FileHandler.ashx?file=GIS%2f1000962.pdf,https://arcgis.tampagov.net/arcgis/rest/services/CapitalProjects/CapitalProjectsBudgetBook/FeatureServer/0,2026-08-28T04:55:51+00:00,2022-05-02T13:09:32+00:00,official_source_observation,no,"Estimated cost is a reported project-level estimate, not spending or a budget amendment."
fin-b1bef13ae322df84,,,1000962,20-C-00040,funded_status_reported,,2021,,not_applicable,PIPES,,https://apps.tampagov.net/Directory_Lister/FileHandler.ashx?file=GIS%2f1000962.pdf,https://arcgis.tampagov.net/arcgis/rest/services/CapitalProjects/CapitalProjectsBudgetBook/FeatureServer/0,2026-08-28T04:55:51+00:00,2022-05-02T13:09:32+00:00,official_source_observation,no,"Funded status is an administrative source label, not an expenditure amount."
fin-6844bdf0eec898d6,,,1001186,17-C-00038,capital_estimate_reported,,2021,83042970,reported_level,PIPES,,https://apps.tampagov.net/Directory_Lister/FileHandler.ashx?file=GIS%2f1001186.pdf,https://arcgis.tampagov.net/arcgis/rest/services/CapitalProjects/CapitalProjectsBudgetBook/FeatureServer/0,2026-08-28T04:55:51+00:00,2022-02-26T21:04:29+00:00,official_source_observation,no,"Estimated cost is a reported project-level estimate, not spending or a budget amendment."
fin-475f9b32d145c077,,,1001186,17-C-00038,funded_status_reported,,2021,,not_applicable,PIPES,,https://apps.tampagov.net/Directory_Lister/FileHandler.ashx?file=GIS%2f1001186.pdf,https://arcgis.tampagov.net/arcgis/rest/services/CapitalProjects/CapitalProjectsBudgetBook/FeatureServer/0,2026-08-28T04:55:51+00:00,2022-02-26T21:04:29+00:00,official_source_observation,no,"Funded status is an administrative source label, not an expenditure amount."
fin-336a5773eaee1d46,tpa-024c352566fd89,mp-b444c5d6f324da27,1001566,20-C-00028,capital_estimate_reported,,2021,447000,reported_level,PIPES,,https://apps.tampagov.net/Directory_Lister/FileHandler.ashx?file=GIS%2f1001566.pdf,https://arcgis.tampagov.net/arcgis/rest/services/CapitalProjects/CapitalProjectsBudgetBook/FeatureServer/0,2026-08-28T04:55:51+00:00,2022-08-16T14:48:26+00:00,official_source_observation,no,"Estimated cost is a reported project-level estimate, not spending or a budget amendment."
fin-798385fef62a52e7,tpa-024c352566fd89,mp-b444c5d6f324da27,1001566,20-C-00028,funded_status_reported,,2021,,not_applicable,PIPES,,https://apps.tampagov.net/Directory_Lister/FileHandler.ashx?file=GIS%2f1001566.pdf,https://arcgis.tampagov.net/arcgis/rest/services/CapitalProjects/CapitalProjectsBudgetBook/FeatureServer/0,2026-08-28T04:55:51+00:00,2022-08-16T14:48:26+00:00,official_source_observation,no,"Funded status is an administrative source label, not an expenditure amount."
fin-7255d1412884bb07,tpa-9cb920953f4186,mp-df0fc6b847a57e5f,1001303,21-C-00009,capital_estimate_reported,,2022,1322592,reported_level,PIPES,,https://apps.tampagov.net/Directory_Lister/FileHandler.ashx?file=GIS%2f1001303.pdf,https://arcgis.tampagov.net/arcgis/rest/services/CapitalProjects/CapitalProjectsBudgetBook/FeatureServer/0,2026-08-28T04:55:51+00:00,2022-08-16T14:49:47+00:00,official_source_observation,no,"Estimated cost is a reported project-level estimate, not spending or a budget amendment."
fin-bba18ea57df7019c,tpa-9cb920953f4186,mp-df0fc6b847a57e5f,1001303,21-C-00009,funded_status_reported,,2022,,not_applicable,PIPES,,https://apps.tampagov.net/Directory_Lister/FileHandler.ashx?file=GIS%2f1001303.pdf,https://arcgis.tampagov.net/arcgis/rest/services/CapitalProjects/CapitalProjectsBudgetBook/FeatureServer/0,2026-08-28T04:55:51+00:00,2022-08-16T14:49:47+00:00,official_source_observation,no,"Funded status is an administrative source label, not an expenditure amount."
fin-88ada4b6eb7d6916,,,1001373.1,22-C-00003,capital_estimate_reported,,2025,1478200,reported_level,PIPES,,https://www.tampa.gov/project/ww10013731,https://arcgis.tampagov.net/arcgis/rest/services/CapitalProjects/CapitalProjectsBudgetBook/FeatureServer/0,2026-08-28T04:55:51+00:00,2022-08-16T14:50:33+00:00,official_source_observation,no,"Estimated cost is a reported project-level estimate, not spending or a budget amendment."
fin-b12eb10f84f7bff5,,,1001373.1,22-C-00003,funded_status_reported,,2025,,not_applicable,PIPES,,https://www.tampa.gov/project/ww10013731,https://arcgis.tampagov.net/arcgis/rest/services/CapitalProjects/CapitalProjectsBudgetBook/FeatureServer/0,2026-08-28T04:55:51+00:00,2022-08-16T14:50:33+00:00,official_source_observation,no,"Funded status is an administrative source label, not an expenditure amount."
fin-bd0f3f947120b96f,,,1001574,21-C-00027,capital_estimate_reported,,2022,1136160,reported_level,PIPES,,https://apps.tampagov.net/Directory_Lister/FileHandler.ashx?file=GIS%2f1001574.pdf,https://arcgis.tampagov.net/arcgis/rest/services/CapitalProjects/CapitalProjectsBudgetBook/FeatureServer/0,2026-08-28T04:55:51+00:00,2022-08-16T14:51:30+00:00,official_source_observation,no,"Estimated cost is a reported project-level estimate, not spending or a budget amendment."
fin-de96b51589320a49,,,1001574,21-C-00027,funded_status_reported,,2022,,not_applicable,PIPES,,https://apps.tampagov.net/Directory_Lister/FileHandler.ashx?file=GIS%2f1001574.pdf,https://arcgis.tampagov.net/arcgis/rest/services/CapitalProjects/CapitalProjectsBudgetBook/FeatureServer/0,2026-08-28T04:55:51+00:00,2022-08-16T14:51:30+00:00,official_source_observation,no,"Funded status is an administrative source label, not an expenditure amount."
fin-a63916df9ad20912,tpa-5f55eb57724be4,mp-77192490275c7d13,1001376,21-C-00010,capital_estimate_reported,,2022,1093671,reported_level,PIPES,,https://apps.tampagov.net/Directory_Lister/FileHandler.ashx?file=GIS%2f1001376.pdf,https://arcgis.tampagov.net/arcgis/rest/services/CapitalProjects/CapitalProjectsBudgetBook/FeatureServer/0,2026-08-28T04:55:51+00:00,2022-08-16T14:51:55+00:00,official_source_observation,no,"Estimated cost is a reported project-level estimate, not spending or a budget amendment."
fin-e79a1482a66367df,tpa-5f55eb57724be4,mp-77192490275c7d13,1001376,21-C-00010,funded_status_reported,,2022,,not_applicable,PIPES,,https://apps.tampagov.net/Directory_Lister/FileHandler.ashx?file=GIS%2f1001376.pdf,https://arcgis.tampagov.net/arcgis/rest/services/CapitalProjects/CapitalProjectsBudgetBook/FeatureServer/0,2026-08-28T04:55:51+00:00,2022-08-16T14:51:55+00:00,official_source_observation,no,"Funded status is an administrative source label, not an expenditure amount."
fin-4271e5d09036ec1b,,,1002058,21-C-00014,capital_estimate_reported,,2021,390000,reported_level,PIPES,,https://apps.tampagov.net/Directory_Lister/FileHandler.ashx?file=GIS%2f1002058.pdf,https://arcgis.tampagov.net/arcgis/rest/services/CapitalProjects/CapitalProjectsBudgetBook/FeatureServer/0,2026-08-28T04:55:51+00:00,2022-08-16T14:52:17+00:00,official_source_observation,no,"Estimated cost is a reported project-level estimate, not spending or a budget amendment."
fin-75e53f3eb5e6b9cd,,,1002058,21-C-00014,funded_status_reported,,2021,,not_applicable,PIPES,,https://apps.tampagov.net/Directory_Lister/FileHandler.ashx?file=GIS%2f1002058.pdf,https://arcgis.tampagov.net/arcgis/rest/services/CapitalProjects/CapitalProjectsBudgetBook/FeatureServer/0,2026-08-28T04:55:51+00:00,2022-08-16T14:52:17+00:00,official_source_observation,no,"Funded status is an administrative source label, not an expenditure amount."
fin-066971a50b63a0e4,,,1001929,,capital_estimate_reported,,2024,135000,reported_level,Transportation Impact Fees,,https://www.tampa.gov/project/trans20046,https://arcgis.tampagov.net/arcgis/rest/services/CapitalProjects/CapitalProjectsBudgetBook/FeatureServer/0,2026-08-28T04:55:51+00:00,2022-08-26T15:21:00+00:00,official_source_observation,no,"Estimated cost is a reported project-level estimate, not spending or a budget amendment."
fin-a9497f2a5558dae6,,,1001929,,funded_status_reported,,2024,,not_applicable,Transportation Impact Fees,,https://www.tampa.gov/project/trans20046,https://arcgis.tampagov.net/arcgis/rest/services/CapitalProjects/CapitalProjectsBudgetBook/FeatureServer/0,2026-08-28T04:55:51+00:00,2022-08-26T15:21:00+00:00,official_source_observation,no,"Funded status is an administrative source label, not an expenditure amount."
fin-669475f18b37affb,,,1001226,19-C-00032,capital_estimate_reported,,2020,5159715,reported_level,Grants,,https://www.tampagov.net/tss-transportation/info/projects/34thStreet,https://arcgis.tampagov.net/arcgis/rest/services/CapitalProjects/CapitalProjectsBudgetBook/FeatureServer/0,2026-08-28T04:55:51+00:00,2022-06-24T17:53:08+00:00,official_source_observation,no,"Estimated cost is a reported project-level estimate, not spending or a budget amendment."
fin-5186170d3abd70c5,,,1001226,19-C-00032,capital_actual_cost_reported,,2020,3697131.03,reported_level,Grants,,https://www.tampagov.net/tss-transportation/info/projects/34thStreet,https://arcgis.tampagov.net/arcgis/rest/services/CapitalProjects/CapitalProjectsBudgetBook/FeatureServer/0,2026-08-28T04:55:51+00:00,2022-06-24T17:53:08+00:00,official_source_observation,no,Actual cost is source-reported and not independently audited or necessarily final.
fin-372c5b5921c6a1b1,,,1001226,19-C-00032,funded_status_reported,,2020,,not_applicable,Grants,,https://www.tampagov.net/tss-transportation/info/projects/34thStreet,https://arcgis.tampagov.net/arcgis/rest/services/CapitalProjects/CapitalProjectsBudgetBook/FeatureServer/0,2026-08-28T04:55:51+00:00,2022-06-24T17:53:08+00:00,official_source_observation,no,"Funded status is an administrative source label, not an expenditure amount."
fin-bc3678ed2d4f1275,,,1001845,19-C-00010.001 WOA#5,capital_estimate_reported,,2021,1600000,reported_level,Transportation Impact Fees,,https://apps.tampagov.net/Directory_Lister/FileHandler.ashx?file=GIS%2f1001845.pdf,https://arcgis.tampagov.net/arcgis/rest/services/CapitalProjects/CapitalProjectsBudgetBook/FeatureServer/0,2026-08-28T04:55:51+00:00,2022-02-26T21:04:29+00:00,official_source_observation,no,"Estimated cost is a reported project-level estimate, not spending or a budget amendment."
fin-6f46e0f43dd7cb82,,,1001845,19-C-00010.001 WOA#5,funded_status_reported,,2021,,not_applicable,Transportation Impact Fees,,https://apps.tampagov.net/Directory_Lister/FileHandler.ashx?file=GIS%2f1001845.pdf,https://arcgis.tampagov.net/arcgis/rest/services/CapitalProjects/CapitalProjectsBudgetBook/FeatureServer/0,2026-08-28T04:55:51+00:00,2022-02-26T21:04:29+00:00,official_source_observation,no,"Funded status is an administrative source label, not an expenditure amount."
fin-f82b0899db25cae5,,,0000006,,capital_estimate_reported,,2024,1750000,reported_level,Transportation Impact Fees,,https://www.tampagov.net/tss-transportation/info/projects/spruce,https://arcgis.tampagov.net/arcgis/rest/services/CapitalProjects/CapitalProjectsBudgetBook/FeatureServer/0,2026-08-28T04:55:51+00:00,2022-07-06T12:04:51+00:00,official_source_observation,no,"Estimated cost is a reported project-level estimate, not spending or a budget amendment."
fin-91135a2f00c89adc,,,0000006,,funded_status_reported,,2024,,not_applicable,Transportation Impact Fees,,https://www.tampagov.net/tss-transportation/info/projects/spruce,https://arcgis.tampagov.net/arcgis/rest/services/CapitalProjects/CapitalProjectsBudgetBook/FeatureServer/0,2026-08-28T04:55:51+00:00,2022-07-06T12:04:51+00:00,official_source_observation,no,"Funded status is an administrative source label, not an expenditure amount."
fin-b7fd6edb6424728d,,,1000980,,capital_estimate_reported,,2027,1000000,reported_level,Transportation Impact Fees,,https://www.tampa.gov/project/trans20054,https://arcgis.tampagov.net/arcgis/rest/services/CapitalProjects/CapitalProjectsBudgetBook/FeatureServer/0,2026-08-28T04:55:51+00:00,2022-08-26T15:22:58+00:00,official_source_observation,no,"Estimated cost is a reported project-level estimate, not spending or a budget amendment."
fin-16c8b0c33b22ab63,,,1000980,,funded_status_reported,,2027,,not_applicable,Transportation Impact Fees,,https://www.tampa.gov/project/trans20054,https://arcgis.tampagov.net/arcgis/rest/services/CapitalProjects/CapitalProjectsBudgetBook/FeatureServer/0,2026-08-28T04:55:51+00:00,2022-08-26T15:22:58+00:00,official_source_observation,no,"Funded status is an administrative source label, not an expenditure amount."
fin-b6e976e73567fa47,tpa-2ed8da642d70ff,mp-4ca9962761cd97bd,1000446,,capital_estimate_reported,,TBD,6930000,reported_level,Local Option Gas Tax,,https://www.tampa.gov/project/trans20014,https://arcgis.tampagov.net/arcgis/rest/services/CapitalProjects/CapitalProjectsBudgetBook/FeatureServer/0,2026-08-28T04:55:51+00:00,2022-02-28T22:22:52+00:00,official_source_observation,no,"Estimated cost is a reported project-level estimate, not spending or a budget amendment."
fin-63bea7d313f837f2,tpa-2ed8da642d70ff,mp-4ca9962761cd97bd,1000446,,funded_status_reported,,TBD,,not_applicable,Local Option Gas Tax,,https://www.tampa.gov/project/trans20014,https://arcgis.tampagov.net/arcgis/rest/services/CapitalProjects/CapitalProjectsBudgetBook/FeatureServer/0,2026-08-28T04:55:51+00:00,2022-02-28T22:22:52+00:00,official_source_observation,no,"Funded status is an administrative source label, not an expenditure amount."
fin-ccc5533d94db38e3,tpa-71346c0bba0c2c,mp-2823ebae0582ecf1,1000248,,capital_estimate_reported,,TBD,9220000,reported_level,Local Option Gas Tax,,https://www.tampa.gov/project/trans20134,https://arcgis.tampagov.net/arcgis/rest/services/CapitalProjects/CapitalProjectsBudgetBook/FeatureServer/0,2026-08-28T04:55:51+00:00,2022-02-28T22:19:13+00:00,official_source_observation,no,"Estimated cost is a reported project-level estimate, not spending or a budget amendment."
fin-9480741e9f2ff003,tpa-71346c0bba0c2c,mp-2823ebae0582ecf1,1000248,,funded_status_reported,,TBD,,not_applicable,Local Option Gas Tax,,https://www.tampa.gov/project/trans20134,https://arcgis.tampagov.net/arcgis/rest/services/CapitalProjects/CapitalProjectsBudgetBook/FeatureServer/0,2026-08-28T04:55:51+00:00,2022-02-28T22:19:13+00:00,official_source_observation,no,"Funded status is an administrative source label, not an expenditure amount."
fin-702f5b30b8bba175,tpa-2dc74558e17f91,mp-36bcf34199e877eb,1002091,21-C-00022,capital_estimate_reported,,2024,1645831,reported_level,Multiple Funding,,https://www.tampa.gov/project/trans20038,https://arcgis.tampagov.net/arcgis/rest/services/CapitalProjects/CapitalProjectsBudgetBook/FeatureServer/0,2026-08-28T04:55:51+00:00,2022-07-06T12:08:02+00:00,official_source_observation,no,"Estimated cost is a reported project-level estimate, not spending or a budget amendment."
fin-8546391f97f535fd,tpa-2dc74558e17f91,mp-36bcf34199e877eb,1002091,21-C-00022,funded_status_reported,,2024,,not_applicable,Multiple Funding,,https://www.tampa.gov/project/trans20038,https://arcgis.tampagov.net/arcgis/rest/services/CapitalProjects/CapitalProjectsBudgetBook/FeatureServer/0,2026-08-28T04:55:51+00:00,2022-07-06T12:08:02+00:00,official_source_observation,no,"Funded status is an administrative source label, not an expenditure amount."
fin-97f06d04ff642c9a,,,1001221,19-C-00018,capital_estimate_reported,,2022,4200000,reported_level,Grants,,https://www.tampagov.net/tss-transportation/info/projects/columbus,https://arcgis.tampagov.net/arcgis/rest/services/CapitalProjects/CapitalProjectsBudgetBook/FeatureServer/0,2026-08-28T04:55:51+00:00,2022-02-26T21:04:29+00:00,official_source_observation,no,"Estimated cost is a reported project-level estimate, not spending or a budget amendment."
fin-ae2d866627cdc2c8,,,1001221,19-C-00018,capital_actual_cost_reported,,2022,731032.35,reported_level,Grants,,https://www.tampagov.net/tss-transportation/info/projects/columbus,https://arcgis.tampagov.net/arcgis/rest/services/CapitalProjects/CapitalProjectsBudgetBook/FeatureServer/0,2026-08-28T04:55:51+00:00,2022-02-26T21:04:29+00:00,official_source_observation,no,Actual cost is source-reported and not independently audited or necessarily final.
fin-24f7429d9dd25d99,,,1001221,19-C-00018,funded_status_reported,,2022,,not_applicable,Grants,,https://www.tampagov.net/tss-transportation/info/projects/columbus,https://arcgis.tampagov.net/arcgis/rest/services/CapitalProjects/CapitalProjectsBudgetBook/FeatureServer/0,2026-08-28T04:55:51+00:00,2022-02-26T21:04:29+00:00,official_source_observation,no,"Funded status is an administrative source label, not an expenditure amount."
fin-7eea9a09b3bce9da,,,1001220,19-C-00046,capital_estimate_reported,,2022,3062445.99,reported_level,Grants,,https://www.tampagov.net/tss-transportation/info/projects/46thStWalkBike,https://arcgis.tampagov.net/arcgis/rest/services/CapitalProjects/CapitalProjectsBudgetBook/FeatureServer/0,2026-08-28T04:55:51+00:00,2022-09-26T11:31:45+00:00,official_source_observation,no,"Estimated cost is a reported project-level estimate, not spending or a budget amendment."
fin-489a189b075cc5ab,,,1001220,19-C-00046,capital_actual_cost_reported,,2022,281553.75,reported_level,Grants,,https://www.tampagov.net/tss-transportation/info/projects/46thStWalkBike,https://arcgis.tampagov.net/arcgis/rest/services/CapitalProjects/CapitalProjectsBudgetBook/FeatureServer/0,2026-08-28T04:55:51+00:00,2022-09-26T11:31:45+00:00,official_source_observation,no,Actual cost is source-reported and not independently audited or necessarily final.
fin-53c6fbc0ab08c321,,,1001220,19-C-00046,funded_status_reported,,2022,,not_applicable,Grants,,https://www.tampagov.net/tss-transportation/info/projects/46thStWalkBike,https://arcgis.tampagov.net/arcgis/rest/services/CapitalProjects/CapitalProjectsBudgetBook/FeatureServer/0,2026-08-28T04:55:51+00:00,2022-09-26T11:31:45+00:00,official_source_observation,no,"Funded status is an administrative source label, not an expenditure amount."
fin-66781671fd94ce72,tpa-60fa1e9349c074,mp-34f011fe38d212ef,1001934,,capital_estimate_reported,,2027,575000,reported_level,Multiple Funding,,https://www.tampa.gov/project/trans20050,https://arcgis.tampagov.net/arcgis/rest/services/CapitalProjects/CapitalProjectsBudgetBook/FeatureServer/0,2026-08-28T04:55:51+00:00,2022-07-06T12:20:25+00:00,official_source_observation,no,"Estimated cost is a reported project-level estimate, not spending or a budget amendment."
fin-c08917c275cf91f6,tpa-60fa1e9349c074,mp-34f011fe38d212ef,1001934,,funded_status_reported,,2027,,not_applicable,Multiple Funding,,https://www.tampa.gov/project/trans20050,https://arcgis.tampagov.net/arcgis/rest/services/CapitalProjects/CapitalProjectsBudgetBook/FeatureServer/0,2026-08-28T04:55:51+00:00,2022-07-06T12:20:25+00:00,official_source_observation,no,"Funded status is an administrative source label, not an expenditure amount."
fin-925dfe20d91df8c1,tpa-fad81e27486de4,mp-0f771ace7d974ddf,1001516,24-C-00012,capital_estimate_reported,,2025,532787,reported_level,Multiple Funding,,https://www.tampa.gov/project/trans20031,https://arcgis.tampagov.net/arcgis/rest/services/CapitalProjects/CapitalProjectsBudgetBook/FeatureServer/0,2026-08-28T04:55:51+00:00,2022-07-06T12:14:18+00:00,official_source_observation,no,"Estimated cost is a reported project-level estimate, not spending or a budget amendment."
fin-56022040fe1adeea,tpa-fad81e27486de4,mp-0f771ace7d974ddf,1001516,24-C-00012,funded_status_reported,,2025,,not_applicable,Multiple Funding,,https://www.tampa.gov/project/trans20031,https://arcgis.tampagov.net/arcgis/rest/services/CapitalProjects/CapitalProjectsBudgetBook/FeatureServer/0,2026-08-28T04:55:51+00:00,2022-07-06T12:14:18+00:00,official_source_observation,no,"Funded status is an administrative source label, not an expenditure amount."
fin-8416f225ce3f06ef,tpa-7878b137016fca,mp-7ccf0e6c3039d506,1001517,24-C-00013,capital_estimate_reported,,2025,1188166,reported_level,Multiple Funding,,https://www.tampa.gov/project/trans20032,https://arcgis.tampagov.net/arcgis/rest/services/CapitalProjects/CapitalProjectsBudgetBook/FeatureServer/0,2026-08-28T04:55:51+00:00,2022-07-06T12:14:34+00:00,official_source_observation,no,"Estimated cost is a reported project-level estimate, not spending or a budget amendment."
fin-c2c0900383b6f742,tpa-7878b137016fca,mp-7ccf0e6c3039d506,1001517,24-C-00013,funded_status_reported,,2025,,not_applicable,Multiple Funding,,https://www.tampa.gov/project/trans20032,https://arcgis.tampagov.net/arcgis/rest/services/CapitalProjects/CapitalProjectsBudgetBook/FeatureServer/0,2026-08-28T04:55:51+00:00,2022-07-06T12:14:34+00:00,official_source_observation,no,"Funded status is an administrative source label, not an expenditure amount."
fin-c27adc214c65d2cd,tpa-37222f224d7341,mp-1699bf0f3b6906fc,1001931,21-D-00016,capital_estimate_reported,,2026,6095013.83,reported_level,Multiple Funding,,https://www.tampa.gov/project/trans20023,https://arcgis.tampagov.net/arcgis/rest/services/CapitalProjects/CapitalProjectsBudgetBook/FeatureServer/0,2026-08-28T04:55:51+00:00,2022-07-06T12:19:43+00:00,official_source_observation,no,"Estimated cost is a reported project-level estimate, not spending or a budget amendment."
fin-a9a401930a132453,tpa-37222f224d7341,mp-1699bf0f3b6906fc,1001931,21-D-00016,funded_status_reported,,2026,,not_applicable,Multiple Funding,,https://www.tampa.gov/project/trans20023,https://arcgis.tampagov.net/arcgis/rest/services/CapitalProjects/CapitalProjectsBudgetBook/FeatureServer/0,2026-08-28T04:55:51+00:00,2022-07-06T12:19:43+00:00,official_source_observation,no,"Funded status is an administrative source label, not an expenditure amount."
fin-553e74ceb704cbf5,,,1001540,19-C-00010.001 WOA#1,capital_estimate_reported,,2020,1500000,reported_level,Local Option Gas Tax,,https://apps.tampagov.net/Directory_Lister/FileHandler.ashx?file=GIS%2f1001540.pdf,https://arcgis.tampagov.net/arcgis/rest/services/CapitalProjects/CapitalProjectsBudgetBook/FeatureServer/0,2026-08-28T04:55:51+00:00,2022-02-26T21:04:29+00:00,official_source_observation,no,"Estimated cost is a reported project-level estimate, not spending or a budget amendment."
fin-a73de0820b6baaa6,,,1001540,19-C-00010.001 WOA#1,funded_status_reported,,2020,,not_applicable,Local Option Gas Tax,,https://apps.tampagov.net/Directory_Lister/FileHandler.ashx?file=GIS%2f1001540.pdf,https://arcgis.tampagov.net/arcgis/rest/services/CapitalProjects/CapitalProjectsBudgetBook/FeatureServer/0,2026-08-28T04:55:51+00:00,2022-02-26T21:04:29+00:00,official_source_observation,no,"Funded status is an administrative source label, not an expenditure amount."
fin-adc43f0b78561451,tpa-a2a4fd28b3d102,mp-10d31fc06c3d06e1,1002092,21-C-00022,capital_estimate_reported,,2024,2544487,reported_level,Multiple Funding,,https://www.tampa.gov/project/trans20039,https://arcgis.tampagov.net/arcgis/rest/services/CapitalProjects/CapitalProjectsBudgetBook/FeatureServer/0,2026-08-28T04:55:51+00:00,2022-07-06T12:22:23+00:00,official_source_observation,no,"Estimated cost is a reported project-level estimate, not spending or a budget amendment."
fin-2af23a0044e4680a,tpa-a2a4fd28b3d102,mp-10d31fc06c3d06e1,1002092,21-C-00022,funded_status_reported,,2024,,not_applicable,Multiple Funding,,https://www.tampa.gov/project/trans20039,https://arcgis.tampagov.net/arcgis/rest/services/CapitalProjects/CapitalProjectsBudgetBook/FeatureServer/0,2026-08-28T04:55:51+00:00,2022-07-06T12:22:23+00:00,official_source_observation,no,"Funded status is an administrative source label, not an expenditure amount."
fin-fe768a2c842033d9,,,1000254,,capital_estimate_reported,,2023,392000,reported_level,Grants,,https://www.tampagov.net/tss-transportation/info/projects/green_spine,https://arcgis.tampagov.net/arcgis/rest/services/CapitalProjects/CapitalProjectsBudgetBook/FeatureServer/0,2026-08-28T04:55:51+00:00,2022-07-06T12:07:45+00:00,official_source_observation,no,"Estimated cost is a reported project-level estimate, not spending or a budget amendment."
fin-5e34f295c06d9aeb,,,1000254,,funded_status_reported,,2023,,not_applicable,Grants,,https://www.tampagov.net/tss-transportation/info/projects/green_spine,https://arcgis.tampagov.net/arcgis/rest/services/CapitalProjects/CapitalProjectsBudgetBook/FeatureServer/0,2026-08-28T04:55:51+00:00,2022-07-06T12:07:45+00:00,official_source_observation,no,"Funded status is an administrative source label, not an expenditure amount."
fin-7a200b91bcc7bc63,,,1001311,,capital_estimate_reported,,2022,500000,reported_level,Local Option Gas Tax,,https://apps.tampagov.net/Directory_Lister/FileHandler.ashx?file=GIS%2f1001311.pdf,https://arcgis.tampagov.net/arcgis/rest/services/CapitalProjects/CapitalProjectsBudgetBook/FeatureServer/0,2026-08-28T04:55:51+00:00,2022-08-31T12:14:30+00:00,official_source_observation,no,"Estimated cost is a reported project-level estimate, not spending or a budget amendment."
fin-af6ff89d5800f981,,,1001311,,funded_status_reported,,2022,,not_applicable,Local Option Gas Tax,,https://apps.tampagov.net/Directory_Lister/FileHandler.ashx?file=GIS%2f1001311.pdf,https://arcgis.tampagov.net/arcgis/rest/services/CapitalProjects/CapitalProjectsBudgetBook/FeatureServer/0,2026-08-28T04:55:51+00:00,2022-08-31T12:14:30+00:00,official_source_observation,no,"Funded status is an administrative source label, not an expenditure amount."
fin-033c300e228a26a9,,,1001562,1001562,capital_estimate_reported,,2023,400000,reported_level,Local Option Gas Tax,,https://apps.tampagov.net/Directory_Lister/FileHandler.ashx?file=GIS%2f1001562.pdf,https://arcgis.tampagov.net/arcgis/rest/services/CapitalProjects/CapitalProjectsBudgetBook/FeatureServer/0,2026-08-28T04:55:51+00:00,2022-08-01T14:18:45+00:00,official_source_observation,no,"Estimated cost is a reported project-level estimate, not spending or a budget amendment."
fin-18148dc47b8b3516,,,1001562,1001562,funded_status_reported,,2023,,not_applicable,Local Option Gas Tax,,https://apps.tampagov.net/Directory_Lister/FileHandler.ashx?file=GIS%2f1001562.pdf,https://arcgis.tampagov.net/arcgis/rest/services/CapitalProjects/CapitalProjectsBudgetBook/FeatureServer/0,2026-08-28T04:55:51+00:00,2022-08-01T14:18:45+00:00,official_source_observation,no,"Funded status is an administrative source label, not an expenditure amount."
fin-e6c239b826d4f1c5,,,1001509,,capital_estimate_reported,,2027,500000,reported_level,Yet to be Determined,,https://apps.tampagov.net/Directory_Lister/FileHandler.ashx?file=GIS%2f1001509.pdf,https://arcgis.tampagov.net/arcgis/rest/services/CapitalProjects/CapitalProjectsBudgetBook/FeatureServer/0,2026-08-28T04:55:51+00:00,2022-07-06T12:13:16+00:00,official_source_observation,no,"Estimated cost is a reported project-level estimate, not spending or a budget amendment."
fin-32f17ce1f383c51d,,,1001509,,funded_status_reported,,2027,,not_applicable,Yet to be Determined,,https://apps.tampagov.net/Directory_Lister/FileHandler.ashx?file=GIS%2f1001509.pdf,https://arcgis.tampagov.net/arcgis/rest/services/CapitalProjects/CapitalProjectsBudgetBook/FeatureServer/0,2026-08-28T04:55:51+00:00,2022-07-06T12:13:16+00:00,official_source_observation,no,"Funded status is an administrative source label, not an expenditure amount."
fin-26c039aba98b07fa,,,1001577,1001577,capital_estimate_reported,,2020,175000,reported_level,Local Option Gas Tax,,https://apps.tampagov.net/Directory_Lister/FileHandler.ashx?file=GIS%2f1001577.pdf,https://arcgis.tampagov.net/arcgis/rest/services/CapitalProjects/CapitalProjectsBudgetBook/FeatureServer/0,2026-08-28T04:55:51+00:00,2022-04-04T12:33:54+00:00,official_source_observation,no,"Estimated cost is a reported project-level estimate, not spending or a budget amendment."
fin-68203fc56879aaa2,,,1001577,1001577,funded_status_reported,,2020,,not_applicable,Local Option Gas Tax,,https://apps.tampagov.net/Directory_Lister/FileHandler.ashx?file=GIS%2f1001577.pdf,https://arcgis.tampagov.net/arcgis/rest/services/CapitalProjects/CapitalProjectsBudgetBook/FeatureServer/0,2026-08-28T04:55:51+00:00,2022-04-04T12:33:54+00:00,official_source_observation,no,"Funded status is an administrative source label, not an expenditure amount."
fin-009bb43f51cd003d,,,1001312,,capital_estimate_reported,,2022,500000,reported_level,Local Option Gas Tax,,https://apps.tampagov.net/Directory_Lister/FileHandler.ashx?file=GIS%2f1001312.pdf,https://arcgis.tampagov.net/arcgis/rest/services/CapitalProjects/CapitalProjectsBudgetBook/FeatureServer/0,2026-08-28T04:55:51+00:00,2022-04-27T12:26:45+00:00,official_source_observation,no,"Estimated cost is a reported project-level estimate, not spending or a budget amendment."
fin-998cce8bdb930eaf,,,1001312,,funded_status_reported,,2022,,not_applicable,Local Option Gas Tax,,https://apps.tampagov.net/Directory_Lister/FileHandler.ashx?file=GIS%2f1001312.pdf,https://arcgis.tampagov.net/arcgis/rest/services/CapitalProjects/CapitalProjectsBudgetBook/FeatureServer/0,2026-08-28T04:55:51+00:00,2022-04-27T12:26:45+00:00,official_source_observation,no,"Funded status is an administrative source label, not an expenditure amount."
fin-b5679f690dec159e,,,1001935,,capital_estimate_reported,,2023,500000,reported_level,Multiple Funding,,https://apps.tampagov.net/Directory_Lister/FileHandler.ashx?file=GIS%2f1001935.pdf,https://arcgis.tampagov.net/arcgis/rest/services/CapitalProjects/CapitalProjectsBudgetBook/FeatureServer/0,2026-08-28T04:55:51+00:00,2022-09-19T17:29:54+00:00,official_source_observation,no,"Estimated cost is a reported project-level estimate, not spending or a budget amendment."
fin-6312bd77ea0906de,,,1001935,,funded_status_reported,,2023,,not_applicable,Multiple Funding,,https://apps.tampagov.net/Directory_Lister/FileHandler.ashx?file=GIS%2f1001935.pdf,https://arcgis.tampagov.net/arcgis/rest/services/CapitalProjects/CapitalProjectsBudgetBook/FeatureServer/0,2026-08-28T04:55:51+00:00,2022-09-19T17:29:54+00:00,official_source_observation,no,"Funded status is an administrative source label, not an expenditure amount."
fin-c66d8f5368acbc55,tpa-ef5b25d2cd2b58,mp-ba15f7c8558faff7,1001832,,capital_estimate_reported,,2026,292344.18,reported_level,Local Option Gas Tax,,https://www.tampa.gov/project/trans10001,https://arcgis.tampagov.net/arcgis/rest/services/CapitalProjects/CapitalProjectsBudgetBook/FeatureServer/0,2026-08-28T04:55:51+00:00,2022-02-26T21:04:29+00:00,official_source_observation,no,"Estimated cost is a reported project-level estimate, not spending or a budget amendment."
fin-fef10cf3365ce76a,tpa-ef5b25d2cd2b58,mp-ba15f7c8558faff7,1001832,,funded_status_reported,,2026,,not_applicable,Local Option Gas Tax,,https://www.tampa.gov/project/trans10001,https://arcgis.tampagov.net/arcgis/rest/services/CapitalProjects/CapitalProjectsBudgetBook/FeatureServer/0,2026-08-28T04:55:51+00:00,2022-02-26T21:04:29+00:00,official_source_observation,no,"Funded status is an administrative source label, not an expenditure amount."
fin-241fafefa0995fd6,tpa-e3d74ebeda0a07,mp-5832cd9a2ac6514c,1001849,,capital_estimate_reported,,2026,586089.19,reported_level,Transportation Impact Fees,,https://www.tampa.gov/project/trans10022,https://arcgis.tampagov.net/arcgis/rest/services/CapitalProjects/CapitalProjectsBudgetBook/FeatureServer/0,2026-08-28T04:55:51+00:00,2022-02-26T21:04:29+00:00,official_source_observation,no,"Estimated cost is a reported project-level estimate, not spending or a budget amendment."
fin-c1919f68851968fc,tpa-e3d74ebeda0a07,mp-5832cd9a2ac6514c,1001849,,funded_status_reported,,2026,,not_applicable,Transportation Impact Fees,,https://www.tampa.gov/project/trans10022,https://arcgis.tampagov.net/arcgis/rest/services/CapitalProjects/CapitalProjectsBudgetBook/FeatureServer/0,2026-08-28T04:55:51+00:00,2022-02-26T21:04:29+00:00,official_source_observation,no,"Funded status is an administrative source label, not an expenditure amount."
fin-0381815200586d10,tpa-7dac0bb1eab9db,mp-20350cb84db6c46e,1001848,,capital_estimate_reported,,2025,500602.58,reported_level,Transportation Impact Fees,,https://www.tampa.gov/project/trans10023,https://arcgis.tampagov.net/arcgis/rest/services/CapitalProjects/CapitalProjectsBudgetBook/FeatureServer/0,2026-08-28T04:55:51+00:00,2022-07-06T12:19:04+00:00,official_source_observation,no,"Estimated cost is a reported project-level estimate, not spending or a budget amendment."
fin-af016f769ea08cf9,tpa-7dac0bb1eab9db,mp-20350cb84db6c46e,1001848,,funded_status_reported,,2025,,not_applicable,Transportation Impact Fees,,https://www.tampa.gov/project/trans10023,https://arcgis.tampagov.net/arcgis/rest/services/CapitalProjects/CapitalProjectsBudgetBook/FeatureServer/0,2026-08-28T04:55:51+00:00,2022-07-06T12:19:04+00:00,official_source_observation,no,"Funded status is an administrative source label, not an expenditure amount."
fin-78ea9bced596878b,,,1001578,1001578,capital_estimate_reported,,2020,355000,reported_level,Other Agencies,,https://apps.tampagov.net/Directory_Lister/FileHandler.ashx?file=GIS%2f1001578.pdf,https://arcgis.tampagov.net/arcgis/rest/services/CapitalProjects/CapitalProjectsBudgetBook/FeatureServer/0,2026-08-28T04:55:51+00:00,2022-03-21T18:02:30+00:00,official_source_observation,no,"Estimated cost is a reported project-level estimate, not spending or a budget amendment."
fin-c484c9d137b537a2,,,1001578,1001578,funded_status_reported,,2020,,not_applicable,Other Agencies,,https://apps.tampagov.net/Directory_Lister/FileHandler.ashx?file=GIS%2f1001578.pdf,https://arcgis.tampagov.net/arcgis/rest/services/CapitalProjects/CapitalProjectsBudgetBook/FeatureServer/0,2026-08-28T04:55:51+00:00,2022-03-21T18:02:30+00:00,official_source_observation,no,"Funded status is an administrative source label, not an expenditure amount."
fin-d8a52920ba395d6e,,,1000960,20-C-00024,capital_estimate_reported,,2021,5787978.37,reported_level,PIPES,,https://apps.tampagov.net/Directory_Lister/FileHandler.ashx?file=GIS%2f1000960.pdf,https://arcgis.tampagov.net/arcgis/rest/services/CapitalProjects/CapitalProjectsBudgetBook/FeatureServer/0,2026-08-28T04:55:51+00:00,2022-08-10T14:58:45+00:00,official_source_observation,no,"Estimated cost is a reported project-level estimate, not spending or a budget amendment."
fin-c090ea6a51d7243b,,,1000960,20-C-00024,funded_status_reported,,2021,,not_applicable,PIPES,,https://apps.tampagov.net/Directory_Lister/FileHandler.ashx?file=GIS%2f1000960.pdf,https://arcgis.tampagov.net/arcgis/rest/services/CapitalProjects/CapitalProjectsBudgetBook/FeatureServer/0,2026-08-28T04:55:51+00:00,2022-08-10T14:58:45+00:00,official_source_observation,no,"Funded status is an administrative source label, not an expenditure amount."
fin-74889a69601a2843,tpa-d04d7a186f9070,mp-56265785c1518a24,1002178,,capital_estimate_reported,,2027,8000000,reported_level,Stormwater Improvement Fee,,https://www.tampa.gov/project/sw40006,https://arcgis.tampagov.net/arcgis/rest/services/CapitalProjects/CapitalProjectsBudgetBook/FeatureServer/0,2026-08-28T04:55:51+00:00,2022-10-06T18:32:43+00:00,official_source_observation,no,"Estimated cost is a reported project-level estimate, not spending or a budget amendment."
fin-1c127dc6791bf330,tpa-d04d7a186f9070,mp-56265785c1518a24,1002178,,funded_status_reported,,2027,,not_applicable,Stormwater Improvement Fee,,https://www.tampa.gov/project/sw40006,https://arcgis.tampagov.net/arcgis/rest/services/CapitalProjects/CapitalProjectsBudgetBook/FeatureServer/0,2026-08-28T04:55:51+00:00,2022-10-06T18:32:43+00:00,official_source_observation,no,"Funded status is an administrative source label, not an expenditure amount."
fin-5a4e8e80d81795cc,tpa-8b45dcb5c28c83,mp-bf56856019c64435,1002179,,capital_estimate_reported,,2027,92700000,reported_level,Multiple Funding,,https://shstormwater.com/project-information/,https://arcgis.tampagov.net/arcgis/rest/services/CapitalProjects/CapitalProjectsBudgetBook/FeatureServer/0,2026-08-28T04:55:51+00:00,2022-09-01T14:20:27+00:00,official_source_observation,no,"Estimated cost is a reported project-level estimate, not spending or a budget amendment."
fin-bf437fd995814bed,tpa-8b45dcb5c28c83,mp-bf56856019c64435,1002179,,funded_status_reported,,2027,,not_applicable,Multiple Funding,,https://shstormwater.com/project-information/,https://arcgis.tampagov.net/arcgis/rest/services/CapitalProjects/CapitalProjectsBudgetBook/FeatureServer/0,2026-08-28T04:55:51+00:00,2022-09-01T14:20:27+00:00,official_source_observation,no,"Funded status is an administrative source label, not an expenditure amount."
fin-e1fb26ba9014e92a,,,1002128,,funded_status_reported,,,,not_applicable,,,https://apps.tampagov.net/Directory_Lister/FileHandler.ashx?file=GIS%2f1002128.pdf,https://arcgis.tampagov.net/arcgis/rest/services/CapitalProjects/CapitalProjectsBudgetBook/FeatureServer/0,2026-08-28T04:55:51+00:00,2022-02-26T21:04:29+00:00,official_source_observation,no,"Funded status is an administrative source label, not an expenditure amount."
fin-c89a119c7505b1c8,,,1001137,19-C-00052,capital_estimate_reported,,2021,38134770.53,reported_level,Tourist Development Taxes,,https://apps.tampagov.net/Directory_Lister/FileHandler.ashx?file=GIS%2f1001137.pdf,https://arcgis.tampagov.net/arcgis/rest/services/CapitalProjects/CapitalProjectsBudgetBook/FeatureServer/0,2026-08-28T04:55:51+00:00,2022-05-31T13:53:03+00:00,official_source_observation,no,"Estimated cost is a reported project-level estimate, not spending or a budget amendment."
fin-df4e8d1e299c83fd,,,1001137,19-C-00052,funded_status_reported,,2021,,not_applicable,Tourist Development Taxes,,https://apps.tampagov.net/Directory_Lister/FileHandler.ashx?file=GIS%2f1001137.pdf,https://arcgis.tampagov.net/arcgis/rest/services/CapitalProjects/CapitalProjectsBudgetBook/FeatureServer/0,2026-08-28T04:55:51+00:00,2022-05-31T13:53:03+00:00,official_source_observation,no,"Funded status is an administrative source label, not an expenditure amount."
fin-37b2dbb1708df4d0,,,1001874,21-C-00036,funded_status_reported,,2021,,not_applicable,Parking System Revenues,,https://apps.tampagov.net/Directory_Lister/FileHandler.ashx?file=GIS%2f1001874.pdf,https://arcgis.tampagov.net/arcgis/rest/services/CapitalProjects/CapitalProjectsBudgetBook/FeatureServer/0,2026-08-28T04:55:51+00:00,2022-06-27T12:13:32+00:00,official_source_observation,no,"Funded status is an administrative source label, not an expenditure amount."
fin-ac91bf24489dce68,,,1001415,,funded_status_reported,,,,not_applicable,,,https://apps.tampagov.net/Directory_Lister/FileHandler.ashx?file=GIS%2f1001415.pdf,https://arcgis.tampagov.net/arcgis/rest/services/CapitalProjects/CapitalProjectsBudgetBook/FeatureServer/0,2026-08-28T04:55:51+00:00,2022-02-26T21:04:29+00:00,official_source_observation,no,"Funded status is an administrative source label, not an expenditure amount."
fin-5d3689ff6de04c1a,,,1001113,,funded_status_reported,,,,not_applicable,,,https://apps.tampagov.net/Directory_Lister/FileHandler.ashx?file=GIS%2f1001113.pdf,https://arcgis.tampagov.net/arcgis/rest/services/CapitalProjects/CapitalProjectsBudgetBook/FeatureServer/0,2026-08-28T04:55:51+00:00,2022-02-26T21:04:29+00:00,official_source_observation,no,"Funded status is an administrative source label, not an expenditure amount."
fin-30bbd9b6a20cdd5b,,,1001112,21-C-00036,funded_status_reported,,2021,,not_applicable,Parking System Revenues,,https://apps.tampagov.net/Directory_Lister/FileHandler.ashx?file=GIS%2f1001112.pdf,https://arcgis.tampagov.net/arcgis/rest/services/CapitalProjects/CapitalProjectsBudgetBook/FeatureServer/0,2026-08-28T04:55:51+00:00,2022-07-19T12:07:03+00:00,official_source_observation,no,"Funded status is an administrative source label, not an expenditure amount."
fin-bcd773abbf9432bf,,,1001111,21-C-00036,funded_status_reported,,2021,,not_applicable,Parking System Revenues,,https://apps.tampagov.net/Directory_Lister/FileHandler.ashx?file=GIS%2f1001111.pdf,https://arcgis.tampagov.net/arcgis/rest/services/CapitalProjects/CapitalProjectsBudgetBook/FeatureServer/0,2026-08-28T04:55:51+00:00,2022-10-04T12:20:04+00:00,official_source_observation,no,"Funded status is an administrative source label, not an expenditure amount."
fin-2f50ec80e289f1c5,,,1001110,21-C-00036,funded_status_reported,,2021,,not_applicable,Parking System Revenues,,https://apps.tampagov.net/Directory_Lister/FileHandler.ashx?file=GIS%2f1001110.pdf,https://arcgis.tampagov.net/arcgis/rest/services/CapitalProjects/CapitalProjectsBudgetBook/FeatureServer/0,2026-08-28T04:55:51+00:00,2022-06-27T12:11:03+00:00,official_source_observation,no,"Funded status is an administrative source label, not an expenditure amount."
fin-0d0081268ba31ea8,tpa-cde54daf8d60d7,mp-d454a1f29b183480,1001169,,capital_estimate_reported,,2024,500000,reported_level,Stormwater Improvement Fee,,https://apps.tampagov.net/Directory_Lister/FileHandler.ashx?file=GIS%2f1001169.pdf,https://arcgis.tampagov.net/arcgis/rest/services/CapitalProjects/CapitalProjectsBudgetBook/FeatureServer/0,2026-08-28T04:55:51+00:00,2022-10-06T17:24:57+00:00,official_source_observation,no,"Estimated cost is a reported project-level estimate, not spending or a budget amendment."
fin-41475ff215999a73,tpa-cde54daf8d60d7,mp-d454a1f29b183480,1001169,,funded_status_reported,,2024,,not_applicable,Stormwater Improvement Fee,,https://apps.tampagov.net/Directory_Lister/FileHandler.ashx?file=GIS%2f1001169.pdf,https://arcgis.tampagov.net/arcgis/rest/services/CapitalProjects/CapitalProjectsBudgetBook/FeatureServer/0,2026-08-28T04:55:51+00:00,2022-10-06T17:24:57+00:00,official_source_observation,no,"Funded status is an administrative source label, not an expenditure amount."
fin-337f2a5f00c962b7,,,1001170,,funded_status_reported,,,,not_applicable,,,https://apps.tampagov.net/Directory_Lister/FileHandler.ashx?file=GIS%2f1001170.pdf,https://arcgis.tampagov.net/arcgis/rest/services/CapitalProjects/CapitalProjectsBudgetBook/FeatureServer/0,2026-08-28T04:55:51+00:00,2022-02-26T21:04:29+00:00,official_source_observation,no,"Funded status is an administrative source label, not an expenditure amount."
fin-482c20cde44b3556,,,1001172,,funded_status_reported,,,,not_applicable,,,https://apps.tampagov.net/Directory_Lister/FileHandler.ashx?file=GIS%2f1001172.pdf,https://arcgis.tampagov.net/arcgis/rest/services/CapitalProjects/CapitalProjectsBudgetBook/FeatureServer/0,2026-08-28T04:55:51+00:00,2022-02-26T21:04:29+00:00,official_source_observation,no,"Funded status is an administrative source label, not an expenditure amount."
fin-5e2bb52a50ce526b,,,1001066,,funded_status_reported,,,,not_applicable,,,https://apps.tampagov.net/Directory_Lister/FileHandler.ashx?file=GIS%2f1001066.pdf,https://arcgis.tampagov.net/arcgis/rest/services/CapitalProjects/CapitalProjectsBudgetBook/FeatureServer/0,2026-08-28T04:55:51+00:00,2022-02-26T21:04:29+00:00,official_source_observation,no,"Funded status is an administrative source label, not an expenditure amount."
fin-599a19072d32748b,,,1001371,,funded_status_reported,,,,not_applicable,,,https://apps.tampagov.net/Directory_Lister/FileHandler.ashx?file=GIS%2f1001371.pdf,https://arcgis.tampagov.net/arcgis/rest/services/CapitalProjects/CapitalProjectsBudgetBook/FeatureServer/0,2026-08-28T04:55:51+00:00,2022-02-26T21:04:29+00:00,official_source_observation,no,"Funded status is an administrative source label, not an expenditure amount."
fin-e744cc118cf1fcaf,,,1001948,,funded_status_reported,,,,not_applicable,,,https://apps.tampagov.net/Directory_Lister/FileHandler.ashx?file=GIS%2f1001948.pdf,https://arcgis.tampagov.net/arcgis/rest/services/CapitalProjects/CapitalProjectsBudgetBook/FeatureServer/0,2026-08-28T04:55:51+00:00,2022-10-12T13:49:48+00:00,official_source_observation,no,"Funded status is an administrative source label, not an expenditure amount."
fin-cf0b35bf312bf311,,,1001440,,funded_status_reported,,,,not_applicable,,,https://apps.tampagov.net/Directory_Lister/FileHandler.ashx?file=GIS%2f1001440.pdf,https://arcgis.tampagov.net/arcgis/rest/services/CapitalProjects/CapitalProjectsBudgetBook/FeatureServer/0,2026-08-28T04:55:51+00:00,2022-02-26T21:04:29+00:00,official_source_observation,no,"Funded status is an administrative source label, not an expenditure amount."
fin-c53e794d2517ff19,,,1001010,,funded_status_reported,,,,not_applicable,,,https://apps.tampagov.net/Directory_Lister/FileHandler.ashx?file=GIS%2f1001010.pdf,https://arcgis.tampagov.net/arcgis/rest/services/CapitalProjects/CapitalProjectsBudgetBook/FeatureServer/0,2026-08-28T04:55:51+00:00,2022-02-26T21:04:29+00:00,official_source_observation,no,"Funded status is an administrative source label, not an expenditure amount."
fin-ae08b656004adc83,,,1000178,,funded_status_reported,,,,not_applicable,,,https://apps.tampagov.net/Directory_Lister/FileHandler.ashx?file=GIS%2f1000178.pdf,https://arcgis.tampagov.net/arcgis/rest/services/CapitalProjects/CapitalProjectsBudgetBook/FeatureServer/0,2026-08-28T04:55:51+00:00,2022-02-26T21:04:29+00:00,official_source_observation,no,"Funded status is an administrative source label, not an expenditure amount."
fin-3e19cbb7823d5e6f,tpa-42dcf7268b88bc,mp-553fc659c7a3e367,1001370,,funded_status_reported,,2023,,not_applicable,Stormwater Improvement Fee,,https://apps.tampagov.net/Directory_Lister/FileHandler.ashx?file=GIS%2f1001370.pdf,https://arcgis.tampagov.net/arcgis/rest/services/CapitalProjects/CapitalProjectsBudgetBook/FeatureServer/0,2026-08-28T04:55:51+00:00,2022-05-23T17:30:42+00:00,official_source_observation,no,"Funded status is an administrative source label, not an expenditure amount."
fin-6e6f4d2695b5fc97,,,1001437,,funded_status_reported,,,,not_applicable,,,https://apps.tampagov.net/Directory_Lister/FileHandler.ashx?file=GIS%2f1001437.pdf,https://arcgis.tampagov.net/arcgis/rest/services/CapitalProjects/CapitalProjectsBudgetBook/FeatureServer/0,2026-08-28T04:55:51+00:00,2022-02-26T21:04:29+00:00,official_source_observation,no,"Funded status is an administrative source label, not an expenditure amount."
fin-b3d5f524aa253169,,,1001237,21-C-00036,funded_status_reported,,2021,,not_applicable,Parking System Revenues,,https://apps.tampagov.net/Directory_Lister/FileHandler.ashx?file=GIS%2f1001237.pdf,https://arcgis.tampagov.net/arcgis/rest/services/CapitalProjects/CapitalProjectsBudgetBook/FeatureServer/0,2026-08-28T04:55:51+00:00,2022-06-27T12:12:02+00:00,official_source_observation,no,"Funded status is an administrative source label, not an expenditure amount."
fin-3e7b4f9d0c2e5181,,,1001114,,funded_status_reported,,,,not_applicable,,,https://apps.tampagov.net/Directory_Lister/FileHandler.ashx?file=GIS%2f1001114.pdf,https://arcgis.tampagov.net/arcgis/rest/services/CapitalProjects/CapitalProjectsBudgetBook/FeatureServer/0,2026-08-28T04:55:51+00:00,2022-02-26T21:04:29+00:00,official_source_observation,no,"Funded status is an administrative source label, not an expenditure amount."
fin-726867618eaedf60,,,1001582,,funded_status_reported,,,,not_applicable,,,https://apps.tampagov.net/Directory_Lister/FileHandler.ashx?file=GIS%2f1001582.pdf,https://arcgis.tampagov.net/arcgis/rest/services/CapitalProjects/CapitalProjectsBudgetBook/FeatureServer/0,2026-08-28T04:55:51+00:00,2022-02-26T21:04:29+00:00,official_source_observation,no,"Funded status is an administrative source label, not an expenditure amount."
fin-23ced5b63cc279f2,,,1002113,,capital_estimate_reported,,2024,225000,reported_level,Stormwater Improvement Fee,,https://apps.tampagov.net/Directory_Lister/FileHandler.ashx?file=GIS%2f1002113.pdf,https://arcgis.tampagov.net/arcgis/rest/services/CapitalProjects/CapitalProjectsBudgetBook/FeatureServer/0,2026-08-28T04:55:51+00:00,2022-09-22T15:04:48+00:00,official_source_observation,no,"Estimated cost is a reported project-level estimate, not spending or a budget amendment."
fin-88a91a07b1838973,,,1002113,,funded_status_reported,,2024,,not_applicable,Stormwater Improvement Fee,,https://apps.tampagov.net/Directory_Lister/FileHandler.ashx?file=GIS%2f1002113.pdf,https://arcgis.tampagov.net/arcgis/rest/services/CapitalProjects/CapitalProjectsBudgetBook/FeatureServer/0,2026-08-28T04:55:51+00:00,2022-09-22T15:04:48+00:00,official_source_observation,no,"Funded status is an administrative source label, not an expenditure amount."
fin-482d2278df22e036,,,1001167,,funded_status_reported,,,,not_applicable,,,https://apps.tampagov.net/Directory_Lister/FileHandler.ashx?file=GIS%2f1001167.pdf,https://arcgis.tampagov.net/arcgis/rest/services/CapitalProjects/CapitalProjectsBudgetBook/FeatureServer/0,2026-08-28T04:55:51+00:00,2022-02-26T21:04:29+00:00,official_source_observation,no,"Funded status is an administrative source label, not an expenditure amount."
fin-2d07eec3464adec5,,,1001017,,funded_status_reported,,,,not_applicable,,,https://apps.tampagov.net/Directory_Lister/FileHandler.ashx?file=GIS%2f1001017.pdf,https://arcgis.tampagov.net/arcgis/rest/services/CapitalProjects/CapitalProjectsBudgetBook/FeatureServer/0,2026-08-28T04:55:51+00:00,2022-02-26T21:04:29+00:00,official_source_observation,no,"Funded status is an administrative source label, not an expenditure amount."
fin-6276ec103b66e339,,,1001953,,funded_status_reported,,,,not_applicable,,,https://apps.tampagov.net/Directory_Lister/FileHandler.ashx?file=GIS%2f1001953.pdf,https://arcgis.tampagov.net/arcgis/rest/services/CapitalProjects/CapitalProjectsBudgetBook/FeatureServer/0,2026-08-28T04:55:51+00:00,2022-02-26T21:04:29+00:00,official_source_observation,no,"Funded status is an administrative source label, not an expenditure amount."
fin-534df738b0f9ee65,,,1001406,,funded_status_reported,,,,not_applicable,,,https://apps.tampagov.net/Directory_Lister/FileHandler.ashx?file=GIS%2f1001406.pdf,https://arcgis.tampagov.net/arcgis/rest/services/CapitalProjects/CapitalProjectsBudgetBook/FeatureServer/0,2026-08-28T04:55:51+00:00,2022-02-26T21:04:29+00:00,official_source_observation,no,"Funded status is an administrative source label, not an expenditure amount."
fin-7fba72c442dcccc8,,,1001950,,funded_status_reported,,2023,,not_applicable,Stormwater Improvement Fee,,https://apps.tampagov.net/Directory_Lister/FileHandler.ashx?file=GIS%2f1001950.pdf,https://arcgis.tampagov.net/arcgis/rest/services/CapitalProjects/CapitalProjectsBudgetBook/FeatureServer/0,2026-08-28T04:55:51+00:00,2022-02-26T21:04:29+00:00,official_source_observation,no,"Funded status is an administrative source label, not an expenditure amount."
fin-c014f222b4e4d111,,,1001589,,funded_status_reported,,,,not_applicable,,,https://apps.tampagov.net/Directory_Lister/FileHandler.ashx?file=GIS%2f1001589.pdf,https://arcgis.tampagov.net/arcgis/rest/services/CapitalProjects/CapitalProjectsBudgetBook/FeatureServer/0,2026-08-28T04:55:51+00:00,2022-02-26T21:04:29+00:00,official_source_observation,no,"Funded status is an administrative source label, not an expenditure amount."
fin-4e24629d8812251f,,,1001586,,funded_status_reported,,,,not_applicable,,,https://apps.tampagov.net/Directory_Lister/FileHandler.ashx?file=GIS%2f1001586.pdf,https://arcgis.tampagov.net/arcgis/rest/services/CapitalProjects/CapitalProjectsBudgetBook/FeatureServer/0,2026-08-28T04:55:51+00:00,2022-02-26T21:04:29+00:00,official_source_observation,no,"Funded status is an administrative source label, not an expenditure amount."
fin-2ee6f2f0dc24f51b,,,1001428,,funded_status_reported,,,,not_applicable,,,https://apps.tampagov.net/Directory_Lister/FileHandler.ashx?file=GIS%2f1001428.pdf,https://arcgis.tampagov.net/arcgis/rest/services/CapitalProjects/CapitalProjectsBudgetBook/FeatureServer/0,2026-08-28T04:55:51+00:00,2022-02-26T21:04:29+00:00,official_source_observation,no,"Funded status is an administrative source label, not an expenditure amount."
fin-3cc89cc849282c81,,,1001069,,funded_status_reported,,,,not_applicable,,,https://apps.tampagov.net/Directory_Lister/FileHandler.ashx?file=GIS%2f1001069.pdf,https://arcgis.tampagov.net/arcgis/rest/services/CapitalProjects/CapitalProjectsBudgetBook/FeatureServer/0,2026-08-28T04:55:51+00:00,2022-02-26T21:04:29+00:00,official_source_observation,no,"Funded status is an administrative source label, not an expenditure amount."
fin-4caf30d3e785cbd0,tpa-4ada1f6c3013a6,mp-e5d954226eb4cddd,1001597,,capital_estimate_reported,,2023,330000,reported_level,Stormwater Improvement Fee,,https://apps.tampagov.net/Directory_Lister/FileHandler.ashx?file=GIS%2f1001597.pdf,https://arcgis.tampagov.net/arcgis/rest/services/CapitalProjects/CapitalProjectsBudgetBook/FeatureServer/0,2026-08-28T04:55:51+00:00,2022-10-06T18:15:17+00:00,official_source_observation,no,"Estimated cost is a reported project-level estimate, not spending or a budget amendment."
fin-c88b0eadbeed5cb5,tpa-4ada1f6c3013a6,mp-e5d954226eb4cddd,1001597,,funded_status_reported,,2023,,not_applicable,Stormwater Improvement Fee,,https://apps.tampagov.net/Directory_Lister/FileHandler.ashx?file=GIS%2f1001597.pdf,https://arcgis.tampagov.net/arcgis/rest/services/CapitalProjects/CapitalProjectsBudgetBook/FeatureServer/0,2026-08-28T04:55:51+00:00,2022-10-06T18:15:17+00:00,official_source_observation,no,"Funded status is an administrative source label, not an expenditure amount."
fin-3b2fd777e5d70707,,,1000773,,funded_status_reported,,,,not_applicable,,,https://apps.tampagov.net/Directory_Lister/FileHandler.ashx?file=GIS%2f1000773.pdf,https://arcgis.tampagov.net/arcgis/rest/services/CapitalProjects/CapitalProjectsBudgetBook/FeatureServer/0,2026-08-28T04:55:51+00:00,2022-02-26T21:04:29+00:00,official_source_observation,no,"Funded status is an administrative source label, not an expenditure amount."
fin-118b2eddeeb2c40d,,,1000753,,funded_status_reported,,,,not_applicable,,,https://apps.tampagov.net/Directory_Lister/FileHandler.ashx?file=GIS%2f1000753.pdf,https://arcgis.tampagov.net/arcgis/rest/services/CapitalProjects/CapitalProjectsBudgetBook/FeatureServer/0,2026-08-28T04:55:51+00:00,2022-02-26T21:04:29+00:00,official_source_observation,no,"Funded status is an administrative source label, not an expenditure amount."
fin-3907d5a658dbfb47,,,1000386,,funded_status_reported,,,,not_applicable,,,https://apps.tampagov.net/Directory_Lister/FileHandler.ashx?file=GIS%2f1000386.pdf,https://arcgis.tampagov.net/arcgis/rest/services/CapitalProjects/CapitalProjectsBudgetBook/FeatureServer/0,2026-08-28T04:55:51+00:00,2022-02-26T21:04:29+00:00,official_source_observation,no,"Funded status is an administrative source label, not an expenditure amount."
fin-d7c4eaa30fd08eb0,,,1001593,,funded_status_reported,,,,not_applicable,,,https://apps.tampagov.net/Directory_Lister/FileHandler.ashx?file=GIS%2f1001593.pdf,https://arcgis.tampagov.net/arcgis/rest/services/CapitalProjects/CapitalProjectsBudgetBook/FeatureServer/0,2026-08-28T04:55:51+00:00,2022-02-26T21:04:29+00:00,official_source_observation,no,"Funded status is an administrative source label, not an expenditure amount."
fin-8b365cec60785864,,,1000575,,funded_status_reported,,,,not_applicable,,,https://apps.tampagov.net/Directory_Lister/FileHandler.ashx?file=GIS%2f1000575.pdf,https://arcgis.tampagov.net/arcgis/rest/services/CapitalProjects/CapitalProjectsBudgetBook/FeatureServer/0,2026-08-28T04:55:51+00:00,2022-02-26T21:04:29+00:00,official_source_observation,no,"Funded status is an administrative source label, not an expenditure amount."
fin-a889729da1c409ff,tpa-613081471e1d62;tpa-d60b774d24d302,mp-7b479705c969adb9;mp-95d84d187aef7d2f,1001541,,capital_estimate_reported,,2025,1900000,reported_level,Local Option Gas Tax,,https://www.tampa.gov/project/trans201191,https://arcgis.tampagov.net/arcgis/rest/services/CapitalProjects/CapitalProjectsBudgetBook/FeatureServer/0,2026-08-28T04:55:51+00:00,2022-07-06T12:15:43+00:00,official_source_observation,no,"Estimated cost is a reported project-level estimate, not spending or a budget amendment."
fin-216329d60e4abef5,tpa-613081471e1d62;tpa-d60b774d24d302,mp-7b479705c969adb9;mp-95d84d187aef7d2f,1001541,,funded_status_reported,,2025,,not_applicable,Local Option Gas Tax,,https://www.tampa.gov/project/trans201191,https://arcgis.tampagov.net/arcgis/rest/services/CapitalProjects/CapitalProjectsBudgetBook/FeatureServer/0,2026-08-28T04:55:51+00:00,2022-07-06T12:15:43+00:00,official_source_observation,no,"Funded status is an administrative source label, not an expenditure amount."
fin-d5946f8ff9001e95,,,1000749,,funded_status_reported,,2021,,not_applicable,Stormwater Improvement Fee,,https://apps.tampagov.net/Directory_Lister/FileHandler.ashx?file=GIS%2f1000749.pdf,https://arcgis.tampagov.net/arcgis/rest/services/CapitalProjects/CapitalProjectsBudgetBook/FeatureServer/0,2026-08-28T04:55:51+00:00,2022-05-23T18:27:05+00:00,official_source_observation,no,"Funded status is an administrative source label, not an expenditure amount."
fin-244516f485e6ac00,,,1000145,16C28,funded_status_reported,,2019,,not_applicable,Solid Waste System Revenues,,https://apps.tampagov.net/Directory_Lister/FileHandler.ashx?file=GIS%2f1000145.pdf,https://arcgis.tampagov.net/arcgis/rest/services/CapitalProjects/CapitalProjectsBudgetBook/FeatureServer/0,2026-08-28T04:55:51+00:00,2022-02-28T16:22:24+00:00,official_source_observation,no,"Funded status is an administrative source label, not an expenditure amount."
fin-55d6fa9ce6f7bef7,,,1000490,,funded_status_reported,,,,not_applicable,,,https://apps.tampagov.net/Directory_Lister/FileHandler.ashx?file=GIS%2f1000490.pdf,https://arcgis.tampagov.net/arcgis/rest/services/CapitalProjects/CapitalProjectsBudgetBook/FeatureServer/0,2026-08-28T04:55:51+00:00,2022-02-26T21:04:29+00:00,official_source_observation,no,"Funded status is an administrative source label, not an expenditure amount."
fin-dc53ac75a51713e8,,,0000088,,capital_estimate_reported,,2020,3150000,reported_level,Grants,,https://www.tampagov.net/tss-transportation/info/projects/west_shore_gandy,https://arcgis.tampagov.net/arcgis/rest/services/CapitalProjects/CapitalProjectsBudgetBook/FeatureServer/0,2026-08-28T04:55:51+00:00,2022-06-28T17:16:30+00:00,official_source_observation,no,"Estimated cost is a reported project-level estimate, not spending or a budget amendment."
fin-508ccfd761a8e37c,,,0000088,,funded_status_reported,,2020,,not_applicable,Grants,,https://www.tampagov.net/tss-transportation/info/projects/west_shore_gandy,https://arcgis.tampagov.net/arcgis/rest/services/CapitalProjects/CapitalProjectsBudgetBook/FeatureServer/0,2026-08-28T04:55:51+00:00,2022-06-28T17:16:30+00:00,official_source_observation,no,"Funded status is an administrative source label, not an expenditure amount."
fin-1610bcddfddbf29b,tpa-9c191dfc408eda,mp-a581e41a7ced59bb,1001565,20-C-00015,capital_estimate_reported,,2025,6400000,reported_level,PIPES,,https://www.tampa.gov/project/ww1001565,https://arcgis.tampagov.net/arcgis/rest/services/CapitalProjects/CapitalProjectsBudgetBook/FeatureServer/0,2026-08-28T04:55:51+00:00,2022-08-16T14:52:39+00:00,official_source_observation,no,"Estimated cost is a reported project-level estimate, not spending or a budget amendment."
fin-e42d84b73831bd80,tpa-9c191dfc408eda,mp-a581e41a7ced59bb,1001565,20-C-00015,funded_status_reported,,2025,,not_applicable,PIPES,,https://www.tampa.gov/project/ww1001565,https://arcgis.tampagov.net/arcgis/rest/services/CapitalProjects/CapitalProjectsBudgetBook/FeatureServer/0,2026-08-28T04:55:51+00:00,2022-08-16T14:52:39+00:00,official_source_observation,no,"Funded status is an administrative source label, not an expenditure amount."
fin-2407fc7af5de7001,,,0000374,15-C-00044,capital_estimate_reported,,2019,9000000,reported_level,PIPES,,https://apps.tampagov.net/Directory_Lister/FileHandler.ashx?file=GIS%2f0000374.pdf,https://arcgis.tampagov.net/arcgis/rest/services/CapitalProjects/CapitalProjectsBudgetBook/FeatureServer/0,2026-08-28T04:55:51+00:00,2022-02-26T21:04:29+00:00,official_source_observation,no,"Estimated cost is a reported project-level estimate, not spending or a budget amendment."
fin-49d5da8fe9a4c348,,,0000374,15-C-00044,funded_status_reported,,2019,,not_applicable,PIPES,,https://apps.tampagov.net/Directory_Lister/FileHandler.ashx?file=GIS%2f0000374.pdf,https://arcgis.tampagov.net/arcgis/rest/services/CapitalProjects/CapitalProjectsBudgetBook/FeatureServer/0,2026-08-28T04:55:51+00:00,2022-02-26T21:04:29+00:00,official_source_observation,no,"Funded status is an administrative source label, not an expenditure amount."
fin-10216329e4c59a53,,,1000951,18-C-00023,capital_estimate_reported,,2020,200000,reported_level,PIPES,,https://apps.tampagov.net/Directory_Lister/FileHandler.ashx?file=GIS%2f1000951.pdf,https://arcgis.tampagov.net/arcgis/rest/services/CapitalProjects/CapitalProjectsBudgetBook/FeatureServer/0,2026-08-28T04:55:51+00:00,2022-02-26T21:04:29+00:00,official_source_observation,no,"Estimated cost is a reported project-level estimate, not spending or a budget amendment."
fin-2caa2b5e3d1d689a,,,1000951,18-C-00023,funded_status_reported,,2020,,not_applicable,PIPES,,https://apps.tampagov.net/Directory_Lister/FileHandler.ashx?file=GIS%2f1000951.pdf,https://arcgis.tampagov.net/arcgis/rest/services/CapitalProjects/CapitalProjectsBudgetBook/FeatureServer/0,2026-08-28T04:55:51+00:00,2022-02-26T21:04:29+00:00,official_source_observation,no,"Funded status is an administrative source label, not an expenditure amount."
fin-59a8d42adbf61208,,,1000433,16-C-00019,capital_estimate_reported,,2018,1200000,reported_level,PIPES,,https://apps.tampagov.net/Directory_Lister/FileHandler.ashx?file=GIS%2f1000433.pdf,https://arcgis.tampagov.net/arcgis/rest/services/CapitalProjects/CapitalProjectsBudgetBook/FeatureServer/0,2026-08-28T04:55:51+00:00,2022-08-02T17:53:40+00:00,official_source_observation,no,"Estimated cost is a reported project-level estimate, not spending or a budget amendment."
fin-d5a8b77b32bc099c,,,1000433,16-C-00019,funded_status_reported,,2018,,not_applicable,PIPES,,https://apps.tampagov.net/Directory_Lister/FileHandler.ashx?file=GIS%2f1000433.pdf,https://arcgis.tampagov.net/arcgis/rest/services/CapitalProjects/CapitalProjectsBudgetBook/FeatureServer/0,2026-08-28T04:55:51+00:00,2022-08-02T17:53:40+00:00,official_source_observation,no,"Funded status is an administrative source label, not an expenditure amount."
fin-18f4f56b974c5d38,tpa-446b264792bc1b;tpa-634ca4ba0d397a;tpa-ba388df23956a8,mp-d93154563339afcf;mp-f29e75b78f05c142;mp-fc6a9a5f5c9b86a6,1001809,20-C-00014,capital_estimate_reported,,2028,19700000,reported_level,PIPES,,https://www.tampa.gov/project/ww1001809,https://arcgis.tampagov.net/arcgis/rest/services/CapitalProjects/CapitalProjectsBudgetBook/FeatureServer/0,2026-08-28T04:55:51+00:00,2022-02-26T21:04:29+00:00,official_source_observation,no,"Estimated cost is a reported project-level estimate, not spending or a budget amendment."
fin-473d29fb628d22c6,tpa-446b264792bc1b;tpa-634ca4ba0d397a;tpa-ba388df23956a8,mp-d93154563339afcf;mp-f29e75b78f05c142;mp-fc6a9a5f5c9b86a6,1001809,20-C-00014,funded_status_reported,,2028,,not_applicable,PIPES,,https://www.tampa.gov/project/ww1001809,https://arcgis.tampagov.net/arcgis/rest/services/CapitalProjects/CapitalProjectsBudgetBook/FeatureServer/0,2026-08-28T04:55:51+00:00,2022-02-26T21:04:29+00:00,official_source_observation,no,"Funded status is an administrative source label, not an expenditure amount."
fin-c112cc7610034f13,,,1000769,,funded_status_reported,,,,not_applicable,,,https://apps.tampagov.net/Directory_Lister/FileHandler.ashx?file=GIS%2f1000769.pdf,https://arcgis.tampagov.net/arcgis/rest/services/CapitalProjects/CapitalProjectsBudgetBook/FeatureServer/0,2026-08-28T04:55:51+00:00,2022-02-26T21:04:29+00:00,official_source_observation,no,"Funded status is an administrative source label, not an expenditure amount."
fin-1a0a09b5211a04cd,,,0000294,,funded_status_reported,,,,not_applicable,,,https://apps.tampagov.net/Directory_Lister/FileHandler.ashx?file=GIS%2f0000294.pdf,https://arcgis.tampagov.net/arcgis/rest/services/CapitalProjects/CapitalProjectsBudgetBook/FeatureServer/0,2026-08-28T04:55:51+00:00,2022-02-26T21:04:29+00:00,official_source_observation,no,"Funded status is an administrative source label, not an expenditure amount."
fin-650c59fd2cf349ae,tpa-98a17eb54517ba,mp-4ba7bc24f95c8f99,1001674,,capital_estimate_reported,,2027,5400000,reported_level,Multiple Funding,,https://www.tampa.gov/project/trans20135,https://arcgis.tampagov.net/arcgis/rest/services/CapitalProjects/CapitalProjectsBudgetBook/FeatureServer/0,2026-08-28T04:55:51+00:00,2022-07-06T12:18:06+00:00,official_source_observation,no,"Estimated cost is a reported project-level estimate, not spending or a budget amendment."
fin-960aebbd366b277d,tpa-98a17eb54517ba,mp-4ba7bc24f95c8f99,1001674,,funded_status_reported,,2027,,not_applicable,Multiple Funding,,https://www.tampa.gov/project/trans20135,https://arcgis.tampagov.net/arcgis/rest/services/CapitalProjects/CapitalProjectsBudgetBook/FeatureServer/0,2026-08-28T04:55:51+00:00,2022-07-06T12:18:06+00:00,official_source_observation,no,"Funded status is an administrative source label, not an expenditure amount."
fin-c05365027ba0c213,,,1000986,,funded_status_reported,,,,not_applicable,,,https://apps.tampagov.net/Directory_Lister/FileHandler.ashx?file=GIS%2f1000986.pdf,https://arcgis.tampagov.net/arcgis/rest/services/CapitalProjects/CapitalProjectsBudgetBook/FeatureServer/0,2026-08-28T04:55:51+00:00,2022-02-26T21:04:29+00:00,official_source_observation,no,"Funded status is an administrative source label, not an expenditure amount."
fin-81a4cf01439ba228,,,1001933,21-C-00030,capital_estimate_reported,,2023,2571898,reported_level,Tax - Other,,https://apps.tampagov.net/Directory_Lister/FileHandler.ashx?file=GIS%2f1001933.pdf,https://arcgis.tampagov.net/arcgis/rest/services/CapitalProjects/CapitalProjectsBudgetBook/FeatureServer/0,2026-08-28T04:55:51+00:00,2022-02-26T21:04:29+00:00,official_source_observation,no,"Estimated cost is a reported project-level estimate, not spending or a budget amendment."
fin-d06563fede4fd1e2,,,1001933,21-C-00030,funded_status_reported,,2023,,not_applicable,Tax - Other,,https://apps.tampagov.net/Directory_Lister/FileHandler.ashx?file=GIS%2f1001933.pdf,https://arcgis.tampagov.net/arcgis/rest/services/CapitalProjects/CapitalProjectsBudgetBook/FeatureServer/0,2026-08-28T04:55:51+00:00,2022-02-26T21:04:29+00:00,official_source_observation,no,"Funded status is an administrative source label, not an expenditure amount."
fin-b9c258f1ece3e3dd,,,1000978,,funded_status_reported,,,,not_applicable,,,https://apps.tampagov.net/Directory_Lister/FileHandler.ashx?file=GIS%2f1000978.pdf,https://arcgis.tampagov.net/arcgis/rest/services/CapitalProjects/CapitalProjectsBudgetBook/FeatureServer/0,2026-08-28T04:55:51+00:00,2022-02-26T21:04:29+00:00,official_source_observation,no,"Funded status is an administrative source label, not an expenditure amount."
fin-f6c22a34bc3772f1,,,1001831,,funded_status_reported,,,,not_applicable,,,https://apps.tampagov.net/Directory_Lister/FileHandler.ashx?file=GIS%2f1001831.pdf,https://arcgis.tampagov.net/arcgis/rest/services/CapitalProjects/CapitalProjectsBudgetBook/FeatureServer/0,2026-08-28T04:55:51+00:00,2022-02-26T21:04:29+00:00,official_source_observation,no,"Funded status is an administrative source label, not an expenditure amount."
fin-ab7584bb66a8e6b2,,,1001542,,funded_status_reported,,2023,,not_applicable,Local Option Gas Tax,,https://apps.tampagov.net/Directory_Lister/FileHandler.ashx?file=GIS%2f1001542.pdf,https://arcgis.tampagov.net/arcgis/rest/services/CapitalProjects/CapitalProjectsBudgetBook/FeatureServer/0,2026-08-28T04:55:51+00:00,2022-06-22T18:28:10+00:00,official_source_observation,no,"Funded status is an administrative source label, not an expenditure amount."
fin-3c1c56515c0d077c,,,1001600,,funded_status_reported,,,,not_applicable,,,https://apps.tampagov.net/Directory_Lister/FileHandler.ashx?file=GIS%2f1001600.pdf,https://arcgis.tampagov.net/arcgis/rest/services/CapitalProjects/CapitalProjectsBudgetBook/FeatureServer/0,2026-08-28T04:55:51+00:00,2022-02-26T21:04:29+00:00,official_source_observation,no,"Funded status is an administrative source label, not an expenditure amount."
fin-b03ec04aeff712f0,,,1001984,19-C-00052,capital_estimate_reported,,2021,3983058,reported_level,Tourist Development Taxes,,https://apps.tampagov.net/Directory_Lister/FileHandler.ashx?file=GIS%2f1001984.pdf,https://arcgis.tampagov.net/arcgis/rest/services/CapitalProjects/CapitalProjectsBudgetBook/FeatureServer/0,2026-08-28T04:55:51+00:00,2022-02-26T21:04:29+00:00,official_source_observation,no,"Estimated cost is a reported project-level estimate, not spending or a budget amendment."
fin-9b836f1c03334020,,,1001984,19-C-00052,funded_status_reported,,2021,,not_applicable,Tourist Development Taxes,,https://apps.tampagov.net/Directory_Lister/FileHandler.ashx?file=GIS%2f1001984.pdf,https://arcgis.tampagov.net/arcgis/rest/services/CapitalProjects/CapitalProjectsBudgetBook/FeatureServer/0,2026-08-28T04:55:51+00:00,2022-02-26T21:04:29+00:00,official_source_observation,no,"Funded status is an administrative source label, not an expenditure amount."
fin-3246f710644f500c,,,1001512,,funded_status_reported,,,,not_applicable,,,https://apps.tampagov.net/Directory_Lister/FileHandler.ashx?file=GIS%2f1001512.pdf,https://arcgis.tampagov.net/arcgis/rest/services/CapitalProjects/CapitalProjectsBudgetBook/FeatureServer/0,2026-08-28T04:55:51+00:00,2022-02-26T21:04:29+00:00,official_source_observation,no,"Funded status is an administrative source label, not an expenditure amount."
fin-86fab99ede646b85,,,1000770,,funded_status_reported,,,,not_applicable,,,https://apps.tampagov.net/Directory_Lister/FileHandler.ashx?file=GIS%2f1000770.pdf,https://arcgis.tampagov.net/arcgis/rest/services/CapitalProjects/CapitalProjectsBudgetBook/FeatureServer/0,2026-08-28T04:55:51+00:00,2022-02-26T21:04:29+00:00,official_source_observation,no,"Funded status is an administrative source label, not an expenditure amount."
fin-34e964bc9c0695c9,,,1000577,,funded_status_reported,,,,not_applicable,,,https://apps.tampagov.net/Directory_Lister/FileHandler.ashx?file=GIS%2f1000577.pdf,https://arcgis.tampagov.net/arcgis/rest/services/CapitalProjects/CapitalProjectsBudgetBook/FeatureServer/0,2026-08-28T04:55:51+00:00,2022-02-26T21:04:29+00:00,official_source_observation,no,"Funded status is an administrative source label, not an expenditure amount."
fin-042813cbf16bf279,,,0000082,,funded_status_reported,,,,not_applicable,,,https://apps.tampagov.net/Directory_Lister/FileHandler.ashx?file=GIS%2f0000082.pdf,https://arcgis.tampagov.net/arcgis/rest/services/CapitalProjects/CapitalProjectsBudgetBook/FeatureServer/0,2026-08-28T04:55:51+00:00,2022-02-26T21:04:29+00:00,official_source_observation,no,"Funded status is an administrative source label, not an expenditure amount."
fin-72188809e1a2ae59,,,1000979,,funded_status_reported,,,,not_applicable,,,https://apps.tampagov.net/Directory_Lister/FileHandler.ashx?file=GIS%2f1000979.pdf,https://arcgis.tampagov.net/arcgis/rest/services/CapitalProjects/CapitalProjectsBudgetBook/FeatureServer/0,2026-08-28T04:55:51+00:00,2022-02-26T21:04:29+00:00,official_source_observation,no,"Funded status is an administrative source label, not an expenditure amount."
fin-7d9cee0850567e99,,,1000948,,funded_status_reported,,,,not_applicable,,,https://apps.tampagov.net/Directory_Lister/FileHandler.ashx?file=GIS%2f1000948.pdf,https://arcgis.tampagov.net/arcgis/rest/services/CapitalProjects/CapitalProjectsBudgetBook/FeatureServer/0,2026-08-28T04:55:51+00:00,2022-02-26T21:04:29+00:00,official_source_observation,no,"Funded status is an administrative source label, not an expenditure amount."
fin-128b9f90e28d3e04,,,1000931,,funded_status_reported,,,,not_applicable,,,https://apps.tampagov.net/Directory_Lister/FileHandler.ashx?file=GIS%2f1000931.pdf,https://arcgis.tampagov.net/arcgis/rest/services/CapitalProjects/CapitalProjectsBudgetBook/FeatureServer/0,2026-08-28T04:55:51+00:00,2022-02-26T21:04:29+00:00,official_source_observation,no,"Funded status is an administrative source label, not an expenditure amount."
fin-932b6d6d3d19d375,,,0000289,,funded_status_reported,,,,not_applicable,,,https://apps.tampagov.net/Directory_Lister/FileHandler.ashx?file=GIS%2f0000289.pdf,https://arcgis.tampagov.net/arcgis/rest/services/CapitalProjects/CapitalProjectsBudgetBook/FeatureServer/0,2026-08-28T04:55:51+00:00,2022-02-26T21:04:29+00:00,official_source_observation,no,"Funded status is an administrative source label, not an expenditure amount."
fin-269b8bdde12d7cd6,,,1000260,,funded_status_reported,,,,not_applicable,,,https://apps.tampagov.net/Directory_Lister/FileHandler.ashx?file=GIS%2f1000260.pdf,https://arcgis.tampagov.net/arcgis/rest/services/CapitalProjects/CapitalProjectsBudgetBook/FeatureServer/0,2026-08-28T04:55:51+00:00,2022-02-26T21:04:29+00:00,official_source_observation,no,"Funded status is an administrative source label, not an expenditure amount."
fin-d7397a9a32771bc1,tpa-fcd1f5f70bf6dd,mp-1b6b7b76f7e85cf5,1001842,21-C-00024,capital_estimate_reported,,2021,5377251.80,reported_level,PIPES,,https://apps.tampagov.net/Directory_Lister/FileHandler.ashx?file=GIS%2f1001842.pdf,https://arcgis.tampagov.net/arcgis/rest/services/CapitalProjects/CapitalProjectsBudgetBook/FeatureServer/0,2026-08-28T04:55:51+00:00,2022-02-26T21:04:29+00:00,official_source_observation,no,"Estimated cost is a reported project-level estimate, not spending or a budget amendment."
fin-664a2d8082a04b56,tpa-fcd1f5f70bf6dd,mp-1b6b7b76f7e85cf5,1001842,21-C-00024,funded_status_reported,,2021,,not_applicable,PIPES,,https://apps.tampagov.net/Directory_Lister/FileHandler.ashx?file=GIS%2f1001842.pdf,https://arcgis.tampagov.net/arcgis/rest/services/CapitalProjects/CapitalProjectsBudgetBook/FeatureServer/0,2026-08-28T04:55:51+00:00,2022-02-26T21:04:29+00:00,official_source_observation,no,"Funded status is an administrative source label, not an expenditure amount."
fin-1adf0e938c7f1daa,,,1000719,,funded_status_reported,,,,not_applicable,,,https://apps.tampagov.net/Directory_Lister/FileHandler.ashx?file=GIS%2f1000719.pdf,https://arcgis.tampagov.net/arcgis/rest/services/CapitalProjects/CapitalProjectsBudgetBook/FeatureServer/0,2026-08-28T04:55:51+00:00,2022-02-26T21:04:29+00:00,official_source_observation,no,"Funded status is an administrative source label, not an expenditure amount."
fin-04e91e4c9ddac7ca,,,1000498,,funded_status_reported,,,,not_applicable,,,https://apps.tampagov.net/Directory_Lister/FileHandler.ashx?file=GIS%2f1000498.pdf,https://arcgis.tampagov.net/arcgis/rest/services/CapitalProjects/CapitalProjectsBudgetBook/FeatureServer/0,2026-08-28T04:55:51+00:00,2022-02-26T21:04:29+00:00,official_source_observation,no,"Funded status is an administrative source label, not an expenditure amount."
fin-ba7aab3e1d00fd9f,,,1001400,21-C-00045,capital_estimate_reported,,,106799549,reported_level,,,https://apps.tampagov.net/Directory_Lister/FileHandler.ashx?file=GIS%2f1001400.pdf,https://arcgis.tampagov.net/arcgis/rest/services/CapitalProjects/CapitalProjectsBudgetBook/FeatureServer/0,2026-08-28T04:55:51+00:00,2022-02-26T21:04:29+00:00,official_source_observation,no,"Estimated cost is a reported project-level estimate, not spending or a budget amendment."
fin-0c4a62ef180dcf3a,,,1001400,21-C-00045,funded_status_reported,,,,not_applicable,,,https://apps.tampagov.net/Directory_Lister/FileHandler.ashx?file=GIS%2f1001400.pdf,https://arcgis.tampagov.net/arcgis/rest/services/CapitalProjects/CapitalProjectsBudgetBook/FeatureServer/0,2026-08-28T04:55:51+00:00,2022-02-26T21:04:29+00:00,official_source_observation,no,"Funded status is an administrative source label, not an expenditure amount."
fin-497f0ca20c0156a2,,,1002058,,funded_status_reported,,,,not_applicable,,,https://apps.tampagov.net/Directory_Lister/FileHandler.ashx?file=GIS%2f1002058.pdf,https://arcgis.tampagov.net/arcgis/rest/services/CapitalProjects/CapitalProjectsBudgetBook/FeatureServer/0,2026-08-28T04:55:51+00:00,2022-08-16T15:11:53+00:00,official_source_observation,no,"Funded status is an administrative source label, not an expenditure amount."
fin-efed0f3faa8303c9,tpa-287723afdc6d7a,mp-6830ae56975ff4bc,1002445,24-D-00003,capital_estimate_reported,,2027,6300000,reported_level,Multiple Funding,,https://www.tampa.gov/project/trans20091,https://arcgis.tampagov.net/arcgis/rest/services/CapitalProjects/CapitalProjectsBudgetBook/FeatureServer/0,2026-08-28T04:55:51+00:00,2022-07-06T12:17:49+00:00,official_source_observation,no,"Estimated cost is a reported project-level estimate, not spending or a budget amendment."
fin-b2d5527789d7ad80,tpa-287723afdc6d7a,mp-6830ae56975ff4bc,1002445,24-D-00003,funded_status_reported,,2027,,not_applicable,Multiple Funding,,https://www.tampa.gov/project/trans20091,https://arcgis.tampagov.net/arcgis/rest/services/CapitalProjects/CapitalProjectsBudgetBook/FeatureServer/0,2026-08-28T04:55:51+00:00,2022-07-06T12:17:49+00:00,official_source_observation,no,"Funded status is an administrative source label, not an expenditure amount."
fin-c3127695118e8fa3,,,1001134,,capital_estimate_reported,,2019,370000,reported_level,Local Option Gas Tax,,https://apps.tampagov.net/Directory_Lister/FileHandler.ashx?file=GIS%2f1001134.pdf,https://arcgis.tampagov.net/arcgis/rest/services/CapitalProjects/CapitalProjectsBudgetBook/FeatureServer/0,2026-08-28T04:55:51+00:00,2022-09-22T11:36:16+00:00,official_source_observation,no,"Estimated cost is a reported project-level estimate, not spending or a budget amendment."
fin-f3275ea79b940efc,,,1001134,,funded_status_reported,,2019,,not_applicable,Local Option Gas Tax,,https://apps.tampagov.net/Directory_Lister/FileHandler.ashx?file=GIS%2f1001134.pdf,https://arcgis.tampagov.net/arcgis/rest/services/CapitalProjects/CapitalProjectsBudgetBook/FeatureServer/0,2026-08-28T04:55:51+00:00,2022-09-22T11:36:16+00:00,official_source_observation,no,"Funded status is an administrative source label, not an expenditure amount."
fin-74077abbfb023794,,,1001546,,funded_status_reported,,2021,,not_applicable,Local Option Gas Tax,,https://www.tampa.gov/mobility/transportation/projects/ridgewood-park-resurfacing,https://arcgis.tampagov.net/arcgis/rest/services/CapitalProjects/CapitalProjectsBudgetBook/FeatureServer/0,2026-08-28T04:55:51+00:00,2022-02-26T21:04:29+00:00,official_source_observation,no,"Funded status is an administrative source label, not an expenditure amount."
fin-a18185c450749bf7,,,1002141,,funded_status_reported,,,,not_applicable,,,https://apps.tampagov.net/Directory_Lister/FileHandler.ashx?file=GIS%2f1002141.pdf,https://arcgis.tampagov.net/arcgis/rest/services/CapitalProjects/CapitalProjectsBudgetBook/FeatureServer/0,2026-08-28T04:55:51+00:00,2022-02-26T21:04:29+00:00,official_source_observation,no,"Funded status is an administrative source label, not an expenditure amount."
fin-67be31057192bf0b,,,1002143,,funded_status_reported,,,,not_applicable,,,https://apps.tampagov.net/Directory_Lister/FileHandler.ashx?file=GIS%2f1002143.pdf,https://arcgis.tampagov.net/arcgis/rest/services/CapitalProjects/CapitalProjectsBudgetBook/FeatureServer/0,2026-08-28T04:55:51+00:00,2022-02-26T21:04:29+00:00,official_source_observation,no,"Funded status is an administrative source label, not an expenditure amount."
fin-93b3894c178fb8c2,,,1001545,,funded_status_reported,,,,not_applicable,,,https://apps.tampagov.net/Directory_Lister/FileHandler.ashx?file=GIS%2f1001545.pdf,https://arcgis.tampagov.net/arcgis/rest/services/CapitalProjects/CapitalProjectsBudgetBook/FeatureServer/0,2026-08-28T04:55:51+00:00,2022-02-26T21:04:29+00:00,official_source_observation,no,"Funded status is an administrative source label, not an expenditure amount."
fin-f826ac54844d9f0e,,,1002158,,capital_estimate_reported,,2022,150000,reported_level,Community Investment Taxes,,https://apps.tampagov.net/Directory_Lister/FileHandler.ashx?file=GIS%2f1002158.pdf,https://arcgis.tampagov.net/arcgis/rest/services/CapitalProjects/CapitalProjectsBudgetBook/FeatureServer/0,2026-08-28T04:55:51+00:00,2022-08-31T14:26:51+00:00,official_source_observation,no,"Estimated cost is a reported project-level estimate, not spending or a budget amendment."
fin-c5ccb3a9d1c57bd1,,,1002158,,funded_status_reported,,2022,,not_applicable,Community Investment Taxes,,https://apps.tampagov.net/Directory_Lister/FileHandler.ashx?file=GIS%2f1002158.pdf,https://arcgis.tampagov.net/arcgis/rest/services/CapitalProjects/CapitalProjectsBudgetBook/FeatureServer/0,2026-08-28T04:55:51+00:00,2022-08-31T14:26:51+00:00,official_source_observation,no,"Funded status is an administrative source label, not an expenditure amount."
fin-7b1a3a5b160e0977,,,1001235,,funded_status_reported,,,,not_applicable,,,https://apps.tampagov.net/Directory_Lister/FileHandler.ashx?file=GIS%2f1001235.pdf,https://arcgis.tampagov.net/arcgis/rest/services/CapitalProjects/CapitalProjectsBudgetBook/FeatureServer/0,2026-08-28T04:55:51+00:00,2022-02-26T21:04:29+00:00,official_source_observation,no,"Funded status is an administrative source label, not an expenditure amount."
fin-e5dcea23dd53cafd,,,1001234,,funded_status_reported,,,,not_applicable,,,https://apps.tampagov.net/Directory_Lister/FileHandler.ashx?file=GIS%2f1001234.pdf,https://arcgis.tampagov.net/arcgis/rest/services/CapitalProjects/CapitalProjectsBudgetBook/FeatureServer/0,2026-08-28T04:55:51+00:00,2022-02-26T21:04:29+00:00,official_source_observation,no,"Funded status is an administrative source label, not an expenditure amount."
fin-54ec22ce4608009b,,,1000971,,funded_status_reported,,,,not_applicable,,,https://apps.tampagov.net/Directory_Lister/FileHandler.ashx?file=GIS%2f1000971.pdf,https://arcgis.tampagov.net/arcgis/rest/services/CapitalProjects/CapitalProjectsBudgetBook/FeatureServer/0,2026-08-28T04:55:51+00:00,2022-02-26T21:04:29+00:00,official_source_observation,no,"Funded status is an administrative source label, not an expenditure amount."
fin-7725d1c25bb0ca1c,,,1000970,,funded_status_reported,,,,not_applicable,,,https://apps.tampagov.net/Directory_Lister/FileHandler.ashx?file=GIS%2f1000970.pdf,https://arcgis.tampagov.net/arcgis/rest/services/CapitalProjects/CapitalProjectsBudgetBook/FeatureServer/0,2026-08-28T04:55:51+00:00,2022-02-26T21:04:29+00:00,official_source_observation,no,"Funded status is an administrative source label, not an expenditure amount."
fin-16e2fdd6340c1b13,,,1000969,,funded_status_reported,,,,not_applicable,,,https://apps.tampagov.net/Directory_Lister/FileHandler.ashx?file=GIS%2f1000969.pdf,https://arcgis.tampagov.net/arcgis/rest/services/CapitalProjects/CapitalProjectsBudgetBook/FeatureServer/0,2026-08-28T04:55:51+00:00,2022-02-26T21:04:29+00:00,official_source_observation,no,"Funded status is an administrative source label, not an expenditure amount."
fin-c6027162843e4100,tpa-d2e578d5a8c434,mp-ae32b0e9efba3deb,1001618,22-D-13502,capital_estimate_reported,,2025,500000,reported_level,Community Investment Taxes,,https://apps.tampagov.net/Directory_Lister/FileHandler.ashx?file=GIS%2f1001618.pdf,https://arcgis.tampagov.net/arcgis/rest/services/CapitalProjects/CapitalProjectsBudgetBook/FeatureServer/0,2026-08-28T04:55:51+00:00,2022-08-31T14:23:30+00:00,official_source_observation,no,"Estimated cost is a reported project-level estimate, not spending or a budget amendment."
fin-d64785c85e9f0487,tpa-d2e578d5a8c434,mp-ae32b0e9efba3deb,1001618,22-D-13502,funded_status_reported,,2025,,not_applicable,Community Investment Taxes,,https://apps.tampagov.net/Directory_Lister/FileHandler.ashx?file=GIS%2f1001618.pdf,https://arcgis.tampagov.net/arcgis/rest/services/CapitalProjects/CapitalProjectsBudgetBook/FeatureServer/0,2026-08-28T04:55:51+00:00,2022-08-31T14:23:30+00:00,official_source_observation,no,"Funded status is an administrative source label, not an expenditure amount."
fin-8b325b5ac2d8a7a1,,,1001739,,funded_status_reported,,,,not_applicable,,,https://apps.tampagov.net/Directory_Lister/FileHandler.ashx?file=GIS%2f1001739.pdf,https://arcgis.tampagov.net/arcgis/rest/services/CapitalProjects/CapitalProjectsBudgetBook/FeatureServer/0,2026-08-28T04:55:51+00:00,2022-02-26T21:04:29+00:00,official_source_observation,no,"Funded status is an administrative source label, not an expenditure amount."
fin-e63182a67d1c2001,,,1001598,,funded_status_reported,,,,not_applicable,,,https://apps.tampagov.net/Directory_Lister/FileHandler.ashx?file=GIS%2f1001598.pdf,https://arcgis.tampagov.net/arcgis/rest/services/CapitalProjects/CapitalProjectsBudgetBook/FeatureServer/0,2026-08-28T04:55:51+00:00,2022-02-26T21:04:29+00:00,official_source_observation,no,"Funded status is an administrative source label, not an expenditure amount."
fin-2bc6a43a5daeef8e,,,1001938,21C06,capital_estimate_reported,,2022,1673000,reported_level,American Rescue Plan Act,,https://apps.tampagov.net/Directory_Lister/FileHandler.ashx?file=GIS%2f1001938.pdf,https://arcgis.tampagov.net/arcgis/rest/services/CapitalProjects/CapitalProjectsBudgetBook/FeatureServer/0,2026-08-28T04:55:51+00:00,2022-10-04T12:23:11+00:00,official_source_observation,no,"Estimated cost is a reported project-level estimate, not spending or a budget amendment."
fin-f555a38cd611c2b7,,,1001938,21C06,funded_status_reported,,2022,,not_applicable,American Rescue Plan Act,,https://apps.tampagov.net/Directory_Lister/FileHandler.ashx?file=GIS%2f1001938.pdf,https://arcgis.tampagov.net/arcgis/rest/services/CapitalProjects/CapitalProjectsBudgetBook/FeatureServer/0,2026-08-28T04:55:51+00:00,2022-10-04T12:23:11+00:00,official_source_observation,no,"Funded status is an administrative source label, not an expenditure amount."
fin-eade1acee3aff19b,tpa-8401b9481d33dc,mp-78db75e110922b51,1001937,22-C-00028,capital_estimate_reported,,2024,34686537,reported_level,Multiple Funding,,https://www.tampa.gov/project/pr-22022,https://arcgis.tampagov.net/arcgis/rest/services/CapitalProjects/CapitalProjectsBudgetBook/FeatureServer/0,2026-08-28T04:55:51+00:00,2022-08-31T13:54:46+00:00,official_source_observation,no,"Estimated cost is a reported project-level estimate, not spending or a budget amendment."
fin-2c364d8ed1d56407,tpa-8401b9481d33dc,mp-78db75e110922b51,1001937,22-C-00028,funded_status_reported,,2024,,not_applicable,Multiple Funding,,https://www.tampa.gov/project/pr-22022,https://arcgis.tampagov.net/arcgis/rest/services/CapitalProjects/CapitalProjectsBudgetBook/FeatureServer/0,2026-08-28T04:55:51+00:00,2022-08-31T13:54:46+00:00,official_source_observation,no,"Funded status is an administrative source label, not an expenditure amount."
fin-27c9acf6832d4010,,,1001132,,funded_status_reported,,,,not_applicable,,,https://apps.tampagov.net/Directory_Lister/FileHandler.ashx?file=GIS%2f1001132.pdf,https://arcgis.tampagov.net/arcgis/rest/services/CapitalProjects/CapitalProjectsBudgetBook/FeatureServer/0,2026-08-28T04:55:51+00:00,2022-02-26T21:04:29+00:00,official_source_observation,no,"Funded status is an administrative source label, not an expenditure amount."
fin-9da12c6d134ad14e,tpa-6ee9a2e188bdf2,mp-5b3236551618ebf4,1001936,22-C-00010,capital_estimate_reported,,2025,1100000,reported_level,Community Investment Taxes,,https://apps.tampagov.net/Directory_Lister/FileHandler.ashx?file=GIS%2f1001936.pdf,https://arcgis.tampagov.net/arcgis/rest/services/CapitalProjects/CapitalProjectsBudgetBook/FeatureServer/0,2026-08-28T04:55:51+00:00,2022-08-31T15:02:03+00:00,official_source_observation,no,"Estimated cost is a reported project-level estimate, not spending or a budget amendment."
fin-fff1b08bee89451a,tpa-6ee9a2e188bdf2,mp-5b3236551618ebf4,1001936,22-C-00010,funded_status_reported,,2025,,not_applicable,Community Investment Taxes,,https://apps.tampagov.net/Directory_Lister/FileHandler.ashx?file=GIS%2f1001936.pdf,https://arcgis.tampagov.net/arcgis/rest/services/CapitalProjects/CapitalProjectsBudgetBook/FeatureServer/0,2026-08-28T04:55:51+00:00,2022-08-31T15:02:03+00:00,official_source_observation,no,"Funded status is an administrative source label, not an expenditure amount."
fin-22caf51c3ecc2e9b,,,1001355,,funded_status_reported,,,,not_applicable,,,https://apps.tampagov.net/Directory_Lister/FileHandler.ashx?file=GIS%2f1001355.pdf,https://arcgis.tampagov.net/arcgis/rest/services/CapitalProjects/CapitalProjectsBudgetBook/FeatureServer/0,2026-08-28T04:55:51+00:00,2022-02-26T21:04:29+00:00,official_source_observation,no,"Funded status is an administrative source label, not an expenditure amount."
fin-c8aacdbd371e9234,,,1001418,,funded_status_reported,,,,not_applicable,Community Investment Taxes,,https://apps.tampagov.net/Directory_Lister/FileHandler.ashx?file=GIS%2f1001418.pdf,https://arcgis.tampagov.net/arcgis/rest/services/CapitalProjects/CapitalProjectsBudgetBook/FeatureServer/0,2026-08-28T04:55:51+00:00,2022-06-14T19:27:00+00:00,official_source_observation,no,"Funded status is an administrative source label, not an expenditure amount."
fin-bb76ac185e5f4725,,,1001417,,funded_status_reported,,2022,,not_applicable,,,https://apps.tampagov.net/Directory_Lister/FileHandler.ashx?file=GIS%2f1001417.pdf,https://arcgis.tampagov.net/arcgis/rest/services/CapitalProjects/CapitalProjectsBudgetBook/FeatureServer/0,2026-08-28T04:55:51+00:00,2022-08-29T12:23:19+00:00,official_source_observation,no,"Funded status is an administrative source label, not an expenditure amount."
fin-3fc23fa7317edcc2,,,1001131,,funded_status_reported,,2019,,not_applicable,,,https://apps.tampagov.net/Directory_Lister/FileHandler.ashx?file=GIS%2f1001131.pdf,https://arcgis.tampagov.net/arcgis/rest/services/CapitalProjects/CapitalProjectsBudgetBook/FeatureServer/0,2026-08-28T04:55:51+00:00,2022-03-25T16:10:49+00:00,official_source_observation,no,"Funded status is an administrative source label, not an expenditure amount."
fin-b2b302cea3b16371,,,1000786,19C20,capital_estimate_reported,,2023,4312221,reported_level,Multiple Funding,,https://apps.tampagov.net/Directory_Lister/FileHandler.ashx?file=GIS%2f1000786.pdf,https://arcgis.tampagov.net/arcgis/rest/services/CapitalProjects/CapitalProjectsBudgetBook/FeatureServer/0,2026-08-28T04:55:51+00:00,2022-09-20T15:39:11+00:00,official_source_observation,no,"Estimated cost is a reported project-level estimate, not spending or a budget amendment."
fin-9c14c5ef0b5acf44,,,1000786,19C20,funded_status_reported,,2023,,not_applicable,Multiple Funding,,https://apps.tampagov.net/Directory_Lister/FileHandler.ashx?file=GIS%2f1000786.pdf,https://arcgis.tampagov.net/arcgis/rest/services/CapitalProjects/CapitalProjectsBudgetBook/FeatureServer/0,2026-08-28T04:55:51+00:00,2022-09-20T15:39:11+00:00,official_source_observation,no,"Funded status is an administrative source label, not an expenditure amount."
fin-0fcb684d07952e53,,,1000147,,funded_status_reported,,,,not_applicable,,,https://apps.tampagov.net/Directory_Lister/FileHandler.ashx?file=GIS%2f1000147.pdf,https://arcgis.tampagov.net/arcgis/rest/services/CapitalProjects/CapitalProjectsBudgetBook/FeatureServer/0,2026-08-28T04:55:51+00:00,2022-02-26T21:04:29+00:00,official_source_observation,no,"Funded status is an administrative source label, not an expenditure amount."
fin-40bae167246c9fd7,,,1001354,,funded_status_reported,,,,not_applicable,,,https://apps.tampagov.net/Directory_Lister/FileHandler.ashx?file=GIS%2f1001354.pdf,https://arcgis.tampagov.net/arcgis/rest/services/CapitalProjects/CapitalProjectsBudgetBook/FeatureServer/0,2026-08-28T04:55:51+00:00,2022-02-26T21:04:29+00:00,official_source_observation,no,"Funded status is an administrative source label, not an expenditure amount."
fin-04f479c29b3ba338,,,1001685,,funded_status_reported,,,,not_applicable,,,https://apps.tampagov.net/Directory_Lister/FileHandler.ashx?file=GIS%2f1001685.pdf,https://arcgis.tampagov.net/arcgis/rest/services/CapitalProjects/CapitalProjectsBudgetBook/FeatureServer/0,2026-08-28T04:55:51+00:00,2022-02-26T21:04:29+00:00,official_source_observation,no,"Funded status is an administrative source label, not an expenditure amount."
fin-1f9df8c64ef1879e,,,1001681,,funded_status_reported,,,,not_applicable,,,https://apps.tampagov.net/Directory_Lister/FileHandler.ashx?file=GIS%2f1001681.pdf,https://arcgis.tampagov.net/arcgis/rest/services/CapitalProjects/CapitalProjectsBudgetBook/FeatureServer/0,2026-08-28T04:55:51+00:00,2022-02-26T21:04:29+00:00,official_source_observation,no,"Funded status is an administrative source label, not an expenditure amount."
fin-431e131a3e03f378,,,1001683,,funded_status_reported,,,,not_applicable,,,https://apps.tampagov.net/Directory_Lister/FileHandler.ashx?file=GIS%2f1001683.pdf,https://arcgis.tampagov.net/arcgis/rest/services/CapitalProjects/CapitalProjectsBudgetBook/FeatureServer/0,2026-08-28T04:55:51+00:00,2022-02-26T21:04:29+00:00,official_source_observation,no,"Funded status is an administrative source label, not an expenditure amount."
fin-38f2c08e5f0a321d,,,1001548,,funded_status_reported,,2021,,not_applicable,Other Agencies,,https://apps.tampagov.net/Directory_Lister/FileHandler.ashx?file=GIS%2f1001548.pdf,https://arcgis.tampagov.net/arcgis/rest/services/CapitalProjects/CapitalProjectsBudgetBook/FeatureServer/0,2026-08-28T04:55:51+00:00,2022-02-26T21:04:29+00:00,official_source_observation,no,"Funded status is an administrative source label, not an expenditure amount."
fin-48929d2166c0f2fc,,,1001830,,funded_status_reported,,,,not_applicable,,,https://apps.tampagov.net/Directory_Lister/FileHandler.ashx?file=GIS%2f1001830.pdf,https://arcgis.tampagov.net/arcgis/rest/services/CapitalProjects/CapitalProjectsBudgetBook/FeatureServer/0,2026-08-28T04:55:51+00:00,2022-02-26T21:04:29+00:00,official_source_observation,no,"Funded status is an administrative source label, not an expenditure amount."
fin-124887f0bf95ae6a,,,1001538,,funded_status_reported,,,,not_applicable,,,https://apps.tampagov.net/Directory_Lister/FileHandler.ashx?file=GIS%2f1001538.pdf,https://arcgis.tampagov.net/arcgis/rest/services/CapitalProjects/CapitalProjectsBudgetBook/FeatureServer/0,2026-08-28T04:55:51+00:00,2022-02-26T21:04:29+00:00,official_source_observation,no,"Funded status is an administrative source label, not an expenditure amount."
fin-6db84981c3644f8b,,,1002142,,funded_status_reported,,,,not_applicable,,,https://apps.tampagov.net/Directory_Lister/FileHandler.ashx?file=GIS%2f1002142.pdf,https://arcgis.tampagov.net/arcgis/rest/services/CapitalProjects/CapitalProjectsBudgetBook/FeatureServer/0,2026-08-28T04:55:51+00:00,2022-02-26T21:04:29+00:00,official_source_observation,no,"Funded status is an administrative source label, not an expenditure amount."
fin-d2647389229f380c,,,1001366,,funded_status_reported,,,,not_applicable,,,https://apps.tampagov.net/Directory_Lister/FileHandler.ashx?file=GIS%2f1001366.pdf,https://arcgis.tampagov.net/arcgis/rest/services/CapitalProjects/CapitalProjectsBudgetBook/FeatureServer/0,2026-08-28T04:55:51+00:00,2022-02-26T21:04:29+00:00,official_source_observation,no,"Funded status is an administrative source label, not an expenditure amount."
fin-ed1d7cbf5b98b524,,,1001530,,capital_estimate_reported,,2027,5700000,reported_level,Local Option Gas Tax,,https://www.tampa.gov/project/trans20004,https://arcgis.tampagov.net/arcgis/rest/services/CapitalProjects/CapitalProjectsBudgetBook/FeatureServer/0,2026-08-28T04:55:51+00:00,2022-02-26T21:04:29+00:00,official_source_observation,no,"Estimated cost is a reported project-level estimate, not spending or a budget amendment."
fin-45b086a1127114d1,,,1001530,,funded_status_reported,,2027,,not_applicable,Local Option Gas Tax,,https://www.tampa.gov/project/trans20004,https://arcgis.tampagov.net/arcgis/rest/services/CapitalProjects/CapitalProjectsBudgetBook/FeatureServer/0,2026-08-28T04:55:51+00:00,2022-02-26T21:04:29+00:00,official_source_observation,no,"Funded status is an administrative source label, not an expenditure amount."
fin-5ec18aac4016be24,,,1001225,,funded_status_reported,,,,not_applicable,,,https://apps.tampagov.net/Directory_Lister/FileHandler.ashx?file=GIS%2f1001225.pdf,https://arcgis.tampagov.net/arcgis/rest/services/CapitalProjects/CapitalProjectsBudgetBook/FeatureServer/0,2026-08-28T04:55:51+00:00,2022-02-26T21:04:29+00:00,official_source_observation,no,"Funded status is an administrative source label, not an expenditure amount."
fin-796372ce288b3dc7,,,1001539,,funded_status_reported,,,,not_applicable,,,https://apps.tampagov.net/Directory_Lister/FileHandler.ashx?file=GIS%2f1001539.pdf,https://arcgis.tampagov.net/arcgis/rest/services/CapitalProjects/CapitalProjectsBudgetBook/FeatureServer/0,2026-08-28T04:55:51+00:00,2022-02-26T21:04:29+00:00,official_source_observation,no,"Funded status is an administrative source label, not an expenditure amount."
fin-aa6019a8e74e6f4f,,,1001615,,funded_status_reported,,2023,,not_applicable,Community Investment Taxes,,https://apps.tampagov.net/Directory_Lister/FileHandler.ashx?file=GIS%2f1001615.pdf,https://arcgis.tampagov.net/arcgis/rest/services/CapitalProjects/CapitalProjectsBudgetBook/FeatureServer/0,2026-08-28T04:55:51+00:00,2022-08-02T12:06:08+00:00,official_source_observation,no,"Funded status is an administrative source label, not an expenditure amount."
fin-6e0375273e1607c6,,,1002120,,funded_status_reported,,,,not_applicable,,,https://apps.tampagov.net/Directory_Lister/FileHandler.ashx?file=GIS%2f1002120.pdf,https://arcgis.tampagov.net/arcgis/rest/services/CapitalProjects/CapitalProjectsBudgetBook/FeatureServer/0,2026-08-28T04:55:51+00:00,2022-02-26T21:04:29+00:00,official_source_observation,no,"Funded status is an administrative source label, not an expenditure amount."
fin-75d6d138a24ac5b5,,,1001212,,funded_status_reported,,,,not_applicable,,,https://apps.tampagov.net/Directory_Lister/FileHandler.ashx?file=GIS%2f1001212.pdf,https://arcgis.tampagov.net/arcgis/rest/services/CapitalProjects/CapitalProjectsBudgetBook/FeatureServer/0,2026-08-28T04:55:51+00:00,2022-02-26T21:04:29+00:00,official_source_observation,no,"Funded status is an administrative source label, not an expenditure amount."
fin-4b3341d510ebbd47,,,1001519,,funded_status_reported,,,,not_applicable,,,https://apps.tampagov.net/Directory_Lister/FileHandler.ashx?file=GIS%2f1001519.pdf,https://arcgis.tampagov.net/arcgis/rest/services/CapitalProjects/CapitalProjectsBudgetBook/FeatureServer/0,2026-08-28T04:55:51+00:00,2022-02-26T21:04:29+00:00,official_source_observation,no,"Funded status is an administrative source label, not an expenditure amount."
fin-08a576a3d6f9ff91,,,1001943,,funded_status_reported,,,,not_applicable,,,https://apps.tampagov.net/Directory_Lister/FileHandler.ashx?file=GIS%2f1001943.pdf,https://arcgis.tampagov.net/arcgis/rest/services/CapitalProjects/CapitalProjectsBudgetBook/FeatureServer/0,2026-08-28T04:55:51+00:00,2022-02-26T21:04:29+00:00,official_source_observation,no,"Funded status is an administrative source label, not an expenditure amount."
fin-4fd0d6a023a13404,,,1001969,,funded_status_reported,,,,not_applicable,,,https://apps.tampagov.net/Directory_Lister/FileHandler.ashx?file=GIS%2f1001969.pdf,https://arcgis.tampagov.net/arcgis/rest/services/CapitalProjects/CapitalProjectsBudgetBook/FeatureServer/0,2026-08-28T04:55:51+00:00,2022-02-26T21:04:29+00:00,official_source_observation,no,"Funded status is an administrative source label, not an expenditure amount."
fin-85d48190b0fe07dd,,,1001684,,funded_status_reported,,,,not_applicable,,,https://apps.tampagov.net/Directory_Lister/FileHandler.ashx?file=GIS%2f1001684.pdf,https://arcgis.tampagov.net/arcgis/rest/services/CapitalProjects/CapitalProjectsBudgetBook/FeatureServer/0,2026-08-28T04:55:51+00:00,2022-02-26T21:04:29+00:00,official_source_observation,no,"Funded status is an administrative source label, not an expenditure amount."
fin-80eb382234f5ce96,tpa-d59bbab0602365,mp-668e03991ca3e9df,1001518,,capital_estimate_reported,,2025,3341362,reported_level,,,https://apps.tampagov.net/Directory_Lister/FileHandler.ashx?file=GIS%2f1001518.pdf,https://arcgis.tampagov.net/arcgis/rest/services/CapitalProjects/CapitalProjectsBudgetBook/FeatureServer/0,2026-08-28T04:55:51+00:00,2022-02-26T21:04:29+00:00,official_source_observation,no,"Estimated cost is a reported project-level estimate, not spending or a budget amendment."
fin-a2b0facf8cbf32a6,tpa-d59bbab0602365,mp-668e03991ca3e9df,1001518,,funded_status_reported,,2025,,not_applicable,,,https://apps.tampagov.net/Directory_Lister/FileHandler.ashx?file=GIS%2f1001518.pdf,https://arcgis.tampagov.net/arcgis/rest/services/CapitalProjects/CapitalProjectsBudgetBook/FeatureServer/0,2026-08-28T04:55:51+00:00,2022-02-26T21:04:29+00:00,official_source_observation,no,"Funded status is an administrative source label, not an expenditure amount."
fin-9e3e8cbaca437bdd,,,1001681,,funded_status_reported,,,,not_applicable,,,https://apps.tampagov.net/Directory_Lister/FileHandler.ashx?file=GIS%2f1001681.pdf,https://arcgis.tampagov.net/arcgis/rest/services/CapitalProjects/CapitalProjectsBudgetBook/FeatureServer/0,2026-08-28T04:55:51+00:00,2022-02-26T21:04:29+00:00,official_source_observation,no,"Funded status is an administrative source label, not an expenditure amount."
fin-55f17b6dc529da99,,,1002127,,funded_status_reported,,,,not_applicable,,,https://apps.tampagov.net/Directory_Lister/FileHandler.ashx?file=GIS%2f1002127.pdf,https://arcgis.tampagov.net/arcgis/rest/services/CapitalProjects/CapitalProjectsBudgetBook/FeatureServer/0,2026-08-28T04:55:51+00:00,2022-02-26T21:04:29+00:00,official_source_observation,no,"Funded status is an administrative source label, not an expenditure amount."
fin-381fbe857f4f0edb,,,1002125,,funded_status_reported,,,,not_applicable,,,https://apps.tampagov.net/Directory_Lister/FileHandler.ashx?file=GIS%2f1002125.pdf,https://arcgis.tampagov.net/arcgis/rest/services/CapitalProjects/CapitalProjectsBudgetBook/FeatureServer/0,2026-08-28T04:55:51+00:00,2022-02-26T21:04:29+00:00,official_source_observation,no,"Funded status is an administrative source label, not an expenditure amount."
fin-47b4fa45f61746e7,tpa-88a3da2a1a529f;tpa-a230454c33a207;tpa-a6334c218e962f;tpa-bc4fffa94f61da,mp-55e885983673b34c;mp-9a6a43256bf764b7;mp-b87bf1e5cc90f563;mp-f51a4f48c29d0aa3,1002148,,funded_status_reported,,,,not_applicable,,,https://apps.tampagov.net/Directory_Lister/FileHandler.ashx?file=GIS%2f1002148.pdf,https://arcgis.tampagov.net/arcgis/rest/services/CapitalProjects/CapitalProjectsBudgetBook/FeatureServer/0,2026-08-28T04:55:51+00:00,2022-02-26T21:04:29+00:00,official_source_observation,no,"Funded status is an administrative source label, not an expenditure amount."
fin-359073a47e591d09,tpa-88a3da2a1a529f;tpa-a230454c33a207;tpa-a6334c218e962f;tpa-bc4fffa94f61da,mp-55e885983673b34c;mp-9a6a43256bf764b7;mp-b87bf1e5cc90f563;mp-f51a4f48c29d0aa3,1002148,15-C-00027,funded_status_reported,,2021,,not_applicable,Tax - Other,,https://apps.tampagov.net/Directory_Lister/FileHandler.ashx?file=GIS%2f1002148.pdf,https://arcgis.tampagov.net/arcgis/rest/services/CapitalProjects/CapitalProjectsBudgetBook/FeatureServer/0,2026-08-28T04:55:51+00:00,2022-02-26T21:04:29+00:00,official_source_observation,no,"Funded status is an administrative source label, not an expenditure amount."
fin-cb61a61978611cf5,,,1002123,,funded_status_reported,,,,not_applicable,,,https://apps.tampagov.net/Directory_Lister/FileHandler.ashx?file=GIS%2f1002123.pdf,https://arcgis.tampagov.net/arcgis/rest/services/CapitalProjects/CapitalProjectsBudgetBook/FeatureServer/0,2026-08-28T04:55:51+00:00,2022-02-26T21:04:29+00:00,official_source_observation,no,"Funded status is an administrative source label, not an expenditure amount."
fin-7fdcccaadf55c0bf,,,1002130,,funded_status_reported,,,,not_applicable,,,https://apps.tampagov.net/Directory_Lister/FileHandler.ashx?file=GIS%2f1002130.pdf,https://arcgis.tampagov.net/arcgis/rest/services/CapitalProjects/CapitalProjectsBudgetBook/FeatureServer/0,2026-08-28T04:55:51+00:00,2022-02-26T21:04:29+00:00,official_source_observation,no,"Funded status is an administrative source label, not an expenditure amount."
fin-fe3f13cad6033db5,,,1002124,,funded_status_reported,,,,not_applicable,,,https://apps.tampagov.net/Directory_Lister/FileHandler.ashx?file=GIS%2f1002124.pdf,https://arcgis.tampagov.net/arcgis/rest/services/CapitalProjects/CapitalProjectsBudgetBook/FeatureServer/0,2026-08-28T04:55:51+00:00,2022-02-26T21:04:29+00:00,official_source_observation,no,"Funded status is an administrative source label, not an expenditure amount."
fin-d08888edf5a24bd5,tpa-9ca0598cb43d43;tpa-a16226972256e9,mp-6838019dd707edc0;mp-a25fca6d21af598e,WTR-20-0005.3-W Chelsea St Transmission,20-C-0032,capital_estimate_reported,,2026,8053583.41,reported_level,PIPES,,https://apps.tampagov.net/Directory_Lister/FileHandler.ashx?file=GIS%2fWTR-20-0005.3-W,https://arcgis.tampagov.net/arcgis/rest/services/CapitalProjects/CapitalProjectsBudgetBook/FeatureServer/0,2026-08-28T04:55:51+00:00,2022-07-26T13:02:13+00:00,official_source_observation,no,"Estimated cost is a reported project-level estimate, not spending or a budget amendment."
fin-bd7ea97000ae5e93,tpa-9ca0598cb43d43;tpa-a16226972256e9,mp-6838019dd707edc0;mp-a25fca6d21af598e,WTR-20-0005.3-W Chelsea St Transmission,20-C-0032,funded_status_reported,,2026,,not_applicable,PIPES,,https://apps.tampagov.net/Directory_Lister/FileHandler.ashx?file=GIS%2fWTR-20-0005.3-W,https://arcgis.tampagov.net/arcgis/rest/services/CapitalProjects/CapitalProjectsBudgetBook/FeatureServer/0,2026-08-28T04:55:51+00:00,2022-07-26T13:02:13+00:00,official_source_observation,no,"Funded status is an administrative source label, not an expenditure amount."
fin-da909c30ad79a559,,,1002270,,capital_estimate_reported,,2023,270000,reported_level,Community Investment Taxes,,https://apps.tampagov.net/Directory_Lister/FileHandler.ashx?file=GIS%2f1002270.pdf,https://arcgis.tampagov.net/arcgis/rest/services/CapitalProjects/CapitalProjectsBudgetBook/FeatureServer/0,2026-08-28T04:55:51+00:00,2022-08-31T13:25:24+00:00,official_source_observation,no,"Estimated cost is a reported project-level estimate, not spending or a budget amendment."
fin-114d777fe5634bc4,,,1002270,,funded_status_reported,,2023,,not_applicable,Community Investment Taxes,,https://apps.tampagov.net/Directory_Lister/FileHandler.ashx?file=GIS%2f1002270.pdf,https://arcgis.tampagov.net/arcgis/rest/services/CapitalProjects/CapitalProjectsBudgetBook/FeatureServer/0,2026-08-28T04:55:51+00:00,2022-08-31T13:25:24+00:00,official_source_observation,no,"Funded status is an administrative source label, not an expenditure amount."
fin-973ab3db41a9c867,tpa-d04d7a186f9070,mp-56265785c1518a24,1002178,,funded_status_reported,,2023,,not_applicable,Stormwater Improvement Fee,,https://apps.tampagov.net/Directory_Lister/FileHandler.ashx?file=GIS%2f1002178.pdf,https://arcgis.tampagov.net/arcgis/rest/services/CapitalProjects/CapitalProjectsBudgetBook/FeatureServer/0,2026-08-28T04:55:51+00:00,2022-07-26T18:21:37+00:00,official_source_observation,no,"Funded status is an administrative source label, not an expenditure amount."
fin-4e4f122368663901,,,1002448,,funded_status_reported,,,,not_applicable,,,https://apps.tampagov.net/Directory_Lister/FileHandler.ashx?file=GIS%2f1002448.pdf,https://arcgis.tampagov.net/arcgis/rest/services/CapitalProjects/CapitalProjectsBudgetBook/FeatureServer/0,2026-08-28T04:55:51+00:00,2022-07-26T18:22:59+00:00,official_source_observation,no,"Funded status is an administrative source label, not an expenditure amount."
fin-5d14c76bab06b059,,,1002292,21-C-00037,capital_estimate_reported,,2022,830000,reported_level,PIPES,,https://apps.tampagov.net/Directory_Lister/FileHandler.ashx?file=GIS%2f1002292.pdf,https://arcgis.tampagov.net/arcgis/rest/services/CapitalProjects/CapitalProjectsBudgetBook/FeatureServer/0,2026-08-28T04:55:51+00:00,2022-08-29T17:37:50+00:00,official_source_observation,no,"Estimated cost is a reported project-level estimate, not spending or a budget amendment."
fin-2865dea112718192,,,1002292,21-C-00037,funded_status_reported,,2022,,not_applicable,PIPES,,https://apps.tampagov.net/Directory_Lister/FileHandler.ashx?file=GIS%2f1002292.pdf,https://arcgis.tampagov.net/arcgis/rest/services/CapitalProjects/CapitalProjectsBudgetBook/FeatureServer/0,2026-08-28T04:55:51+00:00,2022-08-29T17:37:50+00:00,official_source_observation,no,"Funded status is an administrative source label, not an expenditure amount."
fin-115f18f61d195aa3,,,1002388,22-C-00005,capital_estimate_reported,,2022,2500000,reported_level,PIPES,,https://apps.tampagov.net/Directory_Lister/FileHandler.ashx?file=GIS%2f1002388.pdf,https://arcgis.tampagov.net/arcgis/rest/services/CapitalProjects/CapitalProjectsBudgetBook/FeatureServer/0,2026-08-28T04:55:51+00:00,2022-08-29T17:41:01+00:00,official_source_observation,no,"Estimated cost is a reported project-level estimate, not spending or a budget amendment."
fin-97ec6c6dd3986ff2,,,1002388,22-C-00005,funded_status_reported,,2022,,not_applicable,PIPES,,https://apps.tampagov.net/Directory_Lister/FileHandler.ashx?file=GIS%2f1002388.pdf,https://arcgis.tampagov.net/arcgis/rest/services/CapitalProjects/CapitalProjectsBudgetBook/FeatureServer/0,2026-08-28T04:55:51+00:00,2022-08-29T17:41:01+00:00,official_source_observation,no,"Funded status is an administrative source label, not an expenditure amount."
fin-c89d05f5a8eb2a7b,tpa-f05d147a1350ac,mp-afdd63ce998db22d,1002293,,funded_status_reported,,,,not_applicable,,,https://apps.tampagov.net/Directory_Lister/FileHandler.ashx?file=GIS%2f1002293.pdf,https://arcgis.tampagov.net/arcgis/rest/services/CapitalProjects/CapitalProjectsBudgetBook/FeatureServer/0,2026-08-28T04:55:51+00:00,2022-07-28T13:13:20+00:00,official_source_observation,no,"Funded status is an administrative source label, not an expenditure amount."
fin-5b67b9e0d0fbdfc4,,,1002405,,funded_status_reported,,,,not_applicable,,,https://apps.tampagov.net/Directory_Lister/FileHandler.ashx?file=GIS%2f1002405.pdf,https://arcgis.tampagov.net/arcgis/rest/services/CapitalProjects/CapitalProjectsBudgetBook/FeatureServer/0,2026-08-28T04:55:51+00:00,2022-07-28T13:29:56+00:00,official_source_observation,no,"Funded status is an administrative source label, not an expenditure amount."
fin-e9bb7aac98e24819,,,1002409,,funded_status_reported,,,,not_applicable,,,https://apps.tampagov.net/Directory_Lister/FileHandler.ashx?file=GIS%2f1002409.pdf,https://arcgis.tampagov.net/arcgis/rest/services/CapitalProjects/CapitalProjectsBudgetBook/FeatureServer/0,2026-08-28T04:55:51+00:00,2022-07-28T14:05:35+00:00,official_source_observation,no,"Funded status is an administrative source label, not an expenditure amount."
fin-a222ad68497286d6,,,1002407,,funded_status_reported,,,,not_applicable,,,https://apps.tampagov.net/Directory_Lister/FileHandler.ashx?file=GIS%2f1002407.pdf,https://arcgis.tampagov.net/arcgis/rest/services/CapitalProjects/CapitalProjectsBudgetBook/FeatureServer/0,2026-08-28T04:55:51+00:00,2022-08-29T12:16:59+00:00,official_source_observation,no,"Funded status is an administrative source label, not an expenditure amount."
fin-ccc0f37ab27b3095,,,1002408,,funded_status_reported,,,,not_applicable,,,https://apps.tampagov.net/Directory_Lister/FileHandler.ashx?file=GIS%2f1002408.pdf,https://arcgis.tampagov.net/arcgis/rest/services/CapitalProjects/CapitalProjectsBudgetBook/FeatureServer/0,2026-08-28T04:55:51+00:00,2022-07-28T14:59:22+00:00,official_source_observation,no,"Funded status is an administrative source label, not an expenditure amount."
fin-3085b312fe6bdf3b,,,1002420,,funded_status_reported,,,,not_applicable,,,https://apps.tampagov.net/Directory_Lister/FileHandler.ashx?file=GIS%2f1002420.pdf,https://arcgis.tampagov.net/arcgis/rest/services/CapitalProjects/CapitalProjectsBudgetBook/FeatureServer/0,2026-08-28T04:55:51+00:00,2022-07-28T18:02:07+00:00,official_source_observation,no,"Funded status is an administrative source label, not an expenditure amount."
fin-276e36e08942b5dc,,,1002421,,funded_status_reported,,,,not_applicable,,,https://apps.tampagov.net/Directory_Lister/FileHandler.ashx?file=GIS%2f1002421.pdf,https://arcgis.tampagov.net/arcgis/rest/services/CapitalProjects/CapitalProjectsBudgetBook/FeatureServer/0,2026-08-28T04:55:51+00:00,2022-07-28T18:06:53+00:00,official_source_observation,no,"Funded status is an administrative source label, not an expenditure amount."
fin-fcf61ad801ed7120,,,1002414,,funded_status_reported,,,,not_applicable,,,https://apps.tampagov.net/Directory_Lister/FileHandler.ashx?file=GIS%2f1002414.pdf,https://arcgis.tampagov.net/arcgis/rest/services/CapitalProjects/CapitalProjectsBudgetBook/FeatureServer/0,2026-08-28T04:55:51+00:00,2022-07-28T18:11:12+00:00,official_source_observation,no,"Funded status is an administrative source label, not an expenditure amount."
fin-3b396f4c96a33d81,,,1002412,,funded_status_reported,,,,not_applicable,,,https://apps.tampagov.net/Directory_Lister/FileHandler.ashx?file=GIS%2f1002412.pdf,https://arcgis.tampagov.net/arcgis/rest/services/CapitalProjects/CapitalProjectsBudgetBook/FeatureServer/0,2026-08-28T04:55:51+00:00,2022-07-28T18:13:51+00:00,official_source_observation,no,"Funded status is an administrative source label, not an expenditure amount."
fin-9b2460faa9bdea3a,,,1002404,,funded_status_reported,,,,not_applicable,,,https://apps.tampagov.net/Directory_Lister/FileHandler.ashx?file=GIS%2f1002404.pdf,https://arcgis.tampagov.net/arcgis/rest/services/CapitalProjects/CapitalProjectsBudgetBook/FeatureServer/0,2026-08-28T04:55:51+00:00,2022-07-28T14:04:22+00:00,official_source_observation,no,"Funded status is an administrative source label, not an expenditure amount."
fin-406c5a067486de83,,,1002403,,funded_status_reported,,,,not_applicable,,,https://apps.tampagov.net/Directory_Lister/FileHandler.ashx?file=GIS%2f1002403.pdf,https://arcgis.tampagov.net/arcgis/rest/services/CapitalProjects/CapitalProjectsBudgetBook/FeatureServer/0,2026-08-28T04:55:51+00:00,2022-07-28T14:03:29+00:00,official_source_observation,no,"Funded status is an administrative source label, not an expenditure amount."
fin-3d4281e74d18d38f,,,1002402,,funded_status_reported,,,,not_applicable,,,https://apps.tampagov.net/Directory_Lister/FileHandler.ashx?file=GIS%2f1002402.pdf,https://arcgis.tampagov.net/arcgis/rest/services/CapitalProjects/CapitalProjectsBudgetBook/FeatureServer/0,2026-08-28T04:55:51+00:00,2022-07-28T14:12:03+00:00,official_source_observation,no,"Funded status is an administrative source label, not an expenditure amount."
fin-42461c2d14bdcd7a,,,1002359,,funded_status_reported,,,,not_applicable,,,https://apps.tampagov.net/Directory_Lister/FileHandler.ashx?file=GIS%2f1002359.pdf,https://arcgis.tampagov.net/arcgis/rest/services/CapitalProjects/CapitalProjectsBudgetBook/FeatureServer/0,2026-08-28T04:55:51+00:00,2022-07-28T14:44:29+00:00,official_source_observation,no,"Funded status is an administrative source label, not an expenditure amount."
fin-cdca88e49ede8dfd,,,1002114,,funded_status_reported,,,,not_applicable,,,https://apps.tampagov.net/Directory_Lister/FileHandler.ashx?file=GIS%2f1002114.pdf,https://arcgis.tampagov.net/arcgis/rest/services/CapitalProjects/CapitalProjectsBudgetBook/FeatureServer/0,2026-08-28T04:55:51+00:00,2022-07-28T14:46:45+00:00,official_source_observation,no,"Funded status is an administrative source label, not an expenditure amount."
fin-794bcd38b4542b74,,,1002396,,funded_status_reported,,,,not_applicable,,,https://apps.tampagov.net/Directory_Lister/FileHandler.ashx?file=GIS%2f1002396.pdf,https://arcgis.tampagov.net/arcgis/rest/services/CapitalProjects/CapitalProjectsBudgetBook/FeatureServer/0,2026-08-28T04:55:51+00:00,2022-08-29T12:18:48+00:00,official_source_observation,no,"Funded status is an administrative source label, not an expenditure amount."
fin-6507af482f0faa67,,,1002394,,funded_status_reported,,,,not_applicable,,,https://apps.tampagov.net/Directory_Lister/FileHandler.ashx?file=GIS%2f1002394.pdf,https://arcgis.tampagov.net/arcgis/rest/services/CapitalProjects/CapitalProjectsBudgetBook/FeatureServer/0,2026-08-28T04:55:51+00:00,2022-08-29T12:17:22+00:00,official_source_observation,no,"Funded status is an administrative source label, not an expenditure amount."
fin-c04ea7bc00c04f06,,,1002536,,funded_status_reported,,,,not_applicable,,,https://apps.tampagov.net/Directory_Lister/FileHandler.ashx?file=GIS%2f1002536.pdf,https://arcgis.tampagov.net/arcgis/rest/services/CapitalProjects/CapitalProjectsBudgetBook/FeatureServer/0,2026-08-28T04:55:51+00:00,,official_source_observation,no,"Funded status is an administrative source label, not an expenditure amount."
fin-e054ec7eb041645b,,,1002529,,funded_status_reported,,,,not_applicable,,,https://apps.tampagov.net/Directory_Lister/FileHandler.ashx?file=GIS%2f1002529.pdf,https://arcgis.tampagov.net/arcgis/rest/services/CapitalProjects/CapitalProjectsBudgetBook/FeatureServer/0,2026-08-28T04:55:51+00:00,,official_source_observation,no,"Funded status is an administrative source label, not an expenditure amount."
fin-13256f5d6c1f7dc7,,,1002531,,funded_status_reported,,,,not_applicable,,,https://apps.tampagov.net/Directory_Lister/FileHandler.ashx?file=GIS%2f1002531.pdf,https://arcgis.tampagov.net/arcgis/rest/services/CapitalProjects/CapitalProjectsBudgetBook/FeatureServer/0,2026-08-28T04:55:51+00:00,,official_source_observation,no,"Funded status is an administrative source label, not an expenditure amount."
fin-f7c0edff4bd7fe6b,,,1002526,,funded_status_reported,,,,not_applicable,,,https://apps.tampagov.net/Directory_Lister/FileHandler.ashx?file=GIS%2f1002526.pdf,https://arcgis.tampagov.net/arcgis/rest/services/CapitalProjects/CapitalProjectsBudgetBook/FeatureServer/0,2026-08-28T04:55:51+00:00,,official_source_observation,no,"Funded status is an administrative source label, not an expenditure amount."
fin-6b7a1dc347945055,,,1002528,,funded_status_reported,,,,not_applicable,,,https://apps.tampagov.net/Directory_Lister/FileHandler.ashx?file=GIS%2f1002528.pdf,https://arcgis.tampagov.net/arcgis/rest/services/CapitalProjects/CapitalProjectsBudgetBook/FeatureServer/0,2026-08-28T04:55:51+00:00,,official_source_observation,no,"Funded status is an administrative source label, not an expenditure amount."
fin-88d643fa746db74e,,,1002408,,funded_status_reported,,,,not_applicable,,,https://apps.tampagov.net/Directory_Lister/FileHandler.ashx?file=GIS%2f1002408.pdf,https://arcgis.tampagov.net/arcgis/rest/services/CapitalProjects/CapitalProjectsBudgetBook/FeatureServer/0,2026-08-28T04:55:51+00:00,,official_source_observation,no,"Funded status is an administrative source label, not an expenditure amount."
fin-acd3d42fbc1ae887,,,1002407,,funded_status_reported,,,,not_applicable,,,https://apps.tampagov.net/Directory_Lister/FileHandler.ashx?file=GIS%2f1002407.pdf,https://arcgis.tampagov.net/arcgis/rest/services/CapitalProjects/CapitalProjectsBudgetBook/FeatureServer/0,2026-08-28T04:55:51+00:00,,official_source_observation,no,"Funded status is an administrative source label, not an expenditure amount."
fin-7759b6dabf38b394,,,1002546,,funded_status_reported,,,,not_applicable,,,https://apps.tampagov.net/Directory_Lister/FileHandler.ashx?file=GIS%2f1002546.pdf,https://arcgis.tampagov.net/arcgis/rest/services/CapitalProjects/CapitalProjectsBudgetBook/FeatureServer/0,2026-08-28T04:55:51+00:00,,official_source_observation,no,"Funded status is an administrative source label, not an expenditure amount."
fin-f642a8f9580c669b,,,1002543,,funded_status_reported,,,,not_applicable,,,https://apps.tampagov.net/Directory_Lister/FileHandler.ashx?file=GIS%2f1002543.pdf,https://arcgis.tampagov.net/arcgis/rest/services/CapitalProjects/CapitalProjectsBudgetBook/FeatureServer/0,2026-08-28T04:55:51+00:00,,official_source_observation,no,"Funded status is an administrative source label, not an expenditure amount."
fin-ee5bd5b4746eccca,,,1002548,,funded_status_reported,,,,not_applicable,,,https://apps.tampagov.net/Directory_Lister/FileHandler.ashx?file=GIS%2f1002548.pdf,https://arcgis.tampagov.net/arcgis/rest/services/CapitalProjects/CapitalProjectsBudgetBook/FeatureServer/0,2026-08-28T04:55:51+00:00,,official_source_observation,no,"Funded status is an administrative source label, not an expenditure amount."
fin-425c9d5e5a0fd611,,,1002407,,funded_status_reported,,,,not_applicable,,,https://apps.tampagov.net/Directory_Lister/FileHandler.ashx?file=GIS%2f1002407.pdf,https://arcgis.tampagov.net/arcgis/rest/services/CapitalProjects/CapitalProjectsBudgetBook/FeatureServer/0,2026-08-28T04:55:51+00:00,,official_source_observation,no,"Funded status is an administrative source label, not an expenditure amount."
fin-c7f96740fbcd8a74,,,1002583,,funded_status_reported,,,,not_applicable,,,https://apps.tampagov.net/Directory_Lister/FileHandler.ashx?file=GIS%2f1002583.pdf,https://arcgis.tampagov.net/arcgis/rest/services/CapitalProjects/CapitalProjectsBudgetBook/FeatureServer/0,2026-08-28T04:55:51+00:00,,official_source_observation,no,"Funded status is an administrative source label, not an expenditure amount."
fin-31b98d3d859906c4,,,1002530,,funded_status_reported,,,,not_applicable,,,https://apps.tampagov.net/Directory_Lister/FileHandler.ashx?file=GIS%2f1002530.pdf,https://arcgis.tampagov.net/arcgis/rest/services/CapitalProjects/CapitalProjectsBudgetBook/FeatureServer/0,2026-08-28T04:55:51+00:00,,official_source_observation,no,"Funded status is an administrative source label, not an expenditure amount."
fin-6f8586514d73418a,,,1002533,,funded_status_reported,,,,not_applicable,,,https://apps.tampagov.net/Directory_Lister/FileHandler.ashx?file=GIS%2f1002533.pdf,https://arcgis.tampagov.net/arcgis/rest/services/CapitalProjects/CapitalProjectsBudgetBook/FeatureServer/0,2026-08-28T04:55:51+00:00,,official_source_observation,no,"Funded status is an administrative source label, not an expenditure amount."
fin-de6f0d0235e2a12d,,,1002534,,funded_status_reported,,,,not_applicable,,,https://apps.tampagov.net/Directory_Lister/FileHandler.ashx?file=GIS%2f1002534.pdf,https://arcgis.tampagov.net/arcgis/rest/services/CapitalProjects/CapitalProjectsBudgetBook/FeatureServer/0,2026-08-28T04:55:51+00:00,,official_source_observation,no,"Funded status is an administrative source label, not an expenditure amount."
fin-1467733e1f28937e,,,1002545,,funded_status_reported,,,,not_applicable,,,https://apps.tampagov.net/Directory_Lister/FileHandler.ashx?file=GIS%2f1002545.pdf,https://arcgis.tampagov.net/arcgis/rest/services/CapitalProjects/CapitalProjectsBudgetBook/FeatureServer/0,2026-08-28T04:55:51+00:00,,official_source_observation,no,"Funded status is an administrative source label, not an expenditure amount."
fin-330d080ec183cdea,,,1002549,,funded_status_reported,,,,not_applicable,,,https://apps.tampagov.net/Directory_Lister/FileHandler.ashx?file=GIS%2f1002549.pdf,https://arcgis.tampagov.net/arcgis/rest/services/CapitalProjects/CapitalProjectsBudgetBook/FeatureServer/0,2026-08-28T04:55:51+00:00,,official_source_observation,no,"Funded status is an administrative source label, not an expenditure amount."
fin-7b95f17e7c6a4844,,,1002562,,funded_status_reported,,,,not_applicable,,,https://apps.tampagov.net/Directory_Lister/FileHandler.ashx?file=GIS%2f1002562.pdf,https://arcgis.tampagov.net/arcgis/rest/services/CapitalProjects/CapitalProjectsBudgetBook/FeatureServer/0,2026-08-28T04:55:51+00:00,,official_source_observation,no,"Funded status is an administrative source label, not an expenditure amount."
fin-9707c28c5f39ff83,,,1002551,,funded_status_reported,,,,not_applicable,,,https://apps.tampagov.net/Directory_Lister/FileHandler.ashx?file=GIS%2f1002551.pdf,https://arcgis.tampagov.net/arcgis/rest/services/CapitalProjects/CapitalProjectsBudgetBook/FeatureServer/0,2026-08-28T04:55:51+00:00,,official_source_observation,no,"Funded status is an administrative source label, not an expenditure amount."
fin-85adba8f7110b38c,,,1002552,,funded_status_reported,,,,not_applicable,,,https://apps.tampagov.net/Directory_Lister/FileHandler.ashx?file=GIS%2f1002552.pdf,https://arcgis.tampagov.net/arcgis/rest/services/CapitalProjects/CapitalProjectsBudgetBook/FeatureServer/0,2026-08-28T04:55:51+00:00,,official_source_observation,no,"Funded status is an administrative source label, not an expenditure amount."
fin-02c2f074026dadfd,,,1002555,,funded_status_reported,,,,not_applicable,,,https://apps.tampagov.net/Directory_Lister/FileHandler.ashx?file=GIS%2f1002555.pdf,https://arcgis.tampagov.net/arcgis/rest/services/CapitalProjects/CapitalProjectsBudgetBook/FeatureServer/0,2026-08-28T04:55:51+00:00,,official_source_observation,no,"Funded status is an administrative source label, not an expenditure amount."
fin-d4b1c72777d74a40,,,1002702,,funded_status_reported,,,,not_applicable,,,https://apps.tampagov.net/Directory_Lister/FileHandler.ashx?file=GIS%2f1002702.pdf,https://arcgis.tampagov.net/arcgis/rest/services/CapitalProjects/CapitalProjectsBudgetBook/FeatureServer/0,2026-08-28T04:55:51+00:00,,official_source_observation,no,"Funded status is an administrative source label, not an expenditure amount."
fin-d77cb2fead1e8331,,,1002815,,funded_status_reported,,,,not_applicable,,,https://apps.tampagov.net/Directory_Lister/FileHandler.ashx?file=GIS%2f1002815.pdf,https://arcgis.tampagov.net/arcgis/rest/services/CapitalProjects/CapitalProjectsBudgetBook/FeatureServer/0,2026-08-28T04:55:51+00:00,,official_source_observation,no,"Funded status is an administrative source label, not an expenditure amount."
fin-be219ec75e5bc1f2,,,1002816,,funded_status_reported,,,,not_applicable,,,https://apps.tampagov.net/Directory_Lister/FileHandler.ashx?file=GIS%2f1002816.pdf,https://arcgis.tampagov.net/arcgis/rest/services/CapitalProjects/CapitalProjectsBudgetBook/FeatureServer/0,2026-08-28T04:55:51+00:00,,official_source_observation,no,"Funded status is an administrative source label, not an expenditure amount."
fin-185eae1268f6f334,,,1002780,25-D-00014,funded_status_reported,,,,not_applicable,,,https://apps.tampagov.net/Directory_Lister/FileHandler.ashx?file=GIS%2f1002780.pdf,https://arcgis.tampagov.net/arcgis/rest/services/CapitalProjects/CapitalProjectsBudgetBook/FeatureServer/0,2026-08-28T04:55:51+00:00,,official_source_observation,no,"Funded status is an administrative source label, not an expenditure amount."
fin-347c999e9a224635,,,1003003,,funded_status_reported,,,,not_applicable,,,,https://arcgis.tampagov.net/arcgis/rest/services/CapitalProjects/CapitalProjectsBudgetBook/FeatureServer/0,2026-08-28T04:55:51+00:00,,official_source_observation,no,"Funded status is an administrative source label, not an expenditure amount."
fin-508e9b34ba51ffbb,,,1002829,,funded_status_reported,,,,not_applicable,,,,https://arcgis.tampagov.net/arcgis/rest/services/CapitalProjects/CapitalProjectsBudgetBook/FeatureServer/0,2026-08-28T04:55:51+00:00,,official_source_observation,no,"Funded status is an administrative source label, not an expenditure amount."
fin-f81ea93e427bda9b,,,1003003,,funded_status_reported,,,,not_applicable,,,,https://arcgis.tampagov.net/arcgis/rest/services/CapitalProjects/CapitalProjectsBudgetBook/FeatureServer/0,2026-08-28T04:55:51+00:00,,official_source_observation,no,"Funded status is an administrative source label, not an expenditure amount."
fin-da9e7636d4e20318,,,1002827,,funded_status_reported,,,,not_applicable,,,,https://arcgis.tampagov.net/arcgis/rest/services/CapitalProjects/CapitalProjectsBudgetBook/FeatureServer/0,2026-08-28T04:55:51+00:00,,official_source_observation,no,"Funded status is an administrative source label, not an expenditure amount."
fin-872c7c8d9860a66b,,,1002862,,funded_status_reported,,,,not_applicable,,,,https://arcgis.tampagov.net/arcgis/rest/services/CapitalProjects/CapitalProjectsBudgetBook/FeatureServer/0,2026-08-28T04:55:51+00:00,,official_source_observation,no,"Funded status is an administrative source label, not an expenditure amount."
fin-55dd5a435b29f9be,,,1002832,,funded_status_reported,,,,not_applicable,,,,https://arcgis.tampagov.net/arcgis/rest/services/CapitalProjects/CapitalProjectsBudgetBook/FeatureServer/0,2026-08-28T04:55:51+00:00,,official_source_observation,no,"Funded status is an administrative source label, not an expenditure amount."
