{"type": "FeatureCollection", "features": [{"type": "Feature", "properties": {"OBJECTID": 398725, "FOLIO": "100101.0000", "PIN": "A-24-28-18-3EN-000012-00033.0", "TYPE": null, "SITE_ADDR": "8427 Highland Ave", "SITE_CITY": "Tampa", "SITE_ZIP": "33604", "DOR_C": "7500", "ACT": 1945, "EFF": 1985, "HEAT_AR": 1468, "ACREAGE": 0.3, "JUST": 230900, "BLDG": 96890, "S_DATE": 1532304000000, "AMT": 146000, "VI": "I", "STORIES": 3, "Shape__Area": 13099.144195433511}, "geometry": {"type": "Polygon", "coordinates": [[[-82.46238958616647, 28.02682226794487], [-82.46239178906102, 28.02654722376333], [-82.46198574097961, 28.026548825048806], [-82.46198408854201, 28.026755107962977], [-82.46198353806969, 28.02682386923263], [-82.46238958616647, 28.02682226794487]]]}}, {"type": "Feature", "properties": {"OBJECTID": 398754, "FOLIO": "100126.0000", "PIN": "A-24-28-18-3EN-000014-00003.0", "TYPE": null, "SITE_ADDR": "8522 N Highland Ave", "SITE_CITY": "Tampa", "SITE_ZIP": "33604", "DOR_C": "0100", "ACT": 2017, "EFF": 2021, "HEAT_AR": 1548, "ACREAGE": 0.13, "JUST": 325342, "BLDG": 251952, "S_DATE": 1667260800000, "AMT": 375000, "VI": "I", "STORIES": 1, "Shape__Area": 5749.547678706294}, "geometry": {"type": "Polygon", "coordinates": [[[-82.46252358584073, 28.028760719237628], [-82.46288004711576, 28.02875918769173], [-82.46288040552892, 28.028717931388954], [-82.46288124148718, 28.02862166668268], [-82.46252478066529, 28.028623198226306], [-82.46252358584073, 28.028760719237628]]]}}, {"type": "Feature", "properties": {"OBJECTID": 398865, "FOLIO": "100229.0000", "PIN": "A-24-28-18-3EO-000001-00012.0", "TYPE": null, "SITE_ADDR": "8410 N Lynn Ave", "SITE_CITY": "Tampa", "SITE_ZIP": "33604", "DOR_C": "0100", "ACT": 1963, "EFF": 1994, "HEAT_AR": 1858, "ACREAGE": 0.26, "JUST": 322404, "BLDG": 164936, "S_DATE": 930700800000, "AMT": 31700, "VI": "I", "STORIES": 2, "Shape__Area": 11541.600397070742}, "geometry": {"type": "Polygon", "coordinates": [[[-82.46427129243854, 28.02633230609255], [-82.46462968706055, 28.026332213703384], [-82.4646297626076, 28.026194688311637], [-82.46462983816104, 28.02605716381954], [-82.46427273597249, 28.02605725815134], [-82.46427129243854, 28.02633230609255]]]}}, {"type": "Feature", "properties": {"OBJECTID": 399100, "FOLIO": "100449.0100", "PIN": "A-24-28-18-3EO-000013-00017.0", "TYPE": null, "SITE_ADDR": "8908 N Hamner Ave", "SITE_CITY": "Tampa", "SITE_ZIP": "33604", "DOR_C": "0100", "ACT": 1985, "EFF": 2005, "HEAT_AR": 1016, "ACREAGE": 0.15, "JUST": 198754, "BLDG": 119952, "S_DATE": 1370304000000, "AMT": 65000, "VI": "I", "STORIES": 1, "Shape__Area": 6662.1217068584065}, "geometry": {"type": "Polygon", "coordinates": [[[-82.46682971020178, 28.03160331308421], [-82.46725410635086, 28.0316076160378], [-82.46725534770587, 28.031473789364785], [-82.46683095208192, 28.031469486408625], [-82.46682971020178, 28.03160331308421]]]}}, {"type": "Feature", "properties": {"OBJECTID": 399181, "FOLIO": "100522.0000", "PIN": "A-24-28-18-3EO-000017-00023.0", "TYPE": null, "SITE_ADDR": "8902 N Ola Ave", "SITE_CITY": "Tampa", "SITE_ZIP": "33604", "DOR_C": "0100", "ACT": 1979, "EFF": 2002, "HEAT_AR": 1496, "ACREAGE": 0.13, "JUST": 204327, "BLDG": 139172, "S_DATE": 1776988800000, "AMT": 330000, "VI": "I", "STORIES": 1, "Shape__Area": 5750.006380429514}, "geometry": {"type": "Polygon", "coordinates": [[[-82.46336312808688, 28.03113618949245], [-82.46371958648565, 28.031139049503203], [-82.46372081434708, 28.031001528430114], [-82.46336435640156, 28.030998668417052], [-82.46336312808688, 28.03113618949245]]]}}, {"type": "Feature", "properties": {"OBJECTID": 400279, "FOLIO": "100691.0000", "PIN": "A-25-28-18-3ES-000001-00003.0", "TYPE": null, "SITE_ADDR": "8210 N Ola Ave", "SITE_CITY": "Tampa", "SITE_ZIP": "33604", "DOR_C": "0100", "ACT": 1958, "EFF": 1992, "HEAT_AR": 1322, "ACREAGE": 0.23, "JUST": 253092, "BLDG": 135092, "S_DATE": 1702944000000, "AMT": 260000, "VI": "I", "STORIES": 1, "Shape__Area": 9951.210962934098}, "geometry": {"type": "Polygon", "coordinates": [[[-82.4634480265308, 28.024777153086514], [-82.4639042379564, 28.02478003820447], [-82.46381783271856, 28.02457294252928], [-82.4634504642006, 28.024571791531475], [-82.4634480265308, 28.024777153086514]]]}}, {"type": "Feature", "properties": {"OBJECTID": 400382, "FOLIO": "100794.0000", "PIN": "A-25-28-18-3ET-000003-00016.0", "TYPE": null, "SITE_ADDR": "8106 N Lynn Ave", "SITE_CITY": "Tampa", "SITE_ZIP": "33604", "DOR_C": "0100", "ACT": 1951, "EFF": 1951, "HEAT_AR": 860, "ACREAGE": 0.29, "JUST": 185439, "BLDG": 59448, "S_DATE": 1758844800000, "AMT": 190000, "VI": "I", "STORIES": 1, "Shape__Area": 12713.724396276388}, "geometry": {"type": "Polygon", "coordinates": [[[-82.46471096704936, 28.022779551076386], [-82.46471391151051, 28.02249076426295], [-82.46454230414409, 28.022342157503246], [-82.46448605621379, 28.022401897159448], [-82.46444804066749, 28.022486593377003], [-82.46441680793657, 28.022573445963186], [-82.4643925128056, 28.02266202756304], [-82.46438725189056, 28.022675904435754], [-82.46438473510642, 28.022690374840003], [-82.46438503588053, 28.02270501349633], [-82.46438814424339, 28.02271939269969], [-82.4643939688971, 28.02273309043413], [-82.46440234135642, 28.022745707504452], [-82.46441301393413, 28.022756872055055], [-82.46442567609272, 28.02276625846527], [-82.46443995650121, 28.022773592756817], [-82.46445543729507, 28.022778657960107], [-82.46471096704936, 28.022779551076386]]]}}, {"type": "Feature", "properties": {"OBJECTID": 400477, "FOLIO": "100894.0000", "PIN": "A-25-28-18-3EX-000000-00001.1", "TYPE": null, "SITE_ADDR": "7901 N Boulevard", "SITE_CITY": "Tampa", "SITE_ZIP": "33604", "DOR_C": "0100", "ACT": 1959, "EFF": 2005, "HEAT_AR": 1836, "ACREAGE": 0.22, "JUST": 391549, "BLDG": 280935, "S_DATE": 1458172800000, "AMT": 195000, "VI": "I", "STORIES": 1, "Shape__Area": 9477.756636271728}, "geometry": {"type": "Polygon", "coordinates": [[[-82.46740378290335, 28.019900561972275], [-82.46771364765804, 28.019903493695836], [-82.46771670597671, 28.019642899238452], [-82.4674069644825, 28.019639609744583], [-82.46740378290335, 28.019900561972275]]]}}, {"type": "Feature", "properties": {"OBJECTID": 400501, "FOLIO": "100921.0000", "PIN": "A-25-28-18-3EY-000001-00005.0", "TYPE": null, "SITE_ADDR": "810 W Whatley Pl", "SITE_CITY": "Tampa", "SITE_ZIP": "33604", "DOR_C": "0100", "ACT": 2018, "EFF": 2022, "HEAT_AR": 2321, "ACREAGE": 0.16, "JUST": 461694, "BLDG": 385318, "S_DATE": 1753660800000, "AMT": 490000, "VI": "I", "STORIES": 1, "Shape__Area": 7061.528931153472}, "geometry": {"type": "Polygon", "coordinates": [[[-82.46611047034779, 28.018726972441957], [-82.46600044829091, 28.01844764580646], [-82.46586830752496, 28.018466138229808], [-82.46580530370632, 28.018474961602653], [-82.46592432861367, 28.018779314893234], [-82.46611047034779, 28.018726972441957]]]}}, {"type": "Feature", "properties": {"OBJECTID": 400858, "FOLIO": "101096.0000", "PIN": "A-26-28-18-3F8-000002-00014.0", "TYPE": null, "SITE_ADDR": "8121 N Orleans Ave", "SITE_CITY": "Tampa", "SITE_ZIP": "33604", "DOR_C": "0100", "ACT": 1950, "EFF": 1988, "HEAT_AR": 1752, "ACREAGE": 1.2, "JUST": 479276, "BLDG": 130117, "S_DATE": 1681862400000, "AMT": 465000, "VI": "I", "STORIES": 2, "Shape__Area": 52389.653800178996}, "geometry": {"type": "Polygon", "coordinates": [[[-82.47160349638185, 28.022613715687516], [-82.47313537886228, 28.022624966783663], [-82.47313995048776, 28.02233344100182], [-82.47160807112193, 28.022322190811703], [-82.47160349638185, 28.022613715687516]]]}}, {"type": "Feature", "properties": {"OBJECTID": 400986, "FOLIO": "101185.0000", "PIN": "A-26-28-18-3FA-000001-00005.0", "TYPE": null, "SITE_ADDR": "7019 N Willow Ave", "SITE_CITY": "Tampa", "SITE_ZIP": "33604", "DOR_C": "0100", "ACT": 1975, "EFF": 2000, "HEAT_AR": 912, "ACREAGE": 0.13, "JUST": 159946, "BLDG": 91176, "S_DATE": 1718582400000, "AMT": 240000, "VI": "I", "STORIES": 1, "Shape__Area": 5750.013440988309}, "geometry": {"type": "Polygon", "coordinates": [[[-82.47230866531194, 28.013912906240716], [-82.47195224890045, 28.013912487211144], [-82.47195181637059, 28.0140500130936], [-82.47230823322704, 28.014050430313986], [-82.47230866531194, 28.013912906240716]]]}}, {"type": "Feature", "properties": {"OBJECTID": 401002, "FOLIO": "101197.5000", "PIN": "A-26-28-18-3FA-000002-00023.0", "TYPE": null, "SITE_ADDR": "7000 N Willow Ave", "SITE_CITY": "Tampa", "SITE_ZIP": "33604", "DOR_C": "0100", "ACT": 1986, "EFF": 2013, "HEAT_AR": 1920, "ACREAGE": 0.14, "JUST": 290357, "BLDG": 217430, "S_DATE": 1373932800000, "AMT": 96500, "VI": "I", "STORIES": 1, "Shape__Area": 5999.977895218123}, "geometry": {"type": "Polygon", "coordinates": [[[-82.47283374981177, 28.012817051122497], [-82.47283370130776, 28.012679525974914], [-82.47246179404169, 28.01267940787307], [-82.47246184207326, 28.01281693302656], [-82.47283374981177, 28.012817051122497]]]}}, {"type": "Feature", "properties": {"OBJECTID": 401033, "FOLIO": "101223.0000", "PIN": "A-26-28-18-3FA-000004-00001.1", "TYPE": null, "SITE_ADDR": "1504 W Hamilton Ave", "SITE_CITY": "Tampa", "SITE_ZIP": "33604", "DOR_C": "0100", "ACT": 1960, "EFF": 1992, "HEAT_AR": 1928, "ACREAGE": 0.13, "JUST": 218535, "BLDG": 147901, "S_DATE": 996796800000, "AMT": 84500, "VI": "I", "STORIES": 1, "Shape__Area": 5750.019430865219}, "geometry": {"type": "Polygon", "coordinates": [[[-82.47469325354257, 28.01412503407333], [-82.47466226060925, 28.01412502469519], [-82.47466223467188, 28.014056261699892], [-82.47450727111912, 28.014056214699625], [-82.47450737244162, 28.014331265786232], [-82.47469332938046, 28.014331322158974], [-82.47469325354257, 28.01412503407333]]]}}, {"type": "Feature", "properties": {"OBJECTID": 401157, "FOLIO": "101347.0000", "PIN": "A-26-28-18-3FB-000000-00007.0", "TYPE": null, "SITE_ADDR": "8316 N Boulevard", "SITE_CITY": "Tampa", "SITE_ZIP": "33604", "DOR_C": "0100", "ACT": 1926, "EFF": 1995, "HEAT_AR": 978, "ACREAGE": 0.14, "JUST": 195089, "BLDG": 116370, "S_DATE": 1112659200000, "AMT": 112500, "VI": "I", "STORIES": 1, "Shape__Area": 5925.001494362197}, "geometry": {"type": "Polygon", "coordinates": [[[-82.46784301566973, 28.02437241020348], [-82.46821031357769, 28.024373164377938], [-82.46821032664678, 28.024235639197475], [-82.46784302920175, 28.02423488411503], [-82.46784301566973, 28.02437241020348]]]}}, {"type": "Feature", "properties": {"OBJECTID": 401257, "FOLIO": "101432.0100", "PIN": "A-26-28-18-3FB-000000-00129.0", "TYPE": null, "SITE_ADDR": "8113 N Newport Ave", "SITE_CITY": "Tampa", "SITE_ZIP": "33604", "DOR_C": "0100", "ACT": 2015, "EFF": 2020, "HEAT_AR": 1404, "ACREAGE": 0.21, "JUST": 325599, "BLDG": 213099, "S_DATE": 1161820800000, "AMT": 145000, "VI": "I", "STORIES": 1, "Shape__Area": 9337.341923792686}, "geometry": {"type": "Polygon", "coordinates": [[[-82.46999750457577, 28.02279415818687], [-82.47038338201959, 28.022796997990415], [-82.47038662121035, 28.02259073032006], [-82.47000074450217, 28.02258789051661], [-82.46999858489089, 28.0227254022963], [-82.46999750457577, 28.02279415818687]]]}}, {"type": "Feature", "properties": {"OBJECTID": 401466, "FOLIO": "101573.0000", "PIN": "A-26-28-18-3FE-000000-00038.0", "TYPE": null, "SITE_ADDR": "1521 W Patterson St", "SITE_CITY": "Tampa", "SITE_ZIP": "33604", "DOR_C": "0100", "ACT": 2018, "EFF": 2022, "HEAT_AR": 1493, "ACREAGE": 0.12, "JUST": 373078, "BLDG": 297990, "S_DATE": 1530057600000, "AMT": 250000, "VI": "I", "STORIES": 1, "Shape__Area": 5249.9991533713155}, "geometry": {"type": "Polygon", "coordinates": [[[-82.4748302026216, 28.01741117757337], [-82.47483031031611, 28.01769998020429], [-82.47498527908378, 28.017700027678732], [-82.47498517097182, 28.01741122415062], [-82.4748302026216, 28.01741117757337]]]}}, {"type": "Feature", "properties": {"OBJECTID": 401481, "FOLIO": "101585.0000", "PIN": "A-26-28-18-3FE-000000-00055.0", "TYPE": null, "SITE_ADDR": "1303 W Patterson St", "SITE_CITY": "Tampa", "SITE_ZIP": "33604", "DOR_C": "0100", "ACT": 1977, "EFF": 2001, "HEAT_AR": 1642, "ACREAGE": 0.26, "JUST": 334322, "BLDG": 211807, "S_DATE": 1134000000000, "AMT": 213000, "VI": "I", "STORIES": 1, "Shape__Area": 11288.772873171245}, "geometry": {"type": "Polygon", "coordinates": [[[-82.47194322203603, 28.017670212243004], [-82.47211276044222, 28.017670508012333], [-82.47227104721905, 28.017670788994074], [-82.47227038276014, 28.017376567481637], [-82.4719434900225, 28.017376482938285], [-82.47194322203603, 28.017670212243004]]]}}, {"type": "Feature", "properties": {"OBJECTID": 401628, "FOLIO": "101684.0100", "PIN": "A-26-28-18-3FF-000000-00262.0", "TYPE": null, "SITE_ADDR": "1509 W Hamilton Ave", "SITE_CITY": "Tampa", "SITE_ZIP": "33604", "DOR_C": "0100", "ACT": 1999, "EFF": 2017, "HEAT_AR": 1200, "ACREAGE": 0.14, "JUST": 246632, "BLDG": 175562, "S_DATE": 1509494400000, "AMT": 105000, "VI": "I", "STORIES": 1, "Shape__Area": 6000.0106893851735}, "geometry": {"type": "Polygon", "coordinates": [[[-82.47501945379916, 28.014811440472606], [-82.47501933042469, 28.014481379030183], [-82.4748643662695, 28.01448133243998], [-82.47486448917147, 28.014811393888376], [-82.47501945379916, 28.014811440472606]]]}}, {"type": "Feature", "properties": {"OBJECTID": 401657, "FOLIO": "101707.0000", "PIN": "A-26-28-18-3FG-000000-00295.0", "TYPE": null, "SITE_ADDR": "925 W Patterson St", "SITE_CITY": "Tampa", "SITE_ZIP": "33604", "DOR_C": "0100", "ACT": 1963, "EFF": 1994, "HEAT_AR": 1200, "ACREAGE": 0.28, "JUST": 278533, "BLDG": 136090, "S_DATE": 1732060800000, "AMT": 287500, "VI": "I", "STORIES": 1, "Shape__Area": 12266.986226554862}, "geometry": {"type": "Polygon", "coordinates": [[[-82.47018950465765, 28.017190179040956], [-82.47018963249602, 28.017578000553257], [-82.4704592777113, 28.017578090314956], [-82.4704591489068, 28.01719026881465], [-82.47018950465765, 28.017190179040956]]]}}, {"type": "Feature", "properties": {"OBJECTID": 401755, "FOLIO": "101807.0000", "PIN": "A-26-28-18-3FP-000000-00009.0", "TYPE": null, "SITE_ADDR": "2137 W Juneau St", "SITE_CITY": "Tampa", "SITE_ZIP": "33604", "DOR_C": "0100", "ACT": 1989, "EFF": 2007, "HEAT_AR": 1502, "ACREAGE": 0.21, "JUST": 314106, "BLDG": 201462, "S_DATE": 1773273600000, "AMT": 375000, "VI": "I", "STORIES": 1, "Shape__Area": 9058.205007078053}, "geometry": {"type": "Polygon", "coordinates": [[[-82.48310481950674, 28.023585803825505], [-82.48310118334726, 28.023981312708933], [-82.48329644887052, 28.02397989606752], [-82.48330008431624, 28.023584387187736], [-82.48310481950674, 28.023585803825505]]]}}, {"type": "Feature", "properties": {"OBJECTID": 401773, "FOLIO": "101817.0300", "PIN": "A-26-28-18-3FP-000000-00047.0", "TYPE": null, "SITE_ADDR": "2142 W Juneau St", "SITE_CITY": "Tampa", "SITE_ZIP": "33604", "DOR_C": "0100", "ACT": 2005, "EFF": 2015, "HEAT_AR": 1704, "ACREAGE": 0.15, "JUST": 318264, "BLDG": 235031, "S_DATE": 1485820800000, "AMT": 220000, "VI": "I", "STORIES": 1, "Shape__Area": 6626.124577561142}, "geometry": {"type": "Polygon", "coordinates": [[[-82.48329121193474, 28.023040687590075], [-82.483198390047, 28.02304129103447], [-82.48313650777185, 28.023041693600284], [-82.48313280134445, 28.02340686314275], [-82.48328750501257, 28.023405857133817], [-82.48329121193474, 28.023040687590075]]]}}, {"type": "Feature", "properties": {"OBJECTID": 401929, "FOLIO": "101962.0100", "PIN": "A-26-28-18-3FT-000000-00003.B", "TYPE": null, "SITE_ADDR": "1703 W Broad St", "SITE_CITY": "Tampa", "SITE_ZIP": "33604", "DOR_C": "0100", "ACT": 1998, "EFF": 2012, "HEAT_AR": 2520, "ACREAGE": 0.28, "JUST": 462322, "BLDG": 329842, "S_DATE": 865123200000, "AMT": 18500, "VI": "V", "STORIES": 1, "Shape__Area": 12202.608143488369}, "geometry": {"type": "Polygon", "coordinates": [[[-82.47612728403857, 28.015995863803468], [-82.47659503048416, 28.015994238163806], [-82.47659591591153, 28.015772928145694], [-82.47612847140648, 28.015772241681553], [-82.47612728403857, 28.015995863803468]]]}}, {"type": "Feature", "properties": {"OBJECTID": 402203, "FOLIO": "102167.0000", "PIN": "A-26-28-18-3G1-000000-00025.1", "TYPE": null, "SITE_ADDR": "1703 W Sligh Ave", "SITE_CITY": "Tampa", "SITE_ZIP": "33604", "DOR_C": "0100", "ACT": 1927, "EFF": 1976, "HEAT_AR": 960, "ACREAGE": 0.15, "JUST": 138397, "BLDG": 88840, "S_DATE": 1616976000000, "AMT": 135000, "VI": "I", "STORIES": 1, "Shape__Area": 6549.9712828958145}, "geometry": {"type": "Polygon", "coordinates": [[[-82.47677181402852, 28.01086206472456], [-82.47661685490148, 28.01086220955163], [-82.47661564585944, 28.011222525190494], [-82.47677060550221, 28.011222380358447], [-82.47677181402852, 28.01086206472456]]]}}, {"type": "Feature", "properties": {"OBJECTID": 402407, "FOLIO": "102429.0400", "PIN": "A-26-28-18-3G5-000014-00008.0", "TYPE": null, "SITE_ADDR": "2106 W Crawford St", "SITE_CITY": "Tampa", "SITE_ZIP": "33604", "DOR_C": "0100", "ACT": 1973, "EFF": 1999, "HEAT_AR": 2111, "ACREAGE": 0.15, "JUST": 276742, "BLDG": 199324, "S_DATE": 1164844800000, "AMT": 220000, "VI": "I", "STORIES": 1, "Shape__Area": 6599.931578049677}, "geometry": {"type": "Polygon", "coordinates": [[[-82.48091565352603, 28.013692399408843], [-82.48091665632363, 28.0133898447747], [-82.48079454696231, 28.013389962427553], [-82.48073070214078, 28.01339002420357], [-82.48072969882344, 28.013692578842782], [-82.48091565352603, 28.013692399408843]]]}}, {"type": "Feature", "properties": {"OBJECTID": 402450, "FOLIO": "102471.0000", "PIN": "A-26-28-18-3G5-000016-00016.0", "TYPE": null, "SITE_ADDR": "7101 N Coarsey Dr", "SITE_CITY": "Tampa", "SITE_ZIP": "33604", "DOR_C": "0100", "ACT": 1955, "EFF": 1990, "HEAT_AR": 1235, "ACREAGE": 0.18, "JUST": 207042, "BLDG": 120278, "S_DATE": 1635465600000, "AMT": 207000, "VI": "I", "STORIES": 1, "Shape__Area": 7730.336573101484}, "geometry": {"type": "Polygon", "coordinates": [[[-82.48348035429481, 28.012362691467832], [-82.48353280124032, 28.01257212058736], [-82.48384272310852, 28.01257181601061], [-82.48379957424618, 28.012362376849108], [-82.48348035429481, 28.012362691467832]]]}}, {"type": "Feature", "properties": {"OBJECTID": 402624, "FOLIO": "102658.0000", "PIN": "A-27-28-18-3G6-000002-00012.0", "TYPE": null, "SITE_ADDR": "2509 Kenmore Ave", "SITE_CITY": "Tampa", "SITE_ZIP": "33614", "DOR_C": "0000", "ACT": 0, "EFF": 0, "HEAT_AR": 0, "ACREAGE": 0.11, "JUST": 64200, "BLDG": 0, "S_DATE": null, "AMT": 0, "VI": null, "STORIES": 0, "Shape__Area": 4999.9776593632205}, "geometry": {"type": "Polygon", "coordinates": [[[-82.48533928883012, 28.018774850639684], [-82.48533930601697, 28.019049901582644], [-82.48549427567907, 28.019050199784882], [-82.48549425810242, 28.018775149749285], [-82.48533928883012, 28.018774850639684]]]}}, {"type": "Feature", "properties": {"OBJECTID": 403295, "FOLIO": "103355.0025", "PIN": "A-34-28-18-3GJ-000000-00028.1", "TYPE": null, "SITE_ADDR": "3008 W Rio Vista Ave", "SITE_CITY": "Tampa", "SITE_ZIP": "33614", "DOR_C": "0100", "ACT": 2021, "EFF": 2023, "HEAT_AR": 1549, "ACREAGE": 0.12, "JUST": 382387, "BLDG": 316237, "S_DATE": 1621555200000, "AMT": 380000, "VI": "I", "STORIES": 1, "Shape__Area": 5249.804066509754}, "geometry": {"type": "Polygon", "coordinates": [[[-82.49227006695816, 27.998335058819602], [-82.49226990037599, 27.998046256022548], [-82.49211496512414, 27.99804510958393], [-82.4921151312973, 27.99833391328887], [-82.49227006695816, 27.998335058819602]]]}}, {"type": "Feature", "properties": {"OBJECTID": 403334, "FOLIO": "103397.0000", "PIN": "A-35-28-18-ZZZ-000005-41950.0", "TYPE": null, "SITE_ADDR": "6700 N Rome Ave", "SITE_CITY": "Tampa", "SITE_ZIP": "33604", "DOR_C": "2813", "ACT": 1957, "EFF": 1974, "HEAT_AR": 2423, "ACREAGE": 6.09, "JUST": 2495900, "BLDG": 2495800, "S_DATE": 1263168000000, "AMT": 1975000, "VI": "I", "STORIES": 1, "Shape__Area": 265323.96737062186}, "geometry": {"type": "Polygon", "coordinates": [[[-82.47775633810855, 28.007144482458347], [-82.47621527731042, 28.007142112949868], [-82.47620542963408, 28.00836280287646], [-82.47705938692577, 28.008361704613804], [-82.477051346602, 28.008914285740946], [-82.47774493713015, 28.008915089598673], [-82.47775633810855, 28.007144482458347]]]}}, {"type": "Feature", "properties": {"OBJECTID": 403636, "FOLIO": "103708.0000", "PIN": "A-35-28-18-3GR-C00000-00006.0", "TYPE": null, "SITE_ADDR": "2120 W Hiawatha St", "SITE_CITY": "Tampa", "SITE_ZIP": "33604", "DOR_C": "0100", "ACT": 1956, "EFF": 2004, "HEAT_AR": 1540, "ACREAGE": 0.15, "JUST": 308597, "BLDG": 218600, "S_DATE": 1619481600000, "AMT": 320000, "VI": "I", "STORIES": 1, "Shape__Area": 6731.254003116107}, "geometry": {"type": "Polygon", "coordinates": [[[-82.4814079231335, 28.009504015815782], [-82.48163968394219, 28.009700443064126], [-82.4817852381929, 28.009565265640298], [-82.48156003014817, 28.009378801667722], [-82.48154093220039, 28.009398067188013], [-82.48152108638763, 28.009416757787523], [-82.48147656995654, 28.00945547699466], [-82.48145186528906, 28.009475394724472], [-82.48142366461538, 28.009496617836533], [-82.48141454487099, 28.00950160035644], [-82.4814079231335, 28.009504015815782]]]}}, {"type": "Feature", "properties": {"OBJECTID": 403844, "FOLIO": "103926.0000", "PIN": "A-35-28-18-3GU-000000-00026.4", "TYPE": null, "SITE_ADDR": "1108 W Knollwood St", "SITE_CITY": "Tampa", "SITE_ZIP": "33604", "DOR_C": "0100", "ACT": 1953, "EFF": 1989, "HEAT_AR": 684, "ACREAGE": 0.19, "JUST": 150979, "BLDG": 53779, "S_DATE": null, "AMT": 0, "VI": null, "STORIES": 1, "Shape__Area": 8259.344924695512}, "geometry": {"type": "Polygon", "coordinates": [[[-82.47005304814775, 28.007444652720835], [-82.47024190921175, 28.00744513302922], [-82.47024537226919, 28.00707190317254], [-82.4700568525188, 28.007071668052415], [-82.47005304814775, 28.007444652720835]]]}}, {"type": "Feature", "properties": {"OBJECTID": 404244, "FOLIO": "104344.0000", "PIN": "A-35-28-18-3H0-000001-00019.0", "TYPE": null, "SITE_ADDR": "1812 W Henry Ave", "SITE_CITY": "Tampa", "SITE_ZIP": "33603", "DOR_C": "0100", "ACT": 1958, "EFF": 1992, "HEAT_AR": 1364, "ACREAGE": 0.15, "JUST": 200560, "BLDG": 117525, "S_DATE": 454896000000, "AMT": 35000, "VI": "I", "STORIES": 1, "Shape__Area": 6666.871541523648}, "geometry": {"type": "Polygon", "coordinates": [[[-82.47968953234738, 27.999643992463337], [-82.47969113398099, 27.9993276978056], [-82.47951187591588, 27.999325919962303], [-82.47951026458037, 27.99964358631097], [-82.47968953234738, 27.999643992463337]]]}}, {"type": "Feature", "properties": {"OBJECTID": 404283, "FOLIO": "104379.0000", "PIN": "A-35-28-18-3H0-000002-00018.0", "TYPE": null, "SITE_ADDR": "2314 W Henry Ave", "SITE_CITY": "Tampa", "SITE_ZIP": "33603", "DOR_C": "0100", "ACT": 1964, "EFF": 2007, "HEAT_AR": 1118, "ACREAGE": 0.15, "JUST": 244300, "BLDG": 152590, "S_DATE": 1605484800000, "AMT": 218900, "VI": "I", "STORIES": 1, "Shape__Area": 6369.403980482531}, "geometry": {"type": "Polygon", "coordinates": [[[-82.48374215934527, 27.999653469784413], [-82.48374189952808, 27.999362387681487], [-82.48355576485739, 27.999360457019026], [-82.48355602534033, 27.99965271134721], [-82.48374215934527, 27.999653469784413]]]}}, {"type": "Feature", "properties": {"OBJECTID": 404308, "FOLIO": "104401.0000", "PIN": "A-35-28-18-3H0-000003-00005.0", "TYPE": null, "SITE_ADDR": "2110 W Powhatan Ave", "SITE_CITY": "Tampa", "SITE_ZIP": "33603", "DOR_C": "0100", "ACT": 1988, "EFF": 2006, "HEAT_AR": 1260, "ACREAGE": 0.14, "JUST": 271653, "BLDG": 184351, "S_DATE": 1504224000000, "AMT": 176000, "VI": "I", "STORIES": 1, "Shape__Area": 6186.920933136855}, "geometry": {"type": "Polygon", "coordinates": [[[-82.48132967811577, 27.998918438190167], [-82.4813299965701, 27.998684644905303], [-82.4813300643088, 27.998635136066156], [-82.48114392865494, 27.998633388025397], [-82.48114354197904, 27.998916691057435], [-82.48132967811577, 27.998918438190167]]]}}, {"type": "Feature", "properties": {"OBJECTID": 404478, "FOLIO": "104544.0000", "PIN": "A-35-28-18-3H0-000008-00013.0", "TYPE": null, "SITE_ADDR": "1726 W Comanche Ave", "SITE_CITY": "Tampa", "SITE_ZIP": "33603", "DOR_C": "0100", "ACT": 1987, "EFF": 2006, "HEAT_AR": 1716, "ACREAGE": 0.14, "JUST": 329675, "BLDG": 242618, "S_DATE": 554774400000, "AMT": 58000, "VI": "I", "STORIES": 1, "Shape__Area": 6225.322937412554}, "geometry": {"type": "Polygon", "coordinates": [[[-82.47851160461957, 27.99717782333764], [-82.4783401264672, 27.997176244266356], [-82.47834056554456, 27.997485676374907], [-82.47851204317014, 27.99748725544302], [-82.47851160461957, 27.99717782333764]]]}}, {"type": "Feature", "properties": {"OBJECTID": 404578, "FOLIO": "104655.0000", "PIN": "A-35-28-18-3H1-000002-00034.0", "TYPE": null, "SITE_ADDR": "2117 W Burke St", "SITE_CITY": "Tampa", "SITE_ZIP": "33604", "DOR_C": "0100", "ACT": 1955, "EFF": 1990, "HEAT_AR": 1272, "ACREAGE": 0.14, "JUST": 186714, "BLDG": 110377, "S_DATE": 1477353600000, "AMT": 125000, "VI": "I", "STORIES": 1, "Shape__Area": 6000.002647484591}, "geometry": {"type": "Polygon", "coordinates": [[[-82.48187686471262, 28.00209404738782], [-82.48187634779971, 28.002369098238002], [-82.48206228334315, 28.002369444497365], [-82.48206279978388, 28.00209439365239], [-82.48187686471262, 28.00209404738782]]]}}, {"type": "Feature", "properties": {"OBJECTID": 404616, "FOLIO": "104691.0000", "PIN": "A-35-28-18-3H1-000003-00036.0", "TYPE": null, "SITE_ADDR": "2113 W Idlewild Ave", "SITE_CITY": "Tampa", "SITE_ZIP": "33603", "DOR_C": "0100", "ACT": 1946, "EFF": 1986, "HEAT_AR": 1026, "ACREAGE": 0.14, "JUST": 171972, "BLDG": 98532, "S_DATE": 1264723200000, "AMT": 56000, "VI": "I", "STORIES": 1, "Shape__Area": 5999.616898195327}, "geometry": {"type": "Polygon", "coordinates": [[[-82.48151141832597, 28.001408196869946], [-82.48151384888517, 28.00168324013904], [-82.48169978197885, 28.001683756559768], [-82.48169735095152, 28.001408714202235], [-82.48151141832597, 28.001408196869946]]]}}, {"type": "Feature", "properties": {"OBJECTID": 404671, "FOLIO": "104736.0000", "PIN": "A-35-28-18-3H1-000005-00012.0", "TYPE": null, "SITE_ADDR": "2302 W Clifton St", "SITE_CITY": "Tampa", "SITE_ZIP": "33603", "DOR_C": "0100", "ACT": 1948, "EFF": 1986, "HEAT_AR": 760, "ACREAGE": 0.17, "JUST": 179484, "BLDG": 78276, "S_DATE": 1483660800000, "AMT": 97500, "VI": "I", "STORIES": 1, "Shape__Area": 7409.996189543949}, "geometry": {"type": "Polygon", "coordinates": [[[-82.48232262069524, 28.000575543610214], [-82.48232314978813, 28.00018359524985], [-82.48216200988249, 28.000183194846688], [-82.48216147918978, 28.00057514321726], [-82.48232262069524, 28.000575543610214]]]}}, {"type": "Feature", "properties": {"OBJECTID": 404704, "FOLIO": "104767.0000", "PIN": "A-35-28-18-3H2-000000-00003.0", "TYPE": null, "SITE_ADDR": "1905 W Jean St", "SITE_CITY": "Tampa", "SITE_ZIP": "33604", "DOR_C": "0100", "ACT": 1947, "EFF": 1967, "HEAT_AR": 760, "ACREAGE": 0.16, "JUST": 123367, "BLDG": 35343, "S_DATE": 854755200000, "AMT": 25000, "VI": "I", "STORIES": 1, "Shape__Area": 7132.19866540747}, "geometry": {"type": "Polygon", "coordinates": [[[-82.47860318990026, 28.004365884477487], [-82.47860158484836, 28.00475824253429], [-82.47875653246226, 28.004757475636023], [-82.47875813695283, 28.004365117584328], [-82.47860318990026, 28.004365884477487]]]}}, {"type": "Feature", "properties": {"OBJECTID": 404711, "FOLIO": "104772.0000", "PIN": "A-35-28-18-3H2-000000-00006.1", "TYPE": null, "SITE_ADDR": "1919 W Jean St", "SITE_CITY": "Tampa", "SITE_ZIP": "33604", "DOR_C": "0100", "ACT": 1976, "EFF": 2000, "HEAT_AR": 1048, "ACREAGE": 0.19, "JUST": 234673, "BLDG": 136690, "S_DATE": 1450396800000, "AMT": 130000, "VI": "I", "STORIES": 1, "Shape__Area": 8264.62748296197}, "geometry": {"type": "Polygon", "coordinates": [[[-82.47933057532839, 28.004589606430848], [-82.47933150404255, 28.004362278702565], [-82.47902160996905, 28.00436381360654], [-82.4790206806044, 28.004591141340736], [-82.47933057532839, 28.004589606430848]]]}}, {"type": "Feature", "properties": {"OBJECTID": 404770, "FOLIO": "104829.0000", "PIN": "A-35-28-18-3H3-000005-00010.0", "TYPE": null, "SITE_ADDR": "5409 N Park Pl", "SITE_CITY": "Tampa", "SITE_ZIP": "33603", "DOR_C": "0100", "ACT": 1947, "EFF": 1986, "HEAT_AR": 1370, "ACREAGE": 0.17, "JUST": 204511, "BLDG": 112604, "S_DATE": 1527552000000, "AMT": 171000, "VI": "I", "STORIES": 2, "Shape__Area": 7526.456045023078}, "geometry": {"type": "Polygon", "coordinates": [[[-82.47191837877398, 27.996716724312087], [-82.47144737602345, 27.9968761435567], [-82.47142361501093, 27.99688420047704], [-82.47155415496006, 27.99698956168561], [-82.4719610328437, 27.996833860808312], [-82.47191837877398, 27.996716724312087]]]}}, {"type": "Feature", "properties": {"OBJECTID": 404897, "FOLIO": "104940.0000", "PIN": "A-36-28-18-3H6-000006-00015.0", "TYPE": null, "SITE_ADDR": "809 W Hiawatha St", "SITE_CITY": "Tampa", "SITE_ZIP": "33604", "DOR_C": "0100", "ACT": 1946, "EFF": 2001, "HEAT_AR": 1345, "ACREAGE": 0.15, "JUST": 274366, "BLDG": 196189, "S_DATE": 1583798400000, "AMT": 229000, "VI": "I", "STORIES": 1, "Shape__Area": 6396.136227144666}, "geometry": {"type": "Polygon", "coordinates": [[[-82.46680002139465, 28.00951073841911], [-82.46696993878267, 28.00951321234563], [-82.46697690247244, 28.00919487023812], [-82.4668045348901, 28.009192102330726], [-82.46680002139465, 28.00951073841911]]]}}, {"type": "Feature", "properties": {"OBJECTID": 404920, "FOLIO": "104959.0000", "PIN": "A-36-28-18-3H6-000008-00002.0", "TYPE": null, "SITE_ADDR": "806 W Minnehaha St", "SITE_CITY": "Tampa", "SITE_ZIP": "33604", "DOR_C": "0100", "ACT": 1956, "EFF": 1990, "HEAT_AR": 1588, "ACREAGE": 0.19, "JUST": 255904, "BLDG": 151139, "S_DATE": 304992000000, "AMT": 28000, "VI": "I", "STORIES": 1, "Shape__Area": 8167.270378492542}, "geometry": {"type": "Polygon", "coordinates": [[[-82.4668371505383, 28.008257554980407], [-82.4668401153278, 28.00809385333319], [-82.46684258237141, 28.007957619844806], [-82.46684294933112, 28.007826941465726], [-82.46665967953234, 28.007922898192717], [-82.46665487338458, 28.008253472332072], [-82.4668371505383, 28.008257554980407]]]}}, {"type": "Feature", "properties": {"OBJECTID": 405112, "FOLIO": "105320.0000", "PIN": "A-02-29-18-3HB-000000-E0000.2", "TYPE": null, "SITE_ADDR": "4630 N Rome Ave", "SITE_CITY": "Tampa", "SITE_ZIP": "33603", "DOR_C": "7200", "ACT": 2003, "EFF": 2010, "HEAT_AR": 95866, "ACREAGE": 11.35, "JUST": 9334375, "BLDG": 8883895, "S_DATE": null, "AMT": 0, "VI": null, "STORIES": 16, "Shape__Area": 494599.390736252}, "geometry": {"type": "Polygon", "coordinates": [[[-82.47790730486388, 27.986508379761943], [-82.47770646389304, 27.986481917756624], [-82.4775055264434, 27.986455455791983], [-82.47730420178122, 27.986428994876523], [-82.4771070440336, 27.9864032068445], [-82.47688440788164, 27.986396760608002], [-82.47660182935432, 27.986388803553126], [-82.47651867144673, 27.989232472756854], [-82.47669937069918, 27.98913836362923], [-82.47687656326674, 27.989039138955064], [-82.4770500645746, 27.98893490316466], [-82.4772196971782, 27.9888257633715], [-82.47738528264276, 27.98871183210746], [-82.47754665069641, 27.98859322819337], [-82.47770363413943, 27.988470074951852], [-82.47785606985686, 27.98834249930124], [-82.47800379984307, 27.98821063355686], [-82.47814677927268, 27.988067773916615], [-82.4782849019792, 27.987921196862267], [-82.47841804248431, 27.98777103188871], [-82.47854608447705, 27.98761741206845], [-82.4786689137017, 27.987460474978764], [-82.4787864209876, 27.987300358179027], [-82.47889850329355, 27.98713720552384], [-82.47865778245962, 27.9868072918602], [-82.47847401043911, 27.986721291295037], [-82.47829072410009, 27.98663563170598], [-82.47809659092414, 27.986571326208715], [-82.47790730486388, 27.986508379761943]]]}}, {"type": "Feature", "properties": {"OBJECTID": 405345, "FOLIO": "105598.0000", "PIN": "A-02-29-18-3HF-000017-00016.0", "TYPE": null, "SITE_ADDR": "1019 N Bask Dr", "SITE_CITY": "Tampa", "SITE_ZIP": "33603", "DOR_C": "0100", "ACT": 1950, "EFF": 1988, "HEAT_AR": 1336, "ACREAGE": 0.28, "JUST": 227818, "BLDG": 115034, "S_DATE": 972000000000, "AMT": 72000, "VI": "I", "STORIES": 1, "Shape__Area": 12065.666579835586}, "geometry": {"type": "Polygon", "coordinates": [[[-82.47520281485242, 27.992367081123604], [-82.47468852730621, 27.99235213840689], [-82.47469575337335, 27.99242428875979], [-82.47470923260134, 27.992558604996347], [-82.47519763601493, 27.992571271865863], [-82.47520281485242, 27.992367081123604]]]}}, {"type": "Feature", "properties": {"OBJECTID": 405398, "FOLIO": "105659.0000", "PIN": "A-02-29-18-3HG-000006-00005.0", "TYPE": null, "SITE_ADDR": "4941 Wishart Blvd", "SITE_CITY": "Tampa", "SITE_ZIP": "33603", "DOR_C": "0100", "ACT": 1952, "EFF": 1988, "HEAT_AR": 1281, "ACREAGE": 0.32, "JUST": 300812, "BLDG": 143563, "S_DATE": 189302400000, "AMT": 31500, "VI": null, "STORIES": 1, "Shape__Area": 14037.924065897792}, "geometry": {"type": "Polygon", "coordinates": [[[-82.47166556667332, 27.99331973219562], [-82.47120797534258, 27.993118424764063], [-82.47111647378438, 27.993240065803793], [-82.47131855343835, 27.993421375044893], [-82.47151407003297, 27.993596765043208], [-82.47159278546643, 27.993459527100885], [-82.47166556667332, 27.99331973219562]]]}}, {"type": "Feature", "properties": {"OBJECTID": 405564, "FOLIO": "105833.0000", "PIN": "A-02-29-18-3HL-000039-00011.0", "TYPE": null, "SITE_ADDR": "2308 N Elcoe Dr", "SITE_CITY": "Tampa", "SITE_ZIP": "33603", "DOR_C": "0000", "ACT": 0, "EFF": 0, "HEAT_AR": 0, "ACREAGE": 0.17, "JUST": 82471, "BLDG": 0, "S_DATE": 423273600000, "AMT": 51500, "VI": "I", "STORIES": 0, "Shape__Area": 7196.3315192126865}, "geometry": {"type": "Polygon", "coordinates": [[[-82.48280625586266, 27.985153398663204], [-82.48317493922245, 27.985153255493692], [-82.48317920030964, 27.98498648946169], [-82.48281107714816, 27.98498720730849], [-82.48280625586266, 27.985153398663204]]]}}, {"type": "Feature", "properties": {"OBJECTID": 405947, "FOLIO": "106264.0000", "PIN": "A-02-29-18-3HV-000012-00026.0", "TYPE": null, "SITE_ADDR": "4822 N Mendenhall Dr", "SITE_CITY": "Tampa", "SITE_ZIP": "33603", "DOR_C": "0100", "ACT": 1957, "EFF": 2005, "HEAT_AR": 1855, "ACREAGE": 0.18, "JUST": 294947, "BLDG": 203183, "S_DATE": 1496966400000, "AMT": 199000, "VI": "I", "STORIES": 1, "Shape__Area": 7938.5709205173725}, "geometry": {"type": "Polygon", "coordinates": [[[-82.47912604297898, 27.989697171537465], [-82.47912746508244, 27.98988729891573], [-82.47948350618123, 27.989886054462005], [-82.47948169613956, 27.989695929347853], [-82.47912604297898, 27.989697171537465]]]}}, {"type": "Feature", "properties": {"OBJECTID": 406039, "FOLIO": "106358.0000", "PIN": "A-02-29-18-3HW-000000-00066.0", "TYPE": null, "SITE_ADDR": "1508 River Shore Way", "SITE_CITY": "Tampa", "SITE_ZIP": "33603", "DOR_C": "0100", "ACT": 1951, "EFF": 1988, "HEAT_AR": 1384, "ACREAGE": 0.14, "JUST": 181086, "BLDG": 108433, "S_DATE": 849398400000, "AMT": 64000, "VI": "I", "STORIES": 1, "Shape__Area": 6311.244286439304}, "geometry": {"type": "Polygon", "coordinates": [[[-82.47283410536075, 27.9877509882619], [-82.47283019318317, 27.987496919298394], [-82.47280259352165, 27.98749701417877], [-82.47261891043415, 27.987497303479707], [-82.4726216627502, 27.98775103262249], [-82.47283410536075, 27.9877509882619]]]}}, {"type": "Feature", "properties": {"OBJECTID": 406077, "FOLIO": "106396.0000", "PIN": "A-02-29-18-3HW-000000-00107.0", "TYPE": null, "SITE_ADDR": "1534 W Park Ln", "SITE_CITY": "Tampa", "SITE_ZIP": "33603", "DOR_C": "0100", "ACT": 1958, "EFF": 2015, "HEAT_AR": 975, "ACREAGE": 0.15, "JUST": 272678, "BLDG": 200025, "S_DATE": 1710460800000, "AMT": 370500, "VI": "I", "STORIES": 1, "Shape__Area": 6324.9699737187775}, "geometry": {"type": "Polygon", "coordinates": [[[-82.4745637236337, 27.987101042526476], [-82.47477035378292, 27.98710067052219], [-82.47477037005777, 27.986839368819304], [-82.47456441844541, 27.986839737575615], [-82.4745637236337, 27.987101042526476]]]}}, {"type": "Feature", "properties": {"OBJECTID": 406195, "FOLIO": "106509.0000", "PIN": "A-03-29-18-ZZZ-000005-44140.0", "TYPE": null, "SITE_ADDR": "4701 N Himes Ave", "SITE_CITY": "Tampa", "SITE_ZIP": "33614", "DOR_C": "7200", "ACT": 1960, "EFF": 2004, "HEAT_AR": 207493, "ACREAGE": 35.23, "JUST": 43328186, "BLDG": 40791406, "S_DATE": 1255478400000, "AMT": 90000, "VI": "I", "STORIES": 17, "Shape__Area": 1534790.6400006285}, "geometry": {"type": "Polygon", "coordinates": [[[-82.49724278511303, 27.985166152454763], [-82.4970513232121, 27.9854749074194], [-82.49708019275133, 27.985492717626922], [-82.4971057021123, 27.985514193809312], [-82.49712726452113, 27.985538844473837], [-82.497144385364, 27.985566102895067], [-82.49715667344363, 27.98559534331744], [-82.49716384511609, 27.985625896280787], [-82.49716573654355, 27.98565706030728], [-82.49754419127375, 27.98547930959892], [-82.4975380627051, 27.98576813916592], [-82.49753431023272, 27.985942124624696], [-82.49753057455175, 27.986119548179985], [-82.4971541860164, 27.986115067917268], [-82.49714967724438, 27.98629318279271], [-82.4975267318095, 27.9862949101235], [-82.49752299983155, 27.986473365104764], [-82.49751907943205, 27.98665285130903], [-82.49751494823111, 27.986849531784493], [-82.49805334281342, 27.986852458002357], [-82.49801927197208, 27.988691597538494], [-82.49839613594492, 27.988692290747323], [-82.49839295540035, 27.988358799837975], [-82.49867880152838, 27.988360167702297], [-82.49867471742061, 27.98869299820798], [-82.50102054227885, 27.988697867860935], [-82.50109094347387, 27.985965437434103], [-82.5006277237573, 27.98596511098887], [-82.50063476448877, 27.985429656327565], [-82.50064164983932, 27.984905904572685], [-82.50052193364547, 27.984897744864647], [-82.50052800846791, 27.984661520170587], [-82.49887825449011, 27.984650149641976], [-82.49706800988726, 27.984637650098477], [-82.49705852240807, 27.985081210033666], [-82.49755273684657, 27.985083888252802], [-82.49755088997057, 27.985166754639472], [-82.49724278511303, 27.985166152454763]]]}}, {"type": "Feature", "properties": {"OBJECTID": 406205, "FOLIO": "106523.0000", "PIN": "A-03-29-18-ZZZ-000005-44250.0", "TYPE": null, "SITE_ADDR": "3001 W Dr Martin Luther King Jr Blvd", "SITE_CITY": "Tampa", "SITE_ZIP": "33614", "DOR_C": "7300", "ACT": 1966, "EFF": 1991, "HEAT_AR": 1083666, "ACREAGE": 26.73, "JUST": 163411045, "BLDG": 149838945, "S_DATE": null, "AMT": 0, "VI": null, "STORIES": 45, "Shape__Area": 1164275.0323348662}, "geometry": {"type": "Polygon", "coordinates": [[[-82.49082691133269, 27.98143324289495], [-82.49082693813105, 27.981466327700804], [-82.49061795262345, 27.981484000568667], [-82.48940344781852, 27.982540050188458], [-82.4890005707615, 27.982529912360047], [-82.48898999479191, 27.983129557933395], [-82.4889439286387, 27.98312801704529], [-82.48893508771275, 27.984124329516174], [-82.4898141319989, 27.98412922709904], [-82.48986885202446, 27.984129553817905], [-82.49004150113427, 27.984130505405044], [-82.49013681070389, 27.984131044755454], [-82.49023115953202, 27.98413156039181], [-82.49032216182758, 27.984132060820833], [-82.49041189447556, 27.984132564813997], [-82.4905031449262, 27.98413309131065], [-82.49059073969323, 27.984133575738774], [-82.490772993447, 27.984134600439035], [-82.49086117678743, 27.98413508349725], [-82.49094998033235, 27.984135591357393], [-82.49104246980313, 27.984136085099138], [-82.49113530095387, 27.984136605533234], [-82.49122534364592, 27.98413710879099], [-82.49138655847081, 27.984138016503042], [-82.49147598107646, 27.984138520909504], [-82.49156695287452, 27.984139020623754], [-82.49166226244213, 27.984139558916926], [-82.49184172773873, 27.984140565998274], [-82.49192898196722, 27.984141050791678], [-82.49202305226416, 27.98414156619478], [-82.49211836183528, 27.984142105074223], [-82.49220623512882, 27.9841425874768], [-82.4922953476925, 27.984143092459945], [-82.49238291196139, 27.984143575855654], [-82.49247273609834, 27.98414407907901], [-82.4925625937724, 27.98414458031879], [-82.49265241892569, 27.984145083421144], [-82.49274227559117, 27.98414558635192], [-82.49283210061702, 27.984146061362825], [-82.49293701573052, 27.984146647376843], [-82.49294086528991, 27.983984790811885], [-82.49334068861671, 27.983985416645258], [-82.49333710073186, 27.983197534964848], [-82.4933398998539, 27.98316394010681], [-82.49334881832682, 27.98313119773141], [-82.49336361715274, 27.98310017771107], [-82.49338390161873, 27.983071708965507], [-82.49340913233138, 27.98304654693556], [-82.49411260270402, 27.982451216329604], [-82.49403443714255, 27.982324608066797], [-82.49395411854361, 27.982199066911043], [-82.49393478949703, 27.98217992320658], [-82.49391256835457, 27.98216343754137], [-82.49388791309073, 27.98214995118373], [-82.49386133526606, 27.9821397420414], [-82.49383338375111, 27.9821330220129], [-82.4935747490733, 27.98208900779636], [-82.49355694510665, 27.982084868275162], [-82.4935401854159, 27.982078116150674], [-82.49352495474321, 27.982068943701222], [-82.49351169140373, 27.98205761646681], [-82.49350077706687, 27.982044461554207], [-82.49349252654216, 27.982029856844907], [-82.49348717758116, 27.98201422381214], [-82.49348488471286, 27.981998013104622], [-82.49348546074668, 27.981950823353927], [-82.49347865349516, 27.981904019248056], [-82.49346459517578, 27.981858507229017], [-82.49344355715122, 27.981815167971238], [-82.49343141044285, 27.981774014025945], [-82.49342650725316, 27.981731694357997], [-82.49342308014275, 27.98146204351753], [-82.49082691133269, 27.98143324289495]], [[-82.49221254329846, 27.983983087328465], [-82.49177904766555, 27.983587820482207], [-82.49175495946187, 27.983489163599497], [-82.49170094779434, 27.98343987418819], [-82.49188088429433, 27.98327884453238], [-82.49180310228682, 27.98320788406737], [-82.49192770350815, 27.98309507639814], [-82.49200700942244, 27.98316740751123], [-82.49235169876384, 27.98285890691729], [-82.49290497878916, 27.98336343469956], [-82.49221254329846, 27.983983087328465]], [[-82.49195065357996, 27.982506157601822], [-82.49190491763466, 27.98246443059972], [-82.49190497454941, 27.98247697293051], [-82.49188485579778, 27.98249497928322], [-82.49185154773754, 27.982495098387655], [-82.49183160539857, 27.98247693388367], [-82.49183113217578, 27.982372633739523], [-82.491658022227, 27.98221476852195], [-82.49163080554223, 27.982239153143258], [-82.49157990598646, 27.982192742048966], [-82.49160323397352, 27.982171836572853], [-82.4915910380785, 27.98216071289], [-82.4914330247696, 27.98216127931223], [-82.4914257109319, 27.9821677964453], [-82.49140290544686, 27.98214700166714], [-82.49151004566829, 27.98205114616666], [-82.49133531981852, 27.981891800038444], [-82.49154259443655, 27.981706275716792], [-82.49182518759456, 27.981963979878774], [-82.49183500078847, 27.98195516979949], [-82.49189817366691, 27.981954943906715], [-82.49190791259923, 27.981963820334943], [-82.49219319660114, 27.981708509164704], [-82.49246550601394, 27.981952990651052], [-82.49217528538611, 27.982212694000335], [-82.49223256284036, 27.98226491429564], [-82.4922330339436, 27.98236866307431], [-82.49207991532968, 27.982505694341135], [-82.49195065357996, 27.982506157601822]]]}}, {"type": "Feature", "properties": {"OBJECTID": 406275, "FOLIO": "106625.0000", "PIN": "A-03-29-18-3HZ-000000-00018.0", "TYPE": null, "SITE_ADDR": "2713 Bel Aire Cir", "SITE_CITY": "Tampa", "SITE_ZIP": "33614", "DOR_C": "0100", "ACT": 1951, "EFF": 2003, "HEAT_AR": 752, "ACREAGE": 0.13, "JUST": 193526, "BLDG": 128672, "S_DATE": 1559001600000, "AMT": 170000, "VI": "I", "STORIES": 1, "Shape__Area": 5499.806384580506}, "geometry": {"type": "Polygon", "coordinates": [[[-82.48725647891787, 27.98319214606805], [-82.48737775804925, 27.983442042852218], [-82.48753581815629, 27.98338228940692], [-82.48741499966758, 27.983131813590663], [-82.48725647891787, 27.98319214606805]]]}}, {"type": "Feature", "properties": {"OBJECTID": 406304, "FOLIO": "106655.0000", "PIN": "A-03-29-18-3I0-000000-00002.0", "TYPE": null, "SITE_ADDR": "2905 W Osborne Ave", "SITE_CITY": "Tampa", "SITE_ZIP": "33614", "DOR_C": "0100", "ACT": 1961, "EFF": 1993, "HEAT_AR": 1404, "ACREAGE": 0.23, "JUST": 320667, "BLDG": 214333, "S_DATE": 1754611200000, "AMT": 350000, "VI": "I", "STORIES": 1, "Shape__Area": 9863.40398159355}, "geometry": {"type": "Polygon", "coordinates": [[[-82.48920107470805, 27.989208452293017], [-82.48942416757896, 27.989209514814306], [-82.48943110905945, 27.988832745109026], [-82.48920801696433, 27.988831682589122], [-82.48920441930272, 27.989026942414036], [-82.48920107470805, 27.989208452293017]]]}}, {"type": "Feature", "properties": {"OBJECTID": 406315, "FOLIO": "106666.0000", "PIN": "A-03-29-18-3I0-000000-00014.0", "TYPE": null, "SITE_ADDR": "2906 W Louisiana Ave", "SITE_CITY": "Tampa", "SITE_ZIP": "33614", "DOR_C": "0100", "ACT": 1958, "EFF": 1992, "HEAT_AR": 1784, "ACREAGE": 0.23, "JUST": 348334, "BLDG": 236672, "S_DATE": 126230400000, "AMT": 22500, "VI": null, "STORIES": 1, "Shape__Area": 9863.418132257957}, "geometry": {"type": "Polygon", "coordinates": [[[-82.48942416757896, 27.989209514814306], [-82.48920107470805, 27.989208452293017], [-82.48919898599411, 27.989321813501856], [-82.48919413242453, 27.989585221976604], [-82.48941722607533, 27.989586285401657], [-82.48942416757896, 27.989209514814306]]]}}, {"type": "Feature", "properties": {"OBJECTID": 406549, "FOLIO": "106765.0000", "PIN": "A-03-29-18-3I5-000003-00002.0", "TYPE": null, "SITE_ADDR": "3404 W Louisiana Ave", "SITE_CITY": "Tampa", "SITE_ZIP": "33614", "DOR_C": "0100", "ACT": 1956, "EFF": 1990, "HEAT_AR": 1137, "ACREAGE": 0.18, "JUST": 248818, "BLDG": 160873, "S_DATE": 1404172800000, "AMT": 117000, "VI": "I", "STORIES": 1, "Shape__Area": 7993.6239443104105}, "geometry": {"type": "Polygon", "coordinates": [[[-82.49955203208751, 27.989544182588183], [-82.4995610445378, 27.989205964916554], [-82.4993596422956, 27.98920501966494], [-82.49935062922067, 27.989543238233914], [-82.49955203208751, 27.989544182588183]]]}}, {"type": "Feature", "properties": {"OBJECTID": 406740, "FOLIO": "106968.0000", "PIN": "A-03-29-18-3I8-000006-00003.0", "TYPE": null, "SITE_ADDR": "4612 N Jamaica St", "SITE_CITY": "Tampa", "SITE_ZIP": "33614", "DOR_C": "0100", "ACT": 1961, "EFF": 1993, "HEAT_AR": 1920, "ACREAGE": 0.17, "JUST": 350942, "BLDG": 252021, "S_DATE": null, "AMT": 0, "VI": null, "STORIES": 1, "Shape__Area": 7498.713805257668}, "geometry": {"type": "Polygon", "coordinates": [[[-82.49449739209825, 27.98825046188522], [-82.49480723994326, 27.988251926567454], [-82.49481274450119, 27.98804569649317], [-82.494502897246, 27.9880442318158], [-82.49449739209825, 27.98825046188522]]]}}, {"type": "Feature", "properties": {"OBJECTID": 406768, "FOLIO": "106996.0000", "PIN": "A-03-29-18-3I8-000008-00003.0", "TYPE": null, "SITE_ADDR": "3106 W Louisiana Ave", "SITE_CITY": "Tampa", "SITE_ZIP": "33614", "DOR_C": "0100", "ACT": 1959, "EFF": 1992, "HEAT_AR": 2045, "ACREAGE": 0.21, "JUST": 337916, "BLDG": 238795, "S_DATE": 1185408000000, "AMT": 172000, "VI": "I", "STORIES": 1, "Shape__Area": 9100.45160445101}, "geometry": {"type": "Polygon", "coordinates": [[[-82.49360611151421, 27.989526484416025], [-82.4936151415113, 27.989188266898815], [-82.49338585249068, 27.989187181065404], [-82.49337682076117, 27.989525398580405], [-82.49360611151421, 27.989526484416025]]]}}, {"type": "Feature", "properties": {"OBJECTID": 407037, "FOLIO": "107264.0300", "PIN": "A-03-29-18-3IF-000008-00024.0", "TYPE": null, "SITE_ADDR": "2920 W Crest Ave", "SITE_CITY": "Tampa", "SITE_ZIP": "33614", "DOR_C": "0100", "ACT": 1978, "EFF": 2002, "HEAT_AR": 1820, "ACREAGE": 0.11, "JUST": 335212, "BLDG": 276912, "S_DATE": 255139200000, "AMT": 27000, "VI": "I", "STORIES": 2, "Shape__Area": 4999.164299943068}, "geometry": {"type": "Polygon", "coordinates": [[[-82.4906221045657, 27.99401947041539], [-82.49062945407198, 27.99374449699631], [-82.49047452174003, 27.993743760138003], [-82.49046717184044, 27.99401873355382], [-82.4906221045657, 27.99401947041539]]]}}, {"type": "Feature", "properties": {"OBJECTID": 407123, "FOLIO": "107327.0000", "PIN": "A-03-29-18-3II-000003-00124.0", "TYPE": null, "SITE_ADDR": "3106 W Crest Ave", "SITE_CITY": "Tampa", "SITE_ZIP": "33614", "DOR_C": "0100", "ACT": 1976, "EFF": 2000, "HEAT_AR": 1442, "ACREAGE": 0.23, "JUST": 322880, "BLDG": 194932, "S_DATE": 1141257600000, "AMT": 200000, "VI": "I", "STORIES": 1, "Shape__Area": 9998.308299070834}, "geometry": {"type": "Polygon", "coordinates": [[[-82.49331384667406, 27.993863522129892], [-82.49332119035901, 27.993588548644244], [-82.49324372431794, 27.993588181300755], [-82.49308879223935, 27.993587447385263], [-82.49301132721845, 27.993587080809597], [-82.49300398274687, 27.993862054288815], [-82.49331384667406, 27.993863522129892]]]}}, {"type": "Feature", "properties": {"OBJECTID": 407145, "FOLIO": "107341.1000", "PIN": "A-03-29-18-3II-000004-00178.0", "TYPE": null, "SITE_ADDR": "3114 W Haya St", "SITE_CITY": "Tampa", "SITE_ZIP": "33614", "DOR_C": "0100", "ACT": 1971, "EFF": 2009, "HEAT_AR": 1092, "ACREAGE": 0.13, "JUST": 254179, "BLDG": 195172, "S_DATE": 1677110400000, "AMT": 310000, "VI": "I", "STORIES": 1, "Shape__Area": 5724.042575461394}, "geometry": {"type": "Polygon", "coordinates": [[[-82.49386199824394, 27.99313798010056], [-82.49387040415448, 27.99282313544814], [-82.49371547317715, 27.992822402224714], [-82.49370706681627, 27.993137246873445], [-82.49386199824394, 27.99313798010056]]]}}, {"type": "Feature", "properties": {"OBJECTID": 407344, "FOLIO": "107506.0000", "PIN": "A-03-29-18-3IK-D00000-00015.0", "TYPE": null, "SITE_ADDR": "2730 W Louisiana Ave", "SITE_CITY": "Tampa", "SITE_ZIP": "33614", "DOR_C": "0100", "ACT": 1954, "EFF": 2004, "HEAT_AR": 1610, "ACREAGE": 0.31, "JUST": 456552, "BLDG": 291017, "S_DATE": 1401840000000, "AMT": 155000, "VI": "I", "STORIES": 1, "Shape__Area": 13531.439252984028}, "geometry": {"type": "Polygon", "coordinates": [[[-82.4882398450705, 27.98958592209002], [-82.48856428942665, 27.98958747532136], [-82.4885830953891, 27.989570329599363], [-82.4885916444683, 27.98925071525134], [-82.48824885633597, 27.98924907920423], [-82.4882398450705, 27.98958592209002]]]}}, {"type": "Feature", "properties": {"OBJECTID": 407831, "FOLIO": "108068.0000", "PIN": "A-04-29-18-3IP-000030-00022.0", "TYPE": null, "SITE_ADDR": "4410 N Clark Ave", "SITE_CITY": "Tampa", "SITE_ZIP": "33614", "DOR_C": "0100", "ACT": 1959, "EFF": 1992, "HEAT_AR": 1492, "ACREAGE": 0.22, "JUST": 330271, "BLDG": 170421, "S_DATE": 1646956800000, "AMT": 325000, "VI": "I", "STORIES": 1, "Shape__Area": 9412.092314003414}, "geometry": {"type": "Polygon", "coordinates": [[[-82.51246786014781, 27.982589341815956], [-82.51296420672557, 27.98259436713745], [-82.5129662437576, 27.982431733728973], [-82.51247000526172, 27.98242877090029], [-82.51246786014781, 27.982589341815956]]]}}, {"type": "Feature", "properties": {"OBJECTID": 407887, "FOLIO": "108137.0000", "PIN": "A-05-29-18-3IP-000036-00011.0", "TYPE": null, "SITE_ADDR": "4409 N Hesperides St", "SITE_CITY": "Tampa", "SITE_ZIP": "33614", "DOR_C": "1248", "ACT": 1967, "EFF": 2006, "HEAT_AR": 7466, "ACREAGE": 1.24, "JUST": 1176260, "BLDG": 1176160, "S_DATE": 1488240000000, "AMT": 650000, "VI": "I", "STORIES": 4, "Shape__Area": 53868.776395288995}, "geometry": {"type": "Polygon", "coordinates": [[[-82.51950918348956, 27.982255538136087], [-82.51915731307813, 27.98225308465111], [-82.51915962558313, 27.982089418745428], [-82.51881744715524, 27.982088647786544], [-82.51880157578906, 27.983081309876606], [-82.51914550992142, 27.983083793296487], [-82.51915253202574, 27.982589013334476], [-82.51950401889785, 27.982591811182825], [-82.51950918348956, 27.982255538136087]]]}}, {"type": "Feature", "properties": {"OBJECTID": 408168, "FOLIO": "108776.0000", "PIN": "A-08-29-18-3IP-000080-00020.0", "TYPE": null, "SITE_ADDR": "4216 N Manhattan Ave", "SITE_CITY": "Tampa", "SITE_ZIP": "33614", "DOR_C": "0100", "ACT": 1957, "EFF": 1991, "HEAT_AR": 1284, "ACREAGE": 0.25, "JUST": 225648, "BLDG": 121574, "S_DATE": 1208390400000, "AMT": 60000, "VI": "I", "STORIES": 1, "Shape__Area": 10772.591731894969}, "geometry": {"type": "Polygon", "coordinates": [[[-82.51785128622888, 27.979322495641973], [-82.51812472872997, 27.97932627852419], [-82.51812441210448, 27.979341063799463], [-82.51828681054432, 27.97934698363612], [-82.5182889468502, 27.97912555726021], [-82.51785320660784, 27.979116540889237], [-82.51785128622888, 27.979322495641973]]]}}, {"type": "Feature", "properties": {"OBJECTID": 408425, "FOLIO": "109044.0000", "PIN": "A-08-29-18-ZZZ-000005-46020.0", "TYPE": null, "SITE_ADDR": "2450 N West Shore Blvd", "SITE_CITY": "Tampa", "SITE_ZIP": "33607", "DOR_C": "9080", "ACT": 1981, "EFF": 2004, "HEAT_AR": 163747, "ACREAGE": 24.74, "JUST": 13159500, "BLDG": 6698890, "S_DATE": null, "AMT": 0, "VI": null, "STORIES": 2, "Shape__Area": 1077755.7486965088}, "geometry": {"type": "Polygon", "coordinates": [[[-82.52677313443212, 27.964504695638038], [-82.52634312255651, 27.964493525994605], [-82.52633109022867, 27.964858720321352], [-82.52559867067986, 27.964839695073195], [-82.52546958414315, 27.96532614224782], [-82.52545589404794, 27.965743135450097], [-82.52540944707349, 27.96574188970886], [-82.52540776379313, 27.965791376809825], [-82.52430688090038, 27.965761850197943], [-82.5243232116549, 27.966966869622095], [-82.52432507457962, 27.96710436377458], [-82.52409170554061, 27.967109690842737], [-82.52336943747999, 27.967090368857786], [-82.52334221215368, 27.968481229148797], [-82.52640340376708, 27.968564647502888], [-82.52644034108293, 27.968563074974092], [-82.5264765461557, 27.968556386798177], [-82.52651112434161, 27.96854474883192], [-82.52654322426382, 27.9685284458848], [-82.526572053063, 27.968507882562708], [-82.52659689968681, 27.96848356513074], [-82.52661715110794, 27.96845609242665], [-82.52663230751308, 27.96842614407121], [-82.5266419954057, 27.968394457857737], [-82.52664597567106, 27.96836181618487], [-82.52677313443212, 27.964504695638038]]]}}, {"type": "Feature", "properties": {"OBJECTID": 408471, "FOLIO": "109073.2162", "PIN": "A-09-29-18-B4D-000000-00014.0", "TYPE": null, "SITE_ADDR": "4201 N Dale Mabry Hwy", "SITE_CITY": "Tampa", "SITE_ZIP": "33607", "DOR_C": "9090", "ACT": 2018, "EFF": 2018, "HEAT_AR": 3642, "ACREAGE": 0, "JUST": 361314, "BLDG": 361214, "S_DATE": null, "AMT": 0, "VI": null, "STORIES": 1, "Shape__Area": 2.2499910000089987}, "geometry": {"type": "Polygon", "coordinates": [[[-82.50297061714996, 27.978628143843594], [-82.50297063628979, 27.97863226957006], [-82.5029752836108, 27.978632252578297], [-82.50297526447078, 27.978628126851838], [-82.50297061714996, 27.978628143843594]]]}}, {"type": "Feature", "properties": {"OBJECTID": 408690, "FOLIO": "109305.0000", "PIN": "A-10-29-18-3IV-000000-00042.2", "TYPE": null, "SITE_ADDR": "4223 N Tampania Ave", "SITE_CITY": "Tampa", "SITE_ZIP": "33607", "DOR_C": "0100", "ACT": 1961, "EFF": 1993, "HEAT_AR": 1454, "ACREAGE": 0.11, "JUST": 245450, "BLDG": 162125, "S_DATE": 820454400000, "AMT": 69000, "VI": "I", "STORIES": 1, "Shape__Area": 4999.98357776805}, "geometry": {"type": "Polygon", "coordinates": [[[-82.48667610251157, 27.97914255805324], [-82.48636628427374, 27.97914055131177], [-82.48636596853083, 27.979168055067124], [-82.48636470555871, 27.97927807008741], [-82.48667452520608, 27.979280076823834], [-82.48667610251157, 27.97914255805324]]]}}, {"type": "Feature", "properties": {"OBJECTID": 409102, "FOLIO": "109659.0100", "PIN": "A-10-29-18-3J5-000049-00010.0", "TYPE": null, "SITE_ADDR": "3322 W Cordelia St", "SITE_CITY": "Tampa", "SITE_ZIP": "33607", "DOR_C": "0100", "ACT": 1960, "EFF": 1992, "HEAT_AR": 1754, "ACREAGE": 0.15, "JUST": 261390, "BLDG": 154797, "S_DATE": null, "AMT": 0, "VI": null, "STORIES": 2, "Shape__Area": 6477.900546162576}, "geometry": {"type": "Polygon", "coordinates": [[[-82.49885099822168, 27.968583992501358], [-82.49884910511481, 27.968866961643435], [-82.49904408733217, 27.968867628072626], [-82.49904607490046, 27.968584313870647], [-82.49893503269762, 27.96858437364404], [-82.49885099822168, 27.968583992501358]]]}}, {"type": "Feature", "properties": {"OBJECTID": 409139, "FOLIO": "109683.0000", "PIN": "A-10-29-18-3J5-000051-00004.0", "TYPE": null, "SITE_ADDR": "3308 W Abdella St", "SITE_CITY": "Tampa", "SITE_ZIP": "33607", "DOR_C": "0000", "ACT": 0, "EFF": 0, "HEAT_AR": 0, "ACREAGE": 0.17, "JUST": 122364, "BLDG": 0, "S_DATE": 247190400000, "AMT": 20000, "VI": "I", "STORIES": 0, "Shape__Area": 7493.639675612545}, "geometry": {"type": "Polygon", "coordinates": [[[-82.49806163109156, 27.970055452254773], [-82.49791186013609, 27.970055308487282], [-82.49783305386093, 27.970054906911553], [-82.49783211154636, 27.970334779114367], [-82.4980600124421, 27.97033532599946], [-82.49806163109156, 27.970055452254773]]]}}, {"type": "Feature", "properties": {"OBJECTID": 409226, "FOLIO": "109763.0000", "PIN": "A-10-29-18-3J5-000055-00007.0", "TYPE": null, "SITE_ADDR": "3314 W Douglas St", "SITE_CITY": "Tampa", "SITE_ZIP": "33607", "DOR_C": "0100", "ACT": 2022, "EFF": 2024, "HEAT_AR": 1677, "ACREAGE": 0.12, "JUST": 435310, "BLDG": 349485, "S_DATE": 1675036800000, "AMT": 600000, "VI": "I", "STORIES": 1, "Shape__Area": 5185.909148853664}, "geometry": {"type": "Polygon", "coordinates": [[[-82.498425145102, 27.972978655636556], [-82.49827275689397, 27.972978521781005], [-82.4982699231921, 27.973267683761215], [-82.49842318288262, 27.973267814458996], [-82.498425145102, 27.972978655636556]]]}}, {"type": "Feature", "properties": {"OBJECTID": 409321, "FOLIO": "109852.0000", "PIN": "A-10-29-18-3J5-000060-00009.0", "TYPE": null, "SITE_ADDR": "3416 W Leroy St", "SITE_CITY": "Tampa", "SITE_ZIP": "33607", "DOR_C": "0100", "ACT": 1960, "EFF": 1992, "HEAT_AR": 1064, "ACREAGE": 0.18, "JUST": 272023, "BLDG": 138823, "S_DATE": null, "AMT": 0, "VI": null, "STORIES": 1, "Shape__Area": 7909.029182680828}, "geometry": {"type": "Polygon", "coordinates": [[[-82.50066026618067, 27.97151789194895], [-82.50065762184414, 27.971804646573187], [-82.50089336682028, 27.97180481998508], [-82.50089485137498, 27.971518411596332], [-82.50066026618067, 27.97151789194895]]]}}, {"type": "Feature", "properties": {"OBJECTID": 409331, "FOLIO": "109861.0000", "PIN": "A-10-29-18-3J5-000060-00022.0", "TYPE": null, "SITE_ADDR": "3405 W Dewey St", "SITE_CITY": "Tampa", "SITE_ZIP": "33607", "DOR_C": "0100", "ACT": 1956, "EFF": 1990, "HEAT_AR": 1504, "ACREAGE": 0.18, "JUST": 277478, "BLDG": 152232, "S_DATE": 1077667200000, "AMT": 135000, "VI": "I", "STORIES": 1, "Shape__Area": 7659.5733131109255}, "geometry": {"type": "Polygon", "coordinates": [[[-82.49965624976237, 27.971234456482165], [-82.4996559030822, 27.97151638934403], [-82.49970276051377, 27.971516218269638], [-82.49988651662142, 27.971516581317136], [-82.49988909021495, 27.971234984186307], [-82.49965624976237, 27.971234456482165]]]}}, {"type": "Feature", "properties": {"OBJECTID": 409422, "FOLIO": "109955.0000", "PIN": "A-10-29-18-3J5-000065-00014.0", "TYPE": null, "SITE_ADDR": "3421 W Kathleen St", "SITE_CITY": "Tampa", "SITE_ZIP": "33607", "DOR_C": "0100", "ACT": 1956, "EFF": 1990, "HEAT_AR": 2221, "ACREAGE": 0.21, "JUST": 396291, "BLDG": 254111, "S_DATE": 878342400000, "AMT": 82500, "VI": "I", "STORIES": 1, "Shape__Area": 9165.410040209226}, "geometry": {"type": "Polygon", "coordinates": [[[-82.50083888716206, 27.967583310749887], [-82.50083640616691, 27.967863531515775], [-82.50085286532449, 27.96786347160683], [-82.50100727905752, 27.96786359710134], [-82.50111551587837, 27.96786389059845], [-82.50111770705442, 27.96758401380432], [-82.50083888716206, 27.967583310749887]]]}}, {"type": "Feature", "properties": {"OBJECTID": 409718, "FOLIO": "110235.0100", "PIN": "A-11-29-18-3J8-000001-00014.0", "TYPE": null, "SITE_ADDR": "4213 N River View Ave", "SITE_CITY": "Tampa", "SITE_ZIP": "33607-", "DOR_C": "0100", "ACT": 2022, "EFF": 2024, "HEAT_AR": 2997, "ACREAGE": 0.19, "JUST": 1063704, "BLDG": 710366, "S_DATE": 870393600000, "AMT": 166000, "VI": "I", "STORIES": 3, "Shape__Area": 8337.644163643596}, "geometry": {"type": "Polygon", "coordinates": [[[-82.47749587513043, 27.97901907351588], [-82.47739046722081, 27.979127534182677], [-82.47787286176597, 27.979347991270934], [-82.47790311890864, 27.9792866488213], [-82.47793743734906, 27.979227014949615], [-82.47749587513043, 27.97901907351588]]]}}, {"type": "Feature", "properties": {"OBJECTID": 409840, "FOLIO": "110375.0000", "PIN": "A-15-29-18-ZZZ-000005-47070.0", "TYPE": null, "SITE_ADDR": "3309 W Beach St", "SITE_CITY": "Tampa", "SITE_ZIP": "33607", "DOR_C": "0100", "ACT": 1966, "EFF": 2007, "HEAT_AR": 1028, "ACREAGE": 0.17, "JUST": 294363, "BLDG": 180699, "S_DATE": 1691366400000, "AMT": 375000, "VI": "I", "STORIES": 1, "Shape__Area": 7399.974877583141}, "geometry": {"type": "Polygon", "coordinates": [[[-82.49803868206311, 27.963183814339402], [-82.49803949077456, 27.96359089015896], [-82.49819438087863, 27.96359049735627], [-82.49819357158603, 27.963183421545086], [-82.49803868206311, 27.963183814339402]]]}}, {"type": "Feature", "properties": {"OBJECTID": 410079, "FOLIO": "110598.0000", "PIN": "A-15-29-18-3JD-000014-00005.0", "TYPE": null, "SITE_ADDR": "3310 W Nassau St", "SITE_CITY": "Tampa", "SITE_ZIP": "33607", "DOR_C": "0100", "ACT": 1964, "EFF": 2007, "HEAT_AR": 1382, "ACREAGE": 0.12, "JUST": 369480, "BLDG": 245880, "S_DATE": 1652918400000, "AMT": 521000, "VI": "I", "STORIES": 1, "Shape__Area": 5131.851207086083}, "geometry": {"type": "Polygon", "coordinates": [[[-82.49810406230965, 27.953197837115674], [-82.4980999450224, 27.95348184729559], [-82.49825357286542, 27.953483697101362], [-82.49825827002596, 27.953199685724055], [-82.49810406230965, 27.953197837115674]]]}}, {"type": "Feature", "properties": {"OBJECTID": 410503, "FOLIO": "110967.0020", "PIN": "A-17-29-18-ZZZ-000005-47620.2", "TYPE": null, "SITE_ADDR": "2223 N West Shore Blvd 400", "SITE_CITY": "Tampa", "SITE_ZIP": "33607", "DOR_C": "9080", "ACT": 2001, "EFF": 2009, "HEAT_AR": 139660, "ACREAGE": 2.4, "JUST": 6975100, "BLDG": 8902605, "S_DATE": 1091059200000, "AMT": 7880541, "VI": "I", "STORIES": 2, "Shape__Area": 104439.61322609358}, "geometry": {"type": "Polygon", "coordinates": [[[-82.52040499690114, 27.96428077296981], [-82.5211624808732, 27.964285908842726], [-82.52116527693846, 27.963960751585244], [-82.52114514358844, 27.96394437246593], [-82.5211280390644, 27.963925473185956], [-82.52111435777728, 27.963904490822117], [-82.5211044161093, 27.963881910573935], [-82.52109844320616, 27.96385825316501], [-82.52109657686445, 27.96383406493192], [-82.52110244384868, 27.963151804154528], [-82.52031851147228, 27.96314648813066], [-82.5203178972881, 27.963244115419574], [-82.52032865398158, 27.963327330706367], [-82.52033348442778, 27.963410981700886], [-82.52032926466651, 27.963901355910952], [-82.5203271615568, 27.9639229124089], [-82.52032127696386, 27.963943909274793], [-82.52031175576543, 27.96396382707711], [-82.52029883443534, 27.963982172207523], [-82.52039049357192, 27.96422824102902], [-82.52040544870695, 27.96422834239503], [-82.52040499690114, 27.96428077296981]]]}}, {"type": "Feature", "properties": {"OBJECTID": 410561, "FOLIO": "111027.0086", "PIN": "A-16-29-18-B86-000000-C0000.0", "TYPE": null, "SITE_ADDR": "1130 Gramercy Ln", "SITE_CITY": "Tampa", "SITE_ZIP": "33607", "DOR_C": "1040", "ACT": 0, "EFF": 0, "HEAT_AR": 0, "ACREAGE": 2.44, "JUST": 100, "BLDG": 0, "S_DATE": null, "AMT": 0, "VI": null, "STORIES": 0, "Shape__Area": 106083.67429524785}, "geometry": {"type": "Polygon", "coordinates": [[[-82.50380899824376, 27.95317895151663], [-82.50351611167532, 27.953177113844497], [-82.50351357829696, 27.953495435949847], [-82.50352160085463, 27.95349548601488], [-82.50352041954955, 27.953643914858127], [-82.50346128961259, 27.953644131147357], [-82.50346250029929, 27.953492160243428], [-82.50296278046373, 27.953489023887254], [-82.5029163189354, 27.953488732519723], [-82.5023816967978, 27.953485374143455], [-82.50238023713726, 27.9536686306576], [-82.50291486017358, 27.9536719881253], [-82.50296132178453, 27.953672280394674], [-82.50346104043156, 27.953675416752493], [-82.50351214240587, 27.95367573698341], [-82.5035120002485, 27.953693725209515], [-82.50352002282084, 27.9536937752745], [-82.50400213843666, 27.953696799893955], [-82.50409692655467, 27.95369739399868], [-82.5041163163022, 27.953697515199774], [-82.50412042485618, 27.953180904756955], [-82.50387115510738, 27.95317934124746], [-82.50387125789831, 27.953166458088702], [-82.50387213331103, 27.953056439566524], [-82.50387229882706, 27.953035614983765], [-82.50420757714724, 27.953037717148586], [-82.50420848108587, 27.95292406813189], [-82.50412498736628, 27.952923720601614], [-82.5041258308873, 27.952819799767035], [-82.50412992062643, 27.952316644238984], [-82.50396418671862, 27.952315855998176], [-82.5036170968361, 27.952314204322928], [-82.50361697809211, 27.952329131497063], [-82.50360051973833, 27.952336959644438], [-82.50352124115612, 27.952336461863396], [-82.50351830190668, 27.952705961980413], [-82.50351742237497, 27.952816484970644], [-82.50351569587414, 27.95303337794305], [-82.50381014102953, 27.95303522525608], [-82.50380997550157, 27.95305604983894], [-82.50380910104208, 27.95316606835782], [-82.50380899824376, 27.95317895151663]], [[-82.50409963718359, 27.953356557974804], [-82.50409832441237, 27.95352158529676], [-82.5039124772319, 27.953520419465644], [-82.50372663005551, 27.953519254285915], [-82.503727943392, 27.953354226960077], [-82.5039137902858, 27.953355392141745], [-82.50409963718359, 27.953356557974804]]]}}, {"type": "Feature", "properties": {"OBJECTID": 410626, "FOLIO": "111068.0000", "PIN": "A-16-29-18-3JE-000002-00020.0", "TYPE": null, "SITE_ADDR": "4309 W La Salle St", "SITE_CITY": "Tampa", "SITE_ZIP": "33607", "DOR_C": "0100", "ACT": 1957, "EFF": 1991, "HEAT_AR": 1198, "ACREAGE": 0.14, "JUST": 195636, "BLDG": 111358, "S_DATE": null, "AMT": 0, "VI": null, "STORIES": 1, "Shape__Area": 5979.715397993199}, "geometry": {"type": "Polygon", "coordinates": [[[-82.51659943496875, 27.955212463028385], [-82.51659612350498, 27.95549268820884], [-82.51661964738591, 27.955492942830716], [-82.51677849973983, 27.955493721769045], [-82.51678035788642, 27.955213158228247], [-82.51659943496875, 27.955212463028385]]]}}, {"type": "Feature", "properties": {"OBJECTID": 410807, "FOLIO": "111257.0000", "PIN": "A-16-29-18-3JF-000002-00007.0", "TYPE": null, "SITE_ADDR": "4111 W Grace St", "SITE_CITY": "Tampa", "SITE_ZIP": "33607", "DOR_C": "0100", "ACT": 1961, "EFF": 1993, "HEAT_AR": 672, "ACREAGE": 0.12, "JUST": 163102, "BLDG": 88427, "S_DATE": 1397433600000, "AMT": 52000, "VI": "I", "STORIES": 1, "Shape__Area": 5069.130109025058}, "geometry": {"type": "Polygon", "coordinates": [[[-82.51269854619376, 27.95327932380027], [-82.51285207068192, 27.953279781524742], [-82.51285481807324, 27.95300093362375], [-82.51269877615898, 27.953000140555485], [-82.51269854619376, 27.95327932380027]]]}}, {"type": "Feature", "properties": {"OBJECTID": 411396, "FOLIO": "112014.0000", "PIN": "A-16-29-18-3JP-000000-00010.0", "TYPE": null, "SITE_ADDR": "3907 W Palmetto St", "SITE_CITY": "Tampa", "SITE_ZIP": "33607", "DOR_C": "0100", "ACT": 1954, "EFF": 1990, "HEAT_AR": 864, "ACREAGE": 0.15, "JUST": 194797, "BLDG": 109537, "S_DATE": 953251200000, "AMT": 59700, "VI": "I", "STORIES": 1, "Shape__Area": 6318.830588252781}, "geometry": {"type": "Polygon", "coordinates": [[[-82.5072125836832, 27.963112263055073], [-82.50740019762313, 27.963112601982658], [-82.50740350159917, 27.96282550078954], [-82.5072167543205, 27.962824126314025], [-82.5072125836832, 27.963112263055073]]]}}, {"type": "Feature", "properties": {"OBJECTID": 411709, "FOLIO": "112143.0000", "PIN": "A-17-29-18-ZZZ-000005-48880.0", "TYPE": null, "SITE_ADDR": "4835 W Cypress St", "SITE_CITY": "Tampa", "SITE_ZIP": "33607", "DOR_C": "3921", "ACT": 2001, "EFF": 2008, "HEAT_AR": 85278, "ACREAGE": 2.74, "JUST": 12485866, "BLDG": 12485766, "S_DATE": 1756252800000, "AMT": 16275000, "VI": "I", "STORIES": 6, "Shape__Area": 119314.55667948918}, "geometry": {"type": "Polygon", "coordinates": [[[-82.52517282071322, 27.95241122062569], [-82.52516916676501, 27.952816253681448], [-82.52516647489671, 27.953120199955336], [-82.52516302341922, 27.9535070098997], [-82.52609456864909, 27.953517890218517], [-82.52610356662989, 27.95249877701481], [-82.52601685577224, 27.952423123948975], [-82.52517282071322, 27.95241122062569]]]}}, {"type": "Feature", "properties": {"OBJECTID": 411759, "FOLIO": "112281.0000", "PIN": "A-17-29-18-3JV-000001-00139.0", "TYPE": null, "SITE_ADDR": "4901 W Grace St", "SITE_CITY": "Tampa", "SITE_ZIP": "33607", "DOR_C": "4850", "ACT": 1971, "EFF": 2004, "HEAT_AR": 22440, "ACREAGE": 0.94, "JUST": 3567611, "BLDG": 3567511, "S_DATE": 1184716800000, "AMT": 2150000, "VI": "I", "STORIES": 1, "Shape__Area": 40868.99753159838}, "geometry": {"type": "Polygon", "coordinates": [[[-82.5262833832101, 27.953709362974912], [-82.52720718142103, 27.953719233914292], [-82.52721174239525, 27.95334307897831], [-82.52628871342114, 27.953331486011773], [-82.5262833832101, 27.953709362974912]]]}}, {"type": "Feature", "properties": {"OBJECTID": 412131, "FOLIO": "112602.0000", "PIN": "A-19-29-18-3K4-000000-00015.0", "TYPE": null, "SITE_ADDR": "5830 Mariner St", "SITE_CITY": "Tampa", "SITE_ZIP": "33609", "DOR_C": "0100", "ACT": 1994, "EFF": 2010, "HEAT_AR": 5493, "ACREAGE": 0.24, "JUST": 2951513, "BLDG": 1745530, "S_DATE": null, "AMT": 0, "VI": null, "STORIES": 2, "Shape__Area": 10403.776472530435}, "geometry": {"type": "Polygon", "coordinates": [[[-82.54229384548815, 27.940762223057224], [-82.54230687709531, 27.94112352522489], [-82.54255326501597, 27.941117052577628], [-82.5425365473898, 27.94075438969746], [-82.54229384548815, 27.940762223057224]]]}}, {"type": "Feature", "properties": {"OBJECTID": 412132, "FOLIO": "112603.0000", "PIN": "A-19-29-18-3K4-000000-00016.0", "TYPE": null, "SITE_ADDR": "5832 Mariner St", "SITE_CITY": "Tampa", "SITE_ZIP": "33609", "DOR_C": "0000", "ACT": 2025, "EFF": 2025, "HEAT_AR": 4164, "ACREAGE": 0.24, "JUST": 1131200, "BLDG": 0, "S_DATE": 930787200000, "AMT": 315000, "VI": "I", "STORIES": 3, "Shape__Area": 10650.760346820378}, "geometry": {"type": "Polygon", "coordinates": [[[-82.5425365473898, 27.94075438969746], [-82.54255326501597, 27.941117052577628], [-82.54280323471006, 27.941110565369264], [-82.54278505563285, 27.94074618920375], [-82.5425365473898, 27.94075438969746]]]}}, {"type": "Feature", "properties": {"OBJECTID": 412254, "FOLIO": "112763.0508", "PIN": "A-20-29-18-3K7-000004-00000.0", "TYPE": null, "SITE_ADDR": "4509 W Fig St B", "SITE_CITY": "Tampa", "SITE_ZIP": "33609", "DOR_C": "0400", "ACT": 1985, "EFF": 2005, "HEAT_AR": 1960, "ACREAGE": 0.04, "JUST": 417750, "BLDG": 408330, "S_DATE": 1430697600000, "AMT": 300000, "VI": "I", "STORIES": 2, "Shape__Area": 1747.6847411252622}, "geometry": {"type": "Polygon", "coordinates": [[[-82.52089084822602, 27.948035330454918], [-82.52097648083821, 27.948035160724878], [-82.52097659380368, 27.94795049459981], [-82.52095752538844, 27.947950413351613], [-82.52095809681741, 27.9479248577094], [-82.52097768404194, 27.94792463017554], [-82.52097809044635, 27.947864900074208], [-82.52090579935481, 27.947863942749485], [-82.52090551718629, 27.94791335786043], [-82.52088523766221, 27.9479137414128], [-82.52088558620434, 27.94795037784826], [-82.52086495794633, 27.94795030248929], [-82.52086482681206, 27.947995406226518], [-82.5208908326318, 27.94799607668012], [-82.52089084822602, 27.948035330454918]]]}}, {"type": "Feature", "properties": {"OBJECTID": 412308, "FOLIO": "112811.0000", "PIN": "A-20-29-18-3KA-000000-00008.0", "TYPE": null, "SITE_ADDR": "404 S Barbara Ln", "SITE_CITY": "Tampa", "SITE_ZIP": "33609", "DOR_C": "0100", "ACT": 1960, "EFF": 1992, "HEAT_AR": 1844, "ACREAGE": 0.21, "JUST": 570163, "BLDG": 216565, "S_DATE": 754704000000, "AMT": 142000, "VI": "I", "STORIES": 1, "Shape__Area": 9243.445166251508}, "geometry": {"type": "Polygon", "coordinates": [[[-82.52944840131374, 27.94098931794262], [-82.52944650060894, 27.94111550714837], [-82.52944561074462, 27.941171208992117], [-82.52987866351569, 27.94117641853638], [-82.52988106621845, 27.940994528978102], [-82.52944840131374, 27.94098931794262]]]}}, {"type": "Feature", "properties": {"OBJECTID": 412483, "FOLIO": "113076.0030", "PIN": "A-20-29-18-3KU-000003-00012.1", "TYPE": null, "SITE_ADDR": "4624 W North B St", "SITE_CITY": "Tampa", "SITE_ZIP": "33609", "DOR_C": "0106", "ACT": 1978, "EFF": 2002, "HEAT_AR": 1358, "ACREAGE": 0.07, "JUST": 237748, "BLDG": 211185, "S_DATE": 1750204800000, "AMT": 335000, "VI": "I", "STORIES": 2, "Shape__Area": 2890.8570801249693}, "geometry": {"type": "Polygon", "coordinates": [[[-82.52332955245477, 27.946640708761173], [-82.52340214838682, 27.946640776595178], [-82.52340416734633, 27.94629694977074], [-82.52333350846096, 27.946296874572145], [-82.52332955245477, 27.946640708761173]]]}}, {"type": "Feature", "properties": {"OBJECTID": 412547, "FOLIO": "113107.0584", "PIN": "A-20-29-18-3KV-R00000-A0000.0", "TYPE": null, "SITE_ADDR": "4614 W Fig St A", "SITE_CITY": "Tampa", "SITE_ZIP": "33609", "DOR_C": "0400", "ACT": 1983, "EFF": 2004, "HEAT_AR": 1332, "ACREAGE": 0, "JUST": 145421, "BLDG": 145321, "S_DATE": 1614902400000, "AMT": 185000, "VI": "I", "STORIES": 1, "Shape__Area": 2.249498875993249}, "geometry": {"type": "Polygon", "coordinates": [[[-82.52322544831762, 27.946972474883605], [-82.52322546819737, 27.946976599713533], [-82.52323011414784, 27.94697658205583], [-82.5232300942679, 27.946972457225925], [-82.52322544831762, 27.946972474883605]]]}}, {"type": "Feature", "properties": {"OBJECTID": 412552, "FOLIO": "113107.0594", "PIN": "A-20-29-18-3KV-000000-C0000.0", "TYPE": null, "SITE_ADDR": "4611 W North B St", "SITE_CITY": "Tampa", "SITE_ZIP": "33609", "DOR_C": "0902", "ACT": 1983, "EFF": 1983, "HEAT_AR": 999, "ACREAGE": 1.69, "JUST": 100, "BLDG": 0, "S_DATE": null, "AMT": 0, "VI": null, "STORIES": 1, "Shape__Area": 73734.31012635908}, "geometry": {"type": "MultiPolygon", "coordinates": [[[[-82.5222745729568, 27.947163228662426], [-82.52363863943152, 27.94715805328622], [-82.52364164571172, 27.946801868774862], [-82.52227543749426, 27.946807039628887], [-82.5222745729568, 27.947163228662426]], [[-82.52320255657658, 27.947042699716647], [-82.52319791062322, 27.94704271737344], [-82.52319789074014, 27.94703859164115], [-82.5232025366933, 27.947038573984354], [-82.52320255657658, 27.947042699716647]], [[-82.52320718264646, 27.947038556327396], [-82.52321182859963, 27.9470385386703], [-82.52321184848324, 27.947042664402574], [-82.52320720252993, 27.947042682059685], [-82.52320718264646, 27.947038556327396]], [[-82.5232164745528, 27.947038521013013], [-82.52322112050594, 27.9470385033556], [-82.52322114038992, 27.947042629087864], [-82.52321649443658, 27.947042646745288], [-82.5232164745528, 27.947038521013013]], [[-82.52322576645909, 27.94703848569801], [-82.52323041241223, 27.94703846804027], [-82.52323043229657, 27.947042593772537], [-82.52322578634325, 27.947042611430273], [-82.52322576645909, 27.94703848569801]], [[-82.5232350573492, 27.947038450386216], [-82.52323970431853, 27.947038432724316], [-82.5232397242032, 27.947042558456566], [-82.5232350772337, 27.94704257611849], [-82.5232350573492, 27.947038450386216]], [[-82.52320251681004, 27.947034448252037], [-82.52319787085705, 27.947034465908832], [-82.52319785097397, 27.947030340176543], [-82.52320249692679, 27.947030322519765], [-82.52320251681004, 27.947034448252037]], [[-82.52320714287961, 27.947030304862807], [-82.52321178883241, 27.947030287205695], [-82.523211808716, 27.947034412937974], [-82.52320716276303, 27.947034430595096], [-82.52320714287961, 27.947030304862807]], [[-82.52321643478521, 27.94703026954843], [-82.52322108073801, 27.94703025189101], [-82.523221100622, 27.94703437762329], [-82.52321645466901, 27.94703439528071], [-82.52321643478521, 27.94703026954843]], [[-82.52322572669081, 27.94703023423342], [-82.5232303726436, 27.9470302165757], [-82.5232303925279, 27.947034342307973], [-82.52322574657494, 27.947034359965702], [-82.52322572669081, 27.94703023423342]], [[-82.5232350175802, 27.947030198921684], [-82.52323966454918, 27.947030181259763], [-82.52323968443386, 27.94703430699202], [-82.5232350374647, 27.94703432465393], [-82.5232350175802, 27.947030198921684]], [[-82.52320247704353, 27.947026196787455], [-82.5231978310909, 27.94702621444424], [-82.52319781120781, 27.947022088711932], [-82.52320245716028, 27.947022071055134], [-82.52320247704353, 27.947026196787455]], [[-82.52320710311274, 27.9470220533982], [-82.5232117490652, 27.94702203574109], [-82.5232117689488, 27.947026161473406], [-82.52320712299615, 27.94702617913051], [-82.52320710311274, 27.9470220533982]], [[-82.52321639501764, 27.947022018083835], [-82.52322104097009, 27.947022000426433], [-82.52322106085404, 27.947026126158732], [-82.52321641490143, 27.947026143816156], [-82.52321639501764, 27.947022018083835]], [[-82.52322568692253, 27.94702198276886], [-82.52323033287497, 27.94702196511112], [-82.52323035275928, 27.947026090843416], [-82.52322570680667, 27.94702610850115], [-82.52322568692253, 27.94702198276886]], [[-82.52323497781123, 27.947021947457106], [-82.52323962477985, 27.9470219297952], [-82.52323964466449, 27.9470260555275], [-82.52323499769572, 27.947026073189395], [-82.52323497781123, 27.947021947457106]], [[-82.52320243727704, 27.947017945322845], [-82.52319779132475, 27.947017962979626], [-82.52319777144169, 27.94701383724732], [-82.52320241739379, 27.94701381959054], [-82.52320243727704, 27.947017945322845]], [[-82.52320706334591, 27.947013801933608], [-82.523211709298, 27.947013784276514], [-82.5232117291816, 27.947017910008803], [-82.52320708322932, 27.947017927665897], [-82.52320706334591, 27.947013801933608]], [[-82.52321635525011, 27.947013766619257], [-82.52322100120219, 27.947013748961847], [-82.52322102108614, 27.947017874694133], [-82.52321637513387, 27.947017892351536], [-82.52321635525011, 27.947013766619257]], [[-82.52322564715429, 27.947013731304274], [-82.52323029310637, 27.94701371364657], [-82.52323031299066, 27.947017839378837], [-82.52322566703842, 27.94701785703656], [-82.52322564715429, 27.947013731304274]], [[-82.52323493804226, 27.94701369599254], [-82.52323958501053, 27.94701367833064], [-82.52323960489518, 27.947017804062916], [-82.52323495792675, 27.947017821724817], [-82.52323493804226, 27.94701369599254]], [[-82.52320239751056, 27.947009693858224], [-82.52319775155863, 27.947009711514983], [-82.52319773167557, 27.94700558578269], [-82.52320237762733, 27.947005568125913], [-82.52320239751056, 27.947009693858224]], [[-82.52320702357908, 27.94700555046898], [-82.52321166953081, 27.9470055328119], [-82.52321168941441, 27.94700965854419], [-82.52320704346249, 27.947009676201276], [-82.52320702357908, 27.94700555046898]], [[-82.52321631548256, 27.947005515154633], [-82.52322096143432, 27.94700549749724], [-82.52322098131825, 27.947009623229523], [-82.52321633536633, 27.947009640886936], [-82.52321631548256, 27.947005515154633]], [[-82.52322560738605, 27.947005479839685], [-82.52323025333777, 27.947005462181973], [-82.52323027322207, 27.947009587914255], [-82.52322562727018, 27.94700960557196], [-82.52322560738605, 27.947005479839685]], [[-82.52323489827332, 27.947005444527953], [-82.52323954524122, 27.947005426866067], [-82.52323956512588, 27.947009552598345], [-82.5232349181578, 27.947009570260228], [-82.52323489827332, 27.947005444527953]], [[-82.5232023577441, 27.947001442393596], [-82.5231977117925, 27.947001460050384], [-82.52319769190946, 27.94699733431804], [-82.52320233786087, 27.94699731666127], [-82.5232023577441, 27.947001442393596]], [[-82.52320698381224, 27.946997299004344], [-82.52321162976367, 27.94699728134727], [-82.52321164964724, 27.94700140707958], [-82.52320700369567, 27.947001424736673], [-82.52320698381224, 27.946997299004344]], [[-82.52321627571504, 27.94699726369002], [-82.52322092166645, 27.94699724603262], [-82.52322094155038, 27.94700137176494], [-82.5232162955988, 27.94700138942234], [-82.52321627571504, 27.94699726369002]], [[-82.52322556761783, 27.94699722837507], [-82.5232302135692, 27.946997210717374], [-82.52323023345348, 27.94700133644967], [-82.52322558750194, 27.947001354107382], [-82.52322556761783, 27.94699722837507]], [[-82.5232348585044, 27.946997193063357], [-82.52323950547196, 27.94699717540146], [-82.52323952535659, 27.94700130113377], [-82.52323487838886, 27.947001318795653], [-82.5232348585044, 27.946997193063357]], [[-82.52320231797763, 27.946993190928957], [-82.52319767202641, 27.946993208585734], [-82.52319765214338, 27.9469890828534], [-82.52320229809443, 27.946989065196632], [-82.52320231797763, 27.946993190928957]], [[-82.52320694404548, 27.946989047539727], [-82.5232115899965, 27.946989029882644], [-82.52321160988008, 27.946993155614965], [-82.52320696392887, 27.946993173272038], [-82.52320694404548, 27.946989047539727]], [[-82.52321623594757, 27.946989012225412], [-82.5232208818986, 27.94698899456803], [-82.52322090178252, 27.946993120300313], [-82.5232162558313, 27.946993137957715], [-82.52321623594757, 27.946989012225412]], [[-82.52322552784962, 27.94698897691047], [-82.52323017380064, 27.94698895925277], [-82.52323019368492, 27.94699308498506], [-82.52322554773373, 27.94699310264278], [-82.52322552784962, 27.94698897691047]], [[-82.5232348187355, 27.94698894159878], [-82.52323946570269, 27.94698892393689], [-82.52323948558733, 27.946993049669178], [-82.52323483861994, 27.946993067331075], [-82.5232348187355, 27.94698894159878]], [[-82.5232022782112, 27.946984939464304], [-82.52319763226033, 27.94698495712107], [-82.5231976123773, 27.94698083138874], [-82.523202258328, 27.946980813731987], [-82.5232022782112, 27.946984939464304]], [[-82.52320690427871, 27.946980796075074], [-82.52321155022939, 27.946980778418002], [-82.52321157011295, 27.946984904150316], [-82.52320692416208, 27.94698492180738], [-82.52320690427871, 27.946980796075074]], [[-82.52321619618007, 27.946980760760773], [-82.52322084213075, 27.94698074310338], [-82.52322086201468, 27.946984868835692], [-82.5232162160638, 27.946984886493073], [-82.52321619618007, 27.946980760760773]], [[-82.52322548808144, 27.946980725445837], [-82.52323013403212, 27.94698070778814], [-82.52323015391637, 27.946984833520446], [-82.52322550796553, 27.946984851178144], [-82.52322548808144, 27.946980725445837]], [[-82.5232347789666, 27.946980690134144], [-82.52323942593344, 27.946980672472275], [-82.52323944581806, 27.946984798204575], [-82.52323479885105, 27.946984815866454], [-82.5232347789666, 27.946980690134144]], [[-82.52320223844481, 27.946976687999655], [-82.52319759249428, 27.946976705656393], [-82.5231975726156, 27.946972580826458], [-82.52320221856596, 27.946972563169712], [-82.52320223844481, 27.946976687999655]], [[-82.5232068645163, 27.946972545512796], [-82.52321151046661, 27.946972527855735], [-82.5232115303458, 27.94697665268567], [-82.52320688439532, 27.946976670342753], [-82.5232068645163, 27.946972545512796]], [[-82.52321615641696, 27.94697251019851], [-82.52322080236729, 27.946972492541132], [-82.52322082224684, 27.946976617371075], [-82.52321617629634, 27.946976635028452], [-82.52321615641696, 27.94697251019851]], [[-82.52322544831762, 27.946972474883605], [-82.5232300942679, 27.946972457225925], [-82.52323011414784, 27.94697658205583], [-82.52322546819737, 27.946976599713533], [-82.52322544831762, 27.946972474883605]], [[-82.52323473920207, 27.94697243957191], [-82.52323938616856, 27.946972421910054], [-82.52323940604882, 27.946976546739972], [-82.52323475908217, 27.946976564401847], [-82.52323473920207, 27.94697243957191]], [[-82.52323936627958, 27.946968295275365], [-82.5232347193133, 27.946968312937212], [-82.52323469942887, 27.946964187204884], [-82.523239346395, 27.946964169543023], [-82.52323936627958, 27.946968295275365]]], [[[-82.52323742816526, 27.947207975799085], [-82.52323515805396, 27.94737982720548], [-82.52323272758629, 27.947563317567912], [-82.52363490642173, 27.947558239229522], [-82.52363822876407, 27.947202059853193], [-82.52323742816526, 27.947207975799085]]]]}}, {"type": "Feature", "properties": {"OBJECTID": 412763, "FOLIO": "113183.0000", "PIN": "A-20-29-18-3L2-000001-00004.0", "TYPE": null, "SITE_ADDR": "5014 W Azeele St", "SITE_CITY": "Tampa", "SITE_ZIP": "33609", "DOR_C": "0100", "ACT": 1961, "EFF": 2006, "HEAT_AR": 1678, "ACREAGE": 0.15, "JUST": 276643, "BLDG": 0, "S_DATE": 1559260800000, "AMT": 495000, "VI": "I", "STORIES": 1, "Shape__Area": 6561.496268753783}, "geometry": {"type": "Polygon", "coordinates": [[[-82.52776570698028, 27.941118870212108], [-82.52776463802817, 27.94137708303188], [-82.52798000339867, 27.94137969461531], [-82.52798534107914, 27.941123872152083], [-82.527940717263, 27.941123012713582], [-82.52776570698028, 27.941118870212108]]]}}, {"type": "Feature", "properties": {"OBJECTID": 412791, "FOLIO": "113209.0000", "PIN": "A-20-29-18-3L2-000005-00006.0", "TYPE": null, "SITE_ADDR": "211 S Occident St", "SITE_CITY": "Tampa", "SITE_ZIP": "33609", "DOR_C": "0000", "ACT": 0, "EFF": 0, "HEAT_AR": 0, "ACREAGE": 0.22, "JUST": 362250, "BLDG": 0, "S_DATE": 973728000000, "AMT": 200000, "VI": "I", "STORIES": 0, "Shape__Area": 9370.913462510587}, "geometry": {"type": "Polygon", "coordinates": [[[-82.52642101572616, 27.942032510133032], [-82.5264192307757, 27.942223335650784], [-82.52683735445251, 27.942223110721212], [-82.52683872272708, 27.942046038595485], [-82.52683875086701, 27.94203194197208], [-82.52642101572616, 27.942032510133032]]]}}, {"type": "Feature", "properties": {"OBJECTID": 412793, "FOLIO": "113211.0000", "PIN": "A-20-29-18-3L2-000005-00009.0", "TYPE": null, "SITE_ADDR": "207 S Occident St", "SITE_CITY": "Tampa", "SITE_ZIP": "33609", "DOR_C": "0000", "ACT": 0, "EFF": 0, "HEAT_AR": 0, "ACREAGE": 0.15, "JUST": 269100, "BLDG": 0, "S_DATE": 1494806400000, "AMT": 387500, "VI": "I", "STORIES": 0, "Shape__Area": 6579.8073627756185}, "geometry": {"type": "Polygon", "coordinates": [[[-82.52641761976705, 27.942390094179085], [-82.5264163357578, 27.942524532613326], [-82.52683503616599, 27.942522930204557], [-82.5268360340476, 27.94238952431865], [-82.52641761976705, 27.942390094179085]]]}}, {"type": "Feature", "properties": {"OBJECTID": 412799, "FOLIO": "113216.0000", "PIN": "A-20-29-18-3L2-000005-00016.0", "TYPE": null, "SITE_ADDR": "208 S Gardenia Ave", "SITE_CITY": "Tampa", "SITE_ZIP": "33609", "DOR_C": "0100", "ACT": 1968, "EFF": 1996, "HEAT_AR": 1428, "ACREAGE": 0.16, "JUST": 480501, "BLDG": 200684, "S_DATE": 987724800000, "AMT": 185500, "VI": "I", "STORIES": 1, "Shape__Area": 6782.2383217514325}, "geometry": {"type": "Polygon", "coordinates": [[[-82.5268360340476, 27.94238952431865], [-82.52683503616599, 27.942522930204557], [-82.52727009155176, 27.942520920072557], [-82.52727167680814, 27.94238888811143], [-82.5268360340476, 27.94238952431865]]]}}, {"type": "Feature", "properties": {"OBJECTID": 412802, "FOLIO": "113219.0000", "PIN": "A-20-29-18-3L2-000005-00019.0", "TYPE": null, "SITE_ADDR": "216 S Gardenia Ave", "SITE_CITY": "Tampa", "SITE_ZIP": "33609", "DOR_C": "0000", "ACT": 0, "EFF": 0, "HEAT_AR": 0, "ACREAGE": 0.25, "JUST": 384244, "BLDG": 0, "S_DATE": 1277856000000, "AMT": 300000, "VI": "I", "STORIES": 0, "Shape__Area": 10967.697532481197}, "geometry": {"type": "Polygon", "coordinates": [[[-82.52727855495799, 27.94183221682435], [-82.52705991414383, 27.941833054865597], [-82.52684030429592, 27.941833551547738], [-82.52683875086701, 27.94203194197208], [-82.52683872272708, 27.942046038595485], [-82.52727591834126, 27.942046769911396], [-82.52727855495799, 27.94183221682435]]]}}, {"type": "Feature", "properties": {"OBJECTID": 412806, "FOLIO": "113223.0000", "PIN": "A-20-29-18-3L2-000006-00005.0", "TYPE": null, "SITE_ADDR": "215 S Gardenia Ave", "SITE_CITY": "Tampa", "SITE_ZIP": "33609", "DOR_C": "0100", "ACT": 1965, "EFF": 2007, "HEAT_AR": 2676, "ACREAGE": 0.16, "JUST": 633513, "BLDG": 360770, "S_DATE": 1346025600000, "AMT": 358000, "VI": "I", "STORIES": 2, "Shape__Area": 6967.899047826807}, "geometry": {"type": "Polygon", "coordinates": [[[-82.527460525316, 27.9418339265479], [-82.52745897201684, 27.94197249092837], [-82.5278857120879, 27.941972574534862], [-82.52788735635134, 27.941832976549065], [-82.52767839248456, 27.941833434652878], [-82.527460525316, 27.9418339265479]]]}}, {"type": "Feature", "properties": {"OBJECTID": 412809, "FOLIO": "113226.0000", "PIN": "A-20-29-18-3L2-000006-00009.0", "TYPE": null, "SITE_ADDR": "207 S Gardenia Ave", "SITE_CITY": "Tampa", "SITE_ZIP": "33609", "DOR_C": "0100", "ACT": 1959, "EFF": 1975, "HEAT_AR": 2108, "ACREAGE": 0.31, "JUST": 752443, "BLDG": 238843, "S_DATE": 1468972800000, "AMT": 435000, "VI": "I", "STORIES": 1, "Shape__Area": 13653.753081697894}, "geometry": {"type": "Polygon", "coordinates": [[[-82.5278806610167, 27.942386896595544], [-82.52745451056883, 27.942388874537574], [-82.52745147646925, 27.942660847539777], [-82.52787734739475, 27.942660932670346], [-82.52787806505022, 27.942609356407246], [-82.52788039522963, 27.94241165246784], [-82.5278806610167, 27.942386896595544]]]}}, {"type": "Feature", "properties": {"OBJECTID": 412814, "FOLIO": "113231.0000", "PIN": "A-20-29-18-3L2-000006-00016.0", "TYPE": null, "SITE_ADDR": "208 S Ward St", "SITE_CITY": "Tampa", "SITE_ZIP": "33609", "DOR_C": "0100", "ACT": 1959, "EFF": 2005, "HEAT_AR": 2023, "ACREAGE": 0.21, "JUST": 710525, "BLDG": 359911, "S_DATE": 1782259200000, "AMT": 775000, "VI": "I", "STORIES": 1, "Shape__Area": 9218.523534582719}, "geometry": {"type": "Polygon", "coordinates": [[[-82.5278827501085, 27.94221944770196], [-82.5278806610167, 27.942386896595544], [-82.52788039522963, 27.94241165246784], [-82.52828836558803, 27.942413181139056], [-82.52829042782284, 27.94222029076384], [-82.5278827501085, 27.94221944770196]]]}}, {"type": "Feature", "properties": {"OBJECTID": 412815, "FOLIO": "113232.0000", "PIN": "A-20-29-18-3L2-000006-00018.0", "TYPE": null, "SITE_ADDR": "210 S Ward St", "SITE_CITY": "Tampa", "SITE_ZIP": "33609", "DOR_C": "0100", "ACT": 1960, "EFF": 1992, "HEAT_AR": 1707, "ACREAGE": 0.21, "JUST": 561463, "BLDG": 211230, "S_DATE": 1722297600000, "AMT": 875000, "VI": "I", "STORIES": 1, "Shape__Area": 9081.0612397839}, "geometry": {"type": "Polygon", "coordinates": [[[-82.5282925040901, 27.942030493783776], [-82.52788502117326, 27.942029650876542], [-82.52788405337004, 27.942109408497814], [-82.5278827501085, 27.94221944770196], [-82.52829042782284, 27.94222029076384], [-82.5282925040901, 27.942030493783776]]]}}, {"type": "Feature", "properties": {"OBJECTID": 412820, "FOLIO": "113238.0000", "PIN": "A-20-29-18-3L3-000000-00005.0", "TYPE": null, "SITE_ADDR": "210 S Renellie Dr", "SITE_CITY": "Tampa", "SITE_ZIP": "33609", "DOR_C": "0100", "ACT": 2006, "EFF": 2016, "HEAT_AR": 3640, "ACREAGE": 0.18, "JUST": 1298955, "BLDG": 940842, "S_DATE": 1351555200000, "AMT": 645000, "VI": "I", "STORIES": 2, "Shape__Area": 7763.862542717813}, "geometry": {"type": "Polygon", "coordinates": [[[-82.52274284392978, 27.942269211485186], [-82.52314897907608, 27.942271449995527], [-82.52315071087587, 27.942108472987716], [-82.52274438492985, 27.942106579018468], [-82.52274284392978, 27.942269211485186]]]}}, {"type": "Feature", "properties": {"OBJECTID": 412887, "FOLIO": "113311.0000", "PIN": "A-20-29-18-3L4-000000-00022.C", "TYPE": null, "SITE_ADDR": "5107 W Azeele St", "SITE_CITY": "Tampa", "SITE_ZIP": "33609", "DOR_C": "0100", "ACT": 1956, "EFF": 2004, "HEAT_AR": 1722, "ACREAGE": 0.24, "JUST": 784776, "BLDG": 372835, "S_DATE": 1551657600000, "AMT": 495000, "VI": "I", "STORIES": 1, "Shape__Area": 10296.830736981361}, "geometry": {"type": "Polygon", "coordinates": [[[-82.52927839320063, 27.941812732052536], [-82.52954505547319, 27.941815144878483], [-82.52954635732863, 27.94148679155572], [-82.52927959329185, 27.94148334856558], [-82.52927839320063, 27.941812732052536]]]}}, {"type": "Feature", "properties": {"OBJECTID": 412908, "FOLIO": "113326.0000", "PIN": "A-20-29-18-3L6-000001-00011.0", "TYPE": null, "SITE_ADDR": "208 S Treasure Dr", "SITE_CITY": "Tampa", "SITE_ZIP": "33609", "DOR_C": "0100", "ACT": 1962, "EFF": 1994, "HEAT_AR": 2386, "ACREAGE": 0.22, "JUST": 654795, "BLDG": 275157, "S_DATE": null, "AMT": 0, "VI": null, "STORIES": 1, "Shape__Area": 9569.114605560633}, "geometry": {"type": "Polygon", "coordinates": [[[-82.53094582403105, 27.942320433611616], [-82.53135852478178, 27.942319184407257], [-82.53136036494905, 27.94212148235456], [-82.53094766561044, 27.942123074466497], [-82.53094582403105, 27.942320433611616]]]}}, {"type": "Feature", "properties": {"OBJECTID": 412937, "FOLIO": "113356.0000", "PIN": "A-20-29-18-3L7-000000-00005.0", "TYPE": null, "SITE_ADDR": "5106 W Platt St", "SITE_CITY": "Tampa", "SITE_ZIP": "33609", "DOR_C": "0100", "ACT": 1957, "EFF": 2005, "HEAT_AR": 1512, "ACREAGE": 0.22, "JUST": 676844, "BLDG": 317482, "S_DATE": null, "AMT": 0, "VI": null, "STORIES": 1, "Shape__Area": 9411.956231487384}, "geometry": {"type": "Polygon", "coordinates": [[[-82.52901467605282, 27.94211699431281], [-82.52927745858847, 27.942117359652322], [-82.52927839320063, 27.941812732052536], [-82.52901685764496, 27.941809956096897], [-82.52901467605282, 27.94211699431281]]]}}, {"type": "Feature", "properties": {"OBJECTID": 412985, "FOLIO": "113405.0000", "PIN": "A-20-29-18-3L8-000000-00070.0", "TYPE": null, "SITE_ADDR": "4501 W Azeele St", "SITE_CITY": "Tampa", "SITE_ZIP": "33609", "DOR_C": "0100", "ACT": 2018, "EFF": 2022, "HEAT_AR": 4392, "ACREAGE": 0.24, "JUST": 1890052, "BLDG": 1420684, "S_DATE": 1519948800000, "AMT": 1375000, "VI": "I", "STORIES": 2, "Shape__Area": 10662.382742341166}, "geometry": {"type": "Polygon", "coordinates": [[[-82.52060507628754, 27.9416639434079], [-82.52060676710065, 27.941390943975964], [-82.52027651351354, 27.941388067400517], [-82.52027367424813, 27.941664165535393], [-82.52060507628754, 27.9416639434079]]]}}, {"type": "Feature", "properties": {"OBJECTID": 413017, "FOLIO": "113441.0000", "PIN": "A-29-29-18-3LA-000003-00002.0", "TYPE": null, "SITE_ADDR": "4804 W Woodmere Rd", "SITE_CITY": "Tampa", "SITE_ZIP": "33609", "DOR_C": "0100", "ACT": 1925, "EFF": 1995, "HEAT_AR": 3112, "ACREAGE": 0.24, "JUST": 1241105, "BLDG": 641598, "S_DATE": 1719532800000, "AMT": 1342000, "VI": "I", "STORIES": 2, "Shape__Area": 10457.012416659027}, "geometry": {"type": "Polygon", "coordinates": [[[-82.5253608886989, 27.935491493784127], [-82.52526033659814, 27.93557233073817], [-82.52513076569255, 27.935676659701674], [-82.52524181780647, 27.935885278297423], [-82.52535162162808, 27.93583593893776], [-82.52545855224946, 27.93578185115013], [-82.52556235119663, 27.93572314677703], [-82.5253608886989, 27.935491493784127]]]}}, {"type": "Feature", "properties": {"OBJECTID": 413028, "FOLIO": "113455.0000", "PIN": "A-29-29-18-3LA-000003-00018.0", "TYPE": null, "SITE_ADDR": "4811 W Beachway Dr", "SITE_CITY": "Tampa", "SITE_ZIP": "33609", "DOR_C": "0100", "ACT": 1923, "EFF": 1994, "HEAT_AR": 2611, "ACREAGE": 0.31, "JUST": 1594362, "BLDG": 871416, "S_DATE": 1025222400000, "AMT": 720000, "VI": "I", "STORIES": 2, "Shape__Area": 13415.868353718302}, "geometry": {"type": "Polygon", "coordinates": [[[-82.52615852004335, 27.933856239528563], [-82.52616758450867, 27.93369642252583], [-82.52608202941259, 27.933696406474702], [-82.52602789574757, 27.933694609917254], [-82.52597399417375, 27.93369940635596], [-82.52592133828428, 27.93371070619123], [-82.52587091668522, 27.933728295388182], [-82.5258236788153, 27.933751844554237], [-82.52578051056575, 27.93378090993471], [-82.52574222520192, 27.93381494698297], [-82.52613474591968, 27.93412976032719], [-82.52614372203168, 27.934084685891452], [-82.52622583471481, 27.934013546561122], [-82.52620901390627, 27.93399744959214], [-82.52615852004335, 27.933856239528563]]]}}, {"type": "Feature", "properties": {"OBJECTID": 413032, "FOLIO": "113463.0000", "PIN": "A-29-29-18-3LA-000003-00026.0", "TYPE": null, "SITE_ADDR": "811 Grove Park Ave", "SITE_CITY": "Tampa", "SITE_ZIP": "33609", "DOR_C": "0000", "ACT": 0, "EFF": 0, "HEAT_AR": 0, "ACREAGE": 0.28, "JUST": 611520, "BLDG": 0, "S_DATE": 1632700800000, "AMT": 1229800, "VI": "I", "STORIES": 0, "Shape__Area": 11992.584408555776}, "geometry": {"type": "Polygon", "coordinates": [[[-82.52549259888157, 27.934888961684237], [-82.52544239949964, 27.93495807563187], [-82.5253863073112, 27.935023517581264], [-82.52532466180539, 27.935084892779912], [-82.52559893280306, 27.935302859975515], [-82.52570029127914, 27.93520860899741], [-82.52580954942442, 27.935066881823147], [-82.52549259888157, 27.934888961684237]]]}}, {"type": "Feature", "properties": {"OBJECTID": 413034, "FOLIO": "113466.0000", "PIN": "A-29-29-18-3LA-000003-00028.0", "TYPE": null, "SITE_ADDR": "807 Grove Park Ave", "SITE_CITY": "Tampa", "SITE_ZIP": "33609", "DOR_C": "0100", "ACT": 1969, "EFF": 1997, "HEAT_AR": 2153, "ACREAGE": 0.23, "JUST": 786156, "BLDG": 257369, "S_DATE": 1407456000000, "AMT": 499000, "VI": "I", "STORIES": 1, "Shape__Area": 10115.78835944184}, "geometry": {"type": "Polygon", "coordinates": [[[-82.52498031830612, 27.93540664690454], [-82.52526033659814, 27.93557233073817], [-82.5253608886989, 27.935491493784127], [-82.52544977843971, 27.93541998343743], [-82.52517031137519, 27.93520856920629], [-82.52510098807355, 27.935269935684985], [-82.52503751719752, 27.93533610770357], [-82.52498031830612, 27.93540664690454]]]}}, {"type": "Feature", "properties": {"OBJECTID": 413081, "FOLIO": "113528.0000", "PIN": "A-20-29-18-3LA-000009-00003.0", "TYPE": null, "SITE_ADDR": "205 S West Shore Blvd", "SITE_CITY": "Tampa", "SITE_ZIP": "33609", "DOR_C": "0100", "ACT": 1958, "EFF": 1992, "HEAT_AR": 1734, "ACREAGE": 0.19, "JUST": 430388, "BLDG": 171434, "S_DATE": 1447977600000, "AMT": 250000, "VI": "I", "STORIES": 1, "Shape__Area": 8253.752079869071}, "geometry": {"type": "Polygon", "coordinates": [[[-82.52439878984556, 27.942427600247562], [-82.52439711075102, 27.942600891569697], [-82.52480507299163, 27.94260036678047], [-82.52480637259724, 27.942428795993713], [-82.52439878984556, 27.942427600247562]]]}}, {"type": "Feature", "properties": {"OBJECTID": 413082, "FOLIO": "113529.0000", "PIN": "A-20-29-18-3LA-000009-00004.0", "TYPE": null, "SITE_ADDR": "207 S West Shore Blvd", "SITE_CITY": "Tampa", "SITE_ZIP": "33609", "DOR_C": "0100", "ACT": 1960, "EFF": 1992, "HEAT_AR": 1359, "ACREAGE": 0.18, "JUST": 395018, "BLDG": 134351, "S_DATE": 1400803200000, "AMT": 271000, "VI": "I", "STORIES": 1, "Shape__Area": 7802.268342010228}, "geometry": {"type": "Polygon", "coordinates": [[[-82.52480761721321, 27.94226582085007], [-82.52440042055429, 27.942264278911114], [-82.52439878984556, 27.942427600247562], [-82.52480637259724, 27.942428795993713], [-82.52480761721321, 27.94226582085007]]]}}, {"type": "Feature", "properties": {"OBJECTID": 413104, "FOLIO": "113552.0000", "PIN": "A-20-29-18-3LA-000010-00015.0", "TYPE": null, "SITE_ADDR": "206 S Occident St", "SITE_CITY": "Tampa", "SITE_ZIP": "33609", "DOR_C": "0100", "ACT": 2024, "EFF": 2024, "HEAT_AR": 6265, "ACREAGE": 0.18, "JUST": 1996000, "BLDG": 1637201, "S_DATE": 1525392000000, "AMT": 417000, "VI": "I", "STORIES": 3, "Shape__Area": 7949.9347870500105}, "geometry": {"type": "Polygon", "coordinates": [[[-82.52584242726516, 27.94251457749636], [-82.52623064130383, 27.942513437175393], [-82.52623250988754, 27.942339801315715], [-82.52584370858304, 27.942339568608926], [-82.52584242726516, 27.94251457749636]]]}}, {"type": "Feature", "properties": {"OBJECTID": 413145, "FOLIO": "113589.0000", "PIN": "A-20-29-18-3LA-000014-00003.0", "TYPE": null, "SITE_ADDR": "5105 Neptune Way", "SITE_CITY": "Tampa", "SITE_ZIP": "33609", "DOR_C": "0100", "ACT": 2002, "EFF": 2014, "HEAT_AR": 5350, "ACREAGE": 0.23, "JUST": 1753572, "BLDG": 1313775, "S_DATE": 1782777600000, "AMT": 2238200, "VI": "I", "STORIES": 2, "Shape__Area": 9839.083503467242}, "geometry": {"type": "Polygon", "coordinates": [[[-82.52890398104122, 27.939997773334873], [-82.52890062469326, 27.94040146224425], [-82.52892908309431, 27.94040200897534], [-82.52910815536615, 27.9404054458627], [-82.52911766739838, 27.940013799399775], [-82.52890398104122, 27.939997773334873]]]}}, {"type": "Feature", "properties": {"OBJECTID": 413176, "FOLIO": "113629.0050", "PIN": "A-20-29-18-3LA-000016-00010.0", "TYPE": null, "SITE_ADDR": "0", "SITE_CITY": "Tampa", "SITE_ZIP": "33609", "DOR_C": "0000", "ACT": 0, "EFF": 0, "HEAT_AR": 0, "ACREAGE": 0.1, "JUST": 245702, "BLDG": 0, "S_DATE": 1338768000000, "AMT": 135000, "VI": "V", "STORIES": 0, "Shape__Area": 4156.127823564531}, "geometry": {"type": "Polygon", "coordinates": [[[-82.52731474816143, 27.939274486495457], [-82.527470723049, 27.939345687390247], [-82.52747780189323, 27.93933345610231], [-82.5277143721951, 27.93946100835747], [-82.52775216303036, 27.939428017659246], [-82.52736462153032, 27.93916716878895], [-82.52733639643134, 27.93921962288972], [-82.52731474816143, 27.939274486495457]]]}}, {"type": "Feature", "properties": {"OBJECTID": 413184, "FOLIO": "113638.0000", "PIN": "A-20-29-18-3LA-000017-00007.0", "TYPE": null, "SITE_ADDR": "5014 S The Riviera St", "SITE_CITY": "Tampa", "SITE_ZIP": "33609", "DOR_C": "0100", "ACT": 1925, "EFF": 2010, "HEAT_AR": 7151, "ACREAGE": 0.85, "JUST": 7106198, "BLDG": 4212945, "S_DATE": 1435190400000, "AMT": 4000000, "VI": "I", "STORIES": 2, "Shape__Area": 36922.05317441608}, "geometry": {"type": "Polygon", "coordinates": [[[-82.52772590877827, 27.938745980606807], [-82.52750537210966, 27.938295390429083], [-82.52744197509443, 27.93829313451651], [-82.527378585587, 27.93829556294829], [-82.52731564347724, 27.93830265960142], [-82.52725358137617, 27.938314374089963], [-82.52719283073905, 27.938330627156144], [-82.5272363385718, 27.938400943184735], [-82.52716758767018, 27.93843386908986], [-82.52711631387407, 27.938358769322107], [-82.5270574168956, 27.93838639370134], [-82.52700145979729, 27.938418476432986], [-82.5269488691772, 27.938454774042555], [-82.52690004505048, 27.938495008866195], [-82.52685536087557, 27.93853887446486], [-82.52734148056807, 27.938929064020645], [-82.52739660580043, 27.938885718671504], [-82.52745602471, 27.938847105325916], [-82.52751922477188, 27.938813558930587], [-82.52758565767228, 27.938785367644677], [-82.527654751519, 27.938762776402932], [-82.52772590877827, 27.938745980606807]]]}}, {"type": "Feature", "properties": {"OBJECTID": 413192, "FOLIO": "113648.0000", "PIN": "A-20-29-18-3LA-000017-00017.0", "TYPE": null, "SITE_ADDR": "5202 W Neptune Way", "SITE_CITY": "Tampa", "SITE_ZIP": "33609", "DOR_C": "0100", "ACT": 2022, "EFF": 2024, "HEAT_AR": 8253, "ACREAGE": 0.38, "JUST": 5935591, "BLDG": 4434286, "S_DATE": null, "AMT": 0, "VI": null, "STORIES": 2, "Shape__Area": 16459.44639966809}, "geometry": {"type": "Polygon", "coordinates": [[[-82.52908772945268, 27.937603413235532], [-82.52959247043691, 27.937943898067612], [-82.5296484400339, 27.937872499921287], [-82.5296984273161, 27.93779768207752], [-82.52974216799565, 27.937719839009407], [-82.52921463975424, 27.93745093920667], [-82.52915403377526, 27.937529047259506], [-82.52908772945268, 27.937603413235532]]]}}, {"type": "Feature", "properties": {"OBJECTID": 413233, "FOLIO": "113693.0000", "PIN": "A-29-29-18-3LA-000019-00014.0", "TYPE": null, "SITE_ADDR": "4530 W Beachway Dr", "SITE_CITY": "Tampa", "SITE_ZIP": "33609", "DOR_C": "0000", "ACT": 0, "EFF": 0, "HEAT_AR": 0, "ACREAGE": 0.17, "JUST": 388042, "BLDG": 0, "S_DATE": 1621468800000, "AMT": 650000, "VI": "I", "STORIES": 0, "Shape__Area": 7218.771332926719}, "geometry": {"type": "Polygon", "coordinates": [[[-82.52337844949965, 27.93315896458873], [-82.5233728628658, 27.933439587329293], [-82.52348364303528, 27.933442213700694], [-82.5235943330156, 27.9334469970843], [-82.52359184788438, 27.93316098064717], [-82.52337844949965, 27.93315896458873]]]}}, {"type": "Feature", "properties": {"OBJECTID": 413263, "FOLIO": "113722.0000", "PIN": "A-29-29-18-3LA-000021-00010.0", "TYPE": null, "SITE_ADDR": "4520 W Rosemere Rd", "SITE_CITY": "Tampa", "SITE_ZIP": "33609", "DOR_C": "0000", "ACT": 0, "EFF": 0, "HEAT_AR": 0, "ACREAGE": 0.24, "JUST": 552380, "BLDG": 0, "S_DATE": 804556800000, "AMT": 312500, "VI": "I", "STORIES": 0, "Shape__Area": 10464.601618742747}, "geometry": {"type": "Polygon", "coordinates": [[[-82.52215606449258, 27.934894098604687], [-82.52204496449448, 27.934895208367077], [-82.52192147666248, 27.934896364089035], [-82.5219224026345, 27.93529037866106], [-82.52203136797532, 27.935290480900022], [-82.52214024032506, 27.93528645759011], [-82.52215606449258, 27.934894098604687]]]}}, {"type": "Feature", "properties": {"OBJECTID": 413271, "FOLIO": "113729.0000", "PIN": "A-29-29-18-3LA-000021-00020.0", "TYPE": null, "SITE_ADDR": "4519 W Culbreath Ave", "SITE_CITY": "Tampa", "SITE_ZIP": "33609", "DOR_C": "0000", "ACT": 0, "EFF": 0, "HEAT_AR": 0, "ACREAGE": 0.22, "JUST": 455874, "BLDG": 0, "S_DATE": null, "AMT": 0, "VI": null, "STORIES": 0, "Shape__Area": 9415.87179754339}, "geometry": {"type": "Polygon", "coordinates": [[[-82.52200460589111, 27.934532631597772], [-82.52204496449448, 27.934895208367077], [-82.52215606449258, 27.934894098604687], [-82.5222646487223, 27.934892999196407], [-82.52223215637444, 27.93453623667051], [-82.52211834623624, 27.934536158366594], [-82.52200460589111, 27.934532631597772]]]}}, {"type": "Feature", "properties": {"OBJECTID": 413347, "FOLIO": "113793.0000", "PIN": "A-20-29-18-3LA-000026-00006.0", "TYPE": null, "SITE_ADDR": "4604 W Beach Park Dr", "SITE_CITY": "Tampa", "SITE_ZIP": "33609", "DOR_C": "0100", "ACT": 1997, "EFF": 2011, "HEAT_AR": 5283, "ACREAGE": 0.2, "JUST": 1928590, "BLDG": 1406191, "S_DATE": 893980800000, "AMT": 683400, "VI": "I", "STORIES": 2, "Shape__Area": 8619.084107569874}, "geometry": {"type": "Polygon", "coordinates": [[[-82.52178512079874, 27.938417066052573], [-82.52175747753188, 27.938813438394497], [-82.52180850620582, 27.938779451617677], [-82.52185789606374, 27.93874360575407], [-82.52196413595473, 27.938678457938394], [-82.52198327929784, 27.938318791674984], [-82.52178512079874, 27.938417066052573]]]}}, {"type": "Feature", "properties": {"OBJECTID": 413396, "FOLIO": "113836.0000", "PIN": "A-20-29-18-3LA-000029-00014.0", "TYPE": null, "SITE_ADDR": "209 S Renellie Dr", "SITE_CITY": "Tampa", "SITE_ZIP": "33609", "DOR_C": "0100", "ACT": 1959, "EFF": 1992, "HEAT_AR": 1364, "ACREAGE": 0.18, "JUST": 490964, "BLDG": 188024, "S_DATE": null, "AMT": 0, "VI": null, "STORIES": 1, "Shape__Area": 8055.68768588754}, "geometry": {"type": "Polygon", "coordinates": [[[-82.52333026394035, 27.942251163452905], [-82.52375110058242, 27.94225128049887], [-82.52375214837599, 27.942087619361143], [-82.52333170549186, 27.942088530463373], [-82.52333026394035, 27.942251163452905]]]}}, {"type": "Feature", "properties": {"OBJECTID": 413403, "FOLIO": "113841.0000", "PIN": "A-20-29-18-3LA-000032-00003.0", "TYPE": null, "SITE_ADDR": "4508 W Azeele St", "SITE_CITY": "Tampa", "SITE_ZIP": "33609", "DOR_C": "0100", "ACT": 1963, "EFF": 2006, "HEAT_AR": 1761, "ACREAGE": 0.18, "JUST": 304868, "BLDG": 0, "S_DATE": 1717632000000, "AMT": 795000, "VI": "I", "STORIES": 2, "Shape__Area": 7661.036002991096}, "geometry": {"type": "Polygon", "coordinates": [[[-82.5206767280419, 27.941225989854136], [-82.5208754427206, 27.941227987886418], [-82.52088151799249, 27.940900648657976], [-82.52068154697913, 27.94089865628193], [-82.5206767280419, 27.941225989854136]]]}}, {"type": "Feature", "properties": {"OBJECTID": 413405, "FOLIO": "113843.0000", "PIN": "A-20-29-18-3LA-000032-00006.0", "TYPE": null, "SITE_ADDR": "4512 W Azeele St", "SITE_CITY": "Tampa", "SITE_ZIP": "33609", "DOR_C": "0100", "ACT": 1953, "EFF": 2003, "HEAT_AR": 1431, "ACREAGE": 0.18, "JUST": 506526, "BLDG": 205008, "S_DATE": 1309392000000, "AMT": 240000, "VI": "I", "STORIES": 1, "Shape__Area": 7863.154985425934}, "geometry": {"type": "Polygon", "coordinates": [[[-82.52148674498503, 27.94090695224625], [-82.5213041126136, 27.940905237116826], [-82.5212833028958, 27.940904972086248], [-82.52127819555278, 27.941231964740584], [-82.52148445798242, 27.941233932415297], [-82.52148674498503, 27.94090695224625]]]}}, {"type": "Feature", "properties": {"OBJECTID": 413503, "FOLIO": "113936.0000", "PIN": "A-29-29-18-3LA-000038-00014.0", "TYPE": null, "SITE_ADDR": "4317 W Sylvan Ramble St", "SITE_CITY": "Tampa", "SITE_ZIP": "33609", "DOR_C": "0100", "ACT": 1955, "EFF": 1990, "HEAT_AR": 1653, "ACREAGE": 0.16, "JUST": 621820, "BLDG": 200462, "S_DATE": null, "AMT": 0, "VI": null, "STORIES": 1, "Shape__Area": 7165.622051169939}, "geometry": {"type": "Polygon", "coordinates": [[[-82.51905894801641, 27.936558134507997], [-82.51908870885552, 27.93689221518419], [-82.51926651982329, 27.936815216288448], [-82.51923970906135, 27.936491095249096], [-82.51905894801641, 27.936558134507997]]]}}, {"type": "Feature", "properties": {"OBJECTID": 413604, "FOLIO": "114039.0000", "PIN": "A-21-29-18-3LA-000046-00006.0", "TYPE": null, "SITE_ADDR": "4312 W Beach Park Dr", "SITE_CITY": "Tampa", "SITE_ZIP": "33609", "DOR_C": "0100", "ACT": 1967, "EFF": 1996, "HEAT_AR": 2418, "ACREAGE": 0.31, "JUST": 1028657, "BLDG": 336799, "S_DATE": 1249430400000, "AMT": 405000, "VI": "I", "STORIES": 1, "Shape__Area": 13295.837466893403}, "geometry": {"type": "Polygon", "coordinates": [[[-82.5177477303745, 27.938118940104378], [-82.5175965593255, 27.938118477883776], [-82.51744420694897, 27.938117675216134], [-82.51744048254187, 27.938473543479105], [-82.51759309851137, 27.938489466826738], [-82.51774485680002, 27.93851090604758], [-82.5177477303745, 27.938118940104378]]]}}, {"type": "Feature", "properties": {"OBJECTID": 413669, "FOLIO": "114102.0000", "PIN": "A-21-29-18-3LA-000051-00013.0", "TYPE": null, "SITE_ADDR": "4207 W Beach Park Dr", "SITE_CITY": "Tampa", "SITE_ZIP": "33609", "DOR_C": "0100", "ACT": 1957, "EFF": 1991, "HEAT_AR": 2988, "ACREAGE": 0.34, "JUST": 1056899, "BLDG": 353807, "S_DATE": 1115337600000, "AMT": 570000, "VI": "I", "STORIES": 1, "Shape__Area": 14689.68490157143}, "geometry": {"type": "Polygon", "coordinates": [[[-82.5147381683392, 27.938604360149046], [-82.51473605779834, 27.93901660761294], [-82.5149918697165, 27.939018057805434], [-82.51503861872267, 27.939018569683448], [-82.51505124002536, 27.938619004176314], [-82.51489476531874, 27.938610648313144], [-82.5147381683392, 27.938604360149046]]]}}, {"type": "Feature", "properties": {"OBJECTID": 413727, "FOLIO": "114163.0000", "PIN": "A-20-29-18-3LB-000002-00001.0", "TYPE": null, "SITE_ADDR": "5203 W Neptune Way", "SITE_CITY": "Tampa", "SITE_ZIP": "33609", "DOR_C": "0000", "ACT": 0, "EFF": 0, "HEAT_AR": 0, "ACREAGE": 0.41, "JUST": 581554, "BLDG": 0, "S_DATE": 904608000000, "AMT": 239500, "VI": "I", "STORIES": 0, "Shape__Area": 17934.985177787756}, "geometry": {"type": "Polygon", "coordinates": [[[-82.5301066585163, 27.940019275697892], [-82.5300992410215, 27.940422948642226], [-82.5302287538798, 27.940425199595715], [-82.53047694004071, 27.940430432338974], [-82.53048004468033, 27.940253696415507], [-82.53048405544709, 27.940024697647853], [-82.5301066585163, 27.940019275697892]]]}}, {"type": "Feature", "properties": {"OBJECTID": 413748, "FOLIO": "114183.0000", "PIN": "A-20-29-18-3LC-000005-00005.0", "TYPE": null, "SITE_ADDR": "22 S Treasure Dr", "SITE_CITY": "Tampa", "SITE_ZIP": "33609", "DOR_C": "0100", "ACT": 2004, "EFF": 2014, "HEAT_AR": 4971, "ACREAGE": 0.23, "JUST": 3297365, "BLDG": 2043857, "S_DATE": 1405555200000, "AMT": 2325000, "VI": "I", "STORIES": 2, "Shape__Area": 10197.540723570466}, "geometry": {"type": "Polygon", "coordinates": [[[-82.53068272660501, 27.93914719214362], [-82.53108807825504, 27.939149753282802], [-82.53109100031841, 27.938935886642344], [-82.53068603155563, 27.938932291673197], [-82.53068272660501, 27.93914719214362]]]}}, {"type": "Feature", "properties": {"OBJECTID": 413779, "FOLIO": "114230.0000", "PIN": "A-20-29-18-3LD-000006-00013.0", "TYPE": null, "SITE_ADDR": "35 W Spanish Main St", "SITE_CITY": "Tampa", "SITE_ZIP": "33609", "DOR_C": "0100", "ACT": 1954, "EFF": 1990, "HEAT_AR": 2342, "ACREAGE": 0.29, "JUST": 2549829, "BLDG": 263992, "S_DATE": 423273600000, "AMT": 165000, "VI": "I", "STORIES": 1, "Shape__Area": 12843.687855048604}, "geometry": {"type": "Polygon", "coordinates": [[[-82.53355938471856, 27.938988224640543], [-82.53327384680853, 27.93924031930642], [-82.5334913991925, 27.939432702839124], [-82.53377529100565, 27.93918061411023], [-82.53355938471856, 27.938988224640543]]]}}, {"type": "Feature", "properties": {"OBJECTID": 414186, "FOLIO": "114293.1566", "PIN": "A-20-29-18-C2I-000000-00008.0", "TYPE": null, "SITE_ADDR": "4515 W North A St 1", "SITE_CITY": "Tampa", "SITE_ZIP": "33609", "DOR_C": "0106", "ACT": 2022, "EFF": 2024, "HEAT_AR": 2417, "ACREAGE": 0.02, "JUST": 554682, "BLDG": 499214, "S_DATE": 1657065600000, "AMT": 800000, "VI": "I", "STORIES": 3, "Shape__Area": 1034.3527338910887}, "geometry": {"type": "Polygon", "coordinates": [[[-82.5212695935211, 27.94608849869461], [-82.52126901248829, 27.945956477708002], [-82.52120226759499, 27.945956709655533], [-82.52120284854665, 27.94608873064351], [-82.5212695935211, 27.94608849869461]]]}}, {"type": "Feature", "properties": {"OBJECTID": 414378, "FOLIO": "114457.0000", "PIN": "A-21-29-18-3LG-000006-00016.0", "TYPE": null, "SITE_ADDR": "3907 W Lemon St", "SITE_CITY": "Tampa", "SITE_ZIP": "33609", "DOR_C": "0100", "ACT": 1962, "EFF": 1994, "HEAT_AR": 1313, "ACREAGE": 0.09, "JUST": 250933, "BLDG": 166068, "S_DATE": 1073606400000, "AMT": 110000, "VI": "I", "STORIES": 1, "Shape__Area": 3736.615494434618}, "geometry": {"type": "Polygon", "coordinates": [[[-82.50829033716758, 27.950777549403938], [-82.50828923995184, 27.950980961714855], [-82.50844499107701, 27.95098038471185], [-82.5084473363361, 27.95077662487745], [-82.50829033716758, 27.950777549403938]]]}}, {"type": "Feature", "properties": {"OBJECTID": 414414, "FOLIO": "114505.0000", "PIN": "A-21-29-18-3LG-000010-00011.0", "TYPE": null, "SITE_ADDR": "4004 W Lemon St", "SITE_CITY": "Tampa", "SITE_ZIP": "33609", "DOR_C": "0100", "ACT": 1956, "EFF": 1990, "HEAT_AR": 1224, "ACREAGE": 0.11, "JUST": 228682, "BLDG": 128932, "S_DATE": 741484800000, "AMT": 40000, "VI": "I", "STORIES": 1, "Shape__Area": 4888.944498515056}, "geometry": {"type": "Polygon", "coordinates": [[[-82.5102308565111, 27.950601893478808], [-82.51023711465608, 27.950327158256595], [-82.51008465766851, 27.950326347997187], [-82.51007994622701, 27.95060073366737], [-82.5102308565111, 27.950601893478808]]]}}, {"type": "Feature", "properties": {"OBJECTID": 414424, "FOLIO": "114512.0005", "PIN": "A-21-29-18-3LG-000010-00021.0", "TYPE": null, "SITE_ADDR": "4017 W Cass St", "SITE_CITY": "Tampa", "SITE_ZIP": "33609-", "DOR_C": "0100", "ACT": 2025, "EFF": 2025, "HEAT_AR": 3042, "ACREAGE": 0.12, "JUST": 776439, "BLDG": 676689, "S_DATE": 1773964800000, "AMT": 1090000, "VI": "I", "STORIES": 2, "Shape__Area": 5009.940114389659}, "geometry": {"type": "Polygon", "coordinates": [[[-82.51117248721397, 27.950056709662228], [-82.51116570745688, 27.950332822121975], [-82.51116599483494, 27.950332992512386], [-82.51132029217244, 27.95033379473802], [-82.51132692825121, 27.950057682808147], [-82.51117248721397, 27.950056709662228]]]}}, {"type": "Feature", "properties": {"OBJECTID": 414447, "FOLIO": "114534.0000", "PIN": "A-21-29-18-3LG-000011-00021.0", "TYPE": null, "SITE_ADDR": "3917 W Cass St", "SITE_CITY": "Tampa", "SITE_ZIP": "33609", "DOR_C": "0100", "ACT": 1957, "EFF": 2005, "HEAT_AR": 990, "ACREAGE": 0.11, "JUST": 240780, "BLDG": 141030, "S_DATE": null, "AMT": 0, "VI": null, "STORIES": 1, "Shape__Area": 4946.712178805853}, "geometry": {"type": "Polygon", "coordinates": [[[-82.50907468346999, 27.950056753547237], [-82.50907258697971, 27.950332160097673], [-82.50922629500002, 27.95033124685986], [-82.50922703548187, 27.95005584532694], [-82.50907468346999, 27.950056753547237]]]}}, {"type": "Feature", "properties": {"OBJECTID": 414493, "FOLIO": "114575.0000", "PIN": "A-21-29-18-3LG-000015-00013.0", "TYPE": null, "SITE_ADDR": "4001 W Carmen St", "SITE_CITY": "Tampa", "SITE_ZIP": "33609", "DOR_C": "0000", "ACT": 0, "EFF": 0, "HEAT_AR": 0, "ACREAGE": 0.11, "JUST": 95760, "BLDG": 0, "S_DATE": 1762300800000, "AMT": 256000, "VI": "V", "STORIES": 0, "Shape__Area": 4808.00724051316}, "geometry": {"type": "Polygon", "coordinates": [[[-82.51002940557734, 27.94960917418444], [-82.51003382974358, 27.94933547717552], [-82.50988311409003, 27.949334488770187], [-82.50988081848143, 27.94960817699147], [-82.51002940557734, 27.94960917418444]]]}}, {"type": "Feature", "properties": {"OBJECTID": 414605, "FOLIO": "114678.0000", "PIN": "A-21-29-18-3LG-000020-00022.0", "TYPE": null, "SITE_ADDR": "3821 W Gray St", "SITE_CITY": "Tampa", "SITE_ZIP": "33609", "DOR_C": "0100", "ACT": 1958, "EFF": 1992, "HEAT_AR": 884, "ACREAGE": 0.12, "JUST": 227773, "BLDG": 122044, "S_DATE": 1762992000000, "AMT": 299000, "VI": "I", "STORIES": 1, "Shape__Area": 5057.475489660733}, "geometry": {"type": "Polygon", "coordinates": [[[-82.50719524600085, 27.948616214994296], [-82.50719307066318, 27.94889643625925], [-82.50734639113803, 27.94889587038522], [-82.50734982632795, 27.948616333016307], [-82.50719524600085, 27.948616214994296]]]}}, {"type": "Feature", "properties": {"OBJECTID": 414606, "FOLIO": "114679.0000", "PIN": "A-21-29-18-3LG-000020-00023.0", "TYPE": null, "SITE_ADDR": "3823 W Gray St", "SITE_CITY": "Tampa", "SITE_ZIP": "33609", "DOR_C": "0100", "ACT": 1970, "EFF": 2008, "HEAT_AR": 976, "ACREAGE": 0.12, "JUST": 307390, "BLDG": 199451, "S_DATE": 1651190400000, "AMT": 380000, "VI": "I", "STORIES": 1, "Shape__Area": 5143.431121120653}, "geometry": {"type": "Polygon", "coordinates": [[[-82.50734982632795, 27.948616333016307], [-82.50734639113803, 27.94889587038522], [-82.50750309698367, 27.94889494894466], [-82.50750741008834, 27.9486167827076], [-82.50734982632795, 27.948616333016307]]]}}, {"type": "Feature", "properties": {"OBJECTID": 414753, "FOLIO": "114829.0000", "PIN": "A-21-29-18-3LJ-000001-00027.0", "TYPE": null, "SITE_ADDR": "4312 W North A St", "SITE_CITY": "Tampa", "SITE_ZIP": "33609", "DOR_C": "0106", "ACT": 1987, "EFF": 2006, "HEAT_AR": 1410, "ACREAGE": 0.08, "JUST": 421706, "BLDG": 379535, "S_DATE": 1129075200000, "AMT": 246000, "VI": "I", "STORIES": 2, "Shape__Area": 3375.4079890021158}, "geometry": {"type": "Polygon", "coordinates": [[[-82.5172532034205, 27.945684317418383], [-82.51725157852961, 27.94534325558112], [-82.517251561333, 27.94533964601226], [-82.51721623249223, 27.945339779644335], [-82.51721473841232, 27.94553404309549], [-82.51721402571619, 27.94562825178944], [-82.51710647163104, 27.945522759997726], [-82.51708112047855, 27.945524574303963], [-82.51707916789532, 27.94568342626256], [-82.5172532034205, 27.945684317418383]]]}}, {"type": "Feature", "properties": {"OBJECTID": 414809, "FOLIO": "114897.0000", "PIN": "A-21-29-18-3LJ-000006-00015.0", "TYPE": null, "SITE_ADDR": "4205 W North B St", "SITE_CITY": "Tampa", "SITE_ZIP": "33609", "DOR_C": "0100", "ACT": 2022, "EFF": 2024, "HEAT_AR": 3692, "ACREAGE": 0.18, "JUST": 1067437, "BLDG": 916882, "S_DATE": 1761609600000, "AMT": 1385000, "VI": "I", "STORIES": 2, "Shape__Area": 8030.403416029098}, "geometry": {"type": "Polygon", "coordinates": [[[-82.51441887675652, 27.946790866303193], [-82.51441333589642, 27.94716905387451], [-82.51442138928992, 27.947169062585107], [-82.51459423188916, 27.947169251341933], [-82.51459977110278, 27.946791063775564], [-82.51441887675652, 27.946790866303193]]]}}, {"type": "Feature", "properties": {"OBJECTID": 414827, "FOLIO": "114922.0000", "PIN": "A-21-29-18-3LJ-000008-00009.0", "TYPE": null, "SITE_ADDR": "4314 W Gray St", "SITE_CITY": "Tampa", "SITE_ZIP": "33609", "DOR_C": "0006", "ACT": 0, "EFF": 0, "HEAT_AR": 0, "ACREAGE": 0.23, "JUST": 185664, "BLDG": 0, "S_DATE": 937785600000, "AMT": 87500, "VI": "I", "STORIES": 0, "Shape__Area": 10170.683457548994}, "geometry": {"type": "Polygon", "coordinates": [[[-82.51731621795476, 27.9484671290083], [-82.51732264932318, 27.948090279119615], [-82.51720943051838, 27.948093385588308], [-82.51712914448265, 27.948093427309487], [-82.51708856652823, 27.948093447981407], [-82.51709020714443, 27.948471586867477], [-82.51731621795476, 27.9484671290083]]]}}, {"type": "Feature", "properties": {"OBJECTID": 414924, "FOLIO": "115055.0000", "PIN": "A-21-29-18-3LS-000001-00006.0", "TYPE": null, "SITE_ADDR": "4006 W Gray St", "SITE_CITY": "Tampa", "SITE_ZIP": "33609", "DOR_C": "0100", "ACT": 1959, "EFF": 1992, "HEAT_AR": 1705, "ACREAGE": 0.23, "JUST": 401831, "BLDG": 213036, "S_DATE": 1601510400000, "AMT": 286000, "VI": "I", "STORIES": 1, "Shape__Area": 9994.187354873502}, "geometry": {"type": "Polygon", "coordinates": [[[-82.5103848372782, 27.948456918806976], [-82.5103870666511, 27.948107590002465], [-82.51037593371903, 27.94810728745951], [-82.51014448053914, 27.948103332810174], [-82.51014197369646, 27.94845541318787], [-82.5103848372782, 27.948456918806976]]]}}, {"type": "Feature", "properties": {"OBJECTID": 415462, "FOLIO": "115596.0000", "PIN": "A-21-29-18-3MA-000006-00002.0", "TYPE": null, "SITE_ADDR": "3704 W Cleveland St", "SITE_CITY": "Tampa", "SITE_ZIP": "33609", "DOR_C": "0100", "ACT": 1945, "EFF": 1985, "HEAT_AR": 1681, "ACREAGE": 0.18, "JUST": 463072, "BLDG": 171232, "S_DATE": 394329600000, "AMT": 43000, "VI": "I", "STORIES": 1, "Shape__Area": 7779.887126036639}, "geometry": {"type": "Polygon", "coordinates": [[[-82.5039508626915, 27.942528773059923], [-82.50394545539747, 27.942886021684938], [-82.50413158716917, 27.942887403180954], [-82.50413573587, 27.942530158260546], [-82.5039508626915, 27.942528773059923]]]}}, {"type": "Feature", "properties": {"OBJECTID": 415491, "FOLIO": "115632.0000", "PIN": "A-21-29-18-3MA-000008-00007.0", "TYPE": null, "SITE_ADDR": "3614 W Platt St", "SITE_CITY": "Tampa", "SITE_ZIP": "33609", "DOR_C": "0100", "ACT": 2025, "EFF": 2025, "HEAT_AR": 3978, "ACREAGE": 0.18, "JUST": 1446089, "BLDG": 1154249, "S_DATE": 1750982400000, "AMT": 1730000, "VI": "I", "STORIES": 2, "Shape__Area": 7863.79213581656}, "geometry": {"type": "Polygon", "coordinates": [[[-82.50298002119564, 27.9420107509905], [-82.50298515676178, 27.941657112961433], [-82.50279612220017, 27.941655569037657], [-82.50279050370943, 27.942009724105137], [-82.50298002119564, 27.9420107509905]]]}}, {"type": "Feature", "properties": {"OBJECTID": 415761, "FOLIO": "115914.0000", "PIN": "A-21-29-18-3ME-000003-00003.0", "TYPE": null, "SITE_ADDR": "3604 W Dale Ave", "SITE_CITY": "Tampa", "SITE_ZIP": "33609", "DOR_C": "0100", "ACT": 2015, "EFF": 2020, "HEAT_AR": 3475, "ACREAGE": 0.16, "JUST": 1020570, "BLDG": 704852, "S_DATE": 1504656000000, "AMT": 820000, "VI": "I", "STORIES": 2, "Shape__Area": 7074.328524724372}, "geometry": {"type": "Polygon", "coordinates": [[[-82.50221623804335, 27.938930504293054], [-82.50212990156622, 27.93892944389096], [-82.50204724236974, 27.93892837092935], [-82.50204541114212, 27.93928595050183], [-82.50221363353762, 27.939287741962122], [-82.50221623804335, 27.938930504293054]]]}}, {"type": "Feature", "properties": {"OBJECTID": 415873, "FOLIO": "116018.0000", "PIN": "A-21-29-18-3MH-000001-00012.0", "TYPE": null, "SITE_ADDR": "601 S Clark Ave", "SITE_CITY": "Tampa", "SITE_ZIP": "33609", "DOR_C": "0100", "ACT": 2011, "EFF": 2018, "HEAT_AR": 4521, "ACREAGE": 0.2, "JUST": 1719543, "BLDG": 1380121, "S_DATE": 1542585600000, "AMT": 1230000, "VI": "I", "STORIES": 2, "Shape__Area": 8519.504533048865}, "geometry": {"type": "Polygon", "coordinates": [[[-82.51248581751616, 27.939362274108277], [-82.5124881841668, 27.939166998313492], [-82.51211653064352, 27.939166977845876], [-82.51211416230838, 27.93936225364696], [-82.51248581751616, 27.939362274108277]]]}}, {"type": "Feature", "properties": {"OBJECTID": 415877, "FOLIO": "116020.0000", "PIN": "A-21-29-18-3MH-000001-00016.0", "TYPE": null, "SITE_ADDR": "4105 W De Leon St", "SITE_CITY": "Tampa", "SITE_ZIP": "33609", "DOR_C": "0100", "ACT": 1996, "EFF": 2010, "HEAT_AR": 3701, "ACREAGE": 0.18, "JUST": 1112857, "BLDG": 765496, "S_DATE": 991267200000, "AMT": 463500, "VI": "I", "STORIES": 3, "Shape__Area": 7859.55956019666}, "geometry": {"type": "Polygon", "coordinates": [[[-82.51268037887317, 27.93864168869025], [-82.51249455250672, 27.938641678379962], [-82.51249018450781, 27.93900197625529], [-82.5126760114909, 27.939001986563245], [-82.51268037887317, 27.93864168869025]]]}}, {"type": "Feature", "properties": {"OBJECTID": 416358, "FOLIO": "116085.0342", "PIN": "A-22-29-18-B9E-000006-00026.0", "TYPE": null, "SITE_ADDR": "204 S Tampania Ave 2", "SITE_CITY": "Tampa", "SITE_ZIP": "33609", "DOR_C": "0106", "ACT": 2021, "EFF": 2023, "HEAT_AR": 1977, "ACREAGE": 0.03, "JUST": 558325, "BLDG": 502492, "S_DATE": 1688601600000, "AMT": 795000, "VI": "I", "STORIES": 3, "Shape__Area": 1229.776003873628}, "geometry": {"type": "Polygon", "coordinates": [[[-82.48570877046055, 27.94274177829459], [-82.48564735190737, 27.942741779274833], [-82.48564730530407, 27.94289698603691], [-82.48564730143295, 27.94291247864513], [-82.4856898367393, 27.94291246215926], [-82.48569933715392, 27.942912085728643], [-82.48570876202761, 27.942910950636108], [-82.48570876370297, 27.94289428760843], [-82.48570877046055, 27.94274177829459]]]}}, {"type": "Feature", "properties": {"OBJECTID": 416377, "FOLIO": "116085.0388", "PIN": "A-22-29-18-D05-000000-00004.0", "TYPE": null, "SITE_ADDR": "402 S Audubon Ave 3", "SITE_CITY": "Tampa", "SITE_ZIP": "33609", "DOR_C": "0106", "ACT": 2023, "EFF": 2024, "HEAT_AR": 2400, "ACREAGE": 0.05, "JUST": 592626, "BLDG": 533363, "S_DATE": 1687996800000, "AMT": 840000, "VI": "I", "STORIES": 2, "Shape__Area": 2322.6934964804514}, "geometry": {"type": "Polygon", "coordinates": [[[-82.48700982281831, 27.94076941336599], [-82.48698331463021, 27.94076937176254], [-82.48697886289744, 27.94076936494733], [-82.48696783466772, 27.940769347099888], [-82.48672192947544, 27.94076895952537], [-82.48672179144101, 27.940837688563438], [-82.48696769374058, 27.940838076147017], [-82.48697872299341, 27.940838093990784], [-82.48698317269674, 27.94083810081314], [-82.48700968598224, 27.94083814239844], [-82.48700982281831, 27.94076941336599]]]}}, {"type": "Feature", "properties": {"OBJECTID": 416790, "FOLIO": "116481.0000", "PIN": "A-22-29-18-3MU-J00000-00001.0", "TYPE": null, "SITE_ADDR": "2901 W Swann Ave", "SITE_CITY": "Tampa", "SITE_ZIP": "33609", "DOR_C": "7300", "ACT": 1963, "EFF": 1990, "HEAT_AR": 185641, "ACREAGE": 4.46, "JUST": 23730891, "BLDG": 15780021, "S_DATE": -31536000000, "AMT": 50000, "VI": null, "STORIES": 6, "Shape__Area": 194369.36362237713}, "geometry": {"type": "MultiPolygon", "coordinates": [[[[-82.48928778329353, 27.938577038090997], [-82.48990759532523, 27.938580550122204], [-82.4899058178172, 27.938059238782184], [-82.49052584189265, 27.938058386851], [-82.49052403242055, 27.937528844725605], [-82.48928522916405, 27.937522259869887], [-82.48928778329353, 27.938577038090997]]], [[[-82.48842467334053, 27.938071777563625], [-82.48849333052395, 27.938072331744383], [-82.48849870570471, 27.938571567341626], [-82.48909844399162, 27.938574330328066], [-82.48909530957366, 27.937520928520232], [-82.48842501742494, 27.937516327562708], [-82.48842467334053, 27.938071777563625]]]]}}, {"type": "Feature", "properties": {"OBJECTID": 417885, "FOLIO": "117129.0000", "PIN": "A-22-29-18-3OA-000030-00001.G", "TYPE": null, "SITE_ADDR": "208 N Glen Ave", "SITE_CITY": "Tampa", "SITE_ZIP": "33609", "DOR_C": "0100", "ACT": 1960, "EFF": 2006, "HEAT_AR": 1334, "ACREAGE": 0.17, "JUST": 397896, "BLDG": 220085, "S_DATE": 1597017600000, "AMT": 340000, "VI": "I", "STORIES": 1, "Shape__Area": 7404.793174642708}, "geometry": {"type": "Polygon", "coordinates": [[[-82.49955294129118, 27.946438506709367], [-82.49955212929606, 27.946598385957486], [-82.49994195616576, 27.946607971234894], [-82.49994294324384, 27.946444309355627], [-82.49955294129118, 27.946438506709367]]]}}, {"type": "Feature", "properties": {"OBJECTID": 418020, "FOLIO": "117178.5706", "PIN": "A-22-29-18-5ZX-002607-C0000.0", "TYPE": null, "SITE_ADDR": "2607 W Cleveland St C", "SITE_CITY": "Tampa", "SITE_ZIP": "33609", "DOR_C": "0400", "ACT": 2002, "EFF": 2014, "HEAT_AR": 1721, "ACREAGE": 0.02, "JUST": 457240, "BLDG": 454172, "S_DATE": 1713830400000, "AMT": 550000, "VI": "I", "STORIES": 2, "Shape__Area": 1040.9997729962895}, "geometry": {"type": "Polygon", "coordinates": [[[-82.48763182286855, 27.943575119080453], [-82.48752434891514, 27.943575499689977], [-82.48752471941032, 27.943658014831993], [-82.48763219344539, 27.943657634221147], [-82.48763182286855, 27.943575119080453]]]}}, {"type": "Feature", "properties": {"OBJECTID": 418500, "FOLIO": "117206.0000", "PIN": "A-23-29-18-3OF-000002-00008.0", "TYPE": null, "SITE_ADDR": "216 S Armenia Ave", "SITE_CITY": "Tampa", "SITE_ZIP": "33609", "DOR_C": "1000", "ACT": 0, "EFF": 0, "HEAT_AR": 0, "ACREAGE": 0.31, "JUST": 828360, "BLDG": 0, "S_DATE": 1722384000000, "AMT": 1325000, "VI": "I", "STORIES": 0, "Shape__Area": 13563.1703616571}, "geometry": {"type": "Polygon", "coordinates": [[[-82.48457151746041, 27.942289198840232], [-82.48497521968352, 27.942291239081563], [-82.48497511938884, 27.942005318537007], [-82.48457101449065, 27.942002977395088], [-82.48457151746041, 27.942289198840232]]]}}, {"type": "Feature", "properties": {"OBJECTID": 418516, "FOLIO": "117227.0100", "PIN": "A-23-29-18-3OF-000005-00003.2", "TYPE": null, "SITE_ADDR": "206 S Moody Ave 2", "SITE_CITY": "Tampa", "SITE_ZIP": "33609", "DOR_C": "0100", "ACT": 2013, "EFF": 2021, "HEAT_AR": 2040, "ACREAGE": 0.08, "JUST": 570622, "BLDG": 426621, "S_DATE": 1561593600000, "AMT": 545000, "VI": "I", "STORIES": 2, "Shape__Area": 3408.5672577146956}, "geometry": {"type": "Polygon", "coordinates": [[[-82.48394053755527, 27.942842141687876], [-82.48354187866364, 27.942839227037634], [-82.48354192824023, 27.942911513619123], [-82.48394078422226, 27.94291549873622], [-82.48394053755527, 27.942842141687876]]]}}, {"type": "Feature", "properties": {"OBJECTID": 418640, "FOLIO": "117377.0000", "PIN": "A-26-29-18-3OO-000009-00012.0", "TYPE": null, "SITE_ADDR": "1413 S Moody Ave", "SITE_CITY": "Tampa", "SITE_ZIP": "33629", "DOR_C": "0000", "ACT": 0, "EFF": 0, "HEAT_AR": 0, "ACREAGE": 0.16, "JUST": 306636, "BLDG": 0, "S_DATE": 1238457600000, "AMT": 210000, "VI": "I", "STORIES": 0, "Shape__Area": 6928.758782503328}, "geometry": {"type": "Polygon", "coordinates": [[[-82.48461698449248, 27.927807375212055], [-82.48461692364407, 27.927946581683596], [-82.48504511067944, 27.927944356075226], [-82.48504516514755, 27.92784367184372], [-82.48504518325811, 27.927807900122406], [-82.48461698449248, 27.927807375212055]]]}}, {"type": "Feature", "properties": {"OBJECTID": 418871, "FOLIO": "117480.0120", "PIN": "A-27-29-18-3OY-000021-00005.1", "TYPE": null, "SITE_ADDR": "2525 Bayshore Blvd B", "SITE_CITY": "Tampa", "SITE_ZIP": "33629", "DOR_C": "0106", "ACT": 1980, "EFF": 2002, "HEAT_AR": 3577, "ACREAGE": 0.07, "JUST": 1208423, "BLDG": 1074936, "S_DATE": 1612483200000, "AMT": 1050000, "VI": "I", "STORIES": 2, "Shape__Area": 3204.5968772309257}, "geometry": {"type": "Polygon", "coordinates": [[[-82.48599069506871, 27.923950680050822], [-82.48617795167006, 27.92418574138876], [-82.48625434563701, 27.924136731467442], [-82.48606826371773, 27.923901279854192], [-82.48599069506871, 27.923950680050822]]]}}, {"type": "Feature", "properties": {"OBJECTID": 419077, "FOLIO": "117493.0112", "PIN": "A-26-29-18-3P5-000002-00003.0", "TYPE": null, "SITE_ADDR": "2403 W Palm Dr 3", "SITE_CITY": "Tampa", "SITE_ZIP": "33629", "DOR_C": "0400", "ACT": 1993, "EFF": 2009, "HEAT_AR": 2269, "ACREAGE": 0.02, "JUST": 541157, "BLDG": 536875, "S_DATE": 1579651200000, "AMT": 477500, "VI": "I", "STORIES": 3, "Shape__Area": 985.2308123087395}, "geometry": {"type": "Polygon", "coordinates": [[[-82.48454252675641, 27.92611344372907], [-82.48449327863369, 27.926051124841287], [-82.48447518923778, 27.926062402762184], [-82.48446024081366, 27.92604348841578], [-82.48440593455445, 27.926078813981757], [-82.4844703132184, 27.926160337183962], [-82.48454252675641, 27.92611344372907]]]}}, {"type": "Feature", "properties": {"OBJECTID": 419171, "FOLIO": "117558.0000", "PIN": "A-27-29-18-3PB-000000-00040.0", "TYPE": null, "SITE_ADDR": "2534 W Sunset Dr", "SITE_CITY": "Tampa", "SITE_ZIP": "33629", "DOR_C": "0100", "ACT": 1948, "EFF": 2002, "HEAT_AR": 2168, "ACREAGE": 0.2, "JUST": 768052, "BLDG": 332442, "S_DATE": 1236643200000, "AMT": 412500, "VI": "I", "STORIES": 1, "Shape__Area": 8703.486824422089}, "geometry": {"type": "Polygon", "coordinates": [[[-82.49034243759962, 27.93142906350166], [-82.49053320763764, 27.931428932804792], [-82.49053846395839, 27.9310430922173], [-82.49034490787415, 27.93104328788199], [-82.49034243759962, 27.93142906350166]]]}}, {"type": "Feature", "properties": {"OBJECTID": 419616, "FOLIO": "117697.0000", "PIN": "A-27-29-18-3PJ-000001-00012.0", "TYPE": null, "SITE_ADDR": "2517 W Maryland Ave", "SITE_CITY": "Tampa", "SITE_ZIP": "33629", "DOR_C": "0000", "ACT": 0, "EFF": 0, "HEAT_AR": 0, "ACREAGE": 0.17, "JUST": 315435, "BLDG": 0, "S_DATE": 1380499200000, "AMT": 449000, "VI": "I", "STORIES": 0, "Shape__Area": 7308.0949505516965}, "geometry": {"type": "Polygon", "coordinates": [[[-82.48728322587519, 27.924227937343176], [-82.48737199246963, 27.924491416783155], [-82.48756411812617, 27.924490884842317], [-82.48756293391027, 27.92422694754816], [-82.48728322587519, 27.924227937343176]]]}}, {"type": "Feature", "properties": {"OBJECTID": 419920, "FOLIO": "117918.0000", "PIN": "A-27-29-18-3Q1-000008-00020.0", "TYPE": null, "SITE_ADDR": "2811 W Terrace Dr", "SITE_CITY": "Tampa", "SITE_ZIP": "33609", "DOR_C": "0100", "ACT": 1925, "EFF": 2010, "HEAT_AR": 3264, "ACREAGE": 0.21, "JUST": 1603019, "BLDG": 1068939, "S_DATE": 1469664000000, "AMT": 1000000, "VI": "I", "STORIES": 2, "Shape__Area": 9291.977484513067}, "geometry": {"type": "Polygon", "coordinates": [[[-82.49104951829398, 27.93596434061933], [-82.49104602020428, 27.936401995653693], [-82.49114060251455, 27.93640242809785], [-82.4912280628615, 27.93640282993405], [-82.49122908800082, 27.935964936462838], [-82.49104951829398, 27.93596434061933]]]}}, {"type": "Feature", "properties": {"OBJECTID": 419972, "FOLIO": "117963.0000", "PIN": "A-27-29-18-3Q1-000011-00001.0", "TYPE": null, "SITE_ADDR": "801 S Woodlyn Dr", "SITE_CITY": "Tampa", "SITE_ZIP": "33609", "DOR_C": "0100", "ACT": 2015, "EFF": 2020, "HEAT_AR": 2409, "ACREAGE": 0.22, "JUST": 1218184, "BLDG": 721870, "S_DATE": 1109289600000, "AMT": 385000, "VI": "I", "STORIES": 1, "Shape__Area": 9633.591646564626}, "geometry": {"type": "Polygon", "coordinates": [[[-82.49240708274115, 27.936808885873425], [-82.49282668261476, 27.93681068219069], [-82.4928279935692, 27.936615006730708], [-82.49240879692263, 27.93661323152881], [-82.49240708274115, 27.936808885873425]]]}}, {"type": "Feature", "properties": {"OBJECTID": 419977, "FOLIO": "117968.0000", "PIN": "A-27-29-18-3Q1-000011-00007.0", "TYPE": null, "SITE_ADDR": "812 S Macdill Ave", "SITE_CITY": "Tampa", "SITE_ZIP": "33609", "DOR_C": "0100", "ACT": 1956, "EFF": 1956, "HEAT_AR": 1874, "ACREAGE": 0.22, "JUST": 474841, "BLDG": 36175, "S_DATE": 557452800000, "AMT": 90000, "VI": "I", "STORIES": 1, "Shape__Area": 9474.44936789843}, "geometry": {"type": "Polygon", "coordinates": [[[-82.49325208927968, 27.935793508490075], [-82.4927546238737, 27.935789406676378], [-82.49275390660574, 27.93587005685895], [-82.49283238957794, 27.93595963633002], [-82.49325115253215, 27.93596223211114], [-82.49325208927968, 27.935793508490075]]]}}, {"type": "Feature", "properties": {"OBJECTID": 420260, "FOLIO": "118252.0000", "PIN": "A-27-29-18-3Q4-000002-00003.1", "TYPE": null, "SITE_ADDR": "1004 S Siwanoy St", "SITE_CITY": "Tampa", "SITE_ZIP": "33629", "DOR_C": "0100", "ACT": 2010, "EFF": 2018, "HEAT_AR": 6697, "ACREAGE": 0.6, "JUST": 4882948, "BLDG": 3605754, "S_DATE": 1616371200000, "AMT": 4200000, "VI": "I", "STORIES": 2, "Shape__Area": 25943.951240651717}, "geometry": {"type": "Polygon", "coordinates": [[[-82.49523047520468, 27.9328999731842], [-82.4952212046789, 27.93340011495757], [-82.49540632461498, 27.93340063670327], [-82.49559149027522, 27.933401158937947], [-82.49559242417573, 27.933351301846518], [-82.49567294892981, 27.93335204258795], [-82.49567979893588, 27.932901956362166], [-82.49523047520468, 27.9328999731842]]]}}, {"type": "Feature", "properties": {"OBJECTID": 420346, "FOLIO": "118332.0000", "PIN": "A-27-29-18-3Q6-000000-00001.0", "TYPE": null, "SITE_ADDR": "1515 S Arrawana Ave", "SITE_CITY": "Tampa", "SITE_ZIP": "33629-", "DOR_C": "0100", "ACT": 2023, "EFF": 2024, "HEAT_AR": 4375, "ACREAGE": 0.17, "JUST": 1615928, "BLDG": 1134426, "S_DATE": 1698710400000, "AMT": 2400000, "VI": "I", "STORIES": 2, "Shape__Area": 7443.442391798981}, "geometry": {"type": "Polygon", "coordinates": [[[-82.48849022714059, 27.92918707821329], [-82.48883712521807, 27.92918732192864], [-82.48887435124985, 27.929187258378636], [-82.48887437056817, 27.92909423219493], [-82.48887438297747, 27.929022250298956], [-82.48849032527738, 27.92902202206493], [-82.48849022714059, 27.92918707821329]]]}}, {"type": "Feature", "properties": {"OBJECTID": 420360, "FOLIO": "118348.0000", "PIN": "A-27-29-18-3Q7-000000-00011.0", "TYPE": null, "SITE_ADDR": "2514 W Morrison Ave", "SITE_CITY": "Tampa", "SITE_ZIP": "33629", "DOR_C": "0100", "ACT": 1927, "EFF": 1996, "HEAT_AR": 2877, "ACREAGE": 0.14, "JUST": 1210751, "BLDG": 902528, "S_DATE": 1751500800000, "AMT": 1750000, "VI": "I", "STORIES": 3, "Shape__Area": 6293.371168314084}, "geometry": {"type": "Polygon", "coordinates": [[[-82.48687769925561, 27.933722377525992], [-82.48706129204822, 27.933723212778727], [-82.48706192608212, 27.93342953219904], [-82.48688050167624, 27.93342860715675], [-82.48687769925561, 27.933722377525992]]]}}, {"type": "Feature", "properties": {"OBJECTID": 420364, "FOLIO": "118351.0500", "PIN": "A-27-29-18-3Q7-000000-00017.0", "TYPE": null, "SITE_ADDR": "2606 W Morrison Ave", "SITE_CITY": "Tampa", "SITE_ZIP": "33629", "DOR_C": "0100", "ACT": 1985, "EFF": 2005, "HEAT_AR": 2557, "ACREAGE": 0.15, "JUST": 948605, "BLDG": 636414, "S_DATE": null, "AMT": 0, "VI": null, "STORIES": 2, "Shape__Area": 6397.728282295619}, "geometry": {"type": "Polygon", "coordinates": [[[-82.48810512019537, 27.933727896771916], [-82.48829150116035, 27.933728747574133], [-82.4882917012257, 27.93343578326855], [-82.48810609463128, 27.933434848500195], [-82.48810512019537, 27.933727896771916]]]}}, {"type": "Feature", "properties": {"OBJECTID": 420414, "FOLIO": "118395.0000", "PIN": "A-27-29-18-3Q7-000000-00071.0", "TYPE": null, "SITE_ADDR": "2603 W Jetton Ave", "SITE_CITY": "Tampa", "SITE_ZIP": "33629", "DOR_C": "0100", "ACT": 1926, "EFF": 1995, "HEAT_AR": 2848, "ACREAGE": 0.14, "JUST": 1070354, "BLDG": 720843, "S_DATE": 1026691200000, "AMT": 495000, "VI": "I", "STORIES": 4, "Shape__Area": 6268.567462992774}, "geometry": {"type": "Polygon", "coordinates": [[[-82.48791928819881, 27.933414717108093], [-82.48810613256558, 27.933415703690986], [-82.4881070788923, 27.9331301915503], [-82.48791977142331, 27.9331293717464], [-82.48791928819881, 27.933414717108093]]]}}, {"type": "Feature", "properties": {"OBJECTID": 420522, "FOLIO": "118500.0000", "PIN": "A-27-29-18-3Q7-000000-00194.0", "TYPE": null, "SITE_ADDR": "2526 W Watrous Ave", "SITE_CITY": "Tampa", "SITE_ZIP": "33629", "DOR_C": "0100", "ACT": 1925, "EFF": 1995, "HEAT_AR": 1294, "ACREAGE": 0.18, "JUST": 744302, "BLDG": 382679, "S_DATE": 1399593600000, "AMT": 484000, "VI": "I", "STORIES": 1, "Shape__Area": 7625.840249592813}, "geometry": {"type": "Polygon", "coordinates": [[[-82.49001135836313, 27.931945997590972], [-82.48984108976025, 27.931945987875167], [-82.48984020546996, 27.932327402769687], [-82.49001013948468, 27.932328338644094], [-82.49001135836313, 27.931945997590972]]]}}, {"type": "Feature", "properties": {"OBJECTID": 420528, "FOLIO": "118507.0000", "PIN": "A-27-29-18-3Q7-000000-00200.0", "TYPE": null, "SITE_ADDR": "2608 W Watrous Ave", "SITE_CITY": "Tampa", "SITE_ZIP": "33629", "DOR_C": "0000", "ACT": 0, "EFF": 0, "HEAT_AR": 0, "ACREAGE": 0.28, "JUST": 534034, "BLDG": 0, "S_DATE": 741484800000, "AMT": 175000, "VI": "I", "STORIES": 0, "Shape__Area": 12381.381242576872}, "geometry": {"type": "Polygon", "coordinates": [[[-82.4913971072387, 27.93194500080418], [-82.49114276169885, 27.93194377842575], [-82.49112417967082, 27.931943688576784], [-82.49112593301425, 27.93233151108444], [-82.49114451510862, 27.932331600932333], [-82.49139691068117, 27.9323328140136], [-82.4913971072387, 27.93194500080418]]]}}, {"type": "Feature", "properties": {"OBJECTID": 420555, "FOLIO": "118530.0000", "PIN": "A-27-29-18-3Q9-000000-00012.0", "TYPE": null, "SITE_ADDR": "2632 W Sunset Dr", "SITE_CITY": "Tampa", "SITE_ZIP": "33629", "DOR_C": "0100", "ACT": 1940, "EFF": 1982, "HEAT_AR": 2378, "ACREAGE": 0.2, "JUST": 596540, "BLDG": 204074, "S_DATE": 1040342400000, "AMT": 205000, "VI": "I", "STORIES": 2, "Shape__Area": 8599.614121445687}, "geometry": {"type": "Polygon", "coordinates": [[[-82.49313203664981, 27.931426533420318], [-82.49332237264393, 27.931426372439006], [-82.49333166717635, 27.931045495978214], [-82.49313758260391, 27.931045202037083], [-82.49313203664981, 27.931426533420318]]]}}, {"type": "Feature", "properties": {"OBJECTID": 420567, "FOLIO": "118542.0000", "PIN": "A-27-29-18-3Q9-000000-00027.0", "TYPE": null, "SITE_ADDR": "2617 W Prospect Rd", "SITE_CITY": "Tampa", "SITE_ZIP": "33629", "DOR_C": "0100", "ACT": 1929, "EFF": 1996, "HEAT_AR": 2436, "ACREAGE": 0.19, "JUST": 1182787, "BLDG": 752227, "S_DATE": 1570752000000, "AMT": 902000, "VI": "I", "STORIES": 3, "Shape__Area": 8239.234336961907}, "geometry": {"type": "Polygon", "coordinates": [[[-82.49205562582911, 27.931019870832735], [-82.49224106855219, 27.93101986509975], [-82.49224464409826, 27.930640467394195], [-82.49206016178806, 27.930640385770275], [-82.49205562582911, 27.931019870832735]]]}}, {"type": "Feature", "properties": {"OBJECTID": 420584, "FOLIO": "118558.0300", "PIN": "A-27-29-18-3QA-000004-00017.1", "TYPE": null, "SITE_ADDR": "2444 W Neptune St", "SITE_CITY": "Tampa", "SITE_ZIP": "33629", "DOR_C": "0100", "ACT": 1996, "EFF": 2016, "HEAT_AR": 2906, "ACREAGE": 0.14, "JUST": 1146687, "BLDG": 849635, "S_DATE": 1634688000000, "AMT": 1340000, "VI": "I", "STORIES": 2, "Shape__Area": 6221.987315128951}, "geometry": {"type": "Polygon", "coordinates": [[[-82.4873868071229, 27.929822068147732], [-82.48728770964883, 27.929821969404173], [-82.48717949727391, 27.92982186132139], [-82.48717335590455, 27.930077118751804], [-82.48738053215864, 27.930078239297362], [-82.4873868071229, 27.929822068147732]]]}}, {"type": "Feature", "properties": {"OBJECTID": 420606, "FOLIO": "118572.0000", "PIN": "A-27-29-18-3QA-000004-00027.0", "TYPE": null, "SITE_ADDR": "1517 S Georgia Ave", "SITE_CITY": "Tampa", "SITE_ZIP": "33629", "DOR_C": "0100", "ACT": 1927, "EFF": 1996, "HEAT_AR": 2238, "ACREAGE": 0.12, "JUST": 792668, "BLDG": 561046, "S_DATE": 1717113600000, "AMT": 1320000, "VI": "I", "STORIES": 1, "Shape__Area": 5122.847100826971}, "geometry": {"type": "Polygon", "coordinates": [[[-82.4877412485037, 27.928997872502173], [-82.48805998618386, 27.92899798417953], [-82.48806361417058, 27.92886154455824], [-82.48774438805356, 27.928860725318913], [-82.4877412485037, 27.928997872502173]]]}}, {"type": "Feature", "properties": {"OBJECTID": 420611, "FOLIO": "118575.0100", "PIN": "A-27-29-18-3QA-000004-00032.0", "TYPE": null, "SITE_ADDR": "1510 S Arrawana Ave", "SITE_CITY": "Tampa", "SITE_ZIP": "33629", "DOR_C": "0100", "ACT": 1989, "EFF": 2007, "HEAT_AR": 2632, "ACREAGE": 0.11, "JUST": 783452, "BLDG": 546356, "S_DATE": 1450051200000, "AMT": 585000, "VI": "I", "STORIES": 2, "Shape__Area": 4795.052972374872}, "geometry": {"type": "Polygon", "coordinates": [[[-82.48804536216763, 27.929547986179365], [-82.48834696555619, 27.929547987338367], [-82.4883498928796, 27.929413749387667], [-82.48804902058458, 27.929411077206513], [-82.48804536216763, 27.929547986179365]]]}}, {"type": "Feature", "properties": {"OBJECTID": 420621, "FOLIO": "118585.0000", "PIN": "A-27-29-18-3QA-000006-00008.0", "TYPE": null, "SITE_ADDR": "1615 S Arrawana Ave", "SITE_CITY": "Tampa", "SITE_ZIP": "33629", "DOR_C": "0100", "ACT": 1926, "EFF": 1995, "HEAT_AR": 2756, "ACREAGE": 0.13, "JUST": 942234, "BLDG": 695001, "S_DATE": 969840000000, "AMT": 194000, "VI": "I", "STORIES": 2, "Shape__Area": 5450.8645574608845}, "geometry": {"type": "Polygon", "coordinates": [[[-82.4885193665024, 27.92767481343533], [-82.48851636413555, 27.92781287521056], [-82.48885401520042, 27.927814040598218], [-82.48885699071324, 27.92767710602858], [-82.4885193665024, 27.92767481343533]]]}}, {"type": "Feature", "properties": {"OBJECTID": 420847, "FOLIO": "118680.0000", "PIN": "A-27-29-18-3QG-000019-00009.0", "TYPE": null, "SITE_ADDR": "3216 W San Miguel St", "SITE_CITY": "Tampa", "SITE_ZIP": "33629", "DOR_C": "0100", "ACT": 1940, "EFF": 2000, "HEAT_AR": 1162, "ACREAGE": 0.11, "JUST": 476774, "BLDG": 228356, "S_DATE": 1604620800000, "AMT": 550000, "VI": "I", "STORIES": 1, "Shape__Area": 4877.132794069067}, "geometry": {"type": "Polygon", "coordinates": [[[-82.49659820323906, 27.924215782930297], [-82.4965923783298, 27.92448673530386], [-82.49674586188985, 27.924487556243772], [-82.49675169159156, 27.924217291488553], [-82.49659820323906, 27.924215782930297]]]}}, {"type": "Feature", "properties": {"OBJECTID": 420865, "FOLIO": "118695.0000", "PIN": "A-27-29-18-3QG-000021-00001.0", "TYPE": null, "SITE_ADDR": "3100 W San Carlos St", "SITE_CITY": "Tampa", "SITE_ZIP": "33629", "DOR_C": "1140", "ACT": 1925, "EFF": 1990, "HEAT_AR": 5223, "ACREAGE": 0.23, "JUST": 904958, "BLDG": 904858, "S_DATE": 1636934400000, "AMT": 800000, "VI": "I", "STORIES": 1, "Shape__Area": 9893.792120209513}, "geometry": {"type": "Polygon", "coordinates": [[[-82.49397003641005, 27.92350141580853], [-82.49367180927686, 27.923497948540543], [-82.493665352269, 27.92378075815099], [-82.4939646569582, 27.923782626095182], [-82.49397003641005, 27.92350141580853]]]}}, {"type": "Feature", "properties": {"OBJECTID": 420907, "FOLIO": "118734.0000", "PIN": "A-27-29-18-3QG-000030-00005.0", "TYPE": null, "SITE_ADDR": "3110 W San Jose St", "SITE_CITY": "Tampa", "SITE_ZIP": "33629", "DOR_C": "0100", "ACT": 2021, "EFF": 2023, "HEAT_AR": 2919, "ACREAGE": 0.11, "JUST": 1049917, "BLDG": 772156, "S_DATE": 1615334400000, "AMT": 828600, "VI": "I", "STORIES": 2, "Shape__Area": 4936.130278658931}, "geometry": {"type": "Polygon", "coordinates": [[[-82.49428774362515, 27.92282399421522], [-82.49428130292924, 27.923096186016128], [-82.49443600259075, 27.92309743202622], [-82.4944416840842, 27.922824818812728], [-82.49436637754802, 27.92282441590556], [-82.49428774362515, 27.92282399421522]]]}}, {"type": "Feature", "properties": {"OBJECTID": 421042, "FOLIO": "118877.0100", "PIN": "A-27-29-18-3QI-000002-00010.0", "TYPE": null, "SITE_ADDR": "1905 S Holly Ln", "SITE_CITY": "Tampa", "SITE_ZIP": "33629", "DOR_C": "0100", "ACT": 1988, "EFF": 2006, "HEAT_AR": 3592, "ACREAGE": 0.27, "JUST": 1701327, "BLDG": 1133170, "S_DATE": 1334534400000, "AMT": 967500, "VI": "I", "STORIES": 2, "Shape__Area": 11684.338981797862}, "geometry": {"type": "Polygon", "coordinates": [[[-82.50024133570545, 27.926137597875382], [-82.50023701331655, 27.92635490811437], [-82.50069621852495, 27.926357020674093], [-82.50069938087469, 27.926140401382032], [-82.50056263537961, 27.926139524041222], [-82.50024133570545, 27.926137597875382]]]}}, {"type": "Feature", "properties": {"OBJECTID": 421161, "FOLIO": "118945.0000", "PIN": "A-28-29-18-3QK-00002A-00014.0", "TYPE": null, "SITE_ADDR": "3713 W Mckay Ave", "SITE_CITY": "Tampa", "SITE_ZIP": "33609", "DOR_C": "1740", "ACT": 1959, "EFF": 1977, "HEAT_AR": 1096, "ACREAGE": 0.16, "JUST": 427380, "BLDG": 427280, "S_DATE": 1687132800000, "AMT": 500000, "VI": "I", "STORIES": 1, "Shape__Area": 6840.240616515708}, "geometry": {"type": "Polygon", "coordinates": [[[-82.50470450508035, 27.93671251599473], [-82.50470225571101, 27.937090421254652], [-82.50485756675215, 27.93709059459924], [-82.50485794106184, 27.936713603139058], [-82.50470450508035, 27.93671251599473]]]}}, {"type": "Feature", "properties": {"OBJECTID": 421185, "FOLIO": "118988.0000", "PIN": "A-28-29-18-3QK-00012A-00009.0", "TYPE": null, "SITE_ADDR": "3608 W Lykes Ave", "SITE_CITY": "Tampa", "SITE_ZIP": "33609", "DOR_C": "0100", "ACT": 1974, "EFF": 2000, "HEAT_AR": 1943, "ACREAGE": 0.32, "JUST": 798048, "BLDG": 274248, "S_DATE": null, "AMT": 0, "VI": null, "STORIES": 1, "Shape__Area": 13878.457348554088}, "geometry": {"type": "Polygon", "coordinates": [[[-82.50235778559643, 27.935631372198156], [-82.5026682844188, 27.9356353954977], [-82.5026762991926, 27.935255100251254], [-82.50236550927613, 27.935250735105146], [-82.50235778559643, 27.935631372198156]]]}}, {"type": "Feature", "properties": {"OBJECTID": 421197, "FOLIO": "119000.0000", "PIN": "A-28-29-18-3QK-00012B-00010.0", "TYPE": null, "SITE_ADDR": "3609 W Morrison Ave", "SITE_CITY": "Tampa", "SITE_ZIP": "33629", "DOR_C": "0100", "ACT": 1955, "EFF": 2004, "HEAT_AR": 1582, "ACREAGE": 0.23, "JUST": 620331, "BLDG": 231531, "S_DATE": 1386892800000, "AMT": 320000, "VI": "I", "STORIES": 1, "Shape__Area": 10231.50779431848}, "geometry": {"type": "Polygon", "coordinates": [[[-82.50237603670622, 27.93396351938636], [-82.502371402654, 27.934342770003944], [-82.50260040140803, 27.934345716414036], [-82.50260697241322, 27.933967146364235], [-82.50237603670622, 27.93396351938636]]]}}, {"type": "Feature", "properties": {"OBJECTID": 421397, "FOLIO": "119182.0000", "PIN": "A-28-29-18-3QP-000000-00023.0", "TYPE": null, "SITE_ADDR": "4107 W Watrous Ave", "SITE_CITY": "Tampa", "SITE_ZIP": "33629", "DOR_C": "0100", "ACT": 1951, "EFF": 1988, "HEAT_AR": 1616, "ACREAGE": 0.23, "JUST": 556582, "BLDG": 160368, "S_DATE": 1020038400000, "AMT": 230000, "VI": "I", "STORIES": 1, "Shape__Area": 10140.422262387478}, "geometry": {"type": "Polygon", "coordinates": [[[-82.51281608407888, 27.932571647748084], [-82.5130484552021, 27.93257215662724], [-82.513048536275, 27.932200142153427], [-82.51281674549836, 27.93219928728731], [-82.51281608407888, 27.932571647748084]]]}}, {"type": "Feature", "properties": {"OBJECTID": 421407, "FOLIO": "119193.0000", "PIN": "A-28-29-18-3QQ-000000-00002.0", "TYPE": null, "SITE_ADDR": "4106 W Neptune St", "SITE_CITY": "Tampa", "SITE_ZIP": "33629", "DOR_C": "0000", "ACT": 0, "EFF": 0, "HEAT_AR": 0, "ACREAGE": 0.21, "JUST": 321938, "BLDG": 0, "S_DATE": 964742400000, "AMT": 132500, "VI": "I", "STORIES": 0, "Shape__Area": 8956.390565813246}, "geometry": {"type": "Polygon", "coordinates": [[[-82.51264834723588, 27.929820677118403], [-82.5125959805885, 27.92977755090205], [-82.51243411133332, 27.92992943521807], [-82.51242957942647, 27.93019969431797], [-82.51264094538436, 27.930200282989478], [-82.51264834723588, 27.929820677118403]]]}}, {"type": "Feature", "properties": {"OBJECTID": 421412, "FOLIO": "119198.0000", "PIN": "A-28-29-18-3QQ-000000-00007.0", "TYPE": null, "SITE_ADDR": "4116 W Neptune St", "SITE_CITY": "Tampa", "SITE_ZIP": "33629", "DOR_C": "0000", "ACT": 0, "EFF": 0, "HEAT_AR": 0, "ACREAGE": 0.21, "JUST": 321938, "BLDG": 0, "S_DATE": 1769385600000, "AMT": 550000, "VI": "V", "STORIES": 0, "Shape__Area": 8953.80199354422}, "geometry": {"type": "Polygon", "coordinates": [[[-82.51347475939527, 27.929826879773163], [-82.51347275874599, 27.93020199407853], [-82.51368876993125, 27.930202564725054], [-82.51368991455216, 27.929933004982598], [-82.51352248150673, 27.929788193270834], [-82.51347475939527, 27.929826879773163]]]}}, {"type": "Feature", "properties": {"OBJECTID": 421503, "FOLIO": "119297.0000", "PIN": "A-28-29-18-3QS-000003-00005.0", "TYPE": null, "SITE_ADDR": "4008 W Estrella St", "SITE_CITY": "Tampa", "SITE_ZIP": "33629", "DOR_C": "0100", "ACT": 1952, "EFF": 1952, "HEAT_AR": 2190, "ACREAGE": 0.33, "JUST": 603093, "BLDG": 100159, "S_DATE": 1769644800000, "AMT": 630000, "VI": "I", "STORIES": 1, "Shape__Area": 14157.718049474277}, "geometry": {"type": "Polygon", "coordinates": [[[-82.51104251829067, 27.927965888091276], [-82.51092338394889, 27.9279649575185], [-82.51073397337471, 27.927963940936124], [-82.51072992162267, 27.92835453664187], [-82.51103951233135, 27.928355449361536], [-82.51104251829067, 27.927965888091276]]]}}, {"type": "Feature", "properties": {"OBJECTID": 421577, "FOLIO": "119387.0000", "PIN": "A-28-29-18-3QS-000012-00023.0", "TYPE": null, "SITE_ADDR": "2107 S Clark Ave", "SITE_CITY": "Tampa", "SITE_ZIP": "33629", "DOR_C": "0100", "ACT": 1951, "EFF": 2003, "HEAT_AR": 1287, "ACREAGE": 0.25, "JUST": 557461, "BLDG": 154952, "S_DATE": null, "AMT": 0, "VI": null, "STORIES": 1, "Shape__Area": 10743.489598743448}, "geometry": {"type": "Polygon", "coordinates": [[[-82.5124095071342, 27.925753006065985], [-82.51217637316066, 27.925751810265094], [-82.51217269838817, 27.926142403783157], [-82.51240854059164, 27.92614290096713], [-82.5124095071342, 27.925753006065985]]]}}, {"type": "Feature", "properties": {"OBJECTID": 421661, "FOLIO": "119480.0000", "PIN": "A-28-29-18-3QT-000006-00007.0", "TYPE": null, "SITE_ADDR": "1902 S Clark Ave", "SITE_CITY": "Tampa", "SITE_ZIP": "33629", "DOR_C": "0100", "ACT": 1950, "EFF": 1988, "HEAT_AR": 1800, "ACREAGE": 0.27, "JUST": 570863, "BLDG": 180998, "S_DATE": 1534291200000, "AMT": 435000, "VI": "I", "STORIES": 1, "Shape__Area": 11617.84899308019}, "geometry": {"type": "Polygon", "coordinates": [[[-82.51165986220362, 27.927463209102562], [-82.51196974355948, 27.927464463396696], [-82.51197618316458, 27.927147093046777], [-82.51166281726198, 27.92714550788459], [-82.51165986220362, 27.927463209102562]]]}}, {"type": "Feature", "properties": {"OBJECTID": 421662, "FOLIO": "119481.0000", "PIN": "A-28-29-18-3QT-000006-00008.0", "TYPE": null, "SITE_ADDR": "4013 W San Rafael St", "SITE_CITY": "Tampa", "SITE_ZIP": "33629", "DOR_C": "0100", "ACT": 2004, "EFF": 2014, "HEAT_AR": 2255, "ACREAGE": 0.25, "JUST": 993468, "BLDG": 585093, "S_DATE": 189302400000, "AMT": 27000, "VI": null, "STORIES": 1, "Shape__Area": 11076.26425807127}, "geometry": {"type": "Polygon", "coordinates": [[[-82.51166281726198, 27.92714550788459], [-82.51197618316458, 27.927147093046777], [-82.51197746292597, 27.926843838427825], [-82.51166758759454, 27.92684327174898], [-82.51166281726198, 27.92714550788459]]]}}, {"type": "Feature", "properties": {"OBJECTID": 421678, "FOLIO": "119497.0000", "PIN": "A-28-29-18-3QT-000011-00010.0", "TYPE": null, "SITE_ADDR": "4009 W San Nicholas St", "SITE_CITY": "Tampa", "SITE_ZIP": "33629", "DOR_C": "0100", "ACT": 1950, "EFF": 1988, "HEAT_AR": 1056, "ACREAGE": 0.22, "JUST": 453991, "BLDG": 105276, "S_DATE": 1019174400000, "AMT": 165000, "VI": "I", "STORIES": 1, "Shape__Area": 9477.96084782511}, "geometry": {"type": "Polygon", "coordinates": [[[-82.51117934871145, 27.925740708250988], [-82.51117475380066, 27.926059789994536], [-82.51142831087287, 27.926061599290243], [-82.51143096575385, 27.92574149148796], [-82.51117934871145, 27.925740708250988]]]}}, {"type": "Feature", "properties": {"OBJECTID": 421768, "FOLIO": "119602.0000", "PIN": "A-28-29-18-3R2-000001-00003.0", "TYPE": null, "SITE_ADDR": "4108 Henderson Blvd", "SITE_CITY": "Tampa", "SITE_ZIP": "33629", "DOR_C": "1930", "ACT": 1963, "EFF": 1989, "HEAT_AR": 3469, "ACREAGE": 0.43, "JUST": 1262862, "BLDG": 1262762, "S_DATE": null, "AMT": 0, "VI": null, "STORIES": 1, "Shape__Area": 18847.38205722472}, "geometry": {"type": "Polygon", "coordinates": [[[-82.51214450112266, 27.927414777564636], [-82.51214375547244, 27.927646515896782], [-82.51247824465926, 27.927940612791794], [-82.51269297034831, 27.927751743073912], [-82.51267265142054, 27.927732221048352], [-82.51222574581745, 27.927343304980504], [-82.51214450112266, 27.927414777564636]]]}}, {"type": "Feature", "properties": {"OBJECTID": 421996, "FOLIO": "119854.0000", "PIN": "A-28-29-18-3RE-000000-00015.0", "TYPE": null, "SITE_ADDR": "1520 S Richard Ave", "SITE_CITY": "Tampa", "SITE_ZIP": "33629", "DOR_C": "0100", "ACT": 1956, "EFF": 1990, "HEAT_AR": 1976, "ACREAGE": 0.16, "JUST": 467377, "BLDG": 184561, "S_DATE": 502243200000, "AMT": 75000, "VI": "I", "STORIES": 1, "Shape__Area": 6794.829530025562}, "geometry": {"type": "Polygon", "coordinates": [[[-82.5084348417728, 27.92878619866179], [-82.50843364637421, 27.928923730544216], [-82.50885532480643, 27.92892836105362], [-82.50885652288319, 27.928791514995325], [-82.50860992074811, 27.928788301872192], [-82.5084348417728, 27.92878619866179]]]}}, {"type": "Feature", "properties": {"OBJECTID": 422021, "FOLIO": "119881.0100", "PIN": "A-28-29-18-3RG-000000-00008.0", "TYPE": null, "SITE_ADDR": "4115 Henderson Blvd", "SITE_CITY": "Tampa", "SITE_ZIP": "33629", "DOR_C": "2103", "ACT": 1965, "EFF": 2000, "HEAT_AR": 4500, "ACREAGE": 0.3, "JUST": 1143918, "BLDG": 416238, "S_DATE": 1637280000000, "AMT": 1200000, "VI": "I", "STORIES": 1, "Shape__Area": 12973.880504004797}, "geometry": {"type": "Polygon", "coordinates": [[[-82.5129086242261, 27.927831540787725], [-82.51313602758978, 27.92805245672675], [-82.51319858677242, 27.927999963213512], [-82.51325964113799, 27.928058872496514], [-82.51341711510203, 27.927920069599587], [-82.51312768401087, 27.927638527532533], [-82.5129086242261, 27.927831540787725]]]}}, {"type": "Feature", "properties": {"OBJECTID": 422057, "FOLIO": "119927.0000", "PIN": "A-28-29-18-3RL-000000-00008.0", "TYPE": null, "SITE_ADDR": "3916 W San Miguel St", "SITE_CITY": "Tampa", "SITE_ZIP": "33629", "DOR_C": "0100", "ACT": 2020, "EFF": 2022, "HEAT_AR": 4330, "ACREAGE": 0.25, "JUST": 1573436, "BLDG": 1172486, "S_DATE": 1314748800000, "AMT": 200000, "VI": "I", "STORIES": 2, "Shape__Area": 10691.608828906237}, "geometry": {"type": "Polygon", "coordinates": [[[-82.50961950216798, 27.924406778996545], [-82.5096144008847, 27.924680824202408], [-82.50994760296057, 27.9246837159326], [-82.509950574362, 27.924409335691458], [-82.50963876039859, 27.924407052464083], [-82.50961950216798, 27.924406778996545]]]}}, {"type": "Feature", "properties": {"OBJECTID": 422078, "FOLIO": "119948.0000", "PIN": "A-28-29-18-3RL-000000-00041.0", "TYPE": null, "SITE_ADDR": "3906 W San Obispo St", "SITE_CITY": "Tampa", "SITE_ZIP": "33629", "DOR_C": "0100", "ACT": 1951, "EFF": 1988, "HEAT_AR": 1497, "ACREAGE": 0.24, "JUST": 512264, "BLDG": 133589, "S_DATE": 1329782400000, "AMT": 200000, "VI": "I", "STORIES": 1, "Shape__Area": 10628.148198100322}, "geometry": {"type": "Polygon", "coordinates": [[[-82.50841192960992, 27.92328599799958], [-82.50872133411296, 27.92328862411958], [-82.50872599808177, 27.92299512177711], [-82.50841814491754, 27.922992958285366], [-82.50841192960992, 27.92328599799958]]]}}, {"type": "Feature", "properties": {"OBJECTID": 422091, "FOLIO": "119962.0000", "PIN": "A-28-29-18-3RM-000000-00003.0", "TYPE": null, "SITE_ADDR": "4108 W Watrous Ave", "SITE_CITY": "Tampa", "SITE_ZIP": "33629", "DOR_C": "0100", "ACT": 1953, "EFF": 2003, "HEAT_AR": 2600, "ACREAGE": 0.2, "JUST": 715327, "BLDG": 377628, "S_DATE": 1721606400000, "AMT": 999000, "VI": "I", "STORIES": 1, "Shape__Area": 8807.862811176641}, "geometry": {"type": "Polygon", "coordinates": [[[-82.51274012151026, 27.9316511795523], [-82.5127246366613, 27.93165112981676], [-82.51254181789933, 27.931650542446814], [-82.51253896019387, 27.932029443668114], [-82.51273630047113, 27.932030771092073], [-82.51274012151026, 27.9316511795523]]]}}, {"type": "Feature", "properties": {"OBJECTID": 422147, "FOLIO": "120028.0000", "PIN": "A-28-29-18-3RQ-000000-00012.0", "TYPE": null, "SITE_ADDR": "4062 Henderson Blvd", "SITE_CITY": "Tampa", "SITE_ZIP": "33629", "DOR_C": "1130", "ACT": 1955, "EFF": 1995, "HEAT_AR": 3434, "ACREAGE": 0.17, "JUST": 736759, "BLDG": 339339, "S_DATE": null, "AMT": 0, "VI": null, "STORIES": 1, "Shape__Area": 7338.90835460532}, "geometry": {"type": "Polygon", "coordinates": [[[-82.51125304073526, 27.92853241473007], [-82.51114687464188, 27.928531778230898], [-82.511089820335, 27.928582187481048], [-82.51139092690026, 27.928856813193548], [-82.51141241094996, 27.9288773625346], [-82.51152758752009, 27.928777226515994], [-82.51125304073526, 27.92853241473007]]]}}, {"type": "Feature", "properties": {"OBJECTID": 422269, "FOLIO": "120160.0000", "PIN": "A-28-29-18-3RX-000000-00049.0", "TYPE": null, "SITE_ADDR": "1042 S Sterling Ave", "SITE_CITY": "Tampa", "SITE_ZIP": "33629", "DOR_C": "0100", "ACT": 1957, "EFF": 2005, "HEAT_AR": 1305, "ACREAGE": 0.17, "JUST": 550243, "BLDG": 254442, "S_DATE": 1381449600000, "AMT": 320000, "VI": "I", "STORIES": 1, "Shape__Area": 7463.614656277287}, "geometry": {"type": "Polygon", "coordinates": [[[-82.50330635337431, 27.92584105135983], [-82.5033038735909, 27.9259950913211], [-82.50371953393959, 27.925998385284757], [-82.50372153908584, 27.92584640906885], [-82.50330635337431, 27.92584105135983]]]}}, {"type": "Feature", "properties": {"OBJECTID": 422439, "FOLIO": "120367.0000", "PIN": "A-28-29-18-3S3-000007-00006.1", "TYPE": null, "SITE_ADDR": "4105 Morrison Ave", "SITE_CITY": "Tampa", "SITE_ZIP": "33609", "DOR_C": "0800", "ACT": 1949, "EFF": 1987, "HEAT_AR": 1404, "ACREAGE": 0.28, "JUST": 372376, "BLDG": 57070, "S_DATE": 596937600000, "AMT": 70500, "VI": "I", "STORIES": 1, "Shape__Area": 12036.698469534074}, "geometry": {"type": "Polygon", "coordinates": [[[-82.51261742873295, 27.934034576306523], [-82.51261546971226, 27.93441695013594], [-82.5127853085516, 27.93441707854271], [-82.51288360619161, 27.93441715285238], [-82.51288556413196, 27.934034750155142], [-82.51261742873295, 27.934034576306523]]]}}, {"type": "Feature", "properties": {"OBJECTID": 422450, "FOLIO": "120378.0000", "PIN": "A-28-29-18-3S3-000009-00001.0", "TYPE": null, "SITE_ADDR": "855 S Church Ave", "SITE_CITY": "Tampa", "SITE_ZIP": "33609", "DOR_C": "0100", "ACT": 2014, "EFF": 2020, "HEAT_AR": 3845, "ACREAGE": 0.25, "JUST": 1229451, "BLDG": 818674, "S_DATE": 893980800000, "AMT": 104500, "VI": "I", "STORIES": 2, "Shape__Area": 10850.170249409497}, "geometry": {"type": "Polygon", "coordinates": [[[-82.50819333772822, 27.934782942337403], [-82.50819607122874, 27.934403373885868], [-82.50795218454265, 27.93440320705423], [-82.50795022343056, 27.93478277626964], [-82.50819333772822, 27.934782942337403]]]}}, {"type": "Feature", "properties": {"OBJECTID": 422713, "FOLIO": "120624.0000", "PIN": "A-29-29-18-3SA-000001-00007.0", "TYPE": null, "SITE_ADDR": "4515 W Watrous Ave", "SITE_CITY": "Tampa", "SITE_ZIP": "33629", "DOR_C": "0100", "ACT": 1961, "EFF": 2006, "HEAT_AR": 2804, "ACREAGE": 0.2, "JUST": 930665, "BLDG": 522920, "S_DATE": 1303084800000, "AMT": 475000, "VI": "I", "STORIES": 2, "Shape__Area": 8662.994214251221}, "geometry": {"type": "Polygon", "coordinates": [[[-82.52234590135353, 27.933093135899778], [-82.52259938311208, 27.933095955301912], [-82.52260495740748, 27.932806439359986], [-82.52234905648235, 27.932803283514506], [-82.52234590135353, 27.933093135899778]]]}}, {"type": "Feature", "properties": {"OBJECTID": 422721, "FOLIO": "120633.0000", "PIN": "A-29-29-18-3SA-000006-00002.0", "TYPE": null, "SITE_ADDR": "4518 Watrous Ave", "SITE_CITY": "Tampa", "SITE_ZIP": "33629", "DOR_C": "0000", "ACT": 0, "EFF": 0, "HEAT_AR": 0, "ACREAGE": 0.27, "JUST": 524248, "BLDG": 0, "S_DATE": 1085097600000, "AMT": 470000, "VI": "I", "STORIES": 0, "Shape__Area": 11732.983616117774}, "geometry": {"type": "Polygon", "coordinates": [[[-82.52253187557626, 27.93232089905136], [-82.52252828404526, 27.932660606730053], [-82.52282018968548, 27.932663967574584], [-82.5228271617926, 27.932323215609063], [-82.5225836534876, 27.93232104549645], [-82.52253187557626, 27.93232089905136]]]}}, {"type": "Feature", "properties": {"OBJECTID": 422733, "FOLIO": "120646.0000", "PIN": "A-29-29-18-3SB-000004-00012.0", "TYPE": null, "SITE_ADDR": "4510 W Brookwood Dr", "SITE_CITY": "Tampa", "SITE_ZIP": "33629", "DOR_C": "0100", "ACT": 1966, "EFF": 1996, "HEAT_AR": 3045, "ACREAGE": 0.24, "JUST": 946532, "BLDG": 473230, "S_DATE": 1673913600000, "AMT": 1300000, "VI": "I", "STORIES": 2, "Shape__Area": 10656.945847223658}, "geometry": {"type": "Polygon", "coordinates": [[[-82.52140005213764, 27.93035703207743], [-82.52116159495401, 27.93035762692516], [-82.52116184565043, 27.93040988634439], [-82.52114332268832, 27.930409765126438], [-82.5211382844386, 27.930715040609897], [-82.5213929226106, 27.930718203535385], [-82.52140005213764, 27.93035703207743]]]}}, {"type": "Feature", "properties": {"OBJECTID": 422765, "FOLIO": "120688.0000", "PIN": "A-29-29-18-3SC-000003-00008.0", "TYPE": null, "SITE_ADDR": "1122 S Dunbar Ave", "SITE_CITY": "Tampa", "SITE_ZIP": "33629", "DOR_C": "0000", "ACT": 0, "EFF": 0, "HEAT_AR": 0, "ACREAGE": 0.28, "JUST": 436230, "BLDG": 0, "S_DATE": 1521676800000, "AMT": 975000, "VI": "I", "STORIES": 0, "Shape__Area": 12076.395381423077}, "geometry": {"type": "Polygon", "coordinates": [[[-82.51831507271132, 27.93045236648505], [-82.51831203549489, 27.93082989219722], [-82.5186795363115, 27.930897616080113], [-82.51868154787242, 27.9308624596294], [-82.51869037193424, 27.930828141127396], [-82.51870574417761, 27.930795694828117], [-82.51872720086399, 27.930766097079008], [-82.51831507271132, 27.93045236648505]]]}}, {"type": "Feature", "properties": {"OBJECTID": 422850, "FOLIO": "120829.0000", "PIN": "A-29-29-18-3SF-000000-00013.0", "TYPE": null, "SITE_ADDR": "1106 Culbreath Isles Dr", "SITE_CITY": "Tampa", "SITE_ZIP": "33629", "DOR_C": "0100", "ACT": 2023, "EFF": 2024, "HEAT_AR": 10755, "ACREAGE": 0.77, "JUST": 6788354, "BLDG": 5225677, "S_DATE": 1060905600000, "AMT": 1400000, "VI": "I", "STORIES": 2, "Shape__Area": 33403.52431111983}, "geometry": {"type": "Polygon", "coordinates": [[[-82.52787772763322, 27.932845452067014], [-82.52722211636214, 27.932551278498842], [-82.52718036205324, 27.93253318531233], [-82.52715759568451, 27.9325196659354], [-82.52713272801573, 27.932509476366178], [-82.5271063719351, 27.932502868737227], [-82.52690337875626, 27.932533214794883], [-82.52722029371958, 27.932923955208878], [-82.527307854302, 27.93293744938472], [-82.52739413955382, 27.932956344795485], [-82.52747872737382, 27.932980549209642], [-82.52756120366082, 27.93300994419611], [-82.52764116536618, 27.93304438601491], [-82.52771822252541, 27.9330837056093], [-82.52779199725958, 27.933127712219093], [-82.52793520062444, 27.933121319306604], [-82.52787772763322, 27.932845452067014]]]}}, {"type": "Feature", "properties": {"OBJECTID": 422857, "FOLIO": "120833.0012", "PIN": "A-29-29-18-3SG-000000-00007.0", "TYPE": null, "SITE_ADDR": "1116 Culbreath Isles Dr", "SITE_CITY": "Tampa", "SITE_ZIP": "33629", "DOR_C": "0100", "ACT": 1969, "EFF": 2017, "HEAT_AR": 4068, "ACREAGE": 0.34, "JUST": 1812991, "BLDG": 1144579, "S_DATE": 1204502400000, "AMT": 975000, "VI": "I", "STORIES": 2, "Shape__Area": 14759.442165028846}, "geometry": {"type": "Polygon", "coordinates": [[[-82.52523635516893, 27.932515176276755], [-82.52523779325183, 27.93291262616808], [-82.52558117217852, 27.932913034279704], [-82.52558166724783, 27.93257540135259], [-82.52546582323433, 27.932558774345676], [-82.52535067581272, 27.932538691062888], [-82.52523635516893, 27.932515176276755]]]}}, {"type": "Feature", "properties": {"OBJECTID": 422863, "FOLIO": "120833.0024", "PIN": "A-29-29-18-3SG-000000-00016.1", "TYPE": null, "SITE_ADDR": "1109 Culbreath Isles Dr", "SITE_CITY": "Tampa", "SITE_ZIP": "33629", "DOR_C": "0100", "ACT": 1969, "EFF": 1997, "HEAT_AR": 3857, "ACREAGE": 0.33, "JUST": 1430386, "BLDG": 759221, "S_DATE": 1399248000000, "AMT": 900000, "VI": "I", "STORIES": 2, "Shape__Area": 14487.690138471487}, "geometry": {"type": "Polygon", "coordinates": [[[-82.5267151446508, 27.932035052318337], [-82.52665827011715, 27.93204386618315], [-82.52646427041883, 27.932050452852927], [-82.52646315071615, 27.932458227932692], [-82.52656574739122, 27.932450536093146], [-82.52666775409288, 27.932438100663102], [-82.52676889053909, 27.93242095520286], [-82.52677607982442, 27.932027599072075], [-82.5267151446508, 27.932035052318337]]]}}, {"type": "Feature", "properties": {"OBJECTID": 422865, "FOLIO": "120833.0028", "PIN": "A-29-29-18-3SG-000000-00018.0", "TYPE": null, "SITE_ADDR": "1113 Culbreath Isles Dr", "SITE_CITY": "Tampa", "SITE_ZIP": "33629", "DOR_C": "0000", "ACT": 2026, "EFF": 2026, "HEAT_AR": 5705, "ACREAGE": 0.36, "JUST": 714132, "BLDG": 0, "S_DATE": 1350950400000, "AMT": 820000, "VI": "I", "STORIES": 2, "Shape__Area": 15715.830813002933}, "geometry": {"type": "Polygon", "coordinates": [[[-82.5258371265994, 27.93204769342421], [-82.52583575056892, 27.93246303349612], [-82.52599683837126, 27.93247102008564], [-82.52615816983466, 27.93247245947835], [-82.52616041703871, 27.93205745990546], [-82.52604167270846, 27.932058257349677], [-82.52597846074063, 27.932055060610082], [-82.5258371265994, 27.93204769342421]]]}}, {"type": "Feature", "properties": {"OBJECTID": 423001, "FOLIO": "120833.1106", "PIN": "A-29-29-18-3SJ-000000-00050.0", "TYPE": null, "SITE_ADDR": "4923 Andros Dr", "SITE_CITY": "Tampa", "SITE_ZIP": "33629", "DOR_C": "0100", "ACT": 1985, "EFF": 2013, "HEAT_AR": 5398, "ACREAGE": 0.29, "JUST": 2361484, "BLDG": 1768643, "S_DATE": 1737936000000, "AMT": 3300000, "VI": "I", "STORIES": 1, "Shape__Area": 12609.677026140642}, "geometry": {"type": "Polygon", "coordinates": [[[-82.5317925148465, 27.931725685803798], [-82.5317838508474, 27.93205131652502], [-82.53200289090412, 27.932057002172076], [-82.5321141028154, 27.932059667772435], [-82.53212306482521, 27.93173575407579], [-82.5317925148465, 27.931725685803798]]]}}, {"type": "Feature", "properties": {"OBJECTID": 423067, "FOLIO": "120900.5000", "PIN": "A-29-29-18-3SL-000009-00003.3", "TYPE": null, "SITE_ADDR": "4616 W Estrella St", "SITE_CITY": "Tampa", "SITE_ZIP": "33629", "DOR_C": "0000", "ACT": 0, "EFF": 0, "HEAT_AR": 0, "ACREAGE": 0.26, "JUST": 426009, "BLDG": 0, "S_DATE": 1768867200000, "AMT": 2574700, "VI": "I", "STORIES": 0, "Shape__Area": 11529.602677981158}, "geometry": {"type": "Polygon", "coordinates": [[[-82.52199577288809, 27.928426418997077], [-82.5222269818963, 27.928428635969695], [-82.522231570181, 27.92801431573504], [-82.52198942852182, 27.928012483112173], [-82.52198756077081, 27.92824800752849], [-82.52199811218267, 27.928248655175004], [-82.52199577288809, 27.928426418997077]]]}}, {"type": "Feature", "properties": {"OBJECTID": 423093, "FOLIO": "120921.0000", "PIN": "A-29-29-18-3SL-000012-00002.0", "TYPE": null, "SITE_ADDR": "4901 W Melrose Ave", "SITE_CITY": "Tampa", "SITE_ZIP": "33629", "DOR_C": "0100", "ACT": 1978, "EFF": 2011, "HEAT_AR": 2316, "ACREAGE": 0.16, "JUST": 646563, "BLDG": 361706, "S_DATE": 1577404800000, "AMT": 550000, "VI": "I", "STORIES": 2, "Shape__Area": 6917.979725334054}, "geometry": {"type": "Polygon", "coordinates": [[[-82.52589694544336, 27.927698579491064], [-82.525743453978, 27.92769744639383], [-82.52573919633083, 27.92807738355274], [-82.5258958816173, 27.9280785053567], [-82.52589694544336, 27.927698579491064]]]}}, {"type": "Feature", "properties": {"OBJECTID": 423094, "FOLIO": "120922.0000", "PIN": "A-29-29-18-3SL-000012-00003.0", "TYPE": null, "SITE_ADDR": "4906 W Estrella St", "SITE_CITY": "Tampa", "SITE_ZIP": "33629", "DOR_C": "0100", "ACT": 1976, "EFF": 2000, "HEAT_AR": 2304, "ACREAGE": 0.23, "JUST": 711300, "BLDG": 302343, "S_DATE": 1386288000000, "AMT": 500000, "VI": "I", "STORIES": 1, "Shape__Area": 10131.098337248906}, "geometry": {"type": "Polygon", "coordinates": [[[-82.52597001581333, 27.928079253721346], [-82.52596784689054, 27.928450586525766], [-82.52619905591605, 27.92845279682824], [-82.52620354661848, 27.92808145515756], [-82.52597001581333, 27.928079253721346]]]}}, {"type": "Feature", "properties": {"OBJECTID": 423106, "FOLIO": "120934.0000", "PIN": "A-29-29-18-3SL-000013-00002.0", "TYPE": null, "SITE_ADDR": "4709 W San Rafael St", "SITE_CITY": "Tampa", "SITE_ZIP": "33629", "DOR_C": "0100", "ACT": 1965, "EFF": 1995, "HEAT_AR": 1836, "ACREAGE": 0.24, "JUST": 643433, "BLDG": 235875, "S_DATE": 965001600000, "AMT": 235000, "VI": "I", "STORIES": 1, "Shape__Area": 10355.640546224355}, "geometry": {"type": "Polygon", "coordinates": [[[-82.52352819388457, 27.926773699436367], [-82.5235252761573, 27.927152256286725], [-82.52356253680836, 27.927152802288717], [-82.52375803246528, 27.92715480865244], [-82.52376153218248, 27.92677659341038], [-82.52352819388457, 27.926773699436367]]]}}, {"type": "Feature", "properties": {"OBJECTID": 423118, "FOLIO": "120946.0000", "PIN": "A-29-29-18-3SL-000014-00007.0", "TYPE": null, "SITE_ADDR": "4808 W Melrose Ave", "SITE_CITY": "Tampa", "SITE_ZIP": "33629", "DOR_C": "0100", "ACT": 1960, "EFF": 1992, "HEAT_AR": 2041, "ACREAGE": 0.21, "JUST": 363221, "BLDG": 0, "S_DATE": 1493596800000, "AMT": 437000, "VI": "I", "STORIES": 1, "Shape__Area": 9098.638746160066}, "geometry": {"type": "Polygon", "coordinates": [[[-82.52499034470443, 27.927156398654347], [-82.52498623859263, 27.927528082727648], [-82.52519857130089, 27.927529679944964], [-82.52519503237679, 27.927158023219818], [-82.52516783675544, 27.927157783100515], [-82.52499034470443, 27.927156398654347]]]}}, {"type": "Feature", "properties": {"OBJECTID": 423131, "FOLIO": "120960.0000", "PIN": "A-29-29-18-3SL-000015-00007.0", "TYPE": null, "SITE_ADDR": "4910 W Melrose Ave", "SITE_CITY": "Tampa", "SITE_ZIP": "33629", "DOR_C": "0000", "ACT": 0, "EFF": 0, "HEAT_AR": 0, "ACREAGE": 0.27, "JUST": 659025, "BLDG": 0, "S_DATE": 1592524800000, "AMT": 729000, "VI": "I", "STORIES": 0, "Shape__Area": 11771.611256779004}, "geometry": {"type": "Polygon", "coordinates": [[[-82.5262127489067, 27.92716410765364], [-82.52621078445591, 27.92753784644864], [-82.52647886356704, 27.927540260151147], [-82.52647967710375, 27.92746219948384], [-82.52647956161294, 27.927165149124733], [-82.52636996985225, 27.927164708901408], [-82.5262127489067, 27.92716410765364]]]}}, {"type": "Feature", "properties": {"OBJECTID": 423140, "FOLIO": "120965.0000", "PIN": "A-29-29-18-3SL-000017-00001.4", "TYPE": null, "SITE_ADDR": "4508 W San Rafael St", "SITE_CITY": "Tampa", "SITE_ZIP": "33629", "DOR_C": "0100", "ACT": 1965, "EFF": 1995, "HEAT_AR": 1951, "ACREAGE": 0.22, "JUST": 637857, "BLDG": 248637, "S_DATE": 1777075200000, "AMT": 600000, "VI": "I", "STORIES": 1, "Shape__Area": 9770.237191540351}, "geometry": {"type": "Polygon", "coordinates": [[[-82.52105451678948, 27.926588483960675], [-82.52128823848679, 27.926590693042627], [-82.52129321163302, 27.92623550800572], [-82.52105861835553, 27.926232958403485], [-82.52105451678948, 27.926588483960675]]]}}, {"type": "Feature", "properties": {"OBJECTID": 423151, "FOLIO": "120974.0000", "PIN": "A-29-29-18-3SL-000018-00001.3", "TYPE": null, "SITE_ADDR": "4710 W San Rafael St", "SITE_CITY": "Tampa", "SITE_ZIP": "33629", "DOR_C": "0100", "ACT": 1967, "EFF": 1996, "HEAT_AR": 1612, "ACREAGE": 0.21, "JUST": 353965, "BLDG": 0, "S_DATE": null, "AMT": 0, "VI": null, "STORIES": 1, "Shape__Area": 9288.734985074467}, "geometry": {"type": "Polygon", "coordinates": [[[-82.5235716353252, 27.926249551566734], [-82.52336764084974, 27.926248264853125], [-82.52335398238098, 27.926247972933886], [-82.52334895588577, 27.926610722184655], [-82.52356738539332, 27.92661264168464], [-82.5235716353252, 27.926249551566734]]]}}, {"type": "Feature", "properties": {"OBJECTID": 423153, "FOLIO": "120976.0000", "PIN": "A-29-29-18-3SL-000018-00003.1", "TYPE": null, "SITE_ADDR": "4714 W San Rafael St", "SITE_CITY": "Tampa", "SITE_ZIP": "33629", "DOR_C": "0100", "ACT": 1969, "EFF": 2008, "HEAT_AR": 1944, "ACREAGE": 0.21, "JUST": 371276, "BLDG": 0, "S_DATE": 746841600000, "AMT": 180000, "VI": "I", "STORIES": 1, "Shape__Area": 9169.80067310329}, "geometry": {"type": "Polygon", "coordinates": [[[-82.52378997803513, 27.926614889726814], [-82.5240047296845, 27.926616822519545], [-82.52400742648399, 27.926253050674873], [-82.52379258068858, 27.92625146115317], [-82.52378997803513, 27.926614889726814]]]}}, {"type": "Feature", "properties": {"OBJECTID": 423168, "FOLIO": "120989.0000", "PIN": "A-29-29-18-3SL-000019-00001.5", "TYPE": null, "SITE_ADDR": "2107 S West Shore Blvd", "SITE_CITY": "Tampa", "SITE_ZIP": "33629", "DOR_C": "0100", "ACT": 1964, "EFF": 1994, "HEAT_AR": 1422, "ACREAGE": 0.2, "JUST": 630006, "BLDG": 170743, "S_DATE": 1366848000000, "AMT": 365000, "VI": "I", "STORIES": 1, "Shape__Area": 8812.865431391867}, "geometry": {"type": "Polygon", "coordinates": [[[-82.5244866428129, 27.926230939592283], [-82.52487404947375, 27.926234964014004], [-82.52487514309254, 27.926040701601618], [-82.52448841810123, 27.92603736221695], [-82.5244866428129, 27.926230939592283]]]}}, {"type": "Feature", "properties": {"OBJECTID": 423169, "FOLIO": "120990.0000", "PIN": "A-29-29-18-3SL-000019-00001.6", "TYPE": null, "SITE_ADDR": "2106 S Occident St", "SITE_CITY": "Tampa", "SITE_ZIP": "33629", "DOR_C": "0100", "ACT": 2017, "EFF": 2021, "HEAT_AR": 4554, "ACREAGE": 0.23, "JUST": 1896308, "BLDG": 1284929, "S_DATE": 1427155200000, "AMT": 286500, "VI": "V", "STORIES": 2, "Shape__Area": 10010.148323413307}, "geometry": {"type": "Polygon", "coordinates": [[[-82.525567799252, 27.926049748337327], [-82.52518938947394, 27.926045003919068], [-82.52518608160709, 27.926270601039306], [-82.52556518212157, 27.92627431317309], [-82.525567799252, 27.926049748337327]]]}}, {"type": "Feature", "properties": {"OBJECTID": 423173, "FOLIO": "120995.0000", "PIN": "A-29-29-18-3SL-000019-00002.2", "TYPE": null, "SITE_ADDR": "2119 S West Shore Blvd", "SITE_CITY": "Tampa", "SITE_ZIP": "33629", "DOR_C": "0100", "ACT": 1958, "EFF": 2005, "HEAT_AR": 1548, "ACREAGE": 0.22, "JUST": 682779, "BLDG": 211432, "S_DATE": 94694400000, "AMT": 25300, "VI": null, "STORIES": 1, "Shape__Area": 9780.593433881644}, "geometry": {"type": "Polygon", "coordinates": [[[-82.52449863879912, 27.924947413716286], [-82.52449657867011, 27.925161964224344], [-82.52482890467314, 27.92516344799613], [-82.52482901535254, 27.925306476910993], [-82.52488524190123, 27.92530660647509], [-82.52488581576596, 27.92526534608658], [-82.52486007843896, 27.925266131799592], [-82.5248628141814, 27.92495118195538], [-82.52449863879912, 27.924947413716286]]]}}, {"type": "Feature", "properties": {"OBJECTID": 423179, "FOLIO": "121002.0000", "PIN": "A-29-29-18-3SL-000019-00002.7", "TYPE": null, "SITE_ADDR": "2115 S West Shore Blvd", "SITE_CITY": "Tampa", "SITE_ZIP": "33629", "DOR_C": "0100", "ACT": 1957, "EFF": 2005, "HEAT_AR": 1974, "ACREAGE": 0.21, "JUST": 884081, "BLDG": 432000, "S_DATE": 1743724800000, "AMT": 1190000, "VI": "I", "STORIES": 1, "Shape__Area": 8971.67834718033}, "geometry": {"type": "Polygon", "coordinates": [[[-82.52449487666786, 27.925350727887874], [-82.52449301712818, 27.925547057052206], [-82.52488225795315, 27.925550385951713], [-82.52488469959054, 27.925354399291628], [-82.52449487666786, 27.925350727887874]]]}}, {"type": "Feature", "properties": {"OBJECTID": 423187, "FOLIO": "121004.0010", "PIN": "A-29-29-18-3SL-000022-00000.1", "TYPE": null, "SITE_ADDR": "2303 S Hesperides St", "SITE_CITY": "Tampa", "SITE_ZIP": "33629", "DOR_C": "0000", "ACT": 0, "EFF": 0, "HEAT_AR": 0, "ACREAGE": 0.67, "JUST": 793610, "BLDG": 0, "S_DATE": 1774224000000, "AMT": 1300000, "VI": "V", "STORIES": 0, "Shape__Area": 29367.202757063806}, "geometry": {"type": "Polygon", "coordinates": [[[-82.52037987038479, 27.924238616762658], [-82.52074945105011, 27.924239969655055], [-82.52112309821729, 27.924241649086802], [-82.52112534422706, 27.924024002563346], [-82.52112929619875, 27.92377884319347], [-82.52092984030112, 27.92377684801477], [-82.52072106500947, 27.92399115054593], [-82.52038070700449, 27.923988999533755], [-82.52037987038479, 27.924238616762658]]]}}, {"type": "Feature", "properties": {"OBJECTID": 423215, "FOLIO": "121030.0100", "PIN": "A-29-29-18-3SL-000024-00001.5", "TYPE": null, "SITE_ADDR": "4806 W San Miguel St", "SITE_CITY": "Tampa", "SITE_ZIP": "33629", "DOR_C": "0100", "ACT": 1988, "EFF": 2006, "HEAT_AR": 2940, "ACREAGE": 0.28, "JUST": 1150391, "BLDG": 705540, "S_DATE": 699408000000, "AMT": 300000, "VI": "I", "STORIES": 2, "Shape__Area": 12376.547017307841}, "geometry": {"type": "Polygon", "coordinates": [[[-82.52481136594163, 27.9242372626976], [-82.52480959908813, 27.92447244301691], [-82.52473246822521, 27.92447170541904], [-82.52472846998965, 27.924785972458793], [-82.52475769593548, 27.92478620493573], [-82.52475908556882, 27.924512862222556], [-82.52495148147416, 27.924515223469434], [-82.52515064915094, 27.924517213908697], [-82.52515104498441, 27.924459107093583], [-82.52515200311704, 27.92429682026104], [-82.52515230473736, 27.924239400537676], [-82.52481136594163, 27.9242372626976]]]}}, {"type": "Feature", "properties": {"OBJECTID": 423237, "FOLIO": "121047.0000", "PIN": "A-29-29-18-3SN-000000-00007.1", "TYPE": null, "SITE_ADDR": "2318 S Occident St", "SITE_CITY": "Tampa", "SITE_ZIP": "33629", "DOR_C": "0100", "ACT": 1968, "EFF": 2008, "HEAT_AR": 3190, "ACREAGE": 0.25, "JUST": 1109043, "BLDG": 650293, "S_DATE": 1597622400000, "AMT": 735000, "VI": "I", "STORIES": 1, "Shape__Area": 10961.239254527987}, "geometry": {"type": "Polygon", "coordinates": [[[-82.52519260443493, 27.923137384662216], [-82.5251932529372, 27.923361127678437], [-82.52523359727817, 27.923359253852297], [-82.52523346739211, 27.923372319447964], [-82.52559173877812, 27.92337714158468], [-82.52559361814558, 27.923142042925093], [-82.52519260443493, 27.923137384662216]]]}}, {"type": "Feature", "properties": {"OBJECTID": 423318, "FOLIO": "121139.0000", "PIN": "A-29-29-18-3SS-000000-00029.0", "TYPE": null, "SITE_ADDR": "4915 W Melrose Ave", "SITE_CITY": "Tampa", "SITE_ZIP": "33629", "DOR_C": "0000", "ACT": 0, "EFF": 0, "HEAT_AR": 0, "ACREAGE": 0.22, "JUST": 1144000, "BLDG": 0, "S_DATE": 1551657600000, "AMT": 800000, "VI": "I", "STORIES": 0, "Shape__Area": 9562.071690842671}, "geometry": {"type": "Polygon", "coordinates": [[[-82.52710386419734, 27.927425783121706], [-82.52710148163628, 27.92769259694112], [-82.52740681796247, 27.927694521521914], [-82.52741017301972, 27.927428735435207], [-82.52710386419734, 27.927425783121706]]]}}, {"type": "Feature", "properties": {"OBJECTID": 423354, "FOLIO": "121177.0000", "PIN": "A-29-29-18-3SU-000000-00006.0", "TYPE": null, "SITE_ADDR": "4921 W San Rafael St", "SITE_CITY": "Tampa", "SITE_ZIP": "33629", "DOR_C": "0100", "ACT": 1960, "EFF": 1960, "HEAT_AR": 3142, "ACREAGE": 0.23, "JUST": 1168431, "BLDG": 185751, "S_DATE": 581126400000, "AMT": 225400, "VI": "I", "STORIES": 2, "Shape__Area": 9957.611052281463}, "geometry": {"type": "Polygon", "coordinates": [[[-82.5277530321408, 27.926469538350812], [-82.52775119523162, 27.92680820720957], [-82.52800078601864, 27.926810344989548], [-82.52800378210338, 27.926470983152736], [-82.5277530321408, 27.926469538350812]]]}}, {"type": "Feature", "properties": {"OBJECTID": 423376, "FOLIO": "121199.0000", "PIN": "A-29-29-18-3SU-000000-00028.0", "TYPE": null, "SITE_ADDR": "4924 W San Rafael St", "SITE_CITY": "Tampa", "SITE_ZIP": "33629", "DOR_C": "0100", "ACT": 2021, "EFF": 2023, "HEAT_AR": 5889, "ACREAGE": 0.23, "JUST": 2668869, "BLDG": 2062100, "S_DATE": 583718400000, "AMT": 162000, "VI": "I", "STORIES": 2, "Shape__Area": 10088.256132631404}, "geometry": {"type": "Polygon", "coordinates": [[[-82.5280556577626, 27.925994249543006], [-82.52805431941188, 27.92633601177439], [-82.52830671560083, 27.92633779263215], [-82.52830611772032, 27.925996037832995], [-82.5280556577626, 27.925994249543006]]]}}, {"type": "Feature", "properties": {"OBJECTID": 423381, "FOLIO": "121204.0000", "PIN": "A-29-29-18-3SU-000000-00033.0", "TYPE": null, "SITE_ADDR": "4914 W San Rafael St", "SITE_CITY": "Tampa", "SITE_ZIP": "33629", "DOR_C": "0100", "ACT": 2009, "EFF": 2017, "HEAT_AR": 4196, "ACREAGE": 0.23, "JUST": 1750862, "BLDG": 1118856, "S_DATE": 1617753600000, "AMT": 1385000, "VI": "I", "STORIES": 2, "Shape__Area": 10024.29480977132}, "geometry": {"type": "Polygon", "coordinates": [[[-82.52680955069755, 27.925984927438684], [-82.52681058113338, 27.926356937543957], [-82.52686947137055, 27.926341187223485], [-82.52692996917098, 27.92633135865957], [-82.52699132431192, 27.926327573838666], [-82.52705277198439, 27.92632987990418], [-82.52705536662745, 27.92598673757087], [-82.52680955069755, 27.925984927438684]]]}}, {"type": "Feature", "properties": {"OBJECTID": 423396, "FOLIO": "121216.0000", "PIN": "A-29-29-18-3SV-000005-00004.0", "TYPE": null, "SITE_ADDR": "2120 S Venus St", "SITE_CITY": "Tampa", "SITE_ZIP": "33629", "DOR_C": "0000", "ACT": 0, "EFF": 0, "HEAT_AR": 0, "ACREAGE": 0.12, "JUST": 204375, "BLDG": 0, "S_DATE": 1506038400000, "AMT": 364000, "VI": "I", "STORIES": 0, "Shape__Area": 5249.229531150147}, "geometry": {"type": "Polygon", "coordinates": [[[-82.52676921346857, 27.92478505393234], [-82.52676871889253, 27.924922584050144], [-82.52709185097169, 27.92492375371106], [-82.5270922382559, 27.924784505817655], [-82.52676921346857, 27.92478505393234]]]}}, {"type": "Feature", "properties": {"OBJECTID": 423401, "FOLIO": "121222.0000", "PIN": "A-29-29-18-3SV-000006-00001.0", "TYPE": null, "SITE_ADDR": "2119 S Venus St", "SITE_CITY": "Tampa", "SITE_ZIP": "33629", "DOR_C": "0100", "ACT": 1996, "EFF": 2010, "HEAT_AR": 4714, "ACREAGE": 0.22, "JUST": 1649760, "BLDG": 1233551, "S_DATE": 1290988800000, "AMT": 770000, "VI": "I", "STORIES": 2, "Shape__Area": 9671.48463869342}, "geometry": {"type": "Polygon", "coordinates": [[[-82.52754716414925, 27.924780153512994], [-82.52747023112053, 27.924780449050285], [-82.52724533514251, 27.924780966282707], [-82.52724306940513, 27.925051904672056], [-82.52754906224204, 27.925051419770444], [-82.52754716414925, 27.924780153512994]]]}}, {"type": "Feature", "properties": {"OBJECTID": 423403, "FOLIO": "121224.0000", "PIN": "A-29-29-18-3SV-000006-00004.0", "TYPE": null, "SITE_ADDR": "4906 W San Miguel St", "SITE_CITY": "Tampa", "SITE_ZIP": "33629", "DOR_C": "0000", "ACT": 0, "EFF": 0, "HEAT_AR": 0, "ACREAGE": 0.18, "JUST": 309000, "BLDG": 0, "S_DATE": 1259539200000, "AMT": 325000, "VI": "I", "STORIES": 0, "Shape__Area": 8009.172139472638}, "geometry": {"type": "Polygon", "coordinates": [[[-82.52776074021946, 27.924779679161386], [-82.52775857562396, 27.92505130479559], [-82.52800902441348, 27.92505103258568], [-82.5280121539077, 27.924779058534195], [-82.52785780156736, 27.92477930632573], [-82.52776074021946, 27.924779679161386]]]}}, {"type": "Feature", "properties": {"OBJECTID": 423410, "FOLIO": "121234.0000", "PIN": "A-29-29-18-3SV-000009-00005.0", "TYPE": null, "SITE_ADDR": "4910 W Dryad St", "SITE_CITY": "Tampa", "SITE_ZIP": "33629", "DOR_C": "0100", "ACT": 1965, "EFF": 2007, "HEAT_AR": 2218, "ACREAGE": 0.17, "JUST": 315012, "BLDG": 0, "S_DATE": 1688947200000, "AMT": 905000, "VI": "I", "STORIES": 1, "Shape__Area": 7541.955371043461}, "geometry": {"type": "Polygon", "coordinates": [[[-82.52785734683007, 27.92437070755466], [-82.52809415032762, 27.924370831315237], [-82.52809612505554, 27.92410023603563], [-82.5278587386989, 27.92409942777205], [-82.52785734683007, 27.92437070755466]]]}}, {"type": "Feature", "properties": {"OBJECTID": 423411, "FOLIO": "121235.0000", "PIN": "A-29-29-18-3SV-000009-00006.0", "TYPE": null, "SITE_ADDR": "4912 W Dryad St", "SITE_CITY": "Tampa", "SITE_ZIP": "33629", "DOR_C": "0100", "ACT": 1969, "EFF": 1969, "HEAT_AR": 1948, "ACREAGE": 0.14, "JUST": 410944, "BLDG": 148549, "S_DATE": 1750204800000, "AMT": 550000, "VI": "I", "STORIES": 2, "Shape__Area": 6010.496442740014}, "geometry": {"type": "Polygon", "coordinates": [[[-82.52828512298314, 27.924100542750118], [-82.52809612505554, 27.92410023603563], [-82.52809415032762, 27.924370831315237], [-82.52828353478283, 27.924371134740483], [-82.52828512298314, 27.924100542750118]]]}}, {"type": "Feature", "properties": {"OBJECTID": 423432, "FOLIO": "121249.0000", "PIN": "A-29-29-18-3SV-000011-00008.0", "TYPE": null, "SITE_ADDR": "4831 W San Jose St", "SITE_CITY": "Tampa", "SITE_ZIP": "33629", "DOR_C": "0100", "ACT": 1964, "EFF": 2007, "HEAT_AR": 1784, "ACREAGE": 0.12, "JUST": 500500, "BLDG": 292946, "S_DATE": 1736467200000, "AMT": 640000, "VI": "I", "STORIES": 2, "Shape__Area": 5023.753590587305}, "geometry": {"type": "Polygon", "coordinates": [[[-82.5266249464234, 27.923412043153288], [-82.52677881557179, 27.923412486247187], [-82.52678057095414, 27.923134315117352], [-82.52662648040761, 27.92313443687451], [-82.5266249464234, 27.923412043153288]]]}}, {"type": "Feature", "properties": {"OBJECTID": 423435, "FOLIO": "121253.0000", "PIN": "A-29-29-18-3SV-000012-00005.0", "TYPE": null, "SITE_ADDR": "4910 W Juno St", "SITE_CITY": "Tampa", "SITE_ZIP": "33629", "DOR_C": "0000", "ACT": 0, "EFF": 0, "HEAT_AR": 0, "ACREAGE": 0.22, "JUST": 378750, "BLDG": 0, "S_DATE": 767750400000, "AMT": 155000, "VI": "I", "STORIES": 0, "Shape__Area": 9789.033135356374}, "geometry": {"type": "Polygon", "coordinates": [[[-82.52786330226418, 27.923684418859843], [-82.52817084491454, 27.923684614312176], [-82.52817311003578, 27.923414018795647], [-82.52786479232473, 27.92341348249265], [-82.52786330226418, 27.923684418859843]]]}}, {"type": "Feature", "properties": {"OBJECTID": 423455, "FOLIO": "121272.0000", "PIN": "A-29-29-18-3SX-000000-00014.0", "TYPE": null, "SITE_ADDR": "4902 W San Nicholas St", "SITE_CITY": "Tampa", "SITE_ZIP": "33629", "DOR_C": "0000", "ACT": 0, "EFF": 0, "HEAT_AR": 0, "ACREAGE": 0.19, "JUST": 321300, "BLDG": 0, "S_DATE": 1550534400000, "AMT": 535000, "VI": "I", "STORIES": 0, "Shape__Area": 8465.654345008137}, "geometry": {"type": "Polygon", "coordinates": [[[-82.52751344854981, 27.92547328221066], [-82.52777289679092, 27.925472975953646], [-82.52777329658069, 27.925196541837778], [-82.52751104187836, 27.92519685973969], [-82.52751344854981, 27.92547328221066]]]}}, {"type": "Feature", "properties": {"OBJECTID": 423467, "FOLIO": "121290.0000", "PIN": "A-29-29-18-3SY-000000-00009.0", "TYPE": null, "SITE_ADDR": "5015 W San Miguel St", "SITE_CITY": "Tampa", "SITE_ZIP": "33629", "DOR_C": "0100", "ACT": 2013, "EFF": 2019, "HEAT_AR": 6338, "ACREAGE": 0.25, "JUST": 3885739, "BLDG": 2675177, "S_DATE": 1311292800000, "AMT": 875000, "VI": "V", "STORIES": 2, "Shape__Area": 10925.35297304375}, "geometry": {"type": "Polygon", "coordinates": [[[-82.53050487607004, 27.925307409611488], [-82.53050662278325, 27.925664976479105], [-82.53076674734619, 27.92566431725223], [-82.53076499911371, 27.925306406584056], [-82.53050487607004, 27.925307409611488]]]}}, {"type": "Feature", "properties": {"OBJECTID": 423537, "FOLIO": "121378.0000", "PIN": "A-29-29-18-3T1-000000-00010.0", "TYPE": null, "SITE_ADDR": "2303 S Occident St", "SITE_CITY": "Tampa", "SITE_ZIP": "33629", "DOR_C": "0100", "ACT": 2014, "EFF": 2020, "HEAT_AR": 3375, "ACREAGE": 0.21, "JUST": 1252856, "BLDG": 869641, "S_DATE": 1768435200000, "AMT": 1625000, "VI": "I", "STORIES": 2, "Shape__Area": 8980.697319416657}, "geometry": {"type": "Polygon", "coordinates": [[[-82.52576824330704, 27.924475316960145], [-82.52576697991287, 27.92463416676545], [-82.52625153862813, 27.924637815593123], [-82.526251884121, 27.924509225311603], [-82.52625203547454, 27.924480687810814], [-82.52576824330704, 27.924475316960145]]]}}, {"type": "Feature", "properties": {"OBJECTID": 423566, "FOLIO": "121406.0000", "PIN": "A-29-29-18-3T2-000002-00013.0", "TYPE": null, "SITE_ADDR": "4412 W Clear Ave", "SITE_CITY": "Tampa", "SITE_ZIP": "33629", "DOR_C": "0000", "ACT": 0, "EFF": 0, "HEAT_AR": 0, "ACREAGE": 0.24, "JUST": 411000, "BLDG": 0, "S_DATE": 578448000000, "AMT": 168000, "VI": "I", "STORIES": 0, "Shape__Area": 10620.662731442813}, "geometry": {"type": "Polygon", "coordinates": [[[-82.51931520807292, 27.92894094385217], [-82.51931399025995, 27.92931365022006], [-82.5195560399739, 27.929315830781768], [-82.51955880801479, 27.9289434632926], [-82.51940397646055, 27.928941862557963], [-82.51931520807292, 27.92894094385217]]]}}, {"type": "Feature", "properties": {"OBJECTID": 423603, "FOLIO": "121443.0000", "PIN": "A-29-29-18-3T4-000001-00015.0", "TYPE": null, "SITE_ADDR": "2310 S Hesperides St", "SITE_CITY": "Tampa", "SITE_ZIP": "33629", "DOR_C": "0000", "ACT": 0, "EFF": 0, "HEAT_AR": 0, "ACREAGE": 0.17, "JUST": 267671, "BLDG": 0, "S_DATE": 323395200000, "AMT": 125000, "VI": "I", "STORIES": 0, "Shape__Area": 7275.31713004844}, "geometry": {"type": "Polygon", "coordinates": [[[-82.51987498055398, 27.924172104296126], [-82.52019705246073, 27.9241746694319], [-82.5201977779083, 27.923982815037746], [-82.51987502665125, 27.923979564825004], [-82.51987498055398, 27.924172104296126]]]}}, {"type": "Feature", "properties": {"OBJECTID": 423643, "FOLIO": "121476.0000", "PIN": "A-32-29-18-3T6-000000-00002.0", "TYPE": null, "SITE_ADDR": "3108 S Omar Ave", "SITE_CITY": "Tampa", "SITE_ZIP": "33629", "DOR_C": "0100", "ACT": 1957, "EFF": 1957, "HEAT_AR": 3755, "ACREAGE": 0.44, "JUST": 887140, "BLDG": 210484, "S_DATE": 812505600000, "AMT": 252800, "VI": "I", "STORIES": 1, "Shape__Area": 19330.610711161313}, "geometry": {"type": "Polygon", "coordinates": [[[-82.52692787636855, 27.916492649957224], [-82.52687259756888, 27.91674391671845], [-82.52686776666864, 27.916765873715004], [-82.52748541953957, 27.916834694194538], [-82.52749232760075, 27.91669816901805], [-82.5274961386953, 27.916561548309815], [-82.52721200693674, 27.916527098978612], [-82.52692787636855, 27.916492649957224]]]}}, {"type": "Feature", "properties": {"OBJECTID": 423649, "FOLIO": "121482.0000", "PIN": "A-32-29-18-3T6-000000-00008.0", "TYPE": null, "SITE_ADDR": "5002 W Dickens Ave", "SITE_CITY": "Tampa", "SITE_ZIP": "33629", "DOR_C": "0000", "ACT": 0, "EFF": 0, "HEAT_AR": 0, "ACREAGE": 0.31, "JUST": 445348, "BLDG": 0, "S_DATE": 994032000000, "AMT": 185000, "VI": "I", "STORIES": 0, "Shape__Area": 13422.661700421513}, "geometry": {"type": "Polygon", "coordinates": [[[-82.52643315757584, 27.91756203789209], [-82.52638046012892, 27.917760967353036], [-82.52637866597742, 27.918081304915052], [-82.52665879189013, 27.918096709603674], [-82.52656868035899, 27.917591472785805], [-82.52643315757584, 27.91756203789209]]]}}, {"type": "Feature", "properties": {"OBJECTID": 423657, "FOLIO": "121489.0050", "PIN": "A-32-29-18-3T6-000000-00015.1", "TYPE": null, "SITE_ADDR": "4801 W Longefellow Ave", "SITE_CITY": "Tampa", "SITE_ZIP": "33629", "DOR_C": "0100", "ACT": 2007, "EFF": 2020, "HEAT_AR": 4440, "ACREAGE": 0.18, "JUST": 1510152, "BLDG": 1298446, "S_DATE": 1583452800000, "AMT": 975000, "VI": "I", "STORIES": 2, "Shape__Area": 7699.004433253736}, "geometry": {"type": "Polygon", "coordinates": [[[-82.52636396665338, 27.91641468324124], [-82.52661791542207, 27.916449794763206], [-82.5266873141553, 27.91618624643474], [-82.52645731914694, 27.91615767171186], [-82.52636396665338, 27.91641468324124]]]}}, {"type": "Feature", "properties": {"OBJECTID": 423669, "FOLIO": "121502.0000", "PIN": "A-32-29-18-3T7-000001-00016.0", "TYPE": null, "SITE_ADDR": "4702 W San Jose St", "SITE_CITY": "Tampa", "SITE_ZIP": "33629", "DOR_C": "0000", "ACT": 0, "EFF": 0, "HEAT_AR": 0, "ACREAGE": 0.31, "JUST": 523800, "BLDG": 0, "S_DATE": 1464134400000, "AMT": 540000, "VI": "I", "STORIES": 0, "Shape__Area": 13613.478153199301}, "geometry": {"type": "Polygon", "coordinates": [[[-82.52255503374441, 27.922526263963043], [-82.52246067290993, 27.922525191575748], [-82.52227408865932, 27.922523010528337], [-82.52227400242873, 27.922936751816465], [-82.522553709082, 27.922939789750608], [-82.52255503374441, 27.922526263963043]]]}}, {"type": "Feature", "properties": {"OBJECTID": 423701, "FOLIO": "121534.0000", "PIN": "A-32-29-18-3T7-000002-00018.0", "TYPE": null, "SITE_ADDR": "4637 W Browning Ave", "SITE_CITY": "Tampa", "SITE_ZIP": "33629", "DOR_C": "0100", "ACT": 1954, "EFF": 2004, "HEAT_AR": 2399, "ACREAGE": 0.27, "JUST": 602596, "BLDG": 324313, "S_DATE": 1239062400000, "AMT": 232000, "VI": "I", "STORIES": 1, "Shape__Area": 11789.084876819543}, "geometry": {"type": "Polygon", "coordinates": [[[-82.5228625666537, 27.921220475112275], [-82.5228531203237, 27.921464596007393], [-82.52322619694691, 27.921476161514956], [-82.52324776101217, 27.921391420820015], [-82.52327373901048, 27.921307662322842], [-82.52330407593354, 27.921225068517042], [-82.5228625666537, 27.921220475112275]]]}}, {"type": "Feature", "properties": {"OBJECTID": 423734, "FOLIO": "121570.0100", "PIN": "A-32-29-18-3T7-000004-00008.0", "TYPE": null, "SITE_ADDR": "4620 W Tennyson Ave", "SITE_CITY": "Tampa", "SITE_ZIP": "33629", "DOR_C": "0100", "ACT": 1989, "EFF": 2007, "HEAT_AR": 3022, "ACREAGE": 0.18, "JUST": 1012950, "BLDG": 631460, "S_DATE": 1590451200000, "AMT": 715000, "VI": "I", "STORIES": 2, "Shape__Area": 7799.970427097386}, "geometry": {"type": "Polygon", "coordinates": [[[-82.52213020450876, 27.92018368253709], [-82.52231599141031, 27.92018504294128], [-82.5223193091242, 27.919827485998326], [-82.5221335218224, 27.91982612649647], [-82.52213020450876, 27.92018368253709]]]}}, {"type": "Feature", "properties": {"OBJECTID": 423795, "FOLIO": "121644.0000", "PIN": "A-32-29-18-3T7-000009-00011.0", "TYPE": null, "SITE_ADDR": "3010 S Keats St", "SITE_CITY": "Tampa", "SITE_ZIP": "33629", "DOR_C": "0100", "ACT": 1957, "EFF": 1991, "HEAT_AR": 1516, "ACREAGE": 0.2, "JUST": 543673, "BLDG": 194833, "S_DATE": null, "AMT": 0, "VI": null, "STORIES": 1, "Shape__Area": 8568.291170065673}, "geometry": {"type": "Polygon", "coordinates": [[[-82.51926294843125, 27.917715352926027], [-82.51925992685482, 27.917906064681397], [-82.51925966700368, 27.917923124853036], [-82.51960983934516, 27.91792617128918], [-82.5196136716386, 27.9177175264553], [-82.51926294843125, 27.917715352926027]]]}}, {"type": "Feature", "properties": {"OBJECTID": 423824, "FOLIO": "121677.0000", "PIN": "A-32-29-18-3T7-000012-00002.0", "TYPE": null, "SITE_ADDR": "4506 W Longfellow Ave", "SITE_CITY": "Tampa", "SITE_ZIP": "33629", "DOR_C": "0100", "ACT": 1954, "EFF": 2004, "HEAT_AR": 1475, "ACREAGE": 0.24, "JUST": 658055, "BLDG": 227503, "S_DATE": 873072000000, "AMT": 119900, "VI": "I", "STORIES": 1, "Shape__Area": 10274.023603333568}, "geometry": {"type": "Polygon", "coordinates": [[[-82.51952469989304, 27.915688493741083], [-82.5193297716541, 27.9156873859485], [-82.51928118699853, 27.91568712960834], [-82.51927864630527, 27.915787526209087], [-82.51927206955273, 27.916047240816088], [-82.5195140388199, 27.916049188321637], [-82.51952469989304, 27.915688493741083]]]}}, {"type": "Feature", "properties": {"OBJECTID": 423874, "FOLIO": "121720.0000", "PIN": "A-32-29-18-3T7-000014-00018.0", "TYPE": null, "SITE_ADDR": "4627 W Lamb Ave", "SITE_CITY": "Tampa", "SITE_ZIP": "33629", "DOR_C": "0100", "ACT": 1951, "EFF": 2003, "HEAT_AR": 1778, "ACREAGE": 0.21, "JUST": 701765, "BLDG": 281352, "S_DATE": 1528243200000, "AMT": 473000, "VI": "I", "STORIES": 1, "Shape__Area": 9081.030849726625}, "geometry": {"type": "Polygon", "coordinates": [[[-82.52373086026249, 27.917114760904024], [-82.52371907466502, 27.91746415536751], [-82.52379379354097, 27.91746482965788], [-82.5238684376386, 27.917467905508985], [-82.52404513110437, 27.917212310372328], [-82.52397021835759, 27.91717938927947], [-82.52389251741303, 27.917152040310384], [-82.52381255133545, 27.91713044917326], [-82.52373086026249, 27.917114760904024]]]}}, {"type": "Feature", "properties": {"OBJECTID": 423891, "FOLIO": "121735.0000", "PIN": "A-32-29-18-3T7-000015-00004.0", "TYPE": null, "SITE_ADDR": "4610 W Lamb Ave", "SITE_CITY": "Tampa", "SITE_ZIP": "33629", "DOR_C": "0000", "ACT": 0, "EFF": 0, "HEAT_AR": 0, "ACREAGE": 0.27, "JUST": 463320, "BLDG": 0, "S_DATE": 1578441600000, "AMT": 675000, "VI": "I", "STORIES": 0, "Shape__Area": 11610.738005296986}, "geometry": {"type": "Polygon", "coordinates": [[[-82.52200693606486, 27.91656673938825], [-82.52181726657764, 27.916564982614783], [-82.52173217119909, 27.916564177792093], [-82.52172558957213, 27.916921776144754], [-82.52200403880141, 27.916924076523916], [-82.52200693606486, 27.91656673938825]]]}}, {"type": "Feature", "properties": {"OBJECTID": 423901, "FOLIO": "121742.0000", "PIN": "A-32-29-18-3T7-000015-00014.0", "TYPE": null, "SITE_ADDR": "4632 W Lamb Ave", "SITE_CITY": "Tampa", "SITE_ZIP": "33629", "DOR_C": "0000", "ACT": 0, "EFF": 0, "HEAT_AR": 0, "ACREAGE": 0.26, "JUST": 431600, "BLDG": 0, "S_DATE": 1627257600000, "AMT": 656000, "VI": "I", "STORIES": 0, "Shape__Area": 11115.645902958864}, "geometry": {"type": "Polygon", "coordinates": [[[-82.52385989997812, 27.91658319026061], [-82.52380323124166, 27.916582701852526], [-82.52360309497016, 27.91658097650516], [-82.52360146827412, 27.91693715370649], [-82.52368813862357, 27.91694281177299], [-82.5237741324064, 27.91695395631205], [-82.52385901047792, 27.91697052853305], [-82.52385989997812, 27.91658319026061]]]}}, {"type": "Feature", "properties": {"OBJECTID": 423903, "FOLIO": "121744.0000", "PIN": "A-32-29-18-3T7-000015-00017.0", "TYPE": null, "SITE_ADDR": "4636 W Lamb Ave", "SITE_CITY": "Tampa", "SITE_ZIP": "33629", "DOR_C": "0000", "ACT": 0, "EFF": 0, "HEAT_AR": 0, "ACREAGE": 0.28, "JUST": 347820, "BLDG": 0, "S_DATE": 1243555200000, "AMT": 286900, "VI": "I", "STORIES": 0, "Shape__Area": 12020.832528882338}, "geometry": {"type": "Polygon", "coordinates": [[[-82.52435335008649, 27.916671392639042], [-82.52431592252324, 27.91666056086118], [-82.52410742316683, 27.916600264568043], [-82.52402367303314, 27.917019714508417], [-82.52411034767883, 27.917055533591384], [-82.52419355045834, 27.917097348817702], [-82.52429829710698, 27.916890272719332], [-82.52435335008649, 27.916671392639042]]]}}, {"type": "Feature", "properties": {"OBJECTID": 423931, "FOLIO": "121780.0000", "PIN": "A-32-29-18-3T7-000017-00020.0", "TYPE": null, "SITE_ADDR": "4703 W Lowell Ave", "SITE_CITY": "Tampa", "SITE_ZIP": "33629", "DOR_C": "0000", "ACT": 0, "EFF": 0, "HEAT_AR": 0, "ACREAGE": 0.28, "JUST": 477972, "BLDG": 0, "S_DATE": 1026691200000, "AMT": 315000, "VI": "I", "STORIES": 0, "Shape__Area": 12159.792716681894}, "geometry": {"type": "Polygon", "coordinates": [[[-82.52481302458486, 27.917369935231044], [-82.52523821561478, 27.91751282875969], [-82.5252977508112, 27.91735650625668], [-82.52532355750384, 27.917288689099152], [-82.52491566914078, 27.917157337613546], [-82.5248666089448, 27.91726449818968], [-82.52481302458486, 27.917369935231044]]]}}, {"type": "Feature", "properties": {"OBJECTID": 423942, "FOLIO": "121793.0000", "PIN": "A-32-29-18-3T7-000018-00013.0", "TYPE": null, "SITE_ADDR": "2627 N Dundee St", "SITE_CITY": "Tampa", "SITE_ZIP": "33629", "DOR_C": "0100", "ACT": 2020, "EFF": 2022, "HEAT_AR": 6422, "ACREAGE": 0.52, "JUST": 3966806, "BLDG": 2578011, "S_DATE": 1457913600000, "AMT": 998000, "VI": "V", "STORIES": 2, "Shape__Area": 22644.8136501953}, "geometry": {"type": "Polygon", "coordinates": [[[-82.52657741454388, 27.918876201235907], [-82.52648131653628, 27.918854564142173], [-82.5263852708312, 27.918843928976933], [-82.52634195639817, 27.91935514158348], [-82.52645309214053, 27.919362612105303], [-82.52656333171467, 27.919377186132493], [-82.52667210076012, 27.919398785548292], [-82.52682635460262, 27.91900837763314], [-82.52667671570855, 27.918919830406765], [-82.52657741454388, 27.918876201235907]]]}}, {"type": "Feature", "properties": {"OBJECTID": 423956, "FOLIO": "121805.0000", "PIN": "A-32-29-18-3T7-000020-00002.0", "TYPE": null, "SITE_ADDR": "4806 W San Jose St", "SITE_CITY": "Tampa", "SITE_ZIP": "33629", "DOR_C": "0100", "ACT": 1956, "EFF": 2004, "HEAT_AR": 1852, "ACREAGE": 0.28, "JUST": 489669, "BLDG": 0, "S_DATE": 893980800000, "AMT": 179900, "VI": "I", "STORIES": 1, "Shape__Area": 12124.551528407466}, "geometry": {"type": "Polygon", "coordinates": [[[-82.52479450903361, 27.922589175915515], [-82.52461258825171, 27.922584532932465], [-82.52452103949932, 27.922582186067636], [-82.5245051920005, 27.922962044913042], [-82.52477780763066, 27.922965158572342], [-82.52479450903361, 27.922589175915515]]]}}, {"type": "Feature", "properties": {"OBJECTID": 423961, "FOLIO": "121810.0000", "PIN": "A-32-29-18-3T7-000020-00009.0", "TYPE": null, "SITE_ADDR": "4818 W San Jose St", "SITE_CITY": "Tampa", "SITE_ZIP": "33629", "DOR_C": "0100", "ACT": 2020, "EFF": 2022, "HEAT_AR": 4980, "ACREAGE": 0.27, "JUST": 2539297, "BLDG": 1982571, "S_DATE": 1631750400000, "AMT": 2525000, "VI": "I", "STORIES": 2, "Shape__Area": 11746.078756101053}, "geometry": {"type": "Polygon", "coordinates": [[[-82.52599849005176, 27.922619951840414], [-82.52578150993007, 27.922614400186298], [-82.52571966150838, 27.92261282059904], [-82.52570695706346, 27.922975778929814], [-82.5259820497422, 27.92297890872586], [-82.52599849005176, 27.922619951840414]]]}}, {"type": "Feature", "properties": {"OBJECTID": 423977, "FOLIO": "121827.0000", "PIN": "A-32-29-18-3T7-000020-00035.0", "TYPE": null, "SITE_ADDR": "4823 W Sunset Blvd", "SITE_CITY": "Tampa", "SITE_ZIP": "33629", "DOR_C": "0100", "ACT": 2023, "EFF": 2024, "HEAT_AR": 6022, "ACREAGE": 0.3, "JUST": 2946860, "BLDG": 2345015, "S_DATE": 1673913600000, "AMT": 3400000, "VI": "I", "STORIES": 2, "Shape__Area": 13222.842448602481}, "geometry": {"type": "Polygon", "coordinates": [[[-82.52579566312102, 27.92224351494165], [-82.52578150993007, 27.922614400186298], [-82.52599849005176, 27.922619951840414], [-82.52609158728858, 27.922622319783198], [-82.52610566506989, 27.922268185352088], [-82.52579566312102, 27.92224351494165]]]}}, {"type": "Feature", "properties": {"OBJECTID": 423996, "FOLIO": "121845.0000", "PIN": "A-32-29-18-3T7-000021-00014.0", "TYPE": null, "SITE_ADDR": "4807 S Sunset Blvd", "SITE_CITY": "Tampa", "SITE_ZIP": "33629", "DOR_C": "0100", "ACT": 2004, "EFF": 2014, "HEAT_AR": 3557, "ACREAGE": 0.16, "JUST": 1026856, "BLDG": 629966, "S_DATE": 1655856000000, "AMT": 1500000, "VI": "I", "STORIES": 2, "Shape__Area": 6932.65543639056}, "geometry": {"type": "Polygon", "coordinates": [[[-82.52665723834937, 27.921596364363452], [-82.52684858114473, 27.921889300563226], [-82.52695894409736, 27.921862359272044], [-82.52697879073119, 27.921857518619102], [-82.52684120834608, 27.921517303648002], [-82.52674825263219, 27.92155505142621], [-82.52665723834937, 27.921596364363452]]]}}, {"type": "Feature", "properties": {"OBJECTID": 424007, "FOLIO": "121855.0000", "PIN": "A-32-29-18-3T7-000022-00009.0", "TYPE": null, "SITE_ADDR": "2623 S Bryant Cir", "SITE_CITY": "Tampa", "SITE_ZIP": "33629", "DOR_C": "0000", "ACT": 0, "EFF": 0, "HEAT_AR": 0, "ACREAGE": 0.27, "JUST": 461538, "BLDG": 0, "S_DATE": 1017360000000, "AMT": 290100, "VI": "I", "STORIES": 0, "Shape__Area": 11729.222668603226}, "geometry": {"type": "Polygon", "coordinates": [[[-82.52709071344671, 27.92028320126158], [-82.52704688801407, 27.920188152869713], [-82.52694711676503, 27.920016613556314], [-82.52667086251873, 27.920040378288856], [-82.52668007352993, 27.920140483608897], [-82.5266856789784, 27.920240798535286], [-82.52668767226882, 27.920341222023794], [-82.52709071344671, 27.92028320126158]]]}}, {"type": "Feature", "properties": {"OBJECTID": 424040, "FOLIO": "121885.0000", "PIN": "A-32-29-18-3T7-000024-00002.0", "TYPE": null, "SITE_ADDR": "2606 S Hawthorne Cir", "SITE_CITY": "Tampa", "SITE_ZIP": "33629", "DOR_C": "0100", "ACT": 1952, "EFF": 2003, "HEAT_AR": 2481, "ACREAGE": 0.4, "JUST": 693325, "BLDG": 0, "S_DATE": 1784160000000, "AMT": 1050000, "VI": "I", "STORIES": 1, "Shape__Area": 17402.09372444606}, "geometry": {"type": "Polygon", "coordinates": [[[-82.52519092843967, 27.92088165382436], [-82.52489502098022, 27.921004687466397], [-82.52500382137642, 27.921187295311466], [-82.5251147441678, 27.921373415276218], [-82.52519329379474, 27.92132572480912], [-82.52526755862056, 27.921272894260706], [-82.52533711239016, 27.921215226668696], [-82.5254015564081, 27.921153051135903], [-82.52546052259508, 27.921086724623343], [-82.52519092843967, 27.92088165382436]]]}}, {"type": "Feature", "properties": {"OBJECTID": 424053, "FOLIO": "121898.0000", "PIN": "A-32-29-18-3T7-000025-00004.0", "TYPE": null, "SITE_ADDR": "2620 S Parkview St", "SITE_CITY": "Tampa", "SITE_ZIP": "33629", "DOR_C": "0100", "ACT": 1939, "EFF": 1999, "HEAT_AR": 7679, "ACREAGE": 1, "JUST": 1003552, "BLDG": 0, "S_DATE": 791596800000, "AMT": 375000, "VI": "I", "STORIES": 4, "Shape__Area": 43398.92717200155}, "geometry": {"type": "Polygon", "coordinates": [[[-82.52364561978823, 27.92063085767653], [-82.52389353412467, 27.920630849945116], [-82.52412971536518, 27.920630858435906], [-82.5243443087476, 27.92063086657628], [-82.5243347021136, 27.920466220350797], [-82.52433243977983, 27.920301365683837], [-82.52433752600572, 27.920136560649475], [-82.52398344167187, 27.920127485103293], [-82.52354754762804, 27.920116297523393], [-82.52360204297686, 27.920365819140024], [-82.52362256200745, 27.92045333277638], [-82.52363710574129, 27.92054178597175], [-82.52364561978823, 27.92063085767653]]]}}, {"type": "Feature", "properties": {"OBJECTID": 424068, "FOLIO": "121911.0000", "PIN": "A-32-29-18-3T7-000026-00014.1", "TYPE": null, "SITE_ADDR": "2630 S Dundee St", "SITE_CITY": "Tampa", "SITE_ZIP": "33629", "DOR_C": "0000", "ACT": 0, "EFF": 0, "HEAT_AR": 0, "ACREAGE": 0.36, "JUST": 1188240, "BLDG": 0, "S_DATE": 1594252800000, "AMT": 1100000, "VI": "I", "STORIES": 0, "Shape__Area": 15707.262591651563}, "geometry": {"type": "Polygon", "coordinates": [[[-82.52719625865454, 27.918785814069107], [-82.52723340704271, 27.91877742025283], [-82.52730151658056, 27.918774409919646], [-82.52737275030593, 27.918776886885418], [-82.52746573958021, 27.91879578380836], [-82.52747938029336, 27.918799307833453], [-82.52752093660398, 27.918320934939313], [-82.52723769259539, 27.91830122590803], [-82.52719625865454, 27.918785814069107]]]}}, {"type": "Feature", "properties": {"OBJECTID": 424077, "FOLIO": "121921.0000", "PIN": "A-32-29-18-3T7-000027-00006.0", "TYPE": null, "SITE_ADDR": "5008 W Dickens Ave", "SITE_CITY": "Tampa", "SITE_ZIP": "33629", "DOR_C": "0000", "ACT": 0, "EFF": 0, "HEAT_AR": 0, "ACREAGE": 0.2, "JUST": 357000, "BLDG": 0, "S_DATE": 901929600000, "AMT": 169500, "VI": "I", "STORIES": 0, "Shape__Area": 8881.772128453198}, "geometry": {"type": "Polygon", "coordinates": [[[-82.52736799187346, 27.917656050084304], [-82.526967689134, 27.917544919471567], [-82.52691078037121, 27.91769264979119], [-82.52723753729369, 27.917848015792575], [-82.52727653562923, 27.917803657412605], [-82.52731142095307, 27.917756675212452], [-82.52734197121045, 27.91770736693843], [-82.52736799187346, 27.917656050084304]]]}}, {"type": "Feature", "properties": {"OBJECTID": 424084, "FOLIO": "121931.0000", "PIN": "A-32-29-18-3T7-000029-00004.0", "TYPE": null, "SITE_ADDR": "5008 W Longfellow Ave", "SITE_CITY": "Tampa", "SITE_ZIP": "33629", "DOR_C": "0000", "ACT": 0, "EFF": 0, "HEAT_AR": 0, "ACREAGE": 0.32, "JUST": 530784, "BLDG": 0, "S_DATE": 657417600000, "AMT": 158500, "VI": "I", "STORIES": 0, "Shape__Area": 13857.168151142983}, "geometry": {"type": "Polygon", "coordinates": [[[-82.52823226030725, 27.91573961990543], [-82.52821306675958, 27.91616421755117], [-82.5284892352369, 27.916166286176246], [-82.52851163661916, 27.915741414497624], [-82.52823226030725, 27.91573961990543]]]}}, {"type": "Feature", "properties": {"OBJECTID": 424090, "FOLIO": "121936.0000", "PIN": "A-32-29-18-3T7-000029-00012.0", "TYPE": null, "SITE_ADDR": "5028 W Longfellow Ave", "SITE_CITY": "Tampa", "SITE_ZIP": "33629", "DOR_C": "0000", "ACT": 0, "EFF": 0, "HEAT_AR": 0, "ACREAGE": 0.41, "JUST": 645354, "BLDG": 0, "S_DATE": 1234310400000, "AMT": 351000, "VI": "I", "STORIES": 0, "Shape__Area": 17805.94588184777}, "geometry": {"type": "Polygon", "coordinates": [[[-82.52990260495137, 27.9157504486279], [-82.52987462816156, 27.916176680198024], [-82.53023713367627, 27.91617944919351], [-82.53025056211297, 27.915752124789776], [-82.52990260495137, 27.9157504486279]]]}}, {"type": "Feature", "properties": {"OBJECTID": 424097, "FOLIO": "121944.0000", "PIN": "A-32-29-18-3T7-000030-00007.1", "TYPE": null, "SITE_ADDR": "5028 W Dickens Ave", "SITE_CITY": "Tampa", "SITE_ZIP": "33629", "DOR_C": "0000", "ACT": 0, "EFF": 0, "HEAT_AR": 0, "ACREAGE": 0.17, "JUST": 302016, "BLDG": 0, "S_DATE": 1492128000000, "AMT": 425000, "VI": "I", "STORIES": 0, "Shape__Area": 7532.099153934754}, "geometry": {"type": "Polygon", "coordinates": [[[-82.52936070867494, 27.916659463218988], [-82.52935950278095, 27.917022239818284], [-82.52953603574892, 27.917022633442926], [-82.52953786101916, 27.916659910416694], [-82.52949915439831, 27.916659811026953], [-82.52936070867494, 27.916659463218988]]]}}, {"type": "Feature", "properties": {"OBJECTID": 424111, "FOLIO": "121958.0000", "PIN": "A-32-29-18-3T7-000030-00029.0", "TYPE": null, "SITE_ADDR": "3103 S Omar Ave", "SITE_CITY": "Tampa", "SITE_ZIP": "33629", "DOR_C": "0100", "ACT": 1956, "EFF": 1973, "HEAT_AR": 2493, "ACREAGE": 0.29, "JUST": 604104, "BLDG": 196896, "S_DATE": 615254400000, "AMT": 164100, "VI": "I", "STORIES": 2, "Shape__Area": 12555.851520078328}, "geometry": {"type": "Polygon", "coordinates": [[[-82.5280468014149, 27.916576765961523], [-82.52765336653464, 27.916571755288764], [-82.52765002079367, 27.916711488438068], [-82.52764239945458, 27.91685108996478], [-82.52793377016157, 27.916855336733096], [-82.52804471281542, 27.916784249135283], [-82.5280468014149, 27.916576765961523]]]}}, {"type": "Feature", "properties": {"OBJECTID": 424119, "FOLIO": "121967.0000", "PIN": "A-32-29-18-3T7-000031-00007.0", "TYPE": null, "SITE_ADDR": "5016 Homer Ave", "SITE_CITY": "Tampa", "SITE_ZIP": "33629", "DOR_C": "0100", "ACT": 2016, "EFF": 2020, "HEAT_AR": 3872, "ACREAGE": 0.25, "JUST": 1370604, "BLDG": 899172, "S_DATE": 1267142400000, "AMT": 320000, "VI": "I", "STORIES": 2, "Shape__Area": 10822.68370380631}, "geometry": {"type": "Polygon", "coordinates": [[[-82.52948387682432, 27.917534245588225], [-82.52940116722667, 27.917534096906433], [-82.52923144529157, 27.91753373199912], [-82.5292299319692, 27.91789708728002], [-82.52948391928352, 27.91789897106062], [-82.52948387682432, 27.917534245588225]]]}}, {"type": "Feature", "properties": {"OBJECTID": 424155, "FOLIO": "122009.0000", "PIN": "A-32-29-18-3T7-000033-00013.0", "TYPE": null, "SITE_ADDR": "2615 S Dundee St", "SITE_CITY": "Tampa", "SITE_ZIP": "33629", "DOR_C": "0000", "ACT": 0, "EFF": 0, "HEAT_AR": 0, "ACREAGE": 0.3, "JUST": 495292, "BLDG": 0, "S_DATE": 1311638400000, "AMT": 320000, "VI": "I", "STORIES": 0, "Shape__Area": 12855.298348315417}, "geometry": {"type": "Polygon", "coordinates": [[[-82.52929602423565, 27.91891655045127], [-82.529206334881, 27.91892948997479], [-82.52911705482569, 27.91894449619366], [-82.5288783836114, 27.919004276058285], [-82.52897977698733, 27.91926111895903], [-82.5293770663577, 27.91914002429302], [-82.52929602423565, 27.91891655045127]]]}}, {"type": "Feature", "properties": {"OBJECTID": 424250, "FOLIO": "122111.0000", "PIN": "A-32-29-18-3TB-000000-00081.0", "TYPE": null, "SITE_ADDR": "5115 W Poe Ave", "SITE_CITY": "Tampa", "SITE_ZIP": "33629", "DOR_C": "0100", "ACT": 1997, "EFF": 2011, "HEAT_AR": 4353, "ACREAGE": 0.26, "JUST": 2964071, "BLDG": 1349837, "S_DATE": 1283212800000, "AMT": 1250000, "VI": "I", "STORIES": 2, "Shape__Area": 11265.595190806216}, "geometry": {"type": "Polygon", "coordinates": [[[-82.53316137319669, 27.919566527260443], [-82.53316113174478, 27.919927375041205], [-82.53342626353265, 27.919927805122402], [-82.53342926953951, 27.919568625128264], [-82.53316137319669, 27.919566527260443]]]}}, {"type": "Feature", "properties": {"OBJECTID": 424280, "FOLIO": "122142.0000", "PIN": "A-32-29-18-3TC-000000-00111.0", "TYPE": null, "SITE_ADDR": "2404 S Dundee St", "SITE_CITY": "Tampa", "SITE_ZIP": "33629", "DOR_C": "0000", "ACT": 0, "EFF": 0, "HEAT_AR": 0, "ACREAGE": 0.26, "JUST": 1666064, "BLDG": 0, "S_DATE": 828316800000, "AMT": 296000, "VI": "I", "STORIES": 0, "Shape__Area": 11453.293262246129}, "geometry": {"type": "Polygon", "coordinates": [[[-82.53293098906056, 27.921435519087925], [-82.53320121655071, 27.921438653324934], [-82.53321138583762, 27.921093996140794], [-82.53319735911249, 27.92108167297647], [-82.53293382881488, 27.921080025252436], [-82.53293098906056, 27.921435519087925]]]}}, {"type": "Feature", "properties": {"OBJECTID": 424283, "FOLIO": "122145.0000", "PIN": "A-32-29-18-3TC-000000-00114.0", "TYPE": null, "SITE_ADDR": "2410 S Dundee St", "SITE_CITY": "Tampa", "SITE_ZIP": "33629", "DOR_C": "0100", "ACT": 2014, "EFF": 2020, "HEAT_AR": 4902, "ACREAGE": 0.24, "JUST": 3599940, "BLDG": 2029694, "S_DATE": 1316390400000, "AMT": 635000, "VI": "V", "STORIES": 2, "Shape__Area": 10553.228072949552}, "geometry": {"type": "Polygon", "coordinates": [[[-82.53217005259647, 27.921075223627838], [-82.5321635008647, 27.921431914872922], [-82.53241904131215, 27.921433099520993], [-82.53241875166555, 27.92107679297161], [-82.53217005259647, 27.921075223627838]]]}}, {"type": "Feature", "properties": {"OBJECTID": 424289, "FOLIO": "122156.0000", "PIN": "A-32-29-18-3TC-000000-00120.1", "TYPE": null, "SITE_ADDR": "2504 S Dundee St", "SITE_CITY": "Tampa", "SITE_ZIP": "33629", "DOR_C": "0100", "ACT": 1965, "EFF": 1995, "HEAT_AR": 3080, "ACREAGE": 0.26, "JUST": 2082509, "BLDG": 566636, "S_DATE": 428544000000, "AMT": 250000, "VI": "I", "STORIES": 2, "Shape__Area": 11370.248562530305}, "geometry": {"type": "Polygon", "coordinates": [[[-82.53057089679491, 27.921481989435065], [-82.53061011782957, 27.9218278585914], [-82.53069088049779, 27.921817904312498], [-82.53077048651085, 27.92180223496651], [-82.53084842328867, 27.921780950893567], [-82.53089275679847, 27.921734405170277], [-82.53081266014557, 27.921413722870362], [-82.53073377279303, 27.92144106124568], [-82.53065307408367, 27.921463848479146], [-82.53057089679491, 27.921481989435065]]]}}, {"type": "Feature", "properties": {"OBJECTID": 424306, "FOLIO": "122175.0000", "PIN": "A-32-29-18-3TD-000000-00137.0", "TYPE": null, "SITE_ADDR": "5114 W San Jose St", "SITE_CITY": "Tampa", "SITE_ZIP": "33629", "DOR_C": "0100", "ACT": 2018, "EFF": 2022, "HEAT_AR": 6038, "ACREAGE": 0.26, "JUST": 4932438, "BLDG": 3202778, "S_DATE": 1621987200000, "AMT": 4400000, "VI": "I", "STORIES": 2, "Shape__Area": 11307.458432128178}, "geometry": {"type": "Polygon", "coordinates": [[[-82.53080696376777, 27.922130541980238], [-82.53080664406995, 27.922489629400726], [-82.53107423744987, 27.922491871013055], [-82.531075483962, 27.922132393796005], [-82.53080696376777, 27.922130541980238]]]}}, {"type": "Feature", "properties": {"OBJECTID": 424339, "FOLIO": "122226.0000", "PIN": "A-32-29-18-3TD-000000-00170.0", "TYPE": null, "SITE_ADDR": "5121 W San Jose St", "SITE_CITY": "Tampa", "SITE_ZIP": "33629", "DOR_C": "0100", "ACT": 1965, "EFF": 1995, "HEAT_AR": 3105, "ACREAGE": 0.27, "JUST": 2126961, "BLDG": 421794, "S_DATE": 809913600000, "AMT": 411000, "VI": "I", "STORIES": 1, "Shape__Area": 11776.31941488003}, "geometry": {"type": "Polygon", "coordinates": [[[-82.53197281598958, 27.922641001222047], [-82.53197223093171, 27.92299593581178], [-82.53225407131505, 27.92299814807105], [-82.53225623476642, 27.922643316582064], [-82.53197281598958, 27.922641001222047]]]}}, {"type": "Feature", "properties": {"OBJECTID": 424415, "FOLIO": "122304.0000", "PIN": "A-32-29-18-3TF-000000-00072.0", "TYPE": null, "SITE_ADDR": "4708 W Euclid Ave", "SITE_CITY": "Tampa", "SITE_ZIP": "33611", "DOR_C": "0100", "ACT": 1950, "EFF": 1988, "HEAT_AR": 1480, "ACREAGE": 0.16, "JUST": 266848, "BLDG": 118063, "S_DATE": 1212019200000, "AMT": 204500, "VI": "I", "STORIES": 1, "Shape__Area": 7046.180905873889}, "geometry": {"type": "Polygon", "coordinates": [[[-82.52509887715443, 27.90841943261818], [-82.52510193518145, 27.9087255869704], [-82.52529712935949, 27.90872630037458], [-82.5252956183513, 27.908420030040244], [-82.52518504939695, 27.908419681750953], [-82.52509887715443, 27.90841943261818]]]}}, {"type": "Feature", "properties": {"OBJECTID": 424420, "FOLIO": "122309.0000", "PIN": "A-32-29-18-3TF-000000-00077.0", "TYPE": null, "SITE_ADDR": "4638 W Euclid Ave", "SITE_CITY": "Tampa", "SITE_ZIP": "33629", "DOR_C": "0100", "ACT": 1950, "EFF": 1988, "HEAT_AR": 1311, "ACREAGE": 0.16, "JUST": 245933, "BLDG": 96305, "S_DATE": 767750400000, "AMT": 54600, "VI": "I", "STORIES": 1, "Shape__Area": 6881.635155028549}, "geometry": {"type": "Polygon", "coordinates": [[[-82.52413707124288, 27.908416606154987], [-82.52413919377517, 27.90872207647542], [-82.52432977297366, 27.908722780830033], [-82.52433012579891, 27.908417163931905], [-82.52431507814708, 27.908417138168605], [-82.52413707124288, 27.908416606154987]]]}}, {"type": "Feature", "properties": {"OBJECTID": 424425, "FOLIO": "122314.0000", "PIN": "A-32-29-18-3TF-000000-00082.0", "TYPE": null, "SITE_ADDR": "4628 W Euclid Ave", "SITE_CITY": "Tampa", "SITE_ZIP": "33629", "DOR_C": "0100", "ACT": 1950, "EFF": 1988, "HEAT_AR": 1058, "ACREAGE": 0.16, "JUST": 256929, "BLDG": 87774, "S_DATE": 299635200000, "AMT": 24000, "VI": "I", "STORIES": 1, "Shape__Area": 6806.035177341654}, "geometry": {"type": "Polygon", "coordinates": [[[-82.52318083713581, 27.908413778894197], [-82.52317741137631, 27.908718582683676], [-82.52336830027929, 27.90871926012007], [-82.52337017673847, 27.908414324146612], [-82.52322706524107, 27.908413905672646], [-82.52318083713581, 27.908413778894197]]]}}, {"type": "Feature", "properties": {"OBJECTID": 424449, "FOLIO": "122339.0000", "PIN": "A-32-29-18-3TF-000000-00107.0", "TYPE": null, "SITE_ADDR": "3614 S Renellie Dr", "SITE_CITY": "Tampa", "SITE_ZIP": "33629", "DOR_C": "0100", "ACT": 2023, "EFF": 2024, "HEAT_AR": 3603, "ACREAGE": 0.16, "JUST": 986110, "BLDG": 732548, "S_DATE": 1674000000000, "AMT": 1275000, "VI": "I", "STORIES": 2, "Shape__Area": 6934.076479630065}, "geometry": {"type": "Polygon", "coordinates": [[[-82.5234933550758, 27.910062162401815], [-82.5235083389896, 27.910099751412954], [-82.52352678000888, 27.91013610812758], [-82.52355778403712, 27.91018427751016], [-82.52359469611972, 27.910229039485444], [-82.52363306665298, 27.91026761348027], [-82.52367700330107, 27.91030117596864], [-82.52370532498213, 27.91031842442297], [-82.5238890722202, 27.91013462011294], [-82.5237825724748, 27.91006667357704], [-82.5234933550758, 27.910062162401815]]]}}, {"type": "Feature", "properties": {"OBJECTID": 424502, "FOLIO": "122392.0000", "PIN": "A-32-29-18-3TF-000000-00161.0", "TYPE": null, "SITE_ADDR": "4711 W El Prado Blvd", "SITE_CITY": "Tampa", "SITE_ZIP": "33629", "DOR_C": "0100", "ACT": 1950, "EFF": 1988, "HEAT_AR": 1260, "ACREAGE": 0.2, "JUST": 460256, "BLDG": 140425, "S_DATE": 294364800000, "AMT": 35000, "VI": "I", "STORIES": 1, "Shape__Area": 8500.61667705382}, "geometry": {"type": "Polygon", "coordinates": [[[-82.5257663291909, 27.911790540378554], [-82.52576619144769, 27.912069393438756], [-82.52584663746215, 27.912069719027162], [-82.52602576536636, 27.912070381659554], [-82.52602618185496, 27.911791748632407], [-82.5257663291909, 27.911790540378554]]]}}, {"type": "Feature", "properties": {"OBJECTID": 424524, "FOLIO": "122415.0000", "PIN": "A-32-29-18-3TG-000000-00012.0", "TYPE": null, "SITE_ADDR": "4422 W El Prado Blvd", "SITE_CITY": "Tampa", "SITE_ZIP": "33629", "DOR_C": "0100", "ACT": 2008, "EFF": 2020, "HEAT_AR": 2509, "ACREAGE": 0.2, "JUST": 897891, "BLDG": 548095, "S_DATE": 1411689600000, "AMT": 552500, "VI": "I", "STORIES": 2, "Shape__Area": 8685.78808164777}, "geometry": {"type": "Polygon", "coordinates": [[[-82.51988833324944, 27.911179653754026], [-82.51988425128205, 27.91148489938224], [-82.52012803700588, 27.911486867030273], [-82.5201283973412, 27.9111805895545], [-82.51999382409186, 27.91118007957625], [-82.51988833324944, 27.911179653754026]]]}}, {"type": "Feature", "properties": {"OBJECTID": 424576, "FOLIO": "122467.0000", "PIN": "A-32-29-18-3TG-000000-00067.0", "TYPE": null, "SITE_ADDR": "4422 W Euclid Ave", "SITE_CITY": "Tampa", "SITE_ZIP": "33629", "DOR_C": "0000", "ACT": 0, "EFF": 0, "HEAT_AR": 0, "ACREAGE": 0.15, "JUST": 145411, "BLDG": 0, "S_DATE": 657417600000, "AMT": 44000, "VI": "I", "STORIES": 0, "Shape__Area": 6463.230608413968}, "geometry": {"type": "Polygon", "coordinates": [[[-82.51998581369492, 27.90840426285423], [-82.51998456785974, 27.908707103799497], [-82.52016799447952, 27.90870778766052], [-82.52016583311308, 27.908404820609174], [-82.52001151268922, 27.90840435808602], [-82.51998581369492, 27.90840426285423]]]}}, {"type": "Feature", "properties": {"OBJECTID": 424602, "FOLIO": "122494.0000", "PIN": "A-32-29-18-3TG-000000-00095.0", "TYPE": null, "SITE_ADDR": "4420 W Kensington Ave", "SITE_CITY": "Tampa", "SITE_ZIP": "33629", "DOR_C": "0100", "ACT": 1949, "EFF": 1987, "HEAT_AR": 1162, "ACREAGE": 0.18, "JUST": 461005, "BLDG": 117362, "S_DATE": 1009411200000, "AMT": 118000, "VI": "I", "STORIES": 1, "Shape__Area": 7626.3358894105595}, "geometry": {"type": "Polygon", "coordinates": [[[-82.51988123425858, 27.910362073018522], [-82.51988083966735, 27.910383227061132], [-82.51987508126415, 27.910687571222248], [-82.52007551341191, 27.910689069959282], [-82.52007717898617, 27.910525872269808], [-82.52007883986204, 27.91036190483625], [-82.51988123425858, 27.910362073018522]]]}}, {"type": "Feature", "properties": {"OBJECTID": 424630, "FOLIO": "122521.0000", "PIN": "A-32-29-18-3TG-000000-00123.0", "TYPE": null, "SITE_ADDR": "3631 S Hesperides St", "SITE_CITY": "Tampa", "SITE_ZIP": "33629", "DOR_C": "0100", "ACT": 1949, "EFF": 1987, "HEAT_AR": 880, "ACREAGE": 0.15, "JUST": 356135, "BLDG": 77108, "S_DATE": 833587200000, "AMT": 69000, "VI": "I", "STORIES": 1, "Shape__Area": 6365.233860534592}, "geometry": {"type": "Polygon", "coordinates": [[[-82.52066164617294, 27.90939543429712], [-82.52066057661402, 27.909560088960777], [-82.52098946634905, 27.909560136249418], [-82.52099028531788, 27.909395016890596], [-82.52066164617294, 27.90939543429712]]]}}, {"type": "Feature", "properties": {"OBJECTID": 424696, "FOLIO": "122592.0000", "PIN": "A-32-29-18-3TH-000016-00020.0", "TYPE": null, "SITE_ADDR": "4636 W Longfellow Ave", "SITE_CITY": "Tampa", "SITE_ZIP": "33629", "DOR_C": "0100", "ACT": 1956, "EFF": 1990, "HEAT_AR": 2454, "ACREAGE": 0.32, "JUST": 857663, "BLDG": 272293, "S_DATE": 717897600000, "AMT": 197500, "VI": "I", "STORIES": 1, "Shape__Area": 13748.180651285087}, "geometry": {"type": "Polygon", "coordinates": [[[-82.52487495991684, 27.91571704902765], [-82.52477995968658, 27.916223514926777], [-82.5250258267759, 27.916263203820524], [-82.525069114508, 27.915718040924443], [-82.52489998113408, 27.915717172985044], [-82.52487495991684, 27.91571704902765]]]}}, {"type": "Feature", "properties": {"OBJECTID": 424705, "FOLIO": "122602.0000", "PIN": "A-32-29-18-3TI-000000-00009.0", "TYPE": null, "SITE_ADDR": "4703 W Leona St", "SITE_CITY": "Tampa", "SITE_ZIP": "33629", "DOR_C": "0100", "ACT": 1953, "EFF": 2003, "HEAT_AR": 2127, "ACREAGE": 0.22, "JUST": 694796, "BLDG": 281653, "S_DATE": 715305600000, "AMT": 105000, "VI": "I", "STORIES": 1, "Shape__Area": 9599.463500300222}, "geometry": {"type": "Polygon", "coordinates": [[[-82.52463614788148, 27.915406732216777], [-82.52463640230346, 27.915715839722846], [-82.52466275331487, 27.915715959561755], [-82.52487495991684, 27.91571704902765], [-82.52489998113408, 27.915717172985044], [-82.52490220741285, 27.915408826695028], [-82.52463614788148, 27.915406732216777]]]}}, {"type": "Feature", "properties": {"OBJECTID": 424707, "FOLIO": "122604.0000", "PIN": "A-32-29-18-3TI-000000-00012.0", "TYPE": null, "SITE_ADDR": "4633 W Leona St", "SITE_CITY": "Tampa", "SITE_ZIP": "33629", "DOR_C": "0100", "ACT": 2003, "EFF": 2014, "HEAT_AR": 4109, "ACREAGE": 0.4, "JUST": 1606787, "BLDG": 903124, "S_DATE": 1403049600000, "AMT": 365000, "VI": "I", "STORIES": 2, "Shape__Area": 17522.422984167268}, "geometry": {"type": "Polygon", "coordinates": [[[-82.52387533150328, 27.915711917223454], [-82.52435610214013, 27.915714377385864], [-82.52435525673897, 27.915404529435875], [-82.52387482231103, 27.91540071977536], [-82.52387533150328, 27.915711917223454]]]}}, {"type": "Feature", "properties": {"OBJECTID": 424732, "FOLIO": "122630.0000", "PIN": "A-32-29-18-3TI-000000-00049.0", "TYPE": null, "SITE_ADDR": "4710 W Vasconia St", "SITE_CITY": "Tampa", "SITE_ZIP": "33629", "DOR_C": "0000", "ACT": 0, "EFF": 0, "HEAT_AR": 0, "ACREAGE": 0.19, "JUST": 356040, "BLDG": 0, "S_DATE": 1387411200000, "AMT": 415000, "VI": "I", "STORIES": 0, "Shape__Area": 8258.270642833662}, "geometry": {"type": "Polygon", "coordinates": [[[-82.5256632041226, 27.91206901663854], [-82.52552953191804, 27.912068509543445], [-82.52544911739349, 27.912068183649776], [-82.52544947436816, 27.9123982782848], [-82.52566139688251, 27.912399311737325], [-82.5256632041226, 27.91206901663854]]]}}, {"type": "Feature", "properties": {"OBJECTID": 424735, "FOLIO": "122633.0000", "PIN": "A-32-29-18-3TI-000000-00053.0", "TYPE": null, "SITE_ADDR": "4718 W Vasconia St", "SITE_CITY": "Tampa", "SITE_ZIP": "33629", "DOR_C": "0100", "ACT": 1965, "EFF": 1995, "HEAT_AR": 1416, "ACREAGE": 0.14, "JUST": 451009, "BLDG": 143525, "S_DATE": 1601337600000, "AMT": 365000, "VI": "I", "STORIES": 1, "Shape__Area": 6159.365515628008}, "geometry": {"type": "Polygon", "coordinates": [[[-82.52603572619793, 27.912401128149362], [-82.52619649544373, 27.91240191659506], [-82.52619393201381, 27.9120710326789], [-82.52603753145219, 27.912070447734624], [-82.52603572619793, 27.912401128149362]]]}}, {"type": "Feature", "properties": {"OBJECTID": 424736, "FOLIO": "122634.0000", "PIN": "A-32-29-18-3TI-000000-00053.1", "TYPE": null, "SITE_ADDR": "3444 S West Shore Blvd", "SITE_CITY": "Tampa", "SITE_ZIP": "33629", "DOR_C": "1720", "ACT": 1987, "EFF": 1992, "HEAT_AR": 3000, "ACREAGE": 0.35, "JUST": 1231563, "BLDG": 1231463, "S_DATE": 1754352000000, "AMT": 1640000, "VI": "I", "STORIES": 1, "Shape__Area": 15106.398581593792}, "geometry": {"type": "Polygon", "coordinates": [[[-82.52619393201381, 27.9120710326789], [-82.52619649544373, 27.91240191659506], [-82.52658237448836, 27.912403796603204], [-82.52658525919202, 27.91207253452864], [-82.52624694297668, 27.91207124261857], [-82.52619393201381, 27.9120710326789]]]}}, {"type": "Feature", "properties": {"OBJECTID": 424859, "FOLIO": "122744.0000", "PIN": "A-32-29-18-3TJ-000000-00057.0", "TYPE": null, "SITE_ADDR": "3312 Sierra Cir", "SITE_CITY": "Tampa", "SITE_ZIP": "33629", "DOR_C": "0100", "ACT": 1953, "EFF": 2003, "HEAT_AR": 3457, "ACREAGE": 0.31, "JUST": 980445, "BLDG": 443058, "S_DATE": 1180915200000, "AMT": 600000, "VI": "I", "STORIES": 1, "Shape__Area": 13396.298529387543}, "geometry": {"type": "Polygon", "coordinates": [[[-82.51979573078947, 27.91448354629493], [-82.51956635503802, 27.914725004516036], [-82.51959352458266, 27.914748708586842], [-82.51962395532487, 27.914769047891006], [-82.51965712442497, 27.914785669750422], [-82.5197077426786, 27.91481082757319], [-82.51976083995112, 27.91483156864375], [-82.51981592768978, 27.91484770078411], [-82.5198780207339, 27.91486143131937], [-82.51994122627418, 27.914870292724302], [-82.52000506142927, 27.914874217334287], [-82.52001109542778, 27.914556200768352], [-82.51996470778315, 27.914551090418595], [-82.51991934110225, 27.914541092345715], [-82.51987564320464, 27.91452635119933], [-82.51983424190222, 27.914507076678994], [-82.51979573078947, 27.91448354629493]]]}}, {"type": "Feature", "properties": {"OBJECTID": 424881, "FOLIO": "122778.0000", "PIN": "A-32-29-18-3TJ-000000-00086.0", "TYPE": null, "SITE_ADDR": "3310 W Sevilla Cir", "SITE_CITY": "Tampa", "SITE_ZIP": "33629", "DOR_C": "0100", "ACT": 2007, "EFF": 2016, "HEAT_AR": 4706, "ACREAGE": 0.19, "JUST": 1693915, "BLDG": 1270226, "S_DATE": 1178841600000, "AMT": 1175000, "VI": "I", "STORIES": 2, "Shape__Area": 8213.106797425424}, "geometry": {"type": "Polygon", "coordinates": [[[-82.52200488968285, 27.914425869741724], [-82.52165279329736, 27.914367765068615], [-82.52163917364109, 27.914424792225127], [-82.52161896248182, 27.914480254286055], [-82.52160316737633, 27.914518354363253], [-82.52193012904404, 27.914649032499852], [-82.52196163492793, 27.91457647021404], [-82.52198660722256, 27.914501928417888], [-82.52200488968285, 27.914425869741724]]]}}, {"type": "Feature", "properties": {"OBJECTID": 424907, "FOLIO": "122809.0000", "PIN": "A-32-29-18-3TJ-000000-00135.0", "TYPE": null, "SITE_ADDR": "4412 W Sevilla St", "SITE_CITY": "Tampa", "SITE_ZIP": "33629", "DOR_C": "0000", "ACT": 0, "EFF": 0, "HEAT_AR": 0, "ACREAGE": 0.2, "JUST": 359480, "BLDG": 0, "S_DATE": 968284800000, "AMT": 220000, "VI": "I", "STORIES": 0, "Shape__Area": 8575.687666954942}, "geometry": {"type": "Polygon", "coordinates": [[[-82.51924611603762, 27.912857641702146], [-82.5190060462508, 27.912856291117034], [-82.51900198573831, 27.913160162215178], [-82.51924236734348, 27.91316178595902], [-82.51924611603762, 27.912857641702146]]]}}, {"type": "Feature", "properties": {"OBJECTID": 424988, "FOLIO": "122910.0000", "PIN": "A-32-29-18-3TN-000003-00009.0", "TYPE": null, "SITE_ADDR": "3416 S Lightner Dr", "SITE_CITY": "Tampa", "SITE_ZIP": "33629", "DOR_C": "0100", "ACT": 2019, "EFF": 2022, "HEAT_AR": 3220, "ACREAGE": 0.25, "JUST": 981553, "BLDG": 530510, "S_DATE": 1562025600000, "AMT": 876900, "VI": "I", "STORIES": 2, "Shape__Area": 11083.12886636633}, "geometry": {"type": "Polygon", "coordinates": [[[-82.52807614642015, 27.91179553635996], [-82.5280742313054, 27.912013223483548], [-82.52807397566471, 27.91204320619371], [-82.5284486521461, 27.91205296317371], [-82.52845180730553, 27.91179753333768], [-82.52807614642015, 27.91179553635996]]]}}, {"type": "Feature", "properties": {"OBJECTID": 424999, "FOLIO": "122921.0000", "PIN": "A-32-29-18-3TN-000004-00005.0", "TYPE": null, "SITE_ADDR": "3409 S Lightner Dr", "SITE_CITY": "Tampa", "SITE_ZIP": "33629", "DOR_C": "0100", "ACT": 1954, "EFF": 2004, "HEAT_AR": 1673, "ACREAGE": 0.21, "JUST": 393823, "BLDG": 0, "S_DATE": 1348790400000, "AMT": 272500, "VI": "I", "STORIES": 1, "Shape__Area": 9012.624493925026}, "geometry": {"type": "Polygon", "coordinates": [[[-82.52860933864832, 27.91227252893073], [-82.52860598415047, 27.912486673275758], [-82.52896617860229, 27.912491560835054], [-82.52896795634939, 27.912366902979883], [-82.528969233341, 27.91227942550535], [-82.52860933864832, 27.91227252893073]]]}}, {"type": "Feature", "properties": {"OBJECTID": 425002, "FOLIO": "122924.0000", "PIN": "A-32-29-18-3TN-000004-00009.0", "TYPE": null, "SITE_ADDR": "3420 S Gardenia Ave", "SITE_CITY": "Tampa", "SITE_ZIP": "33629", "DOR_C": "0100", "ACT": 1954, "EFF": 2014, "HEAT_AR": 1720, "ACREAGE": 0.19, "JUST": 653200, "BLDG": 290250, "S_DATE": 1556064000000, "AMT": 573000, "VI": "I", "STORIES": 1, "Shape__Area": 8097.774892773722}, "geometry": {"type": "Polygon", "coordinates": [[[-82.52897346292619, 27.911984084197922], [-82.52932523433192, 27.91198900046574], [-82.52932784090223, 27.911793039864953], [-82.52897628542117, 27.911787899872717], [-82.52897346292619, 27.911984084197922]]]}}, {"type": "Feature", "properties": {"OBJECTID": 425006, "FOLIO": "122928.0000", "PIN": "A-32-29-18-3TN-000004-00013.0", "TYPE": null, "SITE_ADDR": "3412 S Gardenia Ave", "SITE_CITY": "Tampa", "SITE_ZIP": "33629", "DOR_C": "0100", "ACT": 1953, "EFF": 2003, "HEAT_AR": 1544, "ACREAGE": 0.18, "JUST": 588425, "BLDG": 220390, "S_DATE": 1296432000000, "AMT": 176900, "VI": "I", "STORIES": 1, "Shape__Area": 8036.172834457252}, "geometry": {"type": "Polygon", "coordinates": [[[-82.52931753742693, 27.9125639258393], [-82.52896520911847, 27.912559558570265], [-82.52896298506283, 27.912713378665934], [-82.52896240852087, 27.912753565270503], [-82.52931495328392, 27.912758235821492], [-82.52931753742693, 27.9125639258393]]]}}, {"type": "Feature", "properties": {"OBJECTID": 499657, "FOLIO": "122668.0000", "PIN": null, "TYPE": null, "SITE_ADDR": null, "SITE_CITY": null, "SITE_ZIP": null, "DOR_C": "0100", "ACT": 2004, "EFF": 2019, "HEAT_AR": 4236, "ACREAGE": 0.33, "JUST": 1563156, "BLDG": 788685, "S_DATE": 1020643200000, "AMT": 382500, "VI": "I", "STORIES": 2, "Shape__Area": 14278.953189706635}, "geometry": {"type": "Polygon", "coordinates": [[[-82.52317101965474, 27.913347622254694], [-82.5231690980485, 27.91361729463227], [-82.5236186069175, 27.91362419510927], [-82.52361694800389, 27.91335062980273], [-82.52317101965474, 27.913347622254694]]]}}, {"type": "Feature", "properties": {"OBJECTID": 425042, "FOLIO": "122964.0000", "PIN": "A-32-29-18-3TN-000006-00012.0", "TYPE": null, "SITE_ADDR": "3422 S Beach Dr", "SITE_CITY": "Tampa", "SITE_ZIP": "33629", "DOR_C": "0100", "ACT": 1955, "EFF": 2004, "HEAT_AR": 1210, "ACREAGE": 0.29, "JUST": 716985, "BLDG": 202275, "S_DATE": 1529020800000, "AMT": 515000, "VI": "I", "STORIES": 1, "Shape__Area": 12463.475396198999}, "geometry": {"type": "Polygon", "coordinates": [[[-82.5307556251357, 27.911809932445053], [-82.53075325226274, 27.912003086548903], [-82.53075212305848, 27.91209473982071], [-82.53112304110216, 27.912101781425445], [-82.5311263111115, 27.911814169347267], [-82.5307556251357, 27.911809932445053]]]}}, {"type": "Feature", "properties": {"OBJECTID": 425054, "FOLIO": "122975.0000", "PIN": "A-32-29-18-3TN-000007-00005.0", "TYPE": null, "SITE_ADDR": "3409 S Beach Dr", "SITE_CITY": "Tampa", "SITE_ZIP": "33629", "DOR_C": "0100", "ACT": 1956, "EFF": 1990, "HEAT_AR": 4036, "ACREAGE": 4.04, "JUST": 2557540, "BLDG": 0, "S_DATE": 1264550400000, "AMT": 1270000, "VI": "I", "STORIES": 1, "Shape__Area": 175793.37729058554}, "geometry": {"type": "Polygon", "coordinates": [[[-82.53126837567021, 27.912809380411673], [-82.53126542741518, 27.913175437832194], [-82.53536589770903, 27.91320656125464], [-82.53536400881927, 27.912841953905733], [-82.53126837567021, 27.912809380411673]]]}}, {"type": "Feature", "properties": {"OBJECTID": 425069, "FOLIO": "122990.0000", "PIN": "A-32-29-18-3TN-000007-00022.0", "TYPE": null, "SITE_ADDR": "3623 S Beach Dr", "SITE_CITY": "Tampa", "SITE_ZIP": "33629", "DOR_C": "0100", "ACT": 2009, "EFF": 2017, "HEAT_AR": 9583, "ACREAGE": 3.25, "JUST": 5645606, "BLDG": 3472148, "S_DATE": 468115200000, "AMT": 555700, "VI": "I", "STORIES": 2, "Shape__Area": 141507.9500341675}, "geometry": {"type": "Polygon", "coordinates": [[[-82.53121955886775, 27.908522783495904], [-82.53121848792875, 27.908715492293936], [-82.53130115434139, 27.9087146230997], [-82.53130031222274, 27.908821073059027], [-82.53534416989525, 27.908864079834213], [-82.53534285946105, 27.90857293714746], [-82.53165514143274, 27.908528087306546], [-82.53121955886775, 27.908522783495904]]]}}, {"type": "Feature", "properties": {"OBJECTID": 425074, "FOLIO": "122995.0000", "PIN": "A-32-29-18-3TN-000008-00005.0", "TYPE": null, "SITE_ADDR": "3609 S Belcher Dr", "SITE_CITY": "Tampa", "SITE_ZIP": "33629", "DOR_C": "0100", "ACT": 1954, "EFF": 1990, "HEAT_AR": 1444, "ACREAGE": 0.2, "JUST": 538750, "BLDG": 165837, "S_DATE": null, "AMT": 0, "VI": null, "STORIES": 1, "Shape__Area": 8684.480377948947}, "geometry": {"type": "Polygon", "coordinates": [[[-82.53075803069252, 27.910597109817893], [-82.53038382031808, 27.910593187757257], [-82.5303824885802, 27.91078999626455], [-82.53075674005902, 27.910795540699954], [-82.53075737368577, 27.91069726020326], [-82.53075803069252, 27.910597109817893]]]}}, {"type": "Feature", "properties": {"OBJECTID": 425083, "FOLIO": "123004.0000", "PIN": "A-32-29-18-3TN-000008-00014.0", "TYPE": null, "SITE_ADDR": "3626 S Beach Dr", "SITE_CITY": "Tampa", "SITE_ZIP": "33629", "DOR_C": "0100", "ACT": 1956, "EFF": 2004, "HEAT_AR": 2134, "ACREAGE": 0.22, "JUST": 429569, "BLDG": 0, "S_DATE": null, "AMT": 0, "VI": null, "STORIES": 1, "Shape__Area": 9727.70991362459}, "geometry": {"type": "Polygon", "coordinates": [[[-82.5307672103615, 27.909192469467836], [-82.53114262801324, 27.909197264831256], [-82.53114437020908, 27.90897682775314], [-82.53076864126696, 27.908971785422512], [-82.5307672103615, 27.909192469467836]]]}}, {"type": "Feature", "properties": {"OBJECTID": 425104, "FOLIO": "123025.0000", "PIN": "A-32-29-18-3TN-000009-00011.0", "TYPE": null, "SITE_ADDR": "3621 S Gardenia Ave", "SITE_CITY": "Tampa", "SITE_ZIP": "33629", "DOR_C": "0000", "ACT": 0, "EFF": 0, "HEAT_AR": 0, "ACREAGE": 0.2, "JUST": 389713, "BLDG": 0, "S_DATE": 1304294400000, "AMT": 235000, "VI": "I", "STORIES": 0, "Shape__Area": 8748.720308930633}, "geometry": {"type": "Polygon", "coordinates": [[[-82.52948503549227, 27.909583033789207], [-82.52985757738027, 27.909588615254105], [-82.52985892711072, 27.909388836801437], [-82.52948625833716, 27.909382925537983], [-82.52948503549227, 27.909583033789207]]]}}, {"type": "Feature", "properties": {"OBJECTID": 425116, "FOLIO": "123038.0000", "PIN": "A-32-29-18-3TN-000009-00024.0", "TYPE": null, "SITE_ADDR": "3604 S Belcher Dr", "SITE_CITY": "Tampa", "SITE_ZIP": "33629", "DOR_C": "0100", "ACT": 1955, "EFF": 1990, "HEAT_AR": 1392, "ACREAGE": 0.2, "JUST": 535071, "BLDG": 162158, "S_DATE": 260236800000, "AMT": 38200, "VI": "I", "STORIES": 1, "Shape__Area": 8776.918025403142}, "geometry": {"type": "Polygon", "coordinates": [[[-82.52984667979838, 27.91119575797963], [-82.53021861809214, 27.91120329355205], [-82.53021967435485, 27.911000764824458], [-82.5298480286905, 27.910996226836925], [-82.52984667979838, 27.91119575797963]]]}}, {"type": "Feature", "properties": {"OBJECTID": 425120, "FOLIO": "123042.0000", "PIN": "A-32-29-18-3TN-000010-00002.0", "TYPE": null, "SITE_ADDR": "3603 S Lightner Dr", "SITE_CITY": "Tampa", "SITE_ZIP": "33629", "DOR_C": "0100", "ACT": 1954, "EFF": 1990, "HEAT_AR": 2267, "ACREAGE": 0.2, "JUST": 604849, "BLDG": 240698, "S_DATE": 533779200000, "AMT": 58000, "VI": "I", "STORIES": 1, "Shape__Area": 8504.10501488095}, "geometry": {"type": "Polygon", "coordinates": [[[-82.5286173074635, 27.911384600945645], [-82.52897408813593, 27.91138867681406], [-82.52897529863823, 27.911185846080684], [-82.52861851614594, 27.91118146790767], [-82.5286173074635, 27.911384600945645]]]}}, {"type": "Feature", "properties": {"OBJECTID": 425121, "FOLIO": "123043.0000", "PIN": "A-32-29-18-3TN-000010-00003.0", "TYPE": null, "SITE_ADDR": "3605 S Lightner Dr", "SITE_CITY": "Tampa", "SITE_ZIP": "33629", "DOR_C": "0000", "ACT": 0, "EFF": 0, "HEAT_AR": 0, "ACREAGE": 0.2, "JUST": 357375, "BLDG": 0, "S_DATE": 562723200000, "AMT": 86500, "VI": "I", "STORIES": 0, "Shape__Area": 8513.451450172417}, "geometry": {"type": "Polygon", "coordinates": [[[-82.52861851614594, 27.91118146790767], [-82.52897529863823, 27.911185846080684], [-82.52897650327183, 27.910981391022542], [-82.52861970315023, 27.910979517106593], [-82.52861851614594, 27.91118146790767]]]}}, {"type": "Feature", "properties": {"OBJECTID": 425125, "FOLIO": "123047.0000", "PIN": "A-32-29-18-3TN-000010-00007.0", "TYPE": null, "SITE_ADDR": "3613 S Lightner Dr", "SITE_CITY": "Tampa", "SITE_ZIP": "33629", "DOR_C": "0100", "ACT": 1956, "EFF": 1990, "HEAT_AR": 1540, "ACREAGE": 0.2, "JUST": 549719, "BLDG": 189176, "S_DATE": 1620777600000, "AMT": 493000, "VI": "I", "STORIES": 1, "Shape__Area": 8754.893614679482}, "geometry": {"type": "Polygon", "coordinates": [[[-82.52862329751731, 27.91038177632171], [-82.52898004129486, 27.910385000472573], [-82.52898128312563, 27.910175869851678], [-82.52862454238827, 27.91017292092116], [-82.52862329751731, 27.91038177632171]]]}}, {"type": "Feature", "properties": {"OBJECTID": 425137, "FOLIO": "123059.0000", "PIN": "A-32-29-18-3TN-000010-00019.0", "TYPE": null, "SITE_ADDR": "3616 S Gardenia Ave", "SITE_CITY": "Tampa", "SITE_ZIP": "33629", "DOR_C": "0100", "ACT": 2017, "EFF": 2021, "HEAT_AR": 3473, "ACREAGE": 0.19, "JUST": 1109390, "BLDG": 711514, "S_DATE": 1748995200000, "AMT": 1590000, "VI": "I", "STORIES": 2, "Shape__Area": 8175.999701731777}, "geometry": {"type": "Polygon", "coordinates": [[[-82.52898128312563, 27.910175869851678], [-82.52933846426444, 27.9101799712537], [-82.52933944410414, 27.909987068809066], [-82.5289824597716, 27.909978814649975], [-82.52898128312563, 27.910175869851678]]]}}, {"type": "Feature", "properties": {"OBJECTID": 425146, "FOLIO": "123068.0000", "PIN": "A-32-29-18-3TN-000011-00002.0", "TYPE": null, "SITE_ADDR": "3603 S Omar Ave", "SITE_CITY": "Tampa", "SITE_ZIP": "33629", "DOR_C": "0100", "ACT": 2021, "EFF": 2023, "HEAT_AR": 3687, "ACREAGE": 0.19, "JUST": 1090075, "BLDG": 679304, "S_DATE": 1562544000000, "AMT": 320000, "VI": "I", "STORIES": 2, "Shape__Area": 8402.43456192365}, "geometry": {"type": "Polygon", "coordinates": [[[-82.52774662433, 27.911366444102583], [-82.52810344993595, 27.91137330058076], [-82.52810445382856, 27.91117214640936], [-82.52774791256655, 27.91116638978052], [-82.52774662433, 27.911366444102583]]]}}, {"type": "Feature", "properties": {"OBJECTID": 425149, "FOLIO": "123071.0000", "PIN": "A-32-29-18-3TN-000011-00005.0", "TYPE": null, "SITE_ADDR": "3609 S Omar Ave", "SITE_CITY": "Tampa", "SITE_ZIP": "33629", "DOR_C": "0100", "ACT": 1954, "EFF": 2004, "HEAT_AR": 1848, "ACREAGE": 0.19, "JUST": 639020, "BLDG": 266141, "S_DATE": 1763078400000, "AMT": 525000, "VI": "I", "STORIES": 1, "Shape__Area": 8256.721603433483}, "geometry": {"type": "Polygon", "coordinates": [[[-82.52775049873144, 27.910761579515544], [-82.52810648466149, 27.91076788875095], [-82.52810747265629, 27.91056973424055], [-82.5277517722, 27.910564551020297], [-82.52775049873144, 27.910761579515544]]]}}, {"type": "Feature", "properties": {"OBJECTID": 425152, "FOLIO": "123074.0000", "PIN": "A-32-29-18-3TN-000011-00008.0", "TYPE": null, "SITE_ADDR": "3615 S Omar Ave", "SITE_CITY": "Tampa", "SITE_ZIP": "33629", "DOR_C": "0100", "ACT": 2023, "EFF": 2024, "HEAT_AR": 3736, "ACREAGE": 0.19, "JUST": 1186210, "BLDG": 786293, "S_DATE": 1689811200000, "AMT": 1690200, "VI": "I", "STORIES": 2, "Shape__Area": 8156.62854055751}, "geometry": {"type": "Polygon", "coordinates": [[[-82.5277544267829, 27.91015478892321], [-82.52810956406168, 27.910159120626954], [-82.52811053908619, 27.909964568578012], [-82.52775570044503, 27.909958008573483], [-82.5277544267829, 27.91015478892321]]]}}, {"type": "Feature", "properties": {"OBJECTID": 425160, "FOLIO": "123082.0000", "PIN": "A-32-29-18-3TN-000011-00016.0", "TYPE": null, "SITE_ADDR": "3620 S Lightner Dr", "SITE_CITY": "Tampa", "SITE_ZIP": "33629", "DOR_C": "0100", "ACT": 1955, "EFF": 2004, "HEAT_AR": 1492, "ACREAGE": 0.19, "JUST": 583227, "BLDG": 216442, "S_DATE": 1473984000000, "AMT": 340000, "VI": "I", "STORIES": 1, "Shape__Area": 8436.039309755688}, "geometry": {"type": "Polygon", "coordinates": [[[-82.52811255182031, 27.909563061471218], [-82.52846831644352, 27.909569370659646], [-82.52846952690807, 27.909366538966175], [-82.52811355694288, 27.909362155406285], [-82.52811255182031, 27.909563061471218]]]}}, {"type": "Feature", "properties": {"OBJECTID": 425164, "FOLIO": "123086.0000", "PIN": "A-32-29-18-3TN-000011-00020.0", "TYPE": null, "SITE_ADDR": "3612 S Lightner Dr", "SITE_CITY": "Tampa", "SITE_ZIP": "33629", "DOR_C": "0000", "ACT": 0, "EFF": 0, "HEAT_AR": 0, "ACREAGE": 0.2, "JUST": 357375, "BLDG": 0, "S_DATE": 1681689600000, "AMT": 640000, "VI": "I", "STORIES": 0, "Shape__Area": 8806.53653889169}, "geometry": {"type": "Polygon", "coordinates": [[[-82.52810848559648, 27.91037023142532], [-82.52846340881041, 27.910374893312945], [-82.52846470277214, 27.91016353443131], [-82.52810956406168, 27.910159120626954], [-82.52810848559648, 27.91037023142532]]]}}, {"type": "Feature", "properties": {"OBJECTID": 425170, "FOLIO": "123092.0000", "PIN": "A-32-29-18-3TN-000011-00026.0", "TYPE": null, "SITE_ADDR": "3600 S Lightner Dr", "SITE_CITY": "Tampa", "SITE_ZIP": "33629", "DOR_C": "0000", "ACT": 0, "EFF": 0, "HEAT_AR": 0, "ACREAGE": 0.19, "JUST": 357375, "BLDG": 0, "S_DATE": 1030579200000, "AMT": 241000, "VI": "I", "STORIES": 0, "Shape__Area": 8292.969480034808}, "geometry": {"type": "Polygon", "coordinates": [[[-82.52810243291647, 27.91157216988981], [-82.5284561258331, 27.911577469062816], [-82.5284573503444, 27.91137711359193], [-82.52810344993595, 27.91137330058076], [-82.52810243291647, 27.91157216988981]]]}}, {"type": "Feature", "properties": {"OBJECTID": 425203, "FOLIO": "123130.0000", "PIN": "A-32-29-18-3TN-000013-00011.0", "TYPE": null, "SITE_ADDR": "4906 W Euclid Ave", "SITE_CITY": "Tampa", "SITE_ZIP": "33629", "DOR_C": "0100", "ACT": 1954, "EFF": 2004, "HEAT_AR": 1698, "ACREAGE": 0.19, "JUST": 549755, "BLDG": 197066, "S_DATE": 770428800000, "AMT": 128000, "VI": "I", "STORIES": 1, "Shape__Area": 8151.337401228352}, "geometry": {"type": "Polygon", "coordinates": [[[-82.52898633222017, 27.908800496855115], [-82.52921367483069, 27.90880333641413], [-82.52921893709498, 27.90849781088125], [-82.52899193555275, 27.908494997087477], [-82.52898633222017, 27.908800496855115]]]}}, {"type": "Feature", "properties": {"OBJECTID": 425206, "FOLIO": "123133.0000", "PIN": "A-32-29-18-3TN-000013-00014.0", "TYPE": null, "SITE_ADDR": "5004 W Euclid Ave", "SITE_CITY": "Tampa", "SITE_ZIP": "33629", "DOR_C": "0100", "ACT": 2022, "EFF": 2024, "HEAT_AR": 4118, "ACREAGE": 0.19, "JUST": 1367548, "BLDG": 986702, "S_DATE": 1532908800000, "AMT": 410000, "VI": "I", "STORIES": 3, "Shape__Area": 8102.665183960134}, "geometry": {"type": "Polygon", "coordinates": [[[-82.52964724254535, 27.90880873822505], [-82.52987399599768, 27.908811578958755], [-82.5298785758109, 27.908506056043798], [-82.52965368016729, 27.908503262314767], [-82.52964724254535, 27.90880873822505]]]}}, {"type": "Feature", "properties": {"OBJECTID": 425209, "FOLIO": "123136.0000", "PIN": "A-32-29-18-3TN-000013-00017.0", "TYPE": null, "SITE_ADDR": "5010 W Euclid Ave", "SITE_CITY": "Tampa", "SITE_ZIP": "33629", "DOR_C": "0000", "ACT": 0, "EFF": 0, "HEAT_AR": 0, "ACREAGE": 0.27, "JUST": 501480, "BLDG": 0, "S_DATE": 967680000000, "AMT": 207000, "VI": "I", "STORIES": 0, "Shape__Area": 11556.917211655802}, "geometry": {"type": "Polygon", "coordinates": [[[-82.53032642080508, 27.90881720842385], [-82.53064724539628, 27.908821226211984], [-82.53065498147005, 27.908515746185362], [-82.53033161810941, 27.9085117102025], [-82.53032642080508, 27.90881720842385]]]}}, {"type": "Feature", "properties": {"OBJECTID": 425289, "FOLIO": "123218.0000", "PIN": "A-33-29-18-3TP-000008-00021.0", "TYPE": null, "SITE_ADDR": "4005 W Barcelona St", "SITE_CITY": "Tampa", "SITE_ZIP": "33629", "DOR_C": "0100", "ACT": 2007, "EFF": 2016, "HEAT_AR": 2817, "ACREAGE": 0.23, "JUST": 1207468, "BLDG": 763828, "S_DATE": 1057795200000, "AMT": 200000, "VI": "I", "STORIES": 2, "Shape__Area": 9961.41197513099}, "geometry": {"type": "Polygon", "coordinates": [[[-82.51051038892246, 27.922233362852804], [-82.51081941366667, 27.922235159988727], [-82.51082354272403, 27.921960693241147], [-82.51051433297434, 27.921958924767367], [-82.51051038892246, 27.922233362852804]]]}}, {"type": "Feature", "properties": {"OBJECTID": 425320, "FOLIO": "123243.0000", "PIN": "A-33-29-18-3TP-000011-00005.0", "TYPE": null, "SITE_ADDR": "3710 W Palmira Ave", "SITE_CITY": "Tampa", "SITE_ZIP": "33629", "DOR_C": "0100", "ACT": 1945, "EFF": 1985, "HEAT_AR": 1401, "ACREAGE": 0.23, "JUST": 636669, "BLDG": 122379, "S_DATE": 1770249600000, "AMT": 750000, "VI": "I", "STORIES": 1, "Shape__Area": 10004.481816060581}, "geometry": {"type": "Polygon", "coordinates": [[[-82.50460740766486, 27.922468492536286], [-82.50491665215152, 27.922470851674493], [-82.50491974181168, 27.922196222737412], [-82.50460863917921, 27.922193706166542], [-82.50460740766486, 27.922468492536286]]]}}, {"type": "Feature", "properties": {"OBJECTID": 425321, "FOLIO": "123244.0000", "PIN": "A-33-29-18-3TP-000011-00007.0", "TYPE": null, "SITE_ADDR": "3714 W Palmira Ave", "SITE_CITY": "Tampa", "SITE_ZIP": "33629", "DOR_C": "0100", "ACT": 1945, "EFF": 1985, "HEAT_AR": 2049, "ACREAGE": 0.23, "JUST": 698327, "BLDG": 179677, "S_DATE": 1768348800000, "AMT": 808500, "VI": "I", "STORIES": 2, "Shape__Area": 9844.465820718211}, "geometry": {"type": "Polygon", "coordinates": [[[-82.50491665215152, 27.922470851674493], [-82.50522122099, 27.92247317222021], [-82.50522589031782, 27.922198675558946], [-82.50491974181168, 27.922196222737412], [-82.50491665215152, 27.922470851674493]]]}}, {"type": "Feature", "properties": {"OBJECTID": 425409, "FOLIO": "123327.0000", "PIN": "A-33-29-18-3TP-000018-00011.0", "TYPE": null, "SITE_ADDR": "4122 W Barcelona St", "SITE_CITY": "Tampa", "SITE_ZIP": "33629", "DOR_C": "0100", "ACT": 1947, "EFF": 1986, "HEAT_AR": 1189, "ACREAGE": 0.23, "JUST": 513355, "BLDG": 107895, "S_DATE": 1658448000000, "AMT": 800000, "VI": "I", "STORIES": 1, "Shape__Area": 10037.371262712111}, "geometry": {"type": "Polygon", "coordinates": [[[-82.51379480177535, 27.921839721706608], [-82.51410648992987, 27.921841885970938], [-82.51411076247871, 27.92156664799393], [-82.51380074867468, 27.921564972910403], [-82.51379480177535, 27.921839721706608]]]}}, {"type": "Feature", "properties": {"OBJECTID": 425432, "FOLIO": "123350.0000", "PIN": "A-33-29-18-3TP-000020-00009.0", "TYPE": null, "SITE_ADDR": "4018 W Granada St", "SITE_CITY": "Tampa", "SITE_ZIP": "33629", "DOR_C": "0100", "ACT": 2025, "EFF": 2025, "HEAT_AR": 4408, "ACREAGE": 0.23, "JUST": 1864902, "BLDG": 1388374, "S_DATE": 1757635200000, "AMT": 2400000, "VI": "I", "STORIES": 2, "Shape__Area": 10039.739966360112}, "geometry": {"type": "Polygon", "coordinates": [[[-82.51144863463779, 27.921138592976263], [-82.51175969734759, 27.921139967161185], [-82.5117644109635, 27.92086522295789], [-82.51145399535129, 27.92086302066644], [-82.51144863463779, 27.921138592976263]]]}}, {"type": "Feature", "properties": {"OBJECTID": 425627, "FOLIO": "123529.0000", "PIN": "A-33-29-18-3TP-000035-00018.0", "TYPE": null, "SITE_ADDR": "3711 W Santiago St", "SITE_CITY": "Tampa", "SITE_ZIP": "33629", "DOR_C": "0100", "ACT": 1947, "EFF": 1986, "HEAT_AR": 992, "ACREAGE": 0.17, "JUST": 461862, "BLDG": 77566, "S_DATE": 941673600000, "AMT": 135000, "VI": "I", "STORIES": 1, "Shape__Area": 7347.287361861161}, "geometry": {"type": "Polygon", "coordinates": [[[-82.5050490417585, 27.919144686485033], [-82.5048118679415, 27.91914319148675], [-82.50480741076123, 27.919416779658874], [-82.50496369956794, 27.919419204669264], [-82.50496429104929, 27.91939169605903], [-82.50504220615643, 27.919392759537704], [-82.5050490417585, 27.919144686485033]]]}}, {"type": "Feature", "properties": {"OBJECTID": 425655, "FOLIO": "123553.0000", "PIN": "A-33-29-18-3TP-000037-00007.0", "TYPE": null, "SITE_ADDR": "3614 W Santiago St", "SITE_CITY": "Tampa", "SITE_ZIP": "33629", "DOR_C": "0100", "ACT": 1958, "EFF": 1992, "HEAT_AR": 1537, "ACREAGE": 0.11, "JUST": 418669, "BLDG": 145009, "S_DATE": 481161600000, "AMT": 52000, "VI": "I", "STORIES": 1, "Shape__Area": 4989.300746935838}, "geometry": {"type": "Polygon", "coordinates": [[[-82.50290201114834, 27.91899053191344], [-82.50305786692034, 27.918991722562915], [-82.50305910996951, 27.918718339242744], [-82.50290418249577, 27.918717007132944], [-82.50290201114834, 27.91899053191344]]]}}, {"type": "Feature", "properties": {"OBJECTID": 425776, "FOLIO": "123647.0000", "PIN": "A-33-29-18-3TP-000043-00017.0", "TYPE": null, "SITE_ADDR": "3711 W San Pedro St", "SITE_CITY": "Tampa", "SITE_ZIP": "33629", "DOR_C": "0100", "ACT": 1945, "EFF": 2001, "HEAT_AR": 2799, "ACREAGE": 0.15, "JUST": 633811, "BLDG": 273250, "S_DATE": 1098144000000, "AMT": 399900, "VI": "I", "STORIES": 2, "Shape__Area": 6385.7644517893}, "geometry": {"type": "Polygon", "coordinates": [[[-82.50506556692979, 27.917766831007622], [-82.50506369136568, 27.918042719947923], [-82.50521799700763, 27.918043803754752], [-82.505260668161, 27.918044087636236], [-82.50526285421762, 27.917768224631654], [-82.50506556692979, 27.917766831007622]]]}}, {"type": "Feature", "properties": {"OBJECTID": 425781, "FOLIO": "123651.0000", "PIN": "A-33-29-18-3TP-000043-00021.0", "TYPE": null, "SITE_ADDR": "3705 W San Pedro St", "SITE_CITY": "Tampa", "SITE_ZIP": "33629", "DOR_C": "0100", "ACT": 2002, "EFF": 2014, "HEAT_AR": 2010, "ACREAGE": 0.12, "JUST": 759057, "BLDG": 485014, "S_DATE": 1557360000000, "AMT": 620000, "VI": "I", "STORIES": 2, "Shape__Area": 5068.239603030032}, "geometry": {"type": "Polygon", "coordinates": [[[-82.50452136343522, 27.917762967530976], [-82.50451976383637, 27.918038856368813], [-82.50467499915808, 27.918039964451673], [-82.50467904377876, 27.917764095535933], [-82.50452136343522, 27.917762967530976]]]}}, {"type": "Feature", "properties": {"OBJECTID": 425833, "FOLIO": "123695.0000", "PIN": "A-33-29-18-3TP-000046-00013.0", "TYPE": null, "SITE_ADDR": "3717 Obispo St", "SITE_CITY": "Tampa", "SITE_ZIP": "33629", "DOR_C": "0100", "ACT": 1941, "EFF": 1983, "HEAT_AR": 1105, "ACREAGE": 0.23, "JUST": 499623, "BLDG": 70213, "S_DATE": 1782777600000, "AMT": 820000, "VI": "I", "STORIES": 1, "Shape__Area": 9914.847871834036}, "geometry": {"type": "Polygon", "coordinates": [[[-82.50561707883413, 27.917085305454556], [-82.50561303736356, 27.917361340434464], [-82.50569032925881, 27.917361963665495], [-82.50591917134496, 27.91736381806883], [-82.505922903982, 27.917087951167975], [-82.50561707883413, 27.917085305454556]]]}}, {"type": "Feature", "properties": {"OBJECTID": 425896, "FOLIO": "123750.0000", "PIN": "A-33-29-18-3TP-000049-00024.0", "TYPE": null, "SITE_ADDR": "3901 W Tacon St", "SITE_CITY": "Tampa", "SITE_ZIP": "33629", "DOR_C": "0100", "ACT": 1950, "EFF": 1988, "HEAT_AR": 1273, "ACREAGE": 0.13, "JUST": 371450, "BLDG": 115696, "S_DATE": 1781136000000, "AMT": 525000, "VI": "I", "STORIES": 1, "Shape__Area": 5498.415694854947}, "geometry": {"type": "Polygon", "coordinates": [[[-82.50817341141027, 27.9166771008432], [-82.50834329425471, 27.91667908658189], [-82.50834823211154, 27.916403957885382], [-82.50817788351628, 27.916401780750235], [-82.50817341141027, 27.9166771008432]]]}}, {"type": "Feature", "properties": {"OBJECTID": 425943, "FOLIO": "123791.0000", "PIN": "A-33-29-18-3TP-000052-00009.0", "TYPE": null, "SITE_ADDR": "3618 W Obispo St", "SITE_CITY": "Tampa", "SITE_ZIP": "33629", "DOR_C": "0100", "ACT": 2016, "EFF": 2020, "HEAT_AR": 3143, "ACREAGE": 0.12, "JUST": 988272, "BLDG": 712071, "S_DATE": 1478217600000, "AMT": 650000, "VI": "I", "STORIES": 2, "Shape__Area": 5136.344205973332}, "geometry": {"type": "Polygon", "coordinates": [[[-82.50324938594598, 27.91693223267317], [-82.5034058390708, 27.91693340182424], [-82.50340777882582, 27.916652470805744], [-82.50325319029845, 27.916650642396995], [-82.50324938594598, 27.91693223267317]]]}}, {"type": "Feature", "properties": {"OBJECTID": 425951, "FOLIO": "123797.0000", "PIN": "A-33-29-18-3TP-000052-00017.0", "TYPE": null, "SITE_ADDR": "3615 W Tacon St", "SITE_CITY": "Tampa", "SITE_ZIP": "33629", "DOR_C": "0100", "ACT": 1959, "EFF": 1992, "HEAT_AR": 1810, "ACREAGE": 0.12, "JUST": 429976, "BLDG": 156976, "S_DATE": 189302400000, "AMT": 25000, "VI": null, "STORIES": 1, "Shape__Area": 5122.03753260236}, "geometry": {"type": "Polygon", "coordinates": [[[-82.50325319029845, 27.916650642396995], [-82.50325608666475, 27.916366910390025], [-82.50310209285037, 27.916365520915388], [-82.50309950211468, 27.916648866476404], [-82.50325319029845, 27.916650642396995]]]}}, {"type": "Feature", "properties": {"OBJECTID": 426141, "FOLIO": "123961.0000", "PIN": "A-33-29-18-3TR-000010-00011.0", "TYPE": null, "SITE_ADDR": "4323 W Bay To Bay Blvd", "SITE_CITY": "Tampa", "SITE_ZIP": "33629", "DOR_C": "1217", "ACT": 1975, "EFF": 1987, "HEAT_AR": 3826, "ACREAGE": 0.13, "JUST": 613262, "BLDG": 613162, "S_DATE": null, "AMT": 0, "VI": null, "STORIES": 2, "Shape__Area": 5773.4935983056785}, "geometry": {"type": "Polygon", "coordinates": [[[-82.51730565144844, 27.92021793031902], [-82.51752632882197, 27.92022053872395], [-82.51752578665858, 27.919996369980762], [-82.5173069726766, 27.91999455230485], [-82.51730565144844, 27.92021793031902]]]}}, {"type": "Feature", "properties": {"OBJECTID": 426210, "FOLIO": "124048.0100", "PIN": "A-33-29-18-3TR-000017-00009.0", "TYPE": null, "SITE_ADDR": "4218 W Santiago St", "SITE_CITY": "Tampa", "SITE_ZIP": "33629", "DOR_C": "0100", "ACT": 1928, "EFF": 1996, "HEAT_AR": 1513, "ACREAGE": 0.17, "JUST": 660655, "BLDG": 317335, "S_DATE": 1623715200000, "AMT": 650000, "VI": "I", "STORIES": 1, "Shape__Area": 7520.986178296167}, "geometry": {"type": "Polygon", "coordinates": [[[-82.51554158393839, 27.91880250491529], [-82.51553835724192, 27.919076006465485], [-82.51577327137841, 27.91907771074101], [-82.51577494541041, 27.918804051667752], [-82.5156087167904, 27.91880296927746], [-82.51554158393839, 27.91880250491529]]]}}, {"type": "Feature", "properties": {"OBJECTID": 426236, "FOLIO": "124070.1000", "PIN": "A-33-29-18-3TR-000018-00018.0", "TYPE": null, "SITE_ADDR": "4113 W San Juan St", "SITE_CITY": "Tampa", "SITE_ZIP": "33629", "DOR_C": "0100", "ACT": 1989, "EFF": 2007, "HEAT_AR": 1609, "ACREAGE": 0.12, "JUST": 429548, "BLDG": 198548, "S_DATE": null, "AMT": 0, "VI": null, "STORIES": 1, "Shape__Area": 5013.177104827124}, "geometry": {"type": "Polygon", "coordinates": [[[-82.51322451156422, 27.91878786635372], [-82.51337955778472, 27.91878894005271], [-82.51338491063758, 27.91851317363322], [-82.51323014067425, 27.91851243099492], [-82.51322451156422, 27.91878786635372]]]}}, {"type": "Feature", "properties": {"OBJECTID": 426238, "FOLIO": "124072.0000", "PIN": "A-33-29-18-3TR-000018-00020.0", "TYPE": null, "SITE_ADDR": "4109 W San Juan St", "SITE_CITY": "Tampa", "SITE_ZIP": "33629", "DOR_C": "0100", "ACT": 1994, "EFF": 2010, "HEAT_AR": 2664, "ACREAGE": 0.15, "JUST": 794695, "BLDG": 498603, "S_DATE": 1003708800000, "AMT": 385000, "VI": "I", "STORIES": 2, "Shape__Area": 6647.352222765489}, "geometry": {"type": "Polygon", "coordinates": [[[-82.51279444517678, 27.91851036895693], [-82.51278846284995, 27.918784815677235], [-82.5129445392779, 27.91878590137216], [-82.51299702396915, 27.918786266333967], [-82.51299807931497, 27.918511342532852], [-82.51279444517678, 27.91851036895693]]]}}, {"type": "Feature", "properties": {"OBJECTID": 426469, "FOLIO": "124274.0100", "PIN": "A-33-29-18-3TR-000032-00009.0", "TYPE": null, "SITE_ADDR": "4318 W Obispo St", "SITE_CITY": "Tampa", "SITE_ZIP": "33629", "DOR_C": "0100", "ACT": 1991, "EFF": 2008, "HEAT_AR": 1327, "ACREAGE": 0.12, "JUST": 409427, "BLDG": 204917, "S_DATE": 1052092800000, "AMT": 230000, "VI": "I", "STORIES": 1, "Shape__Area": 5044.4561956004145}, "geometry": {"type": "Polygon", "coordinates": [[[-82.51758184631859, 27.91675409228276], [-82.51757774664722, 27.917025176921875], [-82.51773613764676, 27.917026011181697], [-82.5177405131498, 27.916755118621282], [-82.51758184631859, 27.91675409228276]]]}}, {"type": "Feature", "properties": {"OBJECTID": 426573, "FOLIO": "124367.0000", "PIN": "A-33-29-18-3TS-000039-00006.0", "TYPE": null, "SITE_ADDR": "4110 W San Luis St", "SITE_CITY": "Tampa", "SITE_ZIP": "33629", "DOR_C": "0100", "ACT": 1959, "EFF": 1992, "HEAT_AR": 1584, "ACREAGE": 0.21, "JUST": 560750, "BLDG": 167870, "S_DATE": 189302400000, "AMT": 35000, "VI": null, "STORIES": 1, "Shape__Area": 9208.365420541348}, "geometry": {"type": "Polygon", "coordinates": [[[-82.51312056950826, 27.91525443192666], [-82.51311331192512, 27.915592339377227], [-82.5133478450872, 27.915593912114936], [-82.51334983925787, 27.915255503579257], [-82.51333438809341, 27.915255423082154], [-82.51312056950826, 27.91525443192666]]]}}, {"type": "Feature", "properties": {"OBJECTID": 426609, "FOLIO": "124401.0000", "PIN": "A-33-29-18-3TS-000041-00009.0", "TYPE": null, "SITE_ADDR": "4318 W San Luis St", "SITE_CITY": "Tampa", "SITE_ZIP": "33629", "DOR_C": "0100", "ACT": 2020, "EFF": 2022, "HEAT_AR": 2902, "ACREAGE": 0.14, "JUST": 859443, "BLDG": 594352, "S_DATE": 1601424000000, "AMT": 743900, "VI": "I", "STORIES": 2, "Shape__Area": 6110.53564747544}, "geometry": {"type": "Polygon", "coordinates": [[[-82.5175950372542, 27.915275998097716], [-82.51759608154272, 27.91560606227654], [-82.51775143639665, 27.915606770779025], [-82.51775500359413, 27.915276661300872], [-82.5175950372542, 27.915275998097716]]]}}, {"type": "Feature", "properties": {"OBJECTID": 426613, "FOLIO": "124405.0000", "PIN": "A-33-29-18-3TS-000041-00014.0", "TYPE": null, "SITE_ADDR": "4307 W Leona St", "SITE_CITY": "Tampa", "SITE_ZIP": "33629", "DOR_C": "0100", "ACT": 2005, "EFF": 2015, "HEAT_AR": 3644, "ACREAGE": 0.21, "JUST": 1223294, "BLDG": 786004, "S_DATE": 1573776000000, "AMT": 835000, "VI": "I", "STORIES": 2, "Shape__Area": 9175.849923558584}, "geometry": {"type": "Polygon", "coordinates": [[[-82.51683429537357, 27.91493701485013], [-82.51683041503966, 27.915272791769205], [-82.51695142402947, 27.91527329973603], [-82.51706311396855, 27.915273760452465], [-82.51706727859248, 27.91493831455462], [-82.51683429537357, 27.91493701485013]]]}}, {"type": "Feature", "properties": {"OBJECTID": 426664, "FOLIO": "124452.0000", "PIN": "A-33-29-18-3TS-000045-00007.0", "TYPE": null, "SITE_ADDR": "4014 W Leona St", "SITE_CITY": "Tampa", "SITE_ZIP": "33629", "DOR_C": "0100", "ACT": 2019, "EFF": 2022, "HEAT_AR": 3844, "ACREAGE": 0.28, "JUST": 1492681, "BLDG": 949074, "S_DATE": 1540252800000, "AMT": 415400, "VI": "V", "STORIES": 2, "Shape__Area": 12115.260089266423}, "geometry": {"type": "Polygon", "coordinates": [[[-82.51154989937825, 27.914443523413546], [-82.51139271473026, 27.91444264955118], [-82.51123860525881, 27.91444179207313], [-82.51123654489685, 27.91477379379543], [-82.51154724855986, 27.914775059873836], [-82.51154989937825, 27.914443523413546]]]}}, {"type": "Feature", "properties": {"OBJECTID": 426730, "FOLIO": "124511.0000", "PIN": "A-33-29-18-3TS-000049-00007.0", "TYPE": null, "SITE_ADDR": "4316 W Corona St", "SITE_CITY": "Tampa", "SITE_ZIP": "33629", "DOR_C": "0100", "ACT": 1954, "EFF": 1990, "HEAT_AR": 1640, "ACREAGE": 0.18, "JUST": 543723, "BLDG": 155643, "S_DATE": 1500249600000, "AMT": 420000, "VI": "I", "STORIES": 1, "Shape__Area": 7888.469221191458}, "geometry": {"type": "Polygon", "coordinates": [[[-82.51760215557097, 27.91367827374259], [-82.51757242703636, 27.913678111993967], [-82.5173976295955, 27.913677118922674], [-82.5173955673686, 27.914004994769638], [-82.51760074287911, 27.914006314092664], [-82.51760215557097, 27.91367827374259]]]}}, {"type": "Feature", "properties": {"OBJECTID": 426755, "FOLIO": "124535.0000", "PIN": "A-33-29-18-3TS-000052-00007.0", "TYPE": null, "SITE_ADDR": "4212 W Sevilla St", "SITE_CITY": "Tampa", "SITE_ZIP": "33629", "DOR_C": "0100", "ACT": 2007, "EFF": 2016, "HEAT_AR": 4940, "ACREAGE": 0.21, "JUST": 1738030, "BLDG": 1311764, "S_DATE": 1311638400000, "AMT": 899000, "VI": "I", "STORIES": 2, "Shape__Area": 9082.773543694355}, "geometry": {"type": "Polygon", "coordinates": [[[-82.51530307793375, 27.91320169793842], [-82.51553980417077, 27.913202818414536], [-82.51554403650324, 27.91287444076353], [-82.51530951033101, 27.91287353044309], [-82.51530307793375, 27.91320169793842]]]}}, {"type": "Feature", "properties": {"OBJECTID": 427017, "FOLIO": "124816.0000", "PIN": "A-33-29-18-3TW-000000-00026.0", "TYPE": null, "SITE_ADDR": "3614 W Vasconia St", "SITE_CITY": "Tampa", "SITE_ZIP": "33629", "DOR_C": "0100", "ACT": 2010, "EFF": 2018, "HEAT_AR": 3777, "ACREAGE": 0.27, "JUST": 1671299, "BLDG": 1059717, "S_DATE": 228700800000, "AMT": 31000, "VI": "I", "STORIES": 2, "Shape__Area": 11841.359092757013}, "geometry": {"type": "Polygon", "coordinates": [[[-82.50350831801269, 27.911915639949637], [-82.50350267756619, 27.912369203800285], [-82.50372522063337, 27.912370342281683], [-82.50372825508128, 27.912112278757245], [-82.50373055032557, 27.911917000658285], [-82.50365100266026, 27.91191652080081], [-82.50350831801269, 27.911915639949637]]]}}, {"type": "Feature", "properties": {"OBJECTID": 427279, "FOLIO": "125098.0000", "PIN": "A-33-29-18-3TZ-000000-00111.0", "TYPE": null, "SITE_ADDR": "3614 S Church Ave", "SITE_CITY": "Tampa", "SITE_ZIP": "33629", "DOR_C": "0100", "ACT": 1948, "EFF": 1986, "HEAT_AR": 1208, "ACREAGE": 0.21, "JUST": 427345, "BLDG": 101407, "S_DATE": 612662400000, "AMT": 66500, "VI": "I", "STORIES": 1, "Shape__Area": 9306.139740905512}, "geometry": {"type": "Polygon", "coordinates": [[[-82.5077585845817, 27.9091758449338], [-82.50773174222664, 27.90919112334846], [-82.50767932987488, 27.90922353805641], [-82.50763072400245, 27.909260337086263], [-82.50758638720922, 27.90930116950366], [-82.50754606525035, 27.909345321537483], [-82.50751115778685, 27.90939297393312], [-82.5078050704898, 27.909545851888204], [-82.50782936587832, 27.9095139739207], [-82.50785813828551, 27.90948518555604], [-82.50789089428415, 27.909459980425723], [-82.5079270741208, 27.909438788334448], [-82.5077585845817, 27.9091758449338]]]}}, {"type": "Feature", "properties": {"OBJECTID": 427336, "FOLIO": "125185.0000", "PIN": "A-33-29-18-3U0-000000-00029.0", "TYPE": null, "SITE_ADDR": "3620 W El Prado Blvd", "SITE_CITY": "Tampa", "SITE_ZIP": "33629", "DOR_C": "0100", "ACT": 2017, "EFF": 2021, "HEAT_AR": 3929, "ACREAGE": 0.22, "JUST": 1365430, "BLDG": 840534, "S_DATE": 1714521600000, "AMT": 1750000, "VI": "I", "STORIES": 1, "Shape__Area": 9652.589022811117}, "geometry": {"type": "Polygon", "coordinates": [[[-82.5036750042132, 27.91105134304926], [-82.5036740728659, 27.91135159850475], [-82.50394646744613, 27.911352994782874], [-82.50395018258892, 27.911052756223345], [-82.5036750042132, 27.91105134304926]]]}}, {"type": "Feature", "properties": {"OBJECTID": 427353, "FOLIO": "125203.0000", "PIN": "A-33-29-18-3U0-000000-00062.0", "TYPE": null, "SITE_ADDR": "3714 W Kensington Ave", "SITE_CITY": "Tampa", "SITE_ZIP": "33629", "DOR_C": "0100", "ACT": 1954, "EFF": 2004, "HEAT_AR": 2092, "ACREAGE": 0.17, "JUST": 749560, "BLDG": 372380, "S_DATE": 1359590400000, "AMT": 298000, "VI": "I", "STORIES": 1, "Shape__Area": 7207.10845428551}, "geometry": {"type": "Polygon", "coordinates": [[[-82.50528490632466, 27.910596732355895], [-82.50546967107209, 27.910598281824623], [-82.5054728918405, 27.910265587023098], [-82.50528905230131, 27.91026342864066], [-82.50528490632466, 27.910596732355895]]]}}, {"type": "Feature", "properties": {"OBJECTID": 427411, "FOLIO": "125272.0050", "PIN": "A-33-29-18-3U0-000000-00140.1", "TYPE": null, "SITE_ADDR": "3615 S Himes Ave", "SITE_CITY": "Tampa", "SITE_ZIP": "33629", "DOR_C": "0100", "ACT": 2015, "EFF": 2020, "HEAT_AR": 2440, "ACREAGE": 0.12, "JUST": 818525, "BLDG": 565514, "S_DATE": 1569283200000, "AMT": 507000, "VI": "I", "STORIES": 2, "Shape__Area": 5420.614939915102}, "geometry": {"type": "Polygon", "coordinates": [[[-82.50207638712071, 27.90890583842824], [-82.5020744329754, 27.9090667360918], [-82.50236150725107, 27.909070420223745], [-82.50236305868515, 27.908909519516353], [-82.50207638712071, 27.90890583842824]]]}}, {"type": "Feature", "properties": {"OBJECTID": 427416, "FOLIO": "125275.0000", "PIN": "A-33-29-18-3U0-000000-00145.0", "TYPE": null, "SITE_ADDR": "3616 E Sterling Cir", "SITE_CITY": "Tampa", "SITE_ZIP": "33629", "DOR_C": "0100", "ACT": 1949, "EFF": 2002, "HEAT_AR": 1615, "ACREAGE": 0.31, "JUST": 761401, "BLDG": 164653, "S_DATE": 607392000000, "AMT": 55000, "VI": "I", "STORIES": 1, "Shape__Area": 13687.70664142432}, "geometry": {"type": "Polygon", "coordinates": [[[-82.50299247732472, 27.90907854215874], [-82.50269453383953, 27.90907470587921], [-82.50252802055829, 27.909072566310535], [-82.50242619273936, 27.909071257347108], [-82.50242333107883, 27.909302755986577], [-82.50286679148712, 27.9093113960279], [-82.50290256856438, 27.909231249289746], [-82.50294453200432, 27.909153505650796], [-82.50299247732472, 27.90907854215874]]]}}, {"type": "Feature", "properties": {"OBJECTID": 427474, "FOLIO": "125324.0000", "PIN": "A-33-29-18-3U2-000002-00004.0", "TYPE": null, "SITE_ADDR": "3604 W Leona St", "SITE_CITY": "Tampa", "SITE_ZIP": "33629", "DOR_C": "0000", "ACT": 0, "EFF": 0, "HEAT_AR": 0, "ACREAGE": 0.19, "JUST": 413127, "BLDG": 0, "S_DATE": 1045180800000, "AMT": 185000, "VI": "I", "STORIES": 0, "Shape__Area": 8209.364119745864}, "geometry": {"type": "Polygon", "coordinates": [[[-82.50248625670946, 27.91476323951868], [-82.50272212271749, 27.914765183762377], [-82.50272396477136, 27.91446734448356], [-82.50249057598326, 27.914465143940536], [-82.50248625670946, 27.91476323951868]]]}}, {"type": "Feature", "properties": {"OBJECTID": 427572, "FOLIO": "125419.0000", "PIN": "A-33-29-18-3U3-000005-00010.0", "TYPE": null, "SITE_ADDR": "3822 W Corona St", "SITE_CITY": "Tampa", "SITE_ZIP": "33629", "DOR_C": "0100", "ACT": 2023, "EFF": 2024, "HEAT_AR": 3895, "ACREAGE": 0.21, "JUST": 1430633, "BLDG": 992693, "S_DATE": 1785110400000, "AMT": 2350000, "VI": "I", "STORIES": 2, "Shape__Area": 8937.000158305944}, "geometry": {"type": "Polygon", "coordinates": [[[-82.50760212950044, 27.91394870539499], [-82.50783177626514, 27.913951902832984], [-82.50783465597216, 27.913620612714432], [-82.50760500990367, 27.913617196887845], [-82.50760212950044, 27.91394870539499]]]}}, {"type": "Feature", "properties": {"OBJECTID": 427852, "FOLIO": "125553.0000", "PIN": "A-27-29-18-3U4-000003-00002.0", "TYPE": null, "SITE_ADDR": "3004 W Neptune St", "SITE_CITY": "Tampa", "SITE_ZIP": "33629", "DOR_C": "0100", "ACT": 1955, "EFF": 1990, "HEAT_AR": 906, "ACREAGE": 0.11, "JUST": 367654, "BLDG": 138123, "S_DATE": 1317859200000, "AMT": 164000, "VI": "I", "STORIES": 1, "Shape__Area": 5008.267411393058}, "geometry": {"type": "Polygon", "coordinates": [[[-82.49225433774022, 27.929964065713715], [-82.49240936815993, 27.929964170272772], [-82.49241558629315, 27.929689559307704], [-82.49225990613672, 27.92968948414673], [-82.49225433774022, 27.929964065713715]]]}}, {"type": "Feature", "properties": {"OBJECTID": 427905, "FOLIO": "125601.0000", "PIN": "A-27-29-18-3U4-000007-00003.0", "TYPE": null, "SITE_ADDR": "2806 W Estrella St", "SITE_CITY": "Tampa", "SITE_ZIP": "33629", "DOR_C": "0100", "ACT": 1925, "EFF": 1975, "HEAT_AR": 1446, "ACREAGE": 0.11, "JUST": 474059, "BLDG": 245257, "S_DATE": 1180569600000, "AMT": 445000, "VI": "I", "STORIES": 1, "Shape__Area": 4976.611976151972}, "geometry": {"type": "Polygon", "coordinates": [[[-82.48966127773025, 27.92858696367807], [-82.48981695759329, 27.928587317028175], [-82.48982204396367, 27.928313755085128], [-82.48966763293984, 27.92831372750915], [-82.48966127773025, 27.92858696367807]]]}}, {"type": "Feature", "properties": {"OBJECTID": 428000, "FOLIO": "125688.0000", "PIN": "A-27-29-18-3U4-000014-00006.0", "TYPE": null, "SITE_ADDR": "2912 W Angeles St", "SITE_CITY": "Tampa", "SITE_ZIP": "33629", "DOR_C": "0100", "ACT": 1925, "EFF": 1995, "HEAT_AR": 1716, "ACREAGE": 0.11, "JUST": 614930, "BLDG": 381509, "S_DATE": 1621382400000, "AMT": 724500, "VI": "I", "STORIES": 1, "Shape__Area": 5003.454877254257}, "geometry": {"type": "Polygon", "coordinates": [[[-82.49154757987564, 27.927215808213436], [-82.49170198762556, 27.927216136015907], [-82.49170789179254, 27.926940012733596], [-82.4915536387394, 27.92693965640723], [-82.49154757987564, 27.927215808213436]]]}}, {"type": "Feature", "properties": {"OBJECTID": 428247, "FOLIO": "125906.0000", "PIN": "A-34-29-18-3U4-000036-00003.0", "TYPE": null, "SITE_ADDR": "3505 W Palmira Ave", "SITE_CITY": "Tampa", "SITE_ZIP": "33629", "DOR_C": "0100", "ACT": 1940, "EFF": 2000, "HEAT_AR": 1163, "ACREAGE": 0.12, "JUST": 436171, "BLDG": 157420, "S_DATE": 1350864000000, "AMT": 250800, "VI": "I", "STORIES": 1, "Shape__Area": 5019.065405111263}, "geometry": {"type": "Polygon", "coordinates": [[[-82.5008110829062, 27.922854124091497], [-82.5009648993832, 27.922854940043294], [-82.50096782735848, 27.922576791392327], [-82.50081432177748, 27.92257589219021], [-82.5008110829062, 27.922854124091497]]]}}, {"type": "Feature", "properties": {"OBJECTID": 428287, "FOLIO": "125940.0000", "PIN": "A-34-29-18-3U4-000039-00004.0", "TYPE": null, "SITE_ADDR": "3308 W Palmira Ave", "SITE_CITY": "Tampa", "SITE_ZIP": "33629", "DOR_C": "0100", "ACT": 1925, "EFF": 1975, "HEAT_AR": 1384, "ACREAGE": 0.11, "JUST": 434648, "BLDG": 161480, "S_DATE": null, "AMT": 0, "VI": null, "STORIES": 1, "Shape__Area": 4968.191546090088}, "geometry": {"type": "Polygon", "coordinates": [[[-82.49754598297191, 27.922143169793788], [-82.49754623556126, 27.92240782854376], [-82.49770503567888, 27.92240862833636], [-82.49770691898188, 27.922143905923402], [-82.49754598297191, 27.922143169793788]]]}}, {"type": "Feature", "properties": {"OBJECTID": 428300, "FOLIO": "125952.0000", "PIN": "A-34-29-18-3U4-000039-00017.0", "TYPE": null, "SITE_ADDR": "3307 W Barcelona St", "SITE_CITY": "Tampa", "SITE_ZIP": "33629", "DOR_C": "0100", "ACT": 2004, "EFF": 2014, "HEAT_AR": 3022, "ACREAGE": 0.17, "JUST": 1249499, "BLDG": 800979, "S_DATE": 1481241600000, "AMT": 850000, "VI": "I", "STORIES": 2, "Shape__Area": 7507.803401111427}, "geometry": {"type": "Polygon", "coordinates": [[[-82.49747335815685, 27.921870905184345], [-82.49747200304431, 27.922142831469603], [-82.49754598297191, 27.922143169793788], [-82.49770691898188, 27.922143905923402], [-82.49770889500452, 27.921872142539442], [-82.49747335815685, 27.921870905184345]]]}}, {"type": "Feature", "properties": {"OBJECTID": 428305, "FOLIO": "125957.0000", "PIN": "A-34-29-18-3U4-000040-00004.0", "TYPE": null, "SITE_ADDR": "3208 W Palmira Ave", "SITE_CITY": "Tampa", "SITE_ZIP": "33629", "DOR_C": "0100", "ACT": 1920, "EFF": 1994, "HEAT_AR": 1548, "ACREAGE": 0.11, "JUST": 541712, "BLDG": 267856, "S_DATE": 977961600000, "AMT": 207000, "VI": "I", "STORIES": 1, "Shape__Area": 4861.56237625684}, "geometry": {"type": "Polygon", "coordinates": [[[-82.49584334862776, 27.922397080209997], [-82.49600060044288, 27.9223978875413], [-82.49600187131341, 27.922133855859027], [-82.49584542590482, 27.92213312864483], [-82.49584334862776, 27.922397080209997]]]}}, {"type": "Feature", "properties": {"OBJECTID": 428384, "FOLIO": "126036.0000", "PIN": "A-34-29-18-3U4-000045-00016.0", "TYPE": null, "SITE_ADDR": "3209 W Granada St", "SITE_CITY": "Tampa", "SITE_ZIP": "33629", "DOR_C": "0100", "ACT": 1946, "EFF": 1986, "HEAT_AR": 1341, "ACREAGE": 0.11, "JUST": 385073, "BLDG": 115073, "S_DATE": 476064000000, "AMT": 37000, "VI": "I", "STORIES": 1, "Shape__Area": 4925.617347077198}, "geometry": {"type": "Polygon", "coordinates": [[[-82.49603855697472, 27.921451665495194], [-82.49619221532525, 27.92145232222374], [-82.49619499548719, 27.921179839386642], [-82.49604084188717, 27.92117899312942], [-82.49603855697472, 27.921451665495194]]]}}, {"type": "Feature", "properties": {"OBJECTID": 428396, "FOLIO": "126046.0200", "PIN": "A-34-29-18-3U4-000046-00009.0", "TYPE": null, "SITE_ADDR": "3318 W Barcelona St", "SITE_CITY": "Tampa", "SITE_ZIP": "33629", "DOR_C": "0100", "ACT": 1988, "EFF": 2014, "HEAT_AR": 2240, "ACREAGE": 0.11, "JUST": 832457, "BLDG": 544774, "S_DATE": 1685491200000, "AMT": 1197000, "VI": "I", "STORIES": 2, "Shape__Area": 4882.238448875099}, "geometry": {"type": "Polygon", "coordinates": [[[-82.4985102132768, 27.92173230286419], [-82.49851247424395, 27.921462408239844], [-82.49835847557176, 27.92146175623368], [-82.49835605967475, 27.921731624347196], [-82.4985102132768, 27.92173230286419]]]}}, {"type": "Feature", "properties": {"OBJECTID": 428585, "FOLIO": "126225.0500", "PIN": "A-34-29-18-3U4-000061-00019.0", "TYPE": null, "SITE_ADDR": "3403 Santiago St", "SITE_CITY": "Tampa", "SITE_ZIP": "33629", "DOR_C": "0800", "ACT": 1967, "EFF": 2008, "HEAT_AR": 4380, "ACREAGE": 0.12, "JUST": 967836, "BLDG": 557926, "S_DATE": 515289600000, "AMT": 132500, "VI": "I", "STORIES": 2, "Shape__Area": 5048.757770785442}, "geometry": {"type": "Polygon", "coordinates": [[[-82.4989985264627, 27.919110446197553], [-82.49899731519035, 27.919386113454173], [-82.49915298324265, 27.919386785797254], [-82.49915484443603, 27.91911114416287], [-82.4989985264627, 27.919110446197553]]]}}, {"type": "Feature", "properties": {"OBJECTID": 428674, "FOLIO": "126314.0100", "PIN": "A-34-29-18-3U4-000069-00013.0", "TYPE": null, "SITE_ADDR": "3507 W San Juan St", "SITE_CITY": "Tampa", "SITE_ZIP": "33629", "DOR_C": "0800", "ACT": 1979, "EFF": 2002, "HEAT_AR": 1564, "ACREAGE": 0.12, "JUST": 476198, "BLDG": 189398, "S_DATE": 720576000000, "AMT": 65000, "VI": "I", "STORIES": 1, "Shape__Area": 5180.032889300652}, "geometry": {"type": "Polygon", "coordinates": [[[-82.50102056708457, 27.918431051949344], [-82.50101794078843, 27.91870785146293], [-82.50117732507672, 27.918708508914115], [-82.501179949951, 27.918431709406494], [-82.50102056708457, 27.918431051949344]]]}}, {"type": "Feature", "properties": {"OBJECTID": 428706, "FOLIO": "126346.0000", "PIN": "A-34-29-18-3U4-000074-00001.0", "TYPE": null, "SITE_ADDR": "3104 W San Juan St", "SITE_CITY": "Tampa", "SITE_ZIP": "33629", "DOR_C": "0800", "ACT": 1973, "EFF": 2009, "HEAT_AR": 3030, "ACREAGE": 0.28, "JUST": 1040128, "BLDG": 559403, "S_DATE": 1757030400000, "AMT": 1310000, "VI": "I", "STORIES": 3, "Shape__Area": 12069.919701902241}, "geometry": {"type": "Polygon", "coordinates": [[[-82.49465898119813, 27.91799080728972], [-82.49458460380072, 27.91799046610813], [-82.49437310318241, 27.917989498042477], [-82.49419673348413, 27.91826364883992], [-82.49465853000277, 27.918265811358932], [-82.49465898119813, 27.91799080728972]]]}}, {"type": "Feature", "properties": {"OBJECTID": 428737, "FOLIO": "126367.0000", "PIN": "A-34-29-18-3U4-000076-00018.0", "TYPE": null, "SITE_ADDR": "3205 Obispo St", "SITE_CITY": "Tampa", "SITE_ZIP": "33629", "DOR_C": "0100", "ACT": 2012, "EFF": 2018, "HEAT_AR": 2924, "ACREAGE": 0.12, "JUST": 843645, "BLDG": 530906, "S_DATE": 1350345600000, "AMT": 540000, "VI": "I", "STORIES": 2, "Shape__Area": 5085.265221062062}, "geometry": {"type": "Polygon", "coordinates": [[[-82.49575412066008, 27.91730276618462], [-82.49591179889903, 27.91730357305423], [-82.49591274483494, 27.91702925392815], [-82.49575460412682, 27.917028532644593], [-82.49575412066008, 27.91730276618462]]]}}, {"type": "Feature", "properties": {"OBJECTID": 428962, "FOLIO": "126527.0000", "PIN": "A-34-29-18-3UI-000066-00002.0", "TYPE": null, "SITE_ADDR": "3204 W Santiago St", "SITE_CITY": "Tampa", "SITE_ZIP": "33629", "DOR_C": "0100", "ACT": 1925, "EFF": 1995, "HEAT_AR": 1549, "ACREAGE": 0.12, "JUST": 572417, "BLDG": 274468, "S_DATE": 1213660800000, "AMT": 320000, "VI": "I", "STORIES": 1, "Shape__Area": 5061.293251019986}, "geometry": {"type": "Polygon", "coordinates": [[[-82.49559806919989, 27.91896200719534], [-82.49575435487787, 27.918962571068754], [-82.4957533085915, 27.918685730612214], [-82.49559822971183, 27.918685051395496], [-82.49559806919989, 27.91896200719534]]]}}, {"type": "Feature", "properties": {"OBJECTID": 428964, "FOLIO": "126528.1000", "PIN": "A-34-29-18-3UI-000066-00004.0", "TYPE": null, "SITE_ADDR": "3208 W Santiago St 2", "SITE_CITY": "Tampa", "SITE_ZIP": "33629", "DOR_C": "0000", "ACT": 0, "EFF": 0, "HEAT_AR": 0, "ACREAGE": 0.12, "JUST": 270000, "BLDG": 0, "S_DATE": 1597363200000, "AMT": 400000, "VI": "I", "STORIES": 0, "Shape__Area": 5085.3404561893685}, "geometry": {"type": "Polygon", "coordinates": [[[-82.49590478874939, 27.91896312875793], [-82.49598712738194, 27.91896340807009], [-82.49606138427956, 27.918963691167576], [-82.49606188633773, 27.918687036456873], [-82.49598759801638, 27.918686727301058], [-82.49590541464543, 27.918686363503845], [-82.49590478874939, 27.91896312875793]]]}}, {"type": "Feature", "properties": {"OBJECTID": 428969, "FOLIO": "126531.0000", "PIN": "A-34-29-18-3UI-000066-00008.0", "TYPE": null, "SITE_ADDR": "3216 Santiago St", "SITE_CITY": "Tampa", "SITE_ZIP": "33629", "DOR_C": "0800", "ACT": 1926, "EFF": 1976, "HEAT_AR": 3454, "ACREAGE": 0.12, "JUST": 629512, "BLDG": 216975, "S_DATE": 1112572800000, "AMT": 400000, "VI": "I", "STORIES": 2, "Shape__Area": 5111.296118022733}, "geometry": {"type": "Polygon", "coordinates": [[[-82.49652813632272, 27.918965389168193], [-82.49668569303299, 27.918965975378438], [-82.49668891892891, 27.918689696190164], [-82.49653139474921, 27.918689026840575], [-82.49652813632272, 27.918965389168193]]]}}, {"type": "Feature", "properties": {"OBJECTID": 429011, "FOLIO": "126563.0100", "PIN": "A-34-29-18-3UI-000072-00008.0", "TYPE": null, "SITE_ADDR": "3316 W San Juan St", "SITE_CITY": "Tampa", "SITE_ZIP": "33629", "DOR_C": "0800", "ACT": 1975, "EFF": 2000, "HEAT_AR": 1392, "ACREAGE": 0.11, "JUST": 440265, "BLDG": 159634, "S_DATE": null, "AMT": 0, "VI": null, "STORIES": 1, "Shape__Area": 4988.823438091847}, "geometry": {"type": "Polygon", "coordinates": [[[-82.49823635199465, 27.91828267690374], [-82.49839019110583, 27.91828341178567], [-82.49839341646478, 27.918007737189793], [-82.49823898966156, 27.918007032408084], [-82.49823635199465, 27.91828267690374]]]}}, {"type": "Feature", "properties": {"OBJECTID": 429029, "FOLIO": "126580.0000", "PIN": "A-34-29-18-3UI-000073-00007.0", "TYPE": null, "SITE_ADDR": "3214 W San Juan St", "SITE_CITY": "Tampa", "SITE_ZIP": "33629", "DOR_C": "0100", "ACT": 2018, "EFF": 2022, "HEAT_AR": 2241, "ACREAGE": 0.12, "JUST": 726076, "BLDG": 456076, "S_DATE": 1331856000000, "AMT": 200000, "VI": "I", "STORIES": 2, "Shape__Area": 5430.325893359475}, "geometry": {"type": "Polygon", "coordinates": [[[-82.49637101686962, 27.91827391253162], [-82.49653937893237, 27.918274707246372], [-82.49654183738917, 27.917999365697316], [-82.49637424898664, 27.917998596168783], [-82.49637101686962, 27.91827391253162]]]}}, {"type": "Feature", "properties": {"OBJECTID": 429062, "FOLIO": "126613.0000", "PIN": "A-34-29-18-3UJ-000000-00027.0", "TYPE": null, "SITE_ADDR": "3407 Leona St", "SITE_CITY": "Tampa", "SITE_ZIP": "33629", "DOR_C": "0100", "ACT": 1949, "EFF": 1987, "HEAT_AR": 1146, "ACREAGE": 0.23, "JUST": 602550, "BLDG": 101358, "S_DATE": 1769990400000, "AMT": 750000, "VI": "I", "STORIES": 1, "Shape__Area": 9955.371084218004}, "geometry": {"type": "Polygon", "coordinates": [[[-82.49942007410989, 27.91488855732035], [-82.49941751519896, 27.915214538284538], [-82.49967836718496, 27.915215816902833], [-82.49967937585444, 27.91488978832129], [-82.49942007410989, 27.91488855732035]]]}}, {"type": "Feature", "properties": {"OBJECTID": 429131, "FOLIO": "126676.0000", "PIN": "A-34-29-18-3UJ-000000-00112.0", "TYPE": null, "SITE_ADDR": "3314 W Corona St", "SITE_CITY": "Tampa", "SITE_ZIP": "33629", "DOR_C": "0100", "ACT": 1950, "EFF": 2002, "HEAT_AR": 2346, "ACREAGE": 0.24, "JUST": 893742, "BLDG": 391257, "S_DATE": 1434067200000, "AMT": 425000, "VI": "I", "STORIES": 1, "Shape__Area": 10594.978477564895}, "geometry": {"type": "Polygon", "coordinates": [[[-82.49817584843363, 27.9139468656775], [-82.4984450228513, 27.91394776011342], [-82.49844899329076, 27.913611488259633], [-82.4981820142506, 27.913609980365646], [-82.49817584843363, 27.9139468656775]]]}}, {"type": "Feature", "properties": {"OBJECTID": 429147, "FOLIO": "126692.0000", "PIN": "A-34-29-18-3UJ-000000-00141.0", "TYPE": null, "SITE_ADDR": "3406 Corona St", "SITE_CITY": "Tampa", "SITE_ZIP": "33629", "DOR_C": "0100", "ACT": 2010, "EFF": 2018, "HEAT_AR": 3366, "ACREAGE": 0.24, "JUST": 1258482, "BLDG": 714631, "S_DATE": null, "AMT": 0, "VI": null, "STORIES": 2, "Shape__Area": 10289.952992032018}, "geometry": {"type": "Polygon", "coordinates": [[[-82.49942716006075, 27.913950961597056], [-82.49969017410132, 27.913951848858378], [-82.49969235689345, 27.913618471212867], [-82.49943011497231, 27.91361697653193], [-82.49942716006075, 27.913950961597056]]]}}, {"type": "Feature", "properties": {"OBJECTID": 429281, "FOLIO": "126814.0000", "PIN": "A-34-29-18-3UL-000000-00089.0", "TYPE": null, "SITE_ADDR": "3403 W Kensington Ave", "SITE_CITY": "Tampa", "SITE_ZIP": "33629", "DOR_C": "0100", "ACT": 1960, "EFF": 1992, "HEAT_AR": 1347, "ACREAGE": 0.15, "JUST": 504869, "BLDG": 157290, "S_DATE": -152668800000, "AMT": 12500, "VI": "I", "STORIES": 1, "Shape__Area": 6492.995826364317}, "geometry": {"type": "Polygon", "coordinates": [[[-82.500038272267, 27.910727571820225], [-82.50003988552608, 27.911031092083554], [-82.50021904627707, 27.911032366616336], [-82.50022362634071, 27.910729099111773], [-82.500038272267, 27.910727571820225]]]}}, {"type": "Feature", "properties": {"OBJECTID": 429332, "FOLIO": "126871.0000", "PIN": "A-34-29-18-3UM-000000-00030.0", "TYPE": null, "SITE_ADDR": "3121 W Kensington Ave", "SITE_CITY": "Tampa", "SITE_ZIP": "33629", "DOR_C": "0100", "ACT": 1926, "EFF": 1995, "HEAT_AR": 3608, "ACREAGE": 0.3, "JUST": 1263734, "BLDG": 570197, "S_DATE": 1542326400000, "AMT": 1000000, "VI": "I", "STORIES": 2, "Shape__Area": 12927.750922264146}, "geometry": {"type": "Polygon", "coordinates": [[[-82.49626939019025, 27.910659315560963], [-82.49626581256507, 27.910981200752627], [-82.49635677805381, 27.91098106439977], [-82.49654565649665, 27.91098079354934], [-82.49660987461598, 27.910980701078348], [-82.49660973653953, 27.91065910451585], [-82.49626939019025, 27.910659315560963]]]}}, {"type": "Feature", "properties": {"OBJECTID": 429508, "FOLIO": "127048.0100", "PIN": "A-34-29-18-3UN-000000-00070.1", "TYPE": null, "SITE_ADDR": "3117 W El Prado Blvd", "SITE_CITY": "Tampa", "SITE_ZIP": "33629", "DOR_C": "0100", "ACT": 2013, "EFF": 2019, "HEAT_AR": 2489, "ACREAGE": 0.17, "JUST": 1046161, "BLDG": 631413, "S_DATE": 1702944000000, "AMT": 1390000, "VI": "I", "STORIES": 2, "Shape__Area": 7236.496797755232}, "geometry": {"type": "Polygon", "coordinates": [[[-82.49533963334977, 27.911605511106174], [-82.49533653173965, 27.911937268763165], [-82.49552231279849, 27.911937074507044], [-82.49552541399794, 27.91160535114435], [-82.49533963334977, 27.911605511106174]]]}}, {"type": "Feature", "properties": {"OBJECTID": 429533, "FOLIO": "127072.0800", "PIN": "A-34-29-18-3UO-000000-00001.8", "TYPE": null, "SITE_ADDR": "2917 W Santiago St", "SITE_CITY": "Tampa", "SITE_ZIP": "33629", "DOR_C": "0106", "ACT": 1979, "EFF": 2002, "HEAT_AR": 1088, "ACREAGE": 0.03, "JUST": 342643, "BLDG": 308379, "S_DATE": 294364800000, "AMT": 38000, "VI": "I", "STORIES": 2, "Shape__Area": 1375.6564335010742}, "geometry": {"type": "Polygon", "coordinates": [[[-82.49122349829861, 27.91860652180041], [-82.49122112608741, 27.9188490756451], [-82.49126915862269, 27.918850252568888], [-82.49127183433582, 27.918606540747437], [-82.49122349829861, 27.91860652180041]]]}}, {"type": "Feature", "properties": {"OBJECTID": 429651, "FOLIO": "127111.0000", "PIN": "A-34-29-18-3UQ-000003-00011.1", "TYPE": null, "SITE_ADDR": "3424 S Macdill Ave", "SITE_CITY": "Tampa", "SITE_ZIP": "33629", "DOR_C": "7503", "ACT": 1965, "EFF": 1995, "HEAT_AR": 27418, "ACREAGE": 1.08, "JUST": 4307400, "BLDG": 4307300, "S_DATE": null, "AMT": 0, "VI": null, "STORIES": 6, "Shape__Area": 46953.381833953004}, "geometry": {"type": "Polygon", "coordinates": [[[-82.49361508843212, 27.911905283629597], [-82.493136747773, 27.911902157748813], [-82.49313280005252, 27.912192193490082], [-82.49304043181198, 27.912191700150697], [-82.49297413836669, 27.9121913047692], [-82.49291090899105, 27.912190954343842], [-82.49285018788194, 27.912190621989698], [-82.49278760864878, 27.912190268279733], [-82.49270580058376, 27.912189819065716], [-82.49269586007871, 27.912189772492994], [-82.4926850247618, 27.91246348380514], [-82.49283364761779, 27.912462722151346], [-82.49291724796994, 27.912462293143058], [-82.49301757652512, 27.912468321464452], [-82.4930846728788, 27.912468760875573], [-82.49315898316244, 27.912469247528787], [-82.49323515654366, 27.912469731081952], [-82.4933113289049, 27.912470213694224], [-82.49346565683356, 27.91247122763914], [-82.49362370089294, 27.912472256072274], [-82.49362763756197, 27.91192097136636], [-82.49361490435759, 27.91191933578639], [-82.49361508843212, 27.911905283629597]]]}}, {"type": "Feature", "properties": {"OBJECTID": 430069, "FOLIO": "127231.0000", "PIN": "A-34-29-18-3V4-000000-00004.0", "TYPE": null, "SITE_ADDR": "2908 W Euclid Ave", "SITE_CITY": "Tampa", "SITE_ZIP": "33629", "DOR_C": "0100", "ACT": 2006, "EFF": 2016, "HEAT_AR": 5010, "ACREAGE": 0.28, "JUST": 2041938, "BLDG": 1400059, "S_DATE": 1285632000000, "AMT": 915000, "VI": "I", "STORIES": 2, "Shape__Area": 12116.938514227275}, "geometry": {"type": "Polygon", "coordinates": [[[-82.49105624668034, 27.9082711250784], [-82.4910540105466, 27.90860578922064], [-82.49136110989926, 27.908607714845957], [-82.49136488666063, 27.908272048947342], [-82.49129782038206, 27.908271847707258], [-82.49114387267088, 27.908271380396304], [-82.49105624668034, 27.9082711250784]]]}}, {"type": "Feature", "properties": {"OBJECTID": 430483, "FOLIO": "127264.8172", "PIN": "A-34-29-18-B3M-000000-00001.0", "TYPE": null, "SITE_ADDR": "2802 W Barcelona St", "SITE_CITY": "Tampa", "SITE_ZIP": "33629", "DOR_C": "0106", "ACT": 2019, "EFF": 2022, "HEAT_AR": 3541, "ACREAGE": 0.09, "JUST": 1448177, "BLDG": 1269469, "S_DATE": 1577664000000, "AMT": 1509400, "VI": "I", "STORIES": 4, "Shape__Area": 4111.778493346703}, "geometry": {"type": "Polygon", "coordinates": [[[-82.48985714742308, 27.92057302281801], [-82.48986166529149, 27.9205621904212], [-82.48991798636244, 27.92042716410063], [-82.48991971913325, 27.920423010444477], [-82.48992874581108, 27.920401370043734], [-82.48979396048867, 27.92035886106304], [-82.4897182873736, 27.920416744709783], [-82.48967686869962, 27.920448424991907], [-82.48967126129932, 27.920453526416438], [-82.48966672721185, 27.920459409125474], [-82.48966340076754, 27.920465897573358], [-82.48966138166969, 27.920472797386804], [-82.48966072893164, 27.92047990260576], [-82.48966146395277, 27.92048700198934], [-82.48966356342744, 27.920493883553174], [-82.48966696445298, 27.92050034086799], [-82.48967156761408, 27.920506181170584], [-82.48967723294756, 27.92051123169489], [-82.48968379213333, 27.920515339628817], [-82.48969105057938, 27.920518383838072], [-82.48973370847543, 27.92053241632935], [-82.48985714742308, 27.92057302281801]]]}}, {"type": "Feature", "properties": {"OBJECTID": 430789, "FOLIO": "127411.0000", "PIN": "A-03-30-18-3V9-J00000-00003.1", "TYPE": null, "SITE_ADDR": "3012 W Bay Vista Ave", "SITE_CITY": "Tampa", "SITE_ZIP": "33611", "DOR_C": "0100", "ACT": 1990, "EFF": 2008, "HEAT_AR": 2291, "ACREAGE": 0.13, "JUST": 798444, "BLDG": 478422, "S_DATE": 1410480000000, "AMT": 547500, "VI": "I", "STORIES": 2, "Shape__Area": 5846.188900746381}, "geometry": {"type": "Polygon", "coordinates": [[[-82.49319862523576, 27.90610405083857], [-82.4931790558007, 27.906103874518216], [-82.49302479674793, 27.906102391567746], [-82.49302217763498, 27.906392036561794], [-82.4931922277046, 27.90639346209296], [-82.49319862523576, 27.90610405083857]]]}}, {"type": "Feature", "properties": {"OBJECTID": 430816, "FOLIO": "127433.0000", "PIN": "A-03-30-18-3V9-K00000-00018.0", "TYPE": null, "SITE_ADDR": "2915 W Bay View Ave", "SITE_CITY": "Tampa", "SITE_ZIP": "33611", "DOR_C": "0100", "ACT": 2010, "EFF": 2018, "HEAT_AR": 2472, "ACREAGE": 0.12, "JUST": 918316, "BLDG": 569073, "S_DATE": 1757376000000, "AMT": 1000000, "VI": "I", "STORIES": 2, "Shape__Area": 5290.618477726254}, "geometry": {"type": "Polygon", "coordinates": [[[-82.49163210404916, 27.906090297230897], [-82.49178791241081, 27.90609205144838], [-82.49179147070906, 27.905804051796327], [-82.4916340859408, 27.90580290962637], [-82.49163210404916, 27.906090297230897]]]}}, {"type": "Feature", "properties": {"OBJECTID": 430941, "FOLIO": "127471.0000", "PIN": "A-03-30-18-3VC-000000-00011.0", "TYPE": null, "SITE_ADDR": "2926 W Tambay Ave", "SITE_CITY": "Tampa", "SITE_ZIP": "33611", "DOR_C": "0100", "ACT": 1988, "EFF": 2006, "HEAT_AR": 2892, "ACREAGE": 0.16, "JUST": 1155391, "BLDG": 749319, "S_DATE": 1363219200000, "AMT": 780000, "VI": "I", "STORIES": 2, "Shape__Area": 6847.200767211698}, "geometry": {"type": "Polygon", "coordinates": [[[-82.49218061907655, 27.904577221817092], [-82.49211742409655, 27.90457675986634], [-82.49201088252778, 27.904575987008315], [-82.49200527308084, 27.904917023585522], [-82.49217748754226, 27.904918222473775], [-82.49218061907655, 27.904577221817092]]]}}, {"type": "Feature", "properties": {"OBJECTID": 430998, "FOLIO": "127521.0000", "PIN": "A-03-30-18-3VG-000001-00002.0", "TYPE": null, "SITE_ADDR": "3223 W Harbor View Ave", "SITE_CITY": "Tampa", "SITE_ZIP": "33611", "DOR_C": "0100", "ACT": 2003, "EFF": 2014, "HEAT_AR": 3418, "ACREAGE": 0.15, "JUST": 1099899, "BLDG": 739499, "S_DATE": 1070236800000, "AMT": 535000, "VI": "I", "STORIES": 2, "Shape__Area": 6642.014568513736}, "geometry": {"type": "Polygon", "coordinates": [[[-82.49811026489787, 27.902418834255492], [-82.49810098627717, 27.902792698801974], [-82.4981090364712, 27.902792724752704], [-82.49825337773972, 27.902792861729445], [-82.4982604887046, 27.902419115109456], [-82.49811026489787, 27.902418834255492]]]}}, {"type": "Feature", "properties": {"OBJECTID": 431066, "FOLIO": "127582.0000", "PIN": "A-03-30-18-3VG-000006-00009.0", "TYPE": null, "SITE_ADDR": "3302 W Lawn Ave", "SITE_CITY": "Tampa", "SITE_ZIP": "33611", "DOR_C": "0100", "ACT": 2022, "EFF": 2024, "HEAT_AR": 4432, "ACREAGE": 0.23, "JUST": 1656361, "BLDG": 1068132, "S_DATE": 1653436800000, "AMT": 2125000, "VI": "I", "STORIES": 2, "Shape__Area": 10058.153218524852}, "geometry": {"type": "Polygon", "coordinates": [[[-82.49930982729765, 27.90143054646844], [-82.49950559263512, 27.90143079813944], [-82.4995102228515, 27.900989808798595], [-82.49931789206326, 27.900988774020338], [-82.49930982729765, 27.90143054646844]]]}}, {"type": "Feature", "properties": {"OBJECTID": 431154, "FOLIO": "127669.0000", "PIN": "A-03-30-18-3VJ-000000-00002.0", "TYPE": null, "SITE_ADDR": "2903 W Villa Rosa Park", "SITE_CITY": "Tampa", "SITE_ZIP": "33611", "DOR_C": "0100", "ACT": 2007, "EFF": 2016, "HEAT_AR": 5587, "ACREAGE": 0.37, "JUST": 3179426, "BLDG": 2301545, "S_DATE": 1180569600000, "AMT": 2300000, "VI": "I", "STORIES": 2, "Shape__Area": 16057.339700018514}, "geometry": {"type": "Polygon", "coordinates": [[[-82.48894692794762, 27.89560401132202], [-82.48894095964717, 27.89594282240736], [-82.48896252305691, 27.895960156244595], [-82.48932717536083, 27.8959628490434], [-82.48933082160207, 27.89560801566097], [-82.48894692794762, 27.89560401132202]]]}}, {"type": "Feature", "properties": {"OBJECTID": 431178, "FOLIO": "127693.0000", "PIN": "A-03-30-18-3VJ-000000-00041.0", "TYPE": null, "SITE_ADDR": "2924 W Villa Rosa Park", "SITE_CITY": "Tampa", "SITE_ZIP": "33611", "DOR_C": "0100", "ACT": 1924, "EFF": 2010, "HEAT_AR": 5094, "ACREAGE": 0.33, "JUST": 2676949, "BLDG": 1893448, "S_DATE": 1126656000000, "AMT": 1635000, "VI": "I", "STORIES": 2, "Shape__Area": 14436.127634395312}, "geometry": {"type": "Polygon", "coordinates": [[[-82.49141252134638, 27.895169960967678], [-82.49122793721534, 27.895168195029694], [-82.49104239924647, 27.895166409682112], [-82.49103676883688, 27.89549784686945], [-82.49140841533921, 27.89550133226289], [-82.49141252134638, 27.895169960967678]]]}}, {"type": "Feature", "properties": {"OBJECTID": 431183, "FOLIO": "127698.0000", "PIN": "A-03-30-18-3VJ-000000-00050.0", "TYPE": null, "SITE_ADDR": "2908 W Villa Rosa Park", "SITE_CITY": "Tampa", "SITE_ZIP": "33611", "DOR_C": "0100", "ACT": 1923, "EFF": 2010, "HEAT_AR": 4386, "ACREAGE": 0.32, "JUST": 2063829, "BLDG": 1306070, "S_DATE": 1397779200000, "AMT": 1435000, "VI": "I", "STORIES": 4, "Shape__Area": 13986.449027285576}, "geometry": {"type": "Polygon", "coordinates": [[[-82.48973888006687, 27.89515392214285], [-82.48961840936711, 27.895152754654763], [-82.48938054286212, 27.89515049327261], [-82.48937677280722, 27.8954822820939], [-82.48973634492692, 27.89548565062616], [-82.48973888006687, 27.89515392214285]]]}}, {"type": "Feature", "properties": {"OBJECTID": 431205, "FOLIO": "127714.9002", "PIN": "A-03-30-18-3VK-000000-00001.0", "TYPE": null, "SITE_ADDR": "2927 W Hawthorne Rd", "SITE_CITY": "Tampa", "SITE_ZIP": "33611", "DOR_C": "0100", "ACT": 1939, "EFF": 1999, "HEAT_AR": 4449, "ACREAGE": 0.29, "JUST": 2413605, "BLDG": 1727175, "S_DATE": 1719532800000, "AMT": 3125000, "VI": "I", "STORIES": 2, "Shape__Area": 12478.92871766556}, "geometry": {"type": "Polygon", "coordinates": [[[-82.49150942812568, 27.894849056191823], [-82.49150450511647, 27.89517083772392], [-82.49160813963897, 27.895171833495805], [-82.49183410570431, 27.89517400445117], [-82.49184089071017, 27.89485293279138], [-82.49150942812568, 27.894849056191823]]]}}, {"type": "Feature", "properties": {"OBJECTID": 431206, "FOLIO": "127714.9004", "PIN": "A-03-30-18-3VK-000000-00002.0", "TYPE": null, "SITE_ADDR": "2929 W Hawthorne Rd", "SITE_CITY": "Tampa", "SITE_ZIP": "33611", "DOR_C": "0100", "ACT": 1995, "EFF": 2010, "HEAT_AR": 5132, "ACREAGE": 0.18, "JUST": 1669571, "BLDG": 1214882, "S_DATE": 1384819200000, "AMT": 1070000, "VI": "I", "STORIES": 3, "Shape__Area": 7641.931817157877}, "geometry": {"type": "Polygon", "coordinates": [[[-82.49184089071017, 27.89485293279138], [-82.49183410570431, 27.89517400445117], [-82.49195107812851, 27.895175130147667], [-82.4920368657884, 27.895175946542963], [-82.49204365003347, 27.894855288188488], [-82.49184089071017, 27.89485293279138]]]}}, {"type": "Feature", "properties": {"OBJECTID": 431236, "FOLIO": "127738.0000", "PIN": "A-03-30-18-3VL-000005-00015.0", "TYPE": null, "SITE_ADDR": "3120 W Knights Ave", "SITE_CITY": "Tampa", "SITE_ZIP": "33611", "DOR_C": "0100", "ACT": 1955, "EFF": 1990, "HEAT_AR": 968, "ACREAGE": 0.16, "JUST": 462085, "BLDG": 90295, "S_DATE": null, "AMT": 0, "VI": null, "STORIES": 1, "Shape__Area": 6915.622993313153}, "geometry": {"type": "Polygon", "coordinates": [[[-82.49620632892132, 27.904047423671525], [-82.49636489579302, 27.90404995422614], [-82.4963715760908, 27.903676792221574], [-82.4962145572359, 27.903674354458722], [-82.49620632892132, 27.904047423671525]]]}}, {"type": "Feature", "properties": {"OBJECTID": 431364, "FOLIO": "127846.0000", "PIN": "A-03-30-18-3VR-000002-00005.1", "TYPE": null, "SITE_ADDR": "3112 W Wallcraft Ave", "SITE_CITY": "Tampa", "SITE_ZIP": "33611", "DOR_C": "0100", "ACT": 2011, "EFF": 2018, "HEAT_AR": 3293, "ACREAGE": 0.16, "JUST": 1208317, "BLDG": 773009, "S_DATE": 1753056000000, "AMT": 1637000, "VI": "I", "STORIES": 3, "Shape__Area": 7148.605311498626}, "geometry": {"type": "Polygon", "coordinates": [[[-82.49529275777564, 27.902764747245758], [-82.49528827872459, 27.903161259494723], [-82.49544191185466, 27.9031620536574], [-82.49544607941067, 27.902765295266654], [-82.49540703618639, 27.902765160388665], [-82.49529275777564, 27.902764747245758]]]}}, {"type": "Feature", "properties": {"OBJECTID": 431700, "FOLIO": "128128.0000", "PIN": "A-03-30-18-3VU-000006-00005.0", "TYPE": null, "SITE_ADDR": "3410 W Alline Ave", "SITE_CITY": "Tampa", "SITE_ZIP": "33611", "DOR_C": "0100", "ACT": 2020, "EFF": 2022, "HEAT_AR": 4744, "ACREAGE": 0.17, "JUST": 1318906, "BLDG": 981035, "S_DATE": 846806400000, "AMT": 62000, "VI": "I", "STORIES": 2, "Shape__Area": 7373.147514984501}, "geometry": {"type": "Polygon", "coordinates": [[[-82.50093403285118, 27.89841424636726], [-82.50113307998609, 27.898415447629425], [-82.50113690346505, 27.898103050777703], [-82.50093386397074, 27.898102056240553], [-82.50093403285118, 27.89841424636726]]]}}, {"type": "Feature", "properties": {"OBJECTID": 431796, "FOLIO": "128235.0000", "PIN": "A-03-30-18-3VV-000010-00006.0", "TYPE": null, "SITE_ADDR": "4616 S Woodlynne Ave", "SITE_CITY": "Tampa", "SITE_ZIP": "33611", "DOR_C": "0100", "ACT": 1942, "EFF": 2000, "HEAT_AR": 1590, "ACREAGE": 0.18, "JUST": 583807, "BLDG": 267705, "S_DATE": 1614556800000, "AMT": 480000, "VI": "I", "STORIES": 1, "Shape__Area": 7886.810686350548}, "geometry": {"type": "Polygon", "coordinates": [[[-82.49424495292998, 27.897596519014094], [-82.49424520257467, 27.897787628249265], [-82.49459723283006, 27.897785069562012], [-82.49459825834325, 27.897595303967293], [-82.49424495292998, 27.897596519014094]]]}}, {"type": "Feature", "properties": {"OBJECTID": 431941, "FOLIO": "128348.0100", "PIN": "A-03-30-18-3W0-000000-00144.0", "TYPE": null, "SITE_ADDR": "3213 W Chapin Ave", "SITE_CITY": "Tampa", "SITE_ZIP": "33611", "DOR_C": "0000", "ACT": 0, "EFF": 0, "HEAT_AR": 0, "ACREAGE": 0.16, "JUST": 392688, "BLDG": 0, "S_DATE": 1375228800000, "AMT": 363000, "VI": "I", "STORIES": 0, "Shape__Area": 7178.653531435052}, "geometry": {"type": "Polygon", "coordinates": [[[-82.49727857030614, 27.900118701560594], [-82.49746612617102, 27.900118326106007], [-82.49747132673963, 27.899793353709953], [-82.49728284052946, 27.899793403141487], [-82.49727857030614, 27.900118701560594]]]}}, {"type": "Feature", "properties": {"OBJECTID": 432086, "FOLIO": "128493.0000", "PIN": "A-03-30-18-3W2-000009-00035.0", "TYPE": null, "SITE_ADDR": "4107 Drexel Ave", "SITE_CITY": "Tampa", "SITE_ZIP": "33611", "DOR_C": "0100", "ACT": 2014, "EFF": 2020, "HEAT_AR": 3244, "ACREAGE": 0.18, "JUST": 807824, "BLDG": 459826, "S_DATE": 1722556800000, "AMT": 1307200, "VI": "I", "STORIES": 2, "Shape__Area": 7642.347289736653}, "geometry": {"type": "Polygon", "coordinates": [[[-82.50164533023398, 27.90484869674241], [-82.50202319544854, 27.90489080626112], [-82.50202494456539, 27.904699773104145], [-82.50164774889049, 27.904695206117207], [-82.50164533023398, 27.90484869674241]]]}}, {"type": "Feature", "properties": {"OBJECTID": 432373, "FOLIO": "128703.0000", "PIN": "A-03-30-18-3W8-000000-00033.0", "TYPE": null, "SITE_ADDR": "2909 W Chapin Ave", "SITE_CITY": "Tampa", "SITE_ZIP": "33611", "DOR_C": "0100", "ACT": 2021, "EFF": 2023, "HEAT_AR": 6027, "ACREAGE": 0.22, "JUST": 3077967, "BLDG": 2454674, "S_DATE": 1615507200000, "AMT": 2499000, "VI": "I", "STORIES": 2, "Shape__Area": 9554.875781151186}, "geometry": {"type": "Polygon", "coordinates": [[[-82.4902600812866, 27.899792572166], [-82.49025962226418, 27.900142832280057], [-82.49049160817133, 27.900143490426963], [-82.49049206413667, 27.8997922674516], [-82.4902600812866, 27.899792572166]]]}}, {"type": "Feature", "properties": {"OBJECTID": 432440, "FOLIO": "128771.0000", "PIN": "A-03-30-18-3WC-000003-00004.0", "TYPE": null, "SITE_ADDR": "2929 W Alline Ave", "SITE_CITY": "Tampa", "SITE_ZIP": "33611", "DOR_C": "0100", "ACT": 1941, "EFF": 2000, "HEAT_AR": 1143, "ACREAGE": 0.2, "JUST": 608546, "BLDG": 143484, "S_DATE": 126230400000, "AMT": 17000, "VI": null, "STORIES": 1, "Shape__Area": 8772.71982731518}, "geometry": {"type": "Polygon", "coordinates": [[[-82.4929693715576, 27.89847363642957], [-82.49316944618592, 27.898476274946056], [-82.49317622718864, 27.898101181166687], [-82.49297801163246, 27.898098674073726], [-82.4929693715576, 27.89847363642957]]]}}, {"type": "Feature", "properties": {"OBJECTID": 432452, "FOLIO": "128783.0000", "PIN": "A-03-30-18-3WC-000004-00010.0", "TYPE": null, "SITE_ADDR": "2933 W Coachman Ave", "SITE_CITY": "Tampa", "SITE_ZIP": "33611", "DOR_C": "0100", "ACT": 1943, "EFF": 2000, "HEAT_AR": 1764, "ACREAGE": 0.19, "JUST": 706259, "BLDG": 237353, "S_DATE": 733622400000, "AMT": 140000, "VI": "I", "STORIES": 1, "Shape__Area": 8485.56807931427}, "geometry": {"type": "Polygon", "coordinates": [[[-82.49335726766122, 27.897225022341207], [-82.493351149355, 27.8975960420954], [-82.49338520695905, 27.89759649772987], [-82.49354441046648, 27.897598594376454], [-82.49355331334165, 27.89722737153159], [-82.49335726766122, 27.897225022341207]]]}}, {"type": "Feature", "properties": {"OBJECTID": 432591, "FOLIO": "128905.0100", "PIN": "A-03-30-18-3WH-000000-00037.0", "TYPE": null, "SITE_ADDR": "2916 W Bayshore Ct", "SITE_CITY": "Tampa", "SITE_ZIP": "33611", "DOR_C": "0100", "ACT": 2005, "EFF": 2015, "HEAT_AR": 4588, "ACREAGE": 0.17, "JUST": 1480138, "BLDG": 1017721, "S_DATE": 1460592000000, "AMT": 930000, "VI": "I", "STORIES": 3, "Shape__Area": 7194.357925435924}, "geometry": {"type": "Polygon", "coordinates": [[[-82.49113955252415, 27.89595718535461], [-82.49112562027285, 27.895957041881182], [-82.49093700885373, 27.895955130188117], [-82.49092783992023, 27.89625585625742], [-82.49113285894995, 27.896257572327272], [-82.49113955252415, 27.89595718535461]]]}}, {"type": "Feature", "properties": {"OBJECTID": 432594, "FOLIO": "128906.0000", "PIN": "A-03-30-18-3WH-000000-00040.0", "TYPE": null, "SITE_ADDR": "2910 W Bayshore Ct", "SITE_CITY": "Tampa", "SITE_ZIP": "33611", "DOR_C": "0100", "ACT": 1926, "EFF": 1995, "HEAT_AR": 2259, "ACREAGE": 0.21, "JUST": 945849, "BLDG": 456868, "S_DATE": 801964800000, "AMT": 244000, "VI": "I", "STORIES": 2, "Shape__Area": 9109.810356351523}, "geometry": {"type": "Polygon", "coordinates": [[[-82.49027395878528, 27.895948418251987], [-82.49026909714262, 27.896250367089348], [-82.49052492245833, 27.896252507956504], [-82.49053226178187, 27.89595101775095], [-82.49047464460392, 27.895950453931718], [-82.4902882018408, 27.895948560705985], [-82.49027395878528, 27.895948418251987]]]}}, {"type": "Feature", "properties": {"OBJECTID": 432645, "FOLIO": "128961.0000", "PIN": "A-03-30-18-3WK-000002-00005.1", "TYPE": null, "SITE_ADDR": "2934 W Lawn Ave", "SITE_CITY": "Tampa", "SITE_ZIP": "33611", "DOR_C": "0100", "ACT": 2001, "EFF": 2013, "HEAT_AR": 4574, "ACREAGE": 0.21, "JUST": 1683698, "BLDG": 1144022, "S_DATE": 1146700800000, "AMT": 1487500, "VI": "I", "STORIES": 2, "Shape__Area": 9279.412138260128}, "geometry": {"type": "Polygon", "coordinates": [[[-82.49133020622764, 27.90101608895134], [-82.49118710702069, 27.901016297630914], [-82.49112979880056, 27.901016364700933], [-82.49112697028234, 27.901411275700607], [-82.49132675793793, 27.901411030132873], [-82.49133020622764, 27.90101608895134]]]}}, {"type": "Feature", "properties": {"OBJECTID": 432646, "FOLIO": "128962.0000", "PIN": "A-03-30-18-3WK-000002-00006.0", "TYPE": null, "SITE_ADDR": "2936 W Lawn Ave", "SITE_CITY": "Tampa", "SITE_ZIP": "33611", "DOR_C": "0000", "ACT": 0, "EFF": 0, "HEAT_AR": 0, "ACREAGE": 0.23, "JUST": 531657, "BLDG": 0, "S_DATE": 318211200000, "AMT": 66000, "VI": "I", "STORIES": 0, "Shape__Area": 9854.903145065744}, "geometry": {"type": "Polygon", "coordinates": [[[-82.49154237642948, 27.90101563379015], [-82.49137571943905, 27.901016037682513], [-82.49133020622764, 27.90101608895134], [-82.49132675793793, 27.901411030132873], [-82.49153951878951, 27.901410737103024], [-82.49154237642948, 27.90101563379015]]]}}, {"type": "Feature", "properties": {"OBJECTID": 432669, "FOLIO": "128977.5012", "PIN": "A-03-30-18-3WL-A00000-00006.0", "TYPE": null, "SITE_ADDR": "2817 W Hawthorne Rd", "SITE_CITY": "Tampa", "SITE_ZIP": "33611", "DOR_C": "0400", "ACT": 1974, "EFF": 2000, "HEAT_AR": 2738, "ACREAGE": 0.03, "JUST": 1205340, "BLDG": 1205240, "S_DATE": 1362009600000, "AMT": 732500, "VI": "I", "STORIES": 3, "Shape__Area": 1273.0595457282461}, "geometry": {"type": "Polygon", "coordinates": [[[-82.48690232029278, 27.89460998371837], [-82.48690446256055, 27.89445499319094], [-82.48690442621633, 27.89443983541497], [-82.48687569257505, 27.8944393025119], [-82.48687553213267, 27.894446120841756], [-82.48683318453715, 27.894445713624453], [-82.4868318675609, 27.894553856752587], [-82.48685009520227, 27.894554033318528], [-82.48684941898357, 27.89460947481414], [-82.48690232029278, 27.89460998371837]]]}}, {"type": "Feature", "properties": {"OBJECTID": 434408, "FOLIO": "129596.0000", "PIN": "A-04-30-18-3WV-000007-00006.0", "TYPE": null, "SITE_ADDR": "4308 S Hubert Ave", "SITE_CITY": "Tampa", "SITE_ZIP": "33611", "DOR_C": "0100", "ACT": 1953, "EFF": 2003, "HEAT_AR": 1314, "ACREAGE": 0.25, "JUST": 424891, "BLDG": 217531, "S_DATE": 1529971200000, "AMT": 264000, "VI": "I", "STORIES": 1, "Shape__Area": 10924.879455718217}, "geometry": {"type": "Polygon", "coordinates": [[[-82.51582436729215, 27.903242842761667], [-82.51540269867326, 27.90324134049204], [-82.51540240700862, 27.903271322482865], [-82.51540052583643, 27.903462329948432], [-82.5158224077551, 27.903463005709238], [-82.51582436729215, 27.903242842761667]]]}}, {"type": "Feature", "properties": {"OBJECTID": 434529, "FOLIO": "129716.0000", "PIN": "A-04-30-18-3WV-000012-00003.0", "TYPE": null, "SITE_ADDR": "4305 S Hale Ave", "SITE_CITY": "Tampa", "SITE_ZIP": "33611", "DOR_C": "0100", "ACT": 1953, "EFF": 2003, "HEAT_AR": 1270, "ACREAGE": 0.17, "JUST": 308748, "BLDG": 166828, "S_DATE": 1542585600000, "AMT": 227000, "VI": "I", "STORIES": 1, "Shape__Area": 7283.61566254162}, "geometry": {"type": "Polygon", "coordinates": [[[-82.5119271646898, 27.90348895973119], [-82.5115836993936, 27.903486354813424], [-82.51158238496781, 27.903667760298955], [-82.51192584315764, 27.903668733675904], [-82.51192595240823, 27.903652235333364], [-82.5119271646898, 27.90348895973119]]]}}, {"type": "Feature", "properties": {"OBJECTID": 434576, "FOLIO": "129763.0000", "PIN": "A-04-30-18-3WV-000013-00026.0", "TYPE": null, "SITE_ADDR": "4010 W Knights Ave", "SITE_CITY": "Tampa", "SITE_ZIP": "33611", "DOR_C": "0100", "ACT": 1953, "EFF": 1989, "HEAT_AR": 1048, "ACREAGE": 0.24, "JUST": 340202, "BLDG": 126860, "S_DATE": 1663200000000, "AMT": 362500, "VI": "I", "STORIES": 1, "Shape__Area": 10574.512078624512}, "geometry": {"type": "Polygon", "coordinates": [[[-82.51106793678606, 27.90411683161793], [-82.51139653938277, 27.90411866363916], [-82.51139856201615, 27.903844342064765], [-82.51107048705929, 27.903842644348096], [-82.51106793678606, 27.90411683161793]]]}}, {"type": "Feature", "properties": {"OBJECTID": 434577, "FOLIO": "129764.0000", "PIN": "A-04-30-18-3WV-000014-00001.0", "TYPE": null, "SITE_ADDR": "4002 W Knights Ave", "SITE_CITY": "Tampa", "SITE_ZIP": "33611", "DOR_C": "0100", "ACT": 1953, "EFF": 1989, "HEAT_AR": 927, "ACREAGE": 0.23, "JUST": 323393, "BLDG": 104337, "S_DATE": 1018569600000, "AMT": 115000, "VI": "I", "STORIES": 1, "Shape__Area": 9900.531774966286}, "geometry": {"type": "Polygon", "coordinates": [[[-82.51023692691678, 27.904109626164143], [-82.51054537552324, 27.90411175592674], [-82.51054781029357, 27.903839082430427], [-82.51023722886731, 27.903837510132977], [-82.51023692691678, 27.904109626164143]]]}}, {"type": "Feature", "properties": {"OBJECTID": 434589, "FOLIO": "129777.0000", "PIN": "A-04-30-18-3WV-000014-00014.0", "TYPE": null, "SITE_ADDR": "4328 S Grady Ave", "SITE_CITY": "Tampa", "SITE_ZIP": "33611", "DOR_C": "0100", "ACT": 1955, "EFF": 1990, "HEAT_AR": 1472, "ACREAGE": 0.22, "JUST": 321724, "BLDG": 140342, "S_DATE": 972950400000, "AMT": 100000, "VI": "I", "STORIES": 1, "Shape__Area": 9637.627983912074}, "geometry": {"type": "Polygon", "coordinates": [[[-82.51058941876903, 27.901521095711658], [-82.5102276416776, 27.901314801700295], [-82.51023383925823, 27.90165464073977], [-82.51056512676827, 27.90165420974125], [-82.51056409955501, 27.901620177175793], [-82.51056785631661, 27.901586296540863], [-82.51057634061719, 27.90155309686014], [-82.51058941876903, 27.901521095711658]]]}}, {"type": "Feature", "properties": {"OBJECTID": 435637, "FOLIO": "130093.0000", "PIN": "A-05-30-18-3X4-000001-00004.0", "TYPE": null, "SITE_ADDR": "4437 W Bay Villa Ave", "SITE_CITY": "Tampa", "SITE_ZIP": "33611", "DOR_C": "0100", "ACT": 1952, "EFF": 1988, "HEAT_AR": 2258, "ACREAGE": 0.16, "JUST": 396398, "BLDG": 218038, "S_DATE": 746841600000, "AMT": 66000, "VI": "I", "STORIES": 1, "Shape__Area": 6994.825320463738}, "geometry": {"type": "Polygon", "coordinates": [[[-82.52153931820399, 27.908129683805665], [-82.52153514639049, 27.90840888266681], [-82.5216560261516, 27.90840924989833], [-82.52174835857272, 27.90840953200409], [-82.52175268446983, 27.90813016831929], [-82.52153931820399, 27.908129683805665]]]}}, {"type": "Feature", "properties": {"OBJECTID": 435701, "FOLIO": "130160.0000", "PIN": "A-05-30-18-3X4-000004-00017.0", "TYPE": null, "SITE_ADDR": "4837 W Bay Court Ave", "SITE_CITY": "Tampa", "SITE_ZIP": "33611", "DOR_C": "0100", "ACT": 1977, "EFF": 2011, "HEAT_AR": 2647, "ACREAGE": 0.19, "JUST": 698315, "BLDG": 490563, "S_DATE": 1747353600000, "AMT": 927000, "VI": "I", "STORIES": 2, "Shape__Area": 8271.293975281738}, "geometry": {"type": "Polygon", "coordinates": [[[-82.53053044596614, 27.907753795774273], [-82.53078047428666, 27.907755060054058], [-82.53078003134347, 27.907474091218365], [-82.53052984268949, 27.90747147934478], [-82.53053044596614, 27.907753795774273]]]}}, {"type": "Feature", "properties": {"OBJECTID": 435797, "FOLIO": "130257.0000", "PIN": "A-05-30-18-3X4-000009-00011.0", "TYPE": null, "SITE_ADDR": "4626 W Bay Court Ave", "SITE_CITY": "Tampa", "SITE_ZIP": "33611", "DOR_C": "0000", "ACT": 0, "EFF": 0, "HEAT_AR": 0, "ACREAGE": 0.16, "JUST": 147056, "BLDG": 0, "S_DATE": 1766361600000, "AMT": 365000, "VI": "V", "STORIES": 0, "Shape__Area": 7091.703841216725}, "geometry": {"type": "Polygon", "coordinates": [[[-82.5254208260745, 27.907003063580806], [-82.52539320654525, 27.907002976677354], [-82.52520857590353, 27.907002470377662], [-82.52520360234237, 27.907286816110428], [-82.52541610003946, 27.9072874354443], [-82.5254208260745, 27.907003063580806]]]}}, {"type": "Feature", "properties": {"OBJECTID": 435905, "FOLIO": "130355.0000", "PIN": "A-05-30-18-3X8-000003-00001.0", "TYPE": null, "SITE_ADDR": "4404 W Wallcraft Ave", "SITE_CITY": "Tampa", "SITE_ZIP": "33611", "DOR_C": "0100", "ACT": 2020, "EFF": 2022, "HEAT_AR": 2754, "ACREAGE": 0.21, "JUST": 716801, "BLDG": 538557, "S_DATE": 1593388800000, "AMT": 638700, "VI": "I", "STORIES": 2, "Shape__Area": 9070.766899475053}, "geometry": {"type": "Polygon", "coordinates": [[[-82.51956408779407, 27.90260277985735], [-82.5195602572168, 27.90285092378137], [-82.51987155895719, 27.902854837600522], [-82.51987495391258, 27.90260644805686], [-82.51956408779407, 27.90260277985735]]]}}, {"type": "Feature", "properties": {"OBJECTID": 435923, "FOLIO": "130374.0000", "PIN": "A-05-30-18-3X8-000003-00020.0", "TYPE": null, "SITE_ADDR": "4310 S Trask St", "SITE_CITY": "Tampa", "SITE_ZIP": "33611", "DOR_C": "0100", "ACT": 1953, "EFF": 1989, "HEAT_AR": 864, "ACREAGE": 0.18, "JUST": 261734, "BLDG": 101224, "S_DATE": 1778803200000, "AMT": 320000, "VI": "I", "STORIES": 1, "Shape__Area": 7828.838713777364}, "geometry": {"type": "Polygon", "coordinates": [[[-82.52119204336044, 27.90202654459347], [-82.52150766554196, 27.902247541074125], [-82.52162190282722, 27.90211667567203], [-82.52130655674881, 27.90189518388028], [-82.52119204336044, 27.90202654459347]]]}}, {"type": "Feature", "properties": {"OBJECTID": 436039, "FOLIO": "130492.0000", "PIN": "A-05-30-18-3X8-000007-00026.0", "TYPE": null, "SITE_ADDR": "4727 W Lawn Ave", "SITE_CITY": "Tampa", "SITE_ZIP": "33611", "DOR_C": "0100", "ACT": 1952, "EFF": 2003, "HEAT_AR": 1776, "ACREAGE": 0.21, "JUST": 518709, "BLDG": 313468, "S_DATE": 1536278400000, "AMT": 337500, "VI": "I", "STORIES": 1, "Shape__Area": 9000.225461532169}, "geometry": {"type": "Polygon", "coordinates": [[[-82.52502662660508, 27.901305713705003], [-82.52502497793242, 27.901804233921254], [-82.52520790336752, 27.901639381602884], [-82.52521466094824, 27.901307774864904], [-82.52502662660508, 27.901305713705003]]]}}, {"type": "Feature", "properties": {"OBJECTID": 436042, "FOLIO": "130495.0000", "PIN": "A-05-30-18-3X8-000007-00029.0", "TYPE": null, "SITE_ADDR": "4316 S Renellie Dr", "SITE_CITY": "Tampa", "SITE_ZIP": "33611", "DOR_C": "0100", "ACT": 1952, "EFF": 1988, "HEAT_AR": 864, "ACREAGE": 0.24, "JUST": 296569, "BLDG": 98689, "S_DATE": null, "AMT": 0, "VI": null, "STORIES": 1, "Shape__Area": 10361.648111773435}, "geometry": {"type": "Polygon", "coordinates": [[[-82.52564641553882, 27.90164895833076], [-82.52539743442907, 27.901643527695445], [-82.52520790336752, 27.901639381602884], [-82.52502497793242, 27.901804233921254], [-82.52564427405942, 27.901814331039386], [-82.52564641553882, 27.90164895833076]]]}}, {"type": "Feature", "properties": {"OBJECTID": 436043, "FOLIO": "130496.0000", "PIN": "A-05-30-18-3X8-000007-00030.0", "TYPE": null, "SITE_ADDR": "4314 S Renellie Dr", "SITE_CITY": "Tampa", "SITE_ZIP": "33611", "DOR_C": "0100", "ACT": 1952, "EFF": 1988, "HEAT_AR": 864, "ACREAGE": 0.21, "JUST": 302599, "BLDG": 93522, "S_DATE": 1071705600000, "AMT": 99000, "VI": "I", "STORIES": 1, "Shape__Area": 9351.894211825205}, "geometry": {"type": "Polygon", "coordinates": [[[-82.52524093258525, 27.901964896106644], [-82.52564226427242, 27.901968700116132], [-82.52564427405942, 27.901814331039386], [-82.52502497793242, 27.901804233921254], [-82.52524093258525, 27.901964896106644]]]}}, {"type": "Feature", "properties": {"OBJECTID": 436124, "FOLIO": "130578.0000", "PIN": "A-05-30-18-3X8-000009-00021.0", "TYPE": null, "SITE_ADDR": "4710 W Knights Ave", "SITE_CITY": "Tampa", "SITE_ZIP": "33611", "DOR_C": "0100", "ACT": 1952, "EFF": 2003, "HEAT_AR": 1510, "ACREAGE": 0.18, "JUST": 416126, "BLDG": 249218, "S_DATE": 1601596800000, "AMT": 360000, "VI": "I", "STORIES": 1, "Shape__Area": 7656.264772502326}, "geometry": {"type": "Polygon", "coordinates": [[[-82.52381980465105, 27.903772126721336], [-82.5240016482549, 27.90377382769501], [-82.52400620600034, 27.903415383552826], [-82.52382423959821, 27.903413792237988], [-82.52381980465105, 27.903772126721336]]]}}, {"type": "Feature", "properties": {"OBJECTID": 436138, "FOLIO": "130592.0000", "PIN": "A-05-30-18-3X8-000010-00011.0", "TYPE": null, "SITE_ADDR": "4703 W Knights Ave", "SITE_CITY": "Tampa", "SITE_ZIP": "33611", "DOR_C": "0000", "ACT": 0, "EFF": 0, "HEAT_AR": 0, "ACREAGE": 0.23, "JUST": 178360, "BLDG": 0, "S_DATE": 1643328000000, "AMT": 320000, "VI": "I", "STORIES": 0, "Shape__Area": 9861.77380200843}, "geometry": {"type": "Polygon", "coordinates": [[[-82.52305932077245, 27.90386652902292], [-82.5230122873352, 27.904239080248924], [-82.5231689163779, 27.904302381078995], [-82.52324975948045, 27.90430303611389], [-82.52325498331946, 27.90393452214781], [-82.52318835178673, 27.90391515305774], [-82.52312306039055, 27.90389246428398], [-82.52305932077245, 27.90386652902292]]]}}, {"type": "Feature", "properties": {"OBJECTID": 436139, "FOLIO": "130593.0000", "PIN": "A-05-30-18-3X8-000010-00012.0", "TYPE": null, "SITE_ADDR": "4705 W Knights Ave", "SITE_CITY": "Tampa", "SITE_ZIP": "33611", "DOR_C": "0000", "ACT": 0, "EFF": 0, "HEAT_AR": 0, "ACREAGE": 0.18, "JUST": 156000, "BLDG": 0, "S_DATE": 1735516800000, "AMT": 300000, "VI": "I", "STORIES": 0, "Shape__Area": 7976.056426910794}, "geometry": {"type": "Polygon", "coordinates": [[[-82.52324975948045, 27.90430303611389], [-82.52343439033949, 27.90430453503015], [-82.52343896358886, 27.903936050606816], [-82.52325498331946, 27.90393452214781], [-82.52324975948045, 27.90430303611389]]]}}, {"type": "Feature", "properties": {"OBJECTID": 436165, "FOLIO": "130619.0000", "PIN": "A-05-30-18-3X8-000010-00038.0", "TYPE": null, "SITE_ADDR": "4026 S West Shore Blvd", "SITE_CITY": "Tampa", "SITE_ZIP": "33611", "DOR_C": "0100", "ACT": 1951, "EFF": 2003, "HEAT_AR": 1968, "ACREAGE": 0.19, "JUST": 372409, "BLDG": 232047, "S_DATE": 1687478400000, "AMT": 468000, "VI": "I", "STORIES": 1, "Shape__Area": 8148.680703204953}, "geometry": {"type": "Polygon", "coordinates": [[[-82.52663418761853, 27.90434024945473], [-82.5262050581576, 27.904339607432515], [-82.52620356519924, 27.904421332042094], [-82.5262021234268, 27.9045008293001], [-82.52663295857694, 27.90450179418747], [-82.52663418761853, 27.90434024945473]]]}}, {"type": "Feature", "properties": {"OBJECTID": 436193, "FOLIO": "130648.0000", "PIN": "A-05-30-18-3X8-000010-00065.0", "TYPE": null, "SITE_ADDR": "4718 W Tambay Ave", "SITE_CITY": "Tampa", "SITE_ZIP": "33611", "DOR_C": "0100", "ACT": 1951, "EFF": 1988, "HEAT_AR": 1735, "ACREAGE": 0.18, "JUST": 365832, "BLDG": 206868, "S_DATE": 1184284800000, "AMT": 185500, "VI": "I", "STORIES": 1, "Shape__Area": 7821.716045206757}, "geometry": {"type": "Polygon", "coordinates": [[[-82.52492214279489, 27.9046743249623], [-82.52510829294835, 27.90467625531701], [-82.52511272470227, 27.904318141983598], [-82.52492670107259, 27.904316622647173], [-82.52492214279489, 27.9046743249623]]]}}, {"type": "Feature", "properties": {"OBJECTID": 436228, "FOLIO": "130683.0000", "PIN": "A-05-30-18-3X8-000011-00023.0", "TYPE": null, "SITE_ADDR": "4714 W Bay Vista Ave", "SITE_CITY": "Tampa", "SITE_ZIP": "33611", "DOR_C": "0000", "ACT": 0, "EFF": 0, "HEAT_AR": 0, "ACREAGE": 0.18, "JUST": 182308, "BLDG": 0, "S_DATE": null, "AMT": 0, "VI": null, "STORIES": 0, "Shape__Area": 7716.919577338307}, "geometry": {"type": "Polygon", "coordinates": [[[-82.5244735500534, 27.90608174064856], [-82.52447050149999, 27.906438529299813], [-82.52465426140263, 27.906438351372284], [-82.52465861165373, 27.906082411449415], [-82.5244735500534, 27.90608174064856]]]}}, {"type": "Feature", "properties": {"OBJECTID": 436245, "FOLIO": "130700.0000", "PIN": "A-05-30-18-3X8-000011-00040.0", "TYPE": null, "SITE_ADDR": "4710 W Bay View Ave", "SITE_CITY": "Tampa", "SITE_ZIP": "33611", "DOR_C": "0100", "ACT": 1951, "EFF": 1988, "HEAT_AR": 1266, "ACREAGE": 0.18, "JUST": 274219, "BLDG": 118219, "S_DATE": 1723593600000, "AMT": 355000, "VI": "I", "STORIES": 1, "Shape__Area": 7708.477499955135}, "geometry": {"type": "Polygon", "coordinates": [[[-82.5239216912492, 27.905190593660286], [-82.5239205681013, 27.90529820075927], [-82.52391790516451, 27.90554859530255], [-82.52410003253247, 27.905550596443803], [-82.5241062949029, 27.90519266930892], [-82.5239216912492, 27.905190593660286]]]}}, {"type": "Feature", "properties": {"OBJECTID": 436258, "FOLIO": "130713.0000", "PIN": "A-05-30-18-3X8-000012-00013.0", "TYPE": null, "SITE_ADDR": "4002 S Shamrock Rd", "SITE_CITY": "Tampa", "SITE_ZIP": "33611", "DOR_C": "0100", "ACT": 1951, "EFF": 1988, "HEAT_AR": 1200, "ACREAGE": 0.31, "JUST": 372811, "BLDG": 146858, "S_DATE": null, "AMT": 0, "VI": null, "STORIES": 2, "Shape__Area": 13494.12298897608}, "geometry": {"type": "Polygon", "coordinates": [[[-82.52343874665978, 27.906431232649176], [-82.5230109234655, 27.906633181944198], [-82.52300963404092, 27.90679637919173], [-82.52300799542043, 27.90699637906099], [-82.52350496992109, 27.90652034703118], [-82.52347851708583, 27.906493335430714], [-82.52345631281729, 27.906463456061147], [-82.52343874665978, 27.906431232649176]]]}}, {"type": "Feature", "properties": {"OBJECTID": 436264, "FOLIO": "130719.0000", "PIN": "A-05-30-18-3X8-000012-00019.0", "TYPE": null, "SITE_ADDR": "4711 W Bay Vista Ave", "SITE_CITY": "Tampa", "SITE_ZIP": "33611", "DOR_C": "0100", "ACT": 1951, "EFF": 2003, "HEAT_AR": 984, "ACREAGE": 0.2, "JUST": 303779, "BLDG": 125453, "S_DATE": 312854400000, "AMT": 24000, "VI": "I", "STORIES": 1, "Shape__Area": 8719.900352553299}, "geometry": {"type": "Polygon", "coordinates": [[[-82.52428488998832, 27.906600364142914], [-82.52427817974099, 27.906999909483005], [-82.5243401963652, 27.907000086819068], [-82.52446410960464, 27.907000412084617], [-82.52447047789924, 27.90660045473864], [-82.52428488998832, 27.906600364142914]]]}}, {"type": "Feature", "properties": {"OBJECTID": 436273, "FOLIO": "130728.0000", "PIN": "A-05-30-18-3X8-000012-00028.0", "TYPE": null, "SITE_ADDR": "4729 W Bay Vista Ave", "SITE_CITY": "Tampa", "SITE_ZIP": "33611", "DOR_C": "0100", "ACT": 1951, "EFF": 1988, "HEAT_AR": 1008, "ACREAGE": 0.2, "JUST": 271678, "BLDG": 95854, "S_DATE": 1559260800000, "AMT": 210000, "VI": "I", "STORIES": 1, "Shape__Area": 8910.982595085967}, "geometry": {"type": "Polygon", "coordinates": [[[-82.52594527203705, 27.90700449925823], [-82.52613581590916, 27.907005037040143], [-82.5261381969328, 27.90660127137931], [-82.52595264054769, 27.90660118290962], [-82.52594527203705, 27.90700449925823]]]}}, {"type": "Feature", "properties": {"OBJECTID": 436509, "FOLIO": "130933.0000", "PIN": "A-05-30-18-3XC-000018-00008.0", "TYPE": null, "SITE_ADDR": "4513 S Gaines Rd", "SITE_CITY": "Tampa", "SITE_ZIP": "33611", "DOR_C": "0100", "ACT": 1955, "EFF": 2004, "HEAT_AR": 1460, "ACREAGE": 0.16, "JUST": 382887, "BLDG": 224564, "S_DATE": 1494374400000, "AMT": 290000, "VI": "I", "STORIES": 1, "Shape__Area": 6982.685194009664}, "geometry": {"type": "Polygon", "coordinates": [[[-82.52153903322426, 27.89912406342768], [-82.52184617051401, 27.899126832658048], [-82.52184527156707, 27.898933085967016], [-82.52153792044764, 27.898930729039176], [-82.52153903322426, 27.89912406342768]]]}}, {"type": "Feature", "properties": {"OBJECTID": 436523, "FOLIO": "130947.0000", "PIN": "A-05-30-18-3XC-000018-00022.0", "TYPE": null, "SITE_ADDR": "4516 S Cooper Pl", "SITE_CITY": "Tampa", "SITE_ZIP": "33611", "DOR_C": "0100", "ACT": 1955, "EFF": 2004, "HEAT_AR": 1830, "ACREAGE": 0.16, "JUST": 413232, "BLDG": 264188, "S_DATE": 1416960000000, "AMT": 235000, "VI": "I", "STORIES": 1, "Shape__Area": 7031.641875750618}, "geometry": {"type": "Polygon", "coordinates": [[[-82.52184527156707, 27.898933085967016], [-82.52215482084846, 27.89893546095381], [-82.52215389326116, 27.898742208896202], [-82.52184434268138, 27.898739448576002], [-82.52184527156707, 27.898933085967016]]]}}, {"type": "Feature", "properties": {"OBJECTID": 436594, "FOLIO": "131018.0000", "PIN": "A-05-30-18-3XC-000021-00009.0", "TYPE": null, "SITE_ADDR": "4511 S Shamrock Rd", "SITE_CITY": "Tampa", "SITE_ZIP": "33611", "DOR_C": "0100", "ACT": 1958, "EFF": 1992, "HEAT_AR": 1263, "ACREAGE": 0.16, "JUST": 300020, "BLDG": 158620, "S_DATE": 273456000000, "AMT": 32200, "VI": "I", "STORIES": 1, "Shape__Area": 6966.57210091647}, "geometry": {"type": "Polygon", "coordinates": [[[-82.52385633349111, 27.899336661475335], [-82.52416588547848, 27.89933936220615], [-82.52416517860553, 27.899147759883874], [-82.52385559629619, 27.899144977141663], [-82.52385633349111, 27.899336661475335]]]}}, {"type": "Feature", "properties": {"OBJECTID": 436655, "FOLIO": "131081.0000", "PIN": "A-05-30-18-3XD-000001-00004.0", "TYPE": null, "SITE_ADDR": "4713 W Fair Oaks Ave", "SITE_CITY": "Tampa", "SITE_ZIP": "33611", "DOR_C": "0100", "ACT": 1958, "EFF": 1992, "HEAT_AR": 1275, "ACREAGE": 0.19, "JUST": 305787, "BLDG": 156913, "S_DATE": 1608508800000, "AMT": 290000, "VI": "I", "STORIES": 1, "Shape__Area": 8118.669713010039}, "geometry": {"type": "Polygon", "coordinates": [[[-82.5257762076575, 27.900478067289537], [-82.52577511634104, 27.900786694159468], [-82.52584854084475, 27.90078736787572], [-82.52600269853396, 27.900788773025536], [-82.52599643654355, 27.90047981145477], [-82.5257762076575, 27.900478067289537]]]}}, {"type": "Feature", "properties": {"OBJECTID": 436659, "FOLIO": "131085.0000", "PIN": "A-05-30-18-3XD-000001-00008.0", "TYPE": null, "SITE_ADDR": "4705 W Fair Oaks Ave", "SITE_CITY": "Tampa", "SITE_ZIP": "33611", "DOR_C": "0100", "ACT": 1959, "EFF": 1992, "HEAT_AR": 1668, "ACREAGE": 0.17, "JUST": 332465, "BLDG": 183591, "S_DATE": 752112000000, "AMT": 90000, "VI": "I", "STORIES": 1, "Shape__Area": 7421.630070326489}, "geometry": {"type": "Polygon", "coordinates": [[[-82.5249517926398, 27.900471503598478], [-82.52494888119317, 27.90077916551875], [-82.52498603626171, 27.90077949143977], [-82.52515512933905, 27.90078103376053], [-82.5251562014615, 27.900473116248115], [-82.5249517926398, 27.900471503598478]]]}}, {"type": "Feature", "properties": {"OBJECTID": 437180, "FOLIO": "131294.0000", "PIN": "A-08-30-18-3XE-000003-00007.0", "TYPE": null, "SITE_ADDR": "4714 W Leila Ave", "SITE_CITY": "Tampa", "SITE_ZIP": "33616", "DOR_C": "0000", "ACT": 0, "EFF": 0, "HEAT_AR": 0, "ACREAGE": 0.18, "JUST": 102600, "BLDG": 0, "S_DATE": 1775174400000, "AMT": 1275000, "VI": "I", "STORIES": 0, "Shape__Area": 7642.327946367353}, "geometry": {"type": "Polygon", "coordinates": [[[-82.52428536600289, 27.884296829587264], [-82.5242836681372, 27.884561084121273], [-82.52452912898147, 27.884563642830468], [-82.52453265488677, 27.884299711628735], [-82.52450411269021, 27.884299379836005], [-82.52429456092753, 27.884296960665743], [-82.52428536600289, 27.884296829587264]]]}}, {"type": "Feature", "properties": {"OBJECTID": 437262, "FOLIO": "131376.0000", "PIN": "A-08-30-18-3XE-000005-00013.0", "TYPE": null, "SITE_ADDR": "4726 W Trilby Ave", "SITE_CITY": "Tampa", "SITE_ZIP": "33616", "DOR_C": "0100", "ACT": 1955, "EFF": 2004, "HEAT_AR": 864, "ACREAGE": 0.14, "JUST": 202968, "BLDG": 109126, "S_DATE": 1559692800000, "AMT": 187000, "VI": "I", "STORIES": 1, "Shape__Area": 5951.203332892443}, "geometry": {"type": "Polygon", "coordinates": [[[-82.52552674146585, 27.88295399775927], [-82.52552414261615, 27.883217183693958], [-82.5257151168768, 27.883219150256625], [-82.52572081113689, 27.88295603464001], [-82.52552674146585, 27.88295399775927]]]}}, {"type": "Feature", "properties": {"OBJECTID": 437317, "FOLIO": "131432.0000", "PIN": "A-08-30-18-3XF-000007-00030.0", "TYPE": null, "SITE_ADDR": "4421 Leila Ave", "SITE_CITY": "Tampa", "SITE_ZIP": "33616", "DOR_C": "0100", "ACT": 1955, "EFF": 1990, "HEAT_AR": 1062, "ACREAGE": 0.14, "JUST": 183214, "BLDG": 88595, "S_DATE": 1778198400000, "AMT": 230000, "VI": "I", "STORIES": 1, "Shape__Area": 6038.930959935102}, "geometry": {"type": "Polygon", "coordinates": [[[-82.52063989064564, 27.88466036369539], [-82.52063668618673, 27.88492234083464], [-82.52067909830629, 27.884922786188028], [-82.52083258570278, 27.88492443360231], [-82.52083643940603, 27.88466239896316], [-82.52063989064564, 27.88466036369539]]]}}, {"type": "Feature", "properties": {"OBJECTID": 437395, "FOLIO": "131512.0000", "PIN": "A-08-30-18-3XF-000009-00030.0", "TYPE": null, "SITE_ADDR": "4421 W Trilby Ave", "SITE_CITY": "Tampa", "SITE_ZIP": "33616", "DOR_C": "0100", "ACT": 1955, "EFF": 1990, "HEAT_AR": 1062, "ACREAGE": 0.14, "JUST": 182742, "BLDG": 88739, "S_DATE": 641520000000, "AMT": 49000, "VI": "I", "STORIES": 1, "Shape__Area": 6064.093456816605}, "geometry": {"type": "Polygon", "coordinates": [[[-82.52064676519022, 27.88330223854672], [-82.5206456831792, 27.883561209895515], [-82.52069496672155, 27.88356173849325], [-82.52084532610608, 27.88356337065322], [-82.52084575701451, 27.883304264599964], [-82.52064676519022, 27.88330223854672]]]}}, {"type": "Feature", "properties": {"OBJECTID": 437436, "FOLIO": "131554.0000", "PIN": "A-08-30-18-3XG-000012-00009.0", "TYPE": null, "SITE_ADDR": "4717 W Wyoming Ave", "SITE_CITY": "Tampa", "SITE_ZIP": "33616", "DOR_C": "0100", "ACT": 1955, "EFF": 1990, "HEAT_AR": 977, "ACREAGE": 0.16, "JUST": 191394, "BLDG": 88081, "S_DATE": 896659200000, "AMT": 55000, "VI": "I", "STORIES": 1, "Shape__Area": 6991.342873485937}, "geometry": {"type": "Polygon", "coordinates": [[[-82.52450773475326, 27.88286092337872], [-82.52471013229261, 27.882863205239747], [-82.52471190438028, 27.882569464826076], [-82.52450888982526, 27.882567376621584], [-82.52450773475326, 27.88286092337872]]]}}, {"type": "Feature", "properties": {"OBJECTID": 437732, "FOLIO": "131854.0000", "PIN": "A-08-30-18-3XI-000004-00004.0", "TYPE": null, "SITE_ADDR": "4726 W Iowa Ave", "SITE_CITY": "Tampa", "SITE_ZIP": "33616", "DOR_C": "0100", "ACT": 1957, "EFF": 1991, "HEAT_AR": 1004, "ACREAGE": 0.21, "JUST": 232925, "BLDG": 99155, "S_DATE": 315532800000, "AMT": 31000, "VI": "I", "STORIES": 1, "Shape__Area": 8937.362383647465}, "geometry": {"type": "Polygon", "coordinates": [[[-82.52547729337498, 27.88057295414582], [-82.52547533480181, 27.88093642322919], [-82.52568515628188, 27.88093862125642], [-82.52568656095114, 27.880575841929954], [-82.52566272492764, 27.88057552039965], [-82.52547729337498, 27.88057295414582]]]}}, {"type": "Feature", "properties": {"OBJECTID": 437841, "FOLIO": "132016.0000", "PIN": "A-08-30-18-3XJ-000025-00015.0", "TYPE": null, "SITE_ADDR": "4703 W Paul Ave", "SITE_CITY": "Tampa", "SITE_ZIP": "33611", "DOR_C": "0100", "ACT": 1964, "EFF": 2007, "HEAT_AR": 1616, "ACREAGE": 0.22, "JUST": 383056, "BLDG": 226682, "S_DATE": 1762473600000, "AMT": 500000, "VI": "I", "STORIES": 1, "Shape__Area": 9418.182618602294}, "geometry": {"type": "Polygon", "coordinates": [[[-82.52507055534616, 27.8915891969663], [-82.52506893027902, 27.891938828390877], [-82.52517725877138, 27.891940148351594], [-82.52529794586202, 27.89194164132131], [-82.5253000285562, 27.891591649898892], [-82.52507055534616, 27.8915891969663]]]}}, {"type": "Feature", "properties": {"OBJECTID": 438650, "FOLIO": "132427.2630", "PIN": "A-08-30-18-94D-000000-00115.0", "TYPE": null, "SITE_ADDR": "4718 Legacy Park Dr", "SITE_CITY": "Tampa", "SITE_ZIP": "33611", "DOR_C": "0106", "ACT": 2023, "EFF": 2024, "HEAT_AR": 2131, "ACREAGE": 0.03, "JUST": 340079, "BLDG": 305164, "S_DATE": 1687996800000, "AMT": 607500, "VI": "I", "STORIES": 3, "Shape__Area": 1184.4960977113992}, "geometry": {"type": "Polygon", "coordinates": [[[-82.52403093792161, 27.885967569930383], [-82.52402906687277, 27.886094083968157], [-82.52410877144254, 27.886095014588463], [-82.52411064239868, 27.885968500550902], [-82.52403093792161, 27.885967569930383]]]}}, {"type": "Feature", "properties": {"OBJECTID": 438651, "FOLIO": "132427.2632", "PIN": "A-08-30-18-94D-000000-00116.0", "TYPE": null, "SITE_ADDR": "4720 Legacy Park Dr", "SITE_CITY": "Tampa", "SITE_ZIP": "33611", "DOR_C": "0106", "ACT": 2023, "EFF": 2024, "HEAT_AR": 2131, "ACREAGE": 0.03, "JUST": 340079, "BLDG": 305164, "S_DATE": null, "AMT": 0, "VI": null, "STORIES": 3, "Shape__Area": 1184.4920057195834}, "geometry": {"type": "Polygon", "coordinates": [[[-82.52410877144254, 27.886095014588463], [-82.52418847601287, 27.8860959451627], [-82.52419034688069, 27.885969432027725], [-82.52411064239868, 27.885968500550902], [-82.52410877144254, 27.886095014588463]]]}}, {"type": "Feature", "properties": {"OBJECTID": 439085, "FOLIO": "132427.4194", "PIN": "A-08-30-18-B2Z-000000-00032.0", "TYPE": null, "SITE_ADDR": "5120 Bridge St 4", "SITE_CITY": "Tampa", "SITE_ZIP": "33611", "DOR_C": "0106", "ACT": 2019, "EFF": 2022, "HEAT_AR": 2511, "ACREAGE": 0.03, "JUST": 555186, "BLDG": 499667, "S_DATE": 1735776000000, "AMT": 760000, "VI": "I", "STORIES": 3, "Shape__Area": 1300.2654223059676}, "geometry": {"type": "Polygon", "coordinates": [[[-82.52961976607214, 27.891592080816928], [-82.52947245463791, 27.891630077964756], [-82.52947044529294, 27.891623954679496], [-82.52944285558365, 27.891631071505756], [-82.52946184402488, 27.89168918354402], [-82.52948943375192, 27.891682067616244], [-82.52949142178346, 27.89168819369023], [-82.52964036952254, 27.891649775124108], [-82.52961976607214, 27.891592080816928]]]}}, {"type": "Feature", "properties": {"OBJECTID": 439450, "FOLIO": "132537.0000", "PIN": "A-09-30-18-3Y8-000002-00014.0", "TYPE": null, "SITE_ADDR": "4302 Oklahoma Ave", "SITE_CITY": "Tampa", "SITE_ZIP": "33616", "DOR_C": "0100", "ACT": 1965, "EFF": 1980, "HEAT_AR": 961, "ACREAGE": 0.23, "JUST": 214521, "BLDG": 78985, "S_DATE": 1012435200000, "AMT": 70800, "VI": "I", "STORIES": 1, "Shape__Area": 10099.338159191266}, "geometry": {"type": "Polygon", "coordinates": [[[-82.51649849206396, 27.88341038290613], [-82.51624553198518, 27.8838038670301], [-82.51659665266222, 27.883801973413128], [-82.51659770779597, 27.883456770804568], [-82.51649849206396, 27.88341038290613]]]}}, {"type": "Feature", "properties": {"OBJECTID": 439839, "FOLIO": "132926.0000", "PIN": "A-09-30-18-3YF-000016-00015.0", "TYPE": null, "SITE_ADDR": "3607 W Leila Ave", "SITE_CITY": "Tampa", "SITE_ZIP": "33611", "DOR_C": "0100", "ACT": 1958, "EFF": 1992, "HEAT_AR": 1344, "ACREAGE": 0.15, "JUST": 277004, "BLDG": 101492, "S_DATE": 1109203200000, "AMT": 159000, "VI": "I", "STORIES": 1, "Shape__Area": 6677.319618005926}, "geometry": {"type": "Polygon", "coordinates": [[[-82.50293482459273, 27.8846889900498], [-82.50293234638482, 27.884963067758456], [-82.50310555008983, 27.884964085440483], [-82.50313991235538, 27.884964290328004], [-82.50314242343026, 27.884690624905392], [-82.50293482459273, 27.8846889900498]]]}}, {"type": "Feature", "properties": {"OBJECTID": 440022, "FOLIO": "133090.0000", "PIN": "A-10-30-18-3YI-000008-00001.0", "TYPE": null, "SITE_ADDR": "6003 S Sheridan Rd", "SITE_CITY": "Tampa", "SITE_ZIP": "33611", "DOR_C": "0000", "ACT": 0, "EFF": 0, "HEAT_AR": 0, "ACREAGE": 0.24, "JUST": 240192, "BLDG": 0, "S_DATE": 1638576000000, "AMT": 315000, "VI": "I", "STORIES": 0, "Shape__Area": 10548.319751047466}, "geometry": {"type": "Polygon", "coordinates": [[[-82.49822631597853, 27.87964815330076], [-82.49822337868777, 27.88002736102354], [-82.49846032615481, 27.880025318877358], [-82.49846276578766, 27.879645619333296], [-82.49822631597853, 27.87964815330076]]]}}, {"type": "Feature", "properties": {"OBJECTID": 440414, "FOLIO": "133440.0000", "PIN": "A-09-30-18-3YJ-000008-00001.0", "TYPE": null, "SITE_ADDR": "3502 W Pearl Ave", "SITE_CITY": "Tampa", "SITE_ZIP": "33611", "DOR_C": "0100", "ACT": 1953, "EFF": 1989, "HEAT_AR": 847, "ACREAGE": 0.14, "JUST": 218215, "BLDG": 68397, "S_DATE": 1134604800000, "AMT": 165000, "VI": "I", "STORIES": 1, "Shape__Area": 6187.89500350121}, "geometry": {"type": "Polygon", "coordinates": [[[-82.50225883826685, 27.887404868722758], [-82.50244631890106, 27.88740638565581], [-82.50244870459315, 27.887125212671673], [-82.50226153255433, 27.887123556543106], [-82.50225883826685, 27.887404868722758]]]}}, {"type": "Feature", "properties": {"OBJECTID": 440419, "FOLIO": "133445.0000", "PIN": "A-09-30-18-3YJ-000008-00006.0", "TYPE": null, "SITE_ADDR": "3512 W Pearl Ave", "SITE_CITY": "Tampa", "SITE_ZIP": "33611", "DOR_C": "0100", "ACT": 1952, "EFF": 2003, "HEAT_AR": 825, "ACREAGE": 0.14, "JUST": 245958, "BLDG": 95339, "S_DATE": 465436800000, "AMT": 31800, "VI": "I", "STORIES": 1, "Shape__Area": 6134.62539828369}, "geometry": {"type": "Polygon", "coordinates": [[[-82.50318803979359, 27.887412369776403], [-82.50337459202973, 27.887413861762848], [-82.50337818683353, 27.887133536252428], [-82.50319222236185, 27.88713187788103], [-82.50318803979359, 27.887412369776403]]]}}, {"type": "Feature", "properties": {"OBJECTID": 440446, "FOLIO": "133472.0000", "PIN": "A-09-30-18-3YJ-000010-00003.0", "TYPE": null, "SITE_ADDR": "3606 W Rogers Ave", "SITE_CITY": "Tampa", "SITE_ZIP": "33611", "DOR_C": "0100", "ACT": 1953, "EFF": 1989, "HEAT_AR": 848, "ACREAGE": 0.15, "JUST": 228975, "BLDG": 69596, "S_DATE": 1776038400000, "AMT": 270000, "VI": "I", "STORIES": 1, "Shape__Area": 6499.778035747787}, "geometry": {"type": "Polygon", "coordinates": [[[-82.5047072054129, 27.8867236228204], [-82.50490802569728, 27.886724592153488], [-82.50491071177026, 27.886449550885317], [-82.50470896462377, 27.886448778964116], [-82.5047072054129, 27.8867236228204]]]}}, {"type": "Feature", "properties": {"OBJECTID": 499720, "FOLIO": "127537.0000", "PIN": null, "TYPE": null, "SITE_ADDR": null, "SITE_CITY": null, "SITE_ZIP": null, "DOR_C": "0100", "ACT": 1957, "EFF": 1991, "HEAT_AR": 2014, "ACREAGE": 0.16, "JUST": 584273, "BLDG": 207203, "S_DATE": 1144886400000, "AMT": 409000, "VI": "I", "STORIES": 1, "Shape__Area": 6780.099643348242}, "geometry": {"type": "Polygon", "coordinates": [[[-82.50155048781193, 27.902424298780858], [-82.50155111877214, 27.90279617455683], [-82.5016994869945, 27.902796624454336], [-82.50170506075109, 27.902796659210402], [-82.50170690277321, 27.90242436203346], [-82.50155048781193, 27.902424298780858]]]}}, {"type": "Feature", "properties": {"OBJECTID": 440664, "FOLIO": "133746.0000", "PIN": "A-09-30-18-3YO-000011-00014.0", "TYPE": null, "SITE_ADDR": "5605 S Lois Ave", "SITE_CITY": "Tampa", "SITE_ZIP": "33616", "DOR_C": "0100", "ACT": 1968, "EFF": 1996, "HEAT_AR": 4700, "ACREAGE": 0.29, "JUST": 853859, "BLDG": 685139, "S_DATE": 915148800000, "AMT": 113000, "VI": "I", "STORIES": 2, "Shape__Area": 12779.87130265245}, "geometry": {"type": "Polygon", "coordinates": [[[-82.51502676265106, 27.884252619827762], [-82.51481392082363, 27.884254790931138], [-82.51450264388544, 27.884257961670787], [-82.51449966161674, 27.884425896270724], [-82.51482878650823, 27.884563625365136], [-82.51502676265106, 27.884252619827762]]]}}, {"type": "Feature", "properties": {"OBJECTID": 440710, "FOLIO": "133807.0000", "PIN": "A-09-30-18-3YP-000004-00003.0", "TYPE": null, "SITE_ADDR": "5909 S Coolidge Ave", "SITE_CITY": "Tampa", "SITE_ZIP": "33616", "DOR_C": "0100", "ACT": 1962, "EFF": 1994, "HEAT_AR": 1536, "ACREAGE": 0.15, "JUST": 257710, "BLDG": 153191, "S_DATE": null, "AMT": 0, "VI": null, "STORIES": 1, "Shape__Area": 6449.453244937501}, "geometry": {"type": "Polygon", "coordinates": [[[-82.51702727950601, 27.881469459717948], [-82.51728967193844, 27.88160361063403], [-82.51739083107145, 27.88144697041181], [-82.51712936058523, 27.8813114400395], [-82.51702727950601, 27.881469459717948]]]}}, {"type": "Feature", "properties": {"OBJECTID": 440823, "FOLIO": "133925.0000", "PIN": "A-09-30-18-3YR-000000-00046.2", "TYPE": null, "SITE_ADDR": "4102 W Wyoming Ave", "SITE_CITY": "Tampa", "SITE_ZIP": "33616", "DOR_C": "0100", "ACT": 1956, "EFF": 2004, "HEAT_AR": 1600, "ACREAGE": 0.26, "JUST": 464878, "BLDG": 295228, "S_DATE": 1572220800000, "AMT": 380000, "VI": "I", "STORIES": 1, "Shape__Area": 11215.203670207515}, "geometry": {"type": "Polygon", "coordinates": [[[-82.51248884736027, 27.882451238693704], [-82.51248433270422, 27.882853279496526], [-82.512723580279, 27.882851730341127], [-82.51272475155734, 27.882449866211832], [-82.51248884736027, 27.882451238693704]]]}}, {"type": "Feature", "properties": {"OBJECTID": 440857, "FOLIO": "133960.0000", "PIN": "A-09-30-18-3YR-000000-00050.3", "TYPE": null, "SITE_ADDR": "4114 Oklahoma Ave", "SITE_CITY": "Tampa", "SITE_ZIP": "33616", "DOR_C": "0100", "ACT": 2017, "EFF": 2021, "HEAT_AR": 2020, "ACREAGE": 0.25, "JUST": 535894, "BLDG": 340029, "S_DATE": 1762992000000, "AMT": 800000, "VI": "I", "STORIES": 1, "Shape__Area": 10965.208126430505}, "geometry": {"type": "Polygon", "coordinates": [[[-82.51387544340248, 27.883417937286918], [-82.51386930575215, 27.88381607932253], [-82.51410480924534, 27.883814402732522], [-82.51410912016954, 27.883416514768378], [-82.51387544340248, 27.883417937286918]]]}}, {"type": "Feature", "properties": {"OBJECTID": 441028, "FOLIO": "134058.7192", "PIN": "A-09-30-18-B39-000000-00001.0", "TYPE": null, "SITE_ADDR": "5145 S Dale Mabry Hwy", "SITE_CITY": "Tampa", "SITE_ZIP": "33611", "DOR_C": "0310", "ACT": 2019, "EFF": 2022, "HEAT_AR": 336159, "ACREAGE": 12.93, "JUST": 64561700, "BLDG": 64561600, "S_DATE": 1617148800000, "AMT": 76500000, "VI": "I", "STORIES": 50, "Shape__Area": 563053.6481942879}, "geometry": {"type": "Polygon", "coordinates": [[[-82.51032332347167, 27.887959974717443], [-82.51032317472804, 27.88818211047176], [-82.51032302845158, 27.88840087207517], [-82.51032273856087, 27.888835059920982], [-82.51032270862211, 27.888843187192737], [-82.51031392603804, 27.891233659528055], [-82.51107591059325, 27.89123474583448], [-82.51260786520342, 27.888854802173032], [-82.51164737954785, 27.888846429540525], [-82.51165233770963, 27.888087224623128], [-82.51165239553005, 27.888078351851842], [-82.5114974885403, 27.888077923202108], [-82.51149846689354, 27.887967987220726], [-82.51128010889191, 27.88796649876476], [-82.5110652255176, 27.887965034081056], [-82.51085089365328, 27.887963572433122], [-82.51063356859788, 27.887962090856554], [-82.51032332347167, 27.887959974717443]]]}}, {"type": "Feature", "properties": {"OBJECTID": 441072, "FOLIO": "134100.0000", "PIN": "A-10-30-18-3YV-000001-00010.0", "TYPE": null, "SITE_ADDR": "3112 W Paxton Ave", "SITE_CITY": "Tampa", "SITE_ZIP": "33611", "DOR_C": "0100", "ACT": 1958, "EFF": 1992, "HEAT_AR": 1113, "ACREAGE": 0.19, "JUST": 283260, "BLDG": 87240, "S_DATE": 1742860800000, "AMT": 395000, "VI": "I", "STORIES": 1, "Shape__Area": 8141.452487380164}, "geometry": {"type": "Polygon", "coordinates": [[[-82.49482517654113, 27.887690077711742], [-82.49481918372175, 27.888142103052864], [-82.49497218798095, 27.88814573288392], [-82.49497879982322, 27.887693733294686], [-82.49482517654113, 27.887690077711742]]]}}, {"type": "Feature", "properties": {"OBJECTID": 441129, "FOLIO": "134151.0000", "PIN": "A-10-30-18-3YV-000004-00015.0", "TYPE": null, "SITE_ADDR": "3219 W Pearl Ave", "SITE_CITY": "Tampa", "SITE_ZIP": "33611", "DOR_C": "0100", "ACT": 1951, "EFF": 1988, "HEAT_AR": 1354, "ACREAGE": 0.19, "JUST": 283826, "BLDG": 87806, "S_DATE": 554774400000, "AMT": 48000, "VI": "I", "STORIES": 1, "Shape__Area": 8153.139348671325}, "geometry": {"type": "Polygon", "coordinates": [[[-82.49750333356141, 27.887296958457092], [-82.49749775291141, 27.887748733281743], [-82.49757397638939, 27.887750411926145], [-82.497652026219, 27.887752139885432], [-82.49765399925298, 27.887547266863308], [-82.49765636790943, 27.887300531065865], [-82.49750333356141, 27.887296958457092]]]}}, {"type": "Feature", "properties": {"OBJECTID": 441172, "FOLIO": "134193.0000", "PIN": "A-10-30-18-3YV-000006-00018.0", "TYPE": null, "SITE_ADDR": "3213 W Cherokee Ave", "SITE_CITY": "Tampa", "SITE_ZIP": "33611", "DOR_C": "0100", "ACT": 2017, "EFF": 2021, "HEAT_AR": 2756, "ACREAGE": 0.15, "JUST": 792568, "BLDG": 626524, "S_DATE": 1736812800000, "AMT": 985000, "VI": "I", "STORIES": 2, "Shape__Area": 6738.712753585729}, "geometry": {"type": "Polygon", "coordinates": [[[-82.4970161269953, 27.88953161670935], [-82.49717031468526, 27.889535294861673], [-82.49717291771397, 27.889163104241163], [-82.49701891845471, 27.889159205217446], [-82.4970161269953, 27.88953161670935]]]}}, {"type": "Feature", "properties": {"OBJECTID": 441492, "FOLIO": "134457.1020", "PIN": "A-10-30-18-3Z8-000001-00010.0", "TYPE": null, "SITE_ADDR": "5301 Pearl Ct", "SITE_CITY": "Tampa", "SITE_ZIP": "33611", "DOR_C": "0100", "ACT": 1973, "EFF": 1999, "HEAT_AR": 1247, "ACREAGE": 0.22, "JUST": 293498, "BLDG": 115274, "S_DATE": 520560000000, "AMT": 61500, "VI": "I", "STORIES": 1, "Shape__Area": 9686.310268410158}, "geometry": {"type": "Polygon", "coordinates": [[[-82.48825393765051, 27.887015845147474], [-82.48824817998184, 27.887174547659512], [-82.48846760879415, 27.887176437009824], [-82.48870561227008, 27.887178478552276], [-82.4887483492789, 27.887127138279958], [-82.4885825249987, 27.887018941350306], [-82.48841253990528, 27.886908009288852], [-82.48840558138147, 27.88692851432243], [-82.48839511855628, 27.886947808090923], [-82.48838140424299, 27.88696542044053], [-82.48836477371108, 27.886980923338765], [-82.48834563151563, 27.88699393814078], [-82.48832444343304, 27.887004149154155], [-82.48830172530553, 27.887011307288276], [-82.48827803088578, 27.887015237316863], [-82.48825393765051, 27.887015845147474]]]}}, {"type": "Feature", "properties": {"OBJECTID": 441659, "FOLIO": "134536.0050", "PIN": "A-10-30-18-3ZC-T00000-00001.0", "TYPE": null, "SITE_ADDR": "2925 W Tyson Ave", "SITE_CITY": "Tampa", "SITE_ZIP": "33611", "DOR_C": "0100", "ACT": 1979, "EFF": 2011, "HEAT_AR": 1104, "ACREAGE": 0.13, "JUST": 349458, "BLDG": 191907, "S_DATE": 1476835200000, "AMT": 245000, "VI": "I", "STORIES": 1, "Shape__Area": 5820.143203360449}, "geometry": {"type": "Polygon", "coordinates": [[[-82.49251417499318, 27.885975734906815], [-82.49251282802486, 27.886133468852638], [-82.49266779887468, 27.886137358652373], [-82.49282194183822, 27.88614121333564], [-82.49281816443664, 27.88597560877063], [-82.49251417499318, 27.885975734906815]]]}}, {"type": "Feature", "properties": {"OBJECTID": 441695, "FOLIO": "134567.1000", "PIN": "A-10-30-18-3ZD-B00000-00015.0", "TYPE": null, "SITE_ADDR": "5407 S Sellas St", "SITE_CITY": "Tampa", "SITE_ZIP": "33611", "DOR_C": "0100", "ACT": 1984, "EFF": 2004, "HEAT_AR": 872, "ACREAGE": 0.17, "JUST": 269402, "BLDG": 89402, "S_DATE": 454896000000, "AMT": 44200, "VI": "I", "STORIES": 1, "Shape__Area": 7326.755757403619}, "geometry": {"type": "Polygon", "coordinates": [[[-82.48832107705857, 27.88535238089147], [-82.48831936685194, 27.885488459013445], [-82.4887793042677, 27.885486413161875], [-82.48878086221963, 27.885351161292025], [-82.48832107705857, 27.88535238089147]]]}}, {"type": "Feature", "properties": {"OBJECTID": 441719, "FOLIO": "134583.0000", "PIN": "A-10-30-18-3ZD-C00000-00020.0", "TYPE": null, "SITE_ADDR": "2805 Wallace Ave", "SITE_CITY": "Tampa", "SITE_ZIP": "33611", "DOR_C": "0100", "ACT": 1958, "EFF": 1992, "HEAT_AR": 824, "ACREAGE": 0.17, "JUST": 246960, "BLDG": 68777, "S_DATE": 1495152000000, "AMT": 136000, "VI": "I", "STORIES": 1, "Shape__Area": 7301.080090077973}, "geometry": {"type": "Polygon", "coordinates": [[[-82.48977966188367, 27.88509161140234], [-82.48977596957018, 27.88533029341472], [-82.48977342517138, 27.885494099499557], [-82.48992768030638, 27.885494210189556], [-82.48993422509368, 27.88509147373318], [-82.48977966188367, 27.88509161140234]]]}}, {"type": "Feature", "properties": {"OBJECTID": 441872, "FOLIO": "134686.0125", "PIN": "A-10-30-18-3ZF-K00000-00014.0", "TYPE": null, "SITE_ADDR": "2913 W Trilby Ave", "SITE_CITY": "Tampa", "SITE_ZIP": "33611", "DOR_C": "0100", "ACT": 1994, "EFF": 2010, "HEAT_AR": 1306, "ACREAGE": 0.16, "JUST": 357355, "BLDG": 163974, "S_DATE": 1482192000000, "AMT": 265000, "VI": "I", "STORIES": 1, "Shape__Area": 7109.212301958414}, "geometry": {"type": "Polygon", "coordinates": [[[-82.49218609764098, 27.88367557497303], [-82.4923427943023, 27.88367559124606], [-82.49234853489241, 27.88328856321454], [-82.49219245703036, 27.883288489686304], [-82.49218609764098, 27.88367557497303]]]}}, {"type": "Feature", "properties": {"OBJECTID": 442137, "FOLIO": "134849.0100", "PIN": "A-10-30-18-3ZM-00005A-00022.0", "TYPE": null, "SITE_ADDR": "6202 S Elberon St", "SITE_CITY": "Tampa", "SITE_ZIP": "33611", "DOR_C": "0100", "ACT": 1980, "EFF": 2002, "HEAT_AR": 1120, "ACREAGE": 0.13, "JUST": 249367, "BLDG": 107227, "S_DATE": 1745971200000, "AMT": 300000, "VI": "I", "STORIES": 1, "Shape__Area": 5732.593213766334}, "geometry": {"type": "Polygon", "coordinates": [[[-82.48757783335333, 27.880525753282477], [-82.48793664217654, 27.88053548360244], [-82.4879393743251, 27.880399128335053], [-82.48758103289043, 27.880390028058496], [-82.48757783335333, 27.880525753282477]]]}}, {"type": "Feature", "properties": {"OBJECTID": 442192, "FOLIO": "134889.0000", "PIN": "A-10-30-18-3ZO-000003-00006.0", "TYPE": null, "SITE_ADDR": "3210 Marlin Ave", "SITE_CITY": "Tampa", "SITE_ZIP": "33611", "DOR_C": "0100", "ACT": 2005, "EFF": 2015, "HEAT_AR": 2062, "ACREAGE": 0.15, "JUST": 560433, "BLDG": 396813, "S_DATE": 1436745600000, "AMT": 336500, "VI": "I", "STORIES": 1, "Shape__Area": 6658.306857232913}, "geometry": {"type": "Polygon", "coordinates": [[[-82.49683083211976, 27.89264539600115], [-82.49698510066219, 27.892646241340085], [-82.49698576028621, 27.892275625388077], [-82.49683424601601, 27.892274384785793], [-82.49683083211976, 27.89264539600115]]]}}, {"type": "Feature", "properties": {"OBJECTID": 442288, "FOLIO": "134985.0000", "PIN": "A-10-30-18-3ZR-000001-00016.0", "TYPE": null, "SITE_ADDR": "3317 Marlin Ave", "SITE_CITY": "Tampa", "SITE_ZIP": "33611", "DOR_C": "0100", "ACT": 1940, "EFF": 1982, "HEAT_AR": 741, "ACREAGE": 0.18, "JUST": 260077, "BLDG": 61321, "S_DATE": 1294963200000, "AMT": 32000, "VI": "I", "STORIES": 1, "Shape__Area": 7893.430694801477}, "geometry": {"type": "Polygon", "coordinates": [[[-82.49918357068606, 27.892806082854733], [-82.49918170158585, 27.89317444344787], [-82.49936334252509, 27.893174573345636], [-82.49936678048984, 27.892806043734915], [-82.49918357068606, 27.892806082854733]]]}}, {"type": "Feature", "properties": {"OBJECTID": 442451, "FOLIO": "135147.0000", "PIN": "A-10-30-18-3ZR-000013-00023.0", "TYPE": null, "SITE_ADDR": "3301 W Pearl Ave", "SITE_CITY": "Tampa", "SITE_ZIP": "33611", "DOR_C": "0100", "ACT": 1951, "EFF": 2003, "HEAT_AR": 989, "ACREAGE": 0.17, "JUST": 304968, "BLDG": 100027, "S_DATE": 1405382400000, "AMT": 162000, "VI": "I", "STORIES": 1, "Shape__Area": 7541.54225801205}, "geometry": {"type": "Polygon", "coordinates": [[[-82.49830164256113, 27.887878265997934], [-82.49830585871423, 27.887534922464084], [-82.49811808393531, 27.887529990728815], [-82.4981156328441, 27.887873658169934], [-82.49830164256113, 27.887878265997934]]]}}, {"type": "Feature", "properties": {"OBJECTID": 442540, "FOLIO": "135239.0000", "PIN": "A-10-30-18-3ZT-A00000-00001.0", "TYPE": null, "SITE_ADDR": "3216 W Pearl Ave", "SITE_CITY": "Tampa", "SITE_ZIP": "33611", "DOR_C": "0100", "ACT": 1958, "EFF": 1992, "HEAT_AR": 1223, "ACREAGE": 0.2, "JUST": 270016, "BLDG": 89107, "S_DATE": 1210550400000, "AMT": 120000, "VI": "I", "STORIES": 1, "Shape__Area": 8707.287844899893}, "geometry": {"type": "Polygon", "coordinates": [[[-82.49766327445586, 27.887077791305806], [-82.49796283817655, 27.887083995718633], [-82.49796408371397, 27.886835229011343], [-82.49766829471886, 27.886828568783805], [-82.49766327445586, 27.887077791305806]]]}}, {"type": "Feature", "properties": {"OBJECTID": 442667, "FOLIO": "135369.0000", "PIN": "A-10-30-18-3ZV-I00000-00004.0", "TYPE": null, "SITE_ADDR": "5603 S Lynwood Ave", "SITE_CITY": "Tampa", "SITE_ZIP": "33611", "DOR_C": "0100", "ACT": 1959, "EFF": 1992, "HEAT_AR": 1410, "ACREAGE": 0.21, "JUST": 355548, "BLDG": 124827, "S_DATE": 1782777600000, "AMT": 386100, "VI": "I", "STORIES": 1, "Shape__Area": 9362.174882722156}, "geometry": {"type": "Polygon", "coordinates": [[[-82.50070130941032, 27.88505012545236], [-82.5007010034024, 27.88511121661978], [-82.50069617547437, 27.88515301427919], [-82.50068432242968, 27.885193689575765], [-82.50066571218315, 27.885232315654505], [-82.50100856681266, 27.88536342773052], [-82.50100965459663, 27.885236566442764], [-82.50101117077062, 27.885054940390532], [-82.50070130941032, 27.88505012545236]]]}}, {"type": "Feature", "properties": {"OBJECTID": 442721, "FOLIO": "135429.0000", "PIN": "A-10-30-18-3ZW-000004-00001.1", "TYPE": null, "SITE_ADDR": "3210 W Wyoming Ave", "SITE_CITY": "Tampa", "SITE_ZIP": "33611", "DOR_C": "0100", "ACT": 1985, "EFF": 2005, "HEAT_AR": 1130, "ACREAGE": 0.19, "JUST": 325126, "BLDG": 129022, "S_DATE": 489024000000, "AMT": 57000, "VI": "I", "STORIES": 1, "Shape__Area": 8240.878926028625}, "geometry": {"type": "Polygon", "coordinates": [[[-82.49663196757538, 27.88220756393464], [-82.49644314441007, 27.882206775703402], [-82.4964403729563, 27.88237849962372], [-82.49644214998875, 27.882575979323196], [-82.49663097294494, 27.88257702654452], [-82.49663196757538, 27.88220756393464]]]}}, {"type": "Feature", "properties": {"OBJECTID": 442878, "FOLIO": "135554.0000", "PIN": "A-10-30-18-3ZW-000013-00008.0", "TYPE": null, "SITE_ADDR": "6012 S 4th St", "SITE_CITY": "Tampa", "SITE_ZIP": "33611", "DOR_C": "0100", "ACT": 1992, "EFF": 2008, "HEAT_AR": 2056, "ACREAGE": 0.27, "JUST": 610964, "BLDG": 348797, "S_DATE": 691545600000, "AMT": 23000, "VI": "V", "STORIES": 1, "Shape__Area": 11575.96689932892}, "geometry": {"type": "Polygon", "coordinates": [[[-82.49304130281392, 27.87959553583115], [-82.49263506815343, 27.87978944937516], [-82.49271230903514, 27.879914627653694], [-82.4927518537449, 27.879978682610076], [-82.49315522427416, 27.879781920103607], [-82.49304130281392, 27.87959553583115]]]}}, {"type": "Feature", "properties": {"OBJECTID": 443087, "FOLIO": "135700.0000", "PIN": "A-11-30-18-406-000000-00024.0", "TYPE": null, "SITE_ADDR": "5200 Bayshore Blvd", "SITE_CITY": "Tampa", "SITE_ZIP": "33611", "DOR_C": "0100", "ACT": 1959, "EFF": 1992, "HEAT_AR": 1365, "ACREAGE": 0.19, "JUST": 369495, "BLDG": 131155, "S_DATE": 1017100800000, "AMT": 200000, "VI": "I", "STORIES": 1, "Shape__Area": 8386.677419214042}, "geometry": {"type": "Polygon", "coordinates": [[[-82.48566780467468, 27.88948126134103], [-82.48566883549297, 27.88926139346308], [-82.48534404942112, 27.889259741618687], [-82.48534363016067, 27.889349062637933], [-82.48534301794655, 27.889479609502576], [-82.48566780467468, 27.88948126134103]]]}}, {"type": "Feature", "properties": {"OBJECTID": 443568, "FOLIO": "135769.0878", "PIN": "A-10-30-18-66K-000000-00014.0", "TYPE": null, "SITE_ADDR": "3130 Santorini Ct", "SITE_CITY": "Tampa", "SITE_ZIP": "33611", "DOR_C": "0106", "ACT": 2003, "EFF": 2014, "HEAT_AR": 1674, "ACREAGE": 0.03, "JUST": 322481, "BLDG": 289557, "S_DATE": 1664496000000, "AMT": 379000, "VI": "I", "STORIES": 2, "Shape__Area": 1145.9928167997125}, "geometry": {"type": "Polygon", "coordinates": [[[-82.49526111237778, 27.883096886423377], [-82.49518063725479, 27.883095302955805], [-82.49517831971362, 27.883225477884217], [-82.49520526765306, 27.88322503366712], [-82.49520418763711, 27.88320551553363], [-82.49521317096035, 27.883205367758553], [-82.49521597134364, 27.88321616596284], [-82.49525813368211, 27.88321654875053], [-82.49526111237778, 27.883096886423377]]]}}, {"type": "Feature", "properties": {"OBJECTID": 443654, "FOLIO": "135769.1166", "PIN": "A-10-30-18-73Q-000000-00023.0", "TYPE": null, "SITE_ADDR": "3318 Las Campos Pl", "SITE_CITY": "Tampa", "SITE_ZIP": "33611", "DOR_C": "0106", "ACT": 2005, "EFF": 2015, "HEAT_AR": 1443, "ACREAGE": 0.02, "JUST": 333638, "BLDG": 300274, "S_DATE": 1402531200000, "AMT": 189000, "VI": "I", "STORIES": 3, "Shape__Area": 687.7351487474373}, "geometry": {"type": "Polygon", "coordinates": [[[-82.49849471952419, 27.893185935682133], [-82.49849471949726, 27.893201449126558], [-82.49849472826195, 27.893264774376807], [-82.49856900893225, 27.893264767428178], [-82.49856900102012, 27.893201416005166], [-82.49856900014483, 27.89318592963661], [-82.49849471952419, 27.893185935682133]]]}}, {"type": "Feature", "properties": {"OBJECTID": 444316, "FOLIO": "136004.0000", "PIN": "A-15-30-18-40X-000000-00013.0", "TYPE": null, "SITE_ADDR": "3003 W Van Buren Dr", "SITE_CITY": "Tampa", "SITE_ZIP": "33611", "DOR_C": "0100", "ACT": 1952, "EFF": 1988, "HEAT_AR": 937, "ACREAGE": 0.22, "JUST": 235897, "BLDG": 83362, "S_DATE": 1336089600000, "AMT": 55000, "VI": "I", "STORIES": 1, "Shape__Area": 9625.927933546596}, "geometry": {"type": "Polygon", "coordinates": [[[-82.49044124860598, 27.87037082843357], [-82.49075339351695, 27.87037205263649], [-82.49085697510323, 27.870370597507268], [-82.49085459116935, 27.870123054984088], [-82.49080197496284, 27.870123456110434], [-82.49077573983152, 27.870127681651834], [-82.49075070954547, 27.87013584737989], [-82.49072762938134, 27.870147709697296], [-82.49070718320107, 27.870162916935236], [-82.49069521897984, 27.870178727491627], [-82.49068040732514, 27.8701925032933], [-82.4906631780075, 27.87020384303822], [-82.49064403220152, 27.870212416461634], [-82.49062352527619, 27.87021797612873], [-82.4906022536056, 27.870220360189126], [-82.49058083631898, 27.87021949875866], [-82.49055989398792, 27.87021541670251], [-82.49054003643644, 27.870208232776246], [-82.49052184038433, 27.870198156095444], [-82.49050583418652, 27.870185479873033], [-82.49049248357183, 27.870170571543294], [-82.49048217738984, 27.870153864690767], [-82.4904457168755, 27.870154143251074], [-82.49044124860598, 27.87037082843357]]]}}, {"type": "Feature", "properties": {"OBJECTID": 444332, "FOLIO": "136021.0000", "PIN": "A-15-30-18-40Y-000000-00002.0", "TYPE": null, "SITE_ADDR": "3005 W Meadow St", "SITE_CITY": "Tampa", "SITE_ZIP": "33611", "DOR_C": "0100", "ACT": 1952, "EFF": 1952, "HEAT_AR": 937, "ACREAGE": 0.16, "JUST": 181032, "BLDG": 42432, "S_DATE": 1059350400000, "AMT": 91000, "VI": "I", "STORIES": 1, "Shape__Area": 6813.617245779917}, "geometry": {"type": "Polygon", "coordinates": [[[-82.49078813870871, 27.86950543590408], [-82.49079058287509, 27.869746330107443], [-82.49091964435777, 27.869745370836217], [-82.49103140376418, 27.869744544336776], [-82.49102899919701, 27.86950376731615], [-82.49078813870871, 27.86950543590408]]]}}, {"type": "Feature", "properties": {"OBJECTID": 444352, "FOLIO": "136043.0000", "PIN": "A-15-30-18-40Y-000000-00024.0", "TYPE": null, "SITE_ADDR": "3012 W Meadow St", "SITE_CITY": "Tampa", "SITE_ZIP": "33611", "DOR_C": "0100", "ACT": 1952, "EFF": 1988, "HEAT_AR": 949, "ACREAGE": 0.15, "JUST": 221978, "BLDG": 86319, "S_DATE": 1141948800000, "AMT": 244000, "VI": "I", "STORIES": 1, "Shape__Area": 6739.2053272082185}, "geometry": {"type": "Polygon", "coordinates": [[[-82.4915440887202, 27.869119961471103], [-82.49154623521612, 27.86936946039477], [-82.49177538615405, 27.869368055136082], [-82.49177504383427, 27.869121077466982], [-82.49170267670281, 27.869118432395798], [-82.4915440887202, 27.869119961471103]]]}}, {"type": "Feature", "properties": {"OBJECTID": 444436, "FOLIO": "136124.0000", "PIN": "A-15-30-18-40Z-000004-00005.0", "TYPE": null, "SITE_ADDR": "2802 W Foster Ave", "SITE_CITY": "Tampa", "SITE_ZIP": "33611", "DOR_C": "0100", "ACT": 1952, "EFF": 2014, "HEAT_AR": 1604, "ACREAGE": 0.35, "JUST": 542375, "BLDG": 252028, "S_DATE": 1409184000000, "AMT": 255000, "VI": "I", "STORIES": 1, "Shape__Area": 15259.788324527235}, "geometry": {"type": "Polygon", "coordinates": [[[-82.48816524439619, 27.874503699591052], [-82.48815751300543, 27.87491254750719], [-82.48819488239113, 27.874918701475405], [-82.48823131475957, 27.874928321335638], [-82.48833786770459, 27.874974108239407], [-82.48844302235257, 27.875022383471645], [-82.48859246449213, 27.874739614167012], [-82.48841426897539, 27.874664000854256], [-82.4883907975231, 27.8746488917439], [-82.48816524439619, 27.874503699591052]]]}}, {"type": "Feature", "properties": {"OBJECTID": 444494, "FOLIO": "136181.0000", "PIN": "A-15-30-18-40Z-000007-00003.0", "TYPE": null, "SITE_ADDR": "6028 S Switzer Ave", "SITE_CITY": "Tampa", "SITE_ZIP": "33611", "DOR_C": "0100", "ACT": 2017, "EFF": 2021, "HEAT_AR": 3880, "ACREAGE": 0.24, "JUST": 1138929, "BLDG": 910319, "S_DATE": null, "AMT": 0, "VI": null, "STORIES": 4, "Shape__Area": 10265.11936439729}, "geometry": {"type": "Polygon", "coordinates": [[[-82.48931460115091, 27.878733821772133], [-82.4893761548151, 27.878907945305013], [-82.48986214206184, 27.878929179905832], [-82.48986802427805, 27.878764201298136], [-82.48931460115091, 27.878733821772133]]]}}, {"type": "Feature", "properties": {"OBJECTID": 444499, "FOLIO": "136185.0000", "PIN": "A-15-30-18-40Z-000008-00002.0", "TYPE": null, "SITE_ADDR": "2809 Sanders Dr", "SITE_CITY": "Tampa", "SITE_ZIP": "33611", "DOR_C": "0100", "ACT": 1952, "EFF": 1988, "HEAT_AR": 1222, "ACREAGE": 0.21, "JUST": 322067, "BLDG": 106340, "S_DATE": 1059609600000, "AMT": 197500, "VI": "I", "STORIES": 1, "Shape__Area": 9079.385111347969}, "geometry": {"type": "Polygon", "coordinates": [[[-82.48822377077482, 27.878712171558263], [-82.48821910044684, 27.87904423958626], [-82.48841456624103, 27.87904868935266], [-82.4884533555031, 27.87904956988113], [-82.48845436902796, 27.878716578996908], [-82.48822377077482, 27.878712171558263]]]}}, {"type": "Feature", "properties": {"OBJECTID": 444870, "FOLIO": "136492.0000", "PIN": "A-15-30-18-41G-G00000-00001.0", "TYPE": null, "SITE_ADDR": "6306 Interbay Blvd", "SITE_CITY": "Tampa", "SITE_ZIP": "33611", "DOR_C": "0100", "ACT": 1972, "EFF": 1998, "HEAT_AR": 1292, "ACREAGE": 0.23, "JUST": 344484, "BLDG": 113546, "S_DATE": 1078185600000, "AMT": 146000, "VI": "I", "STORIES": 1, "Shape__Area": 10045.221222496535}, "geometry": {"type": "Polygon", "coordinates": [[[-82.49884519238928, 27.876810581616017], [-82.4991114209615, 27.8771625677512], [-82.49927577385729, 27.87705901673421], [-82.49900994087919, 27.876706765975896], [-82.49884519238928, 27.876810581616017]]]}}, {"type": "Feature", "properties": {"OBJECTID": 444880, "FOLIO": "136503.0000", "PIN": "A-15-30-18-41G-G00000-00015.0", "TYPE": null, "SITE_ADDR": "6309 S Main Ave", "SITE_CITY": "Tampa", "SITE_ZIP": "33611", "DOR_C": "0100", "ACT": 1981, "EFF": 2003, "HEAT_AR": 1708, "ACREAGE": 0.17, "JUST": 361890, "BLDG": 167192, "S_DATE": 489024000000, "AMT": 56000, "VI": "I", "STORIES": 1, "Shape__Area": 7337.533176689015}, "geometry": {"type": "Polygon", "coordinates": [[[-82.49857571495517, 27.876455298411948], [-82.49866150914853, 27.87656809194743], [-82.49903353069357, 27.876336463313585], [-82.49894889816167, 27.876220585849175], [-82.49857571495517, 27.876455298411948]]]}}, {"type": "Feature", "properties": {"OBJECTID": 445015, "FOLIO": "136598.0000", "PIN": "A-15-30-18-41M-000000-00007.0", "TYPE": null, "SITE_ADDR": "3107 W Napoleon Ave", "SITE_CITY": "Tampa", "SITE_ZIP": "33611", "DOR_C": "0100", "ACT": 1948, "EFF": 1986, "HEAT_AR": 1299, "ACREAGE": 0.19, "JUST": 271661, "BLDG": 97876, "S_DATE": null, "AMT": 0, "VI": null, "STORIES": 1, "Shape__Area": 8143.881541556768}, "geometry": {"type": "Polygon", "coordinates": [[[-82.49502635165209, 27.871578085249723], [-82.49502701616332, 27.871880675015625], [-82.49506502334935, 27.87188029132303], [-82.49522243909894, 27.87187871544596], [-82.49525425614107, 27.871878399952358], [-82.49525730611988, 27.871575686759137], [-82.49502635165209, 27.871578085249723]]]}}, {"type": "Feature", "properties": {"OBJECTID": 445234, "FOLIO": "136752.0000", "PIN": "A-15-30-18-41N-000000-00064.0", "TYPE": null, "SITE_ADDR": "2823 Shelton Ave", "SITE_CITY": "Tampa", "SITE_ZIP": "33611", "DOR_C": "0100", "ACT": 1952, "EFF": 1988, "HEAT_AR": 768, "ACREAGE": 0.18, "JUST": 243652, "BLDG": 86242, "S_DATE": 1278892800000, "AMT": 118500, "VI": "I", "STORIES": 1, "Shape__Area": 7875.027555021024}, "geometry": {"type": "Polygon", "coordinates": [[[-82.49109432472153, 27.866537256968666], [-82.4910956267261, 27.866826063939573], [-82.49132775527562, 27.86682523724997], [-82.49132645265566, 27.866536430289106], [-82.49109432472153, 27.866537256968666]]]}}, {"type": "Feature", "properties": {"OBJECTID": 445320, "FOLIO": "136806.0000", "PIN": "A-15-30-18-41O-000004-00035.0", "TYPE": null, "SITE_ADDR": "3307 W Van Buren Dr", "SITE_CITY": "Tampa", "SITE_ZIP": "33611", "DOR_C": "0100", "ACT": 1959, "EFF": 1992, "HEAT_AR": 899, "ACREAGE": 0.22, "JUST": 261819, "BLDG": 81634, "S_DATE": 1649376000000, "AMT": 320000, "VI": "I", "STORIES": 1, "Shape__Area": 9451.748581959815}, "geometry": {"type": "Polygon", "coordinates": [[[-82.49941487429447, 27.869885579572887], [-82.49941200089674, 27.87021698100365], [-82.49943397636247, 27.870217093642086], [-82.49965534764716, 27.87021799559167], [-82.49965636026828, 27.86988555590231], [-82.49941487429447, 27.869885579572887]]]}}, {"type": "Feature", "properties": {"OBJECTID": 445446, "FOLIO": "136872.0150", "PIN": "A-15-30-18-41O-000015-00002.0", "TYPE": null, "SITE_ADDR": "6504 Englewood Ave", "SITE_CITY": "Tampa", "SITE_ZIP": "33611", "DOR_C": "0100", "ACT": 1980, "EFF": 2012, "HEAT_AR": 1120, "ACREAGE": 0.21, "JUST": 374807, "BLDG": 192576, "S_DATE": 1691539200000, "AMT": 460000, "VI": "I", "STORIES": 1, "Shape__Area": 9198.981371130665}, "geometry": {"type": "Polygon", "coordinates": [[[-82.50071288685118, 27.873241373424555], [-82.50071182114061, 27.873386608102628], [-82.50125332204533, 27.873382576229588], [-82.50125402042782, 27.873238442937975], [-82.50071288685118, 27.873241373424555]]]}}, {"type": "Feature", "properties": {"OBJECTID": 445547, "FOLIO": "136939.0000", "PIN": "A-15-30-18-41R-000000-00021.0", "TYPE": null, "SITE_ADDR": "3014 N Adams St", "SITE_CITY": "Tampa", "SITE_ZIP": "33611", "DOR_C": "0100", "ACT": 1950, "EFF": 2002, "HEAT_AR": 1027, "ACREAGE": 0.16, "JUST": 231346, "BLDG": 93346, "S_DATE": 1693440000000, "AMT": 246300, "VI": "I", "STORIES": 1, "Shape__Area": 6851.72082016463}, "geometry": {"type": "Polygon", "coordinates": [[[-82.49239353693063, 27.87035889802894], [-82.49221637321793, 27.870360247851043], [-82.49216301766077, 27.870360653941216], [-82.4921654588195, 27.87061368201307], [-82.49239597860843, 27.870611922480293], [-82.49239353693063, 27.87035889802894]]]}}, {"type": "Feature", "properties": {"OBJECTID": 445873, "FOLIO": "136971.0000", "PIN": "A-16-30-18-ZZZ-000005-55050.0", "TYPE": null, "SITE_ADDR": "4120 W Mango Ave", "SITE_CITY": "Tampa", "SITE_ZIP": "33616", "DOR_C": "8900", "ACT": 1976, "EFF": 1997, "HEAT_AR": 16704, "ACREAGE": 39.01, "JUST": 2914112, "BLDG": 1261805, "S_DATE": null, "AMT": 0, "VI": null, "STORIES": 4, "Shape__Area": 1699478.1341294104}, "geometry": {"type": "Polygon", "coordinates": [[[-82.51496981246319, 27.875487686305043], [-82.51458627724229, 27.87563349763858], [-82.51455491684953, 27.879083260473127], [-82.51473981150568, 27.87915647744664], [-82.5184982640871, 27.879169863594022], [-82.5185394274705, 27.87549088454719], [-82.51496981246319, 27.875487686305043]]]}}, {"type": "Feature", "properties": {"OBJECTID": 446018, "FOLIO": "137131.0000", "PIN": "A-16-30-18-41S-000006-00032.0", "TYPE": null, "SITE_ADDR": "4109 W Marietta St", "SITE_CITY": "Tampa", "SITE_ZIP": "33616", "DOR_C": "0100", "ACT": 1958, "EFF": 2005, "HEAT_AR": 1128, "ACREAGE": 0.14, "JUST": 295336, "BLDG": 189712, "S_DATE": 1607385600000, "AMT": 259900, "VI": "I", "STORIES": 1, "Shape__Area": 6275.635863104209}, "geometry": {"type": "Polygon", "coordinates": [[[-82.51353065541119, 27.877059790946575], [-82.51352937901487, 27.877347066782743], [-82.51371476759125, 27.877348163944195], [-82.51371728079276, 27.87706096562347], [-82.51353065541119, 27.877059790946575]]]}}, {"type": "Feature", "properties": {"OBJECTID": 446042, "FOLIO": "137158.0000", "PIN": "A-16-30-18-41S-000008-00011.0", "TYPE": null, "SITE_ADDR": "6238 S Grady Ave", "SITE_CITY": "Tampa", "SITE_ZIP": "33616", "DOR_C": "0100", "ACT": 1958, "EFF": 1992, "HEAT_AR": 1128, "ACREAGE": 0.15, "JUST": 184151, "BLDG": 84691, "S_DATE": 1079913600000, "AMT": 104700, "VI": "I", "STORIES": 1, "Shape__Area": 6630.803633716901}, "geometry": {"type": "Polygon", "coordinates": [[[-82.51069063920673, 27.876352801348947], [-82.51037875194834, 27.876352939018084], [-82.5103762509308, 27.87651245514646], [-82.51037594086573, 27.876532535091545], [-82.51068883023429, 27.87653462178227], [-82.51069063920673, 27.876352801348947]]]}}, {"type": "Feature", "properties": {"OBJECTID": 446611, "FOLIO": "137704.0000", "PIN": "A-16-30-18-424-000000-00043.0", "TYPE": null, "SITE_ADDR": "3710 W Elrod Ave", "SITE_CITY": "Tampa", "SITE_ZIP": "33611", "DOR_C": "0100", "ACT": 1951, "EFF": 2003, "HEAT_AR": 1648, "ACREAGE": 0.14, "JUST": 345951, "BLDG": 216605, "S_DATE": 1508198400000, "AMT": 198000, "VI": "I", "STORIES": 1, "Shape__Area": 6307.88083815927}, "geometry": {"type": "Polygon", "coordinates": [[[-82.50392727604412, 27.874823925010357], [-82.50416258550398, 27.875098563394104], [-82.50428783332539, 27.87501770626151], [-82.50405411691476, 27.874742373721414], [-82.50392727604412, 27.874823925010357]]]}}, {"type": "Feature", "properties": {"OBJECTID": 447005, "FOLIO": "137810.0020", "PIN": "A-16-30-18-9Q1-000000-00005.0", "TYPE": null, "SITE_ADDR": "7712 Landcare Ln", "SITE_CITY": "Tampa", "SITE_ZIP": "33616", "DOR_C": "0100", "ACT": 2012, "EFF": 2018, "HEAT_AR": 2436, "ACREAGE": 0.17, "JUST": 514826, "BLDG": 400744, "S_DATE": 1334102400000, "AMT": 285000, "VI": "I", "STORIES": 2, "Shape__Area": 7613.141095874852}, "geometry": {"type": "Polygon", "coordinates": [[[-82.51537771038764, 27.86493702175872], [-82.51538050280256, 27.864543365330544], [-82.51521649385644, 27.864539563398534], [-82.5152136799516, 27.86493610133344], [-82.51537771038764, 27.86493702175872]]]}}, {"type": "Feature", "properties": {"OBJECTID": 447525, "FOLIO": "138184.0100", "PIN": "A-17-30-18-42D-000018-00015.0", "TYPE": null, "SITE_ADDR": "6604 S Juanita St B", "SITE_CITY": "Tampa", "SITE_ZIP": "33616", "DOR_C": "0800", "ACT": 1983, "EFF": 2004, "HEAT_AR": 3456, "ACREAGE": 0.29, "JUST": 704232, "BLDG": 506670, "S_DATE": 1624838400000, "AMT": 700000, "VI": "I", "STORIES": 4, "Shape__Area": 12546.690707410406}, "geometry": {"type": "Polygon", "coordinates": [[[-82.53007093234814, 27.871018184704127], [-82.53007530548682, 27.870669628278563], [-82.52976578994164, 27.870669759913767], [-82.52976623953698, 27.870807286544306], [-82.5297650628414, 27.871016317016654], [-82.53007093234814, 27.871018184704127]]]}}, {"type": "Feature", "properties": {"OBJECTID": 447558, "FOLIO": "138197.0050", "PIN": "A-17-30-18-42D-000020-00016.0", "TYPE": null, "SITE_ADDR": "6602 Kissimmee St", "SITE_CITY": "Tampa", "SITE_ZIP": "33616", "DOR_C": "0100", "ACT": 1971, "EFF": 2009, "HEAT_AR": 1226, "ACREAGE": 0.18, "JUST": 284880, "BLDG": 184880, "S_DATE": 1551312000000, "AMT": 228000, "VI": "I", "STORIES": 1, "Shape__Area": 7782.165618573394}, "geometry": {"type": "Polygon", "coordinates": [[[-82.52815151197393, 27.87100456649089], [-82.5284570173289, 27.87100631191245], [-82.52845825487186, 27.870789422041923], [-82.52815241142027, 27.87078798202636], [-82.52815151197393, 27.87100456649089]]]}}, {"type": "Feature", "properties": {"OBJECTID": 447724, "FOLIO": "138321.0100", "PIN": "A-17-30-18-42E-000006-00015.1", "TYPE": null, "SITE_ADDR": "6803 S Elemeta St", "SITE_CITY": "Tampa", "SITE_ZIP": "33616", "DOR_C": "0100", "ACT": 2007, "EFF": 2016, "HEAT_AR": 2052, "ACREAGE": 0.11, "JUST": 408167, "BLDG": 307550, "S_DATE": 1502236800000, "AMT": 335000, "VI": "I", "STORIES": 2, "Shape__Area": 4999.999208195122}, "geometry": {"type": "Polygon", "coordinates": [[[-82.51941674110886, 27.868227830604965], [-82.51972624885387, 27.86822873210091], [-82.5197268203497, 27.868091205023354], [-82.51941731299982, 27.868090304425788], [-82.51941674110886, 27.868227830604965]]]}}, {"type": "Feature", "properties": {"OBJECTID": 447744, "FOLIO": "138344.0000", "PIN": "A-17-30-18-42F-000000-00011.0", "TYPE": null, "SITE_ADDR": "8023 Interbay Blvd", "SITE_CITY": "Tampa", "SITE_ZIP": "33616", "DOR_C": "0100", "ACT": 2015, "EFF": 2020, "HEAT_AR": 2255, "ACREAGE": 0.23, "JUST": 492309, "BLDG": 321748, "S_DATE": 1759449600000, "AMT": 555400, "VI": "I", "STORIES": 2, "Shape__Area": 9845.777186822905}, "geometry": {"type": "Polygon", "coordinates": [[[-82.52048833503586, 27.866560746841035], [-82.52064008852068, 27.86656110900739], [-82.52064199528648, 27.86600823339106], [-82.52049052220877, 27.86600795318359], [-82.52048833503586, 27.866560746841035]]]}}, {"type": "Feature", "properties": {"OBJECTID": 447794, "FOLIO": "138390.0050", "PIN": "A-17-30-18-42H-000053-00013.1", "TYPE": null, "SITE_ADDR": "6805 S West Shore Blvd 1/2", "SITE_CITY": "Tampa", "SITE_ZIP": "33616", "DOR_C": "0800", "ACT": 1982, "EFF": 2004, "HEAT_AR": 3072, "ACREAGE": 0.11, "JUST": 403458, "BLDG": 284608, "S_DATE": 612662400000, "AMT": 70000, "VI": "I", "STORIES": 2, "Shape__Area": 4804.313527074212}, "geometry": {"type": "Polygon", "coordinates": [[[-82.52745903036158, 27.867908987596735], [-82.52745967369312, 27.868041843566594], [-82.52776142819009, 27.86804535113473], [-82.52776234597835, 27.867907826404842], [-82.52745903036158, 27.867908987596735]]]}}, {"type": "Feature", "properties": {"OBJECTID": 447841, "FOLIO": "138449.0000", "PIN": "A-17-30-18-42J-000056-00003.0", "TYPE": null, "SITE_ADDR": "6805 S Sparkman St", "SITE_CITY": "Tampa", "SITE_ZIP": "33616", "DOR_C": "0100", "ACT": 1900, "EFF": 1988, "HEAT_AR": 1905, "ACREAGE": 0.34, "JUST": 392556, "BLDG": 125556, "S_DATE": 1525046400000, "AMT": 304500, "VI": "I", "STORIES": 2, "Shape__Area": 14999.99787113175}, "geometry": {"type": "Polygon", "coordinates": [[[-82.52524260585045, 27.86797479280306], [-82.52493309899513, 27.86797390367725], [-82.52462359213719, 27.86797301475921], [-82.52462274365367, 27.868179304381606], [-82.52524175853942, 27.868181082413145], [-82.52524260585045, 27.86797479280306]]]}}, {"type": "Feature", "properties": {"OBJECTID": 447914, "FOLIO": "138505.0050", "PIN": "A-17-30-18-42J-000073-00005.0", "TYPE": null, "SITE_ADDR": "6827 S Sparkman St", "SITE_CITY": "Tampa", "SITE_ZIP": "33616", "DOR_C": "0100", "ACT": 2007, "EFF": 2016, "HEAT_AR": 3346, "ACREAGE": 0.11, "JUST": 549057, "BLDG": 449057, "S_DATE": 1718150400000, "AMT": 665000, "VI": "I", "STORIES": 2, "Shape__Area": 4999.999454741504}, "geometry": {"type": "Polygon", "coordinates": [[[-82.52463860185121, 27.866576911736583], [-82.52494810474592, 27.866577801577773], [-82.52494867069116, 27.86644027453195], [-82.52463916819158, 27.866439385589036], [-82.52463860185121, 27.866576911736583]]]}}, {"type": "Feature", "properties": {"OBJECTID": 448075, "FOLIO": "138621.0000", "PIN": "A-20-30-18-42J-000106-00027.0", "TYPE": null, "SITE_ADDR": "7006 S Mascotte St", "SITE_CITY": "Tampa", "SITE_ZIP": "33616", "DOR_C": "0800", "ACT": 1983, "EFF": 2004, "HEAT_AR": 3008, "ACREAGE": 0.14, "JUST": 426826, "BLDG": 283882, "S_DATE": 1379030400000, "AMT": 175000, "VI": "I", "STORIES": 2, "Shape__Area": 5937.512179490082}, "geometry": {"type": "Polygon", "coordinates": [[[-82.52738791380169, 27.864231466443403], [-82.52738659430575, 27.86440337220479], [-82.52768061161152, 27.864405044335854], [-82.52768193064338, 27.86423313857805], [-82.52738791380169, 27.864231466443403]]]}}, {"type": "Feature", "properties": {"OBJECTID": 448253, "FOLIO": "138776.0000", "PIN": "A-20-30-18-42J-000141-00011.0", "TYPE": null, "SITE_ADDR": "7209 S West Shore Blvd", "SITE_CITY": "Tampa", "SITE_ZIP": "33616", "DOR_C": "0100", "ACT": 1947, "EFF": 1986, "HEAT_AR": 1586, "ACREAGE": 0.17, "JUST": 301063, "BLDG": 146801, "S_DATE": 873072000000, "AMT": 62000, "VI": "I", "STORIES": 2, "Shape__Area": 7500.007137417527}, "geometry": {"type": "Polygon", "coordinates": [[[-82.52707798825773, 27.86138951454769], [-82.52738747633946, 27.86139039911786], [-82.52738775781548, 27.86132163556008], [-82.52738803827656, 27.8612528720055], [-82.5273883197534, 27.861184108446363], [-82.52707883226206, 27.86118322477239], [-82.52707798825773, 27.86138951454769]]]}}, {"type": "Feature", "properties": {"OBJECTID": 448419, "FOLIO": "138921.0100", "PIN": "A-20-30-18-42J-000156-00008.0", "TYPE": null, "SITE_ADDR": "7315 S Juanita St", "SITE_CITY": "Tampa", "SITE_ZIP": "33616", "DOR_C": "0100", "ACT": 2001, "EFF": 2013, "HEAT_AR": 1260, "ACREAGE": 0.11, "JUST": 272698, "BLDG": 172698, "S_DATE": 989280000000, "AMT": 114900, "VI": "I", "STORIES": 1, "Shape__Area": 4999.999454741504}, "geometry": {"type": "Polygon", "coordinates": [[[-82.53029398346717, 27.859722500384592], [-82.53029342415698, 27.85986002749236], [-82.53060290778969, 27.859860904005824], [-82.53060346671363, 27.8597233778046], [-82.53029398346717, 27.859722500384592]]]}}, {"type": "Feature", "properties": {"OBJECTID": 448620, "FOLIO": "139037.0500", "PIN": "A-20-30-18-42J-000185-00014.0", "TYPE": null, "SITE_ADDR": "7406 S Faul St", "SITE_CITY": "Tampa", "SITE_ZIP": "33616", "DOR_C": "0100", "ACT": 2003, "EFF": 2014, "HEAT_AR": 1377, "ACREAGE": 0.11, "JUST": 283291, "BLDG": 180843, "S_DATE": 1051056000000, "AMT": 139900, "VI": "I", "STORIES": 1, "Shape__Area": 4999.999454741504}, "geometry": {"type": "Polygon", "coordinates": [[[-82.52901173674375, 27.859282379505135], [-82.52932121877565, 27.85928325891694], [-82.52932177932715, 27.859145732687153], [-82.5290122976815, 27.859144852368793], [-82.52901173674375, 27.859282379505135]]]}}, {"type": "Feature", "properties": {"OBJECTID": 448623, "FOLIO": "139039.0000", "PIN": "A-20-30-18-42J-000186-00001.0", "TYPE": null, "SITE_ADDR": "7401 S Faul St", "SITE_CITY": "Tampa", "SITE_ZIP": "33616", "DOR_C": "0100", "ACT": 1955, "EFF": 1955, "HEAT_AR": 800, "ACREAGE": 0.11, "JUST": 133068, "BLDG": 33068, "S_DATE": 1614211200000, "AMT": 165000, "VI": "I", "STORIES": 1, "Shape__Area": 4999.999208195122}, "geometry": {"type": "Polygon", "coordinates": [[[-82.52981301167628, 27.859556984096173], [-82.52981357058265, 27.85941945697988], [-82.52950408817921, 27.859418578678053], [-82.52950352887781, 27.859556104896107], [-82.52981301167628, 27.859556984096173]]]}}, {"type": "Feature", "properties": {"OBJECTID": 448635, "FOLIO": "139047.0000", "PIN": "A-20-30-18-42J-000186-00014.0", "TYPE": null, "SITE_ADDR": "7406 S Juanita St", "SITE_CITY": "Tampa", "SITE_ZIP": "33616", "DOR_C": "0100", "ACT": 1987, "EFF": 2006, "HEAT_AR": 1073, "ACREAGE": 0.11, "JUST": 236248, "BLDG": 135205, "S_DATE": 1391126400000, "AMT": 82000, "VI": "I", "STORIES": 1, "Shape__Area": 4999.999208195122}, "geometry": {"type": "Polygon", "coordinates": [[[-82.53012417103936, 27.859145282155815], [-82.52981468942001, 27.859144403637647], [-82.52981413051037, 27.859281930759366], [-82.53012361251601, 27.859282808370967], [-82.53012417103936, 27.859145282155815]]]}}, {"type": "Feature", "properties": {"OBJECTID": 448663, "FOLIO": "139072.0000", "PIN": "A-20-30-18-42J-000188-00016.0", "TYPE": null, "SITE_ADDR": "0", "SITE_CITY": null, "SITE_ZIP": null, "DOR_C": "0000", "ACT": 0, "EFF": 0, "HEAT_AR": 0, "ACREAGE": 0.11, "JUST": 100000, "BLDG": 0, "S_DATE": null, "AMT": 0, "VI": null, "STORIES": 0, "Shape__Area": 4999.999454741504}, "geometry": {"type": "Polygon", "coordinates": [[[-82.53173149487216, 27.859566810014872], [-82.53173205237655, 27.859429283823022], [-82.5314225700008, 27.859428408923485], [-82.53142201211014, 27.859565936021927], [-82.53173149487216, 27.859566810014872]]]}}, {"type": "Feature", "properties": {"OBJECTID": 448681, "FOLIO": "139086.0000", "PIN": "A-20-30-18-42J-000190-00003.0", "TYPE": null, "SITE_ADDR": "7405 S Obrien St", "SITE_CITY": "Tampa", "SITE_ZIP": "33616", "DOR_C": "0100", "ACT": 2004, "EFF": 2014, "HEAT_AR": 1264, "ACREAGE": 0.11, "JUST": 284788, "BLDG": 181824, "S_DATE": null, "AMT": 0, "VI": null, "STORIES": 1, "Shape__Area": 4999.999454741504}, "geometry": {"type": "Polygon", "coordinates": [[[-82.53272414799578, 27.859299766540733], [-82.53303362996525, 27.85930063852515], [-82.53303418582621, 27.859163111443184], [-82.53272470425179, 27.859162240356977], [-82.53272414799578, 27.859299766540733]]]}}, {"type": "Feature", "properties": {"OBJECTID": 448703, "FOLIO": "139107.0050", "PIN": "A-20-30-18-42J-000191-00010.0", "TYPE": null, "SITE_ADDR": "7416 S Morton St", "SITE_CITY": "Tampa", "SITE_ZIP": "33616", "DOR_C": "0100", "ACT": 2005, "EFF": 2015, "HEAT_AR": 2208, "ACREAGE": 0.11, "JUST": 433533, "BLDG": 333533, "S_DATE": 1739491200000, "AMT": 640000, "VI": "I", "STORIES": 2, "Shape__Area": 4999.999454741504}, "geometry": {"type": "Polygon", "coordinates": [[[-82.53414182143949, 27.85860334820509], [-82.5338323414899, 27.85860247958174], [-82.53383178662239, 27.85874000576159], [-82.53414126696701, 27.858740875283136], [-82.53414182143949, 27.85860334820509]]]}}, {"type": "Feature", "properties": {"OBJECTID": 448708, "FOLIO": "139111.0000", "PIN": "A-20-30-18-42J-000191-00015.0", "TYPE": null, "SITE_ADDR": "7404 S Morton St", "SITE_CITY": "Tampa", "SITE_ZIP": "33616", "DOR_C": "0100", "ACT": 1999, "EFF": 2017, "HEAT_AR": 1200, "ACREAGE": 0.11, "JUST": 308110, "BLDG": 208110, "S_DATE": 1707264000000, "AMT": 394000, "VI": "I", "STORIES": 1, "Shape__Area": 4999.999208195122}, "geometry": {"type": "Polygon", "coordinates": [[[-82.5341384976623, 27.859428507913588], [-82.53413905111555, 27.85929098175546], [-82.53382956920834, 27.859290112250783], [-82.53382901536887, 27.859427639315523], [-82.5341384976623, 27.859428507913588]]]}}, {"type": "Feature", "properties": {"OBJECTID": 448714, "FOLIO": "139116.0000", "PIN": "A-20-30-18-42J-000192-00005.0", "TYPE": null, "SITE_ADDR": "7411 S Morton St", "SITE_CITY": "Tampa", "SITE_ZIP": "33616", "DOR_C": "0100", "ACT": 2023, "EFF": 2024, "HEAT_AR": 2481, "ACREAGE": 0.11, "JUST": 522300, "BLDG": 422300, "S_DATE": 1678838400000, "AMT": 695000, "VI": "I", "STORIES": 2, "Shape__Area": 4999.999454741504}, "geometry": {"type": "Polygon", "coordinates": [[[-82.53433472947738, 27.859031051276972], [-82.53464421062836, 27.859031918756163], [-82.53464476446545, 27.858894392593125], [-82.53433528370068, 27.858893524207303], [-82.53433472947738, 27.859031051276972]]]}}, {"type": "Feature", "properties": {"OBJECTID": 448741, "FOLIO": "139140.0000", "PIN": "A-20-30-18-42J-000193-00016.0", "TYPE": null, "SITE_ADDR": "7502 S Germer St", "SITE_CITY": "Tampa", "SITE_ZIP": "33616", "DOR_C": "0100", "ACT": 1967, "EFF": 2008, "HEAT_AR": 1295, "ACREAGE": 0.11, "JUST": 336678, "BLDG": 236678, "S_DATE": 1563148800000, "AMT": 267000, "VI": "I", "STORIES": 1, "Shape__Area": 4999.999454741504}, "geometry": {"type": "Polygon", "coordinates": [[[-82.53496911232678, 27.85831678596432], [-82.5349696657661, 27.85817925979154], [-82.53466018704279, 27.858178392106236], [-82.53465963321726, 27.858315919185667], [-82.53496911232678, 27.85831678596432]]]}}, {"type": "Feature", "properties": {"OBJECTID": 448748, "FOLIO": "139147.0000", "PIN": "A-20-30-18-42J-000195-00004.0", "TYPE": null, "SITE_ADDR": "7507 S Obrien St", "SITE_CITY": "Tampa", "SITE_ZIP": "33616", "DOR_C": "0000", "ACT": 0, "EFF": 0, "HEAT_AR": 0, "ACREAGE": 0.11, "JUST": 100000, "BLDG": 0, "S_DATE": 1683504000000, "AMT": 325000, "VI": "I", "STORIES": 0, "Shape__Area": 4999.999208195122}, "geometry": {"type": "Polygon", "coordinates": [[[-82.53273512268807, 27.85789878821871], [-82.53304460067801, 27.85789966023398], [-82.53304515553374, 27.85776213312839], [-82.53273567793882, 27.857761262011316], [-82.53273512268807, 27.85789878821871]]]}}, {"type": "Feature", "properties": {"OBJECTID": 448755, "FOLIO": "139153.0000", "PIN": "A-20-30-18-42J-000195-00011.0", "TYPE": null, "SITE_ADDR": "7514 S Elliott St", "SITE_CITY": "Tampa", "SITE_ZIP": "33616", "DOR_C": "0100", "ACT": 1986, "EFF": 2006, "HEAT_AR": 1088, "ACREAGE": 0.11, "JUST": 238821, "BLDG": 137221, "S_DATE": 1448323200000, "AMT": 112000, "VI": "I", "STORIES": 1, "Shape__Area": 4999.999208195122}, "geometry": {"type": "Polygon", "coordinates": [[[-82.53304626626995, 27.857487079807527], [-82.53304571141089, 27.857624606918556], [-82.53335518860793, 27.857625477345476], [-82.53335574308076, 27.857487951141064], [-82.53304626626995, 27.857487079807527]]]}}, {"type": "Feature", "properties": {"OBJECTID": 448877, "FOLIO": "139198.0100", "PIN": "A-20-30-18-42J-000206-00019.0", "TYPE": null, "SITE_ADDR": "4708 W Richardson Ave", "SITE_CITY": "Tampa", "SITE_ZIP": "33616", "DOR_C": "0100", "ACT": 2001, "EFF": 2013, "HEAT_AR": 2212, "ACREAGE": 0.46, "JUST": 606911, "BLDG": 294531, "S_DATE": 907200000000, "AMT": 14000, "VI": "V", "STORIES": 2, "Shape__Area": 19999.899432374597}, "geometry": {"type": "Polygon", "coordinates": [[[-82.52449997165137, 27.858273797630297], [-82.5245009797522, 27.857833710161277], [-82.5241141302055, 27.857834088454304], [-82.52411312054227, 27.858274175941812], [-82.52449997165137, 27.858273797630297]]]}}, {"type": "Feature", "properties": {"OBJECTID": 449418, "FOLIO": "139316.1424", "PIN": "A-17-30-18-918-000000-00002.0", "TYPE": null, "SITE_ADDR": "6810 S Kissimmee St", "SITE_CITY": "Tampa", "SITE_ZIP": "33616", "DOR_C": "0106", "ACT": 2007, "EFF": 2016, "HEAT_AR": 1936, "ACREAGE": 0.06, "JUST": 382433, "BLDG": 344190, "S_DATE": 1251072000000, "AMT": 189000, "VI": "I", "STORIES": 2, "Shape__Area": 2440.813223672816}, "geometry": {"type": "Polygon", "coordinates": [[[-82.52818456045281, 27.868037625630482], [-82.52847333488683, 27.868039145493814], [-82.52847382457358, 27.867967194772202], [-82.52818503813202, 27.86796567224668], [-82.52818456045281, 27.868037625630482]]]}}, {"type": "Feature", "properties": {"OBJECTID": 449424, "FOLIO": "139316.1436", "PIN": "A-17-30-18-918-000000-00008.0", "TYPE": null, "SITE_ADDR": "6820 S Kissimmee St", "SITE_CITY": "Tampa", "SITE_ZIP": "33616", "DOR_C": "0106", "ACT": 2015, "EFF": 2020, "HEAT_AR": 2512, "ACREAGE": 0.05, "JUST": 451562, "BLDG": 406406, "S_DATE": 1425859200000, "AMT": 342600, "VI": "I", "STORIES": 3, "Shape__Area": 2079.657233948046}, "geometry": {"type": "Polygon", "coordinates": [[[-82.5284755152624, 27.867719163349037], [-82.52822548625475, 27.86771785155514], [-82.52822501729862, 27.867788457598532], [-82.52832335829571, 27.867788972525933], [-82.52832330387778, 27.867797223538005], [-82.52840687982086, 27.867797661404904], [-82.52840693524787, 27.867789410389005], [-82.52842860353118, 27.86778952319819], [-82.52842869725781, 27.867775770898245], [-82.52847512798641, 27.86777601352821], [-82.5284755152624, 27.867719163349037]]]}}, {"type": "Feature", "properties": {"OBJECTID": 449435, "FOLIO": "139316.1458", "PIN": "A-17-30-18-918-000000-00019.0", "TYPE": null, "SITE_ADDR": "4857 W Prescott St", "SITE_CITY": "Tampa", "SITE_ZIP": "33616", "DOR_C": "0106", "ACT": 2008, "EFF": 2016, "HEAT_AR": 1936, "ACREAGE": 0.06, "JUST": 385442, "BLDG": 346898, "S_DATE": 1681084800000, "AMT": 482000, "VI": "I", "STORIES": 2, "Shape__Area": 2680.044186551947}, "geometry": {"type": "Polygon", "coordinates": [[[-82.52802494674363, 27.867294097826626], [-82.52802317782829, 27.86755909411751], [-82.52805992285961, 27.867559288238063], [-82.52810928112342, 27.86755954775875], [-82.5281110490632, 27.867294602910395], [-82.52802494674363, 27.867294097826626]]]}}, {"type": "Feature", "properties": {"OBJECTID": 449437, "FOLIO": "139316.1462", "PIN": "A-17-30-18-918-000000-00021.0", "TYPE": null, "SITE_ADDR": "4853 W Prescott St", "SITE_CITY": "Tampa", "SITE_ZIP": "33616", "DOR_C": "0106", "ACT": 2007, "EFF": 2016, "HEAT_AR": 1936, "ACREAGE": 0.06, "JUST": 385393, "BLDG": 346854, "S_DATE": 1643587200000, "AMT": 417000, "VI": "I", "STORIES": 2, "Shape__Area": 2676.0482271081178}, "geometry": {"type": "Polygon", "coordinates": [[[-82.52785128095292, 27.867558187293238], [-82.52793721669781, 27.867558640780747], [-82.52793899878235, 27.867293594805492], [-82.52785305081653, 27.867293090828365], [-82.52785128095292, 27.867558187293238]]]}}, {"type": "Feature", "properties": {"OBJECTID": 451341, "FOLIO": "141080.0000", "PIN": "A-17-28-19-439-000005-00008.0", "TYPE": null, "SITE_ADDR": "2223 E 113th Ave", "SITE_CITY": "Tampa", "SITE_ZIP": "33612", "DOR_C": "0100", "ACT": 1968, "EFF": 1996, "HEAT_AR": 1161, "ACREAGE": 0.14, "JUST": 178364, "BLDG": 125682, "S_DATE": 1291334400000, "AMT": 44000, "VI": "I", "STORIES": 1, "Shape__Area": 5923.336819811345}, "geometry": {"type": "Polygon", "coordinates": [[[-82.43236381408023, 28.05076624166208], [-82.43236649882772, 28.050491458457973], [-82.43218239790818, 28.05049099295251], [-82.43218033349713, 28.050765858127914], [-82.43236381408023, 28.05076624166208]]]}}, {"type": "Feature", "properties": {"OBJECTID": 451623, "FOLIO": "141380.0000", "PIN": "A-18-28-19-43E-000009-00015.0", "TYPE": null, "SITE_ADDR": "1904 Brust Ave", "SITE_CITY": "Tampa", "SITE_ZIP": "33612", "DOR_C": "0100", "ACT": 1959, "EFF": 1992, "HEAT_AR": 937, "ACREAGE": 0.17, "JUST": 149441, "BLDG": 88796, "S_DATE": null, "AMT": 0, "VI": null, "STORIES": 1, "Shape__Area": 7546.879377891608}, "geometry": {"type": "Polygon", "coordinates": [[[-82.43676651662457, 28.044378095265643], [-82.43679084555647, 28.044683627860454], [-82.43695650512709, 28.044672208068302], [-82.43698281694714, 28.04467019773432], [-82.43698694738445, 28.04435712260741], [-82.43687631584896, 28.044364169447814], [-82.43676651662457, 28.044378095265643]]]}}, {"type": "Feature", "properties": {"OBJECTID": 451638, "FOLIO": "141395.0000", "PIN": "A-18-28-19-43E-000010-00014.0", "TYPE": null, "SITE_ADDR": "1818 Marvy Ave", "SITE_CITY": "Tampa", "SITE_ZIP": "33612", "DOR_C": "0100", "ACT": 1960, "EFF": 1992, "HEAT_AR": 1005, "ACREAGE": 0.17, "JUST": 156487, "BLDG": 98247, "S_DATE": 1640736000000, "AMT": 165000, "VI": "I", "STORIES": 1, "Shape__Area": 7472.541783608761}, "geometry": {"type": "Polygon", "coordinates": [[[-82.43760502642844, 28.04509920274889], [-82.4376054216656, 28.045388334454625], [-82.43770639176832, 28.045387379237894], [-82.43782776026089, 28.04537863076162], [-82.43782556218981, 28.045095802665926], [-82.43760502642844, 28.04509920274889]]]}}, {"type": "Feature", "properties": {"OBJECTID": 452068, "FOLIO": "141814.0000", "PIN": "A-21-28-19-43J-000015-00012.0", "TYPE": null, "SITE_ADDR": "9511 N Hyaleah Rd", "SITE_CITY": "Tampa", "SITE_ZIP": "33617", "DOR_C": "0100", "ACT": 1985, "EFF": 2005, "HEAT_AR": 1944, "ACREAGE": 0.24, "JUST": 317168, "BLDG": 221886, "S_DATE": 1754870400000, "AMT": 420000, "VI": "I", "STORIES": 1, "Shape__Area": 10420.744204098375}, "geometry": {"type": "Polygon", "coordinates": [[[-82.40479639068698, 28.035631671084225], [-82.40515497241516, 28.03562698098066], [-82.40515294026403, 28.03537960628308], [-82.40479505840612, 28.035383030946686], [-82.40479639068698, 28.035631671084225]]]}}, {"type": "Feature", "properties": {"OBJECTID": 452595, "FOLIO": "142222.0000", "PIN": "A-21-28-19-43M-000113-00033.0", "TYPE": null, "SITE_ADDR": "4112 E Richmere St", "SITE_CITY": "Tampa", "SITE_ZIP": "33617", "DOR_C": "0100", "ACT": 1978, "EFF": 2002, "HEAT_AR": 1356, "ACREAGE": 0.14, "JUST": 209647, "BLDG": 155107, "S_DATE": 678326400000, "AMT": 57400, "VI": "I", "STORIES": 1, "Shape__Area": 5999.926787299506}, "geometry": {"type": "Polygon", "coordinates": [[[-82.41326490484096, 28.035501137265758], [-82.41326595373334, 28.035776184169837], [-82.41345194702595, 28.035775623646973], [-82.41345089765717, 28.035500575846953], [-82.41326490484096, 28.035501137265758]]]}}, {"type": "Feature", "properties": {"OBJECTID": 452912, "FOLIO": "142481.0000", "PIN": "A-21-28-19-43Q-000002-00003.0", "TYPE": null, "SITE_ADDR": "8515 N Temple Ave", "SITE_CITY": "Tampa", "SITE_ZIP": "33617", "DOR_C": "0100", "ACT": 1960, "EFF": 1992, "HEAT_AR": 728, "ACREAGE": 0.16, "JUST": 121819, "BLDG": 71064, "S_DATE": 891388800000, "AMT": 50000, "VI": "I", "STORIES": 1, "Shape__Area": 6793.6821828167895}, "geometry": {"type": "Polygon", "coordinates": [[[-82.40686699524291, 28.02852744551474], [-82.40719711679598, 28.02852652806885], [-82.407196455294, 28.02835049690235], [-82.40686844355751, 28.028351438777108], [-82.40686699524291, 28.02852744551474]]]}}, {"type": "Feature", "properties": {"OBJECTID": 453166, "FOLIO": "142702.0000", "PIN": "A-21-28-19-43U-000000-00058.D", "TYPE": null, "SITE_ADDR": "8509 N 47th St", "SITE_CITY": "Tampa", "SITE_ZIP": "33617", "DOR_C": "0100", "ACT": 1930, "EFF": 1978, "HEAT_AR": 802, "ACREAGE": 0.18, "JUST": 121231, "BLDG": 59455, "S_DATE": 1639526400000, "AMT": 132000, "VI": "I", "STORIES": 1, "Shape__Area": 7799.977001613751}, "geometry": {"type": "Polygon", "coordinates": [[[-82.40840915475069, 28.027912184743], [-82.40840977566616, 28.028077213894136], [-82.40881273472814, 28.02807601379965], [-82.40881211217769, 28.027910983757437], [-82.40840915475069, 28.027912184743]]]}}, {"type": "Feature", "properties": {"OBJECTID": 453480, "FOLIO": "142853.0000", "PIN": "A-22-28-19-440-000000-00020.4", "TYPE": null, "SITE_ADDR": "9232 N 52nd St", "SITE_CITY": "Tampa", "SITE_ZIP": "33617", "DOR_C": "0100", "ACT": 1966, "EFF": 1996, "HEAT_AR": 1732, "ACREAGE": 0.25, "JUST": 252080, "BLDG": 157788, "S_DATE": 462844800000, "AMT": 43000, "VI": "I", "STORIES": 1, "Shape__Area": 10946.35708899724}, "geometry": {"type": "Polygon", "coordinates": [[[-82.39818083654716, 28.035186474259728], [-82.39859573359826, 28.035187660707262], [-82.39859546788914, 28.034963770264927], [-82.39818065725983, 28.03496040966578], [-82.39818083654716, 28.035186474259728]]]}}, {"type": "Feature", "properties": {"OBJECTID": 453998, "FOLIO": "143199.0000", "PIN": "A-17-28-19-44D-000006-00015.0", "TYPE": null, "SITE_ADDR": "10208 N 28th St", "SITE_CITY": "Tampa", "SITE_ZIP": "33612", "DOR_C": "0100", "ACT": 1961, "EFF": 1993, "HEAT_AR": 1016, "ACREAGE": 0.14, "JUST": 170118, "BLDG": 105112, "S_DATE": 1144886400000, "AMT": 128000, "VI": "I", "STORIES": 1, "Shape__Area": 6067.732771338308}, "geometry": {"type": "Polygon", "coordinates": [[[-82.42818627744494, 28.042469243858033], [-82.4285036421951, 28.042470756550713], [-82.42850287679254, 28.042308670354778], [-82.42818612321332, 28.042304956597082], [-82.42818627744494, 28.042469243858033]]]}}, {"type": "Feature", "properties": {"OBJECTID": 455158, "FOLIO": "143844.0050", "PIN": "A-18-28-19-452-000009-00010.0", "TYPE": null, "SITE_ADDR": "1013 Chilkoot Ave", "SITE_CITY": "Tampa", "SITE_ZIP": "33612", "DOR_C": "0100", "ACT": 1961, "EFF": 1993, "HEAT_AR": 1892, "ACREAGE": 0.16, "JUST": 296693, "BLDG": 241573, "S_DATE": null, "AMT": 0, "VI": null, "STORIES": 3, "Shape__Area": 6753.273628224338}, "geometry": {"type": "Polygon", "coordinates": [[[-82.44865665533659, 28.045002700492816], [-82.44866002580355, 28.044718072356947], [-82.448566093804, 28.04471654366802], [-82.44845577673377, 28.044713707592678], [-82.44845696323604, 28.044999757471338], [-82.44865665533659, 28.045002700492816]]]}}, {"type": "Feature", "properties": {"OBJECTID": 455321, "FOLIO": "143953.0000", "PIN": "A-18-28-19-452-000028-00012.0", "TYPE": null, "SITE_ADDR": "1413 E Seneca Ave", "SITE_CITY": "Tampa", "SITE_ZIP": "33612", "DOR_C": "0800", "ACT": 1979, "EFF": 2002, "HEAT_AR": 1408, "ACREAGE": 0.12, "JUST": 186051, "BLDG": 123443, "S_DATE": 686275200000, "AMT": 27500, "VI": "I", "STORIES": 1, "Shape__Area": 5177.434511794292}, "geometry": {"type": "Polygon", "coordinates": [[[-82.44415173448203, 28.045678369301786], [-82.44430877375326, 28.045681850002655], [-82.44430228955316, 28.04539400153251], [-82.44414976768718, 28.04539570584612], [-82.44415173448203, 28.045678369301786]]]}}, {"type": "Feature", "properties": {"OBJECTID": 455325, "FOLIO": "143957.0000", "PIN": "A-18-28-19-452-000028-00025.0", "TYPE": null, "SITE_ADDR": "1410 E Chilkoot Ave", "SITE_CITY": "Tampa", "SITE_ZIP": "33612", "DOR_C": "0800", "ACT": 1971, "EFF": 1998, "HEAT_AR": 3032, "ACREAGE": 0.24, "JUST": 309658, "BLDG": 188233, "S_DATE": 94694400000, "AMT": 105000, "VI": null, "STORIES": 2, "Shape__Area": 10647.819618592472}, "geometry": {"type": "Polygon", "coordinates": [[[-82.44430228955316, 28.04539400153251], [-82.444615987995, 28.045398513629696], [-82.44461469464858, 28.045106770749804], [-82.44430478736973, 28.04510337618475], [-82.44430228955316, 28.04539400153251]]]}}, {"type": "Feature", "properties": {"OBJECTID": 455641, "FOLIO": "144236.0000", "PIN": "A-18-28-19-453-X00000-00039.0", "TYPE": null, "SITE_ADDR": "10119 N 10th St", "SITE_CITY": "Tampa", "SITE_ZIP": "33612", "DOR_C": "0100", "ACT": 1971, "EFF": 1998, "HEAT_AR": 1136, "ACREAGE": 0.12, "JUST": 147037, "BLDG": 102973, "S_DATE": 970099200000, "AMT": 52700, "VI": "I", "STORIES": 1, "Shape__Area": 5435.477943878271}, "geometry": {"type": "Polygon", "coordinates": [[[-82.44868469037132, 28.04325031385164], [-82.44868383179893, 28.04310321901783], [-82.44836557013866, 28.043102883900296], [-82.44836223657131, 28.043245754749726], [-82.44846341824574, 28.043246554242195], [-82.44868469037132, 28.04325031385164]]]}}, {"type": "Feature", "properties": {"OBJECTID": 455687, "FOLIO": "144278.0000", "PIN": "A-19-28-19-454-000004-00005.0", "TYPE": null, "SITE_ADDR": "9408 N 17th St", "SITE_CITY": "Tampa", "SITE_ZIP": "33612", "DOR_C": "0100", "ACT": 1959, "EFF": 1975, "HEAT_AR": 1050, "ACREAGE": 0.4, "JUST": 223272, "BLDG": 97272, "S_DATE": null, "AMT": 0, "VI": null, "STORIES": 1, "Shape__Area": 17499.8717648566}, "geometry": {"type": "Polygon", "coordinates": [[[-82.4408756247091, 28.035856569415493], [-82.44103061867523, 28.03585607103037], [-82.44118561263743, 28.035855572470382], [-82.44118499658607, 28.03570429573931], [-82.44118449171918, 28.035580524771024], [-82.44118393177266, 28.03544300046438], [-82.44118365129606, 28.03537423921404], [-82.44087366474714, 28.035375236139128], [-82.4408756247091, 28.035856569415493]]]}}, {"type": "Feature", "properties": {"OBJECTID": 455896, "FOLIO": "144447.0000", "PIN": "A-19-28-19-454-000026-00012.1", "TYPE": null, "SITE_ADDR": "1906 E 97th Ave", "SITE_CITY": "Tampa", "SITE_ZIP": "33612", "DOR_C": "0100", "ACT": 1960, "EFF": 2006, "HEAT_AR": 1152, "ACREAGE": 0.18, "JUST": 194040, "BLDG": 126666, "S_DATE": 578448000000, "AMT": 39100, "VI": "I", "STORIES": 1, "Shape__Area": 7799.939272428793}, "geometry": {"type": "Polygon", "coordinates": [[[-82.43680989080111, 28.037394418259176], [-82.43681133394875, 28.03775197974902], [-82.4369973300694, 28.037751387312078], [-82.43699588630324, 28.037393824928664], [-82.43680989080111, 28.037394418259176]]]}}, {"type": "Feature", "properties": {"OBJECTID": 455956, "FOLIO": "144499.0000", "PIN": "A-19-28-19-454-000033-00005.0", "TYPE": null, "SITE_ADDR": "1308 E 98th Ave", "SITE_CITY": "Tampa", "SITE_ZIP": "33612", "DOR_C": "0800", "ACT": 1981, "EFF": 2003, "HEAT_AR": 2860, "ACREAGE": 0.29, "JUST": 359449, "BLDG": 259774, "S_DATE": 304992000000, "AMT": 7600, "VI": "V", "STORIES": 2, "Shape__Area": 12600.860716214269}, "geometry": {"type": "Polygon", "coordinates": [[[-82.4453315152973, 28.038643536930667], [-82.44564151760068, 28.038644125264675], [-82.44563773483775, 28.03829751787344], [-82.44532776403913, 28.03829692942053], [-82.4453315152973, 28.038643536930667]]]}}, {"type": "Feature", "properties": {"OBJECTID": 456129, "FOLIO": "144650.0000", "PIN": "A-18-28-19-454-000057-00001.0", "TYPE": null, "SITE_ADDR": "1701 E Annona Ave", "SITE_CITY": "Tampa", "SITE_ZIP": "33612", "DOR_C": "0100", "ACT": 1969, "EFF": 1997, "HEAT_AR": 3724, "ACREAGE": 0.26, "JUST": 405752, "BLDG": 308250, "S_DATE": 1415232000000, "AMT": 20000, "VI": "I", "STORIES": 2, "Shape__Area": 11538.750566365901}, "geometry": {"type": "Polygon", "coordinates": [[[-82.43961467281261, 28.040691337785383], [-82.43979132057785, 28.040982765157114], [-82.43987573298863, 28.04094442615935], [-82.43995726955552, 28.040901466098], [-82.44003561058197, 28.040854054751385], [-82.44004256535075, 28.040845548994557], [-82.44004783316603, 28.040836138118227], [-82.4400512696414, 28.040826081574423], [-82.44005277726015, 28.04081565942016], [-82.44005231549082, 28.040805158749066], [-82.4400498967115, 28.0407948718996], [-82.44004558819259, 28.040785083815084], [-82.44003951003664, 28.040776065733496], [-82.43983206699784, 28.040573439758482], [-82.43978163041099, 28.04060828505042], [-82.43972838273245, 28.040639665076135], [-82.4396726242973, 28.040667402000352], [-82.43961467281261, 28.040691337785383]]]}}, {"type": "Feature", "properties": {"OBJECTID": 456231, "FOLIO": "144754.0500", "PIN": "A-18-28-19-454-000066-00009.0", "TYPE": null, "SITE_ADDR": "1716 E Annona Ave", "SITE_CITY": "Tampa", "SITE_ZIP": "33612", "DOR_C": "0100", "ACT": 1953, "EFF": 1989, "HEAT_AR": 1152, "ACREAGE": 0.16, "JUST": 152817, "BLDG": 101169, "S_DATE": 1417996800000, "AMT": 52500, "VI": "I", "STORIES": 1, "Shape__Area": 7072.7005595896835}, "geometry": {"type": "Polygon", "coordinates": [[[-82.43905389373121, 28.04156356991393], [-82.43904984235829, 28.041237096657674], [-82.43890860299597, 28.041237136524593], [-82.43889950950837, 28.041241211948993], [-82.43889122227797, 28.0412464687477], [-82.43888393405388, 28.041252784480847], [-82.43887781612413, 28.04126001150983], [-82.438873009177, 28.041267980636196], [-82.43886962739099, 28.04127650650292], [-82.43886774929231, 28.041285390330888], [-82.43886741777305, 28.04129442443072], [-82.43886620746373, 28.041569589510086], [-82.43905389373121, 28.04156356991393]]]}}, {"type": "Feature", "properties": {"OBJECTID": 456257, "FOLIO": "144773.0500", "PIN": "A-18-28-19-454-000068-00008.0", "TYPE": null, "SITE_ADDR": "1514 E Annona Ave", "SITE_CITY": "Tampa", "SITE_ZIP": "33612", "DOR_C": "0100", "ACT": 2001, "EFF": 2018, "HEAT_AR": 1200, "ACREAGE": 0.17, "JUST": 268021, "BLDG": 207797, "S_DATE": 1310688000000, "AMT": 65000, "VI": "I", "STORIES": 1, "Shape__Area": 7355.650106850915}, "geometry": {"type": "Polygon", "coordinates": [[[-82.44168476949368, 28.040845966318464], [-82.44168463369104, 28.04125320792071], [-82.44183730293447, 28.041250901308132], [-82.44183900745362, 28.040840656886672], [-82.44168476949368, 28.040845966318464]]]}}, {"type": "Feature", "properties": {"OBJECTID": 456412, "FOLIO": "144912.0012", "PIN": "A-18-28-19-A1W-000000-00001.0", "TYPE": null, "SITE_ADDR": "1501 E Fowler Ave", "SITE_CITY": "Tampa", "SITE_ZIP": "33612", "DOR_C": "1211", "ACT": 1975, "EFF": 2005, "HEAT_AR": 3872, "ACREAGE": 0.91, "JUST": 1635949, "BLDG": 926379, "S_DATE": null, "AMT": 0, "VI": null, "STORIES": 2, "Shape__Area": 39640.961441547006}, "geometry": {"type": "Polygon", "coordinates": [[[-82.44278091369748, 28.053685865036528], [-82.44217599370253, 28.053684301128886], [-82.4421746093344, 28.05424545386799], [-82.44273305373856, 28.054246893273096], [-82.44277967823156, 28.054186510472874], [-82.44278091369748, 28.053685865036528]]]}}, {"type": "Feature", "properties": {"OBJECTID": 456447, "FOLIO": "144936.0000", "PIN": "A-19-28-19-455-000001-00016.0", "TYPE": null, "SITE_ADDR": "9401 N Margaret St", "SITE_CITY": "Tampa", "SITE_ZIP": "33612", "DOR_C": "0100", "ACT": 1994, "EFF": 2010, "HEAT_AR": 1580, "ACREAGE": 0.17, "JUST": 259366, "BLDG": 187035, "S_DATE": 775699200000, "AMT": 75200, "VI": "I", "STORIES": 1, "Shape__Area": 7499.908484474208}, "geometry": {"type": "Polygon", "coordinates": [[[-82.4347351598301, 28.035023593662157], [-82.43473598793882, 28.035229878505426], [-82.43504597432616, 28.03522889543353], [-82.43504514460562, 28.035022609699574], [-82.4347351598301, 28.035023593662157]]]}}, {"type": "Feature", "properties": {"OBJECTID": 457199, "FOLIO": "145573.0000", "PIN": "A-19-28-19-45A-000010-00008.0", "TYPE": null, "SITE_ADDR": "8710 N 15th St", "SITE_CITY": "Tampa", "SITE_ZIP": "33604", "DOR_C": "0100", "ACT": 2006, "EFF": 2016, "HEAT_AR": 1200, "ACREAGE": 0.12, "JUST": 236235, "BLDG": 189435, "S_DATE": 1173312000000, "AMT": 154900, "VI": "I", "STORIES": 1, "Shape__Area": 5221.109386802006}, "geometry": {"type": "Polygon", "coordinates": [[[-82.44298086171472, 28.029754263385357], [-82.44330224351056, 28.029754242080596], [-82.44330213742657, 28.02961443404723], [-82.44298110573197, 28.029616901536258], [-82.44298086171472, 28.029754263385357]]]}}, {"type": "Feature", "properties": {"OBJECTID": 457363, "FOLIO": "145707.0000", "PIN": "A-19-28-19-45B-000000-00353.0", "TYPE": null, "SITE_ADDR": "1706 E Waters Ave A", "SITE_CITY": "Tampa", "SITE_ZIP": "33604", "DOR_C": "0800", "ACT": 1972, "EFF": 1998, "HEAT_AR": 1344, "ACREAGE": 0.13, "JUST": 145372, "BLDG": 84450, "S_DATE": null, "AMT": 0, "VI": null, "STORIES": 1, "Shape__Area": 5705.671909192383}, "geometry": {"type": "Polygon", "coordinates": [[[-82.43987476750237, 28.0253987603281], [-82.43987534414042, 28.025700958124794], [-82.44003652107098, 28.02570027694938], [-82.4400359482401, 28.025398875967223], [-82.43987476750237, 28.0253987603281]]]}}, {"type": "Feature", "properties": {"OBJECTID": 457364, "FOLIO": "145708.0000", "PIN": "A-19-28-19-45B-000000-00355.0", "TYPE": null, "SITE_ADDR": "1708 E Waters Ave", "SITE_CITY": "Tampa", "SITE_ZIP": "33604", "DOR_C": "0800", "ACT": 1972, "EFF": 1998, "HEAT_AR": 1540, "ACREAGE": 0.13, "JUST": 167251, "BLDG": 104205, "S_DATE": 1122854400000, "AMT": 125000, "VI": "I", "STORIES": 1, "Shape__Area": 5831.298540737229}, "geometry": {"type": "Polygon", "coordinates": [[[-82.43987534414042, 28.025700958124794], [-82.43987476750237, 28.0253987603281], [-82.43971048707566, 28.025398628248816], [-82.43971106671657, 28.02570167790938], [-82.43987534414042, 28.025700958124794]]]}}, {"type": "Feature", "properties": {"OBJECTID": 457398, "FOLIO": "145731.0000", "PIN": "A-19-28-19-45B-000000-00433.0", "TYPE": null, "SITE_ADDR": "8415 N 18th St", "SITE_CITY": "Tampa", "SITE_ZIP": "33604", "DOR_C": "0100", "ACT": 1955, "EFF": 1990, "HEAT_AR": 956, "ACREAGE": 0.12, "JUST": 116988, "BLDG": 75487, "S_DATE": 1117756800000, "AMT": 115000, "VI": "I", "STORIES": 1, "Shape__Area": 5085.8777665435655}, "geometry": {"type": "Polygon", "coordinates": [[[-82.43883141181165, 28.026392281205894], [-82.43858998364183, 28.026393218046422], [-82.43871271631463, 28.026571440807025], [-82.4388392787556, 28.026747542302186], [-82.43883141181165, 28.026392281205894]]]}}, {"type": "Feature", "properties": {"OBJECTID": 457909, "FOLIO": "146233.0000", "PIN": "A-19-28-19-45M-000005-00011.0", "TYPE": null, "SITE_ADDR": "8612 N 12th St", "SITE_CITY": "Tampa", "SITE_ZIP": "33604", "DOR_C": "0100", "ACT": 1975, "EFF": 2010, "HEAT_AR": 944, "ACREAGE": 0.12, "JUST": 164898, "BLDG": 119448, "S_DATE": 1642464000000, "AMT": 176000, "VI": "I", "STORIES": 1, "Shape__Area": 5152.0597690473505}, "geometry": {"type": "Polygon", "coordinates": [[[-82.44738352113639, 28.02870310286521], [-82.44770075211454, 28.028704460074024], [-82.44770064629832, 28.02856657689386], [-82.44738384540854, 28.028563870993754], [-82.44738352113639, 28.02870310286521]]]}}, {"type": "Feature", "properties": {"OBJECTID": 458086, "FOLIO": "146417.0000", "PIN": "A-30-28-19-45M-000023-00001.0", "TYPE": null, "SITE_ADDR": "8319 N 11th St", "SITE_CITY": "Tampa", "SITE_ZIP": "33604", "DOR_C": "0100", "ACT": 1948, "EFF": 1986, "HEAT_AR": 768, "ACREAGE": 0.23, "JUST": 155521, "BLDG": 54321, "S_DATE": 1122595200000, "AMT": 91000, "VI": "I", "STORIES": 1, "Shape__Area": 9999.981510552529}, "geometry": {"type": "Polygon", "coordinates": [[[-82.44800682300543, 28.025117310573226], [-82.4480081177488, 28.024842261987715], [-82.44769816288836, 28.02484086634795], [-82.44769771001184, 28.024937133489836], [-82.44769686735702, 28.025115914939708], [-82.44800682300543, 28.025117310573226]]]}}, {"type": "Feature", "properties": {"OBJECTID": 458321, "FOLIO": "146619.0000", "PIN": "A-30-28-19-45M-000038-00008.0", "TYPE": null, "SITE_ADDR": "8203 N Brooks St", "SITE_CITY": "Tampa", "SITE_ZIP": "33604", "DOR_C": "0100", "ACT": 2003, "EFF": 2014, "HEAT_AR": 1200, "ACREAGE": 0.11, "JUST": 197007, "BLDG": 142007, "S_DATE": 1465862400000, "AMT": 69900, "VI": "I", "STORIES": 1, "Shape__Area": 4999.970895671887}, "geometry": {"type": "Polygon", "coordinates": [[[-82.4449130110841, 28.022773658345482], [-82.44460306073815, 28.022772669863013], [-82.44460306746699, 28.022910195260188], [-82.4449130192275, 28.02291118463723], [-82.4449130110841, 28.022773658345482]]]}}, {"type": "Feature", "properties": {"OBJECTID": 458634, "FOLIO": "146907.0000", "PIN": "A-30-28-19-45M-000058-00015.0", "TYPE": null, "SITE_ADDR": "8010 N Klondyke St", "SITE_CITY": "Tampa", "SITE_ZIP": "33604", "DOR_C": "0100", "ACT": 1925, "EFF": 1975, "HEAT_AR": 938, "ACREAGE": 0.11, "JUST": 113769, "BLDG": 58769, "S_DATE": 525916800000, "AMT": 36000, "VI": "I", "STORIES": 1, "Shape__Area": 4999.941120608173}, "geometry": {"type": "Polygon", "coordinates": [[[-82.44585736135433, 28.020307835890865], [-82.4458571276112, 28.020445361201624], [-82.44616706850587, 28.020446911846335], [-82.44616730185508, 28.02030938653961], [-82.44585736135433, 28.020307835890865]]]}}, {"type": "Feature", "properties": {"OBJECTID": 458672, "FOLIO": "146945.0000", "PIN": "A-30-28-19-45M-000060-00016.0", "TYPE": null, "SITE_ADDR": "8006 N 14th St", "SITE_CITY": "Tampa", "SITE_ZIP": "33604", "DOR_C": "0100", "ACT": 1926, "EFF": 1995, "HEAT_AR": 1162, "ACREAGE": 0.11, "JUST": 171732, "BLDG": 118960, "S_DATE": 1705881600000, "AMT": 290000, "VI": "I", "STORIES": 1, "Shape__Area": 4999.957481686562}, "geometry": {"type": "Polygon", "coordinates": [[[-82.44430996513036, 28.020296603984857], [-82.4446199056277, 28.020298158124064], [-82.44462014094175, 28.020160631892015], [-82.44431020084197, 28.020159078651172], [-82.44430996513036, 28.020296603984857]]]}}, {"type": "Feature", "properties": {"OBJECTID": 460056, "FOLIO": "148166.0000", "PIN": "A-21-28-19-464-000013-00022.0", "TYPE": null, "SITE_ADDR": "8622 N 39th St", "SITE_CITY": "Tampa", "SITE_ZIP": "33604", "DOR_C": "0100", "ACT": 1946, "EFF": 1966, "HEAT_AR": 1000, "ACREAGE": 0.13, "JUST": 98824, "BLDG": 51856, "S_DATE": 1604620800000, "AMT": 75000, "VI": "I", "STORIES": 1, "Shape__Area": 5688.426048441119}, "geometry": {"type": "Polygon", "coordinates": [[[-82.41739727311864, 28.028705387853172], [-82.4177517221755, 28.028704307973946], [-82.41775095579311, 28.028682554228833], [-82.41774688253217, 28.028566851255587], [-82.41739575123749, 28.028567921942948], [-82.41739727311864, 28.028705387853172]]]}}, {"type": "Feature", "properties": {"OBJECTID": 461753, "FOLIO": "149347.0000", "PIN": "A-30-28-19-46R-A00000-00008.0", "TYPE": null, "SITE_ADDR": "1704 E Park Cir", "SITE_CITY": "Tampa", "SITE_ZIP": "33610", "DOR_C": "0100", "ACT": 2022, "EFF": 2024, "HEAT_AR": 2288, "ACREAGE": 0.2, "JUST": 806606, "BLDG": 660717, "S_DATE": 1489104000000, "AMT": 150000, "VI": "V", "STORIES": 3, "Shape__Area": 8788.695486596436}, "geometry": {"type": "Polygon", "coordinates": [[[-82.44128021529681, 28.013251382794255], [-82.44140184173385, 28.01367717475335], [-82.44149051289439, 28.013649972134356], [-82.4415296236761, 28.01364937815931], [-82.44146075260801, 28.013169249119926], [-82.44136864889886, 28.013207140900764], [-82.44128021529681, 28.013251382794255]]]}}, {"type": "Feature", "properties": {"OBJECTID": 461856, "FOLIO": "149429.0000", "PIN": "A-30-28-19-46R-M00000-00001.0", "TYPE": null, "SITE_ADDR": "7013 N 15th St", "SITE_CITY": "Tampa", "SITE_ZIP": "33610", "DOR_C": "0100", "ACT": 2025, "EFF": 2025, "HEAT_AR": 1637, "ACREAGE": 0.17, "JUST": 501903, "BLDG": 428140, "S_DATE": 1752105600000, "AMT": 637000, "VI": "I", "STORIES": 1, "Shape__Area": 7423.9244567897895}, "geometry": {"type": "Polygon", "coordinates": [[[-82.44288486661648, 28.012470185994623], [-82.44251207038056, 28.012468040515902], [-82.44251084258245, 28.012507472355594], [-82.44262069298263, 28.012582797077847], [-82.44272727601668, 28.012661731928105], [-82.44283044176426, 28.01274416640093], [-82.44283470692497, 28.012746806633647], [-82.44283941165658, 28.012748775865436], [-82.44284442049157, 28.012750017681242], [-82.44284959398753, 28.012750498238823], [-82.44285478464512, 28.012750202672525], [-82.44285984607775, 28.012749139575632], [-82.44286463503786, 28.012747339188998], [-82.44286901649721, 28.012744852482452], [-82.44287286770684, 28.012741749336662], [-82.44287607819322, 28.01273811764095], [-82.44287855788168, 28.012734060559726], [-82.44288023707435, 28.012729691118242], [-82.44288106849459, 28.012725134903175], [-82.44288486661648, 28.012470185994623]]]}}, {"type": "Feature", "properties": {"OBJECTID": 462313, "FOLIO": "149806.0000", "PIN": "A-30-28-19-46T-000000-00068.0", "TYPE": null, "SITE_ADDR": "7810 N Marks St", "SITE_CITY": "Tampa", "SITE_ZIP": "33604", "DOR_C": "0100", "ACT": 1969, "EFF": 1997, "HEAT_AR": 1172, "ACREAGE": 0.11, "JUST": 147206, "BLDG": 89626, "S_DATE": 489024000000, "AMT": 39000, "VI": "I", "STORIES": 2, "Shape__Area": 4999.903567520085}, "geometry": {"type": "Polygon", "coordinates": [[[-82.44260088524996, 28.01852041624983], [-82.44291082568027, 28.01851996282698], [-82.44290958061853, 28.018382441315286], [-82.44259964058197, 28.018382894730852], [-82.44260088524996, 28.01852041624983]]]}}, {"type": "Feature", "properties": {"OBJECTID": 462367, "FOLIO": "149853.1000", "PIN": "A-30-28-19-46T-000000-00136.0", "TYPE": null, "SITE_ADDR": "1709 E Sitka St", "SITE_CITY": "Tampa", "SITE_ZIP": "33604", "DOR_C": "0100", "ACT": 1971, "EFF": 2009, "HEAT_AR": 1319, "ACREAGE": 0.12, "JUST": 234343, "BLDG": 176691, "S_DATE": 1755648000000, "AMT": 330000, "VI": "I", "STORIES": 1, "Shape__Area": 5249.925613714576}, "geometry": {"type": "Polygon", "coordinates": [[[-82.4401646920661, 28.021176132801603], [-82.44016393745302, 28.020887329770797], [-82.44000896816198, 28.02088837648942], [-82.44000972236523, 28.02117718042813], [-82.4401646920661, 28.021176132801603]]]}}, {"type": "Feature", "properties": {"OBJECTID": 462497, "FOLIO": "149943.0005", "PIN": "A-30-28-19-46T-000000-00283.0", "TYPE": null, "SITE_ADDR": "1701 Nome St", "SITE_CITY": "Tampa", "SITE_ZIP": "33604-", "DOR_C": "0800", "ACT": 1972, "EFF": 2009, "HEAT_AR": 1296, "ACREAGE": 0.12, "JUST": 204062, "BLDG": 151430, "S_DATE": 1752451200000, "AMT": 325000, "VI": "I", "STORIES": 1, "Shape__Area": 5249.6911527876655}, "geometry": {"type": "Polygon", "coordinates": [[[-82.44079497003483, 28.018738911441], [-82.44064000908728, 28.018740499359936], [-82.44064014051561, 28.019029303563215], [-82.44079510187662, 28.01902771563948], [-82.44079497003483, 28.018738911441]]]}}, {"type": "Feature", "properties": {"OBJECTID": 462584, "FOLIO": "150024.0000", "PIN": "A-30-28-19-46T-000000-00384.0", "TYPE": null, "SITE_ADDR": "1616 E Linden Ave", "SITE_CITY": "Tampa", "SITE_ZIP": "33604", "DOR_C": "0100", "ACT": 1953, "EFF": 2003, "HEAT_AR": 928, "ACREAGE": 0.12, "JUST": 168203, "BLDG": 107774, "S_DATE": 1680652800000, "AMT": 260000, "VI": "I", "STORIES": 1, "Shape__Area": 5410.517222902243}, "geometry": {"type": "Polygon", "coordinates": [[[-82.44136788161114, 28.017037468699034], [-82.44136984234123, 28.01732854926374], [-82.44152874551932, 28.017327926982887], [-82.44152585474217, 28.017036794364962], [-82.44136788161114, 28.017037468699034]]]}}, {"type": "Feature", "properties": {"OBJECTID": 462994, "FOLIO": "150375.0000", "PIN": "A-31-28-19-46Z-000000-00005.0", "TYPE": null, "SITE_ADDR": "6010 N 16th St", "SITE_CITY": "Tampa", "SITE_ZIP": "33610", "DOR_C": "0100", "ACT": 1958, "EFF": 1992, "HEAT_AR": 744, "ACREAGE": 0.11, "JUST": 134930, "BLDG": 71728, "S_DATE": null, "AMT": 0, "VI": null, "STORIES": 1, "Shape__Area": 4994.327791011938}, "geometry": {"type": "Polygon", "coordinates": [[[-82.44236882073918, 28.002418701863842], [-82.44236864449105, 28.002355136014113], [-82.44236830063129, 28.00223136304223], [-82.4420862511481, 28.002214999076486], [-82.4420869500823, 28.002275639451387], [-82.44208271106008, 28.002300221099567], [-82.44207433152873, 28.002323950652872], [-82.44236882073918, 28.002418701863842]]]}}, {"type": "Feature", "properties": {"OBJECTID": 463023, "FOLIO": "150401.0000", "PIN": "A-31-28-19-470-000000-00025.0", "TYPE": null, "SITE_ADDR": "1706 E Jean St", "SITE_CITY": "Tampa", "SITE_ZIP": "33610", "DOR_C": "0100", "ACT": 1975, "EFF": 2000, "HEAT_AR": 1704, "ACREAGE": 0.21, "JUST": 320069, "BLDG": 217856, "S_DATE": 660009600000, "AMT": 79900, "VI": "I", "STORIES": 1, "Shape__Area": 9062.871578385517}, "geometry": {"type": "Polygon", "coordinates": [[[-82.44025571606527, 28.004145112186617], [-82.44025653929299, 28.004439416765134], [-82.44028752950017, 28.00443941768991], [-82.44047346970594, 28.004439418583228], [-82.4405190257118, 28.004439418811263], [-82.44051820075404, 28.004145114245684], [-82.44025571606527, 28.004145112186617]]]}}, {"type": "Feature", "properties": {"OBJECTID": 463115, "FOLIO": "150480.0100", "PIN": "A-31-28-19-474-000001-00001.5", "TYPE": null, "SITE_ADDR": "2017 E Hanna Ave", "SITE_CITY": "Tampa", "SITE_ZIP": "33610", "DOR_C": "0100", "ACT": 1980, "EFF": 2002, "HEAT_AR": 982, "ACREAGE": 0.23, "JUST": 266619, "BLDG": 117520, "S_DATE": 1475107200000, "AMT": 57000, "VI": "I", "STORIES": 1, "Shape__Area": 9802.448795323611}, "geometry": {"type": "Polygon", "coordinates": [[[-82.43536241613516, 28.00286201205095], [-82.43536288260364, 28.003292458662003], [-82.43555709358523, 28.00329184353965], [-82.43555662713547, 28.002861846334042], [-82.43536241613516, 28.00286201205095]]]}}, {"type": "Feature", "properties": {"OBJECTID": 465459, "FOLIO": "152327.0100", "PIN": "A-32-28-19-489-000000-00420.0", "TYPE": null, "SITE_ADDR": "3623 E Henry Ave", "SITE_CITY": "Tampa", "SITE_ZIP": "33610", "DOR_C": "0100", "ACT": 2007, "EFF": 2020, "HEAT_AR": 2268, "ACREAGE": 0.12, "JUST": 316149, "BLDG": 263636, "S_DATE": 1559260800000, "AMT": 239900, "VI": "I", "STORIES": 2, "Shape__Area": 5430.1752520131895}, "geometry": {"type": "Polygon", "coordinates": [[[-82.41838867036707, 27.99937540948244], [-82.41838690562481, 27.99966449870156], [-82.4185472417235, 27.999664531419697], [-82.41854863355742, 27.999375609380124], [-82.41838867036707, 27.99937540948244]]]}}, {"type": "Feature", "properties": {"OBJECTID": 465763, "FOLIO": "152609.5000", "PIN": "A-32-28-19-48D-000000-00891.0", "TYPE": null, "SITE_ADDR": "3601 E North St", "SITE_CITY": "Tampa", "SITE_ZIP": "33610", "DOR_C": "0100", "ACT": 1953, "EFF": 1989, "HEAT_AR": 705, "ACREAGE": 0.13, "JUST": 102795, "BLDG": 50716, "S_DATE": 1000339200000, "AMT": 45000, "VI": "I", "STORIES": 1, "Shape__Area": 5500.826371019696}, "geometry": {"type": "Polygon", "coordinates": [[[-82.42009554233451, 28.004866410595703], [-82.42009691185932, 28.005156036853958], [-82.42025805966335, 28.005155377398562], [-82.42025823963503, 28.004865856502473], [-82.42009554233451, 28.004866410595703]]]}}, {"type": "Feature", "properties": {"OBJECTID": 466490, "FOLIO": "153400.0000", "PIN": "A-33-28-19-48Y-000000-00027.1", "TYPE": null, "SITE_ADDR": "6214 N 42nd St", "SITE_CITY": "Tampa", "SITE_ZIP": "33610", "DOR_C": "0100", "ACT": 1987, "EFF": 2006, "HEAT_AR": 1056, "ACREAGE": 0.32, "JUST": 240384, "BLDG": 123732, "S_DATE": null, "AMT": 0, "VI": null, "STORIES": 1, "Shape__Area": 14124.900943384662}, "geometry": {"type": "Polygon", "coordinates": [[[-82.41220887873234, 28.00442853900318], [-82.41264660617735, 28.004426174585458], [-82.412646282481, 28.004288648544694], [-82.41264595878783, 28.004151122501185], [-82.41220823143425, 28.004153486005727], [-82.41220887873234, 28.00442853900318]]]}}, {"type": "Feature", "properties": {"OBJECTID": 466679, "FOLIO": "153605.0000", "PIN": "A-04-29-19-ZZZ-000005-72340.0", "TYPE": null, "SITE_ADDR": "4108 E Ellicott St", "SITE_CITY": "Tampa", "SITE_ZIP": "33610", "DOR_C": "7240", "ACT": 1973, "EFF": 1983, "HEAT_AR": 1428, "ACREAGE": 0.51, "JUST": 213210, "BLDG": 62870, "S_DATE": 1179792000000, "AMT": 170000, "VI": "I", "STORIES": 1, "Shape__Area": 22016.629882758058}, "geometry": {"type": "Polygon", "coordinates": [[[-82.41278644476888, 27.990681500242985], [-82.41279210721694, 27.991524531758287], [-82.41301638813356, 27.991524626328733], [-82.4130101921021, 27.990948290166916], [-82.41300731608695, 27.99068155002843], [-82.41278644476888, 27.990681500242985]]]}}, {"type": "Feature", "properties": {"OBJECTID": 467301, "FOLIO": "154311.0000", "PIN": "A-04-29-19-49H-000000-00005.0", "TYPE": null, "SITE_ADDR": "3703 E Ida St", "SITE_CITY": "Tampa", "SITE_ZIP": "33610", "DOR_C": "0100", "ACT": 2000, "EFF": 2012, "HEAT_AR": 1286, "ACREAGE": 0.15, "JUST": 238370, "BLDG": 168414, "S_DATE": 985046400000, "AMT": 70900, "VI": "I", "STORIES": 1, "Shape__Area": 6437.014404856897}, "geometry": {"type": "Polygon", "coordinates": [[[-82.4179031270939, 27.982370345596568], [-82.41805308858392, 27.98237019312767], [-82.41805569313165, 27.982004378569876], [-82.4179057321512, 27.982004531938536], [-82.4179031270939, 27.982370345596568]]]}}, {"type": "Feature", "properties": {"OBJECTID": 468552, "FOLIO": "155654.0000", "PIN": "A-05-29-19-4A0-000003-00026.0", "TYPE": null, "SITE_ADDR": "2620 E Cayuga St", "SITE_CITY": "Tampa", "SITE_ZIP": "33610", "DOR_C": "0100", "ACT": 2000, "EFF": 2012, "HEAT_AR": 1286, "ACREAGE": 0.12, "JUST": 232690, "BLDG": 176590, "S_DATE": 968976000000, "AMT": 75900, "VI": "I", "STORIES": 1, "Shape__Area": 5214.732636479143}, "geometry": {"type": "Polygon", "coordinates": [[[-82.42902089725482, 27.98655469644351], [-82.42902153557215, 27.98683357416853], [-82.42918200808627, 27.986833346950547], [-82.42917919933049, 27.98655455902384], [-82.42902089725482, 27.98655469644351]]]}}, {"type": "Feature", "properties": {"OBJECTID": 468742, "FOLIO": "155843.0000", "PIN": "A-05-29-19-4A0-000014-00006.0", "TYPE": null, "SITE_ADDR": "2621 E 38th Ave", "SITE_CITY": "Tampa", "SITE_ZIP": "33610", "DOR_C": "0100", "ACT": 1948, "EFF": 2002, "HEAT_AR": 1246, "ACREAGE": 0.12, "JUST": 238306, "BLDG": 182206, "S_DATE": 1735776000000, "AMT": 284900, "VI": "I", "STORIES": 1, "Shape__Area": 5201.517836950462}, "geometry": {"type": "Polygon", "coordinates": [[[-82.42904846533644, 27.983337001043715], [-82.42889140297538, 27.98333686097978], [-82.42889196105236, 27.983618186423765], [-82.42905025840221, 27.983617938205022], [-82.42904846533644, 27.983337001043715]]]}}, {"type": "Feature", "properties": {"OBJECTID": 468847, "FOLIO": "155964.0000", "PIN": "A-05-29-19-4A2-000001-00011.0", "TYPE": null, "SITE_ADDR": "2404 E North Bay St", "SITE_CITY": "Tampa", "SITE_ZIP": "33610", "DOR_C": "0100", "ACT": 1928, "EFF": 1996, "HEAT_AR": 1487, "ACREAGE": 0.11, "JUST": 197549, "BLDG": 141449, "S_DATE": null, "AMT": 0, "VI": null, "STORIES": 2, "Shape__Area": 4999.8688539402065}, "geometry": {"type": "Polygon", "coordinates": [[[-82.43234664078557, 27.982977103801787], [-82.43234877670902, 27.983252150662974], [-82.43250369658534, 27.983252171691145], [-82.43250156026882, 27.982977124836765], [-82.43234664078557, 27.982977103801787]]]}}, {"type": "Feature", "properties": {"OBJECTID": 468875, "FOLIO": "155996.0000", "PIN": "A-05-29-19-4A2-000004-00013.0", "TYPE": null, "SITE_ADDR": "2402 E Ida St", "SITE_CITY": "Tampa", "SITE_ZIP": "33610", "DOR_C": "0100", "ACT": 1981, "EFF": 2003, "HEAT_AR": 1712, "ACREAGE": 0.22, "JUST": 283352, "BLDG": 184077, "S_DATE": 278726400000, "AMT": 7000, "VI": "V", "STORIES": 1, "Shape__Area": 9499.984809534042}, "geometry": {"type": "Polygon", "coordinates": [[[-82.43236680177081, 27.982267310492276], [-82.43236672986073, 27.982528611595903], [-82.43267656771675, 27.982528187816502], [-82.43267663888358, 27.982266887623453], [-82.43236680177081, 27.982267310492276]]]}}, {"type": "Feature", "properties": {"OBJECTID": 469277, "FOLIO": "156461.0000", "PIN": "A-05-29-19-4AD-000000-00001.1", "TYPE": null, "SITE_ADDR": "3101 E Osborne Ave", "SITE_CITY": "Tampa", "SITE_ZIP": "33610", "DOR_C": "0100", "ACT": 1941, "EFF": 1983, "HEAT_AR": 1679, "ACREAGE": 0.12, "JUST": 219877, "BLDG": 163216, "S_DATE": 1593993600000, "AMT": 169000, "VI": "I", "STORIES": 1, "Shape__Area": 5031.200191180184}, "geometry": {"type": "Polygon", "coordinates": [[[-82.42511314367746, 27.988451155219966], [-82.42495821695984, 27.988451824412326], [-82.4249579644107, 27.988728596886805], [-82.425112891524, 27.98872792769038], [-82.42511314367746, 27.988451155219966]]]}}, {"type": "Feature", "properties": {"OBJECTID": 469496, "FOLIO": "156672.0000", "PIN": "A-05-29-19-4AM-000002-00001.0", "TYPE": null, "SITE_ADDR": "4512 Troy St", "SITE_CITY": "Tampa", "SITE_ZIP": "33610", "DOR_C": "0100", "ACT": 1964, "EFF": 1994, "HEAT_AR": 1054, "ACREAGE": 0.11, "JUST": 141391, "BLDG": 88096, "S_DATE": null, "AMT": 0, "VI": null, "STORIES": 1, "Shape__Area": 4749.886714245764}, "geometry": {"type": "Polygon", "coordinates": [[[-82.42001011361721, 27.98691656031334], [-82.42001119194772, 27.986779036951212], [-82.41971683354579, 27.98677902860702], [-82.41971575484173, 27.9869165519709], [-82.42001011361721, 27.98691656031334]]]}}, {"type": "Feature", "properties": {"OBJECTID": 469621, "FOLIO": "156791.0000", "PIN": "A-05-29-19-4AP-000000-00023.0", "TYPE": null, "SITE_ADDR": "2411 E 38th Ave", "SITE_CITY": "Tampa", "SITE_ZIP": "33610", "DOR_C": "0100", "ACT": 1994, "EFF": 2016, "HEAT_AR": 1204, "ACREAGE": 0.12, "JUST": 212728, "BLDG": 154400, "S_DATE": 1543536000000, "AMT": 101300, "VI": "I", "STORIES": 1, "Shape__Area": 5249.880316885031}, "geometry": {"type": "Polygon", "coordinates": [[[-82.43219636203021, 27.983574759216815], [-82.4321941197998, 27.983285959973404], [-82.43203919885376, 27.983285938600265], [-82.432041441688, 27.983574737847643], [-82.43219636203021, 27.983574759216815]]]}}, {"type": "Feature", "properties": {"OBJECTID": 470389, "FOLIO": "157578.0000", "PIN": "A-06-29-19-4B6-000000-00040.0", "TYPE": null, "SITE_ADDR": "1709 E Louisiana Ave", "SITE_CITY": "Tampa", "SITE_ZIP": "33610", "DOR_C": "0100", "ACT": 2002, "EFF": 2014, "HEAT_AR": 1796, "ACREAGE": 0.19, "JUST": 333055, "BLDG": 238826, "S_DATE": 1319587200000, "AMT": 55000, "VI": "I", "STORIES": 1, "Shape__Area": 8249.965495621074}, "geometry": {"type": "Polygon", "coordinates": [[[-82.44017895808582, 27.989133656429953], [-82.44018047266492, 27.98943621105982], [-82.44041286565403, 27.989435879470708], [-82.44041135042248, 27.9891333239484], [-82.44017895808582, 27.989133656429953]]]}}, {"type": "Feature", "properties": {"OBJECTID": 470489, "FOLIO": "157674.0000", "PIN": "A-06-29-19-4BC-000003-00008.0", "TYPE": null, "SITE_ADDR": "1902 E Genesee St", "SITE_CITY": "Tampa", "SITE_ZIP": "33610", "DOR_C": "0100", "ACT": 1946, "EFF": 1986, "HEAT_AR": 1097, "ACREAGE": 0.14, "JUST": 142204, "BLDG": 72439, "S_DATE": 226022400000, "AMT": 14000, "VI": "I", "STORIES": 1, "Shape__Area": 6249.935182972687}, "geometry": {"type": "Polygon", "coordinates": [[[-82.43854772559028, 27.98430378734899], [-82.43854958322453, 27.9846475992955], [-82.43870450497815, 27.984647608805084], [-82.43870264786541, 27.984303795960592], [-82.43854772559028, 27.98430378734899]]]}}, {"type": "Feature", "properties": {"OBJECTID": 470726, "FOLIO": "157910.0000", "PIN": "A-06-29-19-4BK-000005-00005.0", "TYPE": null, "SITE_ADDR": "1909 E Noel St", "SITE_CITY": "Tampa", "SITE_ZIP": "33610", "DOR_C": "0100", "ACT": 1951, "EFF": 1988, "HEAT_AR": 928, "ACREAGE": 0.15, "JUST": 144536, "BLDG": 73457, "S_DATE": 1452643200000, "AMT": 20200, "VI": "I", "STORIES": 1, "Shape__Area": 6527.005328223649}, "geometry": {"type": "Polygon", "coordinates": [[[-82.43802218476056, 27.98650541962459], [-82.43802355711597, 27.986211115348116], [-82.43783455095861, 27.98621042940097], [-82.43783317808992, 27.986504733681418], [-82.43802218476056, 27.98650541962459]]]}}, {"type": "Feature", "properties": {"OBJECTID": 470831, "FOLIO": "157998.0000", "PIN": "A-06-29-19-4BL-000012-00011.0", "TYPE": null, "SITE_ADDR": "1506 E North Bay St", "SITE_CITY": "Tampa", "SITE_ZIP": "33610", "DOR_C": "0100", "ACT": 2002, "EFF": 2014, "HEAT_AR": 1200, "ACREAGE": 0.14, "JUST": 216026, "BLDG": 147964, "S_DATE": 1782864000000, "AMT": 218000, "VI": "I", "STORIES": 1, "Shape__Area": 6249.951413915919}, "geometry": {"type": "Polygon", "coordinates": [[[-82.44223589513001, 27.983417786395037], [-82.4422362314732, 27.98376160222876], [-82.4423911515912, 27.983762029928744], [-82.44239081475659, 27.98341821410106], [-82.44223589513001, 27.983417786395037]]]}}, {"type": "Feature", "properties": {"OBJECTID": 471810, "FOLIO": "158981.0000", "PIN": "A-10-29-19-4BX-000015-00016.0", "TYPE": null, "SITE_ADDR": "3607 N 52nd St", "SITE_CITY": "Tampa", "SITE_ZIP": "33619", "DOR_C": "0800", "ACT": 2007, "EFF": 2016, "HEAT_AR": 3484, "ACREAGE": 0.12, "JUST": 402014, "BLDG": 328130, "S_DATE": null, "AMT": 0, "VI": null, "STORIES": 2, "Shape__Area": 5391.770835339537}, "geometry": {"type": "Polygon", "coordinates": [[[-82.397668911889, 27.976474185110632], [-82.39734207250237, 27.97647210730037], [-82.39734249496084, 27.97661263251036], [-82.39766896374911, 27.976614985721206], [-82.397668911889, 27.976474185110632]]]}}, {"type": "Feature", "properties": {"OBJECTID": 472542, "FOLIO": "159654.0010", "PIN": "A-14-29-19-ZZZ-000005-79120.0", "TYPE": null, "SITE_ADDR": "6902 E 6th Ave", "SITE_CITY": "Tampa", "SITE_ZIP": "33619", "DOR_C": "4900", "ACT": 2008, "EFF": 2008, "HEAT_AR": 1568, "ACREAGE": 9.28, "JUST": 1248051, "BLDG": 399151, "S_DATE": null, "AMT": 0, "VI": null, "STORIES": 1, "Shape__Area": 404444.05946865195}, "geometry": {"type": "Polygon", "coordinates": [[[-82.37741468054634, 27.961244858491508], [-82.37877966244741, 27.960920809420692], [-82.37885151408102, 27.960891057523487], [-82.3789200622828, 27.960855689023116], [-82.37898475211834, 27.96081499242092], [-82.37904505826795, 27.96076929584376], [-82.37910049317009, 27.9607189706308], [-82.37915060800935, 27.960664423209142], [-82.37919499678493, 27.96060609598453], [-82.37984222336638, 27.959564941799172], [-82.37934897330264, 27.959566306752762], [-82.37704449241602, 27.959573347755025], [-82.37704274801108, 27.960372285955966], [-82.37706168676263, 27.96037095444359], [-82.377080617792, 27.96037237261174], [-82.37709903890027, 27.96037650213017], [-82.37711645983642, 27.960383233345215], [-82.37713241754832, 27.9603923870429], [-82.37714648941666, 27.96040372072953], [-82.3771583003879, 27.960416934026483], [-82.3771675382411, 27.960431674945305], [-82.37717395667762, 27.96044755161045], [-82.37717738654162, 27.96046414396], [-82.37717967783307, 27.9613685625216], [-82.37741510836378, 27.96136784759468], [-82.37741468054634, 27.961244858491508]]]}}, {"type": "Feature", "properties": {"OBJECTID": 473524, "FOLIO": "161139.0000", "PIN": "A-25-28-18-4DN-000004-00018.0", "TYPE": null, "SITE_ADDR": "706 E Hanlon St", "SITE_CITY": "Tampa", "SITE_ZIP": "33604", "DOR_C": "0100", "ACT": 1950, "EFF": 1988, "HEAT_AR": 1946, "ACREAGE": 0.34, "JUST": 349905, "BLDG": 212062, "S_DATE": null, "AMT": 0, "VI": null, "STORIES": 2, "Shape__Area": 15007.969482369052}, "geometry": {"type": "Polygon", "coordinates": [[[-82.45426415830991, 28.019092557452435], [-82.45425983804425, 28.019510844766504], [-82.45456583882364, 28.01950900550061], [-82.45456978481818, 28.01909050104303], [-82.45426415830991, 28.019092557452435]]]}}, {"type": "Feature", "properties": {"OBJECTID": 473548, "FOLIO": "161169.0100", "PIN": "A-25-28-18-4DQ-000001-00003.0", "TYPE": null, "SITE_ADDR": "105 W Stanley St", "SITE_CITY": "Tampa", "SITE_ZIP": "33604", "DOR_C": "0100", "ACT": 1960, "EFF": 1992, "HEAT_AR": 3119, "ACREAGE": 0.72, "JUST": 965698, "BLDG": 312875, "S_DATE": 957139200000, "AMT": 150000, "VI": "I", "STORIES": 2, "Shape__Area": 31391.247542337667}, "geometry": {"type": "Polygon", "coordinates": [[[-82.46010999535224, 28.02044981154722], [-82.46011101374198, 28.020908457109105], [-82.46020158118804, 28.020960347939575], [-82.46037184601573, 28.020995344983554], [-82.46060292845102, 28.021060009332196], [-82.46060586371294, 28.0204532346567], [-82.46010999535224, 28.02044981154722]]]}}, {"type": "Feature", "properties": {"OBJECTID": 474176, "FOLIO": "161860.0000", "PIN": "A-25-28-18-4EB-000000-00018.0", "TYPE": null, "SITE_ADDR": "7106 N Duncan Ave", "SITE_CITY": "Tampa", "SITE_ZIP": "33604", "DOR_C": "0000", "ACT": 0, "EFF": 0, "HEAT_AR": 0, "ACREAGE": 0.15, "JUST": 82416, "BLDG": 0, "S_DATE": null, "AMT": 0, "VI": null, "STORIES": 0, "Shape__Area": 6712.371768066417}, "geometry": {"type": "Polygon", "coordinates": [[[-82.46119840920143, 28.01320276958679], [-82.46161600389497, 28.013202794504434], [-82.46161691537115, 28.013067438098897], [-82.46119924511645, 28.01306411334242], [-82.46119840920143, 28.01320276958679]]]}}, {"type": "Feature", "properties": {"OBJECTID": 474420, "FOLIO": "162089.0000", "PIN": "A-36-28-18-4EK-000002-00008.0", "TYPE": null, "SITE_ADDR": "6003 N Highland Ave", "SITE_CITY": "Tampa", "SITE_ZIP": "33604", "DOR_C": "0100", "ACT": 1945, "EFF": 2001, "HEAT_AR": 1570, "ACREAGE": 0.21, "JUST": 389692, "BLDG": 261320, "S_DATE": 1583884800000, "AMT": 332500, "VI": "I", "STORIES": 1, "Shape__Area": 9269.885173268958}, "geometry": {"type": "Polygon", "coordinates": [[[-82.46216129139196, 28.001909005671276], [-82.46197535681989, 28.00190851878256], [-82.46178942224567, 28.001908031642383], [-82.46160348665649, 28.001907545156506], [-82.46160386463156, 28.002049196238875], [-82.46216167009658, 28.002050656743407], [-82.46216129139196, 28.001909005671276]]]}}, {"type": "Feature", "properties": {"OBJECTID": 474446, "FOLIO": "162121.0000", "PIN": "A-36-28-18-4EK-000006-00003.0", "TYPE": null, "SITE_ADDR": "6016 N Dexter Ave", "SITE_CITY": "Tampa", "SITE_ZIP": "33604", "DOR_C": "0100", "ACT": 1926, "EFF": 1995, "HEAT_AR": 1269, "ACREAGE": 0.21, "JUST": 400753, "BLDG": 264535, "S_DATE": 1758672000000, "AMT": 450000, "VI": "I", "STORIES": 1, "Shape__Area": 9269.894871029077}, "geometry": {"type": "Polygon", "coordinates": [[[-82.46679416476893, 28.002784151844264], [-82.46679377998477, 28.0026424999705], [-82.46623597169962, 28.002641059199274], [-82.46623635575034, 28.00278271018105], [-82.46679416476893, 28.002784151844264]]]}}, {"type": "Feature", "properties": {"OBJECTID": 474511, "FOLIO": "162178.0000", "PIN": "A-35-28-18-4EK-000008-00008.1", "TYPE": null, "SITE_ADDR": "6009 Ithmar Ave", "SITE_CITY": "Tampa", "SITE_ZIP": "33604", "DOR_C": "0000", "ACT": 0, "EFF": 0, "HEAT_AR": 0, "ACREAGE": 0.21, "JUST": 127184, "BLDG": 0, "S_DATE": null, "AMT": 0, "VI": null, "STORIES": 0, "Shape__Area": 9269.85710686155}, "geometry": {"type": "Polygon", "coordinates": [[[-82.46997175347055, 28.00222589469935], [-82.46941394849985, 28.002224465890478], [-82.46941433568026, 28.002366116825105], [-82.46997214239718, 28.002367545620046], [-82.46997175347055, 28.00222589469935]]]}}, {"type": "Feature", "properties": {"OBJECTID": 474574, "FOLIO": "162279.0000", "PIN": "A-35-28-18-4EK-000013-00009.2", "TYPE": null, "SITE_ADDR": "5907 N Kenneth Ave", "SITE_CITY": "Tampa", "SITE_ZIP": "33604", "DOR_C": "0100", "ACT": 1920, "EFF": 1972, "HEAT_AR": 852, "ACREAGE": 0.21, "JUST": 240908, "BLDG": 113724, "S_DATE": 0, "AMT": 6500, "VI": null, "STORIES": 1, "Shape__Area": 9269.84018665407}, "geometry": {"type": "Polygon", "coordinates": [[[-82.47071055030054, 28.000690291968777], [-82.4712683462852, 28.000691714714502], [-82.47126795671997, 28.000550063780135], [-82.4707101604481, 28.000548641027386], [-82.47071055030054, 28.000690291968777]]]}}, {"type": "Feature", "properties": {"OBJECTID": 475084, "FOLIO": "162829.0000", "PIN": "A-36-28-18-4F0-000000-00004.0", "TYPE": null, "SITE_ADDR": "121 W Thomas St", "SITE_CITY": "Tampa", "SITE_ZIP": "33604", "DOR_C": "0100", "ACT": 1952, "EFF": 1988, "HEAT_AR": 826, "ACREAGE": 0.14, "JUST": 169348, "BLDG": 78704, "S_DATE": 1030579200000, "AMT": 90000, "VI": "I", "STORIES": 1, "Shape__Area": 6249.8910447658245}, "geometry": {"type": "Polygon", "coordinates": [[[-82.46122616443876, 28.007911682558916], [-82.46122524908225, 28.007567869519274], [-82.46107029515986, 28.00756746344078], [-82.46107121104113, 28.007911276483917], [-82.46122616443876, 28.007911682558916]]]}}, {"type": "Feature", "properties": {"OBJECTID": 475178, "FOLIO": "162924.0000", "PIN": "A-36-28-18-4F4-000000-00021.0", "TYPE": null, "SITE_ADDR": "6808 N River Blvd", "SITE_CITY": "Tampa", "SITE_ZIP": "33604", "DOR_C": "0100", "ACT": 1941, "EFF": 2000, "HEAT_AR": 1521, "ACREAGE": 0.15, "JUST": 436036, "BLDG": 215018, "S_DATE": 1718841600000, "AMT": 644000, "VI": "I", "STORIES": 1, "Shape__Area": 6378.521756248679}, "geometry": {"type": "Polygon", "coordinates": [[[-82.46398859318109, 28.009906399757128], [-82.46438094714873, 28.00990633553452], [-82.46431497346913, 28.009763505698448], [-82.46393924397941, 28.009766536675976], [-82.46398859318109, 28.009906399757128]]]}}, {"type": "Feature", "properties": {"OBJECTID": 475201, "FOLIO": "162947.0000", "PIN": "A-36-28-18-4F5-000000-00004.0", "TYPE": null, "SITE_ADDR": "207 W Hiawatha St", "SITE_CITY": "Tampa", "SITE_ZIP": "33604", "DOR_C": "0100", "ACT": 1926, "EFF": 1995, "HEAT_AR": 1300, "ACREAGE": 0.12, "JUST": 352767, "BLDG": 273887, "S_DATE": 1639526400000, "AMT": 385300, "VI": "I", "STORIES": 1, "Shape__Area": 5199.933021307599}, "geometry": {"type": "Polygon", "coordinates": [[[-82.46214107864422, 28.009480764247247], [-82.46214184301341, 28.00976681658297], [-82.46223481704514, 28.009767059865318], [-82.46229680007289, 28.00976722231824], [-82.46229603529048, 28.009481169085905], [-82.46214107864422, 28.009480764247247]]]}}, {"type": "Feature", "properties": {"OBJECTID": 475210, "FOLIO": "162956.0000", "PIN": "A-36-28-18-4F5-000000-00015.0", "TYPE": null, "SITE_ADDR": "6800 N River Blvd", "SITE_CITY": "Tampa", "SITE_ZIP": "33604", "DOR_C": "0000", "ACT": 0, "EFF": 0, "HEAT_AR": 0, "ACREAGE": 0.14, "JUST": 226464, "BLDG": 0, "S_DATE": 1520553600000, "AMT": 362000, "VI": "I", "STORIES": 0, "Shape__Area": 6288.439485913579}, "geometry": {"type": "Polygon", "coordinates": [[[-82.46387891609919, 28.009516416089628], [-82.46420906896603, 28.009516370943285], [-82.46419916066154, 28.009489394546712], [-82.46419327604767, 28.00945418005168], [-82.46418180774866, 28.009425008860163], [-82.4641663318027, 28.009393347028425], [-82.46414342604209, 28.009349306737015], [-82.46383829126275, 28.009351164161334], [-82.46387891609919, 28.009516416089628]]]}}, {"type": "Feature", "properties": {"OBJECTID": 475435, "FOLIO": "163192.0000", "PIN": "A-36-28-18-4FA-000000-00167.0", "TYPE": null, "SITE_ADDR": "102 E North St", "SITE_CITY": "Tampa", "SITE_ZIP": "33604", "DOR_C": "0100", "ACT": 1918, "EFF": 1993, "HEAT_AR": 2312, "ACREAGE": 0.14, "JUST": 533305, "BLDG": 418703, "S_DATE": 1444262400000, "AMT": 310000, "VI": "I", "STORIES": 2, "Shape__Area": 6305.330789825349}, "geometry": {"type": "Polygon", "coordinates": [[[-82.45882487433514, 28.005880890617213], [-82.45882574060117, 28.006202699745668], [-82.45897759271081, 28.00620339396031], [-82.45899305038559, 28.006189711527526], [-82.45899222055954, 28.00588165493265], [-82.45882487433514, 28.005880890617213]]]}}, {"type": "Feature", "properties": {"OBJECTID": 475547, "FOLIO": "163304.0000", "PIN": "A-36-28-18-4FA-000000-00298.0", "TYPE": null, "SITE_ADDR": "310 E Hanna Ave", "SITE_CITY": "Tampa", "SITE_ZIP": "33604", "DOR_C": "0100", "ACT": 1924, "EFF": 1995, "HEAT_AR": 1244, "ACREAGE": 0.13, "JUST": 359361, "BLDG": 270307, "S_DATE": 1574380800000, "AMT": 295000, "VI": "I", "STORIES": 1, "Shape__Area": 5849.836977971045}, "geometry": {"type": "Polygon", "coordinates": [[[-82.45666034444577, 28.003448656233385], [-82.456661204152, 28.003770465565335], [-82.45681615090906, 28.003771175380436], [-82.45681529175914, 28.00344936605156], [-82.45666034444577, 28.003448656233385]]]}}, {"type": "Feature", "properties": {"OBJECTID": 475666, "FOLIO": "163424.0000", "PIN": "A-36-28-18-4FB-000000-00436.0", "TYPE": null, "SITE_ADDR": "209 W Jean St", "SITE_CITY": "Tampa", "SITE_ZIP": "33604", "DOR_C": "0100", "ACT": 2018, "EFF": 2022, "HEAT_AR": 1689, "ACREAGE": 0.14, "JUST": 483003, "BLDG": 368891, "S_DATE": null, "AMT": 0, "VI": null, "STORIES": 1, "Shape__Area": 6099.893653948706}, "geometry": {"type": "Polygon", "coordinates": [[[-82.46294650649011, 28.004615698611396], [-82.46310145514686, 28.004616102629132], [-82.46310055608929, 28.004280541023675], [-82.46294560689594, 28.004280137002606], [-82.46294650649011, 28.004615698611396]]]}}, {"type": "Feature", "properties": {"OBJECTID": 475679, "FOLIO": "163436.0000", "PIN": "A-36-28-18-4FB-000000-00448.0", "TYPE": null, "SITE_ADDR": "303 W Jean St", "SITE_CITY": "Tampa", "SITE_ZIP": "33604", "DOR_C": "0100", "ACT": 1925, "EFF": 1975, "HEAT_AR": 962, "ACREAGE": 0.28, "JUST": 271624, "BLDG": 123077, "S_DATE": 1109721600000, "AMT": 160000, "VI": "I", "STORIES": 1, "Shape__Area": 12199.84365566666}, "geometry": {"type": "Polygon", "coordinates": [[[-82.46494114100803, 28.004623870774672], [-82.46509609066639, 28.004624272540607], [-82.46525104032325, 28.004624674131883], [-82.46525013358819, 28.004289112624328], [-82.46494023522936, 28.004288308351097], [-82.46494114100803, 28.004623870774672]]]}}, {"type": "Feature", "properties": {"OBJECTID": 475735, "FOLIO": "163486.0000", "PIN": "A-36-28-18-4FB-000000-00517.0", "TYPE": null, "SITE_ADDR": "101 W Fern St", "SITE_CITY": "Tampa", "SITE_ZIP": "33604", "DOR_C": "0100", "ACT": 1924, "EFF": 1974, "HEAT_AR": 1144, "ACREAGE": 0.2, "JUST": 271225, "BLDG": 138201, "S_DATE": 1747353600000, "AMT": 369900, "VI": "I", "STORIES": 1, "Shape__Area": 8539.878614281524}, "geometry": {"type": "Polygon", "coordinates": [[[-82.46017433716915, 28.005414160360637], [-82.46017344713323, 28.00507859776445], [-82.45995651640705, 28.005078027847865], [-82.45995740678364, 28.005413589547718], [-82.46017433716915, 28.005414160360637]]]}}, {"type": "Feature", "properties": {"OBJECTID": 475750, "FOLIO": "163499.0100", "PIN": "A-36-28-18-4FB-000000-00534.0", "TYPE": null, "SITE_ADDR": "205 W Fern St", "SITE_CITY": "Tampa", "SITE_ZIP": "33604", "DOR_C": "0100", "ACT": 2018, "EFF": 2022, "HEAT_AR": 1528, "ACREAGE": 0.14, "JUST": 432226, "BLDG": 345118, "S_DATE": 1517270400000, "AMT": 347400, "VI": "I", "STORIES": 1, "Shape__Area": 6099.901884163149}, "geometry": {"type": "Polygon", "coordinates": [[[-82.46294431362682, 28.005091221858358], [-82.46278936326756, 28.005090816772707], [-82.46279026242635, 28.005426379251162], [-82.46294521224519, 28.005426783431094], [-82.46294431362682, 28.005091221858358]]]}}, {"type": "Feature", "properties": {"OBJECTID": 475864, "FOLIO": "163605.0000", "PIN": "A-36-28-18-4FB-000000-00672.0", "TYPE": null, "SITE_ADDR": "212 W Lambright St", "SITE_CITY": "Tampa", "SITE_ZIP": "33604", "DOR_C": "0100", "ACT": 1926, "EFF": 1976, "HEAT_AR": 1188, "ACREAGE": 0.28, "JUST": 307528, "BLDG": 142120, "S_DATE": 0, "AMT": 12000, "VI": null, "STORIES": 1, "Shape__Area": 12199.823697841994}, "geometry": {"type": "Polygon", "coordinates": [[[-82.46219361472131, 28.006564752109455], [-82.4621927173483, 28.00622918966052], [-82.4620377653545, 28.006228784649625], [-82.46188281437594, 28.006228379460637], [-82.46188370976805, 28.006563941024144], [-82.46219361472131, 28.006564752109455]]]}}, {"type": "Feature", "properties": {"OBJECTID": 475885, "FOLIO": "163625.0000", "PIN": "A-36-28-18-4FB-000000-00694.0", "TYPE": null, "SITE_ADDR": "201 W Lambright St", "SITE_CITY": "Tampa", "SITE_ZIP": "33604", "DOR_C": "0100", "ACT": 1926, "EFF": 1976, "HEAT_AR": 1204, "ACREAGE": 0.13, "JUST": 210869, "BLDG": 128675, "S_DATE": 907200000000, "AMT": 57000, "VI": "I", "STORIES": 1, "Shape__Area": 5709.925766000625}, "geometry": {"type": "Polygon", "coordinates": [[[-82.46111134841138, 28.007016189382057], [-82.46111051216873, 28.006702081384386], [-82.4609555594838, 28.006701675161743], [-82.46095639527701, 28.00701578316573], [-82.46111134841138, 28.007016189382057]]]}}, {"type": "Feature", "properties": {"OBJECTID": 475984, "FOLIO": "163760.0000", "PIN": "A-36-28-18-4FJ-000000-00009.0", "TYPE": null, "SITE_ADDR": "5806 N Cherokee Ave", "SITE_CITY": "Tampa", "SITE_ZIP": "33604", "DOR_C": "0100", "ACT": 1928, "EFF": 1976, "HEAT_AR": 1667, "ACREAGE": 0.15, "JUST": 303938, "BLDG": 214438, "S_DATE": 63072000000, "AMT": 13000, "VI": null, "STORIES": 1, "Shape__Area": 6374.997453219174}, "geometry": {"type": "Polygon", "coordinates": [[[-82.4548412048237, 28.0000641505551], [-82.45445385820612, 28.000066962739915], [-82.45445553863011, 28.000207231680534], [-82.45484288574913, 28.000204419485133], [-82.4548412048237, 28.0000641505551]]]}}, {"type": "Feature", "properties": {"OBJECTID": 476160, "FOLIO": "163951.0000", "PIN": "A-36-28-18-4FO-000000-00011.0", "TYPE": null, "SITE_ADDR": "6010 N Tampa St", "SITE_CITY": "Tampa", "SITE_ZIP": "33604", "DOR_C": "0100", "ACT": 1944, "EFF": 2001, "HEAT_AR": 871, "ACREAGE": 0.21, "JUST": 262716, "BLDG": 134434, "S_DATE": 1770076800000, "AMT": 285000, "VI": "I", "STORIES": 1, "Shape__Area": 8999.898978365693}, "geometry": {"type": "Polygon", "coordinates": [[[-82.46101582477493, 28.002330955469223], [-82.46101619053057, 28.002468480795578], [-82.46157399818328, 28.002469943658614], [-82.46157363171547, 28.002332417439835], [-82.46101582477493, 28.002330955469223]]]}}, {"type": "Feature", "properties": {"OBJECTID": 476448, "FOLIO": "164251.0000", "PIN": "A-36-28-18-4FW-000021-00002.0", "TYPE": null, "SITE_ADDR": "5608 N Cherokee Ave", "SITE_CITY": "Tampa", "SITE_ZIP": "33604", "DOR_C": "0100", "ACT": 1940, "EFF": 1982, "HEAT_AR": 1199, "ACREAGE": 0.17, "JUST": 246112, "BLDG": 132272, "S_DATE": 862444800000, "AMT": 70000, "VI": "I", "STORIES": 1, "Shape__Area": 7391.991413013644}, "geometry": {"type": "Polygon", "coordinates": [[[-82.45471086690057, 27.998585875636838], [-82.45470902071354, 27.998431855449645], [-82.45429998866695, 27.998434824591317], [-82.45430183427638, 27.99858884569318], [-82.45471086690057, 27.998585875636838]]]}}, {"type": "Feature", "properties": {"OBJECTID": 476550, "FOLIO": "164376.0000", "PIN": "A-36-28-18-4FX-000035-00012.0", "TYPE": null, "SITE_ADDR": "217 W Comanche Ave", "SITE_CITY": "Tampa", "SITE_ZIP": "33604", "DOR_C": "0100", "ACT": 1933, "EFF": 1997, "HEAT_AR": 1488, "ACREAGE": 0.19, "JUST": 453435, "BLDG": 317701, "S_DATE": 1356652800000, "AMT": 180000, "VI": "I", "STORIES": 1, "Shape__Area": 8183.872003053115}, "geometry": {"type": "Polygon", "coordinates": [[[-82.46312091054683, 27.997978474190415], [-82.46312188420576, 27.998341541172252], [-82.46331401038596, 27.998342042699402], [-82.46331303608306, 27.997978975726664], [-82.46312091054683, 27.997978474190415]]]}}, {"type": "Feature", "properties": {"OBJECTID": 476562, "FOLIO": "164389.0000", "PIN": "A-36-28-18-4FX-000036-00005.0", "TYPE": null, "SITE_ADDR": "110 W Powhatan Ave", "SITE_CITY": "Tampa", "SITE_ZIP": "33604", "DOR_C": "0100", "ACT": 1921, "EFF": 1973, "HEAT_AR": 2145, "ACREAGE": 0.19, "JUST": 395576, "BLDG": 278978, "S_DATE": 615254400000, "AMT": 64000, "VI": "I", "STORIES": 3, "Shape__Area": 8183.903864746336}, "geometry": {"type": "Polygon", "coordinates": [[[-82.4604703465413, 27.998727918071204], [-82.46046938174591, 27.99836485098492], [-82.46027725547825, 27.99836434548328], [-82.46027821861684, 27.998727413484396], [-82.4604703465413, 27.998727918071204]]]}}, {"type": "Feature", "properties": {"OBJECTID": 476690, "FOLIO": "164531.0000", "PIN": "A-01-29-18-4FY-000004-00002.4", "TYPE": null, "SITE_ADDR": "803 E Giddens Ave", "SITE_CITY": "Tampa", "SITE_ZIP": "33603", "DOR_C": "0100", "ACT": 1928, "EFF": 1976, "HEAT_AR": 1568, "ACREAGE": 0.16, "JUST": 238694, "BLDG": 156986, "S_DATE": 1019174400000, "AMT": 93000, "VI": "I", "STORIES": 1, "Shape__Area": 7164.676540951589}, "geometry": {"type": "Polygon", "coordinates": [[[-82.45295830916776, 27.995101222147948], [-82.45296335065228, 27.994714799483592], [-82.45294475845857, 27.994714857114307], [-82.45280531701884, 27.994715292874094], [-82.45280027497057, 27.995101715539242], [-82.45295830916776, 27.995101222147948]]]}}, {"type": "Feature", "properties": {"OBJECTID": 476780, "FOLIO": "164632.0000", "PIN": "A-01-29-18-4G5-000004-00005.0", "TYPE": null, "SITE_ADDR": "5302 N Suwanee Ave", "SITE_CITY": "Tampa", "SITE_ZIP": "33603", "DOR_C": "0100", "ACT": 1928, "EFF": 1976, "HEAT_AR": 1220, "ACREAGE": 0.17, "JUST": 282377, "BLDG": 149886, "S_DATE": 972259200000, "AMT": 105000, "VI": "I", "STORIES": 1, "Shape__Area": 7391.948929859027}, "geometry": {"type": "Polygon", "coordinates": [[[-82.45846945268278, 27.99538333603944], [-82.458878472905, 27.995380353728702], [-82.45887775750113, 27.99522632619289], [-82.45846873785648, 27.99522930759227], [-82.45846945268278, 27.99538333603944]]]}}, {"type": "Feature", "properties": {"OBJECTID": 476791, "FOLIO": "164648.0000", "PIN": "A-01-29-18-4G5-000005-00010.0", "TYPE": null, "SITE_ADDR": "5229 N Florida Ave", "SITE_CITY": "Tampa", "SITE_ZIP": "33603", "DOR_C": "2103", "ACT": 1959, "EFF": 2009, "HEAT_AR": 1984, "ACREAGE": 0.14, "JUST": 374096, "BLDG": 279236, "S_DATE": 688953600000, "AMT": 78000, "VI": "I", "STORIES": 1, "Shape__Area": 6159.948016141825}, "geometry": {"type": "Polygon", "coordinates": [[[-82.45932701789468, 27.995088266944776], [-82.45932603258775, 27.994876479089328], [-82.45907814290356, 27.994878286886546], [-82.45907912772982, 27.995090075651866], [-82.45932701789468, 27.995088266944776]]]}}, {"type": "Feature", "properties": {"OBJECTID": 476872, "FOLIO": "164726.0000", "PIN": "A-01-29-18-4G5-000012-00002.0", "TYPE": null, "SITE_ADDR": "5118 N Suwanee Ave", "SITE_CITY": "Tampa", "SITE_ZIP": "33603", "DOR_C": "0100", "ACT": 1918, "EFF": 1972, "HEAT_AR": 1120, "ACREAGE": 0.15, "JUST": 235744, "BLDG": 130097, "S_DATE": 1715817600000, "AMT": 300000, "VI": "I", "STORIES": 1, "Shape__Area": 6599.956845690113}, "geometry": {"type": "Polygon", "coordinates": [[[-82.45847699606477, 27.994018431155503], [-82.45888601113417, 27.994015448882887], [-82.45888537175152, 27.99387792427252], [-82.45847635719734, 27.993880905634768], [-82.45847699606477, 27.994018431155503]]]}}, {"type": "Feature", "properties": {"OBJECTID": 477059, "FOLIO": "164934.0000", "PIN": "A-01-29-18-4GD-000002-00006.0", "TYPE": null, "SITE_ADDR": "807 E Louisiana Ave", "SITE_CITY": "Tampa", "SITE_ZIP": "33603", "DOR_C": "0100", "ACT": 1923, "EFF": 1974, "HEAT_AR": 1232, "ACREAGE": 0.13, "JUST": 189998, "BLDG": 123609, "S_DATE": 1154995200000, "AMT": 190000, "VI": "I", "STORIES": 1, "Shape__Area": 5579.829502148535}, "geometry": {"type": "Polygon", "coordinates": [[[-82.4525028158841, 27.989525097662384], [-82.45250453305296, 27.989184036119806], [-82.45236509770533, 27.989184471353596], [-82.45236338111418, 27.98952553289622], [-82.4525028158841, 27.989525097662384]]]}}, {"type": "Feature", "properties": {"OBJECTID": 477134, "FOLIO": "165026.0000", "PIN": "A-01-29-18-4GH-000007-00049.0", "TYPE": null, "SITE_ADDR": "411 W Violet St", "SITE_CITY": "Tampa", "SITE_ZIP": "33603", "DOR_C": "0100", "ACT": 1957, "EFF": 1991, "HEAT_AR": 1941, "ACREAGE": 0.63, "JUST": 664479, "BLDG": 285139, "S_DATE": 859852800000, "AMT": 121000, "VI": "I", "STORIES": 1, "Shape__Area": 27258.24321992014}, "geometry": {"type": "Polygon", "coordinates": [[[-82.46419741060758, 27.991361488011222], [-82.46445651000737, 27.991362197835578], [-82.46445591904728, 27.991221713202403], [-82.46447347705906, 27.99117904227272], [-82.46447251322317, 27.99106493984508], [-82.46447108464419, 27.991064409542886], [-82.46447100047102, 27.991039316611452], [-82.46446965119979, 27.99074634588859], [-82.46401732837106, 27.9907448894206], [-82.46401834448436, 27.990986933070936], [-82.46401857597549, 27.991041942988403], [-82.46414590805865, 27.991184939981302], [-82.46427321248028, 27.991310961776744], [-82.46424574322923, 27.991331525597534], [-82.464247739716, 27.99133362778173], [-82.46419741060758, 27.991361488011222]]]}}, {"type": "Feature", "properties": {"OBJECTID": 477244, "FOLIO": "165127.0000", "PIN": "A-01-29-18-4GH-000000-00168.0", "TYPE": null, "SITE_ADDR": "317 W Wilder Ave", "SITE_CITY": "Tampa", "SITE_ZIP": "33603", "DOR_C": "0100", "ACT": 1926, "EFF": 1951, "HEAT_AR": 1947, "ACREAGE": 0.13, "JUST": 220814, "BLDG": 133068, "S_DATE": 1748563200000, "AMT": 335000, "VI": "I", "STORIES": 1, "Shape__Area": 5799.881969598275}, "geometry": {"type": "Polygon", "coordinates": [[[-82.46337057760601, 27.99227458067001], [-82.4633719155875, 27.992593639066577], [-82.46352684815163, 27.99259406446563], [-82.46352550971392, 27.99227500607604], [-82.46337057760601, 27.99227458067001]]]}}, {"type": "Feature", "properties": {"OBJECTID": 477269, "FOLIO": "165147.0000", "PIN": "A-01-29-18-4GH-000000-00196.0", "TYPE": null, "SITE_ADDR": "302 W Haya St", "SITE_CITY": "Tampa", "SITE_ZIP": "33603", "DOR_C": "0100", "ACT": 1925, "EFF": 1995, "HEAT_AR": 1408, "ACREAGE": 0.13, "JUST": 352984, "BLDG": 263837, "S_DATE": 1565308800000, "AMT": 329900, "VI": "I", "STORIES": 1, "Shape__Area": 5799.881969598275}, "geometry": {"type": "Polygon", "coordinates": [[[-82.4622887254584, 27.992909714805705], [-82.46228739064829, 27.99259065637509], [-82.4621324580727, 27.992590229579484], [-82.46213379242656, 27.992909288017096], [-82.4622887254584, 27.992909714805705]]]}}, {"type": "Feature", "properties": {"OBJECTID": 477523, "FOLIO": "165391.0000", "PIN": "A-01-29-18-4GJ-000004-00011.1", "TYPE": null, "SITE_ADDR": "209 W Osborne Ave", "SITE_CITY": "Tampa", "SITE_ZIP": "33603", "DOR_C": "0100", "ACT": 1928, "EFF": 1996, "HEAT_AR": 1132, "ACREAGE": 0.09, "JUST": 282883, "BLDG": 222382, "S_DATE": 1643673600000, "AMT": 312000, "VI": "I", "STORIES": 1, "Shape__Area": 3999.9813892399693}, "geometry": {"type": "Polygon", "coordinates": [[[-82.46173514431214, 27.988876149239616], [-82.46173520609872, 27.98915120175186], [-82.46185914810945, 27.98915141997818], [-82.46185908601213, 27.98887636837217], [-82.46173514431214, 27.988876149239616]]]}}, {"type": "Feature", "properties": {"OBJECTID": 477844, "FOLIO": "165702.0000", "PIN": "A-01-29-18-4GL-000000-00295.0", "TYPE": null, "SITE_ADDR": "207 W Genesee St", "SITE_CITY": "Tampa", "SITE_ZIP": "33603", "DOR_C": "0100", "ACT": 1928, "EFF": 1996, "HEAT_AR": 1122, "ACREAGE": 0.12, "JUST": 330992, "BLDG": 253393, "S_DATE": 1681430400000, "AMT": 435000, "VI": "I", "STORIES": 1, "Shape__Area": 5099.978044426286}, "geometry": {"type": "Polygon", "coordinates": [[[-82.4616960145075, 27.984528594608378], [-82.46154109352103, 27.98452842238939], [-82.46154027129768, 27.984808974608956], [-82.46169519268516, 27.984809146824073], [-82.4616960145075, 27.984528594608378]]]}}, {"type": "Feature", "properties": {"OBJECTID": 477993, "FOLIO": "165858.0000", "PIN": "A-01-29-18-4GL-000000-00479.0", "TYPE": null, "SITE_ADDR": "302 W Ida St", "SITE_CITY": "Tampa", "SITE_ZIP": "33603", "DOR_C": "0100", "ACT": 1925, "EFF": 1995, "HEAT_AR": 1147, "ACREAGE": 0.09, "JUST": 270500, "BLDG": 203392, "S_DATE": null, "AMT": 0, "VI": null, "STORIES": 1, "Shape__Area": 4080.017952385273}, "geometry": {"type": "Polygon", "coordinates": [[[-82.46225626889442, 27.98221585910663], [-82.46225642554933, 27.98193530542078], [-82.46213249095938, 27.981935129869516], [-82.46213233398372, 27.98221568355909], [-82.46225626889442, 27.98221585910663]]]}}, {"type": "Feature", "properties": {"OBJECTID": 478106, "FOLIO": "165970.0000", "PIN": "A-01-29-18-4GN-000008-00007.1", "TYPE": null, "SITE_ADDR": "415 W North Bay St", "SITE_CITY": "Tampa", "SITE_ZIP": "33603", "DOR_C": "0100", "ACT": 1924, "EFF": 1974, "HEAT_AR": 1008, "ACREAGE": 0.22, "JUST": 281857, "BLDG": 156951, "S_DATE": 865123200000, "AMT": 10000, "VI": "I", "STORIES": 3, "Shape__Area": 9681.761992435548}, "geometry": {"type": "Polygon", "coordinates": [[[-82.46474860769247, 27.98288562018618], [-82.4647519414385, 27.983391707895265], [-82.46486348383989, 27.983391840833704], [-82.4648626684156, 27.983268069388707], [-82.4649308327378, 27.98326814943394], [-82.46492831365487, 27.982885833182994], [-82.46474860769247, 27.98288562018618]]]}}, {"type": "Feature", "properties": {"OBJECTID": 478204, "FOLIO": "166083.0100", "PIN": "A-01-29-18-4GQ-A00000-00002.1", "TYPE": null, "SITE_ADDR": "4303 N Central Ave", "SITE_CITY": "Tampa", "SITE_ZIP": "33603", "DOR_C": "0100", "ACT": 2020, "EFF": 2022, "HEAT_AR": 2106, "ACREAGE": 0.18, "JUST": 578598, "BLDG": 469700, "S_DATE": 1591920000000, "AMT": 562500, "VI": "I", "STORIES": 1, "Shape__Area": 7856.923358245115}, "geometry": {"type": "Polygon", "coordinates": [[[-82.45473532721189, 27.986289239432317], [-82.45473531570933, 27.986449319383905], [-82.45515360790645, 27.986447741778253], [-82.45515361878743, 27.986287660931477], [-82.45473532721189, 27.986289239432317]]]}}, {"type": "Feature", "properties": {"OBJECTID": 478387, "FOLIO": "166273.0000", "PIN": "A-01-29-18-4GT-000031-00001.1", "TYPE": null, "SITE_ADDR": "4204 N Central Ave", "SITE_CITY": "Tampa", "SITE_ZIP": "33603", "DOR_C": "0000", "ACT": 0, "EFF": 0, "HEAT_AR": 0, "ACREAGE": 0.19, "JUST": 86083, "BLDG": 0, "S_DATE": 1081123200000, "AMT": 158000, "VI": "I", "STORIES": 0, "Shape__Area": 8145.983212061751}, "geometry": {"type": "Polygon", "coordinates": [[[-82.45577493315481, 27.985396719213437], [-82.45533758609892, 27.98539721118674], [-82.45533927719381, 27.98555632445074], [-82.4557780437151, 27.98555455356315], [-82.45577493315481, 27.985396719213437]]]}}, {"type": "Feature", "properties": {"OBJECTID": 478632, "FOLIO": "166523.0062", "PIN": "A-01-29-18-B34-000000-00001.0", "TYPE": null, "SITE_ADDR": "615 North Bay St", "SITE_CITY": "Tampa", "SITE_ZIP": "33603", "DOR_C": "0100", "ACT": 2021, "EFF": 2023, "HEAT_AR": 1856, "ACREAGE": 0.13, "JUST": 414292, "BLDG": 335703, "S_DATE": 1636070400000, "AMT": 500000, "VI": "I", "STORIES": 1, "Shape__Area": 5449.4515842694755}, "geometry": {"type": "Polygon", "coordinates": [[[-82.46754950322642, 27.983190111839296], [-82.46755200794668, 27.982890323634795], [-82.46739709706628, 27.982890051473316], [-82.46739459191753, 27.983189839680197], [-82.46754950322642, 27.983190111839296]]]}}, {"type": "Feature", "properties": {"OBJECTID": 478633, "FOLIO": "166523.0064", "PIN": "A-01-29-18-B34-000000-00002.0", "TYPE": null, "SITE_ADDR": "613 W North Bay St", "SITE_CITY": "Tampa", "SITE_ZIP": "33603", "DOR_C": "0100", "ACT": 1944, "EFF": 2001, "HEAT_AR": 1588, "ACREAGE": 0.13, "JUST": 341581, "BLDG": 257840, "S_DATE": 1703116800000, "AMT": 465000, "VI": "I", "STORIES": 2, "Shape__Area": 5863.430813257278}, "geometry": {"type": "Polygon", "coordinates": [[[-82.46739459191753, 27.983189839680197], [-82.46739709706628, 27.982890051473316], [-82.46723614385849, 27.98288976898015], [-82.46723445593736, 27.983091064780538], [-82.46721704420446, 27.983090949758992], [-82.46721622688142, 27.98318952699309], [-82.46739459191753, 27.983189839680197]]]}}, {"type": "Feature", "properties": {"OBJECTID": 478674, "FOLIO": "166547.0000", "PIN": "A-02-29-18-ZZZ-000005-86030.0", "TYPE": null, "SITE_ADDR": "709 W Emma St", "SITE_CITY": "Tampa", "SITE_ZIP": "33603", "DOR_C": "0100", "ACT": 2018, "EFF": 2022, "HEAT_AR": 1499, "ACREAGE": 0.14, "JUST": 451446, "BLDG": 367194, "S_DATE": 1720569600000, "AMT": 630000, "VI": "I", "STORIES": 1, "Shape__Area": 6084.900063284906}, "geometry": {"type": "Polygon", "coordinates": [[[-82.46838675969889, 27.986185883265655], [-82.46838484967346, 27.98651829039941], [-82.46843341555739, 27.986518368652643], [-82.4685411864199, 27.98651868829711], [-82.46854226466229, 27.986185867989374], [-82.46838675969889, 27.986185883265655]]]}}, {"type": "Feature", "properties": {"OBJECTID": 478827, "FOLIO": "166724.0000", "PIN": "A-11-29-18-4HA-000002-00020.0", "TYPE": null, "SITE_ADDR": "801 W Orient St", "SITE_CITY": "Tampa", "SITE_ZIP": "33603", "DOR_C": "0100", "ACT": 1923, "EFF": 1974, "HEAT_AR": 1593, "ACREAGE": 0.18, "JUST": 360731, "BLDG": 169188, "S_DATE": 1403481600000, "AMT": 113700, "VI": "I", "STORIES": 1, "Shape__Area": 7799.909198883038}, "geometry": {"type": "Polygon", "coordinates": [[[-82.46992340020758, 27.981114077638665], [-82.469924988236, 27.980756512248263], [-82.46973909001785, 27.98075648932799], [-82.46973750137623, 27.981114054723708], [-82.46992340020758, 27.981114077638665]]]}}, {"type": "Feature", "properties": {"OBJECTID": 478911, "FOLIO": "166813.0000", "PIN": "A-11-29-18-4HA-000008-00016.0", "TYPE": null, "SITE_ADDR": "709 W Virginia Ave", "SITE_CITY": "Tampa", "SITE_ZIP": "33603", "DOR_C": "0100", "ACT": 1946, "EFF": 2001, "HEAT_AR": 909, "ACREAGE": 0.18, "JUST": 289159, "BLDG": 101959, "S_DATE": 1488931200000, "AMT": 139900, "VI": "I", "STORIES": 1, "Shape__Area": 7799.951848447044}, "geometry": {"type": "Polygon", "coordinates": [[[-82.46846329215089, 27.97987103190105], [-82.468461699269, 27.98022859737884], [-82.46864759762474, 27.980228622032964], [-82.46864918989347, 27.979871056560455], [-82.46846329215089, 27.97987103190105]]]}}, {"type": "Feature", "properties": {"OBJECTID": 478912, "FOLIO": "166814.0000", "PIN": "A-11-29-18-4HA-000008-00017.0", "TYPE": null, "SITE_ADDR": "707 W Virginia Ave", "SITE_CITY": "Tampa", "SITE_ZIP": "33603", "DOR_C": "0100", "ACT": 1949, "EFF": 2002, "HEAT_AR": 1435, "ACREAGE": 0.27, "JUST": 485711, "BLDG": 209725, "S_DATE": 1579824000000, "AMT": 349000, "VI": "I", "STORIES": 1, "Shape__Area": 11699.90628174827}, "geometry": {"type": "Polygon", "coordinates": [[[-82.46818444604017, 27.979870994890344], [-82.4681828522385, 27.980228560376037], [-82.468461699269, 27.98022859737884], [-82.46846329215089, 27.97987103190105], [-82.46818444604017, 27.979870994890344]]]}}, {"type": "Feature", "properties": {"OBJECTID": 478950, "FOLIO": "166848.0000", "PIN": "A-11-29-18-4HA-000011-00001.0", "TYPE": null, "SITE_ADDR": "902 W Virginia Ave", "SITE_CITY": "Tampa", "SITE_ZIP": "33603", "DOR_C": "0100", "ACT": 1954, "EFF": 2004, "HEAT_AR": 1102, "ACREAGE": 0.24, "JUST": 417480, "BLDG": 180474, "S_DATE": 1523491200000, "AMT": 240000, "VI": "I", "STORIES": 1, "Shape__Area": 10505.356623960002}, "geometry": {"type": "Polygon", "coordinates": [[[-82.47175711027882, 27.97937462138198], [-82.47175581519954, 27.97974440350063], [-82.4719983566026, 27.97974494497915], [-82.47199891176412, 27.97937537476279], [-82.47175711027882, 27.97937462138198]]]}}, {"type": "Feature", "properties": {"OBJECTID": 479016, "FOLIO": "166909.0000", "PIN": "A-11-29-18-4HA-000016-00006.0", "TYPE": null, "SITE_ADDR": "812 W Kentucky Ave", "SITE_CITY": "Tampa", "SITE_ZIP": "33603", "DOR_C": "0000", "ACT": 0, "EFF": 0, "HEAT_AR": 0, "ACREAGE": 0.18, "JUST": 187200, "BLDG": 0, "S_DATE": null, "AMT": 0, "VI": null, "STORIES": 0, "Shape__Area": 7799.951848447044}, "geometry": {"type": "Polygon", "coordinates": [[[-82.47067109013983, 27.97848666714123], [-82.47066950448996, 27.978844232627495], [-82.47085540042632, 27.978844254326866], [-82.47085698546306, 27.978486688845923], [-82.47067109013983, 27.97848666714123]]]}}, {"type": "Feature", "properties": {"OBJECTID": 479094, "FOLIO": "166985.0000", "PIN": "A-11-29-18-4HA-000021-00001.0", "TYPE": null, "SITE_ADDR": "1002 W Indiana Ave", "SITE_CITY": "Tampa", "SITE_ZIP": "33603", "DOR_C": "0100", "ACT": 1948, "EFF": 2002, "HEAT_AR": 1380, "ACREAGE": 0.18, "JUST": 379656, "BLDG": 183856, "S_DATE": 1648512000000, "AMT": 556000, "VI": "I", "STORIES": 2, "Shape__Area": 7774.760459838602}, "geometry": {"type": "Polygon", "coordinates": [[[-82.47395973355964, 27.977632632152485], [-82.47377654906873, 27.977632234402652], [-82.47377589946862, 27.977993247461104], [-82.47395976357733, 27.977993643767327], [-82.47395973355964, 27.977632632152485]]]}}, {"type": "Feature", "properties": {"OBJECTID": 479140, "FOLIO": "167039.0000", "PIN": "A-11-29-18-4HA-000024-00001.0", "TYPE": null, "SITE_ADDR": "1002 W Ohio Ave", "SITE_CITY": "Tampa", "SITE_ZIP": "33603", "DOR_C": "0000", "ACT": 0, "EFF": 0, "HEAT_AR": 0, "ACREAGE": 0.18, "JUST": 187200, "BLDG": 0, "S_DATE": 1156377600000, "AMT": 235000, "VI": "I", "STORIES": 0, "Shape__Area": 7764.292366922399}, "geometry": {"type": "Polygon", "coordinates": [[[-82.47377723908018, 27.977103438352366], [-82.47396177714226, 27.97710348853097], [-82.47396234060705, 27.976745226265912], [-82.4737775124468, 27.976745177081728], [-82.47377723908018, 27.977103438352366]]]}}, {"type": "Feature", "properties": {"OBJECTID": 479265, "FOLIO": "167159.0000", "PIN": "A-11-29-18-4HD-000030-00007.0", "TYPE": null, "SITE_ADDR": "914 W Woodlawn Ave", "SITE_CITY": "Tampa", "SITE_ZIP": "33603", "DOR_C": "0100", "ACT": 1947, "EFF": 1986, "HEAT_AR": 816, "ACREAGE": 0.18, "JUST": 269220, "BLDG": 77600, "S_DATE": null, "AMT": 0, "VI": null, "STORIES": 1, "Shape__Area": 7840.734523477016}, "geometry": {"type": "Polygon", "coordinates": [[[-82.47288312639593, 27.9762194686524], [-82.47306921355123, 27.976219858534293], [-82.47306889690987, 27.975858849590992], [-82.47288465063308, 27.975858796290538], [-82.47288312639593, 27.9762194686524]]]}}, {"type": "Feature", "properties": {"OBJECTID": 479359, "FOLIO": "167287.0000", "PIN": "A-11-29-18-4HD-000035-00019.0", "TYPE": null, "SITE_ADDR": "1003 W Fribley St", "SITE_CITY": "Tampa", "SITE_ZIP": "33603", "DOR_C": "0100", "ACT": 1947, "EFF": 1986, "HEAT_AR": 1060, "ACREAGE": 0.14, "JUST": 227054, "BLDG": 77344, "S_DATE": null, "AMT": 0, "VI": null, "STORIES": 1, "Shape__Area": 6067.798789096897}, "geometry": {"type": "Polygon", "coordinates": [[[-82.47396410243262, 27.974956327728115], [-82.47415347816101, 27.974956361015682], [-82.47415353682797, 27.97468199363419], [-82.473966000318, 27.974681953103875], [-82.47396410243262, 27.974956327728115]]]}}, {"type": "Feature", "properties": {"OBJECTID": 479377, "FOLIO": "167299.0100", "PIN": "A-11-29-18-4HD-000036-00018.1", "TYPE": null, "SITE_ADDR": "905 W Fribley St", "SITE_CITY": "Tampa", "SITE_ZIP": "33603", "DOR_C": "0100", "ACT": 2013, "EFF": 2019, "HEAT_AR": 1391, "ACREAGE": 0.14, "JUST": 466294, "BLDG": 313966, "S_DATE": 1758153600000, "AMT": 595000, "VI": "I", "STORIES": 1, "Shape__Area": 6210.315072730426}, "geometry": {"type": "Polygon", "coordinates": [[[-82.47213559360632, 27.974954366000997], [-82.47232700687277, 27.97495475396892], [-82.47232715623244, 27.97467797770909], [-82.47213603695214, 27.974677763795345], [-82.47213559360632, 27.974954366000997]]]}}, {"type": "Feature", "properties": {"OBJECTID": 479441, "FOLIO": "167361.0000", "PIN": "A-11-29-18-4HD-000041-00005.0", "TYPE": null, "SITE_ADDR": "910 W Fribley St", "SITE_CITY": "Tampa", "SITE_ZIP": "33603", "DOR_C": "0000", "ACT": 2023, "EFF": 2024, "HEAT_AR": 3612, "ACREAGE": 0.13, "JUST": 158630, "BLDG": 0, "S_DATE": 912470400000, "AMT": 72900, "VI": "I", "STORIES": 2, "Shape__Area": 5715.962884877752}, "geometry": {"type": "Polygon", "coordinates": [[[-82.47251068869257, 27.974537068170193], [-82.47269638420435, 27.97453711610959], [-82.47269620083051, 27.97427306313254], [-82.47251321510943, 27.974272661162377], [-82.47251068869257, 27.974537068170193]]]}}, {"type": "Feature", "properties": {"OBJECTID": 479463, "FOLIO": "167383.0000", "PIN": "A-11-29-18-4QA-000002-00004.0", "TYPE": null, "SITE_ADDR": "3301 N Decatur Ave", "SITE_CITY": "Tampa", "SITE_ZIP": "33603", "DOR_C": "0100", "ACT": 1950, "EFF": 2002, "HEAT_AR": 1258, "ACREAGE": 0.19, "JUST": 410870, "BLDG": 209806, "S_DATE": 1611792000000, "AMT": 435000, "VI": "I", "STORIES": 1, "Shape__Area": 8234.724560865157}, "geometry": {"type": "Polygon", "coordinates": [[[-82.47776599698882, 27.97442122485985], [-82.47776323569333, 27.974585580022463], [-82.47819253219663, 27.97458752311834], [-82.47819326349581, 27.97442420646064], [-82.47776599698882, 27.97442122485985]]]}}, {"type": "Feature", "properties": {"OBJECTID": 479490, "FOLIO": "167411.0000", "PIN": "A-12-29-18-ZZZ-000005-86420.0", "TYPE": null, "SITE_ADDR": "3814 N Central Ave", "SITE_CITY": "Tampa", "SITE_ZIP": "33603", "DOR_C": "7503", "ACT": 1952, "EFF": 1988, "HEAT_AR": 407655, "ACREAGE": 26.78, "JUST": 21019400, "BLDG": 21019300, "S_DATE": null, "AMT": 0, "VI": null, "STORIES": 135, "Shape__Area": 1166533.103828228}, "geometry": {"type": "MultiPolygon", "coordinates": [[[[-82.45535072396764, 27.977817839343285], [-82.45561224250825, 27.977817250510455], [-82.45561819026582, 27.977811029458785], [-82.45562305454193, 27.97780410540923], [-82.45562673227452, 27.977796625795886], [-82.45562914383736, 27.97778875151132], [-82.45562824114117, 27.977573941498598], [-82.45563344511386, 27.977554487279374], [-82.45564215513974, 27.977536047486414], [-82.455654138483, 27.977519115605183], [-82.45566907178336, 27.97750414751995], [-82.4556865562234, 27.977491542513153], [-82.45570612361236, 27.977481639635563], [-82.45572724852313, 27.977474703227916], [-82.4557493645441, 27.977470920159696], [-82.45577188050471, 27.97747039075154], [-82.45578124151542, 27.977469713613253], [-82.45579038695374, 27.977467809010136], [-82.45579911065411, 27.977464720038537], [-82.45580722180439, 27.977460515011384], [-82.45581453884311, 27.97745528657612], [-82.45582090063705, 27.97744915077503], [-82.45637673251865, 27.977453948796583], [-82.45638338323239, 27.977460917694064], [-82.45639124513309, 27.977466810511444], [-82.45640010000086, 27.97747146283166], [-82.45640970130651, 27.977474746427973], [-82.45641978336342, 27.977476570135998], [-82.4564300664215, 27.977476882544156], [-82.45644026481793, 27.97747567647844], [-82.45645009712285, 27.977472984456963], [-82.4564592891967, 27.97746888048454], [-82.45646758740402, 27.977463480008804], [-82.45647476061247, 27.977456931791867], [-82.4564806103537, 27.977449416974217], [-82.45648497385757, 27.97744114545495], [-82.45648773112181, 27.977432345039407], [-82.45648880592464, 27.977423260533417], [-82.45643892376007, 27.977094091951066], [-82.45636690985889, 27.97684238011718], [-82.45636020521906, 27.976834423259128], [-82.45635212576519, 27.97682754663263], [-82.45634288878286, 27.976821934510497], [-82.4563327429348, 27.976817739477198], [-82.45632196008762, 27.97681507252946], [-82.45631083227761, 27.976814006696003], [-82.45629965744982, 27.97681456986561], [-82.45628873642028, 27.9768167475044], [-82.45627836372012, 27.97682048088145], [-82.45626881845516, 27.976825668903796], [-82.45626035619705, 27.976832173557867], [-82.45625320592622, 27.976839818114655], [-82.45624755889261, 27.976848397093374], [-82.45624356863453, 27.976857680773097], [-82.4556817616969, 27.976940148676427], [-82.4556532377314, 27.97684689887901], [-82.45627981370671, 27.976757069214845], [-82.4562889845153, 27.97675468802295], [-82.4562976184343, 27.976751054262852], [-82.45630550137324, 27.976746259788026], [-82.45631243561903, 27.97674042346998], [-82.45631824898426, 27.97673369116787], [-82.45632279580464, 27.976726231212965], [-82.4563259630112, 27.976718228071903], [-82.45632767215935, 27.976709881437323], [-82.45632788143907, 27.976701400806856], [-82.45624418479306, 27.976400670886836], [-82.45620095372823, 27.976312877206386], [-82.45619373726234, 27.976304781260655], [-82.4561851806534, 27.976297790697327], [-82.45617549502984, 27.976292076273687], [-82.45616492087957, 27.976287780675197], [-82.45615371886377, 27.976285009521607], [-82.45614216676782, 27.97628383137723], [-82.45613054830856, 27.9762842750808], [-82.45611915212208, 27.976286330651263], [-82.45610826057097, 27.97628994661762], [-82.4560646575968, 27.976299778531217], [-82.45536671336274, 27.976294013025935], [-82.45535072396764, 27.977817839343285]]], [[[-82.45618854364093, 27.975718056671422], [-82.45613677469426, 27.97571824637139], [-82.45614504710372, 27.97587998929617], [-82.45617441998274, 27.97588867595318], [-82.45620499923245, 27.975892970188497], [-82.45623595796958, 27.975892755625583], [-82.45626645864219, 27.975888037749144], [-82.456295675396, 27.975878944733495], [-82.4565573441339, 27.975773435967145], [-82.45663494866166, 27.975742826782795], [-82.45671548749579, 27.97571892895593], [-82.456798226654, 27.975701958789355], [-82.45688241258874, 27.97569207219106], [-82.45696727622946, 27.975689359246456], [-82.45724398670254, 27.975690433274902], [-82.45725276550753, 27.975690813791147], [-82.45726150356897, 27.975689968970926], [-82.45726998446182, 27.975687918484127], [-82.45727799799687, 27.975684714466784], [-82.45728534730534, 27.975680434278107], [-82.45729185088724, 27.975675184103313], [-82.45729734665791, 27.975669094428177], [-82.45730170006092, 27.975662315500013], [-82.45730480405638, 27.975655014620344], [-82.45730658012238, 27.975647372532066], [-82.45730615710312, 27.9754776560791], [-82.45626206649823, 27.975475927528528], [-82.45625158292836, 27.97547598936845], [-82.45624124901514, 27.975477556831983], [-82.45623133800908, 27.97548058750219], [-82.45622210877093, 27.975485001108737], [-82.45621380476672, 27.975490682238455], [-82.45620664593994, 27.975497481264714], [-82.45620082059895, 27.97550521888622], [-82.4561964813702, 27.975513690652637], [-82.45619147811948, 27.97561584189882], [-82.45618854364093, 27.975718056671422]]], [[[-82.45565863697753, 27.976182865021585], [-82.45569116226258, 27.97624168459814], [-82.45571669677207, 27.976241851788835], [-82.45571758396721, 27.976144582696293], [-82.45536831107506, 27.97614172711817], [-82.45536729480756, 27.976238591456728], [-82.45543337264257, 27.976238098391697], [-82.45546359280839, 27.976181088823537], [-82.45565863697753, 27.976182865021585]]], [[[-82.45602477584309, 27.975718655563707], [-82.45602719880529, 27.976147102305376], [-82.45602545899399, 27.97624387067953], [-82.4560598777198, 27.976244094988356], [-82.45607162423377, 27.976243647256656], [-82.45608313393373, 27.976241513706647], [-82.45609410110036, 27.97623775130135], [-82.45610423543974, 27.976232459365868], [-82.45611326919479, 27.976225778661494], [-82.45612096321756, 27.976217885048683], [-82.45612711204765, 27.976208988567745], [-82.45613155505531, 27.976199324377777], [-82.45613417336934, 27.97618914735239], [-82.45613489799722, 27.97617872934552], [-82.45611492503552, 27.976113899726688], [-82.45608499083113, 27.975899518909834], [-82.45607469789752, 27.97571847293092], [-82.45602477584309, 27.975718655563707]]], [[[-82.45684340993024, 27.975755337853467], [-82.4567695582631, 27.975767368532654], [-82.45669709455406, 27.975784826164503], [-82.45662652346566, 27.975807589055798], [-82.45619398268413, 27.975987908561528], [-82.45618722539956, 27.975992791343174], [-82.45618136411683, 27.97599851580828], [-82.45617653246161, 27.976004951566964], [-82.45617283554942, 27.976011956592593], [-82.45617035911114, 27.976019371776964], [-82.45616915633202, 27.97602703360779], [-82.45616925595692, 27.976034767824878], [-82.45620483874805, 27.97616745104664], [-82.45623827167415, 27.976227634631254], [-82.456303160894, 27.97637101885506], [-82.45649229732788, 27.977061057247752], [-82.45649720656077, 27.977067729611935], [-82.4565032084186, 27.97707365566781], [-82.45651016102354, 27.97707869601265], [-82.45651790225973, 27.97708273296874], [-82.45652624773231, 27.977085668785303], [-82.45653500097802, 27.97708743643352], [-82.45654395547524, 27.977087994185514], [-82.4565529017669, 27.977087327395356], [-82.45668750146795, 27.97707920023584], [-82.45669712809395, 27.977079089768914], [-82.45670661590687, 27.97707763697783], [-82.45671572924194, 27.977074879643748], [-82.45672424069159, 27.97707088529999], [-82.45673194026135, 27.97706575300637], [-82.4567386363749, 27.977059610638758], [-82.45674416195766, 27.977052611259015], [-82.4572769542068, 27.977018344682733], [-82.4572825257176, 27.977017423754543], [-82.45728784578151, 27.977015690591617], [-82.45729276517963, 27.977013193517674], [-82.45729714698203, 27.977010002473403], [-82.45730086653631, 27.977006206309255], [-82.4573038206159, 27.977001912755096], [-82.45730592535658, 27.976997241207663], [-82.45730712337554, 27.976992323609483], [-82.45729706158521, 27.976938419180556], [-82.45729444871938, 27.97688382852437], [-82.45729932476969, 27.976829360066805], [-82.45731161689261, 27.976775820802736], [-82.45731056492076, 27.976655337381846], [-82.45730903785366, 27.976646344539624], [-82.4573058056534, 27.976637714719352], [-82.45730096391699, 27.976629700277563], [-82.45729465390602, 27.976622535370897], [-82.45728706049469, 27.976616431450605], [-82.45727840500882, 27.976611566457862], [-82.45726894318155, 27.976608082122965], [-82.45725894989886, 27.97660608221158], [-82.4572487191615, 27.97660562350054], [-82.45724646715028, 27.97629937778538], [-82.45725652644403, 27.976298959925238], [-82.45726637738098, 27.976297100707505], [-82.4572757579198, 27.976293849733327], [-82.45728442141066, 27.976289290844242], [-82.45729213966762, 27.97628354752649], [-82.45729870595709, 27.97627676846245], [-82.45730394926244, 27.976269135604948], [-82.45730773015364, 27.976260848849982], [-82.45730994892637, 27.97625212781447], [-82.45730696038987, 27.975799961401403], [-82.45730572504664, 27.97579144676737], [-82.45730298550284, 27.97578321417289], [-82.45729880870364, 27.97577547094937], [-82.45729330322308, 27.975768413460944], [-82.45728660602356, 27.97576222083157], [-82.45727888751509, 27.975757049513806], [-82.45727034340864, 27.97575302970633], [-82.45726118860969, 27.975750263569264], [-82.4572516561866, 27.975748821618193], [-82.45724198719469, 27.975748740050648], [-82.45691813559006, 27.975748818853244], [-82.45684340993024, 27.975755337853467]]], [[[-82.45690002698154, 27.97709480199071], [-82.45687894036716, 27.977111032358604], [-82.45654252334789, 27.977132677198792], [-82.45653052046039, 27.97714106160536], [-82.45652013320822, 27.977151000914354], [-82.45651161469773, 27.977162254245513], [-82.45657305805584, 27.977579638198716], [-82.45683504309648, 27.97755143359524], [-82.45685715505732, 27.97754524544337], [-82.45726786103668, 27.977523352915373], [-82.45727638436034, 27.977521447574272], [-82.45728444108322, 27.977518329141525], [-82.4572918130064, 27.977514079559278], [-82.45729830037219, 27.977508815000025], [-82.45730372894512, 27.977502677721176], [-82.45730795000442, 27.977495834260473], [-82.45731085149463, 27.97748846817949], [-82.4573123539598, 27.977480780077176], [-82.45731241761676, 27.977472977639803], [-82.45731538454129, 27.97712661608373], [-82.45731482695204, 27.97711708489113], [-82.45731257877262, 27.977107751531413], [-82.45730869689869, 27.97709885044171], [-82.45730327783377, 27.977090607805618], [-82.45729645763595, 27.977083228919927], [-82.45728840989626, 27.977076900908457], [-82.45727933553225, 27.97707178282946], [-82.45726946379293, 27.977068002965236], [-82.45725904310306, 27.977065657047607], [-82.45690002698154, 27.97709480199071]]], [[[-82.45574913544266, 27.97751169535903], [-82.4557334175786, 27.977515333601882], [-82.45571853818463, 27.977521117700867], [-82.45570486563975, 27.97752890385529], [-82.45569273965351, 27.977538498727217], [-82.45568246112026, 27.977549663986835], [-82.45567428402154, 27.977562124461006], [-82.45566841136399, 27.977575569049023], [-82.45566499016134, 27.97758966608023], [-82.45566692463873, 27.97779866477107], [-82.45566890539466, 27.977805105018636], [-82.45567175414747, 27.97781128339972], [-82.45567542781849, 27.977817108011333], [-82.4565401926506, 27.97781515683412], [-82.45654284831986, 27.977804195486165], [-82.45650875638039, 27.977563749912242], [-82.45650608751114, 27.977555158813047], [-82.45650193759796, 27.977547044588206], [-82.45649641014057, 27.977539605424], [-82.45648964110485, 27.977533024960564], [-82.45648179584683, 27.977527465984977], [-82.45647306806578, 27.97752306321568], [-82.45646367169147, 27.977519927841335], [-82.45645383879436, 27.977518133991744], [-82.4564438114917, 27.977517727788758], [-82.45576530182451, 27.97751029269987], [-82.45574913544266, 27.97751169535903]]], [[[-82.45724341347714, 27.977559248971517], [-82.45689074166432, 27.977576580138045], [-82.45687503904433, 27.977586241136326], [-82.45657912323756, 27.977621594514627], [-82.45660318509981, 27.97778804696658], [-82.45660535652857, 27.977797510538956], [-82.4566091465141, 27.97780656445998], [-82.45661446570004, 27.97781498974077], [-82.45731391041431, 27.977813407259752], [-82.45731348065361, 27.977608369703724], [-82.45731216234418, 27.97759947001947], [-82.45730915298019, 27.97759090082375], [-82.45730454002016, 27.97758291269532], [-82.45729845964843, 27.977575740710034], [-82.45729109063441, 27.97756959453467], [-82.45728264822229, 27.977564655740117], [-82.45727338002338, 27.977561067888495], [-82.45726355788432, 27.97755893656034], [-82.45725347074891, 27.977558323963695], [-82.45724341347714, 27.977559248971517]]], [[[-82.45726755282506, 27.9779123092301], [-82.45726277975768, 27.977917938979655], [-82.45725898385992, 27.977924127681643], [-82.45725624792341, 27.977930742406922], [-82.457254629286, 27.977937640384372], [-82.45725416290422, 27.977944674405247], [-82.45726692977784, 27.978102969493435], [-82.45726974720297, 27.97811157813093], [-82.45727413488352, 27.978119651834984], [-82.4572799719317, 27.978126967209906], [-82.4572870958677, 27.97813332085128], [-82.45729530874534, 27.978138535642433], [-82.45730438226856, 27.97814246885908], [-82.45731406591567, 27.9781450103376], [-82.457324091032, 27.978146088778296], [-82.45887850823239, 27.978147140976244], [-82.45888679073519, 27.978146932866668], [-82.45889493004724, 27.978145555712814], [-82.45890271793954, 27.978143045403257], [-82.45890995646252, 27.97813946486456], [-82.45891645897399, 27.978134906765142], [-82.45892206129362, 27.978129487161112], [-82.45892661966238, 27.978123343698176], [-82.45893001683757, 27.978116634689115], [-82.45893216714079, 27.978109530975015], [-82.45893301441741, 27.978102214127425], [-82.458932539125, 27.97809487010767], [-82.45893318740535, 27.97792983457039], [-82.45893375122827, 27.97792111181328], [-82.45893261871986, 27.977912433518764], [-82.45892982146329, 27.977904056767873], [-82.45727320090423, 27.977907358792823], [-82.45726755282506, 27.9779123092301]]], [[[-82.45577868439437, 27.978174182987047], [-82.45653430474215, 27.978169925869068], [-82.45654527561265, 27.978169897582145], [-82.45655611002448, 27.97816836182233], [-82.45656654588174, 27.97816535645825], [-82.45657633241463, 27.978160953612583], [-82.45658523322825, 27.978155259651867], [-82.4565930344159, 27.978148410647574], [-82.45659954761213, 27.978140573268238], [-82.45660461706632, 27.97813193482961], [-82.45657769168055, 27.977935312636323], [-82.45657507741409, 27.977925932652617], [-82.45657088749847, 27.977917013614622], [-82.45656522039339, 27.97790876365185], [-82.45569581154594, 27.977910484920955], [-82.4556896319363, 27.977917651565882], [-82.45568460685905, 27.977925496607277], [-82.45568082820299, 27.977933874453072], [-82.45567836647305, 27.97794263055792], [-82.45568116171786, 27.97809062355508], [-82.45568554845958, 27.9781062414511], [-82.45569267629128, 27.97812104170883], [-82.455702363716, 27.978134648624682], [-82.45571436429931, 27.97814671468465], [-82.45572837282141, 27.978156933177928], [-82.45574403343919, 27.978165045388973], [-82.45576094681681, 27.978170844183886], [-82.45577868439437, 27.978174182987047]]], [[[-82.45728749724331, 27.978197636887224], [-82.45728229912947, 27.978205884132844], [-82.45727878513043, 27.978214804391477], [-82.4572770588171, 27.97822413020602], [-82.45727717389232, 27.978233579846584], [-82.45730790894187, 27.978598058872706], [-82.45730826460394, 27.97860646723585], [-82.45731016260684, 27.97861470984306], [-82.45731355221837, 27.97862256757763], [-82.4573183420737, 27.97862982777481], [-82.4573244032742, 27.978636295942668], [-82.45733157346481, 27.97864179845593], [-82.45733965990242, 27.978646187057777], [-82.45734844456118, 27.97864934425743], [-82.45735769328854, 27.978651185104358], [-82.45888317677422, 27.9786420775069], [-82.45889342016946, 27.97864115717217], [-82.45890333170186, 27.978638681289173], [-82.45891261283498, 27.978634723948936], [-82.45892098555309, 27.97862940429459], [-82.45892819844104, 27.978622881988905], [-82.45893403479317, 27.97861535177281], [-82.45893832073367, 27.978607040731116], [-82.45894092618728, 27.97859819746019], [-82.45893684519498, 27.97822339661556], [-82.45893681522935, 27.978213916011807], [-82.45893493384237, 27.978204583262645], [-82.45893125712747, 27.978195682439573], [-82.45892589803576, 27.97818748208336], [-82.45891901924148, 27.97818023071591], [-82.45891082700506, 27.9781741478366], [-82.45890157115383, 27.978169419410364], [-82.45889153182215, 27.978166187083083], [-82.45888101233979, 27.978164549107724], [-82.45887033311415, 27.978164555852736], [-82.45885981738813, 27.97816620714226], [-82.45884978310461, 27.978169451381014], [-82.45884053480138, 27.978174191898056], [-82.45883235241855, 27.978180284276856], [-82.45882548421383, 27.978187543598292], [-82.45738769791417, 27.978195957380155], [-82.4573806663878, 27.978188861657003], [-82.45737236010085, 27.978182951424568], [-82.4573630278273, 27.978178404532454], [-82.45735295170584, 27.97817535630619], [-82.45734243402566, 27.978173899591138], [-82.45733179110091, 27.978174078456046], [-82.45732134208207, 27.978175886425515], [-82.45731140286843, 27.97817926920734], [-82.45730227086875, 27.978184126548], [-82.45729422194789, 27.978190311340512], [-82.45728749724331, 27.978197636887224]]], [[[-82.45533813956057, 27.979016094800887], [-82.4553444800775, 27.979023985230352], [-82.4553522614666, 27.979030782585255], [-82.45536125111266, 27.97903628369101], [-82.4553711758887, 27.979040320701046], [-82.45538173847281, 27.979042773676657], [-82.45539261937353, 27.97904356877543], [-82.45558305435429, 27.97904136803857], [-82.45559546822446, 27.9790395230112], [-82.45560737860531, 27.979035908222148], [-82.45561846671437, 27.979030618577752], [-82.45562843633299, 27.979023796737575], [-82.45563702088387, 27.97901562406647], [-82.45564399155545, 27.979006318803073], [-82.4556491613449, 27.978996130631792], [-82.45565239314847, 27.978985330729557], [-82.45565191934715, 27.978872594387], [-82.45565131392853, 27.97885237612162], [-82.45565440321472, 27.97883233692896], [-82.45566110709092, 27.97881300588566], [-82.45567124676808, 27.978794894346724], [-82.45568455588824, 27.978778477860676], [-82.45570068355555, 27.97876419164756], [-82.45571920340468, 27.97875241161843], [-82.4557396267889, 27.978743448014956], [-82.45576141495098, 27.978737539052233], [-82.45578399421731, 27.978734838235], [-82.45580676821433, 27.978735418829167], [-82.45581721229817, 27.978732176160797], [-82.45582688555588, 27.978727406463143], [-82.45583550700586, 27.97872124963831], [-82.45584282631671, 27.97871388248571], [-82.45656797973366, 27.978707889702594], [-82.45662679144486, 27.978705303116556], [-82.45663828200215, 27.97870025480247], [-82.45664866584929, 27.978693577704018], [-82.45665764999818, 27.97868545688537], [-82.45666498535586, 27.978676121483044], [-82.45667046565117, 27.97866583117332], [-82.45667393759184, 27.978654874333653], [-82.45667530488473, 27.978643557200378], [-82.45667452921806, 27.978632195743714], [-82.45663608871384, 27.978357132031448], [-82.45661191453397, 27.978242980872487], [-82.45660493225714, 27.97823429309697], [-82.45659647562778, 27.978226707543502], [-82.45658676198026, 27.97822041931317], [-82.45657604205577, 27.978215590909528], [-82.45656458879431, 27.97821234595884], [-82.45655269936022, 27.97821076739876], [-82.45654067887857, 27.978210897532183], [-82.45652883633896, 27.978212730821614], [-82.4565174754814, 27.978216222041134], [-82.45650689070395, 27.978221279973006], [-82.45585093692465, 27.978228416586425], [-82.45584223287835, 27.978221688191862], [-82.45583241531398, 27.978216300856154], [-82.45582174404387, 27.97821239900596], [-82.45581050106445, 27.97821008458134], [-82.4557633108121, 27.978209689559932], [-82.45574071502061, 27.978206256755637], [-82.45571902588232, 27.978199666123217], [-82.4556988001289, 27.97819008637415], [-82.45568055619158, 27.978177763954147], [-82.4556647619652, 27.978163014059692], [-82.45565182157132, 27.978146215267138], [-82.45564206717704, 27.978127797828463], [-82.4556357498089, 27.978108234677563], [-82.45563303116052, 27.97808802701861], [-82.45563025219691, 27.977943892665852], [-82.45562840402312, 27.977936347430433], [-82.45562537293807, 27.977929111126926], [-82.4556212195208, 27.97792232794005], [-82.45561602667846, 27.97791613385884], [-82.45560989963894, 27.977910654871902], [-82.45534975281825, 27.97791116877392], [-82.45533813956057, 27.979016094800887]]], [[[-82.45834130427289, 27.979162859085562], [-82.45835591240973, 27.979166948857923], [-82.45836964438449, 27.979172976311762], [-82.45838217532055, 27.979180796339744], [-82.45839321068308, 27.97919022763709], [-82.4584024913346, 27.979201046368033], [-82.45840979765431, 27.97921299878555], [-82.45841495869048, 27.97922580210344], [-82.45841239743946, 27.979072500471993], [-82.45888577920633, 27.979080420937027], [-82.45889091457884, 27.978814809669753], [-82.45902777124476, 27.978816388005757], [-82.45902878660989, 27.978595239504436], [-82.45897813634582, 27.97859563681368], [-82.45897477939249, 27.978609208505635], [-82.45896899428043, 27.978622118711638], [-82.45896093408523, 27.978634029419954], [-82.45895080992156, 27.97864462588769], [-82.45893888896374, 27.978653629281293], [-82.45892548532026, 27.978660802121375], [-82.45891095092367, 27.97866595733738], [-82.45889566841129, 27.97866895738886], [-82.45888004099864, 27.978669723323378], [-82.45886448028907, 27.97866823662215], [-82.45885404664355, 27.978669598867047], [-82.45884403542964, 27.978672540721757], [-82.45883474919563, 27.978676975448472], [-82.4588264648754, 27.978682768567218], [-82.45881943381926, 27.97868974507501], [-82.45882007694408, 27.978694714298157], [-82.45744085982786, 27.978701517456376], [-82.45743464705788, 27.97869406166044], [-82.457427084782, 27.978687664364724], [-82.45741839438767, 27.97868251704587], [-82.45740883775777, 27.978678772242404], [-82.45739869795354, 27.9786765427164], [-82.45738827714759, 27.978675893338934], [-82.45737788647418, 27.978676844733265], [-82.45736783380501, 27.978679366998744], [-82.4573584197137, 27.97868338694346], [-82.45734992424262, 27.978688783616175], [-82.45734260083829, 27.978695396448156], [-82.4573366662018, 27.97870302889654], [-82.45733229827484, 27.978711452962933], [-82.4573296271295, 27.97872041824792], [-82.4573287319454, 27.97872965827786], [-82.45732964001962, 27.978738896824982], [-82.4573499330308, 27.97887858176136], [-82.45736547867723, 27.979122273324105], [-82.45736843560569, 27.97913141301283], [-82.45737309274652, 27.979139977628844], [-82.4573793138567, 27.97914771856026], [-82.45738692011486, 27.9791544144089], [-82.45739569317061, 27.97915987098032], [-82.45740537925631, 27.979163932099056], [-82.45741569935193, 27.979166479574715], [-82.45742635735118, 27.979167441296678], [-82.45832616292962, 27.979160800604713], [-82.45834130427289, 27.979162859085562]]], [[[-82.45736538422713, 27.979228796643618], [-82.45736098249036, 27.97923716216632], [-82.45735818193292, 27.97924605478644], [-82.45735705777909, 27.97925523421335], [-82.45735736184321, 27.97927526486588], [-82.457363274403, 27.97966430778376], [-82.45736577892055, 27.97967415104962], [-82.4573701546236, 27.979683464697164], [-82.45737627022913, 27.979691971220948], [-82.45738394372842, 27.979699416746747], [-82.45739294648328, 27.979705578237205], [-82.45740300936325, 27.979710272495637], [-82.45741383190531, 27.979713358842766], [-82.4574250914892, 27.979714745403154], [-82.45743645249705, 27.979714391781904], [-82.45832550989336, 27.979708442847407], [-82.4583353210467, 27.97970792466291], [-82.45834488495473, 27.97970590840127], [-82.45835391115617, 27.979702455491637], [-82.45836212969523, 27.97969766880584], [-82.4583692921419, 27.979691693557104], [-82.45837518375541, 27.979684709137988], [-82.45837962651483, 27.97967692459818], [-82.45838248622675, 27.97966857681595], [-82.45838367855929, 27.979659915137148], [-82.45837966347965, 27.979241367142993], [-82.45837774691658, 27.979232362981207], [-82.45837410107794, 27.97922379051825], [-82.45836883481421, 27.97921591018731], [-82.4583621097339, 27.979208958783143], [-82.4583541280018, 27.979203148600327], [-82.45834513228932, 27.97919865570214], [-82.45833539559452, 27.97919561634489], [-82.45832521207066, 27.979194121594052], [-82.4583148909276, 27.979194217344606], [-82.45830474523503, 27.97919590074869], [-82.45829508176162, 27.97919912115186], [-82.4582861948761, 27.979203780113444], [-82.45827835234323, 27.97920973777071], [-82.45827179227062, 27.97921681194646], [-82.45747082232097, 27.979222652585978], [-82.45746386691259, 27.97921578672977], [-82.45745574006774, 27.979210023902233], [-82.45744666098584, 27.979205518588486], [-82.45743687414509, 27.979202393605377], [-82.45742664316543, 27.97920073109775], [-82.45741624371614, 27.979200577976506], [-82.4574059563623, 27.979201936918393], [-82.45739605743935, 27.979204771810693], [-82.45738681497963, 27.979209005959977], [-82.45737847652968, 27.979214525742275], [-82.4573712691581, 27.979221182407795], [-82.45736538422713, 27.979228796643618]]], [[[-82.45842313712436, 27.97975147645805], [-82.45842449346608, 27.979760928275063], [-82.45842761304496, 27.979770044837018], [-82.45843240735182, 27.979778568349946], [-82.4584387422115, 27.979786259220234], [-82.45844643881838, 27.97979290056313], [-82.45845527884194, 27.979798303600333], [-82.45848023800987, 27.979825194303665], [-82.45850027605024, 27.979855155154446], [-82.45851492441878, 27.97988748113084], [-82.45851503200426, 27.97974275252493], [-82.45842358377926, 27.979741957268825], [-82.45842313712436, 27.97975147645805]]], [[[-82.45532771465025, 27.980010440993524], [-82.45612756173554, 27.980013877924918], [-82.4561204428655, 27.979419452558325], [-82.45612220543649, 27.979399387976922], [-82.456127449531, 27.979379807273883], [-82.45613604805023, 27.979361185537197], [-82.45614779348311, 27.979343971951373], [-82.4561624019382, 27.979328581662514], [-82.45617952124162, 27.979315387629953], [-82.45619873596627, 27.979304707975828], [-82.45621958367298, 27.9792968005169], [-82.4562415599699, 27.97929185733353], [-82.45625125002181, 27.979293486529475], [-82.45626110829565, 27.979293785016594], [-82.45627090096089, 27.97929274454636], [-82.45628040143923, 27.979290389332874], [-82.45628938532204, 27.979286776069905], [-82.45629764254183, 27.979281987573536], [-82.456304981457, 27.979276137280614], [-82.45631122881787, 27.979269361127315], [-82.45659056664988, 27.979268434256277], [-82.4565974753208, 27.979275317457894], [-82.45660555144958, 27.979281115698736], [-82.45661457888333, 27.979285673579287], [-82.45662432027474, 27.97928887186697], [-82.45663451605432, 27.979290624791975], [-82.45664489767518, 27.979290887222856], [-82.4566551896307, 27.97928965105004], [-82.45666511963492, 27.97928694876174], [-82.45667442370477, 27.979282853427073], [-82.45668285731512, 27.97927747234218], [-82.45669019642264, 27.979270948831484], [-82.4566962465802, 27.979263454095992], [-82.45670084700659, 27.97925518810186], [-82.45670387664346, 27.979246369634048], [-82.45670525514919, 27.979237230878343], [-82.45669934302896, 27.97882624401692], [-82.45669265809404, 27.978813589174095], [-82.45668366561108, 27.978802116927373], [-82.45667262210134, 27.978792154901537], [-82.4566598438832, 27.978783989011934], [-82.45664569788218, 27.978777853568737], [-82.45663058838247, 27.97877392319925], [-82.45661494990777, 27.978772311969173], [-82.4558066952167, 27.97877100645882], [-82.4557868872045, 27.978772567379966], [-82.4557676608305, 27.97877707814999], [-82.45574957055423, 27.978784408790137], [-82.45573313695023, 27.978794348217544], [-82.45571883149141, 27.978806611514567], [-82.45570706741974, 27.97882084447116], [-82.45569818151013, 27.97883663808361], [-82.45569243105896, 27.978853537588666], [-82.45568998073038, 27.97887105694534], [-82.45569090159252, 27.97888869147197], [-82.45569126890817, 27.978976083117658], [-82.45568788566757, 27.978994384343], [-82.45568106646382, 27.97901191365913], [-82.45567100536444, 27.979028167781134], [-82.4556579941604, 27.979042676489335], [-82.45564240721004, 27.979055024337374], [-82.45562469230578, 27.979064854292307], [-82.45560536057383, 27.979071883108958], [-82.4555849682077, 27.979075908609957], [-82.45539394140623, 27.97907758791214], [-82.45538257207286, 27.9790795756538], [-82.45537166025954, 27.979083038220587], [-82.45536144757111, 27.9790878990105], [-82.45535216023636, 27.979094050790636], [-82.4553440040333, 27.979101357518765], [-82.4553371582015, 27.979109657070683], [-82.45532771465025, 27.980010440993524]]], [[[-82.45625127146278, 27.97932466828349], [-82.45623400890818, 27.979327733264007], [-82.45621756094344, 27.979333302431833], [-82.45620238433787, 27.979341219960602], [-82.45618890001828, 27.97935126697438], [-82.45617748392436, 27.97936316248033], [-82.45616845283507, 27.97937657695182], [-82.45616205829229, 27.979391137762878], [-82.45615847851055, 27.97940643914145], [-82.4561578123351, 27.979422055725543], [-82.4561600772542, 27.97943755339869], [-82.45616521249782, 27.979452501010943], [-82.45617307401194, 27.979466483931784], [-82.45618344364489, 27.979479113043677], [-82.4561891597899, 27.979903883941862], [-82.45618249708008, 27.97990835039866], [-82.45617670002027, 27.97991368480868], [-82.456171910369, 27.979919755852727], [-82.45616824541685, 27.979926415146966], [-82.45616579495226, 27.979933500862597], [-82.45616461923225, 27.97994083863507], [-82.4561657617994, 27.98001404183105], [-82.45671208197841, 27.98001638649721], [-82.45670717232206, 27.979371408148417], [-82.45670491564678, 27.979362229121836], [-82.45670100802495, 27.9793534977564], [-82.45669555411939, 27.9793454465259], [-82.45668869815987, 27.97933828972457], [-82.45668062289981, 27.97933221715369], [-82.45667154350615, 27.9793273914347], [-82.45666170040575, 27.979323939008847], [-82.45665135726772, 27.97932195375366], [-82.45664078775117, 27.97932148800269], [-82.45625127146278, 27.97932466828349]]], [[[-82.45664703368627, 27.97791532243497], [-82.45664332175099, 27.97792262982837], [-82.45664088724311, 27.977930348991823], [-82.45663978431519, 27.977938304678375], [-82.45664003965601, 27.977946317220077], [-82.45675546263524, 27.97876467044924], [-82.45677322200972, 27.979994212557276], [-82.45677371468862, 27.98000185522311], [-82.45677529352467, 27.98000938148127], [-82.45677793462161, 27.980016668683547], [-82.4573016665452, 27.980018913651012], [-82.45730678023338, 27.980009428582488], [-82.45731018777957, 27.979999357205774], [-82.4572986888118, 27.979370563849955], [-82.45728997520091, 27.978894075104286], [-82.45718801669393, 27.977926301922814], [-82.45718621436097, 27.97791976996179], [-82.45718351957834, 27.977913485519423], [-82.45717997239197, 27.977907544117805], [-82.45665193836034, 27.977908592233426], [-82.45664703368627, 27.97791532243497]]], [[[-82.4573712726152, 27.979775227794505], [-82.45736744626416, 27.979783608549628], [-82.45736527771967, 27.979792444021076], [-82.45736483197297, 27.97980147770885], [-82.45736771155477, 27.979997086812542], [-82.45736890878972, 27.98000474698633], [-82.45737132283308, 27.98001217751232], [-82.45737490425766, 27.98001922785257], [-82.45844880489493, 27.980023825283354], [-82.45845688284415, 27.98001535452739], [-82.45846345836627, 27.98000591598204], [-82.45846838900975, 27.979995716773846], [-82.45847156391089, 27.97998498197212], [-82.45847291494843, 27.979973948234978], [-82.45847241062168, 27.979962858415284], [-82.45847159454864, 27.979891271278742], [-82.4584705512566, 27.979879408988864], [-82.45846755535736, 27.979867811295428], [-82.45846267094252, 27.979856730659012], [-82.45845600576702, 27.97984640856571], [-82.45844770308268, 27.97983706743274], [-82.45843794367885, 27.97982891240642], [-82.45842518080688, 27.979821791621923], [-82.4584138814747, 27.97981293333509], [-82.45840434450284, 27.979802570274288], [-82.4583968180549, 27.979790975042633], [-82.45839150265631, 27.979778452888706], [-82.45838738300019, 27.979770095876578], [-82.45838174472422, 27.979762469460987], [-82.45837474630054, 27.97975578969159], [-82.45836658674624, 27.97975024541088], [-82.45835749543564, 27.9797459928734], [-82.4583477300598, 27.979743153947915], [-82.45833756743976, 27.979741807123894], [-82.45832729337704, 27.979741991154942], [-82.45831719958524, 27.979743700557147], [-82.45830757149969, 27.97974688745435], [-82.45829868116212, 27.979751461601886], [-82.45829078012055, 27.979757294019848], [-82.45828409130493, 27.979764218825068], [-82.45747306979959, 27.979768286376096], [-82.45746643761518, 27.979761423055596], [-82.4574585882311, 27.979755659306317], [-82.45744975208264, 27.97975116220974], [-82.45744018283195, 27.979748062673814], [-82.45743016039465, 27.979746450008417], [-82.45741997467606, 27.979746371979534], [-82.45740992148627, 27.979747830310735], [-82.45740029441583, 27.979750782515094], [-82.45739137060876, 27.979755142844787], [-82.45738341077781, 27.979760785900766], [-82.4573766459863, 27.979767545774205], [-82.4573712726152, 27.979775227794505]]]]}}, {"type": "Feature", "properties": {"OBJECTID": 479514, "FOLIO": "167457.0000", "PIN": "A-12-29-18-4HF-000005-00008.0", "TYPE": null, "SITE_ADDR": "708 E Virginia Ave", "SITE_CITY": "Tampa", "SITE_ZIP": "33603", "DOR_C": "0100", "ACT": 1950, "EFF": 1988, "HEAT_AR": 2102, "ACREAGE": 0.35, "JUST": 357949, "BLDG": 184036, "S_DATE": 310262400000, "AMT": 40500, "VI": "I", "STORIES": 1, "Shape__Area": 15428.104184283731}, "geometry": {"type": "Polygon", "coordinates": [[[-82.4524331330764, 27.97977686913268], [-82.45243530481166, 27.980148682363826], [-82.45278864115103, 27.98014977220715], [-82.45278705686621, 27.97977798413054], [-82.4524331330764, 27.97977686913268]]]}}, {"type": "Feature", "properties": {"OBJECTID": 479618, "FOLIO": "167571.0000", "PIN": "A-12-29-18-4HH-000004-00013.0", "TYPE": null, "SITE_ADDR": "206 E Virginia Ave", "SITE_CITY": "Tampa", "SITE_ZIP": "33603", "DOR_C": "0100", "ACT": 1950, "EFF": 1988, "HEAT_AR": 1134, "ACREAGE": 0.12, "JUST": 203929, "BLDG": 119997, "S_DATE": 1712534400000, "AMT": 220000, "VI": "I", "STORIES": 2, "Shape__Area": 5054.792609283449}, "geometry": {"type": "Polygon", "coordinates": [[[-82.45848952538174, 27.98041997765059], [-82.45864568180856, 27.980420418155635], [-82.45864525343974, 27.98014352102506], [-82.45849039658182, 27.980142856899423], [-82.45848952538174, 27.98041997765059]]]}}, {"type": "Feature", "properties": {"OBJECTID": 479710, "FOLIO": "167704.0100", "PIN": "A-12-29-18-4HX-000001-00010.1", "TYPE": null, "SITE_ADDR": "506 E Baker St", "SITE_CITY": "Tampa", "SITE_ZIP": "33603", "DOR_C": "0100", "ACT": 2021, "EFF": 2023, "HEAT_AR": 1288, "ACREAGE": 0.13, "JUST": 325193, "BLDG": 225193, "S_DATE": null, "AMT": 0, "VI": null, "STORIES": 1, "Shape__Area": 5711.725466701564}, "geometry": {"type": "Polygon", "coordinates": [[[-82.45439795446505, 27.977264835088068], [-82.45439793729825, 27.977534087800276], [-82.45457716442583, 27.97753564251962], [-82.45458021507612, 27.977266324740604], [-82.45439795446505, 27.977264835088068]]]}}, {"type": "Feature", "properties": {"OBJECTID": 479725, "FOLIO": "167725.0000", "PIN": "A-12-29-18-4HY-000001-00006.0", "TYPE": null, "SITE_ADDR": "3915 N Arlington Ave", "SITE_CITY": "Tampa", "SITE_ZIP": "33603", "DOR_C": "0100", "ACT": 1926, "EFF": 1995, "HEAT_AR": 1040, "ACREAGE": 0.11, "JUST": 228626, "BLDG": 116426, "S_DATE": 1131408000000, "AMT": 172000, "VI": "I", "STORIES": 1, "Shape__Area": 4999.979916330929}, "geometry": {"type": "Polygon", "coordinates": [[[-82.46015156423881, 27.98103567733019], [-82.45984173197171, 27.981035994194965], [-82.45984144112028, 27.981173520351273], [-82.46015127479696, 27.98117320347907], [-82.46015156423881, 27.98103567733019]]]}}, {"type": "Feature", "properties": {"OBJECTID": 479740, "FOLIO": "167743.0000", "PIN": "A-12-29-18-4HY-000002-00008.0", "TYPE": null, "SITE_ADDR": "3914 N Arlington Ave", "SITE_CITY": "Tampa", "SITE_ZIP": "33603", "DOR_C": "0100", "ACT": 1925, "EFF": 1995, "HEAT_AR": 1196, "ACREAGE": 0.11, "JUST": 256050, "BLDG": 143850, "S_DATE": null, "AMT": 0, "VI": null, "STORIES": 1, "Shape__Area": 4999.971625031539}, "geometry": {"type": "Polygon", "coordinates": [[[-82.4606514442543, 27.98090560602908], [-82.46034161136475, 27.980905924921164], [-82.46034132215802, 27.98104345016777], [-82.46065115544447, 27.98104313217405], [-82.4606514442543, 27.98090560602908]]]}}, {"type": "Feature", "properties": {"OBJECTID": 480017, "FOLIO": "168032.0000", "PIN": "A-12-29-18-4I3-000000-00010.0", "TYPE": null, "SITE_ADDR": "3719 N Boulevard", "SITE_CITY": "Tampa", "SITE_ZIP": "33603", "DOR_C": "0000", "ACT": 2025, "EFF": 2025, "HEAT_AR": 2222, "ACREAGE": 0.15, "JUST": 138237, "BLDG": 0, "S_DATE": 1553212800000, "AMT": 220000, "VI": "I", "STORIES": 2, "Shape__Area": 6680.97744885518}, "geometry": {"type": "Polygon", "coordinates": [[[-82.46757298120332, 27.978949252756227], [-82.46716710777346, 27.978949689578673], [-82.46716682176842, 27.97908996623419], [-82.46757269470694, 27.97908952940968], [-82.46757298120332, 27.978949252756227]]]}}, {"type": "Feature", "properties": {"OBJECTID": 480163, "FOLIO": "168188.0000", "PIN": "A-12-29-18-4I9-B00000-00001.0", "TYPE": null, "SITE_ADDR": "3400 N Florida Ave", "SITE_CITY": "Tampa", "SITE_ZIP": "33603", "DOR_C": "1920", "ACT": 1950, "EFF": 1999, "HEAT_AR": 3384, "ACREAGE": 0.57, "JUST": 791826, "BLDG": 791726, "S_DATE": 1630454400000, "AMT": 850000, "VI": "I", "STORIES": 1, "Shape__Area": 24999.935693299434}, "geometry": {"type": "Polygon", "coordinates": [[[-82.45980561706992, 27.975953237304292], [-82.45980638893796, 27.97526560554921], [-82.45949657242099, 27.97526599002604], [-82.45949579858434, 27.975953620900345], [-82.45980561706992, 27.975953237304292]]]}}, {"type": "Feature", "properties": {"OBJECTID": 480496, "FOLIO": "168522.0000", "PIN": "A-22-29-18-4IG-000004-00011.0", "TYPE": null, "SITE_ADDR": "2707 W North A St", "SITE_CITY": "Tampa", "SITE_ZIP": "33609", "DOR_C": "0100", "ACT": 1949, "EFF": 1987, "HEAT_AR": 1200, "ACREAGE": 0.2, "JUST": 354176, "BLDG": 129756, "S_DATE": 933465600000, "AMT": 72300, "VI": "I", "STORIES": 1, "Shape__Area": 8714.90767852825}, "geometry": {"type": "Polygon", "coordinates": [[[-82.48838403583821, 27.945989231410238], [-82.4883868239491, 27.94642988842486], [-82.48855485799061, 27.94643050144743], [-82.48855425836842, 27.946290252743616], [-82.48855299809561, 27.945989867318428], [-82.48838403583821, 27.945989231410238]]]}}, {"type": "Feature", "properties": {"OBJECTID": 480568, "FOLIO": "168593.0100", "PIN": "A-22-29-18-4IG-000010-00005.1", "TYPE": null, "SITE_ADDR": "2410 W Gray St", "SITE_CITY": "Tampa", "SITE_ZIP": "33609", "DOR_C": "0100", "ACT": 2017, "EFF": 2021, "HEAT_AR": 2597, "ACREAGE": 0.12, "JUST": 618639, "BLDG": 484915, "S_DATE": 1500595200000, "AMT": 450800, "VI": "I", "STORIES": 2, "Shape__Area": 5427.144564279438}, "geometry": {"type": "Polygon", "coordinates": [[[-82.48582514419559, 27.948383541362233], [-82.48599548845363, 27.94838537299705], [-82.48600211813623, 27.948113650056275], [-82.48583176733717, 27.948112532255493], [-82.48582514419559, 27.948383541362233]]]}}, {"type": "Feature", "properties": {"OBJECTID": 480825, "FOLIO": "168854.0000", "PIN": "A-22-29-18-4IP-000000-00004.0", "TYPE": null, "SITE_ADDR": "610 N Woodlynne Ave", "SITE_CITY": "Tampa", "SITE_ZIP": "33609", "DOR_C": "0100", "ACT": 1952, "EFF": 2003, "HEAT_AR": 2148, "ACREAGE": 0.2, "JUST": 530002, "BLDG": 341847, "S_DATE": 1766102400000, "AMT": 612500, "VI": "I", "STORIES": 2, "Shape__Area": 8504.941954812968}, "geometry": {"type": "Polygon", "coordinates": [[[-82.49482809098659, 27.95033545758879], [-82.49440938420611, 27.950330144350456], [-82.4944077202884, 27.950502088214122], [-82.49482634528609, 27.950509601819526], [-82.49482753829781, 27.950390773666918], [-82.49482809098659, 27.95033545758879]]]}}, {"type": "Feature", "properties": {"OBJECTID": 480925, "FOLIO": "168952.0000", "PIN": "A-22-29-18-4IU-000000-00022.0", "TYPE": null, "SITE_ADDR": "506 N Bradford Ave", "SITE_CITY": "Tampa", "SITE_ZIP": "33609", "DOR_C": "0800", "ACT": 1924, "EFF": 1995, "HEAT_AR": 2640, "ACREAGE": 0.21, "JUST": 472820, "BLDG": 225031, "S_DATE": 226022400000, "AMT": 30000, "VI": "I", "STORIES": 3, "Shape__Area": 9173.33307777284}, "geometry": {"type": "Polygon", "coordinates": [[[-82.4968956136338, 27.94881748045652], [-82.49647840571146, 27.948811769182257], [-82.49647809960905, 27.94899880910215], [-82.4968949252428, 27.94900520938644], [-82.49689548085686, 27.948872836540342], [-82.4968956136338, 27.94881748045652]]]}}, {"type": "Feature", "properties": {"OBJECTID": 481023, "FOLIO": "169045.0000", "PIN": "A-22-29-18-4IY-000001-00006.0", "TYPE": null, "SITE_ADDR": "306 N Habana Ave", "SITE_CITY": "Tampa", "SITE_ZIP": "33609", "DOR_C": "0100", "ACT": 1946, "EFF": 2001, "HEAT_AR": 1781, "ACREAGE": 0.15, "JUST": 417867, "BLDG": 259050, "S_DATE": 1464134400000, "AMT": 265000, "VI": "I", "STORIES": 1, "Shape__Area": 6552.924129085596}, "geometry": {"type": "Polygon", "coordinates": [[[-82.48924942370361, 27.9477115348803], [-82.4896598019527, 27.947712629647178], [-82.48965874845393, 27.947575489600034], [-82.48924921775493, 27.947576317556667], [-82.48924942370361, 27.9477115348803]]]}}, {"type": "Feature", "properties": {"OBJECTID": 481052, "FOLIO": "169069.0005", "PIN": "A-22-29-18-4IY-000003-00007.0", "TYPE": null, "SITE_ADDR": "204 N Excelda Ave", "SITE_CITY": null, "SITE_ZIP": null, "DOR_C": "0100", "ACT": 2023, "EFF": 2024, "HEAT_AR": 3028, "ACREAGE": 0.15, "JUST": 752871, "BLDG": 594471, "S_DATE": 1686528000000, "AMT": 1095000, "VI": "I", "STORIES": 2, "Shape__Area": 6336.991354910342}, "geometry": {"type": "Polygon", "coordinates": [[[-82.49069538639064, 27.946200955236456], [-82.49029406145158, 27.94620040790285], [-82.49029402734512, 27.946335516903122], [-82.49069512120914, 27.946334965920112], [-82.49069538639064, 27.946200955236456]]]}}, {"type": "Feature", "properties": {"OBJECTID": 481079, "FOLIO": "169093.0100", "PIN": "A-22-29-18-4IZ-000001-00007.0", "TYPE": null, "SITE_ADDR": "209 N Woodlynne Ave", "SITE_CITY": "Tampa", "SITE_ZIP": "33609", "DOR_C": "0100", "ACT": 1974, "EFF": 2000, "HEAT_AR": 1296, "ACREAGE": 0.15, "JUST": 315176, "BLDG": 153608, "S_DATE": 770428800000, "AMT": 45000, "VI": "I", "STORIES": 1, "Shape__Area": 6697.1302764418215}, "geometry": {"type": "Polygon", "coordinates": [[[-82.49381824100836, 27.946710305547178], [-82.4942269144133, 27.946712328647447], [-82.49422724624235, 27.946574496961112], [-82.49381865057792, 27.946568897327115], [-82.49381824100836, 27.946710305547178]]]}}, {"type": "Feature", "properties": {"OBJECTID": 481082, "FOLIO": "169094.0125", "PIN": "A-22-29-18-4IZ-000001-00008.0", "TYPE": null, "SITE_ADDR": "210 N Macdill Ave", "SITE_CITY": "Tampa", "SITE_ZIP": "33609", "DOR_C": "0100", "ACT": 2021, "EFF": 2023, "HEAT_AR": 2272, "ACREAGE": 0.15, "JUST": 549548, "BLDG": 385613, "S_DATE": 1663632000000, "AMT": 825000, "VI": "I", "STORIES": 2, "Shape__Area": 6483.41133743611}, "geometry": {"type": "Polygon", "coordinates": [[[-82.49378551378757, 27.94657006207784], [-82.49339953442357, 27.9465657833262], [-82.49339909508306, 27.946708810580457], [-82.49378545907874, 27.946713089753803], [-82.49378551378757, 27.94657006207784]]]}}, {"type": "Feature", "properties": {"OBJECTID": 481277, "FOLIO": "169288.0000", "PIN": "A-36-29-18-4J5-000062-00032.0", "TYPE": null, "SITE_ADDR": "530 Severn Ave", "SITE_CITY": "Tampa", "SITE_ZIP": "33606", "DOR_C": "0000", "ACT": 0, "EFF": 0, "HEAT_AR": 0, "ACREAGE": 0.21, "JUST": 669926, "BLDG": 0, "S_DATE": 499651200000, "AMT": 126500, "VI": "I", "STORIES": 0, "Shape__Area": 9122.296575639451}, "geometry": {"type": "Polygon", "coordinates": [[[-82.4567329643598, 27.913125810482345], [-82.45637319455903, 27.913236617451822], [-82.45644180434593, 27.913331970587002], [-82.45650801321413, 27.913428655486765], [-82.45683442462047, 27.9133078652403], [-82.45673546101753, 27.91313031429165], [-82.4567329643598, 27.913125810482345]]]}}, {"type": "Feature", "properties": {"OBJECTID": 481286, "FOLIO": "169302.0000", "PIN": "A-36-29-18-4J5-000063-00002.0", "TYPE": null, "SITE_ADDR": "627 Superior Ave", "SITE_CITY": "Tampa", "SITE_ZIP": "33606", "DOR_C": "0100", "ACT": 1955, "EFF": 1990, "HEAT_AR": 1125, "ACREAGE": 0.11, "JUST": 543799, "BLDG": 55641, "S_DATE": 425865600000, "AMT": 63800, "VI": "I", "STORIES": 1, "Shape__Area": 4992.554855043928}, "geometry": {"type": "Polygon", "coordinates": [[[-82.45493333512576, 27.91320747637896], [-82.45494478479652, 27.913390682516244], [-82.45519653569268, 27.913319681742234], [-82.45516344947889, 27.913233569595427], [-82.45513252044469, 27.91314682674286], [-82.45493333512576, 27.91320747637896]]]}}, {"type": "Feature", "properties": {"OBJECTID": 481291, "FOLIO": "169308.0000", "PIN": "A-36-29-18-4J5-000063-00008.0", "TYPE": null, "SITE_ADDR": "613 Superior Ave", "SITE_CITY": "Tampa", "SITE_ZIP": "33606", "DOR_C": "0000", "ACT": 0, "EFF": 0, "HEAT_AR": 0, "ACREAGE": 0.27, "JUST": 782984, "BLDG": 0, "S_DATE": 1590105600000, "AMT": 660000, "VI": "I", "STORIES": 0, "Shape__Area": 11628.279385066586}, "geometry": {"type": "Polygon", "coordinates": [[[-82.45525933743706, 27.91414178834914], [-82.45541678093144, 27.914375699724065], [-82.45574934323646, 27.914265976087133], [-82.45567846769546, 27.91417999991014], [-82.45561160978683, 27.914091520639982], [-82.45554888187591, 27.914000686809693], [-82.45525933743706, 27.91414178834914]]]}}, {"type": "Feature", "properties": {"OBJECTID": 481333, "FOLIO": "169357.0000", "PIN": "A-36-29-18-4J6-A00000-00030.0", "TYPE": null, "SITE_ADDR": "46 Martinique Ave", "SITE_CITY": "Tampa", "SITE_ZIP": "33606", "DOR_C": "0100", "ACT": 1959, "EFF": 2015, "HEAT_AR": 3990, "ACREAGE": 0.25, "JUST": 3532689, "BLDG": 1090276, "S_DATE": 875664000000, "AMT": 450000, "VI": "I", "STORIES": 2, "Shape__Area": 11091.621675363318}, "geometry": {"type": "Polygon", "coordinates": [[[-82.4592163898154, 27.912697384815548], [-82.4591279099109, 27.91292784926954], [-82.45951402028682, 27.91302800005625], [-82.45956800479082, 27.91293561013119], [-82.4596280972705, 27.912846245465914], [-82.4592163898154, 27.912697384815548]]]}}, {"type": "Feature", "properties": {"OBJECTID": 481341, "FOLIO": "169365.0000", "PIN": "A-36-29-18-4J6-B00000-00006.0", "TYPE": null, "SITE_ADDR": "573 W Davis Blvd", "SITE_CITY": "Tampa", "SITE_ZIP": "33606", "DOR_C": "0100", "ACT": 1956, "EFF": 2004, "HEAT_AR": 2117, "ACREAGE": 0.29, "JUST": 1094107, "BLDG": 325249, "S_DATE": 1766707200000, "AMT": 1530000, "VI": "I", "STORIES": 1, "Shape__Area": 12598.821316942382}, "geometry": {"type": "Polygon", "coordinates": [[[-82.4596427954794, 27.90949821151198], [-82.45952774838442, 27.909500796236426], [-82.45940242185848, 27.909503608254955], [-82.45933950955065, 27.90951207060237], [-82.45940517196759, 27.909890524081867], [-82.45953437424319, 27.90988070088469], [-82.45966386316846, 27.909874530498126], [-82.4596427954794, 27.90949821151198]]]}}, {"type": "Feature", "properties": {"OBJECTID": 481348, "FOLIO": "169372.0000", "PIN": "A-36-29-18-4J6-B00000-00013.0", "TYPE": null, "SITE_ADDR": "81 Martinique Ave", "SITE_CITY": "Tampa", "SITE_ZIP": "33606", "DOR_C": "0100", "ACT": 1956, "EFF": 2004, "HEAT_AR": 3545, "ACREAGE": 0.25, "JUST": 1769308, "BLDG": 1000022, "S_DATE": 1367280000000, "AMT": 789000, "VI": "I", "STORIES": 1, "Shape__Area": 10898.359574346627}, "geometry": {"type": "Polygon", "coordinates": [[[-82.46006630711453, 27.909095676273893], [-82.45997409917578, 27.909490776388726], [-82.46019806434504, 27.90948576373636], [-82.46032213069613, 27.9091269741067], [-82.46023779565678, 27.90911098523476], [-82.46015236766075, 27.90910053358449], [-82.46006630711453, 27.909095676273893]]]}}, {"type": "Feature", "properties": {"OBJECTID": 481353, "FOLIO": "169377.0000", "PIN": "A-36-29-18-4J6-C00000-00003.0", "TYPE": null, "SITE_ADDR": "565 Rhine Ave", "SITE_CITY": "Tampa", "SITE_ZIP": "33606", "DOR_C": "0100", "ACT": 2006, "EFF": 2016, "HEAT_AR": 5215, "ACREAGE": 0.28, "JUST": 2525864, "BLDG": 1725329, "S_DATE": 1565222400000, "AMT": 1670000, "VI": "I", "STORIES": 2, "Shape__Area": 12058.670388966884}, "geometry": {"type": "Polygon", "coordinates": [[[-82.45994391504013, 27.910552684826133], [-82.4597109153781, 27.910552584350576], [-82.45965284778508, 27.910945205944994], [-82.45978788443057, 27.910959901566073], [-82.45992356775918, 27.910968725574406], [-82.45994391504013, 27.910552684826133]]]}}, {"type": "Feature", "properties": {"OBJECTID": 481359, "FOLIO": "169383.0000", "PIN": "A-36-29-18-4J6-C00000-00009.0", "TYPE": null, "SITE_ADDR": "578 W Davis Blvd", "SITE_CITY": "Tampa", "SITE_ZIP": "33606", "DOR_C": "0100", "ACT": 2023, "EFF": 2024, "HEAT_AR": 5793, "ACREAGE": 0.21, "JUST": 3312652, "BLDG": 2576851, "S_DATE": 1736380800000, "AMT": 4500000, "VI": "I", "STORIES": 3, "Shape__Area": 9119.558753146357}, "geometry": {"type": "Polygon", "coordinates": [[[-82.46071519993986, 27.910192527032716], [-82.46061544558472, 27.91053772921027], [-82.46082855463206, 27.910527746098435], [-82.46097660524387, 27.91023937345982], [-82.46084627552611, 27.910214306210655], [-82.46071519993986, 27.910192527032716]]]}}, {"type": "Feature", "properties": {"OBJECTID": 481363, "FOLIO": "169387.0000", "PIN": "A-36-29-18-4J6-C00000-00013.0", "TYPE": null, "SITE_ADDR": "570 W Davis Blvd", "SITE_CITY": "Tampa", "SITE_ZIP": "33606", "DOR_C": "0100", "ACT": 1956, "EFF": 2004, "HEAT_AR": 2780, "ACREAGE": 0.27, "JUST": 1420890, "BLDG": 650526, "S_DATE": 1008806400000, "AMT": 628000, "VI": "I", "STORIES": 1, "Shape__Area": 11930.980091818476}, "geometry": {"type": "Polygon", "coordinates": [[[-82.4597109153781, 27.910552584350576], [-82.45994391504013, 27.910552684826133], [-82.45991245558592, 27.910142871300586], [-82.45964573975918, 27.91015050235134], [-82.4597109153781, 27.910552584350576]]]}}, {"type": "Feature", "properties": {"OBJECTID": 481375, "FOLIO": "169399.0000", "PIN": "A-36-29-18-4J6-D00000-00010.0", "TYPE": null, "SITE_ADDR": "566 Rhine Ave", "SITE_CITY": "Tampa", "SITE_ZIP": "33606", "DOR_C": "0000", "ACT": 0, "EFF": 0, "HEAT_AR": 0, "ACREAGE": 0.32, "JUST": 806630, "BLDG": 0, "S_DATE": 1407456000000, "AMT": 682000, "VI": "I", "STORIES": 0, "Shape__Area": 14063.089036423653}, "geometry": {"type": "Polygon", "coordinates": [[[-82.45926136122152, 27.911373816772677], [-82.45931822204862, 27.911288635776486], [-82.45945563390646, 27.911082820865467], [-82.45933561792845, 27.911058320618338], [-82.45921726119919, 27.91102811687363], [-82.459100906454, 27.910992297832735], [-82.45909384548897, 27.910989239604813], [-82.45908631365687, 27.910987260431586], [-82.45907851639886, 27.91098641648081], [-82.4590706691697, 27.910986729594995], [-82.45906298831424, 27.910988191834], [-82.45905568598064, 27.910990763687114], [-82.45904896401768, 27.910994372288528], [-82.45904300588224, 27.910998919566055], [-82.45903797764758, 27.911004280432948], [-82.45900534140146, 27.911089071090803], [-82.45896926579037, 27.911172753297325], [-82.45892979809905, 27.911255219504774], [-82.45926136122152, 27.911373816772677]]]}}, {"type": "Feature", "properties": {"OBJECTID": 481389, "FOLIO": "169411.0000", "PIN": "A-36-29-18-4J6-E00000-00008.0", "TYPE": null, "SITE_ADDR": "560 W Davis Blvd", "SITE_CITY": "Tampa", "SITE_ZIP": "33606", "DOR_C": "0100", "ACT": 1956, "EFF": 2004, "HEAT_AR": 2965, "ACREAGE": 0.21, "JUST": 1040076, "BLDG": 357179, "S_DATE": 799286400000, "AMT": 152800, "VI": "I", "STORIES": 1, "Shape__Area": 9310.939174018431}, "geometry": {"type": "Polygon", "coordinates": [[[-82.45815579666451, 27.910526448380626], [-82.4584095450613, 27.91084312987423], [-82.45845821801377, 27.910784105054926], [-82.4585395149373, 27.91068550082107], [-82.45836928300513, 27.910415053249654], [-82.45826084173126, 27.910468183711973], [-82.45815579666451, 27.910526448380626]]]}}, {"type": "Feature", "properties": {"OBJECTID": 481391, "FOLIO": "169413.0000", "PIN": "A-36-29-18-4J6-E00000-0010A.0", "TYPE": null, "SITE_ADDR": "554 W Davis Blvd", "SITE_CITY": "Tampa", "SITE_ZIP": "33606", "DOR_C": "0100", "ACT": 2021, "EFF": 2023, "HEAT_AR": 6112, "ACREAGE": 0.31, "JUST": 3016239, "BLDG": 2226211, "S_DATE": 1722297600000, "AMT": 4400000, "VI": "I", "STORIES": 2, "Shape__Area": 13633.500678235769}, "geometry": {"type": "Polygon", "coordinates": [[[-82.4577739091479, 27.910809215944177], [-82.4580530777908, 27.91111087771822], [-82.45812480528085, 27.911188370767153], [-82.45827335177134, 27.911008262347995], [-82.4579568229614, 27.91065798473225], [-82.45786303908605, 27.910731380483696], [-82.4577739091479, 27.910809215944177]]]}}, {"type": "Feature", "properties": {"OBJECTID": 481408, "FOLIO": "169430.0000", "PIN": "A-36-29-18-4J6-G00000-00007.0", "TYPE": null, "SITE_ADDR": "562 Lucerne Ave", "SITE_CITY": "Tampa", "SITE_ZIP": "33606", "DOR_C": "0100", "ACT": 1955, "EFF": 1990, "HEAT_AR": 3012, "ACREAGE": 0.23, "JUST": 965050, "BLDG": 272391, "S_DATE": 302313600000, "AMT": 50000, "VI": "I", "STORIES": 1, "Shape__Area": 9919.2818008238}, "geometry": {"type": "Polygon", "coordinates": [[[-82.45714263668803, 27.90958939701271], [-82.45701110544925, 27.909611370426695], [-82.45676187309178, 27.909653018599737], [-82.45679298381707, 27.90977085873742], [-82.45682936693454, 27.90988750192561], [-82.45719337973345, 27.909779623417776], [-82.45714263668803, 27.90958939701271]]]}}, {"type": "Feature", "properties": {"OBJECTID": 481463, "FOLIO": "169525.0000", "PIN": "A-30-28-19-4J8-000000-00015.0", "TYPE": null, "SITE_ADDR": "9 Hamilton Heath Dr", "SITE_CITY": "Tampa", "SITE_ZIP": "33604", "DOR_C": "0100", "ACT": 1923, "EFF": 1974, "HEAT_AR": 1365, "ACREAGE": 0.17, "JUST": 219012, "BLDG": 131196, "S_DATE": null, "AMT": 0, "VI": null, "STORIES": 1, "Shape__Area": 7434.387582288844}, "geometry": {"type": "Polygon", "coordinates": [[[-82.45008286279098, 28.018266891861845], [-82.45026570836005, 28.01826945407823], [-82.45026344635687, 28.017919291772543], [-82.45008404446304, 28.017917213690623], [-82.45008286279098, 28.018266891861845]]]}}, {"type": "Feature", "properties": {"OBJECTID": 482084, "FOLIO": "170156.0000", "PIN": "A-31-28-19-ZZZ-000005-86710.0", "TYPE": null, "SITE_ADDR": "1309 E Sligh Ave", "SITE_CITY": "Tampa", "SITE_ZIP": "33604", "DOR_C": "0100", "ACT": 1958, "EFF": 1992, "HEAT_AR": 2624, "ACREAGE": 0.73, "JUST": 682068, "BLDG": 360940, "S_DATE": null, "AMT": 0, "VI": null, "STORIES": 2, "Shape__Area": 31637.91756771191}, "geometry": {"type": "Polygon", "coordinates": [[[-82.44455183068055, 28.009707492255686], [-82.44423806806185, 28.0097067216188], [-82.44423646833268, 28.010193625032183], [-82.44423525015878, 28.010576748763587], [-82.4445416058913, 28.01057702084667], [-82.44455003603063, 28.009859299792065], [-82.44455183068055, 28.009707492255686]]]}}, {"type": "Feature", "properties": {"OBJECTID": 483157, "FOLIO": "171275.0000", "PIN": "A-06-29-19-ZZZ-000005-87990.0", "TYPE": null, "SITE_ADDR": "4711 10th St", "SITE_CITY": "Tampa", "SITE_ZIP": "33603", "DOR_C": "0801", "ACT": 1925, "EFF": 1975, "HEAT_AR": 3062, "ACREAGE": 0.55, "JUST": 479884, "BLDG": 237752, "S_DATE": 823132800000, "AMT": 48000, "VI": "I", "STORIES": 3, "Shape__Area": 24099.547523990834}, "geometry": {"type": "Polygon", "coordinates": [[[-82.44904582702456, 27.988339101065073], [-82.4485658998429, 27.98834096135749], [-82.44854430380754, 27.988341044424395], [-82.44855075692134, 27.988747005858315], [-82.44905759215435, 27.988747877774006], [-82.44904582702456, 27.988339101065073]]]}}, {"type": "Feature", "properties": {"OBJECTID": 483193, "FOLIO": "171314.0000", "PIN": "A-06-29-19-ZZZ-000005-88320.0", "TYPE": null, "SITE_ADDR": "1309 E North Bay St", "SITE_CITY": "Tampa", "SITE_ZIP": "33603", "DOR_C": "0000", "ACT": 2022, "EFF": 2024, "HEAT_AR": 1265, "ACREAGE": 0.21, "JUST": 96750, "BLDG": 0, "S_DATE": 765158400000, "AMT": 29200, "VI": "I", "STORIES": 1, "Shape__Area": 8999.778709208662}, "geometry": {"type": "Polygon", "coordinates": [[[-82.44423006825535, 27.983236794940535], [-82.44422800813237, 27.982906735611927], [-82.44421251603488, 27.98290671615763], [-82.44399562864916, 27.982906430973888], [-82.44399768907739, 27.983236489408448], [-82.44423006825535, 27.983236794940535]]]}}, {"type": "Feature", "properties": {"OBJECTID": 483301, "FOLIO": "171404.0000", "PIN": "A-06-29-19-4KO-000000-00004.0", "TYPE": null, "SITE_ADDR": "1204 Mcberry St", "SITE_CITY": "Tampa", "SITE_ZIP": "33603", "DOR_C": "0100", "ACT": 1920, "EFF": 1994, "HEAT_AR": 1344, "ACREAGE": 0.15, "JUST": 342097, "BLDG": 261083, "S_DATE": 1522368000000, "AMT": 225000, "VI": "I", "STORIES": 2, "Shape__Area": 6401.027621196928}, "geometry": {"type": "Polygon", "coordinates": [[[-82.44648859405734, 27.99294747717251], [-82.446486603359, 27.99333873501095], [-82.44662604314699, 27.9933383056787], [-82.4466280333418, 27.99294704784403], [-82.44648859405734, 27.99294747717251]]]}}, {"type": "Feature", "properties": {"OBJECTID": 483348, "FOLIO": "171450.0000", "PIN": "A-06-29-19-4KT-000000-00010.0", "TYPE": null, "SITE_ADDR": "1322 E Conover St", "SITE_CITY": "Tampa", "SITE_ZIP": "33603", "DOR_C": "0100", "ACT": 2006, "EFF": 2016, "HEAT_AR": 1200, "ACREAGE": 0.17, "JUST": 251796, "BLDG": 154009, "S_DATE": 1149120000000, "AMT": 190900, "VI": "I", "STORIES": 1, "Shape__Area": 7468.433650404905}, "geometry": {"type": "Polygon", "coordinates": [[[-82.44335046490455, 27.993391846895236], [-82.44334338629396, 27.993803600397225], [-82.44349832095784, 27.993803082765872], [-82.44350539227455, 27.993393168390924], [-82.44335046490455, 27.993391846895236]]]}}, {"type": "Feature", "properties": {"OBJECTID": 483574, "FOLIO": "171688.0000", "PIN": "A-06-29-19-4L5-000010-00001.0", "TYPE": null, "SITE_ADDR": "1209 E Ellicott St", "SITE_CITY": "Tampa", "SITE_ZIP": "33603", "DOR_C": "0100", "ACT": 1925, "EFF": 1975, "HEAT_AR": 1062, "ACREAGE": 0.21, "JUST": 181927, "BLDG": 91745, "S_DATE": null, "AMT": 0, "VI": null, "STORIES": 1, "Shape__Area": 9099.733297083807}, "geometry": {"type": "Polygon", "coordinates": [[[-82.44617623021837, 27.9909871143624], [-82.44617805078309, 27.99062955013776], [-82.44596114883512, 27.990630216659923], [-82.44595932755838, 27.990987781792292], [-82.44617623021837, 27.9909871143624]]]}}, {"type": "Feature", "properties": {"OBJECTID": 484419, "FOLIO": "172481.0000", "PIN": "A-06-29-19-4LX-000001-00001.2", "TYPE": null, "SITE_ADDR": "4110 15th St", "SITE_CITY": "Tampa", "SITE_ZIP": "33610", "DOR_C": "0100", "ACT": 1926, "EFF": 1995, "HEAT_AR": 1144, "ACREAGE": 0.11, "JUST": 231905, "BLDG": 176881, "S_DATE": 1488153600000, "AMT": 165000, "VI": "I", "STORIES": 1, "Shape__Area": 4599.884331685157}, "geometry": {"type": "Polygon", "coordinates": [[[-82.4430363291269, 27.983097700725263], [-82.44339264404672, 27.983098170638574], [-82.44339195819012, 27.982988151148778], [-82.44303564363192, 27.98298768122954], [-82.4430363291269, 27.983097700725263]]]}}, {"type": "Feature", "properties": {"OBJECTID": 484531, "FOLIO": "172600.0000", "PIN": "A-07-29-19-4LY-000036-00002.0", "TYPE": null, "SITE_ADDR": "1513 E 33rd Ave", "SITE_CITY": "Tampa", "SITE_ZIP": "33610", "DOR_C": "0100", "ACT": 1920, "EFF": 1994, "HEAT_AR": 1092, "ACREAGE": 0.15, "JUST": 229636, "BLDG": 150096, "S_DATE": 1698796800000, "AMT": 313000, "VI": "I", "STORIES": 1, "Shape__Area": 6638.56989156977}, "geometry": {"type": "Polygon", "coordinates": [[[-82.44175868266568, 27.98007139689041], [-82.44175764553194, 27.980440030866628], [-82.44191119457675, 27.980439178518512], [-82.44191207668086, 27.980070545043432], [-82.44175868266568, 27.98007139689041]]]}}, {"type": "Feature", "properties": {"OBJECTID": 484775, "FOLIO": "172840.0000", "PIN": "A-07-29-19-4M6-000000-00004.0", "TYPE": null, "SITE_ADDR": "1209 E 33rd Ave", "SITE_CITY": "Tampa", "SITE_ZIP": "33603", "DOR_C": "0100", "ACT": 1942, "EFF": 1984, "HEAT_AR": 1032, "ACREAGE": 0.11, "JUST": 144294, "BLDG": 76835, "S_DATE": 1784678400000, "AMT": 337000, "VI": "I", "STORIES": 1, "Shape__Area": 4994.180534740479}, "geometry": {"type": "Polygon", "coordinates": [[[-82.4461755755081, 27.980626934624404], [-82.44633201045667, 27.980627030849394], [-82.44633762020692, 27.980356825048773], [-82.44617926287948, 27.98035634973349], [-82.4461755755081, 27.980626934624404]]]}}, {"type": "Feature", "properties": {"OBJECTID": 485045, "FOLIO": "173145.0000", "PIN": "A-07-29-19-4MG-000006-00001.0", "TYPE": null, "SITE_ADDR": "917 E 28th Ave", "SITE_CITY": "Tampa", "SITE_ZIP": "33605", "DOR_C": "0100", "ACT": 1923, "EFF": 1974, "HEAT_AR": 1644, "ACREAGE": 0.14, "JUST": 200257, "BLDG": 127313, "S_DATE": 157766400000, "AMT": 12500, "VI": null, "STORIES": 1, "Shape__Area": 5941.294397913478}, "geometry": {"type": "Polygon", "coordinates": [[[-82.44981581698717, 27.97566740272848], [-82.44963949960159, 27.975663533831785], [-82.44963584191767, 27.97595120956129], [-82.449812136702, 27.97595392796045], [-82.44981581698717, 27.97566740272848]]]}}, {"type": "Feature", "properties": {"OBJECTID": 485106, "FOLIO": "173219.0000", "PIN": "A-07-29-19-4MK-000002-00006.0", "TYPE": null, "SITE_ADDR": "3515 N 9th St", "SITE_CITY": "Tampa", "SITE_ZIP": "33605", "DOR_C": "0100", "ACT": 1925, "EFF": 1975, "HEAT_AR": 3198, "ACREAGE": 0.26, "JUST": 335160, "BLDG": 206550, "S_DATE": 1646956800000, "AMT": 400000, "VI": "I", "STORIES": 4, "Shape__Area": 11234.885027256181}, "geometry": {"type": "Polygon", "coordinates": [[[-82.4503279397449, 27.977222914076144], [-82.44998687868133, 27.977220815711654], [-82.4499854067008, 27.977358926141335], [-82.44998392317906, 27.97750160369913], [-82.45015547368189, 27.97750167234031], [-82.45032714729479, 27.977501769241634], [-82.4503279397449, 27.977222914076144]]]}}, {"type": "Feature", "properties": {"OBJECTID": 485232, "FOLIO": "173337.0000", "PIN": "A-07-29-19-4MP-000006-00004.1", "TYPE": null, "SITE_ADDR": "3501 N Avenida Republica De Cuba St", "SITE_CITY": "Tampa", "SITE_ZIP": "33605", "DOR_C": "0100", "ACT": 1949, "EFF": 1987, "HEAT_AR": 1163, "ACREAGE": 0.1, "JUST": 141727, "BLDG": 79852, "S_DATE": null, "AMT": 0, "VI": null, "STORIES": 1, "Shape__Area": 4561.178896410418}, "geometry": {"type": "Polygon", "coordinates": [[[-82.44406742443319, 27.97614075040074], [-82.44406594612907, 27.976304723936494], [-82.44421988927563, 27.97630499309213], [-82.44422314201721, 27.976059120136757], [-82.44405728815777, 27.976058841599592], [-82.44405654849143, 27.976140828821773], [-82.44406742443319, 27.97614075040074]]]}}, {"type": "Feature", "properties": {"OBJECTID": 485237, "FOLIO": "173341.0010", "PIN": "A-07-29-19-4MP-000007-00001.4", "TYPE": null, "SITE_ADDR": "1410 E 29th Ave", "SITE_CITY": "Tampa", "SITE_ZIP": "33605", "DOR_C": "0100", "ACT": 1946, "EFF": 1966, "HEAT_AR": 1225, "ACREAGE": 0.11, "JUST": 121359, "BLDG": 58859, "S_DATE": 1010620800000, "AMT": 55000, "VI": "I", "STORIES": 2, "Shape__Area": 4975.875024098102}, "geometry": {"type": "Polygon", "coordinates": [[[-82.44332365932553, 27.976946879543704], [-82.44332312141125, 27.977087792560017], [-82.44332264787641, 27.97722207626415], [-82.44347914585076, 27.97722262136164], [-82.44347516695133, 27.97694716459293], [-82.44332365932553, 27.976946879543704]]]}}, {"type": "Feature", "properties": {"OBJECTID": 485263, "FOLIO": "173365.0000", "PIN": "A-07-29-19-4MR-000000-00001.0", "TYPE": null, "SITE_ADDR": "1313 E 29th Ave", "SITE_CITY": "Tampa", "SITE_ZIP": "33605", "DOR_C": "0100", "ACT": 1949, "EFF": 1987, "HEAT_AR": 1056, "ACREAGE": 0.21, "JUST": 188160, "BLDG": 76567, "S_DATE": 1643068800000, "AMT": 230000, "VI": "I", "STORIES": 1, "Shape__Area": 9033.236744775095}, "geometry": {"type": "Polygon", "coordinates": [[[-82.44438529630075, 27.9765872786289], [-82.44438541018633, 27.976849441820416], [-82.4446800024512, 27.976848489911493], [-82.44467893082935, 27.97658719162307], [-82.44438529630075, 27.9765872786289]]]}}, {"type": "Feature", "properties": {"OBJECTID": 485951, "FOLIO": "173990.0000", "PIN": "A-08-29-19-4NA-000004-00002.0", "TYPE": null, "SITE_ADDR": "3503 E 29th Ave", "SITE_CITY": "Tampa", "SITE_ZIP": "33605", "DOR_C": "0100", "ACT": 1928, "EFF": 1976, "HEAT_AR": 1076, "ACREAGE": 0.16, "JUST": 135052, "BLDG": 64765, "S_DATE": 410227200000, "AMT": 17900, "VI": "I", "STORIES": 1, "Shape__Area": 6825.713004057102}, "geometry": {"type": "Polygon", "coordinates": [[[-82.4202650535167, 27.976769628301508], [-82.42042293930972, 27.976769337202487], [-82.4204228533487, 27.976404007062285], [-82.42026218302276, 27.97640458189877], [-82.4202650535167, 27.976769628301508]]]}}, {"type": "Feature", "properties": {"OBJECTID": 486035, "FOLIO": "174090.0000", "PIN": "A-08-29-19-4NB-000007-00015.0", "TYPE": null, "SITE_ADDR": "2914 E 32nd Ave", "SITE_CITY": "Tampa", "SITE_ZIP": "33610", "DOR_C": "0100", "ACT": 1961, "EFF": 1993, "HEAT_AR": 914, "ACREAGE": 0.12, "JUST": 133339, "BLDG": 73370, "S_DATE": 189302400000, "AMT": 300, "VI": null, "STORIES": 1, "Shape__Area": 5177.429743723967}, "geometry": {"type": "Polygon", "coordinates": [[[-82.42697792617794, 27.97961229413796], [-82.42714086578104, 27.97961219979761], [-82.4271430598132, 27.979343462350467], [-82.42697795038227, 27.979343041831754], [-82.42697792617794, 27.97961229413796]]]}}, {"type": "Feature", "properties": {"OBJECTID": 486602, "FOLIO": "174660.0000", "PIN": "A-08-29-19-4NK-000004-00006.0", "TYPE": null, "SITE_ADDR": "3501 E 23rd Ave", "SITE_CITY": "Tampa", "SITE_ZIP": "33605", "DOR_C": "0100", "ACT": 2001, "EFF": 2021, "HEAT_AR": 1118, "ACREAGE": 0.11, "JUST": 229947, "BLDG": 184404, "S_DATE": 1699315200000, "AMT": 324000, "VI": "I", "STORIES": 1, "Shape__Area": 4644.342905576859}, "geometry": {"type": "Polygon", "coordinates": [[[-82.420323750151, 27.971799448405918], [-82.42047930724189, 27.971799962144843], [-82.4204808922922, 27.971545776723325], [-82.42032521162082, 27.97154501609995], [-82.420323750151, 27.971799448405918]]]}}, {"type": "Feature", "properties": {"OBJECTID": 486606, "FOLIO": "174664.0000", "PIN": "A-08-29-19-4NK-000004-00010.0", "TYPE": null, "SITE_ADDR": "3508 E 22nd Ave", "SITE_CITY": "Tampa", "SITE_ZIP": "33605", "DOR_C": "0100", "ACT": 1974, "EFF": 2010, "HEAT_AR": 1316, "ACREAGE": 0.11, "JUST": 227438, "BLDG": 182171, "S_DATE": 1601424000000, "AMT": 199900, "VI": "I", "STORIES": 1, "Shape__Area": 4612.115369816782}, "geometry": {"type": "Polygon", "coordinates": [[[-82.4198640561759, 27.971287380426215], [-82.4198629072396, 27.97154274488555], [-82.4200159857755, 27.971543487805675], [-82.42001656315091, 27.971543498676883], [-82.42001817912012, 27.9712880921849], [-82.4198640561759, 27.971287380426215]]]}}, {"type": "Feature", "properties": {"OBJECTID": 486677, "FOLIO": "174729.0000", "PIN": "A-08-29-19-4NN-000001-00006.0", "TYPE": null, "SITE_ADDR": "3202 E 25th Ave", "SITE_CITY": "Tampa", "SITE_ZIP": "33605", "DOR_C": "0100", "ACT": 1943, "EFF": 1984, "HEAT_AR": 2080, "ACREAGE": 0.14, "JUST": 184416, "BLDG": 125538, "S_DATE": 1730764800000, "AMT": 235000, "VI": "I", "STORIES": 1, "Shape__Area": 6004.930673291714}, "geometry": {"type": "Polygon", "coordinates": [[[-82.4243843923211, 27.973448565094362], [-82.42419852406405, 27.973447445368013], [-82.42419790282544, 27.973723355083425], [-82.4243830250649, 27.9737243688186], [-82.4243843923211, 27.973448565094362]]]}}, {"type": "Feature", "properties": {"OBJECTID": 487286, "FOLIO": "175521.0000", "PIN": "A-17-29-19-4OD-000005-00016.0", "TYPE": null, "SITE_ADDR": "3516 E 11th Ave", "SITE_CITY": "Tampa", "SITE_ZIP": "33605", "DOR_C": "0800", "ACT": 1982, "EFF": 2004, "HEAT_AR": 1296, "ACREAGE": 0.1, "JUST": 187890, "BLDG": 128423, "S_DATE": 31536000000, "AMT": 700, "VI": null, "STORIES": 1, "Shape__Area": 4300.445224962138}, "geometry": {"type": "Polygon", "coordinates": [[[-82.41989401156616, 27.963416524080685], [-82.42003233234436, 27.963417008890673], [-82.42003354291742, 27.963153995091904], [-82.41989314865637, 27.963153654676265], [-82.41989401156616, 27.963416524080685]]]}}, {"type": "Feature", "properties": {"OBJECTID": 487846, "FOLIO": "176150.0000", "PIN": "A-10-29-18-4OR-000001-00005.0", "TYPE": null, "SITE_ADDR": "2512 W Abdella St", "SITE_CITY": "Tampa", "SITE_ZIP": "33607", "DOR_C": "0100", "ACT": 1948, "EFF": 1986, "HEAT_AR": 1765, "ACREAGE": 0.22, "JUST": 307706, "BLDG": 150973, "S_DATE": 949449600000, "AMT": 64000, "VI": "I", "STORIES": 1, "Shape__Area": 9473.688269260909}, "geometry": {"type": "Polygon", "coordinates": [[[-82.48557063213772, 27.970001385099575], [-82.48556746531506, 27.970269804784525], [-82.48586841337554, 27.970270905473757], [-82.48587092700541, 27.970002278736647], [-82.48557063213772, 27.970001385099575]]]}}, {"type": "Feature", "properties": {"OBJECTID": 487941, "FOLIO": "176236.0000", "PIN": "A-10-29-18-4OR-000007-00015.0", "TYPE": null, "SITE_ADDR": "2721 W Kathleen St", "SITE_CITY": "Tampa", "SITE_ZIP": "33607", "DOR_C": "0100", "ACT": 1944, "EFF": 1984, "HEAT_AR": 1432, "ACREAGE": 0.11, "JUST": 220831, "BLDG": 137506, "S_DATE": 1606694400000, "AMT": 200000, "VI": "I", "STORIES": 2, "Shape__Area": 4978.252701743778}, "geometry": {"type": "Polygon", "coordinates": [[[-82.48844127667003, 27.967531710945696], [-82.48843813897479, 27.967798029818773], [-82.48859728248661, 27.967798481831455], [-82.48860073015052, 27.967532243074384], [-82.48844127667003, 27.967531710945696]]]}}, {"type": "Feature", "properties": {"OBJECTID": 487968, "FOLIO": "176255.0000", "PIN": "A-10-29-18-4OR-000009-00023.0", "TYPE": null, "SITE_ADDR": "2703 W Cordelia St", "SITE_CITY": "Tampa", "SITE_ZIP": "33607", "DOR_C": "0100", "ACT": 1961, "EFF": 1993, "HEAT_AR": 744, "ACREAGE": 0.11, "JUST": 157576, "BLDG": 75918, "S_DATE": 823132800000, "AMT": 47900, "VI": "I", "STORIES": 1, "Shape__Area": 4964.828796707961}, "geometry": {"type": "Polygon", "coordinates": [[[-82.48717403487183, 27.96898611364764], [-82.48717309985216, 27.969253828812], [-82.48733066579453, 27.96925423100417], [-82.48733256128746, 27.96898659636446], [-82.48717403487183, 27.96898611364764]]]}}, {"type": "Feature", "properties": {"OBJECTID": 487985, "FOLIO": "176269.0005", "PIN": "A-10-29-18-4OR-000010-00018.0", "TYPE": null, "SITE_ADDR": "2715 W Ivy St", "SITE_CITY": null, "SITE_ZIP": null, "DOR_C": "0100", "ACT": 2024, "EFF": 2024, "HEAT_AR": 1919, "ACREAGE": 0.11, "JUST": 460961, "BLDG": 379303, "S_DATE": 1724630400000, "AMT": 629900, "VI": "I", "STORIES": 1, "Shape__Area": 4785.981080768692}, "geometry": {"type": "Polygon", "coordinates": [[[-82.48794341795022, 27.969715387024213], [-82.48794247311702, 27.969980267721446], [-82.48809618288624, 27.969980683604575], [-82.48809774826971, 27.969716006457315], [-82.48794341795022, 27.969715387024213]]]}}, {"type": "Feature", "properties": {"OBJECTID": 488309, "FOLIO": "176542.0000", "PIN": "A-10-29-18-4OR-000031-00003.0", "TYPE": null, "SITE_ADDR": "3008 W Braddock St", "SITE_CITY": "Tampa", "SITE_ZIP": "33607", "DOR_C": "0100", "ACT": 1956, "EFF": 1990, "HEAT_AR": 1437, "ACREAGE": 0.13, "JUST": 242506, "BLDG": 144392, "S_DATE": 1077840000000, "AMT": 119000, "VI": "I", "STORIES": 1, "Shape__Area": 5747.215050644129}, "geometry": {"type": "Polygon", "coordinates": [[[-82.49153835366857, 27.972233659212087], [-82.49153645042692, 27.97249727800737], [-82.49172165730405, 27.972497770392163], [-82.4917244560934, 27.972233818116923], [-82.49153835366857, 27.972233659212087]]]}}, {"type": "Feature", "properties": {"OBJECTID": 488405, "FOLIO": "176620.0000", "PIN": "A-10-29-18-4OS-000038-00023.0", "TYPE": null, "SITE_ADDR": "3103 W Dewey St", "SITE_CITY": "Tampa", "SITE_ZIP": "33607", "DOR_C": "0100", "ACT": 1966, "EFF": 1996, "HEAT_AR": 1646, "ACREAGE": 0.11, "JUST": 276794, "BLDG": 192688, "S_DATE": null, "AMT": 0, "VI": null, "STORIES": 1, "Shape__Area": 4877.7171081868955}, "geometry": {"type": "Polygon", "coordinates": [[[-82.49337278186049, 27.971202133360613], [-82.49337076431287, 27.971466908572488], [-82.49352768350577, 27.971467444025055], [-82.49352969979554, 27.971202476606283], [-82.49337278186049, 27.971202133360613]]]}}, {"type": "Feature", "properties": {"OBJECTID": 488757, "FOLIO": "176939.0000", "PIN": "A-10-29-18-4OX-000002-00009.0", "TYPE": null, "SITE_ADDR": "2737 W Leroy St", "SITE_CITY": "Tampa", "SITE_ZIP": "33607", "DOR_C": "0100", "ACT": 1960, "EFF": 2006, "HEAT_AR": 912, "ACREAGE": 0.12, "JUST": 239227, "BLDG": 150952, "S_DATE": 1518134400000, "AMT": 169000, "VI": "I", "STORIES": 1, "Shape__Area": 5349.990727294017}, "geometry": {"type": "Polygon", "coordinates": [[[-82.48825321091444, 27.971910269206614], [-82.48824920365485, 27.972204561107436], [-82.48840410657216, 27.97220514835303], [-82.4884081123949, 27.97191085645662], [-82.48825321091444, 27.971910269206614]]]}}, {"type": "Feature", "properties": {"OBJECTID": 488904, "FOLIO": "177070.0000", "PIN": "A-11-29-18-4P2-000002-00009.0", "TYPE": null, "SITE_ADDR": "3809 N Armenia Ave", "SITE_CITY": "Tampa", "SITE_ZIP": "33607", "DOR_C": "7500", "ACT": 2012, "EFF": 2014, "HEAT_AR": 10457, "ACREAGE": 0.87, "JUST": 2641400, "BLDG": 2192730, "S_DATE": 1257724800000, "AMT": 725000, "VI": "I", "STORIES": 1, "Shape__Area": 37871.55941964632}, "geometry": {"type": "Polygon", "coordinates": [[[-82.48434201282733, 27.973189632930758], [-82.48472380869786, 27.97319323624209], [-82.48472884737056, 27.972636368207297], [-82.48395442871069, 27.97262512874345], [-82.48434201282733, 27.973189632930758]]]}}, {"type": "Feature", "properties": {"OBJECTID": 488997, "FOLIO": "177166.0000", "PIN": "A-11-29-18-4P2-000009-00024.0", "TYPE": null, "SITE_ADDR": "3306 N Howard Ave", "SITE_CITY": "Tampa", "SITE_ZIP": "33607", "DOR_C": "0100", "ACT": 1926, "EFF": 1976, "HEAT_AR": 1048, "ACREAGE": 0.12, "JUST": 180045, "BLDG": 83900, "S_DATE": 1738281600000, "AMT": 250000, "VI": "I", "STORIES": 2, "Shape__Area": 5291.98877998738}, "geometry": {"type": "Polygon", "coordinates": [[[-82.4828779747965, 27.96923520283014], [-82.48304526041916, 27.969236469203842], [-82.48304710105849, 27.968966923419387], [-82.48287981585166, 27.968965657042656], [-82.4828779747965, 27.96923520283014]]]}}, {"type": "Feature", "properties": {"OBJECTID": 489291, "FOLIO": "177268.0000", "PIN": "A-11-29-18-4P6-000000-00052.0", "TYPE": null, "SITE_ADDR": "1903 W Kathleen St", "SITE_CITY": "Tampa", "SITE_ZIP": "33607", "DOR_C": "0100", "ACT": 1941, "EFF": 1962, "HEAT_AR": 1840, "ACREAGE": 0.17, "JUST": 251693, "BLDG": 136457, "S_DATE": 1131580800000, "AMT": 159000, "VI": "I", "STORIES": 3, "Shape__Area": 7199.975505844837}, "geometry": {"type": "Polygon", "coordinates": [[[-82.4791221771431, 27.967717580530607], [-82.47912444227796, 27.96738752307844], [-82.47893857317858, 27.967386110845194], [-82.47893630747403, 27.967716167398997], [-82.4791221771431, 27.967717580530607]]]}}, {"type": "Feature", "properties": {"OBJECTID": 489327, "FOLIO": "177303.0100", "PIN": "A-11-29-18-4P6-000000-00087.1", "TYPE": null, "SITE_ADDR": "1901 W Aileen St", "SITE_CITY": "Tampa", "SITE_ZIP": "33607", "DOR_C": "0100", "ACT": 2005, "EFF": 2015, "HEAT_AR": 2535, "ACREAGE": 0.16, "JUST": 473687, "BLDG": 360462, "S_DATE": 1267747200000, "AMT": 240000, "VI": "I", "STORIES": 2, "Shape__Area": 7006.768702366856}, "geometry": {"type": "Polygon", "coordinates": [[[-82.47877155048613, 27.968566327560232], [-82.47895122084735, 27.96856803590964], [-82.47895285323712, 27.96823590064722], [-82.47877318513297, 27.968233888175458], [-82.47877155048613, 27.968566327560232]]]}}, {"type": "Feature", "properties": {"OBJECTID": 489382, "FOLIO": "177329.0000", "PIN": "A-14-29-18-4P8-000008-00004.0", "TYPE": null, "SITE_ADDR": "2021 N Rome Ave", "SITE_CITY": "Tampa", "SITE_ZIP": "33607", "DOR_C": "0330", "ACT": 1964, "EFF": 2007, "HEAT_AR": 111591, "ACREAGE": 4.42, "JUST": 19147100, "BLDG": 19147000, "S_DATE": 1674518400000, "AMT": 23049900, "VI": "I", "STORIES": 26, "Shape__Area": 192446.0770005275}, "geometry": {"type": "Polygon", "coordinates": [[[-82.47467081352454, 27.96019386537548], [-82.47524052733179, 27.960195882485657], [-82.47656762016447, 27.960200496213393], [-82.47657612560006, 27.959337367899618], [-82.47468195091587, 27.95932698747789], [-82.47467081352454, 27.96019386537548]]]}}, {"type": "Feature", "properties": {"OBJECTID": 489550, "FOLIO": "177525.0000", "PIN": "A-14-29-18-4PB-000010-00024.0", "TYPE": null, "SITE_ADDR": "1913 W Saint John St", "SITE_CITY": "Tampa", "SITE_ZIP": "33607", "DOR_C": "0100", "ACT": 1991, "EFF": 2008, "HEAT_AR": 1092, "ACREAGE": 0.11, "JUST": 234314, "BLDG": 155130, "S_DATE": 691545600000, "AMT": 56000, "VI": "I", "STORIES": 1, "Shape__Area": 4899.145796923182}, "geometry": {"type": "Polygon", "coordinates": [[[-82.47940640025335, 27.964533639363207], [-82.47940721031486, 27.964803190556058], [-82.47956208335137, 27.964805372586824], [-82.47956127290891, 27.964535822302132], [-82.47940640025335, 27.964533639363207]]]}}, {"type": "Feature", "properties": {"OBJECTID": 489644, "FOLIO": "177614.0000", "PIN": "A-14-29-18-4PB-000015-00015.0", "TYPE": null, "SITE_ADDR": "2603 N Albany Ave", "SITE_CITY": "Tampa", "SITE_ZIP": "33607", "DOR_C": "0100", "ACT": 2019, "EFF": 2022, "HEAT_AR": 1870, "ACREAGE": 0.11, "JUST": 406724, "BLDG": 330772, "S_DATE": 1553212800000, "AMT": 306500, "VI": "I", "STORIES": 2, "Shape__Area": 4699.96090135627}, "geometry": {"type": "Polygon", "coordinates": [[[-82.48067163189457, 27.963964721270827], [-82.48038047391574, 27.96396049676443], [-82.48037883580096, 27.96407876044787], [-82.48037856939003, 27.964098012464458], [-82.48066972773799, 27.964102236970202], [-82.48067163189457, 27.963964721270827]]]}}, {"type": "Feature", "properties": {"OBJECTID": 489674, "FOLIO": "177638.0100", "PIN": "A-14-29-18-4PB-000017-00001.1", "TYPE": null, "SITE_ADDR": "1700 W Saint Conrad St", "SITE_CITY": "Tampa", "SITE_ZIP": "33607", "DOR_C": "0100", "ACT": 2018, "EFF": 2022, "HEAT_AR": 1866, "ACREAGE": 0.12, "JUST": 445758, "BLDG": 363678, "S_DATE": 1541116800000, "AMT": 332900, "VI": "I", "STORIES": 2, "Shape__Area": 5130.004339118368}, "geometry": {"type": "Polygon", "coordinates": [[[-82.47669990217095, 27.96362898331756], [-82.4768671748759, 27.963630662508045], [-82.47687066807035, 27.96336938040239], [-82.47670339678862, 27.963367702109966], [-82.47669990217095, 27.96362898331756]]]}}, {"type": "Feature", "properties": {"OBJECTID": 489675, "FOLIO": "177639.0000", "PIN": "A-14-29-18-4PB-000017-00004.0", "TYPE": null, "SITE_ADDR": "1708 W Saint Conrad St", "SITE_CITY": "Tampa", "SITE_ZIP": "33607", "DOR_C": "0100", "ACT": 1962, "EFF": 1994, "HEAT_AR": 1150, "ACREAGE": 0.11, "JUST": 198062, "BLDG": 121302, "S_DATE": null, "AMT": 0, "VI": null, "STORIES": 1, "Shape__Area": 4750.016319604608}, "geometry": {"type": "Polygon", "coordinates": [[[-82.47733181924929, 27.963635324261645], [-82.47733531234078, 27.963374042154644], [-82.4771804309156, 27.963372488411608], [-82.47717693745102, 27.96363377051934], [-82.47733181924929, 27.963635324261645]]]}}, {"type": "Feature", "properties": {"OBJECTID": 489985, "FOLIO": "177979.0000", "PIN": "A-14-29-18-4PE-000006-00004.0", "TYPE": null, "SITE_ADDR": "2314 W Arch St", "SITE_CITY": "Tampa", "SITE_ZIP": "33607", "DOR_C": "0100", "ACT": 1913, "EFF": 1969, "HEAT_AR": 892, "ACREAGE": 0.08, "JUST": 144036, "BLDG": 64282, "S_DATE": null, "AMT": 0, "VI": null, "STORIES": 1, "Shape__Area": 3316.256072247158}, "geometry": {"type": "Polygon", "coordinates": [[[-82.48358202595385, 27.954198199870387], [-82.48368858674506, 27.95419919982308], [-82.48369268122889, 27.953936726751724], [-82.48358392304586, 27.95393584461386], [-82.48358202595385, 27.954198199870387]]]}}, {"type": "Feature", "properties": {"OBJECTID": 490330, "FOLIO": "178402.0000", "PIN": "A-14-29-18-4PO-000005-00010.0", "TYPE": null, "SITE_ADDR": "1320 W Arch St", "SITE_CITY": "Tampa", "SITE_ZIP": "33607", "DOR_C": "0100", "ACT": 1956, "EFF": 1973, "HEAT_AR": 1163, "ACREAGE": 0.11, "JUST": 210899, "BLDG": 92339, "S_DATE": null, "AMT": 0, "VI": null, "STORIES": 1, "Shape__Area": 4760.1067937725775}, "geometry": {"type": "Polygon", "coordinates": [[[-82.47407819756475, 27.954094257259072], [-82.4742341973633, 27.95409569795904], [-82.47423715286621, 27.95383642071101], [-82.47408022441054, 27.95383517452055], [-82.47407819756475, 27.954094257259072]]]}}, {"type": "Feature", "properties": {"OBJECTID": 490365, "FOLIO": "178432.0000", "PIN": "A-14-29-18-4PO-000007-00001.0", "TYPE": null, "SITE_ADDR": "1106 N Oregon Ave 10", "SITE_CITY": "Tampa", "SITE_ZIP": "33607", "DOR_C": "0800", "ACT": 1955, "EFF": 2004, "HEAT_AR": 1584, "ACREAGE": 0.12, "JUST": 331185, "BLDG": 188310, "S_DATE": 1499299200000, "AMT": 260000, "VI": "I", "STORIES": 1, "Shape__Area": 5378.009016340661}, "geometry": {"type": "Polygon", "coordinates": [[[-82.47475601465793, 27.953373907265068], [-82.4749339761513, 27.95337543747545], [-82.47493693318259, 27.953117122164844], [-82.47476018042178, 27.95311558778548], [-82.47475601465793, 27.953373907265068]]]}}, {"type": "Feature", "properties": {"OBJECTID": 490755, "FOLIO": "178900.0000", "PIN": "A-14-29-18-4PQ-000013-00005.0", "TYPE": null, "SITE_ADDR": "1918 W Spruce St", "SITE_CITY": "Tampa", "SITE_ZIP": "33607", "DOR_C": "0100", "ACT": 1908, "EFF": 1966, "HEAT_AR": 1012, "ACREAGE": 0.1, "JUST": 131316, "BLDG": 62430, "S_DATE": 302313600000, "AMT": 11000, "VI": "I", "STORIES": 1, "Shape__Area": 4179.865654626969}, "geometry": {"type": "Polygon", "coordinates": [[[-82.47962617043086, 27.959231877789673], [-82.47962868741287, 27.958970588081677], [-82.47949240683838, 27.95896861290102], [-82.47948988952811, 27.95922990261065], [-82.47962617043086, 27.959231877789673]]]}}, {"type": "Feature", "properties": {"OBJECTID": 490760, "FOLIO": "178904.0100", "PIN": "A-14-29-18-4PQ-000013-00010.1", "TYPE": null, "SITE_ADDR": "1938 W Spruce St", "SITE_CITY": "Tampa", "SITE_ZIP": "33607", "DOR_C": "0100", "ACT": 2007, "EFF": 2020, "HEAT_AR": 1404, "ACREAGE": 0.05, "JUST": 359440, "BLDG": 317640, "S_DATE": 1706832000000, "AMT": 400000, "VI": "I", "STORIES": 2, "Shape__Area": 2374.9146478973144}, "geometry": {"type": "Polygon", "coordinates": [[[-82.48034164394734, 27.959242245494362], [-82.48034415920603, 27.95898095579516], [-82.48026672772492, 27.9589798345041], [-82.48026421125942, 27.959241123305436], [-82.48034164394734, 27.959242245494362]]]}}, {"type": "Feature", "properties": {"OBJECTID": 490764, "FOLIO": "178907.0000", "PIN": "A-14-29-18-4PQ-000013-00013.0", "TYPE": null, "SITE_ADDR": "1907 N Albany Ave", "SITE_CITY": "Tampa", "SITE_ZIP": "33607", "DOR_C": "0100", "ACT": 1908, "EFF": 1990, "HEAT_AR": 1365, "ACREAGE": 0.07, "JUST": 283781, "BLDG": 222215, "S_DATE": 1663891200000, "AMT": 423000, "VI": "I", "STORIES": 1, "Shape__Area": 3162.7437888192144}, "geometry": {"type": "Polygon", "coordinates": [[[-82.48072851868508, 27.958868411683586], [-82.48042166026246, 27.958863965840763], [-82.48042081309363, 27.95895197988979], [-82.48072621428449, 27.958956404652305], [-82.48072851868508, 27.958868411683586]]]}}, {"type": "Feature", "properties": {"OBJECTID": 490798, "FOLIO": "178937.0000", "PIN": "A-14-29-18-4PQ-000014-00017.0", "TYPE": null, "SITE_ADDR": "1929 W Union St", "SITE_CITY": "Tampa", "SITE_ZIP": "33607", "DOR_C": "0100", "ACT": 1908, "EFF": 2007, "HEAT_AR": 1372, "ACREAGE": 0.11, "JUST": 336632, "BLDG": 260680, "S_DATE": 1678752000000, "AMT": 390000, "VI": "I", "STORIES": 1, "Shape__Area": 4699.818717180569}, "geometry": {"type": "Polygon", "coordinates": [[[-82.47997160666701, 27.957972076645543], [-82.47996937002043, 27.95823061847748], [-82.48012423294144, 27.958232864067842], [-82.48012646921894, 27.957974322238066], [-82.47997160666701, 27.957972076645543]]]}}, {"type": "Feature", "properties": {"OBJECTID": 490804, "FOLIO": "178941.0000", "PIN": "A-14-29-18-4PQ-000014-00021.1", "TYPE": null, "SITE_ADDR": "1913 W Union St", "SITE_CITY": "Tampa", "SITE_ZIP": "33607", "DOR_C": "0100", "ACT": 1913, "EFF": 1969, "HEAT_AR": 998, "ACREAGE": 0.05, "JUST": 122869, "BLDG": 80883, "S_DATE": 1450656000000, "AMT": 47500, "VI": "I", "STORIES": 1, "Shape__Area": 2349.913375719403}, "geometry": {"type": "Polygon", "coordinates": [[[-82.47935215648788, 27.957963090727326], [-82.47934991836506, 27.958221632567867], [-82.4794273503279, 27.958222756182945], [-82.47942958724592, 27.957964213444612], [-82.47935215648788, 27.957963090727326]]]}}, {"type": "Feature", "properties": {"OBJECTID": 490936, "FOLIO": "179109.0000", "PIN": "A-15-29-18-4PQ-000024-00006.0", "TYPE": null, "SITE_ADDR": "2522 W Beach St", "SITE_CITY": "Tampa", "SITE_ZIP": "33607", "DOR_C": "0100", "ACT": 1959, "EFF": 1992, "HEAT_AR": 912, "ACREAGE": 0.11, "JUST": 182705, "BLDG": 101289, "S_DATE": 928195200000, "AMT": 35000, "VI": "I", "STORIES": 1, "Shape__Area": 4999.989508174593}, "geometry": {"type": "Polygon", "coordinates": [[[-82.48580087840251, 27.962688969686184], [-82.48579879569596, 27.962964015821093], [-82.48595367861053, 27.962965348699004], [-82.48595576194067, 27.96269030256319], [-82.48580087840251, 27.962688969686184]]]}}, {"type": "Feature", "properties": {"OBJECTID": 491115, "FOLIO": "179289.0000", "PIN": "A-14-29-18-4PQ-000035-00008.0", "TYPE": null, "SITE_ADDR": "2530 W Pine St", "SITE_CITY": "Tampa", "SITE_ZIP": "33607", "DOR_C": "0100", "ACT": 1923, "EFF": 1974, "HEAT_AR": 1278, "ACREAGE": 0.11, "JUST": 207949, "BLDG": 131189, "S_DATE": 1489017600000, "AMT": 80000, "VI": "I", "STORIES": 1, "Shape__Area": 4749.985130599278}, "geometry": {"type": "Polygon", "coordinates": [[[-82.48614235644627, 27.960751163244097], [-82.4862972346845, 27.960752611289223], [-82.48630013805031, 27.960491323905348], [-82.48614526018919, 27.960489876761155], [-82.48614235644627, 27.960751163244097]]]}}, {"type": "Feature", "properties": {"OBJECTID": 491283, "FOLIO": "179468.0000", "PIN": "A-15-29-18-4PQ-000041-00017.0", "TYPE": null, "SITE_ADDR": "2729 W Spruce St", "SITE_CITY": "Tampa", "SITE_ZIP": "33607", "DOR_C": "0100", "ACT": 1929, "EFF": 1996, "HEAT_AR": 1280, "ACREAGE": 0.11, "JUST": 306329, "BLDG": 225121, "S_DATE": 1727913600000, "AMT": 398000, "VI": "I", "STORIES": 1, "Shape__Area": 4750.00629403091}, "geometry": {"type": "Polygon", "coordinates": [[[-82.48837635339022, 27.959742260494135], [-82.48837864296998, 27.959480968935274], [-82.48822376216859, 27.95947990313941], [-82.48822147221983, 27.959741195602852], [-82.48837635339022, 27.959742260494135]]]}}, {"type": "Feature", "properties": {"OBJECTID": 491351, "FOLIO": "179524.0000", "PIN": "A-15-29-18-4PQ-000045-00005.0", "TYPE": null, "SITE_ADDR": "2722 W Chestnut St", "SITE_CITY": "Tampa", "SITE_ZIP": "33607", "DOR_C": "0100", "ACT": 1947, "EFF": 1986, "HEAT_AR": 768, "ACREAGE": 0.22, "JUST": 233955, "BLDG": 92579, "S_DATE": 1639958400000, "AMT": 245000, "VI": "I", "STORIES": 1, "Shape__Area": 9399.991266254168}, "geometry": {"type": "Polygon", "coordinates": [[[-82.4880826188753, 27.958596533084926], [-82.48808576308419, 27.958337998919703], [-82.48777600736929, 27.9583355469906], [-82.48777441487375, 27.95846646420133], [-82.48777286343852, 27.958594081154576], [-82.4880826188753, 27.958596533084926]]]}}, {"type": "Feature", "properties": {"OBJECTID": 491393, "FOLIO": "179556.0000", "PIN": "A-15-29-18-4PQ-000047-00006.0", "TYPE": null, "SITE_ADDR": "2526 W Union St", "SITE_CITY": "Tampa", "SITE_ZIP": "33607", "DOR_C": "0100", "ACT": 1926, "EFF": 1995, "HEAT_AR": 1725, "ACREAGE": 0.11, "JUST": 350551, "BLDG": 271367, "S_DATE": 1393459200000, "AMT": 45000, "VI": "I", "STORIES": 1, "Shape__Area": 4899.998091081437}, "geometry": {"type": "Polygon", "coordinates": [[[-82.48586529411445, 27.957583129368693], [-82.485861874743, 27.957852663996174], [-82.48601675040031, 27.957854005919913], [-82.48602016938699, 27.957584471293508], [-82.48586529411445, 27.957583129368693]]]}}, {"type": "Feature", "properties": {"OBJECTID": 491435, "FOLIO": "179601.0000", "PIN": "A-15-29-18-4PQ-000049-00007.0", "TYPE": null, "SITE_ADDR": "2726 Main St", "SITE_CITY": "Tampa", "SITE_ZIP": "33607", "DOR_C": "0800", "ACT": 1944, "EFF": 1984, "HEAT_AR": 1700, "ACREAGE": 0.11, "JUST": 212810, "BLDG": 89785, "S_DATE": null, "AMT": 0, "VI": null, "STORIES": 2, "Shape__Area": 4699.987158196117}, "geometry": {"type": "Polygon", "coordinates": [[[-82.48810335289195, 27.956875388658887], [-82.48809978794911, 27.95713391895593], [-82.48825466419837, 27.95713516902981], [-82.48825822775588, 27.956876638737064], [-82.48810335289195, 27.956875388658887]]]}}, {"type": "Feature", "properties": {"OBJECTID": 491444, "FOLIO": "179609.0000", "PIN": "A-15-29-18-4PQ-000049-00016.0", "TYPE": null, "SITE_ADDR": "2737 W Green St", "SITE_CITY": "Tampa", "SITE_ZIP": "33607", "DOR_C": "0100", "ACT": 1944, "EFF": 1984, "HEAT_AR": 829, "ACREAGE": 0.11, "JUST": 141791, "BLDG": 70117, "S_DATE": 667785600000, "AMT": 29000, "VI": "I", "STORIES": 1, "Shape__Area": 4699.984350710413}, "geometry": {"type": "Polygon", "coordinates": [[[-82.4884113128517, 27.956845579721453], [-82.48856618786607, 27.956846872768562], [-82.4885697323859, 27.956588341629008], [-82.48841485876092, 27.956587049479964], [-82.4884113128517, 27.956845579721453]]]}}, {"type": "Feature", "properties": {"OBJECTID": 491593, "FOLIO": "179745.0000", "PIN": "A-15-29-18-4PQ-000061-00005.0", "TYPE": null, "SITE_ADDR": "2910 W Walnut St", "SITE_CITY": "Tampa", "SITE_ZIP": "33607", "DOR_C": "0100", "ACT": 1949, "EFF": 2002, "HEAT_AR": 1135, "ACREAGE": 0.15, "JUST": 278944, "BLDG": 164384, "S_DATE": 1652918400000, "AMT": 350000, "VI": "I", "STORIES": 1, "Shape__Area": 6649.989337762082}, "geometry": {"type": "Polygon", "coordinates": [[[-82.48986761541147, 27.96007080394199], [-82.48986966661629, 27.959809510544616], [-82.48965283580036, 27.959807772566577], [-82.489650783057, 27.960069065971], [-82.48986761541147, 27.96007080394199]]]}}, {"type": "Feature", "properties": {"OBJECTID": 491660, "FOLIO": "179822.0022", "PIN": "A-14-29-18-B7Q-000000-00001.0", "TYPE": null, "SITE_ADDR": "1555 W Main St", "SITE_CITY": "Tampa", "SITE_ZIP": "33607", "DOR_C": "1199", "ACT": 2020, "EFF": 2020, "HEAT_AR": 2110, "ACREAGE": 0.23, "JUST": 644986, "BLDG": 644886, "S_DATE": 1541635200000, "AMT": 1599000, "VI": "I", "STORIES": 1, "Shape__Area": 9999.910787692239}, "geometry": {"type": "Polygon", "coordinates": [[[-82.47629084692596, 27.957677085771458], [-82.47628963969622, 27.957402036301605], [-82.47597987768128, 27.957403107897772], [-82.47598108514225, 27.95767815737646], [-82.47629084692596, 27.957677085771458]]]}}, {"type": "Feature", "properties": {"OBJECTID": 491667, "FOLIO": "179822.0038", "PIN": "A-14-29-18-B9T-000003-00002.0", "TYPE": null, "SITE_ADDR": "1308 W Chestnut St", "SITE_CITY": "Tampa", "SITE_ZIP": "33607", "DOR_C": "0399", "ACT": 2022, "EFF": 2024, "HEAT_AR": 129089, "ACREAGE": 1.22, "JUST": 7741100, "BLDG": 7741000, "S_DATE": null, "AMT": 0, "VI": null, "STORIES": 8, "Shape__Area": 53301.160955615895}, "geometry": {"type": "Polygon", "coordinates": [[[-82.47354836219279, 27.958458328015375], [-82.47354869239184, 27.958430825031332], [-82.47355624868611, 27.95780159722241], [-82.47337883100198, 27.95780035400129], [-82.47337483749625, 27.9581483054864], [-82.47295153782314, 27.958143960050492], [-82.47295521426892, 27.957861692480087], [-82.47293040340219, 27.957861471819683], [-82.47281889271895, 27.95786047876891], [-82.47263517928691, 27.957858843816435], [-82.47260420534204, 27.9578585684588], [-82.47259758461466, 27.958449290817505], [-82.47354836219279, 27.958458328015375]]]}}, {"type": "Feature", "properties": {"OBJECTID": 491835, "FOLIO": "179954.0000", "PIN": "A-15-29-18-4PS-000003-00012.0", "TYPE": null, "SITE_ADDR": "2707 W Saint Joseph St", "SITE_CITY": "Tampa", "SITE_ZIP": "33607", "DOR_C": "0100", "ACT": 1951, "EFF": 1988, "HEAT_AR": 943, "ACREAGE": 0.22, "JUST": 257454, "BLDG": 113056, "S_DATE": 578448000000, "AMT": 60000, "VI": "I", "STORIES": 1, "Shape__Area": 9499.979085955212}, "geometry": {"type": "Polygon", "coordinates": [[[-82.48844072530399, 27.96634229790204], [-82.48844273408548, 27.96608100488064], [-82.48813295394106, 27.966078941178825], [-82.4881309433969, 27.966340234208825], [-82.48844072530399, 27.96634229790204]]]}}, {"type": "Feature", "properties": {"OBJECTID": 492228, "FOLIO": "180320.0000", "PIN": "A-15-29-18-4PV-000003-00001.0", "TYPE": null, "SITE_ADDR": "3102 W Arch St", "SITE_CITY": "Tampa", "SITE_ZIP": "33607", "DOR_C": "0100", "ACT": 1953, "EFF": 1989, "HEAT_AR": 1948, "ACREAGE": 0.34, "JUST": 451934, "BLDG": 188021, "S_DATE": 1085529600000, "AMT": 175000, "VI": "I", "STORIES": 1, "Shape__Area": 14976.402035231502}, "geometry": {"type": "Polygon", "coordinates": [[[-82.49336944944798, 27.95387355272099], [-82.49336401522251, 27.954156741862516], [-82.4938152636023, 27.954162573988363], [-82.49381958307866, 27.95387966317176], [-82.49336944944798, 27.95387355272099]]]}}, {"type": "Feature", "properties": {"OBJECTID": 492294, "FOLIO": "180374.0000", "PIN": "A-15-29-18-4PV-000007-00005.0", "TYPE": null, "SITE_ADDR": "3208 W Nassau St", "SITE_CITY": "Tampa", "SITE_ZIP": "33607", "DOR_C": "0100", "ACT": 1955, "EFF": 2015, "HEAT_AR": 1837, "ACREAGE": 0.17, "JUST": 473726, "BLDG": 296022, "S_DATE": 1469750400000, "AMT": 241000, "VI": "I", "STORIES": 1, "Shape__Area": 7269.666315768494}, "geometry": {"type": "Polygon", "coordinates": [[[-82.49603373630943, 27.953174388755553], [-82.49603154953572, 27.953458391065485], [-82.49624916450664, 27.953461043057963], [-82.49625251281714, 27.953177378575397], [-82.49619143023519, 27.953176569130207], [-82.49603373630943, 27.953174388755553]]]}}, {"type": "Feature", "properties": {"OBJECTID": 492336, "FOLIO": "180411.0000", "PIN": "A-15-29-18-4PV-000009-00015.0", "TYPE": null, "SITE_ADDR": "3219 W Arch St", "SITE_CITY": "Tampa", "SITE_ZIP": "33607", "DOR_C": "0100", "ACT": 1961, "EFF": 1993, "HEAT_AR": 1624, "ACREAGE": 0.22, "JUST": 402816, "BLDG": 184080, "S_DATE": null, "AMT": 0, "VI": null, "STORIES": 1, "Shape__Area": 9544.012999553875}, "geometry": {"type": "Polygon", "coordinates": [[[-82.4966392707149, 27.95462586958549], [-82.49694759060777, 27.954629567511507], [-82.49695005879119, 27.95436516095044], [-82.49664299730549, 27.954361802300056], [-82.4966392707149, 27.95462586958549]]]}}, {"type": "Feature", "properties": {"OBJECTID": 492357, "FOLIO": "180440.0000", "PIN": "A-15-29-18-4PV-000042-00003.0", "TYPE": null, "SITE_ADDR": "2018 N Saint Vincent St", "SITE_CITY": "Tampa", "SITE_ZIP": "33607", "DOR_C": "0000", "ACT": 0, "EFF": 0, "HEAT_AR": 0, "ACREAGE": 0.25, "JUST": 162950, "BLDG": 0, "S_DATE": 1512086400000, "AMT": 190000, "VI": "I", "STORIES": 0, "Shape__Area": 11069.948604589756}, "geometry": {"type": "Polygon", "coordinates": [[[-82.49633289271051, 27.960957577154904], [-82.49675108540805, 27.960956406719568], [-82.49675098883213, 27.96073086373322], [-82.49633279700389, 27.96073203415712], [-82.49633289271051, 27.960957577154904]]]}}, {"type": "Feature", "properties": {"OBJECTID": 492394, "FOLIO": "180472.0000", "PIN": "A-15-29-18-4PV-000044-00022.0", "TYPE": null, "SITE_ADDR": "3219 Cherry St", "SITE_CITY": "Tampa", "SITE_ZIP": "33607", "DOR_C": "0100", "ACT": 1947, "EFF": 2002, "HEAT_AR": 1028, "ACREAGE": 0.11, "JUST": 203443, "BLDG": 125875, "S_DATE": 502243200000, "AMT": 25000, "VI": "I", "STORIES": 1, "Shape__Area": 4799.965590997533}, "geometry": {"type": "Polygon", "coordinates": [[[-82.49689610823495, 27.961999888774468], [-82.49689489689652, 27.96173584049799], [-82.49674000894886, 27.961735908743776], [-82.49674121991035, 27.961999957026467], [-82.49689610823495, 27.961999888774468]]]}}, {"type": "Feature", "properties": {"OBJECTID": 492418, "FOLIO": "180491.0000", "PIN": "A-15-29-18-4PV-000045-00029.0", "TYPE": null, "SITE_ADDR": "3205 W Palmetto St", "SITE_CITY": "Tampa", "SITE_ZIP": "33607", "DOR_C": "0100", "ACT": 1952, "EFF": 2003, "HEAT_AR": 1583, "ACREAGE": 0.23, "JUST": 375234, "BLDG": 215107, "S_DATE": null, "AMT": 0, "VI": null, "STORIES": 1, "Shape__Area": 10196.999508731022}, "geometry": {"type": "Polygon", "coordinates": [[[-82.49617895675225, 27.962473203803317], [-82.49587227592684, 27.962473429348098], [-82.49587288678951, 27.962756732662246], [-82.49590689454404, 27.96275670757834], [-82.49607723822061, 27.96275658273847], [-82.49617956841573, 27.962756507105805], [-82.49617895675225, 27.962473203803317]]]}}, {"type": "Feature", "properties": {"OBJECTID": 492466, "FOLIO": "180534.0000", "PIN": "A-15-29-18-4PV-000049-00012.0", "TYPE": null, "SITE_ADDR": "3101 W Spruce St", "SITE_CITY": "Tampa", "SITE_ZIP": "33607", "DOR_C": "0100", "ACT": 1928, "EFF": 2010, "HEAT_AR": 2228, "ACREAGE": 0.24, "JUST": 462260, "BLDG": 312028, "S_DATE": 1101772800000, "AMT": 150000, "VI": "I", "STORIES": 2, "Shape__Area": 10464.526299818732}, "geometry": {"type": "Polygon", "coordinates": [[[-82.49355182600551, 27.959909821064915], [-82.49355151715885, 27.959538500083987], [-82.49339478995563, 27.959539289448543], [-82.49338192816872, 27.9595394384321], [-82.49336925132927, 27.959541370812875], [-82.49335707123882, 27.959545041255154], [-82.4933456883105, 27.959550358441362], [-82.4933353814307, 27.959557190522794], [-82.49332640595533, 27.959565371443606], [-82.49331898149778, 27.95957469737499], [-82.49331329198634, 27.95958493934856], [-82.49330947653405, 27.959595846898843], [-82.49330763045889, 27.959607148961734], [-82.49330788094308, 27.959909706640317], [-82.49355182600551, 27.959909821064915]]]}}, {"type": "Feature", "properties": {"OBJECTID": 492502, "FOLIO": "180574.0100", "PIN": "A-15-29-18-4PV-000053-00012.0", "TYPE": null, "SITE_ADDR": "3022 W Spruce St", "SITE_CITY": "Tampa", "SITE_ZIP": "33607", "DOR_C": "0100", "ACT": 2020, "EFF": 2022, "HEAT_AR": 1672, "ACREAGE": 0.07, "JUST": 382967, "BLDG": 327352, "S_DATE": 1582243200000, "AMT": 329000, "VI": "I", "STORIES": 2, "Shape__Area": 3134.9952666688}, "geometry": {"type": "Polygon", "coordinates": [[[-82.49250362122014, 27.95936442990245], [-82.49250718959566, 27.95910314911641], [-82.4924049719312, 27.95910218742372], [-82.4924014022891, 27.959363467311533], [-82.49250362122014, 27.95936442990245]]]}}, {"type": "Feature", "properties": {"OBJECTID": 492673, "FOLIO": "180728.0000", "PIN": "A-15-29-18-4Q1-000002-00004.0", "TYPE": null, "SITE_ADDR": "2913 W Arch St", "SITE_CITY": "Tampa", "SITE_ZIP": "33607", "DOR_C": "0100", "ACT": 1903, "EFF": 1964, "HEAT_AR": 504, "ACREAGE": 0.1, "JUST": 146421, "BLDG": 35887, "S_DATE": 126230400000, "AMT": 12500, "VI": null, "STORIES": 1, "Shape__Area": 4452.077872465334}, "geometry": {"type": "Polygon", "coordinates": [[[-82.49029585783939, 27.954536555738972], [-82.49043816206968, 27.95453665157694], [-82.49044047204343, 27.95427330497517], [-82.4902946684445, 27.954273275745923], [-82.49029585783939, 27.954536555738972]]]}}, {"type": "Feature", "properties": {"OBJECTID": 492701, "FOLIO": "180751.0000", "PIN": "A-15-29-18-4Q1-000005-00010.0", "TYPE": null, "SITE_ADDR": "2903 W Nassau St", "SITE_CITY": "Tampa", "SITE_ZIP": "33607", "DOR_C": "0100", "ACT": 1956, "EFF": 2004, "HEAT_AR": 897, "ACREAGE": 0.14, "JUST": 302701, "BLDG": 155947, "S_DATE": 1639094400000, "AMT": 315000, "VI": "I", "STORIES": 1, "Shape__Area": 6101.878203028211}, "geometry": {"type": "Polygon", "coordinates": [[[-82.49005239457827, 27.953879297428404], [-82.49025073238803, 27.95387936000657], [-82.49025273496031, 27.95361670120735], [-82.4900553268768, 27.953616499053815], [-82.49005239457827, 27.953879297428404]]]}}, {"type": "Feature", "properties": {"OBJECTID": 492811, "FOLIO": "180876.0000", "PIN": "A-15-29-18-4Q4-000003-00002.0", "TYPE": null, "SITE_ADDR": "2706 W Grace St", "SITE_CITY": "Tampa", "SITE_ZIP": "33607", "DOR_C": "0100", "ACT": 1957, "EFF": 1957, "HEAT_AR": 801, "ACREAGE": 0.15, "JUST": 193823, "BLDG": 42761, "S_DATE": 1497312000000, "AMT": 130000, "VI": "I", "STORIES": 1, "Shape__Area": 6383.2760980681005}, "geometry": {"type": "Polygon", "coordinates": [[[-82.48741541749854, 27.952742745481487], [-82.4876224578005, 27.95274311042987], [-82.48762354203099, 27.952481143359833], [-82.48741529442358, 27.952480892777533], [-82.48741541749854, 27.952742745481487]]]}}, {"type": "Feature", "properties": {"OBJECTID": 493008, "FOLIO": "181102.0000", "PIN": "A-23-29-18-4Q7-000005-00003.0", "TYPE": null, "SITE_ADDR": "1312 W Lemon St", "SITE_CITY": "Tampa", "SITE_ZIP": "33606", "DOR_C": "0100", "ACT": 1926, "EFF": 1995, "HEAT_AR": 1156, "ACREAGE": 0.11, "JUST": 339713, "BLDG": 216113, "S_DATE": 1454371200000, "AMT": 240000, "VI": "I", "STORIES": 1, "Shape__Area": 4941.913350299363}, "geometry": {"type": "Polygon", "coordinates": [[[-82.4730321450514, 27.950441539945782], [-82.4731895638571, 27.950442866906723], [-82.47319173653547, 27.95017407448397], [-82.47303592767415, 27.950172713112565], [-82.4730321450514, 27.950441539945782]]]}}, {"type": "Feature", "properties": {"OBJECTID": 493029, "FOLIO": "181148.0000", "PIN": "A-23-29-18-4Q7-000008-00001.0", "TYPE": null, "SITE_ADDR": "608 N Willow Ave", "SITE_CITY": "Tampa", "SITE_ZIP": "33606", "DOR_C": "0310", "ACT": 2022, "EFF": 2024, "HEAT_AR": 192512, "ACREAGE": 1.95, "JUST": 43715700, "BLDG": 43715600, "S_DATE": 1718841600000, "AMT": 50814000, "VI": "I", "STORIES": 5, "Shape__Area": 85024.93829657492}, "geometry": {"type": "Polygon", "coordinates": [[[-82.47397956921301, 27.94914473516145], [-82.47271243116512, 27.949134773638463], [-82.47270721243068, 27.949707348944514], [-82.47397252725496, 27.94971621759641], [-82.47397956921301, 27.94914473516145]]]}}, {"type": "Feature", "properties": {"OBJECTID": 493035, "FOLIO": "181171.0000", "PIN": "A-23-29-18-4Q7-000010-00001.0", "TYPE": null, "SITE_ADDR": "401 N Rome Ave", "SITE_CITY": "Tampa", "SITE_ZIP": "33606", "DOR_C": "0310", "ACT": 2014, "EFF": 2020, "HEAT_AR": 301956, "ACREAGE": 7.79, "JUST": 60311600, "BLDG": 60311500, "S_DATE": 1410307200000, "AMT": 57250000, "VI": "I", "STORIES": 25, "Shape__Area": 339479.40527125326}, "geometry": {"type": "MultiPolygon", "coordinates": [[[[-82.47480227663303, 27.948988796971758], [-82.4759117933246, 27.948997505623197], [-82.47591932711534, 27.948346057865034], [-82.47669760264758, 27.948353877263717], [-82.47667913911287, 27.94827218004331], [-82.47667959298451, 27.947677314450875], [-82.47481219007983, 27.947658478649085], [-82.47480227663303, 27.948988796971758]]], [[[-82.47511728329168, 27.949438287614633], [-82.47511294980568, 27.9497247278429], [-82.47669867421692, 27.94973645837479], [-82.47670603089989, 27.949169101565072], [-82.47512092267466, 27.949154630098867], [-82.47511728329168, 27.949438287614633]]]]}}, {"type": "Feature", "properties": {"OBJECTID": 493051, "FOLIO": "181195.0000", "PIN": "A-23-29-18-4Q8-000002-00008.0", "TYPE": null, "SITE_ADDR": "1932 W Cypress St", "SITE_CITY": "Tampa", "SITE_ZIP": "33606", "DOR_C": "0100", "ACT": 1962, "EFF": 1994, "HEAT_AR": 1080, "ACREAGE": 0.11, "JUST": 215331, "BLDG": 107504, "S_DATE": null, "AMT": 0, "VI": null, "STORIES": 1, "Shape__Area": 4830.253026583999}, "geometry": {"type": "Polygon", "coordinates": [[[-82.48003612125127, 27.951980349202667], [-82.4801919928681, 27.951981756551483], [-82.48019215259573, 27.951716711745156], [-82.48003751899886, 27.951715272100994], [-82.48003612125127, 27.951980349202667]]]}}, {"type": "Feature", "properties": {"OBJECTID": 493113, "FOLIO": "181267.0000", "PIN": "A-23-29-18-4Q8-000006-00010.0", "TYPE": null, "SITE_ADDR": "1918 W Lemon St", "SITE_CITY": "Tampa", "SITE_ZIP": "33606", "DOR_C": "0100", "ACT": 2022, "EFF": 2024, "HEAT_AR": 2428, "ACREAGE": 0.11, "JUST": 622554, "BLDG": 502746, "S_DATE": 1665100800000, "AMT": 806000, "VI": "I", "STORIES": 2, "Shape__Area": 4833.134502951242}, "geometry": {"type": "Polygon", "coordinates": [[[-82.48034274840705, 27.95051223628423], [-82.48049988895436, 27.950513583828634], [-82.48050064643596, 27.950251040173015], [-82.48034412615412, 27.95024968955924], [-82.48034274840705, 27.95051223628423]]]}}, {"type": "Feature", "properties": {"OBJECTID": 493161, "FOLIO": "181325.0000", "PIN": "A-23-29-18-4Q8-000010-00005.0", "TYPE": null, "SITE_ADDR": "1910 W Carmen St", "SITE_CITY": "Tampa", "SITE_ZIP": "33606", "DOR_C": "0100", "ACT": 1928, "EFF": 1996, "HEAT_AR": 1975, "ACREAGE": 0.16, "JUST": 474922, "BLDG": 300682, "S_DATE": 780969600000, "AMT": 40000, "VI": "I", "STORIES": 3, "Shape__Area": 7084.249482458806}, "geometry": {"type": "Polygon", "coordinates": [[[-82.47957778345106, 27.949036949628713], [-82.47980833305094, 27.949038922976786], [-82.4798081982188, 27.948777122341145], [-82.47957764829039, 27.948775178768482], [-82.47957778345106, 27.949036949628713]]]}}, {"type": "Feature", "properties": {"OBJECTID": 493255, "FOLIO": "181431.0000", "PIN": "A-23-29-18-4Q9-000007-00020.0", "TYPE": null, "SITE_ADDR": "2109 W Carmen St", "SITE_CITY": "Tampa", "SITE_ZIP": "33606", "DOR_C": "0100", "ACT": 1953, "EFF": 1989, "HEAT_AR": 1442, "ACREAGE": 0.11, "JUST": 306197, "BLDG": 186389, "S_DATE": null, "AMT": 0, "VI": null, "STORIES": 1, "Shape__Area": 4765.985436930198}, "geometry": {"type": "Polygon", "coordinates": [[[-82.48164317347485, 27.949483233561672], [-82.48179814443297, 27.9494846973224], [-82.48179828005964, 27.949222182897667], [-82.48164395947738, 27.949220633836372], [-82.48164317347485, 27.949483233561672]]]}}, {"type": "Feature", "properties": {"OBJECTID": 493330, "FOLIO": "181482.0000", "PIN": "A-11-29-18-4QA-000006-00008.0", "TYPE": null, "SITE_ADDR": "1305 W Adalee St", "SITE_CITY": "Tampa", "SITE_ZIP": "33603", "DOR_C": "0100", "ACT": 1962, "EFF": 2016, "HEAT_AR": 1030, "ACREAGE": 0.24, "JUST": 438054, "BLDG": 192826, "S_DATE": 1306454400000, "AMT": 128000, "VI": "I", "STORIES": 1, "Shape__Area": 10272.18722679973}, "geometry": {"type": "Polygon", "coordinates": [[[-82.47880642756851, 27.97383723164073], [-82.47901390948599, 27.973838226692752], [-82.47901666935084, 27.97341119327508], [-82.47881422262411, 27.973410180696494], [-82.47880642756851, 27.97383723164073]]]}}, {"type": "Feature", "properties": {"OBJECTID": 493424, "FOLIO": "181568.0000", "PIN": "A-11-29-18-4QA-000022-00004.0", "TYPE": null, "SITE_ADDR": "1108 W Charter St", "SITE_CITY": "Tampa", "SITE_ZIP": "33602", "DOR_C": "0100", "ACT": 2006, "EFF": 2016, "HEAT_AR": 3576, "ACREAGE": 0.25, "JUST": 914226, "BLDG": 661128, "S_DATE": 1777248000000, "AMT": 1000000, "VI": "I", "STORIES": 2, "Shape__Area": 10716.06645043534}, "geometry": {"type": "Polygon", "coordinates": [[[-82.47656340404166, 27.969746023055112], [-82.47655922135313, 27.97020400524247], [-82.47675963120362, 27.9702052240737], [-82.47676187922568, 27.969747566239135], [-82.47656340404166, 27.969746023055112]]]}}, {"type": "Feature", "properties": {"OBJECTID": 493513, "FOLIO": "181602.0000", "PIN": "A-11-29-18-4QE-000002-00008.0", "TYPE": null, "SITE_ADDR": "915 W Plymouth St", "SITE_CITY": "Tampa", "SITE_ZIP": "33603", "DOR_C": "0100", "ACT": 1943, "EFF": 1984, "HEAT_AR": 1704, "ACREAGE": 0.14, "JUST": 303455, "BLDG": 152663, "S_DATE": 709948800000, "AMT": 42000, "VI": "I", "STORIES": 1, "Shape__Area": 6215.2639499784855}, "geometry": {"type": "Polygon", "coordinates": [[[-82.47284436898666, 27.974215894485056], [-82.47300305109692, 27.97421603485417], [-82.47300509676245, 27.973885961254865], [-82.47284302382313, 27.973885487817686], [-82.47284436898666, 27.974215894485056]]]}}, {"type": "Feature", "properties": {"OBJECTID": 493601, "FOLIO": "181672.0005", "PIN": "A-11-29-18-4QE-000006-00022.0", "TYPE": null, "SITE_ADDR": "905 W Braddock St", "SITE_CITY": "Tampa", "SITE_ZIP": "33603", "DOR_C": "0100", "ACT": 1940, "EFF": 2000, "HEAT_AR": 1138, "ACREAGE": 0.15, "JUST": 318885, "BLDG": 139805, "S_DATE": 1636934400000, "AMT": 300000, "VI": "I", "STORIES": 1, "Shape__Area": 6544.986695871953}, "geometry": {"type": "Polygon", "coordinates": [[[-82.47206063458144, 27.97216260214169], [-82.47206212248561, 27.97252520455373], [-82.47221440873808, 27.972525110612317], [-82.47221621918268, 27.9721630969876], [-82.47206063458144, 27.97216260214169]]]}}, {"type": "Feature", "properties": {"OBJECTID": 493604, "FOLIO": "181675.0000", "PIN": "A-11-29-18-4QE-000007-00002.0", "TYPE": null, "SITE_ADDR": "1003 W Braddock St", "SITE_CITY": "Tampa", "SITE_ZIP": "33603", "DOR_C": "0000", "ACT": 0, "EFF": 0, "HEAT_AR": 0, "ACREAGE": 0.14, "JUST": 148320, "BLDG": 0, "S_DATE": 880934400000, "AMT": 46500, "VI": "I", "STORIES": 0, "Shape__Area": 6034.88740611424}, "geometry": {"type": "Polygon", "coordinates": [[[-82.47402561982422, 27.972086941051035], [-82.4740239715017, 27.97241838952709], [-82.47417801043, 27.97241957601376], [-82.47418217895815, 27.97208880739188], [-82.47402561982422, 27.972086941051035]]]}}, {"type": "Feature", "properties": {"OBJECTID": 493625, "FOLIO": "181694.0000", "PIN": "A-11-29-18-4QE-000009-00005.0", "TYPE": null, "SITE_ADDR": "912 W Braddock St", "SITE_CITY": "Tampa", "SITE_ZIP": "33603", "DOR_C": "0100", "ACT": 1926, "EFF": 1995, "HEAT_AR": 1530, "ACREAGE": 0.21, "JUST": 481660, "BLDG": 242718, "S_DATE": 928195200000, "AMT": 121500, "VI": "I", "STORIES": 1, "Shape__Area": 9319.705298166704}, "geometry": {"type": "Polygon", "coordinates": [[[-82.47244663021482, 27.972039849182707], [-82.47268218275865, 27.972040412703493], [-82.47268265797003, 27.971705187128485], [-82.47244439436155, 27.971704632911237], [-82.47244663021482, 27.972039849182707]]]}}, {"type": "Feature", "properties": {"OBJECTID": 493626, "FOLIO": "181694.0100", "PIN": "A-11-29-18-4QE-000009-00007.0", "TYPE": null, "SITE_ADDR": "914 W Braddock St", "SITE_CITY": "Tampa", "SITE_ZIP": "33603", "DOR_C": "0100", "ACT": 1982, "EFF": 2004, "HEAT_AR": 1488, "ACREAGE": 0.13, "JUST": 447578, "BLDG": 281092, "S_DATE": 1542326400000, "AMT": 321000, "VI": "I", "STORIES": 2, "Shape__Area": 5857.926048403982}, "geometry": {"type": "Polygon", "coordinates": [[[-82.47268218275865, 27.972040412703493], [-82.47283060246343, 27.972040934178253], [-82.47283204585469, 27.97170570437717], [-82.47268265797003, 27.971705187128485], [-82.47268218275865, 27.972040412703493]]]}}, {"type": "Feature", "properties": {"OBJECTID": 493724, "FOLIO": "181773.0000", "PIN": "A-11-29-18-4QE-000014-00001.0", "TYPE": null, "SITE_ADDR": "2904 N Oakdale Ave", "SITE_CITY": "Tampa", "SITE_ZIP": "33602", "DOR_C": "0100", "ACT": 2021, "EFF": 2023, "HEAT_AR": 3014, "ACREAGE": 0.25, "JUST": 1014409, "BLDG": 731464, "S_DATE": 1076025600000, "AMT": 203000, "VI": "I", "STORIES": 2, "Shape__Area": 10855.230836710178}, "geometry": {"type": "Polygon", "coordinates": [[[-82.47364356007688, 27.969552415207698], [-82.47364950638509, 27.969916501246114], [-82.47381226010306, 27.970007394578435], [-82.47399371590922, 27.969748216032254], [-82.47364356007688, 27.969552415207698]]]}}, {"type": "Feature", "properties": {"OBJECTID": 493767, "FOLIO": "181812.0000", "PIN": "A-11-29-18-4QE-000015-00019.0", "TYPE": null, "SITE_ADDR": "907 W Coral St", "SITE_CITY": "Tampa", "SITE_ZIP": "33602", "DOR_C": "0100", "ACT": 1950, "EFF": 1988, "HEAT_AR": 1152, "ACREAGE": 0.13, "JUST": 294239, "BLDG": 129431, "S_DATE": 1094774400000, "AMT": 165000, "VI": "I", "STORIES": 1, "Shape__Area": 5872.453123799426}, "geometry": {"type": "Polygon", "coordinates": [[[-82.47223909329355, 27.969953511027942], [-82.47239167031758, 27.969953331097674], [-82.47238741845213, 27.969621901833616], [-82.47223803744683, 27.969622072590887], [-82.47223909329355, 27.969953511027942]]]}}, {"type": "Feature", "properties": {"OBJECTID": 493805, "FOLIO": "181845.0000", "PIN": "A-11-29-18-4QE-000017-00017.0", "TYPE": null, "SITE_ADDR": "811 W Warren Ave", "SITE_CITY": "Tampa", "SITE_ZIP": "33602", "DOR_C": "0100", "ACT": 1934, "EFF": 2011, "HEAT_AR": 1213, "ACREAGE": 0.14, "JUST": 423249, "BLDG": 261902, "S_DATE": 1547769600000, "AMT": 309000, "VI": "I", "STORIES": 1, "Shape__Area": 6047.434102460033}, "geometry": {"type": "Polygon", "coordinates": [[[-82.47061103520343, 27.969090700207076], [-82.47076661291165, 27.96909085383951], [-82.47076526197368, 27.968757353413135], [-82.47061181407017, 27.96875719158823], [-82.47061103520343, 27.969090700207076]]]}}, {"type": "Feature", "properties": {"OBJECTID": 493831, "FOLIO": "181869.0000", "PIN": "A-11-29-18-4QE-000019-00001.0", "TYPE": null, "SITE_ADDR": "1000 W Charter St", "SITE_CITY": "Tampa", "SITE_ZIP": "33602", "DOR_C": "0100", "ACT": 1926, "EFF": 1995, "HEAT_AR": 1903, "ACREAGE": 0.21, "JUST": 622863, "BLDG": 395455, "S_DATE": 1676246400000, "AMT": 690000, "VI": "I", "STORIES": 2, "Shape__Area": 9344.466336648}, "geometry": {"type": "Polygon", "coordinates": [[[-82.47379659500874, 27.96903873909862], [-82.47402915103366, 27.96870958862359], [-82.47396460093029, 27.968659930347055], [-82.47385442738997, 27.968763977607406], [-82.47365032081723, 27.96863901001652], [-82.47365393288482, 27.96891476916052], [-82.47379659500874, 27.96903873909862]]]}}, {"type": "Feature", "properties": {"OBJECTID": 493853, "FOLIO": "181887.0000", "PIN": "A-11-29-18-4QE-000019-00025.0", "TYPE": null, "SITE_ADDR": "2715 N Ridgewood Ave", "SITE_CITY": "Tampa", "SITE_ZIP": "33602", "DOR_C": "0100", "ACT": 2022, "EFF": 2024, "HEAT_AR": 3120, "ACREAGE": 0.22, "JUST": 932842, "BLDG": 708814, "S_DATE": 1666310400000, "AMT": 910000, "VI": "I", "STORIES": 2, "Shape__Area": 9549.046510507667}, "geometry": {"type": "Polygon", "coordinates": [[[-82.47426012469094, 27.96881571821353], [-82.47445926317819, 27.968969748746016], [-82.47468384315177, 27.968699073688246], [-82.47464107141778, 27.968658994566496], [-82.47453649048228, 27.968564807217213], [-82.47426012469094, 27.96881571821353]]]}}, {"type": "Feature", "properties": {"OBJECTID": 493864, "FOLIO": "181898.0000", "PIN": "A-11-29-18-4QE-000020-00007.0", "TYPE": null, "SITE_ADDR": "2710 N Ridgewood Ave", "SITE_CITY": "Tampa", "SITE_ZIP": "33602", "DOR_C": "0100", "ACT": 1925, "EFF": 1975, "HEAT_AR": 1222, "ACREAGE": 0.22, "JUST": 361338, "BLDG": 126897, "S_DATE": 1765756800000, "AMT": 420000, "VI": "I", "STORIES": 1, "Shape__Area": 9540.067159690363}, "geometry": {"type": "Polygon", "coordinates": [[[-82.47434387506148, 27.968197928426765], [-82.47450356180805, 27.968340749832166], [-82.4747547963024, 27.968055197663784], [-82.47465639563093, 27.967957548185154], [-82.4746080661598, 27.967908549859352], [-82.47434387506148, 27.968197928426765]]]}}, {"type": "Feature", "properties": {"OBJECTID": 493935, "FOLIO": "181973.0000", "PIN": "A-11-29-18-4QE-000023-00013.0", "TYPE": null, "SITE_ADDR": "816 W Warren Ave", "SITE_CITY": "Tampa", "SITE_ZIP": "33602", "DOR_C": "0000", "ACT": 0, "EFF": 0, "HEAT_AR": 0, "ACREAGE": 0.14, "JUST": 148320, "BLDG": 0, "S_DATE": 1737417600000, "AMT": 430000, "VI": "V", "STORIES": 0, "Shape__Area": 5896.545823853513}, "geometry": {"type": "Polygon", "coordinates": [[[-82.47112465772824, 27.968343903860617], [-82.47094110014143, 27.96834315875373], [-82.47094258255345, 27.968617865902267], [-82.4711257484052, 27.96861723707323], [-82.47112465772824, 27.968343903860617]]]}}, {"type": "Feature", "properties": {"OBJECTID": 493938, "FOLIO": "181975.0100", "PIN": "A-11-29-18-4QE-000023-00016.0", "TYPE": null, "SITE_ADDR": "2723 N Poplar Ave", "SITE_CITY": "Tampa", "SITE_ZIP": "33602", "DOR_C": "0100", "ACT": 2019, "EFF": 2022, "HEAT_AR": 1615, "ACREAGE": 0.14, "JUST": 478038, "BLDG": 329718, "S_DATE": 1524614400000, "AMT": 135000, "VI": "V", "STORIES": 1, "Shape__Area": 6013.818528384024}, "geometry": {"type": "Polygon", "coordinates": [[[-82.47118711980013, 27.96848156091686], [-82.47155699512169, 27.968482386519533], [-82.47155623972468, 27.968342765700424], [-82.4711865213611, 27.96834403584992], [-82.47118711980013, 27.96848156091686]]]}}, {"type": "Feature", "properties": {"OBJECTID": 493953, "FOLIO": "181987.0000", "PIN": "A-11-29-18-4QE-000024-00010.0", "TYPE": null, "SITE_ADDR": "2712 N Myrtle Ave", "SITE_CITY": "Tampa", "SITE_ZIP": "33602", "DOR_C": "0100", "ACT": 1938, "EFF": 1982, "HEAT_AR": 1772, "ACREAGE": 0.3, "JUST": 537550, "BLDG": 235487, "S_DATE": 1041292800000, "AMT": 150500, "VI": "I", "STORIES": 3, "Shape__Area": 12962.481676215693}, "geometry": {"type": "Polygon", "coordinates": [[[-82.46979647408799, 27.968204397069936], [-82.4701984351297, 27.96820405193884], [-82.47019656386057, 27.967929002260206], [-82.46979537933532, 27.967929344725746], [-82.46979647408799, 27.968204397069936]]]}}, {"type": "Feature", "properties": {"OBJECTID": 494023, "FOLIO": "182051.0000", "PIN": "A-11-29-18-4QH-000000-00016.0", "TYPE": null, "SITE_ADDR": "710 W Harlan St", "SITE_CITY": "Tampa", "SITE_ZIP": "33602", "DOR_C": "0100", "ACT": 1965, "EFF": 1995, "HEAT_AR": 1328, "ACREAGE": 0.17, "JUST": 333849, "BLDG": 157382, "S_DATE": 486432000000, "AMT": 32100, "VI": "I", "STORIES": 1, "Shape__Area": 7432.152650046912}, "geometry": {"type": "Polygon", "coordinates": [[[-82.46884830359383, 27.96992972431026], [-82.46901162599973, 27.969929509708777], [-82.46901286170598, 27.969543740136857], [-82.4688477016895, 27.9695443039117], [-82.46884830359383, 27.96992972431026]]]}}, {"type": "Feature", "properties": {"OBJECTID": 494200, "FOLIO": "182205.0000", "PIN": "A-12-29-18-4QN-000003-00001.0", "TYPE": null, "SITE_ADDR": "3110 N Tampa St", "SITE_CITY": "Tampa", "SITE_ZIP": "33603", "DOR_C": "0000", "ACT": 0, "EFF": 0, "HEAT_AR": 0, "ACREAGE": 0.12, "JUST": 109749, "BLDG": 0, "S_DATE": 1694736000000, "AMT": 287000, "VI": "I", "STORIES": 0, "Shape__Area": 5431.992024799775}, "geometry": {"type": "Polygon", "coordinates": [[[-82.46131107938193, 27.973268100168266], [-82.4613114053625, 27.973134699564085], [-82.46096441916167, 27.97313379333063], [-82.46096409275042, 27.973267193036712], [-82.46131107938193, 27.973268100168266]]]}}, {"type": "Feature", "properties": {"OBJECTID": 494208, "FOLIO": "182213.0000", "PIN": "A-12-29-18-4QN-000004-00003.0", "TYPE": null, "SITE_ADDR": "3112 N Florida Ave", "SITE_CITY": "Tampa", "SITE_ZIP": "33603", "DOR_C": "2502", "ACT": 1913, "EFF": 1970, "HEAT_AR": 9420, "ACREAGE": 0.3, "JUST": 527051, "BLDG": 526951, "S_DATE": 244512000000, "AMT": 100000, "VI": "I", "STORIES": 2, "Shape__Area": 13200.006853674806}, "geometry": {"type": "Polygon", "coordinates": [[[-82.45950590905966, 27.973116812276473], [-82.45987767947356, 27.97311778824693], [-82.45987842220154, 27.972815230546026], [-82.45950665180852, 27.97281425456858], [-82.45950590905966, 27.973116812276473]]]}}, {"type": "Feature", "properties": {"OBJECTID": 494313, "FOLIO": "182326.0000", "PIN": "A-12-29-18-4QQ-000006-00003.0", "TYPE": null, "SITE_ADDR": "204 W Floribraska Ave", "SITE_CITY": "Tampa", "SITE_ZIP": "33603", "DOR_C": "0100", "ACT": 1920, "EFF": 2009, "HEAT_AR": 1192, "ACREAGE": 0.12, "JUST": 352786, "BLDG": 229852, "S_DATE": 1587340800000, "AMT": 295000, "VI": "I", "STORIES": 1, "Shape__Area": 5426.424208279181}, "geometry": {"type": "Polygon", "coordinates": [[[-82.4627131887253, 27.970549886575796], [-82.46271245968555, 27.970710159612885], [-82.46271161181696, 27.97085258609924], [-82.46286431073858, 27.9708518234309], [-82.4628659723519, 27.970548827634165], [-82.46279026863371, 27.970549352104563], [-82.46275711503743, 27.970549582730577], [-82.4627131887253, 27.970549886575796]]]}}, {"type": "Feature", "properties": {"OBJECTID": 494364, "FOLIO": "182401.0000", "PIN": "A-12-29-18-4QU-000003-00005.0", "TYPE": null, "SITE_ADDR": "3109 N Woodrow Ave", "SITE_CITY": "Tampa", "SITE_ZIP": "33603", "DOR_C": "0100", "ACT": 2007, "EFF": 2016, "HEAT_AR": 1621, "ACREAGE": 0.11, "JUST": 354397, "BLDG": 242197, "S_DATE": 1524787200000, "AMT": 285000, "VI": "I", "STORIES": 1, "Shape__Area": 4999.9992783217185}, "geometry": {"type": "Polygon", "coordinates": [[[-82.46683199682839, 27.97263759620351], [-82.46683232571044, 27.97250006981048], [-82.46652251932437, 27.97249927251121], [-82.46652219004943, 27.97263679890825], [-82.46683199682839, 27.97263759620351]]]}}, {"type": "Feature", "properties": {"OBJECTID": 494412, "FOLIO": "182448.0000", "PIN": "A-12-29-18-4QX-000002-00016.0", "TYPE": null, "SITE_ADDR": "318 W Alfred St", "SITE_CITY": "Tampa", "SITE_ZIP": "33603", "DOR_C": "0100", "ACT": 1925, "EFF": 2010, "HEAT_AR": 2220, "ACREAGE": 0.18, "JUST": 455646, "BLDG": 288191, "S_DATE": 1187308800000, "AMT": 230000, "VI": "I", "STORIES": 2, "Shape__Area": 7846.981621080018}, "geometry": {"type": "Polygon", "coordinates": [[[-82.46531990639393, 27.971367886386872], [-82.46532078540721, 27.971002066673183], [-82.46513800201006, 27.971001594601432], [-82.46513712237629, 27.971367413419], [-82.46531990639393, 27.971367886386872]]]}}, {"type": "Feature", "properties": {"OBJECTID": 494543, "FOLIO": "182600.0000", "PIN": "A-12-29-18-4R4-000002-00005.0", "TYPE": null, "SITE_ADDR": "2923 N Tampa St", "SITE_CITY": "Tampa", "SITE_ZIP": "33602", "DOR_C": "7100", "ACT": 1960, "EFF": 1988, "HEAT_AR": 12290, "ACREAGE": 2.2, "JUST": 3048079, "BLDG": 1102289, "S_DATE": null, "AMT": 0, "VI": null, "STORIES": 1, "Shape__Area": 95898.0047730773}, "geometry": {"type": "MultiPolygon", "coordinates": [[[[-82.45951306652437, 27.970557592609392], [-82.46077705728116, 27.970560906014015], [-82.46077803300803, 27.9701620802061], [-82.45951404588328, 27.970158766758253], [-82.45951306652437, 27.970557592609392]]], [[[-82.45951242334363, 27.97081889282666], [-82.46077703716995, 27.970822207734003], [-82.46077764323854, 27.970574660380173], [-82.4595130322989, 27.970571345443886], [-82.45951242334363, 27.97081889282666]]]]}}, {"type": "Feature", "properties": {"OBJECTID": 494589, "FOLIO": "182655.0000", "PIN": "A-12-29-18-4R5-000006-00004.0", "TYPE": null, "SITE_ADDR": "107 E Warren Ave 2", "SITE_CITY": "Tampa", "SITE_ZIP": "33602-", "DOR_C": "0000", "ACT": 0, "EFF": 0, "HEAT_AR": 0, "ACREAGE": 0.09, "JUST": 87497, "BLDG": 0, "S_DATE": 691545600000, "AMT": 36000, "VI": "I", "STORIES": 0, "Shape__Area": 3751.9814344492047}, "geometry": {"type": "Polygon", "coordinates": [[[-82.46016836740094, 27.969088808422278], [-82.46016830188185, 27.968720237475917], [-82.46008155838241, 27.96872031818548], [-82.46008162462313, 27.96908888913198], [-82.46016836740094, 27.969088808422278]]]}}, {"type": "Feature", "properties": {"OBJECTID": 494756, "FOLIO": "182838.0000", "PIN": "A-12-29-18-4RB-000009-00004.0", "TYPE": null, "SITE_ADDR": "2908 N Mitchell Ave", "SITE_CITY": "Tampa", "SITE_ZIP": "33602", "DOR_C": "0100", "ACT": 1930, "EFF": 1954, "HEAT_AR": 2206, "ACREAGE": 0.32, "JUST": 226407, "BLDG": 69821, "S_DATE": 917827200000, "AMT": 20000, "VI": "V", "STORIES": 2, "Shape__Area": 14054.268747526072}, "geometry": {"type": "Polygon", "coordinates": [[[-82.452221104475, 27.970727749486407], [-82.4525909143036, 27.970726778091517], [-82.45259141834431, 27.97040231944785], [-82.45222244717249, 27.97040378350151], [-82.452221104475, 27.970727749486407]]]}}, {"type": "Feature", "properties": {"OBJECTID": 495040, "FOLIO": "183160.0000", "PIN": "A-12-29-18-4RP-000003-00013.0", "TYPE": null, "SITE_ADDR": "2808 N Morgan St", "SITE_CITY": "Tampa", "SITE_ZIP": "33602", "DOR_C": "0100", "ACT": 1900, "EFF": 1988, "HEAT_AR": 1441, "ACREAGE": 0.19, "JUST": 369953, "BLDG": 236016, "S_DATE": 1443139200000, "AMT": 210000, "VI": "I", "STORIES": 1, "Shape__Area": 8400.32793777927}, "geometry": {"type": "Polygon", "coordinates": [[[-82.4583008124538, 27.96920772807031], [-82.45881763905152, 27.969212024746167], [-82.45881795159266, 27.969073505620468], [-82.4583018375621, 27.969069068498015], [-82.4583008124538, 27.96920772807031]]]}}, {"type": "Feature", "properties": {"OBJECTID": 495085, "FOLIO": "183207.0000", "PIN": "A-12-29-18-4RP-000005-00008.1", "TYPE": null, "SITE_ADDR": "2710 N Jefferson St", "SITE_CITY": "Tampa", "SITE_ZIP": "33602", "DOR_C": "0100", "ACT": 2017, "EFF": 2021, "HEAT_AR": 1946, "ACREAGE": 0.19, "JUST": 477664, "BLDG": 347831, "S_DATE": 1682985600000, "AMT": 720000, "VI": "I", "STORIES": 1, "Shape__Area": 8340.85342781186}, "geometry": {"type": "Polygon", "coordinates": [[[-82.45704608408226, 27.967618814155923], [-82.457565844588, 27.967622638406528], [-82.4575665666901, 27.967485410127487], [-82.45704656325297, 27.96748263257407], [-82.45704608408226, 27.967618814155923]]]}}, {"type": "Feature", "properties": {"OBJECTID": 495189, "FOLIO": "183331.0000", "PIN": "A-12-29-18-4RX-000000-00010.0", "TYPE": null, "SITE_ADDR": "3107 N Jefferson St", "SITE_CITY": "Tampa", "SITE_ZIP": "33603", "DOR_C": "0100", "ACT": 1954, "EFF": 1990, "HEAT_AR": 1168, "ACREAGE": 0.24, "JUST": 286640, "BLDG": 122412, "S_DATE": 586396800000, "AMT": 39000, "VI": "I", "STORIES": 1, "Shape__Area": 10417.613517184414}, "geometry": {"type": "Polygon", "coordinates": [[[-82.45687042902951, 27.972742349370954], [-82.45652586887009, 27.972744980270893], [-82.45652690806621, 27.972874008730383], [-82.45652791075469, 27.973001848835437], [-82.45687074861642, 27.97300205540317], [-82.45687042902951, 27.972742349370954]]]}}, {"type": "Feature", "properties": {"OBJECTID": 495425, "FOLIO": "183365.0000", "PIN": "A-14-29-18-4S0-A00000-00013.0", "TYPE": null, "SITE_ADDR": "707 W Amelia Ave", "SITE_CITY": "Tampa", "SITE_ZIP": "33602", "DOR_C": "0100", "ACT": 1948, "EFF": 1986, "HEAT_AR": 1305, "ACREAGE": 0.22, "JUST": 393772, "BLDG": 172864, "S_DATE": null, "AMT": 0, "VI": null, "STORIES": 1, "Shape__Area": 9504.470389479531}, "geometry": {"type": "Polygon", "coordinates": [[[-82.46866468006878, 27.966084725227383], [-82.46842817920071, 27.966085876130023], [-82.46839156318306, 27.966462487769125], [-82.468584894653, 27.966462167959495], [-82.46866468006878, 27.966084725227383]]]}}, {"type": "Feature", "properties": {"OBJECTID": 495442, "FOLIO": "183381.0000", "PIN": "A-14-29-18-4S0-B00000-00016.0", "TYPE": null, "SITE_ADDR": "711 W Frances Ave", "SITE_CITY": "Tampa", "SITE_ZIP": "33602", "DOR_C": "0100", "ACT": 1928, "EFF": 1996, "HEAT_AR": 1140, "ACREAGE": 0.16, "JUST": 371295, "BLDG": 196263, "S_DATE": 780969600000, "AMT": 43000, "VI": "I", "STORIES": 1, "Shape__Area": 7175.148336261429}, "geometry": {"type": "Polygon", "coordinates": [[[-82.46836650494873, 27.965165336024732], [-82.46834517076974, 27.965560458249225], [-82.46839967292082, 27.965560272741882], [-82.46848835054386, 27.965560313782], [-82.46853262439289, 27.965164425800722], [-82.46836650494873, 27.965165336024732]]]}}, {"type": "Feature", "properties": {"OBJECTID": 495453, "FOLIO": "183390.0000", "PIN": "A-14-29-18-4S0-C00000-00008.0", "TYPE": null, "SITE_ADDR": "712 W Frances Ave", "SITE_CITY": "Tampa", "SITE_ZIP": "33602", "DOR_C": "0100", "ACT": 1925, "EFF": 1995, "HEAT_AR": 1046, "ACREAGE": 0.15, "JUST": 336910, "BLDG": 168488, "S_DATE": 1243382400000, "AMT": 118200, "VI": "I", "STORIES": 2, "Shape__Area": 6529.8068038151305}, "geometry": {"type": "Polygon", "coordinates": [[[-82.46848822221988, 27.964612750824053], [-82.46853039289377, 27.965006390808515], [-82.46869496566774, 27.9650058285723], [-82.46860628056024, 27.96461242916585], [-82.46855795410572, 27.964612567553246], [-82.46848822221988, 27.964612750824053]]]}}, {"type": "Feature", "properties": {"OBJECTID": 495462, "FOLIO": "183398.0000", "PIN": "A-14-29-18-4S0-C00000-00017.0", "TYPE": null, "SITE_ADDR": "703 W Park Ave", "SITE_CITY": "Tampa", "SITE_ZIP": "33602", "DOR_C": "0100", "ACT": 2025, "EFF": 2025, "HEAT_AR": 2915, "ACREAGE": 0.16, "JUST": 1043071, "BLDG": 850795, "S_DATE": 1765324800000, "AMT": 1500000, "VI": "I", "STORIES": 3, "Shape__Area": 6992.643031821379}, "geometry": {"type": "Polygon", "coordinates": [[[-82.46820762097674, 27.96461354339304], [-82.4683376366637, 27.964613182183587], [-82.46838131637963, 27.964613060591965], [-82.46834127392233, 27.96422159982892], [-82.46821048525123, 27.964222431115946], [-82.46820762097674, 27.96461354339304]]]}}, {"type": "Feature", "properties": {"OBJECTID": 495475, "FOLIO": "183411.0000", "PIN": "A-14-29-18-4S0-D00000-00013.0", "TYPE": null, "SITE_ADDR": "709 W Ross Ave", "SITE_CITY": "Tampa", "SITE_ZIP": "33602", "DOR_C": "0000", "ACT": 0, "EFF": 0, "HEAT_AR": 0, "ACREAGE": 0.17, "JUST": 184176, "BLDG": 0, "S_DATE": 1605830400000, "AMT": 250000, "VI": "I", "STORIES": 0, "Shape__Area": 7440.101818351668}, "geometry": {"type": "Polygon", "coordinates": [[[-82.46837345212887, 27.963344509607634], [-82.4683588409806, 27.963727052923794], [-82.46843721946858, 27.963727581169163], [-82.4685215122921, 27.963728147890663], [-82.4685416640217, 27.963344429711388], [-82.46837345212887, 27.963344509607634]]]}}, {"type": "Feature", "properties": {"OBJECTID": 495488, "FOLIO": "183422.0000", "PIN": "A-14-29-18-4S0-F00000-00004.0", "TYPE": null, "SITE_ADDR": "2304 N Glenwood Dr", "SITE_CITY": "Tampa", "SITE_ZIP": "33602", "DOR_C": "0100", "ACT": 2022, "EFF": 2024, "HEAT_AR": 3318, "ACREAGE": 0.18, "JUST": 1141661, "BLDG": 916880, "S_DATE": 1615161600000, "AMT": 275000, "VI": "V", "STORIES": 2, "Shape__Area": 7829.97328502905}, "geometry": {"type": "Polygon", "coordinates": [[[-82.46945259794435, 27.96437778237288], [-82.46950031912748, 27.96454404915348], [-82.46990237576289, 27.964547080593693], [-82.46985579490999, 27.964381184564463], [-82.46945259794435, 27.96437778237288]]]}}, {"type": "Feature", "properties": {"OBJECTID": 495501, "FOLIO": "183436.0005", "PIN": "A-14-29-18-4S0-G00000-00003.0", "TYPE": null, "SITE_ADDR": "2406 N Glenwood Dr", "SITE_CITY": null, "SITE_ZIP": null, "DOR_C": "0100", "ACT": 2023, "EFF": 2024, "HEAT_AR": 3624, "ACREAGE": 0.17, "JUST": 1414343, "BLDG": 1196345, "S_DATE": 1714694400000, "AMT": 1801500, "VI": "I", "STORIES": 2, "Shape__Area": 7299.381089607925}, "geometry": {"type": "Polygon", "coordinates": [[[-82.46959336046592, 27.965477458361566], [-82.46955835410455, 27.965631609174014], [-82.4699632660633, 27.965633317651676], [-82.46999793834365, 27.965480543154204], [-82.46959336046592, 27.965477458361566]]]}}, {"type": "Feature", "properties": {"OBJECTID": 495504, "FOLIO": "183439.0000", "PIN": "A-14-29-18-4S0-G00000-00006.0", "TYPE": null, "SITE_ADDR": "808 W Amelia Ave", "SITE_CITY": "Tampa", "SITE_ZIP": "33602", "DOR_C": "0100", "ACT": 1925, "EFF": 1995, "HEAT_AR": 1550, "ACREAGE": 0.29, "JUST": 559253, "BLDG": 253881, "S_DATE": 1406246400000, "AMT": 160000, "VI": "I", "STORIES": 2, "Shape__Area": 12715.185128424362}, "geometry": {"type": "Polygon", "coordinates": [[[-82.46994391102, 27.96594763697315], [-82.47027267259301, 27.965946854028072], [-82.47027558869212, 27.96557036070231], [-82.47002584051705, 27.965574311059306], [-82.46994391102, 27.96594763697315]]]}}, {"type": "Feature", "properties": {"OBJECTID": 495580, "FOLIO": "183521.0000", "PIN": "A-14-29-18-4S0-M00000-00001.0", "TYPE": null, "SITE_ADDR": "2314 N Ridgewood Ave", "SITE_CITY": "Tampa", "SITE_ZIP": "33602", "DOR_C": "0100", "ACT": 1937, "EFF": 1999, "HEAT_AR": 1927, "ACREAGE": 0.25, "JUST": 597525, "BLDG": 332219, "S_DATE": 760060800000, "AMT": 67500, "VI": "I", "STORIES": 2, "Shape__Area": 11080.555115512108}, "geometry": {"type": "Polygon", "coordinates": [[[-82.47117806665855, 27.964706339831572], [-82.47136130744367, 27.964902719988718], [-82.47164354990647, 27.964696709278822], [-82.47145559271141, 27.96449510626266], [-82.47117806665855, 27.964706339831572]]]}}, {"type": "Feature", "properties": {"OBJECTID": 495716, "FOLIO": "183819.0000", "PIN": "A-23-29-18-4S3-000008-00001.0", "TYPE": null, "SITE_ADDR": "1307 W Kennedy Blvd", "SITE_CITY": null, "SITE_ZIP": null, "DOR_C": "7310", "ACT": 0, "EFF": 0, "HEAT_AR": 0, "ACREAGE": 9.64, "JUST": 21500192, "BLDG": 0, "S_DATE": null, "AMT": 0, "VI": null, "STORIES": 0, "Shape__Area": 419853.856284988}, "geometry": {"type": "Polygon", "coordinates": [[[-82.4727665343683, 27.946681762218596], [-82.4746249275212, 27.94667535788233], [-82.47462520511965, 27.946606594975087], [-82.47459423815545, 27.946607181815395], [-82.47459411791739, 27.946579676727627], [-82.47462531161835, 27.946580050173957], [-82.47463258585704, 27.944771911685603], [-82.47275623920088, 27.944753401436248], [-82.4727665343683, 27.946681762218596]]]}}, {"type": "Feature", "properties": {"OBJECTID": 495879, "FOLIO": "184052.0000", "PIN": "A-23-29-18-4S5-000006-00011.2", "TYPE": null, "SITE_ADDR": "207 N Albany Ave", "SITE_CITY": "Tampa", "SITE_ZIP": "33606", "DOR_C": "0800", "ACT": 1922, "EFF": 1994, "HEAT_AR": 1232, "ACREAGE": 0.12, "JUST": 243966, "BLDG": 103834, "S_DATE": 1413158400000, "AMT": 142500, "VI": "I", "STORIES": 2, "Shape__Area": 5279.87826557825}, "geometry": {"type": "Polygon", "coordinates": [[[-82.48050177524044, 27.946385639760727], [-82.48050152162087, 27.946524186915376], [-82.48082551915503, 27.946527564146393], [-82.48082555299011, 27.946388357197655], [-82.48050177524044, 27.946385639760727]]]}}, {"type": "Feature", "properties": {"OBJECTID": 496134, "FOLIO": "184387.0000", "PIN": "A-23-29-18-4SB-000004-00012.0", "TYPE": null, "SITE_ADDR": "2008 W Azeele St", "SITE_CITY": "Tampa", "SITE_ZIP": "33606", "DOR_C": "0800", "ACT": 1953, "EFF": 1989, "HEAT_AR": 2186, "ACREAGE": 0.19, "JUST": 637107, "BLDG": 227385, "S_DATE": 959817600000, "AMT": 187500, "VI": "I", "STORIES": 2, "Shape__Area": 8153.516601178971}, "geometry": {"type": "Polygon", "coordinates": [[[-82.48045742366467, 27.94079655222824], [-82.48045363049602, 27.940974562582323], [-82.48084458557156, 27.940979146507907], [-82.48084722789821, 27.940801381111925], [-82.48045742366467, 27.94079655222824]]]}}, {"type": "Feature", "properties": {"OBJECTID": 496174, "FOLIO": "184445.0000", "PIN": "A-23-29-18-4SB-000014-00011.0", "TYPE": null, "SITE_ADDR": "504 S Melville Ave", "SITE_CITY": "Tampa", "SITE_ZIP": "33606", "DOR_C": "0340", "ACT": 1926, "EFF": 1995, "HEAT_AR": 6890, "ACREAGE": 0.19, "JUST": 1087200, "BLDG": 1087100, "S_DATE": 589075200000, "AMT": 167000, "VI": "I", "STORIES": 4, "Shape__Area": 8138.704684413975}, "geometry": {"type": "Polygon", "coordinates": [[[-82.47943969703205, 27.939570448873084], [-82.47983218018311, 27.93957314887041], [-82.47983226719269, 27.939396671968332], [-82.47943968986276, 27.939393669985336], [-82.47943969703205, 27.939570448873084]]]}}, {"type": "Feature", "properties": {"OBJECTID": 496231, "FOLIO": "184495.0479", "PIN": "A-23-29-18-4SD-000000-C0000.0", "TYPE": null, "SITE_ADDR": "607 S Albany Ave", "SITE_CITY": "Tampa", "SITE_ZIP": "33606", "DOR_C": "0902", "ACT": 0, "EFF": 0, "HEAT_AR": 0, "ACREAGE": 0.37, "JUST": 100, "BLDG": 0, "S_DATE": null, "AMT": 0, "VI": null, "STORIES": 0, "Shape__Area": 16185.461930874235}, "geometry": {"type": "Polygon", "coordinates": [[[-82.48104624562505, 27.93798938845436], [-82.4814357829719, 27.937992671766885], [-82.48143476888933, 27.937638292655674], [-82.48104581637969, 27.937633934317482], [-82.48104624562505, 27.93798938845436]], [[-82.4811197569092, 27.937923694109163], [-82.48111973863219, 27.93791956834474], [-82.48112438422524, 27.937919552112806], [-82.48112440250245, 27.93792367787721], [-82.4811197569092, 27.937923694109163]], [[-82.4811348120115, 27.93791942272853], [-82.48113945760453, 27.937919406496093], [-82.4811394758823, 27.937923532260495], [-82.4811348302891, 27.937923548492957], [-82.4811348120115, 27.93791942272853]], [[-82.48115082954598, 27.93792298904235], [-82.48115081126781, 27.93791886327791], [-82.4811554568608, 27.93791884704491], [-82.48115547513916, 27.937922972809336], [-82.48115082954598, 27.93792298904235]], [[-82.48123826456076, 27.937914637587255], [-82.48123824627925, 27.937910511822867], [-82.48124289187183, 27.937910495586927], [-82.48124291015351, 27.93791462135131], [-82.48123826456076, 27.937914637587255]], [[-82.48125600418352, 27.937910356811276], [-82.4812606497761, 27.93791034057474], [-82.48126066805845, 27.937914466339084], [-82.48125602246571, 27.93791448257562], [-82.48125600418352, 27.937910356811276]], [[-82.48128035615602, 27.937913299291058], [-82.48127571056337, 27.937913315528263], [-82.48127569228045, 27.937909189763932], [-82.48128033787293, 27.937909173526723], [-82.48128035615602, 27.937913299291058]], [[-82.4811344879244, 27.93782883521809], [-82.4811345062019, 27.937832960982554], [-82.48112985959646, 27.937832977218346], [-82.48112984131913, 27.93782885145389], [-82.4811344879244, 27.93782883521809]], [[-82.48112956720216, 27.937819270599466], [-82.48112954892486, 27.937815144834982], [-82.48113419451343, 27.93781512860276], [-82.4811342127909, 27.937819254367227], [-82.48112956720216, 27.937819270599466]], [[-82.48125710159178, 27.93770971426998], [-82.48125711987785, 27.937713840936855], [-82.48125247429371, 27.937713857173172], [-82.4812524560078, 27.937709730506306], [-82.48125710159178, 27.93770971426998]], [[-82.48127140078195, 27.937709365594937], [-82.48127141906856, 27.93771349226179], [-82.48126677246832, 27.937713508502146], [-82.48126675418187, 27.937709381835273], [-82.48127140078195, 27.937709365594937]], [[-82.48128752569849, 27.937708507893486], [-82.48128754398174, 27.93771263365794], [-82.48128289941373, 27.937712649891733], [-82.48128288113068, 27.937708524127263], [-82.48128752569849, 27.937708507893486]], [[-82.48110935296098, 27.937695927341643], [-82.48111399854447, 27.93769591111018], [-82.4811140168211, 27.93770003687476], [-82.48110937123741, 27.93770005310624], [-82.48110935296098, 27.937695927341643]], [[-82.48112432175621, 27.93769557634234], [-82.48112896733969, 27.937695560110356], [-82.48112898561686, 27.937699685874914], [-82.48112434003323, 27.93769970210689], [-82.48112432175621, 27.93769557634234]], [[-82.48114097046248, 27.937695518169907], [-82.48114561604592, 27.937695501937377], [-82.48114563432374, 27.937699627701903], [-82.48114098874011, 27.937699643934458], [-82.48114097046248, 27.937695518169907]]]}}, {"type": "Feature", "properties": {"OBJECTID": 496301, "FOLIO": "184520.0000", "PIN": "A-23-29-18-4SJ-000002-00001.0", "TYPE": null, "SITE_ADDR": "202 S Rome Ave", "SITE_CITY": "Tampa", "SITE_ZIP": "33606", "DOR_C": "1720", "ACT": 1973, "EFF": 1983, "HEAT_AR": 26288, "ACREAGE": 1.54, "JUST": 4816032, "BLDG": 4815932, "S_DATE": 1523577600000, "AMT": 4600000, "VI": "I", "STORIES": 1, "Shape__Area": 66957.46667640295}, "geometry": {"type": "MultiPolygon", "coordinates": [[[[-82.4763046798226, 27.943173433603615], [-82.4766976802756, 27.94317803930453], [-82.4767044562004, 27.94209044081155], [-82.47631443544029, 27.94208640413454], [-82.4763046798226, 27.943173433603615]]], [[[-82.47586243051468, 27.943168228152295], [-82.47625883844874, 27.943172905448513], [-82.47626200833851, 27.942808361611736], [-82.47586513668573, 27.94280330058542], [-82.47586243051468, 27.943168228152295]]]]}}, {"type": "Feature", "properties": {"OBJECTID": 496411, "FOLIO": "184706.0000", "PIN": "A-23-29-18-4SK-000002-00011.0", "TYPE": null, "SITE_ADDR": "406 S Oregon Ave", "SITE_CITY": "Tampa", "SITE_ZIP": "33606", "DOR_C": "0100", "ACT": 1925, "EFF": 2010, "HEAT_AR": 1836, "ACREAGE": 0.08, "JUST": 819645, "BLDG": 646884, "S_DATE": 1685491200000, "AMT": 965000, "VI": "I", "STORIES": 2, "Shape__Area": 3275.291326885146}, "geometry": {"type": "Polygon", "coordinates": [[[-82.47426258679528, 27.940661667636615], [-82.47426233514194, 27.940731780523446], [-82.47442001840082, 27.940733133267546], [-82.47465937897199, 27.940735195134035], [-82.4746598760838, 27.94066480616686], [-82.47426258679528, 27.940661667636615]]]}}, {"type": "Feature", "properties": {"OBJECTID": 498039, "FOLIO": "185323.0000", "PIN": "A-26-29-18-4TC-000004-00012.0", "TYPE": null, "SITE_ADDR": "706 S Edison Ave", "SITE_CITY": "Tampa", "SITE_ZIP": "33606", "DOR_C": "0100", "ACT": 1921, "EFF": 1994, "HEAT_AR": 2102, "ACREAGE": 0.17, "JUST": 1043674, "BLDG": 534339, "S_DATE": 956707200000, "AMT": 398500, "VI": "I", "STORIES": 2, "Shape__Area": 7561.4388270712625}, "geometry": {"type": "Polygon", "coordinates": [[[-82.46918191667572, 27.936845673645024], [-82.46957458207267, 27.93684977853232], [-82.46957591613968, 27.936685481549237], [-82.46918322221998, 27.936681928132092], [-82.46918191667572, 27.936845673645024]]]}}, {"type": "Feature", "properties": {"OBJECTID": 498063, "FOLIO": "185347.0000", "PIN": "A-26-29-18-4TC-000006-00012.0", "TYPE": null, "SITE_ADDR": "710 S Newport Ave", "SITE_CITY": "Tampa", "SITE_ZIP": "33606", "DOR_C": "0100", "ACT": 1928, "EFF": 1996, "HEAT_AR": 3278, "ACREAGE": 0.18, "JUST": 1333108, "BLDG": 793372, "S_DATE": 975542400000, "AMT": 627600, "VI": "I", "STORIES": 4, "Shape__Area": 7798.457778502898}, "geometry": {"type": "Polygon", "coordinates": [[[-82.47123744931703, 27.936860393720366], [-82.47163770008844, 27.936864053458997], [-82.47163902154193, 27.93669780460763], [-82.47123806280662, 27.936695000070436], [-82.47123744931703, 27.936860393720366]]]}}, {"type": "Feature", "properties": {"OBJECTID": 498074, "FOLIO": "185358.0000", "PIN": "A-26-29-18-4TC-000007-00010.0", "TYPE": null, "SITE_ADDR": "716 S Willow Ave", "SITE_CITY": "Tampa", "SITE_ZIP": "33606", "DOR_C": "0100", "ACT": 1926, "EFF": 1995, "HEAT_AR": 4824, "ACREAGE": 0.17, "JUST": 1869825, "BLDG": 1292727, "S_DATE": 1129507200000, "AMT": 939000, "VI": "I", "STORIES": 5, "Shape__Area": 7474.887233912643}, "geometry": {"type": "Polygon", "coordinates": [[[-82.47227155688434, 27.936538656520348], [-82.47266037035111, 27.936540234558947], [-82.47266002614614, 27.93637591626801], [-82.47227186816737, 27.936375161683024], [-82.47227155688434, 27.936538656520348]]]}}, {"type": "Feature", "properties": {"OBJECTID": 498079, "FOLIO": "185363.0000", "PIN": "A-26-29-18-4TC-000010-00001.0", "TYPE": null, "SITE_ADDR": "801 S Newport Ave", "SITE_CITY": "Tampa", "SITE_ZIP": "33606", "DOR_C": "0100", "ACT": 1908, "EFF": 2007, "HEAT_AR": 3732, "ACREAGE": 0.18, "JUST": 2103308, "BLDG": 1568548, "S_DATE": 1466726400000, "AMT": 1406500, "VI": "I", "STORIES": 2, "Shape__Area": 7714.957384219299}, "geometry": {"type": "Polygon", "coordinates": [[[-82.47182713679325, 27.93589184677524], [-82.47222251230531, 27.93589351368109], [-82.47222308922393, 27.935727294434376], [-82.47182771330094, 27.935725627526242], [-82.47182713679325, 27.93589184677524]]]}}, {"type": "Feature", "properties": {"OBJECTID": 498280, "FOLIO": "185614.0000", "PIN": "A-26-29-18-4TE-000010-00005.0", "TYPE": null, "SITE_ADDR": "911 S Oregon Ave", "SITE_CITY": "Tampa", "SITE_ZIP": "33606", "DOR_C": "0800", "ACT": 1920, "EFF": 1994, "HEAT_AR": 2598, "ACREAGE": 0.18, "JUST": 807416, "BLDG": 226981, "S_DATE": 1376438400000, "AMT": 595000, "VI": "I", "STORIES": 2, "Shape__Area": 7795.975141202557}, "geometry": {"type": "Polygon", "coordinates": [[[-82.47491696940143, 27.9328969379601], [-82.4753174462173, 27.932898935839493], [-82.47531870383686, 27.932733539908792], [-82.47491819353951, 27.93273071643494], [-82.47491696940143, 27.9328969379601]]]}}, {"type": "Feature", "properties": {"OBJECTID": 498320, "FOLIO": "185659.0050", "PIN": "A-26-29-18-4TE-000016-00003.A", "TYPE": null, "SITE_ADDR": "1710 W Morrison Ave", "SITE_CITY": "Tampa", "SITE_ZIP": "33606", "DOR_C": "0106", "ACT": 2006, "EFF": 2016, "HEAT_AR": 3450, "ACREAGE": 0.09, "JUST": 844469, "BLDG": 753386, "S_DATE": 1649203200000, "AMT": 1800000, "VI": "I", "STORIES": 2, "Shape__Area": 3744.770640858668}, "geometry": {"type": "Polygon", "coordinates": [[[-82.47758783093818, 27.93362444670402], [-82.47768073710408, 27.933625040420136], [-82.47768842416494, 27.933281801736527], [-82.47759551880486, 27.933281093413676], [-82.47758783093818, 27.93362444670402]]]}}, {"type": "Feature", "properties": {"OBJECTID": 498334, "FOLIO": "185669.0000", "PIN": "A-26-29-18-4TE-000016-00012.0", "TYPE": null, "SITE_ADDR": "1709 W Jetton Ave", "SITE_CITY": "Tampa", "SITE_ZIP": "33606", "DOR_C": "0100", "ACT": 1919, "EFF": 1993, "HEAT_AR": 3549, "ACREAGE": 0.18, "JUST": 1424982, "BLDG": 923301, "S_DATE": 1393545600000, "AMT": 700000, "VI": "I", "STORIES": 2, "Shape__Area": 7993.093470895665}, "geometry": {"type": "Polygon", "coordinates": [[[-82.47831903571549, 27.933260450128753], [-82.47851789727946, 27.933261517177005], [-82.47851999913703, 27.932916368500887], [-82.47832454356261, 27.932914958434324], [-82.47831903571549, 27.933260450128753]]]}}, {"type": "Feature", "properties": {"OBJECTID": 498408, "FOLIO": "185742.0000", "PIN": "A-26-29-18-4TE-000020-00012.0", "TYPE": null, "SITE_ADDR": "1721 W Hills Ave", "SITE_CITY": "Tampa", "SITE_ZIP": "33606", "DOR_C": "0100", "ACT": 1925, "EFF": 1995, "HEAT_AR": 2272, "ACREAGE": 0.17, "JUST": 888977, "BLDG": 461477, "S_DATE": 1233532800000, "AMT": 329900, "VI": "I", "STORIES": 2, "Shape__Area": 7436.845051030146}, "geometry": {"type": "Polygon", "coordinates": [[[-82.47858362321927, 27.930691457215346], [-82.47879962626743, 27.930978028486418], [-82.47895095234695, 27.93088953867065], [-82.47873939925954, 27.930600640183847], [-82.47858362321927, 27.930691457215346]]]}}, {"type": "Feature", "properties": {"OBJECTID": 498478, "FOLIO": "185812.0062", "PIN": "A-26-29-18-4TF-000002-00006.0", "TYPE": null, "SITE_ADDR": "919 S Rome Ave 6", "SITE_CITY": "Tampa", "SITE_ZIP": "33606", "DOR_C": "0400", "ACT": 1992, "EFF": 2008, "HEAT_AR": 1724, "ACREAGE": 0.02, "JUST": 562401, "BLDG": 558119, "S_DATE": 1114646400000, "AMT": 386500, "VI": "I", "STORIES": 2, "Shape__Area": 686.3635876520233}, "geometry": {"type": "Polygon", "coordinates": [[[-82.4774009575527, 27.93216942657921], [-82.47740089827369, 27.932226685802053], [-82.47750338250789, 27.93222632237426], [-82.47750344154923, 27.932169483677228], [-82.4774009575527, 27.93216942657921]]]}}, {"type": "Feature", "properties": {"OBJECTID": 498728, "FOLIO": "185917.0000", "PIN": "A-26-29-18-4TV-000000-00010.0", "TYPE": null, "SITE_ADDR": "2112 W Southview Ave", "SITE_CITY": "Tampa", "SITE_ZIP": "33606", "DOR_C": "0100", "ACT": 1926, "EFF": 1995, "HEAT_AR": 2248, "ACREAGE": 0.13, "JUST": 1021240, "BLDG": 709663, "S_DATE": 1496620800000, "AMT": 730000, "VI": "I", "STORIES": 2, "Shape__Area": 5737.925107303914}, "geometry": {"type": "Polygon", "coordinates": [[[-82.48257721858532, 27.929785994250093], [-82.48256479875336, 27.929767280209514], [-82.48239161111007, 27.9298571482145], [-82.48250253505168, 27.930037004024086], [-82.4827082285484, 27.9300435422488], [-82.48257721858532, 27.929785994250093]]]}}, {"type": "Feature", "properties": {"OBJECTID": 498729, "FOLIO": "185919.0000", "PIN": "A-26-29-18-4TW-000000-00001.0", "TYPE": null, "SITE_ADDR": "1802 W Hills Ave", "SITE_CITY": "Tampa", "SITE_ZIP": "33606", "DOR_C": "0100", "ACT": 1917, "EFF": 1993, "HEAT_AR": 3281, "ACREAGE": 0.23, "JUST": 1301693, "BLDG": 711046, "S_DATE": 1593993600000, "AMT": 1185000, "VI": "I", "STORIES": 3, "Shape__Area": 9934.465923134314}, "geometry": {"type": "Polygon", "coordinates": [[[-82.47857709524257, 27.930102637169664], [-82.47880815210858, 27.930397353672515], [-82.47900284290482, 27.930282333684783], [-82.47877288756685, 27.929984945240673], [-82.47857709524257, 27.930102637169664]]]}}, {"type": "Feature", "properties": {"OBJECTID": 498821, "FOLIO": "186018.0000", "PIN": "A-26-29-18-4U2-000006-00003.0", "TYPE": null, "SITE_ADDR": "905 S Packwood Ave", "SITE_CITY": "Tampa", "SITE_ZIP": "33606", "DOR_C": "0100", "ACT": 1917, "EFF": 1993, "HEAT_AR": 2475, "ACREAGE": 0.14, "JUST": 1493732, "BLDG": 1107661, "S_DATE": 1752537600000, "AMT": 1975000, "VI": "I", "STORIES": 2, "Shape__Area": 6174.058215027273}, "geometry": {"type": "Polygon", "coordinates": [[[-82.47800915801743, 27.934570305423538], [-82.47841997663896, 27.93457025045673], [-82.47842096130537, 27.934442235270563], [-82.47801002034342, 27.93444231773305], [-82.47800915801743, 27.934570305423538]]]}}, {"type": "Feature", "properties": {"OBJECTID": 498827, "FOLIO": "186024.0000", "PIN": "A-26-29-18-4U2-000006-00009.0", "TYPE": null, "SITE_ADDR": "906 S Fremont Ave", "SITE_CITY": "Tampa", "SITE_ZIP": "33606", "DOR_C": "0100", "ACT": 1923, "EFF": 1994, "HEAT_AR": 3849, "ACREAGE": 0.25, "JUST": 1389996, "BLDG": 788832, "S_DATE": 1331251200000, "AMT": 650000, "VI": "I", "STORIES": 4, "Shape__Area": 10730.34842864216}, "geometry": {"type": "Polygon", "coordinates": [[[-82.47846312943294, 27.93461496217647], [-82.47887206656242, 27.93461678219569], [-82.47887334412408, 27.934393761783138], [-82.47846313641892, 27.93439164296397], [-82.47846312943294, 27.93461496217647]]]}}, {"type": "Feature", "properties": {"OBJECTID": 498839, "FOLIO": "186038.0000", "PIN": "A-26-29-18-4U2-000009-00002.0", "TYPE": null, "SITE_ADDR": "903 S Fremont Ave", "SITE_CITY": "Tampa", "SITE_ZIP": "33606", "DOR_C": "0100", "ACT": 1921, "EFF": 1994, "HEAT_AR": 2585, "ACREAGE": 0.16, "JUST": 923415, "BLDG": 509888, "S_DATE": 1574640000000, "AMT": 605000, "VI": "I", "STORIES": 3, "Shape__Area": 7111.942676285848}, "geometry": {"type": "Polygon", "coordinates": [[[-82.47906072719631, 27.934691820388906], [-82.47947186215426, 27.934693356644807], [-82.4794718877726, 27.934544935838126], [-82.47906048480107, 27.93454562856663], [-82.47906072719631, 27.934691820388906]]]}}, {"type": "Feature", "properties": {"OBJECTID": 498840, "FOLIO": "186039.0000", "PIN": "A-26-29-18-4U2-000009-00003.0", "TYPE": null, "SITE_ADDR": "905 S Fremont Ave", "SITE_CITY": "Tampa", "SITE_ZIP": "33606", "DOR_C": "0100", "ACT": 1924, "EFF": 1995, "HEAT_AR": 1901, "ACREAGE": 0.17, "JUST": 847566, "BLDG": 434039, "S_DATE": 1007942400000, "AMT": 285000, "VI": "I", "STORIES": 1, "Shape__Area": 7283.207110268449}, "geometry": {"type": "Polygon", "coordinates": [[[-82.47906048480107, 27.93454562856663], [-82.4794718877726, 27.934544935838126], [-82.47947194380065, 27.934396267661295], [-82.47906021317326, 27.934392807718897], [-82.47906048480107, 27.93454562856663]]]}}, {"type": "Feature", "properties": {"OBJECTID": 498856, "FOLIO": "186055.0000", "PIN": "A-26-29-18-4U2-000012-00005.0", "TYPE": null, "SITE_ADDR": "909 S Bruce St", "SITE_CITY": "Tampa", "SITE_ZIP": "33606", "DOR_C": "0100", "ACT": 1927, "EFF": 1996, "HEAT_AR": 1228, "ACREAGE": 0.15, "JUST": 675849, "BLDG": 336633, "S_DATE": 1712707200000, "AMT": 965000, "VI": "I", "STORIES": 1, "Shape__Area": 6398.231243911221}, "geometry": {"type": "Polygon", "coordinates": [[[-82.48009996062754, 27.934102823210175], [-82.48009987132554, 27.93425066669664], [-82.48046411526065, 27.934252116213205], [-82.48046347566876, 27.934100396704352], [-82.48009996062754, 27.934102823210175]]]}}, {"type": "Feature", "properties": {"OBJECTID": 498902, "FOLIO": "186110.0000", "PIN": "A-26-29-18-4U5-000003-00018.0", "TYPE": null, "SITE_ADDR": "2100 W Swann Ave", "SITE_CITY": "Tampa", "SITE_ZIP": "33606", "DOR_C": "1400", "ACT": 1993, "EFF": 2000, "HEAT_AR": 43524, "ACREAGE": 3.9, "JUST": 11240081, "BLDG": 11239981, "S_DATE": 189302400000, "AMT": 200000, "VI": null, "STORIES": 1, "Shape__Area": 170094.17575922495}, "geometry": {"type": "Polygon", "coordinates": [[[-82.4818807193214, 27.93555564917956], [-82.48183688384638, 27.93555580256902], [-82.4817894067609, 27.93555596868547], [-82.48173570520402, 27.93555615656086], [-82.48166760180985, 27.935556394791085], [-82.48120841461491, 27.93555184392178], [-82.48104959168279, 27.935550253800038], [-82.48104098237788, 27.937283995752562], [-82.48188030522225, 27.93729356942984], [-82.4818807193214, 27.93555564917956]]]}}, {"type": "Feature", "properties": {"OBJECTID": 499056, "FOLIO": "186312.0000", "PIN": "A-26-29-18-4UG-000000-00002.0", "TYPE": null, "SITE_ADDR": "1404 S De Soto Ave", "SITE_CITY": "Tampa", "SITE_ZIP": "33606", "DOR_C": "0100", "ACT": 1917, "EFF": 1993, "HEAT_AR": 3341, "ACREAGE": 0.22, "JUST": 1709005, "BLDG": 1068896, "S_DATE": 1611187200000, "AMT": 1575000, "VI": "I", "STORIES": 3, "Shape__Area": 9468.906647496047}, "geometry": {"type": "Polygon", "coordinates": [[[-82.4823244172873, 27.927899581818988], [-82.48197776606649, 27.928103432261434], [-82.48205154210677, 27.92822406225865], [-82.48208111438177, 27.928272368715216], [-82.48243087895878, 27.928072164590432], [-82.4823244172873, 27.927899581818988]]]}}, {"type": "Feature", "properties": {"OBJECTID": 499971, "FOLIO": "183059.0000", "PIN": null, "TYPE": null, "SITE_ADDR": null, "SITE_CITY": null, "SITE_ZIP": null, "DOR_C": "0100", "ACT": 2018, "EFF": 2022, "HEAT_AR": 2048, "ACREAGE": 0.19, "JUST": 536698, "BLDG": 395876, "S_DATE": 1538611200000, "AMT": 406000, "VI": "I", "STORIES": 2, "Shape__Area": 8272.174036235154}, "geometry": {"type": "Polygon", "coordinates": [[[-82.45809183955137, 27.97260663739695], [-82.45835000447391, 27.972606542835447], [-82.4583495188214, 27.972476965699137], [-82.45834057087258, 27.972441794325913], [-82.45832513761448, 27.972408441252767], [-82.45830365092839, 27.9723778426421], [-82.45827671515731, 27.97235085647426], [-82.45824508363258, 27.972328240065682], [-82.45820964536107, 27.972310626651026], [-82.45817139345144, 27.972298510147844], [-82.45813139964707, 27.972292231705598], [-82.45809078784245, 27.972291966257895], [-82.45809183955137, 27.97260663739695]]]}}, {"type": "Feature", "properties": {"OBJECTID": 500039, "FOLIO": "186499.0000", "PIN": "A-07-29-19-4UP-000003-00002.0", "TYPE": null, "SITE_ADDR": "1017 E 24th Ave", "SITE_CITY": "Tampa", "SITE_ZIP": "33605", "DOR_C": "0100", "ACT": 1952, "EFF": 1988, "HEAT_AR": 1300, "ACREAGE": 0.14, "JUST": 169540, "BLDG": 83000, "S_DATE": 1155600000000, "AMT": 135500, "VI": "I", "STORIES": 1, "Shape__Area": 6017.605757764411}, "geometry": {"type": "Polygon", "coordinates": [[[-82.44730653816767, 27.972664912077835], [-82.4474955281797, 27.972666441645046], [-82.44749853490009, 27.972396491240357], [-82.44730737677064, 27.972395326978862], [-82.44730653816767, 27.972664912077835]]]}}, {"type": "Feature", "properties": {"OBJECTID": 500058, "FOLIO": "186517.0000", "PIN": "A-07-29-19-4UP-000005-00002.0", "TYPE": null, "SITE_ADDR": "915 E 25th Ave", "SITE_CITY": "Tampa", "SITE_ZIP": "33605", "DOR_C": "0100", "ACT": 1915, "EFF": 1992, "HEAT_AR": 1773, "ACREAGE": 0.14, "JUST": 321059, "BLDG": 240212, "S_DATE": 1709856000000, "AMT": 369000, "VI": "I", "STORIES": 2, "Shape__Area": 6151.074106070236}, "geometry": {"type": "Polygon", "coordinates": [[[-82.44938013400808, 27.973433107524578], [-82.44956943386963, 27.973434274060047], [-82.44957075488735, 27.97315492247118], [-82.4493848936396, 27.973153633705586], [-82.44938013400808, 27.973433107524578]]]}}, {"type": "Feature", "properties": {"OBJECTID": 500086, "FOLIO": "186546.0000", "PIN": "A-07-29-19-4UP-000006-00014.0", "TYPE": null, "SITE_ADDR": "906 E 25th Ave", "SITE_CITY": "Tampa", "SITE_ZIP": "33605", "DOR_C": "0100", "ACT": 1920, "EFF": 1972, "HEAT_AR": 1184, "ACREAGE": 0.11, "JUST": 172134, "BLDG": 104920, "S_DATE": 1137974400000, "AMT": 142000, "VI": "I", "STORIES": 1, "Shape__Area": 4909.734112119773}, "geometry": {"type": "Polygon", "coordinates": [[[-82.45035894316571, 27.97385012852449], [-82.45050269852001, 27.97385078499064], [-82.45050868571272, 27.97356190133786], [-82.45036276201466, 27.973561334994294], [-82.45035894316571, 27.97385012852449]]]}}, {"type": "Feature", "properties": {"OBJECTID": 500148, "FOLIO": "186610.0000", "PIN": "A-07-29-19-4UT-000002-00003.0", "TYPE": null, "SITE_ADDR": "1019 E 23rd Ave", "SITE_CITY": "Tampa", "SITE_ZIP": "33605", "DOR_C": "0100", "ACT": 1950, "EFF": 1988, "HEAT_AR": 822, "ACREAGE": 0.13, "JUST": 130276, "BLDG": 57603, "S_DATE": 1190851200000, "AMT": 80000, "VI": "I", "STORIES": 1, "Shape__Area": 5696.934256119113}, "geometry": {"type": "Polygon", "coordinates": [[[-82.44746612979326, 27.971871514876657], [-82.44763448362818, 27.97187250585932], [-82.44763257918159, 27.971583729980004], [-82.44746469041277, 27.971582765453466], [-82.44746612979326, 27.971871514876657]]]}}, {"type": "Feature", "properties": {"OBJECTID": 500541, "FOLIO": "187034.0000", "PIN": "A-07-29-19-4V5-000004-00012.0", "TYPE": null, "SITE_ADDR": "1213 E 18th Ave", "SITE_CITY": "Tampa", "SITE_ZIP": "33605", "DOR_C": "0100", "ACT": 1908, "EFF": 2007, "HEAT_AR": 1301, "ACREAGE": 0.13, "JUST": 326743, "BLDG": 251384, "S_DATE": 1655164800000, "AMT": 406000, "VI": "I", "STORIES": 1, "Shape__Area": 5767.197272585855}, "geometry": {"type": "Polygon", "coordinates": [[[-82.44589062303963, 27.968329377792504], [-82.44604533859997, 27.968329920439192], [-82.44604554908854, 27.96801209160411], [-82.4458909585479, 27.96801168661758], [-82.44589062303963, 27.968329377792504]]]}}, {"type": "Feature", "properties": {"OBJECTID": 500604, "FOLIO": "187107.0000", "PIN": "A-07-29-19-4V7-000004-00004.0", "TYPE": null, "SITE_ADDR": "1905 E 23rd Ave", "SITE_CITY": "Tampa", "SITE_ZIP": "33605", "DOR_C": "0100", "ACT": 2021, "EFF": 2023, "HEAT_AR": 1242, "ACREAGE": 0.08, "JUST": 234436, "BLDG": 185279, "S_DATE": 1764547200000, "AMT": 254000, "VI": "I", "STORIES": 1, "Shape__Area": 3688.843482374667}, "geometry": {"type": "Polygon", "coordinates": [[[-82.43732295533373, 27.97164925370391], [-82.43746187194799, 27.971648975426668], [-82.43746095574241, 27.97142183701216], [-82.43732327721169, 27.97142180904326], [-82.43732295533373, 27.97164925370391]]]}}, {"type": "Feature", "properties": {"OBJECTID": 500795, "FOLIO": "187303.0000", "PIN": "A-07-29-19-4VB-000001-00006.0", "TYPE": null, "SITE_ADDR": "2919 N 18th St", "SITE_CITY": "Tampa", "SITE_ZIP": "33605", "DOR_C": "0100", "ACT": 1920, "EFF": 1972, "HEAT_AR": 792, "ACREAGE": 0.07, "JUST": 96399, "BLDG": 58842, "S_DATE": 1359676800000, "AMT": 20000, "VI": "I", "STORIES": 1, "Shape__Area": 3156.0680522748808}, "geometry": {"type": "Polygon", "coordinates": [[[-82.43885564207304, 27.969724241723643], [-82.4391852099092, 27.969724205393184], [-82.43918466483932, 27.969643312304367], [-82.43885490670328, 27.969641974866466], [-82.43885564207304, 27.969724241723643]]]}}, {"type": "Feature", "properties": {"OBJECTID": 501179, "FOLIO": "187702.0000", "PIN": "A-07-29-19-4VJ-000010-00010.0", "TYPE": null, "SITE_ADDR": "2813 N 20th St", "SITE_CITY": "Tampa", "SITE_ZIP": "33605", "DOR_C": "0100", "ACT": 1925, "EFF": 1975, "HEAT_AR": 1042, "ACREAGE": 0.08, "JUST": 136984, "BLDG": 88330, "S_DATE": 817776000000, "AMT": 15000, "VI": "I", "STORIES": 1, "Shape__Area": 3565.60849776874}, "geometry": {"type": "Polygon", "coordinates": [[[-82.43647749808996, 27.968190704329565], [-82.43647839839483, 27.968306582824155], [-82.43674143985835, 27.968304591289982], [-82.43674076020922, 27.96818956397535], [-82.43647749808996, 27.968190704329565]]]}}, {"type": "Feature", "properties": {"OBJECTID": 501184, "FOLIO": "187705.0000", "PIN": "A-07-29-19-4VJ-000011-00005.0", "TYPE": null, "SITE_ADDR": "2908 N 21st St", "SITE_CITY": "Tampa", "SITE_ZIP": "33605", "DOR_C": "0100", "ACT": 1925, "EFF": 1975, "HEAT_AR": 1240, "ACREAGE": 0.07, "JUST": 143482, "BLDG": 103706, "S_DATE": 446947200000, "AMT": 21000, "VI": "I", "STORIES": 2, "Shape__Area": 3086.8499475967837}, "geometry": {"type": "Polygon", "coordinates": [[[-82.43559391505417, 27.968412486146327], [-82.43559461433, 27.968516757569336], [-82.43584755870982, 27.96851510110906], [-82.43584673831104, 27.96841135347153], [-82.43559391505417, 27.968412486146327]]]}}, {"type": "Feature", "properties": {"OBJECTID": 501316, "FOLIO": "187814.0000", "PIN": "A-08-29-19-4VK-000033-00016.0", "TYPE": null, "SITE_ADDR": "2608 E 25th Ave", "SITE_CITY": "Tampa", "SITE_ZIP": "33605", "DOR_C": "0100", "ACT": 1915, "EFF": 1992, "HEAT_AR": 1310, "ACREAGE": 0.11, "JUST": 230850, "BLDG": 168817, "S_DATE": null, "AMT": 0, "VI": null, "STORIES": 1, "Shape__Area": 4799.795207157745}, "geometry": {"type": "Polygon", "coordinates": [[[-82.42988389014788, 27.973715575138076], [-82.43003731434634, 27.973716854468513], [-82.43003778186333, 27.973451808550244], [-82.4298825296854, 27.973450589073547], [-82.42988389014788, 27.973715575138076]]]}}, {"type": "Feature", "properties": {"OBJECTID": 501470, "FOLIO": "187960.0000", "PIN": "A-08-29-19-4VK-000045-00004.0", "TYPE": null, "SITE_ADDR": "2705 E 22nd Ave", "SITE_CITY": "Tampa", "SITE_ZIP": "33605", "DOR_C": "0100", "ACT": 1999, "EFF": 2012, "HEAT_AR": 896, "ACREAGE": 0.1, "JUST": 162097, "BLDG": 97355, "S_DATE": 1302220800000, "AMT": 12300, "VI": "I", "STORIES": 1, "Shape__Area": 4547.559294040303}, "geometry": {"type": "Polygon", "coordinates": [[[-82.42910612652483, 27.97110785869544], [-82.42925551789631, 27.971108876269497], [-82.42925601461857, 27.9708507065233], [-82.42910541163842, 27.97084933446818], [-82.42910612652483, 27.97110785869544]]]}}, {"type": "Feature", "properties": {"OBJECTID": 501949, "FOLIO": "188531.0000", "PIN": "A-08-29-19-4VU-000011-00002.0", "TYPE": null, "SITE_ADDR": "2917 E 19th Ave", "SITE_CITY": "Tampa", "SITE_ZIP": "33605", "DOR_C": "0100", "ACT": 1971, "EFF": 2017, "HEAT_AR": 1436, "ACREAGE": 0.12, "JUST": 309566, "BLDG": 245191, "S_DATE": 1662681600000, "AMT": 350000, "VI": "I", "STORIES": 1, "Shape__Area": 5112.917400733286}, "geometry": {"type": "Polygon", "coordinates": [[[-82.42671334056558, 27.968928866647435], [-82.42686241578622, 27.968928567596183], [-82.42686154963135, 27.968637972883847], [-82.4267109549114, 27.96863791838561], [-82.42671334056558, 27.968928866647435]]]}}, {"type": "Feature", "properties": {"OBJECTID": 502057, "FOLIO": "188671.1000", "PIN": "A-17-29-19-4VX-000001-00003.0", "TYPE": null, "SITE_ADDR": "2919 E Columbus Dr", "SITE_CITY": "Tampa", "SITE_ZIP": "33605", "DOR_C": "0100", "ACT": 1971, "EFF": 1998, "HEAT_AR": 1213, "ACREAGE": 0.11, "JUST": 170628, "BLDG": 110659, "S_DATE": 1178668800000, "AMT": 120000, "VI": "I", "STORIES": 1, "Shape__Area": 4731.332636897396}, "geometry": {"type": "Polygon", "coordinates": [[[-82.42701964788381, 27.96643765704514], [-82.42686298262392, 27.96643690681649], [-82.426862920171, 27.96669636767127], [-82.42701710622407, 27.966696961351445], [-82.42701964788381, 27.96643765704514]]]}}, {"type": "Feature", "properties": {"OBJECTID": 502338, "FOLIO": "188963.0000", "PIN": "A-17-29-19-4W5-000001-00008.0", "TYPE": null, "SITE_ADDR": "2315 E 12th Ave", "SITE_CITY": "Tampa", "SITE_ZIP": "33605", "DOR_C": "0100", "ACT": 1918, "EFF": 1993, "HEAT_AR": 1036, "ACREAGE": 0.04, "JUST": 165582, "BLDG": 132042, "S_DATE": 1768953600000, "AMT": 237500, "VI": "I", "STORIES": 1, "Shape__Area": 1918.0244128896816}, "geometry": {"type": "Polygon", "coordinates": [[[-82.43302794541113, 27.96360284730443], [-82.43310424645041, 27.963603128783646], [-82.43310384521126, 27.963386274977598], [-82.43302940241689, 27.9633860426968], [-82.43302794541113, 27.96360284730443]]]}}, {"type": "Feature", "properties": {"OBJECTID": 502481, "FOLIO": "189101.0025", "PIN": "A-17-29-19-4WA-000001-00002.1", "TYPE": null, "SITE_ADDR": "2502 E 10th Ave", "SITE_CITY": "Tampa", "SITE_ZIP": "33605", "DOR_C": "0100", "ACT": 1920, "EFF": 1994, "HEAT_AR": 1657, "ACREAGE": 0.09, "JUST": 332503, "BLDG": 272878, "S_DATE": 1673568000000, "AMT": 385000, "VI": "I", "STORIES": 1, "Shape__Area": 4056.330468612766}, "geometry": {"type": "Polygon", "coordinates": [[[-82.43081656141756, 27.962735611198234], [-82.43094300917322, 27.962736064461506], [-82.43094468462382, 27.962460106895147], [-82.43082057944893, 27.962459804219474], [-82.43081656141756, 27.962735611198234]]]}}, {"type": "Feature", "properties": {"OBJECTID": 503453, "FOLIO": "189946.0000", "PIN": "A-18-29-19-4WP-000006-00002.0", "TYPE": null, "SITE_ADDR": "1921 E 5th Ave", "SITE_CITY": "Tampa", "SITE_ZIP": "33605", "DOR_C": "0100", "ACT": 1915, "EFF": 1915, "HEAT_AR": 1219, "ACREAGE": 0.05, "JUST": 112538, "BLDG": 57296, "S_DATE": 859852800000, "AMT": 30000, "VI": "I", "STORIES": 1, "Shape__Area": 2099.162747669579}, "geometry": {"type": "Polygon", "coordinates": [[[-82.43699118064454, 27.958752909504238], [-82.43706032183765, 27.95875304731177], [-82.43706077836947, 27.95849724257778], [-82.4369900873799, 27.95849708261752], [-82.43699118064454, 27.958752909504238]]]}}, {"type": "Feature", "properties": {"OBJECTID": 503482, "FOLIO": "189990.0000", "PIN": "A-18-29-19-4WQ-000009-00006.0", "TYPE": null, "SITE_ADDR": "2112 E 3rd Ave", "SITE_CITY": "Tampa", "SITE_ZIP": "33605", "DOR_C": "4830", "ACT": 0, "EFF": 0, "HEAT_AR": 0, "ACREAGE": 0.42, "JUST": 519635, "BLDG": 519535, "S_DATE": 1329436800000, "AMT": 300000, "VI": "I", "STORIES": 0, "Shape__Area": 18082.068829805627}, "geometry": {"type": "Polygon", "coordinates": [[[-82.43482991698558, 27.95771956251057], [-82.43544022296138, 27.957720020787725], [-82.43544169033191, 27.95746822762657], [-82.43482890697136, 27.95746750374011], [-82.43482991698558, 27.95771956251057]]]}}, {"type": "Feature", "properties": {"OBJECTID": 503584, "FOLIO": "190093.2008", "PIN": "A-18-29-19-786-000000-00004.0", "TYPE": null, "SITE_ADDR": "1911 E 5th Ave 4", "SITE_CITY": "Tampa", "SITE_ZIP": "33605", "DOR_C": "0400", "ACT": 2004, "EFF": 2014, "HEAT_AR": 903, "ACREAGE": 0, "JUST": 268357, "BLDG": 268257, "S_DATE": 1099008000000, "AMT": 163500, "VI": "I", "STORIES": 1, "Shape__Area": 2.249498875993249}, "geometry": {"type": "Polygon", "coordinates": [[[-82.4375320949809, 27.958605512720663], [-82.43753211161658, 27.958609638497958], [-82.43753675710727, 27.95860962372975], [-82.43753674047139, 27.958605497952462], [-82.4375320949809, 27.958605512720663]]]}}, {"type": "Feature", "properties": {"OBJECTID": 503678, "FOLIO": "190130.0000", "PIN": "A-19-29-19-ZZZ-000005-93200.0", "TYPE": null, "SITE_ADDR": "200 N 19th St", "SITE_CITY": "Tampa", "SITE_ZIP": "33605", "DOR_C": "9048", "ACT": 1974, "EFF": 1984, "HEAT_AR": 18458, "ACREAGE": 5.52, "JUST": 3682700, "BLDG": 2597410, "S_DATE": null, "AMT": 0, "VI": null, "STORIES": 2, "Shape__Area": 240642.00001607373}, "geometry": {"type": "Polygon", "coordinates": [[[-82.44175218268437, 27.94913327344076], [-82.44175341605751, 27.949089993341083], [-82.44175896539106, 27.949046981846678], [-82.44176878835286, 27.94900457569311], [-82.44178678456147, 27.948960873613412], [-82.44179802087513, 27.9489154244953], [-82.44180229433974, 27.94886904657837], [-82.44179952708329, 27.948822579357657], [-82.44178976927195, 27.94877686101383], [-82.44177319601651, 27.94873271759425], [-82.44175010933071, 27.948690944958418], [-82.4417209238632, 27.948652298897578], [-82.44172201087221, 27.94831056401915], [-82.44180826445026, 27.94827048537671], [-82.44183409842347, 27.9476317462797], [-82.44180685657626, 27.94762790098958], [-82.4406846041398, 27.94765695059002], [-82.44070634026544, 27.948613805006982], [-82.44072818431248, 27.94956958326268], [-82.4416253751355, 27.949567282760828], [-82.44165766865157, 27.949542789628477], [-82.44168559982222, 27.949514378669885], [-82.4417085695153, 27.949482657329543], [-82.44172609066663, 27.949448302178016], [-82.44173778619587, 27.949412046284646], [-82.44174340927154, 27.949374664713638], [-82.4417537686434, 27.94929450437391], [-82.44175670050281, 27.949213859808943], [-82.44175218268437, 27.94913327344076]]]}}, {"type": "Feature", "properties": {"OBJECTID": 504504, "FOLIO": "190596.0100", "PIN": "A-20-29-19-4X6-000015-00002.0", "TYPE": null, "SITE_ADDR": "2623 Marconi St", "SITE_CITY": "Tampa", "SITE_ZIP": "33605", "DOR_C": "0100", "ACT": 1909, "EFF": 1967, "HEAT_AR": 918, "ACREAGE": 0.12, "JUST": 117350, "BLDG": 51016, "S_DATE": 873072000000, "AMT": 28000, "VI": "I", "STORIES": 1, "Shape__Area": 5246.303975992588}, "geometry": {"type": "Polygon", "coordinates": [[[-82.42891129620578, 27.950009922322618], [-82.42908509844062, 27.9500108371845], [-82.42908482754648, 27.949754373702252], [-82.42891009668467, 27.94975340668279], [-82.42891129620578, 27.950009922322618]]]}}, {"type": "Feature", "properties": {"OBJECTID": 505141, "FOLIO": "191199.0050", "PIN": "A-13-29-18-4XD-000002-00009.1", "TYPE": null, "SITE_ADDR": "508 E Sparkman Ave", "SITE_CITY": "Tampa", "SITE_ZIP": "33602", "DOR_C": "0100", "ACT": 2019, "EFF": 2022, "HEAT_AR": 1672, "ACREAGE": 0.14, "JUST": 550627, "BLDG": 402787, "S_DATE": 1575590400000, "AMT": 405000, "VI": "I", "STORIES": 2, "Shape__Area": 6199.286705071929}, "geometry": {"type": "Polygon", "coordinates": [[[-82.45451647733618, 27.96621453470311], [-82.45452084214449, 27.966511066769726], [-82.45469906310558, 27.96651116110092], [-82.45469470097386, 27.966214898855945], [-82.45451647733618, 27.96621453470311]]]}}, {"type": "Feature", "properties": {"OBJECTID": 505143, "FOLIO": "191200.0000", "PIN": "A-13-29-18-4XD-000003-00001.0", "TYPE": null, "SITE_ADDR": "509 E Sparkman Ave", "SITE_CITY": "Tampa", "SITE_ZIP": "33602", "DOR_C": "0100", "ACT": 1930, "EFF": 1978, "HEAT_AR": 1280, "ACREAGE": 0.11, "JUST": 263219, "BLDG": 135388, "S_DATE": 189302400000, "AMT": 6000, "VI": null, "STORIES": 1, "Shape__Area": 4938.74922091062}, "geometry": {"type": "Polygon", "coordinates": [[[-82.45433933302824, 27.966080445777312], [-82.45449351788292, 27.966080760515332], [-82.4544914857545, 27.96580290513239], [-82.45434293880173, 27.965802269466526], [-82.45433933302824, 27.966080445777312]]]}}, {"type": "Feature", "properties": {"OBJECTID": 505225, "FOLIO": "191340.0000", "PIN": "A-13-29-18-4XK-000001-00005.0", "TYPE": null, "SITE_ADDR": "403 E Amelia Ave", "SITE_CITY": "Tampa", "SITE_ZIP": "33602", "DOR_C": "0800", "ACT": 1926, "EFF": 1995, "HEAT_AR": 4312, "ACREAGE": 0.15, "JUST": 553041, "BLDG": 325749, "S_DATE": 1731888000000, "AMT": 959000, "VI": "I", "STORIES": 2, "Shape__Area": 6561.408609970767}, "geometry": {"type": "Polygon", "coordinates": [[[-82.45610004567038, 27.965546064053047], [-82.45627186232531, 27.965547473448588], [-82.45627069748947, 27.96521905949644], [-82.45610167222712, 27.96521835645442], [-82.45610004567038, 27.965546064053047]]]}}, {"type": "Feature", "properties": {"OBJECTID": 505302, "FOLIO": "191448.0000", "PIN": "A-13-29-18-4XN-000003-00001.0", "TYPE": null, "SITE_ADDR": "2008 N Morgan St", "SITE_CITY": "Tampa", "SITE_ZIP": "33602", "DOR_C": "0100", "ACT": 1893, "EFF": 2005, "HEAT_AR": 2609, "ACREAGE": 0.41, "JUST": 1543389, "BLDG": 1041375, "S_DATE": 1310601600000, "AMT": 340000, "VI": "I", "STORIES": 2, "Shape__Area": 17784.063009736863}, "geometry": {"type": "Polygon", "coordinates": [[[-82.4585451100683, 27.96311858690993], [-82.45854534407506, 27.962758185927136], [-82.4581233272058, 27.962760527254176], [-82.45812669435905, 27.96312131512529], [-82.4585451100683, 27.96311858690993]]]}}, {"type": "Feature", "properties": {"OBJECTID": 505391, "FOLIO": "191575.0000", "PIN": "A-13-29-18-4XV-000001-00008.0", "TYPE": null, "SITE_ADDR": "408 E 7th Ave", "SITE_CITY": "Tampa", "SITE_ZIP": "33602", "DOR_C": "1730", "ACT": 1900, "EFF": 2000, "HEAT_AR": 2744, "ACREAGE": 0.19, "JUST": 329664, "BLDG": 329564, "S_DATE": 1640649600000, "AMT": 600000, "VI": "I", "STORIES": 1, "Shape__Area": 8475.07224850389}, "geometry": {"type": "Polygon", "coordinates": [[[-82.45604528832176, 27.96049488979358], [-82.45583138176116, 27.9604933171522], [-82.45582908664589, 27.96083170000683], [-82.45604206324415, 27.96083310878161], [-82.45604528832176, 27.96049488979358]]]}}, {"type": "Feature", "properties": {"OBJECTID": 505393, "FOLIO": "191577.0000", "PIN": "A-13-29-18-4XV-000002-00001.0", "TYPE": null, "SITE_ADDR": "313 E Oak Ave", "SITE_CITY": "Tampa", "SITE_ZIP": "33602", "DOR_C": "1820", "ACT": 1900, "EFF": 1996, "HEAT_AR": 2248, "ACREAGE": 0.19, "JUST": 473382, "BLDG": 473282, "S_DATE": 1768435200000, "AMT": 1015000, "VI": "I", "STORIES": 2, "Shape__Area": 8256.777654281452}, "geometry": {"type": "Polygon", "coordinates": [[[-82.45665222146785, 27.961214445949484], [-82.45685899986864, 27.961215051021103], [-82.45686162733878, 27.960875264745418], [-82.45665435237598, 27.960874606272807], [-82.45665222146785, 27.961214445949484]]]}}, {"type": "Feature", "properties": {"OBJECTID": 505430, "FOLIO": "191648.0000", "PIN": "A-13-29-18-4XW-000005-00006.0", "TYPE": null, "SITE_ADDR": "1905 N Taliaferro Ave", "SITE_CITY": "Tampa", "SITE_ZIP": "33602", "DOR_C": "0800", "ACT": 1900, "EFF": 1962, "HEAT_AR": 2800, "ACREAGE": 0.13, "JUST": 267458, "BLDG": 117717, "S_DATE": null, "AMT": 0, "VI": null, "STORIES": 2, "Shape__Area": 5509.843721733223}, "geometry": {"type": "Polygon", "coordinates": [[[-82.45246663845705, 27.96175847967679], [-82.45246619599922, 27.961904619389507], [-82.45262471422407, 27.961905306451804], [-82.45278586394748, 27.96190604062304], [-82.4527865483351, 27.961758552817216], [-82.45246663845705, 27.96175847967679]]]}}, {"type": "Feature", "properties": {"OBJECTID": 505652, "FOLIO": "192017.0000", "PIN": "A-13-29-18-4Y3-000004-00005.0", "TYPE": null, "SITE_ADDR": "318 W Park Ave", "SITE_CITY": "Tampa", "SITE_ZIP": "33602", "DOR_C": "0000", "ACT": 0, "EFF": 0, "HEAT_AR": 0, "ACREAGE": 0.15, "JUST": 158400, "BLDG": 0, "S_DATE": 1768521600000, "AMT": 1537000, "VI": "I", "STORIES": 0, "Shape__Area": 6454.403288181492}, "geometry": {"type": "Polygon", "coordinates": [[[-82.46449574140311, 27.96406837824224], [-82.46463223433773, 27.96406863126553], [-82.46464772376348, 27.964068660183518], [-82.46464785370136, 27.963708638777884], [-82.46463236444295, 27.963708636931194], [-82.4644942011478, 27.963708638607276], [-82.46449574140311, 27.96406837824224]]]}}, {"type": "Feature", "properties": {"OBJECTID": 505750, "FOLIO": "192112.0000", "PIN": "A-13-29-18-4Y4-000005-00017.0", "TYPE": null, "SITE_ADDR": "513 W Ross Ave", "SITE_CITY": "Tampa", "SITE_ZIP": "33602", "DOR_C": "0100", "ACT": 1959, "EFF": 1992, "HEAT_AR": 896, "ACREAGE": 0.14, "JUST": 269016, "BLDG": 120812, "S_DATE": 1154390400000, "AMT": 160000, "VI": "I", "STORIES": 1, "Shape__Area": 6100.0235063921255}, "geometry": {"type": "Polygon", "coordinates": [[[-82.46665557660421, 27.963673695373224], [-82.46665422671425, 27.963338133426777], [-82.46649933612812, 27.963338687451586], [-82.4665006855429, 27.963674250307722], [-82.46665557660421, 27.963673695373224]]]}}, {"type": "Feature", "properties": {"OBJECTID": 505757, "FOLIO": "192216.0000", "PIN": "A-13-29-18-4YD-000013-00003.0", "TYPE": null, "SITE_ADDR": "208 W Ross Ave", "SITE_CITY": "Tampa", "SITE_ZIP": "33602", "DOR_C": "0100", "ACT": 2004, "EFF": 2014, "HEAT_AR": 2975, "ACREAGE": 0.24, "JUST": 1041528, "BLDG": 790549, "S_DATE": 880934400000, "AMT": 8500, "VI": "V", "STORIES": 2, "Shape__Area": 10250.971431752238}, "geometry": {"type": "Polygon", "coordinates": [[[-82.46322452282894, 27.962775117472933], [-82.4629818797171, 27.962776412282317], [-82.46298107830015, 27.96313305380838], [-82.46322574215044, 27.963135435829948], [-82.46322452282894, 27.962775117472933]]]}}, {"type": "Feature", "properties": {"OBJECTID": 505917, "FOLIO": "192563.0000", "PIN": "A-13-29-18-4YM-000014-00004.0", "TYPE": null, "SITE_ADDR": "1106 N Franklin St", "SITE_CITY": "Tampa", "SITE_ZIP": "33602", "DOR_C": "1820", "ACT": 1920, "EFF": 1990, "HEAT_AR": 7481, "ACREAGE": 0.07, "JUST": 2450244, "BLDG": 2450144, "S_DATE": 1701043200000, "AMT": 2925000, "VI": "I", "STORIES": 3, "Shape__Area": 2968.1725250076593}, "geometry": {"type": "Polygon", "coordinates": [[[-82.46033126280733, 27.952953797385884], [-82.46032913878337, 27.95305202658732], [-82.46059531712613, 27.953048836822774], [-82.46059297977386, 27.9529554495478], [-82.46033126280733, 27.952953797385884]]]}}, {"type": "Feature", "properties": {"OBJECTID": 505924, "FOLIO": "192605.0026", "PIN": "A-24-29-18-4YP-000000-00008.0", "TYPE": null, "SITE_ADDR": "1010 N Macinnes Pl", "SITE_CITY": "Tampa", "SITE_ZIP": "33602", "DOR_C": "8900", "ACT": 1988, "EFF": 1999, "HEAT_AR": 346943, "ACREAGE": 4.39, "JUST": 69252528, "BLDG": 56777053, "S_DATE": null, "AMT": 0, "VI": null, "STORIES": 4, "Shape__Area": 191056.1297483477}, "geometry": {"type": "Polygon", "coordinates": [[[-82.46365977581702, 27.952299124274035], [-82.46443354522272, 27.952436650333578], [-82.46446037736845, 27.95243928869151], [-82.46448731765241, 27.952437749416617], [-82.46451354717557, 27.952432079490457], [-82.46453826993317, 27.95242245125318], [-82.46456073514919, 27.95240915691343], [-82.4645802575667, 27.95239260035825], [-82.46459624686837, 27.95237328532203], [-82.4646082167495, 27.95235179821005], [-82.46461580212406, 27.952328791796692], [-82.46467369764318, 27.95207191173876], [-82.46468689065216, 27.951995501531], [-82.46469223604994, 27.951918343544747], [-82.46468968983034, 27.95184107412936], [-82.46467927199423, 27.951764325807318], [-82.46466106961688, 27.951688731775597], [-82.46463523068815, 27.951614911488317], [-82.46460196920457, 27.95154347334657], [-82.46456155800881, 27.951475003894128], [-82.46451432878148, 27.95141006601267], [-82.46446066998516, 27.951349193514588], [-82.46440102379606, 27.951292886641532], [-82.46433587897877, 27.951241609381476], [-82.46426577288392, 27.951195781340722], [-82.46381419339818, 27.950927758676816], [-82.46309442617083, 27.951175912295543], [-82.46309789919339, 27.951195094006742], [-82.46310438269039, 27.95121364924262], [-82.46354597034997, 27.95221443722834], [-82.4635573384402, 27.952234982050715], [-82.46357238714802, 27.952253567975063], [-82.46359069964659, 27.952269680224532], [-82.46361176691993, 27.95228287201374], [-82.46363500712907, 27.95229277801965], [-82.46365977581702, 27.952299124274035]]]}}, {"type": "Feature", "properties": {"OBJECTID": 506182, "FOLIO": "193323.0000", "PIN": "A-24-29-18-4ZI-000017-00002.1", "TYPE": null, "SITE_ADDR": "915 N Franklin St", "SITE_CITY": "Tampa", "SITE_ZIP": "33602", "DOR_C": "0310", "ACT": 2017, "EFF": 2021, "HEAT_AR": 388704, "ACREAGE": 1, "JUST": 109162200, "BLDG": 109162100, "S_DATE": 1651795200000, "AMT": 184000000, "VI": "I", "STORIES": 23, "Shape__Area": 43735.99738192402}, "geometry": {"type": "Polygon", "coordinates": [[[-82.45892540867037, 27.95175782820719], [-82.45916105886161, 27.952297525729207], [-82.45976532989535, 27.95208747845011], [-82.45952629535844, 27.951553595774815], [-82.45892540867037, 27.95175782820719]]]}}, {"type": "Feature", "properties": {"OBJECTID": 506184, "FOLIO": "193326.0000", "PIN": "A-24-29-18-4ZI-000018-00001.1", "TYPE": null, "SITE_ADDR": "912 Franklin St", "SITE_CITY": "Tampa", "SITE_ZIP": "33602", "DOR_C": "3300", "ACT": 1920, "EFF": 2000, "HEAT_AR": 5976, "ACREAGE": 0.07, "JUST": 928957, "BLDG": 928857, "S_DATE": 1148428800000, "AMT": 650000, "VI": "I", "STORIES": 2, "Shape__Area": 3108.8454264980987}, "geometry": {"type": "Polygon", "coordinates": [[[-82.45987691969032, 27.951783537947005], [-82.45991194061207, 27.9518610409981], [-82.4602064251787, 27.951752535308067], [-82.46017236655209, 27.951675771800275], [-82.45987691969032, 27.951783537947005]]]}}, {"type": "Feature", "properties": {"OBJECTID": 506191, "FOLIO": "193347.0000", "PIN": "A-24-29-18-4ZI-000023-00000.1", "TYPE": null, "SITE_ADDR": "402 N Ashley Dr", "SITE_CITY": "Tampa", "SITE_ZIP": "33602", "DOR_C": "8900", "ACT": 1964, "EFF": 2002, "HEAT_AR": 124768, "ACREAGE": 13.26, "JUST": 110240257, "BLDG": 48245174, "S_DATE": null, "AMT": 0, "VI": null, "STORIES": 12, "Shape__Area": 577409.4370165191}, "geometry": {"type": "MultiPolygon", "coordinates": [[[[-82.46111741554033, 27.94980559569192], [-82.46145940562761, 27.950529641505593], [-82.46147297799486, 27.950547947456055], [-82.46148965192415, 27.950564106095786], [-82.4615090059684, 27.9505777073368], [-82.46153054782056, 27.950588406302387], [-82.461553729584, 27.950595929593014], [-82.46157796205323, 27.950600087872125], [-82.46160263198615, 27.950600774906242], [-82.46162711127326, 27.95059797294841], [-82.463013403629, 27.950121942252846], [-82.46403114558314, 27.95006058949949], [-82.46403600743696, 27.95005350993338], [-82.46405018098693, 27.95002907898754], [-82.4640528444195, 27.950009563475273], [-82.46405060150428, 27.94999884226212], [-82.46394893799332, 27.949983579527384], [-82.46396017083602, 27.949913316882835], [-82.46395494243352, 27.949846523541463], [-82.4639348979553, 27.949782218449492], [-82.46389340359578, 27.94971067068805], [-82.46382611736182, 27.949643599149017], [-82.46320313023894, 27.949162165536325], [-82.46262245130896, 27.948710466617253], [-82.46159532980485, 27.947756472256653], [-82.4613108231108, 27.94749400002917], [-82.46125584106882, 27.947522378327758], [-82.46174375633693, 27.948028245814495], [-82.46048014472358, 27.948466639698484], [-82.46111741554033, 27.94980559569192]], [[-82.4630479256806, 27.949599686994745], [-82.46266827959818, 27.949622719741267], [-82.46264645770174, 27.949292830650624], [-82.4630342843291, 27.94927339634874], [-82.4630479256806, 27.949599686994745]]], [[[-82.46062438611112, 27.94703254697074], [-82.46066593108311, 27.94704181651118], [-82.46070515419817, 27.947057108388023], [-82.46074095716367, 27.94707799402327], [-82.46077233654347, 27.947103888405177], [-82.46079841330348, 27.947134068036966], [-82.46081845929358, 27.947167685286427], [-82.46083191262862, 27.947203800820965], [-82.46095160023019, 27.947161315218768], [-82.4606209881954, 27.946855130513857], [-82.46041552031399, 27.946930883205752], [-82.46043471017441, 27.946971609874872], [-82.46042999636734, 27.947064897187747], [-82.46049757958943, 27.947042583692223], [-82.46053901483408, 27.94703293546336], [-82.46058168188902, 27.947029558477134], [-82.46062438611112, 27.94703254697074]]]]}}, {"type": "Feature", "properties": {"OBJECTID": 506237, "FOLIO": "193426.0000", "PIN": "A-24-29-18-4ZI-000038-00000.0", "TYPE": null, "SITE_ADDR": "702 N Franklin St", "SITE_CITY": "Tampa", "SITE_ZIP": "33602", "DOR_C": "1820", "ACT": 1981, "EFF": 1987, "HEAT_AR": 285621, "ACREAGE": 1, "JUST": 12850000, "BLDG": 12849900, "S_DATE": 1366761600000, "AMT": 22000000, "VI": "I", "STORIES": 9, "Shape__Area": 43590.84240886302}, "geometry": {"type": "Polygon", "coordinates": [[[-82.45908474288588, 27.949992597639007], [-82.45931573789977, 27.9505234822873], [-82.45992156950368, 27.950318379781326], [-82.45968961755058, 27.94978144777525], [-82.45908474288588, 27.949992597639007]]]}}, {"type": "Feature", "properties": {"OBJECTID": 506273, "FOLIO": "193511.0000", "PIN": "A-24-29-18-4ZI-000059-00006.2", "TYPE": null, "SITE_ADDR": "514 N Tampa St", "SITE_CITY": "Tampa", "SITE_ZIP": "33602", "DOR_C": "1000", "ACT": 0, "EFF": 0, "HEAT_AR": 0, "ACREAGE": 0.1, "JUST": 684896, "BLDG": 0, "S_DATE": 786240000000, "AMT": 325000, "VI": "I", "STORIES": 0, "Shape__Area": 4184.161795996475}, "geometry": {"type": "Polygon", "coordinates": [[[-82.45939482680664, 27.948499595980607], [-82.45944276556395, 27.948607147932776], [-82.45973334878198, 27.94850825525597], [-82.45968882618116, 27.948402837934864], [-82.45939482680664, 27.948499595980607]]]}}, {"type": "Feature", "properties": {"OBJECTID": 506385, "FOLIO": "193745.0000", "PIN": "A-24-29-18-4ZM-000093-00001.0", "TYPE": null, "SITE_ADDR": "101 S Franklin St", "SITE_CITY": "Tampa", "SITE_ZIP": "33602", "DOR_C": "1217", "ACT": 1910, "EFF": 2003, "HEAT_AR": 17445, "ACREAGE": 0.24, "JUST": 2667803, "BLDG": 2667703, "S_DATE": 1564012800000, "AMT": 2450000, "VI": "I", "STORIES": 5, "Shape__Area": 10443.707562956288}, "geometry": {"type": "Polygon", "coordinates": [[[-82.457197632498, 27.944982017965557], [-82.45712157542552, 27.945007108533154], [-82.456908900933, 27.94507735084606], [-82.4569990411805, 27.94529291605908], [-82.45720927162053, 27.945223039078122], [-82.4572881404893, 27.945196233561884], [-82.45736298803895, 27.945170816637148], [-82.45727143146196, 27.944957622494897], [-82.457197632498, 27.944982017965557]]]}}, {"type": "Feature", "properties": {"OBJECTID": 506433, "FOLIO": "194001.0000", "PIN": "A-24-29-18-4ZU-000001-00003.0", "TYPE": null, "SITE_ADDR": "429 W Kennedy Blvd", "SITE_CITY": "Tampa", "SITE_ZIP": "33606", "DOR_C": "7250", "ACT": 1935, "EFF": 2012, "HEAT_AR": 2916695, "ACREAGE": 87.53, "JUST": 475422508, "BLDG": 433882030, "S_DATE": 1354492800000, "AMT": 1188900, "VI": "I", "STORIES": 139, "Shape__Area": 3812657.7928364514}, "geometry": {"type": "MultiPolygon", "coordinates": [[[[-82.4669683318713, 27.950053093740937], [-82.4674081178015, 27.950040706369414], [-82.46749964479615, 27.95003257075556], [-82.46759004634154, 27.950017484017938], [-82.46767865523645, 27.94999555671503], [-82.4677648146689, 27.949966951711435], [-82.46784788937936, 27.949931880530304], [-82.46840357063238, 27.949623105069577], [-82.46842409238523, 27.9456158701841], [-82.46842492271387, 27.945449375037107], [-82.46842665365833, 27.94511124164528], [-82.46842689394668, 27.9450665994016], [-82.46842864227744, 27.944725192883002], [-82.46737571605651, 27.944711451344734], [-82.46737338903112, 27.945055638371336], [-82.46694941053971, 27.945051222177813], [-82.46672490696378, 27.945048877338525], [-82.4667245401102, 27.945093079637346], [-82.46737308513862, 27.945100005597233], [-82.46737077557553, 27.94544116675735], [-82.46672180276265, 27.94543614002781], [-82.46672047218867, 27.945601995268454], [-82.46655971517019, 27.945600680280936], [-82.46656310030359, 27.945091372607642], [-82.46656337486816, 27.945047197693796], [-82.466161627335, 27.945043006041594], [-82.46616299891743, 27.94481242151232], [-82.46536295985211, 27.94510732741109], [-82.46488230486175, 27.94528450296374], [-82.46441605639657, 27.94545636628354], [-82.46154920715718, 27.946513032265656], [-82.46204574119108, 27.947004950176833], [-82.4627847766034, 27.947709805618548], [-82.46331100508678, 27.948161686320393], [-82.46518901448005, 27.94955809005906], [-82.46549997800996, 27.949994239320716], [-82.46615237448495, 27.950026520028345], [-82.466153536611, 27.95000867000001], [-82.4669683318713, 27.950053093740937]]], [[[-82.46469723395867, 27.945167289854744], [-82.46500552209666, 27.94505460066696], [-82.46500653723368, 27.94469157657663], [-82.4646986554335, 27.944689318703386], [-82.46469723395867, 27.945167289854744]]], [[[-82.469430794908, 27.945625112016998], [-82.46972858125841, 27.945627311608355], [-82.46973234197635, 27.945279654481794], [-82.46943564023684, 27.94527731402521], [-82.469430794908, 27.945625112016998]]], [[[-82.46976794947916, 27.945627589683586], [-82.47006356822358, 27.945629768874095], [-82.47006686257183, 27.945382124051296], [-82.46977114667745, 27.945378707986478], [-82.46976794947916, 27.945627589683586]]], [[[-82.47024610873427, 27.94563307730317], [-82.4718861285285, 27.945647921615322], [-82.47254833461147, 27.944775141388646], [-82.47036310091988, 27.944755767823253], [-82.47035802802365, 27.945107115811414], [-82.47025271404439, 27.945106155342895], [-82.47025050699455, 27.94528307894781], [-82.47056889344404, 27.94528597792676], [-82.47056681395084, 27.945456575183997], [-82.47024836603474, 27.945453677317072], [-82.47024610873427, 27.94563307730317]]], [[[-82.47198887040663, 27.945650365993227], [-82.47257268867541, 27.94564558199163], [-82.47257943655553, 27.944898600987504], [-82.47198887040663, 27.945650365993227]]], [[[-82.46860396750422, 27.9464079150992], [-82.46856373545144, 27.949600969800276], [-82.46877966256336, 27.949435337002022], [-82.47167701608414, 27.94591461777477], [-82.47178950209828, 27.94577527265517], [-82.47106326504998, 27.945773389106048], [-82.47087856276607, 27.94577146443251], [-82.4702430072457, 27.94576819610816], [-82.47023615841826, 27.946295915679848], [-82.4700530016918, 27.946293710294135], [-82.47006109798829, 27.94576733376532], [-82.4694292539587, 27.945762976043373], [-82.46942145965475, 27.946288223517612], [-82.46923645594784, 27.94628847068409], [-82.4692439398517, 27.94576267379915], [-82.4686142654017, 27.945758552202037], [-82.46860708731819, 27.946284101680355], [-82.46860396750422, 27.9464079150992]]]]}}, {"type": "Feature", "properties": {"OBJECTID": 507178, "FOLIO": "194755.0100", "PIN": "A-25-29-18-509-000002-00030.0", "TYPE": null, "SITE_ADDR": "48 Columbia Dr", "SITE_CITY": "Tampa", "SITE_ZIP": "33606", "DOR_C": "0100", "ACT": 2020, "EFF": 2022, "HEAT_AR": 3696, "ACREAGE": 0.13, "JUST": 2173724, "BLDG": 1633837, "S_DATE": 1736467200000, "AMT": 2850000, "VI": "I", "STORIES": 4, "Shape__Area": 5684.395011221959}, "geometry": {"type": "Polygon", "coordinates": [[[-82.45705383929017, 27.933941607396427], [-82.45673061195755, 27.934107613171452], [-82.45681165541684, 27.934224798104026], [-82.45712239534899, 27.934049370874213], [-82.45705383929017, 27.933941607396427]]]}}, {"type": "Feature", "properties": {"OBJECTID": 507193, "FOLIO": "194767.0000", "PIN": "A-25-29-18-509-000003-00001.0", "TYPE": null, "SITE_ADDR": "61 Albemarle Ave", "SITE_CITY": "Tampa", "SITE_ZIP": "33606", "DOR_C": "0100", "ACT": 1927, "EFF": 1996, "HEAT_AR": 2422, "ACREAGE": 0.15, "JUST": 524234, "BLDG": 0, "S_DATE": 1058313600000, "AMT": 435000, "VI": "I", "STORIES": 2, "Shape__Area": 6323.156015737325}, "geometry": {"type": "Polygon", "coordinates": [[[-82.45764518589417, 27.933056979298584], [-82.45798105442454, 27.93296200983235], [-82.45793455902694, 27.932878822862733], [-82.45793207329774, 27.932871008097223], [-82.45792818227999, 27.93286365913836], [-82.45792299247653, 27.93285697326061], [-82.45791664080308, 27.932851131393917], [-82.45790930064666, 27.93284628907931], [-82.45790116764844, 27.932842578321008], [-82.45789246169396, 27.932840097653425], [-82.45778177289561, 27.932858535591222], [-82.45767233423622, 27.93288213651112], [-82.45756445126318, 27.932910835329526], [-82.45764518589417, 27.933056979298584]]]}}, {"type": "Feature", "properties": {"OBJECTID": 507224, "FOLIO": "194797.0000", "PIN": "A-25-29-18-509-000004-00012.0", "TYPE": null, "SITE_ADDR": "52 Albemarle Ave", "SITE_CITY": "Tampa", "SITE_ZIP": "33606", "DOR_C": "0000", "ACT": 0, "EFF": 0, "HEAT_AR": 0, "ACREAGE": 0.28, "JUST": 675108, "BLDG": 0, "S_DATE": 1513900800000, "AMT": 817000, "VI": "I", "STORIES": 0, "Shape__Area": 12354.457288315512}, "geometry": {"type": "Polygon", "coordinates": [[[-82.45865504455553, 27.9329169896108], [-82.45844980906251, 27.933003404169064], [-82.45826152975644, 27.9330826780467], [-82.45833741147966, 27.933202043257168], [-82.45841660464913, 27.933319699957785], [-82.45875270835965, 27.933133629096552], [-82.45868208530979, 27.93297694440003], [-82.45865504455553, 27.9329169896108]]]}}, {"type": "Feature", "properties": {"OBJECTID": 507246, "FOLIO": "194821.0000", "PIN": "A-25-29-18-509-000005-00030.0", "TYPE": null, "SITE_ADDR": "25 Adalia Ave", "SITE_CITY": "Tampa", "SITE_ZIP": "33606", "DOR_C": "0100", "ACT": 2021, "EFF": 2023, "HEAT_AR": 3956, "ACREAGE": 0.13, "JUST": 1447071, "BLDG": 955065, "S_DATE": 481161600000, "AMT": 85500, "VI": "I", "STORIES": 2, "Shape__Area": 5574.188359633968}, "geometry": {"type": "Polygon", "coordinates": [[[-82.45956590235161, 27.9350031069068], [-82.45955919835463, 27.935101845258973], [-82.45955680783648, 27.935137227868474], [-82.4599064846594, 27.935171621006344], [-82.45992761447447, 27.935041861805594], [-82.45956590235161, 27.9350031069068]]]}}, {"type": "Feature", "properties": {"OBJECTID": 507287, "FOLIO": "194864.0000", "PIN": "A-25-29-18-509-000006-00044.0", "TYPE": null, "SITE_ADDR": "88 Adalia Ave", "SITE_CITY": "Tampa", "SITE_ZIP": "33606", "DOR_C": "0100", "ACT": 2000, "EFF": 2018, "HEAT_AR": 4183, "ACREAGE": 0.28, "JUST": 6520664, "BLDG": 1508093, "S_DATE": 1771545600000, "AMT": 8460000, "VI": "I", "STORIES": 2, "Shape__Area": 12298.903508961488}, "geometry": {"type": "Polygon", "coordinates": [[[-82.46057298103996, 27.93059161628977], [-82.46041183391486, 27.9310847020078], [-82.4604674454979, 27.931102948800632], [-82.46051991158313, 27.93112746884585], [-82.46083655268137, 27.930677925887924], [-82.46077419125969, 27.930648564224143], [-82.46070912632523, 27.930624269609304], [-82.46064187586067, 27.930605236131196], [-82.46057298103996, 27.93059161628977]]]}}, {"type": "Feature", "properties": {"OBJECTID": 507352, "FOLIO": "194939.0000", "PIN": "A-25-29-18-509-000006-00160.0", "TYPE": null, "SITE_ADDR": "214 Blanca Ave", "SITE_CITY": "Tampa", "SITE_ZIP": "33606", "DOR_C": "0000", "ACT": 0, "EFF": 0, "HEAT_AR": 0, "ACREAGE": 0.32, "JUST": 4948675, "BLDG": 0, "S_DATE": 1332979200000, "AMT": 1430000, "VI": "I", "STORIES": 0, "Shape__Area": 13860.636407791526}, "geometry": {"type": "Polygon", "coordinates": [[[-82.4614678438063, 27.92620730026128], [-82.46145552919975, 27.92630763142108], [-82.46144661736518, 27.92640824626816], [-82.46201665546164, 27.92646959371096], [-82.46204721951888, 27.926265673527883], [-82.4614678438063, 27.92620730026128]]]}}, {"type": "Feature", "properties": {"OBJECTID": 507366, "FOLIO": "194954.0000", "PIN": "A-25-29-18-509-000007-00015.0", "TYPE": null, "SITE_ADDR": "121 Adalia Ave", "SITE_CITY": "Tampa", "SITE_ZIP": "33606", "DOR_C": "0100", "ACT": 1949, "EFF": 2002, "HEAT_AR": 2480, "ACREAGE": 0.14, "JUST": 902815, "BLDG": 423672, "S_DATE": 1207267200000, "AMT": 505000, "VI": "I", "STORIES": 2, "Shape__Area": 5987.922607306178}, "geometry": {"type": "Polygon", "coordinates": [[[-82.45819719786954, 27.931943383519236], [-82.45828866649329, 27.932262750498555], [-82.45843377052937, 27.932221419754242], [-82.45834370141056, 27.93189621771436], [-82.45819719786954, 27.931943383519236]]]}}, {"type": "Feature", "properties": {"OBJECTID": 507376, "FOLIO": "194963.0005", "PIN": "A-25-29-18-509-000007-00029.0", "TYPE": null, "SITE_ADDR": "128 Adriatic Ave", "SITE_CITY": "Tampa", "SITE_ZIP": "33606", "DOR_C": "0000", "ACT": 0, "EFF": 0, "HEAT_AR": 0, "ACREAGE": 0.14, "JUST": 470250, "BLDG": 0, "S_DATE": 1242000000000, "AMT": 580000, "VI": "I", "STORIES": 0, "Shape__Area": 5949.813357241845}, "geometry": {"type": "Polygon", "coordinates": [[[-82.4577056157921, 27.93237579029812], [-82.4575537051333, 27.932400588097906], [-82.45766074918672, 27.932714315985496], [-82.45773821777813, 27.93269760659677], [-82.45781620285528, 27.932682908734417], [-82.4577056157921, 27.93237579029812]]]}}, {"type": "Feature", "properties": {"OBJECTID": 507415, "FOLIO": "195009.0000", "PIN": "A-25-29-18-509-000010-00014.0", "TYPE": null, "SITE_ADDR": "118 Bosphorous Ave", "SITE_CITY": "Tampa", "SITE_ZIP": "33606", "DOR_C": "0800", "ACT": 1951, "EFF": 1988, "HEAT_AR": 2828, "ACREAGE": 0.3, "JUST": 1116282, "BLDG": 245720, "S_DATE": 1394150400000, "AMT": 475000, "VI": "I", "STORIES": 2, "Shape__Area": 12995.275809359935}, "geometry": {"type": "Polygon", "coordinates": [[[-82.45653669621218, 27.928937439451627], [-82.45619533568758, 27.928791337930914], [-82.45610057239672, 27.928923168863296], [-82.45600158705521, 27.92905252845762], [-82.45616944017932, 27.929094314826266], [-82.45624875934557, 27.929114060434596], [-82.45643732785048, 27.929161003734553], [-82.4564517734509, 27.92909344799252], [-82.4565299570942, 27.928949821267434], [-82.45653669621218, 27.928937439451627]]]}}, {"type": "Feature", "properties": {"OBJECTID": 507462, "FOLIO": "195058.0000", "PIN": "A-25-29-18-509-000013-00012.0", "TYPE": null, "SITE_ADDR": "119 Danube Ave", "SITE_CITY": "Tampa", "SITE_ZIP": "33606", "DOR_C": "0800", "ACT": 1948, "EFF": 1986, "HEAT_AR": 2633, "ACREAGE": 0.23, "JUST": 941310, "BLDG": 244566, "S_DATE": 1726790400000, "AMT": 1275000, "VI": "I", "STORIES": 2, "Shape__Area": 10077.927169751178}, "geometry": {"type": "Polygon", "coordinates": [[[-82.45599616248754, 27.928371792392074], [-82.45576598956225, 27.928640984885597], [-82.45597345137676, 27.928782170499474], [-82.45606736778664, 27.928656014135314], [-82.45615825705245, 27.928528119754404], [-82.45616416021242, 27.928520870954934], [-82.45616859293868, 27.928512838314568], [-82.45617142716789, 27.92850425327585], [-82.45617257962093, 27.92849536608375], [-82.45617201784957, 27.928486434034102], [-82.45616975817802, 27.928477715163556], [-82.45616586568764, 27.928469464639978], [-82.45616045313645, 27.92846191942491], [-82.45615367791868, 27.92845530008868], [-82.45599616248754, 27.928371792392074]]]}}, {"type": "Feature", "properties": {"OBJECTID": 507499, "FOLIO": "195099.0000", "PIN": "A-25-29-18-509-000015-00026.0", "TYPE": null, "SITE_ADDR": "140 Chippewa Ave", "SITE_CITY": "Tampa", "SITE_ZIP": "33606", "DOR_C": "0000", "ACT": 0, "EFF": 0, "HEAT_AR": 0, "ACREAGE": 0.21, "JUST": 590568, "BLDG": 0, "S_DATE": 1398384000000, "AMT": 525000, "VI": "I", "STORIES": 0, "Shape__Area": 9092.233765819012}, "geometry": {"type": "Polygon", "coordinates": [[[-82.45604559101089, 27.92729579450931], [-82.45600618419621, 27.9273878693757], [-82.45596448283325, 27.927479142359832], [-82.45628696432475, 27.927629353493682], [-82.45635644479302, 27.927471651827357], [-82.4563820896604, 27.92741350184368], [-82.45604559101089, 27.92729579450931]]]}}, {"type": "Feature", "properties": {"OBJECTID": 507525, "FOLIO": "195126.0000", "PIN": "A-25-29-18-509-000016-00037.0", "TYPE": null, "SITE_ADDR": "146 Bosphorous Ave", "SITE_CITY": "Tampa", "SITE_ZIP": "33606", "DOR_C": "0000", "ACT": 0, "EFF": 0, "HEAT_AR": 0, "ACREAGE": 0.29, "JUST": 792880, "BLDG": 0, "S_DATE": null, "AMT": 0, "VI": null, "STORIES": 0, "Shape__Area": 12611.194880033747}, "geometry": {"type": "Polygon", "coordinates": [[[-82.45725737415147, 27.92659746482111], [-82.45721918301548, 27.926732100221344], [-82.45717826722897, 27.92686610213341], [-82.4575364339213, 27.92697432795418], [-82.45759639738391, 27.926800016742476], [-82.45762940684016, 27.926704076881972], [-82.45725737415147, 27.92659746482111]]]}}, {"type": "Feature", "properties": {"OBJECTID": 507577, "FOLIO": "195182.0000", "PIN": "A-25-29-18-509-000019-00013.0", "TYPE": null, "SITE_ADDR": "17 Bahama Cir", "SITE_CITY": "Tampa", "SITE_ZIP": "33606", "DOR_C": "0100", "ACT": 1949, "EFF": 2014, "HEAT_AR": 2839, "ACREAGE": 0.28, "JUST": 1624466, "BLDG": 758323, "S_DATE": 1363132800000, "AMT": 1125000, "VI": "I", "STORIES": 1, "Shape__Area": 11996.068329429934}, "geometry": {"type": "Polygon", "coordinates": [[[-82.46002326978893, 27.929119671330874], [-82.4600205512565, 27.928960422240838], [-82.45989208137645, 27.9289429040558], [-82.45976465622664, 27.928920153671225], [-82.45963854426674, 27.928892220729114], [-82.45963009592809, 27.92888908595946], [-82.45962116956707, 27.928887276627172], [-82.45961202653206, 27.928886846907307], [-82.45960293612403, 27.928887809437402], [-82.45959416238436, 27.928890134459067], [-82.45958596513404, 27.928893755229048], [-82.45957858268974, 27.92889856536974], [-82.45957223290303, 27.928904424279974], [-82.45956710199164, 27.92891115897728], [-82.45956333949387, 27.928918572236384], [-82.45956105625548, 27.92892644710797], [-82.45956031937271, 27.928934552349986], [-82.45956115019439, 27.928942650556163], [-82.45958992659986, 27.92899991112033], [-82.45961623699323, 27.929058100370494], [-82.45964541568229, 27.92914006769775], [-82.45968173864408, 27.929219752428224], [-82.46002326978893, 27.929119671330874]]]}}, {"type": "Feature", "properties": {"OBJECTID": 507626, "FOLIO": "195232.0000", "PIN": "A-30-29-19-509-000025-00008.0", "TYPE": null, "SITE_ADDR": "113 Biscayne Ave", "SITE_CITY": "Tampa", "SITE_ZIP": "33606", "DOR_C": "0000", "ACT": 0, "EFF": 0, "HEAT_AR": 0, "ACREAGE": 0.17, "JUST": 508781, "BLDG": 0, "S_DATE": 609984000000, "AMT": 95000, "VI": "I", "STORIES": 0, "Shape__Area": 7199.520244899459}, "geometry": {"type": "Polygon", "coordinates": [[[-82.45601453345185, 27.925039706094005], [-82.45584537627346, 27.925110353032775], [-82.4559226819583, 27.925264043861524], [-82.45599442195766, 27.925419848476384], [-82.45615723844747, 27.925364635611714], [-82.45601453345185, 27.925039706094005]]]}}, {"type": "Feature", "properties": {"OBJECTID": 507684, "FOLIO": "195286.0000", "PIN": "A-25-29-18-509-000029-00014.0", "TYPE": null, "SITE_ADDR": "139 Chesapeake Ave", "SITE_CITY": "Tampa", "SITE_ZIP": "33606", "DOR_C": "0100", "ACT": 2023, "EFF": 2024, "HEAT_AR": 5896, "ACREAGE": 0.3, "JUST": 3150133, "BLDG": 2283739, "S_DATE": 1695945600000, "AMT": 4200000, "VI": "I", "STORIES": 2, "Shape__Area": 13161.039642868063}, "geometry": {"type": "Polygon", "coordinates": [[[-82.4574925397273, 27.92366283086493], [-82.45757021469718, 27.924010575933348], [-82.4576130319468, 27.924000834696034], [-82.45785719079674, 27.92394528369804], [-82.45786944206965, 27.92394251948389], [-82.4577800501227, 27.923570223603786], [-82.4576368596076, 27.92361791199468], [-82.4574925397273, 27.92366283086493]]]}}, {"type": "Feature", "properties": {"OBJECTID": 507718, "FOLIO": "195321.0000", "PIN": "A-25-29-18-509-000032-00030.0", "TYPE": null, "SITE_ADDR": "180 Cyprus Ave", "SITE_CITY": "Tampa", "SITE_ZIP": "33606", "DOR_C": "0100", "ACT": 1961, "EFF": 2006, "HEAT_AR": 3894, "ACREAGE": 0.33, "JUST": 1591591, "BLDG": 677879, "S_DATE": 1519776000000, "AMT": 925000, "VI": "I", "STORIES": 1, "Shape__Area": 14517.21325056577}, "geometry": {"type": "Polygon", "coordinates": [[[-82.46093625516166, 27.923400125772528], [-82.46076627638826, 27.923385375965033], [-82.46066191128251, 27.9233763182546], [-82.46055930752449, 27.923768234785975], [-82.46070089294727, 27.92381263391787], [-82.46084419034835, 27.923852465465117], [-82.46093625516166, 27.923400125772528]]]}}, {"type": "Feature", "properties": {"OBJECTID": 507721, "FOLIO": "195324.0000", "PIN": "A-36-29-18-509-000033-00003.0", "TYPE": null, "SITE_ADDR": "424 W Davis Blvd", "SITE_CITY": "Tampa", "SITE_ZIP": "33606", "DOR_C": "0000", "ACT": 0, "EFF": 0, "HEAT_AR": 0, "ACREAGE": 0.38, "JUST": 2837636, "BLDG": 0, "S_DATE": 1336348800000, "AMT": 975000, "VI": "I", "STORIES": 0, "Shape__Area": 16681.607579721578}, "geometry": {"type": "Polygon", "coordinates": [[[-82.45845288768997, 27.921108576063293], [-82.45844680957296, 27.921182841663768], [-82.45844640944539, 27.92125730223926], [-82.45845168892406, 27.92133161576867], [-82.45846262423088, 27.92140544121718], [-82.45900563054485, 27.921239528585115], [-82.45897325479424, 27.921163215367955], [-82.45894739132125, 27.921084965518627], [-82.4589281852167, 27.921005218034033], [-82.45845288768997, 27.921108576063293]]]}}, {"type": "Feature", "properties": {"OBJECTID": 507729, "FOLIO": "195333.0000", "PIN": "A-36-29-18-509-000033-00019.0", "TYPE": null, "SITE_ADDR": "360 Blanca Ave", "SITE_CITY": "Tampa", "SITE_ZIP": "33606", "DOR_C": "0100", "ACT": 1960, "EFF": 1992, "HEAT_AR": 9191, "ACREAGE": 0.84, "JUST": 7600822, "BLDG": 1701642, "S_DATE": 922924800000, "AMT": 740000, "VI": "I", "STORIES": 4, "Shape__Area": 36804.95334744433}, "geometry": {"type": "Polygon", "coordinates": [[[-82.46050223068413, 27.922305212892493], [-82.46038173868627, 27.922284290667548], [-82.46026223129563, 27.92225931139552], [-82.46003892569732, 27.92264571823282], [-82.46018477217956, 27.922689571260776], [-82.46033225453006, 27.922728875905843], [-82.46048080489948, 27.922763654816908], [-82.46063073804208, 27.92279338624427], [-82.46078183634313, 27.922818028498124], [-82.46087117177295, 27.922342703463794], [-82.46074766062334, 27.92233457979364], [-82.46062461452655, 27.9223220759366], [-82.46050223068413, 27.922305212892493]]]}}, {"type": "Feature", "properties": {"OBJECTID": 507791, "FOLIO": "195392.0000", "PIN": "A-36-29-18-509-000039-00010.0", "TYPE": null, "SITE_ADDR": "456 Marmora Ave", "SITE_CITY": "Tampa", "SITE_ZIP": "33606", "DOR_C": "0100", "ACT": 1957, "EFF": 1974, "HEAT_AR": 1526, "ACREAGE": 0.15, "JUST": 556285, "BLDG": 102483, "S_DATE": 1778544000000, "AMT": 700000, "VI": "I", "STORIES": 1, "Shape__Area": 6385.455158734277}, "geometry": {"type": "Polygon", "coordinates": [[[-82.45751439600168, 27.918631944048837], [-82.45746468637147, 27.91896795600915], [-82.45756034260002, 27.91897946268623], [-82.4576555129916, 27.91899380810759], [-82.45763845023792, 27.91864077274145], [-82.45751439600168, 27.918631944048837]]]}}, {"type": "Feature", "properties": {"OBJECTID": 507839, "FOLIO": "195445.0000", "PIN": "A-36-29-18-509-000042-00029.0", "TYPE": null, "SITE_ADDR": "70 Ladoga Ave", "SITE_CITY": "Tampa", "SITE_ZIP": "33606", "DOR_C": "0000", "ACT": 0, "EFF": 0, "HEAT_AR": 0, "ACREAGE": 0.58, "JUST": 8505732, "BLDG": 0, "S_DATE": -31536000000, "AMT": 76500, "VI": null, "STORIES": 0, "Shape__Area": 25359.058148714546}, "geometry": {"type": "Polygon", "coordinates": [[[-82.46181139004042, 27.91978788826788], [-82.46182844463081, 27.92014293084312], [-82.46244873730689, 27.92008033208995], [-82.46242868059277, 27.919740564950434], [-82.46181139004042, 27.91978788826788]]]}}, {"type": "Feature", "properties": {"OBJECTID": 507853, "FOLIO": "195460.0000", "PIN": "A-36-29-18-509-000042-00056.0", "TYPE": null, "SITE_ADDR": "14 Ladoga Ave", "SITE_CITY": "Tampa", "SITE_ZIP": "33606", "DOR_C": "0100", "ACT": 1937, "EFF": 1981, "HEAT_AR": 3375, "ACREAGE": 0.56, "JUST": 3941765, "BLDG": 591151, "S_DATE": 899251200000, "AMT": 630000, "VI": "I", "STORIES": 2, "Shape__Area": 24263.35902607377}, "geometry": {"type": "Polygon", "coordinates": [[[-82.4595752322267, 27.9206042209819], [-82.45924522345099, 27.92096268009075], [-82.45929945429819, 27.921017050326654], [-82.45935792892907, 27.921067833724138], [-82.45942034450248, 27.921114769587295], [-82.45948638200034, 27.921157616225102], [-82.45955570319893, 27.92119615547376], [-82.45962795268184, 27.921230188177937], [-82.45987705342554, 27.92080018043011], [-82.45979591855078, 27.920758445611085], [-82.45971831437068, 27.92071171311266], [-82.4596446289677, 27.92066021898107], [-82.4595752322267, 27.9206042209819]]]}}, {"type": "Feature", "properties": {"OBJECTID": 507860, "FOLIO": "195469.0000", "PIN": "A-36-29-18-509-000043-00010.0", "TYPE": null, "SITE_ADDR": "75 Ladoga Ave", "SITE_CITY": "Tampa", "SITE_ZIP": "33606", "DOR_C": "0000", "ACT": 0, "EFF": 0, "HEAT_AR": 0, "ACREAGE": 0.38, "JUST": 894854, "BLDG": 0, "S_DATE": 1765324800000, "AMT": 2000000, "VI": "V", "STORIES": 0, "Shape__Area": 16627.936129950107}, "geometry": {"type": "Polygon", "coordinates": [[[-82.46163019901512, 27.91929000911513], [-82.46108468006913, 27.919320419204148], [-82.46109623280815, 27.919445063747318], [-82.46110762474231, 27.91956819727851], [-82.46163150062999, 27.919567291011642], [-82.46163681065852, 27.91947488928587], [-82.4616363770594, 27.919382367834103], [-82.46163019901512, 27.91929000911513]]]}}, {"type": "Feature", "properties": {"OBJECTID": 507863, "FOLIO": "195473.0000", "PIN": "A-36-29-18-509-000043-00017.0", "TYPE": null, "SITE_ADDR": "25 Formosa Ave", "SITE_CITY": "Tampa", "SITE_ZIP": "33606", "DOR_C": "0100", "ACT": 1965, "EFF": 1995, "HEAT_AR": 1991, "ACREAGE": 0.14, "JUST": 720741, "BLDG": 227974, "S_DATE": 1433462400000, "AMT": 419000, "VI": "I", "STORIES": 2, "Shape__Area": 5994.521053578009}, "geometry": {"type": "Polygon", "coordinates": [[[-82.46094228056452, 27.91979779282909], [-82.46092940676502, 27.920120781697527], [-82.46101063115904, 27.920139801744707], [-82.46109292741468, 27.92015475277227], [-82.46109192202022, 27.91983035294902], [-82.46094228056452, 27.91979779282909]]]}}, {"type": "Feature", "properties": {"OBJECTID": 507886, "FOLIO": "195497.0000", "PIN": "A-36-29-18-509-000044-00024.0", "TYPE": null, "SITE_ADDR": "448 W Davis Blvd", "SITE_CITY": "Tampa", "SITE_ZIP": "33606", "DOR_C": "0100", "ACT": 1954, "EFF": 2004, "HEAT_AR": 2849, "ACREAGE": 0.3, "JUST": 1280259, "BLDG": 514714, "S_DATE": 707356800000, "AMT": 140000, "VI": "I", "STORIES": 1, "Shape__Area": 13242.763602765302}, "geometry": {"type": "Polygon", "coordinates": [[[-82.45974514258472, 27.918555101820914], [-82.45941324388124, 27.9186698665789], [-82.45944369681784, 27.918757908523276], [-82.45946714185678, 27.91884762705935], [-82.45948346435667, 27.918938583096455], [-82.45989093221357, 27.918826481617998], [-82.45987036866103, 27.918760206432093], [-82.45980373191139, 27.918651038873804], [-82.45974514258472, 27.918555101820914]]]}}, {"type": "Feature", "properties": {"OBJECTID": 507911, "FOLIO": "195526.0000", "PIN": "A-36-29-18-509-000045-00033.0", "TYPE": null, "SITE_ADDR": "488 Severn Ave", "SITE_CITY": "Tampa", "SITE_ZIP": "33606", "DOR_C": "0100", "ACT": 2015, "EFF": 2020, "HEAT_AR": 3762, "ACREAGE": 0.14, "JUST": 1619372, "BLDG": 1140278, "S_DATE": 1743552000000, "AMT": 2005000, "VI": "I", "STORIES": 2, "Shape__Area": 6005.418339828531}, "geometry": {"type": "Polygon", "coordinates": [[[-82.45731260839165, 27.9162225274909], [-82.45732687135921, 27.916366830718598], [-82.45769802057784, 27.916330827154304], [-82.45768332526474, 27.916231139982706], [-82.45767879853173, 27.91620029417562], [-82.45731260839165, 27.9162225274909]]]}}, {"type": "Feature", "properties": {"OBJECTID": 507963, "FOLIO": "195590.0000", "PIN": "A-36-29-18-509-000047-00036.0", "TYPE": null, "SITE_ADDR": "511 Riviera Dr", "SITE_CITY": "Tampa", "SITE_ZIP": "33606", "DOR_C": "0100", "ACT": 1982, "EFF": 2004, "HEAT_AR": 2408, "ACREAGE": 0.23, "JUST": 1031384, "BLDG": 352223, "S_DATE": null, "AMT": 0, "VI": null, "STORIES": 1, "Shape__Area": 10042.301682403337}, "geometry": {"type": "Polygon", "coordinates": [[[-82.46102607243255, 27.91636748082853], [-82.46089668710627, 27.916794997643436], [-82.46108771697779, 27.91690589256968], [-82.46112754991869, 27.916667806493862], [-82.4611704618035, 27.91641125297072], [-82.46102607243255, 27.91636748082853]]]}}, {"type": "Feature", "properties": {"OBJECTID": 508003, "FOLIO": "195637.0000", "PIN": "A-36-29-18-509-000048-00035.0", "TYPE": null, "SITE_ADDR": "596 Riviera Dr", "SITE_CITY": "Tampa", "SITE_ZIP": "33606", "DOR_C": "0100", "ACT": 2021, "EFF": 2023, "HEAT_AR": 5867, "ACREAGE": 0.26, "JUST": 7884604, "BLDG": 2850344, "S_DATE": 778377600000, "AMT": 450000, "VI": "I", "STORIES": 2, "Shape__Area": 11497.827883775666}, "geometry": {"type": "Polygon", "coordinates": [[[-82.46121508090617, 27.9117490014555], [-82.46116844885717, 27.912186667342908], [-82.46121828846687, 27.91219788811491], [-82.46126674439937, 27.912213163548305], [-82.46131339857848, 27.912232362388966], [-82.46149189085907, 27.91180616496708], [-82.4614244340364, 27.91178581127271], [-82.46135561262003, 27.91176945530949], [-82.46128572658247, 27.91175716736208], [-82.46121508090617, 27.9117490014555]]]}}, {"type": "Feature", "properties": {"OBJECTID": 508026, "FOLIO": "195662.0000", "PIN": "A-36-29-18-509-000048-00072.0", "TYPE": null, "SITE_ADDR": "522 Riviera Dr", "SITE_CITY": "Tampa", "SITE_ZIP": "33606", "DOR_C": "0000", "ACT": 2025, "EFF": 2025, "HEAT_AR": 8865, "ACREAGE": 0.41, "JUST": 3379935, "BLDG": 0, "S_DATE": 815184000000, "AMT": 450000, "VI": "I", "STORIES": 3, "Shape__Area": 18051.708798661228}, "geometry": {"type": "Polygon", "coordinates": [[[-82.46155132900898, 27.9171760666991], [-82.46169759036373, 27.917601668673196], [-82.46175142656878, 27.91761754041681], [-82.4618069120577, 27.917628011966517], [-82.46186336255953, 27.917632954764166], [-82.46192008189541, 27.917632307071397], [-82.46197637011795, 27.917626076649643], [-82.46203153469054, 27.917614341625058], [-82.46208489351268, 27.917597245063888], [-82.46213579017817, 27.91757499943315], [-82.4616979807714, 27.917117867581492], [-82.46165148218071, 27.9171417966604], [-82.46160241874202, 27.917161267357066], [-82.46155132900898, 27.9171760666991]]]}}, {"type": "Feature", "properties": {"OBJECTID": 508045, "FOLIO": "195682.0000", "PIN": "A-36-29-18-509-000054-00015.0", "TYPE": null, "SITE_ADDR": "498 Lucerne Ave", "SITE_CITY": "Tampa", "SITE_ZIP": "33606", "DOR_C": "0000", "ACT": 0, "EFF": 0, "HEAT_AR": 0, "ACREAGE": 0.32, "JUST": 2356589, "BLDG": 0, "S_DATE": 1411084800000, "AMT": 1262000, "VI": "I", "STORIES": 0, "Shape__Area": 14000.782791911392}, "geometry": {"type": "Polygon", "coordinates": [[[-82.45961354001209, 27.914690120265522], [-82.45921545857173, 27.914741043619244], [-82.45922225833324, 27.914881577777294], [-82.45922339703459, 27.915022237286788], [-82.45963692719253, 27.914992441181496], [-82.45962926921258, 27.914841033987766], [-82.45961354001209, 27.914690120265522]]]}}, {"type": "Feature", "properties": {"OBJECTID": 508085, "FOLIO": "195726.0000", "PIN": "A-36-29-18-509-000069-00007.0", "TYPE": null, "SITE_ADDR": "617 Marmora Ave", "SITE_CITY": "Tampa", "SITE_ZIP": "33606", "DOR_C": "0100", "ACT": 1956, "EFF": 2015, "HEAT_AR": 1811, "ACREAGE": 0.15, "JUST": 848446, "BLDG": 0, "S_DATE": 1414713600000, "AMT": 658000, "VI": "I", "STORIES": 1, "Shape__Area": 6674.752509265154}, "geometry": {"type": "Polygon", "coordinates": [[[-82.45399439664925, 27.91602030430937], [-82.4542534334491, 27.916268320797986], [-82.45437750812196, 27.916171667973586], [-82.45408839409663, 27.915906339620335], [-82.45399439664925, 27.91602030430937]]]}}, {"type": "Feature", "properties": {"OBJECTID": 508110, "FOLIO": "195760.0000", "PIN": "A-36-29-18-509-000069-00043.0", "TYPE": null, "SITE_ADDR": "547 Suwanee Cir", "SITE_CITY": "Tampa", "SITE_ZIP": "33606", "DOR_C": "0000", "ACT": 0, "EFF": 0, "HEAT_AR": 0, "ACREAGE": 0.23, "JUST": 1250688, "BLDG": 0, "S_DATE": 815184000000, "AMT": 224900, "VI": "I", "STORIES": 0, "Shape__Area": 10052.969114769818}, "geometry": {"type": "Polygon", "coordinates": [[[-82.45436925414464, 27.91844078966692], [-82.45456940457198, 27.918756252223105], [-82.45466823170473, 27.918709623092212], [-82.454768467887, 27.918665430276125], [-82.45459014546527, 27.918339305219977], [-82.45447877839557, 27.91838846543245], [-82.45436925414464, 27.91844078966692]]]}}, {"type": "Feature", "properties": {"OBJECTID": 508114, "FOLIO": "195763.0000", "PIN": "A-36-29-18-509-000069-00049.0", "TYPE": null, "SITE_ADDR": "533 Suwanee Cir", "SITE_CITY": "Tampa", "SITE_ZIP": "33606", "DOR_C": "0000", "ACT": 0, "EFF": 0, "HEAT_AR": 0, "ACREAGE": 0.41, "JUST": 1772310, "BLDG": 0, "S_DATE": 1738713600000, "AMT": 3300000, "VI": "V", "STORIES": 0, "Shape__Area": 17683.367662950877}, "geometry": {"type": "Polygon", "coordinates": [[[-82.45373668411881, 27.91905485744045], [-82.45371833938574, 27.91911863659353], [-82.45370617128192, 27.919183570347634], [-82.45370026929265, 27.91924918915295], [-82.4537006751214, 27.919315015494437], [-82.453707386787, 27.91938057200015], [-82.45372035457065, 27.919445384161726], [-82.45373839117293, 27.91950514955633], [-82.45376102988263, 27.919563666185642], [-82.4541253992684, 27.91940330359704], [-82.45412088432744, 27.919390149516538], [-82.45410884044355, 27.91933740597436], [-82.45410358347807, 27.919283791787027], [-82.45410518130942, 27.91922999347058], [-82.45411361343787, 27.91917669963625], [-82.45373668411881, 27.91905485744045]]]}}, {"type": "Feature", "properties": {"OBJECTID": 508115, "FOLIO": "195764.0000", "PIN": "A-36-29-18-509-000069-00051.0", "TYPE": null, "SITE_ADDR": "525 Suwanee Cir", "SITE_CITY": "Tampa", "SITE_ZIP": "33606", "DOR_C": "0000", "ACT": 0, "EFF": 0, "HEAT_AR": 0, "ACREAGE": 0.27, "JUST": 1179780, "BLDG": 0, "S_DATE": 1274918400000, "AMT": 727000, "VI": "I", "STORIES": 0, "Shape__Area": 11603.482279987284}, "geometry": {"type": "Polygon", "coordinates": [[[-82.4541253992684, 27.91940330359704], [-82.45376102988263, 27.919563666185642], [-82.45379093091438, 27.9196259129403], [-82.45382603669405, 27.919685977644072], [-82.45386614565405, 27.919743517136343], [-82.45391103089092, 27.919798203680884], [-82.45425054219146, 27.91958374699664], [-82.45421028089243, 27.919544001064345], [-82.45417568504224, 27.919500247760467], [-82.45414725306902, 27.91945312164974], [-82.4541253992684, 27.91940330359704]]]}}, {"type": "Feature", "properties": {"OBJECTID": 508118, "FOLIO": "195767.0000", "PIN": "A-36-29-18-509-000069-00057.0", "TYPE": null, "SITE_ADDR": "515 Suwanee Cir", "SITE_CITY": "Tampa", "SITE_ZIP": "33606", "DOR_C": "0000", "ACT": 0, "EFF": 0, "HEAT_AR": 0, "ACREAGE": 0.28, "JUST": 1372307, "BLDG": 0, "S_DATE": 1616976000000, "AMT": 1350000, "VI": "I", "STORIES": 0, "Shape__Area": 12098.531584704402}, "geometry": {"type": "Polygon", "coordinates": [[[-82.45469029805571, 27.919748620586663], [-82.45467889771557, 27.920102603074152], [-82.45479526343743, 27.920090726673568], [-82.45491062297113, 27.920072692701062], [-82.45502456205759, 27.920048564794403], [-82.45492731257141, 27.919711912877723], [-82.45484955793911, 27.919730032062645], [-82.45477036763687, 27.919742296553544], [-82.45469029805571, 27.919748620586663]]]}}, {"type": "Feature", "properties": {"OBJECTID": 508141, "FOLIO": "195794.0000", "PIN": "A-36-29-18-509-000070-00018.0", "TYPE": null, "SITE_ADDR": "530 Suwanee Cir", "SITE_CITY": "Tampa", "SITE_ZIP": "33606", "DOR_C": "0100", "ACT": 2019, "EFF": 2022, "HEAT_AR": 3668, "ACREAGE": 0.16, "JUST": 1427707, "BLDG": 890835, "S_DATE": 1345766400000, "AMT": 270000, "VI": "I", "STORIES": 2, "Shape__Area": 7118.258784164024}, "geometry": {"type": "Polygon", "coordinates": [[[-82.45507348708871, 27.918717643037255], [-82.45523266012465, 27.919052494814405], [-82.4553862956674, 27.918996561514085], [-82.45522531080026, 27.918658305670185], [-82.45507348708871, 27.918717643037255]]]}}, {"type": "Feature", "properties": {"OBJECTID": 508146, "FOLIO": "195800.0000", "PIN": "A-36-29-18-509-000071-00006.0", "TYPE": null, "SITE_ADDR": "694 Geneva Pl", "SITE_CITY": "Tampa", "SITE_ZIP": "33606", "DOR_C": "0100", "ACT": 2017, "EFF": 2021, "HEAT_AR": 3892, "ACREAGE": 0.14, "JUST": 2087646, "BLDG": 1441236, "S_DATE": 1417996800000, "AMT": 386400, "VI": "I", "STORIES": 2, "Shape__Area": 6130.558596123908}, "geometry": {"type": "Polygon", "coordinates": [[[-82.45370941216571, 27.91681003042937], [-82.4537788966384, 27.917084254517228], [-82.45395236607689, 27.917011311000703], [-82.45388117304722, 27.916735527838853], [-82.4538256631408, 27.916763454613207], [-82.45376833818614, 27.916788319126272], [-82.45370941216571, 27.91681003042937]]]}}, {"type": "Feature", "properties": {"OBJECTID": 508152, "FOLIO": "195807.0000", "PIN": "A-36-29-18-509-000071-00017.0", "TYPE": null, "SITE_ADDR": "672 Geneva Pl", "SITE_CITY": "Tampa", "SITE_ZIP": "33606", "DOR_C": "0100", "ACT": 1964, "EFF": 1994, "HEAT_AR": 2225, "ACREAGE": 0.13, "JUST": 848477, "BLDG": 0, "S_DATE": 738892800000, "AMT": 162000, "VI": "I", "STORIES": 2, "Shape__Area": 5691.50432920642}, "geometry": {"type": "Polygon", "coordinates": [[[-82.45523022663467, 27.91671274679754], [-82.4552583009434, 27.91675046168045], [-82.4552801658319, 27.916791292367357], [-82.45529539124816, 27.916834436229124], [-82.45558833034224, 27.916725697583168], [-82.4555439770061, 27.916646313358857], [-82.45549691137431, 27.916568172592584], [-82.45523022663467, 27.91671274679754]]]}}, {"type": "Feature", "properties": {"OBJECTID": 508155, "FOLIO": "195810.0000", "PIN": "A-36-29-18-509-000071-00021.0", "TYPE": null, "SITE_ADDR": "664 Geneva Pl", "SITE_CITY": "Tampa", "SITE_ZIP": "33606", "DOR_C": "0000", "ACT": 0, "EFF": 0, "HEAT_AR": 0, "ACREAGE": 0.17, "JUST": 906240, "BLDG": 0, "S_DATE": 1438041600000, "AMT": 575000, "VI": "I", "STORIES": 0, "Shape__Area": 7294.002975324244}, "geometry": {"type": "Polygon", "coordinates": [[[-82.45530098376405, 27.917171309768687], [-82.45528235103116, 27.917234436738994], [-82.45525694634951, 27.917295672059264], [-82.45563751348138, 27.91741538106251], [-82.45568653489012, 27.91726806183585], [-82.45568995288151, 27.91724150774829], [-82.45530098376405, 27.917171309768687]]]}}, {"type": "Feature", "properties": {"OBJECTID": 508157, "FOLIO": "195812.0000", "PIN": "A-36-29-18-509-000071-00024.0", "TYPE": null, "SITE_ADDR": "658 Geneva Pl", "SITE_CITY": "Tampa", "SITE_ZIP": "33606", "DOR_C": "0100", "ACT": 2022, "EFF": 2024, "HEAT_AR": 4875, "ACREAGE": 0.26, "JUST": 3104735, "BLDG": 1563414, "S_DATE": 1578528000000, "AMT": 910000, "VI": "I", "STORIES": 2, "Shape__Area": 11269.717368596566}, "geometry": {"type": "Polygon", "coordinates": [[[-82.45494443439222, 27.917633488149747], [-82.45517322793235, 27.917897254185153], [-82.45523883347244, 27.91786475345157], [-82.45530068193209, 27.917826882188734], [-82.45535821801165, 27.917783982448213], [-82.45541092519284, 27.917736437665067], [-82.45512349335843, 27.917482134474593], [-82.45506683873242, 27.917535365682628], [-82.45500709639552, 27.91758586462126], [-82.45494443439222, 27.917633488149747]]]}}, {"type": "Feature", "properties": {"OBJECTID": 508162, "FOLIO": "195818.0000", "PIN": "A-36-29-18-509-000071-00032.0", "TYPE": null, "SITE_ADDR": "642 Geneva Pl", "SITE_CITY": "Tampa", "SITE_ZIP": "33606", "DOR_C": "0100", "ACT": 1953, "EFF": 1989, "HEAT_AR": 1508, "ACREAGE": 0.14, "JUST": 1045622, "BLDG": 155619, "S_DATE": 1767744000000, "AMT": 1320000, "VI": "I", "STORIES": 1, "Shape__Area": 6197.612646312414}, "geometry": {"type": "Polygon", "coordinates": [[[-82.45379784471687, 27.918121437155865], [-82.45396628860001, 27.91838603747269], [-82.45404054029564, 27.918353760588715], [-82.45411668070261, 27.91832516471345], [-82.45396182489708, 27.9180516355126], [-82.45387930755463, 27.918085560327118], [-82.45379784471687, 27.918121437155865]]]}}, {"type": "Feature", "properties": {"OBJECTID": 508164, "FOLIO": "195820.0000", "PIN": "A-36-29-18-509-000071-00034.0", "TYPE": null, "SITE_ADDR": "638 Geneva Pl", "SITE_CITY": "Tampa", "SITE_ZIP": "33606", "DOR_C": "0100", "ACT": 1960, "EFF": 2006, "HEAT_AR": 1495, "ACREAGE": 0.15, "JUST": 1094376, "BLDG": 201865, "S_DATE": 1355443200000, "AMT": 505000, "VI": "I", "STORIES": 1, "Shape__Area": 6438.294659402286}, "geometry": {"type": "Polygon", "coordinates": [[[-82.45346928254493, 27.918273034056597], [-82.45366985902598, 27.918535492205393], [-82.45381091914155, 27.918456854853158], [-82.4536354627992, 27.918195963810447], [-82.45346928254493, 27.918273034056597]]]}}, {"type": "Feature", "properties": {"OBJECTID": 508168, "FOLIO": "195824.0000", "PIN": "A-36-29-18-509-000071-00038.0", "TYPE": null, "SITE_ADDR": "628 Jamaica Ave", "SITE_CITY": "Tampa", "SITE_ZIP": "33606", "DOR_C": "0000", "ACT": 0, "EFF": 0, "HEAT_AR": 0, "ACREAGE": 0.21, "JUST": 1218432, "BLDG": 0, "S_DATE": 962236800000, "AMT": 326800, "VI": "I", "STORIES": 0, "Shape__Area": 9346.869776695277}, "geometry": {"type": "Polygon", "coordinates": [[[-82.45294925539038, 27.91869049905491], [-82.45290014798924, 27.918765799331794], [-82.45285695073264, 27.918843904726867], [-82.45281986529976, 27.918924450908662], [-82.45314871341665, 27.919026926402765], [-82.453194698769, 27.918939682900618], [-82.45324761573563, 27.91885559579074], [-82.45294925539038, 27.91869049905491]]]}}, {"type": "Feature", "properties": {"OBJECTID": 508204, "FOLIO": "195869.0000", "PIN": "A-36-29-18-509-000073-00006.0", "TYPE": null, "SITE_ADDR": "627 Jamaica Ave", "SITE_CITY": "Tampa", "SITE_ZIP": "33606", "DOR_C": "0100", "ACT": 2008, "EFF": 2016, "HEAT_AR": 3735, "ACREAGE": 0.25, "JUST": 1590144, "BLDG": 899837, "S_DATE": 1511740800000, "AMT": 945000, "VI": "I", "STORIES": 2, "Shape__Area": 10682.707085949341}, "geometry": {"type": "Polygon", "coordinates": [[[-82.45251829070352, 27.918359814281665], [-82.45239747521377, 27.918488967004084], [-82.45234482100277, 27.918545252180454], [-82.4527203048985, 27.91871526585397], [-82.45275974752224, 27.918650381513153], [-82.4528028857788, 27.918587379186437], [-82.45284960454087, 27.918526425293578], [-82.45251829070352, 27.918359814281665]]]}}, {"type": "Feature", "properties": {"OBJECTID": 508224, "FOLIO": "195894.0000", "PIN": "A-30-29-19-509-000089-00006.0", "TYPE": null, "SITE_ADDR": "619 Danube Av", "SITE_CITY": "Tampa", "SITE_ZIP": "33606", "DOR_C": "0100", "ACT": 2020, "EFF": 2022, "HEAT_AR": 3723, "ACREAGE": 0.15, "JUST": 1807213, "BLDG": 1371613, "S_DATE": 1602201600000, "AMT": 1270000, "VI": "I", "STORIES": 2, "Shape__Area": 6356.771437719889}, "geometry": {"type": "Polygon", "coordinates": [[[-82.45041984123894, 27.919986472588114], [-82.45010779518994, 27.920180531193328], [-82.45013180368056, 27.920205207839487], [-82.45017635268653, 27.92025098895531], [-82.4502086174, 27.92028414568837], [-82.45053340795442, 27.92009433616733], [-82.45047562729417, 27.92004123291122], [-82.45041984123894, 27.919986472588114]]]}}, {"type": "Feature", "properties": {"OBJECTID": 508261, "FOLIO": "195931.0000", "PIN": "A-30-29-19-509-000090-00025.0", "TYPE": null, "SITE_ADDR": "620 Columbia Dr", "SITE_CITY": "Tampa", "SITE_ZIP": "33606", "DOR_C": "0100", "ACT": 1963, "EFF": 2006, "HEAT_AR": 1581, "ACREAGE": 0.11, "JUST": 612935, "BLDG": 202239, "S_DATE": 942019200000, "AMT": 160000, "VI": "I", "STORIES": 1, "Shape__Area": 4871.053101836115}, "geometry": {"type": "Polygon", "coordinates": [[[-82.44927437350161, 27.920711590644867], [-82.44900443489813, 27.920860207207753], [-82.44910628944649, 27.920959032720166], [-82.44937085519105, 27.92081445014258], [-82.44935038794029, 27.920792622474995], [-82.44927437350161, 27.920711590644867]]]}}, {"type": "Feature", "properties": {"OBJECTID": 508263, "FOLIO": "195933.0000", "PIN": "A-31-29-19-509-000090-00027.0", "TYPE": null, "SITE_ADDR": "624 Columbia Dr", "SITE_CITY": "Tampa", "SITE_ZIP": "33606", "DOR_C": "0100", "ACT": 1963, "EFF": 1994, "HEAT_AR": 1225, "ACREAGE": 0.14, "JUST": 586254, "BLDG": 142860, "S_DATE": 623203200000, "AMT": 80000, "VI": "I", "STORIES": 1, "Shape__Area": 6135.470304553943}, "geometry": {"type": "Polygon", "coordinates": [[[-82.44903027406896, 27.92045135799552], [-82.44879364330161, 27.92065669255831], [-82.44889380384649, 27.920757972009433], [-82.44916296072967, 27.92059279886442], [-82.4491059167489, 27.92053200584657], [-82.44903027406896, 27.92045135799552]]]}}, {"type": "Feature", "properties": {"OBJECTID": 508319, "FOLIO": "195990.0000", "PIN": "A-36-29-18-509-000093-00014.0", "TYPE": null, "SITE_ADDR": "613 Bosphorous Ave", "SITE_CITY": "Tampa", "SITE_ZIP": "33606", "DOR_C": "0100", "ACT": 2006, "EFF": 2016, "HEAT_AR": 3442, "ACREAGE": 0.15, "JUST": 1291823, "BLDG": 818875, "S_DATE": 1344297600000, "AMT": 739000, "VI": "I", "STORIES": 2, "Shape__Area": 6348.767102226855}, "geometry": {"type": "Polygon", "coordinates": [[[-82.45267652439138, 27.919808877880428], [-82.45233712142982, 27.920013429040264], [-82.45240958098535, 27.920094992444813], [-82.45243406616325, 27.92012252778063], [-82.45274587344888, 27.919931710717425], [-82.4527096083393, 27.919871002513368], [-82.45267652439138, 27.919808877880428]]]}}, {"type": "Feature", "properties": {"OBJECTID": 508331, "FOLIO": "196001.0000", "PIN": "A-36-29-18-509-000093-00027.0", "TYPE": null, "SITE_ADDR": "614 Luzon Ave", "SITE_CITY": "Tampa", "SITE_ZIP": "33606", "DOR_C": "0100", "ACT": 2018, "EFF": 2022, "HEAT_AR": 4566, "ACREAGE": 0.21, "JUST": 2016389, "BLDG": 1360307, "S_DATE": 1731024000000, "AMT": 2685000, "VI": "I", "STORIES": 2, "Shape__Area": 9125.499578950446}, "geometry": {"type": "Polygon", "coordinates": [[[-82.45240958098535, 27.920094992444813], [-82.45212912636593, 27.920304492358913], [-82.45220250382665, 27.920385922005565], [-82.45227371048857, 27.920468859457014], [-82.45256019411394, 27.920264537364677], [-82.45253888218839, 27.920240539929708], [-82.45243406616325, 27.92012252778063], [-82.45240958098535, 27.920094992444813]]]}}, {"type": "Feature", "properties": {"OBJECTID": 508340, "FOLIO": "196013.0000", "PIN": "A-36-29-18-509-000094-00002.0", "TYPE": null, "SITE_ADDR": "575 Bosphorous Ave", "SITE_CITY": "Tampa", "SITE_ZIP": "33606", "DOR_C": "0100", "ACT": 1954, "EFF": 2004, "HEAT_AR": 2998, "ACREAGE": 0.32, "JUST": 1171911, "BLDG": 326658, "S_DATE": 1688688000000, "AMT": 1555000, "VI": "I", "STORIES": 1, "Shape__Area": 13883.228588084507}, "geometry": {"type": "Polygon", "coordinates": [[[-82.45368399595306, 27.920660354087794], [-82.45349550228683, 27.921000782342222], [-82.4536550278508, 27.921034886400417], [-82.45384412185724, 27.921075300917042], [-82.45385400882759, 27.921077413386325], [-82.45396446684762, 27.92075151716484], [-82.45386957712334, 27.920724600328562], [-82.4537760322251, 27.920694194766824], [-82.45368399595306, 27.920660354087794]]]}}, {"type": "Feature", "properties": {"OBJECTID": 508344, "FOLIO": "196017.0000", "PIN": "A-36-29-18-509-000094-00008.0", "TYPE": null, "SITE_ADDR": "517 Bosphorous Ave", "SITE_CITY": "Tampa", "SITE_ZIP": "33606", "DOR_C": "0100", "ACT": 1955, "EFF": 1990, "HEAT_AR": 1760, "ACREAGE": 0.22, "JUST": 695381, "BLDG": 157243, "S_DATE": null, "AMT": 0, "VI": null, "STORIES": 1, "Shape__Area": 9404.234559456801}, "geometry": {"type": "Polygon", "coordinates": [[[-82.45458111373722, 27.92083713984218], [-82.45457868022925, 27.9212322690297], [-82.45468224503897, 27.921227910574373], [-82.45482974216942, 27.921221673450862], [-82.45482309444807, 27.921194409943173], [-82.45473367658366, 27.92082766809242], [-82.45458111373722, 27.92083713984218]]]}}, {"type": "Feature", "properties": {"OBJECTID": 508355, "FOLIO": "196032.0000", "PIN": "A-36-29-18-509-000094-00025.0", "TYPE": null, "SITE_ADDR": "590 Luzon Ave", "SITE_CITY": "Tampa", "SITE_ZIP": "33606", "DOR_C": "0000", "ACT": 0, "EFF": 0, "HEAT_AR": 0, "ACREAGE": 0.29, "JUST": 730187, "BLDG": 0, "S_DATE": -220924800000, "AMT": 27000, "VI": null, "STORIES": 0, "Shape__Area": 12477.248411611248}, "geometry": {"type": "Polygon", "coordinates": [[[-82.45327166338824, 27.920952946499074], [-82.45319323526175, 27.92105493664642], [-82.4531186628141, 27.921159183643272], [-82.45304802786572, 27.921265572619756], [-82.45304218626603, 27.921271704800226], [-82.45303754056735, 27.921278596491575], [-82.45303421293931, 27.921286065004082], [-82.45303229196905, 27.921293914222105], [-82.45303182758896, 27.921301936425778], [-82.45303283212263, 27.921309919506708], [-82.45303527929157, 27.921317652385884], [-82.4530391042376, 27.921324930427996], [-82.45304420660082, 27.921331562650767], [-82.45305045052706, 27.921337373529646], [-82.45305767180214, 27.921342208388992], [-82.45306567889776, 27.92134594061789], [-82.45307426211518, 27.921348471640087], [-82.45330984937685, 27.92136953414874], [-82.45347427126713, 27.92099625983839], [-82.45327166338824, 27.920952946499074]]]}}, {"type": "Feature", "properties": {"OBJECTID": 508358, "FOLIO": "196035.0000", "PIN": "A-36-29-18-509-000095-00004.0", "TYPE": null, "SITE_ADDR": "489 Bosphorous Ave", "SITE_CITY": "Tampa", "SITE_ZIP": "33606", "DOR_C": "0100", "ACT": 1951, "EFF": 1988, "HEAT_AR": 2337, "ACREAGE": 0.3, "JUST": 944394, "BLDG": 220270, "S_DATE": 867715200000, "AMT": 165000, "VI": "I", "STORIES": 1, "Shape__Area": 12876.867231311246}, "geometry": {"type": "Polygon", "coordinates": [[[-82.45581378442205, 27.92079930626235], [-82.4556195869653, 27.921100094141725], [-82.45568891437381, 27.921135841447775], [-82.45571173265209, 27.921193720933456], [-82.45574224949436, 27.921271131205213], [-82.45607481879782, 27.92109907951524], [-82.45603642923682, 27.921039371005456], [-82.45599554499843, 27.920980984660076], [-82.45595932987233, 27.920928832079177], [-82.45591656979771, 27.92088074848642], [-82.45586783641876, 27.92083737901642], [-82.45581378442205, 27.92079930626235]]]}}, {"type": "Feature", "properties": {"OBJECTID": 508364, "FOLIO": "196038.5550", "PIN": "A-36-29-18-509-000095-00011.1", "TYPE": null, "SITE_ADDR": "475 Bosphorous Av", "SITE_CITY": "Tampa", "SITE_ZIP": "33606", "DOR_C": "0100", "ACT": 1996, "EFF": 2010, "HEAT_AR": 3700, "ACREAGE": 0.14, "JUST": 1535588, "BLDG": 970074, "S_DATE": 1285113600000, "AMT": 600000, "VI": "I", "STORIES": 2, "Shape__Area": 6158.161731525165}, "geometry": {"type": "Polygon", "coordinates": [[[-82.45598416465957, 27.921884780338285], [-82.45601208384285, 27.921955597964715], [-82.45614552123477, 27.922007773334848], [-82.45633091661446, 27.921992524808537], [-82.45632244089296, 27.921891496730296], [-82.45631481493422, 27.921780401188798], [-82.45598416465957, 27.921884780338285]]]}}, {"type": "Feature", "properties": {"OBJECTID": 508489, "FOLIO": "196171.0000", "PIN": "A-30-29-19-509-000103-00012.0", "TYPE": null, "SITE_ADDR": "414 Columbia Dr", "SITE_CITY": "Tampa", "SITE_ZIP": "33606", "DOR_C": "0000", "ACT": 0, "EFF": 0, "HEAT_AR": 0, "ACREAGE": 0.16, "JUST": 536967, "BLDG": 0, "S_DATE": 1420675200000, "AMT": 395000, "VI": "I", "STORIES": 0, "Shape__Area": 6963.252350977858}, "geometry": {"type": "Polygon", "coordinates": [[[-82.45127890857152, 27.92448171918371], [-82.45137291111995, 27.924657144964016], [-82.45164838142509, 27.924534360771826], [-82.45155563027546, 27.924362122019982], [-82.45127890857152, 27.92448171918371]]]}}, {"type": "Feature", "properties": {"OBJECTID": 508549, "FOLIO": "196234.0000", "PIN": "A-30-29-19-509-000107-00032.0", "TYPE": null, "SITE_ADDR": "325 Columbia Dr", "SITE_CITY": "Tampa", "SITE_ZIP": "33606", "DOR_C": "0100", "ACT": 2014, "EFF": 2020, "HEAT_AR": 2879, "ACREAGE": 0.16, "JUST": 1372157, "BLDG": 781406, "S_DATE": 893980800000, "AMT": 100500, "VI": "I", "STORIES": 2, "Shape__Area": 7068.993597229318}, "geometry": {"type": "Polygon", "coordinates": [[[-82.45140112138334, 27.925720388179435], [-82.45149754788618, 27.92589764771936], [-82.45177413016012, 27.925780856180562], [-82.45167804560985, 27.925604062261872], [-82.45140112138334, 27.925720388179435]]]}}, {"type": "Feature", "properties": {"OBJECTID": 508907, "FOLIO": "196258.0000", "PIN": "A-30-29-19-509-000109-00011.0", "TYPE": null, "SITE_ADDR": "503 Columbia Dr", "SITE_CITY": "Tampa", "SITE_ZIP": "33606", "DOR_C": "0100", "ACT": 1999, "EFF": 2012, "HEAT_AR": 1968, "ACREAGE": 0.13, "JUST": 805729, "BLDG": 380968, "S_DATE": 1121385600000, "AMT": 515000, "VI": "I", "STORIES": 2, "Shape__Area": 5466.98510743847}, "geometry": {"type": "Polygon", "coordinates": [[[-82.45021230594529, 27.923594928146994], [-82.45027799024628, 27.923715352957903], [-82.45058884129467, 27.923581866263923], [-82.45052212680154, 27.92345954628687], [-82.45021230594529, 27.923594928146994]]]}}, {"type": "Feature", "properties": {"OBJECTID": 508917, "FOLIO": "196268.0000", "PIN": "A-30-29-19-509-000109-00020.0", "TYPE": null, "SITE_ADDR": "516 Channel Dr", "SITE_CITY": "Tampa", "SITE_ZIP": "33606", "DOR_C": "0100", "ACT": 1960, "EFF": 1992, "HEAT_AR": 1280, "ACREAGE": 0.13, "JUST": 669689, "BLDG": 145289, "S_DATE": 796694400000, "AMT": 110000, "VI": "I", "STORIES": 1, "Shape__Area": 5560.366250491782}, "geometry": {"type": "Polygon", "coordinates": [[[-82.44980534280624, 27.922848514627784], [-82.44949773552516, 27.922987325863335], [-82.44956631074972, 27.923110602259975], [-82.44987283540767, 27.92297231780881], [-82.44980534280624, 27.922848514627784]]]}}, {"type": "Feature", "properties": {"OBJECTID": 509210, "FOLIO": "196305.0314", "PIN": "A-24-29-18-9D7-000000-01104.0", "TYPE": null, "SITE_ADDR": "777 N Ashley Dr 1104", "SITE_CITY": "Tampa", "SITE_ZIP": "33602", "DOR_C": "0400", "ACT": 2007, "EFF": 2016, "HEAT_AR": 741, "ACREAGE": 0, "JUST": 280262, "BLDG": 280162, "S_DATE": 1593475200000, "AMT": 315000, "VI": "I", "STORIES": 1, "Shape__Area": 3.999984000015998}, "geometry": {"type": "Polygon", "coordinates": [[[-82.46036499089533, 27.949990011436007], [-82.46037118572653, 27.949989990718777], [-82.46037116239624, 27.949984489692767], [-82.46036496756538, 27.949984510409987], [-82.46036499089533, 27.949990011436007]]]}}, {"type": "Feature", "properties": {"OBJECTID": 509853, "FOLIO": "196461.0000", "PIN": "A-36-29-18-50I-000004-00013.0", "TYPE": null, "SITE_ADDR": "604 Superior Ave", "SITE_CITY": "Tampa", "SITE_ZIP": "33606", "DOR_C": "0000", "ACT": 0, "EFF": 0, "HEAT_AR": 0, "ACREAGE": 0.15, "JUST": 561000, "BLDG": 0, "S_DATE": 1475193600000, "AMT": 540000, "VI": "I", "STORIES": 0, "Shape__Area": 6612.528394944535}, "geometry": {"type": "Polygon", "coordinates": [[[-82.45642465948075, 27.914888640823143], [-82.45649254255368, 27.91500880826166], [-82.45649502527571, 27.91501724304807], [-82.45649909374755, 27.915025177153264], [-82.4565046291453, 27.91503237724484], [-82.45651146803299, 27.915038630893775], [-82.45651940950806, 27.915043754672563], [-82.45652821927992, 27.915047597751304], [-82.4565376398516, 27.915050047278584], [-82.45654739154335, 27.915051030182923], [-82.45655718978533, 27.91505051852987], [-82.45656674612611, 27.91504852771409], [-82.45666533746753, 27.91499586528596], [-82.4567650103782, 27.91494483167407], [-82.45666733812494, 27.914757978847252], [-82.45642465948075, 27.914888640823143]]]}}, {"type": "Feature", "properties": {"OBJECTID": 509866, "FOLIO": "196482.0000", "PIN": "A-36-29-18-50I-000000-00003.0", "TYPE": null, "SITE_ADDR": "635 Ontario Ave", "SITE_CITY": "Tampa", "SITE_ZIP": "33606", "DOR_C": "0100", "ACT": 1960, "EFF": 1992, "HEAT_AR": 2681, "ACREAGE": 0.22, "JUST": 944648, "BLDG": 269071, "S_DATE": 1605571200000, "AMT": 775000, "VI": "I", "STORIES": 2, "Shape__Area": 9454.8308243665}, "geometry": {"type": "Polygon", "coordinates": [[[-82.45511705534032, 27.91227965208568], [-82.4549638602871, 27.91229952300738], [-82.4549240301516, 27.912304689110474], [-82.45481112549461, 27.912377221852847], [-82.45498603074056, 27.91261850035477], [-82.45505707906331, 27.91257769213042], [-82.4551309843788, 27.912541104964607], [-82.45520742836537, 27.912508896022644], [-82.45511705534032, 27.91227965208568]]]}}, {"type": "Feature", "properties": {"OBJECTID": 509868, "FOLIO": "196488.0000", "PIN": "A-36-29-18-50I-000005-00005.0", "TYPE": null, "SITE_ADDR": "631 Ontario Ave", "SITE_CITY": "Tampa", "SITE_ZIP": "33606", "DOR_C": "0100", "ACT": 1959, "EFF": 1992, "HEAT_AR": 2268, "ACREAGE": 0.26, "JUST": 1000672, "BLDG": 231575, "S_DATE": 841536000000, "AMT": 200000, "VI": "I", "STORIES": 1, "Shape__Area": 11277.332209405049}, "geometry": {"type": "Polygon", "coordinates": [[[-82.45455271872173, 27.912543291887317], [-82.45445676789139, 27.912604969178602], [-82.45439906455822, 27.912642046709074], [-82.45434979956788, 27.91272081153427], [-82.45462369495262, 27.912978391054423], [-82.45467257522937, 27.912906035469835], [-82.454727802883, 27.912837376878294], [-82.45478902418117, 27.912772853209916], [-82.45455271872173, 27.912543291887317]]]}}, {"type": "Feature", "properties": {"OBJECTID": 509904, "FOLIO": "196609.0000", "PIN": "A-36-29-18-50I-000006-00014.1", "TYPE": null, "SITE_ADDR": "806 S Davis Blvd", "SITE_CITY": "Tampa", "SITE_ZIP": "33606", "DOR_C": "0100", "ACT": 1964, "EFF": 2007, "HEAT_AR": 3108, "ACREAGE": 0.21, "JUST": 1064265, "BLDG": 434416, "S_DATE": 1418601600000, "AMT": 690000, "VI": "I", "STORIES": 2, "Shape__Area": 9147.420346009867}, "geometry": {"type": "Polygon", "coordinates": [[[-82.45353993770108, 27.91515249017664], [-82.45389465277351, 27.91533469496303], [-82.4539117338739, 27.915311753390785], [-82.45393816300172, 27.915204317486225], [-82.4539605533932, 27.915113309849843], [-82.45359992944807, 27.914996354996006], [-82.45357171977848, 27.915074964476524], [-82.45353993770108, 27.91515249017664]]]}}, {"type": "Feature", "properties": {"OBJECTID": 509918, "FOLIO": "196659.0000", "PIN": "A-36-29-18-50I-000007-00009.0", "TYPE": null, "SITE_ADDR": "629 Hudson Ave", "SITE_CITY": "Tampa", "SITE_ZIP": "33606", "DOR_C": "0000", "ACT": 0, "EFF": 0, "HEAT_AR": 0, "ACREAGE": 0.15, "JUST": 525334, "BLDG": 0, "S_DATE": 1637280000000, "AMT": 665000, "VI": "I", "STORIES": 0, "Shape__Area": 6496.525124205012}, "geometry": {"type": "Polygon", "coordinates": [[[-82.4513814200902, 27.91810601586964], [-82.45162492131051, 27.91833420247975], [-82.45176242173989, 27.91823329911325], [-82.45152405006625, 27.918010047492544], [-82.4513814200902, 27.91810601586964]]]}}, {"type": "Feature", "properties": {"OBJECTID": 509967, "FOLIO": "196779.0000", "PIN": "A-25-29-18-50I-000009-00001.0", "TYPE": null, "SITE_ADDR": "132 Huron Ave", "SITE_CITY": "Tampa", "SITE_ZIP": "33606", "DOR_C": "0100", "ACT": 1974, "EFF": 2010, "HEAT_AR": 2269, "ACREAGE": 0.17, "JUST": 1071217, "BLDG": 481705, "S_DATE": 1402531200000, "AMT": 550000, "VI": "I", "STORIES": 2, "Shape__Area": 7611.92961280824}, "geometry": {"type": "Polygon", "coordinates": [[[-82.45612542485857, 27.92271592238686], [-82.45624653147188, 27.922995116831864], [-82.45630320187246, 27.922986731569107], [-82.45635904123682, 27.922974726739028], [-82.45641375619735, 27.922959162874108], [-82.45642285542267, 27.922957265625644], [-82.45643147773518, 27.922954058746587], [-82.45643938475165, 27.922949630561256], [-82.45644635854462, 27.922944101813265], [-82.45645220773808, 27.922937625645172], [-82.45645677154121, 27.922930380365887], [-82.45645992378925, 27.92292256402268], [-82.4564615790318, 27.92291439257621], [-82.45646169045905, 27.9229060899808], [-82.45646025599001, 27.922897886359376], [-82.45645731517145, 27.922890005379998], [-82.45637512683966, 27.92279900916728], [-82.45628864940883, 27.922711205419823], [-82.45619803900104, 27.92262675514501], [-82.45612542485857, 27.92271592238686]]]}}, {"type": "Feature", "properties": {"OBJECTID": 509983, "FOLIO": "196823.0000", "PIN": "A-36-29-18-50I-000009-00014.0", "TYPE": null, "SITE_ADDR": "86 Huron Ave", "SITE_CITY": "Tampa", "SITE_ZIP": "33606", "DOR_C": "0100", "ACT": 1959, "EFF": 2005, "HEAT_AR": 2116, "ACREAGE": 0.17, "JUST": 804066, "BLDG": 255654, "S_DATE": 1681171200000, "AMT": 1100000, "VI": "I", "STORIES": 1, "Shape__Area": 7259.9028976200225}, "geometry": {"type": "Polygon", "coordinates": [[[-82.45307879153407, 27.922093039514323], [-82.45328857489352, 27.922126289217974], [-82.45338886918131, 27.921857694263917], [-82.45332667892067, 27.92184794168143], [-82.45316353333018, 27.921822349926426], [-82.45307879153407, 27.922093039514323]]]}}, {"type": "Feature", "properties": {"OBJECTID": 509989, "FOLIO": "196831.0000", "PIN": "A-36-29-18-50I-000009-00020.0", "TYPE": null, "SITE_ADDR": "581 Luzon Ave", "SITE_CITY": "Tampa", "SITE_ZIP": "33606", "DOR_C": "0100", "ACT": 1960, "EFF": 2006, "HEAT_AR": 2153, "ACREAGE": 0.2, "JUST": 846106, "BLDG": 252060, "S_DATE": 1376006400000, "AMT": 377500, "VI": "I", "STORIES": 1, "Shape__Area": 8529.364945805431}, "geometry": {"type": "Polygon", "coordinates": [[[-82.45366616366623, 27.921580784512475], [-82.4535468117973, 27.921882478073652], [-82.45356977038828, 27.92188608794752], [-82.4537683324896, 27.921917227023314], [-82.45389800535487, 27.921616850185718], [-82.45366616366623, 27.921580784512475]]]}}, {"type": "Feature", "properties": {"OBJECTID": 125743, "FOLIO": "34758.1404", "PIN": "A-35-27-19-1E4-000001-00002.0", "TYPE": null, "SITE_ADDR": "15704 Cochester Rd", "SITE_CITY": "Tampa", "SITE_ZIP": "33647", "DOR_C": "0100", "ACT": 1999, "EFF": 2017, "HEAT_AR": 5131, "ACREAGE": 0.54, "JUST": 1467882, "BLDG": 1178655, "S_DATE": 1596672000000, "AMT": 935000, "VI": "I", "STORIES": 2, "Shape__Area": 23420.27169214417}, "geometry": {"type": "Polygon", "coordinates": [[[-82.38072333648607, 28.094085637248103], [-82.38087448238582, 28.093795838401796], [-82.38037107538892, 28.093518447096393], [-82.38031670776735, 28.093598912187247], [-82.38026756026409, 28.09368197523145], [-82.38026272083489, 28.093693002418586], [-82.38025971075054, 28.093704530780848], [-82.3802585932791, 28.093716321909792], [-82.38025938995548, 28.09372813390299], [-82.38026208669314, 28.09373972315181], [-82.38027594703462, 28.093764794875884], [-82.3802851719139, 28.09379149293566], [-82.38028952797227, 28.09381914659447], [-82.380288906942, 28.093847064915625], [-82.38028332465791, 28.093874544886766], [-82.38027292013888, 28.09390089939678], [-82.38072333648607, 28.094085637248103]]]}}, {"type": "Feature", "properties": {"OBJECTID": 213889, "FOLIO": "59400.1090", "PIN": "A-16-27-20-22I-000008-00010.0", "TYPE": null, "SITE_ADDR": "10220 Thicket Point Way", "SITE_CITY": "Tampa", "SITE_ZIP": "33647", "DOR_C": "0100", "ACT": 1998, "EFF": 2012, "HEAT_AR": 2738, "ACREAGE": 0.27, "JUST": 430439, "BLDG": 285765, "S_DATE": 904608000000, "AMT": 203200, "VI": "I", "STORIES": 2, "Shape__Area": 11749.617503164169}, "geometry": {"type": "Polygon", "coordinates": [[[-82.31410012279284, 28.138344063780348], [-82.31413493940704, 28.138454243261567], [-82.3142998846646, 28.138610226893867], [-82.31440319313334, 28.138648819146788], [-82.31454176662304, 28.13835733765765], [-82.31451710070861, 28.138348425348084], [-82.31449427196415, 28.138336259289762], [-82.31447382383185, 28.138321127905876], [-82.31445624193773, 28.138303391944078], [-82.31444194183867, 28.138283471871095], [-82.31443126492931, 28.138261840662718], [-82.31410012279284, 28.138344063780348]]]}}, {"type": "Feature", "properties": {"OBJECTID": 392738, "FOLIO": "94636.0000", "PIN": "A-18-29-18-ZZZ-000005-34540.0", "TYPE": null, "SITE_ADDR": "3000 Bayport Dr", "SITE_CITY": "Tampa", "SITE_ZIP": "33607", "DOR_C": "1810", "ACT": 1985, "EFF": 2003, "HEAT_AR": 262369, "ACREAGE": 14.68, "JUST": 58341042, "BLDG": 58340942, "S_DATE": 1566432000000, "AMT": 80000000, "VI": "I", "STORIES": 15, "Shape__Area": 639446.4002577212}, "geometry": {"type": "Polygon", "coordinates": [[[-82.54975486930066, 27.965503686419204], [-82.54976181111579, 27.96515433935622], [-82.54813097219885, 27.965135407249818], [-82.54829335153087, 27.96544797819044], [-82.54841779586626, 27.965743852241037], [-82.54845656078919, 27.96582862109524], [-82.54850025449447, 27.965911650310417], [-82.5485488752571, 27.965992596975475], [-82.54860232204265, 27.966070774759263], [-82.54866040348061, 27.966146526429966], [-82.5487944756651, 27.966374286223658], [-82.54898954994682, 27.96656604659683], [-82.54907677091518, 27.96662242724912], [-82.54916716651066, 27.96667467029111], [-82.54926063813623, 27.966722775207867], [-82.54935679608757, 27.966766055918047], [-82.54945544971388, 27.96680520080849], [-82.54947384577382, 27.966834424763707], [-82.54949428229762, 27.966862560391736], [-82.54951667740163, 27.966889494315875], [-82.54954094212407, 27.96691512040693], [-82.54956698040655, 27.966939336173642], [-82.54959468706606, 27.966962043673192], [-82.54962395290411, 27.96698315490532], [-82.54965466059554, 27.967002582804604], [-82.54970205240701, 27.967027877345895], [-82.54975187547272, 27.967049171731723], [-82.54980370300122, 27.967066283574642], [-82.54985709110036, 27.967079065749758], [-82.54987617382028, 27.967082514279447], [-82.55040862905314, 27.96710968740714], [-82.5504584435809, 27.967111239703442], [-82.55055787679692, 27.9671031931319], [-82.55121402493168, 27.967068023811326], [-82.5516299094463, 27.96704875674662], [-82.5521062879535, 27.96702975467233], [-82.55342395707542, 27.96704543236143], [-82.55339360569754, 27.966997762287427], [-82.55327174487597, 27.966926394906135], [-82.5530523685914, 27.9667546814729], [-82.55300696087879, 27.96673492267451], [-82.55285551758563, 27.966633760957727], [-82.55273825436002, 27.966495330614], [-82.55268199901224, 27.96618990285342], [-82.55249129986606, 27.966116747430846], [-82.55232552077588, 27.965956851125128], [-82.55096614677632, 27.965885289644188], [-82.549592147725, 27.965869471245796], [-82.54959854106464, 27.965545568746464], [-82.54949940221842, 27.965544246493216], [-82.54950024688783, 27.965500921455767], [-82.54975486930066, 27.965503686419204]]]}}, {"type": "Feature", "properties": {"OBJECTID": 392749, "FOLIO": "94647.0020", "PIN": "A-14-29-17-ZZZ-000005-34700.0", "TYPE": null, "SITE_ADDR": "7700 W Courtney Campbell Cswy", "SITE_CITY": "Tampa", "SITE_ZIP": "33607", "DOR_C": "3913", "ACT": 1974, "EFF": 1995, "HEAT_AR": 149013, "ACREAGE": 3.17, "JUST": 5814206, "BLDG": 0, "S_DATE": 1445212800000, "AMT": 34500000, "VI": "I", "STORIES": 7, "Shape__Area": 138209.55690307808}, "geometry": {"type": "Polygon", "coordinates": [[[-82.57070328235879, 27.967329281156054], [-82.57072209699827, 27.966581401421433], [-82.57110770868614, 27.965868099425947], [-82.57065475653727, 27.965699692764062], [-82.56978007487298, 27.967394566014736], [-82.569966784077, 27.96744682686804], [-82.5700465504862, 27.967475421098186], [-82.5709120848286, 27.967785690422613], [-82.570885579223, 27.96775279417791], [-82.57086013335133, 27.96771886208698], [-82.57083603868553, 27.967684236756], [-82.57081310211635, 27.96764891898671], [-82.57079151957227, 27.967613250879367], [-82.57076875182965, 27.967573118994988], [-82.57075789810789, 27.967552878944794], [-82.57074791744269, 27.967532635272345], [-82.57073899729096, 27.967511699570732], [-82.57072737031235, 27.967478554781586], [-82.57071693599326, 27.967440277602098], [-82.57070967388466, 27.9674031748243], [-82.57070512139512, 27.96736606171001], [-82.57070328235879, 27.967329281156054]]]}}, {"type": "Feature", "properties": {"OBJECTID": 393425, "FOLIO": "94891.0362", "PIN": "A-12-28-18-B4W-000000-00001.0", "TYPE": null, "SITE_ADDR": "709 W Country Club Dr", "SITE_CITY": "Tampa", "SITE_ZIP": "33612", "DOR_C": "0100", "ACT": 1949, "EFF": 2002, "HEAT_AR": 1668, "ACREAGE": 0.21, "JUST": 289118, "BLDG": 202056, "S_DATE": 1563926400000, "AMT": 250000, "VI": "I", "STORIES": 1, "Shape__Area": 9165.164607457036}, "geometry": {"type": "Polygon", "coordinates": [[[-82.46424891874734, 28.054725172927114], [-82.46424990737225, 28.05499106750834], [-82.46454374128305, 28.054989868959886], [-82.46454289304612, 28.054723908939355], [-82.46424891874734, 28.054725172927114]]]}}, {"type": "Feature", "properties": {"OBJECTID": 393489, "FOLIO": "95002.0200", "PIN": "A-13-28-18-ZZZ-000005-36090.0", "TYPE": null, "SITE_ADDR": "11309 N Ola Ave", "SITE_CITY": "Tampa", "SITE_ZIP": "33612", "DOR_C": "0100", "ACT": 1965, "EFF": 1995, "HEAT_AR": 2164, "ACREAGE": 0.45, "JUST": 377696, "BLDG": 263666, "S_DATE": 1448323200000, "AMT": 153500, "VI": "I", "STORIES": 1, "Shape__Area": 19465.516213525116}, "geometry": {"type": "Polygon", "coordinates": [[[-82.46342351270495, 28.05133557185713], [-82.46266070156018, 28.051336552900725], [-82.46265928146785, 28.05155538756046], [-82.46342208366441, 28.051551959236708], [-82.46342351270495, 28.05133557185713]]]}}, {"type": "Feature", "properties": {"OBJECTID": 393706, "FOLIO": "95241.0000", "PIN": "A-13-28-18-3CE-000000-00067.0", "TYPE": null, "SITE_ADDR": "10112 N Dartmouth Ave", "SITE_CITY": "Tampa", "SITE_ZIP": "33612", "DOR_C": "0100", "ACT": 1955, "EFF": 1990, "HEAT_AR": 1211, "ACREAGE": 0.15, "JUST": 221447, "BLDG": 140828, "S_DATE": 1407974400000, "AMT": 53000, "VI": "I", "STORIES": 1, "Shape__Area": 6658.801574856323}, "geometry": {"type": "Polygon", "coordinates": [[[-82.46286978858996, 28.042009585067767], [-82.46316468260571, 28.04201074597377], [-82.46316579139733, 28.041818213413677], [-82.46287089790671, 28.04181705250376], [-82.46286978858996, 28.042009585067767]]]}}, {"type": "Feature", "properties": {"OBJECTID": 393832, "FOLIO": "95371.0000", "PIN": "A-13-28-18-3CI-000000-00003.0", "TYPE": null, "SITE_ADDR": "805 W 114th Ave", "SITE_CITY": "Tampa", "SITE_ZIP": "33612", "DOR_C": "0100", "ACT": 1958, "EFF": 1992, "HEAT_AR": 1068, "ACREAGE": 0.19, "JUST": 215957, "BLDG": 140501, "S_DATE": 607392000000, "AMT": 52000, "VI": "I", "STORIES": 1, "Shape__Area": 8307.79131957857}, "geometry": {"type": "Polygon", "coordinates": [[[-82.46634249179884, 28.052877648985923], [-82.46634390916144, 28.052572925038756], [-82.46611138206883, 28.052572302214408], [-82.46610996381317, 28.052876971121584], [-82.46632171923784, 28.05287753814299], [-82.46634249179884, 28.052877648985923]]]}}, {"type": "Feature", "properties": {"OBJECTID": 393844, "FOLIO": "95383.0000", "PIN": "A-13-28-18-3CI-000000-00015.0", "TYPE": null, "SITE_ADDR": "11311 N Boulevard", "SITE_CITY": "Tampa", "SITE_ZIP": "33612", "DOR_C": "0100", "ACT": 1958, "EFF": 1992, "HEAT_AR": 1188, "ACREAGE": 0.2, "JUST": 230292, "BLDG": 152724, "S_DATE": 1512518400000, "AMT": 135000, "VI": "I", "STORIES": 1, "Shape__Area": 8540.778160902566}, "geometry": {"type": "Polygon", "coordinates": [[[-82.46714475974039, 28.052029775779072], [-82.4671425989062, 28.05221679975681], [-82.46753199550562, 28.052219273717217], [-82.4675341556659, 28.05203224974153], [-82.46714475974039, 28.052029775779072]]]}}, {"type": "Feature", "properties": {"OBJECTID": 394011, "FOLIO": "95564.0000", "PIN": "A-13-28-18-3CO-000000-00007.0", "TYPE": null, "SITE_ADDR": "206 W 108th Ave", "SITE_CITY": "Tampa", "SITE_ZIP": "33612", "DOR_C": "0100", "ACT": 1958, "EFF": 1992, "HEAT_AR": 1281, "ACREAGE": 0.22, "JUST": 269045, "BLDG": 183879, "S_DATE": 1588291200000, "AMT": 207000, "VI": "I", "STORIES": 1, "Shape__Area": 9694.63881131901}, "geometry": {"type": "Polygon", "coordinates": [[[-82.461921882361, 28.046306649055097], [-82.46191833208943, 28.04592945352115], [-82.46169915598037, 28.045927919116817], [-82.46170270548717, 28.046305114665582], [-82.461921882361, 28.046306649055097]]]}}, {"type": "Feature", "properties": {"OBJECTID": 394725, "FOLIO": "96322.0000", "PIN": "A-14-28-18-3D6-000018-00014.0", "TYPE": null, "SITE_ADDR": "1009 W Meadowbrook Ave", "SITE_CITY": "Tampa", "SITE_ZIP": "33612", "DOR_C": "0100", "ACT": 1950, "EFF": 1988, "HEAT_AR": 1431, "ACREAGE": 0.3, "JUST": 260939, "BLDG": 144813, "S_DATE": 922924800000, "AMT": 85500, "VI": "I", "STORIES": 1, "Shape__Area": 13076.256124499676}, "geometry": {"type": "Polygon", "coordinates": [[[-82.4692472286509, 28.041245521155286], [-82.4696499010607, 28.04124628820167], [-82.46965353508615, 28.040969491793543], [-82.46925182125445, 28.04096789668103], [-82.4692472286509, 28.041245521155286]]]}}, {"type": "Feature", "properties": {"OBJECTID": 394935, "FOLIO": "96588.0000", "PIN": "A-14-28-18-3D6-000041-00012.0", "TYPE": null, "SITE_ADDR": "10924 N Boulevard", "SITE_CITY": "Tampa", "SITE_ZIP": "33612", "DOR_C": "0100", "ACT": 1971, "EFF": 2009, "HEAT_AR": 1032, "ACREAGE": 0.26, "JUST": 246904, "BLDG": 150590, "S_DATE": 1771718400000, "AMT": 335000, "VI": "I", "STORIES": 1, "Shape__Area": 11108.892644557422}, "geometry": {"type": "Polygon", "coordinates": [[[-82.46776003836189, 28.050435046733877], [-82.4681646293898, 28.05043429707789], [-82.4681661730741, 28.050332521126], [-82.46816817687588, 28.050200767732523], [-82.46776299295892, 28.0502006377675], [-82.46776003836189, 28.050435046733877]]]}}, {"type": "Feature", "properties": {"OBJECTID": 395783, "FOLIO": "97482.0000", "PIN": "A-23-28-18-3DN-000017-00002.0", "TYPE": null, "SITE_ADDR": "1005 W Rambla St", "SITE_CITY": "Tampa", "SITE_ZIP": "33612", "DOR_C": "0100", "ACT": 1947, "EFF": 1986, "HEAT_AR": 1080, "ACREAGE": 0.37, "JUST": 241262, "BLDG": 104627, "S_DATE": 307584000000, "AMT": 21000, "VI": "I", "STORIES": 1, "Shape__Area": 16001.52796872727}, "geometry": {"type": "Polygon", "coordinates": [[[-82.46980213976565, 28.034400402559715], [-82.4697906488408, 28.034709572637315], [-82.46986677208612, 28.03475012968397], [-82.47018912040068, 28.03475511895535], [-82.47018870162621, 28.03440213115413], [-82.46980213976565, 28.034400402559715]]]}}, {"type": "Feature", "properties": {"OBJECTID": 396383, "FOLIO": "98052.0000", "PIN": "A-23-28-18-3DS-A00000-00002.0", "TYPE": null, "SITE_ADDR": "2128 W Sewaha St", "SITE_CITY": "Tampa", "SITE_ZIP": "33612", "DOR_C": "0100", "ACT": 1957, "EFF": 1991, "HEAT_AR": 816, "ACREAGE": 0.19, "JUST": 202103, "BLDG": 127259, "S_DATE": 1391040000000, "AMT": 52500, "VI": "I", "STORIES": 1, "Shape__Area": 8431.705800920987}, "geometry": {"type": "Polygon", "coordinates": [[[-82.48275612967923, 28.034531394912538], [-82.48275096036976, 28.034862075679715], [-82.48296830581617, 28.034861584309002], [-82.48297347764658, 28.034530705905212], [-82.48289979676615, 28.034530946859757], [-82.48275612967923, 28.034531394912538]]]}}, {"type": "Feature", "properties": {"OBJECTID": 396390, "FOLIO": "98059.0000", "PIN": "A-23-28-18-3DS-A00000-00009.0", "TYPE": null, "SITE_ADDR": "2131 W Rambla St", "SITE_CITY": "Tampa", "SITE_ZIP": "33612", "DOR_C": "0100", "ACT": 1958, "EFF": 2005, "HEAT_AR": 2350, "ACREAGE": 0.17, "JUST": 460585, "BLDG": 369540, "S_DATE": 1398384000000, "AMT": 80000, "VI": "I", "STORIES": 2, "Shape__Area": 7455.633598885267}, "geometry": {"type": "Polygon", "coordinates": [[[-82.48290495908813, 28.034200625254893], [-82.48289979676615, 28.034530946859757], [-82.48297347764658, 28.034530705905212], [-82.48309230534365, 28.034530317898817], [-82.48309746387613, 28.034200190321165], [-82.48290495908813, 28.034200625254893]]]}}, {"type": "Feature", "properties": {"OBJECTID": 396845, "FOLIO": "98404.5000", "PIN": "A-23-28-18-3E7-000000-00024.0", "TYPE": null, "SITE_ADDR": "8412 N Packwood Ave", "SITE_CITY": "Tampa", "SITE_ZIP": "33604", "DOR_C": "0100", "ACT": 1973, "EFF": 1999, "HEAT_AR": 1238, "ACREAGE": 0.16, "JUST": 206949, "BLDG": 126566, "S_DATE": 1078099200000, "AMT": 99500, "VI": "I", "STORIES": 1, "Shape__Area": 7107.501387770874}, "geometry": {"type": "Polygon", "coordinates": [[[-82.47711360339349, 28.026618448482502], [-82.47755419274966, 28.026622422622836], [-82.47755564306792, 28.0264849034242], [-82.47711505427183, 28.026480929281576], [-82.47711360339349, 28.026618448482502]]]}}, {"type": "Feature", "properties": {"OBJECTID": 396870, "FOLIO": "98430.0000", "PIN": "A-23-28-18-3E8-000000-00118.0", "TYPE": null, "SITE_ADDR": "2001 W Humphrey St", "SITE_CITY": "Tampa", "SITE_ZIP": "33604", "DOR_C": "0100", "ACT": 1958, "EFF": 1992, "HEAT_AR": 1204, "ACREAGE": 0.16, "JUST": 202925, "BLDG": 111374, "S_DATE": 925516800000, "AMT": 69900, "VI": "I", "STORIES": 1, "Shape__Area": 6989.4010111057805}, "geometry": {"type": "Polygon", "coordinates": [[[-82.4791082736834, 28.030621698244246], [-82.47910441612288, 28.030926387264895], [-82.47914499175504, 28.030926382033954], [-82.47929979427951, 28.030926419640092], [-82.47930483544269, 28.03062296548539], [-82.4791082736834, 28.030621698244246]]]}}, {"type": "Feature", "properties": {"OBJECTID": 396947, "FOLIO": "98504.0000", "PIN": "A-23-28-18-3E9-000005-00001.0", "TYPE": null, "SITE_ADDR": "8500 N Boulevard", "SITE_CITY": "Tampa", "SITE_ZIP": "33604", "DOR_C": "0100", "ACT": 1939, "EFF": 1982, "HEAT_AR": 1565, "ACREAGE": 0.14, "JUST": 215462, "BLDG": 140458, "S_DATE": 1395792000000, "AMT": 63500, "VI": "I", "STORIES": 2, "Shape__Area": 6249.9021699762125}, "geometry": {"type": "Polygon", "coordinates": [[[-82.46783839826514, 28.027243381601224], [-82.46783882715326, 28.027380906123582], [-82.46822628133927, 28.0273819506941], [-82.4682258529717, 28.02724442527308], [-82.46783839826514, 28.027243381601224]]]}}, {"type": "Feature", "properties": {"OBJECTID": 397088, "FOLIO": "98618.0000", "PIN": "A-23-28-18-3E9-000012-00020.0", "TYPE": null, "SITE_ADDR": "8713 N Edison Ave", "SITE_CITY": "Tampa", "SITE_ZIP": "33604", "DOR_C": "0100", "ACT": 1951, "EFF": 1988, "HEAT_AR": 1126, "ACREAGE": 0.14, "JUST": 148165, "BLDG": 77353, "S_DATE": 1781049600000, "AMT": 160000, "VI": "I", "STORIES": 1, "Shape__Area": 6249.881636930473}, "geometry": {"type": "Polygon", "coordinates": [[[-82.46824646793236, 28.02984944040015], [-82.46824689740033, 28.029986964862825], [-82.46863436197793, 28.029988020799305], [-82.46863393100044, 28.02985049634729], [-82.46824646793236, 28.02984944040015]]]}}, {"type": "Feature", "properties": {"OBJECTID": 397115, "FOLIO": "98641.0000", "PIN": "A-23-28-18-3E9-000017-00002.0", "TYPE": null, "SITE_ADDR": "8902 El Portal Dr", "SITE_CITY": "Tampa", "SITE_ZIP": "33604", "DOR_C": "0100", "ACT": 1947, "EFF": 2002, "HEAT_AR": 1316, "ACREAGE": 0.14, "JUST": 248223, "BLDG": 176681, "S_DATE": 1545955200000, "AMT": 105500, "VI": "I", "STORIES": 1, "Shape__Area": 6249.81753223403}, "geometry": {"type": "Polygon", "coordinates": [[[-82.46993634813393, 28.030844586202765], [-82.4703238129172, 28.030846160739397], [-82.4703233187498, 28.030708635642362], [-82.46993585446306, 28.03070706200072], [-82.46993634813393, 28.030844586202765]]]}}, {"type": "Feature", "properties": {"OBJECTID": 397118, "FOLIO": "98644.0000", "PIN": "A-23-28-18-3E9-000017-00005.0", "TYPE": null, "SITE_ADDR": "8908 N El Portal Dr", "SITE_CITY": "Tampa", "SITE_ZIP": "33604", "DOR_C": "0100", "ACT": 1954, "EFF": 1990, "HEAT_AR": 1631, "ACREAGE": 0.14, "JUST": 207701, "BLDG": 122202, "S_DATE": 1041984000000, "AMT": 99700, "VI": "I", "STORIES": 1, "Shape__Area": 6249.793752429159}, "geometry": {"type": "Polygon", "coordinates": [[[-82.46993783018722, 28.031257158788808], [-82.4703252964483, 28.03125873330323], [-82.47032519720612, 28.031231228467593], [-82.47032480227297, 28.03112120911689], [-82.46993733650451, 28.031119634595075], [-82.46993783018722, 28.031257158788808]]]}}, {"type": "Feature", "properties": {"OBJECTID": 397149, "FOLIO": "98671.0000", "PIN": "A-23-28-18-3E9-000018-00024.0", "TYPE": null, "SITE_ADDR": "8917 N Willow Ave", "SITE_CITY": "Tampa", "SITE_ZIP": "33604", "DOR_C": "0100", "ACT": 1948, "EFF": 2013, "HEAT_AR": 1168, "ACREAGE": 0.15, "JUST": 272075, "BLDG": 198430, "S_DATE": 1677801600000, "AMT": 260000, "VI": "I", "STORIES": 2, "Shape__Area": 6476.46044614174}, "geometry": {"type": "Polygon", "coordinates": [[[-82.47167763105077, 28.031676764742386], [-82.47127622415077, 28.031675129073523], [-82.47127652123818, 28.03181265391089], [-82.47167815136682, 28.03181428880803], [-82.47167763105077, 28.031676764742386]]]}}, {"type": "Feature", "properties": {"OBJECTID": 397204, "FOLIO": "98708.0100", "PIN": "A-23-28-18-3E9-000021-00005.0", "TYPE": null, "SITE_ADDR": "1409 W Yukon St", "SITE_CITY": "Tampa", "SITE_ZIP": "33604", "DOR_C": "0100", "ACT": 1976, "EFF": 2000, "HEAT_AR": 1104, "ACREAGE": 0.16, "JUST": 232592, "BLDG": 137252, "S_DATE": 1040860800000, "AMT": 105000, "VI": "I", "STORIES": 1, "Shape__Area": 6993.879669400182}, "geometry": {"type": "Polygon", "coordinates": [[[-82.47410569821507, 28.02959689305822], [-82.47410637745968, 28.029981629244755], [-82.4742613635047, 28.029982067158215], [-82.47426068370888, 28.029597330979207], [-82.47410569821507, 28.02959689305822]]]}}, {"type": "Feature", "properties": {"OBJECTID": 397230, "FOLIO": "98729.0000", "PIN": "A-23-28-18-3E9-000022-00007.0", "TYPE": null, "SITE_ADDR": "1315 W Yukon St", "SITE_CITY": "Tampa", "SITE_ZIP": "33604", "DOR_C": "0100", "ACT": 1942, "EFF": 1984, "HEAT_AR": 1863, "ACREAGE": 0.24, "JUST": 276290, "BLDG": 139908, "S_DATE": 1122508800000, "AMT": 169000, "VI": "I", "STORIES": 1, "Shape__Area": 10303.372710246347}, "geometry": {"type": "Polygon", "coordinates": [[[-82.47301653709526, 28.029982145851967], [-82.47301606810254, 28.029811615383036], [-82.47301551260365, 28.029605249067817], [-82.47278304465289, 28.029603347372575], [-82.47278362534804, 28.02998150273698], [-82.47293861135941, 28.029981930411566], [-82.47301653709526, 28.029982145851967]]]}}, {"type": "Feature", "properties": {"OBJECTID": 397256, "FOLIO": "98745.0000", "PIN": "A-23-28-18-3E9-000024-00005.0", "TYPE": null, "SITE_ADDR": "1409 W Arctic St", "SITE_CITY": "Tampa", "SITE_ZIP": "33604", "DOR_C": "0100", "ACT": 2018, "EFF": 2022, "HEAT_AR": 1640, "ACREAGE": 0.16, "JUST": 351386, "BLDG": 272846, "S_DATE": 1250208000000, "AMT": 70000, "VI": "I", "STORIES": 1, "Shape__Area": 6993.825212196597}, "geometry": {"type": "Polygon", "coordinates": [[[-82.47409632216129, 28.0286638339924], [-82.47409607179323, 28.029048567121986], [-82.47425105548862, 28.0290490059694], [-82.47425130530547, 28.028664272846296], [-82.47409632216129, 28.0286638339924]]]}}, {"type": "Feature", "properties": {"OBJECTID": 397333, "FOLIO": "98810.0000", "PIN": "A-23-28-18-3E9-000030-00005.0", "TYPE": null, "SITE_ADDR": "8411 N Rome Ave", "SITE_CITY": "Tampa", "SITE_ZIP": "33604", "DOR_C": "0100", "ACT": 1963, "EFF": 1994, "HEAT_AR": 1248, "ACREAGE": 0.24, "JUST": 226304, "BLDG": 111271, "S_DATE": 1121904000000, "AMT": 160000, "VI": "I", "STORIES": 1, "Shape__Area": 10549.731412930734}, "geometry": {"type": "Polygon", "coordinates": [[[-82.47561406579761, 28.026632524761524], [-82.47585001236934, 28.02663302539387], [-82.47584858554525, 28.026252166582843], [-82.47561226724041, 28.026251583304038], [-82.47561406579761, 28.026632524761524]]]}}, {"type": "Feature", "properties": {"OBJECTID": 397379, "FOLIO": "98852.0000", "PIN": "A-23-28-18-3EB-000000-00008.1", "TYPE": null, "SITE_ADDR": "8501 N Orleans Ave", "SITE_CITY": "Tampa", "SITE_ZIP": "33604", "DOR_C": "0100", "ACT": 1950, "EFF": 1969, "HEAT_AR": 1462, "ACREAGE": 0.19, "JUST": 169284, "BLDG": 80990, "S_DATE": 1377648000000, "AMT": 66000, "VI": "I", "STORIES": 1, "Shape__Area": 8076.2971591216365}, "geometry": {"type": "Polygon", "coordinates": [[[-82.47291949317494, 28.02681037632824], [-82.47291987336821, 28.027002292280645], [-82.4732786539692, 28.02700373804014], [-82.47327827212258, 28.02681182210004], [-82.47291949317494, 28.02681037632824]]]}}, {"type": "Feature", "properties": {"OBJECTID": 397990, "FOLIO": "99238.0000", "PIN": "A-24-28-18-3EF-000022-00003.0", "TYPE": null, "SITE_ADDR": "8412 N Dixon Ave 1/2", "SITE_CITY": "Tampa", "SITE_ZIP": "33604", "DOR_C": "0800", "ACT": 1943, "EFF": 1984, "HEAT_AR": 2284, "ACREAGE": 0.22, "JUST": 322879, "BLDG": 185852, "S_DATE": 1606262400000, "AMT": 320000, "VI": "I", "STORIES": 3, "Shape__Area": 9499.704193143887}, "geometry": {"type": "Polygon", "coordinates": [[[-82.45726964756341, 28.026353629980903], [-82.4575641037495, 28.0263556015545], [-82.45756403687595, 28.02608055044682], [-82.45726958144226, 28.026078579766526], [-82.45726964756341, 28.026353629980903]]]}}, {"type": "Feature", "properties": {"OBJECTID": 398066, "FOLIO": "99355.0000", "PIN": "A-24-28-18-3EG-G00000-00011.0", "TYPE": null, "SITE_ADDR": "704 E Humphrey St", "SITE_CITY": "Tampa", "SITE_ZIP": "33604", "DOR_C": "7100", "ACT": 1940, "EFF": 1984, "HEAT_AR": 4536, "ACREAGE": 0.24, "JUST": 293447, "BLDG": 215427, "S_DATE": null, "AMT": 0, "VI": null, "STORIES": 1, "Shape__Area": 10436.849511309572}, "geometry": {"type": "Polygon", "coordinates": [[[-82.45291035576788, 28.031106070362434], [-82.45307021382735, 28.03110647730505], [-82.45322058543047, 28.03110688737975], [-82.45322270162698, 28.030820167423144], [-82.45291228644665, 28.030819295066305], [-82.45291035576788, 28.031106070362434]]]}}, {"type": "Feature", "properties": {"OBJECTID": 398195, "FOLIO": "99512.0100", "PIN": "A-24-28-18-3EH-000038-00008.0", "TYPE": null, "SITE_ADDR": "8507 N Arden Ave", "SITE_CITY": "Tampa", "SITE_ZIP": "33604", "DOR_C": "0100", "ACT": 1957, "EFF": 2005, "HEAT_AR": 869, "ACREAGE": 0.11, "JUST": 136030, "BLDG": 88780, "S_DATE": 1479081600000, "AMT": 82000, "VI": "I", "STORIES": 1, "Shape__Area": 4944.599448211879}, "geometry": {"type": "Polygon", "coordinates": [[[-82.45242087405346, 28.027220850332608], [-82.45273058250665, 28.027225659788076], [-82.45273084722446, 28.02708890251574], [-82.4524206806373, 28.02708558082295], [-82.45242087405346, 28.027220850332608]]]}}, {"type": "Feature", "properties": {"OBJECTID": 398285, "FOLIO": "99617.0000", "PIN": "A-24-28-18-3EK-000000-00014.0", "TYPE": null, "SITE_ADDR": "414 Floriland Ave", "SITE_CITY": "Tampa", "SITE_ZIP": "33612", "DOR_C": "0100", "ACT": 1955, "EFF": 1990, "HEAT_AR": 925, "ACREAGE": 0.2, "JUST": 210279, "BLDG": 133867, "S_DATE": 1023235200000, "AMT": 91000, "VI": "I", "STORIES": 1, "Shape__Area": 8719.386446990835}, "geometry": {"type": "Polygon", "coordinates": [[[-82.46487791921618, 28.0367439550868], [-82.46508044246022, 28.03674489122927], [-82.46508018072939, 28.036373957702196], [-82.46488169005892, 28.036373338186067], [-82.46487791921618, 28.0367439550868]]]}}, {"type": "Feature", "properties": {"OBJECTID": 510031, "FOLIO": "196940.0000", "PIN": "A-25-29-18-4TC-000003-00004.0", "TYPE": null, "SITE_ADDR": "711 S Fielding Ave", "SITE_CITY": "Tampa", "SITE_ZIP": "33606", "DOR_C": "0100", "ACT": 1912, "EFF": 1991, "HEAT_AR": 2664, "ACREAGE": 0.14, "JUST": 1092152, "BLDG": 688351, "S_DATE": 560044800000, "AMT": 122500, "VI": "I", "STORIES": 2, "Shape__Area": 6019.104292076364}, "geometry": {"type": "Polygon", "coordinates": [[[-82.46788912002327, 27.936684004051205], [-82.46819648868858, 27.936687522820165], [-82.46819781315982, 27.936520751443776], [-82.46789038286488, 27.936517204908153], [-82.46788912002327, 27.936684004051205]]]}}, {"type": "Feature", "properties": {"OBJECTID": 510047, "FOLIO": "196957.0000", "PIN": "A-25-29-18-4TC-000014-00009.0", "TYPE": null, "SITE_ADDR": "825 Bayshore Blvd", "SITE_CITY": "Tampa", "SITE_ZIP": "33606", "DOR_C": "0100", "ACT": 1922, "EFF": 1994, "HEAT_AR": 3707, "ACREAGE": 0.23, "JUST": 1140305, "BLDG": 0, "S_DATE": 1464048000000, "AMT": 1099000, "VI": "I", "STORIES": 2, "Shape__Area": 10076.797433144335}, "geometry": {"type": "Polygon", "coordinates": [[[-82.4675492047092, 27.934372891999573], [-82.46753975841158, 27.93445862899752], [-82.4675360077043, 27.934544710329508], [-82.46804171053886, 27.93454989233722], [-82.46804274015821, 27.93437924333768], [-82.4675492047092, 27.934372891999573]]]}}, {"type": "Feature", "properties": {"OBJECTID": 510626, "FOLIO": "198321.0000", "PIN": "A-18-29-19-51B-000001-00016.0", "TYPE": null, "SITE_ADDR": "930 11th Ave", "SITE_CITY": "Tampa", "SITE_ZIP": "33605", "DOR_C": "0100", "ACT": 1923, "EFF": 1994, "HEAT_AR": 1266, "ACREAGE": 0.13, "JUST": 275033, "BLDG": 129283, "S_DATE": 1673222400000, "AMT": 390000, "VI": "I", "STORIES": 1, "Shape__Area": 5654.216693425938}, "geometry": {"type": "Polygon", "coordinates": [[[-82.44835829281145, 27.963723242070557], [-82.44851281475464, 27.963723288107346], [-82.44851554095715, 27.963416315948518], [-82.448356064576, 27.963416479168988], [-82.44835829281145, 27.963723242070557]]]}}, {"type": "Feature", "properties": {"OBJECTID": 510759, "FOLIO": "198481.0100", "PIN": "A-18-29-19-51L-000001-00009.1", "TYPE": null, "SITE_ADDR": "919 11th Ave", "SITE_CITY": "Tampa", "SITE_ZIP": "33605", "DOR_C": "0100", "ACT": 1913, "EFF": 1969, "HEAT_AR": 680, "ACREAGE": 0.05, "JUST": 93919, "BLDG": 43044, "S_DATE": null, "AMT": 0, "VI": null, "STORIES": 1, "Shape__Area": 2007.3419291240837}, "geometry": {"type": "Polygon", "coordinates": [[[-82.44983372475508, 27.963158624498625], [-82.44972067065545, 27.96315855452451], [-82.44972000393172, 27.963309833291706], [-82.44983307444669, 27.963309902308993], [-82.44983372475508, 27.963158624498625]]]}}, {"type": "Feature", "properties": {"OBJECTID": 513440, "FOLIO": "199513.0712", "PIN": "A-30-29-19-5LZ-000000-00006.0", "TYPE": null, "SITE_ADDR": "1609 Renaissance Way", "SITE_CITY": "Tampa", "SITE_ZIP": "33602", "DOR_C": "0100", "ACT": 2004, "EFF": 2014, "HEAT_AR": 7158, "ACREAGE": 0.51, "JUST": 4855908, "BLDG": 2826884, "S_DATE": 974332800000, "AMT": 735000, "VI": "V", "STORIES": 2, "Shape__Area": 22087.19150268315}, "geometry": {"type": "Polygon", "coordinates": [[[-82.44988426775237, 27.927445404331586], [-82.44911508703872, 27.927777208848617], [-82.44922332207597, 27.927975143684133], [-82.44999231722268, 27.92764341767953], [-82.449972057471, 27.927606289903466], [-82.44988426775237, 27.927445404331586]]]}}]}