record_id,record_identity,source_record_key,activity_id,source_name,source_record_id,event_date,event_month,event_date_type,event_date_source_field,event_date_basis,event_date_is_planned,event_date_is_after_snapshot,first_observed_date,first_observed_month,last_observed_date,last_observed_month,snapshot_date,snapshot_month,observation_count,currently_observed,status,project_name,record_type,address,neighborhood,source_url
rec-ad6b24007d9af509,CAPITAL_IMPROVEMENTS|NATIVE|1002096,src-b8b0998d1b1a1aab,tpa-a1b0cac407d6e5,capital_improvements,1002096,2025-11-17,2025-11,capital_planned_start,planstart,source_reported_plan,1,0,2026-08-23,2026-08,2026-08-23,2026-08,2026-08-23,2026-08,1,1,Construction in Progress,West River District Multi-Modal Network and Safety Improvements BUILD Segments 1 - 6,Transportation,,Julian B Lane Riverfront Park,https://apps.tampagov.net/Directory_Lister/FileHandler.ashx?file=GIS%2f1002096.pdf
rec-c261d4eda9c40554,CAPITAL_LOCATIONS_LINE|NATIVE|TRANS20079,src-df3c791b7d0ccd1a,tpa-a1b0cac407d6e5,capital_locations_line,TRANS20079,2025-11-03,2025-11,capital_actual_start,actstart,source_reported_event,0,0,2026-08-23,2026-08,2026-08-23,2026-08,2026-08-23,2026-08,1,1,Construction in Progress | CST,West River District Multi-Modal Network and Safety Improvements BUILD Segments 1-6,Transportation,,Multiple Neighborhoods,https://apps.tampagov.net/Directory_Lister/FileHandler.ashx?file=GIS%2f1002096
rec-0564c2fe3b9e3208,CONSTRUCTION_INSPECTIONS|NATIVE|BLD-26-0520032,src-507e517384701943,tpa-e47ca3a3851408,construction_inspections,BLD-26-0520032,2025-11-06,2025-11,permit_record_created,CREATEDDATE,source_record_metadata,0,0,2026-08-23,2026-08,2026-08-23,2026-08,2026-08-23,2026-08,1,1,Issued,OWNER-Addition,Residential New Construction and Additions (1 and 2 Family),8513 N Temple Ave,Temple Crest,https://aca-prod.accela.com/TAMPA/Cap/CapDetail.aspx?Module=Building&TabName=Building&capID1=25CAP&capID2=00000&capID3=02S0L&agencyCode=TAMPA
rec-0588df3332a82807,CONSTRUCTION_INSPECTIONS|NATIVE|BLD-26-0520205,src-c5d107edf0804de7,tpa-955da9d41f111b,construction_inspections,BLD-26-0520205,2025-11-12,2025-11,permit_record_created,CREATEDDATE,source_record_metadata,0,0,2026-08-23,2026-08,2026-08-23,2026-08,2026-08-23,2026-08,1,1,Issued,FEMA: PP: New 2-Story SFR,Residential New Construction and Additions (1 and 2 Family),4317 W Sylvan Ramble St,Beach Park,https://aca-prod.accela.com/TAMPA/Cap/CapDetail.aspx?Module=Building&TabName=Building&capID1=25CAP&capID2=00000&capID3=02SYW&agencyCode=TAMPA
rec-0599486ad1bc1ff1,CONSTRUCTION_INSPECTIONS|NATIVE|BLD-26-0520098,src-8578794f9054c74b,tpa-4f574427412a2e,construction_inspections,BLD-26-0520098,2025-11-07,2025-11,permit_record_created,CREATEDDATE,source_record_metadata,0,0,2026-08-23,2026-08,2026-08-23,2026-08,2026-08-23,2026-08,1,1,Revision,FEMA:NEW SFR,Residential New Construction and Additions (1 and 2 Family),4724 W Iowa Ave,Gandy / Sun Bay South,https://aca-prod.accela.com/TAMPA/Cap/CapDetail.aspx?Module=Building&TabName=Building&capID1=25CAP&capID2=00000&capID3=02SD6&agencyCode=TAMPA
rec-05a6da81d0b535d3,CONSTRUCTION_INSPECTIONS|NATIVE|BLD-26-0520502,src-0c0acd5d659fa6a8,tpa-4f131f3b66608e,construction_inspections,BLD-26-0520502,2025-11-19,2025-11,permit_record_created,CREATEDDATE,source_record_metadata,0,0,2026-08-23,2026-08,2026-08-23,2026-08,2026-08-23,2026-08,1,1,Issued,FEMA: Enclosing existing Lanai for kitchen Expansion,Residential New Construction and Additions (1 and 2 Family),7716 Landcare Ln,Southtown Park Homeowners Association,https://aca-prod.accela.com/TAMPA/Cap/CapDetail.aspx?Module=Building&TabName=Building&capID1=25CAP&capID2=00000&capID3=02UK8&agencyCode=TAMPA
rec-0d30b3c8bada6bd7,CONSTRUCTION_INSPECTIONS|NATIVE|BLD-26-0520036,src-26dbec760ad918df,tpa-6993be8c6e4802,construction_inspections,BLD-26-0520036,2025-11-06,2025-11,permit_record_created,CREATEDDATE,source_record_metadata,0,0,2026-08-23,2026-08,2026-08-23,2026-08,2026-08-23,2026-08,1,1,Issued,Interior/Exterior Alteration - Repair Fire Damage,Residential Building Alterations (Renovations),4011 W Comanche Ave,,https://aca-prod.accela.com/TAMPA/Cap/CapDetail.aspx?Module=Building&TabName=Building&capID1=25CAP&capID2=00000&capID3=02S1Y&agencyCode=TAMPA
rec-0f076644c87e27d1,CONSTRUCTION_INSPECTIONS|NATIVE|BLD-26-0520599,src-142978b1298fab6c,tpa-812468aa9ba364,construction_inspections,BLD-26-0520599,2025-11-24,2025-11,permit_record_created,CREATEDDATE,source_record_metadata,0,0,2026-08-23,2026-08,2026-08-23,2026-08,2026-08-23,2026-08,1,1,Issued,Kitchen Addition,Residential New Construction and Additions (1 and 2 Family),932 E McBerry St,Southeast Seminole Heights,https://aca-prod.accela.com/TAMPA/Cap/CapDetail.aspx?Module=Building&TabName=Building&capID1=25CAP&capID2=00000&capID3=02V49&agencyCode=TAMPA
rec-0fcc4f6be28074dd,CONSTRUCTION_INSPECTIONS|NATIVE|BLD-26-0520076,src-c8062fd581a17764,tpa-2637e6de3d6512,construction_inspections,BLD-26-0520076,2025-11-07,2025-11,permit_record_created,CREATEDDATE,source_record_metadata,0,0,2026-08-23,2026-08,2026-08-23,2026-08,2026-08-23,2026-08,1,1,Revision,FEMA: PP 2 Story SFR,Residential New Construction and Additions (1 and 2 Family),5815 Mariner St,Beach Park,https://aca-prod.accela.com/TAMPA/Cap/CapDetail.aspx?Module=Building&TabName=Building&capID1=25CAP&capID2=00000&capID3=02SAC&agencyCode=TAMPA
rec-10497d0145f780e3,CONSTRUCTION_INSPECTIONS|NATIVE|BLD-26-0520047,src-e226ce22bd5f002d,tpa-3b85917bae436a,construction_inspections,BLD-26-0520047,2025-11-06,2025-11,permit_record_created,CREATEDDATE,source_record_metadata,0,0,2026-08-23,2026-08,2026-08-23,2026-08,2026-08-23,2026-08,1,1,Issued,New 2 Story SFR,Residential New Construction and Additions (1 and 2 Family),3206 W Santiago St,Palma Ceia,https://aca-prod.accela.com/TAMPA/Cap/CapDetail.aspx?Module=Building&TabName=Building&capID1=25CAP&capID2=00000&capID3=02S3O&agencyCode=TAMPA
rec-111000811a58d096,CONSTRUCTION_INSPECTIONS|NATIVE|BLD-26-0520141,src-156a9eeb3ace7dc1,tpa-8cb9d498d40d9a,construction_inspections,BLD-26-0520141,2025-11-10,2025-11,permit_record_created,CREATEDDATE,source_record_metadata,0,0,2026-08-23,2026-08,2026-08-23,2026-08,2026-08-23,2026-08,1,1,Issued,Fema:PP: New 3Sty SFR,Residential New Construction and Additions (1 and 2 Family),4915 W Melrose Ave S,,https://aca-prod.accela.com/TAMPA/Cap/CapDetail.aspx?Module=Building&TabName=Building&capID1=25CAP&capID2=00000&capID3=02SLU&agencyCode=TAMPA
rec-11e13cb207b82125,CONSTRUCTION_INSPECTIONS|NATIVE|BLD-26-0520382,src-0aaacb44a8a5b019,tpa-e8b6ad983db0df,construction_inspections,BLD-26-0520382,2025-11-17,2025-11,permit_record_created,CREATEDDATE,source_record_metadata,0,0,2026-08-23,2026-08,2026-08-23,2026-08,2026-08-23,2026-08,1,1,Issued,12-12-25 KPI | TIA PROJECT: Screening Equipment Deployment Services,Commercial Building Alterations (Renovations),4100 George J Bean Pkwy,Westshore,https://aca-prod.accela.com/TAMPA/Cap/CapDetail.aspx?Module=Building&TabName=Building&capID1=25CAP&capID2=00000&capID3=02TUI&agencyCode=TAMPA
rec-12c7c30d97e5594f,CONSTRUCTION_INSPECTIONS|NATIVE|BLD-26-0520463,src-0340723339d221be,tpa-5c780a2e7a0188,construction_inspections,BLD-26-0520463,2025-11-19,2025-11,permit_record_created,CREATEDDATE,source_record_metadata,0,0,2026-08-23,2026-08,2026-08-23,2026-08,2026-08-23,2026-08,1,1,Revision,FEMA: SEC: Threshold: University of Tampa Science Building,Commercial New Construction and Additions,505 UT McNeel Ct,University of Tampa,https://aca-prod.accela.com/TAMPA/Cap/CapDetail.aspx?Module=Building&TabName=Building&capID1=25CAP&capID2=00000&capID3=02U90&agencyCode=TAMPA
rec-157aacbf204ba7d2,CONSTRUCTION_INSPECTIONS|NATIVE|BLD-26-0520246,src-2e1b40c9b08aaafe,tpa-8fb25b129430fe,construction_inspections,BLD-26-0520246,2025-11-13,2025-11,permit_record_created,CREATEDDATE,source_record_metadata,0,0,2026-08-23,2026-08,2026-08-23,2026-08,2026-08-23,2026-08,1,1,Issued,See Record Comments | New 1sty SFR,Residential New Construction and Additions (1 and 2 Family),1106 E New Orleans Ave,Southeast Seminole Heights,https://aca-prod.accela.com/TAMPA/Cap/CapDetail.aspx?Module=Building&TabName=Building&capID1=25CAP&capID2=00000&capID3=02T7H&agencyCode=TAMPA
rec-186eb67028bdd197,CONSTRUCTION_INSPECTIONS|NATIVE|BLD-26-0520247,src-b9bf9316d2621864,tpa-ff3b5ee254b6df,construction_inspections,BLD-26-0520247,2025-11-13,2025-11,permit_record_created,CREATEDDATE,source_record_metadata,0,0,2026-08-23,2026-08,2026-08-23,2026-08,2026-08-23,2026-08,1,1,Issued,FEMA: PP: Addition and Remodel,Residential New Construction and Additions (1 and 2 Family),4618 S Woodlynne Ave,Bayshore Beautiful,https://aca-prod.accela.com/TAMPA/Cap/CapDetail.aspx?Module=Building&TabName=Building&capID1=25CAP&capID2=00000&capID3=02T7Q&agencyCode=TAMPA
rec-19e6df7f5a5f993f,CONSTRUCTION_INSPECTIONS|NATIVE|BLD-26-0520161,src-611d441080da8857,tpa-dedd2e66fd7375,construction_inspections,BLD-26-0520161,2025-11-11,2025-11,permit_record_created,CREATEDDATE,source_record_metadata,0,0,2026-08-23,2026-08,2026-08-23,2026-08,2026-08-23,2026-08,1,1,Issued,New 2-Story SFR,Residential New Construction and Additions (1 and 2 Family),3429 W Palmetto St,Macfarlane Park,https://aca-prod.accela.com/TAMPA/Cap/CapDetail.aspx?Module=Building&TabName=Building&capID1=25CAP&capID2=00000&capID3=02SPC&agencyCode=TAMPA
rec-1d964da2c1265cf1,CONSTRUCTION_INSPECTIONS|NATIVE|BLD-26-0520046,src-2b1bd1f52a5bdf60,tpa-c8448441d4fc2a,construction_inspections,BLD-26-0520046,2025-11-06,2025-11,permit_record_created,CREATEDDATE,source_record_metadata,0,0,2026-08-23,2026-08,2026-08-23,2026-08,2026-08-23,2026-08,1,1,Revision,12-09-25 KPI Facilitated Project | TIA Project: Baggage Handling System Upgrade - Main Terminal,Commercial Building Alterations (Renovations),4100 George J Bean Pkwy,Westshore,https://aca-prod.accela.com/TAMPA/Cap/CapDetail.aspx?Module=Building&TabName=Building&capID1=25CAP&capID2=00000&capID3=02S3N&agencyCode=TAMPA
rec-1df2ba9fd2c73201,CONSTRUCTION_INSPECTIONS|NATIVE|BLD-26-0520494,src-1e1f9c0b9ba58c18,tpa-f89a24ec8cc5b1,construction_inspections,BLD-26-0520494,2025-11-19,2025-11,permit_record_created,CREATEDDATE,source_record_metadata,0,0,2026-08-23,2026-08,2026-08-23,2026-08,2026-08-23,2026-08,1,1,Issued,Suite A&B-CMP-22-0003820 Change of Use - MEPs,Commercial Building Alterations (Renovations),5016 N Coolidge Ave,Drew Park,https://aca-prod.accela.com/TAMPA/Cap/CapDetail.aspx?Module=Building&TabName=Building&capID1=25CAP&capID2=00000&capID3=02UIQ&agencyCode=TAMPA
rec-1e226f2d4cc22264,CONSTRUCTION_INSPECTIONS|NATIVE|BLD-26-0520272,src-710037bf89542c0b,tpa-864ef5aaabf504,construction_inspections,BLD-26-0520272,2025-11-13,2025-11,permit_record_created,CREATEDDATE,source_record_metadata,0,0,2026-08-23,2026-08,2026-08-23,2026-08,2026-08-23,2026-08,1,1,Issued,PP: FEMA: : Int Remodel: BLDG 4,Commercial Building Alterations (Renovations),4018 N Riverside Dr,South Seminole Heights,https://aca-prod.accela.com/TAMPA/Cap/CapDetail.aspx?Module=Building&TabName=Building&capID1=25CAP&capID2=00000&capID3=02TBV&agencyCode=TAMPA
rec-22978cadc002b155,CONSTRUCTION_INSPECTIONS|NATIVE|BLD-26-0520514,src-a24fa3733c2f4fc6,tpa-4f33c4c2d12617,construction_inspections,BLD-26-0520514,2025-11-20,2025-11,permit_record_created,CREATEDDATE,source_record_metadata,0,0,2026-08-23,2026-08,2026-08-23,2026-08,2026-08-23,2026-08,1,1,Revision,PP: New 2 Sty SFR,Residential New Construction and Additions (1 and 2 Family),3709 W San Pedro St,Palma Ceia,https://aca-prod.accela.com/TAMPA/Cap/CapDetail.aspx?Module=Building&TabName=Building&capID1=25CAP&capID2=00000&capID3=02UMC&agencyCode=TAMPA
rec-23c62b9f911cf1aa,CONSTRUCTION_INSPECTIONS|NATIVE|BLD-26-0520307,src-8031db29f064a76e,tpa-7c09d61a533856,construction_inspections,BLD-26-0520307,2025-11-14,2025-11,permit_record_created,CREATEDDATE,source_record_metadata,0,0,2026-08-23,2026-08,2026-08-23,2026-08,2026-08-23,2026-08,1,1,Issued,New 2 Story,Residential New Construction and Additions (1 and 2 Family),2704 W Abdella St,Macfarlane Park,https://aca-prod.accela.com/TAMPA/Cap/CapDetail.aspx?Module=Building&TabName=Building&capID1=25CAP&capID2=00000&capID3=02TF4&agencyCode=TAMPA
rec-2ad6fd87b85162ae,CONSTRUCTION_INSPECTIONS|NATIVE|BLD-26-0520345,src-29622e94931175b3,tpa-5e5748d81c55e4,construction_inspections,BLD-26-0520345,2025-11-15,2025-11,permit_record_created,CREATEDDATE,source_record_metadata,0,0,2026-08-23,2026-08,2026-08-23,2026-08,2026-08-23,2026-08,1,1,Revision,"New 2-Story SFR w/ 5bd/5bth, Porch, Lanai, Attached 2-Car Garage",Residential New Construction and Additions (1 and 2 Family),821 W Adalee St,Riverside Heights,https://aca-prod.accela.com/TAMPA/Cap/CapDetail.aspx?Module=Building&TabName=Building&capID1=25CAP&capID2=00000&capID3=02TLW&agencyCode=TAMPA
rec-2dbc016008f6926d,CONSTRUCTION_INSPECTIONS|NATIVE|BLD-26-0520390,src-ec97db3e85ae565d,tpa-4a8beea796f9ae,construction_inspections,BLD-26-0520390,2025-11-17,2025-11,permit_record_created,CREATEDDATE,source_record_metadata,0,0,2026-08-23,2026-08,2026-08-23,2026-08,2026-08-23,2026-08,1,1,Issued,PP: 2 Story Unit 2 Townhouse,Residential New Construction and Additions (1 and 2 Family),4221 W North B St,Westshore Palms,https://aca-prod.accela.com/TAMPA/Cap/CapDetail.aspx?Module=Building&TabName=Building&capID1=25CAP&capID2=00000&capID3=02TVA&agencyCode=TAMPA
rec-2e464d62274d580c,CONSTRUCTION_INSPECTIONS|NATIVE|BLD-26-0519815,src-d87e737fe5914a0e,tpa-6beb67d1953e4e,construction_inspections,BLD-26-0519815,2025-11-03,2025-11,permit_record_created,CREATEDDATE,source_record_metadata,0,0,2026-08-23,2026-08,2026-08-23,2026-08,2026-08-23,2026-08,1,1,Revision,FEMA: New 2 Story SFR,Residential New Construction and Additions (1 and 2 Family),216 S Gardenia Ave,Beach Park,https://aca-prod.accela.com/TAMPA/Cap/CapDetail.aspx?Module=Building&TabName=Building&capID1=25CAP&capID2=00000&capID3=02QV6&agencyCode=TAMPA
rec-2ecadc029ebe7f92,CONSTRUCTION_INSPECTIONS|NATIVE|BLD-26-0520148,src-b823da6b831d13ca,tpa-09b8b1f5465cfb,construction_inspections,BLD-26-0520148,2025-11-10,2025-11,permit_record_created,CREATEDDATE,source_record_metadata,0,0,2026-08-23,2026-08,2026-08-23,2026-08,2026-08-23,2026-08,1,1,Issued,PP: New 3-Story SFR,Residential New Construction and Additions (1 and 2 Family),404 S Oregon Ave,Hyde Park Spanishtown Creek,https://aca-prod.accela.com/TAMPA/Cap/CapDetail.aspx?Module=Building&TabName=Building&capID1=25CAP&capID2=00000&capID3=02SNM&agencyCode=TAMPA
rec-302d51f234a28564,CONSTRUCTION_INSPECTIONS|NATIVE|BDE-26-0445146,src-591861644900c5c6,tpa-1816157db60c10,construction_inspections,BDE-26-0445146,2025-11-06,2025-11,permit_record_created,CREATEDDATE,source_record_metadata,0,0,2026-08-23,2026-08,2026-08-23,2026-08,2026-08-23,2026-08,1,1,Issued,Demo SFR,Residential Demolition Permit,4910 W Dryad St,Sunset Park,https://aca-prod.accela.com/TAMPA/Cap/CapDetail.aspx?Module=Building&TabName=Building&capID1=25CAP&capID2=00000&capID3=02S5D&agencyCode=TAMPA
rec-324db71212104b4a,CONSTRUCTION_INSPECTIONS|NATIVE|BLD-26-0520056,src-38a677cdb23b698e,tpa-136ad8c47c4004,construction_inspections,BLD-26-0520056,2025-11-06,2025-11,permit_record_created,CREATEDDATE,source_record_metadata,0,0,2026-08-23,2026-08,2026-08-23,2026-08,2026-08-23,2026-08,1,1,Issued,OWNER-Addition > Bed and bath addition on the rear of the existing structure,Residential New Construction and Additions (1 and 2 Family),6022 N Dexter Ave,Old Seminole Heights,https://aca-prod.accela.com/TAMPA/Cap/CapDetail.aspx?Module=Building&TabName=Building&capID1=25CAP&capID2=00000&capID3=02S5J&agencyCode=TAMPA
rec-34b31f43fdbbb4b3,CONSTRUCTION_INSPECTIONS|NATIVE|BLD-26-0519980,src-7d7ff8a309970e25,tpa-8c06f90e7b777a,construction_inspections,BLD-26-0519980,2025-11-05,2025-11,permit_record_created,CREATEDDATE,source_record_metadata,0,0,2026-08-23,2026-08,2026-08-23,2026-08,2026-08-23,2026-08,1,1,Revision,Carport enclosure,Residential New Construction and Additions (1 and 2 Family),1006 W Coral St,Riverside Heights,https://aca-prod.accela.com/TAMPA/Cap/CapDetail.aspx?Module=Building&TabName=Building&capID1=25CAP&capID2=00000&capID3=02RPJ&agencyCode=TAMPA
rec-36297c01d14c045f,CONSTRUCTION_INSPECTIONS|NATIVE|BLD-26-0520037,src-e34643f5fa153470,tpa-4b020af109acdb,construction_inspections,BLD-26-0520037,2025-11-06,2025-11,permit_record_created,CREATEDDATE,source_record_metadata,0,0,2026-08-23,2026-08,2026-08-23,2026-08,2026-08-23,2026-08,1,1,Issued,New SFR 1 Story,Residential New Construction and Additions (1 and 2 Family),1908 E 97th Ave,Tampa Overlook,https://aca-prod.accela.com/TAMPA/Cap/CapDetail.aspx?Module=Building&TabName=Building&capID1=25CAP&capID2=00000&capID3=02S1Z&agencyCode=TAMPA
rec-367b23c9dd4be884,CONSTRUCTION_INSPECTIONS|NATIVE|BLD-26-0520069,src-c8b06eee9161f71e,tpa-c08496c53917f7,construction_inspections,BLD-26-0520069,2025-11-07,2025-11,permit_record_created,CREATEDDATE,source_record_metadata,0,0,2026-08-23,2026-08,2026-08-23,2026-08,2026-08-23,2026-08,1,1,Issued,FEMA New 2-Story SFR,Residential New Construction and Additions (1 and 2 Family),307 W Jean St,Old Seminole Heights,https://aca-prod.accela.com/TAMPA/Cap/CapDetail.aspx?Module=Building&TabName=Building&capID1=25CAP&capID2=00000&capID3=02S9G&agencyCode=TAMPA
rec-380a334c6fb1c540,CONSTRUCTION_INSPECTIONS|NATIVE|BLD-26-0520220,src-a8d055fd7cd0aab3,tpa-827c21d5f514e1,construction_inspections,BLD-26-0520220,2025-11-12,2025-11,permit_record_created,CREATEDDATE,source_record_metadata,0,0,2026-08-23,2026-08,2026-08-23,2026-08,2026-08-23,2026-08,1,1,Revision,12-09-25 KPI | FEMA: SEC: Fire Pump Replacement - MEC & ELE work,Commercial Building Alterations (Renovations),17 Davis Blvd,Davis Islands,https://aca-prod.accela.com/TAMPA/Cap/CapDetail.aspx?Module=Building&TabName=Building&capID1=25CAP&capID2=00000&capID3=02T24&agencyCode=TAMPA
rec-3a324e34c076303a,CONSTRUCTION_INSPECTIONS|NATIVE|BLD-26-0520413,src-c512280e30ef3cbb,tpa-e3586e790ac3f4,construction_inspections,BLD-26-0520413,2025-11-18,2025-11,permit_record_created,CREATEDDATE,source_record_metadata,0,0,2026-08-23,2026-08,2026-08-23,2026-08,2026-08-23,2026-08,1,1,Issued,Addition - Convert Porch Into Living Space,Residential New Construction and Additions (1 and 2 Family),801 S Newport Ave,Hyde Park Preservation,https://aca-prod.accela.com/TAMPA/Cap/CapDetail.aspx?Module=Building&TabName=Building&capID1=25CAP&capID2=00000&capID3=02TYH&agencyCode=TAMPA
rec-3c779a8c52becf6e,CONSTRUCTION_INSPECTIONS|NATIVE|BLD-26-0520524,src-4da857d2a89b3a42,tpa-4e2b3d392870a7,construction_inspections,BLD-26-0520524,2025-11-20,2025-11,permit_record_created,CREATEDDATE,source_record_metadata,0,0,2026-08-23,2026-08,2026-08-23,2026-08,2026-08-23,2026-08,1,1,Revision,SEC: FEMA: PP: WH 209 repairs,Commercial Building Alterations (Renovations),2802 Guy N Verger Blvd,Port of Tampa,https://aca-prod.accela.com/TAMPA/Cap/CapDetail.aspx?Module=Building&TabName=Building&capID1=25CAP&capID2=00000&capID3=02UO6&agencyCode=TAMPA
rec-3ca1b07d2d2f3640,CONSTRUCTION_INSPECTIONS|NATIVE|BLD-26-0520113,src-3285bcda203f1ab6,tpa-4a29e01b81a6f7,construction_inspections,BLD-26-0520113,2025-11-09,2025-11,permit_record_created,CREATEDDATE,source_record_metadata,0,0,2026-08-23,2026-08,2026-08-23,2026-08,2026-08-23,2026-08,1,1,Issued,PP:NEW 2 Story SFR,Residential New Construction and Additions (1 and 2 Family),4015 W Swann Ave,Swann Estates,https://aca-prod.accela.com/TAMPA/Cap/CapDetail.aspx?Module=Building&TabName=Building&capID1=25CAP&capID2=00000&capID3=02SFH&agencyCode=TAMPA
rec-3dc25000922dee3c,CONSTRUCTION_INSPECTIONS|NATIVE|BLD-26-0520674,src-6f880a49ae94c1bc,tpa-a95ad854a24323,construction_inspections,BLD-26-0520674,2025-11-25,2025-11,permit_record_created,CREATEDDATE,source_record_metadata,0,0,2026-08-23,2026-08,2026-08-23,2026-08,2026-08-23,2026-08,1,1,Issued,FEMA: Addition w/carport,Residential New Construction and Additions (1 and 2 Family),6232 S Kelly Rd,Ballast Point,https://aca-prod.accela.com/TAMPA/Cap/CapDetail.aspx?Module=Building&TabName=Building&capID1=25CAP&capID2=00000&capID3=02VLL&agencyCode=TAMPA
rec-3fe163a1dfe0f05f,CONSTRUCTION_INSPECTIONS|NATIVE|BLD-26-0520027,src-74c0debbf5fe6516,tpa-84fc0dfdf1ee35,construction_inspections,BLD-26-0520027,2025-11-06,2025-11,permit_record_created,CREATEDDATE,source_record_metadata,0,0,2026-08-23,2026-08,2026-08-23,2026-08,2026-08-23,2026-08,1,1,Revision,PP: FEMA: SFR,Residential New Construction and Additions (1 and 2 Family),2403 S Dundee St,Sunset Park,https://aca-prod.accela.com/TAMPA/Cap/CapDetail.aspx?Module=Building&TabName=Building&capID1=25CAP&capID2=00000&capID3=02RZU&agencyCode=TAMPA
rec-422b033def86e2af,CONSTRUCTION_INSPECTIONS|NATIVE|BLD-26-0520505,src-52fe31ff098a462f,tpa-833ba3006a832e,construction_inspections,BLD-26-0520505,2025-11-19,2025-11,permit_record_created,CREATEDDATE,source_record_metadata,0,0,2026-08-23,2026-08,2026-08-23,2026-08,2026-08-23,2026-08,1,1,Issued,NEW SFR,Residential New Construction and Additions (1 and 2 Family),8701 N Temple Ave,Temple Crest,https://aca-prod.accela.com/TAMPA/Cap/CapDetail.aspx?Module=Building&TabName=Building&capID1=25CAP&capID2=00000&capID3=02UKI&agencyCode=TAMPA
rec-44f104e3339b032b,CONSTRUCTION_INSPECTIONS|NATIVE|BLD-26-0520712,src-256f81ad4136334f,tpa-47001d0f806223,construction_inspections,BLD-26-0520712,2025-11-27,2025-11,permit_record_created,CREATEDDATE,source_record_metadata,0,0,2026-08-23,2026-08,2026-08-23,2026-08,2026-08-23,2026-08,1,1,Issued,FEMA: 3 Story New SFR,Residential New Construction and Additions (1 and 2 Family),2115 S West Shore Blvd,Sunset Park,https://aca-prod.accela.com/TAMPA/Cap/CapDetail.aspx?Module=Building&TabName=Building&capID1=25CAP&capID2=00000&capID3=02VVT&agencyCode=TAMPA
rec-4547feb7c543bb23,CONSTRUCTION_INSPECTIONS|NATIVE|BLD-26-0520372,src-8e20f5962389ae1b,tpa-a26609c240ab83,construction_inspections,BLD-26-0520372,2025-11-17,2025-11,permit_record_created,CREATEDDATE,source_record_metadata,0,0,2026-08-23,2026-08,2026-08-23,2026-08,2026-08-23,2026-08,1,1,Issued,PP: 2-Story ADU with Garage,Residential New Construction and Additions (1 and 2 Family),119 W Adalee St,Tampa Heights,https://aca-prod.accela.com/TAMPA/Cap/CapDetail.aspx?Module=Building&TabName=Building&capID1=25CAP&capID2=00000&capID3=02TS9&agencyCode=TAMPA
rec-469ea3282986fd55,CONSTRUCTION_INSPECTIONS|NATIVE|BLD-26-0520397,src-55b962f901864c32,tpa-cf8b0377b05e40,construction_inspections,BLD-26-0520397,2025-11-17,2025-11,permit_record_created,CREATEDDATE,source_record_metadata,0,0,2026-08-23,2026-08,2026-08-23,2026-08,2026-08-23,2026-08,1,1,Issued,OWNER:NEW SFR,Residential New Construction and Additions (1 and 2 Family),10410 N 50th St,Terrace Park,https://aca-prod.accela.com/TAMPA/Cap/CapDetail.aspx?Module=Building&TabName=Building&capID1=25CAP&capID2=00000&capID3=02TWP&agencyCode=TAMPA
rec-4bc602751d472432,CONSTRUCTION_INSPECTIONS|NATIVE|BLD-26-0520710,src-fefe130660258efb,tpa-2cb197c3074901,construction_inspections,BLD-26-0520710,2025-11-27,2025-11,permit_record_created,CREATEDDATE,source_record_metadata,0,0,2026-08-23,2026-08,2026-08-23,2026-08,2026-08-23,2026-08,1,1,Issued,New 2-Story SFR,Residential New Construction and Additions (1 and 2 Family),4106 W Dale Ave,Swann Estates,https://aca-prod.accela.com/TAMPA/Cap/CapDetail.aspx?Module=Building&TabName=Building&capID1=25CAP&capID2=00000&capID3=02VVO&agencyCode=TAMPA
rec-4e310d59b26ede19,CONSTRUCTION_INSPECTIONS|NATIVE|BLD-26-0520257,src-1d2f9da5fd970fbb,tpa-cff7efe1a6f268,construction_inspections,BLD-26-0520257,2025-11-13,2025-11,permit_record_created,CREATEDDATE,source_record_metadata,0,0,2026-08-23,2026-08,2026-08-23,2026-08,2026-08-23,2026-08,1,1,Revision,PP: BLD D Suite 110 - Buildout including MEPs no fire - Livewell Animal Hospital,Commercial Building Alterations (Renovations),202 N Rome Ave,North Hyde Park,https://aca-prod.accela.com/TAMPA/Cap/CapDetail.aspx?Module=Building&TabName=Building&capID1=25CAP&capID2=00000&capID3=02T9Q&agencyCode=TAMPA
rec-5127e46b8e1643dc,CONSTRUCTION_INSPECTIONS|NATIVE|BLD-26-0519820,src-f6560bbc45a61b13,tpa-e52bbb22849b70,construction_inspections,BLD-26-0519820,2025-11-03,2025-11,permit_record_created,CREATEDDATE,source_record_metadata,0,0,2026-08-23,2026-08,2026-08-23,2026-08,2026-08-23,2026-08,1,1,Issued,Accessory structure no kitchen,Residential New Construction and Additions (1 and 2 Family),1 N Franklin St,Tampa Downtown Partnership,https://aca-prod.accela.com/TAMPA/Cap/CapDetail.aspx?Module=Building&TabName=Building&capID1=25CAP&capID2=00000&capID3=02QW0&agencyCode=TAMPA
rec-514b646c4b2db34b,CONSTRUCTION_INSPECTIONS|NATIVE|BLD-26-0520389,src-7bcaa8a7be9b5182,tpa-d92d17ff7666c4,construction_inspections,BLD-26-0520389,2025-11-17,2025-11,permit_record_created,CREATEDDATE,source_record_metadata,0,0,2026-08-23,2026-08,2026-08-23,2026-08,2026-08-23,2026-08,1,1,Issued,PP: 2 Story Unit 1 Townhouse,Residential New Construction and Additions (1 and 2 Family),4221 W North B St,Westshore Palms,https://aca-prod.accela.com/TAMPA/Cap/CapDetail.aspx?Module=Building&TabName=Building&capID1=25CAP&capID2=00000&capID3=02TV8&agencyCode=TAMPA
rec-534dab0d71802172,CONSTRUCTION_INSPECTIONS|NATIVE|BLD-26-0520206,src-195d6efd23d848c1,tpa-952689e7d57a44,construction_inspections,BLD-26-0520206,2025-11-12,2025-11,permit_record_created,CREATEDDATE,source_record_metadata,0,0,2026-08-23,2026-08,2026-08-23,2026-08,2026-08-23,2026-08,1,1,Issued,Addition,Residential New Construction and Additions (1 and 2 Family),2712 N Jefferson St,Tampa Heights,https://aca-prod.accela.com/TAMPA/Cap/CapDetail.aspx?Module=Building&TabName=Building&capID1=25CAP&capID2=00000&capID3=02SZ0&agencyCode=TAMPA
rec-535aebf6d57d51ef,CONSTRUCTION_INSPECTIONS|NATIVE|BLD-26-0520228,src-3ea7c5a52f4eb22b,tpa-5cd48e592e3d28,construction_inspections,BLD-26-0520228,2025-11-12,2025-11,permit_record_created,CREATEDDATE,source_record_metadata,0,0,2026-08-23,2026-08,2026-08-23,2026-08,2026-08-23,2026-08,1,1,Issued,OWNER Addition: Garage,Residential New Construction and Additions (1 and 2 Family),1709 E Louisiana Ave,Historic Belmont Heights,https://aca-prod.accela.com/TAMPA/Cap/CapDetail.aspx?Module=Building&TabName=Building&capID1=25CAP&capID2=00000&capID3=02T36&agencyCode=TAMPA
rec-53c53f6b86a72ef4,CONSTRUCTION_INSPECTIONS|NATIVE|BLD-26-0520651,src-727c8c0ebd874255,tpa-4543a98324861f,construction_inspections,BLD-26-0520651,2025-11-25,2025-11,permit_record_created,CREATEDDATE,source_record_metadata,0,0,2026-08-23,2026-08,2026-08-23,2026-08,2026-08-23,2026-08,1,1,Issued,FEMA: 2-story New SFR,Residential New Construction and Additions (1 and 2 Family),210 S Gardenia Ave,Beach Park,https://aca-prod.accela.com/TAMPA/Cap/CapDetail.aspx?Module=Building&TabName=Building&capID1=25CAP&capID2=00000&capID3=02VH0&agencyCode=TAMPA
rec-54e1cba2096ddda9,CONSTRUCTION_INSPECTIONS|NATIVE|BLD-26-0520328,src-a3fe1a39f593f096,tpa-f9b1960298f38e,construction_inspections,BLD-26-0520328,2025-11-14,2025-11,permit_record_created,CREATEDDATE,source_record_metadata,0,0,2026-08-23,2026-08,2026-08-23,2026-08,2026-08-23,2026-08,1,1,Issued,"ATF CMP-24-0016762 -- New Residence, two story, 4 bedrooms, 3 anf half bathrooms, and two car garage",Residential New Construction and Additions (1 and 2 Family),910 W Fribley St,Riverside Heights,https://aca-prod.accela.com/TAMPA/Cap/CapDetail.aspx?Module=Building&TabName=Building&capID1=25CAP&capID2=00000&capID3=02TJA&agencyCode=TAMPA
rec-5653250893995cab,CONSTRUCTION_INSPECTIONS|NATIVE|BLD-26-0520165,src-e4b63bd59e1816aa,tpa-124ac81151ad48,construction_inspections,BLD-26-0520165,2025-11-11,2025-11,permit_record_created,CREATEDDATE,source_record_metadata,0,0,2026-08-23,2026-08,2026-08-23,2026-08,2026-08-23,2026-08,1,1,Issued,FEMA: New 1 Story SFR,Residential New Construction and Additions (1 and 2 Family),7408 S Morton St,"Port Tampa City, Inc. Civic Association",https://aca-prod.accela.com/TAMPA/Cap/CapDetail.aspx?Module=Building&TabName=Building&capID1=25CAP&capID2=00000&capID3=02SPR&agencyCode=TAMPA
rec-585efca7dccf6fe3,CONSTRUCTION_INSPECTIONS|NATIVE|BLD-26-0520137,src-980efa8b5f67cbaa,tpa-9c2467bac37218,construction_inspections,BLD-26-0520137,2025-11-10,2025-11,permit_record_created,CREATEDDATE,source_record_metadata,0,0,2026-08-23,2026-08,2026-08-23,2026-08,2026-08-23,2026-08,1,1,Issued,Elevate SFR - Install Foundation System,Residential Building Alterations (Renovations),3604 W Dale Ave,Bon Air,https://aca-prod.accela.com/TAMPA/Cap/CapDetail.aspx?Module=Building&TabName=Building&capID1=25CAP&capID2=00000&capID3=02SKV&agencyCode=TAMPA
rec-5889b7dd5b607235,CONSTRUCTION_INSPECTIONS|NATIVE|BLD-26-0520573,src-754f414099be183c,tpa-ccb9780a79d201,construction_inspections,BLD-26-0520573,2025-11-21,2025-11,permit_record_created,CREATEDDATE,source_record_metadata,0,0,2026-08-23,2026-08,2026-08-23,2026-08,2026-08-23,2026-08,1,1,Revision,Owner: New 2-Story SFR,Residential New Construction and Additions (1 and 2 Family),4205 W Neptune St,Culbreath Heights,https://aca-prod.accela.com/TAMPA/Cap/CapDetail.aspx?Module=Building&TabName=Building&capID1=25CAP&capID2=00000&capID3=02UZL&agencyCode=TAMPA
rec-5dd5d05e248d7c5d,CONSTRUCTION_INSPECTIONS|NATIVE|BLD-26-0520483,src-abfc0fcba526fccb,tpa-80b50251d99ce3,construction_inspections,BLD-26-0520483,2025-11-19,2025-11,permit_record_created,CREATEDDATE,source_record_metadata,0,0,2026-08-23,2026-08,2026-08-23,2026-08,2026-08-23,2026-08,1,1,Revision,PP:New 2 -Sty SFR & Accessory living,Residential New Construction and Additions (1 and 2 Family),3110 W Wallcraft Ave,Bayshore Beautiful,https://aca-prod.accela.com/TAMPA/Cap/CapDetail.aspx?Module=Building&TabName=Building&capID1=25CAP&capID2=00000&capID3=02UF5&agencyCode=TAMPA
rec-5e4c693c99fb595b,CONSTRUCTION_INSPECTIONS|NATIVE|BLD-26-0520515,src-47aeee3b16f0cf4d,tpa-9aeeb1689d455a,construction_inspections,BLD-26-0520515,2025-11-20,2025-11,permit_record_created,CREATEDDATE,source_record_metadata,0,0,2026-08-23,2026-08,2026-08-23,2026-08,2026-08-23,2026-08,1,1,Revision,PP: 2-Story New SFR,Residential New Construction and Additions (1 and 2 Family),3501 W Rogers Ave,Interbay - South of Gandy,https://aca-prod.accela.com/TAMPA/Cap/CapDetail.aspx?Module=Building&TabName=Building&capID1=25CAP&capID2=00000&capID3=02UMI&agencyCode=TAMPA
rec-5f5182ab817d1bbb,CONSTRUCTION_INSPECTIONS|NATIVE|BLD-26-0520030,src-339279d02f5cc7ab,tpa-59b89738ae30b9,construction_inspections,BLD-26-0520030,2025-11-06,2025-11,permit_record_created,CREATEDDATE,source_record_metadata,0,0,2026-08-23,2026-08,2026-08-23,2026-08,2026-08-23,2026-08,1,1,Issued,SFR,Residential New Construction and Additions (1 and 2 Family),7012 N Willow Ave,Lowry Park Central,https://aca-prod.accela.com/TAMPA/Cap/CapDetail.aspx?Module=Building&TabName=Building&capID1=25CAP&capID2=00000&capID3=02S09&agencyCode=TAMPA
rec-62b641a2fa7c640c,CONSTRUCTION_INSPECTIONS|NATIVE|BLD-26-0520050,src-b574399648eec593,tpa-b741db146cd4a9,construction_inspections,BLD-26-0520050,2025-11-06,2025-11,permit_record_created,CREATEDDATE,source_record_metadata,0,0,2026-08-23,2026-08,2026-08-23,2026-08,2026-08-23,2026-08,1,1,Issued,New 2-Story SFR,Residential New Construction and Additions (1 and 2 Family),2625 Marconi St,Palmetto Beach,https://aca-prod.accela.com/TAMPA/Cap/CapDetail.aspx?Module=Building&TabName=Building&capID1=25CAP&capID2=00000&capID3=02S4K&agencyCode=TAMPA
rec-64a3ddb7837ee24d,CONSTRUCTION_INSPECTIONS|NATIVE|BLD-26-0519903,src-769339380fb06237,tpa-2ddbf524878341,construction_inspections,BLD-26-0519903,2025-11-04,2025-11,permit_record_created,CREATEDDATE,source_record_metadata,0,0,2026-08-23,2026-08,2026-08-23,2026-08,2026-08-23,2026-08,1,1,Issued,FEMA New 2-Story SFR,Residential New Construction and Additions (1 and 2 Family),3621 S Gardenia Ave,Bel Mar Shores,https://aca-prod.accela.com/TAMPA/Cap/CapDetail.aspx?Module=Building&TabName=Building&capID1=25CAP&capID2=00000&capID3=02RCC&agencyCode=TAMPA
rec-64ef3836ee0736a9,CONSTRUCTION_INSPECTIONS|NATIVE|BLD-26-0520388,src-707c0a44638ae6fe,tpa-269ba92cdf0156,construction_inspections,BLD-26-0520388,2025-11-17,2025-11,permit_record_created,CREATEDDATE,source_record_metadata,0,0,2026-08-23,2026-08,2026-08-23,2026-08,2026-08-23,2026-08,1,1,Issued,NEW FOOD PANTRY FACILITY- EXCITING CENTRAL TAMPA BAPTIST CHURCH,Commercial New Construction and Additions,105 E Keyes Ave,Tampa Heights,https://aca-prod.accela.com/TAMPA/Cap/CapDetail.aspx?Module=Building&TabName=Building&capID1=25CAP&capID2=00000&capID3=02TV7&agencyCode=TAMPA
rec-657648fac9a40e5b,CONSTRUCTION_INSPECTIONS|NATIVE|BLD-26-0520384,src-2fad48fa4551ede1,tpa-bdf2b4e3a608fe,construction_inspections,BLD-26-0520384,2025-11-17,2025-11,permit_record_created,CREATEDDATE,source_record_metadata,0,0,2026-08-23,2026-08,2026-08-23,2026-08,2026-08-23,2026-08,1,1,Revision,01-08-26 KPI | FEMA: Change of Use/Occupancy: Interior/Exterior ALT Lawyer office to Dental office,Commercial Building Alterations (Renovations),3444 S West Shore Blvd,Belmar Gardens,https://aca-prod.accela.com/TAMPA/Cap/CapDetail.aspx?Module=Building&TabName=Building&capID1=25CAP&capID2=00000&capID3=02TUU&agencyCode=TAMPA
rec-678c91bb1731bfd8,CONSTRUCTION_INSPECTIONS|NATIVE|BLD-26-0519906,src-30d4184da44bb2b1,tpa-708e51cbe9d60e,construction_inspections,BLD-26-0519906,2025-11-04,2025-11,permit_record_created,CREATEDDATE,source_record_metadata,0,0,2026-08-23,2026-08,2026-08-23,2026-08,2026-08-23,2026-08,1,1,Issued,FEMA: PP: New 2 Story,Residential New Construction and Additions (1 and 2 Family),577 Riviera Dr,Davis Islands,https://aca-prod.accela.com/TAMPA/Cap/CapDetail.aspx?Module=Building&TabName=Building&capID1=25CAP&capID2=00000&capID3=02RD7&agencyCode=TAMPA
rec-6928aacfe98c9ad1,CONSTRUCTION_INSPECTIONS|NATIVE|BLD-26-0520329,src-fb2dd1386344c80c,tpa-9612fd995b1f4d,construction_inspections,BLD-26-0520329,2025-11-14,2025-11,permit_record_created,CREATEDDATE,source_record_metadata,0,0,2026-08-23,2026-08,2026-08-23,2026-08,2026-08-23,2026-08,1,1,Issued,FEMA:Addition/ Remodel,Residential New Construction and Additions (1 and 2 Family),4501 W Azeele St,Beach Park,https://aca-prod.accela.com/TAMPA/Cap/CapDetail.aspx?Module=Building&TabName=Building&capID1=25CAP&capID2=00000&capID3=02TJB&agencyCode=TAMPA
rec-69c1b69db43ba506,CONSTRUCTION_INSPECTIONS|NATIVE|BLD-26-0520658,src-6945086c25061076,tpa-957691e0b214a5,construction_inspections,BLD-26-0520658,2025-11-24,2025-11,permit_record_created,CREATEDDATE,source_record_metadata,0,0,2026-08-23,2026-08,2026-08-23,2026-08,2026-08-23,2026-08,1,1,Issued,PP:NEW 2 STORY SFR,Residential New Construction and Additions (1 and 2 Family),3909 W Corona St,Virginia Park,https://aca-prod.accela.com/TAMPA/Cap/CapDetail.aspx?Module=Building&TabName=Building&capID1=25CAP&capID2=00000&capID3=02VHO&agencyCode=TAMPA
rec-6d11e3b9c9fea0bd,CONSTRUCTION_INSPECTIONS|NATIVE|BLD-26-0520089,src-1b2be642bb0fbff9,tpa-1240fa2de033b2,construction_inspections,BLD-26-0520089,2025-11-07,2025-11,permit_record_created,CREATEDDATE,source_record_metadata,0,0,2026-08-23,2026-08,2026-08-23,2026-08,2026-08-23,2026-08,1,1,Issued,New 2-story SFR,Residential New Construction and Additions (1 and 2 Family),3403 W Cass St,Oakford Park,https://aca-prod.accela.com/TAMPA/Cap/CapDetail.aspx?Module=Building&TabName=Building&capID1=25CAP&capID2=00000&capID3=02SBQ&agencyCode=TAMPA
rec-6d22e561638dd755,CONSTRUCTION_INSPECTIONS|NATIVE|BLD-26-0520721,src-2877bc8856c22047,tpa-4f5075257f31f8,construction_inspections,BLD-26-0520721,2025-11-30,2025-11,permit_record_created,CREATEDDATE,source_record_metadata,0,0,2026-08-23,2026-08,2026-08-23,2026-08,2026-08-23,2026-08,1,1,Issued,New SFR,Residential New Construction and Additions (1 and 2 Family),11333 N Marjory Ave,East Forest Hills,https://aca-prod.accela.com/TAMPA/Cap/CapDetail.aspx?Module=Building&TabName=Building&capID1=25CAP&capID2=00000&capID3=02VXL&agencyCode=TAMPA
rec-6efc488a3514c44e,CONSTRUCTION_INSPECTIONS|NATIVE|BLD-26-0520376,src-bb3f25c3d4dde718,tpa-dd68cb4d8bc38b,construction_inspections,BLD-26-0520376,2025-11-17,2025-11,permit_record_created,CREATEDDATE,source_record_metadata,0,0,2026-08-23,2026-08,2026-08-23,2026-08,2026-08-23,2026-08,1,1,Revision,FEMA PP: New 2-Story SFR,Residential New Construction and Additions (1 and 2 Family),2303 N Glenwood Dr,Ridgewood Park,https://aca-prod.accela.com/TAMPA/Cap/CapDetail.aspx?Module=Building&TabName=Building&capID1=25CAP&capID2=00000&capID3=02TT2&agencyCode=TAMPA
rec-6f55186a309ae11f,CONSTRUCTION_INSPECTIONS|NATIVE|BLD-26-0520632,src-857dd9f215a20eee,tpa-e69fb24f6f232f,construction_inspections,BLD-26-0520632,2025-11-24,2025-11,permit_record_created,CREATEDDATE,source_record_metadata,0,0,2026-08-23,2026-08,2026-08-23,2026-08,2026-08-23,2026-08,1,1,Revision,FEMA - Addition - Lifting The Elevation Of Home,Residential New Construction and Additions (1 and 2 Family),825 Bayshore Blvd,Hyde Park Preservation,https://aca-prod.accela.com/TAMPA/Cap/CapDetail.aspx?Module=Building&TabName=Building&capID1=25CAP&capID2=00000&capID3=02VC0&agencyCode=TAMPA
rec-6fe0cd01b613ecf3,CONSTRUCTION_INSPECTIONS|NATIVE|BLD-26-0520713,src-abc96e6f864e417f,tpa-488809dc299db3,construction_inspections,BLD-26-0520713,2025-11-27,2025-11,permit_record_created,CREATEDDATE,source_record_metadata,0,0,2026-08-23,2026-08,2026-08-23,2026-08,2026-08-23,2026-08,1,1,Issued,PRIVATE PROVIDER - ATF- CMP-23-0011504 - Carport Conversion to Conditioned Space,Residential New Construction and Additions (1 and 2 Family),2128 W Sewaha St,Historic Forest Hills,https://aca-prod.accela.com/TAMPA/Cap/CapDetail.aspx?Module=Building&TabName=Building&capID1=25CAP&capID2=00000&capID3=02VVV&agencyCode=TAMPA
rec-712301b50a9d2f69,CONSTRUCTION_INSPECTIONS|NATIVE|BLD-26-0519848,src-19feb1a95a88e388,tpa-ec3e30ca345f62,construction_inspections,BLD-26-0519848,2025-11-03,2025-11,permit_record_created,CREATEDDATE,source_record_metadata,0,0,2026-08-23,2026-08,2026-08-23,2026-08,2026-08-23,2026-08,1,1,Revision,FEMA: PP: 3-STORY NEW SFR,Residential New Construction and Additions (1 and 2 Family),122 Martinique Ave,Davis Islands,https://aca-prod.accela.com/TAMPA/Cap/CapDetail.aspx?Module=Building&TabName=Building&capID1=25CAP&capID2=00000&capID3=02R0T&agencyCode=TAMPA
rec-72193079d1fd0678,CONSTRUCTION_INSPECTIONS|NATIVE|BLD-26-0520610,src-413d8cd1da9b0dcd,tpa-c9b2aa4d4a449e,construction_inspections,BLD-26-0520610,2025-11-24,2025-11,permit_record_created,CREATEDDATE,source_record_metadata,0,0,2026-08-23,2026-08,2026-08-23,2026-08,2026-08-23,2026-08,1,1,Revision,PP: Interior/Exterior Alteration,Residential Building Alterations (Renovations),3705 N Highland Ave,Tampa Heights,https://aca-prod.accela.com/TAMPA/Cap/CapDetail.aspx?Module=Building&TabName=Building&capID1=25CAP&capID2=00000&capID3=02V6F&agencyCode=TAMPA
rec-72a20cdfa81a1518,CONSTRUCTION_INSPECTIONS|NATIVE|BLD-26-0520270,src-96d39f775412ee66,tpa-9c5b6ac1ea80e7,construction_inspections,BLD-26-0520270,2025-11-13,2025-11,permit_record_created,CREATEDDATE,source_record_metadata,0,0,2026-08-23,2026-08,2026-08-23,2026-08,2026-08-23,2026-08,1,1,Issued,PP: FEMA: Building 2: Interior Renovation,Commercial Building Alterations (Renovations),4018 N Riverside Dr,South Seminole Heights,https://aca-prod.accela.com/TAMPA/Cap/CapDetail.aspx?Module=Building&TabName=Building&capID1=25CAP&capID2=00000&capID3=02TBS&agencyCode=TAMPA
rec-72ee18cd5b175e9d,CONSTRUCTION_INSPECTIONS|NATIVE|BLD-26-0520412,src-7e9569b9f5d92779,tpa-4c69fbae4aefed,construction_inspections,BLD-26-0520412,2025-11-18,2025-11,permit_record_created,CREATEDDATE,source_record_metadata,0,0,2026-08-23,2026-08,2026-08-23,2026-08,2026-08-23,2026-08,1,1,Issued,New 1-Story SFR,Residential New Construction and Additions (1 and 2 Family),8311 N 11th St,Sulphur Springs,https://aca-prod.accela.com/TAMPA/Cap/CapDetail.aspx?Module=Building&TabName=Building&capID1=25CAP&capID2=00000&capID3=02TYG&agencyCode=TAMPA
rec-7335c1bb055a79ec,CONSTRUCTION_INSPECTIONS|NATIVE|BLD-26-0520673,src-f4cdae49514ff925,tpa-4e7e46c0d9d4e5,construction_inspections,BLD-26-0520673,2025-11-25,2025-11,permit_record_created,CREATEDDATE,source_record_metadata,0,0,2026-08-23,2026-08,2026-08-23,2026-08,2026-08-23,2026-08,1,1,Issued,Bathroom Renovation,Residential Building Alterations (Renovations),905 S Packwood Ave,Historic Hyde Park,https://aca-prod.accela.com/TAMPA/Cap/CapDetail.aspx?Module=Building&TabName=Building&capID1=25CAP&capID2=00000&capID3=02VL9&agencyCode=TAMPA
rec-748519c952ec00b6,CONSTRUCTION_INSPECTIONS|NATIVE|BLD-26-0520158,src-908d0a332da49155,tpa-487a705e4681e1,construction_inspections,BLD-26-0520158,2025-11-11,2025-11,permit_record_created,CREATEDDATE,source_record_metadata,0,0,2026-08-23,2026-08,2026-08-23,2026-08,2026-08-23,2026-08,1,1,Issued,PP: NEW 2 STORY addition,Residential New Construction and Additions (1 and 2 Family),218 S Gunlock Ave,Gray Gables,https://aca-prod.accela.com/TAMPA/Cap/CapDetail.aspx?Module=Building&TabName=Building&capID1=25CAP&capID2=00000&capID3=02SP4&agencyCode=TAMPA
rec-75d06f2d75c05237,CONSTRUCTION_INSPECTIONS|NATIVE|BLD-26-0520499,src-38ed0b8ee8956df2,tpa-28ed1261f9044a,construction_inspections,BLD-26-0520499,2025-11-12,2025-11,permit_record_created,CREATEDDATE,source_record_metadata,0,0,2026-08-23,2026-08,2026-08-23,2026-08,2026-08-23,2026-08,1,1,Issued,Accelerated Project | ACCELERATED AFFORDABLE HOUSING: New 2-Story Fee Simple Townhouse - Unit 2,Residential New Construction and Additions (1 and 2 Family),1901 N Taliaferro Ave,Encore,https://aca-prod.accela.com/TAMPA/Cap/CapDetail.aspx?Module=Building&TabName=Building&capID1=25CAP&capID2=00000&capID3=02UJS&agencyCode=TAMPA
rec-7759f3e9d49d7579,CONSTRUCTION_INSPECTIONS|NATIVE|BLD-26-0520602,src-c2f0ed1e63912a97,tpa-dc48aeab5e0373,construction_inspections,BLD-26-0520602,2025-11-19,2025-11,permit_record_created,CREATEDDATE,source_record_metadata,0,0,2026-08-23,2026-08,2026-08-23,2026-08,2026-08-23,2026-08,1,1,Issued,Re-issued PP: New 2-Story SFR,Residential New Construction and Additions (1 and 2 Family),3112 W Paxton Ave,Interbay - South of Gandy,https://aca-prod.accela.com/TAMPA/Cap/CapDetail.aspx?Module=Building&TabName=Building&capID1=25CAP&capID2=00000&capID3=02V4N&agencyCode=TAMPA
rec-7ab0824ccb35ca6c,CONSTRUCTION_INSPECTIONS|NATIVE|BLD-26-0520486,src-cc3cb8d14f6cfec9,tpa-5bd84ed5116cad,construction_inspections,BLD-26-0520486,2025-11-19,2025-11,permit_record_created,CREATEDDATE,source_record_metadata,0,0,2026-08-23,2026-08,2026-08-23,2026-08,2026-08-23,2026-08,1,1,Issued,FEMA:PP:New 2-Story SFR,Residential New Construction and Additions (1 and 2 Family),4316 W Corona St,Virginia Park,https://aca-prod.accela.com/TAMPA/Cap/CapDetail.aspx?Module=Building&TabName=Building&capID1=25CAP&capID2=00000&capID3=02UGD&agencyCode=TAMPA
rec-7b98938486bf1b38,CONSTRUCTION_INSPECTIONS|NATIVE|BLD-26-0520691|GLOBALID|{588ED5B1-6066-437C-BB5F-B8E5F8587203},src-0364a12e8e68932a,tpa-5fa4a123a0e6e3,construction_inspections,BLD-26-0520691,2025-11-26,2025-11,permit_record_created,CREATEDDATE,source_record_metadata,0,0,2026-08-23,2026-08,2026-08-23,2026-08,2026-08-23,2026-08,1,1,Revision,PP: Building B: Calore Club: Buildout,Commercial Building Alterations (Renovations),210 N Rome Ave,North Hyde Park,https://aca-prod.accela.com/TAMPA/Cap/CapDetail.aspx?Module=Building&TabName=Building&capID1=25CAP&capID2=00000&capID3=02VPT&agencyCode=TAMPA
rec-7c48c34329d0530e,CONSTRUCTION_INSPECTIONS|NATIVE|BLD-26-0520002,src-2cc698418491adde,tpa-6643bf8a59e436,construction_inspections,BLD-26-0520002,2025-11-05,2025-11,permit_record_created,CREATEDDATE,source_record_metadata,0,0,2026-08-23,2026-08,2026-08-23,2026-08,2026-08-23,2026-08,1,1,Issued,PP: NEW SFR,Residential New Construction and Additions (1 and 2 Family),4508 N Troy St,Rainbow Heights,https://aca-prod.accela.com/TAMPA/Cap/CapDetail.aspx?Module=Building&TabName=Building&capID1=25CAP&capID2=00000&capID3=02RUX&agencyCode=TAMPA
rec-8064ec7725e5ee75,CONSTRUCTION_INSPECTIONS|NATIVE|BLD-26-0520671,src-78ebf53ff269fc78,tpa-a7e6b0c6b9cec0,construction_inspections,BLD-26-0520671,2025-11-25,2025-11,permit_record_created,CREATEDDATE,source_record_metadata,0,0,2026-08-23,2026-08,2026-08-23,2026-08,2026-08-23,2026-08,1,1,Revision,PP: New 2 Sty SFR,Residential New Construction and Additions (1 and 2 Family),3115 W Hawthorne Rd,Bayshore Beautiful,https://aca-prod.accela.com/TAMPA/Cap/CapDetail.aspx?Module=Building&TabName=Building&capID1=25CAP&capID2=00000&capID3=02VKS&agencyCode=TAMPA
rec-80d3a1a877614f29,CONSTRUCTION_INSPECTIONS|NATIVE|BLD-26-0520262,src-a7f2e0add604a5b6,tpa-0d888d986de3a9,construction_inspections,BLD-26-0520262,2025-11-13,2025-11,permit_record_created,CREATEDDATE,source_record_metadata,0,0,2026-08-23,2026-08,2026-08-23,2026-08,2026-08-23,2026-08,1,1,Issued,New 2-Story SFR,Residential New Construction and Additions (1 and 2 Family),2511 W Saint Isabel St,West Tampa Heights (Stadium Area),https://aca-prod.accela.com/TAMPA/Cap/CapDetail.aspx?Module=Building&TabName=Building&capID1=25CAP&capID2=00000&capID3=02TB3&agencyCode=TAMPA
rec-83c3c76c2b92cdd2,CONSTRUCTION_INSPECTIONS|NATIVE|BLD-26-0520600,src-21a824ac5ae7d9b2,tpa-d4e8eb8a4cafd0,construction_inspections,BLD-26-0520600,2025-11-24,2025-11,permit_record_created,CREATEDDATE,source_record_metadata,0,0,2026-08-23,2026-08,2026-08-23,2026-08,2026-08-23,2026-08,1,1,Issued,FEMA: Interior Remodel: Unit D104,Commercial Building Alterations (Renovations),2424 W Tampa Bay Blvd,The Marina Club of Tampa,https://aca-prod.accela.com/TAMPA/Cap/CapDetail.aspx?Module=Building&TabName=Building&capID1=25CAP&capID2=00000&capID3=02V4B&agencyCode=TAMPA
rec-86bfc903f0370fa3,CONSTRUCTION_INSPECTIONS|NATIVE|BLD-26-0520686,src-745593f26c805ff4,tpa-951e1ec3d57f7c,construction_inspections,BLD-26-0520686,2025-11-25,2025-11,permit_record_created,CREATEDDATE,source_record_metadata,0,0,2026-08-23,2026-08,2026-08-23,2026-08,2026-08-23,2026-08,1,1,Issued,New 3-Story Townhouse: Unit 1,Residential New Construction and Additions (1 and 2 Family),1510 S Bay Villa Pl,Bayshore Gardens,https://aca-prod.accela.com/TAMPA/Cap/CapDetail.aspx?Module=Building&TabName=Building&capID1=25CAP&capID2=00000&capID3=02VNX&agencyCode=TAMPA
rec-877fd36bd843454e,CONSTRUCTION_INSPECTIONS|NATIVE|BLD-26-0520160,src-043de6f1d091cc65,tpa-1ad199ceb72ea6,construction_inspections,BLD-26-0520160,2025-11-11,2025-11,permit_record_created,CREATEDDATE,source_record_metadata,0,0,2026-08-23,2026-08,2026-08-23,2026-08,2026-08-23,2026-08,1,1,Issued,OWNER Interior Alteration,Residential Building Alterations (Renovations),2927 W Hawthorne Rd,Bayshore Beautiful,https://aca-prod.accela.com/TAMPA/Cap/CapDetail.aspx?Module=Building&TabName=Building&capID1=25CAP&capID2=00000&capID3=02SP9&agencyCode=TAMPA
rec-878eadec30b9a74a,CONSTRUCTION_INSPECTIONS|NATIVE|BLD-26-0520136,src-e04d8a80faaf1c8a,tpa-a330fdd8b80b23,construction_inspections,BLD-26-0520136,2025-11-10,2025-11,permit_record_created,CREATEDDATE,source_record_metadata,0,0,2026-08-23,2026-08,2026-08-23,2026-08,2026-08-23,2026-08,1,1,Revision,FEMA:New 2-Story SFR,Residential New Construction and Additions (1 and 2 Family),4510 W Brookwood Dr,Culbreath Bayou,https://aca-prod.accela.com/TAMPA/Cap/CapDetail.aspx?Module=Building&TabName=Building&capID1=25CAP&capID2=00000&capID3=02SKT&agencyCode=TAMPA
rec-8853a33e49278921,CONSTRUCTION_INSPECTIONS|NATIVE|BLD-26-0520026,src-923054d29e21545f,tpa-95b4bc533ab4fe,construction_inspections,BLD-26-0520026,2025-11-06,2025-11,permit_record_created,CREATEDDATE,source_record_metadata,0,0,2026-08-23,2026-08,2026-08-23,2026-08,2026-08-23,2026-08,1,1,Issued,FEMA: PP: New 2-Story SFR,Residential New Construction and Additions (1 and 2 Family),329 Columbia Dr,Davis Islands,https://aca-prod.accela.com/TAMPA/Cap/CapDetail.aspx?Module=Building&TabName=Building&capID1=25CAP&capID2=00000&capID3=02RZS&agencyCode=TAMPA
rec-88d5793fad243e86,CONSTRUCTION_INSPECTIONS|NATIVE|BLD-26-0519890,src-82b4a7593995f0aa,tpa-e4a68c12bc953e,construction_inspections,BLD-26-0519890,2025-11-04,2025-11,permit_record_created,CREATEDDATE,source_record_metadata,0,0,2026-08-23,2026-08,2026-08-23,2026-08,2026-08-23,2026-08,1,1,Issued,New 1-Story SFR,Residential New Construction and Additions (1 and 2 Family),8511 N Arden Ave,Sulphur Springs,https://aca-prod.accela.com/TAMPA/Cap/CapDetail.aspx?Module=Building&TabName=Building&capID1=25CAP&capID2=00000&capID3=02RAC&agencyCode=TAMPA
rec-89c05410af64bad2,CONSTRUCTION_INSPECTIONS|NATIVE|BLD-26-0520501,src-29e8c5af83972b0c,tpa-14b09bb3728243,construction_inspections,BLD-26-0520501,2025-11-12,2025-11,permit_record_created,CREATEDDATE,source_record_metadata,0,0,2026-08-23,2026-08,2026-08-23,2026-08,2026-08-23,2026-08,1,1,Issued,Accelerated Project | ACCELERATED AFFORDABLE HOUSING: New 2-Story Fee Simple Townhouse Unit 2,Residential New Construction and Additions (1 and 2 Family),1903 N Taliaferro Ave,Encore,https://aca-prod.accela.com/TAMPA/Cap/CapDetail.aspx?Module=Building&TabName=Building&capID1=25CAP&capID2=00000&capID3=02UJV&agencyCode=TAMPA
rec-8c58f6fb5f8b908a,CONSTRUCTION_INSPECTIONS|NATIVE|BLD-26-0519940,src-1d7560daba98ecea,tpa-4315e871a7f00f,construction_inspections,BLD-26-0519940,2025-11-04,2025-11,permit_record_created,CREATEDDATE,source_record_metadata,0,0,2026-08-23,2026-08,2026-08-23,2026-08,2026-08-23,2026-08,1,1,Issued,PP: Accessory Dwelling Unit,Residential New Construction and Additions (1 and 2 Family),809 W Warren Ave,Riverside Heights,https://aca-prod.accela.com/TAMPA/Cap/CapDetail.aspx?Module=Building&TabName=Building&capID1=25CAP&capID2=00000&capID3=02RIY&agencyCode=TAMPA
rec-8de4ad81185e7f3f,CONSTRUCTION_INSPECTIONS|NATIVE|BLD-26-0520404,src-6f268c2e9b9467a4,tpa-72aac5c5bd0aeb,construction_inspections,BLD-26-0520404,2025-11-18,2025-11,permit_record_created,CREATEDDATE,source_record_metadata,0,0,2026-08-23,2026-08,2026-08-23,2026-08,2026-08-23,2026-08,1,1,Revision,FEMA - New 2-Story SFR,Residential New Construction and Additions (1 and 2 Family),513 E Davis Blvd,Davis Islands,https://aca-prod.accela.com/TAMPA/Cap/CapDetail.aspx?Module=Building&TabName=Building&capID1=25CAP&capID2=00000&capID3=02TXB&agencyCode=TAMPA
rec-91fa91273b87e143,CONSTRUCTION_INSPECTIONS|NATIVE|BDE-26-0445131,src-a24442f8e97956a5,tpa-32ffc4b6f6bf79,construction_inspections,BDE-26-0445131,2025-11-03,2025-11,permit_record_created,CREATEDDATE,source_record_metadata,0,0,2026-08-23,2026-08,2026-08-23,2026-08,2026-08-23,2026-08,1,1,Issued,Reissue: Res Demo,Residential Demolition Permit,120 Bosphorous Ave,Davis Islands,https://aca-prod.accela.com/TAMPA/Cap/CapDetail.aspx?Module=Building&TabName=Building&capID1=25CAP&capID2=00000&capID3=02R0A&agencyCode=TAMPA
rec-92307e7001e3195f,CONSTRUCTION_INSPECTIONS|NATIVE|BLD-26-0520305,src-3b0c521bc89bedf8,tpa-2ddff3f35fdd6b,construction_inspections,BLD-26-0520305,2025-11-14,2025-11,permit_record_created,CREATEDDATE,source_record_metadata,0,0,2026-08-23,2026-08,2026-08-23,2026-08,2026-08-23,2026-08,1,1,Issued,New 2-Story SFR,Residential New Construction and Additions (1 and 2 Family),2702 W Abdella St,Macfarlane Park,https://aca-prod.accela.com/TAMPA/Cap/CapDetail.aspx?Module=Building&TabName=Building&capID1=25CAP&capID2=00000&capID3=02TEV&agencyCode=TAMPA
rec-97abe881c12ab494,CONSTRUCTION_INSPECTIONS|NATIVE|BLD-26-0520075,src-f17972406a7d4052,tpa-f43acd1c2d1b43,construction_inspections,BLD-26-0520075,2025-11-07,2025-11,permit_record_created,CREATEDDATE,source_record_metadata,0,0,2026-08-23,2026-08,2026-08-23,2026-08,2026-08-23,2026-08,1,1,Issued,Accelerated Project | CRA Grant: PP: Threshold: Kulture Kitchen Restaurant: Ste 101,Commercial Building Alterations (Renovations),1555 W Main St,West River,https://aca-prod.accela.com/TAMPA/Cap/CapDetail.aspx?Module=Building&TabName=Building&capID1=25CAP&capID2=00000&capID3=02SA6&agencyCode=TAMPA
rec-985cc300cc2d4671,CONSTRUCTION_INSPECTIONS|NATIVE|BLD-26-0520365,src-fb2c6c5eae48a1b5,tpa-36fa8e42a8df45,construction_inspections,BLD-26-0520365,2025-11-17,2025-11,permit_record_created,CREATEDDATE,source_record_metadata,0,0,2026-08-23,2026-08,2026-08-23,2026-08,2026-08-23,2026-08,1,1,Issued,FEMA: PP: NEW SFR 2 Story,Residential New Construction and Additions (1 and 2 Family),7414 S Morton St,"Port Tampa City, Inc. Civic Association",https://aca-prod.accela.com/TAMPA/Cap/CapDetail.aspx?Module=Building&TabName=Building&capID1=25CAP&capID2=00000&capID3=02TR4&agencyCode=TAMPA
rec-9ae474e0169c8b31,CONSTRUCTION_INSPECTIONS|NATIVE|BLD-26-0520004,src-75737ca041c8cbc4,tpa-4d57ac68027b86,construction_inspections,BLD-26-0520004,2025-11-05,2025-11,permit_record_created,CREATEDDATE,source_record_metadata,0,0,2026-08-23,2026-08,2026-08-23,2026-08,2026-08-23,2026-08,1,1,Issued,FEMA: PP: Addition/Remodel,Residential New Construction and Additions (1 and 2 Family),14 Ladoga Ave,Davis Islands,https://aca-prod.accela.com/TAMPA/Cap/CapDetail.aspx?Module=Building&TabName=Building&capID1=25CAP&capID2=00000&capID3=02RV4&agencyCode=TAMPA
rec-9c57b4e1edc70524,CONSTRUCTION_INSPECTIONS|NATIVE|BLD-26-0519981,src-13fe665706d58eb2,tpa-01e213f7ecde92,construction_inspections,BLD-26-0519981,2025-11-05,2025-11,permit_record_created,CREATEDDATE,source_record_metadata,0,0,2026-08-23,2026-08,2026-08-23,2026-08,2026-08-23,2026-08,1,1,Revision,Remodel: Interior,Residential Building Alterations (Renovations),1802 W Hills Ave,Historic Hyde Park,https://aca-prod.accela.com/TAMPA/Cap/CapDetail.aspx?Module=Building&TabName=Building&capID1=25CAP&capID2=00000&capID3=02RQ3&agencyCode=TAMPA
rec-9e5eda6633a3965d,CONSTRUCTION_INSPECTIONS|NATIVE|BLD-26-0520440,src-afb849ee06063b3b,tpa-ebf5b2b8c2d226,construction_inspections,BLD-26-0520440,2025-11-18,2025-11,permit_record_created,CREATEDDATE,source_record_metadata,0,0,2026-08-23,2026-08,2026-08-23,2026-08,2026-08-23,2026-08,1,1,Issued,ATF- CMP-21-0014261 - Porch Enclosure with Interior and Exterior Renovations,Residential New Construction and Additions (1 and 2 Family),207 E Virginia Ave,Tampa Heights,https://aca-prod.accela.com/TAMPA/Cap/CapDetail.aspx?Module=Building&TabName=Building&capID1=25CAP&capID2=00000&capID3=02U5I&agencyCode=TAMPA
rec-9e7f17ea356ea141,CONSTRUCTION_INSPECTIONS|NATIVE|BLD-26-0520195,src-d72e1799f225d35d,tpa-75e11d57dfb0b8,construction_inspections,BLD-26-0520195,2025-11-12,2025-11,permit_record_created,CREATEDDATE,source_record_metadata,0,0,2026-08-23,2026-08,2026-08-23,2026-08,2026-08-23,2026-08,1,1,Issued,"PP: Addition: Bedroom, UTL and Storage room.",Residential New Construction and Additions (1 and 2 Family),1513 Tilsen Dr,University Square,https://aca-prod.accela.com/TAMPA/Cap/CapDetail.aspx?Module=Building&TabName=Building&capID1=25CAP&capID2=00000&capID3=02SWQ&agencyCode=TAMPA
rec-a12354b74b1209a4,CONSTRUCTION_INSPECTIONS|NATIVE|BLD-26-0520097,src-6e31aaadc3a7a45d,tpa-811edb5a86793f,construction_inspections,BLD-26-0520097,2025-11-07,2025-11,permit_record_created,CREATEDDATE,source_record_metadata,0,0,2026-08-23,2026-08,2026-08-23,2026-08,2026-08-23,2026-08,1,1,Revision,PP: 2nd Floor Addition/ Rear Lanai / Carport,Residential New Construction and Additions (1 and 2 Family),3115 W Barcelona St,Palma Ceia,https://aca-prod.accela.com/TAMPA/Cap/CapDetail.aspx?Module=Building&TabName=Building&capID1=25CAP&capID2=00000&capID3=02SD5&agencyCode=TAMPA
rec-a27ec5f8fd9abcfc,CONSTRUCTION_INSPECTIONS|NATIVE|BLD-26-0519935,src-1b0e953a9dff9ff9,tpa-6a891edd5548cb,construction_inspections,BLD-26-0519935,2025-11-04,2025-11,permit_record_created,CREATEDDATE,source_record_metadata,0,0,2026-08-23,2026-08,2026-08-23,2026-08,2026-08-23,2026-08,1,1,Issued,PP:New 1-Story SFR,Residential New Construction and Additions (1 and 2 Family),18120 Longwater Run Dr,Hunters' Green Heritage Oaks,https://aca-prod.accela.com/TAMPA/Cap/CapDetail.aspx?Module=Building&TabName=Building&capID1=25CAP&capID2=00000&capID3=02RID&agencyCode=TAMPA
rec-a2a0991c1919309b,CONSTRUCTION_INSPECTIONS|NATIVE|BLD-26-0520589,src-5f305d261baa1535,tpa-bd1e696fb7909c,construction_inspections,BLD-26-0520589,2025-11-21,2025-11,permit_record_created,CREATEDDATE,source_record_metadata,0,0,2026-08-23,2026-08,2026-08-23,2026-08,2026-08-23,2026-08,1,1,Issued,12-18-25 KPI | Unit D-CMP-22-0003817 - Added offices to Storage Alterations - MEPs,Commercial Building Alterations (Renovations),5020 N Coolidge Ave,Drew Park,https://aca-prod.accela.com/TAMPA/Cap/CapDetail.aspx?Module=Building&TabName=Building&capID1=25CAP&capID2=00000&capID3=02V26&agencyCode=TAMPA
rec-a2a7f59fb3af82b6,CONSTRUCTION_INSPECTIONS|NATIVE|BLD-26-0520691|GLOBALID|{3435E29E-8943-496F-8725-0C02A1DBF47E},src-6dd60684fbf6c2c9,tpa-5fa4a123a0e6e3,construction_inspections,BLD-26-0520691,2025-11-26,2025-11,permit_record_created,CREATEDDATE,source_record_metadata,0,0,2026-08-23,2026-08,2026-08-23,2026-08,2026-08-23,2026-08,1,1,Revision,PP: Building B: Calore Club: Buildout,Commercial Building Alterations (Renovations),202 N Rome Ave,North Hyde Park,https://aca-prod.accela.com/TAMPA/Cap/CapDetail.aspx?Module=Building&TabName=Building&capID1=25CAP&capID2=00000&capID3=02VPT&agencyCode=TAMPA
rec-a62a1770f5fece84,CONSTRUCTION_INSPECTIONS|NATIVE|BLD-26-0519845,src-eabe65924a61f9ba,tpa-e0548cea02b6e1,construction_inspections,BLD-26-0519845,2025-11-03,2025-11,permit_record_created,CREATEDDATE,source_record_metadata,0,0,2026-08-23,2026-08,2026-08-23,2026-08,2026-08-23,2026-08,1,1,Issued,PP: New 2-Story SFR,Residential New Construction and Additions (1 and 2 Family),3401 W Kensington Ave,Bayshore Beautiful,https://aca-prod.accela.com/TAMPA/Cap/CapDetail.aspx?Module=Building&TabName=Building&capID1=25CAP&capID2=00000&capID3=02R0C&agencyCode=TAMPA
rec-a762c4d15a3619db,CONSTRUCTION_INSPECTIONS|NATIVE|BLD-26-0520590,src-56d36d8e442fba3e,tpa-35b9b97f3d7227,construction_inspections,BLD-26-0520590,2025-11-21,2025-11,permit_record_created,CREATEDDATE,source_record_metadata,0,0,2026-08-23,2026-08,2026-08-23,2026-08,2026-08-23,2026-08,1,1,Revision,SEC: PP: Interior Renovation - Ceviche Tapas Bar & Restaurant Suite B224,Commercial Building Alterations (Renovations),2223 N West Shore Blvd,Westshore,https://aca-prod.accela.com/TAMPA/Cap/CapDetail.aspx?Module=Building&TabName=Building&capID1=25CAP&capID2=00000&capID3=02V27&agencyCode=TAMPA
rec-aa21330b2f3657fd,CONSTRUCTION_INSPECTIONS|NATIVE|BLD-26-0519816,src-7955b86c5fee8e2a,tpa-d53ea55d5e8922,construction_inspections,BLD-26-0519816,2025-11-03,2025-11,permit_record_created,CREATEDDATE,source_record_metadata,0,0,2026-08-23,2026-08,2026-08-23,2026-08,2026-08-23,2026-08,1,1,Issued,FEMA:PP:New 2-Story SFR,Residential New Construction and Additions (1 and 2 Family),4703 W Lowell Ave,Sunset Park,https://aca-prod.accela.com/TAMPA/Cap/CapDetail.aspx?Module=Building&TabName=Building&capID1=25CAP&capID2=00000&capID3=02QV8&agencyCode=TAMPA
rec-aa35a65ccffa79fa,CONSTRUCTION_INSPECTIONS|NATIVE|BLD-26-0520471,src-4798604106616b25,tpa-8315604e3fc955,construction_inspections,BLD-26-0520471,2025-11-19,2025-11,permit_record_created,CREATEDDATE,source_record_metadata,0,0,2026-08-23,2026-08,2026-08-23,2026-08,2026-08-23,2026-08,1,1,Issued,Accessory Structure: Storage,Commercial New Construction and Additions,1800 N Rome Ave,Old West Tampa,https://aca-prod.accela.com/TAMPA/Cap/CapDetail.aspx?Module=Building&TabName=Building&capID1=25CAP&capID2=00000&capID3=02UBV&agencyCode=TAMPA
rec-aba8506506432105,CONSTRUCTION_INSPECTIONS|NATIVE|BLD-26-0519993,src-966172cd64b7e393,tpa-c9ca993063894d,construction_inspections,BLD-26-0519993,2025-11-05,2025-11,permit_record_created,CREATEDDATE,source_record_metadata,0,0,2026-08-23,2026-08,2026-08-23,2026-08,2026-08-23,2026-08,1,1,Issued,FEMA: Bathroom Remodel,Commercial Building Alterations (Renovations),208 Danube Ave,Davis Islands,https://aca-prod.accela.com/TAMPA/Cap/CapDetail.aspx?Module=Building&TabName=Building&capID1=25CAP&capID2=00000&capID3=02RT1&agencyCode=TAMPA
rec-aef30af529becac2,CONSTRUCTION_INSPECTIONS|NATIVE|BLD-26-0520482,src-3e229b8be637b473,tpa-258d15e56eb1f0,construction_inspections,BLD-26-0520482,2025-11-19,2025-11,permit_record_created,CREATEDDATE,source_record_metadata,0,0,2026-08-23,2026-08,2026-08-23,2026-08,2026-08-23,2026-08,1,1,Revision,Renovation/ Addition,Residential New Construction and Additions (1 and 2 Family),402 S Oregon Ave,Hyde Park Spanishtown Creek,https://aca-prod.accela.com/TAMPA/Cap/CapDetail.aspx?Module=Building&TabName=Building&capID1=25CAP&capID2=00000&capID3=02UF0&agencyCode=TAMPA
rec-aef9f378a2981c3d,CONSTRUCTION_INSPECTIONS|NATIVE|BLD-26-0520202|GLOBALID|{3A86EA90-F8E9-4B8D-A2B3-60551A5EE78A},src-d2a40e36404875ac,tpa-36b850bc5a14f3,construction_inspections,BLD-26-0520202,2025-11-12,2025-11,permit_record_created,CREATEDDATE,source_record_metadata,0,0,2026-08-23,2026-08,2026-08-23,2026-08,2026-08-23,2026-08,1,1,Revision,12-12-25 KPI ACCELERATED: Affordable Housing | ACCELERATED: PP: Change of Use / Addition and Remodel,Commercial New Construction and Additions,1410 E Chilkoot Ave,North Tampa Community,https://aca-prod.accela.com/TAMPA/Cap/CapDetail.aspx?Module=Building&TabName=Building&capID1=25CAP&capID2=00000&capID3=02SYK&agencyCode=TAMPA
rec-b0516fe7375717bd,CONSTRUCTION_INSPECTIONS|NATIVE|BLD-26-0520028,src-8843288fd00a845b,tpa-fd0b125b099a1e,construction_inspections,BLD-26-0520028,2025-11-06,2025-11,permit_record_created,CREATEDDATE,source_record_metadata,0,0,2026-08-23,2026-08,2026-08-23,2026-08,2026-08-23,2026-08,1,1,Issued,FEMA: PP: NEW SFR-2 Story,Residential New Construction and Additions (1 and 2 Family),201 S Treasure Dr,Beach Park,https://aca-prod.accela.com/TAMPA/Cap/CapDetail.aspx?Module=Building&TabName=Building&capID1=25CAP&capID2=00000&capID3=02S02&agencyCode=TAMPA
rec-b26c5fca3b99683b,CONSTRUCTION_INSPECTIONS|NATIVE|BLD-26-0520484,src-2e3b3f8c3c3bd7ea,tpa-5853fbc642ed03,construction_inspections,BLD-26-0520484,2025-11-19,2025-11,permit_record_created,CREATEDDATE,source_record_metadata,0,0,2026-08-23,2026-08,2026-08-23,2026-08,2026-08-23,2026-08,1,1,Revision,PP: Fema: New 2 Sty SFR,Residential New Construction and Additions (1 and 2 Family),3606 S Belcher Dr,Bel Mar Shores,https://aca-prod.accela.com/TAMPA/Cap/CapDetail.aspx?Module=Building&TabName=Building&capID1=25CAP&capID2=00000&capID3=02UFV&agencyCode=TAMPA
rec-b598dad30e4a0d2c,CONSTRUCTION_INSPECTIONS|NATIVE|BDE-26-0445189,src-7b175d97a338e26c,tpa-845d9a0cf1ec08,construction_inspections,BDE-26-0445189,2025-11-20,2025-11,permit_record_created,CREATEDDATE,source_record_metadata,0,0,2026-08-23,2026-08,2026-08-23,2026-08,2026-08-23,2026-08,1,1,Issued,REISSUE - Demo SFR,Residential Demolition Permit,3816 N Whittier St,Grant Park,https://aca-prod.accela.com/TAMPA/Cap/CapDetail.aspx?Module=Building&TabName=Building&capID1=25CAP&capID2=00000&capID3=02UPZ&agencyCode=TAMPA
rec-b7214d7ba24a87db,CONSTRUCTION_INSPECTIONS|NATIVE|BLD-26-0520133,src-22eeacf3f4e23d75,tpa-ce8bdb9c1b7d81,construction_inspections,BLD-26-0520133,2025-11-10,2025-11,permit_record_created,CREATEDDATE,source_record_metadata,0,0,2026-08-23,2026-08,2026-08-23,2026-08,2026-08-23,2026-08,1,1,Issued,Interior Alteration - Beck Office Tenant Improvements,Commercial Building Alterations (Renovations),220 W 7th Ave,Tampa Heights,https://aca-prod.accela.com/TAMPA/Cap/CapDetail.aspx?Module=Building&TabName=Building&capID1=25CAP&capID2=00000&capID3=02SKG&agencyCode=TAMPA
rec-b85b14c717a83c32,CONSTRUCTION_INSPECTIONS|NATIVE|BLD-26-0520055,src-2b62b426303f3929,tpa-0f28f1007860a8,construction_inspections,BLD-26-0520055,2025-11-06,2025-11,permit_record_created,CREATEDDATE,source_record_metadata,0,0,2026-08-23,2026-08,2026-08-23,2026-08,2026-08-23,2026-08,1,1,Revision,Addition,Residential New Construction and Additions (1 and 2 Family),2516 W Morrison Ave,New Suburb Beautiful,https://aca-prod.accela.com/TAMPA/Cap/CapDetail.aspx?Module=Building&TabName=Building&capID1=25CAP&capID2=00000&capID3=02S5C&agencyCode=TAMPA
rec-b97ba27eebc02f76,CONSTRUCTION_INSPECTIONS|NATIVE|BLD-26-0520108,src-f1d95d086cd54a92,tpa-195b6e7fc83b90,construction_inspections,BLD-26-0520108,2025-11-08,2025-11,permit_record_created,CREATEDDATE,source_record_metadata,0,0,2026-08-23,2026-08,2026-08-23,2026-08,2026-08-23,2026-08,1,1,Issued,AFT-Change of Use to a Daycare - CMP-25-0015888 - Little Blue Bees,Commercial Building Alterations (Renovations),809 W Waters Ave,Lowry Park Central,https://aca-prod.accela.com/TAMPA/Cap/CapDetail.aspx?Module=Building&TabName=Building&capID1=25CAP&capID2=00000&capID3=02SEE&agencyCode=TAMPA
rec-b9eecea183b0ace8,CONSTRUCTION_INSPECTIONS|NATIVE|BLD-26-0520504,src-039c681f52a1a195,tpa-34b7218c1fe1e4,construction_inspections,BLD-26-0520504,2025-11-19,2025-11,permit_record_created,CREATEDDATE,source_record_metadata,0,0,2026-08-23,2026-08,2026-08-23,2026-08,2026-08-23,2026-08,1,1,Revision,New 1-Story SFR,Residential New Construction and Additions (1 and 2 Family),4782 E Yukon St,Temple Crest,https://aca-prod.accela.com/TAMPA/Cap/CapDetail.aspx?Module=Building&TabName=Building&capID1=25CAP&capID2=00000&capID3=02UKG&agencyCode=TAMPA
rec-c1c43d18b78ccb68,CONSTRUCTION_INSPECTIONS|NATIVE|BLD-26-0520419,src-ef64fb00c5c7fc5f,tpa-add0b475c6dfe6,construction_inspections,BLD-26-0520419,2025-11-18,2025-11,permit_record_created,CREATEDDATE,source_record_metadata,0,0,2026-08-23,2026-08,2026-08-23,2026-08,2026-08-23,2026-08,1,1,Issued,Pool Pavilion with Outdoor Grill Area,Residential Building Alterations (Renovations),4108 W Santiago St,Virginia Park,https://aca-prod.accela.com/TAMPA/Cap/CapDetail.aspx?Module=Building&TabName=Building&capID1=25CAP&capID2=00000&capID3=02TZD&agencyCode=TAMPA
rec-c1ca004a89c0e61c,CONSTRUCTION_INSPECTIONS|NATIVE|BLD-26-0520669,src-d600fae78a550fdb,tpa-c33c82b970eaf4,construction_inspections,BLD-26-0520669,2025-11-25,2025-11,permit_record_created,CREATEDDATE,source_record_metadata,0,0,2026-08-23,2026-08,2026-08-23,2026-08,2026-08-23,2026-08,1,1,Issued,PP: New 2 Story SFR,Residential New Construction and Additions (1 and 2 Family),3610 W Tyson Ave,Interbay - South of Gandy,https://aca-prod.accela.com/TAMPA/Cap/CapDetail.aspx?Module=Building&TabName=Building&capID1=25CAP&capID2=00000&capID3=02VKL&agencyCode=TAMPA
rec-c2834ded27884bc5,CONSTRUCTION_INSPECTIONS|NATIVE|BLD-26-0520327,src-74e31bd3bcece296,tpa-060e2b9ee13cb5,construction_inspections,BLD-26-0520327,2025-11-14,2025-11,permit_record_created,CREATEDDATE,source_record_metadata,0,0,2026-08-23,2026-08,2026-08-23,2026-08,2026-08-23,2026-08,1,1,Issued,PP: New 2-Story SFR,Residential New Construction and Additions (1 and 2 Family),3604 W Leona St,Palma Ceia,https://aca-prod.accela.com/TAMPA/Cap/CapDetail.aspx?Module=Building&TabName=Building&capID1=25CAP&capID2=00000&capID3=02TJ8&agencyCode=TAMPA
rec-c3107f2706b6ae30,CONSTRUCTION_INSPECTIONS|NATIVE|BLD-26-0519795,src-3c8e17881322d424,tpa-c812be03cf333e,construction_inspections,BLD-26-0519795,2025-11-01,2025-11,permit_record_created,CREATEDDATE,source_record_metadata,0,0,2026-08-23,2026-08,2026-08-23,2026-08,2026-08-23,2026-08,1,1,Issued,ATF CMP-24-0005794,Residential New Construction and Additions (1 and 2 Family),8503 N Orleans Ave,Lowry Park Central,https://aca-prod.accela.com/TAMPA/Cap/CapDetail.aspx?Module=Building&TabName=Building&capID1=25CAP&capID2=00000&capID3=02QTT&agencyCode=TAMPA
rec-c3f9f2a1bbbe846f,CONSTRUCTION_INSPECTIONS|NATIVE|BLD-26-0519905,src-57b08ac1d8072869,tpa-932eb03636507a,construction_inspections,BLD-26-0519905,2025-11-04,2025-11,permit_record_created,CREATEDDATE,source_record_metadata,0,0,2026-08-23,2026-08,2026-08-23,2026-08,2026-08-23,2026-08,1,1,Issued,Bathroom Remodel: Unit 1409A,Commercial Building Alterations (Renovations),3301 Bayshore Blvd,Academy of the Holy Names,https://aca-prod.accela.com/TAMPA/Cap/CapDetail.aspx?Module=Building&TabName=Building&capID1=25CAP&capID2=00000&capID3=02RCQ&agencyCode=TAMPA
rec-c76867998812c6aa,CONSTRUCTION_INSPECTIONS|NATIVE|BLD-26-0520497,src-0b58a49bce242706,tpa-0742b46bc5e61c,construction_inspections,BLD-26-0520497,2025-11-19,2025-11,permit_record_created,CREATEDDATE,source_record_metadata,0,0,2026-08-23,2026-08,2026-08-23,2026-08,2026-08-23,2026-08,1,1,Issued,SEC - Interior Alteration - Floor 4 - Repkon USA,Commercial Building Alterations (Renovations),4301 W Boy Scout Blvd,Westshore,https://aca-prod.accela.com/TAMPA/Cap/CapDetail.aspx?Module=Building&TabName=Building&capID1=25CAP&capID2=00000&capID3=02UJJ&agencyCode=TAMPA
rec-c8f880c8970fadf3,CONSTRUCTION_INSPECTIONS|NATIVE|BLD-26-0520102,src-cd9ee906837d47b1,tpa-1aa6da192bef31,construction_inspections,BLD-26-0520102,2025-11-07,2025-11,permit_record_created,CREATEDDATE,source_record_metadata,0,0,2026-08-23,2026-08,2026-08-23,2026-08,2026-08-23,2026-08,1,1,Revision,12-23-25 KPI | FEMA: Remodel - Westin Tampa Waterside Hotel - See Narrative,Commercial Building Alterations (Renovations),725 S Harbour Island Blvd,Harbour Island,https://aca-prod.accela.com/TAMPA/Cap/CapDetail.aspx?Module=Building&TabName=Building&capID1=25CAP&capID2=00000&capID3=02SDU&agencyCode=TAMPA
rec-c93878a0cd0c7806,CONSTRUCTION_INSPECTIONS|NATIVE|BLD-26-0520019,src-13cb78f4fa5f40ce,tpa-badf9429d8b62d,construction_inspections,BLD-26-0520019,2025-11-06,2025-11,permit_record_created,CREATEDDATE,source_record_metadata,0,0,2026-08-23,2026-08,2026-08-23,2026-08,2026-08-23,2026-08,1,1,Issued,Interior Remodel and Addition,Residential New Construction and Additions (1 and 2 Family),1203 S Gunby Ave,Historic Hyde Park,https://aca-prod.accela.com/TAMPA/Cap/CapDetail.aspx?Module=Building&TabName=Building&capID1=25CAP&capID2=00000&capID3=02RYQ&agencyCode=TAMPA
rec-cadbb099fc0b56ee,CONSTRUCTION_INSPECTIONS|NATIVE|BLD-26-0520606,src-0fc24c2a6de84919,tpa-c3c3b3282ff9a2,construction_inspections,BLD-26-0520606,2025-11-24,2025-11,permit_record_created,CREATEDDATE,source_record_metadata,0,0,2026-08-23,2026-08,2026-08-23,2026-08,2026-08-23,2026-08,1,1,Issued,New 2-Story SFR,Residential New Construction and Additions (1 and 2 Family),231 W Fern St,Old Seminole Heights,https://aca-prod.accela.com/TAMPA/Cap/CapDetail.aspx?Module=Building&TabName=Building&capID1=25CAP&capID2=00000&capID3=02V5O&agencyCode=TAMPA
rec-cb34d20e59fb00c4,CONSTRUCTION_INSPECTIONS|NATIVE|BLD-26-0520546,src-e590ad67a8435063,tpa-ce1bc56b276ccf,construction_inspections,BLD-26-0520546,2025-11-20,2025-11,permit_record_created,CREATEDDATE,source_record_metadata,0,0,2026-08-23,2026-08,2026-08-23,2026-08,2026-08-23,2026-08,1,1,Issued,Exterior Alteration,Residential Building Alterations (Renovations),824 S MacDill Ave,Parkland Estates,https://aca-prod.accela.com/TAMPA/Cap/CapDetail.aspx?Module=Building&TabName=Building&capID1=25CAP&capID2=00000&capID3=02UU7&agencyCode=TAMPA
rec-cd615ae9ecaccbbc,CONSTRUCTION_INSPECTIONS|NATIVE|BLD-26-0520634,src-04e0bb4fbee0711d,tpa-d3fe9f065c5e1b,construction_inspections,BLD-26-0520634,2025-11-24,2025-11,permit_record_created,CREATEDDATE,source_record_metadata,0,0,2026-08-23,2026-08,2026-08-23,2026-08,2026-08-23,2026-08,1,1,Issued,FEMA PP:New 2-Story SFR,Residential New Construction and Additions (1 and 2 Family),1122 S Dunbar Ave,Culbreath Bayou,https://aca-prod.accela.com/TAMPA/Cap/CapDetail.aspx?Module=Building&TabName=Building&capID1=25CAP&capID2=00000&capID3=02VCI&agencyCode=TAMPA
rec-cead81885093dc21,CONSTRUCTION_INSPECTIONS|NATIVE|BLD-26-0520298,src-e77f3ff05d1ddef7,tpa-0c2a6281b39abd,construction_inspections,BLD-26-0520298,2025-11-13,2025-11,permit_record_created,CREATEDDATE,source_record_metadata,0,0,2026-08-23,2026-08,2026-08-23,2026-08,2026-08-23,2026-08,1,1,Issued,PP: New 1 Story,Residential New Construction and Additions (1 and 2 Family),8120 N Newport Ave,Lowry Park Central,https://aca-prod.accela.com/TAMPA/Cap/CapDetail.aspx?Module=Building&TabName=Building&capID1=25CAP&capID2=00000&capID3=02TDU&agencyCode=TAMPA
rec-d0a942d858c54a8b,CONSTRUCTION_INSPECTIONS|NATIVE|BLD-26-0520709,src-dc005f82216a7d4e,tpa-b18c3da49664fe,construction_inspections,BLD-26-0520709,2025-11-26,2025-11,permit_record_created,CREATEDDATE,source_record_metadata,0,0,2026-08-23,2026-08,2026-08-23,2026-08,2026-08-23,2026-08,1,1,Issued,Room and Bathroom Addition,Residential New Construction and Additions (1 and 2 Family),2923 N 18th St,North Ybor,https://aca-prod.accela.com/TAMPA/Cap/CapDetail.aspx?Module=Building&TabName=Building&capID1=25CAP&capID2=00000&capID3=02VVH&agencyCode=TAMPA
rec-d0bc48dd802085ea,CONSTRUCTION_INSPECTIONS|NATIVE|BDE-26-0445160,src-a849f2eb917432eb,tpa-574a1c62bbf896,construction_inspections,BDE-26-0445160,2025-11-12,2025-11,permit_record_created,CREATEDDATE,source_record_metadata,0,0,2026-08-23,2026-08,2026-08-23,2026-08,2026-08-23,2026-08,1,1,Issued,Res Demo,Residential Demolition Permit,4002 W Knights Ave,FairOaks Manhattan,https://aca-prod.accela.com/TAMPA/Cap/CapDetail.aspx?Module=Building&TabName=Building&capID1=25CAP&capID2=00000&capID3=02ST4&agencyCode=TAMPA
rec-d186cb5a92014bb7,CONSTRUCTION_INSPECTIONS|NATIVE|BLD-26-0519996,src-407b308462a59c43,tpa-8c6d8da4d4c1dc,construction_inspections,BLD-26-0519996,2025-11-05,2025-11,permit_record_created,CREATEDDATE,source_record_metadata,0,0,2026-08-23,2026-08,2026-08-23,2026-08,2026-08-23,2026-08,1,1,Revision,New 2-Story SFR,Residential New Construction and Additions (1 and 2 Family),3616 W Iowa Ave,Interbay - South of Gandy,https://aca-prod.accela.com/TAMPA/Cap/CapDetail.aspx?Module=Building&TabName=Building&capID1=25CAP&capID2=00000&capID3=02RU1&agencyCode=TAMPA
rec-d26b8f2581a0b10f,CONSTRUCTION_INSPECTIONS|NATIVE|BLD-26-0520375,src-cc4a28626251a6fa,tpa-37530b82a31bf2,construction_inspections,BLD-26-0520375,2025-11-17,2025-11,permit_record_created,CREATEDDATE,source_record_metadata,0,0,2026-08-23,2026-08,2026-08-23,2026-08,2026-08-23,2026-08,1,1,Revision,Interior Build out (2nd floor Grace wellness),Commercial Building Alterations (Renovations),2208 E Henry Ave,Seminole Heights East,https://aca-prod.accela.com/TAMPA/Cap/CapDetail.aspx?Module=Building&TabName=Building&capID1=25CAP&capID2=00000&capID3=02TSW&agencyCode=TAMPA
rec-d3147632b120ef88,CONSTRUCTION_INSPECTIONS|NATIVE|BLD-26-0519972,src-0e6e200b4ce10ea1,tpa-c2aa8e782abb52,construction_inspections,BLD-26-0519972,2025-11-05,2025-11,permit_record_created,CREATEDDATE,source_record_metadata,0,0,2026-08-23,2026-08,2026-08-23,2026-08,2026-08-23,2026-08,1,1,Revision,New Fitness Track and Fitness Area - West River T6 Park (NFL Experience),Commercial New Construction and Additions,1136 W Spruce St,West River,https://aca-prod.accela.com/TAMPA/Cap/CapDetail.aspx?Module=Building&TabName=Building&capID1=25CAP&capID2=00000&capID3=02RMZ&agencyCode=TAMPA
rec-d5f518d23a0ce737,CONSTRUCTION_INSPECTIONS|NATIVE|BLD-26-0520302,src-c8a4a9ef00fca305,tpa-787c8433ac0b11,construction_inspections,BLD-26-0520302,2025-11-14,2025-11,permit_record_created,CREATEDDATE,source_record_metadata,0,0,2026-08-23,2026-08,2026-08-23,2026-08,2026-08-23,2026-08,1,1,Revision,New 2-Story SFR,Residential New Construction and Additions (1 and 2 Family),211 W Hiawatha St,Old Seminole Heights,https://aca-prod.accela.com/TAMPA/Cap/CapDetail.aspx?Module=Building&TabName=Building&capID1=25CAP&capID2=00000&capID3=02TEG&agencyCode=TAMPA
rec-d629623e387c8931,CONSTRUCTION_INSPECTIONS|NATIVE|BLD-26-0520512,src-4d15001b561103d6,tpa-50a7fd05573da1,construction_inspections,BLD-26-0520512,2025-11-20,2025-11,permit_record_created,CREATEDDATE,source_record_metadata,0,0,2026-08-23,2026-08,2026-08-23,2026-08,2026-08-23,2026-08,1,1,Issued,PP: New 1-Sty Townhome- East Unit,Residential New Construction and Additions (1 and 2 Family),2706 W Chestnut St,Macfarlane Park,https://aca-prod.accela.com/TAMPA/Cap/CapDetail.aspx?Module=Building&TabName=Building&capID1=25CAP&capID2=00000&capID3=02UM6&agencyCode=TAMPA
rec-d7bf40cbf4480b6b,CONSTRUCTION_INSPECTIONS|NATIVE|BLD-26-0520184,src-899a4f8ee6f872f4,tpa-0b0bbb4b24216c,construction_inspections,BLD-26-0520184,2025-11-12,2025-11,permit_record_created,CREATEDDATE,source_record_metadata,0,0,2026-08-23,2026-08,2026-08-23,2026-08,2026-08-23,2026-08,1,1,Issued,FEMA - New 2-Story SFR,Residential New Construction and Additions (1 and 2 Family),4525 S Ferncroft Cir,Culbreath Bayou,https://aca-prod.accela.com/TAMPA/Cap/CapDetail.aspx?Module=Building&TabName=Building&capID1=25CAP&capID2=00000&capID3=02STF&agencyCode=TAMPA
rec-dae5cb6c31025029,CONSTRUCTION_INSPECTIONS|NATIVE|BLD-26-0520552,src-daa561d178a6d3e9,tpa-545e61d7ecbaf5,construction_inspections,BLD-26-0520552,2025-11-20,2025-11,permit_record_created,CREATEDDATE,source_record_metadata,0,0,2026-08-23,2026-08,2026-08-23,2026-08,2026-08-23,2026-08,1,1,Issued,New 2-Story SFR,Residential New Construction and Additions (1 and 2 Family),4104 W Dale Ave,Swann Estates,https://aca-prod.accela.com/TAMPA/Cap/CapDetail.aspx?Module=Building&TabName=Building&capID1=25CAP&capID2=00000&capID3=02UVN&agencyCode=TAMPA
rec-dc4c4483ca3dc5b0,CONSTRUCTION_INSPECTIONS|NATIVE|BLD-26-0520657,src-8dd3672b3aa2603b,tpa-d303cd77960d73,construction_inspections,BLD-26-0520657,2025-11-25,2025-11,permit_record_created,CREATEDDATE,source_record_metadata,0,0,2026-08-23,2026-08,2026-08-23,2026-08,2026-08-23,2026-08,1,1,Issued,FEMA SFR,Residential New Construction and Additions (1 and 2 Family),4414 W Lawn Ave,Bayside West,https://aca-prod.accela.com/TAMPA/Cap/CapDetail.aspx?Module=Building&TabName=Building&capID1=25CAP&capID2=00000&capID3=02VHK&agencyCode=TAMPA
rec-e14cb4bcb1382590,CONSTRUCTION_INSPECTIONS|NATIVE|BLD-26-0520525,src-bb4fad4e11da3af2,tpa-45378d60227e39,construction_inspections,BLD-26-0520525,2025-11-20,2025-11,permit_record_created,CREATEDDATE,source_record_metadata,0,0,2026-08-23,2026-08,2026-08-23,2026-08,2026-08-23,2026-08,1,1,Issued,Site Foundation AFFORDABLE HOUSING: FEMA: Site/Foundation: Building 12000: Pointe Grand Tampa,Commercial New Construction and Additions,7400 Interbay Blvd,Gandy / Sun Bay South,https://aca-prod.accela.com/TAMPA/Cap/CapDetail.aspx?Module=Building&TabName=Building&capID1=25CAP&capID2=00000&capID3=02UOQ&agencyCode=TAMPA
rec-e18809a1c808b0bf,CONSTRUCTION_INSPECTIONS|NATIVE|BLD-26-0520756,src-d6c746dfa1c7c1f1,tpa-9a5d26340e52a8,construction_inspections,BLD-26-0520756,2025-11-17,2025-11,permit_record_created,CREATEDDATE,source_record_metadata,0,0,2026-08-23,2026-08,2026-08-23,2026-08,2026-08-23,2026-08,1,1,Issued,FEMA - New 2-Story SFR,Residential New Construction and Additions (1 and 2 Family),5006 W Euclid Ave,Bel Mar Shores,https://aca-prod.accela.com/TAMPA/Cap/CapDetail.aspx?Module=Building&TabName=Building&capID1=25CAP&capID2=00000&capID3=02W5T&agencyCode=TAMPA
rec-e1aadfca2387da9d,CONSTRUCTION_INSPECTIONS|NATIVE|BLD-26-0520668,src-73b287ffacefee39,tpa-77771a3fe6a1a1,construction_inspections,BLD-26-0520668,2025-11-25,2025-11,permit_record_created,CREATEDDATE,source_record_metadata,0,0,2026-08-23,2026-08,2026-08-23,2026-08,2026-08-23,2026-08,1,1,Issued,PP: 2-story: New SFR,Residential New Construction and Additions (1 and 2 Family),5604 S Lynwood Ave,Interbay - South of Gandy,https://aca-prod.accela.com/TAMPA/Cap/CapDetail.aspx?Module=Building&TabName=Building&capID1=25CAP&capID2=00000&capID3=02VKB&agencyCode=TAMPA
rec-e201ddc184d24bc8,CONSTRUCTION_INSPECTIONS|NATIVE|BLD-26-0520048,src-08eaa68ea3fea435,tpa-350650b6bcc790,construction_inspections,BLD-26-0520048,2025-11-06,2025-11,permit_record_created,CREATEDDATE,source_record_metadata,0,0,2026-08-23,2026-08,2026-08-23,2026-08,2026-08-23,2026-08,1,1,Revision,SEC: FEMA: Threshold: (Suite 110) Addition: Interior ALT,Commercial New Construction and Additions,3000 Bayport Dr,Westshore,https://aca-prod.accela.com/TAMPA/Cap/CapDetail.aspx?Module=Building&TabName=Building&capID1=25CAP&capID2=00000&capID3=02S3P&agencyCode=TAMPA
rec-e211e3d52254a881,CONSTRUCTION_INSPECTIONS|NATIVE|BLD-26-0519851,src-89523f868499a562,tpa-9415649dcfa6be,construction_inspections,BLD-26-0519851,2025-11-03,2025-11,permit_record_created,CREATEDDATE,source_record_metadata,0,0,2026-08-23,2026-08,2026-08-23,2026-08,2026-08-23,2026-08,1,1,Revision,OWNER carport conversion,Residential New Construction and Additions (1 and 2 Family),3017 E Paris St,Live Oaks Square,https://aca-prod.accela.com/TAMPA/Cap/CapDetail.aspx?Module=Building&TabName=Building&capID1=25CAP&capID2=00000&capID3=02R27&agencyCode=TAMPA
rec-e3065e1908cf4885,CONSTRUCTION_INSPECTIONS|NATIVE|BLD-26-0520203,src-c4a6193d8b748299,tpa-66ab68a9b64a59,construction_inspections,BLD-26-0520203,2025-11-12,2025-11,permit_record_created,CREATEDDATE,source_record_metadata,0,0,2026-08-23,2026-08,2026-08-23,2026-08,2026-08-23,2026-08,1,1,Issued,Plant Floor Adding Ice Machine w/electrical,Commercial Building Alterations (Renovations),4314 W Pearl Ave,Gandy / Sun Bay South,https://aca-prod.accela.com/TAMPA/Cap/CapDetail.aspx?Module=Building&TabName=Building&capID1=25CAP&capID2=00000&capID3=02SYL&agencyCode=TAMPA
rec-e363c9595658cedd,CONSTRUCTION_INSPECTIONS|NATIVE|BLD-26-0520242,src-e7629b4db5e15845,tpa-7e19316a24edf7,construction_inspections,BLD-26-0520242,2025-11-13,2025-11,permit_record_created,CREATEDDATE,source_record_metadata,0,0,2026-08-23,2026-08,2026-08-23,2026-08,2026-08-23,2026-08,1,1,Issued,ATF CMP-25-0015878 - Converting Garage to two story living space,Residential New Construction and Additions (1 and 2 Family),101 W Fern St,Old Seminole Heights,https://aca-prod.accela.com/TAMPA/Cap/CapDetail.aspx?Module=Building&TabName=Building&capID1=25CAP&capID2=00000&capID3=02T66&agencyCode=TAMPA
rec-e564d217e5fa31e2,CONSTRUCTION_INSPECTIONS|NATIVE|BLD-26-0520487,src-1e383604d523c3d6,tpa-b6c6af96659c28,construction_inspections,BLD-26-0520487,2025-11-19,2025-11,permit_record_created,CREATEDDATE,source_record_metadata,0,0,2026-08-23,2026-08,2026-08-23,2026-08,2026-08-23,2026-08,1,1,Revision,FEMA: Interior / Exterior Repairs - The Art Center,Commercial Building Alterations (Renovations),705 W Swann Ave,Hyde Park Spanishtown Creek,https://aca-prod.accela.com/TAMPA/Cap/CapDetail.aspx?Module=Building&TabName=Building&capID1=25CAP&capID2=00000&capID3=02UGG&agencyCode=TAMPA
rec-e75e6e3de613bbe0,CONSTRUCTION_INSPECTIONS|NATIVE|BLD-26-0520034,src-48988e80f747b478,tpa-cb9fd945906610,construction_inspections,BLD-26-0520034,2025-11-06,2025-11,permit_record_created,CREATEDDATE,source_record_metadata,0,0,2026-08-23,2026-08,2026-08-23,2026-08,2026-08-23,2026-08,1,1,Issued,OWNER:Addition,Residential New Construction and Additions (1 and 2 Family),2314 W Henry Ave,Armenia Terrace | Bour Lands | Al Dana Park,https://aca-prod.accela.com/TAMPA/Cap/CapDetail.aspx?Module=Building&TabName=Building&capID1=25CAP&capID2=00000&capID3=02S12&agencyCode=TAMPA
rec-e7e3cdc2a0a717ef,CONSTRUCTION_INSPECTIONS|NATIVE|BLD-26-0520403,src-75046261a0e0a95a,tpa-50c2c33b95d1fd,construction_inspections,BLD-26-0520403,2025-11-18,2025-11,permit_record_created,CREATEDDATE,source_record_metadata,0,0,2026-08-23,2026-08,2026-08-23,2026-08,2026-08-23,2026-08,1,1,Revision,New SFR,Residential New Construction and Additions (1 and 2 Family),1021 N Bask Dr,Wellswood,https://aca-prod.accela.com/TAMPA/Cap/CapDetail.aspx?Module=Building&TabName=Building&capID1=25CAP&capID2=00000&capID3=02TX9&agencyCode=TAMPA
rec-e86756c0c9d50b6a,CONSTRUCTION_INSPECTIONS|NATIVE|BLD-26-0520166,src-83169c5122a740a7,tpa-a962984d63f12c,construction_inspections,BLD-26-0520166,2025-11-11,2025-11,permit_record_created,CREATEDDATE,source_record_metadata,0,0,2026-08-23,2026-08,2026-08-23,2026-08,2026-08-23,2026-08,1,1,Issued,PP: New Duplex,Residential New Construction and Additions (1 and 2 Family),1417 S Moody Ave,Bayshore Gardens,https://aca-prod.accela.com/TAMPA/Cap/CapDetail.aspx?Module=Building&TabName=Building&capID1=25CAP&capID2=00000&capID3=02SPS&agencyCode=TAMPA
rec-ede83d26200ec9a5,CONSTRUCTION_INSPECTIONS|NATIVE|BLD-26-0520356,src-150a9911027a6512,tpa-3bcc0c2713c7a6,construction_inspections,BLD-26-0520356,2025-11-17,2025-11,permit_record_created,CREATEDDATE,source_record_metadata,0,0,2026-08-23,2026-08,2026-08-23,2026-08,2026-08-23,2026-08,1,1,Revision,Interior Remodel: Boys and Girls Club Of Tampa Bay Liberty Mompierre,Commercial Building Alterations (Renovations),4219 W Mango Ave,Gandy / Sun Bay South,https://aca-prod.accela.com/TAMPA/Cap/CapDetail.aspx?Module=Building&TabName=Building&capID1=25CAP&capID2=00000&capID3=02TP0&agencyCode=TAMPA
rec-ee3d003574583746,CONSTRUCTION_INSPECTIONS|NATIVE|BLD-26-0520507,src-d286dd66bfda3cd4,tpa-31b76d0357991d,construction_inspections,BLD-26-0520507,2025-11-20,2025-11,permit_record_created,CREATEDDATE,source_record_metadata,0,0,2026-08-23,2026-08,2026-08-23,2026-08,2026-08-23,2026-08,1,1,Revision,7th Floor - Unit 1007: Build-out of Tampa Family Health Centers,Commercial Building Alterations (Renovations),1071 Blanche Armwood St,Encore,https://aca-prod.accela.com/TAMPA/Cap/CapDetail.aspx?Module=Building&TabName=Building&capID1=25CAP&capID2=00000&capID3=02UKW&agencyCode=TAMPA
rec-ee71360d35506261,CONSTRUCTION_INSPECTIONS|NATIVE|BLD-26-0520013,src-7f75a26bae31dc3d,tpa-08eff84dfd6c26,construction_inspections,BLD-26-0520013,2025-11-06,2025-11,permit_record_created,CREATEDDATE,source_record_metadata,0,0,2026-08-23,2026-08,2026-08-23,2026-08,2026-08-23,2026-08,1,1,Issued,ATF CMP-25-0015464 - Lanai Enclosure to Living Space,Residential New Construction and Additions (1 and 2 Family),808 W Whatley Pl,Lowry Park Central,https://aca-prod.accela.com/TAMPA/Cap/CapDetail.aspx?Module=Building&TabName=Building&capID1=25CAP&capID2=00000&capID3=02RXS&agencyCode=TAMPA
rec-eeb1b1c87f74eeb6,CONSTRUCTION_INSPECTIONS|NATIVE|BLD-26-0520672,src-dd8b7b84c75d93e1,tpa-47ef3b24d7213e,construction_inspections,BLD-26-0520672,2025-11-25,2025-11,permit_record_created,CREATEDDATE,source_record_metadata,0,0,2026-08-23,2026-08,2026-08-23,2026-08,2026-08-23,2026-08,1,1,Issued,PP: New 2 Sty SFR,Residential New Construction and Additions (1 and 2 Family),3520 W Price Ave,Interbay - South of Gandy,https://aca-prod.accela.com/TAMPA/Cap/CapDetail.aspx?Module=Building&TabName=Building&capID1=25CAP&capID2=00000&capID3=02VL0&agencyCode=TAMPA
rec-ef49ca4c726424be,CONSTRUCTION_INSPECTIONS|NATIVE|BLD-26-0519973,src-079e1c3ed486b77a,tpa-5ee2a8fc03acae,construction_inspections,BLD-26-0519973,2025-11-05,2025-11,permit_record_created,CREATEDDATE,source_record_metadata,0,0,2026-08-23,2026-08,2026-08-23,2026-08,2026-08-23,2026-08,1,1,Revision,New SFR,Residential New Construction and Additions (1 and 2 Family),2018 N Saint Vincent St,Macfarlane Park,https://aca-prod.accela.com/TAMPA/Cap/CapDetail.aspx?Module=Building&TabName=Building&capID1=25CAP&capID2=00000&capID3=02RN6&agencyCode=TAMPA
rec-f0ea9463af767d2d,CONSTRUCTION_INSPECTIONS|NATIVE|BLD-26-0520697,src-f2d10c9437416395,tpa-828dd009aca3b8,construction_inspections,BLD-26-0520697,2025-11-26,2025-11,permit_record_created,CREATEDDATE,source_record_metadata,0,0,2026-08-23,2026-08,2026-08-23,2026-08,2026-08-23,2026-08,1,1,Issued,FEMA: Addition: Interior ALT,Residential New Construction and Additions (1 and 2 Family),5107 W Azeele St,Beach Park,https://aca-prod.accela.com/TAMPA/Cap/CapDetail.aspx?Module=Building&TabName=Building&capID1=25CAP&capID2=00000&capID3=02VRP&agencyCode=TAMPA
rec-f18011b245b1416c,CONSTRUCTION_INSPECTIONS|NATIVE|BLD-26-0520346,src-ae5b690f3fad7652,tpa-0f41db34cfdf11,construction_inspections,BLD-26-0520346,2025-11-16,2025-11,permit_record_created,CREATEDDATE,source_record_metadata,0,0,2026-08-23,2026-08,2026-08-23,2026-08,2026-08-23,2026-08,1,1,Issued,PP: New 2-Story SFR,Residential New Construction and Additions (1 and 2 Family),2923 W Alline Ave,Bayshore Beautiful,https://aca-prod.accela.com/TAMPA/Cap/CapDetail.aspx?Module=Building&TabName=Building&capID1=25CAP&capID2=00000&capID3=02TMN&agencyCode=TAMPA
rec-f1818611beee7124,CONSTRUCTION_INSPECTIONS|NATIVE|BLD-26-0520057,src-bcef013b5a58f0dd,tpa-a451a431e8f568,construction_inspections,BLD-26-0520057,2025-11-07,2025-11,permit_record_created,CREATEDDATE,source_record_metadata,0,0,2026-08-23,2026-08,2026-08-23,2026-08,2026-08-23,2026-08,1,1,Issued,PP: New 2-Story SFR,Residential New Construction and Additions (1 and 2 Family),1004 W Indiana Ave,Riverside Heights,https://aca-prod.accela.com/TAMPA/Cap/CapDetail.aspx?Module=Building&TabName=Building&capID1=25CAP&capID2=00000&capID3=02S5S&agencyCode=TAMPA
rec-f35c9deee2ef7057,CONSTRUCTION_INSPECTIONS|NATIVE|BLD-26-0520011,src-b7411305dd4cadda,tpa-ce4602115da00e,construction_inspections,BLD-26-0520011,2025-11-06,2025-11,permit_record_created,CREATEDDATE,source_record_metadata,0,0,2026-08-23,2026-08,2026-08-23,2026-08,2026-08-23,2026-08,1,1,Issued,FEMA: Outdoor Kitchen,Residential Building Alterations (Renovations),4734 W Leila Ave,Gandy / Sun Bay South,https://aca-prod.accela.com/TAMPA/Cap/CapDetail.aspx?Module=Building&TabName=Building&capID1=25CAP&capID2=00000&capID3=02RXE&agencyCode=TAMPA
rec-f3d12d11e247fa7b,CONSTRUCTION_INSPECTIONS|NATIVE|BLD-26-0520510,src-f154384791bb4b56,tpa-119ce4ce7e0b65,construction_inspections,BLD-26-0520510,2025-11-20,2025-11,permit_record_created,CREATEDDATE,source_record_metadata,0,0,2026-08-23,2026-08,2026-08-23,2026-08,2026-08-23,2026-08,1,1,Revision,FEMA: PP: New 2-Story SFR,Residential New Construction and Additions (1 and 2 Family),3618 S Gardenia Ave,Bel Mar Shores,https://aca-prod.accela.com/TAMPA/Cap/CapDetail.aspx?Module=Building&TabName=Building&capID1=25CAP&capID2=00000&capID3=02UM0&agencyCode=TAMPA
rec-f57694d09055f7dd,CONSTRUCTION_INSPECTIONS|NATIVE|BLD-26-0520687,src-b152170da58cd2fb,tpa-20100da395bb0d,construction_inspections,BLD-26-0520687,2025-11-25,2025-11,permit_record_created,CREATEDDATE,source_record_metadata,0,0,2026-08-23,2026-08,2026-08-23,2026-08,2026-08-23,2026-08,1,1,Issued,New 3-Story Townhouse Unit 2,Residential New Construction and Additions (1 and 2 Family),1510 S Bay Villa Pl,Bayshore Gardens,https://aca-prod.accela.com/TAMPA/Cap/CapDetail.aspx?Module=Building&TabName=Building&capID1=25CAP&capID2=00000&capID3=02VO0&agencyCode=TAMPA
rec-f6e0dec047e424b9,CONSTRUCTION_INSPECTIONS|NATIVE|BLD-26-0520233,src-f985e1581bf72c29,tpa-9541b1e715cfe0,construction_inspections,BLD-26-0520233,2025-11-12,2025-11,permit_record_created,CREATEDDATE,source_record_metadata,0,0,2026-08-23,2026-08,2026-08-23,2026-08,2026-08-23,2026-08,1,1,Issued,FEMA: New 3 Story SFR,Residential New Construction and Additions (1 and 2 Family),3611 S Belcher Dr,Bel Mar Shores,https://aca-prod.accela.com/TAMPA/Cap/CapDetail.aspx?Module=Building&TabName=Building&capID1=25CAP&capID2=00000&capID3=02T3Y&agencyCode=TAMPA
rec-f731dfd0e3163b66,CONSTRUCTION_INSPECTIONS|NATIVE|BLD-26-0520432,src-87c3254a95ae364f,tpa-21cb74cc191b43,construction_inspections,BLD-26-0520432,2025-11-18,2025-11,permit_record_created,CREATEDDATE,source_record_metadata,0,0,2026-08-23,2026-08,2026-08-23,2026-08,2026-08-23,2026-08,1,1,Issued,OWNER New concrete slab/door and Window,Residential Building Alterations (Renovations),2302 W Rio Vista Ave,Armenia Terrace | Bour Lands | Al Dana Park,https://aca-prod.accela.com/TAMPA/Cap/CapDetail.aspx?Module=Building&TabName=Building&capID1=25CAP&capID2=00000&capID3=02U2N&agencyCode=TAMPA
rec-f7b4e040045d017f,CONSTRUCTION_INSPECTIONS|NATIVE|BLD-26-0520182,src-08a29b77b7ed0e00,tpa-c074c2415d7715,construction_inspections,BLD-26-0520182,2025-11-11,2025-11,permit_record_created,CREATEDDATE,source_record_metadata,0,0,2026-08-23,2026-08,2026-08-23,2026-08,2026-08-23,2026-08,1,1,Issued,Addition & Remodel,Residential New Construction and Additions (1 and 2 Family),306 W Haya St,South Seminole Heights,https://aca-prod.accela.com/TAMPA/Cap/CapDetail.aspx?Module=Building&TabName=Building&capID1=25CAP&capID2=00000&capID3=02SSE&agencyCode=TAMPA
rec-f8af524d306202ac,CONSTRUCTION_INSPECTIONS|NATIVE|BLD-26-0520676,src-19dcb7db54259d30,tpa-568e9d5acee345,construction_inspections,BLD-26-0520676,2025-11-25,2025-11,permit_record_created,CREATEDDATE,source_record_metadata,0,0,2026-08-23,2026-08,2026-08-23,2026-08,2026-08-23,2026-08,1,1,Issued,PP: EARLY START: 2nd floor Addition,Residential New Construction and Additions (1 and 2 Family),2716 N Morgan St,Tampa Heights,https://aca-prod.accela.com/TAMPA/Cap/CapDetail.aspx?Module=Building&TabName=Building&capID1=25CAP&capID2=00000&capID3=02VLW&agencyCode=TAMPA
rec-f8cbdcb63e1eacd9,CONSTRUCTION_INSPECTIONS|NATIVE|BLD-26-0520202|GLOBALID|{D5141957-940B-47A0-AC34-50E3359A22B8},src-d253bfdd9bf71074,tpa-36b850bc5a14f3,construction_inspections,BLD-26-0520202,2025-11-12,2025-11,permit_record_created,CREATEDDATE,source_record_metadata,0,0,2026-08-23,2026-08,2026-08-23,2026-08,2026-08-23,2026-08,1,1,Revision,12-12-25 KPI ACCELERATED: Affordable Housing | ACCELERATED: PP: Change of Use / Addition and Remodel,Commercial New Construction and Additions,1410 E Chilkoot Ave,North Tampa Community,https://aca-prod.accela.com/TAMPA/Cap/CapDetail.aspx?Module=Building&TabName=Building&capID1=25CAP&capID2=00000&capID3=02SYK&agencyCode=TAMPA
rec-fa26e6577fba3a28,CONSTRUCTION_INSPECTIONS|NATIVE|BLD-26-0520297,src-edfad764466d7488,tpa-996c1136a4abae,construction_inspections,BLD-26-0520297,2025-11-13,2025-11,permit_record_created,CREATEDDATE,source_record_metadata,0,0,2026-08-23,2026-08,2026-08-23,2026-08,2026-08-23,2026-08,1,1,Issued,Addition Relocation,Residential New Construction and Additions (1 and 2 Family),2114 W Burke St,Armenia Terrace | Bour Lands | Al Dana Park,https://aca-prod.accela.com/TAMPA/Cap/CapDetail.aspx?Module=Building&TabName=Building&capID1=25CAP&capID2=00000&capID3=02TDS&agencyCode=TAMPA
rec-012b5c607384ab04,DEVELOPMENT_COORDINATION|NATIVE|REZ-26-0000019,src-b4e5139be98cc2ba,tpa-3cd9804b83a52a,development_coordination,REZ-26-0000019,2025-11-20,2025-11,planning_application_created,CREATEDDATE,source_reported_event,0,0,2026-08-23,2026-08,2026-08-23,2026-08,2026-08-23,2026-08,1,1,In Process,Rezoning,Rezoning,1350 S Howard Ave,Historic Hyde Park,https://aca-prod.accela.com/TAMPA/Cap/CapDetail.aspx?Module=Planning&TabName=Planning&capID1=25CAP&capID2=00000&capID3=02UVI&agencyCode=TAMPA
rec-15cfc685118372c0,DEVELOPMENT_COORDINATION|NATIVE|REZ-26-0000012,src-ac12a416ed3f989f,tpa-360e0cb6e8b3b7,development_coordination,REZ-26-0000012,2025-11-11,2025-11,planning_application_created,CREATEDDATE,source_reported_event,0,0,2026-08-23,2026-08,2026-08-23,2026-08,2026-08-23,2026-08,1,1,In Process,Rezoning,Rezoning,1704 W North B St,North Hyde Park,https://aca-prod.accela.com/TAMPA/Cap/CapDetail.aspx?Module=Planning&TabName=Planning&capID1=25CAP&capID2=00000&capID3=02SQG&agencyCode=TAMPA
rec-1f8777baab474dc3,DEVELOPMENT_COORDINATION|NATIVE|REZ-26-0000020,src-0d4942e1ab691f01,tpa-89ac3c83857baa,development_coordination,REZ-26-0000020,2025-11-27,2025-11,planning_application_created,CREATEDDATE,source_reported_event,0,0,2026-08-23,2026-08,2026-08-23,2026-08,2026-08-23,2026-08,1,1,In Process,Rezoning,Rezoning,4710 W McElroy Ave,Gandy / Sun Bay South,https://aca-prod.accela.com/TAMPA/Cap/CapDetail.aspx?Module=Planning&TabName=Planning&capID1=25CAP&capID2=00000&capID3=02VVN&agencyCode=TAMPA
rec-34ff32eda18fa116,DEVELOPMENT_COORDINATION|NATIVE|AB2-26-0000003,src-4d64b6873ee40306,tpa-e945719b3cceb3,development_coordination,AB2-26-0000003,2025-11-01,2025-11,planning_application_created,CREATEDDATE,source_reported_event,0,0,2026-08-23,2026-08,2026-08-23,2026-08,2026-08-23,2026-08,1,1,In Process,AB Special Use 2,AB Special Use 2,2832 S MacDill Ave,Palma Ceia,https://aca-prod.accela.com/TAMPA/Cap/CapDetail.aspx?Module=Planning&TabName=Planning&capID1=25CAP&capID2=00000&capID3=02QU0&agencyCode=TAMPA
rec-d5808a0d1a2218fb,DEVELOPMENT_COORDINATION|NATIVE|REZ-26-0000014,src-595068fdbfbebf29,tpa-308fff7972cebf,development_coordination,REZ-26-0000014,2025-11-12,2025-11,planning_application_created,CREATEDDATE,source_reported_event,0,0,2026-08-23,2026-08,2026-08-23,2026-08,2026-08-23,2026-08,1,1,In Process,Rezoning,Rezoning,1732 W Saint Louis St,Old West Tampa,https://aca-prod.accela.com/TAMPA/Cap/CapDetail.aspx?Module=Planning&TabName=Planning&capID1=25CAP&capID2=00000&capID3=02SXS&agencyCode=TAMPA
rec-da38572f51fbaf58,DEVELOPMENT_COORDINATION|NATIVE|REZ-26-0000010,src-e1629298b529b22f,tpa-c86a9b93c23420,development_coordination,REZ-26-0000010,2025-11-05,2025-11,planning_application_created,CREATEDDATE,source_reported_event,0,0,2026-08-23,2026-08,2026-08-23,2026-08,2026-08-23,2026-08,1,1,In Process,Rezoning,Rezoning,2111 E Busch Blvd,Sulphur Springs,https://aca-prod.accela.com/TAMPA/Cap/CapDetail.aspx?Module=Planning&TabName=Planning&capID1=25CAP&capID2=00000&capID3=02RLM&agencyCode=TAMPA
rec-09c8482650a88467,SINGLE_FAMILY_PERMITS|NATIVE|BLD-25-0518567,src-cfb422d35a3315a1,tpa-d76a66b5a81b1b,single_family_permits,BLD-25-0518567,2025-11-07,2025-11,permit_issued,TASK_STATUS_DATE,source_reported_event,0,0,2026-08-23,2026-08,2026-08-23,2026-08,2026-08-23,2026-08,1,1,Revision | Issued,Residential New Construction and Additions (1 and 2 Family),Residential | New Construction and Additions | Building,1103 W Adalee St,Riverside Heights,https://arcgis.tampagov.net/arcgis/rest/services/OpenData/Planning/MapServer/32
rec-0b3df1a40479cc9a,SINGLE_FAMILY_PERMITS|NATIVE|BLD-25-0517575,src-6034311f30ef1108,tpa-1360f2a85a6124,single_family_permits,BLD-25-0517575,2025-11-26,2025-11,permit_issued,TASK_STATUS_DATE,source_reported_event,0,0,2026-08-23,2026-08,2026-08-23,2026-08,2026-08-23,2026-08,1,1,Revision | Issued,Residential New Construction and Additions (1 and 2 Family),Residential | New Construction and Additions | Building,4005 E Grove St,Northeast Community Crimewatch & Civic Association,https://arcgis.tampagov.net/arcgis/rest/services/OpenData/Planning/MapServer/32
rec-14aaced4c8a2d9c2,SINGLE_FAMILY_PERMITS|NATIVE|BLD-26-0519200,src-8507afff700e0551,tpa-acbe397985d8de,single_family_permits,BLD-26-0519200,2025-11-20,2025-11,permit_issued,TASK_STATUS_DATE,source_reported_event,0,0,2026-08-23,2026-08,2026-08-23,2026-08,2026-08-23,2026-08,1,1,Issued | Issued,Residential New Construction and Additions (1 and 2 Family),Residential | New Construction and Additions | Building,809 E Louisiana Ave,Southeast Seminole Heights,https://arcgis.tampagov.net/arcgis/rest/services/OpenData/Planning/MapServer/32
rec-17836c02ff7aed39,SINGLE_FAMILY_PERMITS|NATIVE|BLD-25-0518769,src-565ec1c6581d15c9,tpa-c251248ac6398f,single_family_permits,BLD-25-0518769,2025-11-19,2025-11,permit_issued,TASK_STATUS_DATE,source_reported_event,0,0,2026-08-23,2026-08,2026-08-23,2026-08,2026-08-23,2026-08,1,1,Revision | Issued,Residential New Construction and Additions (1 and 2 Family),Residential | New Construction and Additions | Building,140 Chippewa Ave,Davis Islands,https://arcgis.tampagov.net/arcgis/rest/services/OpenData/Planning/MapServer/32
rec-17a97211ae6dbfc0,SINGLE_FAMILY_PERMITS|NATIVE|BLD-24-0509925,src-8dfad689f28b9369,tpa-8b3ab70c40788f,single_family_permits,BLD-24-0509925,2025-11-28,2025-11,permit_issued,TASK_STATUS_DATE,source_reported_event,0,0,2026-08-23,2026-08,2026-08-23,2026-08,2026-08-23,2026-08,1,1,Issued | Issued,Residential New Construction and Additions (1 and 2 Family),Residential | New Construction and Additions | Building,203 W Gladys St,Tampa Heights,https://arcgis.tampagov.net/arcgis/rest/services/OpenData/Planning/MapServer/32
rec-1a5ba456b35353c2,SINGLE_FAMILY_PERMITS|NATIVE|BLD-25-0517398,src-ad4f82d325cb8908,tpa-82fb541288a334,single_family_permits,BLD-25-0517398,2025-11-25,2025-11,permit_issued,TASK_STATUS_DATE,source_reported_event,0,0,2026-08-23,2026-08,2026-08-23,2026-08,2026-08-23,2026-08,1,1,Issued | Issued,Residential New Construction and Additions (1 and 2 Family),Residential | New Construction and Additions | Building,1503 W Grace St,West Riverfront Neighborhood Crimewatch Association,https://arcgis.tampagov.net/arcgis/rest/services/OpenData/Planning/MapServer/32
rec-201652ed50b7ff3d,SINGLE_FAMILY_PERMITS|NATIVE|BLD-26-0519535,src-a45998b4eaf38f12,tpa-77239e30beef80,single_family_permits,BLD-26-0519535,2025-11-25,2025-11,permit_issued,TASK_STATUS_DATE,source_reported_event,0,0,2026-08-23,2026-08,2026-08-23,2026-08,2026-08-23,2026-08,1,1,Issued | Issued,Residential New Construction and Additions (1 and 2 Family),Residential | New Construction and Additions | Building,2412 S Dundee St,Sunset Park,https://arcgis.tampagov.net/arcgis/rest/services/OpenData/Planning/MapServer/32
rec-22cb489f22f4be55,SINGLE_FAMILY_PERMITS|NATIVE|BLD-25-0519037,src-1c6e64410a9a3e56,tpa-e49f80265b837d,single_family_permits,BLD-25-0519037,2025-11-10,2025-11,permit_issued,TASK_STATUS_DATE,source_reported_event,0,0,2026-08-23,2026-08,2026-08-23,2026-08,2026-08-23,2026-08,1,1,Issued | Issued,Residential New Construction and Additions (1 and 2 Family),Residential | New Construction and Additions | Building,5008 W Dickens Ave,Sunset Park,https://arcgis.tampagov.net/arcgis/rest/services/OpenData/Planning/MapServer/32
rec-237ab54e67a28d0b,SINGLE_FAMILY_PERMITS|NATIVE|BLD-25-0518543,src-b2a101a2f787f4ad,tpa-faf0c2b102a86b,single_family_permits,BLD-25-0518543,2025-11-13,2025-11,permit_issued,TASK_STATUS_DATE,source_reported_event,0,0,2026-08-23,2026-08,2026-08-23,2026-08,2026-08-23,2026-08,1,1,Revision | Issued,Residential New Construction and Additions (1 and 2 Family),Residential | New Construction and Additions | Building,3409 W Fair Oaks Ave,Bayshore Beautiful,https://arcgis.tampagov.net/arcgis/rest/services/OpenData/Planning/MapServer/32
rec-24c34eac7ac44c26,SINGLE_FAMILY_PERMITS|NATIVE|BLD-26-0519317,src-3862f20b20a12168,tpa-35b0af88966029,single_family_permits,BLD-26-0519317,2025-11-21,2025-11,permit_issued,TASK_STATUS_DATE,source_reported_event,0,0,2026-08-23,2026-08,2026-08-23,2026-08,2026-08-23,2026-08,1,1,Revision | Issued,Residential New Construction and Additions (1 and 2 Family),Residential | New Construction and Additions | Building,1013 S Skokie St,Golfview,https://arcgis.tampagov.net/arcgis/rest/services/OpenData/Planning/MapServer/32
rec-2ba7828b9a6b030a,SINGLE_FAMILY_PERMITS|NATIVE|BLD-25-0517579,src-375f4c99a8f7b253,tpa-2df987d3832e06,single_family_permits,BLD-25-0517579,2025-11-25,2025-11,permit_issued,TASK_STATUS_DATE,source_reported_event,0,0,2026-08-23,2026-08,2026-08-23,2026-08,2026-08-23,2026-08,1,1,Issued | Issued,Residential New Construction and Additions (1 and 2 Family),Residential | New Construction and Additions | Building,490 Itasca Ave,Davis Islands,https://arcgis.tampagov.net/arcgis/rest/services/OpenData/Planning/MapServer/32
rec-2e8abecaabf0ac21,SINGLE_FAMILY_PERMITS|NATIVE|BLD-25-0516514,src-ddf6494f46ec783a,tpa-199558d5ac0494,single_family_permits,BLD-25-0516514,2025-11-10,2025-11,permit_issued,TASK_STATUS_DATE,source_reported_event,0,0,2026-08-23,2026-08,2026-08-23,2026-08,2026-08-23,2026-08,1,1,Issued | Issued,Residential New Construction and Additions (1 and 2 Family),Residential | New Construction and Additions | Building,7402 S Juanita St,"Port Tampa City, Inc. Civic Association",https://arcgis.tampagov.net/arcgis/rest/services/OpenData/Planning/MapServer/32
rec-3b1a3e97ca5acdbf,SINGLE_FAMILY_PERMITS|NATIVE|BLD-26-0519441,src-70bc81fed6fd71b1,tpa-d1da9a542f3f3f,single_family_permits,BLD-26-0519441,2025-11-26,2025-11,permit_issued,TASK_STATUS_DATE,source_reported_event,0,0,2026-08-23,2026-08,2026-08-23,2026-08,2026-08-23,2026-08,1,1,Issued | Issued,Residential New Construction and Additions (1 and 2 Family),Residential | New Construction and Additions | Building,547 Suwanee Cir,Davis Islands,https://arcgis.tampagov.net/arcgis/rest/services/OpenData/Planning/MapServer/32
rec-3c92ddf9ed723475,SINGLE_FAMILY_PERMITS|NATIVE|BLD-25-0518744,src-680e03b2106bbb88,tpa-838a75b27ec235,single_family_permits,BLD-25-0518744,2025-11-19,2025-11,permit_issued,TASK_STATUS_DATE,source_reported_event,0,0,2026-08-23,2026-08,2026-08-23,2026-08,2026-08-23,2026-08,1,1,Revision | Issued,Residential New Construction and Additions (1 and 2 Family),Residential | New Construction and Additions | Building,660 Geneva Pl,Davis Islands,https://arcgis.tampagov.net/arcgis/rest/services/OpenData/Planning/MapServer/32
rec-412e21298e990a16,SINGLE_FAMILY_PERMITS|NATIVE|BLD-25-0518054,src-611c001e91559580,tpa-594b4eb16f432d,single_family_permits,BLD-25-0518054,2025-11-24,2025-11,permit_issued,TASK_STATUS_DATE,source_reported_event,0,0,2026-08-23,2026-08,2026-08-23,2026-08,2026-08-23,2026-08,1,1,Revision | Issued,Residential New Construction and Additions (1 and 2 Family),Residential | New Construction and Additions | Building,654 Geneva Pl,Davis Islands,https://arcgis.tampagov.net/arcgis/rest/services/OpenData/Planning/MapServer/32
rec-417818c7b725eab3,SINGLE_FAMILY_PERMITS|NATIVE|BLD-24-0507907,src-1dbf2dc9812c8b4c,tpa-81289c8a409cdd,single_family_permits,BLD-24-0507907,2025-11-06,2025-11,permit_issued,TASK_STATUS_DATE,source_reported_event,0,0,2026-08-23,2026-08,2026-08-23,2026-08,2026-08-23,2026-08,1,1,Revision | Issued,Residential New Construction and Additions (1 and 2 Family),Residential | New Construction and Additions | Building,107 E Euclid Ave,Tampa Heights,https://arcgis.tampagov.net/arcgis/rest/services/OpenData/Planning/MapServer/32
rec-448c5ca8075a4750,SINGLE_FAMILY_PERMITS|NATIVE|BLD-25-0518957,src-60f9ef8fcccd60cb,tpa-ac519479f97525,single_family_permits,BLD-25-0518957,2025-11-25,2025-11,permit_issued,TASK_STATUS_DATE,source_reported_event,0,0,2026-08-23,2026-08,2026-08-23,2026-08,2026-08-23,2026-08,1,1,Revision | Issued,Residential New Construction and Additions (1 and 2 Family),Residential | New Construction and Additions | Building,4729 W Lawn Ave,Bayside West,https://arcgis.tampagov.net/arcgis/rest/services/OpenData/Planning/MapServer/32
rec-4a615088a9c52486,SINGLE_FAMILY_PERMITS|NATIVE|BLD-26-0519213,src-f095099284aa405a,tpa-c41745c2c5f2f7,single_family_permits,BLD-26-0519213,2025-11-04,2025-11,permit_issued,TASK_STATUS_DATE,source_reported_event,0,0,2026-08-23,2026-08,2026-08-23,2026-08,2026-08-23,2026-08,1,1,Issued | Issued,Residential New Construction and Additions (1 and 2 Family),Residential | New Construction and Additions | Building,664 Geneva Pl,Davis Islands,https://arcgis.tampagov.net/arcgis/rest/services/OpenData/Planning/MapServer/32
rec-50bdb48b86e2babe,SINGLE_FAMILY_PERMITS|NATIVE|BLD-24-0507910,src-8fa4d6ec13912820,tpa-e2fbd1ce0acb9a,single_family_permits,BLD-24-0507910,2025-11-06,2025-11,permit_issued,TASK_STATUS_DATE,source_reported_event,0,0,2026-08-23,2026-08,2026-08-23,2026-08,2026-08-23,2026-08,1,1,Issued | Issued,Residential New Construction and Additions (1 and 2 Family),Residential | New Construction and Additions | Building,107 E Euclid Ave,Tampa Heights,https://arcgis.tampagov.net/arcgis/rest/services/OpenData/Planning/MapServer/32
rec-67c42f13f7b9382b,SINGLE_FAMILY_PERMITS|NATIVE|BLD-25-0518781,src-3c75d958bbb12250,tpa-9ddf0d89b6792b,single_family_permits,BLD-25-0518781,2025-11-19,2025-11,permit_issued,TASK_STATUS_DATE,source_reported_event,0,0,2026-08-23,2026-08,2026-08-23,2026-08,2026-08-23,2026-08,1,1,Revision | Issued,Residential New Construction and Additions (1 and 2 Family),Residential | New Construction and Additions | Building,4925 New Providence Ave,Culbreath Isles,https://arcgis.tampagov.net/arcgis/rest/services/OpenData/Planning/MapServer/32
rec-6b4f8c03482bf0d0,SINGLE_FAMILY_PERMITS|NATIVE|BLD-26-0519336,src-5e2d70dacae5b54a,tpa-52a43ed5cf3768,single_family_permits,BLD-26-0519336,2025-11-18,2025-11,permit_issued,TASK_STATUS_DATE,source_reported_event,0,0,2026-08-23,2026-08,2026-08-23,2026-08,2026-08-23,2026-08,1,1,Revision | Issued,Residential New Construction and Additions (1 and 2 Family),Residential | New Construction and Additions | Building,2514 N Ridgewood Ave,Ridgewood Park,https://arcgis.tampagov.net/arcgis/rest/services/OpenData/Planning/MapServer/32
rec-6b9a1f65f9238c74,SINGLE_FAMILY_PERMITS|NATIVE|BLD-25-0518610,src-6ffa825cead22a86,tpa-9c25465478897c,single_family_permits,BLD-25-0518610,2025-11-26,2025-11,permit_issued,TASK_STATUS_DATE,source_reported_event,0,0,2026-08-23,2026-08,2026-08-23,2026-08,2026-08-23,2026-08,1,1,Issued | Issued,Residential New Construction and Additions (1 and 2 Family),Residential | New Construction and Additions | Building,6200 Interbay Blvd,Interbay - South of Gandy,https://arcgis.tampagov.net/arcgis/rest/services/OpenData/Planning/MapServer/32
rec-6c4d8fa6ac11c60f,SINGLE_FAMILY_PERMITS|NATIVE|BLD-25-0518890,src-8a5eb86fd52911c0,tpa-4ae47cd42ce59c,single_family_permits,BLD-25-0518890,2025-11-20,2025-11,permit_issued,TASK_STATUS_DATE,source_reported_event,0,0,2026-08-23,2026-08,2026-08-23,2026-08,2026-08-23,2026-08,1,1,Issued | Issued,Residential New Construction and Additions (1 and 2 Family),Residential | New Construction and Additions | Building,2601 N Albany Ave,Old West Tampa,https://arcgis.tampagov.net/arcgis/rest/services/OpenData/Planning/MapServer/32
rec-6d81c4b8f83a72ec,SINGLE_FAMILY_PERMITS|NATIVE|BLD-26-0519214,src-1bfdeba102e69b5a,tpa-7d3fad23750f2d,single_family_permits,BLD-26-0519214,2025-11-12,2025-11,permit_issued,TASK_STATUS_DATE,source_reported_event,0,0,2026-08-23,2026-08,2026-08-23,2026-08,2026-08-23,2026-08,1,1,Issued | Issued,Residential New Construction and Additions (1 and 2 Family),Residential | New Construction and Additions | Building,809 E Louisiana Ave,Southeast Seminole Heights,https://arcgis.tampagov.net/arcgis/rest/services/OpenData/Planning/MapServer/32
rec-77d6c844e7357fde,SINGLE_FAMILY_PERMITS|NATIVE|BLD-25-0515078,src-45f6b82bf7eb94ac,tpa-6d194c4d68193d,single_family_permits,BLD-25-0515078,2025-11-06,2025-11,permit_issued,TASK_STATUS_DATE,source_reported_event,0,0,2026-08-23,2026-08,2026-08-23,2026-08,2026-08-23,2026-08,1,1,Issued | Issued,Residential New Construction and Additions (1 and 2 Family),Residential | New Construction and Additions | Building,8302 N Boulevard,Lowry Park Central,https://arcgis.tampagov.net/arcgis/rest/services/OpenData/Planning/MapServer/32
rec-78396d30cf1a27a8,SINGLE_FAMILY_PERMITS|NATIVE|BLD-25-0517321,src-67523364d1f0ddc9,tpa-ca031ac73b0ce7,single_family_permits,BLD-25-0517321,2025-11-06,2025-11,permit_issued,TASK_STATUS_DATE,source_reported_event,0,0,2026-08-23,2026-08,2026-08-23,2026-08,2026-08-23,2026-08,1,1,Issued | Issued,Residential New Construction and Additions (1 and 2 Family),Residential | New Construction and Additions | Building,1716 E Frierson Ave,Historic Belmont Heights,https://arcgis.tampagov.net/arcgis/rest/services/OpenData/Planning/MapServer/32
rec-791e1dce505d200c,SINGLE_FAMILY_PERMITS|NATIVE|BLD-26-0519538,src-694ec22cf9234064,tpa-4f39ef68ddbe3f,single_family_permits,BLD-26-0519538,2025-11-18,2025-11,permit_issued,TASK_STATUS_DATE,source_reported_event,0,0,2026-08-23,2026-08,2026-08-23,2026-08,2026-08-23,2026-08,1,1,Revision | Issued,Residential New Construction and Additions (1 and 2 Family),Residential | New Construction and Additions | Building,903 W Braddock St,Riverside Heights,https://arcgis.tampagov.net/arcgis/rest/services/OpenData/Planning/MapServer/32
rec-81f0a5d9382f5e6b,SINGLE_FAMILY_PERMITS|NATIVE|BLD-26-0519118,src-906873dfe1c04181,tpa-7c2ff6662b2100,single_family_permits,BLD-26-0519118,2025-11-19,2025-11,permit_issued,TASK_STATUS_DATE,source_reported_event,0,0,2026-08-23,2026-08,2026-08-23,2026-08,2026-08-23,2026-08,1,1,Revision | Issued,Residential New Construction and Additions (1 and 2 Family),Residential | New Construction and Additions | Building,604 Danube Ave,Davis Islands,https://arcgis.tampagov.net/arcgis/rest/services/OpenData/Planning/MapServer/32
rec-8b00c619fec4d29c,SINGLE_FAMILY_PERMITS|NATIVE|BLD-25-0518500,src-a0f40a0059900235,tpa-ff6f7e339d9ab8,single_family_permits,BLD-25-0518500,2025-11-24,2025-11,permit_issued,TASK_STATUS_DATE,source_reported_event,0,0,2026-08-23,2026-08,2026-08-23,2026-08,2026-08-23,2026-08,1,1,Issued | Issued,Residential New Construction and Additions (1 and 2 Family),Residential | New Construction and Additions | Building,4307 N River View Ave,West Riverside Heights,https://arcgis.tampagov.net/arcgis/rest/services/OpenData/Planning/MapServer/32
rec-8b8f958965a3a91b,SINGLE_FAMILY_PERMITS|NATIVE|BLD-25-0518831,src-b51a2e94a6f59068,tpa-b01b9c13cc057e,single_family_permits,BLD-25-0518831,2025-11-06,2025-11,permit_issued,TASK_STATUS_DATE,source_reported_event,0,0,2026-08-23,2026-08,2026-08-23,2026-08,2026-08-23,2026-08,1,1,Issued | Issued,Residential New Construction and Additions (1 and 2 Family),Residential | New Construction and Additions | Building,3420 N 10th St,Ybor Heights Neighborhood Association and Watch Group,https://arcgis.tampagov.net/arcgis/rest/services/OpenData/Planning/MapServer/32
rec-91ebf82dd359b2d2,SINGLE_FAMILY_PERMITS|NATIVE|BLD-25-0518908,src-93aec95f30f73860,tpa-24864a02684b8c,single_family_permits,BLD-25-0518908,2025-11-25,2025-11,permit_issued,TASK_STATUS_DATE,source_reported_event,0,0,2026-08-23,2026-08,2026-08-23,2026-08,2026-08-23,2026-08,1,1,Revision | Issued,Residential New Construction and Additions (1 and 2 Family),Residential | New Construction and Additions | Building,3301 W Pearl Ave,Interbay - South of Gandy,https://arcgis.tampagov.net/arcgis/rest/services/OpenData/Planning/MapServer/32
rec-952f2d046c1e3a4b,SINGLE_FAMILY_PERMITS|NATIVE|BLD-25-0518977,src-65d9f9908cb62645,tpa-9fe350b4096f8c,single_family_permits,BLD-25-0518977,2025-11-10,2025-11,permit_issued,TASK_STATUS_DATE,source_reported_event,0,0,2026-08-23,2026-08,2026-08-23,2026-08,2026-08-23,2026-08,1,1,Issued | Issued,Residential New Construction and Additions (1 and 2 Family),Residential | New Construction and Additions | Building,4627 W Browning Ave,Sunset Park,https://arcgis.tampagov.net/arcgis/rest/services/OpenData/Planning/MapServer/32
rec-995335ebc35f20cd,SINGLE_FAMILY_PERMITS|NATIVE|BLD-25-0518855,src-f39a7549c3abc3e2,tpa-3d150989ee9e7d,single_family_permits,BLD-25-0518855,2025-11-06,2025-11,permit_issued,TASK_STATUS_DATE,source_reported_event,0,0,2026-08-23,2026-08,2026-08-23,2026-08,2026-08-23,2026-08,1,1,Revision | Issued,Residential New Construction and Additions (1 and 2 Family),Residential | New Construction and Additions | Building,612 Danube Ave,Davis Islands,https://arcgis.tampagov.net/arcgis/rest/services/OpenData/Planning/MapServer/32
rec-a274a0227ebbbb18,SINGLE_FAMILY_PERMITS|NATIVE|BLD-24-0510890,src-60fe81b86698fa10,tpa-182a27269aaf1a,single_family_permits,BLD-24-0510890,2025-11-05,2025-11,permit_issued,TASK_STATUS_DATE,source_reported_event,0,0,2026-08-23,2026-08,2026-08-23,2026-08,2026-08-23,2026-08,1,1,Revision | Issued,Residential New Construction and Additions (1 and 2 Family),Residential | New Construction and Additions | Building,3622 S Coolidge Ave,Virginia Park,https://arcgis.tampagov.net/arcgis/rest/services/OpenData/Planning/MapServer/32
rec-a386a40f8cc97251,SINGLE_FAMILY_PERMITS|NATIVE|BLD-26-0519194,src-c21ad5c38607bfab,tpa-f54828c2031d5b,single_family_permits,BLD-26-0519194,2025-11-12,2025-11,permit_issued,TASK_STATUS_DATE,source_reported_event,0,0,2026-08-23,2026-08,2026-08-23,2026-08,2026-08-23,2026-08,1,1,Revision | Issued,Residential New Construction and Additions (1 and 2 Family),Residential | New Construction and Additions | Building,2404 S Dundee St,Sunset Park,https://arcgis.tampagov.net/arcgis/rest/services/OpenData/Planning/MapServer/32
rec-a65ec0b9fa59a855,SINGLE_FAMILY_PERMITS|NATIVE|BLD-25-0518636,src-5d29ac6938f3367b,tpa-df40978b7a497b,single_family_permits,BLD-25-0518636,2025-11-10,2025-11,permit_issued,TASK_STATUS_DATE,source_reported_event,0,0,2026-08-23,2026-08,2026-08-23,2026-08,2026-08-23,2026-08,1,1,Revision | Issued,Residential New Construction and Additions (1 and 2 Family),Residential | New Construction and Additions | Building,4819 W Sunset Blvd,Sunset Park,https://arcgis.tampagov.net/arcgis/rest/services/OpenData/Planning/MapServer/32
rec-a91cfce43a447275,SINGLE_FAMILY_PERMITS|NATIVE|BLD-25-0518863,src-4ccc53ead748ebea,tpa-21932133e7b772,single_family_permits,BLD-25-0518863,2025-11-14,2025-11,permit_issued,TASK_STATUS_DATE,source_reported_event,0,0,2026-08-23,2026-08,2026-08-23,2026-08,2026-08-23,2026-08,1,1,Revision | Issued,Residential New Construction and Additions (1 and 2 Family),Residential | New Construction and Additions | Building,2902 W Bayshore Ct,Bayshore Beautiful,https://arcgis.tampagov.net/arcgis/rest/services/OpenData/Planning/MapServer/32
rec-ab5b5f97a7ee23c8,SINGLE_FAMILY_PERMITS|NATIVE|BLD-26-0519572,src-5d195727f365b7bd,tpa-d6a6e9abf38502,single_family_permits,BLD-26-0519572,2025-11-25,2025-11,permit_issued,TASK_STATUS_DATE,source_reported_event,0,0,2026-08-23,2026-08,2026-08-23,2026-08,2026-08-23,2026-08,1,1,Issued | Issued,Residential New Construction and Additions (1 and 2 Family),Residential | New Construction and Additions | Building,4109 N Boulevard,South Seminole Heights,https://arcgis.tampagov.net/arcgis/rest/services/OpenData/Planning/MapServer/32
rec-b90bc8bbaa2c2c81,SINGLE_FAMILY_PERMITS|NATIVE|BLD-26-0519816,src-3e7deb767cc086d3,tpa-d53ea55d5e8922,single_family_permits,BLD-26-0519816,2025-11-12,2025-11,permit_issued,TASK_STATUS_DATE,source_reported_event,0,0,2026-08-23,2026-08,2026-08-23,2026-08,2026-08-23,2026-08,1,1,Issued | Issued,Residential New Construction and Additions (1 and 2 Family),Residential | New Construction and Additions | Building,4703 W Lowell Ave,Sunset Park,https://arcgis.tampagov.net/arcgis/rest/services/OpenData/Planning/MapServer/32
rec-ba54eb72d00be158,SINGLE_FAMILY_PERMITS|NATIVE|BLD-25-0518891,src-ece8ef8d6096f4e2,tpa-8e65b362912d3b,single_family_permits,BLD-25-0518891,2025-11-10,2025-11,permit_issued,TASK_STATUS_DATE,source_reported_event,0,0,2026-08-23,2026-08,2026-08-23,2026-08,2026-08-23,2026-08,1,1,Issued | Issued,Residential New Construction and Additions (1 and 2 Family),Residential | New Construction and Additions | Building,1101 W Adalee St,Riverside Heights,https://arcgis.tampagov.net/arcgis/rest/services/OpenData/Planning/MapServer/32
rec-bedb36c27e9373a8,SINGLE_FAMILY_PERMITS|NATIVE|BLD-25-0515433,src-64d60a878b48bf8f,tpa-a6b6c21aef2b55,single_family_permits,BLD-25-0515433,2025-11-03,2025-11,permit_issued,TASK_STATUS_DATE,source_reported_event,0,0,2026-08-23,2026-08,2026-08-23,2026-08,2026-08-23,2026-08,1,1,Revision | Issued,Residential New Construction and Additions (1 and 2 Family),Residential | New Construction and Additions | Building,480 Lucerne Ave,Davis Islands,https://arcgis.tampagov.net/arcgis/rest/services/OpenData/Planning/MapServer/32
rec-c0921b4a88e41c0d,SINGLE_FAMILY_PERMITS|NATIVE|BLD-25-0517403,src-33b61cea324982e0,tpa-6f672b1636c2e4,single_family_permits,BLD-25-0517403,2025-11-03,2025-11,permit_issued,TASK_STATUS_DATE,source_reported_event,0,0,2026-08-23,2026-08,2026-08-23,2026-08,2026-08-23,2026-08,1,1,Revision | Issued,Residential New Construction and Additions (1 and 2 Family),Residential | New Construction and Additions | Building,585 Luzon Ave,Davis Islands,https://arcgis.tampagov.net/arcgis/rest/services/OpenData/Planning/MapServer/32
rec-c9935601dd96449c,SINGLE_FAMILY_PERMITS|NATIVE|BLD-26-0519134,src-0f7c0d4e320b79ab,tpa-81fc874c1e72be,single_family_permits,BLD-26-0519134,2025-11-05,2025-11,permit_issued,TASK_STATUS_DATE,source_reported_event,0,0,2026-08-23,2026-08,2026-08-23,2026-08,2026-08-23,2026-08,1,1,Revision | Issued,Residential New Construction and Additions (1 and 2 Family),Residential | New Construction and Additions | Building,48 Martinique Ave,Davis Islands,https://arcgis.tampagov.net/arcgis/rest/services/OpenData/Planning/MapServer/32
rec-d965427b9a6bc6b1,SINGLE_FAMILY_PERMITS|NATIVE|BLD-25-0519004,src-c25021ec86dc2fff,tpa-9fca9b14fbf60f,single_family_permits,BLD-25-0519004,2025-11-01,2025-11,permit_issued,TASK_STATUS_DATE,source_reported_event,0,0,2026-08-23,2026-08,2026-08-23,2026-08,2026-08-23,2026-08,1,1,Issued | Issued,Residential New Construction and Additions (1 and 2 Family),Residential | New Construction and Additions | Building,3414 S Gardenia Ave,Bel Mar Shores,https://arcgis.tampagov.net/arcgis/rest/services/OpenData/Planning/MapServer/32
rec-da9bbd434f7f9ca1,SINGLE_FAMILY_PERMITS|NATIVE|BLD-25-0518477,src-b93f4c1762439632,tpa-0e0cc6a173a87e,single_family_permits,BLD-25-0518477,2025-11-05,2025-11,permit_issued,TASK_STATUS_DATE,source_reported_event,0,0,2026-08-23,2026-08,2026-08-23,2026-08,2026-08-23,2026-08,1,1,Revision | Issued,Residential New Construction and Additions (1 and 2 Family),Residential | New Construction and Additions | Building,3312 Sevilla Cir W,Belmar Gardens,https://arcgis.tampagov.net/arcgis/rest/services/OpenData/Planning/MapServer/32
rec-de0896e33d9cf41e,SINGLE_FAMILY_PERMITS|NATIVE|BLD-25-0517707,src-a0d5f10921b68a7b,tpa-5b8ba59c499123,single_family_permits,BLD-25-0517707,2025-11-05,2025-11,permit_issued,TASK_STATUS_DATE,source_reported_event,0,0,2026-08-23,2026-08,2026-08-23,2026-08,2026-08-23,2026-08,1,1,Issued | Issued,Residential New Construction and Additions (1 and 2 Family),Residential | New Construction and Additions | Building,6805 S Elemeta St,"Port Tampa City, Inc. Civic Association",https://arcgis.tampagov.net/arcgis/rest/services/OpenData/Planning/MapServer/32
rec-e9369fe68e841770,SINGLE_FAMILY_PERMITS|NATIVE|BLD-25-0517169,src-9cedbdeb237d8674,tpa-0c4ab8da911caf,single_family_permits,BLD-25-0517169,2025-11-03,2025-11,permit_issued,TASK_STATUS_DATE,source_reported_event,0,0,2026-08-23,2026-08,2026-08-23,2026-08,2026-08-23,2026-08,1,1,Issued | Issued,Residential New Construction and Additions (1 and 2 Family),Residential | New Construction and Additions | Building,1307 S Moody Ave,Bayshore Gardens,https://arcgis.tampagov.net/arcgis/rest/services/OpenData/Planning/MapServer/32
rec-edf80b7272492036,SINGLE_FAMILY_PERMITS|NATIVE|BLD-26-0519430,src-27714c6ff2dcb79e,tpa-e683918aaf4365,single_family_permits,BLD-26-0519430,2025-11-07,2025-11,permit_issued,TASK_STATUS_DATE,source_reported_event,0,0,2026-08-23,2026-08,2026-08-23,2026-08,2026-08-23,2026-08,1,1,Issued | Issued,Residential New Construction and Additions (1 and 2 Family),Residential | New Construction and Additions | Building,4122 W Nassau St,Carver City Lincoln Gardens,https://arcgis.tampagov.net/arcgis/rest/services/OpenData/Planning/MapServer/32
rec-f3717ffc5c3238cc,SINGLE_FAMILY_PERMITS|NATIVE|BLD-25-0516499,src-85a1a175f2115c45,tpa-35fd6aa177596b,single_family_permits,BLD-25-0516499,2025-11-14,2025-11,permit_issued,TASK_STATUS_DATE,source_reported_event,0,0,2026-08-23,2026-08,2026-08-23,2026-08,2026-08-23,2026-08,1,1,Issued | Issued,Residential New Construction and Additions (1 and 2 Family),Residential | New Construction and Additions | Building,803 W Woodlawn Ave,Riverside Heights,https://arcgis.tampagov.net/arcgis/rest/services/OpenData/Planning/MapServer/32
rec-f963625488109521,SINGLE_FAMILY_PERMITS|NATIVE|BLD-25-0517664,src-b36d659b0a1e8532,tpa-0f5e6616a6e4e1,single_family_permits,BLD-25-0517664,2025-11-21,2025-11,permit_issued,TASK_STATUS_DATE,source_reported_event,0,0,2026-08-23,2026-08,2026-08-23,2026-08,2026-08-23,2026-08,1,1,Issued | Issued,Residential New Construction and Additions (1 and 2 Family),Residential | New Construction and Additions | Building,1910 E Genesee St,Historic Belmont Heights,https://arcgis.tampagov.net/arcgis/rest/services/OpenData/Planning/MapServer/32
rec-fd56c4da83d23ab2,SINGLE_FAMILY_PERMITS|NATIVE|BLD-26-0519311,src-2edbbd455a2aaddb,tpa-cae41f261c9776,single_family_permits,BLD-26-0519311,2025-11-04,2025-11,permit_issued,TASK_STATUS_DATE,source_reported_event,0,0,2026-08-23,2026-08,2026-08-23,2026-08,2026-08-23,2026-08,1,1,Revision | Issued,Residential New Construction and Additions (1 and 2 Family),Residential | New Construction and Additions | Building,4207 W Beach Park Dr,Beach Park,https://arcgis.tampagov.net/arcgis/rest/services/OpenData/Planning/MapServer/32
