accela_record_id,record_number,source_module,disposition,match_method,matched_activity_id,integrated_activity_id,duplicate_key,review_required
acc-a634101ed097928c7a9a,AB1-26-0000027,Planning,appended_new_activity,no_exact_core_match,,tpa-ca0c373f04b4e9,AB1260000027,false
acc-fb7113a398b4ae3e42a3,AB2-26-0000024,Planning,appended_new_activity,no_exact_core_match,,tpa-8769560f382b98,AB2260000024,false
acc-af35593e8695a83227f1,ABS-26-0000100,Planning,appended_new_activity,no_exact_core_match,,tpa-0573563bb4e531,ABS260000100,false
acc-15a4612192482c520d80,ABS-26-0000101,Planning,appended_new_activity,no_exact_core_match,,tpa-318f6a0b9d1b21,ABS260000101,false
acc-4e33831b4d8a90bc17ac,ABS-26-0000102,Planning,appended_new_activity,no_exact_core_match,,tpa-493e329c1b5e24,ABS260000102,false
acc-c619c2f042def1262b8b,ABS-26-0000103,Planning,appended_new_activity,no_exact_core_match,,tpa-da4256bbb395f2,ABS260000103,false
acc-33af97b1b2635a975a54,ABS-26-0000104,Planning,appended_new_activity,no_exact_core_match,,tpa-dbdcf497eb376b,ABS260000104,false
acc-1ad938f38dcffc4a2afe,ABS-26-0000105,Planning,appended_new_activity,no_exact_core_match,,tpa-46a7ec1175e1a5,ABS260000105,false
acc-839162eb7c467447c474,ABS-26-0000106,Planning,appended_new_activity,no_exact_core_match,,tpa-4c915f4dd8a93a,ABS260000106,false
acc-02aa918537fda9f98ac3,ABT-26-0000046,Planning,appended_new_activity,no_exact_core_match,,tpa-e43e5f18d9df0a,ABT260000046,false
acc-25de13dceddcdbfbbe10,ABT-26-0000047,Planning,appended_new_activity,no_exact_core_match,,tpa-314aa59a8f4f59,ABT260000047,false
acc-8f44d8f7bdde03db3687,ABT-26-0000048,Planning,appended_new_activity,no_exact_core_match,,tpa-d5911bcbedc102,ABT260000048,false
acc-8965e448a7c47cadb1b0,ADO-26-0000172,Planning,appended_new_activity,no_exact_core_match,,tpa-912be8781d2f2c,ADO260000172,false
acc-16a0d8b860c23bf7b0fb,ADO-26-0000173,Planning,appended_new_activity,no_exact_core_match,,tpa-b14a8957e7537c,ADO260000173,false
acc-a76ca4912f1a428fe3c2,ADO-26-0000174,Planning,appended_new_activity,no_exact_core_match,,tpa-cd59611fa6f6cd,ADO260000174,false
acc-c6776a1fefdd854f6c7e,ADO-26-0000175,Planning,appended_new_activity,no_exact_core_match,,tpa-a0c0b954564dce,ADO260000175,false
acc-900b2c68958493c9cb7e,ADO-26-0000176,Planning,appended_new_activity,no_exact_core_match,,tpa-b014974afa8d71,ADO260000176,false
acc-103b4f6092c69a995305,ADO-26-0000177,Planning,appended_new_activity,no_exact_core_match,,tpa-787961f5dc8513,ADO260000177,false
acc-860e778e38c4eda69244,ADO-26-0000178,Planning,appended_new_activity,no_exact_core_match,,tpa-85bdc051ef8956,ADO260000178,false
acc-56ba29880d50949eddde,ADO-26-0000179,Planning,appended_new_activity,no_exact_core_match,,tpa-d571d397fea8c0,ADO260000179,false
acc-d1f51e4bd7a69ec0e34b,ADO-26-0000180,Planning,appended_new_activity,no_exact_core_match,,tpa-a49c009c8fc576,ADO260000180,false
acc-9b4ff9b37c45e06ba82f,ADO-26-0000181,Planning,appended_new_activity,no_exact_core_match,,tpa-9e75fa101a24de,ADO260000181,false
acc-6b7d44a61732180c4c21,ADO-26-0000182,Planning,appended_new_activity,no_exact_core_match,,tpa-66e878a1ab725f,ADO260000182,false
acc-26a1f7bbb1a2be8858f7,ARC-26-0000413,Planning,appended_new_activity,no_exact_core_match,,tpa-5f781cd2912d88,ARC260000413,false
acc-3e81cd4fefb3573aebcf,ARC-26-0000414,Planning,appended_new_activity,no_exact_core_match,,tpa-312d6051e97af3,ARC260000414,false
acc-0b1db238cdc48aa30b37,ARC-26-0000415,Planning,merged_existing_activity,exact_public_record_number,tpa-59d7fb07562dd9,tpa-59d7fb07562dd9,ARC260000415,false
acc-31378b50fa4ced3bed08,ARC-26-0000416,Planning,merged_existing_activity,exact_public_record_number,tpa-59fac3be61a335,tpa-59fac3be61a335,ARC260000416,false
acc-0b3cfc1ec9acbe09aaac,ARC-26-0000417,Planning,merged_existing_activity,exact_public_record_number,tpa-f4fc4caabb9eac,tpa-f4fc4caabb9eac,ARC260000417,false
acc-ca87ff03a0967fbd30ea,ARC-26-0000418,Planning,appended_new_activity,no_exact_core_match,,tpa-11650c7ccf03db,ARC260000418,false
acc-a8f0e2e0c900939fca64,ARC-26-0000419,Planning,merged_existing_activity,exact_public_record_number,tpa-2a0e40d30e572b,tpa-2a0e40d30e572b,ARC260000419,false
acc-c6929f7fde2c836c4580,ARC-26-0000420,Planning,appended_new_activity,no_exact_core_match,,tpa-f465f6544ee879,ARC260000420,false
acc-2433f45b54c7cd1b24fd,ARC-26-0000421,Planning,merged_existing_activity,exact_public_record_number,tpa-b50f4b160a53ca,tpa-b50f4b160a53ca,ARC260000421,false
acc-6c7d8f695cf79a968f22,ARC-26-0000422,Planning,merged_existing_activity,exact_public_record_number,tpa-3865b3eab45b8e,tpa-3865b3eab45b8e,ARC260000422,false
acc-93cdcef5fe617052ab91,ARC-26-0000423,Planning,merged_existing_activity,exact_public_record_number,tpa-8cda42a6fecd9b,tpa-8cda42a6fecd9b,ARC260000423,false
acc-3fdcebb59dccd000555c,ARC-26-0000424,Planning,appended_new_activity,no_exact_core_match,,tpa-91a3e64a0fbc2b,ARC260000424,false
acc-d78247bc89121b426366,ARC-26-0000425,Planning,merged_existing_activity,exact_public_record_number,tpa-d17f16ea142a67,tpa-d17f16ea142a67,ARC260000425,false
acc-a5ee75bac3f35848f754,ARC-26-0000426,Planning,merged_existing_activity,exact_public_record_number,tpa-66b9d16679f9c4,tpa-66b9d16679f9c4,ARC260000426,false
acc-63c30785f0541ee37ef5,ARC-26-0000427,Planning,appended_new_activity,no_exact_core_match,,tpa-84b0863d586acc,ARC260000427,false
acc-2966d9bb8faf3371bb24,ARC-26-0000428,Planning,merged_existing_activity,exact_public_record_number,tpa-f10affd350a711,tpa-f10affd350a711,ARC260000428,false
acc-bd97d9641031a7982737,ARC-26-0000429,Planning,appended_new_activity,no_exact_core_match,,tpa-8ed079e234a484,ARC260000429,false
acc-f12ca7fa239f88d604d1,ARC-26-0000430,Planning,appended_new_activity,no_exact_core_match,,tpa-4536d0c4e08690,ARC260000430,false
acc-5280e2cfe47c2125d46d,ARC-26-0000431,Planning,merged_existing_activity,exact_public_record_number,tpa-0141c410a042bc,tpa-0141c410a042bc,ARC260000431,false
acc-1d915dfff4998d9b6e4d,ARC-26-0000432,Planning,appended_new_activity,no_exact_core_match,,tpa-9f7bcc77902deb,ARC260000432,false
acc-c93c10e71257ac877503,ARC-26-0000433,Planning,appended_new_activity,no_exact_core_match,,tpa-1b3137548b0014,ARC260000433,false
acc-1fc5106e269fd44605fd,ARC-26-0000434,Planning,appended_new_activity,no_exact_core_match,,tpa-1f134e79a99098,ARC260000434,false
acc-ebef904b994088815593,ARC-26-0000435,Planning,merged_existing_activity,exact_public_record_number,tpa-dfdf00d10f5dbf,tpa-dfdf00d10f5dbf,ARC260000435,false
acc-6e40c076722161c4114b,ARC-26-0000436,Planning,merged_existing_activity,exact_public_record_number,tpa-54a7e9851da5ff,tpa-54a7e9851da5ff,ARC260000436,false
acc-81b15f89f527d115c97b,ARC-26-0000437,Planning,appended_new_activity,no_exact_core_match,,tpa-477bc5deab8739,ARC260000437,false
acc-d1d9a4fc76baf05dcbbf,ARC-26-0000438,Planning,merged_existing_activity,exact_public_record_number,tpa-43c2210b7b7ae3,tpa-43c2210b7b7ae3,ARC260000438,false
acc-4e21c962a1005c8d17b5,ARC-26-0000439,Planning,merged_existing_activity,exact_public_record_number,tpa-929ce04d33dac2,tpa-929ce04d33dac2,ARC260000439,false
acc-52f0b359312b98b4d225,ARC-26-0000440,Planning,merged_existing_activity,exact_public_record_number,tpa-373ae2e807d356,tpa-373ae2e807d356,ARC260000440,false
acc-2cffb791f1496f8f15fa,ARC-26-0000441,Planning,merged_existing_activity,exact_public_record_number,tpa-ccc3cafd364718,tpa-ccc3cafd364718,ARC260000441,false
acc-c7bf8ad9aecb054aeb08,ARC-26-0000442,Planning,appended_new_activity,no_exact_core_match,,tpa-ac2620db46f5bf,ARC260000442,false
acc-a90936f4698090b3273c,ARC-26-0000443,Planning,appended_new_activity,no_exact_core_match,,tpa-1d4910feb2c677,ARC260000443,false
acc-82b838d47096efccee30,ARC-26-0000444,Planning,appended_new_activity,no_exact_core_match,,tpa-c8a756b2ddc12c,ARC260000444,false
acc-f81089e1ab9f40c981c9,ARC-26-0000445,Planning,appended_new_activity,no_exact_core_match,,tpa-9662086aac79c8,ARC260000445,false
acc-27deecfe41681d229ef4,ARC-26-0000446,Planning,appended_new_activity,no_exact_core_match,,tpa-9d013d7e9a7904,ARC260000446,false
acc-5321258696da737e7ebd,ARC-26-0000447,Planning,appended_new_activity,no_exact_core_match,,tpa-ca7f237342ef1b,ARC260000447,false
acc-c062a6d4ee8eff2df77d,ARC-26-0000448,Planning,appended_new_activity,no_exact_core_match,,tpa-e276cab63f0fc1,ARC260000448,false
acc-1879b56d0a81d529d4eb,ARC-26-0000449,Planning,appended_new_activity,no_exact_core_match,,tpa-41688a6d6ec192,ARC260000449,false
acc-deaf43e3bd7adc8f3d3e,ARC-26-0000450,Planning,appended_new_activity,no_exact_core_match,,tpa-61bf10bac033f0,ARC260000450,false
acc-941b547d6061b19abc19,ARC-26-0000451,Planning,appended_new_activity,no_exact_core_match,,tpa-91c17a4e556bf6,ARC260000451,false
acc-99b62f546a69578e4cc2,ARC-26-0000452,Planning,appended_new_activity,no_exact_core_match,,tpa-1db83de1d9cf8f,ARC260000452,false
acc-58185b79d846607aa8e7,ARC-26-0000453,Planning,appended_new_activity,no_exact_core_match,,tpa-b01afe3c5bd826,ARC260000453,false
acc-50a6048e2a6e8247ffe3,BDE-26-0445729,Building,merged_existing_activity,exact_public_record_number,tpa-0c08135824e6ab,tpa-0c08135824e6ab,BDE260445729,false
acc-97671e06187e3894d61b,BDE-26-0445731,Building,merged_existing_activity,exact_public_record_number,tpa-3833bce745a422,tpa-3833bce745a422,BDE260445731,false
acc-21efd3b3f787c2766da4,BDE-26-0445732,Building,appended_new_activity,no_exact_core_match,,tpa-5d4cd90c373662,BDE260445732,false
acc-74dccc0ad07cf7145045,BDE-26-0445733,Building,appended_new_activity,no_exact_core_match,,tpa-c3450a75abc819,BDE260445733,false
acc-7c34b47339bf5e5cd24a,BDE-26-0445734,Building,merged_existing_activity,exact_public_record_number,tpa-b4e6bd7c37719a,tpa-b4e6bd7c37719a,BDE260445734,false
acc-a617628dc8a9928dde9b,BDE-26-0445735,Building,appended_new_activity,no_exact_core_match,,tpa-5de45a214d9323,BDE260445735,false
acc-5b9ada2f64937a7422bf,BDE-26-0445738,Building,appended_new_activity,no_exact_core_match,,tpa-87a6ede065a391,BDE260445738,false
acc-51750459db9634b21f93,BDE-26-0445739,Building,appended_new_activity,no_exact_core_match,,tpa-a7fa22d0bcc1bd,BDE260445739,false
acc-5fdb74b99bf02779bcd6,BDE-26-0445740,Building,merged_existing_activity,exact_public_record_number,tpa-6e55660e90cae5,tpa-6e55660e90cae5,BDE260445740,false
acc-7991e60f5137678b48ca,BDE-26-0445741,Building,appended_new_activity,no_exact_core_match,,tpa-5bf8cbf8354902,BDE260445741,false
acc-69cd6757d0a552cc2bf9,BDE-26-0445742,Building,appended_new_activity,no_exact_core_match,,tpa-ce4988b68081d6,BDE260445742,false
acc-4da93b2a8968ddb1d08a,BDE-26-0445743,Building,appended_new_activity,no_exact_core_match,,tpa-da33aac324d519,BDE260445743,false
acc-06cad7604c421133f355,BDE-26-0445744,Building,appended_new_activity,no_exact_core_match,,tpa-edd6462417f8d6,BDE260445744,false
acc-9fbe23433bfe1a86a7a8,BDE-26-0445745,Building,appended_new_activity,no_exact_core_match,,tpa-12477320b94cc1,BDE260445745,false
acc-b0168eea7bd86da0daa9,BDE-26-0445746,Building,appended_new_activity,no_exact_core_match,,tpa-b5ddd5108f5ea4,BDE260445746,false
acc-8890a6117463b20056db,BDE-26-0445747,Building,appended_new_activity,no_exact_core_match,,tpa-35b6b176c0baa8,BDE260445747,false
acc-8e255eda0e7d00307339,BDE-26-0445748,Building,appended_new_activity,no_exact_core_match,,tpa-530b87f2c37978,BDE260445748,false
acc-365f4f481d8fcfa5945c,BDE-26-0445749,Building,appended_new_activity,no_exact_core_match,,tpa-950fc8568fd5f8,BDE260445749,false
acc-17da5a16b35af52f68ef,BDE-26-0445750,Building,appended_new_activity,no_exact_core_match,,tpa-9b5f908bef3ae7,BDE260445750,false
acc-f061c48708d58f816025,BDE-26-0445751,Building,appended_new_activity,no_exact_core_match,,tpa-165ec598eaf137,BDE260445751,false
acc-6025f09f1738037fae7c,BDE-26-0445752,Building,appended_new_activity,no_exact_core_match,,tpa-6581228e3ffc60,BDE260445752,false
acc-f86aac5ecaf2e24b226f,BDE-26-0445753,Building,appended_new_activity,no_exact_core_match,,tpa-e1c2225f81072c,BDE260445753,false
acc-8b2498da39e3dad95b25,BDE-26-0445754,Building,merged_existing_activity,exact_public_record_number,tpa-d46418fc820563,tpa-d46418fc820563,BDE260445754,false
acc-d8735153d895a0419b97,BDE-26-0445755,Building,appended_new_activity,no_exact_core_match,,tpa-35caace3c3af98,BDE260445755,false
acc-d6b2b07a11d5861976f0,BDE-26-0445756,Building,appended_new_activity,no_exact_core_match,,tpa-a79c41e163bb5b,BDE260445756,false
acc-7b31149242a66ce77692,BDE-26-0445757,Building,appended_new_activity,no_exact_core_match,,tpa-4e3a1ee3796616,BDE260445757,false
acc-e7c3c06984209afaf11d,BDE-26-0445758,Building,appended_new_activity,no_exact_core_match,,tpa-7e60b346ea5be9,BDE260445758,false
acc-62867d2f74ed3a3898a4,BDE-26-0445759,Building,appended_new_activity,no_exact_core_match,,tpa-b9b661c642cfde,BDE260445759,false
acc-2c1c0e66eb04458c39e1,BDE-26-0445760,Building,merged_existing_activity,exact_public_record_number,tpa-25d5350815b91b,tpa-25d5350815b91b,BDE260445760,false
acc-c86dab5a147000ba2ac7,BDE-26-0445761,Building,appended_new_activity,no_exact_core_match,,tpa-1b71fca0658b94,BDE260445761,false
acc-b0d2103e2f3220c223c4,BDE-26-0445762,Building,appended_new_activity,no_exact_core_match,,tpa-c0b37c6dbde44d,BDE260445762,false
acc-95c81be69c466e497cb7,BDE-26-0445763,Building,appended_new_activity,no_exact_core_match,,tpa-57bb0b5c2903e0,BDE260445763,false
acc-cff92b463f243a311728,BDE-26-0445764,Building,appended_new_activity,no_exact_core_match,,tpa-fd9d84c429fddb,BDE260445764,false
acc-fb5ca22460138d70dc5c,BDE-26-0445765,Building,appended_new_activity,no_exact_core_match,,tpa-c93e7c656f5d1b,BDE260445765,false
acc-dc00d2342b218f105d86,BDE-26-0445766,Building,appended_new_activity,no_exact_core_match,,tpa-cb9ccba3ed06ee,BDE260445766,false
acc-fe45433cd3c1797ac1d5,BDE-26-0445767,Building,appended_new_activity,no_exact_core_match,,tpa-a8ca19332f6ec1,BDE260445767,false
acc-240937608e4d5943db94,BDE-26-0445768,Building,appended_new_activity,no_exact_core_match,,tpa-9b2448b7577985,BDE260445768,false
acc-a8964962d9ac381b4187,BDE-26-0445769,Building,appended_new_activity,no_exact_core_match,,tpa-c412a8ae7bbe4d,BDE260445769,false
acc-a3f40f00f9b12022d245,BDE-26-0445770,Building,appended_new_activity,no_exact_core_match,,tpa-4501a3c6238fa4,BDE260445770,false
acc-5e0f753bdb76a3fa01b5,BDE-26-0445771,Building,appended_new_activity,no_exact_core_match,,tpa-45f79bde9f8728,BDE260445771,false
acc-cb8e7222802ad0bc2564,BDE-26-0445772,Building,appended_new_activity,no_exact_core_match,,tpa-20a352c7609bad,BDE260445772,false
acc-d6c5e2aed61ba2614291,BDE-26-0445773,Building,appended_new_activity,no_exact_core_match,,tpa-c632dbaea2308d,BDE260445773,false
acc-595fb0aeb0327f45d710,BDE-26-0445774,Building,appended_new_activity,no_exact_core_match,,tpa-aa9495d591a4aa,BDE260445774,false
acc-0e01cce9431686949569,BDE-26-0445775,Building,appended_new_activity,no_exact_core_match,,tpa-5a1def49696596,BDE260445775,false
acc-f5e10cbd231b1cbd3816,BDE-26-0445776,Building,appended_new_activity,no_exact_core_match,,tpa-1614cbeb617ae1,BDE260445776,false
acc-e17e73b14b7beae61c96,BDE-26-0445777,Building,appended_new_activity,no_exact_core_match,,tpa-ea768a169ce0e4,BDE260445777,false
acc-33d26319de469f059ce9,BDE-26-0445778,Building,appended_new_activity,no_exact_core_match,,tpa-ac89ed44dbc0fb,BDE260445778,false
acc-e1f2ce24cbcc00589d1b,BDE-26-0445779,Building,appended_new_activity,no_exact_core_match,,tpa-5502658ebb5653,BDE260445779,false
acc-1369665f49b92796903c,BDE-26-0445780,Building,appended_new_activity,no_exact_core_match,,tpa-0f4809ec501631,BDE260445780,false
acc-be40122e6194156a8685,BDE-26-0445781,Building,appended_new_activity,no_exact_core_match,,tpa-b052d26a943a10,BDE260445781,false
acc-b2488657005d1e84fa4c,BDE-26-0445782,Building,appended_new_activity,no_exact_core_match,,tpa-602ce8c93f4b2c,BDE260445782,false
acc-a18afed9aec89fbc0c75,BDE-26-0445783,Building,appended_new_activity,no_exact_core_match,,tpa-351eef750576ec,BDE260445783,false
acc-493e41213744d1c3c7a1,BDE-26-0445784,Building,appended_new_activity,no_exact_core_match,,tpa-76621b6229fbdc,BDE260445784,false
acc-0f27c0274905ee126157,BDE-26-0445785,Building,appended_new_activity,no_exact_core_match,,tpa-10a0950ef224ea,BDE260445785,false
acc-c99ee2b181fef49bcfe8,BDE-26-0445786,Building,appended_new_activity,no_exact_core_match,,tpa-4b042fa5566e2b,BDE260445786,false
acc-12da57f4309a53d6ab7e,BDE-26-0445787,Building,appended_new_activity,no_exact_core_match,,tpa-1c8f64448016ec,BDE260445787,false
acc-c54ad065c9c8ca47a0e2,BDE-26-0445788,Building,appended_new_activity,no_exact_core_match,,tpa-68b999f240227f,BDE260445788,false
acc-9b533e339532b298f0ac,BDE-26-0445789,Building,appended_new_activity,no_exact_core_match,,tpa-66141a216413df,BDE260445789,false
acc-3c3868e33cf2cadb6d42,BDE-26-0445790,Building,appended_new_activity,no_exact_core_match,,tpa-97f589ca30c5bf,BDE260445790,false
acc-1ae8278a89e29c750b93,BLC-26-0000180,Planning,merged_existing_activity,exact_public_record_number,tpa-3f2c2f029f95c0,tpa-3f2c2f029f95c0,BLC260000180,false
acc-a314464287f092e9dba0,BLC-26-0000181,Planning,appended_new_activity,no_exact_core_match,,tpa-a3e3b0fa3320bb,BLC260000181,false
acc-0de31bce7b9c9871d7d6,BLC-26-0000182,Planning,appended_new_activity,no_exact_core_match,,tpa-3da8da3dc483ab,BLC260000182,false
acc-377dfadc2960568027ab,BLC-26-0000183,Planning,appended_new_activity,no_exact_core_match,,tpa-5de7d9947d60ad,BLC260000183,false
acc-2bea47714a0e939bd04c,BLC-26-0000184,Planning,appended_new_activity,no_exact_core_match,,tpa-fdf4b51de7f784,BLC260000184,false
acc-2e8d80173f114dbe4e74,BLC-26-0000185,Planning,merged_existing_activity,exact_public_record_number,tpa-a10550ff3fbb96,tpa-a10550ff3fbb96,BLC260000185,false
acc-3e9a53aefdb5b00b1c6d,BLC-26-0000186,Planning,merged_existing_activity,exact_public_record_number,tpa-490ff4a66e7c92,tpa-490ff4a66e7c92,BLC260000186,false
acc-338ca6533615065cd165,BLC-26-0000187,Planning,merged_existing_activity,exact_public_record_number,tpa-dee4252b1639ed,tpa-dee4252b1639ed,BLC260000187,false
acc-ce5fa2064f8ecec42169,BLC-26-0000188,Planning,appended_new_activity,no_exact_core_match,,tpa-dcbc104b229046,BLC260000188,false
acc-0a279a69ec959e15988a,BLC-26-0000189,Planning,appended_new_activity,no_exact_core_match,,tpa-406a2993dd1626,BLC260000189,false
acc-400fda746e2c6ba16421,BLC-26-0000190,Planning,appended_new_activity,no_exact_core_match,,tpa-7041e47c99e56d,BLC260000190,false
acc-7b24341ebbc718ba0744,BLC-26-0000191,Planning,appended_new_activity,no_exact_core_match,,tpa-bed134372c8dac,BLC260000191,false
acc-7d17d21b9d5510903202,BLC-26-0000192,Planning,appended_new_activity,no_exact_core_match,,tpa-e14af8aeada4e2,BLC260000192,false
acc-1a724319c3343fdb6c1e,BLD-20-0473407-20,Building,appended_new_activity,no_exact_core_match,,tpa-abfddf4610f6a9,BLD20047340720,false
acc-a2c5fe8b28226c090616,BLD-21-0483069-SITE-REV1,Building,appended_new_activity,no_exact_core_match,,tpa-bc873470afa3f9,BLD210483069SITEREV1,false
acc-aa6b1e3bb32dafab4922,BLD-21-0486904-REV2,Building,appended_new_activity,no_exact_core_match,,tpa-b750230c2c8c4d,BLD210486904REV2,false
acc-1a9e4e6c8f027083ce3f,BLD-22-0488024-REV1,Building,appended_new_activity,no_exact_core_match,,tpa-45d6d7222c2f4a,BLD220488024REV1,false
acc-561f28b6b6c9be659015,BLD-22-0489398-SITE-REV1,Building,appended_new_activity,no_exact_core_match,,tpa-240589f55d8764,BLD220489398SITEREV1,false
acc-433f14230c1a76a9ae8e,BLD-22-0490155-SITE-REV1,Building,appended_new_activity,no_exact_core_match,,tpa-d5a2627db6d556,BLD220490155SITEREV1,false
acc-d603cc7c30553daddc58,BLD-22-0491016-REV6,Building,appended_new_activity,no_exact_core_match,,tpa-201b54eb7c7faf,BLD220491016REV6,false
acc-647f160d20b1de47ba8c,BLD-22-0491621-REV1,Building,appended_new_activity,no_exact_core_match,,tpa-192ccfe6e5a079,BLD220491621REV1,false
acc-6ac19ec6f974cf2240ce,BLD-23-0499816-REV6,Building,appended_new_activity,no_exact_core_match,,tpa-6285d3b6048dd7,BLD230499816REV6,false
acc-03dc4d20db5c5e3b082c,BLD-23-0501469-21,Building,appended_new_activity,no_exact_core_match,,tpa-988889f0d62cc7,BLD23050146921,false
acc-b38e3b81b16c19ee6e8f,BLD-23-0501610-REV5,Building,appended_new_activity,no_exact_core_match,,tpa-c080b95033d71b,BLD230501610REV5,false
acc-d4cd3ab911bd2bf93283,BLD-23-0501850-REV6,Building,appended_new_activity,no_exact_core_match,,tpa-3e86ed10393acd,BLD230501850REV6,false
acc-67248c3dbdf6b00ef60b,BLD-23-0501911-SITE-REV1,Building,appended_new_activity,no_exact_core_match,,tpa-60bc1a04edf01e,BLD230501911SITEREV1,false
acc-21558144609641b828d4,BLD-23-0502067-23,Building,appended_new_activity,no_exact_core_match,,tpa-25e55d29042bb8,BLD23050206723,false
acc-408e7e1ec91fdd2c4485,BLD-24-0504159-41,Building,appended_new_activity,no_exact_core_match,,tpa-5b601f0f37f0ab,BLD24050415941,false
acc-fb43ef0e8d71b50fbbff,BLD-24-0504159-REV3,Building,appended_new_activity,no_exact_core_match,,tpa-bcd27bad494cab,BLD240504159REV3,false
acc-a9d977231faee7bf7fba,BLD-24-0505657-10,Building,appended_new_activity,no_exact_core_match,,tpa-38a2552542a308,BLD24050565710,false
acc-4b12582a0d5bff4155b4,BLD-24-0505975-REV2,Building,appended_new_activity,no_exact_core_match,,tpa-dbeb27fac78433,BLD240505975REV2,false
acc-fcd1844d4515817e71c1,BLD-24-0505989-REV1,Building,appended_new_activity,no_exact_core_match,,tpa-7284da5823de1f,BLD240505989REV1,false
acc-501fa0442b972400aa48,BLD-24-0506455-REV1,Building,appended_new_activity,no_exact_core_match,,tpa-b8dbb6c663fdd0,BLD240506455REV1,false
acc-95f14505332e113efa08,BLD-24-0507082-REV1,Building,appended_new_activity,no_exact_core_match,,tpa-e34838b6e70d53,BLD240507082REV1,false
acc-d501bc968919dd7a04e6,BLD-24-0507516-REV2,Building,appended_new_activity,no_exact_core_match,,tpa-a941b4c8b7a8b9,BLD240507516REV2,false
acc-d0b831d0e21d8729ef09,BLD-24-0507612-REV1,Building,appended_new_activity,no_exact_core_match,,tpa-c953e27ba5f82c,BLD240507612REV1,false
acc-c9c171c8fd42177af8f8,BLD-24-0508666-REV1,Building,appended_new_activity,no_exact_core_match,,tpa-97411702f6e0a6,BLD240508666REV1,false
acc-271311b0b86dcd8aa5f4,BLD-24-0508699-REV1,Building,appended_new_activity,no_exact_core_match,,tpa-81f511ab2b8496,BLD240508699REV1,false
acc-ec69ef293ca57e30ee23,BLD-24-0509293-REV2,Building,appended_new_activity,no_exact_core_match,,tpa-ac962013544376,BLD240509293REV2,false
acc-d9233c3e4da15e64c5c5,BLD-24-0509526-REV1,Building,appended_new_activity,no_exact_core_match,,tpa-5d12173556bd09,BLD240509526REV1,false
acc-0dff8b6b337593a38d23,BLD-24-0510095-REV2,Building,appended_new_activity,no_exact_core_match,,tpa-5a22bbeac9412a,BLD240510095REV2,false
acc-cb014b859eb4ba6c5030,BLD-24-0510134-REV1,Building,appended_new_activity,no_exact_core_match,,tpa-35b716ff7fd2c2,BLD240510134REV1,false
acc-545b7bc28c022c84e766,BLD-24-0510564-SITE-REV1,Building,appended_new_activity,no_exact_core_match,,tpa-4fc2a3a04a9954,BLD240510564SITEREV1,false
acc-e39bfe7c19f7e2974674,BLD-25-0511824-FR2,Building,appended_new_activity,no_exact_core_match,,tpa-6376e3e39079a4,BLD250511824FR2,false
acc-ccf28a2526e2d9514cdc,BLD-25-0511827-REV2,Building,appended_new_activity,no_exact_core_match,,tpa-de2cf77a45a3d7,BLD250511827REV2,false
acc-d006fe2fd26623883350,BLD-25-0511835-REV1,Building,appended_new_activity,no_exact_core_match,,tpa-9e54309b9bf2c1,BLD250511835REV1,false
acc-7c0ea1d1b7036be526a6,BLD-25-0511835-SITE-REV1,Building,appended_new_activity,no_exact_core_match,,tpa-61693aa53fe11d,BLD250511835SITEREV1,false
acc-c8599a81dc9a55942c22,BLD-25-0511859-REV2,Building,appended_new_activity,no_exact_core_match,,tpa-11c6262920ef31,BLD250511859REV2,false
acc-a21ea15c9e8121a1c528,BLD-25-0512166-SITE-REV1,Building,appended_new_activity,no_exact_core_match,,tpa-a41e985134c0a8,BLD250512166SITEREV1,false
acc-2b9966a792ecba35aa55,BLD-25-0512245-SITE-REV2,Building,appended_new_activity,no_exact_core_match,,tpa-5bca852d41b1c9,BLD250512245SITEREV2,false
acc-84aab903c9bd8ed59cf1,BLD-25-0512397-REV5,Building,appended_new_activity,no_exact_core_match,,tpa-a470415fd50cdc,BLD250512397REV5,false
acc-b4b22a8cfe11dc8e31d7,BLD-25-0512428-REV1,Building,appended_new_activity,no_exact_core_match,,tpa-1c9a3913c03b16,BLD250512428REV1,false
acc-1ff9c755aa076a6bdc1f,BLD-25-0512832-REV1,Building,appended_new_activity,no_exact_core_match,,tpa-3478123a52ea50,BLD250512832REV1,false
acc-72d6540808d89a48ec5c,BLD-25-0513217-9,Building,appended_new_activity,no_exact_core_match,,tpa-1d9e30e07c842b,BLD2505132179,false
acc-abcd36d8582eb9555548,BLD-25-0513255-REV1,Building,appended_new_activity,no_exact_core_match,,tpa-bcf4fa3b458bb8,BLD250513255REV1,false
acc-cf29f0ef5fa80142a1d8,BLD-25-0513898-REV1,Building,appended_new_activity,no_exact_core_match,,tpa-9dc687d3267934,BLD250513898REV1,false
acc-6fb1914c1ea86127f68d,BLD-25-0514095-10,Building,appended_new_activity,no_exact_core_match,,tpa-da79d36da40269,BLD25051409510,false
acc-9a2474f51d3057706056,BLD-25-0514095-11,Building,appended_new_activity,no_exact_core_match,,tpa-eab2148b203cec,BLD25051409511,false
acc-17092e3116faa1902f48,BLD-25-0514095-9,Building,appended_new_activity,no_exact_core_match,,tpa-2dbc820ea5920f,BLD2505140959,false
acc-132429c9962939c22cc7,BLD-25-0514202-REV1,Building,appended_new_activity,no_exact_core_match,,tpa-f46f47289658f0,BLD250514202REV1,false
acc-639fbd1962f72dfd27ca,BLD-25-0514520-REV2,Building,appended_new_activity,no_exact_core_match,,tpa-68e52e61630b47,BLD250514520REV2,false
acc-cc7efce40e20c8243aaa,BLD-25-0514684-REV1,Building,appended_new_activity,no_exact_core_match,,tpa-025379f1cdf49e,BLD250514684REV1,false
acc-3975b1abf57626945b06,BLD-25-0514691-REV2,Building,appended_new_activity,no_exact_core_match,,tpa-e6e6030819d666,BLD250514691REV2,false
acc-378eacf2c0a0727e5ce0,BLD-25-0515562-REV1,Building,appended_new_activity,no_exact_core_match,,tpa-15df90362d0d5e,BLD250515562REV1,false
acc-5419ce5bfe6dffa08c76,BLD-25-0515647-REV3,Building,appended_new_activity,no_exact_core_match,,tpa-f3b5a79dcf1ea2,BLD250515647REV3,false
acc-b50c0c186d5070046977,BLD-25-0515665-12,Building,appended_new_activity,no_exact_core_match,,tpa-934aecbbadad53,BLD25051566512,false
acc-09451b7bef6013a070dd,BLD-25-0515682-REV2,Building,appended_new_activity,no_exact_core_match,,tpa-e095d78fce7a3c,BLD250515682REV2,false
acc-49807b59f446a459dae0,BLD-25-0515702-7,Building,appended_new_activity,no_exact_core_match,,tpa-1b976cb1df03b0,BLD2505157027,false
acc-9aaf6932156e0cb6117a,BLD-25-0515702-8,Building,appended_new_activity,no_exact_core_match,,tpa-fe166665223b84,BLD2505157028,false
acc-1143394e5d2e67ed5bf3,BLD-25-0515702-9,Building,appended_new_activity,no_exact_core_match,,tpa-0493902e2a96e6,BLD2505157029,false
acc-d9df873e6ba66b091737,BLD-25-0515998-REV1,Building,appended_new_activity,no_exact_core_match,,tpa-43b477e7c6f650,BLD250515998REV1,false
acc-3300f23763e961ed9cb2,BLD-25-0516465-SITE-REV2,Building,appended_new_activity,no_exact_core_match,,tpa-3312fe1e48e174,BLD250516465SITEREV2,false
acc-f2a1e696681fad10201f,BLD-25-0516496-REV3,Building,appended_new_activity,no_exact_core_match,,tpa-3eded01f3b981f,BLD250516496REV3,false
acc-63474b471942d8edb40c,BLD-25-0516670-REV2,Building,appended_new_activity,no_exact_core_match,,tpa-72c305b58f4d30,BLD250516670REV2,false
acc-6c7cd993ee05d576b38e,BLD-25-0516804-11,Building,appended_new_activity,no_exact_core_match,,tpa-de21f72eff26ae,BLD25051680411,false
acc-57db323c0ec5d5394359,BLD-25-0516831-REV1,Building,appended_new_activity,no_exact_core_match,,tpa-bd490e1573dd4d,BLD250516831REV1,false
acc-a91a7bbd2a854b42993a,BLD-25-0517401-REV6,Building,appended_new_activity,no_exact_core_match,,tpa-3e6d1cebe8ceab,BLD250517401REV6,false
acc-77c7e8984573839a3ebe,BLD-25-0517408-7,Building,appended_new_activity,no_exact_core_match,,tpa-7caea7a8214eac,BLD2505174087,false
acc-1e766ef24b38c0cdd9f1,BLD-25-0517518-FR1,Building,appended_new_activity,no_exact_core_match,,tpa-9cbe02197221aa,BLD250517518FR1,false
acc-4e7c1be9021dbbe300e2,BLD-25-0517518-REV1,Building,appended_new_activity,no_exact_core_match,,tpa-a85c3ab4a456c5,BLD250517518REV1,false
acc-61b936282028d76c6d84,BLD-25-0517518-SITE-REV1,Building,appended_new_activity,no_exact_core_match,,tpa-3c21b046fe25fc,BLD250517518SITEREV1,false
acc-d05b3bc2ba5826240808,BLD-25-0517578-REV1,Building,appended_new_activity,no_exact_core_match,,tpa-2d0c77c01b2ad2,BLD250517578REV1,false
acc-d99a345cfe522dece382,BLD-25-0517580-REV4,Building,appended_new_activity,no_exact_core_match,,tpa-2e9bebadff1d16,BLD250517580REV4,false
acc-8fa98ec64739ad17ab3f,BLD-25-0517585-SITE-REV1,Building,appended_new_activity,no_exact_core_match,,tpa-0150e497a70267,BLD250517585SITEREV1,false
acc-0d135059fca7b01e378e,BLD-25-0517771-REV1,Building,appended_new_activity,no_exact_core_match,,tpa-5dfe6d81ba0996,BLD250517771REV1,false
acc-da861d5298666f0de885,BLD-25-0518012-REV1,Building,appended_new_activity,no_exact_core_match,,tpa-4973741439cd1c,BLD250518012REV1,false
acc-c0cfd1fea2e3585c3713,BLD-25-0518035-REV2,Building,appended_new_activity,no_exact_core_match,,tpa-bf393e60113250,BLD250518035REV2,false
acc-2e37823311a71f798571,BLD-25-0518107-REV2,Building,appended_new_activity,no_exact_core_match,,tpa-050fd5e2eb4610,BLD250518107REV2,false
acc-8114af7bcc91a607aa28,BLD-25-0518360-REV1,Building,appended_new_activity,no_exact_core_match,,tpa-9ffc06ff27c3af,BLD250518360REV1,false
acc-ce370dc54ab000164750,BLD-25-0518445-8,Building,appended_new_activity,no_exact_core_match,,tpa-ab046e521171ad,BLD2505184458,false
acc-f7dda72bd164c2f0d983,BLD-25-0518541-FR1,Building,appended_new_activity,no_exact_core_match,,tpa-9872932b544ea7,BLD250518541FR1,false
acc-da825570f5386062f7dc,BLD-25-0518541-SITE-REV1,Building,appended_new_activity,no_exact_core_match,,tpa-bf92df403e12fc,BLD250518541SITEREV1,false
acc-092954d81fd71f2ba0fa,BLD-25-0518609-REV1,Building,appended_new_activity,no_exact_core_match,,tpa-005fe261e1abfb,BLD250518609REV1,false
acc-f4fcf36ec23ca6ea5a91,BLD-25-0518613-FR1,Building,appended_new_activity,no_exact_core_match,,tpa-3a3a6d9ff898a6,BLD250518613FR1,false
acc-99cd0d1d56d382c21a87,BLD-25-0518613-REV2,Building,appended_new_activity,no_exact_core_match,,tpa-e80bae10fa30f5,BLD250518613REV2,false
acc-62bfc9b31efe106cb56c,BLD-25-0518622-FR1,Building,appended_new_activity,no_exact_core_match,,tpa-136bd24ac48245,BLD250518622FR1,false
acc-cf84d23b81a0a08bb087,BLD-25-0518644-SITE-REV3,Building,appended_new_activity,no_exact_core_match,,tpa-69193fa0753dd3,BLD250518644SITEREV3,false
acc-83a74ee771818fb2f6b1,BLD-25-0518800-REV2,Building,appended_new_activity,no_exact_core_match,,tpa-527febf1fc38f3,BLD250518800REV2,false
acc-ed80962438789c18f84c,BLD-25-0518844-4,Building,appended_new_activity,no_exact_core_match,,tpa-ee7f043787c5ca,BLD2505188444,false
acc-beeef432fd22a90de640,BLD-25-0518848-REV2,Building,appended_new_activity,no_exact_core_match,,tpa-967f27a43837a3,BLD250518848REV2,false
acc-379119d7fb9ee2b644bd,BLD-25-0518897-REV2,Building,appended_new_activity,no_exact_core_match,,tpa-4ab78afbe410fd,BLD250518897REV2,false
acc-d6c2ec787a580b99e897,BLD-25-0518931-SITE-REV1,Building,appended_new_activity,no_exact_core_match,,tpa-e77fccd2d19bfd,BLD250518931SITEREV1,false
acc-26b410b027ed49f164d5,BLD-25-0519025-REV3,Building,appended_new_activity,no_exact_core_match,,tpa-01d57c75092d7e,BLD250519025REV3,false
acc-df5723a5a75e490d58ea,BLD-26-0519056-REV3,Building,appended_new_activity,no_exact_core_match,,tpa-1c9eb6cb4cddbd,BLD260519056REV3,false
acc-3298d4305b0d2a754766,BLD-26-0519117-REV1,Building,appended_new_activity,no_exact_core_match,,tpa-5f03a6474d9b4d,BLD260519117REV1,false
acc-56e44f91d41859221fd5,BLD-26-0519276-REV1,Building,appended_new_activity,no_exact_core_match,,tpa-db919c8572354a,BLD260519276REV1,false
acc-8f5ca3e802a9d83a0e64,BLD-26-0519287-REV1,Building,appended_new_activity,no_exact_core_match,,tpa-57b1ae675839c8,BLD260519287REV1,false
acc-a962b44e502e0334fb08,BLD-26-0519412-9,Building,appended_new_activity,no_exact_core_match,,tpa-91dd5f2969780f,BLD2605194129,false
acc-5281920bb11344b39207,BLD-26-0519590-REV2,Building,appended_new_activity,no_exact_core_match,,tpa-2fe797ccca4093,BLD260519590REV2,false
acc-7279138c1003c8b7421b,BLD-26-0519769-SITE-REV1,Building,appended_new_activity,no_exact_core_match,,tpa-03e84d42fbb607,BLD260519769SITEREV1,false
acc-8780fe163903762dfa47,BLD-26-0519789-REV3,Building,appended_new_activity,no_exact_core_match,,tpa-004f350da0fd75,BLD260519789REV3,false
acc-b9b677fd973b92412b52,BLD-26-0520027-REV2,Building,appended_new_activity,no_exact_core_match,,tpa-083e4ef1b2bd9e,BLD260520027REV2,false
acc-1f4b5f2d5173f2a43a88,BLD-26-0520048-REV3,Building,appended_new_activity,no_exact_core_match,,tpa-5b9ac5a3358cf7,BLD260520048REV3,false
acc-0673e34a99134eefb393,BLD-26-0520090-REV1,Building,appended_new_activity,no_exact_core_match,,tpa-5a52734858a030,BLD260520090REV1,false
acc-906563116bf8bb4fe7ac,BLD-26-0520163-10,Building,appended_new_activity,no_exact_core_match,,tpa-528234f43d6423,BLD26052016310,false
acc-34df5d92fdef3fb60c11,BLD-26-0520257-REV1,Building,appended_new_activity,no_exact_core_match,,tpa-cd3849ca3ea598,BLD260520257REV1,false
acc-8a4f62cbf87ce07238a1,BLD-26-0520356-REV2,Building,appended_new_activity,no_exact_core_match,,tpa-db5f6d5418bcaa,BLD260520356REV2,false
acc-36a942ec0cdb367c7765,BLD-26-0520463-REV1,Building,appended_new_activity,no_exact_core_match,,tpa-bfb804ea9ab645,BLD260520463REV1,false
acc-7c690fa9a50f88936961,BLD-26-0520507-REV1,Building,appended_new_activity,no_exact_core_match,,tpa-789230b43f4d00,BLD260520507REV1,false
acc-f6921ba0e93d72538d97,BLD-26-0520632-REV1,Building,appended_new_activity,no_exact_core_match,,tpa-1f6d9966b546da,BLD260520632REV1,false
acc-7462781f825340b2eade,BLD-26-0520635-REV1,Building,appended_new_activity,no_exact_core_match,,tpa-c2da204cc54508,BLD260520635REV1,false
acc-528257541ddacf445e51,BLD-26-0520657-SITE-REV1,Building,appended_new_activity,no_exact_core_match,,tpa-83ef43e1fed6df,BLD260520657SITEREV1,false
acc-5cb56faa11ac1d7c141d,BLD-26-0520749-REV1,Building,appended_new_activity,no_exact_core_match,,tpa-acf7bb0b3a0e46,BLD260520749REV1,false
acc-2643c070b10dfe0be38c,BLD-26-0520755-REV1,Building,appended_new_activity,no_exact_core_match,,tpa-6cb13bdc5c6d58,BLD260520755REV1,false
acc-f4cf2e28d7986ff73d46,BLD-26-0520755-SITE-REV1,Building,appended_new_activity,no_exact_core_match,,tpa-729fa493447c00,BLD260520755SITEREV1,false
acc-27494ffb9f4bd0bd9825,BLD-26-0520757-REV1,Building,appended_new_activity,no_exact_core_match,,tpa-de81a01b14540e,BLD260520757REV1,false
acc-782fa406409218530c68,BLD-26-0520772-REV1,Building,appended_new_activity,no_exact_core_match,,tpa-da3c2d55933a2d,BLD260520772REV1,false
acc-6da8e881c8eefc3e0142,BLD-26-0520800-REV1,Building,appended_new_activity,no_exact_core_match,,tpa-490145f21514a0,BLD260520800REV1,false
acc-7fd453e09062007e0cfc,BLD-26-0520822-REV2,Building,appended_new_activity,no_exact_core_match,,tpa-62b0b286328155,BLD260520822REV2,false
acc-b9ccdcc6d8d6d82a3a9e,BLD-26-0520822-SITE-REV2,Building,appended_new_activity,no_exact_core_match,,tpa-04d827e48d4610,BLD260520822SITEREV2,false
acc-4e2cd821b2524a79b0f3,BLD-26-0521027-SITE-REV2,Building,appended_new_activity,no_exact_core_match,,tpa-cc70a349e0c30e,BLD260521027SITEREV2,false
acc-0c33059acd3a7a9837f5,BLD-26-0521028-REV1,Building,appended_new_activity,no_exact_core_match,,tpa-e94aaa07553660,BLD260521028REV1,false
acc-7670f17eaa32744fa00e,BLD-26-0521074-REV1,Building,appended_new_activity,no_exact_core_match,,tpa-6daf862121ad20,BLD260521074REV1,false
acc-9c61a1e8747224afb2fb,BLD-26-0521087-REV1,Building,appended_new_activity,no_exact_core_match,,tpa-ab506c66d53b9e,BLD260521087REV1,false
acc-acaa4951e0c2024755bb,BLD-26-0521229-SITE-REV3,Building,appended_new_activity,no_exact_core_match,,tpa-9fd4528e8ea86d,BLD260521229SITEREV3,false
acc-5e7ccfce3e5deb57d343,BLD-26-0521250-REV3,Building,appended_new_activity,no_exact_core_match,,tpa-36fe1bee3630f3,BLD260521250REV3,false
acc-2c6afaa1d9e76f84ca7a,BLD-26-0521289-REV1,Building,appended_new_activity,no_exact_core_match,,tpa-b49b4241005a1c,BLD260521289REV1,false
acc-577745df372418796e3c,BLD-26-0521295-SITE-REV1,Building,appended_new_activity,no_exact_core_match,,tpa-cb9a3940e99da3,BLD260521295SITEREV1,false
acc-609f95fc76a67f6b9536,BLD-26-0521382-REV2,Building,appended_new_activity,no_exact_core_match,,tpa-0fe36b8f1cad34,BLD260521382REV2,false
acc-f2aeddf3e0db69ab2ecc,BLD-26-0521469-FR1,Building,appended_new_activity,no_exact_core_match,,tpa-3be0850b53414e,BLD260521469FR1,false
acc-be00644a443b49f4fb77,BLD-26-0521532-REV1,Building,appended_new_activity,no_exact_core_match,,tpa-1394011c929b4a,BLD260521532REV1,false
acc-bd2ba271471fd3f6d99e,BLD-26-0521550-8,Building,appended_new_activity,no_exact_core_match,,tpa-d2232e340a3c0e,BLD2605215508,false
acc-b7da192e3b955c29405e,BLD-26-0521573-FR1,Building,appended_new_activity,no_exact_core_match,,tpa-f61be8e9c22844,BLD260521573FR1,false
acc-a63a7dccc3468cb880fc,BLD-26-0521580-REV1,Building,appended_new_activity,no_exact_core_match,,tpa-59516a06a2088c,BLD260521580REV1,false
acc-b547c0a44a11aa9da216,BLD-26-0521620-REV1,Building,appended_new_activity,no_exact_core_match,,tpa-f8d3c6771113b3,BLD260521620REV1,false
acc-036187b8270cf6bda2ce,BLD-26-0521627-SITE-REV1,Building,appended_new_activity,no_exact_core_match,,tpa-e3dc5fd6b2282a,BLD260521627SITEREV1,false
acc-cff9e01117e3405ff546,BLD-26-0521647-REV1,Building,appended_new_activity,no_exact_core_match,,tpa-011933b48e4e08,BLD260521647REV1,false
acc-a984bebb70ca4c40ee7f,BLD-26-0521651-REV2,Building,appended_new_activity,no_exact_core_match,,tpa-d4f2acb0b36e8f,BLD260521651REV2,false
acc-4b58d6838b12dcbf30f0,BLD-26-0521692-REV1,Building,appended_new_activity,no_exact_core_match,,tpa-769da744063c8d,BLD260521692REV1,false
acc-7b381f3707d038bdef12,BLD-26-0521753-SITE-REV1,Building,appended_new_activity,no_exact_core_match,,tpa-0e86cb12e3d95d,BLD260521753SITEREV1,false
acc-ab6e29ab75ae9d465863,BLD-26-0521818-SITE-REV1,Building,appended_new_activity,no_exact_core_match,,tpa-c07e76344f4dc2,BLD260521818SITEREV1,false
acc-71bef283083d8b36c02e,BLD-26-0521899-SITE-REV1,Building,appended_new_activity,no_exact_core_match,,tpa-43c1e5655acf30,BLD260521899SITEREV1,false
acc-468a5ef6e79884524894,BLD-26-0521916-FR1,Building,appended_new_activity,no_exact_core_match,,tpa-2a09ea5c5238eb,BLD260521916FR1,false
acc-b5ddaf0d2642612f7808,BLD-26-0521916-REV1,Building,appended_new_activity,no_exact_core_match,,tpa-62e1e74e26641c,BLD260521916REV1,false
acc-5b29fc69b761d38c9324,BLD-26-0521955-REV1,Building,appended_new_activity,no_exact_core_match,,tpa-e0a7120e8e410e,BLD260521955REV1,false
acc-f4da8a552cb597728658,BLD-26-0521984-SITE-REV1,Building,appended_new_activity,no_exact_core_match,,tpa-e45e0625c9998f,BLD260521984SITEREV1,false
acc-ec6f48f3c47eddebeed2,BLD-26-0522046-REV1,Building,appended_new_activity,no_exact_core_match,,tpa-23fd3689bb4a6d,BLD260522046REV1,false
acc-aeae63d72e567eee50f2,BLD-26-0522139-FR1,Building,appended_new_activity,no_exact_core_match,,tpa-c5a4bd973c36cb,BLD260522139FR1,false
acc-f42071b8a851c9ae7ef1,BLD-26-0522139-REV1,Building,appended_new_activity,no_exact_core_match,,tpa-ae973fad3466ee,BLD260522139REV1,false
acc-bf9f0adc1ec4c8e3bde4,BLD-26-0522139-SITE-REV1,Building,appended_new_activity,no_exact_core_match,,tpa-fb8389f76d9d07,BLD260522139SITEREV1,false
acc-6daec1bffe7faa2197d0,BLD-26-0522171-SITE-REV1,Building,appended_new_activity,no_exact_core_match,,tpa-d6f7ceab19b0ce,BLD260522171SITEREV1,false
acc-77c4f08445bd400cd0c1,BLD-26-0522213-SITE-REV1,Building,appended_new_activity,no_exact_core_match,,tpa-ad5def2527f892,BLD260522213SITEREV1,false
acc-cbc6a29cde2677f0fcd7,BLD-26-0522259-REV2,Building,appended_new_activity,no_exact_core_match,,tpa-3a13debcae7b45,BLD260522259REV2,false
acc-86c0ed20d606041298bf,BLD-26-0522271-REV1,Building,appended_new_activity,no_exact_core_match,,tpa-ba881e55bce3a5,BLD260522271REV1,false
acc-6e3c3b47eab8478646d1,BLD-26-0522271-REV2,Building,appended_new_activity,no_exact_core_match,,tpa-3af1e17f327501,BLD260522271REV2,false
acc-8fbb64a5c938d26adbe4,BLD-26-0522281-FR1,Building,appended_new_activity,no_exact_core_match,,tpa-c1a22d71f6c304,BLD260522281FR1,false
acc-f483e9388add26d2e074,BLD-26-0522346-REV2,Building,appended_new_activity,no_exact_core_match,,tpa-3cb35851df7a3b,BLD260522346REV2,false
acc-8d58ba9eabc604c1f0c0,BLD-26-0522372-SITE-REV1,Building,appended_new_activity,no_exact_core_match,,tpa-6a8d586ada2fa6,BLD260522372SITEREV1,false
acc-a1c38353a20278363dfc,BLD-26-0522390-REV1,Building,appended_new_activity,no_exact_core_match,,tpa-315281a79e73d0,BLD260522390REV1,false
acc-f529547dfcc4717f2fd2,BLD-26-0522396-REV1,Building,appended_new_activity,no_exact_core_match,,tpa-583ad901b4b778,BLD260522396REV1,false
acc-c7cc815c7087497ccbfb,BLD-26-0522431-REV1,Building,appended_new_activity,no_exact_core_match,,tpa-76165eccad83ff,BLD260522431REV1,false
acc-64f55137ccfaad58e56b,BLD-26-0522457-REV1,Building,appended_new_activity,no_exact_core_match,,tpa-1073ce8b4948fd,BLD260522457REV1,false
acc-8e732062647d8995dd46,BLD-26-0522484-SITE-REV1,Building,appended_new_activity,no_exact_core_match,,tpa-7a11ef96fd01de,BLD260522484SITEREV1,false
acc-451a8981d29f089a799c,BLD-26-0522492-REV1,Building,appended_new_activity,no_exact_core_match,,tpa-77280f130c9647,BLD260522492REV1,false
acc-b1e5a50ef63a1b25e281,BLD-26-0522568-REV1,Building,appended_new_activity,no_exact_core_match,,tpa-6da89d9fa93825,BLD260522568REV1,false
acc-a49dbb1f7cc1f8f61537,BLD-26-0522568-SITE-REV1,Building,appended_new_activity,no_exact_core_match,,tpa-4650eb13bbc88b,BLD260522568SITEREV1,false
acc-0dfd295e91ef8acc2495,BLD-26-0522568-SITE-REV2,Building,appended_new_activity,no_exact_core_match,,tpa-595914c0f6a547,BLD260522568SITEREV2,false
acc-2bdf9d668a5ec4508de2,BLD-26-0522575-REV1,Building,appended_new_activity,no_exact_core_match,,tpa-9190de612e53a6,BLD260522575REV1,false
acc-e8a003e135af5048537b,BLD-26-0522582-REV1,Building,appended_new_activity,no_exact_core_match,,tpa-853ee595ddc6c7,BLD260522582REV1,false
acc-0878e4b55a40f495b36f,BLD-26-0522653-3,Building,appended_new_activity,no_exact_core_match,,tpa-9a8db0b6058f5d,BLD2605226533,false
acc-f7b5cf66b7c438c1e70d,BLD-26-0522653-REV1,Building,appended_new_activity,no_exact_core_match,,tpa-af24c3d29d37cd,BLD260522653REV1,false
acc-b24fcba7e1b39b503158,BLD-26-0522667-4,Building,appended_new_activity,no_exact_core_match,,tpa-c87b3eeb6a379c,BLD2605226674,false
acc-547dfa7bd006461ef0e3,BLD-26-0522677-REV2,Building,appended_new_activity,no_exact_core_match,,tpa-36b34302848561,BLD260522677REV2,false
acc-5e66395b48fc669cfb58,BLD-26-0522824-14,Building,appended_new_activity,no_exact_core_match,,tpa-3ccf1dd9a7fa9b,BLD26052282414,false
acc-269e33ffd917b509b31b,BLD-26-0522824-15,Building,appended_new_activity,no_exact_core_match,,tpa-ae322cf5d88f01,BLD26052282415,false
acc-2b5272a2ca23436f1fc3,BLD-26-0522824-16,Building,appended_new_activity,no_exact_core_match,,tpa-3a58619a18da3f,BLD26052282416,false
acc-826ad2f99cfa46efa9bf,BLD-26-0522824-17,Building,appended_new_activity,no_exact_core_match,,tpa-a58f04f520e813,BLD26052282417,false
acc-df8e0413f50cefaaaba3,BLD-26-0522824-18,Building,appended_new_activity,no_exact_core_match,,tpa-a83a8ba8feaaa0,BLD26052282418,false
acc-5155292297c40b6c36b3,BLD-26-0522824-19,Building,appended_new_activity,no_exact_core_match,,tpa-9af5a98f5c1b09,BLD26052282419,false
acc-49bff68c05e3edcacc34,BLD-26-0522919-REV1,Building,appended_new_activity,no_exact_core_match,,tpa-306332d8aeeca3,BLD260522919REV1,false
acc-c48cd0a0128dcad925e7,BLD-26-0523115-REV2,Building,appended_new_activity,no_exact_core_match,,tpa-99972123ba371f,BLD260523115REV2,false
acc-3d058da3b03f857a0fbf,BLD-26-0523153-REV1,Building,appended_new_activity,no_exact_core_match,,tpa-9fcf9069dde9a4,BLD260523153REV1,false
acc-c77c76b505e5a4d5948b,BLD-26-0523337-REV1,Building,appended_new_activity,no_exact_core_match,,tpa-959a2175b284a8,BLD260523337REV1,false
acc-ce8f7d96c13b8b9162a1,BLD-26-0523407-REV1,Building,appended_new_activity,no_exact_core_match,,tpa-c66192202344b7,BLD260523407REV1,false
acc-ec27211334a9d93fe4df,BLD-26-0523538-REV1,Building,appended_new_activity,no_exact_core_match,,tpa-24fb0222097049,BLD260523538REV1,false
acc-bf807535c01a95573805,BLD-26-0523539-REV1,Building,appended_new_activity,no_exact_core_match,,tpa-01329fd515e7d1,BLD260523539REV1,false
acc-4876f1cd0e6c85c4d025,BLD-26-0523561-REV1,Building,appended_new_activity,no_exact_core_match,,tpa-66ef2eff4eba9c,BLD260523561REV1,false
acc-d3207d0244628f0aa10e,BLD-26-0523579-REV1,Building,appended_new_activity,no_exact_core_match,,tpa-e340089a3d4176,BLD260523579REV1,false
acc-a397a7b0865323eaa8c3,BLD-26-0523870-REV1,Building,appended_new_activity,no_exact_core_match,,tpa-94717d0dfaa5a2,BLD260523870REV1,false
acc-d69efb094accadb1c03f,BLD-26-0523888-REV1,Building,appended_new_activity,no_exact_core_match,,tpa-b9a07bb78af287,BLD260523888REV1,false
acc-f0a950f33c5036650080,BLD-26-0523898-REV1,Building,appended_new_activity,no_exact_core_match,,tpa-ab735496b35673,BLD260523898REV1,false
acc-60804798f16974837a97,BLD-26-0524010-REV1,Building,appended_new_activity,no_exact_core_match,,tpa-0e05e4d13f9732,BLD260524010REV1,false
acc-40cd777f8899b1743a16,BLD-26-0524039-REV2,Building,appended_new_activity,no_exact_core_match,,tpa-0800ebccd4a362,BLD260524039REV2,false
acc-0c156950f8d363e51bcd,BLD-26-0524132-10,Building,appended_new_activity,no_exact_core_match,,tpa-986f261f4fe410,BLD26052413210,false
acc-ef29c2193cf7b90630a8,BLD-26-0524215-REV1,Building,appended_new_activity,no_exact_core_match,,tpa-f4143b38fa6100,BLD260524215REV1,false
acc-8665136ef7ecf5ee2aca,BLD-26-0524217-REV1,Building,appended_new_activity,no_exact_core_match,,tpa-4b123d8d22cc5d,BLD260524217REV1,false
acc-7fd41398badc8266a11e,BLD-26-0524253-REV1,Building,appended_new_activity,no_exact_core_match,,tpa-5b77307ebd1a4c,BLD260524253REV1,false
acc-b365b7ae9aab2bdb2c76,BLD-26-0524352-REV1,Building,appended_new_activity,no_exact_core_match,,tpa-c92982e29890bd,BLD260524352REV1,false
acc-eb3d4c97dd9521f08310,BLD-26-0524381-REV1,Building,appended_new_activity,no_exact_core_match,,tpa-2c2ba7274254ef,BLD260524381REV1,false
acc-82ad104b5493c440b4be,BLD-26-0524384-REV1,Building,appended_new_activity,no_exact_core_match,,tpa-4ba8fc19be28db,BLD260524384REV1,false
acc-8679f4f2236729f7308f,BLD-26-0524448-REV1,Building,appended_new_activity,no_exact_core_match,,tpa-c8d2f58a511713,BLD260524448REV1,false
acc-3d70142c54233ce9b1a4,BLD-26-0524534-SITE-REV1,Building,appended_new_activity,no_exact_core_match,,tpa-c68c98c312dd35,BLD260524534SITEREV1,false
acc-b8dd6dfa3de18a873e55,BLD-26-0524627-REV1,Building,appended_new_activity,no_exact_core_match,,tpa-aaf2e22502a4a9,BLD260524627REV1,false
acc-9af778f066d6511aaa4d,BLD-26-0524649-REV2,Building,appended_new_activity,no_exact_core_match,,tpa-69083527b25742,BLD260524649REV2,false
acc-b4ead86d27fe57d0a2a4,BLD-26-0524679-REV1,Building,appended_new_activity,no_exact_core_match,,tpa-c29e4609d3fb7a,BLD260524679REV1,false
acc-591c3c370a40845ef9b3,BLD-26-0524704-REV1,Building,appended_new_activity,no_exact_core_match,,tpa-49fa3928258c3f,BLD260524704REV1,false
acc-935c24e32806f06dbb7e,BLD-26-0524724-FR1,Building,appended_new_activity,no_exact_core_match,,tpa-9aebff7706f443,BLD260524724FR1,false
acc-3def7e1faee049f32bdc,BLD-26-0524728-REV1,Building,appended_new_activity,no_exact_core_match,,tpa-bb07767679857c,BLD260524728REV1,false
acc-1a44e0d6324c8084169b,BLD-26-0524746-REV1,Building,appended_new_activity,no_exact_core_match,,tpa-9c445594f4231f,BLD260524746REV1,false
acc-dbcfbac831d7041f68c8,BLD-26-0524813-REV1,Building,appended_new_activity,no_exact_core_match,,tpa-979c58c2cf2a25,BLD260524813REV1,false
acc-be3bb660e654ec02b03c,BLD-26-0524832-REV1,Building,appended_new_activity,no_exact_core_match,,tpa-1044ca7706afc6,BLD260524832REV1,false
acc-1038166de1ece40305e2,BLD-26-0524841-SITE-REV1,Building,appended_new_activity,no_exact_core_match,,tpa-3784fffcc8de13,BLD260524841SITEREV1,false
acc-269b41b3af7263697342,BLD-26-0524842-REV1,Building,appended_new_activity,no_exact_core_match,,tpa-470f16d7e13845,BLD260524842REV1,false
acc-e00411a21930c067191c,BLD-26-0524870-REV1,Building,appended_new_activity,no_exact_core_match,,tpa-44b46d2da8f0df,BLD260524870REV1,false
acc-64bb9c31ab079e44c5ef,BLD-26-0524903-SITE-REV1,Building,appended_new_activity,no_exact_core_match,,tpa-0fb288cf2123c1,BLD260524903SITEREV1,false
acc-36d5a1a055222c151480,BLD-26-0524941-REV1,Building,appended_new_activity,no_exact_core_match,,tpa-035b764a1f82a3,BLD260524941REV1,false
acc-11ff64a241ea99981142,BLD-26-0524976-REV1,Building,appended_new_activity,no_exact_core_match,,tpa-d527c63dc3f75d,BLD260524976REV1,false
acc-e2d34cf81fceb8f3f667,BLD-26-0524987-REV1,Building,appended_new_activity,no_exact_core_match,,tpa-5e922a2638210c,BLD260524987REV1,false
acc-a35719cece2f0d1781c3,BLD-26-0524991-REV1,Building,appended_new_activity,no_exact_core_match,,tpa-9e414e2da223a6,BLD260524991REV1,false
acc-c3b118706c26a8decce3,BLD-26-0525016-REV1,Building,appended_new_activity,no_exact_core_match,,tpa-7c08a8f5eff4b1,BLD260525016REV1,false
acc-3d1c9bce7c350f2cffb6,BLD-26-0525020-REV1,Building,appended_new_activity,no_exact_core_match,,tpa-44ddabcdaa41b9,BLD260525020REV1,false
acc-c48bf015fdcf835bec00,BLD-26-0525025-REV1,Building,appended_new_activity,no_exact_core_match,,tpa-755242e349c1ef,BLD260525025REV1,false
acc-3c35e592467fc60a64be,BLD-26-0525034-REV1,Building,appended_new_activity,no_exact_core_match,,tpa-4b673eb69bdba2,BLD260525034REV1,false
acc-9bfcdb1fe505cb6db14c,BLD-26-0525047-REV1,Building,appended_new_activity,no_exact_core_match,,tpa-3ff4bd8af1bc91,BLD260525047REV1,false
acc-73f51c46230163147ff3,BLD-26-0525072-REV1,Building,appended_new_activity,no_exact_core_match,,tpa-97dd7797e50bf1,BLD260525072REV1,false
acc-97cbf148adf0470d7194,BLD-26-0525092-REV1,Building,appended_new_activity,no_exact_core_match,,tpa-c8eaeb11c10ff6,BLD260525092REV1,false
acc-b8c9601629e8208e0983,BLD-26-0525229-REV1,Building,appended_new_activity,no_exact_core_match,,tpa-b278a7d287979d,BLD260525229REV1,false
acc-d0c8fcba4bb9dba9fe37,BLD-26-0525244-FR1,Building,appended_new_activity,no_exact_core_match,,tpa-e83004184d6bca,BLD260525244FR1,false
acc-42b70894e98122c4de8b,BLD-26-0525290-REV1,Building,appended_new_activity,no_exact_core_match,,tpa-b40710159bd4cb,BLD260525290REV1,false
acc-6a0ba7c2fe3c98fa7103,BLD-26-0525329-REV1,Building,appended_new_activity,no_exact_core_match,,tpa-669897433c821f,BLD260525329REV1,false
acc-297b8747fdc941ffe562,BLD-26-0525334-REV1,Building,appended_new_activity,no_exact_core_match,,tpa-597eeed03b3e0d,BLD260525334REV1,false
acc-eee5d20a13e554f76570,BLD-26-0525349-SITE-REV1,Building,appended_new_activity,no_exact_core_match,,tpa-1a96f43b855272,BLD260525349SITEREV1,false
acc-93e4601a2b6f63d4395b,BLD-26-0525355-REV1,Building,appended_new_activity,no_exact_core_match,,tpa-cf3efb30cf6d06,BLD260525355REV1,false
acc-8099af0ad6c958b06d89,BLD-26-0525356-SITE-REV1,Building,appended_new_activity,no_exact_core_match,,tpa-7f502b5b6c6706,BLD260525356SITEREV1,false
acc-740fe76890348d8f9367,BLD-26-0525389-REV1,Building,appended_new_activity,no_exact_core_match,,tpa-b1fba1b35d68ab,BLD260525389REV1,false
acc-7aadb62a8f7b590b9b1b,BLD-26-0525423-REV1,Building,appended_new_activity,no_exact_core_match,,tpa-39b8d3dc9fac3b,BLD260525423REV1,false
acc-45a76411d97581dc776b,BLD-26-0525428-REV1,Building,appended_new_activity,no_exact_core_match,,tpa-2494046ab68943,BLD260525428REV1,false
acc-f3cb62e895b539e8e510,BLD-26-0525493-REV1,Building,appended_new_activity,no_exact_core_match,,tpa-6938fd0c596acb,BLD260525493REV1,false
acc-47ae0d52d657ecfb9025,BLD-26-0525540-REV1,Building,appended_new_activity,no_exact_core_match,,tpa-f81ef16d7a8877,BLD260525540REV1,false
acc-a01ca2da43b370cb092e,BLD-26-0525662-REV1,Building,appended_new_activity,no_exact_core_match,,tpa-44379cd62a530d,BLD260525662REV1,false
acc-b2b50e17297924d6499e,BLD-26-0525668-REV1,Building,appended_new_activity,no_exact_core_match,,tpa-f570e2ad683f98,BLD260525668REV1,false
acc-d5a873096684ead68842,BLD-26-0525721-REV1,Building,appended_new_activity,no_exact_core_match,,tpa-254ba27b2c2751,BLD260525721REV1,false
acc-0c202d257aba02e9e690,BLD-26-0525793-REV1,Building,appended_new_activity,no_exact_core_match,,tpa-b3862cc1652d5f,BLD260525793REV1,false
acc-f78c57a51eb472704622,BLD-26-0525797-REV1,Building,appended_new_activity,no_exact_core_match,,tpa-48f1d6b3a1eb96,BLD260525797REV1,false
acc-848cd77aad0ddc6461ec,BLD-26-0525828-SITE-REV1,Building,appended_new_activity,no_exact_core_match,,tpa-310f0ac5f1cb39,BLD260525828SITEREV1,false
acc-2b9b1780c1970061483f,BLD-26-0525866-REV1,Building,appended_new_activity,no_exact_core_match,,tpa-35523a65d51573,BLD260525866REV1,false
acc-20873b74a09768dbc4b7,BLD-26-0525869-REV1,Building,appended_new_activity,no_exact_core_match,,tpa-6ecf2060e3c46d,BLD260525869REV1,false
acc-07b792a2ac019b829980,BLD-26-0525881-SITE-REV1,Building,appended_new_activity,no_exact_core_match,,tpa-33454ce9aa6f79,BLD260525881SITEREV1,false
acc-87b3b1e6ece7a380ddeb,BLD-26-0525940-REV1,Building,appended_new_activity,no_exact_core_match,,tpa-6d5f9431c3e145,BLD260525940REV1,false
acc-1937619a9d5b2bbdd824,BLD-26-0526027-REV1,Building,appended_new_activity,no_exact_core_match,,tpa-83477cb7f6ad42,BLD260526027REV1,false
acc-0beb294c2d5148e3414e,BLD-26-0526033-REV1,Building,appended_new_activity,no_exact_core_match,,tpa-beb0bd3b923ae3,BLD260526033REV1,false
acc-5aff2795c266f7258f60,BLD-26-0526033-SITE-REV1,Building,appended_new_activity,no_exact_core_match,,tpa-b2f715fb20d8cb,BLD260526033SITEREV1,false
acc-39027e8b74a8d5c561b9,BLD-26-0526058-REV1,Building,appended_new_activity,no_exact_core_match,,tpa-73864f3a2e330d,BLD260526058REV1,false
acc-780d59c34821fead5008,BLD-26-0526060-REV1,Building,appended_new_activity,no_exact_core_match,,tpa-0c33b62cce4741,BLD260526060REV1,false
acc-a9093ea7f2f11004efe0,BLD-26-0526060-SITE-REV1,Building,appended_new_activity,no_exact_core_match,,tpa-c1d755d165a925,BLD260526060SITEREV1,false
acc-fa32b6054429ea6dfe14,BLD-26-0526071-FR1,Building,appended_new_activity,no_exact_core_match,,tpa-547b14fd76a258,BLD260526071FR1,false
acc-9038d9f18703cf065dd7,BLD-26-0526075-SITE-REV1,Building,appended_new_activity,no_exact_core_match,,tpa-7a0fff41de064e,BLD260526075SITEREV1,false
acc-58db062ddcf6cc2adc4b,BLD-26-0526177-REV1,Building,appended_new_activity,no_exact_core_match,,tpa-cd8ffa57decfd6,BLD260526177REV1,false
acc-a392921275bc360a1502,BLD-26-0526208-REV1,Building,appended_new_activity,no_exact_core_match,,tpa-7356bac4c188c3,BLD260526208REV1,false
acc-f668fa335f2c08b69c9e,BLD-26-0526228-REV1,Building,appended_new_activity,no_exact_core_match,,tpa-5210877753c922,BLD260526228REV1,false
acc-44535b08af3995ad4495,BLD-26-0526273-REV1,Building,appended_new_activity,no_exact_core_match,,tpa-636d6ec5b36823,BLD260526273REV1,false
acc-dafd00e78d986f91ada6,BLD-26-0526396-REV1,Building,appended_new_activity,no_exact_core_match,,tpa-768a467b0876a1,BLD260526396REV1,false
acc-d74b992d9b356ba5a890,BLD-26-0526949-SITE-REV1,Building,appended_new_activity,no_exact_core_match,,tpa-f8ed9c2c96aadd,BLD260526949SITEREV1,false
acc-c588661aba2d4358c5ce,BLD-26-0527039,Building,appended_new_activity,no_exact_core_match,,tpa-1cb6f3212001e8,BLD260527039,false
acc-10276c25d7eae3bfdb1b,BLD-26-0527040,Building,merged_existing_activity,exact_public_record_number,tpa-ff638c7e84d308,tpa-ff638c7e84d308,BLD260527040,false
acc-cfad06e8eea5124d2387,BLD-26-0527041,Building,appended_new_activity,no_exact_core_match,,tpa-41ad0113476946,BLD260527041,false
acc-9a64711f26c494e92bc3,BLD-26-0527042,Building,appended_new_activity,no_exact_core_match,,tpa-9f9c16fcbd735b,BLD260527042,false
acc-597e2b35f230a87a7dc5,BLD-26-0527043,Building,appended_new_activity,no_exact_core_match,,tpa-86b48d5d6879f1,BLD260527043,false
acc-cc0c3e80044259f8c0f4,BLD-26-0527044,Building,appended_new_activity,no_exact_core_match,,tpa-214ab37c0f2df4,BLD260527044,false
acc-d4f20e8da1aad1e017d2,BLD-26-0527045,Building,appended_new_activity,no_exact_core_match,,tpa-a8eee619e92c5d,BLD260527045,false
acc-cf66268588b22681e270,BLD-26-0527046,Building,appended_new_activity,no_exact_core_match,,tpa-eb001f6dd31ee1,BLD260527046,false
acc-71647483e41ee5c3c3ad,BLD-26-0527047,Building,appended_new_activity,no_exact_core_match,,tpa-1429f95ec2ceae,BLD260527047,false
acc-5e9c1036ce1e40b81a0d,BLD-26-0527048,Building,appended_new_activity,no_exact_core_match,,tpa-fb686212c3408d,BLD260527048,false
acc-b58a1a90bca713f9e6da,BLD-26-0527049,Building,appended_new_activity,no_exact_core_match,,tpa-2c4925c3403716,BLD260527049,false
acc-24b5e9eeba6441a1b091,BLD-26-0527050,Building,appended_new_activity,no_exact_core_match,,tpa-51eb75adb6283d,BLD260527050,false
acc-0c2a182167e4315b1512,BLD-26-0527051,Building,appended_new_activity,no_exact_core_match,,tpa-3e52b68673871f,BLD260527051,false
acc-f4711718aef52f300c01,BLD-26-0527052,Building,appended_new_activity,no_exact_core_match,,tpa-ca17d088522973,BLD260527052,false
acc-ee33f68c324964c6ef24,BLD-26-0527053,Building,appended_new_activity,no_exact_core_match,,tpa-cc06e3bdcfaa4c,BLD260527053,false
acc-941839d4327736139eda,BLD-26-0527055,Building,appended_new_activity,no_exact_core_match,,tpa-a99a03b666d13d,BLD260527055,false
acc-524752e4223d09aab61c,BLD-26-0527056,Building,appended_new_activity,no_exact_core_match,,tpa-e939db7b4e27cc,BLD260527056,false
acc-d2d597d2188da467594d,BLD-26-0527057,Building,appended_new_activity,no_exact_core_match,,tpa-9562da3dbd502e,BLD260527057,false
acc-665e9fc78822339a63b2,BLD-26-0527058,Building,appended_new_activity,no_exact_core_match,,tpa-1baad681c6658a,BLD260527058,false
acc-b3b30b36136f25491d7a,BLD-26-0527059,Building,appended_new_activity,no_exact_core_match,,tpa-f577c7a99aa0a7,BLD260527059,false
acc-b8f86d26b2faf50f937a,BLD-26-0527060,Building,appended_new_activity,no_exact_core_match,,tpa-1dae376f8f5e6d,BLD260527060,false
acc-001ff8405d8ee3f2ef18,BLD-26-0527061,Building,appended_new_activity,no_exact_core_match,,tpa-2770a95d3f6bb3,BLD260527061,false
acc-f9e2032c924bd962d41b,BLD-26-0527062,Building,appended_new_activity,no_exact_core_match,,tpa-af4c1c1bfc6cda,BLD260527062,false
acc-c3537f9a4d79cf94c9c1,BLD-26-0527063,Building,appended_new_activity,no_exact_core_match,,tpa-0a8adf5e997562,BLD260527063,false
acc-96895955f5084b0612ea,BLD-26-0527064,Building,appended_new_activity,no_exact_core_match,,tpa-2a705165f0050a,BLD260527064,false
acc-9f3103d030f95da2dd5f,BLD-26-0527065,Building,appended_new_activity,no_exact_core_match,,tpa-4f7657cd277598,BLD260527065,false
acc-7055078e56ef7c6ed6f8,BLD-26-0527066,Building,appended_new_activity,no_exact_core_match,,tpa-a1e32e68edb695,BLD260527066,false
acc-474488b5493c299fb0bb,BLD-26-0527067,Building,appended_new_activity,no_exact_core_match,,tpa-39a49fea59181f,BLD260527067,false
acc-08db01dd8cd992cb6519,BLD-26-0527068,Building,appended_new_activity,no_exact_core_match,,tpa-f1d70f5cd4225b,BLD260527068,false
acc-81c00886de8df8ded5e8,BLD-26-0527069,Building,appended_new_activity,no_exact_core_match,,tpa-238387e0e981cf,BLD260527069,false
acc-1ae321fbbe02ef294167,BLD-26-0527070,Building,appended_new_activity,no_exact_core_match,,tpa-473ddd0ba1585d,BLD260527070,false
acc-c522bf6a59a0156f04cf,BLD-26-0527071,Building,appended_new_activity,no_exact_core_match,,tpa-9c52c01c9fdd64,BLD260527071,false
acc-b4ef4b074441ab28d9f9,BLD-26-0527072,Building,appended_new_activity,no_exact_core_match,,tpa-07fc6740ad4d55,BLD260527072,false
acc-4a8657e0cee67241ed25,BLD-26-0527073,Building,appended_new_activity,no_exact_core_match,,tpa-85f85e71cbe3f1,BLD260527073,false
acc-0badacd8496984acec17,BLD-26-0527074,Building,appended_new_activity,no_exact_core_match,,tpa-599eb5a418493f,BLD260527074,false
acc-46ce044d3f405020605a,BLD-26-0527075,Building,appended_new_activity,no_exact_core_match,,tpa-2e95fc1327a609,BLD260527075,false
acc-44d88e98afd41db1d6d6,BLD-26-0527076,Building,appended_new_activity,no_exact_core_match,,tpa-7d914e6fa95252,BLD260527076,false
acc-b1e636abc1f73045d64a,BLD-26-0527077,Building,appended_new_activity,no_exact_core_match,,tpa-f42a4d65132cd2,BLD260527077,false
acc-c29dd61009e57479311c,BLD-26-0527078,Building,appended_new_activity,no_exact_core_match,,tpa-5ac52dcb59e7e7,BLD260527078,false
acc-e235fd6882f005dc8285,BLD-26-0527079,Building,appended_new_activity,no_exact_core_match,,tpa-888df6887801d4,BLD260527079,false
acc-898fcdaa1d89638013b9,BLD-26-0527080,Building,appended_new_activity,no_exact_core_match,,tpa-e5a93bc78a21e6,BLD260527080,false
acc-26c78c69eb2df78973c9,BLD-26-0527081,Building,appended_new_activity,no_exact_core_match,,tpa-2ec6264d2303a7,BLD260527081,false
acc-3757455eb8ab927bb823,BLD-26-0527082,Building,appended_new_activity,no_exact_core_match,,tpa-d9717a3ca9a3cb,BLD260527082,false
acc-6ecefecaf3cedbc695d2,BLD-26-0527083,Building,appended_new_activity,no_exact_core_match,,tpa-6b071a01322808,BLD260527083,false
acc-e7a0dea3d8a9a8936735,BLD-26-0527084,Building,appended_new_activity,no_exact_core_match,,tpa-33f2f97e9fda5f,BLD260527084,false
acc-062aba5b891ecf736fd0,BLD-26-0527085,Building,appended_new_activity,no_exact_core_match,,tpa-8d56f912be636f,BLD260527085,false
acc-4e8b59cb4657d1d390a1,BLD-26-0527086,Building,appended_new_activity,no_exact_core_match,,tpa-8bb4ddfd5e6d4d,BLD260527086,false
acc-f644c20d9114d51879a4,BLD-26-0527087,Building,appended_new_activity,no_exact_core_match,,tpa-cb7c7445cb4674,BLD260527087,false
acc-d745d4b8d226020e13b5,BLD-26-0527088,Building,appended_new_activity,no_exact_core_match,,tpa-cf862964ef2a44,BLD260527088,false
acc-22a4a46736231e8da867,BLD-26-0527089,Building,appended_new_activity,no_exact_core_match,,tpa-7ec16fb5be7c34,BLD260527089,false
acc-ab4312ba6789bff7f04e,BLD-26-0527090,Building,appended_new_activity,no_exact_core_match,,tpa-aa37466bc41e62,BLD260527090,false
acc-ddbe4a08c9dac3785842,BLD-26-0527091,Building,appended_new_activity,no_exact_core_match,,tpa-fba8fb68020ccb,BLD260527091,false
acc-dbd66c24ea8a7d0ea07d,BLD-26-0527092,Building,appended_new_activity,no_exact_core_match,,tpa-73f8c70c62d9fa,BLD260527092,false
acc-ba4095f8b29d8f5f3d37,BLD-26-0527093,Building,appended_new_activity,no_exact_core_match,,tpa-8830ffe8f040e7,BLD260527093,false
acc-6d96d312f323577f7e2a,BLD-26-0527094,Building,appended_new_activity,no_exact_core_match,,tpa-b972d77eac9245,BLD260527094,false
acc-0494947077a0b658dc3a,BLD-26-0527095,Building,appended_new_activity,no_exact_core_match,,tpa-22381423fea948,BLD260527095,false
acc-6559cea63db97f397a9d,BLD-26-0527096,Building,appended_new_activity,no_exact_core_match,,tpa-aabcf2a4041bc3,BLD260527096,false
acc-be86920d6330e855e512,BLD-26-0527097,Building,appended_new_activity,no_exact_core_match,,tpa-7864b831f607b7,BLD260527097,false
acc-8384273fd272b9ca7033,BLD-26-0527098,Building,appended_new_activity,no_exact_core_match,,tpa-64cda79a30d709,BLD260527098,false
acc-537d3f943398c575ce61,BLD-26-0527099,Building,appended_new_activity,no_exact_core_match,,tpa-711c9b31f992e7,BLD260527099,false
acc-72175fdbefe2841389b6,BLD-26-0527100,Building,appended_new_activity,no_exact_core_match,,tpa-003a6e08d8999b,BLD260527100,false
acc-c13851694da833c3cc5d,BLD-26-0527101,Building,appended_new_activity,no_exact_core_match,,tpa-b0c8ec1134a129,BLD260527101,false
acc-d01485c3bffac2205c95,BLD-26-0527102,Building,appended_new_activity,no_exact_core_match,,tpa-7c4fe50b50e19d,BLD260527102,false
acc-4db0c529826cc239e9b8,BLD-26-0527103,Building,appended_new_activity,no_exact_core_match,,tpa-3ce039f1a07887,BLD260527103,false
acc-ec7c9d90b43b9c7b688f,BLD-26-0527104,Building,appended_new_activity,no_exact_core_match,,tpa-208187c15819eb,BLD260527104,false
acc-6e44df3068f07cbd4243,BLD-26-0527105,Building,appended_new_activity,no_exact_core_match,,tpa-ed763b766825f6,BLD260527105,false
acc-4828b1284dd257c96d10,BLD-26-0527106,Building,appended_new_activity,no_exact_core_match,,tpa-501c8e2f8abd24,BLD260527106,false
acc-b62608a28410d1f4c164,BLD-26-0527107,Building,appended_new_activity,no_exact_core_match,,tpa-3dde336046fc97,BLD260527107,false
acc-7fc26f7f93585231ef00,BLD-26-0527108,Building,appended_new_activity,no_exact_core_match,,tpa-d6631b9fabd402,BLD260527108,false
acc-37d53db01b8334c7ade7,BLD-26-0527109,Building,appended_new_activity,no_exact_core_match,,tpa-380a851424ebaa,BLD260527109,false
acc-e48f8300c0d0cd55394f,BLD-26-0527110,Building,appended_new_activity,no_exact_core_match,,tpa-da960f6cbb6b77,BLD260527110,false
acc-c3c986a7b3ea121bfa3c,BLD-26-0527111,Building,appended_new_activity,no_exact_core_match,,tpa-4e3a27e14e81b8,BLD260527111,false
acc-be3afa5f2ad2bb2cb810,BLD-26-0527112,Building,appended_new_activity,no_exact_core_match,,tpa-99f0ab7257993c,BLD260527112,false
acc-9d9211a00c5273efa8f7,BLD-26-0527113,Building,appended_new_activity,no_exact_core_match,,tpa-beed0c37da0f33,BLD260527113,false
acc-95e6eaa9222decad374f,BLD-26-0527114,Building,appended_new_activity,no_exact_core_match,,tpa-6a72beb4463edd,BLD260527114,false
acc-6b85740bdcf6372d6174,BLD-26-0527115,Building,appended_new_activity,no_exact_core_match,,tpa-459f4cd045316b,BLD260527115,false
acc-4ed64e323bc3352d93b3,BLD-26-0527116,Building,appended_new_activity,no_exact_core_match,,tpa-0a38c04aee8d20,BLD260527116,false
acc-60528f43bea569a6257c,BLD-26-0527117,Building,appended_new_activity,no_exact_core_match,,tpa-63283a2f7501f3,BLD260527117,false
acc-7274e150a938dfd63181,BLD-26-0527118,Building,appended_new_activity,no_exact_core_match,,tpa-617a409d86fdea,BLD260527118,false
acc-b23f721532ace74f6532,BLD-26-0527119,Building,appended_new_activity,no_exact_core_match,,tpa-0afde005a1752b,BLD260527119,false
acc-4e36f3758d2a7f50ca23,BLD-26-0527120,Building,appended_new_activity,no_exact_core_match,,tpa-2a58944b6951bc,BLD260527120,false
acc-75ffc3c5c5b354b51dfd,BLD-26-0527121,Building,appended_new_activity,no_exact_core_match,,tpa-2bb5e608d9aa00,BLD260527121,false
acc-4df6716d3a38cbc5cce6,BLD-26-0527122,Building,appended_new_activity,no_exact_core_match,,tpa-33f9db9d36e048,BLD260527122,false
acc-8d3a1a174560f7634e3f,BLD-26-0527123,Building,appended_new_activity,no_exact_core_match,,tpa-a44f3ca263f8ae,BLD260527123,false
acc-265950b9bc6697616bc9,BLD-26-0527124,Building,appended_new_activity,no_exact_core_match,,tpa-f611aa5c66c03e,BLD260527124,false
acc-e940a44f9e0191e4c6b2,BLD-26-0527125,Building,appended_new_activity,no_exact_core_match,,tpa-68c989869ccb2e,BLD260527125,false
acc-f3916186404b5580fcad,BLD-26-0527126,Building,appended_new_activity,no_exact_core_match,,tpa-23fc38311b3bdf,BLD260527126,false
acc-e721051af842dd18dcc2,BLD-26-0527127,Building,appended_new_activity,no_exact_core_match,,tpa-02941b325741bd,BLD260527127,false
acc-32acf707d9b2157f9239,BLD-26-0527128,Building,appended_new_activity,no_exact_core_match,,tpa-1b705a19608db7,BLD260527128,false
acc-0b279a530b0017a94711,BLD-26-0527129,Building,appended_new_activity,no_exact_core_match,,tpa-8e015a1cfb30c8,BLD260527129,false
acc-6684bb4c66a55de0a6b2,BLD-26-0527130,Building,appended_new_activity,no_exact_core_match,,tpa-2f1655c4307098,BLD260527130,false
acc-6d5b5cf60fa4a8485f1b,BLD-26-0527131,Building,appended_new_activity,no_exact_core_match,,tpa-384f9a473f112c,BLD260527131,false
acc-db59484a3706712cb946,BLD-26-0527132,Building,appended_new_activity,no_exact_core_match,,tpa-0cbdc64813e583,BLD260527132,false
acc-e59fdaed46d42842e662,BLD-26-0527133,Building,appended_new_activity,no_exact_core_match,,tpa-7f2e39ffc6ab6c,BLD260527133,false
acc-922b13881c11b0554f82,BLD-26-0527134,Building,appended_new_activity,no_exact_core_match,,tpa-a058ba10c98c88,BLD260527134,false
acc-122b5d0d397092bb5645,BLD-26-0527135,Building,appended_new_activity,no_exact_core_match,,tpa-5a378cc612c0fa,BLD260527135,false
acc-d060195def17492212c2,BLD-26-0527136,Building,appended_new_activity,no_exact_core_match,,tpa-f02127afab9b1a,BLD260527136,false
acc-9768bbbf91d91eb66e98,BLD-26-0527137,Building,appended_new_activity,no_exact_core_match,,tpa-dd00ffed392a57,BLD260527137,false
acc-43943499692515478fc1,BLD-26-0527138,Building,appended_new_activity,no_exact_core_match,,tpa-ae8bc2a5209433,BLD260527138,false
acc-93d102721dfb965fb52e,BLD-26-0527139,Building,appended_new_activity,no_exact_core_match,,tpa-45531f710ebcf4,BLD260527139,false
acc-5528be590489d89ba428,BLD-26-0527140,Building,appended_new_activity,no_exact_core_match,,tpa-dba43be719127d,BLD260527140,false
acc-75a197e38db720bd1991,BLD-26-0527141,Building,appended_new_activity,no_exact_core_match,,tpa-4b9829f69972fc,BLD260527141,false
acc-591270b78b89d89f645f,BLD-26-0527142,Building,appended_new_activity,no_exact_core_match,,tpa-5ef6e00b93aa3c,BLD260527142,false
acc-d934b6f0917ba6ac72f8,BLD-26-0527143,Building,appended_new_activity,no_exact_core_match,,tpa-72aee9cdcc658f,BLD260527143,false
acc-555157fe4b3e5afd32c0,BLD-26-0527144,Building,appended_new_activity,no_exact_core_match,,tpa-69e6268615cd97,BLD260527144,false
acc-0d2857e958a5a2db2f43,BLD-26-0527146,Building,appended_new_activity,no_exact_core_match,,tpa-e6801367c68f07,BLD260527146,false
acc-d37ce90525123b4ae379,BLD-26-0527147,Building,appended_new_activity,no_exact_core_match,,tpa-22f2684d220d2c,BLD260527147,false
acc-dce34e3dc22fa581a9bd,BLD-26-0527148,Building,appended_new_activity,no_exact_core_match,,tpa-0f1f09bb289186,BLD260527148,false
acc-0c8b7c8f7f626fadba29,BLD-26-0527149,Building,appended_new_activity,no_exact_core_match,,tpa-5b0409b56c9c3e,BLD260527149,false
acc-b8b60798485caeb3c665,BLD-26-0527150,Building,appended_new_activity,no_exact_core_match,,tpa-a4bbee4a60edb9,BLD260527150,false
acc-e0eb5c80ac4b2ff87a9d,BLD-26-0527151,Building,appended_new_activity,no_exact_core_match,,tpa-651b2ed1b47265,BLD260527151,false
acc-c5488e4e8ee65fdd9e75,BLD-26-0527152,Building,appended_new_activity,no_exact_core_match,,tpa-91c1678a1a3cce,BLD260527152,false
acc-ea1bb4ab4c55fa46892c,BLD-26-0527153,Building,appended_new_activity,no_exact_core_match,,tpa-1055ca743e7257,BLD260527153,false
acc-ac88efe5a132253f3977,BLD-26-0527154,Building,appended_new_activity,no_exact_core_match,,tpa-e69d74d33b3877,BLD260527154,false
acc-0420bb3882b3e3cc31c7,BLD-26-0527155,Building,appended_new_activity,no_exact_core_match,,tpa-baa8e11d7967d4,BLD260527155,false
acc-e54f5aa4f78fbec7cfdb,BLD-26-0527156,Building,appended_new_activity,no_exact_core_match,,tpa-b786a89cc994de,BLD260527156,false
acc-4c33addc9123ebe30f00,BLD-26-0527157,Building,appended_new_activity,no_exact_core_match,,tpa-7ced3e7ac176e6,BLD260527157,false
acc-cac7644de93423498104,BLD-26-0527158,Building,appended_new_activity,no_exact_core_match,,tpa-a527d34cd6cae1,BLD260527158,false
acc-e62af463dec34c95e7e4,BLD-26-0527159,Building,appended_new_activity,no_exact_core_match,,tpa-31d0a30a3f753c,BLD260527159,false
acc-e410e23889bb5dd1bf96,BLD-26-0527160,Building,appended_new_activity,no_exact_core_match,,tpa-d1aac2bd2ad25a,BLD260527160,false
acc-0fb06a0810adde0ea97c,BLD-26-0527161,Building,appended_new_activity,no_exact_core_match,,tpa-afb5b229421fe9,BLD260527161,false
acc-d112541d36bf294d66b3,BLD-26-0527162,Building,appended_new_activity,no_exact_core_match,,tpa-30d71d8d60e0ff,BLD260527162,false
acc-a6b75c0c1d63c16abd12,BLD-26-0527163,Building,appended_new_activity,no_exact_core_match,,tpa-ed09de4f7ddb57,BLD260527163,false
acc-1ca0423f9f2b500dab97,BLD-26-0527164,Building,appended_new_activity,no_exact_core_match,,tpa-47daaa314d13cb,BLD260527164,false
acc-bab921549af8d70d0a82,BLD-26-0527165,Building,appended_new_activity,no_exact_core_match,,tpa-e7bf386a7df9a1,BLD260527165,false
acc-acf049512aa970b0f360,BLD-26-0527166,Building,appended_new_activity,no_exact_core_match,,tpa-765b582166bbbe,BLD260527166,false
acc-b3645cc8efda183f86fa,BLD-26-0527167,Building,appended_new_activity,no_exact_core_match,,tpa-5dc9a959ff7eb3,BLD260527167,false
acc-f878d705a81670fa2747,BLD-26-0527168,Building,appended_new_activity,no_exact_core_match,,tpa-a887f439409132,BLD260527168,false
acc-886bacb9a96a0424542b,BLD-26-0527169,Building,appended_new_activity,no_exact_core_match,,tpa-3bdb2fc718ae84,BLD260527169,false
acc-e6273f4849c937dc1a4c,BLD-26-0527170,Building,appended_new_activity,no_exact_core_match,,tpa-e54a227ebdba73,BLD260527170,false
acc-d5e74d03658d151f47c4,BLD-26-0527171,Building,appended_new_activity,no_exact_core_match,,tpa-2f11475303a5b4,BLD260527171,false
acc-0dba61f4bc7e2f86f45f,BLD-26-0527172,Building,appended_new_activity,no_exact_core_match,,tpa-bee432ab659271,BLD260527172,false
acc-6b423f04c27e7af80ccb,BLD-26-0527173,Building,appended_new_activity,no_exact_core_match,,tpa-6513c7d20a117c,BLD260527173,false
acc-5e528619e35a1cc645da,BLD-26-0527174,Building,appended_new_activity,no_exact_core_match,,tpa-c8e3ff9d6f1b91,BLD260527174,false
acc-2b7f92525ada7b663fc2,BLD-26-0527175,Building,appended_new_activity,no_exact_core_match,,tpa-fe48a29cfbdf67,BLD260527175,false
acc-c6f9f09c0d3309d445f5,BLD-26-0527176,Building,appended_new_activity,no_exact_core_match,,tpa-462d75297e0d72,BLD260527176,false
acc-ccb88e73e52af7682614,BLD-26-0527177,Building,appended_new_activity,no_exact_core_match,,tpa-77dea3ce920cc8,BLD260527177,false
acc-2a82ce6376465a132b21,BLD-26-0527178,Building,appended_new_activity,no_exact_core_match,,tpa-0e3e594e55b2be,BLD260527178,false
acc-59cfcd076b683ba2c773,BLD-26-0527179,Building,appended_new_activity,no_exact_core_match,,tpa-9da0749cbc9be3,BLD260527179,false
acc-65c6004b35a83f9de74b,BLD-26-0527180,Building,appended_new_activity,no_exact_core_match,,tpa-bbdb26d48cee5a,BLD260527180,false
acc-207c5256fb74bd60cca4,BLD-26-0527181,Building,appended_new_activity,no_exact_core_match,,tpa-13264014a9ad90,BLD260527181,false
acc-d51494d506b1e2dbafc4,BLD-26-0527182,Building,appended_new_activity,no_exact_core_match,,tpa-c75aa7ba692a62,BLD260527182,false
acc-4595bc6f8e0a99984250,BLD-26-0527183,Building,appended_new_activity,no_exact_core_match,,tpa-5f1882ad649083,BLD260527183,false
acc-dcf316d7ff28dbf6c641,BLD-26-0527184,Building,appended_new_activity,no_exact_core_match,,tpa-935d64b1c21846,BLD260527184,false
acc-fa56f0c2a40c2124702b,BLD-26-0527185,Building,appended_new_activity,no_exact_core_match,,tpa-8512e1e379ddc7,BLD260527185,false
acc-b29da03f236b1c45bad4,BLD-26-0527186,Building,appended_new_activity,no_exact_core_match,,tpa-f9b6d9351e7966,BLD260527186,false
acc-5685f725e761a0e9707e,BLD-26-0527187,Building,appended_new_activity,no_exact_core_match,,tpa-f11d321cd544fe,BLD260527187,false
acc-33ed8432d3bab54996e7,BLD-26-0527188,Building,appended_new_activity,no_exact_core_match,,tpa-40dc0a8ac7c8f2,BLD260527188,false
acc-ed69db983f94dc4e19cf,BLD-26-0527189,Building,appended_new_activity,no_exact_core_match,,tpa-ab2d6050430abf,BLD260527189,false
acc-ea29b58ed65fe5499abf,BLD-26-0527190,Building,appended_new_activity,no_exact_core_match,,tpa-22017b7c1ecfa8,BLD260527190,false
acc-bef0606ef5f6a129334f,BLD-26-0527191,Building,appended_new_activity,no_exact_core_match,,tpa-4585ba950a3b9d,BLD260527191,false
acc-7666fdd384f5f868acce,BLD-26-0527192,Building,appended_new_activity,no_exact_core_match,,tpa-40cefd916f8c32,BLD260527192,false
acc-0bc431941aab3430686b,BLD-26-0527193,Building,appended_new_activity,no_exact_core_match,,tpa-f6f295fe2a0a86,BLD260527193,false
acc-1c16b66ff6b20f44de53,BLD-26-0527194,Building,appended_new_activity,no_exact_core_match,,tpa-0c64cb196a27c8,BLD260527194,false
acc-835bbaa0fd70efb30680,BLD-26-0527195,Building,appended_new_activity,no_exact_core_match,,tpa-2a45b1ab7f03f5,BLD260527195,false
acc-9b821536e4848db796db,BLD-26-0527196,Building,appended_new_activity,no_exact_core_match,,tpa-bc5fda7cc6ae7e,BLD260527196,false
acc-9dc00b85d1927c190c7e,BLD-26-0527197,Building,appended_new_activity,no_exact_core_match,,tpa-7901215ec5fd16,BLD260527197,false
acc-098c2530af9539aee599,BLD-26-0527198,Building,appended_new_activity,no_exact_core_match,,tpa-ebd61f6c720713,BLD260527198,false
acc-c0f07f8501de59435a58,BLD-26-0527199,Building,appended_new_activity,no_exact_core_match,,tpa-0eb4322a372637,BLD260527199,false
acc-18ead7f7d9fcef821ca2,BLD-26-0527200,Building,appended_new_activity,no_exact_core_match,,tpa-bdf77ee6f2080f,BLD260527200,false
acc-953c5043642e013e98ee,BLD-26-0527201,Building,appended_new_activity,no_exact_core_match,,tpa-58c9561ae43de6,BLD260527201,false
acc-52665686122bbed17703,BLD-26-0527202,Building,appended_new_activity,no_exact_core_match,,tpa-7435f670bbfbb6,BLD260527202,false
acc-a7f9f881eaf32aaaa634,BLD-26-0527203,Building,appended_new_activity,no_exact_core_match,,tpa-f510e41fab2277,BLD260527203,false
acc-c49f6cfe5d2f0affa4f1,BLD-26-0527204,Building,appended_new_activity,no_exact_core_match,,tpa-392cf47b8a6f18,BLD260527204,false
acc-de7267baba837b986675,BLD-26-0527205,Building,appended_new_activity,no_exact_core_match,,tpa-9de6207f921d03,BLD260527205,false
acc-a41fee548b4550249333,BLD-26-0527206,Building,appended_new_activity,no_exact_core_match,,tpa-fce4bdae696d81,BLD260527206,false
acc-5c0bf7f7ff13dfa867ad,BLD-26-0527207,Building,appended_new_activity,no_exact_core_match,,tpa-8102eb46455285,BLD260527207,false
acc-97abb24e53f3ad4c083a,BLD-26-0527208,Building,appended_new_activity,no_exact_core_match,,tpa-87b32b80ad0b40,BLD260527208,false
acc-e67dac9ef2737c2d492d,BLD-26-0527209,Building,appended_new_activity,no_exact_core_match,,tpa-d51c7bb7f1e9df,BLD260527209,false
acc-8bf553fd79c1af9f1ce9,BLD-26-0527210,Building,appended_new_activity,no_exact_core_match,,tpa-464191790b9d2b,BLD260527210,false
acc-8526bf446641fe3438f8,BLD-26-0527211,Building,appended_new_activity,no_exact_core_match,,tpa-c04f7f30c2aeab,BLD260527211,false
acc-9e19a49f898368cdb6bd,BLD-26-0527212,Building,appended_new_activity,no_exact_core_match,,tpa-567f4967289b0c,BLD260527212,false
acc-a04bf908c832b45b43f2,BLD-26-0527213,Building,appended_new_activity,no_exact_core_match,,tpa-948e83b2a1ccff,BLD260527213,false
acc-f1c487ca332cd7b194ee,BLD-26-0527214,Building,appended_new_activity,no_exact_core_match,,tpa-bd566b5101b3c3,BLD260527214,false
acc-ec17e95e5051c9ecbc25,BLD-26-0527215,Building,appended_new_activity,no_exact_core_match,,tpa-5c6b0868cc9382,BLD260527215,false
acc-993e216c1b192fba8e00,BLD-26-0527216,Building,appended_new_activity,no_exact_core_match,,tpa-57724e4c120557,BLD260527216,false
acc-5236cc30023a9e3b770a,BLD-26-0527217,Building,appended_new_activity,no_exact_core_match,,tpa-6a144e4465bcd9,BLD260527217,false
acc-846c95c78f7becab38af,BLD-26-0527218,Building,appended_new_activity,no_exact_core_match,,tpa-167ba99e559298,BLD260527218,false
acc-eb0b76d64bad6310fcfd,BLD-26-0527219,Building,appended_new_activity,no_exact_core_match,,tpa-2a9b3deddc2895,BLD260527219,false
acc-08eaefd878795cc1e158,BLD-26-0527220,Building,appended_new_activity,no_exact_core_match,,tpa-798ee5b247520e,BLD260527220,false
acc-f03b7736ba4f8d3d8839,BLD-26-0527221,Building,appended_new_activity,no_exact_core_match,,tpa-063978b620d0ae,BLD260527221,false
acc-8f6f7ceff667a89eae59,BLD-26-0527222,Building,appended_new_activity,no_exact_core_match,,tpa-9b2959adc17889,BLD260527222,false
acc-4a9ddd43edaa714b4a7b,BLD-26-0527223,Building,appended_new_activity,no_exact_core_match,,tpa-6e59f9f9fd317b,BLD260527223,false
acc-df48e800911a7bd25e47,BLD-26-0527224,Building,appended_new_activity,no_exact_core_match,,tpa-561c86eb7b1d9b,BLD260527224,false
acc-b9d928b07d9114d143a6,BLD-26-0527225,Building,appended_new_activity,no_exact_core_match,,tpa-7341db213a9fb6,BLD260527225,false
acc-4a69314d28b8f27955ff,BLD-26-0527226,Building,appended_new_activity,no_exact_core_match,,tpa-15242db22af559,BLD260527226,false
acc-59d902b30ab2c1843432,BLD-26-0527227,Building,appended_new_activity,no_exact_core_match,,tpa-0bfde85f089de0,BLD260527227,false
acc-bfbd31f824b0044d5c4b,BLD-26-0527228,Building,appended_new_activity,no_exact_core_match,,tpa-b2dc542c1be7e9,BLD260527228,false
acc-77de00d44291da2489d5,BLD-26-0527229,Building,appended_new_activity,no_exact_core_match,,tpa-dbbec70133bd1a,BLD260527229,false
acc-e4f6b29cdd2a4789d97e,BLD-26-0527230,Building,appended_new_activity,no_exact_core_match,,tpa-b47147614c514c,BLD260527230,false
acc-0439c807025ce577f54d,BLD-26-0527231,Building,appended_new_activity,no_exact_core_match,,tpa-6be39d418c01b0,BLD260527231,false
acc-6714b5d22f0796f2ece6,BLD-26-0527232,Building,appended_new_activity,no_exact_core_match,,tpa-218b510bf90dc8,BLD260527232,false
acc-cf61fe3f6d26a742b395,BLD-26-0527233,Building,appended_new_activity,no_exact_core_match,,tpa-93516f753d2a86,BLD260527233,false
acc-71219f89d9907fab2c2d,BLD-26-0527234,Building,appended_new_activity,no_exact_core_match,,tpa-ef3acbfa4868b3,BLD260527234,false
acc-8ad4b07e9bfdb7c07245,BLD-26-0527235,Building,appended_new_activity,no_exact_core_match,,tpa-9ef4a342d51023,BLD260527235,false
acc-d95aa0350cd3698c0015,BLD-26-0527236,Building,appended_new_activity,no_exact_core_match,,tpa-89892ee724c009,BLD260527236,false
acc-d5f08a3299b89a1ccfb2,BLD-26-0527237,Building,appended_new_activity,no_exact_core_match,,tpa-d4010c4e8348f8,BLD260527237,false
acc-a280cf2409dfb3579db1,BLD-26-0527238,Building,appended_new_activity,no_exact_core_match,,tpa-fdf8a98504ffaa,BLD260527238,false
acc-80fe91ccbcd4bf71429e,BLD-26-0527239,Building,appended_new_activity,no_exact_core_match,,tpa-9909321c657a2d,BLD260527239,false
acc-69e2744176f373f0f5b9,BLD-26-0527240,Building,appended_new_activity,no_exact_core_match,,tpa-fff7a62e87b2ad,BLD260527240,false
acc-62452af1bc1530ab978d,BLD-26-0527241,Building,appended_new_activity,no_exact_core_match,,tpa-e18ec4ed6ff2cd,BLD260527241,false
acc-f8fc35c53335a92e1ecd,BLD-26-0527242,Building,appended_new_activity,no_exact_core_match,,tpa-2af7030d407481,BLD260527242,false
acc-feab75838ed70e74bf40,BLD-26-0527243,Building,appended_new_activity,no_exact_core_match,,tpa-8499aab721e9c2,BLD260527243,false
acc-6c62a6a864fa96c6e64e,BLD-26-0527244,Building,appended_new_activity,no_exact_core_match,,tpa-671de00fdeb390,BLD260527244,false
acc-30c7edf47835140e82cd,BLD-26-0527245,Building,appended_new_activity,no_exact_core_match,,tpa-7d63974e430073,BLD260527245,false
acc-a2a62ab6d8f270d6ed6e,BLD-26-0527246,Building,appended_new_activity,no_exact_core_match,,tpa-0815018e855d2a,BLD260527246,false
acc-61a9818a2675ee63df60,BLD-26-0527247,Building,appended_new_activity,no_exact_core_match,,tpa-369be106ed2377,BLD260527247,false
acc-db16dcb3bf88154a4d6b,BLD-26-0527248,Building,appended_new_activity,no_exact_core_match,,tpa-296e829f0bd801,BLD260527248,false
acc-89d00b6d0eb3da16932c,BLD-26-0527249,Building,appended_new_activity,no_exact_core_match,,tpa-c21a8685981072,BLD260527249,false
acc-49424ab67c6ec57a49f0,BLD-26-0527250,Building,appended_new_activity,no_exact_core_match,,tpa-256fd7bc5176e2,BLD260527250,false
acc-ea655470624aa3a54441,BLD-26-0527251,Building,appended_new_activity,no_exact_core_match,,tpa-675439e8f7e654,BLD260527251,false
acc-8f792c1ff79104492866,BLD-26-0527252,Building,appended_new_activity,no_exact_core_match,,tpa-64eeb9e0c77e8d,BLD260527252,false
acc-d6333c5fa2204c12ab33,BLD-26-0527253,Building,appended_new_activity,no_exact_core_match,,tpa-90a760a5eb3eec,BLD260527253,false
acc-53b19e890a1e61687d91,BLD-26-0527254,Building,appended_new_activity,no_exact_core_match,,tpa-99bb8d758e2b0c,BLD260527254,false
acc-e7e9f29d57f6e1df01cb,BLD-26-0527255,Building,appended_new_activity,no_exact_core_match,,tpa-a8f7617760c44e,BLD260527255,false
acc-1c7c525d98aecc6bd61f,BLD-26-0527256,Building,appended_new_activity,no_exact_core_match,,tpa-79b52bd43198dd,BLD260527256,false
acc-085d235ad33b68fb7ce4,BLD-26-0527257,Building,appended_new_activity,no_exact_core_match,,tpa-5dcbbd16be01c8,BLD260527257,false
acc-364510536930b0c74284,BLD-26-0527258,Building,appended_new_activity,no_exact_core_match,,tpa-8779fdbc2adb0c,BLD260527258,false
acc-73575e594a2ca8c1acf1,BLD-26-0527259,Building,appended_new_activity,no_exact_core_match,,tpa-b0e5bda1eae299,BLD260527259,false
acc-25116aece3cf6cd7cb84,BLD-26-0527260,Building,appended_new_activity,no_exact_core_match,,tpa-30239669ba4fe2,BLD260527260,false
acc-92913c67a892a45c4191,BLD-26-0527261,Building,appended_new_activity,no_exact_core_match,,tpa-15271ee14bf7e8,BLD260527261,false
acc-318d81efdfdb8ac182a3,BLD-26-0527262,Building,appended_new_activity,no_exact_core_match,,tpa-fc3f0ed8f977b2,BLD260527262,false
acc-edf218c1fb8e683be43e,BLD-26-0527263,Building,appended_new_activity,no_exact_core_match,,tpa-732d247ea3d5aa,BLD260527263,false
acc-3a36dbc21f720e7cb697,BLD-26-0527264,Building,appended_new_activity,no_exact_core_match,,tpa-02c14951f624ee,BLD260527264,false
acc-fdff970d0693bc95ed07,BLD-26-0527265,Building,appended_new_activity,no_exact_core_match,,tpa-378a7fcbdad791,BLD260527265,false
acc-4db612b61834695fd0f7,BLD-26-0527266,Building,appended_new_activity,no_exact_core_match,,tpa-790d3e211247ee,BLD260527266,false
acc-a487be8372fe76339810,BLD-26-0527267,Building,appended_new_activity,no_exact_core_match,,tpa-d05b22c3bc0161,BLD260527267,false
acc-5f0caa3dc62bbbc294d9,BLD-26-0527268,Building,appended_new_activity,no_exact_core_match,,tpa-da07239c3d0072,BLD260527268,false
acc-f3011c3a33f5014f3bbb,BLD-26-0527269,Building,appended_new_activity,no_exact_core_match,,tpa-dbc61d17b2fe45,BLD260527269,false
acc-4c61da324875a02f8a69,BLD-26-0527270,Building,appended_new_activity,no_exact_core_match,,tpa-8d25c0a87f7626,BLD260527270,false
acc-de8671fbacaeb264b61a,BLD-26-0527271,Building,appended_new_activity,no_exact_core_match,,tpa-dfb944b53d4141,BLD260527271,false
acc-6489a37cdca595c98501,BLD-26-0527272,Building,appended_new_activity,no_exact_core_match,,tpa-d7ad6cfc1b63be,BLD260527272,false
acc-7196509d89f6ac302ec2,BLD-26-0527273,Building,appended_new_activity,no_exact_core_match,,tpa-212761f0a41152,BLD260527273,false
acc-93e22a31cc7b42ae798e,BLD-26-0527274,Building,appended_new_activity,no_exact_core_match,,tpa-bc75de52b0bf95,BLD260527274,false
acc-2f73a0dcc3b2b51d161f,BLD-26-0527275,Building,appended_new_activity,no_exact_core_match,,tpa-438b883f214801,BLD260527275,false
acc-f00bbe23c9f3896b554c,BLD-26-0527276,Building,appended_new_activity,no_exact_core_match,,tpa-321c526809196c,BLD260527276,false
acc-b1df82443cfa88ab983e,BLD-26-0527277,Building,appended_new_activity,no_exact_core_match,,tpa-33a68711690e80,BLD260527277,false
acc-4dd5d182a7ab924a553b,BLD-26-0527278,Building,appended_new_activity,no_exact_core_match,,tpa-0b3d0a87bf4b98,BLD260527278,false
acc-25122040fd0b035fc088,BLD-26-0527279,Building,appended_new_activity,no_exact_core_match,,tpa-8331d3c03e350a,BLD260527279,false
acc-43e08abe620e941db2b5,BLD-26-0527280,Building,appended_new_activity,no_exact_core_match,,tpa-88deb103709ef3,BLD260527280,false
acc-06feff70a7e262b0e5ce,BLD-26-0527281,Building,appended_new_activity,no_exact_core_match,,tpa-b928e2757e9cb7,BLD260527281,false
acc-ad10c384e0a3bcaf9f1a,BLD-26-0527282,Building,appended_new_activity,no_exact_core_match,,tpa-0380c509cfed25,BLD260527282,false
acc-066a1c1bed2888c04f8e,BLD-26-0527283,Building,appended_new_activity,no_exact_core_match,,tpa-b9aaba33efdd13,BLD260527283,false
acc-a73cb7aa2e2e04f1768e,BLD-26-0527284,Building,appended_new_activity,no_exact_core_match,,tpa-52e2eabbf06d15,BLD260527284,false
acc-9ede998aa2c8e2d36e33,BLD-26-0527285,Building,appended_new_activity,no_exact_core_match,,tpa-49439fb245d82b,BLD260527285,false
acc-3670572ae60452931699,BLD-26-0527286,Building,appended_new_activity,no_exact_core_match,,tpa-c143a2eb2d3446,BLD260527286,false
acc-c69f29ace604f767fe5e,BLD-26-0527287,Building,appended_new_activity,no_exact_core_match,,tpa-67e091a4b2aa4a,BLD260527287,false
acc-8f7b09473054062f45e8,BLD-26-0527288,Building,appended_new_activity,no_exact_core_match,,tpa-0a0ffa67c6d662,BLD260527288,false
acc-70338778d119418d6854,BLD-26-0527289,Building,appended_new_activity,no_exact_core_match,,tpa-01042f32a655b1,BLD260527289,false
acc-480625ec80202784bf27,BLD-26-0527290,Building,appended_new_activity,no_exact_core_match,,tpa-0abdd59aaba063,BLD260527290,false
acc-ce4b22283e3a3c1a5ffc,BLD-26-0527291,Building,appended_new_activity,no_exact_core_match,,tpa-d94bde96c317c7,BLD260527291,false
acc-2ac8b97191d219d17b76,BLD-26-0527292,Building,appended_new_activity,no_exact_core_match,,tpa-fa1dd1c862cda8,BLD260527292,false
acc-4902436536ac45b05196,BLD-26-0527293,Building,appended_new_activity,no_exact_core_match,,tpa-194935e1192a21,BLD260527293,false
acc-b337f85453fa0948d1f3,BLD-26-0527294,Building,appended_new_activity,no_exact_core_match,,tpa-bb63b5fff816d9,BLD260527294,false
acc-dbed3c4d50c2b0fea3b0,BLD-26-0527295,Building,appended_new_activity,no_exact_core_match,,tpa-1b701417fc13f4,BLD260527295,false
acc-afcce6455889356766f1,BLD-26-0527296,Building,appended_new_activity,no_exact_core_match,,tpa-6820dd11fbac19,BLD260527296,false
acc-9dafbaa5e87397684e39,BLD-26-0527297,Building,appended_new_activity,no_exact_core_match,,tpa-afafb2476a9926,BLD260527297,false
acc-a2ddefcd08c9684da275,BLD-26-0527298,Building,appended_new_activity,no_exact_core_match,,tpa-62829a4f8df944,BLD260527298,false
acc-d6dd8bbe1db8dc1d3465,BLD-26-0527299,Building,appended_new_activity,no_exact_core_match,,tpa-9fd286aab61472,BLD260527299,false
acc-b755a456aa0779862eeb,BLD-26-0527300,Building,appended_new_activity,no_exact_core_match,,tpa-040c7c9bab0a20,BLD260527300,false
acc-8a41dfea85db20befe56,BLD-26-0527301,Building,appended_new_activity,no_exact_core_match,,tpa-f9a998646122a1,BLD260527301,false
acc-d6c7f9423a9a603953a2,BLD-26-0527302,Building,appended_new_activity,no_exact_core_match,,tpa-833469c7a3edaf,BLD260527302,false
acc-0eaef8ed2fa7e563d688,BLD-26-0527303,Building,appended_new_activity,no_exact_core_match,,tpa-6642b4a350af6f,BLD260527303,false
acc-8f1ca1943db4fb306218,BLD-26-0527304,Building,appended_new_activity,no_exact_core_match,,tpa-14615b266f585a,BLD260527304,false
acc-91d8368233246d83af90,BLD-26-0527305,Building,appended_new_activity,no_exact_core_match,,tpa-7588e36f7e2587,BLD260527305,false
acc-86932ff4adbea2b6ebd4,BLD-26-0527306,Building,appended_new_activity,no_exact_core_match,,tpa-49d9f5e9233e75,BLD260527306,false
acc-93dcfa575412aaf97675,BLD-26-0527307,Building,appended_new_activity,no_exact_core_match,,tpa-f46d17d0363a34,BLD260527307,false
acc-0ce62bdc8da17dd5b345,BLD-26-0527308,Building,appended_new_activity,no_exact_core_match,,tpa-a37b810e697a9d,BLD260527308,false
acc-2dbf2d81a736a9044e9d,BLD-26-0527309,Building,appended_new_activity,no_exact_core_match,,tpa-d504333b2b9e0a,BLD260527309,false
acc-13732e2015541a880a7b,BLD-26-0527310,Building,appended_new_activity,no_exact_core_match,,tpa-c79bf4966f7d9a,BLD260527310,false
acc-383ef63c452e17a29f0f,BLD-26-0527311,Building,appended_new_activity,no_exact_core_match,,tpa-ea5b57cc5bdb3a,BLD260527311,false
acc-fd7baa5bd45027e87376,BLD-26-0527312,Building,appended_new_activity,no_exact_core_match,,tpa-d13a30edc2b1f2,BLD260527312,false
acc-acd61cf3fd2499f658fd,BLD-26-0527313,Building,appended_new_activity,no_exact_core_match,,tpa-88357f61cb64c4,BLD260527313,false
acc-e9b3660b73794891f8c8,BLD-26-0527314,Building,appended_new_activity,no_exact_core_match,,tpa-c8758b39282bd8,BLD260527314,false
acc-2efff8b408a2f862d5e8,BLD-26-0527315,Building,appended_new_activity,no_exact_core_match,,tpa-a62a3be4563591,BLD260527315,false
acc-2e45802178026363b1b3,BLD-26-0527316,Building,appended_new_activity,no_exact_core_match,,tpa-b1630588dba4c0,BLD260527316,false
acc-bb52c13f597a3fd7e864,BLD-26-0527317,Building,appended_new_activity,no_exact_core_match,,tpa-a6dee28b9896d3,BLD260527317,false
acc-116de220f92e6f02bb39,BLD-26-0527318,Building,appended_new_activity,no_exact_core_match,,tpa-bd40f5f4262bd9,BLD260527318,false
acc-247e2ce55cd813b7808b,BLD-26-0527319,Building,appended_new_activity,no_exact_core_match,,tpa-27e6a49b6b6ae5,BLD260527319,false
acc-d4f1fa5c16b2e378bc37,BLD-26-0527320,Building,appended_new_activity,no_exact_core_match,,tpa-a0d4453ce8c3d6,BLD260527320,false
acc-27e4f7bad2846e898365,BLD-26-0527321,Building,appended_new_activity,no_exact_core_match,,tpa-b3122999b6a927,BLD260527321,false
acc-45bcda3c476dfc873c37,BLD-26-0527322,Building,appended_new_activity,no_exact_core_match,,tpa-92e9909ab9575f,BLD260527322,false
acc-a3f1134b2a9504f76dc2,BLD-26-0527323,Building,appended_new_activity,no_exact_core_match,,tpa-91a7a7edfdf43f,BLD260527323,false
acc-3ace6634a1bb168bd203,BLD-26-0527324,Building,appended_new_activity,no_exact_core_match,,tpa-ef605c64fb2988,BLD260527324,false
acc-d1b7f59c2bc4d52a70c6,BLD-26-0527325,Building,appended_new_activity,no_exact_core_match,,tpa-affe307f0d724f,BLD260527325,false
acc-d194eb99ff218c1bbbfd,BLD-26-0527326,Building,appended_new_activity,no_exact_core_match,,tpa-f5ad89d2127507,BLD260527326,false
acc-df2597dd2b4c0b18e1d5,BLD-26-0527327,Building,appended_new_activity,no_exact_core_match,,tpa-45743e434f6428,BLD260527327,false
acc-f2b92087e521d67c2671,BLD-26-0527328,Building,appended_new_activity,no_exact_core_match,,tpa-438480d7c84d63,BLD260527328,false
acc-ccd824df24ea9f1a04ad,BLD-26-0527329,Building,appended_new_activity,no_exact_core_match,,tpa-77998c7b66f6eb,BLD260527329,false
acc-d187bac06add6f8abdc9,BLD-26-0527330,Building,appended_new_activity,no_exact_core_match,,tpa-c640111d3afc0b,BLD260527330,false
acc-24232211406bf1ea27ab,BLD-26-0527331,Building,appended_new_activity,no_exact_core_match,,tpa-d1119c6d06ab48,BLD260527331,false
acc-57bd17c2e8d915f25d6a,BLD-26-0527332,Building,appended_new_activity,no_exact_core_match,,tpa-9d35ac5e5bfbc6,BLD260527332,false
acc-a04026b7c5c40e9d222d,BLD-26-0527333,Building,appended_new_activity,no_exact_core_match,,tpa-4c04a549003f29,BLD260527333,false
acc-7c7a8ec63936e06b8091,BLD-26-0527334,Building,appended_new_activity,no_exact_core_match,,tpa-0cf4d6fbe4d638,BLD260527334,false
acc-254ffba2b34461ad4f8a,BLD-26-0527335,Building,appended_new_activity,no_exact_core_match,,tpa-b4d3274f45a6c5,BLD260527335,false
acc-20e89d6526ae6100889e,BLD-26-0527336,Building,appended_new_activity,no_exact_core_match,,tpa-fdaa041ced943e,BLD260527336,false
acc-a654e5c6a0bc6f3ba00d,BLD-26-0527337,Building,appended_new_activity,no_exact_core_match,,tpa-66524b179fd9d8,BLD260527337,false
acc-f31b37dbc15c7cf93d8a,BLD-26-0527338,Building,appended_new_activity,no_exact_core_match,,tpa-984e94ac56d727,BLD260527338,false
acc-58c0ea53d18f05f305eb,BLD-26-0527339,Building,appended_new_activity,no_exact_core_match,,tpa-170bac9918df39,BLD260527339,false
acc-0629d79170ab8630f8f6,BLD-26-0527340,Building,appended_new_activity,no_exact_core_match,,tpa-2ec30e522dc0f2,BLD260527340,false
acc-6f73c4674f974c9f0253,BLD-26-0527341,Building,appended_new_activity,no_exact_core_match,,tpa-bd90a0ae1a8c03,BLD260527341,false
acc-94f7892dac5496b599e1,BLD-26-0527342,Building,appended_new_activity,no_exact_core_match,,tpa-694e60c92c2a60,BLD260527342,false
acc-3bcfac485cc61b7c4158,BLD-26-0527343,Building,appended_new_activity,no_exact_core_match,,tpa-d92aa840305798,BLD260527343,false
acc-6e486a047e665546c381,BLD-26-0527344,Building,appended_new_activity,no_exact_core_match,,tpa-0530425ab3c669,BLD260527344,false
acc-b82011df89251cf2f056,BLD-26-0527345,Building,appended_new_activity,no_exact_core_match,,tpa-b50a6ac8495b61,BLD260527345,false
acc-51227e1d5f26bd92764a,BLD-26-0527346,Building,appended_new_activity,no_exact_core_match,,tpa-c95e7611bb6d80,BLD260527346,false
acc-12cbabd40b6f6e6251e0,BLD-26-0527347,Building,appended_new_activity,no_exact_core_match,,tpa-20b1431257d237,BLD260527347,false
acc-a24d4191761f8b68ff10,BLD-26-0527348,Building,appended_new_activity,no_exact_core_match,,tpa-566d497e4da1de,BLD260527348,false
acc-02325f22a1a11821f3ed,BLD-26-0527349,Building,appended_new_activity,no_exact_core_match,,tpa-30eb35beb23345,BLD260527349,false
acc-ac9a83754de8b82f0a87,BLD-26-0527350,Building,appended_new_activity,no_exact_core_match,,tpa-21a7d17b396490,BLD260527350,false
acc-46185b19a9ffe859dba2,BLD-26-0527351,Building,appended_new_activity,no_exact_core_match,,tpa-f676e48f7c418b,BLD260527351,false
acc-0d79694c56f242c1a779,BLD-26-0527352,Building,appended_new_activity,no_exact_core_match,,tpa-a06b5e428a078d,BLD260527352,false
acc-4f7df2537c5534de8347,BLD-26-0527353,Building,appended_new_activity,no_exact_core_match,,tpa-70c010337b9bdd,BLD260527353,false
acc-6eb0028ff59208a20f2a,BLD-26-0527354,Building,appended_new_activity,no_exact_core_match,,tpa-872a7cf47942aa,BLD260527354,false
acc-1e671d0dc976e627214d,BLD-26-0527355,Building,appended_new_activity,no_exact_core_match,,tpa-7ee82b9ddb0dd7,BLD260527355,false
acc-cd28f704bb11e6421a34,BLD-26-0527356,Building,appended_new_activity,no_exact_core_match,,tpa-156991f83c2779,BLD260527356,false
acc-b0f83b2d58fc6d251c5c,BLD-26-0527357,Building,appended_new_activity,no_exact_core_match,,tpa-c45d310e8cc08c,BLD260527357,false
acc-4172c774e0bf62440c7e,BLD-26-0527358,Building,appended_new_activity,no_exact_core_match,,tpa-f3e1783dbbe44c,BLD260527358,false
acc-b2fc547cffdbfdac720d,BLD-26-0527359,Building,appended_new_activity,no_exact_core_match,,tpa-69775a8deb8618,BLD260527359,false
acc-e7f0b9709505326e4c55,BLD-26-0527360,Building,appended_new_activity,no_exact_core_match,,tpa-c3a7d7e2f8ff67,BLD260527360,false
acc-af7c2bd40560d2dc24cb,BLD-26-0527361,Building,appended_new_activity,no_exact_core_match,,tpa-d1fe0d33dffb7b,BLD260527361,false
acc-fff7393f50dcd194ab4f,BLD-26-0527362,Building,appended_new_activity,no_exact_core_match,,tpa-2cc7c4aebc06ac,BLD260527362,false
acc-718f3a9846f10858fa05,BLD-26-0527363,Building,appended_new_activity,no_exact_core_match,,tpa-71095aabc11dfb,BLD260527363,false
acc-5bfd4e21ab3237c72608,BLD-26-0527364,Building,appended_new_activity,no_exact_core_match,,tpa-7188e0f94c4edf,BLD260527364,false
acc-f48a687aae620f3b974f,BLD-26-0527365,Building,appended_new_activity,no_exact_core_match,,tpa-df8444854694b8,BLD260527365,false
acc-d031341c91434eea8ae6,BLD-26-0527366,Building,appended_new_activity,no_exact_core_match,,tpa-2eb86cdc41875f,BLD260527366,false
acc-54d58e823b619e33510c,BLD-26-0527367,Building,appended_new_activity,no_exact_core_match,,tpa-0985dad17fe6f2,BLD260527367,false
acc-afcc3b54dda78f2274b5,BLD-26-0527368,Building,appended_new_activity,no_exact_core_match,,tpa-25c5a022bedc28,BLD260527368,false
acc-7f9218d3526d068cbdf1,BLD-26-0527369,Building,appended_new_activity,no_exact_core_match,,tpa-0ff5f6baeefe0d,BLD260527369,false
acc-8de805c0bd05f3776e14,BLD-26-0527370,Building,appended_new_activity,no_exact_core_match,,tpa-aade38a97e8eea,BLD260527370,false
acc-5ba477b59ce5cf4d7d84,BLD-26-0527371,Building,appended_new_activity,no_exact_core_match,,tpa-1ec4659c9664f5,BLD260527371,false
acc-701ae7c50ac55b719452,BLD-26-0527372,Building,appended_new_activity,no_exact_core_match,,tpa-6c0ccd125c816e,BLD260527372,false
acc-2954eeabb71a3bbb8f90,BLD-26-0527373,Building,appended_new_activity,no_exact_core_match,,tpa-377b53277546d0,BLD260527373,false
acc-dd9e066eb3bc8690d8de,BLD-26-0527374,Building,appended_new_activity,no_exact_core_match,,tpa-67e518497016b2,BLD260527374,false
acc-bc8bba2507b589ae0279,BLD-26-0527375,Building,appended_new_activity,no_exact_core_match,,tpa-880f9534ee8e6b,BLD260527375,false
acc-ab65ca29316981b543d1,BLD-26-0527376,Building,appended_new_activity,no_exact_core_match,,tpa-8cab06140f98f6,BLD260527376,false
acc-34a984cfaef1b7e6c10b,BLD-26-0527377,Building,appended_new_activity,no_exact_core_match,,tpa-993cd9cfecd9ac,BLD260527377,false
acc-4db382b9d7495287fecb,BLD-26-0527378,Building,appended_new_activity,no_exact_core_match,,tpa-6ef5e10637014a,BLD260527378,false
acc-cbcb596514e1008c193a,BLD-26-0527379,Building,appended_new_activity,no_exact_core_match,,tpa-e60111f41f1e80,BLD260527379,false
acc-9ec054592668d0000fbd,BLD-26-0527380,Building,appended_new_activity,no_exact_core_match,,tpa-9f825c662201a8,BLD260527380,false
acc-9d8edf7b61f701b76a1a,BLD-26-0527381,Building,appended_new_activity,no_exact_core_match,,tpa-7c1202ae77f785,BLD260527381,false
acc-6fa35eb38f6069e18e3c,BLD-26-0527382,Building,appended_new_activity,no_exact_core_match,,tpa-4d1895a613895a,BLD260527382,false
acc-75a707c28414be0db71c,BLD-26-0527383,Building,appended_new_activity,no_exact_core_match,,tpa-86c90fb292a235,BLD260527383,false
acc-e0f4996b4310dc919c14,BLD-26-0527384,Building,appended_new_activity,no_exact_core_match,,tpa-b50fb1526f937e,BLD260527384,false
acc-b72bb1e33133a1efe802,BLD-26-0527385,Building,appended_new_activity,no_exact_core_match,,tpa-bfd3505d61dcde,BLD260527385,false
acc-a052d116c38e69f06116,BLD-26-0527386,Building,appended_new_activity,no_exact_core_match,,tpa-0396cd44180eef,BLD260527386,false
acc-fdee311dd24b1597759f,BLD-26-0527387,Building,appended_new_activity,no_exact_core_match,,tpa-2c05a6adc33782,BLD260527387,false
acc-451326615da910a7fe09,BLD-26-0527388,Building,appended_new_activity,no_exact_core_match,,tpa-f601deabf8d184,BLD260527388,false
acc-1726b39a968c49dfdd82,BLD-26-0527389,Building,appended_new_activity,no_exact_core_match,,tpa-a267ea42374f60,BLD260527389,false
acc-77d8cb33dc2769c35e82,BLD-26-0527390,Building,appended_new_activity,no_exact_core_match,,tpa-ccfbeb7c8f54e3,BLD260527390,false
acc-1d25c5ecd380029cafc7,BLD-26-0527391,Building,appended_new_activity,no_exact_core_match,,tpa-9f574d589b6c85,BLD260527391,false
acc-063c878d0e0e571274d3,BLD-26-0527392,Building,appended_new_activity,no_exact_core_match,,tpa-0c5493453d0bd6,BLD260527392,false
acc-51483596b049c17e9f03,BLD-26-0527393,Building,appended_new_activity,no_exact_core_match,,tpa-151b5e216a645b,BLD260527393,false
acc-b647fad26b958ad40065,BLD-26-0527394,Building,appended_new_activity,no_exact_core_match,,tpa-a8b02b94bea775,BLD260527394,false
acc-91dd558cc4da7d070e99,BLD-26-0527395,Building,appended_new_activity,no_exact_core_match,,tpa-0ef29aa0bec9a0,BLD260527395,false
acc-21faa1bbf981257a2e8d,BLD-26-0527396,Building,appended_new_activity,no_exact_core_match,,tpa-b6e706a1630a53,BLD260527396,false
acc-5f108e3a3624a58683f0,BLD-26-0527397,Building,appended_new_activity,no_exact_core_match,,tpa-2c9daaa831cd5a,BLD260527397,false
acc-43ce339a3167c1508f66,BLD-26-0527398,Building,appended_new_activity,no_exact_core_match,,tpa-774e8c21abd81b,BLD260527398,false
acc-cdc2eca53671bf65bec9,BLD-26-0527399,Building,appended_new_activity,no_exact_core_match,,tpa-64b415425d1f42,BLD260527399,false
acc-4447a67e1e0a3ed5885c,BLD-26-0527400,Building,appended_new_activity,no_exact_core_match,,tpa-164216130f31c7,BLD260527400,false
acc-9d7c33a907a0088e162a,BLD-26-0527401,Building,appended_new_activity,no_exact_core_match,,tpa-81320f06071022,BLD260527401,false
acc-08706b4f86e28fc36cfe,BLD-26-0527402,Building,appended_new_activity,no_exact_core_match,,tpa-1028ce1d188e25,BLD260527402,false
acc-3be201337773f21c8cf5,BLD-26-0527403,Building,appended_new_activity,no_exact_core_match,,tpa-5ab2e32562ec2f,BLD260527403,false
acc-3d0f66cc7be4d3bd7170,BLD-26-0527404,Building,appended_new_activity,no_exact_core_match,,tpa-32dbe3b11a30df,BLD260527404,false
acc-6960095c5fcbf284e5cd,BLD-26-0527405,Building,appended_new_activity,no_exact_core_match,,tpa-46d166af9bc05c,BLD260527405,false
acc-c2a58f8ba874dd69a67b,BLD-26-0527406,Building,appended_new_activity,no_exact_core_match,,tpa-a0a23663b35e68,BLD260527406,false
acc-8812e18ca459e302ee53,BLD-26-0527407,Building,appended_new_activity,no_exact_core_match,,tpa-d8be5de0f12a0c,BLD260527407,false
acc-2e1e2662e8d8b44e99fd,BLD-26-0527408,Building,appended_new_activity,no_exact_core_match,,tpa-8b3caf0bd285b5,BLD260527408,false
acc-d54361a273cc43a48a6a,BLD-26-0527409,Building,appended_new_activity,no_exact_core_match,,tpa-d417addf6ca556,BLD260527409,false
acc-1184220acce011f09ce7,BLD-26-0527410,Building,appended_new_activity,no_exact_core_match,,tpa-40dd8d415d3d06,BLD260527410,false
acc-68e5cb1680ce715fa1c2,BLD-26-0527411,Building,appended_new_activity,no_exact_core_match,,tpa-4309b954e8b844,BLD260527411,false
acc-c80c647e72119b1890d2,BLD-26-0527412,Building,appended_new_activity,no_exact_core_match,,tpa-f03f5cca0a4782,BLD260527412,false
acc-4f0a0745a503ea502d2a,BLD-26-0527413,Building,appended_new_activity,no_exact_core_match,,tpa-66ed848d3aa960,BLD260527413,false
acc-d45a0c2798e735e7eaf3,BLD-26-0527414,Building,appended_new_activity,no_exact_core_match,,tpa-0fe07d4860c5ac,BLD260527414,false
acc-3f0269d7bbe20a290214,BLD-26-0527415,Building,appended_new_activity,no_exact_core_match,,tpa-763bb907112699,BLD260527415,false
acc-15428e773cc4ee14753a,BLD-26-0527416,Building,appended_new_activity,no_exact_core_match,,tpa-3ae939031ec45e,BLD260527416,false
acc-74eaff282d1b699cc1e3,BLD-26-0527417,Building,appended_new_activity,no_exact_core_match,,tpa-88e84b31f15586,BLD260527417,false
acc-afc752760cbcad685274,BLD-26-0527418,Building,appended_new_activity,no_exact_core_match,,tpa-f045af10121f9e,BLD260527418,false
acc-ddb80f55474126ae1522,BLD-26-0527419,Building,appended_new_activity,no_exact_core_match,,tpa-28fa4a0a7d39a1,BLD260527419,false
acc-3c655dca15971b8b0ca6,BLD-26-0527420,Building,appended_new_activity,no_exact_core_match,,tpa-a63455779c215c,BLD260527420,false
acc-0df271979a0bab4dbd3c,BLD-26-0527421,Building,appended_new_activity,no_exact_core_match,,tpa-f038262fa2755c,BLD260527421,false
acc-6e4452144cbaf14bcfc0,BLD-26-0527422,Building,appended_new_activity,no_exact_core_match,,tpa-0249880a7c86b2,BLD260527422,false
acc-522c4f5926969d178dcc,BLD-26-0527423,Building,appended_new_activity,no_exact_core_match,,tpa-a309f9f75396ec,BLD260527423,false
acc-ca31aa6f0c6eb45eee34,BLD-26-0527424,Building,appended_new_activity,no_exact_core_match,,tpa-8095f81d6c31ad,BLD260527424,false
acc-4f0e0aa882c90091f9ac,BLD-26-0527425,Building,appended_new_activity,no_exact_core_match,,tpa-c6e54e28482b5a,BLD260527425,false
acc-7b811644dd0fb0df24e9,BLD-26-0527426,Building,appended_new_activity,no_exact_core_match,,tpa-8bc41563fe71b9,BLD260527426,false
acc-6146042e6b7de5dc757c,BLD-26-0527427,Building,appended_new_activity,no_exact_core_match,,tpa-ca5c12bbea9a2a,BLD260527427,false
acc-dd8c8ed57a37c534310f,BLD-26-0527428,Building,appended_new_activity,no_exact_core_match,,tpa-14332ab4872857,BLD260527428,false
acc-a1341c870c565681fa6b,BLD-26-0527429,Building,appended_new_activity,no_exact_core_match,,tpa-32288fad2261e1,BLD260527429,false
acc-b174d36136e0cd89fddb,BLD-26-0527430,Building,appended_new_activity,no_exact_core_match,,tpa-92da194ff95459,BLD260527430,false
acc-80d3f483fe85f5a30f2a,BLD-26-0527431,Building,appended_new_activity,no_exact_core_match,,tpa-5e3a25a110ae6b,BLD260527431,false
acc-f96bcc849b80af8ef139,BLD-26-0527432,Building,appended_new_activity,no_exact_core_match,,tpa-367848905b2e9b,BLD260527432,false
acc-d47759a7f96e30dcc8d3,BLD-26-0527433,Building,appended_new_activity,no_exact_core_match,,tpa-b395a4b59eb522,BLD260527433,false
acc-a64609369156af948a89,BLD-26-0527434,Building,appended_new_activity,no_exact_core_match,,tpa-1e99ff00da28f6,BLD260527434,false
acc-bf09eb1e00c5bfa4aa3c,BLD-26-0527435,Building,appended_new_activity,no_exact_core_match,,tpa-1332b0217247dc,BLD260527435,false
acc-d4bc2dfdb3fdb84250dc,BLD-26-0527436,Building,appended_new_activity,no_exact_core_match,,tpa-e4a51f4ce268eb,BLD260527436,false
acc-80613132bcf5a2035f13,BLD-26-0527437,Building,appended_new_activity,no_exact_core_match,,tpa-8e530dca40ca65,BLD260527437,false
acc-c8bcbd89048285423991,BLD-26-0527438,Building,appended_new_activity,no_exact_core_match,,tpa-cfc48533f839d5,BLD260527438,false
acc-2cb9ad12a26730c75903,BLD-26-0527439,Building,appended_new_activity,no_exact_core_match,,tpa-4df4c1b45e1b4a,BLD260527439,false
acc-8adae98540d90bd6af65,BLD-26-0527440,Building,appended_new_activity,no_exact_core_match,,tpa-2ce98549c4334d,BLD260527440,false
acc-f1344c2e4244807bcb0e,BLD-26-0527441,Building,appended_new_activity,no_exact_core_match,,tpa-8a463787bbc673,BLD260527441,false
acc-d539d8d897d22fef45ef,BLD-26-0527442,Building,appended_new_activity,no_exact_core_match,,tpa-d4c88e5350c5bf,BLD260527442,false
acc-3fc210624a8970bbef91,BLD-26-0527443,Building,appended_new_activity,no_exact_core_match,,tpa-2ea1646f222d36,BLD260527443,false
acc-4fddbafa547a95c50467,BLD-26-0527444,Building,appended_new_activity,no_exact_core_match,,tpa-686c8c21233221,BLD260527444,false
acc-3d1d3834571a7a0dd8a1,BLD-26-0527445,Building,appended_new_activity,no_exact_core_match,,tpa-e44ee5c527720d,BLD260527445,false
acc-b509f9e27743fd4dcd11,BLD-26-0527446,Building,appended_new_activity,no_exact_core_match,,tpa-67a0f85a3b92ea,BLD260527446,false
acc-e97cabeca17c6b4d2804,BLD-26-0527447,Building,appended_new_activity,no_exact_core_match,,tpa-6134384c74de7e,BLD260527447,false
acc-d4329acf59611bd921c4,BLD-26-0527448,Building,appended_new_activity,no_exact_core_match,,tpa-2191406a16ab33,BLD260527448,false
acc-57eb845b212bd1f069d2,BLD-26-0527449,Building,appended_new_activity,no_exact_core_match,,tpa-668df5d91dee21,BLD260527449,false
acc-42809f70724385f97553,BLD-26-0527450,Building,appended_new_activity,no_exact_core_match,,tpa-0b757ef222871d,BLD260527450,false
acc-c7906c2bf5fd77ef5263,BLD-26-0527451,Building,appended_new_activity,no_exact_core_match,,tpa-1f6fb7045273cd,BLD260527451,false
acc-f7b8adcb74c3987d0d42,BLD-26-0527452,Building,appended_new_activity,no_exact_core_match,,tpa-3334999f89a588,BLD260527452,false
acc-cbc8c7ecf9307420702e,BLD-26-0527453,Building,appended_new_activity,no_exact_core_match,,tpa-475be58292b2fe,BLD260527453,false
acc-53886ea483c836b8da0a,BLD-26-0527454,Building,appended_new_activity,no_exact_core_match,,tpa-5db92e184502f4,BLD260527454,false
acc-7b081057317905431b6e,BLD-26-0527455,Building,appended_new_activity,no_exact_core_match,,tpa-64a3d7ce974329,BLD260527455,false
acc-0b4f424585dbd5255478,BLD-26-0527456,Building,appended_new_activity,no_exact_core_match,,tpa-797e5d2004351c,BLD260527456,false
acc-b1314ccd09cbcc1f65cd,BLD-26-0527457,Building,appended_new_activity,no_exact_core_match,,tpa-f7256205784463,BLD260527457,false
acc-5c86826f9ec1c7ec926e,BLD-26-0527458,Building,appended_new_activity,no_exact_core_match,,tpa-62df039b7598d8,BLD260527458,false
acc-b9074b1ef7b13c73372a,BLD-26-0527459,Building,appended_new_activity,no_exact_core_match,,tpa-88f50bb54b775c,BLD260527459,false
acc-9834fa5968bf0328184c,BLD-26-0527460,Building,appended_new_activity,no_exact_core_match,,tpa-88b3a6557ceda2,BLD260527460,false
acc-ddbc93a59bd48b089b70,BLD-26-0527461,Building,appended_new_activity,no_exact_core_match,,tpa-e822dcf9b22f3e,BLD260527461,false
acc-3cd80a70648c87433176,BLD-26-0527462,Building,appended_new_activity,no_exact_core_match,,tpa-b66384e7a66d2f,BLD260527462,false
acc-82472dbb3c930ab59479,BLD-26-0527463,Building,appended_new_activity,no_exact_core_match,,tpa-947840fd5ba2d9,BLD260527463,false
acc-1ee36c9d710511bb2457,BLD-26-0527464,Building,appended_new_activity,no_exact_core_match,,tpa-6a872bd56b5cc2,BLD260527464,false
acc-69361064523c909050ae,BLD-26-0527465,Building,appended_new_activity,no_exact_core_match,,tpa-a670dd9ad73e0b,BLD260527465,false
acc-87f659e0f1c4f1417482,BLD-26-0527466,Building,appended_new_activity,no_exact_core_match,,tpa-f4d5f3784c903f,BLD260527466,false
acc-42a23a61115aead80b58,BLD-26-0527467,Building,appended_new_activity,no_exact_core_match,,tpa-5da67876cad310,BLD260527467,false
acc-54bc53f07a466d54feda,BLD-26-0527468,Building,appended_new_activity,no_exact_core_match,,tpa-ad0198acfb3dbe,BLD260527468,false
acc-5011d51cf70d5f313b85,BLD-26-0527469,Building,appended_new_activity,no_exact_core_match,,tpa-9c4b5471762fc0,BLD260527469,false
acc-95d430af2c7ab339458e,BLD-26-0527470,Building,appended_new_activity,no_exact_core_match,,tpa-d4ef317c97923e,BLD260527470,false
acc-08d235b018ddc1f362cf,BLD-26-0527471,Building,appended_new_activity,no_exact_core_match,,tpa-cee5e422bd41cf,BLD260527471,false
acc-400a5b42ebf65df3b305,BLD-26-0527472,Building,appended_new_activity,no_exact_core_match,,tpa-0bbe59c1722782,BLD260527472,false
acc-0822953bc676a3ab3d7e,BLD-26-0527473,Building,appended_new_activity,no_exact_core_match,,tpa-63fa67773c9f93,BLD260527473,false
acc-14885981d11cd3f399c7,BLD-26-0527474,Building,appended_new_activity,no_exact_core_match,,tpa-4017c91dc629a2,BLD260527474,false
acc-6ab6213cfd286ede4bb2,BLD-26-0527475,Building,appended_new_activity,no_exact_core_match,,tpa-f131c316d3d2e7,BLD260527475,false
acc-e2c357a02f0a2d2166fd,BLD-26-0527476,Building,appended_new_activity,no_exact_core_match,,tpa-4df2324b4bfecc,BLD260527476,false
acc-5d6a588a614660529014,BLD-26-0527477,Building,appended_new_activity,no_exact_core_match,,tpa-73d856ef1ff93d,BLD260527477,false
acc-d55775d0601f076c3a4a,BLD-26-0527478,Building,appended_new_activity,no_exact_core_match,,tpa-7c6a0705de810c,BLD260527478,false
acc-158ce63bb6411e628f7f,BLD-26-0527479,Building,appended_new_activity,no_exact_core_match,,tpa-e91e486243d852,BLD260527479,false
acc-1c544aaf4ecea3f0ac00,BLD-26-0527480,Building,appended_new_activity,no_exact_core_match,,tpa-c53442fa8dd409,BLD260527480,false
acc-acb09bd9bbef92ebf33a,BLD-26-0527481,Building,appended_new_activity,no_exact_core_match,,tpa-fc0046bfbb7182,BLD260527481,false
acc-ea326462ad3b96cd89cf,BLD-26-0527482,Building,appended_new_activity,no_exact_core_match,,tpa-4f271b5ddb48d5,BLD260527482,false
acc-eb81782c050e4665ae53,BLD-26-0527483,Building,appended_new_activity,no_exact_core_match,,tpa-1e22b6c87da2f2,BLD260527483,false
acc-a270d7aeb7ba6d39aa79,BLD-26-0527484,Building,appended_new_activity,no_exact_core_match,,tpa-cf8492a1ecac36,BLD260527484,false
acc-bdb44d0b60b4694c0e7b,BLD-26-0527485,Building,appended_new_activity,no_exact_core_match,,tpa-23f1821e95a4fd,BLD260527485,false
acc-635c74928f7e8ce3fb83,BLD-26-0527486,Building,appended_new_activity,no_exact_core_match,,tpa-3c9caefb60f987,BLD260527486,false
acc-0d612426f0774fe98f84,BLD-26-0527487,Building,appended_new_activity,no_exact_core_match,,tpa-9cb02dc3981553,BLD260527487,false
acc-33e18d05b45764797d21,BLD-26-0527488,Building,appended_new_activity,no_exact_core_match,,tpa-79f2102d9c4f69,BLD260527488,false
acc-ebb2951c37a37d93fc83,BLD-26-0527489,Building,appended_new_activity,no_exact_core_match,,tpa-3b889b649eb17c,BLD260527489,false
acc-974e5f6f781a2d685417,BLD-26-0527490,Building,appended_new_activity,no_exact_core_match,,tpa-9fc520faca6cf3,BLD260527490,false
acc-e073194f1d65e6f98af4,BLD-26-0527491,Building,appended_new_activity,no_exact_core_match,,tpa-aee8f9d1fa9c02,BLD260527491,false
acc-428e5d0160f96969f1e5,BLD-26-0527492,Building,appended_new_activity,no_exact_core_match,,tpa-da5f1c4885b625,BLD260527492,false
acc-09f8ab08fcb4cb6deac8,BLD-26-0527493,Building,appended_new_activity,no_exact_core_match,,tpa-56e39b72925b62,BLD260527493,false
acc-4bc9c08eb57068e5ad68,BLD-26-0527494,Building,appended_new_activity,no_exact_core_match,,tpa-69dbd12cf602ab,BLD260527494,false
acc-61f9c4eabb809b769112,BLD-26-0527495,Building,appended_new_activity,no_exact_core_match,,tpa-9209abf6053320,BLD260527495,false
acc-1950caa751c008794651,BLD-26-0527496,Building,appended_new_activity,no_exact_core_match,,tpa-ff613846578102,BLD260527496,false
acc-5a89d016647e54d08744,BLD-26-0527497,Building,appended_new_activity,no_exact_core_match,,tpa-7db58a88ec1c19,BLD260527497,false
acc-bb72a7d98beaa9b7d307,BLD-26-0527498,Building,appended_new_activity,no_exact_core_match,,tpa-30aa00d18d0236,BLD260527498,false
acc-b5423e5b81e7c4423327,BLD-26-0527499,Building,appended_new_activity,no_exact_core_match,,tpa-a7b55dad381568,BLD260527499,false
acc-75ee2b2c9254a072d7ab,BLD-26-0527500,Building,appended_new_activity,no_exact_core_match,,tpa-7a57062d832020,BLD260527500,false
acc-54c9ef1dc3de163c956c,BLD-26-0527501,Building,appended_new_activity,no_exact_core_match,,tpa-2152fec4d89471,BLD260527501,false
acc-a30d5eea1563df51a0cb,BLD-26-0527502,Building,appended_new_activity,no_exact_core_match,,tpa-149f5e5ed35d4b,BLD260527502,false
acc-df159e893228a291a293,BLD-26-0527503,Building,appended_new_activity,no_exact_core_match,,tpa-d69b0e2a285edc,BLD260527503,false
acc-53d17eb9a372550eca1f,BLD-26-0527504,Building,appended_new_activity,no_exact_core_match,,tpa-559b31d2fb3612,BLD260527504,false
acc-ab2b2b0b55aed9ee5ac7,BLD-26-0527505,Building,appended_new_activity,no_exact_core_match,,tpa-004755ec57af9c,BLD260527505,false
acc-3b8ac252cb0960ab034b,BLD-26-0527506,Building,appended_new_activity,no_exact_core_match,,tpa-84a86ac10005b6,BLD260527506,false
acc-35b185fe25bafe1dabf0,BLD-26-0527507,Building,appended_new_activity,no_exact_core_match,,tpa-503d1e01a013c0,BLD260527507,false
acc-f731bea621c00f91d3bc,BLD-26-0527508,Building,appended_new_activity,no_exact_core_match,,tpa-871770cdc99c9c,BLD260527508,false
acc-f4a62ab1cbe45f299afe,BLD-26-0527509,Building,appended_new_activity,no_exact_core_match,,tpa-1a54447939880c,BLD260527509,false
acc-2d8a050f9bcccfe56b58,BLD-26-0527510,Building,appended_new_activity,no_exact_core_match,,tpa-ec9bb825699862,BLD260527510,false
acc-cb95b440aabb8ee5f3ae,BLD-26-0527511,Building,appended_new_activity,no_exact_core_match,,tpa-5839bafefa972c,BLD260527511,false
acc-eab3bd020104b2231062,BLD-26-0527512,Building,appended_new_activity,no_exact_core_match,,tpa-d6915429a69bbf,BLD260527512,false
acc-4c289ee06688c14f6894,BLD-26-0527513,Building,appended_new_activity,no_exact_core_match,,tpa-7ccf4651fae5a4,BLD260527513,false
acc-cfbd82d40982840e8c7a,BLD-26-0527514,Building,appended_new_activity,no_exact_core_match,,tpa-ad7b7ea9fe2f8a,BLD260527514,false
acc-b6d08261d3431b946130,BLD-26-0527515,Building,appended_new_activity,no_exact_core_match,,tpa-b9652b8ad9f967,BLD260527515,false
acc-27dcc730720c815e3972,BLD-26-0527516,Building,appended_new_activity,no_exact_core_match,,tpa-7c8fe69453449e,BLD260527516,false
acc-16aec9f81c1a5c818c83,BLD-26-0527517,Building,appended_new_activity,no_exact_core_match,,tpa-e4fc2e9773d747,BLD260527517,false
acc-eb69698f6415570f77a9,BLD-26-0527518,Building,appended_new_activity,no_exact_core_match,,tpa-168d167b6b5733,BLD260527518,false
acc-b23963984c739e61a400,BLD-26-0527519,Building,appended_new_activity,no_exact_core_match,,tpa-fa9b3b4b9023de,BLD260527519,false
acc-ec22292c9de3174f73b2,BLD-26-0527520,Building,appended_new_activity,no_exact_core_match,,tpa-35521ef2166507,BLD260527520,false
acc-b919015df6d5b932fa81,BLD-26-0527521,Building,appended_new_activity,no_exact_core_match,,tpa-544258f55cfa4f,BLD260527521,false
acc-40ff003605c7b271fdfe,BLD-26-0527522,Building,appended_new_activity,no_exact_core_match,,tpa-0b15e2d68789ae,BLD260527522,false
acc-3f825adf5142a574f246,BLD-26-0527523,Building,appended_new_activity,no_exact_core_match,,tpa-0a8ca22ee34b48,BLD260527523,false
acc-2db130ec06b83bd8a7ab,BLD-26-0527524,Building,appended_new_activity,no_exact_core_match,,tpa-cb39d92de4768f,BLD260527524,false
acc-374600ac956e6c46602a,BLD-26-0527525,Building,appended_new_activity,no_exact_core_match,,tpa-f31fda9c0f7838,BLD260527525,false
acc-239242e4d4e17492b456,BLD-26-0527526,Building,appended_new_activity,no_exact_core_match,,tpa-8d24f6ba59293b,BLD260527526,false
acc-78b7bc160bc0e30b27ae,BLD-26-0527527,Building,appended_new_activity,no_exact_core_match,,tpa-a5c88033bd7f09,BLD260527527,false
acc-a8a6d45aafb5aefc3257,BLD-26-0527528,Building,appended_new_activity,no_exact_core_match,,tpa-3e6bc91dbf8a83,BLD260527528,false
acc-199987be1df05460f807,BLD-26-0527529,Building,appended_new_activity,no_exact_core_match,,tpa-ea86912b023398,BLD260527529,false
acc-a4f9eeaaaf1b6c227416,BLD-26-0527530,Building,appended_new_activity,no_exact_core_match,,tpa-5b15de0280e3ee,BLD260527530,false
acc-fc0ca689a3e7b2727e22,BLD-26-0527531,Building,appended_new_activity,no_exact_core_match,,tpa-ed34668d3c97d8,BLD260527531,false
acc-51b3ebd1b28e250d12f0,BLD-26-0527532,Building,appended_new_activity,no_exact_core_match,,tpa-8eacefad249f28,BLD260527532,false
acc-31579bbb74c47426336d,BLD-26-0527533,Building,appended_new_activity,no_exact_core_match,,tpa-5cfcdd0dfa70ef,BLD260527533,false
acc-cd1bd30881fa794a1a02,BLD-26-0527534,Building,appended_new_activity,no_exact_core_match,,tpa-fca3add03f4c9b,BLD260527534,false
acc-baa1ba5fa3d5a99df91b,BLD-26-0527535,Building,appended_new_activity,no_exact_core_match,,tpa-645a9495392c83,BLD260527535,false
acc-ef8e2994343f2ff6bf19,BLD-26-0527536,Building,appended_new_activity,no_exact_core_match,,tpa-136722e03f0b9a,BLD260527536,false
acc-66b25bc5081788a928ff,BLD-26-0527537,Building,appended_new_activity,no_exact_core_match,,tpa-b012ffb9bc0abb,BLD260527537,false
acc-11522aaf17af2068ae10,BLD-26-0527538,Building,appended_new_activity,no_exact_core_match,,tpa-08c9c154574a5d,BLD260527538,false
acc-491eddc553bcbeac5ef1,BLD-26-0527539,Building,appended_new_activity,no_exact_core_match,,tpa-a3ff0c32b01f7f,BLD260527539,false
acc-c68dcdd29befde783504,BLD-26-0527540,Building,appended_new_activity,no_exact_core_match,,tpa-7349bb61cef652,BLD260527540,false
acc-4273d37ece0f8dfa83d8,BLD-26-0527541,Building,appended_new_activity,no_exact_core_match,,tpa-88c11f2aa1ca7a,BLD260527541,false
acc-24b0687c6b6ede36c2b4,BLD-26-0527542,Building,appended_new_activity,no_exact_core_match,,tpa-8a7093ff0d9223,BLD260527542,false
acc-2f61ed3bf57aef1b5003,BLD-26-0527543,Building,appended_new_activity,no_exact_core_match,,tpa-d2cb032d806f66,BLD260527543,false
acc-a1f93deac1b189f68a41,BLD-26-0527544,Building,appended_new_activity,no_exact_core_match,,tpa-0f86e0a279b63f,BLD260527544,false
acc-6c9240b8d32d60f355bc,BLD-26-0527545,Building,appended_new_activity,no_exact_core_match,,tpa-ba648ad493c2c5,BLD260527545,false
acc-db6a27e08dff9dd137b5,BLD-26-0527546,Building,appended_new_activity,no_exact_core_match,,tpa-b59ac8346f0d6f,BLD260527546,false
acc-d5434316be9cae9aa60c,BLD-26-0527547,Building,appended_new_activity,no_exact_core_match,,tpa-098f1b6d382727,BLD260527547,false
acc-c522d7d2b1e7eac3a7d2,BLD-26-0527548,Building,appended_new_activity,no_exact_core_match,,tpa-8111d22c9ff307,BLD260527548,false
acc-1e097ddcb565252095f5,BLD-26-0527549,Building,appended_new_activity,no_exact_core_match,,tpa-abbee7b543e117,BLD260527549,false
acc-3385b01cb519437ecacd,BLD-26-0527550,Building,appended_new_activity,no_exact_core_match,,tpa-38640568775211,BLD260527550,false
acc-89c81e34e829e687d2ed,BLD-26-0527551,Building,appended_new_activity,no_exact_core_match,,tpa-c5406c805287e8,BLD260527551,false
acc-d80ad5435443e3e2520c,BLD-26-0527552,Building,appended_new_activity,no_exact_core_match,,tpa-c42b8f9df0232b,BLD260527552,false
acc-73503b1e882cd8535483,BLD-26-0527553,Building,appended_new_activity,no_exact_core_match,,tpa-614c2a0924df22,BLD260527553,false
acc-3c16a60c01def3e6472c,BLD-26-0527554,Building,appended_new_activity,no_exact_core_match,,tpa-f466a0074b7268,BLD260527554,false
acc-cbece241ee1a9b819024,BLD-26-0527555,Building,appended_new_activity,no_exact_core_match,,tpa-1b8a9802e9bee6,BLD260527555,false
acc-6d6528ebc953aedc51db,BLD-26-0527556,Building,appended_new_activity,no_exact_core_match,,tpa-525b0465c6a44a,BLD260527556,false
acc-39e8e5c228ebe1e606dd,BLD-26-0527557,Building,appended_new_activity,no_exact_core_match,,tpa-8c62690f605f34,BLD260527557,false
acc-46dd3e385388c7f4f2f9,BLD-26-0527558,Building,appended_new_activity,no_exact_core_match,,tpa-7da720273227e0,BLD260527558,false
acc-92cf49763fea88ab07b5,BLD-26-0527559,Building,appended_new_activity,no_exact_core_match,,tpa-a16be896023bc6,BLD260527559,false
acc-7447202298173af4d39e,BLD-26-0527560,Building,appended_new_activity,no_exact_core_match,,tpa-2f6c5b2780d735,BLD260527560,false
acc-57bf7a55fe1f50100d64,BLD-26-0527561,Building,appended_new_activity,no_exact_core_match,,tpa-ba9b4e9c24dada,BLD260527561,false
acc-727b9855863a5ede1cae,BLD-26-0527562,Building,appended_new_activity,no_exact_core_match,,tpa-dcbdbe298e792d,BLD260527562,false
acc-b608a4247336ff09f87c,BLD-26-0527563,Building,appended_new_activity,no_exact_core_match,,tpa-7b22fce61160de,BLD260527563,false
acc-2fbf5b5df9ab1495ce37,BLD-26-0527564,Building,appended_new_activity,no_exact_core_match,,tpa-cf2fc0f7c73257,BLD260527564,false
acc-b117b21234976282e90d,BLD-26-0527565,Building,appended_new_activity,no_exact_core_match,,tpa-c5744f5f0ea992,BLD260527565,false
acc-491147a192c7b02e49f2,BLD-26-0527566,Building,appended_new_activity,no_exact_core_match,,tpa-32e967d2f51656,BLD260527566,false
acc-51fb0660a7cacc5168b2,BLD-26-0527567,Building,appended_new_activity,no_exact_core_match,,tpa-567e9d878133d9,BLD260527567,false
acc-a5500f6a7dfbe55efc5f,BLD-26-0527568,Building,appended_new_activity,no_exact_core_match,,tpa-9efb648897c919,BLD260527568,false
acc-9a8318ffe31ada5d4798,BLD-26-0527569,Building,appended_new_activity,no_exact_core_match,,tpa-3982573d134110,BLD260527569,false
acc-bdf75d0677eb39483da3,BLD-26-0527570,Building,appended_new_activity,no_exact_core_match,,tpa-458da919a17262,BLD260527570,false
acc-209a94dc8b71ab521c54,BLD-26-0527571,Building,appended_new_activity,no_exact_core_match,,tpa-dbfb79f3405d5a,BLD260527571,false
acc-2ddc1b8c72e5fdfc9fbd,BLD-26-0527572,Building,appended_new_activity,no_exact_core_match,,tpa-d639e1a9ec55e7,BLD260527572,false
acc-0006e32d56f51a236a8b,BLD-26-0527573,Building,appended_new_activity,no_exact_core_match,,tpa-64b74bd87a249d,BLD260527573,false
acc-74f7c1451b6cb90d9257,BLD-26-0527574,Building,appended_new_activity,no_exact_core_match,,tpa-acdbc9c82f39dd,BLD260527574,false
acc-3afda3a6ba9919ab56d4,BLD-26-0527575,Building,appended_new_activity,no_exact_core_match,,tpa-d5fd20a36ed2fd,BLD260527575,false
acc-c272c0e4c3fceff9c0ee,BLD-26-0527576,Building,appended_new_activity,no_exact_core_match,,tpa-5cd2a958948aed,BLD260527576,false
acc-85b81cba877de2241997,BLD-26-0527577,Building,appended_new_activity,no_exact_core_match,,tpa-6588fa9ea50794,BLD260527577,false
acc-877125094e4cffd01192,BLD-26-0527578,Building,appended_new_activity,no_exact_core_match,,tpa-35d7609fa455ef,BLD260527578,false
acc-d045afa43c3785fc1b38,BLD-26-0527579,Building,appended_new_activity,no_exact_core_match,,tpa-48220caf564d2e,BLD260527579,false
acc-502c5475587e5756c063,BLD-26-0527580,Building,appended_new_activity,no_exact_core_match,,tpa-8cd9496d7f7db0,BLD260527580,false
acc-d4f44dde95734e9f9c1c,BLD-26-0527581,Building,appended_new_activity,no_exact_core_match,,tpa-c7f99ad611a00b,BLD260527581,false
acc-f0cd0090b0a7b49013bb,BLD-26-0527582,Building,appended_new_activity,no_exact_core_match,,tpa-f58474399be3b3,BLD260527582,false
acc-86953a3ccdde3b240cd9,BLD-26-0527583,Building,appended_new_activity,no_exact_core_match,,tpa-27af4261ea7f3c,BLD260527583,false
acc-e7489622b355de5fc907,BLD-26-0527584,Building,appended_new_activity,no_exact_core_match,,tpa-19e6be174f7158,BLD260527584,false
acc-b38415dea2b3982b7202,BLD-26-0527585,Building,appended_new_activity,no_exact_core_match,,tpa-150e29e4a47c44,BLD260527585,false
acc-cad44b734678a4684c17,BLD-26-0527586,Building,appended_new_activity,no_exact_core_match,,tpa-213c20aa85a742,BLD260527586,false
acc-2742cdb897d363187856,BLD-26-0527587,Building,appended_new_activity,no_exact_core_match,,tpa-48dba9ad567053,BLD260527587,false
acc-55cc7a5f2aa560e12ea5,BLD-26-0527588,Building,appended_new_activity,no_exact_core_match,,tpa-45718546f67dc3,BLD260527588,false
acc-09e0700acf4670b5b7db,BLD-26-0527589,Building,appended_new_activity,no_exact_core_match,,tpa-86bbf5177fb4ae,BLD260527589,false
acc-3d80e3818130d616f40e,BLD-26-0527590,Building,appended_new_activity,no_exact_core_match,,tpa-485214b117fe82,BLD260527590,false
acc-aff9301b2802e53fc329,BLD-26-0527591,Building,appended_new_activity,no_exact_core_match,,tpa-6e223e2600f629,BLD260527591,false
acc-46741a62c371e82592c0,BLD-26-0527592,Building,appended_new_activity,no_exact_core_match,,tpa-8dfa7fc3fa4eac,BLD260527592,false
acc-6d14ab660fe778bd6b46,BLD-26-0527593,Building,appended_new_activity,no_exact_core_match,,tpa-b9d136ee115357,BLD260527593,false
acc-3153013871a13c0d8cf7,BLD-26-0527594,Building,appended_new_activity,no_exact_core_match,,tpa-5d8ae1a2704fbb,BLD260527594,false
acc-852c6d1172a926cb41c4,BLD-26-0527595,Building,appended_new_activity,no_exact_core_match,,tpa-f672a8793b7aa8,BLD260527595,false
acc-485dfa535c9c87210b42,BLD-26-0527596,Building,appended_new_activity,no_exact_core_match,,tpa-628e34552ac1fe,BLD260527596,false
acc-8f3d36b5a9eba6c2e20c,BLD-26-0527597,Building,appended_new_activity,no_exact_core_match,,tpa-8769b6a5d424cc,BLD260527597,false
acc-7cd1c40365a7739f2620,BLD-26-0527598,Building,appended_new_activity,no_exact_core_match,,tpa-1af675ea01bc84,BLD260527598,false
acc-6a71869979be037143f1,BLD-26-0527599,Building,appended_new_activity,no_exact_core_match,,tpa-a8239dcce68cab,BLD260527599,false
acc-46d828f46019c3698a58,BLD-26-0527600,Building,appended_new_activity,no_exact_core_match,,tpa-03dc18ac512079,BLD260527600,false
acc-d43aee3bfd9d91f0dfca,BLD-26-0527601,Building,appended_new_activity,no_exact_core_match,,tpa-8d088d6df0dedc,BLD260527601,false
acc-9eb9770c411744a1d439,BLD-26-0527602,Building,appended_new_activity,no_exact_core_match,,tpa-df00ce0dea644d,BLD260527602,false
acc-9f22336c0da04ae79981,BLD-26-0527603,Building,appended_new_activity,no_exact_core_match,,tpa-58a729a4181273,BLD260527603,false
acc-5affd86b1117ada651b5,BLD-26-0527604,Building,appended_new_activity,no_exact_core_match,,tpa-c258554d464785,BLD260527604,false
acc-c4c5f5e15674791e8156,BLD-26-0527605,Building,appended_new_activity,no_exact_core_match,,tpa-e66cdf30155b07,BLD260527605,false
acc-e26ef10acec03760cf23,BLD-26-0527606,Building,appended_new_activity,no_exact_core_match,,tpa-c58575c0a34635,BLD260527606,false
acc-45aca938f988de3ca466,BLD-26-0527607,Building,appended_new_activity,no_exact_core_match,,tpa-61c6f3f9fc43d5,BLD260527607,false
acc-4524fcd086e36529d687,BLD-26-0527608,Building,appended_new_activity,no_exact_core_match,,tpa-0f1723d48fd95f,BLD260527608,false
acc-936eee73d96ba8408938,BLD-26-0527609,Building,appended_new_activity,no_exact_core_match,,tpa-4b0d4bb401a261,BLD260527609,false
acc-c465511ae3384190bfbf,BLD-26-0527610,Building,appended_new_activity,no_exact_core_match,,tpa-253a32523b16c5,BLD260527610,false
acc-bee414ab4c1e9d5abb95,BLD-26-0527611,Building,appended_new_activity,no_exact_core_match,,tpa-fa650cb3aa2fd6,BLD260527611,false
acc-f04f612a1864702bd43a,BLD-26-0527612,Building,appended_new_activity,no_exact_core_match,,tpa-e0d7f1ffafc8e8,BLD260527612,false
acc-78b631da5915c0638a91,BLD-26-0527613,Building,appended_new_activity,no_exact_core_match,,tpa-90d0d8d4c81296,BLD260527613,false
acc-03f815772251b784a06f,BLD-26-0527614,Building,appended_new_activity,no_exact_core_match,,tpa-f457fc81e17527,BLD260527614,false
acc-e948d0746d71770e4991,BLD-26-0527615,Building,appended_new_activity,no_exact_core_match,,tpa-5dcb94533fa778,BLD260527615,false
acc-8f670a6453abed8e61f0,BLD-26-0527616,Building,appended_new_activity,no_exact_core_match,,tpa-81134643499f8e,BLD260527616,false
acc-99d75debd614ea152b82,BLD-26-0527617,Building,appended_new_activity,no_exact_core_match,,tpa-3ee55c133b9263,BLD260527617,false
acc-9774e28006bab146a406,BLD-26-0527618,Building,appended_new_activity,no_exact_core_match,,tpa-3b721f82ad893c,BLD260527618,false
acc-e82e3cfa5ddc95d513ee,BLD-26-0527619,Building,appended_new_activity,no_exact_core_match,,tpa-df05d2c591d403,BLD260527619,false
acc-c16d71eb05d9d39b9b33,BLD-26-0527620,Building,appended_new_activity,no_exact_core_match,,tpa-aa4961d5cd0078,BLD260527620,false
acc-06e12b05e294709e3061,BLD-26-0527621,Building,appended_new_activity,no_exact_core_match,,tpa-44442b479bc327,BLD260527621,false
acc-66be7303f6cb672521e1,BLD-26-0527622,Building,appended_new_activity,no_exact_core_match,,tpa-8d0aa742b15141,BLD260527622,false
acc-9115e42dcb2ef16b14a8,BLD-26-0527623,Building,appended_new_activity,no_exact_core_match,,tpa-644518703c0c10,BLD260527623,false
acc-87bc35cae62b2d3b6282,BLD-26-0527624,Building,appended_new_activity,no_exact_core_match,,tpa-ae9dc6725fa3b6,BLD260527624,false
acc-6f8e73d60810a87eb06d,BLD-26-0527625,Building,appended_new_activity,no_exact_core_match,,tpa-243d8ebdea166b,BLD260527625,false
acc-3e65c23fc60ff70d30a4,BLD-26-0527626,Building,appended_new_activity,no_exact_core_match,,tpa-b30f6ddcea65e5,BLD260527626,false
acc-a33757ecf0356c204cdb,BLD-26-0527627,Building,appended_new_activity,no_exact_core_match,,tpa-d96bf6dcf7a674,BLD260527627,false
acc-b082afd2743b777ec02a,BLD-26-0527628,Building,appended_new_activity,no_exact_core_match,,tpa-39796d69fbd010,BLD260527628,false
acc-e59f4e7043c72678e53f,BLD-26-0527629,Building,appended_new_activity,no_exact_core_match,,tpa-dd0fc85125aa4a,BLD260527629,false
acc-f057261d367ea3f93be0,BLD-26-0527630,Building,appended_new_activity,no_exact_core_match,,tpa-7eb6ea094937ec,BLD260527630,false
acc-e748dafb36d90d84fd20,BLD-26-0527631,Building,appended_new_activity,no_exact_core_match,,tpa-1a2daf39e6e7eb,BLD260527631,false
acc-065ce06117a3cbe8a16d,BLD-26-0527632,Building,appended_new_activity,no_exact_core_match,,tpa-3e5325dfcb86c7,BLD260527632,false
acc-021eda58c4c048f0c05d,BLD-26-0527633,Building,appended_new_activity,no_exact_core_match,,tpa-51a6abd453b6d2,BLD260527633,false
acc-0f2dafd44337d2f40c05,BLD-26-0527634,Building,appended_new_activity,no_exact_core_match,,tpa-5958f76aefcfc4,BLD260527634,false
acc-c45d55bb04520a550ef1,BLD-26-0527635,Building,appended_new_activity,no_exact_core_match,,tpa-03b4f989152325,BLD260527635,false
acc-df33796e3343b7dc544e,BLD-26-0527636,Building,appended_new_activity,no_exact_core_match,,tpa-4cfa9999686e4f,BLD260527636,false
acc-377bbe9c9eddca810837,BLD-26-0527637,Building,appended_new_activity,no_exact_core_match,,tpa-c5b3859f7cd88a,BLD260527637,false
acc-d30c4ad220945b1e11cf,BLD-26-0527638,Building,appended_new_activity,no_exact_core_match,,tpa-292681b4837526,BLD260527638,false
acc-865fbd6f62317144c3cf,BLD-26-0527639,Building,appended_new_activity,no_exact_core_match,,tpa-b39d8b62882ddb,BLD260527639,false
acc-2da22576126a99005856,BLD-26-0527640,Building,appended_new_activity,no_exact_core_match,,tpa-8b6b094f17ebcd,BLD260527640,false
acc-ca22b067003e1a8efb78,BLD-26-0527641,Building,appended_new_activity,no_exact_core_match,,tpa-42321d0aa9549f,BLD260527641,false
acc-8213f40cff2af8077125,BLD-26-0527642,Building,appended_new_activity,no_exact_core_match,,tpa-87729041d71a9d,BLD260527642,false
acc-0657562858c5b9313f69,BLD-26-0527643,Building,appended_new_activity,no_exact_core_match,,tpa-1b03c1efb26878,BLD260527643,false
acc-2f5f4d235add6b46ba40,BLD-26-0527644,Building,appended_new_activity,no_exact_core_match,,tpa-9de9a4505280d2,BLD260527644,false
acc-6b06d8d0df163ad8f6d3,BLD-26-0527645,Building,appended_new_activity,no_exact_core_match,,tpa-256ba0ed42c58a,BLD260527645,false
acc-f8aab506f4b0b75cfd97,BLD-26-0527646,Building,appended_new_activity,no_exact_core_match,,tpa-67973fff12dccc,BLD260527646,false
acc-8e37c2983b53ad6e02a3,BLD-26-0527647,Building,appended_new_activity,no_exact_core_match,,tpa-c665854d583827,BLD260527647,false
acc-9c1972cb98d15a5dbb7b,BLD-26-0527648,Building,appended_new_activity,no_exact_core_match,,tpa-5b57e88d0e32af,BLD260527648,false
acc-e6b803c03ec413828cba,BLD-26-0527649,Building,appended_new_activity,no_exact_core_match,,tpa-13addfa507a548,BLD260527649,false
acc-6e0679502eed741f9709,BLD-26-0527650,Building,appended_new_activity,no_exact_core_match,,tpa-60ab1fc408dabc,BLD260527650,false
acc-28aea81d4e99ffe70c84,BLD-26-0527651,Building,appended_new_activity,no_exact_core_match,,tpa-1ed5904b46df8a,BLD260527651,false
acc-ee3f351302d7ae94d2bb,BLD-26-0527652,Building,appended_new_activity,no_exact_core_match,,tpa-4f8df59a7cc99e,BLD260527652,false
acc-1f5e195305584e6ebd15,BLD-26-0527653,Building,appended_new_activity,no_exact_core_match,,tpa-a16f509f5e4ad4,BLD260527653,false
acc-5e55511656ba6c55c16d,BLD-26-0527654,Building,appended_new_activity,no_exact_core_match,,tpa-2501b52d8778cf,BLD260527654,false
acc-2db805239b346d3bfc82,BLD-26-0527655,Building,appended_new_activity,no_exact_core_match,,tpa-51443b08a7136e,BLD260527655,false
acc-18460089a0318b5994a9,BLD-26-0527656,Building,appended_new_activity,no_exact_core_match,,tpa-41b924be42486e,BLD260527656,false
acc-aa03e01ba40890f41f66,BLD-26-0527657,Building,appended_new_activity,no_exact_core_match,,tpa-3ec2b633807e27,BLD260527657,false
acc-11148160991597788206,BLD-26-0527658,Building,appended_new_activity,no_exact_core_match,,tpa-97d356246236ea,BLD260527658,false
acc-4706d0152d0c4c1fcf1a,BLD-26-0527659,Building,appended_new_activity,no_exact_core_match,,tpa-66ff731e98d008,BLD260527659,false
acc-f93b4f4fd58b6f661bdb,BLD-26-0527660,Building,appended_new_activity,no_exact_core_match,,tpa-6306c7b7e10347,BLD260527660,false
acc-f0eb21212731fc8f8485,BLD-26-0527661,Building,appended_new_activity,no_exact_core_match,,tpa-947da9f578e76d,BLD260527661,false
acc-67d914af14c3f0426f53,BLD-26-0527662,Building,appended_new_activity,no_exact_core_match,,tpa-08478c17b35d4a,BLD260527662,false
acc-f42df6a82749fc76e3ed,BLD-26-0527663,Building,appended_new_activity,no_exact_core_match,,tpa-8bb7c1387c32d0,BLD260527663,false
acc-717f463092d7a75a74cf,BLD-26-0527664,Building,appended_new_activity,no_exact_core_match,,tpa-fe1a5113682679,BLD260527664,false
acc-d111992924316beb97d2,BLD-26-0527665,Building,appended_new_activity,no_exact_core_match,,tpa-539ead9938fc93,BLD260527665,false
acc-c056755364bf9d3de7fe,BLD-26-0527666,Building,appended_new_activity,no_exact_core_match,,tpa-c3a1e27611cc28,BLD260527666,false
acc-4d20224362b849478754,BLD-26-0527667,Building,appended_new_activity,no_exact_core_match,,tpa-1e7eb215a10b30,BLD260527667,false
acc-71c9f6a2968623bedc41,BLD-26-0527668,Building,appended_new_activity,no_exact_core_match,,tpa-7b2c6e180a0512,BLD260527668,false
acc-94831963ec1e2c3f6436,BLD-26-0527669,Building,appended_new_activity,no_exact_core_match,,tpa-e789d23313c237,BLD260527669,false
acc-bdb9aa309b01d495e9c2,BLD-26-0527670,Building,appended_new_activity,no_exact_core_match,,tpa-6dba8ed86ea9bf,BLD260527670,false
acc-16de9b279d1c739c83a8,BLD-26-0527671,Building,appended_new_activity,no_exact_core_match,,tpa-81a6b511c131ee,BLD260527671,false
acc-a5096e3d2c57024f6b4b,BLD-26-0527672,Building,appended_new_activity,no_exact_core_match,,tpa-f0ccda24ad7291,BLD260527672,false
acc-31b3b5db5b69f04d3fdd,BLD-26-0527673,Building,appended_new_activity,no_exact_core_match,,tpa-0c10373ef5f124,BLD260527673,false
acc-bb2b710824b903f0cbfa,BLD-26-0527674,Building,appended_new_activity,no_exact_core_match,,tpa-6aa39572192a97,BLD260527674,false
acc-394473752a9ec0bcfeb1,BLD-26-0527675,Building,appended_new_activity,no_exact_core_match,,tpa-67cdab77cb6417,BLD260527675,false
acc-875952ade67ce3a1e463,BLD-26-0527676,Building,appended_new_activity,no_exact_core_match,,tpa-00ee4682abee3f,BLD260527676,false
acc-88946bbe6cb2c86a34c7,BLD-26-0527677,Building,appended_new_activity,no_exact_core_match,,tpa-96638b3385129d,BLD260527677,false
acc-3241ae11050b0825007c,BLD-26-0527678,Building,appended_new_activity,no_exact_core_match,,tpa-eecee7dce5f649,BLD260527678,false
acc-371b052db0d5d04bb25c,BLD-26-0527679,Building,appended_new_activity,no_exact_core_match,,tpa-c379d5169901f5,BLD260527679,false
acc-710a3b531bcf5ad3d1a1,BLD-26-0527680,Building,appended_new_activity,no_exact_core_match,,tpa-639d2ef7d3e598,BLD260527680,false
acc-352cb636b0357f5cec1c,BLD-26-0527681,Building,appended_new_activity,no_exact_core_match,,tpa-003bc076cc6124,BLD260527681,false
acc-a42f1fa7c6866f75f04c,BLD-26-0527682,Building,appended_new_activity,no_exact_core_match,,tpa-c9395c077e3e14,BLD260527682,false
acc-280cc8c950fd7d39e9ce,BLD-26-0527683,Building,appended_new_activity,no_exact_core_match,,tpa-d783a47bcba86d,BLD260527683,false
acc-dd5fa56f00edf005f655,BLD-26-0527684,Building,appended_new_activity,no_exact_core_match,,tpa-50498e4d1c8bcd,BLD260527684,false
acc-c408e4deab90500c3579,BLD-26-0527685,Building,appended_new_activity,no_exact_core_match,,tpa-3404d5373a29ad,BLD260527685,false
acc-599f1c3168fa24cc5d99,BLD-26-0527686,Building,appended_new_activity,no_exact_core_match,,tpa-58a9afd55249db,BLD260527686,false
acc-bcabc514a42f8d28b370,BLD-26-0527687,Building,appended_new_activity,no_exact_core_match,,tpa-92ca7e29556cc3,BLD260527687,false
acc-d9290275e3db71d91514,BLD-26-0527688,Building,appended_new_activity,no_exact_core_match,,tpa-31dbbcaa5f378d,BLD260527688,false
acc-72db2a6a7cdfb7e51ea8,BLD-26-0527689,Building,appended_new_activity,no_exact_core_match,,tpa-0a6bedad502fe5,BLD260527689,false
acc-38a124d785ca1166aa3a,BLD-26-0527690,Building,appended_new_activity,no_exact_core_match,,tpa-585c772f414bed,BLD260527690,false
acc-e968b0ac8e22d73489cf,BLD-26-0527691,Building,appended_new_activity,no_exact_core_match,,tpa-fdf2c5a7cdf1e1,BLD260527691,false
acc-2d500f1c179d8267cb7a,BLD-26-0527692,Building,appended_new_activity,no_exact_core_match,,tpa-10c05a17c3e619,BLD260527692,false
acc-c02c1e02fd39e8e230d1,BLD-26-0527693,Building,appended_new_activity,no_exact_core_match,,tpa-9dcb858b2e7cf0,BLD260527693,false
acc-45e09ef587e3af671908,BLD-26-0527694,Building,appended_new_activity,no_exact_core_match,,tpa-a1296b96814742,BLD260527694,false
acc-4c281c18dd6169f34eda,BLD-26-0527695,Building,appended_new_activity,no_exact_core_match,,tpa-61b5c404ce83b4,BLD260527695,false
acc-fd655d5e5022ac5af5b6,BLD-26-0527696,Building,appended_new_activity,no_exact_core_match,,tpa-400c86b4e32d43,BLD260527696,false
acc-b791ee95656df3fb9991,BLD-26-0527697,Building,appended_new_activity,no_exact_core_match,,tpa-434ba9b4e10ed8,BLD260527697,false
acc-72bf5db907e63cdc1406,BLD-26-0527698,Building,appended_new_activity,no_exact_core_match,,tpa-c9a1fe38cb298c,BLD260527698,false
acc-ef0bc9c2e78b8d592be5,BLD-26-0527699,Building,appended_new_activity,no_exact_core_match,,tpa-ac52dc1b0dea3f,BLD260527699,false
acc-5a3aff0b8ebccc11ddb1,BLD-26-0527700,Building,appended_new_activity,no_exact_core_match,,tpa-f9fb73515df4c1,BLD260527700,false
acc-46288dd259bef86ab251,BLD-26-0527701,Building,appended_new_activity,no_exact_core_match,,tpa-c85808d2b9fd0a,BLD260527701,false
acc-bf90d4359a4d305f15ef,BLD-26-0527702,Building,appended_new_activity,no_exact_core_match,,tpa-8d697d9a73ef99,BLD260527702,false
acc-38a10e3f0c0412e6aa7f,BLD-26-0527703,Building,appended_new_activity,no_exact_core_match,,tpa-029e260e4058cb,BLD260527703,false
acc-15765e41a5ff3d9cd882,BLD-26-0527704,Building,appended_new_activity,no_exact_core_match,,tpa-3aca62e9cbc0be,BLD260527704,false
acc-ed958bf7b89f82e728d9,BLD-26-0527705,Building,appended_new_activity,no_exact_core_match,,tpa-017e74dc473751,BLD260527705,false
acc-297f37e1be49923abc49,BLD-26-0527706,Building,appended_new_activity,no_exact_core_match,,tpa-d8a1034a3b65d4,BLD260527706,false
acc-d1f62c9f712ff5b2b9e5,BLD-26-0527707,Building,appended_new_activity,no_exact_core_match,,tpa-d2f270a9d3b2f1,BLD260527707,false
acc-426c2e54fa91f11fb1db,BLD-26-0527708,Building,appended_new_activity,no_exact_core_match,,tpa-539c1eb0478ccf,BLD260527708,false
acc-289ff04f2024d8d7e05c,BLD-26-0527709,Building,appended_new_activity,no_exact_core_match,,tpa-c2db81edad056c,BLD260527709,false
acc-60d8c0d78d31e6138422,BLD-26-0527710,Building,appended_new_activity,no_exact_core_match,,tpa-122da4be36e20b,BLD260527710,false
acc-af1f55bf825bf7386535,BLD-26-0527711,Building,appended_new_activity,no_exact_core_match,,tpa-80b4a2eab7a7e4,BLD260527711,false
acc-fa8b5c6f6315d0dd7a5c,BLDCO-26-000792,Building,appended_new_activity,no_exact_core_match,,tpa-405c5e9e40dccc,BLDCO26000792,false
acc-ab88e86be5ed8455c9f9,BLDCO-26-000793,Building,appended_new_activity,no_exact_core_match,,tpa-36872a2546f204,BLDCO26000793,false
acc-8af0df552c3ba810ee34,BLDCO-26-000794,Building,appended_new_activity,no_exact_core_match,,tpa-037aa1be028983,BLDCO26000794,false
acc-d9a05f00c1dc3f89a739,BLDCO-26-000795,Building,appended_new_activity,no_exact_core_match,,tpa-986fca5110576c,BLDCO26000795,false
acc-6b4f1b21e237b09bc63b,BLDCO-26-000796,Building,appended_new_activity,no_exact_core_match,,tpa-0c38813e704511,BLDCO26000796,false
acc-78eabe0a4c6efde547c0,BLDCO-26-000797,Building,appended_new_activity,no_exact_core_match,,tpa-b2d14434009821,BLDCO26000797,false
acc-aeafaab3ad2f12fd01fe,BLDCO-26-000798,Building,appended_new_activity,no_exact_core_match,,tpa-0a02e7ab409b4d,BLDCO26000798,false
acc-72afc07679cad8b15e57,BLDCO-26-000799,Building,appended_new_activity,no_exact_core_match,,tpa-e971c1d080391f,BLDCO26000799,false
acc-db8b25d470798c991979,BLDCO-26-000800,Building,appended_new_activity,no_exact_core_match,,tpa-547319822fded3,BLDCO26000800,false
acc-4cd32e47d8bf377ff1b9,BLDCO-26-000801,Building,appended_new_activity,no_exact_core_match,,tpa-5c2da21b6bf302,BLDCO26000801,false
acc-d89a331efd3717d14339,BLDCO-26-000802,Building,appended_new_activity,no_exact_core_match,,tpa-0a498b10330ead,BLDCO26000802,false
acc-004cb5439d277836d0a3,BLDCO-26-000803,Building,appended_new_activity,no_exact_core_match,,tpa-f6581c81ad5217,BLDCO26000803,false
acc-d10732dbde37cdb18824,BLDCO-26-000804,Building,appended_new_activity,no_exact_core_match,,tpa-167f8eac8e717a,BLDCO26000804,false
acc-143d129e77169c5f2897,BLDCO-26-000805,Building,appended_new_activity,no_exact_core_match,,tpa-d990a752484580,BLDCO26000805,false
acc-0ccc6c5757dad1139b97,BLDCO-26-000806,Building,appended_new_activity,no_exact_core_match,,tpa-a359614ebb95fd,BLDCO26000806,false
acc-cc234e74132f5232fcf9,BLDCO-26-000807,Building,appended_new_activity,no_exact_core_match,,tpa-2fd37d5723ec5c,BLDCO26000807,false
acc-ab8026c349c75613aeb2,BLDCO-26-000808,Building,appended_new_activity,no_exact_core_match,,tpa-1d3596bea7ad76,BLDCO26000808,false
acc-75ce643f19f43a0d9f71,BLDCO-26-000809,Building,appended_new_activity,no_exact_core_match,,tpa-d5e4453d90ecca,BLDCO26000809,false
acc-c090bb40af385427bf5c,BLDCO-26-000810,Building,appended_new_activity,no_exact_core_match,,tpa-29fccd35f25ad3,BLDCO26000810,false
acc-e25f88574e5849bcaa04,BLDCO-26-000811,Building,appended_new_activity,no_exact_core_match,,tpa-a23e7809f7f516,BLDCO26000811,false
acc-bdce184cd6180d64b3e2,BLDCO-26-000812,Building,appended_new_activity,no_exact_core_match,,tpa-6a995d5630b9db,BLDCO26000812,false
acc-eb88171955b1bf3acd28,BLDCO-26-000813,Building,appended_new_activity,no_exact_core_match,,tpa-071e03702532c4,BLDCO26000813,false
acc-66ee4b3f7b1d9fbca94b,BLDCO-26-000814,Building,appended_new_activity,no_exact_core_match,,tpa-a23d6a41a33882,BLDCO26000814,false
acc-7c2faa76d9fd1a33e6d9,BLDCO-26-000815,Building,appended_new_activity,no_exact_core_match,,tpa-5a7e6fe6f2e126,BLDCO26000815,false
acc-bce0ba9268a1f7354a92,BLDCO-26-000816,Building,appended_new_activity,no_exact_core_match,,tpa-4dceff991c3f90,BLDCO26000816,false
acc-1c9bd3f72980e54b4b40,BLDCO-26-000817,Building,appended_new_activity,no_exact_core_match,,tpa-411cc92461201e,BLDCO26000817,false
acc-3932bb37a501301f1db2,BLDCO-26-000818,Building,appended_new_activity,no_exact_core_match,,tpa-8ebb4a1669d53f,BLDCO26000818,false
acc-53633870aec5f0cf3c77,BLDCO-26-000819,Building,appended_new_activity,no_exact_core_match,,tpa-2d6e4d9017150c,BLDCO26000819,false
acc-9bb6783213643b6b7094,BLDCO-26-000820,Building,appended_new_activity,no_exact_core_match,,tpa-ead6f7f52d15cc,BLDCO26000820,false
acc-494bca95b3b6d6e87f52,BLDCO-26-000821,Building,appended_new_activity,no_exact_core_match,,tpa-39dbda568a5628,BLDCO26000821,false
acc-00f96175c34071638c4e,BLDCO-26-000822,Building,appended_new_activity,no_exact_core_match,,tpa-cc8105a4f947e3,BLDCO26000822,false
acc-0d7488e1f6289be28439,BLDCO-26-000823,Building,appended_new_activity,no_exact_core_match,,tpa-76fbdb61fa913c,BLDCO26000823,false
acc-7d9eed34930858784383,BLDCO-26-000824,Building,appended_new_activity,no_exact_core_match,,tpa-9f1ea5bdf61f85,BLDCO26000824,false
acc-3fe03d17e6dd89d9de4a,BLDCO-26-000825,Building,appended_new_activity,no_exact_core_match,,tpa-d0cc9639888040,BLDCO26000825,false
acc-23b3720947488c3b0826,BLDCO-26-000826,Building,appended_new_activity,no_exact_core_match,,tpa-a3c454e66ef322,BLDCO26000826,false
acc-2f1de66578d2e61ef945,BLDCO-26-000827,Building,appended_new_activity,no_exact_core_match,,tpa-3e071a17d1c207,BLDCO26000827,false
acc-2c3bac0f8d407465a333,BLDCO-26-000828,Building,appended_new_activity,no_exact_core_match,,tpa-faef93c2fab422,BLDCO26000828,false
acc-3033cd25f25507e58df3,BLDCO-26-000829,Building,appended_new_activity,no_exact_core_match,,tpa-125454e02db3ba,BLDCO26000829,false
acc-1c684356500ef19963bc,BLDCO-26-000830,Building,appended_new_activity,no_exact_core_match,,tpa-e8dfcf1fae6088,BLDCO26000830,false
acc-0e56cb357b91aec61fa5,BLDCO-26-000831,Building,appended_new_activity,no_exact_core_match,,tpa-7b7eeaf03d7463,BLDCO26000831,false
acc-3a592993c87d3e7fdf47,BLDCO-26-000832,Building,appended_new_activity,no_exact_core_match,,tpa-ea252a7dfbc058,BLDCO26000832,false
acc-123c88e9ba013a8765bc,BLDCO-26-000833,Building,appended_new_activity,no_exact_core_match,,tpa-f4808e780f4468,BLDCO26000833,false
acc-45bb68482d07a3e0f038,BLDCO-26-000834,Building,appended_new_activity,no_exact_core_match,,tpa-ebb50d57ac9c58,BLDCO26000834,false
acc-c6b5b1b393288d021517,BLDCO-26-000835,Building,appended_new_activity,no_exact_core_match,,tpa-0851241cc830bf,BLDCO26000835,false
acc-8d0b8b234e4de58ecfd5,BLDCO-26-000836,Building,appended_new_activity,no_exact_core_match,,tpa-f874ea76dbb0ee,BLDCO26000836,false
acc-9db4361cb860bba2ce7b,BLDCO-26-000837,Building,appended_new_activity,no_exact_core_match,,tpa-051db27160a701,BLDCO26000837,false
acc-06a2c2cff0340f182bdc,BLDCO-26-000838,Building,appended_new_activity,no_exact_core_match,,tpa-2a03d614cabdc5,BLDCO26000838,false
acc-e31a659e53339a30a7ec,BLDCO-26-000839,Building,appended_new_activity,no_exact_core_match,,tpa-e8134d8a92365c,BLDCO26000839,false
acc-9fd1f3aee0d98961b244,BLDCO-26-000840,Building,appended_new_activity,no_exact_core_match,,tpa-9a03debfeb5bfe,BLDCO26000840,false
acc-d732a9038b011a1462a0,BLDCO-26-000841,Building,appended_new_activity,no_exact_core_match,,tpa-feeb13c84faff9,BLDCO26000841,false
acc-dbcf0d7be620ff4e0ddd,BLDCO-26-000842,Building,appended_new_activity,no_exact_core_match,,tpa-f0c67f80700abc,BLDCO26000842,false
acc-0aa28bb5e1270e2eea06,BLDCO-26-000843,Building,appended_new_activity,no_exact_core_match,,tpa-de7d90e785928e,BLDCO26000843,false
acc-74b072ae01a1a4f5bda9,BLDCO-26-000844,Building,appended_new_activity,no_exact_core_match,,tpa-0d78f10111712f,BLDCO26000844,false
acc-793e0626a6ad602a29f2,BLDCO-26-000845,Building,appended_new_activity,no_exact_core_match,,tpa-8c5a92cb1acc97,BLDCO26000845,false
acc-195ad9fcf77c39bcccbb,BLDCO-26-000846,Building,appended_new_activity,no_exact_core_match,,tpa-2cf1b46809de51,BLDCO26000846,false
acc-4b492297f2a9374dfe2f,BLDCO-26-000847,Building,appended_new_activity,no_exact_core_match,,tpa-e9bc132cddf4e6,BLDCO26000847,false
acc-47ee48a7a638fdac26bc,BLDCO-26-000848,Building,appended_new_activity,no_exact_core_match,,tpa-c00ee6884c0b6f,BLDCO26000848,false
acc-b1e968b3f562a13b45f6,BLDCO-26-000849,Building,appended_new_activity,no_exact_core_match,,tpa-421b5732d74a48,BLDCO26000849,false
acc-c6bfd66193c85b8e2de6,BLDCO-26-000850,Building,appended_new_activity,no_exact_core_match,,tpa-403d9b77daf843,BLDCO26000850,false
acc-f6d4f929f9736ecf56a2,BLDCO-26-000851,Building,appended_new_activity,no_exact_core_match,,tpa-2d93fdd87f4577,BLDCO26000851,false
acc-6ab893f3bf2bf2063122,BLDCO-26-000852,Building,appended_new_activity,no_exact_core_match,,tpa-1d4a883b07bb30,BLDCO26000852,false
acc-ae907fdb90d222897088,BLDCO-26-000853,Building,appended_new_activity,no_exact_core_match,,tpa-358e4e1b8996f2,BLDCO26000853,false
acc-bd4ba3a98cdab31f6cb8,BLDCO-26-000854,Building,appended_new_activity,no_exact_core_match,,tpa-1314200641a431,BLDCO26000854,false
acc-348f91356dd8be88ba1d,BLDCO-26-000855,Building,appended_new_activity,no_exact_core_match,,tpa-1c39e209e231f6,BLDCO26000855,false
acc-3bf00560b206e2c32d1f,BLDCO-26-000856,Building,appended_new_activity,no_exact_core_match,,tpa-43a2346d80f3ab,BLDCO26000856,false
acc-3a1f5b404966b41897e2,BLDCO-26-000857,Building,appended_new_activity,no_exact_core_match,,tpa-be4bdc74171fb2,BLDCO26000857,false
acc-726e7ec91c0505055f64,BLDCO-26-000858,Building,appended_new_activity,no_exact_core_match,,tpa-4ce04209ec41b5,BLDCO26000858,false
acc-28f851d77d3658b0b05a,BLDCO-26-000859,Building,appended_new_activity,no_exact_core_match,,tpa-410c0284722a11,BLDCO26000859,false
acc-e1d871366104aac28399,BLDCO-26-000860,Building,appended_new_activity,no_exact_core_match,,tpa-28d27ef5ca70bd,BLDCO26000860,false
acc-77efd6b2875edf4c805f,BLDCO-26-000861,Building,appended_new_activity,no_exact_core_match,,tpa-a6ad0866fed214,BLDCO26000861,false
acc-48ba27b6156fc7d814da,BLDCO-26-000862,Building,appended_new_activity,no_exact_core_match,,tpa-3b4c227c59f70c,BLDCO26000862,false
acc-bd220c72109860a952a8,BLDCO-26-000863,Building,appended_new_activity,no_exact_core_match,,tpa-53908507232ebb,BLDCO26000863,false
acc-1981548a484ade2aa6d3,BLDCO-26-000864,Building,appended_new_activity,no_exact_core_match,,tpa-645300f08293ec,BLDCO26000864,false
acc-14086410c44519a9ab4c,BLDCO-26-000865,Building,appended_new_activity,no_exact_core_match,,tpa-8c706c9fd4d1fe,BLDCO26000865,false
acc-f790efa43beb068655d8,BLDCO-26-000866,Building,appended_new_activity,no_exact_core_match,,tpa-604dc7f19415aa,BLDCO26000866,false
acc-84df3a2ac590ed584938,BLDCO-26-000867,Building,appended_new_activity,no_exact_core_match,,tpa-ab2a8a6b0728bd,BLDCO26000867,false
acc-6af04e56efd29b5201ec,BLDCO-26-000868,Building,appended_new_activity,no_exact_core_match,,tpa-ad9a5b7c1e1256,BLDCO26000868,false
acc-b08ef525c5f78a098634,BLDCO-26-000869,Building,appended_new_activity,no_exact_core_match,,tpa-1851474557a5a4,BLDCO26000869,false
acc-da2905efa014c64101d4,BLDCO-26-000870,Building,appended_new_activity,no_exact_core_match,,tpa-f603f1cf3ba83b,BLDCO26000870,false
acc-9c59a6d8a91849f6c724,BLDCO-26-000871,Building,appended_new_activity,no_exact_core_match,,tpa-2e691e613858ad,BLDCO26000871,false
acc-0a23a90fc563b0b70457,BLDCO-26-000872,Building,appended_new_activity,no_exact_core_match,,tpa-95c70dbeea30bb,BLDCO26000872,false
acc-9fb0fd7ccad8e628bf28,BLDCO-26-000873,Building,appended_new_activity,no_exact_core_match,,tpa-b59e7f467b86ed,BLDCO26000873,false
acc-7720aa465a0af4f98d21,BLDCO-26-000874,Building,appended_new_activity,no_exact_core_match,,tpa-6cd621461041a8,BLDCO26000874,false
acc-dc3c59ecd913c771f0c8,BLDCO-26-000875,Building,appended_new_activity,no_exact_core_match,,tpa-b0e00de9e099c1,BLDCO26000875,false
acc-9d2b40d3ba0b7e7ba18a,BLDCO-26-000876,Building,appended_new_activity,no_exact_core_match,,tpa-f5a2a7315a7b6d,BLDCO26000876,false
acc-e688af8aad5a7b90ee1e,BLDCO-26-000877,Building,appended_new_activity,no_exact_core_match,,tpa-41d2438b46da05,BLDCO26000877,false
acc-bd4e2be4af37435ae4d1,BLDCO-26-000878,Building,appended_new_activity,no_exact_core_match,,tpa-4b5cc8be837d73,BLDCO26000878,false
acc-5157352a4cc3b1ceb4ce,BLDCO-26-000879,Building,appended_new_activity,no_exact_core_match,,tpa-063199649dfce6,BLDCO26000879,false
acc-079a244c481d3e3e90aa,BLDCO-26-000880,Building,appended_new_activity,no_exact_core_match,,tpa-62a8cfa60a84d9,BLDCO26000880,false
acc-c6269dd0063b7312a593,BLDCO-26-000881,Building,appended_new_activity,no_exact_core_match,,tpa-7422b7e1fde8fb,BLDCO26000881,false
acc-a931e6c353c1ebde82b5,BLDCO-26-000882,Building,appended_new_activity,no_exact_core_match,,tpa-6b1b5a60ca270a,BLDCO26000882,false
acc-bbeefe021d081f414796,BLDCO-26-000883,Building,appended_new_activity,no_exact_core_match,,tpa-8f91b1fd047d5c,BLDCO26000883,false
acc-3241076d5d03204c756a,BLDCO-26-000884,Building,appended_new_activity,no_exact_core_match,,tpa-c495db74cce25e,BLDCO26000884,false
acc-898b164c513fa14e8259,BLDCO-26-000885,Building,appended_new_activity,no_exact_core_match,,tpa-c04a6f4e3d042d,BLDCO26000885,false
acc-364285362e39f6b90b69,BLDCO-26-000886,Building,appended_new_activity,no_exact_core_match,,tpa-f0e1d30c75e6b9,BLDCO26000886,false
acc-f410a5ab463b25368c70,BLDCO-26-000887,Building,appended_new_activity,no_exact_core_match,,tpa-a7a3fd81aae4a9,BLDCO26000887,false
acc-dbc93985dae14c5a15f6,BLDCO-26-000888,Building,appended_new_activity,no_exact_core_match,,tpa-93712c240ad51a,BLDCO26000888,false
acc-f5c119f1280fb0919987,BLDCO-26-000889,Building,appended_new_activity,no_exact_core_match,,tpa-effbd71e7c73d3,BLDCO26000889,false
acc-3de035765d7be31da654,BLDCO-26-000890,Building,appended_new_activity,no_exact_core_match,,tpa-463a07d16461e3,BLDCO26000890,false
acc-547c41625792834ee89c,BLDCO-26-000891,Building,appended_new_activity,no_exact_core_match,,tpa-719f9d05ecb0bf,BLDCO26000891,false
acc-5c154081fb23098700e2,BLDCO-26-000892,Building,appended_new_activity,no_exact_core_match,,tpa-d4cc49a4fa80fd,BLDCO26000892,false
acc-c2fb63612be0deafbc77,BLDCO-26-000893,Building,appended_new_activity,no_exact_core_match,,tpa-39250d6babc000,BLDCO26000893,false
acc-716ecb3ff9d4baf49885,BLDCO-26-000894,Building,appended_new_activity,no_exact_core_match,,tpa-da3e76f982e616,BLDCO26000894,false
acc-235f38609a45dda6f421,BLDCO-26-000895,Building,appended_new_activity,no_exact_core_match,,tpa-b7902908473ab9,BLDCO26000895,false
acc-3530a58c04d496c5451c,BLDCO-26-000896,Building,appended_new_activity,no_exact_core_match,,tpa-840b427d12bae2,BLDCO26000896,false
acc-5e4b9265c7a00533ce41,BLDCO-26-000897,Building,appended_new_activity,no_exact_core_match,,tpa-6a003f112d1d2a,BLDCO26000897,false
acc-9e333754616ee9c8bcce,BLDCO-26-000898,Building,appended_new_activity,no_exact_core_match,,tpa-938b863caeac2f,BLDCO26000898,false
acc-2738b88bc5b79748b4fd,BLDCO-26-000899,Building,appended_new_activity,no_exact_core_match,,tpa-3ee8cd989e959a,BLDCO26000899,false
acc-ef387ffa29f48dfff28f,BLDEXT-26-0001524,Building,appended_new_activity,no_exact_core_match,,tpa-6bebc3d8c61502,BLDEXT260001524,false
acc-3f7eae2b8d5fa2796c7d,BLDEXT-26-0001525,Building,appended_new_activity,no_exact_core_match,,tpa-a10f432bc54573,BLDEXT260001525,false
acc-53e3e758862a8011cb50,BLDEXT-26-0001526,Building,appended_new_activity,no_exact_core_match,,tpa-03bb1f25f0414c,BLDEXT260001526,false
acc-e1319ebf69bdd1c228a1,BLDEXT-26-0001527,Building,appended_new_activity,no_exact_core_match,,tpa-61e081bead60d8,BLDEXT260001527,false
acc-a8e9d212f952519b3a5c,BLDEXT-26-0001528,Building,appended_new_activity,no_exact_core_match,,tpa-fad8adc3cf87a3,BLDEXT260001528,false
acc-df3b34e61f6644d07293,BLDEXT-26-0001529,Building,appended_new_activity,no_exact_core_match,,tpa-52a9913ed83249,BLDEXT260001529,false
acc-607754f2cb3acf1862c7,BLDEXT-26-0001530,Building,appended_new_activity,no_exact_core_match,,tpa-d8d4d7dc17159c,BLDEXT260001530,false
acc-7d661b40ee6369825f03,BLDEXT-26-0001531,Building,appended_new_activity,no_exact_core_match,,tpa-d1bc61d1ff2d54,BLDEXT260001531,false
acc-b0cd28a5bf6ddf31c5a5,BLDEXT-26-0001532,Building,appended_new_activity,no_exact_core_match,,tpa-ac6f1b93c648f0,BLDEXT260001532,false
acc-dbfedbcaab1a00e49735,BLDEXT-26-0001533,Building,appended_new_activity,no_exact_core_match,,tpa-bb3a70b8382467,BLDEXT260001533,false
acc-2e53b7043859ccb3f706,BLDEXT-26-0001534,Building,appended_new_activity,no_exact_core_match,,tpa-b20f6743941848,BLDEXT260001534,false
acc-4f9d6b911142aeafa5d1,BLDEXT-26-0001535,Building,appended_new_activity,no_exact_core_match,,tpa-9c31cbafb7d12e,BLDEXT260001535,false
acc-83cf227748169a8ac9f2,BLDEXT-26-0001536,Building,appended_new_activity,no_exact_core_match,,tpa-081a6dda748e66,BLDEXT260001536,false
acc-402febc2c23140b6f9a6,BLDEXT-26-0001537,Building,appended_new_activity,no_exact_core_match,,tpa-1fe85941f463fb,BLDEXT260001537,false
acc-b146d3ddcc92b22a6bca,BLDEXT-26-0001538,Building,appended_new_activity,no_exact_core_match,,tpa-db0fe826b31d28,BLDEXT260001538,false
acc-dedc7ad657db476fe016,BLDEXT-26-0001539,Building,appended_new_activity,no_exact_core_match,,tpa-432e71b008d83b,BLDEXT260001539,false
acc-2987f8098561993906f1,BLDEXT-26-0001540,Building,appended_new_activity,no_exact_core_match,,tpa-8ac71244ab5b4e,BLDEXT260001540,false
acc-adb7406be6722664a12d,BLDEXT-26-0001542,Building,appended_new_activity,no_exact_core_match,,tpa-b682dfc29b0992,BLDEXT260001542,false
acc-df42adbb1acfa7a28dfd,BLDEXT-26-0001543,Building,appended_new_activity,no_exact_core_match,,tpa-6a004e2266fb3e,BLDEXT260001543,false
acc-e8c400d88e40fe02bc71,BLDEXT-26-0001544,Building,appended_new_activity,no_exact_core_match,,tpa-4153b2b4ff8544,BLDEXT260001544,false
acc-a8d02bc23318a00a7343,BLDEXT-26-0001545,Building,appended_new_activity,no_exact_core_match,,tpa-f74c5f6b7fd686,BLDEXT260001545,false
acc-bce320b162b1a603a8f8,BLDEXT-26-0001546,Building,appended_new_activity,no_exact_core_match,,tpa-4be5507d029e57,BLDEXT260001546,false
acc-f85ee77209a1e774952c,BLDEXT-26-0001547,Building,appended_new_activity,no_exact_core_match,,tpa-a2dec4de5afe0e,BLDEXT260001547,false
acc-8326512af32e66c30c49,BLDEXT-26-0001548,Building,appended_new_activity,no_exact_core_match,,tpa-efe9aaef364c1d,BLDEXT260001548,false
acc-5019edd06f74eb8a6835,BLDEXT-26-0001549,Building,appended_new_activity,no_exact_core_match,,tpa-801cce8644437a,BLDEXT260001549,false
acc-cbff6d9442323aaedbe2,BLDEXT-26-0001550,Building,appended_new_activity,no_exact_core_match,,tpa-79737bda79dc0a,BLDEXT260001550,false
acc-16a0f38af25a229e4efa,BLDEXT-26-0001551,Building,appended_new_activity,no_exact_core_match,,tpa-b04c3dfceb7ea5,BLDEXT260001551,false
acc-adfdc5745ad8f96e0009,BLDEXT-26-0001552,Building,appended_new_activity,no_exact_core_match,,tpa-29ba888cb48e22,BLDEXT260001552,false
acc-ed1570855b9ffd3fcf8d,BLDEXT-26-0001553,Building,appended_new_activity,no_exact_core_match,,tpa-bbbe91cee008fd,BLDEXT260001553,false
acc-2cd02bb01673cc9bfbdf,BLDEXT-26-0001554,Building,appended_new_activity,no_exact_core_match,,tpa-069cf2ce505dbd,BLDEXT260001554,false
acc-b599bcdde149039f4ec7,BLDEXT-26-0001555,Building,appended_new_activity,no_exact_core_match,,tpa-2374b211d9ba0e,BLDEXT260001555,false
acc-40c5eb80d95033baa88b,BLDEXT-26-0001556,Building,appended_new_activity,no_exact_core_match,,tpa-48ad44c34d50f5,BLDEXT260001556,false
acc-9af46a9616b43a034f71,BLDEXT-26-0001557,Building,appended_new_activity,no_exact_core_match,,tpa-d1624cd814b0b1,BLDEXT260001557,false
acc-87cd92902a784ec162ed,BLDEXT-26-0001558,Building,appended_new_activity,no_exact_core_match,,tpa-b11d034f653a89,BLDEXT260001558,false
acc-f174bde2fbedcee51b23,BLDEXT-26-0001559,Building,appended_new_activity,no_exact_core_match,,tpa-d1da3b10cdb3cc,BLDEXT260001559,false
acc-4518b77400de24bcc14b,BLDEXT-26-0001560,Building,appended_new_activity,no_exact_core_match,,tpa-28191bc98ff387,BLDEXT260001560,false
acc-3edb902f8bf93f115675,BLDEXT-26-0001561,Building,appended_new_activity,no_exact_core_match,,tpa-98a2e8c38e1a4f,BLDEXT260001561,false
acc-f1c4651b3c3a41f2b9fe,BLDEXT-26-0001562,Building,appended_new_activity,no_exact_core_match,,tpa-12c4dd80146195,BLDEXT260001562,false
acc-9e509dc1e21656044073,BLDEXT-26-0001563,Building,appended_new_activity,no_exact_core_match,,tpa-777fd6bf72138b,BLDEXT260001563,false
acc-9beb8b4bcab290656950,BLDEXT-26-0001564,Building,appended_new_activity,no_exact_core_match,,tpa-6ae3f8d53d8364,BLDEXT260001564,false
acc-88812cfcc013551652f9,BLDEXT-26-0001565,Building,appended_new_activity,no_exact_core_match,,tpa-783ca30fce6cec,BLDEXT260001565,false
acc-126a7b68bdc3784315ac,BLDEXT-26-0001566,Building,appended_new_activity,no_exact_core_match,,tpa-04064920cd87eb,BLDEXT260001566,false
acc-79f0cd8d87b8b5cd7295,BLDEXT-26-0001567,Building,appended_new_activity,no_exact_core_match,,tpa-cf5080adae3895,BLDEXT260001567,false
acc-5d0273de4d65ac48ccb2,BLDEXT-26-0001568,Building,appended_new_activity,no_exact_core_match,,tpa-4e5c24d956cc12,BLDEXT260001568,false
acc-174ebb71160d3001e6a6,BLDEXT-26-0001569,Building,appended_new_activity,no_exact_core_match,,tpa-384e6e131177f0,BLDEXT260001569,false
acc-51a78322e574bc9d8877,BLDEXT-26-0001570,Building,appended_new_activity,no_exact_core_match,,tpa-c3dab8e995f346,BLDEXT260001570,false
acc-a6945390a2220c96890e,BLDEXT-26-0001571,Building,appended_new_activity,no_exact_core_match,,tpa-d5b13d104995e5,BLDEXT260001571,false
acc-5f6b1a30c978f8a141c3,BLDEXT-26-0001572,Building,appended_new_activity,no_exact_core_match,,tpa-51b44faea2bc99,BLDEXT260001572,false
acc-ec8ba54525152b32f9a6,BLDEXT-26-0001573,Building,appended_new_activity,no_exact_core_match,,tpa-b409e4744ff285,BLDEXT260001573,false
acc-3c8edbf6c1da8896621f,BLDEXT-26-0001574,Building,appended_new_activity,no_exact_core_match,,tpa-18a5a571ac5fb9,BLDEXT260001574,false
acc-04183b7eed7631699775,BLDEXT-26-0001575,Building,appended_new_activity,no_exact_core_match,,tpa-63f1689744376c,BLDEXT260001575,false
acc-609413c9d3e845bc852b,BLDEXT-26-0001576,Building,appended_new_activity,no_exact_core_match,,tpa-18f8693e20053d,BLDEXT260001576,false
acc-9d9395a5f92eb377b936,BLDEXT-26-0001577,Building,appended_new_activity,no_exact_core_match,,tpa-2c66ad281e9f5e,BLDEXT260001577,false
acc-99a6f961b69274a5d483,BLDEXT-26-0001578,Building,appended_new_activity,no_exact_core_match,,tpa-8df54fbdc1673a,BLDEXT260001578,false
acc-d1c921d28c84fae9b88a,BLDEXT-26-0001579,Building,appended_new_activity,no_exact_core_match,,tpa-21f7fcc255f69e,BLDEXT260001579,false
acc-fb2f75b29a685f05fba6,BLDEXT-26-0001580,Building,appended_new_activity,no_exact_core_match,,tpa-e83b6a2182d3c7,BLDEXT260001580,false
acc-075fd71a1d648c91f6dd,BLDEXT-26-0001581,Building,appended_new_activity,no_exact_core_match,,tpa-9653a3784c3f4c,BLDEXT260001581,false
acc-3259a45d6695dc1ff4d1,BLDEXT-26-0001582,Building,appended_new_activity,no_exact_core_match,,tpa-2fc4f2f027eeb6,BLDEXT260001582,false
acc-0a55bcbf72018424ee8c,BLDEXT-26-0001583,Building,appended_new_activity,no_exact_core_match,,tpa-c93ce5f950a1fb,BLDEXT260001583,false
acc-50955edd5d6d809746e3,BLDEXT-26-0001584,Building,appended_new_activity,no_exact_core_match,,tpa-0d6b60985c217b,BLDEXT260001584,false
acc-b409d4d1996999f3d6cf,BLDEXT-26-0001585,Building,appended_new_activity,no_exact_core_match,,tpa-f3ab9ddb561823,BLDEXT260001585,false
acc-eba99b561d1056215002,BLDEXT-26-0001586,Building,appended_new_activity,no_exact_core_match,,tpa-53057b655ea90a,BLDEXT260001586,false
acc-541c36f5f2dc7e87e7dc,BLDEXT-26-0001587,Building,appended_new_activity,no_exact_core_match,,tpa-b2e6b37092d4cc,BLDEXT260001587,false
acc-9b37bdc3051cdb2c8f05,BLDEXT-26-0001588,Building,appended_new_activity,no_exact_core_match,,tpa-4654f0ce4a83d9,BLDEXT260001588,false
acc-930ca8fafd5825179e9c,BLDEXT-26-0001589,Building,appended_new_activity,no_exact_core_match,,tpa-dcfe00b1c4f761,BLDEXT260001589,false
acc-3b511e25fc7bfbc428bc,BLDEXT-26-0001590,Building,appended_new_activity,no_exact_core_match,,tpa-94063eda480a36,BLDEXT260001590,false
acc-dbca2bcfac54036d68fa,BLDEXT-26-0001591,Building,appended_new_activity,no_exact_core_match,,tpa-ffcde3ea4f7c7a,BLDEXT260001591,false
acc-ac3f734deb8e72039d1b,BLDEXT-26-0001592,Building,appended_new_activity,no_exact_core_match,,tpa-7839b352550ed7,BLDEXT260001592,false
acc-02b737901cb744a7b73b,BLDEXT-26-0001593,Building,appended_new_activity,no_exact_core_match,,tpa-802a6187aa834f,BLDEXT260001593,false
acc-ff01feb8f447e7c1881c,BLDEXT-26-0001594,Building,appended_new_activity,no_exact_core_match,,tpa-8c1fb0331c0d66,BLDEXT260001594,false
acc-343fd9bab6120dddf645,BLDEXT-26-0001595,Building,appended_new_activity,no_exact_core_match,,tpa-86f6271a654435,BLDEXT260001595,false
acc-3585e51633d215a82fea,BLDEXT-26-0001596,Building,appended_new_activity,no_exact_core_match,,tpa-47cff103100a14,BLDEXT260001596,false
acc-5be08c19a8262a955b08,BLDEXT-26-0001597,Building,appended_new_activity,no_exact_core_match,,tpa-bc47d645adc0f5,BLDEXT260001597,false
acc-62ab420380350173589d,BLDEXT-26-0001598,Building,appended_new_activity,no_exact_core_match,,tpa-39cb094fe37354,BLDEXT260001598,false
acc-fcf5f3aab1e7ec3efdac,BLDEXT-26-0001599,Building,appended_new_activity,no_exact_core_match,,tpa-add7027b64c38b,BLDEXT260001599,false
acc-1e9252d9c03266cd63da,BLDEXT-26-0001600,Building,appended_new_activity,no_exact_core_match,,tpa-ebdf97fb858f01,BLDEXT260001600,false
acc-7ae36264fbf479fbc561,BLDEXT-26-0001601,Building,appended_new_activity,no_exact_core_match,,tpa-f6307b6ba3023b,BLDEXT260001601,false
acc-472eb2e360baf01d5785,BLDEXT-26-0001602,Building,appended_new_activity,no_exact_core_match,,tpa-c6f4b641325410,BLDEXT260001602,false
acc-084fe2b1920a2e149713,BLDEXT-26-0001603,Building,appended_new_activity,no_exact_core_match,,tpa-968502134eb863,BLDEXT260001603,false
acc-a624a78a943efcb54c60,BLDEXT-26-0001604,Building,appended_new_activity,no_exact_core_match,,tpa-a053436e930af5,BLDEXT260001604,false
acc-20fe2c755df19304cfe7,BLDEXT-26-0001605,Building,appended_new_activity,no_exact_core_match,,tpa-8c06619f82ce48,BLDEXT260001605,false
acc-806526966683d9544292,BLDEXT-26-0001606,Building,appended_new_activity,no_exact_core_match,,tpa-71568d4b04cf02,BLDEXT260001606,false
acc-1fe74a8ef9ab757008a5,BLDEXT-26-0001607,Building,appended_new_activity,no_exact_core_match,,tpa-a0157e8cf49b91,BLDEXT260001607,false
acc-34baa21e6f7c9a6092fd,BLDEXT-26-0001608,Building,appended_new_activity,no_exact_core_match,,tpa-5bc42f1cbdc216,BLDEXT260001608,false
acc-bfd31218bc4838d87542,BLDEXT-26-0001609,Building,appended_new_activity,no_exact_core_match,,tpa-9c7dd1d209ec50,BLDEXT260001609,false
acc-8ca64ce6da8ef626a9bc,BLDEXT-26-0001610,Building,appended_new_activity,no_exact_core_match,,tpa-4b1f4126fb6d0b,BLDEXT260001610,false
acc-52894ce5cdce409cd5f2,BLDEXT-26-0001611,Building,appended_new_activity,no_exact_core_match,,tpa-a2430dd93b59dd,BLDEXT260001611,false
acc-063ab584b69286f00d4c,BLDEXT-26-0001612,Building,appended_new_activity,no_exact_core_match,,tpa-9da51cac40570c,BLDEXT260001612,false
acc-9934f804418774551d77,BLDEXT-26-0001613,Building,appended_new_activity,no_exact_core_match,,tpa-c19a6fade4ff7d,BLDEXT260001613,false
acc-742484de8ca37c3fa9ed,BLDEXT-26-0001614,Building,appended_new_activity,no_exact_core_match,,tpa-2cdfdfda7a9c8e,BLDEXT260001614,false
acc-ea3e95c0cdc00cdd448f,BLDEXT-26-0001615,Building,appended_new_activity,no_exact_core_match,,tpa-99b15a0e5964e6,BLDEXT260001615,false
acc-b9e10d4d374a255d6778,BLDEXT-26-0001616,Building,appended_new_activity,no_exact_core_match,,tpa-d42c1f4ed7210f,BLDEXT260001616,false
acc-4539c9cfe74509f907d5,BLDEXT-26-0001617,Building,appended_new_activity,no_exact_core_match,,tpa-bf5602030d2cc2,BLDEXT260001617,false
acc-f5866da3f6345b26e939,BLDEXT-26-0001618,Building,appended_new_activity,no_exact_core_match,,tpa-fefc891aed3d6b,BLDEXT260001618,false
acc-41614518de466b1b196b,BLDEXT-26-0001619,Building,appended_new_activity,no_exact_core_match,,tpa-4f2263ce627b1a,BLDEXT260001619,false
acc-0a3ea903a2c7537939e6,BLDEXT-26-0001620,Building,appended_new_activity,no_exact_core_match,,tpa-c9e9f9fc662cc0,BLDEXT260001620,false
acc-fff037326d496c5b087e,BLDEXT-26-0001621,Building,appended_new_activity,no_exact_core_match,,tpa-28a4f7d09acaa6,BLDEXT260001621,false
acc-358d8f344c63978c6c5b,BLDEXT-26-0001622,Building,appended_new_activity,no_exact_core_match,,tpa-d56d1cf788a301,BLDEXT260001622,false
acc-d272843e6e9e3353fc6e,BLDEXT-26-0001623,Building,appended_new_activity,no_exact_core_match,,tpa-f0959308ac6f24,BLDEXT260001623,false
acc-f9455b981fbf7941126e,BLDEXT-26-0001624,Building,appended_new_activity,no_exact_core_match,,tpa-2e4c02983e3357,BLDEXT260001624,false
acc-b074e8127ee8dcad0f09,BLDEXT-26-0001625,Building,appended_new_activity,no_exact_core_match,,tpa-08cbb49e63fb6e,BLDEXT260001625,false
acc-8540cd5b6c5226f3772e,BLDEXT-26-0001626,Building,appended_new_activity,no_exact_core_match,,tpa-3a83553ab162c2,BLDEXT260001626,false
acc-b9b917af369f40b9e3b0,BLDEXT-26-0001627,Building,appended_new_activity,no_exact_core_match,,tpa-13ea09f22a7311,BLDEXT260001627,false
acc-41385ee6c3ceaeb202be,BLDEXT-26-0001628,Building,appended_new_activity,no_exact_core_match,,tpa-7e2b575ad9076d,BLDEXT260001628,false
acc-80fabf3999fa2bdbb17f,BLDEXT-26-0001629,Building,appended_new_activity,no_exact_core_match,,tpa-1bedb32e7b90b4,BLDEXT260001629,false
acc-f6c7d6c37cb4239da1c7,BLDEXT-26-0001630,Building,appended_new_activity,no_exact_core_match,,tpa-627c394d0008ed,BLDEXT260001630,false
acc-e0dc991dc7e7a493dee4,BLDEXT-26-0001631,Building,appended_new_activity,no_exact_core_match,,tpa-febcd82a79fb01,BLDEXT260001631,false
acc-431dadd0a78c3ca84825,BLDEXT-26-0001632,Building,appended_new_activity,no_exact_core_match,,tpa-f2f35c57633986,BLDEXT260001632,false
acc-3133f936e0b0d2f2d70d,BLDEXT-26-0001633,Building,appended_new_activity,no_exact_core_match,,tpa-14f9056b2f4d82,BLDEXT260001633,false
acc-2ae90e401f31a9e3dbd8,BLDEXT-26-0001634,Building,appended_new_activity,no_exact_core_match,,tpa-64eb0adf5dc2f2,BLDEXT260001634,false
acc-3f974e8902069a461eb7,BLDEXT-26-0001635,Building,appended_new_activity,no_exact_core_match,,tpa-e46324bac0c521,BLDEXT260001635,false
acc-61b4fe653beffbfabb5b,BLDEXT-26-0001636,Building,appended_new_activity,no_exact_core_match,,tpa-81bf5c829d7d82,BLDEXT260001636,false
acc-55188b9c89d707fcd33a,BLDEXT-26-0001637,Building,appended_new_activity,no_exact_core_match,,tpa-f909b27c55a74c,BLDEXT260001637,false
acc-dab75cc50bb0587fcfd0,BLDEXT-26-0001638,Building,appended_new_activity,no_exact_core_match,,tpa-f5a1e52b592df8,BLDEXT260001638,false
acc-bb3e3ef8a5afa3ef5900,BLDEXT-26-0001639,Building,appended_new_activity,no_exact_core_match,,tpa-793e6c253f45a8,BLDEXT260001639,false
acc-65c10d0dc58ae3c4b2fe,BLDEXT-26-0001640,Building,appended_new_activity,no_exact_core_match,,tpa-7fad90d874e60b,BLDEXT260001640,false
acc-8cc98109951bddc45be8,BLDEXT-26-0001641,Building,appended_new_activity,no_exact_core_match,,tpa-977a63ce8747cb,BLDEXT260001641,false
acc-2a1d9b71b1abda2547ac,BLDEXT-26-0001642,Building,appended_new_activity,no_exact_core_match,,tpa-6f739ea6f904d7,BLDEXT260001642,false
acc-634701310f1367948127,BLDEXT-26-0001643,Building,appended_new_activity,no_exact_core_match,,tpa-1893776413cd36,BLDEXT260001643,false
acc-e8dff925f3dbc7044224,BLDEXT-26-0001644,Building,appended_new_activity,no_exact_core_match,,tpa-36068370b2328b,BLDEXT260001644,false
acc-b41c67f1ad508a248b09,BLDEXT-26-0001645,Building,appended_new_activity,no_exact_core_match,,tpa-73bb60d570f474,BLDEXT260001645,false
acc-92c2d22d83c007765dcc,BLDEXT-26-0001646,Building,appended_new_activity,no_exact_core_match,,tpa-0c2f3dcdbf5770,BLDEXT260001646,false
acc-9a6941ab77b5736f47a7,BLDEXT-26-0001647,Building,appended_new_activity,no_exact_core_match,,tpa-0213f6ef0769a2,BLDEXT260001647,false
acc-ea1daa1bf5a72de9e4ed,BLDEXT-26-0001648,Building,appended_new_activity,no_exact_core_match,,tpa-a782bbe5d2c42c,BLDEXT260001648,false
acc-604449142a872d7fa7e1,BLDEXT-26-0001649,Building,appended_new_activity,no_exact_core_match,,tpa-1846e32ba10fee,BLDEXT260001649,false
acc-7b4c832fa9a1c887da6c,BLDEXT-26-0001650,Building,appended_new_activity,no_exact_core_match,,tpa-f701237428f628,BLDEXT260001650,false
acc-ce7ace1c40b5b0e38089,BLDEXT-26-0001651,Building,appended_new_activity,no_exact_core_match,,tpa-1577dd81f92a84,BLDEXT260001651,false
acc-fba29aec6431b79043b6,BLDEXT-26-0001652,Building,appended_new_activity,no_exact_core_match,,tpa-543bf621ba7943,BLDEXT260001652,false
acc-bbf84f0b486501275146,BLDEXT-26-0001653,Building,appended_new_activity,no_exact_core_match,,tpa-ef2bb457eaafd0,BLDEXT260001653,false
acc-6484cd88c2e249973102,BLDLP-26-008627,Building,appended_new_activity,no_exact_core_match,,tpa-455e9324a3f3ef,BLDLP26008627,false
acc-dce45620439149902ca3,BLDLP-26-008628,Building,appended_new_activity,no_exact_core_match,,tpa-a3731302d62c96,BLDLP26008628,false
acc-e3010f046579d91f43e6,BLDLP-26-008629,Building,appended_new_activity,no_exact_core_match,,tpa-3adebbcf7370c3,BLDLP26008629,false
acc-df8f723fe50671084b52,BLDLP-26-008630,Building,appended_new_activity,no_exact_core_match,,tpa-b22388965de6f0,BLDLP26008630,false
acc-33c9a28cbd53afbcae64,BLDLP-26-008631,Building,appended_new_activity,no_exact_core_match,,tpa-993b8eb8753eb1,BLDLP26008631,false
acc-f51ae2783c97607a3beb,BLDLP-26-008632,Building,appended_new_activity,no_exact_core_match,,tpa-c721b753cf893c,BLDLP26008632,false
acc-6db0e042052047353efd,BLDLP-26-008633,Building,appended_new_activity,no_exact_core_match,,tpa-ef2e61d10353e0,BLDLP26008633,false
acc-5022265dab6e2d4da4fd,BLDLP-26-008634,Building,appended_new_activity,no_exact_core_match,,tpa-f960a2bf5bb316,BLDLP26008634,false
acc-5a8d3b1371cce739452b,BLDLP-26-008635,Building,appended_new_activity,no_exact_core_match,,tpa-fffb497952748b,BLDLP26008635,false
acc-d10d08e3478095adabf7,BLDLP-26-008636,Building,appended_new_activity,no_exact_core_match,,tpa-d523919a1f135d,BLDLP26008636,false
acc-94e38e41c59cf6d0117c,BLDLP-26-008637,Building,appended_new_activity,no_exact_core_match,,tpa-75007db36dc943,BLDLP26008637,false
acc-225bbfbd8f8b8efe9960,BLDLP-26-008638,Building,appended_new_activity,no_exact_core_match,,tpa-47d552fc0bee03,BLDLP26008638,false
acc-ef8aa878b2dd12c7a345,BLDLP-26-008639,Building,appended_new_activity,no_exact_core_match,,tpa-978a6bc726d89c,BLDLP26008639,false
acc-b9200c5d457bb6f55513,BLDLP-26-008640,Building,appended_new_activity,no_exact_core_match,,tpa-4b3d3e4e4eca95,BLDLP26008640,false
acc-a89698d61e48b8e80ec8,BLDLP-26-008641,Building,appended_new_activity,no_exact_core_match,,tpa-50819b45b16687,BLDLP26008641,false
acc-694b5b8472a9f0fd8a0b,BLDLP-26-008642,Building,appended_new_activity,no_exact_core_match,,tpa-93970446c0a028,BLDLP26008642,false
acc-34244e7295fccffcb8a7,BLDLP-26-008643,Building,appended_new_activity,no_exact_core_match,,tpa-6d9fe944f77fea,BLDLP26008643,false
acc-bfd842b2a8326c1febcb,BLDLP-26-008644,Building,appended_new_activity,no_exact_core_match,,tpa-a756cdb4772b9e,BLDLP26008644,false
acc-e74ab1e961f1c8606e34,BLDLP-26-008645,Building,appended_new_activity,no_exact_core_match,,tpa-92020b1c1486fc,BLDLP26008645,false
acc-6d3555fb135e865ff06f,BLDLP-26-008646,Building,appended_new_activity,no_exact_core_match,,tpa-e5dda8d0abab61,BLDLP26008646,false
acc-886c93c60925cf605b67,BLDLP-26-008647,Building,appended_new_activity,no_exact_core_match,,tpa-3396b4f67f7edb,BLDLP26008647,false
acc-1be95a8a09301725bd9e,BLDLP-26-008648,Building,appended_new_activity,no_exact_core_match,,tpa-dee7204c0d817e,BLDLP26008648,false
acc-34541aa97d9b56531a55,BLDLP-26-008649,Building,appended_new_activity,no_exact_core_match,,tpa-a718f6c25ca8f1,BLDLP26008649,false
acc-e7e36895be6a5d05b076,BLDLP-26-008650,Building,appended_new_activity,no_exact_core_match,,tpa-3716a11a560ef7,BLDLP26008650,false
acc-71eb26b932c946e28f7b,BLDLP-26-008651,Building,appended_new_activity,no_exact_core_match,,tpa-98af204962ab37,BLDLP26008651,false
acc-6f2f875767c1f3acd9a4,BLDLP-26-008652,Building,appended_new_activity,no_exact_core_match,,tpa-a60c76ca373ead,BLDLP26008652,false
acc-9f15fa3666c964f2ad4e,BLDLP-26-008653,Building,appended_new_activity,no_exact_core_match,,tpa-75162041dd4e61,BLDLP26008653,false
acc-31cf887e320b6f5a497c,BLDLP-26-008654,Building,appended_new_activity,no_exact_core_match,,tpa-27160c402251b3,BLDLP26008654,false
acc-3114a6e9e27c6c0955d6,BLDLP-26-008655,Building,appended_new_activity,no_exact_core_match,,tpa-e134afabcde8ba,BLDLP26008655,false
acc-16bf9e1b42ec064fa356,BLDLP-26-008656,Building,appended_new_activity,no_exact_core_match,,tpa-aab91508436297,BLDLP26008656,false
acc-2a3844731d00d19f88d5,BLDLP-26-008657,Building,appended_new_activity,no_exact_core_match,,tpa-ae01a64fd722d2,BLDLP26008657,false
acc-2b2eea76f9200cd4193e,BLDLP-26-008658,Building,appended_new_activity,no_exact_core_match,,tpa-1a489495480931,BLDLP26008658,false
acc-4bcfa41278a03b01d6a2,BLDLP-26-008659,Building,appended_new_activity,no_exact_core_match,,tpa-2489fef427d05e,BLDLP26008659,false
acc-17b6728bbbc920a56d7e,BLDLP-26-008660,Building,appended_new_activity,no_exact_core_match,,tpa-b8a90368540ae9,BLDLP26008660,false
acc-2cf6a69458e1df1bff66,BLDLP-26-008661,Building,appended_new_activity,no_exact_core_match,,tpa-7b6b9bdbe01901,BLDLP26008661,false
acc-5d09093877143800809c,BLDLP-26-008662,Building,appended_new_activity,no_exact_core_match,,tpa-b93a52d40b6ff9,BLDLP26008662,false
acc-48f50b270764b3f7066e,BLDLP-26-008663,Building,appended_new_activity,no_exact_core_match,,tpa-311b7c8519f15d,BLDLP26008663,false
acc-e903de233b641c489242,BLDLP-26-008664,Building,appended_new_activity,no_exact_core_match,,tpa-4457751f7ebe4b,BLDLP26008664,false
acc-5a9529401fc8642d0cb9,BLDLP-26-008665,Building,appended_new_activity,no_exact_core_match,,tpa-4cf5398c3ef7fe,BLDLP26008665,false
acc-0252b98a55014e66a08b,BLDLP-26-008666,Building,appended_new_activity,no_exact_core_match,,tpa-0ce8a3867a39d1,BLDLP26008666,false
acc-90f7ecccf4192f78d285,BLDLP-26-008667,Building,appended_new_activity,no_exact_core_match,,tpa-5c8307bb205bbe,BLDLP26008667,false
acc-4a315918c8d9f3b67bb1,BLDLP-26-008668,Building,appended_new_activity,no_exact_core_match,,tpa-d8159f0f88cedc,BLDLP26008668,false
acc-615cd29d815ba641e6e7,BLDLP-26-008669,Building,appended_new_activity,no_exact_core_match,,tpa-6c1f3c1dd8be06,BLDLP26008669,false
acc-20813eaf88e14be7c695,BLDLP-26-008670,Building,appended_new_activity,no_exact_core_match,,tpa-8703db5b447c70,BLDLP26008670,false
acc-e9b237c36067014c0754,BLDLP-26-008671,Building,appended_new_activity,no_exact_core_match,,tpa-54234fa47d431e,BLDLP26008671,false
acc-01d0b6496bd591e233c3,BLDLP-26-008672,Building,appended_new_activity,no_exact_core_match,,tpa-d527ac4029a00c,BLDLP26008672,false
acc-459f2da97f7b541ba88b,BLDLP-26-008673,Building,appended_new_activity,no_exact_core_match,,tpa-d748c8a7656f82,BLDLP26008673,false
acc-57510cd450254f1ab62c,BLDLP-26-008674,Building,appended_new_activity,no_exact_core_match,,tpa-762ee402081fa3,BLDLP26008674,false
acc-a12fae6a0db6e4dc2697,BLDLP-26-008675,Building,appended_new_activity,no_exact_core_match,,tpa-a60d2fe55e0728,BLDLP26008675,false
acc-62a813bc222da2f3f9d8,BLDLP-26-008676,Building,appended_new_activity,no_exact_core_match,,tpa-1e807eadd94a95,BLDLP26008676,false
acc-9921f3903e73cb142c4e,BLDLP-26-008677,Building,appended_new_activity,no_exact_core_match,,tpa-fd8a743b2c02d9,BLDLP26008677,false
acc-d157c405411c4b42bddf,BLDLP-26-008678,Building,appended_new_activity,no_exact_core_match,,tpa-4841eb760778b1,BLDLP26008678,false
acc-2098754fe5e4ea3a9c80,BLDLP-26-008679,Building,appended_new_activity,no_exact_core_match,,tpa-30932b28abc435,BLDLP26008679,false
acc-d37a0f7cc8855821798c,BLDLP-26-008680,Building,appended_new_activity,no_exact_core_match,,tpa-8bd69d080d8d34,BLDLP26008680,false
acc-93658e2456874807c3f8,BLDLP-26-008681,Building,appended_new_activity,no_exact_core_match,,tpa-04c49dfe039698,BLDLP26008681,false
acc-339042f7ea7de32f6949,BLDLP-26-008682,Building,appended_new_activity,no_exact_core_match,,tpa-efc3f774b47f12,BLDLP26008682,false
acc-97ed315db77844c9f4fc,BLDLP-26-008683,Building,appended_new_activity,no_exact_core_match,,tpa-46fd0285b777d7,BLDLP26008683,false
acc-4ad1a80971ca7fa69398,BLDLP-26-008684,Building,appended_new_activity,no_exact_core_match,,tpa-ce2ebe21b62cb1,BLDLP26008684,false
acc-d5907c24daf12aa58d07,BLDLP-26-008685,Building,appended_new_activity,no_exact_core_match,,tpa-1a11ace30235f3,BLDLP26008685,false
acc-0f2c9e493b6a21911894,BLDLP-26-008686,Building,appended_new_activity,no_exact_core_match,,tpa-b50fa30881fd99,BLDLP26008686,false
acc-9ca5245e5a96267de41e,BLDLP-26-008687,Building,appended_new_activity,no_exact_core_match,,tpa-a192a0b07c930f,BLDLP26008687,false
acc-92c88134864a8bf452ca,BLDLP-26-008688,Building,appended_new_activity,no_exact_core_match,,tpa-11c50dad70051c,BLDLP26008688,false
acc-e2bbf48a23ef6cf5ddd8,BLDLP-26-008689,Building,appended_new_activity,no_exact_core_match,,tpa-9a6a1d058bb0d9,BLDLP26008689,false
acc-dd49417e35866896c356,BLDLP-26-008690,Building,appended_new_activity,no_exact_core_match,,tpa-5804fe24b8d292,BLDLP26008690,false
acc-064e19d67f8ee8e792c8,BLDLP-26-008691,Building,appended_new_activity,no_exact_core_match,,tpa-b9267a945c6c15,BLDLP26008691,false
acc-10d2c76ef7c9d27714af,BLDLP-26-008692,Building,appended_new_activity,no_exact_core_match,,tpa-fd86693e8d6971,BLDLP26008692,false
acc-fba805bce137197eb252,BLDLP-26-008693,Building,appended_new_activity,no_exact_core_match,,tpa-6326cdc587fe65,BLDLP26008693,false
acc-c357f276b9f118102481,BLDLP-26-008694,Building,appended_new_activity,no_exact_core_match,,tpa-17aeb28f66820f,BLDLP26008694,false
acc-2703623d30c0b404f88a,BLDLP-26-008695,Building,appended_new_activity,no_exact_core_match,,tpa-ba77070c157078,BLDLP26008695,false
acc-70ccdae1ae00cf4ab998,BLDLP-26-008696,Building,appended_new_activity,no_exact_core_match,,tpa-bd0f8c3e2c24be,BLDLP26008696,false
acc-5a7c83c005813f2291fc,BLDLP-26-008697,Building,appended_new_activity,no_exact_core_match,,tpa-01ce3b325c270a,BLDLP26008697,false
acc-19fecc103e0423080bd0,BLDLP-26-008698,Building,appended_new_activity,no_exact_core_match,,tpa-bae1ac1fd525ae,BLDLP26008698,false
acc-3949fc4fba0282073c1d,BLDLP-26-008699,Building,appended_new_activity,no_exact_core_match,,tpa-e50dfa0eaed1cd,BLDLP26008699,false
acc-95b6047ad01cdcf9505a,BLDLP-26-008700,Building,appended_new_activity,no_exact_core_match,,tpa-a33105b95cbefc,BLDLP26008700,false
acc-63d0275cbf4d22352693,BLDLP-26-008701,Building,appended_new_activity,no_exact_core_match,,tpa-e986506be34bb2,BLDLP26008701,false
acc-a61724d900d10eb790c4,BLDLP-26-008702,Building,appended_new_activity,no_exact_core_match,,tpa-97a588b070caf3,BLDLP26008702,false
acc-f19cd5c6ec541c420633,BLDLP-26-008703,Building,appended_new_activity,no_exact_core_match,,tpa-dc6aaec6b79dc8,BLDLP26008703,false
acc-73e2079d47e28a5ee19d,BLDLP-26-008704,Building,appended_new_activity,no_exact_core_match,,tpa-aa374b1162e00a,BLDLP26008704,false
acc-c30490133531f6ac63b3,BLDLP-26-008705,Building,appended_new_activity,no_exact_core_match,,tpa-719f7396ae52fe,BLDLP26008705,false
acc-5159ac7c455765f1d9e2,BLDLP-26-008706,Building,appended_new_activity,no_exact_core_match,,tpa-ef4f7cd5915880,BLDLP26008706,false
acc-995c2ffd9dcb5996b216,BLDLP-26-008709,Building,appended_new_activity,no_exact_core_match,,tpa-30922fb694400c,BLDLP26008709,false
acc-d7e38ea4580059aa785a,BLDLP-26-008710,Building,appended_new_activity,no_exact_core_match,,tpa-47b45b3e6516ea,BLDLP26008710,false
acc-29321557f42e95deab2a,BLDLP-26-008711,Building,appended_new_activity,no_exact_core_match,,tpa-9ee13274ceb0a2,BLDLP26008711,false
acc-325f062d23f910871e90,BLDLP-26-008712,Building,appended_new_activity,no_exact_core_match,,tpa-b7c6eaec048b0e,BLDLP26008712,false
acc-1dda93564a551721b76d,BLDLP-26-008713,Building,appended_new_activity,no_exact_core_match,,tpa-f86d2b91cea46e,BLDLP26008713,false
acc-0a84fb15daa2af52a622,BLDLP-26-008714,Building,appended_new_activity,no_exact_core_match,,tpa-f8184acd51c660,BLDLP26008714,false
acc-8744048ae1fe4cc7abf8,BLDLP-26-008715,Building,appended_new_activity,no_exact_core_match,,tpa-9d7a27a4df78fb,BLDLP26008715,false
acc-9087589896b9d7b8fa13,BLDLP-26-008716,Building,appended_new_activity,no_exact_core_match,,tpa-2a427b5af367c1,BLDLP26008716,false
acc-e02d302e610f9474b60b,BLDLP-26-008717,Building,appended_new_activity,no_exact_core_match,,tpa-1633ee63c4bd6e,BLDLP26008717,false
acc-46f2766bb5571b388a76,BLDLP-26-008718,Building,appended_new_activity,no_exact_core_match,,tpa-c1952d08c555c0,BLDLP26008718,false
acc-648d7297895f1236b914,BLDLP-26-008719,Building,appended_new_activity,no_exact_core_match,,tpa-fbff5dcc0a1c89,BLDLP26008719,false
acc-0890177371c91b4bd415,BLDLP-26-008720,Building,appended_new_activity,no_exact_core_match,,tpa-263b998a2f8181,BLDLP26008720,false
acc-8a3f839c7c260c946168,BLDLP-26-008721,Building,appended_new_activity,no_exact_core_match,,tpa-5b2b5e8a238143,BLDLP26008721,false
acc-95bcf47753cae1ed9fc7,BLDLP-26-008722,Building,appended_new_activity,no_exact_core_match,,tpa-b6fb1c27e3652a,BLDLP26008722,false
acc-93576d32ef3228aff2f6,BLDLP-26-008723,Building,appended_new_activity,no_exact_core_match,,tpa-252086faa4e09b,BLDLP26008723,false
acc-251b41fda8f59ac5768d,BLDLP-26-008724,Building,appended_new_activity,no_exact_core_match,,tpa-db27e13a69e28a,BLDLP26008724,false
acc-b0cedcfa5a39385ac418,BLDLP-26-008725,Building,appended_new_activity,no_exact_core_match,,tpa-95dea619a98d35,BLDLP26008725,false
acc-88a05d0e9a5d903e442e,BLDLP-26-008726,Building,appended_new_activity,no_exact_core_match,,tpa-841036662137a0,BLDLP26008726,false
acc-566fe4ddaeb9cf4b8f78,BLDLP-26-008727,Building,appended_new_activity,no_exact_core_match,,tpa-e9cab9c059f110,BLDLP26008727,false
acc-b59a4f9c929e1dda1035,BLDLP-26-008728,Building,appended_new_activity,no_exact_core_match,,tpa-75932b88318d92,BLDLP26008728,false
acc-ed6145a6b2ad229b0fca,BLDLP-26-008729,Building,appended_new_activity,no_exact_core_match,,tpa-c3fd41a435fb3c,BLDLP26008729,false
acc-5fbb5a37af0bdf2d5b17,BLDLP-26-008730,Building,appended_new_activity,no_exact_core_match,,tpa-9dd277aa4cf875,BLDLP26008730,false
acc-5c4d2ad713584171cbdf,BLDLP-26-008731,Building,appended_new_activity,no_exact_core_match,,tpa-7bc26d5feb4a38,BLDLP26008731,false
acc-773c9ebaf6c74b26f0b1,BLDLP-26-008732,Building,appended_new_activity,no_exact_core_match,,tpa-3d8b20a6567dfa,BLDLP26008732,false
acc-b6a90e4519bf11999379,BLDLP-26-008733,Building,appended_new_activity,no_exact_core_match,,tpa-8b82887ed5c6dc,BLDLP26008733,false
acc-876d4244a181a396c4c2,BLDLP-26-008734,Building,appended_new_activity,no_exact_core_match,,tpa-ceab0e5a876775,BLDLP26008734,false
acc-937b00bd2d4c91a16ff1,BLDLP-26-008735,Building,appended_new_activity,no_exact_core_match,,tpa-8b1a3ea0dc474f,BLDLP26008735,false
acc-593c4134073f94f515e8,BLDLP-26-008736,Building,appended_new_activity,no_exact_core_match,,tpa-bfb2fe011817d5,BLDLP26008736,false
acc-aca5ffab7cb835068664,BLDLP-26-008737,Building,appended_new_activity,no_exact_core_match,,tpa-3a5a188a2321f7,BLDLP26008737,false
acc-4d11d57f1926945275c6,BLDLP-26-008738,Building,appended_new_activity,no_exact_core_match,,tpa-07d80cf2fa3e33,BLDLP26008738,false
acc-c6bce4cc142e42309908,BLDLP-26-008739,Building,appended_new_activity,no_exact_core_match,,tpa-42b766c638c2b0,BLDLP26008739,false
acc-5fa2898520c754b26006,BLDLP-26-008740,Building,appended_new_activity,no_exact_core_match,,tpa-752e8d1ee66a72,BLDLP26008740,false
acc-5d0ca86b11515d1f117b,BLDLP-26-008741,Building,appended_new_activity,no_exact_core_match,,tpa-ddfcd9e395af73,BLDLP26008741,false
acc-77855b9759f526eb571c,BLDLP-26-008742,Building,appended_new_activity,no_exact_core_match,,tpa-3de96ebc86cd1b,BLDLP26008742,false
acc-bff60407d1acd647a5e6,BLDLP-26-008743,Building,appended_new_activity,no_exact_core_match,,tpa-d4a66f49a43bf9,BLDLP26008743,false
acc-4e80d003e04823cda7ec,BLDLP-26-008744,Building,appended_new_activity,no_exact_core_match,,tpa-43301789b50410,BLDLP26008744,false
acc-d5a009941244a6ec7ca1,BLDLP-26-008745,Building,appended_new_activity,no_exact_core_match,,tpa-b81c043887e70e,BLDLP26008745,false
acc-7a0ca89a15a3909ce3a1,BLDLP-26-008746,Building,appended_new_activity,no_exact_core_match,,tpa-3c34e492a7e69b,BLDLP26008746,false
acc-6154389082c7aefc061f,BLDLP-26-008747,Building,appended_new_activity,no_exact_core_match,,tpa-c86ab0f31dae99,BLDLP26008747,false
acc-3a1f63cc6c314a4dce04,BLDLP-26-008748,Building,appended_new_activity,no_exact_core_match,,tpa-26c7b0dca05f1f,BLDLP26008748,false
acc-8e5428653e493e9ddf77,BLDLP-26-008749,Building,appended_new_activity,no_exact_core_match,,tpa-17cab9828ce239,BLDLP26008749,false
acc-c78f767eb3fefb030c7e,BLDLP-26-008750,Building,appended_new_activity,no_exact_core_match,,tpa-e31c1d4d71b41f,BLDLP26008750,false
acc-36eff5f91aff6f4a5c3f,BLDLP-26-008751,Building,appended_new_activity,no_exact_core_match,,tpa-43d8d99cace53f,BLDLP26008751,false
acc-ac187f45f1c34950fd11,BLDLP-26-008752,Building,appended_new_activity,no_exact_core_match,,tpa-bd163c59c8bd50,BLDLP26008752,false
acc-1cdf1df073e9a6d72d70,BLDLP-26-008753,Building,appended_new_activity,no_exact_core_match,,tpa-5b1c7be4f7f2cb,BLDLP26008753,false
acc-1b80f6e3abfbf16c90ce,BLDLP-26-008754,Building,appended_new_activity,no_exact_core_match,,tpa-b185d4e29bf7f5,BLDLP26008754,false
acc-c40c5a150ce1076ee3b3,BLDLP-26-008755,Building,appended_new_activity,no_exact_core_match,,tpa-c653f0864f3d4c,BLDLP26008755,false
acc-b2f9487e73d1f1c4acaf,BLDLP-26-008756,Building,appended_new_activity,no_exact_core_match,,tpa-6a01e2a51f255d,BLDLP26008756,false
acc-722158e5199370743214,BLDLP-26-008757,Building,appended_new_activity,no_exact_core_match,,tpa-5366c243b35bf2,BLDLP26008757,false
acc-fa9e8c8e37cc0b014f86,BLDLP-26-008758,Building,appended_new_activity,no_exact_core_match,,tpa-e40e572810bd86,BLDLP26008758,false
acc-7cc173fb9a76f503722b,BLDLP-26-008759,Building,appended_new_activity,no_exact_core_match,,tpa-c6b774d73b5c80,BLDLP26008759,false
acc-5e5cdce376ce2c4235be,BLDLP-26-008760,Building,appended_new_activity,no_exact_core_match,,tpa-1ed689cfcd0ac0,BLDLP26008760,false
acc-daca2b8e8c7a35a4c4ef,BLDLP-26-008761,Building,appended_new_activity,no_exact_core_match,,tpa-fcae34cedcfe95,BLDLP26008761,false
acc-51c5b2aa6bb327fb5f59,BLDLP-26-008762,Building,appended_new_activity,no_exact_core_match,,tpa-22a206989591b5,BLDLP26008762,false
acc-0374090637d0012280a9,BLDLP-26-008763,Building,appended_new_activity,no_exact_core_match,,tpa-ebe8eec833c564,BLDLP26008763,false
acc-50847fcd7dd7a36f90ee,BLDLP-26-008764,Building,appended_new_activity,no_exact_core_match,,tpa-1e978bd6381983,BLDLP26008764,false
acc-e6091ca4244f73d20556,BLDLP-26-008765,Building,appended_new_activity,no_exact_core_match,,tpa-14228d93c75193,BLDLP26008765,false
acc-436686eb440aaf7839e9,BLDLP-26-008766,Building,appended_new_activity,no_exact_core_match,,tpa-a9607c426458f5,BLDLP26008766,false
acc-f68f6ae1a5c3dc66ae74,BLDLP-26-008767,Building,appended_new_activity,no_exact_core_match,,tpa-dcb4b379e3ccd4,BLDLP26008767,false
acc-e64f5235ba539552e96c,BLDLP-26-008768,Building,appended_new_activity,no_exact_core_match,,tpa-8cf8a740f3bc9b,BLDLP26008768,false
acc-56441f88905df3152bf3,BLDLP-26-008769,Building,appended_new_activity,no_exact_core_match,,tpa-2bf2a5a383358e,BLDLP26008769,false
acc-64c7f5fa2e00cb777231,BLDLP-26-008770,Building,appended_new_activity,no_exact_core_match,,tpa-5e2e897042b0a1,BLDLP26008770,false
acc-e21e9dadecfd01d1e86f,BLDLP-26-008771,Building,appended_new_activity,no_exact_core_match,,tpa-1a4843c5c715da,BLDLP26008771,false
acc-117a5864329fb1d81df2,BLDLP-26-008772,Building,appended_new_activity,no_exact_core_match,,tpa-05fbf5c9888879,BLDLP26008772,false
acc-e9ba3e62388d342467d5,BLDLP-26-008773,Building,appended_new_activity,no_exact_core_match,,tpa-3d83901607786f,BLDLP26008773,false
acc-de4fe7d87818b538b844,BLDLP-26-008774,Building,appended_new_activity,no_exact_core_match,,tpa-275d5cc19704b2,BLDLP26008774,false
acc-9fa90124d451f945f715,BLDLP-26-008775,Building,appended_new_activity,no_exact_core_match,,tpa-098ee0429d6031,BLDLP26008775,false
acc-db40a4b36c2c5485b8ab,BLDLP-26-008776,Building,appended_new_activity,no_exact_core_match,,tpa-78e5465a1185bb,BLDLP26008776,false
acc-0db42807bcc50a6601af,BLDLP-26-008777,Building,appended_new_activity,no_exact_core_match,,tpa-32e0798f64c511,BLDLP26008777,false
acc-674b9022c94f911990af,BLDLP-26-008778,Building,appended_new_activity,no_exact_core_match,,tpa-eaedf4d57f9cd5,BLDLP26008778,false
acc-d569952cc6ecbd999afd,BLDLP-26-008779,Building,appended_new_activity,no_exact_core_match,,tpa-157ddb24fccf02,BLDLP26008779,false
acc-16feeba98779e7b16dc9,BLDLP-26-008780,Building,appended_new_activity,no_exact_core_match,,tpa-8f1b5e2f39e8fe,BLDLP26008780,false
acc-9e7f61dec94b5690544f,BLDLP-26-008781,Building,appended_new_activity,no_exact_core_match,,tpa-dd9958ec1047d8,BLDLP26008781,false
acc-3c106fbdcdfea5949a9c,BLDLP-26-008782,Building,appended_new_activity,no_exact_core_match,,tpa-7bf3c952b48b4a,BLDLP26008782,false
acc-feb35a449d5c961ba0b9,BLDLP-26-008783,Building,appended_new_activity,no_exact_core_match,,tpa-b30b79ac872c5f,BLDLP26008783,false
acc-2982e4675ea3a1baf74c,BLDLP-26-008784,Building,appended_new_activity,no_exact_core_match,,tpa-6b20bb37f90f38,BLDLP26008784,false
acc-12734656cd32514883a9,BLDLP-26-008785,Building,appended_new_activity,no_exact_core_match,,tpa-95216502394cec,BLDLP26008785,false
acc-d5d60a6d3bce521faa28,BLDLP-26-008786,Building,appended_new_activity,no_exact_core_match,,tpa-0efbe59a389e04,BLDLP26008786,false
acc-76ef59c4bf3e52a31146,BLDLP-26-008787,Building,appended_new_activity,no_exact_core_match,,tpa-4dd47b8d56ff6c,BLDLP26008787,false
acc-dd7a908081b2fc091036,BLDLP-26-008788,Building,appended_new_activity,no_exact_core_match,,tpa-9f15515ef215ea,BLDLP26008788,false
acc-cfc9f17657276ac021b1,BLDLP-26-008789,Building,appended_new_activity,no_exact_core_match,,tpa-f0337ed0b38d6d,BLDLP26008789,false
acc-ecc4b8061a0fc614cb36,BLDLP-26-008790,Building,appended_new_activity,no_exact_core_match,,tpa-cf126589147a40,BLDLP26008790,false
acc-063ee12b449feb089aa9,BLDLP-26-008791,Building,appended_new_activity,no_exact_core_match,,tpa-39cf05211bab7e,BLDLP26008791,false
acc-c60edc70cc8f5e5872fd,BLDLP-26-008792,Building,appended_new_activity,no_exact_core_match,,tpa-43555ab4260ae0,BLDLP26008792,false
acc-391d260dc3927fc3ffbe,BLDLP-26-008793,Building,appended_new_activity,no_exact_core_match,,tpa-6b20d0cd70398e,BLDLP26008793,false
acc-9cafe19c04b7a586d236,BLDLP-26-008794,Building,appended_new_activity,no_exact_core_match,,tpa-02cc215d2abc4e,BLDLP26008794,false
acc-2a415b1cb219dedd93ab,BLDLP-26-008795,Building,appended_new_activity,no_exact_core_match,,tpa-1492d8b5290ed8,BLDLP26008795,false
acc-3bb42f41e0ad98659bf1,BLDLP-26-008796,Building,appended_new_activity,no_exact_core_match,,tpa-a376351278c5be,BLDLP26008796,false
acc-23d71fe974a4b9362c0e,BLDLP-26-008797,Building,appended_new_activity,no_exact_core_match,,tpa-e5d6a212c8a62d,BLDLP26008797,false
acc-d7bf3e51aefb552a4e71,BLDLP-26-008798,Building,appended_new_activity,no_exact_core_match,,tpa-27a6d0e5f7cb7c,BLDLP26008798,false
acc-dc460a1c08e2f1aa6912,BLDLP-26-008799,Building,appended_new_activity,no_exact_core_match,,tpa-dffea8898e2946,BLDLP26008799,false
acc-aea9790c42fcef74e427,BLDLP-26-008800,Building,appended_new_activity,no_exact_core_match,,tpa-7a1157aecc99d1,BLDLP26008800,false
acc-b15228b0f7e4938faf9f,BLDLP-26-008801,Building,appended_new_activity,no_exact_core_match,,tpa-690e511d87cce9,BLDLP26008801,false
acc-a98346d9f07be4ce27a0,BLDLP-26-008802,Building,appended_new_activity,no_exact_core_match,,tpa-945b3e08dfb91f,BLDLP26008802,false
acc-2b22dcec1d7a0b914543,BLDLP-26-008803,Building,appended_new_activity,no_exact_core_match,,tpa-dcbcef25240a13,BLDLP26008803,false
acc-ae7663efbc68af62c633,BLDLP-26-008804,Building,appended_new_activity,no_exact_core_match,,tpa-6144114bc0363a,BLDLP26008804,false
acc-57352a85ed5c96a20de9,BLDLP-26-008805,Building,appended_new_activity,no_exact_core_match,,tpa-93694b88ebda40,BLDLP26008805,false
acc-f52e6ecf822dc22fefcf,BLDLP-26-008806,Building,appended_new_activity,no_exact_core_match,,tpa-137967947f451c,BLDLP26008806,false
acc-bf61a657a5a15a3068ca,BLDLP-26-008807,Building,appended_new_activity,no_exact_core_match,,tpa-425aa6f860e6a3,BLDLP26008807,false
acc-71e40738922be3160983,BLDLP-26-008808,Building,appended_new_activity,no_exact_core_match,,tpa-7c7d396ba426a7,BLDLP26008808,false
acc-ff52e58689d4814865b7,BLDLP-26-008809,Building,appended_new_activity,no_exact_core_match,,tpa-e28db15e2fb2a6,BLDLP26008809,false
acc-41dc907a57d7e664e607,BLDLP-26-008810,Building,appended_new_activity,no_exact_core_match,,tpa-ec456bfae86ab8,BLDLP26008810,false
acc-7cec1ee57972d4387e4f,BLDLP-26-008811,Building,appended_new_activity,no_exact_core_match,,tpa-eece6d6cfb6163,BLDLP26008811,false
acc-75a4c4d8543e3ddc2f38,BLDLP-26-008812,Building,appended_new_activity,no_exact_core_match,,tpa-7b86bafeccbe00,BLDLP26008812,false
acc-b7ae48ec26f2c6b46b22,BLDLP-26-008813,Building,appended_new_activity,no_exact_core_match,,tpa-1bc3153225832f,BLDLP26008813,false
acc-31b1068d035c9601dea3,BLDLP-26-008814,Building,appended_new_activity,no_exact_core_match,,tpa-c2482da9fd2af0,BLDLP26008814,false
acc-7383022bd5c8a0b5108f,BLDLP-26-008815,Building,appended_new_activity,no_exact_core_match,,tpa-c1c5f1320e968f,BLDLP26008815,false
acc-3d15274e63a59a07f9bd,BLDLP-26-008816,Building,appended_new_activity,no_exact_core_match,,tpa-dc5b9ec2a5fe28,BLDLP26008816,false
acc-e13bfa2df2fa53836112,BLDLP-26-008817,Building,appended_new_activity,no_exact_core_match,,tpa-6c5a698356fc2d,BLDLP26008817,false
acc-9063a967233374e9dd1d,BLDLP-26-008818,Building,appended_new_activity,no_exact_core_match,,tpa-760f639c207271,BLDLP26008818,false
acc-7249cc161155dbd03535,BLDLP-26-008819,Building,appended_new_activity,no_exact_core_match,,tpa-9a3dd4ddca25e3,BLDLP26008819,false
acc-be54ef07255982398fa9,BLDLP-26-008820,Building,appended_new_activity,no_exact_core_match,,tpa-e0019be6dd82dd,BLDLP26008820,false
acc-4619b363c870b7e1f538,BLDLP-26-008821,Building,appended_new_activity,no_exact_core_match,,tpa-5b7b220c17e995,BLDLP26008821,false
acc-ac363bf4ff107b9aba2c,BLDLP-26-008822,Building,appended_new_activity,no_exact_core_match,,tpa-bafe54e47f4961,BLDLP26008822,false
acc-ec681a6deef5205273a6,BLDLP-26-008823,Building,appended_new_activity,no_exact_core_match,,tpa-9399d6bc2a1157,BLDLP26008823,false
acc-932d29a3f0cdec274de5,BLDLP-26-008824,Building,appended_new_activity,no_exact_core_match,,tpa-d33b338811c426,BLDLP26008824,false
acc-09d30613632a7c53efa7,BLDLP-26-008825,Building,appended_new_activity,no_exact_core_match,,tpa-42546c851934d5,BLDLP26008825,false
acc-53ff55dc7ce93960818e,BLDLP-26-008826,Building,appended_new_activity,no_exact_core_match,,tpa-a0591c8cabc573,BLDLP26008826,false
acc-6937fe11105fa180dae4,BLDLP-26-008827,Building,appended_new_activity,no_exact_core_match,,tpa-c73c45e57c13b0,BLDLP26008827,false
acc-00d8347dbcf96c09a28f,BLDLP-26-008828,Building,appended_new_activity,no_exact_core_match,,tpa-90d16691ea0ecc,BLDLP26008828,false
acc-351ff9d13411e61d902a,BLDLP-26-008829,Building,appended_new_activity,no_exact_core_match,,tpa-b9c3c97bdadb2b,BLDLP26008829,false
acc-153a101e45910365fbb7,BLDLP-26-008830,Building,appended_new_activity,no_exact_core_match,,tpa-6c25cf116e42c4,BLDLP26008830,false
acc-00b1911d94bfaf08c509,BLDLP-26-008831,Building,appended_new_activity,no_exact_core_match,,tpa-79811f989559c7,BLDLP26008831,false
acc-28929610c31d9dab3646,BLDLP-26-008832,Building,appended_new_activity,no_exact_core_match,,tpa-104d079dbe3bee,BLDLP26008832,false
acc-472b8f5eb52f21522133,BLDLP-26-008833,Building,appended_new_activity,no_exact_core_match,,tpa-c9519737af5891,BLDLP26008833,false
acc-1657f5dad6fb20d7cf47,BLDLP-26-008834,Building,appended_new_activity,no_exact_core_match,,tpa-c40a3ab61e2bb7,BLDLP26008834,false
acc-9d9081f9bc89621a5ad2,BLDLP-26-008835,Building,appended_new_activity,no_exact_core_match,,tpa-c06d2ec251ec99,BLDLP26008835,false
acc-770c7feae9cf0cbdb2e9,BLDLP-26-008836,Building,appended_new_activity,no_exact_core_match,,tpa-8e1763fdf1acf2,BLDLP26008836,false
acc-ed84b64a2d0cb7317d2c,BLDLP-26-008837,Building,appended_new_activity,no_exact_core_match,,tpa-6debcde603499b,BLDLP26008837,false
acc-1621ee5d96830d49c206,BLDLP-26-008838,Building,appended_new_activity,no_exact_core_match,,tpa-6cedb5a8d1b95d,BLDLP26008838,false
acc-a1b64b6d8fcbeb862c7f,BLDLP-26-008839,Building,appended_new_activity,no_exact_core_match,,tpa-1a5a6e9ffd9645,BLDLP26008839,false
acc-32234b9a94851967473c,BLDLP-26-008840,Building,appended_new_activity,no_exact_core_match,,tpa-ed7d5480178fa9,BLDLP26008840,false
acc-4faa675d49d22d4a629b,BLDLP-26-008841,Building,appended_new_activity,no_exact_core_match,,tpa-49cdeb132cf5d4,BLDLP26008841,false
acc-cffcae4c9b5d8cee6199,BLDLP-26-008842,Building,appended_new_activity,no_exact_core_match,,tpa-65570fffd56474,BLDLP26008842,false
acc-513bfff8ace3ebe3a580,BLDLP-26-008843,Building,appended_new_activity,no_exact_core_match,,tpa-e81f5f35a7b6fb,BLDLP26008843,false
acc-1d1bab30b53f18e6fbdc,BLDLP-26-008844,Building,appended_new_activity,no_exact_core_match,,tpa-018e9d3abbbc2b,BLDLP26008844,false
acc-a31ab3eb302c57c6dddd,BLDLP-26-008845,Building,appended_new_activity,no_exact_core_match,,tpa-812e6746f39e0f,BLDLP26008845,false
acc-d482e6f45e0a39f053c8,BLDLP-26-008846,Building,appended_new_activity,no_exact_core_match,,tpa-5fcfd63321d9ec,BLDLP26008846,false
acc-7aa78e9e89c4657b435d,BLDLP-26-008847,Building,appended_new_activity,no_exact_core_match,,tpa-b67eb1bdbf7927,BLDLP26008847,false
acc-dec49618bd7d00974176,BLDLP-26-008848,Building,appended_new_activity,no_exact_core_match,,tpa-edf3d05efb45e1,BLDLP26008848,false
acc-8c2dfbe92222e6434a7e,BLDLP-26-008849,Building,appended_new_activity,no_exact_core_match,,tpa-13c84767af1439,BLDLP26008849,false
acc-e2a0200faa58ad038b08,BLDLP-26-008850,Building,appended_new_activity,no_exact_core_match,,tpa-a7f599470a886f,BLDLP26008850,false
acc-80b16e592368db71bdd1,BLDLP-26-008851,Building,appended_new_activity,no_exact_core_match,,tpa-8b2876539c1744,BLDLP26008851,false
acc-e171518f43166b9e8a87,BLDLP-26-008852,Building,appended_new_activity,no_exact_core_match,,tpa-1b34a499e69add,BLDLP26008852,false
acc-ae52f21157e0d07fe093,BLDLP-26-008853,Building,appended_new_activity,no_exact_core_match,,tpa-41aeec0ddaa4cc,BLDLP26008853,false
acc-c1ecccc0f36c94cfaba3,BLDLP-26-008854,Building,appended_new_activity,no_exact_core_match,,tpa-abb9ec9d9ef952,BLDLP26008854,false
acc-e0455f9ec128ec4efb7e,BLDLP-26-008855,Building,appended_new_activity,no_exact_core_match,,tpa-0b315493fcb631,BLDLP26008855,false
acc-b18dee885a8b5fd77581,BLDLP-26-008856,Building,appended_new_activity,no_exact_core_match,,tpa-f2708f8eba5a71,BLDLP26008856,false
acc-44f14d6fd76c48ac358b,BLDLP-26-008857,Building,appended_new_activity,no_exact_core_match,,tpa-c649041cdd7595,BLDLP26008857,false
acc-9854d0b14ca1a22caee4,BLDLP-26-008858,Building,appended_new_activity,no_exact_core_match,,tpa-8a119cce5b36e9,BLDLP26008858,false
acc-e90de33fc91f11020b97,BLDLP-26-008859,Building,appended_new_activity,no_exact_core_match,,tpa-2b68925db38322,BLDLP26008859,false
acc-1d54cf7eb8d96796bfc2,BLDLP-26-008860,Building,appended_new_activity,no_exact_core_match,,tpa-500d209d2d4227,BLDLP26008860,false
acc-ee2e171005a86289a6f6,BLDLP-26-008861,Building,appended_new_activity,no_exact_core_match,,tpa-b5a8346f3120eb,BLDLP26008861,false
acc-72762d5b5ef9b86dcc2b,BLDLP-26-008862,Building,appended_new_activity,no_exact_core_match,,tpa-608523f65b541e,BLDLP26008862,false
acc-43a24174962fae1d5ecb,BLDLP-26-008863,Building,appended_new_activity,no_exact_core_match,,tpa-3c30bb3a399d69,BLDLP26008863,false
acc-a1d528a23129078870ab,BLDLP-26-008864,Building,appended_new_activity,no_exact_core_match,,tpa-757504f31dfde1,BLDLP26008864,false
acc-a84eb45e177810976b86,BLDLP-26-008865,Building,appended_new_activity,no_exact_core_match,,tpa-a74caa8bdaf6f5,BLDLP26008865,false
acc-f49b55e6e11735c51107,BLDLP-26-008866,Building,appended_new_activity,no_exact_core_match,,tpa-bb84a171f8f636,BLDLP26008866,false
acc-c7e0ca20c342174cb533,BLDLP-26-008867,Building,appended_new_activity,no_exact_core_match,,tpa-8dbe5ee5b60080,BLDLP26008867,false
acc-2d9b8567d52f088c099d,BLDLP-26-008868,Building,appended_new_activity,no_exact_core_match,,tpa-216eed726732d6,BLDLP26008868,false
acc-b14a930863075f683f38,BLDLP-26-008869,Building,appended_new_activity,no_exact_core_match,,tpa-266a8ad73927e5,BLDLP26008869,false
acc-fc4d4e616cf94d1117cb,BLDLP-26-008870,Building,appended_new_activity,no_exact_core_match,,tpa-fbed1521301598,BLDLP26008870,false
acc-9cb0c33c8cf09b6b985e,BLDLP-26-008871,Building,appended_new_activity,no_exact_core_match,,tpa-d436857d316f2e,BLDLP26008871,false
acc-b17a6620b94400dd8fd3,BLDLP-26-008872,Building,appended_new_activity,no_exact_core_match,,tpa-610e97a8148c12,BLDLP26008872,false
acc-09953c2c5d50c136d01b,BLDLP-26-008873,Building,appended_new_activity,no_exact_core_match,,tpa-98038537133f83,BLDLP26008873,false
acc-580e0331b45cc38572c4,BLDLP-26-008874,Building,appended_new_activity,no_exact_core_match,,tpa-0f57f3bdf740a1,BLDLP26008874,false
acc-64a3107d04286cc9a10f,BLDLP-26-008875,Building,appended_new_activity,no_exact_core_match,,tpa-a5afa19f456ed2,BLDLP26008875,false
acc-7de3702de49c22861448,BLDLP-26-008876,Building,appended_new_activity,no_exact_core_match,,tpa-7e48f60d46f61f,BLDLP26008876,false
acc-5a35eb1436b6c69a66aa,BLDLP-26-008877,Building,appended_new_activity,no_exact_core_match,,tpa-b6ada475c085da,BLDLP26008877,false
acc-e47b804b1114ca61aaaa,BLDLP-26-008878,Building,appended_new_activity,no_exact_core_match,,tpa-9a88ee970c1b35,BLDLP26008878,false
acc-f041dfbeac32ceef8245,BLDLP-26-008879,Building,appended_new_activity,no_exact_core_match,,tpa-d4f2eb91f21027,BLDLP26008879,false
acc-8a48c66ef6193d95c992,BLDLP-26-008880,Building,appended_new_activity,no_exact_core_match,,tpa-d9d6013e93b8d4,BLDLP26008880,false
acc-1a29fe91bde88378032a,BLDLP-26-008881,Building,appended_new_activity,no_exact_core_match,,tpa-889baebb46827e,BLDLP26008881,false
acc-a1fc0fdb92cf7ddf77b5,BLDLP-26-008882,Building,appended_new_activity,no_exact_core_match,,tpa-129593795af815,BLDLP26008882,false
acc-1f120b2c88da40696410,BLDLP-26-008883,Building,appended_new_activity,no_exact_core_match,,tpa-38c3fd86954138,BLDLP26008883,false
acc-e0394a918a4891cf253a,BLDLP-26-008884,Building,appended_new_activity,no_exact_core_match,,tpa-6a4ca1bca9441a,BLDLP26008884,false
acc-5bfb1f78ad97a6c2cacd,BLDLP-26-008885,Building,appended_new_activity,no_exact_core_match,,tpa-c04093b7493939,BLDLP26008885,false
acc-d31041f8a762d43b63d2,BLDLP-26-008886,Building,appended_new_activity,no_exact_core_match,,tpa-56239c4a1f8a8b,BLDLP26008886,false
acc-cf4eda3740018eb41b18,BLDLP-26-008887,Building,appended_new_activity,no_exact_core_match,,tpa-894092644bd1dc,BLDLP26008887,false
acc-62db8fafaaacc39a831a,BLDLP-26-008888,Building,appended_new_activity,no_exact_core_match,,tpa-f2aaade4ea9310,BLDLP26008888,false
acc-ae9ec9054efb3145a76b,BLDLP-26-008889,Building,appended_new_activity,no_exact_core_match,,tpa-d0021f5657618b,BLDLP26008889,false
acc-40f24a75dd349362778b,BLDLP-26-008890,Building,appended_new_activity,no_exact_core_match,,tpa-1f36bf0b99cfff,BLDLP26008890,false
acc-8c357623f351add96bdc,BLDLP-26-008891,Building,appended_new_activity,no_exact_core_match,,tpa-19b9a3bd7ea3ec,BLDLP26008891,false
acc-e2860423a8d7e4cb56a2,BLDLP-26-008892,Building,appended_new_activity,no_exact_core_match,,tpa-19320405dfc93d,BLDLP26008892,false
acc-30b460db9ae9510fdb05,BLDLP-26-008893,Building,appended_new_activity,no_exact_core_match,,tpa-44275556006f81,BLDLP26008893,false
acc-503fdb88a64eba73ddce,BLDLP-26-008894,Building,appended_new_activity,no_exact_core_match,,tpa-cf692d0c929445,BLDLP26008894,false
acc-76eb3cc199d4592ce8f3,BLDLP-26-008895,Building,appended_new_activity,no_exact_core_match,,tpa-99b4dc4c0f5e8f,BLDLP26008895,false
acc-ff784aff003294dffeab,BLDLP-26-008896,Building,appended_new_activity,no_exact_core_match,,tpa-ffb4c0431fbb07,BLDLP26008896,false
acc-9964f38bdfdfb1f925ff,BLDLP-26-008897,Building,appended_new_activity,no_exact_core_match,,tpa-6c24a35a606d83,BLDLP26008897,false
acc-9fbf09173af977ea2404,BLDLP-26-008898,Building,appended_new_activity,no_exact_core_match,,tpa-4a02b69112b8e9,BLDLP26008898,false
acc-d1240b8b72c8834bc3ce,BLDLP-26-008899,Building,appended_new_activity,no_exact_core_match,,tpa-217446390dd524,BLDLP26008899,false
acc-dcd59e40b75fa1c7dcb7,BLDLP-26-008900,Building,appended_new_activity,no_exact_core_match,,tpa-7c813e58ec7f65,BLDLP26008900,false
acc-80022efb63db69f94ac4,BLDLP-26-008901,Building,appended_new_activity,no_exact_core_match,,tpa-946cbef1380e71,BLDLP26008901,false
acc-dfcb134d79116d7331d0,BLDLP-26-008902,Building,appended_new_activity,no_exact_core_match,,tpa-b9c26f8d1f7a4d,BLDLP26008902,false
acc-1eaf78083f4898272a2a,BLDLP-26-008903,Building,appended_new_activity,no_exact_core_match,,tpa-da3e84b4b3bba4,BLDLP26008903,false
acc-505bd6b041672ac59d70,BLDLP-26-008904,Building,appended_new_activity,no_exact_core_match,,tpa-b28de84b7abc2e,BLDLP26008904,false
acc-185a00b76657b14e96cc,BLDLP-26-008905,Building,appended_new_activity,no_exact_core_match,,tpa-b3a05292f000eb,BLDLP26008905,false
acc-0007a9810b57db46c68e,BLDLP-26-008906,Building,appended_new_activity,no_exact_core_match,,tpa-5f1021c11f5368,BLDLP26008906,false
acc-c1796bcd8de367215585,BLDLP-26-008907,Building,appended_new_activity,no_exact_core_match,,tpa-fca39559abd51b,BLDLP26008907,false
acc-991c5d2d2be571971f97,BLDLP-26-008908,Building,appended_new_activity,no_exact_core_match,,tpa-e10db2beeac8a7,BLDLP26008908,false
acc-983714c7276518445f97,BLDLP-26-008909,Building,appended_new_activity,no_exact_core_match,,tpa-551f30ad5bfb40,BLDLP26008909,false
acc-e5934605dc79098e5957,BLDLP-26-008910,Building,appended_new_activity,no_exact_core_match,,tpa-5f7cef586706bc,BLDLP26008910,false
acc-9aef8c1283b02a012d6b,BLDLP-26-008911,Building,appended_new_activity,no_exact_core_match,,tpa-6aefc6529635cd,BLDLP26008911,false
acc-9c47d0e56ce17a3fc2de,BLDLP-26-008912,Building,appended_new_activity,no_exact_core_match,,tpa-0224d568c694b8,BLDLP26008912,false
acc-8b429bd8033f2b54ca5e,BLDLP-26-008913,Building,appended_new_activity,no_exact_core_match,,tpa-a1c165bf2d5b68,BLDLP26008913,false
acc-e8417c037c23033d7c21,BLDLP-26-008914,Building,appended_new_activity,no_exact_core_match,,tpa-c91283d86c585e,BLDLP26008914,false
acc-ac0fc873bef89fa350e1,BLDLP-26-008915,Building,appended_new_activity,no_exact_core_match,,tpa-7c3f627d63e19c,BLDLP26008915,false
acc-80a60d1cd2e356ccbd78,BLDLP-26-008916,Building,appended_new_activity,no_exact_core_match,,tpa-83a19e88d54e7e,BLDLP26008916,false
acc-9e0ba0bbfe3e6cb1f014,BLDLP-26-008917,Building,appended_new_activity,no_exact_core_match,,tpa-1f16a3df227034,BLDLP26008917,false
acc-396c666c7511c8c44ef8,BLDLP-26-008918,Building,appended_new_activity,no_exact_core_match,,tpa-c3600d58bf814a,BLDLP26008918,false
acc-e6b730a4c789b5960d3a,BLDLP-26-008919,Building,appended_new_activity,no_exact_core_match,,tpa-6b65370f7b05a8,BLDLP26008919,false
acc-e8e22c9d9fdf4fedbbd0,BLDLP-26-008920,Building,appended_new_activity,no_exact_core_match,,tpa-78d28144f37c95,BLDLP26008920,false
acc-143760ecbe31a51ed7eb,BLDLP-26-008921,Building,appended_new_activity,no_exact_core_match,,tpa-2c8bd6b5129212,BLDLP26008921,false
acc-5ddcf15410e3570acf71,BLDLP-26-008922,Building,appended_new_activity,no_exact_core_match,,tpa-db81efbb2e921a,BLDLP26008922,false
acc-6bdc2b5b7cafd381c0d7,BLDLP-26-008923,Building,appended_new_activity,no_exact_core_match,,tpa-0bbd48ca3ce157,BLDLP26008923,false
acc-79e0df2b4059f44faba9,BLDLP-26-008924,Building,appended_new_activity,no_exact_core_match,,tpa-e7cf1788e46f10,BLDLP26008924,false
acc-6353c5ed2c3c0aee6af9,BLDLP-26-008925,Building,appended_new_activity,no_exact_core_match,,tpa-19a6c333291920,BLDLP26008925,false
acc-043e7f792d7d75c5bc92,BLDLP-26-008926,Building,appended_new_activity,no_exact_core_match,,tpa-56d274634fc895,BLDLP26008926,false
acc-137971fdbdf16d8ad83a,BLDLP-26-008927,Building,appended_new_activity,no_exact_core_match,,tpa-d4921cd0852270,BLDLP26008927,false
acc-87770e4e8f51cbf3ee8b,BLDLP-26-008928,Building,appended_new_activity,no_exact_core_match,,tpa-f93d6bed3b379f,BLDLP26008928,false
acc-2f11549548d5b032a1c1,BLDLP-26-008929,Building,appended_new_activity,no_exact_core_match,,tpa-77957d703b0325,BLDLP26008929,false
acc-07a6e906c929e572f9b7,BLDLP-26-008930,Building,appended_new_activity,no_exact_core_match,,tpa-60bd631d092ccd,BLDLP26008930,false
acc-ace3ce75a54e38a6099c,BLDLP-26-008931,Building,appended_new_activity,no_exact_core_match,,tpa-d120391b020fd4,BLDLP26008931,false
acc-d7937ef774f25973e8f5,BLDLP-26-008932,Building,appended_new_activity,no_exact_core_match,,tpa-dbeb9d0d9ea3c2,BLDLP26008932,false
acc-ed931dde1aa2da1e76b2,BLDLP-26-008933,Building,appended_new_activity,no_exact_core_match,,tpa-a38656c3bc4424,BLDLP26008933,false
acc-35fb21c0300a51f9da0f,BLDLP-26-008934,Building,appended_new_activity,no_exact_core_match,,tpa-718fb61ee98fe5,BLDLP26008934,false
acc-10e24f2b2847c89b7074,BLDLP-26-008935,Building,appended_new_activity,no_exact_core_match,,tpa-3d411695f6a04d,BLDLP26008935,false
acc-b5abb4a20467e7e61f38,BLDLP-26-008936,Building,appended_new_activity,no_exact_core_match,,tpa-42af637cfe30b0,BLDLP26008936,false
acc-4a7341a89738b9e5df0b,BLDLP-26-008937,Building,appended_new_activity,no_exact_core_match,,tpa-690e8104c47f6f,BLDLP26008937,false
acc-dd1382903fbfccd16066,BLDLP-26-008938,Building,appended_new_activity,no_exact_core_match,,tpa-67ac954c068bd5,BLDLP26008938,false
acc-5754acc85ea105eb9a7d,BLDLP-26-008939,Building,appended_new_activity,no_exact_core_match,,tpa-c768a4c5f39673,BLDLP26008939,false
acc-25d2c3555474c1395da7,BLDLP-26-008940,Building,appended_new_activity,no_exact_core_match,,tpa-5cb5734c39e37e,BLDLP26008940,false
acc-976e0d261fa6c76b9a4d,BLDLP-26-008941,Building,appended_new_activity,no_exact_core_match,,tpa-762e5b2cf03bb7,BLDLP26008941,false
acc-a0ffc9e25a85950863db,BLDLP-26-008942,Building,appended_new_activity,no_exact_core_match,,tpa-a3c67a11cd317a,BLDLP26008942,false
acc-c84faa9a2e753d8aadcd,BLDLP-26-008943,Building,appended_new_activity,no_exact_core_match,,tpa-2776f8af69e203,BLDLP26008943,false
acc-6317d49836122be7edd6,BLDLP-26-008944,Building,appended_new_activity,no_exact_core_match,,tpa-623da9c2bdd37c,BLDLP26008944,false
acc-0cc8e207503f9de2cf72,BLDLP-26-008945,Building,appended_new_activity,no_exact_core_match,,tpa-3c0ace7c4a3e38,BLDLP26008945,false
acc-c9eb5887d5fab3fba32a,BLDLP-26-008946,Building,appended_new_activity,no_exact_core_match,,tpa-637e9c8a3f99ba,BLDLP26008946,false
acc-0aad34199ca5f7a19089,BLDLP-26-008947,Building,appended_new_activity,no_exact_core_match,,tpa-88b20afd8669ed,BLDLP26008947,false
acc-2889f0f1185438687aca,BLDLP-26-008948,Building,appended_new_activity,no_exact_core_match,,tpa-d399a24bc7f2df,BLDLP26008948,false
acc-020ce96a9e1edbe67661,BLDLP-26-008949,Building,appended_new_activity,no_exact_core_match,,tpa-0d147ffb4c5b58,BLDLP26008949,false
acc-8ea33d016dab8ff8816f,BLDLP-26-008950,Building,appended_new_activity,no_exact_core_match,,tpa-ce3c2fd4495490,BLDLP26008950,false
acc-e2368354d0957c4fec75,BLDLP-26-008951,Building,appended_new_activity,no_exact_core_match,,tpa-b884a9d25c298c,BLDLP26008951,false
acc-71a3440b14214bb4231c,BLDLP-26-008952,Building,appended_new_activity,no_exact_core_match,,tpa-48354ff77cc590,BLDLP26008952,false
acc-ba5cd53007c0f17bd377,BLDLP-26-008953,Building,appended_new_activity,no_exact_core_match,,tpa-82e7ac69cff0e2,BLDLP26008953,false
acc-62b22032912847e47aaf,BLDLP-26-008954,Building,appended_new_activity,no_exact_core_match,,tpa-73aafdad00532f,BLDLP26008954,false
acc-9481e2d1ce8ecd897ddd,BLDLP-26-008955,Building,appended_new_activity,no_exact_core_match,,tpa-047d36cbb6ef15,BLDLP26008955,false
acc-424feb11b76491311908,BLDLP-26-008956,Building,appended_new_activity,no_exact_core_match,,tpa-d67d6c20f46998,BLDLP26008956,false
acc-991f42712419b171191d,BLDLP-26-008957,Building,appended_new_activity,no_exact_core_match,,tpa-7984c82ea2d80e,BLDLP26008957,false
acc-78564f213ec52e1f3ae3,BLDLP-26-008958,Building,appended_new_activity,no_exact_core_match,,tpa-4c456897ef9e00,BLDLP26008958,false
acc-668a7bc494f6a39ec1f5,BLDLP-26-008959,Building,appended_new_activity,no_exact_core_match,,tpa-6c47043be406e3,BLDLP26008959,false
acc-d09e582df6849e2955ca,BLDLP-26-008960,Building,appended_new_activity,no_exact_core_match,,tpa-5a444cef03e554,BLDLP26008960,false
acc-4c829d1fa45dfef8202e,BLDLP-26-008961,Building,appended_new_activity,no_exact_core_match,,tpa-9b958e4e492da4,BLDLP26008961,false
acc-e641dff84c49c64fa81b,BLDLP-26-008962,Building,appended_new_activity,no_exact_core_match,,tpa-db942ef0e44d06,BLDLP26008962,false
acc-9a06d93cdac4ba6cf529,BLDLP-26-008963,Building,appended_new_activity,no_exact_core_match,,tpa-e10f0d5c35c1a3,BLDLP26008963,false
acc-692fb9877c9b4a4b00ba,BLDLP-26-008964,Building,appended_new_activity,no_exact_core_match,,tpa-0d31b69d6f46ff,BLDLP26008964,false
acc-105208d701e39aeca135,BLDLP-26-008965,Building,appended_new_activity,no_exact_core_match,,tpa-4153d736aaa7b3,BLDLP26008965,false
acc-d71fde8116915723f4ba,BLDLP-26-008966,Building,appended_new_activity,no_exact_core_match,,tpa-ca363c1ca2bfc1,BLDLP26008966,false
acc-09d9568aad35d25062ab,BLDLP-26-008967,Building,appended_new_activity,no_exact_core_match,,tpa-3fc2d73f7642a7,BLDLP26008967,false
acc-b1aed80f60b0f2a7d815,BLDLP-26-008968,Building,appended_new_activity,no_exact_core_match,,tpa-bd0f91f58c50be,BLDLP26008968,false
acc-4be6560ab2acc27f1065,BLDLP-26-008969,Building,appended_new_activity,no_exact_core_match,,tpa-704137d0ef27dd,BLDLP26008969,false
acc-0bb6f2ef62fc3c3d998f,BLDLP-26-008970,Building,appended_new_activity,no_exact_core_match,,tpa-3f0b995ab291fb,BLDLP26008970,false
acc-aee05c3d6e93c0e97fe4,BLDLP-26-008971,Building,appended_new_activity,no_exact_core_match,,tpa-a23061b9525455,BLDLP26008971,false
acc-3fc7c40042fa4abef66d,BLDLP-26-008972,Building,appended_new_activity,no_exact_core_match,,tpa-7d1f1937c4010c,BLDLP26008972,false
acc-0ad76803079bd961eb0f,BLDLP-26-008973,Building,appended_new_activity,no_exact_core_match,,tpa-4b917d34bc9f10,BLDLP26008973,false
acc-04686fa15c790974e16b,BLDLP-26-008974,Building,appended_new_activity,no_exact_core_match,,tpa-6ca40977eea7f4,BLDLP26008974,false
acc-cec4dcae12fc1b6f4bc0,BLDLP-26-008975,Building,appended_new_activity,no_exact_core_match,,tpa-f8e07059b8b37d,BLDLP26008975,false
acc-54e1498a628ebb37cb18,BLDLP-26-008976,Building,appended_new_activity,no_exact_core_match,,tpa-e0de88994901b9,BLDLP26008976,false
acc-bd1638568dbb9fcbc5cd,BLDLP-26-008977,Building,appended_new_activity,no_exact_core_match,,tpa-454ac1596af057,BLDLP26008977,false
acc-b964dfac51b1c2fe08e4,BLDLP-26-008978,Building,appended_new_activity,no_exact_core_match,,tpa-a7338e45818ba7,BLDLP26008978,false
acc-d1ef4b8160c13d990667,BLDLP-26-008979,Building,appended_new_activity,no_exact_core_match,,tpa-4cca979a9f0e91,BLDLP26008979,false
acc-2ac813463118370adac7,BLDLP-26-008980,Building,appended_new_activity,no_exact_core_match,,tpa-d6fb0261234344,BLDLP26008980,false
acc-64c019d81386b52fdf7f,BLDLP-26-008981,Building,appended_new_activity,no_exact_core_match,,tpa-35908e73938011,BLDLP26008981,false
acc-73a82e86bbce3c805452,BLDLP-26-008982,Building,appended_new_activity,no_exact_core_match,,tpa-0dd99251fa4992,BLDLP26008982,false
acc-6b0033c51f7d4e6ef1ff,BLDLP-26-008983,Building,appended_new_activity,no_exact_core_match,,tpa-0e48b365c6f974,BLDLP26008983,false
acc-f288f25956d86d16761d,BLDLP-26-008984,Building,appended_new_activity,no_exact_core_match,,tpa-a3c8c2a09ed069,BLDLP26008984,false
acc-85aaa7c5465a4cc00d52,BLDLP-26-008985,Building,appended_new_activity,no_exact_core_match,,tpa-18f91514af7af3,BLDLP26008985,false
acc-7e259e1dfff9e463c919,BLDLP-26-008986,Building,appended_new_activity,no_exact_core_match,,tpa-1378684d67952b,BLDLP26008986,false
acc-42f5e3de21f6f9fa8d12,BLDLP-26-008987,Building,appended_new_activity,no_exact_core_match,,tpa-e9e490c38f9afa,BLDLP26008987,false
acc-c5e353114c675a3342a6,BLDLP-26-008988,Building,appended_new_activity,no_exact_core_match,,tpa-28cff55b4d100a,BLDLP26008988,false
acc-49ae44f4bf037f7d885c,BLDLP-26-008989,Building,appended_new_activity,no_exact_core_match,,tpa-93014801079f4d,BLDLP26008989,false
acc-5b35fe4d14d695e769de,BLDLP-26-008990,Building,appended_new_activity,no_exact_core_match,,tpa-690c8c812c59cb,BLDLP26008990,false
acc-e404fa6dab8d4596c4fa,BLDLP-26-008991,Building,appended_new_activity,no_exact_core_match,,tpa-8a4bdb00d9d0d5,BLDLP26008991,false
acc-df581813cd74ddabd378,BLDLP-26-008992,Building,appended_new_activity,no_exact_core_match,,tpa-46dff01ed4cb76,BLDLP26008992,false
acc-0518c276f1d0c70c9752,BLDLP-26-008993,Building,appended_new_activity,no_exact_core_match,,tpa-aab8a2c21fcdb0,BLDLP26008993,false
acc-25de3d6cb84b6d23fe3a,BLDLP-26-008994,Building,appended_new_activity,no_exact_core_match,,tpa-ca4a82fd05ffa3,BLDLP26008994,false
acc-d62502b85e367ac95780,BLDLP-26-008995,Building,appended_new_activity,no_exact_core_match,,tpa-7c81a4d6414983,BLDLP26008995,false
acc-bca0c00adf293f77fd68,BLDLP-26-008996,Building,appended_new_activity,no_exact_core_match,,tpa-2f85e300205e81,BLDLP26008996,false
acc-3fac303c21ca7337e303,BLDLP-26-008997,Building,appended_new_activity,no_exact_core_match,,tpa-9a2a9825590ae1,BLDLP26008997,false
acc-67f5c3f7d0b0f6a4582f,BLDLP-26-008998,Building,appended_new_activity,no_exact_core_match,,tpa-d089996a42fc71,BLDLP26008998,false
acc-6e0e21c38e752e38da52,BLDLP-26-008999,Building,appended_new_activity,no_exact_core_match,,tpa-ae93aaa1d08400,BLDLP26008999,false
acc-2bf5837055fea14c74e7,BLDLP-26-009000,Building,appended_new_activity,no_exact_core_match,,tpa-4b876b27e549bc,BLDLP26009000,false
acc-f5117f9e1a09470b6cd1,BLDLP-26-009001,Building,appended_new_activity,no_exact_core_match,,tpa-e29f7903b07564,BLDLP26009001,false
acc-e0c9de09e1d1b0882210,BLDLP-26-009002,Building,appended_new_activity,no_exact_core_match,,tpa-9b7357d9f650fd,BLDLP26009002,false
acc-d2c240688516e60c5cb9,BLDLP-26-009003,Building,appended_new_activity,no_exact_core_match,,tpa-ad05586a71435f,BLDLP26009003,false
acc-f52abaab840aad8a9389,BLDLP-26-009004,Building,appended_new_activity,no_exact_core_match,,tpa-21fac55f859dc5,BLDLP26009004,false
acc-081923772eb15989bdec,BLDLP-26-009005,Building,appended_new_activity,no_exact_core_match,,tpa-aac2740fac8da9,BLDLP26009005,false
acc-f94bb5d06cc35221ba5f,BLDLP-26-009006,Building,appended_new_activity,no_exact_core_match,,tpa-5ccba397a03cf8,BLDLP26009006,false
acc-1fc0fc0aefbee4328b9e,BLDLP-26-009007,Building,appended_new_activity,no_exact_core_match,,tpa-34034d95e57681,BLDLP26009007,false
acc-2917be9f3d84b52d01fb,BLDLP-26-009008,Building,appended_new_activity,no_exact_core_match,,tpa-d4ec9c3dba3b8b,BLDLP26009008,false
acc-d81ef338241cbea22988,BLDLP-26-009009,Building,appended_new_activity,no_exact_core_match,,tpa-3c137942a34cc2,BLDLP26009009,false
acc-386999601225eeeb8965,BLDLP-26-009010,Building,appended_new_activity,no_exact_core_match,,tpa-459d04442f89b6,BLDLP26009010,false
acc-d9d2eca5fc6835d319e9,BLDLP-26-009011,Building,appended_new_activity,no_exact_core_match,,tpa-4352bc7931d4db,BLDLP26009011,false
acc-9f73028328fceb40a387,BLDLP-26-009012,Building,appended_new_activity,no_exact_core_match,,tpa-a39eab974891ea,BLDLP26009012,false
acc-0ee78a2aadadbfae232d,BLDLP-26-009013,Building,appended_new_activity,no_exact_core_match,,tpa-86075a98d2f12d,BLDLP26009013,false
acc-caf4f78d0e096d02bc58,BLDLP-26-009014,Building,appended_new_activity,no_exact_core_match,,tpa-51a2f6e79a424c,BLDLP26009014,false
acc-3b7abead641d64de7aab,BLDLP-26-009015,Building,appended_new_activity,no_exact_core_match,,tpa-00e710efa5bd08,BLDLP26009015,false
acc-56e976ce125b3a5e59c1,BLDLP-26-009016,Building,appended_new_activity,no_exact_core_match,,tpa-36769085e75b7e,BLDLP26009016,false
acc-cc551fa4b4b8f974383b,BLDLP-26-009017,Building,appended_new_activity,no_exact_core_match,,tpa-1a1665ca346a05,BLDLP26009017,false
acc-378965e8c4b2e119340a,BLDLP-26-009018,Building,appended_new_activity,no_exact_core_match,,tpa-449ca2a0ba24b7,BLDLP26009018,false
acc-1c7295493684f91a9013,BLDLP-26-009019,Building,appended_new_activity,no_exact_core_match,,tpa-ea6ad42892933f,BLDLP26009019,false
acc-ad8b34fc9180f8da857e,BLDLP-26-009020,Building,appended_new_activity,no_exact_core_match,,tpa-fcbd5aacd07d5f,BLDLP26009020,false
acc-8ee5d5dd3e489e848a95,BLDLP-26-009021,Building,appended_new_activity,no_exact_core_match,,tpa-c454041efce556,BLDLP26009021,false
acc-1b35081a0a433560ba1a,BLDLP-26-009022,Building,appended_new_activity,no_exact_core_match,,tpa-6e2631b2bbf4de,BLDLP26009022,false
acc-ec295a7aadad113094d4,BLDLP-26-009023,Building,appended_new_activity,no_exact_core_match,,tpa-43dc5a075b16a5,BLDLP26009023,false
acc-2a4e3ae89d9e827c9865,BLDLP-26-009024,Building,appended_new_activity,no_exact_core_match,,tpa-a90dea07aa1d1c,BLDLP26009024,false
acc-0e9519d67446a9434424,BLDLP-26-009025,Building,appended_new_activity,no_exact_core_match,,tpa-e6727c73533868,BLDLP26009025,false
acc-21678af787f5ccbcf846,BLDLP-26-009026,Building,appended_new_activity,no_exact_core_match,,tpa-05f61526a869d9,BLDLP26009026,false
acc-f3c63de6f6ff04a6f88c,BLDLP-26-009027,Building,appended_new_activity,no_exact_core_match,,tpa-8fa10c75b1ac8c,BLDLP26009027,false
acc-5be055f232af5cac09e3,BLDLP-26-009028,Building,appended_new_activity,no_exact_core_match,,tpa-42d0b92ca842d7,BLDLP26009028,false
acc-0574f607483b8d203151,BLDLP-26-009029,Building,appended_new_activity,no_exact_core_match,,tpa-c460500e927551,BLDLP26009029,false
acc-8d8cc7444f4451477559,BLDLP-26-009030,Building,appended_new_activity,no_exact_core_match,,tpa-16e267cfe235b6,BLDLP26009030,false
acc-457d7c4a5d5fe4a87462,BLDLP-26-009031,Building,appended_new_activity,no_exact_core_match,,tpa-2597013ca0c8ab,BLDLP26009031,false
acc-664b85516b75ca275d1a,BLDLP-26-009032,Building,appended_new_activity,no_exact_core_match,,tpa-e1c2124bea2c4c,BLDLP26009032,false
acc-39380c309c485dfa7c81,BLDLP-26-009033,Building,appended_new_activity,no_exact_core_match,,tpa-37124cb9db035f,BLDLP26009033,false
acc-99b5e10bdab917d500be,BLDLP-26-009034,Building,appended_new_activity,no_exact_core_match,,tpa-40962253a0da98,BLDLP26009034,false
acc-8558529c6b30397a4adc,BLDLP-26-009035,Building,appended_new_activity,no_exact_core_match,,tpa-8453ea236cdff5,BLDLP26009035,false
acc-d5f850ad282f97d3e873,BLDLP-26-009036,Building,appended_new_activity,no_exact_core_match,,tpa-759bbc373f06a9,BLDLP26009036,false
acc-4a967ea92fdff450498f,BLDLP-26-009037,Building,appended_new_activity,no_exact_core_match,,tpa-2b587b5fcf2bbc,BLDLP26009037,false
acc-5975d830f102ba771d40,BLDLP-26-009038,Building,appended_new_activity,no_exact_core_match,,tpa-73962d72e72b6d,BLDLP26009038,false
acc-255e5acf73835487d288,BLDLP-26-009039,Building,appended_new_activity,no_exact_core_match,,tpa-4755bcdf406cd5,BLDLP26009039,false
acc-c66471b2f587be4a83dc,BLDLP-26-009040,Building,appended_new_activity,no_exact_core_match,,tpa-82a3056175d5cf,BLDLP26009040,false
acc-ec8e6576a7630aca6e95,BLDLP-26-009041,Building,appended_new_activity,no_exact_core_match,,tpa-d5d68e0d8bb782,BLDLP26009041,false
acc-9819a20e3b599176b13a,BLDLP-26-009042,Building,appended_new_activity,no_exact_core_match,,tpa-cefb9b271ee0c9,BLDLP26009042,false
acc-b7f3517518ba8bc4e9fb,BLDLP-26-009043,Building,appended_new_activity,no_exact_core_match,,tpa-a8d40591660f1a,BLDLP26009043,false
acc-9a790d14416893f80d26,BLDLP-26-009044,Building,appended_new_activity,no_exact_core_match,,tpa-ceb6d32811163e,BLDLP26009044,false
acc-22268ffe9d5a2225e93a,BLDLP-26-009045,Building,appended_new_activity,no_exact_core_match,,tpa-8cda5332c68eca,BLDLP26009045,false
acc-c20ff7a18bbb18da5f3d,BLDLP-26-009046,Building,appended_new_activity,no_exact_core_match,,tpa-0f8ee01be8efdb,BLDLP26009046,false
acc-f409a60e66a6ecd511a8,BLDLP-26-009047,Building,appended_new_activity,no_exact_core_match,,tpa-994cf13c494db5,BLDLP26009047,false
acc-ed260669377060a86250,BLDLP-26-009048,Building,appended_new_activity,no_exact_core_match,,tpa-058302fb634fc2,BLDLP26009048,false
acc-0be39a62da0d42fec2a3,BLDLP-26-009049,Building,appended_new_activity,no_exact_core_match,,tpa-9554e9e35b74cf,BLDLP26009049,false
acc-efe99c693264fc1c3d58,BLDLP-26-009050,Building,appended_new_activity,no_exact_core_match,,tpa-31ed12a06fdd2e,BLDLP26009050,false
acc-c9f32e9ab7b1fc5fc680,BLDLP-26-009051,Building,appended_new_activity,no_exact_core_match,,tpa-15365620b858c3,BLDLP26009051,false
acc-e864d12d35ff8bbbda3a,BLDLP-26-009052,Building,appended_new_activity,no_exact_core_match,,tpa-22e75ce0cdec86,BLDLP26009052,false
acc-99a3118dba047cd2f8ba,BLDLP-26-009053,Building,appended_new_activity,no_exact_core_match,,tpa-3533f02e11eca6,BLDLP26009053,false
acc-2b38704dc57449eed364,BLDLP-26-009054,Building,appended_new_activity,no_exact_core_match,,tpa-cd007de0be7dd2,BLDLP26009054,false
acc-eee5c998f65446a7297b,BLDLP-26-009055,Building,appended_new_activity,no_exact_core_match,,tpa-222ba4e161fca9,BLDLP26009055,false
acc-f15a360318dc255c1d23,BLDLP-26-009056,Building,appended_new_activity,no_exact_core_match,,tpa-507ce891280079,BLDLP26009056,false
acc-01e8adcd430d647fcbf4,BLDLP-26-009057,Building,appended_new_activity,no_exact_core_match,,tpa-c2b3a7a6988428,BLDLP26009057,false
acc-7f3f5c42ed8fe4fe269e,BLDLP-26-009058,Building,appended_new_activity,no_exact_core_match,,tpa-9d0ac3c6f1392a,BLDLP26009058,false
acc-e1ff8dd011b312fc562e,BLDLP-26-009059,Building,appended_new_activity,no_exact_core_match,,tpa-cd8e71541b314a,BLDLP26009059,false
acc-b75cd809cb2c61bc70d8,BLDLP-26-009060,Building,appended_new_activity,no_exact_core_match,,tpa-bea03050024d16,BLDLP26009060,false
acc-13f25fde1c97dd61aaab,BLDLP-26-009061,Building,appended_new_activity,no_exact_core_match,,tpa-51f2674fc39d8d,BLDLP26009061,false
acc-2f8076968bdc9a193b27,BLDLP-26-009062,Building,appended_new_activity,no_exact_core_match,,tpa-c3057250b0f994,BLDLP26009062,false
acc-00d6150d5c50f1ad5988,BLDLP-26-009063,Building,appended_new_activity,no_exact_core_match,,tpa-da63311e601184,BLDLP26009063,false
acc-1a9bb0f4972076ca6076,BLDLP-26-009064,Building,appended_new_activity,no_exact_core_match,,tpa-bdfe0b9764e507,BLDLP26009064,false
acc-16a8819aa7783eb94442,BLDLP-26-009065,Building,appended_new_activity,no_exact_core_match,,tpa-a999469b518101,BLDLP26009065,false
acc-f8c72cabd1bc8b3027fa,BLDLP-26-009066,Building,appended_new_activity,no_exact_core_match,,tpa-22318b38108810,BLDLP26009066,false
acc-cb1b34b8118257e238ac,BLDLP-26-009067,Building,appended_new_activity,no_exact_core_match,,tpa-4b8be513a15876,BLDLP26009067,false
acc-e182821dae9c83309102,BLDLP-26-009068,Building,appended_new_activity,no_exact_core_match,,tpa-53696db0d6614e,BLDLP26009068,false
acc-a9b9f398be7e051a48a2,BLDLP-26-009069,Building,appended_new_activity,no_exact_core_match,,tpa-cdbd217b9df34a,BLDLP26009069,false
acc-6c2a90ad8ed7f3b254cf,BLDLP-26-009070,Building,appended_new_activity,no_exact_core_match,,tpa-ec8701a5339b75,BLDLP26009070,false
acc-1a85c7e84af582fddcb6,BLDLP-26-009071,Building,appended_new_activity,no_exact_core_match,,tpa-712632c37c8704,BLDLP26009071,false
acc-b17e193186626ae901c6,BLDLP-26-009072,Building,appended_new_activity,no_exact_core_match,,tpa-f35f425274d805,BLDLP26009072,false
acc-8c60be5fefa73a9d55af,BLDLP-26-009073,Building,appended_new_activity,no_exact_core_match,,tpa-fb1505a4c0bf24,BLDLP26009073,false
acc-1c2389b7600f349d8482,BLDLP-26-009074,Building,appended_new_activity,no_exact_core_match,,tpa-3e5396b179e667,BLDLP26009074,false
acc-c09a8e63a58715e3c30a,BLDLP-26-009075,Building,appended_new_activity,no_exact_core_match,,tpa-71781b5128aae4,BLDLP26009075,false
acc-2b3cee1efb41f8829bad,BLDLP-26-009076,Building,appended_new_activity,no_exact_core_match,,tpa-e1dea73fc0c02d,BLDLP26009076,false
acc-d9d36cd45381e3ce5d65,BLDLP-26-009077,Building,appended_new_activity,no_exact_core_match,,tpa-764dcddbaeca42,BLDLP26009077,false
acc-eb22642432ec5ef70f43,BLDLP-26-009078,Building,appended_new_activity,no_exact_core_match,,tpa-67cb2c6141a023,BLDLP26009078,false
acc-36ae37b127e7bac0d197,BLDLP-26-009079,Building,appended_new_activity,no_exact_core_match,,tpa-5ee86cd5d5131d,BLDLP26009079,false
acc-0e128d4b8b0315877711,BLDLP-26-009080,Building,appended_new_activity,no_exact_core_match,,tpa-73a2259eca0fdd,BLDLP26009080,false
acc-29d774e723d9a7bd7e01,BLDLP-26-009081,Building,appended_new_activity,no_exact_core_match,,tpa-e63199a936b699,BLDLP26009081,false
acc-219a4b9b99567dc19b6f,BLDLP-26-009082,Building,appended_new_activity,no_exact_core_match,,tpa-509f424f2b35b6,BLDLP26009082,false
acc-a022c2ece9027ab87291,BLDLP-26-009083,Building,appended_new_activity,no_exact_core_match,,tpa-0d689bf84eda92,BLDLP26009083,false
acc-cd1c495575d04c5e5884,BLDLP-26-009084,Building,appended_new_activity,no_exact_core_match,,tpa-479587e5013f77,BLDLP26009084,false
acc-e884ec706ea3c7edd797,BLDLP-26-009085,Building,appended_new_activity,no_exact_core_match,,tpa-6551cab6dcead7,BLDLP26009085,false
acc-a76fe9d3a06e459f17f4,BLDLP-26-009086,Building,appended_new_activity,no_exact_core_match,,tpa-bd92cb25529eb2,BLDLP26009086,false
acc-3782c606e8a33095dc89,BLDLP-26-009087,Building,appended_new_activity,no_exact_core_match,,tpa-7ad54c204559f0,BLDLP26009087,false
acc-6e62837dc167d374f228,BLDLP-26-009088,Building,appended_new_activity,no_exact_core_match,,tpa-80d6d13ab76e55,BLDLP26009088,false
acc-90c5022a908fde6f26c6,BLDLP-26-009089,Building,appended_new_activity,no_exact_core_match,,tpa-7fe892c6b711b3,BLDLP26009089,false
acc-7b49f4dcc497ba0b989f,BLDLP-26-009090,Building,appended_new_activity,no_exact_core_match,,tpa-b5ec57745b70f2,BLDLP26009090,false
acc-d46257516e76d8251fd4,BLDLP-26-009091,Building,appended_new_activity,no_exact_core_match,,tpa-0ad45be017c680,BLDLP26009091,false
acc-4021005a6beac22a4e00,BLDLP-26-009092,Building,appended_new_activity,no_exact_core_match,,tpa-821c6b27a4d36b,BLDLP26009092,false
acc-dbc35571754b4fba67fe,BLDLP-26-009093,Building,appended_new_activity,no_exact_core_match,,tpa-2872a6226e84df,BLDLP26009093,false
acc-02b6ee0a8ad346438e19,BLDLP-26-009094,Building,appended_new_activity,no_exact_core_match,,tpa-f59014e19da7a1,BLDLP26009094,false
acc-cd201acc48c416684d51,BLDLP-26-009095,Building,appended_new_activity,no_exact_core_match,,tpa-e57056af1d0a12,BLDLP26009095,false
acc-932cbbeb080a5c6a2c45,BLDLP-26-009096,Building,appended_new_activity,no_exact_core_match,,tpa-28fa582cb43f3b,BLDLP26009096,false
acc-2c8cd52002a3cd17ed1c,BLDLP-26-009097,Building,appended_new_activity,no_exact_core_match,,tpa-00e9c76da06014,BLDLP26009097,false
acc-7d238d7d1aa71ad4f4e2,BLDLP-26-009098,Building,appended_new_activity,no_exact_core_match,,tpa-f37f8a2db0ebff,BLDLP26009098,false
acc-eafc63b3acced0649714,BLDLP-26-009099,Building,appended_new_activity,no_exact_core_match,,tpa-ad1d61bda6253a,BLDLP26009099,false
acc-e84ac73a85dacafd8bf7,BLDLP-26-009100,Building,appended_new_activity,no_exact_core_match,,tpa-7503228d92dd6d,BLDLP26009100,false
acc-afa82bf827744ce56066,BLDLP-26-009101,Building,appended_new_activity,no_exact_core_match,,tpa-bfa63bffd8ef0b,BLDLP26009101,false
acc-9c5a329654399e38cad3,BLDLP-26-009102,Building,appended_new_activity,no_exact_core_match,,tpa-a17b42f066b87b,BLDLP26009102,false
acc-def5412cc5ae48043807,BLDLP-26-009103,Building,appended_new_activity,no_exact_core_match,,tpa-3086687485c03c,BLDLP26009103,false
acc-f626e2bab195075dc949,BLDLP-26-009104,Building,appended_new_activity,no_exact_core_match,,tpa-353b80a1953e5b,BLDLP26009104,false
acc-7fc4222ed212c30d2a7f,BLDLP-26-009105,Building,appended_new_activity,no_exact_core_match,,tpa-6aa0a8110cdeba,BLDLP26009105,false
acc-2487210ea40bce6de8b4,BLDLP-26-009106,Building,appended_new_activity,no_exact_core_match,,tpa-cc2e7394c53ac6,BLDLP26009106,false
acc-87bab6fcebb234e2f754,BLDLP-26-009107,Building,appended_new_activity,no_exact_core_match,,tpa-ee016283a8cef7,BLDLP26009107,false
acc-358654832821bd2a5c29,BLDLP-26-009108,Building,appended_new_activity,no_exact_core_match,,tpa-2d4c26167fe22b,BLDLP26009108,false
acc-351ec622768f91bb9836,BLDLP-26-009109,Building,appended_new_activity,no_exact_core_match,,tpa-a44ac395822a1c,BLDLP26009109,false
acc-d78fe9f02dbbcc366efb,BLDLP-26-009110,Building,appended_new_activity,no_exact_core_match,,tpa-23ea991dfd68d7,BLDLP26009110,false
acc-bf0ab33bb6c84eaeeb0a,BLDLP-26-009111,Building,appended_new_activity,no_exact_core_match,,tpa-0bc91c79822582,BLDLP26009111,false
acc-c0d3da1c8e4507e87b14,BLDLP-26-009112,Building,appended_new_activity,no_exact_core_match,,tpa-497e7c27981911,BLDLP26009112,false
acc-e890cc82de17a4bc96a2,BLDLP-26-009113,Building,appended_new_activity,no_exact_core_match,,tpa-d3b6f591424850,BLDLP26009113,false
acc-4cd3f9de6ea59307fc18,BLDLP-26-009114,Building,appended_new_activity,no_exact_core_match,,tpa-574502e93fb205,BLDLP26009114,false
acc-8cca2378409971a2d310,BLDLP-26-009115,Building,appended_new_activity,no_exact_core_match,,tpa-dd08cc5cc40bf5,BLDLP26009115,false
acc-b1ac2f76cbe73d3d79b7,BLDLP-26-009116,Building,appended_new_activity,no_exact_core_match,,tpa-4548f6bf3b0f13,BLDLP26009116,false
acc-256b41e30b5ca427617a,BLDLP-26-009117,Building,appended_new_activity,no_exact_core_match,,tpa-862f8f7da585ec,BLDLP26009117,false
acc-05b65fb6acc0d31aae41,BLDLP-26-009118,Building,appended_new_activity,no_exact_core_match,,tpa-19542475f1fae3,BLDLP26009118,false
acc-a08f2aa9d9a5f642ecbe,BLDLP-26-009119,Building,appended_new_activity,no_exact_core_match,,tpa-a3fc575a1a2a13,BLDLP26009119,false
acc-222724b18346ad71809f,BLDLP-26-009120,Building,appended_new_activity,no_exact_core_match,,tpa-65609e481eab0f,BLDLP26009120,false
acc-6dafd85f9f56555a0c5c,BLDLP-26-009121,Building,appended_new_activity,no_exact_core_match,,tpa-e564d88422aee8,BLDLP26009121,false
acc-80ab079a6ef52491e061,BLDLP-26-009124,Building,appended_new_activity,no_exact_core_match,,tpa-40c255ed4a292e,BLDLP26009124,false
acc-513e1095e16cfffac585,BLDLP-26-009125,Building,appended_new_activity,no_exact_core_match,,tpa-19f4f946186c23,BLDLP26009125,false
acc-075d6414a057e515e220,BLDLP-26-009126,Building,appended_new_activity,no_exact_core_match,,tpa-0ecac25da219b4,BLDLP26009126,false
acc-a35c59a0e5e5250811b8,BLDLP-26-009127,Building,appended_new_activity,no_exact_core_match,,tpa-c9c4b8646ead2f,BLDLP26009127,false
acc-c6899e2945ee76f79fc1,BLDLP-26-009128,Building,appended_new_activity,no_exact_core_match,,tpa-4b5cf0051970d7,BLDLP26009128,false
acc-de2abdecc5c61d945dfe,BLDLP-26-009129,Building,appended_new_activity,no_exact_core_match,,tpa-324d2b34ebd5e3,BLDLP26009129,false
acc-9318c7634cbd1dff87a4,BLDLP-26-009130,Building,appended_new_activity,no_exact_core_match,,tpa-fe2529a4ce4c0e,BLDLP26009130,false
acc-2b6f3bdb7322d8cb4464,BLDLP-26-009131,Building,appended_new_activity,no_exact_core_match,,tpa-674c9876eae5ac,BLDLP26009131,false
acc-cc34134af80d72ab78fe,BLDLP-26-009132,Building,appended_new_activity,no_exact_core_match,,tpa-3b57f9dacc7321,BLDLP26009132,false
acc-0fb66248b6233c9164d0,BLDLP-26-009133,Building,appended_new_activity,no_exact_core_match,,tpa-8f8bd8db6d90da,BLDLP26009133,false
acc-ed67a7f0bbe5a1a9c57b,BLDLP-26-009134,Building,appended_new_activity,no_exact_core_match,,tpa-ff42501eeb9b55,BLDLP26009134,false
acc-6b582dfd1ed453174e7b,BLDLP-26-009135,Building,appended_new_activity,no_exact_core_match,,tpa-c103b313537055,BLDLP26009135,false
acc-456d3e0609d0e4e97d1e,BLDLP-26-009136,Building,appended_new_activity,no_exact_core_match,,tpa-f5cf44df603c97,BLDLP26009136,false
acc-4bbba31145ba52bbdece,BLDLP-26-009137,Building,appended_new_activity,no_exact_core_match,,tpa-789acc6e07f594,BLDLP26009137,false
acc-848738ca3643677d3029,BLDLP-26-009138,Building,appended_new_activity,no_exact_core_match,,tpa-0bf76f1621143b,BLDLP26009138,false
acc-bbecac6e3ccdab11d59a,BLDLP-26-009139,Building,appended_new_activity,no_exact_core_match,,tpa-4686d579388c89,BLDLP26009139,false
acc-f9f2a4ed32b29c85f20b,BLDLP-26-009140,Building,appended_new_activity,no_exact_core_match,,tpa-2cf356ea25f19a,BLDLP26009140,false
acc-46582e338e9a7bcce216,BLDLP-26-009141,Building,appended_new_activity,no_exact_core_match,,tpa-5e60183bb3b299,BLDLP26009141,false
acc-ef85f4e78e60d2031251,BLDLP-26-009142,Building,appended_new_activity,no_exact_core_match,,tpa-7cd20139da1ddb,BLDLP26009142,false
acc-82f9ab1cc0c6092a952d,BLDLP-26-009143,Building,appended_new_activity,no_exact_core_match,,tpa-5ef8afc9803cc6,BLDLP26009143,false
acc-5fc99db4a574ea12d8e4,BLDLP-26-009144,Building,appended_new_activity,no_exact_core_match,,tpa-1645a529566c98,BLDLP26009144,false
acc-fb908bd953fc1c940a7f,BLDLP-26-009145,Building,appended_new_activity,no_exact_core_match,,tpa-d441bb184f2062,BLDLP26009145,false
acc-286cd338e4354626e9fd,BLDLP-26-009146,Building,appended_new_activity,no_exact_core_match,,tpa-3fb4babe5be155,BLDLP26009146,false
acc-30507007ab4ea09753ec,BLDLP-26-009147,Building,appended_new_activity,no_exact_core_match,,tpa-52efb83b788e7b,BLDLP26009147,false
acc-5f9af923f5f383ef20af,BLDLP-26-009148,Building,appended_new_activity,no_exact_core_match,,tpa-ad3ad520859bfc,BLDLP26009148,false
acc-75610d42d2851618b52c,BLDLP-26-009149,Building,appended_new_activity,no_exact_core_match,,tpa-d6ac9c6a04dafc,BLDLP26009149,false
acc-f162e45e7014b282be18,BLDLP-26-009150,Building,appended_new_activity,no_exact_core_match,,tpa-cf949ea3e7d2da,BLDLP26009150,false
acc-23b2464dfce9f3dc4c21,BLDLP-26-009151,Building,appended_new_activity,no_exact_core_match,,tpa-6c7594b44e5148,BLDLP26009151,false
acc-c85b90ee44a1a27911d8,BLDLP-26-009152,Building,appended_new_activity,no_exact_core_match,,tpa-aa23b5a7752579,BLDLP26009152,false
acc-0384323752bf4e7bcf5b,BLDLP-26-009153,Building,appended_new_activity,no_exact_core_match,,tpa-112f2b192b0907,BLDLP26009153,false
acc-3cd867e100135593c46c,BLDLP-26-009154,Building,appended_new_activity,no_exact_core_match,,tpa-384e2b64a14ee5,BLDLP26009154,false
acc-128992ea3c21afd5a53b,BLDLP-26-009155,Building,appended_new_activity,no_exact_core_match,,tpa-724a9ba84485f1,BLDLP26009155,false
acc-2277000c668ee7e72e63,BLDLP-26-009156,Building,appended_new_activity,no_exact_core_match,,tpa-db8ffad7e67efd,BLDLP26009156,false
acc-43fbc64bbbf70345633f,BLDLP-26-009157,Building,appended_new_activity,no_exact_core_match,,tpa-dab4ee694244d1,BLDLP26009157,false
acc-b0cb1c12966adfcb1cd0,BLDLP-26-009158,Building,appended_new_activity,no_exact_core_match,,tpa-f39fd5096789f5,BLDLP26009158,false
acc-dcc58e1a72ea57ac4e69,BLDLP-26-009159,Building,appended_new_activity,no_exact_core_match,,tpa-03569b299b3e7c,BLDLP26009159,false
acc-7c650384cdfa4175bffe,BLDLP-26-009160,Building,appended_new_activity,no_exact_core_match,,tpa-045c12236361f2,BLDLP26009160,false
acc-6197c41bfc50f9a2863c,BLDLP-26-009161,Building,appended_new_activity,no_exact_core_match,,tpa-457d3d8d956f38,BLDLP26009161,false
acc-7432806f9ee1f528ebe4,BLDLP-26-009162,Building,appended_new_activity,no_exact_core_match,,tpa-ed7972873150de,BLDLP26009162,false
acc-4d15f3b4c30ab52f9133,BLDLP-26-009163,Building,appended_new_activity,no_exact_core_match,,tpa-27c916f87a77ad,BLDLP26009163,false
acc-bbebb55a92f962d6c312,BLDLP-26-009164,Building,appended_new_activity,no_exact_core_match,,tpa-980d9cfe2ef5ea,BLDLP26009164,false
acc-08d014c2f194d94f0cd1,BLDLP-26-009165,Building,appended_new_activity,no_exact_core_match,,tpa-afc2385916a2c5,BLDLP26009165,false
acc-2b62bb639620b33a0b2f,BLDLP-26-009166,Building,appended_new_activity,no_exact_core_match,,tpa-f3b0f455944931,BLDLP26009166,false
acc-0f939b798bf1aa51a455,BLDLP-26-009167,Building,appended_new_activity,no_exact_core_match,,tpa-3c24de1857067a,BLDLP26009167,false
acc-415cca0fdf0d1e1da0a6,BLDLP-26-009168,Building,appended_new_activity,no_exact_core_match,,tpa-121f01fb9bdaf4,BLDLP26009168,false
acc-7b2a8420cceddb91c78c,BLDLP-26-009169,Building,appended_new_activity,no_exact_core_match,,tpa-3afa33ba7437bb,BLDLP26009169,false
acc-a263a42172439f5bd504,BLDLP-26-009170,Building,appended_new_activity,no_exact_core_match,,tpa-46ee00634ee550,BLDLP26009170,false
acc-e4e1449c50fde71c491f,BLDLP-26-009171,Building,appended_new_activity,no_exact_core_match,,tpa-44c6e9dc5ed538,BLDLP26009171,false
acc-7e0ac4217f68455c7752,BLDLP-26-009172,Building,appended_new_activity,no_exact_core_match,,tpa-ce31ebfcf8312a,BLDLP26009172,false
acc-ed8869bf47527e455275,BLDLP-26-009173,Building,appended_new_activity,no_exact_core_match,,tpa-cf44e07abbd82b,BLDLP26009173,false
acc-b2eb2ded65b193200c49,BLDLP-26-009174,Building,appended_new_activity,no_exact_core_match,,tpa-55cec8bdb2c0c8,BLDLP26009174,false
acc-48388e2c3082f3c53135,BLDLP-26-009175,Building,appended_new_activity,no_exact_core_match,,tpa-a61376ac8e4678,BLDLP26009175,false
acc-08962c92e3009bd7d32b,BLDLP-26-009176,Building,appended_new_activity,no_exact_core_match,,tpa-424d0cbf9de1a3,BLDLP26009176,false
acc-3d86e1a07377f096c5ba,BLDLP-26-009177,Building,appended_new_activity,no_exact_core_match,,tpa-e3f7f7c5570f10,BLDLP26009177,false
acc-763ae054dad494dd6794,BLDLP-26-009178,Building,appended_new_activity,no_exact_core_match,,tpa-8d39f616169574,BLDLP26009178,false
acc-47badb0fe758913e3b89,BLDLP-26-009179,Building,appended_new_activity,no_exact_core_match,,tpa-6bab9c3dc2b649,BLDLP26009179,false
acc-8034e442a99663ac825b,BLDLP-26-009180,Building,appended_new_activity,no_exact_core_match,,tpa-11027d70f4f747,BLDLP26009180,false
acc-be98f5a7682159a918b1,BLDLP-26-009181,Building,appended_new_activity,no_exact_core_match,,tpa-4bdbe0effd5e2a,BLDLP26009181,false
acc-18411d08d135a276b333,BLDLP-26-009182,Building,appended_new_activity,no_exact_core_match,,tpa-aa2ebfa66ebd13,BLDLP26009182,false
acc-7b7217de89900862045b,BLDLP-26-009183,Building,appended_new_activity,no_exact_core_match,,tpa-026749b6f090dd,BLDLP26009183,false
acc-9c54b91e850d50f2d697,BLDLP-26-009184,Building,appended_new_activity,no_exact_core_match,,tpa-1ee87fec0c7804,BLDLP26009184,false
acc-1c45ff99e3acf6dd0352,BLDLP-26-009185,Building,appended_new_activity,no_exact_core_match,,tpa-50f7fc58f86e1c,BLDLP26009185,false
acc-33dfac8c526f56b3e22d,BLDLP-26-009186,Building,appended_new_activity,no_exact_core_match,,tpa-1ec3e1f0fc86b9,BLDLP26009186,false
acc-d2897462a5e08e7da3e7,BLDLP-26-009187,Building,appended_new_activity,no_exact_core_match,,tpa-2b4fca092fbb7d,BLDLP26009187,false
acc-5a4ccb6cb1ff26349efc,BLDLP-26-009188,Building,appended_new_activity,no_exact_core_match,,tpa-037c57ac8ee789,BLDLP26009188,false
acc-65bc3bba58f0964b1a8c,BLDLP-26-009189,Building,appended_new_activity,no_exact_core_match,,tpa-a6d5f00530b650,BLDLP26009189,false
acc-2e940550f2fa83f71b91,BLDLP-26-009190,Building,appended_new_activity,no_exact_core_match,,tpa-584e737339a608,BLDLP26009190,false
acc-58f43f754c895492acc5,BLDLP-26-009191,Building,appended_new_activity,no_exact_core_match,,tpa-6801f4306fc3fd,BLDLP26009191,false
acc-e6884a4e6a81444931cf,BLDLP-26-009192,Building,appended_new_activity,no_exact_core_match,,tpa-2821030f0d8a05,BLDLP26009192,false
acc-83b0f297f8058a56e77a,BLDLP-26-009193,Building,appended_new_activity,no_exact_core_match,,tpa-26e68e1c1a1aaa,BLDLP26009193,false
acc-dbb53f52f287139ce7a6,BLDLP-26-009194,Building,appended_new_activity,no_exact_core_match,,tpa-9e330e10f3cd7b,BLDLP26009194,false
acc-3ce33b20a0985e7afa0f,BLDLP-26-009195,Building,appended_new_activity,no_exact_core_match,,tpa-198c562e89b9ba,BLDLP26009195,false
acc-c7dd62a9f274e66586ab,BLDLP-26-009196,Building,appended_new_activity,no_exact_core_match,,tpa-b88c3d215ac21f,BLDLP26009196,false
acc-4f6966c4be776ab10da9,BLDLP-26-009197,Building,appended_new_activity,no_exact_core_match,,tpa-1bc0b5fe0521dc,BLDLP26009197,false
acc-f5ebbc219e53af2a8714,BLDLP-26-009198,Building,appended_new_activity,no_exact_core_match,,tpa-a13e3296adc006,BLDLP26009198,false
acc-1e1612e52bac469788ce,BLDLP-26-009199,Building,appended_new_activity,no_exact_core_match,,tpa-9b37312c19a5c7,BLDLP26009199,false
acc-ee6113b3424c66941d04,BLDLP-26-009200,Building,appended_new_activity,no_exact_core_match,,tpa-7226cba0e07638,BLDLP26009200,false
acc-3f030ba36ef0839a5701,BLDLP-26-009201,Building,appended_new_activity,no_exact_core_match,,tpa-0e29aab31444b3,BLDLP26009201,false
acc-26c53360b9ac6481872d,BLDLP-26-009202,Building,appended_new_activity,no_exact_core_match,,tpa-803eb20aaab81f,BLDLP26009202,false
acc-c76c9680a50ca7dcd1b2,BLDLP-26-009203,Building,appended_new_activity,no_exact_core_match,,tpa-4cfa3b593e6450,BLDLP26009203,false
acc-3dccd587fc90fba77827,BLDLP-26-009204,Building,appended_new_activity,no_exact_core_match,,tpa-46c01a48a746e9,BLDLP26009204,false
acc-746f2a60b32db40b8cd3,BLDLP-26-009205,Building,appended_new_activity,no_exact_core_match,,tpa-2841cd1b22b44a,BLDLP26009205,false
acc-3e5f8d8ab03db24fcd54,BLDLP-26-009206,Building,appended_new_activity,no_exact_core_match,,tpa-f54bf78497f29a,BLDLP26009206,false
acc-de7471e7629917bfd031,BLDLP-26-009207,Building,appended_new_activity,no_exact_core_match,,tpa-c5f1900bdcdbc5,BLDLP26009207,false
acc-3f45f3e6c7932a8f4799,BLDLP-26-009208,Building,appended_new_activity,no_exact_core_match,,tpa-f36756b062ebb5,BLDLP26009208,false
acc-37530aed501f5788c3dd,BLDLP-26-009209,Building,appended_new_activity,no_exact_core_match,,tpa-7d215f42786e86,BLDLP26009209,false
acc-cb113c109eae6b173809,BLDLP-26-009210,Building,appended_new_activity,no_exact_core_match,,tpa-876b55cf52f16d,BLDLP26009210,false
acc-2f38c0c002264f2c9aef,BLDLP-26-009211,Building,appended_new_activity,no_exact_core_match,,tpa-4f680d8c12ec6d,BLDLP26009211,false
acc-a783c4bdf3a3ddaa6995,BLDLP-26-009212,Building,appended_new_activity,no_exact_core_match,,tpa-9e417075593a97,BLDLP26009212,false
acc-3c124cc92976ceb65c68,BLDLP-26-009213,Building,appended_new_activity,no_exact_core_match,,tpa-94ff9168761c31,BLDLP26009213,false
acc-6adafd3957a1fe56a718,BLDLP-26-009214,Building,appended_new_activity,no_exact_core_match,,tpa-900370d712b417,BLDLP26009214,false
acc-a70d1cc5a5fd77f68f35,BLDLP-26-009215,Building,appended_new_activity,no_exact_core_match,,tpa-40b55fb75a063d,BLDLP26009215,false
acc-a66c27b550cdfc94cf4b,BLDLP-26-009216,Building,appended_new_activity,no_exact_core_match,,tpa-af8c578463bb62,BLDLP26009216,false
acc-a3b14d7b1921a968ef18,BLDLP-26-009217,Building,appended_new_activity,no_exact_core_match,,tpa-5f183f01abbde4,BLDLP26009217,false
acc-2fc845578b658407880f,BLDLP-26-009218,Building,appended_new_activity,no_exact_core_match,,tpa-3011a155f473ad,BLDLP26009218,false
acc-d1a1db868e15690550a5,BLDLP-26-009219,Building,appended_new_activity,no_exact_core_match,,tpa-bdc1f36c65c915,BLDLP26009219,false
acc-78522d863f37e3ca8ba6,BLDLP-26-009220,Building,appended_new_activity,no_exact_core_match,,tpa-444bb6d655a91d,BLDLP26009220,false
acc-43f83ce8ec20db21b6b6,BLDLP-26-009221,Building,appended_new_activity,no_exact_core_match,,tpa-4d6e7bc84d1b8d,BLDLP26009221,false
acc-9377f84af08c9f999c65,BLDLP-26-009222,Building,appended_new_activity,no_exact_core_match,,tpa-9b98d9069ea4c8,BLDLP26009222,false
acc-64a33e29c07410f9d960,BLDLP-26-009223,Building,appended_new_activity,no_exact_core_match,,tpa-cfbd1398f90de0,BLDLP26009223,false
acc-022c6dd376fa3fae2c83,BLDLP-26-009224,Building,appended_new_activity,no_exact_core_match,,tpa-307818e271b382,BLDLP26009224,false
acc-00f57ceb7697fcd55965,BLDLP-26-009225,Building,appended_new_activity,no_exact_core_match,,tpa-210999d245e234,BLDLP26009225,false
acc-6b84b12233865f6b7cfb,BLDLP-26-009226,Building,appended_new_activity,no_exact_core_match,,tpa-6c18d1081eeefd,BLDLP26009226,false
acc-d001d944ffb6e715642a,BLDLP-26-009227,Building,appended_new_activity,no_exact_core_match,,tpa-65bf4f8a732295,BLDLP26009227,false
acc-41a68e2d00c2db9e47c6,BLDLP-26-009228,Building,appended_new_activity,no_exact_core_match,,tpa-78f335911d187f,BLDLP26009228,false
acc-4e24c8feacd2ca1f3bb8,BLDLP-26-009229,Building,appended_new_activity,no_exact_core_match,,tpa-37e508c5dff601,BLDLP26009229,false
acc-cc2c871d630ea2f1ae0d,BLDLP-26-009230,Building,appended_new_activity,no_exact_core_match,,tpa-4d205e94327fb6,BLDLP26009230,false
acc-e29c5e14564b59bee2a8,BLDLP-26-009231,Building,appended_new_activity,no_exact_core_match,,tpa-27be2b76a0b08d,BLDLP26009231,false
acc-ba078b85eda69409008a,BLDLP-26-009232,Building,appended_new_activity,no_exact_core_match,,tpa-eaeb3cbebc39a7,BLDLP26009232,false
acc-837c6e3fbf746726ab54,BLDLP-26-009233,Building,appended_new_activity,no_exact_core_match,,tpa-34f69433205bc5,BLDLP26009233,false
acc-65b901aa629a73ecb5f5,BLDLP-26-009234,Building,appended_new_activity,no_exact_core_match,,tpa-ce79b88e78ed2f,BLDLP26009234,false
acc-5b1e5fe7cdba51850fa4,BLDLP-26-009235,Building,appended_new_activity,no_exact_core_match,,tpa-a241c28d23c39e,BLDLP26009235,false
acc-26041cf966f00e996a3f,BLDLP-26-009236,Building,appended_new_activity,no_exact_core_match,,tpa-d6dc27651524c9,BLDLP26009236,false
acc-baa08a2871e703532934,BLDLP-26-009237,Building,appended_new_activity,no_exact_core_match,,tpa-50e260307e0101,BLDLP26009237,false
acc-79483d1029604996a034,BLDLP-26-009238,Building,appended_new_activity,no_exact_core_match,,tpa-7318dd9cc9daa0,BLDLP26009238,false
acc-27eed228c0cb67c5d8a1,BLDLP-26-009239,Building,appended_new_activity,no_exact_core_match,,tpa-91a594845b3eb3,BLDLP26009239,false
acc-5fb9e1f90eecab64b0e7,BLDLP-26-009240,Building,appended_new_activity,no_exact_core_match,,tpa-c661a6abd5918c,BLDLP26009240,false
acc-2499b940b316f040c254,BLDLP-26-009241,Building,appended_new_activity,no_exact_core_match,,tpa-425071fb7fd1b5,BLDLP26009241,false
acc-f792d83cebcd861840c0,BLDLP-26-009242,Building,appended_new_activity,no_exact_core_match,,tpa-f145c2b8b5233d,BLDLP26009242,false
acc-0fae97c1ad14e01998d9,BLDLP-26-009243,Building,appended_new_activity,no_exact_core_match,,tpa-11ffe312b44c9c,BLDLP26009243,false
acc-6f84c6c991fdb38966e6,BLDLP-26-009244,Building,appended_new_activity,no_exact_core_match,,tpa-6c6491f9005942,BLDLP26009244,false
acc-12cd7ccc808b920ce523,BLDLP-26-009245,Building,appended_new_activity,no_exact_core_match,,tpa-1fbde868fdb9af,BLDLP26009245,false
acc-5269660e35e562980a24,BLDLP-26-009246,Building,appended_new_activity,no_exact_core_match,,tpa-06501b40d76ea2,BLDLP26009246,false
acc-3b8262cde49e605be6bd,BLDLP-26-009247,Building,appended_new_activity,no_exact_core_match,,tpa-9a36c39431a176,BLDLP26009247,false
acc-f7f108eebdd8e4839f67,BLDLP-26-009248,Building,appended_new_activity,no_exact_core_match,,tpa-10fede1fb35a18,BLDLP26009248,false
acc-bf4687f76065667cc7da,BLDLP-26-009249,Building,appended_new_activity,no_exact_core_match,,tpa-e9dff9db3d3d0a,BLDLP26009249,false
acc-d372909d7d72dda23492,BLDLP-26-009250,Building,appended_new_activity,no_exact_core_match,,tpa-1fddf272e4cfec,BLDLP26009250,false
acc-87b5b9e823aa7d5cbe1f,BLDLP-26-009251,Building,appended_new_activity,no_exact_core_match,,tpa-b8c06db705fa13,BLDLP26009251,false
acc-4130831f72b4cf4ab274,BLDLP-26-009252,Building,appended_new_activity,no_exact_core_match,,tpa-398921c5d05214,BLDLP26009252,false
acc-15c5914b756dd9204897,BLDLP-26-009253,Building,appended_new_activity,no_exact_core_match,,tpa-b4e13c1857a0f1,BLDLP26009253,false
acc-f133988ca97cb0474d5b,BLDLP-26-009254,Building,appended_new_activity,no_exact_core_match,,tpa-ec93b76c1ee4f4,BLDLP26009254,false
acc-30d11b855ff484d6c435,BLDLP-26-009255,Building,appended_new_activity,no_exact_core_match,,tpa-2d809e08111771,BLDLP26009255,false
acc-776918ca8fc9bf8170e6,BLDLP-26-009256,Building,appended_new_activity,no_exact_core_match,,tpa-7ce7982cba5fc1,BLDLP26009256,false
acc-24dd57cd1dd016f7cf08,BLDLP-26-009257,Building,appended_new_activity,no_exact_core_match,,tpa-7d31c13402553a,BLDLP26009257,false
acc-a37c6a1ad4d3d709ca45,BLDLP-26-009258,Building,appended_new_activity,no_exact_core_match,,tpa-cd590f173438c2,BLDLP26009258,false
acc-44147c528f5cea8746c5,BLDLP-26-009259,Building,appended_new_activity,no_exact_core_match,,tpa-472c6045c5d688,BLDLP26009259,false
acc-cbe579783bfb96618b83,BLDLP-26-009260,Building,appended_new_activity,no_exact_core_match,,tpa-9444b8abbe77ff,BLDLP26009260,false
acc-0e2cf80a4e362d0d25c6,BLDLP-26-009261,Building,appended_new_activity,no_exact_core_match,,tpa-8d957c243dc825,BLDLP26009261,false
acc-4181d63f6b179d9b6885,BLDLP-26-009262,Building,appended_new_activity,no_exact_core_match,,tpa-7e3c0ae22a0026,BLDLP26009262,false
acc-e1582e0af369fec01e85,BLDLP-26-009263,Building,appended_new_activity,no_exact_core_match,,tpa-2e83a3d561f8be,BLDLP26009263,false
acc-cd96921967ae313dad64,BLDLP-26-009264,Building,appended_new_activity,no_exact_core_match,,tpa-5a7c8cb5627679,BLDLP26009264,false
acc-fad9ecd79f3d6807d269,BLDLP-26-009265,Building,appended_new_activity,no_exact_core_match,,tpa-10100ae4493043,BLDLP26009265,false
acc-cdbb15e9e7a0ba8894b1,BLDLP-26-009266,Building,appended_new_activity,no_exact_core_match,,tpa-6ca74355459173,BLDLP26009266,false
acc-807e1f79f215861a8cc7,BLDLP-26-009267,Building,appended_new_activity,no_exact_core_match,,tpa-995acf1e3770fc,BLDLP26009267,false
acc-436b3a921f49dec4794a,BLDLP-26-009268,Building,appended_new_activity,no_exact_core_match,,tpa-e544258a11bb92,BLDLP26009268,false
acc-1e3f6e3e4bc874640370,BLDLP-26-009269,Building,appended_new_activity,no_exact_core_match,,tpa-df6e86759a1422,BLDLP26009269,false
acc-800d3483e52a637937a9,BLDLP-26-009270,Building,appended_new_activity,no_exact_core_match,,tpa-ac0be66274cf24,BLDLP26009270,false
acc-8e393463c4a08b706140,BLDLP-26-009271,Building,appended_new_activity,no_exact_core_match,,tpa-2dc62f99230872,BLDLP26009271,false
acc-70ce53e57d25757b4b95,BLDLP-26-009272,Building,appended_new_activity,no_exact_core_match,,tpa-2850294d882e05,BLDLP26009272,false
acc-51a0a586e108ad06813c,BLDLP-26-009273,Building,appended_new_activity,no_exact_core_match,,tpa-c9cea4e8a8860b,BLDLP26009273,false
acc-5f986253eed696cdc321,BLDLP-26-009274,Building,appended_new_activity,no_exact_core_match,,tpa-43d37844a88b81,BLDLP26009274,false
acc-98df69fb9e365e818bdf,BLDLP-26-009275,Building,appended_new_activity,no_exact_core_match,,tpa-d4ca0709240481,BLDLP26009275,false
acc-841189788e65eef68d26,BLDLP-26-009276,Building,appended_new_activity,no_exact_core_match,,tpa-4b6a36fae5d26b,BLDLP26009276,false
acc-efb1ef1320d9d6fb9e4b,BLDLP-26-009277,Building,appended_new_activity,no_exact_core_match,,tpa-8a198542b59c6f,BLDLP26009277,false
acc-3125a806e633a954d216,BLDLP-26-009278,Building,appended_new_activity,no_exact_core_match,,tpa-d97ebf3b5dc540,BLDLP26009278,false
acc-66f15e558e0cf2ce6942,BLDLP-26-009279,Building,appended_new_activity,no_exact_core_match,,tpa-b25862b9001252,BLDLP26009279,false
acc-3d8fbff41abdf3e9fa45,BLDLP-26-009280,Building,appended_new_activity,no_exact_core_match,,tpa-f307fc4a92e748,BLDLP26009280,false
acc-a0ed4e511e35ce0773ac,BLDLP-26-009281,Building,appended_new_activity,no_exact_core_match,,tpa-5dbbd0c02df860,BLDLP26009281,false
acc-51d4ec8339b0a0c84ffd,BLDLP-26-009282,Building,appended_new_activity,no_exact_core_match,,tpa-fbfac425c99e5d,BLDLP26009282,false
acc-3cff6dcc51935d35f87a,BLDLP-26-009283,Building,appended_new_activity,no_exact_core_match,,tpa-b9da990e15ea0c,BLDLP26009283,false
acc-9236b34daa7fd8e7d9c4,BLDLP-26-009284,Building,appended_new_activity,no_exact_core_match,,tpa-316d5246a851fa,BLDLP26009284,false
acc-8625a1309cd4e8729a60,BLDLP-26-009285,Building,appended_new_activity,no_exact_core_match,,tpa-391cd5cc3d2faf,BLDLP26009285,false
acc-918241b4587e96b11ed4,BLDLP-26-009286,Building,appended_new_activity,no_exact_core_match,,tpa-7ba52987d4e090,BLDLP26009286,false
acc-513ed03ae08a65ce70d0,BLDLP-26-009287,Building,appended_new_activity,no_exact_core_match,,tpa-2eeb77a056d399,BLDLP26009287,false
acc-89fe6e91a1dab59e1f91,BLDLP-26-009288,Building,appended_new_activity,no_exact_core_match,,tpa-bee13bc398a4f7,BLDLP26009288,false
acc-fb57eed4eb1f42a40aa6,BLDLP-26-009289,Building,appended_new_activity,no_exact_core_match,,tpa-5619f270baed7d,BLDLP26009289,false
acc-bded428db990c41a9379,BLDLP-26-009290,Building,appended_new_activity,no_exact_core_match,,tpa-60dfa5bdb3b9fb,BLDLP26009290,false
acc-91c832dad4b203dfe990,BLDLP-26-009291,Building,appended_new_activity,no_exact_core_match,,tpa-81d15c369c1097,BLDLP26009291,false
acc-4ffcc2c5e8474e77c447,BLDLP-26-009292,Building,appended_new_activity,no_exact_core_match,,tpa-ba10ebc7e8157a,BLDLP26009292,false
acc-888612395cea922c486a,BLDLP-26-009293,Building,appended_new_activity,no_exact_core_match,,tpa-885fe9d019acc8,BLDLP26009293,false
acc-705372f1672dfaa8615e,BLDLP-26-009294,Building,appended_new_activity,no_exact_core_match,,tpa-a9394fb8bff12e,BLDLP26009294,false
acc-488eac59fb38ae321058,BLDLP-26-009295,Building,appended_new_activity,no_exact_core_match,,tpa-10cd5609ab23f9,BLDLP26009295,false
acc-b25195b11d09cbfe192d,BLDLP-26-009296,Building,appended_new_activity,no_exact_core_match,,tpa-ff00a2b0de4c26,BLDLP26009296,false
acc-010f1d6778fde6469f81,BLDLP-26-009297,Building,appended_new_activity,no_exact_core_match,,tpa-8d26eacacf65bb,BLDLP26009297,false
acc-f454e28d9a097cde436f,BLDLP-26-009298,Building,appended_new_activity,no_exact_core_match,,tpa-bb5e589d04d3c2,BLDLP26009298,false
acc-da62b59d95d62e634acd,BLDLP-26-009299,Building,appended_new_activity,no_exact_core_match,,tpa-a3b77eaf99ced7,BLDLP26009299,false
acc-10d9ac973ee6c85947c8,BLDLP-26-009300,Building,appended_new_activity,no_exact_core_match,,tpa-36c1e052b35317,BLDLP26009300,false
acc-845b61b57469f075fb66,BLDLP-26-009301,Building,appended_new_activity,no_exact_core_match,,tpa-7fdbc9d9bee84c,BLDLP26009301,false
acc-9b196784c632d37b2167,BLDLP-26-009302,Building,appended_new_activity,no_exact_core_match,,tpa-7363ed3baae679,BLDLP26009302,false
acc-b0ea44384a890683e230,BLDLP-26-009303,Building,appended_new_activity,no_exact_core_match,,tpa-448f6eeb285726,BLDLP26009303,false
acc-cecb803fb6ccbdd28ecc,BLDLP-26-009304,Building,appended_new_activity,no_exact_core_match,,tpa-48336a871f44f0,BLDLP26009304,false
acc-9bb4e4b0c23cd10a35ad,BLDLP-26-009305,Building,appended_new_activity,no_exact_core_match,,tpa-46882c1ec8a46b,BLDLP26009305,false
acc-048afc45ae9281a4aee6,BLDLP-26-009306,Building,appended_new_activity,no_exact_core_match,,tpa-b262b586c9a22f,BLDLP26009306,false
acc-774c434986c631a0313b,BLDLP-26-009307,Building,appended_new_activity,no_exact_core_match,,tpa-eda88a131e660a,BLDLP26009307,false
acc-2aaa3cb4e0ded7314986,BLDLP-26-009308,Building,appended_new_activity,no_exact_core_match,,tpa-dcf6fb4feff224,BLDLP26009308,false
acc-4067bb2710e64c288e41,BLDLP-26-009309,Building,appended_new_activity,no_exact_core_match,,tpa-b49df699c1c15c,BLDLP26009309,false
acc-9575062e199a38774043,BLDLP-26-009310,Building,appended_new_activity,no_exact_core_match,,tpa-01daa230d1d538,BLDLP26009310,false
acc-4a661b70f2ff4e4b5d6d,BLDLP-26-009311,Building,appended_new_activity,no_exact_core_match,,tpa-5a299dbbf46ca0,BLDLP26009311,false
acc-d7cb30d5d6c33297defa,BLDLP-26-009312,Building,appended_new_activity,no_exact_core_match,,tpa-36b864d13cf93f,BLDLP26009312,false
acc-4c3ea35e44810fa67aee,BLDLP-26-009313,Building,appended_new_activity,no_exact_core_match,,tpa-8cda7b403077fa,BLDLP26009313,false
acc-6602b113adf79b3999d1,BLDLP-26-009314,Building,appended_new_activity,no_exact_core_match,,tpa-d92dda7d8c6e39,BLDLP26009314,false
acc-ffefc2a12f3839c9a0fe,BLDLP-26-009315,Building,appended_new_activity,no_exact_core_match,,tpa-3227d682faff2e,BLDLP26009315,false
acc-11580a582fa1cde17603,BLDLP-26-009316,Building,appended_new_activity,no_exact_core_match,,tpa-eb8a49f4c49d6c,BLDLP26009316,false
acc-03120a6d4ffd97a5452c,BLDLP-26-009317,Building,appended_new_activity,no_exact_core_match,,tpa-b3b84bbcc7de41,BLDLP26009317,false
acc-567cc1ce3f74cf1463e0,BLDLP-26-009318,Building,appended_new_activity,no_exact_core_match,,tpa-b42d4adaee8d9b,BLDLP26009318,false
acc-9ea01ff0a48a316bc00f,BLDLP-26-009319,Building,appended_new_activity,no_exact_core_match,,tpa-7440d7914d1524,BLDLP26009319,false
acc-f5de30f091caecd675ea,BLDLP-26-009320,Building,appended_new_activity,no_exact_core_match,,tpa-935229b3742f83,BLDLP26009320,false
acc-abb3206a4ca79a8225cb,BLDLP-26-009321,Building,appended_new_activity,no_exact_core_match,,tpa-0cbef87ec974c5,BLDLP26009321,false
acc-fd9b513db2411f5e24a0,BLDLP-26-009322,Building,appended_new_activity,no_exact_core_match,,tpa-a698cfba3ef8e2,BLDLP26009322,false
acc-186c68bbff4ae820ae92,BLDLP-26-009323,Building,appended_new_activity,no_exact_core_match,,tpa-0d2a92731f8d9d,BLDLP26009323,false
acc-1bb5ac7f27099b2d691f,BLDLP-26-009324,Building,appended_new_activity,no_exact_core_match,,tpa-feae49e1809e6c,BLDLP26009324,false
acc-f2b505e38989e278ef00,BLDLP-26-009325,Building,appended_new_activity,no_exact_core_match,,tpa-5cf16b1b01d486,BLDLP26009325,false
acc-f61d3aa617a73f8c13ed,BLDLP-26-009326,Building,appended_new_activity,no_exact_core_match,,tpa-8c0595a75c1f25,BLDLP26009326,false
acc-f2f9652f34e669f3e2bd,BLDLP-26-009327,Building,appended_new_activity,no_exact_core_match,,tpa-f7fb4a657daa6f,BLDLP26009327,false
acc-a9c2177597e762405969,BLDLP-26-009328,Building,appended_new_activity,no_exact_core_match,,tpa-643bbd64043adb,BLDLP26009328,false
acc-5350336fc9ae4c2c9422,BLDLP-26-009329,Building,appended_new_activity,no_exact_core_match,,tpa-f1b044b088ad92,BLDLP26009329,false
acc-d97799bd1d6f458af03d,BLDLP-26-009330,Building,appended_new_activity,no_exact_core_match,,tpa-added484f34ae4,BLDLP26009330,false
acc-8150e0d682474e6ffa53,BLDLP-26-009331,Building,appended_new_activity,no_exact_core_match,,tpa-1483843781520d,BLDLP26009331,false
acc-2504e7fd402bfec253c6,BLDLP-26-009332,Building,appended_new_activity,no_exact_core_match,,tpa-b63afbdc98dd07,BLDLP26009332,false
acc-38f4345a7e949ad11bba,BLDLP-26-009333,Building,appended_new_activity,no_exact_core_match,,tpa-1b26a05eb1941f,BLDLP26009333,false
acc-bddc2b3712d209da50ef,BLDLP-26-009334,Building,appended_new_activity,no_exact_core_match,,tpa-e7a6e8cadc59c4,BLDLP26009334,false
acc-614da9187c276fb0f432,BLDLP-26-009335,Building,appended_new_activity,no_exact_core_match,,tpa-1202471e339560,BLDLP26009335,false
acc-4eb9801ba821d9d76422,BLDLP-26-009336,Building,appended_new_activity,no_exact_core_match,,tpa-dbe0a9e5cc3917,BLDLP26009336,false
acc-e31f351edcd044a3eb80,BLDLP-26-009337,Building,appended_new_activity,no_exact_core_match,,tpa-bcb81a4d5f5b91,BLDLP26009337,false
acc-288dde88f3eb90fd3c86,BLDLP-26-009338,Building,appended_new_activity,no_exact_core_match,,tpa-4f21d5b709324f,BLDLP26009338,false
acc-2f43ce47153b74ec1a02,BLDLP-26-009339,Building,appended_new_activity,no_exact_core_match,,tpa-67e9ea1fcb2a9b,BLDLP26009339,false
acc-95da622392beaa52d544,BLDLP-26-009340,Building,appended_new_activity,no_exact_core_match,,tpa-84140e11cb7abb,BLDLP26009340,false
acc-7a33073b6310b13b9ff1,BLDLP-26-009341,Building,appended_new_activity,no_exact_core_match,,tpa-53cb5f446d40bc,BLDLP26009341,false
acc-1ce2849bc2bc920459b4,BLDLP-26-009342,Building,appended_new_activity,no_exact_core_match,,tpa-cbd590bacc103f,BLDLP26009342,false
acc-de6487b3455809a18aff,BLDLP-26-009343,Building,appended_new_activity,no_exact_core_match,,tpa-9eebcbd264d133,BLDLP26009343,false
acc-0badda6bd93b09cf4a0e,BLDLP-26-009344,Building,appended_new_activity,no_exact_core_match,,tpa-34ffeded7e8a57,BLDLP26009344,false
acc-915459ef1255b63d2a7d,BLDLP-26-009345,Building,appended_new_activity,no_exact_core_match,,tpa-882c7988886739,BLDLP26009345,false
acc-6949ac4d483e65253f96,BLDLP-26-009346,Building,appended_new_activity,no_exact_core_match,,tpa-ea8e07ed6433c5,BLDLP26009346,false
acc-68878b5b3ecbf165536f,BLDLP-26-009347,Building,appended_new_activity,no_exact_core_match,,tpa-6c74e15f513746,BLDLP26009347,false
acc-840128da14863dc7213c,BLDLP-26-009348,Building,appended_new_activity,no_exact_core_match,,tpa-d99d20d6f3e07b,BLDLP26009348,false
acc-7417f9ca7ee07d858ce7,BLDLP-26-009349,Building,appended_new_activity,no_exact_core_match,,tpa-8f3d317c8eb27a,BLDLP26009349,false
acc-d1ff1be8fb701084879b,BLDLP-26-009350,Building,appended_new_activity,no_exact_core_match,,tpa-c0bd75f27db508,BLDLP26009350,false
acc-37b48510bcefa241300c,BLDLP-26-009351,Building,appended_new_activity,no_exact_core_match,,tpa-8e91706c6367e3,BLDLP26009351,false
acc-c12c41ff46650582f2d5,BLDLP-26-009352,Building,appended_new_activity,no_exact_core_match,,tpa-d63f7befe0a22f,BLDLP26009352,false
acc-39e3b42935c6e27ed9aa,BLDLP-26-009353,Building,appended_new_activity,no_exact_core_match,,tpa-250ac86a20ba4c,BLDLP26009353,false
acc-6aba6a93ec1ebb90c671,BLDLP-26-009354,Building,appended_new_activity,no_exact_core_match,,tpa-03a482422f917e,BLDLP26009354,false
acc-91d56671f4fda20b7829,BLDLP-26-009355,Building,appended_new_activity,no_exact_core_match,,tpa-1567e73f847783,BLDLP26009355,false
acc-7b912a84329fc56ca857,BLDLP-26-009356,Building,appended_new_activity,no_exact_core_match,,tpa-5c6af541e4ff18,BLDLP26009356,false
acc-f6f73547c6e769e35fc7,BLDLP-26-009357,Building,appended_new_activity,no_exact_core_match,,tpa-ec889170af990f,BLDLP26009357,false
acc-7ca89ff7e1c54c5bc466,BLDLP-26-009358,Building,appended_new_activity,no_exact_core_match,,tpa-d82a17eadc4161,BLDLP26009358,false
acc-a2eb5f32b87e38b83bca,BLDLP-26-009359,Building,appended_new_activity,no_exact_core_match,,tpa-200a98447d39b8,BLDLP26009359,false
acc-b19feca682529408ba2e,BLDLP-26-009360,Building,appended_new_activity,no_exact_core_match,,tpa-23feeae4b281d7,BLDLP26009360,false
acc-0ee525933a1b3ecc3c83,BLDLP-26-009361,Building,appended_new_activity,no_exact_core_match,,tpa-b2abe7f03f0c68,BLDLP26009361,false
acc-591d747c376ad384e3ba,BLDLP-26-009362,Building,appended_new_activity,no_exact_core_match,,tpa-382a32a16ee0ef,BLDLP26009362,false
acc-cf67d5ba7b41db5b0ba1,BLDLP-26-009363,Building,appended_new_activity,no_exact_core_match,,tpa-64b0a238525c2a,BLDLP26009363,false
acc-b912623ae7462ea8c0ae,BLDLP-26-009364,Building,appended_new_activity,no_exact_core_match,,tpa-3b684f7b6a49cd,BLDLP26009364,false
acc-647764a93de562dfa26e,BLDLP-26-009365,Building,appended_new_activity,no_exact_core_match,,tpa-de2122abf1f215,BLDLP26009365,false
acc-2a58d2a2f5292a80a9d2,BLDLP-26-009366,Building,appended_new_activity,no_exact_core_match,,tpa-9383d1ea74f2b6,BLDLP26009366,false
acc-44557518d574b5796a8c,BLDLP-26-009367,Building,appended_new_activity,no_exact_core_match,,tpa-be6da23411fbd0,BLDLP26009367,false
acc-01954a3670247b43cf48,BLDLP-26-009368,Building,appended_new_activity,no_exact_core_match,,tpa-2dcd65e78ee2d8,BLDLP26009368,false
acc-531fcbce02f668c2d992,BLDLP-26-009369,Building,appended_new_activity,no_exact_core_match,,tpa-2f07632d7354b3,BLDLP26009369,false
acc-302d19eb6435c0d98c0b,BLDLP-26-009370,Building,appended_new_activity,no_exact_core_match,,tpa-3b992cb523d7a1,BLDLP26009370,false
acc-c674c52764806d1a4dbe,BLDLP-26-009371,Building,appended_new_activity,no_exact_core_match,,tpa-0aa6fc7d0cb618,BLDLP26009371,false
acc-71a443807d088dac3cf5,BLDLP-26-009372,Building,appended_new_activity,no_exact_core_match,,tpa-01245762fd1c0d,BLDLP26009372,false
acc-4e0cce43c9b21b4efe9b,BLDLP-26-009373,Building,appended_new_activity,no_exact_core_match,,tpa-28f578cd85e617,BLDLP26009373,false
acc-1257747aeaa66d88a5d0,BLDLP-26-009374,Building,appended_new_activity,no_exact_core_match,,tpa-c30427f3cfd776,BLDLP26009374,false
acc-84ac73531ce49ebe0884,BLDLP-26-009375,Building,appended_new_activity,no_exact_core_match,,tpa-0903b863e77214,BLDLP26009375,false
acc-05b1f288978e90648f85,BLDLP-26-009376,Building,appended_new_activity,no_exact_core_match,,tpa-e963233de2215c,BLDLP26009376,false
acc-7060f78dd8db77f75f96,BLDLP-26-009377,Building,appended_new_activity,no_exact_core_match,,tpa-da7fe96477b432,BLDLP26009377,false
acc-74e32b7432dd55a919dc,BLDLP-26-009378,Building,appended_new_activity,no_exact_core_match,,tpa-6f5c36012edcb2,BLDLP26009378,false
acc-6bf69c851014b7a2b172,BLDLP-26-009379,Building,appended_new_activity,no_exact_core_match,,tpa-c576a0ae60763d,BLDLP26009379,false
acc-16836417431bb5ac1c74,BLDLP-26-009380,Building,appended_new_activity,no_exact_core_match,,tpa-a54794e363aad7,BLDLP26009380,false
acc-97dae16294dcfc8288b0,BLDLP-26-009381,Building,appended_new_activity,no_exact_core_match,,tpa-d6696a808ada15,BLDLP26009381,false
acc-7c0c3aa4053c9b9d0afb,BLDLP-26-009382,Building,appended_new_activity,no_exact_core_match,,tpa-010574910ebea7,BLDLP26009382,false
acc-4f8561bcf8fa6a6f5135,BLDLP-26-009383,Building,appended_new_activity,no_exact_core_match,,tpa-69cf210e2d70b6,BLDLP26009383,false
acc-abde76cc70743ff82de5,BLDLP-26-009384,Building,appended_new_activity,no_exact_core_match,,tpa-8e836dc74407a8,BLDLP26009384,false
acc-781cd16b79727b81c847,BLDLP-26-009385,Building,appended_new_activity,no_exact_core_match,,tpa-ff693acca7f412,BLDLP26009385,false
acc-445fde5fc42e65490a5e,BLDLP-26-009386,Building,appended_new_activity,no_exact_core_match,,tpa-091c59a2e70519,BLDLP26009386,false
acc-ff25fb8268b1f6b6285f,BLDLP-26-009387,Building,appended_new_activity,no_exact_core_match,,tpa-e6f8b681f61f6d,BLDLP26009387,false
acc-ccba25a4b6537d151939,BLDLP-26-009388,Building,appended_new_activity,no_exact_core_match,,tpa-aacfae59d0d2c4,BLDLP26009388,false
acc-c5aac8364ddc21e90c64,BLDLP-26-009389,Building,appended_new_activity,no_exact_core_match,,tpa-c2d37d8e0678fa,BLDLP26009389,false
acc-493b2efc442e3ac8c089,BLDLP-26-009390,Building,appended_new_activity,no_exact_core_match,,tpa-21ff215254146b,BLDLP26009390,false
acc-d14b18126e8d67b2c045,BLDLP-26-009391,Building,appended_new_activity,no_exact_core_match,,tpa-7b7fc992f6dc42,BLDLP26009391,false
acc-0da0ec74d01260d536c7,BLDLP-26-009392,Building,appended_new_activity,no_exact_core_match,,tpa-c315dcf3bd3af2,BLDLP26009392,false
acc-fd7f44b63c514fba9716,BLDLP-26-009393,Building,appended_new_activity,no_exact_core_match,,tpa-1e037f3d16c06a,BLDLP26009393,false
acc-43c399c856dd4c95723b,BLDLP-26-009394,Building,appended_new_activity,no_exact_core_match,,tpa-7bd4c2d1aaf1be,BLDLP26009394,false
acc-fe7aecca1d04ec47d248,BLDLP-26-009395,Building,appended_new_activity,no_exact_core_match,,tpa-1cca6cdf9aa270,BLDLP26009395,false
acc-cb3ac21fd81c1d9645a5,BLDLP-26-009396,Building,appended_new_activity,no_exact_core_match,,tpa-f0f1791c3d1082,BLDLP26009396,false
acc-bbd0c3a9141ee72c0ee0,BLDLP-26-009397,Building,appended_new_activity,no_exact_core_match,,tpa-29d25563be37b7,BLDLP26009397,false
acc-a943c77cac18a12ef2d8,BLDLP-26-009398,Building,appended_new_activity,no_exact_core_match,,tpa-9da69909f9f4e1,BLDLP26009398,false
acc-cbcc4b6daff72e2af85a,BLDLP-26-009399,Building,appended_new_activity,no_exact_core_match,,tpa-690a296c9d5afd,BLDLP26009399,false
acc-8c91a34b990d58fb78e4,BLDLP-26-009400,Building,appended_new_activity,no_exact_core_match,,tpa-8907a2fd0f74af,BLDLP26009400,false
acc-bb7285c72558db0bd5b2,BLDLP-26-009401,Building,appended_new_activity,no_exact_core_match,,tpa-be7cb54688867b,BLDLP26009401,false
acc-ffcc7e8ea7b1efd53b98,BLDLP-26-009402,Building,appended_new_activity,no_exact_core_match,,tpa-98161fe95c78ac,BLDLP26009402,false
acc-e5a211c7876dd5230547,BLDLP-26-009403,Building,appended_new_activity,no_exact_core_match,,tpa-0d688dcd40a18a,BLDLP26009403,false
acc-3bd689e2b4f307a9a7c0,BLDLP-26-009404,Building,appended_new_activity,no_exact_core_match,,tpa-28e1b7a866eddb,BLDLP26009404,false
acc-0b2e5f77ee11a5d318ab,BLDLP-26-009405,Building,appended_new_activity,no_exact_core_match,,tpa-202fda7f3c3145,BLDLP26009405,false
acc-0807a610b416c1f6bc5b,BLDLP-26-009406,Building,appended_new_activity,no_exact_core_match,,tpa-ae8cb9a10d38b4,BLDLP26009406,false
acc-016d272de0391558afb5,BOP-27-0000002,Planning,appended_new_activity,no_exact_core_match,,tpa-7763c5b41814dc,BOP270000002,false
acc-26d88175f225febaf852,BOP-27-0000003,Planning,appended_new_activity,no_exact_core_match,,tpa-bf2efc939311d4,BOP270000003,false
acc-13a6cfcdeff7ac8b1eea,BOP-27-0000004,Planning,appended_new_activity,no_exact_core_match,,tpa-3be3cf89578572,BOP270000004,false
acc-5c8ed39a4d6412d137f1,BOP-27-0000005,Planning,appended_new_activity,no_exact_core_match,,tpa-f27e626460854c,BOP270000005,false
acc-45f9099a3706fb15d27e,BOP-27-0000006,Planning,appended_new_activity,no_exact_core_match,,tpa-ac3cc38e29eb2f,BOP270000006,false
acc-38c917841125fe53550c,BOP-27-0000007,Planning,appended_new_activity,no_exact_core_match,,tpa-3265d3edd406ad,BOP270000007,false
acc-f026d1e753fee6f75071,BOP-27-0000008,Planning,appended_new_activity,no_exact_core_match,,tpa-eca412c5069d96,BOP270000008,false
acc-8026d1096ba27fbd0015,BOP-27-0000009,Planning,appended_new_activity,no_exact_core_match,,tpa-171fa46c8600d5,BOP270000009,false
acc-61b16730792e0edb6eea,BOP-27-0000010,Planning,appended_new_activity,no_exact_core_match,,tpa-1245b49efaf2cf,BOP270000010,false
acc-d216bb9f5d224649cd9a,BOP-27-0000011,Planning,appended_new_activity,no_exact_core_match,,tpa-7d2d42d640aff9,BOP270000011,false
acc-0c9a21dbcd086078e032,BOP-27-0000012,Planning,appended_new_activity,no_exact_core_match,,tpa-55ad67c7f1882e,BOP270000012,false
acc-d0fda195ce0ade2f8a6e,BOP-27-0000013,Planning,appended_new_activity,no_exact_core_match,,tpa-4f3cd85e3d1c1d,BOP270000013,false
acc-5d95cca79f1e2217cc91,BTR-26-0629988,Building,appended_new_activity,no_exact_core_match,,tpa-991af6ac5a240b,BTR260629988,false
acc-9621614a34112a921009,BTR-26-0629989,Building,appended_new_activity,no_exact_core_match,,tpa-e23324fc04b693,BTR260629989,false
acc-275c4ee03be6ffd64be0,BTR-26-0629990,Building,appended_new_activity,no_exact_core_match,,tpa-de4dddb6a462c9,BTR260629990,false
acc-0e42a614ee3b6d5d7bb0,BTR-26-0629991,Building,appended_new_activity,no_exact_core_match,,tpa-a0ba89d5552a93,BTR260629991,false
acc-aca5a90dcf5062cb921c,BTR-26-0629992,Building,appended_new_activity,no_exact_core_match,,tpa-994636b5d8b3ee,BTR260629992,false
acc-a65dc877436943339314,BTR-26-0629993,Building,appended_new_activity,no_exact_core_match,,tpa-f6f727423fd2ea,BTR260629993,false
acc-eddcfb0b9fabb0983a7a,BTR-26-0629994,Building,appended_new_activity,no_exact_core_match,,tpa-8c233714b31a5f,BTR260629994,false
acc-4f85fcb6335156b7f627,BTR-26-0629995,Building,appended_new_activity,no_exact_core_match,,tpa-d80e15468b2f1f,BTR260629995,false
acc-eb35184445ecb887a0ad,BTR-26-0629996,Building,appended_new_activity,no_exact_core_match,,tpa-4453c268542f8d,BTR260629996,false
acc-fd68c4587ebe6dae6aab,BTR-26-0629997,Building,appended_new_activity,no_exact_core_match,,tpa-e3543cfe92d496,BTR260629997,false
acc-851af2df3732b0f2d3a8,BTR-26-0629998,Building,appended_new_activity,no_exact_core_match,,tpa-9e5c2b2e12ba59,BTR260629998,false
acc-ec8015813e18157bf8d0,BTR-26-0629999,Building,appended_new_activity,no_exact_core_match,,tpa-04686213816795,BTR260629999,false
acc-6af237de03ef82f9297c,BTR-26-0630000,Building,appended_new_activity,no_exact_core_match,,tpa-3669a22cf0a9a6,BTR260630000,false
acc-b9cfb273a6dc1aeea22f,BTR-26-0630001,Building,appended_new_activity,no_exact_core_match,,tpa-9a18b861df508f,BTR260630001,false
acc-912c8140bb1575e2c010,BTR-26-0630002,Building,appended_new_activity,no_exact_core_match,,tpa-b5c92ba4fb75a1,BTR260630002,false
acc-09624923f76b046ef17a,BTR-26-0630003,Building,appended_new_activity,no_exact_core_match,,tpa-711ae166c96e7d,BTR260630003,false
acc-f8980ca8d1c8bc934e58,BTR-26-0630004,Building,appended_new_activity,no_exact_core_match,,tpa-57e18bd0f5f189,BTR260630004,false
acc-ad9bf6ebd7f3b5cf005f,BTR-26-0630005,Building,appended_new_activity,no_exact_core_match,,tpa-3fb8a942152ace,BTR260630005,false
acc-db5b89170bb5d68816b5,BTR-26-0630006,Building,appended_new_activity,no_exact_core_match,,tpa-4b81b11b006e10,BTR260630006,false
acc-a93ad725f799c4254177,BTR-26-0630007,Building,appended_new_activity,no_exact_core_match,,tpa-bba0ebafab2464,BTR260630007,false
acc-35b186b6ef1cac3cdef9,BTR-26-0630008,Building,appended_new_activity,no_exact_core_match,,tpa-81fe9c250af7ec,BTR260630008,false
acc-6e697301f8a5f8361a0a,BTR-26-0630009,Building,appended_new_activity,no_exact_core_match,,tpa-eda871fe2e7426,BTR260630009,false
acc-0797fdf18051bf693ec3,BTR-26-0630010,Building,appended_new_activity,no_exact_core_match,,tpa-b784d83a88f141,BTR260630010,false
acc-79dc8580c197b29cbb69,BTR-26-0630011,Building,appended_new_activity,no_exact_core_match,,tpa-54e2debf4c0d52,BTR260630011,false
acc-81c986862e7518bbccd3,BTR-26-0630012,Building,appended_new_activity,no_exact_core_match,,tpa-a0aaedec37e560,BTR260630012,false
acc-7f8f59ad962e78300075,BTR-26-0630013,Building,appended_new_activity,no_exact_core_match,,tpa-03dd2959296008,BTR260630013,false
acc-236623c62fd0682a5174,BTR-26-0630014,Building,appended_new_activity,no_exact_core_match,,tpa-a07e1d7a464bd8,BTR260630014,false
acc-d3f4398c2db0167a935c,BTR-26-0630015,Building,appended_new_activity,no_exact_core_match,,tpa-16d8f3dbc7a53f,BTR260630015,false
acc-a2a009ece6d9f520fd63,BTR-26-0630016,Building,appended_new_activity,no_exact_core_match,,tpa-68ca98cb486019,BTR260630016,false
acc-e1d97dc32bc6bc0501e4,BTR-26-0630017,Building,appended_new_activity,no_exact_core_match,,tpa-6b2e6f1a64f894,BTR260630017,false
acc-168b1d329359ef2889d2,BTR-26-0630018,Building,appended_new_activity,no_exact_core_match,,tpa-46c8ef2ac04e33,BTR260630018,false
acc-474911ee78acc405fc2f,BTR-26-0630019,Building,appended_new_activity,no_exact_core_match,,tpa-6563220b856b38,BTR260630019,false
acc-e4618d7db04763727673,BTR-26-0630020,Building,appended_new_activity,no_exact_core_match,,tpa-2af0ef74958ec2,BTR260630020,false
acc-7526fe5463e85dbd10c1,BTR-26-0630021,Building,appended_new_activity,no_exact_core_match,,tpa-a818b19cc7c164,BTR260630021,false
acc-c7691da64815e35b49e2,BTR-26-0630022,Building,appended_new_activity,no_exact_core_match,,tpa-be0164d7fc4d42,BTR260630022,false
acc-34d79c70049d59ab2873,BTR-26-0630023,Building,appended_new_activity,no_exact_core_match,,tpa-051a085d25328c,BTR260630023,false
acc-272dacec68a4aff94efc,BTR-26-0630024,Building,appended_new_activity,no_exact_core_match,,tpa-3ee8404f6b6bb8,BTR260630024,false
acc-514befbd886f3a65f44c,BTR-26-0630025,Building,appended_new_activity,no_exact_core_match,,tpa-967b85ab2c7bb8,BTR260630025,false
acc-3bc16f2d7c06f3b6a4ae,BTR-26-0630026,Building,appended_new_activity,no_exact_core_match,,tpa-1f3c1e0ae425db,BTR260630026,false
acc-48c36c6857134f701aa8,BTR-26-0630027,Building,appended_new_activity,no_exact_core_match,,tpa-0548d23a528c2b,BTR260630027,false
acc-d45afd574e8efafcecfa,BTR-26-0630028,Building,appended_new_activity,no_exact_core_match,,tpa-2c9415f591651d,BTR260630028,false
acc-6a05a327f9a8b4017a79,BTR-26-0630029,Building,appended_new_activity,no_exact_core_match,,tpa-cf192f4d2ced78,BTR260630029,false
acc-e367e3cb727ddde8bb85,BTR-26-0630030,Building,appended_new_activity,no_exact_core_match,,tpa-49c21b089b681c,BTR260630030,false
acc-c2244a79b3e9235e62b7,BTR-26-0630031,Building,appended_new_activity,no_exact_core_match,,tpa-96e480b32e5aac,BTR260630031,false
acc-09cabe1e4262bb23fc85,BTR-26-0630032,Building,appended_new_activity,no_exact_core_match,,tpa-e49e8e9c16851b,BTR260630032,false
acc-f4644d406364cfa7a42f,BTR-26-0630033,Building,appended_new_activity,no_exact_core_match,,tpa-2bce150fc1e79e,BTR260630033,false
acc-1944edd1e75a13fac529,BTR-26-0630034,Building,appended_new_activity,no_exact_core_match,,tpa-a66874d5c459a8,BTR260630034,false
acc-cfe461c36301cfc322b2,BTR-26-0630035,Building,appended_new_activity,no_exact_core_match,,tpa-81c05b97b2daba,BTR260630035,false
acc-78b75815743b5a65ea26,BTR-26-0630036,Building,appended_new_activity,no_exact_core_match,,tpa-ddecb7928efe8f,BTR260630036,false
acc-1070c07ab07e0be1bc58,BTR-26-0630037,Building,appended_new_activity,no_exact_core_match,,tpa-f8e69f8de52752,BTR260630037,false
acc-5c2144125caeef7782db,BTR-26-0630038,Building,appended_new_activity,no_exact_core_match,,tpa-4a0e01c0c1f6e3,BTR260630038,false
acc-0fa3b67bd785cf9ef00e,BTR-26-0630039,Building,appended_new_activity,no_exact_core_match,,tpa-6025e6054373ab,BTR260630039,false
acc-6480439b55e6b5404be8,BTR-26-0630040,Building,appended_new_activity,no_exact_core_match,,tpa-c252a36bc1f726,BTR260630040,false
acc-87a26dcfff34f8d6366d,BTR-26-0630041,Building,appended_new_activity,no_exact_core_match,,tpa-b1fd824d7b8d60,BTR260630041,false
acc-f0b0f4f97fc5640d5f1a,BTR-26-0630042,Building,appended_new_activity,no_exact_core_match,,tpa-93ae4eee76ff1d,BTR260630042,false
acc-5206fcf46497e71a2e51,BTR-26-0630043,Building,appended_new_activity,no_exact_core_match,,tpa-6e05ca2682fb0c,BTR260630043,false
acc-ae0ca94991dede8b092d,BTR-26-0630044,Building,appended_new_activity,no_exact_core_match,,tpa-e8355577cf8f1f,BTR260630044,false
acc-0f605271853419847ec8,BTR-26-0630045,Building,appended_new_activity,no_exact_core_match,,tpa-987a1cb2c0f5ac,BTR260630045,false
acc-d2868c4577bef95d395b,BTR-26-0630046,Building,appended_new_activity,no_exact_core_match,,tpa-7f89b8fc07c205,BTR260630046,false
acc-b5ec012b92330cb7e1d3,BTR-26-0630047,Building,appended_new_activity,no_exact_core_match,,tpa-f093b753d2a306,BTR260630047,false
acc-6080c97905da38f05965,BTR-26-0630048,Building,appended_new_activity,no_exact_core_match,,tpa-1b5114dd636385,BTR260630048,false
acc-05c5c5e65473a49b9894,BTR-26-0630049,Building,appended_new_activity,no_exact_core_match,,tpa-57495da0758a99,BTR260630049,false
acc-f5dcad2ffaa78cf7c9cd,BTR-26-0630050,Building,appended_new_activity,no_exact_core_match,,tpa-ccaa547535d745,BTR260630050,false
acc-15b47e338dad84ccf2aa,BTR-26-0630051,Building,appended_new_activity,no_exact_core_match,,tpa-af2ec3b574047a,BTR260630051,false
acc-1ca73296c4820ee69146,BTR-26-0630053,Building,appended_new_activity,no_exact_core_match,,tpa-ec6cd03252e3e4,BTR260630053,false
acc-ed850469444cf5832914,BTR-26-0630054,Building,appended_new_activity,no_exact_core_match,,tpa-b7f8dfc4867bf2,BTR260630054,false
acc-c05936ccb7a1d7cdb6c1,BTR-26-0630055,Building,appended_new_activity,no_exact_core_match,,tpa-d477935fd8b63b,BTR260630055,false
acc-fe1cdad6a47211254df6,BTR-26-0630056,Building,appended_new_activity,no_exact_core_match,,tpa-db1b815d540d31,BTR260630056,false
acc-e374e854055e265669fa,BTR-26-0630057,Building,appended_new_activity,no_exact_core_match,,tpa-f56b2745f98eae,BTR260630057,false
acc-99ed5733c18c7bb503db,BTR-26-0630058,Building,appended_new_activity,no_exact_core_match,,tpa-86b43aa2770a1d,BTR260630058,false
acc-462bc4ff5d6eb12dbf7b,BTR-26-0630059,Building,appended_new_activity,no_exact_core_match,,tpa-b14ae6742ba582,BTR260630059,false
acc-d34f8a259c1340f272f0,BTR-26-0630060,Building,appended_new_activity,no_exact_core_match,,tpa-d9d5d7cda15685,BTR260630060,false
acc-f9a51edf51aa501b2ef2,BTR-26-0630061,Building,appended_new_activity,no_exact_core_match,,tpa-1fd6dbf0896d69,BTR260630061,false
acc-dce21fec40499a4dfbe7,BTR-26-0630062,Building,appended_new_activity,no_exact_core_match,,tpa-71db3d594a5caf,BTR260630062,false
acc-7d529d41e42240f58c23,BTR-26-0630063,Building,appended_new_activity,no_exact_core_match,,tpa-edf2debcaa7105,BTR260630063,false
acc-350702adb932c4ec9140,BTR-26-0630064,Building,appended_new_activity,no_exact_core_match,,tpa-0c8b5f0419b982,BTR260630064,false
acc-4bd9eeeffe808aab501d,BTR-26-0630065,Building,appended_new_activity,no_exact_core_match,,tpa-b85d08bd0e44d2,BTR260630065,false
acc-69b55139718f2e1a94a4,BTR-26-0630066,Building,appended_new_activity,no_exact_core_match,,tpa-54451d8e5754dc,BTR260630066,false
acc-10a83bfceca695aeac9a,BTR-26-0630067,Building,appended_new_activity,no_exact_core_match,,tpa-5764d1a7622e49,BTR260630067,false
acc-f6dae7803f1a6f317820,BTR-26-0630068,Building,appended_new_activity,no_exact_core_match,,tpa-fe91424e379de7,BTR260630068,false
acc-0d9b256f67b028f60727,BTR-26-0630069,Building,appended_new_activity,no_exact_core_match,,tpa-b763ec5b3ff29a,BTR260630069,false
acc-e698feba933009cff3ed,BTR-26-0630070,Building,appended_new_activity,no_exact_core_match,,tpa-18114561d64e10,BTR260630070,false
acc-aa50eb3d77c257a9c4e7,BTR-26-0630071,Building,appended_new_activity,no_exact_core_match,,tpa-6915547cfbe0a9,BTR260630071,false
acc-c3ab6c02b67a0758be01,BTR-26-0630072,Building,appended_new_activity,no_exact_core_match,,tpa-7bf1bb7f6ec0b1,BTR260630072,false
acc-7bf80039900ea921d6b5,BTR-26-0630073,Building,appended_new_activity,no_exact_core_match,,tpa-2a6a43b7da97a2,BTR260630073,false
acc-bbf57fc244ae07d29507,BTR-26-0630074,Building,appended_new_activity,no_exact_core_match,,tpa-620f420c00c58d,BTR260630074,false
acc-11e5f184e634b5791d2f,BTR-26-0630075,Building,appended_new_activity,no_exact_core_match,,tpa-9315c2e372c493,BTR260630075,false
acc-b55c48dad47963b694f9,BTR-26-0630076,Building,appended_new_activity,no_exact_core_match,,tpa-338e14ef704023,BTR260630076,false
acc-d96957e59f0952afcc85,BTR-26-0630077,Building,appended_new_activity,no_exact_core_match,,tpa-93598c2d71e860,BTR260630077,false
acc-203349fa0767ecdc488f,BTR-26-0630078,Building,appended_new_activity,no_exact_core_match,,tpa-36b369159379ad,BTR260630078,false
acc-7605e23f69ab4a1f7984,BTR-26-0630079,Building,appended_new_activity,no_exact_core_match,,tpa-3e0e4de055527f,BTR260630079,false
acc-ce25048cff4e4b68c423,BTR-26-0630080,Building,appended_new_activity,no_exact_core_match,,tpa-15ad06f031f372,BTR260630080,false
acc-1535ea67fcff6aba6bdc,BTR-26-0630081,Building,appended_new_activity,no_exact_core_match,,tpa-8d41762b2d0bd3,BTR260630081,false
acc-b40cdc6f6f61a08ff0fc,BTR-26-0630082,Building,appended_new_activity,no_exact_core_match,,tpa-796d953c1dfa2d,BTR260630082,false
acc-5a5e360e8e99eec0450d,BTR-26-0630083,Building,appended_new_activity,no_exact_core_match,,tpa-c60a4b96309ba5,BTR260630083,false
acc-6575f13ab2494b5b8279,BTR-26-0630084,Building,appended_new_activity,no_exact_core_match,,tpa-fe5bd39c68496e,BTR260630084,false
acc-82fd2dca09be99599ce1,BTR-26-0630085,Building,appended_new_activity,no_exact_core_match,,tpa-26510dd6035cbb,BTR260630085,false
acc-1584c388728efc214325,BTR-26-0630086,Building,appended_new_activity,no_exact_core_match,,tpa-f3eb7b7d85c779,BTR260630086,false
acc-f2accca5f5cb712e1a98,BTR-26-0630087,Building,appended_new_activity,no_exact_core_match,,tpa-d0f9bc02af5174,BTR260630087,false
acc-c17c928282b825f5195f,BTR-26-0630088,Building,appended_new_activity,no_exact_core_match,,tpa-b8cefdd4a4e077,BTR260630088,false
acc-b49d7a452026ca7e1d87,BTR-26-0630089,Building,appended_new_activity,no_exact_core_match,,tpa-45fb57d8be666c,BTR260630089,false
acc-d693042115d6e9ea242a,BTR-26-0630090,Building,appended_new_activity,no_exact_core_match,,tpa-22ddbc779411ae,BTR260630090,false
acc-f70883defff95fbd7df2,BTR-26-0630091,Building,appended_new_activity,no_exact_core_match,,tpa-0939ea47081242,BTR260630091,false
acc-423c6d89fde2b75f52af,BTR-26-0630092,Building,appended_new_activity,no_exact_core_match,,tpa-ed7abe57c8c3a0,BTR260630092,false
acc-ccfda48f526d4c2d816f,BTR-26-0630093,Building,appended_new_activity,no_exact_core_match,,tpa-7c6e36c4be163b,BTR260630093,false
acc-a711796eb8beaa752a06,BTR-26-0630094,Building,appended_new_activity,no_exact_core_match,,tpa-1d1638d7c96f73,BTR260630094,false
acc-c4b2451877ee1b821dda,BTR-26-0630095,Building,appended_new_activity,no_exact_core_match,,tpa-57913cd5b91732,BTR260630095,false
acc-a7a5f5206996da976db7,BTR-26-0630096,Building,appended_new_activity,no_exact_core_match,,tpa-d2105a807f1c8d,BTR260630096,false
acc-7d0e62600133a984b130,BTR-26-0630097,Building,appended_new_activity,no_exact_core_match,,tpa-02e0e40ff9bb3f,BTR260630097,false
acc-6eaae81c4538dc8c0f81,BTR-26-0630098,Building,appended_new_activity,no_exact_core_match,,tpa-adeaa66c89e7d4,BTR260630098,false
acc-0436d054fcd3b310da82,BTR-26-0630099,Building,appended_new_activity,no_exact_core_match,,tpa-da5b49e85e483d,BTR260630099,false
acc-73acd0176166641ef686,BTR-26-0630100,Building,appended_new_activity,no_exact_core_match,,tpa-e28bdceb27c806,BTR260630100,false
acc-a2eb94b2513789282cbf,BTR-26-0630101,Building,appended_new_activity,no_exact_core_match,,tpa-1bae470bf2fd1a,BTR260630101,false
acc-89b1158740aa91c7dcfd,BTR-26-0630102,Building,appended_new_activity,no_exact_core_match,,tpa-2d67305b3693eb,BTR260630102,false
acc-7a91f339b96a81792067,BTR-26-0630103,Building,appended_new_activity,no_exact_core_match,,tpa-752ce15bf4ec2c,BTR260630103,false
acc-bb4608939dba17de500d,BTR-26-0630104,Building,appended_new_activity,no_exact_core_match,,tpa-d61f58d51cfb6e,BTR260630104,false
acc-5eca5c594297a284ad5b,BTR-26-0630105,Building,appended_new_activity,no_exact_core_match,,tpa-2309ccbdec69a5,BTR260630105,false
acc-43636cf02b45d0f19ff7,BTR-26-0630106,Building,appended_new_activity,no_exact_core_match,,tpa-0bcc733b4502ae,BTR260630106,false
acc-8eae2da2e8a92c418539,BTR-26-0630107,Building,appended_new_activity,no_exact_core_match,,tpa-5e6bf08a1308c4,BTR260630107,false
acc-3405cd10a7bbcf7d3d00,BTR-26-0630108,Building,appended_new_activity,no_exact_core_match,,tpa-d4ae6a7bf31af3,BTR260630108,false
acc-28e3bb1881f69a1c02b0,BTR-26-0630109,Building,appended_new_activity,no_exact_core_match,,tpa-65cdbfaa2cdcf9,BTR260630109,false
acc-b95cb6967da907e68419,BTR-26-0630110,Building,appended_new_activity,no_exact_core_match,,tpa-eeaa0e97e550d4,BTR260630110,false
acc-b83b83ca96e711ebf1a0,BTR-26-0630111,Building,appended_new_activity,no_exact_core_match,,tpa-465024130e552e,BTR260630111,false
acc-6caeadc4c78b14c255c5,BTR-26-0630112,Building,appended_new_activity,no_exact_core_match,,tpa-6dd49e5341105c,BTR260630112,false
acc-b4061b70b0e8cdb29a10,BTR-26-0630113,Building,appended_new_activity,no_exact_core_match,,tpa-20962cf3173bd6,BTR260630113,false
acc-bd089b5d221dd9ff153a,BTR-26-0630114,Building,appended_new_activity,no_exact_core_match,,tpa-520fa228f9acc5,BTR260630114,false
acc-b02ef04cde7dcfae2b46,BTR-26-0630115,Building,appended_new_activity,no_exact_core_match,,tpa-1372abe0bea6ad,BTR260630115,false
acc-f7e8837ce1d7d07a0d4b,BTR-26-0630116,Building,appended_new_activity,no_exact_core_match,,tpa-46371bdd64b332,BTR260630116,false
acc-bfbd845187000ab04265,BTR-26-0630117,Building,appended_new_activity,no_exact_core_match,,tpa-a54cbc8f0951a4,BTR260630117,false
acc-23c6d4fe32c8459c97d8,BTR-26-0630118,Building,appended_new_activity,no_exact_core_match,,tpa-fae47a738407f8,BTR260630118,false
acc-34448e59d03515884cd6,BTR-26-0630119,Building,appended_new_activity,no_exact_core_match,,tpa-74c0fdf42f5e1c,BTR260630119,false
acc-5fa6b40af5753318a78e,BTR-26-0630120,Building,appended_new_activity,no_exact_core_match,,tpa-5e2ef3ab3600d5,BTR260630120,false
acc-9fd23f0d51d1cd4428a4,BTR-26-0630121,Building,appended_new_activity,no_exact_core_match,,tpa-3e887c19955f96,BTR260630121,false
acc-ea16acad83d101256d6c,BTR-26-0630122,Building,appended_new_activity,no_exact_core_match,,tpa-36d538f6f1098d,BTR260630122,false
acc-f1a70ccb17dc5aaa2ba2,BTR-26-0630123,Building,appended_new_activity,no_exact_core_match,,tpa-d7e08d08de1ede,BTR260630123,false
acc-897ffcc5202c530aa455,BTR-26-0630124,Building,appended_new_activity,no_exact_core_match,,tpa-c0c8e41812aba3,BTR260630124,false
acc-3ac968d3debb969cd419,BTR-26-0630125,Building,appended_new_activity,no_exact_core_match,,tpa-f822d428cd27b2,BTR260630125,false
acc-5457bbe854b34eb511b5,BTR-26-0630126,Building,appended_new_activity,no_exact_core_match,,tpa-0163facde20767,BTR260630126,false
acc-9f4c04b7ab85792fb2f6,BTR-26-0630127,Building,appended_new_activity,no_exact_core_match,,tpa-6e364cc6d832ba,BTR260630127,false
acc-05c0b20787929f5c1061,BTR-26-0630128,Building,appended_new_activity,no_exact_core_match,,tpa-155d4771fbc5f9,BTR260630128,false
acc-74d55566f4fc5dce2c60,BTR-26-0630129,Building,appended_new_activity,no_exact_core_match,,tpa-4627a049fd2d14,BTR260630129,false
acc-e2526164469055501c42,BTR-26-0630130,Building,appended_new_activity,no_exact_core_match,,tpa-2d008d3185a7bc,BTR260630130,false
acc-fb1963bed30f5bb6d0b8,BTR-26-0630131,Building,appended_new_activity,no_exact_core_match,,tpa-5adebcaf3e702a,BTR260630131,false
acc-96f04cb62e72b65a9fef,BTR-26-0630132,Building,appended_new_activity,no_exact_core_match,,tpa-a9fde258ac1857,BTR260630132,false
acc-2d81ae03368fa1e32832,BTR-26-0630133,Building,appended_new_activity,no_exact_core_match,,tpa-d5c9e9b3ab395f,BTR260630133,false
acc-4ec3ba6bcecd67bfb406,BTR-26-0630134,Building,appended_new_activity,no_exact_core_match,,tpa-6b477e798b35b4,BTR260630134,false
acc-736cb2040aa161a9769b,BTR-26-0630135,Building,appended_new_activity,no_exact_core_match,,tpa-7e674e66e7e79e,BTR260630135,false
acc-2dd548864e37e952024f,BTR-26-0630136,Building,appended_new_activity,no_exact_core_match,,tpa-fce277171b259e,BTR260630136,false
acc-78f2efbc080f6a7ac1f0,BTR-26-0630137,Building,appended_new_activity,no_exact_core_match,,tpa-331e05de7666b4,BTR260630137,false
acc-accb413d0c20d2129d10,BTR-26-0630138,Building,appended_new_activity,no_exact_core_match,,tpa-01b327b3cfd98c,BTR260630138,false
acc-3eb08dbdae901edd98b8,BTR-26-0630139,Building,appended_new_activity,no_exact_core_match,,tpa-a0e73bb054acef,BTR260630139,false
acc-a9ab25765dd64c65f152,BTR-26-0630140,Building,appended_new_activity,no_exact_core_match,,tpa-13cfd05ca7365a,BTR260630140,false
acc-9f6699aa2dd6b721d00e,BTR-26-0630141,Building,appended_new_activity,no_exact_core_match,,tpa-e01fa56900def1,BTR260630141,false
acc-4484cfc9d6b624514df9,BTR-26-0630142,Building,appended_new_activity,no_exact_core_match,,tpa-5e3a75cc0f2980,BTR260630142,false
acc-3d8527e4cf7be4677958,BTR-26-0630143,Building,appended_new_activity,no_exact_core_match,,tpa-313f5cd62d4781,BTR260630143,false
acc-835197f75313cf96b282,BTR-26-0630144,Building,appended_new_activity,no_exact_core_match,,tpa-e5a1930f9ea999,BTR260630144,false
acc-2023a6914d2c20f2bcc4,BTR-26-0630145,Building,appended_new_activity,no_exact_core_match,,tpa-48156ec67bda25,BTR260630145,false
acc-85c5a42614e9a8805823,BTR-26-0630146,Building,appended_new_activity,no_exact_core_match,,tpa-bd9d8f357964da,BTR260630146,false
acc-ec17710acf5799a6532c,BTR-26-0630147,Building,appended_new_activity,no_exact_core_match,,tpa-13db923336a955,BTR260630147,false
acc-77f458ee9689a9a38710,BTR-26-0630148,Building,appended_new_activity,no_exact_core_match,,tpa-5652af189d8277,BTR260630148,false
acc-d9373557f11bf82508d7,BTR-26-0630149,Building,appended_new_activity,no_exact_core_match,,tpa-2ab085cd5244bb,BTR260630149,false
acc-bf20c8df2b7f7682f1ee,BTR-26-0630150,Building,appended_new_activity,no_exact_core_match,,tpa-9c0f81fbaccaf6,BTR260630150,false
acc-0d0879cd320f0031d564,BTR-26-0630151,Building,appended_new_activity,no_exact_core_match,,tpa-27bcd999078e58,BTR260630151,false
acc-507129f44131ccc1f821,BTR-26-0630152,Building,appended_new_activity,no_exact_core_match,,tpa-31c4fb84a27efb,BTR260630152,false
acc-743b04345ee6c6e90f20,BTR-26-0630153,Building,appended_new_activity,no_exact_core_match,,tpa-1a8e2b6ed7a753,BTR260630153,false
acc-eb8c5b4005ba90bed363,BTR-26-0630154,Building,appended_new_activity,no_exact_core_match,,tpa-bc6fc4b3c1a3ed,BTR260630154,false
acc-bf2a6f086ac5fae99eb7,BTR-26-0630155,Building,appended_new_activity,no_exact_core_match,,tpa-c0d1aed49557a4,BTR260630155,false
acc-3512baacd4f30d5e7c97,BTR-26-0630156,Building,appended_new_activity,no_exact_core_match,,tpa-b5cf9b322517a2,BTR260630156,false
acc-2c2bd89600839d413f29,BTR-26-0630157,Building,appended_new_activity,no_exact_core_match,,tpa-9b0573aa8e6990,BTR260630157,false
acc-0853f3e0f174938886be,BTR-26-0630158,Building,appended_new_activity,no_exact_core_match,,tpa-4f2fad2dea6e0f,BTR260630158,false
acc-d28f38033450409d87b3,BTR-26-0630159,Building,appended_new_activity,no_exact_core_match,,tpa-ce7d0a2e013501,BTR260630159,false
acc-4cf7d4c144a98de49e42,BTR-26-0630160,Building,appended_new_activity,no_exact_core_match,,tpa-ee895a6c5439d0,BTR260630160,false
acc-5de2da571f7892b12588,BTR-26-0630161,Building,appended_new_activity,no_exact_core_match,,tpa-6ff83fcb11b3be,BTR260630161,false
acc-b820adc3ba924c95f54f,BTR-26-0630162,Building,appended_new_activity,no_exact_core_match,,tpa-a630f0ceca2cf3,BTR260630162,false
acc-a6dc7094fbcefc62e169,BTR-26-0630163,Building,appended_new_activity,no_exact_core_match,,tpa-ea6fd85050dd0c,BTR260630163,false
acc-c150b0e3d68c4372c290,BTR-26-0630164,Building,appended_new_activity,no_exact_core_match,,tpa-9e979d3d7243ba,BTR260630164,false
acc-69a3b7b50822fa929d7c,BTR-26-0630165,Building,appended_new_activity,no_exact_core_match,,tpa-ffa9fb2cf47dc1,BTR260630165,false
acc-e37ed5cb66cc7da07a6e,BTR-26-0630166,Building,appended_new_activity,no_exact_core_match,,tpa-8da04fde50259a,BTR260630166,false
acc-a30f5ec791c1aae1187c,BTR-26-0630167,Building,appended_new_activity,no_exact_core_match,,tpa-61a9bc962ce8b1,BTR260630167,false
acc-070b737aac695d78de47,BTR-26-0630168,Building,appended_new_activity,no_exact_core_match,,tpa-e88eb3db0ab722,BTR260630168,false
acc-da6fc7ab4a10dfc605e5,BTR-26-0630169,Building,appended_new_activity,no_exact_core_match,,tpa-e93654ee50c24c,BTR260630169,false
acc-e0e616cc0f08d1c65759,BTR-26-0630170,Building,appended_new_activity,no_exact_core_match,,tpa-c8167abde2214e,BTR260630170,false
acc-9b930f34c80a4f986b32,BTR-26-0630171,Building,appended_new_activity,no_exact_core_match,,tpa-16e58907c7c5cf,BTR260630171,false
acc-07b388a53979b00f5078,BTR-26-0630172,Building,appended_new_activity,no_exact_core_match,,tpa-77f0c0e53a4413,BTR260630172,false
acc-6d47c96fbd5209041667,BTR-26-0630173,Building,appended_new_activity,no_exact_core_match,,tpa-293d0fce50acab,BTR260630173,false
acc-e12d72d81e9216f8530b,BTR-26-0630174,Building,appended_new_activity,no_exact_core_match,,tpa-2e3c93bd7612f1,BTR260630174,false
acc-adbdcfb3d56529585b34,BTR-26-0630175,Building,appended_new_activity,no_exact_core_match,,tpa-1d443ac2e769c0,BTR260630175,false
acc-ada081798c05f3d80e2f,BTR-26-0630176,Building,appended_new_activity,no_exact_core_match,,tpa-e8dc090e8ae586,BTR260630176,false
acc-436ae8983678295b4855,BTR-26-0630177,Building,appended_new_activity,no_exact_core_match,,tpa-f79ed89675d571,BTR260630177,false
acc-d128382961c455fc4592,BTR-26-0630178,Building,appended_new_activity,no_exact_core_match,,tpa-38d30950b31e7c,BTR260630178,false
acc-c6938e896a4ab9613e96,BTR-26-0630179,Building,appended_new_activity,no_exact_core_match,,tpa-29d842b06a6c9f,BTR260630179,false
acc-a7686a6908061b6f4c8e,BTR-26-0630180,Building,appended_new_activity,no_exact_core_match,,tpa-8d2bf355bced3c,BTR260630180,false
acc-7be42b6914ad21442f98,BTR-26-0630181,Building,appended_new_activity,no_exact_core_match,,tpa-7716db80941986,BTR260630181,false
acc-4c602c0593247721ea76,BTR-26-0630182,Building,appended_new_activity,no_exact_core_match,,tpa-49c09e676ab97a,BTR260630182,false
acc-1e78e333e80c56c0dc3e,BTR-26-0630183,Building,appended_new_activity,no_exact_core_match,,tpa-0655b1825c04a1,BTR260630183,false
acc-b173095e272dceac5d97,BTR-26-0630184,Building,appended_new_activity,no_exact_core_match,,tpa-c83bd346b5cb12,BTR260630184,false
acc-15a2fb38054d330cbd29,BTR-26-0630185,Building,appended_new_activity,no_exact_core_match,,tpa-a522c07ceeaef9,BTR260630185,false
acc-093a336acfc31de4c58d,BTR-26-0630186,Building,appended_new_activity,no_exact_core_match,,tpa-d1f402669f42d0,BTR260630186,false
acc-c49ccce39265e4793e3a,BTR-26-0630187,Building,appended_new_activity,no_exact_core_match,,tpa-70ff8d30e4d92d,BTR260630187,false
acc-d90eb06946424797bb06,BTR-26-0630188,Building,appended_new_activity,no_exact_core_match,,tpa-0cec28120aace5,BTR260630188,false
acc-a8825a872b4f785db362,BTR-26-0630189,Building,appended_new_activity,no_exact_core_match,,tpa-1ae7de8d824713,BTR260630189,false
acc-931f9f7db0c97c9401ac,BTR-26-0630190,Building,appended_new_activity,no_exact_core_match,,tpa-67a68282e9a4c4,BTR260630190,false
acc-d2e19f088bb53b62f842,BTR-26-0630191,Building,appended_new_activity,no_exact_core_match,,tpa-f2c971346eb1b1,BTR260630191,false
acc-67c9e3faa9a77fc56837,BTR-26-0630192,Building,appended_new_activity,no_exact_core_match,,tpa-7fb4a7aa20ae6f,BTR260630192,false
acc-e314776c22ca416f52a3,BTR-26-0630193,Building,appended_new_activity,no_exact_core_match,,tpa-219a0d24b6e9db,BTR260630193,false
acc-cd4eb95dbde776d39c1c,BTR-26-0630194,Building,appended_new_activity,no_exact_core_match,,tpa-d9250c3edfdd02,BTR260630194,false
acc-e6a07d5c81e78b65feaf,BTR-26-0630195,Building,appended_new_activity,no_exact_core_match,,tpa-b3e0177a1951d6,BTR260630195,false
acc-8738df2ae9e8d5e32dc7,BTR-26-0630196,Building,appended_new_activity,no_exact_core_match,,tpa-6940d0bc1efd99,BTR260630196,false
acc-5c1ecd2b446b1242da61,BTR-26-0630197,Building,appended_new_activity,no_exact_core_match,,tpa-680bba935b7357,BTR260630197,false
acc-6329715e0035aab9f681,BTR-26-0630198,Building,appended_new_activity,no_exact_core_match,,tpa-57bd89077aac7b,BTR260630198,false
acc-e35971a54ed88cdef846,BTR-26-0630199,Building,appended_new_activity,no_exact_core_match,,tpa-3188bc1c119657,BTR260630199,false
acc-7bd4fa634ef0213d9b72,BTR-26-0630200,Building,appended_new_activity,no_exact_core_match,,tpa-2dcebd653502a9,BTR260630200,false
acc-3524b003f7b76957ff7d,BTR-26-0630201,Building,appended_new_activity,no_exact_core_match,,tpa-b18d8c9278f885,BTR260630201,false
acc-04cad1817262113faf24,BTR-26-0630202,Building,appended_new_activity,no_exact_core_match,,tpa-ba73bc9071c61c,BTR260630202,false
acc-0cb4cf9ffcaf85064926,BTR-26-0630203,Building,appended_new_activity,no_exact_core_match,,tpa-34025d43498912,BTR260630203,false
acc-6e227b10aa9dc323b1f3,BTR-26-0630204,Building,appended_new_activity,no_exact_core_match,,tpa-9fdbefa3eddc58,BTR260630204,false
acc-474e72f92f68d3911be2,BTR-26-0630205,Building,appended_new_activity,no_exact_core_match,,tpa-8f06a3c767dd2f,BTR260630205,false
acc-06019b47a97c87923212,BTR-26-0630206,Building,appended_new_activity,no_exact_core_match,,tpa-808acefdf0512a,BTR260630206,false
acc-891b7ea5d8b42913f781,BTR-26-0630207,Building,appended_new_activity,no_exact_core_match,,tpa-48d3a9975fe033,BTR260630207,false
acc-550af3b37c1f0753bf2b,BTR-26-0630208,Building,appended_new_activity,no_exact_core_match,,tpa-6f1fd15c14ca93,BTR260630208,false
acc-631b86e5787f98e2e275,BTR-26-0630209,Building,appended_new_activity,no_exact_core_match,,tpa-f3b45480b90704,BTR260630209,false
acc-b5a61089d684e9c1c517,BTR-26-0630210,Building,appended_new_activity,no_exact_core_match,,tpa-d18beadc242c6e,BTR260630210,false
acc-3fb6aea518955af3f937,BTR-26-0630211,Building,appended_new_activity,no_exact_core_match,,tpa-4b26a26cf4adf1,BTR260630211,false
acc-6e9e29be876310f68ec6,BTR-26-0630212,Building,appended_new_activity,no_exact_core_match,,tpa-0e6f75e2f11a5a,BTR260630212,false
acc-a8d448da9ce922906399,BTR-26-0630213,Building,appended_new_activity,no_exact_core_match,,tpa-21721840fee147,BTR260630213,false
acc-a7625a52fd8dec0081ef,BTR-26-0630214,Building,appended_new_activity,no_exact_core_match,,tpa-b9d49cdc1e4105,BTR260630214,false
acc-24fb809def86b4741d27,BTR-26-0630215,Building,appended_new_activity,no_exact_core_match,,tpa-a4a7954b8b43be,BTR260630215,false
acc-88f893b052add6c16a89,BTR-26-0630216,Building,appended_new_activity,no_exact_core_match,,tpa-412636f83bb572,BTR260630216,false
acc-e96a7d9b7a6417e52138,BTR-26-0630217,Building,appended_new_activity,no_exact_core_match,,tpa-aaaf7130c12cb1,BTR260630217,false
acc-589e522c8f1fbce3f5be,BTR-26-0630218,Building,appended_new_activity,no_exact_core_match,,tpa-3fb5a7970c22cf,BTR260630218,false
acc-8340279ed82ba87c3f04,BTR-26-0630219,Building,appended_new_activity,no_exact_core_match,,tpa-91dcca88852335,BTR260630219,false
acc-3baf94ffdbed69258161,BTR-26-0630220,Building,appended_new_activity,no_exact_core_match,,tpa-7810baa4ffdaac,BTR260630220,false
acc-446646b6f912166712d3,BTR-26-0630221,Building,appended_new_activity,no_exact_core_match,,tpa-fed0e97ef6f2fa,BTR260630221,false
acc-d6dfea0374d9d3660f2c,BTR-26-0630222,Building,appended_new_activity,no_exact_core_match,,tpa-fe26373fcb9d1e,BTR260630222,false
acc-aebd0e3e581f6c11cf26,BTR-26-0630223,Building,appended_new_activity,no_exact_core_match,,tpa-2ff7a86b3c2e56,BTR260630223,false
acc-466dae5801331173c957,BTR-26-0630224,Building,appended_new_activity,no_exact_core_match,,tpa-6d96927b965190,BTR260630224,false
acc-15f888bb93ec24437288,BTR-26-0630225,Building,appended_new_activity,no_exact_core_match,,tpa-b6222defdcba5f,BTR260630225,false
acc-0810ced1a9d28466b0de,BTR-26-0630226,Building,appended_new_activity,no_exact_core_match,,tpa-b17201704d811f,BTR260630226,false
acc-05dd2ba7345d6a8faedb,BTR-26-0630227,Building,appended_new_activity,no_exact_core_match,,tpa-142e02bcc633f9,BTR260630227,false
acc-d172f97b0e8c70a53523,BTR-26-0630228,Building,appended_new_activity,no_exact_core_match,,tpa-9285ba4b85de97,BTR260630228,false
acc-7945de5af600c665e38e,BTR-26-0630229,Building,appended_new_activity,no_exact_core_match,,tpa-97d44ff1664b39,BTR260630229,false
acc-148b9f642b95b105a901,BTR-26-0630230,Building,appended_new_activity,no_exact_core_match,,tpa-7142551fa3e01b,BTR260630230,false
acc-d652d117e99fcb47dc7e,BTR-26-0630231,Building,appended_new_activity,no_exact_core_match,,tpa-5ae9e1e0410d66,BTR260630231,false
acc-cb8d1cde4088776820ea,BTR-26-0630232,Building,appended_new_activity,no_exact_core_match,,tpa-d9c42ee2d2a527,BTR260630232,false
acc-83e9468a823e53412fb8,BTR-26-0630233,Building,appended_new_activity,no_exact_core_match,,tpa-b73f44fbf22c4e,BTR260630233,false
acc-d9b1d296c954c423fbe1,BTR-26-0630234,Building,appended_new_activity,no_exact_core_match,,tpa-e19dae860f9f2d,BTR260630234,false
acc-594ea4392b249a2e9e0a,BTR-26-0630235,Building,appended_new_activity,no_exact_core_match,,tpa-babec34100b5b1,BTR260630235,false
acc-8b7fa5f146f7eb3fb147,BTR-26-0630236,Building,appended_new_activity,no_exact_core_match,,tpa-469ac46f19c169,BTR260630236,false
acc-9e47aa893a7c0b802e03,BTR-26-0630237,Building,appended_new_activity,no_exact_core_match,,tpa-686dd013d07025,BTR260630237,false
acc-fa268f0791ea1ce66b34,BTR-26-0630238,Building,appended_new_activity,no_exact_core_match,,tpa-53f94c5efa2910,BTR260630238,false
acc-6015d48cb57285db7128,BTR-26-0630239,Building,appended_new_activity,no_exact_core_match,,tpa-8c6b794f8226aa,BTR260630239,false
acc-6da158a99fb227ba31a9,BTR-26-0630240,Building,appended_new_activity,no_exact_core_match,,tpa-315d4a666c674c,BTR260630240,false
acc-8ab7ed82eab40964186e,BTR-26-0630241,Building,appended_new_activity,no_exact_core_match,,tpa-28f0b1fbb98e8b,BTR260630241,false
acc-3e0606fc1dbf227a3f0e,BTR-26-0630242,Building,appended_new_activity,no_exact_core_match,,tpa-486cfac5146ea4,BTR260630242,false
acc-56cabb5cfad38e6e130f,BTR-26-0630243,Building,appended_new_activity,no_exact_core_match,,tpa-c588c4240663d4,BTR260630243,false
acc-9639229970859165d071,BTR-26-0630244,Building,appended_new_activity,no_exact_core_match,,tpa-5435f3e54a923f,BTR260630244,false
acc-753e42d3d190e887c249,BTR-26-0630245,Building,appended_new_activity,no_exact_core_match,,tpa-c850df1d0bb4f0,BTR260630245,false
acc-b5f6e83e5a20f7984bbc,BTR-26-0630246,Building,appended_new_activity,no_exact_core_match,,tpa-7f5720b974f2fa,BTR260630246,false
acc-5a1eace023fbe5b125ff,BTR-26-0630247,Building,appended_new_activity,no_exact_core_match,,tpa-c62f11b83314ce,BTR260630247,false
acc-976eb7333360d9acbe6a,BTR-26-0630248,Building,appended_new_activity,no_exact_core_match,,tpa-e47ea825f20467,BTR260630248,false
acc-c4e48ae1a6f9aade899f,BTR-26-0630249,Building,appended_new_activity,no_exact_core_match,,tpa-72459ee71825f1,BTR260630249,false
acc-6ed02434c2445a6f773b,BTR-26-0630250,Building,appended_new_activity,no_exact_core_match,,tpa-e598281e00d7d4,BTR260630250,false
acc-150739478fc90cc0a8c8,BTR-26-0630251,Building,appended_new_activity,no_exact_core_match,,tpa-5210293168cda2,BTR260630251,false
acc-20df71c768439a1a06bc,BTR-26-0630252,Building,appended_new_activity,no_exact_core_match,,tpa-83bd26c22b13ea,BTR260630252,false
acc-45672882dd0e9202a859,BTR-26-0630253,Building,appended_new_activity,no_exact_core_match,,tpa-3001e618efa8f6,BTR260630253,false
acc-a2755650aead387953cc,BTR-26-0630254,Building,appended_new_activity,no_exact_core_match,,tpa-71d2f32099c2db,BTR260630254,false
acc-f635c1e79e5d41fe9e32,BTR-26-0630255,Building,appended_new_activity,no_exact_core_match,,tpa-b4e0a430a81938,BTR260630255,false
acc-88d9fa0c9b1306c2c5df,BTR-26-0630256,Building,appended_new_activity,no_exact_core_match,,tpa-c45a4a8c2721cd,BTR260630256,false
acc-46f8a0e9023f97cb95ce,BTR-26-0630257,Building,appended_new_activity,no_exact_core_match,,tpa-5f857edbc678e4,BTR260630257,false
acc-e00596bc0ef87483f21d,BTR-26-0630258,Building,appended_new_activity,no_exact_core_match,,tpa-450e87e42fc0ba,BTR260630258,false
acc-87a40bb861d5344a9ee1,BTR-26-0630259,Building,appended_new_activity,no_exact_core_match,,tpa-a1d40c5467dcd6,BTR260630259,false
acc-ee2361fb5b1c514f018c,BTR-26-0630260,Building,appended_new_activity,no_exact_core_match,,tpa-c2562821b6b64f,BTR260630260,false
acc-af44a863877c0a0c1a3e,BTR-26-0630261,Building,appended_new_activity,no_exact_core_match,,tpa-f1bb1ea3522e30,BTR260630261,false
acc-0d735f8c716a9e4d89eb,BTR-26-0630262,Building,appended_new_activity,no_exact_core_match,,tpa-52321fe2ca83c7,BTR260630262,false
acc-0b49daee98bd8970c9ae,BTR-26-0630263,Building,appended_new_activity,no_exact_core_match,,tpa-e575d029f57956,BTR260630263,false
acc-8c9905fc9e11ee02720a,BTR-26-0630264,Building,appended_new_activity,no_exact_core_match,,tpa-3033dfb9216f84,BTR260630264,false
acc-a2580ed9f2f26a205019,BTR-26-0630265,Building,appended_new_activity,no_exact_core_match,,tpa-aae8a49cecaa92,BTR260630265,false
acc-e34782d8c4045a5aa9d5,BTR-26-0630266,Building,appended_new_activity,no_exact_core_match,,tpa-576db0847aa644,BTR260630266,false
acc-1f0dcc316ede26832d58,BTR-26-0630267,Building,appended_new_activity,no_exact_core_match,,tpa-0e4aa197923397,BTR260630267,false
acc-be546109c35b2d73a292,BTR-26-0630268,Building,appended_new_activity,no_exact_core_match,,tpa-2f900ef107b39a,BTR260630268,false
acc-bed01bdcef157c5eb692,BTR-26-0630269,Building,appended_new_activity,no_exact_core_match,,tpa-8ee1b9dde7f5a7,BTR260630269,false
acc-f7e9572b3bc76457a321,BTR-26-0630270,Building,appended_new_activity,no_exact_core_match,,tpa-619ad61f4daac2,BTR260630270,false
acc-f37c0617a3e4eedaaec8,BTR-26-0630271,Building,appended_new_activity,no_exact_core_match,,tpa-15fd9cee0b69d7,BTR260630271,false
acc-2fe6e780ff5d2acf2f0f,BTR-26-0630272,Building,appended_new_activity,no_exact_core_match,,tpa-712d33723da4d5,BTR260630272,false
acc-a9f20ae9987de59bfe9c,BTR-26-0630273,Building,appended_new_activity,no_exact_core_match,,tpa-100545f103f825,BTR260630273,false
acc-c6395c77ef7fdf73e9c0,BTR-26-0630274,Building,appended_new_activity,no_exact_core_match,,tpa-6bb699ddd8de3a,BTR260630274,false
acc-f892cdfced17542a2d28,BTR-26-0630275,Building,appended_new_activity,no_exact_core_match,,tpa-f120a637846ec2,BTR260630275,false
acc-74e88e6f65bf1cf56509,BTR-26-0630276,Building,appended_new_activity,no_exact_core_match,,tpa-a1a525de446d53,BTR260630276,false
acc-cb83e9f819381ea064ce,BTR-26-0630277,Building,appended_new_activity,no_exact_core_match,,tpa-2702425f5f1462,BTR260630277,false
acc-7aa972bbbf30864b1ca9,BTR-26-0630278,Building,appended_new_activity,no_exact_core_match,,tpa-f7ed63ba5df4d7,BTR260630278,false
acc-3259afb4c7fa290713b5,BTR-26-0630279,Building,appended_new_activity,no_exact_core_match,,tpa-9cf13e50298564,BTR260630279,false
acc-9c2f0d3435c10325565a,BTR-26-0630280,Building,appended_new_activity,no_exact_core_match,,tpa-8acc8bb0271f14,BTR260630280,false
acc-1e7f687797dda02337e4,BTR-26-0630281,Building,appended_new_activity,no_exact_core_match,,tpa-e33c39730004f9,BTR260630281,false
acc-be455996d4c4b9ceb29b,BTR-26-0630282,Building,appended_new_activity,no_exact_core_match,,tpa-fca78e4d55085b,BTR260630282,false
acc-9f6a521e72d8fb02bb74,BTR-26-0630283,Building,appended_new_activity,no_exact_core_match,,tpa-1d147a9ef98257,BTR260630283,false
acc-8f6c1c908aeb521ce9ed,BTR-26-0630284,Building,appended_new_activity,no_exact_core_match,,tpa-4ddb9cf76de27b,BTR260630284,false
acc-47b3fc731823e2daf41e,BTR-26-0630285,Building,appended_new_activity,no_exact_core_match,,tpa-00468c00ede6b2,BTR260630285,false
acc-9618d05126884224dd38,BTR-26-0630286,Building,appended_new_activity,no_exact_core_match,,tpa-b21b3f9a41dd51,BTR260630286,false
acc-bb838b4ed852b94201f8,BTR-26-0630287,Building,appended_new_activity,no_exact_core_match,,tpa-3febd1cc8cb17c,BTR260630287,false
acc-08ebbc6aeb1427475ec2,BTR-26-0630288,Building,appended_new_activity,no_exact_core_match,,tpa-c2e6c2697d1191,BTR260630288,false
acc-7e87015c773a42ae5473,BTR-26-0630289,Building,appended_new_activity,no_exact_core_match,,tpa-dc73f430a111af,BTR260630289,false
acc-f9f42474aa94b352796c,BTR-26-0630290,Building,appended_new_activity,no_exact_core_match,,tpa-76bbc3f386fc47,BTR260630290,false
acc-4b7c17dec40bcaa903f7,BTR-26-0630291,Building,appended_new_activity,no_exact_core_match,,tpa-1123c0e187a15f,BTR260630291,false
acc-2ea182abfaad3f012dd3,BTR-26-0630292,Building,appended_new_activity,no_exact_core_match,,tpa-90ae03c9f94401,BTR260630292,false
acc-a86d678b7c50f612a6be,BTR-26-0630293,Building,appended_new_activity,no_exact_core_match,,tpa-013232bb471b77,BTR260630293,false
acc-9d07447ecf27ce347336,BTR-26-0630294,Building,appended_new_activity,no_exact_core_match,,tpa-bf173edfa99d8b,BTR260630294,false
acc-5e42b1574361a3a537c1,BTR-26-0630295,Building,appended_new_activity,no_exact_core_match,,tpa-1469c74fcfc4f9,BTR260630295,false
acc-67bfe130fd1caa162dba,BTR-26-0630296,Building,appended_new_activity,no_exact_core_match,,tpa-04593503a3ea2a,BTR260630296,false
acc-753c63ed63eb4965e82f,BTR-26-0630297,Building,appended_new_activity,no_exact_core_match,,tpa-c164e620e96365,BTR260630297,false
acc-e2f7e29df45ed5bd8f39,BTR-26-0630298,Building,appended_new_activity,no_exact_core_match,,tpa-704ea50df416f7,BTR260630298,false
acc-2eebf1bd72ae333a569b,BTR-26-0630299,Building,appended_new_activity,no_exact_core_match,,tpa-bfec500cd16bc1,BTR260630299,false
acc-1f0830187f9642433a16,BTR-26-0630300,Building,appended_new_activity,no_exact_core_match,,tpa-367b42534d11b2,BTR260630300,false
acc-6018107602c5005a4dd2,BTR-26-0630301,Building,appended_new_activity,no_exact_core_match,,tpa-61225fa94ea27d,BTR260630301,false
acc-4b819a17c8ea06f7c41d,BTR-26-0630302,Building,appended_new_activity,no_exact_core_match,,tpa-9ac06e4f0acb04,BTR260630302,false
acc-d9a392937557bbaa2285,BTR-26-0630303,Building,appended_new_activity,no_exact_core_match,,tpa-f1ce48cadbf737,BTR260630303,false
acc-fcf9b1c543437545b397,BTR-26-0630304,Building,appended_new_activity,no_exact_core_match,,tpa-180b7a9e69e23f,BTR260630304,false
acc-a2fdc1b8e2bddffae201,BTR-26-0630305,Building,appended_new_activity,no_exact_core_match,,tpa-0bcc6b64777e3a,BTR260630305,false
acc-b599da06439355ba471c,BTR-26-0630306,Building,appended_new_activity,no_exact_core_match,,tpa-dea5bcfa4089f8,BTR260630306,false
acc-5d3d27ca0e091f3fd9c7,BTR-26-0630307,Building,appended_new_activity,no_exact_core_match,,tpa-afc7266a42f77d,BTR260630307,false
acc-2778069ada6bf6ffa629,BTR-26-0630308,Building,appended_new_activity,no_exact_core_match,,tpa-146af78736ea76,BTR260630308,false
acc-ae3e5bc8fc1401a8dabd,BTR-26-0630309,Building,appended_new_activity,no_exact_core_match,,tpa-4f0edca8ba2557,BTR260630309,false
acc-7f72f031cda65e1c94e6,BTR-26-0630310,Building,appended_new_activity,no_exact_core_match,,tpa-2ee946015c7308,BTR260630310,false
acc-11fa39628b4d3af471e0,BTR-26-0630311,Building,appended_new_activity,no_exact_core_match,,tpa-083f8ab9b64df5,BTR260630311,false
acc-4571b5bd49da82b7fbd4,BTR-26-0630312,Building,appended_new_activity,no_exact_core_match,,tpa-13fe6c159fbb00,BTR260630312,false
acc-8e90034f3eaa32feff33,BTR-26-0630313,Building,appended_new_activity,no_exact_core_match,,tpa-c2753e674a464b,BTR260630313,false
acc-86434dd1e1ef4fb3b6a1,BTR-26-0630314,Building,appended_new_activity,no_exact_core_match,,tpa-31dbc388e557ef,BTR260630314,false
acc-8527fa1dcc9fd6de51ad,BTR-26-0630315,Building,appended_new_activity,no_exact_core_match,,tpa-397ff60c785f6d,BTR260630315,false
acc-c6d85faf9b71549b9ccd,BTR-26-0630316,Building,appended_new_activity,no_exact_core_match,,tpa-ff5c0083f96f47,BTR260630316,false
acc-1d470f09c02e2ac52a83,BTR-26-0630317,Building,appended_new_activity,no_exact_core_match,,tpa-e64f8407209f5a,BTR260630317,false
acc-e739fd73fa19189adc6c,BTR-26-0630318,Building,appended_new_activity,no_exact_core_match,,tpa-d9046a12030d6e,BTR260630318,false
acc-889460805540ddc06d78,BTR-26-0630319,Building,appended_new_activity,no_exact_core_match,,tpa-f4db8335dbf025,BTR260630319,false
acc-62c1d8fe95bf1ebd2d8d,BTR-26-0630320,Building,appended_new_activity,no_exact_core_match,,tpa-a0d8d729772050,BTR260630320,false
acc-5c2a31c2c0f634bdfe42,BTR-26-0630321,Building,appended_new_activity,no_exact_core_match,,tpa-69426a97c81c47,BTR260630321,false
acc-c0e8422559f878749f4f,BTR-26-0630322,Building,appended_new_activity,no_exact_core_match,,tpa-1ee2c42528634c,BTR260630322,false
acc-bc117dff44ee99cfb5c7,BTR-26-0630323,Building,appended_new_activity,no_exact_core_match,,tpa-184923731cdf8f,BTR260630323,false
acc-fff48a8e806318d5557d,BTR-26-0630324,Building,appended_new_activity,no_exact_core_match,,tpa-394162c49af22b,BTR260630324,false
acc-e1b0b54e0e8a15c1e6e1,BTR-26-0630325,Building,appended_new_activity,no_exact_core_match,,tpa-17ea2c5999414a,BTR260630325,false
acc-b34d5c1c59cd9013f831,BTR-26-0630326,Building,appended_new_activity,no_exact_core_match,,tpa-42b632fedb30b1,BTR260630326,false
acc-ddb060db5d0134e5be36,BTR-26-0630327,Building,appended_new_activity,no_exact_core_match,,tpa-bde0260d64a119,BTR260630327,false
acc-b8c1cf088c3eb4d8fb5c,BTR-26-0630328,Building,appended_new_activity,no_exact_core_match,,tpa-a44ee229e02474,BTR260630328,false
acc-d4b783eba236df41dbc0,BTR-26-0630329,Building,appended_new_activity,no_exact_core_match,,tpa-1dd2fcd333463e,BTR260630329,false
acc-aeaf352bf283eb9b0b9e,BTR-26-0630330,Building,appended_new_activity,no_exact_core_match,,tpa-a37267bcc038c7,BTR260630330,false
acc-a1c4b0bbe6c9cb640764,BTR-26-0630331,Building,appended_new_activity,no_exact_core_match,,tpa-d45f6cd463c4b6,BTR260630331,false
acc-6689a6cd3cdb83c85e35,BTR-26-0630332,Building,appended_new_activity,no_exact_core_match,,tpa-fd75961e228d66,BTR260630332,false
acc-8d923c8fedcb7db21d02,BTR-26-0630333,Building,appended_new_activity,no_exact_core_match,,tpa-bb531e412232ad,BTR260630333,false
acc-3c880cb25c9d33b788b6,BTR-26-0630334,Building,appended_new_activity,no_exact_core_match,,tpa-47065c831dfd35,BTR260630334,false
acc-b49ffa522a59686e8c7a,BTR-26-0630335,Building,appended_new_activity,no_exact_core_match,,tpa-5c98099df0be31,BTR260630335,false
acc-fd98ccafab77e777ae78,BTR-26-0630336,Building,appended_new_activity,no_exact_core_match,,tpa-df8ca62bceb3e7,BTR260630336,false
acc-d244bddb8d588ee5de36,BTR-26-0630337,Building,appended_new_activity,no_exact_core_match,,tpa-a86f7556b1e8c7,BTR260630337,false
acc-00cb3049859da58870c2,BTR-26-0630338,Building,appended_new_activity,no_exact_core_match,,tpa-38421cff92c8e8,BTR260630338,false
acc-c9457c620b2e9eba80dc,BTR-26-0630339,Building,appended_new_activity,no_exact_core_match,,tpa-8e77f442e6dd42,BTR260630339,false
acc-2d0803e00ffd2b61f6fb,BTR-26-0630340,Building,appended_new_activity,no_exact_core_match,,tpa-13b846d30770bf,BTR260630340,false
acc-6a9ce7e64a75d20e5c38,BTR-26-0630341,Building,appended_new_activity,no_exact_core_match,,tpa-d0eaacc467779d,BTR260630341,false
acc-c18a4523a13ab27c0cc1,BTR-26-0630342,Building,appended_new_activity,no_exact_core_match,,tpa-17cfb44f51b855,BTR260630342,false
acc-380904420474e52f278b,BTR-26-0630343,Building,appended_new_activity,no_exact_core_match,,tpa-7fa082d915edc9,BTR260630343,false
acc-1d6e3572638cf6f9db3e,BTR-26-0630344,Building,appended_new_activity,no_exact_core_match,,tpa-77f981879ea762,BTR260630344,false
acc-df0ee7db65127e7563f9,BTR-26-0630345,Building,appended_new_activity,no_exact_core_match,,tpa-f71dc32df04559,BTR260630345,false
acc-da24c6049e67843b8aa6,BTR-26-0630346,Building,appended_new_activity,no_exact_core_match,,tpa-4ca5c63735422d,BTR260630346,false
acc-ffe51f911585701f96e4,BTR-26-0630347,Building,appended_new_activity,no_exact_core_match,,tpa-e244b6b44684f1,BTR260630347,false
acc-f89e20e11c64f525d835,BTR-26-0630348,Building,appended_new_activity,no_exact_core_match,,tpa-d30d002132393d,BTR260630348,false
acc-5863a442a80ca97eab93,BTR-26-0630349,Building,appended_new_activity,no_exact_core_match,,tpa-acf3eca7433495,BTR260630349,false
acc-f05490e1bbd9c94f6915,BTR-26-0630350,Building,appended_new_activity,no_exact_core_match,,tpa-03071538a42cbd,BTR260630350,false
acc-3b47a718dd5a9975f982,BTR-26-0630351,Building,appended_new_activity,no_exact_core_match,,tpa-dba207707efdd9,BTR260630351,false
acc-eb4662d2b1a20bec77b9,BTR-26-0630352,Building,appended_new_activity,no_exact_core_match,,tpa-50e8ceb45301ba,BTR260630352,false
acc-209e250f9277314b62ff,BTR-26-0630353,Building,appended_new_activity,no_exact_core_match,,tpa-0f91e397c76d3e,BTR260630353,false
acc-a523fdf7551cab7ec66f,BTR-26-0630354,Building,appended_new_activity,no_exact_core_match,,tpa-78dbe4fa353b3b,BTR260630354,false
acc-d8ce4997685cc7da39eb,BTR-26-0630355,Building,appended_new_activity,no_exact_core_match,,tpa-af0e055de5fff7,BTR260630355,false
acc-841866b873af95eefb7f,BTR-26-0630356,Building,appended_new_activity,no_exact_core_match,,tpa-313a47357de69b,BTR260630356,false
acc-c9c1d7c31232c0767ffa,BTR-26-0630357,Building,appended_new_activity,no_exact_core_match,,tpa-86cc1aebcb39fb,BTR260630357,false
acc-ca08912f94a2f9dcce00,BTR-26-0630358,Building,appended_new_activity,no_exact_core_match,,tpa-2f71c9e04a8f25,BTR260630358,false
acc-ad03bd2ff7d9fd7e8743,BTR-26-0630359,Building,appended_new_activity,no_exact_core_match,,tpa-33f8311727384d,BTR260630359,false
acc-504f76a75d9cb1a56480,BTR-26-0630360,Building,appended_new_activity,no_exact_core_match,,tpa-949350348a3593,BTR260630360,false
acc-5e501d5ac2ec04ba8949,BTR-26-0630361,Building,appended_new_activity,no_exact_core_match,,tpa-2d1a0a32ab7f5b,BTR260630361,false
acc-f41f88ae902130b3889b,BTR-26-0630362,Building,appended_new_activity,no_exact_core_match,,tpa-b4f5b90d1b70e0,BTR260630362,false
acc-3b8ec31444cce071cbc1,BTR-26-0630363,Building,appended_new_activity,no_exact_core_match,,tpa-5a92560546fb0f,BTR260630363,false
acc-f860fa65a359f205936c,BTR-26-0630364,Building,appended_new_activity,no_exact_core_match,,tpa-f67a0b823edc02,BTR260630364,false
acc-91a765b54894d1a0ac31,BTR-26-0630365,Building,appended_new_activity,no_exact_core_match,,tpa-6de43a0d0c5082,BTR260630365,false
acc-fa7a00f074fe6e504fc9,BTR-26-0630366,Building,appended_new_activity,no_exact_core_match,,tpa-081d69cdd9921a,BTR260630366,false
acc-890566c43d47530e0a8c,BTR-26-0630367,Building,appended_new_activity,no_exact_core_match,,tpa-932797c14cc0fc,BTR260630367,false
acc-e7da196e18c70d573a11,BTR-26-0630368,Building,appended_new_activity,no_exact_core_match,,tpa-28ea74ad4500f0,BTR260630368,false
acc-c513ee85b955b00685ee,BTR-26-0630369,Building,appended_new_activity,no_exact_core_match,,tpa-f26bb1d073acca,BTR260630369,false
acc-0eac529cd9b5084345b7,BTR-26-0630370,Building,appended_new_activity,no_exact_core_match,,tpa-0b0f5820899340,BTR260630370,false
acc-921579aeec6caa6c00dd,BTR-26-0630371,Building,appended_new_activity,no_exact_core_match,,tpa-f2e2271e4d4e3a,BTR260630371,false
acc-6a66bb6a3f0422bdb5d0,BTR-26-0630372,Building,appended_new_activity,no_exact_core_match,,tpa-621c766e7297f3,BTR260630372,false
acc-c0b181ae887fc391fd82,BTR-26-0630373,Building,appended_new_activity,no_exact_core_match,,tpa-8691b331cc422c,BTR260630373,false
acc-9d8793bae7d2346c065c,BTR-26-0630374,Building,appended_new_activity,no_exact_core_match,,tpa-39d28ca0fc65fa,BTR260630374,false
acc-ea5578a05d59322395ae,BTR-26-0630375,Building,appended_new_activity,no_exact_core_match,,tpa-5e92e51f0bbe8b,BTR260630375,false
acc-15ec279ecaaa0de94b4b,BTR-26-0630376,Building,appended_new_activity,no_exact_core_match,,tpa-385ad0cb29e6ae,BTR260630376,false
acc-2603094b332ba195c124,BTR-26-0630377,Building,appended_new_activity,no_exact_core_match,,tpa-d250e64340d709,BTR260630377,false
acc-927dd79161de81aa8fdc,BTR-26-0630378,Building,appended_new_activity,no_exact_core_match,,tpa-5ba4ca3c0d7e71,BTR260630378,false
acc-db59f62b11f46ddf445c,BTR-26-0630379,Building,appended_new_activity,no_exact_core_match,,tpa-058269c5f5c2f6,BTR260630379,false
acc-87fed548665e2aa24251,BTR-26-0630380,Building,appended_new_activity,no_exact_core_match,,tpa-f7e1c76d94d994,BTR260630380,false
acc-fadcb6d8db31e559e4a1,BTR-26-0630381,Building,appended_new_activity,no_exact_core_match,,tpa-95b63643bac61e,BTR260630381,false
acc-3807c2baf38fb8350823,BTR-26-0630382,Building,appended_new_activity,no_exact_core_match,,tpa-cb479d0212bad5,BTR260630382,false
acc-d816f5ee5b9ee2f0c0fa,BTR-26-0630383,Building,appended_new_activity,no_exact_core_match,,tpa-e77eaaf8919c1b,BTR260630383,false
acc-dfdc78dffd38c0894fb8,BTR-26-0630384,Building,appended_new_activity,no_exact_core_match,,tpa-fae653d1300435,BTR260630384,false
acc-cb1ee90cca664a79e422,BTR-26-0630385,Building,appended_new_activity,no_exact_core_match,,tpa-480e39f97f121c,BTR260630385,false
acc-46c5578b6866a78e5e28,BTR-26-0630386,Building,appended_new_activity,no_exact_core_match,,tpa-37836ec512e117,BTR260630386,false
acc-94b4361db3a25215ad24,BTR-26-0630387,Building,appended_new_activity,no_exact_core_match,,tpa-53dd4b1db38dfc,BTR260630387,false
acc-466dd32f1e3cc51d5800,BTR-26-0630388,Building,appended_new_activity,no_exact_core_match,,tpa-61b01232149347,BTR260630388,false
acc-761853bd139207226740,BTR-26-0630389,Building,appended_new_activity,no_exact_core_match,,tpa-b93663c6b193db,BTR260630389,false
acc-f869223f3689797e5e39,BTR-26-0630390,Building,appended_new_activity,no_exact_core_match,,tpa-7b4f9aef9dbddf,BTR260630390,false
acc-9f3b3631b9bc2c8f4cb5,BTR-26-0630391,Building,appended_new_activity,no_exact_core_match,,tpa-d92d29c7ea53c9,BTR260630391,false
acc-e20981310b0cd7a069c8,BTR-26-0630392,Building,appended_new_activity,no_exact_core_match,,tpa-50bcd8a4f5f077,BTR260630392,false
acc-3022d80062a1968cd014,BTR-26-0630393,Building,appended_new_activity,no_exact_core_match,,tpa-8e9d2806553d2d,BTR260630393,false
acc-ce50ae413928bba3d0c9,BTR-26-0630394,Building,appended_new_activity,no_exact_core_match,,tpa-0e5e723c5de123,BTR260630394,false
acc-81106fe4219fd1b93dab,BTR-26-0630395,Building,appended_new_activity,no_exact_core_match,,tpa-25fb4fa169e856,BTR260630395,false
acc-42a68af9830f0b237c8e,BTR-26-0630396,Building,appended_new_activity,no_exact_core_match,,tpa-a7578a26ff6916,BTR260630396,false
acc-1f55a2627232060a762f,BTR-26-0630397,Building,appended_new_activity,no_exact_core_match,,tpa-ad325f9c0fec77,BTR260630397,false
acc-1b3eb0da79e800451413,BTR-26-0630398,Building,appended_new_activity,no_exact_core_match,,tpa-993a315a626904,BTR260630398,false
acc-a25bed82864803448777,BTR-26-0630399,Building,appended_new_activity,no_exact_core_match,,tpa-f5c2ec99efd0ba,BTR260630399,false
acc-a62d4653146ada32871d,BTR-26-0630400,Building,appended_new_activity,no_exact_core_match,,tpa-00a8fe1dbb1120,BTR260630400,false
acc-227913108b0eacd52b21,BTR-26-0630401,Building,appended_new_activity,no_exact_core_match,,tpa-59863aaf9de2cd,BTR260630401,false
acc-69e5007ce13843d33e8a,BTR-26-0630402,Building,appended_new_activity,no_exact_core_match,,tpa-2d031d9e99ab25,BTR260630402,false
acc-8beac947a5b533ed3b3c,BTR-26-0630403,Building,appended_new_activity,no_exact_core_match,,tpa-f9eee29235675d,BTR260630403,false
acc-3f2da643bc2032026d66,BTR-26-0630404,Building,appended_new_activity,no_exact_core_match,,tpa-43dea86365d98f,BTR260630404,false
acc-7863c75513b2ce3d4407,BTR-26-0630405,Building,appended_new_activity,no_exact_core_match,,tpa-c8838673faa59c,BTR260630405,false
acc-053319cc227c3b3f2db2,BTR-26-0630406,Building,appended_new_activity,no_exact_core_match,,tpa-2770877aef1482,BTR260630406,false
acc-a55e9e19476a521e2eb1,BTR-26-0630407,Building,appended_new_activity,no_exact_core_match,,tpa-4528dfda5a8b3e,BTR260630407,false
acc-95b2d71533f3d0aa007a,BTR-26-0630408,Building,appended_new_activity,no_exact_core_match,,tpa-5830d04c6fc6cb,BTR260630408,false
acc-0a67a506c8f7a5f8e1dc,BTR-26-0630409,Building,appended_new_activity,no_exact_core_match,,tpa-74bf879c4ab9a7,BTR260630409,false
acc-d35855291a9f4456dda1,BTR-26-0630410,Building,appended_new_activity,no_exact_core_match,,tpa-8305078b62bce4,BTR260630410,false
acc-d1abef7a43757e29c323,BTR-26-0630411,Building,appended_new_activity,no_exact_core_match,,tpa-a9cc1cafbb4e1a,BTR260630411,false
acc-dce862b43d2e149ea8bb,BTR-26-0630412,Building,appended_new_activity,no_exact_core_match,,tpa-a68c427616c4ee,BTR260630412,false
acc-eace56d66e00da6814cd,BTR-26-0630413,Building,appended_new_activity,no_exact_core_match,,tpa-514b37b2c00b9f,BTR260630413,false
acc-e261db227d83e70e7583,BTR-26-0630414,Building,appended_new_activity,no_exact_core_match,,tpa-d579b3e24bee86,BTR260630414,false
acc-3f6c99ca60df77ac61bf,BTR-26-0630415,Building,appended_new_activity,no_exact_core_match,,tpa-6732e85863d487,BTR260630415,false
acc-2023af501fb7188f9804,BTR-26-0630416,Building,appended_new_activity,no_exact_core_match,,tpa-3cd205988b6cda,BTR260630416,false
acc-8ee8176dc2053639b32a,BTR-26-0630417,Building,appended_new_activity,no_exact_core_match,,tpa-19310653efff00,BTR260630417,false
acc-225c2187631eeb1ce817,BTR-26-0630418,Building,appended_new_activity,no_exact_core_match,,tpa-faffbbd3924d90,BTR260630418,false
acc-aeb552b375e87567201a,BTR-26-0630419,Building,appended_new_activity,no_exact_core_match,,tpa-15134cc9baa205,BTR260630419,false
acc-754df731fe14277464eb,BTR-26-0630420,Building,appended_new_activity,no_exact_core_match,,tpa-71502695ea1116,BTR260630420,false
acc-b8ba97c64e0c09a82a10,BTR-26-0630421,Building,appended_new_activity,no_exact_core_match,,tpa-23fc7fdcfba6ed,BTR260630421,false
acc-ccfe215f9cae22555e63,BTR-26-0630422,Building,appended_new_activity,no_exact_core_match,,tpa-4e42a03a770db6,BTR260630422,false
acc-cfc52cc1b4edca483295,BTR-26-0630423,Building,appended_new_activity,no_exact_core_match,,tpa-a3d1b6aacd7b65,BTR260630423,false
acc-b27b811e2bc090001009,BTR-26-0630424,Building,appended_new_activity,no_exact_core_match,,tpa-e4c344421218c0,BTR260630424,false
acc-37c97412e061b5777b6a,BTR-26-0630425,Building,appended_new_activity,no_exact_core_match,,tpa-339b3455be70bd,BTR260630425,false
acc-0c84daaa04b9a0679135,BTR-26-0630426,Building,appended_new_activity,no_exact_core_match,,tpa-89aa353fb67cf1,BTR260630426,false
acc-6dae2e4956074b4eaa32,BTR-26-0630427,Building,appended_new_activity,no_exact_core_match,,tpa-b884bba0495b6b,BTR260630427,false
acc-54d6c0e24705c4cd3418,BTR-26-0630428,Building,appended_new_activity,no_exact_core_match,,tpa-0461789a57ab65,BTR260630428,false
acc-e8b53cad40c7974d221e,BTR-26-0630429,Building,appended_new_activity,no_exact_core_match,,tpa-5cb4b39baf7f3a,BTR260630429,false
acc-93f95c5db0639cab2fbd,BTR-26-0630430,Building,appended_new_activity,no_exact_core_match,,tpa-475e8c865ee692,BTR260630430,false
acc-4022e045b99a630ca8ee,BTR-26-0630431,Building,appended_new_activity,no_exact_core_match,,tpa-132fc498e30481,BTR260630431,false
acc-a3c665ea52a6aa86974f,BTR-26-0630432,Building,appended_new_activity,no_exact_core_match,,tpa-5d9d6db8278126,BTR260630432,false
acc-dc11455bc01153ec1950,BTR-26-0630433,Building,appended_new_activity,no_exact_core_match,,tpa-d3e878aa2a642a,BTR260630433,false
acc-e091953c1d85562a25a3,BTR-26-0630434,Building,appended_new_activity,no_exact_core_match,,tpa-1a8c513d33d27e,BTR260630434,false
acc-f158c24ac44e8640bf10,BTR-26-0630435,Building,appended_new_activity,no_exact_core_match,,tpa-fb3d135eb1d0b9,BTR260630435,false
acc-fa78c222a74b0e1b86eb,BTR-26-0630436,Building,appended_new_activity,no_exact_core_match,,tpa-ab3d026a179261,BTR260630436,false
acc-e525f9630ae951e5bc5a,BTR-26-0630437,Building,appended_new_activity,no_exact_core_match,,tpa-77aa57022ea91a,BTR260630437,false
acc-8bbbbe58292376d67254,BTR-26-0630438,Building,appended_new_activity,no_exact_core_match,,tpa-43dcc6e4fe16ee,BTR260630438,false
acc-02cad625281389dc8a24,BTR-26-0630439,Building,appended_new_activity,no_exact_core_match,,tpa-4b67a7a8221cbd,BTR260630439,false
acc-7990222d2b38a6e52a3c,BTR-26-0630440,Building,appended_new_activity,no_exact_core_match,,tpa-7b8d43cb87b4ba,BTR260630440,false
acc-22e15e16b873cfc52884,BTR-26-0630441,Building,appended_new_activity,no_exact_core_match,,tpa-9c5aab8222b504,BTR260630441,false
acc-c66c62324be533795ac5,BTR-26-0630442,Building,appended_new_activity,no_exact_core_match,,tpa-53c3ad403272c6,BTR260630442,false
acc-d251b578e26f3e23ab47,BTR-26-0630443,Building,appended_new_activity,no_exact_core_match,,tpa-b0c37c36782ceb,BTR260630443,false
acc-c063345aa0370b99b2e2,BTR-26-0630444,Building,appended_new_activity,no_exact_core_match,,tpa-25cd8def65fc13,BTR260630444,false
acc-e66bff675aa757264eee,BTR-26-0630445,Building,appended_new_activity,no_exact_core_match,,tpa-fab6ec0161852e,BTR260630445,false
acc-bee63aeeb5c524e75b0c,BTR-26-0630446,Building,appended_new_activity,no_exact_core_match,,tpa-ed57f1f47ae979,BTR260630446,false
acc-768f8b906eab86eec22e,BTR-26-0630447,Building,appended_new_activity,no_exact_core_match,,tpa-47cb88bd400021,BTR260630447,false
acc-f5ad84adbf2d35768728,BTR-26-0630448,Building,appended_new_activity,no_exact_core_match,,tpa-e706c9e4a7e5f6,BTR260630448,false
acc-1ec5a5f198786d8c16ed,BTR-26-0630449,Building,appended_new_activity,no_exact_core_match,,tpa-4b616a367923d3,BTR260630449,false
acc-322ad3e35d00e9c656fd,BTR-26-0630450,Building,appended_new_activity,no_exact_core_match,,tpa-6ff045a990681e,BTR260630450,false
acc-0c6bf29c24af062fdafa,BTR-26-0630451,Building,appended_new_activity,no_exact_core_match,,tpa-754ef5c7a5bf73,BTR260630451,false
acc-2e00d0314ffdf66ea3cf,BTR-26-0630452,Building,appended_new_activity,no_exact_core_match,,tpa-63dfd9d079483d,BTR260630452,false
acc-bc9e34d61157c7a68086,BTR-26-0630453,Building,appended_new_activity,no_exact_core_match,,tpa-65e7e1d2e3677c,BTR260630453,false
acc-744812387a451869e843,BTR-26-0630454,Building,appended_new_activity,no_exact_core_match,,tpa-c2e27419dc979f,BTR260630454,false
acc-a0bc0ab8819ca3f6347e,BTR-26-0630455,Building,appended_new_activity,no_exact_core_match,,tpa-e5668c4dde1828,BTR260630455,false
acc-81e6ae798465612fbba6,BTR-26-0630456,Building,appended_new_activity,no_exact_core_match,,tpa-21798bf127579d,BTR260630456,false
acc-a11c750e37ce5668228c,BTR-26-0630457,Building,appended_new_activity,no_exact_core_match,,tpa-b346c01d8195d8,BTR260630457,false
acc-a98b866f0a3bedc67933,BTR-26-0630458,Building,appended_new_activity,no_exact_core_match,,tpa-324d16f8edabb0,BTR260630458,false
acc-74923a4cd94f8a68ea7b,BTR-26-0630459,Building,appended_new_activity,no_exact_core_match,,tpa-2991e1d3f6d07a,BTR260630459,false
acc-3e85c0d89797bb1160b5,BTR-26-0630460,Building,appended_new_activity,no_exact_core_match,,tpa-4b87619f392311,BTR260630460,false
acc-73cf7ce9b0927ffb3af0,BTR-26-0630461,Building,appended_new_activity,no_exact_core_match,,tpa-6aba2c03b4256c,BTR260630461,false
acc-8355401fdd761da2f9c7,BTR-26-0630462,Building,appended_new_activity,no_exact_core_match,,tpa-387a97dea6825d,BTR260630462,false
acc-798adf136578ba7fd14e,BTR-26-0630463,Building,appended_new_activity,no_exact_core_match,,tpa-f64850a53c7a6f,BTR260630463,false
acc-3c93a732e95013c675e7,BTR-26-0630464,Building,appended_new_activity,no_exact_core_match,,tpa-00cf57ad820989,BTR260630464,false
acc-06a509fb70d7433f7812,BTR-26-0630465,Building,appended_new_activity,no_exact_core_match,,tpa-e44c14fb0d3346,BTR260630465,false
acc-a4daf34e07bec2409bb3,BTR-26-0630466,Building,appended_new_activity,no_exact_core_match,,tpa-d4eee8a53fd39b,BTR260630466,false
acc-db19e43e7dd8a31dc795,BTR-26-0630467,Building,appended_new_activity,no_exact_core_match,,tpa-50ebc992cda9f3,BTR260630467,false
acc-84a40d7fe5a4bcc90334,BTR-26-0630468,Building,appended_new_activity,no_exact_core_match,,tpa-ccb208565c8ca2,BTR260630468,false
acc-69157b9157602906e731,BTR-26-0630469,Building,appended_new_activity,no_exact_core_match,,tpa-08e6d945029cb2,BTR260630469,false
acc-855a4092e0d042af68bc,BTR-26-0630470,Building,appended_new_activity,no_exact_core_match,,tpa-212ce648b88f80,BTR260630470,false
acc-fc71f186441f5451a06d,BTR-26-0630471,Building,appended_new_activity,no_exact_core_match,,tpa-e5867f0510dfc0,BTR260630471,false
acc-a5d7ec6c2c6438787c2d,BTR-26-0630472,Building,appended_new_activity,no_exact_core_match,,tpa-1f6d1f2b420806,BTR260630472,false
acc-6edf97bdcc0662e5a166,BTR-26-0630473,Building,appended_new_activity,no_exact_core_match,,tpa-2bf5572c80ec71,BTR260630473,false
acc-fb0dd403f31972a1e65d,BTR-26-0630474,Building,appended_new_activity,no_exact_core_match,,tpa-060ff1884469df,BTR260630474,false
acc-49aafe9f08470b87c632,BTR-26-0630475,Building,appended_new_activity,no_exact_core_match,,tpa-1b1a130e5c28a4,BTR260630475,false
acc-779af5a761d6c30b59c1,BTR-26-0630476,Building,appended_new_activity,no_exact_core_match,,tpa-54a100f055d980,BTR260630476,false
acc-643a26e7349c32ef7f26,BTR-26-0630477,Building,appended_new_activity,no_exact_core_match,,tpa-c43f756c050b2f,BTR260630477,false
acc-8ffb5c0b80892750252e,BTR-26-0630478,Building,appended_new_activity,no_exact_core_match,,tpa-c663e8af0d8833,BTR260630478,false
acc-47f047127aeb1aa52be3,BTR-26-0630479,Building,appended_new_activity,no_exact_core_match,,tpa-c29311765914fe,BTR260630479,false
acc-ed561cafc10d1becc709,BTR-26-0630480,Building,appended_new_activity,no_exact_core_match,,tpa-0046942fc8025c,BTR260630480,false
acc-c21e0a869ab2dd92a329,BTR-26-0630481,Building,appended_new_activity,no_exact_core_match,,tpa-aea5a3f065972f,BTR260630481,false
acc-cbbbce8346443d4c01b8,BTR-26-0630482,Building,appended_new_activity,no_exact_core_match,,tpa-76da1de4a421a2,BTR260630482,false
acc-5735f8d1cb2233411452,BTR-26-0630483,Building,appended_new_activity,no_exact_core_match,,tpa-cdf67d0a186034,BTR260630483,false
acc-fff1e17644c0abf5a8d4,BTR-26-0630484,Building,appended_new_activity,no_exact_core_match,,tpa-e3844a5772f688,BTR260630484,false
acc-e27bdb242fbf54d4e609,BTR-26-0630485,Building,appended_new_activity,no_exact_core_match,,tpa-6bd16f7da47b32,BTR260630485,false
acc-24131e65fb5350f0cb3d,BTR-26-0630486,Building,appended_new_activity,no_exact_core_match,,tpa-8db1f29a701fbd,BTR260630486,false
acc-76e81263798e0556ade3,BTR-26-0630487,Building,appended_new_activity,no_exact_core_match,,tpa-0c18d6c9a84f92,BTR260630487,false
acc-55eb100bf8bba789f79f,BTR-26-0630488,Building,appended_new_activity,no_exact_core_match,,tpa-cfdfe4ce17ef1b,BTR260630488,false
acc-5ddb5b3e9c818dc612ae,BTR-26-0630489,Building,appended_new_activity,no_exact_core_match,,tpa-ae47f1ebf1d7a6,BTR260630489,false
acc-88e71046f2788278730c,BTR-26-0630490,Building,appended_new_activity,no_exact_core_match,,tpa-b6569143d72a70,BTR260630490,false
acc-bbcd45e656a0b68fbd2b,BTR-26-0630491,Building,appended_new_activity,no_exact_core_match,,tpa-e85aa3bce93ce1,BTR260630491,false
acc-43271163f768a85cd4c1,BTR-26-0630492,Building,appended_new_activity,no_exact_core_match,,tpa-949f0b57a9d74a,BTR260630492,false
acc-7fd5e89ed4005c654e9e,BTR-26-0630493,Building,appended_new_activity,no_exact_core_match,,tpa-73f8a7504e6a18,BTR260630493,false
acc-47fcaebf9de7c6d97507,BTR-26-0630494,Building,appended_new_activity,no_exact_core_match,,tpa-3ef0ad949ff599,BTR260630494,false
acc-90196f98efe24abb1442,BTR-26-0630495,Building,appended_new_activity,no_exact_core_match,,tpa-2dd0cca41185b6,BTR260630495,false
acc-634c4e533714562972b8,BTR-26-0630496,Building,appended_new_activity,no_exact_core_match,,tpa-a7cce1791fcca4,BTR260630496,false
acc-a173bbfadd1697e1baa3,BTR-26-0630497,Building,appended_new_activity,no_exact_core_match,,tpa-c101bec20d645b,BTR260630497,false
acc-5dd6582c675db44e0269,BTR-26-0630498,Building,appended_new_activity,no_exact_core_match,,tpa-450f72b1dd8f1d,BTR260630498,false
acc-eb0e6dc2edba2bc0ee52,BTR-26-0630499,Building,appended_new_activity,no_exact_core_match,,tpa-582533f80ecb2f,BTR260630499,false
acc-fe3a088b3135540860e6,BTR-26-0630500,Building,appended_new_activity,no_exact_core_match,,tpa-3b96ead8abb455,BTR260630500,false
acc-ba9c3fae10afedb1960a,BTR-26-0630501,Building,appended_new_activity,no_exact_core_match,,tpa-12c2284d90da80,BTR260630501,false
acc-73d10911ba521dc7e35a,BTR-26-0630502,Building,appended_new_activity,no_exact_core_match,,tpa-43df529e53204c,BTR260630502,false
acc-d4e5279a81e001d22f0b,BTR-26-0630503,Building,appended_new_activity,no_exact_core_match,,tpa-c3b0d67163d60f,BTR260630503,false
acc-e45acafd7056c6d7f764,BTR-26-0630504,Building,appended_new_activity,no_exact_core_match,,tpa-7703e5d4ab4eb1,BTR260630504,false
acc-798c29f65c3d94d446ba,BTR-26-0630505,Building,appended_new_activity,no_exact_core_match,,tpa-e44ca2a2ed9bd0,BTR260630505,false
acc-3f354cb71c324a378dd4,BTR-26-0630506,Building,appended_new_activity,no_exact_core_match,,tpa-059181f9158792,BTR260630506,false
acc-effa292bdbca675d6319,BTR-26-0630507,Building,appended_new_activity,no_exact_core_match,,tpa-31a5590328b1db,BTR260630507,false
acc-ef425837b2c854aff3f5,BTR-26-0630508,Building,appended_new_activity,no_exact_core_match,,tpa-ddc66e5f08257c,BTR260630508,false
acc-6d1e0a27daa1b422f5c4,BTR-26-0630509,Building,appended_new_activity,no_exact_core_match,,tpa-b3b385a2c7b79c,BTR260630509,false
acc-96e284a80dd86a9f5fd3,BTR-26-0630510,Building,appended_new_activity,no_exact_core_match,,tpa-3c3b774a47449e,BTR260630510,false
acc-a03054c6e9766111887f,BTR-26-0630511,Building,appended_new_activity,no_exact_core_match,,tpa-22ddc1da075ca0,BTR260630511,false
acc-a2551fc475d449f37ebe,BTR-26-0630512,Building,appended_new_activity,no_exact_core_match,,tpa-aea09516287303,BTR260630512,false
acc-b467428012ed9f64c1ba,BTR-26-0630513,Building,appended_new_activity,no_exact_core_match,,tpa-c300c567c0ba74,BTR260630513,false
acc-1f9c4fa55134e715035e,BTR-26-0630514,Building,appended_new_activity,no_exact_core_match,,tpa-655a4fd41cdf64,BTR260630514,false
acc-86f9ab10ecd275a3cdd5,BTR-26-0630515,Building,appended_new_activity,no_exact_core_match,,tpa-ea8a8411e9f96b,BTR260630515,false
acc-50e68e60e868a3d85ee9,BTR-26-0630516,Building,appended_new_activity,no_exact_core_match,,tpa-20975137200e65,BTR260630516,false
acc-7e8dd41739d3c8558d70,BTR-26-0630517,Building,appended_new_activity,no_exact_core_match,,tpa-e95120d45e40bf,BTR260630517,false
acc-6e22b534584205a258bb,BTR-26-0630518,Building,appended_new_activity,no_exact_core_match,,tpa-9a81298d23a47c,BTR260630518,false
acc-f73b1765e129babfdbdd,BTR-26-0630519,Building,appended_new_activity,no_exact_core_match,,tpa-a09197c0fbb9e1,BTR260630519,false
acc-555a54bbea390bbea90a,BTR-26-0630520,Building,appended_new_activity,no_exact_core_match,,tpa-66acd0f446a762,BTR260630520,false
acc-eaf69d097898b12eab3d,BTR-26-0630521,Building,appended_new_activity,no_exact_core_match,,tpa-74cd12acd0552d,BTR260630521,false
acc-6ad768d9bec60924e858,BTR-26-0630522,Building,appended_new_activity,no_exact_core_match,,tpa-33f446477e5658,BTR260630522,false
acc-0361eb6e6f510b3201a9,BTR-26-0630523,Building,appended_new_activity,no_exact_core_match,,tpa-0f8c45c4d11829,BTR260630523,false
acc-ee6ed7f7e5bb330494db,BTR-26-0630524,Building,appended_new_activity,no_exact_core_match,,tpa-69fe0b98952685,BTR260630524,false
acc-311ba91558447cd65807,BTR-26-0630525,Building,appended_new_activity,no_exact_core_match,,tpa-a6a5684a21224a,BTR260630525,false
acc-9966e88ddce825fd23d6,BTR-26-0630526,Building,appended_new_activity,no_exact_core_match,,tpa-bf89f047057fec,BTR260630526,false
acc-3fa43d608c80c96e0d7f,BTR-26-0630527,Building,appended_new_activity,no_exact_core_match,,tpa-84788c508b658e,BTR260630527,false
acc-c3024d74e8a238c69b5b,BTR-26-0630528,Building,appended_new_activity,no_exact_core_match,,tpa-f9081b47df433d,BTR260630528,false
acc-103df88311323107925a,BTR-26-0630529,Building,appended_new_activity,no_exact_core_match,,tpa-de037bea8ca607,BTR260630529,false
acc-44d6c184aff61883d06b,BTR-26-0630530,Building,appended_new_activity,no_exact_core_match,,tpa-5d2825967fa2e6,BTR260630530,false
acc-6bbf264c626c3f4565c1,BTR-26-0630531,Building,appended_new_activity,no_exact_core_match,,tpa-8babb68c6902de,BTR260630531,false
acc-c7c3dd81fb63ca82dec6,BTR-26-0630532,Building,appended_new_activity,no_exact_core_match,,tpa-a9259b57c29e86,BTR260630532,false
acc-93899c9134e236f25bc7,BTR-26-0630533,Building,appended_new_activity,no_exact_core_match,,tpa-ada2470fa1527d,BTR260630533,false
acc-f5796fad063c987d96e1,BTR-26-0630534,Building,appended_new_activity,no_exact_core_match,,tpa-2220210d0d1128,BTR260630534,false
acc-886e1c3a3d4a944695ce,BTR-26-0630535,Building,appended_new_activity,no_exact_core_match,,tpa-9ea792d4cbe585,BTR260630535,false
acc-aa41a2cb4a96c5a243b2,BTR-26-0630536,Building,appended_new_activity,no_exact_core_match,,tpa-4531f2a037ceb2,BTR260630536,false
acc-c3b64f1324863f010a8f,BTR-26-0630537,Building,appended_new_activity,no_exact_core_match,,tpa-e4db3df76259f8,BTR260630537,false
acc-c386f8aa7a658765604f,BTR-26-0630538,Building,appended_new_activity,no_exact_core_match,,tpa-be32626cfc2ba0,BTR260630538,false
acc-3149e6b17ef51fb2bd99,BTR-26-0630539,Building,appended_new_activity,no_exact_core_match,,tpa-c0463064ba29e2,BTR260630539,false
acc-0a97e2261f4e255a7de3,BTR-26-0630540,Building,appended_new_activity,no_exact_core_match,,tpa-dd175a54ab90aa,BTR260630540,false
acc-b76ddd0dc872e7531ef0,BTR-26-0630541,Building,appended_new_activity,no_exact_core_match,,tpa-dc47bcd4da84af,BTR260630541,false
acc-1c3c6fd114b3e981556d,BTR-26-0630542,Building,appended_new_activity,no_exact_core_match,,tpa-6ada58811f55e2,BTR260630542,false
acc-8d461b996ee27002b8ba,BTR-26-0630543,Building,appended_new_activity,no_exact_core_match,,tpa-7b7586be4a15f8,BTR260630543,false
acc-3997bc13843926b88c18,BTR-26-0630544,Building,appended_new_activity,no_exact_core_match,,tpa-113468d9ddc929,BTR260630544,false
acc-52d67fa7893c5a86b4c4,BTR-26-0630545,Building,appended_new_activity,no_exact_core_match,,tpa-1e03c9d230161b,BTR260630545,false
acc-0559131479123a73e313,BTR-26-0630546,Building,appended_new_activity,no_exact_core_match,,tpa-22d9c8c0a69137,BTR260630546,false
acc-2b0facb004ec38dbf206,BTR-26-0630547,Building,appended_new_activity,no_exact_core_match,,tpa-c6c98a23cd4381,BTR260630547,false
acc-eaf3e4c4e13131deab90,BTR-26-0630548,Building,appended_new_activity,no_exact_core_match,,tpa-a895a0bde4d625,BTR260630548,false
acc-40589fecb520af601028,BTR-26-0630549,Building,appended_new_activity,no_exact_core_match,,tpa-171971a1e467de,BTR260630549,false
acc-e75813cd4343cb10454c,BTR-26-0630550,Building,appended_new_activity,no_exact_core_match,,tpa-8bcdd9edf2c21b,BTR260630550,false
acc-b9b4090ecf3ec1996477,BTR-26-0630551,Building,appended_new_activity,no_exact_core_match,,tpa-f94dc642775e12,BTR260630551,false
acc-57245522ad7a79dc8e46,BTR-26-0630552,Building,appended_new_activity,no_exact_core_match,,tpa-a2df920dfc109d,BTR260630552,false
acc-41d6ea0d2af1d95ab5ee,BTR-26-0630553,Building,appended_new_activity,no_exact_core_match,,tpa-41252b5e1410ae,BTR260630553,false
acc-88124d99f09e608b7113,BTR-26-0630554,Building,appended_new_activity,no_exact_core_match,,tpa-4c1a0aeae099b2,BTR260630554,false
acc-5edae3fbefc5014dd00f,BTR-26-0630555,Building,appended_new_activity,no_exact_core_match,,tpa-8317fdbcd7175c,BTR260630555,false
acc-4c9dde86541d48d6892c,BTR-26-0630556,Building,appended_new_activity,no_exact_core_match,,tpa-030dc7dd106509,BTR260630556,false
acc-45b3aa37ab89aa469242,BTR-26-0630557,Building,appended_new_activity,no_exact_core_match,,tpa-dd4e2f98a001bc,BTR260630557,false
acc-1f48e0414b177c61823f,BTR-26-0630558,Building,appended_new_activity,no_exact_core_match,,tpa-b0a75b9b07cb63,BTR260630558,false
acc-4ac1225c70923f182381,BTR-26-0630559,Building,appended_new_activity,no_exact_core_match,,tpa-6339d4143b3e80,BTR260630559,false
acc-5127d64f0e2de856edfe,BTR-26-0630560,Building,appended_new_activity,no_exact_core_match,,tpa-9e310572ea9e10,BTR260630560,false
acc-a9d66d546c3aacb3db36,BTR-26-0630561,Building,appended_new_activity,no_exact_core_match,,tpa-d8e44a2ff1a329,BTR260630561,false
acc-1f770a7eab7081e90d46,BTR-26-0630562,Building,appended_new_activity,no_exact_core_match,,tpa-fd8d887e94af93,BTR260630562,false
acc-e9660a6b7ba6432951de,BTR-26-0630563,Building,appended_new_activity,no_exact_core_match,,tpa-f95374a95bb5f6,BTR260630563,false
acc-9cda3d13813a3526db17,BTR-26-0630564,Building,appended_new_activity,no_exact_core_match,,tpa-38845053610949,BTR260630564,false
acc-6a2cf8ff2d9ddec04d45,BTR-26-0630565,Building,appended_new_activity,no_exact_core_match,,tpa-e63d2cc8329bb9,BTR260630565,false
acc-bfe62e479778873d77ff,BTR-26-0630566,Building,appended_new_activity,no_exact_core_match,,tpa-ea74f1cb2e94f1,BTR260630566,false
acc-6de2ea3d8c0a1b1958c7,BTR-26-0630567,Building,appended_new_activity,no_exact_core_match,,tpa-f9e8853767355c,BTR260630567,false
acc-f7498215976098977228,BTR-26-0630568,Building,appended_new_activity,no_exact_core_match,,tpa-6e649094ce2e9b,BTR260630568,false
acc-45647b144e4dd249da90,BTR-26-0630569,Building,appended_new_activity,no_exact_core_match,,tpa-8f8f295281199a,BTR260630569,false
acc-220020cb12a9926d43b0,BTR-26-0630570,Building,appended_new_activity,no_exact_core_match,,tpa-1989096e6821fa,BTR260630570,false
acc-459e959accbe85fdf1f7,BTR-26-0630571,Building,appended_new_activity,no_exact_core_match,,tpa-e7fe00d21f08cc,BTR260630571,false
acc-35f57af944573ec2f9f6,BTR-26-0630572,Building,appended_new_activity,no_exact_core_match,,tpa-d4f34b1a3e090d,BTR260630572,false
acc-323f1ff02d34042e29d0,BTR-26-0630573,Building,appended_new_activity,no_exact_core_match,,tpa-79a97c6507add5,BTR260630573,false
acc-92f0852ed7abda5e9a88,BTR-26-0630574,Building,appended_new_activity,no_exact_core_match,,tpa-12f6ba00d99b90,BTR260630574,false
acc-6e5848092e1ed9cc66cc,BTR-26-0630575,Building,appended_new_activity,no_exact_core_match,,tpa-8be24cc9c048ae,BTR260630575,false
acc-f528421f075d47d47687,BTR-26-0630576,Building,appended_new_activity,no_exact_core_match,,tpa-66085cd149fc99,BTR260630576,false
acc-21b7cea535647c7d0d1b,BTR-26-0630577,Building,appended_new_activity,no_exact_core_match,,tpa-f199909f391701,BTR260630577,false
acc-f2100132be6d461f20fe,BTR-26-0630578,Building,appended_new_activity,no_exact_core_match,,tpa-b91021e3cf5808,BTR260630578,false
acc-364e289313510f59e0cf,BTR-26-0630579,Building,appended_new_activity,no_exact_core_match,,tpa-377f4d889af127,BTR260630579,false
acc-1c6ab502343ed84dd7f9,BTR-26-0630580,Building,appended_new_activity,no_exact_core_match,,tpa-01d95dcfbd2d1c,BTR260630580,false
acc-ac174af75fd7972f22ea,BTR-26-0630581,Building,appended_new_activity,no_exact_core_match,,tpa-3008647578ba3f,BTR260630581,false
acc-645f5ff61487e83afe52,BTR-26-0630582,Building,appended_new_activity,no_exact_core_match,,tpa-f6aac383fc2463,BTR260630582,false
acc-b44a75f5e79069cb8823,BTR-26-0630583,Building,appended_new_activity,no_exact_core_match,,tpa-35eea7dc960e73,BTR260630583,false
acc-222dfe68b3ae34e4e849,BTR-26-0630584,Building,appended_new_activity,no_exact_core_match,,tpa-a5f621a9d8e0a9,BTR260630584,false
acc-3f72e4c732545827aba9,BTR-26-0630585,Building,appended_new_activity,no_exact_core_match,,tpa-aa913ef5d3b006,BTR260630585,false
acc-73a7864b5f96ccb920d4,BTR-26-0630586,Building,appended_new_activity,no_exact_core_match,,tpa-a644529eeba3cf,BTR260630586,false
acc-f52970c483750ab1ae45,BTR-26-0630587,Building,appended_new_activity,no_exact_core_match,,tpa-15e4e70553e3e2,BTR260630587,false
acc-faf4143f5d535f8c6cf6,BTR-26-0630588,Building,appended_new_activity,no_exact_core_match,,tpa-8cee2d30f31d0b,BTR260630588,false
acc-5d4943b9e09f69b8a486,BTR-26-0630589,Building,appended_new_activity,no_exact_core_match,,tpa-78854734bc021e,BTR260630589,false
acc-be2bb3083fcc04d7df85,BTR-26-0630590,Building,appended_new_activity,no_exact_core_match,,tpa-88c23a67531a30,BTR260630590,false
acc-963c8fcf40af9ffca362,BTR-26-0630591,Building,appended_new_activity,no_exact_core_match,,tpa-d81010d165a8ea,BTR260630591,false
acc-307bd72c22d999df7e6a,BTR-26-0630592,Building,appended_new_activity,no_exact_core_match,,tpa-81fad8f37d94d5,BTR260630592,false
acc-26a6fe49b0d3d6e2faff,BTR-26-0630593,Building,appended_new_activity,no_exact_core_match,,tpa-4d476bbfd14de0,BTR260630593,false
acc-bec7f64e11a3c5a6f5bb,BTR-26-0630594,Building,appended_new_activity,no_exact_core_match,,tpa-de4cf6d0e4c9bf,BTR260630594,false
acc-ca1f82a424759ccfe2fa,BTR-26-0630595,Building,appended_new_activity,no_exact_core_match,,tpa-09eae9c31cb03a,BTR260630595,false
acc-c98d089d82675a1dd093,BTR-26-0630596,Building,appended_new_activity,no_exact_core_match,,tpa-e65050289fe523,BTR260630596,false
acc-687655931f922fa3c8f2,BTR-26-0630597,Building,appended_new_activity,no_exact_core_match,,tpa-171980d811623f,BTR260630597,false
acc-9578d046bac37a62e26a,BTR-26-0630598,Building,appended_new_activity,no_exact_core_match,,tpa-8beb1ebfa04ee7,BTR260630598,false
acc-451b11f1912cea658539,BTR-26-0630599,Building,appended_new_activity,no_exact_core_match,,tpa-0ae42589b0206f,BTR260630599,false
acc-ec2c96bef7f66acdc13e,BTR-26-0630600,Building,appended_new_activity,no_exact_core_match,,tpa-62386784c09dcd,BTR260630600,false
acc-2e44feb84075c43ef100,BTR-26-0630601,Building,appended_new_activity,no_exact_core_match,,tpa-ce02d6abc29c2e,BTR260630601,false
acc-e364db57ccffed95ff6d,BTR-26-0630602,Building,appended_new_activity,no_exact_core_match,,tpa-5637ad607d6ebb,BTR260630602,false
acc-c6707bb7ffd5c875aa45,BTR-26-0630603,Building,appended_new_activity,no_exact_core_match,,tpa-bacf83aac960fb,BTR260630603,false
acc-a9c5d6c827f3326b9298,BTR-26-0630604,Building,appended_new_activity,no_exact_core_match,,tpa-1dfa6218db73e6,BTR260630604,false
acc-b0be19d54716992f8158,BTR-26-0630605,Building,appended_new_activity,no_exact_core_match,,tpa-402157d865c8d8,BTR260630605,false
acc-930f0bc93a30269a4df2,BTR-26-0630606,Building,appended_new_activity,no_exact_core_match,,tpa-2c5b0dbcc6c4dd,BTR260630606,false
acc-95408737eff34f503814,BTR-26-0630607,Building,appended_new_activity,no_exact_core_match,,tpa-861641fac007aa,BTR260630607,false
acc-34a178b109b441d0960d,BTR-26-0630608,Building,appended_new_activity,no_exact_core_match,,tpa-a2f3f5e4c49d9a,BTR260630608,false
acc-4214a259a406886f7d7a,BTR-26-0630609,Building,appended_new_activity,no_exact_core_match,,tpa-af708028b68558,BTR260630609,false
acc-6928cc25cd2d8aa86c33,BTR-26-0630610,Building,appended_new_activity,no_exact_core_match,,tpa-37edec4edacf49,BTR260630610,false
acc-48a1a44cff1d70091aab,BTR-26-0630611,Building,appended_new_activity,no_exact_core_match,,tpa-050a47bf60776f,BTR260630611,false
acc-15e7da25ea3149029d97,BTR-26-0630612,Building,appended_new_activity,no_exact_core_match,,tpa-87634c137980ac,BTR260630612,false
acc-c9fa1a76634af2251d1e,BTR-26-0630613,Building,appended_new_activity,no_exact_core_match,,tpa-a3e01e0281e460,BTR260630613,false
acc-c090cc87f24789fd2b8f,BTR-26-0630614,Building,appended_new_activity,no_exact_core_match,,tpa-ecc0f770ef6824,BTR260630614,false
acc-7abfa6968fbbdff36eca,BTR-26-0630615,Building,appended_new_activity,no_exact_core_match,,tpa-9c71afaecfbaca,BTR260630615,false
acc-8b05717f80b25847d2e7,BTR-26-0630616,Building,appended_new_activity,no_exact_core_match,,tpa-5006f3dad1283e,BTR260630616,false
acc-35b2fb74764463345ad6,BTR-26-0630617,Building,appended_new_activity,no_exact_core_match,,tpa-24ee811aa07408,BTR260630617,false
acc-de11f1064ebcedbcc126,BTR-26-0630618,Building,appended_new_activity,no_exact_core_match,,tpa-bc2bafd766fe76,BTR260630618,false
acc-0f975cd3f83b8bb84bbe,BTR-26-0630619,Building,appended_new_activity,no_exact_core_match,,tpa-afbd5ac12141d5,BTR260630619,false
acc-8e3156f046676e51d3b1,BTR-26-0630620,Building,appended_new_activity,no_exact_core_match,,tpa-c09d2fb2e0af3c,BTR260630620,false
acc-e55f3186715ed0c33c60,BTR-26-0630621,Building,appended_new_activity,no_exact_core_match,,tpa-7a946d21ca1a86,BTR260630621,false
acc-0adef783e09090f54c45,BTR-26-0630622,Building,appended_new_activity,no_exact_core_match,,tpa-f4b39200786b9d,BTR260630622,false
acc-3015846fe4062c4f8069,BTR-26-0630623,Building,appended_new_activity,no_exact_core_match,,tpa-e1ab1f8b760aeb,BTR260630623,false
acc-2cf8c0ed9f5736f01973,BTR-26-0630624,Building,appended_new_activity,no_exact_core_match,,tpa-28562f2c3caf60,BTR260630624,false
acc-9eede552e0deacdf4a00,BTR-26-0630625,Building,appended_new_activity,no_exact_core_match,,tpa-a94319c2767a3c,BTR260630625,false
acc-71a9acc780035cbaa0f0,BTR-26-0630626,Building,appended_new_activity,no_exact_core_match,,tpa-92093f968e7870,BTR260630626,false
acc-114708c5fb16b2a604c0,BTR-26-0630627,Building,appended_new_activity,no_exact_core_match,,tpa-f51831d29fa7df,BTR260630627,false
acc-2c391563e6f85229f3bb,BTR-26-0630628,Building,appended_new_activity,no_exact_core_match,,tpa-f7a05b18e2dfa4,BTR260630628,false
acc-0f17de7f7f79126fb4cc,BTR-26-0630629,Building,appended_new_activity,no_exact_core_match,,tpa-3e661e57041bf3,BTR260630629,false
acc-05e9baae4e11497d7d89,BTR-26-0630630,Building,appended_new_activity,no_exact_core_match,,tpa-0749a9ee86cf2c,BTR260630630,false
acc-88ccf15d9a7f7c2230e1,BTR-26-0630631,Building,appended_new_activity,no_exact_core_match,,tpa-7e8f2851f9ed94,BTR260630631,false
acc-1c2c7094859c9899bfb2,BTR-26-0630632,Building,appended_new_activity,no_exact_core_match,,tpa-6ea7ace2794154,BTR260630632,false
acc-eb065aefb488117b3221,BTR-26-0630633,Building,appended_new_activity,no_exact_core_match,,tpa-de1739eaef4e63,BTR260630633,false
acc-4c6cf130c273637343af,BTR-26-0630634,Building,appended_new_activity,no_exact_core_match,,tpa-ac730df1079290,BTR260630634,false
acc-c5eec71b00dd4fa989d2,BTR-26-0630635,Building,appended_new_activity,no_exact_core_match,,tpa-847d43fbb11d06,BTR260630635,false
acc-eb541eca02c5f21aa8fe,BTR-26-0630636,Building,appended_new_activity,no_exact_core_match,,tpa-0ca7e177fec29a,BTR260630636,false
acc-a24ee4fc090a6588b5cd,BTR-26-0630637,Building,appended_new_activity,no_exact_core_match,,tpa-8c32966fa62bf1,BTR260630637,false
acc-e54fb5e732d3735d5140,BTR-26-0630638,Building,appended_new_activity,no_exact_core_match,,tpa-cce40d8b23d19d,BTR260630638,false
acc-b474ba98e00ef9ae74d7,BTR-26-0630639,Building,appended_new_activity,no_exact_core_match,,tpa-6bbdfeee412df6,BTR260630639,false
acc-572a43261173fac857e5,BTR-26-0630640,Building,appended_new_activity,no_exact_core_match,,tpa-409837a9f33306,BTR260630640,false
acc-08fe4553d34afcda2485,BTR-26-0630641,Building,appended_new_activity,no_exact_core_match,,tpa-e2b0fb1e818012,BTR260630641,false
acc-f847aeaf1cee91af7c58,BTR-26-0630642,Building,appended_new_activity,no_exact_core_match,,tpa-bd2b82a6e07900,BTR260630642,false
acc-a343452b97d6b67dac6f,BTR-26-0630643,Building,appended_new_activity,no_exact_core_match,,tpa-ce5e024d5a3c59,BTR260630643,false
acc-c5e8a3c6eb6aa9c8f87a,BTR-26-0630644,Building,appended_new_activity,no_exact_core_match,,tpa-52e47d271a8e56,BTR260630644,false
acc-4f9a3d9d5892b82be53f,BTR-26-0630645,Building,appended_new_activity,no_exact_core_match,,tpa-3e73c52bef5e55,BTR260630645,false
acc-c6f7bbbb9d4e3a1134c3,BTR-26-0630646,Building,appended_new_activity,no_exact_core_match,,tpa-fad6bc6ba88f50,BTR260630646,false
acc-6eba6368cbc5656fac9c,BTR-26-0630647,Building,appended_new_activity,no_exact_core_match,,tpa-7f67b98ba34fbd,BTR260630647,false
acc-d273249e7dcef0474859,BTR-26-0630648,Building,appended_new_activity,no_exact_core_match,,tpa-71e71da8059486,BTR260630648,false
acc-db65ff8fa640edfcc8c1,BTR-26-0630649,Building,appended_new_activity,no_exact_core_match,,tpa-94c5628940090f,BTR260630649,false
acc-67c8230d3e98b417e791,BTR-26-0630650,Building,appended_new_activity,no_exact_core_match,,tpa-db6c3da143008e,BTR260630650,false
acc-c00eeea7e35304cb1eaa,BTR-26-0630651,Building,appended_new_activity,no_exact_core_match,,tpa-998ce3edc56830,BTR260630651,false
acc-5a4f10c3f6c2a82de557,BTR-26-0630652,Building,appended_new_activity,no_exact_core_match,,tpa-f729f86dfc95b7,BTR260630652,false
acc-9ecb1850006e9a5defb2,BTR-26-0630653,Building,appended_new_activity,no_exact_core_match,,tpa-6b25d7cb8ecdb7,BTR260630653,false
acc-ff15ff5fb14838ca5f7f,BTR-26-0630654,Building,appended_new_activity,no_exact_core_match,,tpa-b8c3e1a27c69c3,BTR260630654,false
acc-f096f0676baa87c7b679,BTR-26-0630655,Building,appended_new_activity,no_exact_core_match,,tpa-40071b8dc3912f,BTR260630655,false
acc-ab3c4ab9d634b2481660,BTR-26-0630656,Building,appended_new_activity,no_exact_core_match,,tpa-f3feaf07594a0f,BTR260630656,false
acc-912e826d94259b0e50af,BTR-26-0630657,Building,appended_new_activity,no_exact_core_match,,tpa-876e31614262a4,BTR260630657,false
acc-54e7ca851182bd2a48e6,BTR-26-0630658,Building,appended_new_activity,no_exact_core_match,,tpa-ad93bf29ee0f0b,BTR260630658,false
acc-716c6f703feb5d33b6d8,BTR-26-0630659,Building,appended_new_activity,no_exact_core_match,,tpa-a2756ceb50e793,BTR260630659,false
acc-f163757b8b478544415a,BTR-26-0630660,Building,appended_new_activity,no_exact_core_match,,tpa-73fb4b322fc411,BTR260630660,false
acc-dab83a390e492dcd0d69,BTR-26-0630661,Building,appended_new_activity,no_exact_core_match,,tpa-fb631500e3f758,BTR260630661,false
acc-a9a85d7fd72da5bf1ab0,BTR-26-0630662,Building,appended_new_activity,no_exact_core_match,,tpa-2f103f1aa7c4ac,BTR260630662,false
acc-f6c932fa0fd4e100bbbb,BTR-26-0630663,Building,appended_new_activity,no_exact_core_match,,tpa-9b037ffd5a4b33,BTR260630663,false
acc-deef31e4e9db8cf6c3cf,BTR-26-0630664,Building,appended_new_activity,no_exact_core_match,,tpa-94f5e246d9f990,BTR260630664,false
acc-6e29f790330d862e883d,BTR-26-0630665,Building,appended_new_activity,no_exact_core_match,,tpa-5dd3fb83a5b0bc,BTR260630665,false
acc-1464b417a59976006303,BTR-26-0630666,Building,appended_new_activity,no_exact_core_match,,tpa-0c215e2d46150c,BTR260630666,false
acc-db8488f91c1572072000,BTR-26-0630667,Building,appended_new_activity,no_exact_core_match,,tpa-40c160cd05043a,BTR260630667,false
acc-00eb7684cf044c7c33c6,BTR-26-0630668,Building,appended_new_activity,no_exact_core_match,,tpa-ba295deaab75b0,BTR260630668,false
acc-d3d1757fe66ea530e4e9,BTR-26-0630669,Building,appended_new_activity,no_exact_core_match,,tpa-bdecc1adc530e1,BTR260630669,false
acc-92053703429a782b7eda,BTR-26-0630670,Building,appended_new_activity,no_exact_core_match,,tpa-ef706ad1fbb83c,BTR260630670,false
acc-d7d2a05d7cc80dc224bc,BTR-26-0630671,Building,appended_new_activity,no_exact_core_match,,tpa-ab36e127db2463,BTR260630671,false
acc-0098f5f2781d0aa68fe5,BTR-26-0630672,Building,appended_new_activity,no_exact_core_match,,tpa-e3f8c6b5327f84,BTR260630672,false
acc-c39f12cd015d58409569,BTR-26-0630673,Building,appended_new_activity,no_exact_core_match,,tpa-ddbb14eedb7027,BTR260630673,false
acc-ed437109320cf3ae899c,BTR-26-0630674,Building,appended_new_activity,no_exact_core_match,,tpa-59a1e10dc09f9e,BTR260630674,false
acc-b5bc4e2ac4123b9f5fa0,BTR-26-0630675,Building,appended_new_activity,no_exact_core_match,,tpa-756e5d0b9576d5,BTR260630675,false
acc-f0e742994f42f158c551,BTR-26-0630676,Building,appended_new_activity,no_exact_core_match,,tpa-14513fac8df077,BTR260630676,false
acc-03ac3ecf7ab9bcb0840a,BTR-26-0630677,Building,appended_new_activity,no_exact_core_match,,tpa-12735241ba634f,BTR260630677,false
acc-354a48f8ca43b4e15304,BTR-26-0630678,Building,appended_new_activity,no_exact_core_match,,tpa-454c8d0e7a3154,BTR260630678,false
acc-c4dd15da8393651920a4,BTR-26-0630679,Building,appended_new_activity,no_exact_core_match,,tpa-4e31bbd5a6108f,BTR260630679,false
acc-ccefcdd0571b9e496080,BTR-26-0630680,Building,appended_new_activity,no_exact_core_match,,tpa-c78f0c31e29ebc,BTR260630680,false
acc-15550ec20a93fac1e47f,BTR-26-0630681,Building,appended_new_activity,no_exact_core_match,,tpa-8b50dcf0f9fa3f,BTR260630681,false
acc-ad17a86772c8bc99baa7,BTR-26-0630682,Building,appended_new_activity,no_exact_core_match,,tpa-ce7423840fafa0,BTR260630682,false
acc-918f840ae2d12a1f9468,BTR-26-0630683,Building,appended_new_activity,no_exact_core_match,,tpa-1c53dcfc72a02c,BTR260630683,false
acc-9da2fb8dd4350530ea6a,BTR-26-0630684,Building,appended_new_activity,no_exact_core_match,,tpa-d329bfc94a38d5,BTR260630684,false
acc-5c2cb632d0027957ef7a,BTR-26-0630685,Building,appended_new_activity,no_exact_core_match,,tpa-c5ef12cf72f4f3,BTR260630685,false
acc-833b99bd7f203fdd8269,BTR-26-0630686,Building,appended_new_activity,no_exact_core_match,,tpa-f4e6a0c34d6fec,BTR260630686,false
acc-be271f24ba525814d26c,BTR-26-0630687,Building,appended_new_activity,no_exact_core_match,,tpa-36dc8bd805962e,BTR260630687,false
acc-07409c76f5f50482c1af,BTR-26-0630688,Building,appended_new_activity,no_exact_core_match,,tpa-bead94c73d825a,BTR260630688,false
acc-5aa948a73a7b384db33e,BTR-26-0630689,Building,appended_new_activity,no_exact_core_match,,tpa-52448792bc57d4,BTR260630689,false
acc-3303796a2ea3db97cccd,BTR-26-0630690,Building,appended_new_activity,no_exact_core_match,,tpa-506127a1cb6f53,BTR260630690,false
acc-ad83b59d78d4786fc039,BTR-26-0630691,Building,appended_new_activity,no_exact_core_match,,tpa-7eb69219ebf846,BTR260630691,false
acc-1fb6061eb4babf7df8ed,BTR-26-0630692,Building,appended_new_activity,no_exact_core_match,,tpa-90e011e94bec8d,BTR260630692,false
acc-9fa8dd48f9edc78902f2,BTR-26-0630693,Building,appended_new_activity,no_exact_core_match,,tpa-5c53da271cfbb2,BTR260630693,false
acc-3cb468ecbef45f511f79,BTR-26-0630694,Building,appended_new_activity,no_exact_core_match,,tpa-61512c821f1280,BTR260630694,false
acc-10a388bc9babb68a1dde,BTR-26-0630695,Building,appended_new_activity,no_exact_core_match,,tpa-09a8a62b3f2ae5,BTR260630695,false
acc-08be4afeed3ea0571cb5,BTR-26-0630696,Building,appended_new_activity,no_exact_core_match,,tpa-a404d8af08f09e,BTR260630696,false
acc-5573b8490e88efc17956,BTR-26-0630697,Building,appended_new_activity,no_exact_core_match,,tpa-9bbe0103279617,BTR260630697,false
acc-b0a6355bd8b65732f58a,BTR-26-0630698,Building,appended_new_activity,no_exact_core_match,,tpa-b20e4c38cb48f6,BTR260630698,false
acc-e1f5db7ab85dbdd3a97c,BTR-26-0630699,Building,appended_new_activity,no_exact_core_match,,tpa-ab0ddc9a628b77,BTR260630699,false
acc-71356c4bb2de91578ffc,BTR-26-0630700,Building,appended_new_activity,no_exact_core_match,,tpa-1d11148ee766b8,BTR260630700,false
acc-869f896ef64a9a0d731c,BTR-26-0630701,Building,appended_new_activity,no_exact_core_match,,tpa-919285730a9103,BTR260630701,false
acc-47f4b6df56d1d6b3dceb,BTR-26-0630702,Building,appended_new_activity,no_exact_core_match,,tpa-e5a75301b00a19,BTR260630702,false
acc-4209d359162829ee981a,BTR-26-0630703,Building,appended_new_activity,no_exact_core_match,,tpa-1edddd7e667d24,BTR260630703,false
acc-3f9dd33df350d939a447,BTR-26-0630704,Building,appended_new_activity,no_exact_core_match,,tpa-e4292f16ddfbf1,BTR260630704,false
acc-4ce3717283d89a0bc608,BTR-26-0630705,Building,appended_new_activity,no_exact_core_match,,tpa-8fd15d733402db,BTR260630705,false
acc-3ac04830ac761a12a7a1,BTR-26-0630706,Building,appended_new_activity,no_exact_core_match,,tpa-a03e739eb2155f,BTR260630706,false
acc-18c40b0814d6697acd23,BTR-26-0630707,Building,appended_new_activity,no_exact_core_match,,tpa-548ae96c06d3fc,BTR260630707,false
acc-f58ac5fffc1eabe41b50,BTR-26-0630708,Building,appended_new_activity,no_exact_core_match,,tpa-61495068ac5f1f,BTR260630708,false
acc-1b0654c5aca4e9196020,BTR-26-0630709,Building,appended_new_activity,no_exact_core_match,,tpa-03b3256ed533be,BTR260630709,false
acc-4f6b3fb2fa9ae4e2828d,BTR-26-0630710,Building,appended_new_activity,no_exact_core_match,,tpa-ab7a01fb258014,BTR260630710,false
acc-d385c4bbb2f07a31abd5,BTR-26-0630711,Building,appended_new_activity,no_exact_core_match,,tpa-cc985bd84618f1,BTR260630711,false
acc-7de927d498cd63f857cf,BTR-26-0630712,Building,appended_new_activity,no_exact_core_match,,tpa-795f4cbcc53660,BTR260630712,false
acc-30180c48702a5dd662f6,BTR-26-0630713,Building,appended_new_activity,no_exact_core_match,,tpa-1f36fa1d221645,BTR260630713,false
acc-47950be7f70dd9060f89,BTR-26-0630714,Building,appended_new_activity,no_exact_core_match,,tpa-9474b54ae79106,BTR260630714,false
acc-4f74608f7a771b27fec9,BTR-26-0630715,Building,appended_new_activity,no_exact_core_match,,tpa-cfa4083f0dea31,BTR260630715,false
acc-5fc841ed470fd016c2a8,BTR-26-0630716,Building,appended_new_activity,no_exact_core_match,,tpa-a6e405e3985073,BTR260630716,false
acc-bfd36c17d5f5ca60c7f0,BTR-26-0630717,Building,appended_new_activity,no_exact_core_match,,tpa-4fac26badc8fcb,BTR260630717,false
acc-879bf322ebb4dca5610e,BTR-26-0630718,Building,appended_new_activity,no_exact_core_match,,tpa-f623ad0736f263,BTR260630718,false
acc-d428b2da4d4b6b1f0484,BTR-26-0630719,Building,appended_new_activity,no_exact_core_match,,tpa-d26c04d7ba36c1,BTR260630719,false
acc-b572b27f979d92aac71c,BTR-26-0630720,Building,appended_new_activity,no_exact_core_match,,tpa-a17d47cd8ea854,BTR260630720,false
acc-826e1db999078dab6045,BTR-26-0630721,Building,appended_new_activity,no_exact_core_match,,tpa-6fcf9dba1c7521,BTR260630721,false
acc-5ca68afcf517963ffce7,BTR-26-0630722,Building,appended_new_activity,no_exact_core_match,,tpa-1eee56e040d3a2,BTR260630722,false
acc-96ecd4238bcf24d65e0e,BTR-26-0630723,Building,appended_new_activity,no_exact_core_match,,tpa-e68ff5087e4069,BTR260630723,false
acc-526b43d78b0dd85dd0eb,BTR-26-0630724,Building,appended_new_activity,no_exact_core_match,,tpa-03c66e93bb444d,BTR260630724,false
acc-01b50953a526173187e7,BTR-26-0630725,Building,appended_new_activity,no_exact_core_match,,tpa-9d590ae41d7fe8,BTR260630725,false
acc-aa07a581eb710355e31a,BTR-26-0630726,Building,appended_new_activity,no_exact_core_match,,tpa-5ae2448b260c4a,BTR260630726,false
acc-27fc2d4f42e12e862015,BTR-26-0630727,Building,appended_new_activity,no_exact_core_match,,tpa-8a18855664a0aa,BTR260630727,false
acc-41e628c75f12a237711a,BTR-26-0630728,Building,appended_new_activity,no_exact_core_match,,tpa-11ba9dbfc208d4,BTR260630728,false
acc-538672a263335d178253,BTR-26-0630729,Building,appended_new_activity,no_exact_core_match,,tpa-6849bff766a89b,BTR260630729,false
acc-c8a7321bc1b7f968939e,BTR-26-0630730,Building,appended_new_activity,no_exact_core_match,,tpa-150b97bc04488b,BTR260630730,false
acc-186de21e542894a9e8a7,BTR-26-0630731,Building,appended_new_activity,no_exact_core_match,,tpa-c7edfced9b607c,BTR260630731,false
acc-4e92cae86c96a9938f54,BTR-26-0630732,Building,appended_new_activity,no_exact_core_match,,tpa-4981ebbaf1077c,BTR260630732,false
acc-19bc13eda7a14d7873f1,BTR-26-0630733,Building,appended_new_activity,no_exact_core_match,,tpa-4b47770de05edc,BTR260630733,false
acc-149c9e156beb876259e4,BTR-26-0630734,Building,appended_new_activity,no_exact_core_match,,tpa-f0eabbfcc0a5b1,BTR260630734,false
acc-bbcb92e5aa62efb694df,BTR-26-0630735,Building,appended_new_activity,no_exact_core_match,,tpa-1c0c9c50a87b2e,BTR260630735,false
acc-9d2f85e2e063c4f0c2e5,BTR-26-0630736,Building,appended_new_activity,no_exact_core_match,,tpa-2bea58c53cc8c4,BTR260630736,false
acc-4cd79aa642d58fb9a93f,BTR-26-0630737,Building,appended_new_activity,no_exact_core_match,,tpa-459ca3a0f565b0,BTR260630737,false
acc-88b160bdbea1c9cf44a1,BTR-26-0630738,Building,appended_new_activity,no_exact_core_match,,tpa-62d9dbaca447fc,BTR260630738,false
acc-1b9699e0d8087debd25e,BTR-26-0630739,Building,appended_new_activity,no_exact_core_match,,tpa-169420055cc3d3,BTR260630739,false
acc-e628ecbe4a61347c3896,BTR-26-0630740,Building,appended_new_activity,no_exact_core_match,,tpa-0d03022d428ece,BTR260630740,false
acc-526d30822b6f9a62b9d0,BTR-26-0630741,Building,appended_new_activity,no_exact_core_match,,tpa-9d82cf92ebcad8,BTR260630741,false
acc-cd265ae2518b4a83c1ae,BTR-26-0630742,Building,appended_new_activity,no_exact_core_match,,tpa-7b93f15242e0df,BTR260630742,false
acc-6a2b1cc30057aacaf9ff,BTR-26-0630743,Building,appended_new_activity,no_exact_core_match,,tpa-7828067dfcbad1,BTR260630743,false
acc-3bc78b0ff12ec1cc50bd,BTR-26-0630744,Building,appended_new_activity,no_exact_core_match,,tpa-681bd0b1a0222c,BTR260630744,false
acc-f4f415c11c444dc7ef7a,BTR-26-0630745,Building,appended_new_activity,no_exact_core_match,,tpa-6d181e23e155aa,BTR260630745,false
acc-9cb8d8fa22f87a1249b5,BTR-26-0630746,Building,appended_new_activity,no_exact_core_match,,tpa-1b7f92e1a86722,BTR260630746,false
acc-6b3a62aeec7ce8542aa8,BTR-26-0630747,Building,appended_new_activity,no_exact_core_match,,tpa-369e9f98aa10c9,BTR260630747,false
acc-31aadfca9bd0ffbecdf1,BTR-26-0630748,Building,appended_new_activity,no_exact_core_match,,tpa-9843fda5537239,BTR260630748,false
acc-572cf81dfc97f8e54a68,BTR-26-0630749,Building,appended_new_activity,no_exact_core_match,,tpa-3ccede8fc273e6,BTR260630749,false
acc-d3e2390b0c34ab6ad434,BTR-26-0630750,Building,appended_new_activity,no_exact_core_match,,tpa-8ed74d4089d46f,BTR260630750,false
acc-19ee0d45a7348d1f64a2,BTR-26-0630751,Building,appended_new_activity,no_exact_core_match,,tpa-9a94094258a8d7,BTR260630751,false
acc-10e596e0a51539d4ffde,BTR-26-0630752,Building,appended_new_activity,no_exact_core_match,,tpa-f272a79f92c14e,BTR260630752,false
acc-630402106984aa70201b,BTR-26-0630753,Building,appended_new_activity,no_exact_core_match,,tpa-a614a4dfa5e6c1,BTR260630753,false
acc-e77ea0d551277d16361d,BTR-26-0630754,Building,appended_new_activity,no_exact_core_match,,tpa-d94d9e119bc548,BTR260630754,false
acc-f255bba40229f38997e0,BTR-26-0630755,Building,appended_new_activity,no_exact_core_match,,tpa-117da68e027d58,BTR260630755,false
acc-ee45c5a1f153bcd0003a,BTR-26-0630756,Building,appended_new_activity,no_exact_core_match,,tpa-22b5636394d1c8,BTR260630756,false
acc-3684cb0cc5c55adcd272,BTR-26-0630757,Building,appended_new_activity,no_exact_core_match,,tpa-e627e8e38edfc7,BTR260630757,false
acc-572526a98251132a088b,BTR-26-0630758,Building,appended_new_activity,no_exact_core_match,,tpa-ae9e888b687939,BTR260630758,false
acc-2fcb3512114a0e1c34b0,BTR-26-0630759,Building,appended_new_activity,no_exact_core_match,,tpa-74df54480101de,BTR260630759,false
acc-970026db1a22702dc00e,BTR-26-0630760,Building,appended_new_activity,no_exact_core_match,,tpa-1e5e8d8caf41f9,BTR260630760,false
acc-548cb8b2edeb98bd96a1,BTR-26-0630761,Building,appended_new_activity,no_exact_core_match,,tpa-b51558bb8281a9,BTR260630761,false
acc-e4b255afdf548c858bf8,BTR-26-0630762,Building,appended_new_activity,no_exact_core_match,,tpa-1713852c4caaf9,BTR260630762,false
acc-7a63d83a46ce9aa695ca,BTR-26-0630763,Building,appended_new_activity,no_exact_core_match,,tpa-648d1b28ae71e4,BTR260630763,false
acc-1b89f50d72bc65071184,BTR-26-0630764,Building,appended_new_activity,no_exact_core_match,,tpa-eaa8c8fea49434,BTR260630764,false
acc-d40611ba9dc3315d3966,BTR-26-0630765,Building,appended_new_activity,no_exact_core_match,,tpa-e82c61a12cea48,BTR260630765,false
acc-a2c74567d5daf326fa6b,BTR-26-0630766,Building,appended_new_activity,no_exact_core_match,,tpa-5445b2bdcf990c,BTR260630766,false
acc-71b8a75ee57eca02ee01,BTR-26-0630767,Building,appended_new_activity,no_exact_core_match,,tpa-2c0d65c254946e,BTR260630767,false
acc-17b5b0e5c91ffc385c4e,BTR-26-0630768,Building,appended_new_activity,no_exact_core_match,,tpa-b2b2ae98282a71,BTR260630768,false
acc-b7cd9e63d2703d2d8112,BTR-26-0630769,Building,appended_new_activity,no_exact_core_match,,tpa-c5d3048acef6df,BTR260630769,false
acc-8df83422ec21bed04988,BTR-26-0630770,Building,appended_new_activity,no_exact_core_match,,tpa-b300590e671e20,BTR260630770,false
acc-cb783cda28bbe6baa766,BTR-26-0630771,Building,appended_new_activity,no_exact_core_match,,tpa-7d63cc2e6f9554,BTR260630771,false
acc-c46a6aed8223dad14df9,BTR-26-0630772,Building,appended_new_activity,no_exact_core_match,,tpa-439ee065d7cffa,BTR260630772,false
acc-efe53d826f9fd6547954,BTR-26-0630773,Building,appended_new_activity,no_exact_core_match,,tpa-7193855926ada3,BTR260630773,false
acc-22f5e39f0769d8665ec0,BTR-26-0630774,Building,appended_new_activity,no_exact_core_match,,tpa-f3601f63c0653c,BTR260630774,false
acc-53f8f627fa21cb168255,BTR-26-0630775,Building,appended_new_activity,no_exact_core_match,,tpa-ef5b5078f5e220,BTR260630775,false
acc-08d054ded6befb2f18e3,BTR-26-0630776,Building,appended_new_activity,no_exact_core_match,,tpa-56875e42594e06,BTR260630776,false
acc-09419274f15ee2a99d4b,BTR-26-0630777,Building,appended_new_activity,no_exact_core_match,,tpa-1e9c4b98deb537,BTR260630777,false
acc-5d3b86f865eb565cf6f6,BTR-26-0630778,Building,appended_new_activity,no_exact_core_match,,tpa-768a18d9d1e69b,BTR260630778,false
acc-f02854ea4d2cf6f29709,BTR-26-0630779,Building,appended_new_activity,no_exact_core_match,,tpa-7ff7ef56f96a81,BTR260630779,false
acc-900790954eb8d0903ae6,BTR-26-0630780,Building,appended_new_activity,no_exact_core_match,,tpa-f34e359f26eb0b,BTR260630780,false
acc-4d78d1d63727a6029f4e,BTR-26-0630781,Building,appended_new_activity,no_exact_core_match,,tpa-e3c2013307fc8b,BTR260630781,false
acc-09abcd19b2ffbcfeaeef,BTR-26-0630782,Building,appended_new_activity,no_exact_core_match,,tpa-2b8d179fa31551,BTR260630782,false
acc-ae531d336da9816b28d8,BTR-26-0630783,Building,appended_new_activity,no_exact_core_match,,tpa-c99465416d9967,BTR260630783,false
acc-70e06f608dae89908c1b,BTR-26-0630784,Building,appended_new_activity,no_exact_core_match,,tpa-04fa29b6905568,BTR260630784,false
acc-148436ff9d2c175a1882,BTR-26-0630785,Building,appended_new_activity,no_exact_core_match,,tpa-b82e1ccfc24c8d,BTR260630785,false
acc-e4bd6321b36314991599,BTR-26-0630786,Building,appended_new_activity,no_exact_core_match,,tpa-351df4451ddbc6,BTR260630786,false
acc-837006c385aed0a919d9,BTR-26-0630787,Building,appended_new_activity,no_exact_core_match,,tpa-b5f0d17c695c05,BTR260630787,false
acc-4796a0dab02de8d37813,BTR-26-0630788,Building,appended_new_activity,no_exact_core_match,,tpa-776975edff0bcb,BTR260630788,false
acc-b38b84184995887fe767,BTR-26-0630789,Building,appended_new_activity,no_exact_core_match,,tpa-8f6207ebd842c9,BTR260630789,false
acc-3c9d0f4056ec8f10608b,BTR-26-0630790,Building,appended_new_activity,no_exact_core_match,,tpa-e44e5b76a69789,BTR260630790,false
acc-6f5b17565772536663a5,BTR-26-0630791,Building,appended_new_activity,no_exact_core_match,,tpa-c80dd370362bd4,BTR260630791,false
acc-6460d453829219c75d22,BTR-26-0630792,Building,appended_new_activity,no_exact_core_match,,tpa-04468dfce95c5f,BTR260630792,false
acc-f4020c688b3a3d7a9c6b,BTR-26-0630793,Building,appended_new_activity,no_exact_core_match,,tpa-28b0124dbf8576,BTR260630793,false
acc-6822f18dee8aa3297dd2,BTR-26-0630794,Building,appended_new_activity,no_exact_core_match,,tpa-fa62e948ea51ce,BTR260630794,false
acc-643c947f1e8a5323109b,BTR-26-0630795,Building,appended_new_activity,no_exact_core_match,,tpa-3b34c6f0aabca8,BTR260630795,false
acc-5b971e2ba00982e5daa5,BTR-26-0630796,Building,appended_new_activity,no_exact_core_match,,tpa-40501b151932d8,BTR260630796,false
acc-3f72be4ebc9ed035e1d3,BTR-26-0630797,Building,appended_new_activity,no_exact_core_match,,tpa-252a50ddd84df7,BTR260630797,false
acc-8c5a280ee9a8767375e8,BTR-26-0630798,Building,appended_new_activity,no_exact_core_match,,tpa-1ded7a2c46715b,BTR260630798,false
acc-295d69f22e62cb812c11,BTR-26-0630799,Building,appended_new_activity,no_exact_core_match,,tpa-f9c4284b23131c,BTR260630799,false
acc-5f9891f95f0a71d9dee9,BTR-26-0630800,Building,appended_new_activity,no_exact_core_match,,tpa-242cfeed38ef03,BTR260630800,false
acc-85966d355d1ce264c875,BTR-26-0630801,Building,appended_new_activity,no_exact_core_match,,tpa-b2126efb17fdc3,BTR260630801,false
acc-b033c16ae286b56d7770,BTR-26-0630802,Building,appended_new_activity,no_exact_core_match,,tpa-6fb6d768058880,BTR260630802,false
acc-07086a33bdfd7b749805,BTR-26-0630803,Building,appended_new_activity,no_exact_core_match,,tpa-e2b1647bd52728,BTR260630803,false
acc-d14c603d85bee669f7a1,BTR-26-0630804,Building,appended_new_activity,no_exact_core_match,,tpa-bf5fc95a1e9621,BTR260630804,false
acc-0fc19c5c433a2e52bfd4,BTR-26-0630805,Building,appended_new_activity,no_exact_core_match,,tpa-3ef1e0be175172,BTR260630805,false
acc-f90615523706a228d3a7,BTR-26-0630806,Building,appended_new_activity,no_exact_core_match,,tpa-337ad1e7931d10,BTR260630806,false
acc-aed5531500f362272c9f,BTR-26-0630807,Building,appended_new_activity,no_exact_core_match,,tpa-b7bf94d42313c9,BTR260630807,false
acc-8c9f894957dd28840aa8,BTR-26-0630808,Building,appended_new_activity,no_exact_core_match,,tpa-73baa98232c808,BTR260630808,false
acc-79c163bdbacbda0ddae4,BTR-26-0630809,Building,appended_new_activity,no_exact_core_match,,tpa-6e134950fc99c0,BTR260630809,false
acc-53efafc579079d77c2f6,BTR-26-0630810,Building,appended_new_activity,no_exact_core_match,,tpa-2273283749eeb4,BTR260630810,false
acc-61d698bcc2b05ba9e2af,BTR-26-0630811,Building,appended_new_activity,no_exact_core_match,,tpa-732221ce3aba0f,BTR260630811,false
acc-c5fdda09820d6e823568,BTR-26-0630812,Building,appended_new_activity,no_exact_core_match,,tpa-a1e999870b0d89,BTR260630812,false
acc-08a3868d6f7b20449f7b,BTR-26-0630813,Building,appended_new_activity,no_exact_core_match,,tpa-978918f6a7ffca,BTR260630813,false
acc-bb0a50eee63a78d4ae1d,BTR-26-0630814,Building,appended_new_activity,no_exact_core_match,,tpa-8fa357b2fab2f1,BTR260630814,false
acc-f0c7f28fe1f1d8798edf,BTR-26-0630815,Building,appended_new_activity,no_exact_core_match,,tpa-f58fef13c74b9a,BTR260630815,false
acc-bd8555d5a0360729c4e1,BTR-26-0630816,Building,appended_new_activity,no_exact_core_match,,tpa-7a95b2bcb7a8bb,BTR260630816,false
acc-9202f1ebcbd978a02804,BTR-26-0630817,Building,appended_new_activity,no_exact_core_match,,tpa-1fa1e236033013,BTR260630817,false
acc-df7f5358fa1c7e330683,BTR-26-0630818,Building,appended_new_activity,no_exact_core_match,,tpa-65ba4db7284762,BTR260630818,false
acc-160bfbaedb1716e20104,BTR-26-0630819,Building,appended_new_activity,no_exact_core_match,,tpa-0477ae97d4988e,BTR260630819,false
acc-b1e104bb8e625522c296,BTR-26-0630820,Building,appended_new_activity,no_exact_core_match,,tpa-a65ccb0d891554,BTR260630820,false
acc-3e3ae739f1105ca9c5bc,BTR-26-0630821,Building,appended_new_activity,no_exact_core_match,,tpa-baa0119e64a7a9,BTR260630821,false
acc-a525017ef57078a6b9cd,BTR-26-0630822,Building,appended_new_activity,no_exact_core_match,,tpa-362ef4ddcc0c9e,BTR260630822,false
acc-86be184d639a121e3745,BTR-26-0630823,Building,appended_new_activity,no_exact_core_match,,tpa-6990d3b19ff6c5,BTR260630823,false
acc-5b4a3499ff95a67d7a85,BTR-26-0630824,Building,appended_new_activity,no_exact_core_match,,tpa-b8033930c45397,BTR260630824,false
acc-647e347f483bdbd17131,BTR-26-0630825,Building,appended_new_activity,no_exact_core_match,,tpa-9fb8a448246b8a,BTR260630825,false
acc-8d230ffbced82c4b7233,BTR-26-0630826,Building,appended_new_activity,no_exact_core_match,,tpa-889151ff2217f3,BTR260630826,false
acc-00e0cee85288cd208c38,BTR-26-0630827,Building,appended_new_activity,no_exact_core_match,,tpa-24b248ebd702d7,BTR260630827,false
acc-04482817c901868afcb8,BTR-26-0630828,Building,appended_new_activity,no_exact_core_match,,tpa-2dcff2126ab06f,BTR260630828,false
acc-b20c6f48a41612144c3e,BTR-26-0630829,Building,appended_new_activity,no_exact_core_match,,tpa-bacbfd434906b5,BTR260630829,false
acc-f5b4a97180cf83bc0b11,BTR-26-0630830,Building,appended_new_activity,no_exact_core_match,,tpa-227edeacbcead8,BTR260630830,false
acc-28d49704eb42d3db1173,BTR-26-0630831,Building,appended_new_activity,no_exact_core_match,,tpa-cabb66260c040e,BTR260630831,false
acc-5dd096503341cf387342,BTR-26-0630832,Building,appended_new_activity,no_exact_core_match,,tpa-1938c5c0f21dd5,BTR260630832,false
acc-3dc5fc58d0072c04649b,BTR-26-0630833,Building,appended_new_activity,no_exact_core_match,,tpa-63411f204ba358,BTR260630833,false
acc-94b1797c2b018d54e4ec,BTR-26-0630834,Building,appended_new_activity,no_exact_core_match,,tpa-3cec66c744bdb2,BTR260630834,false
acc-636e9814a15cfb7b400b,BTR-26-0630835,Building,appended_new_activity,no_exact_core_match,,tpa-2ad8b79b8c2341,BTR260630835,false
acc-6f1cea6a119f309f396f,BTR-26-0630836,Building,appended_new_activity,no_exact_core_match,,tpa-b81448675be430,BTR260630836,false
acc-21fcb739396767e81d83,BTR-26-0630837,Building,appended_new_activity,no_exact_core_match,,tpa-bcd6c93ed41b9e,BTR260630837,false
acc-8938ee8b4add43364e2e,BTR-26-0630838,Building,appended_new_activity,no_exact_core_match,,tpa-228aacab195e22,BTR260630838,false
acc-53ac16347ccbfbcab297,BTR-26-0630839,Building,appended_new_activity,no_exact_core_match,,tpa-109711eb3ea475,BTR260630839,false
acc-c1ec9773d8e6b1ac3543,BTR-26-0630840,Building,appended_new_activity,no_exact_core_match,,tpa-756e8b7a49a66e,BTR260630840,false
acc-a439e299825c2f88bc47,BTR-26-0630841,Building,appended_new_activity,no_exact_core_match,,tpa-91757d98e75850,BTR260630841,false
acc-126c3c40bb1ae002be78,BTR-26-0630842,Building,appended_new_activity,no_exact_core_match,,tpa-80c1c836d7a0dd,BTR260630842,false
acc-6dffc0e7bab6672586bf,BTR-26-0630843,Building,appended_new_activity,no_exact_core_match,,tpa-ef6f7eecd4f06f,BTR260630843,false
acc-ee34ea988e2b8addebec,BTR-26-0630844,Building,appended_new_activity,no_exact_core_match,,tpa-8e75028cb9ac7e,BTR260630844,false
acc-3da607cd1301f3dbd66c,BTR-26-0630845,Building,appended_new_activity,no_exact_core_match,,tpa-2d4bedc66b4400,BTR260630845,false
acc-7a54279c5079847ac0b3,BTR-26-0630846,Building,appended_new_activity,no_exact_core_match,,tpa-d4d9c9ee522856,BTR260630846,false
acc-d9c5524f9430f86a3f22,BTR-26-0630847,Building,appended_new_activity,no_exact_core_match,,tpa-e02869e2e37299,BTR260630847,false
acc-adfbb09961221cfe7344,BTR-26-0630848,Building,appended_new_activity,no_exact_core_match,,tpa-cbeab51bd5944c,BTR260630848,false
acc-e74903dee1cf95320fc9,BTR-26-0630849,Building,appended_new_activity,no_exact_core_match,,tpa-65e36cd256bac6,BTR260630849,false
acc-2546c18a853b11a1c5be,BTR-26-0630850,Building,appended_new_activity,no_exact_core_match,,tpa-43a02e947beadf,BTR260630850,false
acc-e9f634836dab21a860b1,BTR-26-0630851,Building,appended_new_activity,no_exact_core_match,,tpa-279bd8e87d71a5,BTR260630851,false
acc-225d1a08a40b1242c40b,BTR-26-0630852,Building,appended_new_activity,no_exact_core_match,,tpa-b7beb3b6e1e85f,BTR260630852,false
acc-318135ba1c8a2c613300,BTR-26-0630853,Building,appended_new_activity,no_exact_core_match,,tpa-1fe2ed513b162b,BTR260630853,false
acc-2c481088d1942b709f48,BTR-26-0630854,Building,appended_new_activity,no_exact_core_match,,tpa-c67a8729dfa062,BTR260630854,false
acc-cf75d8c65b7e69c8634d,BTR-26-0630855,Building,appended_new_activity,no_exact_core_match,,tpa-fa7e45436277ae,BTR260630855,false
acc-f405499545f586e7a501,BTR-26-0630856,Building,appended_new_activity,no_exact_core_match,,tpa-b2be53490ab1f9,BTR260630856,false
acc-5446e35be990a28f7e2f,BTR-26-0630857,Building,appended_new_activity,no_exact_core_match,,tpa-7c9ad3319f7a2a,BTR260630857,false
acc-4a1602b93d0795c43c98,BTR-26-0630858,Building,appended_new_activity,no_exact_core_match,,tpa-e7ae6e756f235b,BTR260630858,false
acc-c9d0a95fc79d8f75efc4,BTR-26-0630859,Building,appended_new_activity,no_exact_core_match,,tpa-78d08cfab89731,BTR260630859,false
acc-c07c729283bde043b64b,BTR-26-0630860,Building,appended_new_activity,no_exact_core_match,,tpa-dded31877b497a,BTR260630860,false
acc-2708f244cab15863e971,BTR-26-0630861,Building,appended_new_activity,no_exact_core_match,,tpa-c5b5162a17ac4a,BTR260630861,false
acc-d3f05d42b25a3c7c6721,BTR-26-0630862,Building,appended_new_activity,no_exact_core_match,,tpa-8fb86dcfd21a3b,BTR260630862,false
acc-542f09ced907a26bb172,BTR-26-0630863,Building,appended_new_activity,no_exact_core_match,,tpa-2ede463a88f80c,BTR260630863,false
acc-7a67905bcf861b39210b,BTR-26-0630864,Building,appended_new_activity,no_exact_core_match,,tpa-764e5a15d2a647,BTR260630864,false
acc-a9f59ab9499a1725f212,BTR-26-0630865,Building,appended_new_activity,no_exact_core_match,,tpa-197e4f88b442c9,BTR260630865,false
acc-c0939b097ae9bc6ca854,BTR-26-0630866,Building,appended_new_activity,no_exact_core_match,,tpa-8ab2639b2a78ae,BTR260630866,false
acc-a713ba60b9761a5c3b98,BTR-26-0630867,Building,appended_new_activity,no_exact_core_match,,tpa-19c238a33e5394,BTR260630867,false
acc-db98d5b4be7715c07e86,BTR-26-0630868,Building,appended_new_activity,no_exact_core_match,,tpa-c76a1f17ea6758,BTR260630868,false
acc-eae705e08fc394887b19,BTR-26-0630869,Building,appended_new_activity,no_exact_core_match,,tpa-66b00c0b8d3099,BTR260630869,false
acc-c4b51e5784424d6b649b,BTR-26-0630870,Building,appended_new_activity,no_exact_core_match,,tpa-b12b3bf0cb4354,BTR260630870,false
acc-553dc6fda9552def944a,BTR-26-0630871,Building,appended_new_activity,no_exact_core_match,,tpa-454dc85951e211,BTR260630871,false
acc-9c12b7547230794bb6a6,BTR-26-0630872,Building,appended_new_activity,no_exact_core_match,,tpa-5a33bc30ec321d,BTR260630872,false
acc-f21343929f1141b5580a,BTR-26-0630873,Building,appended_new_activity,no_exact_core_match,,tpa-b1fb862034bfa8,BTR260630873,false
acc-89104e9a3b2f841d6cc0,BTR-26-0630874,Building,appended_new_activity,no_exact_core_match,,tpa-00f5513278a7e6,BTR260630874,false
acc-5948c12f58b40bf811c3,BTR-26-0630875,Building,appended_new_activity,no_exact_core_match,,tpa-dc1f882e78ce52,BTR260630875,false
acc-3232b3d8e0412883adf3,BTR-26-0630876,Building,appended_new_activity,no_exact_core_match,,tpa-046b602eb427d9,BTR260630876,false
acc-edcc9d707edfbffe3dc1,BTR-26-0630877,Building,appended_new_activity,no_exact_core_match,,tpa-137f4ce30c6763,BTR260630877,false
acc-7becdfc26923cd4e53be,BTR-26-0630878,Building,appended_new_activity,no_exact_core_match,,tpa-a9415cda342d22,BTR260630878,false
acc-30262998ac7bb8ef1990,BTR-26-0630879,Building,appended_new_activity,no_exact_core_match,,tpa-346979c5214fae,BTR260630879,false
acc-ef84a925b642c159f376,BTR-26-0630880,Building,appended_new_activity,no_exact_core_match,,tpa-d20db578ee97cf,BTR260630880,false
acc-5985a0353bb4b8d28a94,BTR-26-0630881,Building,appended_new_activity,no_exact_core_match,,tpa-045625f208dad7,BTR260630881,false
acc-0cf7a13a953e079b2d01,BTR-26-0630882,Building,appended_new_activity,no_exact_core_match,,tpa-96d7cb5f286ad7,BTR260630882,false
acc-16b5de3f64c1f08385c2,BTR-26-0630883,Building,appended_new_activity,no_exact_core_match,,tpa-898b8130a901a9,BTR260630883,false
acc-00747374736d543f1eda,BTR-26-0630884,Building,appended_new_activity,no_exact_core_match,,tpa-094ce974c6d189,BTR260630884,false
acc-d74131b6ae87e7017772,BTR-26-0630885,Building,appended_new_activity,no_exact_core_match,,tpa-be2bc05d760417,BTR260630885,false
acc-7bdd76004064962a79b1,BTR-26-0630886,Building,appended_new_activity,no_exact_core_match,,tpa-041a023d0512de,BTR260630886,false
acc-afdaf074d7a9b58aad73,BTR-26-0630887,Building,appended_new_activity,no_exact_core_match,,tpa-a33277b89c1957,BTR260630887,false
acc-2dc40c5b7ac714e60df1,BTR-26-0630888,Building,appended_new_activity,no_exact_core_match,,tpa-8c1602239070b0,BTR260630888,false
acc-18abf552f91ad4db0a81,BTR-26-0630889,Building,appended_new_activity,no_exact_core_match,,tpa-fea501c8076239,BTR260630889,false
acc-85568f25a517ba63a56d,BTR-26-0630890,Building,appended_new_activity,no_exact_core_match,,tpa-c621224d7ee8dd,BTR260630890,false
acc-41c0301543bee62ce8e9,BTR-26-0630891,Building,appended_new_activity,no_exact_core_match,,tpa-abba8c88a6fa1a,BTR260630891,false
acc-51a97dc93add27ddee4e,BTR-26-0630892,Building,appended_new_activity,no_exact_core_match,,tpa-aea3c531a07de2,BTR260630892,false
acc-0cd6580d0302bdd30ff1,BTR-26-0630893,Building,appended_new_activity,no_exact_core_match,,tpa-f1c972e9a82149,BTR260630893,false
acc-611751c5edf684d6b06d,BTR-26-0630894,Building,appended_new_activity,no_exact_core_match,,tpa-76ac52c4a38e24,BTR260630894,false
acc-d99bf37ba34ececaacde,BTR-26-0630895,Building,appended_new_activity,no_exact_core_match,,tpa-a8bcd4eab0fb7d,BTR260630895,false
acc-6443afa725fa8731c254,BTR-26-0630896,Building,appended_new_activity,no_exact_core_match,,tpa-5adb350d78abbb,BTR260630896,false
acc-0c91dc589a2a73a06540,BTR-26-0630897,Building,appended_new_activity,no_exact_core_match,,tpa-72f667f430a67c,BTR260630897,false
acc-5732c59891bff405df48,BTR-26-0630898,Building,appended_new_activity,no_exact_core_match,,tpa-76a37e8a390fbe,BTR260630898,false
acc-da990800c1728ee1fccb,BTR-26-0630899,Building,appended_new_activity,no_exact_core_match,,tpa-4fc58b88a36271,BTR260630899,false
acc-4dd31825fed8ef060ef7,BTR-26-0630900,Building,appended_new_activity,no_exact_core_match,,tpa-cd1aa19357f286,BTR260630900,false
acc-bf9517772258cba9e89a,BTR-26-0630901,Building,appended_new_activity,no_exact_core_match,,tpa-7f0361a1d8ab48,BTR260630901,false
acc-0ff4ceee7732ae584488,BTR-26-0630902,Building,appended_new_activity,no_exact_core_match,,tpa-0357429ac97069,BTR260630902,false
acc-3cfb31811353e4d5c97d,BTR-26-0630903,Building,appended_new_activity,no_exact_core_match,,tpa-9ffcc31edc01b8,BTR260630903,false
acc-e6538afd24ee2c13ec85,BTR-26-0630904,Building,appended_new_activity,no_exact_core_match,,tpa-d12a6b03451b4b,BTR260630904,false
acc-67792f61de337cf85a1d,BTR-26-0630905,Building,appended_new_activity,no_exact_core_match,,tpa-d3997972e027ba,BTR260630905,false
acc-0ce349f886ce8a10ca33,BTR-26-0630906,Building,appended_new_activity,no_exact_core_match,,tpa-4a3115863c86d7,BTR260630906,false
acc-1ba2d0062374ce371c9d,BTR-26-0630907,Building,appended_new_activity,no_exact_core_match,,tpa-1e3b66451ae513,BTR260630907,false
acc-65352d5d73f0b1a33520,BTR-26-0630908,Building,appended_new_activity,no_exact_core_match,,tpa-cc9941d58c8c86,BTR260630908,false
acc-90551405201c8485e492,BTR-26-0630909,Building,appended_new_activity,no_exact_core_match,,tpa-d6c9dc84ebba81,BTR260630909,false
acc-feb40bd5dc287744b57c,BTR-26-0630910,Building,appended_new_activity,no_exact_core_match,,tpa-5b5d28b094af17,BTR260630910,false
acc-662998cd3a66a3424ae1,BTR-26-0630911,Building,appended_new_activity,no_exact_core_match,,tpa-d5f8120e05f507,BTR260630911,false
acc-86eb6deedd25d5902bd9,BTR-26-0630912,Building,appended_new_activity,no_exact_core_match,,tpa-1ee709695f1d50,BTR260630912,false
acc-f3353d31a20683e2e12a,BTR-26-0630913,Building,appended_new_activity,no_exact_core_match,,tpa-85c40722c61b06,BTR260630913,false
acc-788f7a448e5c7e110161,BTR-26-0630914,Building,appended_new_activity,no_exact_core_match,,tpa-b9e3e8973b96ec,BTR260630914,false
acc-1135b84082ac6d264b2d,BTR-26-0630915,Building,appended_new_activity,no_exact_core_match,,tpa-51bf5ebd10f61c,BTR260630915,false
acc-5fd0112f30f613727cab,BTR-26-0630916,Building,appended_new_activity,no_exact_core_match,,tpa-78db546b12e00d,BTR260630916,false
acc-c38825a49cdf5c8abdd8,BTR-26-0630917,Building,appended_new_activity,no_exact_core_match,,tpa-6e226270df7c2c,BTR260630917,false
acc-5051f95a85c7c20d250c,BTR-26-0630918,Building,appended_new_activity,no_exact_core_match,,tpa-13a2b342763165,BTR260630918,false
acc-8e6461e056b1192e350d,BTR-26-0630919,Building,appended_new_activity,no_exact_core_match,,tpa-76923f0aaae734,BTR260630919,false
acc-6a504bce95d9b60c6b50,BTR-26-0630920,Building,appended_new_activity,no_exact_core_match,,tpa-c8b75d34aeaaeb,BTR260630920,false
acc-86c19a7f96f452cc985e,BTR-26-0630921,Building,appended_new_activity,no_exact_core_match,,tpa-c9353b3390a874,BTR260630921,false
acc-968245bf4a9e0f10f6ce,BTR-26-0630922,Building,appended_new_activity,no_exact_core_match,,tpa-da33f63476daaa,BTR260630922,false
acc-e51dded1d34322ffde39,BTR-26-0630923,Building,appended_new_activity,no_exact_core_match,,tpa-98ff7b009e3e58,BTR260630923,false
acc-58321c9593c3801ad634,BTR-26-0630924,Building,appended_new_activity,no_exact_core_match,,tpa-6918fea2bf5732,BTR260630924,false
acc-f0555e7e4388c0c1c5ab,BTR-26-0630925,Building,appended_new_activity,no_exact_core_match,,tpa-963e914a715d03,BTR260630925,false
acc-ad40afb912b6c67d2389,BTR-26-0630926,Building,appended_new_activity,no_exact_core_match,,tpa-29c49679386840,BTR260630926,false
acc-5d2a99b8e59c01c97a3a,BTR-26-0630927,Building,appended_new_activity,no_exact_core_match,,tpa-199ce8436fb2e3,BTR260630927,false
acc-23118d1364c08d6046f2,BTR-26-0630928,Building,appended_new_activity,no_exact_core_match,,tpa-ff9ea516efebb8,BTR260630928,false
acc-a8dfc34addc516bd5f9d,BTR-26-0630929,Building,appended_new_activity,no_exact_core_match,,tpa-70edae3e94c3cd,BTR260630929,false
acc-0cf22acefd16911fbcb1,BTR-26-0630930,Building,appended_new_activity,no_exact_core_match,,tpa-a96146d0602d1d,BTR260630930,false
acc-62344feb0f40fce476e8,BTR-26-0630931,Building,appended_new_activity,no_exact_core_match,,tpa-775f19c4789191,BTR260630931,false
acc-d62b84e6be7347387433,BTR-26-0630932,Building,appended_new_activity,no_exact_core_match,,tpa-958394ed6851a2,BTR260630932,false
acc-64d89930909f5a89c45e,BTR-26-0630933,Building,appended_new_activity,no_exact_core_match,,tpa-7e328394214516,BTR260630933,false
acc-703253ab246034808882,BTR-26-0630934,Building,appended_new_activity,no_exact_core_match,,tpa-ffe7dc14f19bae,BTR260630934,false
acc-16f84d9f16f655a31a15,BTR-26-0630935,Building,appended_new_activity,no_exact_core_match,,tpa-862c9ca6fc1d6b,BTR260630935,false
acc-0bcbe8cd708a25753cce,BTR-26-0630936,Building,appended_new_activity,no_exact_core_match,,tpa-28a2db402b8fe3,BTR260630936,false
acc-ff8416f1a388548feb0c,BTR-26-0630937,Building,appended_new_activity,no_exact_core_match,,tpa-a8f7c58814e173,BTR260630937,false
acc-9f2d4c32f49bb69a97af,BTR-26-0630938,Building,appended_new_activity,no_exact_core_match,,tpa-8056357851782b,BTR260630938,false
acc-4c29f7b07f7c8168e5ef,BTR-26-0630939,Building,appended_new_activity,no_exact_core_match,,tpa-e7f60821c4cb5d,BTR260630939,false
acc-2e86d338cb687b2b4794,BTR-26-0630940,Building,appended_new_activity,no_exact_core_match,,tpa-94db1c21e4ab60,BTR260630940,false
acc-377aa098a74ac8273734,BTR-26-0630941,Building,appended_new_activity,no_exact_core_match,,tpa-e3e25fe041e787,BTR260630941,false
acc-dbf1ab79f190f1714fa0,BTR-26-0630942,Building,appended_new_activity,no_exact_core_match,,tpa-f0b88beca12f29,BTR260630942,false
acc-ad47f30e43161793a436,BTR-26-0630943,Building,appended_new_activity,no_exact_core_match,,tpa-77703299e3ea49,BTR260630943,false
acc-6f3a5a7e028276254472,BTR-26-0630944,Building,appended_new_activity,no_exact_core_match,,tpa-11aeab10e75b15,BTR260630944,false
acc-9b13f35d25e4de88a945,BTR-26-0630945,Building,appended_new_activity,no_exact_core_match,,tpa-cacf87db93dcf9,BTR260630945,false
acc-1e9a03b5d71c5d56dc82,BTR-26-0630946,Building,appended_new_activity,no_exact_core_match,,tpa-8e0647476a7671,BTR260630946,false
acc-2c4687d63cd4b60139c3,BTR-26-0630947,Building,appended_new_activity,no_exact_core_match,,tpa-c55a9a0f6a46bd,BTR260630947,false
acc-e06ed7ffd593f2de06e8,BTR-26-0630948,Building,appended_new_activity,no_exact_core_match,,tpa-de61b856b1551a,BTR260630948,false
acc-1eb7040055893a01c223,BTR-26-0630949,Building,appended_new_activity,no_exact_core_match,,tpa-ef81df5ed56d19,BTR260630949,false
acc-3c5265c823c6a0a3fc9b,BTR-26-0630950,Building,appended_new_activity,no_exact_core_match,,tpa-2a1044e6c10db6,BTR260630950,false
acc-9d2c02c44428372e2c1e,BTR-26-0630951,Building,appended_new_activity,no_exact_core_match,,tpa-cb990acb4edce7,BTR260630951,false
acc-c9e9d4740df7d32c5248,BTR-26-0630952,Building,appended_new_activity,no_exact_core_match,,tpa-9a80fdc1c1347c,BTR260630952,false
acc-8a8e0f437351015b785b,BTR-26-0630953,Building,appended_new_activity,no_exact_core_match,,tpa-d35c23cf316850,BTR260630953,false
acc-dea38292083de1ec16f9,BTR-26-0630954,Building,appended_new_activity,no_exact_core_match,,tpa-b9f0ed1eb15538,BTR260630954,false
acc-a16b096ac4485674f398,BTR-26-0630955,Building,appended_new_activity,no_exact_core_match,,tpa-37632a244898ab,BTR260630955,false
acc-dc35428bda6bd1a7de90,BTR-26-0630956,Building,appended_new_activity,no_exact_core_match,,tpa-6f09bb35da357d,BTR260630956,false
acc-22a61e700a12b25ab277,BTR-26-0630957,Building,appended_new_activity,no_exact_core_match,,tpa-b0fdda29cfa91f,BTR260630957,false
acc-d6f17a27a6a033d99ef3,BTR-26-0630958,Building,appended_new_activity,no_exact_core_match,,tpa-816c33bc3e3832,BTR260630958,false
acc-7ebffa2c6bd4883781aa,BTR-26-0630959,Building,appended_new_activity,no_exact_core_match,,tpa-6b4a9e3531d765,BTR260630959,false
acc-ed5758a0cd2ee8e7837f,BTR-26-0630960,Building,appended_new_activity,no_exact_core_match,,tpa-cc889f73c7bdcd,BTR260630960,false
acc-0e2b452e0b9e13204300,BTR-26-0630961,Building,appended_new_activity,no_exact_core_match,,tpa-69daaec8e63091,BTR260630961,false
acc-f3965fdb566024968789,BTR-26-0630962,Building,appended_new_activity,no_exact_core_match,,tpa-d4de8a430a8e65,BTR260630962,false
acc-f677714f18629383da33,BTR-26-0630963,Building,appended_new_activity,no_exact_core_match,,tpa-ebe8e9430c2110,BTR260630963,false
acc-8aa14945f45fe0d155cb,BTR-26-0630964,Building,appended_new_activity,no_exact_core_match,,tpa-5dbff36e3a871f,BTR260630964,false
acc-f32933d0e175c4f52800,BTR-26-0630965,Building,appended_new_activity,no_exact_core_match,,tpa-9149d4c86f10c9,BTR260630965,false
acc-721c33c8dbbaeba76cbe,BTR-26-0630966,Building,appended_new_activity,no_exact_core_match,,tpa-92f2ca0669a90a,BTR260630966,false
acc-94d1f15547335abea2b9,BTR-26-0630967,Building,appended_new_activity,no_exact_core_match,,tpa-52a6f261ad2ead,BTR260630967,false
acc-c7cbbb427e2dfcba9496,BTR-26-0630968,Building,appended_new_activity,no_exact_core_match,,tpa-b9445cffa505fc,BTR260630968,false
acc-fb2f421c269de0de302c,BTR-26-0630969,Building,appended_new_activity,no_exact_core_match,,tpa-a5073daf72cb92,BTR260630969,false
acc-b1146a2d63bf8ef8b103,BTR-26-0630970,Building,appended_new_activity,no_exact_core_match,,tpa-d70d800700a3cd,BTR260630970,false
acc-5cd9296d1e98301a0b0a,BTR-26-0630971,Building,appended_new_activity,no_exact_core_match,,tpa-c204c9417f91b3,BTR260630971,false
acc-498ea0c6c905a130fddc,BTR-26-0630972,Building,appended_new_activity,no_exact_core_match,,tpa-a063999ee83997,BTR260630972,false
acc-f2a132a686911bf49dab,BTR-26-0630973,Building,appended_new_activity,no_exact_core_match,,tpa-dc3d61c57ce1f8,BTR260630973,false
acc-d00129815d4a8802f177,BTR-26-0630974,Building,appended_new_activity,no_exact_core_match,,tpa-437c748dcb9a36,BTR260630974,false
acc-cbeb508e135d58a23813,BTR-26-0630975,Building,appended_new_activity,no_exact_core_match,,tpa-56389f8afa783f,BTR260630975,false
acc-6e7eda8dfcdcda318b81,BTR-26-0630976,Building,appended_new_activity,no_exact_core_match,,tpa-0cadd2ea5051f2,BTR260630976,false
acc-a9b8930c7a9514a1339d,BTR-26-0630977,Building,appended_new_activity,no_exact_core_match,,tpa-7b2e95f08cf1d1,BTR260630977,false
acc-a9aaae4e92b65af7944d,BTR-26-0630978,Building,appended_new_activity,no_exact_core_match,,tpa-0c952e5331803a,BTR260630978,false
acc-26e31fd26f08a8ec62a9,BTR-26-0630979,Building,appended_new_activity,no_exact_core_match,,tpa-85491c5e032611,BTR260630979,false
acc-7103d6e00ca1219dde80,BTR-26-0630980,Building,appended_new_activity,no_exact_core_match,,tpa-49d7fc9721c871,BTR260630980,false
acc-c9b2eba051fdafadb35f,BTR-26-0630981,Building,appended_new_activity,no_exact_core_match,,tpa-95a61dfb9ca22b,BTR260630981,false
acc-1b4729db8c3a9eca3d6e,BTR-26-0630982,Building,appended_new_activity,no_exact_core_match,,tpa-ce889637642f74,BTR260630982,false
acc-a63a6e3a453020dbf1fe,BTR-26-0630983,Building,appended_new_activity,no_exact_core_match,,tpa-5be73f2b6b19a7,BTR260630983,false
acc-f9d1db56a5045126cc68,BTR-26-0630984,Building,appended_new_activity,no_exact_core_match,,tpa-3093699d1eca00,BTR260630984,false
acc-8f322a44db746f61e2bb,BTR-26-0630985,Building,appended_new_activity,no_exact_core_match,,tpa-a0c92a53e30d51,BTR260630985,false
acc-2d4dfc15051a0913115c,BTR-26-0630986,Building,appended_new_activity,no_exact_core_match,,tpa-fe0d7fc8697ea1,BTR260630986,false
acc-1b0da9c2a44b6ea783a9,BTR-26-0630987,Building,appended_new_activity,no_exact_core_match,,tpa-4bcfca4ec04b55,BTR260630987,false
acc-c12ce594c4dd5f4718fa,BTR-26-0630988,Building,appended_new_activity,no_exact_core_match,,tpa-be078cd4a64db7,BTR260630988,false
acc-6d7fa89c8f23d6e6610c,BTR-26-0630989,Building,appended_new_activity,no_exact_core_match,,tpa-73d7a5e21f6936,BTR260630989,false
acc-379585a216884a0314a9,BTR-26-0630990,Building,appended_new_activity,no_exact_core_match,,tpa-df1657fcd5f170,BTR260630990,false
acc-6c6809f320f013e451f0,BTR-26-0630991,Building,appended_new_activity,no_exact_core_match,,tpa-7d0c29503cdd48,BTR260630991,false
acc-f1426617e60f35db3251,BTR-26-0630992,Building,appended_new_activity,no_exact_core_match,,tpa-19a627e9404140,BTR260630992,false
acc-143e23e523957f50088c,BTR-26-0630993,Building,appended_new_activity,no_exact_core_match,,tpa-e9f02c14b7b04b,BTR260630993,false
acc-26658e3571e4a5076f0a,BTR-26-0630994,Building,appended_new_activity,no_exact_core_match,,tpa-4a347cf5e6e14a,BTR260630994,false
acc-031e9b9101a1e01b928f,BTR-26-0630995,Building,appended_new_activity,no_exact_core_match,,tpa-e96160afb20c5c,BTR260630995,false
acc-79de609fb99577bc17df,BTR-26-0630996,Building,appended_new_activity,no_exact_core_match,,tpa-359443fae72a41,BTR260630996,false
acc-7cc80a54595e4eea26ee,BTR-26-0630997,Building,appended_new_activity,no_exact_core_match,,tpa-0e24184b9c8154,BTR260630997,false
acc-ff2c433af14454319b52,BTR-26-0630998,Building,appended_new_activity,no_exact_core_match,,tpa-82724f2a54c635,BTR260630998,false
acc-96d3af32839b829388e9,BTR-26-0630999,Building,appended_new_activity,no_exact_core_match,,tpa-78f57850bb86a3,BTR260630999,false
acc-5b5881f49b87d5bb5673,BTR-26-0631000,Building,appended_new_activity,no_exact_core_match,,tpa-3d5caccde36c10,BTR260631000,false
acc-3c1b04da2512bfd2f02e,BTR-26-0631001,Building,appended_new_activity,no_exact_core_match,,tpa-61d8359d026cf4,BTR260631001,false
acc-57bb42976e3d705f53da,BTR-26-0631002,Building,appended_new_activity,no_exact_core_match,,tpa-1a26ed32a20430,BTR260631002,false
acc-a09ab94512f34923c139,BTR-26-0631003,Building,appended_new_activity,no_exact_core_match,,tpa-8fd6d920f61d22,BTR260631003,false
acc-6b3d910bca1de6ef5cb4,BTR-26-0631004,Building,appended_new_activity,no_exact_core_match,,tpa-35b3107ef502c1,BTR260631004,false
acc-73815c4e29378052dbc1,BTR-26-0631005,Building,appended_new_activity,no_exact_core_match,,tpa-7602c6fd156a75,BTR260631005,false
acc-bd65309435c2db48c160,BTR-26-0631006,Building,appended_new_activity,no_exact_core_match,,tpa-ef84795991094a,BTR260631006,false
acc-c185cee5644a36bc64a2,BTR-26-0631007,Building,appended_new_activity,no_exact_core_match,,tpa-25f365ee1aeb45,BTR260631007,false
acc-525b15c2d1eee442f2a9,BTR-26-0631008,Building,appended_new_activity,no_exact_core_match,,tpa-e8d9ecbfdbb76c,BTR260631008,false
acc-3962f3e67053eb6143db,BTR-26-0631009,Building,appended_new_activity,no_exact_core_match,,tpa-32d65b65cdb6de,BTR260631009,false
acc-a9f6ce9e46983a06bb61,BTR-26-0631010,Building,appended_new_activity,no_exact_core_match,,tpa-76c7d18a270dc5,BTR260631010,false
acc-61f3d200547b064e7f6a,BTR-26-0631011,Building,appended_new_activity,no_exact_core_match,,tpa-81bd938dfd97dc,BTR260631011,false
acc-ecde82edac2dbf7ff8fd,BTR-26-0631012,Building,appended_new_activity,no_exact_core_match,,tpa-e81a345f6eeb25,BTR260631012,false
acc-144cfb4958b29c3245f0,BTR-26-0631013,Building,appended_new_activity,no_exact_core_match,,tpa-54ccd3a2825971,BTR260631013,false
acc-7a677a17e1ff6f9a6ae1,BTR-26-0631014,Building,appended_new_activity,no_exact_core_match,,tpa-b05c63f0b34e17,BTR260631014,false
acc-bd0a1b4f017c43f6b1d1,BTR-26-0631015,Building,appended_new_activity,no_exact_core_match,,tpa-d80594fc3f2ae9,BTR260631015,false
acc-c5433f6c9e6f04424eb7,BTR-26-0631016,Building,appended_new_activity,no_exact_core_match,,tpa-b352632bc5c204,BTR260631016,false
acc-81dec6db1b4ee9685012,BTR-26-0631017,Building,appended_new_activity,no_exact_core_match,,tpa-fc3442f2ec1192,BTR260631017,false
acc-c937bd597348665d2143,BTR-26-0631018,Building,appended_new_activity,no_exact_core_match,,tpa-21ac4b55ce7621,BTR260631018,false
acc-5d18ab8838c8d55bc138,BTR-26-0631019,Building,appended_new_activity,no_exact_core_match,,tpa-de0bed92d15d4d,BTR260631019,false
acc-3374f057387966430526,BTR-26-0631020,Building,appended_new_activity,no_exact_core_match,,tpa-b7158e79ded0c7,BTR260631020,false
acc-8d63cfe433c79869ae3b,BTR-26-0631021,Building,appended_new_activity,no_exact_core_match,,tpa-f2ead5b026936b,BTR260631021,false
acc-f47da74b539c44ca5918,BTR-26-0631022,Building,appended_new_activity,no_exact_core_match,,tpa-5a63de8aa48d8e,BTR260631022,false
acc-393cf4b624647f6238ea,BTR-26-0631023,Building,appended_new_activity,no_exact_core_match,,tpa-6c9237b7efa8f2,BTR260631023,false
acc-c4096d64c996e21b0f53,BTR-26-0631024,Building,appended_new_activity,no_exact_core_match,,tpa-56dc15565edb60,BTR260631024,false
acc-067180bcc4f41d5759b6,BTR-26-0631025,Building,appended_new_activity,no_exact_core_match,,tpa-1c2cd46b6677ce,BTR260631025,false
acc-2489e914d72983a4dcd8,BTR-26-0631026,Building,appended_new_activity,no_exact_core_match,,tpa-9eee5999ba7924,BTR260631026,false
acc-2f1bc0ffcfb7562292d9,BTR-26-0631027,Building,appended_new_activity,no_exact_core_match,,tpa-234b8f0f2a1384,BTR260631027,false
acc-6cc962ac66fd953196b7,BTR-26-0631028,Building,appended_new_activity,no_exact_core_match,,tpa-ac1279fc9b878e,BTR260631028,false
acc-4375b6c97f2e084d88ef,BTR-26-0631029,Building,appended_new_activity,no_exact_core_match,,tpa-471b13e5422aad,BTR260631029,false
acc-da3c94923df6bbd75f37,BTR-26-0631030,Building,appended_new_activity,no_exact_core_match,,tpa-d4978d4ac7cf0a,BTR260631030,false
acc-ae457e65cefff2a820f9,BTR-26-0631031,Building,appended_new_activity,no_exact_core_match,,tpa-ecb9bd2e440b64,BTR260631031,false
acc-eccb8a30080ee11d8e53,BTR-26-0631032,Building,appended_new_activity,no_exact_core_match,,tpa-59806a666868d3,BTR260631032,false
acc-3655b065c4c136beeb59,BTR-26-0631033,Building,appended_new_activity,no_exact_core_match,,tpa-c0e4154ad348ae,BTR260631033,false
acc-ccddd95f49b2c2ddedce,BTR-26-0631034,Building,appended_new_activity,no_exact_core_match,,tpa-cfcc7766502248,BTR260631034,false
acc-155f0c62d4681e85c537,BTR-26-0631035,Building,appended_new_activity,no_exact_core_match,,tpa-6f2c8547c3551c,BTR260631035,false
acc-53946934423f279bf6df,BTR-26-0631036,Building,appended_new_activity,no_exact_core_match,,tpa-23f512b1338994,BTR260631036,false
acc-c6f20bc3d28feac1f062,BTR-26-0631037,Building,appended_new_activity,no_exact_core_match,,tpa-dac01961aa6875,BTR260631037,false
acc-33e3caf05866d778de2c,BTR-26-0631038,Building,appended_new_activity,no_exact_core_match,,tpa-30b64ae06f8899,BTR260631038,false
acc-6989470be7c197d479d3,BTR-26-0631039,Building,appended_new_activity,no_exact_core_match,,tpa-416551830cfe7e,BTR260631039,false
acc-2d67b7130ebaf4444bf6,BTR-26-0631040,Building,appended_new_activity,no_exact_core_match,,tpa-0a5d8229a0b11b,BTR260631040,false
acc-65e739944377068aab72,BTR-26-0631041,Building,appended_new_activity,no_exact_core_match,,tpa-925ba3a5820b35,BTR260631041,false
acc-d4bd98ca5700b46bbada,BTR-26-0631042,Building,appended_new_activity,no_exact_core_match,,tpa-325a651a5fc916,BTR260631042,false
acc-8a36cd8a7d34f09ed54e,BTR-26-0631043,Building,appended_new_activity,no_exact_core_match,,tpa-5a9470415958cd,BTR260631043,false
acc-dbd1339f9963eea1a177,BTR-26-0631044,Building,appended_new_activity,no_exact_core_match,,tpa-c27dd8bf7f0269,BTR260631044,false
acc-c94752ec75a15d00fecb,BTR-26-0631045,Building,appended_new_activity,no_exact_core_match,,tpa-7c65c7e3043ebc,BTR260631045,false
acc-dbf3fefe1d7c29f887bf,BTR-26-0631046,Building,appended_new_activity,no_exact_core_match,,tpa-bd1f67244d3af6,BTR260631046,false
acc-b4f260dcbaea096d2ec2,BTR-26-0631047,Building,appended_new_activity,no_exact_core_match,,tpa-8e56d077e4affd,BTR260631047,false
acc-efd70f31af2a547c0ffc,BTR-26-0631048,Building,appended_new_activity,no_exact_core_match,,tpa-42cde1afd19f96,BTR260631048,false
acc-be057e71e739b3a34a39,BTR-26-0631049,Building,appended_new_activity,no_exact_core_match,,tpa-bae41c59b4c673,BTR260631049,false
acc-785ef4018b031173b852,BTR-26-0631050,Building,appended_new_activity,no_exact_core_match,,tpa-2e850efbaf7c32,BTR260631050,false
acc-fa61d98c211c6fded54e,BTR-26-0631051,Building,appended_new_activity,no_exact_core_match,,tpa-9619e7e3307834,BTR260631051,false
acc-564fef9feacd54078448,BTR-26-0631052,Building,appended_new_activity,no_exact_core_match,,tpa-8d2e42d9fc84f2,BTR260631052,false
acc-e8cd5e3632ba0ba00044,BTR-26-0631053,Building,appended_new_activity,no_exact_core_match,,tpa-8f9d9e3456d546,BTR260631053,false
acc-34cbd8b98d9781e261e7,BTR-26-0631054,Building,appended_new_activity,no_exact_core_match,,tpa-f228f9c042d3a6,BTR260631054,false
acc-99ed172903af29f28b6b,BTR-26-0631055,Building,appended_new_activity,no_exact_core_match,,tpa-12fc54723e214b,BTR260631055,false
acc-6592deee17623e55d04b,BTR-26-0631056,Building,appended_new_activity,no_exact_core_match,,tpa-91eb5054e3cf59,BTR260631056,false
acc-99d097f6e7726e985426,BTR-26-0631057,Building,appended_new_activity,no_exact_core_match,,tpa-6d413ed486a3f5,BTR260631057,false
acc-a9954b9026565cd4e3cc,BTR-26-0631058,Building,appended_new_activity,no_exact_core_match,,tpa-f00cacb84a1e77,BTR260631058,false
acc-72d1903e51a40f9cb0c3,BTR-26-0631059,Building,appended_new_activity,no_exact_core_match,,tpa-008af387050b13,BTR260631059,false
acc-fbdab8bd3bee5626183a,BTR-26-0631060,Building,appended_new_activity,no_exact_core_match,,tpa-71c99caa8469cf,BTR260631060,false
acc-9a4279a894c410a3e953,BTR-26-0631061,Building,appended_new_activity,no_exact_core_match,,tpa-ba34b11bdce942,BTR260631061,false
acc-ce86e73ec22dc5aa903f,BTR-26-0631062,Building,appended_new_activity,no_exact_core_match,,tpa-46edabbd1915c8,BTR260631062,false
acc-df64c33266e394ecd399,BTR-26-0631063,Building,appended_new_activity,no_exact_core_match,,tpa-67edf4cfba20bc,BTR260631063,false
acc-e6632896377a4ed6c4aa,BTR-26-0631064,Building,appended_new_activity,no_exact_core_match,,tpa-1bc81a9a902c18,BTR260631064,false
acc-72f8ab25304563078c47,BTR-26-0631065,Building,appended_new_activity,no_exact_core_match,,tpa-54e0d854ebb315,BTR260631065,false
acc-82b5eb33fa0df845d706,BTR-26-0631066,Building,appended_new_activity,no_exact_core_match,,tpa-d18de37bd011f7,BTR260631066,false
acc-af88f14d401702635bb7,BTR-26-0631067,Building,appended_new_activity,no_exact_core_match,,tpa-4c3d719467e496,BTR260631067,false
acc-2d3f8b3685243fcc6be3,BTR-26-0631068,Building,appended_new_activity,no_exact_core_match,,tpa-cb67be19594c83,BTR260631068,false
acc-413001c32431790ec8ec,BTR-26-0631069,Building,appended_new_activity,no_exact_core_match,,tpa-bbec34b73f4754,BTR260631069,false
acc-deb42f3b289011170cfe,BTR-26-0631070,Building,appended_new_activity,no_exact_core_match,,tpa-ada0f04410d039,BTR260631070,false
acc-24ef863f8e8607372263,BTR-26-0631071,Building,appended_new_activity,no_exact_core_match,,tpa-619d39e3c6765b,BTR260631071,false
acc-d35e49021205cb05d407,BTR-26-0631072,Building,appended_new_activity,no_exact_core_match,,tpa-776da928d0a843,BTR260631072,false
acc-0253afea2a360a1092a2,BTR-26-0631073,Building,appended_new_activity,no_exact_core_match,,tpa-1e0ac8902bb250,BTR260631073,false
acc-4383e208d705edc6f8db,BTR-26-0631074,Building,appended_new_activity,no_exact_core_match,,tpa-1c57ccfe36b8da,BTR260631074,false
acc-0d06be52231584d7f4c9,BTR-26-0631075,Building,appended_new_activity,no_exact_core_match,,tpa-54335cae8c9f0d,BTR260631075,false
acc-c285b869cfe990c1ed54,BTR-26-0631076,Building,appended_new_activity,no_exact_core_match,,tpa-e146484916cca1,BTR260631076,false
acc-6c450194d534c62fed0c,BTR-26-0631077,Building,appended_new_activity,no_exact_core_match,,tpa-3c5aead65afdf8,BTR260631077,false
acc-257267839aa6a56723eb,BTR-26-0631078,Building,appended_new_activity,no_exact_core_match,,tpa-e59da256c9851d,BTR260631078,false
acc-9f38aad6b60912c28df0,BTR-26-0631079,Building,appended_new_activity,no_exact_core_match,,tpa-94ce667a236232,BTR260631079,false
acc-a90f4b9f6ec7388789fe,BTR-26-0631080,Building,appended_new_activity,no_exact_core_match,,tpa-c8f680f4c8f9c4,BTR260631080,false
acc-b663b01359806c9ce602,BTR-26-0631081,Building,appended_new_activity,no_exact_core_match,,tpa-62e11a98d5c651,BTR260631081,false
acc-675152a97cc54a3427b5,BTR-26-0631082,Building,appended_new_activity,no_exact_core_match,,tpa-b58d16e5f377f5,BTR260631082,false
acc-38c7238254831f1ade4c,BTR-26-0631083,Building,appended_new_activity,no_exact_core_match,,tpa-c5508967d4ab0a,BTR260631083,false
acc-988e83a5115f7f67e89b,BTR-26-0631084,Building,appended_new_activity,no_exact_core_match,,tpa-39af98dc1bff9c,BTR260631084,false
acc-6f8505d29861403e259c,BTR-26-0631085,Building,appended_new_activity,no_exact_core_match,,tpa-7d7a53a4a5abd5,BTR260631085,false
acc-3f2853f73bc375a69686,BTR-26-0631086,Building,appended_new_activity,no_exact_core_match,,tpa-6fd6e60518b6a3,BTR260631086,false
acc-0c38490d62e81734c9bc,BTR-26-0631087,Building,appended_new_activity,no_exact_core_match,,tpa-5ca25bf3628ad5,BTR260631087,false
acc-b43aed298941bac332de,BTR-26-0631088,Building,appended_new_activity,no_exact_core_match,,tpa-242525e3ac9b02,BTR260631088,false
acc-957cf110ff12f449584a,BTR-26-0631089,Building,appended_new_activity,no_exact_core_match,,tpa-ab9f2ef55b3dad,BTR260631089,false
acc-b9dcd620fda7fd3a042e,BTR-26-0631090,Building,appended_new_activity,no_exact_core_match,,tpa-b661c2c99f7bf0,BTR260631090,false
acc-423cfb8e3a6f6d953ba6,BTR-26-0631091,Building,appended_new_activity,no_exact_core_match,,tpa-9311b569d84f5d,BTR260631091,false
acc-9715f6fbc34c2fa36272,BTR-26-0631092,Building,appended_new_activity,no_exact_core_match,,tpa-498634e2bb7528,BTR260631092,false
acc-68bab633a0cbbe0a6dca,BTR-26-0631093,Building,appended_new_activity,no_exact_core_match,,tpa-41773d3761657d,BTR260631093,false
acc-117b893c656292b6c736,BTR-26-0631094,Building,appended_new_activity,no_exact_core_match,,tpa-96b0c9beb19356,BTR260631094,false
acc-01c3480002c8dbda3342,BTR-26-0631095,Building,appended_new_activity,no_exact_core_match,,tpa-25addc21e8094e,BTR260631095,false
acc-899ab2077d2840dc1b6b,BTR-26-0631096,Building,appended_new_activity,no_exact_core_match,,tpa-6f286ff744db5c,BTR260631096,false
acc-56405fc95884e3502c3a,BTR-26-0631097,Building,appended_new_activity,no_exact_core_match,,tpa-76e82925a047e6,BTR260631097,false
acc-f9d2f63249835296ee3d,BTR-26-0631098,Building,appended_new_activity,no_exact_core_match,,tpa-88f3537f1b3b6d,BTR260631098,false
acc-748daf1cba2a4420581c,BTR-26-0631099,Building,appended_new_activity,no_exact_core_match,,tpa-630d9b12a1e26a,BTR260631099,false
acc-6e671be9386491f3320f,BTR-26-0631100,Building,appended_new_activity,no_exact_core_match,,tpa-627d4710f8f108,BTR260631100,false
acc-7936e077a78910892366,BTR-26-0631101,Building,appended_new_activity,no_exact_core_match,,tpa-591df04917beeb,BTR260631101,false
acc-17ecdfa8941f8966a11b,BTR-26-0631102,Building,appended_new_activity,no_exact_core_match,,tpa-7153b52eef1604,BTR260631102,false
acc-49d1fd3c09a194b3e8e8,BTR-26-0631103,Building,appended_new_activity,no_exact_core_match,,tpa-9677a1bf973c41,BTR260631103,false
acc-e2f5a84de5494ccaff32,BTR-26-0631104,Building,appended_new_activity,no_exact_core_match,,tpa-137d1af1db5627,BTR260631104,false
acc-ea783a198dfeb291ed3d,BTR-26-0631105,Building,appended_new_activity,no_exact_core_match,,tpa-6b535238f7c172,BTR260631105,false
acc-aa7c4a94936cb6022c6f,BTR-26-0631106,Building,appended_new_activity,no_exact_core_match,,tpa-0cc3e0deb68c2c,BTR260631106,false
acc-7a66aa39cde72c59ca05,BTR-26-0631107,Building,appended_new_activity,no_exact_core_match,,tpa-03a379d4cf31f5,BTR260631107,false
acc-e0f1354a91cac92e0d7d,BTR-26-0631108,Building,appended_new_activity,no_exact_core_match,,tpa-fef4819bb8d13c,BTR260631108,false
acc-2a964e529774a309c24e,BTR-26-0631109,Building,appended_new_activity,no_exact_core_match,,tpa-35643069a556ba,BTR260631109,false
acc-95bf494755525cdfc47a,BTR-26-0631110,Building,appended_new_activity,no_exact_core_match,,tpa-aae60cab6be565,BTR260631110,false
acc-de8ada74137d1ab13b99,BTR-26-0631111,Building,appended_new_activity,no_exact_core_match,,tpa-b0fcef11fd87bf,BTR260631111,false
acc-3b6338e396bad00a4774,BTR-26-0631112,Building,appended_new_activity,no_exact_core_match,,tpa-4f1c181f0e03f6,BTR260631112,false
acc-f686540cd04a8a038a7c,BTR-26-0631113,Building,appended_new_activity,no_exact_core_match,,tpa-137edb926b93f6,BTR260631113,false
acc-b47ba10651b8e7882fce,BTR-26-0631114,Building,appended_new_activity,no_exact_core_match,,tpa-b51613b6f6fde0,BTR260631114,false
acc-6d4d3182487dc705da81,BTR-26-0631115,Building,appended_new_activity,no_exact_core_match,,tpa-d55ba75f1b3136,BTR260631115,false
acc-fbf905dd7328bd1e34f3,BTR-26-0631116,Building,appended_new_activity,no_exact_core_match,,tpa-51b23ca82257a6,BTR260631116,false
acc-6072930b6ea7fabb12f0,BTR-26-0631117,Building,appended_new_activity,no_exact_core_match,,tpa-f4a858ed39b9c9,BTR260631117,false
acc-ed2f7edcc858473488ea,BTR-26-0631118,Building,appended_new_activity,no_exact_core_match,,tpa-fe8a651051f1c2,BTR260631118,false
acc-5fbb6b1cd099ff82a2b1,BTR-26-0631119,Building,appended_new_activity,no_exact_core_match,,tpa-26be1bbcfec1a9,BTR260631119,false
acc-e4cd6beb9c4194d24bbf,BTR-26-0631120,Building,appended_new_activity,no_exact_core_match,,tpa-38f937200ced44,BTR260631120,false
acc-dfc3c33f46a7967b2c4c,BTR-26-0631121,Building,appended_new_activity,no_exact_core_match,,tpa-fbddb20dd502b5,BTR260631121,false
acc-97030a81a8dd755075fd,BTR-26-0631122,Building,appended_new_activity,no_exact_core_match,,tpa-88334e4c486685,BTR260631122,false
acc-d9f8d87209d5913e2524,BTR-26-0631123,Building,appended_new_activity,no_exact_core_match,,tpa-18236bb6b9dd24,BTR260631123,false
acc-812a3ce4b17c87ca4ddb,BTR-26-0631124,Building,appended_new_activity,no_exact_core_match,,tpa-d3df907b61e2e8,BTR260631124,false
acc-673b8dc79dcf025270a8,BTR-26-0631125,Building,appended_new_activity,no_exact_core_match,,tpa-35baf9c883971a,BTR260631125,false
acc-280822f4aee4faf9ebcd,BTR-26-0631126,Building,appended_new_activity,no_exact_core_match,,tpa-9b391f2b951985,BTR260631126,false
acc-807e9b7e9717469ecaec,BTR-26-0631127,Building,appended_new_activity,no_exact_core_match,,tpa-e6b61bdb3ea87f,BTR260631127,false
acc-07e4400ffbf10d601e41,BTR-26-0631128,Building,appended_new_activity,no_exact_core_match,,tpa-5d94a6c148d26a,BTR260631128,false
acc-d2bcac3f1dd08bb7f026,BTR-26-0631129,Building,appended_new_activity,no_exact_core_match,,tpa-8f59d550a8cec2,BTR260631129,false
acc-f7fb179e5940b037519e,BTR-26-0631130,Building,appended_new_activity,no_exact_core_match,,tpa-cf1534dd2e6d9b,BTR260631130,false
acc-43eec69982f010aad759,BTR-26-0631131,Building,appended_new_activity,no_exact_core_match,,tpa-ba7e0acfdbd90c,BTR260631131,false
acc-a7613ad0af45f3eef5c9,BTR-26-0631132,Building,appended_new_activity,no_exact_core_match,,tpa-00fa2bbc0bbbe3,BTR260631132,false
acc-07603cda36f76bbf666c,BTR-26-0631133,Building,appended_new_activity,no_exact_core_match,,tpa-e2cfa3ac5cd882,BTR260631133,false
acc-2673ef8bad2b79430939,BTR-26-0631134,Building,appended_new_activity,no_exact_core_match,,tpa-7d59d434ff0e18,BTR260631134,false
acc-9e327ae7281d696112af,BTR-26-0631135,Building,appended_new_activity,no_exact_core_match,,tpa-ca50b21e421540,BTR260631135,false
acc-c7578657d32c404d589d,BTR-26-0631136,Building,appended_new_activity,no_exact_core_match,,tpa-bfaa204ddbd286,BTR260631136,false
acc-6cadc437c09e848512ad,BTR-26-0631137,Building,appended_new_activity,no_exact_core_match,,tpa-518e9216a9e2cc,BTR260631137,false
acc-d58437d9ef1488c298ee,BTR-26-0631138,Building,appended_new_activity,no_exact_core_match,,tpa-bd03dcb8414108,BTR260631138,false
acc-920ffb1a1ebdbec08a90,BTR-26-0631139,Building,appended_new_activity,no_exact_core_match,,tpa-5ef6c159866856,BTR260631139,false
acc-8b6cf101ab9f1302a3e2,BTR-26-0631140,Building,appended_new_activity,no_exact_core_match,,tpa-27011b2e3ef8a9,BTR260631140,false
acc-dd4fd946ff23202d4de5,BTR-26-0631141,Building,appended_new_activity,no_exact_core_match,,tpa-3d64f9c13ca119,BTR260631141,false
acc-04bcc0a5d86d6e762d88,BTR-26-0631142,Building,appended_new_activity,no_exact_core_match,,tpa-052d881b6e826d,BTR260631142,false
acc-ca5805143ffa413772ea,BTR-26-0631143,Building,appended_new_activity,no_exact_core_match,,tpa-fe8ff5f4fcae1a,BTR260631143,false
acc-3545c09bdc57e702ecbf,BTR-26-0631144,Building,appended_new_activity,no_exact_core_match,,tpa-b3dd715a4aaa07,BTR260631144,false
acc-d5cba5abaee2d439fc87,BTR-26-0631145,Building,appended_new_activity,no_exact_core_match,,tpa-d2ab00a6e275c4,BTR260631145,false
acc-3d71acaa7fd74be90416,BTR-26-0631146,Building,appended_new_activity,no_exact_core_match,,tpa-b7386cc251a299,BTR260631146,false
acc-755ed45b82ed208073c8,BTR-26-0631147,Building,appended_new_activity,no_exact_core_match,,tpa-77aebc7d19d659,BTR260631147,false
acc-21f6dcb7f4d16b9d6d81,BTR-26-0631148,Building,appended_new_activity,no_exact_core_match,,tpa-1660fcfed19547,BTR260631148,false
acc-d1e8500e6debce0dea97,BTR-26-0631149,Building,appended_new_activity,no_exact_core_match,,tpa-f854933b569e2b,BTR260631149,false
acc-d0bf7b6dbc9242543a61,BTR-26-0631150,Building,appended_new_activity,no_exact_core_match,,tpa-d947753bd8ef2e,BTR260631150,false
acc-ee2498abf464ae669f32,BTR-26-0631151,Building,appended_new_activity,no_exact_core_match,,tpa-baa360d4332bd4,BTR260631151,false
acc-72f4b337033cceefd43d,BTR-26-0631152,Building,appended_new_activity,no_exact_core_match,,tpa-4b149299fff060,BTR260631152,false
acc-cb7efd68c33c6c042af5,BTR-26-0631153,Building,appended_new_activity,no_exact_core_match,,tpa-daea1422f1b971,BTR260631153,false
acc-49b3b4be4fd0fd1961b1,BTR-26-0631154,Building,appended_new_activity,no_exact_core_match,,tpa-060c4bb6a30c2e,BTR260631154,false
acc-3a67c7f6dde2bbbdedd7,BTR-26-0631155,Building,appended_new_activity,no_exact_core_match,,tpa-560a17db8dd7ad,BTR260631155,false
acc-0fc402779d2b12f1dcc0,BTR-26-0631156,Building,appended_new_activity,no_exact_core_match,,tpa-5772227e6bfe30,BTR260631156,false
acc-963fc57a77c884694fe7,BTR-26-0631157,Building,appended_new_activity,no_exact_core_match,,tpa-ff88275bb50ec0,BTR260631157,false
acc-ddf7588883caf7636772,BTR-26-0631158,Building,appended_new_activity,no_exact_core_match,,tpa-3c5fd35f7195a9,BTR260631158,false
acc-ffcbe3dcc30da23ca057,BTR-26-0631159,Building,appended_new_activity,no_exact_core_match,,tpa-9d6688a81dde7d,BTR260631159,false
acc-9b15ed4e57270501d735,BTR-26-0631160,Building,appended_new_activity,no_exact_core_match,,tpa-7ac82f50109772,BTR260631160,false
acc-def70f10d69443bd3f6b,BTR-26-0631161,Building,appended_new_activity,no_exact_core_match,,tpa-0c30947f86bfe4,BTR260631161,false
acc-e18018c754bef4c83077,BTR-26-0631162,Building,appended_new_activity,no_exact_core_match,,tpa-0e677ac4703294,BTR260631162,false
acc-9c80660815494533a86c,BTR-26-0631163,Building,appended_new_activity,no_exact_core_match,,tpa-9d8f23db0cc6d3,BTR260631163,false
acc-95a0b13611ee2154407b,BTR-26-0631164,Building,appended_new_activity,no_exact_core_match,,tpa-dd2e75dd09ee82,BTR260631164,false
acc-17a04a5e2a92ad21dd1f,BTR-26-0631165,Building,appended_new_activity,no_exact_core_match,,tpa-deb04be579c093,BTR260631165,false
acc-54d8793acc737e57c127,BTR-26-0631166,Building,appended_new_activity,no_exact_core_match,,tpa-2a06803e3ae06d,BTR260631166,false
acc-7090e7abba2edd14e0af,BTR-26-0631167,Building,appended_new_activity,no_exact_core_match,,tpa-ad2509e69807fa,BTR260631167,false
acc-d7a5795a9a3d817b7196,BTR-26-0631168,Building,appended_new_activity,no_exact_core_match,,tpa-ac2b77f0a97585,BTR260631168,false
acc-8392c19faff22d7d59d8,BTR-26-0631169,Building,appended_new_activity,no_exact_core_match,,tpa-a0a4a41ee1d987,BTR260631169,false
acc-8cdf2bf5c664b64d0312,BTR-26-0631170,Building,appended_new_activity,no_exact_core_match,,tpa-e9b38328ce54ba,BTR260631170,false
acc-68c1950d8f2a4288e3d7,BTR-26-0631171,Building,appended_new_activity,no_exact_core_match,,tpa-c64bcdc5461be1,BTR260631171,false
acc-6efb2d50a7a320f675d8,BTR-26-0631172,Building,appended_new_activity,no_exact_core_match,,tpa-8d8cbd9af14ef6,BTR260631172,false
acc-96018ae855cd7c6a75fb,BTR-26-0631173,Building,appended_new_activity,no_exact_core_match,,tpa-1e574fe35aa8b9,BTR260631173,false
acc-dd3434b808fc95cd154c,BTR-26-0631174,Building,appended_new_activity,no_exact_core_match,,tpa-5961cf7cda280c,BTR260631174,false
acc-d652904afd25aac0a459,BTR-26-0631176,Building,appended_new_activity,no_exact_core_match,,tpa-c086050032176f,BTR260631176,false
acc-581f12cad6ee15b36802,BTR-26-0631177,Building,appended_new_activity,no_exact_core_match,,tpa-cc16a3947984f8,BTR260631177,false
acc-0a34717350e98373ff04,BTR-26-0631178,Building,appended_new_activity,no_exact_core_match,,tpa-20c64fd3af91eb,BTR260631178,false
acc-e4dd7f8eb7d39a0a2124,BTR-26-0631179,Building,appended_new_activity,no_exact_core_match,,tpa-89f6142571e93d,BTR260631179,false
acc-156289d0c0eef5512351,BTR-26-0631180,Building,appended_new_activity,no_exact_core_match,,tpa-9b0e7e03392072,BTR260631180,false
acc-ee5a04de0f96ae8a94b9,BTR-26-0631181,Building,appended_new_activity,no_exact_core_match,,tpa-10e0fced974d92,BTR260631181,false
acc-fa1777b9b4c6e9122a2e,BTR-26-0631182,Building,appended_new_activity,no_exact_core_match,,tpa-dd8f2c62d10f56,BTR260631182,false
acc-c6517a5a163d269c8992,BTR-26-0631183,Building,appended_new_activity,no_exact_core_match,,tpa-53fc007f83558d,BTR260631183,false
acc-93765d75c9709ad5af2a,BTR-26-0631184,Building,appended_new_activity,no_exact_core_match,,tpa-f4a15dec8ccfda,BTR260631184,false
acc-97c167196e9a6a04b57e,BTR-26-0631185,Building,appended_new_activity,no_exact_core_match,,tpa-164a11b5e20e69,BTR260631185,false
acc-fda510265133a9e376ac,BTR-26-0631186,Building,appended_new_activity,no_exact_core_match,,tpa-7d4e66de069f9a,BTR260631186,false
acc-060a21e0103dc1b16cc6,BTR-26-0631187,Building,appended_new_activity,no_exact_core_match,,tpa-ae78d05fd71c53,BTR260631187,false
acc-dc69b524997c4c6a2b23,BTR-26-0631188,Building,appended_new_activity,no_exact_core_match,,tpa-1f60749933310e,BTR260631188,false
acc-867485799428f6fe07af,BTR-26-0631189,Building,appended_new_activity,no_exact_core_match,,tpa-40258259c29ab6,BTR260631189,false
acc-3c70e2481aebd01d32c8,BTR-26-0631190,Building,appended_new_activity,no_exact_core_match,,tpa-0cfaff3206753a,BTR260631190,false
acc-5b597538b71331dbac8e,BTR-26-0631191,Building,appended_new_activity,no_exact_core_match,,tpa-8539899430719e,BTR260631191,false
acc-c7f2cae4d0510aa329e3,BTR-26-0631192,Building,appended_new_activity,no_exact_core_match,,tpa-62c8b89ec846f6,BTR260631192,false
acc-0d8751221eb5ee61996c,BTR-26-0631193,Building,appended_new_activity,no_exact_core_match,,tpa-4993ec56fcb837,BTR260631193,false
acc-10837bf36883c8f43fa5,BTR-26-0631194,Building,appended_new_activity,no_exact_core_match,,tpa-25b0cd45920db9,BTR260631194,false
acc-63acfe78bd0000b5e72d,BTR-26-0631195,Building,appended_new_activity,no_exact_core_match,,tpa-693ba049a46a21,BTR260631195,false
acc-572ef4cc80a9c6b95358,BTR-26-0631196,Building,appended_new_activity,no_exact_core_match,,tpa-114a958ae1f4bb,BTR260631196,false
acc-16040669ca716441df7b,BTR-26-0631197,Building,appended_new_activity,no_exact_core_match,,tpa-e8c6397f718770,BTR260631197,false
acc-3b805a15cb554d859aec,BTR-26-0631204,Building,appended_new_activity,no_exact_core_match,,tpa-f5bef52d42f3bd,BTR260631204,false
acc-908d95390fb988b8101b,BTR-26-0631205,Building,appended_new_activity,no_exact_core_match,,tpa-959df4ae7d6feb,BTR260631205,false
acc-da1d49de3e7f68e16742,BTR-26-0631206,Building,appended_new_activity,no_exact_core_match,,tpa-a98e1d7a72fe8c,BTR260631206,false
acc-d301f923f6247f7ebb82,BTR-26-0631207,Building,appended_new_activity,no_exact_core_match,,tpa-c76943c480a847,BTR260631207,false
acc-4fee7033c1a9d56e271e,BTR-26-0631208,Building,appended_new_activity,no_exact_core_match,,tpa-f9e1f43d6f61c8,BTR260631208,false
acc-132db82d9fc6bd85b9c9,BTR-26-0631209,Building,appended_new_activity,no_exact_core_match,,tpa-d4228585b3a7a9,BTR260631209,false
acc-31a32bb067cea968c4e0,BTR-26-0631210,Building,appended_new_activity,no_exact_core_match,,tpa-c1d909789f551d,BTR260631210,false
acc-1a9b8fb608470e82958a,BTR-26-0631211,Building,appended_new_activity,no_exact_core_match,,tpa-c255850021e8a7,BTR260631211,false
acc-1e839d02e2a9dd26b3c8,BTR-26-0631213,Building,appended_new_activity,no_exact_core_match,,tpa-bc0fef4c0e231c,BTR260631213,false
acc-f01268dabd3a667c97ea,BTR-26-0631214,Building,appended_new_activity,no_exact_core_match,,tpa-f53026c7ebec50,BTR260631214,false
acc-ff30c0685fa5593354d7,BTR-26-0631215,Building,appended_new_activity,no_exact_core_match,,tpa-f661927ddeffc6,BTR260631215,false
acc-f04fc6c144d643a812ea,BTR-26-0631216,Building,appended_new_activity,no_exact_core_match,,tpa-fbeb459e925f96,BTR260631216,false
acc-6c6c4041565bc5e912c5,BTR-26-0631217,Building,appended_new_activity,no_exact_core_match,,tpa-5d45bb810a469c,BTR260631217,false
acc-7d2c24e4d6a64a8a8a14,BTR-26-0631218,Building,appended_new_activity,no_exact_core_match,,tpa-8776437156fea6,BTR260631218,false
acc-7b56bd62c4143effc2e3,BTR-26-0631219,Building,appended_new_activity,no_exact_core_match,,tpa-99ef52f27f88a7,BTR260631219,false
acc-aa977b1156e93b02740a,BTR-26-0631220,Building,appended_new_activity,no_exact_core_match,,tpa-8b3509a065f4ce,BTR260631220,false
acc-08c12218b5fb1707e4af,BTR-26-0631221,Building,appended_new_activity,no_exact_core_match,,tpa-7042f0d93bb9db,BTR260631221,false
acc-404ea32fcf9f5b906c0d,BTR-26-0631222,Building,appended_new_activity,no_exact_core_match,,tpa-892db462d7f33c,BTR260631222,false
acc-d636e62e8657e970f97f,BTR-26-0631223,Building,appended_new_activity,no_exact_core_match,,tpa-a7d66f72bc9737,BTR260631223,false
acc-44a55faf3896c512eba7,BTR-26-0631224,Building,appended_new_activity,no_exact_core_match,,tpa-cf0f2703dad1c4,BTR260631224,false
acc-8726fcf9d0be4ebf791f,BTR-26-0631225,Building,appended_new_activity,no_exact_core_match,,tpa-88fe2e659f9fce,BTR260631225,false
acc-a8db31c4dff6efba72fc,BTR-26-0631226,Building,appended_new_activity,no_exact_core_match,,tpa-3c6eb3bba70603,BTR260631226,false
acc-29c9638df46010099872,BTR-26-0631227,Building,appended_new_activity,no_exact_core_match,,tpa-bea1534d9e05a2,BTR260631227,false
acc-0d9f020ae721187fa8b2,BTR-26-0631228,Building,appended_new_activity,no_exact_core_match,,tpa-0c5ee61953c3c6,BTR260631228,false
acc-1a90b019ea6563e98658,BTR-26-0631229,Building,appended_new_activity,no_exact_core_match,,tpa-f93bce0c669b1c,BTR260631229,false
acc-bc3c9c46737e1b0715e6,BTR-26-0631230,Building,appended_new_activity,no_exact_core_match,,tpa-be7809170befb8,BTR260631230,false
acc-b4d4974017cdbd5a6274,BTR-26-0631231,Building,appended_new_activity,no_exact_core_match,,tpa-0056bcaf4285e3,BTR260631231,false
acc-8d87d09b01d18bcf1738,BTR-26-0631232,Building,appended_new_activity,no_exact_core_match,,tpa-a566c4aeab48b8,BTR260631232,false
acc-02bbd7484c567a0741f8,BTR-26-0631233,Building,appended_new_activity,no_exact_core_match,,tpa-d51bc829bcc00e,BTR260631233,false
acc-c1950b47b89c59f1cc4f,BTR-26-0631234,Building,appended_new_activity,no_exact_core_match,,tpa-c1da13d99b8602,BTR260631234,false
acc-bc3c22369f74ce88952d,BTR-26-0631235,Building,appended_new_activity,no_exact_core_match,,tpa-128b87e6f36fba,BTR260631235,false
acc-ce28e47da9852aad07cc,BTR-26-0631236,Building,appended_new_activity,no_exact_core_match,,tpa-d67376deec5142,BTR260631236,false
acc-5b6ba2ea8a736cb97d15,BTR-26-0631237,Building,appended_new_activity,no_exact_core_match,,tpa-755a9b912e7066,BTR260631237,false
acc-e180f76a659ce71861c6,BTR-26-0631238,Building,appended_new_activity,no_exact_core_match,,tpa-49a24c7edd3f5c,BTR260631238,false
acc-65b3fdc5485840ba08a5,BTR-26-0631239,Building,appended_new_activity,no_exact_core_match,,tpa-c1920bef2edded,BTR260631239,false
acc-3acdbfb989be3fcfaeab,BTR-26-0631240,Building,appended_new_activity,no_exact_core_match,,tpa-4c16ba75658b18,BTR260631240,false
acc-4079cd64749b5fb76bdf,BTR-26-0631241,Building,appended_new_activity,no_exact_core_match,,tpa-3cc158955d1c2e,BTR260631241,false
acc-79640444d991db644d7f,BTR-26-0631242,Building,appended_new_activity,no_exact_core_match,,tpa-c0e490b3fdba92,BTR260631242,false
acc-ff4a673717e7eee9c22e,BTR-26-0631243,Building,appended_new_activity,no_exact_core_match,,tpa-345c70dfdd519f,BTR260631243,false
acc-bf6cac4d72327623bce3,BTR-26-0631244,Building,appended_new_activity,no_exact_core_match,,tpa-f7cecad80506ef,BTR260631244,false
acc-73c015f11556367be2c8,BTR-26-0631245,Building,appended_new_activity,no_exact_core_match,,tpa-2014373dcbe60f,BTR260631245,false
acc-13d21c18ef17e60b63ab,BTR-26-0631246,Building,appended_new_activity,no_exact_core_match,,tpa-56fcd77f28dc42,BTR260631246,false
acc-190d66989b9ce21b9f18,BTR-26-0631247,Building,appended_new_activity,no_exact_core_match,,tpa-a8beb37dd82154,BTR260631247,false
acc-9a9c92cd40c5ddb13351,BTR-26-0631248,Building,appended_new_activity,no_exact_core_match,,tpa-465e7c7333a5ee,BTR260631248,false
acc-8ff0cdd9b2f32fffd143,BTR-26-0631249,Building,appended_new_activity,no_exact_core_match,,tpa-a1c54647dff418,BTR260631249,false
acc-f10b7e2436af345626bb,BTR-26-0631250,Building,appended_new_activity,no_exact_core_match,,tpa-a59365afc4c69b,BTR260631250,false
acc-2743e627e281717646c5,BTR-26-0631251,Building,appended_new_activity,no_exact_core_match,,tpa-623895df6893cb,BTR260631251,false
acc-52a86a28014b37b84b80,BTR-26-0631252,Building,appended_new_activity,no_exact_core_match,,tpa-4af1a226f7e70b,BTR260631252,false
acc-7bc926db88a153ed60f4,BTR-26-0631253,Building,appended_new_activity,no_exact_core_match,,tpa-808c2785697094,BTR260631253,false
acc-a97c29c99b82a2cb3942,BTR-26-0631254,Building,appended_new_activity,no_exact_core_match,,tpa-d91c83a0938786,BTR260631254,false
acc-fbeacd6d41713c9fa8df,BTR-26-0631255,Building,appended_new_activity,no_exact_core_match,,tpa-7cbb15648253ba,BTR260631255,false
acc-99a905a2485b0dba692b,BTR-26-0631256,Building,appended_new_activity,no_exact_core_match,,tpa-41d686df9190c2,BTR260631256,false
acc-4660b614df17af880936,BTR-26-0631257,Building,appended_new_activity,no_exact_core_match,,tpa-d7846ba8110eaa,BTR260631257,false
acc-536fb3b7407cb33a014d,BTR-26-0631258,Building,appended_new_activity,no_exact_core_match,,tpa-0e3357dfc3ec84,BTR260631258,false
acc-7e65e33a4f3b4ad32978,BTR-26-0631259,Building,appended_new_activity,no_exact_core_match,,tpa-b0fc405f49c7c0,BTR260631259,false
acc-c814e0407c235aac255b,BTR-26-0631260,Building,appended_new_activity,no_exact_core_match,,tpa-136100f49c6ad4,BTR260631260,false
acc-680a017e58281661ada4,BTR-26-0631261,Building,appended_new_activity,no_exact_core_match,,tpa-d834a6c385894c,BTR260631261,false
acc-1c008c8c3e54b04a4a9e,BTR-26-0631262,Building,appended_new_activity,no_exact_core_match,,tpa-1627e1ce9cf5e8,BTR260631262,false
acc-0cfba37d6e81ba02be1c,BTR-26-0631263,Building,appended_new_activity,no_exact_core_match,,tpa-7633feb6bd7087,BTR260631263,false
acc-f79bc66a0f871ac95ba4,BTR-26-0631264,Building,appended_new_activity,no_exact_core_match,,tpa-330e4c2e96e0cf,BTR260631264,false
acc-d0baddce08c3d94729f5,BTR-26-0631265,Building,appended_new_activity,no_exact_core_match,,tpa-7e0f6c9ab76e19,BTR260631265,false
acc-f19855aa612b4ff3075d,BTR-26-0631266,Building,appended_new_activity,no_exact_core_match,,tpa-e542980df9ac79,BTR260631266,false
acc-09e4a4ab3d3cb6d38caf,BTR-26-0631267,Building,appended_new_activity,no_exact_core_match,,tpa-95a48373994d17,BTR260631267,false
acc-4654f86fe5041d6f70c8,BTR-26-0631268,Building,appended_new_activity,no_exact_core_match,,tpa-17f23b7be65872,BTR260631268,false
acc-bb337f8e372c3e376d65,BTR-26-0631269,Building,appended_new_activity,no_exact_core_match,,tpa-72a521939c631d,BTR260631269,false
acc-64fec96297b27b84e594,BTR-26-0631271,Building,appended_new_activity,no_exact_core_match,,tpa-ae057bfaf7c83a,BTR260631271,false
acc-ae18996a42269c5f3272,BTR-26-0631272,Building,appended_new_activity,no_exact_core_match,,tpa-8f27ccbe0f21d3,BTR260631272,false
acc-12ab27f8af67e1be9422,BTR-26-0631273,Building,appended_new_activity,no_exact_core_match,,tpa-9a83fb41345b60,BTR260631273,false
acc-e87302498d9346f305ec,BTR-26-0631274,Building,appended_new_activity,no_exact_core_match,,tpa-6e64e55459379d,BTR260631274,false
acc-53cdce3fbbf75b9be42b,BTR-26-0631275,Building,appended_new_activity,no_exact_core_match,,tpa-a172a12fb58b72,BTR260631275,false
acc-1e80d9d45c21745bcf45,BTR-26-0631276,Building,appended_new_activity,no_exact_core_match,,tpa-97b478331fec4f,BTR260631276,false
acc-2908f671e7a948784388,BTR-26-0631277,Building,appended_new_activity,no_exact_core_match,,tpa-5806ab6572e67b,BTR260631277,false
acc-335b05fa19b4348de870,BTR-26-0631278,Building,appended_new_activity,no_exact_core_match,,tpa-465b2e77b47ce2,BTR260631278,false
acc-d32395d72402b2df6133,BTR-26-0631279,Building,appended_new_activity,no_exact_core_match,,tpa-e0a705cc19778b,BTR260631279,false
acc-ae006649bc4a3ffed195,BTR-26-0631280,Building,appended_new_activity,no_exact_core_match,,tpa-e18e6a5bf5da3e,BTR260631280,false
acc-b8507ebf2369515343b0,BTR-26-0631283,Building,appended_new_activity,no_exact_core_match,,tpa-3ad77496bcde4a,BTR260631283,false
acc-8ced14938677ba1d51ea,BTR-26-0631284,Building,appended_new_activity,no_exact_core_match,,tpa-67d32310c62ffb,BTR260631284,false
acc-146ed8e0abac3a2a71ac,BTR-26-0631285,Building,appended_new_activity,no_exact_core_match,,tpa-062d535605c12e,BTR260631285,false
acc-19e3f7aaa3a33e14abab,BTR-26-0631286,Building,appended_new_activity,no_exact_core_match,,tpa-423e2fb7657352,BTR260631286,false
acc-c9c42349ee65dac85788,BTR-26-0631287,Building,appended_new_activity,no_exact_core_match,,tpa-c4298d1f08553f,BTR260631287,false
acc-0f2012612a750a7fe936,BTR-26-0631288,Building,appended_new_activity,no_exact_core_match,,tpa-8a6ab512e646dc,BTR260631288,false
acc-a8276215a68ef97f3e19,BTR-26-0631289,Building,appended_new_activity,no_exact_core_match,,tpa-1af1c99992df50,BTR260631289,false
acc-0b5eb6dbbacea03d33dd,BTR-26-0631290,Building,appended_new_activity,no_exact_core_match,,tpa-217dbd768bccca,BTR260631290,false
acc-2028a70850a3c9812b77,BTR-26-0631291,Building,appended_new_activity,no_exact_core_match,,tpa-d7c844574fac57,BTR260631291,false
acc-d4ca73b5e2cecdd410ed,BTR-26-0631292,Building,appended_new_activity,no_exact_core_match,,tpa-a319775e7e22c4,BTR260631292,false
acc-5b24b59de0cc1b96b758,BTR-26-0631293,Building,appended_new_activity,no_exact_core_match,,tpa-da6029d0d7faef,BTR260631293,false
acc-6f613664e6771736c85a,BTR-26-0631294,Building,appended_new_activity,no_exact_core_match,,tpa-8d0eafb2adfadb,BTR260631294,false
acc-96ab974310e4a73f5de9,BTR-26-0631295,Building,appended_new_activity,no_exact_core_match,,tpa-0819f30cb75581,BTR260631295,false
acc-aa163e57382b74f2392b,BTR-26-0631296,Building,appended_new_activity,no_exact_core_match,,tpa-094f03c1098e98,BTR260631296,false
acc-b80cb789ddea2b428af6,BTR-26-0631298,Building,appended_new_activity,no_exact_core_match,,tpa-62c2fa856d8755,BTR260631298,false
acc-f02c3b8ac968b94aea17,BTR-26-0631300,Building,appended_new_activity,no_exact_core_match,,tpa-391af2f5ae84c1,BTR260631300,false
acc-5e86b0720fcf35a4de74,BTR-26-0631301,Building,appended_new_activity,no_exact_core_match,,tpa-ae580f10b975f9,BTR260631301,false
acc-dc5b8057c5362eb79189,BTR-26-0631302,Building,appended_new_activity,no_exact_core_match,,tpa-1df55a3ebccba2,BTR260631302,false
acc-40820b7e21b33c13ac49,BTR-26-0631303,Building,appended_new_activity,no_exact_core_match,,tpa-233cca0e5b4215,BTR260631303,false
acc-69e443ae1388f762d292,BTR-26-0631304,Building,appended_new_activity,no_exact_core_match,,tpa-f7ae0e77390d92,BTR260631304,false
acc-88dd6f3419118b12d1ae,BTR-26-0631305,Building,appended_new_activity,no_exact_core_match,,tpa-adecbb89ac9a10,BTR260631305,false
acc-e98a933763866143a043,BTR-26-0631306,Building,appended_new_activity,no_exact_core_match,,tpa-cd3b746499b2b9,BTR260631306,false
acc-4a5b7bda229fd3a82ca9,BTR-26-0631307,Building,appended_new_activity,no_exact_core_match,,tpa-790bde23d210e5,BTR260631307,false
acc-9beb817f6dfaf025d7db,BTR-26-0631308,Building,appended_new_activity,no_exact_core_match,,tpa-0ab2b03968291d,BTR260631308,false
acc-e136ed04544f7b9446a3,BTR-26-0631309,Building,appended_new_activity,no_exact_core_match,,tpa-96cc3a9ba9f480,BTR260631309,false
acc-2f222898cf70293000d8,BTR-26-0631310,Building,appended_new_activity,no_exact_core_match,,tpa-35890cf651d26a,BTR260631310,false
acc-cedb7053655714feea83,BTR-26-0631311,Building,appended_new_activity,no_exact_core_match,,tpa-ead50b4323056a,BTR260631311,false
acc-57280a72e3fa427c80ea,BTR-26-0631312,Building,appended_new_activity,no_exact_core_match,,tpa-d821b4e2abc5ce,BTR260631312,false
acc-4be8ab5220e8f1cd748f,BTR-26-0631313,Building,appended_new_activity,no_exact_core_match,,tpa-72e7da4e5aa014,BTR260631313,false
acc-64e6cfb6e22f12acd3d5,BTR-26-0631314,Building,appended_new_activity,no_exact_core_match,,tpa-c304f13aac7854,BTR260631314,false
acc-44d81b139d830acce912,BTR-26-0631315,Building,appended_new_activity,no_exact_core_match,,tpa-547cd56e4eb66b,BTR260631315,false
acc-0e7c32be5b1780e14b59,BTR-26-0631316,Building,appended_new_activity,no_exact_core_match,,tpa-316134b48c2551,BTR260631316,false
acc-d38e433bc022adcf1b5d,BTR-26-0631317,Building,appended_new_activity,no_exact_core_match,,tpa-a5d8f1b12ae6ff,BTR260631317,false
acc-f04b34ace00d4a6db17d,BTR-26-0631318,Building,appended_new_activity,no_exact_core_match,,tpa-63fd0bcafdb1ac,BTR260631318,false
acc-f90d60ab9880b0ed24d0,BTR-26-0631319,Building,appended_new_activity,no_exact_core_match,,tpa-51fb32f28a707a,BTR260631319,false
acc-60a82ec3f7d6dc5b5d8c,BTR-26-0631320,Building,appended_new_activity,no_exact_core_match,,tpa-25736d87729a71,BTR260631320,false
acc-6aaaf1648b39cb2c1ce3,BTR-26-0631321,Building,appended_new_activity,no_exact_core_match,,tpa-4c5dd0326c7a98,BTR260631321,false
acc-57492ea43bf44383bd54,BTR-26-0631322,Building,appended_new_activity,no_exact_core_match,,tpa-a2c6a765edbde0,BTR260631322,false
acc-25b9b1da57356d88f8c1,BTR-26-0631323,Building,appended_new_activity,no_exact_core_match,,tpa-03608eeb6aa703,BTR260631323,false
acc-0dd720accd4a05481a9a,BTR-26-0631324,Building,appended_new_activity,no_exact_core_match,,tpa-bd5f57d72eeb39,BTR260631324,false
acc-542cc8304e80a20bb405,BTR-26-0631325,Building,appended_new_activity,no_exact_core_match,,tpa-ece28c179fd822,BTR260631325,false
acc-0e2627ab66108905db36,BTR-26-0631326,Building,appended_new_activity,no_exact_core_match,,tpa-aa5f2a87a85d5a,BTR260631326,false
acc-d87de8a95f796425635e,BTR-26-0631327,Building,appended_new_activity,no_exact_core_match,,tpa-b247b3fa3413c9,BTR260631327,false
acc-89f3283184e1a7848d74,BTR-26-0631328,Building,appended_new_activity,no_exact_core_match,,tpa-a846fabd167423,BTR260631328,false
acc-7c0275b1545dbbcaddf9,BTR-26-0631329,Building,appended_new_activity,no_exact_core_match,,tpa-98870c16e4f33c,BTR260631329,false
acc-02f95fc5ab05866551d7,BTR-26-0631330,Building,appended_new_activity,no_exact_core_match,,tpa-8d71798bcea546,BTR260631330,false
acc-26201f8379c9019bed18,BTR-26-0631331,Building,appended_new_activity,no_exact_core_match,,tpa-b49dcb7e65a76d,BTR260631331,false
acc-fba78789f9374cdc457c,BTR-26-0631332,Building,appended_new_activity,no_exact_core_match,,tpa-49526998bd2378,BTR260631332,false
acc-76c27ede044d1bb73d04,BTR-26-0631333,Building,appended_new_activity,no_exact_core_match,,tpa-b06b6ce6fcaafc,BTR260631333,false
acc-b7b70a0dfae1655f5c93,BTR-26-0631334,Building,appended_new_activity,no_exact_core_match,,tpa-b5bc4de8885a1e,BTR260631334,false
acc-eb214bd7cfcd7075e5fa,BTR-26-0631335,Building,appended_new_activity,no_exact_core_match,,tpa-99e0d3b92e287e,BTR260631335,false
acc-84fe1a669d327e37a844,BTR-26-0631336,Building,appended_new_activity,no_exact_core_match,,tpa-9d5951c5dae315,BTR260631336,false
acc-910ca495e0cbe7bc9b78,BTR-26-0631337,Building,appended_new_activity,no_exact_core_match,,tpa-10bca2c9968356,BTR260631337,false
acc-64934a9212df7efe2f58,BTR-26-0631338,Building,appended_new_activity,no_exact_core_match,,tpa-507b6e8bcafbfe,BTR260631338,false
acc-956d96a2acefc95f15a6,BTR-26-0631339,Building,appended_new_activity,no_exact_core_match,,tpa-8ba41a63331bb8,BTR260631339,false
acc-b31073aafdc549d08d6d,BTR-26-0631340,Building,appended_new_activity,no_exact_core_match,,tpa-a03f2843f13ebd,BTR260631340,false
acc-78d4d5da697a800ae8e4,BTR-26-0631341,Building,appended_new_activity,no_exact_core_match,,tpa-c97b2438e65109,BTR260631341,false
acc-163368533590bb4d7d60,BTR-26-0631342,Building,appended_new_activity,no_exact_core_match,,tpa-9cc4c1337f372f,BTR260631342,false
acc-fd0b64a38b9712ce56e7,BTR-26-0631343,Building,appended_new_activity,no_exact_core_match,,tpa-781091d6d9146b,BTR260631343,false
acc-9d9bdbe71320de863784,BTR-26-0631344,Building,appended_new_activity,no_exact_core_match,,tpa-eb5fc275e4b157,BTR260631344,false
acc-1477b47507a74b5f912e,BTR-26-0631345,Building,appended_new_activity,no_exact_core_match,,tpa-f6287fc2c3cfc8,BTR260631345,false
acc-169a42d26bf426a683ff,BTR-26-0631346,Building,appended_new_activity,no_exact_core_match,,tpa-c8807136b3ad5b,BTR260631346,false
acc-4020a2d47882a4c6cfb1,BTR-26-0631347,Building,appended_new_activity,no_exact_core_match,,tpa-946f6c487e2dc2,BTR260631347,false
acc-10d58a71546088b94b28,BTR-26-0631348,Building,appended_new_activity,no_exact_core_match,,tpa-de48627e6d0eab,BTR260631348,false
acc-bdfaef46e725b9fcbd40,BTR-26-0631349,Building,appended_new_activity,no_exact_core_match,,tpa-9b627d2ed08dc0,BTR260631349,false
acc-f256a8d91bf8a3ca53a6,BTR-26-0631350,Building,appended_new_activity,no_exact_core_match,,tpa-4f47eda5956f96,BTR260631350,false
acc-fb02478ccc642a02ea44,BTR-26-0631351,Building,appended_new_activity,no_exact_core_match,,tpa-67a6df49efad67,BTR260631351,false
acc-76f3288bce9ce8c5e65d,BTR-26-0631352,Building,appended_new_activity,no_exact_core_match,,tpa-2ea974f1cad443,BTR260631352,false
acc-119290a401bf4c8f3ca3,BTR-26-0631353,Building,appended_new_activity,no_exact_core_match,,tpa-a311f1df57d976,BTR260631353,false
acc-c1a1d043002cb8b8b697,BTR-26-0631354,Building,appended_new_activity,no_exact_core_match,,tpa-7ff8b471b928bd,BTR260631354,false
acc-1559152e30cf9ac890b3,BTR-26-0631355,Building,appended_new_activity,no_exact_core_match,,tpa-62ff79bc3cc828,BTR260631355,false
acc-259fa938d597f4fc0bfb,BTR-26-0631356,Building,appended_new_activity,no_exact_core_match,,tpa-3d86cdf0dee0b0,BTR260631356,false
acc-8c501d6d16e66e1bbd59,BTR-26-0631357,Building,appended_new_activity,no_exact_core_match,,tpa-dc84ffeb0b1b5e,BTR260631357,false
acc-bb101ea224d399ff75cd,BTR-26-0631358,Building,appended_new_activity,no_exact_core_match,,tpa-ca775ade3ae81e,BTR260631358,false
acc-d901701af2514cb4ab6f,BTR-26-0631359,Building,appended_new_activity,no_exact_core_match,,tpa-bed13f3dac1389,BTR260631359,false
acc-41a62063eef3616dbb77,BTR-26-0631360,Building,appended_new_activity,no_exact_core_match,,tpa-dce8283c8b15b6,BTR260631360,false
acc-5a9b21e3092cb06147fe,BTR-26-0631361,Building,appended_new_activity,no_exact_core_match,,tpa-f1d630cf958e17,BTR260631361,false
acc-42161492056a0f4a853a,BTR-26-0631362,Building,appended_new_activity,no_exact_core_match,,tpa-d9da6ff7ec31eb,BTR260631362,false
acc-9dce362025a4d448f18d,BTR-26-0631363,Building,appended_new_activity,no_exact_core_match,,tpa-b144341c1d443f,BTR260631363,false
acc-343f5874b99d22bbaaa7,BTR-26-0631364,Building,appended_new_activity,no_exact_core_match,,tpa-1ae4820300b424,BTR260631364,false
acc-0e255a5bfe8a6e063dcb,BTR-26-0631365,Building,appended_new_activity,no_exact_core_match,,tpa-63a798fba56806,BTR260631365,false
acc-6dd9c3c1e3330ea3444f,BTR-26-0631366,Building,appended_new_activity,no_exact_core_match,,tpa-a621403aa7fbea,BTR260631366,false
acc-f731e1e9281a0a787ffd,BTR-26-0631367,Building,appended_new_activity,no_exact_core_match,,tpa-0af10d65b4aae0,BTR260631367,false
acc-d95e5b37edc857ac453c,BTR-26-0631368,Building,appended_new_activity,no_exact_core_match,,tpa-bd11962182d95e,BTR260631368,false
acc-9d012c9803c44b9a30ac,BTR-26-0631369,Building,appended_new_activity,no_exact_core_match,,tpa-ddc6184d211f9f,BTR260631369,false
acc-9e881d80f849cb609d36,BTR-26-0631370,Building,appended_new_activity,no_exact_core_match,,tpa-91a0c37e9265d9,BTR260631370,false
acc-65aca5bd389bb6443422,BTR-26-0631371,Building,appended_new_activity,no_exact_core_match,,tpa-4ebaf42591f55c,BTR260631371,false
acc-3d94597eed63eace6f1d,BTR-26-0631372,Building,appended_new_activity,no_exact_core_match,,tpa-1c1289bcb35427,BTR260631372,false
acc-45d094320dcc13c25d51,BTR-26-0631373,Building,appended_new_activity,no_exact_core_match,,tpa-e347fc0cbac3ee,BTR260631373,false
acc-258fbabba9eeed88a5e9,BTR-26-0631374,Building,appended_new_activity,no_exact_core_match,,tpa-b2ff231dc2dfba,BTR260631374,false
acc-7d762cb1c5e8c2735e2c,BTR-26-0631375,Building,appended_new_activity,no_exact_core_match,,tpa-e2da6d16deccee,BTR260631375,false
acc-dabfb59ee69da7454bf6,BTR-26-0631376,Building,appended_new_activity,no_exact_core_match,,tpa-8c3fcdb88148c2,BTR260631376,false
acc-d9cf70ec3136d7309dc9,BTR-26-0631377,Building,appended_new_activity,no_exact_core_match,,tpa-843265c473589e,BTR260631377,false
acc-eb7c319d85738fb6840e,BTR-26-0631378,Building,appended_new_activity,no_exact_core_match,,tpa-2a9f5f07c11e93,BTR260631378,false
acc-0823a5734044864e6243,BTR-26-0631379,Building,appended_new_activity,no_exact_core_match,,tpa-771b30f4cee5bb,BTR260631379,false
acc-51b20cc2b6a16e8387ae,BTR-26-0631380,Building,appended_new_activity,no_exact_core_match,,tpa-74f80565e91dd0,BTR260631380,false
acc-88bbacabe05007f83855,BTR-26-0631381,Building,appended_new_activity,no_exact_core_match,,tpa-7cae0f287f9b95,BTR260631381,false
acc-15bc41199aeec9edc80d,BTR-26-0631382,Building,appended_new_activity,no_exact_core_match,,tpa-3422000500e1eb,BTR260631382,false
acc-146c00355ea6dbcb01e1,BTR-26-0631383,Building,appended_new_activity,no_exact_core_match,,tpa-94dfb3f492bf02,BTR260631383,false
acc-e10d8139b2ad58a2d363,BTR-26-0631384,Building,appended_new_activity,no_exact_core_match,,tpa-9ba796f6cc4905,BTR260631384,false
acc-9a5c75ee023977246bf4,BTR-26-0631385,Building,appended_new_activity,no_exact_core_match,,tpa-110a9587393999,BTR260631385,false
acc-a3ab25c54e085febc11d,BTR-26-0631386,Building,appended_new_activity,no_exact_core_match,,tpa-540c1db6428cab,BTR260631386,false
acc-dd051399cbde78fab960,BTR-26-0631387,Building,appended_new_activity,no_exact_core_match,,tpa-c15ac161f91fbd,BTR260631387,false
acc-f545dab397284237d2c5,BTR-26-0631388,Building,appended_new_activity,no_exact_core_match,,tpa-1ffa4b38ba01b8,BTR260631388,false
acc-bf16a0e8acf51aec3bab,BTR-26-0631389,Building,appended_new_activity,no_exact_core_match,,tpa-edb5215e94956c,BTR260631389,false
acc-15d22579a5e904224797,BTR-26-0631390,Building,appended_new_activity,no_exact_core_match,,tpa-b4e91200d610c1,BTR260631390,false
acc-75bc4a8779a67ab5f1ee,BTR-26-0631391,Building,appended_new_activity,no_exact_core_match,,tpa-f50c8ebe3e16ed,BTR260631391,false
acc-8e722bd5f66cf3ebbab6,BTR-26-0631392,Building,appended_new_activity,no_exact_core_match,,tpa-81b67e1ace0c2d,BTR260631392,false
acc-a9fc56ecbe090565af06,BTR-26-0631393,Building,appended_new_activity,no_exact_core_match,,tpa-033a9e1895f0b4,BTR260631393,false
acc-4611b7bf4675c14a503c,BTR-26-0631394,Building,appended_new_activity,no_exact_core_match,,tpa-aa28a138336094,BTR260631394,false
acc-03c88df5845436432648,BTR-26-0631395,Building,appended_new_activity,no_exact_core_match,,tpa-232023354bc537,BTR260631395,false
acc-9fb7177e23136e5f6637,BTR-26-0631396,Building,appended_new_activity,no_exact_core_match,,tpa-2660a3c5d4d17d,BTR260631396,false
acc-f466112b9e29acd956f9,BTR-26-0631397,Building,appended_new_activity,no_exact_core_match,,tpa-10ac5c01c48c74,BTR260631397,false
acc-56200b71c84fe6f035b0,BTR-26-0631398,Building,appended_new_activity,no_exact_core_match,,tpa-e4e70da43eb0e3,BTR260631398,false
acc-213dba497d92c563db83,BTR-26-0631399,Building,appended_new_activity,no_exact_core_match,,tpa-16e3902ca665f6,BTR260631399,false
acc-6e87b8fbe8a864d3ac07,BTR-26-0631400,Building,appended_new_activity,no_exact_core_match,,tpa-fa36c3b9c803e0,BTR260631400,false
acc-a04b4135242ad25ef2c1,BTR-26-0631401,Building,appended_new_activity,no_exact_core_match,,tpa-abf13814156fbb,BTR260631401,false
acc-fd7c98d95686c6605038,BTR-26-0631402,Building,appended_new_activity,no_exact_core_match,,tpa-cb75e74883dfb0,BTR260631402,false
acc-1a64bcc389caf1d27c0a,BTR-26-0631403,Building,appended_new_activity,no_exact_core_match,,tpa-b7e2e24e5804fb,BTR260631403,false
acc-be047c5727254b1d3979,BTR-26-0631404,Building,appended_new_activity,no_exact_core_match,,tpa-f237b9be71b887,BTR260631404,false
acc-375ef37f5eda46f64f65,BTR-26-0631405,Building,appended_new_activity,no_exact_core_match,,tpa-12646bf1b6722c,BTR260631405,false
acc-db1a5dc6c0528b568c9f,BTR-26-0631406,Building,appended_new_activity,no_exact_core_match,,tpa-c36c7b17dc8ecb,BTR260631406,false
acc-0d46e4dec3e2ddcdaa19,BTR-26-0631407,Building,appended_new_activity,no_exact_core_match,,tpa-bfc9b69d8eda90,BTR260631407,false
acc-0ca7143bbd26e5bead64,BTR-26-0631408,Building,appended_new_activity,no_exact_core_match,,tpa-1a889a8f79b2aa,BTR260631408,false
acc-878e2b5acffb9f2ad256,BTR-26-0631409,Building,appended_new_activity,no_exact_core_match,,tpa-7406907e62edb3,BTR260631409,false
acc-83cbd5c73cfa209f7c4a,BTR-26-0631410,Building,appended_new_activity,no_exact_core_match,,tpa-8a03855d9007e2,BTR260631410,false
acc-64ed06594a7d9a57c195,BTR-26-0631411,Building,appended_new_activity,no_exact_core_match,,tpa-613db45d28dcb3,BTR260631411,false
acc-e7c415d033299087274e,BTR-26-0631412,Building,appended_new_activity,no_exact_core_match,,tpa-2c58e9deb6b8f3,BTR260631412,false
acc-bf5a597cded9bcf41877,BTR-26-0631413,Building,appended_new_activity,no_exact_core_match,,tpa-5f4d61a0174948,BTR260631413,false
acc-5d6a67d420bd2a67042e,BTR-26-0631414,Building,appended_new_activity,no_exact_core_match,,tpa-824dc78b444fa6,BTR260631414,false
acc-6874e932275097905279,BTR-26-0631415,Building,appended_new_activity,no_exact_core_match,,tpa-6b8e5a265d3fa8,BTR260631415,false
acc-44daec19727c75dc3974,CBO-26-0000053,Building,appended_new_activity,no_exact_core_match,,tpa-3cad47c67f73be,CBO260000053,false
acc-b842dc656d08391dfc6a,CBO-26-0000054,Building,appended_new_activity,no_exact_core_match,,tpa-e96d458d2a53e4,CBO260000054,false
acc-a5002c18c90af81fcbbc,CBO-26-0000055,Building,appended_new_activity,no_exact_core_match,,tpa-06470793c2c786,CBO260000055,false
acc-6191591186ab85d74c7f,CBO-26-0000056,Building,appended_new_activity,no_exact_core_match,,tpa-6be4a427c206b9,CBO260000056,false
acc-14304a624c2f9da5bf4a,CBO-26-0000057,Building,appended_new_activity,no_exact_core_match,,tpa-d7daabd68757d2,CBO260000057,false
acc-e3c73d635eb402891073,CBO-26-0000058,Building,appended_new_activity,no_exact_core_match,,tpa-8260aa3402a9ab,CBO260000058,false
acc-43eca697b4e42f2acf71,CBO-26-0000059,Building,appended_new_activity,no_exact_core_match,,tpa-3463b025b19d8f,CBO260000059,false
acc-cd71cfba2aaddd494e19,CBO-26-0000060,Building,appended_new_activity,no_exact_core_match,,tpa-0d0079386abcaf,CBO260000060,false
acc-9cf5865ac6d616c16979,CBO-26-0000061,Building,appended_new_activity,no_exact_core_match,,tpa-edaa4d943352ea,CBO260000061,false
acc-674c56d207ba27154e63,CBO-26-0000062,Building,appended_new_activity,no_exact_core_match,,tpa-9d3d568210deea,CBO260000062,false
acc-7fd6d17d19c9a262a318,COA-26-0000051,Planning,appended_new_activity,no_exact_core_match,,tpa-2b60815713655d,COA260000051,false
acc-e48739e1a23463eca0b0,COA-26-0000052,Planning,appended_new_activity,no_exact_core_match,,tpa-930ce82ab6a1c3,COA260000052,false
acc-5ac866de9ffa18f81ace,COA-26-0000053,Planning,appended_new_activity,no_exact_core_match,,tpa-b766f3e67d2161,COA260000053,false
acc-56661d5bc1d416562925,COA-26-0000054,Planning,appended_new_activity,no_exact_core_match,,tpa-cb7a102c663805,COA260000054,false
acc-bd0c17d6eb69cb435616,COA-26-0000055,Planning,appended_new_activity,no_exact_core_match,,tpa-db1eafb12da750,COA260000055,false
acc-5755093e5774d1fe1182,COA-26-0000056,Planning,appended_new_activity,no_exact_core_match,,tpa-f70cbbff84807c,COA260000056,false
acc-1b8c16ef6aecd7f57a82,COA-26-0000057,Planning,appended_new_activity,no_exact_core_match,,tpa-3ef71d294c5e09,COA260000057,false
acc-d0a143e9e988e584d8c7,COA-26-0000058,Planning,appended_new_activity,no_exact_core_match,,tpa-9d00e02e0e26b0,COA260000058,false
acc-7a938f725ddc9aa1a28b,CRT-26-0000321,Planning,appended_new_activity,no_exact_core_match,,tpa-c73b88fbb21cb7,CRT260000321,false
acc-e3196137f6580117d7bf,CRT-26-0000322,Planning,appended_new_activity,no_exact_core_match,,tpa-69cd3c419dcbaf,CRT260000322,false
acc-77ace750be363e98c680,CRT-26-0000323,Planning,appended_new_activity,no_exact_core_match,,tpa-5e9e9a8f5e8081,CRT260000323,false
acc-303fd5b719a4e10213f4,CRT-26-0000324,Planning,appended_new_activity,no_exact_core_match,,tpa-ef11c99512bca3,CRT260000324,false
acc-203d696eb5a8d0151956,CRT-26-0000325,Planning,appended_new_activity,no_exact_core_match,,tpa-e5ccdd205a06fe,CRT260000325,false
acc-542a56506cbd9bdae362,CRT-26-0000326,Planning,appended_new_activity,no_exact_core_match,,tpa-b5a9891d78fa94,CRT260000326,false
acc-92a9c67b8d4ac66dbaab,CRT-26-0000327,Planning,appended_new_activity,no_exact_core_match,,tpa-a94cad660529f6,CRT260000327,false
acc-4925c01a0fd3bdff4aba,CRT-26-0000328,Planning,appended_new_activity,no_exact_core_match,,tpa-40f553b7f1a022,CRT260000328,false
acc-7e9824bc576e85d283ad,CRT-26-0000329,Planning,appended_new_activity,no_exact_core_match,,tpa-403f004ec9ead8,CRT260000329,false
acc-01be852986b930467c5d,CRT-26-0000330,Planning,appended_new_activity,no_exact_core_match,,tpa-113b31222817f4,CRT260000330,false
acc-4ecff1142f559ccc39f8,CRT-26-0000331,Planning,appended_new_activity,no_exact_core_match,,tpa-19448816d28268,CRT260000331,false
acc-04ae74f91e2b656b16cd,CRT-26-0000332,Planning,appended_new_activity,no_exact_core_match,,tpa-114bc4ec5245cf,CRT260000332,false
acc-bb2e69926108f9162a5c,CRT-26-0000333,Planning,appended_new_activity,no_exact_core_match,,tpa-c279e6068127e0,CRT260000333,false
acc-d2f92ce976ed810a5215,CRT-26-0000334,Planning,appended_new_activity,no_exact_core_match,,tpa-b6d8b8a5b9487f,CRT260000334,false
acc-7f73d39ce477321cbfad,CRT-26-0000335,Planning,appended_new_activity,no_exact_core_match,,tpa-4376a35df2e93b,CRT260000335,false
acc-df32f7b94494dd0ad60a,CRT-26-0000336,Planning,appended_new_activity,no_exact_core_match,,tpa-f77db13045851f,CRT260000336,false
acc-ab1671435dc1b4dad753,CRT-26-0000337,Planning,appended_new_activity,no_exact_core_match,,tpa-2b47cb5e2c5554,CRT260000337,false
acc-1f5a199291d542235d2c,CRT-26-0000338,Planning,appended_new_activity,no_exact_core_match,,tpa-b1138d5a957bca,CRT260000338,false
acc-2b67fd04a5d8e278b951,CRT-26-0000339,Planning,appended_new_activity,no_exact_core_match,,tpa-bec6793a77079d,CRT260000339,false
acc-1e352b31af6b6d54ebce,CRT-26-0000340,Planning,appended_new_activity,no_exact_core_match,,tpa-a48512f235c8e2,CRT260000340,false
acc-c0467f436c57bef0ad31,CRT-26-0000341,Planning,appended_new_activity,no_exact_core_match,,tpa-7156640451c8d7,CRT260000341,false
acc-6021ba2e59ef56f958b1,CRT-26-0000342,Planning,appended_new_activity,no_exact_core_match,,tpa-0c2fa2616e29b6,CRT260000342,false
acc-dd81f82d69b45eaf9471,CRT-26-0000343,Planning,appended_new_activity,no_exact_core_match,,tpa-82662a7367d978,CRT260000343,false
acc-68865eb3810d55ed85a1,CRT-26-0000344,Planning,appended_new_activity,no_exact_core_match,,tpa-b6524f0f7f169e,CRT260000344,false
acc-9e6231a0440a4a5cb39c,CRT-26-0000345,Planning,appended_new_activity,no_exact_core_match,,tpa-9b56e46778ba2c,CRT260000345,false
acc-20fa89b405692adac6d5,DDR-26-0000009,Planning,appended_new_activity,no_exact_core_match,,tpa-4d55f83a8af9b7,DDR260000009,false
acc-658ae989c71107049f90,DDR-26-0000010,Planning,appended_new_activity,no_exact_core_match,,tpa-b3b9a967eddb73,DDR260000010,false
acc-aacb2427f955f09b0957,DE1-26-0000173,Planning,merged_existing_activity,exact_public_record_number,tpa-f00bcd6e23caf0,tpa-f00bcd6e23caf0,DE1260000173,false
acc-11fd08d40277936dfcca,DE1-26-0000174,Planning,merged_existing_activity,exact_public_record_number,tpa-8166579f301a74,tpa-8166579f301a74,DE1260000174,false
acc-e586f20cda2f0bb22f1d,DE1-26-0000175,Planning,merged_existing_activity,exact_public_record_number,tpa-938414c99c6ad5,tpa-938414c99c6ad5,DE1260000175,false
acc-63b8705a465a8dcc99f3,DE1-26-0000176,Planning,merged_existing_activity,exact_public_record_number,tpa-7b42477a522dd4,tpa-7b42477a522dd4,DE1260000176,false
acc-33b719e2a7d29a7c47c6,DE1-26-0000177,Planning,appended_new_activity,no_exact_core_match,,tpa-c5e0fd10a1a900,DE1260000177,false
acc-731d098c372f62e61a35,DE1-26-0000178,Planning,merged_existing_activity,exact_public_record_number,tpa-d7a7069d314b48,tpa-d7a7069d314b48,DE1260000178,false
acc-25f0d4737640d0503561,DE1-26-0000179,Planning,merged_existing_activity,exact_public_record_number,tpa-7d6b18f048eacb,tpa-7d6b18f048eacb,DE1260000179,false
acc-f96c0c68fecb6b5dfc05,DE1-26-0000180,Planning,merged_existing_activity,exact_public_record_number,tpa-8f0a7193c560c6,tpa-8f0a7193c560c6,DE1260000180,false
acc-0b5b390cc324375c7dbd,DE1-26-0000181,Planning,merged_existing_activity,exact_public_record_number,tpa-75ee897763147b,tpa-75ee897763147b,DE1260000181,false
acc-86aa7d1ff58977e88244,DE1-26-0000182,Planning,merged_existing_activity,exact_public_record_number,tpa-456135037d0b42,tpa-456135037d0b42,DE1260000182,false
acc-5e1d19d963a014c6f2e6,DE1-26-0000183,Planning,merged_existing_activity,exact_public_record_number,tpa-f7f04e29b71fec,tpa-f7f04e29b71fec,DE1260000183,false
acc-ca561465a70d189d89ba,DE1-26-0000184,Planning,merged_existing_activity,exact_public_record_number,tpa-e756c9a9b3e23d,tpa-e756c9a9b3e23d,DE1260000184,false
acc-0cbbb1bc103a50065136,DE1-26-0000185,Planning,merged_existing_activity,exact_public_record_number,tpa-627563edffc953,tpa-627563edffc953,DE1260000185,false
acc-329579571b81b6ed15bb,DE1-26-0000186,Planning,merged_existing_activity,exact_public_record_number,tpa-6b292ddfeffa3b,tpa-6b292ddfeffa3b,DE1260000186,false
acc-7329f1733a7841e27f1d,DE1-26-0000187,Planning,merged_existing_activity,exact_public_record_number,tpa-4c1dae2c4933ed,tpa-4c1dae2c4933ed,DE1260000187,false
acc-750b89031cabefc21202,DE1-26-0000188,Planning,merged_existing_activity,exact_public_record_number,tpa-71cc9c55a2f865,tpa-71cc9c55a2f865,DE1260000188,false
acc-4e1c4d4164815dfeaac3,DE1-26-0000189,Planning,merged_existing_activity,exact_public_record_number,tpa-04425c0149a94d,tpa-04425c0149a94d,DE1260000189,false
acc-3c6fd4d3fc3568774aaf,DE1-26-0000190,Planning,merged_existing_activity,exact_public_record_number,tpa-0f16d5600926e1,tpa-0f16d5600926e1,DE1260000190,false
acc-77d2fdc78de693ed0178,DE1-26-0000191,Planning,appended_new_activity,no_exact_core_match,,tpa-c94cc145f0d02f,DE1260000191,false
acc-8319b0c46efac69c8dd2,DE1-26-0000192,Planning,appended_new_activity,no_exact_core_match,,tpa-5a5d96bfecbed7,DE1260000192,false
acc-010c81fdd3d5cb1b7b5a,DE1-26-0000193,Planning,appended_new_activity,no_exact_core_match,,tpa-dba34de645276d,DE1260000193,false
acc-a5c6ed0d013ac58b059b,DE1-26-0000194,Planning,appended_new_activity,no_exact_core_match,,tpa-9dd6675504b61b,DE1260000194,false
acc-933ada053f6c13c5c5c8,DE2-26-0000024,Planning,merged_existing_activity,exact_public_record_number,tpa-40cdad600ed513,tpa-40cdad600ed513,DE2260000024,false
acc-f9e17e58208ed36368fc,DET-26-0000094,Planning,appended_new_activity,no_exact_core_match,,tpa-598dab8c1d7e68,DET260000094,false
acc-d890ba4197ae6f5c2e25,DET-26-0000095,Planning,appended_new_activity,no_exact_core_match,,tpa-55ea2aa6066652,DET260000095,false
acc-ceb461b2c0fd2ab8b837,DET-26-0000096,Planning,appended_new_activity,no_exact_core_match,,tpa-f589919c9f0763,DET260000096,false
acc-be10799eab1be18ab6c4,DET-26-0000097,Planning,appended_new_activity,no_exact_core_match,,tpa-a24be3ad876de1,DET260000097,false
acc-f222302e35b9f42f5bc3,DET-26-0000098,Planning,appended_new_activity,no_exact_core_match,,tpa-2962ad1bbdb173,DET260000098,false
acc-2148b4dd72fbe65dcf94,DET-26-0000099,Planning,appended_new_activity,no_exact_core_match,,tpa-2833f219f72a7c,DET260000099,false
acc-538afb086a1e8228c7c4,DET-26-0000100,Planning,appended_new_activity,no_exact_core_match,,tpa-9e51115375f0f8,DET260000100,false
acc-be8126d0e9bd905e4ddb,DET-26-0000101,Planning,appended_new_activity,no_exact_core_match,,tpa-893207860e247a,DET260000101,false
acc-1978cef8d68f59a24bde,DET-26-0000102,Planning,appended_new_activity,no_exact_core_match,,tpa-1256cbcb29b118,DET260000102,false
acc-3c475f19a67b44e148ca,DET-26-0000103,Planning,appended_new_activity,no_exact_core_match,,tpa-2333dc14607034,DET260000103,false
acc-45a6417a66cac6788161,ENC-26-0000018,Planning,appended_new_activity,no_exact_core_match,,tpa-0d319bf09ad557,ENC260000018,false
acc-c850054ebe7b734b749d,FDN-26-0000116,Planning,merged_existing_activity,exact_public_record_number,tpa-94587102595e6b,tpa-94587102595e6b,FDN260000116,false
acc-ee3247bb3143b83e5716,FDN-26-0000117,Planning,merged_existing_activity,exact_public_record_number,tpa-e215c5d7cb5788,tpa-e215c5d7cb5788,FDN260000117,false
acc-44418f7b845b9db03ab9,FDN-26-0000118,Planning,merged_existing_activity,exact_public_record_number,tpa-63ef0ddb73c579,tpa-63ef0ddb73c579,FDN260000118,false
acc-7efddc3178c712330ef4,FDN-26-0000119,Planning,appended_new_activity,no_exact_core_match,,tpa-8d5524ce74e7f2,FDN260000119,false
acc-f968f7f6fd9396279333,FDN-26-0000120,Planning,appended_new_activity,no_exact_core_match,,tpa-e54354256d3136,FDN260000120,false
acc-d52353c5230bd6239c35,FDN-26-0000121,Planning,merged_existing_activity,exact_public_record_number,tpa-b7732bbd149bbd,tpa-b7732bbd149bbd,FDN260000121,false
acc-1fc0dda70ebb3ffbe1dc,FDN-26-0000122,Planning,merged_existing_activity,exact_public_record_number,tpa-fcda5c3b44f310,tpa-fcda5c3b44f310,FDN260000122,false
acc-acff85c71c4b999994b5,FDN-26-0000123,Planning,merged_existing_activity,exact_public_record_number,tpa-bbfbb3d81270a2,tpa-bbfbb3d81270a2,FDN260000123,false
acc-25fc667fc987726b29fa,FDN-26-0000124,Planning,merged_existing_activity,exact_public_record_number,tpa-0b8f6e3a85df52,tpa-0b8f6e3a85df52,FDN260000124,false
acc-24819594a4be742c4c33,FDN-26-0000125,Planning,merged_existing_activity,exact_public_record_number,tpa-7f828fcfd63a18,tpa-7f828fcfd63a18,FDN260000125,false
acc-b52ecac34ca2df8c7e5a,FDN-26-0000131,Planning,merged_existing_activity,exact_public_record_number,tpa-a609dcbab2dc79,tpa-a609dcbab2dc79,FDN260000131,false
acc-8a189434b5e6d1e76a3d,FDN-26-0000132,Planning,appended_new_activity,no_exact_core_match,,tpa-fba24b8e32d033,FDN260000132,false
acc-8a462ab337af9f8e2904,FDN-26-0000133,Planning,appended_new_activity,no_exact_core_match,,tpa-371e68d39e131d,FDN260000133,false
acc-d439d0d6d4ef7fdd2380,FDN-26-0000134,Planning,appended_new_activity,no_exact_core_match,,tpa-325c5632785257,FDN260000134,false
acc-fe2dbdff660c0092335f,FDN-26-0000135,Planning,appended_new_activity,no_exact_core_match,,tpa-b93d7fd6eaeb37,FDN260000135,false
acc-c816cc909340efcbf444,FDN-26-0000136,Planning,appended_new_activity,no_exact_core_match,,tpa-263b4d164b4a5f,FDN260000136,false
acc-85ba153ef4fff5de27c3,FDN-26-0000137,Planning,appended_new_activity,no_exact_core_match,,tpa-1151f730f34ca5,FDN260000137,false
acc-ea6e077fd05a8fc030bb,FDN-26-0000138,Planning,appended_new_activity,no_exact_core_match,,tpa-3b002b4a569745,FDN260000138,false
acc-9acd2b17e774af682356,FDN-26-0000139,Planning,appended_new_activity,no_exact_core_match,,tpa-616f36a7b8c0f1,FDN260000139,false
acc-8971dd9491740a9da481,FDN-26-0000140,Planning,appended_new_activity,no_exact_core_match,,tpa-31cd7d41759ea3,FDN260000140,false
acc-896d981bb766f02039a4,HPC-26-0000015,Planning,appended_new_activity,no_exact_core_match,,tpa-c697b7b3b41e2b,HPC260000015,false
acc-24e42fbe5f1c6df9e39c,HPC-26-0000016,Planning,appended_new_activity,no_exact_core_match,,tpa-c4448dc58b1b46,HPC260000016,false
acc-51b7720d107d2e040148,IRW-26-0000008,Planning,appended_new_activity,no_exact_core_match,,tpa-158d7c67a5994f,IRW260000008,false
acc-8ea477a81740e1ed28d5,LND-26-0000128,Planning,appended_new_activity,no_exact_core_match,,tpa-3dd02d19b4feb0,LND260000128,false
acc-d2c9741c38ef812a0dec,LND-26-0000129,Planning,merged_existing_activity,exact_public_record_number,tpa-a17658507c0661,tpa-a17658507c0661,LND260000129,false
acc-aec78fecfa98186369e1,LND-26-0000130,Planning,appended_new_activity,no_exact_core_match,,tpa-2e8892db647805,LND260000130,false
acc-5f6353afb581f56681d1,LND-26-0000131,Planning,merged_existing_activity,exact_public_record_number,tpa-95f6452bbe9514,tpa-95f6452bbe9514,LND260000131,false
acc-9ccec98fe675a1f332a8,LND-26-0000132,Planning,merged_existing_activity,exact_public_record_number,tpa-366410a626830e,tpa-366410a626830e,LND260000132,false
acc-bc1e5eb1cba654573f66,LND-26-0000133,Planning,merged_existing_activity,exact_public_record_number,tpa-0ffa082f6b3639,tpa-0ffa082f6b3639,LND260000133,false
acc-aeaef59bf10f7b98ec8e,LND-26-0000134,Planning,merged_existing_activity,exact_public_record_number,tpa-b90e94d1a9784f,tpa-b90e94d1a9784f,LND260000134,false
acc-96daa084f756a49785ab,LND-26-0000135,Planning,appended_new_activity,no_exact_core_match,,tpa-b96cc59cd3a9ff,LND260000135,false
acc-40e647e05f775d7b1969,LND-26-0000136,Planning,merged_existing_activity,exact_public_record_number,tpa-36f0d698be04a4,tpa-36f0d698be04a4,LND260000136,false
acc-87039af565dbf5f6a457,LND-26-0000137,Planning,appended_new_activity,no_exact_core_match,,tpa-36e532f3ccda21,LND260000137,false
acc-3b0b7c34aa76a25965e2,LND-26-0000138,Planning,appended_new_activity,no_exact_core_match,,tpa-5f6321069b71d9,LND260000138,false
acc-8995f32044b74675cb6b,LND-26-0000139,Planning,appended_new_activity,no_exact_core_match,,tpa-31642a7a266f74,LND260000139,false
acc-0303b4655749d85767bb,LVA-26-0000070,Building,appended_new_activity,no_exact_core_match,,tpa-685b24c89627ba,LVA260000070,false
acc-5e783964e64d80d575d0,LVA-26-0000071,Building,appended_new_activity,no_exact_core_match,,tpa-4e69e5f0fa4f87,LVA260000071,false
acc-84e465640a99be0ceb94,LVA-26-0000072,Building,appended_new_activity,no_exact_core_match,,tpa-5567b9dca80e05,LVA260000072,false
acc-5ef45b0337e5fe0633cc,LVA-26-0000073,Building,appended_new_activity,no_exact_core_match,,tpa-dec60467c8cf45,LVA260000073,false
acc-59455bc64fbf47bf080c,LVA-26-0000074,Building,appended_new_activity,no_exact_core_match,,tpa-1f7ba958d8edf5,LVA260000074,false
acc-3d0ed073fb09f3439d0a,LVA-26-0000075,Building,appended_new_activity,no_exact_core_match,,tpa-ca16ff41862544,LVA260000075,false
acc-e6a29f1163ee89ea91a3,LVA-26-0000076,Building,appended_new_activity,no_exact_core_match,,tpa-45874e7aa8a95a,LVA260000076,false
acc-c3d248905a313960ca08,LVA-26-0000077,Building,appended_new_activity,no_exact_core_match,,tpa-7d133d25d0aba2,LVA260000077,false
acc-9daa037a645d9bd0b8dd,LVA-26-0000078,Building,appended_new_activity,no_exact_core_match,,tpa-171e5ec50609ab,LVA260000078,false
acc-4ae328308e2b901eddcd,PLN-26-0000028,Planning,appended_new_activity,no_exact_core_match,,tpa-52a5c79c9b4595,PLN260000028,false
acc-a27aba1f5905cfcddf18,PLN-26-0000029,Planning,appended_new_activity,no_exact_core_match,,tpa-dffb76764d8d04,PLN260000029,false
acc-c29661dc61aaca59390b,PLN-26-0000030,Planning,appended_new_activity,no_exact_core_match,,tpa-3a098c06f100ef,PLN260000030,false
acc-fca951ad2a488b766568,PLN-26-0000031,Planning,appended_new_activity,no_exact_core_match,,tpa-dd31bbbd3c53ea,PLN260000031,false
acc-8bf9fe5a85623ca147f7,PLNCO-26-000018,Planning,appended_new_activity,no_exact_core_match,,tpa-6ce86da6ab2c11,PLNCO26000018,false
acc-a6d046d0f8ac160c3b4d,PLNCO-26-000019,Planning,appended_new_activity,no_exact_core_match,,tpa-f0fa5b703aee56,PLNCO26000019,false
acc-bf039f88944c550074b7,PLNCO-26-000020,Planning,appended_new_activity,no_exact_core_match,,tpa-a59c4f28dcfcf0,PLNCO26000020,false
acc-f234fcf432bf7699e1a0,PLNCO-26-000021,Planning,appended_new_activity,no_exact_core_match,,tpa-f632004e6c0cb0,PLNCO26000021,false
acc-dbf7272fa28b83bba048,PLNSUB-26-0000003,Planning,appended_new_activity,no_exact_core_match,,tpa-706bc55543e78b,PLNSUB260000003,false
acc-84dec7bab4b89957ed2e,PPR-26-0000053,Building,appended_new_activity,no_exact_core_match,,tpa-6e73ed497c8574,PPR260000053,false
acc-4273674f854733bb43c3,PPR-26-0000054,Building,appended_new_activity,no_exact_core_match,,tpa-29c9c6c3670358,PPR260000054,false
acc-f31a95b9a24c5aa2e2e1,PPR-26-0000055,Building,appended_new_activity,no_exact_core_match,,tpa-7c4caf2089cc56,PPR260000055,false
acc-fe318bce489c7e759905,PPT-26-0000011,Planning,appended_new_activity,no_exact_core_match,,tpa-78db17177c9072,PPT260000011,false
acc-a5ae33cde50f08bb64b7,PPT-26-0000012,Planning,appended_new_activity,no_exact_core_match,,tpa-9b2905b81be641,PPT260000012,false
acc-56f941c3e76dd0325552,PRE-26-0000066,Building,appended_new_activity,no_exact_core_match,,tpa-dda7bd91cd5063,PRE260000066,false
acc-ba77f5cd28348417b4fd,PRE-26-0000067,Building,appended_new_activity,no_exact_core_match,,tpa-21bee2cf11bf87,PRE260000067,false
acc-623a8e507d981ddf22f0,PRE-26-0000068,Building,appended_new_activity,no_exact_core_match,,tpa-159079b20adb1c,PRE260000068,false
acc-ecdde38698d84244f53c,PRE-26-0000069,Building,appended_new_activity,no_exact_core_match,,tpa-a99405b9f9e283,PRE260000069,false
acc-31e43939f62108d0c713,PRE-26-0000070,Building,appended_new_activity,no_exact_core_match,,tpa-b551b32a30ad3f,PRE260000070,false
acc-2f2b7b9f0451f59b986c,PRE-26-0000071,Building,appended_new_activity,no_exact_core_match,,tpa-d3ca918bc6529c,PRE260000071,false
acc-746a2a3bce2cd7ebab26,PRE-26-0000072,Building,appended_new_activity,no_exact_core_match,,tpa-036c4c92da55e7,PRE260000072,false
acc-87e8ff07432e7adfaa39,PRE-26-0000073,Building,appended_new_activity,no_exact_core_match,,tpa-c6a1d5f137ee95,PRE260000073,false
acc-6a959e78ce615c42a9f8,PRE-26-0000074,Building,appended_new_activity,no_exact_core_match,,tpa-e012a895c2187f,PRE260000074,false
acc-7cdaa3074f7f61361363,PRE-26-0000075,Building,appended_new_activity,no_exact_core_match,,tpa-0501758accc54d,PRE260000075,false
acc-a728eec4eb55cb7d8c2e,REZ-26-0000114,Planning,merged_existing_activity,exact_public_record_number,tpa-508340fa2a050c,tpa-508340fa2a050c,REZ260000114,false
acc-c33eb02354fc355ea746,REZ-26-0000115,Planning,merged_existing_activity,exact_public_record_number,tpa-b375db3909181b,tpa-b375db3909181b,REZ260000115,false
acc-124accb6909e8ff97347,REZ-26-0000116,Planning,merged_existing_activity,exact_public_record_number,tpa-0357a95e033f5d,tpa-0357a95e033f5d,REZ260000116,false
acc-04371aecd6183d87352e,REZ-26-0000117,Planning,merged_existing_activity,exact_public_record_number,tpa-b08e018495cf4f,tpa-b08e018495cf4f,REZ260000117,false
acc-3072737a944b9fdbce91,REZ-26-0000118,Planning,merged_existing_activity,exact_public_record_number,tpa-7a2ac0f651cb79,tpa-7a2ac0f651cb79,REZ260000118,false
acc-29f47479237ef0c49fde,REZ-26-0000119,Planning,merged_existing_activity,exact_public_record_number,tpa-d7eef5297bc014,tpa-d7eef5297bc014,REZ260000119,false
acc-ab2cc1e61fcf44c48403,ROE-26-0000024,Planning,appended_new_activity,no_exact_core_match,,tpa-7eda73a381fb42,ROE260000024,false
acc-9a6f84278c340ec644b1,ROE-26-0000025,Planning,appended_new_activity,no_exact_core_match,,tpa-bab5b82fff52ed,ROE260000025,false
acc-59f28aa1a7aca017d673,ROE-26-0000026,Planning,appended_new_activity,no_exact_core_match,,tpa-41dfc38582ebbd,ROE260000026,false
acc-2ae01bced3eee1326e48,ROE-26-0000027,Planning,appended_new_activity,no_exact_core_match,,tpa-a5a9434c52e187,ROE260000027,false
acc-eb3930f41c8f37a46d15,SU1-26-0000074,Planning,appended_new_activity,no_exact_core_match,,tpa-88bece1b4ef560,SU1260000074,false
acc-c6ba9714470c48edd18b,SU1-26-0000075,Planning,merged_existing_activity,exact_public_record_number,tpa-8dc47e0878a4a4,tpa-8dc47e0878a4a4,SU1260000075,false
acc-7f40196604bee886d282,SU1-26-0000076,Planning,appended_new_activity,no_exact_core_match,,tpa-e019b236a92c9b,SU1260000076,false
acc-d25ca896f4ffeb295c5b,SU1-26-0000077,Planning,merged_existing_activity,exact_public_record_number,tpa-899f64041a64cf,tpa-899f64041a64cf,SU1260000077,false
acc-af720c41c54013bb7a95,SU1-26-0000078,Planning,merged_existing_activity,exact_public_record_number,tpa-e59817ceee24b6,tpa-e59817ceee24b6,SU1260000078,false
acc-16dd5aec402330ee5667,SU1-26-0000079,Planning,appended_new_activity,no_exact_core_match,,tpa-46f230762b6d36,SU1260000079,false
acc-23b60e4083a3ddbdda42,SU1-26-0000080,Planning,appended_new_activity,no_exact_core_match,,tpa-aaccb606b4baee,SU1260000080,false
acc-5b665f9caf1fc126641e,SU1-26-0000081,Planning,appended_new_activity,no_exact_core_match,,tpa-fa7486c4c2a0f3,SU1260000081,false
acc-568cae35f3c7ea52c65f,SUB-26-0000017,Planning,appended_new_activity,no_exact_core_match,,tpa-7731fa9cf55d59,SUB260000017,false
acc-6aa5b93196c51b7512de,SUB-26-0000018,Planning,appended_new_activity,no_exact_core_match,,tpa-0d7bb4fed1f8a5,SUB260000018,false
acc-a3e81d866b2b29953ed4,SUB-26-0000019,Planning,appended_new_activity,no_exact_core_match,,tpa-5f2a99d10055fd,SUB260000019,false
acc-3e2b72298412b0f31620,TRE-26-0001179,Building,appended_new_activity,no_exact_core_match,,tpa-31e4d65d43a79e,TRE260001179,false
acc-dd656c2b6f24b2208301,TRE-26-0001180,Building,appended_new_activity,no_exact_core_match,,tpa-4241a491ba3693,TRE260001180,false
acc-8e1e3253302f3ed2a709,TRE-26-0001181,Building,appended_new_activity,no_exact_core_match,,tpa-9f8e79c72efb5a,TRE260001181,false
acc-3a46446b732bb671e42c,TRE-26-0001182,Building,appended_new_activity,no_exact_core_match,,tpa-38966810f6cde0,TRE260001182,false
acc-31fefe924181f105fbab,TRE-26-0001183,Building,appended_new_activity,no_exact_core_match,,tpa-759f6bbd6cc99e,TRE260001183,false
acc-dc0034f0a35c1c7f0712,TRE-26-0001184,Building,appended_new_activity,no_exact_core_match,,tpa-bc71f8ce4063c6,TRE260001184,false
acc-012084f454794ecd5ed9,TRE-26-0001185,Building,appended_new_activity,no_exact_core_match,,tpa-313d4ad74b82d1,TRE260001185,false
acc-70a7ef8fa4cdaee99a5a,TRE-26-0001186,Building,appended_new_activity,no_exact_core_match,,tpa-bff778d30a7b02,TRE260001186,false
acc-f6014c2fa6591fb63734,TRE-26-0001187,Building,appended_new_activity,no_exact_core_match,,tpa-7f783d47f06252,TRE260001187,false
acc-216463166d648dd9b740,TRE-26-0001188,Building,appended_new_activity,no_exact_core_match,,tpa-5290e9736f5fcb,TRE260001188,false
acc-822ca273bcbb0f747733,TRE-26-0001189,Building,appended_new_activity,no_exact_core_match,,tpa-6d207512f44745,TRE260001189,false
acc-add5e01e088704ddafc9,TRE-26-0001190,Building,appended_new_activity,no_exact_core_match,,tpa-0b391740c2258e,TRE260001190,false
acc-5c5561d7a9d0a06e4305,TRE-26-0001191,Building,appended_new_activity,no_exact_core_match,,tpa-6ed87fb924c3f5,TRE260001191,false
acc-8792012a09777b053da7,TRE-26-0001192,Building,appended_new_activity,no_exact_core_match,,tpa-fa079e23467a22,TRE260001192,false
acc-00332833e2e63068f3f9,TRE-26-0001193,Building,appended_new_activity,no_exact_core_match,,tpa-a48a21c0e4342a,TRE260001193,false
acc-57c26a733ab10acb8748,TRE-26-0001194,Building,appended_new_activity,no_exact_core_match,,tpa-f6480b6c15f083,TRE260001194,false
acc-41bcfc263755f96becc3,TRE-26-0001195,Building,appended_new_activity,no_exact_core_match,,tpa-adad2518135744,TRE260001195,false
acc-365e8c970f45b631adef,TRE-26-0001196,Building,appended_new_activity,no_exact_core_match,,tpa-03920c13331408,TRE260001196,false
acc-1b363ae40405d9853b86,TRE-26-0001197,Building,appended_new_activity,no_exact_core_match,,tpa-735b2cb0b338af,TRE260001197,false
acc-eead77fd637d24ed820b,TRE-26-0001198,Building,appended_new_activity,no_exact_core_match,,tpa-c3b1773c0b33f3,TRE260001198,false
acc-1de3f53123dd7fe025a2,TRE-26-0001199,Building,appended_new_activity,no_exact_core_match,,tpa-2e24834cc36e52,TRE260001199,false
acc-e377a4f5c5b9978ae714,TRE-26-0001200,Building,appended_new_activity,no_exact_core_match,,tpa-53b9926b6d557c,TRE260001200,false
acc-52e27b49c39ca999f7e1,TRE-26-0001201,Building,appended_new_activity,no_exact_core_match,,tpa-112d4f6c704316,TRE260001201,false
acc-7dba599fb0c0f0459305,TRE-26-0001202,Building,appended_new_activity,no_exact_core_match,,tpa-b6290c74db114e,TRE260001202,false
acc-0ede54b0781a42f1cb1a,TRE-26-0001203,Building,appended_new_activity,no_exact_core_match,,tpa-aed7705f89b191,TRE260001203,false
acc-195971b27a6b0bfef845,TRE-26-0001204,Building,appended_new_activity,no_exact_core_match,,tpa-c98cb3aba4a10a,TRE260001204,false
acc-a65b001f1d1dcc1afff7,TRE-26-0001205,Building,appended_new_activity,no_exact_core_match,,tpa-d7207c1ca5e5a7,TRE260001205,false
acc-97b43950392b9d9c93f8,TRE-26-0001206,Building,appended_new_activity,no_exact_core_match,,tpa-fa012f68778935,TRE260001206,false
acc-9f6af8a514c015014b2a,TRE-26-0001207,Building,appended_new_activity,no_exact_core_match,,tpa-8d1cbefc889686,TRE260001207,false
acc-b50b4e927fb72ba30d73,TRE-26-0001208,Building,appended_new_activity,no_exact_core_match,,tpa-33ffe41b59cc59,TRE260001208,false
acc-c4ff07a4e5f6e8180782,TRE-26-0001209,Building,appended_new_activity,no_exact_core_match,,tpa-c178139c2f673d,TRE260001209,false
acc-ff7bb62d62626e80c59d,TRE-26-0001210,Building,appended_new_activity,no_exact_core_match,,tpa-a8f9493d379e74,TRE260001210,false
acc-aa4a8e06ed3c15b7b0bc,TRE-26-0001211,Building,appended_new_activity,no_exact_core_match,,tpa-76264112731423,TRE260001211,false
acc-79c6575950f147211db7,TRE-26-0001212,Building,appended_new_activity,no_exact_core_match,,tpa-b64265a9da3c67,TRE260001212,false
acc-d486af2d102d0eccfe6f,TRE-26-0001213,Building,appended_new_activity,no_exact_core_match,,tpa-dfd72e28f37e09,TRE260001213,false
acc-f201950fcc35e87a304c,TRE-26-0001214,Building,appended_new_activity,no_exact_core_match,,tpa-0d8465a114104f,TRE260001214,false
acc-905bb10685c55268d674,TRE-26-0001215,Building,appended_new_activity,no_exact_core_match,,tpa-21b57b2d715287,TRE260001215,false
acc-ce8b71656c2a50bbe74b,TRE-26-0001216,Building,appended_new_activity,no_exact_core_match,,tpa-5fe50f75329a9d,TRE260001216,false
acc-a22946ab9f87943fd18d,TRE-26-0001217,Building,appended_new_activity,no_exact_core_match,,tpa-e337c73b0eacd5,TRE260001217,false
acc-388c9e856c4fad9cf503,TRE-26-0001218,Building,appended_new_activity,no_exact_core_match,,tpa-75dde42c9727a7,TRE260001218,false
acc-401cadccc3a8c11548a7,TRE-26-0001219,Building,appended_new_activity,no_exact_core_match,,tpa-df8737511e10c5,TRE260001219,false
acc-3ec567d849fd94a535df,TRE-26-0001220,Building,appended_new_activity,no_exact_core_match,,tpa-1442cd18df62c7,TRE260001220,false
acc-be02b5dabca941f6e3af,TRE-26-0001221,Building,appended_new_activity,no_exact_core_match,,tpa-21b8910f11398c,TRE260001221,false
acc-62359062b1bec86d1efa,TRE-26-0001222,Building,appended_new_activity,no_exact_core_match,,tpa-714bcd1df14ea6,TRE260001222,false
acc-b62508b512d9c4920201,TRE-26-0001223,Building,appended_new_activity,no_exact_core_match,,tpa-35295d3c144252,TRE260001223,false
acc-6fdf592bbea7348ff842,TRE-26-0001224,Building,appended_new_activity,no_exact_core_match,,tpa-c6a1b8e9042cf8,TRE260001224,false
acc-2fb447f9956f97d310c1,TRE-26-0001225,Building,appended_new_activity,no_exact_core_match,,tpa-eefd8bdcce7750,TRE260001225,false
acc-12e306499b01a7757f3c,TRE-26-0001226,Building,appended_new_activity,no_exact_core_match,,tpa-e8ccf70b1ba80b,TRE260001226,false
acc-337cd81c53128dd59eaa,TRE-26-0001227,Building,appended_new_activity,no_exact_core_match,,tpa-9acdad635efc16,TRE260001227,false
acc-b9949e1cd9168b5c28c7,TRE-26-0001228,Building,appended_new_activity,no_exact_core_match,,tpa-00b5f7a13ff933,TRE260001228,false
acc-1ed0df46f03d32120934,TRE-26-0001229,Building,appended_new_activity,no_exact_core_match,,tpa-620ddde34c479b,TRE260001229,false
acc-16f34cafdcc7d5ac0ece,TRE-26-0001230,Building,appended_new_activity,no_exact_core_match,,tpa-e0b712bbebce3b,TRE260001230,false
acc-0d171c103dbb400cb403,TRE-26-0001231,Building,appended_new_activity,no_exact_core_match,,tpa-d6204a4fcd847f,TRE260001231,false
acc-191778ca8961da37fd4a,TRE-26-0001232,Building,appended_new_activity,no_exact_core_match,,tpa-b66ac53ce761ea,TRE260001232,false
acc-773b723311c67665ff42,TRE-26-0001233,Building,appended_new_activity,no_exact_core_match,,tpa-7e90507e86411e,TRE260001233,false
acc-5371330006cc78f130fd,TRE-26-0001234,Building,appended_new_activity,no_exact_core_match,,tpa-d52db525d99135,TRE260001234,false
acc-dff8007da5ea2fb94875,TRE-26-0001235,Building,appended_new_activity,no_exact_core_match,,tpa-30fd783610696f,TRE260001235,false
acc-e3c9371935427cf2fbd4,TRE-26-0001236,Building,appended_new_activity,no_exact_core_match,,tpa-5a35d0efbfa468,TRE260001236,false
acc-e963398cb0344e6a7aab,TRE-26-0001237,Building,appended_new_activity,no_exact_core_match,,tpa-d1458a6807f48c,TRE260001237,false
acc-33d563617d39e8469c1f,TRE-26-0001238,Building,appended_new_activity,no_exact_core_match,,tpa-b9c0dc67f33213,TRE260001238,false
acc-73eac95eeb949d140435,TRE-26-0001239,Building,appended_new_activity,no_exact_core_match,,tpa-82690b4cbad479,TRE260001239,false
acc-acd0e58e306ca07473e2,TRE-26-0001240,Building,appended_new_activity,no_exact_core_match,,tpa-5b6dbb2f3d57b5,TRE260001240,false
acc-5f7e5051dcb31d128634,TRE-26-0001241,Building,appended_new_activity,no_exact_core_match,,tpa-07699c3be06265,TRE260001241,false
acc-8fa85a0db412c0664d2d,TRE-26-0001242,Building,appended_new_activity,no_exact_core_match,,tpa-1adf68a52ad00e,TRE260001242,false
acc-5c8b72b6d7f5285865f9,TRE-26-0001243,Building,appended_new_activity,no_exact_core_match,,tpa-f6e2b0e94bb078,TRE260001243,false
acc-6dc096d378c519c12630,TRE-26-0001244,Building,appended_new_activity,no_exact_core_match,,tpa-9283a6edd1b01b,TRE260001244,false
acc-12efcdd5eeb15d7b85bd,TRE-26-0001245,Building,appended_new_activity,no_exact_core_match,,tpa-6952ea29634f6c,TRE260001245,false
acc-1d6f61b0319bf1b7a3bc,TRE-26-0001246,Building,appended_new_activity,no_exact_core_match,,tpa-ed742daa3f5358,TRE260001246,false
acc-25be46be4f15ba1bef7e,TRE-26-0001247,Building,appended_new_activity,no_exact_core_match,,tpa-35a1ccbd6d887a,TRE260001247,false
acc-ee03960bb2b0541c9531,TRE-26-0001248,Building,appended_new_activity,no_exact_core_match,,tpa-a594ece1a21fe7,TRE260001248,false
acc-438efdfee9233a5f2155,TRE-26-0001249,Building,appended_new_activity,no_exact_core_match,,tpa-d98b05bb08a63a,TRE260001249,false
acc-7e277a50e4ed5bb18484,TRE-26-0001250,Building,appended_new_activity,no_exact_core_match,,tpa-920bb3a6d2a36c,TRE260001250,false
acc-36bb42adb1f15b39a7d4,TRE-26-0001251,Building,appended_new_activity,no_exact_core_match,,tpa-01c64240712e7e,TRE260001251,false
acc-7965f657614095f4a5f7,TRE-26-0001252,Building,appended_new_activity,no_exact_core_match,,tpa-999a2bc0937d4b,TRE260001252,false
acc-c4ffbc9f4bb6d8a4c781,TRE-26-0001253,Building,appended_new_activity,no_exact_core_match,,tpa-b3a58217ee9d0d,TRE260001253,false
acc-1daf3adef86ed0293eb3,TRE-26-0001254,Building,appended_new_activity,no_exact_core_match,,tpa-3ffdbe06fe0bbe,TRE260001254,false
acc-a421bc7f00f936588cac,TRE-26-0001255,Building,appended_new_activity,no_exact_core_match,,tpa-5e60c6d231fcb3,TRE260001255,false
acc-72f35cb19423421985a7,TRE-26-0001256,Building,appended_new_activity,no_exact_core_match,,tpa-9c3d85e4b545cb,TRE260001256,false
acc-407acaaf0bbe6280485b,TRE-26-0001257,Building,appended_new_activity,no_exact_core_match,,tpa-981b9fa76e34ea,TRE260001257,false
acc-2cedb8e4f741fa5a2916,TRE-26-0001258,Building,appended_new_activity,no_exact_core_match,,tpa-3d2272901a128b,TRE260001258,false
acc-295f00e492dc81e1090f,TRE-26-0001259,Building,appended_new_activity,no_exact_core_match,,tpa-b3c83f17f3567e,TRE260001259,false
acc-1f18f1cd563330c898ec,TRE-26-0001260,Building,appended_new_activity,no_exact_core_match,,tpa-ac98a752a1b1af,TRE260001260,false
acc-c076b9faa340ab5ac93d,TRE-26-0001261,Building,appended_new_activity,no_exact_core_match,,tpa-139fd7166574cf,TRE260001261,false
acc-a9854da78c5c22e3a315,TRE-26-0001262,Building,appended_new_activity,no_exact_core_match,,tpa-4e6abdfe06b9ad,TRE260001262,false
acc-af8c4bcd8790ff48f251,TRE-26-0001263,Building,appended_new_activity,no_exact_core_match,,tpa-031d46f2f4dbc1,TRE260001263,false
acc-18b5f5571a612832ae24,TRE-26-0001264,Building,appended_new_activity,no_exact_core_match,,tpa-86eaaa5c131d97,TRE260001264,false
acc-f6323bde59764de30256,TRE-26-0001265,Building,appended_new_activity,no_exact_core_match,,tpa-659ef08f6873e4,TRE260001265,false
acc-e3c3ad0ee7a45ccc55ab,TRE-26-0001266,Building,appended_new_activity,no_exact_core_match,,tpa-281404b47f6e6b,TRE260001266,false
acc-526fedda2cc7aaaaad12,TRE-26-0001267,Building,appended_new_activity,no_exact_core_match,,tpa-dbc96c3df8204b,TRE260001267,false
acc-ad8b84caf9bf05e34ca8,TRE-26-0001268,Building,appended_new_activity,no_exact_core_match,,tpa-e878ffe6751daa,TRE260001268,false
acc-b5e516109158b8a64d03,TRE-26-0001269,Building,appended_new_activity,no_exact_core_match,,tpa-20fdb70fff2abc,TRE260001269,false
acc-ff81529fca6556b8b0ee,TRE-26-0001270,Building,appended_new_activity,no_exact_core_match,,tpa-7e0e34cc0861b0,TRE260001270,false
acc-8b442931125aad877ba2,TRE-26-0001271,Building,appended_new_activity,no_exact_core_match,,tpa-118f5435fca0f7,TRE260001271,false
acc-f05e1700074d59a3a201,TRE-26-0001272,Building,appended_new_activity,no_exact_core_match,,tpa-189b2c4d63296c,TRE260001272,false
acc-90af54b2839932f19b7a,TRE-26-0001273,Building,appended_new_activity,no_exact_core_match,,tpa-2c9937568f027e,TRE260001273,false
acc-b87c7b81de88f41439b1,TRE-26-0001274,Building,appended_new_activity,no_exact_core_match,,tpa-457ef83ed827c6,TRE260001274,false
acc-0632eb013ec15f33061f,TRE-26-0001275,Building,appended_new_activity,no_exact_core_match,,tpa-93fee51f08d4e2,TRE260001275,false
acc-a179bdaae7eec29c5dc8,TRE-26-0001276,Building,appended_new_activity,no_exact_core_match,,tpa-3c561468ddceaa,TRE260001276,false
acc-bcc14fc27c2826ad593a,TRE-26-0001277,Building,appended_new_activity,no_exact_core_match,,tpa-6c7e1b41e1f730,TRE260001277,false
acc-74b6dd12113c6faafa02,TRE-26-0001278,Building,appended_new_activity,no_exact_core_match,,tpa-da89a651269826,TRE260001278,false
acc-e4d558cbff24675aed2c,TRE-26-0001279,Building,appended_new_activity,no_exact_core_match,,tpa-9400e46c5dc27d,TRE260001279,false
acc-cc5063a0ade67e1409cb,TRE-26-0001280,Building,appended_new_activity,no_exact_core_match,,tpa-a136b215c81e0b,TRE260001280,false
acc-5746af003cf15d5f9323,TRE-26-0001281,Building,appended_new_activity,no_exact_core_match,,tpa-a364c35050f22b,TRE260001281,false
acc-561cb86645a8702b1964,TRE-26-0001282,Building,appended_new_activity,no_exact_core_match,,tpa-338c39f5c61e99,TRE260001282,false
acc-bcea73d42f5694b327d4,TRE-26-0001283,Building,appended_new_activity,no_exact_core_match,,tpa-72fed42d0f6512,TRE260001283,false
acc-73aa545faf362863d6b2,TRE-26-0001284,Building,appended_new_activity,no_exact_core_match,,tpa-e37c8a8059fe2b,TRE260001284,false
acc-1b076fc6317e03606d35,TRE-26-0001285,Building,appended_new_activity,no_exact_core_match,,tpa-3ef31b67944617,TRE260001285,false
acc-3cc8582fbe5bb3a6fad6,TRE-26-0001286,Building,appended_new_activity,no_exact_core_match,,tpa-b2afd06c4f14ed,TRE260001286,false
acc-9ed0bc08759e7bd1424d,TRE-26-0001287,Building,appended_new_activity,no_exact_core_match,,tpa-f2d997b019b699,TRE260001287,false
acc-9266d1158b8a156cf04a,TRE-26-0001288,Building,appended_new_activity,no_exact_core_match,,tpa-b63600a0e30b19,TRE260001288,false
acc-3b004cf532f944ae87dc,TRE-26-0001289,Building,appended_new_activity,no_exact_core_match,,tpa-dd87db23e0863e,TRE260001289,false
acc-63c1663eeda7820b37ab,TRE-26-0001290,Building,appended_new_activity,no_exact_core_match,,tpa-dd201ffc4fce91,TRE260001290,false
acc-d320636c088f2bd74d49,TRE-26-0001291,Building,appended_new_activity,no_exact_core_match,,tpa-97591c1b956b21,TRE260001291,false
acc-3ef5baa0410adf6455ca,TRE-26-0001292,Building,appended_new_activity,no_exact_core_match,,tpa-26364e4002d490,TRE260001292,false
acc-97b1ebcae462d2e98c90,TRE-26-0001293,Building,appended_new_activity,no_exact_core_match,,tpa-513b0516875e28,TRE260001293,false
acc-262497284195f25cab7b,TRE-26-0001294,Building,appended_new_activity,no_exact_core_match,,tpa-26aa660fc63864,TRE260001294,false
acc-86bfcab055980ccf056b,TRE-26-0001295,Building,appended_new_activity,no_exact_core_match,,tpa-fa0ad642be0303,TRE260001295,false
acc-f618ec3cae654c0ef4b3,TRE-26-0001296,Building,appended_new_activity,no_exact_core_match,,tpa-85ffe165d77088,TRE260001296,false
acc-7b0b01dc5dd3bb838cfa,TRE-26-0001297,Building,appended_new_activity,no_exact_core_match,,tpa-2f14e27c765078,TRE260001297,false
acc-929993a39f1bc02441df,TRE-26-0001298,Building,appended_new_activity,no_exact_core_match,,tpa-99d8dbf4f97fd6,TRE260001298,false
acc-36c5b48a196c9a39fbfa,TRE-26-0001299,Building,appended_new_activity,no_exact_core_match,,tpa-e875886bbf8eab,TRE260001299,false
acc-6a8c550438a4a80e0b9c,TRE-26-0001300,Building,appended_new_activity,no_exact_core_match,,tpa-5cac94401c5f46,TRE260001300,false
acc-dbf5774bca4db8451e32,TRE-26-0001301,Building,appended_new_activity,no_exact_core_match,,tpa-598527bbdae4ec,TRE260001301,false
acc-624ccea67c2b50b1b081,TRE-26-0001302,Building,appended_new_activity,no_exact_core_match,,tpa-8311befe21837f,TRE260001302,false
acc-a3f861a7e3defb343bd4,TRE-26-0001303,Building,appended_new_activity,no_exact_core_match,,tpa-468f5d23742107,TRE260001303,false
acc-c67474abe42516542599,TRE-26-0001304,Building,appended_new_activity,no_exact_core_match,,tpa-182caf781eedcc,TRE260001304,false
acc-7166e2e5f36cbcb83276,TRE-26-0001305,Building,appended_new_activity,no_exact_core_match,,tpa-8c19dd206aed08,TRE260001305,false
acc-a2ff353213d2a62d6e78,TRE-26-0001306,Building,appended_new_activity,no_exact_core_match,,tpa-4274525a268af6,TRE260001306,false
acc-998dd02d366cdaa0b882,TRE-26-0001307,Building,appended_new_activity,no_exact_core_match,,tpa-bd4fcee89761eb,TRE260001307,false
acc-71c172dde42cb9f9378f,TRE-26-0001308,Building,appended_new_activity,no_exact_core_match,,tpa-548eae9a58c2c3,TRE260001308,false
acc-7ea52f213f78dad0987c,TRE-26-0001309,Building,appended_new_activity,no_exact_core_match,,tpa-3457107a47f303,TRE260001309,false
acc-37a9cd87d6f913ed3899,TRE-26-0001310,Building,appended_new_activity,no_exact_core_match,,tpa-4b01a8411218df,TRE260001310,false
acc-8560ad67497b664878a6,TRE-26-0001311,Building,appended_new_activity,no_exact_core_match,,tpa-2fbfd06376e7d6,TRE260001311,false
acc-10bccd2b3231fb82311f,TRE-26-0001312,Building,appended_new_activity,no_exact_core_match,,tpa-85097c33770f98,TRE260001312,false
acc-4d7557418faa7487781f,TRE-26-0001313,Building,appended_new_activity,no_exact_core_match,,tpa-62b1e47025013d,TRE260001313,false
acc-5daadf7f008ecda3324d,TRE-26-0001314,Building,appended_new_activity,no_exact_core_match,,tpa-66e19827d0b7af,TRE260001314,false
acc-db549f76c2c35abcfd9a,TRE-26-0001315,Building,appended_new_activity,no_exact_core_match,,tpa-098011864971ec,TRE260001315,false
acc-dc17c32bb1c2d6b4937e,TRE-26-0001316,Building,appended_new_activity,no_exact_core_match,,tpa-668aeaf49df3be,TRE260001316,false
acc-e7d5f7ea5d3d6d387824,TRE-26-0001317,Building,appended_new_activity,no_exact_core_match,,tpa-4b90e196681801,TRE260001317,false
acc-6c0a367c2fd5653a4e0d,UTL-26-0001752,Building,appended_new_activity,no_exact_core_match,,tpa-e6c5947c74ca3c,UTL260001752,false
acc-6cfc2516b679e27c1ad2,UTL-26-0001753,Building,appended_new_activity,no_exact_core_match,,tpa-7b95465803a3d5,UTL260001753,false
acc-c6c05f9e01c603dd95b9,UTL-26-0001754,Building,appended_new_activity,no_exact_core_match,,tpa-fbec33e6458e26,UTL260001754,false
acc-e07b49236e2e99936824,UTL-26-0001755,Building,appended_new_activity,no_exact_core_match,,tpa-ff0c6d98fa59e5,UTL260001755,false
acc-3f88eb43d9d0573e9959,UTL-26-0001756,Building,appended_new_activity,no_exact_core_match,,tpa-8b10a5ea29bc88,UTL260001756,false
acc-5de6686cd2d4d47100ea,UTL-26-0001757,Building,appended_new_activity,no_exact_core_match,,tpa-c8be7914098e31,UTL260001757,false
acc-ab6c7d9d6fa81269fc53,UTL-26-0001758,Building,appended_new_activity,no_exact_core_match,,tpa-b0e673fee4af78,UTL260001758,false
acc-0243099e6f1bf513a799,UTL-26-0001759,Building,appended_new_activity,no_exact_core_match,,tpa-68bf79d0d36b8b,UTL260001759,false
acc-781b6c5ebdb24d5c4837,UTL-26-0001760,Building,appended_new_activity,no_exact_core_match,,tpa-f1a2760d573949,UTL260001760,false
acc-60e0d268d30b25cd40c2,UTL-26-0001761,Building,appended_new_activity,no_exact_core_match,,tpa-41375d832e9de7,UTL260001761,false
acc-cfee9f7b9d0b3dee94f3,UTL-26-0001762,Building,appended_new_activity,no_exact_core_match,,tpa-da9710360acce7,UTL260001762,false
acc-eff27739ac3efb5b6dae,UTL-26-0001764,Building,appended_new_activity,no_exact_core_match,,tpa-1fdc5c7ca5ca0e,UTL260001764,false
acc-1412f85fd00b0d05b10e,UTL-26-0001765,Building,appended_new_activity,no_exact_core_match,,tpa-0e713663d74e6e,UTL260001765,false
acc-cbf4d1bacdbadb88571f,UTL-26-0001766,Building,appended_new_activity,no_exact_core_match,,tpa-be3ce1a314a572,UTL260001766,false
acc-28bcf7abb08d6a3ed306,UTL-26-0001767,Building,appended_new_activity,no_exact_core_match,,tpa-907b6d02434bbb,UTL260001767,false
acc-06191fa6d6126c18c3b1,UTL-26-0001768,Building,appended_new_activity,no_exact_core_match,,tpa-ab9615e57eb6e4,UTL260001768,false
acc-ed01bd0d51c7822a7697,UTL-26-0001769,Building,appended_new_activity,no_exact_core_match,,tpa-3ff976b77183d1,UTL260001769,false
acc-e9d6ec3bdc507cd377ed,UTL-26-0001770,Building,appended_new_activity,no_exact_core_match,,tpa-f04d5e8b745d9d,UTL260001770,false
acc-674a3d78e3a68958ef4a,UTL-26-0001771,Building,appended_new_activity,no_exact_core_match,,tpa-06497515bcac9e,UTL260001771,false
acc-d08e040c49510bf0d946,UTL-26-0001772,Building,appended_new_activity,no_exact_core_match,,tpa-c40e12361d6eeb,UTL260001772,false
acc-e1464d4e0261153622c5,UTL-26-0001773,Building,appended_new_activity,no_exact_core_match,,tpa-b91359a5c75d56,UTL260001773,false
acc-eb7553e210664ce64d6f,UTL-26-0001774,Building,appended_new_activity,no_exact_core_match,,tpa-1a830a92ae5817,UTL260001774,false
acc-16ce8d2d3a41ed09ea8d,UTL-26-0001775,Building,appended_new_activity,no_exact_core_match,,tpa-0eb2192ee1dc55,UTL260001775,false
acc-70e10ea6bee8e52d1762,UTL-26-0001776,Building,appended_new_activity,no_exact_core_match,,tpa-aa28f0095ea31f,UTL260001776,false
acc-c20de05cca1607c32465,UTL-26-0001777,Building,appended_new_activity,no_exact_core_match,,tpa-d69e69b65bc4b8,UTL260001777,false
acc-6bc4aeef8834d15590a1,UTL-26-0001778,Building,appended_new_activity,no_exact_core_match,,tpa-0d2f123870fb63,UTL260001778,false
acc-4ec3ce0c247cf2c49aef,UTL-26-0001779,Building,appended_new_activity,no_exact_core_match,,tpa-07001b9ad1ce69,UTL260001779,false
acc-6cbddad6d4760c334360,UTL-26-0001780,Building,appended_new_activity,no_exact_core_match,,tpa-8a788a126e3db6,UTL260001780,false
acc-e0546ac0f2894679f434,UTL-26-0001781,Building,appended_new_activity,no_exact_core_match,,tpa-719e3da280851f,UTL260001781,false
acc-72ad8be392c33c5e1a4b,UTL-26-0001782,Building,appended_new_activity,no_exact_core_match,,tpa-dc76908799c18d,UTL260001782,false
acc-22538fa465f346270c56,UTL-26-0001783,Building,appended_new_activity,no_exact_core_match,,tpa-2e0a6f6b40ff7a,UTL260001783,false
acc-0f56422b331a7832483c,UTL-26-0001784,Building,appended_new_activity,no_exact_core_match,,tpa-848806df23694f,UTL260001784,false
acc-72752a29dae8c762ac98,UTL-26-0001785,Building,appended_new_activity,no_exact_core_match,,tpa-8af3e51a7a4e06,UTL260001785,false
acc-b8acdc89bc2f63a597be,UTL-26-0001786,Building,appended_new_activity,no_exact_core_match,,tpa-ecc5cf2ea0ed25,UTL260001786,false
acc-07a678a5f709950f3197,UTL-26-0001787,Building,appended_new_activity,no_exact_core_match,,tpa-aae050e4a5ed35,UTL260001787,false
acc-e82dffa4d4556d007910,UTL-26-0001788,Building,appended_new_activity,no_exact_core_match,,tpa-2b428e21c09461,UTL260001788,false
acc-bacad3f7165542d19d88,UTL-26-0001789,Building,appended_new_activity,no_exact_core_match,,tpa-ac9118394117be,UTL260001789,false
acc-e38c2e0ba7d96ebce39b,UTL-26-0001790,Building,appended_new_activity,no_exact_core_match,,tpa-ec9a22ebb1f7ce,UTL260001790,false
acc-9927a41a03ff147dc675,UTL-26-0001791,Building,appended_new_activity,no_exact_core_match,,tpa-0eb6922cb8b027,UTL260001791,false
acc-0b5e3d6b7ac4c9bfa02d,UTL-26-0001792,Building,appended_new_activity,no_exact_core_match,,tpa-7ff711b598fdc9,UTL260001792,false
acc-9f79810b63a0e9305aac,UTL-26-0001793,Building,appended_new_activity,no_exact_core_match,,tpa-64f2f22bd9af70,UTL260001793,false
acc-34d509c66b70e820d219,UTL-26-0001794,Building,appended_new_activity,no_exact_core_match,,tpa-1e3f577f56d0bf,UTL260001794,false
acc-d05d707b3cfb7ebf78f8,UTL-26-0001795,Building,appended_new_activity,no_exact_core_match,,tpa-567f3f8a0e7249,UTL260001795,false
acc-f5b4272640ae696a4419,UTL-26-0001796,Building,appended_new_activity,no_exact_core_match,,tpa-2f0c897d080cc9,UTL260001796,false
acc-d8db41197a87a9d1c45e,UTL-26-0001797,Building,appended_new_activity,no_exact_core_match,,tpa-db5960532d9da9,UTL260001797,false
acc-1cb3db9b5806d8deb360,UTL-26-0001798,Building,appended_new_activity,no_exact_core_match,,tpa-f3bbf45a6416e8,UTL260001798,false
acc-f418db4fe52b64caea92,UTL-26-0001799,Building,appended_new_activity,no_exact_core_match,,tpa-a80903aa195b47,UTL260001799,false
acc-83e176c43d2c4740ed6f,UTL-26-0001800,Building,appended_new_activity,no_exact_core_match,,tpa-1aa37acc86be9d,UTL260001800,false
acc-45a26240f192520bb175,UTL-26-0001801,Building,appended_new_activity,no_exact_core_match,,tpa-4c97ae5844ca54,UTL260001801,false
acc-27a15bb5d3516d8e668b,UTL-26-0001802,Building,appended_new_activity,no_exact_core_match,,tpa-5628c9f04e6c26,UTL260001802,false
acc-cfd521e06338d465d4d8,UTL-26-0001803,Building,appended_new_activity,no_exact_core_match,,tpa-3495da21c8f572,UTL260001803,false
acc-530308cf8d0c587d6926,UTL-26-0001804,Building,appended_new_activity,no_exact_core_match,,tpa-cc9c545297be06,UTL260001804,false
acc-b0a3548646faba7609f5,UTL-26-0001805,Building,appended_new_activity,no_exact_core_match,,tpa-9ccfcd20db29df,UTL260001805,false
acc-df3f88d33fb6541a2e8b,UTL-26-0001806,Building,appended_new_activity,no_exact_core_match,,tpa-d6211e662f3b56,UTL260001806,false
acc-d453e26f19f6a8b54d47,UTL-26-0001807,Building,appended_new_activity,no_exact_core_match,,tpa-0ef67022133ba9,UTL260001807,false
acc-f6970a28204467bc0013,UTL-26-0001808,Building,appended_new_activity,no_exact_core_match,,tpa-45354d747df96b,UTL260001808,false
acc-2420be9f014f862b1de7,UTL-26-0001809,Building,appended_new_activity,no_exact_core_match,,tpa-78ef9bb802dc4a,UTL260001809,false
acc-f064a6c9b3562046082c,UTL-26-0001810,Building,appended_new_activity,no_exact_core_match,,tpa-71a4901ce08d7c,UTL260001810,false
acc-fbd6fcd46a31a528bf35,UTL-26-0001811,Building,appended_new_activity,no_exact_core_match,,tpa-f2e4580916dc0d,UTL260001811,false
acc-141f90367d45018782e1,UTL-26-0001812,Building,appended_new_activity,no_exact_core_match,,tpa-a4a74405821c77,UTL260001812,false
acc-c8745a58fe01070cb96c,UTL-26-0001813,Building,appended_new_activity,no_exact_core_match,,tpa-1fa83deadd1c3f,UTL260001813,false
acc-98388d681dee4319dfc5,UTL-26-0001814,Building,appended_new_activity,no_exact_core_match,,tpa-ecea363ff72689,UTL260001814,false
acc-d8e9c9473c258c3f4a85,UTL-26-0001815,Building,appended_new_activity,no_exact_core_match,,tpa-752f32bbe631d8,UTL260001815,false
acc-b5b88994a513563074e3,UTL-26-0001816,Building,appended_new_activity,no_exact_core_match,,tpa-e78fec2d955f3c,UTL260001816,false
acc-11797b23c8698c34afdc,UTL-26-0001817,Building,appended_new_activity,no_exact_core_match,,tpa-803ceb81f2a2de,UTL260001817,false
acc-939721ebccb9e3c85821,UTL-26-0001818,Building,appended_new_activity,no_exact_core_match,,tpa-ca8ac212b327c3,UTL260001818,false
acc-8e1cb8fdc18e4ba69a06,UTL-26-0001819,Building,appended_new_activity,no_exact_core_match,,tpa-c0f1b8d1ae9590,UTL260001819,false
acc-9d7a7b2b8c0c4c3adc92,UTL-26-0001820,Building,appended_new_activity,no_exact_core_match,,tpa-239b20dc215c27,UTL260001820,false
acc-b5272b62a283c7de7ec2,UTL-26-0001821,Building,appended_new_activity,no_exact_core_match,,tpa-8c6a3f689fdc1b,UTL260001821,false
acc-8ae618823eb41584a4fe,UTL-26-0001822,Building,appended_new_activity,no_exact_core_match,,tpa-2f32b8eae00d08,UTL260001822,false
acc-95bbc6e990252a13cacf,UTL-26-0001823,Building,appended_new_activity,no_exact_core_match,,tpa-01034064e5e95e,UTL260001823,false
acc-12205dd57a9b2f98db61,UTL-26-0001824,Building,appended_new_activity,no_exact_core_match,,tpa-1060840299fb42,UTL260001824,false
acc-46c6a0c4db3a91764422,UTL-26-0001825,Building,appended_new_activity,no_exact_core_match,,tpa-e20124118e7016,UTL260001825,false
acc-59ca0f78cca3ac682609,UTL-26-0001826,Building,appended_new_activity,no_exact_core_match,,tpa-b5a7c6da7f8a53,UTL260001826,false
acc-302c9bba2eaa1a7dd53f,UTL-26-0001827,Building,appended_new_activity,no_exact_core_match,,tpa-3f5d8e50e233b9,UTL260001827,false
acc-f1fddf8643bd3610bf62,UTL-26-0001828,Building,appended_new_activity,no_exact_core_match,,tpa-4f8e00497ef978,UTL260001828,false
acc-198543dc2643cc618c74,UTL-26-0001829,Building,appended_new_activity,no_exact_core_match,,tpa-a489f0e629953f,UTL260001829,false
acc-fec9f980a13cbfcd4ba5,UTL-26-0001830,Building,appended_new_activity,no_exact_core_match,,tpa-4a3a8e8f76574f,UTL260001830,false
acc-82927dee70d55c283a47,UTL-26-0001831,Building,appended_new_activity,no_exact_core_match,,tpa-fd3fa8836a51e2,UTL260001831,false
acc-b52e8016bc9ad9ba7d8a,UTL-26-0001832,Building,appended_new_activity,no_exact_core_match,,tpa-ab6e22385b29bf,UTL260001832,false
acc-4b3832792bf346013b10,UTL-26-0001833,Building,appended_new_activity,no_exact_core_match,,tpa-263f788d3b424f,UTL260001833,false
acc-c02dca411a3c0f1054ca,UTL-26-0001834,Building,appended_new_activity,no_exact_core_match,,tpa-5cc76203ceef01,UTL260001834,false
acc-0f1eb0c66f4f4490afad,UTL-26-0001835,Building,appended_new_activity,no_exact_core_match,,tpa-e7b7721b2e318f,UTL260001835,false
acc-62e11288b2354d675f2d,UTL-26-0001836,Building,appended_new_activity,no_exact_core_match,,tpa-a4eac62a3dac51,UTL260001836,false
acc-bb20ea683ab113a77266,UTL-26-0001837,Building,appended_new_activity,no_exact_core_match,,tpa-5dcc9762989d01,UTL260001837,false
acc-5fe5024e4894c11a8aa2,UTL-26-0001838,Building,appended_new_activity,no_exact_core_match,,tpa-dae0672c7edd08,UTL260001838,false
acc-a62e0d392ec18a76479a,UTL-26-0001839,Building,appended_new_activity,no_exact_core_match,,tpa-ee530198f5ae5f,UTL260001839,false
acc-2e304ec3bb452eefecb5,UTL-26-0001840,Building,appended_new_activity,no_exact_core_match,,tpa-34dee68be90994,UTL260001840,false
acc-b59b34ed9bee69bfe898,UTL-26-0001841,Building,appended_new_activity,no_exact_core_match,,tpa-cb30091a72e9b9,UTL260001841,false
acc-000d3435026e04a87205,UTL-26-0001842,Building,appended_new_activity,no_exact_core_match,,tpa-1d523526406e6b,UTL260001842,false
acc-872a9cdcc05aea63ec59,UTL-26-0001843,Building,appended_new_activity,no_exact_core_match,,tpa-505997257b4462,UTL260001843,false
acc-b35b19d982ca3c27aac6,UTL-26-0001844,Building,appended_new_activity,no_exact_core_match,,tpa-0ae81ff42ad38a,UTL260001844,false
acc-ec3adad5229ae7c67ddb,UTL-26-0001845,Building,appended_new_activity,no_exact_core_match,,tpa-5846579978a9ad,UTL260001845,false
acc-8c72eacb137bc4480d14,UTL-26-0001846,Building,appended_new_activity,no_exact_core_match,,tpa-89fee0fa18bd3d,UTL260001846,false
acc-d77ef86b4870f1d04008,UTL-26-0001847,Building,appended_new_activity,no_exact_core_match,,tpa-1e27b3414d9a41,UTL260001847,false
acc-0ba58eba0a83669ea443,UTL-26-0001848,Building,appended_new_activity,no_exact_core_match,,tpa-4fdbe23abd21b5,UTL260001848,false
acc-de53dd44d907fbdcd240,UTL-26-0001849,Building,appended_new_activity,no_exact_core_match,,tpa-43100c2229dd65,UTL260001849,false
acc-4cc482d24054663ba93e,UTL-26-0001850,Building,appended_new_activity,no_exact_core_match,,tpa-6334bad2320e34,UTL260001850,false
acc-7273c04633561ad9dd62,UTL-26-0001851,Building,appended_new_activity,no_exact_core_match,,tpa-0c322c71513821,UTL260001851,false
acc-9709ac2ea3a18d9df728,UTL-26-0001852,Building,appended_new_activity,no_exact_core_match,,tpa-7df466235edd23,UTL260001852,false
acc-502f4ca40682ec6fe255,UTL-26-0001853,Building,appended_new_activity,no_exact_core_match,,tpa-21a0e63453d54a,UTL260001853,false
acc-bfc8a35956341ded3d7f,UTL-26-0001854,Building,appended_new_activity,no_exact_core_match,,tpa-194e6c9c71e646,UTL260001854,false
acc-1df1cedf9619a2f62451,UTL-26-0001855,Building,appended_new_activity,no_exact_core_match,,tpa-5f4cbd51e515fc,UTL260001855,false
acc-7ca85073c8203bb01b73,UTL-26-0001856,Building,appended_new_activity,no_exact_core_match,,tpa-5ab91fc7a10871,UTL260001856,false
acc-631bf2e6b3ddc7f867ca,UTL-26-0001857,Building,appended_new_activity,no_exact_core_match,,tpa-4bb615565ebea2,UTL260001857,false
acc-1fc4ef80454fec7227e4,UTL-26-0001858,Building,appended_new_activity,no_exact_core_match,,tpa-c16783e52df6e5,UTL260001858,false
acc-59caf074570be096045b,UTL-26-0001859,Building,appended_new_activity,no_exact_core_match,,tpa-18095fb8d7522f,UTL260001859,false
acc-ba503418a268660b3074,UTL-26-0001860,Building,appended_new_activity,no_exact_core_match,,tpa-3c7139597333be,UTL260001860,false
acc-2d9bfe6570cb51ec4f0a,UTL-26-0001861,Building,appended_new_activity,no_exact_core_match,,tpa-5d77a421b50ab1,UTL260001861,false
acc-4ebe808a21e0e618feec,UTL-26-0001862,Building,appended_new_activity,no_exact_core_match,,tpa-27d2237c1275c3,UTL260001862,false
acc-814a459f1cac6cea10a5,UTL-26-0001863,Building,appended_new_activity,no_exact_core_match,,tpa-3236be540e8516,UTL260001863,false
acc-7c04ede45f90f76002bb,UTL-26-0001864,Building,appended_new_activity,no_exact_core_match,,tpa-ad4c9e4b13faff,UTL260001864,false
acc-a94ff85bf9ffffbde019,UTL-26-0001865,Building,appended_new_activity,no_exact_core_match,,tpa-e4ff2d7618a080,UTL260001865,false
acc-8ad3bf4e6f2d615cefdd,UTL-26-0001866,Building,appended_new_activity,no_exact_core_match,,tpa-fc840b0d32ef18,UTL260001866,false
acc-e97d03164dea12298850,UTL-26-0001867,Building,appended_new_activity,no_exact_core_match,,tpa-d6f651e5f774a3,UTL260001867,false
acc-a8329efc543a8e757a9c,UTL-26-0001868,Building,appended_new_activity,no_exact_core_match,,tpa-2f63e813628b25,UTL260001868,false
acc-b642af064e05854a44e9,UTL-26-0001869,Building,appended_new_activity,no_exact_core_match,,tpa-564419b4f9cc1f,UTL260001869,false
acc-a36e8270dabe09bb41a2,UTL-26-0001870,Building,appended_new_activity,no_exact_core_match,,tpa-ba5865bb834258,UTL260001870,false
acc-55799c4d48bd99f5d5a5,UTL-26-0001871,Building,appended_new_activity,no_exact_core_match,,tpa-72724793ec2f56,UTL260001871,false
acc-95748a84ed1907a8feca,UTL-26-0001872,Building,appended_new_activity,no_exact_core_match,,tpa-78ceb80c1ec34c,UTL260001872,false
acc-913da79dbe33f5086c95,UTL-26-0001873,Building,appended_new_activity,no_exact_core_match,,tpa-2c0a4069d23858,UTL260001873,false
acc-a5ec47c75d0b9025b11d,UTL-26-0001874,Building,appended_new_activity,no_exact_core_match,,tpa-6ec1a73da9fc76,UTL260001874,false
acc-3419a7732f094dce92ce,UTL-26-0001875,Building,appended_new_activity,no_exact_core_match,,tpa-c2c7f7d0d28312,UTL260001875,false
acc-d5df1c526e909f098ce3,UTL-26-0001876,Building,appended_new_activity,no_exact_core_match,,tpa-b37d7a92d7c376,UTL260001876,false
acc-dda91a68f47c0c1f6d46,UTL-26-0001877,Building,appended_new_activity,no_exact_core_match,,tpa-58c6cc9b368579,UTL260001877,false
acc-52a3153eded72a0b5ce5,UTL-26-0001878,Building,appended_new_activity,no_exact_core_match,,tpa-0efda00d46d8f2,UTL260001878,false
acc-692462ca51bf2e13a017,UTL-26-0001879,Building,appended_new_activity,no_exact_core_match,,tpa-d55ac983db9882,UTL260001879,false
acc-b06b4fe548585d00de8a,UTL-26-0001880,Building,appended_new_activity,no_exact_core_match,,tpa-4b6721a126c1fe,UTL260001880,false
acc-f0f1994705de5e3ada38,UTL-26-0001881,Building,appended_new_activity,no_exact_core_match,,tpa-bf81995f3959b8,UTL260001881,false
acc-71b6a4a08b475629db81,UTL-26-0001882,Building,appended_new_activity,no_exact_core_match,,tpa-e8b65df7a64282,UTL260001882,false
acc-06a9b4bde5425c00cd94,UTL-26-0001883,Building,appended_new_activity,no_exact_core_match,,tpa-1b1730a0f4502e,UTL260001883,false
acc-757bc92aa46780a292ef,UTL-26-0001884,Building,appended_new_activity,no_exact_core_match,,tpa-3aae217d986bef,UTL260001884,false
acc-47e180a6c43d9ddf150a,UTL-26-0001885,Building,appended_new_activity,no_exact_core_match,,tpa-adea67b1cd21fc,UTL260001885,false
acc-7ecc364b460b83052620,UTL-26-0001886,Building,appended_new_activity,no_exact_core_match,,tpa-ce155d17669790,UTL260001886,false
acc-ae272bd2a7348b7d2b8d,UTL-26-0001887,Building,appended_new_activity,no_exact_core_match,,tpa-9d90e2df4ebae0,UTL260001887,false
acc-ba4c6baa3e9e72b8373d,UTL-26-0001888,Building,appended_new_activity,no_exact_core_match,,tpa-12b9af8a944a29,UTL260001888,false
acc-b904b3a9879492532a3a,UTL-26-0001889,Building,appended_new_activity,no_exact_core_match,,tpa-983c6c9c20a682,UTL260001889,false
acc-76034d585178c68dd241,UTL-26-0001890,Building,appended_new_activity,no_exact_core_match,,tpa-380dc869e17270,UTL260001890,false
acc-5fdbc188e8f49be767e1,UTL-26-0001891,Building,appended_new_activity,no_exact_core_match,,tpa-507f95a706738f,UTL260001891,false
acc-60112cbea4fa49f5bcd9,UTL-26-0001892,Building,appended_new_activity,no_exact_core_match,,tpa-4209803bf807e3,UTL260001892,false
acc-bcfea56c80ac12f086c9,UTL-26-0001893,Building,appended_new_activity,no_exact_core_match,,tpa-0f2754dffeb536,UTL260001893,false
acc-c89a2e2fee45cbedfe76,UTL-26-0001894,Building,appended_new_activity,no_exact_core_match,,tpa-e5be49aed5029c,UTL260001894,false
acc-69d31cbdb6cdecf080ff,UTL-26-0001895,Building,appended_new_activity,no_exact_core_match,,tpa-b7f47ce80566be,UTL260001895,false
acc-0bb7b2a71a9a51712f3a,UTL-26-0001896,Building,appended_new_activity,no_exact_core_match,,tpa-a0cfc88a4590c1,UTL260001896,false
acc-dd68b4aede1398db0f6c,UTL-26-0001897,Building,appended_new_activity,no_exact_core_match,,tpa-f8532fe1a00ce3,UTL260001897,false
acc-33a3407674e9540ae713,UTL-26-0001898,Building,appended_new_activity,no_exact_core_match,,tpa-73774ee97c4689,UTL260001898,false
acc-69a196ba729175f8e36d,UTL-26-0001899,Building,appended_new_activity,no_exact_core_match,,tpa-3bc3b56ff2f811,UTL260001899,false
acc-9f80e96b310a19e7e5a9,UTL-26-0001900,Building,appended_new_activity,no_exact_core_match,,tpa-07dae8500b8427,UTL260001900,false
acc-8e675d9ca3737d6d2c4e,UTL-26-0001901,Building,appended_new_activity,no_exact_core_match,,tpa-7b63cd09171ebd,UTL260001901,false
acc-f2d50801d3ead51b113b,UTL-26-0001902,Building,appended_new_activity,no_exact_core_match,,tpa-5e824d5f5f3e4a,UTL260001902,false
acc-fdebe5256b92ef0ccc73,UTL-26-0001903,Building,appended_new_activity,no_exact_core_match,,tpa-7003b67736016b,UTL260001903,false
acc-8ec02ab076db4807f9f9,UTL-26-0001904,Building,appended_new_activity,no_exact_core_match,,tpa-8545b8440b52e5,UTL260001904,false
acc-d2afa8a6134206c8485f,UTL-26-0001905,Building,appended_new_activity,no_exact_core_match,,tpa-624f26ee0186e9,UTL260001905,false
acc-281cd9a443652895f030,UTL-26-0001906,Building,appended_new_activity,no_exact_core_match,,tpa-d627c2bf6a41d1,UTL260001906,false
acc-5d58a612788212c079d1,VEN-26-0000069,Planning,appended_new_activity,no_exact_core_match,,tpa-f1435aba0f0f35,VEN260000069,false
acc-cd4ca3bd66e5111b57ea,VEN-26-0000070,Planning,appended_new_activity,no_exact_core_match,,tpa-eae296954d3a65,VEN260000070,false
acc-544c9a76611d943afabb,VEN-26-0000071,Planning,appended_new_activity,no_exact_core_match,,tpa-0d6557e366f72e,VEN260000071,false
acc-423a4b85bb3fd815545a,VRB-26-0000117,Planning,merged_existing_activity,exact_public_record_number,tpa-7170c3db5a81fd,tpa-7170c3db5a81fd,VRB260000117,false
acc-3547a769799ee4edd88f,VRB-26-0000118,Planning,merged_existing_activity,exact_public_record_number,tpa-52ca927a0ccde9,tpa-52ca927a0ccde9,VRB260000118,false
acc-9c4ebda7f8c21d501d43,VRB-26-0000119,Planning,merged_existing_activity,exact_public_record_number,tpa-4b13381ad27bd1,tpa-4b13381ad27bd1,VRB260000119,false
acc-f9e1eda091468603c303,VRB-26-0000120,Planning,merged_existing_activity,exact_public_record_number,tpa-23e58d7a13430d,tpa-23e58d7a13430d,VRB260000120,false
acc-e7fe95262b808290c8ce,VRB-26-0000121,Planning,merged_existing_activity,exact_public_record_number,tpa-9e3a43f4e5cc67,tpa-9e3a43f4e5cc67,VRB260000121,false
acc-104b36182b23a20b0b67,VRB-26-0000122,Planning,merged_existing_activity,exact_public_record_number,tpa-c41fe637a67cd2,tpa-c41fe637a67cd2,VRB260000122,false
acc-1c1d123478222ff2a690,VRB-26-0000123,Planning,merged_existing_activity,exact_public_record_number,tpa-5cd04a7a10538e,tpa-5cd04a7a10538e,VRB260000123,false
acc-76f13a7a30dd892f25dc,VRB-26-0000124,Planning,merged_existing_activity,exact_public_record_number,tpa-3e42e93c372ecb,tpa-3e42e93c372ecb,VRB260000124,false
acc-7bc2c3ba76046daacb32,VRB-26-0000125,Planning,appended_new_activity,no_exact_core_match,,tpa-2204f3913343fe,VRB260000125,false
acc-cab63068f26c759dc1e5,VRB-26-0000126,Planning,appended_new_activity,no_exact_core_match,,tpa-a7f137b86d98e8,VRB260000126,false
acc-cf31c9a12effe4696335,VRB-26-0000127,Planning,appended_new_activity,no_exact_core_match,,tpa-ef84880e05b9a6,VRB260000127,false
