record_id,record_identity,source_record_key,activity_id,source_name,source_record_id,event_date,event_month,event_date_type,event_date_source_field,event_date_basis,event_date_is_planned,event_date_is_after_snapshot,first_observed_date,first_observed_month,last_observed_date,last_observed_month,snapshot_date,snapshot_month,observation_count,currently_observed,status,project_name,record_type,address,neighborhood,source_url
rec-1c28212425d8cf16,CAPITAL_IMPROVEMENTS|NATIVE|1002812,src-44b35dfa778a9032,tpa-3721380cc923a7,capital_improvements,1002812,2026-02-17,2026-02,source_record_created,created_date,source_record_metadata,0,0,2026-08-23,2026-08,2026-09-01,2026-09,2026-09-01,2026-09,2,1,Permitting/Submittals Approval,E Yukon Street Resurfacing from N Florida Ave to Nebraska Ave,Transportation,,Sulphur Springs,https://apps.tampagov.net/Directory_Lister/FileHandler.ashx?file=GIS%2f1002812.pdf
rec-3652879f631b501e,CAPITAL_IMPROVEMENTS|NATIVE|1002814,src-9a6afad7835e763b,tpa-057423477d6ecf,capital_improvements,1002814,2026-02-20,2026-02,source_record_created,created_date,source_record_metadata,0,0,2026-08-23,2026-08,2026-09-01,2026-09,2026-09-01,2026-09,2,1,30% Design Completion,N 34th Street ADA Improvements from 29th Ave to 33rd Ave,Transportation,,Jackson Heights,https://apps.tampagov.net/Directory_Lister/FileHandler.ashx?file=GIS%2f1002814.pdf
rec-4931f6d9c81b0a4d,CAPITAL_IMPROVEMENTS|NATIVE|1002495|GLOBALID|{D00448E2-DDEF-4DED-90DC-F26AEDD7F1DF},src-efea51d11c5319df,tpa-d92cfb89eb2d56,capital_improvements,1002495,2026-02-01,2026-02,capital_planned_start,planstart,source_reported_plan,1,0,2026-08-23,2026-08,2026-09-01,2026-09,2026-09-01,2026-09,2,1,Construction in Progress,Wastewater Pumping Station Rehabilitation Design Build-Idlewild PS,Wastewater,,,https://apps.tampagov.net/Directory_Lister/FileHandler.ashx?file=GIS%2f1002495.pdf
rec-4d4be3886954d5a7,CAPITAL_IMPROVEMENTS|NATIVE|WUR-19-0036,src-24a10ccfc051d6d3,tpa-ec09b5aee38fe0,capital_improvements,WUR-19-0036,2026-02-23,2026-02,capital_planned_start,planstart,source_reported_plan,1,0,2026-08-23,2026-08,2026-09-01,2026-09,2026-09-01,2026-09,2,1,Construction in Progress,The Heights WM Improvement Project Along Florida Ave from Scott St to Palm Ave (Phase I),Water,,Tampa Heights,https://apps.tampagov.net/Directory_Lister/FileHandler.ashx?file=GIS%2fWUR-19-0036.pdf
rec-68da6c20a794f333,CAPITAL_IMPROVEMENTS|NATIVE|1002810,src-06ec56c2597e78e0,tpa-1b756144998eca,capital_improvements,1002810,2026-02-17,2026-02,source_record_created,created_date,source_record_metadata,0,0,2026-08-23,2026-08,2026-09-01,2026-09,2026-09-01,2026-09,2,1,30% Design Completion,W Cypress Street Resurfacing (Zone 2) from N Himes Ave to North Blvd,Transportation,,North Hyde Park,https://apps.tampagov.net/Directory_Lister/FileHandler.ashx?file=GIS%2f1002810.pdf
rec-874ec4867cf30d48,CAPITAL_IMPROVEMENTS|NATIVE|1002808,src-e0c509fa06184e83,tpa-f8b080678d224d,capital_improvements,1002808,2026-02-17,2026-02,source_record_created,created_date,source_record_metadata,0,0,2026-08-23,2026-08,2026-09-01,2026-09,2026-09-01,2026-09,2,1,30% Design Completion,W Cypress Street Resurfacing (Zone 1) From N Obrien St to N Himes Ave,Transportation,,Westshore,https://apps.tampagov.net/Directory_Lister/FileHandler.ashx?file=GIS%2f1002808.pdf
rec-7a2d3e4969fcbbd1,CAPITAL_LOCATIONS_LINE|NATIVE|TRANS20204,src-bec071d71f100c64,tpa-057423477d6ecf,capital_locations_line,TRANS20204,2026-02-20,2026-02,source_record_created,CreationDate,source_record_metadata,0,0,2026-08-23,2026-08,2026-09-01,2026-09,2026-09-01,2026-09,2,1,30% Design Completion,N 34th Street ADA Improvements from 29th Ave to 33rd Ave,Transportation,,Jackson Heights,https://www.tampa.gov/project/trans20204
rec-bad5484b3b539725,CAPITAL_LOCATIONS_POINT|NATIVE|1002495B,src-d90f3a1033fe9ef7,tpa-39b93d46a11269,capital_locations_point,1002495B,2026-02-01,2026-02,capital_planned_start,planstart,source_reported_plan,1,0,2026-08-23,2026-08,2026-09-01,2026-09,2026-09-01,2026-09,2,1,Construction,Wastewater Pumping Station Rehabilitation Idlewild PS,Wastewater,,,https://arcgis.tampagov.net/arcgis/rest/services/CapitalProjects/CityWideProjectsPublic/FeatureServer/0
rec-04e918ae46713620,CONSTRUCTION_INSPECTIONS|NATIVE|BLD-26-0522979,src-ca5f3bd984c5532d,tpa-bd93048ff170ca,construction_inspections,BLD-26-0522979,2026-02-26,2026-02,permit_record_created,CREATEDDATE,source_record_metadata,0,0,2026-08-23,2026-08,2026-09-01,2026-09,2026-09-01,2026-09,2,1,Issued,PP: New 2-Story SFR w/2-Car Detached Garage,Residential New Construction and Additions (1 and 2 Family),5308 N Suwanee Ave,Old Seminole Heights,https://aca-prod.accela.com/TAMPA/Cap/CapDetail.aspx?Module=Building&TabName=Building&capID1=26CAP&capID2=00000&capID3=00C2C&agencyCode=TAMPA
rec-0501981d7ecebe9b,CONSTRUCTION_INSPECTIONS|NATIVE|BLD-26-0522885,src-150e7b2539f3ff5b,tpa-250a8f5faf6051,construction_inspections,BLD-26-0522885,2026-02-23,2026-02,permit_record_created,CREATEDDATE,source_record_metadata,0,0,2026-08-23,2026-08,2026-09-01,2026-09,2026-09-01,2026-09,2,1,Revision,THRESHOLD: PP: SHELL: New Mixed Use 10 Story Parking Garage& Tenant Shell Space-Waterstreet -SPP Block 1-Firebird,Commercial New Construction and Additions,200 S Nebraska Ave,Tampa Downtown Partnership,https://aca-prod.accela.com/TAMPA/Cap/CapDetail.aspx?Module=Building&TabName=Building&capID1=26CAP&capID2=00000&capID3=00B8P&agencyCode=TAMPA
rec-092f92b9650525b2,CONSTRUCTION_INSPECTIONS|NATIVE|BLD-26-0522718,src-551ecde0208c19dd,tpa-d7a4366e296bce,construction_inspections,BLD-26-0522718,2026-02-17,2026-02,permit_record_created,CREATEDDATE,source_record_metadata,0,0,2026-08-23,2026-08,2026-09-01,2026-09,2026-09-01,2026-09,2,1,Issued,Interior/Exterior Alteration,Residential Building Alterations (Renovations),2722 W Jetton Ave,New Suburb Beautiful,https://aca-prod.accela.com/TAMPA/Cap/CapDetail.aspx?Module=Building&TabName=Building&capID1=26CAP&capID2=00000&capID3=009VM&agencyCode=TAMPA
rec-0a3283aab9a123cd,CONSTRUCTION_INSPECTIONS|NATIVE|BLD-26-0522479,src-4cf5e202a7a0157d,tpa-012492e5f9c407,construction_inspections,BLD-26-0522479,2026-02-08,2026-02,permit_record_created,CREATEDDATE,source_record_metadata,0,0,2026-08-23,2026-08,2026-09-01,2026-09,2026-09-01,2026-09,2,1,Issued,FEMA: PP: Interior ALT,Residential Building Alterations (Renovations),482 Itasca Ave,Davis Islands,https://aca-prod.accela.com/TAMPA/Cap/CapDetail.aspx?Module=Building&TabName=Building&capID1=26CAP&capID2=00000&capID3=0081V&agencyCode=TAMPA
rec-0cee931d0aa08da3,CONSTRUCTION_INSPECTIONS|NATIVE|BLD-26-0522618,src-6d30cc12d843cc1f,tpa-8fbe2bf04c79ec,construction_inspections,BLD-26-0522618,2026-02-12,2026-02,permit_record_created,CREATEDDATE,source_record_metadata,0,0,2026-08-23,2026-08,2026-09-01,2026-09,2026-09-01,2026-09,2,1,Issued,FEMA: PP: NEW SFR 2 Story,Residential New Construction and Additions (1 and 2 Family),210 S Ward St,Beach Park,https://aca-prod.accela.com/TAMPA/Cap/CapDetail.aspx?Module=Building&TabName=Building&capID1=26CAP&capID2=00000&capID3=0098Z&agencyCode=TAMPA
rec-0f86667057af9496,CONSTRUCTION_INSPECTIONS|NATIVE|BLD-26-0522738,src-c9701d1e9f0738fa,tpa-b086eca67a5628,construction_inspections,BLD-26-0522738,2026-02-17,2026-02,permit_record_created,CREATEDDATE,source_record_metadata,0,0,2026-08-23,2026-08,2026-09-01,2026-09,2026-09-01,2026-09,2,1,Revision,Interior ALT,Residential Building Alterations (Renovations),106 S Glen Ave,Gray Gables,https://aca-prod.accela.com/TAMPA/Cap/CapDetail.aspx?Module=Building&TabName=Building&capID1=26CAP&capID2=00000&capID3=00A07&agencyCode=TAMPA
rec-1327cff923aba692,CONSTRUCTION_INSPECTIONS|NATIVE|BLD-26-0522665,src-557caab0e5d50cef,tpa-98837d4f727053,construction_inspections,BLD-26-0522665,2026-02-16,2026-02,permit_record_created,CREATEDDATE,source_record_metadata,0,0,2026-08-23,2026-08,2026-09-01,2026-09,2026-09-01,2026-09,2,1,Issued,New 3-Story SFR,Residential New Construction and Additions (1 and 2 Family),3921 W Lemon St,North Bon Air,https://aca-prod.accela.com/TAMPA/Cap/CapDetail.aspx?Module=Building&TabName=Building&capID1=26CAP&capID2=00000&capID3=009IT&agencyCode=TAMPA
rec-13a6e291a7ae763d,CONSTRUCTION_INSPECTIONS|NATIVE|BLD-26-0522431,src-7a435ae821183c80,tpa-537a913bea2148,construction_inspections,BLD-26-0522431,2026-02-05,2026-02,permit_record_created,CREATEDDATE,source_record_metadata,0,0,2026-08-23,2026-08,2026-09-01,2026-09,2026-09-01,2026-09,2,1,Revision,SEC - FEMA - Interior Alteration - 8th Floor - HMT 820 Clinic Expansion,Commercial Building Alterations (Renovations),5 Tampa General Cir,Davis Islands,https://aca-prod.accela.com/TAMPA/Cap/CapDetail.aspx?Module=Building&TabName=Building&capID1=26CAP&capID2=00000&capID3=007QJ&agencyCode=TAMPA
rec-145cd2a9483eb7dc,CONSTRUCTION_INSPECTIONS|NATIVE|BLD-26-0522378,src-a63a7ed8d2afa250,tpa-00a7e626430c84,construction_inspections,BLD-26-0522378,2026-02-04,2026-02,permit_record_created,CREATEDDATE,source_record_metadata,0,0,2026-08-23,2026-08,2026-09-01,2026-09,2026-09-01,2026-09,2,1,Issued,PP: NEW SFR,Residential New Construction and Additions (1 and 2 Family),6210 N 42nd St,Northeast Community Crimewatch & Civic Association,https://aca-prod.accela.com/TAMPA/Cap/CapDetail.aspx?Module=Building&TabName=Building&capID1=26CAP&capID2=00000&capID3=007EQ&agencyCode=TAMPA
rec-172c26551237b814,CONSTRUCTION_INSPECTIONS|NATIVE|BLD-26-0522786,src-87b8f1229c448326,tpa-70220439284dac,construction_inspections,BLD-26-0522786,2026-02-19,2026-02,permit_record_created,CREATEDDATE,source_record_metadata,0,0,2026-08-23,2026-08,2026-09-01,2026-09,2026-09-01,2026-09,2,1,Issued,New 2-Story SFR,Residential New Construction and Additions (1 and 2 Family),3303 W Corona St,Palma Ceia,https://aca-prod.accela.com/TAMPA/Cap/CapDetail.aspx?Module=Building&TabName=Building&capID1=26CAP&capID2=00000&capID3=00AH6&agencyCode=TAMPA
rec-17dc034bd0268126,CONSTRUCTION_INSPECTIONS|NATIVE|BLD-26-0522312,src-d0624efe09425125,tpa-636ee511325ea0,construction_inspections,BLD-26-0522312,2026-02-02,2026-02,permit_record_created,CREATEDDATE,source_record_metadata,0,0,2026-08-23,2026-08,2026-09-01,2026-09,2026-09-01,2026-09,2,1,Issued,Exterior ALT,Residential Building Alterations (Renovations),3924 W Palmira Ave,Virginia Park,https://aca-prod.accela.com/TAMPA/Cap/CapDetail.aspx?Module=Building&TabName=Building&capID1=26CAP&capID2=00000&capID3=006Q9&agencyCode=TAMPA
rec-19060d1ea3b11da6,CONSTRUCTION_INSPECTIONS|NATIVE|BLD-26-0522401,src-1e0827c2a4464912,tpa-0484a3f2f67485,construction_inspections,BLD-26-0522401,2026-02-05,2026-02,permit_record_created,CREATEDDATE,source_record_metadata,0,0,2026-08-23,2026-08,2026-09-01,2026-09,2026-09-01,2026-09,2,1,Revision,New 2-Story SFR,Residential New Construction and Additions (1 and 2 Family),3110 W Dewey St,Macfarlane Park,https://aca-prod.accela.com/TAMPA/Cap/CapDetail.aspx?Module=Building&TabName=Building&capID1=26CAP&capID2=00000&capID3=007LL&agencyCode=TAMPA
rec-19151983a0137b47,CONSTRUCTION_INSPECTIONS|NATIVE|BLD-26-0522815,src-f8d4c53d853f6891,tpa-a181c095b1631e,construction_inspections,BLD-26-0522815,2026-02-19,2026-02,permit_record_created,CREATEDDATE,source_record_metadata,0,0,2026-08-23,2026-08,2026-09-01,2026-09,2026-09-01,2026-09,2,1,Issued,New 1-Story SFR,Residential New Construction and Additions (1 and 2 Family),1613 E Kirby St,Sulphur Springs,https://aca-prod.accela.com/TAMPA/Cap/CapDetail.aspx?Module=Building&TabName=Building&capID1=26CAP&capID2=00000&capID3=00AO4&agencyCode=TAMPA
rec-1a58c82afcc8471a,CONSTRUCTION_INSPECTIONS|NATIVE|BLD-26-0522404,src-8a4a86c3a2067f65,tpa-11c59ecbb0efbd,construction_inspections,BLD-26-0522404,2026-02-05,2026-02,permit_record_created,CREATEDDATE,source_record_metadata,0,0,2026-08-23,2026-08,2026-09-01,2026-09,2026-09-01,2026-09,2,1,Issued,New 2 Story,Residential New Construction and Additions (1 and 2 Family),4002 W Gray St,North Bon Air,https://aca-prod.accela.com/TAMPA/Cap/CapDetail.aspx?Module=Building&TabName=Building&capID1=26CAP&capID2=00000&capID3=007ND&agencyCode=TAMPA
rec-1bacef5fe363fa5b,CONSTRUCTION_INSPECTIONS|NATIVE|BLD-26-0522508,src-bd49d270c9a5e7f0,tpa-c13c4f9b3cebf4,construction_inspections,BLD-26-0522508,2026-02-09,2026-02,permit_record_created,CREATEDDATE,source_record_metadata,0,0,2026-08-23,2026-08,2026-09-01,2026-09,2026-09-01,2026-09,2,1,Issued,FEMA New SFR,Residential New Construction and Additions (1 and 2 Family),2908 W Rogers Ave,Ballast Point,https://aca-prod.accela.com/TAMPA/Cap/CapDetail.aspx?Module=Building&TabName=Building&capID1=26CAP&capID2=00000&capID3=008B6&agencyCode=TAMPA
rec-1ccb309b290338a5,CONSTRUCTION_INSPECTIONS|NATIVE|BLD-26-0522919,src-59fd1353bddcc4f3,tpa-a8e0446a4803d4,construction_inspections,BLD-26-0522919,2026-02-24,2026-02,permit_record_created,CREATEDDATE,source_record_metadata,0,0,2026-08-23,2026-08,2026-09-01,2026-09,2026-09-01,2026-09,2,1,Revision,Fema: Adding bathroom to existing,Residential Building Alterations (Renovations),7609 S Shamrock Rd,"Port Tampa City, Inc. Civic Association",https://aca-prod.accela.com/TAMPA/Cap/CapDetail.aspx?Module=Building&TabName=Building&capID1=26CAP&capID2=00000&capID3=00BKM&agencyCode=TAMPA
rec-1cfcf6e15b81f982,CONSTRUCTION_INSPECTIONS|NATIVE|BLD-26-0522449,src-f64c0ba6b4bfa34d,tpa-960d867d39fccc,construction_inspections,BLD-26-0522449,2026-02-06,2026-02,permit_record_created,CREATEDDATE,source_record_metadata,0,0,2026-08-23,2026-08,2026-09-01,2026-09,2026-09-01,2026-09,2,1,Issued,PP: New 2-Story SFR,Residential New Construction and Additions (1 and 2 Family),3608 W Wallace Ave,Interbay - South of Gandy,https://aca-prod.accela.com/TAMPA/Cap/CapDetail.aspx?Module=Building&TabName=Building&capID1=26CAP&capID2=00000&capID3=007TG&agencyCode=TAMPA
rec-1eeb8f384229292b,CONSTRUCTION_INSPECTIONS|NATIVE|BLD-26-0522824,,,construction_inspections,BLD-26-0522824,2026-02-20,2026-02,permit_record_created,CREATEDDATE,source_record_metadata,0,0,2026-09-01,2026-09,2026-09-01,2026-09,2026-09-01,2026-09,1,1,Issued,PP: Master Site: Lots 1- 6: 2-Story:N-C:6-Unit Townhouses,Commercial New Construction and Additions,6601 S Richard Ave,Gandy / Sun Bay South,https://aca-prod.accela.com/TAMPA/Cap/CapDetail.aspx?Module=Building&TabName=Building&capID1=26CAP&capID2=00000&capID3=00APU&agencyCode=TAMPA
rec-22cd72ec3e408ca1,CONSTRUCTION_INSPECTIONS|NATIVE|BLD-26-0523029,src-db950abb21f7260c,tpa-cd4ed69c378986,construction_inspections,BLD-26-0523029,2026-02-27,2026-02,permit_record_created,CREATEDDATE,source_record_metadata,0,0,2026-08-23,2026-08,2026-09-01,2026-09,2026-09-01,2026-09,2,1,Issued,FEMA: PP: New 2-Story SFR,Residential New Construction and Additions (1 and 2 Family),4710 W San Rafael St,Sunset Park,https://aca-prod.accela.com/TAMPA/Cap/CapDetail.aspx?Module=Building&TabName=Building&capID1=26CAP&capID2=00000&capID3=00CCS&agencyCode=TAMPA
rec-2396367dcd95ca26,CONSTRUCTION_INSPECTIONS|NATIVE|BDE-26-0445320,src-c2daffcf63253574,tpa-21c22432baf0e5,construction_inspections,BDE-26-0445320,2026-02-03,2026-02,permit_record_created,CREATEDDATE,source_record_metadata,0,0,2026-08-23,2026-08,2026-09-01,2026-09,2026-09-01,2026-09,2,1,Issued,Demo SFR,Residential Demolition Permit,9414 Margaret Ave,Tampa Overlook,https://aca-prod.accela.com/TAMPA/Cap/CapDetail.aspx?Module=Building&TabName=Building&capID1=26CAP&capID2=00000&capID3=006SU&agencyCode=TAMPA
rec-2498149645531c37,CONSTRUCTION_INSPECTIONS|NATIVE|BLD-26-0522917,src-b0e672a6d01af475,tpa-e34deddfa426c9,construction_inspections,BLD-26-0522917,2026-02-24,2026-02,permit_record_created,CREATEDDATE,source_record_metadata,0,0,2026-08-23,2026-08,2026-09-01,2026-09,2026-09-01,2026-09,2,1,Issued,PP:Bathroom remodel: Tub to Shower Conversion Unit 440,Commercial Building Alterations (Renovations),800 S Dakota Ave,Hyde Park Preservation,https://aca-prod.accela.com/TAMPA/Cap/CapDetail.aspx?Module=Building&TabName=Building&capID1=26CAP&capID2=00000&capID3=00BJL&agencyCode=TAMPA
rec-2743c82a835c7d08,CONSTRUCTION_INSPECTIONS|NATIVE|BLD-26-0522662,src-3bdca3ab924b3f52,tpa-330f0b3c19fb4a,construction_inspections,BLD-26-0522662,2026-02-15,2026-02,permit_record_created,CREATEDDATE,source_record_metadata,0,0,2026-08-23,2026-08,2026-09-01,2026-09,2026-09-01,2026-09,2,1,Issued,FEMA - Interior Alteration - Bathrooms,Residential Building Alterations (Renovations),4422 W El Prado Blvd,Belmar Gardens,https://aca-prod.accela.com/TAMPA/Cap/CapDetail.aspx?Module=Building&TabName=Building&capID1=26CAP&capID2=00000&capID3=009I2&agencyCode=TAMPA
rec-2784b974fbb90205,CONSTRUCTION_INSPECTIONS|NATIVE|BLD-26-0522667,src-5c4c383b755e0d38,tpa-fd69e659ddc472,construction_inspections,BLD-26-0522667,2026-02-16,2026-02,permit_record_created,CREATEDDATE,source_record_metadata,0,0,2026-08-23,2026-08,2026-08-23,2026-08,2026-08-23,2026-08,1,0,Issued,SEC: THRESHOLD: ADDITION: Crows Nest,Commercial New Construction and Additions,4201 N Dale Mabry Hwy,Raymond James Stadium,https://aca-prod.accela.com/TAMPA/Cap/CapDetail.aspx?Module=Building&TabName=Building&capID1=26CAP&capID2=00000&capID3=009JJ&agencyCode=TAMPA
rec-278b1b62b31a0cd7,CONSTRUCTION_INSPECTIONS|NATIVE|BLD-26-0522921,src-a8c7bb82eecee550,tpa-ea6228edeccc2f,construction_inspections,BLD-26-0522921,2026-02-24,2026-02,permit_record_created,CREATEDDATE,source_record_metadata,0,0,2026-08-23,2026-08,2026-09-01,2026-09,2026-09-01,2026-09,2,1,Issued,Accelerated Project | AFFORDABLE HOUSING: Bathroom Remodel,Residential Building Alterations (Renovations),2714 N 33rd St,Jackson Heights,https://aca-prod.accela.com/TAMPA/Cap/CapDetail.aspx?Module=Building&TabName=Building&capID1=26CAP&capID2=00000&capID3=00BL3&agencyCode=TAMPA
rec-279b1b80d55bfc86,CONSTRUCTION_INSPECTIONS|NATIVE|BLD-26-0522975,src-11d20228b6d207b7,tpa-4c894bd2f47551,construction_inspections,BLD-26-0522975,2026-02-26,2026-02,permit_record_created,CREATEDDATE,source_record_metadata,0,0,2026-08-23,2026-08,2026-09-01,2026-09,2026-09-01,2026-09,2,1,Issued,SEC: FEMA: PP: ACCELERATED (AFFORDABLE HOUSING): The Gallery at Rome Yard - MASTER SITE and Phase 4 Tower,Commercial New Construction and Additions,2310 N Oregon Ave,West River,https://aca-prod.accela.com/TAMPA/Cap/CapDetail.aspx?Module=Building&TabName=Building&capID1=26CAP&capID2=00000&capID3=00C13&agencyCode=TAMPA
rec-2ad00a7c56d8e782,CONSTRUCTION_INSPECTIONS|NATIVE|BLD-26-0522340,src-e439a1c619800b96,tpa-e2f92367144064,construction_inspections,BLD-26-0522340,2026-02-03,2026-02,permit_record_created,CREATEDDATE,source_record_metadata,0,0,2026-08-23,2026-08,2026-09-01,2026-09,2026-09-01,2026-09,2,1,Issued,FEMA: Remodel,Residential Building Alterations (Renovations),39 W Spanish Main St,Beach Park,https://aca-prod.accela.com/TAMPA/Cap/CapDetail.aspx?Module=Building&TabName=Building&capID1=26CAP&capID2=00000&capID3=0073Q&agencyCode=TAMPA
rec-2b893620dc79a98d,CONSTRUCTION_INSPECTIONS|NATIVE|BLD-26-0522500,src-11e489251a1888cf,tpa-c15b0aac43abb4,construction_inspections,BLD-26-0522500,2026-02-09,2026-02,permit_record_created,CREATEDDATE,source_record_metadata,0,0,2026-08-23,2026-08,2026-09-01,2026-09,2026-09-01,2026-09,2,1,Issued,PP: Exterior Alteration - New Rear Patio w/Roof,Residential Building Alterations (Renovations),3705 W San Pedro St,Palma Ceia,https://aca-prod.accela.com/TAMPA/Cap/CapDetail.aspx?Module=Building&TabName=Building&capID1=26CAP&capID2=00000&capID3=008A9&agencyCode=TAMPA
rec-2c289bc7849111e9,CONSTRUCTION_INSPECTIONS|NATIVE|BLD-26-0522348,src-93a9fbffad9e4147,tpa-e58fa376d604d2,construction_inspections,BLD-26-0522348,2026-02-04,2026-02,permit_record_created,CREATEDDATE,source_record_metadata,0,0,2026-08-23,2026-08,2026-09-01,2026-09,2026-09-01,2026-09,2,1,Issued,OWNER: ATF - Accessory Structure & Concrete Slab w/ violation CMP-26-0000387,Residential New Construction and Additions (1 and 2 Family),8717 N Edison Ave,Lowry Park Central,https://aca-prod.accela.com/TAMPA/Cap/CapDetail.aspx?Module=Building&TabName=Building&capID1=26CAP&capID2=00000&capID3=0075H&agencyCode=TAMPA
rec-2ce9ab8b70c2802d,CONSTRUCTION_INSPECTIONS|NATIVE|BLD-26-0523004,src-70946c663eb9485d,tpa-a0fd98dcd200b9,construction_inspections,BLD-26-0523004,2026-02-26,2026-02,permit_record_created,CREATEDDATE,source_record_metadata,0,0,2026-08-23,2026-08,2026-09-01,2026-09,2026-09-01,2026-09,2,1,Issued,Expedited Project | EXPEDITED:PP:Int/Ext ALT Silver Oaks Building G,Commercial Building Alterations (Renovations),5502 N 43rd St,Northeast Community Crimewatch & Civic Association,https://aca-prod.accela.com/TAMPA/Cap/CapDetail.aspx?Module=Building&TabName=Building&capID1=26CAP&capID2=00000&capID3=00C7T&agencyCode=TAMPA
rec-2dc5e736594b3f12,CONSTRUCTION_INSPECTIONS|NATIVE|BLD-26-0522701,src-1dc54094c7573aa9,tpa-a5b9a3d0528238,construction_inspections,BLD-26-0522701,2026-02-16,2026-02,permit_record_created,CREATEDDATE,source_record_metadata,0,0,2026-08-23,2026-08,2026-09-01,2026-09,2026-09-01,2026-09,2,1,Issued,New 2-Story SFR,Residential New Construction and Additions (1 and 2 Family),2307 N Elcoe Dr,Wellswood,https://aca-prod.accela.com/TAMPA/Cap/CapDetail.aspx?Module=Building&TabName=Building&capID1=26CAP&capID2=00000&capID3=009QX&agencyCode=TAMPA
rec-2fd8e9f32c033883,CONSTRUCTION_INSPECTIONS|NATIVE|BLD-26-0522889,src-b6b58198e3fd8522,tpa-eb5fbd67f333da,construction_inspections,BLD-26-0522889,2026-02-23,2026-02,permit_record_created,CREATEDDATE,source_record_metadata,0,0,2026-08-23,2026-08,2026-09-01,2026-09,2026-09-01,2026-09,2,1,Issued,FEMA: SFR,Residential New Construction and Additions (1 and 2 Family),2907 W Elrod Ave,Ballast Point,https://aca-prod.accela.com/TAMPA/Cap/CapDetail.aspx?Module=Building&TabName=Building&capID1=26CAP&capID2=00000&capID3=00B93&agencyCode=TAMPA
rec-31d17c12fd1ef648,CONSTRUCTION_INSPECTIONS|NATIVE|BLD-26-0522731,src-894d67452bf13d25,tpa-545e88d2745544,construction_inspections,BLD-26-0522731,2026-02-17,2026-02,permit_record_created,CREATEDDATE,source_record_metadata,0,0,2026-08-23,2026-08,2026-09-01,2026-09,2026-09-01,2026-09,2,1,Issued,Interior and Exterior Remodel,Residential Building Alterations (Renovations),5803 Roberta Cir,Hampton Terrace Community Association (HTCA),https://aca-prod.accela.com/TAMPA/Cap/CapDetail.aspx?Module=Building&TabName=Building&capID1=26CAP&capID2=00000&capID3=009YM&agencyCode=TAMPA
rec-31fcc5a6f2d2ca88,CONSTRUCTION_INSPECTIONS|NATIVE|BLD-26-0522592,src-4e1ebe063915e9aa,tpa-489a3571d22c4c,construction_inspections,BLD-26-0522592,2026-02-12,2026-02,permit_record_created,CREATEDDATE,source_record_metadata,0,0,2026-08-23,2026-08,2026-09-01,2026-09,2026-09-01,2026-09,2,1,Issued,PP:Early Start: Bldg G: Int/Ext. Remodel,Commercial Building Alterations (Renovations),5008 E Colonial Dr,Interbay - South of Gandy,https://aca-prod.accela.com/TAMPA/Cap/CapDetail.aspx?Module=Building&TabName=Building&capID1=26CAP&capID2=00000&capID3=0091X&agencyCode=TAMPA
rec-35828d4dc6777e49,CONSTRUCTION_INSPECTIONS|NATIVE|BLD-26-0522575,src-704be52fad19e714,tpa-e88095da4f1f74,construction_inspections,BLD-26-0522575,2026-02-11,2026-02,permit_record_created,CREATEDDATE,source_record_metadata,0,0,2026-08-23,2026-08,2026-09-01,2026-09,2026-09-01,2026-09,2,1,Revision,Interior Alteration - Structural,Commercial Building Alterations (Renovations),313 E Oak Ave,Tampa Heights,https://aca-prod.accela.com/TAMPA/Cap/CapDetail.aspx?Module=Building&TabName=Building&capID1=26CAP&capID2=00000&capID3=008UQ&agencyCode=TAMPA
rec-38d96d514643fdbb,CONSTRUCTION_INSPECTIONS|NATIVE|BLD-26-0522617,src-643094f6c6e65d39,tpa-aa7f5b97813818,construction_inspections,BLD-26-0522617,2026-02-12,2026-02,permit_record_created,CREATEDDATE,source_record_metadata,0,0,2026-08-23,2026-08,2026-09-01,2026-09,2026-09-01,2026-09,2,1,Issued,FEMA: PP: NEW SFR-2 Story,Residential New Construction and Additions (1 and 2 Family),4506 W Melrose Ave,Sunset Park,https://aca-prod.accela.com/TAMPA/Cap/CapDetail.aspx?Module=Building&TabName=Building&capID1=26CAP&capID2=00000&capID3=0098V&agencyCode=TAMPA
rec-393e3f0aa2f5a4aa,CONSTRUCTION_INSPECTIONS|NATIVE|BLD-26-0522968,src-bfa53092e568a28c,tpa-8486392cf72c14,construction_inspections,BLD-26-0522968,2026-02-26,2026-02,permit_record_created,CREATEDDATE,source_record_metadata,0,0,2026-08-23,2026-08,2026-09-01,2026-09,2026-09-01,2026-09,2,1,Issued,Interior/Exterior Remodel,Residential Building Alterations (Renovations),4021 W Cass St,North Bon Air,https://aca-prod.accela.com/TAMPA/Cap/CapDetail.aspx?Module=Building&TabName=Building&capID1=26CAP&capID2=00000&capID3=00BYZ&agencyCode=TAMPA
rec-3e215c0480891606,CONSTRUCTION_INSPECTIONS|NATIVE|BLD-26-0522689,src-f9a03d671dd44b16,tpa-6f776854995f1a,construction_inspections,BLD-26-0522689,2026-02-16,2026-02,permit_record_created,CREATEDDATE,source_record_metadata,0,0,2026-08-23,2026-08,2026-09-01,2026-09,2026-09-01,2026-09,2,1,Revision,SEC: FEMA: PP: Interior Remodel: Suite 230,Commercial Building Alterations (Renovations),4950 W Kennedy Blvd,Beach Park,https://aca-prod.accela.com/TAMPA/Cap/CapDetail.aspx?Module=Building&TabName=Building&capID1=26CAP&capID2=00000&capID3=009P8&agencyCode=TAMPA
rec-435335abc5c7ad74,CONSTRUCTION_INSPECTIONS|NATIVE|BDE-26-0445352,src-a515bd5ac2ea9d8c,tpa-3acf8de4ea9c56,construction_inspections,BDE-26-0445352,2026-02-15,2026-02,permit_record_created,CREATEDDATE,source_record_metadata,0,0,2026-08-23,2026-08,2026-08-23,2026-08,2026-08-23,2026-08,1,0,Issued,DEMO SFR,Residential Demolition Permit,3631 S Hesperides St,Belmar Gardens,https://aca-prod.accela.com/TAMPA/Cap/CapDetail.aspx?Module=Building&TabName=Building&capID1=26CAP&capID2=00000&capID3=009IC&agencyCode=TAMPA
rec-448eca5fb6a7d2c6,CONSTRUCTION_INSPECTIONS|NATIVE|BLD-26-0522289,src-fd5d513212cbc4a3,tpa-5011e5ed58e35c,construction_inspections,BLD-26-0522289,2026-02-02,2026-02,permit_record_created,CREATEDDATE,source_record_metadata,0,0,2026-08-23,2026-08,2026-09-01,2026-09,2026-09-01,2026-09,2,1,Revision,Exterior Alteration: Window Replacement and New Roof Truss,Residential Building Alterations (Renovations),205 S Albany Ave,South Howard,https://aca-prod.accela.com/TAMPA/Cap/CapDetail.aspx?Module=Building&TabName=Building&capID1=26CAP&capID2=00000&capID3=006G1&agencyCode=TAMPA
rec-45f2c5ca5447af95,CONSTRUCTION_INSPECTIONS|NATIVE|BLD-26-0522370,src-dabb6e47fbe35531,tpa-b7618df7784dd1,construction_inspections,BLD-26-0522370,2026-02-04,2026-02,permit_record_created,CREATEDDATE,source_record_metadata,0,0,2026-08-23,2026-08,2026-09-01,2026-09,2026-09-01,2026-09,2,1,Issued,FEMA New 2-Story SFR,Residential New Construction and Additions (1 and 2 Family),618 Luzon Ave,Davis Islands,https://aca-prod.accela.com/TAMPA/Cap/CapDetail.aspx?Module=Building&TabName=Building&capID1=26CAP&capID2=00000&capID3=007DC&agencyCode=TAMPA
rec-48030a10a0fc5392,CONSTRUCTION_INSPECTIONS|NATIVE|BLD-26-0522969,src-83360b3399584d8a,tpa-dbb4bb147cac17,construction_inspections,BLD-26-0522969,2026-02-26,2026-02,permit_record_created,CREATEDDATE,source_record_metadata,0,0,2026-08-23,2026-08,2026-09-01,2026-09,2026-09-01,2026-09,2,1,Issued,New SFR,Residential New Construction and Additions (1 and 2 Family),1020 W Rambla St,Historic Forest Hills,https://aca-prod.accela.com/TAMPA/Cap/CapDetail.aspx?Module=Building&TabName=Building&capID1=26CAP&capID2=00000&capID3=00BZT&agencyCode=TAMPA
rec-481c8c8bd18b505a,CONSTRUCTION_INSPECTIONS|NATIVE|BLD-26-0522451,,,construction_inspections,BLD-26-0522451,2026-02-06,2026-02,permit_record_created,CREATEDDATE,source_record_metadata,0,0,2026-09-01,2026-09,2026-09-01,2026-09,2026-09-01,2026-09,1,1,Issued,PP: Addition of a new campus - Jesuit High School,Commercial New Construction and Additions,4701 N Himes Ave,Plaza Terrace,https://aca-prod.accela.com/TAMPA/Cap/CapDetail.aspx?Module=Building&TabName=Building&capID1=26CAP&capID2=00000&capID3=007TW&agencyCode=TAMPA
rec-4d732f30a2060c30,CONSTRUCTION_INSPECTIONS|NATIVE|BLD-26-0522522,src-05c54dcde546ecf8,tpa-d4705eb36b3f41,construction_inspections,BLD-26-0522522,2026-02-10,2026-02,permit_record_created,CREATEDDATE,source_record_metadata,0,0,2026-08-23,2026-08,2026-09-01,2026-09,2026-09-01,2026-09,2,1,Issued,ATF Violation -CMP-24-0006978,Residential New Construction and Additions (1 and 2 Family),3423 E Henry Ave,Live Oaks Square,https://aca-prod.accela.com/TAMPA/Cap/CapDetail.aspx?Module=Building&TabName=Building&capID1=26CAP&capID2=00000&capID3=008G5&agencyCode=TAMPA
rec-4df7aa8527495467,CONSTRUCTION_INSPECTIONS|NATIVE|BLD-26-0522758,src-324b25dbadae2a71,tpa-52e7814c3f36f7,construction_inspections,BLD-26-0522758,2026-02-18,2026-02,permit_record_created,CREATEDDATE,source_record_metadata,0,0,2026-08-23,2026-08,2026-09-01,2026-09,2026-09-01,2026-09,2,1,Revision,New 2-Story SFR,Residential New Construction and Additions (1 and 2 Family),2608 N Ridgewood Ave,Riverside Heights,https://aca-prod.accela.com/TAMPA/Cap/CapDetail.aspx?Module=Building&TabName=Building&capID1=26CAP&capID2=00000&capID3=00A7T&agencyCode=TAMPA
rec-4e2ca098ef450c7c,CONSTRUCTION_INSPECTIONS|NATIVE|BDE-26-0445324,src-1738ac7c804883e5,tpa-62ab89191ec2f6,construction_inspections,BDE-26-0445324,2026-02-03,2026-02,permit_record_created,CREATEDDATE,source_record_metadata,0,0,2026-08-23,2026-08,2026-09-01,2026-09,2026-09-01,2026-09,2,1,Issued,Demo SFR,Residential Demolition Permit,4708 W Euclid Ave,Belmar Gardens,https://aca-prod.accela.com/TAMPA/Cap/CapDetail.aspx?Module=Building&TabName=Building&capID1=26CAP&capID2=00000&capID3=00733&agencyCode=TAMPA
rec-4e6d5dbfa7a14e33,CONSTRUCTION_INSPECTIONS|NATIVE|BLD-26-0522804,src-855582d407dafb1c,tpa-8491a3f3e7b57a,construction_inspections,BLD-26-0522804,2026-02-19,2026-02,permit_record_created,CREATEDDATE,source_record_metadata,0,0,2026-08-23,2026-08,2026-09-01,2026-09,2026-09-01,2026-09,2,1,Issued,FEMA: PP New 2-Story SFR,Residential New Construction and Additions (1 and 2 Family),4808 W Melrose Ave,Sunset Park,https://aca-prod.accela.com/TAMPA/Cap/CapDetail.aspx?Module=Building&TabName=Building&capID1=26CAP&capID2=00000&capID3=00ALE&agencyCode=TAMPA
rec-51aa73a74d73346f,CONSTRUCTION_INSPECTIONS|NATIVE|BLD-26-0522339,src-dc3efedce069cadc,tpa-b1f30bef4aeaff,construction_inspections,BLD-26-0522339,2026-02-03,2026-02,permit_record_created,CREATEDDATE,source_record_metadata,0,0,2026-08-23,2026-08,2026-09-01,2026-09,2026-09-01,2026-09,2,1,Issued,FEMA: SFR,Residential New Construction and Additions (1 and 2 Family),4112 W Corona St,Virginia Park,https://aca-prod.accela.com/TAMPA/Cap/CapDetail.aspx?Module=Building&TabName=Building&capID1=26CAP&capID2=00000&capID3=0073N&agencyCode=TAMPA
rec-5483ec0d4d08b1d3,CONSTRUCTION_INSPECTIONS|NATIVE|BDE-26-0445322,src-551ded9afd06e91c,tpa-d63fca8f8782ce,construction_inspections,BDE-26-0445322,2026-02-03,2026-02,permit_record_created,CREATEDDATE,source_record_metadata,0,0,2026-08-23,2026-08,2026-08-23,2026-08,2026-08-23,2026-08,1,0,Issued,REISSUE - Demo Pool & Deck,Residential Demolition Permit,642 Geneva Pl,Davis Islands,https://aca-prod.accela.com/TAMPA/Cap/CapDetail.aspx?Module=Building&TabName=Building&capID1=26CAP&capID2=00000&capID3=00726&agencyCode=TAMPA
rec-57b3ee73d2877430,CONSTRUCTION_INSPECTIONS|NATIVE|BLD-26-0522697,src-78838c9283f42c10,tpa-3ae1044fe73b15,construction_inspections,BLD-26-0522697,2026-02-16,2026-02,permit_record_created,CREATEDDATE,source_record_metadata,0,0,2026-08-23,2026-08,2026-09-01,2026-09,2026-09-01,2026-09,2,1,Issued,FEMA: Addition 2 Car Garage,Residential New Construction and Additions (1 and 2 Family),5014 S The Riviera St,Beach Park,https://aca-prod.accela.com/TAMPA/Cap/CapDetail.aspx?Module=Building&TabName=Building&capID1=26CAP&capID2=00000&capID3=009QI&agencyCode=TAMPA
rec-5997d192d64029bc,CONSTRUCTION_INSPECTIONS|NATIVE|BLD-26-0522318,src-f06d6821d130bddd,tpa-ce793ae7d6bb38,construction_inspections,BLD-26-0522318,2026-02-03,2026-02,permit_record_created,CREATEDDATE,source_record_metadata,0,0,2026-08-23,2026-08,2026-09-01,2026-09,2026-09-01,2026-09,2,1,Issued,New 2-Story SFR,Residential New Construction and Additions (1 and 2 Family),316 W Alfred St,Tampa Heights,https://aca-prod.accela.com/TAMPA/Cap/CapDetail.aspx?Module=Building&TabName=Building&capID1=26CAP&capID2=00000&capID3=006RT&agencyCode=TAMPA
rec-599c8ea86fbc329e,CONSTRUCTION_INSPECTIONS|NATIVE|BLD-26-0522729,src-42a93cc79f8894fe,tpa-94ed3dffc9f19d,construction_inspections,BLD-26-0522729,2026-02-17,2026-02,permit_record_created,CREATEDDATE,source_record_metadata,0,0,2026-08-23,2026-08,2026-09-01,2026-09,2026-09-01,2026-09,2,1,Issued,PP: Second floor addition and Interior Remodel,Residential New Construction and Additions (1 and 2 Family),3204 W Tambay Ave,Bayshore Beautiful,https://aca-prod.accela.com/TAMPA/Cap/CapDetail.aspx?Module=Building&TabName=Building&capID1=26CAP&capID2=00000&capID3=009XO&agencyCode=TAMPA
rec-5bee294074e8738b,CONSTRUCTION_INSPECTIONS|NATIVE|BLD-26-0522555,,,construction_inspections,BLD-26-0522555,2026-02-11,2026-02,permit_record_created,CREATEDDATE,source_record_metadata,0,0,2026-09-01,2026-09,2026-09-01,2026-09,2026-09-01,2026-09,1,1,Issued,FEMA - New 3-Story SFR,Residential New Construction and Additions (1 and 2 Family),4921 W San Rafael St,Sunset Park,https://aca-prod.accela.com/TAMPA/Cap/CapDetail.aspx?Module=Building&TabName=Building&capID1=26CAP&capID2=00000&capID3=008N4&agencyCode=TAMPA
rec-5c08111b7e73c888,CONSTRUCTION_INSPECTIONS|NATIVE|BLD-26-0522829,src-705e2869f179fbd0,tpa-79708bcba2f64f,construction_inspections,BLD-26-0522829,2026-02-20,2026-02,permit_record_created,CREATEDDATE,source_record_metadata,0,0,2026-08-23,2026-08,2026-09-01,2026-09,2026-09-01,2026-09,2,1,Issued,OWNER Remodel & Porch: Interior/Exterior,Residential New Construction and Additions (1 and 2 Family),908 W Indiana Ave,Riverside Heights,https://aca-prod.accela.com/TAMPA/Cap/CapDetail.aspx?Module=Building&TabName=Building&capID1=26CAP&capID2=00000&capID3=00AR1&agencyCode=TAMPA
rec-5ea2ce81b5107967,CONSTRUCTION_INSPECTIONS|NATIVE|BLD-26-0522779,src-2b12a713431765e6,tpa-fd097511c43aaa,construction_inspections,BLD-26-0522779,2026-02-18,2026-02,permit_record_created,CREATEDDATE,source_record_metadata,0,0,2026-08-23,2026-08,2026-09-01,2026-09,2026-09-01,2026-09,2,1,Issued,Fema: Addition/Remodel,Residential New Construction and Additions (1 and 2 Family),2407 W Conley Ave,Ballast Point,https://aca-prod.accela.com/TAMPA/Cap/CapDetail.aspx?Module=Building&TabName=Building&capID1=26CAP&capID2=00000&capID3=00ADQ&agencyCode=TAMPA
rec-5ef50afd23db4b50,CONSTRUCTION_INSPECTIONS|NATIVE|BDE-26-0445354,src-dc9ab6ede3a2e6de,tpa-5f9a8b59e75208,construction_inspections,BDE-26-0445354,2026-02-15,2026-02,permit_record_created,CREATEDDATE,source_record_metadata,0,0,2026-08-23,2026-08,2026-08-23,2026-08,2026-08-23,2026-08,1,0,Issued,DEMO SFR,Residential Demolition Permit,4616 W Lamb Ave,Sunset Park,https://aca-prod.accela.com/TAMPA/Cap/CapDetail.aspx?Module=Building&TabName=Building&capID1=26CAP&capID2=00000&capID3=009IJ&agencyCode=TAMPA
rec-60b42edeb60536b6,CONSTRUCTION_INSPECTIONS|NATIVE|BLD-26-0522346|GLOBALID|{D864FB79-778E-47ED-8196-677452B45FF1},src-87c8309710421f54,tpa-f14d89bfd73483,construction_inspections,BLD-26-0522346,2026-02-04,2026-02,permit_record_created,CREATEDDATE,source_record_metadata,0,0,2026-08-23,2026-08,2026-08-23,2026-08,2026-08-23,2026-08,1,0,Revision,FEMA - Interior Alteration - Inlumia Imaging,Commercial Building Alterations (Renovations),5041 W Cypress St,Westshore,https://aca-prod.accela.com/TAMPA/Cap/CapDetail.aspx?Module=Building&TabName=Building&capID1=26CAP&capID2=00000&capID3=0074E&agencyCode=TAMPA
rec-627c1dd3cae43802,CONSTRUCTION_INSPECTIONS|NATIVE|BLD-26-0522553,src-634591d8d3f9b9a4,tpa-7a2825941991ae,construction_inspections,BLD-26-0522553,2026-02-10,2026-02,permit_record_created,CREATEDDATE,source_record_metadata,0,0,2026-08-23,2026-08,2026-09-01,2026-09,2026-09-01,2026-09,2,1,Issued,NEW SFR,Residential New Construction and Additions (1 and 2 Family),4011 E Curtis St,Eastern Heights,https://aca-prod.accela.com/TAMPA/Cap/CapDetail.aspx?Module=Building&TabName=Building&capID1=26CAP&capID2=00000&capID3=008M1&agencyCode=TAMPA
rec-62e8efb9605d7fc2,CONSTRUCTION_INSPECTIONS|NATIVE|BDE-26-0445371,src-3fc7db6f64a5a522,tpa-8d4cbd0f2a328f,construction_inspections,BDE-26-0445371,2026-02-24,2026-02,permit_record_created,CREATEDDATE,source_record_metadata,0,0,2026-08-23,2026-08,2026-09-01,2026-09,2026-09-01,2026-09,2,1,Issued,ATF- Demo 2 buildings and pool-CMP-24-0004946,Commercial Demolition Permit,7700 W Courtney Campbell Cswy,Westshore,https://aca-prod.accela.com/TAMPA/Cap/CapDetail.aspx?Module=Building&TabName=Building&capID1=26CAP&capID2=00000&capID3=00BM4&agencyCode=TAMPA
rec-66087e66c7c38798,CONSTRUCTION_INSPECTIONS|NATIVE|BLD-26-0523007,src-50dec7bd128ca0d9,tpa-a915550621a48e,construction_inspections,BLD-26-0523007,2026-02-26,2026-02,permit_record_created,CREATEDDATE,source_record_metadata,0,0,2026-08-23,2026-08,2026-09-01,2026-09,2026-09-01,2026-09,2,1,Revision,FEMA: Interior ALT,Residential Building Alterations (Renovations),4502 S Grady Ave,FairOaks Manhattan,https://aca-prod.accela.com/TAMPA/Cap/CapDetail.aspx?Module=Building&TabName=Building&capID1=26CAP&capID2=00000&capID3=00C89&agencyCode=TAMPA
rec-668050be860a72ae,CONSTRUCTION_INSPECTIONS|NATIVE|BLD-26-0522845,src-58f0ff994160ccb1,tpa-42375040c9d32c,construction_inspections,BLD-26-0522845,2026-02-20,2026-02,permit_record_created,CREATEDDATE,source_record_metadata,0,0,2026-08-23,2026-08,2026-09-01,2026-09,2026-09-01,2026-09,2,1,Issued,Accelerated Project | CRA AFFORDABLE HOUSING - Interior and Exterior remodel,Residential Building Alterations (Renovations),4012 N 39th St,Rainbow Heights,https://aca-prod.accela.com/TAMPA/Cap/CapDetail.aspx?Module=Building&TabName=Building&capID1=26CAP&capID2=00000&capID3=00AWS&agencyCode=TAMPA
rec-6d2e911bb6bd62b8,CONSTRUCTION_INSPECTIONS|NATIVE|BLD-26-0522342,src-a7975231c3edd67c,tpa-8047de628cfebe,construction_inspections,BLD-26-0522342,2026-02-03,2026-02,permit_record_created,CREATEDDATE,source_record_metadata,0,0,2026-08-23,2026-08,2026-09-01,2026-09,2026-09-01,2026-09,2,1,Issued,Interior/Exterior Alteration,Residential Building Alterations (Renovations),4904 N 11th St,Southeast Seminole Heights,https://aca-prod.accela.com/TAMPA/Cap/CapDetail.aspx?Module=Building&TabName=Building&capID1=26CAP&capID2=00000&capID3=0073W&agencyCode=TAMPA
rec-6fa076535b93cea0,CONSTRUCTION_INSPECTIONS|NATIVE|BLD-26-0522455,src-5b1e5f7d85f121ed,tpa-ff99615f4862d7,construction_inspections,BLD-26-0522455,2026-02-06,2026-02,permit_record_created,CREATEDDATE,source_record_metadata,0,0,2026-08-23,2026-08,2026-09-01,2026-09,2026-09-01,2026-09,2,1,Issued,New 1-Story SFR,Residential New Construction and Additions (1 and 2 Family),8606 N Alaska St,Sulphur Springs,https://aca-prod.accela.com/TAMPA/Cap/CapDetail.aspx?Module=Building&TabName=Building&capID1=26CAP&capID2=00000&capID3=007VF&agencyCode=TAMPA
rec-704f6c955e9de113,CONSTRUCTION_INSPECTIONS|NATIVE|BDE-26-0445374,,,construction_inspections,BDE-26-0445374,2026-02-26,2026-02,permit_record_created,CREATEDDATE,source_record_metadata,0,0,2026-09-01,2026-09,2026-09-01,2026-09,2026-09-01,2026-09,1,1,Issued,Demo SFR,Residential Demolition Permit,2931 W Coachman Ave,Bayshore Beautiful,https://aca-prod.accela.com/TAMPA/Cap/CapDetail.aspx?Module=Building&TabName=Building&capID1=26CAP&capID2=00000&capID3=00C0F&agencyCode=TAMPA
rec-743391dd29a93b42,CONSTRUCTION_INSPECTIONS|NATIVE|BLD-26-0522773,src-8b78c50395afe4bb,tpa-eff0c2265e1bdd,construction_inspections,BLD-26-0522773,2026-02-18,2026-02,permit_record_created,CREATEDDATE,source_record_metadata,0,0,2026-08-23,2026-08,2026-09-01,2026-09,2026-09-01,2026-09,2,1,Issued,FEMA: PP: New 2 Story SFR,Residential New Construction and Additions (1 and 2 Family),403 W Violet St,South Seminole Heights,https://aca-prod.accela.com/TAMPA/Cap/CapDetail.aspx?Module=Building&TabName=Building&capID1=26CAP&capID2=00000&capID3=00ABZ&agencyCode=TAMPA
rec-744505eb6549a9c8,CONSTRUCTION_INSPECTIONS|NATIVE|BLD-26-0522320,src-bb991daef8fe8536,tpa-d6fc99d8bb36a3,construction_inspections,BLD-26-0522320,2026-02-03,2026-02,permit_record_created,CREATEDDATE,source_record_metadata,0,0,2026-08-23,2026-08,2026-09-01,2026-09,2026-09-01,2026-09,2,1,Issued,New SFR,Residential New Construction and Additions (1 and 2 Family),911 E Shadowlawn Ave,Southeast Seminole Heights,https://aca-prod.accela.com/TAMPA/Cap/CapDetail.aspx?Module=Building&TabName=Building&capID1=26CAP&capID2=00000&capID3=006U9&agencyCode=TAMPA
rec-76c5af1d0fb5c63d,CONSTRUCTION_INSPECTIONS|NATIVE|BLD-26-0522777,src-fec5b1fcb2ba9775,tpa-6a5fa4e799182c,construction_inspections,BLD-26-0522777,2026-02-18,2026-02,permit_record_created,CREATEDDATE,source_record_metadata,0,0,2026-08-23,2026-08,2026-09-01,2026-09,2026-09-01,2026-09,2,1,Issued,FEMA: Interior Remodel - Ugly Dumpling Tampa,Commercial Building Alterations (Renovations),18001 Highwoods Preserve Pkwy,Richmond Place,https://aca-prod.accela.com/TAMPA/Cap/CapDetail.aspx?Module=Building&TabName=Building&capID1=26CAP&capID2=00000&capID3=00ACH&agencyCode=TAMPA
rec-775d9fabd0152d3e,CONSTRUCTION_INSPECTIONS|NATIVE|BLD-26-0522887,src-b90dd99513d028fa,tpa-3e8b390057d2ec,construction_inspections,BLD-26-0522887,2026-02-23,2026-02,permit_record_created,CREATEDDATE,source_record_metadata,0,0,2026-08-23,2026-08,2026-09-01,2026-09,2026-09-01,2026-09,2,1,Revision,FEMA: New 2-Story SFR,Residential New Construction and Additions (1 and 2 Family),4604 W Estrella St,Sunset Park,https://aca-prod.accela.com/TAMPA/Cap/CapDetail.aspx?Module=Building&TabName=Building&capID1=26CAP&capID2=00000&capID3=00B8T&agencyCode=TAMPA
rec-78670e8b7150ffed,CONSTRUCTION_INSPECTIONS|NATIVE|BLD-26-0522554,src-b08b20d6a7573c5d,tpa-c71a9442c37bb6,construction_inspections,BLD-26-0522554,2026-02-10,2026-02,permit_record_created,CREATEDDATE,source_record_metadata,0,0,2026-08-23,2026-08,2026-09-01,2026-09,2026-09-01,2026-09,2,1,Issued,PP: New detached 2 Story ADU Office,Residential New Construction and Additions (1 and 2 Family),107 W Curtis St,South Seminole Heights,https://aca-prod.accela.com/TAMPA/Cap/CapDetail.aspx?Module=Building&TabName=Building&capID1=26CAP&capID2=00000&capID3=008M2&agencyCode=TAMPA
rec-793212a452ee835b,CONSTRUCTION_INSPECTIONS|NATIVE|BLD-26-0522450,src-a936f6c4e7ce1fa2,tpa-4561af57fa6795,construction_inspections,BLD-26-0522450,2026-02-06,2026-02,permit_record_created,CREATEDDATE,source_record_metadata,0,0,2026-08-23,2026-08,2026-09-01,2026-09,2026-09-01,2026-09,2,1,Issued,Storage and Pickleball Court,Residential New Construction and Additions (1 and 2 Family),1613 Renaissance Way,Harbour Island,https://aca-prod.accela.com/TAMPA/Cap/CapDetail.aspx?Module=Building&TabName=Building&capID1=26CAP&capID2=00000&capID3=007TP&agencyCode=TAMPA
rec-79cd34ed8c68028a,CONSTRUCTION_INSPECTIONS|NATIVE|BLD-26-0522346|GLOBALID|{E4FCADBE-734B-4E22-BCC9-5C6C258701EE},,,construction_inspections,BLD-26-0522346,2026-02-04,2026-02,permit_record_created,CREATEDDATE,source_record_metadata,0,0,2026-09-01,2026-09,2026-09-01,2026-09,2026-09-01,2026-09,1,1,Revision,FEMA - Interior Alteration - Inlumia Imaging,Commercial Building Alterations (Renovations),5041 W Cypress St,Westshore,https://aca-prod.accela.com/TAMPA/Cap/CapDetail.aspx?Module=Building&TabName=Building&capID1=26CAP&capID2=00000&capID3=0074E&agencyCode=TAMPA
rec-7a96178d93c6cba1,CONSTRUCTION_INSPECTIONS|NATIVE|BLD-26-0522800,src-dc43df5c545797bb,tpa-6b639b93cbe08b,construction_inspections,BLD-26-0522800,2026-02-19,2026-02,permit_record_created,CREATEDDATE,source_record_metadata,0,0,2026-08-23,2026-08,2026-09-01,2026-09,2026-09-01,2026-09,2,1,Issued,FEMA: New 2 Story SFR,Residential New Construction and Additions (1 and 2 Family),4302 Woodmere Rd,Beach Park,https://aca-prod.accela.com/TAMPA/Cap/CapDetail.aspx?Module=Building&TabName=Building&capID1=26CAP&capID2=00000&capID3=00AKV&agencyCode=TAMPA
rec-7ba81a0c1d9e17c3,CONSTRUCTION_INSPECTIONS|NATIVE|BLD-26-0522823,src-572b1a8a90a0aca4,tpa-cc017e7436b886,construction_inspections,BLD-26-0522823,2026-02-19,2026-02,permit_record_created,CREATEDDATE,source_record_metadata,0,0,2026-08-23,2026-08,2026-09-01,2026-09,2026-09-01,2026-09,2,1,Issued,PP: New 2 Story SFR,Residential New Construction and Additions (1 and 2 Family),1948 W Spruce St,Old West Tampa,https://aca-prod.accela.com/TAMPA/Cap/CapDetail.aspx?Module=Building&TabName=Building&capID1=26CAP&capID2=00000&capID3=00APC&agencyCode=TAMPA
rec-7c2acf026af6cfa1,CONSTRUCTION_INSPECTIONS|NATIVE|BLD-26-0522335,src-1e7bd12e4d1d6d2c,tpa-f4ee3fb8ed87fa,construction_inspections,BLD-26-0522335,2026-02-03,2026-02,permit_record_created,CREATEDDATE,source_record_metadata,0,0,2026-08-23,2026-08,2026-09-01,2026-09,2026-09-01,2026-09,2,1,Revision,OWNER: Fema: PP: Unit 601 Int. Remodel,Commercial Building Alterations (Renovations),2 Adalia Ave,Davis Islands,https://aca-prod.accela.com/TAMPA/Cap/CapDetail.aspx?Module=Building&TabName=Building&capID1=26CAP&capID2=00000&capID3=00720&agencyCode=TAMPA
rec-7f92b326d346fb8b,CONSTRUCTION_INSPECTIONS|NATIVE|BDE-26-0445341,src-c3c4ddc1f308a7f6,tpa-6ce302020a72d9,construction_inspections,BDE-26-0445341,2026-02-09,2026-02,permit_record_created,CREATEDDATE,source_record_metadata,0,0,2026-08-23,2026-08,2026-08-23,2026-08,2026-08-23,2026-08,1,0,Issued,DEMO SFR,Residential Demolition Permit,4506 W San Rafael St,Sunset Park,https://aca-prod.accela.com/TAMPA/Cap/CapDetail.aspx?Module=Building&TabName=Building&capID1=26CAP&capID2=00000&capID3=0087J&agencyCode=TAMPA
rec-8176134b3354e819,CONSTRUCTION_INSPECTIONS|NATIVE|BLD-26-0522790,src-fccd0e1505f215b3,tpa-4a4ebb4ad2bcd7,construction_inspections,BLD-26-0522790,2026-02-19,2026-02,permit_record_created,CREATEDDATE,source_record_metadata,0,0,2026-08-23,2026-08,2026-09-01,2026-09,2026-09-01,2026-09,2,1,Issued,FEMA New 2-Story SFR,Residential New Construction and Additions (1 and 2 Family),2926 W Ellis Dr,Ballast Point,https://aca-prod.accela.com/TAMPA/Cap/CapDetail.aspx?Module=Building&TabName=Building&capID1=26CAP&capID2=00000&capID3=00AIF&agencyCode=TAMPA
rec-81a8066622e20b8a,CONSTRUCTION_INSPECTIONS|NATIVE|BLD-26-0522939,src-79a4bb881938475d,tpa-ab63fbcfaa71f0,construction_inspections,BLD-26-0522939,2026-02-25,2026-02,permit_record_created,CREATEDDATE,source_record_metadata,0,0,2026-08-23,2026-08,2026-09-01,2026-09,2026-09-01,2026-09,2,1,Issued,PP: Suite 120: Interior Remodel: Layton Construction,Commercial Building Alterations (Renovations),2202 N West Shore Blvd,Westshore,https://aca-prod.accela.com/TAMPA/Cap/CapDetail.aspx?Module=Building&TabName=Building&capID1=26CAP&capID2=00000&capID3=00BTC&agencyCode=TAMPA
rec-827a95a89811ea46,CONSTRUCTION_INSPECTIONS|NATIVE|BLD-26-0522844,src-1b8ec74016f360e6,tpa-37149a0be5304f,construction_inspections,BLD-26-0522844,2026-02-20,2026-02,permit_record_created,CREATEDDATE,source_record_metadata,0,0,2026-08-23,2026-08,2026-09-01,2026-09,2026-09-01,2026-09,2,1,Issued,Interior/Exterior: Fire Damage Repair,Residential Building Alterations (Renovations),806 E Baker St,Ybor Heights Neighborhood Association and Watch Group,https://aca-prod.accela.com/TAMPA/Cap/CapDetail.aspx?Module=Building&TabName=Building&capID1=26CAP&capID2=00000&capID3=00AWN&agencyCode=TAMPA
rec-865e142e418983c2,CONSTRUCTION_INSPECTIONS|NATIVE|BLD-26-0522860,src-866c2dfed3b5c3dc,tpa-bb7f59f71ea4fa,construction_inspections,BLD-26-0522860,2026-02-22,2026-02,permit_record_created,CREATEDDATE,source_record_metadata,0,0,2026-08-23,2026-08,2026-09-01,2026-09,2026-09-01,2026-09,2,1,Issued,New SFR,Residential New Construction and Additions (1 and 2 Family),8910 El Portal Dr,Lowry Park Central,https://aca-prod.accela.com/TAMPA/Cap/CapDetail.aspx?Module=Building&TabName=Building&capID1=26CAP&capID2=00000&capID3=00AYT&agencyCode=TAMPA
rec-8985a76f3f220b6e,CONSTRUCTION_INSPECTIONS|NATIVE|BLD-26-0522742,src-7f6e3f5902776a5d,tpa-64ee1c9d095c00,construction_inspections,BLD-26-0522742,2026-02-17,2026-02,permit_record_created,CREATEDDATE,source_record_metadata,0,0,2026-08-23,2026-08,2026-09-01,2026-09,2026-09-01,2026-09,2,1,Issued,OWNER PP: Addition & Remodel,Residential New Construction and Additions (1 and 2 Family),3416 W Leroy St,Macfarlane Park,https://aca-prod.accela.com/TAMPA/Cap/CapDetail.aspx?Module=Building&TabName=Building&capID1=26CAP&capID2=00000&capID3=00A16&agencyCode=TAMPA
rec-8c86c168ead090a8,CONSTRUCTION_INSPECTIONS|NATIVE|BLD-26-0522480,src-067c7aa080b8e6f2,tpa-b6769e5b324814,construction_inspections,BLD-26-0522480,2026-02-09,2026-02,permit_record_created,CREATEDDATE,source_record_metadata,0,0,2026-08-23,2026-08,2026-09-01,2026-09,2026-09-01,2026-09,2,1,Revision,PP: Alterations: Interior: Desi Indian Restaurant,Commercial Building Alterations (Renovations),1811 E Fowler Ave,University Square,https://aca-prod.accela.com/TAMPA/Cap/CapDetail.aspx?Module=Building&TabName=Building&capID1=26CAP&capID2=00000&capID3=0083A&agencyCode=TAMPA
rec-8d091fd80b188f37,CONSTRUCTION_INSPECTIONS|NATIVE|BLD-26-0522625,src-f372bfbe4010bef4,tpa-b009cc2227a7f2,construction_inspections,BLD-26-0522625,2026-02-12,2026-02,permit_record_created,CREATEDDATE,source_record_metadata,0,0,2026-08-23,2026-08,2026-08-23,2026-08,2026-08-23,2026-08,1,0,Revision,PP:NFCU Interior Remodel,Commercial Building Alterations (Renovations),4538 S Dale Marbry,FairOaks Manhattan,https://aca-prod.accela.com/TAMPA/Cap/CapDetail.aspx?Module=Building&TabName=Building&capID1=26CAP&capID2=00000&capID3=009AQ&agencyCode=TAMPA
rec-8d4e628a6362c2c0,CONSTRUCTION_INSPECTIONS|NATIVE|BLD-26-0522778,src-f251065b1d966524,tpa-9891ebe018edb3,construction_inspections,BLD-26-0522778,2026-02-18,2026-02,permit_record_created,CREATEDDATE,source_record_metadata,0,0,2026-08-23,2026-08,2026-09-01,2026-09,2026-09-01,2026-09,2,1,Issued,ATF Violation -CMP-23-0003151 - Addition,Residential New Construction and Additions (1 and 2 Family),2138 W Juneau St,Armenia Gardens Estates,https://aca-prod.accela.com/TAMPA/Cap/CapDetail.aspx?Module=Building&TabName=Building&capID1=26CAP&capID2=00000&capID3=00ACU&agencyCode=TAMPA
rec-8e50df9d812e8743,CONSTRUCTION_INSPECTIONS|NATIVE|BLD-26-0522941,src-bb1d8713350c59fc,tpa-8624d7ab20bd7f,construction_inspections,BLD-26-0522941,2026-02-25,2026-02,permit_record_created,CREATEDDATE,source_record_metadata,0,0,2026-08-23,2026-08,2026-09-01,2026-09,2026-09-01,2026-09,2,1,Issued,2nd Floor Addition & Rear Addition,Residential New Construction and Additions (1 and 2 Family),907 S Bruce St,Historic Hyde Park,https://aca-prod.accela.com/TAMPA/Cap/CapDetail.aspx?Module=Building&TabName=Building&capID1=26CAP&capID2=00000&capID3=00BTI&agencyCode=TAMPA
rec-8eee34d0e0066b08,CONSTRUCTION_INSPECTIONS|NATIVE|BLD-26-0522897,src-2f1ac81ede042e06,tpa-bf357a528a9806,construction_inspections,BLD-26-0522897,2026-02-24,2026-02,permit_record_created,CREATEDDATE,source_record_metadata,0,0,2026-08-23,2026-08,2026-09-01,2026-09,2026-09-01,2026-09,2,1,Issued,FEMA New 2-Story SFR,Residential New Construction and Additions (1 and 2 Family),479 Bosphorous Ave,Davis Islands,https://aca-prod.accela.com/TAMPA/Cap/CapDetail.aspx?Module=Building&TabName=Building&capID1=26CAP&capID2=00000&capID3=00BCS&agencyCode=TAMPA
rec-8fe84d07d782c543,CONSTRUCTION_INSPECTIONS|NATIVE|BLD-26-0522838,src-57e5d008f46208a7,tpa-b967556819f971,construction_inspections,BLD-26-0522838,2026-02-20,2026-02,permit_record_created,CREATEDDATE,source_record_metadata,0,0,2026-08-23,2026-08,2026-09-01,2026-09,2026-09-01,2026-09,2,1,Issued,PP: Renovation: Exterior/Interior and ADU,Residential Building Alterations (Renovations),2608 W Morrison Ave,New Suburb Beautiful,https://aca-prod.accela.com/TAMPA/Cap/CapDetail.aspx?Module=Building&TabName=Building&capID1=26CAP&capID2=00000&capID3=00AVD&agencyCode=TAMPA
rec-9066b82f1e6d1eb2,CONSTRUCTION_INSPECTIONS|NATIVE|BDE-26-0445336,src-3a8d722d6f6674a8,tpa-9988a148d10d99,construction_inspections,BDE-26-0445336,2026-02-06,2026-02,permit_record_created,CREATEDDATE,source_record_metadata,0,0,2026-08-23,2026-08,2026-09-01,2026-09,2026-09-01,2026-09,2,1,Issued,Demo SFR and Detached Storage,Residential Demolition Permit,719 W Peninsular St,Riverside Heights,https://aca-prod.accela.com/TAMPA/Cap/CapDetail.aspx?Module=Building&TabName=Building&capID1=26CAP&capID2=00000&capID3=00807&agencyCode=TAMPA
rec-91a2b81f7737c5fb,CONSTRUCTION_INSPECTIONS|NATIVE|BLD-26-0522582,src-3da1c6497b4a9257,tpa-5b4b9b4bd2e2bb,construction_inspections,BLD-26-0522582,2026-02-11,2026-02,permit_record_created,CREATEDDATE,source_record_metadata,0,0,2026-08-23,2026-08,2026-09-01,2026-09,2026-09-01,2026-09,2,1,Revision,FEMA: Renovation: Interior: Ste 2540,Commercial Building Alterations (Renovations),400 N Ashley Dr,Downtown River Arts,https://aca-prod.accela.com/TAMPA/Cap/CapDetail.aspx?Module=Building&TabName=Building&capID1=26CAP&capID2=00000&capID3=008WE&agencyCode=TAMPA
rec-9384ae3c2d6ed975,CONSTRUCTION_INSPECTIONS|NATIVE|BLD-26-0522859,src-4a75230b91ef48a3,tpa-5f66445dd45e73,construction_inspections,BLD-26-0522859,2026-02-21,2026-02,permit_record_created,CREATEDDATE,source_record_metadata,0,0,2026-08-23,2026-08,2026-09-01,2026-09,2026-09-01,2026-09,2,1,Issued,PP: FEMA: New 2-Story SFR,Residential New Construction and Additions (1 and 2 Family),4714 W Bay Vista Ave,Bayside West,https://aca-prod.accela.com/TAMPA/Cap/CapDetail.aspx?Module=Building&TabName=Building&capID1=26CAP&capID2=00000&capID3=00AYK&agencyCode=TAMPA
rec-974b312dd1b8ed8d,CONSTRUCTION_INSPECTIONS|NATIVE|BLD-26-0522732,src-19ee171fca369b70,tpa-da9744392fb90e,construction_inspections,BLD-26-0522732,2026-02-17,2026-02,permit_record_created,CREATEDDATE,source_record_metadata,0,0,2026-08-23,2026-08,2026-09-01,2026-09,2026-09-01,2026-09,2,1,Issued,FEMA:PP: New 3-Story SFR,Residential New Construction and Additions (1 and 2 Family),594 Riviera Dr,Davis Islands,https://aca-prod.accela.com/TAMPA/Cap/CapDetail.aspx?Module=Building&TabName=Building&capID1=26CAP&capID2=00000&capID3=009YO&agencyCode=TAMPA
rec-99e7ccf3824f17a5,CONSTRUCTION_INSPECTIONS|NATIVE|BLD-26-0522346|GLOBALID|{62A142D3-AA5B-42EF-8CC1-EDFE7952063F},src-40bf47dd29de2a50,tpa-f14d89bfd73483,construction_inspections,BLD-26-0522346,2026-02-04,2026-02,permit_record_created,CREATEDDATE,source_record_metadata,0,0,2026-08-23,2026-08,2026-08-23,2026-08,2026-08-23,2026-08,1,0,Revision,FEMA - Interior Alteration - Inlumia Imaging,Commercial Building Alterations (Renovations),5041 W Cypress St,Westshore,https://aca-prod.accela.com/TAMPA/Cap/CapDetail.aspx?Module=Building&TabName=Building&capID1=26CAP&capID2=00000&capID3=0074E&agencyCode=TAMPA
rec-9ba169cc45ebecd7,CONSTRUCTION_INSPECTIONS|NATIVE|BLD-26-0522733,src-2c7c182ec602ff99,tpa-89ada9e6efd173,construction_inspections,BLD-26-0522733,2026-02-17,2026-02,permit_record_created,CREATEDDATE,source_record_metadata,0,0,2026-08-23,2026-08,2026-09-01,2026-09,2026-09-01,2026-09,2,1,Issued,FEMA: New 2-Story SFR,Residential New Construction and Additions (1 and 2 Family),2203 N Glenwood Dr,Ridgewood Park,https://aca-prod.accela.com/TAMPA/Cap/CapDetail.aspx?Module=Building&TabName=Building&capID1=26CAP&capID2=00000&capID3=009YQ&agencyCode=TAMPA
rec-9ccc50bb06d77496,CONSTRUCTION_INSPECTIONS|NATIVE|BLD-26-0522674,src-4d56772868039d9d,tpa-ba4a949c34007a,construction_inspections,BLD-26-0522674,2026-02-16,2026-02,permit_record_created,CREATEDDATE,source_record_metadata,0,0,2026-08-23,2026-08,2026-09-01,2026-09,2026-09-01,2026-09,2,1,Issued,PP: New 2-Story SFR,Residential New Construction and Additions (1 and 2 Family),3715 W Santiago St,Palma Ceia,https://aca-prod.accela.com/TAMPA/Cap/CapDetail.aspx?Module=Building&TabName=Building&capID1=26CAP&capID2=00000&capID3=009LZ&agencyCode=TAMPA
rec-9ce022eb408d734c,CONSTRUCTION_INSPECTIONS|NATIVE|BLD-26-0522675,src-0b9b38027d3939a0,tpa-fc10850fa9d67e,construction_inspections,BLD-26-0522675,2026-02-16,2026-02,permit_record_created,CREATEDDATE,source_record_metadata,0,0,2026-08-23,2026-08,2026-09-01,2026-09,2026-09-01,2026-09,2,1,Issued,PP: New 2-Story SFR,Residential New Construction and Additions (1 and 2 Family),204 W Floribraska Ave,Tampa Heights,https://aca-prod.accela.com/TAMPA/Cap/CapDetail.aspx?Module=Building&TabName=Building&capID1=26CAP&capID2=00000&capID3=009MI&agencyCode=TAMPA
rec-9d2f18c6f773c20b,CONSTRUCTION_INSPECTIONS|NATIVE|BLD-26-0522781,src-214ead76fad8ce17,tpa-0bfece608c27b5,construction_inspections,BLD-26-0522781,2026-02-18,2026-02,permit_record_created,CREATEDDATE,source_record_metadata,0,0,2026-08-23,2026-08,2026-09-01,2026-09,2026-09-01,2026-09,2,1,Issued,OWNER - New Accessory Structure - Mother-in-Law Suite,Residential New Construction and Additions (1 and 2 Family),2301 W Kenmore Ave,Armenia Gardens Estates,https://aca-prod.accela.com/TAMPA/Cap/CapDetail.aspx?Module=Building&TabName=Building&capID1=26CAP&capID2=00000&capID3=00AE7&agencyCode=TAMPA
rec-9fab2dd7275beecc,CONSTRUCTION_INSPECTIONS|NATIVE|BLD-26-0523057,src-1c701d896226ae7c,tpa-1f86c25b8416e4,construction_inspections,BLD-26-0523057,2026-02-27,2026-02,permit_record_created,CREATEDDATE,source_record_metadata,0,0,2026-08-23,2026-08,2026-09-01,2026-09,2026-09-01,2026-09,2,1,Issued,FEMA: PP: Detached Pavilion,Residential New Construction and Additions (1 and 2 Family),4517 W Lamb Ave,Sunset Park,https://aca-prod.accela.com/TAMPA/Cap/CapDetail.aspx?Module=Building&TabName=Building&capID1=26CAP&capID2=00000&capID3=00CGF&agencyCode=TAMPA
rec-9fddc50d8eb0c999,CONSTRUCTION_INSPECTIONS|NATIVE|BLD-26-0522737,src-9bd4a7ae22a71853,tpa-693cff87d0a699,construction_inspections,BLD-26-0522737,2026-02-17,2026-02,permit_record_created,CREATEDDATE,source_record_metadata,0,0,2026-08-23,2026-08,2026-09-01,2026-09,2026-09-01,2026-09,2,1,Issued,Outdoor Kitchen,Residential Building Alterations (Renovations),3108 W Cherokee Ave,Interbay - South of Gandy,https://aca-prod.accela.com/TAMPA/Cap/CapDetail.aspx?Module=Building&TabName=Building&capID1=26CAP&capID2=00000&capID3=009ZW&agencyCode=TAMPA
rec-a0234bc1bfc08cc0,CONSTRUCTION_INSPECTIONS|NATIVE|BLD-26-0522749,src-652e1242392e999f,tpa-61f331bfe693bc,construction_inspections,BLD-26-0522749,2026-02-18,2026-02,permit_record_created,CREATEDDATE,source_record_metadata,0,0,2026-08-23,2026-08,2026-09-01,2026-09,2026-09-01,2026-09,2,1,Issued,PP: OWNER:Convert Attic to loft/Add porch & deck,Residential New Construction and Additions (1 and 2 Family),917 E 11th Ave,Historic Ybor,https://aca-prod.accela.com/TAMPA/Cap/CapDetail.aspx?Module=Building&TabName=Building&capID1=26CAP&capID2=00000&capID3=00A2A&agencyCode=TAMPA
rec-a131fc3ad405347b,CONSTRUCTION_INSPECTIONS|NATIVE|BLD-26-0522402,src-94495e41d1bfa169,tpa-f5fd786cb76d10,construction_inspections,BLD-26-0522402,2026-02-05,2026-02,permit_record_created,CREATEDDATE,source_record_metadata,0,0,2026-08-23,2026-08,2026-09-01,2026-09,2026-09-01,2026-09,2,1,Issued,NEW SFR 2 Story,Residential New Construction and Additions (1 and 2 Family),3301 W Corona St,Palma Ceia,https://aca-prod.accela.com/TAMPA/Cap/CapDetail.aspx?Module=Building&TabName=Building&capID1=26CAP&capID2=00000&capID3=007LY&agencyCode=TAMPA
rec-a8c82db16d87a437,CONSTRUCTION_INSPECTIONS|NATIVE|BLD-26-0522653,,,construction_inspections,BLD-26-0522653,2026-02-13,2026-02,permit_record_created,CREATEDDATE,source_record_metadata,0,0,2026-09-01,2026-09,2026-09-01,2026-09,2026-09-01,2026-09,1,1,Revision,Interior Alteration - Suites #812 & #814 - Rreal Tacos,Commercial Building Alterations (Renovations),808 N Franklin St,Downtown River Arts,https://aca-prod.accela.com/TAMPA/Cap/CapDetail.aspx?Module=Building&TabName=Building&capID1=26CAP&capID2=00000&capID3=009G1&agencyCode=TAMPA
rec-ab674696d599c41b,CONSTRUCTION_INSPECTIONS|NATIVE|BLD-26-0522390,src-1ae6f8d3a210347d,tpa-9d2f95fd2f3ed6,construction_inspections,BLD-26-0522390,2026-02-05,2026-02,permit_record_created,CREATEDDATE,source_record_metadata,0,0,2026-08-23,2026-08,2026-09-01,2026-09,2026-09-01,2026-09,2,1,Revision,new low pitch shed roof,Residential Building Alterations (Renovations),1310 E Osborne Ave,Southeast Seminole Heights,https://aca-prod.accela.com/TAMPA/Cap/CapDetail.aspx?Module=Building&TabName=Building&capID1=26CAP&capID2=00000&capID3=007JC&agencyCode=TAMPA
rec-ad79072058d20435,CONSTRUCTION_INSPECTIONS|NATIVE|BLD-26-0522692,src-9b5c71e35cc0df36,tpa-8afd6bf531261b,construction_inspections,BLD-26-0522692,2026-02-16,2026-02,permit_record_created,CREATEDDATE,source_record_metadata,0,0,2026-08-23,2026-08,2026-09-01,2026-09,2026-09-01,2026-09,2,1,Issued,FEMA : New 2 Story SFR,Residential New Construction and Additions (1 and 2 Family),4313 N River View Ave,West Riverside Heights,https://aca-prod.accela.com/TAMPA/Cap/CapDetail.aspx?Module=Building&TabName=Building&capID1=26CAP&capID2=00000&capID3=009PI&agencyCode=TAMPA
rec-adf901336fa4fe37,CONSTRUCTION_INSPECTIONS|NATIVE|BLD-26-0522568,src-c799596108369aa6,tpa-1c600b6c876651,construction_inspections,BLD-26-0522568,2026-02-11,2026-02,permit_record_created,CREATEDDATE,source_record_metadata,0,0,2026-08-23,2026-08,2026-09-01,2026-09,2026-09-01,2026-09,2,1,Revision,FEMA: PP: NEW SFR 3 Story,Residential New Construction and Additions (1 and 2 Family),633 Ontario Ave,Davis Islands,https://aca-prod.accela.com/TAMPA/Cap/CapDetail.aspx?Module=Building&TabName=Building&capID1=26CAP&capID2=00000&capID3=008RB&agencyCode=TAMPA
rec-b4796da254a9950e,CONSTRUCTION_INSPECTIONS|NATIVE|BLD-26-0522487,src-81e723044d3cf106,tpa-a732a51d6cdf33,construction_inspections,BLD-26-0522487,2026-02-09,2026-02,permit_record_created,CREATEDDATE,source_record_metadata,0,0,2026-08-23,2026-08,2026-09-01,2026-09,2026-09-01,2026-09,2,1,Issued,Bathroom remodel - Unit 2009A,Commercial Building Alterations (Renovations),3301 Bayshore Blvd,Academy of the Holy Names,https://aca-prod.accela.com/TAMPA/Cap/CapDetail.aspx?Module=Building&TabName=Building&capID1=26CAP&capID2=00000&capID3=0086F&agencyCode=TAMPA
rec-b5840552ac9afdb4,CONSTRUCTION_INSPECTIONS|NATIVE|BLD-26-0522714,src-114448de23e0a8d2,tpa-ab4846a000e56e,construction_inspections,BLD-26-0522714,2026-02-17,2026-02,permit_record_created,CREATEDDATE,source_record_metadata,0,0,2026-08-23,2026-08,2026-09-01,2026-09,2026-09-01,2026-09,2,1,Issued,FEMA - Interior Alteration,Residential Building Alterations (Renovations),424 Columbia Dr,Davis Islands,https://aca-prod.accela.com/TAMPA/Cap/CapDetail.aspx?Module=Building&TabName=Building&capID1=26CAP&capID2=00000&capID3=009U9&agencyCode=TAMPA
rec-b65b24e7975983e2,CONSTRUCTION_INSPECTIONS|NATIVE|BLD-26-0522355,src-28fcea7f6b304d13,tpa-0b561fe775208d,construction_inspections,BLD-26-0522355,2026-02-04,2026-02,permit_record_created,CREATEDDATE,source_record_metadata,0,0,2026-08-23,2026-08,2026-09-01,2026-09,2026-09-01,2026-09,2,1,Revision,FEMA: PP: Interior remodel: Unit 4941C,Commercial Building Alterations (Renovations),4941 Bayshore Blvd,Ballast Point,https://aca-prod.accela.com/TAMPA/Cap/CapDetail.aspx?Module=Building&TabName=Building&capID1=26CAP&capID2=00000&capID3=0079H&agencyCode=TAMPA
rec-b708db222738f055,CONSTRUCTION_INSPECTIONS|NATIVE|BLD-26-0522548,src-3a561e4f1d984538,tpa-76e76db499fe64,construction_inspections,BLD-26-0522548,2026-02-10,2026-02,permit_record_created,CREATEDDATE,source_record_metadata,0,0,2026-08-23,2026-08,2026-09-01,2026-09,2026-09-01,2026-09,2,1,Issued,Fema: PP New 2-Story SFR,Residential New Construction and Additions (1 and 2 Family),5117 W Platt St,Beach Park,https://aca-prod.accela.com/TAMPA/Cap/CapDetail.aspx?Module=Building&TabName=Building&capID1=26CAP&capID2=00000&capID3=008KK&agencyCode=TAMPA
rec-bc1a1c8eabebf4eb,CONSTRUCTION_INSPECTIONS|NATIVE|BLD-26-0522745,src-63aae46400d45522,tpa-97327cdaea3153,construction_inspections,BLD-26-0522745,2026-02-18,2026-02,permit_record_created,CREATEDDATE,source_record_metadata,0,0,2026-08-23,2026-08,2026-09-01,2026-09,2026-09-01,2026-09,2,1,Issued,FEMA: PP: New 2 Story SFR,Residential New Construction and Additions (1 and 2 Family),3420 S Gardenia Ave,Bel Mar Shores,https://aca-prod.accela.com/TAMPA/Cap/CapDetail.aspx?Module=Building&TabName=Building&capID1=26CAP&capID2=00000&capID3=00A1B&agencyCode=TAMPA
rec-c060502f997ce059,CONSTRUCTION_INSPECTIONS|NATIVE|BLD-26-0522914,src-04451d357c631d62,tpa-dd3cf936bf926e,construction_inspections,BLD-26-0522914,2026-02-24,2026-02,permit_record_created,CREATEDDATE,source_record_metadata,0,0,2026-08-23,2026-08,2026-09-01,2026-09,2026-09-01,2026-09,2,1,Issued,"EARLY START BLD-26-0522914 Interior Alterations - 4th Floor, Suite 400",Commercial Building Alterations (Renovations),14055 Riveredge Dr,New Tampa,https://aca-prod.accela.com/TAMPA/Cap/CapDetail.aspx?Module=Building&TabName=Building&capID1=26CAP&capID2=00000&capID3=00BIX&agencyCode=TAMPA
rec-c17cce002fe3387a,CONSTRUCTION_INSPECTIONS|NATIVE|BLD-26-0522583,src-97b94d4a44caf80f,tpa-4de4134a4e5d7c,construction_inspections,BLD-26-0522583,2026-02-11,2026-02,permit_record_created,CREATEDDATE,source_record_metadata,0,0,2026-08-23,2026-08,2026-09-01,2026-09,2026-09-01,2026-09,2,1,Issued,FEMA: Indoor Spa/Cold Plunge-Indy Park Indoor Spa's,Commercial Building Alterations (Renovations),5100 Memorial Hwy,Westshore,https://aca-prod.accela.com/TAMPA/Cap/CapDetail.aspx?Module=Building&TabName=Building&capID1=26CAP&capID2=00000&capID3=008WG&agencyCode=TAMPA
rec-c248a2a1393ec4c4,CONSTRUCTION_INSPECTIONS|NATIVE|BDE-26-0445344,src-a39f887a4c6d64a6,tpa-37aeeec5f58aef,construction_inspections,BDE-26-0445344,2026-02-09,2026-02,permit_record_created,CREATEDDATE,source_record_metadata,0,0,2026-08-23,2026-08,2026-09-01,2026-09,2026-09-01,2026-09,2,1,Issued,705 W Idlewild Ave (ACA),Residential Demolition Permit,705 W Idlewild Ave,Old Seminole Heights,https://aca-prod.accela.com/TAMPA/Cap/CapDetail.aspx?Module=Building&TabName=Building&capID1=26CAP&capID2=00000&capID3=008B0&agencyCode=TAMPA
rec-c275d64ddf56f0bf,CONSTRUCTION_INSPECTIONS|NATIVE|BLD-26-0522677,src-e2f8436a281a8428,tpa-5874017ed8f373,construction_inspections,BLD-26-0522677,2026-02-16,2026-02,permit_record_created,CREATEDDATE,source_record_metadata,0,0,2026-08-23,2026-08,2026-09-01,2026-09,2026-09-01,2026-09,2,1,Revision,PP: Change of Use/Occupancy: BLD A Unit 105: V-Tampa Restaurant,Commercial Building Alterations (Renovations),202 N Rome Ave,North Hyde Park,https://aca-prod.accela.com/TAMPA/Cap/CapDetail.aspx?Module=Building&TabName=Building&capID1=26CAP&capID2=00000&capID3=009NE&agencyCode=TAMPA
rec-c31f9d1e9e6efd7e,CONSTRUCTION_INSPECTIONS|NATIVE|BLD-26-0522627,src-7ba77f98700d3acd,tpa-33a93f3d1d359a,construction_inspections,BLD-26-0522627,2026-02-13,2026-02,permit_record_created,CREATEDDATE,source_record_metadata,0,0,2026-08-23,2026-08,2026-09-01,2026-09,2026-09-01,2026-09,2,1,Issued,Addition,Residential New Construction and Additions (1 and 2 Family),3614 W Lykes Ave,Golfview,https://aca-prod.accela.com/TAMPA/Cap/CapDetail.aspx?Module=Building&TabName=Building&capID1=26CAP&capID2=00000&capID3=009B1&agencyCode=TAMPA
rec-c56f013fb658e026,CONSTRUCTION_INSPECTIONS|NATIVE|BLD-26-0522734,src-da3a5ba692c45bc2,tpa-4f2649f98ec799,construction_inspections,BLD-26-0522734,2026-02-17,2026-02,permit_record_created,CREATEDDATE,source_record_metadata,0,0,2026-08-23,2026-08,2026-09-01,2026-09,2026-09-01,2026-09,2,1,Issued,FEMA:PP:NEW SFR-2 Story,Residential New Construction and Additions (1 and 2 Family),2811 W Pearl Ave,Ballast Point,https://aca-prod.accela.com/TAMPA/Cap/CapDetail.aspx?Module=Building&TabName=Building&capID1=26CAP&capID2=00000&capID3=009ZK&agencyCode=TAMPA
rec-c89104e58e279c08,CONSTRUCTION_INSPECTIONS|NATIVE|BLD-26-0522906,src-5c345c79e5be415f,tpa-d06f00ff62362f,construction_inspections,BLD-26-0522906,2026-02-24,2026-02,permit_record_created,CREATEDDATE,source_record_metadata,0,0,2026-08-23,2026-08,2026-09-01,2026-09,2026-09-01,2026-09,2,1,Issued,FEMA: PP: New 2-Story SFR,Residential New Construction and Additions (1 and 2 Family),638 Riviera Dr,Davis Islands,https://aca-prod.accela.com/TAMPA/Cap/CapDetail.aspx?Module=Building&TabName=Building&capID1=26CAP&capID2=00000&capID3=00BGN&agencyCode=TAMPA
rec-c9327a8222a501cd,CONSTRUCTION_INSPECTIONS|NATIVE|BDE-26-0445347,src-87bf8ac4ade00dce,tpa-6db438b1ffd53e,construction_inspections,BDE-26-0445347,2026-02-11,2026-02,permit_record_created,CREATEDDATE,source_record_metadata,0,0,2026-08-23,2026-08,2026-09-01,2026-09,2026-09-01,2026-09,2,1,Issued,DEMO OF SFR,Residential Demolition Permit,3108 S Omar Ave,Sunset Park,https://aca-prod.accela.com/TAMPA/Cap/CapDetail.aspx?Module=Building&TabName=Building&capID1=26CAP&capID2=00000&capID3=008N1&agencyCode=TAMPA
rec-c97e6024dd4e2146,CONSTRUCTION_INSPECTIONS|NATIVE|BLD-26-0522407,src-26e029c46f239d56,tpa-35547515486407,construction_inspections,BLD-26-0522407,2026-02-05,2026-02,permit_record_created,CREATEDDATE,source_record_metadata,0,0,2026-08-23,2026-08,2026-09-01,2026-09,2026-09-01,2026-09,2,1,Issued,FEMA: NEW SFR 2 Story,Residential New Construction and Additions (1 and 2 Family),4002 W Knights Ave,FairOaks Manhattan,https://aca-prod.accela.com/TAMPA/Cap/CapDetail.aspx?Module=Building&TabName=Building&capID1=26CAP&capID2=00000&capID3=007OY&agencyCode=TAMPA
rec-ca27b27c693fbb5e,CONSTRUCTION_INSPECTIONS|NATIVE|BDE-26-0445321,src-38b971b9f24995c8,tpa-ce53040f8b92b9,construction_inspections,BDE-26-0445321,2026-02-03,2026-02,permit_record_created,CREATEDDATE,source_record_metadata,0,0,2026-08-23,2026-08,2026-09-01,2026-09,2026-09-01,2026-09,2,1,Issued,Demo SFR,Residential Demolition Permit,706 E Humphrey St,Sulphur Springs,https://aca-prod.accela.com/TAMPA/Cap/CapDetail.aspx?Module=Building&TabName=Building&capID1=26CAP&capID2=00000&capID3=006SX&agencyCode=TAMPA
rec-cae4c0d7842244ac,CONSTRUCTION_INSPECTIONS|NATIVE|BLD-26-0522767,src-bc8030b15061d21f,tpa-2a0ee014f79945,construction_inspections,BLD-26-0522767,2026-02-18,2026-02,permit_record_created,CREATEDDATE,source_record_metadata,0,0,2026-08-23,2026-08,2026-09-01,2026-09,2026-09-01,2026-09,2,1,Issued,FEMA: PP: New 3-Story SFR,Residential New Construction and Additions (1 and 2 Family),5828 Mariner St,Beach Park,https://aca-prod.accela.com/TAMPA/Cap/CapDetail.aspx?Module=Building&TabName=Building&capID1=26CAP&capID2=00000&capID3=00AB4&agencyCode=TAMPA
rec-cb68090b574222b6,CONSTRUCTION_INSPECTIONS|NATIVE|BLD-26-0522670,src-0bf8dee07e37b9cd,tpa-e66cf33c70af0c,construction_inspections,BLD-26-0522670,2026-02-16,2026-02,permit_record_created,CREATEDDATE,source_record_metadata,0,0,2026-08-23,2026-08,2026-09-01,2026-09,2026-09-01,2026-09,2,1,Revision,Converting Lanai to Office and Restroom,Residential New Construction and Additions (1 and 2 Family),813 Alicia Ave,Riverbend,https://aca-prod.accela.com/TAMPA/Cap/CapDetail.aspx?Module=Building&TabName=Building&capID1=26CAP&capID2=00000&capID3=009KO&agencyCode=TAMPA
rec-cbf05a307c9c1e69,CONSTRUCTION_INSPECTIONS|NATIVE|BLD-26-0522861,src-80590add8401d2aa,tpa-49869351fbf811,construction_inspections,BLD-26-0522861,2026-02-22,2026-02,permit_record_created,CREATEDDATE,source_record_metadata,0,0,2026-08-23,2026-08,2026-09-01,2026-09,2026-09-01,2026-09,2,1,Issued,Fema: New 3-Story SFR,Residential New Construction and Additions (1 and 2 Family),5010 W Longfellow Ave,Sunset Park,https://aca-prod.accela.com/TAMPA/Cap/CapDetail.aspx?Module=Building&TabName=Building&capID1=26CAP&capID2=00000&capID3=00AZ9&agencyCode=TAMPA
rec-cd012a223e64b099,CONSTRUCTION_INSPECTIONS|NATIVE|BLD-26-0522536,src-023800f7c3b7b980,tpa-15c61cbc9efd5d,construction_inspections,BLD-26-0522536,2026-02-10,2026-02,permit_record_created,CREATEDDATE,source_record_metadata,0,0,2026-08-23,2026-08,2026-09-01,2026-09,2026-09-01,2026-09,2,1,Issued,Bathroom Remodel and Driveway,Residential Building Alterations (Renovations),3918 Treasure Cir,Gandy / Sun Bay South,https://aca-prod.accela.com/TAMPA/Cap/CapDetail.aspx?Module=Building&TabName=Building&capID1=26CAP&capID2=00000&capID3=008IA&agencyCode=TAMPA
rec-ce4ffb8aa7ed7a6f,CONSTRUCTION_INSPECTIONS|NATIVE|BLD-26-0522853,src-144d57f24a408b00,tpa-bbe4a16043acb4,construction_inspections,BLD-26-0522853,2026-02-20,2026-02,permit_record_created,CREATEDDATE,source_record_metadata,0,0,2026-08-23,2026-08,2026-09-01,2026-09,2026-09-01,2026-09,2,1,Issued,FEMA New 2-Story SFR,Residential New Construction and Additions (1 and 2 Family),3609 S Omar Ave,Bel Mar Shores,https://aca-prod.accela.com/TAMPA/Cap/CapDetail.aspx?Module=Building&TabName=Building&capID1=26CAP&capID2=00000&capID3=00AXF&agencyCode=TAMPA
rec-d0f07e13959304cc,CONSTRUCTION_INSPECTIONS|NATIVE|BLD-26-0522564,src-153c1dfdee98584d,tpa-d17365c1d520df,construction_inspections,BLD-26-0522564,2026-02-11,2026-02,permit_record_created,CREATEDDATE,source_record_metadata,0,0,2026-08-23,2026-08,2026-09-01,2026-09,2026-09-01,2026-09,2,1,Issued,PP: Fema: New 2 Story,Residential New Construction and Additions (1 and 2 Family),210 S Treasure Dr,Beach Park,https://aca-prod.accela.com/TAMPA/Cap/CapDetail.aspx?Module=Building&TabName=Building&capID1=26CAP&capID2=00000&capID3=008PU&agencyCode=TAMPA
rec-d1cecfeb13fb2ac7,CONSTRUCTION_INSPECTIONS|NATIVE|BDE-26-0445325,src-7ff329859f3d49fc,tpa-a89d1aacd75ce4,construction_inspections,BDE-26-0445325,2026-02-03,2026-02,permit_record_created,CREATEDDATE,source_record_metadata,0,0,2026-08-23,2026-08,2026-09-01,2026-09,2026-09-01,2026-09,2,1,Issued,Fema: Demo SFR,Residential Demolition Permit,4706 W Euclid Ave,Belmar Gardens,https://aca-prod.accela.com/TAMPA/Cap/CapDetail.aspx?Module=Building&TabName=Building&capID1=26CAP&capID2=00000&capID3=00735&agencyCode=TAMPA
rec-d28cb9368286e88f,CONSTRUCTION_INSPECTIONS|NATIVE|BLD-26-0522650,src-1ed383044cf67045,tpa-9b7dc01500efb5,construction_inspections,BLD-26-0522650,2026-02-13,2026-02,permit_record_created,CREATEDDATE,source_record_metadata,0,0,2026-08-23,2026-08,2026-09-01,2026-09,2026-09-01,2026-09,2,1,Issued,FEMA: PP: - Interior Alteration - Suite 700 & 745 - Morgan Stanley,Commercial Building Alterations (Renovations),4890 W Kennedy Blvd,Beach Park,https://aca-prod.accela.com/TAMPA/Cap/CapDetail.aspx?Module=Building&TabName=Building&capID1=26CAP&capID2=00000&capID3=009FA&agencyCode=TAMPA
rec-d3f75744119524c3,CONSTRUCTION_INSPECTIONS|NATIVE|BLD-26-0522822,src-dc0f17f6bd4c4356,tpa-5200b32795a081,construction_inspections,BLD-26-0522822,2026-02-19,2026-02,permit_record_created,CREATEDDATE,source_record_metadata,0,0,2026-08-23,2026-08,2026-09-01,2026-09,2026-09-01,2026-09,2,1,Issued,PP: New 2 Story,Residential New Construction and Additions (1 and 2 Family),1946 W Spruce St,Old West Tampa,https://aca-prod.accela.com/TAMPA/Cap/CapDetail.aspx?Module=Building&TabName=Building&capID1=26CAP&capID2=00000&capID3=00APA&agencyCode=TAMPA
rec-dca85f5f3b4f2669,CONSTRUCTION_INSPECTIONS|NATIVE|BLD-26-0522986,src-2a7712c407665f3b,tpa-1fb0e222223379,construction_inspections,BLD-26-0522986,2026-02-26,2026-02,permit_record_created,CREATEDDATE,source_record_metadata,0,0,2026-08-23,2026-08,2026-09-01,2026-09,2026-09-01,2026-09,2,1,Issued,FEMA - New 3-Story SFR,Residential New Construction and Additions (1 and 2 Family),2927 W Alline Ave,Bayshore Beautiful,https://aca-prod.accela.com/TAMPA/Cap/CapDetail.aspx?Module=Building&TabName=Building&capID1=26CAP&capID2=00000&capID3=00C60&agencyCode=TAMPA
rec-decca229065f741f,CONSTRUCTION_INSPECTIONS|NATIVE|BLD-26-0522873,src-5f7ee2c711004520,tpa-1be5dd248ac123,construction_inspections,BLD-26-0522873,2026-02-23,2026-02,permit_record_created,CREATEDDATE,source_record_metadata,0,0,2026-08-23,2026-08,2026-09-01,2026-09,2026-09-01,2026-09,2,1,Issued,PP: Fema: New 2 Story,Residential New Construction and Additions (1 and 2 Family),450 W Davis Blvd,Davis Islands,https://aca-prod.accela.com/TAMPA/Cap/CapDetail.aspx?Module=Building&TabName=Building&capID1=26CAP&capID2=00000&capID3=00B66&agencyCode=TAMPA
rec-def4822d4c28728a,CONSTRUCTION_INSPECTIONS|NATIVE|BLD-26-0522463,src-1cff3b6e0c2a2cf7,tpa-8c395af53bd263,construction_inspections,BLD-26-0522463,2026-02-06,2026-02,permit_record_created,CREATEDDATE,source_record_metadata,0,0,2026-08-23,2026-08,2026-09-01,2026-09,2026-09-01,2026-09,2,1,Issued,FEMA: Alterations/Convert Lanai to Family Room,Residential New Construction and Additions (1 and 2 Family),4516 S Cooper Pl,Bayside West,https://aca-prod.accela.com/TAMPA/Cap/CapDetail.aspx?Module=Building&TabName=Building&capID1=26CAP&capID2=00000&capID3=007X5&agencyCode=TAMPA
rec-df9ab6ee700ab571,CONSTRUCTION_INSPECTIONS|NATIVE|BLD-26-0522490,src-879f8b4a8518eb19,tpa-0761363b501642,construction_inspections,BLD-26-0522490,2026-02-09,2026-02,permit_record_created,CREATEDDATE,source_record_metadata,0,0,2026-08-23,2026-08,2026-09-01,2026-09,2026-09-01,2026-09,2,1,Issued,PP: New 2 Story SFR,Residential New Construction and Additions (1 and 2 Family),3306 W North A St,Oakford Park,https://aca-prod.accela.com/TAMPA/Cap/CapDetail.aspx?Module=Building&TabName=Building&capID1=26CAP&capID2=00000&capID3=0088B&agencyCode=TAMPA
rec-e05da47522d269f0,CONSTRUCTION_INSPECTIONS|NATIVE|BLD-26-0522926,src-cc407be106d038f1,tpa-7468954a8296b7,construction_inspections,BLD-26-0522926,2026-02-24,2026-02,permit_record_created,CREATEDDATE,source_record_metadata,0,0,2026-08-23,2026-08,2026-09-01,2026-09,2026-09-01,2026-09,2,1,Revision,Owner: Interior remodel,Residential Building Alterations (Renovations),1706 Marvy Ave,University Square,https://aca-prod.accela.com/TAMPA/Cap/CapDetail.aspx?Module=Building&TabName=Building&capID1=26CAP&capID2=00000&capID3=00BMA&agencyCode=TAMPA
rec-e091dce5d18f50cd,CONSTRUCTION_INSPECTIONS|NATIVE|BLD-26-0522870,src-6fb10d94796654dd,tpa-c1448e35513fa6,construction_inspections,BLD-26-0522870,2026-02-23,2026-02,permit_record_created,CREATEDDATE,source_record_metadata,0,0,2026-08-23,2026-08,2026-09-01,2026-09,2026-09-01,2026-09,2,1,Issued,FEMA: PP: NEW SFR-2 Story,Residential New Construction and Additions (1 and 2 Family),3309 Sevilla Cir E,Belmar Gardens,https://aca-prod.accela.com/TAMPA/Cap/CapDetail.aspx?Module=Building&TabName=Building&capID1=26CAP&capID2=00000&capID3=00B4R&agencyCode=TAMPA
rec-e3573452f339faf2,CONSTRUCTION_INSPECTIONS|NATIVE|BLD-26-0522951,src-6b81e2a9996aeb39,tpa-2b4a16aeec51d1,construction_inspections,BLD-26-0522951,2026-02-25,2026-02,permit_record_created,CREATEDDATE,source_record_metadata,0,0,2026-08-23,2026-08,2026-09-01,2026-09,2026-09-01,2026-09,2,1,Issued,FEMA: PP: New 4-Story R-2 Building,Commercial New Construction and Additions,119 Danube Ave,Davis Islands,https://aca-prod.accela.com/TAMPA/Cap/CapDetail.aspx?Module=Building&TabName=Building&capID1=26CAP&capID2=00000&capID3=00BVT&agencyCode=TAMPA
rec-e7096d58ca4714b6,CONSTRUCTION_INSPECTIONS|NATIVE|BLD-26-0522867,,,construction_inspections,BLD-26-0522867,2026-02-23,2026-02,permit_record_created,CREATEDDATE,source_record_metadata,0,0,2026-09-01,2026-09,2026-09-01,2026-09,2026-09-01,2026-09,1,1,Issued,Interior Remodel: 2nd Floor,Commercial Building Alterations (Renovations),18205 Crane Nest Dr,Richmond Place,https://aca-prod.accela.com/TAMPA/Cap/CapDetail.aspx?Module=Building&TabName=Building&capID1=26CAP&capID2=00000&capID3=00B3Z&agencyCode=TAMPA
rec-e7909a06277fb8c5,CONSTRUCTION_INSPECTIONS|NATIVE|BLD-26-0522331,src-fd9764c5bf7c3b29,tpa-4223c0a7145e64,construction_inspections,BLD-26-0522331,2026-02-03,2026-02,permit_record_created,CREATEDDATE,source_record_metadata,0,0,2026-08-23,2026-08,2026-09-01,2026-09,2026-09-01,2026-09,2,1,Revision,FEMA: PP: 2 Story New SFR,Residential New Construction and Additions (1 and 2 Family),424 W Davis Blvd,Davis Islands,https://aca-prod.accela.com/TAMPA/Cap/CapDetail.aspx?Module=Building&TabName=Building&capID1=26CAP&capID2=00000&capID3=006ZJ&agencyCode=TAMPA
rec-e9723af53d4c09fa,CONSTRUCTION_INSPECTIONS|NATIVE|BLD-26-0522696,src-450e406ff88ba3a6,tpa-8323d4dff59e40,construction_inspections,BLD-26-0522696,2026-02-16,2026-02,permit_record_created,CREATEDDATE,source_record_metadata,0,0,2026-08-23,2026-08,2026-09-01,2026-09,2026-09-01,2026-09,2,1,Issued,PP: New 1 Story,Residential New Construction and Additions (1 and 2 Family),2913 N 20th St,North Ybor,https://aca-prod.accela.com/TAMPA/Cap/CapDetail.aspx?Module=Building&TabName=Building&capID1=26CAP&capID2=00000&capID3=009QC&agencyCode=TAMPA
rec-ea5d50e1779bd68f,CONSTRUCTION_INSPECTIONS|NATIVE|BLD-26-0522963,src-fa25d2452880e64a,tpa-a35a4a75fd4820,construction_inspections,BLD-26-0522963,2026-02-25,2026-02,permit_record_created,CREATEDDATE,source_record_metadata,0,0,2026-08-23,2026-08,2026-09-01,2026-09,2026-09-01,2026-09,2,1,Issued,SEC: PP: Threshold: Phase 4:Parking Garage: Rome Yard,Commercial New Construction and Additions,2609 N Rome Ave,West River,https://aca-prod.accela.com/TAMPA/Cap/CapDetail.aspx?Module=Building&TabName=Building&capID1=26CAP&capID2=00000&capID3=00BXP&agencyCode=TAMPA
rec-ec07ba2ef741b2de,CONSTRUCTION_INSPECTIONS|NATIVE|BLD-26-0522805,src-e0f912a60c66d1aa,tpa-47caab8a1599c7,construction_inspections,BLD-26-0522805,2026-02-19,2026-02,permit_record_created,CREATEDDATE,source_record_metadata,0,0,2026-08-23,2026-08,2026-09-01,2026-09,2026-09-01,2026-09,2,1,Issued,New 2-Story SFR,Residential New Construction and Additions (1 and 2 Family),3303 W Marlin Ave,Interbay - South of Gandy,https://aca-prod.accela.com/TAMPA/Cap/CapDetail.aspx?Module=Building&TabName=Building&capID1=26CAP&capID2=00000&capID3=00ALG&agencyCode=TAMPA
rec-edd21799c602d4bc,CONSTRUCTION_INSPECTIONS|NATIVE|BLD-26-0522940,src-f3623ac49dbe8a4e,tpa-dba5a1180e73b0,construction_inspections,BLD-26-0522940,2026-02-25,2026-02,permit_record_created,CREATEDDATE,source_record_metadata,0,0,2026-08-23,2026-08,2026-08-23,2026-08,2026-08-23,2026-08,1,0,Issued,SEC:PP: Int. Remodel: Designers Closet: Space 104,Commercial Building Alterations (Renovations),2223 N West Shore Blvd,Westshore,https://aca-prod.accela.com/TAMPA/Cap/CapDetail.aspx?Module=Building&TabName=Building&capID1=26CAP&capID2=00000&capID3=00BTG&agencyCode=TAMPA
rec-edfba2d94802823f,CONSTRUCTION_INSPECTIONS|NATIVE|BLD-26-0522820,src-de8e82e183474cbb,tpa-0e1f94acc4af98,construction_inspections,BLD-26-0522820,2026-02-19,2026-02,permit_record_created,CREATEDDATE,source_record_metadata,0,0,2026-08-23,2026-08,2026-09-01,2026-09,2026-09-01,2026-09,2,1,Issued,PP: New 2-story SFR,Residential New Construction and Additions (1 and 2 Family),1942 W Spruce St,Old West Tampa,https://aca-prod.accela.com/TAMPA/Cap/CapDetail.aspx?Module=Building&TabName=Building&capID1=26CAP&capID2=00000&capID3=00AP6&agencyCode=TAMPA
rec-ee4d534f9e114512,CONSTRUCTION_INSPECTIONS|NATIVE|BLD-26-0522950,src-da8ebd916016458f,tpa-51c019c31dc33a,construction_inspections,BLD-26-0522950,2026-02-25,2026-02,permit_record_created,CREATEDDATE,source_record_metadata,0,0,2026-08-23,2026-08,2026-09-01,2026-09,2026-09-01,2026-09,2,1,Issued,FEMA: PP: New 2-Story SFR,Residential New Construction and Additions (1 and 2 Family),2111 W Ivy St,Bowman Heights,https://aca-prod.accela.com/TAMPA/Cap/CapDetail.aspx?Module=Building&TabName=Building&capID1=26CAP&capID2=00000&capID3=00BV6&agencyCode=TAMPA
rec-ee939b5ff3095c5c,CONSTRUCTION_INSPECTIONS|NATIVE|BLD-26-0522927,src-897625b89fb73f8f,tpa-dae5e6ec984f41,construction_inspections,BLD-26-0522927,2026-02-25,2026-02,permit_record_created,CREATEDDATE,source_record_metadata,0,0,2026-08-23,2026-08,2026-09-01,2026-09,2026-09-01,2026-09,2,1,Issued,PP: Bath Remodel,Commercial Building Alterations (Renovations),4810 S Dauphin Ave,Bayshore Beautiful,https://aca-prod.accela.com/TAMPA/Cap/CapDetail.aspx?Module=Building&TabName=Building&capID1=26CAP&capID2=00000&capID3=00BNY&agencyCode=TAMPA
rec-f05b9eb6fcb420a6,CONSTRUCTION_INSPECTIONS|NATIVE|BLD-26-0522929,src-700a4423e52fcc98,tpa-449884b54b0d1b,construction_inspections,BLD-26-0522929,2026-02-25,2026-02,permit_record_created,CREATEDDATE,source_record_metadata,0,0,2026-08-23,2026-08,2026-09-01,2026-09,2026-09-01,2026-09,2,1,Issued,FEMA - New 3-Story SFR,Residential New Construction and Additions (1 and 2 Family),620 E Davis Blvd,Davis Islands,https://aca-prod.accela.com/TAMPA/Cap/CapDetail.aspx?Module=Building&TabName=Building&capID1=26CAP&capID2=00000&capID3=00BOR&agencyCode=TAMPA
rec-f08f78a3bb05d8b5,CONSTRUCTION_INSPECTIONS|NATIVE|BLD-26-0522578,src-53a2f4b5d96b53d3,tpa-6f28800e7c31f9,construction_inspections,BLD-26-0522578,2026-02-11,2026-02,permit_record_created,CREATEDDATE,source_record_metadata,0,0,2026-08-23,2026-08,2026-09-01,2026-09,2026-09-01,2026-09,2,1,Issued,New 2-Story SFR,Residential New Construction and Additions (1 and 2 Family),306 N Excelda Ave,Armory Gardens,https://aca-prod.accela.com/TAMPA/Cap/CapDetail.aspx?Module=Building&TabName=Building&capID1=26CAP&capID2=00000&capID3=008V6&agencyCode=TAMPA
rec-f0e4077d283aaad9,CONSTRUCTION_INSPECTIONS|NATIVE|BLD-26-0522959,src-79a515be97573e09,tpa-0450dd20cf6850,construction_inspections,BLD-26-0522959,2026-02-25,2026-02,permit_record_created,CREATEDDATE,source_record_metadata,0,0,2026-08-23,2026-08,2026-09-01,2026-09,2026-09-01,2026-09,2,1,Issued,FEMA - Interior Alteration,Commercial Building Alterations (Renovations),4201 Bayshore Blvd,Bayshore Beautiful,https://aca-prod.accela.com/TAMPA/Cap/CapDetail.aspx?Module=Building&TabName=Building&capID1=26CAP&capID2=00000&capID3=00BWV&agencyCode=TAMPA
rec-f0f3e079eb2af9de,CONSTRUCTION_INSPECTIONS|NATIVE|BLD-26-0522946,src-2f4d581ecc96e864,tpa-4c877d1b40de87,construction_inspections,BLD-26-0522946,2026-02-25,2026-02,permit_record_created,CREATEDDATE,source_record_metadata,0,0,2026-08-23,2026-08,2026-09-01,2026-09,2026-09-01,2026-09,2,1,Issued,PP: Addition- Lanai/ Kitchen Remodel,Residential New Construction and Additions (1 and 2 Family),3238 W Lawn Ave,Bayshore Beautiful,https://aca-prod.accela.com/TAMPA/Cap/CapDetail.aspx?Module=Building&TabName=Building&capID1=26CAP&capID2=00000&capID3=00BUE&agencyCode=TAMPA
rec-f111eb7101624b13,CONSTRUCTION_INSPECTIONS|NATIVE|BDE-26-0445355,src-b23d998ec7d11c06,tpa-fceee2e49eff05,construction_inspections,BDE-26-0445355,2026-02-16,2026-02,permit_record_created,CREATEDDATE,source_record_metadata,0,0,2026-08-23,2026-08,2026-09-01,2026-09,2026-09-01,2026-09,2,1,Issued,DEMO SFR,Residential Demolition Permit,1905 W Kathleen St,Bowman Heights,https://aca-prod.accela.com/TAMPA/Cap/CapDetail.aspx?Module=Building&TabName=Building&capID1=26CAP&capID2=00000&capID3=009OX&agencyCode=TAMPA
rec-f60f381cefb4ada0,CONSTRUCTION_INSPECTIONS|NATIVE|BLD-26-0522970,src-25b724b4b6ddef95,tpa-8e37b8fb17cee8,construction_inspections,BLD-26-0522970,2026-02-26,2026-02,permit_record_created,CREATEDDATE,source_record_metadata,0,0,2026-08-23,2026-08,2026-09-01,2026-09,2026-09-01,2026-09,2,1,Issued,Private Provider -ATF Violation -CMP-25-0012581,Residential New Construction and Additions (1 and 2 Family),3721 N Boulevard,Tampa Heights,https://aca-prod.accela.com/TAMPA/Cap/CapDetail.aspx?Module=Building&TabName=Building&capID1=26CAP&capID2=00000&capID3=00C05&agencyCode=TAMPA
rec-f7387c8a2c95b505,CONSTRUCTION_INSPECTIONS|NATIVE|BLD-26-0522821,src-9f3bb388b9f5515a,tpa-ec61187e51f3b0,construction_inspections,BLD-26-0522821,2026-02-19,2026-02,permit_record_created,CREATEDDATE,source_record_metadata,0,0,2026-08-23,2026-08,2026-09-01,2026-09,2026-09-01,2026-09,2,1,Issued,PP: New 2 Story,Residential New Construction and Additions (1 and 2 Family),1944 W Spruce St,Old West Tampa,https://aca-prod.accela.com/TAMPA/Cap/CapDetail.aspx?Module=Building&TabName=Building&capID1=26CAP&capID2=00000&capID3=00AP8&agencyCode=TAMPA
rec-f95a6aef5a6677ea,CONSTRUCTION_INSPECTIONS|NATIVE|BLD-26-0522346|GLOBALID|{94BAFD78-5E8B-46A3-B7DA-E87CD3700513},,,construction_inspections,BLD-26-0522346,2026-02-04,2026-02,permit_record_created,CREATEDDATE,source_record_metadata,0,0,2026-09-01,2026-09,2026-09-01,2026-09,2026-09-01,2026-09,1,1,Revision,FEMA - Interior Alteration - Inlumia Imaging,Commercial Building Alterations (Renovations),5041 W Cypress St,Westshore,https://aca-prod.accela.com/TAMPA/Cap/CapDetail.aspx?Module=Building&TabName=Building&capID1=26CAP&capID2=00000&capID3=0074E&agencyCode=TAMPA
rec-f964802f532f29d2,CONSTRUCTION_INSPECTIONS|NATIVE|BLD-26-0523059,src-cd71371079588ef6,tpa-fe08173c20acbb,construction_inspections,BLD-26-0523059,2026-02-27,2026-02,permit_record_created,CREATEDDATE,source_record_metadata,0,0,2026-08-23,2026-08,2026-09-01,2026-09,2026-09-01,2026-09,2,1,Issued,PP: Addition- New construction of ADU / Outdoor Kitchen,Residential New Construction and Additions (1 and 2 Family),214 S Hale Ave,Swann Estates,https://aca-prod.accela.com/TAMPA/Cap/CapDetail.aspx?Module=Building&TabName=Building&capID1=26CAP&capID2=00000&capID3=00CGZ&agencyCode=TAMPA
rec-fadae21b986a0dad,CONSTRUCTION_INSPECTIONS|NATIVE|BLD-26-0522807,src-6be1b1f6c061b779,tpa-623087de4f900c,construction_inspections,BLD-26-0522807,2026-02-19,2026-02,permit_record_created,CREATEDDATE,source_record_metadata,0,0,2026-08-23,2026-08,2026-09-01,2026-09,2026-09-01,2026-09,2,1,Issued,PRIVATE PROVIDER – PLAN REVIEW AND INSPECTIONS* Addition of new lanai,Residential New Construction and Additions (1 and 2 Family),3213 W Cherokee Ave,Interbay - South of Gandy,https://aca-prod.accela.com/TAMPA/Cap/CapDetail.aspx?Module=Building&TabName=Building&capID1=26CAP&capID2=00000&capID3=00ALM&agencyCode=TAMPA
rec-ff692e045aa23a97,CONSTRUCTION_INSPECTIONS|NATIVE|BLD-26-0522387,src-0b535ac2cf83ea50,tpa-459e76a973db5e,construction_inspections,BLD-26-0522387,2026-02-05,2026-02,permit_record_created,CREATEDDATE,source_record_metadata,0,0,2026-08-23,2026-08,2026-09-01,2026-09,2026-09-01,2026-09,2,1,Issued,New 2 Story SFR,Residential New Construction and Additions (1 and 2 Family),3821 W Gray St,North Bon Air,https://aca-prod.accela.com/TAMPA/Cap/CapDetail.aspx?Module=Building&TabName=Building&capID1=26CAP&capID2=00000&capID3=007IE&agencyCode=TAMPA
rec-28d055b972f935be,DEVELOPMENT_COORDINATION|NATIVE|VAC-26-0000008,src-c4a45d88c0e3a9b6,tpa-fb6bf6ad0b4a5e,development_coordination,VAC-26-0000008,2026-02-03,2026-02,planning_application_created,CREATEDDATE,source_reported_event,0,0,2026-08-23,2026-08,2026-09-01,2026-09,2026-09-01,2026-09,2,1,In Process,ROW Vacating,ROW Vacating,5020 N 47th St,The Legacy of Fair Oaks,https://aca-prod.accela.com/TAMPA/Cap/CapDetail.aspx?Module=Planning&TabName=Planning&capID1=26CAP&capID2=00000&capID3=006YJ&agencyCode=TAMPA
rec-37456ea2e3f067b5,DEVELOPMENT_COORDINATION|NATIVE|REZ-26-0000048,src-ebc913ae5be7a228,tpa-82c5c82c69ed38,development_coordination,REZ-26-0000048,2026-02-17,2026-02,planning_application_created,CREATEDDATE,source_reported_event,0,0,2026-08-23,2026-08,2026-09-01,2026-09,2026-09-01,2026-09,2,1,In Process,Rezoning,Rezoning,11607 N Florida Ave,East Forest Hills,https://aca-prod.accela.com/TAMPA/Cap/CapDetail.aspx?Module=Planning&TabName=Planning&capID1=26CAP&capID2=00000&capID3=009RH&agencyCode=TAMPA
rec-3a9cd9e4a0e81008,DEVELOPMENT_COORDINATION|NATIVE|REZ-26-0000044,src-84bde36d5a57bf64,tpa-f9aed8adf6aae0,development_coordination,REZ-26-0000044,2026-02-11,2026-02,planning_application_created,CREATEDDATE,source_reported_event,0,0,2026-08-23,2026-08,2026-09-01,2026-09,2026-09-01,2026-09,2,1,In Process,Rezoning,Rezoning,6734 S West Shore Blvd,"Port Tampa City, Inc. Civic Association",https://aca-prod.accela.com/TAMPA/Cap/CapDetail.aspx?Module=Planning&TabName=Planning&capID1=26CAP&capID2=00000&capID3=008VV&agencyCode=TAMPA
rec-44f9560793002e3e,DEVELOPMENT_COORDINATION|NATIVE|REZ-26-0000047,src-61ac7307c040add3,tpa-ca7e157cb49d24,development_coordination,REZ-26-0000047,2026-02-16,2026-02,planning_application_created,CREATEDDATE,source_reported_event,0,0,2026-08-23,2026-08,2026-09-01,2026-09,2026-09-01,2026-09,2,1,In Process,Rezoning,Rezoning,1701 N Florida Ave,Tampa Heights,https://aca-prod.accela.com/TAMPA/Cap/CapDetail.aspx?Module=Planning&TabName=Planning&capID1=26CAP&capID2=00000&capID3=009QD&agencyCode=TAMPA
rec-48410ae2fad72cae,DEVELOPMENT_COORDINATION|NATIVE|REZ-26-0000049,src-11897a2715c0e83e,tpa-5db3a11451c6c5,development_coordination,REZ-26-0000049,2026-02-17,2026-02,planning_application_created,CREATEDDATE,source_reported_event,0,0,2026-08-23,2026-08,2026-09-01,2026-09,2026-09-01,2026-09,2,1,In Process,Rezoning,Rezoning,4014 W Dr Martin Luther King Jr Blvd,Drew Park,https://aca-prod.accela.com/TAMPA/Cap/CapDetail.aspx?Module=Planning&TabName=Planning&capID1=26CAP&capID2=00000&capID3=009ZA&agencyCode=TAMPA
rec-59b8a995b6ecf04a,DEVELOPMENT_COORDINATION|NATIVE|VRB-26-0000051,src-2a5b4137372ea53e,tpa-aef783bc5daf31,development_coordination,VRB-26-0000051,2026-02-10,2026-02,planning_application_created,CREATEDDATE,source_reported_event,0,0,2026-08-23,2026-08,2026-09-01,2026-09,2026-09-01,2026-09,2,1,In Process,Variance Review Board,Variance Review Board,3415 E Henry Ave,Live Oaks Square,https://aca-prod.accela.com/TAMPA/Cap/CapDetail.aspx?Module=Planning&TabName=Planning&capID1=26CAP&capID2=00000&capID3=008GR&agencyCode=TAMPA
rec-5c66249cedfa3b15,DEVELOPMENT_COORDINATION|NATIVE|VAC-26-0000009,src-255cd4b16fbd299e,tpa-eb51d85d1c794a,development_coordination,VAC-26-0000009,2026-02-09,2026-02,planning_application_created,CREATEDDATE,source_reported_event,0,0,2026-08-23,2026-08,2026-09-01,2026-09,2026-09-01,2026-09,2,1,In Process,ROW Vacating,ROW Vacating,2301 E 7th Ave,Historic East Ybor and Gary,https://aca-prod.accela.com/TAMPA/Cap/CapDetail.aspx?Module=Planning&TabName=Planning&capID1=26CAP&capID2=00000&capID3=0084S&agencyCode=TAMPA
rec-7350fc127a82226a,DEVELOPMENT_COORDINATION|NATIVE|VRB-26-0000050,src-fc330e7d4df71696,tpa-148c45d913d0e3,development_coordination,VRB-26-0000050,2026-02-03,2026-02,planning_application_created,CREATEDDATE,source_reported_event,0,0,2026-08-23,2026-08,2026-09-01,2026-09,2026-09-01,2026-09,2,1,In Process,Variance Review Board,Variance Review Board,3501 S Drexel Ave,Bayshore Beautiful,https://aca-prod.accela.com/TAMPA/Cap/CapDetail.aspx?Module=Planning&TabName=Planning&capID1=26CAP&capID2=00000&capID3=0073K&agencyCode=TAMPA
rec-b00184668e1dbd39,DEVELOPMENT_COORDINATION|NATIVE|VAC-26-0000007,src-672ebe30a3702e78,tpa-b1fafbb4ba1074,development_coordination,VAC-26-0000007,2026-02-02,2026-02,planning_application_created,CREATEDDATE,source_reported_event,0,0,2026-08-23,2026-08,2026-09-01,2026-09,2026-09-01,2026-09,2,1,In Process,ROW Vacating,ROW Vacating,3902 W Wyoming Ave,Gandy / Sun Bay South,https://aca-prod.accela.com/TAMPA/Cap/CapDetail.aspx?Module=Planning&TabName=Planning&capID1=26CAP&capID2=00000&capID3=006PX&agencyCode=TAMPA
rec-b78546bce21b8fb2,DEVELOPMENT_COORDINATION|NATIVE|REZ-26-0000051,src-4b322ef694fddcee,tpa-f92ffe9c02e60a,development_coordination,REZ-26-0000051,2026-02-26,2026-02,planning_application_created,CREATEDDATE,source_reported_event,0,0,2026-08-23,2026-08,2026-09-01,2026-09,2026-09-01,2026-09,2,1,In Process,Rezoning,Rezoning,9710 N Armenia Ave,Historic Forest Hills,https://aca-prod.accela.com/TAMPA/Cap/CapDetail.aspx?Module=Planning&TabName=Planning&capID1=26CAP&capID2=00000&capID3=00C58&agencyCode=TAMPA
rec-c6829bb216a8e4d7,DEVELOPMENT_COORDINATION|NATIVE|VRB-26-0000052,src-a4bcae1d5a73f68b,tpa-906e735a04cf0d,development_coordination,VRB-26-0000052,2026-02-10,2026-02,planning_application_created,CREATEDDATE,source_reported_event,0,0,2026-08-23,2026-08,2026-09-01,2026-09,2026-09-01,2026-09,2,1,In Process,Variance Review Board,Variance Review Board,5108 W Platt St,Beach Park,https://aca-prod.accela.com/TAMPA/Cap/CapDetail.aspx?Module=Planning&TabName=Planning&capID1=26CAP&capID2=00000&capID3=008HB&agencyCode=TAMPA
rec-d29b9f2181cf4135,DEVELOPMENT_COORDINATION|NATIVE|REZ-26-0000045,src-24da42c704948f4f,tpa-ca8e8b615c542a,development_coordination,REZ-26-0000045,2026-02-13,2026-02,planning_application_created,CREATEDDATE,source_reported_event,0,0,2026-08-23,2026-08,2026-09-01,2026-09,2026-09-01,2026-09,2,1,In Process,Rezoning,Rezoning,2408 Stuart St,Palmetto Beach,https://aca-prod.accela.com/TAMPA/Cap/CapDetail.aspx?Module=Planning&TabName=Planning&capID1=26CAP&capID2=00000&capID3=009EE&agencyCode=TAMPA
rec-d807c62678703258,DEVELOPMENT_COORDINATION|NATIVE|REZ-26-0000042,src-a3a40bf4a157a689,tpa-9b81073291a4df,development_coordination,REZ-26-0000042,2026-02-04,2026-02,planning_application_created,CREATEDDATE,source_reported_event,0,0,2026-08-23,2026-08,2026-09-01,2026-09,2026-09-01,2026-09,2,1,In Process,Rezoning,Rezoning,2701 E 2nd Ave,Historic East Ybor and Gary,https://aca-prod.accela.com/TAMPA/Cap/CapDetail.aspx?Module=Planning&TabName=Planning&capID1=26CAP&capID2=00000&capID3=007E0&agencyCode=TAMPA
rec-e03729ee342a18df,DEVELOPMENT_COORDINATION|NATIVE|REZ-26-0000043,src-bc8d3532a181e6c1,tpa-25f11fe9b02c06,development_coordination,REZ-26-0000043,2026-02-11,2026-02,planning_application_created,CREATEDDATE,source_reported_event,0,0,2026-08-23,2026-08,2026-09-01,2026-09,2026-09-01,2026-09,2,1,In Process,Rezoning,Rezoning,5024 N 30th St,East Tampa 1,https://aca-prod.accela.com/TAMPA/Cap/CapDetail.aspx?Module=Planning&TabName=Planning&capID1=26CAP&capID2=00000&capID3=008T2&agencyCode=TAMPA
rec-002891b8a1789494,SINGLE_FAMILY_PERMITS|NATIVE|BLD-26-0521557,src-4cebcbb9522867ac,tpa-18efac5029086e,single_family_permits,BLD-26-0521557,2026-02-09,2026-02,permit_issued,TASK_STATUS_DATE,source_reported_event,0,0,2026-08-23,2026-08,2026-08-23,2026-08,2026-08-23,2026-08,1,0,Issued | Issued,Residential New Construction and Additions (1 and 2 Family),Residential | New Construction and Additions | Building,2518 W Beach St,Macfarlane Park,https://arcgis.tampagov.net/arcgis/rest/services/OpenData/Planning/MapServer/32
rec-03c0e3efa2ac1134,SINGLE_FAMILY_PERMITS|NATIVE|BLD-25-0518969,src-2265e652d775bf5b,tpa-1f87f734e2583b,single_family_permits,BLD-25-0518969,2026-02-25,2026-02,permit_issued,TASK_STATUS_DATE,source_reported_event,0,0,2026-08-23,2026-08,2026-08-23,2026-08,2026-08-23,2026-08,1,0,Issued | Issued,Residential New Construction and Additions (1 and 2 Family),Residential | New Construction and Additions | Building,3621 S Beach Dr,Bel Mar Shores,https://arcgis.tampagov.net/arcgis/rest/services/OpenData/Planning/MapServer/32
rec-045f71ff55eb3d8b,SINGLE_FAMILY_PERMITS|NATIVE|BLD-26-0521694,src-aca928ed4a1f2c5d,tpa-49113affb100a2,single_family_permits,BLD-26-0521694,2026-02-23,2026-02,permit_issued,TASK_STATUS_DATE,source_reported_event,0,0,2026-08-23,2026-08,2026-08-23,2026-08,2026-08-23,2026-08,1,0,Issued | Issued,Residential New Construction and Additions (1 and 2 Family),Residential | New Construction and Additions | Building,469 Severn Ave,Davis Islands,https://arcgis.tampagov.net/arcgis/rest/services/OpenData/Planning/MapServer/32
rec-0aa6471233bdf83f,SINGLE_FAMILY_PERMITS|NATIVE|BLD-26-0519198,src-a9d0e69e983e0693,tpa-1b96b96c20c45e,single_family_permits,BLD-26-0519198,2026-02-12,2026-02,permit_issued,TASK_STATUS_DATE,source_reported_event,0,0,2026-08-23,2026-08,2026-08-23,2026-08,2026-08-23,2026-08,1,0,Revision | Issued,Residential New Construction and Additions (1 and 2 Family),Residential | New Construction and Additions | Building,4905 Rattlesnake Pointe Ct,"Port Tampa City, Inc. Civic Association",https://arcgis.tampagov.net/arcgis/rest/services/OpenData/Planning/MapServer/32
rec-0e406ca85d5ab61c,SINGLE_FAMILY_PERMITS|NATIVE|BLD-25-0518627,src-c8e97d10b0189741,tpa-0d141ecfee0746,single_family_permits,BLD-25-0518627,2026-02-24,2026-02,permit_issued,TASK_STATUS_DATE,source_reported_event,0,0,2026-08-23,2026-08,2026-08-23,2026-08,2026-08-23,2026-08,1,0,Issued | Issued,Residential New Construction and Additions (1 and 2 Family),Residential | New Construction and Additions | Building,1908 E Genesee St,Historic Belmont Heights,https://arcgis.tampagov.net/arcgis/rest/services/OpenData/Planning/MapServer/32
rec-0f288511e779b7db,SINGLE_FAMILY_PERMITS|NATIVE|BLD-26-0520166,src-3bc21e7683dcf95e,tpa-a962984d63f12c,single_family_permits,BLD-26-0520166,2026-02-27,2026-02,permit_issued,TASK_STATUS_DATE,source_reported_event,0,0,2026-08-23,2026-08,2026-08-23,2026-08,2026-08-23,2026-08,1,0,Issued | Issued,Residential New Construction and Additions (1 and 2 Family),Residential | New Construction and Additions | Building,1417 S Moody Ave,Bayshore Gardens,https://arcgis.tampagov.net/arcgis/rest/services/OpenData/Planning/MapServer/32
rec-10e34ecf97ef0245,SINGLE_FAMILY_PERMITS|NATIVE|BLD-26-0519551,src-1385b46ec5e0732c,tpa-95f2a9c0bacd8f,single_family_permits,BLD-26-0519551,2026-02-03,2026-02,permit_issued,TASK_STATUS_DATE,source_reported_event,0,0,2026-08-23,2026-08,2026-08-23,2026-08,2026-08-23,2026-08,1,0,Issued | Issued,Residential New Construction and Additions (1 and 2 Family),Residential | New Construction and Additions | Building,3203 W Wyoming Ave,Interbay - South of Gandy,https://arcgis.tampagov.net/arcgis/rest/services/OpenData/Planning/MapServer/32
rec-122ee378a4c30af1,SINGLE_FAMILY_PERMITS|NATIVE|BLD-26-0519890,src-00b3e65e7b922c5e,tpa-e4a68c12bc953e,single_family_permits,BLD-26-0519890,2026-02-18,2026-02,permit_issued,TASK_STATUS_DATE,source_reported_event,0,0,2026-08-23,2026-08,2026-08-23,2026-08,2026-08-23,2026-08,1,0,Issued | Issued,Residential New Construction and Additions (1 and 2 Family),Residential | New Construction and Additions | Building,8511 N Arden Ave,Sulphur Springs,https://arcgis.tampagov.net/arcgis/rest/services/OpenData/Planning/MapServer/32
rec-172d3f771d1c0828,SINGLE_FAMILY_PERMITS|NATIVE|BLD-26-0520050,src-ea968ff589b6107c,tpa-b741db146cd4a9,single_family_permits,BLD-26-0520050,2026-02-04,2026-02,permit_issued,TASK_STATUS_DATE,source_reported_event,0,0,2026-08-23,2026-08,2026-08-23,2026-08,2026-08-23,2026-08,1,0,Issued | Issued,Residential New Construction and Additions (1 and 2 Family),Residential | New Construction and Additions | Building,2625 Marconi St,Palmetto Beach,https://arcgis.tampagov.net/arcgis/rest/services/OpenData/Planning/MapServer/32
rec-1887d9153a9424e4,SINGLE_FAMILY_PERMITS|NATIVE|BLD-26-0520924,src-2494bfa701360eb9,tpa-bf49b6ef8a3e2b,single_family_permits,BLD-26-0520924,2026-02-24,2026-02,permit_issued,TASK_STATUS_DATE,source_reported_event,0,0,2026-08-23,2026-08,2026-08-23,2026-08,2026-08-23,2026-08,1,0,Issued | Issued,Residential New Construction and Additions (1 and 2 Family),Residential | New Construction and Additions | Building,2306 W Eldred Dr,Wellswood,https://arcgis.tampagov.net/arcgis/rest/services/OpenData/Planning/MapServer/32
rec-1a4de485318132ff,SINGLE_FAMILY_PERMITS|NATIVE|BLD-23-0503852,src-4ce21e41963bf8cd,tpa-c6ff73c90bc206,single_family_permits,BLD-23-0503852,2026-02-06,2026-02,permit_issued,TASK_STATUS_DATE,source_reported_event,0,0,2026-08-23,2026-08,2026-09-01,2026-09,2026-09-01,2026-09,2,1,Issued | Issued,Residential New Construction and Additions (1 and 2 Family),Residential | New Construction and Additions | Building,4220 E Yukon St,Temple Crest,https://arcgis.tampagov.net/arcgis/rest/services/OpenData/Planning/MapServer/32
rec-1b7b2bcd7c5fa9f7,SINGLE_FAMILY_PERMITS|NATIVE|BLD-26-0520483,src-0d5b7d8ac87ff0cb,tpa-80b50251d99ce3,single_family_permits,BLD-26-0520483,2026-02-27,2026-02,permit_issued,TASK_STATUS_DATE,source_reported_event,0,0,2026-08-23,2026-08,2026-08-23,2026-08,2026-08-23,2026-08,1,0,Revision | Issued,Residential New Construction and Additions (1 and 2 Family),Residential | New Construction and Additions | Building,3110 W Wallcraft Ave,Bayshore Beautiful,https://arcgis.tampagov.net/arcgis/rest/services/OpenData/Planning/MapServer/32
rec-1d20b5dfde9420c5,SINGLE_FAMILY_PERMITS|NATIVE|BLD-26-0520806,src-111d4132bdad1f27,tpa-aeb38c4d8a2d95,single_family_permits,BLD-26-0520806,2026-02-24,2026-02,permit_issued,TASK_STATUS_DATE,source_reported_event,0,0,2026-08-23,2026-08,2026-08-23,2026-08,2026-08-23,2026-08,1,0,Issued | Issued,Residential New Construction and Additions (1 and 2 Family),Residential | New Construction and Additions | Building,2504 W Pine St,Macfarlane Park,https://arcgis.tampagov.net/arcgis/rest/services/OpenData/Planning/MapServer/32
rec-1ddaec08daf06cee,SINGLE_FAMILY_PERMITS|NATIVE|BLD-26-0519197,src-801ba2d51a577cff,tpa-8f7f771e63505e,single_family_permits,BLD-26-0519197,2026-02-06,2026-02,permit_issued,TASK_STATUS_DATE,source_reported_event,0,0,2026-08-23,2026-08,2026-08-23,2026-08,2026-08-23,2026-08,1,0,Revision | Issued,Residential New Construction and Additions (1 and 2 Family),Residential | New Construction and Additions | Building,4903 Rattlesnake Pointe Ct,"Port Tampa City, Inc. Civic Association",https://arcgis.tampagov.net/arcgis/rest/services/OpenData/Planning/MapServer/32
rec-267c627f402d3702,SINGLE_FAMILY_PERMITS|NATIVE|BLD-26-0521234,src-1ad4b4178bb94640,tpa-d52062a0fd0d86,single_family_permits,BLD-26-0521234,2026-02-26,2026-02,permit_issued,TASK_STATUS_DATE,source_reported_event,0,0,2026-08-23,2026-08,2026-08-23,2026-08,2026-08-23,2026-08,1,0,Issued | Issued,Residential New Construction and Additions (1 and 2 Family),Residential | New Construction and Additions | Building,467 Marmora Ave,Davis Islands,https://arcgis.tampagov.net/arcgis/rest/services/OpenData/Planning/MapServer/32
rec-2bd7dc3017010ce3,SINGLE_FAMILY_PERMITS|NATIVE|BLD-25-0517731,src-b72dce84f1ca685b,tpa-668104d442a3b6,single_family_permits,BLD-25-0517731,2026-02-06,2026-02,permit_issued,TASK_STATUS_DATE,source_reported_event,0,0,2026-08-23,2026-08,2026-08-23,2026-08,2026-08-23,2026-08,1,0,Issued | Issued,Residential New Construction and Additions (1 and 2 Family),Residential | New Construction and Additions | Building,1402 E 98th Ave,North Tampa Community,https://arcgis.tampagov.net/arcgis/rest/services/OpenData/Planning/MapServer/32
rec-2db9550faf83051c,SINGLE_FAMILY_PERMITS|NATIVE|BLD-26-0519775,src-9ffd2130d34ac506,tpa-14a789b4c706aa,single_family_permits,BLD-26-0519775,2026-02-20,2026-02,permit_issued,TASK_STATUS_DATE,source_reported_event,0,0,2026-08-23,2026-08,2026-08-23,2026-08,2026-08-23,2026-08,1,0,Issued | Issued,Residential New Construction and Additions (1 and 2 Family),Residential | New Construction and Additions | Building,827 Bayshore Blvd,Hyde Park Preservation,https://arcgis.tampagov.net/arcgis/rest/services/OpenData/Planning/MapServer/32
rec-2f4ed93ca12101e2,SINGLE_FAMILY_PERMITS|NATIVE|BLD-25-0518223,src-901a79a21bca6a5b,tpa-4afda99e27baac,single_family_permits,BLD-25-0518223,2026-02-13,2026-02,permit_issued,TASK_STATUS_DATE,source_reported_event,0,0,2026-08-23,2026-08,2026-08-23,2026-08,2026-08-23,2026-08,1,0,Issued | Issued,Residential New Construction and Additions (1 and 2 Family),Residential | New Construction and Additions | Building,4902 Rattlesnake Pointe Ct,"Port Tampa City, Inc. Civic Association",https://arcgis.tampagov.net/arcgis/rest/services/OpenData/Planning/MapServer/32
rec-2f57d6f8c43a0a07,SINGLE_FAMILY_PERMITS|NATIVE|BLD-26-0520076,src-d08c34731279b40f,tpa-2637e6de3d6512,single_family_permits,BLD-26-0520076,2026-02-25,2026-02,permit_issued,TASK_STATUS_DATE,source_reported_event,0,0,2026-08-23,2026-08,2026-08-23,2026-08,2026-08-23,2026-08,1,0,Revision | Issued,Residential New Construction and Additions (1 and 2 Family),Residential | New Construction and Additions | Building,5815 Mariner St,Beach Park,https://arcgis.tampagov.net/arcgis/rest/services/OpenData/Planning/MapServer/32
rec-3908479ea76de918,SINGLE_FAMILY_PERMITS|NATIVE|BLD-25-0515637,src-e4aa0de61fc458ec,tpa-aa3498028f794e,single_family_permits,BLD-25-0515637,2026-02-04,2026-02,permit_issued,TASK_STATUS_DATE,source_reported_event,0,0,2026-08-23,2026-08,2026-08-23,2026-08,2026-08-23,2026-08,1,0,Issued | Issued,Residential New Construction and Additions (1 and 2 Family),Residential | New Construction and Additions | Building,3107 W San Pedro St,Palma Ceia,https://arcgis.tampagov.net/arcgis/rest/services/OpenData/Planning/MapServer/32
rec-394400077fe919cf,SINGLE_FAMILY_PERMITS|NATIVE|BLD-26-0520855,src-1a12bb067e88c479,tpa-df98c3ef86263b,single_family_permits,BLD-26-0520855,2026-02-24,2026-02,permit_issued,TASK_STATUS_DATE,source_reported_event,0,0,2026-08-23,2026-08,2026-08-23,2026-08,2026-08-23,2026-08,1,0,Revision | Issued,Residential New Construction and Additions (1 and 2 Family),Residential | New Construction and Additions | Building,5017 W San Miguel St,Sunset Park,https://arcgis.tampagov.net/arcgis/rest/services/OpenData/Planning/MapServer/32
rec-3a0bdad20f2cdb3c,SINGLE_FAMILY_PERMITS|NATIVE|BLD-26-0521513,src-b9361e2653af7b07,tpa-a69cddc7ee42c0,single_family_permits,BLD-26-0521513,2026-02-18,2026-02,permit_issued,TASK_STATUS_DATE,source_reported_event,0,0,2026-08-23,2026-08,2026-08-23,2026-08,2026-08-23,2026-08,1,0,Issued | Issued,Residential New Construction and Additions (1 and 2 Family),Residential | New Construction and Additions | Building,709 W Frances Ave,Ridgewood Park,https://arcgis.tampagov.net/arcgis/rest/services/OpenData/Planning/MapServer/32
rec-3ecd8502130c751f,SINGLE_FAMILY_PERMITS|NATIVE|BLD-26-0521317,src-a22bf5d9ab53c864,tpa-13c2ceb279e24c,single_family_permits,BLD-26-0521317,2026-02-20,2026-02,permit_issued,TASK_STATUS_DATE,source_reported_event,0,0,2026-08-23,2026-08,2026-08-23,2026-08,2026-08-23,2026-08,1,0,Revision | Issued,Residential New Construction and Additions (1 and 2 Family),Residential | New Construction and Additions | Building,5008 W Longfellow Ave,Sunset Park,https://arcgis.tampagov.net/arcgis/rest/services/OpenData/Planning/MapServer/32
rec-40ad7f29b03ec7b3,SINGLE_FAMILY_PERMITS|NATIVE|BLD-26-0519906,src-f8508a30d4a81b85,tpa-708e51cbe9d60e,single_family_permits,BLD-26-0519906,2026-02-19,2026-02,permit_issued,TASK_STATUS_DATE,source_reported_event,0,0,2026-08-23,2026-08,2026-08-23,2026-08,2026-08-23,2026-08,1,0,Issued | Issued,Residential New Construction and Additions (1 and 2 Family),Residential | New Construction and Additions | Building,577 Riviera Dr,Davis Islands,https://arcgis.tampagov.net/arcgis/rest/services/OpenData/Planning/MapServer/32
rec-48358c8878abd392,SINGLE_FAMILY_PERMITS|NATIVE|BLD-25-0515227,src-9251acb18c467363,tpa-2954d823ee84c4,single_family_permits,BLD-25-0515227,2026-02-03,2026-02,permit_issued,TASK_STATUS_DATE,source_reported_event,0,0,2026-08-23,2026-08,2026-09-01,2026-09,2026-09-01,2026-09,2,1,Issued | Issued,Residential New Construction and Additions (1 and 2 Family),Residential | New Construction and Additions | Building,146 Bosphorous Ave,Davis Islands,https://arcgis.tampagov.net/arcgis/rest/services/OpenData/Planning/MapServer/32
rec-5616cb9f5a2bfc73,SINGLE_FAMILY_PERMITS|NATIVE|BLD-26-0520838,src-990bb63687a2fe19,tpa-69605353d4155e,single_family_permits,BLD-26-0520838,2026-02-26,2026-02,permit_issued,TASK_STATUS_DATE,source_reported_event,0,0,2026-08-23,2026-08,2026-08-23,2026-08,2026-08-23,2026-08,1,0,Issued | Issued,Residential New Construction and Additions (1 and 2 Family),Residential | New Construction and Additions | Building,3509 E Genesee St,Rainbow Heights,https://arcgis.tampagov.net/arcgis/rest/services/OpenData/Planning/MapServer/32
rec-573752d03d27b9ff,SINGLE_FAMILY_PERMITS|NATIVE|BLD-25-0518377,src-d7d39bcacec6dfdb,tpa-04e773a136d676,single_family_permits,BLD-25-0518377,2026-02-13,2026-02,permit_issued,TASK_STATUS_DATE,source_reported_event,0,0,2026-08-23,2026-08,2026-08-23,2026-08,2026-08-23,2026-08,1,0,Revision | Issued,Residential New Construction and Additions (1 and 2 Family),Residential | New Construction and Additions | Building,4904 Rattlesnake Pointe Ct,"Port Tampa City, Inc. Civic Association",https://arcgis.tampagov.net/arcgis/rest/services/OpenData/Planning/MapServer/32
rec-5c9662dc288d77e1,SINGLE_FAMILY_PERMITS|NATIVE|BLD-26-0521910,src-9b8db3eb6a65d62f,tpa-0dd2e889032cfa,single_family_permits,BLD-26-0521910,2026-02-25,2026-02,permit_issued,TASK_STATUS_DATE,source_reported_event,0,0,2026-08-23,2026-08,2026-08-23,2026-08,2026-08-23,2026-08,1,0,Issued | Issued,Residential New Construction and Additions (1 and 2 Family),Residential | New Construction and Additions | Building,714 W Frances Ave,Ridgewood Park,https://arcgis.tampagov.net/arcgis/rest/services/OpenData/Planning/MapServer/32
rec-5e5311581ca46f63,SINGLE_FAMILY_PERMITS|NATIVE|BLD-25-0518379,src-3ad4a41c87fbc9c3,tpa-a1387768b62207,single_family_permits,BLD-25-0518379,2026-02-11,2026-02,permit_issued,TASK_STATUS_DATE,source_reported_event,0,0,2026-08-23,2026-08,2026-08-23,2026-08,2026-08-23,2026-08,1,0,Issued | Issued,Residential New Construction and Additions (1 and 2 Family),Residential | New Construction and Additions | Building,4907 Rattlesnake Pointe Ct,"Port Tampa City, Inc. Civic Association",https://arcgis.tampagov.net/arcgis/rest/services/OpenData/Planning/MapServer/32
rec-6733f2a3f3eb17cd,SINGLE_FAMILY_PERMITS|NATIVE|BLD-26-0521453,src-a825a492fdd7679e,tpa-8971084acb75a6,single_family_permits,BLD-26-0521453,2026-02-26,2026-02,permit_issued,TASK_STATUS_DATE,source_reported_event,0,0,2026-08-23,2026-08,2026-08-23,2026-08,2026-08-23,2026-08,1,0,Issued | Issued,Residential New Construction and Additions (1 and 2 Family),Residential | New Construction and Additions | Building,7216 S Mascotte St,"Port Tampa City, Inc. Civic Association",https://arcgis.tampagov.net/arcgis/rest/services/OpenData/Planning/MapServer/32
rec-6ac70befacaf97c1,SINGLE_FAMILY_PERMITS|NATIVE|BLD-26-0521379,src-f5aefbca6b176193,tpa-d119242b4519c2,single_family_permits,BLD-26-0521379,2026-02-20,2026-02,permit_issued,TASK_STATUS_DATE,source_reported_event,0,0,2026-08-23,2026-08,2026-08-23,2026-08,2026-08-23,2026-08,1,0,Revision | Issued,Residential New Construction and Additions (1 and 2 Family),Residential | New Construction and Additions | Building,2606 W Powhatan Ave,Armenia Terrace | Bour Lands | Al Dana Park,https://arcgis.tampagov.net/arcgis/rest/services/OpenData/Planning/MapServer/32
rec-6ed6bc100cd20bcd,SINGLE_FAMILY_PERMITS|NATIVE|BLD-26-0520161,src-b1b74a122b233758,tpa-dedd2e66fd7375,single_family_permits,BLD-26-0520161,2026-02-27,2026-02,permit_issued,TASK_STATUS_DATE,source_reported_event,0,0,2026-08-23,2026-08,2026-08-23,2026-08,2026-08-23,2026-08,1,0,Issued | Issued,Residential New Construction and Additions (1 and 2 Family),Residential | New Construction and Additions | Building,3429 W Palmetto St,Macfarlane Park,https://arcgis.tampagov.net/arcgis/rest/services/OpenData/Planning/MapServer/32
rec-7192c2e0f28deab7,SINGLE_FAMILY_PERMITS|NATIVE|BLD-24-0510872,src-fb6ffece94d4fbc1,tpa-c3eb9a831dc8d7,single_family_permits,BLD-24-0510872,2026-02-06,2026-02,permit_issued,TASK_STATUS_DATE,source_reported_event,0,0,2026-08-23,2026-08,2026-09-01,2026-09,2026-09-01,2026-09,2,1,Issued | Issued,Residential New Construction and Additions (1 and 2 Family),Residential | New Construction and Additions | Building,8922 N Hamner Ave,Lowry Park Central,https://arcgis.tampagov.net/arcgis/rest/services/OpenData/Planning/MapServer/32
rec-752f0dac011c961f,SINGLE_FAMILY_PERMITS|NATIVE|BLD-26-0520657,src-17b0c30bf8d1a4a3,tpa-d303cd77960d73,single_family_permits,BLD-26-0520657,2026-02-04,2026-02,permit_issued,TASK_STATUS_DATE,source_reported_event,0,0,2026-08-23,2026-08,2026-08-23,2026-08,2026-08-23,2026-08,1,0,Issued | Issued,Residential New Construction and Additions (1 and 2 Family),Residential | New Construction and Additions | Building,4414 W Lawn Ave,Bayside West,https://arcgis.tampagov.net/arcgis/rest/services/OpenData/Planning/MapServer/32
rec-753d471c80a6a0a2,SINGLE_FAMILY_PERMITS|NATIVE|BLD-26-0520634,src-a65f7c2631184ce6,tpa-d3fe9f065c5e1b,single_family_permits,BLD-26-0520634,2026-02-20,2026-02,permit_issued,TASK_STATUS_DATE,source_reported_event,0,0,2026-08-23,2026-08,2026-08-23,2026-08,2026-08-23,2026-08,1,0,Issued | Issued,Residential New Construction and Additions (1 and 2 Family),Residential | New Construction and Additions | Building,1122 S Dunbar Ave,Culbreath Bayou,https://arcgis.tampagov.net/arcgis/rest/services/OpenData/Planning/MapServer/32
rec-79f11a33b08f6efb,SINGLE_FAMILY_PERMITS|NATIVE|BLD-26-0521484,src-c77b160591db6e19,tpa-c513d0ffc576b5,single_family_permits,BLD-26-0521484,2026-02-10,2026-02,permit_issued,TASK_STATUS_DATE,source_reported_event,0,0,2026-08-23,2026-08,2026-08-23,2026-08,2026-08-23,2026-08,1,0,Issued | Issued,Residential New Construction and Additions (1 and 2 Family),Residential | New Construction and Additions | Building,205 N Woodlynne Ave,Oakford Park,https://arcgis.tampagov.net/arcgis/rest/services/OpenData/Planning/MapServer/32
rec-7d0b99dc93f1242d,SINGLE_FAMILY_PERMITS|NATIVE|BLD-26-0519558,src-b36987162ade1f9c,tpa-2d7ba7fde05aee,single_family_permits,BLD-26-0519558,2026-02-17,2026-02,permit_issued,TASK_STATUS_DATE,source_reported_event,0,0,2026-08-23,2026-08,2026-08-23,2026-08,2026-08-23,2026-08,1,0,Issued | Issued,Residential New Construction and Additions (1 and 2 Family),Residential | New Construction and Additions | Building,9509 N Hyaleah Rd,Terrace Park,https://arcgis.tampagov.net/arcgis/rest/services/OpenData/Planning/MapServer/32
rec-8393092edc69a22b,SINGLE_FAMILY_PERMITS|NATIVE|BLD-25-0517952,src-e113bfd04c97e53e,tpa-70c8b4f49e50c0,single_family_permits,BLD-25-0517952,2026-02-05,2026-02,permit_issued,TASK_STATUS_DATE,source_reported_event,0,0,2026-08-23,2026-08,2026-08-23,2026-08,2026-08-23,2026-08,1,0,Issued | Issued,Residential New Construction and Additions (1 and 2 Family),Residential | New Construction and Additions | Building,2725 W Green St,Macfarlane Park,https://arcgis.tampagov.net/arcgis/rest/services/OpenData/Planning/MapServer/32
rec-8461a137377d97e6,SINGLE_FAMILY_PERMITS|NATIVE|BLD-25-0518373,src-f6f3f96c0b8f75d5,tpa-8e062cafcda4e7,single_family_permits,BLD-25-0518373,2026-02-09,2026-02,permit_issued,TASK_STATUS_DATE,source_reported_event,0,0,2026-08-23,2026-08,2026-08-23,2026-08,2026-08-23,2026-08,1,0,Issued | Issued,Residential New Construction and Additions (1 and 2 Family),Residential | New Construction and Additions | Building,4901 Rattlesnake Pointe Ct,"Port Tampa City, Inc. Civic Association",https://arcgis.tampagov.net/arcgis/rest/services/OpenData/Planning/MapServer/32
rec-8892d900e2a01c7f,SINGLE_FAMILY_PERMITS|NATIVE|BLD-22-0494867,src-0e61f9f90b7ff5f7,tpa-2686cbdc05fc88,single_family_permits,BLD-22-0494867,2026-02-09,2026-02,permit_issued,TASK_STATUS_DATE,source_reported_event,0,0,2026-08-23,2026-08,2026-09-01,2026-09,2026-09-01,2026-09,2,1,Issued | Issued,Residential New Construction and Additions (1 and 2 Family),Residential | New Construction and Additions | Building,7812 N Mulberry St,Sulphur Springs,https://arcgis.tampagov.net/arcgis/rest/services/OpenData/Planning/MapServer/32
rec-88ac4c1683d8e7cf,SINGLE_FAMILY_PERMITS|NATIVE|BLD-26-0519689,src-35acc22a7daaf6f9,tpa-c101f18cf8a198,single_family_permits,BLD-26-0519689,2026-02-23,2026-02,permit_issued,TASK_STATUS_DATE,source_reported_event,0,0,2026-08-23,2026-08,2026-08-23,2026-08,2026-08-23,2026-08,1,0,Issued | Issued,Residential New Construction and Additions (1 and 2 Family),Residential | New Construction and Additions | Building,2743 Bel Aire Cir,St Joseph's Hospital,https://arcgis.tampagov.net/arcgis/rest/services/OpenData/Planning/MapServer/32
rec-8f3ea69985201c57,SINGLE_FAMILY_PERMITS|NATIVE|BLD-26-0522370,src-f0fe54fe954118f4,tpa-b7618df7784dd1,single_family_permits,BLD-26-0522370,2026-02-26,2026-02,permit_issued,TASK_STATUS_DATE,source_reported_event,0,0,2026-08-23,2026-08,2026-08-23,2026-08,2026-08-23,2026-08,1,0,Issued | Issued,Residential New Construction and Additions (1 and 2 Family),Residential | New Construction and Additions | Building,618 Luzon Ave,Davis Islands,https://arcgis.tampagov.net/arcgis/rest/services/OpenData/Planning/MapServer/32
rec-968cd8dd10c4abe7,SINGLE_FAMILY_PERMITS|NATIVE|BLD-26-0520499,src-8899a7c3462c75f9,tpa-28ed1261f9044a,single_family_permits,BLD-26-0520499,2026-02-27,2026-02,permit_issued,TASK_STATUS_DATE,source_reported_event,0,0,2026-08-23,2026-08,2026-08-23,2026-08,2026-08-23,2026-08,1,0,Issued | Issued,Residential New Construction and Additions (1 and 2 Family),Residential | New Construction and Additions | Building,1901 N Taliaferro Ave,Encore,https://arcgis.tampagov.net/arcgis/rest/services/OpenData/Planning/MapServer/32
rec-99f388ba5ef84c33,SINGLE_FAMILY_PERMITS|NATIVE|BLD-26-0521544,src-bd07df4c564a0c0b,tpa-4c491c74bbd352,single_family_permits,BLD-26-0521544,2026-02-04,2026-02,permit_issued,TASK_STATUS_DATE,source_reported_event,0,0,2026-08-23,2026-08,2026-08-23,2026-08,2026-08-23,2026-08,1,0,Issued | Issued,Residential New Construction and Additions (1 and 2 Family),Residential | New Construction and Additions | Building,803 S Woodlyn Dr,Parkland Estates,https://arcgis.tampagov.net/arcgis/rest/services/OpenData/Planning/MapServer/32
rec-9b0b40f5d706bdf1,SINGLE_FAMILY_PERMITS|NATIVE|BLD-25-0518385,src-a83877f68120edc3,tpa-6aa946c81585df,single_family_permits,BLD-25-0518385,2026-02-11,2026-02,permit_issued,TASK_STATUS_DATE,source_reported_event,0,0,2026-08-23,2026-08,2026-08-23,2026-08,2026-08-23,2026-08,1,0,Revision | Issued,Residential New Construction and Additions (1 and 2 Family),Residential | New Construction and Additions | Building,4908 Rattlesnake Pointe Ct,"Port Tampa City, Inc. Civic Association",https://arcgis.tampagov.net/arcgis/rest/services/OpenData/Planning/MapServer/32
rec-9c6c26849e1f87bc,SINGLE_FAMILY_PERMITS|NATIVE|BLD-26-0520026,src-cbf24d51793586dc,tpa-95b4bc533ab4fe,single_family_permits,BLD-26-0520026,2026-02-17,2026-02,permit_issued,TASK_STATUS_DATE,source_reported_event,0,0,2026-08-23,2026-08,2026-08-23,2026-08,2026-08-23,2026-08,1,0,Issued | Issued,Residential New Construction and Additions (1 and 2 Family),Residential | New Construction and Additions | Building,329 Columbia Dr,Davis Islands,https://arcgis.tampagov.net/arcgis/rest/services/OpenData/Planning/MapServer/32
rec-a7284073e460f207,SINGLE_FAMILY_PERMITS|NATIVE|BLD-24-0509220,src-cc87cd64c44cea18,tpa-ca3c16bf857656,single_family_permits,BLD-24-0509220,2026-02-05,2026-02,permit_issued,TASK_STATUS_DATE,source_reported_event,0,0,2026-08-23,2026-08,2026-09-01,2026-09,2026-09-01,2026-09,2,1,Issued | Issued,Residential New Construction and Additions (1 and 2 Family),Residential | New Construction and Additions | Building,4625 W Lamb Ave,Sunset Park,https://arcgis.tampagov.net/arcgis/rest/services/OpenData/Planning/MapServer/32
rec-aca070372cf1b981,SINGLE_FAMILY_PERMITS|NATIVE|BLD-26-0520798,src-73c985ef01136709,tpa-8b98c0618bf1da,single_family_permits,BLD-26-0520798,2026-02-24,2026-02,permit_issued,TASK_STATUS_DATE,source_reported_event,0,0,2026-08-23,2026-08,2026-08-23,2026-08,2026-08-23,2026-08,1,0,Issued | Issued,Residential New Construction and Additions (1 and 2 Family),Residential | New Construction and Additions | Building,2504 W Pine St,Macfarlane Park,https://arcgis.tampagov.net/arcgis/rest/services/OpenData/Planning/MapServer/32
rec-b050cf9e1f5ff261,SINGLE_FAMILY_PERMITS|NATIVE|BLD-26-0521576,src-be0d0427f43eb333,tpa-accf34fda337fe,single_family_permits,BLD-26-0521576,2026-02-17,2026-02,permit_issued,TASK_STATUS_DATE,source_reported_event,0,0,2026-08-23,2026-08,2026-08-23,2026-08,2026-08-23,2026-08,1,0,Issued | Issued,Residential New Construction and Additions (1 and 2 Family),Residential | New Construction and Additions | Building,2914 W Walnut St,Macfarlane Park,https://arcgis.tampagov.net/arcgis/rest/services/OpenData/Planning/MapServer/32
rec-b19089cf161b1c91,SINGLE_FAMILY_PERMITS|NATIVE|BLD-26-0519199,src-7fb02332ad1b44ea,tpa-2b81d71a85491d,single_family_permits,BLD-26-0519199,2026-02-12,2026-02,permit_issued,TASK_STATUS_DATE,source_reported_event,0,0,2026-08-23,2026-08,2026-08-23,2026-08,2026-08-23,2026-08,1,0,Revision | Issued,Residential New Construction and Additions (1 and 2 Family),Residential | New Construction and Additions | Building,4906 Rattlesnake Pointe Ct,"Port Tampa City, Inc. Civic Association",https://arcgis.tampagov.net/arcgis/rest/services/OpenData/Planning/MapServer/32
rec-b2111c56dbeda582,SINGLE_FAMILY_PERMITS|NATIVE|BLD-26-0521754,src-78d9a1d68b0145e7,tpa-b67863b711f049,single_family_permits,BLD-26-0521754,2026-02-10,2026-02,permit_issued,TASK_STATUS_DATE,source_reported_event,0,0,2026-08-23,2026-08,2026-08-23,2026-08,2026-08-23,2026-08,1,0,Revision | Issued,Residential New Construction and Additions (1 and 2 Family),Residential | New Construction and Additions | Building,1803 E 23rd Ave,College Hill-Belmont Heights,https://arcgis.tampagov.net/arcgis/rest/services/OpenData/Planning/MapServer/32
rec-b973dca3352b39de,SINGLE_FAMILY_PERMITS|NATIVE|BLD-26-0521572,src-e4c5f4bb1fbf1edd,tpa-e1f6cdc6fbff4e,single_family_permits,BLD-26-0521572,2026-02-04,2026-02,permit_issued,TASK_STATUS_DATE,source_reported_event,0,0,2026-08-23,2026-08,2026-08-23,2026-08,2026-08-23,2026-08,1,0,Issued | Issued,Residential New Construction and Additions (1 and 2 Family),Residential | New Construction and Additions | Building,2520 W Beach St,Macfarlane Park,https://arcgis.tampagov.net/arcgis/rest/services/OpenData/Planning/MapServer/32
rec-bb262c750abcf5ef,SINGLE_FAMILY_PERMITS|NATIVE|BLD-26-0520404,src-6ee33272cca75135,tpa-72aac5c5bd0aeb,single_family_permits,BLD-26-0520404,2026-02-18,2026-02,permit_issued,TASK_STATUS_DATE,source_reported_event,0,0,2026-08-23,2026-08,2026-08-23,2026-08,2026-08-23,2026-08,1,0,Revision | Issued,Residential New Construction and Additions (1 and 2 Family),Residential | New Construction and Additions | Building,513 E Davis Blvd,Davis Islands,https://arcgis.tampagov.net/arcgis/rest/services/OpenData/Planning/MapServer/32
rec-bd7938d29733d70a,SINGLE_FAMILY_PERMITS|NATIVE|BLD-26-0521552,src-f56cb10f90dab6c6,tpa-68cd43c8b1519d,single_family_permits,BLD-26-0521552,2026-02-20,2026-02,permit_issued,TASK_STATUS_DATE,source_reported_event,0,0,2026-08-23,2026-08,2026-08-23,2026-08,2026-08-23,2026-08,1,0,Revision | Issued,Residential New Construction and Additions (1 and 2 Family),Residential | New Construction and Additions | Building,2106 E Wilder Ave,Historic Belmont Heights,https://arcgis.tampagov.net/arcgis/rest/services/OpenData/Planning/MapServer/32
rec-bde55b03969de06f,SINGLE_FAMILY_PERMITS|NATIVE|BLD-26-0519573,src-7a63bdf25e010c05,tpa-de083eb4586a23,single_family_permits,BLD-26-0519573,2026-02-02,2026-02,permit_issued,TASK_STATUS_DATE,source_reported_event,0,0,2026-08-23,2026-08,2026-08-23,2026-08,2026-08-23,2026-08,1,0,Issued | Issued,Residential New Construction and Additions (1 and 2 Family),Residential | New Construction and Additions | Building,4523 W Rosemere Rd,Beach Park,https://arcgis.tampagov.net/arcgis/rest/services/OpenData/Planning/MapServer/32
rec-bff1412584f09609,SINGLE_FAMILY_PERMITS|NATIVE|BLD-26-0520510,src-b399d7d9c958e5ac,tpa-119ce4ce7e0b65,single_family_permits,BLD-26-0520510,2026-02-04,2026-02,permit_issued,TASK_STATUS_DATE,source_reported_event,0,0,2026-08-23,2026-08,2026-08-23,2026-08,2026-08-23,2026-08,1,0,Revision | Issued,Residential New Construction and Additions (1 and 2 Family),Residential | New Construction and Additions | Building,3618 S Gardenia Ave,Bel Mar Shores,https://arcgis.tampagov.net/arcgis/rest/services/OpenData/Planning/MapServer/32
rec-c1a59afdeb01e698,SINGLE_FAMILY_PERMITS|NATIVE|BLD-26-0520952,src-bc8f7bd6ca5c553e,tpa-0f27c8e3e4a190,single_family_permits,BLD-26-0520952,2026-02-19,2026-02,permit_issued,TASK_STATUS_DATE,source_reported_event,0,0,2026-08-23,2026-08,2026-08-23,2026-08,2026-08-23,2026-08,1,0,Revision | Issued,Residential New Construction and Additions (1 and 2 Family),Residential | New Construction and Additions | Building,4314 S Renellie Dr,Bayside West,https://arcgis.tampagov.net/arcgis/rest/services/OpenData/Planning/MapServer/32
rec-c2b50228091819dd,SINGLE_FAMILY_PERMITS|NATIVE|BLD-26-0520141,src-b1ccd20a264c7c4f,tpa-8cb9d498d40d9a,single_family_permits,BLD-26-0520141,2026-02-10,2026-02,permit_issued,TASK_STATUS_DATE,source_reported_event,0,0,2026-08-23,2026-08,2026-08-23,2026-08,2026-08-23,2026-08,1,0,Issued | Issued,Residential New Construction and Additions (1 and 2 Family),Residential | New Construction and Additions | Building,4915 W Melrose Ave S,,https://arcgis.tampagov.net/arcgis/rest/services/OpenData/Planning/MapServer/32
rec-c6c59d029aa17ee1,SINGLE_FAMILY_PERMITS|NATIVE|BLD-26-0520346,src-ce1b56b015b78b83,tpa-0f41db34cfdf11,single_family_permits,BLD-26-0520346,2026-02-11,2026-02,permit_issued,TASK_STATUS_DATE,source_reported_event,0,0,2026-08-23,2026-08,2026-08-23,2026-08,2026-08-23,2026-08,1,0,Issued | Issued,Residential New Construction and Additions (1 and 2 Family),Residential | New Construction and Additions | Building,2923 W Alline Ave,Bayshore Beautiful,https://arcgis.tampagov.net/arcgis/rest/services/OpenData/Planning/MapServer/32
rec-cf68beeb923114f6,SINGLE_FAMILY_PERMITS|NATIVE|BLD-26-0520805,src-1c0ed33a8a089923,tpa-8eee434c785e0d,single_family_permits,BLD-26-0520805,2026-02-03,2026-02,permit_issued,TASK_STATUS_DATE,source_reported_event,0,0,2026-08-23,2026-08,2026-08-23,2026-08,2026-08-23,2026-08,1,0,Issued | Issued,Residential New Construction and Additions (1 and 2 Family),Residential | New Construction and Additions | Building,8204 N Marks St,Sulphur Springs,https://arcgis.tampagov.net/arcgis/rest/services/OpenData/Planning/MapServer/32
rec-d37032d9cf6112d0,SINGLE_FAMILY_PERMITS|NATIVE|BLD-26-0521329,src-63775f203576b235,tpa-b4f277b88af18e,single_family_permits,BLD-26-0521329,2026-02-18,2026-02,permit_issued,TASK_STATUS_DATE,source_reported_event,0,0,2026-08-23,2026-08,2026-08-23,2026-08,2026-08-23,2026-08,1,0,Issued | Issued,Residential New Construction and Additions (1 and 2 Family),Residential | New Construction and Additions | Building,3008 E Osborne Ave,East Tampa 1,https://arcgis.tampagov.net/arcgis/rest/services/OpenData/Planning/MapServer/32
rec-d3990d3c5b0a738e,SINGLE_FAMILY_PERMITS|NATIVE|BLD-21-0486129,src-90dd1b299106425f,tpa-02336b02cb67ca,single_family_permits,BLD-21-0486129,2026-02-11,2026-02,permit_issued,TASK_STATUS_DATE,source_reported_event,0,0,2026-08-23,2026-08,2026-09-01,2026-09,2026-09-01,2026-09,2,1,Revision | Issued,Residential New Construction and Additions (1 and 2 Family),Residential | New Construction and Additions | Building,5418 Lykes Ln,Ballast Point,https://arcgis.tampagov.net/arcgis/rest/services/OpenData/Planning/MapServer/32
rec-d7b438bb1889a923,SINGLE_FAMILY_PERMITS|NATIVE|BLD-26-0520376,src-3a798a7bacf59a9c,tpa-dd68cb4d8bc38b,single_family_permits,BLD-26-0520376,2026-02-02,2026-02,permit_issued,TASK_STATUS_DATE,source_reported_event,0,0,2026-08-23,2026-08,2026-08-23,2026-08,2026-08-23,2026-08,1,0,Revision | Issued,Residential New Construction and Additions (1 and 2 Family),Residential | New Construction and Additions | Building,2303 N Glenwood Dr,Ridgewood Park,https://arcgis.tampagov.net/arcgis/rest/services/OpenData/Planning/MapServer/32
rec-d869dc7806275323,SINGLE_FAMILY_PERMITS|NATIVE|BLD-26-0521196,src-f32f47adbab982b8,tpa-aacb3517a63624,single_family_permits,BLD-26-0521196,2026-02-04,2026-02,permit_issued,TASK_STATUS_DATE,source_reported_event,0,0,2026-08-23,2026-08,2026-08-23,2026-08,2026-08-23,2026-08,1,0,Issued | Issued,Residential New Construction and Additions (1 and 2 Family),Residential | New Construction and Additions | Building,3603 W Euclid Ave,Palma Ceia,https://arcgis.tampagov.net/arcgis/rest/services/OpenData/Planning/MapServer/32
rec-d96d90bd3fd1c206,SINGLE_FAMILY_PERMITS|NATIVE|BLD-26-0519641,src-ee8dd62581275a08,tpa-99bc8e2e21cc83,single_family_permits,BLD-26-0519641,2026-02-24,2026-02,permit_issued,TASK_STATUS_DATE,source_reported_event,0,0,2026-08-23,2026-08,2026-08-23,2026-08,2026-08-23,2026-08,1,0,Issued | Issued,Residential New Construction and Additions (1 and 2 Family),Residential | New Construction and Additions | Building,7512 S Elliott St,"Port Tampa City, Inc. Civic Association",https://arcgis.tampagov.net/arcgis/rest/services/OpenData/Planning/MapServer/32
rec-dc97355646af5e2f,SINGLE_FAMILY_PERMITS|NATIVE|BLD-26-0521282,src-41c0b6998cd3e22d,tpa-e80a7f0c6f0e0f,single_family_permits,BLD-26-0521282,2026-02-24,2026-02,permit_issued,TASK_STATUS_DATE,source_reported_event,0,0,2026-08-23,2026-08,2026-08-23,2026-08,2026-08-23,2026-08,1,0,Issued | Issued,Residential New Construction and Additions (1 and 2 Family),Residential | New Construction and Additions | Building,130 Huron Ave,Davis Islands,https://arcgis.tampagov.net/arcgis/rest/services/OpenData/Planning/MapServer/32
rec-dd1f04c4928a2a10,SINGLE_FAMILY_PERMITS|NATIVE|BLD-26-0519996,src-fc66e176a4bd6d79,tpa-8c6d8da4d4c1dc,single_family_permits,BLD-26-0519996,2026-02-05,2026-02,permit_issued,TASK_STATUS_DATE,source_reported_event,0,0,2026-08-23,2026-08,2026-08-23,2026-08,2026-08-23,2026-08,1,0,Revision | Issued,Residential New Construction and Additions (1 and 2 Family),Residential | New Construction and Additions | Building,3616 W Iowa Ave,Interbay - South of Gandy,https://arcgis.tampagov.net/arcgis/rest/services/OpenData/Planning/MapServer/32
rec-e17b486165f29b07,SINGLE_FAMILY_PERMITS|NATIVE|BLD-26-0520954,src-74dc10510f249d19,tpa-ce9f1eee723714,single_family_permits,BLD-26-0520954,2026-02-17,2026-02,permit_issued,TASK_STATUS_DATE,source_reported_event,0,0,2026-08-23,2026-08,2026-08-23,2026-08,2026-08-23,2026-08,1,0,Revision | Issued,Residential New Construction and Additions (1 and 2 Family),Residential | New Construction and Additions | Building,4316 S Renellie Dr,Bayside West,https://arcgis.tampagov.net/arcgis/rest/services/OpenData/Planning/MapServer/32
rec-e3adbf89c5e13487,SINGLE_FAMILY_PERMITS|NATIVE|BLD-26-0521169,src-487331adbc4a6bad,tpa-77c99beda356e9,single_family_permits,BLD-26-0521169,2026-02-12,2026-02,permit_issued,TASK_STATUS_DATE,source_reported_event,0,0,2026-08-23,2026-08,2026-08-23,2026-08,2026-08-23,2026-08,1,0,Revision | Issued,Residential New Construction and Additions (1 and 2 Family),Residential | New Construction and Additions | Building,1207 W Charter St,Riverside Heights,https://arcgis.tampagov.net/arcgis/rest/services/OpenData/Planning/MapServer/32
rec-e5da685a49453382,SINGLE_FAMILY_PERMITS|NATIVE|BLD-26-0521305,src-c3654f537f2c17bb,tpa-d58c64c80a6654,single_family_permits,BLD-26-0521305,2026-02-02,2026-02,permit_issued,TASK_STATUS_DATE,source_reported_event,0,0,2026-08-23,2026-08,2026-08-23,2026-08,2026-08-23,2026-08,1,0,Revision | Issued,Residential New Construction and Additions (1 and 2 Family),Residential | New Construction and Additions | Building,575 Bosphorous Ave,Davis Islands,https://arcgis.tampagov.net/arcgis/rest/services/OpenData/Planning/MapServer/32
rec-eacfbf3f1c02ae60,SINGLE_FAMILY_PERMITS|NATIVE|BLD-26-0520602,src-bdfcbc5af0580265,tpa-dc48aeab5e0373,single_family_permits,BLD-26-0520602,2026-02-09,2026-02,permit_issued,TASK_STATUS_DATE,source_reported_event,0,0,2026-08-23,2026-08,2026-08-23,2026-08,2026-08-23,2026-08,1,0,Issued | Issued,Residential New Construction and Additions (1 and 2 Family),Residential | New Construction and Additions | Building,3112 W Paxton Ave,Interbay - South of Gandy,https://arcgis.tampagov.net/arcgis/rest/services/OpenData/Planning/MapServer/32
rec-eb0fde9a75786677,SINGLE_FAMILY_PERMITS|NATIVE|BLD-26-0522029,src-cbbef6a83c100ce8,tpa-d0dbc1ea81a8fa,single_family_permits,BLD-26-0522029,2026-02-18,2026-02,permit_issued,TASK_STATUS_DATE,source_reported_event,0,0,2026-08-23,2026-08,2026-08-23,2026-08,2026-08-23,2026-08,1,0,Issued | Issued,Residential New Construction and Additions (1 and 2 Family),Residential | New Construction and Additions | Building,2107 S Clark Ave,Palma Ceia West,https://arcgis.tampagov.net/arcgis/rest/services/OpenData/Planning/MapServer/32
rec-fa2fb6aaa14a10c9,SINGLE_FAMILY_PERMITS|NATIVE|BLD-26-0520766,src-1c47bcaa8538b5a6,tpa-4a72ff864bc66c,single_family_permits,BLD-26-0520766,2026-02-04,2026-02,permit_issued,TASK_STATUS_DATE,source_reported_event,0,0,2026-08-23,2026-08,2026-08-23,2026-08,2026-08-23,2026-08,1,0,Issued | Issued,Residential New Construction and Additions (1 and 2 Family),Residential | New Construction and Additions | Building,3411 N 9th St,Ybor Heights Neighborhood Association and Watch Group,https://arcgis.tampagov.net/arcgis/rest/services/OpenData/Planning/MapServer/32
rec-fd3f64661516b599,SINGLE_FAMILY_PERMITS|NATIVE|BLD-26-0521452,src-1388f77de298d346,tpa-bad21aa77dca3b,single_family_permits,BLD-26-0521452,2026-02-26,2026-02,permit_issued,TASK_STATUS_DATE,source_reported_event,0,0,2026-08-23,2026-08,2026-08-23,2026-08,2026-08-23,2026-08,1,0,Issued | Issued,Residential New Construction and Additions (1 and 2 Family),Residential | New Construction and Additions | Building,7212 S Mascotte St,"Port Tampa City, Inc. Civic Association",https://arcgis.tampagov.net/arcgis/rest/services/OpenData/Planning/MapServer/32
