record_id,record_identity,source_record_key,activity_id,source_name,source_record_id,event_date,event_month,event_date_type,event_date_source_field,event_date_basis,event_date_is_planned,event_date_is_after_snapshot,first_observed_date,first_observed_month,last_observed_date,last_observed_month,snapshot_date,snapshot_month,observation_count,currently_observed,status,project_name,record_type,address,neighborhood,source_url
rec-6df2891bb10f5650,CAPITAL_IMPROVEMENTS|NATIVE|1001931,src-e4406aaa812c8e2c,tpa-37222f224d7341,capital_improvements,1001931,2026-06-01,2026-06,capital_planned_start,planstart,source_reported_plan,1,0,2026-08-23,2026-08,2026-08-23,2026-08,2026-08-23,2026-08,1,1,Construction in Progress,El Prado Blvd. Complete Streets & Sidewalks (Omar Ave to Lois Ave; Lois Ave to Bayshore Blvd),Transportation,,Belmar Gardens,https://apps.tampagov.net/Directory_Lister/FileHandler.ashx?file=GIS%2f1001931.pdf
rec-fa4ba6f4a2ccf746,CAPITAL_IMPROVEMENTS|NATIVE|1002351,src-7d240146fe46525c,tpa-b238c6fabfa6dc,capital_improvements,1002351,2026-06-30,2026-06,capital_planned_start,planstart,source_reported_plan,1,0,2026-08-23,2026-08,2026-08-23,2026-08,2026-08-23,2026-08,1,1,Construction in Progress,Rey Park Improvements,Parks & Recreation,,Old West Tampa,https://apps.tampagov.net/Directory_Lister/FileHandler.ashx?file=GIS%2f1002351.pdf
rec-280c71d2bdf64cc9,CAPITAL_LOCATIONS_LINE|NATIVE|TRANS20023,src-ed217cdf325c3bcd,tpa-37222f224d7341,capital_locations_line,TRANS20023,2026-06-01,2026-06,capital_planned_start,planstart,source_reported_plan,1,0,2026-08-23,2026-08,2026-08-23,2026-08,2026-08-23,2026-08,1,1,Construction in Progress,El Prado Blvd. Complete Streets & Sidewalks (Omar Ave to Lois Ave; Lois Ave to Bayshore Blvd),Transportation,,Belmar Gardens,https://www.tampa.gov/project/trans20023
rec-00b928c734df1856,CONSTRUCTION_INSPECTIONS|NATIVE|BLD-26-0525901,src-3851ff93adeb9e9f,tpa-d6ef16e5147ef7,construction_inspections,BLD-26-0525901,2026-06-16,2026-06,permit_record_created,CREATEDDATE,source_record_metadata,0,0,2026-08-23,2026-08,2026-08-23,2026-08,2026-08-23,2026-08,1,1,Issued,PP: New 2 Story SFR,Residential New Construction and Additions (1 and 2 Family),1008 W Adalee St,Riverside Heights,https://aca-prod.accela.com/TAMPA/Cap/CapDetail.aspx?Module=Building&TabName=Building&capID1=26CAP&capID2=00000&capID3=01SK8&agencyCode=TAMPA
rec-0198d6144e98df25,CONSTRUCTION_INSPECTIONS|NATIVE|BDE-26-0445654,src-ad034b910dbfb153,tpa-878bf0671ad261,construction_inspections,BDE-26-0445654,2026-06-24,2026-06,permit_record_created,CREATEDDATE,source_record_metadata,0,0,2026-08-23,2026-08,2026-08-23,2026-08,2026-08-23,2026-08,1,1,Issued,Demo SFR,Residential Demolition Permit,3120 W Knights Ave,Bayshore Beautiful,https://aca-prod.accela.com/TAMPA/Cap/CapDetail.aspx?Module=Building&TabName=Building&capID1=26CAP&capID2=00000&capID3=01UC2&agencyCode=TAMPA
rec-0274a8a15d4fba9e,CONSTRUCTION_INSPECTIONS|NATIVE|BLD-26-0526141,src-d0eaf982f3129f04,tpa-158be628a68d75,construction_inspections,BLD-26-0526141,2026-06-26,2026-06,permit_record_created,CREATEDDATE,source_record_metadata,0,0,2026-08-23,2026-08,2026-08-23,2026-08,2026-08-23,2026-08,1,1,Issued,Bathroom Remodel,Residential Building Alterations (Renovations),4014 W Tacon St,Virginia Park,https://aca-prod.accela.com/TAMPA/Cap/CapDetail.aspx?Module=Building&TabName=Building&capID1=26CAP&capID2=00000&capID3=01UNO&agencyCode=TAMPA
rec-02bede7f9289e101,CONSTRUCTION_INSPECTIONS|NATIVE|BLD-26-0526056,src-6c2ebac0ff799b43,tpa-28a18bff34d440,construction_inspections,BLD-26-0526056,2026-06-22,2026-06,permit_record_created,CREATEDDATE,source_record_metadata,0,0,2026-08-23,2026-08,2026-08-23,2026-08,2026-08-23,2026-08,1,1,Issued,FEMA: NEW SFR 2 Story,Residential New Construction and Additions (1 and 2 Family),4625 W Longfellow Ave,Sunset Park,https://aca-prod.accela.com/TAMPA/Cap/CapDetail.aspx?Module=Building&TabName=Building&capID1=26CAP&capID2=00000&capID3=01TNH&agencyCode=TAMPA
rec-04cbaf52ba6d4839,CONSTRUCTION_INSPECTIONS|NATIVE|BDE-26-0445637,src-3ebef718bc67b45d,tpa-fab93f453809b7,construction_inspections,BDE-26-0445637,2026-06-17,2026-06,permit_record_created,CREATEDDATE,source_record_metadata,0,0,2026-08-23,2026-08,2026-08-23,2026-08,2026-08-23,2026-08,1,1,Issued,Res Demo,Residential Demolition Permit,6010 S 4th St,Ballast Point,https://aca-prod.accela.com/TAMPA/Cap/CapDetail.aspx?Module=Building&TabName=Building&capID1=26CAP&capID2=00000&capID3=01SNY&agencyCode=TAMPA
rec-087c9d848e6d93d1,CONSTRUCTION_INSPECTIONS|NATIVE|BDE-26-0445629,src-a8230d23f3fe60c2,tpa-7b556295f04aaf,construction_inspections,BDE-26-0445629,2026-06-15,2026-06,permit_record_created,CREATEDDATE,source_record_metadata,0,0,2026-08-23,2026-08,2026-08-23,2026-08,2026-08-23,2026-08,1,1,Issued,Demo SFR,Residential Demolition Permit,5411 N Park Pl,Riverbend,https://aca-prod.accela.com/TAMPA/Cap/CapDetail.aspx?Module=Building&TabName=Building&capID1=26CAP&capID2=00000&capID3=01S6Q&agencyCode=TAMPA
rec-0a16f9d707b2feb5,CONSTRUCTION_INSPECTIONS|NATIVE|BLD-26-0525559|GLOBALID|{E4561A1C-024B-49A7-8AA9-42B43BCFD647},src-5165e6b069b0c677,tpa-8562549d167076,construction_inspections,BLD-26-0525559,2026-06-02,2026-06,permit_record_created,CREATEDDATE,source_record_metadata,0,0,2026-08-23,2026-08,2026-08-23,2026-08,2026-08-23,2026-08,1,1,Issued,FEMA: Build-out Building 2: Suites 200 & 210,Commercial Building Alterations (Renovations),3600 Causeway Blvd,Port of Tampa,https://aca-prod.accela.com/TAMPA/Cap/CapDetail.aspx?Module=Building&TabName=Building&capID1=26CAP&capID2=00000&capID3=00VAH&agencyCode=TAMPA
rec-0cb6d5cc4a24c66f,CONSTRUCTION_INSPECTIONS|NATIVE|BLD-26-0525821,src-ef13602330e139bc,tpa-0efa038e8d2ac0,construction_inspections,BLD-26-0525821,2026-06-12,2026-06,permit_record_created,CREATEDDATE,source_record_metadata,0,0,2026-08-23,2026-08,2026-08-23,2026-08,2026-08-23,2026-08,1,1,Issued,Bathroom remodel,Residential Building Alterations (Renovations),3000 W San Miguel St,Palma Ceia,https://aca-prod.accela.com/TAMPA/Cap/CapDetail.aspx?Module=Building&TabName=Building&capID1=26CAP&capID2=00000&capID3=00XE8&agencyCode=TAMPA
rec-0d623047b95d5c3a,CONSTRUCTION_INSPECTIONS|NATIVE|BLD-26-0525525,src-48b230256eb51093,tpa-8243ac12889285,construction_inspections,BLD-26-0525525,2026-06-01,2026-06,permit_record_created,CREATEDDATE,source_record_metadata,0,0,2026-08-23,2026-08,2026-08-23,2026-08,2026-08-23,2026-08,1,1,Issued,FEMA: PP: SEC: Interior Reno - Chick Fil A,Commercial Building Alterations (Renovations),200 UT Poe Pkwy,University of Tampa,https://aca-prod.accela.com/TAMPA/Cap/CapDetail.aspx?Module=Building&TabName=Building&capID1=26CAP&capID2=00000&capID3=00V1I&agencyCode=TAMPA
rec-0f190b664f0c8c40,CONSTRUCTION_INSPECTIONS|NATIVE|BLD-26-0526206,src-492b9c2d3cbb03a5,tpa-92822d71aa5d89,construction_inspections,BLD-26-0526206,2026-06-29,2026-06,permit_record_created,CREATEDDATE,source_record_metadata,0,0,2026-08-23,2026-08,2026-08-23,2026-08,2026-08-23,2026-08,1,1,Issued,FEMA: PP: Interior Remodel: Suite 270: Cordell & Cordell,Commercial Building Alterations (Renovations),1000 N Ashley Dr,Downtown River Arts,https://aca-prod.accela.com/TAMPA/Cap/CapDetail.aspx?Module=Building&TabName=Building&capID1=26CAP&capID2=00000&capID3=01V26&agencyCode=TAMPA
rec-0f5d5eec897cc874,CONSTRUCTION_INSPECTIONS|NATIVE|BDE-26-0445612,src-4eacc836dba968d1,tpa-6210687f145cf9,construction_inspections,BDE-26-0445612,2026-06-09,2026-06,permit_record_created,CREATEDDATE,source_record_metadata,0,0,2026-08-23,2026-08,2026-08-23,2026-08,2026-08-23,2026-08,1,1,Issued,Demo SFR,Residential Demolition Permit,3901 W Tacon St,Virginia Park,https://aca-prod.accela.com/TAMPA/Cap/CapDetail.aspx?Module=Building&TabName=Building&capID1=26CAP&capID2=00000&capID3=00WPE&agencyCode=TAMPA
rec-10540c1132c549f7,CONSTRUCTION_INSPECTIONS|NATIVE|BLD-26-0526036,src-f5ecd69d7deb6724,tpa-b0d9e502313fcd,construction_inspections,BLD-26-0526036,2026-06-22,2026-06,permit_record_created,CREATEDDATE,source_record_metadata,0,0,2026-08-23,2026-08,2026-08-23,2026-08,2026-08-23,2026-08,1,1,Issued,FEMA: Bathroom Remodel: Unit 903,Commercial Building Alterations (Renovations),1209 E Cumberland Ave,Channel District,https://aca-prod.accela.com/TAMPA/Cap/CapDetail.aspx?Module=Building&TabName=Building&capID1=26CAP&capID2=00000&capID3=01TGI&agencyCode=TAMPA
rec-116b1a921e0ac562,CONSTRUCTION_INSPECTIONS|NATIVE|BLD-26-0525792,src-fb2a8dea7b5bcd85,tpa-646c629bbfb161,construction_inspections,BLD-26-0525792,2026-06-11,2026-06,permit_record_created,CREATEDDATE,source_record_metadata,0,0,2026-08-23,2026-08,2026-08-23,2026-08,2026-08-23,2026-08,1,1,Issued,PP: FEMA: Renovation: Interior: Weather Tite Windows,Commercial Building Alterations (Renovations),4132 W Gandy Blvd,Gandy / Sun Bay South,https://aca-prod.accela.com/TAMPA/Cap/CapDetail.aspx?Module=Building&TabName=Building&capID1=26CAP&capID2=00000&capID3=00X6G&agencyCode=TAMPA
rec-1246328852b5a2ce,CONSTRUCTION_INSPECTIONS|NATIVE|BLD-26-0525662,src-1c0db35c99fa9656,tpa-905f882ce21996,construction_inspections,BLD-26-0525662,2026-06-05,2026-06,permit_record_created,CREATEDDATE,source_record_metadata,0,0,2026-08-23,2026-08,2026-08-23,2026-08,2026-08-23,2026-08,1,1,Issued,FEMA: Int. Remodel: SpringHill Suites Westshore,Commercial Building Alterations (Renovations),4835 W Cypress St,Westshore,https://aca-prod.accela.com/TAMPA/Cap/CapDetail.aspx?Module=Building&TabName=Building&capID1=26CAP&capID2=00000&capID3=00W1T&agencyCode=TAMPA
rec-14b1585f6b790a20,CONSTRUCTION_INSPECTIONS|NATIVE|BLD-26-0525674,src-9095a9733a316838,tpa-f89a2b23fc4796,construction_inspections,BLD-26-0525674,2026-06-05,2026-06,permit_record_created,CREATEDDATE,source_record_metadata,0,0,2026-08-23,2026-08,2026-08-23,2026-08,2026-08-23,2026-08,1,1,Issued,Expedited Project | Owner: EXPEDITED FEMA: Alteration Kitchen and Bathroom,Commercial Building Alterations (Renovations),501 Knights Run Ave,Harbour Island,https://aca-prod.accela.com/TAMPA/Cap/CapDetail.aspx?Module=Building&TabName=Building&capID1=26CAP&capID2=00000&capID3=00W4N&agencyCode=TAMPA
rec-1a595506fe779255,CONSTRUCTION_INSPECTIONS|NATIVE|BLD-26-0525642,src-75c219ad4b16e11e,tpa-2b04ea44bf5066,construction_inspections,BLD-26-0525642,2026-06-04,2026-06,permit_record_created,CREATEDDATE,source_record_metadata,0,0,2026-08-23,2026-08,2026-08-23,2026-08,2026-08-23,2026-08,1,1,Revision,PP: EARLY START: Interior buildout and Exterior Remodel - Rifle Paper Co.,Commercial Building Alterations (Renovations),714 S Village Cir,Hyde Park Preservation,https://aca-prod.accela.com/TAMPA/Cap/CapDetail.aspx?Module=Building&TabName=Building&capID1=26CAP&capID2=00000&capID3=00VUM&agencyCode=TAMPA
rec-1c5a654472d91d54,CONSTRUCTION_INSPECTIONS|NATIVE|BDE-26-0445594,src-3007b3015d9b737a,tpa-9e426e6a38ec2b,construction_inspections,BDE-26-0445594,2026-06-01,2026-06,permit_record_created,CREATEDDATE,source_record_metadata,0,0,2026-08-23,2026-08,2026-08-23,2026-08,2026-08-23,2026-08,1,1,Issued,Demolition SFR,Residential Demolition Permit,3415 W Harbor View Ave,Bayshore Beautiful,https://aca-prod.accela.com/TAMPA/Cap/CapDetail.aspx?Module=Building&TabName=Building&capID1=26CAP&capID2=00000&capID3=00UV9&agencyCode=TAMPA
rec-20c5d13fc6f37bc0,CONSTRUCTION_INSPECTIONS|NATIVE|BLD-26-0525961,src-cad8b9c9412841cc,tpa-9744ddc7007e9a,construction_inspections,BLD-26-0525961,2026-06-18,2026-06,permit_record_created,CREATEDDATE,source_record_metadata,0,0,2026-08-23,2026-08,2026-08-23,2026-08,2026-08-23,2026-08,1,1,Issued,Interior/Exterior Alteration,Residential Building Alterations (Renovations),3018 E Norfolk St,Rivergrove,https://aca-prod.accela.com/TAMPA/Cap/CapDetail.aspx?Module=Building&TabName=Building&capID1=26CAP&capID2=00000&capID3=01T4H&agencyCode=TAMPA
rec-2a388c45e7831704,CONSTRUCTION_INSPECTIONS|NATIVE|BLD-26-0526126,src-f8852bb3e7f84655,tpa-8132f894b2e704,construction_inspections,BLD-26-0526126,2026-06-25,2026-06,permit_record_created,CREATEDDATE,source_record_metadata,0,0,2026-08-23,2026-08,2026-08-23,2026-08,2026-08-23,2026-08,1,1,Issued,PP: New 2-Story SFR,Residential New Construction and Additions (1 and 2 Family),3217 W Lawn Ave,Bayshore Beautiful,https://aca-prod.accela.com/TAMPA/Cap/CapDetail.aspx?Module=Building&TabName=Building&capID1=26CAP&capID2=00000&capID3=01UGJ&agencyCode=TAMPA
rec-2b7102c3233301b0,CONSTRUCTION_INSPECTIONS|NATIVE|BLD-26-0525828,src-477d14d8d08e2566,tpa-e74dc727132f32,construction_inspections,BLD-26-0525828,2026-06-12,2026-06,permit_record_created,CREATEDDATE,source_record_metadata,0,0,2026-08-23,2026-08,2026-08-23,2026-08,2026-08-23,2026-08,1,1,Revision,PP: New-2 Story SFR,Residential New Construction and Additions (1 and 2 Family),3207 W Wyoming Ave,Interbay - South of Gandy,https://aca-prod.accela.com/TAMPA/Cap/CapDetail.aspx?Module=Building&TabName=Building&capID1=26CAP&capID2=00000&capID3=00XFG&agencyCode=TAMPA
rec-2db512c90d1dea98,CONSTRUCTION_INSPECTIONS|NATIVE|BLD-26-0525883,src-da18d81112d50121,tpa-e0221199d1fe5a,construction_inspections,BLD-26-0525883,2026-06-16,2026-06,permit_record_created,CREATEDDATE,source_record_metadata,0,0,2026-08-23,2026-08,2026-08-23,2026-08,2026-08-23,2026-08,1,1,Issued,PP: New-1 Story SFR,Residential New Construction and Additions (1 and 2 Family),8408 N Brooks St,Sulphur Springs,https://aca-prod.accela.com/TAMPA/Cap/CapDetail.aspx?Module=Building&TabName=Building&capID1=26CAP&capID2=00000&capID3=01SF8&agencyCode=TAMPA
rec-2e050dbfdffa1863,CONSTRUCTION_INSPECTIONS|NATIVE|BDE-26-0445640,src-79aab9ef1f43f750,tpa-8e058600d8f3af,construction_inspections,BDE-26-0445640,2026-06-18,2026-06,permit_record_created,CREATEDDATE,source_record_metadata,0,0,2026-08-23,2026-08,2026-08-23,2026-08,2026-08-23,2026-08,1,1,Issued,Demolition SFR,Residential Demolition Permit,2912 W Alline Ave,Bayshore Beautiful,https://aca-prod.accela.com/TAMPA/Cap/CapDetail.aspx?Module=Building&TabName=Building&capID1=26CAP&capID2=00000&capID3=01T12&agencyCode=TAMPA
rec-2f2590d98a9aeeba,CONSTRUCTION_INSPECTIONS|NATIVE|BDE-26-0445611,src-c3ef8432f8f94510,tpa-f077c4d7978359,construction_inspections,BDE-26-0445611,2026-06-09,2026-06,permit_record_created,CREATEDDATE,source_record_metadata,0,0,2026-08-23,2026-08,2026-08-23,2026-08,2026-08-23,2026-08,1,1,Issued,Demo SFR & Shed,Residential Demolition Permit,4829 W San Jose St,Sunset Park,https://aca-prod.accela.com/TAMPA/Cap/CapDetail.aspx?Module=Building&TabName=Building&capID1=26CAP&capID2=00000&capID3=00WNM&agencyCode=TAMPA
rec-2f47061ce5fc8a46,CONSTRUCTION_INSPECTIONS|NATIVE|BLD-26-0525760,src-859a58c38a5efb79,tpa-67b17fd414a200,construction_inspections,BLD-26-0525760,2026-06-10,2026-06,permit_record_created,CREATEDDATE,source_record_metadata,0,0,2026-08-23,2026-08,2026-08-23,2026-08,2026-08-23,2026-08,1,1,Issued,FEMA: PP: Tenant Build out: SUITE 900 (GenServe),Commercial Building Alterations (Renovations),1511 N West Shore Blvd,Carver City Lincoln Gardens,https://aca-prod.accela.com/TAMPA/Cap/CapDetail.aspx?Module=Building&TabName=Building&capID1=26CAP&capID2=00000&capID3=00WVV&agencyCode=TAMPA
rec-31f943337ca2c3bf,CONSTRUCTION_INSPECTIONS|NATIVE|BDE-26-0445669,src-6304592e6da2f5b3,tpa-168806a01910ae,construction_inspections,BDE-26-0445669,2026-06-30,2026-06,permit_record_created,CREATEDDATE,source_record_metadata,0,0,2026-08-23,2026-08,2026-08-23,2026-08,2026-08-23,2026-08,1,1,Issued,DEMO SFR,Residential Demolition Permit,1005 W Fribley St,Riverside Heights,https://aca-prod.accela.com/TAMPA/Cap/CapDetail.aspx?Module=Building&TabName=Building&capID1=26CAP&capID2=00000&capID3=01V9Z&agencyCode=TAMPA
rec-3260ae7538947bb4,CONSTRUCTION_INSPECTIONS|NATIVE|BDE-26-0445626,src-ca9b3ffeb13b0976,tpa-d6c3c0e660669a,construction_inspections,BDE-26-0445626,2026-06-15,2026-06,permit_record_created,CREATEDDATE,source_record_metadata,0,0,2026-08-23,2026-08,2026-08-23,2026-08,2026-08-23,2026-08,1,1,Issued,Res Demo,Residential Demolition Permit,3616 W Azeele St,Bon Air,https://aca-prod.accela.com/TAMPA/Cap/CapDetail.aspx?Module=Building&TabName=Building&capID1=26CAP&capID2=00000&capID3=01S1O&agencyCode=TAMPA
rec-33a9ba602b1f44a0,CONSTRUCTION_INSPECTIONS|NATIVE|BLD-26-0525905,src-b64257bf82743dd9,tpa-88977bd7316473,construction_inspections,BLD-26-0525905,2026-06-16,2026-06,permit_record_created,CREATEDDATE,source_record_metadata,0,0,2026-08-23,2026-08,2026-08-23,2026-08,2026-08-23,2026-08,1,1,Issued,Interior Renovation,Residential Building Alterations (Renovations),9131 Woodridge Run Dr,Hunter's Green Osprey Point,https://aca-prod.accela.com/TAMPA/Cap/CapDetail.aspx?Module=Building&TabName=Building&capID1=26CAP&capID2=00000&capID3=01SKN&agencyCode=TAMPA
rec-3bb9b05837bb0640,CONSTRUCTION_INSPECTIONS|NATIVE|BLD-26-0525692,src-e614107611f2a56c,tpa-d73d391bb9871d,construction_inspections,BLD-26-0525692,2026-06-08,2026-06,permit_record_created,CREATEDDATE,source_record_metadata,0,0,2026-08-23,2026-08,2026-08-23,2026-08,2026-08-23,2026-08,1,1,Issued,COT: Change of Use/Occupancy: Guida House Project,Commercial Building Alterations (Renovations),1516 N Renfrew St,Macfarlane Park,https://aca-prod.accela.com/TAMPA/Cap/CapDetail.aspx?Module=Building&TabName=Building&capID1=26CAP&capID2=00000&capID3=00WAH&agencyCode=TAMPA
rec-3c87aaf0ac7f6f24,CONSTRUCTION_INSPECTIONS|NATIVE|BDE-26-0445664,src-6ff53b4ca5d6fe69,tpa-efdbf7581ee899,construction_inspections,BDE-26-0445664,2026-06-29,2026-06,permit_record_created,CREATEDDATE,source_record_metadata,0,0,2026-08-23,2026-08,2026-08-23,2026-08,2026-08-23,2026-08,1,1,Issued,DEMO SFR,Residential Demolition Permit,7314 S Sherrill St,"Port Tampa City, Inc. Civic Association",https://aca-prod.accela.com/TAMPA/Cap/CapDetail.aspx?Module=Building&TabName=Building&capID1=26CAP&capID2=00000&capID3=01V44&agencyCode=TAMPA
rec-426090534ec13b3c,CONSTRUCTION_INSPECTIONS|NATIVE|BLD-26-0525900,src-112da09cd8ab2e81,tpa-819a16174b0019,construction_inspections,BLD-26-0525900,2026-06-16,2026-06,permit_record_created,CREATEDDATE,source_record_metadata,0,0,2026-08-23,2026-08,2026-08-23,2026-08,2026-08-23,2026-08,1,1,Issued,PP: New 2 Story SFR,Residential New Construction and Additions (1 and 2 Family),1006 W Adalee St,Riverside Heights,https://aca-prod.accela.com/TAMPA/Cap/CapDetail.aspx?Module=Building&TabName=Building&capID1=26CAP&capID2=00000&capID3=01SK5&agencyCode=TAMPA
rec-456c02369029b46f,CONSTRUCTION_INSPECTIONS|NATIVE|BLD-26-0526116,src-82bb1f7e924edcce,tpa-94478aa7f94d86,construction_inspections,BLD-26-0526116,2026-06-24,2026-06,permit_record_created,CREATEDDATE,source_record_metadata,0,0,2026-08-23,2026-08,2026-08-23,2026-08,2026-08-23,2026-08,1,1,Issued,Interior Alteration,Residential Building Alterations (Renovations),19236 Early Violet Dr,K Bar Ranch,https://aca-prod.accela.com/TAMPA/Cap/CapDetail.aspx?Module=Building&TabName=Building&capID1=26CAP&capID2=00000&capID3=01UC1&agencyCode=TAMPA
rec-45afc4431febbc1b,CONSTRUCTION_INSPECTIONS|NATIVE|BLD-26-0525881,src-d59bc6d8892a390f,tpa-8f1e44bcbcfc75,construction_inspections,BLD-26-0525881,2026-06-16,2026-06,permit_record_created,CREATEDDATE,source_record_metadata,0,0,2026-08-23,2026-08,2026-08-23,2026-08,2026-08-23,2026-08,1,1,Revision,PP:New 2-Story SFR,Residential New Construction and Additions (1 and 2 Family),4003 W Kensington Ave,Virginia Park,https://aca-prod.accela.com/TAMPA/Cap/CapDetail.aspx?Module=Building&TabName=Building&capID1=26CAP&capID2=00000&capID3=01SEQ&agencyCode=TAMPA
rec-4c24551f0f3834ac,CONSTRUCTION_INSPECTIONS|NATIVE|BLD-26-0525540,src-6f3d9d73d803f80f,tpa-e04341b535c475,construction_inspections,BLD-26-0525540,2026-06-02,2026-06,permit_record_created,CREATEDDATE,source_record_metadata,0,0,2026-08-23,2026-08,2026-08-23,2026-08,2026-08-23,2026-08,1,1,Revision,FEMA: PP: Suite 1250 expansion to 1200 Interior Remodel: Azuria,Commercial Building Alterations (Renovations),7650 W Courtney Campbell Cswy,Westshore,https://aca-prod.accela.com/TAMPA/Cap/CapDetail.aspx?Module=Building&TabName=Building&capID1=26CAP&capID2=00000&capID3=00V5B&agencyCode=TAMPA
rec-4cad2f515048672a,CONSTRUCTION_INSPECTIONS|NATIVE|BLD-26-0525508,src-4618d963c2e7262b,tpa-5e14926a7ea707,construction_inspections,BLD-26-0525508,2026-06-01,2026-06,permit_record_created,CREATEDDATE,source_record_metadata,0,0,2026-08-23,2026-08,2026-08-23,2026-08,2026-08-23,2026-08,1,1,Issued,CMP-23-0010675 ATF: Int/ext remodel/ New Driveway,Residential Building Alterations (Renovations),3006 E Emma St,East Tampa 1,https://aca-prod.accela.com/TAMPA/Cap/CapDetail.aspx?Module=Building&TabName=Building&capID1=26CAP&capID2=00000&capID3=00UVV&agencyCode=TAMPA
rec-4e78aee66d35f2a0,CONSTRUCTION_INSPECTIONS|NATIVE|BLD-26-0526027,src-d28cc5a0ceb442ed,tpa-d5fe28fc2fc8e9,construction_inspections,BLD-26-0526027,2026-06-22,2026-06,permit_record_created,CREATEDDATE,source_record_metadata,0,0,2026-08-23,2026-08,2026-08-23,2026-08,2026-08-23,2026-08,1,1,Revision,PP: New 2 Story Residence,Residential New Construction and Additions (1 and 2 Family),1401 E 29th Ave,Ybor Heights Neighborhood Association and Watch Group,https://aca-prod.accela.com/TAMPA/Cap/CapDetail.aspx?Module=Building&TabName=Building&capID1=26CAP&capID2=00000&capID3=01TE3&agencyCode=TAMPA
rec-51bdc59a3abe2f2a,CONSTRUCTION_INSPECTIONS|NATIVE|BLD-26-0526108,src-d1b9a48710272b8f,tpa-fefc0116fce2f0,construction_inspections,BLD-26-0526108,2026-06-24,2026-06,permit_record_created,CREATEDDATE,source_record_metadata,0,0,2026-08-23,2026-08,2026-08-23,2026-08,2026-08-23,2026-08,1,1,Issued,Bathroom remodel,Residential Building Alterations (Renovations),16325 Burniston Dr,Tampa Palms North,https://aca-prod.accela.com/TAMPA/Cap/CapDetail.aspx?Module=Building&TabName=Building&capID1=26CAP&capID2=00000&capID3=01U9M&agencyCode=TAMPA
rec-5361078f6b327fa0,CONSTRUCTION_INSPECTIONS|NATIVE|BLD-26-0525705,src-3b8e9ec6c1b892ed,tpa-6f3b20ba1aec1d,construction_inspections,BLD-26-0525705,2026-06-08,2026-06,permit_record_created,CREATEDDATE,source_record_metadata,0,0,2026-08-23,2026-08,2026-08-23,2026-08,2026-08-23,2026-08,1,1,Issued,bathroom remodel,Residential Building Alterations (Renovations),8609 Egret Point Ct,West Meadows,https://aca-prod.accela.com/TAMPA/Cap/CapDetail.aspx?Module=Building&TabName=Building&capID1=26CAP&capID2=00000&capID3=00WFO&agencyCode=TAMPA
rec-539f2ca5bccc9075,CONSTRUCTION_INSPECTIONS|NATIVE|BLD-26-0525827,src-31f5e01360de5a8f,tpa-0051208ccc93a4,construction_inspections,BLD-26-0525827,2026-06-12,2026-06,permit_record_created,CREATEDDATE,source_record_metadata,0,0,2026-08-23,2026-08,2026-08-23,2026-08,2026-08-23,2026-08,1,1,Issued,PP:New 2-Story SFR,Residential New Construction and Additions (1 and 2 Family),210 N Glen Ave,Oakford Park,https://aca-prod.accela.com/TAMPA/Cap/CapDetail.aspx?Module=Building&TabName=Building&capID1=26CAP&capID2=00000&capID3=00XFD&agencyCode=TAMPA
rec-56612e21c876466e,CONSTRUCTION_INSPECTIONS|NATIVE|BDE-26-0445662,src-3e376c3963586ff8,tpa-7d71bf505e0332,construction_inspections,BDE-26-0445662,2026-06-29,2026-06,permit_record_created,CREATEDDATE,source_record_metadata,0,0,2026-08-23,2026-08,2026-08-23,2026-08,2026-08-23,2026-08,1,1,Issued,DEMO SFR,Residential Demolition Permit,3914 W San Miguel St,Palma Ceia West,https://aca-prod.accela.com/TAMPA/Cap/CapDetail.aspx?Module=Building&TabName=Building&capID1=26CAP&capID2=00000&capID3=01V09&agencyCode=TAMPA
rec-5dfcd26427b0229d,CONSTRUCTION_INSPECTIONS|NATIVE|BLD-26-0525834,src-66682102c2a8b002,tpa-4170383a03002d,construction_inspections,BLD-26-0525834,2026-06-12,2026-06,permit_record_created,CREATEDDATE,source_record_metadata,0,0,2026-08-23,2026-08,2026-08-23,2026-08,2026-08-23,2026-08,1,1,Issued,PP: New 2 Story SFR and ADU,Residential New Construction and Additions (1 and 2 Family),719 W Peninsular St,Riverside Heights,https://aca-prod.accela.com/TAMPA/Cap/CapDetail.aspx?Module=Building&TabName=Building&capID1=26CAP&capID2=00000&capID3=00XH5&agencyCode=TAMPA
rec-65fa8da099625e84,CONSTRUCTION_INSPECTIONS|NATIVE|BLD-26-0525859,src-b23a7f66bee93fd9,tpa-1f9526c4db148b,construction_inspections,BLD-26-0525859,2026-06-15,2026-06,permit_record_created,CREATEDDATE,source_record_metadata,0,0,2026-08-23,2026-08,2026-08-23,2026-08,2026-08-23,2026-08,1,1,Issued,Interior Alteration - Bathroom,Residential Building Alterations (Renovations),3535 Village Way,Bayshore Beautiful,https://aca-prod.accela.com/TAMPA/Cap/CapDetail.aspx?Module=Building&TabName=Building&capID1=26CAP&capID2=00000&capID3=01S3A&agencyCode=TAMPA
rec-6930a392222c8b2a,CONSTRUCTION_INSPECTIONS|NATIVE|BLD-26-0525848,src-00bc73f79af9d677,tpa-f814014293a184,construction_inspections,BLD-26-0525848,2026-06-15,2026-06,permit_record_created,CREATEDDATE,source_record_metadata,0,0,2026-08-23,2026-08,2026-08-23,2026-08,2026-08-23,2026-08,1,1,Issued,Addition - Convert Carport Into Kitchen,Residential New Construction and Additions (1 and 2 Family),3314 W Nassau St,Midtown Tampa,https://aca-prod.accela.com/TAMPA/Cap/CapDetail.aspx?Module=Building&TabName=Building&capID1=26CAP&capID2=00000&capID3=01RR7&agencyCode=TAMPA
rec-6a1bdf8939a7af99,CONSTRUCTION_INSPECTIONS|NATIVE|BLD-26-0526013,src-aa846ea74613ca6a,tpa-ed726caf8d2425,construction_inspections,BLD-26-0526013,2026-06-19,2026-06,permit_record_created,CREATEDDATE,source_record_metadata,0,0,2026-08-23,2026-08,2026-08-23,2026-08,2026-08-23,2026-08,1,1,Issued,FEMA - Addition & Remodel,Residential New Construction and Additions (1 and 2 Family),1109 Culbreath Isles Dr,Culbreath Isles,https://aca-prod.accela.com/TAMPA/Cap/CapDetail.aspx?Module=Building&TabName=Building&capID1=26CAP&capID2=00000&capID3=01TBV&agencyCode=TAMPA
rec-6b408d8b4a657938,CONSTRUCTION_INSPECTIONS|NATIVE|BDE-26-0445668,src-c58a551bc63f3f55,tpa-0078c31f5c7eda,construction_inspections,BDE-26-0445668,2026-06-30,2026-06,permit_record_created,CREATEDDATE,source_record_metadata,0,0,2026-08-23,2026-08,2026-08-23,2026-08,2026-08-23,2026-08,1,1,Issued,OWNER: DEMO SFR,Residential Demolition Permit,4312 W Main St,Carver City Lincoln Gardens,https://aca-prod.accela.com/TAMPA/Cap/CapDetail.aspx?Module=Building&TabName=Building&capID1=26CAP&capID2=00000&capID3=01V8I&agencyCode=TAMPA
rec-6cbb1a44bc202640,CONSTRUCTION_INSPECTIONS|NATIVE|BDE-26-0445620,src-7a406ebf8e3b7a51,tpa-b07f56c5f5635b,construction_inspections,BDE-26-0445620,2026-06-12,2026-06,permit_record_created,CREATEDDATE,source_record_metadata,0,0,2026-08-23,2026-08,2026-08-23,2026-08,2026-08-23,2026-08,1,1,Issued,DEMO SFR,Residential Demolition Permit,4012 W Angeles St,Palma Ceia West,https://aca-prod.accela.com/TAMPA/Cap/CapDetail.aspx?Module=Building&TabName=Building&capID1=26CAP&capID2=00000&capID3=00XCK&agencyCode=TAMPA
rec-6d2a1093bcb414b4,CONSTRUCTION_INSPECTIONS|NATIVE|BLD-26-0525511,src-ef7fc1470a05f356,tpa-6446694fb39caa,construction_inspections,BLD-26-0525511,2026-06-01,2026-06,permit_record_created,CREATEDDATE,source_record_metadata,0,0,2026-08-23,2026-08,2026-08-23,2026-08,2026-08-23,2026-08,1,1,Issued,SEC: FEMA: 18th FL Restroom and Elevator Lobby Renovation,Commercial Building Alterations (Renovations),100 N Tampa St,Tampa Downtown Partnership,https://aca-prod.accela.com/TAMPA/Cap/CapDetail.aspx?Module=Building&TabName=Building&capID1=26CAP&capID2=00000&capID3=00UX8&agencyCode=TAMPA
rec-716e6346e6f256d8,CONSTRUCTION_INSPECTIONS|NATIVE|BLD-26-0525813,src-d8b5fd5598da1940,tpa-8d060769b5d6c6,construction_inspections,BLD-26-0525813,2026-06-12,2026-06,permit_record_created,CREATEDDATE,source_record_metadata,0,0,2026-08-23,2026-08,2026-08-23,2026-08,2026-08-23,2026-08,1,1,Issued,Covered Lanai w Concrete Pad,Residential New Construction and Additions (1 and 2 Family),3616 W El Prado Blvd,Palma Ceia,https://aca-prod.accela.com/TAMPA/Cap/CapDetail.aspx?Module=Building&TabName=Building&capID1=26CAP&capID2=00000&capID3=00XAZ&agencyCode=TAMPA
rec-7295bf978ee7e285,CONSTRUCTION_INSPECTIONS|NATIVE|BLD-26-0525637,src-e34fc06913129754,tpa-ca9e256b1e6b19,construction_inspections,BLD-26-0525637,2026-06-04,2026-06,permit_record_created,CREATEDDATE,source_record_metadata,0,0,2026-08-23,2026-08,2026-08-23,2026-08,2026-08-23,2026-08,1,1,Issued,PP: New SFR 2 Story,Residential New Construction and Additions (1 and 2 Family),711 W Virginia Ave,Riverside Heights,https://aca-prod.accela.com/TAMPA/Cap/CapDetail.aspx?Module=Building&TabName=Building&capID1=26CAP&capID2=00000&capID3=00VT6&agencyCode=TAMPA
rec-7abb0eaf8a8f59d7,CONSTRUCTION_INSPECTIONS|NATIVE|BLD-26-0525847,src-81cba9018d13e1fb,tpa-e6d277fcc50d5f,construction_inspections,BLD-26-0525847,2026-06-15,2026-06,permit_record_created,CREATEDDATE,source_record_metadata,0,0,2026-08-23,2026-08,2026-08-23,2026-08,2026-08-23,2026-08,1,1,Issued,Fema: PP: Unit 1601: Kitchen/Bathroom Remodel,Commercial Building Alterations (Renovations),2413 Bayshore Blvd,Bayshore Gardens,https://aca-prod.accela.com/TAMPA/Cap/CapDetail.aspx?Module=Building&TabName=Building&capID1=26CAP&capID2=00000&capID3=01RQ7&agencyCode=TAMPA
rec-7b2dcc6f0df33393,CONSTRUCTION_INSPECTIONS|NATIVE|BLD-26-0525699,src-dcf4ad2f68b5ccdd,tpa-818bf305aaa4ba,construction_inspections,BLD-26-0525699,2026-06-08,2026-06,permit_record_created,CREATEDDATE,source_record_metadata,0,0,2026-08-23,2026-08,2026-08-23,2026-08,2026-08-23,2026-08,1,1,Issued,Interior Alteration - Bathroom,Commercial Building Alterations (Renovations),5100 Burchette Rd,Tampa Palms,https://aca-prod.accela.com/TAMPA/Cap/CapDetail.aspx?Module=Building&TabName=Building&capID1=26CAP&capID2=00000&capID3=00WEQ&agencyCode=TAMPA
rec-7c9ed174a807ae9c,CONSTRUCTION_INSPECTIONS|NATIVE|BLD-26-0526241,src-f64fe1cad7aa8d7f,tpa-2797cd81a69511,construction_inspections,BLD-26-0526241,2026-06-30,2026-06,permit_record_created,CREATEDDATE,source_record_metadata,0,0,2026-08-23,2026-08,2026-08-23,2026-08,2026-08-23,2026-08,1,1,Issued,FEMA: PP: New 2-Story SFR,Residential New Construction and Additions (1 and 2 Family),4710 W Knights Ave,Bayside West,https://aca-prod.accela.com/TAMPA/Cap/CapDetail.aspx?Module=Building&TabName=Building&capID1=26CAP&capID2=00000&capID3=01V9Q&agencyCode=TAMPA
rec-7fe38a6f9651d90a,CONSTRUCTION_INSPECTIONS|NATIVE|BLD-26-0525559|GLOBALID|{62C3F11F-CB69-4E7E-8D57-9464F8D538B3},src-7f5d142c479ea671,tpa-8562549d167076,construction_inspections,BLD-26-0525559,2026-06-02,2026-06,permit_record_created,CREATEDDATE,source_record_metadata,0,0,2026-08-23,2026-08,2026-08-23,2026-08,2026-08-23,2026-08,1,1,Issued,FEMA: Build-out Building 2: Suites 200 & 210,Commercial Building Alterations (Renovations),3602 Causeway Blvd,Port of Tampa,https://aca-prod.accela.com/TAMPA/Cap/CapDetail.aspx?Module=Building&TabName=Building&capID1=26CAP&capID2=00000&capID3=00VAH&agencyCode=TAMPA
rec-7ff1c8eb3ccc3b6e,CONSTRUCTION_INSPECTIONS|NATIVE|BDE-26-0445609,src-410b55854f556924,tpa-2eb68717238e5e,construction_inspections,BDE-26-0445609,2026-06-08,2026-06,permit_record_created,CREATEDDATE,source_record_metadata,0,0,2026-08-23,2026-08,2026-08-23,2026-08,2026-08-23,2026-08,1,1,Issued,DEMO SFR,Residential Demolition Permit,4216 N Manhattan Ave,Drew Park,https://aca-prod.accela.com/TAMPA/Cap/CapDetail.aspx?Module=Building&TabName=Building&capID1=26CAP&capID2=00000&capID3=00WEL&agencyCode=TAMPA
rec-81854f3760c6054b,CONSTRUCTION_INSPECTIONS|NATIVE|BLD-26-0526062,src-6d7c175738314635,tpa-a19bd1596ee330,construction_inspections,BLD-26-0526062,2026-06-22,2026-06,permit_record_created,CREATEDDATE,source_record_metadata,0,0,2026-08-23,2026-08,2026-08-23,2026-08,2026-08-23,2026-08,1,1,Issued,PP:Interior Alterations - Designers Closet,Commercial Building Alterations (Renovations),2001 E Fowler Ave,University Square,https://aca-prod.accela.com/TAMPA/Cap/CapDetail.aspx?Module=Building&TabName=Building&capID1=26CAP&capID2=00000&capID3=01TOM&agencyCode=TAMPA
rec-8cf46455303f03c1,CONSTRUCTION_INSPECTIONS|NATIVE|BLD-26-0525562,src-f8665d48ea4f9cb6,tpa-1d3edffd3bbfbb,construction_inspections,BLD-26-0525562,2026-06-02,2026-06,permit_record_created,CREATEDDATE,source_record_metadata,0,0,2026-08-23,2026-08,2026-08-23,2026-08,2026-08-23,2026-08,1,1,Issued,FEMA: Alteration to Shell Building 3: Suite 300,Commercial Building Alterations (Renovations),3600 Causeway Blvd,Port of Tampa,https://aca-prod.accela.com/TAMPA/Cap/CapDetail.aspx?Module=Building&TabName=Building&capID1=26CAP&capID2=00000&capID3=00VAN&agencyCode=TAMPA
rec-9060eb0e6c3d5081,CONSTRUCTION_INSPECTIONS|NATIVE|BLD-26-0525838,src-a20488bc3d26d77e,tpa-48d9713e1c0512,construction_inspections,BLD-26-0525838,2026-06-12,2026-06,permit_record_created,CREATEDDATE,source_record_metadata,0,0,2026-08-23,2026-08,2026-08-23,2026-08,2026-08-23,2026-08,1,1,Issued,Temporary Portable Classrooms (4),Commercial New Construction and Additions,4701 N Himes Ave,Plaza Terrace,https://aca-prod.accela.com/TAMPA/Cap/CapDetail.aspx?Module=Building&TabName=Building&capID1=26CAP&capID2=00000&capID3=00XHZ&agencyCode=TAMPA
rec-916b0b1905c30bca,CONSTRUCTION_INSPECTIONS|NATIVE|BLD-26-0526061,src-2ebe22a9c8f62d8b,tpa-585b541e399f4f,construction_inspections,BLD-26-0526061,2026-06-22,2026-06,permit_record_created,CREATEDDATE,source_record_metadata,0,0,2026-08-23,2026-08,2026-08-23,2026-08,2026-08-23,2026-08,1,1,Issued,Early Start: THRESH: PP: Interior Remodel: Restaurant - Wagamama Pan Asian Block F2 Ground Floor,Commercial Building Alterations (Renovations),1050 Water St,Tampa Downtown Partnership,https://aca-prod.accela.com/TAMPA/Cap/CapDetail.aspx?Module=Building&TabName=Building&capID1=26CAP&capID2=00000&capID3=01TOI&agencyCode=TAMPA
rec-926adf04da981b5b,CONSTRUCTION_INSPECTIONS|NATIVE|BLD-26-0526100,src-39c9403dc07cd813,tpa-f93c145f70d0a6,construction_inspections,BLD-26-0526100,2026-06-24,2026-06,permit_record_created,CREATEDDATE,source_record_metadata,0,0,2026-08-23,2026-08,2026-08-23,2026-08,2026-08-23,2026-08,1,1,Issued,THRESHOLD BUILDING Interior Build-Out - Suite 855 - CFS Staffing,Commercial Building Alterations (Renovations),4200 W Cypress St,Westshore,https://aca-prod.accela.com/TAMPA/Cap/CapDetail.aspx?Module=Building&TabName=Building&capID1=26CAP&capID2=00000&capID3=01U6Y&agencyCode=TAMPA
rec-98477c169c500a05,CONSTRUCTION_INSPECTIONS|NATIVE|BDE-26-0445621,src-308b6d4f217a8830,tpa-c9b4a50dfada91,construction_inspections,BDE-26-0445621,2026-06-12,2026-06,permit_record_created,CREATEDDATE,source_record_metadata,0,0,2026-08-23,2026-08,2026-08-23,2026-08,2026-08-23,2026-08,1,1,Issued,DEMO SFR,Residential Demolition Permit,578 Luzon Ave,Davis Islands,https://aca-prod.accela.com/TAMPA/Cap/CapDetail.aspx?Module=Building&TabName=Building&capID1=26CAP&capID2=00000&capID3=00XCO&agencyCode=TAMPA
rec-989ad2e7051aa94c,CONSTRUCTION_INSPECTIONS|NATIVE|BDE-26-0445667,src-216854f5d218ef94,tpa-225f50b38f8277,construction_inspections,BDE-26-0445667,2026-06-30,2026-06,permit_record_created,CREATEDDATE,source_record_metadata,0,0,2026-08-23,2026-08,2026-08-23,2026-08,2026-08-23,2026-08,1,1,Issued,DEMO SFR,Residential Demolition Permit,3306 N Perry Ave,Riverside Heights,https://aca-prod.accela.com/TAMPA/Cap/CapDetail.aspx?Module=Building&TabName=Building&capID1=26CAP&capID2=00000&capID3=01V85&agencyCode=TAMPA
rec-9a45b06a0fdc24ac,CONSTRUCTION_INSPECTIONS|NATIVE|BLD-26-0526005,src-54436f9cd77dea05,tpa-7c2edb55a5a8df,construction_inspections,BLD-26-0526005,2026-06-19,2026-06,permit_record_created,CREATEDDATE,source_record_metadata,0,0,2026-08-23,2026-08,2026-08-23,2026-08,2026-08-23,2026-08,1,1,Issued,New 2-Story SFR,Residential New Construction and Additions (1 and 2 Family),3113 W Pearl Ave,Interbay - South of Gandy,https://aca-prod.accela.com/TAMPA/Cap/CapDetail.aspx?Module=Building&TabName=Building&capID1=26CAP&capID2=00000&capID3=01TAC&agencyCode=TAMPA
rec-a2dfc063e2a3170d,CONSTRUCTION_INSPECTIONS|NATIVE|BDE-26-0445608,src-0165801f8dca2d57,tpa-2d3093af88857a,construction_inspections,BDE-26-0445608,2026-06-08,2026-06,permit_record_created,CREATEDDATE,source_record_metadata,0,0,2026-08-23,2026-08,2026-08-23,2026-08,2026-08-23,2026-08,1,1,Issued,Demo SFR,Residential Demolition Permit,103 W Stanley St,Old Seminole Heights,https://aca-prod.accela.com/TAMPA/Cap/CapDetail.aspx?Module=Building&TabName=Building&capID1=26CAP&capID2=00000&capID3=00WAK&agencyCode=TAMPA
rec-a5b881a6420b98f1,CONSTRUCTION_INSPECTIONS|NATIVE|BLD-26-0526074,src-96d6aa7cdcc72825,tpa-6cfb3c773ef9bd,construction_inspections,BLD-26-0526074,2026-06-23,2026-06,permit_record_created,CREATEDDATE,source_record_metadata,0,0,2026-08-23,2026-08,2026-08-23,2026-08,2026-08-23,2026-08,1,1,Issued,PP:New 2-Story SFR,Residential New Construction and Additions (1 and 2 Family),3509 N Av Republica De Cuba,Ybor Heights Neighborhood Association and Watch Group,https://aca-prod.accela.com/TAMPA/Cap/CapDetail.aspx?Module=Building&TabName=Building&capID1=26CAP&capID2=00000&capID3=01TVU&agencyCode=TAMPA
rec-a63233736b667a5a,CONSTRUCTION_INSPECTIONS|NATIVE|BDE-26-0445658,src-320171021679651f,tpa-e5d4005f86acb4,construction_inspections,BDE-26-0445658,2026-06-26,2026-06,permit_record_created,CREATEDDATE,source_record_metadata,0,0,2026-08-23,2026-08,2026-08-23,2026-08,2026-08-23,2026-08,1,1,Issued,Demo SFR,Residential Demolition Permit,88 Adalia Ave,Davis Islands,https://aca-prod.accela.com/TAMPA/Cap/CapDetail.aspx?Module=Building&TabName=Building&capID1=26CAP&capID2=00000&capID3=01UPB&agencyCode=TAMPA
rec-a6cbd6e4e9b53316,CONSTRUCTION_INSPECTIONS|NATIVE|BDE-26-0445631,src-e017d7e15187f0ab,tpa-edba2d15768fb0,construction_inspections,BDE-26-0445631,2026-06-16,2026-06,permit_record_created,CREATEDDATE,source_record_metadata,0,0,2026-08-23,2026-08,2026-08-23,2026-08,2026-08-23,2026-08,1,1,Issued,Demo SFR,Residential Demolition Permit,4306 S Hubert Ave,FairOaks Manhattan,https://aca-prod.accela.com/TAMPA/Cap/CapDetail.aspx?Module=Building&TabName=Building&capID1=26CAP&capID2=00000&capID3=01S98&agencyCode=TAMPA
rec-a7bede38b301d458,CONSTRUCTION_INSPECTIONS|NATIVE|BLD-26-0525551,src-d6ca4c1df3ff2d2b,tpa-7f775e9fd5ae2f,construction_inspections,BLD-26-0525551,2026-06-02,2026-06,permit_record_created,CREATEDDATE,source_record_metadata,0,0,2026-08-23,2026-08,2026-08-23,2026-08,2026-08-23,2026-08,1,1,Issued,FEMA: Interior reno - Suite 305,Commercial Building Alterations (Renovations),205 S Hoover Blvd,Beach Park,https://aca-prod.accela.com/TAMPA/Cap/CapDetail.aspx?Module=Building&TabName=Building&capID1=26CAP&capID2=00000&capID3=00V78&agencyCode=TAMPA
rec-ab1b41e50d56b608,CONSTRUCTION_INSPECTIONS|NATIVE|BDE-26-0445642,src-d7a60dd97e468bbe,tpa-e7291e097ba4c0,construction_inspections,BDE-26-0445642,2026-06-18,2026-06,permit_record_created,CREATEDDATE,source_record_metadata,0,0,2026-08-23,2026-08,2026-08-23,2026-08,2026-08-23,2026-08,1,1,Issued,DEMO SFR,Residential Demolition Permit,5815 Interbay Blvd,Ballast Point,https://aca-prod.accela.com/TAMPA/Cap/CapDetail.aspx?Module=Building&TabName=Building&capID1=26CAP&capID2=00000&capID3=01T8E&agencyCode=TAMPA
rec-ae2f478a180acebc,CONSTRUCTION_INSPECTIONS|NATIVE|BLD-26-0526075,src-645ed83dbdf9513f,tpa-63587a3bbee76a,construction_inspections,BLD-26-0526075,2026-06-23,2026-06,permit_record_created,CREATEDDATE,source_record_metadata,0,0,2026-08-23,2026-08,2026-08-23,2026-08,2026-08-23,2026-08,1,1,Revision,PP: New 2-Story Townhouse,Residential New Construction and Additions (1 and 2 Family),3511 N Av Republica De Cuba,Ybor Heights Neighborhood Association and Watch Group,https://aca-prod.accela.com/TAMPA/Cap/CapDetail.aspx?Module=Building&TabName=Building&capID1=26CAP&capID2=00000&capID3=01TVX&agencyCode=TAMPA
rec-b17ebbaf3ddc860a,CONSTRUCTION_INSPECTIONS|NATIVE|BDE-26-0445666,src-35f1a432edc38b66,tpa-444bf20be8d9f5,construction_inspections,BDE-26-0445666,2026-06-30,2026-06,permit_record_created,CREATEDDATE,source_record_metadata,0,0,2026-08-23,2026-08,2026-08-23,2026-08,2026-08-23,2026-08,1,1,Issued,Demo 2-Story Buildings,Commercial Demolition Permit,214 S Armenia Ave,South Howard,https://aca-prod.accela.com/TAMPA/Cap/CapDetail.aspx?Module=Building&TabName=Building&capID1=26CAP&capID2=00000&capID3=01V7Q&agencyCode=TAMPA
rec-b2d851d7b331328e,CONSTRUCTION_INSPECTIONS|NATIVE|BLD-26-0525885,src-c15dab3cbd6de223,tpa-76a1eb468c2cd7,construction_inspections,BLD-26-0525885,2026-06-16,2026-06,permit_record_created,CREATEDDATE,source_record_metadata,0,0,2026-08-23,2026-08,2026-08-23,2026-08,2026-08-23,2026-08,1,1,Issued,PP: Metal Canopy over existing Basketball court,Commercial New Construction and Additions,3712 W El Prado Blvd,Palma Ceia,https://aca-prod.accela.com/TAMPA/Cap/CapDetail.aspx?Module=Building&TabName=Building&capID1=26CAP&capID2=00000&capID3=01SFR&agencyCode=TAMPA
rec-b75a5861fa4b8075,CONSTRUCTION_INSPECTIONS|NATIVE|BLD-26-0525577,src-ff729b21c980210d,tpa-b83ae7596c2b12,construction_inspections,BLD-26-0525577,2026-06-03,2026-06,permit_record_created,CREATEDDATE,source_record_metadata,0,0,2026-08-23,2026-08,2026-08-23,2026-08,2026-08-23,2026-08,1,1,Issued,SEC: 4th floor - Interior remodel Arch and MEPs,Commercial Building Alterations (Renovations),4211 W Boy Scout Blvd,Westshore,https://aca-prod.accela.com/TAMPA/Cap/CapDetail.aspx?Module=Building&TabName=Building&capID1=26CAP&capID2=00000&capID3=00VED&agencyCode=TAMPA
rec-b8c9808e08196c5b,CONSTRUCTION_INSPECTIONS|NATIVE|BLD-26-0525929,src-f6ba8afdf3b9d497,tpa-fa577ff24524b0,construction_inspections,BLD-26-0525929,2026-06-17,2026-06,permit_record_created,CREATEDDATE,source_record_metadata,0,0,2026-08-23,2026-08,2026-08-23,2026-08,2026-08-23,2026-08,1,1,Issued,SEC: TIA PROJECT: Interior Remodel: Fly USA Hangar 4300,Commercial Building Alterations (Renovations),4300 W Tampa Bay Blvd,Westshore,https://aca-prod.accela.com/TAMPA/Cap/CapDetail.aspx?Module=Building&TabName=Building&capID1=26CAP&capID2=00000&capID3=01STC&agencyCode=TAMPA
rec-b9ba359df0182884,CONSTRUCTION_INSPECTIONS|NATIVE|BLD-26-0525798,src-c4aa38caf8cbb52f,tpa-8eceff8ff256c2,construction_inspections,BLD-26-0525798,2026-06-11,2026-06,permit_record_created,CREATEDDATE,source_record_metadata,0,0,2026-08-23,2026-08,2026-08-23,2026-08,2026-08-23,2026-08,1,1,Issued,Kitchen Fire repair: Interior Alteration,Residential Building Alterations (Renovations),2521 W Curtis St,St Joseph's Hospital,https://aca-prod.accela.com/TAMPA/Cap/CapDetail.aspx?Module=Building&TabName=Building&capID1=26CAP&capID2=00000&capID3=00X8A&agencyCode=TAMPA
rec-bf0b1fe92e1781ab,CONSTRUCTION_INSPECTIONS|NATIVE|BLD-26-0525558|GLOBALID|{217E4F99-7C78-4159-B4A3-9EFA376D52C7},src-0fe3d54abf2fcbe0,tpa-28f8c72d6b0e22,construction_inspections,BLD-26-0525558,2026-06-02,2026-06,permit_record_created,CREATEDDATE,source_record_metadata,0,0,2026-08-23,2026-08,2026-08-23,2026-08,2026-08-23,2026-08,1,1,Issued,FEMA: Build-out: Suite 100 & 110,Commercial Building Alterations (Renovations),3600 Causeway Blvd,Port of Tampa,https://aca-prod.accela.com/TAMPA/Cap/CapDetail.aspx?Module=Building&TabName=Building&capID1=26CAP&capID2=00000&capID3=00VAD&agencyCode=TAMPA
rec-c23262859cf51977,CONSTRUCTION_INSPECTIONS|NATIVE|BLD-26-0525640,src-292f5a7dcf861954,tpa-3827636b923ac2,construction_inspections,BLD-26-0525640,2026-06-04,2026-06,permit_record_created,CREATEDDATE,source_record_metadata,0,0,2026-08-23,2026-08,2026-08-23,2026-08,2026-08-23,2026-08,1,1,Issued,New 2-Story SFR,Residential New Construction and Additions (1 and 2 Family),4116 W Neptune St,Palma Ceia West,https://aca-prod.accela.com/TAMPA/Cap/CapDetail.aspx?Module=Building&TabName=Building&capID1=26CAP&capID2=00000&capID3=00VU3&agencyCode=TAMPA
rec-c6152c52bd42007e,CONSTRUCTION_INSPECTIONS|NATIVE|BLD-26-0525660,src-3e149b2e6f53094d,tpa-58078df1dff149,construction_inspections,BLD-26-0525660,2026-06-05,2026-06,permit_record_created,CREATEDDATE,source_record_metadata,0,0,2026-08-23,2026-08,2026-08-23,2026-08,2026-08-23,2026-08,1,1,Issued,SEC - FEMA - Interior Alteration - Suite 1500 - Baker Tilly,Commercial Building Alterations (Renovations),100 S Ashley Dr,Tampa Downtown Partnership,https://aca-prod.accela.com/TAMPA/Cap/CapDetail.aspx?Module=Building&TabName=Building&capID1=26CAP&capID2=00000&capID3=00W1Q&agencyCode=TAMPA
rec-cce72457c4e6b152,CONSTRUCTION_INSPECTIONS|NATIVE|BLD-26-0525512,src-cd8816e4cd9e0518,tpa-ba274783ba6307,construction_inspections,BLD-26-0525512,2026-06-01,2026-06,permit_record_created,CREATEDDATE,source_record_metadata,0,0,2026-08-23,2026-08,2026-08-23,2026-08,2026-08-23,2026-08,1,1,Issued,THRESHOLD SEC: FEMA: 20th FL Restroom and Elevator Lobby Renovation,Commercial Building Alterations (Renovations),100 N Tampa St,Tampa Downtown Partnership,https://aca-prod.accela.com/TAMPA/Cap/CapDetail.aspx?Module=Building&TabName=Building&capID1=26CAP&capID2=00000&capID3=00UXJ&agencyCode=TAMPA
rec-d2390a874e42d714,CONSTRUCTION_INSPECTIONS|NATIVE|BLD-26-0525921,src-502be50123339bb5,tpa-b1d62c11bcdba2,construction_inspections,BLD-26-0525921,2026-06-17,2026-06,permit_record_created,CREATEDDATE,source_record_metadata,0,0,2026-08-23,2026-08,2026-08-23,2026-08,2026-08-23,2026-08,1,1,Issued,PP: New 1-Sty SFR,Residential New Construction and Additions (1 and 2 Family),6228 N 38th St,Woodland Terrace,https://aca-prod.accela.com/TAMPA/Cap/CapDetail.aspx?Module=Building&TabName=Building&capID1=26CAP&capID2=00000&capID3=01SR2&agencyCode=TAMPA
rec-d3a0eaef32b3e55f,CONSTRUCTION_INSPECTIONS|NATIVE|BDE-26-0445659,src-24e712ea7d6626c7,tpa-2321cecdde46a2,construction_inspections,BDE-26-0445659,2026-06-26,2026-06,permit_record_created,CREATEDDATE,source_record_metadata,0,0,2026-08-23,2026-08,2026-08-23,2026-08,2026-08-23,2026-08,1,1,Issued,DEMO SFR,Residential Demolition Permit,1705 W Powhatan Ave,Riverbend,https://aca-prod.accela.com/TAMPA/Cap/CapDetail.aspx?Module=Building&TabName=Building&capID1=26CAP&capID2=00000&capID3=01URH&agencyCode=TAMPA
rec-d430983b1a4fd90d,CONSTRUCTION_INSPECTIONS|NATIVE|BLD-26-0525510,src-6c84709e16f508f1,tpa-3b2784a88e16f4,construction_inspections,BLD-26-0525510,2026-06-01,2026-06,permit_record_created,CREATEDDATE,source_record_metadata,0,0,2026-08-23,2026-08,2026-08-23,2026-08,2026-08-23,2026-08,1,1,Issued,SEC: FEMA: 16th FL Restroom and Elevator Lobby Renovation,Commercial Building Alterations (Renovations),100 N Tampa St,Tampa Downtown Partnership,https://aca-prod.accela.com/TAMPA/Cap/CapDetail.aspx?Module=Building&TabName=Building&capID1=26CAP&capID2=00000&capID3=00UWX&agencyCode=TAMPA
rec-d6ea574c9a652353,CONSTRUCTION_INSPECTIONS|NATIVE|BDE-26-0445641,src-5ca392032f1c09cb,tpa-cd0d5eb06fa587,construction_inspections,BDE-26-0445641,2026-06-18,2026-06,permit_record_created,CREATEDDATE,source_record_metadata,0,0,2026-08-23,2026-08,2026-08-23,2026-08,2026-08-23,2026-08,1,1,Issued,DEMO SFR,Residential Demolition Permit,319 Columbia Dr,Davis Islands,https://aca-prod.accela.com/TAMPA/Cap/CapDetail.aspx?Module=Building&TabName=Building&capID1=26CAP&capID2=00000&capID3=01T7E&agencyCode=TAMPA
rec-d8ea36e5c9745f9f,CONSTRUCTION_INSPECTIONS|NATIVE|BLD-26-0526071,src-5fe30e8ecbeb2769,tpa-43b56f2c7f7d4d,construction_inspections,BLD-26-0526071,2026-06-23,2026-06,permit_record_created,CREATEDDATE,source_record_metadata,0,0,2026-08-23,2026-08,2026-08-23,2026-08,2026-08-23,2026-08,1,1,Revision,Bathroom remodel,Residential Building Alterations (Renovations),17803 Arbor Haven Dr,Arbor Greene,https://aca-prod.accela.com/TAMPA/Cap/CapDetail.aspx?Module=Building&TabName=Building&capID1=26CAP&capID2=00000&capID3=01TUC&agencyCode=TAMPA
rec-d9409cc5162027bd,CONSTRUCTION_INSPECTIONS|NATIVE|BDE-26-0445619,src-6195f47d7a4234ff,tpa-dd7bfa5cdecc25,construction_inspections,BDE-26-0445619,2026-06-11,2026-06,permit_record_created,CREATEDDATE,source_record_metadata,0,0,2026-08-23,2026-08,2026-08-23,2026-08,2026-08-23,2026-08,1,1,Issued,Demo SFR,Residential Demolition Permit,4636 W Longfellow Ave,Sunset Park,https://aca-prod.accela.com/TAMPA/Cap/CapDetail.aspx?Module=Building&TabName=Building&capID1=26CAP&capID2=00000&capID3=00X9F&agencyCode=TAMPA
rec-e01c637cb2d1acdc,CONSTRUCTION_INSPECTIONS|NATIVE|BDE-26-0445643,src-a03757ad3e8ab8d1,tpa-c725a93fb920d2,construction_inspections,BDE-26-0445643,2026-06-19,2026-06,permit_record_created,CREATEDDATE,source_record_metadata,0,0,2026-08-23,2026-08,2026-08-23,2026-08,2026-08-23,2026-08,1,1,Issued,Res Demo,Residential Demolition Permit,2925 W Coachman Ave,Bayshore Beautiful,https://aca-prod.accela.com/TAMPA/Cap/CapDetail.aspx?Module=Building&TabName=Building&capID1=26CAP&capID2=00000&capID3=01TAZ&agencyCode=TAMPA
rec-f137c7abb3e2cafd,CONSTRUCTION_INSPECTIONS|NATIVE|BLD-26-0525558|GLOBALID|{5E95A916-650F-4624-BF32-EE6D594EE230},src-869918cfd8732ebe,tpa-28f8c72d6b0e22,construction_inspections,BLD-26-0525558,2026-06-02,2026-06,permit_record_created,CREATEDDATE,source_record_metadata,0,0,2026-08-23,2026-08,2026-08-23,2026-08,2026-08-23,2026-08,1,1,Issued,FEMA: Build-out: Suite 100 & 110,Commercial Building Alterations (Renovations),3604 Causeway Blvd,Port of Tampa,https://aca-prod.accela.com/TAMPA/Cap/CapDetail.aspx?Module=Building&TabName=Building&capID1=26CAP&capID2=00000&capID3=00VAD&agencyCode=TAMPA
rec-f763b7b912efcc51,CONSTRUCTION_INSPECTIONS|NATIVE|BLD-26-0525503,src-4645232f19ffd520,tpa-49c97ccb6a1b37,construction_inspections,BLD-26-0525503,2026-06-01,2026-06,permit_record_created,CREATEDDATE,source_record_metadata,0,0,2026-08-23,2026-08,2026-08-23,2026-08,2026-08-23,2026-08,1,1,Issued,Accelerated Project | ACCELERATED AFFORDABLE HOUSING: Interior/Exterior remodel,Residential Building Alterations (Renovations),8116 N Semmes St,Sulphur Springs,https://aca-prod.accela.com/TAMPA/Cap/CapDetail.aspx?Module=Building&TabName=Building&capID1=26CAP&capID2=00000&capID3=00UUG&agencyCode=TAMPA
rec-f8b3d392b90dd953,CONSTRUCTION_INSPECTIONS|NATIVE|BDE-26-0445657,src-40b086d2c8f01e5f,tpa-55a732eff8835b,construction_inspections,BDE-26-0445657,2026-06-25,2026-06,permit_record_created,CREATEDDATE,source_record_metadata,0,0,2026-08-23,2026-08,2026-08-23,2026-08,2026-08-23,2026-08,1,1,Issued,Demo SFR,Residential Demolition Permit,4008 W Estrella St,Palma Ceia West,https://aca-prod.accela.com/TAMPA/Cap/CapDetail.aspx?Module=Building&TabName=Building&capID1=26CAP&capID2=00000&capID3=01UM5&agencyCode=TAMPA
rec-fa74434b508f087d,CONSTRUCTION_INSPECTIONS|NATIVE|BLD-26-0525873,src-658987f67e03f56f,tpa-09f2fe9182aed4,construction_inspections,BLD-26-0525873,2026-06-16,2026-06,permit_record_created,CREATEDDATE,source_record_metadata,0,0,2026-08-23,2026-08,2026-08-23,2026-08,2026-08-23,2026-08,1,1,Issued,Interior Build-Out - Hotworx,Commercial Building Alterations (Renovations),608 N Willow Ave,North Hyde Park,https://aca-prod.accela.com/TAMPA/Cap/CapDetail.aspx?Module=Building&TabName=Building&capID1=26CAP&capID2=00000&capID3=01SCK&agencyCode=TAMPA
rec-fcd3e835ade51e6f,CONSTRUCTION_INSPECTIONS|NATIVE|BLD-26-0525598,src-b0043223c6f636c6,tpa-b55e43547d1026,construction_inspections,BLD-26-0525598,2026-06-03,2026-06,permit_record_created,CREATEDDATE,source_record_metadata,0,0,2026-08-23,2026-08,2026-08-23,2026-08,2026-08-23,2026-08,1,1,Issued,PP: NEW SFR 2 Story,Residential New Construction and Additions (1 and 2 Family),3212 W Nassau St,Midtown Tampa,https://aca-prod.accela.com/TAMPA/Cap/CapDetail.aspx?Module=Building&TabName=Building&capID1=26CAP&capID2=00000&capID3=00VJP&agencyCode=TAMPA
rec-003eb15e40ff6ec3,DEVELOPMENT_COORDINATION|NATIVE|SU1-26-0000064,src-80c560673c7b890b,tpa-26ef790baa15d4,development_coordination,SU1-26-0000064,2026-06-17,2026-06,planning_application_created,CREATEDDATE,source_reported_event,0,0,2026-08-23,2026-08,2026-08-23,2026-08,2026-08-23,2026-08,1,1,In Process,Special Use 1 - General,Special Use 1 - General,7203 N 11th St,Old Seminole Heights,https://aca-prod.accela.com/TAMPA/Cap/CapDetail.aspx?Module=Planning&TabName=Planning&capID1=26CAP&capID2=00000&capID3=01SY9&agencyCode=TAMPA
rec-0812d46e8514d947,DEVELOPMENT_COORDINATION|NATIVE|VAC-26-0000017,src-ec411f06b5a13f16,tpa-6015327c789168,development_coordination,VAC-26-0000017,2026-06-29,2026-06,planning_application_created,CREATEDDATE,source_reported_event,0,0,2026-08-23,2026-08,2026-08-23,2026-08,2026-08-23,2026-08,1,1,In Process,ROW Vacating,ROW Vacating,2512 W Palm Dr,Bayshore Gardens,https://aca-prod.accela.com/TAMPA/Cap/CapDetail.aspx?Module=Planning&TabName=Planning&capID1=26CAP&capID2=00000&capID3=01V3C&agencyCode=TAMPA
rec-148f327101f53982,DEVELOPMENT_COORDINATION|NATIVE|LND-26-0000121,src-0d8d2cd005483fe8,tpa-8e37212be8e15e,development_coordination,LND-26-0000121,2026-06-24,2026-06,planning_application_created,CREATEDDATE,source_reported_event,0,0,2026-08-23,2026-08,2026-08-23,2026-08,2026-08-23,2026-08,1,1,In Process,General Land Use,General Land Use,202 N Morgan St,Tampa Downtown Partnership,https://aca-prod.accela.com/TAMPA/Cap/CapDetail.aspx?Module=Planning&TabName=Planning&capID1=26CAP&capID2=00000&capID3=01U4Z&agencyCode=TAMPA
rec-170fab1524cb1ae0,DEVELOPMENT_COORDINATION|NATIVE|FDN-26-0000105,src-64bc27ffac27f7e2,tpa-068bffe709e2d6,development_coordination,FDN-26-0000105,2026-06-22,2026-06,planning_application_created,CREATEDDATE,source_reported_event,0,0,2026-08-23,2026-08,2026-08-23,2026-08,2026-08-23,2026-08,1,1,In Process,Formal Decision,Formal Decision,2412 Marconi St,Palmetto Beach,https://aca-prod.accela.com/TAMPA/Cap/CapDetail.aspx?Module=Planning&TabName=Planning&capID1=26CAP&capID2=00000&capID3=01TOA&agencyCode=TAMPA
rec-1aca68e86dca9fdb,DEVELOPMENT_COORDINATION|NATIVE|LND-26-0000104,src-6bed51fb3ed75ef6,tpa-6e91caa1f9f752,development_coordination,LND-26-0000104,2026-06-05,2026-06,planning_application_created,CREATEDDATE,source_reported_event,0,0,2026-08-23,2026-08,2026-08-23,2026-08,2026-08-23,2026-08,1,1,In Process,General Land Use,General Land Use,1726 W Main St,Old West Tampa,https://aca-prod.accela.com/TAMPA/Cap/CapDetail.aspx?Module=Planning&TabName=Planning&capID1=26CAP&capID2=00000&capID3=00VVU&agencyCode=TAMPA
rec-22772761c32a6de7,DEVELOPMENT_COORDINATION|NATIVE|REZ-26-0000097,src-7574d4b82af3a1dc,tpa-e6a332b4826512,development_coordination,REZ-26-0000097,2026-06-15,2026-06,planning_application_created,CREATEDDATE,source_reported_event,0,0,2026-08-23,2026-08,2026-08-23,2026-08,2026-08-23,2026-08,1,1,In Process,Rezoning,Rezoning,9306 N Armenia Ave,Historic Forest Hills,https://aca-prod.accela.com/TAMPA/Cap/CapDetail.aspx?Module=Planning&TabName=Planning&capID1=26CAP&capID2=00000&capID3=01S6F&agencyCode=TAMPA
rec-2638f214db9fe6f2,DEVELOPMENT_COORDINATION|NATIVE|LND-26-0000111,src-ee2152e44e4db8a6,tpa-42d37389a7de29,development_coordination,LND-26-0000111,2026-06-12,2026-06,planning_application_created,CREATEDDATE,source_reported_event,0,0,2026-08-23,2026-08,2026-08-23,2026-08,2026-08-23,2026-08,1,1,Awaiting Client Reply,General Land Use,General Land Use,5409 N Paddock Ave,Armenia Terrace | Bour Lands | Al Dana Park,https://aca-prod.accela.com/TAMPA/Cap/CapDetail.aspx?Module=Planning&TabName=Planning&capID1=26CAP&capID2=00000&capID3=00XI8&agencyCode=TAMPA
rec-2c1b4d70ce009100,DEVELOPMENT_COORDINATION|NATIVE|DE1-26-0000143,src-952cf1e432b12c86,tpa-85298511bf39cb,development_coordination,DE1-26-0000143,2026-06-12,2026-06,planning_application_created,CREATEDDATE,source_reported_event,0,0,2026-08-23,2026-08,2026-08-23,2026-08,2026-08-23,2026-08,1,1,In Process,Design Exception 1,Design Exception 1,1733 E Hillsborough Ave,Historic Belmont Heights,https://aca-prod.accela.com/TAMPA/Cap/CapDetail.aspx?Module=Planning&TabName=Planning&capID1=26CAP&capID2=00000&capID3=00XFU&agencyCode=TAMPA
rec-335d320889f65904,DEVELOPMENT_COORDINATION|NATIVE|VRB-26-0000095,src-7dde96a7421ec984,tpa-6d2631b58f8594,development_coordination,VRB-26-0000095,2026-06-19,2026-06,planning_application_created,CREATEDDATE,source_reported_event,0,0,2026-08-23,2026-08,2026-08-23,2026-08,2026-08-23,2026-08,1,1,In Process,Variance Review Board,Variance Review Board,2703 N Oakdale Ave,Riverside Heights,https://aca-prod.accela.com/TAMPA/Cap/CapDetail.aspx?Module=Planning&TabName=Planning&capID1=26CAP&capID2=00000&capID3=01TB8&agencyCode=TAMPA
rec-34f8be26df821677,DEVELOPMENT_COORDINATION|NATIVE|SU1-26-0000059,src-8a44cc98b267c88b,tpa-6f186681915091,development_coordination,SU1-26-0000059,2026-06-10,2026-06,planning_application_created,CREATEDDATE,source_reported_event,0,0,2026-08-23,2026-08,2026-08-23,2026-08,2026-08-23,2026-08,1,1,Awaiting Client Reply,Special Use 1 - General,Special Use 1 - General,4402 W Lancaster St,"Port Tampa City, Inc. Civic Association",https://aca-prod.accela.com/TAMPA/Cap/CapDetail.aspx?Module=Planning&TabName=Planning&capID1=26CAP&capID2=00000&capID3=00WVR&agencyCode=TAMPA
rec-3571d82f0e301a7e,DEVELOPMENT_COORDINATION|NATIVE|DE1-26-0000132,src-21ed3c4099ace3b2,tpa-bf359a466f4612,development_coordination,DE1-26-0000132,2026-06-02,2026-06,planning_application_created,CREATEDDATE,source_reported_event,0,0,2026-08-23,2026-08,2026-08-23,2026-08,2026-08-23,2026-08,1,1,In Process,Design Exception 1,Design Exception 1,7201 N 15th St,Old Seminole Heights,https://aca-prod.accela.com/TAMPA/Cap/CapDetail.aspx?Module=Planning&TabName=Planning&capID1=26CAP&capID2=00000&capID3=00V3Q&agencyCode=TAMPA
rec-3d6e8843a03d5578,DEVELOPMENT_COORDINATION|NATIVE|VRB-26-0000089,src-2756d11101ac5713,tpa-8b52a791223320,development_coordination,VRB-26-0000089,2026-06-10,2026-06,planning_application_created,CREATEDDATE,source_reported_event,0,0,2026-08-23,2026-08,2026-08-23,2026-08,2026-08-23,2026-08,1,1,In Process,Variance Review Board,Variance Review Board,3013 Bayshore Pointe Dr,Ballast Point,https://aca-prod.accela.com/TAMPA/Cap/CapDetail.aspx?Module=Planning&TabName=Planning&capID1=26CAP&capID2=00000&capID3=00WW1&agencyCode=TAMPA
rec-41583bef38fbec86,DEVELOPMENT_COORDINATION|NATIVE|FDN-26-0000107,src-ce37527c8f85898f,tpa-9daa32fbf1a732,development_coordination,FDN-26-0000107,2026-06-30,2026-06,planning_application_created,CREATEDDATE,source_reported_event,0,0,2026-08-23,2026-08,2026-08-23,2026-08,2026-08-23,2026-08,1,1,In Process,Formal Decision,Formal Decision,2310 N Elcoe Dr,Wellswood,https://aca-prod.accela.com/TAMPA/Cap/CapDetail.aspx?Module=Planning&TabName=Planning&capID1=26CAP&capID2=00000&capID3=01V75&agencyCode=TAMPA
rec-458bc41452010c54,DEVELOPMENT_COORDINATION|NATIVE|VRB-26-0000087,src-5ed8fc663ba7528a,tpa-767fbce4a164f1,development_coordination,VRB-26-0000087,2026-06-09,2026-06,planning_application_created,CREATEDDATE,source_reported_event,0,0,2026-08-23,2026-08,2026-08-23,2026-08,2026-08-23,2026-08,1,1,In Process,Variance Review Board,Variance Review Board,4132 W Gandy Blvd,Gandy / Sun Bay South,https://aca-prod.accela.com/TAMPA/Cap/CapDetail.aspx?Module=Planning&TabName=Planning&capID1=26CAP&capID2=00000&capID3=00WQL&agencyCode=TAMPA
rec-49a813bd81ccb300,DEVELOPMENT_COORDINATION|NATIVE|DE1-26-0000148,src-cb479211f6696f45,tpa-7104fa370b103e,development_coordination,DE1-26-0000148,2026-06-26,2026-06,planning_application_created,CREATEDDATE,source_reported_event,0,0,2026-08-23,2026-08,2026-08-23,2026-08,2026-08-23,2026-08,1,1,In Process,Design Exception 1,Design Exception 1,3508 S Manhattan Ave,Virginia Park,https://aca-prod.accela.com/TAMPA/Cap/CapDetail.aspx?Module=Planning&TabName=Planning&capID1=26CAP&capID2=00000&capID3=01UOW&agencyCode=TAMPA
rec-4cbd2b60f8ed0aba,DEVELOPMENT_COORDINATION|NATIVE|DE1-26-0000151,src-9d16f034052f022e,tpa-92bbab6bf14b36,development_coordination,DE1-26-0000151,2026-06-29,2026-06,planning_application_created,CREATEDDATE,source_reported_event,0,0,2026-08-23,2026-08,2026-08-23,2026-08,2026-08-23,2026-08,1,1,In Process,Design Exception 1,Design Exception 1,7309 N Taliaferro Ave,Old Seminole Heights,https://aca-prod.accela.com/TAMPA/Cap/CapDetail.aspx?Module=Planning&TabName=Planning&capID1=26CAP&capID2=00000&capID3=01V02&agencyCode=TAMPA
rec-5303dc37c2f25cd5,DEVELOPMENT_COORDINATION|NATIVE|VRB-26-0000096,src-8d1ac874be32bbd6,tpa-f2e1856c50bf2c,development_coordination,VRB-26-0000096,2026-06-24,2026-06,planning_application_created,CREATEDDATE,source_reported_event,0,0,2026-08-23,2026-08,2026-08-23,2026-08,2026-08-23,2026-08,1,1,In Process,Variance Review Board,Variance Review Board,4631 W Longfellow Ave,Sunset Park,https://aca-prod.accela.com/TAMPA/Cap/CapDetail.aspx?Module=Planning&TabName=Planning&capID1=26CAP&capID2=00000&capID3=01U19&agencyCode=TAMPA
rec-5c866003187dcea4,DEVELOPMENT_COORDINATION|NATIVE|LND-26-0000122,src-83d0954de10fee56,tpa-0db7a85e11ccea,development_coordination,LND-26-0000122,2026-06-25,2026-06,planning_application_created,CREATEDDATE,source_reported_event,0,0,2026-08-23,2026-08,2026-08-23,2026-08,2026-08-23,2026-08,1,1,In Process,General Land Use,General Land Use,6661 N 24th St,Seminole Heights East,https://aca-prod.accela.com/TAMPA/Cap/CapDetail.aspx?Module=Planning&TabName=Planning&capID1=26CAP&capID2=00000&capID3=01UMT&agencyCode=TAMPA
rec-72e9b523f043b03d,DEVELOPMENT_COORDINATION|NATIVE|VRB-26-0000091,src-d04de908ef8e0a32,tpa-bb146103abcd46,development_coordination,VRB-26-0000091,2026-06-10,2026-06,planning_application_created,CREATEDDATE,source_reported_event,0,0,2026-08-23,2026-08,2026-08-23,2026-08,2026-08-23,2026-08,1,1,In Process,Variance Review Board,Variance Review Board,3319 Bayshore Blvd,Academy of the Holy Names,https://aca-prod.accela.com/TAMPA/Cap/CapDetail.aspx?Module=Planning&TabName=Planning&capID1=26CAP&capID2=00000&capID3=00X0X&agencyCode=TAMPA
rec-750ef4fb17bc2a55,DEVELOPMENT_COORDINATION|NATIVE|VRB-26-0000084,src-94eb5136dbc5393c,tpa-2ce923bb70c751,development_coordination,VRB-26-0000084,2026-06-03,2026-06,planning_application_created,CREATEDDATE,source_reported_event,0,0,2026-08-23,2026-08,2026-08-23,2026-08,2026-08-23,2026-08,1,1,In Process,Variance Review Board,Variance Review Board,4003 W Gray St,North Bon Air,https://aca-prod.accela.com/TAMPA/Cap/CapDetail.aspx?Module=Planning&TabName=Planning&capID1=26CAP&capID2=00000&capID3=00VLA&agencyCode=TAMPA
rec-840b29946e48262e,DEVELOPMENT_COORDINATION|NATIVE|VRB-26-0000092,src-9cc5ea77c74b15b8,tpa-5dbc44fd6a9c5d,development_coordination,VRB-26-0000092,2026-06-16,2026-06,planning_application_created,CREATEDDATE,source_reported_event,0,0,2026-08-23,2026-08,2026-08-23,2026-08,2026-08-23,2026-08,1,1,In Process,Variance Review Board,Variance Review Board,1708 W Bedingfield Dr,Wellswood,https://aca-prod.accela.com/TAMPA/Cap/CapDetail.aspx?Module=Planning&TabName=Planning&capID1=26CAP&capID2=00000&capID3=01SGZ&agencyCode=TAMPA
rec-87b9e461efa9439c,DEVELOPMENT_COORDINATION|NATIVE|REZ-26-0000101,src-e349624ee6bc404b,tpa-d6e89e46297673,development_coordination,REZ-26-0000101,2026-06-29,2026-06,planning_application_created,CREATEDDATE,source_reported_event,0,0,2026-08-23,2026-08,2026-08-23,2026-08,2026-08-23,2026-08,1,1,In Process,Rezoning,Rezoning,2706 N 12th St,VM Ybor,https://aca-prod.accela.com/TAMPA/Cap/CapDetail.aspx?Module=Planning&TabName=Planning&capID1=26CAP&capID2=00000&capID3=01V3F&agencyCode=TAMPA
rec-88d07a0903d7d45d,DEVELOPMENT_COORDINATION|NATIVE|REZ-26-0000095,src-4b5627b8995ed916,tpa-9ff61ffd3aed5a,development_coordination,REZ-26-0000095,2026-06-02,2026-06,planning_application_created,CREATEDDATE,source_reported_event,0,0,2026-08-23,2026-08,2026-08-23,2026-08,2026-08-23,2026-08,1,1,In Process,Rezoning,Rezoning,3610 Temple St,Grant Park,https://aca-prod.accela.com/TAMPA/Cap/CapDetail.aspx?Module=Planning&TabName=Planning&capID1=26CAP&capID2=00000&capID3=00VBN&agencyCode=TAMPA
rec-9129a44779e44e15,DEVELOPMENT_COORDINATION|NATIVE|FDN-26-0000104,src-5a0fca22b4bac1d7,tpa-0be60d93b14120,development_coordination,FDN-26-0000104,2026-06-20,2026-06,planning_application_created,CREATEDDATE,source_reported_event,0,0,2026-08-23,2026-08,2026-08-23,2026-08,2026-08-23,2026-08,1,1,In Process,Formal Decision,Formal Decision,1717 W Arch St,North Hyde Park,https://aca-prod.accela.com/TAMPA/Cap/CapDetail.aspx?Module=Planning&TabName=Planning&capID1=26CAP&capID2=00000&capID3=01TD4&agencyCode=TAMPA
rec-94c68d80890ef205,DEVELOPMENT_COORDINATION|NATIVE|AB2-26-0000021,src-7bef70df2a9b4420,tpa-11c8e788abc77a,development_coordination,AB2-26-0000021,2026-06-01,2026-06,planning_application_created,CREATEDDATE,source_reported_event,0,0,2026-08-23,2026-08,2026-08-23,2026-08,2026-08-23,2026-08,1,1,In Process,AB Special Use 2,AB Special Use 2,1018 E Cass St,Tampa Downtown Partnership,https://aca-prod.accela.com/TAMPA/Cap/CapDetail.aspx?Module=Planning&TabName=Planning&capID1=26CAP&capID2=00000&capID3=00UXZ&agencyCode=TAMPA
rec-9dae17e472af2326,DEVELOPMENT_COORDINATION|NATIVE|VRB-26-0000093,src-a62b33a10b7890dd,tpa-c25c76da7396d9,development_coordination,VRB-26-0000093,2026-06-17,2026-06,planning_application_created,CREATEDDATE,source_reported_event,0,0,2026-08-23,2026-08,2026-08-23,2026-08,2026-08-23,2026-08,1,1,In Process,Variance Review Board,Variance Review Board,3028 W Palmetto St,Macfarlane Park,https://aca-prod.accela.com/TAMPA/Cap/CapDetail.aspx?Module=Planning&TabName=Planning&capID1=26CAP&capID2=00000&capID3=01SW5&agencyCode=TAMPA
rec-9f0554dec14e93df,DEVELOPMENT_COORDINATION|NATIVE|FDN-26-0000094,src-435802da35074a48,tpa-63df590b79091f,development_coordination,FDN-26-0000094,2026-06-02,2026-06,planning_application_created,CREATEDDATE,source_reported_event,0,0,2026-08-23,2026-08,2026-08-23,2026-08,2026-08-23,2026-08,1,1,Awaiting Client Reply,Formal Decision,Formal Decision,1203 E Dr Martin Luther King Jr Blvd,,https://aca-prod.accela.com/TAMPA/Cap/CapDetail.aspx?Module=Planning&TabName=Planning&capID1=26CAP&capID2=00000&capID3=00VB3&agencyCode=TAMPA
rec-a017a91adfdfd8a7,DEVELOPMENT_COORDINATION|NATIVE|SU1-26-0000062,src-42ffcd389a10970a,tpa-8dd4a8db8f24f5,development_coordination,SU1-26-0000062,2026-06-12,2026-06,planning_application_created,CREATEDDATE,source_reported_event,0,0,2026-08-23,2026-08,2026-08-23,2026-08,2026-08-23,2026-08,1,1,In Process,Special Use 1 - General,Special Use 1 - General,3043 N Florida Ave,Tampa Heights,https://aca-prod.accela.com/TAMPA/Cap/CapDetail.aspx?Module=Planning&TabName=Planning&capID1=26CAP&capID2=00000&capID3=00XHY&agencyCode=TAMPA
rec-a648367d927415c6,DEVELOPMENT_COORDINATION|NATIVE|VAC-26-0000016,src-09ca53c7a490248c,tpa-7e6c225d5a0132,development_coordination,VAC-26-0000016,2026-06-12,2026-06,planning_application_created,CREATEDDATE,source_reported_event,0,0,2026-08-23,2026-08,2026-08-23,2026-08,2026-08-23,2026-08,1,1,In Process,ROW Vacating,ROW Vacating,3101 N Nebraska Ave,VM Ybor,https://aca-prod.accela.com/TAMPA/Cap/CapDetail.aspx?Module=Planning&TabName=Planning&capID1=26CAP&capID2=00000&capID3=00XEX&agencyCode=TAMPA
rec-a67fc12faaf109dd,DEVELOPMENT_COORDINATION|NATIVE|VRB-26-0000097,src-7ef91af93103cb9d,tpa-10f2f149efa178,development_coordination,VRB-26-0000097,2026-06-24,2026-06,planning_application_created,CREATEDDATE,source_reported_event,0,0,2026-08-23,2026-08,2026-08-23,2026-08,2026-08-23,2026-08,1,1,In Process,Variance Review Board,Variance Review Board,4510 W Azeele St,Beach Park,https://aca-prod.accela.com/TAMPA/Cap/CapDetail.aspx?Module=Planning&TabName=Planning&capID1=26CAP&capID2=00000&capID3=01U7V&agencyCode=TAMPA
rec-b342c46d628c0e15,DEVELOPMENT_COORDINATION|NATIVE|SU1-26-0000056,src-daad063773fc2961,tpa-8300ca5845714c,development_coordination,SU1-26-0000056,2026-06-02,2026-06,planning_application_created,CREATEDDATE,source_reported_event,0,0,2026-08-23,2026-08,2026-08-23,2026-08,2026-08-23,2026-08,1,1,In Process,Special Use 1 - General,Special Use 1 - General,905 E Annie St,North Tampa Community,https://aca-prod.accela.com/TAMPA/Cap/CapDetail.aspx?Module=Planning&TabName=Planning&capID1=26CAP&capID2=00000&capID3=00V68&agencyCode=TAMPA
rec-bc0f36206b9e40ce,DEVELOPMENT_COORDINATION|NATIVE|REZ-26-0000098,src-201dfe50658f8fe9,tpa-e1bb02f60295ee,development_coordination,REZ-26-0000098,2026-06-15,2026-06,planning_application_created,CREATEDDATE,source_reported_event,0,0,2026-08-23,2026-08,2026-08-23,2026-08,2026-08-23,2026-08,1,1,In Process,Rezoning,Rezoning,1808 N Mitchell Ave,Encore,https://aca-prod.accela.com/TAMPA/Cap/CapDetail.aspx?Module=Planning&TabName=Planning&capID1=26CAP&capID2=00000&capID3=01S6L&agencyCode=TAMPA
rec-be4c04830c5dfd7b,DEVELOPMENT_COORDINATION|NATIVE|LND-26-0000112,src-3fd215f4bb79aade,tpa-deb6f9184a3439,development_coordination,LND-26-0000112,2026-06-12,2026-06,planning_application_created,CREATEDDATE,source_reported_event,0,0,2026-08-23,2026-08,2026-08-23,2026-08,2026-08-23,2026-08,1,1,Awaiting Client Reply,General Land Use,General Land Use,5411 N Paddock Ave,Armenia Terrace | Bour Lands | Al Dana Park,https://aca-prod.accela.com/TAMPA/Cap/CapDetail.aspx?Module=Planning&TabName=Planning&capID1=26CAP&capID2=00000&capID3=00XI9&agencyCode=TAMPA
rec-c473d325f7007cbd,DEVELOPMENT_COORDINATION|NATIVE|REZ-26-0000100,src-9d1562ebd6755aeb,tpa-7cda3e20d3c812,development_coordination,REZ-26-0000100,2026-06-22,2026-06,planning_application_created,CREATEDDATE,source_reported_event,0,0,2026-08-23,2026-08,2026-08-23,2026-08,2026-08-23,2026-08,1,1,In Process,Rezoning,Rezoning,1801 N Manhattan Ave,Carver City Lincoln Gardens,https://aca-prod.accela.com/TAMPA/Cap/CapDetail.aspx?Module=Planning&TabName=Planning&capID1=26CAP&capID2=00000&capID3=01TN6&agencyCode=TAMPA
rec-cbcd761ef98a7141,DEVELOPMENT_COORDINATION|NATIVE|VRB-26-0000099,src-cec63047e5ac453e,tpa-a3828c56c3fff7,development_coordination,VRB-26-0000099,2026-06-30,2026-06,planning_application_created,CREATEDDATE,source_reported_event,0,0,2026-08-23,2026-08,2026-08-23,2026-08,2026-08-23,2026-08,1,1,Awaiting Client Reply,Variance Review Board,Variance Review Board,4821 W San Jose St,Sunset Park,https://aca-prod.accela.com/TAMPA/Cap/CapDetail.aspx?Module=Planning&TabName=Planning&capID1=26CAP&capID2=00000&capID3=01VE7&agencyCode=TAMPA
rec-d62d30a09f32a2fe,DEVELOPMENT_COORDINATION|NATIVE|REZ-26-0000099,src-5f8d342766ddcfa8,tpa-22101f688eb9cd,development_coordination,REZ-26-0000099,2026-06-15,2026-06,planning_application_created,CREATEDDATE,source_reported_event,0,0,2026-08-23,2026-08,2026-08-23,2026-08,2026-08-23,2026-08,1,1,In Process,Rezoning,Rezoning,1728 E 2nd Ave,Historic Ybor,https://aca-prod.accela.com/TAMPA/Cap/CapDetail.aspx?Module=Planning&TabName=Planning&capID1=26CAP&capID2=00000&capID3=01S87&agencyCode=TAMPA
rec-d96708d0815811aa,DEVELOPMENT_COORDINATION|NATIVE|AB1-26-0000023,src-e533d635b55775b6,tpa-8b82defe85daf2,development_coordination,AB1-26-0000023,2026-06-12,2026-06,planning_application_created,CREATEDDATE,source_reported_event,0,0,2026-08-23,2026-08,2026-08-23,2026-08,2026-08-23,2026-08,1,1,In Process,AB Special Use 1 - Standard,AB Special Use 1 - Standard,223 S Howard Ave,South Howard,https://aca-prod.accela.com/TAMPA/Cap/CapDetail.aspx?Module=Planning&TabName=Planning&capID1=26CAP&capID2=00000&capID3=00XEN&agencyCode=TAMPA
rec-f37514e558f70c2e,DEVELOPMENT_COORDINATION|NATIVE|VRB-26-0000098,src-13088ecf39e7cd2d,tpa-084cb0ecb2bef3,development_coordination,VRB-26-0000098,2026-06-25,2026-06,planning_application_created,CREATEDDATE,source_reported_event,0,0,2026-08-23,2026-08,2026-08-23,2026-08,2026-08-23,2026-08,1,1,In Process,Variance Review Board,Variance Review Board,915 E Bird St,Sulphur Springs,https://aca-prod.accela.com/TAMPA/Cap/CapDetail.aspx?Module=Planning&TabName=Planning&capID1=26CAP&capID2=00000&capID3=01UM1&agencyCode=TAMPA
rec-f9038141c11881a5,DEVELOPMENT_COORDINATION|NATIVE|VRB-26-0000090,src-5877dbdfe4293147,tpa-ea30f7926e4124,development_coordination,VRB-26-0000090,2026-06-10,2026-06,planning_application_created,CREATEDDATE,source_reported_event,0,0,2026-08-23,2026-08,2026-08-23,2026-08,2026-08-23,2026-08,1,1,In Process,Variance Review Board,Variance Review Board,3042 Pointeview Dr,Ballast Point,https://aca-prod.accela.com/TAMPA/Cap/CapDetail.aspx?Module=Planning&TabName=Planning&capID1=26CAP&capID2=00000&capID3=00WW9&agencyCode=TAMPA
rec-01dc923293133fe7,SINGLE_FAMILY_PERMITS|NATIVE|BLD-26-0523095,src-9ac28d58619938b6,tpa-9102767033089d,single_family_permits,BLD-26-0523095,2026-06-25,2026-06,permit_issued,TASK_STATUS_DATE,source_reported_event,0,0,2026-08-23,2026-08,2026-08-23,2026-08,2026-08-23,2026-08,1,1,Issued | Issued,Residential New Construction and Additions (1 and 2 Family),Residential | New Construction and Additions | Building,3612 E North St,Woodland Terrace,https://arcgis.tampagov.net/arcgis/rest/services/OpenData/Planning/MapServer/32
rec-01fa55911b0af554,SINGLE_FAMILY_PERMITS|NATIVE|BLD-25-0518406,src-f6037905cc631546,tpa-8681fda42dd0ff,single_family_permits,BLD-25-0518406,2026-06-04,2026-06,permit_issued,TASK_STATUS_DATE,source_reported_event,0,0,2026-08-23,2026-08,2026-08-23,2026-08,2026-08-23,2026-08,1,1,Issued | Issued,Residential New Construction and Additions (1 and 2 Family),Residential | New Construction and Additions | Building,3615 N 52nd St,Grant Park,https://arcgis.tampagov.net/arcgis/rest/services/OpenData/Planning/MapServer/32
rec-02eaedd7e39bbca7,SINGLE_FAMILY_PERMITS|NATIVE|BLD-26-0523239,src-26ea9815f048524a,tpa-05f205cb65f2de,single_family_permits,BLD-26-0523239,2026-06-12,2026-06,permit_issued,TASK_STATUS_DATE,source_reported_event,0,0,2026-08-23,2026-08,2026-08-23,2026-08,2026-08-23,2026-08,1,1,Issued | Issued,Residential New Construction and Additions (1 and 2 Family),Residential | New Construction and Additions | Building,1021 E Hamilton Ave,Old Seminole Heights,https://arcgis.tampagov.net/arcgis/rest/services/OpenData/Planning/MapServer/32
rec-061b2728addcff70,SINGLE_FAMILY_PERMITS|NATIVE|BLD-26-0525146,src-1bde2835115336dd,tpa-e2a92aee6d076e,single_family_permits,BLD-26-0525146,2026-06-09,2026-06,permit_issued,TASK_STATUS_DATE,source_reported_event,0,0,2026-08-23,2026-08,2026-08-23,2026-08,2026-08-23,2026-08,1,1,Issued | Issued,Residential New Construction and Additions (1 and 2 Family),Residential | New Construction and Additions | Building,1407 E 29th Ave,Ybor Heights Neighborhood Association and Watch Group,https://arcgis.tampagov.net/arcgis/rest/services/OpenData/Planning/MapServer/32
rec-0a1202e92c1bd243,SINGLE_FAMILY_PERMITS|NATIVE|BLD-25-0518400,src-a678deafbfb55efb,tpa-5fbcd992c18c19,single_family_permits,BLD-25-0518400,2026-06-16,2026-06,permit_issued,TASK_STATUS_DATE,source_reported_event,0,0,2026-08-23,2026-08,2026-08-23,2026-08,2026-08-23,2026-08,1,1,Issued | Issued,Residential New Construction and Additions (1 and 2 Family),Residential | New Construction and Additions | Building,3611 N 52nd St,Grant Park,https://arcgis.tampagov.net/arcgis/rest/services/OpenData/Planning/MapServer/32
rec-0b1029e782d11a9f,SINGLE_FAMILY_PERMITS|NATIVE|BLD-26-0523304,src-e317cedba85a0b27,tpa-598777ab8fd398,single_family_permits,BLD-26-0523304,2026-06-12,2026-06,permit_issued,TASK_STATUS_DATE,source_reported_event,0,0,2026-08-23,2026-08,2026-08-23,2026-08,2026-08-23,2026-08,1,1,Revision | Issued,Residential New Construction and Additions (1 and 2 Family),Residential | New Construction and Additions | Building,3004 W North A St,Armory Gardens,https://arcgis.tampagov.net/arcgis/rest/services/OpenData/Planning/MapServer/32
rec-0ce172558d12602f,SINGLE_FAMILY_PERMITS|NATIVE|BLD-26-0524383,src-f0e3372e1d576a55,tpa-5354d09196a44e,single_family_permits,BLD-26-0524383,2026-06-10,2026-06,permit_issued,TASK_STATUS_DATE,source_reported_event,0,0,2026-08-23,2026-08,2026-08-23,2026-08,2026-08-23,2026-08,1,1,Issued | Issued,Residential New Construction and Additions (1 and 2 Family),Residential | New Construction and Additions | Building,3915 W Cass St,North Bon Air,https://arcgis.tampagov.net/arcgis/rest/services/OpenData/Planning/MapServer/32
rec-0d33dda4e2b8cf0e,SINGLE_FAMILY_PERMITS|NATIVE|BLD-26-0524325,src-abb02d5296782c68,tpa-8b7ee5586fa4af,single_family_permits,BLD-26-0524325,2026-06-05,2026-06,permit_issued,TASK_STATUS_DATE,source_reported_event,0,0,2026-08-23,2026-08,2026-08-23,2026-08,2026-08-23,2026-08,1,1,Revision | Issued,Residential New Construction and Additions (1 and 2 Family),Residential | New Construction and Additions | Building,2630 W Sunset Dr,New Suburb Beautiful,https://arcgis.tampagov.net/arcgis/rest/services/OpenData/Planning/MapServer/32
rec-0dad9bb14a58df4d,SINGLE_FAMILY_PERMITS|NATIVE|BLD-26-0522168,src-7ab84cf5c28875aa,tpa-9d627e95ad566a,single_family_permits,BLD-26-0522168,2026-06-16,2026-06,permit_issued,TASK_STATUS_DATE,source_reported_event,0,0,2026-08-23,2026-08,2026-08-23,2026-08,2026-08-23,2026-08,1,1,Issued | Issued,Residential New Construction and Additions (1 and 2 Family),Residential | New Construction and Additions | Building,2412 W Carmen St,Armory Gardens,https://arcgis.tampagov.net/arcgis/rest/services/OpenData/Planning/MapServer/32
rec-0fcd99c806500e30,SINGLE_FAMILY_PERMITS|NATIVE|BLD-26-0524263,src-511978c5aa5ceedb,tpa-aa2fdbae318723,single_family_permits,BLD-26-0524263,2026-06-09,2026-06,permit_issued,TASK_STATUS_DATE,source_reported_event,0,0,2026-08-23,2026-08,2026-08-23,2026-08,2026-08-23,2026-08,1,1,Issued | Issued,Residential New Construction and Additions (1 and 2 Family),Residential | New Construction and Additions | Building,3409 S Lightner Dr,Bel Mar Shores,https://arcgis.tampagov.net/arcgis/rest/services/OpenData/Planning/MapServer/32
rec-16f0a96876dafc43,SINGLE_FAMILY_PERMITS|NATIVE|BLD-26-0525185,src-27a4e3591e153f6a,tpa-045e51addb8e4c,single_family_permits,BLD-26-0525185,2026-06-09,2026-06,permit_issued,TASK_STATUS_DATE,source_reported_event,0,0,2026-08-23,2026-08,2026-08-23,2026-08,2026-08-23,2026-08,1,1,Issued | Issued,Residential New Construction and Additions (1 and 2 Family),Residential | New Construction and Additions | Building,1411 E 29th Ave,Ybor Heights Neighborhood Association and Watch Group,https://arcgis.tampagov.net/arcgis/rest/services/OpenData/Planning/MapServer/32
rec-18c280054992210f,SINGLE_FAMILY_PERMITS|NATIVE|BLD-26-0523510,src-0a5b4489861e1cae,tpa-1f34dcb1eeba3f,single_family_permits,BLD-26-0523510,2026-06-09,2026-06,permit_issued,TASK_STATUS_DATE,source_reported_event,0,0,2026-08-23,2026-08,2026-08-23,2026-08,2026-08-23,2026-08,1,1,Revision | Issued,Residential New Construction and Additions (1 and 2 Family),Residential | New Construction and Additions | Building,90 Huron Ave,Davis Islands,https://arcgis.tampagov.net/arcgis/rest/services/OpenData/Planning/MapServer/32
rec-19aa3687f6245cad,SINGLE_FAMILY_PERMITS|NATIVE|BLD-25-0518404,src-57c34a3606fbdb33,tpa-aef08567fad618,single_family_permits,BLD-25-0518404,2026-06-04,2026-06,permit_issued,TASK_STATUS_DATE,source_reported_event,0,0,2026-08-23,2026-08,2026-08-23,2026-08,2026-08-23,2026-08,1,1,Issued | Issued,Residential New Construction and Additions (1 and 2 Family),Residential | New Construction and Additions | Building,3613 N 52nd St,Grant Park,https://arcgis.tampagov.net/arcgis/rest/services/OpenData/Planning/MapServer/32
rec-1f2dcb678904ec90,SINGLE_FAMILY_PERMITS|NATIVE|BLD-26-0524844,src-f55035668face1ac,tpa-9f82d40156267e,single_family_permits,BLD-26-0524844,2026-06-09,2026-06,permit_issued,TASK_STATUS_DATE,source_reported_event,0,0,2026-08-23,2026-08,2026-08-23,2026-08,2026-08-23,2026-08,1,1,Revision | Issued,Residential New Construction and Additions (1 and 2 Family),Residential | New Construction and Additions | Building,1413 E 29th Ave,Ybor Heights Neighborhood Association and Watch Group,https://arcgis.tampagov.net/arcgis/rest/services/OpenData/Planning/MapServer/32
rec-2ae877fd1b2040dd,SINGLE_FAMILY_PERMITS|NATIVE|BLD-26-0524406,src-d21a17c8f2be43c9,tpa-645dc55b32acba,single_family_permits,BLD-26-0524406,2026-06-02,2026-06,permit_issued,TASK_STATUS_DATE,source_reported_event,0,0,2026-08-23,2026-08,2026-08-23,2026-08,2026-08-23,2026-08,1,1,Revision | Issued,Residential New Construction and Additions (1 and 2 Family),Residential | New Construction and Additions | Building,1421 E 29th Ave,Ybor Heights Neighborhood Association and Watch Group,https://arcgis.tampagov.net/arcgis/rest/services/OpenData/Planning/MapServer/32
rec-2cd55fde133ea0ba,SINGLE_FAMILY_PERMITS|NATIVE|BLD-26-0523532,src-014916e6dc645398,tpa-374e0666a51aa2,single_family_permits,BLD-26-0523532,2026-06-09,2026-06,permit_issued,TASK_STATUS_DATE,source_reported_event,0,0,2026-08-23,2026-08,2026-08-23,2026-08,2026-08-23,2026-08,1,1,Revision | Issued,Residential New Construction and Additions (1 and 2 Family),Residential | New Construction and Additions | Building,404 S Barbara Ln,Beach Park,https://arcgis.tampagov.net/arcgis/rest/services/OpenData/Planning/MapServer/32
rec-3164664baff6ba56,SINGLE_FAMILY_PERMITS|NATIVE|BLD-24-0505948,src-c7e6e2ee70455b7a,tpa-87df2fc6824f82,single_family_permits,BLD-24-0505948,2026-06-02,2026-06,permit_issued,TASK_STATUS_DATE,source_reported_event,0,0,2026-08-23,2026-08,2026-08-23,2026-08,2026-08-23,2026-08,1,1,Issued | Issued,Residential New Construction and Additions (1 and 2 Family),Residential | New Construction and Additions | Building,5026 W Leona St,Sunset Park,https://arcgis.tampagov.net/arcgis/rest/services/OpenData/Planning/MapServer/32
rec-34d4e12e7efa5407,SINGLE_FAMILY_PERMITS|NATIVE|BLD-26-0520543,src-214fea097eff2ac8,tpa-d215ac16b6e523,single_family_permits,BLD-26-0520543,2026-06-11,2026-06,permit_issued,TASK_STATUS_DATE,source_reported_event,0,0,2026-08-23,2026-08,2026-08-23,2026-08,2026-08-23,2026-08,1,1,Issued | Issued,Residential New Construction and Additions (1 and 2 Family),Residential | New Construction and Additions | Building,4708 W Euclid Ave,Belmar Gardens,https://arcgis.tampagov.net/arcgis/rest/services/OpenData/Planning/MapServer/32
rec-36e55c4c1a1c2847,SINGLE_FAMILY_PERMITS|NATIVE|BLD-26-0523651,src-9e97fc1a98b0df5c,tpa-d1f6c1949617ca,single_family_permits,BLD-26-0523651,2026-06-12,2026-06,permit_issued,TASK_STATUS_DATE,source_reported_event,0,0,2026-08-23,2026-08,2026-08-23,2026-08,2026-08-23,2026-08,1,1,Issued | Issued,Residential New Construction and Additions (1 and 2 Family),Residential | New Construction and Additions | Building,2930 W Coachman Ave,Bayshore Beautiful,https://arcgis.tampagov.net/arcgis/rest/services/OpenData/Planning/MapServer/32
rec-3b3126e7dd79e3b2,SINGLE_FAMILY_PERMITS|NATIVE|BLD-26-0524215,src-6946a6ec1cba6d23,tpa-19d41fd17c312c,single_family_permits,BLD-26-0524215,2026-06-17,2026-06,permit_issued,TASK_STATUS_DATE,source_reported_event,0,0,2026-08-23,2026-08,2026-08-23,2026-08,2026-08-23,2026-08,1,1,Issued | Issued,Residential New Construction and Additions (1 and 2 Family),Residential | New Construction and Additions | Building,4002 S Shamrock Rd,Bayside West,https://arcgis.tampagov.net/arcgis/rest/services/OpenData/Planning/MapServer/32
rec-421e48237b44000d,SINGLE_FAMILY_PERMITS|NATIVE|BLD-26-0522853,src-72797baac16cb8a5,tpa-bbe4a16043acb4,single_family_permits,BLD-26-0522853,2026-06-04,2026-06,permit_issued,TASK_STATUS_DATE,source_reported_event,0,0,2026-08-23,2026-08,2026-08-23,2026-08,2026-08-23,2026-08,1,1,Issued | Issued,Residential New Construction and Additions (1 and 2 Family),Residential | New Construction and Additions | Building,3609 S Omar Ave,Bel Mar Shores,https://arcgis.tampagov.net/arcgis/rest/services/OpenData/Planning/MapServer/32
rec-424265bb6cb005e8,SINGLE_FAMILY_PERMITS|NATIVE|BLD-26-0524763,src-b6bb2995e1769d42,tpa-dd1614046de936,single_family_permits,BLD-26-0524763,2026-06-22,2026-06,permit_issued,TASK_STATUS_DATE,source_reported_event,0,0,2026-08-23,2026-08,2026-08-23,2026-08,2026-08-23,2026-08,1,1,Issued | Issued,Residential New Construction and Additions (1 and 2 Family),Residential | New Construction and Additions | Building,3019 W Helen Ave,Ballast Point,https://arcgis.tampagov.net/arcgis/rest/services/OpenData/Planning/MapServer/32
rec-42b9314e73657619,SINGLE_FAMILY_PERMITS|NATIVE|BLD-26-0521063,src-4397c2cd930b5710,tpa-62253fde489651,single_family_permits,BLD-26-0521063,2026-06-04,2026-06,permit_issued,TASK_STATUS_DATE,source_reported_event,0,0,2026-08-23,2026-08,2026-08-23,2026-08,2026-08-23,2026-08,1,1,Issued | Issued,Residential New Construction and Additions (1 and 2 Family),Residential | New Construction and Additions | Building,3609 S Belcher Dr,Bel Mar Shores,https://arcgis.tampagov.net/arcgis/rest/services/OpenData/Planning/MapServer/32
rec-44b132f600021bb5,SINGLE_FAMILY_PERMITS|NATIVE|BLD-26-0525080,src-86479b8dfd38387d,tpa-062a1d60371e99,single_family_permits,BLD-26-0525080,2026-06-17,2026-06,permit_issued,TASK_STATUS_DATE,source_reported_event,0,0,2026-08-23,2026-08,2026-08-23,2026-08,2026-08-23,2026-08,1,1,Issued | Issued,Residential New Construction and Additions (1 and 2 Family),Residential | New Construction and Additions | Building,4315 W Azeele St,Beach Park,https://arcgis.tampagov.net/arcgis/rest/services/OpenData/Planning/MapServer/32
rec-462ea17b77f1a920,SINGLE_FAMILY_PERMITS|NATIVE|BLD-26-0523229,src-31c685518b865615,tpa-df11dfc02a569c,single_family_permits,BLD-26-0523229,2026-06-29,2026-06,permit_issued,TASK_STATUS_DATE,source_reported_event,0,0,2026-08-23,2026-08,2026-08-23,2026-08,2026-08-23,2026-08,1,1,Issued | Issued,Residential New Construction and Additions (1 and 2 Family),Residential | New Construction and Additions | Building,2515 W Palmetto St,Macfarlane Park,https://arcgis.tampagov.net/arcgis/rest/services/OpenData/Planning/MapServer/32
rec-4c46078964087449,SINGLE_FAMILY_PERMITS|NATIVE|BLD-26-0522986,src-50f944816118dbb3,tpa-1fb0e222223379,single_family_permits,BLD-26-0522986,2026-06-15,2026-06,permit_issued,TASK_STATUS_DATE,source_reported_event,0,0,2026-08-23,2026-08,2026-08-23,2026-08,2026-08-23,2026-08,1,1,Issued | Issued,Residential New Construction and Additions (1 and 2 Family),Residential | New Construction and Additions | Building,2927 W Alline Ave,Bayshore Beautiful,https://arcgis.tampagov.net/arcgis/rest/services/OpenData/Planning/MapServer/32
rec-5255a0e129d49d82,SINGLE_FAMILY_PERMITS|NATIVE|BLD-26-0520904,src-f21ce1546584ce8c,tpa-99fa4376843c17,single_family_permits,BLD-26-0520904,2026-06-16,2026-06,permit_issued,TASK_STATUS_DATE,source_reported_event,0,0,2026-08-23,2026-08,2026-08-23,2026-08,2026-08-23,2026-08,1,1,Issued | Issued,Residential New Construction and Additions (1 and 2 Family),Residential | New Construction and Additions | Building,2412 W Carmen St,Armory Gardens,https://arcgis.tampagov.net/arcgis/rest/services/OpenData/Planning/MapServer/32
rec-56b49d8e7276e50c,SINGLE_FAMILY_PERMITS|NATIVE|BLD-26-0524217,src-d297469309fd4050,tpa-60ffb36d4567ae,single_family_permits,BLD-26-0524217,2026-06-23,2026-06,permit_issued,TASK_STATUS_DATE,source_reported_event,0,0,2026-08-23,2026-08,2026-08-23,2026-08,2026-08-23,2026-08,1,1,Issued | Issued,Residential New Construction and Additions (1 and 2 Family),Residential | New Construction and Additions | Building,4729 W Knights Ave,Bayside West,https://arcgis.tampagov.net/arcgis/rest/services/OpenData/Planning/MapServer/32
rec-5c91c3aa0c26a97a,SINGLE_FAMILY_PERMITS|NATIVE|BLD-26-0523808,src-06b256e75a70c25c,tpa-47a7ff4e6e16f4,single_family_permits,BLD-26-0523808,2026-06-10,2026-06,permit_issued,TASK_STATUS_DATE,source_reported_event,0,0,2026-08-23,2026-08,2026-08-23,2026-08,2026-08-23,2026-08,1,1,Issued | Issued,Residential New Construction and Additions (1 and 2 Family),Residential | New Construction and Additions | Building,712 W Harlan St,Riverside Heights,https://arcgis.tampagov.net/arcgis/rest/services/OpenData/Planning/MapServer/32
rec-5e8538739228e108,SINGLE_FAMILY_PERMITS|NATIVE|BLD-26-0525082,src-e8a2521a141f0ebc,tpa-498f7dbd762b3f,single_family_permits,BLD-26-0525082,2026-06-09,2026-06,permit_issued,TASK_STATUS_DATE,source_reported_event,0,0,2026-08-23,2026-08,2026-08-23,2026-08,2026-08-23,2026-08,1,1,Revision | Issued,Residential New Construction and Additions (1 and 2 Family),Residential | New Construction and Additions | Building,1405 E 29th Ave,Ybor Heights Neighborhood Association and Watch Group,https://arcgis.tampagov.net/arcgis/rest/services/OpenData/Planning/MapServer/32
rec-602b5de5519cb337,SINGLE_FAMILY_PERMITS|NATIVE|BLD-26-0523232,src-af4966f58edb480c,tpa-a7aefa8e7ae081,single_family_permits,BLD-26-0523232,2026-06-30,2026-06,permit_issued,TASK_STATUS_DATE,source_reported_event,0,0,2026-08-23,2026-08,2026-08-23,2026-08,2026-08-23,2026-08,1,1,Issued | Issued,Residential New Construction and Additions (1 and 2 Family),Residential | New Construction and Additions | Building,1927 W Union St,Old West Tampa,https://arcgis.tampagov.net/arcgis/rest/services/OpenData/Planning/MapServer/32
rec-62ec8b4d70d1cce5,SINGLE_FAMILY_PERMITS|NATIVE|BLD-26-0523474,src-d82c3bdec71de58c,tpa-e31643da6b5577,single_family_permits,BLD-26-0523474,2026-06-16,2026-06,permit_issued,TASK_STATUS_DATE,source_reported_event,0,0,2026-08-23,2026-08,2026-08-23,2026-08,2026-08-23,2026-08,1,1,Issued | Issued,Residential New Construction and Additions (1 and 2 Family),Residential | New Construction and Additions | Building,4111 W Marietta St,Gandy / Sun Bay South,https://arcgis.tampagov.net/arcgis/rest/services/OpenData/Planning/MapServer/32
rec-6418de52adb78995,SINGLE_FAMILY_PERMITS|NATIVE|BLD-26-0521314,src-b5f94f8da2827ce6,tpa-5e4fcdcb906be9,single_family_permits,BLD-26-0521314,2026-06-29,2026-06,permit_issued,TASK_STATUS_DATE,source_reported_event,0,0,2026-08-23,2026-08,2026-08-23,2026-08,2026-08-23,2026-08,1,1,Issued | Issued,Residential New Construction and Additions (1 and 2 Family),Residential | New Construction and Additions | Building,7507 S OBrien St,"Port Tampa City, Inc. Civic Association",https://arcgis.tampagov.net/arcgis/rest/services/OpenData/Planning/MapServer/32
rec-64c6b35406d2ce21,SINGLE_FAMILY_PERMITS|NATIVE|BLD-26-0525081,src-261ad076313ddba3,tpa-1d4aeacdbee34e,single_family_permits,BLD-26-0525081,2026-06-09,2026-06,permit_issued,TASK_STATUS_DATE,source_reported_event,0,0,2026-08-23,2026-08,2026-08-23,2026-08,2026-08-23,2026-08,1,1,Revision | Issued,Residential New Construction and Additions (1 and 2 Family),Residential | New Construction and Additions | Building,1403 E 29th Ave,Ybor Heights Neighborhood Association and Watch Group,https://arcgis.tampagov.net/arcgis/rest/services/OpenData/Planning/MapServer/32
rec-6531a262dc85c6f3,SINGLE_FAMILY_PERMITS|NATIVE|BLD-26-0519337,src-0bcee562cf06f17e,tpa-ab7d107d53d84e,single_family_permits,BLD-26-0519337,2026-06-29,2026-06,permit_issued,TASK_STATUS_DATE,source_reported_event,0,0,2026-08-23,2026-08,2026-08-23,2026-08,2026-08-23,2026-08,1,1,Issued | Issued,Residential New Construction and Additions (1 and 2 Family),Residential | New Construction and Additions | Building,7405 S Morton St,"Port Tampa City, Inc. Civic Association",https://arcgis.tampagov.net/arcgis/rest/services/OpenData/Planning/MapServer/32
rec-660742e069c59f5c,SINGLE_FAMILY_PERMITS|NATIVE|BLD-26-0521240,src-f70b5ba991750b9d,tpa-9c2a2b995e3336,single_family_permits,BLD-26-0521240,2026-06-13,2026-06,permit_issued,TASK_STATUS_DATE,source_reported_event,0,0,2026-08-23,2026-08,2026-08-23,2026-08,2026-08-23,2026-08,1,1,Issued | Issued,Residential New Construction and Additions (1 and 2 Family),Residential | New Construction and Additions | Building,4780 E Yukon St,Temple Crest,https://arcgis.tampagov.net/arcgis/rest/services/OpenData/Planning/MapServer/32
rec-683970a1dc8730b5,SINGLE_FAMILY_PERMITS|NATIVE|BLD-26-0523269,src-d2c55067b9093d44,tpa-915ffeffc22ea4,single_family_permits,BLD-26-0523269,2026-06-11,2026-06,permit_issued,TASK_STATUS_DATE,source_reported_event,0,0,2026-08-23,2026-08,2026-08-23,2026-08,2026-08-23,2026-08,1,1,Issued | Issued,Residential New Construction and Additions (1 and 2 Family),Residential | New Construction and Additions | Building,9905 N 18th St,Tampa Overlook,https://arcgis.tampagov.net/arcgis/rest/services/OpenData/Planning/MapServer/32
rec-6cc6a4670d5263aa,SINGLE_FAMILY_PERMITS|NATIVE|BLD-26-0524307,src-3d309e6ba39b12b2,tpa-ec96c60f9a44f0,single_family_permits,BLD-26-0524307,2026-06-15,2026-06,permit_issued,TASK_STATUS_DATE,source_reported_event,0,0,2026-08-23,2026-08,2026-08-23,2026-08,2026-08-23,2026-08,1,1,Issued | Issued,Residential New Construction and Additions (1 and 2 Family),Residential | New Construction and Additions | Building,1402 E Cayuga St,Southeast Seminole Heights,https://arcgis.tampagov.net/arcgis/rest/services/OpenData/Planning/MapServer/32
rec-740d0d0bff7bbd86,SINGLE_FAMILY_PERMITS|NATIVE|BLD-26-0524407,src-dc5099a39467b683,tpa-5bd430850c12b1,single_family_permits,BLD-26-0524407,2026-06-02,2026-06,permit_issued,TASK_STATUS_DATE,source_reported_event,0,0,2026-08-23,2026-08,2026-08-23,2026-08,2026-08-23,2026-08,1,1,Revision | Issued,Residential New Construction and Additions (1 and 2 Family),Residential | New Construction and Additions | Building,1423 E 29th Ave,Ybor Heights Neighborhood Association and Watch Group,https://arcgis.tampagov.net/arcgis/rest/services/OpenData/Planning/MapServer/32
rec-75c43bcb37db205c,SINGLE_FAMILY_PERMITS|NATIVE|BLD-25-0518403,src-358689d6f4ac2521,tpa-6fdd9525443cb1,single_family_permits,BLD-25-0518403,2026-06-04,2026-06,permit_issued,TASK_STATUS_DATE,source_reported_event,0,0,2026-08-23,2026-08,2026-08-23,2026-08,2026-08-23,2026-08,1,1,Issued | Issued,Residential New Construction and Additions (1 and 2 Family),Residential | New Construction and Additions | Building,3613 N 52nd St,Grant Park,https://arcgis.tampagov.net/arcgis/rest/services/OpenData/Planning/MapServer/32
rec-76f16f0d2974eb8a,SINGLE_FAMILY_PERMITS|NATIVE|BLD-26-0524845,src-03acfdbe1ad8e9e7,tpa-621af98423c5c4,single_family_permits,BLD-26-0524845,2026-06-09,2026-06,permit_issued,TASK_STATUS_DATE,source_reported_event,0,0,2026-08-23,2026-08,2026-08-23,2026-08,2026-08-23,2026-08,1,1,Revision | Issued,Residential New Construction and Additions (1 and 2 Family),Residential | New Construction and Additions | Building,1415 E 29th Ave,Ybor Heights Neighborhood Association and Watch Group,https://arcgis.tampagov.net/arcgis/rest/services/OpenData/Planning/MapServer/32
rec-7870072eceb7fa8e,SINGLE_FAMILY_PERMITS|NATIVE|BLD-26-0524593,src-7dfac7f255be9ca9,tpa-a4fafac80ba4e3,single_family_permits,BLD-26-0524593,2026-06-09,2026-06,permit_issued,TASK_STATUS_DATE,source_reported_event,0,0,2026-08-23,2026-08,2026-08-23,2026-08,2026-08-23,2026-08,1,1,Issued | Issued,Residential New Construction and Additions (1 and 2 Family),Residential | New Construction and Additions | Building,2528 W Watrous Ave,New Suburb Beautiful,https://arcgis.tampagov.net/arcgis/rest/services/OpenData/Planning/MapServer/32
rec-7cc7437b592a002c,SINGLE_FAMILY_PERMITS|NATIVE|BLD-26-0523336,src-181617d8f178afab,tpa-8e634612440da4,single_family_permits,BLD-26-0523336,2026-06-01,2026-06,permit_issued,TASK_STATUS_DATE,source_reported_event,0,0,2026-08-23,2026-08,2026-08-23,2026-08,2026-08-23,2026-08,1,1,Issued | Issued,Residential New Construction and Additions (1 and 2 Family),Residential | New Construction and Additions | Building,1408 E 21st Ave,VM Ybor,https://arcgis.tampagov.net/arcgis/rest/services/OpenData/Planning/MapServer/32
rec-82154bb57a5a1974,SINGLE_FAMILY_PERMITS|NATIVE|BLD-26-0524089,src-d582120d825062dd,tpa-f7c57b82ababc6,single_family_permits,BLD-26-0524089,2026-06-15,2026-06,permit_issued,TASK_STATUS_DATE,source_reported_event,0,0,2026-08-23,2026-08,2026-08-23,2026-08,2026-08-23,2026-08,1,1,Issued | Issued,Residential New Construction and Additions (1 and 2 Family),Residential | New Construction and Additions | Building,3004 W North A St,Armory Gardens,https://arcgis.tampagov.net/arcgis/rest/services/OpenData/Planning/MapServer/32
rec-8441dfa4e08c9d1d,SINGLE_FAMILY_PERMITS|NATIVE|BLD-26-0524759,src-e499a95d4a7d014d,tpa-e6022bc8dc7b15,single_family_permits,BLD-26-0524759,2026-06-30,2026-06,permit_issued,TASK_STATUS_DATE,source_reported_event,0,0,2026-08-23,2026-08,2026-08-23,2026-08,2026-08-23,2026-08,1,1,Issued | Issued,Residential New Construction and Additions (1 and 2 Family),Residential | New Construction and Additions | Building,3408 W Leona St,Palma Ceia,https://arcgis.tampagov.net/arcgis/rest/services/OpenData/Planning/MapServer/32
rec-8702331ff840d324,SINGLE_FAMILY_PERMITS|NATIVE|BLD-26-0524015,src-455eb77163f66f03,tpa-2da8e6795be060,single_family_permits,BLD-26-0524015,2026-06-04,2026-06,permit_issued,TASK_STATUS_DATE,source_reported_event,0,0,2026-08-23,2026-08,2026-08-23,2026-08,2026-08-23,2026-08,1,1,Issued | Issued,Residential New Construction and Additions (1 and 2 Family),Residential | New Construction and Additions | Building,2706 W Grace St,Midtown Tampa,https://arcgis.tampagov.net/arcgis/rest/services/OpenData/Planning/MapServer/32
rec-8aa7ba27171b852c,SINGLE_FAMILY_PERMITS|NATIVE|BLD-26-0522618,src-4d2b297b5051bb61,tpa-8fbe2bf04c79ec,single_family_permits,BLD-26-0522618,2026-06-25,2026-06,permit_issued,TASK_STATUS_DATE,source_reported_event,0,0,2026-08-23,2026-08,2026-08-23,2026-08,2026-08-23,2026-08,1,1,Issued | Issued,Residential New Construction and Additions (1 and 2 Family),Residential | New Construction and Additions | Building,210 S Ward St,Beach Park,https://arcgis.tampagov.net/arcgis/rest/services/OpenData/Planning/MapServer/32
rec-8f2bccdb56334859,SINGLE_FAMILY_PERMITS|NATIVE|BLD-25-0518402,src-f684c00e96181a1e,tpa-a5fb6b48da38a4,single_family_permits,BLD-25-0518402,2026-06-04,2026-06,permit_issued,TASK_STATUS_DATE,source_reported_event,0,0,2026-08-23,2026-08,2026-08-23,2026-08,2026-08-23,2026-08,1,1,Issued | Issued,Residential New Construction and Additions (1 and 2 Family),Residential | New Construction and Additions | Building,3611 N 52nd St,Grant Park,https://arcgis.tampagov.net/arcgis/rest/services/OpenData/Planning/MapServer/32
rec-9368bfc3099e31f6,SINGLE_FAMILY_PERMITS|NATIVE|BLD-24-0509127,src-e5f4b73cbde1b1d2,tpa-e295b076b675a7,single_family_permits,BLD-24-0509127,2026-06-15,2026-06,permit_issued,TASK_STATUS_DATE,source_reported_event,0,0,2026-08-23,2026-08,2026-08-23,2026-08,2026-08-23,2026-08,1,1,Issued | Issued,Residential New Construction and Additions (1 and 2 Family),Residential | New Construction and Additions | Building,8410 N Lamar Ave,Sulphur Springs,https://arcgis.tampagov.net/arcgis/rest/services/OpenData/Planning/MapServer/32
rec-9953d5b27793b24a,SINGLE_FAMILY_PERMITS|NATIVE|BLD-26-0525435,src-68b833bfcacd1b8e,tpa-92be969f635e51,single_family_permits,BLD-26-0525435,2026-06-30,2026-06,permit_issued,TASK_STATUS_DATE,source_reported_event,0,0,2026-08-23,2026-08,2026-08-23,2026-08,2026-08-23,2026-08,1,1,Issued | Issued,Residential New Construction and Additions (1 and 2 Family),Residential | New Construction and Additions | Building,1518 S Richard Ave,Palma Ceia West,https://arcgis.tampagov.net/arcgis/rest/services/OpenData/Planning/MapServer/32
rec-9ad173f6864389a0,SINGLE_FAMILY_PERMITS|NATIVE|BLD-26-0523213,src-005374b5b7499c67,tpa-c768fb60f5036e,single_family_permits,BLD-26-0523213,2026-06-02,2026-06,permit_issued,TASK_STATUS_DATE,source_reported_event,0,0,2026-08-23,2026-08,2026-08-23,2026-08,2026-08-23,2026-08,1,1,Issued | Issued,Residential New Construction and Additions (1 and 2 Family),Residential | New Construction and Additions | Building,3602 W Dale Ave,Bon Air,https://arcgis.tampagov.net/arcgis/rest/services/OpenData/Planning/MapServer/32
rec-9f4879482102e5b1,SINGLE_FAMILY_PERMITS|NATIVE|BLD-26-0520233,src-dad7ee807edf8314,tpa-9541b1e715cfe0,single_family_permits,BLD-26-0520233,2026-06-08,2026-06,permit_issued,TASK_STATUS_DATE,source_reported_event,0,0,2026-08-23,2026-08,2026-08-23,2026-08,2026-08-23,2026-08,1,1,Issued | Issued,Residential New Construction and Additions (1 and 2 Family),Residential | New Construction and Additions | Building,3611 S Belcher Dr,Bel Mar Shores,https://arcgis.tampagov.net/arcgis/rest/services/OpenData/Planning/MapServer/32
rec-a09f8ee81b35c324,SINGLE_FAMILY_PERMITS|NATIVE|BLD-25-0518954,src-fbc00d80f1a0a78b,tpa-11319b993a92a4,single_family_permits,BLD-25-0518954,2026-06-29,2026-06,permit_issued,TASK_STATUS_DATE,source_reported_event,0,0,2026-08-23,2026-08,2026-08-23,2026-08,2026-08-23,2026-08,1,1,Issued | Issued,Residential New Construction and Additions (1 and 2 Family),Residential | New Construction and Additions | Building,4720 W Tambay Ave,Bayside West,https://arcgis.tampagov.net/arcgis/rest/services/OpenData/Planning/MapServer/32
rec-a38c884e152fb738,SINGLE_FAMILY_PERMITS|NATIVE|BLD-26-0521917,src-5fc75b582d4f1b6b,tpa-51436f3a21c595,single_family_permits,BLD-26-0521917,2026-06-04,2026-06,permit_issued,TASK_STATUS_DATE,source_reported_event,0,0,2026-08-23,2026-08,2026-08-23,2026-08,2026-08-23,2026-08,1,1,Issued | Issued,Residential New Construction and Additions (1 and 2 Family),Residential | New Construction and Additions | Building,3112 W Haya St,Plaza Terrace,https://arcgis.tampagov.net/arcgis/rest/services/OpenData/Planning/MapServer/32
rec-a5a2881136179028,SINGLE_FAMILY_PERMITS|NATIVE|BLD-26-0523231,src-a54eca774782abce,tpa-a814d8386a6d65,single_family_permits,BLD-26-0523231,2026-06-30,2026-06,permit_issued,TASK_STATUS_DATE,source_reported_event,0,0,2026-08-23,2026-08,2026-08-23,2026-08,2026-08-23,2026-08,1,1,Issued | Issued,Residential New Construction and Additions (1 and 2 Family),Residential | New Construction and Additions | Building,1925 W Union St,Old West Tampa,https://arcgis.tampagov.net/arcgis/rest/services/OpenData/Planning/MapServer/32
rec-a5acc79d1dacd448,SINGLE_FAMILY_PERMITS|NATIVE|BLD-26-0521794,src-eaeaaeac9b79ce02,tpa-207901a60db750,single_family_permits,BLD-26-0521794,2026-06-18,2026-06,permit_issued,TASK_STATUS_DATE,source_reported_event,0,0,2026-08-23,2026-08,2026-08-23,2026-08,2026-08-23,2026-08,1,1,Issued | Issued,Residential New Construction and Additions (1 and 2 Family),Residential | New Construction and Additions | Building,3210 E Henry Ave,Live Oaks Square,https://arcgis.tampagov.net/arcgis/rest/services/OpenData/Planning/MapServer/32
rec-b2094f326e13fc5e,SINGLE_FAMILY_PERMITS|NATIVE|BLD-26-0524115,src-498a073889e6dff0,tpa-c9e100c620dbb2,single_family_permits,BLD-26-0524115,2026-06-09,2026-06,permit_issued,TASK_STATUS_DATE,source_reported_event,0,0,2026-08-23,2026-08,2026-08-23,2026-08,2026-08-23,2026-08,1,1,Issued | Issued,Residential New Construction and Additions (1 and 2 Family),Residential | New Construction and Additions | Building,5206 Bayshore Blvd,Ballast Point,https://arcgis.tampagov.net/arcgis/rest/services/OpenData/Planning/MapServer/32
rec-b71809de8c544c44,SINGLE_FAMILY_PERMITS|NATIVE|BLD-26-0524715,src-2c336bf8f89832e6,tpa-ea48b80b26a122,single_family_permits,BLD-26-0524715,2026-06-12,2026-06,permit_issued,TASK_STATUS_DATE,source_reported_event,0,0,2026-08-23,2026-08,2026-08-23,2026-08,2026-08-23,2026-08,1,1,Issued | Issued,Residential New Construction and Additions (1 and 2 Family),Residential | New Construction and Additions | Building,1431 W Yukon St,Lowry Park Central,https://arcgis.tampagov.net/arcgis/rest/services/OpenData/Planning/MapServer/32
rec-bdd6743197b897ec,SINGLE_FAMILY_PERMITS|NATIVE|BLD-26-0525353,src-417d39a03b00b0d9,tpa-904d5d86463077,single_family_permits,BLD-26-0525353,2026-06-25,2026-06,permit_issued,TASK_STATUS_DATE,source_reported_event,0,0,2026-08-23,2026-08,2026-08-23,2026-08,2026-08-23,2026-08,1,1,Issued | Issued,Residential New Construction and Additions (1 and 2 Family),Residential | New Construction and Additions | Building,2711 N Myrtle Ave,Riverside Heights,https://arcgis.tampagov.net/arcgis/rest/services/OpenData/Planning/MapServer/32
rec-c52de71437172eac,SINGLE_FAMILY_PERMITS|NATIVE|BLD-26-0522166,src-a60c6a632b2d92fb,tpa-1a794081c1cc17,single_family_permits,BLD-26-0522166,2026-06-24,2026-06,permit_issued,TASK_STATUS_DATE,source_reported_event,0,0,2026-08-23,2026-08,2026-08-23,2026-08,2026-08-23,2026-08,1,1,Issued | Issued,Residential New Construction and Additions (1 and 2 Family),Residential | New Construction and Additions | Building,3207 W Palmetto St,Macfarlane Park,https://arcgis.tampagov.net/arcgis/rest/services/OpenData/Planning/MapServer/32
rec-c757fe54a1c3a9fb,SINGLE_FAMILY_PERMITS|NATIVE|BLD-26-0523539,src-ef15e00cdfc1cc6d,tpa-ed5b81318e2cdd,single_family_permits,BLD-26-0523539,2026-06-15,2026-06,permit_issued,TASK_STATUS_DATE,source_reported_event,0,0,2026-08-23,2026-08,2026-08-23,2026-08,2026-08-23,2026-08,1,1,Issued | Issued,Residential New Construction and Additions (1 and 2 Family),Residential | New Construction and Additions | Building,8411 N Elmer St,Sulphur Springs,https://arcgis.tampagov.net/arcgis/rest/services/OpenData/Planning/MapServer/32
rec-c97a02b04c350bdc,SINGLE_FAMILY_PERMITS|NATIVE|BLD-26-0523562,src-c68fcc479a6ed147,tpa-a66ae4ef1c3345,single_family_permits,BLD-26-0523562,2026-06-11,2026-06,permit_issued,TASK_STATUS_DATE,source_reported_event,0,0,2026-08-23,2026-08,2026-08-23,2026-08,2026-08-23,2026-08,1,1,Issued | Issued,Residential New Construction and Additions (1 and 2 Family),Residential | New Construction and Additions | Building,4009 W San Nicholas St,Palma Ceia West,https://arcgis.tampagov.net/arcgis/rest/services/OpenData/Planning/MapServer/32
rec-cb8518f3be663d59,SINGLE_FAMILY_PERMITS|NATIVE|BLD-23-0502711,src-7fcab7cd263d0dcd,tpa-a054ddedfc6133,single_family_permits,BLD-23-0502711,2026-06-29,2026-06,permit_issued,TASK_STATUS_DATE,source_reported_event,0,0,2026-08-23,2026-08,2026-08-23,2026-08,2026-08-23,2026-08,1,1,Issued | Issued,Residential New Construction and Additions (1 and 2 Family),Residential | New Construction and Additions | Building,3705 Temple St,Grant Park,https://arcgis.tampagov.net/arcgis/rest/services/OpenData/Planning/MapServer/32
rec-d196a8e2583431e7,SINGLE_FAMILY_PERMITS|NATIVE|BLD-26-0523331,src-32f238be635a02cb,tpa-6006fbde5fcfa5,single_family_permits,BLD-26-0523331,2026-06-01,2026-06,permit_issued,TASK_STATUS_DATE,source_reported_event,0,0,2026-08-23,2026-08,2026-08-23,2026-08,2026-08-23,2026-08,1,1,Issued | Issued,Residential New Construction and Additions (1 and 2 Family),Residential | New Construction and Additions | Building,1408 E 21st Ave,VM Ybor,https://arcgis.tampagov.net/arcgis/rest/services/OpenData/Planning/MapServer/32
rec-d2a8d373b38ad7b5,SINGLE_FAMILY_PERMITS|NATIVE|BLD-25-0518405,src-76f8e51fac9d90b9,tpa-c3125164df8d13,single_family_permits,BLD-25-0518405,2026-06-04,2026-06,permit_issued,TASK_STATUS_DATE,source_reported_event,0,0,2026-08-23,2026-08,2026-08-23,2026-08,2026-08-23,2026-08,1,1,Issued | Issued,Residential New Construction and Additions (1 and 2 Family),Residential | New Construction and Additions | Building,3615 N 52nd St,Grant Park,https://arcgis.tampagov.net/arcgis/rest/services/OpenData/Planning/MapServer/32
rec-d57e542544e4ba01,SINGLE_FAMILY_PERMITS|NATIVE|BLD-26-0522402,src-f7bd8f57b7c7f7eb,tpa-f5fd786cb76d10,single_family_permits,BLD-26-0522402,2026-06-02,2026-06,permit_issued,TASK_STATUS_DATE,source_reported_event,0,0,2026-08-23,2026-08,2026-08-23,2026-08,2026-08-23,2026-08,1,1,Issued | Issued,Residential New Construction and Additions (1 and 2 Family),Residential | New Construction and Additions | Building,3301 W Corona St,Palma Ceia,https://arcgis.tampagov.net/arcgis/rest/services/OpenData/Planning/MapServer/32
rec-dd95dcbb092f1a5a,SINGLE_FAMILY_PERMITS|NATIVE|BLD-26-0520002,src-2a1c9ff05eb0202e,tpa-6643bf8a59e436,single_family_permits,BLD-26-0520002,2026-06-17,2026-06,permit_issued,TASK_STATUS_DATE,source_reported_event,0,0,2026-08-23,2026-08,2026-08-23,2026-08,2026-08-23,2026-08,1,1,Issued | Issued,Residential New Construction and Additions (1 and 2 Family),Residential | New Construction and Additions | Building,4508 N Troy St,Rainbow Heights,https://arcgis.tampagov.net/arcgis/rest/services/OpenData/Planning/MapServer/32
rec-e0ad40e1489fb654,SINGLE_FAMILY_PERMITS|NATIVE|BLD-26-0523296,src-85da49c29f9b79f0,tpa-917a47de21c4dd,single_family_permits,BLD-26-0523296,2026-06-01,2026-06,permit_issued,TASK_STATUS_DATE,source_reported_event,0,0,2026-08-23,2026-08,2026-08-23,2026-08,2026-08-23,2026-08,1,1,Revision | Issued,Residential New Construction and Additions (1 and 2 Family),Residential | New Construction and Additions | Building,4615 S Woodlynne Ave,Bayshore Beautiful,https://arcgis.tampagov.net/arcgis/rest/services/OpenData/Planning/MapServer/32
rec-e46c76deddfe4a37,SINGLE_FAMILY_PERMITS|NATIVE|BLD-26-0524483,src-07d46314ab1b0398,tpa-b1afc91547895f,single_family_permits,BLD-26-0524483,2026-06-18,2026-06,permit_issued,TASK_STATUS_DATE,source_reported_event,0,0,2026-08-23,2026-08,2026-08-23,2026-08,2026-08-23,2026-08,1,1,Issued | Issued,Residential New Construction and Additions (1 and 2 Family),Residential | New Construction and Additions | Building,3421 N 9th St,Ybor Heights Neighborhood Association and Watch Group,https://arcgis.tampagov.net/arcgis/rest/services/OpenData/Planning/MapServer/32
rec-e5ce82ad73e25d7b,SINGLE_FAMILY_PERMITS|NATIVE|BLD-26-0521689,src-6ea3cdace9f88332,tpa-3a3123d55d4e8d,single_family_permits,BLD-26-0521689,2026-06-01,2026-06,permit_issued,TASK_STATUS_DATE,source_reported_event,0,0,2026-08-23,2026-08,2026-08-23,2026-08,2026-08-23,2026-08,1,1,Issued | Issued,Residential New Construction and Additions (1 and 2 Family),Residential | New Construction and Additions | Building,2830 W Bay Haven Dr,Ballast Point,https://arcgis.tampagov.net/arcgis/rest/services/OpenData/Planning/MapServer/32
rec-e66af413312890d5,SINGLE_FAMILY_PERMITS|NATIVE|BLD-26-0522151,src-56b3b16de84892c1,tpa-c7d017e71bbdf6,single_family_permits,BLD-26-0522151,2026-06-18,2026-06,permit_issued,TASK_STATUS_DATE,source_reported_event,0,0,2026-08-23,2026-08,2026-08-23,2026-08,2026-08-23,2026-08,1,1,Issued | Issued,Residential New Construction and Additions (1 and 2 Family),Residential | New Construction and Additions | Building,2929 W Coachman Ave,Bayshore Beautiful,https://arcgis.tampagov.net/arcgis/rest/services/OpenData/Planning/MapServer/32
rec-e7619446a80623cb,SINGLE_FAMILY_PERMITS|NATIVE|BLD-26-0524841,src-0280c792a09fbb88,tpa-3cf3eb9d357546,single_family_permits,BLD-26-0524841,2026-06-04,2026-06,permit_issued,TASK_STATUS_DATE,source_reported_event,0,0,2026-08-23,2026-08,2026-08-23,2026-08,2026-08-23,2026-08,1,1,Revision | Issued,Residential New Construction and Additions (1 and 2 Family),Residential | New Construction and Additions | Building,3714 W Palmira Ave,Palma Ceia,https://arcgis.tampagov.net/arcgis/rest/services/OpenData/Planning/MapServer/32
rec-e7f9902741857281,SINGLE_FAMILY_PERMITS|NATIVE|BLD-26-0523284,src-0f39d7a28999de48,tpa-4caec9bd209542,single_family_permits,BLD-26-0523284,2026-06-04,2026-06,permit_issued,TASK_STATUS_DATE,source_reported_event,0,0,2026-08-23,2026-08,2026-08-23,2026-08,2026-08-23,2026-08,1,1,Issued | Issued,Residential New Construction and Additions (1 and 2 Family),Residential | New Construction and Additions | Building,4706 W Euclid Ave,Belmar Gardens,https://arcgis.tampagov.net/arcgis/rest/services/OpenData/Planning/MapServer/32
rec-eb25215ccaa45792,SINGLE_FAMILY_PERMITS|NATIVE|BLD-26-0520037,src-649f6787f2762bcc,tpa-4b020af109acdb,single_family_permits,BLD-26-0520037,2026-06-15,2026-06,permit_issued,TASK_STATUS_DATE,source_reported_event,0,0,2026-08-23,2026-08,2026-08-23,2026-08,2026-08-23,2026-08,1,1,Issued | Issued,Residential New Construction and Additions (1 and 2 Family),Residential | New Construction and Additions | Building,1908 E 97th Ave,Tampa Overlook,https://arcgis.tampagov.net/arcgis/rest/services/OpenData/Planning/MapServer/32
rec-ec2eab54bfd19c9c,SINGLE_FAMILY_PERMITS|NATIVE|BLD-24-0509270,src-36711d054c45079b,tpa-cdf956cb667e6e,single_family_permits,BLD-24-0509270,2026-06-24,2026-06,permit_issued,TASK_STATUS_DATE,source_reported_event,0,0,2026-08-23,2026-08,2026-08-23,2026-08,2026-08-23,2026-08,1,1,Issued | Issued,Residential New Construction and Additions (1 and 2 Family),Residential | New Construction and Additions | Building,4106 E Knollwood St,Northeast Community Crimewatch & Civic Association,https://arcgis.tampagov.net/arcgis/rest/services/OpenData/Planning/MapServer/32
rec-ec3a11114b33b9a2,SINGLE_FAMILY_PERMITS|NATIVE|BLD-26-0524163,src-f494ea0b6694469d,tpa-eed2a91832bfc1,single_family_permits,BLD-26-0524163,2026-06-30,2026-06,permit_issued,TASK_STATUS_DATE,source_reported_event,0,0,2026-08-23,2026-08,2026-08-23,2026-08,2026-08-23,2026-08,1,1,Issued | Issued,Residential New Construction and Additions (1 and 2 Family),Residential | New Construction and Additions | Building,2608 W Watrous Ave,New Suburb Beautiful,https://arcgis.tampagov.net/arcgis/rest/services/OpenData/Planning/MapServer/32
rec-f0c076ffce94ef43,SINGLE_FAMILY_PERMITS|NATIVE|BLD-26-0525200,src-3849a09a57ec0967,tpa-325b3dda9ee2b1,single_family_permits,BLD-26-0525200,2026-06-29,2026-06,permit_issued,TASK_STATUS_DATE,source_reported_event,0,0,2026-08-23,2026-08,2026-08-23,2026-08,2026-08-23,2026-08,1,1,Issued | Issued,Residential New Construction and Additions (1 and 2 Family),Residential | New Construction and Additions | Building,3908 W San Miguel St,Palma Ceia West,https://arcgis.tampagov.net/arcgis/rest/services/OpenData/Planning/MapServer/32
rec-f3d63ed5ac1a99f0,SINGLE_FAMILY_PERMITS|NATIVE|BLD-26-0522224,src-70691b792688e0f6,tpa-76514f256dd0dc,single_family_permits,BLD-26-0522224,2026-06-09,2026-06,permit_issued,TASK_STATUS_DATE,source_reported_event,0,0,2026-08-23,2026-08,2026-08-23,2026-08,2026-08-23,2026-08,1,1,Revision | Issued,Residential New Construction and Additions (1 and 2 Family),Residential | New Construction and Additions | Building,3109 W Napoleon Ave,Interbay - South of Gandy,https://arcgis.tampagov.net/arcgis/rest/services/OpenData/Planning/MapServer/32
rec-f7f2f72b82c37d16,SINGLE_FAMILY_PERMITS|NATIVE|BLD-25-0518592,src-bf8383fc0fda884d,tpa-6a495f5f9c1ef6,single_family_permits,BLD-25-0518592,2026-06-02,2026-06,permit_issued,TASK_STATUS_DATE,source_reported_event,0,0,2026-08-23,2026-08,2026-08-23,2026-08,2026-08-23,2026-08,1,1,Issued | Issued,Residential New Construction and Additions (1 and 2 Family),Residential | New Construction and Additions | Building,508 E Sparkman Ave,Tampa Heights,https://arcgis.tampagov.net/arcgis/rest/services/OpenData/Planning/MapServer/32
rec-fa818f2099985822,SINGLE_FAMILY_PERMITS|NATIVE|BLD-26-0521726,src-d0acbbc07aee3cc2,tpa-5baa8a11ffa096,single_family_permits,BLD-26-0521726,2026-06-23,2026-06,permit_issued,TASK_STATUS_DATE,source_reported_event,0,0,2026-08-23,2026-08,2026-08-23,2026-08,2026-08-23,2026-08,1,1,Issued | Issued,Residential New Construction and Additions (1 and 2 Family),Residential | New Construction and Additions | Building,1913 S Oakmont St,Golfview,https://arcgis.tampagov.net/arcgis/rest/services/OpenData/Planning/MapServer/32
rec-ffd74e5883e901f2,SINGLE_FAMILY_PERMITS|NATIVE|BLD-26-0523987,src-69a58ba602fc588d,tpa-69e4cced1caf8f,single_family_permits,BLD-26-0523987,2026-06-29,2026-06,permit_issued,TASK_STATUS_DATE,source_reported_event,0,0,2026-08-23,2026-08,2026-08-23,2026-08,2026-08-23,2026-08,1,1,Issued | Issued,Residential New Construction and Additions (1 and 2 Family),Residential | New Construction and Additions | Building,9306 N 18th St,Tampa Overlook,https://arcgis.tampagov.net/arcgis/rest/services/OpenData/Planning/MapServer/32
