record_id,record_identity,source_record_key,activity_id,source_name,source_record_id,event_date,event_month,event_date_type,event_date_source_field,event_date_basis,event_date_is_planned,event_date_is_after_snapshot,first_observed_date,first_observed_month,last_observed_date,last_observed_month,snapshot_date,snapshot_month,observation_count,currently_observed,status,project_name,record_type,address,neighborhood,source_url
rec-5a7589e8d54f04ae,CAPITAL_IMPROVEMENTS|NATIVE|WTR-25-0004|GLOBALID|{F4CE89AD-1B01-4C3E-B57E-45DD5AA07D82},src-233d2ff823c96c9d,tpa-ea50201a8b064c,capital_improvements,WTR-25-0004,2026-08-11,2026-08,source_record_created,created_date,source_record_metadata,0,0,2026-08-23,2026-08,2026-09-01,2026-09,2026-09-01,2026-09,2,1,30% Design Completion,South Howard Water Improvement Project,Water,,Historic Hyde Park,https://apps.tampagov.net/Directory_Lister/FileHandler.ashx?file=GIS%2fWTR-25-0004.pdf
rec-e1181993380bc61d,CAPITAL_IMPROVEMENTS|GLOBALID|{1835E86F-0335-44E3-8803-54E051EC52E9},src-7802257b9057e0bb,tpa-2695ad6313af38,capital_improvements,,2026-08-12,2026-08,capital_planned_start,planstart,source_reported_plan,1,0,2026-08-23,2026-08,2026-09-01,2026-09,2026-09-01,2026-09,2,1,Construction in Progress,Cass St Drawbridge Improvements,Transportation,,Julian B Lane Riverfront Park,https://apps.tampagov.net/Directory_Lister/FileHandler.ashx?file=GIS%2f
rec-b8c62c2bf925734b,CAPITAL_LOCATIONS_LINE|NATIVE|TRANS20187,src-d2a5fb7cafc135a2,tpa-2695ad6313af38,capital_locations_line,TRANS20187,2026-08-12,2026-08,capital_planned_start,planstart,source_reported_plan,1,0,2026-08-23,2026-08,2026-09-01,2026-09,2026-09-01,2026-09,2,1,Construction in Progress,Cass St Drawbridge Improvements,Transportation,,"Downtown River Arts Neighborhood Association, Julian B Lane Riverfront Park",https://arcgis.tampagov.net/arcgis/rest/services/CapitalProjects/CityWideProjectsPublic/FeatureServer/1
rec-00b90c93e06a7387,CONSTRUCTION_INSPECTIONS|NATIVE|BDE-26-0445751,,,construction_inspections,BDE-26-0445751,2026-08-11,2026-08,permit_record_created,CREATEDDATE,source_record_metadata,0,0,2026-09-01,2026-09,2026-09-01,2026-09,2026-09-01,2026-09,1,1,Issued,DEMO SFR,Residential Demolition Permit,3915 E Powhatan Ave,Live Oaks Square,https://aca-prod.accela.com/TAMPA/Cap/CapDetail.aspx?Module=Building&TabName=Building&capID1=26CAP&capID2=00000&capID3=025UJ&agencyCode=TAMPA
rec-06f3b08b43f8f860,CONSTRUCTION_INSPECTIONS|NATIVE|BDE-26-0445754,src-01a9f26b35705aae,tpa-d46418fc820563,construction_inspections,BDE-26-0445754,2026-08-13,2026-08,permit_record_created,CREATEDDATE,source_record_metadata,0,0,2026-08-23,2026-08,2026-09-01,2026-09,2026-09-01,2026-09,2,1,Issued,Demo SFR,Residential Demolition Permit,4507 N 15th St,Historic Belmont Heights,https://aca-prod.accela.com/TAMPA/Cap/CapDetail.aspx?Module=Building&TabName=Building&capID1=26CAP&capID2=00000&capID3=0269R&agencyCode=TAMPA
rec-224b9d1921805bd6,CONSTRUCTION_INSPECTIONS|NATIVE|BDE-26-0445756,,,construction_inspections,BDE-26-0445756,2026-08-13,2026-08,permit_record_created,CREATEDDATE,source_record_metadata,0,0,2026-09-01,2026-09,2026-09-01,2026-09,2026-09-01,2026-09,1,1,Issued,Demo SFR and Sheds,Residential Demolition Permit,100 Huron Ave,Davis Islands,https://aca-prod.accela.com/TAMPA/Cap/CapDetail.aspx?Module=Building&TabName=Building&capID1=26CAP&capID2=00000&capID3=026GT&agencyCode=TAMPA
rec-2854de40087c8437,CONSTRUCTION_INSPECTIONS|NATIVE|BDE-26-0445734,src-87212bca8f840945,tpa-b4e6bd7c37719a,construction_inspections,BDE-26-0445734,2026-08-05,2026-08,permit_record_created,CREATEDDATE,source_record_metadata,0,0,2026-08-23,2026-08,2026-09-01,2026-09,2026-09-01,2026-09,2,1,Issued,FEMA: Demo SFR,Residential Demolition Permit,4315 S Hubert Ave,FairOaks Manhattan,https://aca-prod.accela.com/TAMPA/Cap/CapDetail.aspx?Module=Building&TabName=Building&capID1=26CAP&capID2=00000&capID3=02440&agencyCode=TAMPA
rec-4c03c77db4a93c40,CONSTRUCTION_INSPECTIONS|NATIVE|BDE-26-0445748,,,construction_inspections,BDE-26-0445748,2026-08-11,2026-08,permit_record_created,CREATEDDATE,source_record_metadata,0,0,2026-09-01,2026-09,2026-09-01,2026-09,2026-09-01,2026-09,1,1,Issued,DEMO SFR,Residential Demolition Permit,3816 N 52nd St,Grant Park,https://aca-prod.accela.com/TAMPA/Cap/CapDetail.aspx?Module=Building&TabName=Building&capID1=26CAP&capID2=00000&capID3=025OA&agencyCode=TAMPA
rec-67a7e514f8adcff3,CONSTRUCTION_INSPECTIONS|NATIVE|BDE-26-0445745,,,construction_inspections,BDE-26-0445745,2026-08-10,2026-08,permit_record_created,CREATEDDATE,source_record_metadata,0,0,2026-09-01,2026-09,2026-09-01,2026-09,2026-09-01,2026-09,1,1,Issued,DEMO SFR,Residential Demolition Permit,3614 E North St,Woodland Terrace,https://aca-prod.accela.com/TAMPA/Cap/CapDetail.aspx?Module=Building&TabName=Building&capID1=26CAP&capID2=00000&capID3=025H1&agencyCode=TAMPA
rec-76bced2fb2301def,CONSTRUCTION_INSPECTIONS|NATIVE|BDE-26-0445731,src-a7676da73963e047,tpa-3833bce745a422,construction_inspections,BDE-26-0445731,2026-08-03,2026-08,permit_record_created,CREATEDDATE,source_record_metadata,0,0,2026-08-23,2026-08,2026-09-01,2026-09,2026-09-01,2026-09,2,1,Issued,Demo SFR and Pool,Residential Demolition Permit,350 Blanca Ave,Davis Islands,https://aca-prod.accela.com/TAMPA/Cap/CapDetail.aspx?Module=Building&TabName=Building&capID1=26CAP&capID2=00000&capID3=023L3&agencyCode=TAMPA
rec-85b7ae85ed003227,CONSTRUCTION_INSPECTIONS|NATIVE|BDE-26-0445729,src-47e30efdaf9281fb,tpa-0c08135824e6ab,construction_inspections,BDE-26-0445729,2026-08-02,2026-08,permit_record_created,CREATEDDATE,source_record_metadata,0,0,2026-08-23,2026-08,2026-09-01,2026-09,2026-09-01,2026-09,2,1,Issued,"Demo SFR, Detached Garage & Shed",Residential Demolition Permit,112 W Powhatan Ave,Old Seminole Heights,https://aca-prod.accela.com/TAMPA/Cap/CapDetail.aspx?Module=Building&TabName=Building&capID1=26CAP&capID2=00000&capID3=0239V&agencyCode=TAMPA
rec-8b7c16ef6de5013a,CONSTRUCTION_INSPECTIONS|NATIVE|BDE-26-0445750,,,construction_inspections,BDE-26-0445750,2026-08-11,2026-08,permit_record_created,CREATEDDATE,source_record_metadata,0,0,2026-09-01,2026-09,2026-09-01,2026-09,2026-09-01,2026-09,1,1,Issued,Demo pool only,Residential Demolition Permit,3604 S Drexel Ave,Bayshore Beautiful,https://aca-prod.accela.com/TAMPA/Cap/CapDetail.aspx?Module=Building&TabName=Building&capID1=26CAP&capID2=00000&capID3=025Q5&agencyCode=TAMPA
rec-ad2d856dea27f42d,CONSTRUCTION_INSPECTIONS|NATIVE|BDE-26-0445760,src-ca0157b3dcda3418,tpa-25d5350815b91b,construction_inspections,BDE-26-0445760,2026-08-13,2026-08,permit_record_created,CREATEDDATE,source_record_metadata,0,0,2026-08-23,2026-08,2026-08-23,2026-08,2026-08-23,2026-08,1,0,Issued,OWNER - ATF - REMOVAL ACCESORY STRUCTURES,Residential Demolition Permit,1704 E Maple Ave,Sulphur Springs,https://aca-prod.accela.com/TAMPA/Cap/CapDetail.aspx?Module=Building&TabName=Building&capID1=26CAP&capID2=00000&capID3=026JO&agencyCode=TAMPA
rec-b257279a01a15a60,CONSTRUCTION_INSPECTIONS|NATIVE|BDE-26-0445765,,,construction_inspections,BDE-26-0445765,2026-08-18,2026-08,permit_record_created,CREATEDDATE,source_record_metadata,0,0,2026-09-01,2026-09,2026-09-01,2026-09,2026-09-01,2026-09,1,1,Issued,DEMO SFR and unpermitted wood structure,Residential Demolition Permit,3517 E 27th Ave,Jackson Heights,https://aca-prod.accela.com/TAMPA/Cap/CapDetail.aspx?Module=Building&TabName=Building&capID1=26CAP&capID2=00000&capID3=027GU&agencyCode=TAMPA
rec-b900488e3ce19a7a,CONSTRUCTION_INSPECTIONS|NATIVE|BDE-26-0445741,,,construction_inspections,BDE-26-0445741,2026-08-10,2026-08,permit_record_created,CREATEDDATE,source_record_metadata,0,0,2026-09-01,2026-09,2026-09-01,2026-09,2026-09-01,2026-09,1,1,Issued,Demo SFR,Residential Demolition Permit,1708 W Henry Ave,Riverbend,https://aca-prod.accela.com/TAMPA/Cap/CapDetail.aspx?Module=Building&TabName=Building&capID1=26CAP&capID2=00000&capID3=0257U&agencyCode=TAMPA
rec-d14212226fc01c29,CONSTRUCTION_INSPECTIONS|NATIVE|BDE-26-0445740,src-fc2431d782741952,tpa-6e55660e90cae5,construction_inspections,BDE-26-0445740,2026-08-07,2026-08,permit_record_created,CREATEDDATE,source_record_metadata,0,0,2026-08-23,2026-08,2026-09-01,2026-09,2026-09-01,2026-09,2,1,Issued,DEMO SFR,Residential Demolition Permit,2310 W Arch St,North Hyde Park,https://aca-prod.accela.com/TAMPA/Cap/CapDetail.aspx?Module=Building&TabName=Building&capID1=26CAP&capID2=00000&capID3=024U9&agencyCode=TAMPA
rec-dfbc619d078ddb67,CONSTRUCTION_INSPECTIONS|NATIVE|BLD-26-0527040,src-6218d5905f7287bd,tpa-ff638c7e84d308,construction_inspections,BLD-26-0527040,2026-08-02,2026-08,permit_record_created,CREATEDDATE,source_record_metadata,0,0,2026-08-23,2026-08,2026-09-01,2026-09,2026-09-01,2026-09,2,1,Issued,Plumbing Repair,Residential Building Alterations (Renovations),4121 W Fig St,North Bon Air,https://aca-prod.accela.com/TAMPA/Cap/CapDetail.aspx?Module=Building&TabName=Building&capID1=26CAP&capID2=00000&capID3=0239N&agencyCode=TAMPA
rec-f84fefcc09ca90dd,CONSTRUCTION_INSPECTIONS|NATIVE|BDE-26-0445775,,,construction_inspections,BDE-26-0445775,2026-08-20,2026-08,permit_record_created,CREATEDDATE,source_record_metadata,0,0,2026-09-01,2026-09,2026-09-01,2026-09,2026-09-01,2026-09,1,1,Issued,Demo SFR and Shed,Residential Demolition Permit,307 Columbia Dr,Davis Islands,https://aca-prod.accela.com/TAMPA/Cap/CapDetail.aspx?Module=Building&TabName=Building&capID1=26CAP&capID2=00000&capID3=028NO&agencyCode=TAMPA
rec-03fd15dbaeb1917b,DEVELOPMENT_COORDINATION|NATIVE|FDN-26-0000139,,,development_coordination,FDN-26-0000139,2026-08-28,2026-08,planning_application_created,CREATEDDATE,source_reported_event,0,0,2026-09-01,2026-09,2026-09-01,2026-09,2026-09-01,2026-09,1,1,Open,Formal Decision,Formal Decision,3111 E 3rd Ave,Historic East Ybor and Gary,https://aca-prod.accela.com/TAMPA/Cap/CapDetail.aspx?Module=Planning&TabName=Planning&capID1=26CAP&capID2=00000&capID3=02BPY&agencyCode=TAMPA
rec-0975f7f02d3ac793,DEVELOPMENT_COORDINATION|NATIVE|DE1-26-0000181,src-2ebd2cb8ec3a10df,tpa-75ee897763147b,development_coordination,DE1-26-0000181,2026-08-12,2026-08,planning_application_created,CREATEDDATE,source_reported_event,0,0,2026-08-23,2026-08,2026-09-01,2026-09,2026-09-01,2026-09,2,1,Awaiting Client Reply,Design Exception 1,Design Exception 1,5804 E Columbus Dr,East Side Commercial,https://aca-prod.accela.com/TAMPA/Cap/CapDetail.aspx?Module=Planning&TabName=Planning&capID1=26CAP&capID2=00000&capID3=0263P&agencyCode=TAMPA
rec-0cdb95ff4c3f19c7,DEVELOPMENT_COORDINATION|NATIVE|LND-26-0000138,,,development_coordination,LND-26-0000138,2026-08-25,2026-08,planning_application_created,CREATEDDATE,source_reported_event,0,0,2026-09-01,2026-09,2026-09-01,2026-09,2026-09-01,2026-09,1,1,Open,General Land Use,General Land Use,2708 N Central Ave,Tampa Heights,https://aca-prod.accela.com/TAMPA/Cap/CapDetail.aspx?Module=Planning&TabName=Planning&capID1=26CAP&capID2=00000&capID3=02A92&agencyCode=TAMPA
rec-0dfb88328ceae091,DEVELOPMENT_COORDINATION|NATIVE|SU1-26-0000078,src-01ec50f619607ac2,tpa-e59817ceee24b6,development_coordination,SU1-26-0000078,2026-08-18,2026-08,planning_application_created,CREATEDDATE,source_reported_event,0,0,2026-08-23,2026-08,2026-09-01,2026-09,2026-09-01,2026-09,2,1,Awaiting Client Reply,Special Use 1 - General,Special Use 1 - General,207 E Ross Ave,Tampa Heights,https://aca-prod.accela.com/TAMPA/Cap/CapDetail.aspx?Module=Planning&TabName=Planning&capID1=26CAP&capID2=00000&capID3=027VS&agencyCode=TAMPA
rec-0f1062dd6d5c0d2b,DEVELOPMENT_COORDINATION|NATIVE|AB1-26-0000027,,,development_coordination,AB1-26-0000027,2026-08-28,2026-08,planning_application_created,CREATEDDATE,source_reported_event,0,0,2026-09-01,2026-09,2026-09-01,2026-09,2026-09-01,2026-09,1,1,Open,AB Special Use 1 - Standard,AB Special Use 1 - Standard,3401 S West Shore Blvd,Bel Mar Shores,https://aca-prod.accela.com/TAMPA/Cap/CapDetail.aspx?Module=Planning&TabName=Planning&capID1=26CAP&capID2=00000&capID3=02BW6&agencyCode=TAMPA
rec-105692a2a2794d1c,DEVELOPMENT_COORDINATION|NATIVE|DE1-26-0000194,,,development_coordination,DE1-26-0000194,2026-08-25,2026-08,planning_application_created,CREATEDDATE,source_reported_event,0,0,2026-09-01,2026-09,2026-09-01,2026-09,2026-09-01,2026-09,1,1,Awaiting Client Reply,Design Exception 1,Design Exception 1,2730 W Main St,Macfarlane Park,https://aca-prod.accela.com/TAMPA/Cap/CapDetail.aspx?Module=Planning&TabName=Planning&capID1=26CAP&capID2=00000&capID3=02AC7&agencyCode=TAMPA
rec-10e4e1edff1c6ddb,DEVELOPMENT_COORDINATION|NATIVE|VRB-26-0000118,src-4e6052ffe5300bfa,tpa-52ca927a0ccde9,development_coordination,VRB-26-0000118,2026-08-08,2026-08,planning_application_created,CREATEDDATE,source_reported_event,0,0,2026-08-23,2026-08,2026-09-01,2026-09,2026-09-01,2026-09,2,1,In Process,Variance Review Board,Variance Review Board,404 E Davis Blvd,Davis Islands,https://aca-prod.accela.com/TAMPA/Cap/CapDetail.aspx?Module=Planning&TabName=Planning&capID1=26CAP&capID2=00000&capID3=02535&agencyCode=TAMPA
rec-14f233adf6d10999,DEVELOPMENT_COORDINATION|NATIVE|VRB-26-0000124,src-2eaf3d5a1a03e9ee,tpa-3e42e93c372ecb,development_coordination,VRB-26-0000124,2026-08-19,2026-08,planning_application_created,CREATEDDATE,source_reported_event,0,0,2026-08-23,2026-08,2026-09-01,2026-09,2026-09-01,2026-09,2,1,In Process,Variance Review Board,Variance Review Board,3812 Lakeshore Dr,Temple Crest,https://aca-prod.accela.com/TAMPA/Cap/CapDetail.aspx?Module=Planning&TabName=Planning&capID1=26CAP&capID2=00000&capID3=02817&agencyCode=TAMPA
rec-178d48257c1e6618,DEVELOPMENT_COORDINATION|NATIVE|DE1-26-0000183,src-4d3c469107c52a60,tpa-f7f04e29b71fec,development_coordination,DE1-26-0000183,2026-08-13,2026-08,planning_application_created,CREATEDDATE,source_reported_event,0,0,2026-08-23,2026-08,2026-09-01,2026-09,2026-09-01,2026-09,2,1,Awaiting Client Reply,Design Exception 1,Design Exception 1,2008 E Hanna Ave,Old Seminole Heights,https://aca-prod.accela.com/TAMPA/Cap/CapDetail.aspx?Module=Planning&TabName=Planning&capID1=26CAP&capID2=00000&capID3=026KI&agencyCode=TAMPA
rec-1fac14fe8cb14716,DEVELOPMENT_COORDINATION|NATIVE|VRB-26-0000117,src-0cac8072893d7db9,tpa-7170c3db5a81fd,development_coordination,VRB-26-0000117,2026-08-06,2026-08,planning_application_created,CREATEDDATE,source_reported_event,0,0,2026-08-23,2026-08,2026-09-01,2026-09,2026-09-01,2026-09,2,1,Awaiting Client Reply,Variance Review Board,Variance Review Board,8514 Sandpiper Ridge Ave,New Tampa,https://aca-prod.accela.com/TAMPA/Cap/CapDetail.aspx?Module=Planning&TabName=Planning&capID1=26CAP&capID2=00000&capID3=024P5&agencyCode=TAMPA
rec-205686283c802973,DEVELOPMENT_COORDINATION|NATIVE|FDN-26-0000138,,,development_coordination,FDN-26-0000138,2026-08-27,2026-08,planning_application_created,CREATEDDATE,source_reported_event,0,0,2026-09-01,2026-09,2026-09-01,2026-09,2026-09-01,2026-09,1,1,Awaiting Client Reply,Formal Decision,Formal Decision,3109 W Paul Ave,Interbay - South of Gandy,https://aca-prod.accela.com/TAMPA/Cap/CapDetail.aspx?Module=Planning&TabName=Planning&capID1=26CAP&capID2=00000&capID3=02BEZ&agencyCode=TAMPA
rec-208314e30af716c5,DEVELOPMENT_COORDINATION|NATIVE|REZ-26-0000118,src-74d4bf693110a2bb,tpa-7a2ac0f651cb79,development_coordination,REZ-26-0000118,2026-08-17,2026-08,planning_application_created,CREATEDDATE,source_reported_event,0,0,2026-08-23,2026-08,2026-09-01,2026-09,2026-09-01,2026-09,2,1,Awaiting Client Reply,Rezoning,Rezoning,2511 W Nassau St,Midtown Tampa,https://aca-prod.accela.com/TAMPA/Cap/CapDetail.aspx?Module=Planning&TabName=Planning&capID1=26CAP&capID2=00000&capID3=027GK&agencyCode=TAMPA
rec-2217d5a4bc7409c4,DEVELOPMENT_COORDINATION|NATIVE|FDN-26-0000131,src-167e82a7f8295705,tpa-a609dcbab2dc79,development_coordination,FDN-26-0000131,2026-08-20,2026-08,planning_application_created,CREATEDDATE,source_reported_event,0,0,2026-08-23,2026-08,2026-09-01,2026-09,2026-09-01,2026-09,2,1,In Process,Formal Decision,Formal Decision,119 Adriatic Ave,Davis Islands,https://aca-prod.accela.com/TAMPA/Cap/CapDetail.aspx?Module=Planning&TabName=Planning&capID1=26CAP&capID2=00000&capID3=028N0&agencyCode=TAMPA
rec-248aff416b40908c,DEVELOPMENT_COORDINATION|NATIVE|VRB-26-0000119,src-31d1a20b533e1ddd,tpa-4b13381ad27bd1,development_coordination,VRB-26-0000119,2026-08-11,2026-08,planning_application_created,CREATEDDATE,source_reported_event,0,0,2026-08-23,2026-08,2026-09-01,2026-09,2026-09-01,2026-09,2,1,Awaiting Client Reply,Variance Review Board,Variance Review Board,10702 N Oregon Ave,Forest Hills,https://aca-prod.accela.com/TAMPA/Cap/CapDetail.aspx?Module=Planning&TabName=Planning&capID1=26CAP&capID2=00000&capID3=025Q8&agencyCode=TAMPA
rec-2752d371dfa87708,DEVELOPMENT_COORDINATION|NATIVE|VRB-26-0000121,src-5d05965c96170bd6,tpa-9e3a43f4e5cc67,development_coordination,VRB-26-0000121,2026-08-12,2026-08,planning_application_created,CREATEDDATE,source_reported_event,0,0,2026-08-23,2026-08,2026-09-01,2026-09,2026-09-01,2026-09,2,1,Awaiting Client Reply,Variance Review Board,Variance Review Board,2502 N Boulevard,Ridgewood Park,https://aca-prod.accela.com/TAMPA/Cap/CapDetail.aspx?Module=Planning&TabName=Planning&capID1=26CAP&capID2=00000&capID3=0265N&agencyCode=TAMPA
rec-2a0c7b46cbeda56c,DEVELOPMENT_COORDINATION|NATIVE|VRB-26-0000125,,,development_coordination,VRB-26-0000125,2026-08-25,2026-08,planning_application_created,CREATEDDATE,source_reported_event,0,0,2026-09-01,2026-09,2026-09-01,2026-09,2026-09-01,2026-09,1,1,Awaiting Client Reply,Variance Review Board,Variance Review Board,8506 N 9th St,Sulphur Springs,https://aca-prod.accela.com/TAMPA/Cap/CapDetail.aspx?Module=Planning&TabName=Planning&capID1=26CAP&capID2=00000&capID3=02A1N&agencyCode=TAMPA
rec-2c4ef78180fdc14b,DEVELOPMENT_COORDINATION|NATIVE|DE1-26-0000185,src-0db9bbefa69b52bf,tpa-627563edffc953,development_coordination,DE1-26-0000185,2026-08-13,2026-08,planning_application_created,CREATEDDATE,source_reported_event,0,0,2026-08-23,2026-08,2026-09-01,2026-09,2026-09-01,2026-09,2,1,In Process,Design Exception 1,Design Exception 1,1520 Rodney St,College Hill-Belmont Heights,https://aca-prod.accela.com/TAMPA/Cap/CapDetail.aspx?Module=Planning&TabName=Planning&capID1=26CAP&capID2=00000&capID3=026LA&agencyCode=TAMPA
rec-2ddd12941c4fb728,DEVELOPMENT_COORDINATION|NATIVE|FDN-26-0000118,src-163548eeef12ed9e,tpa-63ef0ddb73c579,development_coordination,FDN-26-0000118,2026-08-12,2026-08,planning_application_created,CREATEDDATE,source_reported_event,0,0,2026-08-23,2026-08,2026-09-01,2026-09,2026-09-01,2026-09,2,1,Awaiting Client Reply,Formal Decision,Formal Decision,108 S Delaware Ave,Hyde Park Spanishtown Creek,https://aca-prod.accela.com/TAMPA/Cap/CapDetail.aspx?Module=Planning&TabName=Planning&capID1=26CAP&capID2=00000&capID3=025ZZ&agencyCode=TAMPA
rec-30071eb52444b1df,DEVELOPMENT_COORDINATION|NATIVE|DE1-26-0000186,src-4681b34ca0b55baf,tpa-6b292ddfeffa3b,development_coordination,DE1-26-0000186,2026-08-13,2026-08,planning_application_created,CREATEDDATE,source_reported_event,0,0,2026-08-23,2026-08,2026-09-01,2026-09,2026-09-01,2026-09,2,1,Awaiting Client Reply,Design Exception 1,Design Exception 1,1405 E Dr Martin Luther King Jr Blvd,,https://aca-prod.accela.com/TAMPA/Cap/CapDetail.aspx?Module=Planning&TabName=Planning&capID1=26CAP&capID2=00000&capID3=026ND&agencyCode=TAMPA
rec-30b65950386ed0be,DEVELOPMENT_COORDINATION|NATIVE|FDN-26-0000122,src-bca396008e63b845,tpa-fcda5c3b44f310,development_coordination,FDN-26-0000122,2026-08-18,2026-08,planning_application_created,CREATEDDATE,source_reported_event,0,0,2026-08-23,2026-08,2026-09-01,2026-09,2026-09-01,2026-09,2,1,In Process,Formal Decision,Formal Decision,1715 W Overpar Dr,Forest Hills,https://aca-prod.accela.com/TAMPA/Cap/CapDetail.aspx?Module=Planning&TabName=Planning&capID1=26CAP&capID2=00000&capID3=027PK&agencyCode=TAMPA
rec-30c91b41d8e2efda,DEVELOPMENT_COORDINATION|NATIVE|DE1-26-0000184,src-2163fa5892d65346,tpa-e756c9a9b3e23d,development_coordination,DE1-26-0000184,2026-08-13,2026-08,planning_application_created,CREATEDDATE,source_reported_event,0,0,2026-08-23,2026-08,2026-09-01,2026-09,2026-09-01,2026-09,2,1,In Process,Design Exception 1,Design Exception 1,1525 E Lake Ave,College Hill-Belmont Heights,https://aca-prod.accela.com/TAMPA/Cap/CapDetail.aspx?Module=Planning&TabName=Planning&capID1=26CAP&capID2=00000&capID3=026L1&agencyCode=TAMPA
rec-3488435dd70ac221,DEVELOPMENT_COORDINATION|NATIVE|REZ-26-0000114,src-55c25e3cd3442bbe,tpa-508340fa2a050c,development_coordination,REZ-26-0000114,2026-08-04,2026-08,planning_application_created,CREATEDDATE,source_reported_event,0,0,2026-08-23,2026-08,2026-09-01,2026-09,2026-09-01,2026-09,2,1,In Process,Rezoning,Rezoning,2001 W Kennedy Blvd,North Hyde Park,https://aca-prod.accela.com/TAMPA/Cap/CapDetail.aspx?Module=Planning&TabName=Planning&capID1=26CAP&capID2=00000&capID3=023YM&agencyCode=TAMPA
rec-447950a0ca8cae6f,DEVELOPMENT_COORDINATION|NATIVE|DE1-26-0000174,src-b39427b5c3257de4,tpa-8166579f301a74,development_coordination,DE1-26-0000174,2026-08-06,2026-08,planning_application_created,CREATEDDATE,source_reported_event,0,0,2026-08-23,2026-08,2026-09-01,2026-09,2026-09-01,2026-09,2,1,In Process,Design Exception 1,Design Exception 1,10824 N Nebraska Ave,North Tampa Community,https://aca-prod.accela.com/TAMPA/Cap/CapDetail.aspx?Module=Planning&TabName=Planning&capID1=26CAP&capID2=00000&capID3=024GT&agencyCode=TAMPA
rec-4713cee9f1cb5739,DEVELOPMENT_COORDINATION|NATIVE|FDN-26-0000133,,,development_coordination,FDN-26-0000133,2026-08-26,2026-08,planning_application_created,CREATEDDATE,source_reported_event,0,0,2026-09-01,2026-09,2026-09-01,2026-09,2026-09-01,2026-09,1,1,Awaiting Client Reply,Formal Decision,Formal Decision,2802 N 29th St,North Ybor,https://aca-prod.accela.com/TAMPA/Cap/CapDetail.aspx?Module=Planning&TabName=Planning&capID1=26CAP&capID2=00000&capID3=02AP2&agencyCode=TAMPA
rec-485eef427eea972a,DEVELOPMENT_COORDINATION|NATIVE|DE1-26-0000176,src-7c6784404cc7805d,tpa-7b42477a522dd4,development_coordination,DE1-26-0000176,2026-08-07,2026-08,planning_application_created,CREATEDDATE,source_reported_event,0,0,2026-08-23,2026-08,2026-09-01,2026-09,2026-09-01,2026-09,2,1,Awaiting Client Reply,Design Exception 1,Design Exception 1,1220 Scott St,Encore,https://aca-prod.accela.com/TAMPA/Cap/CapDetail.aspx?Module=Planning&TabName=Planning&capID1=26CAP&capID2=00000&capID3=0250X&agencyCode=TAMPA
rec-48714a279fa4336a,DEVELOPMENT_COORDINATION|NATIVE|REZ-26-0000117,src-eddf7972c11fe0d9,tpa-b08e018495cf4f,development_coordination,REZ-26-0000117,2026-08-14,2026-08,planning_application_created,CREATEDDATE,source_reported_event,0,0,2026-08-23,2026-08,2026-09-01,2026-09,2026-09-01,2026-09,2,1,Awaiting Client Reply,Rezoning,Rezoning,319 Bayshore Blvd,Hyde Park Spanishtown Creek,https://aca-prod.accela.com/TAMPA/Cap/CapDetail.aspx?Module=Planning&TabName=Planning&capID1=26CAP&capID2=00000&capID3=026ZC&agencyCode=TAMPA
rec-49143636de97dcee,DEVELOPMENT_COORDINATION|NATIVE|LND-26-0000132,src-1eff7fda0d4fde37,tpa-366410a626830e,development_coordination,LND-26-0000132,2026-08-12,2026-08,planning_application_created,CREATEDDATE,source_reported_event,0,0,2026-08-23,2026-08,2026-09-01,2026-09,2026-09-01,2026-09,2,1,In Process,General Land Use,General Land Use,4402 W Lancaster St,"Port Tampa City, Inc. Civic Association",https://aca-prod.accela.com/TAMPA/Cap/CapDetail.aspx?Module=Planning&TabName=Planning&capID1=26CAP&capID2=00000&capID3=0267S&agencyCode=TAMPA
rec-4c551fb20e677ed8,DEVELOPMENT_COORDINATION|NATIVE|LND-26-0000129,src-482e7feef7d3eb12,tpa-a17658507c0661,development_coordination,LND-26-0000129,2026-08-04,2026-08,planning_application_created,CREATEDDATE,source_reported_event,0,0,2026-08-23,2026-08,2026-09-01,2026-09,2026-09-01,2026-09,2,1,Awaiting Client Reply,General Land Use,General Land Use,3620 Temple St,Grant Park,https://aca-prod.accela.com/TAMPA/Cap/CapDetail.aspx?Module=Planning&TabName=Planning&capID1=26CAP&capID2=00000&capID3=023QT&agencyCode=TAMPA
rec-4ede97fb99d6feb0,DEVELOPMENT_COORDINATION|NATIVE|SU1-26-0000075,src-da29560da556fd9f,tpa-8dc47e0878a4a4,development_coordination,SU1-26-0000075,2026-08-05,2026-08,planning_application_created,CREATEDDATE,source_reported_event,0,0,2026-08-23,2026-08,2026-09-01,2026-09,2026-09-01,2026-09,2,1,Awaiting Client Reply,Special Use 1 - General,Special Use 1 - General,1913 E 21st Ave,North Ybor,https://aca-prod.accela.com/TAMPA/Cap/CapDetail.aspx?Module=Planning&TabName=Planning&capID1=26CAP&capID2=00000&capID3=02427&agencyCode=TAMPA
rec-59b49ea722e44bab,DEVELOPMENT_COORDINATION|NATIVE|REZ-26-0000116,src-65e56ceedd34d65f,tpa-0357a95e033f5d,development_coordination,REZ-26-0000116,2026-08-10,2026-08,planning_application_created,CREATEDDATE,source_reported_event,0,0,2026-08-23,2026-08,2026-09-01,2026-09,2026-09-01,2026-09,2,1,In Process,Rezoning,Rezoning,253 N West Shore Blvd,Westshore Palms,https://aca-prod.accela.com/TAMPA/Cap/CapDetail.aspx?Module=Planning&TabName=Planning&capID1=26CAP&capID2=00000&capID3=025D6&agencyCode=TAMPA
rec-5a096c332d248efb,DEVELOPMENT_COORDINATION|NATIVE|FDN-26-0000121,src-4a18719f22e07349,tpa-b7732bbd149bbd,development_coordination,FDN-26-0000121,2026-08-13,2026-08,planning_application_created,CREATEDDATE,source_reported_event,0,0,2026-08-23,2026-08,2026-09-01,2026-09,2026-09-01,2026-09,2,1,Awaiting Client Reply,Formal Decision,Formal Decision,4805 N Manhattan Ave,Drew Park,https://aca-prod.accela.com/TAMPA/Cap/CapDetail.aspx?Module=Planning&TabName=Planning&capID1=26CAP&capID2=00000&capID3=026NM&agencyCode=TAMPA
rec-5c346f713781248f,DEVELOPMENT_COORDINATION|NATIVE|FDN-26-0000137,,,development_coordination,FDN-26-0000137,2026-08-27,2026-08,planning_application_created,CREATEDDATE,source_reported_event,0,0,2026-09-01,2026-09,2026-09-01,2026-09,2026-09-01,2026-09,1,1,Awaiting Client Reply,Formal Decision,Formal Decision,9309 N Florida Ave,East Forest Hills,https://aca-prod.accela.com/TAMPA/Cap/CapDetail.aspx?Module=Planning&TabName=Planning&capID1=26CAP&capID2=00000&capID3=02BCO&agencyCode=TAMPA
rec-5ebfa1e275a57573,DEVELOPMENT_COORDINATION|NATIVE|DE1-26-0000182,src-63de42d5d608ecb5,tpa-456135037d0b42,development_coordination,DE1-26-0000182,2026-08-13,2026-08,planning_application_created,CREATEDDATE,source_reported_event,0,0,2026-08-23,2026-08,2026-09-01,2026-09,2026-09-01,2026-09,2,1,In Process,Design Exception 1,Design Exception 1,1413 E Park Cir,Old Seminole Heights,https://aca-prod.accela.com/TAMPA/Cap/CapDetail.aspx?Module=Planning&TabName=Planning&capID1=26CAP&capID2=00000&capID3=026AC&agencyCode=TAMPA
rec-5ed80e3f53218b20,DEVELOPMENT_COORDINATION|NATIVE|DE1-26-0000191,,,development_coordination,DE1-26-0000191,2026-08-21,2026-08,planning_application_created,CREATEDDATE,source_reported_event,0,0,2026-09-01,2026-09,2026-09-01,2026-09,2026-09-01,2026-09,1,1,In Process,Design Exception 1,Design Exception 1,1002 E Ida St,Southeast Seminole Heights,https://aca-prod.accela.com/TAMPA/Cap/CapDetail.aspx?Module=Planning&TabName=Planning&capID1=26CAP&capID2=00000&capID3=028YE&agencyCode=TAMPA
rec-600d66291c0e5cae,DEVELOPMENT_COORDINATION|NATIVE|DE1-26-0000179,src-111304e98f3dbf67,tpa-7d6b18f048eacb,development_coordination,DE1-26-0000179,2026-08-11,2026-08,planning_application_created,CREATEDDATE,source_reported_event,0,0,2026-08-23,2026-08,2026-09-01,2026-09,2026-09-01,2026-09,2,1,In Process,Design Exception 1,Design Exception 1,1216 E Park Cir,Old Seminole Heights,https://aca-prod.accela.com/TAMPA/Cap/CapDetail.aspx?Module=Planning&TabName=Planning&capID1=26CAP&capID2=00000&capID3=025RC&agencyCode=TAMPA
rec-610f0eeeba7038ac,DEVELOPMENT_COORDINATION|NATIVE|LND-26-0000131,src-945fbdb4ea476cd4,tpa-95f6452bbe9514,development_coordination,LND-26-0000131,2026-08-11,2026-08,planning_application_created,CREATEDDATE,source_reported_event,0,0,2026-08-23,2026-08,2026-09-01,2026-09,2026-09-01,2026-09,2,1,Awaiting Client Reply,General Land Use,General Land Use,2704 W Palmetto St,Macfarlane Park,https://aca-prod.accela.com/TAMPA/Cap/CapDetail.aspx?Module=Planning&TabName=Planning&capID1=26CAP&capID2=00000&capID3=025PB&agencyCode=TAMPA
rec-61b98d6650d399c7,DEVELOPMENT_COORDINATION|NATIVE|DE1-26-0000175,src-b93ecf5c1dac8c71,tpa-938414c99c6ad5,development_coordination,DE1-26-0000175,2026-08-06,2026-08,planning_application_created,CREATEDDATE,source_reported_event,0,0,2026-08-23,2026-08,2026-09-01,2026-09,2026-09-01,2026-09,2,1,In Process,Design Exception 1,Design Exception 1,3223 W Barcelona St,Palma Ceia,https://aca-prod.accela.com/TAMPA/Cap/CapDetail.aspx?Module=Planning&TabName=Planning&capID1=26CAP&capID2=00000&capID3=024LA&agencyCode=TAMPA
rec-631ff364918751bd,DEVELOPMENT_COORDINATION|NATIVE|VRB-26-0000122,src-76806e21843eabf4,tpa-c41fe637a67cd2,development_coordination,VRB-26-0000122,2026-08-12,2026-08,planning_application_created,CREATEDDATE,source_reported_event,0,0,2026-08-23,2026-08,2026-09-01,2026-09,2026-09-01,2026-09,2,1,In Process,Variance Review Board,Variance Review Board,5102 S Lois Ave,Gandy / Sun Bay South,https://aca-prod.accela.com/TAMPA/Cap/CapDetail.aspx?Module=Planning&TabName=Planning&capID1=26CAP&capID2=00000&capID3=0267Z&agencyCode=TAMPA
rec-67900161de673c93,DEVELOPMENT_COORDINATION|NATIVE|VRB-26-0000120,src-4831b2561a02518e,tpa-23e58d7a13430d,development_coordination,VRB-26-0000120,2026-08-12,2026-08,planning_application_created,CREATEDDATE,source_reported_event,0,0,2026-08-23,2026-08,2026-09-01,2026-09,2026-09-01,2026-09,2,1,In Process,Variance Review Board,Variance Review Board,4908 W Price Ave,Gandy / Sun Bay South,https://aca-prod.accela.com/TAMPA/Cap/CapDetail.aspx?Module=Planning&TabName=Planning&capID1=26CAP&capID2=00000&capID3=025YX&agencyCode=TAMPA
rec-6bf4b53a99855801,DEVELOPMENT_COORDINATION|NATIVE|VRB-26-0000126,,,development_coordination,VRB-26-0000126,2026-08-26,2026-08,planning_application_created,CREATEDDATE,source_reported_event,0,0,2026-09-01,2026-09,2026-09-01,2026-09,2026-09-01,2026-09,1,1,In Process,Variance Review Board,Variance Review Board,706 S Bungalow Ter,Historic Hyde Park,https://aca-prod.accela.com/TAMPA/Cap/CapDetail.aspx?Module=Planning&TabName=Planning&capID1=26CAP&capID2=00000&capID3=02AHM&agencyCode=TAMPA
rec-6d1862fb3a5c97bc,DEVELOPMENT_COORDINATION|NATIVE|DE2-26-0000024,src-e83f906a1b7c2dbc,tpa-40cdad600ed513,development_coordination,DE2-26-0000024,2026-08-20,2026-08,planning_application_created,CREATEDDATE,source_reported_event,0,0,2026-08-23,2026-08,2026-09-01,2026-09,2026-09-01,2026-09,2,1,Open,Design Exception 2,Design Exception 2,107 E Davis Blvd,Davis Islands,https://aca-prod.accela.com/TAMPA/Cap/CapDetail.aspx?Module=Planning&TabName=Planning&capID1=26CAP&capID2=00000&capID3=028RR&agencyCode=TAMPA
rec-7302933feccaf7c0,DEVELOPMENT_COORDINATION|NATIVE|FDN-26-0000135,,,development_coordination,FDN-26-0000135,2026-08-27,2026-08,planning_application_created,CREATEDDATE,source_reported_event,0,0,2026-09-01,2026-09,2026-09-01,2026-09,2026-09-01,2026-09,1,1,Awaiting Client Reply,Formal Decision,Formal Decision,4002 E 12th Ave,East Side Commercial,https://aca-prod.accela.com/TAMPA/Cap/CapDetail.aspx?Module=Planning&TabName=Planning&capID1=26CAP&capID2=00000&capID3=02B0H&agencyCode=TAMPA
rec-73f12a7210cc72d2,DEVELOPMENT_COORDINATION|NATIVE|SU1-26-0000079,,,development_coordination,SU1-26-0000079,2026-08-25,2026-08,planning_application_created,CREATEDDATE,source_reported_event,0,0,2026-09-01,2026-09,2026-09-01,2026-09,2026-09-01,2026-09,1,1,Awaiting Client Reply,Special Use 1 - General,Special Use 1 - General,409 W Alva St,South Seminole Heights,https://aca-prod.accela.com/TAMPA/Cap/CapDetail.aspx?Module=Planning&TabName=Planning&capID1=26CAP&capID2=00000&capID3=02ABW&agencyCode=TAMPA
rec-85f279bf3ce346ac,DEVELOPMENT_COORDINATION|NATIVE|LND-26-0000134,src-66daa2c96d9a7e56,tpa-b90e94d1a9784f,development_coordination,LND-26-0000134,2026-08-13,2026-08,planning_application_created,CREATEDDATE,source_reported_event,0,0,2026-08-23,2026-08,2026-08-23,2026-08,2026-08-23,2026-08,1,0,In Process,General Land Use,General Land Use,3408 W Grace St,Midtown Tampa,https://aca-prod.accela.com/TAMPA/Cap/CapDetail.aspx?Module=Planning&TabName=Planning&capID1=26CAP&capID2=00000&capID3=026FJ&agencyCode=TAMPA
rec-868a0bebcd23e3a1,DEVELOPMENT_COORDINATION|NATIVE|FDN-26-0000124,src-c3a8388edf5037fd,tpa-0b8f6e3a85df52,development_coordination,FDN-26-0000124,2026-08-18,2026-08,planning_application_created,CREATEDDATE,source_reported_event,0,0,2026-08-23,2026-08,2026-09-01,2026-09,2026-09-01,2026-09,2,1,In Process,Formal Decision,Formal Decision,2011 E Mulberry Dr,Sulphur Springs,https://aca-prod.accela.com/TAMPA/Cap/CapDetail.aspx?Module=Planning&TabName=Planning&capID1=26CAP&capID2=00000&capID3=027T1&agencyCode=TAMPA
rec-8cb749bd78514399,DEVELOPMENT_COORDINATION|NATIVE|REZ-26-0000119,src-2a7e90312bd86e75,tpa-d7eef5297bc014,development_coordination,REZ-26-0000119,2026-08-18,2026-08,planning_application_created,CREATEDDATE,source_reported_event,0,0,2026-08-23,2026-08,2026-09-01,2026-09,2026-09-01,2026-09,2,1,Awaiting Client Reply,Rezoning,Rezoning,2707 W Saint Joseph St,Macfarlane Park,https://aca-prod.accela.com/TAMPA/Cap/CapDetail.aspx?Module=Planning&TabName=Planning&capID1=26CAP&capID2=00000&capID3=027VN&agencyCode=TAMPA
rec-93ff69d060611856,DEVELOPMENT_COORDINATION|NATIVE|FDN-26-0000134,,,development_coordination,FDN-26-0000134,2026-08-26,2026-08,planning_application_created,CREATEDDATE,source_reported_event,0,0,2026-09-01,2026-09,2026-09-01,2026-09,2026-09-01,2026-09,1,1,Awaiting Client Reply,Formal Decision,Formal Decision,8724 N Ashley St,Lowry Park Central,https://aca-prod.accela.com/TAMPA/Cap/CapDetail.aspx?Module=Planning&TabName=Planning&capID1=26CAP&capID2=00000&capID3=02AXZ&agencyCode=TAMPA
rec-9635cfec9b3f157d,DEVELOPMENT_COORDINATION|NATIVE|LND-26-0000136,src-8f4907e2512b9aaa,tpa-36f0d698be04a4,development_coordination,LND-26-0000136,2026-08-20,2026-08,planning_application_created,CREATEDDATE,source_reported_event,0,0,2026-08-23,2026-08,2026-08-23,2026-08,2026-08-23,2026-08,1,0,Open,General Land Use,General Land Use,1314 W State St,West Riverfront Neighborhood Crimewatch Association,https://aca-prod.accela.com/TAMPA/Cap/CapDetail.aspx?Module=Planning&TabName=Planning&capID1=26CAP&capID2=00000&capID3=028OF&agencyCode=TAMPA
rec-968b5d42c1a3ee86,DEVELOPMENT_COORDINATION|NATIVE|FDN-26-0000140,,,development_coordination,FDN-26-0000140,2026-08-28,2026-08,planning_application_created,CREATEDDATE,source_reported_event,0,0,2026-09-01,2026-09,2026-09-01,2026-09,2026-09-01,2026-09,1,1,Open,Formal Decision,Formal Decision,4104 N Lynn Ave,South Seminole Heights,https://aca-prod.accela.com/TAMPA/Cap/CapDetail.aspx?Module=Planning&TabName=Planning&capID1=26CAP&capID2=00000&capID3=02BXV&agencyCode=TAMPA
rec-99742bca626025db,DEVELOPMENT_COORDINATION|NATIVE|DE1-26-0000188,src-47ee5b4ff0dcef4b,tpa-71cc9c55a2f865,development_coordination,DE1-26-0000188,2026-08-16,2026-08,planning_application_created,CREATEDDATE,source_reported_event,0,0,2026-08-23,2026-08,2026-08-23,2026-08,2026-08-23,2026-08,1,0,In Process,Design Exception 1,Design Exception 1,1301 W Cass St,West Riverfront Neighborhood Crimewatch Association,https://aca-prod.accela.com/TAMPA/Cap/CapDetail.aspx?Module=Planning&TabName=Planning&capID1=26CAP&capID2=00000&capID3=0270L&agencyCode=TAMPA
rec-999544cff0ce3380,DEVELOPMENT_COORDINATION|NATIVE|FDN-26-0000123,src-4da163f6cff51b39,tpa-bbfbb3d81270a2,development_coordination,FDN-26-0000123,2026-08-18,2026-08,planning_application_created,CREATEDDATE,source_reported_event,0,0,2026-08-23,2026-08,2026-09-01,2026-09,2026-09-01,2026-09,2,1,Awaiting Client Reply,Formal Decision,Formal Decision,1008 W River Heights Ave,South Seminole Heights,https://aca-prod.accela.com/TAMPA/Cap/CapDetail.aspx?Module=Planning&TabName=Planning&capID1=26CAP&capID2=00000&capID3=027RG&agencyCode=TAMPA
rec-aa35e50e7f94aa5e,DEVELOPMENT_COORDINATION|NATIVE|SU1-26-0000077,src-a50417bfd9d792f4,tpa-899f64041a64cf,development_coordination,SU1-26-0000077,2026-08-06,2026-08,planning_application_created,CREATEDDATE,source_reported_event,0,0,2026-08-23,2026-08,2026-09-01,2026-09,2026-09-01,2026-09,2,1,In Process,Special Use 1 - General,Special Use 1 - General,5119 W Grace St,Westshore,https://aca-prod.accela.com/TAMPA/Cap/CapDetail.aspx?Module=Planning&TabName=Planning&capID1=26CAP&capID2=00000&capID3=024MJ&agencyCode=TAMPA
rec-aacb7a6d9c9d3375,DEVELOPMENT_COORDINATION|NATIVE|DE1-26-0000193,,,development_coordination,DE1-26-0000193,2026-08-25,2026-08,planning_application_created,CREATEDDATE,source_reported_event,0,0,2026-09-01,2026-09,2026-09-01,2026-09,2026-09-01,2026-09,1,1,In Process,Design Exception 1,Design Exception 1,2408 W Carmen St,Armory Gardens,https://aca-prod.accela.com/TAMPA/Cap/CapDetail.aspx?Module=Planning&TabName=Planning&capID1=26CAP&capID2=00000&capID3=02AAJ&agencyCode=TAMPA
rec-ac4f997ca2d8e93b,DEVELOPMENT_COORDINATION|NATIVE|SU1-26-0000080,,,development_coordination,SU1-26-0000080,2026-08-27,2026-08,planning_application_created,CREATEDDATE,source_reported_event,0,0,2026-09-01,2026-09,2026-09-01,2026-09,2026-09-01,2026-09,1,1,Awaiting Client Reply,Special Use 1 - General,Special Use 1 - General,207 W Lambright St,Old Seminole Heights,https://aca-prod.accela.com/TAMPA/Cap/CapDetail.aspx?Module=Planning&TabName=Planning&capID1=26CAP&capID2=00000&capID3=02BL3&agencyCode=TAMPA
rec-b7728654477de142,DEVELOPMENT_COORDINATION|NATIVE|VRB-26-0000127,,,development_coordination,VRB-26-0000127,2026-08-27,2026-08,planning_application_created,CREATEDDATE,source_reported_event,0,0,2026-09-01,2026-09,2026-09-01,2026-09,2026-09-01,2026-09,1,1,In Process,Variance Review Board,Variance Review Board,6441 E County Line Rd,New Tampa,https://aca-prod.accela.com/TAMPA/Cap/CapDetail.aspx?Module=Planning&TabName=Planning&capID1=26CAP&capID2=00000&capID3=02BLH&agencyCode=TAMPA
rec-bb452e77c1443e9e,DEVELOPMENT_COORDINATION|NATIVE|FDN-26-0000132,,,development_coordination,FDN-26-0000132,2026-08-21,2026-08,planning_application_created,CREATEDDATE,source_reported_event,0,0,2026-09-01,2026-09,2026-09-01,2026-09,2026-09-01,2026-09,1,1,Awaiting Client Reply,Formal Decision,Formal Decision,3218 W Oakellar Ave,Bayshore Beautiful,https://aca-prod.accela.com/TAMPA/Cap/CapDetail.aspx?Module=Planning&TabName=Planning&capID1=26CAP&capID2=00000&capID3=0297J&agencyCode=TAMPA
rec-bfb179f6f687c976,DEVELOPMENT_COORDINATION|NATIVE|SU1-26-0000081,,,development_coordination,SU1-26-0000081,2026-08-28,2026-08,planning_application_created,CREATEDDATE,source_reported_event,0,0,2026-09-01,2026-09,2026-09-01,2026-09,2026-09-01,2026-09,1,1,Awaiting Client Reply,Special Use 1 - General,Special Use 1 - General,3404 E Giddens Ave,The Legacy of Fair Oaks,https://aca-prod.accela.com/TAMPA/Cap/CapDetail.aspx?Module=Planning&TabName=Planning&capID1=26CAP&capID2=00000&capID3=02BSN&agencyCode=TAMPA
rec-c5a80ff8fb23ea6b,DEVELOPMENT_COORDINATION|NATIVE|FDN-26-0000125,src-d1ff18a062dc006b,tpa-7f828fcfd63a18,development_coordination,FDN-26-0000125,2026-08-18,2026-08,planning_application_created,CREATEDDATE,source_reported_event,0,0,2026-08-23,2026-08,2026-09-01,2026-09,2026-09-01,2026-09,2,1,In Process,Formal Decision,Formal Decision,506 W Alva St,South Seminole Heights,https://aca-prod.accela.com/TAMPA/Cap/CapDetail.aspx?Module=Planning&TabName=Planning&capID1=26CAP&capID2=00000&capID3=027T4&agencyCode=TAMPA
rec-c94a7690681a0b4a,DEVELOPMENT_COORDINATION|NATIVE|DE1-26-0000192,,,development_coordination,DE1-26-0000192,2026-08-23,2026-08,planning_application_created,CREATEDDATE,source_reported_event,0,0,2026-09-01,2026-09,2026-09-01,2026-09,2026-09-01,2026-09,1,1,In Process,Design Exception 1,Design Exception 1,2208 W Morrison Ave,Parkland Estates,https://aca-prod.accela.com/TAMPA/Cap/CapDetail.aspx?Module=Planning&TabName=Planning&capID1=26CAP&capID2=00000&capID3=02992&agencyCode=TAMPA
rec-cd794beb318d98bc,DEVELOPMENT_COORDINATION|NATIVE|DE1-26-0000187,src-15b329789cab4ea7,tpa-4c1dae2c4933ed,development_coordination,DE1-26-0000187,2026-08-14,2026-08,planning_application_created,CREATEDDATE,source_reported_event,0,0,2026-08-23,2026-08,2026-09-01,2026-09,2026-09-01,2026-09,2,1,In Process,Design Exception 1,Design Exception 1,1307 N MacDill Ave,Midtown Tampa,https://aca-prod.accela.com/TAMPA/Cap/CapDetail.aspx?Module=Planning&TabName=Planning&capID1=26CAP&capID2=00000&capID3=026P0&agencyCode=TAMPA
rec-d39aac04d9c5d1e5,DEVELOPMENT_COORDINATION|NATIVE|FDN-26-0000136,,,development_coordination,FDN-26-0000136,2026-08-27,2026-08,planning_application_created,CREATEDDATE,source_reported_event,0,0,2026-09-01,2026-09,2026-09-01,2026-09,2026-09-01,2026-09,1,1,In Process,Formal Decision,Formal Decision,2510 N 54th St,East Side Commercial,https://aca-prod.accela.com/TAMPA/Cap/CapDetail.aspx?Module=Planning&TabName=Planning&capID1=26CAP&capID2=00000&capID3=02BC9&agencyCode=TAMPA
rec-d4e266740dc3f82c,DEVELOPMENT_COORDINATION|NATIVE|DE1-26-0000189,src-5779bbbbbf9cc956,tpa-04425c0149a94d,development_coordination,DE1-26-0000189,2026-08-19,2026-08,planning_application_created,CREATEDDATE,source_reported_event,0,0,2026-08-23,2026-08,2026-09-01,2026-09,2026-09-01,2026-09,2,1,Awaiting Client Reply,Design Exception 1,Design Exception 1,4215 E 97th Ave,Terrace Park,https://aca-prod.accela.com/TAMPA/Cap/CapDetail.aspx?Module=Planning&TabName=Planning&capID1=26CAP&capID2=00000&capID3=0283O&agencyCode=TAMPA
rec-dbfabe293e16f5e4,DEVELOPMENT_COORDINATION|NATIVE|DE1-26-0000180,src-42b7aa32ddf84082,tpa-8f0a7193c560c6,development_coordination,DE1-26-0000180,2026-08-12,2026-08,planning_application_created,CREATEDDATE,source_reported_event,0,0,2026-08-23,2026-08,2026-09-01,2026-09,2026-09-01,2026-09,2,1,In Process,Design Exception 1,Design Exception 1,4017 S Trask St,Bayside West,https://aca-prod.accela.com/TAMPA/Cap/CapDetail.aspx?Module=Planning&TabName=Planning&capID1=26CAP&capID2=00000&capID3=0260C&agencyCode=TAMPA
rec-dcc652117cbf32a1,DEVELOPMENT_COORDINATION|NATIVE|REZ-26-0000115,src-51270e9925ef4689,tpa-b375db3909181b,development_coordination,REZ-26-0000115,2026-08-07,2026-08,planning_application_created,CREATEDDATE,source_reported_event,0,0,2026-08-23,2026-08,2026-09-01,2026-09,2026-09-01,2026-09,2,1,In Process,Rezoning,Rezoning,4324 E Grove View Ave,Temple Crest,https://aca-prod.accela.com/TAMPA/Cap/CapDetail.aspx?Module=Planning&TabName=Planning&capID1=26CAP&capID2=00000&capID3=0252M&agencyCode=TAMPA
rec-e139eff67ef78ef3,DEVELOPMENT_COORDINATION|NATIVE|LND-26-0000133,src-41e1fc5d54fb2bec,tpa-0ffa082f6b3639,development_coordination,LND-26-0000133,2026-08-12,2026-08,planning_application_created,CREATEDDATE,source_reported_event,0,0,2026-08-23,2026-08,2026-09-01,2026-09,2026-09-01,2026-09,2,1,In Process,General Land Use,General Land Use,6807 S Manhattan Ave,"Port Tampa City, Inc. Civic Association",https://aca-prod.accela.com/TAMPA/Cap/CapDetail.aspx?Module=Planning&TabName=Planning&capID1=26CAP&capID2=00000&capID3=0268V&agencyCode=TAMPA
rec-e1c24ac269289db0,DEVELOPMENT_COORDINATION|NATIVE|DE1-26-0000173,src-2c22f7292c1f013a,tpa-f00bcd6e23caf0,development_coordination,DE1-26-0000173,2026-08-05,2026-08,planning_application_created,CREATEDDATE,source_reported_event,0,0,2026-08-23,2026-08,2026-08-23,2026-08,2026-08-23,2026-08,1,0,In Process,Design Exception 1,Design Exception 1,2618 W Saint John St,Macfarlane Park,https://aca-prod.accela.com/TAMPA/Cap/CapDetail.aspx?Module=Planning&TabName=Planning&capID1=26CAP&capID2=00000&capID3=0246I&agencyCode=TAMPA
rec-ef44ae446d112854,DEVELOPMENT_COORDINATION|NATIVE|DE1-26-0000178,src-0de2cb9450e18c2b,tpa-d7a7069d314b48,development_coordination,DE1-26-0000178,2026-08-10,2026-08,planning_application_created,CREATEDDATE,source_reported_event,0,0,2026-08-23,2026-08,2026-09-01,2026-09,2026-09-01,2026-09,2,1,In Process,Design Exception 1,Design Exception 1,4902 E Whiteway Dr,Terrace Park,https://aca-prod.accela.com/TAMPA/Cap/CapDetail.aspx?Module=Planning&TabName=Planning&capID1=26CAP&capID2=00000&capID3=025CX&agencyCode=TAMPA
rec-f26f83ca24dba0c7,DEVELOPMENT_COORDINATION|NATIVE|VRB-26-0000123,src-edf669873fd2d4e2,tpa-5cd04a7a10538e,development_coordination,VRB-26-0000123,2026-08-17,2026-08,planning_application_created,CREATEDDATE,source_reported_event,0,0,2026-08-23,2026-08,2026-09-01,2026-09,2026-09-01,2026-09,2,1,Awaiting Client Reply,Variance Review Board,Variance Review Board,4201 E 12th Ave,East Side Commercial,https://aca-prod.accela.com/TAMPA/Cap/CapDetail.aspx?Module=Planning&TabName=Planning&capID1=26CAP&capID2=00000&capID3=027BX&agencyCode=TAMPA
rec-f5e7c6cebd932bb8,DEVELOPMENT_COORDINATION|NATIVE|FDN-26-0000117,src-9736e4e0309d4fa6,tpa-e215c5d7cb5788,development_coordination,FDN-26-0000117,2026-08-07,2026-08,planning_application_created,CREATEDDATE,source_reported_event,0,0,2026-08-23,2026-08,2026-09-01,2026-09,2026-09-01,2026-09,2,1,Open,Formal Decision,Formal Decision,3410 W Nassau St,Midtown Tampa,https://aca-prod.accela.com/TAMPA/Cap/CapDetail.aspx?Module=Planning&TabName=Planning&capID1=26CAP&capID2=00000&capID3=0252G&agencyCode=TAMPA
rec-f6ed43d97f83556f,DEVELOPMENT_COORDINATION|NATIVE|FDN-26-0000116,src-55978bc96f8fc030,tpa-94587102595e6b,development_coordination,FDN-26-0000116,2026-08-05,2026-08,planning_application_created,CREATEDDATE,source_reported_event,0,0,2026-08-23,2026-08,2026-09-01,2026-09,2026-09-01,2026-09,2,1,In Process,Formal Decision,Formal Decision,2112 W Dr Martin Luther King Jr Blvd,West Riverside Heights,https://aca-prod.accela.com/TAMPA/Cap/CapDetail.aspx?Module=Planning&TabName=Planning&capID1=26CAP&capID2=00000&capID3=0246Y&agencyCode=TAMPA
rec-fee55a874b77e990,DEVELOPMENT_COORDINATION|NATIVE|DE1-26-0000190,src-7a01086b5a056d08,tpa-0f16d5600926e1,development_coordination,DE1-26-0000190,2026-08-19,2026-08,planning_application_created,CREATEDDATE,source_reported_event,0,0,2026-08-23,2026-08,2026-09-01,2026-09,2026-09-01,2026-09,2,1,Awaiting Client Reply,Design Exception 1,Design Exception 1,20590 Bruce B Downs Blvd,,https://aca-prod.accela.com/TAMPA/Cap/CapDetail.aspx?Module=Planning&TabName=Planning&capID1=26CAP&capID2=00000&capID3=028B7&agencyCode=TAMPA
rec-01251a649097f2ed,HISTORIC_PRESERVATION|NATIVE|ARC-26-0000397,src-51486f4832c77006,tpa-da41bf70e59358,historic_preservation,ARC-26-0000397,2026-08-29,2026-08,preservation_application_created,CREATEDDATE,source_reported_event,0,0,2026-08-23,2026-08,2026-09-01,2026-09,2026-09-01,2026-09,2,1,Awaiting Client Reply,Architectural Review Commission - Certificate of Appropriateness,Architectural Review Commission - Certificate of Appropriateness,5509 N Seminole Ave,Old Seminole Heights,https://aca-prod.accela.com/TAMPA/Cap/CapDetail.aspx?Module=Planning&TabName=Planning&capID1=26CAP&capID2=00000&capID3=02196&agencyCode=TAMPA
rec-02b3376ee00b2e26,HISTORIC_PRESERVATION|NATIVE|ARC-26-0000394,src-5b427b24c7f6e14b,tpa-2929a7b6b501db,historic_preservation,ARC-26-0000394,2026-08-29,2026-08,preservation_application_created,CREATEDDATE,source_reported_event,0,0,2026-08-23,2026-08,2026-09-01,2026-09,2026-09-01,2026-09,2,1,Awaiting Client Reply,Architectural Review Commission - Certificate of Appropriateness,Architectural Review Commission - Certificate of Appropriateness,401 E Hugh St,Tampa Heights,https://aca-prod.accela.com/TAMPA/Cap/CapDetail.aspx?Module=Planning&TabName=Planning&capID1=26CAP&capID2=00000&capID3=020LM&agencyCode=TAMPA
rec-039a406f235ca9d8,HISTORIC_PRESERVATION|NATIVE|ARC-23-0000235,src-44d9a31bf1554fb6,tpa-b6f1d2fa499e71,historic_preservation,ARC-23-0000235,2026-08-29,2026-08,preservation_application_created,CREATEDDATE,source_reported_event,0,0,2026-08-23,2026-08,2026-09-01,2026-09,2026-09-01,2026-09,2,1,Awaiting Client Reply,Architectural Review Commission - Certificate of Appropriateness,Architectural Review Commission - Certificate of Appropriateness,830 S Willow Ave,Hyde Park Preservation,https://aca-prod.accela.com/TAMPA/Cap/CapDetail.aspx?Module=Planning&TabName=Planning&capID1=23CAP&capID2=00000&capID3=00K1O&agencyCode=TAMPA
rec-06e971bedfb8574c,HISTORIC_PRESERVATION|NATIVE|ARC-26-0000252,src-b9ea84be1e3eb5d8,tpa-e09dfce457f069,historic_preservation,ARC-26-0000252,2026-08-29,2026-08,preservation_application_created,CREATEDDATE,source_reported_event,0,0,2026-08-23,2026-08,2026-09-01,2026-09,2026-09-01,2026-09,2,1,Awaiting Client Reply,Architectural Review Commission - Certificate of Appropriateness,Architectural Review Commission - Certificate of Appropriateness,6006 N Suwanee Ave,Old Seminole Heights,https://aca-prod.accela.com/TAMPA/Cap/CapDetail.aspx?Module=Planning&TabName=Planning&capID1=26CAP&capID2=00000&capID3=00LVE&agencyCode=TAMPA
rec-07145702b10572c8,HISTORIC_PRESERVATION|NATIVE|ARC-26-0000236,src-9ff5ba18d940e4c8,tpa-44ab7ee9d0a5d3,historic_preservation,ARC-26-0000236,2026-08-29,2026-08,preservation_application_created,CREATEDDATE,source_reported_event,0,0,2026-08-23,2026-08,2026-09-01,2026-09,2026-09-01,2026-09,2,1,In Process,Architectural Review Commission - Certificate of Appropriateness,Architectural Review Commission - Certificate of Appropriateness,5604 N Branch Ave,Old Seminole Heights,https://aca-prod.accela.com/TAMPA/Cap/CapDetail.aspx?Module=Planning&TabName=Planning&capID1=26CAP&capID2=00000&capID3=00KPN&agencyCode=TAMPA
rec-079e727eb8d74c10,HISTORIC_PRESERVATION|NATIVE|ARC-26-0000260,src-4004049869b2fd2b,tpa-f7e7f66a2e8b78,historic_preservation,ARC-26-0000260,2026-08-29,2026-08,preservation_application_created,CREATEDDATE,source_reported_event,0,0,2026-08-23,2026-08,2026-09-01,2026-09,2026-09-01,2026-09,2,1,Awaiting Client Reply,Architectural Review Commission - Certificate of Appropriateness,Architectural Review Commission - Certificate of Appropriateness,710 S Edison Ave,Hyde Park Preservation,https://aca-prod.accela.com/TAMPA/Cap/CapDetail.aspx?Module=Planning&TabName=Planning&capID1=26CAP&capID2=00000&capID3=00MDM&agencyCode=TAMPA
rec-07fa5889292a1e6e,HISTORIC_PRESERVATION|NATIVE|BLC-26-0000186,src-80a2120bc337c2cd,tpa-490ff4a66e7c92,historic_preservation,BLC-26-0000186,2026-08-21,2026-08,preservation_application_created,CREATEDDATE,source_reported_event,0,0,2026-08-23,2026-08,2026-08-23,2026-08,2026-08-23,2026-08,1,0,Awaiting Client Reply,Barrio Latino Commission - Certificate of Appropriateness,Barrio Latino Commission - Certificate of Appropriateness,1310 E 15th Ave,VM Ybor,https://aca-prod.accela.com/TAMPA/Cap/CapDetail.aspx?Module=Planning&TabName=Planning&capID1=26CAP&capID2=00000&capID3=028FW&agencyCode=TAMPA
rec-09b85272a6d77504,HISTORIC_PRESERVATION|NATIVE|ARC-26-0000407,src-a59f7d3b61790261,tpa-eaf693a486bb43,historic_preservation,ARC-26-0000407,2026-08-29,2026-08,preservation_application_created,CREATEDDATE,source_reported_event,0,0,2026-08-23,2026-08,2026-09-01,2026-09,2026-09-01,2026-09,2,1,Awaiting Client Reply,Architectural Review Commission - Certificate of Appropriateness,Architectural Review Commission - Certificate of Appropriateness,1900 W Jetton Ave,Historic Hyde Park,https://aca-prod.accela.com/TAMPA/Cap/CapDetail.aspx?Module=Planning&TabName=Planning&capID1=26CAP&capID2=00000&capID3=021XI&agencyCode=TAMPA
rec-0b2552276c460372,HISTORIC_PRESERVATION|NATIVE|ARC-26-0000230,src-eabb17ebafe4c47b,tpa-5207e46335d4e6,historic_preservation,ARC-26-0000230,2026-08-29,2026-08,preservation_application_created,CREATEDDATE,source_reported_event,0,0,2026-08-23,2026-08,2026-09-01,2026-09,2026-09-01,2026-09,2,1,Awaiting Client Reply,Architectural Review Commission - Certificate of Appropriateness,Architectural Review Commission - Certificate of Appropriateness,4521 W Azeele St,Beach Park,https://aca-prod.accela.com/TAMPA/Cap/CapDetail.aspx?Module=Planning&TabName=Planning&capID1=26CAP&capID2=00000&capID3=00JWH&agencyCode=TAMPA
rec-0c4a801c1e0fb8f0,HISTORIC_PRESERVATION|NATIVE|ARC-26-0000093,src-678ff6959b9b93da,tpa-a93c0a923021ee,historic_preservation,ARC-26-0000093,2026-08-29,2026-08,preservation_application_created,CREATEDDATE,source_reported_event,0,0,2026-08-23,2026-08,2026-09-01,2026-09,2026-09-01,2026-09,2,1,Awaiting Client Reply,Architectural Review Commission - Certificate of Appropriateness,Architectural Review Commission - Certificate of Appropriateness,2708 N 18th St,North Ybor,https://aca-prod.accela.com/TAMPA/Cap/CapDetail.aspx?Module=Planning&TabName=Planning&capID1=25CAP&capID2=00000&capID3=02Y2G&agencyCode=TAMPA
rec-0d0568d36f3663d2,HISTORIC_PRESERVATION|NATIVE|BLC-25-0000183,src-808dfa7b7bb3ab94,tpa-64273014861d8e,historic_preservation,BLC-25-0000183,2026-08-29,2026-08,preservation_application_created,CREATEDDATE,source_reported_event,0,0,2026-08-23,2026-08,2026-09-01,2026-09,2026-09-01,2026-09,2,1,In Process,Barrio Latino Commission - Certificate of Appropriateness,Barrio Latino Commission - Certificate of Appropriateness,2414 E 8th Ave,Historic East Ybor and Gary,https://aca-prod.accela.com/TAMPA/Cap/CapDetail.aspx?Module=Planning&TabName=Planning&capID1=25CAP&capID2=00000&capID3=01ZCT&agencyCode=TAMPA
rec-0de7462210ea3526,HISTORIC_PRESERVATION|NATIVE|BLC-26-0000091,src-d0006222132f4cf5,tpa-64eda693c97c9e,historic_preservation,BLC-26-0000091,2026-08-29,2026-08,preservation_application_created,CREATEDDATE,source_reported_event,0,0,2026-08-23,2026-08,2026-09-01,2026-09,2026-09-01,2026-09,2,1,In Process,Barrio Latino Commission - Recommendation,Barrio Latino Commission - Recommendation,2316 E 7th Ave,Historic East Ybor and Gary,https://aca-prod.accela.com/TAMPA/Cap/CapDetail.aspx?Module=Planning&TabName=Planning&capID1=26CAP&capID2=00000&capID3=00E1P&agencyCode=TAMPA
rec-10a17c39730aa6e8,HISTORIC_PRESERVATION|NATIVE|BLC-22-0000185,src-0dbea7edfc65aebe,tpa-9fcfb888d86ecc,historic_preservation,BLC-22-0000185,2026-08-29,2026-08,preservation_application_created,CREATEDDATE,source_reported_event,0,0,2026-08-23,2026-08,2026-09-01,2026-09,2026-09-01,2026-09,2,1,Awaiting Client Reply,Barrio Latino Commission - Certificate of Appropriateness,Barrio Latino Commission - Certificate of Appropriateness,1707 E 4th Ave,Historic Ybor,https://aca-prod.accela.com/TAMPA/Cap/CapDetail.aspx?Module=Planning&TabName=Planning&capID1=22CAP&capID2=00000&capID3=01UPM&agencyCode=TAMPA
rec-132b9ee52af4479a,HISTORIC_PRESERVATION|NATIVE|BLC-26-0000057,src-3084c6d19e82c18a,tpa-81fa1fdc53e785,historic_preservation,BLC-26-0000057,2026-08-29,2026-08,preservation_application_created,CREATEDDATE,source_reported_event,0,0,2026-08-23,2026-08,2026-09-01,2026-09,2026-09-01,2026-09,2,1,Awaiting Client Reply,Barrio Latino Commission - Certificate of Appropriateness,Barrio Latino Commission - Certificate of Appropriateness,1705 N 16th St,Historic Ybor,https://aca-prod.accela.com/TAMPA/Cap/CapDetail.aspx?Module=Planning&TabName=Planning&capID1=25CAP&capID2=00000&capID3=02ZRS&agencyCode=TAMPA
rec-17989c1d4eaba974,HISTORIC_PRESERVATION|NATIVE|ARC-26-0000266,src-f2bb9730f50ba450,tpa-df10c447507875,historic_preservation,ARC-26-0000266,2026-08-29,2026-08,preservation_application_created,CREATEDDATE,source_reported_event,0,0,2026-08-23,2026-08,2026-09-01,2026-09,2026-09-01,2026-09,2,1,Awaiting Client Reply,Architectural Review Commission - Certificate of Appropriateness,Architectural Review Commission - Certificate of Appropriateness,719 S Delaware Ave,Hyde Park Preservation,https://aca-prod.accela.com/TAMPA/Cap/CapDetail.aspx?Module=Planning&TabName=Planning&capID1=26CAP&capID2=00000&capID3=00O3L&agencyCode=TAMPA
rec-17d6a5b656056f3c,HISTORIC_PRESERVATION|NATIVE|BLC-26-0000039,src-16f513af88acf82e,tpa-81d93257a0d110,historic_preservation,BLC-26-0000039,2026-08-29,2026-08,preservation_application_created,CREATEDDATE,source_reported_event,0,0,2026-08-23,2026-08,2026-09-01,2026-09,2026-09-01,2026-09,2,1,Awaiting Client Reply,Barrio Latino Commission - Certificate of Appropriateness,Barrio Latino Commission - Certificate of Appropriateness,2608 E 10th Ave,Historic East Ybor and Gary,https://aca-prod.accela.com/TAMPA/Cap/CapDetail.aspx?Module=Planning&TabName=Planning&capID1=25CAP&capID2=00000&capID3=02WC2&agencyCode=TAMPA
rec-199755509fc69153,HISTORIC_PRESERVATION|NATIVE|ARC-21-0000241,src-bf05d5c52340861a,tpa-8e63982ebe83cc,historic_preservation,ARC-21-0000241,2026-08-29,2026-08,preservation_application_created,CREATEDDATE,source_reported_event,0,0,2026-08-23,2026-08,2026-09-01,2026-09,2026-09-01,2026-09,2,1,Awaiting Client Reply,Architectural Review Commission - Certificate of Appropriateness,Architectural Review Commission - Certificate of Appropriateness,401 E Amelia Ave,Tampa Heights,https://aca-prod.accela.com/TAMPA/Cap/CapDetail.aspx?Module=Planning&TabName=Planning&capID1=21CAP&capID2=00000&capID3=00DXE&agencyCode=TAMPA
rec-19d22e0c0400e313,HISTORIC_PRESERVATION|NATIVE|ARC-23-0000311,src-ae408395890652d5,tpa-c11d304186a69b,historic_preservation,ARC-23-0000311,2026-08-29,2026-08,preservation_application_created,CREATEDDATE,source_reported_event,0,0,2026-08-23,2026-08,2026-09-01,2026-09,2026-09-01,2026-09,2,1,Awaiting Client Reply,Architectural Review Commission - Certificate of Appropriateness,Architectural Review Commission - Certificate of Appropriateness,1902 N Howard Ave,Old West Tampa,https://aca-prod.accela.com/TAMPA/Cap/CapDetail.aspx?Module=Planning&TabName=Planning&capID1=23CAP&capID2=00000&capID3=00V1T&agencyCode=TAMPA
rec-1aaa7ac112ca71c5,HISTORIC_PRESERVATION|NATIVE|ARC-25-0000014,src-be8030c90e8a29cb,tpa-aec0a9bc48dce7,historic_preservation,ARC-25-0000014,2026-08-29,2026-08,preservation_application_created,CREATEDDATE,source_reported_event,0,0,2026-08-23,2026-08,2026-09-01,2026-09,2026-09-01,2026-09,2,1,Awaiting Client Reply,Architectural Review Commission - Certificate of Appropriateness,Architectural Review Commission - Certificate of Appropriateness,725 S Brevard Ave,Hyde Park Preservation,https://aca-prod.accela.com/TAMPA/Cap/CapDetail.aspx?Module=Planning&TabName=Planning&capID1=24CAP&capID2=00000&capID3=02IVD&agencyCode=TAMPA
rec-1c11545913d5d768,HISTORIC_PRESERVATION|NATIVE|ARC-26-0000336,src-d8022eeadaaec388,tpa-2243f57773c938,historic_preservation,ARC-26-0000336,2026-08-29,2026-08,preservation_application_created,CREATEDDATE,source_reported_event,0,0,2026-08-23,2026-08,2026-09-01,2026-09,2026-09-01,2026-09,2,1,Awaiting Client Reply,Architectural Review Commission - Certificate of Appropriateness,Architectural Review Commission - Certificate of Appropriateness,819 Bayshore Blvd,Hyde Park Preservation,https://aca-prod.accela.com/TAMPA/Cap/CapDetail.aspx?Module=Planning&TabName=Planning&capID1=26CAP&capID2=00000&capID3=00WWJ&agencyCode=TAMPA
rec-1c3f1367637db8c2,HISTORIC_PRESERVATION|NATIVE|BLC-26-0000135,src-e18bb25e5415c3cb,tpa-3f3e83f5ba585e,historic_preservation,BLC-26-0000135,2026-08-29,2026-08,preservation_application_created,CREATEDDATE,source_reported_event,0,0,2026-08-23,2026-08,2026-09-01,2026-09,2026-09-01,2026-09,2,1,Awaiting Client Reply,Barrio Latino Commission - Certificate of Appropriateness,Barrio Latino Commission - Certificate of Appropriateness,2320 E 12th Ave,Historic East Ybor and Gary,https://aca-prod.accela.com/TAMPA/Cap/CapDetail.aspx?Module=Planning&TabName=Planning&capID1=26CAP&capID2=00000&capID3=00T83&agencyCode=TAMPA
rec-1dcb6406b584b44c,HISTORIC_PRESERVATION|NATIVE|ARC-26-0000165,src-ceb9a341cfd1f923,tpa-524beb754e12e1,historic_preservation,ARC-26-0000165,2026-08-29,2026-08,preservation_application_created,CREATEDDATE,source_reported_event,0,0,2026-08-23,2026-08,2026-09-01,2026-09,2026-09-01,2026-09,2,1,Open,Architectural Review Commission - Certificate of Appropriateness,Architectural Review Commission - Certificate of Appropriateness,6010 N Suwanee Ave,Old Seminole Heights,https://aca-prod.accela.com/TAMPA/Cap/CapDetail.aspx?Module=Planning&TabName=Planning&capID1=26CAP&capID2=00000&capID3=009CL&agencyCode=TAMPA
rec-1dda39e5df32c453,HISTORIC_PRESERVATION|NATIVE|ARC-26-0000340,src-952997c9c1e01941,tpa-ce21f9abe3bea9,historic_preservation,ARC-26-0000340,2026-08-29,2026-08,preservation_application_created,CREATEDDATE,source_reported_event,0,0,2026-08-23,2026-08,2026-09-01,2026-09,2026-09-01,2026-09,2,1,In Process,Architectural Review Commission - Certificate of Appropriateness,Architectural Review Commission - Certificate of Appropriateness,1810 N Highland Ave,Tampa Heights,https://aca-prod.accela.com/TAMPA/Cap/CapDetail.aspx?Module=Planning&TabName=Planning&capID1=26CAP&capID2=00000&capID3=01S5V&agencyCode=TAMPA
rec-232c3fa3fb2c991f,HISTORIC_PRESERVATION|NATIVE|ARC-26-0000374,src-4f98f83104bd8b0c,tpa-d23ada2f3ee414,historic_preservation,ARC-26-0000374,2026-08-29,2026-08,preservation_application_created,CREATEDDATE,source_reported_event,0,0,2026-08-23,2026-08,2026-09-01,2026-09,2026-09-01,2026-09,2,1,In Process,Architectural Review Commission - Recommendation,Architectural Review Commission - Recommendation,1302 W Swann Ave,Hyde Park Preservation,https://aca-prod.accela.com/TAMPA/Cap/CapDetail.aspx?Module=Planning&TabName=Planning&capID1=26CAP&capID2=00000&capID3=01XMS&agencyCode=TAMPA
rec-23b990e07f991136,HISTORIC_PRESERVATION|NATIVE|ARC-25-0000415,src-a3e1259a77541b72,tpa-f2a2364d572f60,historic_preservation,ARC-25-0000415,2026-08-29,2026-08,preservation_application_created,CREATEDDATE,source_reported_event,0,0,2026-08-23,2026-08,2026-09-01,2026-09,2026-09-01,2026-09,2,1,Awaiting Client Reply,Architectural Review Commission - Certificate of Appropriateness,Architectural Review Commission - Certificate of Appropriateness,406 W Azeele St,Hyde Park Spanishtown Creek,https://aca-prod.accela.com/TAMPA/Cap/CapDetail.aspx?Module=Planning&TabName=Planning&capID1=25CAP&capID2=00000&capID3=01VE6&agencyCode=TAMPA
rec-26e65e308d47044a,HISTORIC_PRESERVATION|NATIVE|ARC-26-0000128,src-dd065fa0673949bf,tpa-2df641295bf281,historic_preservation,ARC-26-0000128,2026-08-29,2026-08,preservation_application_created,CREATEDDATE,source_reported_event,0,0,2026-08-23,2026-08,2026-09-01,2026-09,2026-09-01,2026-09,2,1,Open,Architectural Review Commission - Certificate of Appropriateness,Architectural Review Commission - Certificate of Appropriateness,5601 N Branch Ave,Old Seminole Heights,https://aca-prod.accela.com/TAMPA/Cap/CapDetail.aspx?Module=Planning&TabName=Planning&capID1=26CAP&capID2=00000&capID3=003TP&agencyCode=TAMPA
rec-270b0cc56057a6b6,HISTORIC_PRESERVATION|NATIVE|ARC-25-0000513,src-3bbb4cc94d994a69,tpa-ad552a9bc7e826,historic_preservation,ARC-25-0000513,2026-08-29,2026-08,preservation_application_created,CREATEDDATE,source_reported_event,0,0,2026-08-23,2026-08,2026-09-01,2026-09,2026-09-01,2026-09,2,1,Awaiting Client Reply,Architectural Review Commission - Certificate of Appropriateness,Architectural Review Commission - Certificate of Appropriateness,417 E Hugh St,Tampa Heights,https://aca-prod.accela.com/TAMPA/Cap/CapDetail.aspx?Module=Planning&TabName=Planning&capID1=25CAP&capID2=00000&capID3=027IW&agencyCode=TAMPA
rec-2959783ae5d0b4c7,HISTORIC_PRESERVATION|NATIVE|BLC-26-0000044,src-3bf51b638350027e,tpa-117c8bdd587be3,historic_preservation,BLC-26-0000044,2026-08-29,2026-08,preservation_application_created,CREATEDDATE,source_reported_event,0,0,2026-08-23,2026-08,2026-09-01,2026-09,2026-09-01,2026-09,2,1,Awaiting Client Reply,Barrio Latino Commission - Recommendation,Barrio Latino Commission - Recommendation,1206 Holmes Ave,VM Ybor,https://aca-prod.accela.com/TAMPA/Cap/CapDetail.aspx?Module=Planning&TabName=Planning&capID1=25CAP&capID2=00000&capID3=02WMJ&agencyCode=TAMPA
rec-2b54455ce79fc96b,HISTORIC_PRESERVATION|NATIVE|ARC-25-0000493,src-b4947adfb40afc6c,tpa-15b4157c2d7ccf,historic_preservation,ARC-25-0000493,2026-08-29,2026-08,preservation_application_created,CREATEDDATE,source_reported_event,0,0,2026-08-23,2026-08,2026-09-01,2026-09,2026-09-01,2026-09,2,1,Awaiting Client Reply,Architectural Review Commission - Certificate of Appropriateness,Architectural Review Commission - Certificate of Appropriateness,2911 N Jefferson St,Tampa Heights,https://aca-prod.accela.com/TAMPA/Cap/CapDetail.aspx?Module=Planning&TabName=Planning&capID1=25CAP&capID2=00000&capID3=024N2&agencyCode=TAMPA
rec-2bd871702aa83a56,HISTORIC_PRESERVATION|NATIVE|ARC-26-0000124,src-3fb031860de32534,tpa-9c426ea591230d,historic_preservation,ARC-26-0000124,2026-08-29,2026-08,preservation_application_created,CREATEDDATE,source_reported_event,0,0,2026-08-23,2026-08,2026-09-01,2026-09,2026-09-01,2026-09,2,1,In Process,Architectural Review Commission - Certificate of Appropriateness,Architectural Review Commission - Certificate of Appropriateness,907 S Dakota Ave,Hyde Park Preservation,https://aca-prod.accela.com/TAMPA/Cap/CapDetail.aspx?Module=Planning&TabName=Planning&capID1=26CAP&capID2=00000&capID3=003DU&agencyCode=TAMPA
rec-2d98f8db1b3ad237,HISTORIC_PRESERVATION|NATIVE|BLC-25-0000208,src-76d393290d9e9df8,tpa-305a3039f88443,historic_preservation,BLC-25-0000208,2026-08-29,2026-08,preservation_application_created,CREATEDDATE,source_reported_event,0,0,2026-08-23,2026-08,2026-09-01,2026-09,2026-09-01,2026-09,2,1,Awaiting Client Reply,Barrio Latino Commission - Certificate of Appropriateness,Barrio Latino Commission - Certificate of Appropriateness,1902 Adamo Dr,Historic Ybor,https://aca-prod.accela.com/TAMPA/Cap/CapDetail.aspx?Module=Planning&TabName=Planning&capID1=25CAP&capID2=00000&capID3=027Q6&agencyCode=TAMPA
rec-33bfd245bb7ddaec,HISTORIC_PRESERVATION|NATIVE|ARC-26-0000338,src-24beca12367dfeab,tpa-6f1949b6a47750,historic_preservation,ARC-26-0000338,2026-08-29,2026-08,preservation_application_created,CREATEDDATE,source_reported_event,0,0,2026-08-23,2026-08,2026-09-01,2026-09,2026-09-01,2026-09,2,1,Awaiting Client Reply,Architectural Review Commission - Certificate of Appropriateness,Architectural Review Commission - Certificate of Appropriateness,809 S Willow Ave,Hyde Park Preservation,https://aca-prod.accela.com/TAMPA/Cap/CapDetail.aspx?Module=Planning&TabName=Planning&capID1=26CAP&capID2=00000&capID3=01OKZ&agencyCode=TAMPA
rec-34480ee19df2c67a,HISTORIC_PRESERVATION|NATIVE|ARC-25-0000550,src-cf73b4ef94b74325,tpa-8a1e87c34ee0fe,historic_preservation,ARC-25-0000550,2026-08-29,2026-08,preservation_application_created,CREATEDDATE,source_reported_event,0,0,2026-08-23,2026-08,2026-09-01,2026-09,2026-09-01,2026-09,2,1,Awaiting Client Reply,Architectural Review Commission - Certificate of Appropriateness,Architectural Review Commission - Certificate of Appropriateness,308 E Idlewild Ave,Old Seminole Heights,https://aca-prod.accela.com/TAMPA/Cap/CapDetail.aspx?Module=Planning&TabName=Planning&capID1=25CAP&capID2=00000&capID3=02CRF&agencyCode=TAMPA
rec-35ce092ef62ec3d3,HISTORIC_PRESERVATION|NATIVE|ARC-26-0000301,src-0111f657502163b1,tpa-645b95671f32d2,historic_preservation,ARC-26-0000301,2026-08-29,2026-08,preservation_application_created,CREATEDDATE,source_reported_event,0,0,2026-08-23,2026-08,2026-09-01,2026-09,2026-09-01,2026-09,2,1,In Process,Architectural Review Commission - Certificate of Appropriateness,Architectural Review Commission - Certificate of Appropriateness,2821 N Morgan St,Tampa Heights,https://aca-prod.accela.com/TAMPA/Cap/CapDetail.aspx?Module=Planning&TabName=Planning&capID1=26CAP&capID2=00000&capID3=00SCV&agencyCode=TAMPA
rec-3634d205eae7dd01,HISTORIC_PRESERVATION|NATIVE|ARC-25-0000602,src-6f55bc951811ca10,tpa-91b23056852ebc,historic_preservation,ARC-25-0000602,2026-08-29,2026-08,preservation_application_created,CREATEDDATE,source_reported_event,0,0,2026-08-23,2026-08,2026-09-01,2026-09,2026-09-01,2026-09,2,1,Awaiting Client Reply,Architectural Review Commission - Certificate of Appropriateness,Architectural Review Commission - Certificate of Appropriateness,702 S Fielding Ave,Hyde Park Preservation,https://aca-prod.accela.com/TAMPA/Cap/CapDetail.aspx?Module=Planning&TabName=Planning&capID1=25CAP&capID2=00000&capID3=02JLK&agencyCode=TAMPA
rec-36498cd04e9ed842,HISTORIC_PRESERVATION|NATIVE|BLC-24-0000141,src-a3822fb6df0dc218,tpa-00ed5217c31952,historic_preservation,BLC-24-0000141,2026-08-29,2026-08,preservation_application_created,CREATEDDATE,source_reported_event,0,0,2026-08-23,2026-08,2026-09-01,2026-09,2026-09-01,2026-09,2,1,Awaiting Client Reply,Barrio Latino Commission - Certificate of Appropriateness,Barrio Latino Commission - Certificate of Appropriateness,1023 E 17th Ave,VM Ybor,https://aca-prod.accela.com/TAMPA/Cap/CapDetail.aspx?Module=Planning&TabName=Planning&capID1=24CAP&capID2=00000&capID3=00W9T&agencyCode=TAMPA
rec-368dd7f014cc6a6d,HISTORIC_PRESERVATION|NATIVE|ARC-26-0000216,src-39ec1f72645f0573,tpa-9403f2c2bf29a2,historic_preservation,ARC-26-0000216,2026-08-29,2026-08,preservation_application_created,CREATEDDATE,source_reported_event,0,0,2026-08-23,2026-08,2026-09-01,2026-09,2026-09-01,2026-09,2,1,Awaiting Client Reply,Architectural Review Commission - Certificate of Appropriateness,Architectural Review Commission - Certificate of Appropriateness,6008 N Branch Ave,Old Seminole Heights,https://aca-prod.accela.com/TAMPA/Cap/CapDetail.aspx?Module=Planning&TabName=Planning&capID1=26CAP&capID2=00000&capID3=00HCN&agencyCode=TAMPA
rec-37888abbfdd378c0,HISTORIC_PRESERVATION|NATIVE|ARC-26-0000349,src-d8a67f368b32cb35,tpa-51e396b19b5b0d,historic_preservation,ARC-26-0000349,2026-08-29,2026-08,preservation_application_created,CREATEDDATE,source_reported_event,0,0,2026-08-23,2026-08,2026-09-01,2026-09,2026-09-01,2026-09,2,1,Awaiting Client Reply,Architectural Review Commission - Certificate of Appropriateness,Architectural Review Commission - Certificate of Appropriateness,2810 N Jefferson St,Tampa Heights,https://aca-prod.accela.com/TAMPA/Cap/CapDetail.aspx?Module=Planning&TabName=Planning&capID1=26CAP&capID2=00000&capID3=01TBF&agencyCode=TAMPA
rec-37c273cd536b06cd,HISTORIC_PRESERVATION|NATIVE|BLC-26-0000128,src-b42027806c68eacb,tpa-4220fd7570b23d,historic_preservation,BLC-26-0000128,2026-08-29,2026-08,preservation_application_created,CREATEDDATE,source_reported_event,0,0,2026-08-23,2026-08,2026-09-01,2026-09,2026-09-01,2026-09,2,1,In Process,Barrio Latino Commission - Certificate of Appropriateness,Barrio Latino Commission - Certificate of Appropriateness,1901 E 7th Ave,Historic Ybor,https://aca-prod.accela.com/TAMPA/Cap/CapDetail.aspx?Module=Planning&TabName=Planning&capID1=26CAP&capID2=00000&capID3=00PNF&agencyCode=TAMPA
rec-3810cf1c07ae958d,HISTORIC_PRESERVATION|NATIVE|ARC-26-0000440,src-7dcba280890270c6,tpa-373ae2e807d356,historic_preservation,ARC-26-0000440,2026-08-29,2026-08,preservation_application_created,CREATEDDATE,source_reported_event,0,0,2026-08-23,2026-08,2026-09-01,2026-09,2026-09-01,2026-09,2,1,Awaiting Client Reply,Architectural Review Commission - Certificate of Appropriateness,Architectural Review Commission - Certificate of Appropriateness,800 S Village Cir,Hyde Park Preservation,https://aca-prod.accela.com/TAMPA/Cap/CapDetail.aspx?Module=Planning&TabName=Planning&capID1=26CAP&capID2=00000&capID3=028H3&agencyCode=TAMPA
rec-39230159bd38a96a,HISTORIC_PRESERVATION|NATIVE|ARC-26-0000380,src-8188489e806ff8ff,tpa-1403111e66cb12,historic_preservation,ARC-26-0000380,2026-08-29,2026-08,preservation_application_created,CREATEDDATE,source_reported_event,0,0,2026-08-23,2026-08,2026-09-01,2026-09,2026-09-01,2026-09,2,1,In Process,Architectural Review Commission - Certificate of Appropriateness,Architectural Review Commission - Certificate of Appropriateness,5808 N Cherokee Ave,Old Seminole Heights,https://aca-prod.accela.com/TAMPA/Cap/CapDetail.aspx?Module=Planning&TabName=Planning&capID1=26CAP&capID2=00000&capID3=01XRY&agencyCode=TAMPA
rec-3aafb5d8516408cc,HISTORIC_PRESERVATION|NATIVE|ARC-26-0000299,src-1d6530d2e7a14d47,tpa-60e6eb0de4bd90,historic_preservation,ARC-26-0000299,2026-08-29,2026-08,preservation_application_created,CREATEDDATE,source_reported_event,0,0,2026-08-23,2026-08,2026-09-01,2026-09,2026-09-01,2026-09,2,1,In Process,Architectural Review Commission - Certificate of Appropriateness,Architectural Review Commission - Certificate of Appropriateness,310 E Oak Ave,Tampa Heights,https://aca-prod.accela.com/TAMPA/Cap/CapDetail.aspx?Module=Planning&TabName=Planning&capID1=26CAP&capID2=00000&capID3=00S94&agencyCode=TAMPA
rec-3debc01a24f9d9a6,HISTORIC_PRESERVATION|NATIVE|BLC-26-0000117,src-124703229b548ad3,tpa-48dd58c90df6a7,historic_preservation,BLC-26-0000117,2026-08-29,2026-08,preservation_application_created,CREATEDDATE,source_reported_event,0,0,2026-08-23,2026-08,2026-09-01,2026-09,2026-09-01,2026-09,2,1,In Process,Barrio Latino Commission - Certificate of Appropriateness,Barrio Latino Commission - Certificate of Appropriateness,1419 E 4th Ave,Historic Ybor,https://aca-prod.accela.com/TAMPA/Cap/CapDetail.aspx?Module=Planning&TabName=Planning&capID1=26CAP&capID2=00000&capID3=00K6W&agencyCode=TAMPA
rec-4107593d96f99b43,HISTORIC_PRESERVATION|NATIVE|ARC-26-0000419,src-784b2a5ac086b031,tpa-2a0e40d30e572b,historic_preservation,ARC-26-0000419,2026-08-29,2026-08,preservation_application_created,CREATEDDATE,source_reported_event,0,0,2026-08-23,2026-08,2026-09-01,2026-09,2026-09-01,2026-09,2,1,Awaiting Client Reply,Architectural Review Commission - Certificate of Appropriateness,Architectural Review Commission - Certificate of Appropriateness,4521 W Azeele St,Beach Park,https://aca-prod.accela.com/TAMPA/Cap/CapDetail.aspx?Module=Planning&TabName=Planning&capID1=26CAP&capID2=00000&capID3=024C3&agencyCode=TAMPA
rec-4134ec028484a003,HISTORIC_PRESERVATION|NATIVE|ARC-26-0000376,src-e7498586b839d64d,tpa-35fae6b2c5c7cf,historic_preservation,ARC-26-0000376,2026-08-29,2026-08,preservation_application_created,CREATEDDATE,source_reported_event,0,0,2026-08-23,2026-08,2026-09-01,2026-09,2026-09-01,2026-09,2,1,Awaiting Client Reply,Architectural Review Commission - Certificate of Appropriateness,Architectural Review Commission - Certificate of Appropriateness,311 E Palm Ave,Tampa Heights,https://aca-prod.accela.com/TAMPA/Cap/CapDetail.aspx?Module=Planning&TabName=Planning&capID1=26CAP&capID2=00000&capID3=01XNL&agencyCode=TAMPA
rec-4474f0d5e81375f5,HISTORIC_PRESERVATION|NATIVE|ARC-26-0000365,src-159a0d119511f793,tpa-40b7c0c54215c7,historic_preservation,ARC-26-0000365,2026-08-29,2026-08,preservation_application_created,CREATEDDATE,source_reported_event,0,0,2026-08-23,2026-08,2026-09-01,2026-09,2026-09-01,2026-09,2,1,Awaiting Client Reply,Architectural Review Commission - Certificate of Appropriateness,Architectural Review Commission - Certificate of Appropriateness,5110 N Seminole Ave,Old Seminole Heights,https://aca-prod.accela.com/TAMPA/Cap/CapDetail.aspx?Module=Planning&TabName=Planning&capID1=26CAP&capID2=00000&capID3=01X5B&agencyCode=TAMPA
rec-44faf48ac5e7bdf6,HISTORIC_PRESERVATION|NATIVE|ARC-26-0000303,src-f1c5c821e6fc1d82,tpa-0d54720ed6a443,historic_preservation,ARC-26-0000303,2026-08-29,2026-08,preservation_application_created,CREATEDDATE,source_reported_event,0,0,2026-08-23,2026-08,2026-09-01,2026-09,2026-09-01,2026-09,2,1,Awaiting Client Reply,Architectural Review Commission - Certificate of Appropriateness,Architectural Review Commission - Certificate of Appropriateness,5208 N Branch Ave,Old Seminole Heights,https://aca-prod.accela.com/TAMPA/Cap/CapDetail.aspx?Module=Planning&TabName=Planning&capID1=26CAP&capID2=00000&capID3=00SH7&agencyCode=TAMPA
rec-466b4c3cb42cbce8,HISTORIC_PRESERVATION|NATIVE|ARC-26-0000431,src-a50859a8c3c2f8e1,tpa-0141c410a042bc,historic_preservation,ARC-26-0000431,2026-08-29,2026-08,preservation_application_created,CREATEDDATE,source_reported_event,0,0,2026-08-23,2026-08,2026-09-01,2026-09,2026-09-01,2026-09,2,1,Awaiting Client Reply,Architectural Review Commission - Certificate of Appropriateness,Architectural Review Commission - Certificate of Appropriateness,2109 Bayshore Blvd,Historic Hyde Park,https://aca-prod.accela.com/TAMPA/Cap/CapDetail.aspx?Module=Planning&TabName=Planning&capID1=26CAP&capID2=00000&capID3=026LU&agencyCode=TAMPA
rec-4a1b4d480b8ae665,HISTORIC_PRESERVATION|NATIVE|BLC-26-0000042,src-011b33175bd700d7,tpa-42c47b162d632c,historic_preservation,BLC-26-0000042,2026-08-29,2026-08,preservation_application_created,CREATEDDATE,source_reported_event,0,0,2026-08-23,2026-08,2026-09-01,2026-09,2026-09-01,2026-09,2,1,Awaiting Client Reply,Barrio Latino Commission - Certificate of Appropriateness,Barrio Latino Commission - Certificate of Appropriateness,2606 E 10th Ave,Historic East Ybor and Gary,https://aca-prod.accela.com/TAMPA/Cap/CapDetail.aspx?Module=Planning&TabName=Planning&capID1=25CAP&capID2=00000&capID3=02WKC&agencyCode=TAMPA
rec-4ad8639c8ae8c26f,HISTORIC_PRESERVATION|NATIVE|BLC-26-0000041,src-44cd03ad45c64336,tpa-17b4e0975cc173,historic_preservation,BLC-26-0000041,2026-08-29,2026-08,preservation_application_created,CREATEDDATE,source_reported_event,0,0,2026-08-23,2026-08,2026-09-01,2026-09,2026-09-01,2026-09,2,1,Awaiting Client Reply,Barrio Latino Commission - Certificate of Appropriateness,Barrio Latino Commission - Certificate of Appropriateness,2610 E 10th Ave,Historic East Ybor and Gary,https://aca-prod.accela.com/TAMPA/Cap/CapDetail.aspx?Module=Planning&TabName=Planning&capID1=25CAP&capID2=00000&capID3=02WCM&agencyCode=TAMPA
rec-4c5b4eda9feb1fd8,HISTORIC_PRESERVATION|NATIVE|ARC-26-0000439,src-4527759be8827ab2,tpa-929ce04d33dac2,historic_preservation,ARC-26-0000439,2026-08-21,2026-08,preservation_application_created,CREATEDDATE,source_reported_event,0,0,2026-08-23,2026-08,2026-08-23,2026-08,2026-08-23,2026-08,1,0,Open,Architectural Review Commission - Certificate of Appropriateness,Architectural Review Commission - Certificate of Appropriateness,3014 N Jefferson St,Tampa Heights,https://aca-prod.accela.com/TAMPA/Cap/CapDetail.aspx?Module=Planning&TabName=Planning&capID1=26CAP&capID2=00000&capID3=028BK&agencyCode=TAMPA
rec-4e894e01c8c1aaa6,HISTORIC_PRESERVATION|NATIVE|ARC-26-0000375,src-491f17a7528544dd,tpa-961a3f82f4dde1,historic_preservation,ARC-26-0000375,2026-08-29,2026-08,preservation_application_created,CREATEDDATE,source_reported_event,0,0,2026-08-23,2026-08,2026-09-01,2026-09,2026-09-01,2026-09,2,1,In Process,Architectural Review Commission - Recommendation,Architectural Review Commission - Recommendation,1302 W Swann Ave,Hyde Park Preservation,https://aca-prod.accela.com/TAMPA/Cap/CapDetail.aspx?Module=Planning&TabName=Planning&capID1=26CAP&capID2=00000&capID3=01XN0&agencyCode=TAMPA
rec-5175322b69f3d41b,HISTORIC_PRESERVATION|NATIVE|ARC-26-0000295,src-3e4568ca1525e31a,tpa-b4cb983a507074,historic_preservation,ARC-26-0000295,2026-08-29,2026-08,preservation_application_created,CREATEDDATE,source_reported_event,0,0,2026-08-23,2026-08,2026-09-01,2026-09,2026-09-01,2026-09,2,1,Awaiting Client Reply,Architectural Review Commission - Certificate of Appropriateness,Architectural Review Commission - Certificate of Appropriateness,828 S Willow Ave,Hyde Park Preservation,https://aca-prod.accela.com/TAMPA/Cap/CapDetail.aspx?Module=Planning&TabName=Planning&capID1=26CAP&capID2=00000&capID3=00RSC&agencyCode=TAMPA
rec-530a779bffcc736f,HISTORIC_PRESERVATION|NATIVE|ARC-25-0000375,src-48c6336aec3ab743,tpa-610e9cb1bbcfdd,historic_preservation,ARC-25-0000375,2026-08-29,2026-08,preservation_application_created,CREATEDDATE,source_reported_event,0,0,2026-08-23,2026-08,2026-09-01,2026-09,2026-09-01,2026-09,2,1,Awaiting Client Reply,Architectural Review Commission - Certificate of Appropriateness,Architectural Review Commission - Certificate of Appropriateness,1005 Bayshore Blvd,Hyde Park Preservation,https://aca-prod.accela.com/TAMPA/Cap/CapDetail.aspx?Module=Planning&TabName=Planning&capID1=25CAP&capID2=00000&capID3=00XTI&agencyCode=TAMPA
rec-554b13517d6f9e74,HISTORIC_PRESERVATION|NATIVE|ARC-26-0000228,src-066c41538ed9ed20,tpa-fed216b3dcd3c3,historic_preservation,ARC-26-0000228,2026-08-29,2026-08,preservation_application_created,CREATEDDATE,source_reported_event,0,0,2026-08-23,2026-08,2026-09-01,2026-09,2026-09-01,2026-09,2,1,Awaiting Client Reply,Architectural Review Commission - Certificate of Appropriateness,Architectural Review Commission - Certificate of Appropriateness,1702 W Watrous Ave,Historic Hyde Park,https://aca-prod.accela.com/TAMPA/Cap/CapDetail.aspx?Module=Planning&TabName=Planning&capID1=26CAP&capID2=00000&capID3=00J59&agencyCode=TAMPA
rec-56014016ed969b2a,HISTORIC_PRESERVATION|NATIVE|ARC-22-0000291,src-4bef24598a955965,tpa-4418a61142f894,historic_preservation,ARC-22-0000291,2026-08-29,2026-08,preservation_application_created,CREATEDDATE,source_reported_event,0,0,2026-08-23,2026-08,2026-09-01,2026-09,2026-09-01,2026-09,2,1,Awaiting Client Reply,Architectural Review Commission - Certificate of Appropriateness,Architectural Review Commission - Certificate of Appropriateness,808 S Boulevard,Hyde Park Preservation,https://aca-prod.accela.com/TAMPA/Cap/CapDetail.aspx?Module=Planning&TabName=Planning&capID1=22CAP&capID2=00000&capID3=00MFY&agencyCode=TAMPA
rec-56ed5f2ead32bd3b,HISTORIC_PRESERVATION|NATIVE|ARCTAX-26-0000002,src-3c017eb4d4aa8699,tpa-f3a8aceec6dfbe,historic_preservation,ARCTAX-26-0000002,2026-08-29,2026-08,preservation_application_created,CREATEDDATE,source_reported_event,0,0,2026-08-23,2026-08,2026-09-01,2026-09,2026-09-01,2026-09,2,1,In Process,Architectural Review Commission Tax - Post Rehabilitation,Architectural Review Commission Tax - Post Rehabilitation,905 N Florida Ave,Downtown River Arts,https://aca-prod.accela.com/TAMPA/Cap/CapDetail.aspx?Module=Planning&TabName=Planning&capID1=26CAP&capID2=00000&capID3=00CB6&agencyCode=TAMPA
rec-57589e092d12e444,HISTORIC_PRESERVATION|NATIVE|BLC-26-0000185,src-25f543f6ad498be4,tpa-a10550ff3fbb96,historic_preservation,BLC-26-0000185,2026-08-29,2026-08,preservation_application_created,CREATEDDATE,source_reported_event,0,0,2026-08-23,2026-08,2026-09-01,2026-09,2026-09-01,2026-09,2,1,In Process,Barrio Latino Commission - Certificate of Appropriateness,Barrio Latino Commission - Certificate of Appropriateness,1722 E 3rd Ave,Historic Ybor,https://aca-prod.accela.com/TAMPA/Cap/CapDetail.aspx?Module=Planning&TabName=Planning&capID1=26CAP&capID2=00000&capID3=026QK&agencyCode=TAMPA
rec-58b669d0c0b5985a,HISTORIC_PRESERVATION|NATIVE|ARC-21-0000235,src-c5bfa0dff4de0aa0,tpa-f3ff72ee6ca098,historic_preservation,ARC-21-0000235,2026-08-29,2026-08,preservation_application_created,CREATEDDATE,source_reported_event,0,0,2026-08-23,2026-08,2026-09-01,2026-09,2026-09-01,2026-09,2,1,Awaiting Client Reply,Architectural Review Commission - Certificate of Appropriateness,Architectural Review Commission - Certificate of Appropriateness,716 S Newport Ave,Hyde Park Preservation,https://aca-prod.accela.com/TAMPA/Cap/CapDetail.aspx?Module=Planning&TabName=Planning&capID1=21CAP&capID2=00000&capID3=00DDH&agencyCode=TAMPA
rec-598febe20d33cf3f,HISTORIC_PRESERVATION|NATIVE|ARC-23-0000161,src-3403c1cc04625610,tpa-4b5f7ee22584ba,historic_preservation,ARC-23-0000161,2026-08-29,2026-08,preservation_application_created,CREATEDDATE,source_reported_event,0,0,2026-08-23,2026-08,2026-09-01,2026-09,2026-09-01,2026-09,2,1,Awaiting Client Reply,Architectural Review Commission - Certificate of Appropriateness,Architectural Review Commission - Certificate of Appropriateness,501 E Sparkman Ave,Tampa Heights,https://aca-prod.accela.com/TAMPA/Cap/CapDetail.aspx?Module=Planning&TabName=Planning&capID1=23CAP&capID2=00000&capID3=008N1&agencyCode=TAMPA
rec-5f4204918806f872,HISTORIC_PRESERVATION|NATIVE|ARC-25-0000473,src-7da0fe33c4441e62,tpa-3bfc49197b2b7d,historic_preservation,ARC-25-0000473,2026-08-29,2026-08,preservation_application_created,CREATEDDATE,source_reported_event,0,0,2026-08-23,2026-08,2026-09-01,2026-09,2026-09-01,2026-09,2,1,Awaiting Client Reply,Architectural Review Commission - Certificate of Appropriateness,Architectural Review Commission - Certificate of Appropriateness,307 E Idlewild Ave,Old Seminole Heights,https://aca-prod.accela.com/TAMPA/Cap/CapDetail.aspx?Module=Planning&TabName=Planning&capID1=25CAP&capID2=00000&capID3=021M7&agencyCode=TAMPA
rec-5fdd54987a99648d,HISTORIC_PRESERVATION|NATIVE|ARC-25-0000539,src-a7efc0d93fb9772d,tpa-04d03aff6b6867,historic_preservation,ARC-25-0000539,2026-08-29,2026-08,preservation_application_created,CREATEDDATE,source_reported_event,0,0,2026-08-23,2026-08,2026-09-01,2026-09,2026-09-01,2026-09,2,1,Awaiting Client Reply,Architectural Review Commission - Certificate of Appropriateness,Architectural Review Commission - Certificate of Appropriateness,505 E Amelia Ave,Tampa Heights,https://aca-prod.accela.com/TAMPA/Cap/CapDetail.aspx?Module=Planning&TabName=Planning&capID1=25CAP&capID2=00000&capID3=02B5U&agencyCode=TAMPA
rec-6165b3d814056d1f,HISTORIC_PRESERVATION|NATIVE|ARC-26-0000428,src-1cfbf434913dc9cc,tpa-f10affd350a711,historic_preservation,ARC-26-0000428,2026-08-29,2026-08,preservation_application_created,CREATEDDATE,source_reported_event,0,0,2026-08-23,2026-08,2026-09-01,2026-09,2026-09-01,2026-09,2,1,Awaiting Client Reply,Architectural Review Commission - Certificate of Appropriateness,Architectural Review Commission - Certificate of Appropriateness,2810 N Jefferson St,Tampa Heights,https://aca-prod.accela.com/TAMPA/Cap/CapDetail.aspx?Module=Planning&TabName=Planning&capID1=26CAP&capID2=00000&capID3=026HZ&agencyCode=TAMPA
rec-618bbbd50973c27c,HISTORIC_PRESERVATION|NATIVE|ARC-25-0000553,src-03b8902e01743d4b,tpa-dec88f1a2343c4,historic_preservation,ARC-25-0000553,2026-08-29,2026-08,preservation_application_created,CREATEDDATE,source_reported_event,0,0,2026-08-23,2026-08,2026-09-01,2026-09,2026-09-01,2026-09,2,1,Awaiting Client Reply,Architectural Review Commission - Certificate of Appropriateness,Architectural Review Commission - Certificate of Appropriateness,1417 S Howard Ave,Bayshore Gardens,https://aca-prod.accela.com/TAMPA/Cap/CapDetail.aspx?Module=Planning&TabName=Planning&capID1=25CAP&capID2=00000&capID3=02D37&agencyCode=TAMPA
rec-6340f96464b6f83d,HISTORIC_PRESERVATION|NATIVE|ARC-25-0000518,src-9613ced8ea018862,tpa-b77295f132b5e7,historic_preservation,ARC-25-0000518,2026-08-29,2026-08,preservation_application_created,CREATEDDATE,source_reported_event,0,0,2026-08-23,2026-08,2026-09-01,2026-09,2026-09-01,2026-09,2,1,Awaiting Client Reply,Architectural Review Commission - Certificate of Appropriateness,Architectural Review Commission - Certificate of Appropriateness,6418 N 23rd St,Seminole Heights East,https://aca-prod.accela.com/TAMPA/Cap/CapDetail.aspx?Module=Planning&TabName=Planning&capID1=25CAP&capID2=00000&capID3=027XT&agencyCode=TAMPA
rec-682f4f88fe855fe4,HISTORIC_PRESERVATION|NATIVE|BLC-26-0000094,src-6f88dc735993413a,tpa-2e77730749cc46,historic_preservation,BLC-26-0000094,2026-08-29,2026-08,preservation_application_created,CREATEDDATE,source_reported_event,0,0,2026-08-23,2026-08,2026-09-01,2026-09,2026-09-01,2026-09,2,1,Awaiting Client Reply,Barrio Latino Commission - Certificate of Appropriateness,Barrio Latino Commission - Certificate of Appropriateness,2710 E 12th Ave,Historic East Ybor and Gary,https://aca-prod.accela.com/TAMPA/Cap/CapDetail.aspx?Module=Planning&TabName=Planning&capID1=26CAP&capID2=00000&capID3=00EOG&agencyCode=TAMPA
rec-68f811cb3218378d,HISTORIC_PRESERVATION|NATIVE|ARC-21-0000265,src-ed1888fb44f01585,tpa-2d9ebb532bf14b,historic_preservation,ARC-21-0000265,2026-08-29,2026-08,preservation_application_created,CREATEDDATE,source_reported_event,0,0,2026-08-23,2026-08,2026-09-01,2026-09,2026-09-01,2026-09,2,1,Awaiting Client Reply,Architectural Review Commission - Certificate of Appropriateness,Architectural Review Commission - Certificate of Appropriateness,805 S Rome Ave,Historic Hyde Park,https://aca-prod.accela.com/TAMPA/Cap/CapDetail.aspx?Module=Planning&TabName=Planning&capID1=21CAP&capID2=00000&capID3=00GW3&agencyCode=TAMPA
rec-6a481a2a7c6d520f,HISTORIC_PRESERVATION|NATIVE|ARCTAX-26-0000003,src-aca83ae216afcf1c,tpa-b4d288ce277592,historic_preservation,ARCTAX-26-0000003,2026-08-29,2026-08,preservation_application_created,CREATEDDATE,source_reported_event,0,0,2026-08-23,2026-08,2026-09-01,2026-09,2026-09-01,2026-09,2,1,In Process,Architectural Review Commission Tax - Pre Rehabilitation,Architectural Review Commission Tax - Pre Rehabilitation,829 Bayshore Blvd,Hyde Park Preservation,https://aca-prod.accela.com/TAMPA/Cap/CapDetail.aspx?Module=Planning&TabName=Planning&capID1=26CAP&capID2=00000&capID3=00MJZ&agencyCode=TAMPA
rec-6a6a2050405c2967,HISTORIC_PRESERVATION|NATIVE|ARC-26-0000441,src-35786db8badd0275,tpa-ccc3cafd364718,historic_preservation,ARC-26-0000441,2026-08-21,2026-08,preservation_application_created,CREATEDDATE,source_reported_event,0,0,2026-08-23,2026-08,2026-08-23,2026-08,2026-08-23,2026-08,1,0,Awaiting Client Reply,Architectural Review Commission - Certificate of Appropriateness,Architectural Review Commission - Certificate of Appropriateness,2206 N Morgan St,Tampa Heights,https://aca-prod.accela.com/TAMPA/Cap/CapDetail.aspx?Module=Planning&TabName=Planning&capID1=26CAP&capID2=00000&capID3=028RK&agencyCode=TAMPA
rec-6d80539d972bf8e1,HISTORIC_PRESERVATION|NATIVE|BLC-25-0000209,src-9a48bf42e594f6d9,tpa-153fa50dc2c482,historic_preservation,BLC-25-0000209,2026-08-29,2026-08,preservation_application_created,CREATEDDATE,source_reported_event,0,0,2026-08-23,2026-08,2026-09-01,2026-09,2026-09-01,2026-09,2,1,Open,Barrio Latino Commission - Certificate of Appropriateness,Barrio Latino Commission - Certificate of Appropriateness,1910 Adamo Dr,Historic Ybor,https://aca-prod.accela.com/TAMPA/Cap/CapDetail.aspx?Module=Planning&TabName=Planning&capID1=25CAP&capID2=00000&capID3=027QB&agencyCode=TAMPA
rec-6fe7e29b4dad4e40,HISTORIC_PRESERVATION|NATIVE|ARC-25-0000594,src-2cbc834911997be2,tpa-a532314bb76fda,historic_preservation,ARC-25-0000594,2026-08-29,2026-08,preservation_application_created,CREATEDDATE,source_reported_event,0,0,2026-08-23,2026-08,2026-09-01,2026-09,2026-09-01,2026-09,2,1,Awaiting Client Reply,Architectural Review Commission - Certificate of Appropriateness,Architectural Review Commission - Certificate of Appropriateness,307 E Idlewild Ave,Old Seminole Heights,https://aca-prod.accela.com/TAMPA/Cap/CapDetail.aspx?Module=Planning&TabName=Planning&capID1=25CAP&capID2=00000&capID3=02J07&agencyCode=TAMPA
rec-721700ab10812886,HISTORIC_PRESERVATION|NATIVE|ARC-21-0000555,src-f03c49d51dea0226,tpa-934d12fa2784a1,historic_preservation,ARC-21-0000555,2026-08-29,2026-08,preservation_application_created,CREATEDDATE,source_reported_event,0,0,2026-08-23,2026-08,2026-09-01,2026-09,2026-09-01,2026-09,2,1,Awaiting Client Reply,Architectural Review Commission - Certificate of Appropriateness,Architectural Review Commission - Certificate of Appropriateness,307 E Oak Ave,Tampa Heights,https://aca-prod.accela.com/TAMPA/Cap/CapDetail.aspx?Module=Planning&TabName=Planning&capID1=21CAP&capID2=00000&capID3=028FO&agencyCode=TAMPA
rec-73684c50fd808e7d,HISTORIC_PRESERVATION|NATIVE|ARC-26-0000361,src-5d99d5bc750381ac,tpa-2349bf8d286e67,historic_preservation,ARC-26-0000361,2026-08-29,2026-08,preservation_application_created,CREATEDDATE,source_reported_event,0,0,2026-08-23,2026-08,2026-09-01,2026-09,2026-09-01,2026-09,2,1,In Process,Architectural Review Commission - Recommendation,Architectural Review Commission - Recommendation,1350 S Howard Ave,Historic Hyde Park,https://aca-prod.accela.com/TAMPA/Cap/CapDetail.aspx?Module=Planning&TabName=Planning&capID1=26CAP&capID2=00000&capID3=01WLD&agencyCode=TAMPA
rec-73d01de8aae9b8df,HISTORIC_PRESERVATION|NATIVE|ARC-26-0000411,src-c4de886920b7f56e,tpa-3bb6bb32c259e0,historic_preservation,ARC-26-0000411,2026-08-29,2026-08,preservation_application_created,CREATEDDATE,source_reported_event,0,0,2026-08-23,2026-08,2026-09-01,2026-09,2026-09-01,2026-09,2,1,In Process,Architectural Review Commission - Certificate of Appropriateness,Architectural Review Commission - Certificate of Appropriateness,1701 N Franklin St,Tampa Heights,https://aca-prod.accela.com/TAMPA/Cap/CapDetail.aspx?Module=Planning&TabName=Planning&capID1=26CAP&capID2=00000&capID3=022T1&agencyCode=TAMPA
rec-75a350313da117ad,HISTORIC_PRESERVATION|NATIVE|ARC-26-0000416,src-0b756fd8aa266e1c,tpa-59fac3be61a335,historic_preservation,ARC-26-0000416,2026-08-21,2026-08,preservation_application_created,CREATEDDATE,source_reported_event,0,0,2026-08-23,2026-08,2026-08-23,2026-08,2026-08-23,2026-08,1,0,Awaiting Client Reply,Architectural Review Commission - Certificate of Appropriateness,Architectural Review Commission - Certificate of Appropriateness,825 Bayshore Blvd,Hyde Park Preservation,https://aca-prod.accela.com/TAMPA/Cap/CapDetail.aspx?Module=Planning&TabName=Planning&capID1=26CAP&capID2=00000&capID3=023PY&agencyCode=TAMPA
rec-761faadb897f899b,HISTORIC_PRESERVATION|NATIVE|ARC-26-0000352,src-2245bb8804cd3b44,tpa-da303a74e5845e,historic_preservation,ARC-26-0000352,2026-08-29,2026-08,preservation_application_created,CREATEDDATE,source_reported_event,0,0,2026-08-23,2026-08,2026-09-01,2026-09,2026-09-01,2026-09,2,1,In Process,Architectural Review Commission - Certificate of Appropriateness,Architectural Review Commission - Certificate of Appropriateness,401 W Kennedy Blvd,University of Tampa,https://aca-prod.accela.com/TAMPA/Cap/CapDetail.aspx?Module=Planning&TabName=Planning&capID1=26CAP&capID2=00000&capID3=01UYR&agencyCode=TAMPA
rec-76376752b88d40ad,HISTORIC_PRESERVATION|NATIVE|ARC-22-0000224,src-b7589648c95aea78,tpa-224ff231a14628,historic_preservation,ARC-22-0000224,2026-08-29,2026-08,preservation_application_created,CREATEDDATE,source_reported_event,0,0,2026-08-23,2026-08,2026-09-01,2026-09,2026-09-01,2026-09,2,1,Awaiting Client Reply,Architectural Review Commission - Certificate of Appropriateness,Architectural Review Commission - Certificate of Appropriateness,504 E Amelia Ave,Tampa Heights,https://aca-prod.accela.com/TAMPA/Cap/CapDetail.aspx?Module=Planning&TabName=Planning&capID1=22CAP&capID2=00000&capID3=00DLD&agencyCode=TAMPA
rec-76e9d4a9f91ea8a3,HISTORIC_PRESERVATION|NATIVE|BLC-26-0000098,src-e858fc88fd9ec7fc,tpa-992f73809afc8f,historic_preservation,BLC-26-0000098,2026-08-29,2026-08,preservation_application_created,CREATEDDATE,source_reported_event,0,0,2026-08-23,2026-08,2026-09-01,2026-09,2026-09-01,2026-09,2,1,Open,Barrio Latino Commission - Certificate of Appropriateness,Barrio Latino Commission - Certificate of Appropriateness,1910 E 7th Ave,Historic Ybor,https://aca-prod.accela.com/TAMPA/Cap/CapDetail.aspx?Module=Planning&TabName=Planning&capID1=26CAP&capID2=00000&capID3=00FXV&agencyCode=TAMPA
rec-77941d707e0f9ff0,HISTORIC_PRESERVATION|NATIVE|ARC-26-0000388,src-b0ab5e289c3de8c5,tpa-f14f48f7225f3c,historic_preservation,ARC-26-0000388,2026-08-29,2026-08,preservation_application_created,CREATEDDATE,source_reported_event,0,0,2026-08-23,2026-08,2026-09-01,2026-09,2026-09-01,2026-09,2,1,Awaiting Client Reply,Architectural Review Commission - Certificate of Appropriateness,Architectural Review Commission - Certificate of Appropriateness,6008 N Central Ave,Old Seminole Heights,https://aca-prod.accela.com/TAMPA/Cap/CapDetail.aspx?Module=Planning&TabName=Planning&capID1=26CAP&capID2=00000&capID3=01ZKB&agencyCode=TAMPA
rec-79bfa45f433861aa,HISTORIC_PRESERVATION|NATIVE|BLC-26-0000148,src-c5b4f969c541eb7c,tpa-711569470924e3,historic_preservation,BLC-26-0000148,2026-08-29,2026-08,preservation_application_created,CREATEDDATE,source_reported_event,0,0,2026-08-23,2026-08,2026-09-01,2026-09,2026-09-01,2026-09,2,1,In Process,Barrio Latino Commission - Certificate of Appropriateness,Barrio Latino Commission - Certificate of Appropriateness,1611 E 6th Ave,Historic Ybor,https://aca-prod.accela.com/TAMPA/Cap/CapDetail.aspx?Module=Planning&TabName=Planning&capID1=26CAP&capID2=00000&capID3=00VRQ&agencyCode=TAMPA
rec-7bf339edbdd044d7,HISTORIC_PRESERVATION|NATIVE|ARC-26-0000379,src-0a2b11037beb9a92,tpa-e24d026c93c374,historic_preservation,ARC-26-0000379,2026-08-29,2026-08,preservation_application_created,CREATEDDATE,source_reported_event,0,0,2026-08-23,2026-08,2026-09-01,2026-09,2026-09-01,2026-09,2,1,In Process,Architectural Review Commission - Certificate of Appropriateness,Architectural Review Commission - Certificate of Appropriateness,5804 N Cherokee Ave,Old Seminole Heights,https://aca-prod.accela.com/TAMPA/Cap/CapDetail.aspx?Module=Planning&TabName=Planning&capID1=26CAP&capID2=00000&capID3=01XRS&agencyCode=TAMPA
rec-7c4ee50532251d69,HISTORIC_PRESERVATION|NATIVE|ARC-26-0000435,src-0cfeab356477417e,tpa-dfdf00d10f5dbf,historic_preservation,ARC-26-0000435,2026-08-29,2026-08,preservation_application_created,CREATEDDATE,source_reported_event,0,0,2026-08-23,2026-08,2026-09-01,2026-09,2026-09-01,2026-09,2,1,Awaiting Client Reply,Architectural Review Commission - Certificate of Appropriateness,Architectural Review Commission - Certificate of Appropriateness,2810 N Jefferson St,Tampa Heights,https://aca-prod.accela.com/TAMPA/Cap/CapDetail.aspx?Module=Planning&TabName=Planning&capID1=26CAP&capID2=00000&capID3=027FT&agencyCode=TAMPA
rec-7eef1cdeeda66a6e,HISTORIC_PRESERVATION|NATIVE|ARC-26-0000342,src-f995e84132e1e9e4,tpa-68b0fa96871e4e,historic_preservation,ARC-26-0000342,2026-08-29,2026-08,preservation_application_created,CREATEDDATE,source_reported_event,0,0,2026-08-23,2026-08,2026-09-01,2026-09,2026-09-01,2026-09,2,1,In Process,Architectural Review Commission - Certificate of Appropriateness,Architectural Review Commission - Certificate of Appropriateness,851 E Zack St,Tampa Downtown Partnership,https://aca-prod.accela.com/TAMPA/Cap/CapDetail.aspx?Module=Planning&TabName=Planning&capID1=26CAP&capID2=00000&capID3=01SKD&agencyCode=TAMPA
rec-7f17a2cff60f36f1,HISTORIC_PRESERVATION|NATIVE|ARC-22-0000009,src-bb81dcbd72402f10,tpa-24b6d0fe7889ef,historic_preservation,ARC-22-0000009,2026-08-29,2026-08,preservation_application_created,CREATEDDATE,source_reported_event,0,0,2026-08-23,2026-08,2026-09-01,2026-09,2026-09-01,2026-09,2,1,Awaiting Client Reply,Architectural Review Commission - Certificate of Appropriateness,Architectural Review Commission - Certificate of Appropriateness,411 E Palm Ave,Tampa Heights,https://aca-prod.accela.com/TAMPA/Cap/CapDetail.aspx?Module=Planning&TabName=Planning&capID1=21CAP&capID2=00000&capID3=02IE6&agencyCode=TAMPA
rec-809f78b95a38dea8,HISTORIC_PRESERVATION|NATIVE|ARC-25-0000554,src-917ee605f9a7fd00,tpa-e4b99c52daf63f,historic_preservation,ARC-25-0000554,2026-08-29,2026-08,preservation_application_created,CREATEDDATE,source_reported_event,0,0,2026-08-23,2026-08,2026-09-01,2026-09,2026-09-01,2026-09,2,1,Awaiting Client Reply,Architectural Review Commission - Certificate of Appropriateness,Architectural Review Commission - Certificate of Appropriateness,1201 W Swann Ave,Historic Hyde Park,https://aca-prod.accela.com/TAMPA/Cap/CapDetail.aspx?Module=Planning&TabName=Planning&capID1=25CAP&capID2=00000&capID3=02DI2&agencyCode=TAMPA
rec-817adb57805a1135,HISTORIC_PRESERVATION|NATIVE|ARC-25-0000572,src-4aa503df43743bf7,tpa-18606077c52cac,historic_preservation,ARC-25-0000572,2026-08-29,2026-08,preservation_application_created,CREATEDDATE,source_reported_event,0,0,2026-08-23,2026-08,2026-09-01,2026-09,2026-09-01,2026-09,2,1,Awaiting Client Reply,Architectural Review Commission - Certificate of Appropriateness,Architectural Review Commission - Certificate of Appropriateness,810 S Boulevard,Hyde Park Preservation,https://aca-prod.accela.com/TAMPA/Cap/CapDetail.aspx?Module=Planning&TabName=Planning&capID1=25CAP&capID2=00000&capID3=02GOX&agencyCode=TAMPA
rec-82afcc7ea3a24fba,HISTORIC_PRESERVATION|NATIVE|ARC-21-0000425,src-925dc052c14f9b13,tpa-1f2fef7dc728d1,historic_preservation,ARC-21-0000425,2026-08-29,2026-08,preservation_application_created,CREATEDDATE,source_reported_event,0,0,2026-08-23,2026-08,2026-09-01,2026-09,2026-09-01,2026-09,2,1,Awaiting Client Reply,Architectural Review Commission - Certificate of Appropriateness,Architectural Review Commission - Certificate of Appropriateness,1820 W Richardson Pl,Historic Hyde Park,https://aca-prod.accela.com/TAMPA/Cap/CapDetail.aspx?Module=Planning&TabName=Planning&capID1=21CAP&capID2=00000&capID3=01UVY&agencyCode=TAMPA
rec-85f99090eac256dc,HISTORIC_PRESERVATION|NATIVE|BLC-24-0000056,src-c45fb8a394f64150,tpa-21c858cbbf3b63,historic_preservation,BLC-24-0000056,2026-08-29,2026-08,preservation_application_created,CREATEDDATE,source_reported_event,0,0,2026-08-23,2026-08,2026-09-01,2026-09,2026-09-01,2026-09,2,1,In Process,Barrio Latino Commission - Certificate of Appropriateness,Barrio Latino Commission - Certificate of Appropriateness,1301 N 22nd St,Historic East Ybor and Gary,https://aca-prod.accela.com/TAMPA/Cap/CapDetail.aspx?Module=Planning&TabName=Planning&capID1=24CAP&capID2=00000&capID3=002WO&agencyCode=TAMPA
rec-8ee3b81fcf731ebf,HISTORIC_PRESERVATION|NATIVE|BLC-26-0000049,src-bad7d625fcf5a105,tpa-7ccfdf617b7aa8,historic_preservation,BLC-26-0000049,2026-08-29,2026-08,preservation_application_created,CREATEDDATE,source_reported_event,0,0,2026-08-23,2026-08,2026-09-01,2026-09,2026-09-01,2026-09,2,1,Awaiting Client Reply,Barrio Latino Commission - Certificate of Appropriateness,Barrio Latino Commission - Certificate of Appropriateness,1901 E 2nd Ave,Historic Ybor,https://aca-prod.accela.com/TAMPA/Cap/CapDetail.aspx?Module=Planning&TabName=Planning&capID1=25CAP&capID2=00000&capID3=02YX0&agencyCode=TAMPA
rec-8f660275e1d56585,HISTORIC_PRESERVATION|NATIVE|HPC-26-0000016,,,historic_preservation,HPC-26-0000016,2026-08-29,2026-08,preservation_application_created,CREATEDDATE,source_reported_event,0,0,2026-09-01,2026-09,2026-09-01,2026-09,2026-09-01,2026-09,1,1,Open,Historic Preservation - HPC,Historic Preservation - HPC,311 E Ross Ave,Tampa Heights,https://aca-prod.accela.com/TAMPA/Cap/CapDetail.aspx?Module=Planning&TabName=Planning&capID1=26CAP&capID2=00000&capID3=02ACA&agencyCode=TAMPA
rec-92a8622f1540f175,HISTORIC_PRESERVATION|NATIVE|ARC-26-0000086,src-46e5053c0b33c381,tpa-4f9fa14b9c771b,historic_preservation,ARC-26-0000086,2026-08-29,2026-08,preservation_application_created,CREATEDDATE,source_reported_event,0,0,2026-08-23,2026-08,2026-09-01,2026-09,2026-09-01,2026-09,2,1,In Process,Architectural Review Commission - Certificate of Appropriateness,Architectural Review Commission - Certificate of Appropriateness,511 E Palm Ave,Tampa Heights,https://aca-prod.accela.com/TAMPA/Cap/CapDetail.aspx?Module=Planning&TabName=Planning&capID1=25CAP&capID2=00000&capID3=02WRJ&agencyCode=TAMPA
rec-940a1622fe320904,HISTORIC_PRESERVATION|NATIVE|BLC-25-0000219,src-cd30774102cd816a,tpa-367c0f7fa18383,historic_preservation,BLC-25-0000219,2026-08-29,2026-08,preservation_application_created,CREATEDDATE,source_reported_event,0,0,2026-08-23,2026-08,2026-09-01,2026-09,2026-09-01,2026-09,2,1,Awaiting Client Reply,Barrio Latino Commission - Certificate of Appropriateness,Barrio Latino Commission - Certificate of Appropriateness,1704 E 15th Ave,North Ybor,https://aca-prod.accela.com/TAMPA/Cap/CapDetail.aspx?Module=Planning&TabName=Planning&capID1=25CAP&capID2=00000&capID3=0299I&agencyCode=TAMPA
rec-9498c7e796096bab,HISTORIC_PRESERVATION|NATIVE|BLC-26-0000043,src-a8a4df350a4e0c31,tpa-9b38979057a7f2,historic_preservation,BLC-26-0000043,2026-08-29,2026-08,preservation_application_created,CREATEDDATE,source_reported_event,0,0,2026-08-23,2026-08,2026-09-01,2026-09,2026-09-01,2026-09,2,1,Awaiting Client Reply,Barrio Latino Commission - Certificate of Appropriateness,Barrio Latino Commission - Certificate of Appropriateness,2612 E 10th Ave,Historic East Ybor and Gary,https://aca-prod.accela.com/TAMPA/Cap/CapDetail.aspx?Module=Planning&TabName=Planning&capID1=25CAP&capID2=00000&capID3=02WKR&agencyCode=TAMPA
rec-961c9c289eb4cb21,HISTORIC_PRESERVATION|NATIVE|ARC-25-0000485,src-f1e7e844dd9699ed,tpa-0327126a9019f2,historic_preservation,ARC-25-0000485,2026-08-29,2026-08,preservation_application_created,CREATEDDATE,source_reported_event,0,0,2026-08-23,2026-08,2026-09-01,2026-09,2026-09-01,2026-09,2,1,Open,Architectural Review Commission - Certificate of Appropriateness,Architectural Review Commission - Certificate of Appropriateness,2908 N Central Ave,Tampa Heights,https://aca-prod.accela.com/TAMPA/Cap/CapDetail.aspx?Module=Planning&TabName=Planning&capID1=25CAP&capID2=00000&capID3=022ZT&agencyCode=TAMPA
rec-98d020ec028be0c0,HISTORIC_PRESERVATION|NATIVE|ARC-26-0000422,src-5b9e2b6da4411957,tpa-3865b3eab45b8e,historic_preservation,ARC-26-0000422,2026-08-29,2026-08,preservation_application_created,CREATEDDATE,source_reported_event,0,0,2026-08-23,2026-08,2026-09-01,2026-09,2026-09-01,2026-09,2,1,In Process,Architectural Review Commission - Certificate of Appropriateness,Architectural Review Commission - Certificate of Appropriateness,721 S Boulevard,Hyde Park Preservation,https://aca-prod.accela.com/TAMPA/Cap/CapDetail.aspx?Module=Planning&TabName=Planning&capID1=26CAP&capID2=00000&capID3=025GB&agencyCode=TAMPA
rec-9ae17ff59f1cdbb0,HISTORIC_PRESERVATION|NATIVE|ARC-26-0000417,src-e7eb7ae176690f30,tpa-f4fc4caabb9eac,historic_preservation,ARC-26-0000417,2026-08-21,2026-08,preservation_application_created,CREATEDDATE,source_reported_event,0,0,2026-08-23,2026-08,2026-08-23,2026-08,2026-08-23,2026-08,1,0,Awaiting Client Reply,Architectural Review Commission - Certificate of Appropriateness,Architectural Review Commission - Certificate of Appropriateness,2706 N Jefferson St,Tampa Heights,https://aca-prod.accela.com/TAMPA/Cap/CapDetail.aspx?Module=Planning&TabName=Planning&capID1=26CAP&capID2=00000&capID3=023S7&agencyCode=TAMPA
rec-9c2db82f8484a934,HISTORIC_PRESERVATION|NATIVE|ARC-26-0000191,src-3bb3941a0afe8e9a,tpa-4478ca70f1bd7b,historic_preservation,ARC-26-0000191,2026-08-29,2026-08,preservation_application_created,CREATEDDATE,source_reported_event,0,0,2026-08-23,2026-08,2026-09-01,2026-09,2026-09-01,2026-09,2,1,Awaiting Client Reply,Architectural Review Commission - Certificate of Appropriateness,Architectural Review Commission - Certificate of Appropriateness,5209 N Branch Ave,Old Seminole Heights,https://aca-prod.accela.com/TAMPA/Cap/CapDetail.aspx?Module=Planning&TabName=Planning&capID1=26CAP&capID2=00000&capID3=00CZE&agencyCode=TAMPA
rec-9c7e7116793b3d54,HISTORIC_PRESERVATION|NATIVE|ARC-26-0000451,,,historic_preservation,ARC-26-0000451,2026-08-29,2026-08,preservation_application_created,CREATEDDATE,source_reported_event,0,0,2026-09-01,2026-09,2026-09-01,2026-09,2026-09-01,2026-09,1,1,Open,Architectural Review Commission - Certificate of Appropriateness,Architectural Review Commission - Certificate of Appropriateness,1934 W Union St,Old West Tampa,https://aca-prod.accela.com/TAMPA/Cap/CapDetail.aspx?Module=Planning&TabName=Planning&capID1=26CAP&capID2=00000&capID3=02BIP&agencyCode=TAMPA
rec-9f21bde8928fac4b,HISTORIC_PRESERVATION|NATIVE|ARC-24-0000114,src-80f40c2c24857b32,tpa-0d7f0646e899c7,historic_preservation,ARC-24-0000114,2026-08-29,2026-08,preservation_application_created,CREATEDDATE,source_reported_event,0,0,2026-08-23,2026-08,2026-09-01,2026-09,2026-09-01,2026-09,2,1,Awaiting Client Reply,Architectural Review Commission - Certificate of Appropriateness,Architectural Review Commission - Certificate of Appropriateness,618 S Willow Ave,Historic Hyde Park,https://aca-prod.accela.com/TAMPA/Cap/CapDetail.aspx?Module=Planning&TabName=Planning&capID1=24CAP&capID2=00000&capID3=001P9&agencyCode=TAMPA
rec-9fae0e89113758e1,HISTORIC_PRESERVATION|NATIVE|ARC-22-0000178,src-877c5fc96ecfa140,tpa-37c38cb61b78ee,historic_preservation,ARC-22-0000178,2026-08-29,2026-08,preservation_application_created,CREATEDDATE,source_reported_event,0,0,2026-08-23,2026-08,2026-09-01,2026-09,2026-09-01,2026-09,2,1,Awaiting Client Reply,Architectural Review Commission - Certificate of Appropriateness,Architectural Review Commission - Certificate of Appropriateness,5509 N Miami Ave,Old Seminole Heights,https://aca-prod.accela.com/TAMPA/Cap/CapDetail.aspx?Module=Planning&TabName=Planning&capID1=22CAP&capID2=00000&capID3=007S1&agencyCode=TAMPA
rec-a0341b33c0a06177,HISTORIC_PRESERVATION|NATIVE|ARC-26-0000449,,,historic_preservation,ARC-26-0000449,2026-08-29,2026-08,preservation_application_created,CREATEDDATE,source_reported_event,0,0,2026-09-01,2026-09,2026-09-01,2026-09,2026-09-01,2026-09,1,1,Open,Architectural Review Commission - Certificate of Appropriateness,Architectural Review Commission - Certificate of Appropriateness,706 S Bungalow Ter,Historic Hyde Park,https://aca-prod.accela.com/TAMPA/Cap/CapDetail.aspx?Module=Planning&TabName=Planning&capID1=26CAP&capID2=00000&capID3=02AGS&agencyCode=TAMPA
rec-a3bea75e1faee1a3,HISTORIC_PRESERVATION|NATIVE|BLC-24-0000090,src-221198163d63a716,tpa-6590bda1053318,historic_preservation,BLC-24-0000090,2026-08-29,2026-08,preservation_application_created,CREATEDDATE,source_reported_event,0,0,2026-08-23,2026-08,2026-09-01,2026-09,2026-09-01,2026-09,2,1,Awaiting Client Reply,Barrio Latino Commission - Certificate of Appropriateness,Barrio Latino Commission - Certificate of Appropriateness,2216 E 10th Ave,Historic East Ybor and Gary,https://aca-prod.accela.com/TAMPA/Cap/CapDetail.aspx?Module=Planning&TabName=Planning&capID1=24CAP&capID2=00000&capID3=00H4W&agencyCode=TAMPA
rec-a3db60315caa4f01,HISTORIC_PRESERVATION|NATIVE|ARC-26-0000063,src-a2d5f1378c4925a9,tpa-d6afc9398588c9,historic_preservation,ARC-26-0000063,2026-08-29,2026-08,preservation_application_created,CREATEDDATE,source_reported_event,0,0,2026-08-23,2026-08,2026-09-01,2026-09,2026-09-01,2026-09,2,1,Awaiting Client Reply,Architectural Review Commission - Certificate of Appropriateness,Architectural Review Commission - Certificate of Appropriateness,5708 N Central Ave,Old Seminole Heights,https://aca-prod.accela.com/TAMPA/Cap/CapDetail.aspx?Module=Planning&TabName=Planning&capID1=25CAP&capID2=00000&capID3=02SWN&agencyCode=TAMPA
rec-a5e6290fc9062eda,HISTORIC_PRESERVATION|NATIVE|ARC-25-0000280,src-ccee827256c59552,tpa-2acb9388070738,historic_preservation,ARC-25-0000280,2026-08-29,2026-08,preservation_application_created,CREATEDDATE,source_reported_event,0,0,2026-08-23,2026-08,2026-09-01,2026-09,2026-09-01,2026-09,2,1,Awaiting Client Reply,Architectural Review Commission - Certificate of Appropriateness,Architectural Review Commission - Certificate of Appropriateness,504 E Giddens Ave,Old Seminole Heights,https://aca-prod.accela.com/TAMPA/Cap/CapDetail.aspx?Module=Planning&TabName=Planning&capID1=25CAP&capID2=00000&capID3=00NIK&agencyCode=TAMPA
rec-a8cf79e6ff0d46d1,HISTORIC_PRESERVATION|NATIVE|ARC-26-0000378,src-689683f7e96caa88,tpa-54c06655f88b84,historic_preservation,ARC-26-0000378,2026-08-29,2026-08,preservation_application_created,CREATEDDATE,source_reported_event,0,0,2026-08-23,2026-08,2026-09-01,2026-09,2026-09-01,2026-09,2,1,In Process,Architectural Review Commission - Certificate of Appropriateness,Architectural Review Commission - Certificate of Appropriateness,719 S Boulevard,Hyde Park Preservation,https://aca-prod.accela.com/TAMPA/Cap/CapDetail.aspx?Module=Planning&TabName=Planning&capID1=26CAP&capID2=00000&capID3=01XR8&agencyCode=TAMPA
rec-a90c48e6c88e8188,HISTORIC_PRESERVATION|NATIVE|ARC-25-0000382,src-814e8117710df296,tpa-bf31a767f518fd,historic_preservation,ARC-25-0000382,2026-08-29,2026-08,preservation_application_created,CREATEDDATE,source_reported_event,0,0,2026-08-23,2026-08,2026-09-01,2026-09,2026-09-01,2026-09,2,1,Awaiting Client Reply,Architectural Review Commission - Certificate of Appropriateness,Architectural Review Commission - Certificate of Appropriateness,5912 N Branch Ave,Old Seminole Heights,https://aca-prod.accela.com/TAMPA/Cap/CapDetail.aspx?Module=Planning&TabName=Planning&capID1=25CAP&capID2=00000&capID3=00YFX&agencyCode=TAMPA
rec-aa2308059326c41e,HISTORIC_PRESERVATION|NATIVE|BLC-26-0000133,src-441a2624d809e160,tpa-c765dfb087fcc5,historic_preservation,BLC-26-0000133,2026-08-29,2026-08,preservation_application_created,CREATEDDATE,source_reported_event,0,0,2026-08-23,2026-08,2026-09-01,2026-09,2026-09-01,2026-09,2,1,Awaiting Client Reply,Barrio Latino Commission - Certificate of Appropriateness,Barrio Latino Commission - Certificate of Appropriateness,1304 N 17th St,Historic Ybor,https://aca-prod.accela.com/TAMPA/Cap/CapDetail.aspx?Module=Planning&TabName=Planning&capID1=26CAP&capID2=00000&capID3=00RYV&agencyCode=TAMPA
rec-ac2e4782495ede43,HISTORIC_PRESERVATION|NATIVE|ARC-23-0000069,src-67c236b5cb2d9dd2,tpa-4a03b42072c268,historic_preservation,ARC-23-0000069,2026-08-29,2026-08,preservation_application_created,CREATEDDATE,source_reported_event,0,0,2026-08-23,2026-08,2026-09-01,2026-09,2026-09-01,2026-09,2,1,Awaiting Client Reply,Architectural Review Commission - Certificate of Appropriateness,Architectural Review Commission - Certificate of Appropriateness,410 E Forest Ave,Tampa Heights,https://aca-prod.accela.com/TAMPA/Cap/CapDetail.aspx?Module=Planning&TabName=Planning&capID1=22CAP&capID2=00000&capID3=02PI3&agencyCode=TAMPA
rec-acf24f77eaa6b831,HISTORIC_PRESERVATION|NATIVE|BLC-26-0000134,src-0a1364c78bb9c787,tpa-4c4090bce59fba,historic_preservation,BLC-26-0000134,2026-08-29,2026-08,preservation_application_created,CREATEDDATE,source_reported_event,0,0,2026-08-23,2026-08,2026-09-01,2026-09,2026-09-01,2026-09,2,1,In Process,Barrio Latino Commission - Recommendation,Barrio Latino Commission - Recommendation,1701 E 2nd Ave,Historic Ybor,https://aca-prod.accela.com/TAMPA/Cap/CapDetail.aspx?Module=Planning&TabName=Planning&capID1=26CAP&capID2=00000&capID3=00SIG&agencyCode=TAMPA
rec-ad9f5e9f0c09d2e1,HISTORIC_PRESERVATION|NATIVE|ARC-26-0000271,src-9cfcef485232a710,tpa-3a91a25f248d04,historic_preservation,ARC-26-0000271,2026-08-29,2026-08,preservation_application_created,CREATEDDATE,source_reported_event,0,0,2026-08-23,2026-08,2026-09-01,2026-09,2026-09-01,2026-09,2,1,In Process,Architectural Review Commission - Certificate of Appropriateness,Architectural Review Commission - Certificate of Appropriateness,2712 N Jefferson St,Tampa Heights,https://aca-prod.accela.com/TAMPA/Cap/CapDetail.aspx?Module=Planning&TabName=Planning&capID1=26CAP&capID2=00000&capID3=00OGQ&agencyCode=TAMPA
rec-aee08135f1206abd,HISTORIC_PRESERVATION|NATIVE|ARC-26-0000060,src-60e18775838c6741,tpa-534da392213b99,historic_preservation,ARC-26-0000060,2026-08-29,2026-08,preservation_application_created,CREATEDDATE,source_reported_event,0,0,2026-08-23,2026-08,2026-09-01,2026-09,2026-09-01,2026-09,2,1,Awaiting Client Reply,Architectural Review Commission - Certificate of Appropriateness,Architectural Review Commission - Certificate of Appropriateness,1401 Nance Ave,Historic Hyde Park,https://aca-prod.accela.com/TAMPA/Cap/CapDetail.aspx?Module=Planning&TabName=Planning&capID1=25CAP&capID2=00000&capID3=02SNB&agencyCode=TAMPA
rec-b3012410bd007288,HISTORIC_PRESERVATION|NATIVE|ARC-26-0000423,src-490eae11ab450186,tpa-8cda42a6fecd9b,historic_preservation,ARC-26-0000423,2026-08-29,2026-08,preservation_application_created,CREATEDDATE,source_reported_event,0,0,2026-08-23,2026-08,2026-09-01,2026-09,2026-09-01,2026-09,2,1,Open,Architectural Review Commission - Certificate of Appropriateness,Architectural Review Commission - Certificate of Appropriateness,5508 N Branch Ave,Old Seminole Heights,https://aca-prod.accela.com/TAMPA/Cap/CapDetail.aspx?Module=Planning&TabName=Planning&capID1=26CAP&capID2=00000&capID3=025NA&agencyCode=TAMPA
rec-b81491f4405d9123,HISTORIC_PRESERVATION|NATIVE|BLC-25-0000028,src-5b7909f5444c54cc,tpa-02f6ebaca44453,historic_preservation,BLC-25-0000028,2026-08-29,2026-08,preservation_application_created,CREATEDDATE,source_reported_event,0,0,2026-08-23,2026-08,2026-09-01,2026-09,2026-09-01,2026-09,2,1,In Process,Barrio Latino Commission - Recommendation,Barrio Latino Commission - Recommendation,2602 E 4th Ave,Historic East Ybor and Gary,https://aca-prod.accela.com/TAMPA/Cap/CapDetail.aspx?Module=Planning&TabName=Planning&capID1=24CAP&capID2=00000&capID3=02Q34&agencyCode=TAMPA
rec-b8bfa72fb865535f,HISTORIC_PRESERVATION|NATIVE|ARC-26-0000067,src-8f58204e997568be,tpa-c27a89d9805d08,historic_preservation,ARC-26-0000067,2026-08-29,2026-08,preservation_application_created,CREATEDDATE,source_reported_event,0,0,2026-08-23,2026-08,2026-09-01,2026-09,2026-09-01,2026-09,2,1,Awaiting Client Reply,Architectural Review Commission - Certificate of Appropriateness,Architectural Review Commission - Certificate of Appropriateness,1810 W Watrous Ave,Historic Hyde Park,https://aca-prod.accela.com/TAMPA/Cap/CapDetail.aspx?Module=Planning&TabName=Planning&capID1=25CAP&capID2=00000&capID3=02TBJ&agencyCode=TAMPA
rec-bc14325868f266f3,HISTORIC_PRESERVATION|NATIVE|ARC-23-0000155,src-d74e8cf70eb488ab,tpa-2216a6f9ee2e06,historic_preservation,ARC-23-0000155,2026-08-29,2026-08,preservation_application_created,CREATEDDATE,source_reported_event,0,0,2026-08-23,2026-08,2026-09-01,2026-09,2026-09-01,2026-09,2,1,Awaiting Client Reply,Architectural Review Commission - Certificate of Appropriateness,Architectural Review Commission - Certificate of Appropriateness,612 S Willow Ave,Historic Hyde Park,https://aca-prod.accela.com/TAMPA/Cap/CapDetail.aspx?Module=Planning&TabName=Planning&capID1=23CAP&capID2=00000&capID3=008C8&agencyCode=TAMPA
rec-bcf6dc4ef182b1bd,HISTORIC_PRESERVATION|NATIVE|ARC-26-0000453,,,historic_preservation,ARC-26-0000453,2026-08-29,2026-08,preservation_application_created,CREATEDDATE,source_reported_event,0,0,2026-09-01,2026-09,2026-09-01,2026-09,2026-09-01,2026-09,1,1,Awaiting Client Reply,Architectural Review Commission - Certificate of Appropriateness,Architectural Review Commission - Certificate of Appropriateness,2213 E 3rd Ave,Historic East Ybor and Gary,https://aca-prod.accela.com/TAMPA/Cap/CapDetail.aspx?Module=Planning&TabName=Planning&capID1=26CAP&capID2=00000&capID3=02BVC&agencyCode=TAMPA
rec-beaf895dce3ef08f,HISTORIC_PRESERVATION|NATIVE|ARC-26-0000425,src-f57704db7b9bc72e,tpa-d17f16ea142a67,historic_preservation,ARC-26-0000425,2026-08-21,2026-08,preservation_application_created,CREATEDDATE,source_reported_event,0,0,2026-08-23,2026-08,2026-08-23,2026-08,2026-08-23,2026-08,1,0,Awaiting Client Reply,Architectural Review Commission - Certificate of Appropriateness,Architectural Review Commission - Certificate of Appropriateness,1701 W Watrous Ave,Historic Hyde Park,https://aca-prod.accela.com/TAMPA/Cap/CapDetail.aspx?Module=Planning&TabName=Planning&capID1=26CAP&capID2=00000&capID3=025U0&agencyCode=TAMPA
rec-bec9510ba3dabfba,HISTORIC_PRESERVATION|NATIVE|ARC-26-0000415,src-d9ae3508beaaed24,tpa-59d7fb07562dd9,historic_preservation,ARC-26-0000415,2026-08-29,2026-08,preservation_application_created,CREATEDDATE,source_reported_event,0,0,2026-08-23,2026-08,2026-09-01,2026-09,2026-09-01,2026-09,2,1,Awaiting Client Reply,Architectural Review Commission - Certificate of Appropriateness,Architectural Review Commission - Certificate of Appropriateness,306 S Plant Ave,Hyde Park Spanishtown Creek,https://aca-prod.accela.com/TAMPA/Cap/CapDetail.aspx?Module=Planning&TabName=Planning&capID1=26CAP&capID2=00000&capID3=023CL&agencyCode=TAMPA
rec-befd2e363ba9744f,HISTORIC_PRESERVATION|NATIVE|ARC-21-0000405,src-9cdb2b1f2d0a2b2b,tpa-7d8e8d678cd8b6,historic_preservation,ARC-21-0000405,2026-08-29,2026-08,preservation_application_created,CREATEDDATE,source_reported_event,0,0,2026-08-23,2026-08,2026-09-01,2026-09,2026-09-01,2026-09,2,1,Awaiting Client Reply,Architectural Review Commission - Certificate of Appropriateness,Architectural Review Commission - Certificate of Appropriateness,307 E Oak Ave,Tampa Heights,https://aca-prod.accela.com/TAMPA/Cap/CapDetail.aspx?Module=Planning&TabName=Planning&capID1=21CAP&capID2=00000&capID3=01SFX&agencyCode=TAMPA
rec-c1cf424e50168d7e,HISTORIC_PRESERVATION|NATIVE|ARC-26-0000384,src-f9d0db7cdf9c0b1c,tpa-660737d9e6182d,historic_preservation,ARC-26-0000384,2026-08-29,2026-08,preservation_application_created,CREATEDDATE,source_reported_event,0,0,2026-08-23,2026-08,2026-09-01,2026-09,2026-09-01,2026-09,2,1,In Process,Architectural Review Commission - Certificate of Appropriateness,Architectural Review Commission - Certificate of Appropriateness,1502 Nance Ave,Historic Hyde Park,https://aca-prod.accela.com/TAMPA/Cap/CapDetail.aspx?Module=Planning&TabName=Planning&capID1=26CAP&capID2=00000&capID3=01YKH&agencyCode=TAMPA
rec-c21c8f38ac101204,HISTORIC_PRESERVATION|NATIVE|ARC-26-0000426,src-c5a53247fe7ea638,tpa-66b9d16679f9c4,historic_preservation,ARC-26-0000426,2026-08-29,2026-08,preservation_application_created,CREATEDDATE,source_reported_event,0,0,2026-08-23,2026-08,2026-09-01,2026-09,2026-09-01,2026-09,2,1,Awaiting Client Reply,Architectural Review Commission - Certificate of Appropriateness,Architectural Review Commission - Certificate of Appropriateness,2103 W Watrous Ave,Historic Hyde Park,https://aca-prod.accela.com/TAMPA/Cap/CapDetail.aspx?Module=Planning&TabName=Planning&capID1=26CAP&capID2=00000&capID3=0262S&agencyCode=TAMPA
rec-c27c5639298e8355,HISTORIC_PRESERVATION|NATIVE|ARC-26-0000421,src-8496b2891cdda469,tpa-b50f4b160a53ca,historic_preservation,ARC-26-0000421,2026-08-21,2026-08,preservation_application_created,CREATEDDATE,source_reported_event,0,0,2026-08-23,2026-08,2026-08-23,2026-08,2026-08-23,2026-08,1,0,Open,Architectural Review Commission - Certificate of Appropriateness,Architectural Review Commission - Certificate of Appropriateness,850 S Willow Ave,Hyde Park Preservation,https://aca-prod.accela.com/TAMPA/Cap/CapDetail.aspx?Module=Planning&TabName=Planning&capID1=26CAP&capID2=00000&capID3=0252B&agencyCode=TAMPA
rec-c2db7e950d18d501,HISTORIC_PRESERVATION|NATIVE|ARC-26-0000367,src-2e37883d6396fc7b,tpa-ef519e1153647d,historic_preservation,ARC-26-0000367,2026-08-29,2026-08,preservation_application_created,CREATEDDATE,source_reported_event,0,0,2026-08-23,2026-08,2026-09-01,2026-09,2026-09-01,2026-09,2,1,Awaiting Client Reply,Architectural Review Commission - Certificate of Appropriateness,Architectural Review Commission - Certificate of Appropriateness,1107 S Fremont Ave,Historic Hyde Park,https://aca-prod.accela.com/TAMPA/Cap/CapDetail.aspx?Module=Planning&TabName=Planning&capID1=26CAP&capID2=00000&capID3=01XAN&agencyCode=TAMPA
rec-c4299574ae842a61,HISTORIC_PRESERVATION|NATIVE|ARC-26-0000022,src-30dea0a1a739cb36,tpa-ad3db252af0fad,historic_preservation,ARC-26-0000022,2026-08-29,2026-08,preservation_application_created,CREATEDDATE,source_reported_event,0,0,2026-08-23,2026-08,2026-09-01,2026-09,2026-09-01,2026-09,2,1,Awaiting Client Reply,Architectural Review Commission - Certificate of Appropriateness,Architectural Review Commission - Certificate of Appropriateness,2809 N Central Ave,Tampa Heights,https://aca-prod.accela.com/TAMPA/Cap/CapDetail.aspx?Module=Planning&TabName=Planning&capID1=25CAP&capID2=00000&capID3=02MVZ&agencyCode=TAMPA
rec-c4aaa69d7aa6c1f8,HISTORIC_PRESERVATION|NATIVE|BLC-24-0000170,src-097ede336ca94dc8,tpa-8d1a9a0b75d2a5,historic_preservation,BLC-24-0000170,2026-08-29,2026-08,preservation_application_created,CREATEDDATE,source_reported_event,0,0,2026-08-23,2026-08,2026-09-01,2026-09,2026-09-01,2026-09,2,1,In Process,Barrio Latino Commission - Certificate of Appropriateness,Barrio Latino Commission - Certificate of Appropriateness,1820 E 7th Ave,Historic Ybor,https://aca-prod.accela.com/TAMPA/Cap/CapDetail.aspx?Module=Planning&TabName=Planning&capID1=24CAP&capID2=00000&capID3=01XGT&agencyCode=TAMPA
rec-c4dea65a39ec586b,HISTORIC_PRESERVATION|NATIVE|ARC-25-0000272,src-1832a59af5dbc485,tpa-0b81bbded39d48,historic_preservation,ARC-25-0000272,2026-08-29,2026-08,preservation_application_created,CREATEDDATE,source_reported_event,0,0,2026-08-23,2026-08,2026-09-01,2026-09,2026-09-01,2026-09,2,1,Awaiting Client Reply,Architectural Review Commission - Certificate of Appropriateness,Architectural Review Commission - Certificate of Appropriateness,725 S Brevard Ave,Hyde Park Preservation,https://aca-prod.accela.com/TAMPA/Cap/CapDetail.aspx?Module=Planning&TabName=Planning&capID1=25CAP&capID2=00000&capID3=00MT3&agencyCode=TAMPA
rec-c4ea35f78f57bc8e,HISTORIC_PRESERVATION|NATIVE|BLC-26-0000164,src-49b751cc18475af8,tpa-8144c32c90887c,historic_preservation,BLC-26-0000164,2026-08-29,2026-08,preservation_application_created,CREATEDDATE,source_reported_event,0,0,2026-08-23,2026-08,2026-09-01,2026-09,2026-09-01,2026-09,2,1,In Process,Barrio Latino Commission - Recommendation,Barrio Latino Commission - Recommendation,1301 E Columbus Dr,VM Ybor,https://aca-prod.accela.com/TAMPA/Cap/CapDetail.aspx?Module=Planning&TabName=Planning&capID1=26CAP&capID2=00000&capID3=01W99&agencyCode=TAMPA
rec-cb894bc3178f4b5a,HISTORIC_PRESERVATION|NATIVE|ARC-26-0000450,,,historic_preservation,ARC-26-0000450,2026-08-29,2026-08,preservation_application_created,CREATEDDATE,source_reported_event,0,0,2026-09-01,2026-09,2026-09-01,2026-09,2026-09-01,2026-09,1,1,Open,Architectural Review Commission - Certificate of Appropriateness,Architectural Review Commission - Certificate of Appropriateness,2810 N Jefferson St,Tampa Heights,https://aca-prod.accela.com/TAMPA/Cap/CapDetail.aspx?Module=Planning&TabName=Planning&capID1=26CAP&capID2=00000&capID3=02B4U&agencyCode=TAMPA
rec-cb9851fb5a301905,HISTORIC_PRESERVATION|NATIVE|ARC-26-0000288,src-89f1da3fe8ae8e17,tpa-5ca2f2c0515107,historic_preservation,ARC-26-0000288,2026-08-29,2026-08,preservation_application_created,CREATEDDATE,source_reported_event,0,0,2026-08-23,2026-08,2026-09-01,2026-09,2026-09-01,2026-09,2,1,In Process,Architectural Review Commission - Certificate of Appropriateness,Architectural Review Commission - Certificate of Appropriateness,407 E Palm Ave,Tampa Heights,https://aca-prod.accela.com/TAMPA/Cap/CapDetail.aspx?Module=Planning&TabName=Planning&capID1=26CAP&capID2=00000&capID3=00R0L&agencyCode=TAMPA
rec-cdb6c65d655e415d,HISTORIC_PRESERVATION|NATIVE|ARC-26-0000442,,,historic_preservation,ARC-26-0000442,2026-08-29,2026-08,preservation_application_created,CREATEDDATE,source_reported_event,0,0,2026-09-01,2026-09,2026-09-01,2026-09,2026-09-01,2026-09,1,1,In Process,Architectural Review Commission - Certificate of Appropriateness,Architectural Review Commission - Certificate of Appropriateness,522 N Howard Ave,North Hyde Park,https://aca-prod.accela.com/TAMPA/Cap/CapDetail.aspx?Module=Planning&TabName=Planning&capID1=26CAP&capID2=00000&capID3=0295M&agencyCode=TAMPA
rec-ceff373de362d171,HISTORIC_PRESERVATION|NATIVE|ARC-25-0000412,src-5701fb1ba2698e74,tpa-f135d665791971,historic_preservation,ARC-25-0000412,2026-08-29,2026-08,preservation_application_created,CREATEDDATE,source_reported_event,0,0,2026-08-23,2026-08,2026-09-01,2026-09,2026-09-01,2026-09,2,1,Awaiting Client Reply,Architectural Review Commission - Certificate of Appropriateness,Architectural Review Commission - Certificate of Appropriateness,726 S Oregon Ave,Hyde Park Preservation,https://aca-prod.accela.com/TAMPA/Cap/CapDetail.aspx?Module=Planning&TabName=Planning&capID1=25CAP&capID2=00000&capID3=01UYK&agencyCode=TAMPA
rec-cf22635271bf1632,HISTORIC_PRESERVATION|NATIVE|BLC-26-0000141,src-34b5cd770ece34fd,tpa-649a969e7cc555,historic_preservation,BLC-26-0000141,2026-08-29,2026-08,preservation_application_created,CREATEDDATE,source_reported_event,0,0,2026-08-23,2026-08,2026-09-01,2026-09,2026-09-01,2026-09,2,1,Awaiting Client Reply,Barrio Latino Commission - Certificate of Appropriateness,Barrio Latino Commission - Certificate of Appropriateness,1811 E 5th Ave,Historic Ybor,https://aca-prod.accela.com/TAMPA/Cap/CapDetail.aspx?Module=Planning&TabName=Planning&capID1=26CAP&capID2=00000&capID3=00U7A&agencyCode=TAMPA
rec-cfbe32145efce183,HISTORIC_PRESERVATION|NATIVE|ARC-26-0000110,src-4f6d0e5d4d2ed366,tpa-4ddb8393a62c5b,historic_preservation,ARC-26-0000110,2026-08-29,2026-08,preservation_application_created,CREATEDDATE,source_reported_event,0,0,2026-08-23,2026-08,2026-09-01,2026-09,2026-09-01,2026-09,2,1,Awaiting Client Reply,Architectural Review Commission - Certificate of Appropriateness,Architectural Review Commission - Certificate of Appropriateness,1302 W Swann Ave,Hyde Park Preservation,https://aca-prod.accela.com/TAMPA/Cap/CapDetail.aspx?Module=Planning&TabName=Planning&capID1=26CAP&capID2=00000&capID3=001FB&agencyCode=TAMPA
rec-d08b3f75a5fd899a,HISTORIC_PRESERVATION|NATIVE|BLC-24-0000121,src-052f169a3b7f645c,tpa-53e3fd26f15e0a,historic_preservation,BLC-24-0000121,2026-08-29,2026-08,preservation_application_created,CREATEDDATE,source_reported_event,0,0,2026-08-23,2026-08,2026-09-01,2026-09,2026-09-01,2026-09,2,1,In Process,Barrio Latino Commission - Certificate of Appropriateness,Barrio Latino Commission - Certificate of Appropriateness,2205 E 3rd Ave,Historic East Ybor and Gary,https://aca-prod.accela.com/TAMPA/Cap/CapDetail.aspx?Module=Planning&TabName=Planning&capID1=24CAP&capID2=00000&capID3=00R7Q&agencyCode=TAMPA
rec-d161e638712fbb0f,HISTORIC_PRESERVATION|NATIVE|BLC-26-0000071,src-bcf546e881a8331b,tpa-86e1033f70731c,historic_preservation,BLC-26-0000071,2026-08-29,2026-08,preservation_application_created,CREATEDDATE,source_reported_event,0,0,2026-08-23,2026-08,2026-09-01,2026-09,2026-09-01,2026-09,2,1,Awaiting Client Reply,Barrio Latino Commission - Certificate of Appropriateness,Barrio Latino Commission - Certificate of Appropriateness,1022 E 12th Ave,Historic Ybor,https://aca-prod.accela.com/TAMPA/Cap/CapDetail.aspx?Module=Planning&TabName=Planning&capID1=26CAP&capID2=00000&capID3=0052P&agencyCode=TAMPA
rec-d2ef2d137ac1065f,HISTORIC_PRESERVATION|NATIVE|ARC-26-0000256,src-7d09702029ad5ced,tpa-d217048d3644db,historic_preservation,ARC-26-0000256,2026-08-29,2026-08,preservation_application_created,CREATEDDATE,source_reported_event,0,0,2026-08-23,2026-08,2026-09-01,2026-09,2026-09-01,2026-09,2,1,Awaiting Client Reply,Architectural Review Commission - Certificate of Appropriateness,Architectural Review Commission - Certificate of Appropriateness,5610 N Seminole Ave,Old Seminole Heights,https://aca-prod.accela.com/TAMPA/Cap/CapDetail.aspx?Module=Planning&TabName=Planning&capID1=26CAP&capID2=00000&capID3=00M10&agencyCode=TAMPA
rec-d423f9a6fd4b9278,HISTORIC_PRESERVATION|NATIVE|BLC-24-0000147,src-166569b27ca98699,tpa-e1fd2fad750c8d,historic_preservation,BLC-24-0000147,2026-08-29,2026-08,preservation_application_created,CREATEDDATE,source_reported_event,0,0,2026-08-23,2026-08,2026-09-01,2026-09,2026-09-01,2026-09,2,1,Awaiting Client Reply,Barrio Latino Commission - Certificate of Appropriateness,Barrio Latino Commission - Certificate of Appropriateness,2318 E 12th Ave,Historic East Ybor and Gary,https://aca-prod.accela.com/TAMPA/Cap/CapDetail.aspx?Module=Planning&TabName=Planning&capID1=24CAP&capID2=00000&capID3=00X54&agencyCode=TAMPA
rec-d45a86efc3596bd0,HISTORIC_PRESERVATION|NATIVE|ARC-26-0000452,,,historic_preservation,ARC-26-0000452,2026-08-29,2026-08,preservation_application_created,CREATEDDATE,source_reported_event,0,0,2026-09-01,2026-09,2026-09-01,2026-09,2026-09-01,2026-09,1,1,Open,Architectural Review Commission - Certificate of Appropriateness,Architectural Review Commission - Certificate of Appropriateness,821 S Willow Ave,Hyde Park Preservation,https://aca-prod.accela.com/TAMPA/Cap/CapDetail.aspx?Module=Planning&TabName=Planning&capID1=26CAP&capID2=00000&capID3=02BKX&agencyCode=TAMPA
rec-d4672ec05f3d5a5a,HISTORIC_PRESERVATION|NATIVE|BLC-26-0000187,src-47f60711af21e0b0,tpa-dee4252b1639ed,historic_preservation,BLC-26-0000187,2026-08-29,2026-08,preservation_application_created,CREATEDDATE,source_reported_event,0,0,2026-08-23,2026-08,2026-09-01,2026-09,2026-09-01,2026-09,2,1,Awaiting Client Reply,Barrio Latino Commission - Certificate of Appropriateness,Barrio Latino Commission - Certificate of Appropriateness,2914 N 10th St,VM Ybor,https://aca-prod.accela.com/TAMPA/Cap/CapDetail.aspx?Module=Planning&TabName=Planning&capID1=26CAP&capID2=00000&capID3=028N8&agencyCode=TAMPA
rec-d5dd26a2c4bcae98,HISTORIC_PRESERVATION|NATIVE|ARC-26-0000362,src-a73ae706aaed6aad,tpa-50abd503d46f71,historic_preservation,ARC-26-0000362,2026-08-29,2026-08,preservation_application_created,CREATEDDATE,source_reported_event,0,0,2026-08-23,2026-08,2026-09-01,2026-09,2026-09-01,2026-09,2,1,In Process,Architectural Review Commission - Certificate of Appropriateness,Architectural Review Commission - Certificate of Appropriateness,2804 N Central Ct,Tampa Heights,https://aca-prod.accela.com/TAMPA/Cap/CapDetail.aspx?Module=Planning&TabName=Planning&capID1=26CAP&capID2=00000&capID3=01WLV&agencyCode=TAMPA
rec-d68ae5d1f93df449,HISTORIC_PRESERVATION|NATIVE|BLC-26-0000160,src-6f9d9fc835b31742,tpa-36da6d5b0cf0e4,historic_preservation,BLC-26-0000160,2026-08-29,2026-08,preservation_application_created,CREATEDDATE,source_reported_event,0,0,2026-08-23,2026-08,2026-09-01,2026-09,2026-09-01,2026-09,2,1,In Process,Barrio Latino Commission - Certificate of Appropriateness,Barrio Latino Commission - Certificate of Appropriateness,930 E 11th Ave,Historic Ybor,https://aca-prod.accela.com/TAMPA/Cap/CapDetail.aspx?Module=Planning&TabName=Planning&capID1=26CAP&capID2=00000&capID3=01VJQ&agencyCode=TAMPA
rec-d6c500c8ba1d0dcd,HISTORIC_PRESERVATION|NATIVE|ARC-25-0000589,src-0a7712864f3452ad,tpa-5eca4a137431be,historic_preservation,ARC-25-0000589,2026-08-29,2026-08,preservation_application_created,CREATEDDATE,source_reported_event,0,0,2026-08-23,2026-08,2026-09-01,2026-09,2026-09-01,2026-09,2,1,Awaiting Client Reply,Architectural Review Commission - Certificate of Appropriateness,Architectural Review Commission - Certificate of Appropriateness,1713 W Hills Ave,Historic Hyde Park,https://aca-prod.accela.com/TAMPA/Cap/CapDetail.aspx?Module=Planning&TabName=Planning&capID1=25CAP&capID2=00000&capID3=02IG7&agencyCode=TAMPA
rec-d77e0f58fef37f72,HISTORIC_PRESERVATION|NATIVE|BLC-23-0000191,src-4fbdd0a5114c5ba3,tpa-d07b453294f49e,historic_preservation,BLC-23-0000191,2026-08-29,2026-08,preservation_application_created,CREATEDDATE,source_reported_event,0,0,2026-08-23,2026-08,2026-09-01,2026-09,2026-09-01,2026-09,2,1,In Process,Barrio Latino Commission - Certificate of Appropriateness,Barrio Latino Commission - Certificate of Appropriateness,1601 E 7th Ave,Historic Ybor,https://aca-prod.accela.com/TAMPA/Cap/CapDetail.aspx?Module=Planning&TabName=Planning&capID1=23CAP&capID2=00000&capID3=02GVX&agencyCode=TAMPA
rec-d9600b2d583494f5,HISTORIC_PRESERVATION|NATIVE|BLC-26-0000092,src-a91db22d91129f05,tpa-79b6b1f76b5cc4,historic_preservation,BLC-26-0000092,2026-08-29,2026-08,preservation_application_created,CREATEDDATE,source_reported_event,0,0,2026-08-23,2026-08,2026-09-01,2026-09,2026-09-01,2026-09,2,1,In Process,Barrio Latino Commission - Recommendation,Barrio Latino Commission - Recommendation,2301 E 7th Ave,Historic East Ybor and Gary,https://aca-prod.accela.com/TAMPA/Cap/CapDetail.aspx?Module=Planning&TabName=Planning&capID1=26CAP&capID2=00000&capID3=00E1S&agencyCode=TAMPA
rec-d9c639c9e59e6387,HISTORIC_PRESERVATION|NATIVE|ARC-26-0000346,src-0a4a7ec4ccacb4af,tpa-bc023e1ddc2c84,historic_preservation,ARC-26-0000346,2026-08-29,2026-08,preservation_application_created,CREATEDDATE,source_reported_event,0,0,2026-08-23,2026-08,2026-09-01,2026-09,2026-09-01,2026-09,2,1,In Process,Architectural Review Commission - Certificate of Appropriateness,Architectural Review Commission - Certificate of Appropriateness,1807 W Jetton Ave,Historic Hyde Park,https://aca-prod.accela.com/TAMPA/Cap/CapDetail.aspx?Module=Planning&TabName=Planning&capID1=26CAP&capID2=00000&capID3=01T79&agencyCode=TAMPA
rec-daeba8346164577b,HISTORIC_PRESERVATION|NATIVE|ARC-24-0000427,src-942c5bdc3352926c,tpa-e090286d4bc37c,historic_preservation,ARC-24-0000427,2026-08-29,2026-08,preservation_application_created,CREATEDDATE,source_reported_event,0,0,2026-08-23,2026-08,2026-09-01,2026-09,2026-09-01,2026-09,2,1,In Process,Architectural Review Commission - Recommendation,Architectural Review Commission - Recommendation,509 S Hyde Park Ave,Hyde Park Spanishtown Creek,https://aca-prod.accela.com/TAMPA/Cap/CapDetail.aspx?Module=Planning&TabName=Planning&capID1=24CAP&capID2=00000&capID3=02EZU&agencyCode=TAMPA
rec-dc946cfdcdba175c,HISTORIC_PRESERVATION|NATIVE|ARCTAX-26-0000004,src-eb5e5f48781f1d39,tpa-5c54cc463a8540,historic_preservation,ARCTAX-26-0000004,2026-08-29,2026-08,preservation_application_created,CREATEDDATE,source_reported_event,0,0,2026-08-23,2026-08,2026-09-01,2026-09,2026-09-01,2026-09,2,1,In Process,Architectural Review Commission Tax - Post Rehabilitation,Architectural Review Commission Tax - Post Rehabilitation,909 S Dakota Ave,Hyde Park Preservation,https://aca-prod.accela.com/TAMPA/Cap/CapDetail.aspx?Module=Planning&TabName=Planning&capID1=26CAP&capID2=00000&capID3=01VWG&agencyCode=TAMPA
rec-dcfa63f89c5b3ab6,HISTORIC_PRESERVATION|NATIVE|ARC-24-0000368,src-141b85a2a82cad42,tpa-58ec833d5cb001,historic_preservation,ARC-24-0000368,2026-08-29,2026-08,preservation_application_created,CREATEDDATE,source_reported_event,0,0,2026-08-23,2026-08,2026-09-01,2026-09,2026-09-01,2026-09,2,1,Awaiting Client Reply,Architectural Review Commission - Certificate of Appropriateness,Architectural Review Commission - Certificate of Appropriateness,1905 N Florida Ave,Tampa Heights,https://aca-prod.accela.com/TAMPA/Cap/CapDetail.aspx?Module=Planning&TabName=Planning&capID1=24CAP&capID2=00000&capID3=022RS&agencyCode=TAMPA
rec-ddfb27249cda534c,HISTORIC_PRESERVATION|NATIVE|ARC-26-0000436,src-bf7714d537db4fc8,tpa-54a7e9851da5ff,historic_preservation,ARC-26-0000436,2026-08-29,2026-08,preservation_application_created,CREATEDDATE,source_reported_event,0,0,2026-08-23,2026-08,2026-09-01,2026-09,2026-09-01,2026-09,2,1,In Process,Architectural Review Commission - Certificate of Appropriateness,Architectural Review Commission - Certificate of Appropriateness,207 E Ross Ave,Tampa Heights,https://aca-prod.accela.com/TAMPA/Cap/CapDetail.aspx?Module=Planning&TabName=Planning&capID1=26CAP&capID2=00000&capID3=027MI&agencyCode=TAMPA
rec-dea7f3f4d83a1a6e,HISTORIC_PRESERVATION|NATIVE|ARC-26-0000306,src-60fef39743c3f1d1,tpa-8c410ea1138277,historic_preservation,ARC-26-0000306,2026-08-21,2026-08,preservation_application_created,CREATEDDATE,source_reported_event,0,0,2026-08-23,2026-08,2026-08-23,2026-08,2026-08-23,2026-08,1,0,In Process,Architectural Review Commission - Certificate of Appropriateness,Architectural Review Commission - Certificate of Appropriateness,1410 S De Soto Ave,Historic Hyde Park,https://aca-prod.accela.com/TAMPA/Cap/CapDetail.aspx?Module=Planning&TabName=Planning&capID1=26CAP&capID2=00000&capID3=00SPD&agencyCode=TAMPA
rec-dec01ba7fda6c6a2,HISTORIC_PRESERVATION|NATIVE|BLC-26-0000162,src-b9fe21bab2a2b718,tpa-2e1a9e4f257d5d,historic_preservation,BLC-26-0000162,2026-08-29,2026-08,preservation_application_created,CREATEDDATE,source_reported_event,0,0,2026-08-23,2026-08,2026-09-01,2026-09,2026-09-01,2026-09,2,1,In Process,Barrio Latino Commission - Recommendation,Barrio Latino Commission - Recommendation,2706 N 12th St,VM Ybor,https://aca-prod.accela.com/TAMPA/Cap/CapDetail.aspx?Module=Planning&TabName=Planning&capID1=26CAP&capID2=00000&capID3=01VZS&agencyCode=TAMPA
rec-decd3dd00d0976d0,HISTORIC_PRESERVATION|NATIVE|ARC-26-0000077,src-46d348edbd683d45,tpa-df7a7549e18e7f,historic_preservation,ARC-26-0000077,2026-08-29,2026-08,preservation_application_created,CREATEDDATE,source_reported_event,0,0,2026-08-23,2026-08,2026-09-01,2026-09,2026-09-01,2026-09,2,1,Awaiting Client Reply,Architectural Review Commission - Certificate of Appropriateness,Architectural Review Commission - Certificate of Appropriateness,716 S Packwood Ave,Historic Hyde Park,https://aca-prod.accela.com/TAMPA/Cap/CapDetail.aspx?Module=Planning&TabName=Planning&capID1=25CAP&capID2=00000&capID3=02V8T&agencyCode=TAMPA
rec-dfa3cdd608a2bb2f,HISTORIC_PRESERVATION|NATIVE|ARC-26-0000137,src-c2ef5f8b9c2205ae,tpa-7f40b0efda3caf,historic_preservation,ARC-26-0000137,2026-08-29,2026-08,preservation_application_created,CREATEDDATE,source_reported_event,0,0,2026-08-23,2026-08,2026-09-01,2026-09,2026-09-01,2026-09,2,1,Awaiting Client Reply,Architectural Review Commission - Certificate of Appropriateness,Architectural Review Commission - Certificate of Appropriateness,1004 S Dakota Ave,Hyde Park Preservation,https://aca-prod.accela.com/TAMPA/Cap/CapDetail.aspx?Module=Planning&TabName=Planning&capID1=26CAP&capID2=00000&capID3=0048O&agencyCode=TAMPA
rec-e051a0fda9da9687,HISTORIC_PRESERVATION|NATIVE|BLC-26-0000074,src-c4b5ccadb74d9c52,tpa-b82f578485eb58,historic_preservation,BLC-26-0000074,2026-08-29,2026-08,preservation_application_created,CREATEDDATE,source_reported_event,0,0,2026-08-23,2026-08,2026-09-01,2026-09,2026-09-01,2026-09,2,1,Awaiting Client Reply,Barrio Latino Commission - Certificate of Appropriateness,Barrio Latino Commission - Certificate of Appropriateness,1715 E 4th Ave,Historic Ybor,https://aca-prod.accela.com/TAMPA/Cap/CapDetail.aspx?Module=Planning&TabName=Planning&capID1=26CAP&capID2=00000&capID3=0073X&agencyCode=TAMPA
rec-e0943f3965960c53,HISTORIC_PRESERVATION|NATIVE|BLC-26-0000173,src-8b13ea6a9fd5c125,tpa-8ca352f7f52422,historic_preservation,BLC-26-0000173,2026-08-29,2026-08,preservation_application_created,CREATEDDATE,source_reported_event,0,0,2026-08-23,2026-08,2026-09-01,2026-09,2026-09-01,2026-09,2,1,In Process,Barrio Latino Commission - Recommendation,Barrio Latino Commission - Recommendation,1728 E 2nd Ave,Historic Ybor,https://aca-prod.accela.com/TAMPA/Cap/CapDetail.aspx?Module=Planning&TabName=Planning&capID1=26CAP&capID2=00000&capID3=01ZWS&agencyCode=TAMPA
rec-e22da46133903151,HISTORIC_PRESERVATION|NATIVE|BLC-24-0000219,src-db48b6e1c7c60db0,tpa-3e01c9e3411875,historic_preservation,BLC-24-0000219,2026-08-29,2026-08,preservation_application_created,CREATEDDATE,source_reported_event,0,0,2026-08-23,2026-08,2026-09-01,2026-09,2026-09-01,2026-09,2,1,In Process,Barrio Latino Commission - Certificate of Appropriateness,Barrio Latino Commission - Certificate of Appropriateness,1701 E 2nd Ave,Historic Ybor,https://aca-prod.accela.com/TAMPA/Cap/CapDetail.aspx?Module=Planning&TabName=Planning&capID1=24CAP&capID2=00000&capID3=02FQC&agencyCode=TAMPA
rec-e22fb415e89e9ea5,HISTORIC_PRESERVATION|NATIVE|BLC-26-0000115,src-e326f826194e988c,tpa-3ecae58d749f8d,historic_preservation,BLC-26-0000115,2026-08-29,2026-08,preservation_application_created,CREATEDDATE,source_reported_event,0,0,2026-08-23,2026-08,2026-09-01,2026-09,2026-09-01,2026-09,2,1,In Process,Barrio Latino Commission - Certificate of Appropriateness,Barrio Latino Commission - Certificate of Appropriateness,1402 N 15th St,Historic Ybor,https://aca-prod.accela.com/TAMPA/Cap/CapDetail.aspx?Module=Planning&TabName=Planning&capID1=26CAP&capID2=00000&capID3=00K6N&agencyCode=TAMPA
rec-e2f40a0646bb08d0,HISTORIC_PRESERVATION|NATIVE|ARC-23-0000202,src-c73fc539f16cdb2c,tpa-078d8483d36238,historic_preservation,ARC-23-0000202,2026-08-29,2026-08,preservation_application_created,CREATEDDATE,source_reported_event,0,0,2026-08-23,2026-08,2026-09-01,2026-09,2026-09-01,2026-09,2,1,Awaiting Client Reply,Architectural Review Commission - Certificate of Appropriateness,Architectural Review Commission - Certificate of Appropriateness,505 E Palm Ave,Tampa Heights,https://aca-prod.accela.com/TAMPA/Cap/CapDetail.aspx?Module=Planning&TabName=Planning&capID1=23CAP&capID2=00000&capID3=00EWJ&agencyCode=TAMPA
rec-e548c3247231c776,HISTORIC_PRESERVATION|NATIVE|BLC-26-0000180,src-c4154c77c54ffa5b,tpa-3f2c2f029f95c0,historic_preservation,BLC-26-0000180,2026-08-29,2026-08,preservation_application_created,CREATEDDATE,source_reported_event,0,0,2026-08-23,2026-08,2026-09-01,2026-09,2026-09-01,2026-09,2,1,In Process,Barrio Latino Commission - Certificate of Appropriateness,Barrio Latino Commission - Certificate of Appropriateness,1704 E 3rd Ave,Historic Ybor,https://aca-prod.accela.com/TAMPA/Cap/CapDetail.aspx?Module=Planning&TabName=Planning&capID1=26CAP&capID2=00000&capID3=023YY&agencyCode=TAMPA
rec-e7460afe6eb0fc06,HISTORIC_PRESERVATION|NATIVE|ARC-26-0000218,src-599b32b9f1bac4fb,tpa-e1e1ae39758bb8,historic_preservation,ARC-26-0000218,2026-08-29,2026-08,preservation_application_created,CREATEDDATE,source_reported_event,0,0,2026-08-23,2026-08,2026-09-01,2026-09,2026-09-01,2026-09,2,1,In Process,Architectural Review Commission - Certificate of Appropriateness,Architectural Review Commission - Certificate of Appropriateness,306 S Plant Ave,Hyde Park Spanishtown Creek,https://aca-prod.accela.com/TAMPA/Cap/CapDetail.aspx?Module=Planning&TabName=Planning&capID1=26CAP&capID2=00000&capID3=00HY8&agencyCode=TAMPA
rec-ec471a006787c9ec,HISTORIC_PRESERVATION|NATIVE|ARC-26-0000443,,,historic_preservation,ARC-26-0000443,2026-08-29,2026-08,preservation_application_created,CREATEDDATE,source_reported_event,0,0,2026-09-01,2026-09,2026-09-01,2026-09,2026-09-01,2026-09,1,1,Awaiting Client Reply,Architectural Review Commission - Certificate of Appropriateness,Architectural Review Commission - Certificate of Appropriateness,605 S Delaware Ave,Historic Hyde Park,https://aca-prod.accela.com/TAMPA/Cap/CapDetail.aspx?Module=Planning&TabName=Planning&capID1=26CAP&capID2=00000&capID3=0295W&agencyCode=TAMPA
rec-edd3882c23b9f688,HISTORIC_PRESERVATION|NATIVE|ARC-26-0000293,src-fab9c5da5ad254ad,tpa-968481e6b211a8,historic_preservation,ARC-26-0000293,2026-08-29,2026-08,preservation_application_created,CREATEDDATE,source_reported_event,0,0,2026-08-23,2026-08,2026-09-01,2026-09,2026-09-01,2026-09,2,1,In Process,Architectural Review Commission - Recommendation,Architectural Review Commission - Recommendation,210 W Beach Pl,Hyde Park Spanishtown Creek,https://aca-prod.accela.com/TAMPA/Cap/CapDetail.aspx?Module=Planning&TabName=Planning&capID1=26CAP&capID2=00000&capID3=00RNB&agencyCode=TAMPA
rec-efd35fed901feb3e,HISTORIC_PRESERVATION|NATIVE|BLC-26-0000132,src-b2109b1f7cde13f0,tpa-400caf4e6a98be,historic_preservation,BLC-26-0000132,2026-08-29,2026-08,preservation_application_created,CREATEDDATE,source_reported_event,0,0,2026-08-23,2026-08,2026-09-01,2026-09,2026-09-01,2026-09,2,1,In Process,Barrio Latino Commission - Certificate of Appropriateness,Barrio Latino Commission - Certificate of Appropriateness,2905 N 11th St,VM Ybor,https://aca-prod.accela.com/TAMPA/Cap/CapDetail.aspx?Module=Planning&TabName=Planning&capID1=26CAP&capID2=00000&capID3=00RUW&agencyCode=TAMPA
rec-f0d1e2f4fc6df3b6,HISTORIC_PRESERVATION|NATIVE|BLC-26-0000172,src-ae59c4baf5ae3323,tpa-a409a9b4ff36b3,historic_preservation,BLC-26-0000172,2026-08-29,2026-08,preservation_application_created,CREATEDDATE,source_reported_event,0,0,2026-08-23,2026-08,2026-09-01,2026-09,2026-09-01,2026-09,2,1,Awaiting Client Reply,Barrio Latino Commission - Certificate of Appropriateness,Barrio Latino Commission - Certificate of Appropriateness,1701 E 5th Ave,Historic Ybor,https://aca-prod.accela.com/TAMPA/Cap/CapDetail.aspx?Module=Planning&TabName=Planning&capID1=26CAP&capID2=00000&capID3=01ZR7&agencyCode=TAMPA
rec-f24ad6d586612ed2,HISTORIC_PRESERVATION|NATIVE|ARC-26-0000095,src-bd86acc900dc58c8,tpa-6e2c947c9ce782,historic_preservation,ARC-26-0000095,2026-08-29,2026-08,preservation_application_created,CREATEDDATE,source_reported_event,0,0,2026-08-23,2026-08,2026-09-01,2026-09,2026-09-01,2026-09,2,1,Open,Architectural Review Commission - Certificate of Appropriateness,Architectural Review Commission - Certificate of Appropriateness,5601 N Taliaferro Ave,Old Seminole Heights,https://aca-prod.accela.com/TAMPA/Cap/CapDetail.aspx?Module=Planning&TabName=Planning&capID1=25CAP&capID2=00000&capID3=02Y5L&agencyCode=TAMPA
rec-f41c3a8c4451e8e3,HISTORIC_PRESERVATION|NATIVE|ARC-23-0000156,src-61fc2bf546ca0281,tpa-bc78aad4ee2edd,historic_preservation,ARC-23-0000156,2026-08-29,2026-08,preservation_application_created,CREATEDDATE,source_reported_event,0,0,2026-08-23,2026-08,2026-09-01,2026-09,2026-09-01,2026-09,2,1,Awaiting Client Reply,Architectural Review Commission - Certificate of Appropriateness,Architectural Review Commission - Certificate of Appropriateness,5506 N Suwanee Ave,Old Seminole Heights,https://aca-prod.accela.com/TAMPA/Cap/CapDetail.aspx?Module=Planning&TabName=Planning&capID1=23CAP&capID2=00000&capID3=008HT&agencyCode=TAMPA
rec-f4755a4984468fd3,HISTORIC_PRESERVATION|NATIVE|ARC-26-0000195,src-74952d0dcc11dade,tpa-23352231124e46,historic_preservation,ARC-26-0000195,2026-08-29,2026-08,preservation_application_created,CREATEDDATE,source_reported_event,0,0,2026-08-23,2026-08,2026-09-01,2026-09,2026-09-01,2026-09,2,1,Awaiting Client Reply,Architectural Review Commission - Certificate of Appropriateness,Architectural Review Commission - Certificate of Appropriateness,3008 N Morgan St,Tampa Heights,https://aca-prod.accela.com/TAMPA/Cap/CapDetail.aspx?Module=Planning&TabName=Planning&capID1=26CAP&capID2=00000&capID3=00E70&agencyCode=TAMPA
rec-f67d00e75612e1b0,HISTORIC_PRESERVATION|NATIVE|BLC-26-0000126,src-aec71486dff0d139,tpa-5cf371f089cd88,historic_preservation,BLC-26-0000126,2026-08-29,2026-08,preservation_application_created,CREATEDDATE,source_reported_event,0,0,2026-08-23,2026-08,2026-09-01,2026-09,2026-09-01,2026-09,2,1,Awaiting Client Reply,Barrio Latino Commission - Certificate of Appropriateness,Barrio Latino Commission - Certificate of Appropriateness,1929 E 7th Ave,Historic Ybor,https://aca-prod.accela.com/TAMPA/Cap/CapDetail.aspx?Module=Planning&TabName=Planning&capID1=26CAP&capID2=00000&capID3=00OQ4&agencyCode=TAMPA
rec-f691412e1467626b,HISTORIC_PRESERVATION|NATIVE|BLC-25-0000252,src-8360eed5691af98b,tpa-bc3a154c8f2b8d,historic_preservation,BLC-25-0000252,2026-08-29,2026-08,preservation_application_created,CREATEDDATE,source_reported_event,0,0,2026-08-23,2026-08,2026-09-01,2026-09,2026-09-01,2026-09,2,1,Awaiting Client Reply,Barrio Latino Commission - Certificate of Appropriateness,Barrio Latino Commission - Certificate of Appropriateness,1208 E 7th Ave,Historic Ybor,https://aca-prod.accela.com/TAMPA/Cap/CapDetail.aspx?Module=Planning&TabName=Planning&capID1=25CAP&capID2=00000&capID3=02JNB&agencyCode=TAMPA
rec-f71147176d39ad9c,HISTORIC_PRESERVATION|NATIVE|ARC-25-0000171,src-4bad249f5cbf3a0a,tpa-88942fbdf27a37,historic_preservation,ARC-25-0000171,2026-08-29,2026-08,preservation_application_created,CREATEDDATE,source_reported_event,0,0,2026-08-23,2026-08,2026-09-01,2026-09,2026-09-01,2026-09,2,1,Awaiting Client Reply,Architectural Review Commission - Certificate of Appropriateness,Architectural Review Commission - Certificate of Appropriateness,800 S Packwood Ave,Historic Hyde Park,https://aca-prod.accela.com/TAMPA/Cap/CapDetail.aspx?Module=Planning&TabName=Planning&capID1=25CAP&capID2=00000&capID3=00A4J&agencyCode=TAMPA
rec-f858092f6b1926a8,HISTORIC_PRESERVATION|NATIVE|BLC-25-0000236,src-609b27b1a8db0f04,tpa-26ef9f9a5281c9,historic_preservation,BLC-25-0000236,2026-08-29,2026-08,preservation_application_created,CREATEDDATE,source_reported_event,0,0,2026-08-23,2026-08,2026-09-01,2026-09,2026-09-01,2026-09,2,1,Awaiting Client Reply,Barrio Latino Commission - Certificate of Appropriateness,Barrio Latino Commission - Certificate of Appropriateness,1502 E 7th Ave,Historic Ybor,https://aca-prod.accela.com/TAMPA/Cap/CapDetail.aspx?Module=Planning&TabName=Planning&capID1=25CAP&capID2=00000&capID3=02E6S&agencyCode=TAMPA
rec-fa630668991584ee,HISTORIC_PRESERVATION|NATIVE|ARC-26-0000118,src-8538fe08a2d9ff98,tpa-5c83c1b792168b,historic_preservation,ARC-26-0000118,2026-08-29,2026-08,preservation_application_created,CREATEDDATE,source_reported_event,0,0,2026-08-23,2026-08,2026-09-01,2026-09,2026-09-01,2026-09,2,1,Awaiting Client Reply,Architectural Review Commission - Certificate of Appropriateness,Architectural Review Commission - Certificate of Appropriateness,5608 N Seminole Ave,Old Seminole Heights,https://aca-prod.accela.com/TAMPA/Cap/CapDetail.aspx?Module=Planning&TabName=Planning&capID1=26CAP&capID2=00000&capID3=0022I&agencyCode=TAMPA
rec-faccf98d3d05b5bb,HISTORIC_PRESERVATION|NATIVE|ARC-26-0000300,src-82ae4ae82d465bfe,tpa-f63f8187aa9f00,historic_preservation,ARC-26-0000300,2026-08-29,2026-08,preservation_application_created,CREATEDDATE,source_reported_event,0,0,2026-08-23,2026-08,2026-09-01,2026-09,2026-09-01,2026-09,2,1,In Process,Architectural Review Commission - Recommendation,Architectural Review Commission - Recommendation,1701 N Florida Ave,Tampa Heights,https://aca-prod.accela.com/TAMPA/Cap/CapDetail.aspx?Module=Planning&TabName=Planning&capID1=26CAP&capID2=00000&capID3=00S9F&agencyCode=TAMPA
rec-fc0e13ad21343b68,HISTORIC_PRESERVATION|NATIVE|ARC-26-0000438,src-eec11f92789e7f97,tpa-43c2210b7b7ae3,historic_preservation,ARC-26-0000438,2026-08-29,2026-08,preservation_application_created,CREATEDDATE,source_reported_event,0,0,2026-08-23,2026-08,2026-09-01,2026-09,2026-09-01,2026-09,2,1,In Process,Architectural Review Commission - Certificate of Appropriateness,Architectural Review Commission - Certificate of Appropriateness,310 S Willow Ave,Hyde Park Spanishtown Creek,https://aca-prod.accela.com/TAMPA/Cap/CapDetail.aspx?Module=Planning&TabName=Planning&capID1=26CAP&capID2=00000&capID3=028AG&agencyCode=TAMPA
rec-fc2b18f7f7574795,HISTORIC_PRESERVATION|NATIVE|BLC-26-0000192,,,historic_preservation,BLC-26-0000192,2026-08-29,2026-08,preservation_application_created,CREATEDDATE,source_reported_event,0,0,2026-09-01,2026-09,2026-09-01,2026-09,2026-09-01,2026-09,1,1,Open,Barrio Latino Commission - Certificate of Appropriateness,Barrio Latino Commission - Certificate of Appropriateness,1000 E 19th Ave,VM Ybor,https://aca-prod.accela.com/TAMPA/Cap/CapDetail.aspx?Module=Planning&TabName=Planning&capID1=26CAP&capID2=00000&capID3=02B96&agencyCode=TAMPA
rec-fc6bfa954c888541,HISTORIC_PRESERVATION|NATIVE|ARC-26-0000171,src-f8ce8ec1c71ea16e,tpa-62fb61ef753161,historic_preservation,ARC-26-0000171,2026-08-29,2026-08,preservation_application_created,CREATEDDATE,source_reported_event,0,0,2026-08-23,2026-08,2026-09-01,2026-09,2026-09-01,2026-09,2,1,Awaiting Client Reply,Architectural Review Commission - Certificate of Appropriateness,Architectural Review Commission - Certificate of Appropriateness,407 E Adalee St,Tampa Heights,https://aca-prod.accela.com/TAMPA/Cap/CapDetail.aspx?Module=Planning&TabName=Planning&capID1=26CAP&capID2=00000&capID3=009ZD&agencyCode=TAMPA
rec-fcfaf5e2b7883949,HISTORIC_PRESERVATION|NATIVE|ARC-25-0000481,src-773e6284fba8bce0,tpa-97cb9818488bd9,historic_preservation,ARC-25-0000481,2026-08-29,2026-08,preservation_application_created,CREATEDDATE,source_reported_event,0,0,2026-08-23,2026-08,2026-09-01,2026-09,2026-09-01,2026-09,2,1,Awaiting Client Reply,Architectural Review Commission - Certificate of Appropriateness,Architectural Review Commission - Certificate of Appropriateness,2408 N Morgan St,Tampa Heights,https://aca-prod.accela.com/TAMPA/Cap/CapDetail.aspx?Module=Planning&TabName=Planning&capID1=25CAP&capID2=00000&capID3=022GJ&agencyCode=TAMPA
rec-ffabc323cab1f6c3,HISTORIC_PRESERVATION|NATIVE|ARC-25-0000524,src-c31ee531fad11285,tpa-ead0fc1199f6c6,historic_preservation,ARC-25-0000524,2026-08-29,2026-08,preservation_application_created,CREATEDDATE,source_reported_event,0,0,2026-08-23,2026-08,2026-09-01,2026-09,2026-09-01,2026-09,2,1,Awaiting Client Reply,Architectural Review Commission - Certificate of Appropriateness,Architectural Review Commission - Certificate of Appropriateness,5605 N Branch Ave,Old Seminole Heights,https://aca-prod.accela.com/TAMPA/Cap/CapDetail.aspx?Module=Planning&TabName=Planning&capID1=25CAP&capID2=00000&capID3=028UM&agencyCode=TAMPA
rec-0a3a4fc52681c3da,SINGLE_FAMILY_PERMITS|NATIVE|BLD-26-0525233,src-98d6664c6f34d4df,tpa-e7cb2202092654,single_family_permits,BLD-26-0525233,2026-08-14,2026-08,permit_issued,TASK_STATUS_DATE,source_reported_event,0,0,2026-08-23,2026-08,2026-08-23,2026-08,2026-08-23,2026-08,1,0,Issued | Issued,Residential New Construction and Additions (1 and 2 Family),Residential | New Construction and Additions | Building,4716 W Leila Ave,Gandy / Sun Bay South,https://arcgis.tampagov.net/arcgis/rest/services/OpenData/Planning/MapServer/32
rec-1760e17e90ec0644,SINGLE_FAMILY_PERMITS|NATIVE|BLD-26-0526126,src-2b6465e77c3e6473,tpa-8132f894b2e704,single_family_permits,BLD-26-0526126,2026-08-14,2026-08,permit_issued,TASK_STATUS_DATE,source_reported_event,0,0,2026-08-23,2026-08,2026-08-23,2026-08,2026-08-23,2026-08,1,0,Issued | Issued,Residential New Construction and Additions (1 and 2 Family),Residential | New Construction and Additions | Building,3217 W Lawn Ave,Bayshore Beautiful,https://arcgis.tampagov.net/arcgis/rest/services/OpenData/Planning/MapServer/32
rec-183bdef531f4a5cc,SINGLE_FAMILY_PERMITS|NATIVE|BLD-26-0525246,src-e1c96a581eaee9cb,tpa-321268a6b8e491,single_family_permits,BLD-26-0525246,2026-08-19,2026-08,permit_issued,TASK_STATUS_DATE,source_reported_event,0,0,2026-08-23,2026-08,2026-08-23,2026-08,2026-08-23,2026-08,1,0,Issued | Issued,Residential New Construction and Additions (1 and 2 Family),Residential | New Construction and Additions | Building,1003 Morrison Ct,Palma Ceia West,https://arcgis.tampagov.net/arcgis/rest/services/OpenData/Planning/MapServer/32
rec-1b3cf11b92d91bae,SINGLE_FAMILY_PERMITS|NATIVE|BLD-26-0524827,src-6165a666bd1f6920,tpa-d1bb8b90356208,single_family_permits,BLD-26-0524827,2026-08-10,2026-08,permit_issued,TASK_STATUS_DATE,source_reported_event,0,0,2026-08-23,2026-08,2026-08-23,2026-08,2026-08-23,2026-08,1,0,Issued | Issued,Residential New Construction and Additions (1 and 2 Family),Residential | New Construction and Additions | Building,1116 Alicia Ave,Riverbend,https://arcgis.tampagov.net/arcgis/rest/services/OpenData/Planning/MapServer/32
rec-1ecd20e5c137d0ad,SINGLE_FAMILY_PERMITS|NATIVE|BLD-26-0523745,src-072f4bed1aaa9789,tpa-38113668f154c0,single_family_permits,BLD-26-0523745,2026-08-10,2026-08,permit_issued,TASK_STATUS_DATE,source_reported_event,0,0,2026-08-23,2026-08,2026-08-23,2026-08,2026-08-23,2026-08,1,0,Issued | Issued,Residential New Construction and Additions (1 and 2 Family),Residential | New Construction and Additions | Building,2705 W North A St,Armory Gardens,https://arcgis.tampagov.net/arcgis/rest/services/OpenData/Planning/MapServer/32
rec-20e0e28f41cb48c0,SINGLE_FAMILY_PERMITS|NATIVE|BLD-26-0525598,src-b5bd50e00b995176,tpa-b55e43547d1026,single_family_permits,BLD-26-0525598,2026-08-13,2026-08,permit_issued,TASK_STATUS_DATE,source_reported_event,0,0,2026-08-23,2026-08,2026-08-23,2026-08,2026-08-23,2026-08,1,0,Issued | Issued,Residential New Construction and Additions (1 and 2 Family),Residential | New Construction and Additions | Building,3212 W Nassau St,Midtown Tampa,https://arcgis.tampagov.net/arcgis/rest/services/OpenData/Planning/MapServer/32
rec-21e708c4544b1c52,SINGLE_FAMILY_PERMITS|NATIVE|BLD-26-0524467,src-43db67badbed27d7,tpa-6107f72192cc63,single_family_permits,BLD-26-0524467,2026-08-20,2026-08,permit_issued,TASK_STATUS_DATE,source_reported_event,0,0,2026-08-23,2026-08,2026-08-23,2026-08,2026-08-23,2026-08,1,0,Issued | Issued,Residential New Construction and Additions (1 and 2 Family),Residential | New Construction and Additions | Building,3411 W Beaumont St,Bayshore Beautiful,https://arcgis.tampagov.net/arcgis/rest/services/OpenData/Planning/MapServer/32
rec-229ae0843025f349,SINGLE_FAMILY_PERMITS|NATIVE|BLD-26-0523748,src-595f257f3820ca19,tpa-3d12fedb001d91,single_family_permits,BLD-26-0523748,2026-08-10,2026-08,permit_issued,TASK_STATUS_DATE,source_reported_event,0,0,2026-08-23,2026-08,2026-08-23,2026-08,2026-08-23,2026-08,1,0,Issued | Issued,Residential New Construction and Additions (1 and 2 Family),Residential | New Construction and Additions | Building,2705 W North A St,Armory Gardens,https://arcgis.tampagov.net/arcgis/rest/services/OpenData/Planning/MapServer/32
rec-28df80143796ecbc,SINGLE_FAMILY_PERMITS|NATIVE|BLD-26-0526056,src-9f1e3841eb25896d,tpa-28a18bff34d440,single_family_permits,BLD-26-0526056,2026-08-19,2026-08,permit_issued,TASK_STATUS_DATE,source_reported_event,0,0,2026-08-23,2026-08,2026-08-23,2026-08,2026-08-23,2026-08,1,0,Issued | Issued,Residential New Construction and Additions (1 and 2 Family),Residential | New Construction and Additions | Building,4625 W Longfellow Ave,Sunset Park,https://arcgis.tampagov.net/arcgis/rest/services/OpenData/Planning/MapServer/32
rec-2a6d63460ee2f0de,SINGLE_FAMILY_PERMITS|NATIVE|BLD-24-0509293,src-66e53dee631b8ebc,tpa-d88731d3c25112,single_family_permits,BLD-24-0509293,2026-08-10,2026-08,permit_issued,TASK_STATUS_DATE,source_reported_event,0,0,2026-08-23,2026-08,2026-09-01,2026-09,2026-09-01,2026-09,2,1,Revision | Issued,Residential New Construction and Additions (1 and 2 Family),Residential | New Construction and Additions | Building,2936 W Lawn Ave,Bayshore Beautiful,https://arcgis.tampagov.net/arcgis/rest/services/OpenData/Planning/MapServer/32
rec-451cb49110a723e2,SINGLE_FAMILY_PERMITS|NATIVE|BLD-26-0526324,src-35f016b5b2fc2bc1,tpa-215d5d3c0c3c5d,single_family_permits,BLD-26-0526324,2026-08-18,2026-08,permit_issued,TASK_STATUS_DATE,source_reported_event,0,0,2026-08-23,2026-08,2026-08-23,2026-08,2026-08-23,2026-08,1,0,Issued | Issued,Residential New Construction and Additions (1 and 2 Family),Residential | New Construction and Additions | Building,3604 E Lambright St,Woodland Terrace,https://arcgis.tampagov.net/arcgis/rest/services/OpenData/Planning/MapServer/32
rec-4865fa1c9e2b14e5,SINGLE_FAMILY_PERMITS|NATIVE|BLD-26-0524941,src-fa3c835145222547,tpa-546f05f9e21091,single_family_permits,BLD-26-0524941,2026-08-12,2026-08,permit_issued,TASK_STATUS_DATE,source_reported_event,0,0,2026-08-23,2026-08,2026-08-23,2026-08,2026-08-23,2026-08,1,0,Revision | Issued,Residential New Construction and Additions (1 and 2 Family),Residential | New Construction and Additions | Building,210 Blanca Ave,Davis Islands,https://arcgis.tampagov.net/arcgis/rest/services/OpenData/Planning/MapServer/32
rec-50e33cb0cb9e5921,SINGLE_FAMILY_PERMITS|NATIVE|BLD-25-0518582,src-a6e5d5ee879c33c4,tpa-08ed003ae91c05,single_family_permits,BLD-25-0518582,2026-08-07,2026-08,permit_issued,TASK_STATUS_DATE,source_reported_event,0,0,2026-08-23,2026-08,2026-08-23,2026-08,2026-08-23,2026-08,1,0,Issued | Issued,Residential New Construction and Additions (1 and 2 Family),Residential | New Construction and Additions | Building,623 Danube Ave,Davis Islands,https://arcgis.tampagov.net/arcgis/rest/services/OpenData/Planning/MapServer/32
rec-52e64a905675a427,SINGLE_FAMILY_PERMITS|NATIVE|BLD-26-0525065,src-9ace58ca320c3bd9,tpa-f84077b9b28f2f,single_family_permits,BLD-26-0525065,2026-08-10,2026-08,permit_issued,TASK_STATUS_DATE,source_reported_event,0,0,2026-08-23,2026-08,2026-08-23,2026-08,2026-08-23,2026-08,1,0,Issued | Issued,Residential New Construction and Additions (1 and 2 Family),Residential | New Construction and Additions | Building,3505 E 29th Ave,Jackson Heights,https://arcgis.tampagov.net/arcgis/rest/services/OpenData/Planning/MapServer/32
rec-63e28bb61e3a30db,SINGLE_FAMILY_PERMITS|NATIVE|BLD-26-0524514,src-ccffc075b9676e04,tpa-92b708b87f4d12,single_family_permits,BLD-26-0524514,2026-08-19,2026-08,permit_issued,TASK_STATUS_DATE,source_reported_event,0,0,2026-08-23,2026-08,2026-08-23,2026-08,2026-08-23,2026-08,1,0,Issued | Issued,Residential New Construction and Additions (1 and 2 Family),Residential | New Construction and Additions | Building,4307 S Hale Ave,FairOaks Manhattan,https://arcgis.tampagov.net/arcgis/rest/services/OpenData/Planning/MapServer/32
rec-67775c9e19804205,SINGLE_FAMILY_PERMITS|NATIVE|BLD-26-0525401,src-1de9e045f42e3837,tpa-f5dc63d4e089c2,single_family_permits,BLD-26-0525401,2026-08-17,2026-08,permit_issued,TASK_STATUS_DATE,source_reported_event,0,0,2026-08-23,2026-08,2026-08-23,2026-08,2026-08-23,2026-08,1,0,Issued | Issued,Residential New Construction and Additions (1 and 2 Family),Residential | New Construction and Additions | Building,3605 S Omar Ave,Bel Mar Shores,https://arcgis.tampagov.net/arcgis/rest/services/OpenData/Planning/MapServer/32
rec-6fcde7c6d3aac0cf,SINGLE_FAMILY_PERMITS|NATIVE|BLD-26-0524018,src-12566e3bced46981,tpa-cb6710f458a7dd,single_family_permits,BLD-26-0524018,2026-08-10,2026-08,permit_issued,TASK_STATUS_DATE,source_reported_event,0,0,2026-08-23,2026-08,2026-08-23,2026-08,2026-08-23,2026-08,1,0,Issued | Issued,Residential New Construction and Additions (1 and 2 Family),Residential | New Construction and Additions | Building,2710 N Ridgewood Ave,Riverside Heights,https://arcgis.tampagov.net/arcgis/rest/services/OpenData/Planning/MapServer/32
rec-7703c7c986a1130f,SINGLE_FAMILY_PERMITS|NATIVE|BLD-26-0524171,src-4525f9973e19c3a4,tpa-927f759bc90877,single_family_permits,BLD-26-0524171,2026-08-05,2026-08,permit_issued,TASK_STATUS_DATE,source_reported_event,0,0,2026-08-23,2026-08,2026-08-23,2026-08,2026-08-23,2026-08,1,0,Issued | Issued,Residential New Construction and Additions (1 and 2 Family),Residential | New Construction and Additions | Building,1707 E Sitka St,Sulphur Springs,https://arcgis.tampagov.net/arcgis/rest/services/OpenData/Planning/MapServer/32
rec-78b23dec61b475a9,SINGLE_FAMILY_PERMITS|NATIVE|BLD-26-0526241,src-cb2fe7709eccb6b9,tpa-2797cd81a69511,single_family_permits,BLD-26-0526241,2026-08-20,2026-08,permit_issued,TASK_STATUS_DATE,source_reported_event,0,0,2026-08-23,2026-08,2026-08-23,2026-08,2026-08-23,2026-08,1,0,Issued | Issued,Residential New Construction and Additions (1 and 2 Family),Residential | New Construction and Additions | Building,4710 W Knights Ave,Bayside West,https://arcgis.tampagov.net/arcgis/rest/services/OpenData/Planning/MapServer/32
rec-7d4ba240d86e860e,SINGLE_FAMILY_PERMITS|NATIVE|BLD-26-0526328,src-7e5bef27be02480a,tpa-d4ecf97bf81eff,single_family_permits,BLD-26-0526328,2026-08-05,2026-08,permit_issued,TASK_STATUS_DATE,source_reported_event,0,0,2026-08-23,2026-08,2026-08-23,2026-08,2026-08-23,2026-08,1,0,Issued | Issued,Residential New Construction and Additions (1 and 2 Family),Residential | New Construction and Additions | Building,3705 E Hamilton Ave,Temple Crest,https://arcgis.tampagov.net/arcgis/rest/services/OpenData/Planning/MapServer/32
rec-8139d1317aa0a505,SINGLE_FAMILY_PERMITS|NATIVE|BLD-26-0526275,src-50c455a623f1c341,tpa-b9d17bc37c853a,single_family_permits,BLD-26-0526275,2026-08-04,2026-08,permit_issued,TASK_STATUS_DATE,source_reported_event,0,0,2026-08-23,2026-08,2026-08-23,2026-08,2026-08-23,2026-08,1,0,Issued | Issued,Residential New Construction and Additions (1 and 2 Family),Residential | New Construction and Additions | Building,1508 W River Shore Way,Wellswood,https://arcgis.tampagov.net/arcgis/rest/services/OpenData/Planning/MapServer/32
rec-86f1cce91d153e0c,SINGLE_FAMILY_PERMITS|NATIVE|BLD-26-0521580,src-7f90985ce4918cea,tpa-06dc5140af837a,single_family_permits,BLD-26-0521580,2026-08-19,2026-08,permit_issued,TASK_STATUS_DATE,source_reported_event,0,0,2026-08-23,2026-08,2026-08-23,2026-08,2026-08-23,2026-08,1,0,Revision | Issued,Residential New Construction and Additions (1 and 2 Family),Residential | New Construction and Additions | Building,1806 W Bristol Ave,Historic Hyde Park,https://arcgis.tampagov.net/arcgis/rest/services/OpenData/Planning/MapServer/32
rec-8ae0b214d46b2ca9,SINGLE_FAMILY_PERMITS|NATIVE|BLD-26-0522555,src-d04ca71f2558aed2,tpa-8107d27d39f51f,single_family_permits,BLD-26-0522555,2026-08-17,2026-08,permit_issued,TASK_STATUS_DATE,source_reported_event,0,0,2026-08-23,2026-08,2026-08-23,2026-08,2026-08-23,2026-08,1,0,Issued | Issued,Residential New Construction and Additions (1 and 2 Family),Residential | New Construction and Additions | Building,4921 W San Rafael St,Sunset Park,https://arcgis.tampagov.net/arcgis/rest/services/OpenData/Planning/MapServer/32
rec-8d3fbd06383e476c,SINGLE_FAMILY_PERMITS|NATIVE|BLD-26-0522950,src-b010f5005d1f262f,tpa-51c019c31dc33a,single_family_permits,BLD-26-0522950,2026-08-07,2026-08,permit_issued,TASK_STATUS_DATE,source_reported_event,0,0,2026-08-23,2026-08,2026-08-23,2026-08,2026-08-23,2026-08,1,0,Issued | Issued,Residential New Construction and Additions (1 and 2 Family),Residential | New Construction and Additions | Building,2111 W Ivy St,Bowman Heights,https://arcgis.tampagov.net/arcgis/rest/services/OpenData/Planning/MapServer/32
rec-94f91c84730fd17f,SINGLE_FAMILY_PERMITS|NATIVE|BLD-26-0526416,src-96c0b04888187332,tpa-ff85739d8f2b03,single_family_permits,BLD-26-0526416,2026-08-17,2026-08,permit_issued,TASK_STATUS_DATE,source_reported_event,0,0,2026-08-23,2026-08,2026-08-23,2026-08,2026-08-23,2026-08,1,0,Issued | Issued,Residential New Construction and Additions (1 and 2 Family),Residential | New Construction and Additions | Building,208 S Ward St,Beach Park,https://arcgis.tampagov.net/arcgis/rest/services/OpenData/Planning/MapServer/32
rec-9e6bd195235b3d94,SINGLE_FAMILY_PERMITS|NATIVE|BLD-24-0507664,src-ff9e26b58e14909f,tpa-d1f109849b4e6a,single_family_permits,BLD-24-0507664,2026-08-03,2026-08,permit_issued,TASK_STATUS_DATE,source_reported_event,0,0,2026-08-23,2026-08,2026-09-01,2026-09,2026-09-01,2026-09,2,1,Issued | Issued,Residential New Construction and Additions (1 and 2 Family),Residential | New Construction and Additions | Building,3024 W Spruce St,Macfarlane Park,https://arcgis.tampagov.net/arcgis/rest/services/OpenData/Planning/MapServer/32
rec-a774b9490243dc7f,SINGLE_FAMILY_PERMITS|NATIVE|BLD-26-0522889,src-1f22904f19fd2332,tpa-eb5fbd67f333da,single_family_permits,BLD-26-0522889,2026-08-06,2026-08,permit_issued,TASK_STATUS_DATE,source_reported_event,0,0,2026-08-23,2026-08,2026-08-23,2026-08,2026-08-23,2026-08,1,0,Issued | Issued,Residential New Construction and Additions (1 and 2 Family),Residential | New Construction and Additions | Building,2907 W Elrod Ave,Ballast Point,https://arcgis.tampagov.net/arcgis/rest/services/OpenData/Planning/MapServer/32
rec-a95ce9ab92b83ee8,SINGLE_FAMILY_PERMITS|NATIVE|BLD-26-0526075,src-5538e5cc2cded9ed,tpa-63587a3bbee76a,single_family_permits,BLD-26-0526075,2026-08-03,2026-08,permit_issued,TASK_STATUS_DATE,source_reported_event,0,0,2026-08-23,2026-08,2026-08-23,2026-08,2026-08-23,2026-08,1,0,Revision | Issued,Residential New Construction and Additions (1 and 2 Family),Residential | New Construction and Additions | Building,3511 N Av Republica De Cuba,Ybor Heights Neighborhood Association and Watch Group,https://arcgis.tampagov.net/arcgis/rest/services/OpenData/Planning/MapServer/32
rec-aaea6e8baf4298b7,SINGLE_FAMILY_PERMITS|NATIVE|BLD-26-0525528,src-c6194e0f1e7e3650,tpa-0a3ea3615bd08a,single_family_permits,BLD-26-0525528,2026-08-19,2026-08,permit_issued,TASK_STATUS_DATE,source_reported_event,0,0,2026-08-23,2026-08,2026-08-23,2026-08,2026-08-23,2026-08,1,0,Issued | Issued,Residential New Construction and Additions (1 and 2 Family),Residential | New Construction and Additions | Building,3915 W Bay Villa Ave,FairOaks Manhattan,https://arcgis.tampagov.net/arcgis/rest/services/OpenData/Planning/MapServer/32
rec-b203f818395a9ded,SINGLE_FAMILY_PERMITS|NATIVE|BLD-26-0524099,src-5aa6bae9fabe5303,tpa-adc89cf41c91ad,single_family_permits,BLD-26-0524099,2026-08-07,2026-08,permit_issued,TASK_STATUS_DATE,source_reported_event,0,0,2026-08-23,2026-08,2026-08-23,2026-08,2026-08-23,2026-08,1,0,Issued | Issued,Residential New Construction and Additions (1 and 2 Family),Residential | New Construction and Additions | Building,2205 N Riverside Dr,Ridgewood Park,https://arcgis.tampagov.net/arcgis/rest/services/OpenData/Planning/MapServer/32
rec-be2a8d20d62efb38,SINGLE_FAMILY_PERMITS|NATIVE|BLD-26-0525921,src-d0031d852c017570,tpa-b1d62c11bcdba2,single_family_permits,BLD-26-0525921,2026-08-18,2026-08,permit_issued,TASK_STATUS_DATE,source_reported_event,0,0,2026-08-23,2026-08,2026-08-23,2026-08,2026-08-23,2026-08,1,0,Issued | Issued,Residential New Construction and Additions (1 and 2 Family),Residential | New Construction and Additions | Building,6228 N 38th St,Woodland Terrace,https://arcgis.tampagov.net/arcgis/rest/services/OpenData/Planning/MapServer/32
rec-c3983398da8ee505,SINGLE_FAMILY_PERMITS|NATIVE|BLD-25-0517842,src-d7b64c5b74ce99c6,tpa-b0bb329456cf0e,single_family_permits,BLD-25-0517842,2026-08-14,2026-08,permit_issued,TASK_STATUS_DATE,source_reported_event,0,0,2026-08-23,2026-08,2026-08-23,2026-08,2026-08-23,2026-08,1,0,Issued | Issued,Residential New Construction and Additions (1 and 2 Family),Residential | New Construction and Additions | Building,3709 N Whittier St,Grant Park,https://arcgis.tampagov.net/arcgis/rest/services/OpenData/Planning/MapServer/32
rec-c7c8a4387254666d,SINGLE_FAMILY_PERMITS|NATIVE|BLD-26-0525883,src-6b13ff3a58bf7913,tpa-e0221199d1fe5a,single_family_permits,BLD-26-0525883,2026-08-06,2026-08,permit_issued,TASK_STATUS_DATE,source_reported_event,0,0,2026-08-23,2026-08,2026-08-23,2026-08,2026-08-23,2026-08,1,0,Issued | Issued,Residential New Construction and Additions (1 and 2 Family),Residential | New Construction and Additions | Building,8408 N Brooks St,Sulphur Springs,https://arcgis.tampagov.net/arcgis/rest/services/OpenData/Planning/MapServer/32
rec-cc9932e8a2f65d96,SINGLE_FAMILY_PERMITS|NATIVE|BLD-26-0526760,src-382cc4a0c9a8387c,tpa-40afd2461bdbb8,single_family_permits,BLD-26-0526760,2026-08-13,2026-08,permit_issued,TASK_STATUS_DATE,source_reported_event,0,0,2026-08-23,2026-08,2026-08-23,2026-08,2026-08-23,2026-08,1,0,Issued | Issued,Residential New Construction and Additions (1 and 2 Family),Residential | New Construction and Additions | Building,210 W Adalee St,Tampa Heights,https://arcgis.tampagov.net/arcgis/rest/services/OpenData/Planning/MapServer/32
rec-d00b58266040c5ac,SINGLE_FAMILY_PERMITS|NATIVE|BLD-26-0526074,src-be663f652aa35041,tpa-6cfb3c773ef9bd,single_family_permits,BLD-26-0526074,2026-08-03,2026-08,permit_issued,TASK_STATUS_DATE,source_reported_event,0,0,2026-08-23,2026-08,2026-08-23,2026-08,2026-08-23,2026-08,1,0,Issued | Issued,Residential New Construction and Additions (1 and 2 Family),Residential | New Construction and Additions | Building,3509 N Av Republica De Cuba,Ybor Heights Neighborhood Association and Watch Group,https://arcgis.tampagov.net/arcgis/rest/services/OpenData/Planning/MapServer/32
rec-d528b99248c3aa18,SINGLE_FAMILY_PERMITS|NATIVE|BLD-26-0526005,src-ab8c5a2c1e03a8c8,tpa-7c2edb55a5a8df,single_family_permits,BLD-26-0526005,2026-08-17,2026-08,permit_issued,TASK_STATUS_DATE,source_reported_event,0,0,2026-08-23,2026-08,2026-08-23,2026-08,2026-08-23,2026-08,1,0,Issued | Issued,Residential New Construction and Additions (1 and 2 Family),Residential | New Construction and Additions | Building,3113 W Pearl Ave,Interbay - South of Gandy,https://arcgis.tampagov.net/arcgis/rest/services/OpenData/Planning/MapServer/32
rec-e009f1a3ecbd3634,SINGLE_FAMILY_PERMITS|NATIVE|BLD-26-0525834,src-562bd7c28ed188fb,tpa-4170383a03002d,single_family_permits,BLD-26-0525834,2026-08-16,2026-08,permit_issued,TASK_STATUS_DATE,source_reported_event,0,0,2026-08-23,2026-08,2026-08-23,2026-08,2026-08-23,2026-08,1,0,Issued | Issued,Residential New Construction and Additions (1 and 2 Family),Residential | New Construction and Additions | Building,719 W Peninsular St,Riverside Heights,https://arcgis.tampagov.net/arcgis/rest/services/OpenData/Planning/MapServer/32
rec-e18952d26894b8ec,SINGLE_FAMILY_PERMITS|NATIVE|BLD-26-0523870,src-27f73de5a15f2cee,tpa-3b21cccb37f1d5,single_family_permits,BLD-26-0523870,2026-08-03,2026-08,permit_issued,TASK_STATUS_DATE,source_reported_event,0,0,2026-08-23,2026-08,2026-08-23,2026-08,2026-08-23,2026-08,1,0,Revision | Issued,Residential New Construction and Additions (1 and 2 Family),Residential | New Construction and Additions | Building,912 W Braddock St,Riverside Heights,https://arcgis.tampagov.net/arcgis/rest/services/OpenData/Planning/MapServer/32
rec-e4fc4e2e07143654,SINGLE_FAMILY_PERMITS|NATIVE|BLD-25-0514809,src-b11128a83036a38b,tpa-1afca5c72c8207,single_family_permits,BLD-25-0514809,2026-08-04,2026-08,permit_issued,TASK_STATUS_DATE,source_reported_event,0,0,2026-08-23,2026-08,2026-09-01,2026-09,2026-09-01,2026-09,2,1,Issued | Issued,Residential New Construction and Additions (1 and 2 Family),Residential | New Construction and Additions | Building,533 Suwanee Cir,Davis Islands,https://arcgis.tampagov.net/arcgis/rest/services/OpenData/Planning/MapServer/32
rec-f159919c431325c8,SINGLE_FAMILY_PERMITS|NATIVE|BLD-26-0519052,src-e464ee34a5baf3dc,tpa-957272c721aac7,single_family_permits,BLD-26-0519052,2026-08-18,2026-08,permit_issued,TASK_STATUS_DATE,source_reported_event,0,0,2026-08-23,2026-08,2026-08-23,2026-08,2026-08-23,2026-08,1,0,Issued | Issued,Residential New Construction and Additions (1 and 2 Family),Residential | New Construction and Additions | Building,6602 S Kissimmee St,"Port Tampa City, Inc. Civic Association",https://arcgis.tampagov.net/arcgis/rest/services/OpenData/Planning/MapServer/32
rec-f5e53929ddabd59e,SINGLE_FAMILY_PERMITS|NATIVE|BLD-26-0525159,src-396ab31a695c352d,tpa-e4cd1c871b5cc3,single_family_permits,BLD-26-0525159,2026-08-13,2026-08,permit_issued,TASK_STATUS_DATE,source_reported_event,0,0,2026-08-23,2026-08,2026-08-23,2026-08,2026-08-23,2026-08,1,0,Issued | Issued,Residential New Construction and Additions (1 and 2 Family),Residential | New Construction and Additions | Building,1609 E Chelsea St,Historic Belmont Heights,https://arcgis.tampagov.net/arcgis/rest/services/OpenData/Planning/MapServer/32
rec-fdaa9ec14ae72d8b,SINGLE_FAMILY_PERMITS|NATIVE|BLD-26-0524499,src-dd331c0f406f1936,tpa-a45b3c67267ea2,single_family_permits,BLD-26-0524499,2026-08-03,2026-08,permit_issued,TASK_STATUS_DATE,source_reported_event,0,0,2026-08-23,2026-08,2026-08-23,2026-08,2026-08-23,2026-08,1,0,Issued | Issued,Residential New Construction and Additions (1 and 2 Family),Residential | New Construction and Additions | Building,3002 E Diana St,Rivergrove,https://arcgis.tampagov.net/arcgis/rest/services/OpenData/Planning/MapServer/32
rec-fdc3ee833d4cead5,SINGLE_FAMILY_PERMITS|NATIVE|BLD-26-0524698,src-dca6132c839875f1,tpa-e2d5afc41c0c8e,single_family_permits,BLD-26-0524698,2026-08-10,2026-08,permit_issued,TASK_STATUS_DATE,source_reported_event,0,0,2026-08-23,2026-08,2026-08-23,2026-08,2026-08-23,2026-08,1,0,Issued | Issued,Residential New Construction and Additions (1 and 2 Family),Residential | New Construction and Additions | Building,3409 N 9th St,Ybor Heights Neighborhood Association and Watch Group,https://arcgis.tampagov.net/arcgis/rest/services/OpenData/Planning/MapServer/32
rec-fea7549793e911ba,SINGLE_FAMILY_PERMITS|NATIVE|BLD-26-0523988,src-c01eb9d5892d8fd8,tpa-39086fe4b6968e,single_family_permits,BLD-26-0523988,2026-08-10,2026-08,permit_issued,TASK_STATUS_DATE,source_reported_event,0,0,2026-08-23,2026-08,2026-08-23,2026-08,2026-08-23,2026-08,1,0,Issued | Issued,Residential New Construction and Additions (1 and 2 Family),Residential | New Construction and Additions | Building,2406 S Clark Ave,Palma Ceia West,https://arcgis.tampagov.net/arcgis/rest/services/OpenData/Planning/MapServer/32
