record_id,record_identity,source_record_key,activity_id,source_name,source_record_id,event_date,event_month,event_date_type,event_date_source_field,event_date_basis,event_date_is_planned,event_date_is_after_snapshot,first_observed_date,first_observed_month,last_observed_date,last_observed_month,snapshot_date,snapshot_month,observation_count,currently_observed,status,project_name,record_type,address,neighborhood,source_url
rec-220a16a7d8b21df3,CAPITAL_IMPROVEMENTS|NATIVE|WTR-20-0005.3-W CHELSEA ST TRANSMISSION,src-ae6202e6724b0488,tpa-9ca0598cb43d43,capital_improvements,WTR-20-0005.3-W Chelsea St Transmission,2026-04-30,2026-04,capital_planned_start,planstart,source_reported_plan,1,0,2026-08-23,2026-08,2026-09-01,2026-09,2026-09-01,2026-09,2,1,Construction in Progress,FY20 CIP Water Main Improvements Design-Build_W Chelsea St Transmission – GMP 5,Water,,South Seminole Heights,https://apps.tampagov.net/Directory_Lister/FileHandler.ashx?file=GIS%2fWTR-20-0005.3-W
rec-54646dc2c9f43979,CAPITAL_IMPROVEMENTS|GLOBALID|{FB1A0DFA-FF8B-422F-99DE-D472FBC93615},src-c6b9d59aaed57776,tpa-10719fa88c8a1d,capital_improvements,,2026-04-30,2026-04,capital_planned_start,planstart,source_reported_plan,1,0,2026-08-23,2026-08,2026-09-01,2026-09,2026-09-01,2026-09,2,1,Closeout,Franklin St and Fort Brooke Garage - Blank Out Signs,Transportation,,Tampa Downtown Partnership,https://apps.tampagov.net/Directory_Lister/FileHandler.ashx?file=GIS%2f
rec-6d43f09ca6d59993,CAPITAL_IMPROVEMENTS|NATIVE|1002588.2|GLOBALID|{882FB33A-2FD8-4352-82F9-04C962F2ADAA},src-4f045fd64616d519,tpa-b2ff57e165748b,capital_improvements,1002588.2,2026-04-01,2026-04,capital_planned_start,planstart,source_reported_plan,1,0,2026-08-23,2026-08,2026-09-01,2026-09,2026-09-01,2026-09,2,1,Closeout,Highland Oaks FM Replacement,Wastewater,,Hunter's Greene,https://apps.tampagov.net/Directory_Lister/FileHandler.ashx?file=GIS%2f
rec-ba66fd970b6e94e7,CAPITAL_IMPROVEMENTS|NATIVE|1002466,src-e6c404d376cc305d,tpa-2d56f56a338d90,capital_improvements,1002466,2026-04-01,2026-04,capital_planned_start,planstart,source_reported_plan,1,0,2026-08-23,2026-08,2026-09-01,2026-09,2026-09-01,2026-09,2,1,Permitting/Submittals Approval,Wastewater Pumping Station Rehabilitation 109th St. PS,Wastewater,,East Forest Hills,https://apps.tampagov.net/Directory_Lister/FileHandler.ashx?file=GIS%2f1002466.pdf
rec-f6017be64dafd7a8,CAPITAL_IMPROVEMENTS|NATIVE|WTR-24-0018,src-ae58e28045d259d7,tpa-9d34844c6ba829,capital_improvements,WTR-24-0018,2026-04-02,2026-04,capital_planned_start,planstart,source_reported_plan,1,0,2026-08-23,2026-08,2026-09-01,2026-09,2026-09-01,2026-09,2,1,Permitting/Submittals Approval,Empedrado St,Water,,Palma Ceia,https://apps.tampagov.net/Directory_Lister/FileHandler.ashx?file=GIS%2fWTR-24-0018.pdf
rec-2f72beef28c7f71a,CAPITAL_LOCATIONS_LINE|NATIVE|WTR-21-0014,src-b73207c0e9951114,tpa-77d281688e839d,capital_locations_line,WTR-21-0014,2026-04-23,2026-04,source_record_created,CreationDate,source_record_metadata,0,0,2026-08-23,2026-08,2026-09-01,2026-09,2026-09-01,2026-09,2,1,Project Startup,Armory Gardens,Water,,Armory Gardens,https://arcgis.tampagov.net/arcgis/rest/services/CapitalProjects/CityWideProjectsPublic/FeatureServer/1
rec-32555987dba503ea,CAPITAL_LOCATIONS_LINE|NATIVE|WTR-20-0005.3-W CHELSEA ST TRANSMISSION,src-07baa8381aeaae37,tpa-a16226972256e9,capital_locations_line,WTR-20-0005.3-W Chelsea St Transmission,2026-04-24,2026-04,source_record_created,CreationDate,source_record_metadata,0,0,2026-08-23,2026-08,2026-09-01,2026-09,2026-09-01,2026-09,2,1,90% Design Completion,W Chelsea St Transmission,Water,,,https://arcgis.tampagov.net/arcgis/rest/services/CapitalProjects/CityWideProjectsPublic/FeatureServer/1
rec-3ccd1b308ced09b3,CAPITAL_LOCATIONS_LINE|NATIVE|WTR-21-0015,src-c65b75e288bc3d01,tpa-d1773208bf209c,capital_locations_line,WTR-21-0015,2026-04-24,2026-04,source_record_created,CreationDate,source_record_metadata,0,0,2026-08-23,2026-08,2026-09-01,2026-09,2026-09-01,2026-09,2,1,90% Design Completion,Jefferson,Water,,,https://arcgis.tampagov.net/arcgis/rest/services/CapitalProjects/CityWideProjectsPublic/FeatureServer/1
rec-4b8206254d07c282,CAPITAL_LOCATIONS_LINE|NATIVE|W70020,src-3a9c9ac475a5b22f,tpa-c658a3cc1fc9b2,capital_locations_line,W70020,2026-04-23,2026-04,source_record_created,CreationDate,source_record_metadata,0,0,2026-08-23,2026-08,2026-09-01,2026-09,2026-09-01,2026-09,2,1,Planning,Broad Street WM Replacement,Water,,,https://arcgis.tampagov.net/arcgis/rest/services/CapitalProjects/CityWideProjectsPublic/FeatureServer/1
rec-518554858597030d,CAPITAL_LOCATIONS_LINE|NATIVE|WUR-20-0009,src-1bfd76221e7c2cbc,tpa-6b2e8e6ea29282,capital_locations_line,WUR-20-0009,2026-04-23,2026-04,source_record_created,CreationDate,source_record_metadata,0,0,2026-08-23,2026-08,2026-09-01,2026-09,2026-09-01,2026-09,2,1,Contract Negotiations,COT S Manhattan Ave,Water,,Virginia Park,https://arcgis.tampagov.net/arcgis/rest/services/CapitalProjects/CityWideProjectsPublic/FeatureServer/1
rec-616f3ec6c7d21fc6,CAPITAL_LOCATIONS_LINE|NATIVE|W70033,src-171cf1518314317b,tpa-7864f9b3d1cf9b,capital_locations_line,W70033,2026-04-23,2026-04,source_record_created,CreationDate,source_record_metadata,0,0,2026-08-23,2026-08,2026-09-01,2026-09,2026-09-01,2026-09,2,1,Planning,E Henry Ave WM Replacement,Water,,,https://arcgis.tampagov.net/arcgis/rest/services/CapitalProjects/CityWideProjectsPublic/FeatureServer/1
rec-6a4943f8e5b3ef94,CAPITAL_LOCATIONS_LINE|NATIVE|1002588.2|GLOBALID|{CCDF3EB0-CBB3-4AE0-943C-44FB1247C529},src-6d4ae45938ebbaa9,tpa-b2ff57e165748b,capital_locations_line,1002588.2,2026-04-01,2026-04,capital_planned_start,planstart,source_reported_plan,1,0,2026-08-23,2026-08,2026-09-01,2026-09,2026-09-01,2026-09,2,1,Consultant/Contractor Selection Process,Highland Oaks FM Replacement,Wastewater,,,https://arcgis.tampagov.net/arcgis/rest/services/CapitalProjects/CityWideProjectsPublic/FeatureServer/1
rec-6e4fb248f94df43c,CAPITAL_LOCATIONS_LINE|NATIVE|W70026,src-3d409b021359aa2c,tpa-2ebcfc1e77ead8,capital_locations_line,W70026,2026-04-23,2026-04,source_record_created,CreationDate,source_record_metadata,0,0,2026-08-23,2026-08,2026-09-01,2026-09,2026-09-01,2026-09,2,1,Planning,Davis Island_2 WM Replacement,Water,,,https://arcgis.tampagov.net/arcgis/rest/services/CapitalProjects/CityWideProjectsPublic/FeatureServer/1
rec-74bb71afae65f416,CAPITAL_LOCATIONS_LINE|NATIVE|WTR-20-0005.5-15TH ST,src-634d877c48b67ec6,tpa-72ec8daae55334,capital_locations_line,WTR-20-0005.5-15th St,2026-04-23,2026-04,source_record_created,CreationDate,source_record_metadata,0,0,2026-08-23,2026-08,2026-09-01,2026-09,2026-09-01,2026-09,2,1,Planning,FY20 CIP Water Main Improvements Design-Build_15th St – GMP5,Water,,,https://arcgis.tampagov.net/arcgis/rest/services/CapitalProjects/CityWideProjectsPublic/FeatureServer/1
rec-75a070f8a8fd1a7f,CAPITAL_LOCATIONS_LINE|NATIVE|W70039,src-582ddde8b70fed67,tpa-0db9b0ea2daa64,capital_locations_line,W70039,2026-04-24,2026-04,source_record_created,CreationDate,source_record_metadata,0,0,2026-08-23,2026-08,2026-09-01,2026-09,2026-09-01,2026-09,2,1,30% Design Completion,Lois Ave,Water,,,https://arcgis.tampagov.net/arcgis/rest/services/CapitalProjects/CityWideProjectsPublic/FeatureServer/1
rec-75f04ca9e923bf23,CAPITAL_LOCATIONS_LINE|NATIVE|W70031,src-8ca179b749524f15,tpa-7948b0b2ec74d1,capital_locations_line,W70031,2026-04-23,2026-04,source_record_created,CreationDate,source_record_metadata,0,0,2026-08-23,2026-08,2026-09-01,2026-09,2026-09-01,2026-09,2,1,Planning,East 7th Ave WM Replacement_East,Water,,,https://arcgis.tampagov.net/arcgis/rest/services/CapitalProjects/CityWideProjectsPublic/FeatureServer/1
rec-7c9af911bcc5f6fd,CAPITAL_LOCATIONS_LINE|NATIVE|W70062,src-1c772d75230aa677,tpa-76fb4f536f6530,capital_locations_line,W70062,2026-04-24,2026-04,source_record_created,CreationDate,source_record_metadata,0,0,2026-08-23,2026-08,2026-09-01,2026-09,2026-09-01,2026-09,2,1,Planning,West River WM Replacement,Water,,,https://arcgis.tampagov.net/arcgis/rest/services/CapitalProjects/CityWideProjectsPublic/FeatureServer/1
rec-99ac8bc2a2c6381f,CAPITAL_LOCATIONS_LINE|NATIVE|WTR-20-0005.3-12TH ST,src-b1cd662d1db56ce7,tpa-5fef9ad1d2fa7a,capital_locations_line,WTR-20-0005.3-12th St,2026-04-23,2026-04,source_record_created,CreationDate,source_record_metadata,0,0,2026-08-23,2026-08,2026-09-01,2026-09,2026-09-01,2026-09,2,1,Final Inspection and Testing,FY20 CIP Water Main Improvements Design-Build_12th St – GMP 3,Water,,,https://arcgis.tampagov.net/arcgis/rest/services/CapitalProjects/CityWideProjectsPublic/FeatureServer/1
rec-d20a59dba6819179,CAPITAL_LOCATIONS_LINE|NATIVE|WTR-24-0009,src-84498833bc811097,tpa-baacbee6eacaf0,capital_locations_line,WTR-24-0009,2026-04-23,2026-04,source_record_created,CreationDate,source_record_metadata,0,0,2026-08-23,2026-08,2026-09-01,2026-09,2026-09-01,2026-09,2,1,30% Design Completion,Beach Place WM Replacement,Water,,,https://arcgis.tampagov.net/arcgis/rest/services/CapitalProjects/CityWideProjectsPublic/FeatureServer/1
rec-e96318c42e7bf412,CAPITAL_LOCATIONS_LINE|NATIVE|W70005,src-2dab221af6c9e4e1,tpa-2b64f75f74fca0,capital_locations_line,W70005,2026-04-24,2026-04,source_record_created,CreationDate,source_record_metadata,0,0,2026-08-23,2026-08,2026-09-01,2026-09,2026-09-01,2026-09,2,1,60% Design Completion,S. Himes WM R&R,Water,,,https://arcgis.tampagov.net/arcgis/rest/services/CapitalProjects/CityWideProjectsPublic/FeatureServer/1
rec-fb475e2bf1cb2d27,CAPITAL_LOCATIONS_LINE|NATIVE|TRANS20186,src-c7aea73f2b3f5678,tpa-10719fa88c8a1d,capital_locations_line,TRANS20186,2026-04-30,2026-04,capital_planned_start,planstart,source_reported_plan,1,0,2026-08-23,2026-08,2026-09-01,2026-09,2026-09-01,2026-09,2,1,Closeout,Franklin St and Fort Brooke Garage - Blank Out Signs,Transportation,,Tampa Downtown Partnership,https://arcgis.tampagov.net/arcgis/rest/services/CapitalProjects/CityWideProjectsPublic/FeatureServer/1
rec-94f323c01c3f9c9e,CAPITAL_LOCATIONS_POINT|NATIVE|1002466,src-7aded06716c4bbfc,tpa-2d56f56a338d90,capital_locations_point,1002466,2026-04-01,2026-04,capital_planned_start,planstart,source_reported_plan,1,0,2026-08-23,2026-08,2026-09-01,2026-09,2026-09-01,2026-09,2,1,Permitting/Submittals Approval,Wastewater Pumping Station Rehabilitation 109th St. PS,Wastewater,,East Forest Hills,https://arcgis.tampagov.net/arcgis/rest/services/CapitalProjects/CityWideProjectsPublic/FeatureServer/0
rec-00be6d3c089367d6,CONSTRUCTION_INSPECTIONS|NATIVE|BLD-26-0524043,src-a0c1bb4aba239880,tpa-b388bdd6f8c079,construction_inspections,BLD-26-0524043,2026-04-06,2026-04,permit_record_created,CREATEDDATE,source_record_metadata,0,0,2026-08-23,2026-08,2026-09-01,2026-09,2026-09-01,2026-09,2,1,Issued,ATF Violation -CMP-26-0002446 - Interior and Exterior renovation with Deck,Residential New Construction and Additions (1 and 2 Family),8004 N Klondyke St,Sulphur Springs,https://aca-prod.accela.com/TAMPA/Cap/CapDetail.aspx?Module=Building&TabName=Building&capID1=26CAP&capID2=00000&capID3=00JW8&agencyCode=TAMPA
rec-024c06d88289f6af,CONSTRUCTION_INSPECTIONS|NATIVE|BLD-26-0524658,src-052f61d70982775e,tpa-b8bcd01765732a,construction_inspections,BLD-26-0524658,2026-04-28,2026-04,permit_record_created,CREATEDDATE,source_record_metadata,0,0,2026-08-23,2026-08,2026-09-01,2026-09,2026-09-01,2026-09,2,1,Issued,PP:THRESHOLD BUILDING: Interior Buildout: AON Suite 200,Commercial Building Alterations (Renovations),4010 W Boy Scout Blvd,Carver City Lincoln Gardens,https://aca-prod.accela.com/TAMPA/Cap/CapDetail.aspx?Module=Building&TabName=Building&capID1=26CAP&capID2=00000&capID3=00OJR&agencyCode=TAMPA
rec-0349fc244ee9435f,CONSTRUCTION_INSPECTIONS|NATIVE|BLD-26-0524288,src-6ee018f2ef320001,tpa-2b48642ee2c461,construction_inspections,BLD-26-0524288,2026-04-14,2026-04,permit_record_created,CREATEDDATE,source_record_metadata,0,0,2026-08-23,2026-08,2026-09-01,2026-09,2026-09-01,2026-09,2,1,Issued,FEMA:PP:New 3 Story SFR,Residential New Construction and Additions (1 and 2 Family),46 Columbia Dr,Davis Islands,https://aca-prod.accela.com/TAMPA/Cap/CapDetail.aspx?Module=Building&TabName=Building&capID1=26CAP&capID2=00000&capID3=00LNO&agencyCode=TAMPA
rec-03fb39d37c6bdc60,CONSTRUCTION_INSPECTIONS|NATIVE|BLD-26-0524698,src-69db0973c353770d,tpa-e2d5afc41c0c8e,construction_inspections,BLD-26-0524698,2026-04-30,2026-04,permit_record_created,CREATEDDATE,source_record_metadata,0,0,2026-08-23,2026-08,2026-09-01,2026-09,2026-09-01,2026-09,2,1,Issued,New 2-Story SFR,Residential New Construction and Additions (1 and 2 Family),3409 N 9th St,Ybor Heights Neighborhood Association and Watch Group,https://aca-prod.accela.com/TAMPA/Cap/CapDetail.aspx?Module=Building&TabName=Building&capID1=26CAP&capID2=00000&capID3=00OYI&agencyCode=TAMPA
rec-0546600625bd8254,CONSTRUCTION_INSPECTIONS|NATIVE|BLD-26-0524262,src-7d056f8692be76e0,tpa-dab1f93e0f1a4b,construction_inspections,BLD-26-0524262,2026-04-13,2026-04,permit_record_created,CREATEDDATE,source_record_metadata,0,0,2026-08-23,2026-08,2026-09-01,2026-09,2026-09-01,2026-09,2,1,Issued,OWNER Addition,Residential New Construction and Additions (1 and 2 Family),3216 W Pearl Ave,Interbay - South of Gandy,https://aca-prod.accela.com/TAMPA/Cap/CapDetail.aspx?Module=Building&TabName=Building&capID1=26CAP&capID2=00000&capID3=00LFP&agencyCode=TAMPA
rec-06cb80e2938f8a0c,CONSTRUCTION_INSPECTIONS|NATIVE|BDE-26-0445503,src-57a47c27cf1c88ee,tpa-e5fcc8c1ceb4ff,construction_inspections,BDE-26-0445503,2026-04-24,2026-04,permit_record_created,CREATEDDATE,source_record_metadata,0,0,2026-08-23,2026-08,2026-09-01,2026-09,2026-09-01,2026-09,2,1,Issued,Demo SFR,Residential Demolition Permit,3808 W Leila Ave,Gandy / Sun Bay South,https://aca-prod.accela.com/TAMPA/Cap/CapDetail.aspx?Module=Building&TabName=Building&capID1=26CAP&capID2=00000&capID3=00NZG&agencyCode=TAMPA
rec-07e78b124c02861f,CONSTRUCTION_INSPECTIONS|NATIVE|BLD-26-0524039,src-25bc280b6f83e988,tpa-98de2b76672f71,construction_inspections,BLD-26-0524039,2026-04-06,2026-04,permit_record_created,CREATEDDATE,source_record_metadata,0,0,2026-08-23,2026-08,2026-09-01,2026-09,2026-09-01,2026-09,2,1,Revision,PP: Interior Reno - 1st floor - US Bank,Commercial Building Alterations (Renovations),4050 W Boy Scout Blvd,Carver City Lincoln Gardens,https://aca-prod.accela.com/TAMPA/Cap/CapDetail.aspx?Module=Building&TabName=Building&capID1=26CAP&capID2=00000&capID3=00JVV&agencyCode=TAMPA
rec-096817e4550b847a,CONSTRUCTION_INSPECTIONS|NATIVE|BLD-26-0523963,src-c8611f03369ce86e,tpa-1120968bedca6e,construction_inspections,BLD-26-0523963,2026-04-01,2026-04,permit_record_created,CREATEDDATE,source_record_metadata,0,0,2026-08-23,2026-08,2026-09-01,2026-09,2026-09-01,2026-09,2,1,Issued,Replacing Interior wall and post beams,Residential Building Alterations (Renovations),709 W Azeele St,Hyde Park Spanishtown Creek,https://aca-prod.accela.com/TAMPA/Cap/CapDetail.aspx?Module=Building&TabName=Building&capID1=26CAP&capID2=00000&capID3=00JAD&agencyCode=TAMPA
rec-0b905e5299c421b4,CONSTRUCTION_INSPECTIONS|NATIVE|BLD-26-0524607,src-08455cdb04469587,tpa-a5f2484d6954a2,construction_inspections,BLD-26-0524607,2026-04-27,2026-04,permit_record_created,CREATEDDATE,source_record_metadata,0,0,2026-08-23,2026-08,2026-09-01,2026-09,2026-09-01,2026-09,2,1,Issued,OWNER:FEMA:Interior Remodel,Residential Building Alterations (Renovations),3613 S Gardenia Ave,Bel Mar Shores,https://aca-prod.accela.com/TAMPA/Cap/CapDetail.aspx?Module=Building&TabName=Building&capID1=26CAP&capID2=00000&capID3=00O4Q&agencyCode=TAMPA
rec-0c3a102080c1702a,CONSTRUCTION_INSPECTIONS|NATIVE|BLD-26-0524115,src-f51b32b479ce8ca1,tpa-c9e100c620dbb2,construction_inspections,BLD-26-0524115,2026-04-08,2026-04,permit_record_created,CREATEDDATE,source_record_metadata,0,0,2026-08-23,2026-08,2026-09-01,2026-09,2026-09-01,2026-09,2,1,Issued,FEMA: PP: New One Story ADU,Residential New Construction and Additions (1 and 2 Family),5206 Bayshore Blvd,Ballast Point,https://aca-prod.accela.com/TAMPA/Cap/CapDetail.aspx?Module=Building&TabName=Building&capID1=26CAP&capID2=00000&capID3=00KHR&agencyCode=TAMPA
rec-0dce35870a48562e,CONSTRUCTION_INSPECTIONS|NATIVE|BLD-26-0524052,src-a6e8950b290f9110,tpa-a58516bd654448,construction_inspections,BLD-26-0524052,2026-04-07,2026-04,permit_record_created,CREATEDDATE,source_record_metadata,0,0,2026-08-23,2026-08,2026-09-01,2026-09,2026-09-01,2026-09,2,1,Issued,SEC: FEMA: Suite 2700: Interior Remodel,Commercial Building Alterations (Renovations),400 N Ashley Dr,Downtown River Arts,https://aca-prod.accela.com/TAMPA/Cap/CapDetail.aspx?Module=Building&TabName=Building&capID1=26CAP&capID2=00000&capID3=00JZD&agencyCode=TAMPA
rec-0de47e9e12a1de9e,CONSTRUCTION_INSPECTIONS|NATIVE|BLD-26-0524254,src-01aa36e3508f4fa9,tpa-602e5467b0ff6e,construction_inspections,BLD-26-0524254,2026-04-13,2026-04,permit_record_created,CREATEDDATE,source_record_metadata,0,0,2026-08-23,2026-08,2026-09-01,2026-09,2026-09-01,2026-09,2,1,Issued,PP: New 2-Story SFR,Residential New Construction and Additions (1 and 2 Family),607 N Matanzas Ave,Oakford Park,https://aca-prod.accela.com/TAMPA/Cap/CapDetail.aspx?Module=Building&TabName=Building&capID1=26CAP&capID2=00000&capID3=00LCZ&agencyCode=TAMPA
rec-0f71c231c528de20,CONSTRUCTION_INSPECTIONS|NATIVE|BLD-26-0524679,src-d31cd35fb750e386,tpa-24ac06c8a0a374,construction_inspections,BLD-26-0524679,2026-04-29,2026-04,permit_record_created,CREATEDDATE,source_record_metadata,0,0,2026-08-23,2026-08,2026-09-01,2026-09,2026-09-01,2026-09,2,1,Revision,"FEMA: PP: Enclosing garage, Stair and interior renovation",Residential New Construction and Additions (1 and 2 Family),2625 N Dundee St,Sunset Park,https://aca-prod.accela.com/TAMPA/Cap/CapDetail.aspx?Module=Building&TabName=Building&capID1=26CAP&capID2=00000&capID3=00OPW&agencyCode=TAMPA
rec-10b5d756cf608167,CONSTRUCTION_INSPECTIONS|NATIVE|BLD-26-0524242,src-3fc7e941bb198ec1,tpa-444c37bb98ead6,construction_inspections,BLD-26-0524242,2026-04-13,2026-04,permit_record_created,CREATEDDATE,source_record_metadata,0,0,2026-08-23,2026-08,2026-09-01,2026-09,2026-09-01,2026-09,2,1,Issued,PP: Addition,Residential New Construction and Additions (1 and 2 Family),4218 W Santiago St,Virginia Park,https://aca-prod.accela.com/TAMPA/Cap/CapDetail.aspx?Module=Building&TabName=Building&capID1=26CAP&capID2=00000&capID3=00LAP&agencyCode=TAMPA
rec-166120ebd8293b3e,CONSTRUCTION_INSPECTIONS|NATIVE|BLD-26-0524094,src-659ffbfc226feb79,tpa-1123f406b36043,construction_inspections,BLD-26-0524094,2026-04-07,2026-04,permit_record_created,CREATEDDATE,source_record_metadata,0,0,2026-08-23,2026-08,2026-09-01,2026-09,2026-09-01,2026-09,2,1,Issued,PP: New detached pool house with covered porch,Residential New Construction and Additions (1 and 2 Family),15704 Cochester Rd,Tampa Palms,https://aca-prod.accela.com/TAMPA/Cap/CapDetail.aspx?Module=Building&TabName=Building&capID1=26CAP&capID2=00000&capID3=00K7A&agencyCode=TAMPA
rec-18d44c041ac7faf1,CONSTRUCTION_INSPECTIONS|NATIVE|BLD-26-0524215,src-de79aa57d8342925,tpa-19d41fd17c312c,construction_inspections,BLD-26-0524215,2026-04-11,2026-04,permit_record_created,CREATEDDATE,source_record_metadata,0,0,2026-08-23,2026-08,2026-09-01,2026-09,2026-09-01,2026-09,2,1,Revision,FEMA:PP:NEW SFR 2 Story,Residential New Construction and Additions (1 and 2 Family),4002 S Shamrock Rd,Bayside West,https://aca-prod.accela.com/TAMPA/Cap/CapDetail.aspx?Module=Building&TabName=Building&capID1=26CAP&capID2=00000&capID3=00L3J&agencyCode=TAMPA
rec-192b362d20a1841d,CONSTRUCTION_INSPECTIONS|NATIVE|BLD-26-0524407,src-611f74e2252be068,tpa-5bd430850c12b1,construction_inspections,BLD-26-0524407,2026-04-17,2026-04,permit_record_created,CREATEDDATE,source_record_metadata,0,0,2026-08-23,2026-08,2026-09-01,2026-09,2026-09-01,2026-09,2,1,Revision,PP: New 2 Story Townhouse - left unit,Residential New Construction and Additions (1 and 2 Family),1423 E 29th Ave,Ybor Heights Neighborhood Association and Watch Group,https://aca-prod.accela.com/TAMPA/Cap/CapDetail.aspx?Module=Building&TabName=Building&capID1=26CAP&capID2=00000&capID3=00MJ3&agencyCode=TAMPA
rec-1b4150f8a032888b,CONSTRUCTION_INSPECTIONS|NATIVE|BDE-26-0445463,,,construction_inspections,BDE-26-0445463,2026-04-09,2026-04,permit_record_created,CREATEDDATE,source_record_metadata,0,0,2026-09-01,2026-09,2026-09-01,2026-09,2026-09-01,2026-09,1,1,Issued,SEC: Comm Demo,Commercial Demolition Permit,2301 N Howard Ave,Old West Tampa,https://aca-prod.accela.com/TAMPA/Cap/CapDetail.aspx?Module=Building&TabName=Building&capID1=26CAP&capID2=00000&capID3=00KOQ&agencyCode=TAMPA
rec-1e078a2434c37233,CONSTRUCTION_INSPECTIONS|NATIVE|BLD-26-0524448,src-1cfa5b5256feff6b,tpa-8abce98e2ef599,construction_inspections,BLD-26-0524448,2026-04-20,2026-04,permit_record_created,CREATEDDATE,source_record_metadata,0,0,2026-08-23,2026-08,2026-09-01,2026-09,2026-09-01,2026-09,2,1,Revision,FEMA - Interior Alteration - Lonza,Commercial Building Alterations (Renovations),4901 W Grace St,Westshore,https://aca-prod.accela.com/TAMPA/Cap/CapDetail.aspx?Module=Building&TabName=Building&capID1=26CAP&capID2=00000&capID3=00MVY&agencyCode=TAMPA
rec-22092b31a19f6948,CONSTRUCTION_INSPECTIONS|NATIVE|BLD-26-0524263,src-7f31e6c548930873,tpa-aa2fdbae318723,construction_inspections,BLD-26-0524263,2026-04-13,2026-04,permit_record_created,CREATEDDATE,source_record_metadata,0,0,2026-08-23,2026-08,2026-09-01,2026-09,2026-09-01,2026-09,2,1,Issued,FEMA:PP:New 3 story SFR with a detached garage.,Residential New Construction and Additions (1 and 2 Family),3409 S Lightner Dr,Bel Mar Shores,https://aca-prod.accela.com/TAMPA/Cap/CapDetail.aspx?Module=Building&TabName=Building&capID1=26CAP&capID2=00000&capID3=00LG1&agencyCode=TAMPA
rec-2217e492d61a6cde,CONSTRUCTION_INSPECTIONS|NATIVE|BLD-26-0524629,src-254f0e24b1881098,tpa-5b3a4380fb3d98,construction_inspections,BLD-26-0524629,2026-04-27,2026-04,permit_record_created,CREATEDDATE,source_record_metadata,0,0,2026-08-23,2026-08,2026-09-01,2026-09,2026-09-01,2026-09,2,1,Issued,FEMA - Exterior Alteration,Residential Building Alterations (Renovations),416 Chippewa Ave,Davis Islands,https://aca-prod.accela.com/TAMPA/Cap/CapDetail.aspx?Module=Building&TabName=Building&capID1=26CAP&capID2=00000&capID3=00OAE&agencyCode=TAMPA
rec-23c77cececda9394,CONSTRUCTION_INSPECTIONS|NATIVE|BLD-26-0524421,src-1b11ad6070d04901,tpa-1dd5ad9eeffff7,construction_inspections,BLD-26-0524421,2026-04-20,2026-04,permit_record_created,CREATEDDATE,source_record_metadata,0,0,2026-08-23,2026-08,2026-09-01,2026-09,2026-09-01,2026-09,2,1,Issued,ATF Violation -CMP-26-0002890,Residential New Construction and Additions (1 and 2 Family),2116 W Hiawatha St,Armenia Terrace | Bour Lands | Al Dana Park,https://aca-prod.accela.com/TAMPA/Cap/CapDetail.aspx?Module=Building&TabName=Building&capID1=26CAP&capID2=00000&capID3=00MMI&agencyCode=TAMPA
rec-285f528d55d903ce,CONSTRUCTION_INSPECTIONS|NATIVE|BLD-26-0524427,src-f4070371149b1a10,tpa-dc7bf4ecde575f,construction_inspections,BLD-26-0524427,2026-04-17,2026-04,permit_record_created,CREATEDDATE,source_record_metadata,0,0,2026-08-23,2026-08,2026-09-01,2026-09,2026-09-01,2026-09,2,1,Issued,SEC -Int. Alteration - Ste 262A - Kendra Scott,Commercial Building Alterations (Renovations),2223 N West Shore Blvd,Westshore,https://aca-prod.accela.com/TAMPA/Cap/CapDetail.aspx?Module=Building&TabName=Building&capID1=26CAP&capID2=00000&capID3=00MOS&agencyCode=TAMPA
rec-2ac88b4edd8cfafd,CONSTRUCTION_INSPECTIONS|NATIVE|BLD-26-0524394,src-2bb3d477bbc1421c,tpa-b60cbd140d0327,construction_inspections,BLD-26-0524394,2026-04-17,2026-04,permit_record_created,CREATEDDATE,source_record_metadata,0,0,2026-08-23,2026-08,2026-09-01,2026-09,2026-09-01,2026-09,2,1,Issued,Interior ALT,Residential Building Alterations (Renovations),9415 N 22nd St,Tampa Overlook,https://aca-prod.accela.com/TAMPA/Cap/CapDetail.aspx?Module=Building&TabName=Building&capID1=26CAP&capID2=00000&capID3=00MFV&agencyCode=TAMPA
rec-2bad4849fa56eec1,CONSTRUCTION_INSPECTIONS|NATIVE|BDE-26-0445475,src-94a60d2515648784,tpa-210e8e9787b2b7,construction_inspections,BDE-26-0445475,2026-04-14,2026-04,permit_record_created,CREATEDDATE,source_record_metadata,0,0,2026-08-23,2026-08,2026-09-01,2026-09,2026-09-01,2026-09,2,1,Issued,DEMO SFR and detached structure,Residential Demolition Permit,4420 W Kensington Ave,Belmar Gardens,https://aca-prod.accela.com/TAMPA/Cap/CapDetail.aspx?Module=Building&TabName=Building&capID1=26CAP&capID2=00000&capID3=00LJU&agencyCode=TAMPA
rec-3022724ed688c8ff,CONSTRUCTION_INSPECTIONS|NATIVE|BLD-26-0524030,src-4e9863aa7964224f,tpa-99c17b5152ca1d,construction_inspections,BLD-26-0524030,2026-04-06,2026-04,permit_record_created,CREATEDDATE,source_record_metadata,0,0,2026-08-23,2026-08,2026-09-01,2026-09,2026-09-01,2026-09,2,1,Issued,OWNER Carport conversion - Office space,Residential New Construction and Additions (1 and 2 Family),10932 N 21st St,University Square,https://aca-prod.accela.com/TAMPA/Cap/CapDetail.aspx?Module=Building&TabName=Building&capID1=26CAP&capID2=00000&capID3=00JSR&agencyCode=TAMPA
rec-33f13281ae7f2ead,CONSTRUCTION_INSPECTIONS|NATIVE|BLD-26-0524480,src-e2eb249577f8b289,tpa-f335765362b5a5,construction_inspections,BLD-26-0524480,2026-04-21,2026-04,permit_record_created,CREATEDDATE,source_record_metadata,0,0,2026-08-23,2026-08,2026-09-01,2026-09,2026-09-01,2026-09,2,1,Issued,FEMA - New 2-Story SFR,Residential New Construction and Additions (1 and 2 Family),4420 W Kensington Ave,Belmar Gardens,https://aca-prod.accela.com/TAMPA/Cap/CapDetail.aspx?Module=Building&TabName=Building&capID1=26CAP&capID2=00000&capID3=00N74&agencyCode=TAMPA
rec-36f153d007356117,CONSTRUCTION_INSPECTIONS|NATIVE|BLD-26-0524211,src-27f6d80918066c30,tpa-d69e87b023695a,construction_inspections,BLD-26-0524211,2026-04-10,2026-04,permit_record_created,CREATEDDATE,source_record_metadata,0,0,2026-08-23,2026-08,2026-09-01,2026-09,2026-09-01,2026-09,2,1,Issued,Accelerated Project | ACCELERATED AFFORDABLE HOUSING: Int./Ext. reno,Residential Building Alterations (Renovations),6703 N 31st St,Rivergrove,https://aca-prod.accela.com/TAMPA/Cap/CapDetail.aspx?Module=Building&TabName=Building&capID1=26CAP&capID2=00000&capID3=00L2S&agencyCode=TAMPA
rec-37d13b188227d4cb,CONSTRUCTION_INSPECTIONS|NATIVE|BLD-26-0524217,src-ec6c3fb254c2b9d6,tpa-60ffb36d4567ae,construction_inspections,BLD-26-0524217,2026-04-11,2026-04,permit_record_created,CREATEDDATE,source_record_metadata,0,0,2026-08-23,2026-08,2026-09-01,2026-09,2026-09-01,2026-09,2,1,Revision,FEMA:PP:New 2-story SFR,Residential New Construction and Additions (1 and 2 Family),4729 W Knights Ave,Bayside West,https://aca-prod.accela.com/TAMPA/Cap/CapDetail.aspx?Module=Building&TabName=Building&capID1=26CAP&capID2=00000&capID3=00L3L&agencyCode=TAMPA
rec-38d7c5f61b2549fb,CONSTRUCTION_INSPECTIONS|NATIVE|BDE-26-0445462,,,construction_inspections,BDE-26-0445462,2026-04-09,2026-04,permit_record_created,CREATEDDATE,source_record_metadata,0,0,2026-09-01,2026-09,2026-09-01,2026-09,2026-09-01,2026-09,1,1,Issued,Demo Garage,Residential Demolition Permit,1401 Nance Ave,Historic Hyde Park,https://aca-prod.accela.com/TAMPA/Cap/CapDetail.aspx?Module=Building&TabName=Building&capID1=26CAP&capID2=00000&capID3=00KKR&agencyCode=TAMPA
rec-3b49bcfdb7324255,CONSTRUCTION_INSPECTIONS|NATIVE|BLD-26-0524723,src-d8aea09f7afc31c8,tpa-caa73d21cd3382,construction_inspections,BLD-26-0524723,2026-04-30,2026-04,permit_record_created,CREATEDDATE,source_record_metadata,0,0,2026-08-23,2026-08,2026-08-23,2026-08,2026-08-23,2026-08,1,0,Issued,Interior / Exterior Remodel,Residential Building Alterations (Renovations),315 W Hilda St,South Seminole Heights,https://aca-prod.accela.com/TAMPA/Cap/CapDetail.aspx?Module=Building&TabName=Building&capID1=26CAP&capID2=00000&capID3=00P6L&agencyCode=TAMPA
rec-3fd615e9f3ea7ed9,CONSTRUCTION_INSPECTIONS|NATIVE|BDE-26-0445450,src-9f6486662dcdea61,tpa-524ecb489a0236,construction_inspections,BDE-26-0445450,2026-04-06,2026-04,permit_record_created,CREATEDDATE,source_record_metadata,0,0,2026-08-23,2026-08,2026-09-01,2026-09,2026-09-01,2026-09,2,1,Issued,Demo SFR,Residential Demolition Permit,3415 N 51st St,Grant Park,https://aca-prod.accela.com/TAMPA/Cap/CapDetail.aspx?Module=Building&TabName=Building&capID1=26CAP&capID2=00000&capID3=00JPJ&agencyCode=TAMPA
rec-40df73fa29d8a0d2,CONSTRUCTION_INSPECTIONS|NATIVE|BLD-26-0524685,src-5946a5d97e510c97,tpa-f8da5522d21409,construction_inspections,BLD-26-0524685,2026-04-29,2026-04,permit_record_created,CREATEDDATE,source_record_metadata,0,0,2026-08-23,2026-08,2026-09-01,2026-09,2026-09-01,2026-09,2,1,Issued,PP:Addition - Rear,Residential New Construction and Additions (1 and 2 Family),909 W Coral St,Riverside Heights,https://aca-prod.accela.com/TAMPA/Cap/CapDetail.aspx?Module=Building&TabName=Building&capID1=26CAP&capID2=00000&capID3=00OT7&agencyCode=TAMPA
rec-4194b9d1d919553a,CONSTRUCTION_INSPECTIONS|NATIVE|BDE-26-0445481,src-b8445bbadc0ac426,tpa-e2e5473f3f5371,construction_inspections,BDE-26-0445481,2026-04-15,2026-04,permit_record_created,CREATEDDATE,source_record_metadata,0,0,2026-08-23,2026-08,2026-09-01,2026-09,2026-09-01,2026-09,2,1,Issued,Demo SFR & Shed,Residential Demolition Permit,7009 N 15th St,Old Seminole Heights,https://aca-prod.accela.com/TAMPA/Cap/CapDetail.aspx?Module=Building&TabName=Building&capID1=26CAP&capID2=00000&capID3=00LRU&agencyCode=TAMPA
rec-422a09d478a5255b,CONSTRUCTION_INSPECTIONS|NATIVE|BLD-26-0524467,src-feeb8b6d0f6fe219,tpa-6107f72192cc63,construction_inspections,BLD-26-0524467,2026-04-21,2026-04,permit_record_created,CREATEDDATE,source_record_metadata,0,0,2026-08-23,2026-08,2026-09-01,2026-09,2026-09-01,2026-09,2,1,Issued,PP:New 2-Story SFR,Residential New Construction and Additions (1 and 2 Family),3411 W Beaumont St,Bayshore Beautiful,https://aca-prod.accela.com/TAMPA/Cap/CapDetail.aspx?Module=Building&TabName=Building&capID1=26CAP&capID2=00000&capID3=00N1P&agencyCode=TAMPA
rec-43e728ac0af4fe5b,CONSTRUCTION_INSPECTIONS|NATIVE|BLD-26-0524171,src-280c6c58c2608997,tpa-927f759bc90877,construction_inspections,BLD-26-0524171,2026-04-09,2026-04,permit_record_created,CREATEDDATE,source_record_metadata,0,0,2026-08-23,2026-08,2026-09-01,2026-09,2026-09-01,2026-09,2,1,Issued,New SFR,Residential New Construction and Additions (1 and 2 Family),1707 E Sitka St,Sulphur Springs,https://aca-prod.accela.com/TAMPA/Cap/CapDetail.aspx?Module=Building&TabName=Building&capID1=26CAP&capID2=00000&capID3=00KTU&agencyCode=TAMPA
rec-44d667782a9b3124,CONSTRUCTION_INSPECTIONS|NATIVE|BLD-26-0524307,src-59a02707678865de,tpa-ec96c60f9a44f0,construction_inspections,BLD-26-0524307,2026-04-14,2026-04,permit_record_created,CREATEDDATE,source_record_metadata,0,0,2026-08-23,2026-08,2026-09-01,2026-09,2026-09-01,2026-09,2,1,Issued,New 2-Story SFR,Residential New Construction and Additions (1 and 2 Family),1402 E Cayuga St,Southeast Seminole Heights,https://aca-prod.accela.com/TAMPA/Cap/CapDetail.aspx?Module=Building&TabName=Building&capID1=26CAP&capID2=00000&capID3=00LPA&agencyCode=TAMPA
rec-47378d72bac5e18b,CONSTRUCTION_INSPECTIONS|NATIVE|BLD-26-0524101,src-9e9313eccdcb111f,tpa-708d8c0f077c42,construction_inspections,BLD-26-0524101,2026-04-08,2026-04,permit_record_created,CREATEDDATE,source_record_metadata,0,0,2026-08-23,2026-08,2026-09-01,2026-09,2026-09-01,2026-09,2,1,Issued,OWNER: Addition - Family Room,Residential New Construction and Additions (1 and 2 Family),7805 N Boulevard,Lowry Park Central,https://aca-prod.accela.com/TAMPA/Cap/CapDetail.aspx?Module=Building&TabName=Building&capID1=26CAP&capID2=00000&capID3=00KAX&agencyCode=TAMPA
rec-48abda4877b9eaa1,CONSTRUCTION_INSPECTIONS|NATIVE|BLD-26-0524539,src-ed84b97359643b62,tpa-32838c7def9c6e,construction_inspections,BLD-26-0524539,2026-04-23,2026-04,permit_record_created,CREATEDDATE,source_record_metadata,0,0,2026-08-23,2026-08,2026-09-01,2026-09,2026-09-01,2026-09,2,1,Issued,Interior/Exterior Alteration,Residential Building Alterations (Renovations),7806 N Orleans Ave,Lowry Park Central,https://aca-prod.accela.com/TAMPA/Cap/CapDetail.aspx?Module=Building&TabName=Building&capID1=26CAP&capID2=00000&capID3=00NOV&agencyCode=TAMPA
rec-499d58a371eb48de,CONSTRUCTION_INSPECTIONS|NATIVE|BDE-26-0445509,src-069ab514ce15de2e,tpa-82ce3d8874fa01,construction_inspections,BDE-26-0445509,2026-04-27,2026-04,permit_record_created,CREATEDDATE,source_record_metadata,0,0,2026-08-23,2026-08,2026-09-01,2026-09,2026-09-01,2026-09,2,1,Issued,DEMO SFR,Residential Demolition Permit,812 S MacDill Ave,Parkland Estates,https://aca-prod.accela.com/TAMPA/Cap/CapDetail.aspx?Module=Building&TabName=Building&capID1=26CAP&capID2=00000&capID3=00O51&agencyCode=TAMPA
rec-4a6cf1c28b9284e6,CONSTRUCTION_INSPECTIONS|NATIVE|BLD-26-0524334,src-787fe35a85a80486,tpa-33c106491bf7a4,construction_inspections,BLD-26-0524334,2026-04-15,2026-04,permit_record_created,CREATEDDATE,source_record_metadata,0,0,2026-08-23,2026-08,2026-09-01,2026-09,2026-09-01,2026-09,2,1,Revision,Remodel,Residential Building Alterations (Renovations),5115 E 17th Ave,Florence Villa,https://aca-prod.accela.com/TAMPA/Cap/CapDetail.aspx?Module=Building&TabName=Building&capID1=26CAP&capID2=00000&capID3=00LW9&agencyCode=TAMPA
rec-4c007202921695c1,CONSTRUCTION_INSPECTIONS|NATIVE|BLD-26-0524487,src-945ecf09473b6fb0,tpa-281623cf56bec4,construction_inspections,BLD-26-0524487,2026-04-21,2026-04,permit_record_created,CREATEDDATE,source_record_metadata,0,0,2026-08-23,2026-08,2026-09-01,2026-09,2026-09-01,2026-09,2,1,Issued,Expedited Project | Interior Alterations,Residential Building Alterations (Renovations),2442 W Prospect Rd,Palma Ceia,https://aca-prod.accela.com/TAMPA/Cap/CapDetail.aspx?Module=Building&TabName=Building&capID1=26CAP&capID2=00000&capID3=00N85&agencyCode=TAMPA
rec-4d34384e288e955b,CONSTRUCTION_INSPECTIONS|NATIVE|BLD-26-0524499,src-338503d92fa0f86b,tpa-a45b3c67267ea2,construction_inspections,BLD-26-0524499,2026-04-22,2026-04,permit_record_created,CREATEDDATE,source_record_metadata,0,0,2026-08-23,2026-08,2026-09-01,2026-09,2026-09-01,2026-09,2,1,Issued,New SFR,Residential New Construction and Additions (1 and 2 Family),3002 E Diana St,Rivergrove,https://aca-prod.accela.com/TAMPA/Cap/CapDetail.aspx?Module=Building&TabName=Building&capID1=26CAP&capID2=00000&capID3=00NBA&agencyCode=TAMPA
rec-4e3ac8693e48dae6,CONSTRUCTION_INSPECTIONS|NATIVE|BLD-26-0524355,src-79e0211824662fc6,tpa-1b0af2110fb040,construction_inspections,BLD-26-0524355,2026-04-15,2026-04,permit_record_created,CREATEDDATE,source_record_metadata,0,0,2026-08-23,2026-08,2026-09-01,2026-09,2026-09-01,2026-09,2,1,Issued,Interior/exterior remodel,Residential Building Alterations (Renovations),11328 N Oakleaf Ave,Forest Hills,https://aca-prod.accela.com/TAMPA/Cap/CapDetail.aspx?Module=Building&TabName=Building&capID1=26CAP&capID2=00000&capID3=00M14&agencyCode=TAMPA
rec-55777b3585b4b817,CONSTRUCTION_INSPECTIONS|NATIVE|BLD-26-0524383,src-9885ee8929258403,tpa-5354d09196a44e,construction_inspections,BLD-26-0524383,2026-04-16,2026-04,permit_record_created,CREATEDDATE,source_record_metadata,0,0,2026-08-23,2026-08,2026-09-01,2026-09,2026-09-01,2026-09,2,1,Issued,PP: New 2-Story SFR,Residential New Construction and Additions (1 and 2 Family),3915 W Cass St,North Bon Air,https://aca-prod.accela.com/TAMPA/Cap/CapDetail.aspx?Module=Building&TabName=Building&capID1=26CAP&capID2=00000&capID3=00MBG&agencyCode=TAMPA
rec-589e3928ceab38ea,CONSTRUCTION_INSPECTIONS|NATIVE|BLD-26-0524649,src-1f06ee5d14eaff85,tpa-7f5ef138d26dbb,construction_inspections,BLD-26-0524649,2026-04-28,2026-04,permit_record_created,CREATEDDATE,source_record_metadata,0,0,2026-08-23,2026-08,2026-09-01,2026-09,2026-09-01,2026-09,2,1,Revision,FEMA: PP: Int/Ext Remodel: TGH-USF MUMA / CHIVUKULA,Commercial New Construction and Additions,509 S Hyde Park Ave,Hyde Park Spanishtown Creek,https://aca-prod.accela.com/TAMPA/Cap/CapDetail.aspx?Module=Building&TabName=Building&capID1=26CAP&capID2=00000&capID3=00OI1&agencyCode=TAMPA
rec-5bbd3f0e6690aeaf,CONSTRUCTION_INSPECTIONS|NATIVE|BDE-26-0445478,src-8edb7882cc18add4,tpa-82d224800f48ca,construction_inspections,BDE-26-0445478,2026-04-14,2026-04,permit_record_created,CREATEDDATE,source_record_metadata,0,0,2026-08-23,2026-08,2026-09-01,2026-09,2026-09-01,2026-09,2,1,Issued,Demo SFR,Residential Demolition Permit,4629 W Leona St,Sunset Park,https://aca-prod.accela.com/TAMPA/Cap/CapDetail.aspx?Module=Building&TabName=Building&capID1=26CAP&capID2=00000&capID3=00LNC&agencyCode=TAMPA
rec-5cc7940779cf97a5,CONSTRUCTION_INSPECTIONS|NATIVE|BLD-26-0524593,src-a390a8bc42bedbda,tpa-a4fafac80ba4e3,construction_inspections,BLD-26-0524593,2026-04-27,2026-04,permit_record_created,CREATEDDATE,source_record_metadata,0,0,2026-08-23,2026-08,2026-09-01,2026-09,2026-09-01,2026-09,2,1,Issued,PP: NEW SFR 2 Story,Residential New Construction and Additions (1 and 2 Family),2528 W Watrous Ave,New Suburb Beautiful,https://aca-prod.accela.com/TAMPA/Cap/CapDetail.aspx?Module=Building&TabName=Building&capID1=26CAP&capID2=00000&capID3=00O34&agencyCode=TAMPA
rec-5f77ffe2b22bbfd7,CONSTRUCTION_INSPECTIONS|NATIVE|BLD-26-0524389,src-5a3301c001e74f79,tpa-2aa4aa502cc770,construction_inspections,BLD-26-0524389,2026-04-17,2026-04,permit_record_created,CREATEDDATE,source_record_metadata,0,0,2026-08-23,2026-08,2026-09-01,2026-09,2026-09-01,2026-09,2,1,Revision,EARLY START - Interior Reno - La Victoria Mexican Restaurant- MEPs and Fire,Commercial Building Alterations (Renovations),105 W Tyler St,Downtown River Arts,https://aca-prod.accela.com/TAMPA/Cap/CapDetail.aspx?Module=Building&TabName=Building&capID1=26CAP&capID2=00000&capID3=00ME3&agencyCode=TAMPA
rec-5fb139baad7efc7b,CONSTRUCTION_INSPECTIONS|NATIVE|BLD-26-0524249,src-29848c396725e22a,tpa-6fd7f19befdce6,construction_inspections,BLD-26-0524249,2026-04-13,2026-04,permit_record_created,CREATEDDATE,source_record_metadata,0,0,2026-08-23,2026-08,2026-09-01,2026-09,2026-09-01,2026-09,2,1,Issued,PP:New 2-Story SFR,Residential New Construction and Additions (1 and 2 Family),4110 W San Luis St,Virginia Park,https://aca-prod.accela.com/TAMPA/Cap/CapDetail.aspx?Module=Building&TabName=Building&capID1=26CAP&capID2=00000&capID3=00LBY&agencyCode=TAMPA
rec-6003fc426463b134,CONSTRUCTION_INSPECTIONS|NATIVE|BLD-26-0524229,,,construction_inspections,BLD-26-0524229,2026-04-13,2026-04,permit_record_created,CREATEDDATE,source_record_metadata,0,0,2026-09-01,2026-09,2026-09-01,2026-09,2026-09-01,2026-09,1,1,Revision,PP: Interior Remodel,Residential Building Alterations (Renovations),2419 W Prospect Rd,New Suburb Beautiful,https://aca-prod.accela.com/TAMPA/Cap/CapDetail.aspx?Module=Building&TabName=Building&capID1=26CAP&capID2=00000&capID3=00L6H&agencyCode=TAMPA
rec-633d626cd7663d6b,CONSTRUCTION_INSPECTIONS|NATIVE|BLD-26-0524614,src-bbaed27b0664660a,tpa-29986d3989d8d1,construction_inspections,BLD-26-0524614,2026-04-27,2026-04,permit_record_created,CREATEDDATE,source_record_metadata,0,0,2026-08-23,2026-08,2026-09-01,2026-09,2026-09-01,2026-09,2,1,Issued,PP: New Simple Fee TownHome,Residential New Construction and Additions (1 and 2 Family),1417 E 29th Ave,Ybor Heights Neighborhood Association and Watch Group,https://aca-prod.accela.com/TAMPA/Cap/CapDetail.aspx?Module=Building&TabName=Building&capID1=26CAP&capID2=00000&capID3=00O5N&agencyCode=TAMPA
rec-6399555ccca0d261,CONSTRUCTION_INSPECTIONS|NATIVE|BLD-26-0523942,src-8728269ffab62aa4,tpa-e9c9af051d3916,construction_inspections,BLD-26-0523942,2026-04-01,2026-04,permit_record_created,CREATEDDATE,source_record_metadata,0,0,2026-08-23,2026-08,2026-09-01,2026-09,2026-09-01,2026-09,2,1,Issued,Bathroom remodel,Residential Building Alterations (Renovations),8955 Magnolia Chase Cir,Hunter's Green Magnolia Chase,https://aca-prod.accela.com/TAMPA/Cap/CapDetail.aspx?Module=Building&TabName=Building&capID1=26CAP&capID2=00000&capID3=00J1B&agencyCode=TAMPA
rec-63ff61c7b0725d81,CONSTRUCTION_INSPECTIONS|NATIVE|BLD-26-0524406,src-dd52352b059ca76c,tpa-645dc55b32acba,construction_inspections,BLD-26-0524406,2026-04-17,2026-04,permit_record_created,CREATEDDATE,source_record_metadata,0,0,2026-08-23,2026-08,2026-09-01,2026-09,2026-09-01,2026-09,2,1,Revision,PP: New 2 Story Townhouse - right unit,Residential New Construction and Additions (1 and 2 Family),1421 E 29th Ave,Ybor Heights Neighborhood Association and Watch Group,https://aca-prod.accela.com/TAMPA/Cap/CapDetail.aspx?Module=Building&TabName=Building&capID1=26CAP&capID2=00000&capID3=00MJ0&agencyCode=TAMPA
rec-684d995191f6a2a9,CONSTRUCTION_INSPECTIONS|NATIVE|BLD-26-0524431,src-51588ef5c5f7a683,tpa-b1d12a9597cf8a,construction_inspections,BLD-26-0524431,2026-04-20,2026-04,permit_record_created,CREATEDDATE,source_record_metadata,0,0,2026-08-23,2026-08,2026-09-01,2026-09,2026-09-01,2026-09,2,1,Issued,Interior/Exterior Alteration - Tenant Buildout - Center Connect Development,Commercial Building Alterations (Renovations),1308 W Chestnut St,West River,https://aca-prod.accela.com/TAMPA/Cap/CapDetail.aspx?Module=Building&TabName=Building&capID1=26CAP&capID2=00000&capID3=00MR6&agencyCode=TAMPA
rec-69b0e58d397feba8,CONSTRUCTION_INSPECTIONS|NATIVE|BLD-26-0524612,src-1a05f72697f5568f,tpa-97e7307cdddcbb,construction_inspections,BLD-26-0524612,2026-04-27,2026-04,permit_record_created,CREATEDDATE,source_record_metadata,0,0,2026-08-23,2026-08,2026-09-01,2026-09,2026-09-01,2026-09,2,1,Issued,Enclosing porch/ Int. Remodel/ Driveway,Residential New Construction and Additions (1 and 2 Family),7019 N Willow Ave,Lowry Park Central,https://aca-prod.accela.com/TAMPA/Cap/CapDetail.aspx?Module=Building&TabName=Building&capID1=26CAP&capID2=00000&capID3=00O5I&agencyCode=TAMPA
rec-6a1d4b1c883f954e,CONSTRUCTION_INSPECTIONS|NATIVE|BDE-26-0445497,src-2303427bba4ccfae,tpa-070ce9870abedd,construction_inspections,BDE-26-0445497,2026-04-21,2026-04,permit_record_created,CREATEDDATE,source_record_metadata,0,0,2026-08-23,2026-08,2026-09-01,2026-09,2026-09-01,2026-09,2,1,Issued,Demo SFR,Residential Demolition Permit,1936 W Cypress St,North Hyde Park,https://aca-prod.accela.com/TAMPA/Cap/CapDetail.aspx?Module=Building&TabName=Building&capID1=26CAP&capID2=00000&capID3=00N2K&agencyCode=TAMPA
rec-6d99549edb55c3eb,CONSTRUCTION_INSPECTIONS|NATIVE|BLD-26-0524688,src-f337a4e572a6d703,tpa-f3991dc5bf6348,construction_inspections,BLD-26-0524688,2026-04-29,2026-04,permit_record_created,CREATEDDATE,source_record_metadata,0,0,2026-08-23,2026-08,2026-08-23,2026-08,2026-08-23,2026-08,1,0,Issued,PP: remodel/ Window replacement/ Sheathing /stucco,Residential Building Alterations (Renovations),18912 Nest Fern Cir,West Meadows,https://aca-prod.accela.com/TAMPA/Cap/CapDetail.aspx?Module=Building&TabName=Building&capID1=26CAP&capID2=00000&capID3=00OUK&agencyCode=TAMPA
rec-73209f6fde6ad950,CONSTRUCTION_INSPECTIONS|NATIVE|BLD-26-0524581,src-2d10ce7742e10c42,tpa-f6ec6ae0556677,construction_inspections,BLD-26-0524581,2026-04-22,2026-04,permit_record_created,CREATEDDATE,source_record_metadata,0,0,2026-08-23,2026-08,2026-09-01,2026-09,2026-09-01,2026-09,2,1,Issued,Interior/Exterior Alteration - ALDI,Commercial Building Alterations (Renovations),2100 W Swann Ave,Parkland Estates,https://aca-prod.accela.com/TAMPA/Cap/CapDetail.aspx?Module=Building&TabName=Building&capID1=26CAP&capID2=00000&capID3=00O04&agencyCode=TAMPA
rec-764cf49e00842e42,CONSTRUCTION_INSPECTIONS|NATIVE|BLD-26-0524643,src-6ad48fc1f07bcefe,tpa-3e0edd6e52cb30,construction_inspections,BLD-26-0524643,2026-04-28,2026-04,permit_record_created,CREATEDDATE,source_record_metadata,0,0,2026-08-23,2026-08,2026-09-01,2026-09,2026-09-01,2026-09,2,1,Revision,Interior/Exterior Alteration,Residential Building Alterations (Renovations),3100 W Paul Ave,Interbay - South of Gandy,https://aca-prod.accela.com/TAMPA/Cap/CapDetail.aspx?Module=Building&TabName=Building&capID1=26CAP&capID2=00000&capID3=00OGE&agencyCode=TAMPA
rec-7677ded2074aa941,CONSTRUCTION_INSPECTIONS|NATIVE|BLD-26-0523994,src-4532459ebd362098,tpa-effe87a3691d9a,construction_inspections,BLD-26-0523994,2026-04-03,2026-04,permit_record_created,CREATEDDATE,source_record_metadata,0,0,2026-08-23,2026-08,2026-09-01,2026-09,2026-09-01,2026-09,2,1,Issued,FEMA - Addition,Residential New Construction and Additions (1 and 2 Family),3312 Sierra Cir,Belmar Gardens,https://aca-prod.accela.com/TAMPA/Cap/CapDetail.aspx?Module=Building&TabName=Building&capID1=26CAP&capID2=00000&capID3=00JL1&agencyCode=TAMPA
rec-787bec176178266c,CONSTRUCTION_INSPECTIONS|NATIVE|BLD-26-0524623,src-d417bb608cc65550,tpa-699a44c102d01c,construction_inspections,BLD-26-0524623,2026-04-27,2026-04,permit_record_created,CREATEDDATE,source_record_metadata,0,0,2026-08-23,2026-08,2026-09-01,2026-09,2026-09-01,2026-09,2,1,Issued,FEMA - Interior Alteration - Suite 1000 - Enavate,Commercial Building Alterations (Renovations),600 N West Shore Blvd,Westshore,https://aca-prod.accela.com/TAMPA/Cap/CapDetail.aspx?Module=Building&TabName=Building&capID1=26CAP&capID2=00000&capID3=00O7I&agencyCode=TAMPA
rec-7a04a66a8adcbc95,CONSTRUCTION_INSPECTIONS|NATIVE|BLD-26-0524363,src-3afbcaaa66458242,tpa-92c7dfcf3e5528,construction_inspections,BLD-26-0524363,2026-04-16,2026-04,permit_record_created,CREATEDDATE,source_record_metadata,0,0,2026-08-23,2026-08,2026-09-01,2026-09,2026-09-01,2026-09,2,1,Issued,PP: Detached garage ALT,Residential Building Alterations (Renovations),2713 W Fountain Blvd,Parkland Estates,https://aca-prod.accela.com/TAMPA/Cap/CapDetail.aspx?Module=Building&TabName=Building&capID1=26CAP&capID2=00000&capID3=00M48&agencyCode=TAMPA
rec-7a60c74c98077fb2,CONSTRUCTION_INSPECTIONS|NATIVE|BLD-26-0524159,src-8f3648e07b54cce5,tpa-e6e4ab4d9721f5,construction_inspections,BLD-26-0524159,2026-04-09,2026-04,permit_record_created,CREATEDDATE,source_record_metadata,0,0,2026-08-23,2026-08,2026-09-01,2026-09,2026-09-01,2026-09,2,1,Issued,"PP: Interior Alterations - Dr. Matt Robison, DDS",Commercial Building Alterations (Renovations),1203 Ray Charles Blvd,Encore,https://aca-prod.accela.com/TAMPA/Cap/CapDetail.aspx?Module=Building&TabName=Building&capID1=26CAP&capID2=00000&capID3=00KS2&agencyCode=TAMPA
rec-7bb20d5ef6bfe8e6,CONSTRUCTION_INSPECTIONS|NATIVE|BLD-26-0524354,src-e349a235f74d7eb0,tpa-55acda4f99e46c,construction_inspections,BLD-26-0524354,2026-04-15,2026-04,permit_record_created,CREATEDDATE,source_record_metadata,0,0,2026-08-23,2026-08,2026-09-01,2026-09,2026-09-01,2026-09,2,1,Issued,OWNER: Interior remodel,Residential Building Alterations (Renovations),3416 W Morrison Ave,Golfview,https://aca-prod.accela.com/TAMPA/Cap/CapDetail.aspx?Module=Building&TabName=Building&capID1=26CAP&capID2=00000&capID3=00M0V&agencyCode=TAMPA
rec-7cfa7b468b469f0e,CONSTRUCTION_INSPECTIONS|NATIVE|BLD-26-0524089|GLOBALID|{A06B303A-9344-4181-A1AE-5DEB3B5B8CA0},src-6d3da8ddc1f41d6f,tpa-f7c57b82ababc6,construction_inspections,BLD-26-0524089,2026-04-07,2026-04,permit_record_created,CREATEDDATE,source_record_metadata,0,0,2026-08-23,2026-08,2026-08-23,2026-08,2026-08-23,2026-08,1,0,Issued,PP:New 2-Story SFR,Residential New Construction and Additions (1 and 2 Family),3004 W North A St,Armory Gardens,https://aca-prod.accela.com/TAMPA/Cap/CapDetail.aspx?Module=Building&TabName=Building&capID1=26CAP&capID2=00000&capID3=00K64&agencyCode=TAMPA
rec-7df7c19ade953a5d,CONSTRUCTION_INSPECTIONS|NATIVE|BLD-26-0524122,,,construction_inspections,BLD-26-0524122,2026-04-08,2026-04,permit_record_created,CREATEDDATE,source_record_metadata,0,0,2026-09-01,2026-09,2026-09-01,2026-09,2026-09-01,2026-09,1,1,Issued,Ext ALT- New Front Porch Entry/ Driveway,Residential New Construction and Additions (1 and 2 Family),3905 N Lynn Ave,Tampa Heights,https://aca-prod.accela.com/TAMPA/Cap/CapDetail.aspx?Module=Building&TabName=Building&capID1=26CAP&capID2=00000&capID3=00KIL&agencyCode=TAMPA
rec-7fbbb8eeba0f6bf1,CONSTRUCTION_INSPECTIONS|NATIVE|BDE-26-0445474,src-1bbd2674b58c50a2,tpa-3951481cdf97c7,construction_inspections,BDE-26-0445474,2026-04-13,2026-04,permit_record_created,CREATEDDATE,source_record_metadata,0,0,2026-08-23,2026-08,2026-09-01,2026-09,2026-09-01,2026-09,2,1,Issued,OWNER 2737 W Green St (ACA),Residential Demolition Permit,2737 W Green St,Macfarlane Park,https://aca-prod.accela.com/TAMPA/Cap/CapDetail.aspx?Module=Building&TabName=Building&capID1=26CAP&capID2=00000&capID3=00LFQ&agencyCode=TAMPA
rec-80d150b2c49ea2e8,CONSTRUCTION_INSPECTIONS|NATIVE|BLD-26-0524702,src-bd40536be4005ef4,tpa-661bab5f7188ad,construction_inspections,BLD-26-0524702,2026-04-30,2026-04,permit_record_created,CREATEDDATE,source_record_metadata,0,0,2026-08-23,2026-08,2026-09-01,2026-09,2026-09-01,2026-09,2,1,Issued,SEC - Interior Alteration - Suite 250,Commercial Building Alterations (Renovations),4301 W Boy Scout Blvd,Westshore,https://aca-prod.accela.com/TAMPA/Cap/CapDetail.aspx?Module=Building&TabName=Building&capID1=26CAP&capID2=00000&capID3=00P1G&agencyCode=TAMPA
rec-8221439f00cd14fa,CONSTRUCTION_INSPECTIONS|NATIVE|BDE-26-0445513,src-fd614078a933f962,tpa-9ad147a0271cc2,construction_inspections,BDE-26-0445513,2026-04-27,2026-04,permit_record_created,CREATEDDATE,source_record_metadata,0,0,2026-08-23,2026-08,2026-09-01,2026-09,2026-09-01,2026-09,2,1,Issued,DEMO SFR,Residential Demolition Permit,2407 S Hale Ave,Palma Ceia West,https://aca-prod.accela.com/TAMPA/Cap/CapDetail.aspx?Module=Building&TabName=Building&capID1=26CAP&capID2=00000&capID3=00O9E&agencyCode=TAMPA
rec-8451cc4c4f499ef4,CONSTRUCTION_INSPECTIONS|NATIVE|BLD-26-0524268,src-c6763156a2ba1d4b,tpa-fd9ff070386d38,construction_inspections,BLD-26-0524268,2026-04-14,2026-04,permit_record_created,CREATEDDATE,source_record_metadata,0,0,2026-08-23,2026-08,2026-09-01,2026-09,2026-09-01,2026-09,2,1,Revision,PP:New 2-Story SFR,Residential New Construction and Additions (1 and 2 Family),8010 N 14th St,Sulphur Springs,https://aca-prod.accela.com/TAMPA/Cap/CapDetail.aspx?Module=Building&TabName=Building&capID1=26CAP&capID2=00000&capID3=00LI3&agencyCode=TAMPA
rec-86316fab73a4972f,CONSTRUCTION_INSPECTIONS|NATIVE|BLD-26-0523985,src-964b81653d19e305,tpa-1b70a1341d270f,construction_inspections,BLD-26-0523985,2026-04-02,2026-04,permit_record_created,CREATEDDATE,source_record_metadata,0,0,2026-08-23,2026-08,2026-09-01,2026-09,2026-09-01,2026-09,2,1,Issued,Interior ALT,Residential Building Alterations (Renovations),1008 W Banister Ave,Wellswood,https://aca-prod.accela.com/TAMPA/Cap/CapDetail.aspx?Module=Building&TabName=Building&capID1=26CAP&capID2=00000&capID3=00JIW&agencyCode=TAMPA
rec-89085b2d54d6ed23,CONSTRUCTION_INSPECTIONS|NATIVE|BDE-26-0445483,src-463e53d43603e4a0,tpa-e47a809bd2dc0c,construction_inspections,BDE-26-0445483,2026-04-15,2026-04,permit_record_created,CREATEDDATE,source_record_metadata,0,0,2026-08-23,2026-08,2026-09-01,2026-09,2026-09-01,2026-09,2,1,Issued,Demo SFR,Residential Demolition Permit,4214 E Curtis St,Eastern Heights,https://aca-prod.accela.com/TAMPA/Cap/CapDetail.aspx?Module=Building&TabName=Building&capID1=26CAP&capID2=00000&capID3=00LXH&agencyCode=TAMPA
rec-89b61c494055e622,CONSTRUCTION_INSPECTIONS|NATIVE|BLD-26-0524461,src-ad81439e9834b939,tpa-fce325d3d76d40,construction_inspections,BLD-26-0524461,2026-04-21,2026-04,permit_record_created,CREATEDDATE,source_record_metadata,0,0,2026-08-23,2026-08,2026-09-01,2026-09,2026-09-01,2026-09,2,1,Issued,FEMA - Interior Alteration,Residential Building Alterations (Renovations),20108 Bending Creek Pl,Grand Hampton,https://aca-prod.accela.com/TAMPA/Cap/CapDetail.aspx?Module=Building&TabName=Building&capID1=26CAP&capID2=00000&capID3=00MZR&agencyCode=TAMPA
rec-8ce98a2a40124e52,CONSTRUCTION_INSPECTIONS|NATIVE|BLD-26-0524325,src-ba19123259b29817,tpa-8b7ee5586fa4af,construction_inspections,BLD-26-0524325,2026-04-15,2026-04,permit_record_created,CREATEDDATE,source_record_metadata,0,0,2026-08-23,2026-08,2026-09-01,2026-09,2026-09-01,2026-09,2,1,Revision,New 2-Story SFR,Residential New Construction and Additions (1 and 2 Family),2630 W Sunset Dr,New Suburb Beautiful,https://aca-prod.accela.com/TAMPA/Cap/CapDetail.aspx?Module=Building&TabName=Building&capID1=26CAP&capID2=00000&capID3=00LRI&agencyCode=TAMPA
rec-8d9c75a007da29bd,CONSTRUCTION_INSPECTIONS|NATIVE|BLD-26-0524017,,,construction_inspections,BLD-26-0524017,2026-04-05,2026-04,permit_record_created,CREATEDDATE,source_record_metadata,0,0,2026-09-01,2026-09,2026-09-01,2026-09,2026-09-01,2026-09,1,1,Issued,Addition & Remodel,Residential New Construction and Additions (1 and 2 Family),1412 Hilton Pl,Old Seminole Heights,https://aca-prod.accela.com/TAMPA/Cap/CapDetail.aspx?Module=Building&TabName=Building&capID1=26CAP&capID2=00000&capID3=00JO8&agencyCode=TAMPA
rec-8ffba9b0c613e3b0,CONSTRUCTION_INSPECTIONS|NATIVE|BLD-26-0524558,src-ab5d9775319b617d,tpa-d9e00f58fd5c7f,construction_inspections,BLD-26-0524558,2026-04-24,2026-04,permit_record_created,CREATEDDATE,source_record_metadata,0,0,2026-08-23,2026-08,2026-09-01,2026-09,2026-09-01,2026-09,2,1,Issued,Change of Use/Occupancy - MEPS,Commercial Building Alterations (Renovations),1721 W Chestnut St,Old West Tampa,https://aca-prod.accela.com/TAMPA/Cap/CapDetail.aspx?Module=Building&TabName=Building&capID1=26CAP&capID2=00000&capID3=00NS9&agencyCode=TAMPA
rec-9057b2aff09a6467,CONSTRUCTION_INSPECTIONS|NATIVE|BDE-26-0445498,src-33de402bcbc48803,tpa-5f04c7c5ec614b,construction_inspections,BDE-26-0445498,2026-04-21,2026-04,permit_record_created,CREATEDDATE,source_record_metadata,0,0,2026-08-23,2026-08,2026-09-01,2026-09,2026-09-01,2026-09,2,1,Issued,Demo SFR,Residential Demolition Permit,4312 W Beach Park Dr,Beach Park,https://aca-prod.accela.com/TAMPA/Cap/CapDetail.aspx?Module=Building&TabName=Building&capID1=26CAP&capID2=00000&capID3=00N80&agencyCode=TAMPA
rec-93357f57a116c0b0,CONSTRUCTION_INSPECTIONS|NATIVE|BLD-26-0524544,src-93800f3842148b9e,tpa-a4fc435c633ba9,construction_inspections,BLD-26-0524544,2026-04-23,2026-04,permit_record_created,CREATEDDATE,source_record_metadata,0,0,2026-08-23,2026-08,2026-08-23,2026-08,2026-08-23,2026-08,1,0,Issued,PP: Interior remodel – kitchen and bathroom renovation,Residential Building Alterations (Renovations),10403 N Oregon Ave,Forest Hills,https://aca-prod.accela.com/TAMPA/Cap/CapDetail.aspx?Module=Building&TabName=Building&capID1=26CAP&capID2=00000&capID3=00NPS&agencyCode=TAMPA
rec-939608da6e7fa3d4,CONSTRUCTION_INSPECTIONS|NATIVE|BDE-26-0445461,src-681bc944d5748342,tpa-d7e421230aaed9,construction_inspections,BDE-26-0445461,2026-04-08,2026-04,permit_record_created,CREATEDDATE,source_record_metadata,0,0,2026-08-23,2026-08,2026-09-01,2026-09,2026-09-01,2026-09,2,1,Issued,Demo SFR,Residential Demolition Permit,2620 S Parkview St,Sunset Park,https://aca-prod.accela.com/TAMPA/Cap/CapDetail.aspx?Module=Building&TabName=Building&capID1=26CAP&capID2=00000&capID3=00KD5&agencyCode=TAMPA
rec-97b9ca1b59e035e3,CONSTRUCTION_INSPECTIONS|NATIVE|BDE-26-0445505,src-79e26b84886b7ab8,tpa-c968fb7aede5cc,construction_inspections,BDE-26-0445505,2026-04-25,2026-04,permit_record_created,CREATEDDATE,source_record_metadata,0,0,2026-08-23,2026-08,2026-09-01,2026-09,2026-09-01,2026-09,2,1,Issued,Res Demo,Residential Demolition Permit,2618 W Saint John St,Macfarlane Park,https://aca-prod.accela.com/TAMPA/Cap/CapDetail.aspx?Module=Building&TabName=Building&capID1=26CAP&capID2=00000&capID3=00O0L&agencyCode=TAMPA
rec-98a162759ceed8aa,CONSTRUCTION_INSPECTIONS|NATIVE|BLD-26-0524712,src-eebd1c15f541f816,tpa-656c61137cb059,construction_inspections,BLD-26-0524712,2026-04-30,2026-04,permit_record_created,CREATEDDATE,source_record_metadata,0,0,2026-08-23,2026-08,2026-09-01,2026-09,2026-09-01,2026-09,2,1,Issued,Early Start: PP: Interior Remodel - Hyde Park Italian Market - MEPs,Commercial Building Alterations (Renovations),1021 W Swann Ave,Historic Hyde Park,https://aca-prod.accela.com/TAMPA/Cap/CapDetail.aspx?Module=Building&TabName=Building&capID1=26CAP&capID2=00000&capID3=00P4Z&agencyCode=TAMPA
rec-9907fb21c5be9c4b,CONSTRUCTION_INSPECTIONS|NATIVE|BLD-26-0524377,src-76308b561fde9e3c,tpa-b0db82b2b6fa82,construction_inspections,BLD-26-0524377,2026-04-16,2026-04,permit_record_created,CREATEDDATE,source_record_metadata,0,0,2026-08-23,2026-08,2026-09-01,2026-09,2026-09-01,2026-09,2,1,Issued,ATF Violation -CMP-26-0002646,Residential New Construction and Additions (1 and 2 Family),2703 W Cordelia St,Macfarlane Park,https://aca-prod.accela.com/TAMPA/Cap/CapDetail.aspx?Module=Building&TabName=Building&capID1=26CAP&capID2=00000&capID3=00MA1&agencyCode=TAMPA
rec-990c2b8f5621ef7f,CONSTRUCTION_INSPECTIONS|NATIVE|BDE-26-0445526,src-9891cc7e0f0ebac9,tpa-1cdf389831ca4a,construction_inspections,BDE-26-0445526,2026-04-30,2026-04,permit_record_created,CREATEDDATE,source_record_metadata,0,0,2026-08-23,2026-08,2026-09-01,2026-09,2026-09-01,2026-09,2,1,Issued,Demo SFR,Residential Demolition Permit,6201 N King St,Old Seminole Heights,https://aca-prod.accela.com/TAMPA/Cap/CapDetail.aspx?Module=Building&TabName=Building&capID1=26CAP&capID2=00000&capID3=00P1E&agencyCode=TAMPA
rec-9a5696bbac682c4d,CONSTRUCTION_INSPECTIONS|NATIVE|BLD-26-0524015,src-5b553736940ceae9,tpa-2da8e6795be060,construction_inspections,BLD-26-0524015,2026-04-04,2026-04,permit_record_created,CREATEDDATE,source_record_metadata,0,0,2026-08-23,2026-08,2026-09-01,2026-09,2026-09-01,2026-09,2,1,Issued,New 2-Story SFR,Residential New Construction and Additions (1 and 2 Family),2706 W Grace St,Midtown Tampa,https://aca-prod.accela.com/TAMPA/Cap/CapDetail.aspx?Module=Building&TabName=Building&capID1=26CAP&capID2=00000&capID3=00JO0&agencyCode=TAMPA
rec-9bf90bb5c7eb89e3,CONSTRUCTION_INSPECTIONS|NATIVE|BLD-26-0524170,src-786ab3fab36cc156,tpa-ed77c19c79be8b,construction_inspections,BLD-26-0524170,2026-04-09,2026-04,permit_record_created,CREATEDDATE,source_record_metadata,0,0,2026-08-23,2026-08,2026-09-01,2026-09,2026-09-01,2026-09,2,1,Issued,New SFR,Residential New Construction and Additions (1 and 2 Family),8313 N 18th St,Sulphur Springs,https://aca-prod.accela.com/TAMPA/Cap/CapDetail.aspx?Module=Building&TabName=Building&capID1=26CAP&capID2=00000&capID3=00KTT&agencyCode=TAMPA
rec-9cfef08ac6caa350,CONSTRUCTION_INSPECTIONS|NATIVE|BDE-26-0445492,src-6a22eab4f97af089,tpa-1f2c3836c5ecb7,construction_inspections,BDE-26-0445492,2026-04-20,2026-04,permit_record_created,CREATEDDATE,source_record_metadata,0,0,2026-08-23,2026-08,2026-09-01,2026-09,2026-09-01,2026-09,2,1,Issued,Demo SFR,Residential Demolition Permit,3706 W Cleveland St,Bon Air,https://aca-prod.accela.com/TAMPA/Cap/CapDetail.aspx?Module=Building&TabName=Building&capID1=26CAP&capID2=00000&capID3=00MS9&agencyCode=TAMPA
rec-9d74535d440e9309,CONSTRUCTION_INSPECTIONS|NATIVE|BLD-26-0524089|GLOBALID|{9F5808EB-365F-43C5-BE62-B6AD327BCB13},src-2ac156d972ac878b,tpa-f7c57b82ababc6,construction_inspections,BLD-26-0524089,2026-04-07,2026-04,permit_record_created,CREATEDDATE,source_record_metadata,0,0,2026-08-23,2026-08,2026-08-23,2026-08,2026-08-23,2026-08,1,0,Issued,PP:New 2-Story SFR,Residential New Construction and Additions (1 and 2 Family),3006 W North A St,,https://aca-prod.accela.com/TAMPA/Cap/CapDetail.aspx?Module=Building&TabName=Building&capID1=26CAP&capID2=00000&capID3=00K64&agencyCode=TAMPA
rec-9dc929c08fe0cc15,CONSTRUCTION_INSPECTIONS|NATIVE|BLD-26-0524216,src-f5495542192df859,tpa-bc9bbb9bdf075a,construction_inspections,BLD-26-0524216,2026-04-11,2026-04,permit_record_created,CREATEDDATE,source_record_metadata,0,0,2026-08-23,2026-08,2026-09-01,2026-09,2026-09-01,2026-09,2,1,Issued,FEMA: PP: New 2-Story SFR,Residential New Construction and Additions (1 and 2 Family),4310 S Trask St,Bayside West,https://aca-prod.accela.com/TAMPA/Cap/CapDetail.aspx?Module=Building&TabName=Building&capID1=26CAP&capID2=00000&capID3=00L3K&agencyCode=TAMPA
rec-9fd16382b4346700,CONSTRUCTION_INSPECTIONS|NATIVE|BDE-26-0445502,src-4623e8d4433ee4d2,tpa-099e0b3b758b0b,construction_inspections,BDE-26-0445502,2026-04-24,2026-04,permit_record_created,CREATEDDATE,source_record_metadata,0,0,2026-08-23,2026-08,2026-09-01,2026-09,2026-09-01,2026-09,2,1,Issued,Demo SFR,Residential Demolition Permit,2306 N Glenwood Dr,Ridgewood Park,https://aca-prod.accela.com/TAMPA/Cap/CapDetail.aspx?Module=Building&TabName=Building&capID1=26CAP&capID2=00000&capID3=00NSN&agencyCode=TAMPA
rec-a03f08131a8f1370,CONSTRUCTION_INSPECTIONS|NATIVE|BLD-26-0524279,src-4596d5b369f3f0d4,tpa-5f45ee7c8cd0c3,construction_inspections,BLD-26-0524279,2026-04-14,2026-04,permit_record_created,CREATEDDATE,source_record_metadata,0,0,2026-08-23,2026-08,2026-09-01,2026-09,2026-09-01,2026-09,2,1,Issued,FEMA: Interior ALT Unit 2206,Commercial Building Alterations (Renovations),2413 Bayshore Blvd,Bayshore Gardens,https://aca-prod.accela.com/TAMPA/Cap/CapDetail.aspx?Module=Building&TabName=Building&capID1=26CAP&capID2=00000&capID3=00LLA&agencyCode=TAMPA
rec-a10b223d4f9ff8ad,CONSTRUCTION_INSPECTIONS|NATIVE|BLD-26-0524734,src-510a985eac450767,tpa-6ebbc631d4e700,construction_inspections,BLD-26-0524734,2026-04-29,2026-04,permit_record_created,CREATEDDATE,source_record_metadata,0,0,2026-08-23,2026-08,2026-09-01,2026-09,2026-09-01,2026-09,2,1,Issued,ATF: Bathroom Addition and Remodel,Residential New Construction and Additions (1 and 2 Family),1909 W Saint John St,Old West Tampa,https://aca-prod.accela.com/TAMPA/Cap/CapDetail.aspx?Module=Building&TabName=Building&capID1=26CAP&capID2=00000&capID3=00PA3&agencyCode=TAMPA
rec-a18339808c7209bd,CONSTRUCTION_INSPECTIONS|NATIVE|BLD-26-0524089|GLOBALID|{1841320B-B518-4B77-8101-E0071A08FD50},,,construction_inspections,BLD-26-0524089,2026-04-07,2026-04,permit_record_created,CREATEDDATE,source_record_metadata,0,0,2026-09-01,2026-09,2026-09-01,2026-09,2026-09-01,2026-09,1,1,Issued,PP:New 2-Story SFR,Residential New Construction and Additions (1 and 2 Family),3004 W North A St,Armory Gardens,https://aca-prod.accela.com/TAMPA/Cap/CapDetail.aspx?Module=Building&TabName=Building&capID1=26CAP&capID2=00000&capID3=00K64&agencyCode=TAMPA
rec-a21a8aa046e2924a,CONSTRUCTION_INSPECTIONS|NATIVE|BLD-26-0524331,src-71e8e4d81a73aeb5,tpa-4ea2e345166e5e,construction_inspections,BLD-26-0524331,2026-04-15,2026-04,permit_record_created,CREATEDDATE,source_record_metadata,0,0,2026-08-23,2026-08,2026-09-01,2026-09,2026-09-01,2026-09,2,1,Issued,FEMA: Unit 301: Interior remodel,Commercial Building Alterations (Renovations),160 Columbia Dr,Davis Islands,https://aca-prod.accela.com/TAMPA/Cap/CapDetail.aspx?Module=Building&TabName=Building&capID1=26CAP&capID2=00000&capID3=00LUL&agencyCode=TAMPA
rec-a5a9f053a48a0794,CONSTRUCTION_INSPECTIONS|NATIVE|BLD-26-0524353,src-1255250e9f841a4f,tpa-591d5c8f82a33c,construction_inspections,BLD-26-0524353,2026-04-15,2026-04,permit_record_created,CREATEDDATE,source_record_metadata,0,0,2026-08-23,2026-08,2026-09-01,2026-09,2026-09-01,2026-09,2,1,Issued,Accelerated Project | ACCELERATED AFFORDABLE HOUSING: Renovation,Residential Building Alterations (Renovations),1909 E North Bay St,Historic Belmont Heights,https://aca-prod.accela.com/TAMPA/Cap/CapDetail.aspx?Module=Building&TabName=Building&capID1=26CAP&capID2=00000&capID3=00M0S&agencyCode=TAMPA
rec-a783add48cbbbf39,CONSTRUCTION_INSPECTIONS|NATIVE|BDE-26-0445453,src-3485c8fc188d6406,tpa-a8e3aece54ecea,construction_inspections,BDE-26-0445453,2026-04-07,2026-04,permit_record_created,CREATEDDATE,source_record_metadata,0,0,2026-08-23,2026-08,2026-09-01,2026-09,2026-09-01,2026-09,2,1,Issued,DEMO SFR,Residential Demolition Permit,2707 W Saint Joseph St,Macfarlane Park,https://aca-prod.accela.com/TAMPA/Cap/CapDetail.aspx?Module=Building&TabName=Building&capID1=26CAP&capID2=00000&capID3=00K3S&agencyCode=TAMPA
rec-a8207d461521cac6,CONSTRUCTION_INSPECTIONS|NATIVE|BLD-26-0524590,,,construction_inspections,BLD-26-0524590,2026-04-27,2026-04,permit_record_created,CREATEDDATE,source_record_metadata,0,0,2026-09-01,2026-09,2026-09-01,2026-09,2026-09-01,2026-09,1,1,Issued,OWNER: Addition,Residential New Construction and Additions (1 and 2 Family),4605 N 26th St,East Tampa 1,https://aca-prod.accela.com/TAMPA/Cap/CapDetail.aspx?Module=Building&TabName=Building&capID1=26CAP&capID2=00000&capID3=00O2W&agencyCode=TAMPA
rec-a9eb9cfbbc91466e,CONSTRUCTION_INSPECTIONS|NATIVE|BLD-26-0524089|GLOBALID|{32F25583-0905-4BBA-96F8-1C93C1E191CE},,,construction_inspections,BLD-26-0524089,2026-04-07,2026-04,permit_record_created,CREATEDDATE,source_record_metadata,0,0,2026-09-01,2026-09,2026-09-01,2026-09,2026-09-01,2026-09,1,1,Issued,PP:New 2-Story SFR,Residential New Construction and Additions (1 and 2 Family),3006 W North A St,,https://aca-prod.accela.com/TAMPA/Cap/CapDetail.aspx?Module=Building&TabName=Building&capID1=26CAP&capID2=00000&capID3=00K64&agencyCode=TAMPA
rec-a9fd0867fdfda2a0,CONSTRUCTION_INSPECTIONS|NATIVE|BLD-26-0523948,src-55579323602e5bb2,tpa-f44c975eac3318,construction_inspections,BLD-26-0523948,2026-04-01,2026-04,permit_record_created,CREATEDDATE,source_record_metadata,0,0,2026-08-23,2026-08,2026-09-01,2026-09,2026-09-01,2026-09,2,1,Issued,FEMA:PP: NEW SFR 2 Story,Residential New Construction and Additions (1 and 2 Family),75 Ladoga Ave,Davis Islands,https://aca-prod.accela.com/TAMPA/Cap/CapDetail.aspx?Module=Building&TabName=Building&capID1=26CAP&capID2=00000&capID3=00J5R&agencyCode=TAMPA
rec-abbd955b3d1ff7d5,CONSTRUCTION_INSPECTIONS|NATIVE|BDE-26-0445522,src-d50913b86dc503e1,tpa-0bf6df95d63d13,construction_inspections,BDE-26-0445522,2026-04-29,2026-04,permit_record_created,CREATEDDATE,source_record_metadata,0,0,2026-08-23,2026-08,2026-09-01,2026-09,2026-09-01,2026-09,2,1,Issued,Fema: Res Demo,Residential Demolition Permit,458 Lucerne Ave,Davis Islands,https://aca-prod.accela.com/TAMPA/Cap/CapDetail.aspx?Module=Building&TabName=Building&capID1=26CAP&capID2=00000&capID3=00OQD&agencyCode=TAMPA
rec-acfd6bc370055ff1,CONSTRUCTION_INSPECTIONS|NATIVE|BLD-26-0524163,src-6cc0f9ae35df3e0c,tpa-eed2a91832bfc1,construction_inspections,BLD-26-0524163,2026-04-09,2026-04,permit_record_created,CREATEDDATE,source_record_metadata,0,0,2026-08-23,2026-08,2026-09-01,2026-09,2026-09-01,2026-09,2,1,Issued,New SFR,Residential New Construction and Additions (1 and 2 Family),2608 W Watrous Ave,New Suburb Beautiful,https://aca-prod.accela.com/TAMPA/Cap/CapDetail.aspx?Module=Building&TabName=Building&capID1=26CAP&capID2=00000&capID3=00KSC&agencyCode=TAMPA
rec-ae4f4409eb03c870,CONSTRUCTION_INSPECTIONS|NATIVE|BLD-26-0524311,src-97183f60be4cf68e,tpa-3e657b6d6cfb4e,construction_inspections,BLD-26-0524311,2026-04-14,2026-04,permit_record_created,CREATEDDATE,source_record_metadata,0,0,2026-08-23,2026-08,2026-09-01,2026-09,2026-09-01,2026-09,2,1,Issued,New 2-Story SFR,Residential New Construction and Additions (1 and 2 Family),3212 W San Juan St,Palma Ceia,https://aca-prod.accela.com/TAMPA/Cap/CapDetail.aspx?Module=Building&TabName=Building&capID1=26CAP&capID2=00000&capID3=00LPT&agencyCode=TAMPA
rec-b4d692cbbfd21305,CONSTRUCTION_INSPECTIONS|NATIVE|BDE-26-0445521,src-6358115c5e642e33,tpa-89861c48928f4d,construction_inspections,BDE-26-0445521,2026-04-29,2026-04,permit_record_created,CREATEDDATE,source_record_metadata,0,0,2026-08-23,2026-08,2026-09-01,2026-09,2026-09-01,2026-09,2,1,Issued,DEMO SFR,Residential Demolition Permit,3019 W Helen Ave,Ballast Point,https://aca-prod.accela.com/TAMPA/Cap/CapDetail.aspx?Module=Building&TabName=Building&capID1=26CAP&capID2=00000&capID3=00ONN&agencyCode=TAMPA
rec-b6cf162eb1cc2456,CONSTRUCTION_INSPECTIONS|NATIVE|BLD-26-0524615,src-982b8909d57644b1,tpa-425a490c293434,construction_inspections,BLD-26-0524615,2026-04-27,2026-04,permit_record_created,CREATEDDATE,source_record_metadata,0,0,2026-08-23,2026-08,2026-09-01,2026-09,2026-09-01,2026-09,2,1,Issued,PP: New 2 Story Townhouse Lot 6 (LEFT SIDE),Residential New Construction and Additions (1 and 2 Family),1419 E 29th Ave,Ybor Heights Neighborhood Association and Watch Group,https://aca-prod.accela.com/TAMPA/Cap/CapDetail.aspx?Module=Building&TabName=Building&capID1=26CAP&capID2=00000&capID3=00O5Q&agencyCode=TAMPA
rec-b735f84d94a67809,CONSTRUCTION_INSPECTIONS|NATIVE|BLD-26-0524100,,,construction_inspections,BLD-26-0524100,2026-04-08,2026-04,permit_record_created,CREATEDDATE,source_record_metadata,0,0,2026-09-01,2026-09,2026-09-01,2026-09,2026-09-01,2026-09,1,1,Issued,SEC: Suite 236-B Roberto Coin - Interior reno - arch. ele & plb. - no mec. no fire,Commercial Building Alterations (Renovations),2223 N West Shore Blvd,Westshore,https://aca-prod.accela.com/TAMPA/Cap/CapDetail.aspx?Module=Building&TabName=Building&capID1=26CAP&capID2=00000&capID3=00KAF&agencyCode=TAMPA
rec-b75e04bc48654726,CONSTRUCTION_INSPECTIONS|NATIVE|BLD-26-0524715,src-d97601b6b6ff3913,tpa-ea48b80b26a122,construction_inspections,BLD-26-0524715,2026-04-30,2026-04,permit_record_created,CREATEDDATE,source_record_metadata,0,0,2026-08-23,2026-08,2026-09-01,2026-09,2026-09-01,2026-09,2,1,Issued,PP: OWNER: New SFR 1 Story /ADU,Residential New Construction and Additions (1 and 2 Family),1431 W Yukon St,Lowry Park Central,https://aca-prod.accela.com/TAMPA/Cap/CapDetail.aspx?Module=Building&TabName=Building&capID1=26CAP&capID2=00000&capID3=00P59&agencyCode=TAMPA
rec-b77096e3718d2696,CONSTRUCTION_INSPECTIONS|NATIVE|BLD-26-0524651,src-ddf1c0b0ce97545f,tpa-8f82911247c2dc,construction_inspections,BLD-26-0524651,2026-04-28,2026-04,permit_record_created,CREATEDDATE,source_record_metadata,0,0,2026-08-23,2026-08,2026-09-01,2026-09,2026-09-01,2026-09,2,1,Issued,Interior/Exterior Alteration - Fire Damage,Residential Building Alterations (Renovations),5127 N Jamaica St,Plaza Terrace,https://aca-prod.accela.com/TAMPA/Cap/CapDetail.aspx?Module=Building&TabName=Building&capID1=26CAP&capID2=00000&capID3=00OIG&agencyCode=TAMPA
rec-b7b7cec7679265a9,CONSTRUCTION_INSPECTIONS|NATIVE|BLD-26-0524678,src-5e9dc5a933a08c46,tpa-52293a6bd72176,construction_inspections,BLD-26-0524678,2026-04-29,2026-04,permit_record_created,CREATEDDATE,source_record_metadata,0,0,2026-08-23,2026-08,2026-09-01,2026-09,2026-09-01,2026-09,2,1,Issued,PP: Bathroom remodel unit 501,Commercial Building Alterations (Renovations),1108 N Franklin St,Downtown River Arts,https://aca-prod.accela.com/TAMPA/Cap/CapDetail.aspx?Module=Building&TabName=Building&capID1=26CAP&capID2=00000&capID3=00OPP&agencyCode=TAMPA
rec-b7ef9c73cfe03072,CONSTRUCTION_INSPECTIONS|NATIVE|BDE-26-0445479,src-c95731a9f063227b,tpa-bcfad7847325d6,construction_inspections,BDE-26-0445479,2026-04-14,2026-04,permit_record_created,CREATEDDATE,source_record_metadata,0,0,2026-08-23,2026-08,2026-09-01,2026-09,2026-09-01,2026-09,2,1,Issued,DEMO SFR,Residential Demolition Permit,8411 N Rome Ave,Lowry Park Central,https://aca-prod.accela.com/TAMPA/Cap/CapDetail.aspx?Module=Building&TabName=Building&capID1=26CAP&capID2=00000&capID3=00LPX&agencyCode=TAMPA
rec-b9b6ba1f1d4f504d,CONSTRUCTION_INSPECTIONS|NATIVE|BLD-26-0524186,src-ad5e687d3aa1ef97,tpa-6c9c8d5a41ec9f,construction_inspections,BLD-26-0524186,2026-04-10,2026-04,permit_record_created,CREATEDDATE,source_record_metadata,0,0,2026-08-23,2026-08,2026-09-01,2026-09,2026-09-01,2026-09,2,1,Issued,PP: New 2 Story SFR,Residential New Construction and Additions (1 and 2 Family),903 W Fribley St,Riverside Heights,https://aca-prod.accela.com/TAMPA/Cap/CapDetail.aspx?Module=Building&TabName=Building&capID1=26CAP&capID2=00000&capID3=00KW3&agencyCode=TAMPA
rec-bd02dd44dcc82df7,CONSTRUCTION_INSPECTIONS|NATIVE|BLD-26-0524333,src-d0a390c0151eec5c,tpa-2ac323c843bf5c,construction_inspections,BLD-26-0524333,2026-04-15,2026-04,permit_record_created,CREATEDDATE,source_record_metadata,0,0,2026-08-23,2026-08,2026-09-01,2026-09,2026-09-01,2026-09,2,1,Issued,ATF Violation -CMP-25-0014601,Residential Building Alterations (Renovations),1322 W Hiawatha St,Riverbend,https://aca-prod.accela.com/TAMPA/Cap/CapDetail.aspx?Module=Building&TabName=Building&capID1=26CAP&capID2=00000&capID3=00LW4&agencyCode=TAMPA
rec-c0aa50071fc9daa8,CONSTRUCTION_INSPECTIONS|NATIVE|BLD-26-0523987,src-49846eebe3ebe26f,tpa-69e4cced1caf8f,construction_inspections,BLD-26-0523987,2026-04-02,2026-04,permit_record_created,CREATEDDATE,source_record_metadata,0,0,2026-08-23,2026-08,2026-09-01,2026-09,2026-09-01,2026-09,2,1,Issued,NEW 1Sty SFR,Residential New Construction and Additions (1 and 2 Family),9306 N 18th St,Tampa Overlook,https://aca-prod.accela.com/TAMPA/Cap/CapDetail.aspx?Module=Building&TabName=Building&capID1=26CAP&capID2=00000&capID3=00JJK&agencyCode=TAMPA
rec-c3bb62810244cba9,CONSTRUCTION_INSPECTIONS|NATIVE|BLD-26-0524565,src-0e7dacafcb2fb2c3,tpa-ec86e0e5aaa45c,construction_inspections,BLD-26-0524565,2026-04-24,2026-04,permit_record_created,CREATEDDATE,source_record_metadata,0,0,2026-08-23,2026-08,2026-09-01,2026-09,2026-09-01,2026-09,2,1,Issued,FEMA: PP: New 2-Story SFR,Residential New Construction and Additions (1 and 2 Family),4421 W Leila Ave,Gandy / Sun Bay South,https://aca-prod.accela.com/TAMPA/Cap/CapDetail.aspx?Module=Building&TabName=Building&capID1=26CAP&capID2=00000&capID3=00NVR&agencyCode=TAMPA
rec-cabbdae0196ce26e,CONSTRUCTION_INSPECTIONS|NATIVE|BLD-26-0524490,src-29d840eb53da2f8f,tpa-d881e987d9a583,construction_inspections,BLD-26-0524490,2026-04-22,2026-04,permit_record_created,CREATEDDATE,source_record_metadata,0,0,2026-08-23,2026-08,2026-09-01,2026-09,2026-09-01,2026-09,2,1,Issued,Fema: PP: Garage addition,Residential New Construction and Additions (1 and 2 Family),2301 S Occident St,Sunset Park,https://aca-prod.accela.com/TAMPA/Cap/CapDetail.aspx?Module=Building&TabName=Building&capID1=26CAP&capID2=00000&capID3=00N9G&agencyCode=TAMPA
rec-cb0720bd90946185,CONSTRUCTION_INSPECTIONS|NATIVE|BLD-26-0524488,src-b3743ac9f831b9ab,tpa-5b68cc4e44dab2,construction_inspections,BLD-26-0524488,2026-04-22,2026-04,permit_record_created,CREATEDDATE,source_record_metadata,0,0,2026-08-23,2026-08,2026-09-01,2026-09,2026-09-01,2026-09,2,1,Issued,Interior/Exterior Alteration,Residential Building Alterations (Renovations),6005 N Highland Ave,Old Seminole Heights,https://aca-prod.accela.com/TAMPA/Cap/CapDetail.aspx?Module=Building&TabName=Building&capID1=26CAP&capID2=00000&capID3=00N8T&agencyCode=TAMPA
rec-cd984783be06b416,CONSTRUCTION_INSPECTIONS|NATIVE|BDE-26-0445524,src-5fba83e607a7f3a6,tpa-aec75fc7f64b93,construction_inspections,BDE-26-0445524,2026-04-29,2026-04,permit_record_created,CREATEDDATE,source_record_metadata,0,0,2026-08-23,2026-08,2026-09-01,2026-09,2026-09-01,2026-09,2,1,Issued,Demo SFR,Residential Demolition Permit,2102 W Ivy St,Bowman Heights,https://aca-prod.accela.com/TAMPA/Cap/CapDetail.aspx?Module=Building&TabName=Building&capID1=26CAP&capID2=00000&capID3=00OV4&agencyCode=TAMPA
rec-cdacf45285e3a247,CONSTRUCTION_INSPECTIONS|NATIVE|BLD-26-0523981,src-9a1099292f6fe1d2,tpa-05162442d5d31c,construction_inspections,BLD-26-0523981,2026-04-02,2026-04,permit_record_created,CREATEDDATE,source_record_metadata,0,0,2026-08-23,2026-08,2026-09-01,2026-09,2026-09-01,2026-09,2,1,Issued,FEMA:PP: New 2-Story SFR,Residential New Construction and Additions (1 and 2 Family),2832 W Bay Haven Dr,Ballast Point,https://aca-prod.accela.com/TAMPA/Cap/CapDetail.aspx?Module=Building&TabName=Building&capID1=26CAP&capID2=00000&capID3=00JHL&agencyCode=TAMPA
rec-cfbe79a0e962979f,CONSTRUCTION_INSPECTIONS|NATIVE|BLD-26-0524704,src-3fe2c244a7ab3bee,tpa-53c4f7231f2594,construction_inspections,BLD-26-0524704,2026-04-30,2026-04,permit_record_created,CREATEDDATE,source_record_metadata,0,0,2026-08-23,2026-08,2026-09-01,2026-09,2026-09-01,2026-09,2,1,Revision,New Steel Building,Residential New Construction and Additions (1 and 2 Family),4201 W Oklahoma Ave,Gandy / Sun Bay South,https://aca-prod.accela.com/TAMPA/Cap/CapDetail.aspx?Module=Building&TabName=Building&capID1=26CAP&capID2=00000&capID3=00P2C&agencyCode=TAMPA
rec-d2d441c3761b5833,CONSTRUCTION_INSPECTIONS|NATIVE|BLD-26-0524223,src-eb45795981161194,tpa-f96239fb7ba80a,construction_inspections,BLD-26-0524223,2026-04-12,2026-04,permit_record_created,CREATEDDATE,source_record_metadata,0,0,2026-08-23,2026-08,2026-09-01,2026-09,2026-09-01,2026-09,2,1,Issued,New 1-Story SFR,Residential New Construction and Additions (1 and 2 Family),2910 E 32nd Ave,Jackson Heights,https://aca-prod.accela.com/TAMPA/Cap/CapDetail.aspx?Module=Building&TabName=Building&capID1=26CAP&capID2=00000&capID3=00L4I&agencyCode=TAMPA
rec-d5dce0d42f16ae90,CONSTRUCTION_INSPECTIONS|NATIVE|BLD-26-0523972,,,construction_inspections,BLD-26-0523972,2026-04-02,2026-04,permit_record_created,CREATEDDATE,source_record_metadata,0,0,2026-09-01,2026-09,2026-09-01,2026-09,2026-09-01,2026-09,1,1,Revision,Interior/Exterior Alteration,Commercial Building Alterations (Renovations),4518 S Manhattan Ave,FairOaks Manhattan,https://aca-prod.accela.com/TAMPA/Cap/CapDetail.aspx?Module=Building&TabName=Building&capID1=26CAP&capID2=00000&capID3=00JF7&agencyCode=TAMPA
rec-d786c46b5ff9b3da,CONSTRUCTION_INSPECTIONS|NATIVE|BLD-26-0523988,src-158b1f49b8fcde81,tpa-39086fe4b6968e,construction_inspections,BLD-26-0523988,2026-04-02,2026-04,permit_record_created,CREATEDDATE,source_record_metadata,0,0,2026-08-23,2026-08,2026-09-01,2026-09,2026-09-01,2026-09,2,1,Issued,PP: New 2-Story SFR,Residential New Construction and Additions (1 and 2 Family),2406 S Clark Ave,Palma Ceia West,https://aca-prod.accela.com/TAMPA/Cap/CapDetail.aspx?Module=Building&TabName=Building&capID1=26CAP&capID2=00000&capID3=00JJP&agencyCode=TAMPA
rec-d8b7f6372c5a8c19,CONSTRUCTION_INSPECTIONS|NATIVE|BLD-26-0523960,src-edad04cd1d4595df,tpa-fa04094288f705,construction_inspections,BLD-26-0523960,2026-04-01,2026-04,permit_record_created,CREATEDDATE,source_record_metadata,0,0,2026-08-23,2026-08,2026-09-01,2026-09,2026-09-01,2026-09,2,1,Revision,FEMA: PP: Kitchen Interior Alteration,Residential Building Alterations (Renovations),4611 W Lowell Ave,Sunset Park,https://aca-prod.accela.com/TAMPA/Cap/CapDetail.aspx?Module=Building&TabName=Building&capID1=26CAP&capID2=00000&capID3=00J9Z&agencyCode=TAMPA
rec-d9f8812dbc4bf99d,CONSTRUCTION_INSPECTIONS|NATIVE|BDE-26-0445476,src-9a481c1771b00ae4,tpa-240505b605a78d,construction_inspections,BDE-26-0445476,2026-04-14,2026-04,permit_record_created,CREATEDDATE,source_record_metadata,0,0,2026-08-23,2026-08,2026-09-01,2026-09,2026-09-01,2026-09,2,1,Issued,Demo SFR,Residential Demolition Permit,621 Hudson Ave,Davis Islands,https://aca-prod.accela.com/TAMPA/Cap/CapDetail.aspx?Module=Building&TabName=Building&capID1=26CAP&capID2=00000&capID3=00LLX&agencyCode=TAMPA
rec-da5934a1dc9b08c4,CONSTRUCTION_INSPECTIONS|NATIVE|BDE-26-0445520,src-18f9ecedc4c707c5,tpa-a7e19127affe26,construction_inspections,BDE-26-0445520,2026-04-28,2026-04,permit_record_created,CREATEDDATE,source_record_metadata,0,0,2026-08-23,2026-08,2026-09-01,2026-09,2026-09-01,2026-09,2,1,Issued,Demo SFR,Residential Demolition Permit,3005 W Meadow St,Ballast Point,https://aca-prod.accela.com/TAMPA/Cap/CapDetail.aspx?Module=Building&TabName=Building&capID1=26CAP&capID2=00000&capID3=00OKI&agencyCode=TAMPA
rec-daee8faf4a557b1a,CONSTRUCTION_INSPECTIONS|NATIVE|BLD-26-0524352,src-eaf4819711bba7c0,tpa-2dcd3ff53ea2fd,construction_inspections,BLD-26-0524352,2026-04-15,2026-04,permit_record_created,CREATEDDATE,source_record_metadata,0,0,2026-08-23,2026-08,2026-09-01,2026-09,2026-09-01,2026-09,2,1,Revision,FEMA: PP: 3rd floor: Corridor Remodel,Commercial Building Alterations (Renovations),1001 Water St,Tampa Downtown Partnership,https://aca-prod.accela.com/TAMPA/Cap/CapDetail.aspx?Module=Building&TabName=Building&capID1=26CAP&capID2=00000&capID3=00M0Q&agencyCode=TAMPA
rec-db26a62c311cbe37,CONSTRUCTION_INSPECTIONS|NATIVE|BLD-26-0524666,src-90b65878a976c072,tpa-fc84c6477ede65,construction_inspections,BLD-26-0524666,2026-04-29,2026-04,permit_record_created,CREATEDDATE,source_record_metadata,0,0,2026-08-23,2026-08,2026-09-01,2026-09,2026-09-01,2026-09,2,1,Issued,Interior ALT,Residential Building Alterations (Renovations),8706 Hidden Green Ln,Hunter's Green Hampton On The Green,https://aca-prod.accela.com/TAMPA/Cap/CapDetail.aspx?Module=Building&TabName=Building&capID1=26CAP&capID2=00000&capID3=00OLP&agencyCode=TAMPA
rec-dcca7cc4a5f96fbd,CONSTRUCTION_INSPECTIONS|NATIVE|BLD-26-0524121,src-8ba8660241e8f613,tpa-12aa0cf5670a2a,construction_inspections,BLD-26-0524121,2026-04-08,2026-04,permit_record_created,CREATEDDATE,source_record_metadata,0,0,2026-08-23,2026-08,2026-09-01,2026-09,2026-09-01,2026-09,2,1,Issued,OWNER Interior/exterior,Residential Building Alterations (Renovations),515 W Ross Ave,Tampa Heights,https://aca-prod.accela.com/TAMPA/Cap/CapDetail.aspx?Module=Building&TabName=Building&capID1=26CAP&capID2=00000&capID3=00KIJ&agencyCode=TAMPA
rec-dd2d507a37b45d15,CONSTRUCTION_INSPECTIONS|NATIVE|BLD-26-0524397,src-1e01f37641f0cbd6,tpa-47cc39f5099f2e,construction_inspections,BLD-26-0524397,2026-04-17,2026-04,permit_record_created,CREATEDDATE,source_record_metadata,0,0,2026-08-23,2026-08,2026-09-01,2026-09,2026-09-01,2026-09,2,1,Issued,OWNER- Interior Alteration - Bathroom,Residential Building Alterations (Renovations),3616 W Oklahoma Ave,Interbay - South of Gandy,https://aca-prod.accela.com/TAMPA/Cap/CapDetail.aspx?Module=Building&TabName=Building&capID1=26CAP&capID2=00000&capID3=00MG4&agencyCode=TAMPA
rec-dd5407bafae07dc2,CONSTRUCTION_INSPECTIONS|NATIVE|BLD-26-0524256,src-e27728690ca703f6,tpa-762559aa3659ab,construction_inspections,BLD-26-0524256,2026-04-13,2026-04,permit_record_created,CREATEDDATE,source_record_metadata,0,0,2026-08-23,2026-08,2026-09-01,2026-09,2026-09-01,2026-09,2,1,Issued,FEMA: PP: Garage Remodel,Commercial Building Alterations (Renovations),1200 N Mondigo St,Westshore,https://aca-prod.accela.com/TAMPA/Cap/CapDetail.aspx?Module=Building&TabName=Building&capID1=26CAP&capID2=00000&capID3=00LE4&agencyCode=TAMPA
rec-ddf06b1cc98757ae,CONSTRUCTION_INSPECTIONS|NATIVE|BLD-26-0524110,src-59b46a5595e29c5e,tpa-271bf7539d31b0,construction_inspections,BLD-26-0524110,2026-04-08,2026-04,permit_record_created,CREATEDDATE,source_record_metadata,0,0,2026-08-23,2026-08,2026-09-01,2026-09,2026-09-01,2026-09,2,1,Issued,FEMA: PP: New 3 Story,Residential New Construction and Additions (1 and 2 Family),3409 S Beach Dr,Bel Mar Shores,https://aca-prod.accela.com/TAMPA/Cap/CapDetail.aspx?Module=Building&TabName=Building&capID1=26CAP&capID2=00000&capID3=00KF5&agencyCode=TAMPA
rec-e1171c97ad785d81,CONSTRUCTION_INSPECTIONS|NATIVE|BLD-26-0524099,src-5a67b2b22bc9ca00,tpa-adc89cf41c91ad,construction_inspections,BLD-26-0524099,2026-04-08,2026-04,permit_record_created,CREATEDDATE,source_record_metadata,0,0,2026-08-23,2026-08,2026-09-01,2026-09,2026-09-01,2026-09,2,1,Issued,FEMA:PP: - New 3-Story SFR,Residential New Construction and Additions (1 and 2 Family),2205 N Riverside Dr,Ridgewood Park,https://aca-prod.accela.com/TAMPA/Cap/CapDetail.aspx?Module=Building&TabName=Building&capID1=26CAP&capID2=00000&capID3=00KA6&agencyCode=TAMPA
rec-e131a1c36db2edaa,CONSTRUCTION_INSPECTIONS|NATIVE|BLD-26-0524673,src-ce9e184c3017bd49,tpa-e5c2c7af35a71f,construction_inspections,BLD-26-0524673,2026-04-29,2026-04,permit_record_created,CREATEDDATE,source_record_metadata,0,0,2026-08-23,2026-08,2026-09-01,2026-09,2026-09-01,2026-09,2,1,Issued,FEMA - Interior Alteration - Bathroom,Commercial Building Alterations (Renovations),3203 Bayshore Blvd,Bayshore Gardens,https://aca-prod.accela.com/TAMPA/Cap/CapDetail.aspx?Module=Building&TabName=Building&capID1=26CAP&capID2=00000&capID3=00ONE&agencyCode=TAMPA
rec-e2688a912777de94,CONSTRUCTION_INSPECTIONS|NATIVE|BDE-26-0445517,src-e93023127250ca42,tpa-e3fa02d051b42d,construction_inspections,BDE-26-0445517,2026-04-28,2026-04,permit_record_created,CREATEDDATE,source_record_metadata,0,0,2026-08-23,2026-08,2026-09-01,2026-09,2026-09-01,2026-09,2,1,Issued,DEMO SFR,Residential Demolition Permit,2912 W Coachman Ave,Bayshore Beautiful,https://aca-prod.accela.com/TAMPA/Cap/CapDetail.aspx?Module=Building&TabName=Building&capID1=26CAP&capID2=00000&capID3=00OG0&agencyCode=TAMPA
rec-e60710db2e066152,CONSTRUCTION_INSPECTIONS|NATIVE|BLD-26-0524483,src-d2f28ea352268391,tpa-b1afc91547895f,construction_inspections,BLD-26-0524483,2026-04-21,2026-04,permit_record_created,CREATEDDATE,source_record_metadata,0,0,2026-08-23,2026-08,2026-09-01,2026-09,2026-09-01,2026-09,2,1,Issued,New SFR,Residential New Construction and Additions (1 and 2 Family),3421 N 9th St,Ybor Heights Neighborhood Association and Watch Group,https://aca-prod.accela.com/TAMPA/Cap/CapDetail.aspx?Module=Building&TabName=Building&capID1=26CAP&capID2=00000&capID3=00N7A&agencyCode=TAMPA
rec-e6e15bf931cd023c,CONSTRUCTION_INSPECTIONS|NATIVE|BDE-26-0445514,src-b98d23f29269da1d,tpa-b2981c8510b51a,construction_inspections,BDE-26-0445514,2026-04-27,2026-04,permit_record_created,CREATEDDATE,source_record_metadata,0,0,2026-08-23,2026-08,2026-08-23,2026-08,2026-08-23,2026-08,1,0,Issued,DEMOLITION OF DETACHED SHED,Residential Demolition Permit,5806 N Cherokee Ave,Old Seminole Heights,https://aca-prod.accela.com/TAMPA/Cap/CapDetail.aspx?Module=Building&TabName=Building&capID1=26CAP&capID2=00000&capID3=00O9K&agencyCode=TAMPA
rec-e83c49712fb69afe,CONSTRUCTION_INSPECTIONS|NATIVE|BDE-26-0445499,src-5215d29121d83950,tpa-75435665179639,construction_inspections,BDE-26-0445499,2026-04-22,2026-04,permit_record_created,CREATEDDATE,source_record_metadata,0,0,2026-08-23,2026-08,2026-09-01,2026-09,2026-09-01,2026-09,2,1,Issued,Demo SFR,Residential Demolition Permit,3608 W Kensington Ave,Palma Ceia,https://aca-prod.accela.com/TAMPA/Cap/CapDetail.aspx?Module=Building&TabName=Building&capID1=26CAP&capID2=00000&capID3=00NDY&agencyCode=TAMPA
rec-ec85da6752ccc743,CONSTRUCTION_INSPECTIONS|NATIVE|BLD-26-0524175,src-68af76e059d2a401,tpa-50ee382e24d9ac,construction_inspections,BLD-26-0524175,2026-04-10,2026-04,permit_record_created,CREATEDDATE,source_record_metadata,0,0,2026-08-23,2026-08,2026-08-23,2026-08,2026-08-23,2026-08,1,0,Issued,Interior Alteration - Bathrooms,Residential Building Alterations (Renovations),17203 Karis Ct,Tampa Palms North,https://aca-prod.accela.com/TAMPA/Cap/CapDetail.aspx?Module=Building&TabName=Building&capID1=26CAP&capID2=00000&capID3=00KUH&agencyCode=TAMPA
rec-ed2540ec13503ddf,CONSTRUCTION_INSPECTIONS|NATIVE|BLD-26-0524616,,,construction_inspections,BLD-26-0524616,2026-04-27,2026-04,permit_record_created,CREATEDDATE,source_record_metadata,0,0,2026-09-01,2026-09,2026-09-01,2026-09,2026-09-01,2026-09,1,1,Issued,New 2-Story SFR,Residential New Construction and Additions (1 and 2 Family),1936 W Cypress St,North Hyde Park,https://aca-prod.accela.com/TAMPA/Cap/CapDetail.aspx?Module=Building&TabName=Building&capID1=26CAP&capID2=00000&capID3=00O60&agencyCode=TAMPA
rec-edc5ec47870f9f61,CONSTRUCTION_INSPECTIONS|NATIVE|BLD-26-0524514,src-9972751514674d11,tpa-92b708b87f4d12,construction_inspections,BLD-26-0524514,2026-04-22,2026-04,permit_record_created,CREATEDDATE,source_record_metadata,0,0,2026-08-23,2026-08,2026-09-01,2026-09,2026-09-01,2026-09,2,1,Issued,FEMA New 2-Story SFR,Residential New Construction and Additions (1 and 2 Family),4307 S Hale Ave,FairOaks Manhattan,https://aca-prod.accela.com/TAMPA/Cap/CapDetail.aspx?Module=Building&TabName=Building&capID1=26CAP&capID2=00000&capID3=00NHM&agencyCode=TAMPA
rec-edec38c760dd06c9,CONSTRUCTION_INSPECTIONS|NATIVE|BLD-26-0523995,src-5f15fd6c3b08e903,tpa-885cf9821a0497,construction_inspections,BLD-26-0523995,2026-04-03,2026-04,permit_record_created,CREATEDDATE,source_record_metadata,0,0,2026-08-23,2026-08,2026-09-01,2026-09,2026-09-01,2026-09,2,1,Issued,Addition & Remodel,Residential New Construction and Additions (1 and 2 Family),718 S Willow Ave,Hyde Park Preservation,https://aca-prod.accela.com/TAMPA/Cap/CapDetail.aspx?Module=Building&TabName=Building&capID1=26CAP&capID2=00000&capID3=00JL3&agencyCode=TAMPA
rec-efdddadf1361c1e7,CONSTRUCTION_INSPECTIONS|NATIVE|BLD-26-0524409,src-464fc943e2e81e14,tpa-d79236ad146916,construction_inspections,BLD-26-0524409,2026-04-17,2026-04,permit_record_created,CREATEDDATE,source_record_metadata,0,0,2026-08-23,2026-08,2026-09-01,2026-09,2026-09-01,2026-09,2,1,Issued,FEMA Interior Alterations,Residential Building Alterations (Renovations),6207 S Kelly Rd,Ballast Point,https://aca-prod.accela.com/TAMPA/Cap/CapDetail.aspx?Module=Building&TabName=Building&capID1=26CAP&capID2=00000&capID3=00MJF&agencyCode=TAMPA
rec-f241294b258ccbcf,CONSTRUCTION_INSPECTIONS|NATIVE|BLD-26-0524543,src-6ec40d344bd879ae,tpa-23428f29ad2093,construction_inspections,BLD-26-0524543,2026-04-23,2026-04,permit_record_created,CREATEDDATE,source_record_metadata,0,0,2026-08-23,2026-08,2026-09-01,2026-09,2026-09-01,2026-09,2,1,Revision,Interior/Exterior Alteration,Residential Building Alterations (Renovations),3915 N Arlington Ave,Tampa Heights,https://aca-prod.accela.com/TAMPA/Cap/CapDetail.aspx?Module=Building&TabName=Building&capID1=26CAP&capID2=00000&capID3=00NPL&agencyCode=TAMPA
rec-f27d8e547ca0f632,CONSTRUCTION_INSPECTIONS|NATIVE|BLD-26-0524716,src-4914dee692dd8197,tpa-4f29ce4392c677,construction_inspections,BLD-26-0524716,2026-04-30,2026-04,permit_record_created,CREATEDDATE,source_record_metadata,0,0,2026-08-23,2026-08,2026-09-01,2026-09,2026-09-01,2026-09,2,1,Issued,New SFR,Residential New Construction and Additions (1 and 2 Family),3423 N 9th St,Ybor Heights Neighborhood Association and Watch Group,https://aca-prod.accela.com/TAMPA/Cap/CapDetail.aspx?Module=Building&TabName=Building&capID1=26CAP&capID2=00000&capID3=00P5P&agencyCode=TAMPA
rec-f9090d2b8e986787,CONSTRUCTION_INSPECTIONS|NATIVE|BLD-26-0524327,src-0c762cc20cb87d4d,tpa-baf689544886f3,construction_inspections,BLD-26-0524327,2026-04-15,2026-04,permit_record_created,CREATEDDATE,source_record_metadata,0,0,2026-08-23,2026-08,2026-09-01,2026-09,2026-09-01,2026-09,2,1,Issued,Interior/Exterior Alteration,Residential Building Alterations (Renovations),8807 N Orleans Ave,Lowry Park Central,https://aca-prod.accela.com/TAMPA/Cap/CapDetail.aspx?Module=Building&TabName=Building&capID1=26CAP&capID2=00000&capID3=00LS2&agencyCode=TAMPA
rec-fb9e30e1e9a47fe8,CONSTRUCTION_INSPECTIONS|NATIVE|BLD-26-0524018,src-e1491c439cc0cfbc,tpa-cb6710f458a7dd,construction_inspections,BLD-26-0524018,2026-04-05,2026-04,permit_record_created,CREATEDDATE,source_record_metadata,0,0,2026-08-23,2026-08,2026-09-01,2026-09,2026-09-01,2026-09,2,1,Issued,PP:New 3-Story SFR,Residential New Construction and Additions (1 and 2 Family),2710 N Ridgewood Ave,Riverside Heights,https://aca-prod.accela.com/TAMPA/Cap/CapDetail.aspx?Module=Building&TabName=Building&capID1=26CAP&capID2=00000&capID3=00JOB&agencyCode=TAMPA
rec-fca6dac464442232,CONSTRUCTION_INSPECTIONS|NATIVE|BLD-26-0524006,src-c495d752083f9ad2,tpa-3e5f40439bd6cb,construction_inspections,BLD-26-0524006,2026-04-03,2026-04,permit_record_created,CREATEDDATE,source_record_metadata,0,0,2026-08-23,2026-08,2026-09-01,2026-09,2026-09-01,2026-09,2,1,Issued,FEMA - New 2-Story SFR,Residential New Construction and Additions (1 and 2 Family),4626 W Bay Court Ave,Bayside West,https://aca-prod.accela.com/TAMPA/Cap/CapDetail.aspx?Module=Building&TabName=Building&capID1=26CAP&capID2=00000&capID3=00JLX&agencyCode=TAMPA
rec-ff44e3cf7ca89ab4,CONSTRUCTION_INSPECTIONS|NATIVE|BLD-26-0524384,src-35c61c83f5af29a7,tpa-32910abb18ee12,construction_inspections,BLD-26-0524384,2026-04-16,2026-04,permit_record_created,CREATEDDATE,source_record_metadata,0,0,2026-08-23,2026-08,2026-09-01,2026-09,2026-09-01,2026-09,2,1,Revision,FEMA: Interior Remodel,Residential Building Alterations (Renovations),613 Bosphorous Ave,Davis Islands,https://aca-prod.accela.com/TAMPA/Cap/CapDetail.aspx?Module=Building&TabName=Building&capID1=26CAP&capID2=00000&capID3=00MBN&agencyCode=TAMPA
rec-0801403ecff2aedf,DEVELOPMENT_COORDINATION|NATIVE|LND-26-0000085,src-514b8b862fabaa01,tpa-2ac743ee838dd7,development_coordination,LND-26-0000085,2026-04-21,2026-04,planning_application_created,CREATEDDATE,source_reported_event,0,0,2026-08-23,2026-08,2026-08-23,2026-08,2026-08-23,2026-08,1,0,In Process,General Land Use,General Land Use,800 S Harbour Island Blvd,Harbour Island,https://aca-prod.accela.com/TAMPA/Cap/CapDetail.aspx?Module=Planning&TabName=Planning&capID1=26CAP&capID2=00000&capID3=00N2A&agencyCode=TAMPA
rec-15bbb3d7165cf918,DEVELOPMENT_COORDINATION|NATIVE|DE2-26-0000009,src-f0d96a7a736a1565,tpa-3b34f9405a6927,development_coordination,DE2-26-0000009,2026-04-06,2026-04,planning_application_created,CREATEDDATE,source_reported_event,0,0,2026-08-23,2026-08,2026-09-01,2026-09,2026-09-01,2026-09,2,1,In Process,Design Exception 2,Design Exception 2,2812 N Munro St,Riverside Heights,https://aca-prod.accela.com/TAMPA/Cap/CapDetail.aspx?Module=Planning&TabName=Planning&capID1=26CAP&capID2=00000&capID3=00JRM&agencyCode=TAMPA
rec-18168dcae3586220,DEVELOPMENT_COORDINATION|NATIVE|DE2-26-0000010,src-d74d80adddc7f92f,tpa-8ede26b7af6c1d,development_coordination,DE2-26-0000010,2026-04-15,2026-04,planning_application_created,CREATEDDATE,source_reported_event,0,0,2026-08-23,2026-08,2026-09-01,2026-09,2026-09-01,2026-09,2,1,In Process,Design Exception 2,Design Exception 2,2812 N Munro St,Riverside Heights,https://aca-prod.accela.com/TAMPA/Cap/CapDetail.aspx?Module=Planning&TabName=Planning&capID1=26CAP&capID2=00000&capID3=00M1G&agencyCode=TAMPA
rec-2af24453c7b2650e,DEVELOPMENT_COORDINATION|NATIVE|REZ-26-0000066,src-6e748b6c3e2b6b37,tpa-ccb9f79f133e51,development_coordination,REZ-26-0000066,2026-04-10,2026-04,planning_application_created,CREATEDDATE,source_reported_event,0,0,2026-08-23,2026-08,2026-09-01,2026-09,2026-09-01,2026-09,2,1,In Process,Rezoning,Rezoning,2910 E Clark St,Palmetto Beach,https://aca-prod.accela.com/TAMPA/Cap/CapDetail.aspx?Module=Planning&TabName=Planning&capID1=26CAP&capID2=00000&capID3=00L1R&agencyCode=TAMPA
rec-380e0b30a7a67a79,DEVELOPMENT_COORDINATION|NATIVE|REZ-26-0000073,src-d7a3aaf6c6394de8,tpa-0b7deaa8eb27f9,development_coordination,REZ-26-0000073,2026-04-17,2026-04,planning_application_created,CREATEDDATE,source_reported_event,0,0,2026-08-23,2026-08,2026-09-01,2026-09,2026-09-01,2026-09,2,1,In Process,Rezoning,Rezoning,1010 W Hillsborough Ave,Wellswood,https://aca-prod.accela.com/TAMPA/Cap/CapDetail.aspx?Module=Planning&TabName=Planning&capID1=26CAP&capID2=00000&capID3=00MD3&agencyCode=TAMPA
rec-3a5e75b45b8238be,DEVELOPMENT_COORDINATION|NATIVE|REZ-26-0000076,src-15086be1ef5c7611,tpa-2f1a1d0ad04809,development_coordination,REZ-26-0000076,2026-04-19,2026-04,planning_application_created,CREATEDDATE,source_reported_event,0,0,2026-08-23,2026-08,2026-09-01,2026-09,2026-09-01,2026-09,2,1,In Process,Rezoning,Rezoning,109 W Amelia Ave,Tampa Heights,https://aca-prod.accela.com/TAMPA/Cap/CapDetail.aspx?Module=Planning&TabName=Planning&capID1=26CAP&capID2=00000&capID3=00ML2&agencyCode=TAMPA
rec-4cf980a34a9ad5dd,DEVELOPMENT_COORDINATION|NATIVE|REZ-26-0000072,src-7e6cf782240e3be5,tpa-403e681ead9b25,development_coordination,REZ-26-0000072,2026-04-16,2026-04,planning_application_created,CREATEDDATE,source_reported_event,0,0,2026-08-23,2026-08,2026-09-01,2026-09,2026-09-01,2026-09,2,1,In Process,Rezoning,Rezoning,2522 N 55th St,East Side Commercial,https://aca-prod.accela.com/TAMPA/Cap/CapDetail.aspx?Module=Planning&TabName=Planning&capID1=26CAP&capID2=00000&capID3=00M9I&agencyCode=TAMPA
rec-4d32c0674d7e0ddf,DEVELOPMENT_COORDINATION|NATIVE|REZ-26-0000077,src-bb021e110f08daa1,tpa-473c94be359c2f,development_coordination,REZ-26-0000077,2026-04-20,2026-04,planning_application_created,CREATEDDATE,source_reported_event,0,0,2026-08-23,2026-08,2026-09-01,2026-09,2026-09-01,2026-09,2,1,In Process,Rezoning,Rezoning,4001 N Riverside Dr,South Seminole Heights,https://aca-prod.accela.com/TAMPA/Cap/CapDetail.aspx?Module=Planning&TabName=Planning&capID1=26CAP&capID2=00000&capID3=00MVJ&agencyCode=TAMPA
rec-506132946af489d5,DEVELOPMENT_COORDINATION|NATIVE|REZ-26-0000063,src-3c50f56bbbe8e5e7,tpa-e474da96c5e966,development_coordination,REZ-26-0000063,2026-04-07,2026-04,planning_application_created,CREATEDDATE,source_reported_event,0,0,2026-08-23,2026-08,2026-09-01,2026-09,2026-09-01,2026-09,2,1,In Process,Rezoning,Rezoning,2115 W Saint John St,Old West Tampa,https://aca-prod.accela.com/TAMPA/Cap/CapDetail.aspx?Module=Planning&TabName=Planning&capID1=26CAP&capID2=00000&capID3=00K7C&agencyCode=TAMPA
rec-571e656ede1d6cd1,DEVELOPMENT_COORDINATION|NATIVE|REZ-26-0000067,src-194ba91e139bc999,tpa-05c4f87f982549,development_coordination,REZ-26-0000067,2026-04-13,2026-04,planning_application_created,CREATEDDATE,source_reported_event,0,0,2026-08-23,2026-08,2026-09-01,2026-09,2026-09-01,2026-09,2,1,In Process,Rezoning,Rezoning,2018 Grant St,Palmetto Beach,https://aca-prod.accela.com/TAMPA/Cap/CapDetail.aspx?Module=Planning&TabName=Planning&capID1=26CAP&capID2=00000&capID3=00LAJ&agencyCode=TAMPA
rec-5decb27b1dfba666,DEVELOPMENT_COORDINATION|NATIVE|VRB-26-0000072,src-f7543176e1b39cc0,tpa-8cc3dfb4792e4c,development_coordination,VRB-26-0000072,2026-04-14,2026-04,planning_application_created,CREATEDDATE,source_reported_event,0,0,2026-08-23,2026-08,2026-09-01,2026-09,2026-09-01,2026-09,2,1,In Process,Variance Review Board,Variance Review Board,2208 W Morrison Ave,Parkland Estates,https://aca-prod.accela.com/TAMPA/Cap/CapDetail.aspx?Module=Planning&TabName=Planning&capID1=26CAP&capID2=00000&capID3=00LG9&agencyCode=TAMPA
rec-67e82d4dd82e010f,DEVELOPMENT_COORDINATION|NATIVE|DE1-26-0000098,,,development_coordination,DE1-26-0000098,2026-04-01,2026-04,planning_application_created,CREATEDDATE,source_reported_event,0,0,2026-09-01,2026-09,2026-09-01,2026-09,2026-09-01,2026-09,1,1,In Process,Design Exception 1,Design Exception 1,3001 N 36th St,Jackson Heights,https://aca-prod.accela.com/TAMPA/Cap/CapDetail.aspx?Module=Planning&TabName=Planning&capID1=26CAP&capID2=00000&capID3=00J1L&agencyCode=TAMPA
rec-791ac149447af4c9,DEVELOPMENT_COORDINATION|NATIVE|VRB-26-0000071,src-7204f6c9132fa01e,tpa-8b68fa822f41f9,development_coordination,VRB-26-0000071,2026-04-09,2026-04,planning_application_created,CREATEDDATE,source_reported_event,0,0,2026-08-23,2026-08,2026-09-01,2026-09,2026-09-01,2026-09,2,1,Awaiting Client Reply,Variance Review Board,Variance Review Board,1304 E Juneau St,Sulphur Springs,https://aca-prod.accela.com/TAMPA/Cap/CapDetail.aspx?Module=Planning&TabName=Planning&capID1=26CAP&capID2=00000&capID3=00KPY&agencyCode=TAMPA
rec-79ea113e89351eae,DEVELOPMENT_COORDINATION|NATIVE|LND-26-0000076,src-04f965ecf6888bef,tpa-5b48b1cc3f933d,development_coordination,LND-26-0000076,2026-04-02,2026-04,planning_application_created,CREATEDDATE,source_reported_event,0,0,2026-08-23,2026-08,2026-09-01,2026-09,2026-09-01,2026-09,2,1,Awaiting Client Reply,General Land Use,General Land Use,4908 W Price Ave,Gandy / Sun Bay South,https://aca-prod.accela.com/TAMPA/Cap/CapDetail.aspx?Module=Planning&TabName=Planning&capID1=26CAP&capID2=00000&capID3=00JBZ&agencyCode=TAMPA
rec-7fde7b551ed10889,DEVELOPMENT_COORDINATION|NATIVE|REZ-26-0000074,src-bf552742ee8069e1,tpa-122ccd9ecfc563,development_coordination,REZ-26-0000074,2026-04-17,2026-04,planning_application_created,CREATEDDATE,source_reported_event,0,0,2026-08-23,2026-08,2026-09-01,2026-09,2026-09-01,2026-09,2,1,In Process,Rezoning,Rezoning,2009 N Armenia Ave,Old West Tampa,https://aca-prod.accela.com/TAMPA/Cap/CapDetail.aspx?Module=Planning&TabName=Planning&capID1=26CAP&capID2=00000&capID3=00MI4&agencyCode=TAMPA
rec-843e2e01487ff30c,DEVELOPMENT_COORDINATION|NATIVE|REZ-26-0000068,src-58fb276065156ee2,tpa-7e8ead40bfe884,development_coordination,REZ-26-0000068,2026-04-14,2026-04,planning_application_created,CREATEDDATE,source_reported_event,0,0,2026-08-23,2026-08,2026-09-01,2026-09,2026-09-01,2026-09,2,1,In Process,Rezoning,Rezoning,107 W Virginia Ave,Tampa Heights,https://aca-prod.accela.com/TAMPA/Cap/CapDetail.aspx?Module=Planning&TabName=Planning&capID1=26CAP&capID2=00000&capID3=00LPF&agencyCode=TAMPA
rec-90f8e36456e78006,DEVELOPMENT_COORDINATION|NATIVE|VAC-26-0000014,src-b0c49f8b11dd75d8,tpa-bad84018b139bb,development_coordination,VAC-26-0000014,2026-04-28,2026-04,planning_application_created,CREATEDDATE,source_reported_event,0,0,2026-08-23,2026-08,2026-09-01,2026-09,2026-09-01,2026-09,2,1,Open,ROW Vacating,ROW Vacating,2003 N 36th St,Historic East Ybor and Gary,https://aca-prod.accela.com/TAMPA/Cap/CapDetail.aspx?Module=Planning&TabName=Planning&capID1=26CAP&capID2=00000&capID3=00OHR&agencyCode=TAMPA
rec-a42d91357469402b,DEVELOPMENT_COORDINATION|NATIVE|REZ-26-0000065,src-2e182c0914e965c3,tpa-c9ddcf6b27b524,development_coordination,REZ-26-0000065,2026-04-10,2026-04,planning_application_created,CREATEDDATE,source_reported_event,0,0,2026-08-23,2026-08,2026-09-01,2026-09,2026-09-01,2026-09,2,1,In Process,Rezoning,Rezoning,4911 E 10th Ave,East Side Commercial,https://aca-prod.accela.com/TAMPA/Cap/CapDetail.aspx?Module=Planning&TabName=Planning&capID1=26CAP&capID2=00000&capID3=00KWE&agencyCode=TAMPA
rec-aa2299a33b577727,DEVELOPMENT_COORDINATION|NATIVE|REZ-26-0000064,src-78979a2226d9fcb3,tpa-57582397be939a,development_coordination,REZ-26-0000064,2026-04-09,2026-04,planning_application_created,CREATEDDATE,source_reported_event,0,0,2026-08-23,2026-08,2026-09-01,2026-09,2026-09-01,2026-09,2,1,In Process,Rezoning,Rezoning,6206 S 6th St,Interbay - South of Gandy,https://aca-prod.accela.com/TAMPA/Cap/CapDetail.aspx?Module=Planning&TabName=Planning&capID1=26CAP&capID2=00000&capID3=00KOY&agencyCode=TAMPA
rec-c223896c49cfaeeb,DEVELOPMENT_COORDINATION|NATIVE|REZ-26-0000078,src-1b79059b22dc62f5,tpa-8cabf6013fea25,development_coordination,REZ-26-0000078,2026-04-20,2026-04,planning_application_created,CREATEDDATE,source_reported_event,0,0,2026-08-23,2026-08,2026-09-01,2026-09,2026-09-01,2026-09,2,1,In Process,Rezoning,Rezoning,3209 N 22nd St,North Ybor,https://aca-prod.accela.com/TAMPA/Cap/CapDetail.aspx?Module=Planning&TabName=Planning&capID1=26CAP&capID2=00000&capID3=00MWS&agencyCode=TAMPA
rec-c629a2d353a2d5bd,DEVELOPMENT_COORDINATION|NATIVE|VRB-26-0000076,src-8fd6603ff5bb8157,tpa-a9ca7ec9589a91,development_coordination,VRB-26-0000076,2026-04-15,2026-04,planning_application_created,CREATEDDATE,source_reported_event,0,0,2026-08-23,2026-08,2026-09-01,2026-09,2026-09-01,2026-09,2,1,Awaiting Client Reply,Variance Review Board,Variance Review Board,406 W Columbus Dr,Tampa Heights,https://aca-prod.accela.com/TAMPA/Cap/CapDetail.aspx?Module=Planning&TabName=Planning&capID1=26CAP&capID2=00000&capID3=00M0M&agencyCode=TAMPA
rec-cdb5deaba57b4e9d,DEVELOPMENT_COORDINATION|NATIVE|DE1-26-0000110,src-b99c1e21c4d2c52d,tpa-ca126ca2b96311,development_coordination,DE1-26-0000110,2026-04-22,2026-04,planning_application_created,CREATEDDATE,source_reported_event,0,0,2026-08-23,2026-08,2026-09-01,2026-09,2026-09-01,2026-09,2,1,In Process,Design Exception 1,Design Exception 1,2602 E 29th Ave,College Hill-Belmont Heights,https://aca-prod.accela.com/TAMPA/Cap/CapDetail.aspx?Module=Planning&TabName=Planning&capID1=26CAP&capID2=00000&capID3=00NF7&agencyCode=TAMPA
rec-d4d09926dfec50db,DEVELOPMENT_COORDINATION|NATIVE|REZ-26-0000075,src-1c2f819cee1a17c6,tpa-e647a5bb2a69ce,development_coordination,REZ-26-0000075,2026-04-17,2026-04,planning_application_created,CREATEDDATE,source_reported_event,0,0,2026-08-23,2026-08,2026-09-01,2026-09,2026-09-01,2026-09,2,1,In Process,Rezoning,Rezoning,5250 E Broadway Ave,East Side Commercial,https://aca-prod.accela.com/TAMPA/Cap/CapDetail.aspx?Module=Planning&TabName=Planning&capID1=26CAP&capID2=00000&capID3=00MJP&agencyCode=TAMPA
rec-db9b042832597729,DEVELOPMENT_COORDINATION|NATIVE|VAC-26-0000013,src-9d740d790f844cbe,tpa-a73530e0a37e57,development_coordination,VAC-26-0000013,2026-04-13,2026-04,planning_application_created,CREATEDDATE,source_reported_event,0,0,2026-08-23,2026-08,2026-09-01,2026-09,2026-09-01,2026-09,2,1,In Process,ROW Vacating,ROW Vacating,830 W Kennedy Blvd,Hyde Park Spanishtown Creek,https://aca-prod.accela.com/TAMPA/Cap/CapDetail.aspx?Module=Planning&TabName=Planning&capID1=26CAP&capID2=00000&capID3=00LE8&agencyCode=TAMPA
rec-e28eb0e56a32b602,DEVELOPMENT_COORDINATION|NATIVE|VRB-26-0000078,src-d0fdd6a22f5c90f3,tpa-61fb5b68a981ff,development_coordination,VRB-26-0000078,2026-04-30,2026-04,planning_application_created,CREATEDDATE,source_reported_event,0,0,2026-08-23,2026-08,2026-09-01,2026-09,2026-09-01,2026-09,2,1,In Process,Variance Review Board,Variance Review Board,6501 N Nebraska Ave,Old Seminole Heights,https://aca-prod.accela.com/TAMPA/Cap/CapDetail.aspx?Module=Planning&TabName=Planning&capID1=26CAP&capID2=00000&capID3=00P4G&agencyCode=TAMPA
rec-f338eb2f32f8374c,DEVELOPMENT_COORDINATION|NATIVE|REZ-26-0000079,src-b499c39671a1c53c,tpa-641715e6bef607,development_coordination,REZ-26-0000079,2026-04-29,2026-04,planning_application_created,CREATEDDATE,source_reported_event,0,0,2026-08-23,2026-08,2026-09-01,2026-09,2026-09-01,2026-09,2,1,In Process,Rezoning,Rezoning,1206 Holmes Ave,VM Ybor,https://aca-prod.accela.com/TAMPA/Cap/CapDetail.aspx?Module=Planning&TabName=Planning&capID1=26CAP&capID2=00000&capID3=00OVC&agencyCode=TAMPA
rec-ff3f8ac448cb3b27,DEVELOPMENT_COORDINATION|NATIVE|AB2-26-0000016,src-e295328633ef432f,tpa-57092e64bbd85d,development_coordination,AB2-26-0000016,2026-04-27,2026-04,planning_application_created,CREATEDDATE,source_reported_event,0,0,2026-08-23,2026-08,2026-09-01,2026-09,2026-09-01,2026-09,2,1,In Process,AB Special Use 2,AB Special Use 2,5804 E Columbus Dr,East Side Commercial,https://aca-prod.accela.com/TAMPA/Cap/CapDetail.aspx?Module=Planning&TabName=Planning&capID1=26CAP&capID2=00000&capID3=00OAW&agencyCode=TAMPA
rec-01548be04c9cbbc4,SINGLE_FAMILY_PERMITS|NATIVE|BLD-26-0523149,src-17e7da4d6c3a689d,tpa-e4c41bba786194,single_family_permits,BLD-26-0523149,2026-04-23,2026-04,permit_issued,TASK_STATUS_DATE,source_reported_event,0,0,2026-08-23,2026-08,2026-08-23,2026-08,2026-08-23,2026-08,1,0,Issued | Issued,Residential New Construction and Additions (1 and 2 Family),Residential | New Construction and Additions | Building,4318 W Leona St,Virginia Park,https://arcgis.tampagov.net/arcgis/rest/services/OpenData/Planning/MapServer/32
rec-020260f91644f5d2,SINGLE_FAMILY_PERMITS|NATIVE|BLD-26-0523481,src-1b225ae93e6b82c5,tpa-1874bbfaf97b06,single_family_permits,BLD-26-0523481,2026-04-17,2026-04,permit_issued,TASK_STATUS_DATE,source_reported_event,0,0,2026-08-23,2026-08,2026-08-23,2026-08,2026-08-23,2026-08,1,0,Issued | Issued,Residential New Construction and Additions (1 and 2 Family),Residential | New Construction and Additions | Building,8907 N Orleans Ave,Lowry Park Central,https://arcgis.tampagov.net/arcgis/rest/services/OpenData/Planning/MapServer/32
rec-0403d925dffa25f8,SINGLE_FAMILY_PERMITS|NATIVE|BLD-26-0523842,src-08d783ba06f04c46,tpa-fdef5ed80ba0c4,single_family_permits,BLD-26-0523842,2026-04-15,2026-04,permit_issued,TASK_STATUS_DATE,source_reported_event,0,0,2026-08-23,2026-08,2026-08-23,2026-08,2026-08-23,2026-08,1,0,Issued | Issued,Residential New Construction and Additions (1 and 2 Family),Residential | New Construction and Additions | Building,3219 W Arch St,Midtown Tampa,https://arcgis.tampagov.net/arcgis/rest/services/OpenData/Planning/MapServer/32
rec-052e4d0fc824e81c,SINGLE_FAMILY_PERMITS|NATIVE|BLD-26-0520242,src-d69b39e9ff1978ec,tpa-7e19316a24edf7,single_family_permits,BLD-26-0520242,2026-04-17,2026-04,permit_issued,TASK_STATUS_DATE,source_reported_event,0,0,2026-08-23,2026-08,2026-08-23,2026-08,2026-08-23,2026-08,1,0,Issued | Issued,Residential New Construction and Additions (1 and 2 Family),Residential | New Construction and Additions | Building,101 W Fern St,Old Seminole Heights,https://arcgis.tampagov.net/arcgis/rest/services/OpenData/Planning/MapServer/32
rec-0664d4366db8a1a2,SINGLE_FAMILY_PERMITS|NATIVE|BLD-26-0519203,src-a1089504ff3d8b90,tpa-dc6d3df62ba498,single_family_permits,BLD-26-0519203,2026-04-01,2026-04,permit_issued,TASK_STATUS_DATE,source_reported_event,0,0,2026-08-23,2026-08,2026-08-23,2026-08,2026-08-23,2026-08,1,0,Issued | Issued,Residential New Construction and Additions (1 and 2 Family),Residential | New Construction and Additions | Building,4309 N Central Ave,Old Seminole Heights,https://arcgis.tampagov.net/arcgis/rest/services/OpenData/Planning/MapServer/32
rec-0faf585774fa17bb,SINGLE_FAMILY_PERMITS|NATIVE|BLD-26-0522273,src-fe859eca08d96b1f,tpa-a7e6f0d4aba912,single_family_permits,BLD-26-0522273,2026-04-08,2026-04,permit_issued,TASK_STATUS_DATE,source_reported_event,0,0,2026-08-23,2026-08,2026-08-23,2026-08,2026-08-23,2026-08,1,0,Issued | Issued,Residential New Construction and Additions (1 and 2 Family),Residential | New Construction and Additions | Building,907 S Fremont Ave,Historic Hyde Park,https://arcgis.tampagov.net/arcgis/rest/services/OpenData/Planning/MapServer/32
rec-106681dafbd70ae9,SINGLE_FAMILY_PERMITS|NATIVE|BLD-26-0522758,src-730db638fac37372,tpa-52e7814c3f36f7,single_family_permits,BLD-26-0522758,2026-04-13,2026-04,permit_issued,TASK_STATUS_DATE,source_reported_event,0,0,2026-08-23,2026-08,2026-08-23,2026-08,2026-08-23,2026-08,1,0,Revision | Issued,Residential New Construction and Additions (1 and 2 Family),Residential | New Construction and Additions | Building,2608 N Ridgewood Ave,Riverside Heights,https://arcgis.tampagov.net/arcgis/rest/services/OpenData/Planning/MapServer/32
rec-194c7a158a4e3419,SINGLE_FAMILY_PERMITS|NATIVE|BLD-26-0522135,src-c1f9cf7fb6f34030,tpa-245030a325b815,single_family_permits,BLD-26-0522135,2026-04-13,2026-04,permit_issued,TASK_STATUS_DATE,source_reported_event,0,0,2026-08-23,2026-08,2026-08-23,2026-08,2026-08-23,2026-08,1,0,Issued | Issued,Residential New Construction and Additions (1 and 2 Family),Residential | New Construction and Additions | Building,1911 E Noel St,Historic Belmont Heights,https://arcgis.tampagov.net/arcgis/rest/services/OpenData/Planning/MapServer/32
rec-1e4e1424f4d5b8d6,SINGLE_FAMILY_PERMITS|NATIVE|BLD-26-0520878,src-97f3f74accbb336d,tpa-46411d97dd91d5,single_family_permits,BLD-26-0520878,2026-04-24,2026-04,permit_issued,TASK_STATUS_DATE,source_reported_event,0,0,2026-08-23,2026-08,2026-08-23,2026-08,2026-08-23,2026-08,1,0,Issued | Issued,Residential New Construction and Additions (1 and 2 Family),Residential | New Construction and Additions | Building,7504 S Germer St,"Port Tampa City, Inc. Civic Association",https://arcgis.tampagov.net/arcgis/rest/services/OpenData/Planning/MapServer/32
rec-1e60a994f51787c1,SINGLE_FAMILY_PERMITS|NATIVE|BLD-26-0522786,src-f5fe6d7e12c2e882,tpa-70220439284dac,single_family_permits,BLD-26-0522786,2026-04-14,2026-04,permit_issued,TASK_STATUS_DATE,source_reported_event,0,0,2026-08-23,2026-08,2026-08-23,2026-08,2026-08-23,2026-08,1,0,Issued | Issued,Residential New Construction and Additions (1 and 2 Family),Residential | New Construction and Additions | Building,3303 W Corona St,Palma Ceia,https://arcgis.tampagov.net/arcgis/rest/services/OpenData/Planning/MapServer/32
rec-1eb0df7ca245d685,SINGLE_FAMILY_PERMITS|NATIVE|BLD-26-0520165,src-64ae7eb463b78514,tpa-124ac81151ad48,single_family_permits,BLD-26-0520165,2026-04-28,2026-04,permit_issued,TASK_STATUS_DATE,source_reported_event,0,0,2026-08-23,2026-08,2026-08-23,2026-08,2026-08-23,2026-08,1,0,Issued | Issued,Residential New Construction and Additions (1 and 2 Family),Residential | New Construction and Additions | Building,7408 S Morton St,"Port Tampa City, Inc. Civic Association",https://arcgis.tampagov.net/arcgis/rest/services/OpenData/Planning/MapServer/32
rec-21a3d182446789ee,SINGLE_FAMILY_PERMITS|NATIVE|BLD-24-0505035,src-6da2667e2bf5c7c2,tpa-fc7eb5bc85a757,single_family_permits,BLD-24-0505035,2026-04-10,2026-04,permit_issued,TASK_STATUS_DATE,source_reported_event,0,0,2026-08-23,2026-08,2026-09-01,2026-09,2026-09-01,2026-09,2,1,Issued | Issued,Residential New Construction and Additions (1 and 2 Family),Residential | New Construction and Additions | Building,2309 N Riverside Dr,Ridgewood Park,https://arcgis.tampagov.net/arcgis/rest/services/OpenData/Planning/MapServer/32
rec-25927a594ab59a91,SINGLE_FAMILY_PERMITS|NATIVE|BLD-26-0521429,src-787f7c471e677ae5,tpa-68365bfff88315,single_family_permits,BLD-26-0521429,2026-04-29,2026-04,permit_issued,TASK_STATUS_DATE,source_reported_event,0,0,2026-08-23,2026-08,2026-08-23,2026-08,2026-08-23,2026-08,1,0,Issued | Issued,Residential New Construction and Additions (1 and 2 Family),Residential | New Construction and Additions | Building,3705 E Powhatan Ave,Live Oaks Square,https://arcgis.tampagov.net/arcgis/rest/services/OpenData/Planning/MapServer/32
rec-2811ee8fbf3866f4,SINGLE_FAMILY_PERMITS|NATIVE|BLD-26-0523654,src-68502198bcd40a7c,tpa-cbfc2c52ef960f,single_family_permits,BLD-26-0523654,2026-04-15,2026-04,permit_issued,TASK_STATUS_DATE,source_reported_event,0,0,2026-08-23,2026-08,2026-08-23,2026-08,2026-08-23,2026-08,1,0,Issued | Issued,Residential New Construction and Additions (1 and 2 Family),Residential | New Construction and Additions | Building,3611 W Empedrado St,Palma Ceia,https://arcgis.tampagov.net/arcgis/rest/services/OpenData/Planning/MapServer/32
rec-2867efa167c45cc3,SINGLE_FAMILY_PERMITS|NATIVE|BLD-26-0523165,src-fae5d4078fe695c7,tpa-0b95456530c0c4,single_family_permits,BLD-26-0523165,2026-04-29,2026-04,permit_issued,TASK_STATUS_DATE,source_reported_event,0,0,2026-08-23,2026-08,2026-08-23,2026-08,2026-08-23,2026-08,1,0,Issued | Issued,Residential New Construction and Additions (1 and 2 Family),Residential | New Construction and Additions | Building,2924 W Paxton Ave,Ballast Point,https://arcgis.tampagov.net/arcgis/rest/services/OpenData/Planning/MapServer/32
rec-2be31c7383fce756,SINGLE_FAMILY_PERMITS|NATIVE|BLD-26-0523057,src-53ef52ec79bdc0c9,tpa-1f86c25b8416e4,single_family_permits,BLD-26-0523057,2026-04-06,2026-04,permit_issued,TASK_STATUS_DATE,source_reported_event,0,0,2026-08-23,2026-08,2026-08-23,2026-08,2026-08-23,2026-08,1,0,Issued | Issued,Residential New Construction and Additions (1 and 2 Family),Residential | New Construction and Additions | Building,4517 W Lamb Ave,Sunset Park,https://arcgis.tampagov.net/arcgis/rest/services/OpenData/Planning/MapServer/32
rec-2d8ac7f591ec73f3,SINGLE_FAMILY_PERMITS|NATIVE|BLD-24-0510412,src-be62f628e2137965,tpa-77aeefa7cab39d,single_family_permits,BLD-24-0510412,2026-04-06,2026-04,permit_issued,TASK_STATUS_DATE,source_reported_event,0,0,2026-08-23,2026-08,2026-09-01,2026-09,2026-09-01,2026-09,2,1,Issued | Issued,Residential New Construction and Additions (1 and 2 Family),Residential | New Construction and Additions | Building,4112 N 15th St,Southeast Seminole Heights,https://arcgis.tampagov.net/arcgis/rest/services/OpenData/Planning/MapServer/32
rec-2d9b037a59d51289,SINGLE_FAMILY_PERMITS|NATIVE|BLD-26-0522823,src-ef17d79cf5127621,tpa-cc017e7436b886,single_family_permits,BLD-26-0522823,2026-04-22,2026-04,permit_issued,TASK_STATUS_DATE,source_reported_event,0,0,2026-08-23,2026-08,2026-08-23,2026-08,2026-08-23,2026-08,1,0,Issued | Issued,Residential New Construction and Additions (1 and 2 Family),Residential | New Construction and Additions | Building,1948 W Spruce St,Old West Tampa,https://arcgis.tampagov.net/arcgis/rest/services/OpenData/Planning/MapServer/32
rec-300b94870936fe55,SINGLE_FAMILY_PERMITS|NATIVE|BLD-26-0523720,src-23137a46c110d598,tpa-5d51b71d680f85,single_family_permits,BLD-26-0523720,2026-04-30,2026-04,permit_issued,TASK_STATUS_DATE,source_reported_event,0,0,2026-08-23,2026-08,2026-08-23,2026-08,2026-08-23,2026-08,1,0,Issued | Issued,Residential New Construction and Additions (1 and 2 Family),Residential | New Construction and Additions | Building,3219 W Arch St,Midtown Tampa,https://arcgis.tampagov.net/arcgis/rest/services/OpenData/Planning/MapServer/32
rec-3190454b2e798c67,SINGLE_FAMILY_PERMITS|NATIVE|BLD-26-0520298,src-abc2e4fdf423cd36,tpa-0c2a6281b39abd,single_family_permits,BLD-26-0520298,2026-04-21,2026-04,permit_issued,TASK_STATUS_DATE,source_reported_event,0,0,2026-08-23,2026-08,2026-08-23,2026-08,2026-08-23,2026-08,1,0,Issued | Issued,Residential New Construction and Additions (1 and 2 Family),Residential | New Construction and Additions | Building,8120 N Newport Ave,Lowry Park Central,https://arcgis.tampagov.net/arcgis/rest/services/OpenData/Planning/MapServer/32
rec-31945645f63d3674,SINGLE_FAMILY_PERMITS|NATIVE|BLD-26-0522378,src-797472db16d27114,tpa-00a7e626430c84,single_family_permits,BLD-26-0522378,2026-04-15,2026-04,permit_issued,TASK_STATUS_DATE,source_reported_event,0,0,2026-08-23,2026-08,2026-08-23,2026-08,2026-08-23,2026-08,1,0,Issued | Issued,Residential New Construction and Additions (1 and 2 Family),Residential | New Construction and Additions | Building,6210 N 42nd St,Northeast Community Crimewatch & Civic Association,https://arcgis.tampagov.net/arcgis/rest/services/OpenData/Planning/MapServer/32
rec-34f12c91d213e016,SINGLE_FAMILY_PERMITS|NATIVE|BLD-26-0520027,src-ed8b2418f24fd01a,tpa-84fc0dfdf1ee35,single_family_permits,BLD-26-0520027,2026-04-28,2026-04,permit_issued,TASK_STATUS_DATE,source_reported_event,0,0,2026-08-23,2026-08,2026-08-23,2026-08,2026-08-23,2026-08,1,0,Revision | Issued,Residential New Construction and Additions (1 and 2 Family),Residential | New Construction and Additions | Building,2403 S Dundee St,Sunset Park,https://arcgis.tampagov.net/arcgis/rest/services/OpenData/Planning/MapServer/32
rec-38beb3a4285f17fa,SINGLE_FAMILY_PERMITS|NATIVE|BLD-26-0523391,src-a0381b7956353e2c,tpa-f0d0f0c06f4c21,single_family_permits,BLD-26-0523391,2026-04-22,2026-04,permit_issued,TASK_STATUS_DATE,source_reported_event,0,0,2026-08-23,2026-08,2026-08-23,2026-08,2026-08-23,2026-08,1,0,Revision | Issued,Residential New Construction and Additions (1 and 2 Family),Residential | New Construction and Additions | Building,1427 E 29th Ave,Ybor Heights Neighborhood Association and Watch Group,https://arcgis.tampagov.net/arcgis/rest/services/OpenData/Planning/MapServer/32
rec-3e4c065a3950b43f,SINGLE_FAMILY_PERMITS|NATIVE|BLD-26-0522773,src-58454e273d7d4fd8,tpa-eff0c2265e1bdd,single_family_permits,BLD-26-0522773,2026-04-07,2026-04,permit_issued,TASK_STATUS_DATE,source_reported_event,0,0,2026-08-23,2026-08,2026-08-23,2026-08,2026-08-23,2026-08,1,0,Issued | Issued,Residential New Construction and Additions (1 and 2 Family),Residential | New Construction and Additions | Building,403 W Violet St,South Seminole Heights,https://arcgis.tampagov.net/arcgis/rest/services/OpenData/Planning/MapServer/32
rec-46125d39c95c1689,SINGLE_FAMILY_PERMITS|NATIVE|BLD-26-0521219,src-89d84c289da86de6,tpa-71ba922da48242,single_family_permits,BLD-26-0521219,2026-04-06,2026-04,permit_issued,TASK_STATUS_DATE,source_reported_event,0,0,2026-08-23,2026-08,2026-08-23,2026-08,2026-08-23,2026-08,1,0,Issued | Issued,Residential New Construction and Additions (1 and 2 Family),Residential | New Construction and Additions | Building,1712 W Saint Conrad St,Old West Tampa,https://arcgis.tampagov.net/arcgis/rest/services/OpenData/Planning/MapServer/32
rec-46463476c5d77a24,SINGLE_FAMILY_PERMITS|NATIVE|BLD-25-0517610,src-e668abcf256ec477,tpa-5ddf3bacd63c29,single_family_permits,BLD-25-0517610,2026-04-29,2026-04,permit_issued,TASK_STATUS_DATE,source_reported_event,0,0,2026-08-23,2026-08,2026-08-23,2026-08,2026-08-23,2026-08,1,0,Issued | Issued,Residential New Construction and Additions (1 and 2 Family),Residential | New Construction and Additions | Building,4122 W Barcelona St,Virginia Park,https://arcgis.tampagov.net/arcgis/rest/services/OpenData/Planning/MapServer/32
rec-47b2cb169770a267,SINGLE_FAMILY_PERMITS|NATIVE|BLD-26-0521368,src-8e390e49d3bc2b89,tpa-845599e11d236f,single_family_permits,BLD-26-0521368,2026-04-06,2026-04,permit_issued,TASK_STATUS_DATE,source_reported_event,0,0,2026-08-23,2026-08,2026-08-23,2026-08,2026-08-23,2026-08,1,0,Issued | Issued,Residential New Construction and Additions (1 and 2 Family),Residential | New Construction and Additions | Building,1710 W Saint Conrad St,Old West Tampa,https://arcgis.tampagov.net/arcgis/rest/services/OpenData/Planning/MapServer/32
rec-4c6e82001cfcb7bb,SINGLE_FAMILY_PERMITS|NATIVE|BLD-26-0522873,src-2e78dce1232a5ae2,tpa-1be5dd248ac123,single_family_permits,BLD-26-0522873,2026-04-20,2026-04,permit_issued,TASK_STATUS_DATE,source_reported_event,0,0,2026-08-23,2026-08,2026-08-23,2026-08,2026-08-23,2026-08,1,0,Issued | Issued,Residential New Construction and Additions (1 and 2 Family),Residential | New Construction and Additions | Building,450 W Davis Blvd,Davis Islands,https://arcgis.tampagov.net/arcgis/rest/services/OpenData/Planning/MapServer/32
rec-507870ab3a4f6de5,SINGLE_FAMILY_PERMITS|NATIVE|BLD-26-0523412,src-73debdd2700e3103,tpa-8266d9c415cfcd,single_family_permits,BLD-26-0523412,2026-04-22,2026-04,permit_issued,TASK_STATUS_DATE,source_reported_event,0,0,2026-08-23,2026-08,2026-08-23,2026-08,2026-08-23,2026-08,1,0,Revision | Issued,Residential New Construction and Additions (1 and 2 Family),Residential | New Construction and Additions | Building,1425 E 29th Ave,Ybor Heights Neighborhood Association and Watch Group,https://arcgis.tampagov.net/arcgis/rest/services/OpenData/Planning/MapServer/32
rec-54faa8d723641ca7,SINGLE_FAMILY_PERMITS|NATIVE|BLD-26-0522665,src-36ee21d8cf597c63,tpa-98837d4f727053,single_family_permits,BLD-26-0522665,2026-04-15,2026-04,permit_issued,TASK_STATUS_DATE,source_reported_event,0,0,2026-08-23,2026-08,2026-08-23,2026-08,2026-08-23,2026-08,1,0,Issued | Issued,Residential New Construction and Additions (1 and 2 Family),Residential | New Construction and Additions | Building,3921 W Lemon St,North Bon Air,https://arcgis.tampagov.net/arcgis/rest/services/OpenData/Planning/MapServer/32
rec-5667dc097480dc8d,SINGLE_FAMILY_PERMITS|NATIVE|BLD-24-0508699,src-74b03c812d1cd88e,tpa-573c40900a5d1b,single_family_permits,BLD-24-0508699,2026-04-28,2026-04,permit_issued,TASK_STATUS_DATE,source_reported_event,0,0,2026-08-23,2026-08,2026-09-01,2026-09,2026-09-01,2026-09,2,1,Revision | Issued,Residential New Construction and Additions (1 and 2 Family),Residential | New Construction and Additions | Building,2707 E 22nd Ave,North Ybor,https://arcgis.tampagov.net/arcgis/rest/services/OpenData/Planning/MapServer/32
rec-5e2632eb9d15a1ed,SINGLE_FAMILY_PERMITS|NATIVE|BLD-26-0523238,src-a3603abd4f80fd6d,tpa-8c1b5d5e2cc99a,single_family_permits,BLD-26-0523238,2026-04-15,2026-04,permit_issued,TASK_STATUS_DATE,source_reported_event,0,0,2026-08-23,2026-08,2026-08-23,2026-08,2026-08-23,2026-08,1,0,Issued | Issued,Residential New Construction and Additions (1 and 2 Family),Residential | New Construction and Additions | Building,4710 W Vasconia St,Belmar Gardens,https://arcgis.tampagov.net/arcgis/rest/services/OpenData/Planning/MapServer/32
rec-5f2519f085bdd64f,SINGLE_FAMILY_PERMITS|NATIVE|BLD-26-0522860,src-c922e8007f48fe29,tpa-bb7f59f71ea4fa,single_family_permits,BLD-26-0522860,2026-04-16,2026-04,permit_issued,TASK_STATUS_DATE,source_reported_event,0,0,2026-08-23,2026-08,2026-08-23,2026-08,2026-08-23,2026-08,1,0,Issued | Issued,Residential New Construction and Additions (1 and 2 Family),Residential | New Construction and Additions | Building,8910 El Portal Dr,Lowry Park Central,https://arcgis.tampagov.net/arcgis/rest/services/OpenData/Planning/MapServer/32
rec-5f2e634ba1616d64,SINGLE_FAMILY_PERMITS|NATIVE|BLD-25-0516279,src-2d6e50294fce28a8,tpa-45c5f52620299f,single_family_permits,BLD-25-0516279,2026-04-27,2026-04,permit_issued,TASK_STATUS_DATE,source_reported_event,0,0,2026-08-23,2026-08,2026-08-23,2026-08,2026-08-23,2026-08,1,0,Issued | Issued,Residential New Construction and Additions (1 and 2 Family),Residential | New Construction and Additions | Building,2804 W Foster Ave S,Ballast Point,https://arcgis.tampagov.net/arcgis/rest/services/OpenData/Planning/MapServer/32
rec-6142a2013aec1505,SINGLE_FAMILY_PERMITS|NATIVE|BLD-26-0520756,src-b15fbedf8964cd77,tpa-9a5d26340e52a8,single_family_permits,BLD-26-0520756,2026-04-29,2026-04,permit_issued,TASK_STATUS_DATE,source_reported_event,0,0,2026-08-23,2026-08,2026-08-23,2026-08,2026-08-23,2026-08,1,0,Issued | Issued,Residential New Construction and Additions (1 and 2 Family),Residential | New Construction and Additions | Building,5006 W Euclid Ave,Bel Mar Shores,https://arcgis.tampagov.net/arcgis/rest/services/OpenData/Planning/MapServer/32
rec-655199cfae0ce876,SINGLE_FAMILY_PERMITS|NATIVE|BLD-26-0522387,src-d1f0edf24a56a4de,tpa-459e76a973db5e,single_family_permits,BLD-26-0522387,2026-04-21,2026-04,permit_issued,TASK_STATUS_DATE,source_reported_event,0,0,2026-08-23,2026-08,2026-08-23,2026-08,2026-08-23,2026-08,1,0,Issued | Issued,Residential New Construction and Additions (1 and 2 Family),Residential | New Construction and Additions | Building,3821 W Gray St,North Bon Air,https://arcgis.tampagov.net/arcgis/rest/services/OpenData/Planning/MapServer/32
rec-6d4a352c35ca9081,SINGLE_FAMILY_PERMITS|NATIVE|BLD-26-0522822,src-6d83a10d4a55703a,tpa-5200b32795a081,single_family_permits,BLD-26-0522822,2026-04-21,2026-04,permit_issued,TASK_STATUS_DATE,source_reported_event,0,0,2026-08-23,2026-08,2026-08-23,2026-08,2026-08-23,2026-08,1,0,Issued | Issued,Residential New Construction and Additions (1 and 2 Family),Residential | New Construction and Additions | Building,1946 W Spruce St,Old West Tampa,https://arcgis.tampagov.net/arcgis/rest/services/OpenData/Planning/MapServer/32
rec-6f7ce402f4a9e933,SINGLE_FAMILY_PERMITS|NATIVE|BLD-26-0523385,src-410c3187682cc9d4,tpa-af7594b07ae078,single_family_permits,BLD-26-0523385,2026-04-13,2026-04,permit_issued,TASK_STATUS_DATE,source_reported_event,0,0,2026-08-23,2026-08,2026-08-23,2026-08,2026-08-23,2026-08,1,0,Issued | Issued,Residential New Construction and Additions (1 and 2 Family),Residential | New Construction and Additions | Building,3620 S Lightner Dr,Bel Mar Shores,https://arcgis.tampagov.net/arcgis/rest/services/OpenData/Planning/MapServer/32
rec-7388fc9258623bf7,SINGLE_FAMILY_PERMITS|NATIVE|BLD-26-0523392,src-0c074c6f829f9380,tpa-2ca71231c10586,single_family_permits,BLD-26-0523392,2026-04-16,2026-04,permit_issued,TASK_STATUS_DATE,source_reported_event,0,0,2026-08-23,2026-08,2026-08-23,2026-08,2026-08-23,2026-08,1,0,Revision | Issued,Residential New Construction and Additions (1 and 2 Family),Residential | New Construction and Additions | Building,1429 E 29th Ave,Ybor Heights Neighborhood Association and Watch Group,https://arcgis.tampagov.net/arcgis/rest/services/OpenData/Planning/MapServer/32
rec-760980d2dc03782e,SINGLE_FAMILY_PERMITS|NATIVE|BLD-26-0521613,src-61665cf57238fa64,tpa-2fa48cd756d9a2,single_family_permits,BLD-26-0521613,2026-04-23,2026-04,permit_issued,TASK_STATUS_DATE,source_reported_event,0,0,2026-08-23,2026-08,2026-08-23,2026-08,2026-08-23,2026-08,1,0,Issued | Issued,Residential New Construction and Additions (1 and 2 Family),Residential | New Construction and Additions | Building,208 W Fern St,Old Seminole Heights,https://arcgis.tampagov.net/arcgis/rest/services/OpenData/Planning/MapServer/32
rec-78a0693b381a7bf1,SINGLE_FAMILY_PERMITS|NATIVE|BLD-26-0520372,src-4a84e3f57a1c7b7d,tpa-a26609c240ab83,single_family_permits,BLD-26-0520372,2026-04-23,2026-04,permit_issued,TASK_STATUS_DATE,source_reported_event,0,0,2026-08-23,2026-08,2026-08-23,2026-08,2026-08-23,2026-08,1,0,Issued | Issued,Residential New Construction and Additions (1 and 2 Family),Residential | New Construction and Additions | Building,119 W Adalee St,Tampa Heights,https://arcgis.tampagov.net/arcgis/rest/services/OpenData/Planning/MapServer/32
rec-7d07ba22b0d1bee4,SINGLE_FAMILY_PERMITS|NATIVE|BLD-26-0523483,src-17ad3afbd02b4350,tpa-e579bcb61af14c,single_family_permits,BLD-26-0523483,2026-04-17,2026-04,permit_issued,TASK_STATUS_DATE,source_reported_event,0,0,2026-08-23,2026-08,2026-08-23,2026-08,2026-08-23,2026-08,1,0,Issued | Issued,Residential New Construction and Additions (1 and 2 Family),Residential | New Construction and Additions | Building,8909 N Orleans Ave,Lowry Park Central,https://arcgis.tampagov.net/arcgis/rest/services/OpenData/Planning/MapServer/32
rec-7dfebf88f9baa4cf,SINGLE_FAMILY_PERMITS|NATIVE|BLD-26-0521509,src-8a001230a75a5f7d,tpa-6c96bc46c8b68a,single_family_permits,BLD-26-0521509,2026-04-02,2026-04,permit_issued,TASK_STATUS_DATE,source_reported_event,0,0,2026-08-23,2026-08,2026-08-23,2026-08,2026-08-23,2026-08,1,0,Issued | Issued,Residential New Construction and Additions (1 and 2 Family),Residential | New Construction and Additions | Building,2910 N 25th St,North Ybor,https://arcgis.tampagov.net/arcgis/rest/services/OpenData/Planning/MapServer/32
rec-823b3a533237dc3a,SINGLE_FAMILY_PERMITS|NATIVE|BLD-26-0520712,src-55bac3dedbf171e5,tpa-47001d0f806223,single_family_permits,BLD-26-0520712,2026-04-22,2026-04,permit_issued,TASK_STATUS_DATE,source_reported_event,0,0,2026-08-23,2026-08,2026-08-23,2026-08,2026-08-23,2026-08,1,0,Issued | Issued,Residential New Construction and Additions (1 and 2 Family),Residential | New Construction and Additions | Building,2115 S West Shore Blvd,Sunset Park,https://arcgis.tampagov.net/arcgis/rest/services/OpenData/Planning/MapServer/32
rec-89cc3171d973047a,SINGLE_FAMILY_PERMITS|NATIVE|BLD-26-0522821,src-17bc038f95736985,tpa-ec61187e51f3b0,single_family_permits,BLD-26-0522821,2026-04-21,2026-04,permit_issued,TASK_STATUS_DATE,source_reported_event,0,0,2026-08-23,2026-08,2026-08-23,2026-08,2026-08-23,2026-08,1,0,Issued | Issued,Residential New Construction and Additions (1 and 2 Family),Residential | New Construction and Additions | Building,1944 W Spruce St,Old West Tampa,https://arcgis.tampagov.net/arcgis/rest/services/OpenData/Planning/MapServer/32
rec-8b25770db10e5101,SINGLE_FAMILY_PERMITS|NATIVE|BLD-26-0522734,src-631ec2a8bcb7923f,tpa-4f2649f98ec799,single_family_permits,BLD-26-0522734,2026-04-27,2026-04,permit_issued,TASK_STATUS_DATE,source_reported_event,0,0,2026-08-23,2026-08,2026-08-23,2026-08,2026-08-23,2026-08,1,0,Issued | Issued,Residential New Construction and Additions (1 and 2 Family),Residential | New Construction and Additions | Building,2811 W Pearl Ave,Ballast Point,https://arcgis.tampagov.net/arcgis/rest/services/OpenData/Planning/MapServer/32
rec-8dce10c8ad102548,SINGLE_FAMILY_PERMITS|NATIVE|BLD-26-0521468,src-b60d29b34b4e3bae,tpa-fff5b3cdf36fa8,single_family_permits,BLD-26-0521468,2026-04-29,2026-04,permit_issued,TASK_STATUS_DATE,source_reported_event,0,0,2026-08-23,2026-08,2026-08-23,2026-08,2026-08-23,2026-08,1,0,Issued | Issued,Residential New Construction and Additions (1 and 2 Family),Residential | New Construction and Additions | Building,1106 W Charter St,Riverside Heights,https://arcgis.tampagov.net/arcgis/rest/services/OpenData/Planning/MapServer/32
rec-9783047a7caca878,SINGLE_FAMILY_PERMITS|NATIVE|BLD-26-0521530,src-740424450b7f1894,tpa-64d492142bd08c,single_family_permits,BLD-26-0521530,2026-04-09,2026-04,permit_issued,TASK_STATUS_DATE,source_reported_event,0,0,2026-08-23,2026-08,2026-08-23,2026-08,2026-08-23,2026-08,1,0,Issued | Issued,Residential New Construction and Additions (1 and 2 Family),Residential | New Construction and Additions | Building,2718 W Aileen St,Macfarlane Park,https://arcgis.tampagov.net/arcgis/rest/services/OpenData/Planning/MapServer/32
rec-97e908f9efb632bd,SINGLE_FAMILY_PERMITS|NATIVE|BLD-26-0522979,src-0bddf58757775cb5,tpa-bd93048ff170ca,single_family_permits,BLD-26-0522979,2026-04-13,2026-04,permit_issued,TASK_STATUS_DATE,source_reported_event,0,0,2026-08-23,2026-08,2026-08-23,2026-08,2026-08-23,2026-08,1,0,Issued | Issued,Residential New Construction and Additions (1 and 2 Family),Residential | New Construction and Additions | Building,5308 N Suwanee Ave,Old Seminole Heights,https://arcgis.tampagov.net/arcgis/rest/services/OpenData/Planning/MapServer/32
rec-9b7296dce1fda4cb,SINGLE_FAMILY_PERMITS|NATIVE|BLD-24-0509079,src-f7e183de335f0476,tpa-4824e277924415,single_family_permits,BLD-24-0509079,2026-04-17,2026-04,permit_issued,TASK_STATUS_DATE,source_reported_event,0,0,2026-08-23,2026-08,2026-09-01,2026-09,2026-09-01,2026-09,2,1,Issued | Issued,Residential New Construction and Additions (1 and 2 Family),Residential | New Construction and Additions | Building,5002 W Dickens Ave,Sunset Park,https://arcgis.tampagov.net/arcgis/rest/services/OpenData/Planning/MapServer/32
rec-9ff11d503dc0d684,SINGLE_FAMILY_PERMITS|NATIVE|BLD-26-0523536,src-5910dfe546e97b71,tpa-05f5095fde8849,single_family_permits,BLD-26-0523536,2026-04-06,2026-04,permit_issued,TASK_STATUS_DATE,source_reported_event,0,0,2026-08-23,2026-08,2026-08-23,2026-08,2026-08-23,2026-08,1,0,Issued | Issued,Residential New Construction and Additions (1 and 2 Family),Residential | New Construction and Additions | Building,3403 S Lightner Dr,Bel Mar Shores,https://arcgis.tampagov.net/arcgis/rest/services/OpenData/Planning/MapServer/32
rec-a589fa20f61ad4fd,SINGLE_FAMILY_PERMITS|NATIVE|BLD-26-0522016,src-34a28a14be40408b,tpa-1f02edd7c1b166,single_family_permits,BLD-26-0522016,2026-04-07,2026-04,permit_issued,TASK_STATUS_DATE,source_reported_event,0,0,2026-08-23,2026-08,2026-08-23,2026-08,2026-08-23,2026-08,1,0,Issued | Issued,Residential New Construction and Additions (1 and 2 Family),Residential | New Construction and Additions | Building,2807 W Averill Ave,Ballast Point,https://arcgis.tampagov.net/arcgis/rest/services/OpenData/Planning/MapServer/32
rec-a652d1853a10839c,SINGLE_FAMILY_PERMITS|NATIVE|BLD-26-0523523,src-d99694063b23e4e3,tpa-f3dc1b30eded75,single_family_permits,BLD-26-0523523,2026-04-21,2026-04,permit_issued,TASK_STATUS_DATE,source_reported_event,0,0,2026-08-23,2026-08,2026-08-23,2026-08,2026-08-23,2026-08,1,0,Revision | Issued,Residential New Construction and Additions (1 and 2 Family),Residential | New Construction and Additions | Building,4603 W Kensington Ave,Belmar Gardens,https://arcgis.tampagov.net/arcgis/rest/services/OpenData/Planning/MapServer/32
rec-a83e0481e87ecaf6,SINGLE_FAMILY_PERMITS|NATIVE|BLD-26-0521428,src-a761c25ec9957564,tpa-0b44c2121ce34b,single_family_permits,BLD-26-0521428,2026-04-28,2026-04,permit_issued,TASK_STATUS_DATE,source_reported_event,0,0,2026-08-23,2026-08,2026-08-23,2026-08,2026-08-23,2026-08,1,0,Issued | Issued,Residential New Construction and Additions (1 and 2 Family),Residential | New Construction and Additions | Building,3703 E Powhatan Ave,Live Oaks Square,https://arcgis.tampagov.net/arcgis/rest/services/OpenData/Planning/MapServer/32
rec-aea237bcb6a7bd07,SINGLE_FAMILY_PERMITS|NATIVE|BLD-26-0520098,src-26cc1d2e75d8bc73,tpa-4f574427412a2e,single_family_permits,BLD-26-0520098,2026-04-02,2026-04,permit_issued,TASK_STATUS_DATE,source_reported_event,0,0,2026-08-23,2026-08,2026-08-23,2026-08,2026-08-23,2026-08,1,0,Revision | Issued,Residential New Construction and Additions (1 and 2 Family),Residential | New Construction and Additions | Building,4724 W Iowa Ave,Gandy / Sun Bay South,https://arcgis.tampagov.net/arcgis/rest/services/OpenData/Planning/MapServer/32
rec-aed52f953515c9d5,SINGLE_FAMILY_PERMITS|NATIVE|BLD-26-0522804,src-368630d7ecfbfada,tpa-8491a3f3e7b57a,single_family_permits,BLD-26-0522804,2026-04-15,2026-04,permit_issued,TASK_STATUS_DATE,source_reported_event,0,0,2026-08-23,2026-08,2026-08-23,2026-08,2026-08-23,2026-08,1,0,Issued | Issued,Residential New Construction and Additions (1 and 2 Family),Residential | New Construction and Additions | Building,4808 W Melrose Ave,Sunset Park,https://arcgis.tampagov.net/arcgis/rest/services/OpenData/Planning/MapServer/32
rec-b554fceaf0a3b2d1,SINGLE_FAMILY_PERMITS|NATIVE|BLD-26-0522490,src-471c20419386bc88,tpa-0761363b501642,single_family_permits,BLD-26-0522490,2026-04-29,2026-04,permit_issued,TASK_STATUS_DATE,source_reported_event,0,0,2026-08-23,2026-08,2026-08-23,2026-08,2026-08-23,2026-08,1,0,Issued | Issued,Residential New Construction and Additions (1 and 2 Family),Residential | New Construction and Additions | Building,3306 W North A St,Oakford Park,https://arcgis.tampagov.net/arcgis/rest/services/OpenData/Planning/MapServer/32
rec-b82fc962d5d1b3a2,SINGLE_FAMILY_PERMITS|NATIVE|BLD-26-0523029,src-60938fed0a441e9d,tpa-cd4ed69c378986,single_family_permits,BLD-26-0523029,2026-04-22,2026-04,permit_issued,TASK_STATUS_DATE,source_reported_event,0,0,2026-08-23,2026-08,2026-08-23,2026-08,2026-08-23,2026-08,1,0,Issued | Issued,Residential New Construction and Additions (1 and 2 Family),Residential | New Construction and Additions | Building,4710 W San Rafael St,Sunset Park,https://arcgis.tampagov.net/arcgis/rest/services/OpenData/Planning/MapServer/32
rec-b9e562105a8fbe91,SINGLE_FAMILY_PERMITS|NATIVE|BLD-25-0514755,src-1dbf446f811c8716,tpa-1bf44c73051347,single_family_permits,BLD-25-0514755,2026-04-02,2026-04,permit_issued,TASK_STATUS_DATE,source_reported_event,0,0,2026-08-23,2026-08,2026-09-01,2026-09,2026-09-01,2026-09,2,1,Issued | Issued,Residential New Construction and Additions (1 and 2 Family),Residential | New Construction and Additions | Building,8304 N Boulevard,Lowry Park Central,https://arcgis.tampagov.net/arcgis/rest/services/OpenData/Planning/MapServer/32
rec-bf07150db7e46284,SINGLE_FAMILY_PERMITS|NATIVE|BLD-26-0522897,src-63a303c5eb429ad5,tpa-bf357a528a9806,single_family_permits,BLD-26-0522897,2026-04-13,2026-04,permit_issued,TASK_STATUS_DATE,source_reported_event,0,0,2026-08-23,2026-08,2026-08-23,2026-08,2026-08-23,2026-08,1,0,Issued | Issued,Residential New Construction and Additions (1 and 2 Family),Residential | New Construction and Additions | Building,479 Bosphorous Ave,Davis Islands,https://arcgis.tampagov.net/arcgis/rest/services/OpenData/Planning/MapServer/32
rec-bfddb0ad9410338c,SINGLE_FAMILY_PERMITS|NATIVE|BLD-26-0522815,src-2cf308e4e537cb8d,tpa-a181c095b1631e,single_family_permits,BLD-26-0522815,2026-04-28,2026-04,permit_issued,TASK_STATUS_DATE,source_reported_event,0,0,2026-08-23,2026-08,2026-08-23,2026-08,2026-08-23,2026-08,1,0,Issued | Issued,Residential New Construction and Additions (1 and 2 Family),Residential | New Construction and Additions | Building,1613 E Kirby St,Sulphur Springs,https://arcgis.tampagov.net/arcgis/rest/services/OpenData/Planning/MapServer/32
rec-c006b442a38e8d1a,SINGLE_FAMILY_PERMITS|NATIVE|BLD-26-0522733,src-1352a719316a9fa1,tpa-89ada9e6efd173,single_family_permits,BLD-26-0522733,2026-04-14,2026-04,permit_issued,TASK_STATUS_DATE,source_reported_event,0,0,2026-08-23,2026-08,2026-08-23,2026-08,2026-08-23,2026-08,1,0,Issued | Issued,Residential New Construction and Additions (1 and 2 Family),Residential | New Construction and Additions | Building,2203 N Glenwood Dr,Ridgewood Park,https://arcgis.tampagov.net/arcgis/rest/services/OpenData/Planning/MapServer/32
rec-c00d4698c3e2b8af,SINGLE_FAMILY_PERMITS|NATIVE|BLD-26-0520512,src-bf022f9adc5c8e50,tpa-50a7fd05573da1,single_family_permits,BLD-26-0520512,2026-04-13,2026-04,permit_issued,TASK_STATUS_DATE,source_reported_event,0,0,2026-08-23,2026-08,2026-08-23,2026-08,2026-08-23,2026-08,1,0,Issued | Issued,Residential New Construction and Additions (1 and 2 Family),Residential | New Construction and Additions | Building,2706 W Chestnut St,Macfarlane Park,https://arcgis.tampagov.net/arcgis/rest/services/OpenData/Planning/MapServer/32
rec-c12d7df56e475213,SINGLE_FAMILY_PERMITS|NATIVE|BLD-25-0515966,src-ba9d8ad3db225a4a,tpa-eda1dc4477c9ae,single_family_permits,BLD-25-0515966,2026-04-09,2026-04,permit_issued,TASK_STATUS_DATE,source_reported_event,0,0,2026-08-23,2026-08,2026-09-01,2026-09,2026-09-01,2026-09,2,1,Revision | Issued,Residential New Construction and Additions (1 and 2 Family),Residential | New Construction and Additions | Building,3002 N 12th St,VM Ybor,https://arcgis.tampagov.net/arcgis/rest/services/OpenData/Planning/MapServer/32
rec-c825c8c66452adf7,SINGLE_FAMILY_PERMITS|NATIVE|BLD-26-0523549,src-d86e526f8e9a98c9,tpa-6bd9735cd21aa5,single_family_permits,BLD-26-0523549,2026-04-15,2026-04,permit_issued,TASK_STATUS_DATE,source_reported_event,0,0,2026-08-23,2026-08,2026-08-23,2026-08,2026-08-23,2026-08,1,0,Issued | Issued,Residential New Construction and Additions (1 and 2 Family),Residential | New Construction and Additions | Building,1019 W Coral St,Riverside Heights,https://arcgis.tampagov.net/arcgis/rest/services/OpenData/Planning/MapServer/32
rec-ce34e22d1ed3de34,SINGLE_FAMILY_PERMITS|NATIVE|BLD-26-0521893,src-e5944cde34488284,tpa-2e5a76ea51ec50,single_family_permits,BLD-26-0521893,2026-04-02,2026-04,permit_issued,TASK_STATUS_DATE,source_reported_event,0,0,2026-08-23,2026-08,2026-08-23,2026-08,2026-08-23,2026-08,1,0,Issued | Issued,Residential New Construction and Additions (1 and 2 Family),Residential | New Construction and Additions | Building,714 W Virginia Ave,Riverside Heights,https://arcgis.tampagov.net/arcgis/rest/services/OpenData/Planning/MapServer/32
rec-d0259a8f335d9ec1,SINGLE_FAMILY_PERMITS|NATIVE|BLD-26-0522002,src-66733481927383c8,tpa-48f9e2c175a307,single_family_permits,BLD-26-0522002,2026-04-10,2026-04,permit_issued,TASK_STATUS_DATE,source_reported_event,0,0,2026-08-23,2026-08,2026-08-23,2026-08,2026-08-23,2026-08,1,0,Issued | Issued,Residential New Construction and Additions (1 and 2 Family),Residential | New Construction and Additions | Building,905 W Plymouth St,Riverside Heights,https://arcgis.tampagov.net/arcgis/rest/services/OpenData/Planning/MapServer/32
rec-d175e9d88cac2e25,SINGLE_FAMILY_PERMITS|NATIVE|BLD-25-0519018,src-f7ceec30b65d3b4d,tpa-b9da6b435f304a,single_family_permits,BLD-25-0519018,2026-04-14,2026-04,permit_issued,TASK_STATUS_DATE,source_reported_event,0,0,2026-08-23,2026-08,2026-08-23,2026-08,2026-08-23,2026-08,1,0,Issued | Issued,Residential New Construction and Additions (1 and 2 Family),Residential | New Construction and Additions | Building,4103 W De Leon St,Swann Estates,https://arcgis.tampagov.net/arcgis/rest/services/OpenData/Planning/MapServer/32
rec-d3187448f65d82dd,SINGLE_FAMILY_PERMITS|NATIVE|BLD-26-0521242,src-ff6210c21e5f8b17,tpa-bfe47951ea5bea,single_family_permits,BLD-26-0521242,2026-04-01,2026-04,permit_issued,TASK_STATUS_DATE,source_reported_event,0,0,2026-08-23,2026-08,2026-08-23,2026-08,2026-08-23,2026-08,1,0,Revision | Issued,Residential New Construction and Additions (1 and 2 Family),Residential | New Construction and Additions | Building,505 W Ross Ave,Tampa Heights,https://arcgis.tampagov.net/arcgis/rest/services/OpenData/Planning/MapServer/32
rec-d633ac56ea8f16fe,SINGLE_FAMILY_PERMITS|NATIVE|BLD-26-0520328,src-ff7e1ad9882a90a6,tpa-f9b1960298f38e,single_family_permits,BLD-26-0520328,2026-04-10,2026-04,permit_issued,TASK_STATUS_DATE,source_reported_event,0,0,2026-08-23,2026-08,2026-08-23,2026-08,2026-08-23,2026-08,1,0,Issued | Issued,Residential New Construction and Additions (1 and 2 Family),Residential | New Construction and Additions | Building,910 W Fribley St,Riverside Heights,https://arcgis.tampagov.net/arcgis/rest/services/OpenData/Planning/MapServer/32
rec-d74aa55c4f3c7094,SINGLE_FAMILY_PERMITS|NATIVE|BLD-25-0512324,src-3ff4c3e7b12d581e,tpa-f04e7f70958bb6,single_family_permits,BLD-25-0512324,2026-04-13,2026-04,permit_issued,TASK_STATUS_DATE,source_reported_event,0,0,2026-08-23,2026-08,2026-09-01,2026-09,2026-09-01,2026-09,2,1,Issued | Issued,Residential New Construction and Additions (1 and 2 Family),Residential | New Construction and Additions | Building,3224 E Louisiana Ave,East Tampa 1,https://arcgis.tampagov.net/arcgis/rest/services/OpenData/Planning/MapServer/32
rec-d7f7fea820c75708,SINGLE_FAMILY_PERMITS|NATIVE|BLD-26-0519505,src-ca677ec04a95ad3e,tpa-0417bc1fcd87c3,single_family_permits,BLD-26-0519505,2026-04-16,2026-04,permit_issued,TASK_STATUS_DATE,source_reported_event,0,0,2026-08-23,2026-08,2026-08-23,2026-08,2026-08-23,2026-08,1,0,Issued | Issued,Residential New Construction and Additions (1 and 2 Family),Residential | New Construction and Additions | Building,816 W 114th Ave,East Forest Hills,https://arcgis.tampagov.net/arcgis/rest/services/OpenData/Planning/MapServer/32
rec-d9bcc64c0bc59707,SINGLE_FAMILY_PERMITS|NATIVE|BLD-26-0519083,src-6133e354c0a95e2b,tpa-027b356f1ea6f1,single_family_permits,BLD-26-0519083,2026-04-13,2026-04,permit_issued,TASK_STATUS_DATE,source_reported_event,0,0,2026-08-23,2026-08,2026-08-23,2026-08,2026-08-23,2026-08,1,0,Issued | Issued,Residential New Construction and Additions (1 and 2 Family),Residential | New Construction and Additions | Building,2708 W Chestnut St,Macfarlane Park,https://arcgis.tampagov.net/arcgis/rest/services/OpenData/Planning/MapServer/32
rec-dbdb9d2b6c27ae04,SINGLE_FAMILY_PERMITS|NATIVE|BLD-26-0520397,src-d7b86bae16e3a8c3,tpa-cf8b0377b05e40,single_family_permits,BLD-26-0520397,2026-04-08,2026-04,permit_issued,TASK_STATUS_DATE,source_reported_event,0,0,2026-08-23,2026-08,2026-08-23,2026-08,2026-08-23,2026-08,1,0,Issued | Issued,Residential New Construction and Additions (1 and 2 Family),Residential | New Construction and Additions | Building,10410 N 50th St,Terrace Park,https://arcgis.tampagov.net/arcgis/rest/services/OpenData/Planning/MapServer/32
rec-dc70ca6e3c0cfb89,SINGLE_FAMILY_PERMITS|NATIVE|BLD-26-0519287,src-59c84770e46e37b6,tpa-5a981b34a3c055,single_family_permits,BLD-26-0519287,2026-04-09,2026-04,permit_issued,TASK_STATUS_DATE,source_reported_event,0,0,2026-08-23,2026-08,2026-08-23,2026-08,2026-08-23,2026-08,1,0,Revision | Issued,Residential New Construction and Additions (1 and 2 Family),Residential | New Construction and Additions | Building,4406 W Wallcraft Ave,Bayside West,https://arcgis.tampagov.net/arcgis/rest/services/OpenData/Planning/MapServer/32
rec-e11841e25da13893,SINGLE_FAMILY_PERMITS|NATIVE|BLD-26-0522887,src-efb37222ad03a3e5,tpa-3e8b390057d2ec,single_family_permits,BLD-26-0522887,2026-04-22,2026-04,permit_issued,TASK_STATUS_DATE,source_reported_event,0,0,2026-08-23,2026-08,2026-08-23,2026-08,2026-08-23,2026-08,1,0,Revision | Issued,Residential New Construction and Additions (1 and 2 Family),Residential | New Construction and Additions | Building,4604 W Estrella St,Sunset Park,https://arcgis.tampagov.net/arcgis/rest/services/OpenData/Planning/MapServer/32
rec-e45c057e752bc72d,SINGLE_FAMILY_PERMITS|NATIVE|BLD-25-0515700,src-4f06ef6e9f886b6f,tpa-d49b4d1da9d589,single_family_permits,BLD-25-0515700,2026-04-28,2026-04,permit_issued,TASK_STATUS_DATE,source_reported_event,0,0,2026-08-23,2026-08,2026-09-01,2026-09,2026-09-01,2026-09,2,1,Issued | Issued,Residential New Construction and Additions (1 and 2 Family),Residential | New Construction and Additions | Building,1017 E 25th Ave,VM Ybor,https://arcgis.tampagov.net/arcgis/rest/services/OpenData/Planning/MapServer/32
rec-e4fff69007dd1c46,SINGLE_FAMILY_PERMITS|NATIVE|BLD-26-0521743,src-9d64bcf92ccd08f2,tpa-f7acd9ea88a07c,single_family_permits,BLD-26-0521743,2026-04-24,2026-04,permit_issued,TASK_STATUS_DATE,source_reported_event,0,0,2026-08-23,2026-08,2026-08-23,2026-08,2026-08-23,2026-08,1,0,Issued | Issued,Residential New Construction and Additions (1 and 2 Family),Residential | New Construction and Additions | Building,208 W Fern St,Old Seminole Heights,https://arcgis.tampagov.net/arcgis/rest/services/OpenData/Planning/MapServer/32
rec-e6dbcda5fe37bd53,SINGLE_FAMILY_PERMITS|NATIVE|BLD-26-0521922,src-d5de7fffd7143ff8,tpa-e4eaa0c4f1d952,single_family_permits,BLD-26-0521922,2026-04-07,2026-04,permit_issued,TASK_STATUS_DATE,source_reported_event,0,0,2026-08-23,2026-08,2026-08-23,2026-08,2026-08-23,2026-08,1,0,Revision | Issued,Residential New Construction and Additions (1 and 2 Family),Residential | New Construction and Additions | Building,3101 E Osborne Ave,East Tampa 1,https://arcgis.tampagov.net/arcgis/rest/services/OpenData/Planning/MapServer/32
rec-e873589113d34f74,SINGLE_FAMILY_PERMITS|NATIVE|BLD-26-0521909,src-f96d16904f1cf797,tpa-72154b43e76241,single_family_permits,BLD-26-0521909,2026-04-10,2026-04,permit_issued,TASK_STATUS_DATE,source_reported_event,0,0,2026-08-23,2026-08,2026-08-23,2026-08,2026-08-23,2026-08,1,0,Issued | Issued,Residential New Construction and Additions (1 and 2 Family),Residential | New Construction and Additions | Building,3010 S Keats St,Sunset Park,https://arcgis.tampagov.net/arcgis/rest/services/OpenData/Planning/MapServer/32
rec-ed626007c0ad8d7e,SINGLE_FAMILY_PERMITS|NATIVE|BLD-26-0522455,src-d15688a6813625cc,tpa-ff99615f4862d7,single_family_permits,BLD-26-0522455,2026-04-22,2026-04,permit_issued,TASK_STATUS_DATE,source_reported_event,0,0,2026-08-23,2026-08,2026-08-23,2026-08,2026-08-23,2026-08,1,0,Issued | Issued,Residential New Construction and Additions (1 and 2 Family),Residential | New Construction and Additions | Building,8606 N Alaska St,Sulphur Springs,https://arcgis.tampagov.net/arcgis/rest/services/OpenData/Planning/MapServer/32
rec-f097ff9ed207137b,SINGLE_FAMILY_PERMITS|NATIVE|BLD-26-0523305,src-236e325f34151d8b,tpa-148d512efa4aa6,single_family_permits,BLD-26-0523305,2026-04-17,2026-04,permit_issued,TASK_STATUS_DATE,source_reported_event,0,0,2026-08-23,2026-08,2026-08-23,2026-08,2026-08-23,2026-08,1,0,Revision | Issued,Residential New Construction and Additions (1 and 2 Family),Residential | New Construction and Additions | Building,3609 W Morrison Ave,Golfview,https://arcgis.tampagov.net/arcgis/rest/services/OpenData/Planning/MapServer/32
rec-f21b2e2c959b8143,SINGLE_FAMILY_PERMITS|NATIVE|BLD-26-0523405,src-370e05a6e65c62e6,tpa-7370eaa2508bad,single_family_permits,BLD-26-0523405,2026-04-10,2026-04,permit_issued,TASK_STATUS_DATE,source_reported_event,0,0,2026-08-23,2026-08,2026-08-23,2026-08,2026-08-23,2026-08,1,0,Issued | Issued,Residential New Construction and Additions (1 and 2 Family),Residential | New Construction and Additions | Building,4510 W Watrous Ave,Culbreath Bayou,https://arcgis.tampagov.net/arcgis/rest/services/OpenData/Planning/MapServer/32
rec-f28f9783ad3bf3b7,SINGLE_FAMILY_PERMITS|NATIVE|BLD-26-0522407,src-df8f3b3c9b631a55,tpa-35547515486407,single_family_permits,BLD-26-0522407,2026-04-21,2026-04,permit_issued,TASK_STATUS_DATE,source_reported_event,0,0,2026-08-23,2026-08,2026-08-23,2026-08,2026-08-23,2026-08,1,0,Issued | Issued,Residential New Construction and Additions (1 and 2 Family),Residential | New Construction and Additions | Building,4002 W Knights Ave,FairOaks Manhattan,https://arcgis.tampagov.net/arcgis/rest/services/OpenData/Planning/MapServer/32
