record_id,record_identity,source_record_key,activity_id,source_name,source_record_id,event_date,event_month,event_date_type,event_date_source_field,event_date_basis,event_date_is_planned,event_date_is_after_snapshot,first_observed_date,first_observed_month,last_observed_date,last_observed_month,snapshot_date,snapshot_month,observation_count,currently_observed,status,project_name,record_type,address,neighborhood,source_url
rec-033fdc668864fcaa,CAPITAL_IMPROVEMENTS|GLOBALID|{A2CB62BC-8C29-482A-8051-14F58DDA9738},src-4886b2bad71f122c,tpa-df2cde3408e1cf,capital_improvements,N/A,2026-03-04,2026-03,source_record_created,created_date,source_record_metadata,0,0,2026-08-23,2026-08,2026-09-01,2026-09,2026-09-01,2026-09,2,1,60% Design Completion,MacDill Ave & Gandy Blvd - Traffic Signal Upgrade,Transportation,,Bayshore Beautiful,https://apps.tampagov.net/Directory_Lister/FileHandler.ashx?file=GIS%2fN/A.pdf
rec-1e5532d7b52f8e58,CAPITAL_IMPROVEMENTS|NATIVE|1001810.6,src-b801504a4d88c51a,tpa-eda1b7ede907aa,capital_improvements,1001810.6,2026-03-01,2026-03,capital_planned_start,planstart,source_reported_plan,1,0,2026-08-23,2026-08,2026-09-01,2026-09,2026-09-01,2026-09,2,1,Construction in Progress,Rome Ave Pump Station Rehabilitation (Year 2),Wastewater,,Wellswood,https://apps.tampagov.net/Directory_Lister/FileHandler.ashx?file=GIS%2f1001810.6.pdf
rec-263e6e4a79c9abf1,CAPITAL_IMPROVEMENTS|NATIVE|1001849,src-2ae47d4f385046e8,tpa-e3d74ebeda0a07,capital_improvements,1001849,2026-03-01,2026-03,capital_planned_start,planstart,source_reported_plan,1,0,2026-08-23,2026-08,2026-09-01,2026-09,2026-09-01,2026-09,2,1,Construction in Progress,Cleveland St and Rome Ave - Traffic Signal,Transportation,,South Howard,https://apps.tampagov.net/Directory_Lister/FileHandler.ashx?file=GIS%2f1001849.pdf
rec-28879c63929a3424,CAPITAL_IMPROVEMENTS|NATIVE|1002903,src-38eb0722ca27e456,tpa-9df29b136b10b2,capital_improvements,1002903,2026-03-08,2026-03,capital_planned_start,planstart,source_reported_plan,1,0,2026-08-23,2026-08,2026-09-01,2026-09,2026-09-01,2026-09,2,1,Construction in Progress,MLK Resurfacing from Air Cargo to Dale Mabry,Transportation,,Drew Park,https://apps.tampagov.net/Directory_Lister/FileHandler.ashx?file=GIS%2f1002903.pdf
rec-7238272fe6bb5eb7,CAPITAL_IMPROVEMENTS|NATIVE|496|GLOBALID|{225D9EA6-C0E6-4349-A110-A8F3E8013048},src-adc33573efea94d0,tpa-158a54490ff1e1,capital_improvements,496,2026-03-30,2026-03,capital_planned_start,planstart,source_reported_plan,1,0,2026-08-23,2026-08,2026-09-01,2026-09,2026-09-01,2026-09,2,1,Planning,CRA- ET Housing Development at 1102 E Curtis Street,Contract Administration,,Southeast Seminole Heights,https://apps.tampagov.net/Directory_Lister/FileHandler.ashx?file=GIS%2f496.pdf
rec-740608da18018b8f,CAPITAL_IMPROVEMENTS|GLOBALID|{6DA0F1F8-80FB-456F-96AC-B902FC39F80A},src-6134f0e7f07f087c,tpa-f56607de0ed61e,capital_improvements,N/A,2026-03-04,2026-03,source_record_created,created_date,source_record_metadata,0,0,2026-08-23,2026-08,2026-09-01,2026-09,2026-09-01,2026-09,2,1,60% Design Completion,Himes Ave & Gandy Blvd - Traffic Signal Upgrade,Transportation,,Interbay - South of Gandy,https://apps.tampagov.net/Directory_Lister/FileHandler.ashx?file=GIS%2fN/A.pdf
rec-9e942421e13984a6,CAPITAL_IMPROVEMENTS|GLOBALID|{813C9D1B-CBDE-4182-9E99-75122BDA2973},src-9a479b80f17441ff,tpa-d8a0505020d69d,capital_improvements,N/A,2026-03-04,2026-03,source_record_created,created_date,source_record_metadata,0,0,2026-08-23,2026-08,2026-09-01,2026-09,2026-09-01,2026-09,2,1,30% Design Completion,Manhattan Ave & Bay to Bay Blvd - Traffic Signal Upgrade,Transportation,,Sunset Park,https://apps.tampagov.net/Directory_Lister/FileHandler.ashx?file=GIS%2fN/A.pdf
rec-d20684f43ac7087b,CAPITAL_IMPROVEMENTS|NATIVE|496|GLOBALID|{E5802AF5-17C8-4733-AF6E-B4AC5D7045A8},src-8c92445aa891e71c,tpa-a77071105ef227,capital_improvements,496,2026-03-02,2026-03,capital_planned_start,planstart,source_reported_plan,1,0,2026-08-23,2026-08,2026-09-01,2026-09,2026-09-01,2026-09,2,1,Planning,CRA-ET East Palifox and East Osborne Ave Housing Development,Contract Administration,,Historic Belmont Heights,https://apps.tampagov.net/Directory_Lister/FileHandler.ashx?file=GIS%2f496.pdf
rec-efe7d04163a8739e,CAPITAL_IMPROVEMENTS|GLOBALID|{4C7B242E-BD98-4BAB-94ED-21C782919B0C},src-2247625813957a0f,tpa-e3870c38d407de,capital_improvements,N/A,2026-03-04,2026-03,source_record_created,created_date,source_record_metadata,0,0,2026-08-23,2026-08,2026-09-01,2026-09,2026-09-01,2026-09,2,1,Planning,Bayshore Blvd & Swann Ave - New Traffic Signal,Transportation,,Hyde Park Spanishtown Creek,https://apps.tampagov.net/Directory_Lister/FileHandler.ashx?file=GIS%2f
rec-71b50377ea1b0e8a,CAPITAL_LOCATIONS_LINE|NATIVE|TRANS20190,src-c47e0523eae83bb9,tpa-9df29b136b10b2,capital_locations_line,TRANS20190,2026-03-08,2026-03,capital_planned_start,planstart,source_reported_plan,1,0,2026-08-23,2026-08,2026-09-01,2026-09,2026-09-01,2026-09,2,1,Construction in Progress,MLK Resurfacing from Air Cargo to Dale Mabry,Transportation,,Drew Park Advisory Committee,https://www.tampa.gov/project/trans20190
rec-138e59facbea2f73,CAPITAL_LOCATIONS_POINT|NATIVE|TRANS10042,src-ddad4ca044568fdf,tpa-d8a0505020d69d,capital_locations_point,TRANS10042,2026-03-25,2026-03,source_record_created,CreationDate,source_record_metadata,0,0,2026-08-23,2026-08,2026-09-01,2026-09,2026-09-01,2026-09,2,1,30% Design Completion,Manhattan Ave & Bay to Bay Blvd - Traffic Signal Upgrade,Transportation,,Sunset Park,https://arcgis.tampagov.net/arcgis/rest/services/CapitalProjects/CityWideProjectsPublic/FeatureServer/0
rec-3f301d1f88b52fde,CAPITAL_LOCATIONS_POINT|NATIVE|TRANS10041,src-34942d3f13e70fd8,tpa-df2cde3408e1cf,capital_locations_point,TRANS10041,2026-03-25,2026-03,source_record_created,CreationDate,source_record_metadata,0,0,2026-08-23,2026-08,2026-09-01,2026-09,2026-09-01,2026-09,2,1,60% Design Completion,MacDill Ave & Gandy Blvd - Traffic Signal Upgrade,Transportation,,Bayshore Beautiful,https://arcgis.tampagov.net/arcgis/rest/services/CapitalProjects/CityWideProjectsPublic/FeatureServer/0
rec-7ea31887c4605ed9,CAPITAL_LOCATIONS_POINT|NATIVE|TRANS10040,src-9dd3e75fb0d39111,tpa-e3870c38d407de,capital_locations_point,TRANS10040,2026-03-25,2026-03,source_record_created,CreationDate,source_record_metadata,0,0,2026-08-23,2026-08,2026-09-01,2026-09,2026-09-01,2026-09,2,1,Planning,Bayshore Blvd & Swann Ave - New Traffic Signal,Transportation,,Hyde Park Spanishtown Creek,https://arcgis.tampagov.net/arcgis/rest/services/CapitalProjects/CityWideProjectsPublic/FeatureServer/0
rec-9a1b1cc7b67d84f9,CAPITAL_LOCATIONS_POINT|NATIVE|TRANS10039,src-fc9d70e426a4680b,tpa-f56607de0ed61e,capital_locations_point,TRANS10039,2026-03-25,2026-03,source_record_created,CreationDate,source_record_metadata,0,0,2026-08-23,2026-08,2026-09-01,2026-09,2026-09-01,2026-09,2,1,60% Design Completion,Himes Ave & Gandy Blvd - Traffic Signal Upgrade,Transportation,,Interbay - South of Gandy,https://arcgis.tampagov.net/arcgis/rest/services/CapitalProjects/CityWideProjectsPublic/FeatureServer/0
rec-cfdcef4e2191a51c,CAPITAL_LOCATIONS_POINT|NATIVE|TRANS10022,src-6f9870c85e64fc5b,tpa-e3d74ebeda0a07,capital_locations_point,TRANS10022,2026-03-01,2026-03,capital_planned_start,planstart,source_reported_plan,1,0,2026-08-23,2026-08,2026-09-01,2026-09,2026-09-01,2026-09,2,1,Construction in Progress,Cleveland St and Rome Ave - Traffic Signal,Transportation,,South Howard,https://apps.tampagov.net/Directory_Lister/FileHandler.ashx?file=GIS%2fTRANS10022
rec-e827f9d485125bdb,CAPITAL_LOCATIONS_POINT|NATIVE|TBD,src-8cf6f33c6a9098cd,tpa-8a98b00f6eebee,capital_locations_point,TBD,2026-03-01,2026-03,capital_planned_start,planstart,source_reported_plan,1,0,2026-08-23,2026-08,2026-09-01,2026-09,2026-09-01,2026-09,2,1,Planning,Spruce St. Pumping Station Rehabilitation,Wastewater,,,https://arcgis.tampagov.net/arcgis/rest/services/CapitalProjects/CityWideProjectsPublic/FeatureServer/0
rec-0053c550d07c545e,CONSTRUCTION_INSPECTIONS|NATIVE|BLD-26-0523455,src-cb38bd0f4621de25,tpa-24845ca4544447,construction_inspections,BLD-26-0523455,2026-03-12,2026-03,permit_record_created,CREATEDDATE,source_record_metadata,0,0,2026-08-23,2026-08,2026-09-01,2026-09,2026-09-01,2026-09,2,1,Revision,SEC: 2nd floor - Interior remodel Arch and MEPs,Commercial Building Alterations (Renovations),3001 W Dr Martin Luther King Jr Blvd,Plaza Terrace,https://aca-prod.accela.com/TAMPA/Cap/CapDetail.aspx?Module=Building&TabName=Building&capID1=26CAP&capID2=00000&capID3=00F9E&agencyCode=TAMPA
rec-01bcc0b3a76a5f1e,CONSTRUCTION_INSPECTIONS|NATIVE|BLD-26-0523364,src-f082c2e9cc8e5285,tpa-2251d39992ec88,construction_inspections,BLD-26-0523364,2026-03-09,2026-03,permit_record_created,CREATEDDATE,source_record_metadata,0,0,2026-08-23,2026-08,2026-09-01,2026-09,2026-09-01,2026-09,2,1,Issued,PP: Bath Remodel: Tub to Shower,Residential Building Alterations (Renovations),4823 N Mendenhall Dr,Wellswood,https://aca-prod.accela.com/TAMPA/Cap/CapDetail.aspx?Module=Building&TabName=Building&capID1=26CAP&capID2=00000&capID3=00EJB&agencyCode=TAMPA
rec-04a1562468622a82,CONSTRUCTION_INSPECTIONS|NATIVE|BLD-26-0523385,src-9002981a2abf049c,tpa-af7594b07ae078,construction_inspections,BLD-26-0523385,2026-03-10,2026-03,permit_record_created,CREATEDDATE,source_record_metadata,0,0,2026-08-23,2026-08,2026-09-01,2026-09,2026-09-01,2026-09,2,1,Issued,FEMA: PP: New 2-Story SFR,Residential New Construction and Additions (1 and 2 Family),3620 S Lightner Dr,Bel Mar Shores,https://aca-prod.accela.com/TAMPA/Cap/CapDetail.aspx?Module=Building&TabName=Building&capID1=26CAP&capID2=00000&capID3=00EP2&agencyCode=TAMPA
rec-05f7a619b3cb57c4,CONSTRUCTION_INSPECTIONS|NATIVE|BLD-26-0523386,src-ed0a2404b66ef866,tpa-eac5fab11d0e6f,construction_inspections,BLD-26-0523386,2026-03-10,2026-03,permit_record_created,CREATEDDATE,source_record_metadata,0,0,2026-08-23,2026-08,2026-09-01,2026-09,2026-09-01,2026-09,2,1,Issued,ATF ADDITION w/ Violation -CMP-25-0003754,Residential New Construction and Additions (1 and 2 Family),3406 W Louisiana Ave,Plaza Terrace,https://aca-prod.accela.com/TAMPA/Cap/CapDetail.aspx?Module=Building&TabName=Building&capID1=26CAP&capID2=00000&capID3=00EP3&agencyCode=TAMPA
rec-08d3fcb631474ad5,CONSTRUCTION_INSPECTIONS|NATIVE|BLD-26-0523162,src-fe715bc5702592dc,tpa-e03d108007dce2,construction_inspections,BLD-26-0523162,2026-03-03,2026-03,permit_record_created,CREATEDDATE,source_record_metadata,0,0,2026-08-23,2026-08,2026-09-01,2026-09,2026-09-01,2026-09,2,1,Revision,PP: Remodel: Interior: MUFG - 8th Floor,Commercial Building Alterations (Renovations),4050 W Boy Scout Blvd,Carver City Lincoln Gardens,https://aca-prod.accela.com/TAMPA/Cap/CapDetail.aspx?Module=Building&TabName=Building&capID1=26CAP&capID2=00000&capID3=00D1W&agencyCode=TAMPA
rec-08f4a0058272f4ed,CONSTRUCTION_INSPECTIONS|NATIVE|BLD-26-0523496,src-b3293f73b37cc063,tpa-5ffbc53edb2189,construction_inspections,BLD-26-0523496,2026-03-13,2026-03,permit_record_created,CREATEDDATE,source_record_metadata,0,0,2026-08-23,2026-08,2026-09-01,2026-09,2026-09-01,2026-09,2,1,Revision,SEC: FEMA: Suite 1500 Interior remodel,Commercial Building Alterations (Renovations),400 N Ashley Dr,Downtown River Arts,https://aca-prod.accela.com/TAMPA/Cap/CapDetail.aspx?Module=Building&TabName=Building&capID1=26CAP&capID2=00000&capID3=00FKD&agencyCode=TAMPA
rec-0bccd2b9b5902539,CONSTRUCTION_INSPECTIONS|NATIVE|BLD-26-0523806,src-c8490f661a72320d,tpa-c80f3ee83f25dc,construction_inspections,BLD-26-0523806,2026-03-26,2026-03,permit_record_created,CREATEDDATE,source_record_metadata,0,0,2026-08-23,2026-08,2026-09-01,2026-09,2026-09-01,2026-09,2,1,Issued,PP: New 2 Story SFR,Residential New Construction and Additions (1 and 2 Family),3311 W Palmira Ave,Palma Ceia,https://aca-prod.accela.com/TAMPA/Cap/CapDetail.aspx?Module=Building&TabName=Building&capID1=26CAP&capID2=00000&capID3=00I58&agencyCode=TAMPA
rec-0d29fe89239a6e5f,CONSTRUCTION_INSPECTIONS|NATIVE|BLD-26-0523419,src-34cedcd967b56a4e,tpa-9cd28142a195a2,construction_inspections,BLD-26-0523419,2026-03-11,2026-03,permit_record_created,CREATEDDATE,source_record_metadata,0,0,2026-08-23,2026-08,2026-09-01,2026-09,2026-09-01,2026-09,2,1,Issued,ATF - CMP-26-0001511 - Interor and exterior alteration3511 N 12th St (ACA),Residential Building Alterations (Renovations),3511 N 12th St,Ybor Heights Neighborhood Association and Watch Group,https://aca-prod.accela.com/TAMPA/Cap/CapDetail.aspx?Module=Building&TabName=Building&capID1=26CAP&capID2=00000&capID3=00EVX&agencyCode=TAMPA
rec-0d5fd9e30fe87821,CONSTRUCTION_INSPECTIONS|NATIVE|BLD-26-0523537,src-8621ce11a64be815,tpa-527faf5a646d63,construction_inspections,BLD-26-0523537,2026-03-16,2026-03,permit_record_created,CREATEDDATE,source_record_metadata,0,0,2026-08-23,2026-08,2026-09-01,2026-09,2026-09-01,2026-09,2,1,Issued,ATF Violation -CMP-26-0001202,Residential New Construction and Additions (1 and 2 Family),1401 W Meadowbrook Ave,Forest Hills,https://aca-prod.accela.com/TAMPA/Cap/CapDetail.aspx?Module=Building&TabName=Building&capID1=26CAP&capID2=00000&capID3=00FVS&agencyCode=TAMPA
rec-0e206341440cd2d0,CONSTRUCTION_INSPECTIONS|NATIVE|BLD-26-0523573,src-d959acb7e89289bf,tpa-2942c17492b6a1,construction_inspections,BLD-26-0523573,2026-03-17,2026-03,permit_record_created,CREATEDDATE,source_record_metadata,0,0,2026-08-23,2026-08,2026-09-01,2026-09,2026-09-01,2026-09,2,1,Issued,FEMA: Interior Remodel,Residential Building Alterations (Renovations),4913 W Bay Way Dr,Beach Park Isles,https://aca-prod.accela.com/TAMPA/Cap/CapDetail.aspx?Module=Building&TabName=Building&capID1=26CAP&capID2=00000&capID3=00G5V&agencyCode=TAMPA
rec-0e51ad759969578e,CONSTRUCTION_INSPECTIONS|NATIVE|BLD-26-0523685,src-63c8bccc10113dae,tpa-cc0714384a05a8,construction_inspections,BLD-26-0523685,2026-03-23,2026-03,permit_record_created,CREATEDDATE,source_record_metadata,0,0,2026-08-23,2026-08,2026-09-01,2026-09,2026-09-01,2026-09,2,1,Revision,SEC: Interior Remodel: Building B 8th Floor - PICU - BayCare,Commercial Building Alterations (Renovations),3001 W Dr Martin Luther King Jr Blvd,Plaza Terrace,https://aca-prod.accela.com/TAMPA/Cap/CapDetail.aspx?Module=Building&TabName=Building&capID1=26CAP&capID2=00000&capID3=00H35&agencyCode=TAMPA
rec-129771d9699f6c25,CONSTRUCTION_INSPECTIONS|NATIVE|BLD-26-0523361,src-43b34b9bee886e16,tpa-20e413efeac85d,construction_inspections,BLD-26-0523361,2026-03-09,2026-03,permit_record_created,CREATEDDATE,source_record_metadata,0,0,2026-08-23,2026-08,2026-09-01,2026-09,2026-09-01,2026-09,2,1,Issued,Interior/Exterior Alteration,Residential Building Alterations (Renovations),4107 W Mango Ave,Gandy / Sun Bay South,https://aca-prod.accela.com/TAMPA/Cap/CapDetail.aspx?Module=Building&TabName=Building&capID1=26CAP&capID2=00000&capID3=00EIT&agencyCode=TAMPA
rec-13d87a92ec0193a1,CONSTRUCTION_INSPECTIONS|NATIVE|BLD-26-0523231,src-5ded65ada56c4b5f,tpa-a814d8386a6d65,construction_inspections,BLD-26-0523231,2026-03-05,2026-03,permit_record_created,CREATEDDATE,source_record_metadata,0,0,2026-08-23,2026-08,2026-09-01,2026-09,2026-09-01,2026-09,2,1,Issued,PP:New 2-Story SFR,Residential New Construction and Additions (1 and 2 Family),1925 W Union St,Old West Tampa,https://aca-prod.accela.com/TAMPA/Cap/CapDetail.aspx?Module=Building&TabName=Building&capID1=26CAP&capID2=00000&capID3=00DIA&agencyCode=TAMPA
rec-144222b0e9988a98,CONSTRUCTION_INSPECTIONS|NATIVE|BLD-26-0523609,src-95cbdb0c47f615e9,tpa-7c6c86058d14b8,construction_inspections,BLD-26-0523609,2026-03-18,2026-03,permit_record_created,CREATEDDATE,source_record_metadata,0,0,2026-08-23,2026-08,2026-09-01,2026-09,2026-09-01,2026-09,2,1,Issued,INT: Bathroom and Laundry remodel,Residential Building Alterations (Renovations),3220 S Sterling Ave,Palma Ceia,https://aca-prod.accela.com/TAMPA/Cap/CapDetail.aspx?Module=Building&TabName=Building&capID1=26CAP&capID2=00000&capID3=00GG8&agencyCode=TAMPA
rec-14ad4c929836e98d,CONSTRUCTION_INSPECTIONS|NATIVE|BLD-26-0523549,src-490d8288d9fca20e,tpa-6bd9735cd21aa5,construction_inspections,BLD-26-0523549,2026-03-17,2026-03,permit_record_created,CREATEDDATE,source_record_metadata,0,0,2026-08-23,2026-08,2026-09-01,2026-09,2026-09-01,2026-09,2,1,Issued,PP: New 2-Story SFR,Residential New Construction and Additions (1 and 2 Family),1019 W Coral St,Riverside Heights,https://aca-prod.accela.com/TAMPA/Cap/CapDetail.aspx?Module=Building&TabName=Building&capID1=26CAP&capID2=00000&capID3=00FZO&agencyCode=TAMPA
rec-14e5c64de4bc2154,CONSTRUCTION_INSPECTIONS|NATIVE|BLD-26-0523409,src-0ec76fb39b5fef40,tpa-32c1befb626c58,construction_inspections,BLD-26-0523409,2026-03-10,2026-03,permit_record_created,CREATEDDATE,source_record_metadata,0,0,2026-08-23,2026-08,2026-09-01,2026-09,2026-09-01,2026-09,2,1,Issued,FEMA - New 2-Story SFR,Residential New Construction and Additions (1 and 2 Family),4220 W Sevilla St,Virginia Park,https://aca-prod.accela.com/TAMPA/Cap/CapDetail.aspx?Module=Building&TabName=Building&capID1=26CAP&capID2=00000&capID3=00ES4&agencyCode=TAMPA
rec-1565ebb64decb904,CONSTRUCTION_INSPECTIONS|NATIVE|BLD-26-0523408,src-0f6ec6258fdac6dd,tpa-789b91adea9fd8,construction_inspections,BLD-26-0523408,2026-03-10,2026-03,permit_record_created,CREATEDDATE,source_record_metadata,0,0,2026-08-23,2026-08,2026-09-01,2026-09,2026-09-01,2026-09,2,1,Issued,Addition,Residential New Construction and Additions (1 and 2 Family),4003 W Tacon St,Virginia Park,https://aca-prod.accela.com/TAMPA/Cap/CapDetail.aspx?Module=Building&TabName=Building&capID1=26CAP&capID2=00000&capID3=00ES2&agencyCode=TAMPA
rec-16abdacbd93c7d61,CONSTRUCTION_INSPECTIONS|NATIVE|BLD-26-0523817,src-214bc75bc11e17ad,tpa-9ffce380f424ee,construction_inspections,BLD-26-0523817,2026-03-26,2026-03,permit_record_created,CREATEDDATE,source_record_metadata,0,0,2026-08-23,2026-08,2026-09-01,2026-09,2026-09-01,2026-09,2,1,Issued,Remodel - See Description,Commercial Building Alterations (Renovations),2910 W Barcelona St,Bayshore Gardens,https://aca-prod.accela.com/TAMPA/Cap/CapDetail.aspx?Module=Building&TabName=Building&capID1=26CAP&capID2=00000&capID3=00I6S&agencyCode=TAMPA
rec-1b667c98c809b0f0,CONSTRUCTION_INSPECTIONS|NATIVE|BLD-26-0523485,src-e156c07358706da7,tpa-81c5dd94d6444f,construction_inspections,BLD-26-0523485,2026-03-13,2026-03,permit_record_created,CREATEDDATE,source_record_metadata,0,0,2026-08-23,2026-08,2026-09-01,2026-09,2026-09-01,2026-09,2,1,Revision,PP: New 2-Story SFR,Residential New Construction and Additions (1 and 2 Family),3509 W San Juan St,Palma Ceia,https://aca-prod.accela.com/TAMPA/Cap/CapDetail.aspx?Module=Building&TabName=Building&capID1=26CAP&capID2=00000&capID3=00FI5&agencyCode=TAMPA
rec-1b777943050c0eee,CONSTRUCTION_INSPECTIONS|NATIVE|BDE-26-0445404,src-50d139ca81b759b6,tpa-f82e13b8729f3e,construction_inspections,BDE-26-0445404,2026-03-12,2026-03,permit_record_created,CREATEDDATE,source_record_metadata,0,0,2026-08-23,2026-08,2026-09-01,2026-09,2026-09-01,2026-09,2,1,Issued,DEMO OF SFR,Residential Demolition Permit,914 W Woodlawn Ave,Riverside Heights,https://aca-prod.accela.com/TAMPA/Cap/CapDetail.aspx?Module=Building&TabName=Building&capID1=26CAP&capID2=00000&capID3=00F89&agencyCode=TAMPA
rec-1d385f58e486ae70,CONSTRUCTION_INSPECTIONS|NATIVE|BLD-26-0523631,src-c427b4a78fd7b2ef,tpa-b986c9fe7f9aeb,construction_inspections,BLD-26-0523631,2026-03-19,2026-03,permit_record_created,CREATEDDATE,source_record_metadata,0,0,2026-08-23,2026-08,2026-09-01,2026-09,2026-09-01,2026-09,2,1,Issued,New 2-Story SFR,Residential New Construction and Additions (1 and 2 Family),811 W Orient St,Riverside Heights,https://aca-prod.accela.com/TAMPA/Cap/CapDetail.aspx?Module=Building&TabName=Building&capID1=26CAP&capID2=00000&capID3=00GM0&agencyCode=TAMPA
rec-1ee5d297feed5cc5,CONSTRUCTION_INSPECTIONS|NATIVE|BLD-26-0523267,src-4b5e4a9a8ca3e6c2,tpa-ecb7059fa8c6c1,construction_inspections,BLD-26-0523267,2026-03-05,2026-03,permit_record_created,CREATEDDATE,source_record_metadata,0,0,2026-08-23,2026-08,2026-09-01,2026-09,2026-09-01,2026-09,2,1,Issued,Expedited Project | FEMA: Remodel,Residential Building Alterations (Renovations),4623 W Browning Ave,Sunset Park,https://aca-prod.accela.com/TAMPA/Cap/CapDetail.aspx?Module=Building&TabName=Building&capID1=26CAP&capID2=00000&capID3=00DTM&agencyCode=TAMPA
rec-1f8074a8f50381b3,CONSTRUCTION_INSPECTIONS|NATIVE|BLD-26-0523331,src-2981681d46c2ef9f,tpa-6006fbde5fcfa5,construction_inspections,BLD-26-0523331,2026-03-09,2026-03,permit_record_created,CREATEDDATE,source_record_metadata,0,0,2026-08-23,2026-08,2026-09-01,2026-09,2026-09-01,2026-09,2,1,Issued,PP: New 3-Story Townhouse,Residential New Construction and Additions (1 and 2 Family),1408 E 21st Ave,VM Ybor,https://aca-prod.accela.com/TAMPA/Cap/CapDetail.aspx?Module=Building&TabName=Building&capID1=26CAP&capID2=00000&capID3=00EDM&agencyCode=TAMPA
rec-20e0deb753a6cee0,CONSTRUCTION_INSPECTIONS|NATIVE|BLD-26-0523439|GLOBALID|{7FDDC1FB-65E3-4B88-8E85-BBCC07F23800},,,construction_inspections,BLD-26-0523439,2026-03-11,2026-03,permit_record_created,CREATEDDATE,source_record_metadata,0,0,2026-09-01,2026-09,2026-09-01,2026-09,2026-09-01,2026-09,1,1,Issued,Alterations: Interior-TGH Virginia Avenue Clinic,Commercial Building Alterations (Renovations),2809 W Virginia Ave,West Tampa Heights (Stadium Area),https://aca-prod.accela.com/TAMPA/Cap/CapDetail.aspx?Module=Building&TabName=Building&capID1=26CAP&capID2=00000&capID3=00F3G&agencyCode=TAMPA
rec-2199598e09563b6c,CONSTRUCTION_INSPECTIONS|NATIVE|BLD-26-0523269,src-97e8294d63cdb9e4,tpa-915ffeffc22ea4,construction_inspections,BLD-26-0523269,2026-03-06,2026-03,permit_record_created,CREATEDDATE,source_record_metadata,0,0,2026-08-23,2026-08,2026-09-01,2026-09,2026-09-01,2026-09,2,1,Revision,"New 1-Story SFR - 4bd, 3bh",Residential New Construction and Additions (1 and 2 Family),9905 N 18th St,Tampa Overlook,https://aca-prod.accela.com/TAMPA/Cap/CapDetail.aspx?Module=Building&TabName=Building&capID1=26CAP&capID2=00000&capID3=00DVX&agencyCode=TAMPA
rec-21aae296c9ca8f7a,CONSTRUCTION_INSPECTIONS|NATIVE|BLD-26-0523828,src-f08a3684c8cccd8c,tpa-b1719030b0d422,construction_inspections,BLD-26-0523828,2026-03-27,2026-03,permit_record_created,CREATEDDATE,source_record_metadata,0,0,2026-08-23,2026-08,2026-09-01,2026-09,2026-09-01,2026-09,2,1,Issued,FEMA: PP: New SFR,Residential New Construction and Additions (1 and 2 Family),3005 W Meadow St,Ballast Point,https://aca-prod.accela.com/TAMPA/Cap/CapDetail.aspx?Module=Building&TabName=Building&capID1=26CAP&capID2=00000&capID3=00I8H&agencyCode=TAMPA
rec-229ca35f892e7237,CONSTRUCTION_INSPECTIONS|NATIVE|BLD-26-0523663,src-ff391c0bc7ce68da,tpa-97687e6d0bb1c9,construction_inspections,BLD-26-0523663,2026-03-20,2026-03,permit_record_created,CREATEDDATE,source_record_metadata,0,0,2026-08-23,2026-08,2026-09-01,2026-09,2026-09-01,2026-09,2,1,Issued,ATF - CMP-26-0001597 - Driveway and Exterior Remodel,Residential Building Alterations (Renovations),2133 W Rambla St,Historic Forest Hills,https://aca-prod.accela.com/TAMPA/Cap/CapDetail.aspx?Module=Building&TabName=Building&capID1=26CAP&capID2=00000&capID3=00GWU&agencyCode=TAMPA
rec-23b2c3028335bb0b,CONSTRUCTION_INSPECTIONS|NATIVE|BLD-26-0523633,src-be2c3c09dd829675,tpa-1644e2c2a739c7,construction_inspections,BLD-26-0523633,2026-03-19,2026-03,permit_record_created,CREATEDDATE,source_record_metadata,0,0,2026-08-23,2026-08,2026-09-01,2026-09,2026-09-01,2026-09,2,1,Revision,FEMA Interior Renovation - CIBC Wealth Office Renovation - Suite 1820,Commercial Building Alterations (Renovations),100 N Tampa St,Tampa Downtown Partnership,https://aca-prod.accela.com/TAMPA/Cap/CapDetail.aspx?Module=Building&TabName=Building&capID1=26CAP&capID2=00000&capID3=00GMQ&agencyCode=TAMPA
rec-2408bd1eee69d320,CONSTRUCTION_INSPECTIONS|NATIVE|BLD-26-0523131,src-02b856cb71c9f187,tpa-29d52b9c52c469,construction_inspections,BLD-26-0523131,2026-03-02,2026-03,permit_record_created,CREATEDDATE,source_record_metadata,0,0,2026-08-23,2026-08,2026-08-23,2026-08,2026-08-23,2026-08,1,0,Issued,ATF -Building 3: Units 7-13 Interior & Exterior Remodel,Commercial Building Alterations (Renovations),4605 N Hubert Ave,Drew Park,https://aca-prod.accela.com/TAMPA/Cap/CapDetail.aspx?Module=Building&TabName=Building&capID1=26CAP&capID2=00000&capID3=00CU2&agencyCode=TAMPA
rec-2662bb1177c946d4,CONSTRUCTION_INSPECTIONS|NATIVE|BLD-26-0523337,src-a205ddc75507797e,tpa-64266a81fee3eb,construction_inspections,BLD-26-0523337,2026-03-09,2026-03,permit_record_created,CREATEDDATE,source_record_metadata,0,0,2026-08-23,2026-08,2026-09-01,2026-09,2026-09-01,2026-09,2,1,Revision,OWNER - Addition,Residential New Construction and Additions (1 and 2 Family),1910 W Carmen St,North Hyde Park,https://aca-prod.accela.com/TAMPA/Cap/CapDetail.aspx?Module=Building&TabName=Building&capID1=26CAP&capID2=00000&capID3=00EEB&agencyCode=TAMPA
rec-26fc1f7850e029cc,CONSTRUCTION_INSPECTIONS|NATIVE|BLD-26-0523095,src-7fd9175632a05a51,tpa-9102767033089d,construction_inspections,BLD-26-0523095,2026-03-02,2026-03,permit_record_created,CREATEDDATE,source_record_metadata,0,0,2026-08-23,2026-08,2026-09-01,2026-09,2026-09-01,2026-09,2,1,Issued,PP: New 1-Story SFR,Residential New Construction and Additions (1 and 2 Family),3612 E North St,Woodland Terrace,https://aca-prod.accela.com/TAMPA/Cap/CapDetail.aspx?Module=Building&TabName=Building&capID1=26CAP&capID2=00000&capID3=00CQE&agencyCode=TAMPA
rec-28e3d1f6a3905722,CONSTRUCTION_INSPECTIONS|NATIVE|BLD-26-0523827,src-a625de5d97508325,tpa-d48724c8c9c6cd,construction_inspections,BLD-26-0523827,2026-03-27,2026-03,permit_record_created,CREATEDDATE,source_record_metadata,0,0,2026-08-23,2026-08,2026-08-23,2026-08,2026-08-23,2026-08,1,0,Issued,SEC: Unit 231- Temp Store,Commercial Building Alterations (Renovations),2223 N West Shore Blvd,Westshore,https://aca-prod.accela.com/TAMPA/Cap/CapDetail.aspx?Module=Building&TabName=Building&capID1=26CAP&capID2=00000&capID3=00I8D&agencyCode=TAMPA
rec-296297e769a82d5a,CONSTRUCTION_INSPECTIONS|NATIVE|BLD-26-0523726,src-a15240ed5dc50fb5,tpa-3976e867733655,construction_inspections,BLD-26-0523726,2026-03-24,2026-03,permit_record_created,CREATEDDATE,source_record_metadata,0,0,2026-08-23,2026-08,2026-09-01,2026-09,2026-09-01,2026-09,2,1,Issued,OWNER / FEMA: Remodel,Residential Building Alterations (Renovations),7311 S Elliott St,"Port Tampa City, Inc. Civic Association",https://aca-prod.accela.com/TAMPA/Cap/CapDetail.aspx?Module=Building&TabName=Building&capID1=26CAP&capID2=00000&capID3=00HDK&agencyCode=TAMPA
rec-2c5a5ecb9a72edc4,CONSTRUCTION_INSPECTIONS|NATIVE|BLD-26-0523238,src-d4d72b884c14b919,tpa-8c1b5d5e2cc99a,construction_inspections,BLD-26-0523238,2026-03-05,2026-03,permit_record_created,CREATEDDATE,source_record_metadata,0,0,2026-08-23,2026-08,2026-09-01,2026-09,2026-09-01,2026-09,2,1,Issued,PP: FEMA New 2-Story SFR,Residential New Construction and Additions (1 and 2 Family),4710 W Vasconia St,Belmar Gardens,https://aca-prod.accela.com/TAMPA/Cap/CapDetail.aspx?Module=Building&TabName=Building&capID1=26CAP&capID2=00000&capID3=00DKQ&agencyCode=TAMPA
rec-2cff550e4845ef40,CONSTRUCTION_INSPECTIONS|NATIVE|BLD-26-0523149,src-4ab365a8808d2c63,tpa-e4c41bba786194,construction_inspections,BLD-26-0523149,2026-03-03,2026-03,permit_record_created,CREATEDDATE,source_record_metadata,0,0,2026-08-23,2026-08,2026-09-01,2026-09,2026-09-01,2026-09,2,1,Issued,PP: Fema: New 2 Sty SFR,Residential New Construction and Additions (1 and 2 Family),4318 W Leona St,Virginia Park,https://aca-prod.accela.com/TAMPA/Cap/CapDetail.aspx?Module=Building&TabName=Building&capID1=26CAP&capID2=00000&capID3=00CZ5&agencyCode=TAMPA
rec-2ea0a81a28d46537,CONSTRUCTION_INSPECTIONS|NATIVE|BLD-26-0523627,src-b74140fd2f378c08,tpa-4c5c2ada9a3391,construction_inspections,BLD-26-0523627,2026-03-19,2026-03,permit_record_created,CREATEDDATE,source_record_metadata,0,0,2026-08-23,2026-08,2026-09-01,2026-09,2026-09-01,2026-09,2,1,Issued,FEMA - Addition - New Master Bathroom & Closet Addition,Residential New Construction and Additions (1 and 2 Family),4010 W Lawn Ave,FairOaks Manhattan,https://aca-prod.accela.com/TAMPA/Cap/CapDetail.aspx?Module=Building&TabName=Building&capID1=26CAP&capID2=00000&capID3=00GKS&agencyCode=TAMPA
rec-308e3e681037d125,CONSTRUCTION_INSPECTIONS|NATIVE|BLD-26-0523541,src-124d5286a96a2ecd,tpa-dadf2948127d30,construction_inspections,BLD-26-0523541,2026-03-16,2026-03,permit_record_created,CREATEDDATE,source_record_metadata,0,0,2026-08-23,2026-08,2026-09-01,2026-09,2026-09-01,2026-09,2,1,Issued,OWNER:Interior Alteration,Residential Building Alterations (Renovations),1912 W Cherry St,Old West Tampa,https://aca-prod.accela.com/TAMPA/Cap/CapDetail.aspx?Module=Building&TabName=Building&capID1=26CAP&capID2=00000&capID3=00FWF&agencyCode=TAMPA
rec-30e307be4ceb9923,CONSTRUCTION_INSPECTIONS|NATIVE|BLD-26-0523910,src-65c897cf19c8b1d2,tpa-799ab0f39c986d,construction_inspections,BLD-26-0523910,2026-03-31,2026-03,permit_record_created,CREATEDDATE,source_record_metadata,0,0,2026-08-23,2026-08,2026-09-01,2026-09,2026-09-01,2026-09,2,1,Issued,Interior Alteration,Commercial Building Alterations (Renovations),609 S Howard Ave,South Howard,https://aca-prod.accela.com/TAMPA/Cap/CapDetail.aspx?Module=Building&TabName=Building&capID1=26CAP&capID2=00000&capID3=00ITC&agencyCode=TAMPA
rec-328212494c94b0a3,CONSTRUCTION_INSPECTIONS|NATIVE|BLD-26-0523203,src-aeae52a9be834823,tpa-8b6f4b81492e85,construction_inspections,BLD-26-0523203,2026-03-04,2026-03,permit_record_created,CREATEDDATE,source_record_metadata,0,0,2026-08-23,2026-08,2026-09-01,2026-09,2026-09-01,2026-09,2,1,Revision,New 2-Story SFR,Residential New Construction and Additions (1 and 2 Family),705 W Amelia Ave,Ridgewood Park,https://aca-prod.accela.com/TAMPA/Cap/CapDetail.aspx?Module=Building&TabName=Building&capID1=26CAP&capID2=00000&capID3=00DBR&agencyCode=TAMPA
rec-34e584d9c8546485,CONSTRUCTION_INSPECTIONS|NATIVE|BLD-26-0523519,src-7e786acc156b902c,tpa-ded1eecbd583f7,construction_inspections,BLD-26-0523519,2026-03-16,2026-03,permit_record_created,CREATEDDATE,source_record_metadata,0,0,2026-08-23,2026-08,2026-09-01,2026-09,2026-09-01,2026-09,2,1,Revision,OWNER Interior and Exterior Remodel,Residential Building Alterations (Renovations),1505 N Oregon Cir,Forest Hills,https://aca-prod.accela.com/TAMPA/Cap/CapDetail.aspx?Module=Building&TabName=Building&capID1=26CAP&capID2=00000&capID3=00FQ0&agencyCode=TAMPA
rec-3507900ca7259a24,CONSTRUCTION_INSPECTIONS|NATIVE|BLD-26-0523918,src-a65a57b07f253b6f,tpa-3c4cf3de7d8803,construction_inspections,BLD-26-0523918,2026-03-31,2026-03,permit_record_created,CREATEDDATE,source_record_metadata,0,0,2026-08-23,2026-08,2026-09-01,2026-09,2026-09-01,2026-09,2,1,Issued,FEMA: Int. Alteration: Ste 300 - Ninja One,Commercial Building Alterations (Renovations),5201 W Kennedy Blvd,Westshore,https://aca-prod.accela.com/TAMPA/Cap/CapDetail.aspx?Module=Building&TabName=Building&capID1=26CAP&capID2=00000&capID3=00IVL&agencyCode=TAMPA
rec-396e4a97f556a424,CONSTRUCTION_INSPECTIONS|NATIVE|BLD-26-0523687,src-9e0112e8d39fc250,tpa-e1612d82a1023b,construction_inspections,BLD-26-0523687,2026-03-23,2026-03,permit_record_created,CREATEDDATE,source_record_metadata,0,0,2026-08-23,2026-08,2026-09-01,2026-09,2026-09-01,2026-09,2,1,Issued,Interior Alterations,Residential Building Alterations (Renovations),1007 E Genesee St,Southeast Seminole Heights,https://aca-prod.accela.com/TAMPA/Cap/CapDetail.aspx?Module=Building&TabName=Building&capID1=26CAP&capID2=00000&capID3=00H3D&agencyCode=TAMPA
rec-3bfee7e00d3fc70c,CONSTRUCTION_INSPECTIONS|NATIVE|BLD-26-0523161,src-998c05dfe5ccea88,tpa-681d715be6a727,construction_inspections,BLD-26-0523161,2026-03-03,2026-03,permit_record_created,CREATEDDATE,source_record_metadata,0,0,2026-08-23,2026-08,2026-09-01,2026-09,2026-09-01,2026-09,2,1,Issued,FEMA - Interior Alteration - Bathroom,Residential Building Alterations (Renovations),4926 Lyford Cay Rd,Culbreath Isles,https://aca-prod.accela.com/TAMPA/Cap/CapDetail.aspx?Module=Building&TabName=Building&capID1=26CAP&capID2=00000&capID3=00D1U&agencyCode=TAMPA
rec-3f2ccdee0ae90e17,CONSTRUCTION_INSPECTIONS|NATIVE|BLD-26-0523324,src-769806e2c6db5c8d,tpa-d979b0b3deb62c,construction_inspections,BLD-26-0523324,2026-03-09,2026-03,permit_record_created,CREATEDDATE,source_record_metadata,0,0,2026-08-23,2026-08,2026-09-01,2026-09,2026-09-01,2026-09,2,1,Issued,PP: Interior Remodel,Residential Building Alterations (Renovations),4014 W Barcelona St,Virginia Park,https://aca-prod.accela.com/TAMPA/Cap/CapDetail.aspx?Module=Building&TabName=Building&capID1=26CAP&capID2=00000&capID3=00EBZ&agencyCode=TAMPA
rec-408003931b01fc62,CONSTRUCTION_INSPECTIONS|NATIVE|BLD-26-0523579,src-5703ea0caa87ef92,tpa-b72a6bcb959606,construction_inspections,BLD-26-0523579,2026-03-18,2026-03,permit_record_created,CREATEDDATE,source_record_metadata,0,0,2026-08-23,2026-08,2026-09-01,2026-09,2026-09-01,2026-09,2,1,Revision,PP: Exterior Facade Remodel,Commercial Building Alterations (Renovations),5251 S Dale Mabry Hwy,Gandy / Sun Bay South,https://aca-prod.accela.com/TAMPA/Cap/CapDetail.aspx?Module=Building&TabName=Building&capID1=26CAP&capID2=00000&capID3=00G80&agencyCode=TAMPA
rec-40d8ff3c0c5a2e44,CONSTRUCTION_INSPECTIONS|NATIVE|BLD-26-0523130|GLOBALID|{145359DC-6DD9-4660-A17C-0B19F7E57DBF},src-ca2cf1d03415affa,tpa-a357330cddd2cf,construction_inspections,BLD-26-0523130,2026-03-02,2026-03,permit_record_created,CREATEDDATE,source_record_metadata,0,0,2026-08-23,2026-08,2026-08-23,2026-08,2026-08-23,2026-08,1,0,Revision,ATF: Building 1 units 14-18 - Interior/Exterior Remodel w/ violation CMP-26-0000029,Commercial Building Alterations (Renovations),4605 N Hubert Ave,Drew Park,https://aca-prod.accela.com/TAMPA/Cap/CapDetail.aspx?Module=Building&TabName=Building&capID1=26CAP&capID2=00000&capID3=00CU1&agencyCode=TAMPA
rec-41c4c15f2a267cc2,CONSTRUCTION_INSPECTIONS|NATIVE|BLD-26-0523474,src-348a56f34e41cbe9,tpa-e31643da6b5577,construction_inspections,BLD-26-0523474,2026-03-12,2026-03,permit_record_created,CREATEDDATE,source_record_metadata,0,0,2026-08-23,2026-08,2026-09-01,2026-09,2026-09-01,2026-09,2,1,Issued,PP: New 2-Story SFR,Residential New Construction and Additions (1 and 2 Family),4111 W Marietta St,Gandy / Sun Bay South,https://aca-prod.accela.com/TAMPA/Cap/CapDetail.aspx?Module=Building&TabName=Building&capID1=26CAP&capID2=00000&capID3=00FFX&agencyCode=TAMPA
rec-430cc224cf57a69b,CONSTRUCTION_INSPECTIONS|NATIVE|BLD-26-0523430,src-75814e6d4e9b0da2,tpa-9fa3b10a3951b8,construction_inspections,BLD-26-0523430,2026-03-11,2026-03,permit_record_created,CREATEDDATE,source_record_metadata,0,0,2026-08-23,2026-08,2026-09-01,2026-09,2026-09-01,2026-09,2,1,Issued,PP: Change of Use/Occupancy: Pharmacy to Freestanding ED (BayCare FSED),Commercial Building Alterations (Renovations),102 S Dale Mabry Hwy,Bon Air,https://aca-prod.accela.com/TAMPA/Cap/CapDetail.aspx?Module=Building&TabName=Building&capID1=26CAP&capID2=00000&capID3=00EZ2&agencyCode=TAMPA
rec-45c662a171d30904,CONSTRUCTION_INSPECTIONS|NATIVE|BDE-26-0445432,src-f5fa7c97bed16e30,tpa-8636c32ef4d0dc,construction_inspections,BDE-26-0445432,2026-03-24,2026-03,permit_record_created,CREATEDDATE,source_record_metadata,0,0,2026-08-23,2026-08,2026-09-01,2026-09,2026-09-01,2026-09,2,1,Issued,Demo SFR,Residential Demolition Permit,6010 N Tampa St,Old Seminole Heights,https://aca-prod.accela.com/TAMPA/Cap/CapDetail.aspx?Module=Building&TabName=Building&capID1=26CAP&capID2=00000&capID3=00HFQ&agencyCode=TAMPA
rec-48a6c4a31fc88c73,CONSTRUCTION_INSPECTIONS|NATIVE|BLD-26-0523391,src-091cba12e7b4bc55,tpa-f0d0f0c06f4c21,construction_inspections,BLD-26-0523391,2026-03-10,2026-03,permit_record_created,CREATEDDATE,source_record_metadata,0,0,2026-08-23,2026-08,2026-09-01,2026-09,2026-09-01,2026-09,2,1,Revision,PP: New 2 Story Townhouse Lot 2 (LEFT SIDE),Residential New Construction and Additions (1 and 2 Family),1427 E 29th Ave,Ybor Heights Neighborhood Association and Watch Group,https://aca-prod.accela.com/TAMPA/Cap/CapDetail.aspx?Module=Building&TabName=Building&capID1=26CAP&capID2=00000&capID3=00EPU&agencyCode=TAMPA
rec-48ea49f769e5d008,CONSTRUCTION_INSPECTIONS|NATIVE|BLD-26-0523378,,,construction_inspections,BLD-26-0523378,2026-03-10,2026-03,permit_record_created,CREATEDDATE,source_record_metadata,0,0,2026-09-01,2026-09,2026-09-01,2026-09,2026-09-01,2026-09,1,1,Revision,New 1-Story DI Water Building: Quest Diagnostics,Commercial New Construction and Additions,4225 E Fowler Ave,Terrace Park,https://aca-prod.accela.com/TAMPA/Cap/CapDetail.aspx?Module=Building&TabName=Building&capID1=26CAP&capID2=00000&capID3=00EMS&agencyCode=TAMPA
rec-494a1c6be8628b45,CONSTRUCTION_INSPECTIONS|NATIVE|BLD-26-0523449,src-8f755e225d9dd707,tpa-46c6713638fb90,construction_inspections,BLD-26-0523449,2026-03-12,2026-03,permit_record_created,CREATEDDATE,source_record_metadata,0,0,2026-08-23,2026-08,2026-09-01,2026-09,2026-09-01,2026-09,2,1,Issued,New 2-Story SFR,Residential New Construction and Additions (1 and 2 Family),2508 E 18th Ave,North Ybor,https://aca-prod.accela.com/TAMPA/Cap/CapDetail.aspx?Module=Building&TabName=Building&capID1=26CAP&capID2=00000&capID3=00F5P&agencyCode=TAMPA
rec-4bb14bd2a893ba30,CONSTRUCTION_INSPECTIONS|NATIVE|BLD-26-0523463,src-0b2f45cc61e02354,tpa-d5dfd5cd2cff1b,construction_inspections,BLD-26-0523463,2026-03-12,2026-03,permit_record_created,CREATEDDATE,source_record_metadata,0,0,2026-08-23,2026-08,2026-09-01,2026-09,2026-09-01,2026-09,2,1,Issued,PP: Interior Build Out (Naked MD Studio),Commercial Building Alterations (Renovations),310 S MacDill Ave,Palma Ceia Pines,https://aca-prod.accela.com/TAMPA/Cap/CapDetail.aspx?Module=Building&TabName=Building&capID1=26CAP&capID2=00000&capID3=00FCV&agencyCode=TAMPA
rec-4d31e9bf10603f14,CONSTRUCTION_INSPECTIONS|NATIVE|BLD-26-0523566,src-9983b157731c9970,tpa-6486334dfe8600,construction_inspections,BLD-26-0523566,2026-03-17,2026-03,permit_record_created,CREATEDDATE,source_record_metadata,0,0,2026-08-23,2026-08,2026-09-01,2026-09,2026-09-01,2026-09,2,1,Revision,FEMA:PP:New 3 Story SFR,Residential New Construction and Additions (1 and 2 Family),632 E Davis Blvd,Davis Islands,https://aca-prod.accela.com/TAMPA/Cap/CapDetail.aspx?Module=Building&TabName=Building&capID1=26CAP&capID2=00000&capID3=00G48&agencyCode=TAMPA
rec-4da46543fbc0327b,CONSTRUCTION_INSPECTIONS|NATIVE|BLD-26-0523680,src-c563d4317e7e41d8,tpa-32ec774176436e,construction_inspections,BLD-26-0523680,2026-03-22,2026-03,permit_record_created,CREATEDDATE,source_record_metadata,0,0,2026-08-23,2026-08,2026-09-01,2026-09,2026-09-01,2026-09,2,1,Issued,NEW SFR,Residential New Construction and Additions (1 and 2 Family),2424 E Ida St,East Tampa 1,https://aca-prod.accela.com/TAMPA/Cap/CapDetail.aspx?Module=Building&TabName=Building&capID1=26CAP&capID2=00000&capID3=00GZY&agencyCode=TAMPA
rec-4e0114ecca06017e,CONSTRUCTION_INSPECTIONS|NATIVE|BLD-26-0523862,src-61e24cc37a4fd893,tpa-5b5a5c0516328f,construction_inspections,BLD-26-0523862,2026-03-28,2026-03,permit_record_created,CREATEDDATE,source_record_metadata,0,0,2026-08-23,2026-08,2026-09-01,2026-09,2026-09-01,2026-09,2,1,Revision,Kitchen Remodel,Residential Building Alterations (Renovations),4304 N Ola Ave,South Seminole Heights,https://aca-prod.accela.com/TAMPA/Cap/CapDetail.aspx?Module=Building&TabName=Building&capID1=26CAP&capID2=00000&capID3=00IFM&agencyCode=TAMPA
rec-4e0bf63fc4fd424e,CONSTRUCTION_INSPECTIONS|NATIVE|BDE-26-0445389,src-20290995466c015f,tpa-e80fe3961f2677,construction_inspections,BDE-26-0445389,2026-03-03,2026-03,permit_record_created,CREATEDDATE,source_record_metadata,0,0,2026-08-23,2026-08,2026-09-01,2026-09,2026-09-01,2026-09,2,1,Issued,DEMO SFR / pool and structures,Residential Demolition Permit,5618 S Sheridan Rd,Interbay - South of Gandy,https://aca-prod.accela.com/TAMPA/Cap/CapDetail.aspx?Module=Building&TabName=Building&capID1=26CAP&capID2=00000&capID3=00D1T&agencyCode=TAMPA
rec-4fa86412fab417ca,CONSTRUCTION_INSPECTIONS|NATIVE|BLD-26-0523454,src-3ed274b536d94ece,tpa-a26828f294e5ed,construction_inspections,BLD-26-0523454,2026-03-12,2026-03,permit_record_created,CREATEDDATE,source_record_metadata,0,0,2026-08-23,2026-08,2026-09-01,2026-09,2026-09-01,2026-09,2,1,Issued,New 2-Story SFR,Residential New Construction and Additions (1 and 2 Family),2939 W Beach St,Macfarlane Park,https://aca-prod.accela.com/TAMPA/Cap/CapDetail.aspx?Module=Building&TabName=Building&capID1=26CAP&capID2=00000&capID3=00F8U&agencyCode=TAMPA
rec-5004d275d08f68ec,CONSTRUCTION_INSPECTIONS|NATIVE|BLD-26-0523826,src-3a83a00b7bb471d4,tpa-2ddba7e4045ae6,construction_inspections,BLD-26-0523826,2026-03-27,2026-03,permit_record_created,CREATEDDATE,source_record_metadata,0,0,2026-08-23,2026-08,2026-09-01,2026-09,2026-09-01,2026-09,2,1,Issued,FEMA: Outdoor kitchen with a composite deck and turf,Residential Building Alterations (Renovations),28 Aegean Ave,Davis Islands,https://aca-prod.accela.com/TAMPA/Cap/CapDetail.aspx?Module=Building&TabName=Building&capID1=26CAP&capID2=00000&capID3=00I7Z&agencyCode=TAMPA
rec-52f6223d7507666e,CONSTRUCTION_INSPECTIONS|NATIVE|BDE-26-0445440,src-740200b33d2f222b,tpa-5d25382d4939dc,construction_inspections,BDE-26-0445440,2026-03-26,2026-03,permit_record_created,CREATEDDATE,source_record_metadata,0,0,2026-08-23,2026-08,2026-09-01,2026-09,2026-09-01,2026-09,2,1,Issued,Demo SFR,Residential Demolition Permit,4307 S Hale Ave,FairOaks Manhattan,https://aca-prod.accela.com/TAMPA/Cap/CapDetail.aspx?Module=Building&TabName=Building&capID1=26CAP&capID2=00000&capID3=00I1G&agencyCode=TAMPA
rec-573765a0b60b2de7,CONSTRUCTION_INSPECTIONS|NATIVE|BLD-26-0523720,src-9ac5fa695d9b5e33,tpa-5d51b71d680f85,construction_inspections,BLD-26-0523720,2026-03-24,2026-03,permit_record_created,CREATEDDATE,source_record_metadata,0,0,2026-08-23,2026-08,2026-09-01,2026-09,2026-09-01,2026-09,2,1,Issued,PP:New 2-Story SFR,Residential New Construction and Additions (1 and 2 Family),3219 W Arch St,Midtown Tampa,https://aca-prod.accela.com/TAMPA/Cap/CapDetail.aspx?Module=Building&TabName=Building&capID1=26CAP&capID2=00000&capID3=00HC6&agencyCode=TAMPA
rec-5745be7961e79db6,CONSTRUCTION_INSPECTIONS|NATIVE|BLD-26-0523448,src-84173584c2fc824c,tpa-3506efd9a7eea3,construction_inspections,BLD-26-0523448,2026-03-12,2026-03,permit_record_created,CREATEDDATE,source_record_metadata,0,0,2026-08-23,2026-08,2026-09-01,2026-09,2026-09-01,2026-09,2,1,Issued,New 2-Story SFR,Residential New Construction and Additions (1 and 2 Family),2506 E 18th Ave,North Ybor,https://aca-prod.accela.com/TAMPA/Cap/CapDetail.aspx?Module=Building&TabName=Building&capID1=26CAP&capID2=00000&capID3=00F5N&agencyCode=TAMPA
rec-5b48baad855f468e,CONSTRUCTION_INSPECTIONS|NATIVE|BLD-26-0523750,src-5271a00149801360,tpa-01f332a1aa6908,construction_inspections,BLD-26-0523750,2026-03-24,2026-03,permit_record_created,CREATEDDATE,source_record_metadata,0,0,2026-08-23,2026-08,2026-09-01,2026-09,2026-09-01,2026-09,2,1,Issued,Interior/Exterior Alteration - Autozone,Commercial Building Alterations (Renovations),3020 W Columbus Dr,Macfarlane Park,https://aca-prod.accela.com/TAMPA/Cap/CapDetail.aspx?Module=Building&TabName=Building&capID1=26CAP&capID2=00000&capID3=00HLG&agencyCode=TAMPA
rec-5c3d11c56f56199a,CONSTRUCTION_INSPECTIONS|NATIVE|BLD-26-0523439|GLOBALID|{92F32292-D3CF-410A-A3D9-66FB9081B6CE},,,construction_inspections,BLD-26-0523439,2026-03-11,2026-03,permit_record_created,CREATEDDATE,source_record_metadata,0,0,2026-09-01,2026-09,2026-09-01,2026-09,2026-09-01,2026-09,1,1,Issued,Alterations: Interior-TGH Virginia Avenue Clinic,Commercial Building Alterations (Renovations),2810 W Dr Martin Luther King Jr Blvd,West Tampa Heights (Stadium Area),https://aca-prod.accela.com/TAMPA/Cap/CapDetail.aspx?Module=Building&TabName=Building&capID1=26CAP&capID2=00000&capID3=00F3G&agencyCode=TAMPA
rec-60aac6579d096418,CONSTRUCTION_INSPECTIONS|NATIVE|BLD-26-0523530,src-57e8643463767fbe,tpa-1c7aeef625421c,construction_inspections,BLD-26-0523530,2026-03-16,2026-03,permit_record_created,CREATEDDATE,source_record_metadata,0,0,2026-08-23,2026-08,2026-09-01,2026-09,2026-09-01,2026-09,2,1,Issued,New 2 story SFR,Residential New Construction and Additions (1 and 2 Family),3407 W Leona St,Palma Ceia,https://aca-prod.accela.com/TAMPA/Cap/CapDetail.aspx?Module=Building&TabName=Building&capID1=26CAP&capID2=00000&capID3=00FTQ&agencyCode=TAMPA
rec-6132ed61aded8094,CONSTRUCTION_INSPECTIONS|NATIVE|BLD-26-0523651,src-178e7613686d6b1a,tpa-d1f6c1949617ca,construction_inspections,BLD-26-0523651,2026-03-19,2026-03,permit_record_created,CREATEDDATE,source_record_metadata,0,0,2026-08-23,2026-08,2026-09-01,2026-09,2026-09-01,2026-09,2,1,Issued,FEMA New 2-Story SFR,Residential New Construction and Additions (1 and 2 Family),2930 W Coachman Ave,Bayshore Beautiful,https://aca-prod.accela.com/TAMPA/Cap/CapDetail.aspx?Module=Building&TabName=Building&capID1=26CAP&capID2=00000&capID3=00GPL&agencyCode=TAMPA
rec-62550718564cdda0,CONSTRUCTION_INSPECTIONS|NATIVE|BLD-26-0523311,src-81e74a1e67643e4e,tpa-a274b729092503,construction_inspections,BLD-26-0523311,2026-03-07,2026-03,permit_record_created,CREATEDDATE,source_record_metadata,0,0,2026-08-23,2026-08,2026-09-01,2026-09,2026-09-01,2026-09,2,1,Issued,OWNER - Addition - Rear Porch,Residential New Construction and Additions (1 and 2 Family),3106 W Louisiana Ave,Plaza Terrace,https://aca-prod.accela.com/TAMPA/Cap/CapDetail.aspx?Module=Building&TabName=Building&capID1=26CAP&capID2=00000&capID3=00E6Z&agencyCode=TAMPA
rec-625714fcd0bf7a7e,CONSTRUCTION_INSPECTIONS|NATIVE|BDE-26-0445434,src-5a24ab6348d8889c,tpa-1f16cd83fa430e,construction_inspections,BDE-26-0445434,2026-03-25,2026-03,permit_record_created,CREATEDDATE,source_record_metadata,0,0,2026-08-23,2026-08,2026-09-01,2026-09,2026-09-01,2026-09,2,1,Issued,OWNER: Demo SFR,Residential Demolition Permit,7502 S OBrien St,"Port Tampa City, Inc. Civic Association",https://aca-prod.accela.com/TAMPA/Cap/CapDetail.aspx?Module=Building&TabName=Building&capID1=26CAP&capID2=00000&capID3=00HRZ&agencyCode=TAMPA
rec-62b7ff629c473cee,CONSTRUCTION_INSPECTIONS|NATIVE|BLD-26-0523670,src-de64086d0779d005,tpa-864aaf232401e8,construction_inspections,BLD-26-0523670,2026-03-20,2026-03,permit_record_created,CREATEDDATE,source_record_metadata,0,0,2026-08-23,2026-08,2026-09-01,2026-09,2026-09-01,2026-09,2,1,Issued,ATF Violation -CMP-25-0016494,Residential New Construction and Additions (1 and 2 Family),1514 W Patterson St,Lowry Park Central,https://aca-prod.accela.com/TAMPA/Cap/CapDetail.aspx?Module=Building&TabName=Building&capID1=26CAP&capID2=00000&capID3=00GZ1&agencyCode=TAMPA
rec-637335955218fcf4,CONSTRUCTION_INSPECTIONS|NATIVE|BLD-26-0523714,src-f5615358c555a549,tpa-0b29d8a272673c,construction_inspections,BLD-26-0523714,2026-03-23,2026-03,permit_record_created,CREATEDDATE,source_record_metadata,0,0,2026-08-23,2026-08,2026-09-01,2026-09,2026-09-01,2026-09,2,1,Issued,FEMA:Window replacement and lintel installation,Residential Building Alterations (Renovations),1714 W Saint Isabel St,West Riverside Heights,https://aca-prod.accela.com/TAMPA/Cap/CapDetail.aspx?Module=Building&TabName=Building&capID1=26CAP&capID2=00000&capID3=00H98&agencyCode=TAMPA
rec-63ce84bf0f74c5e8,CONSTRUCTION_INSPECTIONS|NATIVE|BLD-26-0523807,src-cda617de9e797f51,tpa-e3b95482fa6a8e,construction_inspections,BLD-26-0523807,2026-03-26,2026-03,permit_record_created,CREATEDDATE,source_record_metadata,0,0,2026-08-23,2026-08,2026-09-01,2026-09,2026-09-01,2026-09,2,1,Issued,FEMA: PP: Interior Remodel: Unit A104,Commercial Building Alterations (Renovations),2424 W Tampa Bay Blvd,The Marina Club of Tampa,https://aca-prod.accela.com/TAMPA/Cap/CapDetail.aspx?Module=Building&TabName=Building&capID1=26CAP&capID2=00000&capID3=00I5C&agencyCode=TAMPA
rec-6570d60cc5b776be,CONSTRUCTION_INSPECTIONS|NATIVE|BLD-26-0523589,src-428a28b7ba018254,tpa-50ee601e875fa6,construction_inspections,BLD-26-0523589,2026-03-18,2026-03,permit_record_created,CREATEDDATE,source_record_metadata,0,0,2026-08-23,2026-08,2026-09-01,2026-09,2026-09-01,2026-09,2,1,Issued,New 2-Story SFR,Residential New Construction and Additions (1 and 2 Family),3915 W McKay Ave,Swann Estates,https://aca-prod.accela.com/TAMPA/Cap/CapDetail.aspx?Module=Building&TabName=Building&capID1=26CAP&capID2=00000&capID3=00G9F&agencyCode=TAMPA
rec-664e1525f211cf8c,CONSTRUCTION_INSPECTIONS|NATIVE|BLD-26-0523481,src-706c8365f3ccaf6f,tpa-1874bbfaf97b06,construction_inspections,BLD-26-0523481,2026-03-13,2026-03,permit_record_created,CREATEDDATE,source_record_metadata,0,0,2026-08-23,2026-08,2026-09-01,2026-09,2026-09-01,2026-09,2,1,Issued,New SFR & Detached Accessory Structure,Residential New Construction and Additions (1 and 2 Family),8907 N Orleans Ave,Lowry Park Central,https://aca-prod.accela.com/TAMPA/Cap/CapDetail.aspx?Module=Building&TabName=Building&capID1=26CAP&capID2=00000&capID3=00FHC&agencyCode=TAMPA
rec-66506e17c8bd43a4,CONSTRUCTION_INSPECTIONS|NATIVE|BLD-26-0523406,src-0ceaa7311b74d38c,tpa-1c5117a4fcc7cb,construction_inspections,BLD-26-0523406,2026-03-10,2026-03,permit_record_created,CREATEDDATE,source_record_metadata,0,0,2026-08-23,2026-08,2026-09-01,2026-09,2026-09-01,2026-09,2,1,Revision,FEMA - Interior Alteration,Residential Building Alterations (Renovations),642 Geneva Pl,Davis Islands,https://aca-prod.accela.com/TAMPA/Cap/CapDetail.aspx?Module=Building&TabName=Building&capID1=26CAP&capID2=00000&capID3=00ES0&agencyCode=TAMPA
rec-68bbd6fcc64a502e,CONSTRUCTION_INSPECTIONS|NATIVE|BDE-26-0445410,src-1d95fbdf05c445e1,tpa-004781f08704b8,construction_inspections,BDE-26-0445410,2026-03-17,2026-03,permit_record_created,CREATEDDATE,source_record_metadata,0,0,2026-08-23,2026-08,2026-09-01,2026-09,2026-09-01,2026-09,2,1,Issued,DEMO OF SFR,Residential Demolition Permit,4423 W Trilby Ave,Gandy / Sun Bay South,https://aca-prod.accela.com/TAMPA/Cap/CapDetail.aspx?Module=Building&TabName=Building&capID1=26CAP&capID2=00000&capID3=00G46&agencyCode=TAMPA
rec-696d9f0b92d34ea4,CONSTRUCTION_INSPECTIONS|NATIVE|BDE-26-0445430,src-ab9b070d53b1c5c0,tpa-e78e86e21034c4,construction_inspections,BDE-26-0445430,2026-03-24,2026-03,permit_record_created,CREATEDDATE,source_record_metadata,0,0,2026-08-23,2026-08,2026-09-01,2026-09,2026-09-01,2026-09,2,1,Issued,Fema: Demo SFR,Residential Demolition Permit,7401 S Faul St,"Port Tampa City, Inc. Civic Association",https://aca-prod.accela.com/TAMPA/Cap/CapDetail.aspx?Module=Building&TabName=Building&capID1=26CAP&capID2=00000&capID3=00HFD&agencyCode=TAMPA
rec-69827eb12fb22ca7,CONSTRUCTION_INSPECTIONS|NATIVE|BLD-26-0523304,src-9c68321bc065ba52,tpa-598777ab8fd398,construction_inspections,BLD-26-0523304,2026-03-06,2026-03,permit_record_created,CREATEDDATE,source_record_metadata,0,0,2026-08-23,2026-08,2026-09-01,2026-09,2026-09-01,2026-09,2,1,Revision,PP: New 2 Story SFR,Residential New Construction and Additions (1 and 2 Family),3004 W North A St,Armory Gardens,https://aca-prod.accela.com/TAMPA/Cap/CapDetail.aspx?Module=Building&TabName=Building&capID1=26CAP&capID2=00000&capID3=00E5J&agencyCode=TAMPA
rec-6bbc75896e9fe2fb,CONSTRUCTION_INSPECTIONS|NATIVE|BLD-26-0523100,src-74adcf377e76ec38,tpa-b98f1cadf39fa3,construction_inspections,BLD-26-0523100,2026-03-02,2026-03,permit_record_created,CREATEDDATE,source_record_metadata,0,0,2026-08-23,2026-08,2026-09-01,2026-09,2026-09-01,2026-09,2,1,Issued,FEMA: PP: New 3-Story SFR,Residential New Construction and Additions (1 and 2 Family),672 Geneva Pl,Davis Islands,https://aca-prod.accela.com/TAMPA/Cap/CapDetail.aspx?Module=Building&TabName=Building&capID1=26CAP&capID2=00000&capID3=00CR7&agencyCode=TAMPA
rec-70e4d7d5d74c7c95,CONSTRUCTION_INSPECTIONS|NATIVE|BLD-26-0523165,src-c22688c5486ec029,tpa-0b95456530c0c4,construction_inspections,BLD-26-0523165,2026-03-03,2026-03,permit_record_created,CREATEDDATE,source_record_metadata,0,0,2026-08-23,2026-08,2026-09-01,2026-09,2026-09-01,2026-09,2,1,Issued,PP: New 2-Story SFR,Residential New Construction and Additions (1 and 2 Family),2924 W Paxton Ave,Ballast Point,https://aca-prod.accela.com/TAMPA/Cap/CapDetail.aspx?Module=Building&TabName=Building&capID1=26CAP&capID2=00000&capID3=00D2A&agencyCode=TAMPA
rec-7356bf0948daa5c9,CONSTRUCTION_INSPECTIONS|NATIVE|BLD-26-0523888,src-da5dd24a99cb5875,tpa-83782d068c1842,construction_inspections,BLD-26-0523888,2026-03-30,2026-03,permit_record_created,CREATEDDATE,source_record_metadata,0,0,2026-08-23,2026-08,2026-09-01,2026-09,2026-09-01,2026-09,2,1,Revision,New Accessory Structure,Residential New Construction and Additions (1 and 2 Family),2604 W Watrous Ave,New Suburb Beautiful,https://aca-prod.accela.com/TAMPA/Cap/CapDetail.aspx?Module=Building&TabName=Building&capID1=26CAP&capID2=00000&capID3=00IMH&agencyCode=TAMPA
rec-7403aa6b76c282cc,CONSTRUCTION_INSPECTIONS|NATIVE|BLD-26-0523691,src-7938a1643d410027,tpa-c344e08cb412d5,construction_inspections,BLD-26-0523691,2026-03-23,2026-03,permit_record_created,CREATEDDATE,source_record_metadata,0,0,2026-08-23,2026-08,2026-09-01,2026-09,2026-09-01,2026-09,2,1,Revision,PP:NC-COMPLETE: New 2-Story Medical Office - Watt Plastic Surgery Center and Med Spa,Commercial New Construction and Additions,4040 Henderson Blvd,Palma Ceia West,https://aca-prod.accela.com/TAMPA/Cap/CapDetail.aspx?Module=Building&TabName=Building&capID1=26CAP&capID2=00000&capID3=00H46&agencyCode=TAMPA
rec-7522e017accd098c,CONSTRUCTION_INSPECTIONS|NATIVE|BLD-26-0523532,src-5c048571ef176088,tpa-374e0666a51aa2,construction_inspections,BLD-26-0523532,2026-03-16,2026-03,permit_record_created,CREATEDDATE,source_record_metadata,0,0,2026-08-23,2026-08,2026-09-01,2026-09,2026-09-01,2026-09,2,1,Revision,FEMA: PP: New 2 Story SFR,Residential New Construction and Additions (1 and 2 Family),404 S Barbara Ln,Beach Park,https://aca-prod.accela.com/TAMPA/Cap/CapDetail.aspx?Module=Building&TabName=Building&capID1=26CAP&capID2=00000&capID3=00FU3&agencyCode=TAMPA
rec-78809222230a6ac2,CONSTRUCTION_INSPECTIONS|NATIVE|BLD-26-0523316,src-32d6f67860b444cb,tpa-07fc3bce927521,construction_inspections,BLD-26-0523316,2026-03-08,2026-03,permit_record_created,CREATEDDATE,source_record_metadata,0,0,2026-08-23,2026-08,2026-09-01,2026-09,2026-09-01,2026-09,2,1,Issued,OWNER:Interior/Exterior Alteration,Residential Building Alterations (Renovations),3528 W McElroy Ave,Interbay - South of Gandy,https://aca-prod.accela.com/TAMPA/Cap/CapDetail.aspx?Module=Building&TabName=Building&capID1=26CAP&capID2=00000&capID3=00E7F&agencyCode=TAMPA
rec-795d64d227c81bc7,CONSTRUCTION_INSPECTIONS|NATIVE|BLD-26-0523246,,,construction_inspections,BLD-26-0523246,2026-03-05,2026-03,permit_record_created,CREATEDDATE,source_record_metadata,0,0,2026-09-01,2026-09,2026-09-01,2026-09,2026-09-01,2026-09,1,1,Issued,Addition,Residential New Construction and Additions (1 and 2 Family),3609 E Tampa Cir,Virginia Park,https://aca-prod.accela.com/TAMPA/Cap/CapDetail.aspx?Module=Building&TabName=Building&capID1=26CAP&capID2=00000&capID3=00DN3&agencyCode=TAMPA
rec-79b17c30de4bf651,CONSTRUCTION_INSPECTIONS|NATIVE|BLD-26-0523204,src-d2669361daf21ffc,tpa-8a8e962a1daa98,construction_inspections,BLD-26-0523204,2026-03-04,2026-03,permit_record_created,CREATEDDATE,source_record_metadata,0,0,2026-08-23,2026-08,2026-09-01,2026-09,2026-09-01,2026-09,2,1,Issued,Interior Alteration - Levels 8 & 9 - Back to Vanilla Shell,Commercial Building Alterations (Renovations),702 N Franklin St,Downtown River Arts,https://aca-prod.accela.com/TAMPA/Cap/CapDetail.aspx?Module=Building&TabName=Building&capID1=26CAP&capID2=00000&capID3=00DCH&agencyCode=TAMPA
rec-7f4671450ad3b9fe,CONSTRUCTION_INSPECTIONS|NATIVE|BLD-26-0523523,src-105356c1327f60b5,tpa-f3dc1b30eded75,construction_inspections,BLD-26-0523523,2026-03-16,2026-03,permit_record_created,CREATEDDATE,source_record_metadata,0,0,2026-08-23,2026-08,2026-09-01,2026-09,2026-09-01,2026-09,2,1,Revision,FEMA: PP: New 2-Story SFR,Residential New Construction and Additions (1 and 2 Family),4603 W Kensington Ave,Belmar Gardens,https://aca-prod.accela.com/TAMPA/Cap/CapDetail.aspx?Module=Building&TabName=Building&capID1=26CAP&capID2=00000&capID3=00FR9&agencyCode=TAMPA
rec-8822e82f894308e8,CONSTRUCTION_INSPECTIONS|NATIVE|BLD-26-0523194,src-496943c104c9e7cd,tpa-22fe8aabe978fd,construction_inspections,BLD-26-0523194,2026-03-04,2026-03,permit_record_created,CREATEDDATE,source_record_metadata,0,0,2026-08-23,2026-08,2026-09-01,2026-09,2026-09-01,2026-09,2,1,Issued,Interior Alteration - Bathroom,Residential Building Alterations (Renovations),18130 Pheasant Walk Dr,Arbor Greene,https://aca-prod.accela.com/TAMPA/Cap/CapDetail.aspx?Module=Building&TabName=Building&capID1=26CAP&capID2=00000&capID3=00D8Q&agencyCode=TAMPA
rec-888f92f33c6afe4a,CONSTRUCTION_INSPECTIONS|NATIVE|BLD-26-0523538,src-f09c68899f103716,tpa-04e4e6e2740001,construction_inspections,BLD-26-0523538,2026-03-16,2026-03,permit_record_created,CREATEDDATE,source_record_metadata,0,0,2026-08-23,2026-08,2026-09-01,2026-09,2026-09-01,2026-09,2,1,Revision,New 1-Story SFR,Residential New Construction and Additions (1 and 2 Family),8409 N Elmer St,Sulphur Springs,https://aca-prod.accela.com/TAMPA/Cap/CapDetail.aspx?Module=Building&TabName=Building&capID1=26CAP&capID2=00000&capID3=00FVV&agencyCode=TAMPA
rec-88cc3d254b57e885,CONSTRUCTION_INSPECTIONS|NATIVE|BLD-26-0523370,src-faa276a5969434ef,tpa-459c678f1d03c1,construction_inspections,BLD-26-0523370,2026-03-09,2026-03,permit_record_created,CREATEDDATE,source_record_metadata,0,0,2026-08-23,2026-08,2026-09-01,2026-09,2026-09-01,2026-09,2,1,Issued,PP: New 2-Story Duplex,Residential New Construction and Additions (1 and 2 Family),1501 W Grace St,West Riverfront Neighborhood Crimewatch Association,https://aca-prod.accela.com/TAMPA/Cap/CapDetail.aspx?Module=Building&TabName=Building&capID1=26CAP&capID2=00000&capID3=00EKG&agencyCode=TAMPA
rec-895aff707f24c972,CONSTRUCTION_INSPECTIONS|NATIVE|BLD-26-0523736,src-db39cd23f0e2a8ee,tpa-54595021582fcd,construction_inspections,BLD-26-0523736,2026-03-24,2026-03,permit_record_created,CREATEDDATE,source_record_metadata,0,0,2026-08-23,2026-08,2026-09-01,2026-09,2026-09-01,2026-09,2,1,Issued,PP: NEW SFR 2 Story,Residential New Construction and Additions (1 and 2 Family),3109 W Wyoming Ave,Interbay - South of Gandy,https://aca-prod.accela.com/TAMPA/Cap/CapDetail.aspx?Module=Building&TabName=Building&capID1=26CAP&capID2=00000&capID3=00HI0&agencyCode=TAMPA
rec-89e94c22deceeaf2,CONSTRUCTION_INSPECTIONS|NATIVE|BLD-26-0523372,src-80c6a27e4beaca27,tpa-39194aa7fd8bf9,construction_inspections,BLD-26-0523372,2026-03-10,2026-03,permit_record_created,CREATEDDATE,source_record_metadata,0,0,2026-08-23,2026-08,2026-09-01,2026-09,2026-09-01,2026-09,2,1,Issued,FEMA: PP: Kitchen remodel,Residential Building Alterations (Renovations),3035 W Helen Ave,Ballast Point,https://aca-prod.accela.com/TAMPA/Cap/CapDetail.aspx?Module=Building&TabName=Building&capID1=26CAP&capID2=00000&capID3=00ELJ&agencyCode=TAMPA
rec-8be8bd284b49ec80,CONSTRUCTION_INSPECTIONS|NATIVE|BLD-26-0523296,src-ef1a7572e69540fc,tpa-917a47de21c4dd,construction_inspections,BLD-26-0523296,2026-03-06,2026-03,permit_record_created,CREATEDDATE,source_record_metadata,0,0,2026-08-23,2026-08,2026-09-01,2026-09,2026-09-01,2026-09,2,1,Revision,FEMA: NEW SFR 2 Story,Residential New Construction and Additions (1 and 2 Family),4615 S Woodlynne Ave,Bayshore Beautiful,https://aca-prod.accela.com/TAMPA/Cap/CapDetail.aspx?Module=Building&TabName=Building&capID1=26CAP&capID2=00000&capID3=00E23&agencyCode=TAMPA
rec-8bf50b304b780bed,CONSTRUCTION_INSPECTIONS|NATIVE|BLD-26-0523102,src-5c0efc29e2cc5f5d,tpa-ca5fb9eae9e92a,construction_inspections,BLD-26-0523102,2026-03-02,2026-03,permit_record_created,CREATEDDATE,source_record_metadata,0,0,2026-08-23,2026-08,2026-09-01,2026-09,2026-09-01,2026-09,2,1,Revision,SEC: Int. Build out: Lululemon: Spc 264A,Commercial Building Alterations (Renovations),2223 N West Shore Blvd,Westshore,https://aca-prod.accela.com/TAMPA/Cap/CapDetail.aspx?Module=Building&TabName=Building&capID1=26CAP&capID2=00000&capID3=00CRE&agencyCode=TAMPA
rec-8c735440a25c6229,CONSTRUCTION_INSPECTIONS|NATIVE|BLD-26-0523193,src-19a05406c44b405b,tpa-5b187d3897f265,construction_inspections,BLD-26-0523193,2026-03-04,2026-03,permit_record_created,CREATEDDATE,source_record_metadata,0,0,2026-08-23,2026-08,2026-09-01,2026-09,2026-09-01,2026-09,2,1,Issued,Bathroom Remodel,Commercial Building Alterations (Renovations),1502 E Columbus Dr,North Ybor,https://aca-prod.accela.com/TAMPA/Cap/CapDetail.aspx?Module=Building&TabName=Building&capID1=26CAP&capID2=00000&capID3=00D8N&agencyCode=TAMPA
rec-8f4decb184bef651,CONSTRUCTION_INSPECTIONS|NATIVE|BLD-26-0523664,src-2f9ad5708634ea6b,tpa-3af6a186e9051b,construction_inspections,BLD-26-0523664,2026-03-20,2026-03,permit_record_created,CREATEDDATE,source_record_metadata,0,0,2026-08-23,2026-08,2026-09-01,2026-09,2026-09-01,2026-09,2,1,Revision,Fire Damage / Repair,Residential Building Alterations (Renovations),911 W Virginia Ave,Riverside Heights,https://aca-prod.accela.com/TAMPA/Cap/CapDetail.aspx?Module=Building&TabName=Building&capID1=26CAP&capID2=00000&capID3=00GX0&agencyCode=TAMPA
rec-903de4613feaf4d6,CONSTRUCTION_INSPECTIONS|NATIVE|BLD-26-0523667,src-2145bad91e59543f,tpa-4049a0602e344d,construction_inspections,BLD-26-0523667,2026-03-20,2026-03,permit_record_created,CREATEDDATE,source_record_metadata,0,0,2026-08-23,2026-08,2026-09-01,2026-09,2026-09-01,2026-09,2,1,Issued,"FEMA - Owner: Plumbing – Kitchen, Bathroom, Laundry, and Water Heater Systems",Residential Building Alterations (Renovations),603 Fathom Ct,Harbour Island,https://aca-prod.accela.com/TAMPA/Cap/CapDetail.aspx?Module=Building&TabName=Building&capID1=26CAP&capID2=00000&capID3=00GYH&agencyCode=TAMPA
rec-96426d4497ae61de,CONSTRUCTION_INSPECTIONS|NATIVE|BLD-26-0523229,src-ab0309e9226c9d8a,tpa-df11dfc02a569c,construction_inspections,BLD-26-0523229,2026-03-05,2026-03,permit_record_created,CREATEDDATE,source_record_metadata,0,0,2026-08-23,2026-08,2026-09-01,2026-09,2026-09-01,2026-09,2,1,Issued,PP: New 2-Story SFR,Residential New Construction and Additions (1 and 2 Family),2515 W Palmetto St,Macfarlane Park,https://aca-prod.accela.com/TAMPA/Cap/CapDetail.aspx?Module=Building&TabName=Building&capID1=26CAP&capID2=00000&capID3=00DI2&agencyCode=TAMPA
rec-988ac3e428ae22d5,CONSTRUCTION_INSPECTIONS|NATIVE|BLD-26-0523089,src-c1fcd95b156999ff,tpa-b0975ce69e922f,construction_inspections,BLD-26-0523089,2026-03-02,2026-03,permit_record_created,CREATEDDATE,source_record_metadata,0,0,2026-08-23,2026-08,2026-09-01,2026-09,2026-09-01,2026-09,2,1,Issued,PP: Interior Alteration,Residential Building Alterations (Renovations),2922 N 12th St,VM Ybor,https://aca-prod.accela.com/TAMPA/Cap/CapDetail.aspx?Module=Building&TabName=Building&capID1=26CAP&capID2=00000&capID3=00CPH&agencyCode=TAMPA
rec-9ae3d1907be83a42,CONSTRUCTION_INSPECTIONS|NATIVE|BLD-26-0523510,src-2274fe4b24e4ce8d,tpa-1f34dcb1eeba3f,construction_inspections,BLD-26-0523510,2026-03-13,2026-03,permit_record_created,CREATEDDATE,source_record_metadata,0,0,2026-08-23,2026-08,2026-09-01,2026-09,2026-09-01,2026-09,2,1,Revision,FEMA: NEW SFR 2 Story,Residential New Construction and Additions (1 and 2 Family),90 Huron Ave,Davis Islands,https://aca-prod.accela.com/TAMPA/Cap/CapDetail.aspx?Module=Building&TabName=Building&capID1=26CAP&capID2=00000&capID3=00FNB&agencyCode=TAMPA
rec-9af11577c17ca784,CONSTRUCTION_INSPECTIONS|NATIVE|BLD-26-0523748,src-a1c8febf5c03238e,tpa-3d12fedb001d91,construction_inspections,BLD-26-0523748,2026-03-24,2026-03,permit_record_created,CREATEDDATE,source_record_metadata,0,0,2026-08-23,2026-08,2026-09-01,2026-09,2026-09-01,2026-09,2,1,Issued,New 2 Story Fee Simple Townhome: Unit 2,Residential New Construction and Additions (1 and 2 Family),2705 W North A St,Armory Gardens,https://aca-prod.accela.com/TAMPA/Cap/CapDetail.aspx?Module=Building&TabName=Building&capID1=26CAP&capID2=00000&capID3=00HL9&agencyCode=TAMPA
rec-9af247fc2d331909,CONSTRUCTION_INSPECTIONS|NATIVE|BLD-26-0523442,src-688dd4b752d3d8fa,tpa-85e7a13442f413,construction_inspections,BLD-26-0523442,2026-03-11,2026-03,permit_record_created,CREATEDDATE,source_record_metadata,0,0,2026-08-23,2026-08,2026-09-01,2026-09,2026-09-01,2026-09,2,1,Issued,FEMA: Alteration,Residential Building Alterations (Renovations),3124 W Hartnett Ave,Interbay - South of Gandy,https://aca-prod.accela.com/TAMPA/Cap/CapDetail.aspx?Module=Building&TabName=Building&capID1=26CAP&capID2=00000&capID3=00F4F&agencyCode=TAMPA
rec-9b8a080f7c0a5208,CONSTRUCTION_INSPECTIONS|NATIVE|BDE-26-0445397,src-ea1e6109acad5428,tpa-fbcb12458fa332,construction_inspections,BDE-26-0445397,2026-03-09,2026-03,permit_record_created,CREATEDDATE,source_record_metadata,0,0,2026-08-23,2026-08,2026-09-01,2026-09,2026-09-01,2026-09,2,1,Issued,DEMO SFR,Residential Demolition Permit,316 W Alfred St,Tampa Heights,https://aca-prod.accela.com/TAMPA/Cap/CapDetail.aspx?Module=Building&TabName=Building&capID1=26CAP&capID2=00000&capID3=00E8J&agencyCode=TAMPA
rec-9d0078bbc484436f,CONSTRUCTION_INSPECTIONS|NATIVE|BLD-26-0523697,src-2b5bf911773d9c54,tpa-4356daa42dc241,construction_inspections,BLD-26-0523697,2026-03-23,2026-03,permit_record_created,CREATEDDATE,source_record_metadata,0,0,2026-08-23,2026-08,2026-09-01,2026-09,2026-09-01,2026-09,2,1,Issued,Interior: Tenant Buildout - MEPs,Commercial Building Alterations (Renovations),2504 N Boulevard,Ridgewood Park,https://aca-prod.accela.com/TAMPA/Cap/CapDetail.aspx?Module=Building&TabName=Building&capID1=26CAP&capID2=00000&capID3=00H5R&agencyCode=TAMPA
rec-9da61d2e62a4015e,CONSTRUCTION_INSPECTIONS|NATIVE|BLD-26-0523469,src-47fc285d430af0fc,tpa-30b412a70a928f,construction_inspections,BLD-26-0523469,2026-03-12,2026-03,permit_record_created,CREATEDDATE,source_record_metadata,0,0,2026-08-23,2026-08,2026-09-01,2026-09,2026-09-01,2026-09,2,1,Issued,FEMA - New 3-Story SFR,Residential New Construction and Additions (1 and 2 Family),319 Columbia Dr,Davis Islands,https://aca-prod.accela.com/TAMPA/Cap/CapDetail.aspx?Module=Building&TabName=Building&capID1=26CAP&capID2=00000&capID3=00FED&agencyCode=TAMPA
rec-a1e233fa2e451951,CONSTRUCTION_INSPECTIONS|NATIVE|BLD-26-0523318,src-f1ff2439276b19c9,tpa-38ef233a1cd67a,construction_inspections,BLD-26-0523318,2026-03-09,2026-03,permit_record_created,CREATEDDATE,source_record_metadata,0,0,2026-08-23,2026-08,2026-09-01,2026-09,2026-09-01,2026-09,2,1,Issued,FEMA: PP: New 3 Story,Residential New Construction and Additions (1 and 2 Family),628 Jamaica Ave,Davis Islands,https://aca-prod.accela.com/TAMPA/Cap/CapDetail.aspx?Module=Building&TabName=Building&capID1=26CAP&capID2=00000&capID3=00E8H&agencyCode=TAMPA
rec-a26da589f09d5c10,CONSTRUCTION_INSPECTIONS|NATIVE|BLD-26-0523548,src-de6f87ec63b680e7,tpa-4c21457de2d944,construction_inspections,BLD-26-0523548,2026-03-17,2026-03,permit_record_created,CREATEDDATE,source_record_metadata,0,0,2026-08-23,2026-08,2026-09-01,2026-09,2026-09-01,2026-09,2,1,Issued,FEMA: PP: Bathroom Remodel: Unit 506,Commercial Building Alterations (Renovations),2413 Bayshore Blvd,Bayshore Gardens,https://aca-prod.accela.com/TAMPA/Cap/CapDetail.aspx?Module=Building&TabName=Building&capID1=26CAP&capID2=00000&capID3=00FZJ&agencyCode=TAMPA
rec-a32ddaa9b1208b7f,CONSTRUCTION_INSPECTIONS|NATIVE|BLD-26-0523605,src-8dbca7a23f61bb67,tpa-73555a6fd1afcc,construction_inspections,BLD-26-0523605,2026-03-18,2026-03,permit_record_created,CREATEDDATE,source_record_metadata,0,0,2026-08-23,2026-08,2026-09-01,2026-09,2026-09-01,2026-09,2,1,Issued,PP: New 2 Story SFR,Residential New Construction and Additions (1 and 2 Family),4111 W Grace St,Carver City Lincoln Gardens,https://aca-prod.accela.com/TAMPA/Cap/CapDetail.aspx?Module=Building&TabName=Building&capID1=26CAP&capID2=00000&capID3=00GDF&agencyCode=TAMPA
rec-a368e9f622d4ff63,CONSTRUCTION_INSPECTIONS|NATIVE|BDE-26-0445435,src-7a8a087e1a094440,tpa-14aafd7d6f9a3c,construction_inspections,BDE-26-0445435,2026-03-25,2026-03,permit_record_created,CREATEDDATE,source_record_metadata,0,0,2026-08-23,2026-08,2026-09-01,2026-09,2026-09-01,2026-09,2,1,Issued,DEMO SFR,Residential Demolition Permit,3311 W Palmira Ave,Palma Ceia,https://aca-prod.accela.com/TAMPA/Cap/CapDetail.aspx?Module=Building&TabName=Building&capID1=26CAP&capID2=00000&capID3=00HWO&agencyCode=TAMPA
rec-a6260f42b985cfd4,CONSTRUCTION_INSPECTIONS|NATIVE|BLD-26-0523895,src-0fd128d8eef2e296,tpa-70050aedd5cd92,construction_inspections,BLD-26-0523895,2026-03-30,2026-03,permit_record_created,CREATEDDATE,source_record_metadata,0,0,2026-08-23,2026-08,2026-09-01,2026-09,2026-09-01,2026-09,2,1,Issued,New 1-Story SFR,Residential New Construction and Additions (1 and 2 Family),3219 W Cherry St,Macfarlane Park,https://aca-prod.accela.com/TAMPA/Cap/CapDetail.aspx?Module=Building&TabName=Building&capID1=26CAP&capID2=00000&capID3=00IOG&agencyCode=TAMPA
rec-a739e2446c48a7ec,CONSTRUCTION_INSPECTIONS|NATIVE|BLD-26-0523130|GLOBALID|{8C753C1C-5A51-4526-8F7F-5F7BC05F6B78},src-1310153a816f6fd9,tpa-a357330cddd2cf,construction_inspections,BLD-26-0523130,2026-03-02,2026-03,permit_record_created,CREATEDDATE,source_record_metadata,0,0,2026-08-23,2026-08,2026-08-23,2026-08,2026-08-23,2026-08,1,0,Revision,ATF: Building 1 units 14-18 - Interior/Exterior Remodel w/ violation CMP-26-0000029,Commercial Building Alterations (Renovations),4605 N Hubert Ave,Drew Park,https://aca-prod.accela.com/TAMPA/Cap/CapDetail.aspx?Module=Building&TabName=Building&capID1=26CAP&capID2=00000&capID3=00CU1&agencyCode=TAMPA
rec-a7b9a894ce3a1b78,CONSTRUCTION_INSPECTIONS|NATIVE|BLD-26-0523919,src-bea14c5d7ba4267e,tpa-a14046ac4c054b,construction_inspections,BLD-26-0523919,2026-03-31,2026-03,permit_record_created,CREATEDDATE,source_record_metadata,0,0,2026-08-23,2026-08,2026-09-01,2026-09,2026-09-01,2026-09,2,1,Issued,FEMA: PP: Int. Remodel: Ste 800 - Ninja One,Commercial Building Alterations (Renovations),5201 W Kennedy Blvd,Westshore,https://aca-prod.accela.com/TAMPA/Cap/CapDetail.aspx?Module=Building&TabName=Building&capID1=26CAP&capID2=00000&capID3=00IVW&agencyCode=TAMPA
rec-a8dc164f40b1a3c6,CONSTRUCTION_INSPECTIONS|NATIVE|BLD-26-0523359,src-297337de4ce49e6d,tpa-387f2d25ccfcdd,construction_inspections,BLD-26-0523359,2026-03-09,2026-03,permit_record_created,CREATEDDATE,source_record_metadata,0,0,2026-08-23,2026-08,2026-09-01,2026-09,2026-09-01,2026-09,2,1,Issued,PP: THRESHOLD: New 1-STY Restaurant - Charley's Steakhouse,Commercial New Construction and Additions,1965 N West Shore Blvd,Carver City Lincoln Gardens,https://aca-prod.accela.com/TAMPA/Cap/CapDetail.aspx?Module=Building&TabName=Building&capID1=26CAP&capID2=00000&capID3=00EI8&agencyCode=TAMPA
rec-aa2ab80a78ae8513,CONSTRUCTION_INSPECTIONS|NATIVE|BLD-26-0523851,src-d4e28894be981811,tpa-efc425519aee8a,construction_inspections,BLD-26-0523851,2026-03-27,2026-03,permit_record_created,CREATEDDATE,source_record_metadata,0,0,2026-08-23,2026-08,2026-09-01,2026-09,2026-09-01,2026-09,2,1,Issued,FEMA - Interior Alteration,Commercial Building Alterations (Renovations),700 S Harbour Island Blvd,Harbour Island,https://aca-prod.accela.com/TAMPA/Cap/CapDetail.aspx?Module=Building&TabName=Building&capID1=26CAP&capID2=00000&capID3=00IEC&agencyCode=TAMPA
rec-aa53d0a4caca6a47,CONSTRUCTION_INSPECTIONS|NATIVE|BLD-26-0523677,src-2138751babc4d535,tpa-62862e86d3f12c,construction_inspections,BLD-26-0523677,2026-03-22,2026-03,permit_record_created,CREATEDDATE,source_record_metadata,0,0,2026-08-23,2026-08,2026-09-01,2026-09,2026-09-01,2026-09,2,1,Issued,FEMA: Fire Damage repairs,Residential Building Alterations (Renovations),4108 W Lawn Ave,FairOaks Manhattan,https://aca-prod.accela.com/TAMPA/Cap/CapDetail.aspx?Module=Building&TabName=Building&capID1=26CAP&capID2=00000&capID3=00GZU&agencyCode=TAMPA
rec-ab0196960f2bc49c,CONSTRUCTION_INSPECTIONS|NATIVE|BDE-26-0445392,src-5d02ddb9b24fac18,tpa-b9f6e7ea28d9bb,construction_inspections,BDE-26-0445392,2026-03-05,2026-03,permit_record_created,CREATEDDATE,source_record_metadata,0,0,2026-08-23,2026-08,2026-09-01,2026-09,2026-09-01,2026-09,2,1,Issued,DEMO SFR,Residential Demolition Permit,573 W Davis Blvd,Davis Islands,https://aca-prod.accela.com/TAMPA/Cap/CapDetail.aspx?Module=Building&TabName=Building&capID1=26CAP&capID2=00000&capID3=00DK6&agencyCode=TAMPA
rec-ac2b99385471074c,CONSTRUCTION_INSPECTIONS|NATIVE|BLD-26-0523905,src-1906280aadceb3cd,tpa-33fc65115801d7,construction_inspections,BLD-26-0523905,2026-03-31,2026-03,permit_record_created,CREATEDDATE,source_record_metadata,0,0,2026-08-23,2026-08,2026-09-01,2026-09,2026-09-01,2026-09,2,1,Issued,FEMA: PP: Addition,Residential New Construction and Additions (1 and 2 Family),2811 Sanders Dr,Ballast Point,https://aca-prod.accela.com/TAMPA/Cap/CapDetail.aspx?Module=Building&TabName=Building&capID1=26CAP&capID2=00000&capID3=00IRO&agencyCode=TAMPA
rec-aea0e44727370445,CONSTRUCTION_INSPECTIONS|NATIVE|BLD-26-0523412,src-26ed91c317a178d3,tpa-8266d9c415cfcd,construction_inspections,BLD-26-0523412,2026-03-11,2026-03,permit_record_created,CREATEDDATE,source_record_metadata,0,0,2026-08-23,2026-08,2026-09-01,2026-09,2026-09-01,2026-09,2,1,Revision,PP: New 2 Story Townhouse Lot 3 (RIGHT SIDE),Residential New Construction and Additions (1 and 2 Family),1425 E 29th Ave,Ybor Heights Neighborhood Association and Watch Group,https://aca-prod.accela.com/TAMPA/Cap/CapDetail.aspx?Module=Building&TabName=Building&capID1=26CAP&capID2=00000&capID3=00ETA&agencyCode=TAMPA
rec-afc769e1cc3a07ea,CONSTRUCTION_INSPECTIONS|NATIVE|BLD-26-0523823,src-bbf83c51cc65c682,tpa-4337f7104d8fdc,construction_inspections,BLD-26-0523823,2026-03-27,2026-03,permit_record_created,CREATEDDATE,source_record_metadata,0,0,2026-08-23,2026-08,2026-09-01,2026-09,2026-09-01,2026-09,2,1,Issued,New 1-Story SFR,Residential New Construction and Additions (1 and 2 Family),7106 N Duncan Ave,Old Seminole Heights,https://aca-prod.accela.com/TAMPA/Cap/CapDetail.aspx?Module=Building&TabName=Building&capID1=26CAP&capID2=00000&capID3=00I7F&agencyCode=TAMPA
rec-b0c4cc6d6aac5d30,CONSTRUCTION_INSPECTIONS|NATIVE|BLD-26-0523539,src-39f52025f949734d,tpa-ed5b81318e2cdd,construction_inspections,BLD-26-0523539,2026-03-16,2026-03,permit_record_created,CREATEDDATE,source_record_metadata,0,0,2026-08-23,2026-08,2026-09-01,2026-09,2026-09-01,2026-09,2,1,Revision,NEW SFR,Residential New Construction and Additions (1 and 2 Family),8411 N Elmer St,Sulphur Springs,https://aca-prod.accela.com/TAMPA/Cap/CapDetail.aspx?Module=Building&TabName=Building&capID1=26CAP&capID2=00000&capID3=00FW0&agencyCode=TAMPA
rec-b0ccdd811fe5a59e,CONSTRUCTION_INSPECTIONS|NATIVE|BLD-26-0523213,src-e854d295068d5afc,tpa-c768fb60f5036e,construction_inspections,BLD-26-0523213,2026-03-04,2026-03,permit_record_created,CREATEDDATE,source_record_metadata,0,0,2026-08-23,2026-08,2026-09-01,2026-09,2026-09-01,2026-09,2,1,Issued,New 2-Story SFR,Residential New Construction and Additions (1 and 2 Family),3602 W Dale Ave,Bon Air,https://aca-prod.accela.com/TAMPA/Cap/CapDetail.aspx?Module=Building&TabName=Building&capID1=26CAP&capID2=00000&capID3=00DF0&agencyCode=TAMPA
rec-b16300ed1cd0c6b5,CONSTRUCTION_INSPECTIONS|NATIVE|BLD-26-0523842,src-3b92a613c138dc5c,tpa-fdef5ed80ba0c4,construction_inspections,BLD-26-0523842,2026-03-27,2026-03,permit_record_created,CREATEDDATE,source_record_metadata,0,0,2026-08-23,2026-08,2026-09-01,2026-09,2026-09-01,2026-09,2,1,Issued,PP: New 2-Story SFR,Residential New Construction and Additions (1 and 2 Family),3219 W Arch St,Midtown Tampa,https://aca-prod.accela.com/TAMPA/Cap/CapDetail.aspx?Module=Building&TabName=Building&capID1=26CAP&capID2=00000&capID3=00IBY&agencyCode=TAMPA
rec-b1df998bc8245edf,CONSTRUCTION_INSPECTIONS|NATIVE|BLD-26-0523763,src-e84f8598b0f4a883,tpa-9a8ec1cfa721e9,construction_inspections,BLD-26-0523763,2026-03-25,2026-03,permit_record_created,CREATEDDATE,source_record_metadata,0,0,2026-08-23,2026-08,2026-09-01,2026-09,2026-09-01,2026-09,2,1,Revision,SEC: PP: Suite 200 Interior ALT (Vault Insurance),Commercial Building Alterations (Renovations),1 N Dale Mabry Hwy,Oakford Park,https://aca-prod.accela.com/TAMPA/Cap/CapDetail.aspx?Module=Building&TabName=Building&capID1=26CAP&capID2=00000&capID3=00HRJ&agencyCode=TAMPA
rec-b38a425069ea97b9,CONSTRUCTION_INSPECTIONS|NATIVE|BLD-26-0523470,src-fd5f6faf1cc086e6,tpa-ec27835f965a05,construction_inspections,BLD-26-0523470,2026-03-12,2026-03,permit_record_created,CREATEDDATE,source_record_metadata,0,0,2026-08-23,2026-08,2026-09-01,2026-09,2026-09-01,2026-09,2,1,Revision,Interior Remodel,Commercial Building Alterations (Renovations),777 N Ashley Dr,Downtown River Arts,https://aca-prod.accela.com/TAMPA/Cap/CapDetail.aspx?Module=Building&TabName=Building&capID1=26CAP&capID2=00000&capID3=00FEV&agencyCode=TAMPA
rec-b3a34b181d977810,CONSTRUCTION_INSPECTIONS|NATIVE|BLD-26-0523527,src-a7bc2839e73a610f,tpa-e09f1099df3221,construction_inspections,BLD-26-0523527,2026-03-16,2026-03,permit_record_created,CREATEDDATE,source_record_metadata,0,0,2026-08-23,2026-08,2026-09-01,2026-09,2026-09-01,2026-09,2,1,Revision,FEMA - Interior/Exterior Alteration,Residential Building Alterations (Renovations),2934 W Lawn Ave,Bayshore Beautiful,https://aca-prod.accela.com/TAMPA/Cap/CapDetail.aspx?Module=Building&TabName=Building&capID1=26CAP&capID2=00000&capID3=00FSY&agencyCode=TAMPA
rec-b599fa8cd5b4007d,CONSTRUCTION_INSPECTIONS|NATIVE|BLD-26-0523368,src-e96e81750189b8b7,tpa-a433226de95b70,construction_inspections,BLD-26-0523368,2026-03-09,2026-03,permit_record_created,CREATEDDATE,source_record_metadata,0,0,2026-08-23,2026-08,2026-09-01,2026-09,2026-09-01,2026-09,2,1,Issued,New SFR,Residential New Construction and Additions (1 and 2 Family),5129 N Jamaica St,Plaza Terrace,https://aca-prod.accela.com/TAMPA/Cap/CapDetail.aspx?Module=Building&TabName=Building&capID1=26CAP&capID2=00000&capID3=00EJX&agencyCode=TAMPA
rec-b9085dbe8368a613,CONSTRUCTION_INSPECTIONS|NATIVE|BLD-26-0523219,src-6bd5b83e3c8ad8ba,tpa-0aa06558cc9e31,construction_inspections,BLD-26-0523219,2026-03-04,2026-03,permit_record_created,CREATEDDATE,source_record_metadata,0,0,2026-08-23,2026-08,2026-09-01,2026-09,2026-09-01,2026-09,2,1,Issued,New 1-Story SFR,Residential New Construction and Additions (1 and 2 Family),8502 N Highland Ave,Lowry Park Central,https://aca-prod.accela.com/TAMPA/Cap/CapDetail.aspx?Module=Building&TabName=Building&capID1=26CAP&capID2=00000&capID3=00DG5&agencyCode=TAMPA
rec-bb69ea8363bb5e4f,CONSTRUCTION_INSPECTIONS|NATIVE|BDE-26-0445386,src-ec81e6c193b9a557,tpa-e0c176437aece9,construction_inspections,BDE-26-0445386,2026-03-02,2026-03,permit_record_created,CREATEDDATE,source_record_metadata,0,0,2026-08-23,2026-08,2026-09-01,2026-09,2026-09-01,2026-09,2,1,Issued,Demo SFR,Residential Demolition Permit,3824 W Corona St,Virginia Park,https://aca-prod.accela.com/TAMPA/Cap/CapDetail.aspx?Module=Building&TabName=Building&capID1=26CAP&capID2=00000&capID3=00CMC&agencyCode=TAMPA
rec-bbd765cee21e13fb,CONSTRUCTION_INSPECTIONS|NATIVE|BLD-26-0523156,src-6d8965878d6f1929,tpa-0fae9d7ce1f9b7,construction_inspections,BLD-26-0523156,2026-03-03,2026-03,permit_record_created,CREATEDDATE,source_record_metadata,0,0,2026-08-23,2026-08,2026-09-01,2026-09,2026-09-01,2026-09,2,1,Issued,PP: One More Child : 16-Unit / 8 BLDG Duplex-Style Housing,Commercial New Construction and Additions,7001 Rowlett Park Dr,Old Seminole Heights,https://aca-prod.accela.com/TAMPA/Cap/CapDetail.aspx?Module=Building&TabName=Building&capID1=26CAP&capID2=00000&capID3=00D13&agencyCode=TAMPA
rec-bd96c392471ca825,CONSTRUCTION_INSPECTIONS|NATIVE|BLD-26-0523264,src-1af08726f372ed12,tpa-4a4aa591095e1f,construction_inspections,BLD-26-0523264,2026-03-05,2026-03,permit_record_created,CREATEDDATE,source_record_metadata,0,0,2026-08-23,2026-08,2026-09-01,2026-09,2026-09-01,2026-09,2,1,Issued,Accelerated Project | Interior Remodel,Residential Building Alterations (Renovations),3306 E Wilder Ave,East Tampa 1,https://aca-prod.accela.com/TAMPA/Cap/CapDetail.aspx?Module=Building&TabName=Building&capID1=26CAP&capID2=00000&capID3=00DS1&agencyCode=TAMPA
rec-bdd2efabbc26916a,CONSTRUCTION_INSPECTIONS|NATIVE|BLD-26-0523635,src-80cc5f1c459001ac,tpa-e3a28faabb2702,construction_inspections,BLD-26-0523635,2026-03-19,2026-03,permit_record_created,CREATEDDATE,source_record_metadata,0,0,2026-08-23,2026-08,2026-09-01,2026-09,2026-09-01,2026-09,2,1,Issued,PP: New 2 Story SFR w/garage,Residential New Construction and Additions (1 and 2 Family),907 W Fribley St,Riverside Heights,https://aca-prod.accela.com/TAMPA/Cap/CapDetail.aspx?Module=Building&TabName=Building&capID1=26CAP&capID2=00000&capID3=00GMT&agencyCode=TAMPA
rec-bfc3d0dfd19854e6,CONSTRUCTION_INSPECTIONS|NATIVE|BLD-26-0523198,src-67d8f58dcd6968d3,tpa-804f34459c54c6,construction_inspections,BLD-26-0523198,2026-03-04,2026-03,permit_record_created,CREATEDDATE,source_record_metadata,0,0,2026-08-23,2026-08,2026-09-01,2026-09,2026-09-01,2026-09,2,1,Issued,ATF Violation -CMP-26-0001322 - Addition and Interior Renovation,Residential New Construction and Additions (1 and 2 Family),1915 W Fern St,Riverbend,https://aca-prod.accela.com/TAMPA/Cap/CapDetail.aspx?Module=Building&TabName=Building&capID1=26CAP&capID2=00000&capID3=00D9Z&agencyCode=TAMPA
rec-c003976d997de824,CONSTRUCTION_INSPECTIONS|NATIVE|BLD-26-0523312,src-f1da26fdb57e45d6,tpa-a2578f30661100,construction_inspections,BLD-26-0523312,2026-03-08,2026-03,permit_record_created,CREATEDDATE,source_record_metadata,0,0,2026-08-23,2026-08,2026-09-01,2026-09,2026-09-01,2026-09,2,1,Issued,Interior Alteration - Kitchen & Bathroom,Commercial Building Alterations (Renovations),777 N Ashley Dr,Downtown River Arts,https://aca-prod.accela.com/TAMPA/Cap/CapDetail.aspx?Module=Building&TabName=Building&capID1=26CAP&capID2=00000&capID3=00E73&agencyCode=TAMPA
rec-c0509fec0e4f01c6,CONSTRUCTION_INSPECTIONS|NATIVE|BLD-26-0523756,src-9554ee7cefcbbbc1,tpa-7398a70681d784,construction_inspections,BLD-26-0523756,2026-03-25,2026-03,permit_record_created,CREATEDDATE,source_record_metadata,0,0,2026-08-23,2026-08,2026-09-01,2026-09,2026-09-01,2026-09,2,1,Issued,FEMA:PP:New 3-Story SFR,Residential New Construction and Additions (1 and 2 Family),631 Hudson Ave,Davis Islands,https://aca-prod.accela.com/TAMPA/Cap/CapDetail.aspx?Module=Building&TabName=Building&capID1=26CAP&capID2=00000&capID3=00HNG&agencyCode=TAMPA
rec-c0f5b3a9c510c0c4,CONSTRUCTION_INSPECTIONS|NATIVE|BLD-26-0523745,src-3bbd2a6309307e0a,tpa-38113668f154c0,construction_inspections,BLD-26-0523745,2026-03-24,2026-03,permit_record_created,CREATEDDATE,source_record_metadata,0,0,2026-08-23,2026-08,2026-09-01,2026-09,2026-09-01,2026-09,2,1,Issued,New 2 Story Fee Simple Townhome: Unit 1,Residential New Construction and Additions (1 and 2 Family),2705 W North A St,Armory Gardens,https://aca-prod.accela.com/TAMPA/Cap/CapDetail.aspx?Module=Building&TabName=Building&capID1=26CAP&capID2=00000&capID3=00HL1&agencyCode=TAMPA
rec-c0fdb8338e155c7c,CONSTRUCTION_INSPECTIONS|NATIVE|BLD-26-0523898,src-ade5c0859e6b34a1,tpa-083f387dc9e319,construction_inspections,BLD-26-0523898,2026-03-30,2026-03,permit_record_created,CREATEDDATE,source_record_metadata,0,0,2026-08-23,2026-08,2026-09-01,2026-09,2026-09-01,2026-09,2,1,Revision,New Accessory Structure,Residential New Construction and Additions (1 and 2 Family),4018 W Granada St,Virginia Park,https://aca-prod.accela.com/TAMPA/Cap/CapDetail.aspx?Module=Building&TabName=Building&capID1=26CAP&capID2=00000&capID3=00IOR&agencyCode=TAMPA
rec-c27dd6cf11367fe7,CONSTRUCTION_INSPECTIONS|NATIVE|BLD-26-0523431,src-f0d0d609bd7d160b,tpa-0e9c1f282c3a71,construction_inspections,BLD-26-0523431,2026-03-11,2026-03,permit_record_created,CREATEDDATE,source_record_metadata,0,0,2026-08-23,2026-08,2026-09-01,2026-09,2026-09-01,2026-09,2,1,Issued,PP: Exterior Alteration: Facade Enhancement - PCN Landmark,Commercial Building Alterations (Renovations),2502 W Hillsborough Ave,Armenia Terrace | Bour Lands | Al Dana Park,https://aca-prod.accela.com/TAMPA/Cap/CapDetail.aspx?Module=Building&TabName=Building&capID1=26CAP&capID2=00000&capID3=00EZH&agencyCode=TAMPA
rec-c33d8ad32cd7637a,CONSTRUCTION_INSPECTIONS|NATIVE|BLD-26-0523336,src-c22f27470e6d3ddf,tpa-8e634612440da4,construction_inspections,BLD-26-0523336,2026-03-09,2026-03,permit_record_created,CREATEDDATE,source_record_metadata,0,0,2026-08-23,2026-08,2026-09-01,2026-09,2026-09-01,2026-09,2,1,Issued,PP: New 3 Story Townhouse Unit 2,Residential New Construction and Additions (1 and 2 Family),1408 E 21st Ave,VM Ybor,https://aca-prod.accela.com/TAMPA/Cap/CapDetail.aspx?Module=Building&TabName=Building&capID1=26CAP&capID2=00000&capID3=00EE8&agencyCode=TAMPA
rec-c3a713303a0a8552,CONSTRUCTION_INSPECTIONS|NATIVE|BLD-26-0523654,src-7f4f7464de1c8dd0,tpa-cbfc2c52ef960f,construction_inspections,BLD-26-0523654,2026-03-19,2026-03,permit_record_created,CREATEDDATE,source_record_metadata,0,0,2026-08-23,2026-08,2026-09-01,2026-09,2026-09-01,2026-09,2,1,Issued,New 2-Story SFR,Residential New Construction and Additions (1 and 2 Family),3611 W Empedrado St,Palma Ceia,https://aca-prod.accela.com/TAMPA/Cap/CapDetail.aspx?Module=Building&TabName=Building&capID1=26CAP&capID2=00000&capID3=00GQ2&agencyCode=TAMPA
rec-c3aae807f9f33cc5,CONSTRUCTION_INSPECTIONS|NATIVE|BLD-26-0523497,src-f5f79a5872590d5d,tpa-21f49cc78712bc,construction_inspections,BLD-26-0523497,2026-03-13,2026-03,permit_record_created,CREATEDDATE,source_record_metadata,0,0,2026-08-23,2026-08,2026-09-01,2026-09,2026-09-01,2026-09,2,1,Issued,Facilitated Project | TIA PROJECT: Interior Alteration - Moffitt Cancer Center - TOMO Vault 1043 Equipment Replacement,Commercial Building Alterations (Renovations),4101 Jim Walter Blvd,Westshore,https://aca-prod.accela.com/TAMPA/Cap/CapDetail.aspx?Module=Building&TabName=Building&capID1=26CAP&capID2=00000&capID3=00FKI&agencyCode=TAMPA
rec-c470bb22069d382f,CONSTRUCTION_INSPECTIONS|NATIVE|BLD-26-0523757,src-a9890592f276cc8d,tpa-227e0170c29cdf,construction_inspections,BLD-26-0523757,2026-03-24,2026-03,permit_record_created,CREATEDDATE,source_record_metadata,0,0,2026-08-23,2026-08,2026-09-01,2026-09,2026-09-01,2026-09,2,1,Issued,New 1 Story Comm - HTeaO Bar,Commercial New Construction and Additions,4355 N Himes Ave,West Tampa Heights (Stadium Area),https://aca-prod.accela.com/TAMPA/Cap/CapDetail.aspx?Module=Building&TabName=Building&capID1=26CAP&capID2=00000&capID3=00HOH&agencyCode=TAMPA
rec-c6de58360bc51d1d,CONSTRUCTION_INSPECTIONS|NATIVE|BLD-26-0523716,src-5ea2aa851093ff5d,tpa-f74e3d36b275bf,construction_inspections,BLD-26-0523716,2026-03-23,2026-03,permit_record_created,CREATEDDATE,source_record_metadata,0,0,2026-08-23,2026-08,2026-09-01,2026-09,2026-09-01,2026-09,2,1,Issued,NEW SFR,Residential New Construction and Additions (1 and 2 Family),2422 E 20th Ave,North Ybor,https://aca-prod.accela.com/TAMPA/Cap/CapDetail.aspx?Module=Building&TabName=Building&capID1=26CAP&capID2=00000&capID3=00H9S&agencyCode=TAMPA
rec-c743b777134da290,CONSTRUCTION_INSPECTIONS|NATIVE|BLD-26-0523405,src-656f28d4f9ac5dfc,tpa-7370eaa2508bad,construction_inspections,BLD-26-0523405,2026-03-10,2026-03,permit_record_created,CREATEDDATE,source_record_metadata,0,0,2026-08-23,2026-08,2026-09-01,2026-09,2026-09-01,2026-09,2,1,Issued,FEMA: New 1-Story SFR,Residential New Construction and Additions (1 and 2 Family),4510 W Watrous Ave,Culbreath Bayou,https://aca-prod.accela.com/TAMPA/Cap/CapDetail.aspx?Module=Building&TabName=Building&capID1=26CAP&capID2=00000&capID3=00ERV&agencyCode=TAMPA
rec-c7dc8615668c9393,CONSTRUCTION_INSPECTIONS|NATIVE|BDE-26-0445433,src-9df8ac399614574b,tpa-d02615c8f6fdb1,construction_inspections,BDE-26-0445433,2026-03-24,2026-03,permit_record_created,CREATEDDATE,source_record_metadata,0,0,2026-08-23,2026-08,2026-09-01,2026-09,2026-09-01,2026-09,2,1,Issued,Demo Driveway and Detached Shed,Residential Demolition Permit,4506 W Longfellow Ave,Sunset Park,https://aca-prod.accela.com/TAMPA/Cap/CapDetail.aspx?Module=Building&TabName=Building&capID1=26CAP&capID2=00000&capID3=00HKL&agencyCode=TAMPA
rec-c7e870f49b858019,CONSTRUCTION_INSPECTIONS|NATIVE|BLD-26-0523410,src-61cb35909e38a8ec,tpa-314285770b705a,construction_inspections,BLD-26-0523410,2026-03-10,2026-03,permit_record_created,CREATEDDATE,source_record_metadata,0,0,2026-08-23,2026-08,2026-09-01,2026-09,2026-09-01,2026-09,2,1,Revision,FEMA: Interior and exterior Remodel,Residential Building Alterations (Renovations),6201 S Jones Rd,Ballast Point,https://aca-prod.accela.com/TAMPA/Cap/CapDetail.aspx?Module=Building&TabName=Building&capID1=26CAP&capID2=00000&capID3=00ES7&agencyCode=TAMPA
rec-c91e4e17480eddd5,CONSTRUCTION_INSPECTIONS|NATIVE|BLD-26-0523808,src-9d39319bfef0dde2,tpa-47a7ff4e6e16f4,construction_inspections,BLD-26-0523808,2026-03-26,2026-03,permit_record_created,CREATEDDATE,source_record_metadata,0,0,2026-08-23,2026-08,2026-09-01,2026-09,2026-09-01,2026-09,2,1,Issued,PP: New 2 Story SFR,Residential New Construction and Additions (1 and 2 Family),712 W Harlan St,Riverside Heights,https://aca-prod.accela.com/TAMPA/Cap/CapDetail.aspx?Module=Building&TabName=Building&capID1=26CAP&capID2=00000&capID3=00I5F&agencyCode=TAMPA
rec-c9f221a4d08026a6,CONSTRUCTION_INSPECTIONS|NATIVE|BLD-26-0523569,src-ae959a6e216562a8,tpa-d588224b19d2c8,construction_inspections,BLD-26-0523569,2026-03-17,2026-03,permit_record_created,CREATEDDATE,source_record_metadata,0,0,2026-08-23,2026-08,2026-09-01,2026-09,2026-09-01,2026-09,2,1,Issued,PP: 2STORY - NEW SFR,Residential New Construction and Additions (1 and 2 Family),211 N Excelda Ave,Armory Gardens,https://aca-prod.accela.com/TAMPA/Cap/CapDetail.aspx?Module=Building&TabName=Building&capID1=26CAP&capID2=00000&capID3=00G4W&agencyCode=TAMPA
rec-cb4a32006c357407,CONSTRUCTION_INSPECTIONS|NATIVE|BLD-26-0523439|GLOBALID|{128FD434-FFF7-4487-82F2-254145AFCE21},src-61e726819e7f0e2e,tpa-404daf38667593,construction_inspections,BLD-26-0523439,2026-03-11,2026-03,permit_record_created,CREATEDDATE,source_record_metadata,0,0,2026-08-23,2026-08,2026-08-23,2026-08,2026-08-23,2026-08,1,0,Issued,Alterations: Interior-TGH Virginia Avenue Clinic,Commercial Building Alterations (Renovations),2810 W Dr Martin Luther King Jr Blvd,West Tampa Heights (Stadium Area),https://aca-prod.accela.com/TAMPA/Cap/CapDetail.aspx?Module=Building&TabName=Building&capID1=26CAP&capID2=00000&capID3=00F3G&agencyCode=TAMPA
rec-cd5e6225f6d0456a,CONSTRUCTION_INSPECTIONS|NATIVE|BLD-26-0523271,src-890375bbec344cb0,tpa-b6572cd1026062,construction_inspections,BLD-26-0523271,2026-03-06,2026-03,permit_record_created,CREATEDDATE,source_record_metadata,0,0,2026-08-23,2026-08,2026-09-01,2026-09,2026-09-01,2026-09,2,1,Issued,New 1-Story SFR,Residential New Construction and Additions (1 and 2 Family),3204 E Columbus Dr,Jackson Heights,https://aca-prod.accela.com/TAMPA/Cap/CapDetail.aspx?Module=Building&TabName=Building&capID1=26CAP&capID2=00000&capID3=00DWK&agencyCode=TAMPA
rec-cfc1c1399484aead,CONSTRUCTION_INSPECTIONS|NATIVE|BDE-26-0445399,src-827ac5323bc78456,tpa-ea8ae8e45aa79a,construction_inspections,BDE-26-0445399,2026-03-09,2026-03,permit_record_created,CREATEDDATE,source_record_metadata,0,0,2026-08-23,2026-08,2026-09-01,2026-09,2026-09-01,2026-09,2,1,Issued,DEMO of 6 Building,Commercial Demolition Permit,4701 N Himes Ave,Plaza Terrace,https://aca-prod.accela.com/TAMPA/Cap/CapDetail.aspx?Module=Building&TabName=Building&capID1=26CAP&capID2=00000&capID3=00EH5&agencyCode=TAMPA
rec-d159a91dc8674364,CONSTRUCTION_INSPECTIONS|NATIVE|BLD-26-0523921,src-bcd72651e6177852,tpa-ff1a96d7f6b458,construction_inspections,BLD-26-0523921,2026-03-31,2026-03,permit_record_created,CREATEDDATE,source_record_metadata,0,0,2026-08-23,2026-08,2026-09-01,2026-09,2026-09-01,2026-09,2,1,Issued,Accelerated Project | ACCELERATED AFFORDABLE HOUSING: Interior/Exterior reno,Residential Building Alterations (Renovations),6417 N 41st St,Northeast Community Crimewatch & Civic Association,https://aca-prod.accela.com/TAMPA/Cap/CapDetail.aspx?Module=Building&TabName=Building&capID1=26CAP&capID2=00000&capID3=00IW2&agencyCode=TAMPA
rec-d1afb03345623ba5,CONSTRUCTION_INSPECTIONS|NATIVE|BLD-26-0523698,src-dd5e244ad6d71ae3,tpa-fbf5e781c62d27,construction_inspections,BLD-26-0523698,2026-03-23,2026-03,permit_record_created,CREATEDDATE,source_record_metadata,0,0,2026-08-23,2026-08,2026-08-23,2026-08,2026-08-23,2026-08,1,0,Issued,PP: Bathroom Remodel,Residential Building Alterations (Renovations),2408 W Gray St,Armory Gardens,https://aca-prod.accela.com/TAMPA/Cap/CapDetail.aspx?Module=Building&TabName=Building&capID1=26CAP&capID2=00000&capID3=00H5U&agencyCode=TAMPA
rec-d2a581334940f2bf,CONSTRUCTION_INSPECTIONS|NATIVE|BDE-26-0445415,src-742e33171270a395,tpa-2fd12449a063f6,construction_inspections,BDE-26-0445415,2026-03-18,2026-03,permit_record_created,CREATEDDATE,source_record_metadata,0,0,2026-08-23,2026-08,2026-09-01,2026-09,2026-09-01,2026-09,2,1,Issued,DEMO OF SFR,Residential Demolition Permit,3624 S Beach Dr,Bel Mar Shores,https://aca-prod.accela.com/TAMPA/Cap/CapDetail.aspx?Module=Building&TabName=Building&capID1=26CAP&capID2=00000&capID3=00GBP&agencyCode=TAMPA
rec-d5d3d05ff8a3a219,CONSTRUCTION_INSPECTIONS|NATIVE|BLD-26-0523477,src-d377390ca46ac9cb,tpa-bc2370bb692cdc,construction_inspections,BLD-26-0523477,2026-03-12,2026-03,permit_record_created,CREATEDDATE,source_record_metadata,0,0,2026-08-23,2026-08,2026-09-01,2026-09,2026-09-01,2026-09,2,1,Issued,OWNER: Addition w/ Interior/Exterior Remodel,Residential New Construction and Additions (1 and 2 Family),8463 Dunham Station Dr,Grand Hampton,https://aca-prod.accela.com/TAMPA/Cap/CapDetail.aspx?Module=Building&TabName=Building&capID1=26CAP&capID2=00000&capID3=00FGC&agencyCode=TAMPA
rec-d806d02d86c10e06,CONSTRUCTION_INSPECTIONS|NATIVE|BDE-26-0445419,src-fd76a4ef1746d194,tpa-e283289692e069,construction_inspections,BDE-26-0445419,2026-03-19,2026-03,permit_record_created,CREATEDDATE,source_record_metadata,0,0,2026-08-23,2026-08,2026-09-01,2026-09,2026-09-01,2026-09,2,1,Issued,DEMO OF SFR,Residential Demolition Permit,4704 W Estrella St,Sunset Park,https://aca-prod.accela.com/TAMPA/Cap/CapDetail.aspx?Module=Building&TabName=Building&capID1=26CAP&capID2=00000&capID3=00GPF&agencyCode=TAMPA
rec-d92baaf550f80d21,CONSTRUCTION_INSPECTIONS|NATIVE|BDE-26-0445444,src-2484db8a5e356d26,tpa-120e68e416dc86,construction_inspections,BDE-26-0445444,2026-03-30,2026-03,permit_record_created,CREATEDDATE,source_record_metadata,0,0,2026-08-23,2026-08,2026-09-01,2026-09,2026-09-01,2026-09,2,1,Issued,DEMO SFR,Residential Demolition Permit,2730 W Main St,Macfarlane Park,https://aca-prod.accela.com/TAMPA/Cap/CapDetail.aspx?Module=Building&TabName=Building&capID1=26CAP&capID2=00000&capID3=00IL4&agencyCode=TAMPA
rec-d92be96c93ff4a32,CONSTRUCTION_INSPECTIONS|NATIVE|BLD-26-0523439|GLOBALID|{F8ABCC07-9D1F-44DB-AB46-2404FEEF4866},src-c8b371e71074030e,tpa-404daf38667593,construction_inspections,BLD-26-0523439,2026-03-11,2026-03,permit_record_created,CREATEDDATE,source_record_metadata,0,0,2026-08-23,2026-08,2026-08-23,2026-08,2026-08-23,2026-08,1,0,Issued,Alterations: Interior-TGH Virginia Avenue Clinic,Commercial Building Alterations (Renovations),2809 W Virginia Ave,West Tampa Heights (Stadium Area),https://aca-prod.accela.com/TAMPA/Cap/CapDetail.aspx?Module=Building&TabName=Building&capID1=26CAP&capID2=00000&capID3=00F3G&agencyCode=TAMPA
rec-da4b145a8fc08b30,CONSTRUCTION_INSPECTIONS|NATIVE|BLD-26-0523544,src-0d4e834ef8d13e33,tpa-833ba2a7979f1a,construction_inspections,BLD-26-0523544,2026-03-16,2026-03,permit_record_created,CREATEDDATE,source_record_metadata,0,0,2026-08-23,2026-08,2026-09-01,2026-09,2026-09-01,2026-09,2,1,Issued,PP: 400 SF second story ADU on top of shed,Residential New Construction and Additions (1 and 2 Family),2715 N Ridgewood Ave,Riverside Heights,https://aca-prod.accela.com/TAMPA/Cap/CapDetail.aspx?Module=Building&TabName=Building&capID1=26CAP&capID2=00000&capID3=00FWN&agencyCode=TAMPA
rec-dab2b9cd5cd384ae,CONSTRUCTION_INSPECTIONS|NATIVE|BLD-26-0523407,src-098e11de732fedee,tpa-8fc1fae6d1d69f,construction_inspections,BLD-26-0523407,2026-03-10,2026-03,permit_record_created,CREATEDDATE,source_record_metadata,0,0,2026-08-23,2026-08,2026-09-01,2026-09,2026-09-01,2026-09,2,1,Revision,Interior Alteration - Residence Inn By Marriott,Commercial Building Alterations (Renovations),101 E Tyler St,Downtown River Arts,https://aca-prod.accela.com/TAMPA/Cap/CapDetail.aspx?Module=Building&TabName=Building&capID1=26CAP&capID2=00000&capID3=00ES1&agencyCode=TAMPA
rec-dba3cfcc8856cc73,CONSTRUCTION_INSPECTIONS|NATIVE|BLD-26-0523737,src-1b1d8678606f9800,tpa-1d35fe79209ef4,construction_inspections,BLD-26-0523737,2026-03-24,2026-03,permit_record_created,CREATEDDATE,source_record_metadata,0,0,2026-08-23,2026-08,2026-09-01,2026-09,2026-09-01,2026-09,2,1,Issued,FEMA: PP: New 2-Story SFR,Residential New Construction and Additions (1 and 2 Family),5028 W Longfellow Ave,Sunset Park,https://aca-prod.accela.com/TAMPA/Cap/CapDetail.aspx?Module=Building&TabName=Building&capID1=26CAP&capID2=00000&capID3=00HID&agencyCode=TAMPA
rec-e03b3de21972e9ee,CONSTRUCTION_INSPECTIONS|NATIVE|BLD-26-0523669,src-9bd2ed61b7232647,tpa-49909282d715cb,construction_inspections,BLD-26-0523669,2026-03-20,2026-03,permit_record_created,CREATEDDATE,source_record_metadata,0,0,2026-08-23,2026-08,2026-09-01,2026-09,2026-09-01,2026-09,2,1,Issued,SEC - Interior Alteration - 3rd Floor - MKC 3,Commercial Building Alterations (Renovations),10920 McKinley Dr,Terrace Park,https://aca-prod.accela.com/TAMPA/Cap/CapDetail.aspx?Module=Building&TabName=Building&capID1=26CAP&capID2=00000&capID3=00GYU&agencyCode=TAMPA
rec-e087c0a7e3c0d17a,CONSTRUCTION_INSPECTIONS|NATIVE|BLD-26-0523772,src-e93120070e0851b4,tpa-86c7c11c15aa7d,construction_inspections,BLD-26-0523772,2026-03-25,2026-03,permit_record_created,CREATEDDATE,source_record_metadata,0,0,2026-08-23,2026-08,2026-09-01,2026-09,2026-09-01,2026-09,2,1,Issued,Detached Accessory Structure,Residential New Construction and Additions (1 and 2 Family),3616 W Obispo St,Palma Ceia,https://aca-prod.accela.com/TAMPA/Cap/CapDetail.aspx?Module=Building&TabName=Building&capID1=26CAP&capID2=00000&capID3=00HU6&agencyCode=TAMPA
rec-e09e62baf376855f,CONSTRUCTION_INSPECTIONS|NATIVE|BLD-26-0523292,src-c226105bde3dd867,tpa-48339492a1e773,construction_inspections,BLD-26-0523292,2026-03-06,2026-03,permit_record_created,CREATEDDATE,source_record_metadata,0,0,2026-08-23,2026-08,2026-09-01,2026-09,2026-09-01,2026-09,2,1,Issued,PP: Joist Replacement,Residential Building Alterations (Renovations),1002 S Frankland Rd,Golfview,https://aca-prod.accela.com/TAMPA/Cap/CapDetail.aspx?Module=Building&TabName=Building&capID1=26CAP&capID2=00000&capID3=00E17&agencyCode=TAMPA
rec-e23637e778fb4198,CONSTRUCTION_INSPECTIONS|NATIVE|BLD-26-0523906,src-99d80c3b8cd41401,tpa-670555c7b732b8,construction_inspections,BLD-26-0523906,2026-03-31,2026-03,permit_record_created,CREATEDDATE,source_record_metadata,0,0,2026-08-23,2026-08,2026-09-01,2026-09,2026-09-01,2026-09,2,1,Issued,FEMA - Interior Alteration - Bofa Ekman Security Command Center,Commercial Building Alterations (Renovations),4109 W Gandy Blvd,FairOaks Manhattan,https://aca-prod.accela.com/TAMPA/Cap/CapDetail.aspx?Module=Building&TabName=Building&capID1=26CAP&capID2=00000&capID3=00IS6&agencyCode=TAMPA
rec-e506650730c6abf0,CONSTRUCTION_INSPECTIONS|NATIVE|BLD-26-0523253,src-c4848466053bf05a,tpa-7bdbda744b30dc,construction_inspections,BLD-26-0523253,2026-03-05,2026-03,permit_record_created,CREATEDDATE,source_record_metadata,0,0,2026-08-23,2026-08,2026-09-01,2026-09,2026-09-01,2026-09,2,1,Issued,PP: FEMA: Kitchen Remodel,Residential Building Alterations (Renovations),4620 W Tennyson Ave,Sunset Park,https://aca-prod.accela.com/TAMPA/Cap/CapDetail.aspx?Module=Building&TabName=Building&capID1=26CAP&capID2=00000&capID3=00DOL&agencyCode=TAMPA
rec-e86c5dd1feda6c55,CONSTRUCTION_INSPECTIONS|NATIVE|BLD-26-0523232,src-8bdc52b9c6141dc6,tpa-a7aefa8e7ae081,construction_inspections,BLD-26-0523232,2026-03-05,2026-03,permit_record_created,CREATEDDATE,source_record_metadata,0,0,2026-08-23,2026-08,2026-09-01,2026-09,2026-09-01,2026-09,2,1,Issued,PP: New 2-Story SFR,Residential New Construction and Additions (1 and 2 Family),1927 W Union St,Old West Tampa,https://aca-prod.accela.com/TAMPA/Cap/CapDetail.aspx?Module=Building&TabName=Building&capID1=26CAP&capID2=00000&capID3=00DIG&agencyCode=TAMPA
rec-ea83421983c988f1,CONSTRUCTION_INSPECTIONS|NATIVE|BLD-26-0523350,src-8e2faa87814840c1,tpa-289372fe5e05b6,construction_inspections,BLD-26-0523350,2026-03-09,2026-03,permit_record_created,CREATEDDATE,source_record_metadata,0,0,2026-08-23,2026-08,2026-09-01,2026-09,2026-09-01,2026-09,2,1,Revision,Remodel: Interior,Residential Building Alterations (Renovations),9714 N Albany Ave,Historic Forest Hills,https://aca-prod.accela.com/TAMPA/Cap/CapDetail.aspx?Module=Building&TabName=Building&capID1=26CAP&capID2=00000&capID3=00EGP&agencyCode=TAMPA
rec-ebb6f1c7a064a303,CONSTRUCTION_INSPECTIONS|NATIVE|BLD-26-0523482,src-99f6183c2ae0f594,tpa-782dd496108c88,construction_inspections,BLD-26-0523482,2026-03-13,2026-03,permit_record_created,CREATEDDATE,source_record_metadata,0,0,2026-08-23,2026-08,2026-09-01,2026-09,2026-09-01,2026-09,2,1,Issued,PP:New 2-Story SFR,Residential New Construction and Additions (1 and 2 Family),3209 W Grace St,Midtown Tampa,https://aca-prod.accela.com/TAMPA/Cap/CapDetail.aspx?Module=Building&TabName=Building&capID1=26CAP&capID2=00000&capID3=00FHF&agencyCode=TAMPA
rec-ecd51f46f75e750b,CONSTRUCTION_INSPECTIONS|NATIVE|BLD-26-0523094,src-05cb41351bf8b7dd,tpa-3172f6af3f5aaf,construction_inspections,BLD-26-0523094,2026-03-02,2026-03,permit_record_created,CREATEDDATE,source_record_metadata,0,0,2026-08-23,2026-08,2026-09-01,2026-09,2026-09-01,2026-09,2,1,Issued,PP:New 1-Story SFR,Residential New Construction and Additions (1 and 2 Family),3610 E North St,Woodland Terrace,https://aca-prod.accela.com/TAMPA/Cap/CapDetail.aspx?Module=Building&TabName=Building&capID1=26CAP&capID2=00000&capID3=00CQ5&agencyCode=TAMPA
rec-eed9985b42f2c1a2,CONSTRUCTION_INSPECTIONS|NATIVE|BLD-26-0523239,src-935d567e7faad7a9,tpa-05f205cb65f2de,construction_inspections,BLD-26-0523239,2026-03-05,2026-03,permit_record_created,CREATEDDATE,source_record_metadata,0,0,2026-08-23,2026-08,2026-09-01,2026-09,2026-09-01,2026-09,2,1,Issued,New 2-Story SFR,Residential New Construction and Additions (1 and 2 Family),1021 E Hamilton Ave,Old Seminole Heights,https://aca-prod.accela.com/TAMPA/Cap/CapDetail.aspx?Module=Building&TabName=Building&capID1=26CAP&capID2=00000&capID3=00DKX&agencyCode=TAMPA
rec-ef2f29abba4e5506,CONSTRUCTION_INSPECTIONS|NATIVE|BLD-26-0523869,src-7d10109c8d12afb2,tpa-3c1d55a6319bf8,construction_inspections,BLD-26-0523869,2026-03-30,2026-03,permit_record_created,CREATEDDATE,source_record_metadata,0,0,2026-08-23,2026-08,2026-09-01,2026-09,2026-09-01,2026-09,2,1,Issued,OWNER:New 2-Story Accessory Structure,Residential New Construction and Additions (1 and 2 Family),709 S Boulevard,Hyde Park Preservation,https://aca-prod.accela.com/TAMPA/Cap/CapDetail.aspx?Module=Building&TabName=Building&capID1=26CAP&capID2=00000&capID3=00IHI&agencyCode=TAMPA
rec-f0468d9aee0e8ca6,CONSTRUCTION_INSPECTIONS|NATIVE|BLD-26-0523392,src-68fbacae0824a3ac,tpa-2ca71231c10586,construction_inspections,BLD-26-0523392,2026-03-10,2026-03,permit_record_created,CREATEDDATE,source_record_metadata,0,0,2026-08-23,2026-08,2026-09-01,2026-09,2026-09-01,2026-09,2,1,Revision,PP: New 2 Story SFR lot 1,Residential New Construction and Additions (1 and 2 Family),1429 E 29th Ave,Ybor Heights Neighborhood Association and Watch Group,https://aca-prod.accela.com/TAMPA/Cap/CapDetail.aspx?Module=Building&TabName=Building&capID1=26CAP&capID2=00000&capID3=00EPY&agencyCode=TAMPA
rec-f0e9021601f8ab74,CONSTRUCTION_INSPECTIONS|NATIVE|BLD-26-0523153,src-f3578221c46c4baa,tpa-cebd3559685244,construction_inspections,BLD-26-0523153,2026-03-03,2026-03,permit_record_created,CREATEDDATE,source_record_metadata,0,0,2026-08-23,2026-08,2026-09-01,2026-09,2026-09-01,2026-09,2,1,Revision,Threshold: Exterior Alteration: Springhill Suites,Commercial Building Alterations (Renovations),4835 W Cypress St,Westshore,https://aca-prod.accela.com/TAMPA/Cap/CapDetail.aspx?Module=Building&TabName=Building&capID1=26CAP&capID2=00000&capID3=00CZO&agencyCode=TAMPA
rec-f205846a8126f7b3,CONSTRUCTION_INSPECTIONS|NATIVE|BLD-26-0523305,src-9120295c9722b3ff,tpa-148d512efa4aa6,construction_inspections,BLD-26-0523305,2026-03-06,2026-03,permit_record_created,CREATEDDATE,source_record_metadata,0,0,2026-08-23,2026-08,2026-09-01,2026-09,2026-09-01,2026-09,2,1,Revision,PP:New 2-Story SFR,Residential New Construction and Additions (1 and 2 Family),3609 W Morrison Ave,Golfview,https://aca-prod.accela.com/TAMPA/Cap/CapDetail.aspx?Module=Building&TabName=Building&capID1=26CAP&capID2=00000&capID3=00E66&agencyCode=TAMPA
rec-f31ba7f49c456cd1,CONSTRUCTION_INSPECTIONS|NATIVE|BLD-26-0523384,src-7b95f17b2ad91ce5,tpa-a53b6f11d8fcf7,construction_inspections,BLD-26-0523384,2026-03-10,2026-03,permit_record_created,CREATEDDATE,source_record_metadata,0,0,2026-08-23,2026-08,2026-09-01,2026-09,2026-09-01,2026-09,2,1,Issued,ATF - CMP-22-0015785 - Interior and Exterior Renovation and Addition,Residential New Construction and Additions (1 and 2 Family),8904 El Portal Dr,Lowry Park Central,https://aca-prod.accela.com/TAMPA/Cap/CapDetail.aspx?Module=Building&TabName=Building&capID1=26CAP&capID2=00000&capID3=00EOK&agencyCode=TAMPA
rec-f6bdfa31c7fa23ac,CONSTRUCTION_INSPECTIONS|NATIVE|BLD-26-0523872,src-7f276b7332ee1fe6,tpa-37a75c7267c55d,construction_inspections,BLD-26-0523872,2026-03-30,2026-03,permit_record_created,CREATEDDATE,source_record_metadata,0,0,2026-08-23,2026-08,2026-09-01,2026-09,2026-09-01,2026-09,2,1,Issued,Addition,Residential New Construction and Additions (1 and 2 Family),10211 N Armenia Ave,Forest Hills,https://aca-prod.accela.com/TAMPA/Cap/CapDetail.aspx?Module=Building&TabName=Building&capID1=26CAP&capID2=00000&capID3=00II0&agencyCode=TAMPA
rec-fbfb0cbd13b1aa22,CONSTRUCTION_INSPECTIONS|NATIVE|BLD-26-0523515,src-760be2082e307722,tpa-9aefd1967da263,construction_inspections,BLD-26-0523515,2026-03-13,2026-03,permit_record_created,CREATEDDATE,source_record_metadata,0,0,2026-08-23,2026-08,2026-09-01,2026-09,2026-09-01,2026-09,2,1,Issued,PP: Remodel Ministry Building,Commercial Building Alterations (Renovations),2418 W Swann Ave,Parkland Estates,https://aca-prod.accela.com/TAMPA/Cap/CapDetail.aspx?Module=Building&TabName=Building&capID1=26CAP&capID2=00000&capID3=00FNS&agencyCode=TAMPA
rec-fc4e2e1aaf5d7b08,CONSTRUCTION_INSPECTIONS|NATIVE|BLD-26-0523483,src-3e819facd8a56c67,tpa-e579bcb61af14c,construction_inspections,BLD-26-0523483,2026-03-13,2026-03,permit_record_created,CREATEDDATE,source_record_metadata,0,0,2026-08-23,2026-08,2026-09-01,2026-09,2026-09-01,2026-09,2,1,Issued,New SFR & Accessory Structure,Residential New Construction and Additions (1 and 2 Family),8909 N Orleans Ave,Lowry Park Central,https://aca-prod.accela.com/TAMPA/Cap/CapDetail.aspx?Module=Building&TabName=Building&capID1=26CAP&capID2=00000&capID3=00FHH&agencyCode=TAMPA
rec-fc4e50daf7a90530,CONSTRUCTION_INSPECTIONS|NATIVE|BLD-26-0523777,,,construction_inspections,BLD-26-0523777,2026-03-25,2026-03,permit_record_created,CREATEDDATE,source_record_metadata,0,0,2026-09-01,2026-09,2026-09-01,2026-09,2026-09-01,2026-09,1,1,Issued,FEMA: CMP:26-0001102 - Clubhouse D106 - Exterior repairs,Commercial Building Alterations (Renovations),2424 W Tampa Bay Blvd,The Marina Club of Tampa,https://aca-prod.accela.com/TAMPA/Cap/CapDetail.aspx?Module=Building&TabName=Building&capID1=26CAP&capID2=00000&capID3=00HW1&agencyCode=TAMPA
rec-fcef0ae5a51e404c,CONSTRUCTION_INSPECTIONS|NATIVE|BLD-26-0523130|GLOBALID|{03729462-377D-49CE-BF10-2A56549E2AD1},src-8d8a552d8cd69ca9,tpa-a357330cddd2cf,construction_inspections,BLD-26-0523130,2026-03-02,2026-03,permit_record_created,CREATEDDATE,source_record_metadata,0,0,2026-08-23,2026-08,2026-08-23,2026-08,2026-08-23,2026-08,1,0,Revision,ATF: Building 1 units 14-18 - Interior/Exterior Remodel w/ violation CMP-26-0000029,Commercial Building Alterations (Renovations),4605 N Hubert Ave,Drew Park,https://aca-prod.accela.com/TAMPA/Cap/CapDetail.aspx?Module=Building&TabName=Building&capID1=26CAP&capID2=00000&capID3=00CU1&agencyCode=TAMPA
rec-fddf7210a868f30a,CONSTRUCTION_INSPECTIONS|NATIVE|BLD-26-0523907,src-b558133e5e2bfffe,tpa-5133fc4419a030,construction_inspections,BLD-26-0523907,2026-03-31,2026-03,permit_record_created,CREATEDDATE,source_record_metadata,0,0,2026-08-23,2026-08,2026-09-01,2026-09,2026-09-01,2026-09,2,1,Issued,Accelerated Project | Addition,Residential New Construction and Additions (1 and 2 Family),3105 W Dewey St,Macfarlane Park,https://aca-prod.accela.com/TAMPA/Cap/CapDetail.aspx?Module=Building&TabName=Building&capID1=26CAP&capID2=00000&capID3=00IS7&agencyCode=TAMPA
rec-ff03a1171e026936,CONSTRUCTION_INSPECTIONS|NATIVE|BLD-26-0523870,src-33ae807eae52c966,tpa-3b21cccb37f1d5,construction_inspections,BLD-26-0523870,2026-03-30,2026-03,permit_record_created,CREATEDDATE,source_record_metadata,0,0,2026-08-23,2026-08,2026-09-01,2026-09,2026-09-01,2026-09,2,1,Revision,New Accessory Structure - Garage,Residential New Construction and Additions (1 and 2 Family),912 W Braddock St,Riverside Heights,https://aca-prod.accela.com/TAMPA/Cap/CapDetail.aspx?Module=Building&TabName=Building&capID1=26CAP&capID2=00000&capID3=00IHQ&agencyCode=TAMPA
rec-0ec0eeb1487e3f21,DEVELOPMENT_COORDINATION|NATIVE|AB2-26-0000010,src-f6dcb6f63df9a4d6,tpa-1af8e51f0de133,development_coordination,AB2-26-0000010,2026-03-02,2026-03,planning_application_created,CREATEDDATE,source_reported_event,0,0,2026-08-23,2026-08,2026-09-01,2026-09,2026-09-01,2026-09,2,1,In Process,AB Special Use 2,AB Special Use 2,6203 N Florida Ave,Old Seminole Heights,https://aca-prod.accela.com/TAMPA/Cap/CapDetail.aspx?Module=Planning&TabName=Planning&capID1=26CAP&capID2=00000&capID3=00CTV&agencyCode=TAMPA
rec-15d06a93fa70d0ad,DEVELOPMENT_COORDINATION|NATIVE|REZ-26-0000062,src-6017ed7a41d94b1f,tpa-6a2fe1c56c034c,development_coordination,REZ-26-0000062,2026-03-30,2026-03,planning_application_created,CREATEDDATE,source_reported_event,0,0,2026-08-23,2026-08,2026-09-01,2026-09,2026-09-01,2026-09,2,1,In Process,Rezoning,Rezoning,5600 Mariner St,Beach Park,https://aca-prod.accela.com/TAMPA/Cap/CapDetail.aspx?Module=Planning&TabName=Planning&capID1=26CAP&capID2=00000&capID3=00INY&agencyCode=TAMPA
rec-70ba4e6e7fb5e6e0,DEVELOPMENT_COORDINATION|NATIVE|REZ-26-0000055,src-ff5cbfbdaf97cd35,tpa-89c48d051192a9,development_coordination,REZ-26-0000055,2026-03-10,2026-03,planning_application_created,CREATEDDATE,source_reported_event,0,0,2026-08-23,2026-08,2026-09-01,2026-09,2026-09-01,2026-09,2,1,In Process,Rezoning,Rezoning,107 N Armenia Ave,North Hyde Park,https://aca-prod.accela.com/TAMPA/Cap/CapDetail.aspx?Module=Planning&TabName=Planning&capID1=26CAP&capID2=00000&capID3=00ERD&agencyCode=TAMPA
rec-83efe468ba33b514,DEVELOPMENT_COORDINATION|NATIVE|REZ-26-0000057,src-18ee8cc4b50a2c53,tpa-a4a0cc62ce6a83,development_coordination,REZ-26-0000057,2026-03-12,2026-03,planning_application_created,CREATEDDATE,source_reported_event,0,0,2026-08-23,2026-08,2026-09-01,2026-09,2026-09-01,2026-09,2,1,In Process,Rezoning,Rezoning,6111 N Rome Ave,Riverbend,https://aca-prod.accela.com/TAMPA/Cap/CapDetail.aspx?Module=Planning&TabName=Planning&capID1=26CAP&capID2=00000&capID3=00FFM&agencyCode=TAMPA
rec-93c8ca3e4ab34fa5,DEVELOPMENT_COORDINATION|NATIVE|REZ-26-0000060,src-6399b088008b1fc2,tpa-f91ed35aba825a,development_coordination,REZ-26-0000060,2026-03-16,2026-03,planning_application_created,CREATEDDATE,source_reported_event,0,0,2026-08-23,2026-08,2026-09-01,2026-09,2026-09-01,2026-09,2,1,In Process,Rezoning,Rezoning,1605 Waters Ct,Historic Ybor,https://aca-prod.accela.com/TAMPA/Cap/CapDetail.aspx?Module=Planning&TabName=Planning&capID1=26CAP&capID2=00000&capID3=00FWE&agencyCode=TAMPA
rec-984cfcb01213e640,DEVELOPMENT_COORDINATION|NATIVE|DE1-26-0000091,src-7bf95dcf86ecb88e,tpa-90f323caf6033b,development_coordination,DE1-26-0000091,2026-03-18,2026-03,planning_application_created,CREATEDDATE,source_reported_event,0,0,2026-08-23,2026-08,2026-09-01,2026-09,2026-09-01,2026-09,2,1,In Process,Design Exception 1,Design Exception 1,2106 N Jefferson St,Tampa Heights,https://aca-prod.accela.com/TAMPA/Cap/CapDetail.aspx?Module=Planning&TabName=Planning&capID1=26CAP&capID2=00000&capID3=00GE6&agencyCode=TAMPA
rec-99ef6f8b6f91c42c,DEVELOPMENT_COORDINATION|NATIVE|VAC-26-0000010,src-b39922ceb2c93e84,tpa-585a947d3dbd5b,development_coordination,VAC-26-0000010,2026-03-30,2026-03,planning_application_created,CREATEDDATE,source_reported_event,0,0,2026-08-23,2026-08,2026-09-01,2026-09,2026-09-01,2026-09,2,1,In Process,ROW Vacating,ROW Vacating,203 W Broad St,Old Seminole Heights,https://aca-prod.accela.com/TAMPA/Cap/CapDetail.aspx?Module=Planning&TabName=Planning&capID1=26CAP&capID2=00000&capID3=00IIW&agencyCode=TAMPA
rec-9c2600def4d4cc64,DEVELOPMENT_COORDINATION|NATIVE|DE1-26-0000093,src-795987b54779647e,tpa-744e454634e415,development_coordination,DE1-26-0000093,2026-03-21,2026-03,planning_application_created,CREATEDDATE,source_reported_event,0,0,2026-08-23,2026-08,2026-08-23,2026-08,2026-08-23,2026-08,1,0,In Process,Design Exception 1,Design Exception 1,1125 W Arch St,West Riverfront Neighborhood Crimewatch Association,https://aca-prod.accela.com/TAMPA/Cap/CapDetail.aspx?Module=Planning&TabName=Planning&capID1=26CAP&capID2=00000&capID3=00GZD&agencyCode=TAMPA
rec-ad3dc760e47ee7ed,DEVELOPMENT_COORDINATION|NATIVE|VAC-26-0000011,src-090046f6a232a829,tpa-18571a85149604,development_coordination,VAC-26-0000011,2026-03-30,2026-03,planning_application_created,CREATEDDATE,source_reported_event,0,0,2026-08-23,2026-08,2026-09-01,2026-09,2026-09-01,2026-09,2,1,In Process,ROW Vacating,ROW Vacating,9401 N 14th St,North Tampa Community,https://aca-prod.accela.com/TAMPA/Cap/CapDetail.aspx?Module=Planning&TabName=Planning&capID1=26CAP&capID2=00000&capID3=00IN5&agencyCode=TAMPA
rec-ca80d3ec608a0079,DEVELOPMENT_COORDINATION|NATIVE|REZ-26-0000056,src-a98b37a9ea100ff0,tpa-032f33cd19b08e,development_coordination,REZ-26-0000056,2026-03-11,2026-03,planning_application_created,CREATEDDATE,source_reported_event,0,0,2026-08-23,2026-08,2026-09-01,2026-09,2026-09-01,2026-09,2,1,In Process,Rezoning,Rezoning,1715 W Overpar Dr,Forest Hills,https://aca-prod.accela.com/TAMPA/Cap/CapDetail.aspx?Module=Planning&TabName=Planning&capID1=26CAP&capID2=00000&capID3=00F37&agencyCode=TAMPA
rec-e0725185c07f7e5e,DEVELOPMENT_COORDINATION|NATIVE|REZ-26-0000061,src-82249a41f3ad2bac,tpa-aa4244b06fdc1c,development_coordination,REZ-26-0000061,2026-03-17,2026-03,planning_application_created,CREATEDDATE,source_reported_event,0,0,2026-08-23,2026-08,2026-09-01,2026-09,2026-09-01,2026-09,2,1,In Process,Rezoning,Rezoning,205 S Fremont Ave,South Howard,https://aca-prod.accela.com/TAMPA/Cap/CapDetail.aspx?Module=Planning&TabName=Planning&capID1=26CAP&capID2=00000&capID3=00G5Z&agencyCode=TAMPA
rec-ecfc6578b1774b5d,DEVELOPMENT_COORDINATION|NATIVE|VAC-26-0000012,src-2df9dcc163918d56,tpa-7918ec644cac9e,development_coordination,VAC-26-0000012,2026-03-31,2026-03,planning_application_created,CREATEDDATE,source_reported_event,0,0,2026-08-23,2026-08,2026-09-01,2026-09,2026-09-01,2026-09,2,1,In Process,ROW Vacating,ROW Vacating,210 W Beach Pl,Hyde Park Spanishtown Creek,https://aca-prod.accela.com/TAMPA/Cap/CapDetail.aspx?Module=Planning&TabName=Planning&capID1=26CAP&capID2=00000&capID3=00IY9&agencyCode=TAMPA
rec-ef51801aee96e06f,DEVELOPMENT_COORDINATION|NATIVE|REZ-26-0000054,src-9a62be9e5af0d37c,tpa-17f073aa59e999,development_coordination,REZ-26-0000054,2026-03-06,2026-03,planning_application_created,CREATEDDATE,source_reported_event,0,0,2026-08-23,2026-08,2026-09-01,2026-09,2026-09-01,2026-09,2,1,In Process,Rezoning,Rezoning,2704 W Azeele St,Palma Ceia Pines,https://aca-prod.accela.com/TAMPA/Cap/CapDetail.aspx?Module=Planning&TabName=Planning&capID1=26CAP&capID2=00000&capID3=00E31&agencyCode=TAMPA
rec-023add1912720d63,SINGLE_FAMILY_PERMITS|NATIVE|BLD-26-0522086,src-67c151e4f60e4f1f,tpa-ecdc9da999493e,single_family_permits,BLD-26-0522086,2026-03-14,2026-03,permit_issued,TASK_STATUS_DATE,source_reported_event,0,0,2026-08-23,2026-08,2026-09-01,2026-09,2026-09-01,2026-09,2,1,Issued | Issued,Residential New Construction and Additions (1 and 2 Family),Residential | New Construction and Additions | Building,2723 N Poplar Ave,Riverside Heights,https://arcgis.tampagov.net/arcgis/rest/services/OpenData/Planning/MapServer/32
rec-04d22d8d4df7034a,SINGLE_FAMILY_PERMITS|NATIVE|BLD-26-0522253,src-85a8eacb2a7531d2,tpa-000f7ef41912eb,single_family_permits,BLD-26-0522253,2026-03-30,2026-03,permit_issued,TASK_STATUS_DATE,source_reported_event,0,0,2026-08-23,2026-08,2026-09-01,2026-09,2026-09-01,2026-09,2,1,Revision | Issued,Residential New Construction and Additions (1 and 2 Family),Residential | New Construction and Additions | Building,1613 S Arrawana Ave,Palma Ceia,https://arcgis.tampagov.net/arcgis/rest/services/OpenData/Planning/MapServer/32
rec-05ec3d2472a31934,SINGLE_FAMILY_PERMITS|NATIVE|BLD-26-0521532,src-6ed49e86eb7611b0,tpa-6815bd7dc0068d,single_family_permits,BLD-26-0521532,2026-03-13,2026-03,permit_issued,TASK_STATUS_DATE,source_reported_event,0,0,2026-08-23,2026-08,2026-09-01,2026-09,2026-09-01,2026-09,2,1,Revision | Issued,Residential New Construction and Additions (1 and 2 Family),Residential | New Construction and Additions | Building,9318 N 22nd St,Tampa Overlook,https://arcgis.tampagov.net/arcgis/rest/services/OpenData/Planning/MapServer/32
rec-065e6cecc315b119,SINGLE_FAMILY_PERMITS|NATIVE|BLD-26-0522617,src-1790fe82e3f9e783,tpa-aa7f5b97813818,single_family_permits,BLD-26-0522617,2026-03-19,2026-03,permit_issued,TASK_STATUS_DATE,source_reported_event,0,0,2026-08-23,2026-08,2026-09-01,2026-09,2026-09-01,2026-09,2,1,Issued | Issued,Residential New Construction and Additions (1 and 2 Family),Residential | New Construction and Additions | Building,4506 W Melrose Ave,Sunset Park,https://arcgis.tampagov.net/arcgis/rest/services/OpenData/Planning/MapServer/32
rec-08783e06a815ed72,SINGLE_FAMILY_PERMITS|NATIVE|BLD-26-0521477,src-b3bbf06e85e5f3d8,tpa-06f84eb6150e1b,single_family_permits,BLD-26-0521477,2026-03-06,2026-03,permit_issued,TASK_STATUS_DATE,source_reported_event,0,0,2026-08-23,2026-08,2026-09-01,2026-09,2026-09-01,2026-09,2,1,Revision | Issued,Residential New Construction and Additions (1 and 2 Family),Residential | New Construction and Additions | Building,4001 W Carmen St,North Bon Air,https://arcgis.tampagov.net/arcgis/rest/services/OpenData/Planning/MapServer/32
rec-0936a4996b5f3d61,SINGLE_FAMILY_PERMITS|NATIVE|BLD-26-0522820,src-ac41ea52820bcc7a,tpa-0e1f94acc4af98,single_family_permits,BLD-26-0522820,2026-03-26,2026-03,permit_issued,TASK_STATUS_DATE,source_reported_event,0,0,2026-08-23,2026-08,2026-09-01,2026-09,2026-09-01,2026-09,2,1,Issued | Issued,Residential New Construction and Additions (1 and 2 Family),Residential | New Construction and Additions | Building,1942 W Spruce St,Old West Tampa,https://arcgis.tampagov.net/arcgis/rest/services/OpenData/Planning/MapServer/32
rec-0b26381424e32031,SINGLE_FAMILY_PERMITS|NATIVE|BLD-26-0521089,src-cb4cd91921cf2df1,tpa-3c346e6bb0b02f,single_family_permits,BLD-26-0521089,2026-03-13,2026-03,permit_issued,TASK_STATUS_DATE,source_reported_event,0,0,2026-08-23,2026-08,2026-09-01,2026-09,2026-09-01,2026-09,2,1,Issued | Issued,Residential New Construction and Additions (1 and 2 Family),Residential | New Construction and Additions | Building,486 Severn Ave,Davis Islands,https://arcgis.tampagov.net/arcgis/rest/services/OpenData/Planning/MapServer/32
rec-0c48ea223d9af65c,SINGLE_FAMILY_PERMITS|NATIVE|BLD-26-0522140,src-8e4836db3cba2794,tpa-511d1ae2292f54,single_family_permits,BLD-26-0522140,2026-03-06,2026-03,permit_issued,TASK_STATUS_DATE,source_reported_event,0,0,2026-08-23,2026-08,2026-09-01,2026-09,2026-09-01,2026-09,2,1,Revision | Issued,Residential New Construction and Additions (1 and 2 Family),Residential | New Construction and Additions | Building,3008 W Chapin Ave,Bayshore Beautiful,https://arcgis.tampagov.net/arcgis/rest/services/OpenData/Planning/MapServer/32
rec-0ceeb07e65d85223,SINGLE_FAMILY_PERMITS|NATIVE|BLD-25-0518515,src-463fe9de3a3f2de7,tpa-91e544c2757aab,single_family_permits,BLD-25-0518515,2026-03-12,2026-03,permit_issued,TASK_STATUS_DATE,source_reported_event,0,0,2026-08-23,2026-08,2026-09-01,2026-09,2026-09-01,2026-09,2,1,Issued | Issued,Residential New Construction and Additions (1 and 2 Family),Residential | New Construction and Additions | Building,4006 E Idlewild Ave,Northeast Community Crimewatch & Civic Association,https://arcgis.tampagov.net/arcgis/rest/services/OpenData/Planning/MapServer/32
rec-0ee466802e1ee437,SINGLE_FAMILY_PERMITS|NATIVE|BLD-26-0520651,src-c633c144ae37298c,tpa-4543a98324861f,single_family_permits,BLD-26-0520651,2026-03-27,2026-03,permit_issued,TASK_STATUS_DATE,source_reported_event,0,0,2026-08-23,2026-08,2026-09-01,2026-09,2026-09-01,2026-09,2,1,Issued | Issued,Residential New Construction and Additions (1 and 2 Family),Residential | New Construction and Additions | Building,210 S Gardenia Ave,Beach Park,https://arcgis.tampagov.net/arcgis/rest/services/OpenData/Planning/MapServer/32
rec-0fbb6a0f17dfe672,SINGLE_FAMILY_PERMITS|NATIVE|BLD-26-0520501,src-64a689b83a5b5bbc,tpa-14b09bb3728243,single_family_permits,BLD-26-0520501,2026-03-11,2026-03,permit_issued,TASK_STATUS_DATE,source_reported_event,0,0,2026-08-23,2026-08,2026-08-23,2026-08,2026-08-23,2026-08,1,0,Issued | Issued,Residential New Construction and Additions (1 and 2 Family),Residential | New Construction and Additions | Building,1903 N Taliaferro Ave,Encore,https://arcgis.tampagov.net/arcgis/rest/services/OpenData/Planning/MapServer/32
rec-129129aa0a0c4122,SINGLE_FAMILY_PERMITS|NATIVE|BLD-26-0522141,src-79276f0945d1864d,tpa-45a0537d6e584f,single_family_permits,BLD-26-0522141,2026-03-18,2026-03,permit_issued,TASK_STATUS_DATE,source_reported_event,0,0,2026-08-23,2026-08,2026-09-01,2026-09,2026-09-01,2026-09,2,1,Issued | Issued,Residential New Construction and Additions (1 and 2 Family),Residential | New Construction and Additions | Building,10217 Thicket Point Way,Arbor Greene,https://arcgis.tampagov.net/arcgis/rest/services/OpenData/Planning/MapServer/32
rec-25cd2f00d149931c,SINGLE_FAMILY_PERMITS|NATIVE|BLD-26-0522152,src-2556fcfef68b4750,tpa-eb3f00b3b36e74,single_family_permits,BLD-26-0522152,2026-03-18,2026-03,permit_issued,TASK_STATUS_DATE,source_reported_event,0,0,2026-08-23,2026-08,2026-09-01,2026-09,2026-09-01,2026-09,2,1,Issued | Issued,Residential New Construction and Additions (1 and 2 Family),Residential | New Construction and Additions | Building,3413 N 9th St,Ybor Heights Neighborhood Association and Watch Group,https://arcgis.tampagov.net/arcgis/rest/services/OpenData/Planning/MapServer/32
rec-29d375aa1bf6780d,SINGLE_FAMILY_PERMITS|NATIVE|BLD-26-0521400,src-60353e773150a518,tpa-6b26f10670ec6f,single_family_permits,BLD-26-0521400,2026-03-11,2026-03,permit_issued,TASK_STATUS_DATE,source_reported_event,0,0,2026-08-23,2026-08,2026-09-01,2026-09,2026-09-01,2026-09,2,1,Revision | Issued,Residential New Construction and Additions (1 and 2 Family),Residential | New Construction and Additions | Building,2604 N Dundee St,Sunset Park,https://arcgis.tampagov.net/arcgis/rest/services/OpenData/Planning/MapServer/32
rec-2e3d0e176d6019cc,SINGLE_FAMILY_PERMITS|NATIVE|BLD-26-0521466,src-b17469709562844d,tpa-7f65dabc0d39f1,single_family_permits,BLD-26-0521466,2026-03-16,2026-03,permit_issued,TASK_STATUS_DATE,source_reported_event,0,0,2026-08-23,2026-08,2026-09-01,2026-09,2026-09-01,2026-09,2,1,Issued | Issued,Residential New Construction and Additions (1 and 2 Family),Residential | New Construction and Additions | Building,418 Blanca Ave,Davis Islands,https://arcgis.tampagov.net/arcgis/rest/services/OpenData/Planning/MapServer/32
rec-2e73072913bfc658,SINGLE_FAMILY_PERMITS|NATIVE|BLD-26-0521345,src-98663c39245a06fd,tpa-3ade872747fe8c,single_family_permits,BLD-26-0521345,2026-03-20,2026-03,permit_issued,TASK_STATUS_DATE,source_reported_event,0,0,2026-08-23,2026-08,2026-09-01,2026-09,2026-09-01,2026-09,2,1,Issued | Issued,Residential New Construction and Additions (1 and 2 Family),Residential | New Construction and Additions | Building,2925 W Alline Ave,Bayshore Beautiful,https://arcgis.tampagov.net/arcgis/rest/services/OpenData/Planning/MapServer/32
rec-3a9568a1468140e7,SINGLE_FAMILY_PERMITS|NATIVE|BLD-26-0522006,src-a39c4b0c18b25361,tpa-a505f55a297583,single_family_permits,BLD-26-0522006,2026-03-24,2026-03,permit_issued,TASK_STATUS_DATE,source_reported_event,0,0,2026-08-23,2026-08,2026-09-01,2026-09,2026-09-01,2026-09,2,1,Issued | Issued,Residential New Construction and Additions (1 and 2 Family),Residential | New Construction and Additions | Building,3214 W San Miguel St,Palma Ceia,https://arcgis.tampagov.net/arcgis/rest/services/OpenData/Planning/MapServer/32
rec-3c967774adfbe32d,SINGLE_FAMILY_PERMITS|NATIVE|BLD-26-0521838,src-7d9ac60c997d25f7,tpa-a5f146fae7c064,single_family_permits,BLD-26-0521838,2026-03-04,2026-03,permit_issued,TASK_STATUS_DATE,source_reported_event,0,0,2026-08-23,2026-08,2026-09-01,2026-09,2026-09-01,2026-09,2,1,Issued | Issued,Residential New Construction and Additions (1 and 2 Family),Residential | New Construction and Additions | Building,1416 E Emma St,Southeast Seminole Heights,https://arcgis.tampagov.net/arcgis/rest/services/OpenData/Planning/MapServer/32
rec-40f9db0de9fccbec,SINGLE_FAMILY_PERMITS|NATIVE|BLD-26-0522745,src-9a7c5d668c100073,tpa-97327cdaea3153,single_family_permits,BLD-26-0522745,2026-03-23,2026-03,permit_issued,TASK_STATUS_DATE,source_reported_event,0,0,2026-08-23,2026-08,2026-09-01,2026-09,2026-09-01,2026-09,2,1,Issued | Issued,Residential New Construction and Additions (1 and 2 Family),Residential | New Construction and Additions | Building,3420 S Gardenia Ave,Bel Mar Shores,https://arcgis.tampagov.net/arcgis/rest/services/OpenData/Planning/MapServer/32
rec-4863a721b307d9ab,SINGLE_FAMILY_PERMITS|NATIVE|BLD-26-0522800,src-76541ca4a3ed73df,tpa-6b639b93cbe08b,single_family_permits,BLD-26-0522800,2026-03-31,2026-03,permit_issued,TASK_STATUS_DATE,source_reported_event,0,0,2026-08-23,2026-08,2026-09-01,2026-09,2026-09-01,2026-09,2,1,Issued | Issued,Residential New Construction and Additions (1 and 2 Family),Residential | New Construction and Additions | Building,4302 Woodmere Rd,Beach Park,https://arcgis.tampagov.net/arcgis/rest/services/OpenData/Planning/MapServer/32
rec-4becd2f6bf661c86,SINGLE_FAMILY_PERMITS|NATIVE|BLD-26-0520922,src-178ec473b3c0f7c7,tpa-4b64b4280d5412,single_family_permits,BLD-26-0520922,2026-03-13,2026-03,permit_issued,TASK_STATUS_DATE,source_reported_event,0,0,2026-08-23,2026-08,2026-09-01,2026-09,2026-09-01,2026-09,2,1,Issued | Issued,Residential New Construction and Additions (1 and 2 Family),Residential | New Construction and Additions | Building,2306 W Eldred Dr,Wellswood,https://arcgis.tampagov.net/arcgis/rest/services/OpenData/Planning/MapServer/32
rec-4f4ed06767103984,SINGLE_FAMILY_PERMITS|NATIVE|BLD-26-0521973,src-5b7b8549f7614c55,tpa-457e675bcbfce4,single_family_permits,BLD-26-0521973,2026-03-24,2026-03,permit_issued,TASK_STATUS_DATE,source_reported_event,0,0,2026-08-23,2026-08,2026-09-01,2026-09,2026-09-01,2026-09,2,1,Issued | Issued,Residential New Construction and Additions (1 and 2 Family),Residential | New Construction and Additions | Building,210 S Matanzas Ave,Palma Ceia Pines,https://arcgis.tampagov.net/arcgis/rest/services/OpenData/Planning/MapServer/32
rec-566728364cff0dd0,SINGLE_FAMILY_PERMITS|NATIVE|BLD-26-0521729,src-53508fefcb1921cd,tpa-974cf28aab1517,single_family_permits,BLD-26-0521729,2026-03-02,2026-03,permit_issued,TASK_STATUS_DATE,source_reported_event,0,0,2026-08-23,2026-08,2026-09-01,2026-09,2026-09-01,2026-09,2,1,Revision | Issued,Residential New Construction and Additions (1 and 2 Family),Residential | New Construction and Additions | Building,509 E Sparkman Ave,Tampa Heights,https://arcgis.tampagov.net/arcgis/rest/services/OpenData/Planning/MapServer/32
rec-570d29d189728c74,SINGLE_FAMILY_PERMITS|NATIVE|BLD-26-0521149,src-6c0f78ec0a703f0f,tpa-34fb32d297ca42,single_family_permits,BLD-26-0521149,2026-03-12,2026-03,permit_issued,TASK_STATUS_DATE,source_reported_event,0,0,2026-08-23,2026-08,2026-09-01,2026-09,2026-09-01,2026-09,2,1,Issued | Issued,Residential New Construction and Additions (1 and 2 Family),Residential | New Construction and Additions | Building,1208 E 14th Ave,VM Ybor,https://arcgis.tampagov.net/arcgis/rest/services/OpenData/Planning/MapServer/32
rec-5a0472bd72f009da,SINGLE_FAMILY_PERMITS|NATIVE|BLD-25-0513315,src-04b2cddff6b14de9,tpa-9c54a6391153ec,single_family_permits,BLD-25-0513315,2026-03-23,2026-03,permit_issued,TASK_STATUS_DATE,source_reported_event,0,0,2026-08-23,2026-08,2026-09-01,2026-09,2026-09-01,2026-09,2,1,Issued | Issued,Residential New Construction and Additions (1 and 2 Family),Residential | New Construction and Additions | Building,2222 E 17th Ave,North Ybor,https://arcgis.tampagov.net/arcgis/rest/services/OpenData/Planning/MapServer/32
rec-5ad9276539227239,SINGLE_FAMILY_PERMITS|NATIVE|BLD-26-0519848,src-ca7bb659014a18bb,tpa-ec3e30ca345f62,single_family_permits,BLD-26-0519848,2026-03-09,2026-03,permit_issued,TASK_STATUS_DATE,source_reported_event,0,0,2026-08-23,2026-08,2026-09-01,2026-09,2026-09-01,2026-09,2,1,Revision | Issued,Residential New Construction and Additions (1 and 2 Family),Residential | New Construction and Additions | Building,122 Martinique Ave,Davis Islands,https://arcgis.tampagov.net/arcgis/rest/services/OpenData/Planning/MapServer/32
rec-5be751b03bfb900d,SINGLE_FAMILY_PERMITS|NATIVE|BLD-26-0522246,src-fcb712335d2cc610,tpa-26f225c99a6abd,single_family_permits,BLD-26-0522246,2026-03-18,2026-03,permit_issued,TASK_STATUS_DATE,source_reported_event,0,0,2026-08-23,2026-08,2026-09-01,2026-09,2026-09-01,2026-09,2,1,Issued | Issued,Residential New Construction and Additions (1 and 2 Family),Residential | New Construction and Additions | Building,2928 W Tambay Ave,Bayshore Beautiful,https://arcgis.tampagov.net/arcgis/rest/services/OpenData/Planning/MapServer/32
rec-5dd70a60a2d32526,SINGLE_FAMILY_PERMITS|NATIVE|BLD-26-0522675,src-16646d202057a63b,tpa-fc10850fa9d67e,single_family_permits,BLD-26-0522675,2026-03-27,2026-03,permit_issued,TASK_STATUS_DATE,source_reported_event,0,0,2026-08-23,2026-08,2026-09-01,2026-09,2026-09-01,2026-09,2,1,Issued | Issued,Residential New Construction and Additions (1 and 2 Family),Residential | New Construction and Additions | Building,204 W Floribraska Ave,Tampa Heights,https://arcgis.tampagov.net/arcgis/rest/services/OpenData/Planning/MapServer/32
rec-647921ea2f514f53,SINGLE_FAMILY_PERMITS|NATIVE|BLD-26-0522171,src-e906aae4490483c8,tpa-e2ad1f0c38e9c8,single_family_permits,BLD-26-0522171,2026-03-26,2026-03,permit_issued,TASK_STATUS_DATE,source_reported_event,0,0,2026-08-23,2026-08,2026-09-01,2026-09,2026-09-01,2026-09,2,1,Revision | Issued,Residential New Construction and Additions (1 and 2 Family),Residential | New Construction and Additions | Building,3710 W Palmira Ave,Palma Ceia,https://arcgis.tampagov.net/arcgis/rest/services/OpenData/Planning/MapServer/32
rec-71fff983f3e99ec3,SINGLE_FAMILY_PERMITS|NATIVE|BLD-24-0504259,src-738b3a355ee3342b,tpa-734c94808ef63c,single_family_permits,BLD-24-0504259,2026-03-30,2026-03,permit_issued,TASK_STATUS_DATE,source_reported_event,0,0,2026-08-23,2026-08,2026-09-01,2026-09,2026-09-01,2026-09,2,1,Issued | Issued,Residential New Construction and Additions (1 and 2 Family),Residential | New Construction and Additions | Building,1509 E Knollwood St,Old Seminole Heights,https://arcgis.tampagov.net/arcgis/rest/services/OpenData/Planning/MapServer/32
rec-75bac030ff06f94d,SINGLE_FAMILY_PERMITS|NATIVE|BLD-25-0518537,src-67a4b61cddb0802d,tpa-f02d82e71f3173,single_family_permits,BLD-25-0518537,2026-03-12,2026-03,permit_issued,TASK_STATUS_DATE,source_reported_event,0,0,2026-08-23,2026-08,2026-09-01,2026-09,2026-09-01,2026-09,2,1,Revision | Issued,Residential New Construction and Additions (1 and 2 Family),Residential | New Construction and Additions | Building,2717 W Ivy St,Macfarlane Park,https://arcgis.tampagov.net/arcgis/rest/services/OpenData/Planning/MapServer/32
rec-81e43281e01ce87c,SINGLE_FAMILY_PERMITS|NATIVE|BLD-26-0521602,src-842146a72c5b8cbd,tpa-cfb0502c6ee69c,single_family_permits,BLD-26-0521602,2026-03-11,2026-03,permit_issued,TASK_STATUS_DATE,source_reported_event,0,0,2026-08-23,2026-08,2026-09-01,2026-09,2026-09-01,2026-09,2,1,Issued | Issued,Residential New Construction and Additions (1 and 2 Family),Residential | New Construction and Additions | Building,2615 W Prospect Rd,New Suburb Beautiful,https://arcgis.tampagov.net/arcgis/rest/services/OpenData/Planning/MapServer/32
rec-87c95423995ace67,SINGLE_FAMILY_PERMITS|NATIVE|BLD-26-0520148,src-9f25a18d3df25fec,tpa-09b8b1f5465cfb,single_family_permits,BLD-26-0520148,2026-03-27,2026-03,permit_issued,TASK_STATUS_DATE,source_reported_event,0,0,2026-08-23,2026-08,2026-09-01,2026-09,2026-09-01,2026-09,2,1,Issued | Issued,Residential New Construction and Additions (1 and 2 Family),Residential | New Construction and Additions | Building,404 S Oregon Ave,Hyde Park Spanishtown Creek,https://arcgis.tampagov.net/arcgis/rest/services/OpenData/Planning/MapServer/32
rec-8bad93c0d4c8ae09,SINGLE_FAMILY_PERMITS|NATIVE|BLD-26-0521616,src-362ec12e00db166a,tpa-de4d9cf75a591c,single_family_permits,BLD-26-0521616,2026-03-06,2026-03,permit_issued,TASK_STATUS_DATE,source_reported_event,0,0,2026-08-23,2026-08,2026-09-01,2026-09,2026-09-01,2026-09,2,1,Issued | Issued,Residential New Construction and Additions (1 and 2 Family),Residential | New Construction and Additions | Building,8608 N 13th St,Sulphur Springs,https://arcgis.tampagov.net/arcgis/rest/services/OpenData/Planning/MapServer/32
rec-9077248064270961,SINGLE_FAMILY_PERMITS|NATIVE|BLD-25-0518310,src-ac7c0d39a290bc22,tpa-663802e6093f16,single_family_permits,BLD-25-0518310,2026-03-31,2026-03,permit_issued,TASK_STATUS_DATE,source_reported_event,0,0,2026-08-23,2026-08,2026-09-01,2026-09,2026-09-01,2026-09,2,1,Issued | Issued,Residential New Construction and Additions (1 and 2 Family),Residential | New Construction and Additions | Building,7208 N 9th St,Old Seminole Heights,https://arcgis.tampagov.net/arcgis/rest/services/OpenData/Planning/MapServer/32
rec-92786f1e9fc842fc,SINGLE_FAMILY_PERMITS|NATIVE|BLD-26-0522674,src-00d9ff31572a2235,tpa-ba4a949c34007a,single_family_permits,BLD-26-0522674,2026-03-19,2026-03,permit_issued,TASK_STATUS_DATE,source_reported_event,0,0,2026-08-23,2026-08,2026-09-01,2026-09,2026-09-01,2026-09,2,1,Issued | Issued,Residential New Construction and Additions (1 and 2 Family),Residential | New Construction and Additions | Building,3715 W Santiago St,Palma Ceia,https://arcgis.tampagov.net/arcgis/rest/services/OpenData/Planning/MapServer/32
rec-94dc0bd2e496fc8a,SINGLE_FAMILY_PERMITS|NATIVE|BLD-26-0521079,src-8e6033a0c50dbd72,tpa-4247d2fb359426,single_family_permits,BLD-26-0521079,2026-03-04,2026-03,permit_issued,TASK_STATUS_DATE,source_reported_event,0,0,2026-08-23,2026-08,2026-09-01,2026-09,2026-09-01,2026-09,2,1,Revision | Issued,Residential New Construction and Additions (1 and 2 Family),Residential | New Construction and Additions | Building,2414 N Riverside Dr,Ridgewood Park,https://arcgis.tampagov.net/arcgis/rest/services/OpenData/Planning/MapServer/32
rec-9e5b23d60893cb25,SINGLE_FAMILY_PERMITS|NATIVE|BLD-26-0519487,src-78b33cdede3d7caf,tpa-6086fc4b87c950,single_family_permits,BLD-26-0519487,2026-03-11,2026-03,permit_issued,TASK_STATUS_DATE,source_reported_event,0,0,2026-08-23,2026-08,2026-09-01,2026-09,2026-09-01,2026-09,2,1,Issued | Issued,Residential New Construction and Additions (1 and 2 Family),Residential | New Construction and Additions | Building,4505 E Giddens Ave,The Legacy of Fair Oaks,https://arcgis.tampagov.net/arcgis/rest/services/OpenData/Planning/MapServer/32
rec-a01c6900efa1ae6f,SINGLE_FAMILY_PERMITS|NATIVE|BLD-26-0522401,src-0f886ca4d9116ec5,tpa-0484a3f2f67485,single_family_permits,BLD-26-0522401,2026-03-24,2026-03,permit_issued,TASK_STATUS_DATE,source_reported_event,0,0,2026-08-23,2026-08,2026-09-01,2026-09,2026-09-01,2026-09,2,1,Revision | Issued,Residential New Construction and Additions (1 and 2 Family),Residential | New Construction and Additions | Building,3110 W Dewey St,Macfarlane Park,https://arcgis.tampagov.net/arcgis/rest/services/OpenData/Planning/MapServer/32
rec-a26f18733e9a96e9,SINGLE_FAMILY_PERMITS|NATIVE|BLD-26-0521599,src-773a61f9c439884d,tpa-e8af4e94136767,single_family_permits,BLD-26-0521599,2026-03-05,2026-03,permit_issued,TASK_STATUS_DATE,source_reported_event,0,0,2026-08-23,2026-08,2026-09-01,2026-09,2026-09-01,2026-09,2,1,Issued | Issued,Residential New Construction and Additions (1 and 2 Family),Residential | New Construction and Additions | Building,1002 W Charter St,Riverside Heights,https://arcgis.tampagov.net/arcgis/rest/services/OpenData/Planning/MapServer/32
rec-a2f11d33d642da16,SINGLE_FAMILY_PERMITS|NATIVE|BLD-25-0513657,src-c5d5ec8fe10fe7c3,tpa-52a4a31d92ae19,single_family_permits,BLD-25-0513657,2026-03-30,2026-03,permit_issued,TASK_STATUS_DATE,source_reported_event,0,0,2026-08-23,2026-08,2026-09-01,2026-09,2026-09-01,2026-09,2,1,Issued | Issued,Residential New Construction and Additions (1 and 2 Family),Residential | New Construction and Additions | Building,2301 E 12th Ave,Historic East Ybor and Gary,https://arcgis.tampagov.net/arcgis/rest/services/OpenData/Planning/MapServer/32
rec-a51f3926968933e3,SINGLE_FAMILY_PERMITS|NATIVE|BLD-26-0521834,src-a1a891bed340a875,tpa-68355ce602a115,single_family_permits,BLD-26-0521834,2026-03-20,2026-03,permit_issued,TASK_STATUS_DATE,source_reported_event,0,0,2026-08-23,2026-08,2026-09-01,2026-09,2026-09-01,2026-09,2,1,Issued | Issued,Residential New Construction and Additions (1 and 2 Family),Residential | New Construction and Additions | Building,1002 W Ohio Ave,Riverside Heights,https://arcgis.tampagov.net/arcgis/rest/services/OpenData/Planning/MapServer/32
rec-a69aa085a8dd5443,SINGLE_FAMILY_PERMITS|NATIVE|BLD-26-0521362,src-75c14d1961361954,tpa-747f5c445ff928,single_family_permits,BLD-26-0521362,2026-03-26,2026-03,permit_issued,TASK_STATUS_DATE,source_reported_event,0,0,2026-08-23,2026-08,2026-09-01,2026-09,2026-09-01,2026-09,2,1,Issued | Issued,Residential New Construction and Additions (1 and 2 Family),Residential | New Construction and Additions | Building,3203 W Barcelona St,Palma Ceia,https://arcgis.tampagov.net/arcgis/rest/services/OpenData/Planning/MapServer/32
rec-a745e01334e1d11a,SINGLE_FAMILY_PERMITS|NATIVE|BLD-26-0521062,src-95ff362c68da7a8b,tpa-f24486ebcbdca9,single_family_permits,BLD-26-0521062,2026-03-31,2026-03,permit_issued,TASK_STATUS_DATE,source_reported_event,0,0,2026-08-23,2026-08,2026-09-01,2026-09,2026-09-01,2026-09,2,1,Issued | Issued,Residential New Construction and Additions (1 and 2 Family),Residential | New Construction and Additions | Building,6615 S Juanita St,"Port Tampa City, Inc. Civic Association",https://arcgis.tampagov.net/arcgis/rest/services/OpenData/Planning/MapServer/32
rec-a90a455f15bec937,SINGLE_FAMILY_PERMITS|NATIVE|BLD-26-0523219,src-994854ed0290e890,tpa-0aa06558cc9e31,single_family_permits,BLD-26-0523219,2026-03-26,2026-03,permit_issued,TASK_STATUS_DATE,source_reported_event,0,0,2026-08-23,2026-08,2026-09-01,2026-09,2026-09-01,2026-09,2,1,Issued | Issued,Residential New Construction and Additions (1 and 2 Family),Residential | New Construction and Additions | Building,8502 N Highland Ave,Lowry Park Central,https://arcgis.tampagov.net/arcgis/rest/services/OpenData/Planning/MapServer/32
rec-adb549aca47ebf82,SINGLE_FAMILY_PERMITS|NATIVE|BLD-25-0518313,src-422350b6e1e3a11e,tpa-3f916730604201,single_family_permits,BLD-25-0518313,2026-03-31,2026-03,permit_issued,TASK_STATUS_DATE,source_reported_event,0,0,2026-08-23,2026-08,2026-09-01,2026-09,2026-09-01,2026-09,2,1,Issued | Issued,Residential New Construction and Additions (1 and 2 Family),Residential | New Construction and Additions | Building,7206 N 9th St,Old Seminole Heights,https://arcgis.tampagov.net/arcgis/rest/services/OpenData/Planning/MapServer/32
rec-b079ad257546b7f7,SINGLE_FAMILY_PERMITS|NATIVE|BLD-26-0521436,src-f81840729e0394bf,tpa-3cf4dfd38f377f,single_family_permits,BLD-26-0521436,2026-03-31,2026-03,permit_issued,TASK_STATUS_DATE,source_reported_event,0,0,2026-08-23,2026-08,2026-09-01,2026-09,2026-09-01,2026-09,2,1,Issued | Issued,Residential New Construction and Additions (1 and 2 Family),Residential | New Construction and Additions | Building,2413 S Church Ave,Palma Ceia West,https://arcgis.tampagov.net/arcgis/rest/services/OpenData/Planning/MapServer/32
rec-b113e858ba9dea22,SINGLE_FAMILY_PERMITS|NATIVE|BLD-26-0520184,src-8456b5a6786f60eb,tpa-0b0bbb4b24216c,single_family_permits,BLD-26-0520184,2026-03-23,2026-03,permit_issued,TASK_STATUS_DATE,source_reported_event,0,0,2026-08-23,2026-08,2026-09-01,2026-09,2026-09-01,2026-09,2,1,Issued | Issued,Residential New Construction and Additions (1 and 2 Family),Residential | New Construction and Additions | Building,4525 S Ferncroft Cir,Culbreath Bayou,https://arcgis.tampagov.net/arcgis/rest/services/OpenData/Planning/MapServer/32
rec-babddc0d109afb8e,SINGLE_FAMILY_PERMITS|NATIVE|BLD-26-0522564,src-6302a7ba79d8c488,tpa-d17365c1d520df,single_family_permits,BLD-26-0522564,2026-03-23,2026-03,permit_issued,TASK_STATUS_DATE,source_reported_event,0,0,2026-08-23,2026-08,2026-09-01,2026-09,2026-09-01,2026-09,2,1,Issued | Issued,Residential New Construction and Additions (1 and 2 Family),Residential | New Construction and Additions | Building,210 S Treasure Dr,Beach Park,https://arcgis.tampagov.net/arcgis/rest/services/OpenData/Planning/MapServer/32
rec-be226e2a3e24e85c,SINGLE_FAMILY_PERMITS|NATIVE|BLD-26-0521967,src-1a6fadf410247811,tpa-7752b16f450011,single_family_permits,BLD-26-0521967,2026-03-04,2026-03,permit_issued,TASK_STATUS_DATE,source_reported_event,0,0,2026-08-23,2026-08,2026-09-01,2026-09,2026-09-01,2026-09,2,1,Issued | Issued,Residential New Construction and Additions (1 and 2 Family),Residential | New Construction and Additions | Building,5409 S Sellas St,Ballast Point,https://arcgis.tampagov.net/arcgis/rest/services/OpenData/Planning/MapServer/32
rec-bef441fc45366cde,SINGLE_FAMILY_PERMITS|NATIVE|BLD-26-0522339,src-ea303879e0af1ad0,tpa-b1f30bef4aeaff,single_family_permits,BLD-26-0522339,2026-03-05,2026-03,permit_issued,TASK_STATUS_DATE,source_reported_event,0,0,2026-08-23,2026-08,2026-09-01,2026-09,2026-09-01,2026-09,2,1,Issued | Issued,Residential New Construction and Additions (1 and 2 Family),Residential | New Construction and Additions | Building,4112 W Corona St,Virginia Park,https://arcgis.tampagov.net/arcgis/rest/services/OpenData/Planning/MapServer/32
rec-bf6e75ccbce3345f,SINGLE_FAMILY_PERMITS|NATIVE|BLD-26-0520505,src-647688b3df5a0f50,tpa-833ba3006a832e,single_family_permits,BLD-26-0520505,2026-03-17,2026-03,permit_issued,TASK_STATUS_DATE,source_reported_event,0,0,2026-08-23,2026-08,2026-09-01,2026-09,2026-09-01,2026-09,2,1,Issued | Issued,Residential New Construction and Additions (1 and 2 Family),Residential | New Construction and Additions | Building,8701 N Temple Ave,Temple Crest,https://arcgis.tampagov.net/arcgis/rest/services/OpenData/Planning/MapServer/32
rec-bfde6ca83f9f751f,SINGLE_FAMILY_PERMITS|NATIVE|BLD-26-0521049,src-d38de4a09e851214,tpa-0ed6ca5a2cdae5,single_family_permits,BLD-26-0521049,2026-03-13,2026-03,permit_issued,TASK_STATUS_DATE,source_reported_event,0,0,2026-08-23,2026-08,2026-09-01,2026-09,2026-09-01,2026-09,2,1,Revision | Issued,Residential New Construction and Additions (1 and 2 Family),Residential | New Construction and Additions | Building,2918 W Bay Villa Ave,Bayshore Beautiful,https://arcgis.tampagov.net/arcgis/rest/services/OpenData/Planning/MapServer/32
rec-c2ef7182dc573c84,SINGLE_FAMILY_PERMITS|NATIVE|BLD-26-0522167,src-5b51d89516788eea,tpa-bcc3cf27d4d5c6,single_family_permits,BLD-26-0522167,2026-03-30,2026-03,permit_issued,TASK_STATUS_DATE,source_reported_event,0,0,2026-08-23,2026-08,2026-09-01,2026-09,2026-09-01,2026-09,2,1,Issued | Issued,Residential New Construction and Additions (1 and 2 Family),Residential | New Construction and Additions | Building,1104 W Adalee St,Riverside Heights,https://arcgis.tampagov.net/arcgis/rest/services/OpenData/Planning/MapServer/32
rec-c72294514f92320d,SINGLE_FAMILY_PERMITS|NATIVE|BLD-26-0521632,src-a42d9299b76939db,tpa-ab8fa20325643f,single_family_permits,BLD-26-0521632,2026-03-04,2026-03,permit_issued,TASK_STATUS_DATE,source_reported_event,0,0,2026-08-23,2026-08,2026-09-01,2026-09,2026-09-01,2026-09,2,1,Issued | Issued,Residential New Construction and Additions (1 and 2 Family),Residential | New Construction and Additions | Building,1414 E Emma St,Southeast Seminole Heights,https://arcgis.tampagov.net/arcgis/rest/services/OpenData/Planning/MapServer/32
rec-c798a3606bf183e3,SINGLE_FAMILY_PERMITS|NATIVE|BLD-26-0522450,src-99bc469da7ad1f69,tpa-4561af57fa6795,single_family_permits,BLD-26-0522450,2026-03-16,2026-03,permit_issued,TASK_STATUS_DATE,source_reported_event,0,0,2026-08-23,2026-08,2026-09-01,2026-09,2026-09-01,2026-09,2,1,Issued | Issued,Residential New Construction and Additions (1 and 2 Family),Residential | New Construction and Additions | Building,1613 Renaissance Way,Harbour Island,https://arcgis.tampagov.net/arcgis/rest/services/OpenData/Planning/MapServer/32
rec-cb2f551e076731be,SINGLE_FAMILY_PERMITS|NATIVE|BLD-26-0520897,src-c2f41991e6d3812b,tpa-8a237e6f5fbdca,single_family_permits,BLD-26-0520897,2026-03-04,2026-03,permit_issued,TASK_STATUS_DATE,source_reported_event,0,0,2026-08-23,2026-08,2026-09-01,2026-09,2026-09-01,2026-09,2,1,Issued | Issued,Residential New Construction and Additions (1 and 2 Family),Residential | New Construction and Additions | Building,4716 W Knights Ave,Bayside West,https://arcgis.tampagov.net/arcgis/rest/services/OpenData/Planning/MapServer/32
rec-cc85a436a0886fe8,SINGLE_FAMILY_PERMITS|NATIVE|BLD-25-0519017,src-9e41dddc54155302,tpa-fce9c160cce9b9,single_family_permits,BLD-25-0519017,2026-03-13,2026-03,permit_issued,TASK_STATUS_DATE,source_reported_event,0,0,2026-08-23,2026-08,2026-09-01,2026-09,2026-09-01,2026-09,2,1,Issued | Issued,Residential New Construction and Additions (1 and 2 Family),Residential | New Construction and Additions | Building,4101 W De Leon St,Virginia Park,https://arcgis.tampagov.net/arcgis/rest/services/OpenData/Planning/MapServer/32
rec-cf27853f999ea44e,SINGLE_FAMILY_PERMITS|NATIVE|BLD-26-0520262,src-f54c97153f8b0460,tpa-0d888d986de3a9,single_family_permits,BLD-26-0520262,2026-03-30,2026-03,permit_issued,TASK_STATUS_DATE,source_reported_event,0,0,2026-08-23,2026-08,2026-09-01,2026-09,2026-09-01,2026-09,2,1,Issued | Issued,Residential New Construction and Additions (1 and 2 Family),Residential | New Construction and Additions | Building,2511 W Saint Isabel St,West Tampa Heights (Stadium Area),https://arcgis.tampagov.net/arcgis/rest/services/OpenData/Planning/MapServer/32
rec-d001d13e37b65724,SINGLE_FAMILY_PERMITS|NATIVE|BLD-26-0520136,src-f9561299c3de0b3b,tpa-a330fdd8b80b23,single_family_permits,BLD-26-0520136,2026-03-16,2026-03,permit_issued,TASK_STATUS_DATE,source_reported_event,0,0,2026-08-23,2026-08,2026-09-01,2026-09,2026-09-01,2026-09,2,1,Revision | Issued,Residential New Construction and Additions (1 and 2 Family),Residential | New Construction and Additions | Building,4510 W Brookwood Dr,Culbreath Bayou,https://arcgis.tampagov.net/arcgis/rest/services/OpenData/Planning/MapServer/32
rec-d1ea4a8651dceab7,SINGLE_FAMILY_PERMITS|NATIVE|BLD-26-0521802,src-dd5f98fc7a4992f8,tpa-9f059d451112d6,single_family_permits,BLD-26-0521802,2026-03-27,2026-03,permit_issued,TASK_STATUS_DATE,source_reported_event,0,0,2026-08-23,2026-08,2026-09-01,2026-09,2026-09-01,2026-09,2,1,Issued | Issued,Residential New Construction and Additions (1 and 2 Family),Residential | New Construction and Additions | Building,2310 S Hesperides St,Sunset Park,https://arcgis.tampagov.net/arcgis/rest/services/OpenData/Planning/MapServer/32
rec-d264c59f8fa80a31,SINGLE_FAMILY_PERMITS|NATIVE|BLD-26-0522034,src-83a31e8b92b616ee,tpa-ec4a5770e5f9a0,single_family_permits,BLD-26-0522034,2026-03-04,2026-03,permit_issued,TASK_STATUS_DATE,source_reported_event,0,0,2026-08-23,2026-08,2026-09-01,2026-09,2026-09-01,2026-09,2,1,Revision | Issued,Residential New Construction and Additions (1 and 2 Family),Residential | New Construction and Additions | Building,2303 S Cameron Ave,Palma Ceia West,https://arcgis.tampagov.net/arcgis/rest/services/OpenData/Planning/MapServer/32
rec-d80113ea45d4ca46,SINGLE_FAMILY_PERMITS|NATIVE|BLD-26-0521567,src-a10621fc48d5f032,tpa-2d3ae14df8c01f,single_family_permits,BLD-26-0521567,2026-03-03,2026-03,permit_issued,TASK_STATUS_DATE,source_reported_event,0,0,2026-08-23,2026-08,2026-09-01,2026-09,2026-09-01,2026-09,2,1,Issued | Issued,Residential New Construction and Additions (1 and 2 Family),Residential | New Construction and Additions | Building,2707 W Collins St,West Tampa Heights (Stadium Area),https://arcgis.tampagov.net/arcgis/rest/services/OpenData/Planning/MapServer/32
rec-d857a6cc3ffe46d3,SINGLE_FAMILY_PERMITS|NATIVE|BLD-26-0522449,src-b50741bbb16fc8f5,tpa-960d867d39fccc,single_family_permits,BLD-26-0522449,2026-03-12,2026-03,permit_issued,TASK_STATUS_DATE,source_reported_event,0,0,2026-08-23,2026-08,2026-09-01,2026-09,2026-09-01,2026-09,2,1,Issued | Issued,Residential New Construction and Additions (1 and 2 Family),Residential | New Construction and Additions | Building,3608 W Wallace Ave,Interbay - South of Gandy,https://arcgis.tampagov.net/arcgis/rest/services/OpenData/Planning/MapServer/32
rec-d9926cdeb7051570,SINGLE_FAMILY_PERMITS|NATIVE|BLD-26-0521912,src-0ac019a3d5c99641,tpa-4790444b10d1da,single_family_permits,BLD-26-0521912,2026-03-03,2026-03,permit_issued,TASK_STATUS_DATE,source_reported_event,0,0,2026-08-23,2026-08,2026-09-01,2026-09,2026-09-01,2026-09,2,1,Issued | Issued,Residential New Construction and Additions (1 and 2 Family),Residential | New Construction and Additions | Building,3824 W Corona St,Virginia Park,https://arcgis.tampagov.net/arcgis/rest/services/OpenData/Planning/MapServer/32
rec-d9b9b491f0d6dcf4,SINGLE_FAMILY_PERMITS|NATIVE|BLD-26-0522121,src-685a9fffe44aabce,tpa-653e23e2977bdc,single_family_permits,BLD-26-0522121,2026-03-18,2026-03,permit_issued,TASK_STATUS_DATE,source_reported_event,0,0,2026-08-23,2026-08,2026-09-01,2026-09,2026-09-01,2026-09,2,1,Issued | Issued,Residential New Construction and Additions (1 and 2 Family),Residential | New Construction and Additions | Building,4005 W Cass St,North Bon Air,https://arcgis.tampagov.net/arcgis/rest/services/OpenData/Planning/MapServer/32
rec-d9d696e0b6818bbb,SINGLE_FAMILY_PERMITS|NATIVE|BLD-26-0520504,src-6274238fae06c054,tpa-34b7218c1fe1e4,single_family_permits,BLD-26-0520504,2026-03-17,2026-03,permit_issued,TASK_STATUS_DATE,source_reported_event,0,0,2026-08-23,2026-08,2026-09-01,2026-09,2026-09-01,2026-09,2,1,Revision | Issued,Residential New Construction and Additions (1 and 2 Family),Residential | New Construction and Additions | Building,4782 E Yukon St,Temple Crest,https://arcgis.tampagov.net/arcgis/rest/services/OpenData/Planning/MapServer/32
rec-da10854b678bb20d,SINGLE_FAMILY_PERMITS|NATIVE|BLD-26-0522578,src-f82171561a2a616c,tpa-6f28800e7c31f9,single_family_permits,BLD-26-0522578,2026-03-06,2026-03,permit_issued,TASK_STATUS_DATE,source_reported_event,0,0,2026-08-23,2026-08,2026-09-01,2026-09,2026-09-01,2026-09,2,1,Issued | Issued,Residential New Construction and Additions (1 and 2 Family),Residential | New Construction and Additions | Building,306 N Excelda Ave,Armory Gardens,https://arcgis.tampagov.net/arcgis/rest/services/OpenData/Planning/MapServer/32
rec-debb32b8fcf23624,SINGLE_FAMILY_PERMITS|NATIVE|BLD-26-0521944,src-05662e7e62f426cb,tpa-3043eb68fa9249,single_family_permits,BLD-26-0521944,2026-03-06,2026-03,permit_issued,TASK_STATUS_DATE,source_reported_event,0,0,2026-08-23,2026-08,2026-09-01,2026-09,2026-09-01,2026-09,2,1,Revision | Issued,Residential New Construction and Additions (1 and 2 Family),Residential | New Construction and Additions | Building,3113 W Julia Cir S,Bayshore Beautiful,https://arcgis.tampagov.net/arcgis/rest/services/OpenData/Planning/MapServer/32
rec-e0c56bc5008266e3,SINGLE_FAMILY_PERMITS|NATIVE|BLD-26-0522331,src-7b842ebde2a523bd,tpa-4223c0a7145e64,single_family_permits,BLD-26-0522331,2026-03-16,2026-03,permit_issued,TASK_STATUS_DATE,source_reported_event,0,0,2026-08-23,2026-08,2026-09-01,2026-09,2026-09-01,2026-09,2,1,Revision | Issued,Residential New Construction and Additions (1 and 2 Family),Residential | New Construction and Additions | Building,424 W Davis Blvd,Davis Islands,https://arcgis.tampagov.net/arcgis/rest/services/OpenData/Planning/MapServer/32
rec-ea23a1c86631cbb0,SINGLE_FAMILY_PERMITS|NATIVE|BLD-26-0521469,src-2e004885783eabf3,tpa-e28a969192411f,single_family_permits,BLD-26-0521469,2026-03-17,2026-03,permit_issued,TASK_STATUS_DATE,source_reported_event,0,0,2026-08-23,2026-08,2026-09-01,2026-09,2026-09-01,2026-09,2,1,Revision | Issued,Residential New Construction and Additions (1 and 2 Family),Residential | New Construction and Additions | Building,2906 W Main St,Macfarlane Park,https://arcgis.tampagov.net/arcgis/rest/services/OpenData/Planning/MapServer/32
rec-eb366a8fea89ff2a,SINGLE_FAMILY_PERMITS|NATIVE|BLD-26-0521855,src-855832ff151bc5dc,tpa-1048b6cb3845c1,single_family_permits,BLD-26-0521855,2026-03-31,2026-03,permit_issued,TASK_STATUS_DATE,source_reported_event,0,0,2026-08-23,2026-08,2026-09-01,2026-09,2026-09-01,2026-09,2,1,Revision | Issued,Residential New Construction and Additions (1 and 2 Family),Residential | New Construction and Additions | Building,505 W Ross Ave,Tampa Heights,https://arcgis.tampagov.net/arcgis/rest/services/OpenData/Planning/MapServer/32
rec-f096a82404cb24ae,SINGLE_FAMILY_PERMITS|NATIVE|BLD-25-0513652,src-c73e4c50d552bb77,tpa-70de17b91f6c6f,single_family_permits,BLD-25-0513652,2026-03-02,2026-03,permit_issued,TASK_STATUS_DATE,source_reported_event,0,0,2026-08-23,2026-08,2026-08-23,2026-08,2026-08-23,2026-08,1,0,Issued | Issued,Residential New Construction and Additions (1 and 2 Family),Residential | New Construction and Additions | Building,2307 E 12th Ave,Historic East Ybor and Gary,https://arcgis.tampagov.net/arcgis/rest/services/OpenData/Planning/MapServer/32
rec-f1d91419f2a45cc5,SINGLE_FAMILY_PERMITS|NATIVE|BLD-26-0522157,src-48f0f2297365fc5b,tpa-0bd5a7d093f8e7,single_family_permits,BLD-26-0522157,2026-03-05,2026-03,permit_issued,TASK_STATUS_DATE,source_reported_event,0,0,2026-08-23,2026-08,2026-09-01,2026-09,2026-09-01,2026-09,2,1,Issued | Issued,Residential New Construction and Additions (1 and 2 Family),Residential | New Construction and Additions | Building,524 Columbia Dr,Davis Islands,https://arcgis.tampagov.net/arcgis/rest/services/OpenData/Planning/MapServer/32
rec-f38dd438d98bcdb1,SINGLE_FAMILY_PERMITS|NATIVE|BLD-25-0517343,src-37745d4181a50000,tpa-11ab0bcae62957,single_family_permits,BLD-25-0517343,2026-03-05,2026-03,permit_issued,TASK_STATUS_DATE,source_reported_event,0,0,2026-08-23,2026-08,2026-09-01,2026-09,2026-09-01,2026-09,2,1,Revision | Issued,Residential New Construction and Additions (1 and 2 Family),Residential | New Construction and Additions | Building,5022 W Dante Ave,Sunset Park,https://arcgis.tampagov.net/arcgis/rest/services/OpenData/Planning/MapServer/32
rec-f3ac2b449a167edd,SINGLE_FAMILY_PERMITS|NATIVE|BLD-26-0522072,src-0bff204c84cac710,tpa-0a67b4c1803ebe,single_family_permits,BLD-26-0522072,2026-03-05,2026-03,permit_issued,TASK_STATUS_DATE,source_reported_event,0,0,2026-08-23,2026-08,2026-09-01,2026-09,2026-09-01,2026-09,2,1,Issued | Issued,Residential New Construction and Additions (1 and 2 Family),Residential | New Construction and Additions | Building,508 E James St,Tampa Heights,https://arcgis.tampagov.net/arcgis/rest/services/OpenData/Planning/MapServer/32
