record_id,record_identity,source_record_key,activity_id,source_name,source_record_id,event_date,event_month,event_date_type,event_date_source_field,event_date_basis,event_date_is_planned,event_date_is_after_snapshot,first_observed_date,first_observed_month,last_observed_date,last_observed_month,snapshot_date,snapshot_month,observation_count,currently_observed,status,project_name,record_type,address,neighborhood,source_url
rec-2c30c2d028eb674f,CAPITAL_IMPROVEMENTS|NATIVE|1002016.2,src-168ad8360a40da92,tpa-353afe88aec810,capital_improvements,1002016.2,2026-07-01,2026-07,capital_planned_start,planstart,source_reported_plan,1,0,2026-08-23,2026-08,2026-09-01,2026-09,2026-09-01,2026-09,2,1,Construction in Progress,Sherwood Heights PS FM Relocation,Wastewater,,University Square,https://apps.tampagov.net/Directory_Lister/FileHandler.ashx?file=GIS%2f1002016.2.pdf
rec-2ef9348fc4b9d16f,CAPITAL_IMPROVEMENTS|NATIVE|1002914,src-0acba217824a8b5c,tpa-808aa21dd5c136,capital_improvements,1002914,2026-07-27,2026-07,capital_planned_start,planstart,source_reported_plan,1,0,2026-08-23,2026-08,2026-09-01,2026-09,2026-09-01,2026-09,2,1,Permitting/Submittals Approval,New Tampa Blvd Corridor Improvements From Meadow Pine Dr. to Bruce B. Downs Blvd. (Resurfacing),Transportation,,West Meadows,https://apps.tampagov.net/Directory_Lister/FileHandler.ashx?file=GIS%2f1002914.pdf
rec-62d7b0d4a8dbb8b0,CAPITAL_IMPROVEMENTS|NATIVE|1002401|GLOBALID|{5DC05ADE-CAF5-4995-8471-C4B0FAF2D107},src-bee9e6acfe5a705f,tpa-03560edf9915fa,capital_improvements,1002401,2026-07-27,2026-07,source_record_created,created_date,source_record_metadata,0,0,2026-08-23,2026-08,2026-09-01,2026-09,2026-09-01,2026-09,2,1,Closeout | CW3.3-WOA Closed & Complete,Athletic Field Lighting - Calvin Taylor Park,Parks & Recreation,,Tampa Heights,https://arcgis.tampagov.net/arcgis/rest/services/CapitalProjects/CapitalProjects/FeatureServer/0
rec-941e184d88ab1ef1,CAPITAL_LOCATIONS_LINE|NATIVE|TRANS20188,src-c15c65af2a60cdcb,tpa-808aa21dd5c136,capital_locations_line,TRANS20188,2026-07-27,2026-07,capital_planned_start,planstart,source_reported_plan,1,0,2026-08-23,2026-08,2026-09-01,2026-09,2026-09-01,2026-09,2,1,Permitting/Submittals Approval,New Tampa Blvd Corridor Improvements From Meadow Pine Dr. to Bruce B. Downs Blvd.(Resurfacing),Transportation,,West Meadows,https://www.tampa.gov/project/trans20188
rec-5b476be55a912e27,CAPITAL_LOCATIONS_POINT|NATIVE|1002467,src-835c87fff7005a71,tpa-171058db0c4c5c,capital_locations_point,1002467,2026-07-01,2026-07,capital_planned_start,planstart,source_reported_plan,1,0,2026-08-23,2026-08,2026-09-01,2026-09,2026-09-01,2026-09,2,1,Permitting/Submittals Approval,Wastewater Pumping Station Rehabilitation Prescott PS,Wastewater,,"Port Tampa City, Inc. Civic Association",https://arcgis.tampagov.net/arcgis/rest/services/CapitalProjects/CityWideProjectsPublic/FeatureServer/0
rec-05070c50b01aa03b,CONSTRUCTION_INSPECTIONS|NATIVE|BLD-26-0526600,,,construction_inspections,BLD-26-0526600,2026-07-15,2026-07,permit_record_created,CREATEDDATE,source_record_metadata,0,0,2026-09-01,2026-09,2026-09-01,2026-09,2026-09-01,2026-09,1,1,Issued,FEMA: Interior remodel Kitchen Remodel with Electrical,Residential Building Alterations (Renovations),4505 W Rosemere Rd,Beach Park,https://aca-prod.accela.com/TAMPA/Cap/CapDetail.aspx?Module=Building&TabName=Building&capID1=26CAP&capID2=00000&capID3=01YP2&agencyCode=TAMPA
rec-06c58480b09dd9aa,CONSTRUCTION_INSPECTIONS|NATIVE|BDE-26-0445693,src-48b0bf19d1320313,tpa-46f2d75faddf5f,construction_inspections,BDE-26-0445693,2026-07-14,2026-07,permit_record_created,CREATEDDATE,source_record_metadata,0,0,2026-08-23,2026-08,2026-09-01,2026-09,2026-09-01,2026-09,2,1,Issued,DEMO SFR/Pool/Structures,Residential Demolition Permit,4820 W San Jose St,Sunset Park,https://aca-prod.accela.com/TAMPA/Cap/CapDetail.aspx?Module=Building&TabName=Building&capID1=26CAP&capID2=00000&capID3=01YDG&agencyCode=TAMPA
rec-06f28aa12efc86dc,CONSTRUCTION_INSPECTIONS|NATIVE|BLD-26-0526342,,,construction_inspections,BLD-26-0526342,2026-07-06,2026-07,permit_record_created,CREATEDDATE,source_record_metadata,0,0,2026-09-01,2026-09,2026-09-01,2026-09,2026-09-01,2026-09,1,1,Issued,EARLY START: SEC: PP: Int. Remodel: Edikted STE :125,Commercial Building Alterations (Renovations),2223 N West Shore Blvd,Westshore,https://aca-prod.accela.com/TAMPA/Cap/CapDetail.aspx?Module=Building&TabName=Building&capID1=26CAP&capID2=00000&capID3=01W3M&agencyCode=TAMPA
rec-0aa06508f0b1d66b,CONSTRUCTION_INSPECTIONS|NATIVE|BLD-26-0526711,,,construction_inspections,BLD-26-0526711,2026-07-20,2026-07,permit_record_created,CREATEDDATE,source_record_metadata,0,0,2026-09-01,2026-09,2026-09-01,2026-09,2026-09-01,2026-09,1,1,Issued,Residential Interior Remodel & Garage Conversion,Residential New Construction and Additions (1 and 2 Family),8103 N Ola Ave,Lowry Park Central,https://aca-prod.accela.com/TAMPA/Cap/CapDetail.aspx?Module=Building&TabName=Building&capID1=26CAP&capID2=00000&capID3=01ZW7&agencyCode=TAMPA
rec-0db75b28a7c4c78e,CONSTRUCTION_INSPECTIONS|NATIVE|BDE-26-0445686,src-175de6f02867ecc3,tpa-c9e1feb765c980,construction_inspections,BDE-26-0445686,2026-07-10,2026-07,permit_record_created,CREATEDDATE,source_record_metadata,0,0,2026-08-23,2026-08,2026-09-01,2026-09,2026-09-01,2026-09,2,1,Issued,DEMO SFR,Residential Demolition Permit,4308 W Laurel St,Carver City Lincoln Gardens,https://aca-prod.accela.com/TAMPA/Cap/CapDetail.aspx?Module=Building&TabName=Building&capID1=26CAP&capID2=00000&capID3=01XKZ&agencyCode=TAMPA
rec-0ddf345f3c18f550,CONSTRUCTION_INSPECTIONS|NATIVE|BDE-26-0445694,src-c0358fca9da0e600,tpa-bf814d9d8768d6,construction_inspections,BDE-26-0445694,2026-07-14,2026-07,permit_record_created,CREATEDDATE,source_record_metadata,0,0,2026-08-23,2026-08,2026-09-01,2026-09,2026-09-01,2026-09,2,1,Issued,Demo shed,Residential Demolition Permit,2926 W Tyson Ave,Ballast Point,https://aca-prod.accela.com/TAMPA/Cap/CapDetail.aspx?Module=Building&TabName=Building&capID1=26CAP&capID2=00000&capID3=01YFE&agencyCode=TAMPA
rec-17d52d42272a1337,CONSTRUCTION_INSPECTIONS|NATIVE|BLD-26-0526723,src-8a018d4610db2ea8,tpa-82bf9504a77e68,construction_inspections,BLD-26-0526723,2026-07-20,2026-07,permit_record_created,CREATEDDATE,source_record_metadata,0,0,2026-08-23,2026-08,2026-09-01,2026-09,2026-09-01,2026-09,2,1,Issued,OWNER - Interior Alteration,Residential Building Alterations (Renovations),2210 E 17th Ave,North Ybor,https://aca-prod.accela.com/TAMPA/Cap/CapDetail.aspx?Module=Building&TabName=Building&capID1=26CAP&capID2=00000&capID3=01ZYR&agencyCode=TAMPA
rec-1998a3cc565381f7,CONSTRUCTION_INSPECTIONS|NATIVE|BLD-26-0526414,src-df8fe32a8bb75409,tpa-47521b98fde6e1,construction_inspections,BLD-26-0526414,2026-07-07,2026-07,permit_record_created,CREATEDDATE,source_record_metadata,0,0,2026-08-23,2026-08,2026-09-01,2026-09,2026-09-01,2026-09,2,1,Issued,PP: FEMA:Kitchen remodel,Residential Building Alterations (Renovations),4307 W Leona St,Virginia Park,https://aca-prod.accela.com/TAMPA/Cap/CapDetail.aspx?Module=Building&TabName=Building&capID1=26CAP&capID2=00000&capID3=01WQS&agencyCode=TAMPA
rec-19eff6674231cdf1,CONSTRUCTION_INSPECTIONS|NATIVE|BLD-26-0526530,src-61eccdbefebd8585,tpa-08a8fb6d3fa153,construction_inspections,BLD-26-0526530,2026-07-13,2026-07,permit_record_created,CREATEDDATE,source_record_metadata,0,0,2026-08-23,2026-08,2026-09-01,2026-09,2026-09-01,2026-09,2,1,Issued,Fema: PP: Int. Kitchen & Bath Remodel: Unit 804,Commercial Building Alterations (Renovations),275 Bayshore Blvd,Hyde Park Spanishtown Creek,https://aca-prod.accela.com/TAMPA/Cap/CapDetail.aspx?Module=Building&TabName=Building&capID1=26CAP&capID2=00000&capID3=01XWG&agencyCode=TAMPA
rec-22ce96221fbe5d86,CONSTRUCTION_INSPECTIONS|NATIVE|BDE-26-0445717,,,construction_inspections,BDE-26-0445717,2026-07-27,2026-07,permit_record_created,CREATEDDATE,source_record_metadata,0,0,2026-09-01,2026-09,2026-09-01,2026-09,2026-09-01,2026-09,1,1,Issued,Demo SFR,Residential Demolition Permit,914 W Fribley St,Riverside Heights,https://aca-prod.accela.com/TAMPA/Cap/CapDetail.aspx?Module=Building&TabName=Building&capID1=26CAP&capID2=00000&capID3=021O6&agencyCode=TAMPA
rec-2cadb3be0e366cb5,CONSTRUCTION_INSPECTIONS|NATIVE|BLD-26-0526672,,,construction_inspections,BLD-26-0526672,2026-07-17,2026-07,permit_record_created,CREATEDDATE,source_record_metadata,0,0,2026-09-01,2026-09,2026-09-01,2026-09,2026-09-01,2026-09,1,1,Issued,New 2-Story SFR,Residential New Construction and Additions (1 and 2 Family),4009 W Mullen Ave,Swann Estates,https://aca-prod.accela.com/TAMPA/Cap/CapDetail.aspx?Module=Building&TabName=Building&capID1=26CAP&capID2=00000&capID3=01ZGX&agencyCode=TAMPA
rec-2cffe527a8054c37,CONSTRUCTION_INSPECTIONS|NATIVE|BDE-26-0445695,src-2e1a47ac6f01e9df,tpa-fbb08965f181a1,construction_inspections,BDE-26-0445695,2026-07-14,2026-07,permit_record_created,CREATEDDATE,source_record_metadata,0,0,2026-08-23,2026-08,2026-09-01,2026-09,2026-09-01,2026-09,2,1,Issued,DEMO SFR,Residential Demolition Permit,2911 W Hawthorne Rd,Bayshore Beautiful,https://aca-prod.accela.com/TAMPA/Cap/CapDetail.aspx?Module=Building&TabName=Building&capID1=26CAP&capID2=00000&capID3=01YH9&agencyCode=TAMPA
rec-2da9af8cf2622b90,CONSTRUCTION_INSPECTIONS|NATIVE|BDE-26-0445688,src-817b33ea708995fc,tpa-fe9d1d363cf99c,construction_inspections,BDE-26-0445688,2026-07-13,2026-07,permit_record_created,CREATEDDATE,source_record_metadata,0,0,2026-08-23,2026-08,2026-09-01,2026-09,2026-09-01,2026-09,2,1,Issued,DEMO SFR,Residential Demolition Permit,407 S Delaware Ave,Hyde Park Spanishtown Creek,https://aca-prod.accela.com/TAMPA/Cap/CapDetail.aspx?Module=Building&TabName=Building&capID1=26CAP&capID2=00000&capID3=01XVA&agencyCode=TAMPA
rec-326da4c9ccfd4a24,CONSTRUCTION_INSPECTIONS|NATIVE|BDE-26-0445705,,,construction_inspections,BDE-26-0445705,2026-07-20,2026-07,permit_record_created,CREATEDDATE,source_record_metadata,0,0,2026-09-01,2026-09,2026-09-01,2026-09,2026-09-01,2026-09,1,1,Issued,Demo SFR,Residential Demolition Permit,3601 E Sterling Cir,Palma Ceia,https://aca-prod.accela.com/TAMPA/Cap/CapDetail.aspx?Module=Building&TabName=Building&capID1=26CAP&capID2=00000&capID3=01ZRZ&agencyCode=TAMPA
rec-32a9a4644637d1ef,CONSTRUCTION_INSPECTIONS|NATIVE|BDE-26-0445704,src-eee678a3b1df4d09,tpa-92b36258cff2d5,construction_inspections,BDE-26-0445704,2026-07-20,2026-07,permit_record_created,CREATEDDATE,source_record_metadata,0,0,2026-08-23,2026-08,2026-08-23,2026-08,2026-08-23,2026-08,1,0,Issued,DEMO SFR,Residential Demolition Permit,631 Ontario Ave,Davis Islands,https://aca-prod.accela.com/TAMPA/Cap/CapDetail.aspx?Module=Building&TabName=Building&capID1=26CAP&capID2=00000&capID3=01ZKK&agencyCode=TAMPA
rec-33d1d2b428bcc5c5,CONSTRUCTION_INSPECTIONS|NATIVE|BDE-26-0445691,src-3764b4c5404d870c,tpa-6ed9ae789140b4,construction_inspections,BDE-26-0445691,2026-07-13,2026-07,permit_record_created,CREATEDDATE,source_record_metadata,0,0,2026-08-23,2026-08,2026-09-01,2026-09,2026-09-01,2026-09,2,1,Issued,Demo SFR,Residential Demolition Permit,3113 W Pearl Ave,Interbay - South of Gandy,https://aca-prod.accela.com/TAMPA/Cap/CapDetail.aspx?Module=Building&TabName=Building&capID1=26CAP&capID2=00000&capID3=01Y6P&agencyCode=TAMPA
rec-3b321eb13c71cc6f,CONSTRUCTION_INSPECTIONS|NATIVE|BLD-26-0526324,src-5b3b75b90cfd6708,tpa-215d5d3c0c3c5d,construction_inspections,BLD-26-0526324,2026-07-02,2026-07,permit_record_created,CREATEDDATE,source_record_metadata,0,0,2026-08-23,2026-08,2026-09-01,2026-09,2026-09-01,2026-09,2,1,Issued,PP:New 1-Story SFR,Residential New Construction and Additions (1 and 2 Family),3604 E Lambright St,Woodland Terrace,https://aca-prod.accela.com/TAMPA/Cap/CapDetail.aspx?Module=Building&TabName=Building&capID1=26CAP&capID2=00000&capID3=01W0Z&agencyCode=TAMPA
rec-3c6c2b9e694d266b,CONSTRUCTION_INSPECTIONS|NATIVE|BDE-26-0445719,src-3009005610b1d02f,tpa-6c00829039efb3,construction_inspections,BDE-26-0445719,2026-07-27,2026-07,permit_record_created,CREATEDDATE,source_record_metadata,0,0,2026-08-23,2026-08,2026-08-23,2026-08,2026-08-23,2026-08,1,0,Issued,Res Demo,Residential Demolition Permit,6238 S Grady Ave,Gandy / Sun Bay South,https://aca-prod.accela.com/TAMPA/Cap/CapDetail.aspx?Module=Building&TabName=Building&capID1=26CAP&capID2=00000&capID3=021TD&agencyCode=TAMPA
rec-3d060909a0ddcb84,CONSTRUCTION_INSPECTIONS|NATIVE|BLD-26-0526825,,,construction_inspections,BLD-26-0526825,2026-07-23,2026-07,permit_record_created,CREATEDDATE,source_record_metadata,0,0,2026-09-01,2026-09,2026-09-01,2026-09,2026-09-01,2026-09,1,1,Issued,Interior and Exterior Repairs,Residential Building Alterations (Renovations),3211 E 22nd Ave,Jackson Heights,https://aca-prod.accela.com/TAMPA/Cap/CapDetail.aspx?Module=Building&TabName=Building&capID1=26CAP&capID2=00000&capID3=0215N&agencyCode=TAMPA
rec-3f1fdfb25881c43a,CONSTRUCTION_INSPECTIONS|NATIVE|BLD-26-0526488,,,construction_inspections,BLD-26-0526488,2026-07-09,2026-07,permit_record_created,CREATEDDATE,source_record_metadata,0,0,2026-09-01,2026-09,2026-09-01,2026-09,2026-09-01,2026-09,1,1,Issued,Interior Alteration - Bathroom,Residential Building Alterations (Renovations),3705 W Obispo St,Palma Ceia,https://aca-prod.accela.com/TAMPA/Cap/CapDetail.aspx?Module=Building&TabName=Building&capID1=26CAP&capID2=00000&capID3=01XG9&agencyCode=TAMPA
rec-41653914d8de4f28,CONSTRUCTION_INSPECTIONS|NATIVE|BLD-26-0526293,,,construction_inspections,BLD-26-0526293,2026-07-01,2026-07,permit_record_created,CREATEDDATE,source_record_metadata,0,0,2026-09-01,2026-09,2026-09-01,2026-09,2026-09-01,2026-09,1,1,Issued,Interior/Exterior Alteration - Storm Damage Repairs,Residential Building Alterations (Renovations),6804 N Branch Ave,Old Seminole Heights,https://aca-prod.accela.com/TAMPA/Cap/CapDetail.aspx?Module=Building&TabName=Building&capID1=26CAP&capID2=00000&capID3=01VR1&agencyCode=TAMPA
rec-548a9bb738679189,CONSTRUCTION_INSPECTIONS|NATIVE|BLD-26-0526588,src-f9a2595b93ac8d3e,tpa-eac79b260ba102,construction_inspections,BLD-26-0526588,2026-07-14,2026-07,permit_record_created,CREATEDDATE,source_record_metadata,0,0,2026-08-23,2026-08,2026-09-01,2026-09,2026-09-01,2026-09,2,1,Issued,PP: Bath Remodel,Residential Building Alterations (Renovations),15906 Layton Ct,Tampa Palms,https://aca-prod.accela.com/TAMPA/Cap/CapDetail.aspx?Module=Building&TabName=Building&capID1=26CAP&capID2=00000&capID3=01YHH&agencyCode=TAMPA
rec-5e32a8fcfcfbfc22,CONSTRUCTION_INSPECTIONS|NATIVE|BLD-26-0526664,src-e219eca6a3353554,tpa-3c65b235aa6111,construction_inspections,BLD-26-0526664,2026-07-17,2026-07,permit_record_created,CREATEDDATE,source_record_metadata,0,0,2026-08-23,2026-08,2026-09-01,2026-09,2026-09-01,2026-09,2,1,Issued,PP: Interior ALT,Residential Building Alterations (Renovations),2116 W Erna Dr,Wellswood,https://aca-prod.accela.com/TAMPA/Cap/CapDetail.aspx?Module=Building&TabName=Building&capID1=26CAP&capID2=00000&capID3=01ZFG&agencyCode=TAMPA
rec-5ef8abda25bbe127,CONSTRUCTION_INSPECTIONS|NATIVE|BLD-26-0526311,src-6995b44851df0d82,tpa-5ddea2b3381e8a,construction_inspections,BLD-26-0526311,2026-07-02,2026-07,permit_record_created,CREATEDDATE,source_record_metadata,0,0,2026-08-23,2026-08,2026-09-01,2026-09,2026-09-01,2026-09,2,1,Issued,Facilitated Project | TIA PROJECT: Interior/Exterior Alterations - Tampa Police Aviation Office,Commercial Building Alterations (Renovations),4400 W Tampa Bay Blvd,Westshore,https://aca-prod.accela.com/TAMPA/Cap/CapDetail.aspx?Module=Building&TabName=Building&capID1=26CAP&capID2=00000&capID3=01VXW&agencyCode=TAMPA
rec-664516c3a85ea9cc,CONSTRUCTION_INSPECTIONS|NATIVE|BDE-26-0445701,src-3014bbde94fb7882,tpa-ca19614a93e0e9,construction_inspections,BDE-26-0445701,2026-07-16,2026-07,permit_record_created,CREATEDDATE,source_record_metadata,0,0,2026-08-23,2026-08,2026-09-01,2026-09,2026-09-01,2026-09,2,1,Issued,DEMO SFR,Residential Demolition Permit,2710 N Ridgewood Ave,Riverside Heights,https://aca-prod.accela.com/TAMPA/Cap/CapDetail.aspx?Module=Building&TabName=Building&capID1=26CAP&capID2=00000&capID3=01Z3Q&agencyCode=TAMPA
rec-68e49aa4fb2bf5cf,CONSTRUCTION_INSPECTIONS|NATIVE|BLD-26-0526371,src-8f808a3eee0ce318,tpa-2a313fd594717b,construction_inspections,BLD-26-0526371,2026-07-06,2026-07,permit_record_created,CREATEDDATE,source_record_metadata,0,0,2026-08-23,2026-08,2026-09-01,2026-09,2026-09-01,2026-09,2,1,Issued,Interior and exterior renovations,Residential Building Alterations (Renovations),1506 E North Bay St,Historic Belmont Heights,https://aca-prod.accela.com/TAMPA/Cap/CapDetail.aspx?Module=Building&TabName=Building&capID1=26CAP&capID2=00000&capID3=01WDW&agencyCode=TAMPA
rec-6912c8f701a0f8e5,CONSTRUCTION_INSPECTIONS|NATIVE|BLD-26-0526931,src-04dab44c31f39b7b,tpa-b7057af33d1ec8,construction_inspections,BLD-26-0526931,2026-07-28,2026-07,permit_record_created,CREATEDDATE,source_record_metadata,0,0,2026-08-23,2026-08,2026-09-01,2026-09,2026-09-01,2026-09,2,1,Issued,Interior/Exterior Alteration - Detached Two-Car Garage - Repair Fire Damage,Residential Building Alterations (Renovations),913 S Oregon Ave,Hyde Park Preservation,https://aca-prod.accela.com/TAMPA/Cap/CapDetail.aspx?Module=Building&TabName=Building&capID1=26CAP&capID2=00000&capID3=022AS&agencyCode=TAMPA
rec-6e0f6c2af18f546c,CONSTRUCTION_INSPECTIONS|NATIVE|BDE-26-0445713,src-068e7b642031fce5,tpa-59ca9fbc4ad74e,construction_inspections,BDE-26-0445713,2026-07-17,2026-07,permit_record_created,CREATEDDATE,source_record_metadata,0,0,2026-08-23,2026-08,2026-09-01,2026-09,2026-09-01,2026-09,2,1,Issued,Demo SFR,Residential Demolition Permit,8502 N Branch Ave,Sulphur Springs,https://aca-prod.accela.com/TAMPA/Cap/CapDetail.aspx?Module=Building&TabName=Building&capID1=26CAP&capID2=00000&capID3=020WP&agencyCode=TAMPA
rec-6fa0a67c9e493787,CONSTRUCTION_INSPECTIONS|NATIVE|BLD-26-0526662,src-a79833d0ace107a7,tpa-d9253063bbebde,construction_inspections,BLD-26-0526662,2026-07-17,2026-07,permit_record_created,CREATEDDATE,source_record_metadata,0,0,2026-08-23,2026-08,2026-09-01,2026-09,2026-09-01,2026-09,2,1,Issued,FEMA - Interior Alteration,Residential Building Alterations (Renovations),5014 W Azeele St,Beach Park,https://aca-prod.accela.com/TAMPA/Cap/CapDetail.aspx?Module=Building&TabName=Building&capID1=26CAP&capID2=00000&capID3=01ZEO&agencyCode=TAMPA
rec-727ebcbb5c4a2e05,CONSTRUCTION_INSPECTIONS|NATIVE|BDE-26-0445685,src-8a43743b37d46882,tpa-fe5eb5476d51dd,construction_inspections,BDE-26-0445685,2026-07-09,2026-07,permit_record_created,CREATEDDATE,source_record_metadata,0,0,2026-08-23,2026-08,2026-09-01,2026-09,2026-09-01,2026-09,2,1,Issued,DEMO SFR,Residential Demolition Permit,212 W Lambright St,Old Seminole Heights,https://aca-prod.accela.com/TAMPA/Cap/CapDetail.aspx?Module=Building&TabName=Building&capID1=26CAP&capID2=00000&capID3=01X8L&agencyCode=TAMPA
rec-739792a9727da8b7,CONSTRUCTION_INSPECTIONS|NATIVE|BDE-26-0445714,src-9d98c6c6816b970b,tpa-3e95fb852d13bb,construction_inspections,BDE-26-0445714,2026-07-23,2026-07,permit_record_created,CREATEDDATE,source_record_metadata,0,0,2026-08-23,2026-08,2026-09-01,2026-09,2026-09-01,2026-09,2,1,Issued,DEMO SFR,Residential Demolition Permit,456 Marmora Ave,Davis Islands,https://aca-prod.accela.com/TAMPA/Cap/CapDetail.aspx?Module=Building&TabName=Building&capID1=26CAP&capID2=00000&capID3=020YP&agencyCode=TAMPA
rec-76c75c7dae68749a,CONSTRUCTION_INSPECTIONS|NATIVE|BLD-26-0526328,src-467cd432bd532734,tpa-d4ecf97bf81eff,construction_inspections,BLD-26-0526328,2026-07-03,2026-07,permit_record_created,CREATEDDATE,source_record_metadata,0,0,2026-08-23,2026-08,2026-09-01,2026-09,2026-09-01,2026-09,2,1,Issued,ATF Violation -CMP-18-0008962 expired permit BLD-15-0437812,Residential New Construction and Additions (1 and 2 Family),3705 E Hamilton Ave,Temple Crest,https://aca-prod.accela.com/TAMPA/Cap/CapDetail.aspx?Module=Building&TabName=Building&capID1=26CAP&capID2=00000&capID3=01W1H&agencyCode=TAMPA
rec-7a5b54543d0ba95b,CONSTRUCTION_INSPECTIONS|NATIVE|BLD-26-0526308,src-398bad211c503d81,tpa-9de258bd5a0496,construction_inspections,BLD-26-0526308,2026-07-02,2026-07,permit_record_created,CREATEDDATE,source_record_metadata,0,0,2026-08-23,2026-08,2026-09-01,2026-09,2026-09-01,2026-09,2,1,Issued,ATF - CMP-26-0004429 - Front Porch Renovation,Residential Building Alterations (Renovations),7001 Lakeshore Dr,Temple Crest,https://aca-prod.accela.com/TAMPA/Cap/CapDetail.aspx?Module=Building&TabName=Building&capID1=26CAP&capID2=00000&capID3=01VX1&agencyCode=TAMPA
rec-7df57c56464c3bc4,CONSTRUCTION_INSPECTIONS|NATIVE|BLD-26-0526415,src-5cda1b8d15386b71,tpa-022084e18e2b47,construction_inspections,BLD-26-0526415,2026-07-07,2026-07,permit_record_created,CREATEDDATE,source_record_metadata,0,0,2026-08-23,2026-08,2026-09-01,2026-09,2026-09-01,2026-09,2,1,Issued,Interior Alteration,Residential Building Alterations (Renovations),3514 W Granada St,Palma Ceia,https://aca-prod.accela.com/TAMPA/Cap/CapDetail.aspx?Module=Building&TabName=Building&capID1=26CAP&capID2=00000&capID3=01WR4&agencyCode=TAMPA
rec-81928bc94aab33d7,CONSTRUCTION_INSPECTIONS|NATIVE|BLD-26-0526760,src-09a3cd41c0ae7749,tpa-40afd2461bdbb8,construction_inspections,BLD-26-0526760,2026-07-21,2026-07,permit_record_created,CREATEDDATE,source_record_metadata,0,0,2026-08-23,2026-08,2026-09-01,2026-09,2026-09-01,2026-09,2,1,Issued,PP: New 2 Story SFR,Residential New Construction and Additions (1 and 2 Family),210 W Adalee St,Tampa Heights,https://aca-prod.accela.com/TAMPA/Cap/CapDetail.aspx?Module=Building&TabName=Building&capID1=26CAP&capID2=00000&capID3=020EU&agencyCode=TAMPA
rec-8fc406d15bff94a7,CONSTRUCTION_INSPECTIONS|NATIVE|BDE-26-0445700,src-f171329aabab2880,tpa-4d2f1e3c8fafe1,construction_inspections,BDE-26-0445700,2026-07-13,2026-07,permit_record_created,CREATEDDATE,source_record_metadata,0,0,2026-08-23,2026-08,2026-08-23,2026-08,2026-08-23,2026-08,1,0,Issued,DEMO of A storage,Commercial Demolition Permit,1523 McKay Bay Ct,East Side Commercial,https://aca-prod.accela.com/TAMPA/Cap/CapDetail.aspx?Module=Building&TabName=Building&capID1=26CAP&capID2=00000&capID3=01YYX&agencyCode=TAMPA
rec-92bba61b7ad8b732,CONSTRUCTION_INSPECTIONS|NATIVE|BLD-26-0526416,src-4a0af587d1ff5710,tpa-ff85739d8f2b03,construction_inspections,BLD-26-0526416,2026-07-08,2026-07,permit_record_created,CREATEDDATE,source_record_metadata,0,0,2026-08-23,2026-08,2026-09-01,2026-09,2026-09-01,2026-09,2,1,Issued,FEMA - PP: New 2-Story SFR,Residential New Construction and Additions (1 and 2 Family),208 S Ward St,Beach Park,https://aca-prod.accela.com/TAMPA/Cap/CapDetail.aspx?Module=Building&TabName=Building&capID1=26CAP&capID2=00000&capID3=01WRO&agencyCode=TAMPA
rec-9362d2f3252e5360,CONSTRUCTION_INSPECTIONS|NATIVE|BLD-26-0526896,,,construction_inspections,BLD-26-0526896,2026-07-27,2026-07,permit_record_created,CREATEDDATE,source_record_metadata,0,0,2026-09-01,2026-09,2026-09-01,2026-09,2026-09-01,2026-09,1,1,Issued,Exterior Alteration - Covered Porch,Residential Building Alterations (Renovations),19142 Wood Sage Dr,West Meadows,https://aca-prod.accela.com/TAMPA/Cap/CapDetail.aspx?Module=Building&TabName=Building&capID1=26CAP&capID2=00000&capID3=021XB&agencyCode=TAMPA
rec-98185448ec9d5c28,CONSTRUCTION_INSPECTIONS|NATIVE|BDE-26-0445682,src-449e77719d683783,tpa-9532d30d85b8b5,construction_inspections,BDE-26-0445682,2026-07-08,2026-07,permit_record_created,CREATEDDATE,source_record_metadata,0,0,2026-08-23,2026-08,2026-09-01,2026-09,2026-09-01,2026-09,2,1,Issued,DEMO SFR and Pool,Residential Demolition Permit,2908 W Leila Ave,Ballast Point,https://aca-prod.accela.com/TAMPA/Cap/CapDetail.aspx?Module=Building&TabName=Building&capID1=26CAP&capID2=00000&capID3=01X3D&agencyCode=TAMPA
rec-a2cfe3859426254f,CONSTRUCTION_INSPECTIONS|NATIVE|BLD-26-0526481,src-6833499cca1952d4,tpa-1a8c85052d58e2,construction_inspections,BLD-26-0526481,2026-07-09,2026-07,permit_record_created,CREATEDDATE,source_record_metadata,0,0,2026-08-23,2026-08,2026-09-01,2026-09,2026-09-01,2026-09,2,1,Issued,outdoor kitchen,Residential Building Alterations (Renovations),10511 Martinique Isle Dr,Cory Lake Isles,https://aca-prod.accela.com/TAMPA/Cap/CapDetail.aspx?Module=Building&TabName=Building&capID1=26CAP&capID2=00000&capID3=01XE5&agencyCode=TAMPA
rec-a5a32ab05b44e524,CONSTRUCTION_INSPECTIONS|NATIVE|BLD-26-0526427,src-abe8c1ac094458e9,tpa-bc2162217a78d9,construction_inspections,BLD-26-0526427,2026-07-08,2026-07,permit_record_created,CREATEDDATE,source_record_metadata,0,0,2026-08-23,2026-08,2026-09-01,2026-09,2026-09-01,2026-09,2,1,Issued,Expedited Project | CMP-26-0008033 - Interior ALT,Commercial Building Alterations (Renovations),906 W Dr Martin Luther King Jr Blvd,Riverside Heights,https://aca-prod.accela.com/TAMPA/Cap/CapDetail.aspx?Module=Building&TabName=Building&capID1=26CAP&capID2=00000&capID3=01WW4&agencyCode=TAMPA
rec-aa33a2f209c6fc33,CONSTRUCTION_INSPECTIONS|NATIVE|BDE-26-0445684,src-c90e67daa7ace42c,tpa-52d2f869c62704,construction_inspections,BDE-26-0445684,2026-07-09,2026-07,permit_record_created,CREATEDDATE,source_record_metadata,0,0,2026-08-23,2026-08,2026-08-23,2026-08,2026-08-23,2026-08,1,0,Issued,DEMO SFR,Residential Demolition Permit,3605 S Thatcher Ave,Virginia Park,https://aca-prod.accela.com/TAMPA/Cap/CapDetail.aspx?Module=Building&TabName=Building&capID1=26CAP&capID2=00000&capID3=01X5R&agencyCode=TAMPA
rec-c7c4b7e15fad28c3,CONSTRUCTION_INSPECTIONS|NATIVE|BLD-26-0526275,src-11861aa4f6b12366,tpa-b9d17bc37c853a,construction_inspections,BLD-26-0526275,2026-07-01,2026-07,permit_record_created,CREATEDDATE,source_record_metadata,0,0,2026-08-23,2026-08,2026-09-01,2026-09,2026-09-01,2026-09,2,1,Issued,PP:FEMA:New 2-Story SFR,Residential New Construction and Additions (1 and 2 Family),1508 W River Shore Way,Wellswood,https://aca-prod.accela.com/TAMPA/Cap/CapDetail.aspx?Module=Building&TabName=Building&capID1=26CAP&capID2=00000&capID3=01VKF&agencyCode=TAMPA
rec-cd88e6f1c3578462,CONSTRUCTION_INSPECTIONS|NATIVE|BDE-26-0445697,src-fb02b03323b01d6d,tpa-5304f0af5748ea,construction_inspections,BDE-26-0445697,2026-07-14,2026-07,permit_record_created,CREATEDDATE,source_record_metadata,0,0,2026-08-23,2026-08,2026-08-23,2026-08,2026-08-23,2026-08,1,0,Issued,Demo SFR,Residential Demolition Permit,3005 W Van Buren Dr,Ballast Point,https://aca-prod.accela.com/TAMPA/Cap/CapDetail.aspx?Module=Building&TabName=Building&capID1=26CAP&capID2=00000&capID3=01YI8&agencyCode=TAMPA
rec-d41950ae6a4e4f38,CONSTRUCTION_INSPECTIONS|NATIVE|BDE-26-0445711,src-dfd5f83e5c879782,tpa-4f2909496474e1,construction_inspections,BDE-26-0445711,2026-07-21,2026-07,permit_record_created,CREATEDDATE,source_record_metadata,0,0,2026-08-23,2026-08,2026-09-01,2026-09,2026-09-01,2026-09,2,1,Issued,DEMO SFR and Shed,Residential Demolition Permit,3610 W Vasconia St,Palma Ceia,https://aca-prod.accela.com/TAMPA/Cap/CapDetail.aspx?Module=Building&TabName=Building&capID1=26CAP&capID2=00000&capID3=0209E&agencyCode=TAMPA
rec-d6353a89e6976512,CONSTRUCTION_INSPECTIONS|NATIVE|BDE-26-0445718,src-88f36e670c930d58,tpa-b16bad94755d94,construction_inspections,BDE-26-0445718,2026-07-27,2026-07,permit_record_created,CREATEDDATE,source_record_metadata,0,0,2026-08-23,2026-08,2026-08-23,2026-08,2026-08-23,2026-08,1,0,Issued,"DEMO SFR, Carport and Screened Covered Patio",Residential Demolition Permit,208 S Ward St,Beach Park,https://aca-prod.accela.com/TAMPA/Cap/CapDetail.aspx?Module=Building&TabName=Building&capID1=26CAP&capID2=00000&capID3=021RW&agencyCode=TAMPA
rec-d6991ade08341916,CONSTRUCTION_INSPECTIONS|NATIVE|BDE-26-0445707,,,construction_inspections,BDE-26-0445707,2026-07-20,2026-07,permit_record_created,CREATEDDATE,source_record_metadata,0,0,2026-09-01,2026-09,2026-09-01,2026-09,2026-09-01,2026-09,1,1,Issued,DEMO SFR,Residential Demolition Permit,111 W Powhatan Ave,Old Seminole Heights,https://aca-prod.accela.com/TAMPA/Cap/CapDetail.aspx?Module=Building&TabName=Building&capID1=26CAP&capID2=00000&capID3=01ZWV&agencyCode=TAMPA
rec-e1d7a7bfeb2ab3e2,CONSTRUCTION_INSPECTIONS|NATIVE|BLD-26-0526467,,,construction_inspections,BLD-26-0526467,2026-07-09,2026-07,permit_record_created,CREATEDDATE,source_record_metadata,0,0,2026-09-01,2026-09,2026-09-01,2026-09,2026-09-01,2026-09,1,1,Issued,EARLY START: Interior Alteration - Suite 300 - Pike Engineering,Commercial Building Alterations (Renovations),8800 Hidden River Pkwy,New Tampa,https://aca-prod.accela.com/TAMPA/Cap/CapDetail.aspx?Module=Building&TabName=Building&capID1=26CAP&capID2=00000&capID3=01X9G&agencyCode=TAMPA
rec-e58b2b8b0d701394,CONSTRUCTION_INSPECTIONS|NATIVE|BDE-26-0445692,src-e6455f963a6ad324,tpa-3e96d245fe189d,construction_inspections,BDE-26-0445692,2026-07-13,2026-07,permit_record_created,CREATEDDATE,source_record_metadata,0,0,2026-08-23,2026-08,2026-09-01,2026-09,2026-09-01,2026-09,2,1,Issued,DEMO SFR,Residential Demolition Permit,3308 W Paul Ave,Interbay - South of Gandy,https://aca-prod.accela.com/TAMPA/Cap/CapDetail.aspx?Module=Building&TabName=Building&capID1=26CAP&capID2=00000&capID3=01Y6R&agencyCode=TAMPA
rec-e6b4b90b61ff7b0f,CONSTRUCTION_INSPECTIONS|NATIVE|BDE-26-0445730,src-005333cfa4e5b91b,tpa-48e2b72ae0d7c3,construction_inspections,BDE-26-0445730,2026-07-31,2026-07,permit_record_created,CREATEDDATE,source_record_metadata,0,0,2026-08-23,2026-08,2026-09-01,2026-09,2026-09-01,2026-09,2,1,Issued,Demo SFR,Residential Demolition Permit,4112 W Oklahoma Ave,Gandy / Sun Bay South,https://aca-prod.accela.com/TAMPA/Cap/CapDetail.aspx?Module=Building&TabName=Building&capID1=26CAP&capID2=00000&capID3=023AW&agencyCode=TAMPA
rec-ebb409e01939f24a,CONSTRUCTION_INSPECTIONS|NATIVE|BLD-26-0526358,,,construction_inspections,BLD-26-0526358,2026-07-06,2026-07,permit_record_created,CREATEDDATE,source_record_metadata,0,0,2026-09-01,2026-09,2026-09-01,2026-09,2026-09-01,2026-09,1,1,Issued,Interior/Exterior reno,Residential Building Alterations (Renovations),3205 E 25th Ave,Jackson Heights,https://aca-prod.accela.com/TAMPA/Cap/CapDetail.aspx?Module=Building&TabName=Building&capID1=26CAP&capID2=00000&capID3=01WC7&agencyCode=TAMPA
rec-efd10f3caa507475,CONSTRUCTION_INSPECTIONS|NATIVE|BDE-26-0445708,src-377a4ef871541de1,tpa-ddaeafffa275c2,construction_inspections,BDE-26-0445708,2026-07-21,2026-07,permit_record_created,CREATEDDATE,source_record_metadata,0,0,2026-08-23,2026-08,2026-08-23,2026-08,2026-08-23,2026-08,1,0,Issued,Demo Covered Basketball Court,Commercial Demolition Permit,4201 W Mango Ave,Gandy / Sun Bay South,https://aca-prod.accela.com/TAMPA/Cap/CapDetail.aspx?Module=Building&TabName=Building&capID1=26CAP&capID2=00000&capID3=0200Q&agencyCode=TAMPA
rec-f3529c3389b5c94e,CONSTRUCTION_INSPECTIONS|NATIVE|BLD-26-0526681,,,construction_inspections,BLD-26-0526681,2026-07-18,2026-07,permit_record_created,CREATEDDATE,source_record_metadata,0,0,2026-09-01,2026-09,2026-09-01,2026-09,2026-09-01,2026-09,1,1,Issued,Alterations/ Fire Damage (Detached garage),Residential Building Alterations (Renovations),2111 W Watrous Ave,Historic Hyde Park,https://aca-prod.accela.com/TAMPA/Cap/CapDetail.aspx?Module=Building&TabName=Building&capID1=26CAP&capID2=00000&capID3=01ZJS&agencyCode=TAMPA
rec-f8b832ad06ca9c2e,CONSTRUCTION_INSPECTIONS|NATIVE|BLD-26-0526887,src-a1694f58fb50b8b7,tpa-3b19e8f337eadb,construction_inspections,BLD-26-0526887,2026-07-27,2026-07,permit_record_created,CREATEDDATE,source_record_metadata,0,0,2026-08-23,2026-08,2026-09-01,2026-09,2026-09-01,2026-09,2,1,Issued,Interior Alteration - Bathroom,Residential Building Alterations (Renovations),6035 Catlin Dr,Tampa Palms North,https://aca-prod.accela.com/TAMPA/Cap/CapDetail.aspx?Module=Building&TabName=Building&capID1=26CAP&capID2=00000&capID3=021TR&agencyCode=TAMPA
rec-0206fd076e266d23,DEVELOPMENT_COORDINATION|NATIVE|VRB-26-0000112,src-36dcd89213fdfb82,tpa-b22ccc00d0d3fe,development_coordination,VRB-26-0000112,2026-07-21,2026-07,planning_application_created,CREATEDDATE,source_reported_event,0,0,2026-08-23,2026-08,2026-09-01,2026-09,2026-09-01,2026-09,2,1,Awaiting Client Reply,Variance Review Board,Variance Review Board,1810 W Sligh Ave,Riverbend,https://aca-prod.accela.com/TAMPA/Cap/CapDetail.aspx?Module=Planning&TabName=Planning&capID1=26CAP&capID2=00000&capID3=020C7&agencyCode=TAMPA
rec-06a50e735c4aeebb,DEVELOPMENT_COORDINATION|NATIVE|REZ-26-0000104,src-f79513df6b0508ac,tpa-da7564dc7dceb5,development_coordination,REZ-26-0000104,2026-07-02,2026-07,planning_application_created,CREATEDDATE,source_reported_event,0,0,2026-08-23,2026-08,2026-09-01,2026-09,2026-09-01,2026-09,2,1,In Process,Rezoning,Rezoning,2055 N Dale Mabry Hwy,Macfarlane Park,https://aca-prod.accela.com/TAMPA/Cap/CapDetail.aspx?Module=Planning&TabName=Planning&capID1=26CAP&capID2=00000&capID3=01VV7&agencyCode=TAMPA
rec-0adab1b866a69718,DEVELOPMENT_COORDINATION|NATIVE|REZ-26-0000106,src-736af20b0d05c123,tpa-4f2071a7aacb00,development_coordination,REZ-26-0000106,2026-07-14,2026-07,planning_application_created,CREATEDDATE,source_reported_event,0,0,2026-08-23,2026-08,2026-09-01,2026-09,2026-09-01,2026-09,2,1,In Process,Rezoning,Rezoning,1313 W Arch St,West Riverfront Neighborhood Crimewatch Association,https://aca-prod.accela.com/TAMPA/Cap/CapDetail.aspx?Module=Planning&TabName=Planning&capID1=26CAP&capID2=00000&capID3=01YIB&agencyCode=TAMPA
rec-0b4f9964fb47216b,DEVELOPMENT_COORDINATION|NATIVE|AB1-26-0000026,src-ab32a3692f8a7ade,tpa-91260ef964c41a,development_coordination,AB1-26-0000026,2026-07-26,2026-07,planning_application_created,CREATEDDATE,source_reported_event,0,0,2026-08-23,2026-08,2026-09-01,2026-09,2026-09-01,2026-09,2,1,Awaiting Client Reply,AB Special Use 1 - Standard,AB Special Use 1 - Standard,3904 Britton Plz,FairOaks Manhattan,https://aca-prod.accela.com/TAMPA/Cap/CapDetail.aspx?Module=Planning&TabName=Planning&capID1=26CAP&capID2=00000&capID3=021LX&agencyCode=TAMPA
rec-0d2b3548e79c490d,DEVELOPMENT_COORDINATION|NATIVE|DE1-26-0000172,src-c59e6d7581ace1a4,tpa-e459bfdefc204c,development_coordination,DE1-26-0000172,2026-07-31,2026-07,planning_application_created,CREATEDDATE,source_reported_event,0,0,2026-08-23,2026-08,2026-08-23,2026-08,2026-08-23,2026-08,1,0,In Process,Design Exception 1,Design Exception 1,3639 S Manhattan Ave,Belmar Gardens,https://aca-prod.accela.com/TAMPA/Cap/CapDetail.aspx?Module=Planning&TabName=Planning&capID1=26CAP&capID2=00000&capID3=0231C&agencyCode=TAMPA
rec-10420eeff6903d18,DEVELOPMENT_COORDINATION|NATIVE|SU1-26-0000069,src-d999a32c076f4535,tpa-18de53e3ad0a47,development_coordination,SU1-26-0000069,2026-07-09,2026-07,planning_application_created,CREATEDDATE,source_reported_event,0,0,2026-08-23,2026-08,2026-09-01,2026-09,2026-09-01,2026-09,2,1,In Process,Special Use 1 - General,Special Use 1 - General,3610 N 31st St,Jackson Heights,https://aca-prod.accela.com/TAMPA/Cap/CapDetail.aspx?Module=Planning&TabName=Planning&capID1=26CAP&capID2=00000&capID3=01X73&agencyCode=TAMPA
rec-126f29c19a80d730,DEVELOPMENT_COORDINATION|NATIVE|SU1-26-0000067,src-322b8b26f8897235,tpa-2ab5e04092d256,development_coordination,SU1-26-0000067,2026-07-07,2026-07,planning_application_created,CREATEDDATE,source_reported_event,0,0,2026-08-23,2026-08,2026-08-23,2026-08,2026-08-23,2026-08,1,0,In Process,Special Use 1 - General,Special Use 1 - General,3410 N 15th St,Ybor Heights Neighborhood Association and Watch Group,https://aca-prod.accela.com/TAMPA/Cap/CapDetail.aspx?Module=Planning&TabName=Planning&capID1=26CAP&capID2=00000&capID3=01WLM&agencyCode=TAMPA
rec-12b495057894d223,DEVELOPMENT_COORDINATION|NATIVE|REZ-26-0000113,src-fcfd2fa855c83fdb,tpa-0fc0b6710d33bf,development_coordination,REZ-26-0000113,2026-07-30,2026-07,planning_application_created,CREATEDDATE,source_reported_event,0,0,2026-08-23,2026-08,2026-09-01,2026-09,2026-09-01,2026-09,2,1,In Process,Rezoning,Rezoning,404 W Columbus Dr,Tampa Heights,https://aca-prod.accela.com/TAMPA/Cap/CapDetail.aspx?Module=Planning&TabName=Planning&capID1=26CAP&capID2=00000&capID3=022V5&agencyCode=TAMPA
rec-15f67ca6028a7a7b,DEVELOPMENT_COORDINATION|NATIVE|FDN-26-0000115,src-e9db7152240e9a95,tpa-a81773d587aa0b,development_coordination,FDN-26-0000115,2026-07-14,2026-07,planning_application_created,CREATEDDATE,source_reported_event,0,0,2026-08-23,2026-08,2026-08-23,2026-08,2026-08-23,2026-08,1,0,In Process,Formal Decision,Formal Decision,9415 N Rome Cir,Historic Forest Hills,https://aca-prod.accela.com/TAMPA/Cap/CapDetail.aspx?Module=Planning&TabName=Planning&capID1=26CAP&capID2=00000&capID3=01YEL&agencyCode=TAMPA
rec-1943a41dd4d4f9da,DEVELOPMENT_COORDINATION|NATIVE|VRB-26-0000113,src-ce3d2bea37cdddeb,tpa-026e92ef09a12f,development_coordination,VRB-26-0000113,2026-07-23,2026-07,planning_application_created,CREATEDDATE,source_reported_event,0,0,2026-08-23,2026-08,2026-09-01,2026-09,2026-09-01,2026-09,2,1,In Process,Variance Review Board,Variance Review Board,902 W Columbus Dr,Ridgewood Park,https://aca-prod.accela.com/TAMPA/Cap/CapDetail.aspx?Module=Planning&TabName=Planning&capID1=26CAP&capID2=00000&capID3=0218M&agencyCode=TAMPA
rec-1997db5d49f9d352,DEVELOPMENT_COORDINATION|NATIVE|REZ-26-0000108,src-f40004cbf10d78df,tpa-2ed95de728508a,development_coordination,REZ-26-0000108,2026-07-15,2026-07,planning_application_created,CREATEDDATE,source_reported_event,0,0,2026-08-23,2026-08,2026-09-01,2026-09,2026-09-01,2026-09,2,1,In Process,Rezoning,Rezoning,4801 E Fowler Ave,Terrace Park,https://aca-prod.accela.com/TAMPA/Cap/CapDetail.aspx?Module=Planning&TabName=Planning&capID1=26CAP&capID2=00000&capID3=01YUB&agencyCode=TAMPA
rec-1b1f8fee79a65801,DEVELOPMENT_COORDINATION|NATIVE|VRB-26-0000114,src-babf9f9c52cd19fe,tpa-f404d21f7fb9d1,development_coordination,VRB-26-0000114,2026-07-24,2026-07,planning_application_created,CREATEDDATE,source_reported_event,0,0,2026-08-23,2026-08,2026-09-01,2026-09,2026-09-01,2026-09,2,1,Awaiting Client Reply,Variance Review Board,Variance Review Board,4408 W Price Ave,Gandy / Sun Bay South,https://aca-prod.accela.com/TAMPA/Cap/CapDetail.aspx?Module=Planning&TabName=Planning&capID1=26CAP&capID2=00000&capID3=021CA&agencyCode=TAMPA
rec-1d263f4ad46e6fed,DEVELOPMENT_COORDINATION|NATIVE|FDN-26-0000110,src-fb64e509cfc8d01f,tpa-11465bcc4a897e,development_coordination,FDN-26-0000110,2026-07-06,2026-07,planning_application_created,CREATEDDATE,source_reported_event,0,0,2026-08-23,2026-08,2026-09-01,2026-09,2026-09-01,2026-09,2,1,Awaiting Client Reply,Formal Decision,Formal Decision,1105 W Indiana Ave,Riverside Heights,https://aca-prod.accela.com/TAMPA/Cap/CapDetail.aspx?Module=Planning&TabName=Planning&capID1=26CAP&capID2=00000&capID3=01W83&agencyCode=TAMPA
rec-247195b6c0babc59,DEVELOPMENT_COORDINATION|NATIVE|REZ-26-0000111,src-6cb99fb96fbf755a,tpa-e7a10292294356,development_coordination,REZ-26-0000111,2026-07-17,2026-07,planning_application_created,CREATEDDATE,source_reported_event,0,0,2026-08-23,2026-08,2026-09-01,2026-09,2026-09-01,2026-09,2,1,In Process,Rezoning,Rezoning,4203 N 25th St,East Tampa 1,https://aca-prod.accela.com/TAMPA/Cap/CapDetail.aspx?Module=Planning&TabName=Planning&capID1=26CAP&capID2=00000&capID3=01ZE9&agencyCode=TAMPA
rec-26ff741b80b6d1dd,DEVELOPMENT_COORDINATION|NATIVE|SU1-26-0000071,src-b47da0fd66217e69,tpa-5d718bb4707068,development_coordination,SU1-26-0000071,2026-07-16,2026-07,planning_application_created,CREATEDDATE,source_reported_event,0,0,2026-08-23,2026-08,2026-09-01,2026-09,2026-09-01,2026-09,2,1,In Process,Special Use 1 - General,Special Use 1 - General,206 W Genesee St,South Seminole Heights,https://aca-prod.accela.com/TAMPA/Cap/CapDetail.aspx?Module=Planning&TabName=Planning&capID1=26CAP&capID2=00000&capID3=01Z2O&agencyCode=TAMPA
rec-2a35395a2f0678c2,DEVELOPMENT_COORDINATION|NATIVE|DE1-26-0000159,src-a0e7dc701aae51da,tpa-0ce9f38b4de3bf,development_coordination,DE1-26-0000159,2026-07-13,2026-07,planning_application_created,CREATEDDATE,source_reported_event,0,0,2026-08-23,2026-08,2026-09-01,2026-09,2026-09-01,2026-09,2,1,In Process,Design Exception 1,Design Exception 1,4700 N Nebraska Ave,Southeast Seminole Heights,https://aca-prod.accela.com/TAMPA/Cap/CapDetail.aspx?Module=Planning&TabName=Planning&capID1=26CAP&capID2=00000&capID3=01Y5S&agencyCode=TAMPA
rec-2e711ea0237c98f6,DEVELOPMENT_COORDINATION|NATIVE|DE2-26-0000022,src-5bbdb0a53a27c02e,tpa-ca957a09401697,development_coordination,DE2-26-0000022,2026-07-22,2026-07,planning_application_created,CREATEDDATE,source_reported_event,0,0,2026-08-23,2026-08,2026-09-01,2026-09,2026-09-01,2026-09,2,1,In Process,Design Exception 2,Design Exception 2,4311 W Gray St,Westshore Palms,https://aca-prod.accela.com/TAMPA/Cap/CapDetail.aspx?Module=Planning&TabName=Planning&capID1=26CAP&capID2=00000&capID3=020LB&agencyCode=TAMPA
rec-378d02dc61aa9949,DEVELOPMENT_COORDINATION|NATIVE|VRB-26-0000111,src-a3b633ce555def2b,tpa-d825875dc8d0bc,development_coordination,VRB-26-0000111,2026-07-15,2026-07,planning_application_created,CREATEDDATE,source_reported_event,0,0,2026-08-23,2026-08,2026-09-01,2026-09,2026-09-01,2026-09,2,1,Awaiting Client Reply,Variance Review Board,Variance Review Board,2130 W Saint Joseph St,Old West Tampa,https://aca-prod.accela.com/TAMPA/Cap/CapDetail.aspx?Module=Planning&TabName=Planning&capID1=26CAP&capID2=00000&capID3=01YVB&agencyCode=TAMPA
rec-3b52a2e577edbf92,DEVELOPMENT_COORDINATION|NATIVE|LND-26-0000127,src-59ab4579d4e7ac68,tpa-1d5256d4e35c44,development_coordination,LND-26-0000127,2026-07-31,2026-07,planning_application_created,CREATEDDATE,source_reported_event,0,0,2026-08-23,2026-08,2026-08-23,2026-08,2026-08-23,2026-08,1,0,In Process,General Land Use,General Land Use,307 N Westland Ave,North Hyde Park,https://aca-prod.accela.com/TAMPA/Cap/CapDetail.aspx?Module=Planning&TabName=Planning&capID1=26CAP&capID2=00000&capID3=0235G&agencyCode=TAMPA
rec-42a9cf56a4b86e75,DEVELOPMENT_COORDINATION|NATIVE|DE1-26-0000171,src-be1710aac6afab73,tpa-86acae8428476a,development_coordination,DE1-26-0000171,2026-07-28,2026-07,planning_application_created,CREATEDDATE,source_reported_event,0,0,2026-08-23,2026-08,2026-08-23,2026-08,2026-08-23,2026-08,1,0,In Process,Design Exception 1,Design Exception 1,3908 W Hillsborough Ave,Drew Park,https://aca-prod.accela.com/TAMPA/Cap/CapDetail.aspx?Module=Planning&TabName=Planning&capID1=26CAP&capID2=00000&capID3=0228L&agencyCode=TAMPA
rec-454a4b64f612e77d,DEVELOPMENT_COORDINATION|NATIVE|VRB-26-0000102,src-494549b9e9919810,tpa-b657499ed3258d,development_coordination,VRB-26-0000102,2026-07-10,2026-07,planning_application_created,CREATEDDATE,source_reported_event,0,0,2026-08-23,2026-08,2026-09-01,2026-09,2026-09-01,2026-09,2,1,Awaiting Client Reply,Variance Review Board,Variance Review Board,401 S Royal Poinciana Dr,Beach Park,https://aca-prod.accela.com/TAMPA/Cap/CapDetail.aspx?Module=Planning&TabName=Planning&capID1=26CAP&capID2=00000&capID3=01XK7&agencyCode=TAMPA
rec-46dbb861128c43d6,DEVELOPMENT_COORDINATION|NATIVE|VRB-26-0000100,src-9821d79198cd6654,tpa-6a3a62b0f04b54,development_coordination,VRB-26-0000100,2026-07-08,2026-07,planning_application_created,CREATEDDATE,source_reported_event,0,0,2026-08-23,2026-08,2026-09-01,2026-09,2026-09-01,2026-09,2,1,In Process,Variance Review Board,Variance Review Board,3916 W San Rafael St,Palma Ceia West,https://aca-prod.accela.com/TAMPA/Cap/CapDetail.aspx?Module=Planning&TabName=Planning&capID1=26CAP&capID2=00000&capID3=01X10&agencyCode=TAMPA
rec-4fd486c35c89765d,DEVELOPMENT_COORDINATION|NATIVE|DE2-26-0000021,src-c9cbedec622449bd,tpa-b1318e9b58870b,development_coordination,DE2-26-0000021,2026-07-22,2026-07,planning_application_created,CREATEDDATE,source_reported_event,0,0,2026-08-23,2026-08,2026-08-23,2026-08,2026-08-23,2026-08,1,0,In Process,Design Exception 2,Design Exception 2,2312 W Grace St,North Hyde Park,https://aca-prod.accela.com/TAMPA/Cap/CapDetail.aspx?Module=Planning&TabName=Planning&capID1=26CAP&capID2=00000&capID3=020LA&agencyCode=TAMPA
rec-55a5b75ab45d3734,DEVELOPMENT_COORDINATION|NATIVE|VAC-26-0000019,src-0a1985d06c669b80,tpa-6adccec170dbf4,development_coordination,VAC-26-0000019,2026-07-07,2026-07,planning_application_created,CREATEDDATE,source_reported_event,0,0,2026-08-23,2026-08,2026-09-01,2026-09,2026-09-01,2026-09,2,1,In Process,ROW Vacating,ROW Vacating,113 W Ida St,South Seminole Heights,https://aca-prod.accela.com/TAMPA/Cap/CapDetail.aspx?Module=Planning&TabName=Planning&capID1=26CAP&capID2=00000&capID3=01WPX&agencyCode=TAMPA
rec-5fb7aec2f0dbe5e2,DEVELOPMENT_COORDINATION|NATIVE|VRB-26-0000110,src-211072f3d2bb7b94,tpa-5bf38c9428217f,development_coordination,VRB-26-0000110,2026-07-15,2026-07,planning_application_created,CREATEDDATE,source_reported_event,0,0,2026-08-23,2026-08,2026-09-01,2026-09,2026-09-01,2026-09,2,1,Awaiting Client Reply,Variance Review Board,Variance Review Board,6661 N 24th St,Seminole Heights East,https://aca-prod.accela.com/TAMPA/Cap/CapDetail.aspx?Module=Planning&TabName=Planning&capID1=26CAP&capID2=00000&capID3=01YV6&agencyCode=TAMPA
rec-63100f65a60a6cbe,DEVELOPMENT_COORDINATION|NATIVE|VRB-26-0000115,src-61ec05a51b2260bb,tpa-7d9ef00eaae430,development_coordination,VRB-26-0000115,2026-07-29,2026-07,planning_application_created,CREATEDDATE,source_reported_event,0,0,2026-08-23,2026-08,2026-09-01,2026-09,2026-09-01,2026-09,2,1,In Process,Variance Review Board,Variance Review Board,5125 E Holland Ave,Terrace Park,https://aca-prod.accela.com/TAMPA/Cap/CapDetail.aspx?Module=Planning&TabName=Planning&capID1=26CAP&capID2=00000&capID3=022J3&agencyCode=TAMPA
rec-73988516c7d17414,DEVELOPMENT_COORDINATION|NATIVE|VRB-26-0000103,src-312c811a7c8b5389,tpa-4fcebec153c3ab,development_coordination,VRB-26-0000103,2026-07-14,2026-07,planning_application_created,CREATEDDATE,source_reported_event,0,0,2026-08-23,2026-08,2026-09-01,2026-09,2026-09-01,2026-09,2,1,In Process,Variance Review Board,Variance Review Board,4801 W Longfellow Ave,Sunset Park,https://aca-prod.accela.com/TAMPA/Cap/CapDetail.aspx?Module=Planning&TabName=Planning&capID1=26CAP&capID2=00000&capID3=01Y9Z&agencyCode=TAMPA
rec-812942ac9ca2aaff,DEVELOPMENT_COORDINATION|NATIVE|DE2-26-0000020,src-b69b74d2578ed491,tpa-663787962abacf,development_coordination,DE2-26-0000020,2026-07-16,2026-07,planning_application_created,CREATEDDATE,source_reported_event,0,0,2026-08-23,2026-08,2026-09-01,2026-09,2026-09-01,2026-09,2,1,In Process,Design Exception 2,Design Exception 2,3710 N Ridge Ave,Riverside Heights,https://aca-prod.accela.com/TAMPA/Cap/CapDetail.aspx?Module=Planning&TabName=Planning&capID1=26CAP&capID2=00000&capID3=01Z72&agencyCode=TAMPA
rec-84f34d026c170d81,DEVELOPMENT_COORDINATION|NATIVE|DE1-26-0000166,src-04cb4ef829f42b81,tpa-b8f7f6df8ef9d9,development_coordination,DE1-26-0000166,2026-07-18,2026-07,planning_application_created,CREATEDDATE,source_reported_event,0,0,2026-08-23,2026-08,2026-09-01,2026-09,2026-09-01,2026-09,2,1,In Process,Design Exception 1,Design Exception 1,3517 E 27th Ave,Jackson Heights,https://aca-prod.accela.com/TAMPA/Cap/CapDetail.aspx?Module=Planning&TabName=Planning&capID1=26CAP&capID2=00000&capID3=01ZJM&agencyCode=TAMPA
rec-8f927721f3db79af,DEVELOPMENT_COORDINATION|NATIVE|LND-26-0000124,src-f25dbe4a51f7c09a,tpa-cb3ab8aa9daaf6,development_coordination,LND-26-0000124,2026-07-07,2026-07,planning_application_created,CREATEDDATE,source_reported_event,0,0,2026-08-23,2026-08,2026-09-01,2026-09,2026-09-01,2026-09,2,1,In Process,General Land Use,General Land Use,18205 Crane Nest Dr,Richmond Place,https://aca-prod.accela.com/TAMPA/Cap/CapDetail.aspx?Module=Planning&TabName=Planning&capID1=26CAP&capID2=00000&capID3=01WR9&agencyCode=TAMPA
rec-983ff28972b4868b,DEVELOPMENT_COORDINATION|NATIVE|DE1-26-0000164,src-f0bd648d5a979135,tpa-74161a2e851e34,development_coordination,DE1-26-0000164,2026-07-15,2026-07,planning_application_created,CREATEDDATE,source_reported_event,0,0,2026-08-23,2026-08,2026-09-01,2026-09,2026-09-01,2026-09,2,1,Awaiting Client Reply,Design Exception 1,Design Exception 1,1902 W State St,North Hyde Park,https://aca-prod.accela.com/TAMPA/Cap/CapDetail.aspx?Module=Planning&TabName=Planning&capID1=26CAP&capID2=00000&capID3=01YV4&agencyCode=TAMPA
rec-9ea65fb4646470ff,DEVELOPMENT_COORDINATION|NATIVE|FDN-26-0000109,src-c804b855d788406b,tpa-90f0fe00e8dfed,development_coordination,FDN-26-0000109,2026-07-02,2026-07,planning_application_created,CREATEDDATE,source_reported_event,0,0,2026-08-23,2026-08,2026-09-01,2026-09,2026-09-01,2026-09,2,1,Awaiting Client Reply,Formal Decision,Formal Decision,201 N Dale Mabry Hwy,Oakford Park,https://aca-prod.accela.com/TAMPA/Cap/CapDetail.aspx?Module=Planning&TabName=Planning&capID1=26CAP&capID2=00000&capID3=01VY3&agencyCode=TAMPA
rec-a376fabc0b8cf518,DEVELOPMENT_COORDINATION|NATIVE|DE1-26-0000154,src-04da36234a7b8770,tpa-f8a9296ff61381,development_coordination,DE1-26-0000154,2026-07-02,2026-07,planning_application_created,CREATEDDATE,source_reported_event,0,0,2026-08-23,2026-08,2026-09-01,2026-09,2026-09-01,2026-09,2,1,Open,Design Exception 1,Design Exception 1,1304 N 17th St,Historic Ybor,https://aca-prod.accela.com/TAMPA/Cap/CapDetail.aspx?Module=Planning&TabName=Planning&capID1=26CAP&capID2=00000&capID3=01VXA&agencyCode=TAMPA
rec-a5317fcdded2b91d,DEVELOPMENT_COORDINATION|NATIVE|VRB-26-0000108,src-a8454d861af7e0f5,tpa-8502e9f06a4182,development_coordination,VRB-26-0000108,2026-07-15,2026-07,planning_application_created,CREATEDDATE,source_reported_event,0,0,2026-08-23,2026-08,2026-09-01,2026-09,2026-09-01,2026-09,2,1,Awaiting Client Reply,Variance Review Board,Variance Review Board,910 S Himes Ave,Golfview,https://aca-prod.accela.com/TAMPA/Cap/CapDetail.aspx?Module=Planning&TabName=Planning&capID1=26CAP&capID2=00000&capID3=01YU0&agencyCode=TAMPA
rec-a96ae16c2f9e84d1,DEVELOPMENT_COORDINATION|NATIVE|REZ-26-0000107,src-683b02350626a3af,tpa-f47df07d8ea759,development_coordination,REZ-26-0000107,2026-07-14,2026-07,planning_application_created,CREATEDDATE,source_reported_event,0,0,2026-08-23,2026-08,2026-09-01,2026-09,2026-09-01,2026-09,2,1,In Process,Rezoning,Rezoning,1303 W La Salle St,West Riverfront Neighborhood Crimewatch Association,https://aca-prod.accela.com/TAMPA/Cap/CapDetail.aspx?Module=Planning&TabName=Planning&capID1=26CAP&capID2=00000&capID3=01YIC&agencyCode=TAMPA
rec-ab5f624a3f046c7a,DEVELOPMENT_COORDINATION|NATIVE|VRB-26-0000107,src-6c3ee1aa7c1278ff,tpa-fab7e5aef39d65,development_coordination,VRB-26-0000107,2026-07-15,2026-07,planning_application_created,CREATEDDATE,source_reported_event,0,0,2026-08-23,2026-08,2026-09-01,2026-09,2026-09-01,2026-09,2,1,Awaiting Client Reply,Variance Review Board,Variance Review Board,4111 E Hanna Ave,Northeast Community Crimewatch & Civic Association,https://aca-prod.accela.com/TAMPA/Cap/CapDetail.aspx?Module=Planning&TabName=Planning&capID1=26CAP&capID2=00000&capID3=01YT0&agencyCode=TAMPA
rec-b266ef0a9d7e80fb,DEVELOPMENT_COORDINATION|NATIVE|DE2-26-0000019,src-0062781aa24b7b97,tpa-fa5327f2267a54,development_coordination,DE2-26-0000019,2026-07-14,2026-07,planning_application_created,CREATEDDATE,source_reported_event,0,0,2026-08-23,2026-08,2026-09-01,2026-09,2026-09-01,2026-09,2,1,In Process,Design Exception 2,Design Exception 2,5105 W Cleveland St,Beach Park,https://aca-prod.accela.com/TAMPA/Cap/CapDetail.aspx?Module=Planning&TabName=Planning&capID1=26CAP&capID2=00000&capID3=01YIA&agencyCode=TAMPA
rec-b307bfc7543008ed,DEVELOPMENT_COORDINATION|NATIVE|AB2-26-0000023,src-3bc9643de03cc9aa,tpa-25fda51503ceb2,development_coordination,AB2-26-0000023,2026-07-17,2026-07,planning_application_created,CREATEDDATE,source_reported_event,0,0,2026-08-23,2026-08,2026-08-23,2026-08,2026-08-23,2026-08,1,0,Awaiting Client Reply,AB Special Use 2,AB Special Use 2,10418 N Florida Ave,East Forest Hills,https://aca-prod.accela.com/TAMPA/Cap/CapDetail.aspx?Module=Planning&TabName=Planning&capID1=26CAP&capID2=00000&capID3=01ZBP&agencyCode=TAMPA
rec-b6a8193149012b64,DEVELOPMENT_COORDINATION|NATIVE|VRB-26-0000109,src-68e6e79d53b5a466,tpa-12d512d750cc03,development_coordination,VRB-26-0000109,2026-07-15,2026-07,planning_application_created,CREATEDDATE,source_reported_event,0,0,2026-08-23,2026-08,2026-09-01,2026-09,2026-09-01,2026-09,2,1,Awaiting Client Reply,Variance Review Board,Variance Review Board,2307 W Barclay Rd,Historic Forest Hills,https://aca-prod.accela.com/TAMPA/Cap/CapDetail.aspx?Module=Planning&TabName=Planning&capID1=26CAP&capID2=00000&capID3=01YV5&agencyCode=TAMPA
rec-b8fae8f319a6ad91,DEVELOPMENT_COORDINATION|NATIVE|VRB-26-0000105,src-058e9e28b7d40127,tpa-54aae942f98eef,development_coordination,VRB-26-0000105,2026-07-14,2026-07,planning_application_created,CREATEDDATE,source_reported_event,0,0,2026-08-23,2026-08,2026-09-01,2026-09,2026-09-01,2026-09,2,1,Awaiting Client Reply,Variance Review Board,Variance Review Board,3624 Causeway Blvd,Port of Tampa,https://aca-prod.accela.com/TAMPA/Cap/CapDetail.aspx?Module=Planning&TabName=Planning&capID1=26CAP&capID2=00000&capID3=01YI9&agencyCode=TAMPA
rec-b911ab3440a11dbf,DEVELOPMENT_COORDINATION|NATIVE|TSE-26-0000032,src-ea112f527517c860,tpa-9818fc5a24bac2,development_coordination,TSE-26-0000032,2026-07-30,2026-07,planning_application_created,CREATEDDATE,source_reported_event,0,0,2026-08-23,2026-08,2026-09-01,2026-09,2026-09-01,2026-09,2,1,Awaiting Client Reply,Temp Special Event,Temp Special Event,2511 E Columbus Dr,North Ybor,https://aca-prod.accela.com/TAMPA/Cap/CapDetail.aspx?Module=Planning&TabName=Planning&capID1=26CAP&capID2=00000&capID3=022WP&agencyCode=TAMPA
rec-b9800f09d53b24ba,DEVELOPMENT_COORDINATION|NATIVE|VRB-26-0000116,src-bdc9c14aa20f0fde,tpa-3b3564df2da2d8,development_coordination,VRB-26-0000116,2026-07-31,2026-07,planning_application_created,CREATEDDATE,source_reported_event,0,0,2026-08-23,2026-08,2026-09-01,2026-09,2026-09-01,2026-09,2,1,In Process,Variance Review Board,Variance Review Board,2715 Bayshore Blvd,Bayshore Gardens,https://aca-prod.accela.com/TAMPA/Cap/CapDetail.aspx?Module=Planning&TabName=Planning&capID1=26CAP&capID2=00000&capID3=0233G&agencyCode=TAMPA
rec-bfa6dc6bcccc4fa4,DEVELOPMENT_COORDINATION|NATIVE|VRB-26-0000101,src-7361e5b7b74ad9f3,tpa-fa02f37289b305,development_coordination,VRB-26-0000101,2026-07-09,2026-07,planning_application_created,CREATEDDATE,source_reported_event,0,0,2026-08-23,2026-08,2026-09-01,2026-09,2026-09-01,2026-09,2,1,Awaiting Client Reply,Variance Review Board,Variance Review Board,4402 W Lancaster St,"Port Tampa City, Inc. Civic Association",https://aca-prod.accela.com/TAMPA/Cap/CapDetail.aspx?Module=Planning&TabName=Planning&capID1=26CAP&capID2=00000&capID3=01XEC&agencyCode=TAMPA
rec-cca5ac049274c12f,DEVELOPMENT_COORDINATION|NATIVE|FDN-26-0000114,src-773a97ad74ca23e5,tpa-11eba61b5faa5e,development_coordination,FDN-26-0000114,2026-07-12,2026-07,planning_application_created,CREATEDDATE,source_reported_event,0,0,2026-08-23,2026-08,2026-09-01,2026-09,2026-09-01,2026-09,2,1,Awaiting Client Reply,Formal Decision,Formal Decision,1807 N Mitchell Ave,Encore,https://aca-prod.accela.com/TAMPA/Cap/CapDetail.aspx?Module=Planning&TabName=Planning&capID1=26CAP&capID2=00000&capID3=01XTY&agencyCode=TAMPA
rec-ce24c3168f85b7d4,DEVELOPMENT_COORDINATION|NATIVE|DE1-26-0000153,src-6d944538f318cfe1,tpa-1c18d3c01eaa15,development_coordination,DE1-26-0000153,2026-07-01,2026-07,planning_application_created,CREATEDDATE,source_reported_event,0,0,2026-08-23,2026-08,2026-09-01,2026-09,2026-09-01,2026-09,2,1,In Process,Design Exception 1,Design Exception 1,1917 W Kennedy Blvd,North Hyde Park,https://aca-prod.accela.com/TAMPA/Cap/CapDetail.aspx?Module=Planning&TabName=Planning&capID1=26CAP&capID2=00000&capID3=01VRO&agencyCode=TAMPA
rec-ce34846ce283d5c5,DEVELOPMENT_COORDINATION|NATIVE|DE2-26-0000023,src-150532f464422156,tpa-3c07f2da3c1ed2,development_coordination,DE2-26-0000023,2026-07-30,2026-07,planning_application_created,CREATEDDATE,source_reported_event,0,0,2026-08-23,2026-08,2026-09-01,2026-09,2026-09-01,2026-09,2,1,In Process,Design Exception 2,Design Exception 2,35 W Spanish Main St,Beach Park,https://aca-prod.accela.com/TAMPA/Cap/CapDetail.aspx?Module=Planning&TabName=Planning&capID1=26CAP&capID2=00000&capID3=022VD&agencyCode=TAMPA
rec-d2bfc3ebc75d8a5d,DEVELOPMENT_COORDINATION|NATIVE|DE1-26-0000165,src-2835248485fb575e,tpa-840bd70b6621ac,development_coordination,DE1-26-0000165,2026-07-17,2026-07,planning_application_created,CREATEDDATE,source_reported_event,0,0,2026-08-23,2026-08,2026-09-01,2026-09,2026-09-01,2026-09,2,1,In Process,Design Exception 1,Design Exception 1,101 E Kennedy Blvd,Tampa Downtown Partnership,https://aca-prod.accela.com/TAMPA/Cap/CapDetail.aspx?Module=Planning&TabName=Planning&capID1=26CAP&capID2=00000&capID3=01ZJC&agencyCode=TAMPA
rec-d45627a48f73191f,DEVELOPMENT_COORDINATION|NATIVE|VRB-26-0000106,src-75d996d0db87ace2,tpa-2c49b96ab10920,development_coordination,VRB-26-0000106,2026-07-15,2026-07,planning_application_created,CREATEDDATE,source_reported_event,0,0,2026-08-23,2026-08,2026-09-01,2026-09,2026-09-01,2026-09,2,1,In Process,Variance Review Board,Variance Review Board,4311 W South Ave,Drew Park,https://aca-prod.accela.com/TAMPA/Cap/CapDetail.aspx?Module=Planning&TabName=Planning&capID1=26CAP&capID2=00000&capID3=01YNI&agencyCode=TAMPA
rec-d4b23b2e7e247520,DEVELOPMENT_COORDINATION|NATIVE|VAC-26-0000018,src-b98ffefa652e415b,tpa-c374b5bf29e341,development_coordination,VAC-26-0000018,2026-07-01,2026-07,planning_application_created,CREATEDDATE,source_reported_event,0,0,2026-08-23,2026-08,2026-09-01,2026-09,2026-09-01,2026-09,2,1,In Process,ROW Vacating,ROW Vacating,5912 E Broadway Ave,East Side Commercial,https://aca-prod.accela.com/TAMPA/Cap/CapDetail.aspx?Module=Planning&TabName=Planning&capID1=26CAP&capID2=00000&capID3=01VK6&agencyCode=TAMPA
rec-d6f150897f7b162f,DEVELOPMENT_COORDINATION|NATIVE|REZ-26-0000109,src-b50740dde845bb07,tpa-ef3a6f9b825e1d,development_coordination,REZ-26-0000109,2026-07-16,2026-07,planning_application_created,CREATEDDATE,source_reported_event,0,0,2026-08-23,2026-08,2026-09-01,2026-09,2026-09-01,2026-09,2,1,In Process,Rezoning,Rezoning,4507 W Gray St,Westshore Palms,https://aca-prod.accela.com/TAMPA/Cap/CapDetail.aspx?Module=Planning&TabName=Planning&capID1=26CAP&capID2=00000&capID3=01YW8&agencyCode=TAMPA
rec-d78eeb9240cfae20,DEVELOPMENT_COORDINATION|NATIVE|REZ-26-0000105,src-0f6128efeac4edcb,tpa-4ef54f91315052,development_coordination,REZ-26-0000105,2026-07-10,2026-07,planning_application_created,CREATEDDATE,source_reported_event,0,0,2026-08-23,2026-08,2026-09-01,2026-09,2026-09-01,2026-09,2,1,In Process,Rezoning,Rezoning,20610 Bruce B Downs Blvd,,https://aca-prod.accela.com/TAMPA/Cap/CapDetail.aspx?Module=Planning&TabName=Planning&capID1=26CAP&capID2=00000&capID3=01XQ8&agencyCode=TAMPA
rec-dcf4d1af0f3a0ba3,DEVELOPMENT_COORDINATION|NATIVE|REZ-26-0000110,src-fe5ca2b06b245894,tpa-6a245dc8663ac8,development_coordination,REZ-26-0000110,2026-07-16,2026-07,planning_application_created,CREATEDDATE,source_reported_event,0,0,2026-08-23,2026-08,2026-09-01,2026-09,2026-09-01,2026-09,2,1,In Process,Rezoning,Rezoning,1710 N Tampa St,Tampa Heights,https://aca-prod.accela.com/TAMPA/Cap/CapDetail.aspx?Module=Planning&TabName=Planning&capID1=26CAP&capID2=00000&capID3=01YWQ&agencyCode=TAMPA
rec-df0a627b7af12b86,DEVELOPMENT_COORDINATION|NATIVE|SU1-26-0000072,src-c4ac4336a4d2277a,tpa-2a65f182eeb14c,development_coordination,SU1-26-0000072,2026-07-22,2026-07,planning_application_created,CREATEDDATE,source_reported_event,0,0,2026-08-23,2026-08,2026-09-01,2026-09,2026-09-01,2026-09,2,1,In Process,Special Use 1 - General,Special Use 1 - General,322 W Giddens Ave,South Seminole Heights,https://aca-prod.accela.com/TAMPA/Cap/CapDetail.aspx?Module=Planning&TabName=Planning&capID1=26CAP&capID2=00000&capID3=020P2&agencyCode=TAMPA
rec-e5038abb0e51284d,DEVELOPMENT_COORDINATION|NATIVE|SU1-26-0000073,src-0ed30c49db7027dc,tpa-512922072c445f,development_coordination,SU1-26-0000073,2026-07-27,2026-07,planning_application_created,CREATEDDATE,source_reported_event,0,0,2026-08-23,2026-08,2026-09-01,2026-09,2026-09-01,2026-09,2,1,In Process,Special Use 1 - General,Special Use 1 - General,703 E Broad St,Old Seminole Heights,https://aca-prod.accela.com/TAMPA/Cap/CapDetail.aspx?Module=Planning&TabName=Planning&capID1=26CAP&capID2=00000&capID3=021TC&agencyCode=TAMPA
rec-e73a97620388a75a,DEVELOPMENT_COORDINATION|NATIVE|VRB-26-0000104,src-dc7621d599f8f029,tpa-7ccb87bc542be8,development_coordination,VRB-26-0000104,2026-07-14,2026-07,planning_application_created,CREATEDDATE,source_reported_event,0,0,2026-08-23,2026-08,2026-09-01,2026-09,2026-09-01,2026-09,2,1,Awaiting Client Reply,Variance Review Board,Variance Review Board,3639 S Manhattan Ave,Belmar Gardens,https://aca-prod.accela.com/TAMPA/Cap/CapDetail.aspx?Module=Planning&TabName=Planning&capID1=26CAP&capID2=00000&capID3=01YHU&agencyCode=TAMPA
rec-eda2295952d9bbb1,DEVELOPMENT_COORDINATION|NATIVE|FDN-26-0000113,src-6798d601fc8d66b3,tpa-ad83f58bad1b55,development_coordination,FDN-26-0000113,2026-07-10,2026-07,planning_application_created,CREATEDDATE,source_reported_event,0,0,2026-08-23,2026-08,2026-09-01,2026-09,2026-09-01,2026-09,2,1,In Process,Formal Decision,Formal Decision,801 E Hollywood St,Old Seminole Heights,https://aca-prod.accela.com/TAMPA/Cap/CapDetail.aspx?Module=Planning&TabName=Planning&capID1=26CAP&capID2=00000&capID3=01XNZ&agencyCode=TAMPA
rec-f3d6a29cefd750cb,DEVELOPMENT_COORDINATION|NATIVE|FDN-26-0000111,src-df929fe65b22c811,tpa-73dd7ca5c3137e,development_coordination,FDN-26-0000111,2026-07-07,2026-07,planning_application_created,CREATEDDATE,source_reported_event,0,0,2026-08-23,2026-08,2026-09-01,2026-09,2026-09-01,2026-09,2,1,In Process,Formal Decision,Formal Decision,3810 W Vasconia St,Virginia Park,https://aca-prod.accela.com/TAMPA/Cap/CapDetail.aspx?Module=Planning&TabName=Planning&capID1=26CAP&capID2=00000&capID3=01WHO&agencyCode=TAMPA
rec-f62b40fe251826ae,DEVELOPMENT_COORDINATION|NATIVE|LND-26-0000126,src-6306e00ebfcebbfe,tpa-6c737407b26269,development_coordination,LND-26-0000126,2026-07-28,2026-07,planning_application_created,CREATEDDATE,source_reported_event,0,0,2026-08-23,2026-08,2026-09-01,2026-09,2026-09-01,2026-09,2,1,Awaiting Client Reply,General Land Use,General Land Use,3432 W Beach St,Macfarlane Park,https://aca-prod.accela.com/TAMPA/Cap/CapDetail.aspx?Module=Planning&TabName=Planning&capID1=26CAP&capID2=00000&capID3=0229N&agencyCode=TAMPA
rec-faa15d436a425079,DEVELOPMENT_COORDINATION|NATIVE|REZ-26-0000112,src-26849a85ad7f3403,tpa-7be3412542ac12,development_coordination,REZ-26-0000112,2026-07-23,2026-07,planning_application_created,CREATEDDATE,source_reported_event,0,0,2026-08-23,2026-08,2026-09-01,2026-09,2026-09-01,2026-09,2,1,In Process,Rezoning,Rezoning,2502 W Kansas Ave,Bayshore Gardens,https://aca-prod.accela.com/TAMPA/Cap/CapDetail.aspx?Module=Planning&TabName=Planning&capID1=26CAP&capID2=00000&capID3=020ZS&agencyCode=TAMPA
rec-0009680a4b25c1b2,SINGLE_FAMILY_PERMITS|NATIVE|BLD-26-0523538,src-d73d7ece26655665,tpa-04e4e6e2740001,single_family_permits,BLD-26-0523538,2026-07-06,2026-07,permit_issued,TASK_STATUS_DATE,source_reported_event,0,0,2026-08-23,2026-08,2026-09-01,2026-09,2026-09-01,2026-09,2,1,Revision | Issued,Residential New Construction and Additions (1 and 2 Family),Residential | New Construction and Additions | Building,8409 N Elmer St,Sulphur Springs,https://arcgis.tampagov.net/arcgis/rest/services/OpenData/Planning/MapServer/32
rec-0239c36a5fff3793,SINGLE_FAMILY_PERMITS|NATIVE|BLD-26-0525205,src-926b91b4224b809c,tpa-01b2a34710d1f7,single_family_permits,BLD-26-0525205,2026-07-20,2026-07,permit_issued,TASK_STATUS_DATE,source_reported_event,0,0,2026-08-23,2026-08,2026-09-01,2026-09,2026-09-01,2026-09,2,1,Issued | Issued,Residential New Construction and Additions (1 and 2 Family),Residential | New Construction and Additions | Building,4810 W San Jose St,Sunset Park,https://arcgis.tampagov.net/arcgis/rest/services/OpenData/Planning/MapServer/32
rec-032beceb769cf873,SINGLE_FAMILY_PERMITS|NATIVE|BLD-26-0522729,src-7c42816f86ebfb84,tpa-94ed3dffc9f19d,single_family_permits,BLD-26-0522729,2026-07-08,2026-07,permit_issued,TASK_STATUS_DATE,source_reported_event,0,0,2026-08-23,2026-08,2026-09-01,2026-09,2026-09-01,2026-09,2,1,Issued | Issued,Residential New Construction and Additions (1 and 2 Family),Residential | New Construction and Additions | Building,3204 W Tambay Ave,Bayshore Beautiful,https://arcgis.tampagov.net/arcgis/rest/services/OpenData/Planning/MapServer/32
rec-07eef4faa67db01a,SINGLE_FAMILY_PERMITS|NATIVE|BLD-26-0525900,src-77bfb38dd8aa0ee0,tpa-819a16174b0019,single_family_permits,BLD-26-0525900,2026-07-22,2026-07,permit_issued,TASK_STATUS_DATE,source_reported_event,0,0,2026-08-23,2026-08,2026-09-01,2026-09,2026-09-01,2026-09,2,1,Issued | Issued,Residential New Construction and Additions (1 and 2 Family),Residential | New Construction and Additions | Building,1006 W Adalee St,Riverside Heights,https://arcgis.tampagov.net/arcgis/rest/services/OpenData/Planning/MapServer/32
rec-0a7f22312b04de7a,SINGLE_FAMILY_PERMITS|NATIVE|BLD-26-0525417,src-c2fa7582b79346d0,tpa-f776784384cf54,single_family_permits,BLD-26-0525417,2026-07-21,2026-07,permit_issued,TASK_STATUS_DATE,source_reported_event,0,0,2026-08-23,2026-08,2026-09-01,2026-09,2026-09-01,2026-09,2,1,Issued | Issued,Residential New Construction and Additions (1 and 2 Family),Residential | New Construction and Additions | Building,3606 W Rogers Ave,Interbay - South of Gandy,https://arcgis.tampagov.net/arcgis/rest/services/OpenData/Planning/MapServer/32
rec-0ac814984b4db48e,SINGLE_FAMILY_PERMITS|NATIVE|BLD-26-0524565,src-6da5ebd27661b21a,tpa-ec86e0e5aaa45c,single_family_permits,BLD-26-0524565,2026-07-13,2026-07,permit_issued,TASK_STATUS_DATE,source_reported_event,0,0,2026-08-23,2026-08,2026-09-01,2026-09,2026-09-01,2026-09,2,1,Issued | Issued,Residential New Construction and Additions (1 and 2 Family),Residential | New Construction and Additions | Building,4421 W Leila Ave,Gandy / Sun Bay South,https://arcgis.tampagov.net/arcgis/rest/services/OpenData/Planning/MapServer/32
rec-0d78acf7ecc02954,SINGLE_FAMILY_PERMITS|NATIVE|BLD-24-0509709,src-e3962bde38364de2,tpa-835286970c5efb,single_family_permits,BLD-24-0509709,2026-07-15,2026-07,permit_issued,TASK_STATUS_DATE,source_reported_event,0,0,2026-08-23,2026-08,2026-09-01,2026-09,2026-09-01,2026-09,2,1,Issued | Issued,Residential New Construction and Additions (1 and 2 Family),Residential | New Construction and Additions | Building,2917 E Columbus Dr,Jackson Heights,https://arcgis.tampagov.net/arcgis/rest/services/OpenData/Planning/MapServer/32
rec-0dff12629dbafcc0,SINGLE_FAMILY_PERMITS|NATIVE|BLD-26-0524716,src-d35118b5e32a1e16,tpa-4f29ce4392c677,single_family_permits,BLD-26-0524716,2026-07-01,2026-07,permit_issued,TASK_STATUS_DATE,source_reported_event,0,0,2026-08-23,2026-08,2026-09-01,2026-09,2026-09-01,2026-09,2,1,Issued | Issued,Residential New Construction and Additions (1 and 2 Family),Residential | New Construction and Additions | Building,3423 N 9th St,Ybor Heights Neighborhood Association and Watch Group,https://arcgis.tampagov.net/arcgis/rest/services/OpenData/Planning/MapServer/32
rec-0e2693e04fbc3460,SINGLE_FAMILY_PERMITS|NATIVE|BLD-26-0525901,src-67fd961c0031d02e,tpa-d6ef16e5147ef7,single_family_permits,BLD-26-0525901,2026-07-09,2026-07,permit_issued,TASK_STATUS_DATE,source_reported_event,0,0,2026-08-23,2026-08,2026-09-01,2026-09,2026-09-01,2026-09,2,1,Issued | Issued,Residential New Construction and Additions (1 and 2 Family),Residential | New Construction and Additions | Building,1008 W Adalee St,Riverside Heights,https://arcgis.tampagov.net/arcgis/rest/services/OpenData/Planning/MapServer/32
rec-108ada212cda191c,SINGLE_FAMILY_PERMITS|NATIVE|BLD-26-0525881,src-d6e67f2974023056,tpa-8f1e44bcbcfc75,single_family_permits,BLD-26-0525881,2026-07-29,2026-07,permit_issued,TASK_STATUS_DATE,source_reported_event,0,0,2026-08-23,2026-08,2026-09-01,2026-09,2026-09-01,2026-09,2,1,Revision | Issued,Residential New Construction and Additions (1 and 2 Family),Residential | New Construction and Additions | Building,4003 W Kensington Ave,Virginia Park,https://arcgis.tampagov.net/arcgis/rest/services/OpenData/Planning/MapServer/32
rec-1128beea0a54b564,SINGLE_FAMILY_PERMITS|NATIVE|BLD-25-0513097,src-ddd7e86d09fb81fb,tpa-8a9ee5967b5d1b,single_family_permits,BLD-25-0513097,2026-07-02,2026-07,permit_issued,TASK_STATUS_DATE,source_reported_event,0,0,2026-08-23,2026-08,2026-09-01,2026-09,2026-09-01,2026-09,2,1,Issued | Issued,Residential New Construction and Additions (1 and 2 Family),Residential | New Construction and Additions | Building,2616 W Cypress St,Armory Gardens,https://arcgis.tampagov.net/arcgis/rest/services/OpenData/Planning/MapServer/32
rec-11976684d73b7d82,SINGLE_FAMILY_PERMITS|NATIVE|BLD-26-0522781,src-d136597e2c2e7622,tpa-0bfece608c27b5,single_family_permits,BLD-26-0522781,2026-07-20,2026-07,permit_issued,TASK_STATUS_DATE,source_reported_event,0,0,2026-08-23,2026-08,2026-09-01,2026-09,2026-09-01,2026-09,2,1,Issued | Issued,Residential New Construction and Additions (1 and 2 Family),Residential | New Construction and Additions | Building,2301 W Kenmore Ave,Armenia Gardens Estates,https://arcgis.tampagov.net/arcgis/rest/services/OpenData/Planning/MapServer/32
rec-17b1abd82e919b37,SINGLE_FAMILY_PERMITS|NATIVE|BLD-26-0520606,src-ba2f3081d012f54d,tpa-c3c3b3282ff9a2,single_family_permits,BLD-26-0520606,2026-07-07,2026-07,permit_issued,TASK_STATUS_DATE,source_reported_event,0,0,2026-08-23,2026-08,2026-09-01,2026-09,2026-09-01,2026-09,2,1,Issued | Issued,Residential New Construction and Additions (1 and 2 Family),Residential | New Construction and Additions | Building,231 W Fern St,Old Seminole Heights,https://arcgis.tampagov.net/arcgis/rest/services/OpenData/Planning/MapServer/32
rec-1a3b568231d43324,SINGLE_FAMILY_PERMITS|NATIVE|BLD-26-0524704,src-d98a196dbae5e777,tpa-53c4f7231f2594,single_family_permits,BLD-26-0524704,2026-07-17,2026-07,permit_issued,TASK_STATUS_DATE,source_reported_event,0,0,2026-08-23,2026-08,2026-09-01,2026-09,2026-09-01,2026-09,2,1,Revision | Issued,Residential New Construction and Additions (1 and 2 Family),Residential | New Construction and Additions | Building,4201 W Oklahoma Ave,Gandy / Sun Bay South,https://arcgis.tampagov.net/arcgis/rest/services/OpenData/Planning/MapServer/32
rec-1d04049996c3eaf6,SINGLE_FAMILY_PERMITS|NATIVE|BLD-26-0521504,src-552c0ee2d27f4ad1,tpa-a11df607f1a8ed,single_family_permits,BLD-26-0521504,2026-07-14,2026-07,permit_issued,TASK_STATUS_DATE,source_reported_event,0,0,2026-08-23,2026-08,2026-09-01,2026-09,2026-09-01,2026-09,2,1,Issued | Issued,Residential New Construction and Additions (1 and 2 Family),Residential | New Construction and Additions | Building,9228 N 52nd St,Terrace Park,https://arcgis.tampagov.net/arcgis/rest/services/OpenData/Planning/MapServer/32
rec-25af22701503e31b,SINGLE_FAMILY_PERMITS|NATIVE|BLD-26-0524749,src-e33200aea10d725a,tpa-aabe3fc78f9aed,single_family_permits,BLD-26-0524749,2026-07-14,2026-07,permit_issued,TASK_STATUS_DATE,source_reported_event,0,0,2026-08-23,2026-08,2026-09-01,2026-09,2026-09-01,2026-09,2,1,Issued | Issued,Residential New Construction and Additions (1 and 2 Family),Residential | New Construction and Additions | Building,2133 W Juneau St,Armenia Gardens Estates,https://arcgis.tampagov.net/arcgis/rest/services/OpenData/Planning/MapServer/32
rec-2a5dfd5f756aede6,SINGLE_FAMILY_PERMITS|NATIVE|BLD-26-0524792,src-5752516b650b6b9d,tpa-fed7319c3ecb7c,single_family_permits,BLD-26-0524792,2026-07-02,2026-07,permit_issued,TASK_STATUS_DATE,source_reported_event,0,0,2026-08-23,2026-08,2026-09-01,2026-09,2026-09-01,2026-09,2,1,Issued | Issued,Residential New Construction and Additions (1 and 2 Family),Residential | New Construction and Additions | Building,3706 W Cleveland St,Bon Air,https://arcgis.tampagov.net/arcgis/rest/services/OpenData/Planning/MapServer/32
rec-2aab60ec148aa522,SINGLE_FAMILY_PERMITS|NATIVE|BLD-26-0524170,src-682f3215d15e83fc,tpa-ed77c19c79be8b,single_family_permits,BLD-26-0524170,2026-07-23,2026-07,permit_issued,TASK_STATUS_DATE,source_reported_event,0,0,2026-08-23,2026-08,2026-09-01,2026-09,2026-09-01,2026-09,2,1,Issued | Issued,Residential New Construction and Additions (1 and 2 Family),Residential | New Construction and Additions | Building,8313 N 18th St,Sulphur Springs,https://arcgis.tampagov.net/arcgis/rest/services/OpenData/Planning/MapServer/32
rec-2eaaebb9a861736b,SINGLE_FAMILY_PERMITS|NATIVE|BLD-26-0524966,src-3d5706518461a047,tpa-e71ea48aa9427b,single_family_permits,BLD-26-0524966,2026-07-16,2026-07,permit_issued,TASK_STATUS_DATE,source_reported_event,0,0,2026-08-23,2026-08,2026-09-01,2026-09,2026-09-01,2026-09,2,1,Issued | Issued,Residential New Construction and Additions (1 and 2 Family),Residential | New Construction and Additions | Building,902 W Fribley St,Riverside Heights,https://arcgis.tampagov.net/arcgis/rest/services/OpenData/Planning/MapServer/32
rec-2efc90d5e3fed27a,SINGLE_FAMILY_PERMITS|NATIVE|BLD-26-0525314,src-f23a632a7083784c,tpa-c606c3fb11d3c4,single_family_permits,BLD-26-0525314,2026-07-22,2026-07,permit_issued,TASK_STATUS_DATE,source_reported_event,0,0,2026-08-23,2026-08,2026-09-01,2026-09,2026-09-01,2026-09,2,1,Issued | Issued,Residential New Construction and Additions (1 and 2 Family),Residential | New Construction and Additions | Building,2131 W Juneau St,Armenia Gardens Estates,https://arcgis.tampagov.net/arcgis/rest/services/OpenData/Planning/MapServer/32
rec-326dbb825f571102,SINGLE_FAMILY_PERMITS|NATIVE|BLD-26-0522568,src-4f5646c8a65ed2c6,tpa-1c600b6c876651,single_family_permits,BLD-26-0522568,2026-07-06,2026-07,permit_issued,TASK_STATUS_DATE,source_reported_event,0,0,2026-08-23,2026-08,2026-09-01,2026-09,2026-09-01,2026-09,2,1,Revision | Issued,Residential New Construction and Additions (1 and 2 Family),Residential | New Construction and Additions | Building,633 Ontario Ave,Davis Islands,https://arcgis.tampagov.net/arcgis/rest/services/OpenData/Planning/MapServer/32
rec-3278a4c916932ac5,SINGLE_FAMILY_PERMITS|NATIVE|BLD-26-0525276,src-15cb60bb1b976c27,tpa-e9409f2411ad8b,single_family_permits,BLD-26-0525276,2026-07-17,2026-07,permit_issued,TASK_STATUS_DATE,source_reported_event,0,0,2026-08-23,2026-08,2026-09-01,2026-09,2026-09-01,2026-09,2,1,Issued | Issued,Residential New Construction and Additions (1 and 2 Family),Residential | New Construction and Additions | Building,8406 N Lynn Ave,Lowry Park Central,https://arcgis.tampagov.net/arcgis/rest/services/OpenData/Planning/MapServer/32
rec-33e5074b789793c6,SINGLE_FAMILY_PERMITS|NATIVE|BLD-26-0524991,src-e8bcab78c89f3c66,tpa-94accbceb2eff2,single_family_permits,BLD-26-0524991,2026-07-23,2026-07,permit_issued,TASK_STATUS_DATE,source_reported_event,0,0,2026-08-23,2026-08,2026-09-01,2026-09,2026-09-01,2026-09,2,1,Revision | Issued,Residential New Construction and Additions (1 and 2 Family),Residential | New Construction and Additions | Building,4712 W Melrose Ave,Sunset Park,https://arcgis.tampagov.net/arcgis/rest/services/OpenData/Planning/MapServer/32
rec-34f3cb69825e7de7,SINGLE_FAMILY_PERMITS|NATIVE|BLD-26-0525012,src-9936e0579dd9bd18,tpa-7c48ebf4118995,single_family_permits,BLD-26-0525012,2026-07-15,2026-07,permit_issued,TASK_STATUS_DATE,source_reported_event,0,0,2026-08-23,2026-08,2026-09-01,2026-09,2026-09-01,2026-09,2,1,Issued | Issued,Residential New Construction and Additions (1 and 2 Family),Residential | New Construction and Additions | Building,2803 Sanders Dr,Ballast Point,https://arcgis.tampagov.net/arcgis/rest/services/OpenData/Planning/MapServer/32
rec-35d722d74fdbc801,SINGLE_FAMILY_PERMITS|NATIVE|BLD-26-0525828,src-cbdf2907680ee9d1,tpa-e74dc727132f32,single_family_permits,BLD-26-0525828,2026-07-09,2026-07,permit_issued,TASK_STATUS_DATE,source_reported_event,0,0,2026-08-23,2026-08,2026-09-01,2026-09,2026-09-01,2026-09,2,1,Revision | Issued,Residential New Construction and Additions (1 and 2 Family),Residential | New Construction and Additions | Building,3207 W Wyoming Ave,Interbay - South of Gandy,https://arcgis.tampagov.net/arcgis/rest/services/OpenData/Planning/MapServer/32
rec-379944c6a199bb98,SINGLE_FAMILY_PERMITS|NATIVE|BLD-26-0525637,src-8e85511be8cb460c,tpa-ca9e256b1e6b19,single_family_permits,BLD-26-0525637,2026-07-29,2026-07,permit_issued,TASK_STATUS_DATE,source_reported_event,0,0,2026-08-23,2026-08,2026-09-01,2026-09,2026-09-01,2026-09,2,1,Issued | Issued,Residential New Construction and Additions (1 and 2 Family),Residential | New Construction and Additions | Building,711 W Virginia Ave,Riverside Heights,https://arcgis.tampagov.net/arcgis/rest/services/OpenData/Planning/MapServer/32
rec-3b3f5a1981163efc,SINGLE_FAMILY_PERMITS|NATIVE|BLD-26-0523589,src-80ecfd95cfebb48f,tpa-50ee601e875fa6,single_family_permits,BLD-26-0523589,2026-07-09,2026-07,permit_issued,TASK_STATUS_DATE,source_reported_event,0,0,2026-08-23,2026-08,2026-09-01,2026-09,2026-09-01,2026-09,2,1,Issued | Issued,Residential New Construction and Additions (1 and 2 Family),Residential | New Construction and Additions | Building,3915 W McKay Ave,Swann Estates,https://arcgis.tampagov.net/arcgis/rest/services/OpenData/Planning/MapServer/32
rec-3b52a8dde2432dbb,SINGLE_FAMILY_PERMITS|NATIVE|BLD-26-0523631,src-1a9aa7ff52b53c40,tpa-b986c9fe7f9aeb,single_family_permits,BLD-26-0523631,2026-07-10,2026-07,permit_issued,TASK_STATUS_DATE,source_reported_event,0,0,2026-08-23,2026-08,2026-09-01,2026-09,2026-09-01,2026-09,2,1,Issued | Issued,Residential New Construction and Additions (1 and 2 Family),Residential | New Construction and Additions | Building,811 W Orient St,Riverside Heights,https://arcgis.tampagov.net/arcgis/rest/services/OpenData/Planning/MapServer/32
rec-3d954152dca49eb7,SINGLE_FAMILY_PERMITS|NATIVE|BLD-26-0524931,src-f9faea39add77450,tpa-31dd93d24b8b1d,single_family_permits,BLD-26-0524931,2026-07-07,2026-07,permit_issued,TASK_STATUS_DATE,source_reported_event,0,0,2026-08-23,2026-08,2026-09-01,2026-09,2026-09-01,2026-09,2,1,Issued | Issued,Residential New Construction and Additions (1 and 2 Family),Residential | New Construction and Additions | Building,586 Marmora Ave,Davis Islands,https://arcgis.tampagov.net/arcgis/rest/services/OpenData/Planning/MapServer/32
rec-3f08bf9f0cef412a,SINGLE_FAMILY_PERMITS|NATIVE|BLD-26-0521163,src-1c8ec3757c349964,tpa-dce94fb68a7bb5,single_family_permits,BLD-26-0521163,2026-07-02,2026-07,permit_issued,TASK_STATUS_DATE,source_reported_event,0,0,2026-08-23,2026-08,2026-09-01,2026-09,2026-09-01,2026-09,2,1,Issued | Issued,Residential New Construction and Additions (1 and 2 Family),Residential | New Construction and Additions | Building,8502 N Boulevard,Lowry Park Central,https://arcgis.tampagov.net/arcgis/rest/services/OpenData/Planning/MapServer/32
rec-47b5beb9244fa016,SINGLE_FAMILY_PERMITS|NATIVE|BLD-26-0520659,src-31791c011d903222,tpa-f58623c172b76c,single_family_permits,BLD-26-0520659,2026-07-31,2026-07,permit_issued,TASK_STATUS_DATE,source_reported_event,0,0,2026-08-23,2026-08,2026-09-01,2026-09,2026-09-01,2026-09,2,1,Issued | Issued,Residential New Construction and Additions (1 and 2 Family),Residential | New Construction and Additions | Building,4312 W Watrous Ave,Culbreath Heights,https://arcgis.tampagov.net/arcgis/rest/services/OpenData/Planning/MapServer/32
rec-4c9fbba185ea7b86,SINGLE_FAMILY_PERMITS|NATIVE|BLD-26-0524223,src-37649d4cb7bec0c0,tpa-f96239fb7ba80a,single_family_permits,BLD-26-0524223,2026-07-20,2026-07,permit_issued,TASK_STATUS_DATE,source_reported_event,0,0,2026-08-23,2026-08,2026-09-01,2026-09,2026-09-01,2026-09,2,1,Issued | Issued,Residential New Construction and Additions (1 and 2 Family),Residential | New Construction and Additions | Building,2910 E 32nd Ave,Jackson Heights,https://arcgis.tampagov.net/arcgis/rest/services/OpenData/Planning/MapServer/32
rec-4d424075226151d9,SINGLE_FAMILY_PERMITS|NATIVE|BLD-26-0524747,src-4b98ee116443c39e,tpa-9898638e54449b,single_family_permits,BLD-26-0524747,2026-07-14,2026-07,permit_issued,TASK_STATUS_DATE,source_reported_event,0,0,2026-08-23,2026-08,2026-09-01,2026-09,2026-09-01,2026-09,2,1,Issued | Issued,Residential New Construction and Additions (1 and 2 Family),Residential | New Construction and Additions | Building,2127 W Juneau St,Armenia Gardens Estates,https://arcgis.tampagov.net/arcgis/rest/services/OpenData/Planning/MapServer/32
rec-4ef40a7d6c4edca2,SINGLE_FAMILY_PERMITS|NATIVE|BLD-26-0522732,src-6fcbf3e0ccf20259,tpa-da9744392fb90e,single_family_permits,BLD-26-0522732,2026-07-22,2026-07,permit_issued,TASK_STATUS_DATE,source_reported_event,0,0,2026-08-23,2026-08,2026-09-01,2026-09,2026-09-01,2026-09,2,1,Issued | Issued,Residential New Construction and Additions (1 and 2 Family),Residential | New Construction and Additions | Building,594 Riviera Dr,Davis Islands,https://arcgis.tampagov.net/arcgis/rest/services/OpenData/Planning/MapServer/32
rec-502d27acd4c1fb21,SINGLE_FAMILY_PERMITS|NATIVE|BLD-26-0525073,src-eaf176321e0cd354,tpa-380d9e8a7c30d9,single_family_permits,BLD-26-0525073,2026-07-13,2026-07,permit_issued,TASK_STATUS_DATE,source_reported_event,0,0,2026-08-23,2026-08,2026-09-01,2026-09,2026-09-01,2026-09,2,1,Issued | Issued,Residential New Construction and Additions (1 and 2 Family),Residential | New Construction and Additions | Building,4605 E Regnas Ave,Temple Crest,https://arcgis.tampagov.net/arcgis/rest/services/OpenData/Planning/MapServer/32
rec-5320921ad14bec9c,SINGLE_FAMILY_PERMITS|NATIVE|BLD-26-0522969,src-65ff96570d74fb22,tpa-dbb4bb147cac17,single_family_permits,BLD-26-0522969,2026-07-24,2026-07,permit_issued,TASK_STATUS_DATE,source_reported_event,0,0,2026-08-23,2026-08,2026-09-01,2026-09,2026-09-01,2026-09,2,1,Issued | Issued,Residential New Construction and Additions (1 and 2 Family),Residential | New Construction and Additions | Building,1020 W Rambla St,Historic Forest Hills,https://arcgis.tampagov.net/arcgis/rest/services/OpenData/Planning/MapServer/32
rec-532eb9a452d0ad72,SINGLE_FAMILY_PERMITS|NATIVE|BLD-26-0525422,src-5d8110704865bfc3,tpa-b7cd4c2038e29e,single_family_permits,BLD-26-0525422,2026-07-21,2026-07,permit_issued,TASK_STATUS_DATE,source_reported_event,0,0,2026-08-23,2026-08,2026-09-01,2026-09,2026-09-01,2026-09,2,1,Issued | Issued,Residential New Construction and Additions (1 and 2 Family),Residential | New Construction and Additions | Building,3514 W Pearl Ave,Interbay - South of Gandy,https://arcgis.tampagov.net/arcgis/rest/services/OpenData/Planning/MapServer/32
rec-61436b6323896b15,SINGLE_FAMILY_PERMITS|NATIVE|BLD-26-0525486,src-934fc23a7a227499,tpa-0b608cb967f98d,single_family_permits,BLD-26-0525486,2026-07-31,2026-07,permit_issued,TASK_STATUS_DATE,source_reported_event,0,0,2026-08-23,2026-08,2026-09-01,2026-09,2026-09-01,2026-09,2,1,Issued | Issued,Residential New Construction and Additions (1 and 2 Family),Residential | New Construction and Additions | Building,3617 S Omar Ave,Bel Mar Shores,https://arcgis.tampagov.net/arcgis/rest/services/OpenData/Planning/MapServer/32
rec-6a0cfd704ec91b3d,SINGLE_FAMILY_PERMITS|NATIVE|BLD-26-0525640,src-cbae1e498c3edc56,tpa-3827636b923ac2,single_family_permits,BLD-26-0525640,2026-07-10,2026-07,permit_issued,TASK_STATUS_DATE,source_reported_event,0,0,2026-08-23,2026-08,2026-09-01,2026-09,2026-09-01,2026-09,2,1,Issued | Issued,Residential New Construction and Additions (1 and 2 Family),Residential | New Construction and Additions | Building,4116 W Neptune St,Palma Ceia West,https://arcgis.tampagov.net/arcgis/rest/services/OpenData/Planning/MapServer/32
rec-6f1827d79beddf01,SINGLE_FAMILY_PERMITS|NATIVE|BLD-26-0525425,src-6119930adebd6cb5,tpa-80956699fab5cb,single_family_permits,BLD-26-0525425,2026-07-14,2026-07,permit_issued,TASK_STATUS_DATE,source_reported_event,0,0,2026-08-23,2026-08,2026-09-01,2026-09,2026-09-01,2026-09,2,1,Issued | Issued,Residential New Construction and Additions (1 and 2 Family),Residential | New Construction and Additions | Building,5406 S Himes Ave,Interbay - South of Gandy,https://arcgis.tampagov.net/arcgis/rest/services/OpenData/Planning/MapServer/32
rec-6f71391dc5a60539,SINGLE_FAMILY_PERMITS|NATIVE|BLD-26-0523368,src-c26d8a2c6ad88956,tpa-a433226de95b70,single_family_permits,BLD-26-0523368,2026-07-10,2026-07,permit_issued,TASK_STATUS_DATE,source_reported_event,0,0,2026-08-23,2026-08,2026-09-01,2026-09,2026-09-01,2026-09,2,1,Issued | Issued,Residential New Construction and Additions (1 and 2 Family),Residential | New Construction and Additions | Building,5129 N Jamaica St,Plaza Terrace,https://arcgis.tampagov.net/arcgis/rest/services/OpenData/Planning/MapServer/32
rec-70267f7cee73dd86,SINGLE_FAMILY_PERMITS|NATIVE|BLD-26-0525379,src-266b4fd1837a2659,tpa-92f7071846991b,single_family_permits,BLD-26-0525379,2026-07-08,2026-07,permit_issued,TASK_STATUS_DATE,source_reported_event,0,0,2026-08-23,2026-08,2026-09-01,2026-09,2026-09-01,2026-09,2,1,Issued | Issued,Residential New Construction and Additions (1 and 2 Family),Residential | New Construction and Additions | Building,2806 N Morgan St,Tampa Heights,https://arcgis.tampagov.net/arcgis/rest/services/OpenData/Planning/MapServer/32
rec-720a76d4e2046a5f,SINGLE_FAMILY_PERMITS|NATIVE|BLD-26-0524615,src-dd727bd8d1c015c0,tpa-425a490c293434,single_family_permits,BLD-26-0524615,2026-07-06,2026-07,permit_issued,TASK_STATUS_DATE,source_reported_event,0,0,2026-08-23,2026-08,2026-09-01,2026-09,2026-09-01,2026-09,2,1,Issued | Issued,Residential New Construction and Additions (1 and 2 Family),Residential | New Construction and Additions | Building,1419 E 29th Ave,Ybor Heights Neighborhood Association and Watch Group,https://arcgis.tampagov.net/arcgis/rest/services/OpenData/Planning/MapServer/32
rec-750a513650c9547a,SINGLE_FAMILY_PERMITS|NATIVE|BLD-26-0525356,src-a5d2ac94fba336d3,tpa-f687f897b41c2a,single_family_permits,BLD-26-0525356,2026-07-24,2026-07,permit_issued,TASK_STATUS_DATE,source_reported_event,0,0,2026-08-23,2026-08,2026-09-01,2026-09,2026-09-01,2026-09,2,1,Revision | Issued,Residential New Construction and Additions (1 and 2 Family),Residential | New Construction and Additions | Building,308 N Habana Ave,Armory Gardens,https://arcgis.tampagov.net/arcgis/rest/services/OpenData/Planning/MapServer/32
rec-7556265015256b49,SINGLE_FAMILY_PERMITS|NATIVE|BLD-26-0523094,src-7e8456fca73e540c,tpa-3172f6af3f5aaf,single_family_permits,BLD-26-0523094,2026-07-17,2026-07,permit_issued,TASK_STATUS_DATE,source_reported_event,0,0,2026-08-23,2026-08,2026-09-01,2026-09,2026-09-01,2026-09,2,1,Issued | Issued,Residential New Construction and Additions (1 and 2 Family),Residential | New Construction and Additions | Building,3610 E North St,Woodland Terrace,https://arcgis.tampagov.net/arcgis/rest/services/OpenData/Planning/MapServer/32
rec-75676be931a2d461,SINGLE_FAMILY_PERMITS|NATIVE|BLD-26-0520365,src-f3d66fb1ec90627a,tpa-36fa8e42a8df45,single_family_permits,BLD-26-0520365,2026-07-10,2026-07,permit_issued,TASK_STATUS_DATE,source_reported_event,0,0,2026-08-23,2026-08,2026-09-01,2026-09,2026-09-01,2026-09,2,1,Issued | Issued,Residential New Construction and Additions (1 and 2 Family),Residential | New Construction and Additions | Building,7414 S Morton St,"Port Tampa City, Inc. Civic Association",https://arcgis.tampagov.net/arcgis/rest/services/OpenData/Planning/MapServer/32
rec-78cce3d68357ad65,SINGLE_FAMILY_PERMITS|NATIVE|BLD-26-0521987,src-208b88cd393eb6e6,tpa-93ad1e0ad1e73a,single_family_permits,BLD-26-0521987,2026-07-10,2026-07,permit_issued,TASK_STATUS_DATE,source_reported_event,0,0,2026-08-23,2026-08,2026-09-01,2026-09,2026-09-01,2026-09,2,1,Revision | Issued,Residential New Construction and Additions (1 and 2 Family),Residential | New Construction and Additions | Building,18 Ladoga Ave,Davis Islands,https://arcgis.tampagov.net/arcgis/rest/services/OpenData/Planning/MapServer/32
rec-7c0c4b115499c04d,SINGLE_FAMILY_PERMITS|NATIVE|BLD-26-0524110,src-f85fd30f0c0ae880,tpa-271bf7539d31b0,single_family_permits,BLD-26-0524110,2026-07-16,2026-07,permit_issued,TASK_STATUS_DATE,source_reported_event,0,0,2026-08-23,2026-08,2026-09-01,2026-09,2026-09-01,2026-09,2,1,Issued | Issued,Residential New Construction and Additions (1 and 2 Family),Residential | New Construction and Additions | Building,3409 S Beach Dr,Bel Mar Shores,https://arcgis.tampagov.net/arcgis/rest/services/OpenData/Planning/MapServer/32
rec-7d94d6c2e68bcbca,SINGLE_FAMILY_PERMITS|NATIVE|BLD-26-0525313,src-d3adbc158f64ec99,tpa-6efecb31b53bf9,single_family_permits,BLD-26-0525313,2026-07-22,2026-07,permit_issued,TASK_STATUS_DATE,source_reported_event,0,0,2026-08-23,2026-08,2026-09-01,2026-09,2026-09-01,2026-09,2,1,Issued | Issued,Residential New Construction and Additions (1 and 2 Family),Residential | New Construction and Additions | Building,2129 W Juneau St,Armenia Gardens Estates,https://arcgis.tampagov.net/arcgis/rest/services/OpenData/Planning/MapServer/32
rec-80f4938dbbb67b82,SINGLE_FAMILY_PERMITS|NATIVE|BLD-26-0525382,src-12bbc64e36ebaa9e,tpa-904f5483252c85,single_family_permits,BLD-26-0525382,2026-07-22,2026-07,permit_issued,TASK_STATUS_DATE,source_reported_event,0,0,2026-08-23,2026-08,2026-09-01,2026-09,2026-09-01,2026-09,2,1,Issued | Issued,Residential New Construction and Additions (1 and 2 Family),Residential | New Construction and Additions | Building,531 Luzon Ave,Davis Islands,https://arcgis.tampagov.net/arcgis/rest/services/OpenData/Planning/MapServer/32
rec-8386e2c6353f0645,SINGLE_FAMILY_PERMITS|NATIVE|BLD-26-0521765,src-9e8ebc316aee8f8f,tpa-94484e29be82fb,single_family_permits,BLD-26-0521765,2026-07-09,2026-07,permit_issued,TASK_STATUS_DATE,source_reported_event,0,0,2026-08-23,2026-08,2026-09-01,2026-09,2026-09-01,2026-09,2,1,Issued | Issued,Residential New Construction and Additions (1 and 2 Family),Residential | New Construction and Additions | Building,3503 W Palmira Ave,Palma Ceia,https://arcgis.tampagov.net/arcgis/rest/services/OpenData/Planning/MapServer/32
rec-851027fe4e15c438,SINGLE_FAMILY_PERMITS|NATIVE|BLD-26-0524006,src-4857457b96e5a6fa,tpa-3e5f40439bd6cb,single_family_permits,BLD-26-0524006,2026-07-23,2026-07,permit_issued,TASK_STATUS_DATE,source_reported_event,0,0,2026-08-23,2026-08,2026-09-01,2026-09,2026-09-01,2026-09,2,1,Issued | Issued,Residential New Construction and Additions (1 and 2 Family),Residential | New Construction and Additions | Building,4626 W Bay Court Ave,Bayside West,https://arcgis.tampagov.net/arcgis/rest/services/OpenData/Planning/MapServer/32
rec-881f3e66bccb1f08,SINGLE_FAMILY_PERMITS|NATIVE|BLD-26-0519456,src-e852ec6fda29a58e,tpa-723e5a94cf8f07,single_family_permits,BLD-26-0519456,2026-07-07,2026-07,permit_issued,TASK_STATUS_DATE,source_reported_event,0,0,2026-08-23,2026-08,2026-09-01,2026-09,2026-09-01,2026-09,2,1,Issued | Issued,Residential New Construction and Additions (1 and 2 Family),Residential | New Construction and Additions | Building,1511 E 33rd Ave,College Hill-Belmont Heights,https://arcgis.tampagov.net/arcgis/rest/services/OpenData/Planning/MapServer/32
rec-8d112769370d233f,SINGLE_FAMILY_PERMITS|NATIVE|BLD-26-0525297,src-68686cbd62433b78,tpa-031b3ddc36e559,single_family_permits,BLD-26-0525297,2026-07-10,2026-07,permit_issued,TASK_STATUS_DATE,source_reported_event,0,0,2026-08-23,2026-08,2026-09-01,2026-09,2026-09-01,2026-09,2,1,Issued | Issued,Residential New Construction and Additions (1 and 2 Family),Residential | New Construction and Additions | Building,4836 W San Jose St,Sunset Park,https://arcgis.tampagov.net/arcgis/rest/services/OpenData/Planning/MapServer/32
rec-8d81d1381b63cb86,SINGLE_FAMILY_PERMITS|NATIVE|BLD-26-0523756,src-f7e81b6521c7bb67,tpa-7398a70681d784,single_family_permits,BLD-26-0523756,2026-07-29,2026-07,permit_issued,TASK_STATUS_DATE,source_reported_event,0,0,2026-08-23,2026-08,2026-09-01,2026-09,2026-09-01,2026-09,2,1,Issued | Issued,Residential New Construction and Additions (1 and 2 Family),Residential | New Construction and Additions | Building,631 Hudson Ave,Davis Islands,https://arcgis.tampagov.net/arcgis/rest/services/OpenData/Planning/MapServer/32
rec-8f4ba26f0840cf50,SINGLE_FAMILY_PERMITS|NATIVE|BLD-26-0521060,src-357c6044c102e807,tpa-28b5e4092d2aee,single_family_permits,BLD-26-0521060,2026-07-07,2026-07,permit_issued,TASK_STATUS_DATE,source_reported_event,0,0,2026-08-23,2026-08,2026-09-01,2026-09,2026-09-01,2026-09,2,1,Issued | Issued,Residential New Construction and Additions (1 and 2 Family),Residential | New Construction and Additions | Building,2801 Marconi St,Palmetto Beach,https://arcgis.tampagov.net/arcgis/rest/services/OpenData/Planning/MapServer/32
rec-8f7a90dbb20b0f18,SINGLE_FAMILY_PERMITS|NATIVE|BLD-26-0522085,src-48c6f414f491d9ea,tpa-053a574fda4f86,single_family_permits,BLD-26-0522085,2026-07-02,2026-07,permit_issued,TASK_STATUS_DATE,source_reported_event,0,0,2026-08-23,2026-08,2026-09-01,2026-09,2026-09-01,2026-09,2,1,Issued | Issued,Residential New Construction and Additions (1 and 2 Family),Residential | New Construction and Additions | Building,6210 Sanders Dr,Ballast Point,https://arcgis.tampagov.net/arcgis/rest/services/OpenData/Planning/MapServer/32
rec-8fd41289147360b2,SINGLE_FAMILY_PERMITS|NATIVE|BLD-26-0525827,src-fb6e1c4a3ec4b057,tpa-0051208ccc93a4,single_family_permits,BLD-26-0525827,2026-07-24,2026-07,permit_issued,TASK_STATUS_DATE,source_reported_event,0,0,2026-08-23,2026-08,2026-09-01,2026-09,2026-09-01,2026-09,2,1,Issued | Issued,Residential New Construction and Additions (1 and 2 Family),Residential | New Construction and Additions | Building,210 N Glen Ave,Oakford Park,https://arcgis.tampagov.net/arcgis/rest/services/OpenData/Planning/MapServer/32
rec-9072098bcb76a924,SINGLE_FAMILY_PERMITS|NATIVE|BLD-26-0524614,src-6d37938372948ecd,tpa-29986d3989d8d1,single_family_permits,BLD-26-0524614,2026-07-06,2026-07,permit_issued,TASK_STATUS_DATE,source_reported_event,0,0,2026-08-23,2026-08,2026-09-01,2026-09,2026-09-01,2026-09,2,1,Issued | Issued,Residential New Construction and Additions (1 and 2 Family),Residential | New Construction and Additions | Building,1417 E 29th Ave,Ybor Heights Neighborhood Association and Watch Group,https://arcgis.tampagov.net/arcgis/rest/services/OpenData/Planning/MapServer/32
rec-991130c999a064b7,SINGLE_FAMILY_PERMITS|NATIVE|BLD-26-0524216,src-a0eb8e04a407b6b2,tpa-bc9bbb9bdf075a,single_family_permits,BLD-26-0524216,2026-07-01,2026-07,permit_issued,TASK_STATUS_DATE,source_reported_event,0,0,2026-08-23,2026-08,2026-09-01,2026-09,2026-09-01,2026-09,2,1,Revision | Issued,Residential New Construction and Additions (1 and 2 Family),Residential | New Construction and Additions | Building,4310 S Trask St,Bayside West,https://arcgis.tampagov.net/arcgis/rest/services/OpenData/Planning/MapServer/32
rec-9b114113d55a5d39,SINGLE_FAMILY_PERMITS|NATIVE|BLD-26-0525285,src-99d82cd0e1086a1c,tpa-045b5ccf4eaa0c,single_family_permits,BLD-26-0525285,2026-07-28,2026-07,permit_issued,TASK_STATUS_DATE,source_reported_event,0,0,2026-08-23,2026-08,2026-09-01,2026-09,2026-09-01,2026-09,2,1,Issued | Issued,Residential New Construction and Additions (1 and 2 Family),Residential | New Construction and Additions | Building,2911 W Bay View Ave,Bayshore Beautiful,https://arcgis.tampagov.net/arcgis/rest/services/OpenData/Planning/MapServer/32
rec-9c430a69bb4f1f66,SINGLE_FAMILY_PERMITS|NATIVE|BLD-26-0523948,src-6e9ba6aff15250e5,tpa-f44c975eac3318,single_family_permits,BLD-26-0523948,2026-07-15,2026-07,permit_issued,TASK_STATUS_DATE,source_reported_event,0,0,2026-08-23,2026-08,2026-09-01,2026-09,2026-09-01,2026-09,2,1,Issued | Issued,Residential New Construction and Additions (1 and 2 Family),Residential | New Construction and Additions | Building,75 Ladoga Ave,Davis Islands,https://arcgis.tampagov.net/arcgis/rest/services/OpenData/Planning/MapServer/32
rec-a1f66d58f6fa1e88,SINGLE_FAMILY_PERMITS|NATIVE|BLD-26-0520412,src-28e9015f5b300cfb,tpa-4c69fbae4aefed,single_family_permits,BLD-26-0520412,2026-07-06,2026-07,permit_issued,TASK_STATUS_DATE,source_reported_event,0,0,2026-08-23,2026-08,2026-09-01,2026-09,2026-09-01,2026-09,2,1,Issued | Issued,Residential New Construction and Additions (1 and 2 Family),Residential | New Construction and Additions | Building,8311 N 11th St,Sulphur Springs,https://arcgis.tampagov.net/arcgis/rest/services/OpenData/Planning/MapServer/32
rec-a2ee34eeba7e3e3d,SINGLE_FAMILY_PERMITS|NATIVE|BLD-24-0509708,src-0f0580055e674380,tpa-091ed6d5018ab8,single_family_permits,BLD-24-0509708,2026-07-15,2026-07,permit_issued,TASK_STATUS_DATE,source_reported_event,0,0,2026-08-23,2026-08,2026-09-01,2026-09,2026-09-01,2026-09,2,1,Issued | Issued,Residential New Construction and Additions (1 and 2 Family),Residential | New Construction and Additions | Building,2917 E Columbus Dr,Jackson Heights,https://arcgis.tampagov.net/arcgis/rest/services/OpenData/Planning/MapServer/32
rec-b347db9fbbf72317,SINGLE_FAMILY_PERMITS|NATIVE|BLD-26-0522696,src-a8917327b5879c94,tpa-8323d4dff59e40,single_family_permits,BLD-26-0522696,2026-07-29,2026-07,permit_issued,TASK_STATUS_DATE,source_reported_event,0,0,2026-08-23,2026-08,2026-09-01,2026-09,2026-09-01,2026-09,2,1,Issued | Issued,Residential New Construction and Additions (1 and 2 Family),Residential | New Construction and Additions | Building,2913 N 20th St,North Ybor,https://arcgis.tampagov.net/arcgis/rest/services/OpenData/Planning/MapServer/32
rec-b3eb31a37c39c35e,SINGLE_FAMILY_PERMITS|NATIVE|BLD-26-0524987,src-552ba79809c3a186,tpa-ffb0e74ef7c0d2,single_family_permits,BLD-26-0524987,2026-07-23,2026-07,permit_issued,TASK_STATUS_DATE,source_reported_event,0,0,2026-08-23,2026-08,2026-09-01,2026-09,2026-09-01,2026-09,2,1,Revision | Issued,Residential New Construction and Additions (1 and 2 Family),Residential | New Construction and Additions | Building,4506 W San Rafael St,Sunset Park,https://arcgis.tampagov.net/arcgis/rest/services/OpenData/Planning/MapServer/32
rec-b952d50ac9357c28,SINGLE_FAMILY_PERMITS|NATIVE|BLD-26-0524795,src-aeda7ebbf7ff8da1,tpa-9e6b2e05d23e11,single_family_permits,BLD-26-0524795,2026-07-10,2026-07,permit_issued,TASK_STATUS_DATE,source_reported_event,0,0,2026-08-23,2026-08,2026-09-01,2026-09,2026-09-01,2026-09,2,1,Issued | Issued,Residential New Construction and Additions (1 and 2 Family),Residential | New Construction and Additions | Building,1042 S Sterling Ave,Golfview,https://arcgis.tampagov.net/arcgis/rest/services/OpenData/Planning/MapServer/32
rec-c109947247bdea8e,SINGLE_FAMILY_PERMITS|NATIVE|BLD-26-0523448,src-3dd5e9fe5cfe77b2,tpa-3506efd9a7eea3,single_family_permits,BLD-26-0523448,2026-07-21,2026-07,permit_issued,TASK_STATUS_DATE,source_reported_event,0,0,2026-08-23,2026-08,2026-09-01,2026-09,2026-09-01,2026-09,2,1,Issued | Issued,Residential New Construction and Additions (1 and 2 Family),Residential | New Construction and Additions | Building,2506 E 18th Ave,North Ybor,https://arcgis.tampagov.net/arcgis/rest/services/OpenData/Planning/MapServer/32
rec-c22e11887fe04f0e,SINGLE_FAMILY_PERMITS|NATIVE|BLD-26-0523454,src-57050a0daadd8d4f,tpa-a26828f294e5ed,single_family_permits,BLD-26-0523454,2026-07-20,2026-07,permit_issued,TASK_STATUS_DATE,source_reported_event,0,0,2026-08-23,2026-08,2026-09-01,2026-09,2026-09-01,2026-09,2,1,Issued | Issued,Residential New Construction and Additions (1 and 2 Family),Residential | New Construction and Additions | Building,2939 W Beach St,Macfarlane Park,https://arcgis.tampagov.net/arcgis/rest/services/OpenData/Planning/MapServer/32
rec-c2f5ac3f399e500e,SINGLE_FAMILY_PERMITS|NATIVE|BLD-26-0524186,src-c5858d62ec8e4ae5,tpa-6c9c8d5a41ec9f,single_family_permits,BLD-26-0524186,2026-07-27,2026-07,permit_issued,TASK_STATUS_DATE,source_reported_event,0,0,2026-08-23,2026-08,2026-09-01,2026-09,2026-09-01,2026-09,2,1,Issued | Issued,Residential New Construction and Additions (1 and 2 Family),Residential | New Construction and Additions | Building,903 W Fribley St,Riverside Heights,https://arcgis.tampagov.net/arcgis/rest/services/OpenData/Planning/MapServer/32
rec-c338f7df0bb65e47,SINGLE_FAMILY_PERMITS|NATIVE|BLD-26-0523469,src-f2e5f956af7b7e25,tpa-30b412a70a928f,single_family_permits,BLD-26-0523469,2026-07-06,2026-07,permit_issued,TASK_STATUS_DATE,source_reported_event,0,0,2026-08-23,2026-08,2026-09-01,2026-09,2026-09-01,2026-09,2,1,Issued | Issued,Residential New Construction and Additions (1 and 2 Family),Residential | New Construction and Additions | Building,319 Columbia Dr,Davis Islands,https://arcgis.tampagov.net/arcgis/rest/services/OpenData/Planning/MapServer/32
rec-c6c2e53c252df01c,SINGLE_FAMILY_PERMITS|NATIVE|BLD-26-0524976,src-cc84484f60c8638b,tpa-fa89c4d3ba80fb,single_family_permits,BLD-26-0524976,2026-07-21,2026-07,permit_issued,TASK_STATUS_DATE,source_reported_event,0,0,2026-08-23,2026-08,2026-09-01,2026-09,2026-09-01,2026-09,2,1,Revision | Issued,Residential New Construction and Additions (1 and 2 Family),Residential | New Construction and Additions | Building,4106 E Ellicott St,The Legacy of Fair Oaks,https://arcgis.tampagov.net/arcgis/rest/services/OpenData/Planning/MapServer/32
rec-cc755b1e0d81b968,SINGLE_FAMILY_PERMITS|NATIVE|BLD-26-0524288,src-800b00253d7d0bd6,tpa-2b48642ee2c461,single_family_permits,BLD-26-0524288,2026-07-08,2026-07,permit_issued,TASK_STATUS_DATE,source_reported_event,0,0,2026-08-23,2026-08,2026-09-01,2026-09,2026-09-01,2026-09,2,1,Issued | Issued,Residential New Construction and Additions (1 and 2 Family),Residential | New Construction and Additions | Building,46 Columbia Dr,Davis Islands,https://arcgis.tampagov.net/arcgis/rest/services/OpenData/Planning/MapServer/32
rec-ce05ee841d9ce197,SINGLE_FAMILY_PERMITS|NATIVE|BLD-26-0524480,src-3818232bd3a248b8,tpa-f335765362b5a5,single_family_permits,BLD-26-0524480,2026-07-09,2026-07,permit_issued,TASK_STATUS_DATE,source_reported_event,0,0,2026-08-23,2026-08,2026-09-01,2026-09,2026-09-01,2026-09,2,1,Issued | Issued,Residential New Construction and Additions (1 and 2 Family),Residential | New Construction and Additions | Building,4420 W Kensington Ave,Belmar Gardens,https://arcgis.tampagov.net/arcgis/rest/services/OpenData/Planning/MapServer/32
rec-d00df939eb894559,SINGLE_FAMILY_PERMITS|NATIVE|BLD-26-0523635,src-27c5f56c4a1e8c7d,tpa-e3a28faabb2702,single_family_permits,BLD-26-0523635,2026-07-27,2026-07,permit_issued,TASK_STATUS_DATE,source_reported_event,0,0,2026-08-23,2026-08,2026-09-01,2026-09,2026-09-01,2026-09,2,1,Issued | Issued,Residential New Construction and Additions (1 and 2 Family),Residential | New Construction and Additions | Building,907 W Fribley St,Riverside Heights,https://arcgis.tampagov.net/arcgis/rest/services/OpenData/Planning/MapServer/32
rec-d27635038073d5aa,SINGLE_FAMILY_PERMITS|NATIVE|BLD-26-0520687,src-b2037d71d3c9deeb,tpa-20100da395bb0d,single_family_permits,BLD-26-0520687,2026-07-27,2026-07,permit_issued,TASK_STATUS_DATE,source_reported_event,0,0,2026-08-23,2026-08,2026-09-01,2026-09,2026-09-01,2026-09,2,1,Issued | Issued,Residential New Construction and Additions (1 and 2 Family),Residential | New Construction and Additions | Building,1510 S Bay Villa Pl,Bayshore Gardens,https://arcgis.tampagov.net/arcgis/rest/services/OpenData/Planning/MapServer/32
rec-da8be63708cff8a8,SINGLE_FAMILY_PERMITS|NATIVE|BLD-26-0523828,src-fba7600e4bc04933,tpa-b1719030b0d422,single_family_permits,BLD-26-0523828,2026-07-06,2026-07,permit_issued,TASK_STATUS_DATE,source_reported_event,0,0,2026-08-23,2026-08,2026-09-01,2026-09,2026-09-01,2026-09,2,1,Issued | Issued,Residential New Construction and Additions (1 and 2 Family),Residential | New Construction and Additions | Building,3005 W Meadow St,Ballast Point,https://arcgis.tampagov.net/arcgis/rest/services/OpenData/Planning/MapServer/32
rec-efa6729f7a1ce9bd,SINGLE_FAMILY_PERMITS|NATIVE|BLD-26-0524311,src-107f7d2e50016b4c,tpa-3e657b6d6cfb4e,single_family_permits,BLD-26-0524311,2026-07-29,2026-07,permit_issued,TASK_STATUS_DATE,source_reported_event,0,0,2026-08-23,2026-08,2026-09-01,2026-09,2026-09-01,2026-09,2,1,Issued | Issued,Residential New Construction and Additions (1 and 2 Family),Residential | New Construction and Additions | Building,3212 W San Juan St,Palma Ceia,https://arcgis.tampagov.net/arcgis/rest/services/OpenData/Planning/MapServer/32
rec-f0d49ba8b20187e9,SINGLE_FAMILY_PERMITS|NATIVE|BLD-26-0524770,src-59715c4ad45c654d,tpa-91e2e6c6a04c7a,single_family_permits,BLD-26-0524770,2026-07-02,2026-07,permit_issued,TASK_STATUS_DATE,source_reported_event,0,0,2026-08-23,2026-08,2026-09-01,2026-09,2026-09-01,2026-09,2,1,Issued | Issued,Residential New Construction and Additions (1 and 2 Family),Residential | New Construction and Additions | Building,3116 W San Jose St,Palma Ceia,https://arcgis.tampagov.net/arcgis/rest/services/OpenData/Planning/MapServer/32
rec-f328e9b7afccb0ed,SINGLE_FAMILY_PERMITS|NATIVE|BLD-26-0522190,src-e7eb8e947cdec10d,tpa-37a87599ccecee,single_family_permits,BLD-26-0522190,2026-07-03,2026-07,permit_issued,TASK_STATUS_DATE,source_reported_event,0,0,2026-08-23,2026-08,2026-09-01,2026-09,2026-09-01,2026-09,2,1,Issued | Issued,Residential New Construction and Additions (1 and 2 Family),Residential | New Construction and Additions | Building,3823 W Gray St,North Bon Air,https://arcgis.tampagov.net/arcgis/rest/services/OpenData/Planning/MapServer/32
rec-f38683f09b2dbb0f,SINGLE_FAMILY_PERMITS|NATIVE|BLD-26-0523449,src-81667a1434fb726d,tpa-46c6713638fb90,single_family_permits,BLD-26-0523449,2026-07-21,2026-07,permit_issued,TASK_STATUS_DATE,source_reported_event,0,0,2026-08-23,2026-08,2026-09-01,2026-09,2026-09-01,2026-09,2,1,Issued | Issued,Residential New Construction and Additions (1 and 2 Family),Residential | New Construction and Additions | Building,2508 E 18th Ave,North Ybor,https://arcgis.tampagov.net/arcgis/rest/services/OpenData/Planning/MapServer/32
rec-f457c034e29d8cc4,SINGLE_FAMILY_PERMITS|NATIVE|BLD-26-0525281,src-8e589a062d8a10ad,tpa-db661374029fa4,single_family_permits,BLD-26-0525281,2026-07-28,2026-07,permit_issued,TASK_STATUS_DATE,source_reported_event,0,0,2026-08-23,2026-08,2026-09-01,2026-09,2026-09-01,2026-09,2,1,Issued | Issued,Residential New Construction and Additions (1 and 2 Family),Residential | New Construction and Additions | Building,4508 W San Rafael St,Sunset Park,https://arcgis.tampagov.net/arcgis/rest/services/OpenData/Planning/MapServer/32
rec-fa5b1aa6617b9673,SINGLE_FAMILY_PERMITS|NATIVE|BLD-26-0520686,src-ec99a2788710a187,tpa-951e1ec3d57f7c,single_family_permits,BLD-26-0520686,2026-07-09,2026-07,permit_issued,TASK_STATUS_DATE,source_reported_event,0,0,2026-08-23,2026-08,2026-09-01,2026-09,2026-09-01,2026-09,2,1,Issued | Issued,Residential New Construction and Additions (1 and 2 Family),Residential | New Construction and Additions | Building,1510 S Bay Villa Pl,Bayshore Gardens,https://arcgis.tampagov.net/arcgis/rest/services/OpenData/Planning/MapServer/32
rec-fea8f03c57c87dd8,SINGLE_FAMILY_PERMITS|NATIVE|BLD-26-0525235,src-3e1cfad24c78a3ac,tpa-f2d2124064a194,single_family_permits,BLD-26-0525235,2026-07-15,2026-07,permit_issued,TASK_STATUS_DATE,source_reported_event,0,0,2026-08-23,2026-08,2026-09-01,2026-09,2026-09-01,2026-09,2,1,Issued | Issued,Residential New Construction and Additions (1 and 2 Family),Residential | New Construction and Additions | Building,4721 Ohio Ave,Gandy / Sun Bay South,https://arcgis.tampagov.net/arcgis/rest/services/OpenData/Planning/MapServer/32
rec-ff6154ad10bcc6ca,SINGLE_FAMILY_PERMITS|NATIVE|BLD-26-0526027,src-c6854fe92f2ec4b8,tpa-d5fe28fc2fc8e9,single_family_permits,BLD-26-0526027,2026-07-17,2026-07,permit_issued,TASK_STATUS_DATE,source_reported_event,0,0,2026-08-23,2026-08,2026-09-01,2026-09,2026-09-01,2026-09,2,1,Revision | Issued,Residential New Construction and Additions (1 and 2 Family),Residential | New Construction and Additions | Building,1401 E 29th Ave,Ybor Heights Neighborhood Association and Watch Group,https://arcgis.tampagov.net/arcgis/rest/services/OpenData/Planning/MapServer/32
