record_id,record_identity,source_record_key,activity_id,source_name,source_record_id,event_date,event_month,event_date_type,event_date_source_field,event_date_basis,event_date_is_planned,event_date_is_after_snapshot,first_observed_date,first_observed_month,last_observed_date,last_observed_month,snapshot_date,snapshot_month,observation_count,currently_observed,status,project_name,record_type,address,neighborhood,source_url
rec-1441fffca52d1712,CAPITAL_IMPROVEMENTS|NATIVE|1002401|GLOBALID|{9724298A-5B4D-4E4A-A18A-918469C0559B},src-70bae7373da1f440,tpa-69474d33a67c4d,capital_improvements,1002401,2026-01-19,2026-01,capital_planned_start,planstart,source_reported_plan,1,0,2026-08-23,2026-08,2026-09-01,2026-09,2026-09-01,2026-09,2,1,Closeout,Athletic Field Lighting - Himes Avenue Sports Complex,Parks & Recreation,,FairOaks Manhattan,https://apps.tampagov.net/Directory_Lister/FileHandler.ashx?file=GIS%2f1002401.pdf
rec-a3b6f7b306fbf467,CAPITAL_IMPROVEMENTS|NATIVE|WTR-20-0001.11,src-f2fdbb6c587a255f,tpa-3ec359f44a049e,capital_improvements,WTR-20-0001.11,2026-01-19,2026-01,capital_planned_start,planstart,source_reported_plan,1,0,2026-08-23,2026-08,2026-09-01,2026-09,2026-09-01,2026-09,2,1,Final Contract Review & Approval,Sitewide Electrical Improvement,Water,,Old Seminole Heights,https://apps.tampagov.net/Directory_Lister/FileHandler.ashx?file=GIS%2fWTR-20-0001.11.pdf
rec-d52f81ec499f99c8,CAPITAL_IMPROVEMENTS|GLOBALID|{FF75DBD1-A711-4047-B067-BDB7FD531873},src-73b626e2ec24e8ae,tpa-97eda886278a0b,capital_improvements,0000000,2026-01-01,2026-01,capital_planned_start,planstart,source_reported_plan,1,0,2026-08-23,2026-08,2026-09-01,2026-09,2026-09-01,2026-09,2,1,Planning,CRA-ET Stormwater Pond at N 22nd Street between Chelsea Street and Osborne Avenue,Stormwater Engineering,,Historic Belmont Heights,https://apps.tampagov.net/Directory_Lister/FileHandler.ashx?file=GIS%2f0000000.pdf
rec-256d650042030d90,CAPITAL_LOCATIONS_LINE|NATIVE|1002380,src-68f3dfe0cb1d9565,tpa-50626600fc391a,capital_locations_line,1002380,2026-01-01,2026-01,capital_planned_start,planstart,source_reported_plan,1,0,2026-08-23,2026-08,2026-09-01,2026-09,2026-09-01,2026-09,2,1,Permitting/Submittals Approval,Nebraska and Busch Blvd,Wastewater,,,https://arcgis.tampagov.net/arcgis/rest/services/CapitalProjects/CityWideProjectsPublic/FeatureServer/1
rec-4701f98069e13431,CAPITAL_LOCATIONS_POLYGON|NATIVE|SW50019,src-b56d0dd181ac9498,tpa-ea21c7053f823c,capital_locations_polygon,SW50019,2026-01-31,2026-01,capital_planned_start,planstart,source_reported_plan,1,0,2026-08-23,2026-08,2026-09-01,2026-09,2026-09-01,2026-09,2,1,Contract Negotiations,17TH & Annona,Stormwater,,University Square,https://apps.tampagov.net/Directory_Lister/FileHandler.ashx?file=GIS%2fSW50019.pdf
rec-00c55f4939c88275,CONSTRUCTION_INSPECTIONS|NATIVE|BLD-26-0521573,src-d1d2e97bbfe0be24,tpa-5f53e7bac9b620,construction_inspections,BLD-26-0521573,2026-01-02,2026-01,permit_record_created,CREATEDDATE,source_record_metadata,0,0,2026-08-23,2026-08,2026-08-23,2026-08,2026-08-23,2026-08,1,0,Revision,OWNER / Porch/Carport converted to Living Space,Residential New Construction and Additions (1 and 2 Family),3113 W Beach St,Macfarlane Park,https://aca-prod.accela.com/TAMPA/Cap/CapDetail.aspx?Module=Building&TabName=Building&capID1=26CAP&capID2=00000&capID3=0003V&agencyCode=TAMPA
rec-01edf03626d3d726,CONSTRUCTION_INSPECTIONS|NATIVE|BLD-26-0521641,src-c7d4ab3d566a38cf,tpa-d8629c12856a3e,construction_inspections,BLD-26-0521641,2026-01-06,2026-01,permit_record_created,CREATEDDATE,source_record_metadata,0,0,2026-08-23,2026-08,2026-09-01,2026-09,2026-09-01,2026-09,2,1,Issued,PP: ADDITION - Bedroom and bathroom,Residential New Construction and Additions (1 and 2 Family),1703 E Fern St,Old Seminole Heights,https://aca-prod.accela.com/TAMPA/Cap/CapDetail.aspx?Module=Building&TabName=Building&capID1=26CAP&capID2=00000&capID3=000J2&agencyCode=TAMPA
rec-02320b614da4db28,CONSTRUCTION_INSPECTIONS|NATIVE|BLD-26-0522072,src-3123a1b0ebf619a1,tpa-0a67b4c1803ebe,construction_inspections,BLD-26-0522072,2026-01-23,2026-01,permit_record_created,CREATEDDATE,source_record_metadata,0,0,2026-08-23,2026-08,2026-09-01,2026-09,2026-09-01,2026-09,2,1,Issued,New SFR,Residential New Construction and Additions (1 and 2 Family),508 E James St,Tampa Heights,https://aca-prod.accela.com/TAMPA/Cap/CapDetail.aspx?Module=Building&TabName=Building&capID1=26CAP&capID2=00000&capID3=0046N&agencyCode=TAMPA
rec-05e361657f5d6d2c,CONSTRUCTION_INSPECTIONS|NATIVE|BLD-26-0521627,src-48d7a7e8095c9432,tpa-ed33819e054cf5,construction_inspections,BLD-26-0521627,2026-01-06,2026-01,permit_record_created,CREATEDDATE,source_record_metadata,0,0,2026-08-23,2026-08,2026-09-01,2026-09,2026-09-01,2026-09,2,1,Revision,FEMA: Int./Ext. remodel,Residential Building Alterations (Renovations),208 W Davis Blvd,Davis Islands,https://aca-prod.accela.com/TAMPA/Cap/CapDetail.aspx?Module=Building&TabName=Building&capID1=26CAP&capID2=00000&capID3=000F3&agencyCode=TAMPA
rec-0ac547f9f046a8de,CONSTRUCTION_INSPECTIONS|NATIVE|BLD-26-0522166,src-512b7d7d4b22e730,tpa-1a794081c1cc17,construction_inspections,BLD-26-0522166,2026-01-27,2026-01,permit_record_created,CREATEDDATE,source_record_metadata,0,0,2026-08-23,2026-08,2026-09-01,2026-09,2026-09-01,2026-09,2,1,Issued,NEW SFR,Residential New Construction and Additions (1 and 2 Family),3207 W Palmetto St,Macfarlane Park,https://aca-prod.accela.com/TAMPA/Cap/CapDetail.aspx?Module=Building&TabName=Building&capID1=26CAP&capID2=00000&capID3=004VG&agencyCode=TAMPA
rec-0b5fdf0bfb6b155c,CONSTRUCTION_INSPECTIONS|NATIVE|BLD-26-0522157,src-c01ada78df2db3ad,tpa-0bd5a7d093f8e7,construction_inspections,BLD-26-0522157,2026-01-27,2026-01,permit_record_created,CREATEDDATE,source_record_metadata,0,0,2026-08-23,2026-08,2026-09-01,2026-09,2026-09-01,2026-09,2,1,Issued,FEMA: PP: New 3 story SFR,Residential New Construction and Additions (1 and 2 Family),524 Columbia Dr,Davis Islands,https://aca-prod.accela.com/TAMPA/Cap/CapDetail.aspx?Module=Building&TabName=Building&capID1=26CAP&capID2=00000&capID3=004RG&agencyCode=TAMPA
rec-0c7e9eb719404ceb,CONSTRUCTION_INSPECTIONS|NATIVE|BLD-26-0521951,src-e7e200453fb42df9,tpa-024fafce1b1110,construction_inspections,BLD-26-0521951,2026-01-18,2026-01,permit_record_created,CREATEDDATE,source_record_metadata,0,0,2026-08-23,2026-08,2026-09-01,2026-09,2026-09-01,2026-09,2,1,Revision,FEMA - Interior Alteration - Raise Floor,Residential Building Alterations (Renovations),2605 W Lykes Ct,Ballast Point,https://aca-prod.accela.com/TAMPA/Cap/CapDetail.aspx?Module=Building&TabName=Building&capID1=26CAP&capID2=00000&capID3=0031S&agencyCode=TAMPA
rec-0d9bb062466f83eb,CONSTRUCTION_INSPECTIONS|NATIVE|BLD-26-0522029,src-1f4a12f68b27a297,tpa-d0dbc1ea81a8fa,construction_inspections,BLD-26-0522029,2026-01-21,2026-01,permit_record_created,CREATEDDATE,source_record_metadata,0,0,2026-08-23,2026-08,2026-09-01,2026-09,2026-09-01,2026-09,2,1,Issued,PP: New 2-Story SFR,Residential New Construction and Additions (1 and 2 Family),2107 S Clark Ave,Palma Ceia West,https://aca-prod.accela.com/TAMPA/Cap/CapDetail.aspx?Module=Building&TabName=Building&capID1=26CAP&capID2=00000&capID3=003QT&agencyCode=TAMPA
rec-0dd3ca5239fc830f,CONSTRUCTION_INSPECTIONS|NATIVE|BLD-26-0522168,src-adaa66acb81d59d7,tpa-9d627e95ad566a,construction_inspections,BLD-26-0522168,2026-01-27,2026-01,permit_record_created,CREATEDDATE,source_record_metadata,0,0,2026-08-23,2026-08,2026-09-01,2026-09,2026-09-01,2026-09,2,1,Issued,New 2 Story Fee Simple Townhome: Unit 2,Residential New Construction and Additions (1 and 2 Family),2412 W Carmen St,Armory Gardens,https://aca-prod.accela.com/TAMPA/Cap/CapDetail.aspx?Module=Building&TabName=Building&capID1=26CAP&capID2=00000&capID3=004W0&agencyCode=TAMPA
rec-0e2b360624ecb9a3,CONSTRUCTION_INSPECTIONS|NATIVE|BLD-26-0521651,src-4de66c8ff48fc9e4,tpa-316227fb332caf,construction_inspections,BLD-26-0521651,2026-01-06,2026-01,permit_record_created,CREATEDDATE,source_record_metadata,0,0,2026-08-23,2026-08,2026-09-01,2026-09,2026-09-01,2026-09,2,1,Revision,Interior/Exterior Alteration - Hargrett Properties LLC,Commercial Building Alterations (Renovations),2409 E Lake Ave,College Hill-Belmont Heights,https://aca-prod.accela.com/TAMPA/Cap/CapDetail.aspx?Module=Building&TabName=Building&capID1=26CAP&capID2=00000&capID3=000KV&agencyCode=TAMPA
rec-0f030eec441a1d66,CONSTRUCTION_INSPECTIONS|NATIVE|BDE-26-0445309,src-eb136cd052451f2b,tpa-9e1393b3fc4ee2,construction_inspections,BDE-26-0445309,2026-01-28,2026-01,permit_record_created,CREATEDDATE,source_record_metadata,0,0,2026-08-23,2026-08,2026-09-01,2026-09,2026-09-01,2026-09,2,1,Issued,Demo SFR,Residential Demolition Permit,4010 W Knights Ave,FairOaks Manhattan,https://aca-prod.accela.com/TAMPA/Cap/CapDetail.aspx?Module=Building&TabName=Building&capID1=26CAP&capID2=00000&capID3=0050L&agencyCode=TAMPA
rec-1141e8523756f70a,CONSTRUCTION_INSPECTIONS|NATIVE|BDE-26-0445284,src-b4065f916e1115d8,tpa-5faab6a61467df,construction_inspections,BDE-26-0445284,2026-01-14,2026-01,permit_record_created,CREATEDDATE,source_record_metadata,0,0,2026-08-23,2026-08,2026-09-01,2026-09,2026-09-01,2026-09,2,1,Issued,Demo SFR,Residential Demolition Permit,35 W Spanish Main St,Beach Park,https://aca-prod.accela.com/TAMPA/Cap/CapDetail.aspx?Module=Building&TabName=Building&capID1=26CAP&capID2=00000&capID3=002B0&agencyCode=TAMPA
rec-13b8e4f8cc7a81c4,CONSTRUCTION_INSPECTIONS|NATIVE|BLD-26-0522156,src-bf0a18a3937fe9f5,tpa-edd16ea03e4459,construction_inspections,BLD-26-0522156,2026-01-27,2026-01,permit_record_created,CREATEDDATE,source_record_metadata,0,0,2026-08-23,2026-08,2026-09-01,2026-09,2026-09-01,2026-09,2,1,Issued,ATF Violation-CMP-25-0006214,Residential New Construction and Additions (1 and 2 Family),1711 W Erna Dr,Wellswood,https://aca-prod.accela.com/TAMPA/Cap/CapDetail.aspx?Module=Building&TabName=Building&capID1=26CAP&capID2=00000&capID3=004RA&agencyCode=TAMPA
rec-15d917e011db53ef,CONSTRUCTION_INSPECTIONS|NATIVE|BLD-26-0522000,src-78f5085ba2de17b2,tpa-c9a60883826e43,construction_inspections,BLD-26-0522000,2026-01-21,2026-01,permit_record_created,CREATEDDATE,source_record_metadata,0,0,2026-08-23,2026-08,2026-09-01,2026-09,2026-09-01,2026-09,2,1,Issued,FEMA: Kitchen renovation,Commercial Building Alterations (Renovations),1002 S Harbour Island Blvd,Harbour Island,https://aca-prod.accela.com/TAMPA/Cap/CapDetail.aspx?Module=Building&TabName=Building&capID1=26CAP&capID2=00000&capID3=003H1&agencyCode=TAMPA
rec-16206270568e8acc,CONSTRUCTION_INSPECTIONS|NATIVE|BLD-26-0522004,src-48e92d6425dc5caa,tpa-6e7658d3dcc0f1,construction_inspections,BLD-26-0522004,2026-01-21,2026-01,permit_record_created,CREATEDDATE,source_record_metadata,0,0,2026-08-23,2026-08,2026-08-23,2026-08,2026-08-23,2026-08,1,0,Revision,FEMA: PP: Suite 200 Interior ALT (BMG Primary Care),Commercial Building Alterations (Renovations),20610 Bruce B Downs Blvd,New Tampa,https://aca-prod.accela.com/TAMPA/Cap/CapDetail.aspx?Module=Building&TabName=Building&capID1=26CAP&capID2=00000&capID3=003HZ&agencyCode=TAMPA
rec-1850ff3b8b459404,CONSTRUCTION_INSPECTIONS|NATIVE|BLD-26-0521800,src-601a4e31e16b276e,tpa-2f583f6f51204a,construction_inspections,BLD-26-0521800,2026-01-12,2026-01,permit_record_created,CREATEDDATE,source_record_metadata,0,0,2026-08-23,2026-08,2026-09-01,2026-09,2026-09-01,2026-09,2,1,Issued,Interior Kitchen and Bathroom remodel,Residential Building Alterations (Renovations),3006 W Julia St,Bayshore Beautiful,https://aca-prod.accela.com/TAMPA/Cap/CapDetail.aspx?Module=Building&TabName=Building&capID1=26CAP&capID2=00000&capID3=001S6&agencyCode=TAMPA
rec-18da17ec5eb4a30c,CONSTRUCTION_INSPECTIONS|NATIVE|BLD-26-0522134,src-9973965b59eead07,tpa-9cd31410204f39,construction_inspections,BLD-26-0522134,2026-01-26,2026-01,permit_record_created,CREATEDDATE,source_record_metadata,0,0,2026-08-23,2026-08,2026-09-01,2026-09,2026-09-01,2026-09,2,1,Issued,PP: Interior/Exterior Alteration,Commercial Building Alterations (Renovations),1411 E Busch Blvd,Sulphur Springs,https://aca-prod.accela.com/TAMPA/Cap/CapDetail.aspx?Module=Building&TabName=Building&capID1=26CAP&capID2=00000&capID3=004JW&agencyCode=TAMPA
rec-19334ff6c19327d4,CONSTRUCTION_INSPECTIONS|NATIVE|BLD-26-0521719,src-52eee6fbf0d861eb,tpa-03a64d104efab5,construction_inspections,BLD-26-0521719,2026-01-08,2026-01,permit_record_created,CREATEDDATE,source_record_metadata,0,0,2026-08-23,2026-08,2026-08-23,2026-08,2026-08-23,2026-08,1,0,Issued,PP: Addition and extension of a covered Patio,Residential New Construction and Additions (1 and 2 Family),4101 N Lynn Ave,South Seminole Heights,https://aca-prod.accela.com/TAMPA/Cap/CapDetail.aspx?Module=Building&TabName=Building&capID1=26CAP&capID2=00000&capID3=0014Q&agencyCode=TAMPA
rec-1a0b39abc9e393a6,CONSTRUCTION_INSPECTIONS|NATIVE|BLD-26-0521599,src-15303a5caa8400c1,tpa-e8af4e94136767,construction_inspections,BLD-26-0521599,2026-01-05,2026-01,permit_record_created,CREATEDDATE,source_record_metadata,0,0,2026-08-23,2026-08,2026-09-01,2026-09,2026-09-01,2026-09,2,1,Issued,New 2-Story SFR,Residential New Construction and Additions (1 and 2 Family),1002 W Charter St,Riverside Heights,https://aca-prod.accela.com/TAMPA/Cap/CapDetail.aspx?Module=Building&TabName=Building&capID1=26CAP&capID2=00000&capID3=000AO&agencyCode=TAMPA
rec-1c4cf1bde09a2084,CONSTRUCTION_INSPECTIONS|NATIVE|BLD-26-0521913,src-56889e0d83f8c911,tpa-c666aedc3672c9,construction_inspections,BLD-26-0521913,2026-01-15,2026-01,permit_record_created,CREATEDDATE,source_record_metadata,0,0,2026-08-23,2026-08,2026-09-01,2026-09,2026-09-01,2026-09,2,1,Issued,PP: ATF Violation -CMP-24-0016704- Rehab - Full Interior and Exterior Renovation,Residential Building Alterations (Renovations),1704 E Waters Ave,Sulphur Springs,https://aca-prod.accela.com/TAMPA/Cap/CapDetail.aspx?Module=Building&TabName=Building&capID1=26CAP&capID2=00000&capID3=002RQ&agencyCode=TAMPA
rec-1e39f73bb1f99885,CONSTRUCTION_INSPECTIONS|NATIVE|BLD-26-0521726,src-a45ad1be7fff9508,tpa-5baa8a11ffa096,construction_inspections,BLD-26-0521726,2026-01-09,2026-01,permit_record_created,CREATEDDATE,source_record_metadata,0,0,2026-08-23,2026-08,2026-09-01,2026-09,2026-09-01,2026-09,2,1,Issued,OWNER:Conditioned Acc Structure,Residential New Construction and Additions (1 and 2 Family),1913 S Oakmont St,Golfview,https://aca-prod.accela.com/TAMPA/Cap/CapDetail.aspx?Module=Building&TabName=Building&capID1=26CAP&capID2=00000&capID3=00172&agencyCode=TAMPA
rec-20a95c7be64c993d,CONSTRUCTION_INSPECTIONS|NATIVE|BLD-26-0522271,src-b93f060704ed65f5,tpa-f4f6db8b06b36c,construction_inspections,BLD-26-0522271,2026-01-30,2026-01,permit_record_created,CREATEDDATE,source_record_metadata,0,0,2026-08-23,2026-08,2026-09-01,2026-09,2026-09-01,2026-09,2,1,Revision,FEMA; PP:: Interior ALT (Mango Space Coworking),Commercial Building Alterations (Renovations),1101 N Ward St,Westshore,https://aca-prod.accela.com/TAMPA/Cap/CapDetail.aspx?Module=Building&TabName=Building&capID1=26CAP&capID2=00000&capID3=0068Y&agencyCode=TAMPA
rec-219cddc31eda323e,CONSTRUCTION_INSPECTIONS|NATIVE|BLD-26-0522252,src-003c469d7461b82f,tpa-96b96ea21b7a9d,construction_inspections,BLD-26-0522252,2026-01-29,2026-01,permit_record_created,CREATEDDATE,source_record_metadata,0,0,2026-08-23,2026-08,2026-09-01,2026-09,2026-09-01,2026-09,2,1,Issued,ATF Violation -CMP-25-0015535,Residential Building Alterations (Renovations),2825 N Taliaferro Ave,VM Ybor,https://aca-prod.accela.com/TAMPA/Cap/CapDetail.aspx?Module=Building&TabName=Building&capID1=26CAP&capID2=00000&capID3=00630&agencyCode=TAMPA
rec-233b877ae300888e,CONSTRUCTION_INSPECTIONS|NATIVE|BLD-26-0521909,src-504a633fa1d650ae,tpa-72154b43e76241,construction_inspections,BLD-26-0521909,2026-01-15,2026-01,permit_record_created,CREATEDDATE,source_record_metadata,0,0,2026-08-23,2026-08,2026-09-01,2026-09,2026-09-01,2026-09,2,1,Issued,FEMA: PP: New 2-story SFR,Residential New Construction and Additions (1 and 2 Family),3010 S Keats St,Sunset Park,https://aca-prod.accela.com/TAMPA/Cap/CapDetail.aspx?Module=Building&TabName=Building&capID1=26CAP&capID2=00000&capID3=002R2&agencyCode=TAMPA
rec-23d7fc0c78bae5f1,CONSTRUCTION_INSPECTIONS|NATIVE|BLD-26-0522194,src-6d96b7dfb087b439,tpa-584a99df2702ae,construction_inspections,BLD-26-0522194,2026-01-28,2026-01,permit_record_created,CREATEDDATE,source_record_metadata,0,0,2026-08-23,2026-08,2026-09-01,2026-09,2026-09-01,2026-09,2,1,Issued,Converting garage into living space,Residential New Construction and Additions (1 and 2 Family),717 W Emma St,South Seminole Heights,https://aca-prod.accela.com/TAMPA/Cap/CapDetail.aspx?Module=Building&TabName=Building&capID1=26CAP&capID2=00000&capID3=005EH&agencyCode=TAMPA
rec-2411c38992d50d2d,CONSTRUCTION_INSPECTIONS|NATIVE|BLD-26-0522171,src-078efea4ceb7dcdc,tpa-e2ad1f0c38e9c8,construction_inspections,BLD-26-0522171,2026-01-27,2026-01,permit_record_created,CREATEDDATE,source_record_metadata,0,0,2026-08-23,2026-08,2026-09-01,2026-09,2026-09-01,2026-09,2,1,Revision,New 2-Story SFR,Residential New Construction and Additions (1 and 2 Family),3710 W Palmira Ave,Palma Ceia,https://aca-prod.accela.com/TAMPA/Cap/CapDetail.aspx?Module=Building&TabName=Building&capID1=26CAP&capID2=00000&capID3=004WV&agencyCode=TAMPA
rec-2863fa9ef5483af6,CONSTRUCTION_INSPECTIONS|NATIVE|BLD-26-0522086,src-a719e730027c3584,tpa-ecdc9da999493e,construction_inspections,BLD-26-0522086,2026-01-24,2026-01,permit_record_created,CREATEDDATE,source_record_metadata,0,0,2026-08-23,2026-08,2026-09-01,2026-09,2026-09-01,2026-09,2,1,Issued,Accessory Structure,Residential New Construction and Additions (1 and 2 Family),2723 N Poplar Ave,Riverside Heights,https://aca-prod.accela.com/TAMPA/Cap/CapDetail.aspx?Module=Building&TabName=Building&capID1=26CAP&capID2=00000&capID3=0048M&agencyCode=TAMPA
rec-2945c07b18ea180e,CONSTRUCTION_INSPECTIONS|NATIVE|BLD-26-0522151,src-4097a192f581a2b6,tpa-c7d017e71bbdf6,construction_inspections,BLD-26-0522151,2026-01-27,2026-01,permit_record_created,CREATEDDATE,source_record_metadata,0,0,2026-08-23,2026-08,2026-09-01,2026-09,2026-09-01,2026-09,2,1,Issued,FEMA:PP:New 2-Story SFR,Residential New Construction and Additions (1 and 2 Family),2929 W Coachman Ave,Bayshore Beautiful,https://aca-prod.accela.com/TAMPA/Cap/CapDetail.aspx?Module=Building&TabName=Building&capID1=26CAP&capID2=00000&capID3=004PP&agencyCode=TAMPA
rec-308ac109d9e1cc95,CONSTRUCTION_INSPECTIONS|NATIVE|BLD-26-0521722,src-a3d5aebbff2cd409,tpa-36b1ff81498193,construction_inspections,BLD-26-0521722,2026-01-08,2026-01,permit_record_created,CREATEDDATE,source_record_metadata,0,0,2026-08-23,2026-08,2026-09-01,2026-09,2026-09-01,2026-09,2,1,Issued,FEMA: NEW SFR 2 Story,Residential New Construction and Additions (1 and 2 Family),6800 N River Blvd,Old Seminole Heights,https://aca-prod.accela.com/TAMPA/Cap/CapDetail.aspx?Module=Building&TabName=Building&capID1=26CAP&capID2=00000&capID3=0015E&agencyCode=TAMPA
rec-325b5f3fe55f9880,CONSTRUCTION_INSPECTIONS|NATIVE|BLD-26-0521581,src-649d47e5f0849c43,tpa-fe64a07876f336,construction_inspections,BLD-26-0521581,2026-01-04,2026-01,permit_record_created,CREATEDDATE,source_record_metadata,0,0,2026-08-23,2026-08,2026-09-01,2026-09,2026-09-01,2026-09,2,1,Issued,OWNER - New Structure for storage and reading,Residential New Construction and Additions (1 and 2 Family),3222 W Saint Joseph St,Macfarlane Park,https://aca-prod.accela.com/TAMPA/Cap/CapDetail.aspx?Module=Building&TabName=Building&capID1=26CAP&capID2=00000&capID3=00055&agencyCode=TAMPA
rec-350ab3fd7abd987f,CONSTRUCTION_INSPECTIONS|NATIVE|BLD-26-0521884,src-d03484e668a72a93,tpa-8ad0d9d89fe439,construction_inspections,BLD-26-0521884,2026-01-14,2026-01,permit_record_created,CREATEDDATE,source_record_metadata,0,0,2026-08-23,2026-08,2026-08-23,2026-08,2026-08-23,2026-08,1,0,Issued,Interior Alteration - Sprouts Coffee Remodel,Commercial Building Alterations (Renovations),1519 S Dale Mabry Hwy,Palma Ceia West,https://aca-prod.accela.com/TAMPA/Cap/CapDetail.aspx?Module=Building&TabName=Building&capID1=26CAP&capID2=00000&capID3=002HH&agencyCode=TAMPA
rec-39754f9f5f1a56b2,CONSTRUCTION_INSPECTIONS|NATIVE|BLD-26-0521580,src-b70f65f308c667e1,tpa-06dc5140af837a,construction_inspections,BLD-26-0521580,2026-01-04,2026-01,permit_record_created,CREATEDDATE,source_record_metadata,0,0,2026-08-23,2026-08,2026-09-01,2026-09,2026-09-01,2026-09,2,1,Revision,OWNER: New 2-Story SFR,Residential New Construction and Additions (1 and 2 Family),1806 W Bristol Ave,Historic Hyde Park,https://aca-prod.accela.com/TAMPA/Cap/CapDetail.aspx?Module=Building&TabName=Building&capID1=26CAP&capID2=00000&capID3=00053&agencyCode=TAMPA
rec-3d9f6bfa19ead125,CONSTRUCTION_INSPECTIONS|NATIVE|BLD-26-0521557,src-19bee9f0f0a10238,tpa-18efac5029086e,construction_inspections,BLD-26-0521557,2026-01-01,2026-01,permit_record_created,CREATEDDATE,source_record_metadata,0,0,2026-08-23,2026-08,2026-09-01,2026-09,2026-09-01,2026-09,2,1,Issued,PP: New 2-Story Duplex,Residential New Construction and Additions (1 and 2 Family),2518 W Beach St,Macfarlane Park,https://aca-prod.accela.com/TAMPA/Cap/CapDetail.aspx?Module=Building&TabName=Building&capID1=26CAP&capID2=00000&capID3=00005&agencyCode=TAMPA
rec-3ea0a384b170a9c0,CONSTRUCTION_INSPECTIONS|NATIVE|BLD-26-0521692|GLOBALID|{68A8119D-7A1A-4EDD-8903-5266061A9B2F},src-60974b5c126cc81c,tpa-8d7d8bfd6e3a49,construction_inspections,BLD-26-0521692,2026-01-08,2026-01,permit_record_created,CREATEDDATE,source_record_metadata,0,0,2026-08-23,2026-08,2026-08-23,2026-08,2026-08-23,2026-08,1,0,Revision,FEMA - Interior Alteration,Residential Building Alterations (Renovations),562 Lucerne Ave,Davis Islands,https://aca-prod.accela.com/TAMPA/Cap/CapDetail.aspx?Module=Building&TabName=Building&capID1=26CAP&capID2=00000&capID3=000Y0&agencyCode=TAMPA
rec-400c7e7735224cef,CONSTRUCTION_INSPECTIONS|NATIVE|BLD-26-0521964,src-10079e4456a2bebc,tpa-37dde4dcf4e0a7,construction_inspections,BLD-26-0521964,2026-01-19,2026-01,permit_record_created,CREATEDDATE,source_record_metadata,0,0,2026-08-23,2026-08,2026-09-01,2026-09,2026-09-01,2026-09,2,1,Issued,OWNER /FEMA:Interior Remodel,Residential Building Alterations (Renovations),2304 S Occident St,Sunset Park,https://aca-prod.accela.com/TAMPA/Cap/CapDetail.aspx?Module=Building&TabName=Building&capID1=26CAP&capID2=00000&capID3=0034L&agencyCode=TAMPA
rec-40f96b189ca41889,CONSTRUCTION_INSPECTIONS|NATIVE|BLD-26-0521805,src-a564eb6eba93f9f2,tpa-917d3b96a0247a,construction_inspections,BLD-26-0521805,2026-01-13,2026-01,permit_record_created,CREATEDDATE,source_record_metadata,0,0,2026-08-23,2026-08,2026-09-01,2026-09,2026-09-01,2026-09,2,1,Revision,PP:Exterior/Interior Remodel - Forest Hills United Methodist Church,Commercial Building Alterations (Renovations),9714 N Boulevard,Historic Forest Hills,https://aca-prod.accela.com/TAMPA/Cap/CapDetail.aspx?Module=Building&TabName=Building&capID1=26CAP&capID2=00000&capID3=001SO&agencyCode=TAMPA
rec-480ed9910488f79f,CONSTRUCTION_INSPECTIONS|NATIVE|BLD-26-0521618,src-3b4a942579de1356,tpa-259359778b80f6,construction_inspections,BLD-26-0521618,2026-01-05,2026-01,permit_record_created,CREATEDDATE,source_record_metadata,0,0,2026-08-23,2026-08,2026-09-01,2026-09,2026-09-01,2026-09,2,1,Revision,Expedited Project | Addition: EXT ALT (Sunshine Carwash),Commercial New Construction and Additions,1711 E Fowler Ave,University Square,https://aca-prod.accela.com/TAMPA/Cap/CapDetail.aspx?Module=Building&TabName=Building&capID1=26CAP&capID2=00000&capID3=000C8&agencyCode=TAMPA
rec-49cb208c03ccdd21,CONSTRUCTION_INSPECTIONS|NATIVE|BLD-26-0521955,src-488886d0202b9aa2,tpa-a2728336cf2855,construction_inspections,BLD-26-0521955,2026-01-19,2026-01,permit_record_created,CREATEDDATE,source_record_metadata,0,0,2026-08-23,2026-08,2026-09-01,2026-09,2026-09-01,2026-09,2,1,Revision,Second story addition,Residential New Construction and Additions (1 and 2 Family),704 S Newport Ave,Hyde Park Preservation,https://aca-prod.accela.com/TAMPA/Cap/CapDetail.aspx?Module=Building&TabName=Building&capID1=26CAP&capID2=00000&capID3=0032T&agencyCode=TAMPA
rec-4b24f41ef54067bd,CONSTRUCTION_INSPECTIONS|NATIVE|BLD-26-0521572,src-6b2007ad30e9d55e,tpa-e1f6cdc6fbff4e,construction_inspections,BLD-26-0521572,2026-01-02,2026-01,permit_record_created,CREATEDDATE,source_record_metadata,0,0,2026-08-23,2026-08,2026-09-01,2026-09,2026-09-01,2026-09,2,1,Issued,PP: Duplex,Residential New Construction and Additions (1 and 2 Family),2520 W Beach St,Macfarlane Park,https://aca-prod.accela.com/TAMPA/Cap/CapDetail.aspx?Module=Building&TabName=Building&capID1=26CAP&capID2=00000&capID3=0003I&agencyCode=TAMPA
rec-4ee53b7c3e898898,CONSTRUCTION_INSPECTIONS|NATIVE|BLD-26-0522046,src-a54cfa2a47d99b98,tpa-d687a9f664587c,construction_inspections,BLD-26-0522046,2026-01-22,2026-01,permit_record_created,CREATEDDATE,source_record_metadata,0,0,2026-08-23,2026-08,2026-09-01,2026-09,2026-09-01,2026-09,2,1,Revision,Addition: Enclosing patio to living space,Residential New Construction and Additions (1 and 2 Family),8227 Swann Hollow Dr,West Meadows,https://aca-prod.accela.com/TAMPA/Cap/CapDetail.aspx?Module=Building&TabName=Building&capID1=26CAP&capID2=00000&capID3=003XW&agencyCode=TAMPA
rec-4f422c9a1db0db4c,CONSTRUCTION_INSPECTIONS|NATIVE|BLD-26-0521613,src-f6f2493ade36b5f1,tpa-2fa48cd756d9a2,construction_inspections,BLD-26-0521613,2026-01-05,2026-01,permit_record_created,CREATEDDATE,source_record_metadata,0,0,2026-08-23,2026-08,2026-09-01,2026-09,2026-09-01,2026-09,2,1,Issued,New 2-Story SFR,Residential New Construction and Additions (1 and 2 Family),208 W Fern St,Old Seminole Heights,https://aca-prod.accela.com/TAMPA/Cap/CapDetail.aspx?Module=Building&TabName=Building&capID1=26CAP&capID2=00000&capID3=000BZ&agencyCode=TAMPA
rec-4f5ae247ba7efa68,CONSTRUCTION_INSPECTIONS|NATIVE|BLD-26-0521692|GLOBALID|{86598DB4-506D-4320-A4BA-B0474EBBFBB1},src-b46a96ac8389535f,tpa-8d7d8bfd6e3a49,construction_inspections,BLD-26-0521692,2026-01-08,2026-01,permit_record_created,CREATEDDATE,source_record_metadata,0,0,2026-08-23,2026-08,2026-08-23,2026-08,2026-08-23,2026-08,1,0,Revision,FEMA - Interior Alteration,Residential Building Alterations (Renovations),558 Lucerne Ave,Davis Islands,https://aca-prod.accela.com/TAMPA/Cap/CapDetail.aspx?Module=Building&TabName=Building&capID1=26CAP&capID2=00000&capID3=000Y0&agencyCode=TAMPA
rec-51d088e510283bff,CONSTRUCTION_INSPECTIONS|NATIVE|BLD-26-0522177,,,construction_inspections,BLD-26-0522177,2026-01-28,2026-01,permit_record_created,CREATEDDATE,source_record_metadata,0,0,2026-09-01,2026-09,2026-09-01,2026-09,2026-09-01,2026-09,1,1,Issued,New 2-Story SFR,Residential New Construction and Additions (1 and 2 Family),3606 W Dale Ave,Bon Air,https://aca-prod.accela.com/TAMPA/Cap/CapDetail.aspx?Module=Building&TabName=Building&capID1=26CAP&capID2=00000&capID3=004ZF&agencyCode=TAMPA
rec-5492a84906c36da3,CONSTRUCTION_INSPECTIONS|NATIVE|BLD-26-0521799,src-8fb066f172071ad8,tpa-f44b3545972cdd,construction_inspections,BLD-26-0521799,2026-01-12,2026-01,permit_record_created,CREATEDDATE,source_record_metadata,0,0,2026-08-23,2026-08,2026-09-01,2026-09,2026-09-01,2026-09,2,1,Issued,Interior ALT Suite 201 ( Aids Healthcare center and Pharmacy),Commercial Building Alterations (Renovations),4700 N Habana Ave,Plaza Terrace,https://aca-prod.accela.com/TAMPA/Cap/CapDetail.aspx?Module=Building&TabName=Building&capID1=26CAP&capID2=00000&capID3=001RZ&agencyCode=TAMPA
rec-55aa46f72be574f2,CONSTRUCTION_INSPECTIONS|NATIVE|BLD-26-0522140,src-a445816910e8ef13,tpa-511d1ae2292f54,construction_inspections,BLD-26-0522140,2026-01-27,2026-01,permit_record_created,CREATEDDATE,source_record_metadata,0,0,2026-08-23,2026-08,2026-09-01,2026-09,2026-09-01,2026-09,2,1,Revision,FEMA: PP: New 2-Story SFR,Residential New Construction and Additions (1 and 2 Family),3008 W Chapin Ave,Bayshore Beautiful,https://aca-prod.accela.com/TAMPA/Cap/CapDetail.aspx?Module=Building&TabName=Building&capID1=26CAP&capID2=00000&capID3=004MD&agencyCode=TAMPA
rec-55fa68313525e849,CONSTRUCTION_INSPECTIONS|NATIVE|BLD-26-0521967,src-2c27a83c7f4cab72,tpa-7752b16f450011,construction_inspections,BLD-26-0521967,2026-01-20,2026-01,permit_record_created,CREATEDDATE,source_record_metadata,0,0,2026-08-23,2026-08,2026-09-01,2026-09,2026-09-01,2026-09,2,1,Issued,FEMA: NEW SFR 2 Story,Residential New Construction and Additions (1 and 2 Family),5409 S Sellas St,Ballast Point,https://aca-prod.accela.com/TAMPA/Cap/CapDetail.aspx?Module=Building&TabName=Building&capID1=26CAP&capID2=00000&capID3=0035I&agencyCode=TAMPA
rec-5645d51c8b0aa707,CONSTRUCTION_INSPECTIONS|NATIVE|BLD-26-0521692|GLOBALID|{057461D5-6A92-4966-BF8E-AA571C0D5A06},,,construction_inspections,BLD-26-0521692,2026-01-08,2026-01,permit_record_created,CREATEDDATE,source_record_metadata,0,0,2026-09-01,2026-09,2026-09-01,2026-09,2026-09-01,2026-09,1,1,Revision,FEMA - Interior Alteration,Residential Building Alterations (Renovations),558 Lucerne Ave,Davis Islands,https://aca-prod.accela.com/TAMPA/Cap/CapDetail.aspx?Module=Building&TabName=Building&capID1=26CAP&capID2=00000&capID3=000Y0&agencyCode=TAMPA
rec-566c81e2f569f86b,CONSTRUCTION_INSPECTIONS|NATIVE|BLD-26-0522253,src-f6a39f9ee32d953c,tpa-000f7ef41912eb,construction_inspections,BLD-26-0522253,2026-01-29,2026-01,permit_record_created,CREATEDDATE,source_record_metadata,0,0,2026-08-23,2026-08,2026-09-01,2026-09,2026-09-01,2026-09,2,1,Revision,PP: New 2 Story SFR connecting breezeway to detached garage,Residential New Construction and Additions (1 and 2 Family),1613 S Arrawana Ave,Palma Ceia,https://aca-prod.accela.com/TAMPA/Cap/CapDetail.aspx?Module=Building&TabName=Building&capID1=26CAP&capID2=00000&capID3=0063I&agencyCode=TAMPA
rec-568f5176c95b4a32,CONSTRUCTION_INSPECTIONS|NATIVE|BLD-26-0522121,src-774ec940c0f642f3,tpa-653e23e2977bdc,construction_inspections,BLD-26-0522121,2026-01-26,2026-01,permit_record_created,CREATEDDATE,source_record_metadata,0,0,2026-08-23,2026-08,2026-09-01,2026-09,2026-09-01,2026-09,2,1,Issued,PP: New 2-Story SFR,Residential New Construction and Additions (1 and 2 Family),4005 W Cass St,North Bon Air,https://aca-prod.accela.com/TAMPA/Cap/CapDetail.aspx?Module=Building&TabName=Building&capID1=26CAP&capID2=00000&capID3=004GT&agencyCode=TAMPA
rec-5a104a5fbba56211,CONSTRUCTION_INSPECTIONS|NATIVE|BLD-26-0522284,src-3c7dc0db1697879b,tpa-6fe376259e98b1,construction_inspections,BLD-26-0522284,2026-01-30,2026-01,permit_record_created,CREATEDDATE,source_record_metadata,0,0,2026-08-23,2026-08,2026-08-23,2026-08,2026-08-23,2026-08,1,0,Issued,FEMA - Interior/Exterior Alteration,Residential Building Alterations (Renovations),4308 W Oklahoma Ave,Gandy / Sun Bay South,https://aca-prod.accela.com/TAMPA/Cap/CapDetail.aspx?Module=Building&TabName=Building&capID1=26CAP&capID2=00000&capID3=006CB&agencyCode=TAMPA
rec-5b9c03b0440f3e3f,CONSTRUCTION_INSPECTIONS|NATIVE|BLD-26-0522273,src-a8ea66090ac9589f,tpa-a7e6f0d4aba912,construction_inspections,BLD-26-0522273,2026-01-30,2026-01,permit_record_created,CREATEDDATE,source_record_metadata,0,0,2026-08-23,2026-08,2026-09-01,2026-09,2026-09-01,2026-09,2,1,Issued,PP: Accessory Structure,Residential New Construction and Additions (1 and 2 Family),907 S Fremont Ave,Historic Hyde Park,https://aca-prod.accela.com/TAMPA/Cap/CapDetail.aspx?Module=Building&TabName=Building&capID1=26CAP&capID2=00000&capID3=0069D&agencyCode=TAMPA
rec-5ef1d8c7c88b3c47,CONSTRUCTION_INSPECTIONS|NATIVE|BLD-26-0521774,src-9fb51880ee6a028a,tpa-701e9d11c860b2,construction_inspections,BLD-26-0521774,2026-01-12,2026-01,permit_record_created,CREATEDDATE,source_record_metadata,0,0,2026-08-23,2026-08,2026-08-23,2026-08,2026-08-23,2026-08,1,0,Issued,OWNER: Remodel: Bathroom,Residential Building Alterations (Renovations),16121 Brecon Palms Pl,TPOST 3,https://aca-prod.accela.com/TAMPA/Cap/CapDetail.aspx?Module=Building&TabName=Building&capID1=26CAP&capID2=00000&capID3=001JV&agencyCode=TAMPA
rec-60b56aaeb6474076,CONSTRUCTION_INSPECTIONS|NATIVE|BLD-26-0521632,src-08c9f6798b5b533b,tpa-ab8fa20325643f,construction_inspections,BLD-26-0521632,2026-01-06,2026-01,permit_record_created,CREATEDDATE,source_record_metadata,0,0,2026-08-23,2026-08,2026-09-01,2026-09,2026-09-01,2026-09,2,1,Issued,PP:New 2-Story SFR,Residential New Construction and Additions (1 and 2 Family),1414 E Emma St,Southeast Seminole Heights,https://aca-prod.accela.com/TAMPA/Cap/CapDetail.aspx?Module=Building&TabName=Building&capID1=26CAP&capID2=00000&capID3=000H8&agencyCode=TAMPA
rec-68c281521afc5e55,CONSTRUCTION_INSPECTIONS|NATIVE|BLD-26-0522141,src-c80ebc7a5127c63b,tpa-45a0537d6e584f,construction_inspections,BLD-26-0522141,2026-01-27,2026-01,permit_record_created,CREATEDDATE,source_record_metadata,0,0,2026-08-23,2026-08,2026-09-01,2026-09,2026-09-01,2026-09,2,1,Issued,NEW SFR 2 Story > Rebuild of a single family residence after fire damage to home. Perimeter walls and slab are existing.,Residential New Construction and Additions (1 and 2 Family),10217 Thicket Point Way,Arbor Greene,https://aca-prod.accela.com/TAMPA/Cap/CapDetail.aspx?Module=Building&TabName=Building&capID1=26CAP&capID2=00000&capID3=004MH&agencyCode=TAMPA
rec-69c05fcaedb2ba54,CONSTRUCTION_INSPECTIONS|NATIVE|BLD-26-0522152,src-c62f2438f4113e88,tpa-eb3f00b3b36e74,construction_inspections,BLD-26-0522152,2026-01-27,2026-01,permit_record_created,CREATEDDATE,source_record_metadata,0,0,2026-08-23,2026-08,2026-09-01,2026-09,2026-09-01,2026-09,2,1,Issued,NEW SFR,Residential New Construction and Additions (1 and 2 Family),3413 N 9th St,Ybor Heights Neighborhood Association and Watch Group,https://aca-prod.accela.com/TAMPA/Cap/CapDetail.aspx?Module=Building&TabName=Building&capID1=26CAP&capID2=00000&capID3=004Q0&agencyCode=TAMPA
rec-69da706f8361f160,CONSTRUCTION_INSPECTIONS|NATIVE|BLD-26-0522002,src-936ac4652a8288b8,tpa-48f9e2c175a307,construction_inspections,BLD-26-0522002,2026-01-21,2026-01,permit_record_created,CREATEDDATE,source_record_metadata,0,0,2026-08-23,2026-08,2026-09-01,2026-09,2026-09-01,2026-09,2,1,Issued,PP: 2-Story-NEW SFR,Residential New Construction and Additions (1 and 2 Family),905 W Plymouth St,Riverside Heights,https://aca-prod.accela.com/TAMPA/Cap/CapDetail.aspx?Module=Building&TabName=Building&capID1=26CAP&capID2=00000&capID3=003HE&agencyCode=TAMPA
rec-6a7a6d925b88572a,CONSTRUCTION_INSPECTIONS|NATIVE|BDE-26-0445308,src-f9282c03d6cb95a9,tpa-2bf73e751a705a,construction_inspections,BDE-26-0445308,2026-01-27,2026-01,permit_record_created,CREATEDDATE,source_record_metadata,0,0,2026-08-23,2026-08,2026-09-01,2026-09,2026-09-01,2026-09,2,1,Issued,DEMO SFR and Covered Carport,Residential Demolition Permit,562 W Davis Blvd,Davis Islands,https://aca-prod.accela.com/TAMPA/Cap/CapDetail.aspx?Module=Building&TabName=Building&capID1=26CAP&capID2=00000&capID3=004VV&agencyCode=TAMPA
rec-6e84776b869ff685,CONSTRUCTION_INSPECTIONS|NATIVE|BLD-26-0521576,src-db669dceb87cdd5c,tpa-accf34fda337fe,construction_inspections,BLD-26-0521576,2026-01-02,2026-01,permit_record_created,CREATEDDATE,source_record_metadata,0,0,2026-08-23,2026-08,2026-09-01,2026-09,2026-09-01,2026-09,2,1,Issued,PP: New 1 Story,Residential New Construction and Additions (1 and 2 Family),2914 W Walnut St,Macfarlane Park,https://aca-prod.accela.com/TAMPA/Cap/CapDetail.aspx?Module=Building&TabName=Building&capID1=26CAP&capID2=00000&capID3=00043&agencyCode=TAMPA
rec-6ef5399ddb499ce5,CONSTRUCTION_INSPECTIONS|NATIVE|BLD-26-0522025,src-c04c2d0568026201,tpa-14fcd601cc86a0,construction_inspections,BLD-26-0522025,2026-01-21,2026-01,permit_record_created,CREATEDDATE,source_record_metadata,0,0,2026-08-23,2026-08,2026-09-01,2026-09,2026-09-01,2026-09,2,1,Issued,ATF Violation -CMP-26-0000616 - Interior Renovation/ Siding,Residential Building Alterations (Renovations),207 S Fremont Ave,South Howard,https://aca-prod.accela.com/TAMPA/Cap/CapDetail.aspx?Module=Building&TabName=Building&capID1=26CAP&capID2=00000&capID3=003QF&agencyCode=TAMPA
rec-722a0605b7637848,CONSTRUCTION_INSPECTIONS|NATIVE|BLD-26-0521838,src-3a13b627d8d8b2a3,tpa-a5f146fae7c064,construction_inspections,BLD-26-0521838,2026-01-13,2026-01,permit_record_created,CREATEDDATE,source_record_metadata,0,0,2026-08-23,2026-08,2026-09-01,2026-09,2026-09-01,2026-09,2,1,Issued,PP: New 2-Story SFR,Residential New Construction and Additions (1 and 2 Family),1416 E Emma St,Southeast Seminole Heights,https://aca-prod.accela.com/TAMPA/Cap/CapDetail.aspx?Module=Building&TabName=Building&capID1=26CAP&capID2=00000&capID3=0020L&agencyCode=TAMPA
rec-7281d9dd258b801b,CONSTRUCTION_INSPECTIONS|NATIVE|BLD-26-0521729,src-0476acbb8e977c17,tpa-974cf28aab1517,construction_inspections,BLD-26-0521729,2026-01-09,2026-01,permit_record_created,CREATEDDATE,source_record_metadata,0,0,2026-08-23,2026-08,2026-09-01,2026-09,2026-09-01,2026-09,2,1,Issued,PP: New 1Sty SFR,Residential New Construction and Additions (1 and 2 Family),509 E Sparkman Ave,Tampa Heights,https://aca-prod.accela.com/TAMPA/Cap/CapDetail.aspx?Module=Building&TabName=Building&capID1=26CAP&capID2=00000&capID3=0017V&agencyCode=TAMPA
rec-72ee2c50b4d610b6,CONSTRUCTION_INSPECTIONS|NATIVE|BLD-26-0521934,src-fbb4d1fda9d42049,tpa-13a52e5eb28ff9,construction_inspections,BLD-26-0521934,2026-01-16,2026-01,permit_record_created,CREATEDDATE,source_record_metadata,0,0,2026-08-23,2026-08,2026-09-01,2026-09,2026-09-01,2026-09,2,1,Revision,Interior Alteration - AMWINS,Commercial Building Alterations (Renovations),2002 N Tampa St,Tampa Heights,https://aca-prod.accela.com/TAMPA/Cap/CapDetail.aspx?Module=Building&TabName=Building&capID1=26CAP&capID2=00000&capID3=002Y9&agencyCode=TAMPA
rec-75200ad589f44137,CONSTRUCTION_INSPECTIONS|NATIVE|BLD-26-0521853,src-3f09d6b5c2f8882a,tpa-dc82d9182ae219,construction_inspections,BLD-26-0521853,2026-01-13,2026-01,permit_record_created,CREATEDDATE,source_record_metadata,0,0,2026-08-23,2026-08,2026-09-01,2026-09,2026-09-01,2026-09,2,1,Issued,Kitchen Remodel with Removal of a wall section,Residential Building Alterations (Renovations),16003 Penwood Dr,Tampa Palms,https://aca-prod.accela.com/TAMPA/Cap/CapDetail.aspx?Module=Building&TabName=Building&capID1=26CAP&capID2=00000&capID3=0023L&agencyCode=TAMPA
rec-7aada16a3b6615c6,CONSTRUCTION_INSPECTIONS|NATIVE|BLD-26-0521602,src-ba41ab5caa5c236a,tpa-cfb0502c6ee69c,construction_inspections,BLD-26-0521602,2026-01-05,2026-01,permit_record_created,CREATEDDATE,source_record_metadata,0,0,2026-08-23,2026-08,2026-09-01,2026-09,2026-09-01,2026-09,2,1,Issued,PP:New 2-Story SFR,Residential New Construction and Additions (1 and 2 Family),2615 W Prospect Rd,New Suburb Beautiful,https://aca-prod.accela.com/TAMPA/Cap/CapDetail.aspx?Module=Building&TabName=Building&capID1=26CAP&capID2=00000&capID3=000AZ&agencyCode=TAMPA
rec-7b786044e35d5153,CONSTRUCTION_INSPECTIONS|NATIVE|BLD-26-0521781,src-79dd09fec94dcc26,tpa-22693b8ceab0ee,construction_inspections,BLD-26-0521781,2026-01-12,2026-01,permit_record_created,CREATEDDATE,source_record_metadata,0,0,2026-08-23,2026-08,2026-09-01,2026-09,2026-09-01,2026-09,2,1,Issued,THRESHOLD: Framing and Concrete Repairs to Walkway,Commercial Building Alterations (Renovations),936 S Howard Ave,Parkland Estates,https://aca-prod.accela.com/TAMPA/Cap/CapDetail.aspx?Module=Building&TabName=Building&capID1=26CAP&capID2=00000&capID3=001LE&agencyCode=TAMPA
rec-7db89ab2e15ff0f9,CONSTRUCTION_INSPECTIONS|NATIVE|BLD-26-0521991,src-efe4052bed32ed9a,tpa-159e2a073a10e3,construction_inspections,BLD-26-0521991,2026-01-20,2026-01,permit_record_created,CREATEDDATE,source_record_metadata,0,0,2026-08-23,2026-08,2026-08-23,2026-08,2026-08-23,2026-08,1,0,Issued,SEC: PP: Unit 218: Int. Renovation: Vuori,Commercial Building Alterations (Renovations),2223 N West Shore Blvd,Westshore,https://aca-prod.accela.com/TAMPA/Cap/CapDetail.aspx?Module=Building&TabName=Building&capID1=26CAP&capID2=00000&capID3=003EK&agencyCode=TAMPA
rec-7ff5253cbe1beca8,CONSTRUCTION_INSPECTIONS|NATIVE|BLD-26-0521977,src-abfe68e887d6a905,tpa-ffd14376cccdbd,construction_inspections,BLD-26-0521977,2026-01-20,2026-01,permit_record_created,CREATEDDATE,source_record_metadata,0,0,2026-08-23,2026-08,2026-09-01,2026-09,2026-09-01,2026-09,2,1,Issued,ATF Violation -CMP-25-0017913,Residential Building Alterations (Renovations),2610 W Cypress St,Armory Gardens,https://aca-prod.accela.com/TAMPA/Cap/CapDetail.aspx?Module=Building&TabName=Building&capID1=26CAP&capID2=00000&capID3=003AC&agencyCode=TAMPA
rec-8014485cceda26bc,CONSTRUCTION_INSPECTIONS|NATIVE|BLD-26-0522119,src-3f270742fade1e69,tpa-2fc0a2704be03b,construction_inspections,BLD-26-0522119,2026-01-26,2026-01,permit_record_created,CREATEDDATE,source_record_metadata,0,0,2026-08-23,2026-08,2026-09-01,2026-09,2026-09-01,2026-09,2,1,Issued,"FEMA: PP: - Interior Alteration - 6th Floor, Suite 630 - RSM",Commercial Building Alterations (Renovations),1001 Water St,Tampa Downtown Partnership,https://aca-prod.accela.com/TAMPA/Cap/CapDetail.aspx?Module=Building&TabName=Building&capID1=26CAP&capID2=00000&capID3=004G6&agencyCode=TAMPA
rec-809f54d991f991d2,CONSTRUCTION_INSPECTIONS|NATIVE|BLD-26-0521997,src-be412e10fa8c6f2e,tpa-0031dc58b3fc1d,construction_inspections,BLD-26-0521997,2026-01-21,2026-01,permit_record_created,CREATEDDATE,source_record_metadata,0,0,2026-08-23,2026-08,2026-09-01,2026-09,2026-09-01,2026-09,2,1,Issued,SEC: DEMO Parking Garage/ Temp Canopy,Commercial Building Alterations (Renovations),3001 W Dr Martin Luther King Jr Blvd,Plaza Terrace,https://aca-prod.accela.com/TAMPA/Cap/CapDetail.aspx?Module=Building&TabName=Building&capID1=26CAP&capID2=00000&capID3=003FQ&agencyCode=TAMPA
rec-81ac1522dcbfd4d6,CONSTRUCTION_INSPECTIONS|NATIVE|BLD-26-0522142,src-34d54133492e2b44,tpa-51bfe76f29d8ad,construction_inspections,BLD-26-0522142,2026-01-27,2026-01,permit_record_created,CREATEDDATE,source_record_metadata,0,0,2026-08-23,2026-08,2026-09-01,2026-09,2026-09-01,2026-09,2,1,Issued,Addition,Residential New Construction and Additions (1 and 2 Family),707 W Virginia Ave,Riverside Heights,https://aca-prod.accela.com/TAMPA/Cap/CapDetail.aspx?Module=Building&TabName=Building&capID1=26CAP&capID2=00000&capID3=004MJ&agencyCode=TAMPA
rec-82b4870b77b24b92,CONSTRUCTION_INSPECTIONS|NATIVE|BLD-26-0521987,src-1f22ef286f1a7e63,tpa-93ad1e0ad1e73a,construction_inspections,BLD-26-0521987,2026-01-20,2026-01,permit_record_created,CREATEDDATE,source_record_metadata,0,0,2026-08-23,2026-08,2026-09-01,2026-09,2026-09-01,2026-09,2,1,Revision,Fema: PP: New 2-Story SFR,Residential New Construction and Additions (1 and 2 Family),18 Ladoga Ave,Davis Islands,https://aca-prod.accela.com/TAMPA/Cap/CapDetail.aspx?Module=Building&TabName=Building&capID1=26CAP&capID2=00000&capID3=003E5&agencyCode=TAMPA
rec-82e9b266c30b7c87,CONSTRUCTION_INSPECTIONS|NATIVE|BLD-26-0521692|GLOBALID|{63E5B802-C02A-4BCF-A715-6AA6D9C46B75},,,construction_inspections,BLD-26-0521692,2026-01-08,2026-01,permit_record_created,CREATEDDATE,source_record_metadata,0,0,2026-09-01,2026-09,2026-09-01,2026-09,2026-09-01,2026-09,1,1,Revision,FEMA - Interior Alteration,Residential Building Alterations (Renovations),562 Lucerne Ave,Davis Islands,https://aca-prod.accela.com/TAMPA/Cap/CapDetail.aspx?Module=Building&TabName=Building&capID1=26CAP&capID2=00000&capID3=000Y0&agencyCode=TAMPA
rec-82ff0d402037f9a2,CONSTRUCTION_INSPECTIONS|NATIVE|BLD-26-0522024,src-73443028a2db35d2,tpa-e41ba151b2e841,construction_inspections,BLD-26-0522024,2026-01-21,2026-01,permit_record_created,CREATEDDATE,source_record_metadata,0,0,2026-08-23,2026-08,2026-09-01,2026-09,2026-09-01,2026-09,2,1,Issued,FEMA:PP:Interior Alterations - Tub to shower conversion,Commercial Building Alterations (Renovations),2611 Bayshore Blvd,Bayshore Gardens,https://aca-prod.accela.com/TAMPA/Cap/CapDetail.aspx?Module=Building&TabName=Building&capID1=26CAP&capID2=00000&capID3=003QB&agencyCode=TAMPA
rec-8443bed634ef9a0d,CONSTRUCTION_INSPECTIONS|NATIVE|BLD-26-0521575,src-bdd40117fdf0fbad,tpa-0506341e9e7f4c,construction_inspections,BLD-26-0521575,2026-01-02,2026-01,permit_record_created,CREATEDDATE,source_record_metadata,0,0,2026-08-23,2026-08,2026-09-01,2026-09,2026-09-01,2026-09,2,1,Issued,ATF: Building 2: Units 1-6 Interior/Exterior Remodel w/ violation CMP-26-0000029,Commercial Building Alterations (Renovations),4605 N Hubert Ave,Drew Park,https://aca-prod.accela.com/TAMPA/Cap/CapDetail.aspx?Module=Building&TabName=Building&capID1=26CAP&capID2=00000&capID3=00040&agencyCode=TAMPA
rec-865dcc2a31140064,CONSTRUCTION_INSPECTIONS|NATIVE|BLD-26-0521635,src-66f5651fb4563bc7,tpa-2fc503f01fa07a,construction_inspections,BLD-26-0521635,2026-01-06,2026-01,permit_record_created,CREATEDDATE,source_record_metadata,0,0,2026-08-23,2026-08,2026-09-01,2026-09,2026-09-01,2026-09,2,1,Revision,FEMA:PP:Addition and kitchen remodel.,Residential New Construction and Additions (1 and 2 Family),4804 Woodmere Rd,Beach Park,https://aca-prod.accela.com/TAMPA/Cap/CapDetail.aspx?Module=Building&TabName=Building&capID1=26CAP&capID2=00000&capID3=000HU&agencyCode=TAMPA
rec-87c5817f084259f5,CONSTRUCTION_INSPECTIONS|NATIVE|BLD-26-0522246,src-76531047fab5b380,tpa-26f225c99a6abd,construction_inspections,BLD-26-0522246,2026-01-29,2026-01,permit_record_created,CREATEDDATE,source_record_metadata,0,0,2026-08-23,2026-08,2026-09-01,2026-09,2026-09-01,2026-09,2,1,Issued,"Cabana with Outdoor Kitchen, Pavers & Turf",Residential New Construction and Additions (1 and 2 Family),2928 W Tambay Ave,Bayshore Beautiful,https://aca-prod.accela.com/TAMPA/Cap/CapDetail.aspx?Module=Building&TabName=Building&capID1=26CAP&capID2=00000&capID3=0061Y&agencyCode=TAMPA
rec-8a25ee3550b2ce9d,CONSTRUCTION_INSPECTIONS|NATIVE|BLD-26-0521802,src-99dd24a0be677e5a,tpa-9f059d451112d6,construction_inspections,BLD-26-0521802,2026-01-12,2026-01,permit_record_created,CREATEDDATE,source_record_metadata,0,0,2026-08-23,2026-08,2026-09-01,2026-09,2026-09-01,2026-09,2,1,Issued,FEMA - New 2-Story SFR,Residential New Construction and Additions (1 and 2 Family),2310 S Hesperides St,Sunset Park,https://aca-prod.accela.com/TAMPA/Cap/CapDetail.aspx?Module=Building&TabName=Building&capID1=26CAP&capID2=00000&capID3=001S9&agencyCode=TAMPA
rec-98de1aaf7ec6bb8c,CONSTRUCTION_INSPECTIONS|NATIVE|BLD-26-0521621,src-2dc1e2f32f3b012a,tpa-764dd11659f1eb,construction_inspections,BLD-26-0521621,2026-01-05,2026-01,permit_record_created,CREATEDDATE,source_record_metadata,0,0,2026-08-23,2026-08,2026-09-01,2026-09,2026-09-01,2026-09,2,1,Issued,FEMA: Addition: Laundry Room,Commercial New Construction and Additions,4614 W Fig St,Westshore Palms,https://aca-prod.accela.com/TAMPA/Cap/CapDetail.aspx?Module=Building&TabName=Building&capID1=26CAP&capID2=00000&capID3=000CQ&agencyCode=TAMPA
rec-9942b887a70b61d4,CONSTRUCTION_INSPECTIONS|NATIVE|BLD-26-0522276,src-578f9be422dcefc7,tpa-c644735edbb543,construction_inspections,BLD-26-0522276,2026-01-30,2026-01,permit_record_created,CREATEDDATE,source_record_metadata,0,0,2026-08-23,2026-08,2026-09-01,2026-09,2026-09-01,2026-09,2,1,Issued,"ATF Violation -CMP-25-0017806 - Enclosed Porch to space, Metal Carport and Ext . and Interior Renovations",Residential New Construction and Additions (1 and 2 Family),4103 W Comanche Ave,,https://aca-prod.accela.com/TAMPA/Cap/CapDetail.aspx?Module=Building&TabName=Building&capID1=26CAP&capID2=00000&capID3=0069O&agencyCode=TAMPA
rec-9a13e73b2e22fc0b,CONSTRUCTION_INSPECTIONS|NATIVE|BLD-26-0522034,src-9a62046b40d0fa31,tpa-ec4a5770e5f9a0,construction_inspections,BLD-26-0522034,2026-01-22,2026-01,permit_record_created,CREATEDDATE,source_record_metadata,0,0,2026-08-23,2026-08,2026-09-01,2026-09,2026-09-01,2026-09,2,1,Revision,New 2-Story SFR,Residential New Construction and Additions (1 and 2 Family),2303 S Cameron Ave,Palma Ceia West,https://aca-prod.accela.com/TAMPA/Cap/CapDetail.aspx?Module=Building&TabName=Building&capID1=26CAP&capID2=00000&capID3=003RS&agencyCode=TAMPA
rec-9a2b64f7ed19d32d,CONSTRUCTION_INSPECTIONS|NATIVE|BLD-26-0521893,src-4078d2881836b744,tpa-2e5a76ea51ec50,construction_inspections,BLD-26-0521893,2026-01-15,2026-01,permit_record_created,CREATEDDATE,source_record_metadata,0,0,2026-08-23,2026-08,2026-09-01,2026-09,2026-09-01,2026-09,2,1,Issued,Addition: Detached garage/ Extend driveway,Residential New Construction and Additions (1 and 2 Family),714 W Virginia Ave,Riverside Heights,https://aca-prod.accela.com/TAMPA/Cap/CapDetail.aspx?Module=Building&TabName=Building&capID1=26CAP&capID2=00000&capID3=002LR&agencyCode=TAMPA
rec-9df02061c546321f,CONSTRUCTION_INSPECTIONS|NATIVE|BLD-26-0521620,src-342f5f4563750e60,tpa-2a9a2472649341,construction_inspections,BLD-26-0521620,2026-01-05,2026-01,permit_record_created,CREATEDDATE,source_record_metadata,0,0,2026-08-23,2026-08,2026-09-01,2026-09,2026-09-01,2026-09,2,1,Revision,PP: Threshold: Parking Garage,Commercial New Construction and Additions,2602 N Dale Mabry Hwy,Carver City Lincoln Gardens,https://aca-prod.accela.com/TAMPA/Cap/CapDetail.aspx?Module=Building&TabName=Building&capID1=26CAP&capID2=00000&capID3=000CI&agencyCode=TAMPA
rec-9e215d3bd61577db,CONSTRUCTION_INSPECTIONS|NATIVE|BLD-26-0521889,src-cee44ca3b4dacd4a,tpa-f5b37138d64a41,construction_inspections,BLD-26-0521889,2026-01-15,2026-01,permit_record_created,CREATEDDATE,source_record_metadata,0,0,2026-08-23,2026-08,2026-09-01,2026-09,2026-09-01,2026-09,2,1,Issued,Interior Alteration,Commercial Building Alterations (Renovations),1918 N Himes Ave,Macfarlane Park,https://aca-prod.accela.com/TAMPA/Cap/CapDetail.aspx?Module=Building&TabName=Building&capID1=26CAP&capID2=00000&capID3=002K4&agencyCode=TAMPA
rec-9e8c75d5dbbf6ae4,CONSTRUCTION_INSPECTIONS|NATIVE|BLD-26-0522167,src-52f3dbe96f7094de,tpa-bcc3cf27d4d5c6,construction_inspections,BLD-26-0522167,2026-01-27,2026-01,permit_record_created,CREATEDDATE,source_record_metadata,0,0,2026-08-23,2026-08,2026-09-01,2026-09,2026-09-01,2026-09,2,1,Issued,New 1-Story SFR,Residential New Construction and Additions (1 and 2 Family),1104 W Adalee St,Riverside Heights,https://aca-prod.accela.com/TAMPA/Cap/CapDetail.aspx?Module=Building&TabName=Building&capID1=26CAP&capID2=00000&capID3=004VU&agencyCode=TAMPA
rec-9e9a1bf12bf90034,CONSTRUCTION_INSPECTIONS|NATIVE|BLD-26-0521855,src-639ff8fb740fb996,tpa-1048b6cb3845c1,construction_inspections,BLD-26-0521855,2026-01-14,2026-01,permit_record_created,CREATEDDATE,source_record_metadata,0,0,2026-08-23,2026-08,2026-09-01,2026-09,2026-09-01,2026-09,2,1,Revision,Expedited Project | New 3 Stry- Townhome Unit 1,Residential New Construction and Additions (1 and 2 Family),505 W Ross Ave,Tampa Heights,https://aca-prod.accela.com/TAMPA/Cap/CapDetail.aspx?Module=Building&TabName=Building&capID1=26CAP&capID2=00000&capID3=0025D&agencyCode=TAMPA
rec-9f5a9a3b60a0aa87,CONSTRUCTION_INSPECTIONS|NATIVE|BLD-26-0521616,src-851c4eedd421ecd5,tpa-de4d9cf75a591c,construction_inspections,BLD-26-0521616,2026-01-05,2026-01,permit_record_created,CREATEDDATE,source_record_metadata,0,0,2026-08-23,2026-08,2026-09-01,2026-09,2026-09-01,2026-09,2,1,Issued,NEW SFR,Residential New Construction and Additions (1 and 2 Family),8608 N 13th St,Sulphur Springs,https://aca-prod.accela.com/TAMPA/Cap/CapDetail.aspx?Module=Building&TabName=Building&capID1=26CAP&capID2=00000&capID3=000C5&agencyCode=TAMPA
rec-a0ab4c548e7a07d0,CONSTRUCTION_INSPECTIONS|NATIVE|BLD-26-0521911,src-10bbb570b0347eb3,tpa-ba43c3d0dd5857,construction_inspections,BLD-26-0521911,2026-01-15,2026-01,permit_record_created,CREATEDDATE,source_record_metadata,0,0,2026-08-23,2026-08,2026-09-01,2026-09,2026-09-01,2026-09,2,1,Issued,Addition,Residential New Construction and Additions (1 and 2 Family),1527 W Clinton St,Lowry Park Central,https://aca-prod.accela.com/TAMPA/Cap/CapDetail.aspx?Module=Building&TabName=Building&capID1=26CAP&capID2=00000&capID3=002RB&agencyCode=TAMPA
rec-a12fe5479325c71a,CONSTRUCTION_INSPECTIONS|NATIVE|BLD-26-0521818,src-0b05118930c5fd84,tpa-457de4f98b1664,construction_inspections,BLD-26-0521818,2026-01-13,2026-01,permit_record_created,CREATEDDATE,source_record_metadata,0,0,2026-08-23,2026-08,2026-09-01,2026-09,2026-09-01,2026-09,2,1,Revision,PP: Addition,Residential New Construction and Additions (1 and 2 Family),3612 W Santiago St,Palma Ceia,https://aca-prod.accela.com/TAMPA/Cap/CapDetail.aspx?Module=Building&TabName=Building&capID1=26CAP&capID2=00000&capID3=001VH&agencyCode=TAMPA
rec-a5baa28233f85dea,CONSTRUCTION_INSPECTIONS|NATIVE|BLD-26-0521845,src-e4203010b750fb40,tpa-7f0ff0e492b28f,construction_inspections,BLD-26-0521845,2026-01-13,2026-01,permit_record_created,CREATEDDATE,source_record_metadata,0,0,2026-08-23,2026-08,2026-09-01,2026-09,2026-09-01,2026-09,2,1,Issued,Expedited Project | ATF Violation -CMP-26-0000039,Residential Building Alterations (Renovations),3201 W Tyson Ave,Interbay - South of Gandy,https://aca-prod.accela.com/TAMPA/Cap/CapDetail.aspx?Module=Building&TabName=Building&capID1=26CAP&capID2=00000&capID3=0022L&agencyCode=TAMPA
rec-a5e401ef1dd3da75,CONSTRUCTION_INSPECTIONS|NATIVE|BLD-26-0522259,src-f80ef3030b0a847d,tpa-99ec3fb643fa54,construction_inspections,BLD-26-0522259,2026-01-29,2026-01,permit_record_created,CREATEDDATE,source_record_metadata,0,0,2026-08-23,2026-08,2026-09-01,2026-09,2026-09-01,2026-09,2,1,Revision,EARLY START BLD-26-0522259 Interior Alteration - Bagels & Co.,Commercial Building Alterations (Renovations),5004 E Fowler Ave,University of South Florida,https://aca-prod.accela.com/TAMPA/Cap/CapDetail.aspx?Module=Building&TabName=Building&capID1=26CAP&capID2=00000&capID3=0066O&agencyCode=TAMPA
rec-ae033bc36ed54969,CONSTRUCTION_INSPECTIONS|NATIVE|BLD-26-0521926,src-8cac59fd0c52a782,tpa-80a643be144cb2,construction_inspections,BLD-26-0521926,2026-01-16,2026-01,permit_record_created,CREATEDDATE,source_record_metadata,0,0,2026-08-23,2026-08,2026-09-01,2026-09,2026-09-01,2026-09,2,1,Issued,Interior Alteration - Fire Damage,Residential Building Alterations (Renovations),8413 N Highland Ave,Lowry Park Central,https://aca-prod.accela.com/TAMPA/Cap/CapDetail.aspx?Module=Building&TabName=Building&capID1=26CAP&capID2=00000&capID3=002UX&agencyCode=TAMPA
rec-af576e709a16285f,CONSTRUCTION_INSPECTIONS|NATIVE|BLD-26-0522131,src-6f5ff33b3913ee19,tpa-11b60937dcffaf,construction_inspections,BLD-26-0522131,2026-01-26,2026-01,permit_record_created,CREATEDDATE,source_record_metadata,0,0,2026-08-23,2026-08,2026-09-01,2026-09,2026-09-01,2026-09,2,1,Issued,"THRESH: PP: Alterations: Interior/Exterior - Marina Club Building L NO EMP, FA,FP",Commercial Building Alterations (Renovations),2424 W Tampa Bay Blvd,The Marina Club of Tampa,https://aca-prod.accela.com/TAMPA/Cap/CapDetail.aspx?Module=Building&TabName=Building&capID1=26CAP&capID2=00000&capID3=004JA&agencyCode=TAMPA
rec-b034ac96bd85dce0,CONSTRUCTION_INSPECTIONS|NATIVE|BLD-26-0521743,src-03ac98be8dd692d6,tpa-f7acd9ea88a07c,construction_inspections,BLD-26-0521743,2026-01-09,2026-01,permit_record_created,CREATEDDATE,source_record_metadata,0,0,2026-08-23,2026-08,2026-09-01,2026-09,2026-09-01,2026-09,2,1,Issued,New SFR,Residential New Construction and Additions (1 and 2 Family),208 W Fern St,Old Seminole Heights,https://aca-prod.accela.com/TAMPA/Cap/CapDetail.aspx?Module=Building&TabName=Building&capID1=26CAP&capID2=00000&capID3=001C0&agencyCode=TAMPA
rec-b2e2a517733b0c34,CONSTRUCTION_INSPECTIONS|NATIVE|BLD-26-0522135,src-d3d5e0e4bdf5770f,tpa-245030a325b815,construction_inspections,BLD-26-0522135,2026-01-26,2026-01,permit_record_created,CREATEDDATE,source_record_metadata,0,0,2026-08-23,2026-08,2026-09-01,2026-09,2026-09-01,2026-09,2,1,Issued,PP:New 1Sty SFR,Residential New Construction and Additions (1 and 2 Family),1911 E Noel St,Historic Belmont Heights,https://aca-prod.accela.com/TAMPA/Cap/CapDetail.aspx?Module=Building&TabName=Building&capID1=26CAP&capID2=00000&capID3=004JY&agencyCode=TAMPA
rec-b36f132557419676,CONSTRUCTION_INSPECTIONS|NATIVE|BLD-26-0522065,src-0848793393011184,tpa-84565d038cc7d0,construction_inspections,BLD-26-0522065,2026-01-23,2026-01,permit_record_created,CREATEDDATE,source_record_metadata,0,0,2026-08-23,2026-08,2026-09-01,2026-09,2026-09-01,2026-09,2,1,Issued,FEMA - Interior/Exterior Alteration,Residential Building Alterations (Renovations),25 Formosa Ave,Davis Islands,https://aca-prod.accela.com/TAMPA/Cap/CapDetail.aspx?Module=Building&TabName=Building&capID1=26CAP&capID2=00000&capID3=0041X&agencyCode=TAMPA
rec-b4786b6c28b5b84f,CONSTRUCTION_INSPECTIONS|NATIVE|BLD-26-0521604,src-fed52af27c3ae8c5,tpa-d38d30397269ac,construction_inspections,BLD-26-0521604,2026-01-05,2026-01,permit_record_created,CREATEDDATE,source_record_metadata,0,0,2026-08-23,2026-08,2026-09-01,2026-09,2026-09-01,2026-09,2,1,Issued,Interior Alteration - Publix Super Markets,Commercial Building Alterations (Renovations),10928 Cross Creek Blvd,New Tampa,https://aca-prod.accela.com/TAMPA/Cap/CapDetail.aspx?Module=Building&TabName=Building&capID1=26CAP&capID2=00000&capID3=000BD&agencyCode=TAMPA
rec-b8c501b1dc2fcecc,CONSTRUCTION_INSPECTIONS|NATIVE|BLD-26-0521927,src-7234144ebd8d6cf9,tpa-0e0c3714de268e,construction_inspections,BLD-26-0521927,2026-01-16,2026-01,permit_record_created,CREATEDDATE,source_record_metadata,0,0,2026-08-23,2026-08,2026-09-01,2026-09,2026-09-01,2026-09,2,1,Issued,Addition: American Care Enclose Drive-Thru,Commercial New Construction and Additions,205 W Busch Blvd,East Forest Hills,https://aca-prod.accela.com/TAMPA/Cap/CapDetail.aspx?Module=Building&TabName=Building&capID1=26CAP&capID2=00000&capID3=002WA&agencyCode=TAMPA
rec-bbb661de4ac1c7c0,CONSTRUCTION_INSPECTIONS|NATIVE|BLD-26-0522210,src-9335c09348152087,tpa-e0134b47a3932e,construction_inspections,BLD-26-0522210,2026-01-29,2026-01,permit_record_created,CREATEDDATE,source_record_metadata,0,0,2026-08-23,2026-08,2026-09-01,2026-09,2026-09-01,2026-09,2,1,Issued,Interior/Exterior Alteration,Residential Building Alterations (Renovations),4306 W Swann Ave,Beach Park,https://aca-prod.accela.com/TAMPA/Cap/CapDetail.aspx?Module=Building&TabName=Building&capID1=26CAP&capID2=00000&capID3=005RJ&agencyCode=TAMPA
rec-bd79def1b2fa4afd,CONSTRUCTION_INSPECTIONS|NATIVE|BLD-26-0521862,src-14a665ca5d3bcd7f,tpa-1ac4811618b3d3,construction_inspections,BLD-26-0521862,2026-01-14,2026-01,permit_record_created,CREATEDDATE,source_record_metadata,0,0,2026-08-23,2026-08,2026-09-01,2026-09,2026-09-01,2026-09,2,1,Issued,FEMA ATF - CMP-25-0006479 - Addition and Hurricane Damage Repairs,Residential New Construction and Additions (1 and 2 Family),1910 W Saint Isabel St,West Riverside Heights,https://aca-prod.accela.com/TAMPA/Cap/CapDetail.aspx?Module=Building&TabName=Building&capID1=26CAP&capID2=00000&capID3=0027U&agencyCode=TAMPA
rec-be18939df0e4b313,CONSTRUCTION_INSPECTIONS|NATIVE|BLD-26-0522016,src-74828b82223b3368,tpa-1f02edd7c1b166,construction_inspections,BLD-26-0522016,2026-01-21,2026-01,permit_record_created,CREATEDDATE,source_record_metadata,0,0,2026-08-23,2026-08,2026-09-01,2026-09,2026-09-01,2026-09,2,1,Issued,FEMA: PP: 3 Story New SFR,Residential New Construction and Additions (1 and 2 Family),2807 W Averill Ave,Ballast Point,https://aca-prod.accela.com/TAMPA/Cap/CapDetail.aspx?Module=Building&TabName=Building&capID1=26CAP&capID2=00000&capID3=003ML&agencyCode=TAMPA
rec-c0274ed51720e921,CONSTRUCTION_INSPECTIONS|NATIVE|BLD-26-0522006,src-c264972bedaa56f9,tpa-a505f55a297583,construction_inspections,BLD-26-0522006,2026-01-21,2026-01,permit_record_created,CREATEDDATE,source_record_metadata,0,0,2026-08-23,2026-08,2026-09-01,2026-09,2026-09-01,2026-09,2,1,Issued,PP: New 2-Story SFR,Residential New Construction and Additions (1 and 2 Family),3214 W San Miguel St,Palma Ceia,https://aca-prod.accela.com/TAMPA/Cap/CapDetail.aspx?Module=Building&TabName=Building&capID1=26CAP&capID2=00000&capID3=003IT&agencyCode=TAMPA
rec-c278fde24fe21762,CONSTRUCTION_INSPECTIONS|NATIVE|BLD-26-0522224,src-5a6cca17bec11579,tpa-76514f256dd0dc,construction_inspections,BLD-26-0522224,2026-01-29,2026-01,permit_record_created,CREATEDDATE,source_record_metadata,0,0,2026-08-23,2026-08,2026-09-01,2026-09,2026-09-01,2026-09,2,1,Revision,FEMA: PP: SFR,Residential New Construction and Additions (1 and 2 Family),3109 W Napoleon Ave,Interbay - South of Gandy,https://aca-prod.accela.com/TAMPA/Cap/CapDetail.aspx?Module=Building&TabName=Building&capID1=26CAP&capID2=00000&capID3=005YX&agencyCode=TAMPA
rec-c3421e77f4942a49,CONSTRUCTION_INSPECTIONS|NATIVE|BLD-26-0522270,src-a41c9a2a06af71e7,tpa-18c9e659a35f1d,construction_inspections,BLD-26-0522270,2026-01-30,2026-01,permit_record_created,CREATEDDATE,source_record_metadata,0,0,2026-08-23,2026-08,2026-09-01,2026-09,2026-09-01,2026-09,2,1,Issued,Expedited Project | Interior Alteration,Commercial Building Alterations (Renovations),2910 W Barcelona St,Bayshore Gardens,https://aca-prod.accela.com/TAMPA/Cap/CapDetail.aspx?Module=Building&TabName=Building&capID1=26CAP&capID2=00000&capID3=00687&agencyCode=TAMPA
rec-c3fc20045a4b39a6,CONSTRUCTION_INSPECTIONS|NATIVE|BLD-26-0521754,src-c4d9899c02127103,tpa-b67863b711f049,construction_inspections,BLD-26-0521754,2026-01-09,2026-01,permit_record_created,CREATEDDATE,source_record_metadata,0,0,2026-08-23,2026-08,2026-09-01,2026-09,2026-09-01,2026-09,2,1,Revision,New 1-Story SFR,Residential New Construction and Additions (1 and 2 Family),1803 E 23rd Ave,College Hill-Belmont Heights,https://aca-prod.accela.com/TAMPA/Cap/CapDetail.aspx?Module=Building&TabName=Building&capID1=26CAP&capID2=00000&capID3=001ET&agencyCode=TAMPA
rec-cb21860c38bbb5d1,CONSTRUCTION_INSPECTIONS|NATIVE|BLD-26-0521834,src-1424f71332861eee,tpa-68355ce602a115,construction_inspections,BLD-26-0521834,2026-01-13,2026-01,permit_record_created,CREATEDDATE,source_record_metadata,0,0,2026-08-23,2026-08,2026-09-01,2026-09,2026-09-01,2026-09,2,1,Issued,New 2-Story SFR,Residential New Construction and Additions (1 and 2 Family),1002 W Ohio Ave,Riverside Heights,https://aca-prod.accela.com/TAMPA/Cap/CapDetail.aspx?Module=Building&TabName=Building&capID1=26CAP&capID2=00000&capID3=001Z5&agencyCode=TAMPA
rec-cbc4b37662430cf7,CONSTRUCTION_INSPECTIONS|NATIVE|BLD-26-0522107,src-ac96dac9ff3d1ecc,tpa-86f66828faf30f,construction_inspections,BLD-26-0522107,2026-01-26,2026-01,permit_record_created,CREATEDDATE,source_record_metadata,0,0,2026-08-23,2026-08,2026-09-01,2026-09,2026-09-01,2026-09,2,1,Issued,Addition and Interior Remodel,Residential New Construction and Additions (1 and 2 Family),2804 W Parkland Blvd,Parkland Estates,https://aca-prod.accela.com/TAMPA/Cap/CapDetail.aspx?Module=Building&TabName=Building&capID1=26CAP&capID2=00000&capID3=004D2&agencyCode=TAMPA
rec-ccead684a573d098,CONSTRUCTION_INSPECTIONS|NATIVE|BLD-26-0521605,src-d18c172915085788,tpa-2f7c6a6e3df233,construction_inspections,BLD-26-0521605,2026-01-05,2026-01,permit_record_created,CREATEDDATE,source_record_metadata,0,0,2026-08-23,2026-08,2026-08-23,2026-08,2026-08-23,2026-08,1,0,Revision,FEMA - Dormer Addition/Remodel,Residential Building Alterations (Renovations),3006 S Emerson St,Sunset Park,https://aca-prod.accela.com/TAMPA/Cap/CapDetail.aspx?Module=Building&TabName=Building&capID1=26CAP&capID2=00000&capID3=000BH&agencyCode=TAMPA
rec-ccf0ad6ace320d5e,CONSTRUCTION_INSPECTIONS|NATIVE|BLD-26-0522190,src-b57a1bd7046cbe58,tpa-37a87599ccecee,construction_inspections,BLD-26-0522190,2026-01-28,2026-01,permit_record_created,CREATEDDATE,source_record_metadata,0,0,2026-08-23,2026-08,2026-09-01,2026-09,2026-09-01,2026-09,2,1,Issued,New 2-Story SFR,Residential New Construction and Additions (1 and 2 Family),3823 W Gray St,North Bon Air,https://aca-prod.accela.com/TAMPA/Cap/CapDetail.aspx?Module=Building&TabName=Building&capID1=26CAP&capID2=00000&capID3=005B7&agencyCode=TAMPA
rec-ce1446682773ca03,CONSTRUCTION_INSPECTIONS|NATIVE|BLD-26-0522372,src-de08b194c86c3a76,tpa-e29a8fc6b61a97,construction_inspections,BLD-26-0522372,2026-01-28,2026-01,permit_record_created,CREATEDDATE,source_record_metadata,0,0,2026-08-23,2026-08,2026-09-01,2026-09,2026-09-01,2026-09,2,1,Revision,Bath Remodel/Extend Sidewalk & Patio-Veteran,Residential Building Alterations (Renovations),6203 N 37th St,Woodland Terrace,https://aca-prod.accela.com/TAMPA/Cap/CapDetail.aspx?Module=Building&TabName=Building&capID1=26CAP&capID2=00000&capID3=007DL&agencyCode=TAMPA
rec-d073295164f479de,CONSTRUCTION_INSPECTIONS|NATIVE|BLD-26-0521910,src-feb981a9f8116d2b,tpa-0dd2e889032cfa,construction_inspections,BLD-26-0521910,2026-01-15,2026-01,permit_record_created,CREATEDDATE,source_record_metadata,0,0,2026-08-23,2026-08,2026-09-01,2026-09,2026-09-01,2026-09,2,1,Issued,PP: NEW SFR 2 Story,Residential New Construction and Additions (1 and 2 Family),714 W Frances Ave,Ridgewood Park,https://aca-prod.accela.com/TAMPA/Cap/CapDetail.aspx?Module=Building&TabName=Building&capID1=26CAP&capID2=00000&capID3=002R7&agencyCode=TAMPA
rec-d147b9ea4429aeb0,CONSTRUCTION_INSPECTIONS|NATIVE|BLD-26-0521609,src-aa9d12a914e9e812,tpa-13f767ccb5db1e,construction_inspections,BLD-26-0521609,2026-01-05,2026-01,permit_record_created,CREATEDDATE,source_record_metadata,0,0,2026-08-23,2026-08,2026-09-01,2026-09,2026-09-01,2026-09,2,1,Issued,PP: Addition,Residential New Construction and Additions (1 and 2 Family),2310 S Ardson Pl,Bayshore Gardens,https://aca-prod.accela.com/TAMPA/Cap/CapDetail.aspx?Module=Building&TabName=Building&capID1=26CAP&capID2=00000&capID3=000BT&agencyCode=TAMPA
rec-d40f1d9c87233a76,CONSTRUCTION_INSPECTIONS|NATIVE|BLD-26-0522211,src-d24d22e646dc838c,tpa-17cbc5722b1577,construction_inspections,BLD-26-0522211,2026-01-29,2026-01,permit_record_created,CREATEDDATE,source_record_metadata,0,0,2026-08-23,2026-08,2026-09-01,2026-09,2026-09-01,2026-09,2,1,Issued,Interior Alteration,Commercial Building Alterations (Renovations),525 S Lincoln Ave,Palma Ceia Pines,https://aca-prod.accela.com/TAMPA/Cap/CapDetail.aspx?Module=Building&TabName=Building&capID1=26CAP&capID2=00000&capID3=005SB&agencyCode=TAMPA
rec-d978b5ac23485760,CONSTRUCTION_INSPECTIONS|NATIVE|BLD-26-0521912,src-828aeed2628ca9dd,tpa-4790444b10d1da,construction_inspections,BLD-26-0521912,2026-01-15,2026-01,permit_record_created,CREATEDDATE,source_record_metadata,0,0,2026-08-23,2026-08,2026-09-01,2026-09,2026-09-01,2026-09,2,1,Issued,PP:New 2 Story SFR,Residential New Construction and Additions (1 and 2 Family),3824 W Corona St,Virginia Park,https://aca-prod.accela.com/TAMPA/Cap/CapDetail.aspx?Module=Building&TabName=Building&capID1=26CAP&capID2=00000&capID3=002RI&agencyCode=TAMPA
rec-dd010be2e8bb0324,CONSTRUCTION_INSPECTIONS|NATIVE|BLD-26-0522281,src-55d0d01922b73dff,tpa-0da237184a1f68,construction_inspections,BLD-26-0522281,2026-01-30,2026-01,permit_record_created,CREATEDDATE,source_record_metadata,0,0,2026-08-23,2026-08,2026-08-23,2026-08,2026-08-23,2026-08,1,0,Revision,PP: Change of Occupancy- Pura Vida Miami,Commercial Building Alterations (Renovations),1038 Water St,Tampa Downtown Partnership,https://aca-prod.accela.com/TAMPA/Cap/CapDetail.aspx?Module=Building&TabName=Building&capID1=26CAP&capID2=00000&capID3=006C4&agencyCode=TAMPA
rec-dd4c37cdbbd8d2a4,CONSTRUCTION_INSPECTIONS|NATIVE|BLD-26-0521577,src-c1ae416dec9b4862,tpa-6d2ee906e3c44f,construction_inspections,BLD-26-0521577,2026-01-03,2026-01,permit_record_created,CREATEDDATE,source_record_metadata,0,0,2026-08-23,2026-08,2026-09-01,2026-09,2026-09-01,2026-09,2,1,Issued,"OWNER:Addition > New addition of 889sf, 2 bed 2 bath",Residential New Construction and Additions (1 and 2 Family),1317 W Yukon St,Lowry Park Central,https://aca-prod.accela.com/TAMPA/Cap/CapDetail.aspx?Module=Building&TabName=Building&capID1=26CAP&capID2=00000&capID3=0004F&agencyCode=TAMPA
rec-de2d732337931ef5,CONSTRUCTION_INSPECTIONS|NATIVE|BLD-26-0521973,src-0d1ab534530bea60,tpa-457e675bcbfce4,construction_inspections,BLD-26-0521973,2026-01-20,2026-01,permit_record_created,CREATEDDATE,source_record_metadata,0,0,2026-08-23,2026-08,2026-09-01,2026-09,2026-09-01,2026-09,2,1,Issued,PP: New addition and Detached Garage with living space,Residential New Construction and Additions (1 and 2 Family),210 S Matanzas Ave,Palma Ceia Pines,https://aca-prod.accela.com/TAMPA/Cap/CapDetail.aspx?Module=Building&TabName=Building&capID1=26CAP&capID2=00000&capID3=00399&agencyCode=TAMPA
rec-e0eb4893c1bafe93,CONSTRUCTION_INSPECTIONS|NATIVE|BLD-26-0521706,src-48ba979dda8e5ad4,tpa-41f6a2b3edcc95,construction_inspections,BLD-26-0521706,2026-01-08,2026-01,permit_record_created,CREATEDDATE,source_record_metadata,0,0,2026-08-23,2026-08,2026-09-01,2026-09,2026-09-01,2026-09,2,1,Revision,FEMA: Addition revised site plan,Residential New Construction and Additions (1 and 2 Family),2507 W Shell Point Rd,Ballast Point,https://aca-prod.accela.com/TAMPA/Cap/CapDetail.aspx?Module=Building&TabName=Building&capID1=26CAP&capID2=00000&capID3=0013J&agencyCode=TAMPA
rec-e2599c261265a4e6,CONSTRUCTION_INSPECTIONS|NATIVE|BLD-26-0521601,src-ef0a04325ded0864,tpa-757503136a2c42,construction_inspections,BLD-26-0521601,2026-01-05,2026-01,permit_record_created,CREATEDDATE,source_record_metadata,0,0,2026-08-23,2026-08,2026-09-01,2026-09,2026-09-01,2026-09,2,1,Revision,FEMA: PP - Interior Alteration,Commercial Building Alterations (Renovations),3101 Bayshore Blvd,Bayshore Gardens,https://aca-prod.accela.com/TAMPA/Cap/CapDetail.aspx?Module=Building&TabName=Building&capID1=26CAP&capID2=00000&capID3=000AV&agencyCode=TAMPA
rec-e2acd6a4a193b33e,CONSTRUCTION_INSPECTIONS|NATIVE|BLD-26-0521790,src-ec4361ac0c6aa4ad,tpa-3b3efc43e3d66e,construction_inspections,BLD-26-0521790,2026-01-12,2026-01,permit_record_created,CREATEDDATE,source_record_metadata,0,0,2026-08-23,2026-08,2026-09-01,2026-09,2026-09-01,2026-09,2,1,Issued,Addition and Remodel,Residential New Construction and Additions (1 and 2 Family),2407 N Ramona Cir,Tampa Overlook,https://aca-prod.accela.com/TAMPA/Cap/CapDetail.aspx?Module=Building&TabName=Building&capID1=26CAP&capID2=00000&capID3=001NA&agencyCode=TAMPA
rec-e57e4470e13da91a,CONSTRUCTION_INSPECTIONS|NATIVE|BLD-26-0522205,src-f8fa9234c49cebc2,tpa-6465cd2a3d7f68,construction_inspections,BLD-26-0522205,2026-01-28,2026-01,permit_record_created,CREATEDDATE,source_record_metadata,0,0,2026-08-23,2026-08,2026-09-01,2026-09,2026-09-01,2026-09,2,1,Issued,ATF Violation -CMP-23-0000457/CMP-24-0011737 - Interior and Exterior Alteration with Porch Addition,Residential Building Alterations (Renovations),5606 N Cherokee Ave,Old Seminole Heights,https://aca-prod.accela.com/TAMPA/Cap/CapDetail.aspx?Module=Building&TabName=Building&capID1=26CAP&capID2=00000&capID3=005OT&agencyCode=TAMPA
rec-e7189b541e086173,CONSTRUCTION_INSPECTIONS|NATIVE|BLD-26-0521567,src-5f0d55b798bfd384,tpa-2d3ae14df8c01f,construction_inspections,BLD-26-0521567,2026-01-02,2026-01,permit_record_created,CREATEDDATE,source_record_metadata,0,0,2026-08-23,2026-08,2026-09-01,2026-09,2026-09-01,2026-09,2,1,Issued,New 2-Story SFR,Residential New Construction and Additions (1 and 2 Family),2707 W Collins St,West Tampa Heights (Stadium Area),https://aca-prod.accela.com/TAMPA/Cap/CapDetail.aspx?Module=Building&TabName=Building&capID1=26CAP&capID2=00000&capID3=0002Q&agencyCode=TAMPA
rec-eb7e8b83fa9d6a51,CONSTRUCTION_INSPECTIONS|NATIVE|BLD-26-0521972,src-a2fe776885ca56ba,tpa-c7372a5e4ee32b,construction_inspections,BLD-26-0521972,2026-01-20,2026-01,permit_record_created,CREATEDDATE,source_record_metadata,0,0,2026-08-23,2026-08,2026-09-01,2026-09,2026-09-01,2026-09,2,1,Revision,FEMA: PP: Master bath remodel,Residential Building Alterations (Renovations),806 S Davis Blvd,Davis Islands,https://aca-prod.accela.com/TAMPA/Cap/CapDetail.aspx?Module=Building&TabName=Building&capID1=26CAP&capID2=00000&capID3=00394&agencyCode=TAMPA
rec-eca76f0fc5106092,CONSTRUCTION_INSPECTIONS|NATIVE|BLD-26-0522095,src-035f74ea3046a0b2,tpa-a77207769e2268,construction_inspections,BLD-26-0522095,2026-01-26,2026-01,permit_record_created,CREATEDDATE,source_record_metadata,0,0,2026-08-23,2026-08,2026-08-23,2026-08,2026-08-23,2026-08,1,0,Revision,PP: Interior Build out: Duckweed Urban Grocery and Liquor Store,Commercial Building Alterations (Renovations),1710 Nuccio Pkwy,Historic Ybor,https://aca-prod.accela.com/TAMPA/Cap/CapDetail.aspx?Module=Building&TabName=Building&capID1=26CAP&capID2=00000&capID3=004AF&agencyCode=TAMPA
rec-ee8868927ce2f014,CONSTRUCTION_INSPECTIONS|NATIVE|BLD-26-0521944,src-2ec5059cd2e89e15,tpa-3043eb68fa9249,construction_inspections,BLD-26-0521944,2026-01-16,2026-01,permit_record_created,CREATEDDATE,source_record_metadata,0,0,2026-08-23,2026-08,2026-09-01,2026-09,2026-09-01,2026-09,2,1,Revision,PP: New 1-Story SFR,Residential New Construction and Additions (1 and 2 Family),3113 W Julia Cir S,Bayshore Beautiful,https://aca-prod.accela.com/TAMPA/Cap/CapDetail.aspx?Module=Building&TabName=Building&capID1=26CAP&capID2=00000&capID3=0030I&agencyCode=TAMPA
rec-f03d5844df215432,CONSTRUCTION_INSPECTIONS|NATIVE|BLD-26-0522091,src-cfa3eabc59718f71,tpa-30a9a069a9b095,construction_inspections,BLD-26-0522091,2026-01-26,2026-01,permit_record_created,CREATEDDATE,source_record_metadata,0,0,2026-08-23,2026-08,2026-09-01,2026-09,2026-09-01,2026-09,2,1,Issued,FEMA: THRESHOLD SITE/FDN AC Moxy Channelside,Commercial New Construction and Additions,111 N Meridian Ave,Channel District,https://aca-prod.accela.com/TAMPA/Cap/CapDetail.aspx?Module=Building&TabName=Building&capID1=26CAP&capID2=00000&capID3=0049T&agencyCode=TAMPA
rec-f131a3bc1677d7ed,CONSTRUCTION_INSPECTIONS|NATIVE|BLD-26-0521694,src-15b766048701ae65,tpa-49113affb100a2,construction_inspections,BLD-26-0521694,2026-01-08,2026-01,permit_record_created,CREATEDDATE,source_record_metadata,0,0,2026-08-23,2026-08,2026-09-01,2026-09,2026-09-01,2026-09,2,1,Issued,FEMA:PP:New 2-Story SFR,Residential New Construction and Additions (1 and 2 Family),469 Severn Ave,Davis Islands,https://aca-prod.accela.com/TAMPA/Cap/CapDetail.aspx?Module=Building&TabName=Building&capID1=26CAP&capID2=00000&capID3=000ZI&agencyCode=TAMPA
rec-f2f84711e7d865e1,CONSTRUCTION_INSPECTIONS|NATIVE|BLD-26-0521917,src-59f0eeac16806e49,tpa-51436f3a21c595,construction_inspections,BLD-26-0521917,2026-01-16,2026-01,permit_record_created,CREATEDDATE,source_record_metadata,0,0,2026-08-23,2026-08,2026-09-01,2026-09,2026-09-01,2026-09,2,1,Issued,New 2-Story SFR and Detached Garage,Residential New Construction and Additions (1 and 2 Family),3112 W Haya St,Plaza Terrace,https://aca-prod.accela.com/TAMPA/Cap/CapDetail.aspx?Module=Building&TabName=Building&capID1=26CAP&capID2=00000&capID3=002S2&agencyCode=TAMPA
rec-f3e3ef1255b7b93f,CONSTRUCTION_INSPECTIONS|NATIVE|BLD-26-0521637,src-46c448a86265a018,tpa-ca7e547556a454,construction_inspections,BLD-26-0521637,2026-01-06,2026-01,permit_record_created,CREATEDDATE,source_record_metadata,0,0,2026-08-23,2026-08,2026-09-01,2026-09,2026-09-01,2026-09,2,1,Revision,OWNER:ADDITION: New 2-Story Accessory Dwelling Unit,Residential New Construction and Additions (1 and 2 Family),5907 N Kenneth Ave,Old Seminole Heights,https://aca-prod.accela.com/TAMPA/Cap/CapDetail.aspx?Module=Building&TabName=Building&capID1=26CAP&capID2=00000&capID3=000IR&agencyCode=TAMPA
rec-f82ea910b557bc97,CONSTRUCTION_INSPECTIONS|NATIVE|BLD-26-0521750,src-e616ff698d8532a3,tpa-6680544a78b2dd,construction_inspections,BLD-26-0521750,2026-01-09,2026-01,permit_record_created,CREATEDDATE,source_record_metadata,0,0,2026-08-23,2026-08,2026-09-01,2026-09,2026-09-01,2026-09,2,1,Issued,Addition/Remodel,Residential New Construction and Additions (1 and 2 Family),4110 W Swann Ave,Swann Estates,https://aca-prod.accela.com/TAMPA/Cap/CapDetail.aspx?Module=Building&TabName=Building&capID1=26CAP&capID2=00000&capID3=001E4&agencyCode=TAMPA
rec-faf7f0472ef0b900,CONSTRUCTION_INSPECTIONS|NATIVE|BLD-26-0521983,src-caf454eaf6e446c0,tpa-c9a76ceb1d5c1d,construction_inspections,BLD-26-0521983,2026-01-20,2026-01,permit_record_created,CREATEDDATE,source_record_metadata,0,0,2026-08-23,2026-08,2026-09-01,2026-09,2026-09-01,2026-09,2,1,Revision,PP:Interior Remodel,Residential Building Alterations (Renovations),808 S MacDill Ave,Parkland Estates,https://aca-prod.accela.com/TAMPA/Cap/CapDetail.aspx?Module=Building&TabName=Building&capID1=26CAP&capID2=00000&capID3=003D7&agencyCode=TAMPA
rec-fb56a824dbded287,CONSTRUCTION_INSPECTIONS|NATIVE|BLD-26-0521922,src-9e9f3e19ad5a58be,tpa-e4eaa0c4f1d952,construction_inspections,BLD-26-0521922,2026-01-16,2026-01,permit_record_created,CREATEDDATE,source_record_metadata,0,0,2026-08-23,2026-08,2026-09-01,2026-09,2026-09-01,2026-09,2,1,Revision,New SFR,Residential New Construction and Additions (1 and 2 Family),3101 E Osborne Ave,East Tampa 1,https://aca-prod.accela.com/TAMPA/Cap/CapDetail.aspx?Module=Building&TabName=Building&capID1=26CAP&capID2=00000&capID3=002T9&agencyCode=TAMPA
rec-fedd1d9ab1af0a39,CONSTRUCTION_INSPECTIONS|NATIVE|BLD-26-0522085,src-e1764c9502105d85,tpa-053a574fda4f86,construction_inspections,BLD-26-0522085,2026-01-23,2026-01,permit_record_created,CREATEDDATE,source_record_metadata,0,0,2026-08-23,2026-08,2026-09-01,2026-09,2026-09-01,2026-09,2,1,Issued,FEMA: PP: New 2 Story,Residential New Construction and Additions (1 and 2 Family),6210 Sanders Dr,Ballast Point,https://aca-prod.accela.com/TAMPA/Cap/CapDetail.aspx?Module=Building&TabName=Building&capID1=26CAP&capID2=00000&capID3=0048C&agencyCode=TAMPA
rec-0928edff99935993,DEVELOPMENT_COORDINATION|NATIVE|REZ-26-0000036,src-5087fd6669bafdf0,tpa-74cafe1f0b67ee,development_coordination,REZ-26-0000036,2026-01-14,2026-01,planning_application_created,CREATEDDATE,source_reported_event,0,0,2026-08-23,2026-08,2026-09-01,2026-09,2026-09-01,2026-09,2,1,In Process,Rezoning,Rezoning,1506 N Morgan St,Tampa Heights,https://aca-prod.accela.com/TAMPA/Cap/CapDetail.aspx?Module=Planning&TabName=Planning&capID1=26CAP&capID2=00000&capID3=002BR&agencyCode=TAMPA
rec-43129cd0f0876b71,DEVELOPMENT_COORDINATION|NATIVE|REZ-26-0000039,src-b8fb478e1508437c,tpa-362863d3186233,development_coordination,REZ-26-0000039,2026-01-16,2026-01,planning_application_created,CREATEDDATE,source_reported_event,0,0,2026-08-23,2026-08,2026-09-01,2026-09,2026-09-01,2026-09,2,1,In Process,Rezoning,Rezoning,1301 E Columbus Dr,VM Ybor,https://aca-prod.accela.com/TAMPA/Cap/CapDetail.aspx?Module=Planning&TabName=Planning&capID1=26CAP&capID2=00000&capID3=002VJ&agencyCode=TAMPA
rec-86632c48581a0bbd,DEVELOPMENT_COORDINATION|NATIVE|REZ-26-0000040,src-a43bbfbc50b07f06,tpa-f60ed97d2cb15c,development_coordination,REZ-26-0000040,2026-01-17,2026-01,planning_application_created,CREATEDDATE,source_reported_event,0,0,2026-08-23,2026-08,2026-09-01,2026-09,2026-09-01,2026-09,2,1,In Process,Rezoning,Rezoning,2722 W Chestnut St,Macfarlane Park,https://aca-prod.accela.com/TAMPA/Cap/CapDetail.aspx?Module=Planning&TabName=Planning&capID1=26CAP&capID2=00000&capID3=0031M&agencyCode=TAMPA
rec-8e9c47ef6bc38d11,DEVELOPMENT_COORDINATION|NATIVE|REZ-26-0000034,src-847a4ff75e50404b,tpa-196195fdc95007,development_coordination,REZ-26-0000034,2026-01-06,2026-01,planning_application_created,CREATEDDATE,source_reported_event,0,0,2026-08-23,2026-08,2026-09-01,2026-09,2026-09-01,2026-09,2,1,In Process,Rezoning,Rezoning,4400 W Boy Scout Blvd,Carver City Lincoln Gardens,https://aca-prod.accela.com/TAMPA/Cap/CapDetail.aspx?Module=Planning&TabName=Planning&capID1=26CAP&capID2=00000&capID3=000F1&agencyCode=TAMPA
rec-ac1d83805d835c2f,DEVELOPMENT_COORDINATION|NATIVE|REZ-26-0000035,src-5056db275f49bc95,tpa-9e1db0ce3ce4d8,development_coordination,REZ-26-0000035,2026-01-13,2026-01,planning_application_created,CREATEDDATE,source_reported_event,0,0,2026-08-23,2026-08,2026-08-23,2026-08,2026-08-23,2026-08,1,0,In Process,Rezoning,Rezoning,2306 N Boulevard,Ridgewood Park,https://aca-prod.accela.com/TAMPA/Cap/CapDetail.aspx?Module=Planning&TabName=Planning&capID1=26CAP&capID2=00000&capID3=0022G&agencyCode=TAMPA
rec-d9b48fad4102b540,DEVELOPMENT_COORDINATION|NATIVE|REZ-26-0000041,src-08b06729dba0f497,tpa-996a1cd0a41940,development_coordination,REZ-26-0000041,2026-01-26,2026-01,planning_application_created,CREATEDDATE,source_reported_event,0,0,2026-08-23,2026-08,2026-09-01,2026-09,2026-09-01,2026-09,2,1,In Process,Rezoning,Rezoning,4208 W Bay To Bay Blvd,Virginia Park,https://aca-prod.accela.com/TAMPA/Cap/CapDetail.aspx?Module=Planning&TabName=Planning&capID1=26CAP&capID2=00000&capID3=004J0&agencyCode=TAMPA
rec-02c6826434737a57,SINGLE_FAMILY_PERMITS|NATIVE|BLD-25-0518495,src-0500a6e289b1b6a2,tpa-af5bd361327631,single_family_permits,BLD-25-0518495,2026-01-26,2026-01,permit_issued,TASK_STATUS_DATE,source_reported_event,0,0,2026-08-23,2026-08,2026-08-23,2026-08,2026-08-23,2026-08,1,0,Issued | Issued,Residential New Construction and Additions (1 and 2 Family),Residential | New Construction and Additions | Building,3103 S Omar Ave,Sunset Park,https://arcgis.tampagov.net/arcgis/rest/services/OpenData/Planning/MapServer/32
rec-03882f1f2e33236d,SINGLE_FAMILY_PERMITS|NATIVE|BLD-26-0519182,src-e229d5a9419c1c69,tpa-5ea6dcbde8f52b,single_family_permits,BLD-26-0519182,2026-01-20,2026-01,permit_issued,TASK_STATUS_DATE,source_reported_event,0,0,2026-08-23,2026-08,2026-08-23,2026-08,2026-08-23,2026-08,1,0,Revision | Issued,Residential New Construction and Additions (1 and 2 Family),Residential | New Construction and Additions | Building,7406 S Elliott St,"Port Tampa City, Inc. Civic Association",https://arcgis.tampagov.net/arcgis/rest/services/OpenData/Planning/MapServer/32
rec-05c5348ab98074ed,SINGLE_FAMILY_PERMITS|NATIVE|BLD-26-0520901,src-addc843f797fcfe4,tpa-c2504cfbdd6587,single_family_permits,BLD-26-0520901,2026-01-21,2026-01,permit_issued,TASK_STATUS_DATE,source_reported_event,0,0,2026-08-23,2026-08,2026-08-23,2026-08,2026-08-23,2026-08,1,0,Issued | Issued,Residential New Construction and Additions (1 and 2 Family),Residential | New Construction and Additions | Building,3014 N Adams St,Ballast Point,https://arcgis.tampagov.net/arcgis/rest/services/OpenData/Planning/MapServer/32
rec-08278233257344cf,SINGLE_FAMILY_PERMITS|NATIVE|BLD-25-0518851,src-ce545f6e111c4588,tpa-852a28f9e41cb2,single_family_permits,BLD-25-0518851,2026-01-12,2026-01,permit_issued,TASK_STATUS_DATE,source_reported_event,0,0,2026-08-23,2026-08,2026-08-23,2026-08,2026-08-23,2026-08,1,0,Revision | Issued,Residential New Construction and Additions (1 and 2 Family),Residential | New Construction and Additions | Building,548 Lucerne Ave,Davis Islands,https://arcgis.tampagov.net/arcgis/rest/services/OpenData/Planning/MapServer/32
rec-08c1cdc476303116,SINGLE_FAMILY_PERMITS|NATIVE|BLD-26-0520669,src-c607abbae51f196d,tpa-c33c82b970eaf4,single_family_permits,BLD-26-0520669,2026-01-05,2026-01,permit_issued,TASK_STATUS_DATE,source_reported_event,0,0,2026-08-23,2026-08,2026-08-23,2026-08,2026-08-23,2026-08,1,0,Issued | Issued,Residential New Construction and Additions (1 and 2 Family),Residential | New Construction and Additions | Building,3610 W Tyson Ave,Interbay - South of Gandy,https://arcgis.tampagov.net/arcgis/rest/services/OpenData/Planning/MapServer/32
rec-10cc09def164d5c1,SINGLE_FAMILY_PERMITS|NATIVE|BLD-26-0519275,src-a89628e33ce94d38,tpa-666f8de1632994,single_family_permits,BLD-26-0519275,2026-01-23,2026-01,permit_issued,TASK_STATUS_DATE,source_reported_event,0,0,2026-08-23,2026-08,2026-08-23,2026-08,2026-08-23,2026-08,1,0,Issued | Issued,Residential New Construction and Additions (1 and 2 Family),Residential | New Construction and Additions | Building,3202 E 25th Ave,Jackson Heights,https://arcgis.tampagov.net/arcgis/rest/services/OpenData/Planning/MapServer/32
rec-17740e458ef7b052,SINGLE_FAMILY_PERMITS|NATIVE|BLD-26-0519683,src-d890cb2f91c2b371,tpa-2a3ba1216e4012,single_family_permits,BLD-26-0519683,2026-01-30,2026-01,permit_issued,TASK_STATUS_DATE,source_reported_event,0,0,2026-08-23,2026-08,2026-08-23,2026-08,2026-08-23,2026-08,1,0,Issued | Issued,Residential New Construction and Additions (1 and 2 Family),Residential | New Construction and Additions | Building,3204 E 25th Ave,Jackson Heights,https://arcgis.tampagov.net/arcgis/rest/services/OpenData/Planning/MapServer/32
rec-1d9520b4233e2e7d,SINGLE_FAMILY_PERMITS|NATIVE|BLD-26-0519277,src-eca57da1293b32ab,tpa-56e137d0b8da99,single_family_permits,BLD-26-0519277,2026-01-06,2026-01,permit_issued,TASK_STATUS_DATE,source_reported_event,0,0,2026-08-23,2026-08,2026-08-23,2026-08,2026-08-23,2026-08,1,0,Issued | Issued,Residential New Construction and Additions (1 and 2 Family),Residential | New Construction and Additions | Building,3604 E Grove St,Live Oaks Square,https://arcgis.tampagov.net/arcgis/rest/services/OpenData/Planning/MapServer/32
rec-1f72bc84c89d173d,SINGLE_FAMILY_PERMITS|NATIVE|BLD-25-0518720,src-eec0a078ae7ce711,tpa-f2cf1c54350891,single_family_permits,BLD-25-0518720,2026-01-13,2026-01,permit_issued,TASK_STATUS_DATE,source_reported_event,0,0,2026-08-23,2026-08,2026-08-23,2026-08,2026-08-23,2026-08,1,0,Issued | Issued,Residential New Construction and Additions (1 and 2 Family),Residential | New Construction and Additions | Building,4703 W Fair Oaks Ave,Bayside West,https://arcgis.tampagov.net/arcgis/rest/services/OpenData/Planning/MapServer/32
rec-2031dae96f64b775,SINGLE_FAMILY_PERMITS|NATIVE|BLD-24-0508217,src-c818dce3cae98aed,tpa-c57ea4b6cd1ba7,single_family_permits,BLD-24-0508217,2026-01-06,2026-01,permit_issued,TASK_STATUS_DATE,source_reported_event,0,0,2026-08-23,2026-08,2026-09-01,2026-09,2026-09-01,2026-09,2,1,Revision | Issued,Residential New Construction and Additions (1 and 2 Family),Residential | New Construction and Additions | Building,5117 W Poe Ave,Sunset Park,https://arcgis.tampagov.net/arcgis/rest/services/OpenData/Planning/MapServer/32
rec-20e9525170ab255b,SINGLE_FAMILY_PERMITS|NATIVE|BLD-26-0520962,src-247ced8dbf8e7540,tpa-1ea35e3ba1e04b,single_family_permits,BLD-26-0520962,2026-01-14,2026-01,permit_issued,TASK_STATUS_DATE,source_reported_event,0,0,2026-08-23,2026-08,2026-08-23,2026-08,2026-08-23,2026-08,1,0,Issued | Issued,Residential New Construction and Additions (1 and 2 Family),Residential | New Construction and Additions | Building,4614 W Estrella St,Sunset Park,https://arcgis.tampagov.net/arcgis/rest/services/OpenData/Planning/MapServer/32
rec-2998b1efdf5d3783,SINGLE_FAMILY_PERMITS|NATIVE|BLD-26-0519467,src-5c5918b7519971d1,tpa-7c429afce10b19,single_family_permits,BLD-26-0519467,2026-01-06,2026-01,permit_issued,TASK_STATUS_DATE,source_reported_event,0,0,2026-08-23,2026-08,2026-08-23,2026-08,2026-08-23,2026-08,1,0,Revision | Issued,Residential New Construction and Additions (1 and 2 Family),Residential | New Construction and Additions | Building,604 Superior Ave,Davis Islands,https://arcgis.tampagov.net/arcgis/rest/services/OpenData/Planning/MapServer/32
rec-2ee40b76f85e7133,SINGLE_FAMILY_PERMITS|NATIVE|BLD-26-0520907,src-8884a1990d8eec1c,tpa-ba07a5d5ac35bd,single_family_permits,BLD-26-0520907,2026-01-09,2026-01,permit_issued,TASK_STATUS_DATE,source_reported_event,0,0,2026-08-23,2026-08,2026-08-23,2026-08,2026-08-23,2026-08,1,0,Issued | Issued,Residential New Construction and Additions (1 and 2 Family),Residential | New Construction and Additions | Building,8702 N Lynn Ave,Lowry Park Central,https://arcgis.tampagov.net/arcgis/rest/services/OpenData/Planning/MapServer/32
rec-2efdbe06997e8c0f,SINGLE_FAMILY_PERMITS|NATIVE|BLD-26-0520389,src-fbee1c4d8169805d,tpa-d92d17ff7666c4,single_family_permits,BLD-26-0520389,2026-01-07,2026-01,permit_issued,TASK_STATUS_DATE,source_reported_event,0,0,2026-08-23,2026-08,2026-08-23,2026-08,2026-08-23,2026-08,1,0,Issued | Issued,Residential New Construction and Additions (1 and 2 Family),Residential | New Construction and Additions | Building,4221 W North B St,Westshore Palms,https://arcgis.tampagov.net/arcgis/rest/services/OpenData/Planning/MapServer/32
rec-3081ee7a77956189,SINGLE_FAMILY_PERMITS|NATIVE|BLD-26-0519276,src-b093da2b2963e477,tpa-dc4bf6576a4605,single_family_permits,BLD-26-0519276,2026-01-06,2026-01,permit_issued,TASK_STATUS_DATE,source_reported_event,0,0,2026-08-23,2026-08,2026-08-23,2026-08,2026-08-23,2026-08,1,0,Revision | Issued,Residential New Construction and Additions (1 and 2 Family),Residential | New Construction and Additions | Building,3638 E Comanche Ave,Live Oaks Square,https://arcgis.tampagov.net/arcgis/rest/services/OpenData/Planning/MapServer/32
rec-30fb515deff2df70,SINGLE_FAMILY_PERMITS|NATIVE|BLD-26-0520886,src-3468db24558c02b8,tpa-2598ddff5e06a6,single_family_permits,BLD-26-0520886,2026-01-15,2026-01,permit_issued,TASK_STATUS_DATE,source_reported_event,0,0,2026-08-23,2026-08,2026-08-23,2026-08,2026-08-23,2026-08,1,0,Revision | Issued,Residential New Construction and Additions (1 and 2 Family),Residential | New Construction and Additions | Building,814 W Orient St,Riverside Heights,https://arcgis.tampagov.net/arcgis/rest/services/OpenData/Planning/MapServer/32
rec-37d3341ae97e71e7,SINGLE_FAMILY_PERMITS|NATIVE|BLD-26-0520980,src-77fdda8337f94ce5,tpa-26d7a29b1b1ff9,single_family_permits,BLD-26-0520980,2026-01-21,2026-01,permit_issued,TASK_STATUS_DATE,source_reported_event,0,0,2026-08-23,2026-08,2026-08-23,2026-08,2026-08-23,2026-08,1,0,Issued | Issued,Residential New Construction and Additions (1 and 2 Family),Residential | New Construction and Additions | Building,1 N Franklin St,Tampa Downtown Partnership,https://arcgis.tampagov.net/arcgis/rest/services/OpenData/Planning/MapServer/32
rec-3fa3302d0e18c0f2,SINGLE_FAMILY_PERMITS|NATIVE|BLD-25-0516079,src-16dd2f00d37dcc61,tpa-3e50b553961232,single_family_permits,BLD-25-0516079,2026-01-22,2026-01,permit_issued,TASK_STATUS_DATE,source_reported_event,0,0,2026-08-23,2026-08,2026-09-01,2026-09,2026-09-01,2026-09,2,1,Issued | Issued,Residential New Construction and Additions (1 and 2 Family),Residential | New Construction and Additions | Building,5001 W Neptune Way,Beach Park,https://arcgis.tampagov.net/arcgis/rest/services/OpenData/Planning/MapServer/32
rec-42f04b18cfc02796,SINGLE_FAMILY_PERMITS|NATIVE|BLD-26-0521148,src-431428c1fe76e588,tpa-3aa9c7d9a5ac81,single_family_permits,BLD-26-0521148,2026-01-27,2026-01,permit_issued,TASK_STATUS_DATE,source_reported_event,0,0,2026-08-23,2026-08,2026-08-23,2026-08,2026-08-23,2026-08,1,0,Revision | Issued,Residential New Construction and Additions (1 and 2 Family),Residential | New Construction and Additions | Building,5407 S Elkins Ave,Ballast Point,https://arcgis.tampagov.net/arcgis/rest/services/OpenData/Planning/MapServer/32
rec-4309f36a09831109,SINGLE_FAMILY_PERMITS|NATIVE|BLD-26-0519067,src-0d3218b36885c954,tpa-28ba9164dd5e65,single_family_permits,BLD-26-0519067,2026-01-26,2026-01,permit_issued,TASK_STATUS_DATE,source_reported_event,0,0,2026-08-23,2026-08,2026-08-23,2026-08,2026-08-23,2026-08,1,0,Issued | Issued,Residential New Construction and Additions (1 and 2 Family),Residential | New Construction and Additions | Building,210 Como St,Davis Islands,https://arcgis.tampagov.net/arcgis/rest/services/OpenData/Planning/MapServer/32
rec-4a7bc71a7eb13780,SINGLE_FAMILY_PERMITS|NATIVE|BLD-26-0519143,src-d2df964964462eb7,tpa-939f2777365d09,single_family_permits,BLD-26-0519143,2026-01-08,2026-01,permit_issued,TASK_STATUS_DATE,source_reported_event,0,0,2026-08-23,2026-08,2026-08-23,2026-08,2026-08-23,2026-08,1,0,Issued | Issued,Residential New Construction and Additions (1 and 2 Family),Residential | New Construction and Additions | Building,4906 W San Miguel St,Sunset Park,https://arcgis.tampagov.net/arcgis/rest/services/OpenData/Planning/MapServer/32
rec-4a9a1246ca0f2725,SINGLE_FAMILY_PERMITS|NATIVE|BLD-26-0521006,src-a7ed11710bb9b418,tpa-cfebeaebd3f6c6,single_family_permits,BLD-26-0521006,2026-01-16,2026-01,permit_issued,TASK_STATUS_DATE,source_reported_event,0,0,2026-08-23,2026-08,2026-08-23,2026-08,2026-08-23,2026-08,1,0,Issued | Issued,Residential New Construction and Additions (1 and 2 Family),Residential | New Construction and Additions | Building,3612 E Clifton St,Live Oaks Square,https://arcgis.tampagov.net/arcgis/rest/services/OpenData/Planning/MapServer/32
rec-5004c243e480d2c4,SINGLE_FAMILY_PERMITS|NATIVE|BLD-26-0521355,src-fc6bd5ebbb17b9f9,tpa-5e84b7afd35560,single_family_permits,BLD-26-0521355,2026-01-30,2026-01,permit_issued,TASK_STATUS_DATE,source_reported_event,0,0,2026-08-23,2026-08,2026-08-23,2026-08,2026-08-23,2026-08,1,0,Issued | Issued,Residential New Construction and Additions (1 and 2 Family),Residential | New Construction and Additions | Building,4906 W Estrella St,,https://arcgis.tampagov.net/arcgis/rest/services/OpenData/Planning/MapServer/32
rec-58ab9d8c8b23584c,SINGLE_FAMILY_PERMITS|NATIVE|BLD-25-0517585,src-8fa2a3775589af24,tpa-ef82d5340aadea,single_family_permits,BLD-25-0517585,2026-01-06,2026-01,permit_issued,TASK_STATUS_DATE,source_reported_event,0,0,2026-08-23,2026-08,2026-08-23,2026-08,2026-08-23,2026-08,1,0,Issued | Issued,Residential New Construction and Additions (1 and 2 Family),Residential | New Construction and Additions | Building,3201 W Wyoming Ave,Interbay - South of Gandy,https://arcgis.tampagov.net/arcgis/rest/services/OpenData/Planning/MapServer/32
rec-640b582a7ea022c1,SINGLE_FAMILY_PERMITS|NATIVE|BLD-26-0520113,src-10a0d21d386d5841,tpa-4a29e01b81a6f7,single_family_permits,BLD-26-0520113,2026-01-12,2026-01,permit_issued,TASK_STATUS_DATE,source_reported_event,0,0,2026-08-23,2026-08,2026-08-23,2026-08,2026-08-23,2026-08,1,0,Issued | Issued,Residential New Construction and Additions (1 and 2 Family),Residential | New Construction and Additions | Building,4015 W Swann Ave,Swann Estates,https://arcgis.tampagov.net/arcgis/rest/services/OpenData/Planning/MapServer/32
rec-6426ddc70f87f7c4,SINGLE_FAMILY_PERMITS|NATIVE|BLD-26-0520671,src-5d753d68f35d0583,tpa-a7e6b0c6b9cec0,single_family_permits,BLD-26-0520671,2026-01-13,2026-01,permit_issued,TASK_STATUS_DATE,source_reported_event,0,0,2026-08-23,2026-08,2026-08-23,2026-08,2026-08-23,2026-08,1,0,Revision | Issued,Residential New Construction and Additions (1 and 2 Family),Residential | New Construction and Additions | Building,3115 W Hawthorne Rd,Bayshore Beautiful,https://arcgis.tampagov.net/arcgis/rest/services/OpenData/Planning/MapServer/32
rec-643fbfde9ddb2432,SINGLE_FAMILY_PERMITS|NATIVE|BLD-26-0520963,src-65ac43574ff6dcbe,tpa-b0b751553dd485,single_family_permits,BLD-26-0520963,2026-01-29,2026-01,permit_issued,TASK_STATUS_DATE,source_reported_event,0,0,2026-08-23,2026-08,2026-08-23,2026-08,2026-08-23,2026-08,1,0,Revision | Issued,Residential New Construction and Additions (1 and 2 Family),Residential | New Construction and Additions | Building,4630 W Euclid Ave,Belmar Gardens,https://arcgis.tampagov.net/arcgis/rest/services/OpenData/Planning/MapServer/32
rec-688e860dbcb14b37,SINGLE_FAMILY_PERMITS|NATIVE|BLD-25-0518092,src-cfe1658673a004bb,tpa-db527c96989794,single_family_permits,BLD-25-0518092,2026-01-08,2026-01,permit_issued,TASK_STATUS_DATE,source_reported_event,0,0,2026-08-23,2026-08,2026-08-23,2026-08,2026-08-23,2026-08,1,0,Revision | Issued,Residential New Construction and Additions (1 and 2 Family),Residential | New Construction and Additions | Building,5010 W Euclid Ave,Bel Mar Shores,https://arcgis.tampagov.net/arcgis/rest/services/OpenData/Planning/MapServer/32
rec-6cb0d1e9576edd2f,SINGLE_FAMILY_PERMITS|NATIVE|BLD-26-0519567,src-1abf9b66692e5722,tpa-1759a1f43b0d72,single_family_permits,BLD-26-0519567,2026-01-12,2026-01,permit_issued,TASK_STATUS_DATE,source_reported_event,0,0,2026-08-23,2026-08,2026-08-23,2026-08,2026-08-23,2026-08,1,0,Issued | Issued,Residential New Construction and Additions (1 and 2 Family),Residential | New Construction and Additions | Building,3221 W Harbor View Ave,Bayshore Beautiful,https://arcgis.tampagov.net/arcgis/rest/services/OpenData/Planning/MapServer/32
rec-6e7bd975443dadd6,SINGLE_FAMILY_PERMITS|NATIVE|BLD-26-0520822,src-b304ff086be60608,tpa-6cbd40fc336d20,single_family_permits,BLD-26-0520822,2026-01-26,2026-01,permit_issued,TASK_STATUS_DATE,source_reported_event,0,0,2026-08-23,2026-08,2026-08-23,2026-08,2026-08-23,2026-08,1,0,Revision | Issued,Residential New Construction and Additions (1 and 2 Family),Residential | New Construction and Additions | Building,568 W Davis Blvd,Davis Islands,https://arcgis.tampagov.net/arcgis/rest/services/OpenData/Planning/MapServer/32
rec-7663195216f25ffc,SINGLE_FAMILY_PERMITS|NATIVE|BLD-26-0519502,src-508d88489aa38216,tpa-7d0e4ecbea109f,single_family_permits,BLD-26-0519502,2026-01-29,2026-01,permit_issued,TASK_STATUS_DATE,source_reported_event,0,0,2026-08-23,2026-08,2026-08-23,2026-08,2026-08-23,2026-08,1,0,Issued | Issued,Residential New Construction and Additions (1 and 2 Family),Residential | New Construction and Additions | Building,601 Luzon Ave,Davis Islands,https://arcgis.tampagov.net/arcgis/rest/services/OpenData/Planning/MapServer/32
rec-7830321d8ef3ce76,SINGLE_FAMILY_PERMITS|NATIVE|BLD-25-0518485,src-0da0af3c1995e8a6,tpa-7d2adae40d5715,single_family_permits,BLD-25-0518485,2026-01-06,2026-01,permit_issued,TASK_STATUS_DATE,source_reported_event,0,0,2026-08-23,2026-08,2026-08-23,2026-08,2026-08-23,2026-08,1,0,Issued | Issued,Residential New Construction and Additions (1 and 2 Family),Residential | New Construction and Additions | Building,3205 W Wyoming Ave,Interbay - South of Gandy,https://arcgis.tampagov.net/arcgis/rest/services/OpenData/Planning/MapServer/32
rec-78324ace6c29120a,SINGLE_FAMILY_PERMITS|NATIVE|BLD-26-0520028,src-84969e535df240aa,tpa-fd0b125b099a1e,single_family_permits,BLD-26-0520028,2026-01-09,2026-01,permit_issued,TASK_STATUS_DATE,source_reported_event,0,0,2026-08-23,2026-08,2026-08-23,2026-08,2026-08-23,2026-08,1,0,Issued | Issued,Residential New Construction and Additions (1 and 2 Family),Residential | New Construction and Additions | Building,201 S Treasure Dr,Beach Park,https://arcgis.tampagov.net/arcgis/rest/services/OpenData/Planning/MapServer/32
rec-7ade67ca0065ef47,SINGLE_FAMILY_PERMITS|NATIVE|BLD-26-0520305,src-b1f90ffb37eb0bc8,tpa-2ddff3f35fdd6b,single_family_permits,BLD-26-0520305,2026-01-14,2026-01,permit_issued,TASK_STATUS_DATE,source_reported_event,0,0,2026-08-23,2026-08,2026-08-23,2026-08,2026-08-23,2026-08,1,0,Issued | Issued,Residential New Construction and Additions (1 and 2 Family),Residential | New Construction and Additions | Building,2702 W Abdella St,Macfarlane Park,https://arcgis.tampagov.net/arcgis/rest/services/OpenData/Planning/MapServer/32
rec-7d2f8acdb0a78e4c,SINGLE_FAMILY_PERMITS|NATIVE|BLD-26-0520307,src-9409337952871da2,tpa-7c09d61a533856,single_family_permits,BLD-26-0520307,2026-01-14,2026-01,permit_issued,TASK_STATUS_DATE,source_reported_event,0,0,2026-08-23,2026-08,2026-08-23,2026-08,2026-08-23,2026-08,1,0,Issued | Issued,Residential New Construction and Additions (1 and 2 Family),Residential | New Construction and Additions | Building,2704 W Abdella St,Macfarlane Park,https://arcgis.tampagov.net/arcgis/rest/services/OpenData/Planning/MapServer/32
rec-7fee545bcb1aa805,SINGLE_FAMILY_PERMITS|NATIVE|BLD-26-0520205,src-3fe0114c30645352,tpa-955da9d41f111b,single_family_permits,BLD-26-0520205,2026-01-06,2026-01,permit_issued,TASK_STATUS_DATE,source_reported_event,0,0,2026-08-23,2026-08,2026-08-23,2026-08,2026-08-23,2026-08,1,0,Issued | Issued,Residential New Construction and Additions (1 and 2 Family),Residential | New Construction and Additions | Building,4317 W Sylvan Ramble St,Beach Park,https://arcgis.tampagov.net/arcgis/rest/services/OpenData/Planning/MapServer/32
rec-85c0406508bd70e1,SINGLE_FAMILY_PERMITS|NATIVE|BLD-25-0518349,src-720c79d393a1509c,tpa-db4f747ae71be6,single_family_permits,BLD-25-0518349,2026-01-29,2026-01,permit_issued,TASK_STATUS_DATE,source_reported_event,0,0,2026-08-23,2026-08,2026-08-23,2026-08,2026-08-23,2026-08,1,0,Issued | Issued,Residential New Construction and Additions (1 and 2 Family),Residential | New Construction and Additions | Building,4709 W Bay Vista Ave,Bayside West,https://arcgis.tampagov.net/arcgis/rest/services/OpenData/Planning/MapServer/32
rec-9065da33631ee96d,SINGLE_FAMILY_PERMITS|NATIVE|BLD-26-0520767,src-b84c4df57151cd1c,tpa-641184c2c4cb95,single_family_permits,BLD-26-0520767,2026-01-23,2026-01,permit_issued,TASK_STATUS_DATE,source_reported_event,0,0,2026-08-23,2026-08,2026-08-23,2026-08,2026-08-23,2026-08,1,0,Issued | Issued,Residential New Construction and Additions (1 and 2 Family),Residential | New Construction and Additions | Building,3412 N 10th St,Ybor Heights Neighborhood Association and Watch Group,https://arcgis.tampagov.net/arcgis/rest/services/OpenData/Planning/MapServer/32
rec-929fd5fa40f82119,SINGLE_FAMILY_PERMITS|NATIVE|BLD-26-0521211,src-7c5b318b0b876034,tpa-429d672d7a1c19,single_family_permits,BLD-26-0521211,2026-01-05,2026-01,permit_issued,TASK_STATUS_DATE,source_reported_event,0,0,2026-08-23,2026-08,2026-08-23,2026-08,2026-08-23,2026-08,1,0,Issued | Issued,Residential New Construction and Additions (1 and 2 Family),Residential | New Construction and Additions | Building,3907 W Vasconia St,Virginia Park,https://arcgis.tampagov.net/arcgis/rest/services/OpenData/Planning/MapServer/32
rec-98e105932ddc9228,SINGLE_FAMILY_PERMITS|NATIVE|BLD-25-0519021,src-eb4a06e5d9691d69,tpa-f6608d794ac3e0,single_family_permits,BLD-25-0519021,2026-01-02,2026-01,permit_issued,TASK_STATUS_DATE,source_reported_event,0,0,2026-08-23,2026-08,2026-08-23,2026-08,2026-08-23,2026-08,1,0,Issued | Issued,Residential New Construction and Additions (1 and 2 Family),Residential | New Construction and Additions | Building,2825 W Shelton Ave,Ballast Point,https://arcgis.tampagov.net/arcgis/rest/services/OpenData/Planning/MapServer/32
rec-9c7a70b5d9886f93,SINGLE_FAMILY_PERMITS|NATIVE|BLD-26-0521203,src-9d6c321c141ff011,tpa-fa5060b2438f7f,single_family_permits,BLD-26-0521203,2026-01-20,2026-01,permit_issued,TASK_STATUS_DATE,source_reported_event,0,0,2026-08-23,2026-08,2026-08-23,2026-08,2026-08-23,2026-08,1,0,Issued | Issued,Residential New Construction and Additions (1 and 2 Family),Residential | New Construction and Additions | Building,3605 W Euclid Ave,Palma Ceia,https://arcgis.tampagov.net/arcgis/rest/services/OpenData/Planning/MapServer/32
rec-9f2589b0ab1a4d4d,SINGLE_FAMILY_PERMITS|NATIVE|BLD-26-0520515,src-98368a6739aa1aae,tpa-9aeeb1689d455a,single_family_permits,BLD-26-0520515,2026-01-13,2026-01,permit_issued,TASK_STATUS_DATE,source_reported_event,0,0,2026-08-23,2026-08,2026-08-23,2026-08,2026-08-23,2026-08,1,0,Revision | Issued,Residential New Construction and Additions (1 and 2 Family),Residential | New Construction and Additions | Building,3501 W Rogers Ave,Interbay - South of Gandy,https://arcgis.tampagov.net/arcgis/rest/services/OpenData/Planning/MapServer/32
rec-a4121ffe631548ce,SINGLE_FAMILY_PERMITS|NATIVE|BLD-26-0520848,src-aac087e2c9bb2bab,tpa-cd5311efe1dede,single_family_permits,BLD-26-0520848,2026-01-07,2026-01,permit_issued,TASK_STATUS_DATE,source_reported_event,0,0,2026-08-23,2026-08,2026-08-23,2026-08,2026-08-23,2026-08,1,0,Issued | Issued,Residential New Construction and Additions (1 and 2 Family),Residential | New Construction and Additions | Building,1405 W Arctic St,Lowry Park Central,https://arcgis.tampagov.net/arcgis/rest/services/OpenData/Planning/MapServer/32
rec-b75f4ea6de8a71bb,SINGLE_FAMILY_PERMITS|NATIVE|BLD-25-0518300,src-e6548a5779176a69,tpa-4cfa2d4d931d5d,single_family_permits,BLD-25-0518300,2026-01-30,2026-01,permit_issued,TASK_STATUS_DATE,source_reported_event,0,0,2026-08-23,2026-08,2026-08-23,2026-08,2026-08-23,2026-08,1,0,Issued | Issued,Residential New Construction and Additions (1 and 2 Family),Residential | New Construction and Additions | Building,4702 W San Jose St,Sunset Park,https://arcgis.tampagov.net/arcgis/rest/services/OpenData/Planning/MapServer/32
rec-ba6a8f2c7b661b93,SINGLE_FAMILY_PERMITS|NATIVE|BLD-26-0521025,src-b93fba8b85839738,tpa-673955c5f37db0,single_family_permits,BLD-26-0521025,2026-01-12,2026-01,permit_issued,TASK_STATUS_DATE,source_reported_event,0,0,2026-08-23,2026-08,2026-08-23,2026-08,2026-08-23,2026-08,1,0,Issued | Issued,Residential New Construction and Additions (1 and 2 Family),Residential | New Construction and Additions | Building,4905 W Melrose Ave,,https://arcgis.tampagov.net/arcgis/rest/services/OpenData/Planning/MapServer/32
rec-c264a36c7faf8281,SINGLE_FAMILY_PERMITS|NATIVE|BLD-26-0519591,src-53cff12bc6f06e80,tpa-5964d90853d255,single_family_permits,BLD-26-0519591,2026-01-07,2026-01,permit_issued,TASK_STATUS_DATE,source_reported_event,0,0,2026-08-23,2026-08,2026-08-23,2026-08,2026-08-23,2026-08,1,0,Issued | Issued,Residential New Construction and Additions (1 and 2 Family),Residential | New Construction and Additions | Building,4224 W Barcelona St,Virginia Park,https://arcgis.tampagov.net/arcgis/rest/services/OpenData/Planning/MapServer/32
rec-c8e73cd9ad455bc5,SINGLE_FAMILY_PERMITS|NATIVE|BLD-23-0503386,src-7f4cd89b3bf27949,tpa-e3fb4cd5fbd6f3,single_family_permits,BLD-23-0503386,2026-01-13,2026-01,permit_issued,TASK_STATUS_DATE,source_reported_event,0,0,2026-08-23,2026-08,2026-09-01,2026-09,2026-09-01,2026-09,2,1,Revision | Issued,Residential New Construction and Additions (1 and 2 Family),Residential | New Construction and Additions | Building,4101 E Pocahontas Ave,Northeast Community Crimewatch & Civic Association,https://arcgis.tampagov.net/arcgis/rest/services/OpenData/Planning/MapServer/32
rec-cf5ace823e30681e,SINGLE_FAMILY_PERMITS|NATIVE|BLD-26-0520069,src-2190321f58e98d47,tpa-c08496c53917f7,single_family_permits,BLD-26-0520069,2026-01-07,2026-01,permit_issued,TASK_STATUS_DATE,source_reported_event,0,0,2026-08-23,2026-08,2026-08-23,2026-08,2026-08-23,2026-08,1,0,Issued | Issued,Residential New Construction and Additions (1 and 2 Family),Residential | New Construction and Additions | Building,307 W Jean St,Old Seminole Heights,https://arcgis.tampagov.net/arcgis/rest/services/OpenData/Planning/MapServer/32
rec-cffd25c38b04d364,SINGLE_FAMILY_PERMITS|NATIVE|BLD-26-0519845,src-256b1a488d243fc7,tpa-e0548cea02b6e1,single_family_permits,BLD-26-0519845,2026-01-22,2026-01,permit_issued,TASK_STATUS_DATE,source_reported_event,0,0,2026-08-23,2026-08,2026-08-23,2026-08,2026-08-23,2026-08,1,0,Issued | Issued,Residential New Construction and Additions (1 and 2 Family),Residential | New Construction and Additions | Building,3401 W Kensington Ave,Bayshore Beautiful,https://arcgis.tampagov.net/arcgis/rest/services/OpenData/Planning/MapServer/32
rec-d360073e63766717,SINGLE_FAMILY_PERMITS|NATIVE|BLD-26-0520672,src-e3e0eaa493347488,tpa-47ef3b24d7213e,single_family_permits,BLD-26-0520672,2026-01-05,2026-01,permit_issued,TASK_STATUS_DATE,source_reported_event,0,0,2026-08-23,2026-08,2026-08-23,2026-08,2026-08-23,2026-08,1,0,Issued | Issued,Residential New Construction and Additions (1 and 2 Family),Residential | New Construction and Additions | Building,3520 W Price Ave,Interbay - South of Gandy,https://arcgis.tampagov.net/arcgis/rest/services/OpenData/Planning/MapServer/32
rec-d85b6614a00c4c28,SINGLE_FAMILY_PERMITS|NATIVE|BLD-26-0519935,src-7b2556a2d7c86cb6,tpa-6a891edd5548cb,single_family_permits,BLD-26-0519935,2026-01-22,2026-01,permit_issued,TASK_STATUS_DATE,source_reported_event,0,0,2026-08-23,2026-08,2026-08-23,2026-08,2026-08-23,2026-08,1,0,Issued | Issued,Residential New Construction and Additions (1 and 2 Family),Residential | New Construction and Additions | Building,18120 Longwater Run Dr,Hunters' Green Heritage Oaks,https://arcgis.tampagov.net/arcgis/rest/services/OpenData/Planning/MapServer/32
rec-da7e667adf87ad8c,SINGLE_FAMILY_PERMITS|NATIVE|BLD-26-0521295,src-9f45348866924e71,tpa-84a98fcb1bcae2,single_family_permits,BLD-26-0521295,2026-01-08,2026-01,permit_issued,TASK_STATUS_DATE,source_reported_event,0,0,2026-08-23,2026-08,2026-08-23,2026-08,2026-08-23,2026-08,1,0,Issued | Issued,Residential New Construction and Additions (1 and 2 Family),Residential | New Construction and Additions | Building,6307 S Main Ave,Interbay - South of Gandy,https://arcgis.tampagov.net/arcgis/rest/services/OpenData/Planning/MapServer/32
rec-dd6b421aee8ffba9,SINGLE_FAMILY_PERMITS|NATIVE|BLD-26-0521354,src-b0c7b079b25c171a,tpa-8df319d41d6cc5,single_family_permits,BLD-26-0521354,2026-01-30,2026-01,permit_issued,TASK_STATUS_DATE,source_reported_event,0,0,2026-08-23,2026-08,2026-08-23,2026-08,2026-08-23,2026-08,1,0,Revision | Issued,Residential New Construction and Additions (1 and 2 Family),Residential | New Construction and Additions | Building,4706 W Estrella St,Sunset Park,https://arcgis.tampagov.net/arcgis/rest/services/OpenData/Planning/MapServer/32
rec-dd6f302e399e568a,SINGLE_FAMILY_PERMITS|NATIVE|BLD-25-0512938,src-625ac296b2487772,tpa-5587d0dd7fecb0,single_family_permits,BLD-25-0512938,2026-01-08,2026-01,permit_issued,TASK_STATUS_DATE,source_reported_event,0,0,2026-08-23,2026-08,2026-09-01,2026-09,2026-09-01,2026-09,2,1,Issued | Issued,Residential New Construction and Additions (1 and 2 Family),Residential | New Construction and Additions | Building,4112 W Santiago St,Virginia Park,https://arcgis.tampagov.net/arcgis/rest/services/OpenData/Planning/MapServer/32
rec-e046262bc8107fc6,SINGLE_FAMILY_PERMITS|NATIVE|BLD-26-0520486,src-2385fe62aab04d16,tpa-5bd84ed5116cad,single_family_permits,BLD-26-0520486,2026-01-20,2026-01,permit_issued,TASK_STATUS_DATE,source_reported_event,0,0,2026-08-23,2026-08,2026-08-23,2026-08,2026-08-23,2026-08,1,0,Issued | Issued,Residential New Construction and Additions (1 and 2 Family),Residential | New Construction and Additions | Building,4316 W Corona St,Virginia Park,https://arcgis.tampagov.net/arcgis/rest/services/OpenData/Planning/MapServer/32
rec-e8159bf9ec43f972,SINGLE_FAMILY_PERMITS|NATIVE|BLD-26-0519698,src-1c4040de0e51bd12,tpa-45bd098be29026,single_family_permits,BLD-26-0519698,2026-01-08,2026-01,permit_issued,TASK_STATUS_DATE,source_reported_event,0,0,2026-08-23,2026-08,2026-08-23,2026-08,2026-08-23,2026-08,1,0,Issued | Issued,Residential New Construction and Additions (1 and 2 Family),Residential | New Construction and Additions | Building,301 W Kentucky Ave,Tampa Heights,https://arcgis.tampagov.net/arcgis/rest/services/OpenData/Planning/MapServer/32
rec-ed423717a131e135,SINGLE_FAMILY_PERMITS|NATIVE|BLD-26-0521367,src-fb4ff1ac3b98221f,tpa-ff70156e988797,single_family_permits,BLD-26-0521367,2026-01-20,2026-01,permit_issued,TASK_STATUS_DATE,source_reported_event,0,0,2026-08-23,2026-08,2026-08-23,2026-08,2026-08-23,2026-08,1,0,Revision | Issued,Residential New Construction and Additions (1 and 2 Family),Residential | New Construction and Additions | Building,6305 S Main Ave,Interbay - South of Gandy,https://arcgis.tampagov.net/arcgis/rest/services/OpenData/Planning/MapServer/32
rec-ed715c2e6626d914,SINGLE_FAMILY_PERMITS|NATIVE|BLD-26-0520879,src-de7247b64f565c9c,tpa-921964885156a0,single_family_permits,BLD-26-0520879,2026-01-15,2026-01,permit_issued,TASK_STATUS_DATE,source_reported_event,0,0,2026-08-23,2026-08,2026-08-23,2026-08,2026-08-23,2026-08,1,0,Revision | Issued,Residential New Construction and Additions (1 and 2 Family),Residential | New Construction and Additions | Building,812 W Orient St,Riverside Heights,https://arcgis.tampagov.net/arcgis/rest/services/OpenData/Planning/MapServer/32
rec-ed98117378b6ba2c,SINGLE_FAMILY_PERMITS|NATIVE|BLD-24-0508901,src-952031b3f453fa0d,tpa-123af623dee9b0,single_family_permits,BLD-24-0508901,2026-01-07,2026-01,permit_issued,TASK_STATUS_DATE,source_reported_event,0,0,2026-08-23,2026-08,2026-09-01,2026-09,2026-09-01,2026-09,2,1,Issued | Issued,Residential New Construction and Additions (1 and 2 Family),Residential | New Construction and Additions | Building,8210 N Orleans Ave,Lowry Park Central,https://arcgis.tampagov.net/arcgis/rest/services/OpenData/Planning/MapServer/32
rec-ede1536b5bfed10e,SINGLE_FAMILY_PERMITS|NATIVE|BLD-26-0519903,src-185ec15ab28182fa,tpa-2ddbf524878341,single_family_permits,BLD-26-0519903,2026-01-12,2026-01,permit_issued,TASK_STATUS_DATE,source_reported_event,0,0,2026-08-23,2026-08,2026-08-23,2026-08,2026-08-23,2026-08,1,0,Issued | Issued,Residential New Construction and Additions (1 and 2 Family),Residential | New Construction and Additions | Building,3621 S Gardenia Ave,Bel Mar Shores,https://arcgis.tampagov.net/arcgis/rest/services/OpenData/Planning/MapServer/32
rec-ee52db81d03dd629,SINGLE_FAMILY_PERMITS|NATIVE|BLD-24-0508905,src-ccaa06fff0090cd9,tpa-db2f95ad156d99,single_family_permits,BLD-24-0508905,2026-01-07,2026-01,permit_issued,TASK_STATUS_DATE,source_reported_event,0,0,2026-08-23,2026-08,2026-09-01,2026-09,2026-09-01,2026-09,2,1,Issued | Issued,Residential New Construction and Additions (1 and 2 Family),Residential | New Construction and Additions | Building,8210 N Orleans Ave,Lowry Park Central,https://arcgis.tampagov.net/arcgis/rest/services/OpenData/Planning/MapServer/32
rec-f3c5178a68b56c55,SINGLE_FAMILY_PERMITS|NATIVE|BLD-26-0520573,src-9676f3711d9dc2c6,tpa-ccb9780a79d201,single_family_permits,BLD-26-0520573,2026-01-27,2026-01,permit_issued,TASK_STATUS_DATE,source_reported_event,0,0,2026-08-23,2026-08,2026-08-23,2026-08,2026-08-23,2026-08,1,0,Revision | Issued,Residential New Construction and Additions (1 and 2 Family),Residential | New Construction and Additions | Building,4205 W Neptune St,Culbreath Heights,https://arcgis.tampagov.net/arcgis/rest/services/OpenData/Planning/MapServer/32
rec-f6a9319a11eb40dc,SINGLE_FAMILY_PERMITS|NATIVE|BLD-26-0520390,src-1b61e22db3b08246,tpa-4a8beea796f9ae,single_family_permits,BLD-26-0520390,2026-01-07,2026-01,permit_issued,TASK_STATUS_DATE,source_reported_event,0,0,2026-08-23,2026-08,2026-08-23,2026-08,2026-08-23,2026-08,1,0,Issued | Issued,Residential New Construction and Additions (1 and 2 Family),Residential | New Construction and Additions | Building,4221 W North B St,Westshore Palms,https://arcgis.tampagov.net/arcgis/rest/services/OpenData/Planning/MapServer/32
