record_id,record_identity,source_record_key,activity_id,source_name,source_record_id,event_date,event_month,event_date_type,event_date_source_field,event_date_basis,event_date_is_planned,event_date_is_after_snapshot,first_observed_date,first_observed_month,last_observed_date,last_observed_month,snapshot_date,snapshot_month,observation_count,currently_observed,status,project_name,record_type,address,neighborhood,source_url
rec-1955e8a6cb4872da,CAPITAL_IMPROVEMENTS|NATIVE|WTR-24-0001.3_E ARBOR HEIGHTS_EAST PHASE I,src-9ff54edb8eb13afd,tpa-bd13932492bdfe,capital_improvements,WTR-24-0001.3_E Arbor Heights_East Phase I,2026-05-05,2026-05,source_record_created,created_date,source_record_metadata,0,0,2026-08-23,2026-08,2026-08-23,2026-08,2026-08-23,2026-08,1,1,60% Design Completion,East Arbor Heights_East Phase I,Water,,Southeast Seminole Heights,https://apps.tampagov.net/Directory_Lister/FileHandler.ashx?file=GIS%2fWTR-24-0001.3_E
rec-253c47c36b053633,CAPITAL_IMPROVEMENTS|NATIVE|WTR-26-0005,src-d159733a20c694ee,tpa-417fef4016218d,capital_improvements,WTR-26-0005,2026-05-05,2026-05,source_record_created,created_date,source_record_metadata,0,0,2026-08-23,2026-08,2026-08-23,2026-08,2026-08-23,2026-08,1,1,30% Design Completion,Swann Ave WM Replacement,Water,,Parkland Estates,https://apps.tampagov.net/Directory_Lister/FileHandler.ashx?file=GIS%2fWTR-26-0005.pdf
rec-297deda0791606a2,CAPITAL_IMPROVEMENTS|NATIVE|WTR-26-0006_TAMPA HEIGHTS PHASE III,src-49308e312bdffbc9,tpa-1ba7d9bdab9565,capital_improvements,WTR-26-0006_Tampa Heights Phase III,2026-05-05,2026-05,source_record_created,created_date,source_record_metadata,0,0,2026-08-23,2026-08,2026-08-23,2026-08,2026-08-23,2026-08,1,1,30% Design Completion,Tampa Heights WM Replacement Phase III,Water,,Ybor Heights Neighborhood Association and Watch Group,https://apps.tampagov.net/Directory_Lister/FileHandler.ashx?file=GIS%2fWTR-26-0006_Tampa
rec-32405b795de056dd,CAPITAL_IMPROVEMENTS|NATIVE|WTR-24-0001.2_NORTH YBOR PHASE I,src-b2ff21a72c8163ef,tpa-06cf2dffdb4440,capital_improvements,WTR-24-0001.2_North Ybor Phase I,2026-05-05,2026-05,source_record_created,created_date,source_record_metadata,0,0,2026-08-23,2026-08,2026-08-23,2026-08,2026-08-23,2026-08,1,1,60% Design Completion,North Ybor Phase I,Water,,College Hill-Belmont Heights,https://apps.tampagov.net/Directory_Lister/FileHandler.ashx?file=GIS%2fWTR-24-0001.2_North
rec-377af9521f8c0999,CAPITAL_IMPROVEMENTS|NATIVE|WTR-26-0006_TAMPA HEIGHTS PHASE II,src-60a8d627d0288236,tpa-2048c8f04ec947,capital_improvements,WTR-26-0006_Tampa Heights Phase II,2026-05-05,2026-05,source_record_created,created_date,source_record_metadata,0,0,2026-08-23,2026-08,2026-08-23,2026-08,2026-08-23,2026-08,1,1,30% Design Completion,Tampa Heights WM Replacement Phase II,Water,,Tampa Heights,https://apps.tampagov.net/Directory_Lister/FileHandler.ashx?file=GIS%2fWTR-26-0006_Tampa
rec-40d57a78b033e5d4,CAPITAL_IMPROVEMENTS|NATIVE|WUR-25-0031,src-637a9ed159e20289,tpa-bf4c16d65ebd7d,capital_improvements,WUR-25-0031,2026-05-05,2026-05,source_record_created,created_date,source_record_metadata,0,0,2026-08-23,2026-08,2026-08-23,2026-08,2026-08-23,2026-08,1,1,30% Design Completion,Warren Ave WM Replacement,Water,,Tampa Heights,https://apps.tampagov.net/Directory_Lister/FileHandler.ashx?file=GIS%2fWUR-25-0031.pdf
rec-64f6ec8eaaa16199,CAPITAL_IMPROVEMENTS|NATIVE|WTR-24-0001.3_E ARBOR HEIGHTS_WEST PHASE I,src-bb86018ae20cca8c,tpa-0ad909da2ce40b,capital_improvements,WTR-24-0001.3_E Arbor Heights_West Phase I,2026-05-05,2026-05,source_record_created,created_date,source_record_metadata,0,0,2026-08-23,2026-08,2026-08-23,2026-08,2026-08-23,2026-08,1,1,60% Design Completion,East Arbor Heights_West Phase I,Water,,Southeast Seminole Heights,https://apps.tampagov.net/Directory_Lister/FileHandler.ashx?file=GIS%2fWTR-24-0001.3_E
rec-86f832ec40229c4b,CAPITAL_IMPROVEMENTS|NATIVE|1001832,src-d7300368004c541a,tpa-ef5b25d2cd2b58,capital_improvements,1001832,2026-05-04,2026-05,capital_planned_start,planstart,source_reported_plan,1,0,2026-08-23,2026-08,2026-08-23,2026-08,2026-08-23,2026-08,1,1,Construction in Progress,21st St and Palm Ave - Traffic Signal Replacement,Transportation,,Historic Ybor,https://apps.tampagov.net/Directory_Lister/FileHandler.ashx?file=GIS%2f1001832.pdf
rec-b94ff17344a9e9bd,CAPITAL_IMPROVEMENTS|NATIVE|WTR-24-0001.4_HAMPTON TERRACE B,src-3fb2cd7d2d5404f2,tpa-4b41720cf754c6,capital_improvements,WTR-24-0001.4_Hampton Terrace B,2026-05-05,2026-05,source_record_created,created_date,source_record_metadata,0,0,2026-08-23,2026-08,2026-08-23,2026-08,2026-08-23,2026-08,1,1,60% Design Completion,Hampton Terrace Project B,Water,,Old Seminole Heights,https://apps.tampagov.net/Directory_Lister/FileHandler.ashx?file=GIS%2fWTR-24-0001.4_Hampton
rec-c37f0ecffaa4e6e1,CAPITAL_IMPROVEMENTS|NATIVE|WTR-26-0006_TAMPA HEIGHTS PHASE I,src-97f908ec0b4a689a,tpa-0b02b71e5595b6,capital_improvements,WTR-26-0006_Tampa Heights Phase I,2026-05-05,2026-05,source_record_created,created_date,source_record_metadata,0,0,2026-08-23,2026-08,2026-08-23,2026-08,2026-08-23,2026-08,1,1,30% Design Completion,Tampa Heights WM Replacement Phase I,Water,,Tampa Heights,https://apps.tampagov.net/Directory_Lister/FileHandler.ashx?file=GIS%2fWTR-26-0006_Tampa
rec-e615df5e14b295a6,CAPITAL_IMPROVEMENTS|NATIVE|WTR-25-0006,src-e52907bcf8df2e4b,tpa-37c22d5ebd6c37,capital_improvements,WTR-25-0006,2026-05-05,2026-05,source_record_created,created_date,source_record_metadata,0,0,2026-08-23,2026-08,2026-08-23,2026-08,2026-08-23,2026-08,1,1,60% Design Completion,Louisiana Ave Water Pipe Replacement,Water,,Southeast Seminole Heights,https://apps.tampagov.net/Directory_Lister/FileHandler.ashx?file=GIS%2fWTR-25-0006.pdf
rec-ec4a8e76d5b04806,CAPITAL_IMPROVEMENTS|NATIVE|WTR-24-0001.4_HAMPTON TERRACE A,src-a65f08d99cc2d6e7,tpa-377970771c9316,capital_improvements,WTR-24-0001.4_Hampton Terrace A,2026-05-05,2026-05,source_record_created,created_date,source_record_metadata,0,0,2026-08-23,2026-08,2026-08-23,2026-08,2026-08-23,2026-08,1,1,90% Design Completion,Hampton Terrace Project A,Water,,Old Seminole Heights,https://apps.tampagov.net/Directory_Lister/FileHandler.ashx?file=GIS%2fWTR-24-0001.4_Hampton
rec-ffdca8a39be31ab0,CAPITAL_IMPROVEMENTS|NATIVE|WTR-24-0001.2_OAKFORD PARK PHASE I,src-c0faa52480032559,tpa-b337e9926098ab,capital_improvements,WTR-24-0001.2_Oakford Park Phase I,2026-05-05,2026-05,source_record_created,created_date,source_record_metadata,0,0,2026-08-23,2026-08,2026-08-23,2026-08,2026-08-23,2026-08,1,1,60% Design Completion,Oakford Park Phase I,Water,,Midtown Tampa,https://apps.tampagov.net/Directory_Lister/FileHandler.ashx?file=GIS%2fWTR-24-0001.2_Oakford
rec-77208f18681e96b8,CAPITAL_LOCATIONS_LINE|NATIVE|WTR-25-0003,src-dad7e14cabec6f9c,tpa-afd81dcef4c512,capital_locations_line,WTR-25-0003,2026-05-07,2026-05,source_record_created,CreationDate,source_record_metadata,0,0,2026-08-23,2026-08,2026-08-23,2026-08,2026-08-23,2026-08,1,1,Planning,Willow Ave,Water,,,https://arcgis.tampagov.net/arcgis/rest/services/CapitalProjects/CityWideProjectsPublic/FeatureServer/1
rec-3d35463ed2ba9019,CAPITAL_LOCATIONS_POINT|NATIVE|TRANS10001,src-5d8695162c6f69d6,tpa-129823eaeec944,capital_locations_point,TRANS10001,2026-05-04,2026-05,capital_planned_start,planstart,source_reported_plan,1,0,2026-08-23,2026-08,2026-08-23,2026-08,2026-08-23,2026-08,1,1,Construction In Progress,21st St and Palm Ave - Traffic Signal Upgrade,Transportation,,Historic East Ybor and Gary,https://apps.tampagov.net/Directory_Lister/FileHandler.ashx?file=GIS%2fTRANS10001
rec-016b3fdfcc44526a,CONSTRUCTION_INSPECTIONS|NATIVE|BDE-26-0445583,src-df86fd63dce0ecee,tpa-0442c5877fc526,construction_inspections,BDE-26-0445583,2026-05-28,2026-05,permit_record_created,CREATEDDATE,source_record_metadata,0,0,2026-08-23,2026-08,2026-08-23,2026-08,2026-08-23,2026-08,1,1,Issued,Demo SFR & Pool,Residential Demolition Permit,4616 W San Miguel St,Sunset Park,https://aca-prod.accela.com/TAMPA/Cap/CapDetail.aspx?Module=Building&TabName=Building&capID1=26CAP&capID2=00000&capID3=00UA4&agencyCode=TAMPA
rec-03dbbb7430d02032,CONSTRUCTION_INSPECTIONS|NATIVE|BLD-26-0524786,src-8812fb5a9339b536,tpa-bd153e237fec25,construction_inspections,BLD-26-0524786,2026-05-04,2026-05,permit_record_created,CREATEDDATE,source_record_metadata,0,0,2026-08-23,2026-08,2026-08-23,2026-08,2026-08-23,2026-08,1,1,Issued,Interior ALT,Residential Building Alterations (Renovations),1804 E Annie St,Tampa Overlook,https://aca-prod.accela.com/TAMPA/Cap/CapDetail.aspx?Module=Building&TabName=Building&capID1=26CAP&capID2=00000&capID3=00POA&agencyCode=TAMPA
rec-08fcadf147522a9d,CONSTRUCTION_INSPECTIONS|NATIVE|BLD-26-0525051,src-f227b27d2f36851c,tpa-b6379783299955,construction_inspections,BLD-26-0525051,2026-05-12,2026-05,permit_record_created,CREATEDDATE,source_record_metadata,0,0,2026-08-23,2026-08,2026-08-23,2026-08,2026-08-23,2026-08,1,1,Issued,Expedited Project | Interior ALT,Residential Building Alterations (Renovations),4212 W Wisconsin Ave,Gandy / Sun Bay South,https://aca-prod.accela.com/TAMPA/Cap/CapDetail.aspx?Module=Building&TabName=Building&capID1=26CAP&capID2=00000&capID3=00RB6&agencyCode=TAMPA
rec-09012784f6649558,CONSTRUCTION_INSPECTIONS|NATIVE|BLD-26-0525290,src-f1996c805c7b9899,tpa-0c24554388268b,construction_inspections,BLD-26-0525290,2026-05-21,2026-05,permit_record_created,CREATEDDATE,source_record_metadata,0,0,2026-08-23,2026-08,2026-08-23,2026-08,2026-08-23,2026-08,1,1,Revision,SEC: PP: Midtown: Build Out Ste 1450,Commercial Building Alterations (Renovations),3600 Midtown Dr,Midtown Tampa,https://aca-prod.accela.com/TAMPA/Cap/CapDetail.aspx?Module=Building&TabName=Building&capID1=26CAP&capID2=00000&capID3=00T4T&agencyCode=TAMPA
rec-0b51901a16bc13ec,CONSTRUCTION_INSPECTIONS|NATIVE|BLD-26-0524746,src-c85f80611c05066f,tpa-d57723ed26b7f1,construction_inspections,BLD-26-0524746,2026-05-01,2026-05,permit_record_created,CREATEDDATE,source_record_metadata,0,0,2026-08-23,2026-08,2026-08-23,2026-08,2026-08-23,2026-08,1,1,Issued,PP: Interior Remodel: Unit 4707 and 4709 - New Heights Dance Academy,Commercial Building Alterations (Renovations),4709 N Florida Ave,Old Seminole Heights,https://aca-prod.accela.com/TAMPA/Cap/CapDetail.aspx?Module=Building&TabName=Building&capID1=26CAP&capID2=00000&capID3=00PEC&agencyCode=TAMPA
rec-0bccf7061e7ecdc6,CONSTRUCTION_INSPECTIONS|NATIVE|BLD-26-0525082,src-e87c25e40ae6f105,tpa-498f7dbd762b3f,construction_inspections,BLD-26-0525082,2026-05-13,2026-05,permit_record_created,CREATEDDATE,source_record_metadata,0,0,2026-08-23,2026-08,2026-08-23,2026-08,2026-08-23,2026-08,1,1,Revision,PP: New Simple Fee TownHome,Residential New Construction and Additions (1 and 2 Family),1405 E 29th Ave,Ybor Heights Neighborhood Association and Watch Group,https://aca-prod.accela.com/TAMPA/Cap/CapDetail.aspx?Module=Building&TabName=Building&capID1=26CAP&capID2=00000&capID3=00RJI&agencyCode=TAMPA
rec-0c10217b1b5d8a21,CONSTRUCTION_INSPECTIONS|NATIVE|BLD-26-0525059,src-56266e2981ff4848,tpa-c9b1704a473169,construction_inspections,BLD-26-0525059,2026-05-12,2026-05,permit_record_created,CREATEDDATE,source_record_metadata,0,0,2026-08-23,2026-08,2026-08-23,2026-08,2026-08-23,2026-08,1,1,Issued,OWNER / Addition,Residential New Construction and Additions (1 and 2 Family),3105 W Haya St,Plaza Terrace,https://aca-prod.accela.com/TAMPA/Cap/CapDetail.aspx?Module=Building&TabName=Building&capID1=26CAP&capID2=00000&capID3=00RDD&agencyCode=TAMPA
rec-0ce63c61f908ee46,CONSTRUCTION_INSPECTIONS|NATIVE|BLD-26-0525422,src-a05703a9106db5d5,tpa-b7cd4c2038e29e,construction_inspections,BLD-26-0525422,2026-05-27,2026-05,permit_record_created,CREATEDDATE,source_record_metadata,0,0,2026-08-23,2026-08,2026-08-23,2026-08,2026-08-23,2026-08,1,1,Issued,NEW SFR 2 Story,Residential New Construction and Additions (1 and 2 Family),3514 W Pearl Ave,Interbay - South of Gandy,https://aca-prod.accela.com/TAMPA/Cap/CapDetail.aspx?Module=Building&TabName=Building&capID1=26CAP&capID2=00000&capID3=00U6T&agencyCode=TAMPA
rec-0df7f4fae04ea40d,CONSTRUCTION_INSPECTIONS|NATIVE|BDE-26-0445580,src-be73a43ed94eb162,tpa-a2d52bde3f3d1a,construction_inspections,BDE-26-0445580,2026-05-26,2026-05,permit_record_created,CREATEDDATE,source_record_metadata,0,0,2026-08-23,2026-08,2026-08-23,2026-08,2026-08-23,2026-08,1,1,Issued,Demo SFR,Residential Demolition Permit,531 Luzon Ave,Davis Islands,https://aca-prod.accela.com/TAMPA/Cap/CapDetail.aspx?Module=Building&TabName=Building&capID1=26CAP&capID2=00000&capID3=00TW5&agencyCode=TAMPA
rec-0e4072e258b28927,CONSTRUCTION_INSPECTIONS|NATIVE|BLD-26-0524763,src-0352bc974cbc20f5,tpa-dd1614046de936,construction_inspections,BLD-26-0524763,2026-05-04,2026-05,permit_record_created,CREATEDDATE,source_record_metadata,0,0,2026-08-23,2026-08,2026-08-23,2026-08,2026-08-23,2026-08,1,1,Issued,PP: FEMA: New 2-Story SFR,Residential New Construction and Additions (1 and 2 Family),3019 W Helen Ave,Ballast Point,https://aca-prod.accela.com/TAMPA/Cap/CapDetail.aspx?Module=Building&TabName=Building&capID1=26CAP&capID2=00000&capID3=00PJ6&agencyCode=TAMPA
rec-0f20b3e7611cb9eb,CONSTRUCTION_INSPECTIONS|NATIVE|BLD-26-0525442,src-0e8d7d2a149da795,tpa-5edac2bb11d5c7,construction_inspections,BLD-26-0525442,2026-05-28,2026-05,permit_record_created,CREATEDDATE,source_record_metadata,0,0,2026-08-23,2026-08,2026-08-23,2026-08,2026-08-23,2026-08,1,1,Issued,PP: Interior/Exterior Alteration - Frame,Commercial Building Alterations (Renovations),1630 W Snow Ave,Hyde Park Preservation,https://aca-prod.accela.com/TAMPA/Cap/CapDetail.aspx?Module=Building&TabName=Building&capID1=26CAP&capID2=00000&capID3=00UE9&agencyCode=TAMPA
rec-0fb4e38a476cc1c8,CONSTRUCTION_INSPECTIONS|NATIVE|BLD-26-0525164,src-63649b7fe21c2e4f,tpa-da950a66297bc9,construction_inspections,BLD-26-0525164,2026-05-18,2026-05,permit_record_created,CREATEDDATE,source_record_metadata,0,0,2026-08-23,2026-08,2026-08-23,2026-08,2026-08-23,2026-08,1,1,Issued,Conversion of storage room into living space,Residential New Construction and Additions (1 and 2 Family),1324 W Arch St,West Riverfront Neighborhood Crimewatch Association,https://aca-prod.accela.com/TAMPA/Cap/CapDetail.aspx?Module=Building&TabName=Building&capID1=26CAP&capID2=00000&capID3=00S6X&agencyCode=TAMPA
rec-10caf63481fcd39b,CONSTRUCTION_INSPECTIONS|NATIVE|BLD-26-0525096,src-ea8bdc46d973e78d,tpa-e17c429b0dcdd1,construction_inspections,BLD-26-0525096,2026-05-13,2026-05,permit_record_created,CREATEDDATE,source_record_metadata,0,0,2026-08-23,2026-08,2026-08-23,2026-08,2026-08-23,2026-08,1,1,Issued,FEMA: Addition: Rear covered porch,Residential New Construction and Additions (1 and 2 Family),4409 W Brookwood Dr,Culbreath Bayou,https://aca-prod.accela.com/TAMPA/Cap/CapDetail.aspx?Module=Building&TabName=Building&capID1=26CAP&capID2=00000&capID3=00RNT&agencyCode=TAMPA
rec-10f7859c46bafd34,CONSTRUCTION_INSPECTIONS|NATIVE|BLD-26-0525106,src-8702813269269b81,tpa-8efcda3d2c717b,construction_inspections,BLD-26-0525106,2026-05-13,2026-05,permit_record_created,CREATEDDATE,source_record_metadata,0,0,2026-08-23,2026-08,2026-08-23,2026-08,2026-08-23,2026-08,1,1,Issued,Interior Alteration,Residential Building Alterations (Renovations),3217 Park Green Dr,Interbay - South of Gandy,https://aca-prod.accela.com/TAMPA/Cap/CapDetail.aspx?Module=Building&TabName=Building&capID1=26CAP&capID2=00000&capID3=00ROV&agencyCode=TAMPA
rec-12d8cc59fb6a2e02,CONSTRUCTION_INSPECTIONS|NATIVE|BLD-26-0525353,src-7fdc475b54c47b7d,tpa-904d5d86463077,construction_inspections,BLD-26-0525353,2026-05-26,2026-05,permit_record_created,CREATEDDATE,source_record_metadata,0,0,2026-08-23,2026-08,2026-08-23,2026-08,2026-08-23,2026-08,1,1,Issued,PP:New 2-Story SFR,Residential New Construction and Additions (1 and 2 Family),2711 N Myrtle Ave,Riverside Heights,https://aca-prod.accela.com/TAMPA/Cap/CapDetail.aspx?Module=Building&TabName=Building&capID1=26CAP&capID2=00000&capID3=00TNF&agencyCode=TAMPA
rec-12e35bd77934fcf7,CONSTRUCTION_INSPECTIONS|NATIVE|BLD-26-0524997,src-87d7ce787f84a0cc,tpa-8b7a4169734142,construction_inspections,BLD-26-0524997,2026-05-08,2026-05,permit_record_created,CREATEDDATE,source_record_metadata,0,0,2026-08-23,2026-08,2026-08-23,2026-08,2026-08-23,2026-08,1,1,Issued,OWNER: Master Bathroom Remodel,Residential Building Alterations (Renovations),10261 Shadow Branch Dr,Arbor Greene,https://aca-prod.accela.com/TAMPA/Cap/CapDetail.aspx?Module=Building&TabName=Building&capID1=26CAP&capID2=00000&capID3=00QU8&agencyCode=TAMPA
rec-1537b8f0c28404fa,CONSTRUCTION_INSPECTIONS|NATIVE|BDE-26-0445531,src-cac00a35abed6729,tpa-14bc51de8ad111,construction_inspections,BDE-26-0445531,2026-05-05,2026-05,permit_record_created,CREATEDDATE,source_record_metadata,0,0,2026-08-23,2026-08,2026-08-23,2026-08,2026-08-23,2026-08,1,1,Issued,Demo of garage only,Residential Demolition Permit,1708 E Diana St,Riverbend,https://aca-prod.accela.com/TAMPA/Cap/CapDetail.aspx?Module=Building&TabName=Building&capID1=26CAP&capID2=00000&capID3=00PWO&agencyCode=TAMPA
rec-17749d4e3bfc54bc,CONSTRUCTION_INSPECTIONS|NATIVE|BLD-26-0525323,src-f16daf52d38ecfca,tpa-f788c3139ff8f4,construction_inspections,BLD-26-0525323,2026-05-22,2026-05,permit_record_created,CREATEDDATE,source_record_metadata,0,0,2026-08-23,2026-08,2026-08-23,2026-08,2026-08-23,2026-08,1,1,Issued,Interior Alteration - Bathroom,Residential Building Alterations (Renovations),3215 W Knights Ave,Bayshore Beautiful,https://aca-prod.accela.com/TAMPA/Cap/CapDetail.aspx?Module=Building&TabName=Building&capID1=26CAP&capID2=00000&capID3=00TG7&agencyCode=TAMPA
rec-18c15b5bfbff765f,CONSTRUCTION_INSPECTIONS|NATIVE|BLD-26-0525080,src-80696197cd7f5e6e,tpa-062a1d60371e99,construction_inspections,BLD-26-0525080,2026-05-13,2026-05,permit_record_created,CREATEDDATE,source_record_metadata,0,0,2026-08-23,2026-08,2026-08-23,2026-08,2026-08-23,2026-08,1,1,Issued,FEMA:PP:New 2-Story SFR,Residential New Construction and Additions (1 and 2 Family),4315 W Azeele St,Beach Park,https://aca-prod.accela.com/TAMPA/Cap/CapDetail.aspx?Module=Building&TabName=Building&capID1=26CAP&capID2=00000&capID3=00RJD&agencyCode=TAMPA
rec-18ffad293401ac01,CONSTRUCTION_INSPECTIONS|NATIVE|BLD-26-0525489,src-b266256565880823,tpa-a087942a91ff27,construction_inspections,BLD-26-0525489,2026-05-29,2026-05,permit_record_created,CREATEDDATE,source_record_metadata,0,0,2026-08-23,2026-08,2026-08-23,2026-08,2026-08-23,2026-08,1,1,Issued,New Industrial Building - Reworld,Commercial New Construction and Additions,6902 E 6th Ave,East Side Commercial,https://aca-prod.accela.com/TAMPA/Cap/CapDetail.aspx?Module=Building&TabName=Building&capID1=26CAP&capID2=00000&capID3=00URR&agencyCode=TAMPA
rec-1d19fcb725faa209,CONSTRUCTION_INSPECTIONS|NATIVE|BLD-26-0525216,src-595a63669c9bd240,tpa-0ed1fa46c340e8,construction_inspections,BLD-26-0525216,2026-05-19,2026-05,permit_record_created,CREATEDDATE,source_record_metadata,0,0,2026-08-23,2026-08,2026-08-23,2026-08,2026-08-23,2026-08,1,1,Issued,FEMA - Interior Alteration - Suite 2250 - Ankura,Commercial Building Alterations (Renovations),101 E Kennedy Blvd,Tampa Downtown Partnership,https://aca-prod.accela.com/TAMPA/Cap/CapDetail.aspx?Module=Building&TabName=Building&capID1=26CAP&capID2=00000&capID3=00SM6&agencyCode=TAMPA
rec-21f4a3c72d9773b0,CONSTRUCTION_INSPECTIONS|NATIVE|BLD-26-0525226,src-5acaaa1e32937ca5,tpa-80e279d1be6042,construction_inspections,BLD-26-0525226,2026-05-19,2026-05,permit_record_created,CREATEDDATE,source_record_metadata,0,0,2026-08-23,2026-08,2026-08-23,2026-08,2026-08-23,2026-08,1,1,Issued,FEMA: PP: Interior Remodel,Residential Building Alterations (Renovations),4812 Londonderry Dr,Tampa Palms,https://aca-prod.accela.com/TAMPA/Cap/CapDetail.aspx?Module=Building&TabName=Building&capID1=26CAP&capID2=00000&capID3=00SNV&agencyCode=TAMPA
rec-21fbc883520e83bd,CONSTRUCTION_INSPECTIONS|NATIVE|BLD-26-0525071,src-4002691ae181a0da,tpa-75b2fd8dad5b60,construction_inspections,BLD-26-0525071,2026-05-13,2026-05,permit_record_created,CREATEDDATE,source_record_metadata,0,0,2026-08-23,2026-08,2026-08-23,2026-08,2026-08-23,2026-08,1,1,Issued,Interior Alteration - Bathroom,Commercial Building Alterations (Renovations),4221 W Spruce St,Carver City Lincoln Gardens,https://aca-prod.accela.com/TAMPA/Cap/CapDetail.aspx?Module=Building&TabName=Building&capID1=26CAP&capID2=00000&capID3=00RHI&agencyCode=TAMPA
rec-241bd0a52cf7743a,CONSTRUCTION_INSPECTIONS|NATIVE|BLD-26-0525158,src-9ac3067bb5edaf93,tpa-dab10ff4f041f9,construction_inspections,BLD-26-0525158,2026-05-17,2026-05,permit_record_created,CREATEDDATE,source_record_metadata,0,0,2026-08-23,2026-08,2026-08-23,2026-08,2026-08-23,2026-08,1,1,Issued,PP: Interior Alteration,Residential Building Alterations (Renovations),2108 W Saint Isabel St,West Riverside Heights,https://aca-prod.accela.com/TAMPA/Cap/CapDetail.aspx?Module=Building&TabName=Building&capID1=26CAP&capID2=00000&capID3=00S4Z&agencyCode=TAMPA
rec-24e70669d6c4fb17,CONSTRUCTION_INSPECTIONS|NATIVE|BLD-26-0525273,src-f5a77c8600758eb1,tpa-3453295c8fc8bb,construction_inspections,BLD-26-0525273,2026-05-20,2026-05,permit_record_created,CREATEDDATE,source_record_metadata,0,0,2026-08-23,2026-08,2026-08-23,2026-08,2026-08-23,2026-08,1,1,Issued,Accelerated Project | ACCELERATED AFFORDABLE: Bathroom Remodel,Residential Building Alterations (Renovations),18157 Canal Pointe St,Heritage Isles,https://aca-prod.accela.com/TAMPA/Cap/CapDetail.aspx?Module=Building&TabName=Building&capID1=26CAP&capID2=00000&capID3=00SZU&agencyCode=TAMPA
rec-28b19a312a3f5e77,CONSTRUCTION_INSPECTIONS|NATIVE|BLD-26-0524870,src-9a6c626bf765fc6a,tpa-8dc9f091bc7a0a,construction_inspections,BLD-26-0524870,2026-05-06,2026-05,permit_record_created,CREATEDDATE,source_record_metadata,0,0,2026-08-23,2026-08,2026-08-23,2026-08,2026-08-23,2026-08,1,1,Issued,Interior Remodel: Hasta La Tambora,Commercial Building Alterations (Renovations),913 E Hillsborough Ave,Southeast Seminole Heights,https://aca-prod.accela.com/TAMPA/Cap/CapDetail.aspx?Module=Building&TabName=Building&capID1=26CAP&capID2=00000&capID3=00QBR&agencyCode=TAMPA
rec-2b6acb6a042b3f65,CONSTRUCTION_INSPECTIONS|NATIVE|BLD-26-0524749,src-0ea3123b6c258fc0,tpa-aabe3fc78f9aed,construction_inspections,BLD-26-0524749,2026-05-01,2026-05,permit_record_created,CREATEDDATE,source_record_metadata,0,0,2026-08-23,2026-08,2026-08-23,2026-08,2026-08-23,2026-08,1,1,Issued,New 1-Story SFR,Residential New Construction and Additions (1 and 2 Family),2133 W Juneau St,Armenia Gardens Estates,https://aca-prod.accela.com/TAMPA/Cap/CapDetail.aspx?Module=Building&TabName=Building&capID1=26CAP&capID2=00000&capID3=00PEJ&agencyCode=TAMPA
rec-2db05a2f9f845cd0,CONSTRUCTION_INSPECTIONS|NATIVE|BLD-26-0524978,src-832c2c8e7b68cd36,tpa-6f538c08a8e105,construction_inspections,BLD-26-0524978,2026-05-08,2026-05,permit_record_created,CREATEDDATE,source_record_metadata,0,0,2026-08-23,2026-08,2026-08-23,2026-08,2026-08-23,2026-08,1,1,Issued,FEMA: Remodel: Interior,Residential Building Alterations (Renovations),2813 Old Bayshore Way,Ballast Point,https://aca-prod.accela.com/TAMPA/Cap/CapDetail.aspx?Module=Building&TabName=Building&capID1=26CAP&capID2=00000&capID3=00QQL&agencyCode=TAMPA
rec-2f582c0c3fccad3e,CONSTRUCTION_INSPECTIONS|NATIVE|BLD-26-0525081,src-a35fbf65ff98ce74,tpa-1d4aeacdbee34e,construction_inspections,BLD-26-0525081,2026-05-13,2026-05,permit_record_created,CREATEDDATE,source_record_metadata,0,0,2026-08-23,2026-08,2026-08-23,2026-08,2026-08-23,2026-08,1,1,Revision,PP: New Simple Fee TownHome,Residential New Construction and Additions (1 and 2 Family),1403 E 29th Ave,Ybor Heights Neighborhood Association and Watch Group,https://aca-prod.accela.com/TAMPA/Cap/CapDetail.aspx?Module=Building&TabName=Building&capID1=26CAP&capID2=00000&capID3=00RJF&agencyCode=TAMPA
rec-313bf83ad0cd1dc3,CONSTRUCTION_INSPECTIONS|NATIVE|BLD-26-0525401,src-609f205b12d45c28,tpa-f5dc63d4e089c2,construction_inspections,BLD-26-0525401,2026-05-26,2026-05,permit_record_created,CREATEDDATE,source_record_metadata,0,0,2026-08-23,2026-08,2026-08-23,2026-08,2026-08-23,2026-08,1,1,Issued,FEMA:NEW 2 STORY SFR,Residential New Construction and Additions (1 and 2 Family),3605 S Omar Ave,Bel Mar Shores,https://aca-prod.accela.com/TAMPA/Cap/CapDetail.aspx?Module=Building&TabName=Building&capID1=26CAP&capID2=00000&capID3=00U0B&agencyCode=TAMPA
rec-3259f7414ac8f5b5,CONSTRUCTION_INSPECTIONS|NATIVE|BLD-26-0524966,src-6028d45dd3855ed0,tpa-e71ea48aa9427b,construction_inspections,BLD-26-0524966,2026-05-08,2026-05,permit_record_created,CREATEDDATE,source_record_metadata,0,0,2026-08-23,2026-08,2026-08-23,2026-08,2026-08-23,2026-08,1,1,Issued,New 2-Story SFR,Residential New Construction and Additions (1 and 2 Family),902 W Fribley St,Riverside Heights,https://aca-prod.accela.com/TAMPA/Cap/CapDetail.aspx?Module=Building&TabName=Building&capID1=26CAP&capID2=00000&capID3=00QOA&agencyCode=TAMPA
rec-3360c9e87a18eb8f,CONSTRUCTION_INSPECTIONS|NATIVE|BLD-26-0524972,src-8b41792d6361707f,tpa-4c87695f9d6d90,construction_inspections,BLD-26-0524972,2026-05-08,2026-05,permit_record_created,CREATEDDATE,source_record_metadata,0,0,2026-08-23,2026-08,2026-08-23,2026-08,2026-08-23,2026-08,1,1,Issued,PP: Interior Bathroom and Pool Bathroom Renovation,Residential Building Alterations (Renovations),15705 Mifflin Ct,Tampa Palms,https://aca-prod.accela.com/TAMPA/Cap/CapDetail.aspx?Module=Building&TabName=Building&capID1=26CAP&capID2=00000&capID3=00QPA&agencyCode=TAMPA
rec-349d1f95ea7fcff5,CONSTRUCTION_INSPECTIONS|NATIVE|BLD-26-0525159,src-8e3f1705de90dc39,tpa-e4cd1c871b5cc3,construction_inspections,BLD-26-0525159,2026-05-17,2026-05,permit_record_created,CREATEDDATE,source_record_metadata,0,0,2026-08-23,2026-08,2026-08-23,2026-08,2026-08-23,2026-08,1,1,Issued,New SFR,Residential New Construction and Additions (1 and 2 Family),1609 E Chelsea St,Historic Belmont Heights,https://aca-prod.accela.com/TAMPA/Cap/CapDetail.aspx?Module=Building&TabName=Building&capID1=26CAP&capID2=00000&capID3=00S53&agencyCode=TAMPA
rec-34ec50814f83b182,CONSTRUCTION_INSPECTIONS|NATIVE|BLD-26-0524827,src-a4fa5f2c6b4212f6,tpa-d1bb8b90356208,construction_inspections,BLD-26-0524827,2026-05-06,2026-05,permit_record_created,CREATEDDATE,source_record_metadata,0,0,2026-08-23,2026-08,2026-08-23,2026-08,2026-08-23,2026-08,1,1,Issued,ADU,Residential New Construction and Additions (1 and 2 Family),1116 Alicia Ave,Riverbend,https://aca-prod.accela.com/TAMPA/Cap/CapDetail.aspx?Module=Building&TabName=Building&capID1=26CAP&capID2=00000&capID3=00PZL&agencyCode=TAMPA
rec-386fd11427174e72,CONSTRUCTION_INSPECTIONS|NATIVE|BLD-26-0525065,src-e44b934a10278b6b,tpa-f84077b9b28f2f,construction_inspections,BLD-26-0525065,2026-05-12,2026-05,permit_record_created,CREATEDDATE,source_record_metadata,0,0,2026-08-23,2026-08,2026-08-23,2026-08,2026-08-23,2026-08,1,1,Issued,New SFR,Residential New Construction and Additions (1 and 2 Family),3505 E 29th Ave,Jackson Heights,https://aca-prod.accela.com/TAMPA/Cap/CapDetail.aspx?Module=Building&TabName=Building&capID1=26CAP&capID2=00000&capID3=00RF7&agencyCode=TAMPA
rec-3a50f82156ed82ff,CONSTRUCTION_INSPECTIONS|NATIVE|BLD-26-0525233,src-c7ac2fab8e37b5af,tpa-e7cb2202092654,construction_inspections,BLD-26-0525233,2026-05-19,2026-05,permit_record_created,CREATEDDATE,source_record_metadata,0,0,2026-08-23,2026-08,2026-08-23,2026-08,2026-08-23,2026-08,1,1,Issued,FEMA:PP:New 2-Story SFR,Residential New Construction and Additions (1 and 2 Family),4716 W Leila Ave,Gandy / Sun Bay South,https://aca-prod.accela.com/TAMPA/Cap/CapDetail.aspx?Module=Building&TabName=Building&capID1=26CAP&capID2=00000&capID3=00SP0&agencyCode=TAMPA
rec-3f0f828f0cb4bd6f,CONSTRUCTION_INSPECTIONS|NATIVE|BLD-26-0524755,src-92ccb47fb1558a7c,tpa-a0a1e12cde36f3,construction_inspections,BLD-26-0524755,2026-05-03,2026-05,permit_record_created,CREATEDDATE,source_record_metadata,0,0,2026-08-23,2026-08,2026-08-23,2026-08,2026-08-23,2026-08,1,1,Issued,FEMA: Plumbing repair,Residential Building Alterations (Renovations),4736 W Leila Ave,Gandy / Sun Bay South,https://aca-prod.accela.com/TAMPA/Cap/CapDetail.aspx?Module=Building&TabName=Building&capID1=26CAP&capID2=00000&capID3=00PFK&agencyCode=TAMPA
rec-3f3f8dbece94a6c9,CONSTRUCTION_INSPECTIONS|NATIVE|BLD-26-0525314,src-754cf7df279f9357,tpa-c606c3fb11d3c4,construction_inspections,BLD-26-0525314,2026-05-21,2026-05,permit_record_created,CREATEDDATE,source_record_metadata,0,0,2026-08-23,2026-08,2026-08-23,2026-08,2026-08-23,2026-08,1,1,Issued,New SFR,Residential New Construction and Additions (1 and 2 Family),2131 W Juneau St,Armenia Gardens Estates,https://aca-prod.accela.com/TAMPA/Cap/CapDetail.aspx?Module=Building&TabName=Building&capID1=26CAP&capID2=00000&capID3=00TCI&agencyCode=TAMPA
rec-3f89386f051fc4cb,CONSTRUCTION_INSPECTIONS|NATIVE|BLD-26-0525185,src-affbb1ed1bcf6ca8,tpa-045e51addb8e4c,construction_inspections,BLD-26-0525185,2026-05-18,2026-05,permit_record_created,CREATEDDATE,source_record_metadata,0,0,2026-08-23,2026-08,2026-08-23,2026-08,2026-08-23,2026-08,1,1,Issued,PP: New 2Sty Townhome - Left Unit-Fee simple,Residential New Construction and Additions (1 and 2 Family),1411 E 29th Ave,Ybor Heights Neighborhood Association and Watch Group,https://aca-prod.accela.com/TAMPA/Cap/CapDetail.aspx?Module=Building&TabName=Building&capID1=26CAP&capID2=00000&capID3=00SCG&agencyCode=TAMPA
rec-40419f97de08bf90,CONSTRUCTION_INSPECTIONS|NATIVE|BLD-26-0525395,src-6e04cd5f3a6fd6e6,tpa-7eab775596cf4f,construction_inspections,BLD-26-0525395,2026-05-27,2026-05,permit_record_created,CREATEDDATE,source_record_metadata,0,0,2026-08-23,2026-08,2026-08-23,2026-08,2026-08-23,2026-08,1,1,Issued,FEMA:PP:Kitchen and Bathroom remodel,Residential Building Alterations (Renovations),4026 S West Shore Blvd,Bayside West,https://aca-prod.accela.com/TAMPA/Cap/CapDetail.aspx?Module=Building&TabName=Building&capID1=26CAP&capID2=00000&capID3=00TYZ&agencyCode=TAMPA
rec-436f9d2949367a02,CONSTRUCTION_INSPECTIONS|NATIVE|BLD-26-0525404,src-e923d3485349f172,tpa-7efc45bb2b927b,construction_inspections,BLD-26-0525404,2026-05-27,2026-05,permit_record_created,CREATEDDATE,source_record_metadata,0,0,2026-08-23,2026-08,2026-08-23,2026-08,2026-08-23,2026-08,1,1,Issued,FEMA - Interior Alteration,Commercial Building Alterations (Renovations),5000 Culbreath Key Way,Bayside West,https://aca-prod.accela.com/TAMPA/Cap/CapDetail.aspx?Module=Building&TabName=Building&capID1=26CAP&capID2=00000&capID3=00U0V&agencyCode=TAMPA
rec-438ccfaa9388b1b0,CONSTRUCTION_INSPECTIONS|NATIVE|BLD-26-0525012,src-50e651146ddf66b3,tpa-7c48ebf4118995,construction_inspections,BLD-26-0525012,2026-05-11,2026-05,permit_record_created,CREATEDDATE,source_record_metadata,0,0,2026-08-23,2026-08,2026-08-23,2026-08,2026-08-23,2026-08,1,1,Issued,FEMA:PP:New 2-Story SFR,Residential New Construction and Additions (1 and 2 Family),2803 Sanders Dr,Ballast Point,https://aca-prod.accela.com/TAMPA/Cap/CapDetail.aspx?Module=Building&TabName=Building&capID1=26CAP&capID2=00000&capID3=00R0Z&agencyCode=TAMPA
rec-43f0d05a1a95d69b,CONSTRUCTION_INSPECTIONS|NATIVE|BLD-26-0524993,src-795eba54f8e96475,tpa-e757799c702684,construction_inspections,BLD-26-0524993,2026-05-08,2026-05,permit_record_created,CREATEDDATE,source_record_metadata,0,0,2026-08-23,2026-08,2026-08-23,2026-08,2026-08-23,2026-08,1,1,Issued,Addition: New 2 story accessory structure/ Existing garage conversion,Residential New Construction and Additions (1 and 2 Family),502 N Bradford Ave,Oakford Park,https://aca-prod.accela.com/TAMPA/Cap/CapDetail.aspx?Module=Building&TabName=Building&capID1=26CAP&capID2=00000&capID3=00QTR&agencyCode=TAMPA
rec-47e5120d66b18737,CONSTRUCTION_INSPECTIONS|NATIVE|BLD-26-0524770,src-8e6f3dfc46809006,tpa-91e2e6c6a04c7a,construction_inspections,BLD-26-0524770,2026-05-04,2026-05,permit_record_created,CREATEDDATE,source_record_metadata,0,0,2026-08-23,2026-08,2026-08-23,2026-08,2026-08-23,2026-08,1,1,Issued,PP: New 2 Story SFR,Residential New Construction and Additions (1 and 2 Family),3116 W San Jose St,Palma Ceia,https://aca-prod.accela.com/TAMPA/Cap/CapDetail.aspx?Module=Building&TabName=Building&capID1=26CAP&capID2=00000&capID3=00PLM&agencyCode=TAMPA
rec-48daf34a880767bb,CONSTRUCTION_INSPECTIONS|NATIVE|BLD-26-0525225,src-b85ede0feeeb4b11,tpa-b0c1d0683897fc,construction_inspections,BLD-26-0525225,2026-05-19,2026-05,permit_record_created,CREATEDDATE,source_record_metadata,0,0,2026-08-23,2026-08,2026-08-23,2026-08,2026-08-23,2026-08,1,1,Issued,BATHROOM ADDITION,Residential New Construction and Additions (1 and 2 Family),3912 N Arlington Ave,Tampa Heights,https://aca-prod.accela.com/TAMPA/Cap/CapDetail.aspx?Module=Building&TabName=Building&capID1=26CAP&capID2=00000&capID3=00SNK&agencyCode=TAMPA
rec-48fac651d1a8a9af,CONSTRUCTION_INSPECTIONS|NATIVE|BLD-26-0525016,src-ab4c242a648ddc27,tpa-7d1cb35eeb2324,construction_inspections,BLD-26-0525016,2026-05-11,2026-05,permit_record_created,CREATEDDATE,source_record_metadata,0,0,2026-08-23,2026-08,2026-08-23,2026-08,2026-08-23,2026-08,1,1,Issued,SEC - FEMA - Interior Alteration - Reptile Back Of House,Commercial Building Alterations (Renovations),1101 W Sligh Ave,Lowry Park Central,https://aca-prod.accela.com/TAMPA/Cap/CapDetail.aspx?Module=Building&TabName=Building&capID1=26CAP&capID2=00000&capID3=00R29&agencyCode=TAMPA
rec-490e7a33dbf5cd2e,CONSTRUCTION_INSPECTIONS|NATIVE|BLD-26-0524987,src-e0625193fd34025e,tpa-ffb0e74ef7c0d2,construction_inspections,BLD-26-0524987,2026-05-08,2026-05,permit_record_created,CREATEDDATE,source_record_metadata,0,0,2026-08-23,2026-08,2026-08-23,2026-08,2026-08-23,2026-08,1,1,Issued,FEMA: PP: New 2-Story SFR,Residential New Construction and Additions (1 and 2 Family),4506 W San Rafael St,Sunset Park,https://aca-prod.accela.com/TAMPA/Cap/CapDetail.aspx?Module=Building&TabName=Building&capID1=26CAP&capID2=00000&capID3=00QSR&agencyCode=TAMPA
rec-4d3f7a505c00e87f,CONSTRUCTION_INSPECTIONS|NATIVE|BDE-26-0445544,src-bfd91207f484b7d0,tpa-0844508e90a91e,construction_inspections,BDE-26-0445544,2026-05-11,2026-05,permit_record_created,CREATEDDATE,source_record_metadata,0,0,2026-08-23,2026-08,2026-08-23,2026-08,2026-08-23,2026-08,1,1,Issued,FEMA: Demo SFR,Residential Demolition Permit,4421 W Leila Ave,Gandy / Sun Bay South,https://aca-prod.accela.com/TAMPA/Cap/CapDetail.aspx?Module=Building&TabName=Building&capID1=26CAP&capID2=00000&capID3=00R1X&agencyCode=TAMPA
rec-4eed44b03339c4ce,CONSTRUCTION_INSPECTIONS|NATIVE|BLD-26-0525161,src-fcf221b1dafc29ef,tpa-b4812babd05d15,construction_inspections,BLD-26-0525161,2026-05-17,2026-05,permit_record_created,CREATEDDATE,source_record_metadata,0,0,2026-08-23,2026-08,2026-08-23,2026-08,2026-08-23,2026-08,1,1,Issued,Interior Remodel: Bathroom addition to existing space,Residential Building Alterations (Renovations),7305 N Taliaferro Ave,Old Seminole Heights,https://aca-prod.accela.com/TAMPA/Cap/CapDetail.aspx?Module=Building&TabName=Building&capID1=26CAP&capID2=00000&capID3=00S55&agencyCode=TAMPA
rec-4f13a4bf7d938407,CONSTRUCTION_INSPECTIONS|NATIVE|BLD-26-0525173,src-ea00fe5f094c9113,tpa-44818792ea899b,construction_inspections,BLD-26-0525173,2026-05-18,2026-05,permit_record_created,CREATEDDATE,source_record_metadata,0,0,2026-08-23,2026-08,2026-08-23,2026-08,2026-08-23,2026-08,1,1,Issued,PP:Interior Alterations,Residential Building Alterations (Renovations),2522 W Lemon St,Armory Gardens,https://aca-prod.accela.com/TAMPA/Cap/CapDetail.aspx?Module=Building&TabName=Building&capID1=26CAP&capID2=00000&capID3=00S87&agencyCode=TAMPA
rec-4f19c0fca7823e39,CONSTRUCTION_INSPECTIONS|NATIVE|BLD-26-0525451,src-13eb7ee7f411b251,tpa-9a9a67e425ce79,construction_inspections,BLD-26-0525451,2026-05-28,2026-05,permit_record_created,CREATEDDATE,source_record_metadata,0,0,2026-08-23,2026-08,2026-08-23,2026-08,2026-08-23,2026-08,1,1,Issued,PP: Change of Use/Occupancy: Int. Remodel: The Exercise Coach,Commercial Building Alterations (Renovations),3612 S Dale Mabry Hwy,Palma Ceia,https://aca-prod.accela.com/TAMPA/Cap/CapDetail.aspx?Module=Building&TabName=Building&capID1=26CAP&capID2=00000&capID3=00UH5&agencyCode=TAMPA
rec-515d7dc6eaf74f72,CONSTRUCTION_INSPECTIONS|NATIVE|BLD-26-0525407,src-b494d04cb14b62f2,tpa-c7e42772bde1b6,construction_inspections,BLD-26-0525407,2026-05-27,2026-05,permit_record_created,CREATEDDATE,source_record_metadata,0,0,2026-08-23,2026-08,2026-08-23,2026-08,2026-08-23,2026-08,1,1,Issued,SEC: FEMA: THRESHOLD: Dehumidification System,Commercial Building Alterations (Renovations),401 Channelside Dr,Tampa Downtown Partnership,https://aca-prod.accela.com/TAMPA/Cap/CapDetail.aspx?Module=Building&TabName=Building&capID1=26CAP&capID2=00000&capID3=00U1W&agencyCode=TAMPA
rec-51ea4a01d4361ab6,CONSTRUCTION_INSPECTIONS|NATIVE|BLD-26-0524931,src-1a30faf56430d037,tpa-31dd93d24b8b1d,construction_inspections,BLD-26-0524931,2026-05-07,2026-05,permit_record_created,CREATEDDATE,source_record_metadata,0,0,2026-08-23,2026-08,2026-08-23,2026-08,2026-08-23,2026-08,1,1,Issued,FEMA PP: New 3-Story SFR Attached Accessory structure,Residential New Construction and Additions (1 and 2 Family),586 Marmora Ave,Davis Islands,https://aca-prod.accela.com/TAMPA/Cap/CapDetail.aspx?Module=Building&TabName=Building&capID1=26CAP&capID2=00000&capID3=00QJR&agencyCode=TAMPA
rec-587c2991b3264b9c,CONSTRUCTION_INSPECTIONS|NATIVE|BLD-26-0524803,src-b472bc416dc76127,tpa-ffe358fdc00f69,construction_inspections,BLD-26-0524803,2026-05-05,2026-05,permit_record_created,CREATEDDATE,source_record_metadata,0,0,2026-08-23,2026-08,2026-08-23,2026-08,2026-08-23,2026-08,1,1,Issued,Interior Alteration,Commercial Building Alterations (Renovations),3301 Bayshore Blvd,Academy of the Holy Names,https://aca-prod.accela.com/TAMPA/Cap/CapDetail.aspx?Module=Building&TabName=Building&capID1=26CAP&capID2=00000&capID3=00PTC&agencyCode=TAMPA
rec-59ea95725558e935,CONSTRUCTION_INSPECTIONS|NATIVE|BLD-26-0525092,src-88bee884a1e5b777,tpa-6f3fb0c6c08867,construction_inspections,BLD-26-0525092,2026-05-13,2026-05,permit_record_created,CREATEDDATE,source_record_metadata,0,0,2026-08-23,2026-08,2026-08-23,2026-08,2026-08-23,2026-08,1,1,Revision,THRESHOLD: SEC: FEMA: THRESHOLD: Floor 32 - Interior Remodel includes MEP and Fire,Commercial Building Alterations (Renovations),100 N Tampa St,Tampa Downtown Partnership,https://aca-prod.accela.com/TAMPA/Cap/CapDetail.aspx?Module=Building&TabName=Building&capID1=26CAP&capID2=00000&capID3=00RML&agencyCode=TAMPA
rec-5a3953dd48211d6d,CONSTRUCTION_INSPECTIONS|NATIVE|BLD-26-0525269,src-54dedd53cc78e588,tpa-8b4229840125de,construction_inspections,BLD-26-0525269,2026-05-20,2026-05,permit_record_created,CREATEDDATE,source_record_metadata,0,0,2026-08-23,2026-08,2026-08-23,2026-08,2026-08-23,2026-08,1,1,Issued,PP: Tenant Build out: SUITE 6: Project Lean,Commercial Building Alterations (Renovations),4009 W Kennedy Blvd,North Bon Air,https://aca-prod.accela.com/TAMPA/Cap/CapDetail.aspx?Module=Building&TabName=Building&capID1=26CAP&capID2=00000&capID3=00SYR&agencyCode=TAMPA
rec-5b18b2bac816cd5b,CONSTRUCTION_INSPECTIONS|NATIVE|BLD-26-0525000,src-414960a4092a4787,tpa-6b80cf500fdf8c,construction_inspections,BLD-26-0525000,2026-05-10,2026-05,permit_record_created,CREATEDDATE,source_record_metadata,0,0,2026-08-23,2026-08,2026-08-23,2026-08,2026-08-23,2026-08,1,1,Issued,Exterior Remodel: 1st & 2nd Floor,Residential Building Alterations (Renovations),2924 W Villa Rosa,Bayshore Beautiful,https://aca-prod.accela.com/TAMPA/Cap/CapDetail.aspx?Module=Building&TabName=Building&capID1=26CAP&capID2=00000&capID3=00QV7&agencyCode=TAMPA
rec-5b665dff62de5d59,CONSTRUCTION_INSPECTIONS|NATIVE|BLD-26-0525379,src-58f37fafdb7f16ae,tpa-92f7071846991b,construction_inspections,BLD-26-0525379,2026-05-26,2026-05,permit_record_created,CREATEDDATE,source_record_metadata,0,0,2026-08-23,2026-08,2026-08-23,2026-08,2026-08-23,2026-08,1,1,Issued,PP:New 2 Sty SFR w/detached garage & bonus room,Residential New Construction and Additions (1 and 2 Family),2806 N Morgan St,Tampa Heights,https://aca-prod.accela.com/TAMPA/Cap/CapDetail.aspx?Module=Building&TabName=Building&capID1=26CAP&capID2=00000&capID3=00TWD&agencyCode=TAMPA
rec-5e69547c75688045,CONSTRUCTION_INSPECTIONS|NATIVE|BDE-26-0445575,src-27b2788934ac7100,tpa-8b21ac634b2ccb,construction_inspections,BDE-26-0445575,2026-05-21,2026-05,permit_record_created,CREATEDDATE,source_record_metadata,0,0,2026-08-23,2026-08,2026-08-23,2026-08,2026-08-23,2026-08,1,1,Issued,DEMO SFR,Residential Demolition Permit,3115 W Pearl Ave,Interbay - South of Gandy,https://aca-prod.accela.com/TAMPA/Cap/CapDetail.aspx?Module=Building&TabName=Building&capID1=26CAP&capID2=00000&capID3=00TBS&agencyCode=TAMPA
rec-61b7813b2b7a3ec4,CONSTRUCTION_INSPECTIONS|NATIVE|BLD-26-0524865,src-08ce422eba25e41d,tpa-960787efa88ef7,construction_inspections,BLD-26-0524865,2026-05-06,2026-05,permit_record_created,CREATEDDATE,source_record_metadata,0,0,2026-08-23,2026-08,2026-08-23,2026-08,2026-08-23,2026-08,1,1,Issued,Interior ALT,Residential Building Alterations (Renovations),2936 W Knights Ave,Bayshore Beautiful,https://aca-prod.accela.com/TAMPA/Cap/CapDetail.aspx?Module=Building&TabName=Building&capID1=26CAP&capID2=00000&capID3=00QAI&agencyCode=TAMPA
rec-623028ab957637f5,CONSTRUCTION_INSPECTIONS|NATIVE|BDE-26-0445527,src-736843ca02b6a7a8,tpa-a8fc7db88edcf7,construction_inspections,BDE-26-0445527,2026-05-01,2026-05,permit_record_created,CREATEDDATE,source_record_metadata,0,0,2026-08-23,2026-08,2026-08-23,2026-08,2026-08-23,2026-08,1,1,Issued,DEMO SFR,Residential Demolition Permit,577 Bosphorous Ave,Davis Islands,https://aca-prod.accela.com/TAMPA/Cap/CapDetail.aspx?Module=Building&TabName=Building&capID1=26CAP&capID2=00000&capID3=00P7Q&agencyCode=TAMPA
rec-636f37d3a3e94fe4,CONSTRUCTION_INSPECTIONS|NATIVE|BLD-26-0524795,src-0a30f530d4d6bc00,tpa-9e6b2e05d23e11,construction_inspections,BLD-26-0524795,2026-05-05,2026-05,permit_record_created,CREATEDDATE,source_record_metadata,0,0,2026-08-23,2026-08,2026-08-23,2026-08,2026-08-23,2026-08,1,1,Issued,PP: New 2-Story SFR,Residential New Construction and Additions (1 and 2 Family),1042 S Sterling Ave,Golfview,https://aca-prod.accela.com/TAMPA/Cap/CapDetail.aspx?Module=Building&TabName=Building&capID1=26CAP&capID2=00000&capID3=00PRA&agencyCode=TAMPA
rec-6a02a0ae5746a49e,CONSTRUCTION_INSPECTIONS|NATIVE|BLD-26-0525189,src-17a886cc3045811d,tpa-ff51c48548d149,construction_inspections,BLD-26-0525189,2026-05-18,2026-05,permit_record_created,CREATEDDATE,source_record_metadata,0,0,2026-08-23,2026-08,2026-08-23,2026-08,2026-08-23,2026-08,1,1,Issued,Repair / Replace Structural Wall,Residential Building Alterations (Renovations),205 E Park Ave,Tampa Heights,https://aca-prod.accela.com/TAMPA/Cap/CapDetail.aspx?Module=Building&TabName=Building&capID1=26CAP&capID2=00000&capID3=00SDQ&agencyCode=TAMPA
rec-6a59587166784272,CONSTRUCTION_INSPECTIONS|NATIVE|BLD-26-0525254,src-ba15b720f3b3102b,tpa-09d4e1551572c9,construction_inspections,BLD-26-0525254,2026-05-20,2026-05,permit_record_created,CREATEDDATE,source_record_metadata,0,0,2026-08-23,2026-08,2026-08-23,2026-08,2026-08-23,2026-08,1,1,Issued,Accelerated Project | ACCELERATED CRA: Interior,Residential Building Alterations (Renovations),4807 N 13th St,Southeast Seminole Heights,https://aca-prod.accela.com/TAMPA/Cap/CapDetail.aspx?Module=Building&TabName=Building&capID1=26CAP&capID2=00000&capID3=00SWK&agencyCode=TAMPA
rec-6bb8432c89d7d37b,CONSTRUCTION_INSPECTIONS|NATIVE|BLD-26-0524909,src-08f85e606dd5f410,tpa-7ff83e4e9e743f,construction_inspections,BLD-26-0524909,2026-05-07,2026-05,permit_record_created,CREATEDDATE,source_record_metadata,0,0,2026-08-23,2026-08,2026-08-23,2026-08,2026-08-23,2026-08,1,1,Issued,EARLY START: PP: Interior Renovation 10th Floor: Humana,Commercial Building Alterations (Renovations),4030 W Boy Scout Blvd,Carver City Lincoln Gardens,https://aca-prod.accela.com/TAMPA/Cap/CapDetail.aspx?Module=Building&TabName=Building&capID1=26CAP&capID2=00000&capID3=00QE7&agencyCode=TAMPA
rec-6d44644a88f9b87e,CONSTRUCTION_INSPECTIONS|NATIVE|BLD-26-0524961,src-c9076d52d8404fb2,tpa-4f6269edb4b071,construction_inspections,BLD-26-0524961,2026-05-08,2026-05,permit_record_created,CREATEDDATE,source_record_metadata,0,0,2026-08-23,2026-08,2026-08-23,2026-08,2026-08-23,2026-08,1,1,Issued,PP: Bathroom Remodel,Commercial Building Alterations (Renovations),5100 Burchette Rd,Tampa Palms,https://aca-prod.accela.com/TAMPA/Cap/CapDetail.aspx?Module=Building&TabName=Building&capID1=26CAP&capID2=00000&capID3=00QNO&agencyCode=TAMPA
rec-6d680a1b54913153,CONSTRUCTION_INSPECTIONS|NATIVE|BLD-26-0525178,src-1c6363a27f643191,tpa-6c92cbb2f90794,construction_inspections,BLD-26-0525178,2026-05-18,2026-05,permit_record_created,CREATEDDATE,source_record_metadata,0,0,2026-08-23,2026-08,2026-08-23,2026-08,2026-08-23,2026-08,1,1,Issued,Bathroom Remodel: 1005,Commercial Building Alterations (Renovations),5823 Bowen Daniel Dr,Gandy / Sun Bay South,https://aca-prod.accela.com/TAMPA/Cap/CapDetail.aspx?Module=Building&TabName=Building&capID1=26CAP&capID2=00000&capID3=00SAE&agencyCode=TAMPA
rec-7136142f0d73a348,CONSTRUCTION_INSPECTIONS|NATIVE|BDE-26-0445567,src-78c3dccae55d60ee,tpa-61efd7a6d3d18d,construction_inspections,BDE-26-0445567,2026-05-19,2026-05,permit_record_created,CREATEDDATE,source_record_metadata,0,0,2026-08-23,2026-08,2026-08-23,2026-08,2026-08-23,2026-08,1,1,Issued,Commercial DEMO: Two Warehouse building,Commercial Demolition Permit,7000 Adamo Dr,East Side Commercial,https://aca-prod.accela.com/TAMPA/Cap/CapDetail.aspx?Module=Building&TabName=Building&capID1=26CAP&capID2=00000&capID3=00SK4&agencyCode=TAMPA
rec-77b6947011fbce81,CONSTRUCTION_INSPECTIONS|NATIVE|BLD-26-0525054,src-fd87c8a7e4a2cc0f,tpa-ade275b5845c48,construction_inspections,BLD-26-0525054,2026-05-12,2026-05,permit_record_created,CREATEDDATE,source_record_metadata,0,0,2026-08-23,2026-08,2026-08-23,2026-08,2026-08-23,2026-08,1,1,Issued,FEMA bathroom remodel,Residential Building Alterations (Renovations),210 S Renellie Dr,Beach Park,https://aca-prod.accela.com/TAMPA/Cap/CapDetail.aspx?Module=Building&TabName=Building&capID1=26CAP&capID2=00000&capID3=00RCB&agencyCode=TAMPA
rec-7b5fc67310ab4ef4,CONSTRUCTION_INSPECTIONS|NATIVE|BLD-26-0525400,src-bb5e9dc640f1a9a5,tpa-2cb63771f0ef30,construction_inspections,BLD-26-0525400,2026-05-27,2026-05,permit_record_created,CREATEDDATE,source_record_metadata,0,0,2026-08-23,2026-08,2026-08-23,2026-08,2026-08-23,2026-08,1,1,Issued,Interior and Exterior Remodel,Residential Building Alterations (Renovations),5013 N Suwanee Ave,Old Seminole Heights,https://aca-prod.accela.com/TAMPA/Cap/CapDetail.aspx?Module=Building&TabName=Building&capID1=26CAP&capID2=00000&capID3=00U03&agencyCode=TAMPA
rec-82bd5ba6830a7c85,CONSTRUCTION_INSPECTIONS|NATIVE|BLD-26-0525435,src-c026b0699309107e,tpa-92be969f635e51,construction_inspections,BLD-26-0525435,2026-05-28,2026-05,permit_record_created,CREATEDDATE,source_record_metadata,0,0,2026-08-23,2026-08,2026-08-23,2026-08,2026-08-23,2026-08,1,1,Issued,PP: New 2-Story SFR,Residential New Construction and Additions (1 and 2 Family),1518 S Richard Ave,Palma Ceia West,https://aca-prod.accela.com/TAMPA/Cap/CapDetail.aspx?Module=Building&TabName=Building&capID1=26CAP&capID2=00000&capID3=00UAX&agencyCode=TAMPA
rec-837ab7e3ae035310,CONSTRUCTION_INSPECTIONS|NATIVE|BLD-26-0524769,src-bd212d798ee493ca,tpa-a343c47c11b5da,construction_inspections,BLD-26-0524769,2026-05-04,2026-05,permit_record_created,CREATEDDATE,source_record_metadata,0,0,2026-08-23,2026-08,2026-08-23,2026-08,2026-08-23,2026-08,1,1,Revision,SEC: FEMA: Interior Remodel: Unit 1320 - Thornton Tomasetti,Commercial Building Alterations (Renovations),400 N Ashley Dr,Downtown River Arts,https://aca-prod.accela.com/TAMPA/Cap/CapDetail.aspx?Module=Building&TabName=Building&capID1=26CAP&capID2=00000&capID3=00PKW&agencyCode=TAMPA
rec-86ed02f3e4bccda0,CONSTRUCTION_INSPECTIONS|NATIVE|BLD-26-0525003,src-e4b723055980b2b8,tpa-6769f66104b427,construction_inspections,BLD-26-0525003,2026-05-10,2026-05,permit_record_created,CREATEDDATE,source_record_metadata,0,0,2026-08-23,2026-08,2026-08-23,2026-08,2026-08-23,2026-08,1,1,Issued,Accelerated Project | bathroom addition,Residential Building Alterations (Renovations),4117 W Mango Ave,Gandy / Sun Bay South,https://aca-prod.accela.com/TAMPA/Cap/CapDetail.aspx?Module=Building&TabName=Building&capID1=26CAP&capID2=00000&capID3=00QVC&agencyCode=TAMPA
rec-8880f25fe120437d,CONSTRUCTION_INSPECTIONS|NATIVE|BLD-26-0524844,src-fc47ec6c91683e00,tpa-9f82d40156267e,construction_inspections,BLD-26-0524844,2026-05-06,2026-05,permit_record_created,CREATEDDATE,source_record_metadata,0,0,2026-08-23,2026-08,2026-08-23,2026-08,2026-08-23,2026-08,1,1,Revision,PP: New 2 Sty: Righside Unit- Fee Simple Townhouse,Residential New Construction and Additions (1 and 2 Family),1413 E 29th Ave,Ybor Heights Neighborhood Association and Watch Group,https://aca-prod.accela.com/TAMPA/Cap/CapDetail.aspx?Module=Building&TabName=Building&capID1=26CAP&capID2=00000&capID3=00Q47&agencyCode=TAMPA
rec-8a9ec284cb90de04,CONSTRUCTION_INSPECTIONS|NATIVE|BLD-26-0525026,src-381f490f27d19bf5,tpa-e407dc24ba743f,construction_inspections,BLD-26-0525026,2026-05-11,2026-05,permit_record_created,CREATEDDATE,source_record_metadata,0,0,2026-08-23,2026-08,2026-08-23,2026-08,2026-08-23,2026-08,1,1,Revision,SEC: PP: 14th FLR (Ste:1400) Int. build out- Crete Professionals Alliance,Commercial Building Alterations (Renovations),3600 Midtown Dr,Midtown Tampa,https://aca-prod.accela.com/TAMPA/Cap/CapDetail.aspx?Module=Building&TabName=Building&capID1=26CAP&capID2=00000&capID3=00R4O&agencyCode=TAMPA
rec-8f17d09be4c2cefe,CONSTRUCTION_INSPECTIONS|NATIVE|BLD-26-0525114,src-f43fc7d3f5c6d2cf,tpa-4afa3c0e661d72,construction_inspections,BLD-26-0525114,2026-05-14,2026-05,permit_record_created,CREATEDDATE,source_record_metadata,0,0,2026-08-23,2026-08,2026-08-23,2026-08,2026-08-23,2026-08,1,1,Issued,FEMA:PP:2-Story Addition,Residential New Construction and Additions (1 and 2 Family),4945 W Bay Way Pl,Beach Park Isles,https://aca-prod.accela.com/TAMPA/Cap/CapDetail.aspx?Module=Building&TabName=Building&capID1=26CAP&capID2=00000&capID3=00RR0&agencyCode=TAMPA
rec-8f78168b5d490e93,CONSTRUCTION_INSPECTIONS|NATIVE|BLD-26-0525228,src-4472d993e089f0e8,tpa-f533dd25d9ba0e,construction_inspections,BLD-26-0525228,2026-05-19,2026-05,permit_record_created,CREATEDDATE,source_record_metadata,0,0,2026-08-23,2026-08,2026-08-23,2026-08,2026-08-23,2026-08,1,1,Issued,ATF - CMP-23-0013869 - Alterations - Removal of Work Done,Residential Building Alterations (Renovations),1002 E Seneca Ave,North Tampa Community,https://aca-prod.accela.com/TAMPA/Cap/CapDetail.aspx?Module=Building&TabName=Building&capID1=26CAP&capID2=00000&capID3=00SO0&agencyCode=TAMPA
rec-924cb3874142ac45,CONSTRUCTION_INSPECTIONS|NATIVE|BLD-26-0525160,src-0d74f6bf3ef201d0,tpa-49e80e51163e4f,construction_inspections,BLD-26-0525160,2026-05-17,2026-05,permit_record_created,CREATEDDATE,source_record_metadata,0,0,2026-08-23,2026-08,2026-08-23,2026-08,2026-08-23,2026-08,1,1,Issued,Interior/Exterior Alteration,Residential Building Alterations (Renovations),924 E 11th Ave,Historic Ybor,https://aca-prod.accela.com/TAMPA/Cap/CapDetail.aspx?Module=Building&TabName=Building&capID1=26CAP&capID2=00000&capID3=00S54&agencyCode=TAMPA
rec-92aca0bc742144fc,CONSTRUCTION_INSPECTIONS|NATIVE|BLD-26-0525475,src-b5cde1cda533409a,tpa-2c1e671440067b,construction_inspections,BLD-26-0525475,2026-05-29,2026-05,permit_record_created,CREATEDDATE,source_record_metadata,0,0,2026-08-23,2026-08,2026-08-23,2026-08,2026-08-23,2026-08,1,1,Issued,Threshold: PP: Midtown: Change of Use/Occupancy: Fit-out: The Shade Store-Ste D200,Commercial Building Alterations (Renovations),1120 Gramercy Ln,Midtown Tampa,https://aca-prod.accela.com/TAMPA/Cap/CapDetail.aspx?Module=Building&TabName=Building&capID1=26CAP&capID2=00000&capID3=00UOK&agencyCode=TAMPA
rec-92efabaae524840e,CONSTRUCTION_INSPECTIONS|NATIVE|BLD-26-0525486,src-397ccb357471191b,tpa-0b608cb967f98d,construction_inspections,BLD-26-0525486,2026-05-29,2026-05,permit_record_created,CREATEDDATE,source_record_metadata,0,0,2026-08-23,2026-08,2026-08-23,2026-08,2026-08-23,2026-08,1,1,Issued,FEMA: PP: New 2-Story SFR,Residential New Construction and Additions (1 and 2 Family),3617 S Omar Ave,Bel Mar Shores,https://aca-prod.accela.com/TAMPA/Cap/CapDetail.aspx?Module=Building&TabName=Building&capID1=26CAP&capID2=00000&capID3=00UR8&agencyCode=TAMPA
rec-957c1ab3aa6d3bd5,CONSTRUCTION_INSPECTIONS|NATIVE|BLD-26-0524825,src-ba7df132d0e32971,tpa-a204aefd9e968f,construction_inspections,BLD-26-0524825,2026-05-05,2026-05,permit_record_created,CREATEDDATE,source_record_metadata,0,0,2026-08-23,2026-08,2026-08-23,2026-08,2026-08-23,2026-08,1,1,Issued,PP: New 2-Story SFR,Residential New Construction and Additions (1 and 2 Family),2705 W Collins St,West Tampa Heights (Stadium Area),https://aca-prod.accela.com/TAMPA/Cap/CapDetail.aspx?Module=Building&TabName=Building&capID1=26CAP&capID2=00000&capID3=00PZ5&agencyCode=TAMPA
rec-97e582ad05b2c475,CONSTRUCTION_INSPECTIONS|NATIVE|BLD-26-0525104,src-33a309725203ff2e,tpa-637f25637cc3c1,construction_inspections,BLD-26-0525104,2026-05-13,2026-05,permit_record_created,CREATEDDATE,source_record_metadata,0,0,2026-08-23,2026-08,2026-08-23,2026-08,2026-08-23,2026-08,1,1,Issued,SEC: PP: Renovation: Interior-8th Floor,Commercial Building Alterations (Renovations),4221 W Boy Scout Blvd,Westshore,https://aca-prod.accela.com/TAMPA/Cap/CapDetail.aspx?Module=Building&TabName=Building&capID1=26CAP&capID2=00000&capID3=00ROQ&agencyCode=TAMPA
rec-9a10cb451199d25d,CONSTRUCTION_INSPECTIONS|NATIVE|BLD-26-0525385,src-d8085a6a0b0083af,tpa-ba12b7c98b79d7,construction_inspections,BLD-26-0525385,2026-05-26,2026-05,permit_record_created,CREATEDDATE,source_record_metadata,0,0,2026-08-23,2026-08,2026-08-23,2026-08,2026-08-23,2026-08,1,1,Issued,OWNER - Interior Alteration,Residential Building Alterations (Renovations),4917 Londonderry Dr,Tampa Palms,https://aca-prod.accela.com/TAMPA/Cap/CapDetail.aspx?Module=Building&TabName=Building&capID1=26CAP&capID2=00000&capID3=00TX9&agencyCode=TAMPA
rec-9aee202ee4e03d95,CONSTRUCTION_INSPECTIONS|NATIVE|BLD-26-0525127,src-d78b1f0607633c09,tpa-e40b99196f446e,construction_inspections,BLD-26-0525127,2026-05-14,2026-05,permit_record_created,CREATEDDATE,source_record_metadata,0,0,2026-08-23,2026-08,2026-08-23,2026-08,2026-08-23,2026-08,1,1,Issued,ATF Violation -CMP-25-0002268,Residential New Construction and Additions (1 and 2 Family),3110 N Massachusetts Ave,Tampa Heights,https://aca-prod.accela.com/TAMPA/Cap/CapDetail.aspx?Module=Building&TabName=Building&capID1=26CAP&capID2=00000&capID3=00RVA&agencyCode=TAMPA
rec-9b74b21e155c8e7d,CONSTRUCTION_INSPECTIONS|NATIVE|BLD-26-0524756,src-9741891ab15640b2,tpa-1753c490d3c72e,construction_inspections,BLD-26-0524756,2026-05-04,2026-05,permit_record_created,CREATEDDATE,source_record_metadata,0,0,2026-08-23,2026-08,2026-08-23,2026-08,2026-08-23,2026-08,1,1,Issued,Interior ALT,Residential Building Alterations (Renovations),8906 N 20th St,Sulphur Springs,https://aca-prod.accela.com/TAMPA/Cap/CapDetail.aspx?Module=Building&TabName=Building&capID1=26CAP&capID2=00000&capID3=00PFQ&agencyCode=TAMPA
rec-9c9f0492924de9e1,CONSTRUCTION_INSPECTIONS|NATIVE|BLD-26-0524841,src-6dbb736df77e909c,tpa-3cf3eb9d357546,construction_inspections,BLD-26-0524841,2026-05-06,2026-05,permit_record_created,CREATEDDATE,source_record_metadata,0,0,2026-08-23,2026-08,2026-08-23,2026-08,2026-08-23,2026-08,1,1,Revision,New 2-Story SFR,Residential New Construction and Additions (1 and 2 Family),3714 W Palmira Ave,Palma Ceia,https://aca-prod.accela.com/TAMPA/Cap/CapDetail.aspx?Module=Building&TabName=Building&capID1=26CAP&capID2=00000&capID3=00Q3M&agencyCode=TAMPA
rec-9f1342d4ab18aa53,CONSTRUCTION_INSPECTIONS|NATIVE|BLD-26-0525200,src-2ced8b9e2fa10557,tpa-325b3dda9ee2b1,construction_inspections,BLD-26-0525200,2026-05-19,2026-05,permit_record_created,CREATEDDATE,source_record_metadata,0,0,2026-08-23,2026-08,2026-08-23,2026-08,2026-08-23,2026-08,1,1,Issued,NEW 2 STORY SFR,Residential New Construction and Additions (1 and 2 Family),3908 W San Miguel St,Palma Ceia West,https://aca-prod.accela.com/TAMPA/Cap/CapDetail.aspx?Module=Building&TabName=Building&capID1=26CAP&capID2=00000&capID3=00SH3&agencyCode=TAMPA
rec-9fa641b6b5504212,CONSTRUCTION_INSPECTIONS|NATIVE|BLD-26-0524845,src-ff8a2eda103821bf,tpa-621af98423c5c4,construction_inspections,BLD-26-0524845,2026-05-06,2026-05,permit_record_created,CREATEDDATE,source_record_metadata,0,0,2026-08-23,2026-08,2026-08-23,2026-08,2026-08-23,2026-08,1,1,Revision,PP: New 2 Sty: Left Unit- Fee Simple Townhouse,Residential New Construction and Additions (1 and 2 Family),1415 E 29th Ave,Ybor Heights Neighborhood Association and Watch Group,https://aca-prod.accela.com/TAMPA/Cap/CapDetail.aspx?Module=Building&TabName=Building&capID1=26CAP&capID2=00000&capID3=00Q4A&agencyCode=TAMPA
rec-a00240c278d37bdc,CONSTRUCTION_INSPECTIONS|NATIVE|BLD-26-0524787,src-ab243da2aaa48024,tpa-d9da95766c3af0,construction_inspections,BLD-26-0524787,2026-05-04,2026-05,permit_record_created,CREATEDDATE,source_record_metadata,0,0,2026-08-23,2026-08,2026-08-23,2026-08,2026-08-23,2026-08,1,1,Issued,"Owner / Hvac, rewire and drywall",Residential Building Alterations (Renovations),1603 E River Cove St,Sulphur Springs,https://aca-prod.accela.com/TAMPA/Cap/CapDetail.aspx?Module=Building&TabName=Building&capID1=26CAP&capID2=00000&capID3=00POF&agencyCode=TAMPA
rec-a0b0e1086382167e,CONSTRUCTION_INSPECTIONS|NATIVE|BLD-26-0525043,src-0b5cfaee014381bd,tpa-224369ba64ea8a,construction_inspections,BLD-26-0525043,2026-05-12,2026-05,permit_record_created,CREATEDDATE,source_record_metadata,0,0,2026-08-23,2026-08,2026-08-23,2026-08,2026-08-23,2026-08,1,1,Issued,Master Site Review and Ride Foundation Only | SEC: Busch Gardens New Water attraction DriftWood,Commercial New Construction and Additions,3605 E Bougainvillea Ave,Terrace Park,https://aca-prod.accela.com/TAMPA/Cap/CapDetail.aspx?Module=Building&TabName=Building&capID1=26CAP&capID2=00000&capID3=00R9G&agencyCode=TAMPA
rec-a1234e8531c1b226,CONSTRUCTION_INSPECTIONS|NATIVE|BLD-26-0524759,src-718383c3ef4d4bc4,tpa-e6022bc8dc7b15,construction_inspections,BLD-26-0524759,2026-05-04,2026-05,permit_record_created,CREATEDDATE,source_record_metadata,0,0,2026-08-23,2026-08,2026-08-23,2026-08,2026-08-23,2026-08,1,1,Issued,PP: New 2-Story SFR,Residential New Construction and Additions (1 and 2 Family),3408 W Leona St,Palma Ceia,https://aca-prod.accela.com/TAMPA/Cap/CapDetail.aspx?Module=Building&TabName=Building&capID1=26CAP&capID2=00000&capID3=00PIK&agencyCode=TAMPA
rec-a4bb5b2cbb65ab8f,CONSTRUCTION_INSPECTIONS|NATIVE|BLD-26-0525244,src-0aa8d053f79481b8,tpa-db4e77a2b26312,construction_inspections,BLD-26-0525244,2026-05-20,2026-05,permit_record_created,CREATEDDATE,source_record_metadata,0,0,2026-08-23,2026-08,2026-08-23,2026-08,2026-08-23,2026-08,1,1,Revision,OWNER:Addition/Remodel,Residential New Construction and Additions (1 and 2 Family),2902 S Manhattan Ave,Virginia Park,https://aca-prod.accela.com/TAMPA/Cap/CapDetail.aspx?Module=Building&TabName=Building&capID1=26CAP&capID2=00000&capID3=00STL&agencyCode=TAMPA
rec-a55d47e9eac9d46d,CONSTRUCTION_INSPECTIONS|NATIVE|BDE-26-0445588,src-40d4bd1eadabb532,tpa-388d9aff319892,construction_inspections,BDE-26-0445588,2026-05-29,2026-05,permit_record_created,CREATEDDATE,source_record_metadata,0,0,2026-08-23,2026-08,2026-08-23,2026-08,2026-08-23,2026-08,1,1,Issued,DEMO SFR,Residential Demolition Permit,2725 W Tyson Ave,Ballast Point,https://aca-prod.accela.com/TAMPA/Cap/CapDetail.aspx?Module=Building&TabName=Building&capID1=26CAP&capID2=00000&capID3=00UID&agencyCode=TAMPA
rec-a6b00dae0a72c55b,CONSTRUCTION_INSPECTIONS|NATIVE|BLD-26-0524777,src-3bcbb99d0bf047f6,tpa-4e35ab79c5c867,construction_inspections,BLD-26-0524777,2026-05-04,2026-05,permit_record_created,CREATEDDATE,source_record_metadata,0,0,2026-08-23,2026-08,2026-08-23,2026-08,2026-08-23,2026-08,1,1,Issued,THRESHOLD: Interior Build out - Fitness Studio includes MEPs,Commercial Building Alterations (Renovations),912 E Cumberland Ave,Tampa Downtown Partnership,https://aca-prod.accela.com/TAMPA/Cap/CapDetail.aspx?Module=Building&TabName=Building&capID1=26CAP&capID2=00000&capID3=00PMQ&agencyCode=TAMPA
rec-b06f582dc4d08429,CONSTRUCTION_INSPECTIONS|NATIVE|BLD-26-0524999,src-3dc80d122309796f,tpa-4231e64aef7e71,construction_inspections,BLD-26-0524999,2026-05-09,2026-05,permit_record_created,CREATEDDATE,source_record_metadata,0,0,2026-08-23,2026-08,2026-08-23,2026-08,2026-08-23,2026-08,1,1,Issued,Expedited Project | Interior ALT,Residential Building Alterations (Renovations),2101 W Hamilton Ave,Armenia Gardens Estates,https://aca-prod.accela.com/TAMPA/Cap/CapDetail.aspx?Module=Building&TabName=Building&capID1=26CAP&capID2=00000&capID3=00QUK&agencyCode=TAMPA
rec-b3a223b30953b030,CONSTRUCTION_INSPECTIONS|NATIVE|BLD-26-0525248,src-4d207eb3c16927ab,tpa-520eaf72c0ac8b,construction_inspections,BLD-26-0525248,2026-05-20,2026-05,permit_record_created,CREATEDDATE,source_record_metadata,0,0,2026-08-23,2026-08,2026-08-23,2026-08,2026-08-23,2026-08,1,1,Issued,Threshold: PP: Int Renovation-14th Floor Common Corridor & Elevator Lobby,Commercial Building Alterations (Renovations),3600 Midtown Dr,Midtown Tampa,https://aca-prod.accela.com/TAMPA/Cap/CapDetail.aspx?Module=Building&TabName=Building&capID1=26CAP&capID2=00000&capID3=00SU8&agencyCode=TAMPA
rec-b3e90469566690fb,CONSTRUCTION_INSPECTIONS|NATIVE|BLD-26-0525382,src-6ae2401887e80bf2,tpa-904f5483252c85,construction_inspections,BLD-26-0525382,2026-05-26,2026-05,permit_record_created,CREATEDDATE,source_record_metadata,0,0,2026-08-23,2026-08,2026-08-23,2026-08,2026-08-23,2026-08,1,1,Issued,Fema:PP: New 3Sty SFR,Residential New Construction and Additions (1 and 2 Family),531 Luzon Ave,Davis Islands,https://aca-prod.accela.com/TAMPA/Cap/CapDetail.aspx?Module=Building&TabName=Building&capID1=26CAP&capID2=00000&capID3=00TWS&agencyCode=TAMPA
rec-b3f7536d64e7a501,CONSTRUCTION_INSPECTIONS|NATIVE|BLD-26-0525193,src-ea125b69f9efe256,tpa-2cbc85613b2807,construction_inspections,BLD-26-0525193,2026-05-18,2026-05,permit_record_created,CREATEDDATE,source_record_metadata,0,0,2026-08-23,2026-08,2026-08-23,2026-08,2026-08-23,2026-08,1,1,Issued,FEMA: Interior & Exterior Remodel; Work commenced under BLD-24-0507037,Residential Building Alterations (Renovations),3323 S Shamrock Rd,Belmar Gardens,https://aca-prod.accela.com/TAMPA/Cap/CapDetail.aspx?Module=Building&TabName=Building&capID1=26CAP&capID2=00000&capID3=00SET&agencyCode=TAMPA
rec-b414472cd6584ad5,CONSTRUCTION_INSPECTIONS|NATIVE|BLD-26-0525425,src-87f7f264c2bd269f,tpa-80956699fab5cb,construction_inspections,BLD-26-0525425,2026-05-27,2026-05,permit_record_created,CREATEDDATE,source_record_metadata,0,0,2026-08-23,2026-08,2026-08-23,2026-08,2026-08-23,2026-08,1,1,Issued,NEW SFR 2 Story,Residential New Construction and Additions (1 and 2 Family),5406 S Himes Ave,Interbay - South of Gandy,https://aca-prod.accela.com/TAMPA/Cap/CapDetail.aspx?Module=Building&TabName=Building&capID1=26CAP&capID2=00000&capID3=00U7E&agencyCode=TAMPA
rec-b72061caa02b237b,CONSTRUCTION_INSPECTIONS|NATIVE|BLD-26-0525056,src-211f63470a31f458,tpa-afb84b40e508bf,construction_inspections,BLD-26-0525056,2026-05-12,2026-05,permit_record_created,CREATEDDATE,source_record_metadata,0,0,2026-08-23,2026-08,2026-08-23,2026-08,2026-08-23,2026-08,1,1,Issued,SEC: IRS- Interior Reno - Includes MEPs and Fire,Commercial Building Alterations (Renovations),3848 W Columbus Dr,Carver City Lincoln Gardens,https://aca-prod.accela.com/TAMPA/Cap/CapDetail.aspx?Module=Building&TabName=Building&capID1=26CAP&capID2=00000&capID3=00RD0&agencyCode=TAMPA
rec-b89cf0cf39cdf29e,CONSTRUCTION_INSPECTIONS|NATIVE|BLD-26-0524813,src-ca9c9359b8c853ba,tpa-54e6671dc62131,construction_inspections,BLD-26-0524813,2026-05-05,2026-05,permit_record_created,CREATEDDATE,source_record_metadata,0,0,2026-08-23,2026-08,2026-08-23,2026-08,2026-08-23,2026-08,1,1,Issued,Unit E Electrical Rewire and window like for like,Commercial Building Alterations (Renovations),4422 N Hale Ave,Drew Park,https://aca-prod.accela.com/TAMPA/Cap/CapDetail.aspx?Module=Building&TabName=Building&capID1=26CAP&capID2=00000&capID3=00PXH&agencyCode=TAMPA
rec-b9cd118c40fbc562,CONSTRUCTION_INSPECTIONS|NATIVE|BLD-26-0525334,src-0ec671e388fee586,tpa-bf14976aef8342,construction_inspections,BLD-26-0525334,2026-05-22,2026-05,permit_record_created,CREATEDDATE,source_record_metadata,0,0,2026-08-23,2026-08,2026-08-23,2026-08,2026-08-23,2026-08,1,1,Revision,SEC: PP: FEMA: EARLY START: VIP Lounge- Interior Remodel,Commercial Building Alterations (Renovations),401 Channelside Dr,Tampa Downtown Partnership,https://aca-prod.accela.com/TAMPA/Cap/CapDetail.aspx?Module=Building&TabName=Building&capID1=26CAP&capID2=00000&capID3=00TJ9&agencyCode=TAMPA
rec-ba44638d6e34ae0c,CONSTRUCTION_INSPECTIONS|NATIVE|BLD-26-0525493,src-ee225e1d484ebb80,tpa-0b569ee2338a70,construction_inspections,BLD-26-0525493,2026-05-31,2026-05,permit_record_created,CREATEDDATE,source_record_metadata,0,0,2026-08-23,2026-08,2026-08-23,2026-08,2026-08-23,2026-08,1,1,Revision,Expedited Project | FEMA: INT ALT (2 GROUND FLOOR UNITS),Commercial Building Alterations (Renovations),216 Columbia Dr,Davis Islands,https://aca-prod.accela.com/TAMPA/Cap/CapDetail.aspx?Module=Building&TabName=Building&capID1=26CAP&capID2=00000&capID3=00USJ&agencyCode=TAMPA
rec-bdd54d0eb636e241,CONSTRUCTION_INSPECTIONS|NATIVE|BDE-26-0445569,src-a27b21b553e90139,tpa-0be461491105ee,construction_inspections,BDE-26-0445569,2026-05-19,2026-05,permit_record_created,CREATEDDATE,source_record_metadata,0,0,2026-08-23,2026-08,2026-08-23,2026-08,2026-08-23,2026-08,1,1,Issued,DEMO SFR,Residential Demolition Permit,2107 S West Shore Blvd,Sunset Park,https://aca-prod.accela.com/TAMPA/Cap/CapDetail.aspx?Module=Building&TabName=Building&capID1=26CAP&capID2=00000&capID3=00SOA&agencyCode=TAMPA
rec-c06c3bfa7156cd0e,CONSTRUCTION_INSPECTIONS|NATIVE|BLD-26-0525440,src-c921a8a49afefafa,tpa-44cbb9968bddf1,construction_inspections,BLD-26-0525440,2026-05-28,2026-05,permit_record_created,CREATEDDATE,source_record_metadata,0,0,2026-08-23,2026-08,2026-08-23,2026-08,2026-08-23,2026-08,1,1,Revision,Accelerated Project | AFFORDABLE HOUSING: Kitchen and Bathrooms reno,Residential Building Alterations (Renovations),2928 Kelly Ridge Ln,Temple Crest,https://aca-prod.accela.com/TAMPA/Cap/CapDetail.aspx?Module=Building&TabName=Building&capID1=26CAP&capID2=00000&capID3=00UDT&agencyCode=TAMPA
rec-c17a0db8e6d566e5,CONSTRUCTION_INSPECTIONS|NATIVE|BDE-26-0445555,src-6b868555836f33ae,tpa-e36def4fc11108,construction_inspections,BDE-26-0445555,2026-05-14,2026-05,permit_record_created,CREATEDDATE,source_record_metadata,0,0,2026-08-23,2026-08,2026-08-23,2026-08,2026-08-23,2026-08,1,1,Issued,Commercial DEMO: 5-STY Hotel and Site Improvement,Commercial Demolition Permit,1200 N West Shore Blvd,Westshore,https://aca-prod.accela.com/TAMPA/Cap/CapDetail.aspx?Module=Building&TabName=Building&capID1=26CAP&capID2=00000&capID3=00RV8&agencyCode=TAMPA
rec-c3773390b96427e3,CONSTRUCTION_INSPECTIONS|NATIVE|BLD-26-0525311,src-e3d4b6953cff0638,tpa-a5c07f6c6343a7,construction_inspections,BLD-26-0525311,2026-05-21,2026-05,permit_record_created,CREATEDDATE,source_record_metadata,0,0,2026-08-23,2026-08,2026-08-23,2026-08,2026-08-23,2026-08,1,1,Issued,OWNER: Addition,Residential New Construction and Additions (1 and 2 Family),3612 W Platt St,Bon Air,https://aca-prod.accela.com/TAMPA/Cap/CapDetail.aspx?Module=Building&TabName=Building&capID1=26CAP&capID2=00000&capID3=00TC5&agencyCode=TAMPA
rec-c531f0824842cb96,CONSTRUCTION_INSPECTIONS|NATIVE|BLD-26-0525235,src-93cfb8c66b9b11a6,tpa-f2d2124064a194,construction_inspections,BLD-26-0525235,2026-05-20,2026-05,permit_record_created,CREATEDDATE,source_record_metadata,0,0,2026-08-23,2026-08,2026-08-23,2026-08,2026-08-23,2026-08,1,1,Issued,FEMA:PP:New 2-Story SFR,Residential New Construction and Additions (1 and 2 Family),4721 Ohio Ave,Gandy / Sun Bay South,https://aca-prod.accela.com/TAMPA/Cap/CapDetail.aspx?Module=Building&TabName=Building&capID1=26CAP&capID2=00000&capID3=00SQ3&agencyCode=TAMPA
rec-c636de263c196f40,CONSTRUCTION_INSPECTIONS|NATIVE|BLD-26-0525077,src-d5099ab048ed1ba5,tpa-495bd9aacc0cda,construction_inspections,BLD-26-0525077,2026-05-13,2026-05,permit_record_created,CREATEDDATE,source_record_metadata,0,0,2026-08-23,2026-08,2026-08-23,2026-08,2026-08-23,2026-08,1,1,Issued,FEMA:PP:Bathroom Remodel,Residential Building Alterations (Renovations),906 Anchorage Rd,Harbour Island,https://aca-prod.accela.com/TAMPA/Cap/CapDetail.aspx?Module=Building&TabName=Building&capID1=26CAP&capID2=00000&capID3=00RIF&agencyCode=TAMPA
rec-c8f60f4fe17d5425,CONSTRUCTION_INSPECTIONS|NATIVE|BLD-26-0525073,src-2bf770b8d2ce477a,tpa-380d9e8a7c30d9,construction_inspections,BLD-26-0525073,2026-05-13,2026-05,permit_record_created,CREATEDDATE,source_record_metadata,0,0,2026-08-23,2026-08,2026-08-23,2026-08,2026-08-23,2026-08,1,1,Issued,PP: New 2-Story SFR,Residential New Construction and Additions (1 and 2 Family),4605 E Regnas Ave,Temple Crest,https://aca-prod.accela.com/TAMPA/Cap/CapDetail.aspx?Module=Building&TabName=Building&capID1=26CAP&capID2=00000&capID3=00RHK&agencyCode=TAMPA
rec-cc774cb8edb83a72,CONSTRUCTION_INSPECTIONS|NATIVE|BLD-26-0525205,src-35faa4acbcb3c20d,tpa-01b2a34710d1f7,construction_inspections,BLD-26-0525205,2026-05-19,2026-05,permit_record_created,CREATEDDATE,source_record_metadata,0,0,2026-08-23,2026-08,2026-08-23,2026-08,2026-08-23,2026-08,1,1,Issued,FEMA:PP:New 2-Story SFR,Residential New Construction and Additions (1 and 2 Family),4810 W San Jose St,Sunset Park,https://aca-prod.accela.com/TAMPA/Cap/CapDetail.aspx?Module=Building&TabName=Building&capID1=26CAP&capID2=00000&capID3=00SJT&agencyCode=TAMPA
rec-cd97a730727735bb,CONSTRUCTION_INSPECTIONS|NATIVE|BLD-26-0525125,src-b6688191a9996ce6,tpa-478173f188c438,construction_inspections,BLD-26-0525125,2026-05-14,2026-05,permit_record_created,CREATEDDATE,source_record_metadata,0,0,2026-08-23,2026-08,2026-08-23,2026-08,2026-08-23,2026-08,1,1,Issued,ATF-CMP-25-0014065- Rear Addition and Front Porch Alteration,Residential New Construction and Additions (1 and 2 Family),8909 N Otis Ave,Lowry Park Central,https://aca-prod.accela.com/TAMPA/Cap/CapDetail.aspx?Module=Building&TabName=Building&capID1=26CAP&capID2=00000&capID3=00RUX&agencyCode=TAMPA
rec-d0bfacbb847bfd84,CONSTRUCTION_INSPECTIONS|NATIVE|BLD-26-0524811,src-147e5a194183dfb0,tpa-b9040b73137018,construction_inspections,BLD-26-0524811,2026-05-05,2026-05,permit_record_created,CREATEDDATE,source_record_metadata,0,0,2026-08-23,2026-08,2026-08-23,2026-08,2026-08-23,2026-08,1,1,Issued,FEMA: PP: Bath Remodel-Unit 2402,Commercial Building Alterations (Renovations),912 Channelside Dr,Channel District,https://aca-prod.accela.com/TAMPA/Cap/CapDetail.aspx?Module=Building&TabName=Building&capID1=26CAP&capID2=00000&capID3=00PVV&agencyCode=TAMPA
rec-d169cc4a7112f9d6,CONSTRUCTION_INSPECTIONS|NATIVE|BLD-26-0524941,src-332843b3a0e7c9b6,tpa-546f05f9e21091,construction_inspections,BLD-26-0524941,2026-05-07,2026-05,permit_record_created,CREATEDDATE,source_record_metadata,0,0,2026-08-23,2026-08,2026-08-23,2026-08,2026-08-23,2026-08,1,1,Revision,FEMA: PP: New 3-Story SFR,Residential New Construction and Additions (1 and 2 Family),210 Blanca Ave,Davis Islands,https://aca-prod.accela.com/TAMPA/Cap/CapDetail.aspx?Module=Building&TabName=Building&capID1=26CAP&capID2=00000&capID3=00QLS&agencyCode=TAMPA
rec-d90d57e77c039a2b,CONSTRUCTION_INSPECTIONS|NATIVE|BDE-26-0445539,src-ef4d19be5621ab3f,tpa-49fd9c87d11d25,construction_inspections,BDE-26-0445539,2026-05-07,2026-05,permit_record_created,CREATEDDATE,source_record_metadata,0,0,2026-08-23,2026-08,2026-08-23,2026-08,2026-08-23,2026-08,1,1,Issued,DEMO SFR,Residential Demolition Permit,2804 N 29th St,North Ybor,https://aca-prod.accela.com/TAMPA/Cap/CapDetail.aspx?Module=Building&TabName=Building&capID1=26CAP&capID2=00000&capID3=00QN4&agencyCode=TAMPA
rec-da3c46b5fa80bf7e,CONSTRUCTION_INSPECTIONS|NATIVE|BLD-26-0525014,src-21702bd2464ddcfb,tpa-99fa85d5d3ba62,construction_inspections,BLD-26-0525014,2026-05-11,2026-05,permit_record_created,CREATEDDATE,source_record_metadata,0,0,2026-08-23,2026-08,2026-08-23,2026-08,2026-08-23,2026-08,1,1,Issued,Owner:Interior ALT,Residential Building Alterations (Renovations),215 W Violet St,South Seminole Heights,https://aca-prod.accela.com/TAMPA/Cap/CapDetail.aspx?Module=Building&TabName=Building&capID1=26CAP&capID2=00000&capID3=00R1R&agencyCode=TAMPA
rec-db781dd17fdc35b2,CONSTRUCTION_INSPECTIONS|NATIVE|BLD-26-0525154,src-6490e72ff0b454bd,tpa-0df044a0b1bb50,construction_inspections,BLD-26-0525154,2026-05-15,2026-05,permit_record_created,CREATEDDATE,source_record_metadata,0,0,2026-08-23,2026-08,2026-08-23,2026-08,2026-08-23,2026-08,1,1,Issued,EARLY START: PP:Interior Kitchen Remodel and Restaurant Renovation Permit - The Black Palm Restaurant,Commercial Building Alterations (Renovations),6005 N Florida Ave,Old Seminole Heights,https://aca-prod.accela.com/TAMPA/Cap/CapDetail.aspx?Module=Building&TabName=Building&capID1=26CAP&capID2=00000&capID3=00S3I&agencyCode=TAMPA
rec-dc9e9797e84ae748,CONSTRUCTION_INSPECTIONS|NATIVE|BLD-26-0525034,src-7f795746dfcb2f48,tpa-12911010708ccb,construction_inspections,BLD-26-0525034,2026-05-12,2026-05,permit_record_created,CREATEDDATE,source_record_metadata,0,0,2026-08-23,2026-08,2026-08-23,2026-08,2026-08-23,2026-08,1,1,Issued,Addition,Residential New Construction and Additions (1 and 2 Family),2107 W Carmen St,North Hyde Park,https://aca-prod.accela.com/TAMPA/Cap/CapDetail.aspx?Module=Building&TabName=Building&capID1=26CAP&capID2=00000&capID3=00R64&agencyCode=TAMPA
rec-dce709457797077c,CONSTRUCTION_INSPECTIONS|NATIVE|BLD-26-0525356,src-6251274259e87087,tpa-f687f897b41c2a,construction_inspections,BLD-26-0525356,2026-05-26,2026-05,permit_record_created,CREATEDDATE,source_record_metadata,0,0,2026-08-23,2026-08,2026-08-23,2026-08,2026-08-23,2026-08,1,1,Issued,PP:New 2-Story SFR,Residential New Construction and Additions (1 and 2 Family),308 N Habana Ave,Armory Gardens,https://aca-prod.accela.com/TAMPA/Cap/CapDetail.aspx?Module=Building&TabName=Building&capID1=26CAP&capID2=00000&capID3=00TOH&agencyCode=TAMPA
rec-deba9959f8148514,CONSTRUCTION_INSPECTIONS|NATIVE|BDE-26-0445566,src-a870d6ae248995b0,tpa-7c9c998e3a395d,construction_inspections,BDE-26-0445566,2026-05-19,2026-05,permit_record_created,CREATEDDATE,source_record_metadata,0,0,2026-08-23,2026-08,2026-08-23,2026-08,2026-08-23,2026-08,1,1,Issued,Demo SFR,Residential Demolition Permit,4310 S Trask St,Bayside West,https://aca-prod.accela.com/TAMPA/Cap/CapDetail.aspx?Module=Building&TabName=Building&capID1=26CAP&capID2=00000&capID3=00SK1&agencyCode=TAMPA
rec-df6b3a6727c56e0a,CONSTRUCTION_INSPECTIONS|NATIVE|BLD-26-0525417,src-08414e2cc3b90e28,tpa-f776784384cf54,construction_inspections,BLD-26-0525417,2026-05-27,2026-05,permit_record_created,CREATEDDATE,source_record_metadata,0,0,2026-08-23,2026-08,2026-08-23,2026-08,2026-08-23,2026-08,1,1,Issued,New 2-Story SFR,Residential New Construction and Additions (1 and 2 Family),3606 W Rogers Ave,Interbay - South of Gandy,https://aca-prod.accela.com/TAMPA/Cap/CapDetail.aspx?Module=Building&TabName=Building&capID1=26CAP&capID2=00000&capID3=00U5S&agencyCode=TAMPA
rec-e1379d9fb28f46ae,CONSTRUCTION_INSPECTIONS|NATIVE|BLD-26-0524976,src-bfdfef91c38d0991,tpa-fa89c4d3ba80fb,construction_inspections,BLD-26-0524976,2026-05-08,2026-05,permit_record_created,CREATEDDATE,source_record_metadata,0,0,2026-08-23,2026-08,2026-08-23,2026-08,2026-08-23,2026-08,1,1,Revision,New 2-Story SFR,Residential New Construction and Additions (1 and 2 Family),4106 E Ellicott St,The Legacy of Fair Oaks,https://aca-prod.accela.com/TAMPA/Cap/CapDetail.aspx?Module=Building&TabName=Building&capID1=26CAP&capID2=00000&capID3=00QQA&agencyCode=TAMPA
rec-e330f4da9beeb94e,CONSTRUCTION_INSPECTIONS|NATIVE|BLD-26-0525183,src-7fc461cf42d007f3,tpa-bc2a68ecd08ac3,construction_inspections,BLD-26-0525183,2026-05-18,2026-05,permit_record_created,CREATEDDATE,source_record_metadata,0,0,2026-08-23,2026-08,2026-08-23,2026-08,2026-08-23,2026-08,1,1,Issued,PP: Bathroom Remodel : Unit 204,Commercial Building Alterations (Renovations),406 S Cedar Ave,Hyde Park Spanishtown Creek,https://aca-prod.accela.com/TAMPA/Cap/CapDetail.aspx?Module=Building&TabName=Building&capID1=26CAP&capID2=00000&capID3=00SC9&agencyCode=TAMPA
rec-e33df6a50c76b34d,CONSTRUCTION_INSPECTIONS|NATIVE|BLD-26-0524792,src-48650806315d336e,tpa-fed7319c3ecb7c,construction_inspections,BLD-26-0524792,2026-05-05,2026-05,permit_record_created,CREATEDDATE,source_record_metadata,0,0,2026-08-23,2026-08,2026-08-23,2026-08,2026-08-23,2026-08,1,1,Issued,PP: New 2 Story SFR,Residential New Construction and Additions (1 and 2 Family),3706 W Cleveland St,Bon Air,https://aca-prod.accela.com/TAMPA/Cap/CapDetail.aspx?Module=Building&TabName=Building&capID1=26CAP&capID2=00000&capID3=00PQS&agencyCode=TAMPA
rec-e63c4a616e0fc8ec,CONSTRUCTION_INSPECTIONS|NATIVE|BLD-26-0525302,src-fb651352bebbe6ef,tpa-bed3cc9bbb45f9,construction_inspections,BLD-26-0525302,2026-05-21,2026-05,permit_record_created,CREATEDDATE,source_record_metadata,0,0,2026-08-23,2026-08,2026-08-23,2026-08,2026-08-23,2026-08,1,1,Issued,PP: Bathroom Renovations,Residential Building Alterations (Renovations),16329 Burniston Dr,Tampa Palms North,https://aca-prod.accela.com/TAMPA/Cap/CapDetail.aspx?Module=Building&TabName=Building&capID1=26CAP&capID2=00000&capID3=00T8X&agencyCode=TAMPA
rec-e69d47b6d196fc5a,CONSTRUCTION_INSPECTIONS|NATIVE|BLD-26-0525285,src-6919ce402ce0b7db,tpa-045b5ccf4eaa0c,construction_inspections,BLD-26-0525285,2026-05-21,2026-05,permit_record_created,CREATEDDATE,source_record_metadata,0,0,2026-08-23,2026-08,2026-08-23,2026-08,2026-08-23,2026-08,1,1,Issued,PP: NEW SFR 2 Story,Residential New Construction and Additions (1 and 2 Family),2911 W Bay View Ave,Bayshore Beautiful,https://aca-prod.accela.com/TAMPA/Cap/CapDetail.aspx?Module=Building&TabName=Building&capID1=26CAP&capID2=00000&capID3=00T3E&agencyCode=TAMPA
rec-e9206c1550c8164b,CONSTRUCTION_INSPECTIONS|NATIVE|BLD-26-0525289,src-43f79cf152d54033,tpa-69cd3be0033d0e,construction_inspections,BLD-26-0525289,2026-05-21,2026-05,permit_record_created,CREATEDDATE,source_record_metadata,0,0,2026-08-23,2026-08,2026-08-23,2026-08,2026-08-23,2026-08,1,1,Issued,Remodel: Interior,Commercial Building Alterations (Renovations),1800 N Rome Ave,Old West Tampa,https://aca-prod.accela.com/TAMPA/Cap/CapDetail.aspx?Module=Building&TabName=Building&capID1=26CAP&capID2=00000&capID3=00T4H&agencyCode=TAMPA
rec-e95a1e186629abab,CONSTRUCTION_INSPECTIONS|NATIVE|BLD-26-0524816,src-7fe411838a17701c,tpa-560dde7a124b5e,construction_inspections,BLD-26-0524816,2026-05-05,2026-05,permit_record_created,CREATEDDATE,source_record_metadata,0,0,2026-08-23,2026-08,2026-08-23,2026-08,2026-08-23,2026-08,1,1,Revision,FEMA: Addition and Interior Remodel,Residential New Construction and Additions (1 and 2 Family),4907 Saint Croix Dr,Culbreath Isles,https://aca-prod.accela.com/TAMPA/Cap/CapDetail.aspx?Module=Building&TabName=Building&capID1=26CAP&capID2=00000&capID3=00PXY&agencyCode=TAMPA
rec-ea8be10af36b49f7,CONSTRUCTION_INSPECTIONS|NATIVE|BLD-26-0525371,src-de6659583bc288b2,tpa-eb19c5d174aa9f,construction_inspections,BLD-26-0525371,2026-05-26,2026-05,permit_record_created,CREATEDDATE,source_record_metadata,0,0,2026-08-23,2026-08,2026-08-23,2026-08,2026-08-23,2026-08,1,1,Issued,PP:Complete- New Office - ROCWELL,Commercial New Construction and Additions,1907 W Cass St,North Hyde Park,https://aca-prod.accela.com/TAMPA/Cap/CapDetail.aspx?Module=Building&TabName=Building&capID1=26CAP&capID2=00000&capID3=00TV1&agencyCode=TAMPA
rec-eae4bc252e1bc719,CONSTRUCTION_INSPECTIONS|NATIVE|BLD-26-0525466,src-60c0b559fc71a8fa,tpa-7b8a085843233d,construction_inspections,BLD-26-0525466,2026-05-29,2026-05,permit_record_created,CREATEDDATE,source_record_metadata,0,0,2026-08-23,2026-08,2026-08-23,2026-08,2026-08-23,2026-08,1,1,Issued,FEMA: PP: Interior reno,Residential Building Alterations (Renovations),959 Harbour Bay Dr,Harbour Island,https://aca-prod.accela.com/TAMPA/Cap/CapDetail.aspx?Module=Building&TabName=Building&capID1=26CAP&capID2=00000&capID3=00UMD&agencyCode=TAMPA
rec-ec044e30071ecea0,CONSTRUCTION_INSPECTIONS|NATIVE|BLD-26-0525313,src-0e309461c65562ce,tpa-6efecb31b53bf9,construction_inspections,BLD-26-0525313,2026-05-21,2026-05,permit_record_created,CREATEDDATE,source_record_metadata,0,0,2026-08-23,2026-08,2026-08-23,2026-08,2026-08-23,2026-08,1,1,Issued,New SFR,Residential New Construction and Additions (1 and 2 Family),2129 W Juneau St,Armenia Gardens Estates,https://aca-prod.accela.com/TAMPA/Cap/CapDetail.aspx?Module=Building&TabName=Building&capID1=26CAP&capID2=00000&capID3=00TCD&agencyCode=TAMPA
rec-ee47d0e0db621745,CONSTRUCTION_INSPECTIONS|NATIVE|BLD-26-0524747,src-53e645cec13828d6,tpa-9898638e54449b,construction_inspections,BLD-26-0524747,2026-05-01,2026-05,permit_record_created,CREATEDDATE,source_record_metadata,0,0,2026-08-23,2026-08,2026-08-23,2026-08,2026-08-23,2026-08,1,1,Issued,New 1Sty SFR,Residential New Construction and Additions (1 and 2 Family),2127 W Juneau St,Armenia Gardens Estates,https://aca-prod.accela.com/TAMPA/Cap/CapDetail.aspx?Module=Building&TabName=Building&capID1=26CAP&capID2=00000&capID3=00PEH&agencyCode=TAMPA
rec-ee7e8aaecfc714e0,CONSTRUCTION_INSPECTIONS|NATIVE|BDE-26-0445534,src-adb691888def9736,tpa-2a8f84337ac931,construction_inspections,BDE-26-0445534,2026-05-06,2026-05,permit_record_created,CREATEDDATE,source_record_metadata,0,0,2026-08-23,2026-08,2026-08-23,2026-08,2026-08-23,2026-08,1,1,Issued,Res demo,Residential Demolition Permit,2607 E Lake Ave,College Hill-Belmont Heights,https://aca-prod.accela.com/TAMPA/Cap/CapDetail.aspx?Module=Building&TabName=Building&capID1=26CAP&capID2=00000&capID3=00Q6E&agencyCode=TAMPA
rec-eea3da38feb1d761,CONSTRUCTION_INSPECTIONS|NATIVE|BLD-26-0525263,src-ac10b7fb85f17c68,tpa-b56f7afdb3ed13,construction_inspections,BLD-26-0525263,2026-05-20,2026-05,permit_record_created,CREATEDDATE,source_record_metadata,0,0,2026-08-23,2026-08,2026-08-23,2026-08,2026-08-23,2026-08,1,1,Issued,SEC - FEMA - Interior Alteration - Suite 3600 - Ogletree Deakins,Commercial Building Alterations (Renovations),100 N Tampa St,Tampa Downtown Partnership,https://aca-prod.accela.com/TAMPA/Cap/CapDetail.aspx?Module=Building&TabName=Building&capID1=26CAP&capID2=00000&capID3=00SY0&agencyCode=TAMPA
rec-f1204eedd28ac0e1,CONSTRUCTION_INSPECTIONS|NATIVE|BLD-26-0525070,src-6d6f030eac8a7ddd,tpa-ee565d4c1995c2,construction_inspections,BLD-26-0525070,2026-05-13,2026-05,permit_record_created,CREATEDDATE,source_record_metadata,0,0,2026-08-23,2026-08,2026-08-23,2026-08,2026-08-23,2026-08,1,1,Issued,Exterior Alteration - Front Foyer termite repair,Residential Building Alterations (Renovations),4113 W Santiago St,Virginia Park,https://aca-prod.accela.com/TAMPA/Cap/CapDetail.aspx?Module=Building&TabName=Building&capID1=26CAP&capID2=00000&capID3=00RGV&agencyCode=TAMPA
rec-f2270862e7c86ad6,CONSTRUCTION_INSPECTIONS|NATIVE|BLD-26-0525146,src-66233f9a16638c33,tpa-e2a92aee6d076e,construction_inspections,BLD-26-0525146,2026-05-15,2026-05,permit_record_created,CREATEDDATE,source_record_metadata,0,0,2026-08-23,2026-08,2026-08-23,2026-08,2026-08-23,2026-08,1,1,Issued,PP: New 2 Sty: right-side Unit-Fee Simple,Residential New Construction and Additions (1 and 2 Family),1407 E 29th Ave,Ybor Heights Neighborhood Association and Watch Group,https://aca-prod.accela.com/TAMPA/Cap/CapDetail.aspx?Module=Building&TabName=Building&capID1=26CAP&capID2=00000&capID3=00S1Z&agencyCode=TAMPA
rec-f24d7a1a5acaf77f,CONSTRUCTION_INSPECTIONS|NATIVE|BLD-26-0525276,src-5b201bce0cdbcb0e,tpa-e9409f2411ad8b,construction_inspections,BLD-26-0525276,2026-05-20,2026-05,permit_record_created,CREATEDDATE,source_record_metadata,0,0,2026-08-23,2026-08,2026-08-23,2026-08,2026-08-23,2026-08,1,1,Issued,New 1 Story SFR,Residential New Construction and Additions (1 and 2 Family),8406 N Lynn Ave,Lowry Park Central,https://aca-prod.accela.com/TAMPA/Cap/CapDetail.aspx?Module=Building&TabName=Building&capID1=26CAP&capID2=00000&capID3=00T0B&agencyCode=TAMPA
rec-f29d4f16457895b5,CONSTRUCTION_INSPECTIONS|NATIVE|BLD-26-0525204,src-1ad4dd4941f7f86a,tpa-1fdcc411f54460,construction_inspections,BLD-26-0525204,2026-05-19,2026-05,permit_record_created,CREATEDDATE,source_record_metadata,0,0,2026-08-23,2026-08,2026-08-23,2026-08,2026-08-23,2026-08,1,1,Issued,OWNER - Interior Alteration,Residential Building Alterations (Renovations),8318 N 13th St,Sulphur Springs,https://aca-prod.accela.com/TAMPA/Cap/CapDetail.aspx?Module=Building&TabName=Building&capID1=26CAP&capID2=00000&capID3=00SJH&agencyCode=TAMPA
rec-f72f68a515c30098,CONSTRUCTION_INSPECTIONS|NATIVE|BLD-26-0525281,src-c0de11296fe15488,tpa-db661374029fa4,construction_inspections,BLD-26-0525281,2026-05-21,2026-05,permit_record_created,CREATEDDATE,source_record_metadata,0,0,2026-08-23,2026-08,2026-08-23,2026-08,2026-08-23,2026-08,1,1,Issued,FEMA:PP:NEW SFR-2 Story,Residential New Construction and Additions (1 and 2 Family),4508 W San Rafael St,Sunset Park,https://aca-prod.accela.com/TAMPA/Cap/CapDetail.aspx?Module=Building&TabName=Building&capID1=26CAP&capID2=00000&capID3=00T0U&agencyCode=TAMPA
rec-f7b59f88292b4d9f,CONSTRUCTION_INSPECTIONS|NATIVE|BDE-26-0445545,src-3b2b0e8cfef25c8c,tpa-122e7a89c3f149,construction_inspections,BDE-26-0445545,2026-05-11,2026-05,permit_record_created,CREATEDDATE,source_record_metadata,0,0,2026-08-23,2026-08,2026-08-23,2026-08,2026-08-23,2026-08,1,1,Issued,DEMO SFR and shed,Residential Demolition Permit,4110 W San Luis St,Virginia Park,https://aca-prod.accela.com/TAMPA/Cap/CapDetail.aspx?Module=Building&TabName=Building&capID1=26CAP&capID2=00000&capID3=00R2K&agencyCode=TAMPA
rec-f7eaa934f5916960,CONSTRUCTION_INSPECTIONS|NATIVE|BLD-26-0525297,src-2c0727d2e9c15c4f,tpa-031b3ddc36e559,construction_inspections,BLD-26-0525297,2026-05-21,2026-05,permit_record_created,CREATEDDATE,source_record_metadata,0,0,2026-08-23,2026-08,2026-08-23,2026-08,2026-08-23,2026-08,1,1,Issued,FEMA:PP:New 2-Story SFR,Residential New Construction and Additions (1 and 2 Family),4836 W San Jose St,Sunset Park,https://aca-prod.accela.com/TAMPA/Cap/CapDetail.aspx?Module=Building&TabName=Building&capID1=26CAP&capID2=00000&capID3=00T72&agencyCode=TAMPA
rec-f8b848d34f520d95,CONSTRUCTION_INSPECTIONS|NATIVE|BDE-26-0445552,src-996ec04fa4a9da6a,tpa-b4a774da043236,construction_inspections,BDE-26-0445552,2026-05-13,2026-05,permit_record_created,CREATEDDATE,source_record_metadata,0,0,2026-08-23,2026-08,2026-08-23,2026-08,2026-08-23,2026-08,1,1,Issued,Demo SFR,Residential Demolition Permit,523 Lucerne Ave,Davis Islands,https://aca-prod.accela.com/TAMPA/Cap/CapDetail.aspx?Module=Building&TabName=Building&capID1=26CAP&capID2=00000&capID3=00RP4&agencyCode=TAMPA
rec-fc79bc28374bd9ca,CONSTRUCTION_INSPECTIONS|NATIVE|BLD-26-0525105,src-9c5a9fb9bd1451b3,tpa-fa8bee15b12258,construction_inspections,BLD-26-0525105,2026-05-13,2026-05,permit_record_created,CREATEDDATE,source_record_metadata,0,0,2026-08-23,2026-08,2026-08-23,2026-08,2026-08-23,2026-08,1,1,Issued,PP: Ste 375 (Floor 3):Interior Remodel,Commercial Building Alterations (Renovations),4010 W Boy Scout Blvd,Carver City Lincoln Gardens,https://aca-prod.accela.com/TAMPA/Cap/CapDetail.aspx?Module=Building&TabName=Building&capID1=26CAP&capID2=00000&capID3=00ROU&agencyCode=TAMPA
rec-fcd6e1c828afeb29,CONSTRUCTION_INSPECTIONS|NATIVE|BLD-26-0525464,src-eb0830078fd95d98,tpa-acc4c71e80f996,construction_inspections,BLD-26-0525464,2026-05-29,2026-05,permit_record_created,CREATEDDATE,source_record_metadata,0,0,2026-08-23,2026-08,2026-08-23,2026-08,2026-08-23,2026-08,1,1,Issued,FEMA: PP: Interior / Exterior Remodel: Dunkin,Commercial Building Alterations (Renovations),4404 W Gandy Blvd,Gandy / Sun Bay South,https://aca-prod.accela.com/TAMPA/Cap/CapDetail.aspx?Module=Building&TabName=Building&capID1=26CAP&capID2=00000&capID3=00UL3&agencyCode=TAMPA
rec-18e6cb766cbe8d2a,DEVELOPMENT_COORDINATION|NATIVE|REZ-26-0000094,src-a9abfe9dd73b497e,tpa-642cd8c152f7fe,development_coordination,REZ-26-0000094,2026-05-31,2026-05,planning_application_created,CREATEDDATE,source_reported_event,0,0,2026-08-23,2026-08,2026-08-23,2026-08,2026-08-23,2026-08,1,1,In Process,Rezoning,Rezoning,2916 W Angeles St,Palma Ceia,https://aca-prod.accela.com/TAMPA/Cap/CapDetail.aspx?Module=Planning&TabName=Planning&capID1=26CAP&capID2=00000&capID3=00USN&agencyCode=TAMPA
rec-19eb906254fd1fee,DEVELOPMENT_COORDINATION|NATIVE|REZ-26-0000087,src-f402ad08894c804c,tpa-a6206dd2f83f77,development_coordination,REZ-26-0000087,2026-05-18,2026-05,planning_application_created,CREATEDDATE,source_reported_event,0,0,2026-08-23,2026-08,2026-08-23,2026-08,2026-08-23,2026-08,1,1,In Process,Rezoning,Rezoning,2101 W Hillsborough Ave,Armenia Terrace | Bour Lands | Al Dana Park,https://aca-prod.accela.com/TAMPA/Cap/CapDetail.aspx?Module=Planning&TabName=Planning&capID1=26CAP&capID2=00000&capID3=00SAS&agencyCode=TAMPA
rec-1cc4965b83c5e547,DEVELOPMENT_COORDINATION|NATIVE|REZ-26-0000091,src-7880e607939502c3,tpa-927b2fbb57772b,development_coordination,REZ-26-0000091,2026-05-21,2026-05,planning_application_created,CREATEDDATE,source_reported_event,0,0,2026-08-23,2026-08,2026-08-23,2026-08,2026-08-23,2026-08,1,1,In Process,Rezoning,Rezoning,2139 W Saint Conrad St,Old West Tampa,https://aca-prod.accela.com/TAMPA/Cap/CapDetail.aspx?Module=Planning&TabName=Planning&capID1=26CAP&capID2=00000&capID3=00TA0&agencyCode=TAMPA
rec-1ecf817ff8bc19da,DEVELOPMENT_COORDINATION|NATIVE|REZ-26-0000088,src-34fd5192b7a8942f,tpa-39bc7f906dce39,development_coordination,REZ-26-0000088,2026-05-18,2026-05,planning_application_created,CREATEDDATE,source_reported_event,0,0,2026-08-23,2026-08,2026-08-23,2026-08,2026-08-23,2026-08,1,1,In Process,Rezoning,Rezoning,202 S Dale Mabry Hwy,Bon Air,https://aca-prod.accela.com/TAMPA/Cap/CapDetail.aspx?Module=Planning&TabName=Planning&capID1=26CAP&capID2=00000&capID3=00SDN&agencyCode=TAMPA
rec-1f5f54d21f358461,DEVELOPMENT_COORDINATION|NATIVE|REZ-26-0000084,src-70a5259583ebf2d5,tpa-52045aa1d45376,development_coordination,REZ-26-0000084,2026-05-15,2026-05,planning_application_created,CREATEDDATE,source_reported_event,0,0,2026-08-23,2026-08,2026-08-23,2026-08,2026-08-23,2026-08,1,1,In Process,Rezoning,Rezoning,405 N Armenia Ave,North Hyde Park,https://aca-prod.accela.com/TAMPA/Cap/CapDetail.aspx?Module=Planning&TabName=Planning&capID1=26CAP&capID2=00000&capID3=00S48&agencyCode=TAMPA
rec-20a4a4420fc2f660,DEVELOPMENT_COORDINATION|NATIVE|REZ-26-0000092,src-a4e255fb15a1ca2d,tpa-b067da3a0aafe7,development_coordination,REZ-26-0000092,2026-05-26,2026-05,planning_application_created,CREATEDDATE,source_reported_event,0,0,2026-08-23,2026-08,2026-08-23,2026-08,2026-08-23,2026-08,1,1,In Process,Rezoning,Rezoning,8878 N Florida Ave,Lowry Park Central,https://aca-prod.accela.com/TAMPA/Cap/CapDetail.aspx?Module=Planning&TabName=Planning&capID1=26CAP&capID2=00000&capID3=00TN3&agencyCode=TAMPA
rec-20b9199ca67292c4,DEVELOPMENT_COORDINATION|NATIVE|REZ-26-0000083,src-1d0ab833a4558d61,tpa-e78528cbfbaf56,development_coordination,REZ-26-0000083,2026-05-13,2026-05,planning_application_created,CREATEDDATE,source_reported_event,0,0,2026-08-23,2026-08,2026-08-23,2026-08,2026-08-23,2026-08,1,1,In Process,Rezoning,Rezoning,2423 E Ida St,East Tampa 1,https://aca-prod.accela.com/TAMPA/Cap/CapDetail.aspx?Module=Planning&TabName=Planning&capID1=26CAP&capID2=00000&capID3=00RG2&agencyCode=TAMPA
rec-273d768ad31bedd1,DEVELOPMENT_COORDINATION|NATIVE|DE1-26-0000121,src-3603f8e5eb63a39a,tpa-1f375f57b884ce,development_coordination,DE1-26-0000121,2026-05-06,2026-05,planning_application_created,CREATEDDATE,source_reported_event,0,0,2026-08-23,2026-08,2026-08-23,2026-08,2026-08-23,2026-08,1,1,Awaiting Client Reply,Design Exception 1,Design Exception 1,3208 E Dr Martin Luther King Jr Blvd,East Tampa 1,https://aca-prod.accela.com/TAMPA/Cap/CapDetail.aspx?Module=Planning&TabName=Planning&capID1=26CAP&capID2=00000&capID3=00Q33&agencyCode=TAMPA
rec-32dbc52b6b636f2f,DEVELOPMENT_COORDINATION|NATIVE|REZ-26-0000085,src-99e48ed07c5588a2,tpa-aa30fbe4837980,development_coordination,REZ-26-0000085,2026-05-18,2026-05,planning_application_created,CREATEDDATE,source_reported_event,0,0,2026-08-23,2026-08,2026-08-23,2026-08,2026-08-23,2026-08,1,1,In Process,Rezoning,Rezoning,5400 S West Shore Blvd,Gandy / Sun Bay South,https://aca-prod.accela.com/TAMPA/Cap/CapDetail.aspx?Module=Planning&TabName=Planning&capID1=26CAP&capID2=00000&capID3=00SAC&agencyCode=TAMPA
rec-413b9d0245e76844,DEVELOPMENT_COORDINATION|NATIVE|AB2-26-0000017,src-e04f7cdce1b72e20,tpa-d3e99507beea04,development_coordination,AB2-26-0000017,2026-05-06,2026-05,planning_application_created,CREATEDDATE,source_reported_event,0,0,2026-08-23,2026-08,2026-08-23,2026-08,2026-08-23,2026-08,1,1,In Process,AB Special Use 2,AB Special Use 2,1601 N Franklin St,,https://aca-prod.accela.com/TAMPA/Cap/CapDetail.aspx?Module=Planning&TabName=Planning&capID1=26CAP&capID2=00000&capID3=00Q5X&agencyCode=TAMPA
rec-4dee8f69d662b908,DEVELOPMENT_COORDINATION|NATIVE|LND-26-0000097,src-d7caac7bd49a9901,tpa-762f09e0f5e0f5,development_coordination,LND-26-0000097,2026-05-18,2026-05,planning_application_created,CREATEDDATE,source_reported_event,0,0,2026-08-23,2026-08,2026-08-23,2026-08,2026-08-23,2026-08,1,1,In Process,General Land Use,General Land Use,3812 Temple St,Grant Park,https://aca-prod.accela.com/TAMPA/Cap/CapDetail.aspx?Module=Planning&TabName=Planning&capID1=26CAP&capID2=00000&capID3=00SEL&agencyCode=TAMPA
rec-4f49e339c03faf71,DEVELOPMENT_COORDINATION|NATIVE|REZ-26-0000089,src-de7d76ebbf7f1699,tpa-0d363d1a4686bc,development_coordination,REZ-26-0000089,2026-05-18,2026-05,planning_application_created,CREATEDDATE,source_reported_event,0,0,2026-08-23,2026-08,2026-08-23,2026-08,2026-08-23,2026-08,1,1,In Process,Rezoning,Rezoning,6307 N Nebraska Ave,Old Seminole Heights,https://aca-prod.accela.com/TAMPA/Cap/CapDetail.aspx?Module=Planning&TabName=Planning&capID1=26CAP&capID2=00000&capID3=00SE4&agencyCode=TAMPA
rec-52cb106b313af854,DEVELOPMENT_COORDINATION|NATIVE|REZ-26-0000082,src-d961d70adddf5ce1,tpa-ee12ddc063a7d5,development_coordination,REZ-26-0000082,2026-05-01,2026-05,planning_application_created,CREATEDDATE,source_reported_event,0,0,2026-08-23,2026-08,2026-08-23,2026-08,2026-08-23,2026-08,1,1,In Process,Rezoning,Rezoning,620 W Dr Martin Luther King Jr Blvd,,https://aca-prod.accela.com/TAMPA/Cap/CapDetail.aspx?Module=Planning&TabName=Planning&capID1=26CAP&capID2=00000&capID3=00PE2&agencyCode=TAMPA
rec-7325384e03447a6a,DEVELOPMENT_COORDINATION|NATIVE|AB2-26-0000020,src-334c9fbe4b66ee22,tpa-6529994381fc99,development_coordination,AB2-26-0000020,2026-05-30,2026-05,planning_application_created,CREATEDDATE,source_reported_event,0,0,2026-08-23,2026-08,2026-08-23,2026-08,2026-08-23,2026-08,1,1,In Process,AB Special Use 2,AB Special Use 2,210 E Fowler Ave,,https://aca-prod.accela.com/TAMPA/Cap/CapDetail.aspx?Module=Planning&TabName=Planning&capID1=26CAP&capID2=00000&capID3=00US2&agencyCode=TAMPA
rec-7399cd12a3e17ea5,DEVELOPMENT_COORDINATION|NATIVE|VAC-26-0000015,src-d8b345d293512216,tpa-cda72cb79af181,development_coordination,VAC-26-0000015,2026-05-14,2026-05,planning_application_created,CREATEDDATE,source_reported_event,0,0,2026-08-23,2026-08,2026-08-23,2026-08,2026-08-23,2026-08,1,1,In Process,ROW Vacating,ROW Vacating,2602 E 4th Ave,Historic East Ybor and Gary,https://aca-prod.accela.com/TAMPA/Cap/CapDetail.aspx?Module=Planning&TabName=Planning&capID1=26CAP&capID2=00000&capID3=00RXN&agencyCode=TAMPA
rec-808764f6f1834bf8,DEVELOPMENT_COORDINATION|NATIVE|VRB-26-0000082,src-dc6fd4b5a08264db,tpa-d597fec42d10ad,development_coordination,VRB-26-0000082,2026-05-26,2026-05,planning_application_created,CREATEDDATE,source_reported_event,0,0,2026-08-23,2026-08,2026-08-23,2026-08,2026-08-23,2026-08,1,1,In Process,Variance Review Board,Variance Review Board,2108 W Ivy St,Bowman Heights,https://aca-prod.accela.com/TAMPA/Cap/CapDetail.aspx?Module=Planning&TabName=Planning&capID1=26CAP&capID2=00000&capID3=00TW2&agencyCode=TAMPA
rec-80b8225d2b106d4f,DEVELOPMENT_COORDINATION|NATIVE|DE1-26-0000126,src-c72d58272c1665a4,tpa-cc89d9d612002a,development_coordination,DE1-26-0000126,2026-05-14,2026-05,planning_application_created,CREATEDDATE,source_reported_event,0,0,2026-08-23,2026-08,2026-08-23,2026-08,2026-08-23,2026-08,1,1,In Process,Design Exception 1,Design Exception 1,3103 Holmes St,North Ybor,https://aca-prod.accela.com/TAMPA/Cap/CapDetail.aspx?Module=Planning&TabName=Planning&capID1=26CAP&capID2=00000&capID3=00RWG&agencyCode=TAMPA
rec-84fb504f9a2326a1,DEVELOPMENT_COORDINATION|NATIVE|AB2-26-0000019,src-e80c756eaa84eb4c,tpa-5dbf64c05c415d,development_coordination,AB2-26-0000019,2026-05-22,2026-05,planning_application_created,CREATEDDATE,source_reported_event,0,0,2026-08-23,2026-08,2026-08-23,2026-08,2026-08-23,2026-08,1,1,In Process,AB Special Use 2,AB Special Use 2,6207 S Dale Mabry Hwy,Gandy / Sun Bay South,https://aca-prod.accela.com/TAMPA/Cap/CapDetail.aspx?Module=Planning&TabName=Planning&capID1=26CAP&capID2=00000&capID3=00TKZ&agencyCode=TAMPA
rec-923d389a691783f0,DEVELOPMENT_COORDINATION|NATIVE|REZ-26-0000090,src-15f608fe582a567e,tpa-a9818716ddb431,development_coordination,REZ-26-0000090,2026-05-18,2026-05,planning_application_created,CREATEDDATE,source_reported_event,0,0,2026-08-23,2026-08,2026-08-23,2026-08,2026-08-23,2026-08,1,1,In Process,Rezoning,Rezoning,1302 W Swann Ave,Hyde Park Preservation,https://aca-prod.accela.com/TAMPA/Cap/CapDetail.aspx?Module=Planning&TabName=Planning&capID1=26CAP&capID2=00000&capID3=00SEB&agencyCode=TAMPA
rec-99b18f92fc2652b6,DEVELOPMENT_COORDINATION|NATIVE|REZ-26-0000086,src-db7e4dfd001288da,tpa-9de731ab4eab55,development_coordination,REZ-26-0000086,2026-05-18,2026-05,planning_application_created,CREATEDDATE,source_reported_event,0,0,2026-08-23,2026-08,2026-08-23,2026-08,2026-08-23,2026-08,1,1,In Process,Rezoning,Rezoning,2202 W Kennedy Blvd,South Howard,https://aca-prod.accela.com/TAMPA/Cap/CapDetail.aspx?Module=Planning&TabName=Planning&capID1=26CAP&capID2=00000&capID3=00SAI&agencyCode=TAMPA
rec-a5c846cc49088182,DEVELOPMENT_COORDINATION|NATIVE|SU1-26-0000054,src-3e7b2549875b6793,tpa-0648b4278f5933,development_coordination,SU1-26-0000054,2026-05-27,2026-05,planning_application_created,CREATEDDATE,source_reported_event,0,0,2026-08-23,2026-08,2026-08-23,2026-08,2026-08-23,2026-08,1,1,In Process,Special Use 1 - General,Special Use 1 - General,7709 N Ola Ave,Old Seminole Heights,https://aca-prod.accela.com/TAMPA/Cap/CapDetail.aspx?Module=Planning&TabName=Planning&capID1=26CAP&capID2=00000&capID3=00TYI&agencyCode=TAMPA
rec-a97c99a2876b83e3,DEVELOPMENT_COORDINATION|NATIVE|VRB-26-0000083,src-33674977fcd73e1b,tpa-7da8b42cf6ae43,development_coordination,VRB-26-0000083,2026-05-28,2026-05,planning_application_created,CREATEDDATE,source_reported_event,0,0,2026-08-23,2026-08,2026-08-23,2026-08,2026-08-23,2026-08,1,1,In Process,Variance Review Board,Variance Review Board,5832 Mariner St,Beach Park,https://aca-prod.accela.com/TAMPA/Cap/CapDetail.aspx?Module=Planning&TabName=Planning&capID1=26CAP&capID2=00000&capID3=00UFU&agencyCode=TAMPA
rec-ba9608aff7e9eea6,DEVELOPMENT_COORDINATION|NATIVE|VRB-26-0000081,src-3e5d0660a43fe5b7,tpa-92dd3750280103,development_coordination,VRB-26-0000081,2026-05-13,2026-05,planning_application_created,CREATEDDATE,source_reported_event,0,0,2026-08-23,2026-08,2026-08-23,2026-08,2026-08-23,2026-08,1,1,In Process,Variance Review Board,Variance Review Board,4005 W Cleveland St,Swann Estates,https://aca-prod.accela.com/TAMPA/Cap/CapDetail.aspx?Module=Planning&TabName=Planning&capID1=26CAP&capID2=00000&capID3=00RMX&agencyCode=TAMPA
rec-bab52553e3533dc6,DEVELOPMENT_COORDINATION|NATIVE|FDN-26-0000090,src-e7d219020a2509ae,tpa-0d3059c58bc29f,development_coordination,FDN-26-0000090,2026-05-06,2026-05,planning_application_created,CREATEDDATE,source_reported_event,0,0,2026-08-23,2026-08,2026-08-23,2026-08,2026-08-23,2026-08,1,1,In Process,Formal Decision,Formal Decision,709 E Crenshaw St,Old Seminole Heights,https://aca-prod.accela.com/TAMPA/Cap/CapDetail.aspx?Module=Planning&TabName=Planning&capID1=26CAP&capID2=00000&capID3=00Q8E&agencyCode=TAMPA
rec-c4918f43dbb043a6,DEVELOPMENT_COORDINATION|NATIVE|VRB-26-0000080,src-811f0ba3166a6a55,tpa-cc6365f5df184a,development_coordination,VRB-26-0000080,2026-05-12,2026-05,planning_application_created,CREATEDDATE,source_reported_event,0,0,2026-08-23,2026-08,2026-08-23,2026-08,2026-08-23,2026-08,1,1,In Process,Variance Review Board,Variance Review Board,3324 W San Miguel St S,Palma Ceia,https://aca-prod.accela.com/TAMPA/Cap/CapDetail.aspx?Module=Planning&TabName=Planning&capID1=26CAP&capID2=00000&capID3=00R8V&agencyCode=TAMPA
rec-daf13e44eb32de9a,DEVELOPMENT_COORDINATION|NATIVE|REZ-26-0000093,src-164d7b4fbb65b9f7,tpa-16f3f302cb10c8,development_coordination,REZ-26-0000093,2026-05-29,2026-05,planning_application_created,CREATEDDATE,source_reported_event,0,0,2026-08-23,2026-08,2026-08-23,2026-08,2026-08-23,2026-08,1,1,In Process,Rezoning,Rezoning,3108 W Empedrado St,Palma Ceia,https://aca-prod.accela.com/TAMPA/Cap/CapDetail.aspx?Module=Planning&TabName=Planning&capID1=26CAP&capID2=00000&capID3=00UO8&agencyCode=TAMPA
rec-04aebc7dc85e9d9b,SINGLE_FAMILY_PERMITS|NATIVE|BLD-26-0523823,src-8d279d44c10ad3dc,tpa-4337f7104d8fdc,single_family_permits,BLD-26-0523823,2026-05-09,2026-05,permit_issued,TASK_STATUS_DATE,source_reported_event,0,0,2026-08-23,2026-08,2026-08-23,2026-08,2026-08-23,2026-08,1,1,Issued | Issued,Residential New Construction and Additions (1 and 2 Family),Residential | New Construction and Additions | Building,7106 N Duncan Ave,Old Seminole Heights,https://arcgis.tampagov.net/arcgis/rest/services/OpenData/Planning/MapServer/32
rec-09bbfd43a7b54bef,SINGLE_FAMILY_PERMITS|NATIVE|BLD-26-0523981,src-b9faf380b872b687,tpa-05162442d5d31c,single_family_permits,BLD-26-0523981,2026-05-22,2026-05,permit_issued,TASK_STATUS_DATE,source_reported_event,0,0,2026-08-23,2026-08,2026-08-23,2026-08,2026-08-23,2026-08,1,1,Issued | Issued,Residential New Construction and Additions (1 and 2 Family),Residential | New Construction and Additions | Building,2832 W Bay Haven Dr,Ballast Point,https://arcgis.tampagov.net/arcgis/rest/services/OpenData/Planning/MapServer/32
rec-0bc7b987c69527a5,SINGLE_FAMILY_PERMITS|NATIVE|BLD-26-0522767,src-e7e4242e7ef58942,tpa-2a0ee014f79945,single_family_permits,BLD-26-0522767,2026-05-26,2026-05,permit_issued,TASK_STATUS_DATE,source_reported_event,0,0,2026-08-23,2026-08,2026-08-23,2026-08,2026-08-23,2026-08,1,1,Issued | Issued,Residential New Construction and Additions (1 and 2 Family),Residential | New Construction and Additions | Building,5828 Mariner St,Beach Park,https://arcgis.tampagov.net/arcgis/rest/services/OpenData/Planning/MapServer/32
rec-0c5c592affc26883,SINGLE_FAMILY_PERMITS|NATIVE|BLD-26-0522861,src-3b61b7c41e76f7dd,tpa-49869351fbf811,single_family_permits,BLD-26-0522861,2026-05-05,2026-05,permit_issued,TASK_STATUS_DATE,source_reported_event,0,0,2026-08-23,2026-08,2026-08-23,2026-08,2026-08-23,2026-08,1,1,Issued | Issued,Residential New Construction and Additions (1 and 2 Family),Residential | New Construction and Additions | Building,5010 W Longfellow Ave,Sunset Park,https://arcgis.tampagov.net/arcgis/rest/services/OpenData/Planning/MapServer/32
rec-17f85ed575fe38c1,SINGLE_FAMILY_PERMITS|NATIVE|BLD-26-0522320,src-8757ec734b9740db,tpa-d6fc99d8bb36a3,single_family_permits,BLD-26-0522320,2026-05-06,2026-05,permit_issued,TASK_STATUS_DATE,source_reported_event,0,0,2026-08-23,2026-08,2026-08-23,2026-08,2026-08-23,2026-08,1,1,Issued | Issued,Residential New Construction and Additions (1 and 2 Family),Residential | New Construction and Additions | Building,911 E Shadowlawn Ave,Southeast Seminole Heights,https://arcgis.tampagov.net/arcgis/rest/services/OpenData/Planning/MapServer/32
rec-1c9d193cb5032ad2,SINGLE_FAMILY_PERMITS|NATIVE|BLD-25-0513374,src-81510be72f687a49,tpa-6ddb25d7eb7ef2,single_family_permits,BLD-25-0513374,2026-05-06,2026-05,permit_issued,TASK_STATUS_DATE,source_reported_event,0,0,2026-08-23,2026-08,2026-08-23,2026-08,2026-08-23,2026-08,1,1,Issued | Issued,Residential New Construction and Additions (1 and 2 Family),Residential | New Construction and Additions | Building,2908 W Euclid Ave,Bayshore Beautiful,https://arcgis.tampagov.net/arcgis/rest/services/OpenData/Planning/MapServer/32
rec-1fd18421185b7c58,SINGLE_FAMILY_PERMITS|NATIVE|BLD-26-0521364,src-af7cae5a30378858,tpa-b16bb5dbe6bfa0,single_family_permits,BLD-26-0521364,2026-05-11,2026-05,permit_issued,TASK_STATUS_DATE,source_reported_event,0,0,2026-08-23,2026-08,2026-08-23,2026-08,2026-08-23,2026-08,1,1,Issued | Issued,Residential New Construction and Additions (1 and 2 Family),Residential | New Construction and Additions | Building,3203 W Saint John St,Macfarlane Park,https://arcgis.tampagov.net/arcgis/rest/services/OpenData/Planning/MapServer/32
rec-23ac22da41a43b75,SINGLE_FAMILY_PERMITS|NATIVE|BLD-26-0523530,src-f53e81c7afdff40d,tpa-1c7aeef625421c,single_family_permits,BLD-26-0523530,2026-05-01,2026-05,permit_issued,TASK_STATUS_DATE,source_reported_event,0,0,2026-08-23,2026-08,2026-08-23,2026-08,2026-08-23,2026-08,1,1,Issued | Issued,Residential New Construction and Additions (1 and 2 Family),Residential | New Construction and Additions | Building,3407 W Leona St,Palma Ceia,https://arcgis.tampagov.net/arcgis/rest/services/OpenData/Planning/MapServer/32
rec-26ba8d055f146ef1,SINGLE_FAMILY_PERMITS|NATIVE|BLD-22-0494664,src-ae1f3b243850759d,tpa-0433a4fc97b4f8,single_family_permits,BLD-22-0494664,2026-05-05,2026-05,permit_issued,TASK_STATUS_DATE,source_reported_event,0,0,2026-08-23,2026-08,2026-08-23,2026-08,2026-08-23,2026-08,1,1,Issued | Issued,Residential New Construction and Additions (1 and 2 Family),Residential | New Construction and Additions | Building,20 S Treasure Dr,Beach Park,https://arcgis.tampagov.net/arcgis/rest/services/OpenData/Planning/MapServer/32
rec-26e35ad581fd861a,SINGLE_FAMILY_PERMITS|NATIVE|BLD-26-0523203,src-2462893fcbd1c958,tpa-8b6f4b81492e85,single_family_permits,BLD-26-0523203,2026-05-06,2026-05,permit_issued,TASK_STATUS_DATE,source_reported_event,0,0,2026-08-23,2026-08,2026-08-23,2026-08,2026-08-23,2026-08,1,1,Revision | Issued,Residential New Construction and Additions (1 and 2 Family),Residential | New Construction and Additions | Building,705 W Amelia Ave,Ridgewood Park,https://arcgis.tampagov.net/arcgis/rest/services/OpenData/Planning/MapServer/32
rec-28e9536cad4493ec,SINGLE_FAMILY_PERMITS|NATIVE|BLD-26-0522805,src-2158b43e3edaed57,tpa-47caab8a1599c7,single_family_permits,BLD-26-0522805,2026-05-21,2026-05,permit_issued,TASK_STATUS_DATE,source_reported_event,0,0,2026-08-23,2026-08,2026-08-23,2026-08,2026-08-23,2026-08,1,1,Issued | Issued,Residential New Construction and Additions (1 and 2 Family),Residential | New Construction and Additions | Building,3303 W Marlin Ave,Interbay - South of Gandy,https://arcgis.tampagov.net/arcgis/rest/services/OpenData/Planning/MapServer/32
rec-323c2670f5bef46a,SINGLE_FAMILY_PERMITS|NATIVE|BLD-26-0521298,src-3ee2b98963b8ba2b,tpa-eff726797d593c,single_family_permits,BLD-26-0521298,2026-05-18,2026-05,permit_issued,TASK_STATUS_DATE,source_reported_event,0,0,2026-08-23,2026-08,2026-08-23,2026-08,2026-08-23,2026-08,1,1,Issued | Issued,Residential New Construction and Additions (1 and 2 Family),Residential | New Construction and Additions | Building,1019 E North St,Old Seminole Heights,https://arcgis.tampagov.net/arcgis/rest/services/OpenData/Planning/MapServer/32
rec-33a79d2bd8b71ab3,SINGLE_FAMILY_PERMITS|NATIVE|BLD-26-0521486,src-ee77afabd73fb61f,tpa-ba552821c3a2dc,single_family_permits,BLD-26-0521486,2026-05-27,2026-05,permit_issued,TASK_STATUS_DATE,source_reported_event,0,0,2026-08-23,2026-08,2026-08-23,2026-08,2026-08-23,2026-08,1,1,Issued | Issued,Residential New Construction and Additions (1 and 2 Family),Residential | New Construction and Additions | Building,1005 W Idlewild Ave,Old Seminole Heights,https://arcgis.tampagov.net/arcgis/rest/services/OpenData/Planning/MapServer/32
rec-33f04bf22e21490c,SINGLE_FAMILY_PERMITS|NATIVE|BLD-26-0519163,src-0b06385f5b977a49,tpa-0e76aa549d575a,single_family_permits,BLD-26-0519163,2026-05-22,2026-05,permit_issued,TASK_STATUS_DATE,source_reported_event,0,0,2026-08-23,2026-08,2026-08-23,2026-08,2026-08-23,2026-08,1,1,Issued | Issued,Residential New Construction and Additions (1 and 2 Family),Residential | New Construction and Additions | Building,3612 Garrison St,Grant Park,https://arcgis.tampagov.net/arcgis/rest/services/OpenData/Planning/MapServer/32
rec-36445b5f4a441e3f,SINGLE_FAMILY_PERMITS|NATIVE|BLD-26-0521581,src-3c207d446be4c0e2,tpa-fe64a07876f336,single_family_permits,BLD-26-0521581,2026-05-04,2026-05,permit_issued,TASK_STATUS_DATE,source_reported_event,0,0,2026-08-23,2026-08,2026-08-23,2026-08,2026-08-23,2026-08,1,1,Issued | Issued,Residential New Construction and Additions (1 and 2 Family),Residential | New Construction and Additions | Building,3222 W Saint Joseph St,Macfarlane Park,https://arcgis.tampagov.net/arcgis/rest/services/OpenData/Planning/MapServer/32
rec-386e3f72c567f195,SINGLE_FAMILY_PERMITS|NATIVE|BLD-26-0520721,src-72a8c8bb4d7853f0,tpa-4f5075257f31f8,single_family_permits,BLD-26-0520721,2026-05-27,2026-05,permit_issued,TASK_STATUS_DATE,source_reported_event,0,0,2026-08-23,2026-08,2026-08-23,2026-08,2026-08-23,2026-08,1,1,Issued | Issued,Residential New Construction and Additions (1 and 2 Family),Residential | New Construction and Additions | Building,11333 N Marjory Ave,East Forest Hills,https://arcgis.tampagov.net/arcgis/rest/services/OpenData/Planning/MapServer/32
rec-3c9439106f88f3b0,SINGLE_FAMILY_PERMITS|NATIVE|BLD-25-0518752,src-70e001b16df659ee,tpa-62a1bf88971672,single_family_permits,BLD-25-0518752,2026-05-06,2026-05,permit_issued,TASK_STATUS_DATE,source_reported_event,0,0,2026-08-23,2026-08,2026-08-23,2026-08,2026-08-23,2026-08,1,1,Issued | Issued,Residential New Construction and Additions (1 and 2 Family),Residential | New Construction and Additions | Building,61 Albemarle Ave,Davis Islands,https://arcgis.tampagov.net/arcgis/rest/services/OpenData/Planning/MapServer/32
rec-46067b2ebe832d3e,SINGLE_FAMILY_PERMITS|NATIVE|BLD-26-0524254,src-a12d7750b5b4b01e,tpa-602e5467b0ff6e,single_family_permits,BLD-26-0524254,2026-05-11,2026-05,permit_issued,TASK_STATUS_DATE,source_reported_event,0,0,2026-08-23,2026-08,2026-08-23,2026-08,2026-08-23,2026-08,1,1,Issued | Issued,Residential New Construction and Additions (1 and 2 Family),Residential | New Construction and Additions | Building,607 N Matanzas Ave,Oakford Park,https://arcgis.tampagov.net/arcgis/rest/services/OpenData/Planning/MapServer/32
rec-4d07ab2c15e60ca3,SINGLE_FAMILY_PERMITS|NATIVE|BLD-26-0521426,src-01eb9760456c0d2c,tpa-a5f7f3c93d3ab7,single_family_permits,BLD-26-0521426,2026-05-01,2026-05,permit_issued,TASK_STATUS_DATE,source_reported_event,0,0,2026-08-23,2026-08,2026-08-23,2026-08,2026-08-23,2026-08,1,1,Issued | Issued,Residential New Construction and Additions (1 and 2 Family),Residential | New Construction and Additions | Building,3701 E Powhatan Ave,Live Oaks Square,https://arcgis.tampagov.net/arcgis/rest/services/OpenData/Planning/MapServer/32
rec-4ef1d874d563bf37,SINGLE_FAMILY_PERMITS|NATIVE|BLD-26-0523806,src-1228de48fbec8810,tpa-c80f3ee83f25dc,single_family_permits,BLD-26-0523806,2026-05-22,2026-05,permit_issued,TASK_STATUS_DATE,source_reported_event,0,0,2026-08-23,2026-08,2026-08-23,2026-08,2026-08-23,2026-08,1,1,Issued | Issued,Residential New Construction and Additions (1 and 2 Family),Residential | New Construction and Additions | Building,3311 W Palmira Ave,Palma Ceia,https://arcgis.tampagov.net/arcgis/rest/services/OpenData/Planning/MapServer/32
rec-5241bbfb5f3212b5,SINGLE_FAMILY_PERMITS|NATIVE|BLD-26-0523569,src-574d5d4a8f05a764,tpa-d588224b19d2c8,single_family_permits,BLD-26-0523569,2026-05-06,2026-05,permit_issued,TASK_STATUS_DATE,source_reported_event,0,0,2026-08-23,2026-08,2026-08-23,2026-08,2026-08-23,2026-08,1,1,Issued | Issued,Residential New Construction and Additions (1 and 2 Family),Residential | New Construction and Additions | Building,211 N Excelda Ave,Armory Gardens,https://arcgis.tampagov.net/arcgis/rest/services/OpenData/Planning/MapServer/32
rec-531f1d3f9f164daa,SINGLE_FAMILY_PERMITS|NATIVE|BLD-26-0519332,src-bf9d9ff04f145486,tpa-1a62f1714694dc,single_family_permits,BLD-26-0519332,2026-05-15,2026-05,permit_issued,TASK_STATUS_DATE,source_reported_event,0,0,2026-08-23,2026-08,2026-08-23,2026-08,2026-08-23,2026-08,1,1,Revision | Issued,Residential New Construction and Additions (1 and 2 Family),Residential | New Construction and Additions | Building,4605 S Bartlett St,Bayshore Beautiful,https://arcgis.tampagov.net/arcgis/rest/services/OpenData/Planning/MapServer/32
rec-56b16f1500fe75a1,SINGLE_FAMILY_PERMITS|NATIVE|BLD-26-0521363,src-cee42c4230549475,tpa-be874703ee4a20,single_family_permits,BLD-26-0521363,2026-05-11,2026-05,permit_issued,TASK_STATUS_DATE,source_reported_event,0,0,2026-08-23,2026-08,2026-08-23,2026-08,2026-08-23,2026-08,1,1,Issued | Issued,Residential New Construction and Additions (1 and 2 Family),Residential | New Construction and Additions | Building,3201 W Saint John St,Macfarlane Park,https://arcgis.tampagov.net/arcgis/rest/services/OpenData/Planning/MapServer/32
rec-577112c2cba7ce59,SINGLE_FAMILY_PERMITS|NATIVE|BLD-25-0518263,src-e49edfbb9a248ee7,tpa-3fffd2b9db4775,single_family_permits,BLD-25-0518263,2026-05-22,2026-05,permit_issued,TASK_STATUS_DATE,source_reported_event,0,0,2026-08-23,2026-08,2026-08-23,2026-08,2026-08-23,2026-08,1,1,Issued | Issued,Residential New Construction and Additions (1 and 2 Family),Residential | New Construction and Additions | Building,3612 Garrison St,Grant Park,https://arcgis.tampagov.net/arcgis/rest/services/OpenData/Planning/MapServer/32
rec-592f6287df8b5d09,SINGLE_FAMILY_PERMITS|NATIVE|BLD-26-0524825,src-a060823fe21450a2,tpa-a204aefd9e968f,single_family_permits,BLD-26-0524825,2026-05-26,2026-05,permit_issued,TASK_STATUS_DATE,source_reported_event,0,0,2026-08-23,2026-08,2026-08-23,2026-08,2026-08-23,2026-08,1,1,Issued | Issued,Residential New Construction and Additions (1 and 2 Family),Residential | New Construction and Additions | Building,2705 W Collins St,West Tampa Heights (Stadium Area),https://arcgis.tampagov.net/arcgis/rest/services/OpenData/Planning/MapServer/32
rec-62c335e0944cd29e,SINGLE_FAMILY_PERMITS|NATIVE|BLD-26-0520658,src-49a1a661ab66d0dc,tpa-957691e0b214a5,single_family_permits,BLD-26-0520658,2026-05-29,2026-05,permit_issued,TASK_STATUS_DATE,source_reported_event,0,0,2026-08-23,2026-08,2026-08-23,2026-08,2026-08-23,2026-08,1,1,Issued | Issued,Residential New Construction and Additions (1 and 2 Family),Residential | New Construction and Additions | Building,3909 W Corona St,Virginia Park,https://arcgis.tampagov.net/arcgis/rest/services/OpenData/Planning/MapServer/32
rec-64ce3a3c0727ed3c,SINGLE_FAMILY_PERMITS|NATIVE|BLD-26-0522701,src-0c62bf724241fb6a,tpa-a5b9a3d0528238,single_family_permits,BLD-26-0522701,2026-05-06,2026-05,permit_issued,TASK_STATUS_DATE,source_reported_event,0,0,2026-08-23,2026-08,2026-08-23,2026-08,2026-08-23,2026-08,1,1,Issued | Issued,Residential New Construction and Additions (1 and 2 Family),Residential | New Construction and Additions | Building,2307 N Elcoe Dr,Wellswood,https://arcgis.tampagov.net/arcgis/rest/services/OpenData/Planning/MapServer/32
rec-691b4636712511d0,SINGLE_FAMILY_PERMITS|NATIVE|BLD-26-0522404,src-69be0e276053c545,tpa-11c59ecbb0efbd,single_family_permits,BLD-26-0522404,2026-05-05,2026-05,permit_issued,TASK_STATUS_DATE,source_reported_event,0,0,2026-08-23,2026-08,2026-08-23,2026-08,2026-08-23,2026-08,1,1,Issued | Issued,Residential New Construction and Additions (1 and 2 Family),Residential | New Construction and Additions | Building,4002 W Gray St,North Bon Air,https://arcgis.tampagov.net/arcgis/rest/services/OpenData/Planning/MapServer/32
rec-6aaa7b764692eebc,SINGLE_FAMILY_PERMITS|NATIVE|BLD-26-0523566,src-fb09d4188157d36c,tpa-6486334dfe8600,single_family_permits,BLD-26-0523566,2026-05-30,2026-05,permit_issued,TASK_STATUS_DATE,source_reported_event,0,0,2026-08-23,2026-08,2026-08-23,2026-08,2026-08-23,2026-08,1,1,Revision | Issued,Residential New Construction and Additions (1 and 2 Family),Residential | New Construction and Additions | Building,632 E Davis Blvd,Davis Islands,https://arcgis.tampagov.net/arcgis/rest/services/OpenData/Planning/MapServer/32
rec-6b31fa7fbff8884b,SINGLE_FAMILY_PERMITS|NATIVE|BLD-26-0522318,src-d8de4aaf6161fc0c,tpa-ce793ae7d6bb38,single_family_permits,BLD-26-0522318,2026-05-07,2026-05,permit_issued,TASK_STATUS_DATE,source_reported_event,0,0,2026-08-23,2026-08,2026-08-23,2026-08,2026-08-23,2026-08,1,1,Issued | Issued,Residential New Construction and Additions (1 and 2 Family),Residential | New Construction and Additions | Building,316 W Alfred St,Tampa Heights,https://arcgis.tampagov.net/arcgis/rest/services/OpenData/Planning/MapServer/32
rec-6bf00edb4bc73237,SINGLE_FAMILY_PERMITS|NATIVE|BLD-26-0523680,src-3ce5aaca496a2894,tpa-32ec774176436e,single_family_permits,BLD-26-0523680,2026-05-21,2026-05,permit_issued,TASK_STATUS_DATE,source_reported_event,0,0,2026-08-23,2026-08,2026-08-23,2026-08,2026-08-23,2026-08,1,1,Issued | Issued,Residential New Construction and Additions (1 and 2 Family),Residential | New Construction and Additions | Building,2424 E Ida St,East Tampa 1,https://arcgis.tampagov.net/arcgis/rest/services/OpenData/Planning/MapServer/32
rec-6d5f8379f7c5358f,SINGLE_FAMILY_PERMITS|NATIVE|BLD-26-0522870,src-a78c4f5a59fc3554,tpa-c1448e35513fa6,single_family_permits,BLD-26-0522870,2026-05-14,2026-05,permit_issued,TASK_STATUS_DATE,source_reported_event,0,0,2026-08-23,2026-08,2026-08-23,2026-08,2026-08-23,2026-08,1,1,Issued | Issued,Residential New Construction and Additions (1 and 2 Family),Residential | New Construction and Additions | Building,3309 Sevilla Cir E,Belmar Gardens,https://arcgis.tampagov.net/arcgis/rest/services/OpenData/Planning/MapServer/32
rec-7e621db5ca799265,SINGLE_FAMILY_PERMITS|NATIVE|BLD-26-0522548,src-26d98243faf87a21,tpa-76e76db499fe64,single_family_permits,BLD-26-0522548,2026-05-12,2026-05,permit_issued,TASK_STATUS_DATE,source_reported_event,0,0,2026-08-23,2026-08,2026-08-23,2026-08,2026-08-23,2026-08,1,1,Issued | Issued,Residential New Construction and Additions (1 and 2 Family),Residential | New Construction and Additions | Building,5117 W Platt St,Beach Park,https://arcgis.tampagov.net/arcgis/rest/services/OpenData/Planning/MapServer/32
rec-7f82d8f16a533e80,SINGLE_FAMILY_PERMITS|NATIVE|BLD-26-0522929,src-fd85f3fd2b7c137b,tpa-449884b54b0d1b,single_family_permits,BLD-26-0522929,2026-05-22,2026-05,permit_issued,TASK_STATUS_DATE,source_reported_event,0,0,2026-08-23,2026-08,2026-08-23,2026-08,2026-08-23,2026-08,1,1,Issued | Issued,Residential New Construction and Additions (1 and 2 Family),Residential | New Construction and Additions | Building,620 E Davis Blvd,Davis Islands,https://arcgis.tampagov.net/arcgis/rest/services/OpenData/Planning/MapServer/32
rec-83e5344f3acd9d82,SINGLE_FAMILY_PERMITS|NATIVE|BLD-26-0523772,src-d4c11f9de01aaa8e,tpa-86c7c11c15aa7d,single_family_permits,BLD-26-0523772,2026-05-29,2026-05,permit_issued,TASK_STATUS_DATE,source_reported_event,0,0,2026-08-23,2026-08,2026-08-23,2026-08,2026-08-23,2026-08,1,1,Issued | Issued,Residential New Construction and Additions (1 and 2 Family),Residential | New Construction and Additions | Building,3616 W Obispo St,Palma Ceia,https://arcgis.tampagov.net/arcgis/rest/services/OpenData/Planning/MapServer/32
rec-86f6611c05fdccc1,SINGLE_FAMILY_PERMITS|NATIVE|BLD-26-0519940,src-fb0740caee47e680,tpa-4315e871a7f00f,single_family_permits,BLD-26-0519940,2026-05-28,2026-05,permit_issued,TASK_STATUS_DATE,source_reported_event,0,0,2026-08-23,2026-08,2026-08-23,2026-08,2026-08-23,2026-08,1,1,Issued | Issued,Residential New Construction and Additions (1 and 2 Family),Residential | New Construction and Additions | Building,809 W Warren Ave,Riverside Heights,https://arcgis.tampagov.net/arcgis/rest/services/OpenData/Planning/MapServer/32
rec-8e599b2c6dd51153,SINGLE_FAMILY_PERMITS|NATIVE|BLD-26-0522906,src-fdb5fd5e595063cb,tpa-d06f00ff62362f,single_family_permits,BLD-26-0522906,2026-05-05,2026-05,permit_issued,TASK_STATUS_DATE,source_reported_event,0,0,2026-08-23,2026-08,2026-08-23,2026-08,2026-08-23,2026-08,1,1,Issued | Issued,Residential New Construction and Additions (1 and 2 Family),Residential | New Construction and Additions | Building,638 Riviera Dr,Davis Islands,https://arcgis.tampagov.net/arcgis/rest/services/OpenData/Planning/MapServer/32
rec-943cf2143434aaaf,SINGLE_FAMILY_PERMITS|NATIVE|BLD-26-0522692,src-3fda8db38afe9549,tpa-8afd6bf531261b,single_family_permits,BLD-26-0522692,2026-05-14,2026-05,permit_issued,TASK_STATUS_DATE,source_reported_event,0,0,2026-08-23,2026-08,2026-08-23,2026-08,2026-08-23,2026-08,1,1,Issued | Issued,Residential New Construction and Additions (1 and 2 Family),Residential | New Construction and Additions | Building,4313 N River View Ave,West Riverside Heights,https://arcgis.tampagov.net/arcgis/rest/services/OpenData/Planning/MapServer/32
rec-98607da88d6a8caa,SINGLE_FAMILY_PERMITS|NATIVE|BLD-26-0523888,src-068865e6647000a9,tpa-83782d068c1842,single_family_permits,BLD-26-0523888,2026-05-27,2026-05,permit_issued,TASK_STATUS_DATE,source_reported_event,0,0,2026-08-23,2026-08,2026-08-23,2026-08,2026-08-23,2026-08,1,1,Revision | Issued,Residential New Construction and Additions (1 and 2 Family),Residential | New Construction and Additions | Building,2604 W Watrous Ave,New Suburb Beautiful,https://arcgis.tampagov.net/arcgis/rest/services/OpenData/Planning/MapServer/32
rec-a2335c1bdc45b589,SINGLE_FAMILY_PERMITS|NATIVE|BLD-26-0519161,src-02dee401444493d1,tpa-3a5d351545a77a,single_family_permits,BLD-26-0519161,2026-05-22,2026-05,permit_issued,TASK_STATUS_DATE,source_reported_event,0,0,2026-08-23,2026-08,2026-08-23,2026-08,2026-08-23,2026-08,1,1,Issued | Issued,Residential New Construction and Additions (1 and 2 Family),Residential | New Construction and Additions | Building,3612 Garrison St,Grant Park,https://arcgis.tampagov.net/arcgis/rest/services/OpenData/Planning/MapServer/32
rec-a244e6ec4a1c27e5,SINGLE_FAMILY_PERMITS|NATIVE|BLD-26-0523271,src-538382e72c26de20,tpa-b6572cd1026062,single_family_permits,BLD-26-0523271,2026-05-28,2026-05,permit_issued,TASK_STATUS_DATE,source_reported_event,0,0,2026-08-23,2026-08,2026-08-23,2026-08,2026-08-23,2026-08,1,1,Issued | Issued,Residential New Construction and Additions (1 and 2 Family),Residential | New Construction and Additions | Building,3204 E Columbus Dr,Jackson Heights,https://arcgis.tampagov.net/arcgis/rest/services/OpenData/Planning/MapServer/32
rec-a47b64d31e9dafbe,SINGLE_FAMILY_PERMITS|NATIVE|BLD-25-0515485,src-bddb3873ac21757c,tpa-da1ebe8bb36da3,single_family_permits,BLD-25-0515485,2026-05-28,2026-05,permit_issued,TASK_STATUS_DATE,source_reported_event,0,0,2026-08-23,2026-08,2026-08-23,2026-08,2026-08-23,2026-08,1,1,Issued | Issued,Residential New Construction and Additions (1 and 2 Family),Residential | New Construction and Additions | Building,3229 W Saint John St,Macfarlane Park,https://arcgis.tampagov.net/arcgis/rest/services/OpenData/Planning/MapServer/32
rec-a50eb0010e6caac3,SINGLE_FAMILY_PERMITS|NATIVE|BLD-26-0521722,src-308465c4d26c9c40,tpa-36b1ff81498193,single_family_permits,BLD-26-0521722,2026-05-11,2026-05,permit_issued,TASK_STATUS_DATE,source_reported_event,0,0,2026-08-23,2026-08,2026-08-23,2026-08,2026-08-23,2026-08,1,1,Issued | Issued,Residential New Construction and Additions (1 and 2 Family),Residential | New Construction and Additions | Building,6800 N River Blvd,Old Seminole Heights,https://arcgis.tampagov.net/arcgis/rest/services/OpenData/Planning/MapServer/32
rec-afbc81fc2005d149,SINGLE_FAMILY_PERMITS|NATIVE|BLD-25-0518005,src-2467393e1f85598e,tpa-956e90fdface6d,single_family_permits,BLD-25-0518005,2026-05-26,2026-05,permit_issued,TASK_STATUS_DATE,source_reported_event,0,0,2026-08-23,2026-08,2026-08-23,2026-08,2026-08-23,2026-08,1,1,Issued | Issued,Residential New Construction and Additions (1 and 2 Family),Residential | New Construction and Additions | Building,3215 Serenity Estates Ln,Interbay - South of Gandy,https://arcgis.tampagov.net/arcgis/rest/services/OpenData/Planning/MapServer/32
rec-b118731bdb80bebd,SINGLE_FAMILY_PERMITS|NATIVE|BLD-25-0518262,src-8e34d60eb958dc5f,tpa-3f887726df0ff4,single_family_permits,BLD-25-0518262,2026-05-22,2026-05,permit_issued,TASK_STATUS_DATE,source_reported_event,0,0,2026-08-23,2026-08,2026-08-23,2026-08,2026-08-23,2026-08,1,1,Issued | Issued,Residential New Construction and Additions (1 and 2 Family),Residential | New Construction and Additions | Building,3612 Garrison St,Grant Park,https://arcgis.tampagov.net/arcgis/rest/services/OpenData/Planning/MapServer/32
rec-b2805a30645ea63d,SINGLE_FAMILY_PERMITS|NATIVE|BLD-26-0523605,src-d1dfbaac33bf1245,tpa-73555a6fd1afcc,single_family_permits,BLD-26-0523605,2026-05-29,2026-05,permit_issued,TASK_STATUS_DATE,source_reported_event,0,0,2026-08-23,2026-08,2026-08-23,2026-08,2026-08-23,2026-08,1,1,Issued | Issued,Residential New Construction and Additions (1 and 2 Family),Residential | New Construction and Additions | Building,4111 W Grace St,Carver City Lincoln Gardens,https://arcgis.tampagov.net/arcgis/rest/services/OpenData/Planning/MapServer/32
rec-b845a4c7a57b4b43,SINGLE_FAMILY_PERMITS|NATIVE|BLD-26-0524249,src-5fc89b4204ab60d0,tpa-6fd7f19befdce6,single_family_permits,BLD-26-0524249,2026-05-13,2026-05,permit_issued,TASK_STATUS_DATE,source_reported_event,0,0,2026-08-23,2026-08,2026-08-23,2026-08,2026-08-23,2026-08,1,1,Issued | Issued,Residential New Construction and Additions (1 and 2 Family),Residential | New Construction and Additions | Building,4110 W San Luis St,Virginia Park,https://arcgis.tampagov.net/arcgis/rest/services/OpenData/Planning/MapServer/32
rec-baf87050c321ccdf,SINGLE_FAMILY_PERMITS|NATIVE|BLD-26-0523370,src-faecf75ef95efbcd,tpa-459c678f1d03c1,single_family_permits,BLD-26-0523370,2026-05-26,2026-05,permit_issued,TASK_STATUS_DATE,source_reported_event,0,0,2026-08-23,2026-08,2026-08-23,2026-08,2026-08-23,2026-08,1,1,Issued | Issued,Residential New Construction and Additions (1 and 2 Family),Residential | New Construction and Additions | Building,1501 W Grace St,West Riverfront Neighborhood Crimewatch Association,https://arcgis.tampagov.net/arcgis/rest/services/OpenData/Planning/MapServer/32
rec-bf8fcdfbf48d799b,SINGLE_FAMILY_PERMITS|NATIVE|BLD-26-0523100,src-90378fa062b22dd0,tpa-b98f1cadf39fa3,single_family_permits,BLD-26-0523100,2026-05-15,2026-05,permit_issued,TASK_STATUS_DATE,source_reported_event,0,0,2026-08-23,2026-08,2026-08-23,2026-08,2026-08-23,2026-08,1,1,Issued | Issued,Residential New Construction and Additions (1 and 2 Family),Residential | New Construction and Additions | Building,672 Geneva Pl,Davis Islands,https://arcgis.tampagov.net/arcgis/rest/services/OpenData/Planning/MapServer/32
rec-c1923843bb34c569,SINGLE_FAMILY_PERMITS|NATIVE|BLD-26-0523318,src-a31d1caeb82a634f,tpa-38ef233a1cd67a,single_family_permits,BLD-26-0523318,2026-05-05,2026-05,permit_issued,TASK_STATUS_DATE,source_reported_event,0,0,2026-08-23,2026-08,2026-08-23,2026-08,2026-08-23,2026-08,1,1,Issued | Issued,Residential New Construction and Additions (1 and 2 Family),Residential | New Construction and Additions | Building,628 Jamaica Ave,Davis Islands,https://arcgis.tampagov.net/arcgis/rest/services/OpenData/Planning/MapServer/32
rec-c481cf5340ce34ea,SINGLE_FAMILY_PERMITS|NATIVE|BLD-25-0518501,src-860da15e09e4e918,tpa-229eff317e123e,single_family_permits,BLD-25-0518501,2026-05-06,2026-05,permit_issued,TASK_STATUS_DATE,source_reported_event,0,0,2026-08-23,2026-08,2026-08-23,2026-08,2026-08-23,2026-08,1,1,Revision | Issued,Residential New Construction and Additions (1 and 2 Family),Residential | New Construction and Additions | Building,626 Danube Ave,Davis Islands,https://arcgis.tampagov.net/arcgis/rest/services/OpenData/Planning/MapServer/32
rec-c8f4faa0dae9f014,SINGLE_FAMILY_PERMITS|NATIVE|BLD-26-0523737,src-c4ee8e16ed7409e3,tpa-1d35fe79209ef4,single_family_permits,BLD-26-0523737,2026-05-28,2026-05,permit_issued,TASK_STATUS_DATE,source_reported_event,0,0,2026-08-23,2026-08,2026-08-23,2026-08,2026-08-23,2026-08,1,1,Issued | Issued,Residential New Construction and Additions (1 and 2 Family),Residential | New Construction and Additions | Building,5028 W Longfellow Ave,Sunset Park,https://arcgis.tampagov.net/arcgis/rest/services/OpenData/Planning/MapServer/32
rec-c9c2e7cd329f05e5,SINGLE_FAMILY_PERMITS|NATIVE|BLD-26-0524268,src-8eb4c4765d4de87e,tpa-fd9ff070386d38,single_family_permits,BLD-26-0524268,2026-05-26,2026-05,permit_issued,TASK_STATUS_DATE,source_reported_event,0,0,2026-08-23,2026-08,2026-08-23,2026-08,2026-08-23,2026-08,1,1,Revision | Issued,Residential New Construction and Additions (1 and 2 Family),Residential | New Construction and Additions | Building,8010 N 14th St,Sulphur Springs,https://arcgis.tampagov.net/arcgis/rest/services/OpenData/Planning/MapServer/32
rec-d8d37b992252b8e7,SINGLE_FAMILY_PERMITS|NATIVE|BLD-26-0523485,src-bbe7e45febdc571a,tpa-81c5dd94d6444f,single_family_permits,BLD-26-0523485,2026-05-04,2026-05,permit_issued,TASK_STATUS_DATE,source_reported_event,0,0,2026-08-23,2026-08,2026-08-23,2026-08,2026-08-23,2026-08,1,1,Revision | Issued,Residential New Construction and Additions (1 and 2 Family),Residential | New Construction and Additions | Building,3509 W San Juan St,Palma Ceia,https://arcgis.tampagov.net/arcgis/rest/services/OpenData/Planning/MapServer/32
rec-d8f03933b5db43c2,SINGLE_FAMILY_PERMITS|NATIVE|BLD-25-0514784,src-5d00be94dc1abe05,tpa-0fde779fe2a9c4,single_family_permits,BLD-25-0514784,2026-05-12,2026-05,permit_issued,TASK_STATUS_DATE,source_reported_event,0,0,2026-08-23,2026-08,2026-08-23,2026-08,2026-08-23,2026-08,1,1,Issued | Issued,Residential New Construction and Additions (1 and 2 Family),Residential | New Construction and Additions | Building,8518 N Highland Ave,Lowry Park Central,https://arcgis.tampagov.net/arcgis/rest/services/OpenData/Planning/MapServer/32
rec-dd15d21d1c438f88,SINGLE_FAMILY_PERMITS|NATIVE|BLD-26-0522859,src-be425b07adaeb716,tpa-5f66445dd45e73,single_family_permits,BLD-26-0522859,2026-05-29,2026-05,permit_issued,TASK_STATUS_DATE,source_reported_event,0,0,2026-08-23,2026-08,2026-08-23,2026-08,2026-08-23,2026-08,1,1,Issued | Issued,Residential New Construction and Additions (1 and 2 Family),Residential | New Construction and Additions | Building,4714 W Bay Vista Ave,Bayside West,https://arcgis.tampagov.net/arcgis/rest/services/OpenData/Planning/MapServer/32
rec-df6f7244a2188830,SINGLE_FAMILY_PERMITS|NATIVE|BLD-24-0509896,src-22b47bc34bf9c830,tpa-649e4659d61c40,single_family_permits,BLD-24-0509896,2026-05-14,2026-05,permit_issued,TASK_STATUS_DATE,source_reported_event,0,0,2026-08-23,2026-08,2026-08-23,2026-08,2026-08-23,2026-08,1,1,Issued | Issued,Residential New Construction and Additions (1 and 2 Family),Residential | New Construction and Additions | Building,5013 N 29th St,East Tampa 1,https://arcgis.tampagov.net/arcgis/rest/services/OpenData/Planning/MapServer/32
rec-e063d94c18bcb4ff,SINGLE_FAMILY_PERMITS|NATIVE|BLD-26-0522553,src-7cf6529c922d8a53,tpa-7a2825941991ae,single_family_permits,BLD-26-0522553,2026-05-26,2026-05,permit_issued,TASK_STATUS_DATE,source_reported_event,0,0,2026-08-23,2026-08,2026-08-23,2026-08,2026-08-23,2026-08,1,1,Issued | Issued,Residential New Construction and Additions (1 and 2 Family),Residential | New Construction and Additions | Building,4011 E Curtis St,Eastern Heights,https://arcgis.tampagov.net/arcgis/rest/services/OpenData/Planning/MapServer/32
rec-e25f2def9fb9f4cd,SINGLE_FAMILY_PERMITS|NATIVE|BLD-26-0523482,src-9cba232113d07988,tpa-782dd496108c88,single_family_permits,BLD-26-0523482,2026-05-07,2026-05,permit_issued,TASK_STATUS_DATE,source_reported_event,0,0,2026-08-23,2026-08,2026-08-23,2026-08,2026-08-23,2026-08,1,1,Issued | Issued,Residential New Construction and Additions (1 and 2 Family),Residential | New Construction and Additions | Building,3209 W Grace St,Midtown Tampa,https://arcgis.tampagov.net/arcgis/rest/services/OpenData/Planning/MapServer/32
rec-e3e2b2a023694fed,SINGLE_FAMILY_PERMITS|NATIVE|BLD-26-0522790,src-2d680b10b4ce5967,tpa-4a4ebb4ad2bcd7,single_family_permits,BLD-26-0522790,2026-05-14,2026-05,permit_issued,TASK_STATUS_DATE,source_reported_event,0,0,2026-08-23,2026-08,2026-08-23,2026-08,2026-08-23,2026-08,1,1,Issued | Issued,Residential New Construction and Additions (1 and 2 Family),Residential | New Construction and Additions | Building,2926 W Ellis Dr,Ballast Point,https://arcgis.tampagov.net/arcgis/rest/services/OpenData/Planning/MapServer/32
rec-f30ea769faa7b4da,SINGLE_FAMILY_PERMITS|NATIVE|BLD-26-0522508,src-ca292c0046a3af98,tpa-c13c4f9b3cebf4,single_family_permits,BLD-26-0522508,2026-05-11,2026-05,permit_issued,TASK_STATUS_DATE,source_reported_event,0,0,2026-08-23,2026-08,2026-08-23,2026-08,2026-08-23,2026-08,1,1,Issued | Issued,Residential New Construction and Additions (1 and 2 Family),Residential | New Construction and Additions | Building,2908 W Rogers Ave,Ballast Point,https://arcgis.tampagov.net/arcgis/rest/services/OpenData/Planning/MapServer/32
rec-f57c859bca25a838,SINGLE_FAMILY_PERMITS|NATIVE|BLD-26-0523716,src-226c00624af66c01,tpa-f74e3d36b275bf,single_family_permits,BLD-26-0523716,2026-05-13,2026-05,permit_issued,TASK_STATUS_DATE,source_reported_event,0,0,2026-08-23,2026-08,2026-08-23,2026-08,2026-08-23,2026-08,1,1,Issued | Issued,Residential New Construction and Additions (1 and 2 Family),Residential | New Construction and Additions | Building,2422 E 20th Ave,North Ybor,https://arcgis.tampagov.net/arcgis/rest/services/OpenData/Planning/MapServer/32
rec-f9931c366a860ffd,SINGLE_FAMILY_PERMITS|NATIVE|BLD-26-0523736,src-bbfa96716c6ed908,tpa-54595021582fcd,single_family_permits,BLD-26-0523736,2026-05-22,2026-05,permit_issued,TASK_STATUS_DATE,source_reported_event,0,0,2026-08-23,2026-08,2026-08-23,2026-08,2026-08-23,2026-08,1,1,Issued | Issued,Residential New Construction and Additions (1 and 2 Family),Residential | New Construction and Additions | Building,3109 W Wyoming Ave,Interbay - South of Gandy,https://arcgis.tampagov.net/arcgis/rest/services/OpenData/Planning/MapServer/32
rec-fe2fa7f6871de056,SINGLE_FAMILY_PERMITS|NATIVE|BLD-26-0520772,src-b582bee65fcb8c27,tpa-d16e5ccdfd0989,single_family_permits,BLD-26-0520772,2026-05-29,2026-05,permit_issued,TASK_STATUS_DATE,source_reported_event,0,0,2026-08-23,2026-08,2026-08-23,2026-08,2026-08-23,2026-08,1,1,Issued | Issued,Residential New Construction and Additions (1 and 2 Family),Residential | New Construction and Additions | Building,4211 W Bay Vista Ave,FairOaks Manhattan,https://arcgis.tampagov.net/arcgis/rest/services/OpenData/Planning/MapServer/32
rec-fe3ecdd7f18d2c78,SINGLE_FAMILY_PERMITS|NATIVE|BLD-26-0523895,src-328a1283c357c763,tpa-70050aedd5cd92,single_family_permits,BLD-26-0523895,2026-05-12,2026-05,permit_issued,TASK_STATUS_DATE,source_reported_event,0,0,2026-08-23,2026-08,2026-08-23,2026-08,2026-08-23,2026-08,1,1,Issued | Issued,Residential New Construction and Additions (1 and 2 Family),Residential | New Construction and Additions | Building,3219 W Cherry St,Macfarlane Park,https://arcgis.tampagov.net/arcgis/rest/services/OpenData/Planning/MapServer/32
rec-ff65540ef7bc4c63,SINGLE_FAMILY_PERMITS|NATIVE|BLD-26-0523409,src-8c97ef4490b5c078,tpa-32c1befb626c58,single_family_permits,BLD-26-0523409,2026-05-07,2026-05,permit_issued,TASK_STATUS_DATE,source_reported_event,0,0,2026-08-23,2026-08,2026-08-23,2026-08,2026-08-23,2026-08,1,1,Issued | Issued,Residential New Construction and Additions (1 and 2 Family),Residential | New Construction and Additions | Building,4220 W Sevilla St,Virginia Park,https://arcgis.tampagov.net/arcgis/rest/services/OpenData/Planning/MapServer/32
