table,field,definition,data_type,unit,nullable,null_meaning,origin,source_field_or_derivation,valid_values,interpretation_warning
activity_by_month.csv,record_id,Stable hashed identifier for one cross-snapshot source-record identity.,text,,no,Never blank.,derived identifier,"SHA-1 of record_identity, truncated to 16 hexadecimal characters.",rec-*,"Identifies a published source record, not necessarily a real-world development."
activity_by_month.csv,record_identity,Comparison identity used to link the same source record across snapshots.,text,,no,Never blank.,derived identifier,"Source plus native ID, with GlobalID or OBJECTID disambiguation for duplicates.",Tracker-defined identity string.,An upstream identifier replacement can still split one record into two identities.
activity_by_month.csv,source_record_key,Current-release source feature key when the record is present in the processed release.,text,,yes,Blank for a historical record absent from the current processed release.,derived identifier,Copied from current source_records.csv by record identity.,src-* or blank.,Use record_id for cross-snapshot cohort work.
activity_by_month.csv,activity_id,Current normalized activity identifier linked to the source record when available.,text,,yes,Blank for a historical record absent from the current processed release.,derived identifier,Copied from current source_records.csv by record identity.,tpa-* or blank.,Activity IDs are a secondary analytical view and may change with entity-resolution rules.
activity_by_month.csv,source_name,Machine-readable name of the originating City GIS layer.,text,,no,Never blank.,source metadata,Retained from the latest snapshot containing the record.,One of the eight configured source names.,Source layers have different scopes and date semantics.
activity_by_month.csv,source_record_id,Native record or project identifier reported by the source.,text,,yes,Blank when the source supplied no usable native identifier.,source,Retained from the latest snapshot containing the record.,Source-defined.,May be reused or missing in upstream data.
activity_by_month.csv,event_date,Selected source-derived date used to assign the record to an event cohort.,date,,yes,Blank when no supported source date is available.,source/derived selection,Source-specific hierarchy documented in TEMPORAL_COHORTS.md.,ISO 8601 date.,Interpret only with event_date_type and event_date_basis; meanings differ across sources.
activity_by_month.csv,event_month,Calendar month derived from event_date.,year-month,,yes,Blank when event_date is blank.,derived,First seven characters of event_date.,YYYY-MM.,This is not the month TDR first observed the record.
activity_by_month.csv,event_date_type,Meaning assigned to the selected source date.,categorical text,,yes,Blank when no supported source date is available.,derived semantic label,Source-specific date-selection rule.,permit_issued; permit_application_opened; permit_record_created; planning_application_created; preservation_application_created; capital_actual_start; capital_planned_start; source_record_created,Do not pool different types as one homogeneous development-event measure.
activity_by_month.csv,event_date_source_field,Exact source attribute from which event_date was parsed.,text,,yes,Blank when event_date is blank.,source metadata,First valid field in the documented source-specific hierarchy.,Source field name.,Field names do not make unlike source concepts directly comparable.
activity_by_month.csv,event_date_basis,Broad evidence class for the selected event date.,categorical text,,yes,Blank when event_date is blank.,derived,Assigned from event_date_type.,source_reported_event; source_reported_plan; source_record_metadata,A plan or record-metadata date does not prove real-world work occurred.
activity_by_month.csv,event_date_is_planned,Whether event_date is explicitly a planned rather than observed date.,boolean/integer,,no,Never blank.,derived,1 only for a capital planned-start date; otherwise 0.,0; 1,A value of 0 does not independently validate that an underlying physical event occurred.
activity_by_month.csv,event_date_is_after_snapshot,Whether event_date falls after the snapshot supplying the row attributes.,boolean/integer,,no,Never blank.,derived,event_date greater than snapshot_date.,0; 1,Expected for some planned dates; unexpected values merit source-level review.
activity_by_month.csv,first_observed_date,First TDR snapshot date in which the record identity appears.,date,,no,Never blank.,TDR observation history,Minimum archived observation date for record_identity.,ISO 8601 date.,Does not identify when the record entered the City's system.
activity_by_month.csv,first_observed_month,Calendar month of first_observed_date.,year-month,,no,Never blank.,derived,First seven characters of first_observed_date.,YYYY-MM.,Newly observed by TDR is not necessarily newly created by the source.
activity_by_month.csv,last_observed_date,Most recent TDR snapshot date in which the record identity appears.,date,,no,Never blank.,TDR observation history,Maximum archived observation date for record_identity.,ISO 8601 date.,"A final observation does not prove deletion, cancellation, or completion."
activity_by_month.csv,last_observed_month,Calendar month of last_observed_date.,year-month,,no,Never blank.,derived,First seven characters of last_observed_date.,YYYY-MM.,"This is an observation month, not an underlying event month."
activity_by_month.csv,snapshot_date,Snapshot date supplying the source attributes represented in this row.,date,,no,Never blank.,TDR observation history,Latest snapshot containing record_identity.,ISO 8601 date.,Attributes may have had different values in earlier snapshots.
activity_by_month.csv,snapshot_month,Calendar month of the snapshot supplying the row attributes.,year-month,,no,Never blank.,derived,First seven characters of snapshot_date.,YYYY-MM.,"This is a TDR collection month, not an underlying event month."
activity_by_month.csv,observation_count,Number of distinct TDR snapshot dates containing the record identity.,integer,snapshots,no,Never blank.,derived,Count of distinct snapshot dates for record_identity.,Positive integer.,Snapshot cadence determines the observation opportunity count.
activity_by_month.csv,currently_observed,Whether the record appears in the latest available TDR snapshot.,boolean/integer,,no,Never blank.,derived,1 when last_observed_date equals the latest snapshot date; otherwise 0.,0; 1,"Absence from the latest layer does not prove deletion, cancellation, or completion."
activity_by_month.csv,status,Status text reported in the snapshot supplying this row.,text,,yes,Blank means unavailable.,source,Source-specific status fields normalized by snapshot_tracker.tracked_values().,Source-defined.,Status semantics differ across sources and snapshots.
activity_by_month.csv,project_name,"Project, application, or permit name reported in the snapshot supplying this row.",text,,yes,Blank means unavailable.,source,Source-specific name fields normalized by snapshot_tracker.tracked_values().,Source-defined.,Names are not standardized across source systems.
activity_by_month.csv,record_type,Record type reported in the snapshot supplying this row.,text,,yes,Blank means unavailable.,source,Source-specific type fields normalized by snapshot_tracker.tracked_values().,Source-defined.,Types are not harmonized across source systems.
activity_by_month.csv,address,Site address reported in the snapshot supplying this row.,text,,yes,Blank means unavailable.,source,ADDRESS or FULLADDRESS.,Source-defined street address.,Public but potentially sensitive; aggregate person-focused analyses.
activity_by_month.csv,neighborhood,City neighborhood label reported in the snapshot supplying this row.,text,,yes,Blank means unavailable.,source,NEIGHBORHOOD or Neighborhood.,City-defined label.,Not spatially recomputed against a boundary vintage.
activity_by_month.csv,source_url,"Public record, project, or layer URL available for the snapshot row.",URL,,no,Never blank because the source endpoint is used as a fallback.,source metadata,"URL, ProjectSiteURL, docpath, or source endpoint.",HTTP(S) URL.,The target can move or its live contents can change.
activity_id_aliases.csv,old_activity_id,Activity identifier assigned before cross-layer capital-project clustering.,text,,no,Never blank.,derived identifier,Pre-clustering activity_id.,tpa-*,Use new_activity_id for the current release.
activity_id_aliases.csv,new_activity_id,Current activity identifier after verified exact-name cross-layer capital clustering.,text,,no,Never blank.,derived identifier,Hash of the normalized capital-project name.,tpa-*,Several source records may map to this identifier.
activity_id_aliases.csv,cluster_basis,Rule used to replace the old activity identifier.,categorical text,,no,Never blank.,derived,Capital clustering rule.,connected_exact_normalized_project_names_across_capital_layers,"This is deterministic entity resolution, not universal master-project clustering."
activity_id_aliases.csv,cluster_key,Uppercase punctuation-normalized capital-project title used for clustering.,text,,no,Never blank.,derived,canonical_project_name(project_name).,Normalized title text.,Exact-name matching can still under-merge title variants.
activity_locations.csv,location_id,Stable key for one preserved source geometry.,text,,no,Never blank.,derived identifier,Hash of source-record key and source ordinal.,loc-*,An activity may have multiple locations.
activity_locations.csv,activity_id,Stable identifier for one normalized activity record; not a guaranteed master-project identifier.,text,,no,Never blank.,derived identifier,SHA-1-derived token from source family and native ID; invalid native IDs are isolated by source object.,tpa-*,Several activities may belong to one real development.
activity_locations.csv,source_record_key,Stable key for one source feature after privacy-field suppression.,text,,no,Never blank.,derived identifier,"Hash of source name, object/global IDs, and native record ID.",src-*,"Identifies a source feature, not a development."
activity_locations.csv,source_name,Machine-readable name of the originating City GIS layer.,text,,no,Never blank.,source metadata,Assigned from the extraction configuration.,construction_inspections; development_coordination; single_family_permits; historic_preservation; capital_*,"Layer names describe source systems, not ground-truth stages."
activity_locations.csv,source_record_id,"Native public record or project identifier supplied by the source, when available.",text,,yes,Blank means the source supplied no usable native identifier.,source,Source-specific record ID field.,Source-defined.,May be reused or missing in source data.
activity_locations.csv,source_object_id,ArcGIS OBJECTID for the source feature at retrieval time.,integer,,yes,Blank if the source omitted OBJECTID.,source,OBJECTID.,Non-negative integer.,ArcGIS OBJECTIDs are not guaranteed stable across republishing.
activity_locations.csv,geometry_type,GeoJSON geometry type supplied by the source.,categorical text,,yes,Blank means no geometry.,source,geometry.type.,Point; LineString; MultiLineString; Polygon; MultiPolygon.,Geometry types vary by layer.
activity_locations.csv,latitude,Latitude of the point feature or arithmetic centroid of the preserved source geometry.,decimal,degrees WGS84,yes,Blank means no geometry.,source/derived geometry,Point coordinate or average of geometry vertices.,Approximately 27.5 to 28.3.,Vertex-average centroids can fall outside complex line/polygon features.
activity_locations.csv,longitude,Longitude of the point feature or arithmetic centroid of the preserved source geometry.,decimal,degrees WGS84,yes,Blank means no geometry.,source/derived geometry,Point coordinate or average of geometry vertices.,Approximately -83.0 to -82.0.,Vertex-average centroids can fall outside complex line/polygon features.
activity_locations.csv,address,Site address reported by the source.,text,,yes,Blank means unavailable.,source,ADDRESS or FULLADDRESS.,Source-defined street address.,Public but potentially sensitive; aggregate person-focused analyses.
activity_locations.csv,unit,Unit or suite reported by the source.,text,,yes,Blank means unavailable or not applicable.,source,UNIT.,Source-defined.,Can increase re-identification risk.
activity_locations.csv,neighborhood,City neighborhood label reported by the source.,text,,yes,Blank means unavailable.,source,NEIGHBORHOOD/Neighborhood.,City-defined label.,Not spatially recomputed against a boundary vintage.
activity_locations.csv,cra,Community Redevelopment Area label reported by the source.,text,,yes,Blank means outside a reported CRA or unavailable; these are not distinguishable.,source,CRA.,City-defined label.,Blank must not automatically be interpreted as outside all CRAs.
activity_locations.csv,council_district,City Council district reported by the source.,text,,yes,Blank means unavailable.,source,COUNCIL/COUNCILDISTRICT.,Source-defined district.,District boundaries and assignments can change.
activity_locations.csv,geometry_geojson,Complete source geometry serialized as compact GeoJSON.,JSON text,,yes,Blank means no geometry.,source,Unmodified source geometry after WGS84 output request.,Valid GeoJSON geometry object.,Map geometry is not a legal survey.
activity_source_links.csv,activity_id,Stable identifier for one normalized activity record; not a guaranteed master-project identifier.,text,,no,Never blank.,derived identifier,SHA-1-derived token from source family and native ID; invalid native IDs are isolated by source object.,tpa-*,Several activities may belong to one real development.
activity_source_links.csv,source_record_key,Stable key for one source feature after privacy-field suppression.,text,,no,Never blank.,derived identifier,"Hash of source name, object/global IDs, and native record ID.",src-*,"Identifies a source feature, not a development."
activity_source_links.csv,source_name,Machine-readable name of the originating City GIS layer.,text,,no,Never blank.,source metadata,Assigned from the extraction configuration.,construction_inspections; development_coordination; single_family_permits; historic_preservation; capital_*,"Layer names describe source systems, not ground-truth stages."
activity_truth_status.csv,activity_id,Stable identifier for one normalized activity record; not a guaranteed master-project identifier.,text,,no,Never blank.,derived identifier,SHA-1-derived token from source family and native ID; invalid native IDs are isolated by source object.,tpa-*,Several activities may belong to one real development.
activity_truth_status.csv,physical_work_started,Whether qualifying evidence establishes that physical work started.,categorical text,,yes,Blank means unavailable or not yet reviewed; unknown is represented explicitly where required.,derived/source evidence,See GROUND_TRUTH_METHODOLOGY.md and scripts/ground_truth.py.,yes; no; unknown; not_applicable,Do not interpret absence or unknown as no; this field is not proof beyond its cited evidence.
activity_truth_status.csv,physical_work_completed,Whether qualifying evidence establishes that physical work completed.,categorical text,,yes,Blank means unavailable or not yet reviewed; unknown is represented explicitly where required.,derived/source evidence,See GROUND_TRUTH_METHODOLOGY.md and scripts/ground_truth.py.,yes; no; unknown; not_applicable,Do not interpret absence or unknown as no; this field is not proof beyond its cited evidence.
activity_truth_status.csv,certificate_of_occupancy_issued,Whether an official certificate-of-occupancy event is present.,categorical text,,yes,Blank means unavailable or not yet reviewed; unknown is represented explicitly where required.,derived/source evidence,See GROUND_TRUTH_METHODOLOGY.md and scripts/ground_truth.py.,yes; no; unknown; not_applicable,Do not interpret absence or unknown as no; this field is not proof beyond its cited evidence.
activity_truth_status.csv,final_inspection_passed,Whether an official passed-final-inspection event is present.,categorical text,,yes,Blank means unavailable or not yet reviewed; unknown is represented explicitly where required.,derived/source evidence,See GROUND_TRUTH_METHODOLOGY.md and scripts/ground_truth.py.,yes; no; unknown; not_applicable,Do not interpret absence or unknown as no; this field is not proof beyond its cited evidence.
activity_truth_status.csv,project_cancelled,"Whether an official cancelled, withdrawn, denied, or expired status is present.",categorical text,,yes,Blank means unavailable or not yet reviewed; unknown is represented explicitly where required.,derived/source evidence,See GROUND_TRUTH_METHODOLOGY.md and scripts/ground_truth.py.,yes; no; unknown; not_applicable,Do not interpret absence or unknown as no; this field is not proof beyond its cited evidence.
activity_truth_status.csv,completion_date,"Date of the qualifying completion event, when one exists.",text,,yes,Blank means unavailable or not yet reviewed; unknown is represented explicitly where required.,derived/source evidence,See GROUND_TRUTH_METHODOLOGY.md and scripts/ground_truth.py.,Protocol- or source-defined.,Do not interpret absence or unknown as no; this field is not proof beyond its cited evidence.
activity_truth_status.csv,verification_grade,Highest evidence-hierarchy grade supported by current evidence.,text,,yes,Blank means unavailable or not yet reviewed; unknown is represented explicitly where required.,derived/source evidence,See GROUND_TRUTH_METHODOLOGY.md and scripts/ground_truth.py.,A1; A2; A3; B1; B2; C; D; P; X; U,Do not interpret absence or unknown as no; this field is not proof beyond its cited evidence.
activity_truth_status.csv,verification_basis,Machine-readable explanation for the evidence grade.,text,,yes,Blank means unavailable or not yet reviewed; unknown is represented explicitly where required.,derived/source evidence,See GROUND_TRUTH_METHODOLOGY.md and scripts/ground_truth.py.,Protocol- or source-defined.,Do not interpret absence or unknown as no; this field is not proof beyond its cited evidence.
activity_truth_status.csv,verification_source,Source endpoint or evidence record used for the truth assessment.,text,,yes,Blank means unavailable or not yet reviewed; unknown is represented explicitly where required.,derived/source evidence,See GROUND_TRUTH_METHODOLOGY.md and scripts/ground_truth.py.,Protocol- or source-defined.,Do not interpret absence or unknown as no; this field is not proof beyond its cited evidence.
activity_truth_status.csv,verification_date,Date on which the cited evidence was assessed or retrieved.,text,,yes,Blank means unavailable or not yet reviewed; unknown is represented explicitly where required.,derived/source evidence,See GROUND_TRUTH_METHODOLOGY.md and scripts/ground_truth.py.,Protocol- or source-defined.,Do not interpret absence or unknown as no; this field is not proof beyond its cited evidence.
activity_truth_status.csv,verification_method,Method used to turn evidence into the truth-status fields.,text,,yes,Blank means unavailable or not yet reviewed; unknown is represented explicitly where required.,derived/source evidence,See GROUND_TRUTH_METHODOLOGY.md and scripts/ground_truth.py.,Protocol- or source-defined.,Do not interpret absence or unknown as no; this field is not proof beyond its cited evidence.
activity_truth_status.csv,building_year_supporting_evidence,Whether a compatible building-year inference exists as non-dispositive support.,text,,yes,Blank means unavailable or not yet reviewed; unknown is represented explicitly where required.,derived/source evidence,See GROUND_TRUTH_METHODOLOGY.md and scripts/ground_truth.py.,Protocol- or source-defined.,Do not interpret absence or unknown as no; this field is not proof beyond its cited evidence.
activity_truth_status.csv,human_review_status,Status of required human ground-truth review.,text,,yes,Blank means unavailable or not yet reviewed; unknown is represented explicitly where required.,derived/source evidence,See GROUND_TRUTH_METHODOLOGY.md and scripts/ground_truth.py.,Protocol- or source-defined.,Do not interpret absence or unknown as no; this field is not proof beyond its cited evidence.
bounded_census_records.csv,universe_id,Stable identifier for one explicitly bounded published-source universe.,text,,no,Never blank.,derived census metadata,Direct count or description of the bundled paginated City ArcGIS snapshot.,Source- or release-defined.,Completeness is limited to records returned by the named layer at retrieval.
bounded_census_records.csv,source_record_key,Stable key for one source feature after privacy-field suppression.,text,,no,Never blank.,derived identifier,"Hash of source name, object/global IDs, and native record ID.",src-*,"Identifies a source feature, not a development."
bounded_census_records.csv,source_name,Machine-readable name of the originating City GIS layer.,text,,no,Never blank.,source metadata,Assigned from the extraction configuration.,construction_inspections; development_coordination; single_family_permits; historic_preservation; capital_*,"Layer names describe source systems, not ground-truth stages."
bounded_census_records.csv,source_record_id,"Native public record or project identifier supplied by the source, when available.",text,,yes,Blank means the source supplied no usable native identifier.,source,Source-specific record ID field.,Source-defined.,May be reused or missing in source data.
bounded_census_records.csv,source_object_id,ArcGIS OBJECTID for the source feature at retrieval time.,integer,,yes,Blank if the source omitted OBJECTID.,source,OBJECTID.,Non-negative integer.,ArcGIS OBJECTIDs are not guaranteed stable across republishing.
bounded_census_records.csv,source_global_id,"ArcGIS GlobalID for the source feature, when supplied.",text,,yes,Blank if unavailable.,source,GlobalID.,UUID-like source value.,Source stability is not guaranteed by this dataset.
bounded_census_records.csv,activity_id,Stable identifier for one normalized activity record; not a guaranteed master-project identifier.,text,,no,Never blank.,derived identifier,SHA-1-derived token from source family and native ID; invalid native IDs are isolated by source object.,tpa-*,Several activities may belong to one real development.
bounded_census_records.csv,location_id,Stable key for one preserved source geometry.,text,,no,Never blank.,derived identifier,Hash of source-record key and source ordinal.,loc-*,An activity may have multiple locations.
bounded_census_records.csv,source_endpoint,Official ArcGIS service endpoint used to retrieve the contributing record.,URL,,no,Never blank for extracted records.,source metadata,Extraction configuration.,HTTPS URL.,Endpoint contents can change after the snapshot date.
bounded_census_records.csv,retrieved_at_utc,UTC timestamp when the source snapshot was assembled.,datetime,UTC,no,Never blank.,derived metadata,Build timestamp.,ISO 8601 timestamp.,"This is retrieval time, not activity time."
bounded_census_records.csv,geometry_type,GeoJSON geometry type supplied by the source.,categorical text,,yes,Blank means no geometry.,source,geometry.type.,Point; LineString; MultiLineString; Polygon; MultiPolygon.,Geometry types vary by layer.
bounded_census_records.csv,geometry_geojson,Complete source geometry serialized as compact GeoJSON.,JSON text,,yes,Blank means no geometry.,source,Unmodified source geometry after WGS84 output request.,Valid GeoJSON geometry object.,Map geometry is not a legal survey.
bounded_census_records.csv,properties_json,Source attributes serialized as JSON after configured contact/editor fields are removed.,JSON text,,yes,Blank only if a feature had no attributes.,source snapshot,All allowed source properties serialized without geometry.,Valid JSON object.,May contain other public attributes; inspect before person-level publication.
bounded_census_records.csv,record_inclusion_status,Whether the returned source feature is included in the census view.,categorical text,,no,Never blank.,derived census metadata,Direct count or description of the bundled paginated City ArcGIS snapshot.,Source- or release-defined.,Completeness is limited to records returned by the named layer at retrieval.
bounded_census_records.csv,attribute_scope,Description of which source attributes are retained.,text,,no,Never blank.,derived census metadata,Direct count or description of the bundled paginated City ArcGIS snapshot.,Source- or release-defined.,Completeness is limited to records returned by the named layer at retrieval.
bounded_census_summary.csv,bounded_census_id,Stable identifier for the combined eight-layer snapshot census.,text,,no,Never blank.,derived census metadata,Direct count or description of the bundled paginated City ArcGIS snapshot.,Source- or release-defined.,Completeness is limited to records returned by the named layer at retrieval.
bounded_census_summary.csv,source_universe_count,Number of independently named source universes in the release.,integer,features,no,Never blank.,derived census metadata,Direct count or description of the bundled paginated City ArcGIS snapshot.,Non-negative integer.,Completeness is limited to records returned by the named layer at retrieval.
bounded_census_summary.csv,published_feature_count,Total features returned across the named published layers.,integer,features,no,Never blank.,derived census metadata,Direct count or description of the bundled paginated City ArcGIS snapshot.,Non-negative integer.,Completeness is limited to records returned by the named layer at retrieval.
bounded_census_summary.csv,included_feature_count,Total returned features included in the bounded census.,integer,features,no,Never blank.,derived census metadata,Direct count or description of the bundled paginated City ArcGIS snapshot.,Non-negative integer.,Completeness is limited to records returned by the named layer at retrieval.
bounded_census_summary.csv,excluded_feature_count,Total returned features excluded from the bounded census.,integer,features,no,Never blank.,derived census metadata,Direct count or description of the bundled paginated City ArcGIS snapshot.,Non-negative integer.,Completeness is limited to records returned by the named layer at retrieval.
bounded_census_summary.csv,record_coverage_status,Whether every feature returned by the published layer query was retained.,categorical text,,no,Never blank.,derived census metadata,Direct count or description of the bundled paginated City ArcGIS snapshot.,complete; incomplete,Completeness is limited to records returned by the named layer at retrieval.
bounded_census_summary.csv,primary_unit,Primary unit to which the bounded-census claim applies.,text,,no,Never blank.,derived census metadata,Direct count or description of the bundled paginated City ArcGIS snapshot.,Source- or release-defined.,Completeness is limited to records returned by the named layer at retrieval.
bounded_census_summary.csv,valid_claim,Coverage statement supported by the source counts.,text,,no,Never blank.,derived census metadata,Direct count or description of the bundled paginated City ArcGIS snapshot.,Source- or release-defined.,Completeness is limited to records returned by the named layer at retrieval.
bounded_census_summary.csv,invalid_claim,Completeness statement outside the dataset's source boundary.,text,,no,Never blank.,derived census metadata,Direct count or description of the bundled paginated City ArcGIS snapshot.,Source- or release-defined.,Completeness is limited to records returned by the named layer at retrieval.
building_match_audit.csv,building_match_audit_id,Stable identifier for one building-match audit row.,text,,yes,Blank means unavailable or not yet reviewed; unknown is represented explicitly where required.,derived/source evidence,See GROUND_TRUTH_METHODOLOGY.md and scripts/ground_truth.py.,Protocol- or source-defined.,Do not interpret absence or unknown as no; this field is not proof beyond its cited evidence.
building_match_audit.csv,activity_id,Stable identifier for one normalized activity record; not a guaranteed master-project identifier.,text,,no,Never blank.,derived identifier,SHA-1-derived token from source family and native ID; invalid native IDs are isolated by source object.,tpa-*,Several activities may belong to one real development.
building_match_audit.csv,location_id,Stable key for one preserved source geometry.,text,,no,Never blank.,derived identifier,Hash of source-record key and source ordinal.,loc-*,An activity may have multiple locations.
building_match_audit.csv,building_object_id,ArcGIS OBJECTID of the matched City building-footprint feature.,integer,,yes,Blank is not used in the City-only release.,City building layer,OBJECTID.,Non-negative integer.,OBJECTID may change if the service is republished.
building_match_audit.csv,match_method,Rule that linked an activity location to a City building footprint.,categorical text,,no,Never blank.,derived,"Spatial containment, exact normalized address nearby, or nearest footprint threshold.",point_in_building_footprint; exact_address_nearby_footprint; nearest_footprint_within_35m,Methods await manual precision measurement.
building_match_audit.csv,match_confidence,Configured confidence tier for the building match method.,categorical text,,no,Never blank.,derived,High for containment/address; medium for nearest within 35 m.,high; medium,"This is heuristic confidence, not an empirical probability."
building_match_audit.csv,match_distance_m,Approximate distance between activity point and matched footprint reference point.,decimal,meters,no,Never blank; containment uses zero.,derived,"Haversine distance to footprint bounding-box center, except containment.",Non-negative number.,Distance to bounding-box center is not boundary distance.
building_match_audit.csv,normalized_address_agreement,Whether normalized activity and footprint addresses exactly agree.,text,,yes,Blank means unavailable or not yet reviewed; unknown is represented explicitly where required.,derived/source evidence,See GROUND_TRUTH_METHODOLOGY.md and scripts/ground_truth.py.,Protocol- or source-defined.,Do not interpret absence or unknown as no; this field is not proof beyond its cited evidence.
building_match_audit.csv,multiple_matched_buildings,Whether the activity has more than one matched footprint.,text,,yes,Blank means unavailable or not yet reviewed; unknown is represented explicitly where required.,derived/source evidence,See GROUND_TRUTH_METHODOLOGY.md and scripts/ground_truth.py.,Protocol- or source-defined.,Do not interpret absence or unknown as no; this field is not proof beyond its cited evidence.
building_match_audit.csv,geometry_check,Spatial rule used by the building match.,text,,yes,Blank means unavailable or not yet reviewed; unknown is represented explicitly where required.,derived/source evidence,See GROUND_TRUTH_METHODOLOGY.md and scripts/ground_truth.py.,Protocol- or source-defined.,Do not interpret absence or unknown as no; this field is not proof beyond its cited evidence.
building_match_audit.csv,historical_imagery_checked,Whether dated historical imagery was reviewed.,categorical text,,yes,Blank means unavailable or not yet reviewed; unknown is represented explicitly where required.,reviewer-entered,See GROUND_TRUTH_METHODOLOGY.md and scripts/ground_truth.py.,Protocol- or source-defined.,Do not interpret absence or unknown as no; this field is not proof beyond its cited evidence.
building_match_audit.csv,new_footprint_vs_addition,Reviewer judgment distinguishing a new footprint from an addition.,categorical text,,yes,Blank means unavailable or not yet reviewed; unknown is represented explicitly where required.,reviewer-entered,See GROUND_TRUTH_METHODOLOGY.md and scripts/ground_truth.py.,Protocol- or source-defined.,Do not interpret absence or unknown as no; this field is not proof beyond its cited evidence.
building_match_audit.csv,human_match_correct,Human judgment of building-match correctness.,categorical text,,yes,Blank means unavailable or not yet reviewed; unknown is represented explicitly where required.,reviewer-entered,See GROUND_TRUTH_METHODOLOGY.md and scripts/ground_truth.py.,Protocol- or source-defined.,Do not interpret absence or unknown as no; this field is not proof beyond its cited evidence.
building_match_audit.csv,reviewer_id,Reviewer-entered audit evidence or provenance.,text,,yes,Blank means not yet reviewed or not applicable.,reviewer-entered,See MANUAL_VALIDATION_PROTOCOL.md.,Protocol-defined.,Independent evidence URLs and reviewer provenance are required for completed judgments where specified.
building_match_audit.csv,reviewed_at_utc,UTC date or timestamp of the evidence review.,datetime,UTC,yes,Blank in the untouched manual sample; populated in completed pilot checks.,reviewer-entered,ISO 8601 UTC value.,ISO 8601 date or timestamp.,Evidence may change later.
building_match_audit.csv,evidence_url,Primary public URL supporting the verification judgment.,URL,,no,Never blank.,external evidence,Public-source review.,HTTP(S) URL.,Web content can change after the review date.
building_match_audit.csv,review_notes,Reviewer-entered audit evidence or provenance.,text,,yes,Blank means not yet reviewed or not applicable.,reviewer-entered,See MANUAL_VALIDATION_PROTOCOL.md.,Protocol-defined.,Independent evidence URLs and reviewer provenance are required for completed judgments where specified.
building_match_diagnostics.csv,match_method,Rule that linked an activity location to a City building footprint.,categorical text,,no,Never blank.,derived,"Spatial containment, exact normalized address nearby, or nearest footprint threshold.",point_in_building_footprint; exact_address_nearby_footprint; nearest_footprint_within_35m,Methods await manual precision measurement.
building_match_diagnostics.csv,match_confidence,Configured confidence tier for the building match method.,categorical text,,no,Never blank.,derived,High for containment/address; medium for nearest within 35 m.,high; medium,"This is heuristic confidence, not an empirical probability."
building_match_diagnostics.csv,match_count,"Workflow status, stratum count, or cited source for the table row.",text,,yes,Blank means unavailable or pending.,derived/source metadata,See the table-specific methodology documentation.,Table-defined.,Interpret only in the context of its table.
building_match_diagnostics.csv,exact_address_agreement_count,Rows in the stratum with exact normalized-address agreement.,text,,yes,Blank means unavailable or not yet reviewed; unknown is represented explicitly where required.,derived/source evidence,See GROUND_TRUTH_METHODOLOGY.md and scripts/ground_truth.py.,Protocol- or source-defined.,Do not interpret absence or unknown as no; this field is not proof beyond its cited evidence.
building_match_diagnostics.csv,multiple_building_activity_count,Rows in the stratum attached to a multi-match activity.,text,,yes,Blank means unavailable or not yet reviewed; unknown is represented explicitly where required.,derived/source evidence,See GROUND_TRUTH_METHODOLOGY.md and scripts/ground_truth.py.,Protocol- or source-defined.,Do not interpret absence or unknown as no; this field is not proof beyond its cited evidence.
building_match_diagnostics.csv,human_reviewed_count,Rows in the stratum with a completed human match judgment.,text,,yes,Blank means unavailable or not yet reviewed; unknown is represented explicitly where required.,derived/source evidence,See GROUND_TRUTH_METHODOLOGY.md and scripts/ground_truth.py.,Protocol- or source-defined.,Do not interpret absence or unknown as no; this field is not proof beyond its cited evidence.
building_match_diagnostics.csv,empirical_precision,Human-reviewed correct matches divided by reviewed matches.,text,,yes,Blank means unavailable or not yet reviewed; unknown is represented explicitly where required.,derived/source evidence,See GROUND_TRUTH_METHODOLOGY.md and scripts/ground_truth.py.,Protocol- or source-defined.,Do not interpret absence or unknown as no; this field is not proof beyond its cited evidence.
capital_budget_book_comparison.csv,city_project_id,Project identifier reported by a City capital source.,text,,no,Never blank for capital context rows.,source,Budget Book projid or core capital source_record_id.,Source-defined identifier.,Formatting and identifier systems can vary across City capital services.
capital_budget_book_comparison.csv,budget_book_context_record_ids,Context-row identifiers for all matching Budget Book records.,text,,yes,Blank means the project is absent from the Budget Book snapshot.,derived,"Exact city_project_id match, joined with semicolons when the source repeats a project ID.",One or more bbp- prefixed identifiers.,Absence does not mean that the project was never budgeted.
capital_budget_book_comparison.csv,budget_book_record_count,Number of Budget Book source rows carrying this project identifier.,integer,rows,yes,Zero means the project appears only in the core capital sources.,derived,Count of context records sharing city_project_id.,Non-negative integer.,Multiple rows can represent source duplication or distinct budget records and are retained without automatic consolidation.
capital_budget_book_comparison.csv,activity_id,Stable identifier for one normalized activity record; not a guaranteed master-project identifier.,text,,no,Never blank.,derived identifier,SHA-1-derived token from source family and native ID; invalid native IDs are isolated by source object.,tpa-*,Several activities may belong to one real development.
capital_budget_book_comparison.csv,master_project_id,Stable provisional identifier for a real-world master-project entity.,text,,yes,Blank means unavailable or not yet reviewed; unknown is represented explicitly where required.,derived/source evidence,See GROUND_TRUTH_METHODOLOGY.md and scripts/ground_truth.py.,Protocol- or source-defined.,Do not interpret absence or unknown as no; this field is not proof beyond its cited evidence.
capital_budget_book_comparison.csv,comparison_status,Relationship between a Budget Book record and the core capital-project snapshot.,categorical text,,no,Never blank.,derived,Exact project-identifier reconciliation.,matched_core_activity; budget_book_only; core_capital_only; ambiguous_multiple_core_activities,"This comparison concerns source records, not unique real-world projects."
capital_budget_book_comparison.csv,match_method,Rule used to connect records or spatial entities.,categorical text,,no,Never blank where a link exists.,derived,Table-specific exact identifier or building-footprint folio rule.,Table-defined.,A heuristic link is not a legal parcel or project determination.
capital_budget_book_comparison.csv,budget_book_status,Status reported by the Budget Book context source.,text,,yes,Blank means unavailable or no Budget Book record.,source,status.,Source-defined.,Status is an administrative label and does not prove physical completion.
capital_budget_book_comparison.csv,core_status,Status in the matched core activity snapshot.,text,,yes,Blank means no matched core activity.,source/derived,tampa_development_activity.status after exact identifier matching.,Source-defined.,The core activity can consolidate more than one source feature.
capital_budget_book_comparison.csv,budget_book_project_name,Project name reported by the Budget Book source.,text,,yes,Blank means unavailable.,source,projname.,Source-defined.,Names are descriptive and are not used as the primary match key.
capital_budget_book_comparison.csv,core_project_name,Project name in the matched core activity.,text,,yes,Blank means no matched activity.,source/derived,tampa_development_activity.project_name.,Source-defined.,Name differences are diagnostic and are not automatic contradictions.
capital_budget_book_comparison.csv,observed_at_utc,UTC time at which this source state was retrieved.,timestamp,UTC,no,Never blank.,source acquisition,Context snapshot completion time.,ISO 8601 UTC timestamp.,Observation time is not necessarily the underlying event time.
capital_budget_book_projects.csv,context_record_id,Stable identifier for one Budget Book context row.,text,,no,Never blank.,derived,SHA-1 of the Budget Book project identifier and source object identifier.,bbp- prefixed identifier.,"Identifies a context-source row, not a core census feature."
capital_budget_book_projects.csv,city_project_id,Project identifier reported by a City capital source.,text,,no,Never blank for capital context rows.,source,Budget Book projid or core capital source_record_id.,Source-defined identifier.,Formatting and identifier systems can vary across City capital services.
capital_budget_book_projects.csv,activity_id,Stable identifier for one normalized activity record; not a guaranteed master-project identifier.,text,,no,Never blank.,derived identifier,SHA-1-derived token from source family and native ID; invalid native IDs are isolated by source object.,tpa-*,Several activities may belong to one real development.
capital_budget_book_projects.csv,master_project_id,Stable provisional identifier for a real-world master-project entity.,text,,yes,Blank means unavailable or not yet reviewed; unknown is represented explicitly where required.,derived/source evidence,See GROUND_TRUTH_METHODOLOGY.md and scripts/ground_truth.py.,Protocol- or source-defined.,Do not interpret absence or unknown as no; this field is not proof beyond its cited evidence.
capital_budget_book_projects.csv,project_name,Project or application name as reported by the source.,text,,yes,Blank means unavailable.,source,Source-specific project-name field.,Source-defined.,Names are not standardized across layers.
capital_budget_book_projects.csv,description,Free-text project description reported by the source.,text,,yes,Blank means unavailable.,source,Source-specific description field.,Source-defined.,May be incomplete or use administrative language.
capital_budget_book_projects.csv,rationale,Project rationale reported by the Budget Book source.,text,,yes,Blank means unavailable.,source,rationale.,Source-defined text.,A stated rationale is not an independently evaluated outcome.
capital_budget_book_projects.csv,project_type,Capital-project type reported by the Budget Book source.,text,,yes,Blank means unavailable.,source,projtype.,Source-defined category.,Categories can differ from other City services and years.
capital_budget_book_projects.csv,fiscal_year,Fiscal year reported by the source.,text,,yes,Blank means unavailable.,source,fiscalyr.,Source-defined year or label.,Do not infer an exact event date from a fiscal-year label.
capital_budget_book_projects.csv,budget_year,Budget Book year reported by the source.,integer,year,yes,Blank means unavailable.,source,BudgetYear.,Four-digit year.,This is not necessarily the year money was spent.
capital_budget_book_projects.csv,funding_source,Capital-project funding description reported by the source.,text,,yes,Blank means unavailable or not applicable.,source,fundsource.,Source-defined.,Categories are not standardized.
capital_budget_book_projects.csv,funded_status,Whether the Budget Book source labels the project as funded.,text,,yes,Blank means unavailable.,source,funded.,"Source-defined, commonly Yes or No.",Funded status is not an expenditure or completion measure.
capital_budget_book_projects.csv,planned_start_date,Planned capital-project start date reported by the source.,date,,yes,Blank means unavailable or not applicable.,source/cleaned,planstart.,ISO 8601 date.,Planned dates may change and do not show actual starts.
capital_budget_book_projects.csv,planned_end_date,Planned capital-project end date reported by the source.,date,,yes,Blank means unavailable or not applicable.,source/cleaned,planend.,ISO 8601 date.,Planned dates may change and do not show completion.
capital_budget_book_projects.csv,actual_start_date,Actual project start date reported by the Budget Book source.,date,,yes,Blank means unavailable.,source,actstart.,ISO 8601 date.,Reported actual start is not independently verified.
capital_budget_book_projects.csv,actual_end_date,Actual project end date reported by the Budget Book source.,date,,yes,Blank means unavailable.,source,actend.,ISO 8601 date.,Reported actual end is not treated as proof of final inspection or occupancy.
capital_budget_book_projects.csv,project_phase,Capital-project phase reported by the source.,text,,yes,Blank means unavailable.,source,projphase.,Source-defined.,"Closeout is an administrative phase, not necessarily physical completion."
capital_budget_book_projects.csv,status,Status text reported by the source at retrieval.,text,,yes,Blank means unavailable.,source,Source-specific status field.,Source-defined.,Status semantics differ across sources.
capital_budget_book_projects.csv,estimated_cost_usd,Estimated project cost reported for City capital projects.,decimal,nominal USD,yes,"Blank means unavailable, not zero.",source,estcost.,Non-negative amount.,Not available for most private permits and not comparable to realized expenditure.
capital_budget_book_projects.csv,reported_actual_cost_usd,Actual-cost value reported by the Budget Book source.,decimal,nominal USD,yes,"Blank means unavailable, not zero.",source,actcost where positive.,Positive amount.,The field is a reported value and is not independently audited.
capital_budget_book_projects.csv,contract_number,Contract identifier reported by the capital source.,text,,yes,Blank means unavailable.,source,ContractNumber.,Source-defined.,One contract can relate to multiple projects and vice versa.
capital_budget_book_projects.csv,department_project_number,Department-specific project number reported by the Budget Book source.,text,,yes,Blank means unavailable.,source,DepPrjNum.,Source-defined.,Not interchangeable with city_project_id without verification.
capital_budget_book_projects.csv,activity_status,Detailed activity-status label reported by the Budget Book source.,text,,yes,Blank means unavailable.,source,ActivityStatus.,Source-defined.,May describe an administrative or financial stage rather than construction.
capital_budget_book_projects.csv,neighborhood,City neighborhood label reported by the source.,text,,yes,Blank means unavailable.,source,NEIGHBORHOOD/Neighborhood.,City-defined label.,Not spatially recomputed against a boundary vintage.
capital_budget_book_projects.csv,council_district,City Council district reported by the source.,text,,yes,Blank means unavailable.,source,COUNCIL/COUNCILDISTRICT.,Source-defined district.,District boundaries and assignments can change.
capital_budget_book_projects.csv,cra,Community Redevelopment Area label reported by the source.,text,,yes,Blank means outside a reported CRA or unavailable; these are not distinguishable.,source,CRA.,City-defined label.,Blank must not automatically be interpreted as outside all CRAs.
capital_budget_book_projects.csv,project_document_url,Project-document URL reported by the Budget Book source.,URL,,yes,Blank means unavailable.,source,docpath.,HTTPS URL or source-provided text.,Links can move or expire.
capital_budget_book_projects.csv,project_site_url,Project-site or linked-document URL extracted from the source field.,URL,,yes,Blank means unavailable.,source/cleaned,URL extracted from ProjectSiteURL HTML when present.,HTTPS URL.,The linked page or document can change after retrieval.
capital_budget_book_projects.csv,source_record_last_edited_at_utc,Last-edited timestamp reported for the source record.,timestamp,UTC,yes,Blank means unavailable.,source,EditDate or equivalent.,ISO 8601 UTC timestamp.,Does not identify which field changed.
capital_budget_book_projects.csv,source_url,"Public record or project-detail URL supplied by the source, when available.",URL,,yes,Blank means no record-level URL was supplied.,source,Source URL field.,HTTP(S) URL.,A URL may later move or expire.
capital_budget_book_projects.csv,observed_at_utc,UTC time at which this source state was retrieved.,timestamp,UTC,no,Never blank.,source acquisition,Context snapshot completion time.,ISO 8601 UTC timestamp.,Observation time is not necessarily the underlying event time.
capital_budget_book_projects.csv,geometry_geojson,Complete source geometry serialized as compact GeoJSON.,JSON text,,yes,Blank means no geometry.,source,Unmodified source geometry after WGS84 output request.,Valid GeoJSON geometry object.,Map geometry is not a legal survey.
completeness_benchmarks.csv,period,Benchmark reporting period label.,text,,no,Never blank.,source metadata,Fiscal-year label from the cited utilization report.,FY24; FY25,Compared GIS count uses calendar-year creation dates.
completeness_benchmarks.csv,official_building_permits_issued_or_approved,City-reported total permits issued or approved in the fiscal year.,integer,permits,no,Never blank.,external official benchmark,Value transcribed from cited City utilization report.,Non-negative integer.,Denominator includes permit categories absent from the GIS display layer.
completeness_benchmarks.csv,gis_construction_records_created_in_calendar_year,Count of extracted construction-layer activities with record-created year equal to the benchmark year.,integer,records,no,Never blank.,derived,Count from construction_inspections source membership and record_created_date.,Non-negative integer.,Calendar-year numerator is not directly comparable to fiscal-year permit total.
completeness_benchmarks.csv,diagnostic_ratio_not_coverage_rate,"GIS record count divided by official permit total, provided only to demonstrate denominator mismatch.",decimal,ratio,no,Never blank.,derived,gis_construction_records_created_in_calendar_year / official_building_permits_issued_or_approved.,0 to 1.,Must not be reported as an estimated coverage rate.
completeness_benchmarks.csv,comparability,Explanation of why the two benchmark counts are not directly comparable.,text,,no,Never blank.,documentation,Fixed release note.,Free text.,Read before using the diagnostic ratio.
completeness_benchmarks.csv,conclusion,Interpretive conclusion supported by the benchmark comparison.,text,,no,Never blank.,documentation,Fixed release note.,Free text.,Does not quantify exact missingness.
completeness_benchmarks.csv,official_source,Official City URL supporting the benchmark total.,URL,,no,Never blank.,source metadata,Utilization-report URL.,HTTPS URL.,Reports may be revised or moved.
development_events.csv,event_id,Stable identifier for one dated or undated development event.,text,,yes,Blank means unavailable or not yet reviewed; unknown is represented explicitly where required.,derived/source evidence,See GROUND_TRUTH_METHODOLOGY.md and scripts/ground_truth.py.,Protocol- or source-defined.,Do not interpret absence or unknown as no; this field is not proof beyond its cited evidence.
development_events.csv,activity_id,Stable identifier for one normalized activity record; not a guaranteed master-project identifier.,text,,no,Never blank.,derived identifier,SHA-1-derived token from source family and native ID; invalid native IDs are isolated by source object.,tpa-*,Several activities may belong to one real development.
development_events.csv,master_project_id,Stable provisional identifier for a real-world master-project entity.,text,,yes,Blank means unavailable or not yet reviewed; unknown is represented explicitly where required.,derived/source evidence,See GROUND_TRUTH_METHODOLOGY.md and scripts/ground_truth.py.,Protocol- or source-defined.,Do not interpret absence or unknown as no; this field is not proof beyond its cited evidence.
development_events.csv,source_record_key,Stable key for one source feature after privacy-field suppression.,text,,no,Never blank.,derived identifier,"Hash of source name, object/global IDs, and native record ID.",src-*,"Identifies a source feature, not a development."
development_events.csv,source_record_id,"Native public record or project identifier supplied by the source, when available.",text,,yes,Blank means the source supplied no usable native identifier.,source,Source-specific record ID field.,Source-defined.,May be reused or missing in source data.
development_events.csv,event_type,Normalized development-event category.,text,,yes,Blank means unavailable or not yet reviewed; unknown is represented explicitly where required.,derived/source evidence,See GROUND_TRUTH_METHODOLOGY.md and scripts/ground_truth.py.,actual_end_reported; actual_start_reported; application_denied; application_filed; application_withdrawn; capital_phase_reported; certificate_of_occupancy_issued; construction_completion_reported; construction_started_reported; final_inspection_passed; hearing_scheduled; inspection_failed; inspection_passed; permit_cancelled; permit_closed; permit_expired; permit_issued; permit_issued_reported; permit_revision_reported; planned_end_reported; planned_start_reported; project_closeout_reported; source_record_observed; temporary_co_issued,Do not interpret absence or unknown as no; this field is not proof beyond its cited evidence.
development_events.csv,event_date,Date reported for the event.,text,,yes,Blank means unavailable or not yet reviewed; unknown is represented explicitly where required.,derived/source evidence,See GROUND_TRUTH_METHODOLOGY.md and scripts/ground_truth.py.,Protocol- or source-defined.,Do not interpret absence or unknown as no; this field is not proof beyond its cited evidence.
development_events.csv,source_status_raw,Unmodified status text reported by the contributing source record.,text,,yes,Blank means unavailable or not yet reviewed; unknown is represented explicitly where required.,derived/source evidence,See GROUND_TRUTH_METHODOLOGY.md and scripts/ground_truth.py.,Protocol- or source-defined.,Do not interpret absence or unknown as no; this field is not proof beyond its cited evidence.
development_events.csv,normalized_stage,Activity stage produced by the release normalization rules.,text,,yes,Blank means unavailable or not yet reviewed; unknown is represented explicitly where required.,derived/source evidence,See GROUND_TRUTH_METHODOLOGY.md and scripts/ground_truth.py.,Protocol- or source-defined.,Do not interpret absence or unknown as no; this field is not proof beyond its cited evidence.
development_events.csv,evidence_url,Primary public URL supporting the verification judgment.,URL,,no,Never blank.,external evidence,Public-source review.,HTTP(S) URL.,Web content can change after the review date.
development_events.csv,source_name,Machine-readable name of the originating City GIS layer.,text,,no,Never blank.,source metadata,Assigned from the extraction configuration.,construction_inspections; development_coordination; single_family_permits; historic_preservation; capital_*,"Layer names describe source systems, not ground-truth stages."
development_events.csv,observed_at_utc,UTC time at which this source state was retrieved.,timestamp,UTC,no,Never blank.,source acquisition,Context snapshot completion time.,ISO 8601 UTC timestamp.,Observation time is not necessarily the underlying event time.
development_events.csv,evidence_strength,Evidence category describing the source support for the event.,categorical text,,no,Never blank.,derived,Conservative source-evidence classification.,official_source_observation; official_reported_date; official_lifecycle_record,"Strength concerns provenance, not independent truth verification."
development_events.csv,is_inferred,Whether the event meaning or timing was inferred rather than explicitly reported.,boolean text,,no,Never blank.,derived,yes when a normalized event is inferred from status text; otherwise no.,yes; no,An inferred event must not be treated as equivalent to a dated official event.
development_events.csv,source_field,Source field or fields supporting the normalized event.,text,,yes,Blank means unavailable or not yet reviewed; unknown is represented explicitly where required.,derived/source evidence,See GROUND_TRUTH_METHODOLOGY.md and scripts/ground_truth.py.,Protocol- or source-defined.,Do not interpret absence or unknown as no; this field is not proof beyond its cited evidence.
development_events.csv,event_value,Source value represented by the normalized event.,text,,yes,Blank means unavailable or not yet reviewed; unknown is represented explicitly where required.,derived/source evidence,See GROUND_TRUTH_METHODOLOGY.md and scripts/ground_truth.py.,Protocol- or source-defined.,Do not interpret absence or unknown as no; this field is not proof beyond its cited evidence.
development_events.csv,interpretation_note,Conservative note limiting interpretation of the event.,text,,yes,Blank means unavailable or not yet reviewed; unknown is represented explicitly where required.,derived/source evidence,See GROUND_TRUTH_METHODOLOGY.md and scripts/ground_truth.py.,Protocol- or source-defined.,Do not interpret absence or unknown as no; this field is not proof beyond its cited evidence.
external_verification_pilot.csv,verification_id,Stable identifier for one externally checked pilot claim.,text,,no,Never blank.,verification workflow,Assigned in the v0.4 external evidence audit.,verify-*,Pilot claims are not a population accuracy estimate.
external_verification_pilot.csv,audit_sample_id,Identifier or metadata for the manual-validation audit row.,text,,yes,Blank until human review where applicable.,audit workflow,See MANUAL_VALIDATION_PROTOCOL.md.,Protocol-defined.,Not a validation result until completed by a reviewer.
external_verification_pilot.csv,activity_id,Stable identifier for one normalized activity record; not a guaranteed master-project identifier.,text,,no,Never blank.,derived identifier,SHA-1-derived token from source family and native ID; invalid native IDs are isolated by source object.,tpa-*,Several activities may belong to one real development.
external_verification_pilot.csv,source_record_id,"Native public record or project identifier supplied by the source, when available.",text,,yes,Blank means the source supplied no usable native identifier.,source,Source-specific record ID field.,Source-defined.,May be reused or missing in source data.
external_verification_pilot.csv,claim_tested,Specific dataset assertion compared with external public evidence.,text,,no,Never blank.,verification workflow,Defined before evaluating the cited evidence.,Free text.,Only the stated claim was evaluated.
external_verification_pilot.csv,dataset_value,Dataset value or assertion subjected to the external check.,text,,no,Never blank.,dataset snapshot,Copied from the referenced activity.,Free text.,Interpret together with claim_tested.
external_verification_pilot.csv,evidence_result,Outcome of comparing the stated claim with the cited evidence.,categorical text,,no,Never blank.,verification workflow,Evidence review documented in VERIFICATION_REPORT.md.,supported; contradicted; inconclusive,Supported does not imply physical completion unless separately stated.
external_verification_pilot.csv,evidence_type,Provenance category of the external evidence.,categorical text,,no,Never blank.,verification workflow,Classified from the cited publisher/source.,authoritative_city_page; authoritative_city_news; independent_city_data_mirror; third_party_permit_aggregation,City pages can reflect the same administrative system as the GIS layer.
external_verification_pilot.csv,evidence_url,Primary public URL supporting the verification judgment.,URL,,no,Never blank.,external evidence,Public-source review.,HTTP(S) URL.,Web content can change after the review date.
external_verification_pilot.csv,secondary_evidence_url,Optional second public URL used to corroborate the judgment.,URL,,yes,Blank means one evidence source was used.,external evidence,Public-source review.,HTTP(S) URL.,A second URL is not necessarily independent of the first.
external_verification_pilot.csv,physical_realization_verified,Whether the cited evidence independently establishes physical work for this claim.,categorical text,,no,Never blank.,verification workflow,Conservative evidence assessment.,yes; partial; no; not_applicable; not_established,Administrative closeout alone is recorded as not_established.
external_verification_pilot.csv,review_method,Method and reviewer class used for the pilot check.,text,,no,Never blank.,verification provenance,Recorded for the v0.4 audit.,AI-assisted public-web evidence review,This is not a blinded human ground-truth review.
external_verification_pilot.csv,reviewed_at_utc,UTC date or timestamp of the evidence review.,datetime,UTC,yes,Blank in the untouched manual sample; populated in completed pilot checks.,reviewer-entered,ISO 8601 UTC value.,ISO 8601 date or timestamp.,Evidence may change later.
external_verification_pilot.csv,verification_notes,Concise explanation of what the cited evidence does and does not establish.,text,,no,Never blank.,verification workflow,Written during evidence review.,Free text.,Read before generalizing the result.
investment_amounts.csv,amount_id,Stable identifier for one reported monetary amount.,text,,yes,Blank means unavailable or not yet reviewed; unknown is represented explicitly where required.,derived/source evidence,See GROUND_TRUTH_METHODOLOGY.md and scripts/ground_truth.py.,Protocol- or source-defined.,Do not interpret absence or unknown as no; this field is not proof beyond its cited evidence.
investment_amounts.csv,activity_id,Stable identifier for one normalized activity record; not a guaranteed master-project identifier.,text,,no,Never blank.,derived identifier,SHA-1-derived token from source family and native ID; invalid native IDs are isolated by source object.,tpa-*,Several activities may belong to one real development.
investment_amounts.csv,amount_usd,Reported nominal-dollar amount; not a harmonized investment total.,text,,yes,Blank means unavailable or not yet reviewed; unknown is represented explicitly where required.,derived/source evidence,See GROUND_TRUTH_METHODOLOGY.md and scripts/ground_truth.py.,Protocol- or source-defined.,Do not interpret absence or unknown as no; this field is not proof beyond its cited evidence.
investment_amounts.csv,amount_type,Meaning of the reported amount.,text,,yes,Blank means unavailable or not yet reviewed; unknown is represented explicitly where required.,derived/source evidence,See GROUND_TRUTH_METHODOLOGY.md and scripts/ground_truth.py.,Protocol- or source-defined.,Do not interpret absence or unknown as no; this field is not proof beyond its cited evidence.
investment_amounts.csv,price_year,"Nominal price year inferred from the associated record date, when available.",text,,yes,Blank means unavailable or not yet reviewed; unknown is represented explicitly where required.,derived/source evidence,See GROUND_TRUTH_METHODOLOGY.md and scripts/ground_truth.py.,Protocol- or source-defined.,Do not interpret absence or unknown as no; this field is not proof beyond its cited evidence.
investment_amounts.csv,public_or_private,Financing/owner sector supported by the source.,text,,yes,Blank means unavailable or not yet reviewed; unknown is represented explicitly where required.,derived/source evidence,See GROUND_TRUTH_METHODOLOGY.md and scripts/ground_truth.py.,Protocol- or source-defined.,Do not interpret absence or unknown as no; this field is not proof beyond its cited evidence.
investment_amounts.csv,source,"Workflow status, stratum count, or cited source for the table row.",text,,yes,Blank means unavailable or pending.,derived/source metadata,See the table-specific methodology documentation.,Table-defined.,Interpret only in the context of its table.
investment_amounts.csv,is_estimate,Whether the amount is explicitly an estimate.,text,,yes,Blank means unavailable or not yet reviewed; unknown is represented explicitly where required.,derived/source evidence,See GROUND_TRUTH_METHODOLOGY.md and scripts/ground_truth.py.,Protocol- or source-defined.,Do not interpret absence or unknown as no; this field is not proof beyond its cited evidence.
investment_amounts.csv,is_final,Whether the source establishes that the amount is final.,text,,yes,Blank means unavailable or not yet reviewed; unknown is represented explicitly where required.,derived/source evidence,See GROUND_TRUTH_METHODOLOGY.md and scripts/ground_truth.py.,Protocol- or source-defined.,Do not interpret absence or unknown as no; this field is not proof beyond its cited evidence.
manual_validation_accela_normalization.csv,validation_sample_id,Stable identifier for one validation assignment.,text,,no,Never blank.,validation design,Deterministic ID after the seeded draw.,Study prefix plus integer.,"Identifies a review unit, not a development entity."
manual_validation_accela_normalization.csv,study_id,Validation study governing the assignment.,categorical text,,no,Never blank.,validation design,Fixed by the study builder.,Registered study ID.,Do not combine unlike validation layers.
manual_validation_accela_normalization.csv,protocol_version,Version of the study protocol.,text,,no,Never blank.,validation design,Fixed by the study builder.,Semantic version.,Version changes can alter inference scope.
manual_validation_accela_normalization.csv,random_seed,Seed for deterministic pseudo-random ranking.,integer,,no,Never blank.,validation design,Explicit builder seed.,Positive integer.,Changing the seed changes assignments.
manual_validation_accela_normalization.csv,sampling_universe_sha256,SHA-256 of sorted eligible identities and strata.,text,,no,Never blank.,sampling frame,canonical_universe_hash().,64 lowercase hexadecimal characters.,Changes when the eligible frame or strata change.
manual_validation_accela_normalization.csv,sampling_universe_size,Eligible review units in the frozen frame.,integer,records/events,no,Never blank.,sampling frame,Count before selection.,Positive integer.,Interpret together with the universe hash.
manual_validation_accela_normalization.csv,target_sample_size,Requested first-review sample size.,integer,assignments,no,Never blank.,validation design,Explicit builder target.,Positive integer.,Not the number already reviewed.
manual_validation_accela_normalization.csv,sampling_stratum,Mutually exclusive design stratum.,categorical text,,no,Never blank.,sampling design,Study-specific stratum function.,Study-defined.,Use stratum weights for aggregate inference.
manual_validation_accela_normalization.csv,stratum_population,Eligible units in this stratum.,integer,records/events,no,Never blank.,sampling frame,Count by sampling_stratum.,Positive integer.,Applies only to the frozen frame.
manual_validation_accela_normalization.csv,stratum_sample_size,First-review assignments drawn from this stratum.,integer,assignments,no,Never blank.,sampling design,Deterministic proportional/minimum allocation.,Positive integer.,Small strata can be oversampled deliberately.
manual_validation_accela_normalization.csv,inclusion_probability,Probability of selection within the stratum.,decimal,proportion,no,Never blank.,sampling design,stratum_sample_size / stratum_population.,Greater than 0 and at most 1.,Required for probability-based estimates.
manual_validation_accela_normalization.csv,sampling_weight,Inverse first-review inclusion probability.,decimal,eligible units represented,no,Never blank.,sampling design,stratum_population / stratum_sample_size.,At least 1.,Unweighted totals are descriptive under disproportionate allocation.
manual_validation_accela_normalization.csv,sample_order,Deterministic display order.,integer,,no,Never blank.,validation workflow,Sequential order after seeded selection.,Positive integer.,Not an analysis weight.
manual_validation_accela_normalization.csv,generated_from,Repository-relative source frame used by the builder.,text,,no,Never blank.,validation provenance,Recorded by the builder.,Repository-relative path list or note.,Does not itself establish source correctness.
manual_validation_accela_normalization.csv,record_id,"Source, transformation, linkage, or change context frozen with the validation assignment.",text,,yes,Blank when the source or decision does not supply the field.,source or deterministic transformation,Copied without personal contact fields by the study builder.,Source- or study-defined.,Context is not a human validation judgment.
manual_validation_accela_normalization.csv,record_number,"Source, transformation, linkage, or change context frozen with the validation assignment.",text,,yes,Blank when the source or decision does not supply the field.,source or deterministic transformation,Copied without personal contact fields by the study builder.,Source- or study-defined.,Context is not a human validation judgment.
manual_validation_accela_normalization.csv,source_module,"Source, transformation, linkage, or change context frozen with the validation assignment.",text,,yes,Blank when the source or decision does not supply the field.,source or deterministic transformation,Copied without personal contact fields by the study builder.,Source- or study-defined.,Context is not a human validation judgment.
manual_validation_accela_normalization.csv,record_type,"Source, transformation, linkage, or change context frozen with the validation assignment.",text,,yes,Blank when the source or decision does not supply the field.,source or deterministic transformation,Copied without personal contact fields by the study builder.,Source- or study-defined.,Context is not a human validation judgment.
manual_validation_accela_normalization.csv,record_status,"Source, transformation, linkage, or change context frozen with the validation assignment.",text,,yes,Blank when the source or decision does not supply the field.,source or deterministic transformation,Copied without personal contact fields by the study builder.,Source- or study-defined.,Context is not a human validation judgment.
manual_validation_accela_normalization.csv,opened_date,"Source, transformation, linkage, or change context frozen with the validation assignment.",text,,yes,Blank when the source or decision does not supply the field.,source or deterministic transformation,Copied without personal contact fields by the study builder.,Source- or study-defined.,Context is not a human validation judgment.
manual_validation_accela_normalization.csv,filed_date,"Source, transformation, linkage, or change context frozen with the validation assignment.",text,,yes,Blank when the source or decision does not supply the field.,source or deterministic transformation,Copied without personal contact fields by the study builder.,Source- or study-defined.,Context is not a human validation judgment.
manual_validation_accela_normalization.csv,issued_date,"Source, transformation, linkage, or change context frozen with the validation assignment.",text,,yes,Blank when the source or decision does not supply the field.,source or deterministic transformation,Copied without personal contact fields by the study builder.,Source- or study-defined.,Context is not a human validation judgment.
manual_validation_accela_normalization.csv,expiration_date,"Source, transformation, linkage, or change context frozen with the validation assignment.",text,,yes,Blank when the source or decision does not supply the field.,source or deterministic transformation,Copied without personal contact fields by the study builder.,Source- or study-defined.,Context is not a human validation judgment.
manual_validation_accela_normalization.csv,completed_date,"Source, transformation, linkage, or change context frozen with the validation assignment.",text,,yes,Blank when the source or decision does not supply the field.,source or deterministic transformation,Copied without personal contact fields by the study builder.,Source- or study-defined.,Context is not a human validation judgment.
manual_validation_accela_normalization.csv,closed_date,"Source, transformation, linkage, or change context frozen with the validation assignment.",text,,yes,Blank when the source or decision does not supply the field.,source or deterministic transformation,Copied without personal contact fields by the study builder.,Source- or study-defined.,Context is not a human validation judgment.
manual_validation_accela_normalization.csv,updated_date,"Source, transformation, linkage, or change context frozen with the validation assignment.",text,,yes,Blank when the source or decision does not supply the field.,source or deterministic transformation,Copied without personal contact fields by the study builder.,Source- or study-defined.,Context is not a human validation judgment.
manual_validation_accela_normalization.csv,event_date,"Source, transformation, linkage, or change context frozen with the validation assignment.",text,,yes,Blank when the source or decision does not supply the field.,source or deterministic transformation,Copied without personal contact fields by the study builder.,Source- or study-defined.,Context is not a human validation judgment.
manual_validation_accela_normalization.csv,event_date_type,"Source, transformation, linkage, or change context frozen with the validation assignment.",text,,yes,Blank when the source or decision does not supply the field.,source or deterministic transformation,Copied without personal contact fields by the study builder.,Source- or study-defined.,Context is not a human validation judgment.
manual_validation_accela_normalization.csv,historical_reconstruction,"Source, transformation, linkage, or change context frozen with the validation assignment.",text,,yes,Blank when the source or decision does not supply the field.,source or deterministic transformation,Copied without personal contact fields by the study builder.,Source- or study-defined.,Context is not a human validation judgment.
manual_validation_accela_normalization.csv,temporal_evidence,"Source, transformation, linkage, or change context frozen with the validation assignment.",text,,yes,Blank when the source or decision does not supply the field.,source or deterministic transformation,Copied without personal contact fields by the study builder.,Source- or study-defined.,Context is not a human validation judgment.
manual_validation_accela_normalization.csv,snapshot_date,"Source, transformation, linkage, or change context frozen with the validation assignment.",text,,yes,Blank when the source or decision does not supply the field.,source or deterministic transformation,Copied without personal contact fields by the study builder.,Source- or study-defined.,Context is not a human validation judgment.
manual_validation_accela_normalization.csv,parent_record_number,"Source, transformation, linkage, or change context frozen with the validation assignment.",text,,yes,Blank when the source or decision does not supply the field.,source or deterministic transformation,Copied without personal contact fields by the study builder.,Source- or study-defined.,Context is not a human validation judgment.
manual_validation_accela_normalization.csv,source_url,"Source, transformation, linkage, or change context frozen with the validation assignment.",text,,yes,Blank when the source or decision does not supply the field.,source or deterministic transformation,Copied without personal contact fields by the study builder.,Source- or study-defined.,Context is not a human validation judgment.
manual_validation_accela_normalization.csv,review_status,First-review workflow state.,categorical text,,yes,Blank means not started.,reviewer,Entered under the study guide.,pending; in_progress; complete; excluded,Complete does not imply a yes outcome.
manual_validation_accela_normalization.csv,event_type_correct,Claim-specific human-review outcome.,categorical text,,yes,Blank means not reviewed.,reviewer,Evidence-based decision under the study guide.,yes; no; unknown; not_applicable,Applies only to the named validation claim.
manual_validation_accela_normalization.csv,event_date_source_field_correct,Claim-specific human-review outcome.,categorical text,,yes,Blank means not reviewed.,reviewer,Evidence-based decision under the study guide.,yes; no; unknown; not_applicable,Applies only to the named validation claim.
manual_validation_accela_normalization.csv,event_date_value_correct,Claim-specific human-review outcome.,categorical text,,yes,Blank means not reviewed.,reviewer,Evidence-based decision under the study guide.,yes; no; unknown; not_applicable,Applies only to the named validation claim.
manual_validation_accela_normalization.csv,status_normalization_correct,Claim-specific human-review outcome.,categorical text,,yes,Blank means not reviewed.,reviewer,Evidence-based decision under the study guide.,yes; no; unknown; not_applicable,Applies only to the named validation claim.
manual_validation_accela_normalization.csv,retrospective_flag_correct,Claim-specific human-review outcome.,categorical text,,yes,Blank means not reviewed.,reviewer,Evidence-based decision under the study guide.,yes; no; unknown; not_applicable,Applies only to the named validation claim.
manual_validation_accela_normalization.csv,planned_date_flag_correct,Claim-specific human-review outcome.,categorical text,,yes,Blank means not reviewed.,reviewer,Evidence-based decision under the study guide.,yes; no; unknown; not_applicable,Applies only to the named validation claim.
manual_validation_accela_normalization.csv,activity_mapping_correct,Claim-specific human-review outcome.,categorical text,,yes,Blank means not reviewed.,reviewer,Evidence-based decision under the study guide.,yes; no; unknown; not_applicable,Applies only to the named validation claim.
manual_validation_accela_normalization.csv,record_identity_correct,Claim-specific human-review outcome.,categorical text,,yes,Blank means not reviewed.,reviewer,Evidence-based decision under the study guide.,yes; no; unknown; not_applicable,Applies only to the named validation claim.
manual_validation_accela_normalization.csv,normalization_outcome,Claim-specific human-review outcome.,categorical text,,yes,Blank means not reviewed.,reviewer,Evidence-based decision under the study guide.,yes; no; unknown; not_applicable,Applies only to the named validation claim.
manual_validation_accela_normalization.csv,review_notes,Human-review provenance or evidence field.,text,,yes,Blank means not reviewed or unavailable.,reviewer,Entered under MANUAL_VALIDATION_GUIDE.md.,"Non-personal code, ISO timestamp, citation, or concise notes.",Do not enter personal contact data; AI output is not evidence.
manual_validation_accela_normalization.csv,reviewer_code,Human-review provenance or evidence field.,text,,yes,Blank means not reviewed or unavailable.,reviewer,Entered under MANUAL_VALIDATION_GUIDE.md.,"Non-personal code, ISO timestamp, citation, or concise notes.",Do not enter personal contact data; AI output is not evidence.
manual_validation_accela_normalization.csv,reviewed_at,Human-review provenance or evidence field.,text,,yes,Blank means not reviewed or unavailable.,reviewer,Entered under MANUAL_VALIDATION_GUIDE.md.,"Non-personal code, ISO timestamp, citation, or concise notes.",Do not enter personal contact data; AI output is not evidence.
manual_validation_accela_normalization_second_review.csv,validation_sample_id,Stable identifier for one validation assignment.,text,,no,Never blank.,validation design,Deterministic ID after the seeded draw.,Study prefix plus integer.,"Identifies a review unit, not a development entity."
manual_validation_accela_normalization_second_review.csv,study_id,Validation study governing the assignment.,categorical text,,no,Never blank.,validation design,Fixed by the study builder.,Registered study ID.,Do not combine unlike validation layers.
manual_validation_accela_normalization_second_review.csv,protocol_version,Version of the study protocol.,text,,no,Never blank.,validation design,Fixed by the study builder.,Semantic version.,Version changes can alter inference scope.
manual_validation_accela_normalization_second_review.csv,random_seed,Seed for deterministic pseudo-random ranking.,integer,,no,Never blank.,validation design,Explicit builder seed.,Positive integer.,Changing the seed changes assignments.
manual_validation_accela_normalization_second_review.csv,sampling_universe_sha256,SHA-256 of sorted eligible identities and strata.,text,,no,Never blank.,sampling frame,canonical_universe_hash().,64 lowercase hexadecimal characters.,Changes when the eligible frame or strata change.
manual_validation_accela_normalization_second_review.csv,sampling_universe_size,Eligible review units in the frozen frame.,integer,records/events,no,Never blank.,sampling frame,Count before selection.,Positive integer.,Interpret together with the universe hash.
manual_validation_accela_normalization_second_review.csv,target_sample_size,Requested first-review sample size.,integer,assignments,no,Never blank.,validation design,Explicit builder target.,Positive integer.,Not the number already reviewed.
manual_validation_accela_normalization_second_review.csv,sampling_stratum,Mutually exclusive design stratum.,categorical text,,no,Never blank.,sampling design,Study-specific stratum function.,Study-defined.,Use stratum weights for aggregate inference.
manual_validation_accela_normalization_second_review.csv,stratum_population,Eligible units in this stratum.,integer,records/events,no,Never blank.,sampling frame,Count by sampling_stratum.,Positive integer.,Applies only to the frozen frame.
manual_validation_accela_normalization_second_review.csv,stratum_sample_size,First-review assignments drawn from this stratum.,integer,assignments,no,Never blank.,sampling design,Deterministic proportional/minimum allocation.,Positive integer.,Small strata can be oversampled deliberately.
manual_validation_accela_normalization_second_review.csv,inclusion_probability,Probability of selection within the stratum.,decimal,proportion,no,Never blank.,sampling design,stratum_sample_size / stratum_population.,Greater than 0 and at most 1.,Required for probability-based estimates.
manual_validation_accela_normalization_second_review.csv,sampling_weight,Inverse first-review inclusion probability.,decimal,eligible units represented,no,Never blank.,sampling design,stratum_population / stratum_sample_size.,At least 1.,Unweighted totals are descriptive under disproportionate allocation.
manual_validation_accela_normalization_second_review.csv,sample_order,Deterministic display order.,integer,,no,Never blank.,validation workflow,Sequential order after seeded selection.,Positive integer.,Not an analysis weight.
manual_validation_accela_normalization_second_review.csv,generated_from,Repository-relative source frame used by the builder.,text,,no,Never blank.,validation provenance,Recorded by the builder.,Repository-relative path list or note.,Does not itself establish source correctness.
manual_validation_accela_normalization_second_review.csv,record_id,"Source, transformation, linkage, or change context frozen with the validation assignment.",text,,yes,Blank when the source or decision does not supply the field.,source or deterministic transformation,Copied without personal contact fields by the study builder.,Source- or study-defined.,Context is not a human validation judgment.
manual_validation_accela_normalization_second_review.csv,record_number,"Source, transformation, linkage, or change context frozen with the validation assignment.",text,,yes,Blank when the source or decision does not supply the field.,source or deterministic transformation,Copied without personal contact fields by the study builder.,Source- or study-defined.,Context is not a human validation judgment.
manual_validation_accela_normalization_second_review.csv,source_module,"Source, transformation, linkage, or change context frozen with the validation assignment.",text,,yes,Blank when the source or decision does not supply the field.,source or deterministic transformation,Copied without personal contact fields by the study builder.,Source- or study-defined.,Context is not a human validation judgment.
manual_validation_accela_normalization_second_review.csv,record_type,"Source, transformation, linkage, or change context frozen with the validation assignment.",text,,yes,Blank when the source or decision does not supply the field.,source or deterministic transformation,Copied without personal contact fields by the study builder.,Source- or study-defined.,Context is not a human validation judgment.
manual_validation_accela_normalization_second_review.csv,record_status,"Source, transformation, linkage, or change context frozen with the validation assignment.",text,,yes,Blank when the source or decision does not supply the field.,source or deterministic transformation,Copied without personal contact fields by the study builder.,Source- or study-defined.,Context is not a human validation judgment.
manual_validation_accela_normalization_second_review.csv,opened_date,"Source, transformation, linkage, or change context frozen with the validation assignment.",text,,yes,Blank when the source or decision does not supply the field.,source or deterministic transformation,Copied without personal contact fields by the study builder.,Source- or study-defined.,Context is not a human validation judgment.
manual_validation_accela_normalization_second_review.csv,filed_date,"Source, transformation, linkage, or change context frozen with the validation assignment.",text,,yes,Blank when the source or decision does not supply the field.,source or deterministic transformation,Copied without personal contact fields by the study builder.,Source- or study-defined.,Context is not a human validation judgment.
manual_validation_accela_normalization_second_review.csv,issued_date,"Source, transformation, linkage, or change context frozen with the validation assignment.",text,,yes,Blank when the source or decision does not supply the field.,source or deterministic transformation,Copied without personal contact fields by the study builder.,Source- or study-defined.,Context is not a human validation judgment.
manual_validation_accela_normalization_second_review.csv,expiration_date,"Source, transformation, linkage, or change context frozen with the validation assignment.",text,,yes,Blank when the source or decision does not supply the field.,source or deterministic transformation,Copied without personal contact fields by the study builder.,Source- or study-defined.,Context is not a human validation judgment.
manual_validation_accela_normalization_second_review.csv,completed_date,"Source, transformation, linkage, or change context frozen with the validation assignment.",text,,yes,Blank when the source or decision does not supply the field.,source or deterministic transformation,Copied without personal contact fields by the study builder.,Source- or study-defined.,Context is not a human validation judgment.
manual_validation_accela_normalization_second_review.csv,closed_date,"Source, transformation, linkage, or change context frozen with the validation assignment.",text,,yes,Blank when the source or decision does not supply the field.,source or deterministic transformation,Copied without personal contact fields by the study builder.,Source- or study-defined.,Context is not a human validation judgment.
manual_validation_accela_normalization_second_review.csv,updated_date,"Source, transformation, linkage, or change context frozen with the validation assignment.",text,,yes,Blank when the source or decision does not supply the field.,source or deterministic transformation,Copied without personal contact fields by the study builder.,Source- or study-defined.,Context is not a human validation judgment.
manual_validation_accela_normalization_second_review.csv,event_date,"Source, transformation, linkage, or change context frozen with the validation assignment.",text,,yes,Blank when the source or decision does not supply the field.,source or deterministic transformation,Copied without personal contact fields by the study builder.,Source- or study-defined.,Context is not a human validation judgment.
manual_validation_accela_normalization_second_review.csv,event_date_type,"Source, transformation, linkage, or change context frozen with the validation assignment.",text,,yes,Blank when the source or decision does not supply the field.,source or deterministic transformation,Copied without personal contact fields by the study builder.,Source- or study-defined.,Context is not a human validation judgment.
manual_validation_accela_normalization_second_review.csv,historical_reconstruction,"Source, transformation, linkage, or change context frozen with the validation assignment.",text,,yes,Blank when the source or decision does not supply the field.,source or deterministic transformation,Copied without personal contact fields by the study builder.,Source- or study-defined.,Context is not a human validation judgment.
manual_validation_accela_normalization_second_review.csv,temporal_evidence,"Source, transformation, linkage, or change context frozen with the validation assignment.",text,,yes,Blank when the source or decision does not supply the field.,source or deterministic transformation,Copied without personal contact fields by the study builder.,Source- or study-defined.,Context is not a human validation judgment.
manual_validation_accela_normalization_second_review.csv,snapshot_date,"Source, transformation, linkage, or change context frozen with the validation assignment.",text,,yes,Blank when the source or decision does not supply the field.,source or deterministic transformation,Copied without personal contact fields by the study builder.,Source- or study-defined.,Context is not a human validation judgment.
manual_validation_accela_normalization_second_review.csv,parent_record_number,"Source, transformation, linkage, or change context frozen with the validation assignment.",text,,yes,Blank when the source or decision does not supply the field.,source or deterministic transformation,Copied without personal contact fields by the study builder.,Source- or study-defined.,Context is not a human validation judgment.
manual_validation_accela_normalization_second_review.csv,source_url,"Source, transformation, linkage, or change context frozen with the validation assignment.",text,,yes,Blank when the source or decision does not supply the field.,source or deterministic transformation,Copied without personal contact fields by the study builder.,Source- or study-defined.,Context is not a human validation judgment.
manual_validation_accela_normalization_second_review.csv,second_review_assignment_id,Independent second-review or adjudication field.,text,,yes,Blank means the blinded workflow has not reached this step.,reviewer/adjudicator,See MANUAL_VALIDATION_GUIDE.md.,Study-defined explicit vocabulary.,Never overwrite either original reviewer judgment.
manual_validation_accela_normalization_second_review.csv,second_review_selection_probability,Independent second-review or adjudication field.,text,,yes,Blank means the blinded workflow has not reached this step.,reviewer/adjudicator,See MANUAL_VALIDATION_GUIDE.md.,Study-defined explicit vocabulary.,Never overwrite either original reviewer judgment.
manual_validation_accela_normalization_second_review.csv,second_review_sampling_weight,Independent second-review or adjudication field.,text,,yes,Blank means the blinded workflow has not reached this step.,reviewer/adjudicator,See MANUAL_VALIDATION_GUIDE.md.,Study-defined explicit vocabulary.,Never overwrite either original reviewer judgment.
manual_validation_accela_normalization_second_review.csv,second_review_order,Independent second-review or adjudication field.,text,,yes,Blank means the blinded workflow has not reached this step.,reviewer/adjudicator,See MANUAL_VALIDATION_GUIDE.md.,Study-defined explicit vocabulary.,Never overwrite either original reviewer judgment.
manual_validation_accela_normalization_second_review.csv,second_review_status,Independent second-review or adjudication field.,text,,yes,Blank means the blinded workflow has not reached this step.,reviewer/adjudicator,See MANUAL_VALIDATION_GUIDE.md.,Study-defined explicit vocabulary.,Never overwrite either original reviewer judgment.
manual_validation_accela_normalization_second_review.csv,second_reviewer_code,Independent second-review or adjudication field.,text,,yes,Blank means the blinded workflow has not reached this step.,reviewer/adjudicator,See MANUAL_VALIDATION_GUIDE.md.,Study-defined explicit vocabulary.,Never overwrite either original reviewer judgment.
manual_validation_accela_normalization_second_review.csv,second_reviewed_at,Independent second-review or adjudication field.,text,,yes,Blank means the blinded workflow has not reached this step.,reviewer/adjudicator,See MANUAL_VALIDATION_GUIDE.md.,Study-defined explicit vocabulary.,Never overwrite either original reviewer judgment.
manual_validation_accela_normalization_second_review.csv,second_outcome,Independent second-review or adjudication field.,text,,yes,Blank means the blinded workflow has not reached this step.,reviewer/adjudicator,See MANUAL_VALIDATION_GUIDE.md.,Study-defined explicit vocabulary.,Never overwrite either original reviewer judgment.
manual_validation_accela_normalization_second_review.csv,first_reviewer_code,Independent second-review or adjudication field.,text,,yes,Blank means the blinded workflow has not reached this step.,reviewer/adjudicator,See MANUAL_VALIDATION_GUIDE.md.,Study-defined explicit vocabulary.,Never overwrite either original reviewer judgment.
manual_validation_accela_normalization_second_review.csv,first_outcome,Independent second-review or adjudication field.,text,,yes,Blank means the blinded workflow has not reached this step.,reviewer/adjudicator,See MANUAL_VALIDATION_GUIDE.md.,Study-defined explicit vocabulary.,Never overwrite either original reviewer judgment.
manual_validation_accela_normalization_second_review.csv,agreement,Independent second-review or adjudication field.,text,,yes,Blank means the blinded workflow has not reached this step.,reviewer/adjudicator,See MANUAL_VALIDATION_GUIDE.md.,Study-defined explicit vocabulary.,Never overwrite either original reviewer judgment.
manual_validation_accela_normalization_second_review.csv,adjudication_status,Independent second-review or adjudication field.,text,,yes,Blank means the blinded workflow has not reached this step.,reviewer/adjudicator,See MANUAL_VALIDATION_GUIDE.md.,Study-defined explicit vocabulary.,Never overwrite either original reviewer judgment.
manual_validation_accela_normalization_second_review.csv,adjudicated_outcome,Independent second-review or adjudication field.,text,,yes,Blank means the blinded workflow has not reached this step.,reviewer/adjudicator,See MANUAL_VALIDATION_GUIDE.md.,Study-defined explicit vocabulary.,Never overwrite either original reviewer judgment.
manual_validation_accela_normalization_second_review.csv,adjudication_notes,Independent second-review or adjudication field.,text,,yes,Blank means the blinded workflow has not reached this step.,reviewer/adjudicator,See MANUAL_VALIDATION_GUIDE.md.,Study-defined explicit vocabulary.,Never overwrite either original reviewer judgment.
manual_validation_accela_source_fidelity.csv,validation_sample_id,Stable identifier for one validation assignment.,text,,no,Never blank.,validation design,Deterministic ID after the seeded draw.,Study prefix plus integer.,"Identifies a review unit, not a development entity."
manual_validation_accela_source_fidelity.csv,study_id,Validation study governing the assignment.,categorical text,,no,Never blank.,validation design,Fixed by the study builder.,Registered study ID.,Do not combine unlike validation layers.
manual_validation_accela_source_fidelity.csv,protocol_version,Version of the study protocol.,text,,no,Never blank.,validation design,Fixed by the study builder.,Semantic version.,Version changes can alter inference scope.
manual_validation_accela_source_fidelity.csv,random_seed,Seed for deterministic pseudo-random ranking.,integer,,no,Never blank.,validation design,Explicit builder seed.,Positive integer.,Changing the seed changes assignments.
manual_validation_accela_source_fidelity.csv,sampling_universe_sha256,SHA-256 of sorted eligible identities and strata.,text,,no,Never blank.,sampling frame,canonical_universe_hash().,64 lowercase hexadecimal characters.,Changes when the eligible frame or strata change.
manual_validation_accela_source_fidelity.csv,sampling_universe_size,Eligible review units in the frozen frame.,integer,records/events,no,Never blank.,sampling frame,Count before selection.,Positive integer.,Interpret together with the universe hash.
manual_validation_accela_source_fidelity.csv,target_sample_size,Requested first-review sample size.,integer,assignments,no,Never blank.,validation design,Explicit builder target.,Positive integer.,Not the number already reviewed.
manual_validation_accela_source_fidelity.csv,sampling_stratum,Mutually exclusive design stratum.,categorical text,,no,Never blank.,sampling design,Study-specific stratum function.,Study-defined.,Use stratum weights for aggregate inference.
manual_validation_accela_source_fidelity.csv,stratum_population,Eligible units in this stratum.,integer,records/events,no,Never blank.,sampling frame,Count by sampling_stratum.,Positive integer.,Applies only to the frozen frame.
manual_validation_accela_source_fidelity.csv,stratum_sample_size,First-review assignments drawn from this stratum.,integer,assignments,no,Never blank.,sampling design,Deterministic proportional/minimum allocation.,Positive integer.,Small strata can be oversampled deliberately.
manual_validation_accela_source_fidelity.csv,inclusion_probability,Probability of selection within the stratum.,decimal,proportion,no,Never blank.,sampling design,stratum_sample_size / stratum_population.,Greater than 0 and at most 1.,Required for probability-based estimates.
manual_validation_accela_source_fidelity.csv,sampling_weight,Inverse first-review inclusion probability.,decimal,eligible units represented,no,Never blank.,sampling design,stratum_population / stratum_sample_size.,At least 1.,Unweighted totals are descriptive under disproportionate allocation.
manual_validation_accela_source_fidelity.csv,sample_order,Deterministic display order.,integer,,no,Never blank.,validation workflow,Sequential order after seeded selection.,Positive integer.,Not an analysis weight.
manual_validation_accela_source_fidelity.csv,generated_from,Repository-relative source frame used by the builder.,text,,no,Never blank.,validation provenance,Recorded by the builder.,Repository-relative path list or note.,Does not itself establish source correctness.
manual_validation_accela_source_fidelity.csv,record_id,"Source, transformation, linkage, or change context frozen with the validation assignment.",text,,yes,Blank when the source or decision does not supply the field.,source or deterministic transformation,Copied without personal contact fields by the study builder.,Source- or study-defined.,Context is not a human validation judgment.
manual_validation_accela_source_fidelity.csv,record_number,"Source, transformation, linkage, or change context frozen with the validation assignment.",text,,yes,Blank when the source or decision does not supply the field.,source or deterministic transformation,Copied without personal contact fields by the study builder.,Source- or study-defined.,Context is not a human validation judgment.
manual_validation_accela_source_fidelity.csv,source_module,"Source, transformation, linkage, or change context frozen with the validation assignment.",text,,yes,Blank when the source or decision does not supply the field.,source or deterministic transformation,Copied without personal contact fields by the study builder.,Source- or study-defined.,Context is not a human validation judgment.
manual_validation_accela_source_fidelity.csv,record_type,"Source, transformation, linkage, or change context frozen with the validation assignment.",text,,yes,Blank when the source or decision does not supply the field.,source or deterministic transformation,Copied without personal contact fields by the study builder.,Source- or study-defined.,Context is not a human validation judgment.
manual_validation_accela_source_fidelity.csv,record_status,"Source, transformation, linkage, or change context frozen with the validation assignment.",text,,yes,Blank when the source or decision does not supply the field.,source or deterministic transformation,Copied without personal contact fields by the study builder.,Source- or study-defined.,Context is not a human validation judgment.
manual_validation_accela_source_fidelity.csv,opened_date,"Source, transformation, linkage, or change context frozen with the validation assignment.",text,,yes,Blank when the source or decision does not supply the field.,source or deterministic transformation,Copied without personal contact fields by the study builder.,Source- or study-defined.,Context is not a human validation judgment.
manual_validation_accela_source_fidelity.csv,filed_date,"Source, transformation, linkage, or change context frozen with the validation assignment.",text,,yes,Blank when the source or decision does not supply the field.,source or deterministic transformation,Copied without personal contact fields by the study builder.,Source- or study-defined.,Context is not a human validation judgment.
manual_validation_accela_source_fidelity.csv,issued_date,"Source, transformation, linkage, or change context frozen with the validation assignment.",text,,yes,Blank when the source or decision does not supply the field.,source or deterministic transformation,Copied without personal contact fields by the study builder.,Source- or study-defined.,Context is not a human validation judgment.
manual_validation_accela_source_fidelity.csv,event_date,"Source, transformation, linkage, or change context frozen with the validation assignment.",text,,yes,Blank when the source or decision does not supply the field.,source or deterministic transformation,Copied without personal contact fields by the study builder.,Source- or study-defined.,Context is not a human validation judgment.
manual_validation_accela_source_fidelity.csv,event_date_type,"Source, transformation, linkage, or change context frozen with the validation assignment.",text,,yes,Blank when the source or decision does not supply the field.,source or deterministic transformation,Copied without personal contact fields by the study builder.,Source- or study-defined.,Context is not a human validation judgment.
manual_validation_accela_source_fidelity.csv,temporal_evidence,"Source, transformation, linkage, or change context frozen with the validation assignment.",text,,yes,Blank when the source or decision does not supply the field.,source or deterministic transformation,Copied without personal contact fields by the study builder.,Source- or study-defined.,Context is not a human validation judgment.
manual_validation_accela_source_fidelity.csv,snapshot_date,"Source, transformation, linkage, or change context frozen with the validation assignment.",text,,yes,Blank when the source or decision does not supply the field.,source or deterministic transformation,Copied without personal contact fields by the study builder.,Source- or study-defined.,Context is not a human validation judgment.
manual_validation_accela_source_fidelity.csv,source_url,"Source, transformation, linkage, or change context frozen with the validation assignment.",text,,yes,Blank when the source or decision does not supply the field.,source or deterministic transformation,Copied without personal contact fields by the study builder.,Source- or study-defined.,Context is not a human validation judgment.
manual_validation_accela_source_fidelity.csv,review_status,First-review workflow state.,categorical text,,yes,Blank means not started.,reviewer,Entered under the study guide.,pending; in_progress; complete; excluded,Complete does not imply a yes outcome.
manual_validation_accela_source_fidelity.csv,source_record_found,Claim-specific human-review outcome.,categorical text,,yes,Blank means not reviewed.,reviewer,Evidence-based decision under the study guide.,yes; no; unknown; not_applicable,Applies only to the named validation claim.
manual_validation_accela_source_fidelity.csv,record_number_matches,Claim-specific human-review outcome.,categorical text,,yes,Blank means not reviewed.,reviewer,Evidence-based decision under the study guide.,yes; no; unknown; not_applicable,Applies only to the named validation claim.
manual_validation_accela_source_fidelity.csv,module_matches,Claim-specific human-review outcome.,categorical text,,yes,Blank means not reviewed.,reviewer,Evidence-based decision under the study guide.,yes; no; unknown; not_applicable,Applies only to the named validation claim.
manual_validation_accela_source_fidelity.csv,record_type_matches,Claim-specific human-review outcome.,categorical text,,yes,Blank means not reviewed.,reviewer,Evidence-based decision under the study guide.,yes; no; unknown; not_applicable,Applies only to the named validation claim.
manual_validation_accela_source_fidelity.csv,status_matches,Claim-specific human-review outcome.,categorical text,,yes,Blank means not reviewed.,reviewer,Evidence-based decision under the study guide.,yes; no; unknown; not_applicable,Applies only to the named validation claim.
manual_validation_accela_source_fidelity.csv,primary_date_matches,Claim-specific human-review outcome.,categorical text,,yes,Blank means not reviewed.,reviewer,Evidence-based decision under the study guide.,yes; no; unknown; not_applicable,Applies only to the named validation claim.
manual_validation_accela_source_fidelity.csv,identity_matches,Claim-specific human-review outcome.,categorical text,,yes,Blank means not reviewed.,reviewer,Evidence-based decision under the study guide.,yes; no; unknown; not_applicable,Applies only to the named validation claim.
manual_validation_accela_source_fidelity.csv,source_fidelity_outcome,Claim-specific human-review outcome.,categorical text,,yes,Blank means not reviewed.,reviewer,Evidence-based decision under the study guide.,yes; no; unknown; not_applicable,Applies only to the named validation claim.
manual_validation_accela_source_fidelity.csv,evidence_reference,Human-review provenance or evidence field.,text,,yes,Blank means not reviewed or unavailable.,reviewer,Entered under MANUAL_VALIDATION_GUIDE.md.,"Non-personal code, ISO timestamp, citation, or concise notes.",Do not enter personal contact data; AI output is not evidence.
manual_validation_accela_source_fidelity.csv,review_notes,Human-review provenance or evidence field.,text,,yes,Blank means not reviewed or unavailable.,reviewer,Entered under MANUAL_VALIDATION_GUIDE.md.,"Non-personal code, ISO timestamp, citation, or concise notes.",Do not enter personal contact data; AI output is not evidence.
manual_validation_accela_source_fidelity.csv,reviewer_code,Human-review provenance or evidence field.,text,,yes,Blank means not reviewed or unavailable.,reviewer,Entered under MANUAL_VALIDATION_GUIDE.md.,"Non-personal code, ISO timestamp, citation, or concise notes.",Do not enter personal contact data; AI output is not evidence.
manual_validation_accela_source_fidelity.csv,reviewed_at,Human-review provenance or evidence field.,text,,yes,Blank means not reviewed or unavailable.,reviewer,Entered under MANUAL_VALIDATION_GUIDE.md.,"Non-personal code, ISO timestamp, citation, or concise notes.",Do not enter personal contact data; AI output is not evidence.
manual_validation_accela_source_fidelity_second_review.csv,validation_sample_id,Stable identifier for one validation assignment.,text,,no,Never blank.,validation design,Deterministic ID after the seeded draw.,Study prefix plus integer.,"Identifies a review unit, not a development entity."
manual_validation_accela_source_fidelity_second_review.csv,study_id,Validation study governing the assignment.,categorical text,,no,Never blank.,validation design,Fixed by the study builder.,Registered study ID.,Do not combine unlike validation layers.
manual_validation_accela_source_fidelity_second_review.csv,protocol_version,Version of the study protocol.,text,,no,Never blank.,validation design,Fixed by the study builder.,Semantic version.,Version changes can alter inference scope.
manual_validation_accela_source_fidelity_second_review.csv,random_seed,Seed for deterministic pseudo-random ranking.,integer,,no,Never blank.,validation design,Explicit builder seed.,Positive integer.,Changing the seed changes assignments.
manual_validation_accela_source_fidelity_second_review.csv,sampling_universe_sha256,SHA-256 of sorted eligible identities and strata.,text,,no,Never blank.,sampling frame,canonical_universe_hash().,64 lowercase hexadecimal characters.,Changes when the eligible frame or strata change.
manual_validation_accela_source_fidelity_second_review.csv,sampling_universe_size,Eligible review units in the frozen frame.,integer,records/events,no,Never blank.,sampling frame,Count before selection.,Positive integer.,Interpret together with the universe hash.
manual_validation_accela_source_fidelity_second_review.csv,target_sample_size,Requested first-review sample size.,integer,assignments,no,Never blank.,validation design,Explicit builder target.,Positive integer.,Not the number already reviewed.
manual_validation_accela_source_fidelity_second_review.csv,sampling_stratum,Mutually exclusive design stratum.,categorical text,,no,Never blank.,sampling design,Study-specific stratum function.,Study-defined.,Use stratum weights for aggregate inference.
manual_validation_accela_source_fidelity_second_review.csv,stratum_population,Eligible units in this stratum.,integer,records/events,no,Never blank.,sampling frame,Count by sampling_stratum.,Positive integer.,Applies only to the frozen frame.
manual_validation_accela_source_fidelity_second_review.csv,stratum_sample_size,First-review assignments drawn from this stratum.,integer,assignments,no,Never blank.,sampling design,Deterministic proportional/minimum allocation.,Positive integer.,Small strata can be oversampled deliberately.
manual_validation_accela_source_fidelity_second_review.csv,inclusion_probability,Probability of selection within the stratum.,decimal,proportion,no,Never blank.,sampling design,stratum_sample_size / stratum_population.,Greater than 0 and at most 1.,Required for probability-based estimates.
manual_validation_accela_source_fidelity_second_review.csv,sampling_weight,Inverse first-review inclusion probability.,decimal,eligible units represented,no,Never blank.,sampling design,stratum_population / stratum_sample_size.,At least 1.,Unweighted totals are descriptive under disproportionate allocation.
manual_validation_accela_source_fidelity_second_review.csv,sample_order,Deterministic display order.,integer,,no,Never blank.,validation workflow,Sequential order after seeded selection.,Positive integer.,Not an analysis weight.
manual_validation_accela_source_fidelity_second_review.csv,generated_from,Repository-relative source frame used by the builder.,text,,no,Never blank.,validation provenance,Recorded by the builder.,Repository-relative path list or note.,Does not itself establish source correctness.
manual_validation_accela_source_fidelity_second_review.csv,record_id,"Source, transformation, linkage, or change context frozen with the validation assignment.",text,,yes,Blank when the source or decision does not supply the field.,source or deterministic transformation,Copied without personal contact fields by the study builder.,Source- or study-defined.,Context is not a human validation judgment.
manual_validation_accela_source_fidelity_second_review.csv,record_number,"Source, transformation, linkage, or change context frozen with the validation assignment.",text,,yes,Blank when the source or decision does not supply the field.,source or deterministic transformation,Copied without personal contact fields by the study builder.,Source- or study-defined.,Context is not a human validation judgment.
manual_validation_accela_source_fidelity_second_review.csv,source_module,"Source, transformation, linkage, or change context frozen with the validation assignment.",text,,yes,Blank when the source or decision does not supply the field.,source or deterministic transformation,Copied without personal contact fields by the study builder.,Source- or study-defined.,Context is not a human validation judgment.
manual_validation_accela_source_fidelity_second_review.csv,record_type,"Source, transformation, linkage, or change context frozen with the validation assignment.",text,,yes,Blank when the source or decision does not supply the field.,source or deterministic transformation,Copied without personal contact fields by the study builder.,Source- or study-defined.,Context is not a human validation judgment.
manual_validation_accela_source_fidelity_second_review.csv,record_status,"Source, transformation, linkage, or change context frozen with the validation assignment.",text,,yes,Blank when the source or decision does not supply the field.,source or deterministic transformation,Copied without personal contact fields by the study builder.,Source- or study-defined.,Context is not a human validation judgment.
manual_validation_accela_source_fidelity_second_review.csv,opened_date,"Source, transformation, linkage, or change context frozen with the validation assignment.",text,,yes,Blank when the source or decision does not supply the field.,source or deterministic transformation,Copied without personal contact fields by the study builder.,Source- or study-defined.,Context is not a human validation judgment.
manual_validation_accela_source_fidelity_second_review.csv,filed_date,"Source, transformation, linkage, or change context frozen with the validation assignment.",text,,yes,Blank when the source or decision does not supply the field.,source or deterministic transformation,Copied without personal contact fields by the study builder.,Source- or study-defined.,Context is not a human validation judgment.
manual_validation_accela_source_fidelity_second_review.csv,issued_date,"Source, transformation, linkage, or change context frozen with the validation assignment.",text,,yes,Blank when the source or decision does not supply the field.,source or deterministic transformation,Copied without personal contact fields by the study builder.,Source- or study-defined.,Context is not a human validation judgment.
manual_validation_accela_source_fidelity_second_review.csv,event_date,"Source, transformation, linkage, or change context frozen with the validation assignment.",text,,yes,Blank when the source or decision does not supply the field.,source or deterministic transformation,Copied without personal contact fields by the study builder.,Source- or study-defined.,Context is not a human validation judgment.
manual_validation_accela_source_fidelity_second_review.csv,event_date_type,"Source, transformation, linkage, or change context frozen with the validation assignment.",text,,yes,Blank when the source or decision does not supply the field.,source or deterministic transformation,Copied without personal contact fields by the study builder.,Source- or study-defined.,Context is not a human validation judgment.
manual_validation_accela_source_fidelity_second_review.csv,temporal_evidence,"Source, transformation, linkage, or change context frozen with the validation assignment.",text,,yes,Blank when the source or decision does not supply the field.,source or deterministic transformation,Copied without personal contact fields by the study builder.,Source- or study-defined.,Context is not a human validation judgment.
manual_validation_accela_source_fidelity_second_review.csv,snapshot_date,"Source, transformation, linkage, or change context frozen with the validation assignment.",text,,yes,Blank when the source or decision does not supply the field.,source or deterministic transformation,Copied without personal contact fields by the study builder.,Source- or study-defined.,Context is not a human validation judgment.
manual_validation_accela_source_fidelity_second_review.csv,source_url,"Source, transformation, linkage, or change context frozen with the validation assignment.",text,,yes,Blank when the source or decision does not supply the field.,source or deterministic transformation,Copied without personal contact fields by the study builder.,Source- or study-defined.,Context is not a human validation judgment.
manual_validation_accela_source_fidelity_second_review.csv,second_review_assignment_id,Independent second-review or adjudication field.,text,,yes,Blank means the blinded workflow has not reached this step.,reviewer/adjudicator,See MANUAL_VALIDATION_GUIDE.md.,Study-defined explicit vocabulary.,Never overwrite either original reviewer judgment.
manual_validation_accela_source_fidelity_second_review.csv,second_review_selection_probability,Independent second-review or adjudication field.,text,,yes,Blank means the blinded workflow has not reached this step.,reviewer/adjudicator,See MANUAL_VALIDATION_GUIDE.md.,Study-defined explicit vocabulary.,Never overwrite either original reviewer judgment.
manual_validation_accela_source_fidelity_second_review.csv,second_review_sampling_weight,Independent second-review or adjudication field.,text,,yes,Blank means the blinded workflow has not reached this step.,reviewer/adjudicator,See MANUAL_VALIDATION_GUIDE.md.,Study-defined explicit vocabulary.,Never overwrite either original reviewer judgment.
manual_validation_accela_source_fidelity_second_review.csv,second_review_order,Independent second-review or adjudication field.,text,,yes,Blank means the blinded workflow has not reached this step.,reviewer/adjudicator,See MANUAL_VALIDATION_GUIDE.md.,Study-defined explicit vocabulary.,Never overwrite either original reviewer judgment.
manual_validation_accela_source_fidelity_second_review.csv,second_review_status,Independent second-review or adjudication field.,text,,yes,Blank means the blinded workflow has not reached this step.,reviewer/adjudicator,See MANUAL_VALIDATION_GUIDE.md.,Study-defined explicit vocabulary.,Never overwrite either original reviewer judgment.
manual_validation_accela_source_fidelity_second_review.csv,second_reviewer_code,Independent second-review or adjudication field.,text,,yes,Blank means the blinded workflow has not reached this step.,reviewer/adjudicator,See MANUAL_VALIDATION_GUIDE.md.,Study-defined explicit vocabulary.,Never overwrite either original reviewer judgment.
manual_validation_accela_source_fidelity_second_review.csv,second_reviewed_at,Independent second-review or adjudication field.,text,,yes,Blank means the blinded workflow has not reached this step.,reviewer/adjudicator,See MANUAL_VALIDATION_GUIDE.md.,Study-defined explicit vocabulary.,Never overwrite either original reviewer judgment.
manual_validation_accela_source_fidelity_second_review.csv,second_outcome,Independent second-review or adjudication field.,text,,yes,Blank means the blinded workflow has not reached this step.,reviewer/adjudicator,See MANUAL_VALIDATION_GUIDE.md.,Study-defined explicit vocabulary.,Never overwrite either original reviewer judgment.
manual_validation_accela_source_fidelity_second_review.csv,first_reviewer_code,Independent second-review or adjudication field.,text,,yes,Blank means the blinded workflow has not reached this step.,reviewer/adjudicator,See MANUAL_VALIDATION_GUIDE.md.,Study-defined explicit vocabulary.,Never overwrite either original reviewer judgment.
manual_validation_accela_source_fidelity_second_review.csv,first_outcome,Independent second-review or adjudication field.,text,,yes,Blank means the blinded workflow has not reached this step.,reviewer/adjudicator,See MANUAL_VALIDATION_GUIDE.md.,Study-defined explicit vocabulary.,Never overwrite either original reviewer judgment.
manual_validation_accela_source_fidelity_second_review.csv,agreement,Independent second-review or adjudication field.,text,,yes,Blank means the blinded workflow has not reached this step.,reviewer/adjudicator,See MANUAL_VALIDATION_GUIDE.md.,Study-defined explicit vocabulary.,Never overwrite either original reviewer judgment.
manual_validation_accela_source_fidelity_second_review.csv,adjudication_status,Independent second-review or adjudication field.,text,,yes,Blank means the blinded workflow has not reached this step.,reviewer/adjudicator,See MANUAL_VALIDATION_GUIDE.md.,Study-defined explicit vocabulary.,Never overwrite either original reviewer judgment.
manual_validation_accela_source_fidelity_second_review.csv,adjudicated_outcome,Independent second-review or adjudication field.,text,,yes,Blank means the blinded workflow has not reached this step.,reviewer/adjudicator,See MANUAL_VALIDATION_GUIDE.md.,Study-defined explicit vocabulary.,Never overwrite either original reviewer judgment.
manual_validation_accela_source_fidelity_second_review.csv,adjudication_notes,Independent second-review or adjudication field.,text,,yes,Blank means the blinded workflow has not reached this step.,reviewer/adjudicator,See MANUAL_VALIDATION_GUIDE.md.,Study-defined explicit vocabulary.,Never overwrite either original reviewer judgment.
manual_validation_change_events.csv,validation_sample_id,Stable identifier for one validation assignment.,text,,no,Never blank.,validation design,Deterministic ID after the seeded draw.,Study prefix plus integer.,"Identifies a review unit, not a development entity."
manual_validation_change_events.csv,study_id,Validation study governing the assignment.,categorical text,,no,Never blank.,validation design,Fixed by the study builder.,Registered study ID.,Do not combine unlike validation layers.
manual_validation_change_events.csv,protocol_version,Version of the study protocol.,text,,no,Never blank.,validation design,Fixed by the study builder.,Semantic version.,Version changes can alter inference scope.
manual_validation_change_events.csv,random_seed,Seed for deterministic pseudo-random ranking.,integer,,no,Never blank.,validation design,Explicit builder seed.,Positive integer.,Changing the seed changes assignments.
manual_validation_change_events.csv,sampling_universe_sha256,SHA-256 of sorted eligible identities and strata.,text,,no,Never blank.,sampling frame,canonical_universe_hash().,64 lowercase hexadecimal characters.,Changes when the eligible frame or strata change.
manual_validation_change_events.csv,sampling_universe_size,Eligible review units in the frozen frame.,integer,records/events,no,Never blank.,sampling frame,Count before selection.,Positive integer.,Interpret together with the universe hash.
manual_validation_change_events.csv,target_sample_size,Requested first-review sample size.,integer,assignments,no,Never blank.,validation design,Explicit builder target.,Positive integer.,Not the number already reviewed.
manual_validation_change_events.csv,sampling_stratum,Mutually exclusive design stratum.,categorical text,,no,Never blank.,sampling design,Study-specific stratum function.,Study-defined.,Use stratum weights for aggregate inference.
manual_validation_change_events.csv,stratum_population,Eligible units in this stratum.,integer,records/events,no,Never blank.,sampling frame,Count by sampling_stratum.,Positive integer.,Applies only to the frozen frame.
manual_validation_change_events.csv,stratum_sample_size,First-review assignments drawn from this stratum.,integer,assignments,no,Never blank.,sampling design,Deterministic proportional/minimum allocation.,Positive integer.,Small strata can be oversampled deliberately.
manual_validation_change_events.csv,inclusion_probability,Probability of selection within the stratum.,decimal,proportion,no,Never blank.,sampling design,stratum_sample_size / stratum_population.,Greater than 0 and at most 1.,Required for probability-based estimates.
manual_validation_change_events.csv,sampling_weight,Inverse first-review inclusion probability.,decimal,eligible units represented,no,Never blank.,sampling design,stratum_population / stratum_sample_size.,At least 1.,Unweighted totals are descriptive under disproportionate allocation.
manual_validation_change_events.csv,sample_order,Deterministic display order.,integer,,no,Never blank.,validation workflow,Sequential order after seeded selection.,Positive integer.,Not an analysis weight.
manual_validation_change_events.csv,generated_from,Repository-relative source frame used by the builder.,text,,no,Never blank.,validation provenance,Recorded by the builder.,Repository-relative path list or note.,Does not itself establish source correctness.
manual_validation_change_events.csv,change_id,"Source, transformation, linkage, or change context frozen with the validation assignment.",text,,yes,Blank when the source or decision does not supply the field.,source or deterministic transformation,Copied without personal contact fields by the study builder.,Source- or study-defined.,Context is not a human validation judgment.
manual_validation_change_events.csv,previous_snapshot,"Source, transformation, linkage, or change context frozen with the validation assignment.",text,,yes,Blank when the source or decision does not supply the field.,source or deterministic transformation,Copied without personal contact fields by the study builder.,Source- or study-defined.,Context is not a human validation judgment.
manual_validation_change_events.csv,current_snapshot,"Source, transformation, linkage, or change context frozen with the validation assignment.",text,,yes,Blank when the source or decision does not supply the field.,source or deterministic transformation,Copied without personal contact fields by the study builder.,Source- or study-defined.,Context is not a human validation judgment.
manual_validation_change_events.csv,source,"Source, transformation, linkage, or change context frozen with the validation assignment.",text,,yes,Blank when the source or decision does not supply the field.,source or deterministic transformation,Copied without personal contact fields by the study builder.,Source- or study-defined.,Context is not a human validation judgment.
manual_validation_change_events.csv,record_identity,"Source, transformation, linkage, or change context frozen with the validation assignment.",text,,yes,Blank when the source or decision does not supply the field.,source or deterministic transformation,Copied without personal contact fields by the study builder.,Source- or study-defined.,Context is not a human validation judgment.
manual_validation_change_events.csv,source_record_id,"Source, transformation, linkage, or change context frozen with the validation assignment.",text,,yes,Blank when the source or decision does not supply the field.,source or deterministic transformation,Copied without personal contact fields by the study builder.,Source- or study-defined.,Context is not a human validation judgment.
manual_validation_change_events.csv,detected_change_type,"Source, transformation, linkage, or change context frozen with the validation assignment.",text,,yes,Blank when the source or decision does not supply the field.,source or deterministic transformation,Copied without personal contact fields by the study builder.,Source- or study-defined.,Context is not a human validation judgment.
manual_validation_change_events.csv,changed_fields,"Source, transformation, linkage, or change context frozen with the validation assignment.",text,,yes,Blank when the source or decision does not supply the field.,source or deterministic transformation,Copied without personal contact fields by the study builder.,Source- or study-defined.,Context is not a human validation judgment.
manual_validation_change_events.csv,old_value,"Source, transformation, linkage, or change context frozen with the validation assignment.",text,,yes,Blank when the source or decision does not supply the field.,source or deterministic transformation,Copied without personal contact fields by the study builder.,Source- or study-defined.,Context is not a human validation judgment.
manual_validation_change_events.csv,new_value,"Source, transformation, linkage, or change context frozen with the validation assignment.",text,,yes,Blank when the source or decision does not supply the field.,source or deterministic transformation,Copied without personal contact fields by the study builder.,Source- or study-defined.,Context is not a human validation judgment.
manual_validation_change_events.csv,source_url,"Source, transformation, linkage, or change context frozen with the validation assignment.",text,,yes,Blank when the source or decision does not supply the field.,source or deterministic transformation,Copied without personal contact fields by the study builder.,Source- or study-defined.,Context is not a human validation judgment.
manual_validation_change_events.csv,machine_interpretation,"Source, transformation, linkage, or change context frozen with the validation assignment.",text,,yes,Blank when the source or decision does not supply the field.,source or deterministic transformation,Copied without personal contact fields by the study builder.,Source- or study-defined.,Context is not a human validation judgment.
manual_validation_change_events.csv,review_status,First-review workflow state.,categorical text,,yes,Blank means not started.,reviewer,Entered under the study guide.,pending; in_progress; complete; excluded,Complete does not imply a yes outcome.
manual_validation_change_events.csv,source_change_confirmed,Claim-specific human-review outcome.,categorical text,,yes,Blank means not reviewed.,reviewer,Evidence-based decision under the study guide.,yes; no; unknown; not_applicable,Applies only to the named validation claim.
manual_validation_change_events.csv,semantic_change_interpretation,Study-specific human interpretation.,categorical text,,yes,Blank means not reviewed.,reviewer,Decision rules in MANUAL_VALIDATION_GUIDE.md.,Study-defined vocabulary including unknown and not_applicable.,Not a generic record-level accuracy score.
manual_validation_change_events.csv,likely_publication_artifact,Claim-specific human-review outcome.,categorical text,,yes,Blank means not reviewed.,reviewer,Evidence-based decision under the study guide.,yes; no; unknown; not_applicable,Applies only to the named validation claim.
manual_validation_change_events.csv,change_validation_outcome,Claim-specific human-review outcome.,categorical text,,yes,Blank means not reviewed.,reviewer,Evidence-based decision under the study guide.,yes; no; unknown; not_applicable,Applies only to the named validation claim.
manual_validation_change_events.csv,evidence_reference,Human-review provenance or evidence field.,text,,yes,Blank means not reviewed or unavailable.,reviewer,Entered under MANUAL_VALIDATION_GUIDE.md.,"Non-personal code, ISO timestamp, citation, or concise notes.",Do not enter personal contact data; AI output is not evidence.
manual_validation_change_events.csv,review_notes,Human-review provenance or evidence field.,text,,yes,Blank means not reviewed or unavailable.,reviewer,Entered under MANUAL_VALIDATION_GUIDE.md.,"Non-personal code, ISO timestamp, citation, or concise notes.",Do not enter personal contact data; AI output is not evidence.
manual_validation_change_events.csv,reviewer_code,Human-review provenance or evidence field.,text,,yes,Blank means not reviewed or unavailable.,reviewer,Entered under MANUAL_VALIDATION_GUIDE.md.,"Non-personal code, ISO timestamp, citation, or concise notes.",Do not enter personal contact data; AI output is not evidence.
manual_validation_change_events.csv,reviewed_at,Human-review provenance or evidence field.,text,,yes,Blank means not reviewed or unavailable.,reviewer,Entered under MANUAL_VALIDATION_GUIDE.md.,"Non-personal code, ISO timestamp, citation, or concise notes.",Do not enter personal contact data; AI output is not evidence.
manual_validation_change_events_second_review.csv,validation_sample_id,Stable identifier for one validation assignment.,text,,no,Never blank.,validation design,Deterministic ID after the seeded draw.,Study prefix plus integer.,"Identifies a review unit, not a development entity."
manual_validation_change_events_second_review.csv,study_id,Validation study governing the assignment.,categorical text,,no,Never blank.,validation design,Fixed by the study builder.,Registered study ID.,Do not combine unlike validation layers.
manual_validation_change_events_second_review.csv,protocol_version,Version of the study protocol.,text,,no,Never blank.,validation design,Fixed by the study builder.,Semantic version.,Version changes can alter inference scope.
manual_validation_change_events_second_review.csv,random_seed,Seed for deterministic pseudo-random ranking.,integer,,no,Never blank.,validation design,Explicit builder seed.,Positive integer.,Changing the seed changes assignments.
manual_validation_change_events_second_review.csv,sampling_universe_sha256,SHA-256 of sorted eligible identities and strata.,text,,no,Never blank.,sampling frame,canonical_universe_hash().,64 lowercase hexadecimal characters.,Changes when the eligible frame or strata change.
manual_validation_change_events_second_review.csv,sampling_universe_size,Eligible review units in the frozen frame.,integer,records/events,no,Never blank.,sampling frame,Count before selection.,Positive integer.,Interpret together with the universe hash.
manual_validation_change_events_second_review.csv,target_sample_size,Requested first-review sample size.,integer,assignments,no,Never blank.,validation design,Explicit builder target.,Positive integer.,Not the number already reviewed.
manual_validation_change_events_second_review.csv,sampling_stratum,Mutually exclusive design stratum.,categorical text,,no,Never blank.,sampling design,Study-specific stratum function.,Study-defined.,Use stratum weights for aggregate inference.
manual_validation_change_events_second_review.csv,stratum_population,Eligible units in this stratum.,integer,records/events,no,Never blank.,sampling frame,Count by sampling_stratum.,Positive integer.,Applies only to the frozen frame.
manual_validation_change_events_second_review.csv,stratum_sample_size,First-review assignments drawn from this stratum.,integer,assignments,no,Never blank.,sampling design,Deterministic proportional/minimum allocation.,Positive integer.,Small strata can be oversampled deliberately.
manual_validation_change_events_second_review.csv,inclusion_probability,Probability of selection within the stratum.,decimal,proportion,no,Never blank.,sampling design,stratum_sample_size / stratum_population.,Greater than 0 and at most 1.,Required for probability-based estimates.
manual_validation_change_events_second_review.csv,sampling_weight,Inverse first-review inclusion probability.,decimal,eligible units represented,no,Never blank.,sampling design,stratum_population / stratum_sample_size.,At least 1.,Unweighted totals are descriptive under disproportionate allocation.
manual_validation_change_events_second_review.csv,sample_order,Deterministic display order.,integer,,no,Never blank.,validation workflow,Sequential order after seeded selection.,Positive integer.,Not an analysis weight.
manual_validation_change_events_second_review.csv,generated_from,Repository-relative source frame used by the builder.,text,,no,Never blank.,validation provenance,Recorded by the builder.,Repository-relative path list or note.,Does not itself establish source correctness.
manual_validation_change_events_second_review.csv,change_id,"Source, transformation, linkage, or change context frozen with the validation assignment.",text,,yes,Blank when the source or decision does not supply the field.,source or deterministic transformation,Copied without personal contact fields by the study builder.,Source- or study-defined.,Context is not a human validation judgment.
manual_validation_change_events_second_review.csv,previous_snapshot,"Source, transformation, linkage, or change context frozen with the validation assignment.",text,,yes,Blank when the source or decision does not supply the field.,source or deterministic transformation,Copied without personal contact fields by the study builder.,Source- or study-defined.,Context is not a human validation judgment.
manual_validation_change_events_second_review.csv,current_snapshot,"Source, transformation, linkage, or change context frozen with the validation assignment.",text,,yes,Blank when the source or decision does not supply the field.,source or deterministic transformation,Copied without personal contact fields by the study builder.,Source- or study-defined.,Context is not a human validation judgment.
manual_validation_change_events_second_review.csv,source,"Source, transformation, linkage, or change context frozen with the validation assignment.",text,,yes,Blank when the source or decision does not supply the field.,source or deterministic transformation,Copied without personal contact fields by the study builder.,Source- or study-defined.,Context is not a human validation judgment.
manual_validation_change_events_second_review.csv,record_identity,"Source, transformation, linkage, or change context frozen with the validation assignment.",text,,yes,Blank when the source or decision does not supply the field.,source or deterministic transformation,Copied without personal contact fields by the study builder.,Source- or study-defined.,Context is not a human validation judgment.
manual_validation_change_events_second_review.csv,source_record_id,"Source, transformation, linkage, or change context frozen with the validation assignment.",text,,yes,Blank when the source or decision does not supply the field.,source or deterministic transformation,Copied without personal contact fields by the study builder.,Source- or study-defined.,Context is not a human validation judgment.
manual_validation_change_events_second_review.csv,detected_change_type,"Source, transformation, linkage, or change context frozen with the validation assignment.",text,,yes,Blank when the source or decision does not supply the field.,source or deterministic transformation,Copied without personal contact fields by the study builder.,Source- or study-defined.,Context is not a human validation judgment.
manual_validation_change_events_second_review.csv,changed_fields,"Source, transformation, linkage, or change context frozen with the validation assignment.",text,,yes,Blank when the source or decision does not supply the field.,source or deterministic transformation,Copied without personal contact fields by the study builder.,Source- or study-defined.,Context is not a human validation judgment.
manual_validation_change_events_second_review.csv,old_value,"Source, transformation, linkage, or change context frozen with the validation assignment.",text,,yes,Blank when the source or decision does not supply the field.,source or deterministic transformation,Copied without personal contact fields by the study builder.,Source- or study-defined.,Context is not a human validation judgment.
manual_validation_change_events_second_review.csv,new_value,"Source, transformation, linkage, or change context frozen with the validation assignment.",text,,yes,Blank when the source or decision does not supply the field.,source or deterministic transformation,Copied without personal contact fields by the study builder.,Source- or study-defined.,Context is not a human validation judgment.
manual_validation_change_events_second_review.csv,source_url,"Source, transformation, linkage, or change context frozen with the validation assignment.",text,,yes,Blank when the source or decision does not supply the field.,source or deterministic transformation,Copied without personal contact fields by the study builder.,Source- or study-defined.,Context is not a human validation judgment.
manual_validation_change_events_second_review.csv,machine_interpretation,"Source, transformation, linkage, or change context frozen with the validation assignment.",text,,yes,Blank when the source or decision does not supply the field.,source or deterministic transformation,Copied without personal contact fields by the study builder.,Source- or study-defined.,Context is not a human validation judgment.
manual_validation_change_events_second_review.csv,second_review_assignment_id,Independent second-review or adjudication field.,text,,yes,Blank means the blinded workflow has not reached this step.,reviewer/adjudicator,See MANUAL_VALIDATION_GUIDE.md.,Study-defined explicit vocabulary.,Never overwrite either original reviewer judgment.
manual_validation_change_events_second_review.csv,second_review_selection_probability,Independent second-review or adjudication field.,text,,yes,Blank means the blinded workflow has not reached this step.,reviewer/adjudicator,See MANUAL_VALIDATION_GUIDE.md.,Study-defined explicit vocabulary.,Never overwrite either original reviewer judgment.
manual_validation_change_events_second_review.csv,second_review_sampling_weight,Independent second-review or adjudication field.,text,,yes,Blank means the blinded workflow has not reached this step.,reviewer/adjudicator,See MANUAL_VALIDATION_GUIDE.md.,Study-defined explicit vocabulary.,Never overwrite either original reviewer judgment.
manual_validation_change_events_second_review.csv,second_review_order,Independent second-review or adjudication field.,text,,yes,Blank means the blinded workflow has not reached this step.,reviewer/adjudicator,See MANUAL_VALIDATION_GUIDE.md.,Study-defined explicit vocabulary.,Never overwrite either original reviewer judgment.
manual_validation_change_events_second_review.csv,second_review_status,Independent second-review or adjudication field.,text,,yes,Blank means the blinded workflow has not reached this step.,reviewer/adjudicator,See MANUAL_VALIDATION_GUIDE.md.,Study-defined explicit vocabulary.,Never overwrite either original reviewer judgment.
manual_validation_change_events_second_review.csv,second_reviewer_code,Independent second-review or adjudication field.,text,,yes,Blank means the blinded workflow has not reached this step.,reviewer/adjudicator,See MANUAL_VALIDATION_GUIDE.md.,Study-defined explicit vocabulary.,Never overwrite either original reviewer judgment.
manual_validation_change_events_second_review.csv,second_reviewed_at,Independent second-review or adjudication field.,text,,yes,Blank means the blinded workflow has not reached this step.,reviewer/adjudicator,See MANUAL_VALIDATION_GUIDE.md.,Study-defined explicit vocabulary.,Never overwrite either original reviewer judgment.
manual_validation_change_events_second_review.csv,second_outcome,Independent second-review or adjudication field.,text,,yes,Blank means the blinded workflow has not reached this step.,reviewer/adjudicator,See MANUAL_VALIDATION_GUIDE.md.,Study-defined explicit vocabulary.,Never overwrite either original reviewer judgment.
manual_validation_change_events_second_review.csv,first_reviewer_code,Independent second-review or adjudication field.,text,,yes,Blank means the blinded workflow has not reached this step.,reviewer/adjudicator,See MANUAL_VALIDATION_GUIDE.md.,Study-defined explicit vocabulary.,Never overwrite either original reviewer judgment.
manual_validation_change_events_second_review.csv,first_outcome,Independent second-review or adjudication field.,text,,yes,Blank means the blinded workflow has not reached this step.,reviewer/adjudicator,See MANUAL_VALIDATION_GUIDE.md.,Study-defined explicit vocabulary.,Never overwrite either original reviewer judgment.
manual_validation_change_events_second_review.csv,agreement,Independent second-review or adjudication field.,text,,yes,Blank means the blinded workflow has not reached this step.,reviewer/adjudicator,See MANUAL_VALIDATION_GUIDE.md.,Study-defined explicit vocabulary.,Never overwrite either original reviewer judgment.
manual_validation_change_events_second_review.csv,adjudication_status,Independent second-review or adjudication field.,text,,yes,Blank means the blinded workflow has not reached this step.,reviewer/adjudicator,See MANUAL_VALIDATION_GUIDE.md.,Study-defined explicit vocabulary.,Never overwrite either original reviewer judgment.
manual_validation_change_events_second_review.csv,adjudicated_outcome,Independent second-review or adjudication field.,text,,yes,Blank means the blinded workflow has not reached this step.,reviewer/adjudicator,See MANUAL_VALIDATION_GUIDE.md.,Study-defined explicit vocabulary.,Never overwrite either original reviewer judgment.
manual_validation_change_events_second_review.csv,adjudication_notes,Independent second-review or adjudication field.,text,,yes,Blank means the blinded workflow has not reached this step.,reviewer/adjudicator,See MANUAL_VALIDATION_GUIDE.md.,Study-defined explicit vocabulary.,Never overwrite either original reviewer judgment.
manual_validation_development_sample.csv,audit_sample_id,Identifier or metadata for the manual-validation audit row.,text,,yes,Blank until human review where applicable.,audit workflow,See MANUAL_VALIDATION_PROTOCOL.md.,Protocol-defined.,Not a validation result until completed by a reviewer.
manual_validation_development_sample.csv,protocol_version,Frozen validation-protocol version governing the row.,text,,no,Never blank.,validation study design,validation_study.PROTOCOL_VERSION.,Semantic version.,Do not combine results governed by different protocol versions.
manual_validation_development_sample.csv,random_seed,Integer seed used for the reproducible pseudo-random draw.,integer,,no,Never blank.,validation study design,validation_study.RANDOM_SEED.,20260823 for protocol 1.0.0.,Changing the seed changes the sample.
manual_validation_development_sample.csv,sample_phase,Role of the row in rule development or final evaluation.,categorical text,,no,Never blank.,validation study design,Separate seeded draws.,development; holdout,Do not tune rules using holdout results.
manual_validation_development_sample.csv,sampling_stratum,Sampling or match context included to support manual review.,text,,yes,Blank when not applicable.,derived audit context,Created by create_manual_validation_sample().,Protocol-defined.,Context is not a human judgment.
manual_validation_development_sample.csv,stratum_population,Number of eligible activities in the row's mutually exclusive stratum.,integer,activities,no,Never blank.,derived sampling frame,Count after validation-study stratum assignment.,Positive integer.,Applies to the current release snapshot.
manual_validation_development_sample.csv,phase_sample_size,Number drawn from this stratum for the row's phase.,integer,activities,no,Never blank.,validation study design,Frozen phase-stratum quota.,Positive integer.,Use with stratum_population to recover inclusion probability.
manual_validation_development_sample.csv,selection_probability,Phase-specific probability of selection within the stratum.,decimal,proportion,no,Never blank.,derived sampling design,phase_sample_size / stratum_population.,Greater than 0 and at most 1.,Use phase-specific probabilities; do not combine phases for final inference.
manual_validation_development_sample.csv,sampling_weight,Inverse phase-specific selection probability.,decimal,activities represented,no,Never blank.,derived sampling design,stratum_population / phase_sample_size.,At least 1.,Needed for estimates across disproportionate strata.
manual_validation_development_sample.csv,sample_order,Stable display order within the sample phase.,integer,,no,Never blank.,validation workflow,Sequential order after the seeded draw.,Positive integer.,Not a random score and not an analysis weight.
manual_validation_development_sample.csv,activity_id,Stable identifier for one normalized activity record; not a guaranteed master-project identifier.,text,,no,Never blank.,derived identifier,SHA-1-derived token from source family and native ID; invalid native IDs are isolated by source object.,tpa-*,Several activities may belong to one real development.
manual_validation_development_sample.csv,source_record_id,"Native public record or project identifier supplied by the source, when available.",text,,yes,Blank means the source supplied no usable native identifier.,source,Source-specific record ID field.,Source-defined.,May be reused or missing in source data.
manual_validation_development_sample.csv,source_memberships,Semicolon-delimited source layers contributing to the normalized activity.,text,,no,Never blank.,derived,Distinct source names linked by activity_id.,Named source layers separated by semicolons.,Membership does not establish completeness.
manual_validation_development_sample.csv,activity_class,"Normalized broad category assigned from source layer, record type, description, and reported square footage.",categorical text,,no,Never blank.,derived,Rules in scripts/build_tampa_development.py.,building_construction; demolition; other_permitted_work; planning_application; historic_preservation_application; public_capital:*; single_family_new_construction_or_addition,Classification has not yet been manually accuracy-tested.
manual_validation_development_sample.csv,activity_stage,Normalized procedural stage inferred from official status text and source type.,categorical text,,no,Never blank.,derived,Status keyword rules in classify_stage().,preconstruction_or_unknown; planning_review; permit_or_funding_approved; construction_or_inspection; completed_or_closeout; inactive,A procedural stage does not prove physical completion.
manual_validation_development_sample.csv,status,Status text reported by the source at retrieval.,text,,yes,Blank means unavailable.,source,Source-specific status field.,Source-defined.,Status semantics differ across sources.
manual_validation_development_sample.csv,physical_work_started_dataset,Dataset's pre-review claim about whether physical work started.,categorical text,,no,Never blank.,derived,Same rules as activity_truth_status.physical_work_started.,yes; no; unknown; not_applicable,"This is the claim under review, not reviewer evidence."
manual_validation_development_sample.csv,realization_evidence_grade,Legacy activity-level evidence grade retained for compatibility; use activity_truth_status.verification_grade.,categorical text,,no,Never blank.,derived,Conservative status rules; footprint and closeout signals cannot exceed D.,C; D; P; X; U,This field does not establish completion.
manual_validation_development_sample.csv,parcel_match_confidence,Highest configured confidence among City building-footprint matches.,categorical text,,yes,Blank means no match.,derived,Maximum of match_confidence using high > medium.,high; medium,Confidence is rule-based and awaits manual accuracy measurement.
manual_validation_development_sample.csv,match_methods,Sampling or match context included to support manual review.,text,,yes,Blank when not applicable.,derived audit context,Created by create_manual_validation_sample().,Protocol-defined.,Context is not a human judgment.
manual_validation_development_sample.csv,match_distances_m,Sampling or match context included to support manual review.,text,,yes,Blank when not applicable.,derived audit context,Created by create_manual_validation_sample().,Protocol-defined.,Context is not a human judgment.
manual_validation_development_sample.csv,address,Site address reported by the source.,text,,yes,Blank means unavailable.,source,ADDRESS or FULLADDRESS.,Source-defined street address.,Public but potentially sensitive; aggregate person-focused analyses.
manual_validation_development_sample.csv,neighborhood,City neighborhood label reported by the source.,text,,yes,Blank means unavailable.,source,NEIGHBORHOOD/Neighborhood.,City-defined label.,Not spatially recomputed against a boundary vintage.
manual_validation_development_sample.csv,council_district,City Council district reported by the source.,text,,yes,Blank means unavailable.,source,COUNCIL/COUNCILDISTRICT.,Source-defined district.,District boundaries and assignments can change.
manual_validation_development_sample.csv,latitude,Latitude of the point feature or arithmetic centroid of the preserved source geometry.,decimal,degrees WGS84,yes,Blank means no geometry.,source/derived geometry,Point coordinate or average of geometry vertices.,Approximately 27.5 to 28.3.,Vertex-average centroids can fall outside complex line/polygon features.
manual_validation_development_sample.csv,longitude,Longitude of the point feature or arithmetic centroid of the preserved source geometry.,decimal,degrees WGS84,yes,Blank means no geometry.,source/derived geometry,Point coordinate or average of geometry vertices.,Approximately -83.0 to -82.0.,Vertex-average centroids can fall outside complex line/polygon features.
manual_validation_development_sample.csv,record_type,"Permit, application, capital-project, or preservation record type reported by the source.",text,,yes,Blank means unavailable.,source,Source-specific record-type field.,Source-defined.,Not harmonized across source systems.
manual_validation_development_sample.csv,project_name,Project or application name as reported by the source.,text,,yes,Blank means unavailable.,source,Source-specific project-name field.,Source-defined.,Names are not standardized across layers.
manual_validation_development_sample.csv,description,Free-text project description reported by the source.,text,,yes,Blank means unavailable.,source,Source-specific description field.,Source-defined.,May be incomplete or use administrative language.
manual_validation_development_sample.csv,source_url,"Public record or project-detail URL supplied by the source, when available.",URL,,yes,Blank means no record-level URL was supplied.,source,Source URL field.,HTTP(S) URL.,A URL may later move or expire.
manual_validation_development_sample.csv,review_status,Reviewer workflow state for the row.,categorical text,,yes,Blank means not started.,reviewer-entered,See MANUAL_VALIDATION_PROTOCOL.md.,in_progress; complete,Metrics require complete plus all evidence gates.
manual_validation_development_sample.csv,source_identity_result,Human-review outcome for the named dataset claim.,categorical text,,yes,Blank means not yet reviewed.,reviewer-entered,Frozen field-level rules in MANUAL_VALIDATION_PROTOCOL.md.,supported; contradicted; inconclusive; not_applicable,"An unsuccessful evidence search is inconclusive, not contradicted."
manual_validation_development_sample.csv,activity_classification_result,Human-review outcome for the named dataset claim.,categorical text,,yes,Blank means not yet reviewed.,reviewer-entered,Frozen field-level rules in MANUAL_VALIDATION_PROTOCOL.md.,supported; contradicted; inconclusive; not_applicable,"An unsuccessful evidence search is inconclusive, not contradicted."
manual_validation_development_sample.csv,cross_source_linkage_result,Human-review outcome for the named dataset claim.,categorical text,,yes,Blank means not yet reviewed.,reviewer-entered,Frozen field-level rules in MANUAL_VALIDATION_PROTOCOL.md.,supported; contradicted; inconclusive; not_applicable,"An unsuccessful evidence search is inconclusive, not contradicted."
manual_validation_development_sample.csv,status_interpretation_result,Human-review outcome for the named dataset claim.,categorical text,,yes,Blank means not yet reviewed.,reviewer-entered,Frozen field-level rules in MANUAL_VALIDATION_PROTOCOL.md.,supported; contradicted; inconclusive; not_applicable,"An unsuccessful evidence search is inconclusive, not contradicted."
manual_validation_development_sample.csv,building_footprint_match_result,Human-review outcome for the named dataset claim.,categorical text,,yes,Blank means not yet reviewed.,reviewer-entered,Frozen field-level rules in MANUAL_VALIDATION_PROTOCOL.md.,supported; contradicted; inconclusive; not_applicable,"An unsuccessful evidence search is inconclusive, not contradicted."
manual_validation_development_sample.csv,reviewed_activity_class,Evidence-based activity class assigned by the reviewer.,categorical text,,yes,Blank when classification is inconclusive or not applicable.,reviewer-entered,Frozen activity-classification rule.,Dataset activity_class vocabulary.,"Requires cited, manually confirmed evidence."
manual_validation_development_sample.csv,reviewed_activity_stage,Evidence-based procedural stage assigned by the reviewer.,categorical text,,yes,Blank when status is inconclusive or not applicable.,reviewer-entered,Frozen status-interpretation rule.,Dataset activity_stage vocabulary.,Must describe the status at the relevant snapshot date.
manual_validation_development_sample.csv,physical_work_evidence,Reviewer's finding about affirmative evidence of physical work.,categorical text,,yes,Blank means not yet reviewed.,reviewer-entered,Frozen physical-evidence rule.,present; absent; unknown; not_applicable,"Failure to find evidence must be coded unknown, not absent."
manual_validation_development_sample.csv,evidence_source_types,Semicolon-delimited categories of sources manually reviewed.,text,,yes,Blank means not yet reviewed.,reviewer-entered,Acceptable-source list in MANUAL_VALIDATION_PROTOCOL.md.,Protocol-defined source categories.,AI output alone is not an evidence source.
manual_validation_development_sample.csv,primary_evidence_url,Public URL for evidence used in the review.,URL,,yes,Blank when unavailable; a stable document reference is required if the primary URL is blank.,reviewer-entered,Manually opened evidence source.,HTTP(S) URL.,Links can change; record access time and document reference when possible.
manual_validation_development_sample.csv,secondary_evidence_url,Optional second public URL used to corroborate the judgment.,URL,,yes,Blank means one evidence source was used.,external evidence,Public-source review.,HTTP(S) URL.,A second URL is not necessarily independent of the first.
manual_validation_development_sample.csv,evidence_document_reference,"Stable document title, identifier, archive reference, or local citation for reviewed evidence.",text,,yes,Blank when the primary evidence URL is sufficient.,reviewer-entered,Recorded during evidence review.,Free text.,Must be specific enough to relocate the evidence.
manual_validation_development_sample.csv,evidence_accessed_at_utc,UTC timestamp for evidence access or review completion.,datetime,UTC,yes,Blank means not yet reviewed.,reviewer-entered,ISO 8601 UTC timestamp.,ISO 8601 timestamp.,Evidence can change after access.
manual_validation_development_sample.csv,ai_assistance_used,Whether AI assisted in locating candidate evidence.,categorical text,,yes,Blank means not yet reviewed.,reviewer-entered,Disclosure required by the protocol.,yes; no,AI assistance does not replace human confirmation.
manual_validation_development_sample.csv,manual_evidence_confirmed,Whether a human opened and confirmed the cited evidence.,categorical text,,yes,Blank means not yet reviewed.,reviewer-entered,Completion gate in scripts/review_metrics.py.,yes; no,Only yes is accepted for a completed review.
manual_validation_development_sample.csv,reviewer_id,Reviewer-entered audit evidence or provenance.,text,,yes,Blank means not yet reviewed or not applicable.,reviewer-entered,See MANUAL_VALIDATION_PROTOCOL.md.,Protocol-defined.,Independent evidence URLs and reviewer provenance are required for completed judgments where specified.
manual_validation_development_sample.csv,reviewed_at_utc,UTC date or timestamp of the evidence review.,datetime,UTC,yes,Blank in the untouched manual sample; populated in completed pilot checks.,reviewer-entered,ISO 8601 UTC value.,ISO 8601 date or timestamp.,Evidence may change later.
manual_validation_development_sample.csv,review_notes,Reviewer-entered audit evidence or provenance.,text,,yes,Blank means not yet reviewed or not applicable.,reviewer-entered,See MANUAL_VALIDATION_PROTOCOL.md.,Protocol-defined.,Independent evidence URLs and reviewer provenance are required for completed judgments where specified.
manual_validation_holdout_sample.csv,audit_sample_id,Identifier or metadata for the manual-validation audit row.,text,,yes,Blank until human review where applicable.,audit workflow,See MANUAL_VALIDATION_PROTOCOL.md.,Protocol-defined.,Not a validation result until completed by a reviewer.
manual_validation_holdout_sample.csv,protocol_version,Frozen validation-protocol version governing the row.,text,,no,Never blank.,validation study design,validation_study.PROTOCOL_VERSION.,Semantic version.,Do not combine results governed by different protocol versions.
manual_validation_holdout_sample.csv,random_seed,Integer seed used for the reproducible pseudo-random draw.,integer,,no,Never blank.,validation study design,validation_study.RANDOM_SEED.,20260823 for protocol 1.0.0.,Changing the seed changes the sample.
manual_validation_holdout_sample.csv,sample_phase,Role of the row in rule development or final evaluation.,categorical text,,no,Never blank.,validation study design,Separate seeded draws.,development; holdout,Do not tune rules using holdout results.
manual_validation_holdout_sample.csv,sampling_stratum,Sampling or match context included to support manual review.,text,,yes,Blank when not applicable.,derived audit context,Created by create_manual_validation_sample().,Protocol-defined.,Context is not a human judgment.
manual_validation_holdout_sample.csv,stratum_population,Number of eligible activities in the row's mutually exclusive stratum.,integer,activities,no,Never blank.,derived sampling frame,Count after validation-study stratum assignment.,Positive integer.,Applies to the current release snapshot.
manual_validation_holdout_sample.csv,phase_sample_size,Number drawn from this stratum for the row's phase.,integer,activities,no,Never blank.,validation study design,Frozen phase-stratum quota.,Positive integer.,Use with stratum_population to recover inclusion probability.
manual_validation_holdout_sample.csv,selection_probability,Phase-specific probability of selection within the stratum.,decimal,proportion,no,Never blank.,derived sampling design,phase_sample_size / stratum_population.,Greater than 0 and at most 1.,Use phase-specific probabilities; do not combine phases for final inference.
manual_validation_holdout_sample.csv,sampling_weight,Inverse phase-specific selection probability.,decimal,activities represented,no,Never blank.,derived sampling design,stratum_population / phase_sample_size.,At least 1.,Needed for estimates across disproportionate strata.
manual_validation_holdout_sample.csv,sample_order,Stable display order within the sample phase.,integer,,no,Never blank.,validation workflow,Sequential order after the seeded draw.,Positive integer.,Not a random score and not an analysis weight.
manual_validation_holdout_sample.csv,activity_id,Stable identifier for one normalized activity record; not a guaranteed master-project identifier.,text,,no,Never blank.,derived identifier,SHA-1-derived token from source family and native ID; invalid native IDs are isolated by source object.,tpa-*,Several activities may belong to one real development.
manual_validation_holdout_sample.csv,source_record_id,"Native public record or project identifier supplied by the source, when available.",text,,yes,Blank means the source supplied no usable native identifier.,source,Source-specific record ID field.,Source-defined.,May be reused or missing in source data.
manual_validation_holdout_sample.csv,source_memberships,Semicolon-delimited source layers contributing to the normalized activity.,text,,no,Never blank.,derived,Distinct source names linked by activity_id.,Named source layers separated by semicolons.,Membership does not establish completeness.
manual_validation_holdout_sample.csv,activity_class,"Normalized broad category assigned from source layer, record type, description, and reported square footage.",categorical text,,no,Never blank.,derived,Rules in scripts/build_tampa_development.py.,building_construction; demolition; other_permitted_work; planning_application; historic_preservation_application; public_capital:*; single_family_new_construction_or_addition,Classification has not yet been manually accuracy-tested.
manual_validation_holdout_sample.csv,activity_stage,Normalized procedural stage inferred from official status text and source type.,categorical text,,no,Never blank.,derived,Status keyword rules in classify_stage().,preconstruction_or_unknown; planning_review; permit_or_funding_approved; construction_or_inspection; completed_or_closeout; inactive,A procedural stage does not prove physical completion.
manual_validation_holdout_sample.csv,status,Status text reported by the source at retrieval.,text,,yes,Blank means unavailable.,source,Source-specific status field.,Source-defined.,Status semantics differ across sources.
manual_validation_holdout_sample.csv,physical_work_started_dataset,Dataset's pre-review claim about whether physical work started.,categorical text,,no,Never blank.,derived,Same rules as activity_truth_status.physical_work_started.,yes; no; unknown; not_applicable,"This is the claim under review, not reviewer evidence."
manual_validation_holdout_sample.csv,realization_evidence_grade,Legacy activity-level evidence grade retained for compatibility; use activity_truth_status.verification_grade.,categorical text,,no,Never blank.,derived,Conservative status rules; footprint and closeout signals cannot exceed D.,C; D; P; X; U,This field does not establish completion.
manual_validation_holdout_sample.csv,parcel_match_confidence,Highest configured confidence among City building-footprint matches.,categorical text,,yes,Blank means no match.,derived,Maximum of match_confidence using high > medium.,high; medium,Confidence is rule-based and awaits manual accuracy measurement.
manual_validation_holdout_sample.csv,match_methods,Sampling or match context included to support manual review.,text,,yes,Blank when not applicable.,derived audit context,Created by create_manual_validation_sample().,Protocol-defined.,Context is not a human judgment.
manual_validation_holdout_sample.csv,match_distances_m,Sampling or match context included to support manual review.,text,,yes,Blank when not applicable.,derived audit context,Created by create_manual_validation_sample().,Protocol-defined.,Context is not a human judgment.
manual_validation_holdout_sample.csv,address,Site address reported by the source.,text,,yes,Blank means unavailable.,source,ADDRESS or FULLADDRESS.,Source-defined street address.,Public but potentially sensitive; aggregate person-focused analyses.
manual_validation_holdout_sample.csv,neighborhood,City neighborhood label reported by the source.,text,,yes,Blank means unavailable.,source,NEIGHBORHOOD/Neighborhood.,City-defined label.,Not spatially recomputed against a boundary vintage.
manual_validation_holdout_sample.csv,council_district,City Council district reported by the source.,text,,yes,Blank means unavailable.,source,COUNCIL/COUNCILDISTRICT.,Source-defined district.,District boundaries and assignments can change.
manual_validation_holdout_sample.csv,latitude,Latitude of the point feature or arithmetic centroid of the preserved source geometry.,decimal,degrees WGS84,yes,Blank means no geometry.,source/derived geometry,Point coordinate or average of geometry vertices.,Approximately 27.5 to 28.3.,Vertex-average centroids can fall outside complex line/polygon features.
manual_validation_holdout_sample.csv,longitude,Longitude of the point feature or arithmetic centroid of the preserved source geometry.,decimal,degrees WGS84,yes,Blank means no geometry.,source/derived geometry,Point coordinate or average of geometry vertices.,Approximately -83.0 to -82.0.,Vertex-average centroids can fall outside complex line/polygon features.
manual_validation_holdout_sample.csv,record_type,"Permit, application, capital-project, or preservation record type reported by the source.",text,,yes,Blank means unavailable.,source,Source-specific record-type field.,Source-defined.,Not harmonized across source systems.
manual_validation_holdout_sample.csv,project_name,Project or application name as reported by the source.,text,,yes,Blank means unavailable.,source,Source-specific project-name field.,Source-defined.,Names are not standardized across layers.
manual_validation_holdout_sample.csv,description,Free-text project description reported by the source.,text,,yes,Blank means unavailable.,source,Source-specific description field.,Source-defined.,May be incomplete or use administrative language.
manual_validation_holdout_sample.csv,source_url,"Public record or project-detail URL supplied by the source, when available.",URL,,yes,Blank means no record-level URL was supplied.,source,Source URL field.,HTTP(S) URL.,A URL may later move or expire.
manual_validation_holdout_sample.csv,review_status,Reviewer workflow state for the row.,categorical text,,yes,Blank means not started.,reviewer-entered,See MANUAL_VALIDATION_PROTOCOL.md.,in_progress; complete,Metrics require complete plus all evidence gates.
manual_validation_holdout_sample.csv,source_identity_result,Human-review outcome for the named dataset claim.,categorical text,,yes,Blank means not yet reviewed.,reviewer-entered,Frozen field-level rules in MANUAL_VALIDATION_PROTOCOL.md.,supported; contradicted; inconclusive; not_applicable,"An unsuccessful evidence search is inconclusive, not contradicted."
manual_validation_holdout_sample.csv,activity_classification_result,Human-review outcome for the named dataset claim.,categorical text,,yes,Blank means not yet reviewed.,reviewer-entered,Frozen field-level rules in MANUAL_VALIDATION_PROTOCOL.md.,supported; contradicted; inconclusive; not_applicable,"An unsuccessful evidence search is inconclusive, not contradicted."
manual_validation_holdout_sample.csv,cross_source_linkage_result,Human-review outcome for the named dataset claim.,categorical text,,yes,Blank means not yet reviewed.,reviewer-entered,Frozen field-level rules in MANUAL_VALIDATION_PROTOCOL.md.,supported; contradicted; inconclusive; not_applicable,"An unsuccessful evidence search is inconclusive, not contradicted."
manual_validation_holdout_sample.csv,status_interpretation_result,Human-review outcome for the named dataset claim.,categorical text,,yes,Blank means not yet reviewed.,reviewer-entered,Frozen field-level rules in MANUAL_VALIDATION_PROTOCOL.md.,supported; contradicted; inconclusive; not_applicable,"An unsuccessful evidence search is inconclusive, not contradicted."
manual_validation_holdout_sample.csv,building_footprint_match_result,Human-review outcome for the named dataset claim.,categorical text,,yes,Blank means not yet reviewed.,reviewer-entered,Frozen field-level rules in MANUAL_VALIDATION_PROTOCOL.md.,supported; contradicted; inconclusive; not_applicable,"An unsuccessful evidence search is inconclusive, not contradicted."
manual_validation_holdout_sample.csv,reviewed_activity_class,Evidence-based activity class assigned by the reviewer.,categorical text,,yes,Blank when classification is inconclusive or not applicable.,reviewer-entered,Frozen activity-classification rule.,Dataset activity_class vocabulary.,"Requires cited, manually confirmed evidence."
manual_validation_holdout_sample.csv,reviewed_activity_stage,Evidence-based procedural stage assigned by the reviewer.,categorical text,,yes,Blank when status is inconclusive or not applicable.,reviewer-entered,Frozen status-interpretation rule.,Dataset activity_stage vocabulary.,Must describe the status at the relevant snapshot date.
manual_validation_holdout_sample.csv,physical_work_evidence,Reviewer's finding about affirmative evidence of physical work.,categorical text,,yes,Blank means not yet reviewed.,reviewer-entered,Frozen physical-evidence rule.,present; absent; unknown; not_applicable,"Failure to find evidence must be coded unknown, not absent."
manual_validation_holdout_sample.csv,evidence_source_types,Semicolon-delimited categories of sources manually reviewed.,text,,yes,Blank means not yet reviewed.,reviewer-entered,Acceptable-source list in MANUAL_VALIDATION_PROTOCOL.md.,Protocol-defined source categories.,AI output alone is not an evidence source.
manual_validation_holdout_sample.csv,primary_evidence_url,Public URL for evidence used in the review.,URL,,yes,Blank when unavailable; a stable document reference is required if the primary URL is blank.,reviewer-entered,Manually opened evidence source.,HTTP(S) URL.,Links can change; record access time and document reference when possible.
manual_validation_holdout_sample.csv,secondary_evidence_url,Optional second public URL used to corroborate the judgment.,URL,,yes,Blank means one evidence source was used.,external evidence,Public-source review.,HTTP(S) URL.,A second URL is not necessarily independent of the first.
manual_validation_holdout_sample.csv,evidence_document_reference,"Stable document title, identifier, archive reference, or local citation for reviewed evidence.",text,,yes,Blank when the primary evidence URL is sufficient.,reviewer-entered,Recorded during evidence review.,Free text.,Must be specific enough to relocate the evidence.
manual_validation_holdout_sample.csv,evidence_accessed_at_utc,UTC timestamp for evidence access or review completion.,datetime,UTC,yes,Blank means not yet reviewed.,reviewer-entered,ISO 8601 UTC timestamp.,ISO 8601 timestamp.,Evidence can change after access.
manual_validation_holdout_sample.csv,ai_assistance_used,Whether AI assisted in locating candidate evidence.,categorical text,,yes,Blank means not yet reviewed.,reviewer-entered,Disclosure required by the protocol.,yes; no,AI assistance does not replace human confirmation.
manual_validation_holdout_sample.csv,manual_evidence_confirmed,Whether a human opened and confirmed the cited evidence.,categorical text,,yes,Blank means not yet reviewed.,reviewer-entered,Completion gate in scripts/review_metrics.py.,yes; no,Only yes is accepted for a completed review.
manual_validation_holdout_sample.csv,reviewer_id,Reviewer-entered audit evidence or provenance.,text,,yes,Blank means not yet reviewed or not applicable.,reviewer-entered,See MANUAL_VALIDATION_PROTOCOL.md.,Protocol-defined.,Independent evidence URLs and reviewer provenance are required for completed judgments where specified.
manual_validation_holdout_sample.csv,reviewed_at_utc,UTC date or timestamp of the evidence review.,datetime,UTC,yes,Blank in the untouched manual sample; populated in completed pilot checks.,reviewer-entered,ISO 8601 UTC value.,ISO 8601 date or timestamp.,Evidence may change later.
manual_validation_holdout_sample.csv,review_notes,Reviewer-entered audit evidence or provenance.,text,,yes,Blank means not yet reviewed or not applicable.,reviewer-entered,See MANUAL_VALIDATION_PROTOCOL.md.,Protocol-defined.,Independent evidence URLs and reviewer provenance are required for completed judgments where specified.
manual_validation_integration_links.csv,validation_sample_id,Stable identifier for one validation assignment.,text,,no,Never blank.,validation design,Deterministic ID after the seeded draw.,Study prefix plus integer.,"Identifies a review unit, not a development entity."
manual_validation_integration_links.csv,study_id,Validation study governing the assignment.,categorical text,,no,Never blank.,validation design,Fixed by the study builder.,Registered study ID.,Do not combine unlike validation layers.
manual_validation_integration_links.csv,protocol_version,Version of the study protocol.,text,,no,Never blank.,validation design,Fixed by the study builder.,Semantic version.,Version changes can alter inference scope.
manual_validation_integration_links.csv,random_seed,Seed for deterministic pseudo-random ranking.,integer,,no,Never blank.,validation design,Explicit builder seed.,Positive integer.,Changing the seed changes assignments.
manual_validation_integration_links.csv,sampling_universe_sha256,SHA-256 of sorted eligible identities and strata.,text,,no,Never blank.,sampling frame,canonical_universe_hash().,64 lowercase hexadecimal characters.,Changes when the eligible frame or strata change.
manual_validation_integration_links.csv,sampling_universe_size,Eligible review units in the frozen frame.,integer,records/events,no,Never blank.,sampling frame,Count before selection.,Positive integer.,Interpret together with the universe hash.
manual_validation_integration_links.csv,target_sample_size,Requested first-review sample size.,integer,assignments,no,Never blank.,validation design,Explicit builder target.,Positive integer.,Not the number already reviewed.
manual_validation_integration_links.csv,sampling_stratum,Mutually exclusive design stratum.,categorical text,,no,Never blank.,sampling design,Study-specific stratum function.,Study-defined.,Use stratum weights for aggregate inference.
manual_validation_integration_links.csv,stratum_population,Eligible units in this stratum.,integer,records/events,no,Never blank.,sampling frame,Count by sampling_stratum.,Positive integer.,Applies only to the frozen frame.
manual_validation_integration_links.csv,stratum_sample_size,First-review assignments drawn from this stratum.,integer,assignments,no,Never blank.,sampling design,Deterministic proportional/minimum allocation.,Positive integer.,Small strata can be oversampled deliberately.
manual_validation_integration_links.csv,inclusion_probability,Probability of selection within the stratum.,decimal,proportion,no,Never blank.,sampling design,stratum_sample_size / stratum_population.,Greater than 0 and at most 1.,Required for probability-based estimates.
manual_validation_integration_links.csv,sampling_weight,Inverse first-review inclusion probability.,decimal,eligible units represented,no,Never blank.,sampling design,stratum_population / stratum_sample_size.,At least 1.,Unweighted totals are descriptive under disproportionate allocation.
manual_validation_integration_links.csv,sample_order,Deterministic display order.,integer,,no,Never blank.,validation workflow,Sequential order after seeded selection.,Positive integer.,Not an analysis weight.
manual_validation_integration_links.csv,generated_from,Repository-relative source frame used by the builder.,text,,no,Never blank.,validation provenance,Recorded by the builder.,Repository-relative path list or note.,Does not itself establish source correctness.
manual_validation_integration_links.csv,accela_record_id,"Source, transformation, linkage, or change context frozen with the validation assignment.",text,,yes,Blank when the source or decision does not supply the field.,source or deterministic transformation,Copied without personal contact fields by the study builder.,Source- or study-defined.,Context is not a human validation judgment.
manual_validation_integration_links.csv,record_number,"Source, transformation, linkage, or change context frozen with the validation assignment.",text,,yes,Blank when the source or decision does not supply the field.,source or deterministic transformation,Copied without personal contact fields by the study builder.,Source- or study-defined.,Context is not a human validation judgment.
manual_validation_integration_links.csv,source_module,"Source, transformation, linkage, or change context frozen with the validation assignment.",text,,yes,Blank when the source or decision does not supply the field.,source or deterministic transformation,Copied without personal contact fields by the study builder.,Source- or study-defined.,Context is not a human validation judgment.
manual_validation_integration_links.csv,gis_activity_id,"Source, transformation, linkage, or change context frozen with the validation assignment.",text,,yes,Blank when the source or decision does not supply the field.,source or deterministic transformation,Copied without personal contact fields by the study builder.,Source- or study-defined.,Context is not a human validation judgment.
manual_validation_integration_links.csv,integrated_activity_id,"Source, transformation, linkage, or change context frozen with the validation assignment.",text,,yes,Blank when the source or decision does not supply the field.,source or deterministic transformation,Copied without personal contact fields by the study builder.,Source- or study-defined.,Context is not a human validation judgment.
manual_validation_integration_links.csv,automated_linkage_decision,"Source, transformation, linkage, or change context frozen with the validation assignment.",text,,yes,Blank when the source or decision does not supply the field.,source or deterministic transformation,Copied without personal contact fields by the study builder.,Source- or study-defined.,Context is not a human validation judgment.
manual_validation_integration_links.csv,linkage_rule_used,"Source, transformation, linkage, or change context frozen with the validation assignment.",text,,yes,Blank when the source or decision does not supply the field.,source or deterministic transformation,Copied without personal contact fields by the study builder.,Source- or study-defined.,Context is not a human validation judgment.
manual_validation_integration_links.csv,candidate_count,"Source, transformation, linkage, or change context frozen with the validation assignment.",text,,yes,Blank when the source or decision does not supply the field.,source or deterministic transformation,Copied without personal contact fields by the study builder.,Source- or study-defined.,Context is not a human validation judgment.
manual_validation_integration_links.csv,duplicate_key,"Source, transformation, linkage, or change context frozen with the validation assignment.",text,,yes,Blank when the source or decision does not supply the field.,source or deterministic transformation,Copied without personal contact fields by the study builder.,Source- or study-defined.,Context is not a human validation judgment.
manual_validation_integration_links.csv,automated_review_required,"Source, transformation, linkage, or change context frozen with the validation assignment.",text,,yes,Blank when the source or decision does not supply the field.,source or deterministic transformation,Copied without personal contact fields by the study builder.,Source- or study-defined.,Context is not a human validation judgment.
manual_validation_integration_links.csv,review_status,First-review workflow state.,categorical text,,yes,Blank means not started.,reviewer,Entered under the study guide.,pending; in_progress; complete; excluded,Complete does not imply a yes outcome.
manual_validation_integration_links.csv,human_linkage_assessment,Study-specific human interpretation.,categorical text,,yes,Blank means not reviewed.,reviewer,Decision rules in MANUAL_VALIDATION_GUIDE.md.,Study-defined vocabulary including unknown and not_applicable.,Not a generic record-level accuracy score.
manual_validation_integration_links.csv,duplicate_assessment,Study-specific human interpretation.,categorical text,,yes,Blank means not reviewed.,reviewer,Decision rules in MANUAL_VALIDATION_GUIDE.md.,Study-defined vocabulary including unknown and not_applicable.,Not a generic record-level accuracy score.
manual_validation_integration_links.csv,false_positive_link,Claim-specific human-review outcome.,categorical text,,yes,Blank means not reviewed.,reviewer,Evidence-based decision under the study guide.,yes; no; unknown; not_applicable,Applies only to the named validation claim.
manual_validation_integration_links.csv,false_negative_link,Claim-specific human-review outcome.,categorical text,,yes,Blank means not reviewed.,reviewer,Evidence-based decision under the study guide.,yes; no; unknown; not_applicable,Applies only to the named validation claim.
manual_validation_integration_links.csv,ambiguous,Claim-specific human-review outcome.,categorical text,,yes,Blank means not reviewed.,reviewer,Evidence-based decision under the study guide.,yes; no; unknown; not_applicable,Applies only to the named validation claim.
manual_validation_integration_links.csv,linkage_outcome,Claim-specific human-review outcome.,categorical text,,yes,Blank means not reviewed.,reviewer,Evidence-based decision under the study guide.,yes; no; unknown; not_applicable,Applies only to the named validation claim.
manual_validation_integration_links.csv,evidence_reference,Human-review provenance or evidence field.,text,,yes,Blank means not reviewed or unavailable.,reviewer,Entered under MANUAL_VALIDATION_GUIDE.md.,"Non-personal code, ISO timestamp, citation, or concise notes.",Do not enter personal contact data; AI output is not evidence.
manual_validation_integration_links.csv,review_notes,Human-review provenance or evidence field.,text,,yes,Blank means not reviewed or unavailable.,reviewer,Entered under MANUAL_VALIDATION_GUIDE.md.,"Non-personal code, ISO timestamp, citation, or concise notes.",Do not enter personal contact data; AI output is not evidence.
manual_validation_integration_links.csv,reviewer_code,Human-review provenance or evidence field.,text,,yes,Blank means not reviewed or unavailable.,reviewer,Entered under MANUAL_VALIDATION_GUIDE.md.,"Non-personal code, ISO timestamp, citation, or concise notes.",Do not enter personal contact data; AI output is not evidence.
manual_validation_integration_links.csv,reviewed_at,Human-review provenance or evidence field.,text,,yes,Blank means not reviewed or unavailable.,reviewer,Entered under MANUAL_VALIDATION_GUIDE.md.,"Non-personal code, ISO timestamp, citation, or concise notes.",Do not enter personal contact data; AI output is not evidence.
manual_validation_integration_links_second_review.csv,validation_sample_id,Stable identifier for one validation assignment.,text,,no,Never blank.,validation design,Deterministic ID after the seeded draw.,Study prefix plus integer.,"Identifies a review unit, not a development entity."
manual_validation_integration_links_second_review.csv,study_id,Validation study governing the assignment.,categorical text,,no,Never blank.,validation design,Fixed by the study builder.,Registered study ID.,Do not combine unlike validation layers.
manual_validation_integration_links_second_review.csv,protocol_version,Version of the study protocol.,text,,no,Never blank.,validation design,Fixed by the study builder.,Semantic version.,Version changes can alter inference scope.
manual_validation_integration_links_second_review.csv,random_seed,Seed for deterministic pseudo-random ranking.,integer,,no,Never blank.,validation design,Explicit builder seed.,Positive integer.,Changing the seed changes assignments.
manual_validation_integration_links_second_review.csv,sampling_universe_sha256,SHA-256 of sorted eligible identities and strata.,text,,no,Never blank.,sampling frame,canonical_universe_hash().,64 lowercase hexadecimal characters.,Changes when the eligible frame or strata change.
manual_validation_integration_links_second_review.csv,sampling_universe_size,Eligible review units in the frozen frame.,integer,records/events,no,Never blank.,sampling frame,Count before selection.,Positive integer.,Interpret together with the universe hash.
manual_validation_integration_links_second_review.csv,target_sample_size,Requested first-review sample size.,integer,assignments,no,Never blank.,validation design,Explicit builder target.,Positive integer.,Not the number already reviewed.
manual_validation_integration_links_second_review.csv,sampling_stratum,Mutually exclusive design stratum.,categorical text,,no,Never blank.,sampling design,Study-specific stratum function.,Study-defined.,Use stratum weights for aggregate inference.
manual_validation_integration_links_second_review.csv,stratum_population,Eligible units in this stratum.,integer,records/events,no,Never blank.,sampling frame,Count by sampling_stratum.,Positive integer.,Applies only to the frozen frame.
manual_validation_integration_links_second_review.csv,stratum_sample_size,First-review assignments drawn from this stratum.,integer,assignments,no,Never blank.,sampling design,Deterministic proportional/minimum allocation.,Positive integer.,Small strata can be oversampled deliberately.
manual_validation_integration_links_second_review.csv,inclusion_probability,Probability of selection within the stratum.,decimal,proportion,no,Never blank.,sampling design,stratum_sample_size / stratum_population.,Greater than 0 and at most 1.,Required for probability-based estimates.
manual_validation_integration_links_second_review.csv,sampling_weight,Inverse first-review inclusion probability.,decimal,eligible units represented,no,Never blank.,sampling design,stratum_population / stratum_sample_size.,At least 1.,Unweighted totals are descriptive under disproportionate allocation.
manual_validation_integration_links_second_review.csv,sample_order,Deterministic display order.,integer,,no,Never blank.,validation workflow,Sequential order after seeded selection.,Positive integer.,Not an analysis weight.
manual_validation_integration_links_second_review.csv,generated_from,Repository-relative source frame used by the builder.,text,,no,Never blank.,validation provenance,Recorded by the builder.,Repository-relative path list or note.,Does not itself establish source correctness.
manual_validation_integration_links_second_review.csv,accela_record_id,"Source, transformation, linkage, or change context frozen with the validation assignment.",text,,yes,Blank when the source or decision does not supply the field.,source or deterministic transformation,Copied without personal contact fields by the study builder.,Source- or study-defined.,Context is not a human validation judgment.
manual_validation_integration_links_second_review.csv,record_number,"Source, transformation, linkage, or change context frozen with the validation assignment.",text,,yes,Blank when the source or decision does not supply the field.,source or deterministic transformation,Copied without personal contact fields by the study builder.,Source- or study-defined.,Context is not a human validation judgment.
manual_validation_integration_links_second_review.csv,source_module,"Source, transformation, linkage, or change context frozen with the validation assignment.",text,,yes,Blank when the source or decision does not supply the field.,source or deterministic transformation,Copied without personal contact fields by the study builder.,Source- or study-defined.,Context is not a human validation judgment.
manual_validation_integration_links_second_review.csv,gis_activity_id,"Source, transformation, linkage, or change context frozen with the validation assignment.",text,,yes,Blank when the source or decision does not supply the field.,source or deterministic transformation,Copied without personal contact fields by the study builder.,Source- or study-defined.,Context is not a human validation judgment.
manual_validation_integration_links_second_review.csv,integrated_activity_id,"Source, transformation, linkage, or change context frozen with the validation assignment.",text,,yes,Blank when the source or decision does not supply the field.,source or deterministic transformation,Copied without personal contact fields by the study builder.,Source- or study-defined.,Context is not a human validation judgment.
manual_validation_integration_links_second_review.csv,automated_linkage_decision,"Source, transformation, linkage, or change context frozen with the validation assignment.",text,,yes,Blank when the source or decision does not supply the field.,source or deterministic transformation,Copied without personal contact fields by the study builder.,Source- or study-defined.,Context is not a human validation judgment.
manual_validation_integration_links_second_review.csv,linkage_rule_used,"Source, transformation, linkage, or change context frozen with the validation assignment.",text,,yes,Blank when the source or decision does not supply the field.,source or deterministic transformation,Copied without personal contact fields by the study builder.,Source- or study-defined.,Context is not a human validation judgment.
manual_validation_integration_links_second_review.csv,candidate_count,"Source, transformation, linkage, or change context frozen with the validation assignment.",text,,yes,Blank when the source or decision does not supply the field.,source or deterministic transformation,Copied without personal contact fields by the study builder.,Source- or study-defined.,Context is not a human validation judgment.
manual_validation_integration_links_second_review.csv,duplicate_key,"Source, transformation, linkage, or change context frozen with the validation assignment.",text,,yes,Blank when the source or decision does not supply the field.,source or deterministic transformation,Copied without personal contact fields by the study builder.,Source- or study-defined.,Context is not a human validation judgment.
manual_validation_integration_links_second_review.csv,automated_review_required,"Source, transformation, linkage, or change context frozen with the validation assignment.",text,,yes,Blank when the source or decision does not supply the field.,source or deterministic transformation,Copied without personal contact fields by the study builder.,Source- or study-defined.,Context is not a human validation judgment.
manual_validation_integration_links_second_review.csv,second_review_assignment_id,Independent second-review or adjudication field.,text,,yes,Blank means the blinded workflow has not reached this step.,reviewer/adjudicator,See MANUAL_VALIDATION_GUIDE.md.,Study-defined explicit vocabulary.,Never overwrite either original reviewer judgment.
manual_validation_integration_links_second_review.csv,second_review_selection_probability,Independent second-review or adjudication field.,text,,yes,Blank means the blinded workflow has not reached this step.,reviewer/adjudicator,See MANUAL_VALIDATION_GUIDE.md.,Study-defined explicit vocabulary.,Never overwrite either original reviewer judgment.
manual_validation_integration_links_second_review.csv,second_review_sampling_weight,Independent second-review or adjudication field.,text,,yes,Blank means the blinded workflow has not reached this step.,reviewer/adjudicator,See MANUAL_VALIDATION_GUIDE.md.,Study-defined explicit vocabulary.,Never overwrite either original reviewer judgment.
manual_validation_integration_links_second_review.csv,second_review_order,Independent second-review or adjudication field.,text,,yes,Blank means the blinded workflow has not reached this step.,reviewer/adjudicator,See MANUAL_VALIDATION_GUIDE.md.,Study-defined explicit vocabulary.,Never overwrite either original reviewer judgment.
manual_validation_integration_links_second_review.csv,second_review_status,Independent second-review or adjudication field.,text,,yes,Blank means the blinded workflow has not reached this step.,reviewer/adjudicator,See MANUAL_VALIDATION_GUIDE.md.,Study-defined explicit vocabulary.,Never overwrite either original reviewer judgment.
manual_validation_integration_links_second_review.csv,second_reviewer_code,Independent second-review or adjudication field.,text,,yes,Blank means the blinded workflow has not reached this step.,reviewer/adjudicator,See MANUAL_VALIDATION_GUIDE.md.,Study-defined explicit vocabulary.,Never overwrite either original reviewer judgment.
manual_validation_integration_links_second_review.csv,second_reviewed_at,Independent second-review or adjudication field.,text,,yes,Blank means the blinded workflow has not reached this step.,reviewer/adjudicator,See MANUAL_VALIDATION_GUIDE.md.,Study-defined explicit vocabulary.,Never overwrite either original reviewer judgment.
manual_validation_integration_links_second_review.csv,second_outcome,Independent second-review or adjudication field.,text,,yes,Blank means the blinded workflow has not reached this step.,reviewer/adjudicator,See MANUAL_VALIDATION_GUIDE.md.,Study-defined explicit vocabulary.,Never overwrite either original reviewer judgment.
manual_validation_integration_links_second_review.csv,first_reviewer_code,Independent second-review or adjudication field.,text,,yes,Blank means the blinded workflow has not reached this step.,reviewer/adjudicator,See MANUAL_VALIDATION_GUIDE.md.,Study-defined explicit vocabulary.,Never overwrite either original reviewer judgment.
manual_validation_integration_links_second_review.csv,first_outcome,Independent second-review or adjudication field.,text,,yes,Blank means the blinded workflow has not reached this step.,reviewer/adjudicator,See MANUAL_VALIDATION_GUIDE.md.,Study-defined explicit vocabulary.,Never overwrite either original reviewer judgment.
manual_validation_integration_links_second_review.csv,agreement,Independent second-review or adjudication field.,text,,yes,Blank means the blinded workflow has not reached this step.,reviewer/adjudicator,See MANUAL_VALIDATION_GUIDE.md.,Study-defined explicit vocabulary.,Never overwrite either original reviewer judgment.
manual_validation_integration_links_second_review.csv,adjudication_status,Independent second-review or adjudication field.,text,,yes,Blank means the blinded workflow has not reached this step.,reviewer/adjudicator,See MANUAL_VALIDATION_GUIDE.md.,Study-defined explicit vocabulary.,Never overwrite either original reviewer judgment.
manual_validation_integration_links_second_review.csv,adjudicated_outcome,Independent second-review or adjudication field.,text,,yes,Blank means the blinded workflow has not reached this step.,reviewer/adjudicator,See MANUAL_VALIDATION_GUIDE.md.,Study-defined explicit vocabulary.,Never overwrite either original reviewer judgment.
manual_validation_integration_links_second_review.csv,adjudication_notes,Independent second-review or adjudication field.,text,,yes,Blank means the blinded workflow has not reached this step.,reviewer/adjudicator,See MANUAL_VALIDATION_GUIDE.md.,Study-defined explicit vocabulary.,Never overwrite either original reviewer judgment.
manual_validation_sample.csv,audit_sample_id,Identifier or metadata for the manual-validation audit row.,text,,yes,Blank until human review where applicable.,audit workflow,See MANUAL_VALIDATION_PROTOCOL.md.,Protocol-defined.,Not a validation result until completed by a reviewer.
manual_validation_sample.csv,protocol_version,Frozen validation-protocol version governing the row.,text,,no,Never blank.,validation study design,validation_study.PROTOCOL_VERSION.,Semantic version.,Do not combine results governed by different protocol versions.
manual_validation_sample.csv,random_seed,Integer seed used for the reproducible pseudo-random draw.,integer,,no,Never blank.,validation study design,validation_study.RANDOM_SEED.,20260823 for protocol 1.0.0.,Changing the seed changes the sample.
manual_validation_sample.csv,sample_phase,Role of the row in rule development or final evaluation.,categorical text,,no,Never blank.,validation study design,Separate seeded draws.,development; holdout,Do not tune rules using holdout results.
manual_validation_sample.csv,sampling_stratum,Sampling or match context included to support manual review.,text,,yes,Blank when not applicable.,derived audit context,Created by create_manual_validation_sample().,Protocol-defined.,Context is not a human judgment.
manual_validation_sample.csv,stratum_population,Number of eligible activities in the row's mutually exclusive stratum.,integer,activities,no,Never blank.,derived sampling frame,Count after validation-study stratum assignment.,Positive integer.,Applies to the current release snapshot.
manual_validation_sample.csv,phase_sample_size,Number drawn from this stratum for the row's phase.,integer,activities,no,Never blank.,validation study design,Frozen phase-stratum quota.,Positive integer.,Use with stratum_population to recover inclusion probability.
manual_validation_sample.csv,selection_probability,Phase-specific probability of selection within the stratum.,decimal,proportion,no,Never blank.,derived sampling design,phase_sample_size / stratum_population.,Greater than 0 and at most 1.,Use phase-specific probabilities; do not combine phases for final inference.
manual_validation_sample.csv,sampling_weight,Inverse phase-specific selection probability.,decimal,activities represented,no,Never blank.,derived sampling design,stratum_population / phase_sample_size.,At least 1.,Needed for estimates across disproportionate strata.
manual_validation_sample.csv,sample_order,Stable display order within the sample phase.,integer,,no,Never blank.,validation workflow,Sequential order after the seeded draw.,Positive integer.,Not a random score and not an analysis weight.
manual_validation_sample.csv,activity_id,Stable identifier for one normalized activity record; not a guaranteed master-project identifier.,text,,no,Never blank.,derived identifier,SHA-1-derived token from source family and native ID; invalid native IDs are isolated by source object.,tpa-*,Several activities may belong to one real development.
manual_validation_sample.csv,source_record_id,"Native public record or project identifier supplied by the source, when available.",text,,yes,Blank means the source supplied no usable native identifier.,source,Source-specific record ID field.,Source-defined.,May be reused or missing in source data.
manual_validation_sample.csv,source_memberships,Semicolon-delimited source layers contributing to the normalized activity.,text,,no,Never blank.,derived,Distinct source names linked by activity_id.,Named source layers separated by semicolons.,Membership does not establish completeness.
manual_validation_sample.csv,activity_class,"Normalized broad category assigned from source layer, record type, description, and reported square footage.",categorical text,,no,Never blank.,derived,Rules in scripts/build_tampa_development.py.,building_construction; demolition; other_permitted_work; planning_application; historic_preservation_application; public_capital:*; single_family_new_construction_or_addition,Classification has not yet been manually accuracy-tested.
manual_validation_sample.csv,activity_stage,Normalized procedural stage inferred from official status text and source type.,categorical text,,no,Never blank.,derived,Status keyword rules in classify_stage().,preconstruction_or_unknown; planning_review; permit_or_funding_approved; construction_or_inspection; completed_or_closeout; inactive,A procedural stage does not prove physical completion.
manual_validation_sample.csv,status,Status text reported by the source at retrieval.,text,,yes,Blank means unavailable.,source,Source-specific status field.,Source-defined.,Status semantics differ across sources.
manual_validation_sample.csv,physical_work_started_dataset,Dataset's pre-review claim about whether physical work started.,categorical text,,no,Never blank.,derived,Same rules as activity_truth_status.physical_work_started.,yes; no; unknown; not_applicable,"This is the claim under review, not reviewer evidence."
manual_validation_sample.csv,realization_evidence_grade,Legacy activity-level evidence grade retained for compatibility; use activity_truth_status.verification_grade.,categorical text,,no,Never blank.,derived,Conservative status rules; footprint and closeout signals cannot exceed D.,C; D; P; X; U,This field does not establish completion.
manual_validation_sample.csv,parcel_match_confidence,Highest configured confidence among City building-footprint matches.,categorical text,,yes,Blank means no match.,derived,Maximum of match_confidence using high > medium.,high; medium,Confidence is rule-based and awaits manual accuracy measurement.
manual_validation_sample.csv,match_methods,Sampling or match context included to support manual review.,text,,yes,Blank when not applicable.,derived audit context,Created by create_manual_validation_sample().,Protocol-defined.,Context is not a human judgment.
manual_validation_sample.csv,match_distances_m,Sampling or match context included to support manual review.,text,,yes,Blank when not applicable.,derived audit context,Created by create_manual_validation_sample().,Protocol-defined.,Context is not a human judgment.
manual_validation_sample.csv,address,Site address reported by the source.,text,,yes,Blank means unavailable.,source,ADDRESS or FULLADDRESS.,Source-defined street address.,Public but potentially sensitive; aggregate person-focused analyses.
manual_validation_sample.csv,neighborhood,City neighborhood label reported by the source.,text,,yes,Blank means unavailable.,source,NEIGHBORHOOD/Neighborhood.,City-defined label.,Not spatially recomputed against a boundary vintage.
manual_validation_sample.csv,council_district,City Council district reported by the source.,text,,yes,Blank means unavailable.,source,COUNCIL/COUNCILDISTRICT.,Source-defined district.,District boundaries and assignments can change.
manual_validation_sample.csv,latitude,Latitude of the point feature or arithmetic centroid of the preserved source geometry.,decimal,degrees WGS84,yes,Blank means no geometry.,source/derived geometry,Point coordinate or average of geometry vertices.,Approximately 27.5 to 28.3.,Vertex-average centroids can fall outside complex line/polygon features.
manual_validation_sample.csv,longitude,Longitude of the point feature or arithmetic centroid of the preserved source geometry.,decimal,degrees WGS84,yes,Blank means no geometry.,source/derived geometry,Point coordinate or average of geometry vertices.,Approximately -83.0 to -82.0.,Vertex-average centroids can fall outside complex line/polygon features.
manual_validation_sample.csv,record_type,"Permit, application, capital-project, or preservation record type reported by the source.",text,,yes,Blank means unavailable.,source,Source-specific record-type field.,Source-defined.,Not harmonized across source systems.
manual_validation_sample.csv,project_name,Project or application name as reported by the source.,text,,yes,Blank means unavailable.,source,Source-specific project-name field.,Source-defined.,Names are not standardized across layers.
manual_validation_sample.csv,description,Free-text project description reported by the source.,text,,yes,Blank means unavailable.,source,Source-specific description field.,Source-defined.,May be incomplete or use administrative language.
manual_validation_sample.csv,source_url,"Public record or project-detail URL supplied by the source, when available.",URL,,yes,Blank means no record-level URL was supplied.,source,Source URL field.,HTTP(S) URL.,A URL may later move or expire.
manual_validation_sample.csv,review_status,Reviewer workflow state for the row.,categorical text,,yes,Blank means not started.,reviewer-entered,See MANUAL_VALIDATION_PROTOCOL.md.,in_progress; complete,Metrics require complete plus all evidence gates.
manual_validation_sample.csv,source_identity_result,Human-review outcome for the named dataset claim.,categorical text,,yes,Blank means not yet reviewed.,reviewer-entered,Frozen field-level rules in MANUAL_VALIDATION_PROTOCOL.md.,supported; contradicted; inconclusive; not_applicable,"An unsuccessful evidence search is inconclusive, not contradicted."
manual_validation_sample.csv,activity_classification_result,Human-review outcome for the named dataset claim.,categorical text,,yes,Blank means not yet reviewed.,reviewer-entered,Frozen field-level rules in MANUAL_VALIDATION_PROTOCOL.md.,supported; contradicted; inconclusive; not_applicable,"An unsuccessful evidence search is inconclusive, not contradicted."
manual_validation_sample.csv,cross_source_linkage_result,Human-review outcome for the named dataset claim.,categorical text,,yes,Blank means not yet reviewed.,reviewer-entered,Frozen field-level rules in MANUAL_VALIDATION_PROTOCOL.md.,supported; contradicted; inconclusive; not_applicable,"An unsuccessful evidence search is inconclusive, not contradicted."
manual_validation_sample.csv,status_interpretation_result,Human-review outcome for the named dataset claim.,categorical text,,yes,Blank means not yet reviewed.,reviewer-entered,Frozen field-level rules in MANUAL_VALIDATION_PROTOCOL.md.,supported; contradicted; inconclusive; not_applicable,"An unsuccessful evidence search is inconclusive, not contradicted."
manual_validation_sample.csv,building_footprint_match_result,Human-review outcome for the named dataset claim.,categorical text,,yes,Blank means not yet reviewed.,reviewer-entered,Frozen field-level rules in MANUAL_VALIDATION_PROTOCOL.md.,supported; contradicted; inconclusive; not_applicable,"An unsuccessful evidence search is inconclusive, not contradicted."
manual_validation_sample.csv,reviewed_activity_class,Evidence-based activity class assigned by the reviewer.,categorical text,,yes,Blank when classification is inconclusive or not applicable.,reviewer-entered,Frozen activity-classification rule.,Dataset activity_class vocabulary.,"Requires cited, manually confirmed evidence."
manual_validation_sample.csv,reviewed_activity_stage,Evidence-based procedural stage assigned by the reviewer.,categorical text,,yes,Blank when status is inconclusive or not applicable.,reviewer-entered,Frozen status-interpretation rule.,Dataset activity_stage vocabulary.,Must describe the status at the relevant snapshot date.
manual_validation_sample.csv,physical_work_evidence,Reviewer's finding about affirmative evidence of physical work.,categorical text,,yes,Blank means not yet reviewed.,reviewer-entered,Frozen physical-evidence rule.,present; absent; unknown; not_applicable,"Failure to find evidence must be coded unknown, not absent."
manual_validation_sample.csv,evidence_source_types,Semicolon-delimited categories of sources manually reviewed.,text,,yes,Blank means not yet reviewed.,reviewer-entered,Acceptable-source list in MANUAL_VALIDATION_PROTOCOL.md.,Protocol-defined source categories.,AI output alone is not an evidence source.
manual_validation_sample.csv,primary_evidence_url,Public URL for evidence used in the review.,URL,,yes,Blank when unavailable; a stable document reference is required if the primary URL is blank.,reviewer-entered,Manually opened evidence source.,HTTP(S) URL.,Links can change; record access time and document reference when possible.
manual_validation_sample.csv,secondary_evidence_url,Optional second public URL used to corroborate the judgment.,URL,,yes,Blank means one evidence source was used.,external evidence,Public-source review.,HTTP(S) URL.,A second URL is not necessarily independent of the first.
manual_validation_sample.csv,evidence_document_reference,"Stable document title, identifier, archive reference, or local citation for reviewed evidence.",text,,yes,Blank when the primary evidence URL is sufficient.,reviewer-entered,Recorded during evidence review.,Free text.,Must be specific enough to relocate the evidence.
manual_validation_sample.csv,evidence_accessed_at_utc,UTC timestamp for evidence access or review completion.,datetime,UTC,yes,Blank means not yet reviewed.,reviewer-entered,ISO 8601 UTC timestamp.,ISO 8601 timestamp.,Evidence can change after access.
manual_validation_sample.csv,ai_assistance_used,Whether AI assisted in locating candidate evidence.,categorical text,,yes,Blank means not yet reviewed.,reviewer-entered,Disclosure required by the protocol.,yes; no,AI assistance does not replace human confirmation.
manual_validation_sample.csv,manual_evidence_confirmed,Whether a human opened and confirmed the cited evidence.,categorical text,,yes,Blank means not yet reviewed.,reviewer-entered,Completion gate in scripts/review_metrics.py.,yes; no,Only yes is accepted for a completed review.
manual_validation_sample.csv,reviewer_id,Reviewer-entered audit evidence or provenance.,text,,yes,Blank means not yet reviewed or not applicable.,reviewer-entered,See MANUAL_VALIDATION_PROTOCOL.md.,Protocol-defined.,Independent evidence URLs and reviewer provenance are required for completed judgments where specified.
manual_validation_sample.csv,reviewed_at_utc,UTC date or timestamp of the evidence review.,datetime,UTC,yes,Blank in the untouched manual sample; populated in completed pilot checks.,reviewer-entered,ISO 8601 UTC value.,ISO 8601 date or timestamp.,Evidence may change later.
manual_validation_sample.csv,review_notes,Reviewer-entered audit evidence or provenance.,text,,yes,Blank means not yet reviewed or not applicable.,reviewer-entered,See MANUAL_VALIDATION_PROTOCOL.md.,Protocol-defined.,Independent evidence URLs and reviewer provenance are required for completed judgments where specified.
manual_validation_second_review.csv,audit_sample_id,Identifier or metadata for the manual-validation audit row.,text,,yes,Blank until human review where applicable.,audit workflow,See MANUAL_VALIDATION_PROTOCOL.md.,Protocol-defined.,Not a validation result until completed by a reviewer.
manual_validation_second_review.csv,protocol_version,Frozen validation-protocol version governing the row.,text,,no,Never blank.,validation study design,validation_study.PROTOCOL_VERSION.,Semantic version.,Do not combine results governed by different protocol versions.
manual_validation_second_review.csv,random_seed,Integer seed used for the reproducible pseudo-random draw.,integer,,no,Never blank.,validation study design,validation_study.RANDOM_SEED.,20260823 for protocol 1.0.0.,Changing the seed changes the sample.
manual_validation_second_review.csv,sample_phase,Role of the row in rule development or final evaluation.,categorical text,,no,Never blank.,validation study design,Separate seeded draws.,development; holdout,Do not tune rules using holdout results.
manual_validation_second_review.csv,sampling_stratum,Sampling or match context included to support manual review.,text,,yes,Blank when not applicable.,derived audit context,Created by create_manual_validation_sample().,Protocol-defined.,Context is not a human judgment.
manual_validation_second_review.csv,stratum_population,Number of eligible activities in the row's mutually exclusive stratum.,integer,activities,no,Never blank.,derived sampling frame,Count after validation-study stratum assignment.,Positive integer.,Applies to the current release snapshot.
manual_validation_second_review.csv,phase_sample_size,Number drawn from this stratum for the row's phase.,integer,activities,no,Never blank.,validation study design,Frozen phase-stratum quota.,Positive integer.,Use with stratum_population to recover inclusion probability.
manual_validation_second_review.csv,selection_probability,Phase-specific probability of selection within the stratum.,decimal,proportion,no,Never blank.,derived sampling design,phase_sample_size / stratum_population.,Greater than 0 and at most 1.,Use phase-specific probabilities; do not combine phases for final inference.
manual_validation_second_review.csv,sampling_weight,Inverse phase-specific selection probability.,decimal,activities represented,no,Never blank.,derived sampling design,stratum_population / phase_sample_size.,At least 1.,Needed for estimates across disproportionate strata.
manual_validation_second_review.csv,sample_order,Stable display order within the sample phase.,integer,,no,Never blank.,validation workflow,Sequential order after the seeded draw.,Positive integer.,Not a random score and not an analysis weight.
manual_validation_second_review.csv,activity_id,Stable identifier for one normalized activity record; not a guaranteed master-project identifier.,text,,no,Never blank.,derived identifier,SHA-1-derived token from source family and native ID; invalid native IDs are isolated by source object.,tpa-*,Several activities may belong to one real development.
manual_validation_second_review.csv,source_record_id,"Native public record or project identifier supplied by the source, when available.",text,,yes,Blank means the source supplied no usable native identifier.,source,Source-specific record ID field.,Source-defined.,May be reused or missing in source data.
manual_validation_second_review.csv,source_memberships,Semicolon-delimited source layers contributing to the normalized activity.,text,,no,Never blank.,derived,Distinct source names linked by activity_id.,Named source layers separated by semicolons.,Membership does not establish completeness.
manual_validation_second_review.csv,activity_class,"Normalized broad category assigned from source layer, record type, description, and reported square footage.",categorical text,,no,Never blank.,derived,Rules in scripts/build_tampa_development.py.,building_construction; demolition; other_permitted_work; planning_application; historic_preservation_application; public_capital:*; single_family_new_construction_or_addition,Classification has not yet been manually accuracy-tested.
manual_validation_second_review.csv,activity_stage,Normalized procedural stage inferred from official status text and source type.,categorical text,,no,Never blank.,derived,Status keyword rules in classify_stage().,preconstruction_or_unknown; planning_review; permit_or_funding_approved; construction_or_inspection; completed_or_closeout; inactive,A procedural stage does not prove physical completion.
manual_validation_second_review.csv,status,Status text reported by the source at retrieval.,text,,yes,Blank means unavailable.,source,Source-specific status field.,Source-defined.,Status semantics differ across sources.
manual_validation_second_review.csv,physical_work_started_dataset,Dataset's pre-review claim about whether physical work started.,categorical text,,no,Never blank.,derived,Same rules as activity_truth_status.physical_work_started.,yes; no; unknown; not_applicable,"This is the claim under review, not reviewer evidence."
manual_validation_second_review.csv,realization_evidence_grade,Legacy activity-level evidence grade retained for compatibility; use activity_truth_status.verification_grade.,categorical text,,no,Never blank.,derived,Conservative status rules; footprint and closeout signals cannot exceed D.,C; D; P; X; U,This field does not establish completion.
manual_validation_second_review.csv,parcel_match_confidence,Highest configured confidence among City building-footprint matches.,categorical text,,yes,Blank means no match.,derived,Maximum of match_confidence using high > medium.,high; medium,Confidence is rule-based and awaits manual accuracy measurement.
manual_validation_second_review.csv,match_methods,Sampling or match context included to support manual review.,text,,yes,Blank when not applicable.,derived audit context,Created by create_manual_validation_sample().,Protocol-defined.,Context is not a human judgment.
manual_validation_second_review.csv,match_distances_m,Sampling or match context included to support manual review.,text,,yes,Blank when not applicable.,derived audit context,Created by create_manual_validation_sample().,Protocol-defined.,Context is not a human judgment.
manual_validation_second_review.csv,address,Site address reported by the source.,text,,yes,Blank means unavailable.,source,ADDRESS or FULLADDRESS.,Source-defined street address.,Public but potentially sensitive; aggregate person-focused analyses.
manual_validation_second_review.csv,neighborhood,City neighborhood label reported by the source.,text,,yes,Blank means unavailable.,source,NEIGHBORHOOD/Neighborhood.,City-defined label.,Not spatially recomputed against a boundary vintage.
manual_validation_second_review.csv,council_district,City Council district reported by the source.,text,,yes,Blank means unavailable.,source,COUNCIL/COUNCILDISTRICT.,Source-defined district.,District boundaries and assignments can change.
manual_validation_second_review.csv,latitude,Latitude of the point feature or arithmetic centroid of the preserved source geometry.,decimal,degrees WGS84,yes,Blank means no geometry.,source/derived geometry,Point coordinate or average of geometry vertices.,Approximately 27.5 to 28.3.,Vertex-average centroids can fall outside complex line/polygon features.
manual_validation_second_review.csv,longitude,Longitude of the point feature or arithmetic centroid of the preserved source geometry.,decimal,degrees WGS84,yes,Blank means no geometry.,source/derived geometry,Point coordinate or average of geometry vertices.,Approximately -83.0 to -82.0.,Vertex-average centroids can fall outside complex line/polygon features.
manual_validation_second_review.csv,record_type,"Permit, application, capital-project, or preservation record type reported by the source.",text,,yes,Blank means unavailable.,source,Source-specific record-type field.,Source-defined.,Not harmonized across source systems.
manual_validation_second_review.csv,project_name,Project or application name as reported by the source.,text,,yes,Blank means unavailable.,source,Source-specific project-name field.,Source-defined.,Names are not standardized across layers.
manual_validation_second_review.csv,description,Free-text project description reported by the source.,text,,yes,Blank means unavailable.,source,Source-specific description field.,Source-defined.,May be incomplete or use administrative language.
manual_validation_second_review.csv,source_url,"Public record or project-detail URL supplied by the source, when available.",URL,,yes,Blank means no record-level URL was supplied.,source,Source URL field.,HTTP(S) URL.,A URL may later move or expire.
manual_validation_second_review.csv,review_status,Reviewer workflow state for the row.,categorical text,,yes,Blank means not started.,reviewer-entered,See MANUAL_VALIDATION_PROTOCOL.md.,in_progress; complete,Metrics require complete plus all evidence gates.
manual_validation_second_review.csv,source_identity_result,Human-review outcome for the named dataset claim.,categorical text,,yes,Blank means not yet reviewed.,reviewer-entered,Frozen field-level rules in MANUAL_VALIDATION_PROTOCOL.md.,supported; contradicted; inconclusive; not_applicable,"An unsuccessful evidence search is inconclusive, not contradicted."
manual_validation_second_review.csv,activity_classification_result,Human-review outcome for the named dataset claim.,categorical text,,yes,Blank means not yet reviewed.,reviewer-entered,Frozen field-level rules in MANUAL_VALIDATION_PROTOCOL.md.,supported; contradicted; inconclusive; not_applicable,"An unsuccessful evidence search is inconclusive, not contradicted."
manual_validation_second_review.csv,cross_source_linkage_result,Human-review outcome for the named dataset claim.,categorical text,,yes,Blank means not yet reviewed.,reviewer-entered,Frozen field-level rules in MANUAL_VALIDATION_PROTOCOL.md.,supported; contradicted; inconclusive; not_applicable,"An unsuccessful evidence search is inconclusive, not contradicted."
manual_validation_second_review.csv,status_interpretation_result,Human-review outcome for the named dataset claim.,categorical text,,yes,Blank means not yet reviewed.,reviewer-entered,Frozen field-level rules in MANUAL_VALIDATION_PROTOCOL.md.,supported; contradicted; inconclusive; not_applicable,"An unsuccessful evidence search is inconclusive, not contradicted."
manual_validation_second_review.csv,building_footprint_match_result,Human-review outcome for the named dataset claim.,categorical text,,yes,Blank means not yet reviewed.,reviewer-entered,Frozen field-level rules in MANUAL_VALIDATION_PROTOCOL.md.,supported; contradicted; inconclusive; not_applicable,"An unsuccessful evidence search is inconclusive, not contradicted."
manual_validation_second_review.csv,reviewed_activity_class,Evidence-based activity class assigned by the reviewer.,categorical text,,yes,Blank when classification is inconclusive or not applicable.,reviewer-entered,Frozen activity-classification rule.,Dataset activity_class vocabulary.,"Requires cited, manually confirmed evidence."
manual_validation_second_review.csv,reviewed_activity_stage,Evidence-based procedural stage assigned by the reviewer.,categorical text,,yes,Blank when status is inconclusive or not applicable.,reviewer-entered,Frozen status-interpretation rule.,Dataset activity_stage vocabulary.,Must describe the status at the relevant snapshot date.
manual_validation_second_review.csv,physical_work_evidence,Reviewer's finding about affirmative evidence of physical work.,categorical text,,yes,Blank means not yet reviewed.,reviewer-entered,Frozen physical-evidence rule.,present; absent; unknown; not_applicable,"Failure to find evidence must be coded unknown, not absent."
manual_validation_second_review.csv,evidence_source_types,Semicolon-delimited categories of sources manually reviewed.,text,,yes,Blank means not yet reviewed.,reviewer-entered,Acceptable-source list in MANUAL_VALIDATION_PROTOCOL.md.,Protocol-defined source categories.,AI output alone is not an evidence source.
manual_validation_second_review.csv,primary_evidence_url,Public URL for evidence used in the review.,URL,,yes,Blank when unavailable; a stable document reference is required if the primary URL is blank.,reviewer-entered,Manually opened evidence source.,HTTP(S) URL.,Links can change; record access time and document reference when possible.
manual_validation_second_review.csv,secondary_evidence_url,Optional second public URL used to corroborate the judgment.,URL,,yes,Blank means one evidence source was used.,external evidence,Public-source review.,HTTP(S) URL.,A second URL is not necessarily independent of the first.
manual_validation_second_review.csv,evidence_document_reference,"Stable document title, identifier, archive reference, or local citation for reviewed evidence.",text,,yes,Blank when the primary evidence URL is sufficient.,reviewer-entered,Recorded during evidence review.,Free text.,Must be specific enough to relocate the evidence.
manual_validation_second_review.csv,evidence_accessed_at_utc,UTC timestamp for evidence access or review completion.,datetime,UTC,yes,Blank means not yet reviewed.,reviewer-entered,ISO 8601 UTC timestamp.,ISO 8601 timestamp.,Evidence can change after access.
manual_validation_second_review.csv,ai_assistance_used,Whether AI assisted in locating candidate evidence.,categorical text,,yes,Blank means not yet reviewed.,reviewer-entered,Disclosure required by the protocol.,yes; no,AI assistance does not replace human confirmation.
manual_validation_second_review.csv,manual_evidence_confirmed,Whether a human opened and confirmed the cited evidence.,categorical text,,yes,Blank means not yet reviewed.,reviewer-entered,Completion gate in scripts/review_metrics.py.,yes; no,Only yes is accepted for a completed review.
manual_validation_second_review.csv,reviewer_id,Reviewer-entered audit evidence or provenance.,text,,yes,Blank means not yet reviewed or not applicable.,reviewer-entered,See MANUAL_VALIDATION_PROTOCOL.md.,Protocol-defined.,Independent evidence URLs and reviewer provenance are required for completed judgments where specified.
manual_validation_second_review.csv,reviewed_at_utc,UTC date or timestamp of the evidence review.,datetime,UTC,yes,Blank in the untouched manual sample; populated in completed pilot checks.,reviewer-entered,ISO 8601 UTC value.,ISO 8601 date or timestamp.,Evidence may change later.
manual_validation_second_review.csv,review_notes,Reviewer-entered audit evidence or provenance.,text,,yes,Blank means not yet reviewed or not applicable.,reviewer-entered,See MANUAL_VALIDATION_PROTOCOL.md.,Protocol-defined.,Independent evidence URLs and reviewer provenance are required for completed judgments where specified.
master_project_activity_links.csv,master_project_id,Stable provisional identifier for a real-world master-project entity.,text,,yes,Blank means unavailable or not yet reviewed; unknown is represented explicitly where required.,derived/source evidence,See GROUND_TRUTH_METHODOLOGY.md and scripts/ground_truth.py.,Protocol- or source-defined.,Do not interpret absence or unknown as no; this field is not proof beyond its cited evidence.
master_project_activity_links.csv,activity_id,Stable identifier for one normalized activity record; not a guaranteed master-project identifier.,text,,no,Never blank.,derived identifier,SHA-1-derived token from source family and native ID; invalid native IDs are isolated by source object.,tpa-*,Several activities may belong to one real development.
master_project_activity_links.csv,relationship_type,Semantic relationship between an activity and its master project.,text,,yes,Blank means unavailable or not yet reviewed; unknown is represented explicitly where required.,derived/source evidence,See GROUND_TRUTH_METHODOLOGY.md and scripts/ground_truth.py.,Protocol- or source-defined.,Do not interpret absence or unknown as no; this field is not proof beyond its cited evidence.
master_project_activity_links.csv,match_method,Rule that linked an activity location to a City building footprint.,categorical text,,no,Never blank.,derived,"Spatial containment, exact normalized address nearby, or nearest footprint threshold.",point_in_building_footprint; exact_address_nearby_footprint; nearest_footprint_within_35m,Methods await manual precision measurement.
master_project_activity_links.csv,match_confidence,Configured confidence tier for the building match method.,categorical text,,no,Never blank.,derived,High for containment/address; medium for nearest within 35 m.,high; medium,"This is heuristic confidence, not an empirical probability."
master_project_activity_links.csv,review_status,Reviewer workflow state for the row.,categorical text,,yes,Blank means not started.,reviewer-entered,See MANUAL_VALIDATION_PROTOCOL.md.,in_progress; complete,Metrics require complete plus all evidence gates.
master_project_candidates.csv,candidate_id,Stable identifier for a proposed cross-activity project match.,text,,yes,Blank means unavailable or not yet reviewed; unknown is represented explicitly where required.,derived/source evidence,See GROUND_TRUTH_METHODOLOGY.md and scripts/ground_truth.py.,Protocol- or source-defined.,Do not interpret absence or unknown as no; this field is not proof beyond its cited evidence.
master_project_candidates.csv,activity_id_a,First activity in a candidate master-project pair.,text,,yes,Blank means unavailable or not yet reviewed; unknown is represented explicitly where required.,derived/source evidence,See GROUND_TRUTH_METHODOLOGY.md and scripts/ground_truth.py.,Protocol- or source-defined.,Do not interpret absence or unknown as no; this field is not proof beyond its cited evidence.
master_project_candidates.csv,activity_id_b,Second activity in a candidate master-project pair.,text,,yes,Blank means unavailable or not yet reviewed; unknown is represented explicitly where required.,derived/source evidence,See GROUND_TRUTH_METHODOLOGY.md and scripts/ground_truth.py.,Protocol- or source-defined.,Do not interpret absence or unknown as no; this field is not proof beyond its cited evidence.
master_project_candidates.csv,candidate_reasons,Semicolon-delimited deterministic signals proposing a match.,text,,yes,Blank means unavailable or not yet reviewed; unknown is represented explicitly where required.,derived/source evidence,See GROUND_TRUTH_METHODOLOGY.md and scripts/ground_truth.py.,Protocol- or source-defined.,Do not interpret absence or unknown as no; this field is not proof beyond its cited evidence.
master_project_candidates.csv,candidate_confidence,Rule-based priority tier for candidate review.,text,,yes,Blank means unavailable or not yet reviewed; unknown is represented explicitly where required.,derived/source evidence,See GROUND_TRUTH_METHODOLOGY.md and scripts/ground_truth.py.,Protocol- or source-defined.,Do not interpret absence or unknown as no; this field is not proof beyond its cited evidence.
master_project_candidates.csv,review_status,Reviewer workflow state for the row.,categorical text,,yes,Blank means not started.,reviewer-entered,See MANUAL_VALIDATION_PROTOCOL.md.,in_progress; complete,Metrics require complete plus all evidence gates.
master_project_candidates.csv,merge_applied,Whether the candidate pair was actually merged.,text,,yes,Blank means unavailable or not yet reviewed; unknown is represented explicitly where required.,derived/source evidence,See GROUND_TRUTH_METHODOLOGY.md and scripts/ground_truth.py.,yes; no,Do not interpret absence or unknown as no; this field is not proof beyond its cited evidence.
master_projects.csv,master_project_id,Stable provisional identifier for a real-world master-project entity.,text,,yes,Blank means unavailable or not yet reviewed; unknown is represented explicitly where required.,derived/source evidence,See GROUND_TRUTH_METHODOLOGY.md and scripts/ground_truth.py.,Protocol- or source-defined.,Do not interpret absence or unknown as no; this field is not proof beyond its cited evidence.
master_projects.csv,project_name,Project or application name as reported by the source.,text,,yes,Blank means unavailable.,source,Source-specific project-name field.,Source-defined.,Names are not standardized across layers.
master_projects.csv,address,Site address reported by the source.,text,,yes,Blank means unavailable.,source,ADDRESS or FULLADDRESS.,Source-defined street address.,Public but potentially sensitive; aggregate person-focused analyses.
master_projects.csv,activity_count,Number of activities currently assigned to the master project.,text,,yes,Blank means unavailable or not yet reviewed; unknown is represented explicitly where required.,derived/source evidence,See GROUND_TRUTH_METHODOLOGY.md and scripts/ground_truth.py.,Protocol- or source-defined.,Do not interpret absence or unknown as no; this field is not proof beyond its cited evidence.
master_projects.csv,entity_resolution_status,Whether master-project grouping is provisional or reviewed.,text,,yes,Blank means unavailable or not yet reviewed; unknown is represented explicitly where required.,derived/source evidence,See GROUND_TRUTH_METHODOLOGY.md and scripts/ground_truth.py.,Protocol- or source-defined.,Do not interpret absence or unknown as no; this field is not proof beyond its cited evidence.
parcel_activity_links.csv,parcel_activity_link_id,Stable identifier for one proposed activity-to-parcel link.,text,,no,Never blank.,derived,SHA-1 of activity_id and folio.,pal- prefixed identifier.,The link is analytical and is not a legal parcel determination.
parcel_activity_links.csv,activity_id,Stable identifier for one normalized activity record; not a guaranteed master-project identifier.,text,,no,Never blank.,derived identifier,SHA-1-derived token from source family and native ID; invalid native IDs are isolated by source object.,tpa-*,Several activities may belong to one real development.
parcel_activity_links.csv,master_project_id,Stable provisional identifier for a real-world master-project entity.,text,,yes,Blank means unavailable or not yet reviewed; unknown is represented explicitly where required.,derived/source evidence,See GROUND_TRUTH_METHODOLOGY.md and scripts/ground_truth.py.,Protocol- or source-defined.,Do not interpret absence or unknown as no; this field is not proof beyond its cited evidence.
parcel_activity_links.csv,folio,Property folio identifier exposed by the matched City building-footprint layer.,text,,yes,Blank means unavailable.,City building layer,FOLIO.,Source-defined.,Not independently verified against the property appraiser parcel layer.
parcel_activity_links.csv,pin,Property identification number reported by the parcel source.,text,,yes,Blank means unavailable.,source,PIN.,Source-defined identifier.,Identifier formatting can change.
parcel_activity_links.csv,site_address_normalized,Parcel site address normalized for comparison.,text,,yes,Blank means the source address is unavailable.,derived,Uppercase alphanumeric address normalization.,Normalized address text.,Normalization does not establish a parcel match by itself.
parcel_activity_links.csv,link_method,High-level rule used to create the activity-to-parcel link.,categorical text,,no,Never blank.,derived,Folio carried by a proposed City building-footprint match.,building_footprint_folio,"This is an analytical link, not a legal parcel determination."
parcel_activity_links.csv,link_evidence,Semicolon-delimited building-match methods contributing the folio link.,text,,no,Never blank.,derived,Distinct parcel_building_matches.match_method values.,Source-defined methods separated by semicolons.,Methods remain subject to manual match validation.
parcel_activity_links.csv,link_confidence,Highest configured confidence among evidence contributing to the parcel link.,categorical text,,no,Never blank.,derived,high > medium > low across contributing building matches.,high; medium; low,A rule-based tier is not an empirical probability.
parcel_activity_links.csv,valid_from,Beginning of the known validity interval for the parcel link.,date,,yes,Blank means the historical validity start is unknown.,reserved,Not available from a single current snapshot.,ISO 8601 date.,Do not assume the link existed before observation.
parcel_activity_links.csv,valid_to,End of the known validity interval for the parcel link.,date,,yes,Blank means no historical end is known.,reserved,Not available from a single current snapshot.,ISO 8601 date.,Blank is not proof that the relationship is permanent.
parcel_activity_links.csv,review_status,Reviewer workflow state for the row.,categorical text,,yes,Blank means not started.,reviewer-entered,See MANUAL_VALIDATION_PROTOCOL.md.,in_progress; complete,Metrics require complete plus all evidence gates.
parcel_activity_links.csv,source_url,"Public record or project-detail URL supplied by the source, when available.",URL,,yes,Blank means no record-level URL was supplied.,source,Source URL field.,HTTP(S) URL.,A URL may later move or expire.
parcel_activity_links.csv,observed_at_utc,UTC time at which this source state was retrieved.,timestamp,UTC,no,Never blank.,source acquisition,Context snapshot completion time.,ISO 8601 UTC timestamp.,Observation time is not necessarily the underlying event time.
parcel_building_matches.csv,activity_id,Stable identifier for one normalized activity record; not a guaranteed master-project identifier.,text,,no,Never blank.,derived identifier,SHA-1-derived token from source family and native ID; invalid native IDs are isolated by source object.,tpa-*,Several activities may belong to one real development.
parcel_building_matches.csv,location_id,Stable key for one preserved source geometry.,text,,no,Never blank.,derived identifier,Hash of source-record key and source ordinal.,loc-*,An activity may have multiple locations.
parcel_building_matches.csv,building_object_id,ArcGIS OBJECTID of the matched City building-footprint feature.,integer,,yes,Blank is not used in the City-only release.,City building layer,OBJECTID.,Non-negative integer.,OBJECTID may change if the service is republished.
parcel_building_matches.csv,folio,Property folio identifier exposed by the matched City building-footprint layer.,text,,yes,Blank means unavailable.,City building layer,FOLIO.,Source-defined.,Not independently verified against the property appraiser parcel layer.
parcel_building_matches.csv,strap,STRAP parcel identifier exposed by the matched City building-footprint layer.,text,,yes,Blank means unavailable.,City building layer,STRAP.,Source-defined.,Not a legal parcel determination.
parcel_building_matches.csv,building_id,Building identifier exposed by the City building-footprint layer.,text,,yes,Blank means unavailable.,City building layer,BUILDINGID.,Source-defined.,Identifier stability is source-dependent.
parcel_building_matches.csv,building_address,Address exposed by the matched City building-footprint feature.,text,,yes,Blank means unavailable.,City building layer,FULLADDRESS.,Source-defined address.,Public but potentially sensitive.
parcel_building_matches.csv,year_built,Assessed year built exposed by the matched City building-footprint feature.,integer,year,yes,Blank means unavailable.,City building layer,YEAR_BUILT.,Four-digit year.,"Can reflect assessment lag, renovation, or an earlier structure."
parcel_building_matches.csv,gross_area_sqft,Gross building area exposed by the City building-footprint feature.,decimal,square feet,yes,Blank means unavailable.,City building layer,GROSS_AREA.,Non-negative number.,Definition may differ from permit square footage.
parcel_building_matches.csv,heated_area_sqft,Heated building area exposed by the City building-footprint feature.,decimal,square feet,yes,Blank means unavailable.,City building layer,HEAT_AREA.,Non-negative number.,"Assessment measure, not permit measure."
parcel_building_matches.csv,residential_units,Residential-unit count exposed by the City building-footprint feature.,decimal,units,yes,Blank means unavailable.,City building layer,RES_UNITS.,Non-negative number.,Not independently verified.
parcel_building_matches.csv,commercial_units,Commercial-unit count exposed by the City building-footprint feature.,decimal,units,yes,Blank means unavailable.,City building layer,COM_UNITS.,Non-negative number.,Not independently verified.
parcel_building_matches.csv,floor_count,Floor count exposed by the City building-footprint feature.,decimal,floors,yes,Blank means unavailable.,City building layer,FLOORCOUNT.,Non-negative number.,Not independently verified.
parcel_building_matches.csv,match_method,Rule that linked an activity location to a City building footprint.,categorical text,,no,Never blank.,derived,"Spatial containment, exact normalized address nearby, or nearest footprint threshold.",point_in_building_footprint; exact_address_nearby_footprint; nearest_footprint_within_35m,Methods await manual precision measurement.
parcel_building_matches.csv,match_confidence,Configured confidence tier for the building match method.,categorical text,,no,Never blank.,derived,High for containment/address; medium for nearest within 35 m.,high; medium,"This is heuristic confidence, not an empirical probability."
parcel_building_matches.csv,match_distance_m,Approximate distance between activity point and matched footprint reference point.,decimal,meters,no,Never blank; containment uses zero.,derived,"Haversine distance to footprint bounding-box center, except containment.",Non-negative number.,Distance to bounding-box center is not boundary distance.
parcel_building_matches.csv,building_source_endpoint,Official City building-footprint service used for the match.,URL,,no,Never blank.,source metadata,Configured building-layer endpoint.,HTTPS URL.,Service contents can change after retrieval.
parcel_context.csv,folio,Property folio identifier exposed by the matched City building-footprint layer.,text,,yes,Blank means unavailable.,City building layer,FOLIO.,Source-defined.,Not independently verified against the property appraiser parcel layer.
parcel_context.csv,pin,Property identification number reported by the parcel source.,text,,yes,Blank means unavailable.,source,PIN.,Source-defined identifier.,Identifier formatting can change.
parcel_context.csv,site_address,Parcel site address reported by the parcel source.,text,,yes,Blank means unavailable.,source,SITE_ADDR.,Source-defined address.,Public but potentially sensitive; aggregate person-focused analyses.
parcel_context.csv,site_address_normalized,Parcel site address normalized for comparison.,text,,yes,Blank means the source address is unavailable.,derived,Uppercase alphanumeric address normalization.,Normalized address text.,Normalization does not establish a parcel match by itself.
parcel_context.csv,site_city,Parcel site city reported by the source.,text,,yes,Blank means unavailable.,source,SITE_CITY.,Source-defined.,Not independently geocoded.
parcel_context.csv,site_zip,Parcel site ZIP code reported by the source.,text,,yes,Blank means unavailable.,source,SITE_ZIP.,Source-defined.,"Retained as a site attribute, not an owner mailing field."
parcel_context.csv,parcel_type,Parcel-description category reported by the source.,text,,yes,Blank means unavailable.,source,TYPE.,Source-defined.,Not a harmonized land-use classification.
parcel_context.csv,land_use_code,Department of Revenue land-use code reported by the source.,text,,yes,Blank means unavailable.,source,DOR_C.,Source-defined code.,Code meanings require the applicable source-year lookup.
parcel_context.csv,year_built,Actual year built reported by the parcel source.,integer,year,yes,Blank means unavailable.,source,ACT.,Four-digit year.,Assessment year does not prove a permit was completed.
parcel_context.csv,remodel_year,Effective/remodel year reported by the parcel source.,integer,year,yes,Blank means unavailable.,source,EFF.,Four-digit year.,"A remodel year is corroborating context, not proof of a specific activity."
parcel_context.csv,building_area_sqft,Living/heated building area reported by the parcel source.,decimal,square feet,yes,Blank means unavailable.,source,HEAT_AR.,Non-negative number.,Definition may differ from permit square footage.
parcel_context.csv,parcel_area_acres,Parcel area reported by the source.,decimal,acres,yes,Blank means unavailable.,source,ACREAGE.,Non-negative number.,Not a survey measurement.
parcel_context.csv,market_value_usd,Market/just value reported by the parcel source.,decimal,nominal USD,yes,Blank means unavailable.,source,JUST.,Non-negative amount.,Assessment value is not development investment or sale price.
parcel_context.csv,building_value_usd,Building value reported by the parcel source.,decimal,nominal USD,yes,Blank means unavailable.,source,BLDG.,Non-negative amount.,Assessment value is not construction cost.
parcel_context.csv,sale_date,Most recent sale date exposed by the parcel source.,date,,yes,Blank means unavailable.,source,S_DATE.,ISO 8601 date.,A sale does not establish construction.
parcel_context.csv,sale_amount_usd,Sale amount exposed by the parcel source.,decimal,nominal USD,yes,Blank means unavailable.,source,AMT.,Non-negative amount.,A sale amount is not construction investment.
parcel_context.csv,vacant_or_improved,Vacant/improved label reported by the parcel source.,text,,yes,Blank means unavailable.,source,VI.,Source-defined.,"This is assessment context, not field verification."
parcel_context.csv,stories,Building-story count reported by the parcel source.,integer,stories,yes,Blank means unavailable.,source,STORIES.,Non-negative integer.,Not independently verified.
parcel_context.csv,source_object_id,ArcGIS object identifier in the context source.,integer,,yes,Blank means unavailable.,source,OBJECTID.,Non-negative integer.,OBJECTID can change if the service is republished.
parcel_context.csv,source_url,"Public record or project-detail URL supplied by the source, when available.",URL,,yes,Blank means no record-level URL was supplied.,source,Source URL field.,HTTP(S) URL.,A URL may later move or expire.
parcel_context.csv,snapshot_date,UTC calendar date of the context-source snapshot.,date,,no,Never blank.,source acquisition,Date portion of observed_at_utc.,ISO 8601 date.,Does not date every underlying parcel attribute.
parcel_context.csv,observed_at_utc,UTC time at which this source state was retrieved.,timestamp,UTC,no,Never blank.,source acquisition,Context snapshot completion time.,ISO 8601 UTC timestamp.,Observation time is not necessarily the underlying event time.
parcel_context.csv,geometry_geojson,Complete source geometry serialized as compact GeoJSON.,JSON text,,yes,Blank means no geometry.,source,Unmodified source geometry after WGS84 output request.,Valid GeoJSON geometry object.,Map geometry is not a legal survey.
public_finance_events.csv,finance_event_id,Stable identifier for one reported public-finance observation.,text,,no,Never blank.,derived,"SHA-1 of context record, observation type, and reported value.",fin- prefixed identifier.,An observation is not necessarily a budget amendment or cash expenditure.
public_finance_events.csv,activity_id,Stable identifier for one normalized activity record; not a guaranteed master-project identifier.,text,,no,Never blank.,derived identifier,SHA-1-derived token from source family and native ID; invalid native IDs are isolated by source object.,tpa-*,Several activities may belong to one real development.
public_finance_events.csv,master_project_id,Stable provisional identifier for a real-world master-project entity.,text,,yes,Blank means unavailable or not yet reviewed; unknown is represented explicitly where required.,derived/source evidence,See GROUND_TRUTH_METHODOLOGY.md and scripts/ground_truth.py.,Protocol- or source-defined.,Do not interpret absence or unknown as no; this field is not proof beyond its cited evidence.
public_finance_events.csv,city_project_id,Project identifier reported by a City capital source.,text,,no,Never blank for capital context rows.,source,Budget Book projid or core capital source_record_id.,Source-defined identifier.,Formatting and identifier systems can vary across City capital services.
public_finance_events.csv,contract_number,Contract identifier reported by the capital source.,text,,yes,Blank means unavailable.,source,ContractNumber.,Source-defined.,One contract can relate to multiple projects and vice versa.
public_finance_events.csv,event_type,Normalized development-event category.,text,,yes,Blank means unavailable or not yet reviewed; unknown is represented explicitly where required.,derived/source evidence,See GROUND_TRUTH_METHODOLOGY.md and scripts/ground_truth.py.,actual_end_reported; actual_start_reported; application_denied; application_filed; application_withdrawn; capital_phase_reported; certificate_of_occupancy_issued; construction_completion_reported; construction_started_reported; final_inspection_passed; hearing_scheduled; inspection_failed; inspection_passed; permit_cancelled; permit_closed; permit_expired; permit_issued; permit_issued_reported; permit_revision_reported; planned_end_reported; planned_start_reported; project_closeout_reported; source_record_observed; temporary_co_issued,Do not interpret absence or unknown as no; this field is not proof beyond its cited evidence.
public_finance_events.csv,event_date,Date reported for the event.,text,,yes,Blank means unavailable or not yet reviewed; unknown is represented explicitly where required.,derived/source evidence,See GROUND_TRUTH_METHODOLOGY.md and scripts/ground_truth.py.,Protocol- or source-defined.,Do not interpret absence or unknown as no; this field is not proof beyond its cited evidence.
public_finance_events.csv,fiscal_year,Fiscal year reported by the source.,text,,yes,Blank means unavailable.,source,fiscalyr.,Source-defined year or label.,Do not infer an exact event date from a fiscal-year label.
public_finance_events.csv,amount_usd,Reported nominal-dollar amount; not a harmonized investment total.,text,,yes,Blank means unavailable or not yet reviewed; unknown is represented explicitly where required.,derived/source evidence,See GROUND_TRUTH_METHODOLOGY.md and scripts/ground_truth.py.,Protocol- or source-defined.,Do not interpret absence or unknown as no; this field is not proof beyond its cited evidence.
public_finance_events.csv,amount_direction,"Whether the finance observation represents an increase, decrease, or reported level.",categorical text,,no,Never blank.,derived,Source semantics for the event type.,reported_level; increase; decrease; not_applicable,"Budget Book snapshots currently provide levels, not amendment directions."
public_finance_events.csv,funding_source,Capital-project funding description reported by the source.,text,,yes,Blank means unavailable or not applicable.,source,fundsource.,Source-defined.,Categories are not standardized.
public_finance_events.csv,resolution_number,City resolution identifier supporting a finance action.,text,,yes,Blank means the current source is not a resolution record.,source,Reserved for budget-resolution ingestion.,Source-defined.,Do not infer a resolution from a Budget Book row.
public_finance_events.csv,source_document,Source document or page supporting the observation.,text,,yes,Blank means no record-specific document was supplied.,source,Budget Book project-document fields.,URL or stable reference.,A general service endpoint can be the only available citation.
public_finance_events.csv,source_url,"Public record or project-detail URL supplied by the source, when available.",URL,,yes,Blank means no record-level URL was supplied.,source,Source URL field.,HTTP(S) URL.,A URL may later move or expire.
public_finance_events.csv,observed_at_utc,UTC time at which this source state was retrieved.,timestamp,UTC,no,Never blank.,source acquisition,Context snapshot completion time.,ISO 8601 UTC timestamp.,Observation time is not necessarily the underlying event time.
public_finance_events.csv,source_record_last_edited_at_utc,Last-edited timestamp reported for the source record.,timestamp,UTC,yes,Blank means unavailable.,source,EditDate or equivalent.,ISO 8601 UTC timestamp.,Does not identify which field changed.
public_finance_events.csv,evidence_strength,Evidence category describing the source support for the event.,categorical text,,no,Never blank.,derived,Conservative source-evidence classification.,official_source_observation; official_reported_date; official_lifecycle_record,"Strength concerns provenance, not independent truth verification."
public_finance_events.csv,is_inferred,Whether the event meaning or timing was inferred rather than explicitly reported.,boolean text,,no,Never blank.,derived,yes when a normalized event is inferred from status text; otherwise no.,yes; no,An inferred event must not be treated as equivalent to a dated official event.
public_finance_events.csv,interpretation_warning,Row-specific warning limiting interpretation.,text,,no,Never blank for finance observations.,documentation,Fixed by event type.,Free text.,Read before aggregating amounts.
source_records.csv,source_record_key,Stable key for one source feature after privacy-field suppression.,text,,no,Never blank.,derived identifier,"Hash of source name, object/global IDs, and native record ID.",src-*,"Identifies a source feature, not a development."
source_records.csv,activity_id,Stable identifier for one normalized activity record; not a guaranteed master-project identifier.,text,,no,Never blank.,derived identifier,SHA-1-derived token from source family and native ID; invalid native IDs are isolated by source object.,tpa-*,Several activities may belong to one real development.
source_records.csv,source_name,Machine-readable name of the originating City GIS layer.,text,,no,Never blank.,source metadata,Assigned from the extraction configuration.,construction_inspections; development_coordination; single_family_permits; historic_preservation; capital_*,"Layer names describe source systems, not ground-truth stages."
source_records.csv,source_record_id,"Native public record or project identifier supplied by the source, when available.",text,,yes,Blank means the source supplied no usable native identifier.,source,Source-specific record ID field.,Source-defined.,May be reused or missing in source data.
source_records.csv,source_object_id,ArcGIS OBJECTID for the source feature at retrieval time.,integer,,yes,Blank if the source omitted OBJECTID.,source,OBJECTID.,Non-negative integer.,ArcGIS OBJECTIDs are not guaranteed stable across republishing.
source_records.csv,source_global_id,"ArcGIS GlobalID for the source feature, when supplied.",text,,yes,Blank if unavailable.,source,GlobalID.,UUID-like source value.,Source stability is not guaranteed by this dataset.
source_records.csv,source_endpoint,Official ArcGIS service endpoint used to retrieve the contributing record.,URL,,no,Never blank for extracted records.,source metadata,Extraction configuration.,HTTPS URL.,Endpoint contents can change after the snapshot date.
source_records.csv,retrieved_at_utc,UTC timestamp when the source snapshot was assembled.,datetime,UTC,no,Never blank.,derived metadata,Build timestamp.,ISO 8601 timestamp.,"This is retrieval time, not activity time."
source_records.csv,properties_json,Source attributes serialized as JSON after configured contact/editor fields are removed.,JSON text,,yes,Blank only if a feature had no attributes.,source snapshot,All allowed source properties serialized without geometry.,Valid JSON object.,May contain other public attributes; inspect before person-level publication.
source_universes.csv,universe_id,Stable identifier for one explicitly bounded published-source universe.,text,,no,Never blank.,derived census metadata,Direct count or description of the bundled paginated City ArcGIS snapshot.,Source- or release-defined.,Completeness is limited to records returned by the named layer at retrieval.
source_universes.csv,source_name,Machine-readable name of the originating City GIS layer.,text,,no,Never blank.,source metadata,Assigned from the extraction configuration.,construction_inspections; development_coordination; single_family_permits; historic_preservation; capital_*,"Layer names describe source systems, not ground-truth stages."
source_universes.csv,source_label,Human-readable name of the bounded City source layer.,text,,no,Never blank.,derived census metadata,Direct count or description of the bundled paginated City ArcGIS snapshot.,Source- or release-defined.,Completeness is limited to records returned by the named layer at retrieval.
source_universes.csv,source_endpoint,Official ArcGIS service endpoint used to retrieve the contributing record.,URL,,no,Never blank for extracted records.,source metadata,Extraction configuration.,HTTPS URL.,Endpoint contents can change after the snapshot date.
source_universes.csv,snapshot_file,Bundled raw GeoJSON snapshot used to construct the bounded census.,text,,no,Never blank.,derived census metadata,Direct count or description of the bundled paginated City ArcGIS snapshot.,Source- or release-defined.,Completeness is limited to records returned by the named layer at retrieval.
source_universes.csv,snapshot_retrieved_at_utc,UTC time at which the bounded source snapshot was assembled.,text,,no,Never blank.,derived census metadata,Direct count or description of the bundled paginated City ArcGIS snapshot.,Source- or release-defined.,Completeness is limited to records returned by the named layer at retrieval.
source_universes.csv,raw_feature_count,Number of features returned by the complete paginated layer query.,integer,features,no,Never blank.,derived census metadata,Direct count or description of the bundled paginated City ArcGIS snapshot.,Non-negative integer.,Completeness is limited to records returned by the named layer at retrieval.
source_universes.csv,included_record_count,Number of returned source features retained as census records.,integer,features,no,Never blank.,derived census metadata,Direct count or description of the bundled paginated City ArcGIS snapshot.,Non-negative integer.,Completeness is limited to records returned by the named layer at retrieval.
source_universes.csv,excluded_record_count,Returned source features not retained as census records.,integer,features,no,Never blank.,derived census metadata,Direct count or description of the bundled paginated City ArcGIS snapshot.,Non-negative integer.,Completeness is limited to records returned by the named layer at retrieval.
source_universes.csv,record_coverage_status,Whether every feature returned by the published layer query was retained.,categorical text,,no,Never blank.,derived census metadata,Direct count or description of the bundled paginated City ArcGIS snapshot.,complete; incomplete,Completeness is limited to records returned by the named layer at retrieval.
source_universes.csv,attribute_coverage_status,Attribute-retention scope after configured privacy minimization.,categorical text,,no,Never blank.,derived census metadata,Direct count or description of the bundled paginated City ArcGIS snapshot.,Source- or release-defined.,Completeness is limited to records returned by the named layer at retrieval.
source_universes.csv,unit_of_observation,Definition of one row in the bounded source universe.,text,,no,Never blank.,derived census metadata,Direct count or description of the bundled paginated City ArcGIS snapshot.,Source- or release-defined.,Completeness is limited to records returned by the named layer at retrieval.
source_universes.csv,geographic_scope,Geographic boundary supplied or implied by the source publisher.,text,,no,Never blank.,derived census metadata,Direct count or description of the bundled paginated City ArcGIS snapshot.,Source- or release-defined.,Completeness is limited to records returned by the named layer at retrieval.
source_universes.csv,temporal_scope,Time boundary actually supported by the source snapshot.,text,,no,Never blank.,derived census metadata,Direct count or description of the bundled paginated City ArcGIS snapshot.,Source- or release-defined.,Completeness is limited to records returned by the named layer at retrieval.
source_universes.csv,census_claim,Exact completeness claim supported for the named source universe.,text,,no,Never blank.,derived census metadata,Direct count or description of the bundled paginated City ArcGIS snapshot.,Source- or release-defined.,Completeness is limited to records returned by the named layer at retrieval.
source_universes.csv,exclusions_and_warnings,Known exclusions and interpretation warnings for the universe.,text,,no,Never blank.,derived census metadata,Direct count or description of the bundled paginated City ArcGIS snapshot.,Source- or release-defined.,Completeness is limited to records returned by the named layer at retrieval.
tampa_development_activity.csv,source_memberships,Semicolon-delimited source layers contributing to the normalized activity.,text,,no,Never blank.,derived,Distinct source names linked by activity_id.,Named source layers separated by semicolons.,Membership does not establish completeness.
tampa_development_activity.csv,source_record_id,"Native public record or project identifier supplied by the source, when available.",text,,yes,Blank means the source supplied no usable native identifier.,source,Source-specific record ID field.,Source-defined.,May be reused or missing in source data.
tampa_development_activity.csv,activity_stage,Normalized procedural stage inferred from official status text and source type.,categorical text,,no,Never blank.,derived,Status keyword rules in classify_stage().,preconstruction_or_unknown; planning_review; permit_or_funding_approved; construction_or_inspection; completed_or_closeout; inactive,A procedural stage does not prove physical completion.
tampa_development_activity.csv,status,Status text reported by the source at retrieval.,text,,yes,Blank means unavailable.,source,Source-specific status field.,Source-defined.,Status semantics differ across sources.
tampa_development_activity.csv,latitude,Latitude of the point feature or arithmetic centroid of the preserved source geometry.,decimal,degrees WGS84,yes,Blank means no geometry.,source/derived geometry,Point coordinate or average of geometry vertices.,Approximately 27.5 to 28.3.,Vertex-average centroids can fall outside complex line/polygon features.
tampa_development_activity.csv,longitude,Longitude of the point feature or arithmetic centroid of the preserved source geometry.,decimal,degrees WGS84,yes,Blank means no geometry.,source/derived geometry,Point coordinate or average of geometry vertices.,Approximately -83.0 to -82.0.,Vertex-average centroids can fall outside complex line/polygon features.
tampa_development_activity.csv,source_endpoint,Official ArcGIS service endpoint used to retrieve the contributing record.,URL,,no,Never blank for extracted records.,source metadata,Extraction configuration.,HTTPS URL.,Endpoint contents can change after the snapshot date.
tampa_development_activity.csv,retrieved_at_utc,UTC timestamp when the source snapshot was assembled.,datetime,UTC,no,Never blank.,derived metadata,Build timestamp.,ISO 8601 timestamp.,"This is retrieval time, not activity time."
tampa_development_activity.csv,project_name,Project or application name as reported by the source.,text,,yes,Blank means unavailable.,source,Source-specific project-name field.,Source-defined.,Names are not standardized across layers.
tampa_development_activity.csv,description,Free-text project description reported by the source.,text,,yes,Blank means unavailable.,source,Source-specific description field.,Source-defined.,May be incomplete or use administrative language.
tampa_development_activity.csv,activity_class,"Normalized broad category assigned from source layer, record type, description, and reported square footage.",categorical text,,no,Never blank.,derived,Rules in scripts/build_tampa_development.py.,building_construction; demolition; other_permitted_work; planning_application; historic_preservation_application; public_capital:*; single_family_new_construction_or_addition,Classification has not yet been manually accuracy-tested.
tampa_development_activity.csv,record_type,"Permit, application, capital-project, or preservation record type reported by the source.",text,,yes,Blank means unavailable.,source,Source-specific record-type field.,Source-defined.,Not harmonized across source systems.
tampa_development_activity.csv,address,Site address reported by the source.,text,,yes,Blank means unavailable.,source,ADDRESS or FULLADDRESS.,Source-defined street address.,Public but potentially sensitive; aggregate person-focused analyses.
tampa_development_activity.csv,unit,Unit or suite reported by the source.,text,,yes,Blank means unavailable or not applicable.,source,UNIT.,Source-defined.,Can increase re-identification risk.
tampa_development_activity.csv,zip,ZIP code reported by the source.,text,,yes,Blank means unavailable.,source,ZIP.,Five-digit or source-defined text.,Not independently geocoded or verified.
tampa_development_activity.csv,neighborhood,City neighborhood label reported by the source.,text,,yes,Blank means unavailable.,source,NEIGHBORHOOD/Neighborhood.,City-defined label.,Not spatially recomputed against a boundary vintage.
tampa_development_activity.csv,cra,Community Redevelopment Area label reported by the source.,text,,yes,Blank means outside a reported CRA or unavailable; these are not distinguishable.,source,CRA.,City-defined label.,Blank must not automatically be interpreted as outside all CRAs.
tampa_development_activity.csv,council_district,City Council district reported by the source.,text,,yes,Blank means unavailable.,source,COUNCIL/COUNCILDISTRICT.,Source-defined district.,District boundaries and assignments can change.
tampa_development_activity.csv,status_date,Date associated with the reported status or last status update.,date,,yes,Blank means unavailable.,source/cleaned,Source status-date field.,ISO 8601 date.,Not a completion date unless explicitly supported by status.
tampa_development_activity.csv,planned_start_date,Planned capital-project start date reported by the source.,date,,yes,Blank means unavailable or not applicable.,source/cleaned,planstart.,ISO 8601 date.,Planned dates may change and do not show actual starts.
tampa_development_activity.csv,planned_end_date,Planned capital-project end date reported by the source.,date,,yes,Blank means unavailable or not applicable.,source/cleaned,planend.,ISO 8601 date.,Planned dates may change and do not show completion.
tampa_development_activity.csv,last_updated,Latest update date exposed by the contributing source record.,date,,yes,Blank means unavailable.,source/cleaned,Source last-update field.,ISO 8601 date.,Does not identify which attribute changed.
tampa_development_activity.csv,new_construction_sqft,New-construction square footage reported in the permit source.,decimal,square feet,yes,"Blank means unavailable, not zero.",source,NEWCONSTRUCTIONSF.,Non-negative number.,Not independently verified; may not cover additions or all sources consistently.
tampa_development_activity.csv,housing_units,Reported or assigned housing-unit count.,decimal,dwelling units,yes,"Blank means unavailable, not zero.",source/derived,NBROFUNITS; single-family layer assigns one unit.,Non-negative number.,"Single-family assignment is a rule, and values are not completion counts."
tampa_development_activity.csv,estimated_cost_usd,Estimated project cost reported for City capital projects.,decimal,nominal USD,yes,"Blank means unavailable, not zero.",source,estcost.,Non-negative amount.,Not available for most private permits and not comparable to realized expenditure.
tampa_development_activity.csv,actual_cost_usd,Actual project cost value reported by the City capital-project viewer.,decimal,nominal USD,yes,Blank means unavailable; source zeros may also mean unavailable.,source,actcost.,Non-negative amount.,Only a small number of rows are nonzero; do not sum as total local investment.
tampa_development_activity.csv,funding_source,Capital-project funding description reported by the source.,text,,yes,Blank means unavailable or not applicable.,source,fundsource.,Source-defined.,Categories are not standardized.
tampa_development_activity.csv,is_public,Indicator that the activity is a City capital project.,boolean/integer,,yes,"Blank means not classified by this field, not necessarily private.",derived,1 for capital-project source rows.,1 or blank.,Blank must not be interpreted as privately financed.
tampa_development_activity.csv,physical_development_candidate,Rule-based flag for activities potentially involving physical construction or demolition.,boolean/integer,,no,Never blank.,derived,Activity-class and stage rules.,0; 1,Candidate status is not proof that work occurred.
tampa_development_activity.csv,source_url,"Public record or project-detail URL supplied by the source, when available.",URL,,yes,Blank means no record-level URL was supplied.,source,Source URL field.,HTTP(S) URL.,A URL may later move or expire.
tampa_development_activity.csv,activity_id,Stable identifier for one normalized activity record; not a guaranteed master-project identifier.,text,,no,Never blank.,derived identifier,SHA-1-derived token from source family and native ID; invalid native IDs are isolated by source object.,tpa-*,Several activities may belong to one real development.
tampa_development_activity.csv,record_created_date,"Date the source record was created, where available.",date,,yes,Blank means unavailable or an invalid sentinel date was removed.,source/cleaned,Source creation date restricted to plausible years.,ISO 8601 date.,Not necessarily the application or construction date.
tampa_development_activity.csv,application_or_opened_date,Application/opened date only where the source field supports that interpretation.,date,,yes,Blank means unavailable or unsupported for that source.,source/cleaned,Source opened/application date restricted to plausible years.,ISO 8601 date.,Meanings still differ across source systems.
tampa_development_activity.csv,raw_component_rows,Count of source features consolidated into this normalized activity.,integer,source records,no,Never blank.,derived,Count of linked source records sharing activity_id.,Positive integer.,A count greater than one does not prove duplicate source records.
tampa_development_activity.csv,location_count,Count of distinct nonblank source geometries linked to the activity.,integer,geometries,yes,Zero means no nonblank preserved geometry.,derived,Count of distinct geometry_geojson values by activity_id.,Non-negative integer.,Repeated identical geometries count once.
tampa_development_activity.csv,matched_folios,Semicolon-delimited folio identifiers from matched City building-footprint records.,text,,yes,Blank means no folio-bearing City building match.,derived from City layer,Distinct FOLIO values across matches.,Source-defined identifiers separated by semicolons.,A spatial/address match is not a legal parcel join.
tampa_development_activity.csv,matched_building_count,Number of distinct City building-footprint objects matched to the activity.,integer,buildings,yes,Blank means no match record.,derived from City layer,Distinct building_object_id values.,Non-negative integer.,Count depends on match rules and current footprint snapshot.
tampa_development_activity.csv,matched_year_built_min,Minimum assessed year built among matched City building footprints.,integer,year,yes,Blank means unavailable.,derived from City layer,Minimum YEAR_BUILT across matches.,Four-digit year.,Assessment year can lag or represent an earlier structure.
tampa_development_activity.csv,matched_year_built_max,Maximum assessed year built among matched City building footprints.,integer,year,yes,Blank means unavailable.,derived from City layer,Maximum YEAR_BUILT across matches.,Four-digit year.,Assessment year can lag or represent an earlier structure.
tampa_development_activity.csv,parcel_match_confidence,Highest configured confidence among City building-footprint matches.,categorical text,,yes,Blank means no match.,derived,Maximum of match_confidence using high > medium.,high; medium,Confidence is rule-based and awaits manual accuracy measurement.
tampa_development_activity.csv,realization_evidence_grade,Legacy activity-level evidence grade retained for compatibility; use activity_truth_status.verification_grade.,categorical text,,no,Never blank.,derived,Conservative status rules; footprint and closeout signals cannot exceed D.,C; D; P; X; U,This field does not establish completion.
tampa_development_activity.csv,likely_realized,Deprecated legacy realization flag; deliberately unpopulated in v0.5.,boolean/integer,,yes,"Blank means unknown, not false.",derived,No longer assigned from footprint year or capital closeout.,blank,Use explicit truth outcomes and qualifying events instead.
tampa_development_activity.csv,realization_basis,Machine-readable reason for the legacy evidence grade.,categorical text,,no,Never blank.,derived,Evidence-rule branch used by apply_matches_and_evidence().,Supporting/status rule name.,Footprint/year and closeout bases are supporting evidence only.
tampa_development_verification_queue.csv,source_memberships,Semicolon-delimited source layers contributing to the normalized activity.,text,,no,Never blank.,derived,Distinct source names linked by activity_id.,Named source layers separated by semicolons.,Membership does not establish completeness.
tampa_development_verification_queue.csv,source_record_id,"Native public record or project identifier supplied by the source, when available.",text,,yes,Blank means the source supplied no usable native identifier.,source,Source-specific record ID field.,Source-defined.,May be reused or missing in source data.
tampa_development_verification_queue.csv,activity_stage,Normalized procedural stage inferred from official status text and source type.,categorical text,,no,Never blank.,derived,Status keyword rules in classify_stage().,preconstruction_or_unknown; planning_review; permit_or_funding_approved; construction_or_inspection; completed_or_closeout; inactive,A procedural stage does not prove physical completion.
tampa_development_verification_queue.csv,status,Status text reported by the source at retrieval.,text,,yes,Blank means unavailable.,source,Source-specific status field.,Source-defined.,Status semantics differ across sources.
tampa_development_verification_queue.csv,latitude,Latitude of the point feature or arithmetic centroid of the preserved source geometry.,decimal,degrees WGS84,yes,Blank means no geometry.,source/derived geometry,Point coordinate or average of geometry vertices.,Approximately 27.5 to 28.3.,Vertex-average centroids can fall outside complex line/polygon features.
tampa_development_verification_queue.csv,longitude,Longitude of the point feature or arithmetic centroid of the preserved source geometry.,decimal,degrees WGS84,yes,Blank means no geometry.,source/derived geometry,Point coordinate or average of geometry vertices.,Approximately -83.0 to -82.0.,Vertex-average centroids can fall outside complex line/polygon features.
tampa_development_verification_queue.csv,source_endpoint,Official ArcGIS service endpoint used to retrieve the contributing record.,URL,,no,Never blank for extracted records.,source metadata,Extraction configuration.,HTTPS URL.,Endpoint contents can change after the snapshot date.
tampa_development_verification_queue.csv,retrieved_at_utc,UTC timestamp when the source snapshot was assembled.,datetime,UTC,no,Never blank.,derived metadata,Build timestamp.,ISO 8601 timestamp.,"This is retrieval time, not activity time."
tampa_development_verification_queue.csv,project_name,Project or application name as reported by the source.,text,,yes,Blank means unavailable.,source,Source-specific project-name field.,Source-defined.,Names are not standardized across layers.
tampa_development_verification_queue.csv,description,Free-text project description reported by the source.,text,,yes,Blank means unavailable.,source,Source-specific description field.,Source-defined.,May be incomplete or use administrative language.
tampa_development_verification_queue.csv,activity_class,"Normalized broad category assigned from source layer, record type, description, and reported square footage.",categorical text,,no,Never blank.,derived,Rules in scripts/build_tampa_development.py.,building_construction; demolition; other_permitted_work; planning_application; historic_preservation_application; public_capital:*; single_family_new_construction_or_addition,Classification has not yet been manually accuracy-tested.
tampa_development_verification_queue.csv,record_type,"Permit, application, capital-project, or preservation record type reported by the source.",text,,yes,Blank means unavailable.,source,Source-specific record-type field.,Source-defined.,Not harmonized across source systems.
tampa_development_verification_queue.csv,address,Site address reported by the source.,text,,yes,Blank means unavailable.,source,ADDRESS or FULLADDRESS.,Source-defined street address.,Public but potentially sensitive; aggregate person-focused analyses.
tampa_development_verification_queue.csv,unit,Unit or suite reported by the source.,text,,yes,Blank means unavailable or not applicable.,source,UNIT.,Source-defined.,Can increase re-identification risk.
tampa_development_verification_queue.csv,zip,ZIP code reported by the source.,text,,yes,Blank means unavailable.,source,ZIP.,Five-digit or source-defined text.,Not independently geocoded or verified.
tampa_development_verification_queue.csv,neighborhood,City neighborhood label reported by the source.,text,,yes,Blank means unavailable.,source,NEIGHBORHOOD/Neighborhood.,City-defined label.,Not spatially recomputed against a boundary vintage.
tampa_development_verification_queue.csv,cra,Community Redevelopment Area label reported by the source.,text,,yes,Blank means outside a reported CRA or unavailable; these are not distinguishable.,source,CRA.,City-defined label.,Blank must not automatically be interpreted as outside all CRAs.
tampa_development_verification_queue.csv,council_district,City Council district reported by the source.,text,,yes,Blank means unavailable.,source,COUNCIL/COUNCILDISTRICT.,Source-defined district.,District boundaries and assignments can change.
tampa_development_verification_queue.csv,status_date,Date associated with the reported status or last status update.,date,,yes,Blank means unavailable.,source/cleaned,Source status-date field.,ISO 8601 date.,Not a completion date unless explicitly supported by status.
tampa_development_verification_queue.csv,planned_start_date,Planned capital-project start date reported by the source.,date,,yes,Blank means unavailable or not applicable.,source/cleaned,planstart.,ISO 8601 date.,Planned dates may change and do not show actual starts.
tampa_development_verification_queue.csv,planned_end_date,Planned capital-project end date reported by the source.,date,,yes,Blank means unavailable or not applicable.,source/cleaned,planend.,ISO 8601 date.,Planned dates may change and do not show completion.
tampa_development_verification_queue.csv,last_updated,Latest update date exposed by the contributing source record.,date,,yes,Blank means unavailable.,source/cleaned,Source last-update field.,ISO 8601 date.,Does not identify which attribute changed.
tampa_development_verification_queue.csv,new_construction_sqft,New-construction square footage reported in the permit source.,decimal,square feet,yes,"Blank means unavailable, not zero.",source,NEWCONSTRUCTIONSF.,Non-negative number.,Not independently verified; may not cover additions or all sources consistently.
tampa_development_verification_queue.csv,housing_units,Reported or assigned housing-unit count.,decimal,dwelling units,yes,"Blank means unavailable, not zero.",source/derived,NBROFUNITS; single-family layer assigns one unit.,Non-negative number.,"Single-family assignment is a rule, and values are not completion counts."
tampa_development_verification_queue.csv,estimated_cost_usd,Estimated project cost reported for City capital projects.,decimal,nominal USD,yes,"Blank means unavailable, not zero.",source,estcost.,Non-negative amount.,Not available for most private permits and not comparable to realized expenditure.
tampa_development_verification_queue.csv,actual_cost_usd,Actual project cost value reported by the City capital-project viewer.,decimal,nominal USD,yes,Blank means unavailable; source zeros may also mean unavailable.,source,actcost.,Non-negative amount.,Only a small number of rows are nonzero; do not sum as total local investment.
tampa_development_verification_queue.csv,funding_source,Capital-project funding description reported by the source.,text,,yes,Blank means unavailable or not applicable.,source,fundsource.,Source-defined.,Categories are not standardized.
tampa_development_verification_queue.csv,is_public,Indicator that the activity is a City capital project.,boolean/integer,,yes,"Blank means not classified by this field, not necessarily private.",derived,1 for capital-project source rows.,1 or blank.,Blank must not be interpreted as privately financed.
tampa_development_verification_queue.csv,physical_development_candidate,Rule-based flag for activities potentially involving physical construction or demolition.,boolean/integer,,no,Never blank.,derived,Activity-class and stage rules.,0; 1,Candidate status is not proof that work occurred.
tampa_development_verification_queue.csv,source_url,"Public record or project-detail URL supplied by the source, when available.",URL,,yes,Blank means no record-level URL was supplied.,source,Source URL field.,HTTP(S) URL.,A URL may later move or expire.
tampa_development_verification_queue.csv,activity_id,Stable identifier for one normalized activity record; not a guaranteed master-project identifier.,text,,no,Never blank.,derived identifier,SHA-1-derived token from source family and native ID; invalid native IDs are isolated by source object.,tpa-*,Several activities may belong to one real development.
tampa_development_verification_queue.csv,record_created_date,"Date the source record was created, where available.",date,,yes,Blank means unavailable or an invalid sentinel date was removed.,source/cleaned,Source creation date restricted to plausible years.,ISO 8601 date.,Not necessarily the application or construction date.
tampa_development_verification_queue.csv,application_or_opened_date,Application/opened date only where the source field supports that interpretation.,date,,yes,Blank means unavailable or unsupported for that source.,source/cleaned,Source opened/application date restricted to plausible years.,ISO 8601 date.,Meanings still differ across source systems.
tampa_development_verification_queue.csv,raw_component_rows,Count of source features consolidated into this normalized activity.,integer,source records,no,Never blank.,derived,Count of linked source records sharing activity_id.,Positive integer.,A count greater than one does not prove duplicate source records.
tampa_development_verification_queue.csv,location_count,Count of distinct nonblank source geometries linked to the activity.,integer,geometries,yes,Zero means no nonblank preserved geometry.,derived,Count of distinct geometry_geojson values by activity_id.,Non-negative integer.,Repeated identical geometries count once.
tampa_development_verification_queue.csv,matched_folios,Semicolon-delimited folio identifiers from matched City building-footprint records.,text,,yes,Blank means no folio-bearing City building match.,derived from City layer,Distinct FOLIO values across matches.,Source-defined identifiers separated by semicolons.,A spatial/address match is not a legal parcel join.
tampa_development_verification_queue.csv,matched_building_count,Number of distinct City building-footprint objects matched to the activity.,integer,buildings,yes,Blank means no match record.,derived from City layer,Distinct building_object_id values.,Non-negative integer.,Count depends on match rules and current footprint snapshot.
tampa_development_verification_queue.csv,matched_year_built_min,Minimum assessed year built among matched City building footprints.,integer,year,yes,Blank means unavailable.,derived from City layer,Minimum YEAR_BUILT across matches.,Four-digit year.,Assessment year can lag or represent an earlier structure.
tampa_development_verification_queue.csv,matched_year_built_max,Maximum assessed year built among matched City building footprints.,integer,year,yes,Blank means unavailable.,derived from City layer,Maximum YEAR_BUILT across matches.,Four-digit year.,Assessment year can lag or represent an earlier structure.
tampa_development_verification_queue.csv,parcel_match_confidence,Highest configured confidence among City building-footprint matches.,categorical text,,yes,Blank means no match.,derived,Maximum of match_confidence using high > medium.,high; medium,Confidence is rule-based and awaits manual accuracy measurement.
tampa_development_verification_queue.csv,realization_evidence_grade,Legacy activity-level evidence grade retained for compatibility; use activity_truth_status.verification_grade.,categorical text,,no,Never blank.,derived,Conservative status rules; footprint and closeout signals cannot exceed D.,C; D; P; X; U,This field does not establish completion.
tampa_development_verification_queue.csv,likely_realized,Deprecated legacy realization flag; deliberately unpopulated in v0.5.,boolean/integer,,yes,"Blank means unknown, not false.",derived,No longer assigned from footprint year or capital closeout.,blank,Use explicit truth outcomes and qualifying events instead.
tampa_development_verification_queue.csv,realization_basis,Machine-readable reason for the legacy evidence grade.,categorical text,,no,Never blank.,derived,Evidence-rule branch used by apply_matches_and_evidence().,Supporting/status rule name.,Footprint/year and closeout bases are supporting evidence only.
