{"type": "FeatureCollection", "features": [{"type": "Feature", "id": 158, "geometry": {"type": "Point", "coordinates": [-82.51794733869582, 27.913111395812397]}, "properties": {"OBJECTID": 158, "GlobalID": "{67586606-F481-4375-950E-46349C3451C9}", "projid": "1001585", "projname": "Manhattan: Vasconia to Obispo Flooding Relief-Phase 1", "projdesc": "This project consists of design and construction of a new drainage conveyance system as well as the replacement and upsizing of the existing drainage conveyance system in a residential neighborhood in the City of Tampa. During normal rain events the area experiences street flooding due to an old and undersized drainage system. This project will also consist of new watermain upgrades along the corridor.", "rationale": "Flooding Relief", "projtype": "Stormwater Engineering", "safety": "No", "mandate": "No", "repair": "No", "replace": "No", "expand": "No", "efficient": "Yes", "fiscalyr": "2025", "fundsource": "Stormwater Improvement Fee", "planstart": 1759204800000, "planend": 1796014800000, "estcost": 6800000, "funded": "Yes", "projphase": "P4: Construction", "actstart": null, "actend": null, "actcost": null, "status": "Construction in Progress", "docpath": null, "CreationDate": 1596036031000, "EditDate": 1663874742000, "NumVotes": null, "MultiYear": "Yes", "ShowPublic": "Yes", "EBO": 30, "JobsCreated": null, "Neighborhood": "Belmar Gardens", "Council": "4", "EBOAttained": 11.2, "ContractNumber": "24-C00039", "ActivityStatus": null, "ProjectSiteURL": "<a href=\"https://apps.tampagov.net/Directory_Lister/FileHandler.ashx?file=GIS%2f1001585.pdf\">1001585</a>", "ProjectNumerical": 158, "RelatedProject": "No", "MapScale": 6000, "WMBESLBE": null, "DepPrjNum": "SW50004", "BudgetBook": "Yes", "BudgetYear": 2022, "CRA": null, "created_date": null, "last_edited_date": 1773665314000, "FundComm": null}}, {"type": "Feature", "id": 14506, "geometry": {"type": "Point", "coordinates": [-82.42642162435934, 27.973392010742884]}, "properties": {"OBJECTID": 14506, "GlobalID": "{6C0E1841-EB50-405C-9F1E-59F2B01797F4}", "projid": "WTR-20-0002.3", "projname": "Foundation for Tampa’s Neighborhoods Project_East Tampa Area", "projdesc": "The Foundation for Tampa’s Neighborhoods Project_East Tampa Area will improve the City of Tampa’s water distribution system by replacing the existing water mains and increasing the capacity of the system. It will also improve our ability to serve a growing population. Approximately 35,271 Linear Feet of water mains ranging from 2 to 12 inches in diameter will be replaced and upgraded.", "rationale": "This project will replace the aging water mains in this area with new and larger diameter water mains, improving water pressure and water quality while reducing the number of service interruptions that might have been caused by main breaks or leakage.", "projtype": "Water", "safety": "No", "mandate": "No", "repair": "No", "replace": "Yes", "expand": "Yes", "efficient": "No", "fiscalyr": "2022", "fundsource": "PIPES", "planstart": 1663992000000, "planend": 1756526400000, "estcost": 9594286.67, "funded": "Yes", "projphase": "P5: Closeout", "actstart": null, "actend": null, "actcost": 0, "status": "Closeout", "docpath": "https://www.tampa-neighborhoods.com/east-tampa/", "CreationDate": 1606762398000, "EditDate": 1663598485000, "NumVotes": null, "MultiYear": "Yes", "ShowPublic": "Yes", "EBO": 6, "JobsCreated": 2, "Neighborhood": "Jackson Heights", "Council": "5", "EBOAttained": 4.9, "ContractNumber": "20-C-00002", "ActivityStatus": null, "ProjectSiteURL": "<a href=\"https://apps.tampagov.net/Directory_Lister/FileHandler.ashx?file=GIS%2fWTR-20-0002.3.pdf\">WTR-20-0002.3</a>", "ProjectNumerical": 14506, "RelatedProject": "Yes", "MapScale": 6000, "WMBESLBE": 4, "DepPrjNum": "WTR-20-0002.3", "BudgetBook": "No", "BudgetYear": null, "CRA": "East Tampa", "created_date": null, "last_edited_date": 1755704526000, "FundComm": null}}, {"type": "Feature", "id": 14905, "geometry": {"type": "Point", "coordinates": [-82.4889725829124, 27.971108352305787]}, "properties": {"OBJECTID": 14905, "GlobalID": "{B61B35F9-A007-41BC-84BA-4FB0C7A554E8}", "projid": "WTR-20-0002.4", "projname": "Foundation for Tampa’s Neighborhoods Project_MacFarlane Park Area", "projdesc": "The Foundation for Tampa’s Neighborhoods Project_MacFarlane Park Area will improve the City of Tampa’s water distribution system by replacing the existing water mains and increasing the capacity of the system. It will also improve our ability to serve a growing population. Approximately 53,021 Linear Feet of water mains ranging from 2 to 24 inches in diameter will be replaced and upgraded.", "rationale": "This project will replace the aging water mains in this area with new and larger diameter water mains, improving water pressure and water quality while reducing the number of service interruptions that might have been caused by main breaks or leakage", "projtype": "Water", "safety": "No", "mandate": "No", "repair": "No", "replace": "Yes", "expand": "Yes", "efficient": "No", "fiscalyr": "2022", "fundsource": "PIPES", "planstart": 1663992000000, "planend": 1756526400000, "estcost": 7124488.05, "funded": "Yes", "projphase": "P5: Closeout", "actstart": null, "actend": null, "actcost": 0, "status": "Closeout", "docpath": "https://www.tampa-neighborhoods.com/macfarlane-park/", "CreationDate": 1606764327000, "EditDate": 1663598524000, "NumVotes": null, "MultiYear": "Yes", "ShowPublic": "Yes", "EBO": 9, "JobsCreated": 3, "Neighborhood": "Macfarlane Park", "Council": "6", "EBOAttained": 13.4, "ContractNumber": "20-C-00002", "ActivityStatus": null, "ProjectSiteURL": "<a href=\"https://apps.tampagov.net/Directory_Lister/FileHandler.ashx?file=GIS%2fWTR-20-0002.4.pdf\">WTR-20-0002.4</a>", "ProjectNumerical": 14905, "RelatedProject": "Yes", "MapScale": 6000, "WMBESLBE": 6, "DepPrjNum": "WTR-20-0002.4", "BudgetBook": "No", "BudgetYear": null, "CRA": null, "created_date": null, "last_edited_date": 1755704801000, "FundComm": null}}, {"type": "Feature", "id": 16505, "geometry": {"type": "Point", "coordinates": [-82.46351188211939, 27.970594905065855]}, "properties": {"OBJECTID": 16505, "GlobalID": "{455DED65-4493-4D16-BD49-656D7DFDBD5B}", "projid": "WTR-20-0011", "projname": "Ola Ave", "projdesc": "Approximately 23,337 linear feet of water mains ranging from 2 to 24 inches in diameter will be replaced and upgraded.", "rationale": "The Ola Ave project will improve the City of Tampa’s water distribution system by replacing the existing water mains. This project will replace the aging water mains in this area with new and larger diameter water mains, improving water pressure, water quality, and increasing the capacity of the system while reducing the number of service interruptions that might have been caused by main breaks or leakage.", "projtype": "Water", "safety": "No", "mandate": "No", "repair": "No", "replace": "Yes", "expand": "Yes", "efficient": "Yes", "fiscalyr": "2028", "fundsource": "PIPES", "planstart": 1830315600000, "planend": 1853985600000, "estcost": 14930249.41, "funded": "Yes", "projphase": "P2: Design", "actstart": null, "actend": null, "actcost": 0, "status": "60% Design Completion", "docpath": "www.tampa.gov/project/WTR-20-0011", "CreationDate": 1607109989000, "EditDate": 1653998278000, "NumVotes": null, "MultiYear": "Yes", "ShowPublic": "Yes", "EBO": null, "JobsCreated": null, "Neighborhood": "Tampa Heights", "Council": "5", "EBOAttained": null, "ContractNumber": null, "ActivityStatus": null, "ProjectSiteURL": "<a href=\"https://apps.tampagov.net/Directory_Lister/FileHandler.ashx?file=GIS%2fWTR-20-0011.pdf\">WTR-20-0011</a>", "ProjectNumerical": 16505, "RelatedProject": "No", "MapScale": 6000, "WMBESLBE": null, "DepPrjNum": "WTR-20-0011", "BudgetBook": "No", "BudgetYear": null, "CRA": null, "created_date": null, "last_edited_date": 1778159231000, "FundComm": null}}, {"type": "Feature", "id": 17308, "geometry": {"type": "Point", "coordinates": [-82.5494221140513, 28.003380571632654]}, "properties": {"OBJECTID": 17308, "GlobalID": "{4C387CA8-4C5C-4B02-8132-D2163ED8AE8B}", "projid": "WTR-20-0012", "projname": "Yorkshire", "projdesc": "The Yorkshire project will improve the City of Tampa’s water distribution system by replacing the existing water mains and increasing the capacity of the system. It will also improve our ability to serve a growing population. Approximately 25,730 Linear Feet of water mains ranging from 2 to 12 inches in diameter will be replaced and upgraded.", "rationale": "This project will replace the aging water mains in this area with new and larger diameter water mains, improving water pressure and water quality while reducing the number of service interruptions that might have been caused by main breaks or leakage", "projtype": "Water", "safety": "No", "mandate": "No", "repair": "No", "replace": "Yes", "expand": "Yes", "efficient": "No", "fiscalyr": "2024", "fundsource": "PIPES", "planstart": 1703998800000, "planend": 1777521600000, "estcost": 8709704.34, "funded": "Yes", "projphase": "P5: Closeout", "actstart": null, "actend": null, "actcost": 0, "status": "Closeout", "docpath": null, "CreationDate": 1607626758000, "EditDate": 1665586611000, "NumVotes": null, "MultiYear": "No", "ShowPublic": "Yes", "EBO": null, "JobsCreated": null, "Neighborhood": null, "Council": null, "EBOAttained": null, "ContractNumber": null, "ActivityStatus": null, "ProjectSiteURL": "<a href=\"https://apps.tampagov.net/Directory_Lister/FileHandler.ashx?file=GIS%2fWTR-20-0012.pdf\">WTR-20-0012</a>", "ProjectNumerical": 17308, "RelatedProject": "No", "MapScale": 6000, "WMBESLBE": null, "DepPrjNum": "WTR-20-0012", "BudgetBook": "No", "BudgetYear": null, "CRA": null, "created_date": null, "last_edited_date": 1772635783000, "FundComm": null}}, {"type": "Feature", "id": 17706, "geometry": {"type": "Point", "coordinates": [-82.42486897852096, 28.01709456166196]}, "properties": {"OBJECTID": 17706, "GlobalID": "{9234A1BC-3A2B-4ACA-BE9F-03F1D6C488B1}", "projid": "WTR-18-0008", "projname": "D. L. Tippin Chemical System Improvements", "projdesc": "The Chemical System Improvements project will optimize facility performance capabilities, improve water quality and expand our water treatment capacity. This project will rehabilitate and replace existing infrastructure and eliminate deteriorating facilities and equipment to increase operational and maintenance efficiency. New infrastructure upgrades will increase our capacity to produce drinking water and we will also add new back-up systems to strengthen our resiliency when faced with a natural disaster or other emergency. New treatment processes will also be explored to achieve the twin goals of enhancing the taste and odor of our drinking water while reducing the use of water treatment chemicals.", "rationale": "This project will involve improvements to the facility, consist of a new On-Site Sodium Hypochlorite Generation (OSHG) Facility, abandonment and demolition of the existing 90-ton Rail Car Chlorine Storage and Feed System, replacement of the current Anhydrous Ammonia System with an alternate type of ammonia system, rehabilitation of the existing Chemical Pipe Trenches. All aspects of this work will be designed and constructed for a maximum daily rated capacity of 140 MGD.", "projtype": "Water", "safety": "No", "mandate": "No", "repair": "No", "replace": "Yes", "expand": "Yes", "efficient": "Yes", "fiscalyr": "2021", "fundsource": "PIPES", "planstart": 1630987200000, "planend": 1782792000000, "estcost": 41057978, "funded": "Yes", "projphase": "P4: Construction", "actstart": null, "actend": null, "actcost": 0, "status": "Construction in Progress", "docpath": null, "CreationDate": 1608144165000, "EditDate": 1645909469000, "NumVotes": null, "MultiYear": "Yes", "ShowPublic": "Yes", "EBO": 14, "JobsCreated": null, "Neighborhood": "Old Seminole Heights", "Council": "5", "EBOAttained": null, "ContractNumber": "18-C-00003", "ActivityStatus": "C2.1-Construction", "ProjectSiteURL": "<a href=\"https://apps.tampagov.net/Directory_Lister/FileHandler.ashx?file=GIS%2fWTR-18-0008.pdf\">WTR-18-0008</a>", "ProjectNumerical": 17706, "RelatedProject": "No", "MapScale": 6000, "WMBESLBE": null, "DepPrjNum": "WTR-18-0008", "BudgetBook": "No", "BudgetYear": null, "CRA": null, "created_date": null, "last_edited_date": 1778081502000, "FundComm": null}}, {"type": "Feature", "id": 18105, "geometry": {"type": "Point", "coordinates": [-82.4538497265009, 27.996220292927752]}, "properties": {"OBJECTID": 18105, "GlobalID": "{B97C70F2-A173-43AB-B2C1-A0B87D236DA2}", "projid": "1001151", "projname": "S.E. Seminole Heights Flooding Relief (GMP 1)", "projdesc": "Design and construction of approximately 16,300 LF of stormwater culverts with associated laterals, inlets, interconnections to existing stormwater system, associated utility conflict resolution relocations, transportation elements, water main replacement upgrades and sustainability treatment elements. The project will also include certain transportation elements as well as the replacement of approximately 11,700 LF of water mains not in the same corridors as the proposed stormwater infrastructure", "rationale": "Flooding Relief/ Water Quality Improvement", "projtype": "Stormwater Engineering", "safety": "No", "mandate": "No", "repair": "No", "replace": "No", "expand": "No", "efficient": "Yes", "fiscalyr": "2022", "fundsource": "Stormwater Improvement Fee", "planstart": 1635739200000, "planend": 1798693200000, "estcost": 30000000, "funded": "Yes", "projphase": "P4: Construction", "actstart": null, "actend": null, "actcost": 0, "status": "Construction in Progress", "docpath": "https://seminoleheightsstormwater.com/", "CreationDate": 1608216225000, "EditDate": 1665077513000, "NumVotes": null, "MultiYear": "Yes", "ShowPublic": "Yes", "EBO": 8.6, "JobsCreated": 16, "Neighborhood": "Old Seminole Heights", "Council": "6", "EBOAttained": null, "ContractNumber": "19-C-00012", "ActivityStatus": null, "ProjectSiteURL": "<a href=\"https://apps.tampagov.net/Directory_Lister/FileHandler.ashx?file=GIS%2f1001151.pdf\">1001151</a>", "ProjectNumerical": 18105, "RelatedProject": "No", "MapScale": 6000, "WMBESLBE": 2, "DepPrjNum": "SW40003", "BudgetBook": "No", "BudgetYear": null, "CRA": null, "created_date": null, "last_edited_date": 1773665363000, "FundComm": null}}, {"type": "Feature", "id": 18106, "geometry": {"type": "Point", "coordinates": [-82.47174995185964, 27.932564418817755]}, "properties": {"OBJECTID": 18106, "GlobalID": "{38267AE9-4F1B-458C-926D-99C84E6D7BC4}", "projid": "1001588", "projname": "Hyde Park Groundwater Diversion Ph 2 (New Port, Willow, Orleans, and Watrous Groundwater Diversions)", "projdesc": "The City of Tampa’s Hyde Park Groundwater Diversion Project includes installing an underdrain system to intercept groundwater and divert it to the existing storm sewer system along Bayshore Boulevard. These improvements may cause temporary inconveniences while construction activities are being performed. The City and their construction partners are committed to minimizing these impacts and providing citizens with sustainable solutions that will enhance the quality of life for all residents.", "rationale": "Groundwater Diversion/Flooding Relief", "projtype": "Stormwater Engineering", "safety": "No", "mandate": "No", "repair": "No", "replace": "No", "expand": "No", "efficient": "Yes", "fiscalyr": "2024", "fundsource": "Stormwater Improvement Fee", "planstart": 1696824000000, "planend": 1759377600000, "estcost": 3000000, "funded": "Yes", "projphase": "P5: Closeout", "actstart": null, "actend": null, "actcost": 0, "status": "Closeout", "docpath": "https://www.tampa.gov/project/sw50003", "CreationDate": 1608217813000, "EditDate": 1665582547000, "NumVotes": null, "MultiYear": "Yes", "ShowPublic": "Yes", "EBO": null, "JobsCreated": null, "Neighborhood": "Hyde Park Preservation", "Council": "4", "EBOAttained": null, "ContractNumber": null, "ActivityStatus": null, "ProjectSiteURL": "<a href=\"https://apps.tampagov.net/Directory_Lister/FileHandler.ashx?file=GIS%2f1001588.pdf\">1001588</a>", "ProjectNumerical": 18106, "RelatedProject": "No", "MapScale": 6000, "WMBESLBE": null, "DepPrjNum": "SW50003", "BudgetBook": "Yes", "BudgetYear": 2022, "CRA": null, "created_date": null, "last_edited_date": 1773665187000, "FundComm": null}}, {"type": "Feature", "id": 18109, "geometry": {"type": "Point", "coordinates": [-82.5225338076839, 27.917513304781444]}, "properties": {"OBJECTID": 18109, "GlobalID": "{E8427807-5BD3-424D-9764-9D063053E156}", "projid": "1001171", "projname": "Lamb Canal Rehabilitation & Flood Relief", "projdesc": "The Lamb Canal has experienced significant erosion over the years and is in need of rehabilitation. Embankment deterioration has reduced the canal’s capacity and increased the risk of further erosion.This project will remove accumulated sediment and stabilize the canal banks in targeted areas to prevent future erosion and help restore capacity. A future phase may include replacing and upsizing the drainage pipes at W. Bay to Bay Boulevard and S. Manhattan Avenue to help alleviate frequent nuisance flooding at the intersection.", "rationale": "Flooding Relief", "projtype": "Stormwater Engineering", "safety": "No", "mandate": "No", "repair": "No", "replace": "No", "expand": "No", "efficient": "Yes", "fiscalyr": "On Hold", "fundsource": "Stormwater Improvement Fee", "planstart": null, "planend": null, "estcost": 25000, "funded": "Yes", "projphase": "P1: Planning", "actstart": null, "actend": null, "actcost": 0, "status": "Planning", "docpath": "https://www.tampa.gov/project/sw50006", "CreationDate": 1608219031000, "EditDate": 1663857009000, "NumVotes": null, "MultiYear": "Yes", "ShowPublic": "Yes", "EBO": null, "JobsCreated": null, "Neighborhood": "Sunset Park", "Council": "4", "EBOAttained": null, "ContractNumber": null, "ActivityStatus": null, "ProjectSiteURL": "<a href=\"https://apps.tampagov.net/Directory_Lister/FileHandler.ashx?file=GIS%2f1001171.pdf\">1001171</a>", "ProjectNumerical": 18109, "RelatedProject": "No", "MapScale": 6000, "WMBESLBE": null, "DepPrjNum": "SW50006", "BudgetBook": "Yes", "BudgetYear": 2022, "CRA": null, "created_date": null, "last_edited_date": 1773923859000, "FundComm": null}}, {"type": "Feature", "id": 18110, "geometry": {"type": "Point", "coordinates": [-82.4470057692265, 28.04199158550168]}, "properties": {"OBJECTID": 18110, "GlobalID": "{424C7871-644D-409F-A1BA-797CD799319C}", "projid": "1001527", "projname": "Lantana-Poinsettia Pump Station", "projdesc": "This project provides for property acquisition and construction of a new collection system and new pump station to replace the temporary pump and force main connecting the existing drainage system on North 11th Street.", "rationale": "Flooding Relief", "projtype": "Stormwater Engineering", "safety": "No", "mandate": "No", "repair": "No", "replace": "No", "expand": "No", "efficient": "Yes", "fiscalyr": "2027", "fundsource": "Stormwater Improvement Fee", "planstart": 1767243600000, "planend": 1819771200000, "estcost": 200000, "funded": "Yes", "projphase": "P2: Design", "actstart": null, "actend": null, "actcost": 0, "status": "90% Design Completion", "docpath": "https://www.tampa.gov/project/sw50007", "CreationDate": 1608219513000, "EditDate": 1665081257000, "NumVotes": null, "MultiYear": "Yes", "ShowPublic": "Yes", "EBO": null, "JobsCreated": null, "Neighborhood": "North Tampa Community", "Council": "5", "EBOAttained": null, "ContractNumber": null, "ActivityStatus": null, "ProjectSiteURL": "<a href=\"https://apps.tampagov.net/Directory_Lister/FileHandler.ashx?file=GIS%2f1001527.pdf\">1001527</a>", "ProjectNumerical": 18110, "RelatedProject": "No", "MapScale": 6000, "WMBESLBE": null, "DepPrjNum": "SW50007", "BudgetBook": "Yes", "BudgetYear": 2022, "CRA": null, "created_date": null, "last_edited_date": 1773923920000, "FundComm": null}}, {"type": "Feature", "id": 20109, "geometry": {"type": "Point", "coordinates": [-82.4393381371018, 28.037443814718504]}, "properties": {"OBJECTID": 20109, "GlobalID": "{A4AB61FE-B047-49F0-BF9C-10AC3F0A34D4}", "projid": "SW50021", "projname": "NTCB Elmer Pond Expansion", "projdesc": "Property acquisition and pond expansion", "rationale": "Flooding Relief/ water quality improvement", "projtype": "Stormwater Engineering", "safety": "No", "mandate": "No", "repair": "No", "replace": "No", "expand": "No", "efficient": "Yes", "fiscalyr": "2027", "fundsource": "Stormwater Improvement Fee", "planstart": 1801458000000, "planend": 1846036800000, "estcost": 90000, "funded": "Yes", "projphase": "P2: Design", "actstart": null, "actend": null, "actcost": 0, "status": "30% Design Completion", "docpath": null, "CreationDate": 1608574499000, "EditDate": 1663859566000, "NumVotes": null, "MultiYear": "No", "ShowPublic": "Yes", "EBO": null, "JobsCreated": null, "Neighborhood": "Tampa Overlook", "Council": "7", "EBOAttained": null, "ContractNumber": null, "ActivityStatus": null, "ProjectSiteURL": "<a href=\"https://apps.tampagov.net/Directory_Lister/FileHandler.ashx?file=GIS%2fSW50021.pdf\">SW50021</a>", "ProjectNumerical": 20109, "RelatedProject": "No", "MapScale": 6000, "WMBESLBE": null, "DepPrjNum": "SW50021", "BudgetBook": "No", "BudgetYear": null, "CRA": null, "created_date": null, "last_edited_date": 1773924232000, "FundComm": null}}, {"type": "Feature", "id": 20110, "geometry": {"type": "Point", "coordinates": [-82.51234526829911, 27.900994224553973]}, "properties": {"OBJECTID": 20110, "GlobalID": "{D2E6AD70-64A1-4213-A9E9-DE02203342AE}", "projid": "SW60001", "projname": "Clark and Fairoaks", "projdesc": "Replacing the failed pipes and construction of new pipes and inlets to alleviate the flooding situation", "rationale": "Flooding Relief", "projtype": "Stormwater Engineering", "safety": "No", "mandate": "No", "repair": "No", "replace": "No", "expand": "No", "efficient": "Yes", "fiscalyr": "2027", "fundsource": "Stormwater Improvement Fee", "planstart": 1785384000000, "planend": 1845950400000, "estcost": 350000, "funded": "Yes", "projphase": "P2: Design", "actstart": null, "actend": null, "actcost": 0, "status": "90% Design Completion", "docpath": null, "CreationDate": 1608582778000, "EditDate": 1663873562000, "NumVotes": null, "MultiYear": "No", "ShowPublic": "Yes", "EBO": null, "JobsCreated": null, "Neighborhood": "FairOaks Manhattan", "Council": "4", "EBOAttained": null, "ContractNumber": null, "ActivityStatus": null, "ProjectSiteURL": "<a href=\"https://apps.tampagov.net/Directory_Lister/FileHandler.ashx?file=GIS%2fSW60001.pdf\">SW60001</a>", "ProjectNumerical": 20110, "RelatedProject": "No", "MapScale": 6000, "WMBESLBE": null, "DepPrjNum": "SW60001", "BudgetBook": "No", "BudgetYear": null, "CRA": null, "created_date": null, "last_edited_date": 1773925239000, "FundComm": null}}, {"type": "Feature", "id": 20114, "geometry": {"type": "Point", "coordinates": [-82.437819696496, 28.049519088514916]}, "properties": {"OBJECTID": 20114, "GlobalID": "{8F2A791E-676F-4894-BE94-D4BCB9C3C5F0}", "projid": "1001370", "projname": "Copeland Park Pump Station", "projdesc": "This project is to construct a stormwater pump station to address flooding conditions in Copeland Park. Currently, a temporary pump is utilized to drain the low-lying area. A permanent pump station is proposed to replace the need for a temporary pump. This station will be controlled remotely through the City’s SCADA system.", "rationale": "Flooding Relief", "projtype": "Stormwater Engineering", "safety": "No", "mandate": "No", "repair": "No", "replace": "No", "expand": "No", "efficient": "Yes", "fiscalyr": "2025", "fundsource": "Stormwater Improvement Fee", "planstart": 1735707600000, "planend": 1759204800000, "estcost": 325000, "funded": "Yes", "projphase": "P4: Construction", "actstart": null, "actend": null, "actcost": 0, "status": "Construction in Progress", "docpath": "https://www.tampa.gov/project/sw50009", "CreationDate": 1608587977000, "EditDate": 1665082553000, "NumVotes": null, "MultiYear": "No", "ShowPublic": "Yes", "EBO": null, "JobsCreated": null, "Neighborhood": "University Square", "Council": "7", "EBOAttained": null, "ContractNumber": null, "ActivityStatus": null, "ProjectSiteURL": "<a href=\"https://apps.tampagov.net/Directory_Lister/FileHandler.ashx?file=GIS%2f1001370.pdf\">1001370</a>", "ProjectNumerical": 20114, "RelatedProject": "No", "MapScale": 6000, "WMBESLBE": null, "DepPrjNum": "SW50009", "BudgetBook": "No", "BudgetYear": null, "CRA": null, "created_date": null, "last_edited_date": 1753967656000, "FundComm": null}}, {"type": "Feature", "id": 20511, "geometry": {"type": "Point", "coordinates": [-82.44078188630694, 28.040766363506012]}, "properties": {"OBJECTID": 20511, "GlobalID": "{A747480A-2761-45CA-9DA0-49AA43CD59C1}", "projid": "SW50019", "projname": "17TH and Annona", "projdesc": "Construction of new inlets and pipes connecting to the existing system", "rationale": "Flooding Relief", "projtype": "Stormwater Engineering", "safety": "No", "mandate": "No", "repair": "No", "replace": "No", "expand": "No", "efficient": "Yes", "fiscalyr": "2026", "fundsource": "Stormwater Improvement Fee", "planstart": 1769835600000, "planend": 1785470400000, "estcost": 300000, "funded": "Yes", "projphase": "P3: Procurement", "actstart": null, "actend": null, "actcost": 0, "status": "Contract Negotiations", "docpath": null, "CreationDate": 1608735945000, "EditDate": 1663860445000, "NumVotes": null, "MultiYear": "No", "ShowPublic": "Yes", "EBO": null, "JobsCreated": null, "Neighborhood": "University Square", "Council": "7", "EBOAttained": null, "ContractNumber": null, "ActivityStatus": null, "ProjectSiteURL": "<a href=\"https://apps.tampagov.net/Directory_Lister/FileHandler.ashx?file=GIS%2fSW50019.pdf\">SW50019</a>", "ProjectNumerical": 20511, "RelatedProject": "No", "MapScale": 6000, "WMBESLBE": null, "DepPrjNum": "SW50019", "BudgetBook": "No", "BudgetYear": null, "CRA": null, "created_date": null, "last_edited_date": 1773923477000, "FundComm": null}}, {"type": "Feature", "id": 21307, "geometry": {"type": "Point", "coordinates": [-82.49752288004441, 27.87433535527807]}, "properties": {"OBJECTID": 21307, "GlobalID": "{6871F2C3-33C9-44C0-8219-1065D73AD2F3}", "projid": "1000750", "projname": "Lower Peninsula Watershed Plan - Southeast Region", "projdesc": "This project provides for a study, modeling and construction of this regional watershed to address chronic flooding for the 6,000 acre area. Project alternatives will be analyzed for capital improvements.", "rationale": "Flooding Relief/ water quality improvement", "projtype": "Stormwater Engineering", "safety": "No", "mandate": "No", "repair": "No", "replace": "No", "expand": "No", "efficient": "Yes", "fiscalyr": "2023", "fundsource": "Stormwater Improvement Fee", "planstart": 1667275200000, "planend": 1790740800000, "estcost": 55604452, "funded": "Yes", "projphase": "P4: Construction", "actstart": null, "actend": null, "actcost": 0, "status": "Construction in Progress", "docpath": "https://www.tampa.gov/project/sw40004", "CreationDate": 1609192030000, "EditDate": 1665079753000, "NumVotes": null, "MultiYear": "Yes", "ShowPublic": "Yes", "EBO": null, "JobsCreated": null, "Neighborhood": "Interbay - South of Gandy", "Council": "4", "EBOAttained": null, "ContractNumber": "19-C-00059", "ActivityStatus": null, "ProjectSiteURL": "<a href=\"https://apps.tampagov.net/Directory_Lister/FileHandler.ashx?file=GIS%2f1000750.pdf\">1000750</a>", "ProjectNumerical": 21307, "RelatedProject": "No", "MapScale": 6000, "WMBESLBE": null, "DepPrjNum": "SW40004", "BudgetBook": "Yes", "BudgetYear": 2022, "CRA": null, "created_date": null, "last_edited_date": 1773666079000, "FundComm": null}}, {"type": "Feature", "id": 23307, "geometry": {"type": "Point", "coordinates": [-82.49350233183412, 27.923874604894642]}, "properties": {"OBJECTID": 23307, "GlobalID": "{5F35F0E2-AC0F-4880-B5AC-A2EFB778DC63}", "projid": "1001842", "projname": "Palma Ceia Area 2 (AKA Phase III)", "projdesc": "The Palma Ceia Area 2 (AKA Phase III) project will improve the City of Tampa’s water distribution system by replacing the existing water mains and increasing the capacity of the system. It will also improve our ability to serve a growing population. Approximately 31,717 Linear Feet of water mains ranging from 2 to 12 inches in diameter will be replaced and upgraded", "rationale": "This project will replace the aging water mains in this area with new and larger diameter water mains, improving water pressure and water quality while reducing the number of service interruptions that might have been caused by main breaks or leakage.", "projtype": "Water", "safety": "No", "mandate": "No", "repair": "No", "replace": "Yes", "expand": "Yes", "efficient": "No", "fiscalyr": "2021", "fundsource": "PIPES", "planstart": 1627790400000, "planend": 1767157200000, "estcost": 5893216.6, "funded": "Yes", "projphase": "P5: Closeout", "actstart": null, "actend": null, "actcost": 0, "status": "Closeout", "docpath": null, "CreationDate": 1613659853000, "EditDate": 1645909469000, "NumVotes": null, "MultiYear": "Yes", "ShowPublic": "Yes", "EBO": 17, "JobsCreated": null, "Neighborhood": "Palma Ceia", "Council": "4", "EBOAttained": 19, "ContractNumber": "21-C-00024", "ActivityStatus": null, "ProjectSiteURL": "<a href=\"https://apps.tampagov.net/Directory_Lister/FileHandler.ashx?file=GIS%2f1001842.pdf\">1001842</a>", "ProjectNumerical": 23307, "RelatedProject": "No", "MapScale": 6000, "WMBESLBE": null, "DepPrjNum": "WTR-18-0005", "BudgetBook": "No", "BudgetYear": null, "CRA": null, "created_date": null, "last_edited_date": 1772543534000, "FundComm": null}}, {"type": "Feature", "id": 23707, "geometry": {"type": "Point", "coordinates": [-82.50219822028744, 27.882724135892325]}, "properties": {"OBJECTID": 23707, "GlobalID": "{4F56D5C1-AF7F-4D46-BFA1-EAADC9A7F1DC}", "projid": "WUR-20-0035", "projname": "Lower Peninsula", "projdesc": "The Lower Peninsula project will improve the City of Tampa’s water distribution system by replacing the existing water mains and increasing the capacity of the system. It will also improve our ability to serve a growing population. Approximately 3,638 Linear Feet of water mains ranging from 2 to 16 inches in diameter will be replaced and upgraded.", "rationale": "This project will replace the aging water mains in this area with new and larger diameter water mains, improving water pressure and water quality while reducing the number of service interruptions that might have been caused by main breaks or leakage.", "projtype": "Water", "safety": "No", "mandate": "No", "repair": "No", "replace": "Yes", "expand": "Yes", "efficient": "No", "fiscalyr": "2023", "fundsource": "PIPES", "planstart": 1673326800000, "planend": 1759204800000, "estcost": 1655134.57, "funded": "Yes", "projphase": "P5: Closeout", "actstart": null, "actend": null, "actcost": 0, "status": "Closeout", "docpath": "https://lpstormwater.com/", "CreationDate": 1613678811000, "EditDate": 1649764727000, "NumVotes": null, "MultiYear": "Yes", "ShowPublic": "Yes", "EBO": null, "JobsCreated": null, "Neighborhood": "Interbay - South of Gandy", "Council": "4", "EBOAttained": null, "ContractNumber": null, "ActivityStatus": null, "ProjectSiteURL": "<a href=\"https://apps.tampagov.net/Directory_Lister/FileHandler.ashx?file=GIS%2fWUR-20-0035.pdf\">WUR-20-0035</a>", "ProjectNumerical": 23707, "RelatedProject": "Yes", "MapScale": 6000, "WMBESLBE": null, "DepPrjNum": "WUR-20-0035", "BudgetBook": "No", "BudgetYear": null, "CRA": null, "created_date": null, "last_edited_date": 1759313572000, "FundComm": null}}, {"type": "Feature", "id": 24115, "geometry": {"type": "Point", "coordinates": [-82.45601795766164, 27.972385051138367]}, "properties": {"OBJECTID": 24115, "GlobalID": "{73CC8164-F41C-43BF-BBC3-799B4B642294}", "projid": "1001564", "projname": "Adalee Pumping Station Rehabilitation", "projdesc": "The project provides for the rehabilitation of the wastewater pumping station at 3105 N Avon Ave. Project will include replacement of pumps, piping, valves, and electrical improvements to ensure continued reliability of the station.", "rationale": "The pumping station rehabilitation project will restore the station’s reliability by replacing the aging equipment and will include improvements to reduce vulnerability to extreme weather events.  The station is a critical wastewater asset and failure of the station would result in a wastewater overflow that would impact the environment and pose a public health threat to the surrounding neighborhoods.", "projtype": "Wastewater", "safety": "No", "mandate": "No", "repair": "No", "replace": "No", "expand": "No", "efficient": "Yes", "fiscalyr": "2025", "fundsource": "PIPES", "planstart": 1740805200000, "planend": 1767243600000, "estcost": 1046500, "funded": "Yes", "projphase": "P5: Closeout", "actstart": null, "actend": null, "actcost": 0, "status": "Closeout", "docpath": "https://www.tampa.gov/project/ww1001564", "CreationDate": 1613754667000, "EditDate": 1645909469000, "NumVotes": null, "MultiYear": "No", "ShowPublic": "Yes", "EBO": 15.2, "JobsCreated": 33, "Neighborhood": "Tampa Heights", "Council": "5", "EBOAttained": 100, "ContractNumber": "20-C-00029", "ActivityStatus": null, "ProjectSiteURL": "<a href=\"https://apps.tampagov.net/Directory_Lister/FileHandler.ashx?file=GIS%2f1001564.pdf\">1001564</a>", "ProjectNumerical": 24115, "RelatedProject": "No", "MapScale": 6000, "WMBESLBE": 67, "DepPrjNum": "WW1001564", "BudgetBook": "No", "BudgetYear": null, "CRA": null, "created_date": null, "last_edited_date": 1776265825000, "FundComm": null}}, {"type": "Feature", "id": 25726, "geometry": {"type": "Point", "coordinates": [-82.4590198218896, 27.95259747839747]}, "properties": {"OBJECTID": 25726, "GlobalID": "{F4682DCE-3919-4B27-A579-809F99EAEFAE}", "projid": "TRANS20048", "projname": "InVision Streetcar (Design Only)", "projdesc": "This project provides for preliminary design of the InVision Streetcar extension and modernization.", "rationale": "Transit", "projtype": "Transportation", "safety": "No", "mandate": "No", "repair": "No", "replace": "No", "expand": "Yes", "efficient": "Yes", "fiscalyr": "TBD", "fundsource": "Transportation Impact Fees", "planstart": null, "planend": null, "estcost": 235000000, "funded": "No", "projphase": "P2: Design", "actstart": null, "actend": null, "actcost": 0, "status": "30% Design Completion", "docpath": "https://www.tampagov.net/capital_projects/studies/streetcar_extension_study", "CreationDate": 1614809533000, "EditDate": 1655922361000, "NumVotes": null, "MultiYear": "Yes", "ShowPublic": "Yes", "EBO": null, "JobsCreated": null, "Neighborhood": "Downtown River Arts", "Council": "5", "EBOAttained": null, "ContractNumber": null, "ActivityStatus": null, "ProjectSiteURL": "<a href=\"https://apps.tampagov.net/Directory_Lister/FileHandler.ashx?file=GIS%2fTRANS20048.pdf\">TRANS20048</a>", "ProjectNumerical": 25726, "RelatedProject": null, "MapScale": 6000, "WMBESLBE": null, "DepPrjNum": "TRANS20048", "BudgetBook": "No", "BudgetYear": null, "CRA": "Downtown Core", "created_date": null, "last_edited_date": 1759488972000, "FundComm": null}}, {"type": "Feature", "id": 25727, "geometry": {"type": "Point", "coordinates": [-82.46486859479133, 27.950205753210724]}, "properties": {"OBJECTID": 25727, "GlobalID": "{6C3B8D6A-8731-48A3-9AB9-D1DCD8F2802D}", "projid": "1000446", "projname": "Cass St Bridge (#105502) Electrical/Mechanical Rehabilitation", "projdesc": "This project will provide for a rehabilitation of the Cass St Bridge electrical and mechanical systems as well as the construction of the Green Spine Cycle Track across the bridge.", "rationale": "Bridges & Seawalls", "projtype": "Transportation", "safety": "Yes", "mandate": "No", "repair": "Yes", "replace": "No", "expand": "No", "efficient": "No", "fiscalyr": "TBD", "fundsource": "Local Option Gas Tax", "planstart": null, "planend": null, "estcost": 6930000, "funded": "No", "projphase": "P2: Design", "actstart": null, "actend": null, "actcost": 0, "status": "90% Design Completion", "docpath": "https://www.tampa.gov/project/trans20014", "CreationDate": 1614809534000, "EditDate": 1646086972000, "NumVotes": null, "MultiYear": "Yes", "ShowPublic": "Yes", "EBO": null, "JobsCreated": null, "Neighborhood": "Downtown River Arts", "Council": "5", "EBOAttained": null, "ContractNumber": null, "ActivityStatus": null, "ProjectSiteURL": "<a href=\"https://apps.tampagov.net/Directory_Lister/FileHandler.ashx?file=GIS%2f1000446.pdf\">1000446</a>", "ProjectNumerical": 25727, "RelatedProject": null, "MapScale": 6000, "WMBESLBE": null, "DepPrjNum": "TRANS20014", "BudgetBook": "Yes", "BudgetYear": 2022, "CRA": "Downtown Non Core", "created_date": null, "last_edited_date": 1708035207000, "FundComm": null}}, {"type": "Feature", "id": 25728, "geometry": {"type": "Point", "coordinates": [-82.4586550027514, 27.943465105442606]}, "properties": {"OBJECTID": 25728, "GlobalID": "{B0084FAA-5965-42F7-903F-F62E46006585}", "projid": "1000248", "projname": "Brorein St Bridge (#105501) Phase 1 Structural Rehabilitation", "projdesc": "This project provides for structural rehabilitation as well as rehabilitation of the mechanical and electrical  systems.  This project will also create safe multimodal access across the river by widening the sidewalks on both sides of the bridge to about 9 feet wide.", "rationale": "Bridges & Seawalls", "projtype": "Transportation", "safety": "Yes", "mandate": "No", "repair": "Yes", "replace": "No", "expand": "Yes", "efficient": "No", "fiscalyr": "TBD", "fundsource": "Local Option Gas Tax", "planstart": null, "planend": null, "estcost": 9220000, "funded": "No", "projphase": "P2: Design", "actstart": null, "actend": null, "actcost": 0, "status": "90% Design Completion", "docpath": "https://www.tampa.gov/project/trans20134", "CreationDate": 1614809536000, "EditDate": 1646086753000, "NumVotes": null, "MultiYear": "Yes", "ShowPublic": "Yes", "EBO": null, "JobsCreated": null, "Neighborhood": "Tampa Downtown Partnership", "Council": "4", "EBOAttained": null, "ContractNumber": null, "ActivityStatus": null, "ProjectSiteURL": "<a href=\"https://apps.tampagov.net/Directory_Lister/FileHandler.ashx?file=GIS%2f1000248.pdf\">1000248</a>", "ProjectNumerical": 25728, "RelatedProject": null, "MapScale": 6000, "WMBESLBE": null, "DepPrjNum": "TRANS20134", "BudgetBook": "Yes", "BudgetYear": 2022, "CRA": "Downtown Core", "created_date": null, "last_edited_date": 1708025142000, "FundComm": null}}, {"type": "Feature", "id": 25729, "geometry": {"type": "Point", "coordinates": [-82.44548266881232, 27.962755303783265]}, "properties": {"OBJECTID": 25729, "GlobalID": "{6D063627-2CD0-4589-821F-2D7FF8AB3E9E}", "projid": "1002091", "projname": "Green Spine Cycle Track, Segment 3B", "projdesc": "This project provides for a bi-directional cycle track along Nuccio Pkwy from 7th Ave. to 13th Ave.", "rationale": "Bike & Pedestrian Improvements", "projtype": "Transportation", "safety": "Yes", "mandate": "No", "repair": "No", "replace": "No", "expand": "No", "efficient": "No", "fiscalyr": "2024", "fundsource": "Multiple Funding", "planstart": 1717041600000, "planend": 1761883200000, "estcost": 1645831, "funded": "Yes", "projphase": "P5: Closeout", "actstart": null, "actend": null, "actcost": 0, "status": "Closeout", "docpath": "https://www.tampa.gov/project/trans20038", "CreationDate": 1614809537000, "EditDate": 1657109282000, "NumVotes": null, "MultiYear": "Yes", "ShowPublic": "Yes", "EBO": null, "JobsCreated": null, "Neighborhood": "Historic Ybor", "Council": "5", "EBOAttained": null, "ContractNumber": "21-C-00022", "ActivityStatus": null, "ProjectSiteURL": "<a href=\"https://apps.tampagov.net/Directory_Lister/FileHandler.ashx?file=GIS%2f1002091.pdf\">1002091</a>", "ProjectNumerical": 25729, "RelatedProject": null, "MapScale": 6000, "WMBESLBE": null, "DepPrjNum": "TRANS20038", "BudgetBook": "Yes", "BudgetYear": 2022, "CRA": "Ybor City 1", "created_date": null, "last_edited_date": 1765890282000, "FundComm": null}}, {"type": "Feature", "id": 25736, "geometry": {"type": "Point", "coordinates": [-82.46389896185259, 27.954447062788148]}, "properties": {"OBJECTID": 25736, "GlobalID": "{83BC332C-834D-49E0-936E-A2CD938B4CEA}", "projid": "1001934", "projname": "Doyle Carlton Dr & Laurel St Intersection Improvements", "projdesc": "This project will improve pedestrian, bicycle, and motor vehicle safety and connectivity in the City’s vibrant Downtown River Arts neighborhood. The current intersection at Doyle Carlton Drive and Laurel Street was designed in the 1960s mainly for motor vehicle traffic. This outdated design conflicts with City goals to have complete streets that are safe for all types of users. <br>This project will remove the slip lanes on all approaches to tighten up the four way stop intersection. It will also include new sidewalk connections and curb ramps for the surrounding areas to access the riverwalk easier and more safely. ", "rationale": "• Walking and biking accommodations to support all users and public spaces. <br>• New sidewalk connections and curb ramps for the surrounding areas to access the riverwalk easier and more safely. <br>• Efficient use of space provides greater opportunities for landscaping and public art. <br>• Upgraded drainage for safer roadway travel.", "projtype": "Transportation", "safety": "Yes", "mandate": "No", "repair": "No", "replace": "No", "expand": "No", "efficient": "Yes", "fiscalyr": "2027", "fundsource": "Multiple Funding", "planstart": 1793633385000, "planend": 1809181793000, "estcost": 575000, "funded": "Yes", "projphase": "P2: Design", "actstart": null, "actend": null, "actcost": 0, "status": "30% Design Completion", "docpath": "https://www.tampa.gov/project/trans20050", "CreationDate": 1614809546000, "EditDate": 1657110025000, "NumVotes": null, "MultiYear": "No", "ShowPublic": "Yes", "EBO": null, "JobsCreated": null, "Neighborhood": "Downtown River Arts", "Council": "5", "EBOAttained": null, "ContractNumber": null, "ActivityStatus": null, "ProjectSiteURL": "<a href=\"https://apps.tampagov.net/Directory_Lister/FileHandler.ashx?file=GIS%2f1001934.pdf\">1001934</a>", "ProjectNumerical": 25736, "RelatedProject": null, "MapScale": 6000, "WMBESLBE": null, "DepPrjNum": "TRANS20050", "BudgetBook": "Yes", "BudgetYear": 2022, "CRA": "Downtown Non Core", "created_date": null, "last_edited_date": 1772739614000, "FundComm": null}}, {"type": "Feature", "id": 25737, "geometry": {"type": "Point", "coordinates": [-82.47984520806489, 27.94985977704776]}, "properties": {"OBJECTID": 25737, "GlobalID": "{74791F76-8CEF-4926-AC46-F79F36AF6F4B}", "projid": "1002587", "projname": "Green Spine Cycle Track, Phase 2A", "projdesc": "This project provides for a bi-directional cycle track along the south side of Cass St. from Howard Ave. to N Rome Ave.", "rationale": "Bike & Pedestrian Improvements", "projtype": "Transportation", "safety": "Yes", "mandate": "No", "repair": "No", "replace": "No", "expand": "No", "efficient": "No", "fiscalyr": "2026", "fundsource": "Grants", "planstart": 1760241600000, "planend": 1789617600000, "estcost": 994620, "funded": "Yes", "projphase": "P4: Construction", "actstart": null, "actend": null, "actcost": 0, "status": "Construction in Progress", "docpath": "https://www.tampa.gov/project/trans20033", "CreationDate": 1614809547000, "EditDate": 1657109220000, "NumVotes": null, "MultiYear": "Yes", "ShowPublic": "Yes", "EBO": null, "JobsCreated": null, "Neighborhood": "North Hyde Park", "Council": "5", "EBOAttained": null, "ContractNumber": "24-C-00002", "ActivityStatus": null, "ProjectSiteURL": "<a href=\"https://apps.tampagov.net/Directory_Lister/FileHandler.ashx?file=GIS%2f1002587.pdf\">1002587</a>", "ProjectNumerical": 25737, "RelatedProject": null, "MapScale": 6000, "WMBESLBE": null, "DepPrjNum": "TRANS20033", "BudgetBook": "No", "BudgetYear": null, "CRA": "West Tampa", "created_date": null, "last_edited_date": 1786720944000, "FundComm": null}}, {"type": "Feature", "id": 25738, "geometry": {"type": "Point", "coordinates": [-82.45498997129866, 27.970853251724723]}, "properties": {"OBJECTID": 25738, "GlobalID": "{6373F569-8D75-4EE4-B832-89DA72AA6193}", "projid": "1001531", "projname": "Floribraska Ave (Tampa St to 9th St)", "projdesc": "This project provides for multimodal and safety improvements including on-street bicycle lanes.", "rationale": "Complete Streets & Safety Improvements", "projtype": "Transportation", "safety": "Yes", "mandate": "No", "repair": "No", "replace": "No", "expand": "No", "efficient": "No", "fiscalyr": "2025", "fundsource": "Multiple Funding", "planstart": 1738386000000, "planend": 1767762000000, "estcost": 2399631, "funded": "Yes", "projphase": "P5: Closeout", "actstart": null, "actend": null, "actcost": 0, "status": "Closeout", "docpath": "https://www.tampa.gov/project/trans20026", "CreationDate": 1614809548000, "EditDate": 1657109698000, "NumVotes": null, "MultiYear": "Yes", "ShowPublic": "Yes", "EBO": null, "JobsCreated": null, "Neighborhood": "Tampa Heights", "Council": "5", "EBOAttained": null, "ContractNumber": "20-C-00035", "ActivityStatus": null, "ProjectSiteURL": "<a href=\"https://apps.tampagov.net/Directory_Lister/FileHandler.ashx?file=GIS%2f1001531.pdf\">1001531</a>", "ProjectNumerical": 25738, "RelatedProject": null, "MapScale": 6000, "WMBESLBE": null, "DepPrjNum": "TRANS20026", "BudgetBook": "No", "BudgetYear": null, "CRA": null, "created_date": null, "last_edited_date": 1770900344000, "FundComm": "Central East District Transportation Impact Fee Construction Fund & FDOT Local Agency Program (LAP)"}}, {"type": "Feature", "id": 25739, "geometry": {"type": "Point", "coordinates": [-82.44483105427605, 28.016682280147894]}, "properties": {"OBJECTID": 25739, "GlobalID": "{B9207142-01E2-4AAA-BD0E-AA458E788097}", "projid": "1001516", "projname": "Green ARTery - Segment D", "projdesc": "This project provides for traffic calming and  bike and pedestrian improvements for this segment of the Green ARTery.", "rationale": "Bike & Pedestrian Improvements", "projtype": "Transportation", "safety": "Yes", "mandate": "No", "repair": "No", "replace": "No", "expand": "No", "efficient": "No", "fiscalyr": "2025", "fundsource": "Multiple Funding", "planstart": 1738126800000, "planend": 1754193600000, "estcost": 532787, "funded": "Yes", "projphase": "P5: Closeout", "actstart": null, "actend": null, "actcost": 0, "status": "Closeout", "docpath": "https://www.tampa.gov/project/trans20031", "CreationDate": 1614809549000, "EditDate": 1657109658000, "NumVotes": null, "MultiYear": "No", "ShowPublic": "Yes", "EBO": null, "JobsCreated": null, "Neighborhood": "Old Seminole Heights", "Council": "6", "EBOAttained": null, "ContractNumber": "24-C-00012", "ActivityStatus": null, "ProjectSiteURL": "<a href=\"https://apps.tampagov.net/Directory_Lister/FileHandler.ashx?file=GIS%2f1001516.pdf\">1001516</a>", "ProjectNumerical": 25739, "RelatedProject": null, "MapScale": 6000, "WMBESLBE": null, "DepPrjNum": "TRANS20031", "BudgetBook": "Yes", "BudgetYear": 2022, "CRA": null, "created_date": null, "last_edited_date": 1759420056000, "FundComm": null}}, {"type": "Feature", "id": 25740, "geometry": {"type": "Point", "coordinates": [-82.46634005727711, 28.018069862572325]}, "properties": {"OBJECTID": 25740, "GlobalID": "{84C74D15-34D7-4704-84EC-8B3A71F5E0DA}", "projid": "1001517", "projname": "Green ARTery - Segment E", "projdesc": "This project provides for traffic calming and  bike and pedestrian improvements for this segment of the Green ARTery.", "rationale": "Bike & Pedestrian Improvements", "projtype": "Transportation", "safety": "Yes", "mandate": "No", "repair": "No", "replace": "No", "expand": "Yes", "efficient": "No", "fiscalyr": "2025", "fundsource": "Multiple Funding", "planstart": 1738213200000, "planend": 1760241600000, "estcost": 1188166, "funded": "Yes", "projphase": "P5: Closeout", "actstart": null, "actend": null, "actcost": 0, "status": "Closeout", "docpath": "https://www.tampa.gov/project/trans20032", "CreationDate": 1614809551000, "EditDate": 1657109674000, "NumVotes": null, "MultiYear": "No", "ShowPublic": "Yes", "EBO": null, "JobsCreated": null, "Neighborhood": "Lowry Park Central", "Council": "6", "EBOAttained": null, "ContractNumber": "24-C-00013", "ActivityStatus": null, "ProjectSiteURL": "<a href=\"https://apps.tampagov.net/Directory_Lister/FileHandler.ashx?file=GIS%2f1001517.pdf\">1001517</a>", "ProjectNumerical": 25740, "RelatedProject": null, "MapScale": 6000, "WMBESLBE": null, "DepPrjNum": "TRANS20032", "BudgetBook": "Yes", "BudgetYear": 2022, "CRA": null, "created_date": null, "last_edited_date": 1765829918000, "FundComm": null}}, {"type": "Feature", "id": 25753, "geometry": {"type": "Point", "coordinates": [-82.51593125679338, 27.954852830517524]}, "properties": {"OBJECTID": 25753, "GlobalID": "{06F1C727-EE8D-4DFB-9D80-3F68C4FC4F2A}", "projid": "1001594", "projname": "Sidewalks- Hubert St (W Cypress to W Main St)", "projdesc": "This project provides for a new sidewalk 2,000 feet in length and 5 feet in width along both sides of N Hubert Ave, extending from W Cypress St to W Main St, as well as filling any sidewalk gaps within that range.  These improvements will contribute to increased school and pedestrian safety, multimodal network connection, and increased access to the local Loretta Ingraham Recreation Complex. ", "rationale": "Bike & Pedestrian Improvements", "projtype": "Transportation", "safety": "Yes", "mandate": "No", "repair": "No", "replace": "No", "expand": "No", "efficient": "No", "fiscalyr": "2025", "fundsource": "Transportation Impact Fees", "planstart": 1748750400000, "planend": 1761883200000, "estcost": 320000, "funded": "Yes", "projphase": "P5: Closeout", "actstart": null, "actend": null, "actcost": 0, "status": "Closeout", "docpath": "https://www.tampa.gov/project/trans20044", "CreationDate": 1614809568000, "EditDate": 1657109849000, "NumVotes": null, "MultiYear": "Yes", "ShowPublic": "Yes", "EBO": null, "JobsCreated": null, "Neighborhood": "Carver City Lincoln Gardens", "Council": "6", "EBOAttained": null, "ContractNumber": null, "ActivityStatus": null, "ProjectSiteURL": "<a href=\"https://apps.tampagov.net/Directory_Lister/FileHandler.ashx?file=GIS%2f1001594.pdf\">1001594</a>", "ProjectNumerical": 25753, "RelatedProject": null, "MapScale": 6000, "WMBESLBE": null, "DepPrjNum": "TRANS20044", "BudgetBook": "No", "BudgetYear": null, "CRA": null, "created_date": null, "last_edited_date": 1764685368000, "FundComm": null}}, {"type": "Feature", "id": 25755, "geometry": {"type": "Point", "coordinates": [-82.52100875832426, 27.91161974693382]}, "properties": {"OBJECTID": 25755, "GlobalID": "{2064F4D0-165C-4A98-B12F-02B1A1D888F4}", "projid": "1001931", "projname": "El Prado Blvd. Complete Streets & Sidewalks (Omar Ave to Lois Ave; Lois Ave to Bayshore Blvd)", "projdesc": "This project provides for multimodal and safety improvements including bike lanes and sidewalks.", "rationale": "Complete Streets & Safety Improvements", "projtype": "Transportation", "safety": "Yes", "mandate": "No", "repair": "No", "replace": "No", "expand": "No", "efficient": "No", "fiscalyr": "2026", "fundsource": "Multiple Funding", "planstart": 1780335804000, "planend": 1804704211000, "estcost": 6095013.83, "funded": "Yes", "projphase": "P4: Construction", "actstart": null, "actend": null, "actcost": 0, "status": "Construction in Progress", "docpath": "https://www.tampa.gov/project/trans20023", "CreationDate": 1614809571000, "EditDate": 1657109983000, "NumVotes": null, "MultiYear": "Yes", "ShowPublic": "Yes", "EBO": null, "JobsCreated": null, "Neighborhood": "Belmar Gardens", "Council": "4", "EBOAttained": null, "ContractNumber": "21-D-00016", "ActivityStatus": null, "ProjectSiteURL": "<a href=\"https://apps.tampagov.net/Directory_Lister/FileHandler.ashx?file=GIS%2f1001931.pdf\">1001931</a>", "ProjectNumerical": 25755, "RelatedProject": null, "MapScale": 6000, "WMBESLBE": null, "DepPrjNum": "TRANS20023", "BudgetBook": "Yes", "BudgetYear": 2022, "CRA": null, "created_date": null, "last_edited_date": 1782141022000, "FundComm": null}}, {"type": "Feature", "id": 25767, "geometry": {"type": "Point", "coordinates": [-82.44295532879121, 27.967440000123435]}, "properties": {"OBJECTID": 25767, "GlobalID": "{4596DEEA-5175-4730-9917-D3C5876F71F7}", "projid": "1002092", "projname": "Green Spine Cycle Track, Segment 3C", "projdesc": "This project provides for a bi-directional cycle track along 15th St. from 13th Avenue to 21st Ave.", "rationale": "Bike & Pedestrian Improvements", "projtype": "Transportation", "safety": "Yes", "mandate": "No", "repair": "No", "replace": "No", "expand": "No", "efficient": "No", "fiscalyr": "2024", "fundsource": "Multiple Funding", "planstart": 1717041600000, "planend": 1761883200000, "estcost": 2544487, "funded": "Yes", "projphase": "P5: Closeout", "actstart": null, "actend": null, "actcost": 0, "status": "Closeout", "docpath": "https://www.tampa.gov/project/trans20039", "CreationDate": 1614809589000, "EditDate": 1657110143000, "NumVotes": null, "MultiYear": "Yes", "ShowPublic": "Yes", "EBO": null, "JobsCreated": null, "Neighborhood": "VM Ybor", "Council": "5", "EBOAttained": null, "ContractNumber": "21-C-00022", "ActivityStatus": null, "ProjectSiteURL": "<a href=\"https://apps.tampagov.net/Directory_Lister/FileHandler.ashx?file=GIS%2f1002092.pdf\">1002092</a>", "ProjectNumerical": 25767, "RelatedProject": null, "MapScale": 6000, "WMBESLBE": null, "DepPrjNum": "TRANS20039", "BudgetBook": "Yes", "BudgetYear": 2022, "CRA": "East Tampa", "created_date": null, "last_edited_date": 1765830258000, "FundComm": null}}, {"type": "Feature", "id": 26907, "geometry": {"type": "Point", "coordinates": [-82.42532123077028, 28.01384066987748]}, "properties": {"OBJECTID": 26907, "GlobalID": "{DEB8A16E-6C31-468E-8233-3DFA4BEA07E3}", "projid": "WTR-19-0002.2", "projname": "High Service Pump Station (GMP 2)", "projdesc": "The High Service Pump Station project will optimize facility performance capabilities, improve water quality and expand our water treatment capacity. This project will rehabilitate and replace existing infrastructure and eliminate deteriorating facilities and equipment to increase operational and maintenance efficiency. New infrastructure upgrades will increase our capacity to produce drinking water and we will also add new back-up systems to strengthen our resiliency when faced with a natural disaster or other emergency. New treatment processes will also be explored to achieve the twin goals of enhancing the taste and odor of our drinking water while reducing the use of water treatment chemicals.", "rationale": "This project High Service Pump Station (HSPS) and Miscellaneous Improvements Project (Project) will include evaluation, design, permitting, and construction services for a new HSPS and the other miscellaneous improvements.", "projtype": "Water", "safety": "No", "mandate": "No", "repair": "Yes", "replace": "No", "expand": "Yes", "efficient": "Yes", "fiscalyr": "2021", "fundsource": "PIPES", "planstart": 1622433600000, "planend": 1754020800000, "estcost": 65985127, "funded": "Yes", "projphase": "P5: Closeout", "actstart": null, "actend": null, "actcost": 0, "status": "Closeout", "docpath": null, "CreationDate": 1615904348000, "EditDate": 1645909469000, "NumVotes": null, "MultiYear": "Yes", "ShowPublic": "Yes", "EBO": null, "JobsCreated": null, "Neighborhood": "Old Seminole Heights", "Council": "5", "EBOAttained": null, "ContractNumber": "19-C-00022", "ActivityStatus": null, "ProjectSiteURL": "<a href=\"https://apps.tampagov.net/Directory_Lister/FileHandler.ashx?file=GIS%2fWTR-19-0002.2.pdf\">WTR-19-0002.2</a>", "ProjectNumerical": 26907, "RelatedProject": "Yes", "MapScale": 6000, "WMBESLBE": null, "DepPrjNum": "WTR-19-0002.2", "BudgetBook": "No", "BudgetYear": null, "CRA": null, "created_date": null, "last_edited_date": 1772199686000, "FundComm": null}}, {"type": "Feature", "id": 27308, "geometry": {"type": "Point", "coordinates": [-82.4657686999623, 27.95051460665014]}, "properties": {"OBJECTID": 27308, "GlobalID": "{64C98594-DFB7-42E0-9E1D-00B84230080B}", "projid": "1002096", "projname": "West River District Multi-Modal Network and Safety Improvements BUILD Segments 1 - 6", "projdesc": "This project provides for design and construction of a multimodal network for the West River Area.", "rationale": "Bike & Pedestrian Improvements / Complete Streets", "projtype": "Transportation", "safety": "Yes", "mandate": "No", "repair": "No", "replace": "No", "expand": "Yes", "efficient": "Yes", "fiscalyr": "2026", "fundsource": "Multiple Funding", "planstart": 1763355600000, "planend": 1812686400000, "estcost": 56860000, "funded": "Yes", "projphase": "P4: Construction", "actstart": null, "actend": null, "actcost": 0, "status": "Construction in Progress", "docpath": "https://www.tampa.gov/project/TRANS20079", "CreationDate": 1616075085000, "EditDate": 1657110182000, "NumVotes": 0, "MultiYear": "Yes", "ShowPublic": "Yes", "EBO": null, "JobsCreated": null, "Neighborhood": "Julian B Lane Riverfront Park", "Council": "5", "EBOAttained": null, "ContractNumber": "22-C-00001", "ActivityStatus": null, "ProjectSiteURL": "<a href=\"https://apps.tampagov.net/Directory_Lister/FileHandler.ashx?file=GIS%2f1002096.pdf\">1002096</a>", "ProjectNumerical": 27308, "RelatedProject": null, "MapScale": 6000, "WMBESLBE": null, "DepPrjNum": "TRANS20079", "BudgetBook": "No", "BudgetYear": null, "CRA": "West Tampa", "created_date": null, "last_edited_date": 1786370650000, "FundComm": "CRA Grant, Federal BUILD Grant, CIT Program 6 FY 22-26"}}, {"type": "Feature", "id": 27723, "geometry": {"type": "Point", "coordinates": [-82.4355239464218, 27.962439344346073]}, "properties": {"OBJECTID": 27723, "GlobalID": "{822D6E84-8534-40CD-A859-CB31A2EB5A88}", "projid": "1001832", "projname": "21st St and Palm Ave - Traffic Signal Replacement", "projdesc": "This project provides for the replacement and upgrade of the traffic signal at the intersection of North 21st Street and East Palm Avenue. Additionally, ADA accommodations will be upgraded as necessary.", "rationale": "End of Life Replacement", "projtype": "Transportation", "safety": "Yes", "mandate": "No", "repair": "No", "replace": "Yes", "expand": "No", "efficient": "Yes", "fiscalyr": "2026", "fundsource": "Local Option Gas Tax", "planstart": 1777867200000, "planend": 1787976000000, "estcost": 292344.18, "funded": "Yes", "projphase": "P4: Construction", "actstart": null, "actend": null, "actcost": 0, "status": "Construction in Progress", "docpath": "https://www.tampa.gov/project/trans10001", "CreationDate": 1616441557000, "EditDate": 1645909469000, "NumVotes": null, "MultiYear": "Yes", "ShowPublic": "Yes", "EBO": null, "JobsCreated": null, "Neighborhood": "Historic Ybor", "Council": "5", "EBOAttained": null, "ContractNumber": null, "ActivityStatus": null, "ProjectSiteURL": "<a href=\"https://apps.tampagov.net/Directory_Lister/FileHandler.ashx?file=GIS%2f1001832.pdf\">1001832</a>", "ProjectNumerical": 27723, "RelatedProject": "No", "MapScale": 6000, "WMBESLBE": null, "DepPrjNum": "TRANS10001", "BudgetBook": "Yes", "BudgetYear": 2022, "CRA": "Ybor City 1", "created_date": null, "last_edited_date": 1782125742000, "FundComm": null}}, {"type": "Feature", "id": 27725, "geometry": {"type": "Point", "coordinates": [-82.47678838753737, 27.943262179224742]}, "properties": {"OBJECTID": 27725, "GlobalID": "{CCFBE72B-D5F5-4F6A-A3CF-952A98367A89}", "projid": "1001849", "projname": "Cleveland St and Rome Ave - Traffic Signal", "projdesc": "This project provides for intersection improvements and a new traffic signal.", "rationale": "Safety Enhancement", "projtype": "Transportation", "safety": "Yes", "mandate": "No", "repair": "No", "replace": "No", "expand": "Yes", "efficient": "Yes", "fiscalyr": "2026", "fundsource": "Transportation Impact Fees", "planstart": 1772341200000, "planend": 1788235200000, "estcost": 586089.19, "funded": "Yes", "projphase": "P4: Construction", "actstart": null, "actend": null, "actcost": 0, "status": "Construction in Progress", "docpath": "https://www.tampa.gov/project/trans10022", "CreationDate": 1616441560000, "EditDate": 1645909469000, "NumVotes": null, "MultiYear": "Yes", "ShowPublic": "Yes", "EBO": null, "JobsCreated": null, "Neighborhood": "South Howard", "Council": "4", "EBOAttained": null, "ContractNumber": null, "ActivityStatus": null, "ProjectSiteURL": "<a href=\"https://apps.tampagov.net/Directory_Lister/FileHandler.ashx?file=GIS%2f1001849.pdf\">1001849</a>", "ProjectNumerical": 27725, "RelatedProject": "No", "MapScale": 6000, "WMBESLBE": null, "DepPrjNum": "TRANS10022", "BudgetBook": "Yes", "BudgetYear": 2022, "CRA": null, "created_date": null, "last_edited_date": 1773852985000, "FundComm": null}}, {"type": "Feature", "id": 27726, "geometry": {"type": "Point", "coordinates": [-82.47885670965508, 27.941871503754616]}, "properties": {"OBJECTID": 27726, "GlobalID": "{AB345FB5-F123-45BA-AF3E-DF2609433AFF}", "projid": "1001848", "projname": "Platt St and Fremont Ave - Traffic Signal", "projdesc": "This project provides for the design of a new traffic signal based on a safety-related signal warrant study.", "rationale": "Safety Enhancement", "projtype": "Transportation", "safety": "Yes", "mandate": "No", "repair": "No", "replace": "No", "expand": "Yes", "efficient": "Yes", "fiscalyr": "2025", "fundsource": "Transportation Impact Fees", "planstart": 1756699200000, "planend": 1793332800000, "estcost": 500602.58, "funded": "Yes", "projphase": "P4: Construction", "actstart": null, "actend": null, "actcost": 0, "status": "Construction in Progress", "docpath": "https://www.tampa.gov/project/trans10023", "CreationDate": 1616441561000, "EditDate": 1657109944000, "NumVotes": null, "MultiYear": "Yes", "ShowPublic": "Yes", "EBO": null, "JobsCreated": null, "Neighborhood": "South Howard", "Council": "6", "EBOAttained": null, "ContractNumber": null, "ActivityStatus": null, "ProjectSiteURL": "<a href=\"https://apps.tampagov.net/Directory_Lister/FileHandler.ashx?file=GIS%2f1001848.pdf\">1001848</a>", "ProjectNumerical": 27726, "RelatedProject": "No", "MapScale": 6000, "WMBESLBE": null, "DepPrjNum": "TRANS10023", "BudgetBook": "Yes", "BudgetYear": 2022, "CRA": null, "created_date": null, "last_edited_date": 1756473162000, "FundComm": null}}, {"type": "Feature", "id": 30508, "geometry": {"type": "Point", "coordinates": [-82.42488718448016, 28.014346165826723]}, "properties": {"OBJECTID": 30508, "GlobalID": "{B37A47BC-2F5C-4BA1-B322-000E2C007522}", "projid": "WTR-20-0001.7", "projname": "DLTWTF MP Task Order 007 Deep Well Injection", "projdesc": "The DLTWTF Master Plan Improvements project will optimize facility performance capabilities, improve water quality and expand our water treatment capacity. This project will rehabilitate and replace existing infrastructure and eliminate deteriorating facilities and equipment to increase operational and maintenance efficiency. New infrastructure upgrades will increase our capacity to produce drinking water and we will also add new back-up systems to strengthen our resiliency when faced with a natural disaster or other emergency. New treatment processes will also be explored to achieve the twin goals of enhancing the taste and odor of our drinking water while reducing the use of water treatment chemicals.", "rationale": "The purpose of this Task Order is to provide Engineering and Permitting Services for a Deep Well Injection of Ion Exchange Brine Regenerant.", "projtype": "Water", "safety": "No", "mandate": "No", "repair": "No", "replace": "No", "expand": "No", "efficient": "No", "fiscalyr": "2028", "fundsource": "PIPES", "planstart": null, "planend": null, "estcost": 57706, "funded": "Yes", "projphase": "P2: Design", "actstart": null, "actend": null, "actcost": 0, "status": "60% Design Completion", "docpath": null, "CreationDate": 1618426087000, "EditDate": 1653996873000, "NumVotes": null, "MultiYear": "Yes", "ShowPublic": "Yes", "EBO": null, "JobsCreated": null, "Neighborhood": "Old Seminole Heights", "Council": "5", "EBOAttained": null, "ContractNumber": "20-C-00008", "ActivityStatus": null, "ProjectSiteURL": "<a href=\"https://apps.tampagov.net/Directory_Lister/FileHandler.ashx?file=GIS%2fWTR-20-0001.7.pdf\">WTR-20-0001.7</a>", "ProjectNumerical": 30508, "RelatedProject": "No", "MapScale": 6000, "WMBESLBE": null, "DepPrjNum": "WTR-20-0001.7", "BudgetBook": "No", "BudgetYear": null, "CRA": null, "created_date": null, "last_edited_date": 1777903356000, "FundComm": null}}, {"type": "Feature", "id": 30509, "geometry": {"type": "Point", "coordinates": [-82.42279103816907, 28.015119293881643]}, "properties": {"OBJECTID": 30509, "GlobalID": "{4D0479E1-E8B6-44A9-ABE8-20501A25BB1A}", "projid": "WTR-20-0001.8", "projname": "DLTWTF MP Task Order 008 Raw Water Pump Station", "projdesc": "The DLTWTF Master Plan Improvements project will optimize facility performance capabilities, improve water quality and expand our water treatment capacity. This project will rehabilitate and replace existing infrastructure and eliminate deteriorating facilities and equipment to increase operational and maintenance efficiency. New infrastructure upgrades will increase our capacity to produce drinking water and we will also add new back-up systems to strengthen our resiliency when faced with a natural disaster or other emergency. New treatment processes will also be explored to achieve the twin goals of enhancing the taste and odor of our drinking water while reducing the use of water treatment chemicals.", "rationale": "The project is to provide design of a new raw water intake and pump station at the City's DLTWTF.", "projtype": "Water", "safety": "No", "mandate": "No", "repair": "No", "replace": "Yes", "expand": "No", "efficient": "Yes", "fiscalyr": "2027", "fundsource": "PIPES", "planstart": 1803395654000, "planend": 1883744081000, "estcost": 73814773, "funded": "Yes", "projphase": "P2: Design", "actstart": null, "actend": null, "actcost": 0, "status": "90% Design Completion", "docpath": null, "CreationDate": 1618428121000, "EditDate": 1645909469000, "NumVotes": null, "MultiYear": "Yes", "ShowPublic": "Yes", "EBO": null, "JobsCreated": null, "Neighborhood": "Old Seminole Heights", "Council": "5", "EBOAttained": null, "ContractNumber": "20-C-00008", "ActivityStatus": null, "ProjectSiteURL": "<a href=\"https://apps.tampagov.net/Directory_Lister/FileHandler.ashx?file=GIS%2fWTR-20-0001.8.pdf\">WTR-20-0001.8</a>", "ProjectNumerical": 30509, "RelatedProject": "No", "MapScale": 6000, "WMBESLBE": null, "DepPrjNum": "WTR-20-0001.8", "BudgetBook": "No", "BudgetYear": null, "CRA": null, "created_date": null, "last_edited_date": 1777903406000, "FundComm": null}}, {"type": "Feature", "id": 33707, "geometry": {"type": "Point", "coordinates": [-82.501641758453, 27.93295569056114]}, "properties": {"OBJECTID": 33707, "GlobalID": "{F308AB20-5EB6-4EA4-A576-33EBC735E541}", "projid": "1002178", "projname": "Golf View Estates Flooding Relief", "projdesc": "During high intensity and short duration rain events, low-lying areas in Golfview Neighborhood experience frequent and dangerous flooding due to an old and undersized drainage system. It often takes days to drain some of the flooded streets and vehicles are stranded in these flooded streets. This project consists of design and construction of a new drainage conveyance system as well as the replacement and upsizing of the existing drainage conveyance system in a highly urbanized residential neighborhood. Following the completion of Florida Department of Transportation’s drainage project on South Dale Mabry Highway between Henderson Boulevard and West Neptune Street, this project was proposed. The upsized drainage system will connect to the City’s recently completed Dale Mabry-Henderson Trunkline project at West Watrous Avenue and South Dale Mabry Highway. There will be opportunities to implement Green Infrastructure technologies and improve water quality with this project.", "rationale": "Flooding Relief/ Water Quality Improvement", "projtype": "Stormwater Engineering", "safety": "No", "mandate": "No", "repair": "No", "replace": "No", "expand": "No", "efficient": "Yes", "fiscalyr": "2027", "fundsource": "Stormwater Improvement Fee", "planstart": 1796101200000, "planend": 1846036800000, "estcost": 8000000, "funded": "Yes", "projphase": "P2: Design", "actstart": null, "actend": null, "actcost": 0, "status": "Contract Negotiations", "docpath": "https://www.tampa.gov/project/sw40006", "CreationDate": 1626118500000, "EditDate": 1665081163000, "NumVotes": null, "MultiYear": "Yes", "ShowPublic": "Yes", "EBO": null, "JobsCreated": null, "Neighborhood": "Golfview", "Council": "4", "EBOAttained": null, "ContractNumber": null, "ActivityStatus": null, "ProjectSiteURL": "<a href=\"https://apps.tampagov.net/Directory_Lister/FileHandler.ashx?file=GIS%2f1002178.pdf\">1002178</a>", "ProjectNumerical": 33707, "RelatedProject": "No", "MapScale": 6000, "WMBESLBE": null, "DepPrjNum": "SW40006", "BudgetBook": "Yes", "BudgetYear": 2022, "CRA": null, "created_date": null, "last_edited_date": 1769192878000, "FundComm": null}}, {"type": "Feature", "id": 34107, "geometry": {"type": "Point", "coordinates": [-82.48748018616794, 27.935719178198468]}, "properties": {"OBJECTID": 34107, "GlobalID": "{3D6D0F3C-19B1-44BC-B16B-DDD0E92B1BE4}", "projid": "1002179", "projname": "South Howard Flood Relief Project", "projdesc": "The South Howard Flood Relief Project involves designing and building a major stormwater conveyance system to improve drainage and reduce flooding along South Howard Avenue and adjacent neighborhoods, including Parkland Estates and Palma Ceia Pines.", "rationale": "Flooding Relief/ water quality improvement", "projtype": "Stormwater Engineering", "safety": "No", "mandate": "No", "repair": "No", "replace": "No", "expand": "No", "efficient": "Yes", "fiscalyr": "TBD", "fundsource": "Multiple Funding", "planstart": null, "planend": null, "estcost": 100400000, "funded": "Yes", "projphase": "P2: Design", "actstart": null, "actend": null, "actcost": 0, "status": "Planning", "docpath": "https://shstormwater.com/project-information/", "CreationDate": 1626118879000, "EditDate": 1662042027000, "NumVotes": null, "MultiYear": "Yes", "ShowPublic": "Yes", "EBO": null, "JobsCreated": null, "Neighborhood": "Parkland Estates", "Council": "4", "EBOAttained": null, "ContractNumber": null, "ActivityStatus": null, "ProjectSiteURL": "<a href=\"https://apps.tampagov.net/Directory_Lister/FileHandler.ashx?file=GIS%2f1002179.pdf\">1002179</a>", "ProjectNumerical": 34107, "RelatedProject": "No", "MapScale": 6000, "WMBESLBE": null, "DepPrjNum": "SW40007", "BudgetBook": "Yes", "BudgetYear": 2022, "CRA": null, "created_date": null, "last_edited_date": 1786721326000, "FundComm": "Funding sources include Stormwater Improvement Bonds, Stormwater Improvement Assessments, Tampa-Hillsborough Expressway Authority (THEA), & Florida Department of Environmental Protection’s (FDEP) Resilient Florida Grant Program."}}, {"type": "Feature", "id": 35707, "geometry": {"type": "Point", "coordinates": [-82.42392471535976, 28.0142477775605]}, "properties": {"OBJECTID": 35707, "GlobalID": "{BFCBA3D0-BE2E-468D-AB5A-7F57DA686B4C}", "projid": "WTR-20-0001.11", "projname": "Sitewide Electrical Improvement", "projdesc": "The TECO House and Sitewide Electric  project will optimize facility performance capabilities, improve water quality and expand our water treatment capacity. This project will rehabilitate and replace existing infrastructure and eliminate deteriorating facilities and equipment to increase operational and maintenance efficiency. New infrastructure upgrades will increase our capacity to produce drinking water and we will also add new back-up systems to strengthen our resiliency when faced with a natural disaster or other emergency. New treatment processes will also be explored to achieve the twin goals of enhancing the taste and odor of our drinking water while reducing the use of water treatment chemicals.", "rationale": "This project is to design a new TECO House Building and new standby generators with support appurtenances, including a fuel storage and feed area, diesel exhaust fluid (DEF) system, electrical room, and sitewide ductbanks", "projtype": "Water", "safety": "No", "mandate": "No", "repair": "No", "replace": "Yes", "expand": "No", "efficient": "Yes", "fiscalyr": "2026", "fundsource": "PIPES", "planstart": 1768840041000, "planend": 1842794850000, "estcost": 52935137, "funded": "No", "projphase": "P4: Construction", "actstart": null, "actend": null, "actcost": 0, "status": "Final Contract Review & Approval", "docpath": null, "CreationDate": 1626780135000, "EditDate": 1663692540000, "NumVotes": null, "MultiYear": "Yes", "ShowPublic": "Yes", "EBO": null, "JobsCreated": null, "Neighborhood": "Old Seminole Heights", "Council": "5", "EBOAttained": null, "ContractNumber": "20-C-00008", "ActivityStatus": null, "ProjectSiteURL": "<a href=\"https://apps.tampagov.net/Directory_Lister/FileHandler.ashx?file=GIS%2fWTR-20-0001.11.pdf\">WTR-20-0001.11</a>", "ProjectNumerical": 35707, "RelatedProject": "No", "MapScale": 6000, "WMBESLBE": null, "DepPrjNum": "WTR-20-0001.11", "BudgetBook": "No", "BudgetYear": null, "CRA": null, "created_date": null, "last_edited_date": 1772200079000, "FundComm": null}}, {"type": "Feature", "id": 36907, "geometry": {"type": "Point", "coordinates": [-82.47577217837872, 27.979808820672055]}, "properties": {"OBJECTID": 36907, "GlobalID": "{C4A1B767-14F9-48FF-9C1C-226B7B7F604A}", "projid": "1001597", "projname": "Virginia Avenue Pumping Station Drainage Improvements", "projdesc": "This project provides for the rehabilitation and construction of new conveyance/outfall system adjacent to the existing Wastewater pumping station.", "rationale": "Flooding Relief", "projtype": "Stormwater Engineering", "safety": "No", "mandate": "No", "repair": "No", "replace": "No", "expand": "No", "efficient": "Yes", "fiscalyr": "2023", "fundsource": "Stormwater Improvement Fee", "planstart": 1678852800000, "planend": 1757563200000, "estcost": 330000, "funded": "Yes", "projphase": "P5: Closeout", "actstart": null, "actend": null, "actcost": 0, "status": "Closeout", "docpath": null, "CreationDate": 1626867433000, "EditDate": 1665080117000, "NumVotes": null, "MultiYear": "No", "ShowPublic": "Yes", "EBO": null, "JobsCreated": null, "Neighborhood": "Riverside Heights", "Council": "6", "EBOAttained": null, "ContractNumber": null, "ActivityStatus": null, "ProjectSiteURL": "<a href=\"https://apps.tampagov.net/Directory_Lister/FileHandler.ashx?file=GIS%2f1001597.pdf\">1001597</a>", "ProjectNumerical": 36907, "RelatedProject": "No", "MapScale": 6000, "WMBESLBE": null, "DepPrjNum": "SW60011", "BudgetBook": "Yes", "BudgetYear": 2022, "CRA": null, "created_date": null, "last_edited_date": 1773665247000, "FundComm": null}}, {"type": "Feature", "id": 38107, "geometry": {"type": "Point", "coordinates": [-82.48962934102533, 27.904076374881686]}, "properties": {"OBJECTID": 38107, "GlobalID": "{76386C36-0D48-4DD5-99E8-420C2330675A}", "projid": "1001565", "projname": "Bayshore Pumping Station Rehabilitation", "projdesc": "This project provides for the complete rehabilitation of Bayshore Pumping Station at 3300 Bayshore Dr. The project will serve to replace the existing wet-dry type pumping station with a more efficient, reliable, and serviceable submersible pumping station. It includes demolition of above ground building structure, pumps and electrical equipment and installation of new submersible pumps, piping, valves, control panel and electrical upgrades.  The new electrical and control equipment will be installed aboveground and will be designed to provide protection from flooding and wind damage associated with storm events. The project also includes the installation of a backup generator to maintain station operation in the event of a power loss.", "rationale": "The pumping station rehabilitation project will restore the station’s reliability by replacing the aging equipment and will include improvements to reduce vulnerability to extreme weather events.  The station is a critical wastewater asset and failure of the station would result in a wastewater overflow that would impact the environment and pose a public health threat to the surrounding neighborhoods.", "projtype": "Wastewater", "safety": "No", "mandate": "No", "repair": "No", "replace": "No", "expand": "No", "efficient": "No", "fiscalyr": "2025", "fundsource": "PIPES", "planstart": 1730433600000, "planend": 1769922000000, "estcost": 6400000, "funded": "Yes", "projphase": "P5: Closeout", "actstart": null, "actend": null, "actcost": 0, "status": "Closeout", "docpath": "https://www.tampa.gov/project/ww1001565", "CreationDate": 1626978455000, "EditDate": 1660661559000, "NumVotes": null, "MultiYear": "Yes", "ShowPublic": "Yes", "EBO": null, "JobsCreated": 28, "Neighborhood": "Bayshore Beautiful", "Council": "4", "EBOAttained": null, "ContractNumber": "20-C-00015", "ActivityStatus": null, "ProjectSiteURL": "<a href=\"https://apps.tampagov.net/Directory_Lister/FileHandler.ashx?file=GIS%2f1001565.pdf\">1001565</a>", "ProjectNumerical": 38107, "RelatedProject": "No", "MapScale": 6000, "WMBESLBE": null, "DepPrjNum": "WW1001565", "BudgetBook": "Yes", "BudgetYear": 2022, "CRA": null, "created_date": null, "last_edited_date": 1776266890000, "FundComm": null}}, {"type": "Feature", "id": 38112, "geometry": {"type": "Point", "coordinates": [-82.44693731730224, 28.019266452538357]}, "properties": {"OBJECTID": 38112, "GlobalID": "{822B4F71-1600-4EF4-B888-D05470371B37}", "projid": "1001809", "projname": "Sulphur Springs Pumping Station ", "projdesc": "This project provides for the complete rehabilitation of Sulphur Springs Pumping Station at 7902 N. 13th St. The project will serve to replace the existing wet-dry type pumping station with a more efficient, reliable, and serviceable submersible pumping station. It includes demolition of above ground building structure, pumps and electrical equipment and installation of new submersible pumps, piping, valves, control panel and electrical upgrades.  The new electrical and control equipment will be installed aboveground and will be designed to provide protection from flooding and wind damage associated with storm events. The project also includes the installation of a backup generator to maintain station operation in the event of a power loss.", "rationale": "The pumping station rehabilitation project will restore the station’s reliability by replacing the aging equipment and will include improvements to reduce vulnerability to extreme weather events.  The station is a critical wastewater asset and failure of the station would result in a wastewater overflow that would impact the environment and pose a public health threat to the surrounding neighborhoods.", "projtype": "Wastewater", "safety": "No", "mandate": "No", "repair": "No", "replace": "No", "expand": "No", "efficient": "Yes", "fiscalyr": "2028", "fundsource": "PIPES", "planstart": 1830315600000, "planend": 1859259600000, "estcost": 19700000, "funded": "Yes", "projphase": "P2: Design", "actstart": null, "actend": null, "actcost": 0, "status": "30% Design Completion", "docpath": "https://www.tampa.gov/project/ww1001809", "CreationDate": 1626982125000, "EditDate": 1645909469000, "NumVotes": null, "MultiYear": "No", "ShowPublic": "Yes", "EBO": null, "JobsCreated": 20, "Neighborhood": "Sulphur Springs", "Council": "5", "EBOAttained": null, "ContractNumber": "20-C-00014", "ActivityStatus": null, "ProjectSiteURL": "<a href=\"https://apps.tampagov.net/Directory_Lister/FileHandler.ashx?file=GIS%2f1001809.pdf\">1001809</a>", "ProjectNumerical": 38112, "RelatedProject": "No", "MapScale": 6000, "WMBESLBE": 5, "DepPrjNum": "WW1001809", "BudgetBook": "Yes", "BudgetYear": 2022, "CRA": null, "created_date": null, "last_edited_date": 1784911417000, "FundComm": null}}, {"type": "Feature", "id": 38910, "geometry": {"type": "Point", "coordinates": [-82.51395134148416, 27.952189097759238]}, "properties": {"OBJECTID": 38910, "GlobalID": "{91E82051-CA56-424C-A59C-9B701032E85E}", "projid": "1001674", "projname": "Lois Ave (Cleveland St to Boy Scout Blvd)", "projdesc": "This project provides for safety, multimodal, and operational improvements.", "rationale": "Complete Streets & Safety Improvements", "projtype": "Transportation", "safety": "Yes", "mandate": "No", "repair": "No", "replace": "No", "expand": "No", "efficient": "No", "fiscalyr": "2027", "fundsource": "Multiple Funding", "planstart": null, "planend": 1861851600000, "estcost": 5400000, "funded": "No", "projphase": "P2: Design", "actstart": null, "actend": null, "actcost": 0, "status": "30% Design Completion", "docpath": "https://www.tampa.gov/project/trans20135", "CreationDate": 1627052070000, "EditDate": 1657109886000, "NumVotes": null, "MultiYear": "No", "ShowPublic": "Yes", "EBO": null, "JobsCreated": null, "Neighborhood": "Tampa International Airport", "Council": "6", "EBOAttained": null, "ContractNumber": null, "ActivityStatus": null, "ProjectSiteURL": "<a href=\"https://apps.tampagov.net/Directory_Lister/FileHandler.ashx?file=GIS%2f1001674.pdf\">1001674</a>", "ProjectNumerical": 38910, "RelatedProject": "No", "MapScale": 6000, "WMBESLBE": null, "DepPrjNum": "TRANS20135", "BudgetBook": "Yes", "BudgetYear": 2022, "CRA": null, "created_date": null, "last_edited_date": 1759230509000, "FundComm": null}}, {"type": "Feature", "id": 39709, "geometry": {"type": "Point", "coordinates": [-82.45988466454584, 27.94881400872474]}, "properties": {"OBJECTID": 39709, "GlobalID": "{351371D5-7B29-40C8-9918-4BFF39F9F9D7}", "projid": "1002445", "projname": "Twiggs St (Ashley Dr to Nebraska Ave)", "projdesc": "Lane repurposing to improve Ped/Bicycle facilities and incorporate aspects of Tampa MOVES plan.", "rationale": "Complete Street", "projtype": "Transportation", "safety": "Yes", "mandate": "No", "repair": "No", "replace": "No", "expand": "No", "efficient": "No", "fiscalyr": "2027", "fundsource": "Multiple Funding", "planstart": 1790857626000, "planend": 1843388835000, "estcost": 6300000, "funded": "Yes", "projphase": "P2: Design", "actstart": null, "actend": null, "actcost": 0, "status": "30% Design Completion", "docpath": "https://www.tampa.gov/project/trans20091", "CreationDate": 1627147423000, "EditDate": 1657109869000, "NumVotes": null, "MultiYear": "Yes", "ShowPublic": "Yes", "EBO": null, "JobsCreated": null, "Neighborhood": "Downtown River Arts", "Council": "5", "EBOAttained": null, "ContractNumber": "24-D-00003", "ActivityStatus": null, "ProjectSiteURL": "<a href=\"https://apps.tampagov.net/Directory_Lister/FileHandler.ashx?file=GIS%2f1002445.pdf\">1002445</a>", "ProjectNumerical": 39709, "RelatedProject": "No", "MapScale": 6000, "WMBESLBE": null, "DepPrjNum": "TRANS20091", "BudgetBook": "Yes", "BudgetYear": 2022, "CRA": "Downtown Non Core", "created_date": null, "last_edited_date": 1749476617000, "FundComm": null}}, {"type": "Feature", "id": 39721, "geometry": {"type": "Point", "coordinates": [-82.36877537462362, 28.112868125795703]}, "properties": {"OBJECTID": 39721, "GlobalID": "{613F5075-FED6-411B-A60D-6E665D071F25}", "projid": "1001618", "projname": "Greenways, Trail & Gateway Sign - New Tampa Nature Park", "projdesc": "This project provides for the design of trails, signage, additional play elements and a restroom facility.  Implementation of the project will happen in multiple phases as funding becomes available.", "rationale": "Improve and Increase Recreational Opportunities", "projtype": "Parks & Recreation", "safety": "No", "mandate": "No", "repair": "No", "replace": "No", "expand": "No", "efficient": "No", "fiscalyr": "2025", "fundsource": "Community Investment Taxes", "planstart": null, "planend": null, "estcost": 500000, "funded": "No", "projphase": "P2: Design", "actstart": null, "actend": null, "actcost": 0, "status": "90% Design Completion", "docpath": null, "CreationDate": 1627310123000, "EditDate": 1661955810000, "NumVotes": null, "MultiYear": "Yes", "ShowPublic": "Yes", "EBO": null, "JobsCreated": 0, "Neighborhood": "TPOST 3", "Council": "7", "EBOAttained": 0, "ContractNumber": "22-D-13502", "ActivityStatus": null, "ProjectSiteURL": "<a href=\"https://apps.tampagov.net/Directory_Lister/FileHandler.ashx?file=GIS%2f1001618.pdf\">1001618</a>", "ProjectNumerical": 39721, "RelatedProject": "No", "MapScale": 6000, "WMBESLBE": 0, "DepPrjNum": "PR-22018", "BudgetBook": "Yes", "BudgetYear": 2022, "CRA": "Not in a CRA", "created_date": null, "last_edited_date": 1733758591000, "FundComm": null}}, {"type": "Feature", "id": 39725, "geometry": {"type": "Point", "coordinates": [-82.42145976714744, 27.991896451686156]}, "properties": {"OBJECTID": 39725, "GlobalID": "{0B5859C0-9EE6-462B-B8D0-5AEC7E72045F}", "projid": "1001937", "projname": "East Tampa Recreational Complex", "projdesc": "This project provides for the design, acquisition, and construction of a 10 acre park complete with a renovated and expanded Community Center with a new Senior Center.", "rationale": "Improve and Increase Recreational Opportunities", "projtype": "Parks & Recreation", "safety": "No", "mandate": "No", "repair": "No", "replace": "No", "expand": "No", "efficient": "No", "fiscalyr": "2024", "fundsource": "Multiple Funding", "planstart": 1713153600000, "planend": 1778644800000, "estcost": 34686537, "funded": "Yes", "projphase": "P4: Construction", "actstart": null, "actend": null, "actcost": 0, "status": "Construction in Progress", "docpath": "https://www.tampa.gov/project/pr-22022", "CreationDate": 1627310606000, "EditDate": 1661954086000, "NumVotes": null, "MultiYear": "Yes", "ShowPublic": "Yes", "EBO": 30, "JobsCreated": 47, "Neighborhood": "The Legacy of Fair Oaks", "Council": "5", "EBOAttained": 9.66, "ContractNumber": "22-C-00028", "ActivityStatus": "C2.1-Construction", "ProjectSiteURL": "<a href=\"https://apps.tampagov.net/Directory_Lister/FileHandler.ashx?file=GIS%2f1001937.pdf\">1001937</a>", "ProjectNumerical": 39725, "RelatedProject": "No", "MapScale": 6000, "WMBESLBE": null, "DepPrjNum": "PR-22022", "BudgetBook": "Yes", "BudgetYear": 2022, "CRA": "East Tampa", "created_date": null, "last_edited_date": 1757417447000, "FundComm": null}}, {"type": "Feature", "id": 39727, "geometry": {"type": "Point", "coordinates": [-82.46871073133774, 27.9885897040571]}, "properties": {"OBJECTID": 39727, "GlobalID": "{CD6A7CFD-0DBF-412C-93F1-F8508FB6AE7C}", "projid": "1001936", "projname": "Rivercrest Park Boardwalk Renovation", "projdesc": "This project provides for the replacement of the seawall, boardwalk and docks at Rivercrest Park. Replacement of  new structural system, and a new dock system.", "rationale": "This project will replace the boardwalk and docks  to allow use of the waterfront amenity.  The seawall is failing and the shoreline will be stabilized to protect the community's investment.", "projtype": "Parks & Recreation", "safety": "No", "mandate": "No", "repair": "No", "replace": "Yes", "expand": "No", "efficient": "No", "fiscalyr": "2025", "fundsource": "Community Investment Taxes", "planstart": null, "planend": null, "estcost": 1100000, "funded": "Yes", "projphase": "P2: Design", "actstart": null, "actend": null, "actcost": 0, "status": "Permitting/Submittals Approval", "docpath": null, "CreationDate": 1627311004000, "EditDate": 1661958123000, "NumVotes": null, "MultiYear": "Yes", "ShowPublic": "Yes", "EBO": null, "JobsCreated": null, "Neighborhood": "South Seminole Heights", "Council": "6", "EBOAttained": null, "ContractNumber": "22-C-00010", "ActivityStatus": null, "ProjectSiteURL": "<a href=\"https://apps.tampagov.net/Directory_Lister/FileHandler.ashx?file=GIS%2f1001936.pdf\">1001936</a>", "ProjectNumerical": 39727, "RelatedProject": "No", "MapScale": 6000, "WMBESLBE": 11, "DepPrjNum": "PR-22021", "BudgetBook": "Yes", "BudgetYear": 2022, "CRA": null, "created_date": null, "last_edited_date": 1766068225000, "FundComm": null}}, {"type": "Feature", "id": 39736, "geometry": {"type": "Point", "coordinates": [-82.45058841259849, 27.952685477538356]}, "properties": {"OBJECTID": 39736, "GlobalID": "{EA5DF846-DCD8-4DB6-B0D3-38EAFCF8CB76}", "projid": "1001518", "projname": "CRA- DT Union Station Renovations", "projdesc": "Exterior and interior renovation, termite treatment, lead and asbestos abatement, and art installation", "rationale": "Historic integration, economic growth, jobs for residents, and transporting visitors to the city", "projtype": "Facility Management", "safety": "No", "mandate": "No", "repair": "No", "replace": "No", "expand": "No", "efficient": "No", "fiscalyr": "2025", "fundsource": "Community Redevelopment Agency", "planstart": 1761537600000, "planend": 1772168400000, "estcost": 4080000, "funded": "No", "projphase": "P4: Construction", "actstart": null, "actend": null, "actcost": 0, "status": "Construction in Progress", "docpath": null, "CreationDate": 1627319313000, "EditDate": 1645909469000, "NumVotes": null, "MultiYear": "Yes", "ShowPublic": "Yes", "EBO": null, "JobsCreated": null, "Neighborhood": "Tampa Downtown Partnership", "Council": "5", "EBOAttained": null, "ContractNumber": null, "ActivityStatus": null, "ProjectSiteURL": "<a href=\"https://apps.tampagov.net/Directory_Lister/FileHandler.ashx?file=GIS%2f1001518.pdf\">1001518</a>", "ProjectNumerical": 39736, "RelatedProject": "No", "MapScale": 6000, "WMBESLBE": null, "DepPrjNum": null, "BudgetBook": "No", "BudgetYear": null, "CRA": "Downtown Core", "created_date": null, "last_edited_date": 1756319538000, "FundComm": null}}, {"type": "Feature", "id": 45708, "geometry": {"type": "Point", "coordinates": [-82.37457576124687, 28.006034680566536]}, "properties": {"OBJECTID": 45708, "GlobalID": "{B83D04AE-5028-4379-AA4C-54B29337055A}", "projid": "1002495", "projname": "Wastewater Pumping Station Rehabilitation Parke East PS", "projdesc": "This project provides for the rehabilitation of the wastewater pumping stations 6304 Orient Road (Parke East Pump Station) and 6001 North Olive Avenue (Idlewild Pump Station). Project will include replacement of pumps, piping, valves, and electrical improvements to ensure continued reliability of the station.", "rationale": "The pumping station rehabilitation project will restore the station’s reliability by replacing the aging equipment and will include improvements to reduce vulnerability to extreme weather events.  The station is a critical wastewater asset and failure of the station would result in a wastewater overflow that would impact the environment and pose a public health threat to the surrounding neighborhoods.", "projtype": "Wastewater", "safety": "No", "mandate": "No", "repair": "No", "replace": "No", "expand": "No", "efficient": "Yes", "fiscalyr": "2025", "fundsource": "PIPES", "planstart": 1751342400000, "planend": 1767243600000, "estcost": 1801300, "funded": "Yes", "projphase": "P5: Closeout", "actstart": null, "actend": null, "actcost": 0, "status": "Closeout", "docpath": "https://www.tampa.gov/project/ww1002495", "CreationDate": 1629996563000, "EditDate": 1660661743000, "NumVotes": null, "MultiYear": "No", "ShowPublic": "Yes", "EBO": 18, "JobsCreated": 4, "Neighborhood": null, "Council": null, "EBOAttained": 33.1, "ContractNumber": "22-C-00048", "ActivityStatus": null, "ProjectSiteURL": "<a href=\"https://apps.tampagov.net/Directory_Lister/FileHandler.ashx?file=GIS%2f1002495.pdf\">1002495</a>", "ProjectNumerical": 45708, "RelatedProject": "No", "MapScale": 6000, "WMBESLBE": 28, "DepPrjNum": "WW1002495", "BudgetBook": "No", "BudgetYear": null, "CRA": null, "created_date": null, "last_edited_date": 1776267026000, "FundComm": null}}, {"type": "Feature", "id": 45709, "geometry": {"type": "Point", "coordinates": [-82.46574780931137, 28.047418494129737]}, "properties": {"OBJECTID": 45709, "GlobalID": "{A3A114B1-42EE-4AEA-8161-D6736A55A737}", "projid": "1002466", "projname": "Wastewater Pumping Station Rehabilitation 109th St. PS", "projdesc": "This project provides for the complete rehabilitation of 109th Street Pumping Station at 10902 Marjory Ave. The project will serve to replace the existing wet-dry type pumping station with a more efficient, reliable, and serviceable submersible pumping station. It includes demolition of above ground building structure, pumps and electrical equipment and installation of new submersible pumps, piping, valves, control panel and electrical upgrades.  The new electrical and control equipment will be installed aboveground and will be designed to provide protection from flooding and wind damage associated with storm events. The project also includes the installation of a backup generator to maintain station operation in the event of a power loss.", "rationale": "The pumping station rehabilitation project will restore the station’s reliability by replacing the aging equipment and will include improvements to reduce vulnerability to extreme weather events.  The station is a critical wastewater asset and failure of the station would result in a wastewater overflow that would impact the environment and pose a public health threat to the surrounding neighborhoods.", "projtype": "Wastewater", "safety": "No", "mandate": "No", "repair": "No", "replace": "No", "expand": "No", "efficient": "Yes", "fiscalyr": "2026", "fundsource": "PIPES", "planstart": 1775016000000, "planend": 1790827200000, "estcost": 2201000, "funded": "Yes", "projphase": "P3: Procurement", "actstart": null, "actend": null, "actcost": 0, "status": "Permitting/Submittals Approval", "docpath": "https://www.tampa.gov/project/ww1002466", "CreationDate": 1629997598000, "EditDate": 1660661808000, "NumVotes": null, "MultiYear": "No", "ShowPublic": "Yes", "EBO": 13, "JobsCreated": 13, "Neighborhood": "East Forest Hills", "Council": "7", "EBOAttained": 13.27, "ContractNumber": "23-C-00001", "ActivityStatus": null, "ProjectSiteURL": "<a href=\"https://apps.tampagov.net/Directory_Lister/FileHandler.ashx?file=GIS%2f1002466.pdf\">1002466</a>", "ProjectNumerical": 45709, "RelatedProject": "No", "MapScale": 6000, "WMBESLBE": 4, "DepPrjNum": "WW1002466", "BudgetBook": "No", "BudgetYear": null, "CRA": null, "created_date": null, "last_edited_date": 1774961748000, "FundComm": null}}, {"type": "Feature", "id": 46109, "geometry": {"type": "Point", "coordinates": [-82.51383498471053, 28.001718788930845]}, "properties": {"OBJECTID": 46109, "GlobalID": "{D00448E2-DDEF-4DED-90DC-F26AEDD7F1DF}", "projid": "1002495", "projname": "Wastewater Pumping Station Rehabilitation Design Build-Idlewild PS", "projdesc": "This project provides for the rehabilitation of the wastewater pumping stations 6304 Orient Road (Parke East Pump Station) and 6001 North Olive Avenue (Idlewild Pump Station). Project will include replacement of pumps, piping, valves, and electrical improvements to ensure continued reliability of the station.", "rationale": "The pumping station rehabilitation project will restore the station’s reliability by replacing the aging equipment and will include improvements to reduce vulnerability to extreme weather events. The station is a critical wastewater asset and failure of the station would result in a wastewater overflow that would impact the environment and pose a public health threat to the surrounding neighborhoods.", "projtype": "Wastewater", "safety": "No", "mandate": "No", "repair": "No", "replace": "No", "expand": "No", "efficient": "Yes", "fiscalyr": "2026", "fundsource": "PIPES", "planstart": 1769922000000, "planend": 1782878400000, "estcost": 1801300, "funded": "Yes", "projphase": "P4: Construction", "actstart": null, "actend": null, "actcost": 0, "status": "Construction in Progress", "docpath": "https://www.tampa.gov/project/ww1002495-0", "CreationDate": 1629997105000, "EditDate": 1645909469000, "NumVotes": null, "MultiYear": "No", "ShowPublic": "Yes", "EBO": 18, "JobsCreated": 4, "Neighborhood": null, "Council": null, "EBOAttained": 33.1, "ContractNumber": "22-C-00048", "ActivityStatus": null, "ProjectSiteURL": "<a href=\"https://apps.tampagov.net/Directory_Lister/FileHandler.ashx?file=GIS%2f1002495.pdf\">1002495</a>", "ProjectNumerical": 46109, "RelatedProject": "No", "MapScale": 6000, "WMBESLBE": 28, "DepPrjNum": "WW1002495", "BudgetBook": "No", "BudgetYear": null, "CRA": null, "created_date": null, "last_edited_date": 1774963596000, "FundComm": null}}, {"type": "Feature", "id": 46110, "geometry": {"type": "Point", "coordinates": [-82.52637824706215, 27.867140134393253]}, "properties": {"OBJECTID": 46110, "GlobalID": "{9D724955-4B85-4BA2-8FF6-59ED512F7276}", "projid": "1002467", "projname": "Wastewater Pumping Station Rehabilitation Prescott PS", "projdesc": "This project provides for the complete rehabilitation of Prescott Pumping Station at 4806 Prescott St. The project will serve to replace the existing wet-dry type pumping station with a more efficient, reliable, and serviceable submersible pumping station. It includes demolition of above ground building structure, pumps and electrical equipment and installation of new submersible pumps, piping, valves, control panel and electrical upgrades.  The new electrical and control equipment will be installed aboveground and will be designed to provide protection from flooding and wind damage associated with storm events. The project also includes the installation of a backup generator to maintain station operation in the event of a power loss.", "rationale": "The pumping station rehabilitation project will restore the station’s reliability by replacing the aging equipment and will include improvements to reduce vulnerability to extreme weather events.  The station is a critical wastewater asset and failure of the station would result in a wastewater overflow that would impact the environment and pose a public health threat to the surrounding neighborhoods.", "projtype": "Wastewater", "safety": "No", "mandate": "No", "repair": "No", "replace": "No", "expand": "No", "efficient": "Yes", "fiscalyr": "2026", "fundsource": "PIPES", "planstart": 1782878400000, "planend": 1798779600000, "estcost": 3089233, "funded": "Yes", "projphase": "P3: Procurement", "actstart": null, "actend": null, "actcost": 0, "status": "Permitting/Submittals Approval", "docpath": "https://www.tampa.gov/project/ww1002467", "CreationDate": 1629997420000, "EditDate": 1660661936000, "NumVotes": null, "MultiYear": "No", "ShowPublic": "Yes", "EBO": 13, "JobsCreated": 9, "Neighborhood": "Port Tampa City, Inc. Civic Association", "Council": "4", "EBOAttained": 19.5, "ContractNumber": "23-C-00002", "ActivityStatus": null, "ProjectSiteURL": "<a href=\"https://apps.tampagov.net/Directory_Lister/FileHandler.ashx?file=GIS%2f1002467.pdf\">1002467</a>", "ProjectNumerical": 46110, "RelatedProject": "No", "MapScale": 6000, "WMBESLBE": 10, "DepPrjNum": "WW1002467", "BudgetBook": "No", "BudgetYear": null, "CRA": null, "created_date": null, "last_edited_date": 1774961921000, "FundComm": null}}, {"type": "Feature", "id": 47708, "geometry": {"type": "Point", "coordinates": [-82.42297936227446, 28.017277158630748]}, "properties": {"OBJECTID": 47708, "GlobalID": "{FFDB76BA-D7B5-449B-9D5B-77F3B4F6D375}", "projid": "WTR-20-0001.10", "projname": "DLT Master Plan DB Task Order 010 Ozone Improvements", "projdesc": "The DLTWTF Master Plan Ozone Improvements project will optimize facility performance capabilities, improve water quality and expand our water treatment capacity. This project will rehabilitate and replace existing infrastructure and eliminate deteriorating facilities and equipment to increase operational and maintenance efficiency. New infrastructure upgrades will increase our capacity to produce drinking water and we will also add new back-up systems to strengthen our resiliency when faced with a natural disaster or other emergency. New treatment processes will also be explored to achieve the twin goals of enhancing the taste and odor of our drinking water while reducing the use of water treatment chemicals.", "rationale": "The purpose of this project is to provide reliable and efficient ozone generation equipment that will serve the City of Tampa for many years and to meet proposed future ozone demands.  This project will replace equipment for the LOX area, Ozone building, and ozone destruct units.", "projtype": "Water", "safety": "No", "mandate": "No", "repair": "No", "replace": "No", "expand": "Yes", "efficient": "Yes", "fiscalyr": "2026", "fundsource": "PIPES", "planstart": 1789653979000, "planend": 1903874789000, "estcost": 57700738, "funded": "Yes", "projphase": "P2: Design", "actstart": null, "actend": null, "actcost": 0, "status": "90% Design Completion", "docpath": null, "CreationDate": 1632511409000, "EditDate": 1662636746000, "NumVotes": null, "MultiYear": "Yes", "ShowPublic": "Yes", "EBO": null, "JobsCreated": null, "Neighborhood": "Old Seminole Heights", "Council": "5", "EBOAttained": null, "ContractNumber": "20-C-00008", "ActivityStatus": null, "ProjectSiteURL": "<a href=\"https://apps.tampagov.net/Directory_Lister/FileHandler.ashx?file=GIS%2fWTR-20-0001.10.pdf\">WTR-20-0001.10</a>", "ProjectNumerical": 47708, "RelatedProject": "No", "MapScale": 6000, "WMBESLBE": null, "DepPrjNum": "WTR-20-0001.10", "BudgetBook": "No", "BudgetYear": null, "CRA": null, "created_date": null, "last_edited_date": 1777903167000, "FundComm": null}}, {"type": "Feature", "id": 47709, "geometry": {"type": "Point", "coordinates": [-82.42544699396336, 28.016974071204743]}, "properties": {"OBJECTID": 47709, "GlobalID": "{CA6076E9-1363-4D68-A265-0A9D2DE61D02}", "projid": "WTR-20-0001.13", "projname": "DLTWTF Master Plan Task Order 013 Filter Improvements", "projdesc": "The DLTWTF Master Plan Filter Improvements project will optimize facility performance capabilities, improve water quality and expand our water treatment capacity. This project will rehabilitate and replace existing infrastructure and eliminate deteriorating facilities and equipment to increase operational and maintenance efficiency. New infrastructure upgrades will increase our capacity to produce drinking water and we will also add new back-up systems to strengthen our resiliency when faced with a natural disaster or other emergency. New treatment processes will also be explored to achieve the twin goals of enhancing the taste and odor of our drinking water while reducing the use of water treatment chemicals.", "rationale": "This project will improve existing filters and construct new filtration systems to optimize facility performance and increase the City’s drinking water capacity. These improvements will ensure long-term reliability, sustainability, and quality of our drinking water for the community.", "projtype": "Water", "safety": "No", "mandate": "No", "repair": "Yes", "replace": "Yes", "expand": "Yes", "efficient": "Yes", "fiscalyr": "2024", "fundsource": "PIPES", "planstart": 1705517209000, "planend": 1828205217000, "estcost": 119121495, "funded": "Yes", "projphase": "P4: Construction", "actstart": null, "actend": null, "actcost": 0, "status": "Construction in Progress", "docpath": null, "CreationDate": 1632512691000, "EditDate": 1645909469000, "NumVotes": null, "MultiYear": "Yes", "ShowPublic": "Yes", "EBO": null, "JobsCreated": null, "Neighborhood": "Old Seminole Heights", "Council": "5", "EBOAttained": null, "ContractNumber": "20-C-00008", "ActivityStatus": null, "ProjectSiteURL": "<a href=\"https://apps.tampagov.net/Directory_Lister/FileHandler.ashx?file=GIS%2fWTR-20-0001.13.pdf\">WTR-20-0001.13</a>", "ProjectNumerical": 47709, "RelatedProject": "No", "MapScale": 6000, "WMBESLBE": null, "DepPrjNum": "WTR-20-0001.13", "BudgetBook": "No", "BudgetYear": null, "CRA": null, "created_date": null, "last_edited_date": 1772199362000, "FundComm": null}}, {"type": "Feature", "id": 47710, "geometry": {"type": "Point", "coordinates": [-82.3711922240206, 28.119098998839068]}, "properties": {"OBJECTID": 47710, "GlobalID": "{AF052F3C-8468-4D01-B8F1-DEA00E2CBCAD}", "projid": "WTR-20-0017", "projname": "Morris Bridge Filter Roof Retro – COOP Site", "projdesc": "The City’s existing Morris Bridge Pump Station is situated on a 56.6 acre site in Tampa, Florida, near the intersection of Bruce B. Downs Boulevard and Interstate 75. Various facilities exist on the site, including the following: Filter building, Maintenance and storage buildings, Dewatering building, ground storage tanks, electrical gear, controls, main pump station electrical rooms, and abandoned facilities that formerly served as a lime softening WTF. This project will rehabilitate and replace existing infrastructure, such as the Filter Building roof, and eliminate deteriorating facilities and equipment to increase operational and maintenance efficiency.", "rationale": "Rehabilitation of the Filter Building will provide for future use of the Continuity of Operations Planning (COOP) site during emergencies. This building is ideal for a COOP for the following reasons: easy access to major roads, available real estate, close proximality to the point of connection with the Tampa Bay Water, and existing connection to the city network.", "projtype": "Water", "safety": "No", "mandate": "No", "repair": "Yes", "replace": "Yes", "expand": "No", "efficient": "No", "fiscalyr": "2024", "fundsource": "PIPES", "planstart": 1729483200000, "planend": 1759204800000, "estcost": 3975099, "funded": "Yes", "projphase": "P5: Closeout", "actstart": null, "actend": null, "actcost": 0, "status": "Closeout", "docpath": null, "CreationDate": 1632513710000, "EditDate": 1656436377000, "NumVotes": null, "MultiYear": "Yes", "ShowPublic": "Yes", "EBO": null, "JobsCreated": null, "Neighborhood": "TPOST 3", "Council": "7", "EBOAttained": null, "ContractNumber": "23-C-00013", "ActivityStatus": "C2.1-Construction", "ProjectSiteURL": "<a href=\"https://apps.tampagov.net/Directory_Lister/FileHandler.ashx?file=GIS%2fWTR-20-0017.pdf\">WTR-20-0017</a>", "ProjectNumerical": 47710, "RelatedProject": "No", "MapScale": 6000, "WMBESLBE": null, "DepPrjNum": "WTR-20-0017", "BudgetBook": "No", "BudgetYear": null, "CRA": null, "created_date": null, "last_edited_date": 1772200380000, "FundComm": null}}, {"type": "Feature", "id": 49709, "geometry": {"type": "Point", "coordinates": [-82.48135966434731, 27.978474087455638]}, "properties": {"OBJECTID": 49709, "GlobalID": "{2A5EBD2A-2B85-4177-A7DA-785F0F49EFBB}", "projid": "1003004", "projname": "Neighborhood Improvements- West Riverside Heights", "projdesc": "This project provides for street resurfacing, traffic calming and pedestrian infrastructure within the West Riverside Heights Neighborhood.", "rationale": "Neighborhood Improvements- Resurfacing", "projtype": "Transportation", "safety": "No", "mandate": "No", "repair": "Yes", "replace": "No", "expand": "No", "efficient": "No", "fiscalyr": "2027", "fundsource": "Local Option Gas Tax", "planstart": 1797275239000, "planend": null, "estcost": 2100000, "funded": "Yes", "projphase": "P4: Construction", "actstart": null, "actend": null, "actcost": 0, "status": "Permitting/Submittals Approval", "docpath": "https://www.tampa.gov/project/trans20120", "CreationDate": 1634146646000, "EditDate": 1645909469000, "NumVotes": null, "MultiYear": "Yes", "ShowPublic": "Yes", "EBO": null, "JobsCreated": null, "Neighborhood": "West Riverside Heights", "Council": "6", "EBOAttained": null, "ContractNumber": "26-C-00006", "ActivityStatus": null, "ProjectSiteURL": "<a href=\"https://apps.tampagov.net/Directory_Lister/FileHandler.ashx?file=GIS%2f1003004.pdf\">1003004</a>", "ProjectNumerical": 49709, "RelatedProject": "No", "MapScale": 6000, "WMBESLBE": null, "DepPrjNum": "TRANS20120", "BudgetBook": "No", "BudgetYear": null, "CRA": null, "created_date": null, "last_edited_date": 1784215105000, "FundComm": null}}, {"type": "Feature", "id": 52908, "geometry": {"type": "Point", "coordinates": [-82.4602318438656, 27.969027700619044]}, "properties": {"OBJECTID": 52908, "GlobalID": "{796B6B9B-A9FC-422C-A685-1ED8685D75A5}", "projid": "WUR-19-0036", "projname": "The Heights WM Improvement Project Along Florida Ave from Scott St to Palm Ave (Phase I)", "projdesc": "Approximately 1,848 linear feet of water mains ranging from 10 to 12 inches in diameter will be replaced and upgraded.", "rationale": "The Heights WM Improvement Project (Phase I) will improve the City of Tampa’s water distribution system by replacing the existing water mains. This project will replace the aging water mains in this area with new and larger diameter water mains, improving water pressure, water quality, and increasing the capacity of the system while reducing the number of service interruptions that might have been caused by main breaks or leakage.", "projtype": "Water", "safety": "No", "mandate": "No", "repair": "No", "replace": "Yes", "expand": "Yes", "efficient": "Yes", "fiscalyr": "2026", "fundsource": "PIPES", "planstart": 1771861981000, "planend": 1806504801000, "estcost": 1248239.39, "funded": "Yes", "projphase": "P4: Construction", "actstart": null, "actend": null, "actcost": 0, "status": "Construction in Progress", "docpath": "www.tampa.gov/project/WUR-19-0036", "CreationDate": 1638807730000, "EditDate": 1645909469000, "NumVotes": null, "MultiYear": "Yes", "ShowPublic": "Yes", "EBO": null, "JobsCreated": null, "Neighborhood": "Tampa Heights", "Council": "5", "EBOAttained": null, "ContractNumber": null, "ActivityStatus": null, "ProjectSiteURL": "<a href=\"https://apps.tampagov.net/Directory_Lister/FileHandler.ashx?file=GIS%2fWUR-19-0036.pdf\">WUR-19-0036</a>", "ProjectNumerical": 52908, "RelatedProject": "No", "MapScale": 6000, "WMBESLBE": null, "DepPrjNum": "WUR-19-0036", "BudgetBook": "No", "BudgetYear": null, "CRA": null, "created_date": null, "last_edited_date": 1778152411000, "FundComm": null}}, {"type": "Feature", "id": 52909, "geometry": {"type": "Point", "coordinates": [-82.4818083990547, 27.978362975191875]}, "properties": {"OBJECTID": 52909, "GlobalID": "{BC2A40D1-1B82-4571-BCD3-8C53BCD76E16}", "projid": "WTR-20-0005.3-W Riverside Heights", "projname": "FY20 CIP Water Main Improvements Design-Build_W Riverside Heights – GMP 5", "projdesc": "The W Riverside Heights Project will improve the City of Tampa’s water distribution system by replacing the existing water mains and increasing the capacity of the system. It will also improve our ability to serve a growing population. Approximately 9,747 Linear Feet of water mains ranging from 2 to 6 inches in diameter will be replaced and upgraded.", "rationale": "This project will replace the aging water mains in this area with new and larger diameter water mains, improving water pressure and water quality while reducing the number of service interruptions that might have been caused by main breaks or leakage.", "projtype": "Water", "safety": "No", "mandate": "No", "repair": "No", "replace": "Yes", "expand": "Yes", "efficient": "Yes", "fiscalyr": "2026", "fundsource": "PIPES", "planstart": null, "planend": 1780236739000, "estcost": 4912885, "funded": "Yes", "projphase": "P5: Closeout", "actstart": null, "actend": null, "actcost": 0, "status": "Closeout", "docpath": "www.tampa.gov/project/WTR-20-0005.3-W Riverside Heights", "CreationDate": 1638808090000, "EditDate": 1658840551000, "NumVotes": null, "MultiYear": "No", "ShowPublic": "Yes", "EBO": null, "JobsCreated": null, "Neighborhood": "West Riverside Heights", "Council": "6", "EBOAttained": null, "ContractNumber": "20-C-00032", "ActivityStatus": null, "ProjectSiteURL": "<a href=\"https://apps.tampagov.net/Directory_Lister/FileHandler.ashx?file=GIS%2fWTR-20-0005.3-W Riverside Heights.pdf\">WTR-20-0005.3-W Riverside Heights</a>", "ProjectNumerical": 52909, "RelatedProject": "No", "MapScale": 6000, "WMBESLBE": null, "DepPrjNum": "WTR-20-0005.3-W Riverside Heights", "BudgetBook": "No", "BudgetYear": null, "CRA": null, "created_date": null, "last_edited_date": 1780674417000, "FundComm": null}}, {"type": "Feature", "id": 52911, "geometry": {"type": "Point", "coordinates": [-82.48632104493794, 27.949174876424333]}, "properties": {"OBJECTID": 52911, "GlobalID": "{78E227D7-3930-439D-9C8F-70104EB606B2}", "projid": "WTR-21-0014", "projname": "Armory Gardens", "projdesc": "Approximately 4,136 linear feet of water mains ranging from 2 to 6 inches in diameter will be replaced and upgraded.", "rationale": "The Armory Gardens project will improve the City of Tampa's water distribution system by replacing the existing water mains. This project will replace the aging water mains in this area with new and larger diameter water mains, improving water pressure, water quality, and increasing the capacity of the system while reducing the number of service interruptions that might have been caused by main breaks or leakage.", "projtype": "Water", "safety": "No", "mandate": "No", "repair": "No", "replace": "Yes", "expand": "Yes", "efficient": "Yes", "fiscalyr": "2027", "fundsource": "PIPES", "planstart": null, "planend": null, "estcost": 1156019.8, "funded": "Yes", "projphase": "P3: Procurement", "actstart": null, "actend": null, "actcost": 0, "status": "Project Startup", "docpath": "https://www.tampa.gov/project/WTR-21-0014", "CreationDate": 1638809156000, "EditDate": 1665506456000, "NumVotes": null, "MultiYear": "No", "ShowPublic": "Yes", "EBO": null, "JobsCreated": null, "Neighborhood": "Armory Gardens", "Council": "6", "EBOAttained": null, "ContractNumber": null, "ActivityStatus": null, "ProjectSiteURL": "<a href=\"https://apps.tampagov.net/Directory_Lister/FileHandler.ashx?file=GIS%2fWTR-21-0014.pdf\">WTR-21-0014</a>", "ProjectNumerical": 52911, "RelatedProject": "No", "MapScale": 6000, "WMBESLBE": null, "DepPrjNum": "WTR-21-0014", "BudgetBook": "No", "BudgetYear": null, "CRA": null, "created_date": null, "last_edited_date": 1778085327000, "FundComm": null}}, {"type": "Feature", "id": 52912, "geometry": {"type": "Point", "coordinates": [-82.50167563160454, 27.933839589893015]}, "properties": {"OBJECTID": 52912, "GlobalID": "{1E151A49-55D3-4D4C-91C2-D578E7A66FAA}", "projid": "WUR-22-0032", "projname": "S. Himes WM R&R", "projdesc": "Approximately 3,368 linear feet of water mains ranging from 2 to 24 inches in diameter will be replaced and upgraded.", "rationale": "The S. Himes WM R&R project will improve the City of Tampa’s water distribution system by replacing the existing water mains. This project will replace the aging water mains in this area with new and larger diameter water mains, improving water pressure, water quality, and increasing the capacity of the system while reducing the number of service interruptions that might have been caused by main breaks or leakage.", "projtype": "Water", "safety": "No", "mandate": "No", "repair": "No", "replace": "Yes", "expand": "Yes", "efficient": "Yes", "fiscalyr": "2027", "fundsource": "PIPES", "planstart": null, "planend": null, "estcost": 2467976.47, "funded": "Yes", "projphase": "P2: Design", "actstart": null, "actend": null, "actcost": 0, "status": "60% Design Completion", "docpath": null, "CreationDate": 1638809698000, "EditDate": 1645909469000, "NumVotes": null, "MultiYear": "No", "ShowPublic": "Yes", "EBO": null, "JobsCreated": null, "Neighborhood": "Golfview", "Council": "4", "EBOAttained": null, "ContractNumber": null, "ActivityStatus": null, "ProjectSiteURL": "<a href=\"https://apps.tampagov.net/Directory_Lister/FileHandler.ashx?file=GIS%2fWUR-22-0032.pdf\">WUR-22-0032</a>", "ProjectNumerical": 52912, "RelatedProject": "No", "MapScale": 6000, "WMBESLBE": null, "DepPrjNum": "WUR-22-0032", "BudgetBook": "No", "BudgetYear": null, "CRA": null, "created_date": null, "last_edited_date": 1778150912000, "FundComm": null}}, {"type": "Feature", "id": 52913, "geometry": {"type": "Point", "coordinates": [-82.459413774944, 27.98504657853023]}, "properties": {"OBJECTID": 52913, "GlobalID": "{E0DD5FE3-DE18-4709-9E49-AA80C2038570}", "projid": "WTR-20-0005.3-W Chelsea St Transmission", "projname": "FY20 CIP Water Main Improvements Design-Build_W Chelsea St Transmission – GMP 5", "projdesc": "The W Chelsea St Transmission project will improve the City of Tampa’s water distribution system by replacing the existing water mains. It will also improve our ability to serve a growing population. Approximately 7,909 Linear Feet of water mains ranging from 6 to 24 inches in diameter will be replaced and upgraded.", "rationale": "This project will replace the aging water mains in this area with new water mains, improving water pressure and water quality while reducing the number of service interruptions that might have been caused by main breaks or leakage.", "projtype": "Water", "safety": "No", "mandate": "No", "repair": "No", "replace": "Yes", "expand": "No", "efficient": "Yes", "fiscalyr": "2026", "fundsource": "PIPES", "planstart": 1777544763000, "planend": null, "estcost": 8053583.41, "funded": "Yes", "projphase": "P4: Construction", "actstart": null, "actend": null, "actcost": 0, "status": "Construction in Progress", "docpath": null, "CreationDate": 1638810316000, "EditDate": 1658840533000, "NumVotes": null, "MultiYear": "No", "ShowPublic": "Yes", "EBO": null, "JobsCreated": null, "Neighborhood": "South Seminole Heights", "Council": "6", "EBOAttained": null, "ContractNumber": "20-C-0032", "ActivityStatus": null, "ProjectSiteURL": "<a href=\"https://apps.tampagov.net/Directory_Lister/FileHandler.ashx?file=GIS%2fWTR-20-0005.3-W Chelsea St Transmission.pdf\">WTR-20-0005.3-W Chelsea St Transmission</a>", "ProjectNumerical": 52913, "RelatedProject": "No", "MapScale": 6000, "WMBESLBE": null, "DepPrjNum": "WTR-20-0005.3-W Chelsea St Transmission", "BudgetBook": "Yes", "BudgetYear": null, "CRA": null, "created_date": null, "last_edited_date": 1777903779000, "FundComm": null}}, {"type": "Feature", "id": 52915, "geometry": {"type": "Point", "coordinates": [-82.44707262474425, 27.978613538442467]}, "properties": {"OBJECTID": 52915, "GlobalID": "{A2C0F384-83CA-439D-8F48-E77CD68B4057}", "projid": "WTR-20-0005.3-12th St", "projname": "FY20 CIP Water Main Improvements Design-Build_12th St – GMP 5", "projdesc": " Approximately 15,960 Linear Feet of water mains ranging from 2 to 8 inches in diameter will be replaced and upgraded.", "rationale": "The 12th St project will improve the City of Tampa’s water distribution system by replacing the existing water mains and increasing the capacity of the system. This project will replace the aging water mains in this area with new and larger diameter pipes, improving water pressure and water quality while reducing the number of service interruptions that might have been caused by main breaks or leakage. ", "projtype": "Water", "safety": "No", "mandate": "No", "repair": "No", "replace": "Yes", "expand": "Yes", "efficient": "Yes", "fiscalyr": "2026", "fundsource": "PIPES", "planstart": null, "planend": 1780238758000, "estcost": 5596767, "funded": "Yes", "projphase": "P5: Closeout", "actstart": null, "actend": null, "actcost": 0, "status": "Closeout", "docpath": "www.tampagov/project/WTR-20-0005.3-12th St", "CreationDate": 1638811168000, "EditDate": 1658840511000, "NumVotes": null, "MultiYear": "No", "ShowPublic": "Yes", "EBO": null, "JobsCreated": null, "Neighborhood": "Ybor Heights Neighborhood Association and Watch Group", "Council": "5", "EBOAttained": null, "ContractNumber": "20-C-00032", "ActivityStatus": null, "ProjectSiteURL": "<a href=\"https://apps.tampagov.net/Directory_Lister/FileHandler.ashx?file=GIS%2fWTR-20-0005.3-12th St.pdf\">WTR-20-0005.3-12th St</a>", "ProjectNumerical": 52915, "RelatedProject": "No", "MapScale": 6000, "WMBESLBE": null, "DepPrjNum": "WTR-20-0005.3-12th St", "BudgetBook": "No", "BudgetYear": null, "CRA": "East Tampa", "created_date": null, "last_edited_date": 1780674453000, "FundComm": null}}, {"type": "Feature", "id": 52917, "geometry": {"type": "Point", "coordinates": [-82.45697482815198, 27.970769757850338]}, "properties": {"OBJECTID": 52917, "GlobalID": "{64AAF283-EE3F-4F0A-9806-285E20F0043C}", "projid": "WTR-21-0015", "projname": "Jefferson", "projdesc": "The Jefferson project will improve the City of Tampa’s water distribution system by replacing the existing water mains and increasing the capacity of the system. It will also improve our ability to serve a growing population. Approximately 7,479 Linear Feet of water mains ranging from 6 to 8 inches in diameter will be replaced and upgraded.", "rationale": "This project will replace the aging water mains in this area with new and larger diameter pipes, improving water pressure and water quality while reducing the number of service interruptions that might have been caused by main breaks or leakage.", "projtype": "Water", "safety": "No", "mandate": "No", "repair": "No", "replace": "Yes", "expand": "No", "efficient": "Yes", "fiscalyr": "2027", "fundsource": "PIPES", "planstart": null, "planend": null, "estcost": 2557136.76, "funded": "Yes", "projphase": "P3: Procurement", "actstart": null, "actend": null, "actcost": 0, "status": "Project Startup", "docpath": "www.tampa.gov/project/WTR-21-0015", "CreationDate": 1638811685000, "EditDate": 1665506418000, "NumVotes": null, "MultiYear": "No", "ShowPublic": "Yes", "EBO": null, "JobsCreated": null, "Neighborhood": "Tampa Heights", "Council": "5", "EBOAttained": null, "ContractNumber": null, "ActivityStatus": null, "ProjectSiteURL": "<a href=\"https://apps.tampagov.net/Directory_Lister/FileHandler.ashx?file=GIS%2fWTR-21-0015.pdf\">WTR-21-0015</a>", "ProjectNumerical": 52917, "RelatedProject": "No", "MapScale": 6000, "WMBESLBE": null, "DepPrjNum": "WTR-21-0015", "BudgetBook": "No", "BudgetYear": null, "CRA": null, "created_date": null, "last_edited_date": 1778158136000, "FundComm": null}}, {"type": "Feature", "id": 53308, "geometry": {"type": "Point", "coordinates": [-82.45918315988813, 27.94344920415836]}, "properties": {"OBJECTID": 53308, "GlobalID": "{AD41C6A8-21B6-444A-9599-D96B64AAEC77}", "projid": "TRANS20133", "projname": "Brorein St Bridge (#105501) Phase 2 Mechanical/ Electrical Rehabilitation", "projdesc": "This project provides for structural rehabilitation as well as rehabilitation of the mechanical and electrical  systems.  This project will also create safe multimodal access across the river by widening the sidewalks on both sides of the bridge to about 9 feet wide.", "rationale": "Bridges & Seawalls", "projtype": "Transportation", "safety": "Yes", "mandate": "No", "repair": "Yes", "replace": "No", "expand": "Yes", "efficient": "Yes", "fiscalyr": "TBD", "fundsource": "Local Option Gas Tax", "planstart": null, "planend": null, "estcost": 9930000, "funded": "No", "projphase": "P2: Design", "actstart": null, "actend": null, "actcost": 0, "status": "90% Design Completion", "docpath": "https://www.tampa.gov/project/trans20133", "CreationDate": 1641236229000, "EditDate": 1646086923000, "NumVotes": null, "MultiYear": "No", "ShowPublic": "Yes", "EBO": null, "JobsCreated": null, "Neighborhood": "Hyde Park Spanishtown Creek", "Council": "4", "EBOAttained": null, "ContractNumber": null, "ActivityStatus": null, "ProjectSiteURL": "<a href=\"https://apps.tampagov.net/Directory_Lister/FileHandler.ashx?file=GIS%2fTRANS20133.pdf\">TRANS20133</a>", "ProjectNumerical": 53308, "RelatedProject": "No", "MapScale": 6000, "WMBESLBE": null, "DepPrjNum": "TRANS20133", "BudgetBook": "No", "BudgetYear": null, "CRA": "Downtown Core", "created_date": null, "last_edited_date": 1708025174000, "FundComm": null}}, {"type": "Feature", "id": 58508, "geometry": {"type": "Point", "coordinates": [-82.45398307524796, 27.96045946510799]}, "properties": {"OBJECTID": 58508, "GlobalID": "{D45314E6-1B60-4252-A3D1-772E963A8A53}", "projid": "WTR-22-0004", "projname": "7th Ave WM Replacement", "projdesc": "Approximately 16,750 linear feet of water mains ranging from 6 to 20 inches in diameter will be replaced and upgraded.", "rationale": "The 7th Ave WM Replacement project will improve the City of Tampa’s water distribution system by replacing the existing water mains. This project will replace the aging water mains in this area with new and larger diameter water mains, improving water pressure, water quality, and increasing the capacity of the system while reducing the number of service interruptions that might have been caused by main breaks or leakage.", "projtype": "Water", "safety": "No", "mandate": "No", "repair": "No", "replace": "Yes", "expand": "Yes", "efficient": "Yes", "fiscalyr": "2030", "fundsource": "PIPES", "planstart": null, "planend": null, "estcost": 12609566.75, "funded": "Yes", "projphase": "P2: Design", "actstart": null, "actend": null, "actcost": 0, "status": "60% Design Completion", "docpath": null, "CreationDate": 1652280287000, "EditDate": 1652280501000, "NumVotes": null, "MultiYear": "No", "ShowPublic": "Yes", "EBO": null, "JobsCreated": null, "Neighborhood": "Encore", "Council": "5", "EBOAttained": null, "ContractNumber": null, "ActivityStatus": null, "ProjectSiteURL": "<a href=\"https://apps.tampagov.net/Directory_Lister/FileHandler.ashx?file=GIS%2fWTR-22-0004.pdf\">WTR-22-0004</a>", "ProjectNumerical": 58508, "RelatedProject": "No", "MapScale": 6000, "WMBESLBE": null, "DepPrjNum": "WTR-22-0004", "BudgetBook": "No", "BudgetYear": null, "CRA": "Central Park", "created_date": null, "last_edited_date": 1777901754000, "FundComm": null}}, {"type": "Feature", "id": 58509, "geometry": {"type": "Point", "coordinates": [-82.49831024538557, 27.941558818937736]}, "properties": {"OBJECTID": 58509, "GlobalID": "{717D151B-0C33-4AC9-B4D2-4CDBBBEB9F51}", "projid": "WTR-22-0005", "projname": "Gray Gables", "projdesc": "The Gray Gables project will improve the City of Tampa’s water distribution system by replacing the existing water mains and increasing the capacity of the system. It will also increase capacity to serve a growing population. Approximately 12,722 Linear Feet of water mains ranging from 2 to 12 inches in diameter will be replaced and upgraded.", "rationale": "This project will replace the aging water mains in this area with new and larger diameter pipes, improving water pressure and water quality while reducing the number of service interruptions that might have been caused by main breaks or leakage.", "projtype": "Water", "safety": "No", "mandate": "No", "repair": "No", "replace": "Yes", "expand": "Yes", "efficient": "Yes", "fiscalyr": "2027", "fundsource": "PIPES", "planstart": null, "planend": null, "estcost": 4969604.29, "funded": "Yes", "projphase": "P2: Design", "actstart": null, "actend": null, "actcost": 0, "status": "90% Design Completion", "docpath": "www.tampa.gov/project/WTR-22-0005", "CreationDate": 1652280610000, "EditDate": 1652280664000, "NumVotes": null, "MultiYear": "No", "ShowPublic": "Yes", "EBO": null, "JobsCreated": null, "Neighborhood": "Gray Gables", "Council": "6", "EBOAttained": null, "ContractNumber": null, "ActivityStatus": null, "ProjectSiteURL": "<a href=\"https://apps.tampagov.net/Directory_Lister/FileHandler.ashx?file=GIS%2fWTR-22-0005.pdf\">WTR-22-0005</a>", "ProjectNumerical": 58509, "RelatedProject": "No", "MapScale": 6000, "WMBESLBE": null, "DepPrjNum": "WTR-22-0005", "BudgetBook": "No", "BudgetYear": null, "CRA": null, "created_date": null, "last_edited_date": 1777903871000, "FundComm": null}}, {"type": "Feature", "id": 59708, "geometry": {"type": "Point", "coordinates": [-82.54046100206853, 27.89061378826504]}, "properties": {"OBJECTID": 59708, "GlobalID": "{E3E7F00D-6EB9-40CC-8203-61AB8F68A0C9}", "projid": "1002293", "projname": "Gandy Park South and A. J. Palonis Park Improvements", "projdesc": "This project provides for the design and construction of improvements to Gandy Park South and A. J. Palonis Park.  Improvements include but are not limited to a trail connection under the Gandy Bridge, passive recreational opportunities including fishing, picnicking, walking, kayak launching, as well as other passive recreational activities.  Improved parking, restrooms, shelters and boardwalks are key components of the improvement project.   The intent is to utilize a design/build process advertised through an RFQ.", "rationale": "Both Gandy Park South and Lt. Col. A. J. Palonis Park are in need of renovations and additional improvements.", "projtype": "Parks & Recreation", "safety": "No", "mandate": "No", "repair": "No", "replace": "No", "expand": "No", "efficient": "No", "fiscalyr": "2025", "fundsource": "Other Agencies", "planstart": null, "planend": null, "estcost": 2000000, "funded": "Yes", "projphase": "P2: Design", "actstart": null, "actend": null, "actcost": 0, "status": "Planning", "docpath": null, "CreationDate": 1655232902000, "EditDate": 1661954579000, "NumVotes": null, "MultiYear": "Yes", "ShowPublic": "Yes", "EBO": null, "JobsCreated": 15, "Neighborhood": "Gandy / Sun Bay South", "Council": "4", "EBOAttained": null, "ContractNumber": "22-C-00025", "ActivityStatus": null, "ProjectSiteURL": "<a href=\"https://apps.tampagov.net/Directory_Lister/FileHandler.ashx?file=GIS%2f1002293.pdf\">1002293</a>", "ProjectNumerical": 59708, "RelatedProject": "No", "MapScale": 6000, "WMBESLBE": 12, "DepPrjNum": "PR-22013", "BudgetBook": "No", "BudgetYear": null, "CRA": null, "created_date": null, "last_edited_date": 1727988814000, "FundComm": null}}, {"type": "Feature", "id": 64111, "geometry": {"type": "Point", "coordinates": [-82.4603247527596, 27.952410362445484]}, "properties": {"OBJECTID": 64111, "GlobalID": "{CE2B45CD-AA95-4C8A-A6B8-9BFFCF6DC6C8}", "projid": "1001365", "projname": "Herman Massey Park Rehabilitation", "projdesc": "A complete renovation of the park based on changing demographics, community needs, and public input.", "rationale": "Improved site configuration, use areas, furniture and lighting to increase safety, reduce maintenance, and increase opportunities.", "projtype": "Parks & Recreation", "safety": "No", "mandate": "No", "repair": "No", "replace": "No", "expand": "No", "efficient": "No", "fiscalyr": "2025", "fundsource": "Community Redevelopment Agency", "planstart": 1729656000000, "planend": 1772254800000, "estcost": 1712253, "funded": "Yes", "projphase": "P4: Construction", "actstart": null, "actend": null, "actcost": 0, "status": "Construction in Progress", "docpath": "https://www.tampa.gov/project/pr-22017", "CreationDate": 1661955856000, "EditDate": 1661955962000, "NumVotes": null, "MultiYear": "No", "ShowPublic": "Yes", "EBO": null, "JobsCreated": null, "Neighborhood": "Downtown River Arts", "Council": "5", "EBOAttained": null, "ContractNumber": "20-D-62404", "ActivityStatus": "C2.1-Construction", "ProjectSiteURL": "<a href=\"https://apps.tampagov.net/Directory_Lister/FileHandler.ashx?file=GIS%2f1001365.pdf\">1001365</a>", "ProjectNumerical": 64111, "RelatedProject": "No", "MapScale": 6000, "WMBESLBE": null, "DepPrjNum": "PR-22017", "BudgetBook": "No", "BudgetYear": null, "CRA": "Downtown Core", "created_date": null, "last_edited_date": 1766068051000, "FundComm": "CRA"}}, {"type": "Feature", "id": 64113, "geometry": {"type": "Point", "coordinates": [-82.48233531893523, 27.96190170584219]}, "properties": {"OBJECTID": 64113, "GlobalID": "{901D9E56-0551-402A-BC29-C53C27A74F2D}", "projid": "1002351", "projname": "Rey Park Improvements", "projdesc": "Improvements to Rey Park site and new community center based on public input.", "rationale": "Facility and Park Improvements", "projtype": "Parks & Recreation", "safety": "No", "mandate": "No", "repair": "No", "replace": "Yes", "expand": "No", "efficient": "No", "fiscalyr": "2026-27", "fundsource": "Community Redevelopment Agency", "planstart": 1782831255000, "planend": 1830182082000, "estcost": 4000000, "funded": "Yes", "projphase": "P4: Construction", "actstart": null, "actend": null, "actcost": 0, "status": "Construction in Progress", "docpath": "https://tampa-fl.civilspace.io/en/projects/rey-park-and-community-center-renovations", "CreationDate": 1661957903000, "EditDate": 1661958052000, "NumVotes": null, "MultiYear": "Yes", "ShowPublic": "Yes", "EBO": null, "JobsCreated": 100, "Neighborhood": "Old West Tampa", "Council": "5", "EBOAttained": null, "ContractNumber": "22-C-00035", "ActivityStatus": null, "ProjectSiteURL": "<a href=\"https://apps.tampagov.net/Directory_Lister/FileHandler.ashx?file=GIS%2f1002351.pdf\">1002351</a>", "ProjectNumerical": 64113, "RelatedProject": "No", "MapScale": 6000, "WMBESLBE": null, "DepPrjNum": "PR-22009", "BudgetBook": "No", "BudgetYear": null, "CRA": "West Tampa", "created_date": null, "last_edited_date": 1782917754000, "FundComm": null}}, {"type": "Feature", "id": 64508, "geometry": {"type": "Point", "coordinates": [-82.44942556888951, 27.9106003153387]}, "properties": {"OBJECTID": 64508, "GlobalID": "{404BCBF5-3CD0-495B-8362-20CA705A3771}", "projid": "1001426", "projname": "Citywide Dock & Boardwalk Replacement - Davis Islands Seaplane Basin Mooring Field", "projdesc": "This project will replace the failing docks in the sea plane basin, and include a mooring field and aids to navigation to make the basin safer and cleaner.", "rationale": "Maintenance and facility upgrades", "projtype": "Parks & Recreation", "safety": "No", "mandate": "No", "repair": "No", "replace": "No", "expand": "No", "efficient": "No", "fiscalyr": "2025", "fundsource": "Multiple Funding", "planstart": 1806499419000, "planend": 1832941430000, "estcost": 1500000, "funded": "Yes", "projphase": "P2: Design", "actstart": null, "actend": null, "actcost": 0, "status": "Permitting/Submittals Approval", "docpath": null, "CreationDate": 1661952830000, "EditDate": 1661953396000, "NumVotes": null, "MultiYear": "Yes", "ShowPublic": "Yes", "EBO": null, "JobsCreated": null, "Neighborhood": "Davis Islands", "Council": "4", "EBOAttained": null, "ContractNumber": null, "ActivityStatus": null, "ProjectSiteURL": "<a href=\"https://apps.tampagov.net/Directory_Lister/FileHandler.ashx?file=GIS%2f1001426.pdf\">1001426</a>", "ProjectNumerical": 64508, "RelatedProject": "No", "MapScale": 6000, "WMBESLBE": null, "DepPrjNum": "PR-21017", "BudgetBook": "No", "BudgetYear": null, "CRA": "Not in a CRA", "created_date": null, "last_edited_date": 1766067862000, "FundComm": null}}, {"type": "Feature", "id": 64512, "geometry": {"type": "Point", "coordinates": [-82.46231204924631, 28.02185427385879]}, "properties": {"OBJECTID": 64512, "GlobalID": "{3BE58ADF-2048-4CD2-833A-093D5AC2C0EF}", "projid": "1002316", "projname": "Purity Springs Restoration and Living Shoreline", "projdesc": "Restoration and stabilization of the spring run/basin and living shoreline along the Hillsborough River.", "rationale": "Resiliency and Sustainability: expand/enhance native vegetation and habitat, improve water quality, mitigate storm impacts, and protect infrastructure.", "projtype": "Parks & Recreation", "safety": "No", "mandate": "No", "repair": "No", "replace": "No", "expand": "No", "efficient": "No", "fiscalyr": "2026", "fundsource": "Multiple Funding", "planstart": null, "planend": 1782792000000, "estcost": 700000, "funded": "Yes", "projphase": "P2: Design", "actstart": null, "actend": null, "actcost": 0, "status": "90% Design Completion", "docpath": null, "CreationDate": 1661957498000, "EditDate": 1661957839000, "NumVotes": null, "MultiYear": "Yes", "ShowPublic": "Yes", "EBO": null, "JobsCreated": null, "Neighborhood": "Lowry Park Central", "Council": "6", "EBOAttained": null, "ContractNumber": "TBD", "ActivityStatus": null, "ProjectSiteURL": "<a href=\"https://apps.tampagov.net/Directory_Lister/FileHandler.ashx?file=GIS%2f1002316.pdf\">1002316</a>", "ProjectNumerical": 64512, "RelatedProject": "No", "MapScale": 6000, "WMBESLBE": null, "DepPrjNum": "PR-20002", "BudgetBook": "No", "BudgetYear": null, "CRA": null, "created_date": null, "last_edited_date": 1727881585000, "FundComm": null}}, {"type": "Feature", "id": 64513, "geometry": {"type": "Point", "coordinates": [-82.48272227412362, 27.957314322709273]}, "properties": {"OBJECTID": 64513, "GlobalID": "{7A03E570-C0DE-421D-B938-1751266BCF4B}", "projid": "1002352", "projname": "Salcines Park Improvements", "projdesc": "Improvements to Salcines Park based on public input.", "rationale": "Park improvements based on desired use and the context.", "projtype": "Parks & Recreation", "safety": "No", "mandate": "No", "repair": "No", "replace": "No", "expand": "No", "efficient": "No", "fiscalyr": "2025", "fundsource": "Community Redevelopment Agency", "planstart": 1743765744000, "planend": 1769948558000, "estcost": 1267798.68, "funded": "Yes", "projphase": "P4: Construction", "actstart": null, "actend": null, "actcost": 0, "status": "Construction in Progress", "docpath": "https://www.tampa.gov/cras/westtampacra/highlighted", "CreationDate": 1661958168000, "EditDate": 1661958320000, "NumVotes": null, "MultiYear": "Yes", "ShowPublic": "Yes", "EBO": null, "JobsCreated": null, "Neighborhood": "Old West Tampa", "Council": "5", "EBOAttained": null, "ContractNumber": "22-C-00029", "ActivityStatus": null, "ProjectSiteURL": "<a href=\"https://apps.tampagov.net/Directory_Lister/FileHandler.ashx?file=GIS%2f1002352.pdf\">1002352</a>", "ProjectNumerical": 64513, "RelatedProject": "No", "MapScale": 6000, "WMBESLBE": null, "DepPrjNum": "PR-22010", "BudgetBook": "No", "BudgetYear": null, "CRA": "West Tampa", "created_date": null, "last_edited_date": 1757416984000, "FundComm": null}}, {"type": "Feature", "id": 64908, "geometry": {"type": "Point", "coordinates": [-82.46076836974369, 28.038563675084436]}, "properties": {"OBJECTID": 64908, "GlobalID": "{91C573CD-122D-4C39-96CC-68510F82764E}", "projid": "1001955", "projname": "North Ashley Pond Expansion", "projdesc": "Currently there is substantial flooding on N Tampa St east of the existing Ashley stormwater pond. The project consists of the expansion of the existing stormwater pond to alleviate flooding in the neighborhood", "rationale": "Flooding Relief, Water Quality", "projtype": "Stormwater Engineering", "safety": "No", "mandate": "No", "repair": "No", "replace": "No", "expand": "No", "efficient": "Yes", "fiscalyr": "2025", "fundsource": "Stormwater Improvement Fee", "planstart": 1759204800000, "planend": 1830229200000, "estcost": 75000, "funded": "No", "projphase": "P4: Construction", "actstart": null, "actend": null, "actcost": 0, "status": "Project Startup", "docpath": null, "CreationDate": -2209161600000, "EditDate": -2209161600000, "NumVotes": null, "MultiYear": "No", "ShowPublic": "Yes", "EBO": null, "JobsCreated": null, "Neighborhood": "East Forest Hills", "Council": "7", "EBOAttained": null, "ContractNumber": null, "ActivityStatus": null, "ProjectSiteURL": "<a href=\"https://apps.tampagov.net/Directory_Lister/FileHandler.ashx?file=GIS%2f1001955.pdf\">1001955</a>", "ProjectNumerical": 64908, "RelatedProject": "No", "MapScale": 6000, "WMBESLBE": null, "DepPrjNum": "SW60004", "BudgetBook": "No", "BudgetYear": null, "CRA": null, "created_date": 1666028319000, "last_edited_date": 1773666278000, "FundComm": null}}, {"type": "Feature", "id": 66110, "geometry": {"type": "Point", "coordinates": [-82.51407627085322, 27.930300820773322]}, "properties": {"OBJECTID": 66110, "GlobalID": "{3A357AAB-24AD-4286-A261-AFB7842059A0}", "projid": "WTR-23-0002", "projname": "Lois Ave", "projdesc": "Approximately 6,242 linear feet of water mains ranging from 2 to 6 inches in diameter will be replaced and upgraded.", "rationale": "The Lois Ave project will improve the City of Tampa’s water distribution system by replacing the existing water mains. This project will replace the aging water mains in this area with new and larger diameter water mains, improving water pressure, water quality, and increasing the capacity of the system while reducing the number of service interruptions that might have been caused by main breaks or leakage.", "projtype": "Water", "safety": "No", "mandate": "No", "repair": "No", "replace": "Yes", "expand": "Yes", "efficient": "Yes", "fiscalyr": "2027", "fundsource": "PIPES", "planstart": null, "planend": null, "estcost": 2093738.24, "funded": "Yes", "projphase": "P2: Design", "actstart": null, "actend": null, "actcost": 0, "status": "90% Design Completion", "docpath": "www.tampa.gov/project/WTR-23-0002", "CreationDate": -2209161600000, "EditDate": -2209161600000, "NumVotes": null, "MultiYear": "No", "ShowPublic": "Yes", "EBO": null, "JobsCreated": null, "Neighborhood": "Culbreath Heights", "Council": "6", "EBOAttained": null, "ContractNumber": null, "ActivityStatus": null, "ProjectSiteURL": "<a href=\"https://apps.tampagov.net/Directory_Lister/FileHandler.ashx?file=GIS%2fWTR-23-0002.pdf\">WTR-23-0002</a>", "ProjectNumerical": 66110, "RelatedProject": "No", "MapScale": 6000, "WMBESLBE": null, "DepPrjNum": "WTR-23-0002", "BudgetBook": "No", "BudgetYear": null, "CRA": null, "created_date": 1666289034000, "last_edited_date": 1778085997000, "FundComm": null}}, {"type": "Feature", "id": 66509, "geometry": {"type": "Point", "coordinates": [-82.43809117137741, 27.938962031184925]}, "properties": {"OBJECTID": 66509, "GlobalID": "{B0DB60F1-A1F8-45C5-BEC2-7F674C2FECD4}", "projid": "WTR-23-0001", "projname": "Palmetto Beach", "projdesc": "Approximately 2,348 linear feet of water mains ranging from 8 to 12 inches in diameter will be replaced.", "rationale": "The Palmetto Beach project will improve the City of Tampa’s water distribution system by replacing the existing water mains. This project will replace the aging water mains in this area with new water mains, improving water pressure and water quality while reducing the number of service interruptions that might have been caused by main breaks or leakage.", "projtype": "Water", "safety": "No", "mandate": "No", "repair": "No", "replace": "Yes", "expand": "No", "efficient": "Yes", "fiscalyr": "2028", "fundsource": "PIPES", "planstart": null, "planend": null, "estcost": 1121350.22, "funded": "Yes", "projphase": "P2: Design", "actstart": null, "actend": null, "actcost": 0, "status": "30% Design Completion", "docpath": null, "CreationDate": -2209161600000, "EditDate": -2209161600000, "NumVotes": null, "MultiYear": "No", "ShowPublic": "Yes", "EBO": null, "JobsCreated": null, "Neighborhood": "Port of Tampa", "Council": "5", "EBOAttained": null, "ContractNumber": null, "ActivityStatus": null, "ProjectSiteURL": "<a href=\"https://apps.tampagov.net/Directory_Lister/FileHandler.ashx?file=GIS%2fWTR-23-0001.pdf\">WTR-23-0001</a>", "ProjectNumerical": 66509, "RelatedProject": "No", "MapScale": 6000, "WMBESLBE": null, "DepPrjNum": "WTR-23-0001", "BudgetBook": "No", "BudgetYear": null, "CRA": null, "created_date": 1666291435000, "last_edited_date": 1778150528000, "FundComm": null}}, {"type": "Feature", "id": 69308, "geometry": {"type": "Point", "coordinates": [-82.5140694911551, 27.94013017852392]}, "properties": {"OBJECTID": 69308, "GlobalID": "{9CD197F2-7D2B-4EFF-99E8-07372461319A}", "projid": "1001955", "projname": "Woodmere & Lois", "projdesc": "Lois Ave and Dale Ave southeast of Woodmere Rd experience flooding due to insufficient drainage capacity. The proposed project consists of construction of new pipes and inlets connecting on Lois Ave and Dale Ave to alleviate the flooding.", "rationale": "Flooding Relief", "projtype": "Stormwater Engineering", "safety": "No", "mandate": "No", "repair": "No", "replace": "No", "expand": "No", "efficient": "No", "fiscalyr": "2027", "fundsource": "Stormwater Improvement Fee", "planstart": 1798606800000, "planend": 1814328000000, "estcost": 150000, "funded": "Yes", "projphase": "P2: Design", "actstart": null, "actend": null, "actcost": 0, "status": "90% Design Completion", "docpath": null, "CreationDate": -2209161600000, "EditDate": -2209161600000, "NumVotes": null, "MultiYear": "No", "ShowPublic": "Yes", "EBO": null, "JobsCreated": null, "Neighborhood": "Beach Park", "Council": "6", "EBOAttained": null, "ContractNumber": null, "ActivityStatus": null, "ProjectSiteURL": "<a href=\"https://apps.tampagov.net/Directory_Lister/FileHandler.ashx?file=GIS%2f1001955.pdf\">1001955</a>", "ProjectNumerical": 69308, "RelatedProject": "No", "MapScale": 6000, "WMBESLBE": null, "DepPrjNum": "SW60007", "BudgetBook": "No", "BudgetYear": null, "CRA": null, "created_date": 1670255974000, "last_edited_date": 1773924530000, "FundComm": null}}, {"type": "Feature", "id": 69708, "geometry": {"type": "Point", "coordinates": [-82.4404756078964, 28.000471324041023]}, "properties": {"OBJECTID": 69708, "GlobalID": "{C5024D73-FC6E-42C9-AA6D-1A0D5114AF99}", "projid": "1001955", "projname": "Mabel North of Henry", "projdesc": "Low-lying on Mabel St between Henry and Idlewild Ave experiences frequent flooding due to insufficient drainage capacity. The proposed project consists of construction of new pipes and inlets connecting to the existing drainage system to alleviate the flooding.", "rationale": "Flooding relief", "projtype": "Stormwater Engineering", "safety": "No", "mandate": "No", "repair": "No", "replace": "No", "expand": "No", "efficient": "Yes", "fiscalyr": "2025", "fundsource": "Stormwater Improvement Fee", "planstart": 1759291200000, "planend": 1780286400000, "estcost": 90000, "funded": "No", "projphase": "P4: Construction", "actstart": null, "actend": null, "actcost": 0, "status": "Construction in Progress", "docpath": "https://www.tampa.gov/project/sw60006", "CreationDate": -2209161600000, "EditDate": -2209161600000, "NumVotes": null, "MultiYear": "No", "ShowPublic": "Yes", "EBO": null, "JobsCreated": null, "Neighborhood": "Old Seminole Heights", "Council": "6", "EBOAttained": null, "ContractNumber": null, "ActivityStatus": null, "ProjectSiteURL": "<a href=\"https://apps.tampagov.net/Directory_Lister/FileHandler.ashx?file=GIS%2f1001955.pdf\">1001955</a>", "ProjectNumerical": 69708, "RelatedProject": "No", "MapScale": 6000, "WMBESLBE": null, "DepPrjNum": "SW60006", "BudgetBook": "No", "BudgetYear": null, "CRA": null, "created_date": 1670256563000, "last_edited_date": 1773666128000, "FundComm": null}}, {"type": "Feature", "id": 70108, "geometry": {"type": "Point", "coordinates": [-82.49936428034529, 27.960280275926877]}, "properties": {"OBJECTID": 70108, "GlobalID": "{4BC2AB2F-C2AC-4856-90CF-E96C7863D44F}", "projid": "1001162", "projname": "Glen Ave Sidewalk and Safety Improvements (Green St to Beach St)", "projdesc": "This project provides for drainage improvements and sidewalk construction.", "rationale": "Bike & Pedestrian Improvements", "projtype": "Transportation", "safety": "Yes", "mandate": "No", "repair": "No", "replace": "No", "expand": "Yes", "efficient": "Yes", "fiscalyr": "2025", "fundsource": "Multiple Funding", "planstart": 1746072000000, "planend": 1780113600000, "estcost": 1672823.61, "funded": "Yes", "projphase": "P5: Closeout", "actstart": null, "actend": null, "actcost": 0, "status": "Closeout", "docpath": "https://www.tampa.gov/project/trans20136", "CreationDate": -2209161600000, "EditDate": -2209161600000, "NumVotes": null, "MultiYear": "Yes", "ShowPublic": "Yes", "EBO": null, "JobsCreated": null, "Neighborhood": "Macfarlane Park", "Council": "6", "EBOAttained": null, "ContractNumber": null, "ActivityStatus": null, "ProjectSiteURL": "<a href=\"https://apps.tampagov.net/Directory_Lister/FileHandler.ashx?file=GIS%2f1001162.pdf\">1001162</a>", "ProjectNumerical": 70108, "RelatedProject": "No", "MapScale": 6000, "WMBESLBE": null, "DepPrjNum": "TRANS20136", "BudgetBook": "No", "BudgetYear": null, "CRA": null, "created_date": 1670362960000, "last_edited_date": 1780054249000, "FundComm": null}}, {"type": "Feature", "id": 71308, "geometry": {"type": "Point", "coordinates": [-82.42609192337434, 28.053365769078646]}, "properties": {"OBJECTID": 71308, "GlobalID": "{C70573E7-19CD-4BB0-A169-77918EC57B59}", "projid": " 1002695", "projname": "30th St and Fowler - USF FM Extension", "projdesc": "Replace and extend the existing 12” USF force main on 30th St. south of Fowler Ave. to north of 109th Ave with 2,150 LF of 18” PVC force main.", "rationale": "The force main replacement project will replace aging, deteriorated pipelines that have reached the end of their useful life and are susceptible to failure that can cause wastewater overflows that impact public health, safety, and the environment.  The new force main will provide additional capacity for future development and lower energy costs of public and private pumping stations.", "projtype": "Wastewater", "safety": "No", "mandate": "No", "repair": "No", "replace": "Yes", "expand": "No", "efficient": "No", "fiscalyr": "2025", "fundsource": "PIPES", "planstart": 1756699200000, "planend": 1782878400000, "estcost": 2500000, "funded": "Yes", "projphase": "P4: Construction", "actstart": null, "actend": null, "actcost": 0, "status": "Construction in Progress", "docpath": "https://www.tampa.gov/project/ww1002695", "CreationDate": -2209161600000, "EditDate": -2209161600000, "NumVotes": null, "MultiYear": "No", "ShowPublic": "Yes", "EBO": null, "JobsCreated": null, "Neighborhood": "Terrace Park", "Council": "7", "EBOAttained": null, "ContractNumber": null, "ActivityStatus": null, "ProjectSiteURL": "<a href=\"https://apps.tampagov.net/Directory_Lister/FileHandler.ashx?file=GIS%2f 1002695.pdf\"> 1002695</a>", "ProjectNumerical": null, "RelatedProject": "No", "MapScale": 6000, "WMBESLBE": null, "DepPrjNum": "WW1002695", "BudgetBook": "No", "BudgetYear": null, "CRA": null, "created_date": 1671126949000, "last_edited_date": 1774963682000, "FundComm": null}}, {"type": "Feature", "id": 71708, "geometry": {"type": "Point", "coordinates": [-82.4568461380688, 27.949747313668478]}, "properties": {"OBJECTID": 71708, "GlobalID": "{07127DB2-D778-4374-9D75-3A1130EAC58F}", "projid": "1002318", "projname": "Downtown Phase II Collection System Rehabilitation", "projdesc": "This project includes the rehabilitation of approximately 34,476 linear feet of 8-inch to 24-inch diameter gravity sewers and the rehabilitation of 480 manholes.", "rationale": "The collection system rehabilitation project will restore aging sewer pipes and manholes to restore their service life.  Project impacts will be minimal compared to a collection system “open cut” replacement project since the rehabilitation methods are trenchless.  The collection system rehabilitation will reduce pipeline failures and blockages that cause wastewater overflows that impact public health, safety, and the environment.  Additional project benefits include reduction in leaks that allow ground water and stormwater runoff to enter the collection system and cause wastewater overflows, reduction in energy needed to treat and convey the additional wastewater flow caused by leaking pipelines/manholes and reduction in pipeline failures that cause roadway depressions and cave ins.", "projtype": "Wastewater", "safety": "No", "mandate": "No", "repair": "No", "replace": "No", "expand": "No", "efficient": "No", "fiscalyr": "2023", "fundsource": "PIPES", "planstart": 1664596800000, "planend": 1767243600000, "estcost": 1600000, "funded": "Yes", "projphase": "P5: Closeout", "actstart": null, "actend": null, "actcost": 0, "status": "Closeout", "docpath": "https://www.tampa.gov/project/ww1002318", "CreationDate": -2209161600000, "EditDate": -2209161600000, "NumVotes": null, "MultiYear": "Yes", "ShowPublic": "Yes", "EBO": 5, "JobsCreated": null, "Neighborhood": "Tampa Downtown Partnership", "Council": "5", "EBOAttained": 6.57, "ContractNumber": "21-C-00040", "ActivityStatus": null, "ProjectSiteURL": "<a href=\"https://apps.tampagov.net/Directory_Lister/FileHandler.ashx?file=GIS%2f1002318.pdf\">1002318</a>", "ProjectNumerical": null, "RelatedProject": "No", "MapScale": 6000, "WMBESLBE": null, "DepPrjNum": "WW1002318", "BudgetBook": "No", "BudgetYear": null, "CRA": "Downtown Non Core", "created_date": 1671127839000, "last_edited_date": 1776267171000, "FundComm": null}}, {"type": "Feature", "id": 73309, "geometry": {"type": "Point", "coordinates": [-82.45125071304429, 27.963269527408638]}, "properties": {"OBJECTID": 73309, "GlobalID": "{FE4A725F-F41E-4355-AE99-07C007006A79}", "projid": "1002465", "projname": "Downtown Interchange Wastewater Collection System Rehabilitation by CIPP Lining", "projdesc": "This project includes the rehabilitation of approximately 9,844 linear feet of 8-inch and 10-inch diameter gravity sewers and the rehabilitation of 46 manholes.", "rationale": "The collection system rehabilitation project will restore aging sewer pipes and manholes to restore their service life.  Project impacts will be minimal compared to a collection system “open cut” replacement project since the rehabilitation methods are trenchless.  The collection system rehabilitation will reduce pipeline failures and blockages that cause wastewater overflows that impact public health, safety, and the environment.  Additional project benefits include reduction in leaks that allow ground water and stormwater runoff to enter the collection system and cause wastewater overflows, reduction in energy needed to treat and convey the additional wastewater flow caused by leaking pipelines/manholes and reduction in pipeline failures that cause roadway depressions and cave ins.", "projtype": "Wastewater", "safety": "No", "mandate": "No", "repair": "No", "replace": "No", "expand": "No", "efficient": "No", "fiscalyr": "2023", "fundsource": "PIPES", "planstart": 1688184000000, "planend": 1767243600000, "estcost": 600000, "funded": "Yes", "projphase": "P5: Closeout", "actstart": null, "actend": null, "actcost": 0, "status": "Closeout", "docpath": "https://www.tampa.gov/project/ww1002465", "CreationDate": -2209161600000, "EditDate": -2209161600000, "NumVotes": null, "MultiYear": "Yes", "ShowPublic": "Yes", "EBO": 5, "JobsCreated": null, "Neighborhood": "Encore", "Council": "5", "EBOAttained": 2.7, "ContractNumber": "22-C-00050", "ActivityStatus": null, "ProjectSiteURL": "<a href=\"https://apps.tampagov.net/Directory_Lister/FileHandler.ashx?file=GIS%2f1002465.pdf\">1002465</a>", "ProjectNumerical": null, "RelatedProject": "No", "MapScale": 6000, "WMBESLBE": null, "DepPrjNum": "WW1002465", "BudgetBook": "No", "BudgetYear": null, "CRA": "Ybor City 2", "created_date": 1674504236000, "last_edited_date": 1776267330000, "FundComm": null}}, {"type": "Feature", "id": 74508, "geometry": {"type": "Point", "coordinates": [-82.46594145303493, 28.025368559492616]}, "properties": {"OBJECTID": 74508, "GlobalID": "{BA27C0B3-CE7B-4AD8-A20E-6D595E066718}", "projid": "1002329", "projname": "Waters Ave Gravity Sewer Rehabilitation", "projdesc": "This project includes the rehabilitation of approximately 12,566 linear feet of 8-inch to 30-inch diameter gravity sewers and the rehabilitation of 18 manholes.", "rationale": "The collection system rehabilitation project will restore aging sewer pipes and manholes to restore their service life.  Project impacts will be minimal compared to a collection system “open cut” replacement project since the rehabilitation methods are trenchless.  The collection system rehabilitation will reduce pipeline failures and blockages that cause wastewater overflows that impact public health, safety, and the environment.  Additional project benefits include reduction in leaks that allow ground water and stormwater runoff to enter the collection system and cause wastewater overflows, reduction in energy needed to treat and convey the additional wastewater flow caused by leaking pipelines/manholes and reduction in pipeline failures that cause roadway depressions and cave ins.", "projtype": "Wastewater", "safety": "No", "mandate": "No", "repair": "No", "replace": "No", "expand": "No", "efficient": "No", "fiscalyr": "2023", "fundsource": "PIPES", "planstart": 1693540800000, "planend": 1782878400000, "estcost": 1382767, "funded": "Yes", "projphase": "P4: Construction", "actstart": null, "actend": null, "actcost": 0, "status": "Construction in Progress", "docpath": "https://www.tampa.gov/project/ww1002329", "CreationDate": -2209161600000, "EditDate": -2209161600000, "NumVotes": null, "MultiYear": "No", "ShowPublic": "Yes", "EBO": 6, "JobsCreated": 4, "Neighborhood": "Lowry Park Central", "Council": "6", "EBOAttained": 4, "ContractNumber": "22-C-00014", "ActivityStatus": null, "ProjectSiteURL": "<a href=\"https://apps.tampagov.net/Directory_Lister/FileHandler.ashx?file=GIS%2f1002329.pdf\">1002329</a>", "ProjectNumerical": null, "RelatedProject": "No", "MapScale": 6000, "WMBESLBE": null, "DepPrjNum": "WW1002329", "BudgetBook": "No", "BudgetYear": null, "CRA": null, "created_date": 1675272217000, "last_edited_date": 1774964350000, "FundComm": null}}, {"type": "Feature", "id": 74908, "geometry": {"type": "Point", "coordinates": [-82.5115276567535, 27.985281642912913]}, "properties": {"OBJECTID": 74908, "GlobalID": "{D5FC45CE-AC30-417D-B202-DD5C91144AA8}", "projid": "1002163", "projname": "Drew Park CRA - Mobility, Connectivity, and Safety Improvements", "projdesc": "To identify and recommend potential mobility, connectivity, and safety projects, including project estimates, and to identify/recommend/provide quick bid options for improvements for improvements within public rights-of-way throughout the Drew Park Community Redevelopment Area (CRA).", "rationale": "Projects to include but limited to: areas to close sidewalk gaps; areas to improve existing sidewalks, intersection and crosswalk safety, areas to construct mid-block crosswalks on Lois Avenue, areas to improve pedestrian/bicyclist safety, alleyways, and areas to improve transit (public and school) stops.  In addition, firm to identify locations where on-street parking can be constructed on existing rights-of-way.", "projtype": "Transportation", "safety": "No", "mandate": "No", "repair": "No", "replace": "No", "expand": "No", "efficient": "No", "fiscalyr": "2027", "fundsource": "Community Redevelopment Agency", "planstart": 1797262703000, "planend": 1827675509000, "estcost": 9504000, "funded": "Yes", "projphase": "P2: Design", "actstart": null, "actend": null, "actcost": 0, "status": "60% Design Completion", "docpath": "https://www.tampa.gov/project/trans20191", "CreationDate": -2209161600000, "EditDate": -2209161600000, "NumVotes": null, "MultiYear": "Yes", "ShowPublic": "Yes", "EBO": null, "JobsCreated": null, "Neighborhood": "Drew Park", "Council": "6", "EBOAttained": null, "ContractNumber": "22-D-23606", "ActivityStatus": null, "ProjectSiteURL": "<a href=\"https://apps.tampagov.net/Directory_Lister/FileHandler.ashx?file=GIS%2f1002163.pdf\">1002163</a>", "ProjectNumerical": null, "RelatedProject": "Yes", "MapScale": 6000, "WMBESLBE": 100, "DepPrjNum": "TRANS20191", "BudgetBook": "No", "BudgetYear": null, "CRA": "Drew Park", "created_date": 1676989408000, "last_edited_date": 1777287603000, "FundComm": null}}, {"type": "Feature", "id": 76109, "geometry": {"type": "Point", "coordinates": [-82.43271532003395, 28.00700306983916]}, "properties": {"OBJECTID": 76109, "GlobalID": "{4BC32B51-75FD-4B01-8C92-6F3A717FF8B5}", "projid": "1002148", "projname": "N 24th Street (Hanna Ave to Sligh Ave)", "projdesc": "This project provides for design and construction of capacity and multimodal improvements along the E Hanna Ave corridor from N 22nd St to N 30th Sr., along the 24th St from Hanna Ave to Sligh Ave, and at the intersection of Sligh Ave and 30th St.  The project includes the following proposed improvements: 1. Hanna Avenue – 22nd Street to 30th Street: • Roadway milling and resurfacing. • Westbound Left Turn Lane into the new City Center at 2515 Hanna Ave. • Intersection improvements at the intersection of Hanna Ave at N 22nd St and Hanna Ave at N 30th St  2. 24th Street – Hanna Avenue to Sligh Avenue • Sidewalk along the west side of 24th St • All Way Stop Signs at “T” intersection along 24th St  3. Intersection at the Sligh Avenue and 30th Street • New Traffic Signal • Northbound Left-Turn Lane.", "rationale": "Complete Streets & Safety Improvements", "projtype": "Transportation", "safety": "Yes", "mandate": "No", "repair": "No", "replace": "No", "expand": "Yes", "efficient": "No", "fiscalyr": "2027", "fundsource": "Multiple Funding", "planstart": 1796134243000, "planend": 1824988276000, "estcost": 400000, "funded": "Yes", "projphase": "P2: Design", "actstart": null, "actend": null, "actcost": 0, "status": "60% Design Completion", "docpath": "https://www.tampa.gov/project/trans20147", "CreationDate": -2209161600000, "EditDate": -2209161600000, "NumVotes": null, "MultiYear": "No", "ShowPublic": "Yes", "EBO": null, "JobsCreated": null, "Neighborhood": "Seminole Heights East", "Council": "5", "EBOAttained": null, "ContractNumber": null, "ActivityStatus": null, "ProjectSiteURL": "<a href=\"https://apps.tampagov.net/Directory_Lister/FileHandler.ashx?file=GIS%2f1002148.pdf\">1002148</a>", "ProjectNumerical": null, "RelatedProject": "No", "MapScale": 6000, "WMBESLBE": null, "DepPrjNum": "TRANS20147", "BudgetBook": "No", "BudgetYear": null, "CRA": null, "created_date": 1677707289000, "last_edited_date": 1764791906000, "FundComm": null}}, {"type": "Feature", "id": 77708, "geometry": {"type": "Point", "coordinates": [-82.4264639321962, 28.010432194156262]}, "properties": {"OBJECTID": 77708, "GlobalID": "{BDA93169-0527-4E50-A40F-920FBDE24E98}", "projid": "1002148", "projname": "30th St Sligh Intersection Improvements", "projdesc": "This project provides for design and construction of capacity and multimodal improvements along the E Hanna Ave corridor from N 22nd St to N 30th Sr., along the 24th St from Hanna Ave to Sligh Ave, and at the intersection of Sligh Ave and 30th St.  The project includes the following proposed improvements: 1. Hanna Avenue – 22nd Street to 30th Street: • Roadway milling and resurfacing. • Westbound Left Turn Lane into the new City Center at 2515 Hanna Ave. • Intersection improvements at the intersection of Hanna Ave at N 22nd St and Hanna Ave at N 30th St  2. 24th Street – Hanna Avenue to Sligh Avenue • Sidewalk along the west side of 24th St • All Way Stop Signs at “T” intersection along 24th St  3. Intersection at the Sligh Avenue and 30th Street • New Traffic Signal • Northbound Left-Turn Lane.", "rationale": "Complete Streets & Safety Improvements", "projtype": "Transportation", "safety": "Yes", "mandate": "No", "repair": "No", "replace": "No", "expand": "No", "efficient": "No", "fiscalyr": "2027", "fundsource": "Local Option Gas Tax", "planstart": 1788288861000, "planend": 1796068467000, "estcost": 281344, "funded": "No", "projphase": "P2: Design", "actstart": null, "actend": null, "actcost": 0, "status": "90% Design Completion", "docpath": "https://www.tampa.gov/project/trans200148", "CreationDate": -2209161600000, "EditDate": -2209161600000, "NumVotes": null, "MultiYear": "No", "ShowPublic": "Yes", "EBO": null, "JobsCreated": null, "Neighborhood": "Seminole Heights East", "Council": "5", "EBOAttained": null, "ContractNumber": null, "ActivityStatus": null, "ProjectSiteURL": "<a href=\"https://apps.tampagov.net/Directory_Lister/FileHandler.ashx?file=GIS%2f1002148.pdf\">1002148</a>", "ProjectNumerical": null, "RelatedProject": "No", "MapScale": 6000, "WMBESLBE": null, "DepPrjNum": "TRANS20148", "BudgetBook": "No", "BudgetYear": null, "CRA": null, "created_date": 1678121376000, "last_edited_date": 1782141942000, "FundComm": null}}, {"type": "Feature", "id": 79308, "geometry": {"type": "Point", "coordinates": [-82.47627765913916, 27.98179177922219]}, "properties": {"OBJECTID": 79308, "GlobalID": "{C1A4F4E2-B3DC-4C77-BEBE-2BB974A6C4ED}", "projid": "1001810.6", "projname": "Rome Ave Pump Station Rehabilitation (Year 2)", "projdesc": "This project provides for the complete rehabilitation of Rome Avenue Pumping Station at 4503 N Rome Ave. The project will serve to replace the existing wet-dry type pumping station with a more efficient, reliable and serviceable submersible pumping station. It includes demolition of above ground building structure, pumps and electrical equipment and installation of new submersible pumps, piping, valves, control panel and electrical upgrades.  The new electrical and control equipment will be installed aboveground and will be designed to provide protection from flooding and wind damage associated with storm events. The project also includes the installation of a backup generator to maintain station operation in the event of a power loss.", "rationale": "The pumping station rehabilitation project will restore the station’s reliability by replacing the aging equipment and will include improvements to reduce vulnerability to extreme weather events.  The station is a critical wastewater asset and failure of the station would result in a wastewater overflow that would impact the environment and pose a public health threat to the surrounding neighborhoods.", "projtype": "Wastewater", "safety": "No", "mandate": "No", "repair": "No", "replace": "No", "expand": "No", "efficient": "No", "fiscalyr": "2026", "fundsource": "PIPES", "planstart": 1765774800000, "planend": 1777608000000, "estcost": 2167000, "funded": "Yes", "projphase": "P4: Construction", "actstart": null, "actend": null, "actcost": 0, "status": "Construction in Progress", "docpath": "https://www.tampa.gov/project/ww10018106", "CreationDate": -2209161600000, "EditDate": -2209161600000, "NumVotes": null, "MultiYear": "No", "ShowPublic": "Yes", "EBO": null, "JobsCreated": null, "Neighborhood": "Wellswood", "Council": "6", "EBOAttained": null, "ContractNumber": "20-C-0000016", "ActivityStatus": null, "ProjectSiteURL": "<a href=\"https://apps.tampagov.net/Directory_Lister/FileHandler.ashx?file=GIS%2f1001810.6.pdf\">1001810.6</a>", "ProjectNumerical": null, "RelatedProject": "No", "MapScale": 6000, "WMBESLBE": null, "DepPrjNum": "WW1001810.6", "BudgetBook": "No", "BudgetYear": null, "CRA": null, "created_date": 1680285587000, "last_edited_date": 1774965259000, "FundComm": null}}, {"type": "Feature", "id": 80908, "geometry": {"type": "Point", "coordinates": [-82.43273131461544, 27.94249035052021]}, "properties": {"OBJECTID": 80908, "GlobalID": "{9A6A3964-EFCF-43CB-B7E9-5DE51B106366}", "projid": "1002584", "projname": "Bermuda Blvd Complete Streets and Seawall (Design) ", "projdesc": "This project is for the design* of the roadway and seawall along Bermuda Blvd.  The design will include the following: <br/>• Reconstructing/replacing and amenitizing the existing seawall on Bermuda Blvd. including an 8 ft. wide seawall trail. <br/>• Installation of backflow preventers at the seawall outfall pipes. <br/>• Implementation of Complete Streets concept to support the mobility needs of all along Bermuda Blvd. <br/>• Roadway resurfacing and narrowing travel lanes. <br/>• Installation of tree wells and bioswales along the roadway shoulders. <br/>• Connects to the proposed Green ARTery Perimeter Trail. <br/><br/>*Construction for this design will be performed under the Pathways to Palmetto (Design-Build) project. https://www.tampa.gov/project/trans20197", "rationale": "• Improved resiliency of the entire community from flooding and storm damage. <br>• Will establish a new waterfront boulevard and trail. <br>• Improved connections between the Palmetto Beach neighborhood and Downtown Tampa. <br>• Improved habitat in McKay Bay. <br>• Improved vitality of the neighborhood through the incorporation of Complete Streets improvements to improve roadway safety and ensure accessibility for all users.", "projtype": "Transportation", "safety": "Yes", "mandate": "No", "repair": "Yes", "replace": "No", "expand": "No", "efficient": "No", "fiscalyr": "2028", "fundsource": "Multiple Funding", "planstart": null, "planend": null, "estcost": 3954400, "funded": "No", "projphase": "P1: Planning", "actstart": null, "actend": null, "actcost": 0, "status": "Planning", "docpath": "https://www.tampa.gov/project/trans20141", "CreationDate": -2209161600000, "EditDate": -2209161600000, "NumVotes": null, "MultiYear": "Yes", "ShowPublic": "Yes", "EBO": null, "JobsCreated": null, "Neighborhood": "Palmetto Beach", "Council": "5", "EBOAttained": null, "ContractNumber": "25-D-00015", "ActivityStatus": null, "ProjectSiteURL": "<a href=\"https://apps.tampagov.net/Directory_Lister/FileHandler.ashx?file=GIS%2f1002584.pdf\">1002584</a>", "ProjectNumerical": null, "RelatedProject": "No", "MapScale": 6000, "WMBESLBE": null, "DepPrjNum": "TRANS20141", "BudgetBook": "No", "BudgetYear": null, "CRA": null, "created_date": 1681850050000, "last_edited_date": 1758205483000, "FundComm": null}}, {"type": "Feature", "id": 81708, "geometry": {"type": "Point", "coordinates": [-82.43595104607003, 27.923422042805147]}, "properties": {"OBJECTID": 81708, "GlobalID": "{6F471DD6-BB5D-4ECB-8869-245B2B744874}", "projid": "1001865.2", "projname": "Howard F. Curren AWTP Master Plan Improvements, Phase 1, Design-build GMP No. 2", "projdesc": "This project provides for the rehabilitation of the main pumping station and the high purity oxygen (HPO) reactors at the Howard F. Curren AWTP.  The project will include replacement of the seven (7) main sewage pumps, blowers, spent cooling water pumps, process piping and valves,  mixers, aerators and diffusers, concrete repairs and coatings, the construction of a new electrical building and transformer structure, and the installation of new electrical and control systems.", "rationale": "The treatment plant project will restore the plant’s reliability by replacing aging equipment and will include improvements to reduce vulnerability to extreme weather events and sea level rise.  The project will also enhance the treatment plant processes with modern technology which will increase the plant’s treatment and operating efficiency.", "projtype": "Wastewater", "safety": "No", "mandate": "No", "repair": "No", "replace": "No", "expand": "No", "efficient": "No", "fiscalyr": "2023", "fundsource": "PIPES", "planstart": 1685592000000, "planend": 1796101200000, "estcost": 77604828, "funded": "Yes", "projphase": "P4: Construction", "actstart": null, "actend": null, "actcost": 0, "status": "Construction in Progress", "docpath": "https://www.tampa.gov/project/ww10018652", "CreationDate": -2209161600000, "EditDate": -2209161600000, "NumVotes": null, "MultiYear": "Yes", "ShowPublic": "Yes", "EBO": 21, "JobsCreated": 10, "Neighborhood": "Port of Tampa", "Council": "5", "EBOAttained": null, "ContractNumber": "20-C-00001", "ActivityStatus": null, "ProjectSiteURL": "<a href=\"https://apps.tampagov.net/Directory_Lister/FileHandler.ashx?file=GIS%2f1001865.2.pdf\">1001865.2</a>", "ProjectNumerical": null, "RelatedProject": "No", "MapScale": 6000, "WMBESLBE": 11, "DepPrjNum": "WW1001865.2", "BudgetBook": "No", "BudgetYear": null, "CRA": null, "created_date": 1684943728000, "last_edited_date": 1774965688000, "FundComm": null}}, {"type": "Feature", "id": 81709, "geometry": {"type": "Point", "coordinates": [-82.43628364056586, 27.923384124222963]}, "properties": {"OBJECTID": 81709, "GlobalID": "{3365A84E-DE4C-4914-87C9-9F81B07DFE62}", "projid": "1001865.4", "projname": "Howard F. Curren AWTP Master Plan Improvements, Phase 1, Design-build GMP No. 4", "projdesc": "This project provides for Sludge Digestion System improvements at the Howard F. Curren AWTP. The project will include construction of two (2) 2.4M gallon gas holding anaerobic digesters, new digester heating and mixing systems, new control building, and the installation of related electrical and control systems.", "rationale": "The treatment plant project will restore the plant’s reliability by replacing aging equipment and will include improvements to reduce vulnerability to extreme weather events and sea level rise. The project will also enhance the treatment plant processes with modern technology which will increase the plant’s treatment and operating efficiency.", "projtype": "Wastewater", "safety": "No", "mandate": "No", "repair": "No", "replace": "No", "expand": "No", "efficient": "No", "fiscalyr": "2025", "fundsource": "PIPES", "planstart": 1730433600000, "planend": 1840766400000, "estcost": 115000000, "funded": "Yes", "projphase": "P4: Construction", "actstart": null, "actend": null, "actcost": 0, "status": "Construction in Progress", "docpath": "https://www.tampa.gov/project/ww10018654", "CreationDate": -2209161600000, "EditDate": -2209161600000, "NumVotes": null, "MultiYear": "Yes", "ShowPublic": "Yes", "EBO": 13, "JobsCreated": 7, "Neighborhood": "Port of Tampa", "Council": "5", "EBOAttained": null, "ContractNumber": "20-C-00001", "ActivityStatus": null, "ProjectSiteURL": "<a href=\"https://apps.tampagov.net/Directory_Lister/FileHandler.ashx?file=GIS%2f1001865.4.pdf\">1001865.4</a>", "ProjectNumerical": null, "RelatedProject": "No", "MapScale": 6000, "WMBESLBE": 6, "DepPrjNum": "WW1001865.4", "BudgetBook": "No", "BudgetYear": null, "CRA": null, "created_date": 1684949716000, "last_edited_date": 1774965744000, "FundComm": null}}, {"type": "Feature", "id": 82909, "geometry": {"type": "Point", "coordinates": [-82.44498197121189, 27.993359008799622]}, "properties": {"OBJECTID": 82909, "GlobalID": "{808FBA15-B71E-41E5-BFAE-89742DBE3963}", "projid": "1001176", "projname": "Conover  and 13th", "projdesc": "Intersection area of 13th Street and Conover Street. experiences frequent flooding due to insufficient drainage capacity. The proposed project consists of construction of new pipes and inlets connecting to the existing drainage system to alleviate the flooding.", "rationale": "Flooding Relief", "projtype": "Stormwater Engineering", "safety": "No", "mandate": "No", "repair": "No", "replace": "No", "expand": "No", "efficient": "Yes", "fiscalyr": "2027", "fundsource": "Stormwater Improvement Fee", "planstart": 1769922000000, "planend": 1819684800000, "estcost": 90000, "funded": "No", "projphase": "P2: Design", "actstart": null, "actend": null, "actcost": 0, "status": "90% Design Completion", "docpath": "https://www.tampa.gov/project/sw60009", "CreationDate": -2209161600000, "EditDate": -2209161600000, "NumVotes": null, "MultiYear": "No", "ShowPublic": "Yes", "EBO": null, "JobsCreated": null, "Neighborhood": "Southeast Seminole Heights", "Council": "5", "EBOAttained": null, "ContractNumber": null, "ActivityStatus": null, "ProjectSiteURL": "<a href=\"https://apps.tampagov.net/Directory_Lister/FileHandler.ashx?file=GIS%2f1001176.pdf\">1001176</a>", "ProjectNumerical": null, "RelatedProject": "No", "MapScale": 6000, "WMBESLBE": null, "DepPrjNum": "SW60009", "BudgetBook": "No", "BudgetYear": null, "CRA": "East Tampa", "created_date": 1686589512000, "last_edited_date": 1773923606000, "FundComm": null}}, {"type": "Feature", "id": 85308, "geometry": {"type": "Point", "coordinates": [-82.46036950396447, 27.959109623352266]}, "properties": {"OBJECTID": 85308, "GlobalID": "{0CFC107D-BB20-478B-808F-40B64A15F9B1}", "projid": "1002477", "projname": "JPA- FDOT Height Multimodal Improvements", "projdesc": "This project provides for the relocation of gravity mains that will be impacted based upon the FDOT’s proposed roadway and drainage improvements project.", "rationale": "The gravity main relocation is necessary to avoid conflicts with the FDOT proposed roadway and drainage improvements project.", "projtype": "Wastewater", "safety": "No", "mandate": "No", "repair": "No", "replace": "No", "expand": "No", "efficient": "No", "fiscalyr": "2027", "fundsource": "PIPES", "planstart": 1798779600000, "planend": 1861938000000, "estcost": 1000000, "funded": "Yes", "projphase": "P2: Design", "actstart": null, "actend": null, "actcost": 0, "status": "60% Design Completion", "docpath": "https://www.tampa.gov/project/ww1002477", "CreationDate": -2209161600000, "EditDate": -2209161600000, "NumVotes": null, "MultiYear": "Yes", "ShowPublic": "Yes", "EBO": null, "JobsCreated": null, "Neighborhood": "Tampa Heights", "Council": "5", "EBOAttained": null, "ContractNumber": null, "ActivityStatus": null, "ProjectSiteURL": "<a href=\"https://apps.tampagov.net/Directory_Lister/FileHandler.ashx?file=GIS%2f1002477.pdf\">1002477</a>", "ProjectNumerical": null, "RelatedProject": "No", "MapScale": 6000, "WMBESLBE": null, "DepPrjNum": "WW1002477", "BudgetBook": "No", "BudgetYear": null, "CRA": null, "created_date": 1690305620000, "last_edited_date": 1774891132000, "FundComm": null}}, {"type": "Feature", "id": 85708, "geometry": {"type": "Point", "coordinates": [-82.43624397312988, 27.924908825842756]}, "properties": {"OBJECTID": 85708, "GlobalID": "{48C83C47-4F44-4FA7-B748-92C97E766C90}", "projid": "1001865.4A", "projname": "Howard F. Curren AWTP Master Plan Improvements, Phase 2, Design-build GMP No. 1", "projdesc": "This project provides for the replacement of the High Purity Oxygen Generation System and related electrical and control systems; and the Sludge Control Building Electrical System including motor control centers, variable frequency drives and miscellaneous electrical components.  The project will also include the improvement of the Howard F. Curren AWTP security, and the equipment purchase for the Main Switch Gear Facility replacement upcoming construction.", "rationale": "The treatment plant project will restore the plant’s reliability by replacing aging equipment and will include improvements to reduce vulnerability to extreme weather events and sea level rise.  The project will also enhance the treatment plant processes with modern technology which will increase the plant’s treatment and operating efficiency.", "projtype": "Wastewater", "safety": "No", "mandate": "No", "repair": "No", "replace": "No", "expand": "No", "efficient": "No", "fiscalyr": "2027", "fundsource": "PIPES", "planstart": 1790827200000, "planend": 1922331600000, "estcost": 31750000, "funded": "Yes", "projphase": "P3: Procurement", "actstart": null, "actend": null, "actcost": 0, "status": "Consultant/Contractor Selection Process", "docpath": "https://www.tampa.gov/project/ww10018654a", "CreationDate": -2209161600000, "EditDate": -2209161600000, "NumVotes": null, "MultiYear": "Yes", "ShowPublic": "Yes", "EBO": 12, "JobsCreated": 1, "Neighborhood": "Port of Tampa", "Council": "5", "EBOAttained": 2, "ContractNumber": "23-C-00020", "ActivityStatus": null, "ProjectSiteURL": "<a href=\"https://apps.tampagov.net/Directory_Lister/FileHandler.ashx?file=GIS%2f1001865.4A.pdf\">1001865.4A</a>", "ProjectNumerical": null, "RelatedProject": "No", "MapScale": 6000, "WMBESLBE": 2, "DepPrjNum": "WW1001865.4A", "BudgetBook": "No", "BudgetYear": null, "CRA": null, "created_date": 1690306726000, "last_edited_date": 1774962001000, "FundComm": null}}, {"type": "Feature", "id": 86109, "geometry": {"type": "Point", "coordinates": [-82.50855704484681, 27.87710210581512]}, "properties": {"OBJECTID": 86109, "GlobalID": "{86F43698-F501-4D07-A6C1-FD6E3C1A497A}", "projid": "1001810.7", "projname": "Church Pumping Station Rehabilitation (Year 3)", "projdesc": "The project provides for the rehabilitation of the wastewater pumping station at 3901 Elmwood Terr. Project will include replacement of pumps, piping, valves, and electrical improvements to ensure continued reliability of the station.", "rationale": "The pumping station rehabilitation project will restore the station’s reliability by replacing the aging equipment and will include improvements to reduce vulnerability to extreme weather events.  The station is a critical wastewater asset and failure of the station would result in a wastewater overflow that would impact the environment and pose a public health threat to the surrounding neighborhoods.", "projtype": "Wastewater", "safety": "No", "mandate": "No", "repair": "No", "replace": "No", "expand": "No", "efficient": "No", "fiscalyr": "2027", "fundsource": "PIPES", "planstart": 1803877200000, "planend": 1819771200000, "estcost": 1200000, "funded": "Yes", "projphase": "P2: Design", "actstart": null, "actend": null, "actcost": 0, "status": "30% Design Completion", "docpath": "https://www.tampa.gov/project/ww10018107", "CreationDate": -2209161600000, "EditDate": -2209161600000, "NumVotes": null, "MultiYear": "No", "ShowPublic": "Yes", "EBO": 18, "JobsCreated": 30, "Neighborhood": "Gandy / Sun Bay South", "Council": "4", "EBOAttained": null, "ContractNumber": "20-C-00016", "ActivityStatus": null, "ProjectSiteURL": "<a href=\"https://apps.tampagov.net/Directory_Lister/FileHandler.ashx?file=GIS%2f1001810.7.pdf\">1001810.7</a>", "ProjectNumerical": null, "RelatedProject": "No", "MapScale": 6000, "WMBESLBE": null, "DepPrjNum": "WW1001810.7", "BudgetBook": "No", "BudgetYear": null, "CRA": null, "created_date": 1690386270000, "last_edited_date": 1774891995000, "FundComm": null}}, {"type": "Feature", "id": 86121, "geometry": {"type": "Point", "coordinates": [-82.41796843073338, 28.012101515903357]}, "properties": {"OBJECTID": 86121, "GlobalID": "{0F478CED-1EC1-4AB5-B69A-6225DA564E06}", "projid": "1002661", "projname": "Lakeshore PS Force Main Replacement", "projdesc": "This project provides for the replacement of the force main that serves the Lakeshore pumping station. Proposed 3,100 LF of 12” FM replacement.", "rationale": "The force main replacement project will replace aging, deteriorated pipelines that have reached the end of their useful life and are susceptible to failure that can cause wastewater overflows that impact public health, safety, and the environment.  The new force main will provide additional capacity for future development and lower energy costs of public and private pumping stations.", "projtype": "Wastewater", "safety": "No", "mandate": "No", "repair": "No", "replace": "No", "expand": "No", "efficient": "No", "fiscalyr": "2027", "fundsource": "PIPES", "planstart": 1798779600000, "planend": 1811822400000, "estcost": 2200000, "funded": "Yes", "projphase": "P2: Design", "actstart": null, "actend": null, "actcost": 0, "status": "30% Design Completion", "docpath": "https://www.tampa.gov/project/ww1002661", "CreationDate": -2209161600000, "EditDate": -2209161600000, "NumVotes": null, "MultiYear": "No", "ShowPublic": "Yes", "EBO": null, "JobsCreated": null, "Neighborhood": "Temple Crest", "Council": "5", "EBOAttained": null, "ContractNumber": null, "ActivityStatus": null, "ProjectSiteURL": "<a href=\"https://apps.tampagov.net/Directory_Lister/FileHandler.ashx?file=GIS%2f1002661.pdf\">1002661</a>", "ProjectNumerical": null, "RelatedProject": "No", "MapScale": 6000, "WMBESLBE": null, "DepPrjNum": "WW1002661", "BudgetBook": "No", "BudgetYear": null, "CRA": null, "created_date": 1690394505000, "last_edited_date": 1774892188000, "FundComm": null}}, {"type": "Feature", "id": 88122, "geometry": {"type": "Point", "coordinates": [-82.49832265396618, 27.878137184567976]}, "properties": {"OBJECTID": 88122, "GlobalID": "{F570E580-479B-4E4D-A4AF-FA86BE65EBEE}", "projid": "1001810.15", "projname": "Sheridan Pumping Station Rehabilitation (Year 3)", "projdesc": "The project provides for the rehabilitation of the wastewater pumping station at 6200 S Sheridan Rd. Project will include replacement of pumps, piping, valves, and electrical improvements to ensure continued reliability of the station.", "rationale": "The pumping station rehabilitation project will restore the station’s reliability by replacing the aging equipment and will include improvements to reduce vulnerability to extreme weather events.  The station is a critical wastewater asset and failure of the station would result in a wastewater overflow that would impact the environment and pose a public health threat to the surrounding neighborhoods.", "projtype": "Wastewater", "safety": "No", "mandate": "No", "repair": "No", "replace": "No", "expand": "No", "efficient": "No", "fiscalyr": "2027", "fundsource": "PIPES", "planstart": 1803877200000, "planend": 1819771200000, "estcost": 1200000, "funded": "Yes", "projphase": "P2: Design", "actstart": null, "actend": null, "actcost": 0, "status": "30% Design Completion", "docpath": "https://www.tampa.gov/project/ww100181015", "CreationDate": -2209161600000, "EditDate": -2209161600000, "NumVotes": null, "MultiYear": "No", "ShowPublic": "Yes", "EBO": null, "JobsCreated": null, "Neighborhood": "Interbay - South of Gandy", "Council": "4", "EBOAttained": null, "ContractNumber": "20-C-00016", "ActivityStatus": null, "ProjectSiteURL": "<a href=\"https://apps.tampagov.net/Directory_Lister/FileHandler.ashx?file=GIS%2f1001810.15.pdf\">1001810.15</a>", "ProjectNumerical": null, "RelatedProject": "No", "MapScale": 6000, "WMBESLBE": null, "DepPrjNum": "WW1001810.15", "BudgetBook": "No", "BudgetYear": null, "CRA": null, "created_date": 1690911222000, "last_edited_date": 1774892230000, "FundComm": null}}, {"type": "Feature", "id": 88519, "geometry": {"type": "Point", "coordinates": [-82.47468973596683, 27.98224389366961]}, "properties": {"OBJECTID": 88519, "GlobalID": "{63A8B331-C5D4-47F4-B4BB-5C725E6E9C71}", "projid": "1001810.16", "projname": "Rome Ave Pump Station Force Main Replacement", "projdesc": "This project provides for the replacement of the force main that serves the Rome Ave pumping station. Proposed 1,000 LF of 12\" FM replacement including a subaqueous crossing North of MLK Blvd between Rome and Riverside Dr.", "rationale": "The force main replacement project will replace aging, deteriorated pipelines that have reached the end of their useful life and are susceptible to failure that can cause wastewater overflows that impact public health, safety, and the environment.  The new force main will provide additional capacity for future development and lower energy costs of public and private pumping stations.", "projtype": "Wastewater", "safety": "No", "mandate": "No", "repair": "No", "replace": "No", "expand": "No", "efficient": "No", "fiscalyr": "2025", "fundsource": "PIPES", "planstart": 1743480000000, "planend": 1785556800000, "estcost": 1480000, "funded": "Yes", "projphase": "P4: Construction", "actstart": null, "actend": null, "actcost": 0, "status": "Construction in Progress", "docpath": "https://www.tampa.gov/project/ww100181016", "CreationDate": -2209161600000, "EditDate": -2209161600000, "NumVotes": null, "MultiYear": "No", "ShowPublic": "Yes", "EBO": null, "JobsCreated": null, "Neighborhood": "South Seminole Heights", "Council": "6", "EBOAttained": null, "ContractNumber": "20-C-00016", "ActivityStatus": null, "ProjectSiteURL": "<a href=\"https://apps.tampagov.net/Directory_Lister/FileHandler.ashx?file=GIS%2f1001810.16.pdf\">1001810.16</a>", "ProjectNumerical": null, "RelatedProject": "No", "MapScale": 6000, "WMBESLBE": null, "DepPrjNum": "WW1001810.16", "BudgetBook": "No", "BudgetYear": null, "CRA": null, "created_date": 1692205157000, "last_edited_date": 1774965830000, "FundComm": null}}, {"type": "Feature", "id": 89319, "geometry": {"type": "Point", "coordinates": [-82.48312401707749, 27.93108932912241]}, "properties": {"OBJECTID": 89319, "GlobalID": "{458E453D-831A-4C11-B0D5-73405C0CADE5}", "projid": "WTR-25-0004", "projname": "South Howard Water Improvement Project", "projdesc": "Approximately 7,955 linear feet of water mains ranging from 4 to 12 inches in diameter will be replaced and upgraded.", "rationale": "The South Howard Water Improvement Project will improve the City of Tampa’s water distribution system by replacing the existing water mains. This project will replace the aging water mains in this area with new and larger diameter water mains, improving water pressure, water quality, and increasing the capacity of the system while reducing the number of service interruptions that might have been caused by main breaks or leakage.", "projtype": "Water", "safety": "No", "mandate": "No", "repair": "No", "replace": "Yes", "expand": "Yes", "efficient": "Yes", "fiscalyr": "2028", "fundsource": "PIPES", "planstart": null, "planend": null, "estcost": 4135485.57, "funded": "Yes", "projphase": "P2: Design", "actstart": null, "actend": null, "actcost": 0, "status": "30% Design Completion", "docpath": null, "CreationDate": -2209161600000, "EditDate": -2209161600000, "NumVotes": null, "MultiYear": "Yes", "ShowPublic": "Yes", "EBO": null, "JobsCreated": null, "Neighborhood": "Historic Hyde Park", "Council": "4", "EBOAttained": null, "ContractNumber": "23-C-00021", "ActivityStatus": null, "ProjectSiteURL": "<a href=\"https://apps.tampagov.net/Directory_Lister/FileHandler.ashx?file=GIS%2fWTR-25-0004.pdf\">WTR-25-0004</a>", "ProjectNumerical": null, "RelatedProject": "Yes", "MapScale": 6000, "WMBESLBE": null, "DepPrjNum": "WTR-25-0004", "BudgetBook": "No", "BudgetYear": null, "CRA": null, "created_date": 1692378674000, "last_edited_date": 1778159423000, "FundComm": null}}, {"type": "Feature", "id": 89719, "geometry": {"type": "Point", "coordinates": [-82.42833936445444, 28.058471829803874]}, "properties": {"OBJECTID": 89719, "GlobalID": "{3CAA50AA-D1D9-4A71-A614-09614C13E22F}", "projid": "1001810.19", "projname": "122nd Ave Pumping Station Rehabilitation", "projdesc": "This project provides for the rehabilitation of 122nd Avenue wastewater pumping station located at 2715 E 122nd Ave. Project will include replacement of pumps, piping, valves, and electrical improvements to ensure the continued reliability of the station.", "rationale": "The pumping station rehabilitation project will restore the station’s reliability by replacing the aging equipment and will include improvements to reduce vulnerability to extreme weather events.  The station is a critical wastewater asset and failure of the station would result in a wastewater overflow that would impact the environment and pose a public health threat to the surrounding neighborhoods.", "projtype": "Wastewater", "safety": "No", "mandate": "No", "repair": "No", "replace": "No", "expand": "No", "efficient": "No", "fiscalyr": "2025", "fundsource": "PIPES", "planstart": 1740805200000, "planend": 1767243600000, "estcost": 1260000, "funded": "Yes", "projphase": "P5: Closeout", "actstart": null, "actend": null, "actcost": 0, "status": "Closeout", "docpath": "https://www.tampa.gov/project/ww100181019", "CreationDate": -2209161600000, "EditDate": -2209161600000, "NumVotes": null, "MultiYear": "No", "ShowPublic": "Yes", "EBO": null, "JobsCreated": null, "Neighborhood": null, "Council": null, "EBOAttained": null, "ContractNumber": "20-C-00016", "ActivityStatus": null, "ProjectSiteURL": "<a href=\"https://apps.tampagov.net/Directory_Lister/FileHandler.ashx?file=GIS%2f1001810.19.pdf\">1001810.19</a>", "ProjectNumerical": null, "RelatedProject": "No", "MapScale": 6000, "WMBESLBE": null, "DepPrjNum": "WW1001810.19", "BudgetBook": "No", "BudgetYear": null, "CRA": null, "created_date": 1692979699000, "last_edited_date": 1776351548000, "FundComm": null}}, {"type": "Feature", "id": 90119, "geometry": {"type": "Point", "coordinates": [-82.41870149113272, 28.08509949812184]}, "properties": {"OBJECTID": 90119, "GlobalID": "{82328AD1-1462-4F58-9A93-5381F70AFAB0}", "projid": "1001810.20", "projname": "Lake Forest #1 Pumping Station Rehabilitation (Year 2)", "projdesc": "This project provides for the rehabilitation of Lake Forest #1 wastewater pumping station located at 14753 Morning Dr. Project will include replacement of pumps, piping, valves, and electrical improvements to ensure the continued reliability of the station.", "rationale": "The pumping station rehabilitation project will restore the station’s reliability by replacing the aging equipment and will include improvements to reduce vulnerability to extreme weather events.  The station is a critical wastewater asset and failure of the station would result in a wastewater overflow that would impact the environment and pose a public health threat to the surrounding neighborhoods.", "projtype": "Wastewater", "safety": "No", "mandate": "No", "repair": "No", "replace": "No", "expand": "No", "efficient": "No", "fiscalyr": "2025", "fundsource": "PIPES", "planstart": 1735707600000, "planend": 1767243600000, "estcost": 1320000, "funded": "Yes", "projphase": "P5: Closeout", "actstart": null, "actend": null, "actcost": 0, "status": "Closeout", "docpath": "https://www.tampa.gov/project/ww100181020", "CreationDate": -2209161600000, "EditDate": -2209161600000, "NumVotes": null, "MultiYear": "No", "ShowPublic": "Yes", "EBO": null, "JobsCreated": null, "Neighborhood": null, "Council": null, "EBOAttained": null, "ContractNumber": "20-C-00016", "ActivityStatus": null, "ProjectSiteURL": "<a href=\"https://apps.tampagov.net/Directory_Lister/FileHandler.ashx?file=GIS%2f1001810.20.pdf\">1001810.20</a>", "ProjectNumerical": null, "RelatedProject": "No", "MapScale": 6000, "WMBESLBE": null, "DepPrjNum": "WW1001810.20", "BudgetBook": "No", "BudgetYear": null, "CRA": null, "created_date": 1692985877000, "last_edited_date": 1776351759000, "FundComm": null}}, {"type": "Feature", "id": 90519, "geometry": {"type": "Point", "coordinates": [-82.43111050591419, 28.047237690765442]}, "properties": {"OBJECTID": 90519, "GlobalID": "{4426A7F0-AD61-436D-9A65-D802F1E5A3C8}", "projid": "1002016.2", "projname": "Sherwood Heights PS FM Relocation", "projdesc": "This project provides for the replacement of the force main that serves the Sherwood Heights Pumping Station. Proposed 2,350 feet of 8” force main on 26th St between 111th and 109th Avenues and 25th Street between 109th Avenue and Bougainvillea.", "rationale": "The force main replacement project will replace aging, deteriorated pipelines that have reached the end of their useful life and are susceptible to failure that can cause wastewater overflows that impact public health, safety, and the environment.  The new force main will provide additional capacity for future development and lower energy costs of public and private pumping stations.", "projtype": "Wastewater", "safety": "No", "mandate": "No", "repair": "No", "replace": "No", "expand": "No", "efficient": "No", "fiscalyr": "2026", "fundsource": "PIPES", "planstart": 1782878400000, "planend": 1793505600000, "estcost": 250000, "funded": "Yes", "projphase": "P2: Design", "actstart": null, "actend": null, "actcost": 0, "status": "90% Design Completion", "docpath": "https://www.tampa.gov/project/ww10020162", "CreationDate": -2209161600000, "EditDate": -2209161600000, "NumVotes": null, "MultiYear": "No", "ShowPublic": "Yes", "EBO": 14, "JobsCreated": 26, "Neighborhood": "University Square", "Council": "7", "EBOAttained": 100, "ContractNumber": "23-C-00018", "ActivityStatus": null, "ProjectSiteURL": "<a href=\"https://apps.tampagov.net/Directory_Lister/FileHandler.ashx?file=GIS%2f1002016.2.pdf\">1002016.2</a>", "ProjectNumerical": null, "RelatedProject": "No", "MapScale": 6000, "WMBESLBE": 74, "DepPrjNum": "WW1002016.2", "BudgetBook": "No", "BudgetYear": null, "CRA": null, "created_date": 1694710091000, "last_edited_date": 1774892374000, "FundComm": null}}, {"type": "Feature", "id": 90919, "geometry": {"type": "Point", "coordinates": [-82.41829557631223, 28.00341281180989]}, "properties": {"OBJECTID": 90919, "GlobalID": "{47C89905-0654-4D0D-8D2E-EFC34E4B2DDA}", "projid": "TBD", "projname": "Live Oak Square Collection System Rehabilitation", "projdesc": "This project includes the rehabilitation of approximately 29,000 linear feet of 8-inch diameter gravity sewers and the rehabilitation of 123 manholes.", "rationale": "The collection system rehabilitation project will restore aging sewer pipes and manholes to restore their service life.  Project impacts will be minimal compared to a collection system “open cut” replacement project since the rehabilitation methods are trenchless.  The collection system rehabilitation will reduce pipeline failures and blockages that cause wastewater overflows that impact public health, safety, and the environment.  Additional project benefits include reduction in leaks that allow ground water and stormwater runoff to enter the collection system and cause wastewater overflows, reduction in energy needed to treat and convey the additional wastewater flow caused by leaking pipelines/manholes and reduction in pipeline failures that cause roadway depressions and cave ins.", "projtype": "Wastewater", "safety": "No", "mandate": "No", "repair": "No", "replace": "No", "expand": "No", "efficient": "No", "fiscalyr": "2028", "fundsource": "PIPES", "planstart": 1822363200000, "planend": 1843444800000, "estcost": 5000000, "funded": "Yes", "projphase": "P2: Design", "actstart": null, "actend": null, "actcost": 0, "status": "90% Design Completion", "docpath": null, "CreationDate": -2209161600000, "EditDate": -2209161600000, "NumVotes": null, "MultiYear": "No", "ShowPublic": "Yes", "EBO": null, "JobsCreated": null, "Neighborhood": "Woodland Terrace", "Council": "5", "EBOAttained": null, "ContractNumber": null, "ActivityStatus": null, "ProjectSiteURL": "<a href=\"https://apps.tampagov.net/Directory_Lister/FileHandler.ashx?file=GIS%2fTBD.pdf\">TBD</a>", "ProjectNumerical": null, "RelatedProject": "No", "MapScale": 6000, "WMBESLBE": null, "DepPrjNum": null, "BudgetBook": "No", "BudgetYear": null, "CRA": null, "created_date": 1694782279000, "last_edited_date": 1775568653000, "FundComm": null}}, {"type": "Feature", "id": 90920, "geometry": {"type": "Point", "coordinates": [-82.36541991977295, 28.07397318809999]}, "properties": {"OBJECTID": 90920, "GlobalID": "{86634EE3-1BD1-44A9-803C-08AECBF1D481}", "projid": "1001810.21", "projname": "Parkedge Pumping Station Rehabilitation (Year 2)", "projdesc": "This project provides for the rehabilitation of Parkedge wastewater pumping station located at 8502 Parkedge Dr. Project will include replacement of pumps, piping, valves, and electrical improvements to ensure the continued reliability of the station.", "rationale": "The pumping station rehabilitation project will restore the station’s reliability by replacing the aging equipment and will include improvements to reduce vulnerability to extreme weather events.  The station is a critical wastewater asset and failure of the station would result in a wastewater overflow that would impact the environment and pose a public health threat to the surrounding neighborhoods.", "projtype": "Wastewater", "safety": "No", "mandate": "No", "repair": "No", "replace": "No", "expand": "No", "efficient": "No", "fiscalyr": "2025", "fundsource": "PIPES", "planstart": 1746072000000, "planend": 1785556800000, "estcost": 1150000, "funded": "Yes", "projphase": "P4: Construction", "actstart": null, "actend": null, "actcost": 0, "status": "Construction in Progress", "docpath": "https://www.tampa.gov/project/ww100181021", "CreationDate": -2209161600000, "EditDate": -2209161600000, "NumVotes": null, "MultiYear": "No", "ShowPublic": "Yes", "EBO": null, "JobsCreated": null, "Neighborhood": "New Tampa", "Council": "7", "EBOAttained": null, "ContractNumber": "20-C-00016", "ActivityStatus": null, "ProjectSiteURL": "<a href=\"https://apps.tampagov.net/Directory_Lister/FileHandler.ashx?file=GIS%2f1001810.21.pdf\">1001810.21</a>", "ProjectNumerical": null, "RelatedProject": "No", "MapScale": 6000, "WMBESLBE": null, "DepPrjNum": "WW1001810.21", "BudgetBook": "No", "BudgetYear": null, "CRA": null, "created_date": 1694790850000, "last_edited_date": 1774966821000, "FundComm": null}}, {"type": "Feature", "id": 90921, "geometry": {"type": "Point", "coordinates": [-82.35548887384009, 28.07782486029142]}, "properties": {"OBJECTID": 90921, "GlobalID": "{4C0CC581-8575-446B-821C-84CAEAE4142E}", "projid": "1001810.22", "projname": "Riveredge Pumping Station Rehabilitation (Year 2)", "projdesc": "This project provides for the rehabilitation of Riveredge wastewater pumping station located at 8801 Riveredge Dr. Project will include replacement of pumps, piping, valves, and electrical improvements to ensure the continued reliability of the station.  The new electrical and control equipment will be installed aboveground and will be designed to provide protection from flooding and wind damage associated with storm events. The project also includes the installation of a backup generator to maintain station operation in the event of a power loss.", "rationale": "The pumping station rehabilitation project will restore the station’s reliability by replacing the aging equipment and will include improvements to reduce vulnerability to extreme weather events.  The station is a critical wastewater asset and failure of the station would result in a wastewater overflow that would impact the environment and pose a public health threat to the surrounding neighborhoods.", "projtype": "Wastewater", "safety": "No", "mandate": "No", "repair": "No", "replace": "No", "expand": "No", "efficient": "No", "fiscalyr": "2025", "fundsource": "PIPES", "planstart": 1754020800000, "planend": 1772341200000, "estcost": 2140000, "funded": "Yes", "projphase": "P5: Closeout", "actstart": null, "actend": null, "actcost": 0, "status": "Closeout", "docpath": "https://www.tampa.gov/project/ww100181022", "CreationDate": -2209161600000, "EditDate": -2209161600000, "NumVotes": null, "MultiYear": "No", "ShowPublic": "Yes", "EBO": null, "JobsCreated": null, "Neighborhood": "New Tampa", "Council": "7", "EBOAttained": null, "ContractNumber": "20-C-00016", "ActivityStatus": null, "ProjectSiteURL": "<a href=\"https://apps.tampagov.net/Directory_Lister/FileHandler.ashx?file=GIS%2f1001810.22.pdf\">1001810.22</a>", "ProjectNumerical": null, "RelatedProject": "No", "MapScale": 6000, "WMBESLBE": null, "DepPrjNum": "WW1001810.22", "BudgetBook": "No", "BudgetYear": null, "CRA": null, "created_date": 1694791673000, "last_edited_date": 1776353933000, "FundComm": null}}, {"type": "Feature", "id": 91319, "geometry": {"type": "Point", "coordinates": [-82.47496388566996, 27.96358334200375]}, "properties": {"OBJECTID": 91319, "GlobalID": "{6D397F93-AB35-4858-8BD3-2ED97D81BCCB}", "projid": "1001810.23", "projname": "Oregon Pumping Station Rehabilitation (Year 2)", "projdesc": "This project provides for the construction of a new wastewater pumping station located at 2308 N Oregon. Project will include installation of wet well, pumps, piping, valves, and electrical equipment.", "rationale": "The new pumping station modifies the sewer collection system that serves the neighborhood by adding a new pump station and eliminating a direct connection to the adjacent trunk sewer. The modifications will eliminate overflows at the residences along Oregon Avenue during high-water event on the trunk sewer.", "projtype": "Wastewater", "safety": "No", "mandate": "No", "repair": "No", "replace": "No", "expand": "No", "efficient": "No", "fiscalyr": "2025", "fundsource": "PIPES", "planstart": 1738386000000, "planend": 1796101200000, "estcost": 1460000, "funded": "Yes", "projphase": "P4: Construction", "actstart": null, "actend": null, "actcost": 0, "status": "Construction in Progress", "docpath": "https://www.tampa.gov/project/ww100181023", "CreationDate": -2209161600000, "EditDate": -2209161600000, "NumVotes": null, "MultiYear": "No", "ShowPublic": "Yes", "EBO": null, "JobsCreated": null, "Neighborhood": "West River", "Council": "5", "EBOAttained": null, "ContractNumber": "20-C-00016", "ActivityStatus": null, "ProjectSiteURL": "<a href=\"https://apps.tampagov.net/Directory_Lister/FileHandler.ashx?file=GIS%2f1001810.23.pdf\">1001810.23</a>", "ProjectNumerical": null, "RelatedProject": "No", "MapScale": 6000, "WMBESLBE": null, "DepPrjNum": "WW1001810.23", "BudgetBook": "No", "BudgetYear": null, "CRA": "West Tampa", "created_date": 1694788477000, "last_edited_date": 1774966878000, "FundComm": null}}, {"type": "Feature", "id": 91320, "geometry": {"type": "Point", "coordinates": [-82.48969925912053, 28.007136666347016]}, "properties": {"OBJECTID": 91320, "GlobalID": "{60A33314-A4E6-4335-AFC7-1CA36067A290}", "projid": "1001810.24", "projname": "Ralston Beach Pumping Station Rehabilitation (Year 2)", "projdesc": "This project provides for the rehabilitation of Ralston Beach wastewater pumping station located at 6716 Ralston Beach Cir. Project will include replacement of pumps, piping, valves, and electrical improvements to ensure the continued reliability of the station.", "rationale": "The pumping station rehabilitation project will restore the station’s reliability by replacing the aging equipment and will include improvements to reduce vulnerability to extreme weather events.  The station is a critical wastewater asset and failure of the station would result in a wastewater overflow that would impact the environment and pose a public health threat to the surrounding neighborhoods.", "projtype": "Wastewater", "safety": "No", "mandate": "No", "repair": "No", "replace": "No", "expand": "No", "efficient": "No", "fiscalyr": "2025", "fundsource": "PIPES", "planstart": 1740805200000, "planend": 1782878400000, "estcost": 1130000, "funded": "Yes", "projphase": "P4: Construction", "actstart": null, "actend": null, "actcost": 0, "status": "Construction in Progress", "docpath": "https://www.tampa.gov/project/ww100181024", "CreationDate": -2209161600000, "EditDate": -2209161600000, "NumVotes": null, "MultiYear": "No", "ShowPublic": "Yes", "EBO": null, "JobsCreated": null, "Neighborhood": null, "Council": null, "EBOAttained": null, "ContractNumber": "20-C-00016", "ActivityStatus": null, "ProjectSiteURL": "<a href=\"https://apps.tampagov.net/Directory_Lister/FileHandler.ashx?file=GIS%2f1001810.24.pdf\">1001810.24</a>", "ProjectNumerical": null, "RelatedProject": "No", "MapScale": 6000, "WMBESLBE": null, "DepPrjNum": "WW1001810.24", "BudgetBook": "No", "BudgetYear": null, "CRA": null, "created_date": 1694791301000, "last_edited_date": 1774966933000, "FundComm": null}}, {"type": "Feature", "id": 92519, "geometry": {"type": "Point", "coordinates": [-82.43011027768361, 28.00336693470107]}, "properties": {"OBJECTID": 92519, "GlobalID": "{92C3CF19-A9AC-4B85-B418-E1F399E3436A}", "projid": "1002148", "projname": "Hanna Avenue Phase II (22nd St to 30th St)", "projdesc": "This project provides for design and construction of capacity and multimodal improvements along the E Hanna Ave corridor from N 22nd St to N 30th Sr., along the 24th St from Hanna Ave to Sligh Ave, and at the intersection of Sligh Ave and 30th St. The project includes the following proposed improvements:<ol><li>Hanna Avenue – 22nd Street to 30th Street:</li><ul><li>Roadway milling and resurfacing.</li><li> Westbound Left Turn Lane into the new City Center at 2515 Hanna Ave.</li><li>Intersection improvements at the intersection of Hanna Ave at N 22nd St and Hanna Ave at N 30th Street.</li></ul><li>24th Street – Hanna Avenue to Sligh Avenue.</li><ul><li> Sidewalk along the west side of 24th Street.</li><li>All Way Stop Signs at “T” intersection along 24th Street.</li></ul><li>Intersection at the Sligh Avenue and 30th Street.</li><ul><li>New Traffic Signal.<li>Northbound Left-Turn Lane.</ul></ol>", "rationale": "Complete Street", "projtype": "Transportation", "safety": "Yes", "mandate": "No", "repair": "No", "replace": "No", "expand": "No", "efficient": "No", "fiscalyr": "TBD", "fundsource": "Yet to be Determined", "planstart": null, "planend": null, "estcost": 3311065, "funded": "Yes", "projphase": "P2: Design", "actstart": null, "actend": null, "actcost": 0, "status": "90% Design Completion", "docpath": "https://www.tampa.gov/project/trans20140", "CreationDate": -2209161600000, "EditDate": -2209161600000, "NumVotes": null, "MultiYear": "Yes", "ShowPublic": "Yes", "EBO": null, "JobsCreated": null, "Neighborhood": "Seminole Heights East", "Council": "5", "EBOAttained": null, "ContractNumber": null, "ActivityStatus": null, "ProjectSiteURL": "<a href=\"https://apps.tampagov.net/Directory_Lister/FileHandler.ashx?file=GIS%2f1002148.pdf\">1002148</a>", "ProjectNumerical": null, "RelatedProject": "No", "MapScale": 6000, "WMBESLBE": null, "DepPrjNum": "TRANS20140", "BudgetBook": "No", "BudgetYear": null, "CRA": null, "created_date": 1706726811000, "last_edited_date": 1787254269000, "FundComm": null}}, {"type": "Feature", "id": 93719, "geometry": {"type": "Point", "coordinates": [-82.50014027457202, 28.001879000423735]}, "properties": {"OBJECTID": 93719, "GlobalID": "{F5E79FE4-8DA6-4FBD-B578-34C869A17180}", "projid": "1002566", "projname": "Gunlock PS Generator Addition", "projdesc": "This project provides for the installation of a standby generator & electrical upgrades at the Gunlock pumping station.", "rationale": "The standby generator will provide a standby power generator system to ensure continuous use of the pumping station during a loss of power.", "projtype": "Wastewater", "safety": "No", "mandate": "No", "repair": "No", "replace": "No", "expand": "No", "efficient": "No", "fiscalyr": "2024", "fundsource": "PIPES", "planstart": 1709269200000, "planend": 1782878400000, "estcost": 650500, "funded": "Yes", "projphase": "P4: Construction", "actstart": null, "actend": null, "actcost": 0, "status": "Construction in Progress", "docpath": "https://www.tampa.gov/project/ww1002566", "CreationDate": -2209161600000, "EditDate": -2209161600000, "NumVotes": null, "MultiYear": "Yes", "ShowPublic": "Yes", "EBO": 13, "JobsCreated": 98, "Neighborhood": null, "Council": null, "EBOAttained": 2, "ContractNumber": "23-C-00022", "ActivityStatus": null, "ProjectSiteURL": "<a href=\"https://apps.tampagov.net/Directory_Lister/FileHandler.ashx?file=GIS%2f1002566.pdf\">1002566</a>", "ProjectNumerical": null, "RelatedProject": "No", "MapScale": 6000, "WMBESLBE": 2, "DepPrjNum": "WW1002566", "BudgetBook": "No", "BudgetYear": null, "CRA": null, "created_date": 1707850922000, "last_edited_date": 1774967022000, "FundComm": null}}, {"type": "Feature", "id": 94919, "geometry": {"type": "Point", "coordinates": [-82.52303875710197, 27.897747342538818]}, "properties": {"OBJECTID": 94919, "GlobalID": "{D3FFD8E5-A2E3-4C7E-B691-F0679444F401}", "projid": "WTR-24-0011", "projname": "Coachman Ave", "projdesc": "Approximately 16,970 linear feet of water mains ranging from 2 to 8 inches in diameter will be replaced and upgraded.", "rationale": "The Coachman Ave project will improve the City of Tampa’s water distribution system by replacing the existing water mains. This project will replace the aging water mains in this area with new and larger diameter water mains, improving water pressure, water quality, and increasing the capacity of the system while reducing the number of service interruptions that might have been caused by main breaks or leakage.", "projtype": "Water", "safety": "No", "mandate": "No", "repair": "No", "replace": "Yes", "expand": "Yes", "efficient": "Yes", "fiscalyr": "2030", "fundsource": "PIPES", "planstart": null, "planend": null, "estcost": 6753985.65, "funded": "Yes", "projphase": "P2: Design", "actstart": null, "actend": null, "actcost": 0, "status": "30% Design Completion", "docpath": null, "CreationDate": -2209161600000, "EditDate": -2209161600000, "NumVotes": null, "MultiYear": "No", "ShowPublic": "Yes", "EBO": null, "JobsCreated": null, "Neighborhood": "Bayside West", "Council": "4", "EBOAttained": null, "ContractNumber": null, "ActivityStatus": null, "ProjectSiteURL": "<a href=\"https://apps.tampagov.net/Directory_Lister/FileHandler.ashx?file=GIS%2fWTR-24-0011.pdf\">WTR-24-0011</a>", "ProjectNumerical": null, "RelatedProject": "No", "MapScale": 6000, "WMBESLBE": null, "DepPrjNum": "WTR-24-0011", "BudgetBook": "No", "BudgetYear": null, "CRA": null, "created_date": 1709303815000, "last_edited_date": 1778157575000, "FundComm": null}}, {"type": "Feature", "id": 94920, "geometry": {"type": "Point", "coordinates": [-82.45948982426287, 27.970927103117514]}, "properties": {"OBJECTID": 94920, "GlobalID": "{5440F19B-1F18-4571-A22D-7B3B3D970FF2}", "projid": "WUR-24-0009", "projname": "The Heights WM Improvement Project Along Florida Ave from Palm Ave to Dr MLK JR Blvd (Phase II)", "projdesc": "Approximately 7,019 linear feet of water mains ranging from 8 to 12 inches in diameter will be replaced.", "rationale": "The Heights WM Improvent Projet (Phase II) will improve the City of Tampa’s water distribution system by replacing the existing water mains. This project will replace the aging water mains in this area with new water mains, improving water pressure and water quality while reducing the number of service interruptions that might have been caused by main breaks or leakage.", "projtype": "Water", "safety": "No", "mandate": "No", "repair": "No", "replace": "Yes", "expand": "No", "efficient": "Yes", "fiscalyr": "2027", "fundsource": "PIPES", "planstart": 1790859594000, "planend": 1815742797000, "estcost": 4534147.75, "funded": "Yes", "projphase": "P3: Procurement", "actstart": null, "actend": null, "actcost": 0, "status": "Project Startup", "docpath": null, "CreationDate": -2209161600000, "EditDate": -2209161600000, "NumVotes": null, "MultiYear": "No", "ShowPublic": "Yes", "EBO": null, "JobsCreated": null, "Neighborhood": "Tampa Heights", "Council": "5", "EBOAttained": null, "ContractNumber": "22-C-30002", "ActivityStatus": null, "ProjectSiteURL": "<a href=\"https://apps.tampagov.net/Directory_Lister/FileHandler.ashx?file=GIS%2fWUR-24-0009.pdf\">WUR-24-0009</a>", "ProjectNumerical": null, "RelatedProject": "No", "MapScale": 6000, "WMBESLBE": null, "DepPrjNum": "WUR-24-0009", "BudgetBook": "No", "BudgetYear": null, "CRA": null, "created_date": 1709307852000, "last_edited_date": 1778159675000, "FundComm": null}}, {"type": "Feature", "id": 95320, "geometry": {"type": "Point", "coordinates": [-82.45574392049804, 27.910202749905835]}, "properties": {"OBJECTID": 95320, "GlobalID": "{61F2FED5-BDE2-4DFB-9850-769007838AB9}", "projid": "WTR-24-0010", "projname": "Peter O Knight Project", "projdesc": "Approximately 3,218 linear feet of water mains ranging from 12 to 16 inches in diameter will be replaced.", "rationale": "The Peter O Knight Project will improve the City of Tampa’s water distribution system by replacing the existing water mains and re-routing the mains, so they do not impact the runway. This project will replace the water mains in this area with new water mains, improving water pressure and water quality while reducing the number of service interruptions that might have been caused by main breaks or leakage. It will also improve our ability to serve a growing population.", "projtype": "Water", "safety": "No", "mandate": "No", "repair": "No", "replace": "Yes", "expand": "No", "efficient": "Yes", "fiscalyr": "2027", "fundsource": "PIPES", "planstart": null, "planend": null, "estcost": 960089, "funded": "Yes", "projphase": "P3: Procurement", "actstart": null, "actend": null, "actcost": 0, "status": "Consultant/Contractor Selection Process", "docpath": null, "CreationDate": -2209161600000, "EditDate": -2209161600000, "NumVotes": null, "MultiYear": "Yes", "ShowPublic": "Yes", "EBO": null, "JobsCreated": null, "Neighborhood": "Davis Islands", "Council": "4", "EBOAttained": null, "ContractNumber": null, "ActivityStatus": null, "ProjectSiteURL": "<a href=\"https://apps.tampagov.net/Directory_Lister/FileHandler.ashx?file=GIS%2fWTR-24-0010.pdf\">WTR-24-0010</a>", "ProjectNumerical": null, "RelatedProject": "No", "MapScale": 6000, "WMBESLBE": null, "DepPrjNum": "WTR-24-0010", "BudgetBook": "No", "BudgetYear": null, "CRA": null, "created_date": 1709307561000, "last_edited_date": 1778159302000, "FundComm": null}}, {"type": "Feature", "id": 96119, "geometry": {"type": "Point", "coordinates": [-82.51354958749118, 27.86800862271864]}, "properties": {"OBJECTID": 96119, "GlobalID": "{C2D49793-870D-4681-A367-53031429F679}", "projid": "1002630", "projname": "MacDill Air Force Base Access Improvements  (Interbay Blvd between West Shore Blvd and S. Bayshore Blvd)", "projdesc": "This project improves 2.93 miles of roadway to improve Air Force Base access. Interbay Boulevard will be converted from an existing 2-lane undivided road to a 3-lane divided road, west of Dale Mabry Hwy (SR 573), and pavement will be resurfaced and restriped. The project will construct intermittent widening of the roadway to accommodate a center two-way left-turn lane (or intermittent left-turn pockets) along the corridor from West Shore Blvd to Dale Mabry Hwy (SR 573). This project is supported by MacDill Air Force Base, the Department of the Air Force, and neighborhoods surrounding the corridor.", "rationale": "Complete Streets & Safety Improvements", "projtype": "Transportation", "safety": "Yes", "mandate": "No", "repair": "No", "replace": "No", "expand": "No", "efficient": "No", "fiscalyr": "2027", "fundsource": "Multiple Funding", "planstart": null, "planend": null, "estcost": 2862074, "funded": "No", "projphase": "P2: Design", "actstart": null, "actend": null, "actcost": 0, "status": "30% Design Completion", "docpath": "https://www.tampa.gov/project/trans20176", "CreationDate": -2209161600000, "EditDate": -2209161600000, "NumVotes": null, "MultiYear": "Yes", "ShowPublic": "Yes", "EBO": null, "JobsCreated": null, "Neighborhood": "Gandy / Sun Bay South", "Council": "4", "EBOAttained": null, "ContractNumber": "24-D-00018", "ActivityStatus": null, "ProjectSiteURL": "<a href=\"https://apps.tampagov.net/Directory_Lister/FileHandler.ashx?file=GIS%2f1002630.pdf\">1002630</a>", "ProjectNumerical": null, "RelatedProject": "No", "MapScale": 6000, "WMBESLBE": null, "DepPrjNum": "TRANS20176", "BudgetBook": "No", "BudgetYear": null, "CRA": null, "created_date": 1710871710000, "last_edited_date": 1754915581000, "FundComm": null}}, {"type": "Feature", "id": 96919, "geometry": {"type": "Point", "coordinates": [-82.37799133519549, 28.114298867037377]}, "properties": {"OBJECTID": 96919, "GlobalID": "{72E8453E-22FF-4D82-9F63-90D61A32557E}", "projid": "102575", "projname": "Commerce Palms Dr and Compton Dr", "projdesc": "This project is for the design and construction of a new traffic signal at the intersection of Commerce Palms Dr and Compton Dr. The project will also include new crosswalks, pedestrian signals, ADA-compliant ramps, and detectable warning mats. Due to the land development in the area, the City of Tampa was provided with $425,000 to enhance safety and accessibility.", "rationale": "New Traffic Signal", "projtype": "Transportation", "safety": "Yes", "mandate": "No", "repair": "No", "replace": "No", "expand": "Yes", "efficient": "No", "fiscalyr": "2026", "fundsource": "Other Agencies", "planstart": 1759406064000, "planend": 1775823867000, "estcost": 425000, "funded": "Yes", "projphase": "P5: Closeout", "actstart": null, "actend": null, "actcost": 0, "status": "Closeout", "docpath": "https://www.tampa.gov/project/trans10032", "CreationDate": -2209161600000, "EditDate": -2209161600000, "NumVotes": null, "MultiYear": "No", "ShowPublic": "Yes", "EBO": null, "JobsCreated": null, "Neighborhood": "TPOST 3", "Council": "7", "EBOAttained": null, "ContractNumber": null, "ActivityStatus": null, "ProjectSiteURL": "<a href=\"https://apps.tampagov.net/Directory_Lister/FileHandler.ashx?file=GIS%2f102575.pdf\">102575</a>", "ProjectNumerical": null, "RelatedProject": "No", "MapScale": 6000, "WMBESLBE": null, "DepPrjNum": "TRANS10032", "BudgetBook": "No", "BudgetYear": null, "CRA": null, "created_date": 1711993604000, "last_edited_date": 1779805576000, "FundComm": null}}, {"type": "Feature", "id": 97319, "geometry": {"type": "Point", "coordinates": [-82.5008842522931, 28.00096772631989]}, "properties": {"OBJECTID": 97319, "GlobalID": "{F502835E-70AA-433B-A0B5-CC7A5583370C}", "projid": "1002588.1", "projname": "Himes and Idlewild FM Replacement", "projdesc": "This project provides for the replacement of the force main that serves the Private Pump Station north of Hillsborough on Himes Ave. Proposed 950 feet of 8” force main on Himes Ave north of Hillsborough Ave to Idlewild Ave.", "rationale": "The force main replacement project will replace aging, deteriorated pipelines that have reached the end of their useful life and are susceptible to failure that can cause wastewater overflows that impact public health, safety, and the environment.  The new force main will provide additional capacity for future development and lower energy costs of public and private pumping stations.", "projtype": "Wastewater", "safety": "No", "mandate": "No", "repair": "No", "replace": "No", "expand": "No", "efficient": "No", "fiscalyr": "2028", "fundsource": "PIPES", "planstart": 1830315600000, "planend": 1846036800000, "estcost": 101000, "funded": "Yes", "projphase": "P2: Design", "actstart": null, "actend": null, "actcost": 0, "status": "90% Design Completion", "docpath": null, "CreationDate": -2209161600000, "EditDate": -2209161600000, "NumVotes": null, "MultiYear": "Yes", "ShowPublic": "Yes", "EBO": 14, "JobsCreated": 26, "Neighborhood": null, "Council": null, "EBOAttained": 100, "ContractNumber": "23-C-00018", "ActivityStatus": null, "ProjectSiteURL": "<a href=\"https://apps.tampagov.net/Directory_Lister/FileHandler.ashx?file=GIS%2f1002588.1.pdf\">1002588.1</a>", "ProjectNumerical": null, "RelatedProject": "No", "MapScale": 6000, "WMBESLBE": 74, "DepPrjNum": "WW1002588.1", "BudgetBook": "No", "BudgetYear": null, "CRA": null, "created_date": 1712079727000, "last_edited_date": 1775568609000, "FundComm": null}}, {"type": "Feature", "id": 97320, "geometry": {"type": "Point", "coordinates": [-82.42646609614425, 28.010641348126764]}, "properties": {"OBJECTID": 97320, "GlobalID": "{0AE8784B-72A9-4566-8A7A-0E4D85520DF2}", "projid": "1002449", "projname": "Sligh Ave & 30th St (Signal)", "projdesc": "This project is for the construction of a new traffic signal installation at the intersection of E Sligh Ave & N 30th St the project will include new vehicular traffic signal heads along with new pedestrian signal heads.", "rationale": "New Traffic Signal", "projtype": "Transportation", "safety": "Yes", "mandate": "No", "repair": "No", "replace": "No", "expand": "No", "efficient": "No", "fiscalyr": "2025", "fundsource": "Local Option Gas Tax", "planstart": 1730347200000, "planend": 1761796800000, "estcost": 300000, "funded": "Yes", "projphase": "P5: Closeout", "actstart": null, "actend": null, "actcost": 0, "status": "Closeout", "docpath": "https://www.tampa.gov/project/trans10027", "CreationDate": -2209161600000, "EditDate": -2209161600000, "NumVotes": null, "MultiYear": "No", "ShowPublic": "Yes", "EBO": null, "JobsCreated": null, "Neighborhood": "Old Seminole Heights", "Council": "5", "EBOAttained": null, "ContractNumber": null, "ActivityStatus": null, "ProjectSiteURL": "<a href=\"https://apps.tampagov.net/Directory_Lister/FileHandler.ashx?file=GIS%2f1002449.pdf\">1002449</a>", "ProjectNumerical": null, "RelatedProject": "No", "MapScale": 6000, "WMBESLBE": null, "DepPrjNum": "TRANS10027", "BudgetBook": "No", "BudgetYear": null, "CRA": null, "created_date": 1712087433000, "last_edited_date": 1765393043000, "FundComm": null}}, {"type": "Feature", "id": 97721, "geometry": {"type": "Point", "coordinates": [-82.44422051715094, 27.970568275839447]}, "properties": {"OBJECTID": 97721, "GlobalID": "{5D6B5874-1E11-4E1E-B296-83BA965C7908}", "projid": "N/A", "projname": "14th St (Av Republica De Cuba) & 21st Ave", "projdesc": "This project is located at the intersection of N 14th St (ARDC) & E 21st Ave is to upgrade the existing concrete strain pole and span wire system using the galvanized steel pole and mast arm relocated from N Boulevard & W Ross Ave. The project will include new vehicular traffic signal heads along with new pedestrian signal heads and ADA compliant pedestrian ramps.", "rationale": "Traffic Signal Upgrade", "projtype": "Transportation", "safety": "Yes", "mandate": "No", "repair": "No", "replace": "No", "expand": "No", "efficient": "No", "fiscalyr": "2025", "fundsource": "Local Option Gas Tax", "planstart": 1723262400000, "planend": 1749182400000, "estcost": 353000, "funded": "Yes", "projphase": "P5: Closeout", "actstart": null, "actend": null, "actcost": 0, "status": "Closeout", "docpath": "https://www.tampa.gov/project/trans10035", "CreationDate": -2209161600000, "EditDate": -2209161600000, "NumVotes": null, "MultiYear": "No", "ShowPublic": "Yes", "EBO": null, "JobsCreated": null, "Neighborhood": "VM Ybor", "Council": "5", "EBOAttained": null, "ContractNumber": null, "ActivityStatus": null, "ProjectSiteURL": "<a href=\"https://apps.tampagov.net/Directory_Lister/FileHandler.ashx?file=GIS%2fN/A.pdf\">N/A</a>", "ProjectNumerical": null, "RelatedProject": "No", "MapScale": 6000, "WMBESLBE": null, "DepPrjNum": "TRANS10035", "BudgetBook": "No", "BudgetYear": null, "CRA": "East Tampa", "created_date": 1712087039000, "last_edited_date": 1750777517000, "FundComm": null}}, {"type": "Feature", "id": 98919, "geometry": {"type": "Point", "coordinates": [-82.48421825479963, 27.88646588492512]}, "properties": {"OBJECTID": 98919, "GlobalID": "{1E6A37E9-9295-4A4F-8679-381A1960E402}", "projid": "1002588.2", "projname": "Interbay PS FM Replacement", "projdesc": "This project provides for the replacement of the force main that serves the Interbay Pump Station at Tyson and Interbay. Proposed 1,100 feet of 8” force main on Tyson Ave to Crescent and Country Club Ave.", "rationale": "The force main replacement project will replace aging, deteriorated pipelines that have reached the end of their useful life and are susceptible to failure that can cause wastewater overflows that impact public health, safety, and the environment.  The new force main will provide additional capacity for future development and lower energy costs of public and private pumping stations.", "projtype": "Wastewater", "safety": "No", "mandate": "No", "repair": "No", "replace": "No", "expand": "No", "efficient": "No", "fiscalyr": "2026", "fundsource": "PIPES", "planstart": 1782878400000, "planend": 1793505600000, "estcost": 156000, "funded": "Yes", "projphase": "P2: Design", "actstart": null, "actend": null, "actcost": 0, "status": "90% Design Completion", "docpath": "https://www.tampa.gov/project/ww10025882", "CreationDate": -2209161600000, "EditDate": -2209161600000, "NumVotes": null, "MultiYear": "No", "ShowPublic": "Yes", "EBO": null, "JobsCreated": null, "Neighborhood": "Ballast Point", "Council": "4", "EBOAttained": null, "ContractNumber": "23-C-00018", "ActivityStatus": null, "ProjectSiteURL": "<a href=\"https://apps.tampagov.net/Directory_Lister/FileHandler.ashx?file=GIS%2f1002588.2.pdf\">1002588.2</a>", "ProjectNumerical": null, "RelatedProject": "No", "MapScale": 6000, "WMBESLBE": null, "DepPrjNum": "WW1002588.2", "BudgetBook": "No", "BudgetYear": null, "CRA": null, "created_date": 1716994297000, "last_edited_date": 1774967899000, "FundComm": null}}, {"type": "Feature", "id": 99719, "geometry": {"type": "Point", "coordinates": [-82.51786548472742, 27.91706395694177]}, "properties": {"OBJECTID": 99719, "GlobalID": "{F7F9AE68-EEA3-4721-A319-3F3CC4F3AA1E}", "projid": " ", "projname": "Manhattan : Obispo to Bay to Bay Flooding Relief-Phase 2", "projdesc": "This project consists of design and construction of a new drainage conveyance system as well as the replacement and upsizing of the existing drainage conveyance system in a residential neighborhood in the City of Tampa. During normal rain events the area experiences street flooding due to an old and undersized drainage system. This project is located along Manhattan Avenue tying into the Emerson Ditch at 3111 Manhattan and runs north to Bay to Bay. This project will also consist of new watermain upgrades along the corridor.", "rationale": "Flooding Relief", "projtype": "Stormwater Engineering", "safety": "No", "mandate": "No", "repair": "No", "replace": "No", "expand": "No", "efficient": "No", "fiscalyr": "On Hold", "fundsource": "Stormwater Improvement Fee", "planstart": null, "planend": null, "estcost": 3000000, "funded": "No", "projphase": "P1: Planning", "actstart": null, "actend": null, "actcost": 0, "status": "Planning", "docpath": null, "CreationDate": -2209161600000, "EditDate": -2209161600000, "NumVotes": null, "MultiYear": "No", "ShowPublic": "Yes", "EBO": null, "JobsCreated": null, "Neighborhood": "Virginia Park", "Council": "4", "EBOAttained": null, "ContractNumber": null, "ActivityStatus": null, "ProjectSiteURL": "<a href=\"https://apps.tampagov.net/Directory_Lister/FileHandler.ashx?file=GIS%2f .pdf\"> </a>", "ProjectNumerical": null, "RelatedProject": "No", "MapScale": 6000, "WMBESLBE": null, "DepPrjNum": "SW60012", "BudgetBook": "No", "BudgetYear": null, "CRA": null, "created_date": 1720719655000, "last_edited_date": 1773924083000, "FundComm": null}}, {"type": "Feature", "id": 100920, "geometry": {"type": "Point", "coordinates": [-82.36893243792461, 27.975965109674906]}, "properties": {"OBJECTID": 100920, "GlobalID": "{F69CB0A3-8C50-4F2A-94CC-40E7EB4ECE2C}", "projid": "1002588.2", "projname": "Sugarcreek PS FM Replacement", "projdesc": "This project provides for the replacement of the force main that serves the Sugarcreek Pump Station at Beechwood Blvd and Danny Bryan Blvd. Proposed 3,400 feet of 8” and 12” force main on Danny Bryan Blvd from Beechwood Blvd to Orient Rd.", "rationale": "The force main replacement project will replace aging, deteriorated pipelines that have reached the end of their useful life and are susceptible to failure that can cause wastewater overflows that impact public health, safety, and the environment.  The new force main will provide additional capacity for future development and lower energy costs of public and private pumping stations.", "projtype": "Wastewater", "safety": "No", "mandate": "No", "repair": "No", "replace": "No", "expand": "No", "efficient": "No", "fiscalyr": "2027", "fundsource": "PIPES", "planstart": 1798779600000, "planend": 1806552000000, "estcost": 500000, "funded": "Yes", "projphase": "P2: Design", "actstart": null, "actend": null, "actcost": 0, "status": "60% Design Completion", "docpath": null, "CreationDate": -2209161600000, "EditDate": -2209161600000, "NumVotes": null, "MultiYear": "No", "ShowPublic": "Yes", "EBO": null, "JobsCreated": null, "Neighborhood": null, "Council": null, "EBOAttained": null, "ContractNumber": "23-C-00018", "ActivityStatus": null, "ProjectSiteURL": "<a href=\"https://apps.tampagov.net/Directory_Lister/FileHandler.ashx?file=GIS%2f1002588.2.pdf\">1002588.2</a>", "ProjectNumerical": null, "RelatedProject": "No", "MapScale": 6000, "WMBESLBE": null, "DepPrjNum": "WW1002588.2A", "BudgetBook": "No", "BudgetYear": null, "CRA": null, "created_date": 1721239373000, "last_edited_date": 1775568615000, "FundComm": null}}, {"type": "Feature", "id": 102519, "geometry": {"type": "Point", "coordinates": [-82.43617074242611, 28.03926952925855]}, "properties": {"OBJECTID": 102519, "GlobalID": "{DA3E2969-BC48-4183-AAA6-F933CBADD6DB}", "projid": "SW60013", "projname": "NTCB 99th Ave -West Pond Expansion", "projdesc": "The project is part of the overall North Tampa Closed Basin Stormwater Improvements.  The proposed project will expand the existing pond on the recently acquired properties adjacent to the existing pond to provide additional storage capacity for the area.  The project includes property acquisition, pond construction, and pipe installation.", "rationale": "Flooding Relief & Water Quality", "projtype": "Stormwater Engineering", "safety": "No", "mandate": "No", "repair": "No", "replace": "No", "expand": "No", "efficient": "No", "fiscalyr": "2027", "fundsource": "Stormwater Improvement Fee", "planstart": 1801458000000, "planend": 1848628800000, "estcost": 50000, "funded": "No", "projphase": "P2: Design", "actstart": null, "actend": null, "actcost": 0, "status": "30% Design Completion", "docpath": null, "CreationDate": -2209161600000, "EditDate": -2209161600000, "NumVotes": null, "MultiYear": "No", "ShowPublic": "Yes", "EBO": null, "JobsCreated": null, "Neighborhood": "Tampa Overlook", "Council": "7", "EBOAttained": null, "ContractNumber": "1001176", "ActivityStatus": null, "ProjectSiteURL": "<a href=\"https://apps.tampagov.net/Directory_Lister/FileHandler.ashx?file=GIS%2fSW60013.pdf\">SW60013</a>", "ProjectNumerical": null, "RelatedProject": "No", "MapScale": 6000, "WMBESLBE": null, "DepPrjNum": "SW60013", "BudgetBook": "No", "BudgetYear": null, "CRA": null, "created_date": 1723127874000, "last_edited_date": 1773929049000, "FundComm": null}}, {"type": "Feature", "id": 103322, "geometry": {"type": "Point", "coordinates": [-82.42618850661341, 28.049073903669203]}, "properties": {"OBJECTID": 103322, "GlobalID": "{3F770230-1F0A-4DC2-A2B9-E751579A7C71}", "projid": "1002350", "projname": "30th St (E Bougainvillea Ave to E Fowler Ave) Segment 2 (Resurfacing)", "projdesc": "This project aims to improve transportation connections and safety measures along the 30th St corridor, spanning approximately 0.7 miles from Bougainvillea Ave. to Fowler Ave. This project has been recommended through the MPO and City's Walk/ Bike Plan, Phases I and II, and through the City’s Pavement Condition Index Assessment.  The City is considering various enhancements including improved pedestrian crossing at the railroad, dedicated bicycle lanes, and road resurfacing. ", "rationale": "Complete Streets & Safety Improvements", "projtype": "Transportation", "safety": "Yes", "mandate": "No", "repair": "No", "replace": "No", "expand": "No", "efficient": "No", "fiscalyr": "2027", "fundsource": "Utilities Service Taxes", "planstart": 1788273191000, "planend": 1803828798000, "estcost": 3500000, "funded": "No", "projphase": "P2: Design", "actstart": null, "actend": null, "actcost": 0, "status": "60% Design Completion", "docpath": "https://www.tampa.gov/project/trans201772", "CreationDate": -2209161600000, "EditDate": -2209161600000, "NumVotes": null, "MultiYear": "No", "ShowPublic": "Yes", "EBO": null, "JobsCreated": null, "Neighborhood": "University Square", "Council": "7", "EBOAttained": null, "ContractNumber": "26-C-00006", "ActivityStatus": null, "ProjectSiteURL": "<a href=\"https://apps.tampagov.net/Directory_Lister/FileHandler.ashx?file=GIS%2f1002350.pdf\">1002350</a>", "ProjectNumerical": null, "RelatedProject": "No", "MapScale": 6000, "WMBESLBE": null, "DepPrjNum": "TRANS20177.2", "BudgetBook": "No", "BudgetYear": null, "CRA": null, "created_date": 1723481496000, "last_edited_date": 1775482510000, "FundComm": null}}, {"type": "Feature", "id": 104519, "geometry": {"type": "Point", "coordinates": [-82.51644090134072, 27.97683242461773]}, "properties": {"OBJECTID": 104519, "GlobalID": "{C0AE8B53-E859-4D65-9781-0FAA99357324}", "projid": "1002160", "projname": "CRA-DP Neighborhood Park at Hubert Ave", "projdesc": "Design a new active park on Hubert Avenue - CRA Drew Park District", "rationale": "Community safety thru streetscape beautification, public park and recreation area.", "projtype": "Parks & Recreation", "safety": "No", "mandate": "No", "repair": "No", "replace": "No", "expand": "No", "efficient": "No", "fiscalyr": "2026", "fundsource": "Community Redevelopment Agency", "planstart": 1759330923000, "planend": 1796659336000, "estcost": 2000000, "funded": "Yes", "projphase": "P2: Design", "actstart": null, "actend": null, "actcost": 0, "status": "90% Design Completion", "docpath": "https://www.tampa.gov/document/hubert-avenue-neighborhood-park-project-factsheet-153711", "CreationDate": -2209161600000, "EditDate": -2209161600000, "NumVotes": null, "MultiYear": "Yes", "ShowPublic": "Yes", "EBO": null, "JobsCreated": null, "Neighborhood": "Drew Park", "Council": "6", "EBOAttained": null, "ContractNumber": null, "ActivityStatus": null, "ProjectSiteURL": "<a href=\"https://apps.tampagov.net/Directory_Lister/FileHandler.ashx?file=GIS%2f1002160.pdf\">1002160</a>", "ProjectNumerical": null, "RelatedProject": "No", "MapScale": 6000, "WMBESLBE": null, "DepPrjNum": null, "BudgetBook": "No", "BudgetYear": null, "CRA": "Drew Park", "created_date": 1724181120000, "last_edited_date": 1767024256000, "FundComm": null}}, {"type": "Feature", "id": 105319, "geometry": {"type": "Point", "coordinates": [-82.51349803243879, 27.993669573743162]}, "properties": {"OBJECTID": 105319, "GlobalID": "{D9F78AE9-9874-427A-8DB1-797A65FAEA76}", "projid": "1002164", "projname": "CRA-DP Landscape, Streetscape, and Safety Audit Improvement", "projdesc": "Research and data was collected for tree inventory along Lois Avenue and Grady Avenue. Modifications are being made to the landscape  and new construction areas for irrigation, pavers, and concrete.", "rationale": "Improve local quality of life and appearance of major corridors for economic growth opportunity.", "projtype": "Parks & Recreation", "safety": "No", "mandate": "No", "repair": "No", "replace": "No", "expand": "No", "efficient": "No", "fiscalyr": "2026", "fundsource": "Community Redevelopment Agency", "planstart": 1740373200000, "planend": 1780027200000, "estcost": 800000, "funded": "No", "projphase": "P3: Procurement", "actstart": null, "actend": null, "actcost": 0, "status": "90% Design Completion", "docpath": null, "CreationDate": -2209161600000, "EditDate": -2209161600000, "NumVotes": null, "MultiYear": "No", "ShowPublic": "Yes", "EBO": null, "JobsCreated": null, "Neighborhood": "Drew Park", "Council": "6", "EBOAttained": null, "ContractNumber": null, "ActivityStatus": null, "ProjectSiteURL": "<a href=\"https://apps.tampagov.net/Directory_Lister/FileHandler.ashx?file=GIS%2f1002164.pdf\">1002164</a>", "ProjectNumerical": null, "RelatedProject": "No", "MapScale": 6000, "WMBESLBE": null, "DepPrjNum": null, "BudgetBook": "No", "BudgetYear": null, "CRA": "Drew Park", "created_date": 1724263477000, "last_edited_date": 1767024798000, "FundComm": null}}, {"type": "Feature", "id": 106119, "geometry": {"type": "Point", "coordinates": [-82.51366547371339, 27.974286959934226]}, "properties": {"OBJECTID": 106119, "GlobalID": "{1E497B1A-B0A0-4A09-B02E-6599B4114C00}", "projid": "1002163", "projname": "CRA-DP Mobility-Connectivity-Safety-Improvement", "projdesc": "Infrastructure project to improve mobility, connectivity and safety within the DP district.", "rationale": "Improve quality of life and appearance of corridors. Make streets safer for pedestrians.", "projtype": "Transportation", "safety": "No", "mandate": "No", "repair": "No", "replace": "No", "expand": "No", "efficient": "No", "fiscalyr": "2025", "fundsource": "Community Redevelopment Agency", "planstart": 1748145600000, "planend": 1816574400000, "estcost": 592000, "funded": "No", "projphase": "P2: Design", "actstart": null, "actend": null, "actcost": 0, "status": "90% Design Completion", "docpath": null, "CreationDate": -2209161600000, "EditDate": -2209161600000, "NumVotes": null, "MultiYear": "No", "ShowPublic": "Yes", "EBO": null, "JobsCreated": null, "Neighborhood": "Drew Park", "Council": "6", "EBOAttained": null, "ContractNumber": null, "ActivityStatus": null, "ProjectSiteURL": "<a href=\"https://apps.tampagov.net/Directory_Lister/FileHandler.ashx?file=GIS%2f1002163.pdf\">1002163</a>", "ProjectNumerical": null, "RelatedProject": "No", "MapScale": 6000, "WMBESLBE": null, "DepPrjNum": null, "BudgetBook": "No", "BudgetYear": null, "CRA": "Drew Park", "created_date": 1724267018000, "last_edited_date": 1781028863000, "FundComm": null}}, {"type": "Feature", "id": 106519, "geometry": {"type": "Point", "coordinates": [-82.43273351802459, 27.980543667090373]}, "properties": {"OBJECTID": 106519, "GlobalID": "{21566402-2A30-4CCE-A02B-0A042A414EC8}", "projid": "534007", "projname": "CRA- ET Memorial Park Cemetery Fencing", "projdesc": "Installation and replacement of fence and gates around 104-year-old cemetery.", "rationale": "Provide safety and security to the historic cemetery.", "projtype": "Parks & Recreation", "safety": "No", "mandate": "No", "repair": "No", "replace": "No", "expand": "No", "efficient": "No", "fiscalyr": "2024", "fundsource": "Community Redevelopment Agency", "planstart": 1718164800000, "planend": 1735275600000, "estcost": 500000, "funded": "No", "projphase": "P5: Closeout", "actstart": null, "actend": null, "actcost": 0, "status": "Closeout", "docpath": null, "CreationDate": -2209161600000, "EditDate": -2209161600000, "NumVotes": null, "MultiYear": "No", "ShowPublic": "Yes", "EBO": null, "JobsCreated": null, "Neighborhood": "College Hill-Belmont Heights", "Council": "5", "EBOAttained": null, "ContractNumber": null, "ActivityStatus": null, "ProjectSiteURL": "<a href=\"https://apps.tampagov.net/Directory_Lister/FileHandler.ashx?file=GIS%2f534007.pdf\">534007</a>", "ProjectNumerical": null, "RelatedProject": "No", "MapScale": 6000, "WMBESLBE": null, "DepPrjNum": null, "BudgetBook": "No", "BudgetYear": null, "CRA": "East Tampa", "created_date": 1725030081000, "last_edited_date": 1781028767000, "FundComm": null}}, {"type": "Feature", "id": 106520, "geometry": {"type": "Point", "coordinates": [-82.43507832994456, 27.986714452920157]}, "properties": {"OBJECTID": 106520, "GlobalID": "{FF75DBD1-A711-4047-B067-BDB7FD531873}", "projid": "0000000", "projname": "CRA-ET Stormwater Pond at N 22nd Street between Chelsea Street and Osborne Avenue", "projdesc": "Planting native plants and adding paths that route pedestrians closer to shade.", "rationale": "Improve streetscape and increase safety routes for pedestrians", "projtype": "Stormwater Engineering", "safety": "No", "mandate": "No", "repair": "No", "replace": "No", "expand": "No", "efficient": "No", "fiscalyr": "2026", "fundsource": "Community Redevelopment Agency", "planstart": 1767243600000, "planend": 1798779600000, "estcost": 1500000, "funded": "No", "projphase": "P1: Planning", "actstart": null, "actend": null, "actcost": 0, "status": "Planning", "docpath": null, "CreationDate": -2209161600000, "EditDate": -2209161600000, "NumVotes": null, "MultiYear": "No", "ShowPublic": "Yes", "EBO": null, "JobsCreated": null, "Neighborhood": "Historic Belmont Heights", "Council": "5", "EBOAttained": null, "ContractNumber": null, "ActivityStatus": null, "ProjectSiteURL": "<a href=\"https://apps.tampagov.net/Directory_Lister/FileHandler.ashx?file=GIS%2f0000000.pdf\">0000000</a>", "ProjectNumerical": null, "RelatedProject": "No", "MapScale": 6000, "WMBESLBE": null, "DepPrjNum": null, "BudgetBook": "No", "BudgetYear": null, "CRA": "East Tampa", "created_date": 1725037654000, "last_edited_date": 1773923695000, "FundComm": null}}, {"type": "Feature", "id": 106919, "geometry": {"type": "Point", "coordinates": [-82.4383316827978, 27.987277842190984]}, "properties": {"OBJECTID": 106919, "GlobalID": "{E5802AF5-17C8-4733-AF6E-B4AC5D7045A8}", "projid": "496", "projname": "CRA-ET East Palifox and East Osborne Ave Housing Development", "projdesc": "CRA is currently working on land assemblage for proposed affordable housing.", "rationale": "Provide affordable housing", "projtype": "Contract Administration", "safety": "No", "mandate": "No", "repair": "No", "replace": "No", "expand": "No", "efficient": "No", "fiscalyr": "2027", "fundsource": "Community Redevelopment Agency", "planstart": 1772427600000, "planend": 1824436800000, "estcost": 1077500, "funded": "No", "projphase": "P1: Planning", "actstart": null, "actend": null, "actcost": 0, "status": "Planning", "docpath": null, "CreationDate": -2209161600000, "EditDate": -2209161600000, "NumVotes": null, "MultiYear": "Yes", "ShowPublic": "Yes", "EBO": null, "JobsCreated": null, "Neighborhood": "Historic Belmont Heights", "Council": "5", "EBOAttained": null, "ContractNumber": null, "ActivityStatus": null, "ProjectSiteURL": "<a href=\"https://apps.tampagov.net/Directory_Lister/FileHandler.ashx?file=GIS%2f496.pdf\">496</a>", "ProjectNumerical": null, "RelatedProject": "No", "MapScale": 6000, "WMBESLBE": null, "DepPrjNum": null, "BudgetBook": "No", "BudgetYear": null, "CRA": "East Tampa", "created_date": 1725031294000, "last_edited_date": 1781028686000, "FundComm": null}}, {"type": "Feature", "id": 106920, "geometry": {"type": "Point", "coordinates": [-82.44745974552265, 27.98853532191787]}, "properties": {"OBJECTID": 106920, "GlobalID": "{225D9EA6-C0E6-4349-A110-A8F3E8013048}", "projid": "496", "projname": "CRA- ET Housing Development at 1102 E Curtis Street", "projdesc": "Request for Qualifications to design and build an affordable housing community.", "rationale": "Provide attainable housing", "projtype": "Contract Administration", "safety": "No", "mandate": "No", "repair": "No", "replace": "No", "expand": "No", "efficient": "No", "fiscalyr": "2027", "fundsource": "Community Redevelopment Agency", "planstart": 1774843200000, "planend": 1806344460000, "estcost": 1200000, "funded": "No", "projphase": "P1: Planning", "actstart": null, "actend": null, "actcost": 0, "status": "Planning", "docpath": null, "CreationDate": -2209161600000, "EditDate": -2209161600000, "NumVotes": null, "MultiYear": "Yes", "ShowPublic": "Yes", "EBO": null, "JobsCreated": null, "Neighborhood": "Southeast Seminole Heights", "Council": "5", "EBOAttained": null, "ContractNumber": null, "ActivityStatus": null, "ProjectSiteURL": "<a href=\"https://apps.tampagov.net/Directory_Lister/FileHandler.ashx?file=GIS%2f496.pdf\">496</a>", "ProjectNumerical": null, "RelatedProject": "No", "MapScale": 6000, "WMBESLBE": null, "DepPrjNum": null, "BudgetBook": "No", "BudgetYear": null, "CRA": "East Tampa", "created_date": 1725032181000, "last_edited_date": 1756319080000, "FundComm": null}}, {"type": "Feature", "id": 106921, "geometry": {"type": "Point", "coordinates": [-82.43464146485175, 27.977722989759297]}, "properties": {"OBJECTID": 106921, "GlobalID": "{4F263CBD-F7DF-4BF2-A233-2A4207EB4FF4}", "projid": "1002386", "projname": "CRA- Property 3623 N 22nd Street  AKA Gator Building", "projdesc": "Proposed creation of food hall, business incubator hub, and event plaza", "rationale": "Meet the needs of the East Tampa Community Redevelopment Area residents, neighborhood, and community.", "projtype": "Contract Administration", "safety": "No", "mandate": "No", "repair": "No", "replace": "No", "expand": "No", "efficient": "No", "fiscalyr": "2025", "fundsource": "Community Redevelopment Agency", "planstart": null, "planend": null, "estcost": 1060000, "funded": "No", "projphase": "P1: Planning", "actstart": null, "actend": null, "actcost": 0, "status": "Planning", "docpath": null, "CreationDate": -2209161600000, "EditDate": -2209161600000, "NumVotes": null, "MultiYear": "No", "ShowPublic": "Yes", "EBO": null, "JobsCreated": null, "Neighborhood": "College Hill-Belmont Heights", "Council": "5", "EBOAttained": null, "ContractNumber": null, "ActivityStatus": null, "ProjectSiteURL": "<a href=\"https://apps.tampagov.net/Directory_Lister/FileHandler.ashx?file=GIS%2f1002386.pdf\">1002386</a>", "ProjectNumerical": null, "RelatedProject": "No", "MapScale": 6000, "WMBESLBE": null, "DepPrjNum": null, "BudgetBook": "No", "BudgetYear": null, "CRA": "East Tampa", "created_date": 1725033188000, "last_edited_date": 1725455352000, "FundComm": null}}, {"type": "Feature", "id": 107719, "geometry": {"type": "Point", "coordinates": [-82.48109306312202, 27.95736871305834]}, "properties": {"OBJECTID": 107719, "GlobalID": "{7AC1A09E-40C8-47A2-AB03-8393ACC9A2D0}", "projid": "1002581", "projname": "Main Street Park", "projdesc": "Scope includes the design and construction of green space in the West Tampa CRA district. CRA staff will conduct public engagement meetings to obtain feedback on the park design from the community.", "rationale": "Enhance the physical and social environment of the CRA and provide a stable and positive climate to attract new investment. Such facilities include community centers, parks and recreation facilities", "projtype": "Parks & Recreation", "safety": "No", "mandate": "No", "repair": "No", "replace": "No", "expand": "No", "efficient": "No", "fiscalyr": "2026", "fundsource": "Community Redevelopment Agency", "planstart": 1759157501000, "planend": 1799078085000, "estcost": 288000, "funded": "Yes", "projphase": "P1: Planning", "actstart": null, "actend": null, "actcost": 0, "status": "Planning", "docpath": null, "CreationDate": -2209161600000, "EditDate": -2209161600000, "NumVotes": null, "MultiYear": "Yes", "ShowPublic": "Yes", "EBO": null, "JobsCreated": null, "Neighborhood": "Old West Tampa", "Council": "5", "EBOAttained": null, "ContractNumber": null, "ActivityStatus": null, "ProjectSiteURL": "<a href=\"https://apps.tampagov.net/Directory_Lister/FileHandler.ashx?file=GIS%2f1002581.pdf\">1002581</a>", "ProjectNumerical": null, "RelatedProject": "No", "MapScale": 6000, "WMBESLBE": null, "DepPrjNum": null, "BudgetBook": "No", "BudgetYear": null, "CRA": "West Tampa", "created_date": 1725456012000, "last_edited_date": 1767023980000, "FundComm": null}}, {"type": "Feature", "id": 108519, "geometry": {"type": "Point", "coordinates": [-82.45886986572263, 27.950381795293076]}, "properties": {"OBJECTID": 108519, "GlobalID": "{0739149C-D2DA-49ED-98BB-C7B92A31CD1F}", "projid": "0000000", "projname": "CRA - DT Tampa Theater Renovations", "projdesc": "Renovation and upgrades to the facility and technology systems", "rationale": "To continue historic integration, diverse art, educational programs, community events and jobs for residents", "projtype": "Facility Management", "safety": "No", "mandate": "No", "repair": "No", "replace": "No", "expand": "No", "efficient": "No", "fiscalyr": "2026", "fundsource": "Community Redevelopment Agency", "planstart": 1678852800000, "planend": 1792036800000, "estcost": 14000000, "funded": "Yes", "projphase": "P4: Construction", "actstart": null, "actend": null, "actcost": 0, "status": "Permitting/Submittals Approval", "docpath": null, "CreationDate": -2209161600000, "EditDate": -2209161600000, "NumVotes": null, "MultiYear": "Yes", "ShowPublic": "Yes", "EBO": null, "JobsCreated": null, "Neighborhood": "Downtown River Arts", "Council": "5", "EBOAttained": null, "ContractNumber": null, "ActivityStatus": null, "ProjectSiteURL": "<a href=\"https://apps.tampagov.net/Directory_Lister/FileHandler.ashx?file=GIS%2f0000000.pdf\">0000000</a>", "ProjectNumerical": null, "RelatedProject": "No", "MapScale": 6000, "WMBESLBE": null, "DepPrjNum": null, "BudgetBook": "No", "BudgetYear": null, "CRA": "Downtown Non Core", "created_date": 1725905048000, "last_edited_date": 1759420091000, "FundComm": null}}, {"type": "Feature", "id": 108919, "geometry": {"type": "Point", "coordinates": [-82.46402708386267, 27.951631003507654]}, "properties": {"OBJECTID": 108919, "GlobalID": "{E9BD6183-FA3A-4FDC-B5F7-C298475E7C00}", "projid": "0000000", "projname": "Straz Performing Art Center Renovations", "projdesc": "Major improvements and renovations to the interior and exterior of the venue", "rationale": "Integrate more culture, attract larger audiences, performances, and revenue for businesses", "projtype": "Facility Management", "safety": "No", "mandate": "No", "repair": "No", "replace": "No", "expand": "No", "efficient": "No", "fiscalyr": "2025", "fundsource": "Community Redevelopment Agency", "planstart": 1745812800000, "planend": 1885521600000, "estcost": 25000000, "funded": "Yes", "projphase": "P4: Construction", "actstart": null, "actend": null, "actcost": 0, "status": "Construction in Progress", "docpath": null, "CreationDate": -2209161600000, "EditDate": -2209161600000, "NumVotes": null, "MultiYear": "Yes", "ShowPublic": "Yes", "EBO": null, "JobsCreated": null, "Neighborhood": "Downtown River Arts", "Council": "5", "EBOAttained": null, "ContractNumber": null, "ActivityStatus": null, "ProjectSiteURL": "<a href=\"https://apps.tampagov.net/Directory_Lister/FileHandler.ashx?file=GIS%2f0000000.pdf\">0000000</a>", "ProjectNumerical": null, "RelatedProject": "No", "MapScale": 6000, "WMBESLBE": null, "DepPrjNum": null, "BudgetBook": "No", "BudgetYear": null, "CRA": "Downtown Non Core", "created_date": 1725906889000, "last_edited_date": 1756319501000, "FundComm": null}}, {"type": "Feature", "id": 108920, "geometry": {"type": "Point", "coordinates": [-82.46285345004493, 27.949517695422795]}, "properties": {"OBJECTID": 108920, "GlobalID": "{B0CC5BDD-65F8-416D-8966-F9EFC788BD36}", "projid": "0000000", "projname": "CRA- DT Tampa Museum of Arts Project", "projdesc": "Major renovation and expansion to existing structure including new elevator, Riverwalk access, public art and adding a restaurant.", "rationale": "Attract wider audience, tourist, art enthusiast, and stimulate economic growth.  It will also serve as an educational resource and cultural enrichment.", "projtype": "Facility Management", "safety": "No", "mandate": "No", "repair": "No", "replace": "No", "expand": "No", "efficient": "No", "fiscalyr": "2027", "fundsource": "Community Redevelopment Agency", "planstart": 1759291200000, "planend": 2043288000000, "estcost": 24750000, "funded": "Yes", "projphase": "P1: Planning", "actstart": null, "actend": null, "actcost": 0, "status": "90% Design Completion", "docpath": null, "CreationDate": -2209161600000, "EditDate": -2209161600000, "NumVotes": null, "MultiYear": "Yes", "ShowPublic": "Yes", "EBO": null, "JobsCreated": null, "Neighborhood": "Downtown River Arts", "Council": "5", "EBOAttained": null, "ContractNumber": null, "ActivityStatus": null, "ProjectSiteURL": "<a href=\"https://apps.tampagov.net/Directory_Lister/FileHandler.ashx?file=GIS%2f0000000.pdf\">0000000</a>", "ProjectNumerical": null, "RelatedProject": "No", "MapScale": 6000, "WMBESLBE": null, "DepPrjNum": null, "BudgetBook": "No", "BudgetYear": null, "CRA": "Downtown Non Core", "created_date": 1725907899000, "last_edited_date": 1759420240000, "FundComm": null}}, {"type": "Feature", "id": 109319, "geometry": {"type": "Point", "coordinates": [-82.45074478134332, 27.944478697491938]}, "properties": {"OBJECTID": 109319, "GlobalID": "{9EE35481-C6BC-4A83-BBD5-301A6BC9345F}", "projid": "0000000", "projname": "CRA- DT Strategic Properties Partnership (SPP) Water Street Infrastructure Project", "projdesc": "New roadways between Cumberland Ave and Finley St, extension of Water St, reconstruction of Walton and Finley St, removal of Caesar St. Upgrades to water, wastewater, stormwater and services for underground electrical and gas.", "rationale": "Improve streetscape, eliminate blight, improve pedestrian safety, and provide quality roads.", "projtype": "Contract Administration", "safety": "No", "mandate": "No", "repair": "No", "replace": "No", "expand": "No", "efficient": "No", "fiscalyr": "2024", "fundsource": "Community Redevelopment Agency", "planstart": 1420088400000, "planend": 1824868800000, "estcost": 50000000, "funded": "Yes", "projphase": "P4: Construction", "actstart": null, "actend": null, "actcost": 0, "status": "Construction in Progress", "docpath": null, "CreationDate": -2209161600000, "EditDate": -2209161600000, "NumVotes": null, "MultiYear": "Yes", "ShowPublic": "Yes", "EBO": null, "JobsCreated": null, "Neighborhood": "Tampa Downtown Partnership", "Council": "5", "EBOAttained": null, "ContractNumber": null, "ActivityStatus": null, "ProjectSiteURL": "<a href=\"https://apps.tampagov.net/Directory_Lister/FileHandler.ashx?file=GIS%2f0000000.pdf\">0000000</a>", "ProjectNumerical": null, "RelatedProject": "No", "MapScale": 6000, "WMBESLBE": null, "DepPrjNum": null, "BudgetBook": "No", "BudgetYear": null, "CRA": "Downtown Core", "created_date": 1725968140000, "last_edited_date": 1743679490000, "FundComm": null}}, {"type": "Feature", "id": 109719, "geometry": {"type": "Point", "coordinates": [-82.53231425463092, 27.955146545517255]}, "properties": {"OBJECTID": 109719, "GlobalID": "{6BE9C635-DDE7-4C5D-BD11-9BE8409C0E8A}", "projid": "0", "projname": "O'Brien St - Segment 1 (Cypress St. to Spruce St.)", "projdesc": "Perform full depth reclamation and resurfacing of N O'Brien Street between W Cypress Street and W Spruce Street and install pavement marking improvements including share the road markings.", "rationale": "Neighborhood Improvements- Resurfacing", "projtype": "Transportation", "safety": "Yes", "mandate": "No", "repair": "No", "replace": "No", "expand": "No", "efficient": "No", "fiscalyr": "2025", "fundsource": "Other Agencies", "planstart": 1740846673000, "planend": 1761883200000, "estcost": 651450, "funded": "Yes", "projphase": "P5: Closeout", "actstart": null, "actend": null, "actcost": 0, "status": "Closeout", "docpath": "https://www.tampa.gov/project/trans20178", "CreationDate": -2209161600000, "EditDate": -2209161600000, "NumVotes": null, "MultiYear": "No", "ShowPublic": "Yes", "EBO": null, "JobsCreated": null, "Neighborhood": "Tampa International Airport", "Council": "6", "EBOAttained": null, "ContractNumber": null, "ActivityStatus": null, "ProjectSiteURL": "<a href=\"https://apps.tampagov.net/Directory_Lister/FileHandler.ashx?file=GIS%2f0.pdf\">0</a>", "ProjectNumerical": null, "RelatedProject": "No", "MapScale": 6000, "WMBESLBE": null, "DepPrjNum": "TRANS20178", "BudgetBook": "No", "BudgetYear": null, "CRA": null, "created_date": 1729610752000, "last_edited_date": 1764685406000, "FundComm": null}}, {"type": "Feature", "id": 110919, "geometry": {"type": "Point", "coordinates": [-82.49805361266776, 27.919775137884013]}, "properties": {"OBJECTID": 110919, "GlobalID": "{A3CDAB5E-CC05-4A80-B248-1F0FE1124304}", "projid": "WTR-24-0018", "projname": "Empedrado St", "projdesc": "Approximately 4,921 Linear Feet of water mains ranging from 2 to 6 inches in diameter will be replaced and upgraded. The project area and the streets impacted by this project are shown on the attached map.", "rationale": "The Empedrado St Project will improve the City of Tampa’s water distribution system by replacing the existing water mains and increasing the capacity of the system. This project will replace the aging water mains in this area with new and larger diameter water mains, improving water pressure and water quality while reducing the number of service interruptions that might have been caused by main breaks or leakage. It will also improve our ability to serve a growing population.", "projtype": "Water", "safety": "No", "mandate": "No", "repair": "No", "replace": "Yes", "expand": "Yes", "efficient": "Yes", "fiscalyr": "2026", "fundsource": "PIPES", "planstart": 1775102400000, "planend": 1790827200000, "estcost": 790573.7, "funded": "Yes", "projphase": "P4: Construction", "actstart": null, "actend": null, "actcost": 0, "status": "Permitting/Submittals Approval", "docpath": null, "CreationDate": -2209161600000, "EditDate": -2209161600000, "NumVotes": null, "MultiYear": "No", "ShowPublic": "Yes", "EBO": null, "JobsCreated": null, "Neighborhood": "Palma Ceia", "Council": "4", "EBOAttained": null, "ContractNumber": null, "ActivityStatus": null, "ProjectSiteURL": "<a href=\"https://apps.tampagov.net/Directory_Lister/FileHandler.ashx?file=GIS%2fWTR-24-0018.pdf\">WTR-24-0018</a>", "ProjectNumerical": null, "RelatedProject": "No", "MapScale": 6000, "WMBESLBE": null, "DepPrjNum": "WTR-24-0018", "BudgetBook": "No", "BudgetYear": null, "CRA": null, "created_date": 1733767185000, "last_edited_date": 1778157851000, "FundComm": null}}, {"type": "Feature", "id": 112519, "geometry": {"type": "Point", "coordinates": [-82.46141332848907, 27.940360260215304]}, "properties": {"OBJECTID": 112519, "GlobalID": "{46CDCA42-5E71-42D9-9DAF-D6B320A1D00A}", "projid": "WTR-24-0009", "projname": "Beach Place", "projdesc": " Approximately 992 linear feet of water mains ranging from 2 to 6 inches in diameter will be replaced and upgraded.", "rationale": "The Beach Place project will improve the City of Tampa’s water distribution system by replacing the existing water mains. This project will replace the aging water mains in this area with new and larger diameter water mains, improving water pressure, water quality, and increasing capacity of the system while reducing the number of service interruptions that might have been caused by main breaks or leakage.", "projtype": "Water", "safety": "No", "mandate": "No", "repair": "No", "replace": "Yes", "expand": "Yes", "efficient": "Yes", "fiscalyr": "2028", "fundsource": "PIPES", "planstart": null, "planend": null, "estcost": 288684.81, "funded": "Yes", "projphase": "P3: Procurement", "actstart": null, "actend": null, "actcost": 0, "status": "Project Startup", "docpath": null, "CreationDate": -2209161600000, "EditDate": -2209161600000, "NumVotes": null, "MultiYear": "No", "ShowPublic": "Yes", "EBO": null, "JobsCreated": null, "Neighborhood": "Hyde Park Spanishtown Creek", "Council": "4", "EBOAttained": null, "ContractNumber": null, "ActivityStatus": null, "ProjectSiteURL": "<a href=\"https://apps.tampagov.net/Directory_Lister/FileHandler.ashx?file=GIS%2fWTR-24-0009.pdf\">WTR-24-0009</a>", "ProjectNumerical": null, "RelatedProject": "No", "MapScale": 6000, "WMBESLBE": null, "DepPrjNum": "WTR-24-0009", "BudgetBook": "No", "BudgetYear": null, "CRA": null, "created_date": 1736278458000, "last_edited_date": 1778157433000, "FundComm": null}}, {"type": "Feature", "id": 112919, "geometry": {"type": "Point", "coordinates": [-82.488365339904, 28.043466808899744]}, "properties": {"OBJECTID": 112919, "GlobalID": "{DFE45A0B-2288-45C3-BC20-ACFB647E145C}", "projid": "WTR-25-0002", "projname": "SE Lake Carroll WM Replacement", "projdesc": "Approximately 10,113 linear feet of water mains ranging from 2 to 8 inches in diameter will be replaced and upgraded.", "rationale": " The SE Lake Carroll WM Replacement project will improve the City of Tampa’s water distribution system by replacing the existing water mains. This project will replace the aging water mains in this area with new and larger diameter water mains, improving water pressure, water quality, and increasing the capacity of the system while reducing the number of service interruptions that might have been caused by main breaks or leakage.", "projtype": "Water", "safety": "No", "mandate": "No", "repair": "No", "replace": "Yes", "expand": "Yes", "efficient": "Yes", "fiscalyr": "2027", "fundsource": "PIPES", "planstart": 1793540042000, "planend": 1830260048000, "estcost": 3540279.16, "funded": "Yes", "projphase": "P2: Design", "actstart": null, "actend": null, "actcost": 0, "status": "30% Design Completion", "docpath": null, "CreationDate": -2209161600000, "EditDate": -2209161600000, "NumVotes": null, "MultiYear": "No", "ShowPublic": "Yes", "EBO": null, "JobsCreated": null, "Neighborhood": null, "Council": null, "EBOAttained": null, "ContractNumber": null, "ActivityStatus": null, "ProjectSiteURL": "<a href=\"https://apps.tampagov.net/Directory_Lister/FileHandler.ashx?file=GIS%2fWTR-25-0002.pdf\">WTR-25-0002</a>", "ProjectNumerical": null, "RelatedProject": "No", "MapScale": 6000, "WMBESLBE": null, "DepPrjNum": "WTR-25-0002", "BudgetBook": "No", "BudgetYear": null, "CRA": null, "created_date": 1736787166000, "last_edited_date": 1778159374000, "FundComm": null}}, {"type": "Feature", "id": 113319, "geometry": {"type": "Point", "coordinates": [-82.47256047538953, 27.951625317531448]}, "properties": {"OBJECTID": 113319, "GlobalID": "{F1E48B0D-8970-4AE6-B32D-6C6D243B43A1}", "projid": "WTR-25-0003", "projname": "Willow Ave WM Replacement", "projdesc": " Approximately 17,373 linear feet of water mains ranging from 2 to 12 inches in diameter will be replaced and upgraded.", "rationale": " The Willow Ave WM Replacement project will improve the City of Tampa’s water distribution system by replacing the existing water mains. This project will replace the aging water mains in this area with new and larger diameter water mains, improving water pressure, water quality, and increasing the capacity of the system while reducing the number of service interruptions that might have been caused by main breaks or leakage.", "projtype": "Water", "safety": "No", "mandate": "No", "repair": "No", "replace": "Yes", "expand": "Yes", "efficient": "Yes", "fiscalyr": "2028", "fundsource": "PIPES", "planstart": null, "planend": null, "estcost": 7888229.34, "funded": "Yes", "projphase": "P2: Design", "actstart": null, "actend": null, "actcost": 0, "status": "30% Design Completion", "docpath": null, "CreationDate": -2209161600000, "EditDate": -2209161600000, "NumVotes": null, "MultiYear": "No", "ShowPublic": "Yes", "EBO": null, "JobsCreated": null, "Neighborhood": "West Riverfront Neighborhood Crimewatch Association", "Council": "5", "EBOAttained": null, "ContractNumber": null, "ActivityStatus": null, "ProjectSiteURL": "<a href=\"https://apps.tampagov.net/Directory_Lister/FileHandler.ashx?file=GIS%2fWTR-25-0003.pdf\">WTR-25-0003</a>", "ProjectNumerical": null, "RelatedProject": "No", "MapScale": 6000, "WMBESLBE": null, "DepPrjNum": "WTR-25-0003", "BudgetBook": "No", "BudgetYear": null, "CRA": "West Tampa", "created_date": 1736789196000, "last_edited_date": 1778159789000, "FundComm": null}}, {"type": "Feature", "id": 113719, "geometry": {"type": "Point", "coordinates": [-82.4765822769155, 27.966639367588193]}, "properties": {"OBJECTID": 113719, "GlobalID": "{94B1A0C4-AE44-4B8F-914F-C85DB845AA0A}", "projid": "N/A", "projname": "Columbus Dr & Rome Ave - New Traffic Signal", "projdesc": "This project includes design and construction of a new traffic signal to improve safety and enhance access for the community. The project includes marked crosswalks, pedestrian signals, ADA-compliant ramps, and detectable warning mats.", "rationale": "Enhances safety to all modes of transportation at the intersection;\tReduces the probability of right-angled crashes through the implementation of traffic signals and other improvements; Improves mobility and accessibility infrastructure for pedestrians and individuals with disabilities; Improves traffic flow at the intersection.", "projtype": "Transportation", "safety": "Yes", "mandate": "No", "repair": "No", "replace": "No", "expand": "No", "efficient": "Yes", "fiscalyr": "2027", "fundsource": "Other Agencies", "planstart": null, "planend": null, "estcost": 1300000, "funded": "Yes", "projphase": "P2: Design", "actstart": null, "actend": null, "actcost": 0, "status": "30% Design Completion", "docpath": "https://www.tampa.gov/project/trans10033", "CreationDate": -2209161600000, "EditDate": -2209161600000, "NumVotes": null, "MultiYear": "No", "ShowPublic": "Yes", "EBO": null, "JobsCreated": null, "Neighborhood": "Bowman Heights", "Council": "6", "EBOAttained": null, "ContractNumber": null, "ActivityStatus": null, "ProjectSiteURL": "<a href=\"https://apps.tampagov.net/Directory_Lister/FileHandler.ashx?file=GIS%2fN/A.pdf\">N/A</a>", "ProjectNumerical": null, "RelatedProject": "No", "MapScale": 6000, "WMBESLBE": null, "DepPrjNum": "TRANS10033", "BudgetBook": "No", "BudgetYear": null, "CRA": null, "created_date": 1737647991000, "last_edited_date": 1782938920000, "FundComm": null}}, {"type": "Feature", "id": 114919, "geometry": {"type": "Point", "coordinates": [-82.50973788019165, 27.959045215397353]}, "properties": {"OBJECTID": 114919, "GlobalID": "{FD3357E3-EC61-49A5-A988-FA2CED1BA3A0}", "projid": "1000751", "projname": "N Grady Ave Ditch Rehabilitation", "projdesc": "Project area is located on the east side of N Grady Avenue south of W Spruce Street as is identified as the Grady Avenue Drainage Improvements. Work involves demolition of trees and guardrail, installation of ten (10) storm sewer structures and large diameter piping to enclose an existing 800-ft ditch corridor. Work includes approximately 200 feet of 36” RCP pipe and approximately 490 feet of 60”x38” ERCP pipe. and all miscellaneous and appurtenant work.", "rationale": "The existing ditch is located directly adjacent to the existing City roadway with guardrail separating traffic from the steep embankment.  Steep embankment slopes and sandy soils have caused heavy erosion, causing continuous maintenance issues for City staff. Improvements will enclose the open ditch with installation of a storm sewer conveyance system.  The rehabilitation work will maintain stormwater flow needs while improving public safety and reducing future maintenance.", "projtype": "Stormwater Engineering", "safety": "No", "mandate": "No", "repair": "No", "replace": "No", "expand": "No", "efficient": "No", "fiscalyr": "2025", "fundsource": "Stormwater Improvement Fee", "planstart": 1746072000000, "planend": 1780286400000, "estcost": 1270000, "funded": "No", "projphase": "P4: Construction", "actstart": null, "actend": null, "actcost": 0, "status": "Final Contract Review & Approval", "docpath": null, "CreationDate": -2209161600000, "EditDate": -2209161600000, "NumVotes": null, "MultiYear": "No", "ShowPublic": "Yes", "EBO": null, "JobsCreated": null, "Neighborhood": "Carver City Lincoln Gardens", "Council": "6", "EBOAttained": null, "ContractNumber": "24-C0041", "ActivityStatus": null, "ProjectSiteURL": "<a href=\"https://apps.tampagov.net/Directory_Lister/FileHandler.ashx?file=GIS%2f1000751.pdf\">1000751</a>", "ProjectNumerical": null, "RelatedProject": "No", "MapScale": 6000, "WMBESLBE": null, "DepPrjNum": "SW250002", "BudgetBook": "No", "BudgetYear": null, "CRA": null, "created_date": 1738771659000, "last_edited_date": 1743431826000, "FundComm": null}}, {"type": "Feature", "id": 115319, "geometry": {"type": "Point", "coordinates": [-82.40797160561559, 27.9593193846322]}, "properties": {"OBJECTID": 115319, "GlobalID": "{ED43CAC8-7F70-4340-8F07-E73C4B78A5A1}", "projid": "1000751", "projname": "43rd St Ditch Rehabilitation", "projdesc": "Project area is located just west of the Tampa Distribution Center located at 1212 N. 50th Street as in identified as the 43rd Street Drainage Improvements because of the nearest downstream crossing. Work involves approximately 700 feet of concrete slope stabilization of an existing ditch and all miscellaneous and appurtenant work. ", "rationale": "The ditch alignment and sandy soils have caused heavy erosion in some embankment areas, causing continuous maintenance issues and the ditch to widen beyond its existing drainage easement limits.  The rehabilitation involves embankment reconstruction and hardening to insure long-term future stability, reducing maintenance activities and reducing potential damage to adjacent parcels. The ditch bottom will remain open to allow for natural infiltration", "projtype": "Stormwater Engineering", "safety": "No", "mandate": "No", "repair": "No", "replace": "No", "expand": "No", "efficient": "No", "fiscalyr": "2025", "fundsource": "Stormwater Improvement Fee", "planstart": 1746072000000, "planend": 1780286400000, "estcost": 2280000, "funded": "No", "projphase": "P4: Construction", "actstart": null, "actend": null, "actcost": 0, "status": "Construction in Progress", "docpath": null, "CreationDate": -2209161600000, "EditDate": -2209161600000, "NumVotes": null, "MultiYear": "No", "ShowPublic": "Yes", "EBO": null, "JobsCreated": null, "Neighborhood": "East Side Commercial", "Council": "5", "EBOAttained": null, "ContractNumber": "24-C0041", "ActivityStatus": null, "ProjectSiteURL": "<a href=\"https://apps.tampagov.net/Directory_Lister/FileHandler.ashx?file=GIS%2f1000751.pdf\">1000751</a>", "ProjectNumerical": null, "RelatedProject": "No", "MapScale": 6000, "WMBESLBE": null, "DepPrjNum": "SW250001", "BudgetBook": "No", "BudgetYear": null, "CRA": null, "created_date": 1738772212000, "last_edited_date": 1753966713000, "FundComm": null}}, {"type": "Feature", "id": 115320, "geometry": {"type": "Point", "coordinates": [-82.46495076227585, 27.950205829453136]}, "properties": {"OBJECTID": 115320, "GlobalID": "{1835E86F-0335-44E3-8803-54E051EC52E9}", "projid": " ", "projname": "Cass St Drawbridge Improvements", "projdesc": " ", "rationale": " ", "projtype": "Transportation", "safety": "No", "mandate": "No", "repair": "No", "replace": "No", "expand": "No", "efficient": "No", "fiscalyr": "2026", "fundsource": "Yet to be Determined", "planstart": null, "planend": null, "estcost": 158342.75, "funded": "No", "projphase": "P2: Design", "actstart": null, "actend": null, "actcost": 0, "status": "60% Design Completion", "docpath": null, "CreationDate": -2209161600000, "EditDate": -2209161600000, "NumVotes": null, "MultiYear": "No", "ShowPublic": "Yes", "EBO": null, "JobsCreated": null, "Neighborhood": "Julian B Lane Riverfront Park", "Council": "5", "EBOAttained": null, "ContractNumber": null, "ActivityStatus": null, "ProjectSiteURL": "<a href=\"https://apps.tampagov.net/Directory_Lister/FileHandler.ashx?file=GIS%2f .pdf\"> </a>", "ProjectNumerical": null, "RelatedProject": "No", "MapScale": 6000, "WMBESLBE": null, "DepPrjNum": "TRANS20187", "BudgetBook": "No", "BudgetYear": null, "CRA": "West Tampa", "created_date": 1738779507000, "last_edited_date": 1774528204000, "FundComm": null}}, {"type": "Feature", "id": 115719, "geometry": {"type": "Point", "coordinates": [-82.456550068784, 27.944803964951895]}, "properties": {"OBJECTID": 115719, "GlobalID": "{FB1A0DFA-FF8B-422F-99DE-D472FBC93615}", "projid": " ", "projname": "Franklin St and Fort Brooke Garage - Blank Out Signs", "projdesc": "This project will provide the in-house design of a new blank out signs in the median at Franklin Street and the Foot Brooke garage for enhanced safety for motorists and the streetcar. ", "rationale": "Safety Enhancement", "projtype": "Transportation", "safety": "Yes", "mandate": "No", "repair": "No", "replace": "No", "expand": "No", "efficient": "No", "fiscalyr": "2026", "fundsource": "Yet to be Determined", "planstart": 1777549638000, "planend": 1780055248000, "estcost": 72000, "funded": "Yes", "projphase": "P2: Design", "actstart": null, "actend": null, "actcost": 0, "status": "90% Design Completion", "docpath": null, "CreationDate": -2209161600000, "EditDate": -2209161600000, "NumVotes": null, "MultiYear": "No", "ShowPublic": "Yes", "EBO": null, "JobsCreated": null, "Neighborhood": "Tampa Downtown Partnership", "Council": "5", "EBOAttained": null, "ContractNumber": null, "ActivityStatus": null, "ProjectSiteURL": "<a href=\"https://apps.tampagov.net/Directory_Lister/FileHandler.ashx?file=GIS%2f .pdf\"> </a>", "ProjectNumerical": null, "RelatedProject": "No", "MapScale": 6000, "WMBESLBE": null, "DepPrjNum": "TRANS20186", "BudgetBook": "No", "BudgetYear": null, "CRA": "Downtown Core", "created_date": 1738774040000, "last_edited_date": 1775648849000, "FundComm": null}}, {"type": "Feature", "id": 116119, "geometry": {"type": "Point", "coordinates": [-82.45571350704853, 27.94476988561922]}, "properties": {"OBJECTID": 116119, "GlobalID": "{B2343E2C-5B7F-4CD8-A6A1-71C107AAEC64}", "projid": "1001541", "projname": "Downtown Core Complete Streets (Florida Ave from Channelside Dr to Jackson St)", "projdesc": " This project provides for multimodal and safety improvements. General maintenance and Complete Streets improvements to several streets and incorporated in this project in the Downtown Core: Florida Ave from Channelside Dr to Jackson St. As part of the project, these roadways will be resurfaced to remove deficiencies and provide a newly finished driving surface. This project will also include multimodal improvements to make these corridors safer for all users in accordance with the City’s Vision Zero initiative. • Parking Protected Buffered Bike Lanes with conflict markings to allow for safer cycling; • Pedestrian Bulb-outs to shorten pedestrian crossing distances; • Enhanced Crosswalks to provide pedestrians with more visibility; • Traffic Calming features to control speeds and reduce the likelihood of fatal crashes; • Reconstructed Curb Ramps to provide ease of use and accessibility to people with disabilities.", "rationale": " Complete Streets & Safety Improvements", "projtype": "Transportation", "safety": "Yes", "mandate": "No", "repair": "No", "replace": "No", "expand": "No", "efficient": "No", "fiscalyr": "2026", "fundsource": "Yet to be Determined", "planstart": null, "planend": null, "estcost": 1000000, "funded": "No", "projphase": "P2: Design", "actstart": null, "actend": null, "actcost": 0, "status": "60% Design Completion", "docpath": "https://www.tampa.gov/project/trans201192", "CreationDate": -2209161600000, "EditDate": -2209161600000, "NumVotes": null, "MultiYear": "Yes", "ShowPublic": "Yes", "EBO": null, "JobsCreated": null, "Neighborhood": "Tampa Downtown Partnership", "Council": "5", "EBOAttained": null, "ContractNumber": null, "ActivityStatus": null, "ProjectSiteURL": "<a href=\"https://apps.tampagov.net/Directory_Lister/FileHandler.ashx?file=GIS%2f1001541.pdf\">1001541</a>", "ProjectNumerical": null, "RelatedProject": "No", "MapScale": 6000, "WMBESLBE": null, "DepPrjNum": "TRANS20119.2", "BudgetBook": "No", "BudgetYear": null, "CRA": "Downtown Core", "created_date": 1741805011000, "last_edited_date": 1786721091000, "FundComm": null}}, {"type": "Feature", "id": 116519, "geometry": {"type": "Point", "coordinates": [-82.45743990856897, 27.944392639590113]}, "properties": {"OBJECTID": 116519, "GlobalID": "{56F4F8FE-8FA4-45C8-82E8-4536A238831E}", "projid": "1001541", "projname": "Downtown Core Complete Streets (Tampa St from Brorein St to Jackson St)", "projdesc": " This project provides for multimodal and safety improvements. General maintenance and Complete Streets improvements to several streets and incorporated in this project in the Downtown Core: Tampa St from Brorein St to Jackson St. As part of the project, these roadways will be resurfaced to remove deficiencies and provide a newly finished driving surface.  This project will also include multimodal improvements to make these corridors safer for all users in accordance with the City’s Vision Zero initiative. • Parking Protected Buffered Bike Lanes with conflict markings to allow for safer cycling; • Pedestrian Bulb-outs to shorten pedestrian crossing distances; • Enhanced Crosswalks to provide pedestrians with more visibility; • Traffic Calming features to control speeds and reduce the likelihood of fatal crashes; • Reconstructed Curb Ramps to provide ease of use and accessibility to people with disabilities.", "rationale": " Complete Streets & Safety Improvements", "projtype": "Transportation", "safety": "Yes", "mandate": "No", "repair": "No", "replace": "No", "expand": "No", "efficient": "No", "fiscalyr": "2026", "fundsource": "Yet to be Determined", "planstart": null, "planend": null, "estcost": 1000000, "funded": "No", "projphase": "P2: Design", "actstart": null, "actend": null, "actcost": 0, "status": "60% Design Completion", "docpath": "https://www.tampa.gov/project/trans201193", "CreationDate": -2209161600000, "EditDate": -2209161600000, "NumVotes": null, "MultiYear": "Yes", "ShowPublic": "Yes", "EBO": null, "JobsCreated": null, "Neighborhood": "Tampa Downtown Partnership", "Council": "5", "EBOAttained": null, "ContractNumber": null, "ActivityStatus": null, "ProjectSiteURL": "<a href=\"https://apps.tampagov.net/Directory_Lister/FileHandler.ashx?file=GIS%2f1001541.pdf\">1001541</a>", "ProjectNumerical": null, "RelatedProject": "No", "MapScale": 6000, "WMBESLBE": null, "DepPrjNum": "TRANS20119.3", "BudgetBook": "No", "BudgetYear": null, "CRA": "Downtown Core", "created_date": 1741866138000, "last_edited_date": 1786721032000, "FundComm": null}}, {"type": "Feature", "id": 117319, "geometry": {"type": "Point", "coordinates": [-82.34731574628765, 28.12973135026071]}, "properties": {"OBJECTID": 117319, "GlobalID": "{882FB33A-2FD8-4352-82F9-04C962F2ADAA}", "projid": " 1002588.2", "projname": "Highland Oaks FM Replacement", "projdesc": " This project provides for a partial replacement of the Highland Oaks force main along Hunters Green Dr. The proposed force main is constructed using 1,200-ft of 12” PVC from the discharge manhole on Quail Creek Dr to the bridge, and 12” stainless steel for the bridge crossing.", "rationale": " The force main replacement project will replace aging, deteriorated pipelines that have reached the end of their useful life and are susceptible to failure that can cause wastewater overflows that impact public health, safety, and the environment.  ", "projtype": "Wastewater", "safety": "No", "mandate": "No", "repair": "No", "replace": "Yes", "expand": "No", "efficient": "No", "fiscalyr": "2026", "fundsource": "PIPES", "planstart": 1775055585000, "planend": 1796140798000, "estcost": 180000, "funded": "Yes", "projphase": "P2: Design", "actstart": null, "actend": null, "actcost": 0, "status": "Consultant/Contractor Selection Process", "docpath": null, "CreationDate": -2209161600000, "EditDate": -2209161600000, "NumVotes": null, "MultiYear": "No", "ShowPublic": "Yes", "EBO": null, "JobsCreated": null, "Neighborhood": "Hunter's Greene", "Council": "7", "EBOAttained": null, "ContractNumber": "23-C-00018", "ActivityStatus": null, "ProjectSiteURL": "<a href=\"https://apps.tampagov.net/Directory_Lister/FileHandler.ashx?file=GIS%2f 1002588.2.pdf\"> 1002588.2</a>", "ProjectNumerical": null, "RelatedProject": "No", "MapScale": 6000, "WMBESLBE": null, "DepPrjNum": "WW1002588.2B", "BudgetBook": "No", "BudgetYear": null, "CRA": null, "created_date": 1743606849000, "last_edited_date": 1775568620000, "FundComm": null}}, {"type": "Feature", "id": 117320, "geometry": {"type": "Point", "coordinates": [-82.4997688285777, 28.0181245252524]}, "properties": {"OBJECTID": 117320, "GlobalID": "{BBEC0055-562D-4756-88AD-9EF2668789FE}", "projid": " 1002588.2", "projname": "W Kirby St Drainage Improvements", "projdesc": " This project provides for the replacement of the existing Grove Park Apartments 3” force main with 4” PVC between N Himes Avenue and N Glen Avenue. The proposed length is 800-ft.  Note: this is Hillsborough County Project #46145081.", "rationale": " The force main replacement project will replace aging, deteriorated pipelines that have reached the end of their useful life and are susceptible to failure that can cause wastewater overflows that impact public health, safety, and the environment.  ", "projtype": "Wastewater", "safety": "No", "mandate": "No", "repair": "No", "replace": "Yes", "expand": "No", "efficient": "No", "fiscalyr": "2028", "fundsource": "PIPES", "planstart": 1830357897000, "planend": 1859301903000, "estcost": 64000, "funded": "Yes", "projphase": "P2: Design", "actstart": null, "actend": null, "actcost": 0, "status": "90% Design Completion", "docpath": null, "CreationDate": -2209161600000, "EditDate": -2209161600000, "NumVotes": null, "MultiYear": "No", "ShowPublic": "Yes", "EBO": null, "JobsCreated": null, "Neighborhood": null, "Council": null, "EBOAttained": null, "ContractNumber": "23-C-00018", "ActivityStatus": null, "ProjectSiteURL": "<a href=\"https://apps.tampagov.net/Directory_Lister/FileHandler.ashx?file=GIS%2f 1002588.2.pdf\"> 1002588.2</a>", "ProjectNumerical": null, "RelatedProject": "No", "MapScale": 6000, "WMBESLBE": null, "DepPrjNum": "WW1002588.2C", "BudgetBook": "No", "BudgetYear": null, "CRA": null, "created_date": 1743608749000, "last_edited_date": 1775568623000, "FundComm": null}}, {"type": "Feature", "id": 117321, "geometry": {"type": "Point", "coordinates": [-82.40633272810622, 28.02529465836456]}, "properties": {"OBJECTID": 117321, "GlobalID": "{742B017E-EC5D-4541-84F5-F0BC8D949610}", "projid": "1002588.2", "projname": "River Bluffs PS- 50th St/E Regnas Ave FM", "projdesc": "This project provides for the replacement of the force main that serves the River Bluffs Pump Station. Replacement of 300-ft of the existing 4” FM with 6” PVC, connecting to the existing 6” FM on the southside of Regnas Ave and installing 1,200-ft of 8\" HDPE that will discharge into the 37th St/Royal Inn collection system.", "rationale": "The force main replacement project will replace aging, deteriorated pipelines that have reached the end of their useful life and are susceptible to failure that can cause wastewater overflows that impact public health, safety, and the environment. ", "projtype": "Wastewater", "safety": "No", "mandate": "No", "repair": "No", "replace": "Yes", "expand": "No", "efficient": "No", "fiscalyr": "2027", "fundsource": "PIPES", "planstart": 1798822056000, "planend": 1827679660000, "estcost": 151200, "funded": "Yes", "projphase": "P2: Design", "actstart": null, "actend": null, "actcost": 0, "status": "90% Design Completion", "docpath": null, "CreationDate": -2209161600000, "EditDate": -2209161600000, "NumVotes": null, "MultiYear": "No", "ShowPublic": "Yes", "EBO": null, "JobsCreated": null, "Neighborhood": "Temple Crest", "Council": "5", "EBOAttained": null, "ContractNumber": "23-C-00018", "ActivityStatus": null, "ProjectSiteURL": "<a href=\"https://apps.tampagov.net/Directory_Lister/FileHandler.ashx?file=GIS%2f1002588.2.pdf\">1002588.2</a>", "ProjectNumerical": null, "RelatedProject": "No", "MapScale": 6000, "WMBESLBE": null, "DepPrjNum": "WW1002588.2D", "BudgetBook": "No", "BudgetYear": null, "CRA": null, "created_date": 1743608899000, "last_edited_date": 1775568628000, "FundComm": null}}, {"type": "Feature", "id": 117719, "geometry": {"type": "Point", "coordinates": [-82.49676313607559, 28.001647236792834]}, "properties": {"OBJECTID": 117719, "GlobalID": "{64F2E115-E1A0-4BFA-9045-3B396C31F081}", "projid": "1002588.2", "projname": "Gunlock PS Force Main Replacement", "projdesc": "This project provides for the replacement of the force main that serves the Gunlock Pump Station at N Gunlock Ave and W Idlewild Ave. Proposed 2,500-ft of 10” force main from the Gunlock Pump Station to the Burke Pump Station on W Idlewild Ave, while maintaining the existing force main connection at Lincoln Avenue.", "rationale": "The force main replacement project will replace aging, deteriorated pipelines that have reached the end of their useful life and are susceptible to failure that can cause wastewater overflows that impact public health, safety, and the environment. ", "projtype": "Wastewater", "safety": "No", "mandate": "No", "repair": "No", "replace": "Yes", "expand": "No", "efficient": "No", "fiscalyr": "2027", "fundsource": "PIPES", "planstart": 1798824492000, "planend": 1827682095000, "estcost": 375000, "funded": "Yes", "projphase": "P2: Design", "actstart": null, "actend": null, "actcost": 0, "status": "90% Design Completion", "docpath": null, "CreationDate": -2209161600000, "EditDate": -2209161600000, "NumVotes": null, "MultiYear": "No", "ShowPublic": "Yes", "EBO": null, "JobsCreated": null, "Neighborhood": null, "Council": null, "EBOAttained": null, "ContractNumber": "23-C-00018", "ActivityStatus": null, "ProjectSiteURL": "<a href=\"https://apps.tampagov.net/Directory_Lister/FileHandler.ashx?file=GIS%2f1002588.2.pdf\">1002588.2</a>", "ProjectNumerical": null, "RelatedProject": "No", "MapScale": 6000, "WMBESLBE": null, "DepPrjNum": "WW1002588.2E", "BudgetBook": "No", "BudgetYear": null, "CRA": null, "created_date": 1743611351000, "last_edited_date": 1775568639000, "FundComm": null}}, {"type": "Feature", "id": 117720, "geometry": {"type": "Point", "coordinates": [-82.4273896246934, 28.05847813174184]}, "properties": {"OBJECTID": 117720, "GlobalID": "{95D0E699-7771-4ADB-BA4A-D7B67864DCE7}", "projid": "1002588.2", "projname": "122nd Street PS FM Replacement", "projdesc": "This project provides for the replacement of the force main that serves The 122nd Ave Pump Station, located at E 122nd Ave, west of Bruce B Downs Blvd. Proposed 1,100 feet of 8” PVC force main north on Bruce B Downs Blvd and connecting to the16” 30th St force main.  ", "rationale": "The force main replacement project will replace aging, deteriorated pipelines that have reached the end of their useful life and are susceptible to failure that can cause wastewater overflows that impact public health, safety, and the environment. ", "projtype": "Wastewater", "safety": "No", "mandate": "No", "repair": "No", "replace": "Yes", "expand": "No", "efficient": "No", "fiscalyr": "2027", "fundsource": "PIPES", "planstart": 1798824872000, "planend": 1827682475000, "estcost": 116600, "funded": "Yes", "projphase": "P2: Design", "actstart": null, "actend": null, "actcost": 0, "status": "90% Design Completion", "docpath": null, "CreationDate": -2209161600000, "EditDate": -2209161600000, "NumVotes": null, "MultiYear": "No", "ShowPublic": "Yes", "EBO": null, "JobsCreated": null, "Neighborhood": null, "Council": null, "EBOAttained": null, "ContractNumber": "23-C-00018", "ActivityStatus": null, "ProjectSiteURL": "<a href=\"https://apps.tampagov.net/Directory_Lister/FileHandler.ashx?file=GIS%2f1002588.2.pdf\">1002588.2</a>", "ProjectNumerical": null, "RelatedProject": "No", "MapScale": 6000, "WMBESLBE": null, "DepPrjNum": "WW1002588.2G", "BudgetBook": "No", "BudgetYear": null, "CRA": null, "created_date": 1743611718000, "last_edited_date": 1775568643000, "FundComm": null}}, {"type": "Feature", "id": 117721, "geometry": {"type": "Point", "coordinates": [-82.51276176095969, 28.000008858143826]}, "properties": {"OBJECTID": 117721, "GlobalID": "{6E170C1A-AE66-49EF-89A6-E87F19015228}", "projid": "1002588.2", "projname": "Church St FM Extension", "projdesc": "This project provides for the extension of the Church Street force main that serves the North Park Center Pump Station located at Pine Crest Manor Boulevard and N Church Ave. The proposed force main, constructed using 1,800-ft of 8” HDPE, will begin from the corner of W Henry Ave and Blossom Ave and will discharge into the Idlewild Pump Station collection system. ", "rationale": "The force main replacement project will replace aging, deteriorated pipelines that have reached the end of their useful life and are susceptible to failure that can cause wastewater overflows that impact public health, safety, and the environment.  ", "projtype": "Wastewater", "safety": "No", "mandate": "No", "repair": "No", "replace": "Yes", "expand": "No", "efficient": "No", "fiscalyr": "2027", "fundsource": "PIPES", "planstart": 1798825089000, "planend": 1827682692000, "estcost": 190800, "funded": "Yes", "projphase": "P2: Design", "actstart": null, "actend": null, "actcost": 0, "status": "30% Design Completion", "docpath": null, "CreationDate": -2209161600000, "EditDate": -2209161600000, "NumVotes": null, "MultiYear": "No", "ShowPublic": "Yes", "EBO": null, "JobsCreated": null, "Neighborhood": null, "Council": null, "EBOAttained": null, "ContractNumber": "23-C-00018", "ActivityStatus": null, "ProjectSiteURL": "<a href=\"https://apps.tampagov.net/Directory_Lister/FileHandler.ashx?file=GIS%2f1002588.2.pdf\">1002588.2</a>", "ProjectNumerical": null, "RelatedProject": "No", "MapScale": 6000, "WMBESLBE": null, "DepPrjNum": "WW1002588.2F", "BudgetBook": "No", "BudgetYear": null, "CRA": null, "created_date": 1743611936000, "last_edited_date": 1775568649000, "FundComm": null}}, {"type": "Feature", "id": 118119, "geometry": {"type": "Point", "coordinates": [-82.51962859570557, 27.937905630220456]}, "properties": {"OBJECTID": 118119, "GlobalID": "{C109D1E2-4426-407D-B390-81F6867AA9D8}", "projid": " 1002569", "projname": "Swann  Pumping Station Generator Installation", "projdesc": " This project provides for the installation of a new standby diesel generator at Swann Pumping Station. The diesel generator will provide backup power, so the station remains in operation in the event of a power loss. ", "rationale": " The pumping station rehabilitation project will restore the station’s reliability by replacing the aging equipment and will include improvements to reduce vulnerability to extreme weather events.  The station is a critical wastewater asset and failure of the station would result in a wastewater overflow that would impact the environment and pose a public health threat to the surrounding neighborhoods. ", "projtype": "Wastewater", "safety": "No", "mandate": "No", "repair": "No", "replace": "No", "expand": "No", "efficient": "No", "fiscalyr": "2027", "fundsource": "PIPES", "planstart": 1788282827000, "planend": 1801505637000, "estcost": 776000, "funded": "Yes", "projphase": "P3: Procurement", "actstart": null, "actend": null, "actcost": 0, "status": "Permitting/Submittals Approval", "docpath": "https://www.tampa.gov/project/ww1002569", "CreationDate": -2209161600000, "EditDate": -2209161600000, "NumVotes": null, "MultiYear": "Yes", "ShowPublic": "Yes", "EBO": null, "JobsCreated": null, "Neighborhood": "Beach Park", "Council": "6", "EBOAttained": null, "ContractNumber": "23-C-00023", "ActivityStatus": null, "ProjectSiteURL": "<a href=\"https://apps.tampagov.net/Directory_Lister/FileHandler.ashx?file=GIS%2f 1002569.pdf\"> 1002569</a>", "ProjectNumerical": null, "RelatedProject": "No", "MapScale": 6000, "WMBESLBE": null, "DepPrjNum": "WW1002569", "BudgetBook": "No", "BudgetYear": null, "CRA": null, "created_date": 1745860519000, "last_edited_date": 1781269462000, "FundComm": null}}, {"type": "Feature", "id": 118519, "geometry": {"type": "Point", "coordinates": [-82.36881891310297, 28.146704646343593]}, "properties": {"OBJECTID": 118519, "GlobalID": "{DE1E78C1-056A-422E-A477-09AFC87C958B}", "projid": "1002914", "projname": "New Tampa Blvd Corridor Improvements From Meadow Pine Dr. to Bruce B. Downs Blvd. (Resurfacing)", "projdesc": "The project provides pavement resurfacing and pedestrian accessibility and safety improvements along the New Tampa Blvd corridor, spanning approximately 1.8 miles from Meadow Pines Drive to Bruce B. Downs Boulevard. New Tampa Boulevard is a collector roadway serving as a critical access route for the West Meadows and Richmond Place neighborhoods. The project will include: • Roadway resurfacing • Improved pavement markings • ADA pedestrian ramps.", "rationale": "This project will provide a refreshed pavement surface, improve visibility of the pavement markings, and update pedestrian curb ramps to comply with ADA standards and updated best practices.", "projtype": "Transportation", "safety": "Yes", "mandate": "No", "repair": "No", "replace": "Yes", "expand": "No", "efficient": "No", "fiscalyr": "2026", "fundsource": "Local Option Gas Tax", "planstart": 1785176620000, "planend": null, "estcost": 1030028, "funded": "Yes", "projphase": "P4: Construction", "actstart": null, "actend": null, "actcost": 0, "status": "Permitting/Submittals Approval", "docpath": "https://www.tampa.gov/project/trans20188", "CreationDate": -2209161600000, "EditDate": -2209161600000, "NumVotes": null, "MultiYear": "Yes", "ShowPublic": "Yes", "EBO": null, "JobsCreated": null, "Neighborhood": "West Meadows", "Council": "7", "EBOAttained": null, "ContractNumber": "26-C-00006", "ActivityStatus": null, "ProjectSiteURL": "<a href=\"https://apps.tampagov.net/Directory_Lister/FileHandler.ashx?file=GIS%2f1002914.pdf\">1002914</a>", "ProjectNumerical": null, "RelatedProject": "No", "MapScale": 6000, "WMBESLBE": null, "DepPrjNum": "TRANS20188", "BudgetBook": "No", "BudgetYear": null, "CRA": null, "created_date": 1747917980000, "last_edited_date": 1784215166000, "FundComm": null}}, {"type": "Feature", "id": 118919, "geometry": {"type": "Point", "coordinates": [-82.43116096042559, 28.003391822314082]}, "properties": {"OBJECTID": 118919, "GlobalID": "{CA22D474-75EC-4E10-90DB-83DC5E52AED6}", "projid": "1002148", "projname": "Hanna Avenue Phase 1 (24th St to CSX RR)", "projdesc": "Reprofiling of Hanna Avenue in front of City Center", "rationale": "Complete Street", "projtype": "Transportation", "safety": "No", "mandate": "No", "repair": "No", "replace": "No", "expand": "No", "efficient": "No", "fiscalyr": "2030", "fundsource": "Yet to be Determined", "planstart": 1893513810000, "planend": null, "estcost": 1670096, "funded": "No", "projphase": "P2: Design", "actstart": null, "actend": null, "actcost": 0, "status": "30% Design Completion", "docpath": "https://www.tampa.gov/project/trans20189", "CreationDate": -2209161600000, "EditDate": -2209161600000, "NumVotes": null, "MultiYear": "No", "ShowPublic": "Yes", "EBO": null, "JobsCreated": null, "Neighborhood": "Seminole Heights East", "Council": "5", "EBOAttained": null, "ContractNumber": null, "ActivityStatus": null, "ProjectSiteURL": "<a href=\"https://apps.tampagov.net/Directory_Lister/FileHandler.ashx?file=GIS%2f1002148.pdf\">1002148</a>", "ProjectNumerical": null, "RelatedProject": "No", "MapScale": 6000, "WMBESLBE": null, "DepPrjNum": "TRANS20189", "BudgetBook": "No", "BudgetYear": null, "CRA": null, "created_date": 1749128373000, "last_edited_date": 1780053793000, "FundComm": null}}, {"type": "Feature", "id": 119319, "geometry": {"type": "Point", "coordinates": [-82.5129322794101, 27.981555183074395]}, "properties": {"OBJECTID": 119319, "GlobalID": "{B56936DE-E337-4200-9B86-29F29ED55093}", "projid": "1002903", "projname": "MLK Resurfacing from Air Cargo to Dale Mabry", "projdesc": "Pavement resurfacing", "rationale": "Resurfacing", "projtype": "Transportation", "safety": "No", "mandate": "No", "repair": "No", "replace": "No", "expand": "No", "efficient": "No", "fiscalyr": "2026", "fundsource": "Local Option Gas Tax", "planstart": 1772976863000, "planend": 1782912873000, "estcost": 950000, "funded": "No", "projphase": "P4: Construction", "actstart": null, "actend": null, "actcost": 0, "status": "Construction in Progress", "docpath": "https://www.tampa.gov/project/trans20190", "CreationDate": -2209161600000, "EditDate": -2209161600000, "NumVotes": null, "MultiYear": "No", "ShowPublic": "Yes", "EBO": null, "JobsCreated": null, "Neighborhood": "Drew Park", "Council": "6", "EBOAttained": null, "ContractNumber": "22-C-22001 ", "ActivityStatus": null, "ProjectSiteURL": "<a href=\"https://apps.tampagov.net/Directory_Lister/FileHandler.ashx?file=GIS%2f1002903.pdf\">1002903</a>", "ProjectNumerical": null, "RelatedProject": "No", "MapScale": 6000, "WMBESLBE": null, "DepPrjNum": "TRANS20190", "BudgetBook": "No", "BudgetYear": null, "CRA": "Drew Park", "created_date": 1749130564000, "last_edited_date": 1772802826000, "FundComm": null}}, {"type": "Feature", "id": 119719, "geometry": {"type": "Point", "coordinates": [-82.49373667451836, 27.90676324162487]}, "properties": {"OBJECTID": 119719, "GlobalID": "{71FA6864-5962-41A0-A772-DB90D24AA7E0}", "projid": "1002811", "projname": "S Macdill Ave Resurfacing from W Gandy Blvd to W Bay to Bay Blvd", "projdesc": "This is a subproject of the Hillsborough County Resurfacing Tax Project funded by the AFT Surtax Network Operating Fund. The project provides pavement resurfacing, pedestrian accessibility and safety improvements along the S Macdill avenue corridor, spanning approximately 1.8 miles from W Gandy Blvd to W Bay to Bay Blvd. S Macdill is a collector roadway serving as a critical access route for the Bayshore Beautiful and Palma Ceia neighborhoods. The project will include:  <br>• Roadway resurfacing  <br>• Improved pavement markings  <br>• ADA pedestrian ramps", "rationale": "Resurfacing and Pedestrian Accessibility Improvements", "projtype": "Transportation", "safety": "Yes", "mandate": "No", "repair": "No", "replace": "Yes", "expand": "No", "efficient": "No", "fiscalyr": "TBD", "fundsource": "Tax - Other", "planstart": null, "planend": null, "estcost": 3382122, "funded": "Yes", "projphase": "P2: Design", "actstart": null, "actend": null, "actcost": 0, "status": "60% Design Completion", "docpath": "https://www.tampa.gov/project/trans20192", "CreationDate": -2209161600000, "EditDate": -2209161600000, "NumVotes": null, "MultiYear": "No", "ShowPublic": "Yes", "EBO": null, "JobsCreated": null, "Neighborhood": "Bayshore Beautiful", "Council": "4", "EBOAttained": null, "ContractNumber": null, "ActivityStatus": null, "ProjectSiteURL": "<a href=\"https://apps.tampagov.net/Directory_Lister/FileHandler.ashx?file=GIS%2f1002811.pdf\">1002811</a>", "ProjectNumerical": null, "RelatedProject": "No", "MapScale": 6000, "WMBESLBE": null, "DepPrjNum": "TRANS20192", "BudgetBook": "No", "BudgetYear": null, "CRA": null, "created_date": 1749480117000, "last_edited_date": 1784125979000, "FundComm": null}}, {"type": "Feature", "id": 120119, "geometry": {"type": "Point", "coordinates": [-82.46522949521382, 28.043907413552883]}, "properties": {"OBJECTID": 120119, "GlobalID": "{B51B8FD7-FC6D-4A32-AEA5-11F7F95AF651}", "projid": " 1002651", "projname": " Forest Hills Park  Pump Station", "projdesc": " The project consists of the installation of an automated pump station to replace the existing temporary pump station at the Forest Hills Park along West Bougainvillea Avenue. The new pump station will eliminate the need for maintenance personnel to operate the pump station during wet weather conditions and will provide a more reliable means to control upstream water levels. This station will be controlled remotely through the City’s SCADA system. ", "rationale": " This project aims to enhance stormwater management in the Forest Hills Park area by replacing the City’s existing portable pump with a permanent, automated pump station. The new system will improve flood control by activating automatically during high water levels, reducing the need for manual operation and increasing reliability. It will be powered by the electric grid with backup systems, ensuring continuous protection of public and private properties during storm events.", "projtype": "Stormwater Engineering", "safety": "No", "mandate": "No", "repair": "No", "replace": "No", "expand": "No", "efficient": "No", "fiscalyr": "2027", "fundsource": "Stormwater Improvement Fee", "planstart": 1790856894000, "planend": 1817122502000, "estcost": 3400000, "funded": "Yes", "projphase": "P3: Procurement", "actstart": null, "actend": null, "actcost": 0, "status": "Consultant/Contractor Selection Process", "docpath": "https://tampa.gov/project/SW250003", "CreationDate": -2209161600000, "EditDate": -2209161600000, "NumVotes": null, "MultiYear": "Yes", "ShowPublic": "Yes", "EBO": null, "JobsCreated": null, "Neighborhood": "East Forest Hills", "Council": "7", "EBOAttained": null, "ContractNumber": "22-D-38206", "ActivityStatus": null, "ProjectSiteURL": "<a href=\"https://apps.tampagov.net/Directory_Lister/FileHandler.ashx?file=GIS%2f 1002651.pdf\"> 1002651</a>", "ProjectNumerical": null, "RelatedProject": "No", "MapScale": 6000, "WMBESLBE": null, "DepPrjNum": "SW250003", "BudgetBook": "No", "BudgetYear": null, "CRA": null, "created_date": 1749557768000, "last_edited_date": 1786123138000, "FundComm": null}}, {"type": "Feature", "id": 120519, "geometry": {"type": "Point", "coordinates": [-82.4428662664658, 28.051445290861366]}, "properties": {"OBJECTID": 120519, "GlobalID": "{E01F483B-32BD-4288-9830-B51CB53278AF}", "projid": "1002811", "projname": "N 15th Street ADA Improvements from E 109th Ave to E Fowler Ave", "projdesc": "This is a subproject of the Hillsborough County Resurfacing Tax Project funded by the AFT Surtax Network Operating Fund. The project provides pedestrian accessibility and safety improvements along the N 15th street corridor, spanning approximately 0.5 miles from E 109th Ave to E Fowler Ave. N 15th street is a collector roadway serving as a critical access route for the North Tampa Community and University Square neighborhoods. The project will include ADA pedestrian ramps.", "rationale": "This project will provide updated pedestrian curb ramps to comply with ADA standards and best practices.", "projtype": "Transportation", "safety": "Yes", "mandate": "No", "repair": "No", "replace": "No", "expand": "No", "efficient": "No", "fiscalyr": "TBD", "fundsource": "Tax - Other", "planstart": null, "planend": null, "estcost": 834200, "funded": "Yes", "projphase": "P3: Procurement", "actstart": null, "actend": null, "actcost": 0, "status": "Project Startup", "docpath": "https://www.tampa.gov/project/trans20171", "CreationDate": -2209161600000, "EditDate": -2209161600000, "NumVotes": null, "MultiYear": "No", "ShowPublic": "Yes", "EBO": null, "JobsCreated": null, "Neighborhood": "University Square", "Council": "7", "EBOAttained": null, "ContractNumber": null, "ActivityStatus": null, "ProjectSiteURL": "<a href=\"https://apps.tampagov.net/Directory_Lister/FileHandler.ashx?file=GIS%2f1002811.pdf\">1002811</a>", "ProjectNumerical": null, "RelatedProject": "No", "MapScale": 6000, "WMBESLBE": null, "DepPrjNum": "TRANS20171", "BudgetBook": "No", "BudgetYear": null, "CRA": null, "created_date": 1749574820000, "last_edited_date": 1784125782000, "FundComm": null}}, {"type": "Feature", "id": 120520, "geometry": {"type": "Point", "coordinates": [-82.46768991067782, 27.9673862586307]}, "properties": {"OBJECTID": 120520, "GlobalID": "{E00CC786-EA64-4B07-A137-7BAAFF97D385}", "projid": "1002809", "projname": "N Boulevard Resurfacing from W Green St to W Dr MLK Blvd", "projdesc": "This is a subproject of the Hillsborough County Resurfacing Tax Project funded by the AFT Surtax Network Operating Fund. The project provides pavement resurfacing, pedestrian accessibility and safety improvements along the N Boulevard corridor, spanning approximately 1.75 miles from W Green St to W Dr MLK Blvd. N Boulevard is a collector roadway serving as a critical access route for the West River, Tampa Heights, Ridgewood Park and Riverside Heights neighborhoods. The project will include:  <br>• Roadway resurfacing  <br>• Improved pavement markings  <br>• ADA pedestrian ramps", "rationale": "Resurfacing and Pedestrian Accessibility Improvements", "projtype": "Transportation", "safety": "Yes", "mandate": "No", "repair": "No", "replace": "Yes", "expand": "No", "efficient": "No", "fiscalyr": "TBD", "fundsource": "Tax - Other", "planstart": null, "planend": null, "estcost": 4896793, "funded": "Yes", "projphase": "P2: Design", "actstart": null, "actend": null, "actcost": 0, "status": "30% Design Completion", "docpath": "https://www.tampa.gov/project/trans20196", "CreationDate": -2209161600000, "EditDate": -2209161600000, "NumVotes": null, "MultiYear": "No", "ShowPublic": "Yes", "EBO": null, "JobsCreated": null, "Neighborhood": "Riverside Heights", "Council": "6", "EBOAttained": null, "ContractNumber": null, "ActivityStatus": null, "ProjectSiteURL": "<a href=\"https://apps.tampagov.net/Directory_Lister/FileHandler.ashx?file=GIS%2f1002809.pdf\">1002809</a>", "ProjectNumerical": null, "RelatedProject": "No", "MapScale": 6000, "WMBESLBE": null, "DepPrjNum": "TRANS20196", "BudgetBook": "No", "BudgetYear": null, "CRA": null, "created_date": 1749575062000, "last_edited_date": 1773833553000, "FundComm": null}}, {"type": "Feature", "id": 121319, "geometry": {"type": "Point", "coordinates": [-82.43244884671927, 27.942839618922]}, "properties": {"OBJECTID": 121319, "GlobalID": "{C2DEDB3E-4261-4A1D-AE43-ECC400771825}", "projid": " ", "projname": "Pathways to Palmetto (Design-Build)", "projdesc": " This project is for the design of 22nd St. and 26th St. as well as the construction of 22nd St./26th St./Bermuda Blvd roadway & seawall.  This project will include the following:  • Design of 22nd St. and 26th St. Complete Streets.  • Reconstructing/replacing and amenitizing the existing seawall on Bermuda Blvd. including an 8 ft. wide seawall trail*.  • Installation of backflow preventers at the seawall outfall pipes.  • Implementation of Complete Streets concept to support the mobility needs of all along Bermuda Blvd.  • Roadway resurfacing and narrowing travel lanes.  • Installation of tree wells and bioswales along the roadway shoulders.  • Connects to the proposed Green ARTery Perimeter Trail. * The design of Bermuda Blvd roadway and seawall will be completed using a separate project: TRANS20141 - Bermuda Blvd Complete Streets and Seawall project (https://www.tampa.gov/project/trans20141).", "rationale": "• Improved resiliency of the entire community from flooding and storm damage.  • Will establish a new waterfront boulevard and trail.  •\tImproved connections between the Palmetto Beach neighborhood and Downtown Tampa.  • Improved habitat in McKay Bay.  •\tImproved vitality of the neighborhood through the incorporation of Complete Streets improvements to improve roadway safety and ensure accessibility for all users.", "projtype": "Transportation", "safety": "Yes", "mandate": "No", "repair": "Yes", "replace": "No", "expand": "No", "efficient": "No", "fiscalyr": "TBD", "fundsource": "Multiple Funding", "planstart": null, "planend": null, "estcost": 24467804, "funded": "No", "projphase": "P1: Planning", "actstart": null, "actend": null, "actcost": 0, "status": "Planning", "docpath": "https://www.tampa.gov/project/trans20197", "CreationDate": -2209161600000, "EditDate": -2209161600000, "NumVotes": null, "MultiYear": "Yes", "ShowPublic": "Yes", "EBO": null, "JobsCreated": null, "Neighborhood": "Palmetto Beach", "Council": "5", "EBOAttained": null, "ContractNumber": "25-D-00015", "ActivityStatus": null, "ProjectSiteURL": "<a href=\"https://apps.tampagov.net/Directory_Lister/FileHandler.ashx?file=GIS%2f .pdf\"> </a>", "ProjectNumerical": null, "RelatedProject": "No", "MapScale": 6000, "WMBESLBE": null, "DepPrjNum": "TRANS20197", "BudgetBook": "No", "BudgetYear": null, "CRA": null, "created_date": 1750259318000, "last_edited_date": 1757604496000, "FundComm": null}}, {"type": "Feature", "id": 124119, "geometry": {"type": "Point", "coordinates": [-82.4600054074652, 27.947832959250498]}, "properties": {"OBJECTID": 124119, "GlobalID": "{E7934169-5D6E-46EF-B731-358548E0CB35}", "projid": " ", "projname": "Ashley and Madison  - Signals (SMD) ", "projdesc": "New mast arm replacement at intersection old mast arm beyond life. ", "rationale": "Traffic Signal-Intersection Improvements", "projtype": "Transportation", "safety": "Yes", "mandate": "No", "repair": "No", "replace": "No", "expand": "No", "efficient": "No", "fiscalyr": "2025", "fundsource": "Local Option Gas Tax", "planstart": 1754914981000, "planend": 1769804759000, "estcost": 84810.56, "funded": "Yes", "projphase": "P5: Closeout", "actstart": null, "actend": null, "actcost": 0, "status": "Closeout", "docpath": "https://www.tampa.gov/project/trans10038", "CreationDate": -2209161600000, "EditDate": -2209161600000, "NumVotes": null, "MultiYear": "No", "ShowPublic": "Yes", "EBO": null, "JobsCreated": null, "Neighborhood": "Downtown River Arts", "Council": "5", "EBOAttained": null, "ContractNumber": null, "ActivityStatus": null, "ProjectSiteURL": "<a href=\"https://apps.tampagov.net/Directory_Lister/FileHandler.ashx?file=GIS%2f .pdf\"> </a>", "ProjectNumerical": null, "RelatedProject": "No", "MapScale": 6000, "WMBESLBE": null, "DepPrjNum": "TRANS10038", "BudgetBook": "No", "BudgetYear": null, "CRA": "Downtown Non Core", "created_date": 1755001351000, "last_edited_date": 1773948361000, "FundComm": null}}, {"type": "Feature", "id": 124519, "geometry": {"type": "Point", "coordinates": [-82.45728866211843, 27.947318677828484]}, "properties": {"OBJECTID": 124519, "GlobalID": "{CF0EB6DA-346A-4F9C-BB67-2091FB6CCE9F}", "projid": " ", "projname": "Citywide Sidewalk Improvements (Design-Build)", "projdesc": "The City has conducted an analysis of all sidewalk gaps, prioritizing them according to the Tampa MOVES criteria. The top-priority sidewalk gaps throughout the City that will be constructed under this project are, Phase 1: E. Waters, South side from Rowlett Park Dr to E Riverhills Dr; E Riverhills Dr/E Yukon St, South side from N 22nd St to N 28th St; and E Bird St, South side from N Klondyke St to N Ogontz Ave. Phase 2: E 109th Ave, North side from N Nebraska Ave to N 15th St; W Stanley Ave North and South Side from N Highland Ave to N Florida Ave; W Kirby St, North and South side from N Highland Ave to N Florida Ave; and N 42nd St, East side from E Louisiana Ave to E Ellicott St. Phase 3: W Hollywood St, North and south side from N Highland Ave to N Florida Ave; E Hanlon St, North and south side from N Florida Ave to N Branch Ave; E Clinton Ave, North and south side from N Dixon Ave to N Central Ave; and N 43rd St, East and west side from James Elementary School to E Frierson Ave.", "rationale": "Benefits of the project include an increase pedestrian accessibility and safety in various locations.", "projtype": "Transportation", "safety": "Yes", "mandate": "No", "repair": "No", "replace": "No", "expand": "No", "efficient": "No", "fiscalyr": "2026", "fundsource": "Yet to be Determined", "planstart": null, "planend": null, "estcost": 1600000, "funded": "No", "projphase": "P1: Planning", "actstart": null, "actend": null, "actcost": 0, "status": "Planning", "docpath": null, "CreationDate": -2209161600000, "EditDate": -2209161600000, "NumVotes": null, "MultiYear": "Yes", "ShowPublic": "Yes", "EBO": null, "JobsCreated": null, "Neighborhood": "Tampa Downtown Partnership", "Council": "5", "EBOAttained": null, "ContractNumber": "24-C-00025", "ActivityStatus": null, "ProjectSiteURL": "<a href=\"https://apps.tampagov.net/Directory_Lister/FileHandler.ashx?file=GIS%2f .pdf\"> </a>", "ProjectNumerical": null, "RelatedProject": "No", "MapScale": 6000, "WMBESLBE": null, "DepPrjNum": "TRANS20200", "BudgetBook": "No", "BudgetYear": null, "CRA": "Downtown Non Core", "created_date": 1755268108000, "last_edited_date": 1772462619000, "FundComm": null}}, {"type": "Feature", "id": 125319, "geometry": {"type": "Point", "coordinates": [-82.52487295686852, 27.952283718146848]}, "properties": {"OBJECTID": 125319, "GlobalID": "{9E5FB8AB-2964-4093-AB29-A4AAF85344FC}", "projid": "1002808", "projname": "W Cypress Street Resurfacing (Zone 1) From N Obrien St to N Himes Ave ", "projdesc": "This is a subproject of the Hillsborough County Resurfacing Tax Project funded by the AFT Surtax Network Operating Fund. The project provides pavement resurfacing, pedestrian accessibility and safety improvements along the W Cypress street corridor, spanning approximately 1.9 miles from N Obrien st to N Himes Ave. This section of W Cypress is a collector roadway serving as a critical access route for the Tampa International Airport, Carver City Lincoln Gardens, North Bon Air, Midtown and Oakford Park neighborhoods. The project will include:  <br>• Roadway resurfacing  <br>• Improved pavement markings  <br>• ADA pedestrian ramps", "rationale": "Resurfacing and Pedestrian Accessibility Improvements", "projtype": "Transportation", "safety": "Yes", "mandate": "No", "repair": "No", "replace": "No", "expand": "No", "efficient": "No", "fiscalyr": "TBD", "fundsource": "Tax - Other", "planstart": null, "planend": null, "estcost": 6035773, "funded": "Yes", "projphase": "P2: Design", "actstart": null, "actend": null, "actcost": 0, "status": "30% Design Completion", "docpath": "https://www.tampa.gov/project/trans20201", "CreationDate": -2209161600000, "EditDate": -2209161600000, "NumVotes": null, "MultiYear": "No", "ShowPublic": "Yes", "EBO": null, "JobsCreated": null, "Neighborhood": "Westshore", "Council": "6", "EBOAttained": null, "ContractNumber": null, "ActivityStatus": null, "ProjectSiteURL": "<a href=\"https://apps.tampagov.net/Directory_Lister/FileHandler.ashx?file=GIS%2f1002808.pdf\">1002808</a>", "ProjectNumerical": null, "RelatedProject": "No", "MapScale": 6000, "WMBESLBE": null, "DepPrjNum": "TRANS20201", "BudgetBook": "No", "BudgetYear": null, "CRA": null, "created_date": 1771336060000, "last_edited_date": 1784215705000, "FundComm": null}}, {"type": "Feature", "id": 125719, "geometry": {"type": "Point", "coordinates": [-82.48408825311407, 27.952073141902215]}, "properties": {"OBJECTID": 125719, "GlobalID": "{94E8B368-9F53-4CF6-8E5E-487DB877B5C0}", "projid": "1002810", "projname": "W Cypress Street Resurfacing (Zone 2) from N Himes Ave to North Blvd", "projdesc": "This is a subproject of the Hillsborough County Resurfacing Tax Project funded by the AFT Surtax Network Operating Fund. The project provides pavement resurfacing, pedestrian accessibility and safety improvements along the W Cypress street corridor, spanning approximately 2.0 miles from N Himes Ave to North Blvd. This section of W Cypress is a collector roadway serving as a critical access route for the Midtown, Oakford Park, Armory Gardens, North Hyde Park and West Riverfront neighborhoods. The project will include:  <br>• Roadway resurfacing <br>• Improved pavement markings  <br>• ADA pedestrian ramps", "rationale": "Resurfacing and Pedestrian Accessibility Improvements", "projtype": "Transportation", "safety": "Yes", "mandate": "No", "repair": "No", "replace": "Yes", "expand": "No", "efficient": "No", "fiscalyr": "TBD", "fundsource": "Tax - Other", "planstart": null, "planend": null, "estcost": 3740451, "funded": "Yes", "projphase": "P2: Design", "actstart": null, "actend": null, "actcost": 0, "status": "30% Design Completion", "docpath": "https://www.tampa.gov/project/trans20202", "CreationDate": -2209161600000, "EditDate": -2209161600000, "NumVotes": null, "MultiYear": "No", "ShowPublic": "Yes", "EBO": null, "JobsCreated": null, "Neighborhood": "North Hyde Park", "Council": "5", "EBOAttained": null, "ContractNumber": null, "ActivityStatus": null, "ProjectSiteURL": "<a href=\"https://apps.tampagov.net/Directory_Lister/FileHandler.ashx?file=GIS%2f1002810.pdf\">1002810</a>", "ProjectNumerical": null, "RelatedProject": "No", "MapScale": 6000, "WMBESLBE": null, "DepPrjNum": "TRANS20202", "BudgetBook": "No", "BudgetYear": null, "CRA": "West Tampa", "created_date": 1771342607000, "last_edited_date": 1784215665000, "FundComm": null}}, {"type": "Feature", "id": 126119, "geometry": {"type": "Point", "coordinates": [-82.45591984098239, 28.02904690298462]}, "properties": {"OBJECTID": 126119, "GlobalID": "{A25DE2B2-CC8F-4018-B10D-919C0A2699FE}", "projid": "1002812", "projname": "E Yukon Street Resurfacing from N Florida Ave to Nebraska Ave", "projdesc": "This is a subproject of the Hillsborough County Resurfacing Tax Project funded by the AFT Surtax Network Operating Fund. The project provides pavement resurfacing, pedestrian accessibility and safety improvements along the E Yukon street corridor, spanning approximately 0.5 miles from N Florida Ave to Nebraska Ave. E Yukon is a collector roadway serving as a critical access route for the Sulphur Springs neighborhood. The project will include:  <br>• Roadway resurfacing  <br>• Improved pavement markings  <br>• ADA pedestrian ramps", "rationale": "Resurfacing and Pedestrian Accessibility Improvements", "projtype": "Transportation", "safety": "Yes", "mandate": "No", "repair": "No", "replace": "Yes", "expand": "No", "efficient": "No", "fiscalyr": "2027", "fundsource": "Tax - Other", "planstart": null, "planend": null, "estcost": 2212900, "funded": "Yes", "projphase": "P4: Construction", "actstart": null, "actend": null, "actcost": 0, "status": "Permitting/Submittals Approval", "docpath": "https://www.tampa.gov/project/trans20203", "CreationDate": -2209161600000, "EditDate": -2209161600000, "NumVotes": null, "MultiYear": "No", "ShowPublic": "Yes", "EBO": null, "JobsCreated": null, "Neighborhood": "Sulphur Springs", "Council": "6", "EBOAttained": null, "ContractNumber": null, "ActivityStatus": null, "ProjectSiteURL": "<a href=\"https://apps.tampagov.net/Directory_Lister/FileHandler.ashx?file=GIS%2f1002812.pdf\">1002812</a>", "ProjectNumerical": null, "RelatedProject": "No", "MapScale": 6000, "WMBESLBE": null, "DepPrjNum": "TRANS20203", "BudgetBook": "No", "BudgetYear": null, "CRA": null, "created_date": 1771345268000, "last_edited_date": 1784215743000, "FundComm": null}}, {"type": "Feature", "id": 126519, "geometry": {"type": "Point", "coordinates": [-82.42244489956916, 27.978970738415963]}, "properties": {"OBJECTID": 126519, "GlobalID": "{0EF8C835-DF9D-4805-AB5E-7C09B98C77AD}", "projid": "1002814", "projname": "N 34th Street ADA Improvements  from 29th Ave to 33rd Ave", "projdesc": "This is a subproject of the Hillsborough County Resurfacing Tax Project funded by the AFT Surtax Network Operating Fund. The project provides pedestrian accessibility and safety improvements along the N 34th street corridor, spanning approximately 0.25 miles from E 29th Ave to E 33rd Ave. N 34th street is a collector roadway serving as a critical access route for the Jackson Heights neighborhood. The project will include ADA pedestrian ramps.", "rationale": "This project will provide updated pedestrian curb ramps to comply with ADA standards and best practices.", "projtype": "Transportation", "safety": "Yes", "mandate": "No", "repair": "No", "replace": "No", "expand": "No", "efficient": "No", "fiscalyr": "TBD", "fundsource": "Tax - Other", "planstart": null, "planend": null, "estcost": 78000, "funded": "Yes", "projphase": "P2: Design", "actstart": null, "actend": null, "actcost": 0, "status": "30% Design Completion", "docpath": "https://www.tampa.gov/project/trans20204", "CreationDate": -2209161600000, "EditDate": -2209161600000, "NumVotes": null, "MultiYear": "No", "ShowPublic": "Yes", "EBO": null, "JobsCreated": null, "Neighborhood": "Jackson Heights", "Council": "5", "EBOAttained": null, "ContractNumber": null, "ActivityStatus": null, "ProjectSiteURL": "<a href=\"https://apps.tampagov.net/Directory_Lister/FileHandler.ashx?file=GIS%2f1002814.pdf\">1002814</a>", "ProjectNumerical": null, "RelatedProject": "No", "MapScale": 6000, "WMBESLBE": null, "DepPrjNum": "TRANS20204", "BudgetBook": "No", "BudgetYear": null, "CRA": "East Tampa", "created_date": 1771599786000, "last_edited_date": 1784215777000, "FundComm": null}}, {"type": "Feature", "id": 126520, "geometry": {"type": "Point", "coordinates": [-82.46544456731196, 27.93724649223117]}, "properties": {"OBJECTID": 126520, "GlobalID": "{4C7B242E-BD98-4BAB-94ED-21C782919B0C}", "projid": " N/A", "projname": "Bayshore Blvd & Swann Ave - New Traffic Signal", "projdesc": "This project includes design and construction of a new traffic signal to improve safety and enhance access for the community. The project includes marked crosswalks, pedestrian signals, ADA-compliant ramps, and detectable warning mats.", "rationale": "Enhances safety to all modes of transportation at the intersection;\tReduces the probability of right-angled crashes through the implementation of traffic signals and other improvements; Improves mobility and accessibility infrastructure for pedestrians and individuals with disabilities; Improves traffic flow at the intersection.", "projtype": "Transportation", "safety": "Yes", "mandate": "No", "repair": "No", "replace": "No", "expand": "No", "efficient": "Yes", "fiscalyr": "2026", "fundsource": "Other Agencies", "planstart": null, "planend": null, "estcost": 1500000, "funded": "Yes", "projphase": "P1: Planning", "actstart": null, "actend": null, "actcost": 0, "status": "Planning", "docpath": "https://www.tampa.gov/project/trans10040", "CreationDate": -2209161600000, "EditDate": -2209161600000, "NumVotes": null, "MultiYear": "No", "ShowPublic": "Yes", "EBO": null, "JobsCreated": null, "Neighborhood": "Hyde Park Spanishtown Creek", "Council": "4", "EBOAttained": null, "ContractNumber": null, "ActivityStatus": null, "ProjectSiteURL": "<a href=\"https://apps.tampagov.net/Directory_Lister/FileHandler.ashx?file=GIS%2f N/A.pdf\"> N/A</a>", "ProjectNumerical": null, "RelatedProject": "No", "MapScale": 6000, "WMBESLBE": null, "DepPrjNum": "TRANS10040", "BudgetBook": "No", "BudgetYear": null, "CRA": null, "created_date": 1772657921000, "last_edited_date": 1780577306000, "FundComm": null}}, {"type": "Feature", "id": 126521, "geometry": {"type": "Point", "coordinates": [-82.50208885896555, 27.893675017062876]}, "properties": {"OBJECTID": 126521, "GlobalID": "{6DA0F1F8-80FB-456F-96AC-B902FC39F80A}", "projid": "N/A", "projname": "Himes Ave & Gandy Blvd - Traffic Signal Upgrade", "projdesc": "This project includes design and replacement of traffic signals to improve safety and enhance access for the community. The project includes left turn signals, marked crosswalks, pedestrian signals, ADA-compliant ramps, and detectable warning mats.", "rationale": "Enhances safety to all modes of transportation at the intersection;\tReduces the probability of right-angled crashes through the implementation of left turn signals and other improvements; Improves mobility and accessibility infrastructure for pedestrians and individuals with disabilities; Improves traffic flow at the intersection.", "projtype": "Transportation", "safety": "Yes", "mandate": "No", "repair": "No", "replace": "No", "expand": "No", "efficient": "Yes", "fiscalyr": "2027", "fundsource": "Other Agencies", "planstart": null, "planend": null, "estcost": 900000, "funded": "Yes", "projphase": "P2: Design", "actstart": null, "actend": null, "actcost": 0, "status": "60% Design Completion", "docpath": "https://www.tampa.gov/project/trans10039", "CreationDate": -2209161600000, "EditDate": -2209161600000, "NumVotes": null, "MultiYear": "No", "ShowPublic": "Yes", "EBO": null, "JobsCreated": null, "Neighborhood": "Interbay - South of Gandy", "Council": "4", "EBOAttained": null, "ContractNumber": null, "ActivityStatus": null, "ProjectSiteURL": "<a href=\"https://apps.tampagov.net/Directory_Lister/FileHandler.ashx?file=GIS%2fN/A.pdf\">N/A</a>", "ProjectNumerical": null, "RelatedProject": "No", "MapScale": 6000, "WMBESLBE": null, "DepPrjNum": "TRANS10039", "BudgetBook": "No", "BudgetYear": null, "CRA": null, "created_date": 1772657333000, "last_edited_date": 1782939083000, "FundComm": null}}, {"type": "Feature", "id": 126522, "geometry": {"type": "Point", "coordinates": [-82.51784777793503, 27.919878632419696]}, "properties": {"OBJECTID": 126522, "GlobalID": "{813C9D1B-CBDE-4182-9E99-75122BDA2973}", "projid": "N/A", "projname": " Manhattan Ave & Bay to Bay Blvd - Traffic Signal Upgrade", "projdesc": "This project includes design and replacement of traffic signals to improve safety and enhance access for the community. The project includes curb extensions, marked crosswalks, pedestrian signals, ADA-compliant ramps, and detectable warning mats.", "rationale": " Enhances safety to all modes of transportation at the intersection;\tReduces the probability of right-angled crashes through the implementation of left turn signals and other improvements; Improves mobility and accessibility infrastructure for pedestrians and individuals with disabilities; Improves traffic flow at the intersection", "projtype": "Transportation", "safety": "Yes", "mandate": "No", "repair": "No", "replace": "No", "expand": "No", "efficient": "Yes", "fiscalyr": "2027", "fundsource": "Other Agencies", "planstart": null, "planend": null, "estcost": 1200000, "funded": "Yes", "projphase": "P2: Design", "actstart": null, "actend": null, "actcost": 0, "status": "30% Design Completion", "docpath": "https://www.tampa.gov/project/trans10042", "CreationDate": -2209161600000, "EditDate": -2209161600000, "NumVotes": null, "MultiYear": "No", "ShowPublic": "Yes", "EBO": null, "JobsCreated": null, "Neighborhood": "Sunset Park", "Council": "4", "EBOAttained": null, "ContractNumber": null, "ActivityStatus": null, "ProjectSiteURL": "<a href=\"https://apps.tampagov.net/Directory_Lister/FileHandler.ashx?file=GIS%2fN/A.pdf\">N/A</a>", "ProjectNumerical": null, "RelatedProject": "No", "MapScale": 6000, "WMBESLBE": null, "DepPrjNum": "TRANS10042", "BudgetBook": "No", "BudgetYear": null, "CRA": null, "created_date": 1772656732000, "last_edited_date": 1782938980000, "FundComm": null}}, {"type": "Feature", "id": 126523, "geometry": {"type": "Point", "coordinates": [-82.49385968102246, 27.893698072103806]}, "properties": {"OBJECTID": 126523, "GlobalID": "{A2CB62BC-8C29-482A-8051-14F58DDA9738}", "projid": "N/A", "projname": "MacDill Ave & Gandy Blvd - Traffic Signal Upgrade", "projdesc": "This project includes design and replacement of traffic signals to improve safety and enhance access for the community. The project includes left turn signals, marked crosswalks, pedestrian signals, ADA-compliant ramps, and detectable warning mats.", "rationale": "Enhances safety to all modes of transportation at the intersection;\tReduces the probability of right-angled crashes through the implementation of left turn signals and other improvements; Improves mobility and accessibility infrastructure for pedestrians and individuals with disabilities; Improves traffic flow at the intersection.", "projtype": "Transportation", "safety": "Yes", "mandate": "No", "repair": "No", "replace": "No", "expand": "No", "efficient": "Yes", "fiscalyr": "2027", "fundsource": "Other Agencies", "planstart": null, "planend": null, "estcost": 900000, "funded": "Yes", "projphase": "P2: Design", "actstart": null, "actend": null, "actcost": 0, "status": "60% Design Completion", "docpath": "https://www.tampa.gov/project/trans10041", "CreationDate": -2209161600000, "EditDate": -2209161600000, "NumVotes": null, "MultiYear": "No", "ShowPublic": "Yes", "EBO": null, "JobsCreated": null, "Neighborhood": "Bayshore Beautiful", "Council": "4", "EBOAttained": null, "ContractNumber": null, "ActivityStatus": null, "ProjectSiteURL": "<a href=\"https://apps.tampagov.net/Directory_Lister/FileHandler.ashx?file=GIS%2fN/A.pdf\">N/A</a>", "ProjectNumerical": null, "RelatedProject": "No", "MapScale": 6000, "WMBESLBE": null, "DepPrjNum": "TRANS10041", "BudgetBook": "No", "BudgetYear": null, "CRA": null, "created_date": 1772657007000, "last_edited_date": 1782939124000, "FundComm": null}}, {"type": "Feature", "id": 126524, "geometry": {"type": "Point", "coordinates": [-82.43462793294614, 27.988848035516135]}, "properties": {"OBJECTID": 126524, "GlobalID": "{7511B9AD-BA2C-4D63-9DF3-D0D7592D34D9}", "projid": "1002935", "projname": "Belmont Heights Gravity Sewer CIPP Lining", "projdesc": "This project includes the rehabilitation of approximately 143,264 linear feet of 8-inch, 5,581 linear feet of 10-inch, 1,604 linear feet of 12-inch, 3,317 linear feet of 15-inch, and 3,744 linear feet of 18-inch diameter gravity sewers and the rehabilitation of manholes.", "rationale": "The collection system rehabilitation project will restore aging sewer pipes and manholes to restore their service life.  Project impacts will be minimal compared to a collection system “open cut” replacement project since the rehabilitation methods are trenchless.  The collection system rehabilitation will reduce pipeline failures and blockages that cause wastewater overflows that impact public health, safety, and the environment.  Additional project benefits include reduction in leaks that allow ground water and stormwater runoff to enter the collection system and cause wastewater overflows, reduction in energy needed to treat and convey the additional wastewater flow caused by leaking pipelines/manholes and reduction in pipeline failures that cause roadway depressions and cave ins.", "projtype": "Wastewater", "safety": "No", "mandate": "No", "repair": "No", "replace": "No", "expand": "No", "efficient": "No", "fiscalyr": "2026", "fundsource": "PIPES", "planstart": 1767106740000, "planend": 1806415148000, "estcost": 7970000, "funded": "Yes", "projphase": "P4: Construction", "actstart": null, "actend": null, "actcost": 0, "status": "Construction in Progress", "docpath": "https://www.tampa.gov/project/ww1002935", "CreationDate": -2209161600000, "EditDate": -2209161600000, "NumVotes": null, "MultiYear": "Yes", "ShowPublic": "Yes", "EBO": null, "JobsCreated": null, "Neighborhood": "East Tampa 1", "Council": "5", "EBOAttained": null, "ContractNumber": "26-C-00014", "ActivityStatus": null, "ProjectSiteURL": "<a href=\"https://apps.tampagov.net/Directory_Lister/FileHandler.ashx?file=GIS%2f1002935.pdf\">1002935</a>", "ProjectNumerical": null, "RelatedProject": "No", "MapScale": 6000, "WMBESLBE": null, "DepPrjNum": "WW1002935", "BudgetBook": "No", "BudgetYear": null, "CRA": "East Tampa", "created_date": 1773669611000, "last_edited_date": 1786722030000, "FundComm": null}}, {"type": "Feature", "id": 126525, "geometry": {"type": "Point", "coordinates": [-82.40987328249317, 28.03266622664301]}, "properties": {"OBJECTID": 126525, "GlobalID": "{5F973B01-0796-4BF4-BFFD-C535F6040606}", "projid": "1002971", "projname": "Busch Blvd Trunk Sewer Rehabilitation by CIPP Lining", "projdesc": "This project includes the rehabilitation of approximately 4,660 linear feet of 8-inch, 1,130 linear feet of 10-inch, 504 linear feet of 12-inch, 1,421 linear feet of 18-inch, 1,751 linear feet of 21-inch, 855 linear feet of 24-inch and 2,624 linear feet of 30-inch diameter gravity sewers.", "rationale": "The collection system rehabilitation project will restore aging sewer pipes and manholes to restore their service life. Project impacts will be minimal compared to a collection system “open cut” replacement project since the rehabilitation methods are trenchless. The collection system rehabilitation will reduce pipeline failures and blockages that cause wastewater overflows that impact public health, safety, and the environment. Additional project benefits include reduction in leaks that allow ground water and stormwater runoff to enter the collection system and cause wastewater overflows, reduction in energy needed to treat and convey the additional wastewater flow caused by leaking pipelines/manholes and reduction in pipeline failures that cause roadway depressions and cave ins.", "projtype": "Wastewater", "safety": "No", "mandate": "No", "repair": "No", "replace": "No", "expand": "No", "efficient": "No", "fiscalyr": "2027", "fundsource": "PIPES", "planstart": 1798824964000, "planend": 1830360973000, "estcost": 1500000, "funded": "Yes", "projphase": "P2: Design", "actstart": null, "actend": null, "actcost": 0, "status": "30% Design Completion", "docpath": "https://www.tampa.gov/project/ww1002971", "CreationDate": -2209161600000, "EditDate": -2209161600000, "NumVotes": null, "MultiYear": "No", "ShowPublic": "Yes", "EBO": null, "JobsCreated": null, "Neighborhood": "Terrace Park", "Council": "7", "EBOAttained": null, "ContractNumber": "26-C-00035", "ActivityStatus": null, "ProjectSiteURL": "<a href=\"https://apps.tampagov.net/Directory_Lister/FileHandler.ashx?file=GIS%2f1002971.pdf\">1002971</a>", "ProjectNumerical": null, "RelatedProject": "No", "MapScale": 6000, "WMBESLBE": null, "DepPrjNum": "WW1002971", "BudgetBook": "No", "BudgetYear": null, "CRA": null, "created_date": 1777653469000, "last_edited_date": 1786721575000, "FundComm": null}}, {"type": "Feature", "id": 126526, "geometry": {"type": "Point", "coordinates": [-82.43458996320032, 27.99627788171412]}, "properties": {"OBJECTID": 126526, "GlobalID": "{93E78F13-6E2D-4CCE-8C8E-F295D1C3A44B}", "projid": "1001809", "projname": "Sulphur Springs PS FM Rehabilitation", "projdesc": "This project provides for the rehabilitation of the force main that serves the Sulphur Springs Pumping Station located at 7902 N 13th St. The scope includes approximately 24,500 linear feet of 42” and 48” force main extending to the force main discharge at E 29th Ave and N 26th St. As Part of this project the existing force main will be cleaned and rehabilitated to address significant clogging. The cleaning process will allow for a detailed inspection to assess overall condition of the force main. To maintain continuous service during cleaning, an abandoned force main in the vicinity will be reactivated and temporarily placed in service as a bypass to ensure the normal high flows from the PS are conveyed without interruption. The old force main will be left available long after the project is complete, providing more flexibility and resiliency for future challenges.", "rationale": "The force main rehabilitation project will restore critical wastewater infrastructure by removing buildup and blockages that restrict flow and increase the risk of system failure. Cleaning the pipeline will improve the reliability and help prevent wastewater overflows that could impact the public health and environment, as well as enhance the overall system performance and extend service life of existing infrastructure.", "projtype": "Wastewater", "safety": "No", "mandate": "No", "repair": "No", "replace": "No", "expand": "No", "efficient": "No", "fiscalyr": "2026", "fundsource": "PIPES", "planstart": 1788281077000, "planend": 1822409081000, "estcost": 6068935, "funded": "Yes", "projphase": "P2: Design", "actstart": null, "actend": null, "actcost": 0, "status": "90% Design Completion", "docpath": null, "CreationDate": -2209161600000, "EditDate": -2209161600000, "NumVotes": null, "MultiYear": "No", "ShowPublic": "Yes", "EBO": null, "JobsCreated": null, "Neighborhood": "Seminole Heights East", "Council": "5", "EBOAttained": null, "ContractNumber": "20-C-00014", "ActivityStatus": null, "ProjectSiteURL": "<a href=\"https://apps.tampagov.net/Directory_Lister/FileHandler.ashx?file=GIS%2f1001809.pdf\">1001809</a>", "ProjectNumerical": null, "RelatedProject": "No", "MapScale": 6000, "WMBESLBE": null, "DepPrjNum": "WW1001809", "BudgetBook": "No", "BudgetYear": null, "CRA": "East Tampa", "created_date": 1777653932000, "last_edited_date": 1786722139000, "FundComm": null}}, {"type": "Feature", "id": 126527, "geometry": {"type": "Point", "coordinates": [-82.42657480621592, 27.958742817622987]}, "properties": {"OBJECTID": 126527, "GlobalID": "{F9CBBDB6-9DF6-4578-AA40-8D2780F5FB71}", "projid": "1002941", "projname": "Ybor PS FM Rehabilitation", "projdesc": "This project provides for the rehabilitation of the force main that serves the Ybor Pumping Station located at 1302 N 25th St. The scope includes approximately 1,090 feet of 72” force main along 26th Street, which will be rehabilitated or replaced due to its deteriorated condition. As a part of this project, a new 36” force main will be constructed from the Ybor Station to the intersection of 34th street and 3rd avenue to function as a temporary bypass to divert the normal high flows from the Ybor Pump Station during the replacement of the existing 72”. The 36” FM will be left available long after the project is complete, providing more flexibility and resiliency for future challenges. ", "rationale": "The force main replacement project will replace aging, deteriorated pipelines that have reached the end of their useful life and are susceptible to failure that can cause wastewater overflows that impact public health, safety, and the environment. The new force main will provide additional capacity for future development and lower energy costs of public and private pumping stations. The addition of the new force main provides added operational flexibility and resiliency to better serve the community during future maintenance activities and high flow conditions.", "projtype": "Wastewater", "safety": "No", "mandate": "No", "repair": "No", "replace": "No", "expand": "No", "efficient": "No", "fiscalyr": " 2028", "fundsource": "PIPES", "planstart": 1830361251000, "planend": 1861983655000, "estcost": 6898000, "funded": "Yes", "projphase": "P2: Design", "actstart": null, "actend": null, "actcost": 0, "status": "30% Design Completion", "docpath": null, "CreationDate": -2209161600000, "EditDate": -2209161600000, "NumVotes": null, "MultiYear": "No", "ShowPublic": "Yes", "EBO": null, "JobsCreated": null, "Neighborhood": "Historic East Ybor and Gary", "Council": "5", "EBOAttained": null, "ContractNumber": "26-D-00030", "ActivityStatus": null, "ProjectSiteURL": null, "ProjectNumerical": null, "RelatedProject": "No", "MapScale": 6000, "WMBESLBE": null, "DepPrjNum": "WW1002941", "BudgetBook": "No", "BudgetYear": null, "CRA": null, "created_date": 1777653712000, "last_edited_date": 1777653712000, "FundComm": null}}, {"type": "Feature", "id": 126528, "geometry": {"type": "Point", "coordinates": [-82.46679948325131, 27.968526442405988]}, "properties": {"OBJECTID": 126528, "GlobalID": "{247E1D4E-DFF8-4508-AC0A-8E9344601989}", "projid": "WUR-25-0031", "projname": "Warren Ave WM Replacement", "projdesc": "Approximately 581 linear feet of water mains ranging from 2 to 6 inches in diameter will be replaced and upgraded.", "rationale": " The Warren Ave WM Replacement project will improve the City of Tampa’s water distribution system by replacing the existing water mains. This project will replace the aging water mains in this area with new and larger diameter water mains, improving water pressure, water quality, and increasing the capacity of the system while reducing the number of service interruptions that might have been caused by main breaks or leakage.", "projtype": "Water", "safety": "No", "mandate": "No", "repair": "No", "replace": "Yes", "expand": "Yes", "efficient": "Yes", "fiscalyr": " 2028", "fundsource": "PIPES", "planstart": null, "planend": null, "estcost": 208152.11, "funded": "Yes", "projphase": "P2: Design", "actstart": null, "actend": null, "actcost": 0, "status": "30% Design Completion", "docpath": null, "CreationDate": -2209161600000, "EditDate": -2209161600000, "NumVotes": null, "MultiYear": "No", "ShowPublic": "Yes", "EBO": null, "JobsCreated": null, "Neighborhood": "Tampa Heights", "Council": "5", "EBOAttained": null, "ContractNumber": null, "ActivityStatus": null, "ProjectSiteURL": "<a href=\"https://apps.tampagov.net/Directory_Lister/FileHandler.ashx?file=GIS%2fWUR-25-0031.pdf\">WUR-25-0031</a>", "ProjectNumerical": null, "RelatedProject": "No", "MapScale": 6000, "WMBESLBE": null, "DepPrjNum": "WUR-25-0031", "BudgetBook": "No", "BudgetYear": null, "CRA": null, "created_date": 1777987130000, "last_edited_date": 1778159730000, "FundComm": null}}, {"type": "Feature", "id": 126529, "geometry": {"type": "Point", "coordinates": [-82.44291568996995, 28.007944480036105]}, "properties": {"OBJECTID": 126529, "GlobalID": "{3A42577E-7B67-48CC-9C56-AB2F24EAE9D2}", "projid": "WTR-24-0001.4_Hampton Terrace B", "projname": "Hampton Terrace Project B", "projdesc": "Approximately 19,843 linear feet of water mains ranging from 2 to 6 inches in diameter will be replaced and upgraded.", "rationale": "The Hampton Terrace Project B will improve the City of Tampa’s water distribution system by replacing the existing water mains. This project will replace the aging water mains in this area with new and larger diameter water mains, improving water pressure, water quality, and increasing the capacity of the system while reducing the number of service interruptions that might have been caused by main breaks or leakage.", "projtype": "Water", "safety": "No", "mandate": "No", "repair": "No", "replace": "Yes", "expand": "Yes", "efficient": "Yes", "fiscalyr": " 2027", "fundsource": "PIPES", "planstart": null, "planend": null, "estcost": 6603637.59, "funded": "Yes", "projphase": "P2: Design", "actstart": null, "actend": null, "actcost": 0, "status": "60% Design Completion", "docpath": null, "CreationDate": -2209161600000, "EditDate": -2209161600000, "NumVotes": null, "MultiYear": "No", "ShowPublic": "Yes", "EBO": null, "JobsCreated": null, "Neighborhood": "Old Seminole Heights", "Council": "6", "EBOAttained": null, "ContractNumber": null, "ActivityStatus": null, "ProjectSiteURL": "<a href=\"https://apps.tampagov.net/Directory_Lister/FileHandler.ashx?file=GIS%2fWTR-24-0001.4_Hampton Terrace B.pdf\">WTR-24-0001.4_Hampton Terrace B</a>", "ProjectNumerical": null, "RelatedProject": "No", "MapScale": 6000, "WMBESLBE": null, "DepPrjNum": "WTR-24-0001.4_Hampton Terrace B", "BudgetBook": "No", "BudgetYear": null, "CRA": null, "created_date": 1777985401000, "last_edited_date": 1778158093000, "FundComm": null}}, {"type": "Feature", "id": 126530, "geometry": {"type": "Point", "coordinates": [-82.45151378204406, 27.99285381761106]}, "properties": {"OBJECTID": 126530, "GlobalID": "{4BD67558-9940-4862-9FA0-3B739153E79F}", "projid": "WTR-24-0001.3_E Arbor Heights_West Phase I ", "projname": "East Arbor Heights_West Phase I", "projdesc": "Approximately 6,821 linear feet of water mains ranging from 2 to 8 inches in diameter will be replaced and upgraded.", "rationale": "The East Arbor Heights_West Phase I project will improve the City of Tampa’s water distribution system by replacing the existing water mains. This project will replace the aging water mains in this area with new and larger diameter water mains, improving water pressure, water quality, and increasing the capacity of the system while reducing the number of service interruptions that might have been caused by main breaks or leakage.", "projtype": "Water", "safety": "No", "mandate": "No", "repair": "No", "replace": "Yes", "expand": "Yes", "efficient": "Yes", "fiscalyr": " 2027", "fundsource": "PIPES", "planstart": null, "planend": null, "estcost": 2432989.55, "funded": "Yes", "projphase": "P2: Design", "actstart": null, "actend": null, "actcost": 0, "status": "60% Design Completion", "docpath": null, "CreationDate": -2209161600000, "EditDate": -2209161600000, "NumVotes": null, "MultiYear": "No", "ShowPublic": "Yes", "EBO": null, "JobsCreated": null, "Neighborhood": "Southeast Seminole Heights", "Council": "5", "EBOAttained": null, "ContractNumber": null, "ActivityStatus": null, "ProjectSiteURL": "<a href=\"https://apps.tampagov.net/Directory_Lister/FileHandler.ashx?file=GIS%2fWTR-24-0001.3_E Arbor Heights_West Phase I .pdf\">WTR-24-0001.3_E Arbor Heights_West Phase I </a>", "ProjectNumerical": null, "RelatedProject": "No", "MapScale": 6000, "WMBESLBE": null, "DepPrjNum": "WTR-24-0001.3_E Arbor Heights_West Phase I ", "BudgetBook": "No", "BudgetYear": null, "CRA": "East Tampa", "created_date": 1777986396000, "last_edited_date": 1778157814000, "FundComm": null}}, {"type": "Feature", "id": 126531, "geometry": {"type": "Point", "coordinates": [-82.4561986520202, 27.977854369703714]}, "properties": {"OBJECTID": 126531, "GlobalID": "{4E9E39DE-1907-466C-AC74-CC894507F898}", "projid": "WTR-26-0006_Tampa Heights Phase II", "projname": "Tampa Heights WM Replacement Phase II", "projdesc": "Approximately 3,572 linear feet of water mains ranging from 6 to 8 inches in diameter will be replaced.", "rationale": "The Tampa Heights WM Replacement Phase II project will improve the City of Tampa’s water distribution system by replacing the existing water mains. This project will replace the aging water mains in this area with new water mains, improving water pressure and water quality while reducing the number of service interruptions that might have been caused by main breaks or leakage.", "projtype": "Water", "safety": "No", "mandate": "No", "repair": "No", "replace": "Yes", "expand": "No", "efficient": "Yes", "fiscalyr": " 2028", "fundsource": "PIPES", "planstart": null, "planend": null, "estcost": 1447393.74, "funded": "Yes", "projphase": "P2: Design", "actstart": null, "actend": null, "actcost": 0, "status": "30% Design Completion", "docpath": null, "CreationDate": -2209161600000, "EditDate": -2209161600000, "NumVotes": null, "MultiYear": "No", "ShowPublic": "Yes", "EBO": null, "JobsCreated": null, "Neighborhood": "Tampa Heights", "Council": "5", "EBOAttained": null, "ContractNumber": null, "ActivityStatus": null, "ProjectSiteURL": "<a href=\"https://apps.tampagov.net/Directory_Lister/FileHandler.ashx?file=GIS%2fWTR-26-0006_Tampa Heights Phase II.pdf\">WTR-26-0006_Tampa Heights Phase II</a>", "ProjectNumerical": null, "RelatedProject": "No", "MapScale": 6000, "WMBESLBE": null, "DepPrjNum": "WTR-26-0006_Tampa Heights Phase II", "BudgetBook": "No", "BudgetYear": null, "CRA": null, "created_date": 1777986924000, "last_edited_date": 1778159561000, "FundComm": null}}, {"type": "Feature", "id": 126532, "geometry": {"type": "Point", "coordinates": [-82.44295393541303, 28.00210907305038]}, "properties": {"OBJECTID": 126532, "GlobalID": "{619EF140-EBC9-4A0B-8187-45029CAF676D}", "projid": "WTR-24-0001.4_Hampton Terrace A", "projname": "Hampton Terrace Project A", "projdesc": "Approximately 19,403 linear feet of water mains ranging from 2 to 6 inches in diameter will be replaced and upgraded.", "rationale": "The Hampton Terrace Project A will improve the City of Tampa’s water distribution system by replacing the existing water mains. This project will replace the aging water mains in this area with new and larger diameter water mains, improving water pressure, water quality, and increasing the capacity of the system while reducing the number of service interruptions that might have been caused by main breaks or leakage.", "projtype": "Water", "safety": "No", "mandate": "No", "repair": "No", "replace": "Yes", "expand": "Yes", "efficient": "Yes", "fiscalyr": "2026", "fundsource": "PIPES", "planstart": null, "planend": null, "estcost": 6312515.25, "funded": "Yes", "projphase": "P2: Design", "actstart": null, "actend": null, "actcost": 0, "status": "90% Design Completion", "docpath": null, "CreationDate": -2209161600000, "EditDate": -2209161600000, "NumVotes": null, "MultiYear": "No", "ShowPublic": "Yes", "EBO": null, "JobsCreated": null, "Neighborhood": "Old Seminole Heights", "Council": "6", "EBOAttained": null, "ContractNumber": null, "ActivityStatus": null, "ProjectSiteURL": "<a href=\"https://apps.tampagov.net/Directory_Lister/FileHandler.ashx?file=GIS%2fWTR-24-0001.4_Hampton Terrace A.pdf\">WTR-24-0001.4_Hampton Terrace A</a>", "ProjectNumerical": null, "RelatedProject": "No", "MapScale": 6000, "WMBESLBE": null, "DepPrjNum": "WTR-24-0001.4_Hampton Terrace A", "BudgetBook": "No", "BudgetYear": null, "CRA": null, "created_date": 1777985122000, "last_edited_date": 1778158061000, "FundComm": null}}, {"type": "Feature", "id": 126533, "geometry": {"type": "Point", "coordinates": [-82.43882604606685, 27.972401571588556]}, "properties": {"OBJECTID": 126533, "GlobalID": "{647EAED5-A6A5-4C54-BDD4-3177C0867C0E}", "projid": "WTR-24-0001.2_North Ybor Phase I", "projname": "North Ybor Phase I", "projdesc": "Approximately 9,604 linear feet of water mains ranging from 2 to 12 inches in diameter will be replaced.", "rationale": "The North Ybor Phase I project will improve the City of Tampa’s water distribution system by replacing the existing water mains. This project will replace the aging water mains in this area with new water mains, improving water pressure and water quality of the system while reducing the number of service interruptions that might have been caused by main breaks or leakage.", "projtype": "Water", "safety": "No", "mandate": "No", "repair": "No", "replace": "Yes", "expand": "No", "efficient": "Yes", "fiscalyr": " 2028", "fundsource": "PIPES", "planstart": null, "planend": null, "estcost": 3435469.56, "funded": "Yes", "projphase": "P2: Design", "actstart": null, "actend": null, "actcost": 0, "status": "60% Design Completion", "docpath": null, "CreationDate": -2209161600000, "EditDate": -2209161600000, "NumVotes": null, "MultiYear": "No", "ShowPublic": "Yes", "EBO": null, "JobsCreated": null, "Neighborhood": "College Hill-Belmont Heights", "Council": "5", "EBOAttained": null, "ContractNumber": null, "ActivityStatus": null, "ProjectSiteURL": "<a href=\"https://apps.tampagov.net/Directory_Lister/FileHandler.ashx?file=GIS%2fWTR-24-0001.2_North Ybor Phase I.pdf\">WTR-24-0001.2_North Ybor Phase I</a>", "ProjectNumerical": null, "RelatedProject": "No", "MapScale": 6000, "WMBESLBE": null, "DepPrjNum": "WTR-24-0001.2_North Ybor Phase I", "BudgetBook": "No", "BudgetYear": null, "CRA": "East Tampa", "created_date": 1777985687000, "last_edited_date": 1778158713000, "FundComm": null}}, {"type": "Feature", "id": 126534, "geometry": {"type": "Point", "coordinates": [-82.45422199167739, 27.97973543721472]}, "properties": {"OBJECTID": 126534, "GlobalID": "{729364DC-589C-40E0-90F5-DD7949230858}", "projid": "WTR-26-0006_Tampa Heights Phase I", "projname": "Tampa Heights WM Replacement Phase I", "projdesc": "Approximately 4,312 linear feet of water mains ranging from 2 to 6 inches in diameter will be replaced and upgraded.", "rationale": "The Tampa Heights WM Replacement Phase I project will improve the City of Tampa’s water distribution system by replacing the existing water mains. This project will replace the aging water mains in this area with new and larger diameter water mains, improving water pressure, water quality, and increasing the capacity of the system while reducing the number of service interruptions that might have been caused by main breaks or leakage.", "projtype": "Water", "safety": "No", "mandate": "No", "repair": "No", "replace": "Yes", "expand": "Yes", "efficient": "Yes", "fiscalyr": " 2028", "fundsource": "PIPES", "planstart": null, "planend": null, "estcost": 1536564.04, "funded": "Yes", "projphase": "P2: Design", "actstart": null, "actend": null, "actcost": 0, "status": "30% Design Completion", "docpath": null, "CreationDate": -2209161600000, "EditDate": -2209161600000, "NumVotes": null, "MultiYear": "No", "ShowPublic": "Yes", "EBO": null, "JobsCreated": null, "Neighborhood": "Tampa Heights", "Council": "5", "EBOAttained": null, "ContractNumber": null, "ActivityStatus": null, "ProjectSiteURL": "<a href=\"https://apps.tampagov.net/Directory_Lister/FileHandler.ashx?file=GIS%2fWTR-26-0006_Tampa Heights Phase I.pdf\">WTR-26-0006_Tampa Heights Phase I</a>", "ProjectNumerical": null, "RelatedProject": "No", "MapScale": 6000, "WMBESLBE": null, "DepPrjNum": "WTR-26-0006_Tampa Heights Phase I", "BudgetBook": "No", "BudgetYear": null, "CRA": null, "created_date": 1777986807000, "last_edited_date": 1778159528000, "FundComm": null}}, {"type": "Feature", "id": 126535, "geometry": {"type": "Point", "coordinates": [-82.49532381714918, 27.95278093742644]}, "properties": {"OBJECTID": 126535, "GlobalID": "{758D1842-378B-4684-90A1-4E50F1A3D9AE}", "projid": "WTR-24-0001.2_Oakford Park Phase I ", "projname": "Oakford Park Phase I", "projdesc": "Approximately 15,211 linear feet of water mains ranging from 2 to 4 inches in diameter will be replaced and upgraded.", "rationale": "The Oakford Park Phase I project will improve the City of Tampa’s water distribution system by replacing the existing water mains. This project will replace the aging water mains in this area with new and larger diameter water mains, improving water pressure, water quality, and increasing the capacity of the system while reducing the number of service interruptions that might have been caused by main breaks or leakage.", "projtype": "Water", "safety": "No", "mandate": "No", "repair": "No", "replace": "Yes", "expand": "Yes", "efficient": "Yes", "fiscalyr": " 2028", "fundsource": "PIPES", "planstart": null, "planend": null, "estcost": 3499580.93, "funded": "Yes", "projphase": "P2: Design", "actstart": null, "actend": null, "actcost": 0, "status": "60% Design Completion", "docpath": null, "CreationDate": -2209161600000, "EditDate": -2209161600000, "NumVotes": null, "MultiYear": "No", "ShowPublic": "Yes", "EBO": null, "JobsCreated": null, "Neighborhood": "Midtown Tampa", "Council": "6", "EBOAttained": null, "ContractNumber": null, "ActivityStatus": null, "ProjectSiteURL": "<a href=\"https://apps.tampagov.net/Directory_Lister/FileHandler.ashx?file=GIS%2fWTR-24-0001.2_Oakford Park Phase I .pdf\">WTR-24-0001.2_Oakford Park Phase I </a>", "ProjectNumerical": null, "RelatedProject": "No", "MapScale": 6000, "WMBESLBE": null, "DepPrjNum": "WTR-24-0001.2_Oakford Park Phase I ", "BudgetBook": "No", "BudgetYear": null, "CRA": null, "created_date": 1777986544000, "last_edited_date": 1778159179000, "FundComm": null}}, {"type": "Feature", "id": 126536, "geometry": {"type": "Point", "coordinates": [-82.44297665472999, 27.992083430510423]}, "properties": {"OBJECTID": 126536, "GlobalID": "{803E1636-7F35-4218-B0C9-858160B84FBD}", "projid": "WTR-24-0001.3_E Arbor Heights_East Phase I", "projname": "East Arbor Heights_East Phase I", "projdesc": "Approximately 26,964 linear feet of water mains ranging from 2 to 6 inches in diameter will be replaced.", "rationale": "The East Arbor Heights_East Phase I project will improve the City of Tampa’s water distribution system by replacing the existing water mains. This project will replace the aging water mains in this area with new water mains, improving water pressure and water quality while reducing the number of service interruptions that might have been caused by main breaks or leakage.", "projtype": "Water", "safety": "No", "mandate": "No", "repair": "No", "replace": "Yes", "expand": "No", "efficient": "Yes", "fiscalyr": " 2027", "fundsource": "PIPES", "planstart": null, "planend": null, "estcost": 9154599.74, "funded": "Yes", "projphase": "P2: Design", "actstart": null, "actend": null, "actcost": 0, "status": "60% Design Completion", "docpath": null, "CreationDate": -2209161600000, "EditDate": -2209161600000, "NumVotes": null, "MultiYear": "No", "ShowPublic": "Yes", "EBO": null, "JobsCreated": null, "Neighborhood": "Southeast Seminole Heights", "Council": "5", "EBOAttained": null, "ContractNumber": null, "ActivityStatus": null, "ProjectSiteURL": "<a href=\"https://apps.tampagov.net/Directory_Lister/FileHandler.ashx?file=GIS%2fWTR-24-0001.3_E Arbor Heights_East Phase I.pdf\">WTR-24-0001.3_E Arbor Heights_East Phase I</a>", "ProjectNumerical": null, "RelatedProject": "No", "MapScale": 6000, "WMBESLBE": null, "DepPrjNum": "WTR-24-0001.3_E Arbor Heights_East Phase I ", "BudgetBook": "No", "BudgetYear": null, "CRA": "East Tampa", "created_date": 1777986276000, "last_edited_date": 1786721593000, "FundComm": null}}, {"type": "Feature", "id": 126537, "geometry": {"type": "Point", "coordinates": [-82.45218343178996, 27.9895907586987]}, "properties": {"OBJECTID": 126537, "GlobalID": "{9C597D4A-48F8-4F4B-86F9-5A1B1BC63C9C}", "projid": "WTR-25-0006", "projname": "Louisiana Ave Water Pipe Replacement", "projdesc": "Approximately 679 linear feet of 2 inch diameter water main will be replaced and upgraded.", "rationale": " The Louisiana Ave Water Pipe Replacement project will improve the City of Tampa’s water distribution system by replacing the existing water mains. This project will replace the aging water mains in this area with new and larger diameter water mains, improving water pressure, water quality, and increasing the capacity of the system while reducing the number of service interruptions that might have been caused by main breaks or leakage.", "projtype": "Water", "safety": "No", "mandate": "No", "repair": "No", "replace": "Yes", "expand": "Yes", "efficient": "Yes", "fiscalyr": " 2027", "fundsource": "PIPES", "planstart": null, "planend": null, "estcost": 230346.81, "funded": "Yes", "projphase": "P2: Design", "actstart": null, "actend": null, "actcost": 0, "status": "60% Design Completion", "docpath": null, "CreationDate": -2209161600000, "EditDate": -2209161600000, "NumVotes": null, "MultiYear": "No", "ShowPublic": "Yes", "EBO": null, "JobsCreated": null, "Neighborhood": "Southeast Seminole Heights", "Council": "5", "EBOAttained": null, "ContractNumber": null, "ActivityStatus": null, "ProjectSiteURL": "<a href=\"https://apps.tampagov.net/Directory_Lister/FileHandler.ashx?file=GIS%2fWTR-25-0006.pdf\">WTR-25-0006</a>", "ProjectNumerical": null, "RelatedProject": "No", "MapScale": 6000, "WMBESLBE": null, "DepPrjNum": "WTR-25-0006", "BudgetBook": "No", "BudgetYear": null, "CRA": "East Tampa", "created_date": 1777987249000, "last_edited_date": 1778158218000, "FundComm": null}}, {"type": "Feature", "id": 126538, "geometry": {"type": "Point", "coordinates": [-82.49025783624333, 27.93589833182389]}, "properties": {"OBJECTID": 126538, "GlobalID": "{C50524D8-6B30-4809-A00A-9F3D25B38451}", "projid": "WTR-26-0005", "projname": "Swann Ave WM Replacement", "projdesc": "Approximately 11,386 linear feet of water mains ranging from 2 to 8 inches in diameter will be replaced and upgraded.", "rationale": "The Swann Ave WM Replacement project will improve the City of Tampa’s water distribution system by replacing the existing water mains. This project will replace the aging water mains in this area with new and larger diameter water mains, improving water pressure, water quality, and increasing the capacity of the system while reducing the number of service interruptions that might have been caused by main breaks or leakage.", "projtype": "Water", "safety": "No", "mandate": "No", "repair": "No", "replace": "Yes", "expand": "Yes", "efficient": "Yes", "fiscalyr": " 2028", "fundsource": "PIPES", "planstart": null, "planend": null, "estcost": 4297504.96, "funded": "Yes", "projphase": "P2: Design", "actstart": null, "actend": null, "actcost": 0, "status": "30% Design Completion", "docpath": null, "CreationDate": -2209161600000, "EditDate": -2209161600000, "NumVotes": null, "MultiYear": "No", "ShowPublic": "Yes", "EBO": null, "JobsCreated": null, "Neighborhood": "Parkland Estates", "Council": "4", "EBOAttained": null, "ContractNumber": null, "ActivityStatus": null, "ProjectSiteURL": "<a href=\"https://apps.tampagov.net/Directory_Lister/FileHandler.ashx?file=GIS%2fWTR-26-0005.pdf\">WTR-26-0005</a>", "ProjectNumerical": null, "RelatedProject": "No", "MapScale": 6000, "WMBESLBE": null, "DepPrjNum": "WTR-26-0005", "BudgetBook": "No", "BudgetYear": null, "CRA": null, "created_date": 1777986679000, "last_edited_date": 1778159467000, "FundComm": null}}, {"type": "Feature", "id": 126539, "geometry": {"type": "Point", "coordinates": [-82.452671335744, 27.97783932113886]}, "properties": {"OBJECTID": 126539, "GlobalID": "{CD70BC31-DE86-421A-B0AA-8CA6413BE22C}", "projid": "WTR-26-0006_Tampa Heights Phase III", "projname": "Tampa Heights WM Replacement Phase III", "projdesc": "Approximately 5,146 linear feet of water mains ranging from 2 to 6 inches in diameter will be replaced and upgraded.", "rationale": "The Tampa Heights WM Replacement Phase III project will improve the City of Tampa’s water distribution system by replacing the existing water mains. This project will replace the aging water mains in this area with new and larger diameter water mains, improving water pressure, water quality, and increasing the capacity of the system while reducing the number of service interruptions that might have been caused by main breaks or leakage.", "projtype": "Water", "safety": "No", "mandate": "No", "repair": "No", "replace": "Yes", "expand": "Yes", "efficient": "Yes", "fiscalyr": " 2028", "fundsource": "PIPES", "planstart": null, "planend": null, "estcost": 1843418.6, "funded": "Yes", "projphase": "P2: Design", "actstart": null, "actend": null, "actcost": 0, "status": "30% Design Completion", "docpath": null, "CreationDate": -2209161600000, "EditDate": -2209161600000, "NumVotes": null, "MultiYear": "No", "ShowPublic": "Yes", "EBO": null, "JobsCreated": null, "Neighborhood": "Ybor Heights Neighborhood Association and Watch Group", "Council": "5", "EBOAttained": null, "ContractNumber": null, "ActivityStatus": null, "ProjectSiteURL": "<a href=\"https://apps.tampagov.net/Directory_Lister/FileHandler.ashx?file=GIS%2fWTR-26-0006_Tampa Heights Phase III.pdf\">WTR-26-0006_Tampa Heights Phase III</a>", "ProjectNumerical": null, "RelatedProject": "No", "MapScale": 6000, "WMBESLBE": null, "DepPrjNum": "WTR-26-0006_Tampa Heights Phase III", "BudgetBook": "No", "BudgetYear": null, "CRA": "East Tampa", "created_date": 1777987025000, "last_edited_date": 1778159597000, "FundComm": null}}, {"type": "Feature", "id": 126556, "geometry": {"type": "Point", "coordinates": [-82.4973173102521, 27.866470993929727]}, "properties": {"OBJECTID": 126556, "GlobalID": "{45677DCC-010D-4B51-A833-EE3AFD98AA06}", "projid": " 1002401", "projname": "Athletic Field Lighting - Gadsden Park Softball ", "projdesc": "Installation of new energy efficient LED lighting fixtures for the two softball fields. The work also includes new fixtures that will provide additional light to the parking area.", "rationale": "Installation of new energy efficient LED lighting will provide cost savings and reduced maintenance needs.", "projtype": "Parks & Recreation", "safety": "No", "mandate": "No", "repair": "No", "replace": "Yes", "expand": "No", "efficient": "Yes", "fiscalyr": "2027", "fundsource": "Community Investment Taxes", "planstart": 1790874956000, "planend": 1803924970000, "estcost": 829000, "funded": "Yes", "projphase": "P4: Construction", "actstart": null, "actend": null, "actcost": 0, "status": "Final Contract Review & Approval", "docpath": null, "CreationDate": -2209161600000, "EditDate": -2209161600000, "NumVotes": null, "MultiYear": "No", "ShowPublic": "Yes", "EBO": null, "JobsCreated": null, "Neighborhood": "Interbay - South of Gandy", "Council": "4", "EBOAttained": null, "ContractNumber": null, "ActivityStatus": "C1.1-PRECON", "ProjectSiteURL": null, "ProjectNumerical": null, "RelatedProject": "No", "MapScale": 6000, "WMBESLBE": null, "DepPrjNum": null, "BudgetBook": "No", "BudgetYear": null, "CRA": null, "created_date": 1785172861000, "last_edited_date": 1785172861000, "FundComm": null}}, {"type": "Feature", "id": 126558, "geometry": {"type": "Point", "coordinates": [-82.46554385777937, 27.97853525336887]}, "properties": {"OBJECTID": 126558, "GlobalID": "{5DC05ADE-CAF5-4995-8471-C4B0FAF2D107}", "projid": " 1002401", "projname": "Athletic Field Lighting - Calvin Taylor Park", "projdesc": "Replacement of existing field and basketball court lights with energy efficient LED lights.", "rationale": " Upgrade of existing lights to new LED fixtures will provide cost savings and reduce maintenance needs.", "projtype": "Parks & Recreation", "safety": "Yes", "mandate": "No", "repair": "No", "replace": "No", "expand": "No", "efficient": "Yes", "fiscalyr": " ", "fundsource": " ", "planstart": null, "planend": null, "estcost": 776720, "funded": "Yes", "projphase": "P5: Closeout", "actstart": null, "actend": null, "actcost": 0, "status": "Closeout", "docpath": null, "CreationDate": -2209161600000, "EditDate": -2209161600000, "NumVotes": null, "MultiYear": "No", "ShowPublic": "Yes", "EBO": null, "JobsCreated": null, "Neighborhood": "Tampa Heights", "Council": "6", "EBOAttained": null, "ContractNumber": null, "ActivityStatus": "CW3.3-WOA Closed & Complete", "ProjectSiteURL": null, "ProjectNumerical": null, "RelatedProject": "No", "MapScale": 6000, "WMBESLBE": null, "DepPrjNum": null, "BudgetBook": "No", "BudgetYear": null, "CRA": null, "created_date": 1785157947000, "last_edited_date": 1785157947000, "FundComm": null}}, {"type": "Feature", "id": 126559, "geometry": {"type": "Point", "coordinates": [-82.50314833593507, 27.89938770546574]}, "properties": {"OBJECTID": 126559, "GlobalID": "{9724298A-5B4D-4E4A-A18A-918469C0559B}", "projid": "1002401", "projname": "Athletic Field Lighting - Himes Avenue Sports Complex", "projdesc": "Installation of new energy efficient LED lighting on the existing t-ball fields and in common areas. This project also includes replacement of existing lighting on the basketball and tennis courts.", "rationale": "This project upgrades existing lighting equipment to more energy efficient equipment and provides enhanced safety lighting within the complex.", "projtype": "Parks & Recreation", "safety": "Yes", "mandate": "No", "repair": "No", "replace": "Yes", "expand": "No", "efficient": "Yes", "fiscalyr": "2026", "fundsource": "Community Investment Taxes", "planstart": 1768828404000, "planend": 1773663251000, "estcost": 570900, "funded": "No", "projphase": "P5: Closeout", "actstart": null, "actend": null, "actcost": 0, "status": "Closeout", "docpath": null, "CreationDate": -2209161600000, "EditDate": -2209161600000, "NumVotes": null, "MultiYear": "No", "ShowPublic": "Yes", "EBO": null, "JobsCreated": null, "Neighborhood": "FairOaks Manhattan", "Council": "4", "EBOAttained": null, "ContractNumber": null, "ActivityStatus": null, "ProjectSiteURL": "<a href=\"https://apps.tampagov.net/Directory_Lister/FileHandler.ashx?file=GIS%2f1002401.pdf\">1002401</a>", "ProjectNumerical": null, "RelatedProject": "No", "MapScale": 6000, "WMBESLBE": null, "DepPrjNum": null, "BudgetBook": "No", "BudgetYear": null, "CRA": null, "created_date": 1785154728000, "last_edited_date": 1786722089000, "FundComm": null}}, {"type": "Feature", "id": 126564, "geometry": {"type": "Point", "coordinates": [-82.55440798448483, 27.848989103733512]}, "properties": {"OBJECTID": 126564, "GlobalID": "{E329D8BB-DFE1-4B20-BE96-CC57DFEDAAE2}", "projid": " 1002797", "projname": "Picnic Island Nature Based Solutions Design", "projdesc": "Design of Nature Based Solutions for the Picnic Island Peninsula that will reduce erosion at the park and enhance 492 acres of habitat for fish and wildlife on Tampa Bay.", "rationale": "The project will combine robust Nature Based Solutions to mitigate coastal erosion while providing enhanced habitat for Tampa Bay's diverse native flora and fauna and enhance the park's natural features for park visitors.", "projtype": "Parks & Recreation", "safety": "Yes", "mandate": "No", "repair": "No", "replace": "No", "expand": "No", "efficient": "No", "fiscalyr": " n/a", "fundsource": "Deepwater Horizon Oil Spill", "planstart": 1788272968000, "planend": 1830353448000, "estcost": 2000000, "funded": "Yes", "projphase": "P1: Planning", "actstart": null, "actend": null, "actcost": 0, "status": "Contract Negotiations", "docpath": null, "CreationDate": -2209161600000, "EditDate": -2209161600000, "NumVotes": null, "MultiYear": "Yes", "ShowPublic": "Yes", "EBO": null, "JobsCreated": null, "Neighborhood": "Port Tampa City, Inc. Civic Association", "Council": "4", "EBOAttained": null, "ContractNumber": null, "ActivityStatus": "W6.1-Processing of complete WO Package (template resolution, Work Order Proposal, MBD 10 & MBD 20) for project addition to City Council Meeting agenda", "ProjectSiteURL": null, "ProjectNumerical": null, "RelatedProject": "No", "MapScale": 6000, "WMBESLBE": null, "DepPrjNum": null, "BudgetBook": "No", "BudgetYear": null, "CRA": null, "created_date": 1785162774000, "last_edited_date": 1785162774000, "FundComm": null}}, {"type": "Feature", "id": 126577, "geometry": {"type": "Point", "coordinates": [-82.48312401707749, 27.93108932912241]}, "properties": {"OBJECTID": 126577, "GlobalID": "{F4CE89AD-1B01-4C3E-B57E-45DD5AA07D82}", "projid": "WTR-25-0004", "projname": "South Howard Water Improvement Project", "projdesc": "Approximately 7,955 linear feet of water mains ranging from 4 to 12 inches in diameter will be replaced and upgraded.", "rationale": "The South Howard Water Improvement Project will improve the City of Tampa’s water distribution system by replacing the existing water mains. This project will replace the aging water mains in this area with new and larger diameter water mains, improving water pressure, water quality, and increasing the capacity of the system while reducing the number of service interruptions that might have been caused by main breaks or leakage.", "projtype": "Water", "safety": "No", "mandate": "No", "repair": "No", "replace": "Yes", "expand": "Yes", "efficient": "Yes", "fiscalyr": "2028", "fundsource": "PIPES", "planstart": null, "planend": null, "estcost": 4135485.57, "funded": "Yes", "projphase": "P2: Design", "actstart": null, "actend": null, "actcost": 0, "status": "30% Design Completion", "docpath": null, "CreationDate": -2209161600000, "EditDate": -2209161600000, "NumVotes": null, "MultiYear": "Yes", "ShowPublic": "Yes", "EBO": null, "JobsCreated": null, "Neighborhood": "Historic Hyde Park", "Council": "4", "EBOAttained": null, "ContractNumber": "23-C-00021", "ActivityStatus": null, "ProjectSiteURL": "<a href=\"https://apps.tampagov.net/Directory_Lister/FileHandler.ashx?file=GIS%2fWTR-25-0004.pdf\">WTR-25-0004</a>", "ProjectNumerical": null, "RelatedProject": "Yes", "MapScale": 6000, "WMBESLBE": null, "DepPrjNum": "WTR-25-0004", "BudgetBook": "No", "BudgetYear": null, "CRA": null, "created_date": 1786478997000, "last_edited_date": 1786478997000, "FundComm": null}}]}