{"type": "FeatureCollection", "features": [{"type": "Feature", "id": 1, "geometry": {"type": "Point", "coordinates": [-82.46065699154315, 27.93160874181089]}, "properties": {"OBJECTID": 1, "RECORDID": "VRB-21-0000037", "ADDRESS": "82 Adalia Ave", "UNIT": "", "APPSTATUS": "In Process", "TENTATIVEHEARING": "06/08/2021", "TENTATIVETIME": "18:30", "RECORDALIAS": "Variance Review Board", "MAPDOT": "Variances", "CRA": null, "NEIGHBORHOOD": "Davis Islands", "COUNCILDISTRICT": "4", "CREATEDDATE": 1609891200000, "LASTUPDATE": 1633305600000, "GlobalID": "{27A6A740-4A81-4580-B08A-E61DD69EF515}", "URL": "https://aca-prod.accela.com/TAMPA/Cap/CapDetail.aspx?Module=Planning&TabName=Planning&capID1=21CAP&capID2=00000&capID3=000PH&agencyCode=TAMPA"}}, {"type": "Feature", "id": 2, "geometry": {"type": "Point", "coordinates": [-82.49406282003164, 27.890816911794417]}, "properties": {"OBJECTID": 2, "RECORDID": "VRB-21-0000043", "ADDRESS": "3106 W Price Ave", "UNIT": "", "APPSTATUS": "In Process", "TENTATIVEHEARING": "N/A", "TENTATIVETIME": "", "RECORDALIAS": "Variance Review Board", "MAPDOT": "Variances", "CRA": null, "NEIGHBORHOOD": "Interbay - South of Gandy", "COUNCILDISTRICT": "4", "CREATEDDATE": 1611705600000, "LASTUPDATE": 1623628800000, "GlobalID": "{923B886C-23C2-41A8-AF10-41C6D941708D}", "URL": "https://aca-prod.accela.com/TAMPA/Cap/CapDetail.aspx?Module=Planning&TabName=Planning&capID1=21CAP&capID2=00000&capID3=004G6&agencyCode=TAMPA"}}, {"type": "Feature", "id": 3, "geometry": {"type": "Point", "coordinates": [-82.52443105712285, 27.915375296062532]}, "properties": {"OBJECTID": 3, "RECORDID": "VRB-21-0000045", "ADDRESS": "4705 W Leona St", "UNIT": "", "APPSTATUS": "In Process", "TENTATIVEHEARING": "06/08/2021", "TENTATIVETIME": "18:30", "RECORDALIAS": "Variance Review Board", "MAPDOT": "Variances", "CRA": null, "NEIGHBORHOOD": "Sunset Park", "COUNCILDISTRICT": "4", "CREATEDDATE": 1610928000000, "LASTUPDATE": 1633305600000, "GlobalID": "{4A7CD7CB-9849-4196-A81F-B128D1043FF3}", "URL": "https://aca-prod.accela.com/TAMPA/Cap/CapDetail.aspx?Module=Planning&TabName=Planning&capID1=21CAP&capID2=00000&capID3=004X8&agencyCode=TAMPA"}}, {"type": "Feature", "id": 4, "geometry": {"type": "Point", "coordinates": [-82.50811897951509, 27.93753733052457]}, "properties": {"OBJECTID": 4, "RECORDID": "VRB-21-0000057", "ADDRESS": "3906 W Swann Ave", "UNIT": "", "APPSTATUS": "In Process", "TENTATIVEHEARING": "N/A", "TENTATIVETIME": "", "RECORDALIAS": "Variance Review Board", "MAPDOT": "Variances", "CRA": null, "NEIGHBORHOOD": "Swann Estates", "COUNCILDISTRICT": "6", "CREATEDDATE": 1614643200000, "LASTUPDATE": 1628640000000, "GlobalID": "{4E8A4EA4-43A2-44B9-B7DB-281033F26768}", "URL": "https://aca-prod.accela.com/TAMPA/Cap/CapDetail.aspx?Module=Planning&TabName=Planning&capID1=21CAP&capID2=00000&capID3=00ACT&agencyCode=TAMPA"}}, {"type": "Feature", "id": 5, "geometry": {"type": "Point", "coordinates": [-82.50429988263782, 27.91694668317206]}, "properties": {"OBJECTID": 5, "RECORDID": "VRB-21-0000062", "ADDRESS": "3714 W Obispo St", "UNIT": "", "APPSTATUS": "In Process", "TENTATIVEHEARING": "N/A", "TENTATIVETIME": "", "RECORDALIAS": "Variance Review Board", "MAPDOT": "Variances", "CRA": null, "NEIGHBORHOOD": "Palma Ceia", "COUNCILDISTRICT": "4", "CREATEDDATE": 1614556800000, "LASTUPDATE": 1633305600000, "GlobalID": "{21E5C1DE-00D5-477A-A817-F167744BFD55}", "URL": "https://aca-prod.accela.com/TAMPA/Cap/CapDetail.aspx?Module=Planning&TabName=Planning&capID1=21CAP&capID2=00000&capID3=00FC5&agencyCode=TAMPA"}}, {"type": "Feature", "id": 6, "geometry": {"type": "Point", "coordinates": [-82.47720194223004, 27.949164957701136]}, "properties": {"OBJECTID": 6, "RECORDID": "SU1-21-0000053", "ADDRESS": "1719 W Carmen St", "UNIT": "", "APPSTATUS": "In Process", "TENTATIVEHEARING": "N/A", "TENTATIVETIME": "", "RECORDALIAS": "Special Use 1 - General", "MAPDOT": "Special Use Cases", "CRA": "West Tampa", "NEIGHBORHOOD": "North Hyde Park", "COUNCILDISTRICT": "5", "CREATEDDATE": 1622678400000, "LASTUPDATE": 1630627200000, "GlobalID": "{89881853-52CF-44B7-A958-1E1A9112D7C7}", "URL": "https://aca-prod.accela.com/TAMPA/Cap/CapDetail.aspx?Module=Planning&TabName=Planning&capID1=21CAP&capID2=00000&capID3=00TUZ&agencyCode=TAMPA"}}, {"type": "Feature", "id": 7, "geometry": {"type": "Point", "coordinates": [-82.40992375608373, 27.99465870454986]}, "properties": {"OBJECTID": 7, "RECORDID": "VRB-21-0000107", "ADDRESS": "4305 E Frierson Ave", "UNIT": "", "APPSTATUS": "In Process", "TENTATIVEHEARING": "N/A", "TENTATIVETIME": "", "RECORDALIAS": "Variance Review Board", "MAPDOT": "Variances", "CRA": "East Tampa", "NEIGHBORHOOD": "The Legacy of Fair Oaks", "COUNCILDISTRICT": "5", "CREATEDDATE": 1624924800000, "LASTUPDATE": 1629763200000, "GlobalID": "{975CCED5-4E42-4C02-98DD-A3119155BC89}", "URL": "https://aca-prod.accela.com/TAMPA/Cap/CapDetail.aspx?Module=Planning&TabName=Planning&capID1=21CAP&capID2=00000&capID3=01VGW&agencyCode=TAMPA"}}, {"type": "Feature", "id": 8, "geometry": {"type": "Point", "coordinates": [-82.49254730592142, 27.910634096665024]}, "properties": {"OBJECTID": 8, "RECORDID": "VRB-22-0000030", "ADDRESS": "3521 Regent Park", "UNIT": "", "APPSTATUS": "In Process", "TENTATIVEHEARING": "03/08/2022", "TENTATIVETIME": "", "RECORDALIAS": "Variance Review Board", "MAPDOT": "Variances", "CRA": null, "NEIGHBORHOOD": "Bayshore Beautiful", "COUNCILDISTRICT": "4", "CREATEDDATE": 1641772800000, "LASTUPDATE": 1662681600000, "GlobalID": "{63F8DF1C-42CF-445C-91EA-05F53A517752}", "URL": "https://aca-prod.accela.com/TAMPA/Cap/CapDetail.aspx?Module=Planning&TabName=Planning&capID1=22CAP&capID2=00000&capID3=001CF&agencyCode=TAMPA"}}, {"type": "Feature", "id": 9, "geometry": {"type": "Point", "coordinates": [-82.53432558222524, 27.85705682284662]}, "properties": {"OBJECTID": 9, "RECORDID": "VAC-22-0000018", "ADDRESS": "5402 W Tarpon St", "UNIT": "", "APPSTATUS": "In Process", "TENTATIVEHEARING": "07/14/2022", "TENTATIVETIME": "10:30", "RECORDALIAS": "ROW Vacating", "MAPDOT": "Vacating", "CRA": null, "NEIGHBORHOOD": "Port Tampa City, Inc. Civic Association", "COUNCILDISTRICT": "4", "CREATEDDATE": 1649894400000, "LASTUPDATE": 1659916800000, "GlobalID": "{63DD5678-2EB8-4BF7-B32D-3A3F566D030D}", "URL": "https://aca-prod.accela.com/TAMPA/Cap/CapDetail.aspx?Module=Planning&TabName=Planning&capID1=22CAP&capID2=00000&capID3=00KQP&agencyCode=TAMPA"}}, {"type": "Feature", "id": 10, "geometry": {"type": "Point", "coordinates": [-82.44656813815746, 27.9505047041268]}, "properties": {"OBJECTID": 10, "RECORDID": "VAC-23-0000015", "ADDRESS": "1239 E Kennedy Blvd", "UNIT": "", "APPSTATUS": "In Process", "TENTATIVEHEARING": "N/A", "TENTATIVETIME": "", "RECORDALIAS": "ROW Vacating", "MAPDOT": "Vacating", "CRA": "Channel District", "NEIGHBORHOOD": "Channel District", "COUNCILDISTRICT": "5", "CREATEDDATE": 1680048000000, "LASTUPDATE": 1732233600000, "GlobalID": "{ADB03885-9048-4DD1-BAFE-820EE37EB7B7}", "URL": "https://aca-prod.accela.com/TAMPA/Cap/CapDetail.aspx?Module=Planning&TabName=Planning&capID1=23CAP&capID2=00000&capID3=00I8Q&agencyCode=TAMPA"}}, {"type": "Feature", "id": 11, "geometry": {"type": "Point", "coordinates": [-82.43450423483941, 27.942364286402466]}, "properties": {"OBJECTID": 11, "RECORDID": "VAC-25-0000004", "ADDRESS": "2208 Saxon St", "UNIT": "", "APPSTATUS": "In Process", "TENTATIVEHEARING": "N/A", "TENTATIVETIME": "", "RECORDALIAS": "ROW Vacating", "MAPDOT": "Vacating", "CRA": null, "NEIGHBORHOOD": "Palmetto Beach", "COUNCILDISTRICT": "5", "CREATEDDATE": 1733184000000, "LASTUPDATE": 1742774400000, "GlobalID": "{EAB9F08E-B613-4124-91D3-CE88AA4A083E}", "URL": "https://aca-prod.accela.com/TAMPA/Cap/CapDetail.aspx?Module=Planning&TabName=Planning&capID1=24CAP&capID2=00000&capID3=02PST&agencyCode=TAMPA"}}, {"type": "Feature", "id": 12, "geometry": {"type": "Point", "coordinates": [-82.39698253394064, 27.97624485375255]}, "properties": {"OBJECTID": 12, "RECORDID": "VAC-25-0000005", "ADDRESS": "3612 Garrison St", "UNIT": "", "APPSTATUS": "In Process", "TENTATIVEHEARING": "N/A", "TENTATIVETIME": "10:30", "RECORDALIAS": "ROW Vacating", "MAPDOT": "Vacating", "CRA": "East Tampa", "NEIGHBORHOOD": "Grant Park", "COUNCILDISTRICT": "5", "CREATEDDATE": 1733961600000, "LASTUPDATE": 1754352000000, "GlobalID": "{3AFC3BA2-B480-42EE-BCF0-79FE979F2E21}", "URL": "https://aca-prod.accela.com/TAMPA/Cap/CapDetail.aspx?Module=Planning&TabName=Planning&capID1=24CAP&capID2=00000&capID3=02RD8&agencyCode=TAMPA"}}, {"type": "Feature", "id": 13, "geometry": {"type": "Point", "coordinates": [-82.49531001458591, 27.968989198923893]}, "properties": {"OBJECTID": 13, "RECORDID": "VAC-25-0000010", "ADDRESS": "3203 W Cordelia St", "UNIT": "", "APPSTATUS": "In Process", "TENTATIVEHEARING": "07/17/2025", "TENTATIVETIME": "10:30", "RECORDALIAS": "ROW Vacating", "MAPDOT": "Vacating", "CRA": null, "NEIGHBORHOOD": "Macfarlane Park", "COUNCILDISTRICT": "6", "CREATEDDATE": 1741651200000, "LASTUPDATE": 1753056000000, "GlobalID": "{90780481-4EFC-4EF6-95E4-8CC47307E45F}", "URL": "https://aca-prod.accela.com/TAMPA/Cap/CapDetail.aspx?Module=Planning&TabName=Planning&capID1=25CAP&capID2=00000&capID3=00EZN&agencyCode=TAMPA"}}, {"type": "Feature", "id": 14, "geometry": {"type": "Point", "coordinates": [-82.440082964795, 28.038988133263324]}, "properties": {"OBJECTID": 14, "RECORDID": "VAC-25-0000011", "ADDRESS": "1710 E 99th Ave", "UNIT": "", "APPSTATUS": "Awaiting Client Reply", "TENTATIVEHEARING": "N/A", "TENTATIVETIME": "", "RECORDALIAS": "ROW Vacating", "MAPDOT": "Vacating", "CRA": null, "NEIGHBORHOOD": "Tampa Overlook", "COUNCILDISTRICT": "5", "CREATEDDATE": 1743724800000, "LASTUPDATE": 1743724800000, "GlobalID": "{97B15BC3-393E-479A-9EF1-6359EDE74255}", "URL": "https://aca-prod.accela.com/TAMPA/Cap/CapDetail.aspx?Module=Planning&TabName=Planning&capID1=25CAP&capID2=00000&capID3=00KFG&agencyCode=TAMPA"}}, {"type": "Feature", "id": 15, "geometry": {"type": "Point", "coordinates": [-82.42222978871716, 27.961601704076372]}, "properties": {"OBJECTID": 15, "RECORDID": "VAC-25-0000013", "ADDRESS": "3407 E 9th Ave", "UNIT": "", "APPSTATUS": "In Process", "TENTATIVEHEARING": "N/A", "TENTATIVETIME": "10:30", "RECORDALIAS": "ROW Vacating", "MAPDOT": "Vacating", "CRA": null, "NEIGHBORHOOD": "Historic East Ybor and Gary", "COUNCILDISTRICT": "5", "CREATEDDATE": 1745280000000, "LASTUPDATE": 1757980800000, "GlobalID": "{940F5B5C-0B9E-4589-BE4A-401A9C68AA85}", "URL": "https://aca-prod.accela.com/TAMPA/Cap/CapDetail.aspx?Module=Planning&TabName=Planning&capID1=25CAP&capID2=00000&capID3=00O9S&agencyCode=TAMPA"}}, {"type": "Feature", "id": 16, "geometry": {"type": "Point", "coordinates": [-82.49237827661126, 27.882361420577116]}, "properties": {"OBJECTID": 16, "RECORDID": "VAC-25-0000017", "ADDRESS": "5821 S 2nd St", "UNIT": "", "APPSTATUS": "In Process", "TENTATIVEHEARING": "N/A", "TENTATIVETIME": "", "RECORDALIAS": "ROW Vacating", "MAPDOT": "Vacating", "CRA": null, "NEIGHBORHOOD": "Ballast Point", "COUNCILDISTRICT": "4", "CREATEDDATE": 1753660800000, "LASTUPDATE": 1753660800000, "GlobalID": "{5398CB9B-D1A2-4FAC-871A-C3D47953A0D7}", "URL": "https://aca-prod.accela.com/TAMPA/Cap/CapDetail.aspx?Module=Planning&TabName=Planning&capID1=25CAP&capID2=00000&capID3=023PF&agencyCode=TAMPA"}}, {"type": "Feature", "id": 17, "geometry": {"type": "Point", "coordinates": [-82.45937474415271, 27.97260595697689]}, "properties": {"OBJECTID": 17, "RECORDID": "REZ-25-0000116", "ADDRESS": "3101 N Florida Ave", "UNIT": "", "APPSTATUS": "In Process", "TENTATIVEHEARING": "02/12/2026", "TENTATIVETIME": "17:01", "RECORDALIAS": "Rezoning", "MAPDOT": "Rezoning", "CRA": null, "NEIGHBORHOOD": "Tampa Heights", "COUNCILDISTRICT": "5", "CREATEDDATE": 1755475200000, "LASTUPDATE": 1787184000000, "GlobalID": "{50B51310-0B50-45B2-B2CE-E61A22A2A349}", "URL": "https://aca-prod.accela.com/TAMPA/Cap/CapDetail.aspx?Module=Planning&TabName=Planning&capID1=25CAP&capID2=00000&capID3=028YC&agencyCode=TAMPA"}}, {"type": "Feature", "id": 18, "geometry": {"type": "Point", "coordinates": [-82.45086197474551, 27.97189622122064]}, "properties": {"OBJECTID": 18, "RECORDID": "REZ-25-0000119", "ADDRESS": "915 E 23rd Ave", "UNIT": "", "APPSTATUS": "In Process", "TENTATIVEHEARING": "01/15/2026", "TENTATIVETIME": "17:01", "RECORDALIAS": "Rezoning", "MAPDOT": "Rezoning", "CRA": "East Tampa", "NEIGHBORHOOD": "VM Ybor", "COUNCILDISTRICT": "5", "CREATEDDATE": 1756080000000, "LASTUPDATE": 1778198400000, "GlobalID": "{6D534C4C-5560-4CDE-9C1C-1F52C7E23319}", "URL": "https://aca-prod.accela.com/TAMPA/Cap/CapDetail.aspx?Module=Planning&TabName=Planning&capID1=25CAP&capID2=00000&capID3=02ASI&agencyCode=TAMPA"}}, {"type": "Feature", "id": 19, "geometry": {"type": "Point", "coordinates": [-82.45109062003401, 27.98085289295882]}, "properties": {"OBJECTID": 19, "RECORDID": "LND-25-0000027", "ADDRESS": "3917 N Nebraska Ave", "UNIT": "", "APPSTATUS": "Awaiting Client Reply", "TENTATIVEHEARING": "N/A", "TENTATIVETIME": "", "RECORDALIAS": "General Land Use", "MAPDOT": "General Land Use", "CRA": "East Tampa", "NEIGHBORHOOD": "Ybor Heights Neighborhood Association and Watch Group", "COUNCILDISTRICT": "5", "CREATEDDATE": 1759190400000, "LASTUPDATE": 1779062400000, "GlobalID": "{33F4B7FB-20DC-4177-82BF-A3E37DE3C1A4}", "URL": "https://aca-prod.accela.com/TAMPA/Cap/CapDetail.aspx?Module=Planning&TabName=Planning&capID1=25CAP&capID2=00000&capID3=02JJV&agencyCode=TAMPA"}}, {"type": "Feature", "id": 20, "geometry": {"type": "Point", "coordinates": [-82.41413017276159, 27.97823024681496]}, "properties": {"OBJECTID": 20, "RECORDID": "LND-26-0000003", "ADDRESS": "3710 N 40th St", "UNIT": "", "APPSTATUS": "Awaiting Client Reply", "TENTATIVEHEARING": "N/A", "TENTATIVETIME": "", "RECORDALIAS": "General Land Use", "MAPDOT": "General Land Use", "CRA": "East Tampa", "NEIGHBORHOOD": "Jackson Heights", "COUNCILDISTRICT": "5", "CREATEDDATE": 1759622400000, "LASTUPDATE": 1784678400000, "GlobalID": "{07269018-E4A8-437D-BA3B-4281DDA1F73C}", "URL": "https://aca-prod.accela.com/TAMPA/Cap/CapDetail.aspx?Module=Planning&TabName=Planning&capID1=25CAP&capID2=00000&capID3=02KSG&agencyCode=TAMPA"}}, {"type": "Feature", "id": 21, "geometry": {"type": "Point", "coordinates": [-82.45243111895273, 27.974517153616123]}, "properties": {"OBJECTID": 21, "RECORDID": "VAC-26-0000002", "ADDRESS": "801 E 26th Ave", "UNIT": "", "APPSTATUS": "In Process", "TENTATIVEHEARING": "N/A", "TENTATIVETIME": "", "RECORDALIAS": "ROW Vacating", "MAPDOT": "Vacating", "CRA": "East Tampa", "NEIGHBORHOOD": "VM Ybor", "COUNCILDISTRICT": "5", "CREATEDDATE": 1760918400000, "LASTUPDATE": 1761696000000, "GlobalID": "{F54E5C10-2103-4731-BED2-6F1856E5F3E8}", "URL": "https://aca-prod.accela.com/TAMPA/Cap/CapDetail.aspx?Module=Planning&TabName=Planning&capID1=25CAP&capID2=00000&capID3=02O4H&agencyCode=TAMPA"}}, {"type": "Feature", "id": 22, "geometry": {"type": "Point", "coordinates": [-82.49960192724826, 27.944868295757246]}, "properties": {"OBJECTID": 22, "RECORDID": "REZ-26-0000004", "ADDRESS": "3407 W Kennedy Blvd", "UNIT": "", "APPSTATUS": "In Process", "TENTATIVEHEARING": "03/12/2026", "TENTATIVETIME": "17:01", "RECORDALIAS": "Rezoning", "MAPDOT": "Rezoning", "CRA": null, "NEIGHBORHOOD": "Oakford Park", "COUNCILDISTRICT": "6", "CREATEDDATE": 1760918400000, "LASTUPDATE": 1779235200000, "GlobalID": "{FDB1ACBC-65C6-4F5C-AF66-0F79ADC2EF2B}", "URL": "https://aca-prod.accela.com/TAMPA/Cap/CapDetail.aspx?Module=Planning&TabName=Planning&capID1=25CAP&capID2=00000&capID3=02O6E&agencyCode=TAMPA"}}, {"type": "Feature", "id": 23, "geometry": {"type": "Point", "coordinates": [-82.56799874756511, 27.967436849964592]}, "properties": {"OBJECTID": 23, "RECORDID": "REZ-26-0000008", "ADDRESS": "7700 W Courtney Campbell Cswy", "UNIT": "", "APPSTATUS": "In Process", "TENTATIVEHEARING": "04/09/2026", "TENTATIVETIME": "17:01", "RECORDALIAS": "Rezoning", "MAPDOT": "Rezoning", "CRA": null, "NEIGHBORHOOD": "Westshore", "COUNCILDISTRICT": "6", "CREATEDDATE": 1761868800000, "LASTUPDATE": 1783900800000, "GlobalID": "{9FD7E519-6E62-408C-9801-2EECC58D9DFA}", "URL": "https://aca-prod.accela.com/TAMPA/Cap/CapDetail.aspx?Module=Planning&TabName=Planning&capID1=25CAP&capID2=00000&capID3=02QOX&agencyCode=TAMPA"}}, {"type": "Feature", "id": 24, "geometry": {"type": "Point", "coordinates": [-82.49355863224856, 27.92029659450689]}, "properties": {"OBJECTID": 24, "RECORDID": "AB2-26-0000003", "ADDRESS": "2832 S MacDill Ave", "UNIT": "", "APPSTATUS": "In Process", "TENTATIVEHEARING": "N/A", "TENTATIVETIME": "", "RECORDALIAS": "AB Special Use 2", "MAPDOT": "Special Use Cases - Alcoholic Beverage Sales", "CRA": null, "NEIGHBORHOOD": "Palma Ceia", "COUNCILDISTRICT": "4", "CREATEDDATE": 1761955200000, "LASTUPDATE": 1786060800000, "GlobalID": "{A9BA3126-5C06-49F8-A0CD-3C19DE2A4CD8}", "URL": "https://aca-prod.accela.com/TAMPA/Cap/CapDetail.aspx?Module=Planning&TabName=Planning&capID1=25CAP&capID2=00000&capID3=02QU0&agencyCode=TAMPA"}}, {"type": "Feature", "id": 25, "geometry": {"type": "Point", "coordinates": [-82.43575714248149, 28.032511430532313]}, "properties": {"OBJECTID": 25, "RECORDID": "REZ-26-0000010", "ADDRESS": "2111 E Busch Blvd", "UNIT": "", "APPSTATUS": "In Process", "TENTATIVEHEARING": "04/09/2026", "TENTATIVETIME": "17:01", "RECORDALIAS": "Rezoning", "MAPDOT": "Rezoning", "CRA": null, "NEIGHBORHOOD": "Sulphur Springs", "COUNCILDISTRICT": "5", "CREATEDDATE": 1762300800000, "LASTUPDATE": 1787184000000, "GlobalID": "{5ABD369B-6AF9-40C9-AC1B-91AF6D883D53}", "URL": "https://aca-prod.accela.com/TAMPA/Cap/CapDetail.aspx?Module=Planning&TabName=Planning&capID1=25CAP&capID2=00000&capID3=02RLM&agencyCode=TAMPA"}}, {"type": "Feature", "id": 26, "geometry": {"type": "Point", "coordinates": [-82.47692688099922, 27.946814703974546]}, "properties": {"OBJECTID": 26, "RECORDID": "REZ-26-0000012", "ADDRESS": "1704 W North B St", "UNIT": "", "APPSTATUS": "In Process", "TENTATIVEHEARING": "06/11/2026", "TENTATIVETIME": "17:01", "RECORDALIAS": "Rezoning", "MAPDOT": "Rezoning", "CRA": "West Tampa", "NEIGHBORHOOD": "North Hyde Park", "COUNCILDISTRICT": "5", "CREATEDDATE": 1762819200000, "LASTUPDATE": 1787184000000, "GlobalID": "{065A181D-AABC-4934-B48C-CD5D1A98576E}", "URL": "https://aca-prod.accela.com/TAMPA/Cap/CapDetail.aspx?Module=Planning&TabName=Planning&capID1=25CAP&capID2=00000&capID3=02SQG&agencyCode=TAMPA"}}, {"type": "Feature", "id": 27, "geometry": {"type": "Point", "coordinates": [-82.47817554615635, 27.96512540537838]}, "properties": {"OBJECTID": 27, "RECORDID": "REZ-26-0000014", "ADDRESS": "1732 W Saint Louis St", "UNIT": "", "APPSTATUS": "In Process", "TENTATIVEHEARING": "05/14/2026", "TENTATIVETIME": "17:01", "RECORDALIAS": "Rezoning", "MAPDOT": "Rezoning", "CRA": "West Tampa", "NEIGHBORHOOD": "Old West Tampa", "COUNCILDISTRICT": "5", "CREATEDDATE": 1762905600000, "LASTUPDATE": 1783900800000, "GlobalID": "{798CC452-2240-41D3-A7BB-24E3CB96CA04}", "URL": "https://aca-prod.accela.com/TAMPA/Cap/CapDetail.aspx?Module=Planning&TabName=Planning&capID1=25CAP&capID2=00000&capID3=02SXS&agencyCode=TAMPA"}}, {"type": "Feature", "id": 28, "geometry": {"type": "Point", "coordinates": [-82.48315102858678, 27.929544646267075]}, "properties": {"OBJECTID": 28, "RECORDID": "REZ-26-0000019", "ADDRESS": "1350 S Howard Ave", "UNIT": "", "APPSTATUS": "In Process", "TENTATIVEHEARING": "04/09/2026", "TENTATIVETIME": "17:01", "RECORDALIAS": "Rezoning", "MAPDOT": "Rezoning", "CRA": null, "NEIGHBORHOOD": "Historic Hyde Park", "COUNCILDISTRICT": "4", "CREATEDDATE": 1763596800000, "LASTUPDATE": 1786060800000, "GlobalID": "{DF9666E9-5C84-4769-96A4-183BD3E996D2}", "URL": "https://aca-prod.accela.com/TAMPA/Cap/CapDetail.aspx?Module=Planning&TabName=Planning&capID1=25CAP&capID2=00000&capID3=02UVI&agencyCode=TAMPA"}}, {"type": "Feature", "id": 29, "geometry": {"type": "Point", "coordinates": [-82.52502935833256, 27.89231414176829]}, "properties": {"OBJECTID": 29, "RECORDID": "REZ-26-0000020", "ADDRESS": "4710 W McElroy Ave", "UNIT": "", "APPSTATUS": "In Process", "TENTATIVEHEARING": "05/14/2026", "TENTATIVETIME": "17:01", "RECORDALIAS": "Rezoning", "MAPDOT": "Rezoning", "CRA": null, "NEIGHBORHOOD": "Gandy / Sun Bay South", "COUNCILDISTRICT": "4", "CREATEDDATE": 1764201600000, "LASTUPDATE": 1783382400000, "GlobalID": "{1FB0F678-2C4E-47F0-89D5-0BC20BD46A7B}", "URL": "https://aca-prod.accela.com/TAMPA/Cap/CapDetail.aspx?Module=Planning&TabName=Planning&capID1=25CAP&capID2=00000&capID3=02VVN&agencyCode=TAMPA"}}, {"type": "Feature", "id": 30, "geometry": {"type": "Point", "coordinates": [-82.46759662006966, 27.980751781359476]}, "properties": {"OBJECTID": 30, "RECORDID": "VAC-26-0000003", "ADDRESS": "3917 N Boulevard", "UNIT": "", "APPSTATUS": "In Process", "TENTATIVEHEARING": "06/18/2026", "TENTATIVETIME": "10:30", "RECORDALIAS": "ROW Vacating", "MAPDOT": "Vacating", "CRA": null, "NEIGHBORHOOD": "Tampa Heights", "COUNCILDISTRICT": "6", "CREATEDDATE": 1764633600000, "LASTUPDATE": 1778198400000, "GlobalID": "{D55E09C7-7631-425C-AB2F-34E7E0E0A560}", "URL": "https://aca-prod.accela.com/TAMPA/Cap/CapDetail.aspx?Module=Planning&TabName=Planning&capID1=25CAP&capID2=00000&capID3=02W9H&agencyCode=TAMPA"}}, {"type": "Feature", "id": 31, "geometry": {"type": "Point", "coordinates": [-82.50788025050981, 27.981642295893113]}, "properties": {"OBJECTID": 31, "RECORDID": "AB2-26-0000004", "ADDRESS": "3907 W Dr Martin Luther King Jr Blvd", "UNIT": "A", "APPSTATUS": "In Process", "TENTATIVEHEARING": "N/A", "TENTATIVETIME": "", "RECORDALIAS": "AB Special Use 2", "MAPDOT": "Special Use Cases - Alcoholic Beverage Sales", "CRA": "Drew Park", "NEIGHBORHOOD": "Drew Park", "COUNCILDISTRICT": "6", "CREATEDDATE": 1764633600000, "LASTUPDATE": 1786665600000, "GlobalID": "{DD75BC8F-08EE-49D4-943A-5DD05A2B355C}", "URL": "https://aca-prod.accela.com/TAMPA/Cap/CapDetail.aspx?Module=Planning&TabName=Planning&capID1=25CAP&capID2=00000&capID3=02WHC&agencyCode=TAMPA"}}, {"type": "Feature", "id": 32, "geometry": {"type": "Point", "coordinates": [-82.44554673345205, 27.964072677451394]}, "properties": {"OBJECTID": 32, "RECORDID": "VAC-26-0000004", "ADDRESS": "2308 N 13th St", "UNIT": "", "APPSTATUS": "Awaiting Client Reply", "TENTATIVEHEARING": "N/A", "TENTATIVETIME": "", "RECORDALIAS": "ROW Vacating", "MAPDOT": "Vacating", "CRA": "Ybor City 2", "NEIGHBORHOOD": "Historic Ybor", "COUNCILDISTRICT": "5", "CREATEDDATE": 1764806400000, "LASTUPDATE": 1764806400000, "GlobalID": "{A2BE3FAF-59EB-4757-B0E1-70804632EC04}", "URL": "https://aca-prod.accela.com/TAMPA/Cap/CapDetail.aspx?Module=Planning&TabName=Planning&capID1=25CAP&capID2=00000&capID3=02X03&agencyCode=TAMPA"}}, {"type": "Feature", "id": 33, "geometry": {"type": "Point", "coordinates": [-82.48540733041628, 27.944719960834757]}, "properties": {"OBJECTID": 33, "RECORDID": "REZ-26-0000023", "ADDRESS": "2522 W Kennedy Blvd", "UNIT": "", "APPSTATUS": "In Process", "TENTATIVEHEARING": "05/14/2026", "TENTATIVETIME": "17:01", "RECORDALIAS": "Rezoning", "MAPDOT": "Rezoning", "CRA": null, "NEIGHBORHOOD": "Palma Ceia Pines", "COUNCILDISTRICT": "6", "CREATEDDATE": 1765152000000, "LASTUPDATE": 1787184000000, "GlobalID": "{CE7A2570-20DC-4B9C-B8C9-81371B5064A6}", "URL": "https://aca-prod.accela.com/TAMPA/Cap/CapDetail.aspx?Module=Planning&TabName=Planning&capID1=25CAP&capID2=00000&capID3=02XHG&agencyCode=TAMPA"}}, {"type": "Feature", "id": 34, "geometry": {"type": "Point", "coordinates": [-82.46764344338975, 27.962439988210978]}, "properties": {"OBJECTID": 34, "RECORDID": "VAC-26-0000005", "ADDRESS": "2111 N Boulevard", "UNIT": "", "APPSTATUS": "In Process", "TENTATIVEHEARING": "03/26/2026", "TENTATIVETIME": "10:30", "RECORDALIAS": "ROW Vacating", "MAPDOT": "Vacating", "CRA": "Tampa Heights Riverfront", "NEIGHBORHOOD": "Tampa Heights", "COUNCILDISTRICT": "5", "CREATEDDATE": 1765497600000, "LASTUPDATE": 1769472000000, "GlobalID": "{D4867D29-ABC2-414C-A95E-A38363E00F7C}", "URL": "https://aca-prod.accela.com/TAMPA/Cap/CapDetail.aspx?Module=Planning&TabName=Planning&capID1=25CAP&capID2=00000&capID3=02Y9M&agencyCode=TAMPA"}}, {"type": "Feature", "id": 35, "geometry": {"type": "Point", "coordinates": [-82.45308199367807, 27.95646029553054]}, "properties": {"OBJECTID": 35, "RECORDID": "REZ-26-0000030", "ADDRESS": "1220 Scott St", "UNIT": "", "APPSTATUS": "Awaiting Client Reply", "TENTATIVEHEARING": "05/14/2026", "TENTATIVETIME": "17:01", "RECORDALIAS": "Rezoning", "MAPDOT": "Rezoning", "CRA": "Central Park", "NEIGHBORHOOD": "Encore", "COUNCILDISTRICT": "5", "CREATEDDATE": 1765756800000, "LASTUPDATE": 1787097600000, "GlobalID": "{3DE3532A-0196-4869-AC12-E5FA8B1A0466}", "URL": "https://aca-prod.accela.com/TAMPA/Cap/CapDetail.aspx?Module=Planning&TabName=Planning&capID1=25CAP&capID2=00000&capID3=02YLT&agencyCode=TAMPA"}}, {"type": "Feature", "id": 36, "geometry": {"type": "Point", "coordinates": [-82.48098785827322, 27.944796296130086]}, "properties": {"OBJECTID": 36, "RECORDID": "REZ-26-0000031", "ADDRESS": "2101 W Kennedy Blvd", "UNIT": "-2109", "APPSTATUS": "In Process", "TENTATIVEHEARING": "05/14/2026", "TENTATIVETIME": "17:01", "RECORDALIAS": "Rezoning", "MAPDOT": "Rezoning", "CRA": "West Tampa", "NEIGHBORHOOD": "North Hyde Park", "COUNCILDISTRICT": "5", "CREATEDDATE": 1765756800000, "LASTUPDATE": 1780012800000, "GlobalID": "{4E285F1B-3C6B-4A81-BE9B-6461D963BE01}", "URL": "https://aca-prod.accela.com/TAMPA/Cap/CapDetail.aspx?Module=Planning&TabName=Planning&capID1=25CAP&capID2=00000&capID3=02YNI&agencyCode=TAMPA"}}, {"type": "Feature", "id": 37, "geometry": {"type": "Point", "coordinates": [-82.48723152010537, 27.95861530479136]}, "properties": {"OBJECTID": 37, "RECORDID": "LND-26-0000021", "ADDRESS": "2706 W Chestnut St", "UNIT": "", "APPSTATUS": "Awaiting Client Reply", "TENTATIVEHEARING": "N/A", "TENTATIVETIME": "", "RECORDALIAS": "General Land Use", "MAPDOT": "General Land Use", "CRA": null, "NEIGHBORHOOD": "Macfarlane Park", "COUNCILDISTRICT": "6", "CREATEDDATE": 1766016000000, "LASTUPDATE": 1766448000000, "GlobalID": "{0ED64FFC-061D-4C8B-A386-E3553E163DBE}", "URL": "https://aca-prod.accela.com/TAMPA/Cap/CapDetail.aspx?Module=Planning&TabName=Planning&capID1=25CAP&capID2=00000&capID3=02ZAK&agencyCode=TAMPA"}}, {"type": "Feature", "id": 38, "geometry": {"type": "Point", "coordinates": [-82.41015461628882, 28.00575979089225]}, "properties": {"OBJECTID": 38, "RECORDID": "VAC-26-0000006", "ADDRESS": "6430 N 43rd St", "UNIT": "", "APPSTATUS": "In Process", "TENTATIVEHEARING": "N/A", "TENTATIVETIME": "10:30", "RECORDALIAS": "ROW Vacating", "MAPDOT": "Vacating", "CRA": null, "NEIGHBORHOOD": "Northeast Community Crimewatch & Civic Association", "COUNCILDISTRICT": "5", "CREATEDDATE": 1767139200000, "LASTUPDATE": 1772668800000, "GlobalID": "{01DD84EF-319E-43CB-B290-D26A32D5BA86}", "URL": "https://aca-prod.accela.com/TAMPA/Cap/CapDetail.aspx?Module=Planning&TabName=Planning&capID1=25CAP&capID2=00000&capID3=030DH&agencyCode=TAMPA"}}, {"type": "Feature", "id": 39, "geometry": {"type": "Point", "coordinates": [-82.5179203018456, 27.960984645213646]}, "properties": {"OBJECTID": 39, "RECORDID": "REZ-26-0000034", "ADDRESS": "4400 W Boy Scout Blvd", "UNIT": "", "APPSTATUS": "In Process", "TENTATIVEHEARING": "09/10/2026", "TENTATIVETIME": "17:01", "RECORDALIAS": "Rezoning", "MAPDOT": "Rezoning", "CRA": null, "NEIGHBORHOOD": "Carver City Lincoln Gardens", "COUNCILDISTRICT": "6", "CREATEDDATE": 1767657600000, "LASTUPDATE": 1786060800000, "GlobalID": "{AA006F17-F827-4F62-ACA7-924E7E553BAC}", "URL": "https://aca-prod.accela.com/TAMPA/Cap/CapDetail.aspx?Module=Planning&TabName=Planning&capID1=26CAP&capID2=00000&capID3=000F1&agencyCode=TAMPA"}}, {"type": "Feature", "id": 40, "geometry": {"type": "Point", "coordinates": [-82.46774384985808, 27.96427728002332]}, "properties": {"OBJECTID": 40, "RECORDID": "REZ-26-0000035", "ADDRESS": "2306 N Boulevard", "UNIT": "", "APPSTATUS": "In Process", "TENTATIVEHEARING": "07/23/2026", "TENTATIVETIME": "17:01", "RECORDALIAS": "Rezoning", "MAPDOT": "Rezoning", "CRA": null, "NEIGHBORHOOD": "Ridgewood Park", "COUNCILDISTRICT": "5", "CREATEDDATE": 1768262400000, "LASTUPDATE": 1778198400000, "GlobalID": "{95AE82B1-7ED5-4DDA-BBE6-DCC9D262B783}", "URL": "https://aca-prod.accela.com/TAMPA/Cap/CapDetail.aspx?Module=Planning&TabName=Planning&capID1=26CAP&capID2=00000&capID3=0022G&agencyCode=TAMPA"}}, {"type": "Feature", "id": 41, "geometry": {"type": "Point", "coordinates": [-82.4581219221073, 27.95742166946406]}, "properties": {"OBJECTID": 41, "RECORDID": "REZ-26-0000036", "ADDRESS": "1506 N Morgan St", "UNIT": "", "APPSTATUS": "In Process", "TENTATIVEHEARING": "07/23/2026", "TENTATIVETIME": "17:01", "RECORDALIAS": "Rezoning", "MAPDOT": "Rezoning", "CRA": null, "NEIGHBORHOOD": "Tampa Heights", "COUNCILDISTRICT": "5", "CREATEDDATE": 1768348800000, "LASTUPDATE": 1777939200000, "GlobalID": "{B84C672A-EAC6-44BC-8B1E-171C86C81EF7}", "URL": "https://aca-prod.accela.com/TAMPA/Cap/CapDetail.aspx?Module=Planning&TabName=Planning&capID1=26CAP&capID2=00000&capID3=002BR&agencyCode=TAMPA"}}, {"type": "Feature", "id": 42, "geometry": {"type": "Point", "coordinates": [-82.44543573280185, 27.966784321972604]}, "properties": {"OBJECTID": 42, "RECORDID": "REZ-26-0000039", "ADDRESS": "1301 E Columbus Dr", "UNIT": "", "APPSTATUS": "In Process", "TENTATIVEHEARING": "08/20/2026", "TENTATIVETIME": "17:01", "RECORDALIAS": "Rezoning", "MAPDOT": "Rezoning", "CRA": "East Tampa", "NEIGHBORHOOD": "VM Ybor", "COUNCILDISTRICT": "5", "CREATEDDATE": 1768521600000, "LASTUPDATE": 1787184000000, "GlobalID": "{710253B6-8FE7-4685-AF70-EBA7B3DB6CA9}", "URL": "https://aca-prod.accela.com/TAMPA/Cap/CapDetail.aspx?Module=Planning&TabName=Planning&capID1=26CAP&capID2=00000&capID3=002VJ&agencyCode=TAMPA"}}, {"type": "Feature", "id": 43, "geometry": {"type": "Point", "coordinates": [-82.48754756484719, 27.9586180596252]}, "properties": {"OBJECTID": 43, "RECORDID": "REZ-26-0000040", "ADDRESS": "2722 W Chestnut St", "UNIT": "", "APPSTATUS": "In Process", "TENTATIVEHEARING": "07/23/2026", "TENTATIVETIME": "17:01", "RECORDALIAS": "Rezoning", "MAPDOT": "Rezoning", "CRA": null, "NEIGHBORHOOD": "Macfarlane Park", "COUNCILDISTRICT": "6", "CREATEDDATE": 1768608000000, "LASTUPDATE": 1785888000000, "GlobalID": "{306442F1-E970-4AEE-A53F-BE3B67A56492}", "URL": "https://aca-prod.accela.com/TAMPA/Cap/CapDetail.aspx?Module=Planning&TabName=Planning&capID1=26CAP&capID2=00000&capID3=0031M&agencyCode=TAMPA"}}, {"type": "Feature", "id": 44, "geometry": {"type": "Point", "coordinates": [-82.51443315541232, 27.91978868217267]}, "properties": {"OBJECTID": 44, "RECORDID": "REZ-26-0000041", "ADDRESS": "4208 W Bay To Bay Blvd", "UNIT": "", "APPSTATUS": "In Process", "TENTATIVEHEARING": "08/20/2026", "TENTATIVETIME": "17:01", "RECORDALIAS": "Rezoning", "MAPDOT": "Rezoning", "CRA": null, "NEIGHBORHOOD": "Virginia Park", "COUNCILDISTRICT": "4", "CREATEDDATE": 1769385600000, "LASTUPDATE": 1787184000000, "GlobalID": "{88F13795-6546-4483-88E0-5E9E1FD322F5}", "URL": "https://aca-prod.accela.com/TAMPA/Cap/CapDetail.aspx?Module=Planning&TabName=Planning&capID1=26CAP&capID2=00000&capID3=004J0&agencyCode=TAMPA"}}, {"type": "Feature", "id": 45, "geometry": {"type": "Point", "coordinates": [-82.50841428607711, 27.88289625229458]}, "properties": {"OBJECTID": 45, "RECORDID": "VAC-26-0000007", "ADDRESS": "3902 W Wyoming Ave", "UNIT": "", "APPSTATUS": "In Process", "TENTATIVEHEARING": "08/27/2026", "TENTATIVETIME": "10:30", "RECORDALIAS": "ROW Vacating", "MAPDOT": "Vacating", "CRA": null, "NEIGHBORHOOD": "Gandy / Sun Bay South", "COUNCILDISTRICT": "4", "CREATEDDATE": 1769990400000, "LASTUPDATE": 1781568000000, "GlobalID": "{500A7EC3-7093-4F34-8B7C-5573EE7FCEC9}", "URL": "https://aca-prod.accela.com/TAMPA/Cap/CapDetail.aspx?Module=Planning&TabName=Planning&capID1=26CAP&capID2=00000&capID3=006PX&agencyCode=TAMPA"}}, {"type": "Feature", "id": 46, "geometry": {"type": "Point", "coordinates": [-82.40605823807104, 27.991257386164744]}, "properties": {"OBJECTID": 46, "RECORDID": "VAC-26-0000008", "ADDRESS": "5020 N 47th St", "UNIT": "", "APPSTATUS": "In Process", "TENTATIVEHEARING": "05/21/2026", "TENTATIVETIME": "10:30", "RECORDALIAS": "ROW Vacating", "MAPDOT": "Vacating", "CRA": "East Tampa", "NEIGHBORHOOD": "The Legacy of Fair Oaks", "COUNCILDISTRICT": "5", "CREATEDDATE": 1770076800000, "LASTUPDATE": 1778544000000, "GlobalID": "{21CC146A-C2BE-4C55-B2E5-A18562D11647}", "URL": "https://aca-prod.accela.com/TAMPA/Cap/CapDetail.aspx?Module=Planning&TabName=Planning&capID1=26CAP&capID2=00000&capID3=006YJ&agencyCode=TAMPA"}}, {"type": "Feature", "id": 47, "geometry": {"type": "Point", "coordinates": [-82.49742710411827, 27.91144354516712]}, "properties": {"OBJECTID": 47, "RECORDID": "VRB-26-0000050", "ADDRESS": "3501 S Drexel Ave", "UNIT": "", "APPSTATUS": "In Process", "TENTATIVEHEARING": "N/A", "TENTATIVETIME": "", "RECORDALIAS": "Variance Review Board", "MAPDOT": "Variances", "CRA": null, "NEIGHBORHOOD": "Bayshore Beautiful", "COUNCILDISTRICT": "4", "CREATEDDATE": 1770076800000, "LASTUPDATE": 1784073600000, "GlobalID": "{277F012D-FC86-465E-AFB4-47CE0CE13459}", "URL": "https://aca-prod.accela.com/TAMPA/Cap/CapDetail.aspx?Module=Planning&TabName=Planning&capID1=26CAP&capID2=00000&capID3=0073K&agencyCode=TAMPA"}}, {"type": "Feature", "id": 48, "geometry": {"type": "Point", "coordinates": [-82.42934151781758, 27.95658025442202]}, "properties": {"OBJECTID": 48, "RECORDID": "REZ-26-0000042", "ADDRESS": "2701 E 2nd Ave", "UNIT": "", "APPSTATUS": "In Process", "TENTATIVEHEARING": "07/23/2026", "TENTATIVETIME": "17:01", "RECORDALIAS": "Rezoning", "MAPDOT": "Rezoning", "CRA": null, "NEIGHBORHOOD": "Historic East Ybor and Gary", "COUNCILDISTRICT": "5", "CREATEDDATE": 1770163200000, "LASTUPDATE": 1783555200000, "GlobalID": "{64F2AE98-8464-4026-8469-E7E28ED87BEF}", "URL": "https://aca-prod.accela.com/TAMPA/Cap/CapDetail.aspx?Module=Planning&TabName=Planning&capID1=26CAP&capID2=00000&capID3=007E0&agencyCode=TAMPA"}}, {"type": "Feature", "id": 49, "geometry": {"type": "Point", "coordinates": [-82.43344613206858, 27.96018870455089]}, "properties": {"OBJECTID": 49, "RECORDID": "VAC-26-0000009", "ADDRESS": "2301 E 7th Ave", "UNIT": "", "APPSTATUS": "In Process", "TENTATIVEHEARING": "5/14/2026", "TENTATIVETIME": "17:01", "RECORDALIAS": "ROW Vacating", "MAPDOT": "Vacating", "CRA": "Ybor City 2", "NEIGHBORHOOD": "Historic East Ybor and Gary", "COUNCILDISTRICT": "5", "CREATEDDATE": 1770595200000, "LASTUPDATE": 1787097600000, "GlobalID": "{69CB7037-C063-457E-8F1F-EFE12F34C292}", "URL": "https://aca-prod.accela.com/TAMPA/Cap/CapDetail.aspx?Module=Planning&TabName=Planning&capID1=26CAP&capID2=00000&capID3=0084S&agencyCode=TAMPA"}}, {"type": "Feature", "id": 50, "geometry": {"type": "Point", "coordinates": [-82.42208125813366, 27.99968219307713]}, "properties": {"OBJECTID": 50, "RECORDID": "VRB-26-0000051", "ADDRESS": "3415 E Henry Ave", "UNIT": "", "APPSTATUS": "In Process", "TENTATIVEHEARING": "N/A", "TENTATIVETIME": "", "RECORDALIAS": "Variance Review Board", "MAPDOT": "Variances", "CRA": null, "NEIGHBORHOOD": "Live Oaks Square", "COUNCILDISTRICT": "5", "CREATEDDATE": 1770681600000, "LASTUPDATE": 1778457600000, "GlobalID": "{639238B9-6817-4B7A-89FF-2FB4D719CAEA}", "URL": "https://aca-prod.accela.com/TAMPA/Cap/CapDetail.aspx?Module=Planning&TabName=Planning&capID1=26CAP&capID2=00000&capID3=008GR&agencyCode=TAMPA"}}, {"type": "Feature", "id": 51, "geometry": {"type": "Point", "coordinates": [-82.52861109957853, 27.942144678099506]}, "properties": {"OBJECTID": 51, "RECORDID": "VRB-26-0000052", "ADDRESS": "5108 W Platt St", "UNIT": "", "APPSTATUS": "In Process", "TENTATIVEHEARING": "N/A", "TENTATIVETIME": "", "RECORDALIAS": "Variance Review Board", "MAPDOT": "Variances", "CRA": null, "NEIGHBORHOOD": "Beach Park", "COUNCILDISTRICT": "6", "CREATEDDATE": 1770681600000, "LASTUPDATE": 1780963200000, "GlobalID": "{FB0A5916-CFD7-4BF8-BACB-CF2BC2CE77C0}", "URL": "https://aca-prod.accela.com/TAMPA/Cap/CapDetail.aspx?Module=Planning&TabName=Planning&capID1=26CAP&capID2=00000&capID3=008HB&agencyCode=TAMPA"}}, {"type": "Feature", "id": 52, "geometry": {"type": "Point", "coordinates": [-82.42651988587318, 27.99164163157633]}, "properties": {"OBJECTID": 52, "RECORDID": "REZ-26-0000043", "ADDRESS": "5024 N 30th St", "UNIT": "", "APPSTATUS": "In Process", "TENTATIVEHEARING": "07/23/2026", "TENTATIVETIME": "17:01", "RECORDALIAS": "Rezoning", "MAPDOT": "Rezoning", "CRA": "East Tampa", "NEIGHBORHOOD": "East Tampa 1", "COUNCILDISTRICT": "5", "CREATEDDATE": 1770768000000, "LASTUPDATE": 1787184000000, "GlobalID": "{0F3C8728-1780-4209-BDFD-D8E0A67AD6A1}", "URL": "https://aca-prod.accela.com/TAMPA/Cap/CapDetail.aspx?Module=Planning&TabName=Planning&capID1=26CAP&capID2=00000&capID3=008T2&agencyCode=TAMPA"}}, {"type": "Feature", "id": 53, "geometry": {"type": "Point", "coordinates": [-82.52690705945544, 27.86928365732846]}, "properties": {"OBJECTID": 53, "RECORDID": "REZ-26-0000044", "ADDRESS": "6734 S West Shore Blvd", "UNIT": "", "APPSTATUS": "In Process", "TENTATIVEHEARING": "08/20/2026", "TENTATIVETIME": "17:01", "RECORDALIAS": "Rezoning", "MAPDOT": "Rezoning", "CRA": null, "NEIGHBORHOOD": "Port Tampa City, Inc. Civic Association", "COUNCILDISTRICT": "4", "CREATEDDATE": 1770768000000, "LASTUPDATE": 1778630400000, "GlobalID": "{2F199DE7-F4B1-44D5-8795-CE66CC76F696}", "URL": "https://aca-prod.accela.com/TAMPA/Cap/CapDetail.aspx?Module=Planning&TabName=Planning&capID1=26CAP&capID2=00000&capID3=008VV&agencyCode=TAMPA"}}, {"type": "Feature", "id": 54, "geometry": {"type": "Point", "coordinates": [-82.43256148970167, 27.947306378222024]}, "properties": {"OBJECTID": 54, "RECORDID": "REZ-26-0000045", "ADDRESS": "2408 Stuart St", "UNIT": "", "APPSTATUS": "In Process", "TENTATIVEHEARING": "07/23/2026", "TENTATIVETIME": "17:01", "RECORDALIAS": "Rezoning", "MAPDOT": "Rezoning", "CRA": null, "NEIGHBORHOOD": "Palmetto Beach", "COUNCILDISTRICT": "5", "CREATEDDATE": 1770940800000, "LASTUPDATE": 1783555200000, "GlobalID": "{AD41C9B0-71BF-4F78-8D31-273F9EC7887C}", "URL": "https://aca-prod.accela.com/TAMPA/Cap/CapDetail.aspx?Module=Planning&TabName=Planning&capID1=26CAP&capID2=00000&capID3=009EE&agencyCode=TAMPA"}}, {"type": "Feature", "id": 55, "geometry": {"type": "Point", "coordinates": [-82.45938500585072, 27.96048405771898]}, "properties": {"OBJECTID": 55, "RECORDID": "REZ-26-0000047", "ADDRESS": "1701 N Florida Ave", "UNIT": "", "APPSTATUS": "In Process", "TENTATIVEHEARING": "06/11/2026", "TENTATIVETIME": "17:01", "RECORDALIAS": "Rezoning", "MAPDOT": "Rezoning", "CRA": null, "NEIGHBORHOOD": "Tampa Heights", "COUNCILDISTRICT": "5", "CREATEDDATE": 1771200000000, "LASTUPDATE": 1785888000000, "GlobalID": "{4B1BADAB-75F3-4CF6-B9DF-D37A9EFD6120}", "URL": "https://aca-prod.accela.com/TAMPA/Cap/CapDetail.aspx?Module=Planning&TabName=Planning&capID1=26CAP&capID2=00000&capID3=009QD&agencyCode=TAMPA"}}, {"type": "Feature", "id": 56, "geometry": {"type": "Point", "coordinates": [-82.45931542602935, 28.054202498014188]}, "properties": {"OBJECTID": 56, "RECORDID": "REZ-26-0000048", "ADDRESS": "11607 N Florida Ave", "UNIT": "", "APPSTATUS": "In Process", "TENTATIVEHEARING": "07/23/2026", "TENTATIVETIME": "17:01", "RECORDALIAS": "Rezoning", "MAPDOT": "Rezoning", "CRA": null, "NEIGHBORHOOD": "East Forest Hills", "COUNCILDISTRICT": "7", "CREATEDDATE": 1771286400000, "LASTUPDATE": 1787184000000, "GlobalID": "{1D2F0EA2-CFBC-4981-8A3D-6C0C3D7043BE}", "URL": "https://aca-prod.accela.com/TAMPA/Cap/CapDetail.aspx?Module=Planning&TabName=Planning&capID1=26CAP&capID2=00000&capID3=009RH&agencyCode=TAMPA"}}, {"type": "Feature", "id": 57, "geometry": {"type": "Point", "coordinates": [-82.51087238068487, 27.981536704362945]}, "properties": {"OBJECTID": 57, "RECORDID": "REZ-26-0000049", "ADDRESS": "4014 W Dr Martin Luther King Jr Blvd", "UNIT": "", "APPSTATUS": "In Process", "TENTATIVEHEARING": "07/23/2026", "TENTATIVETIME": "17:01", "RECORDALIAS": "Rezoning", "MAPDOT": "Rezoning", "CRA": "Drew Park", "NEIGHBORHOOD": "Drew Park", "COUNCILDISTRICT": "6", "CREATEDDATE": 1771286400000, "LASTUPDATE": 1779753600000, "GlobalID": "{03D34EAC-55D2-4B35-889F-734ED5A8C47D}", "URL": "https://aca-prod.accela.com/TAMPA/Cap/CapDetail.aspx?Module=Planning&TabName=Planning&capID1=26CAP&capID2=00000&capID3=009ZA&agencyCode=TAMPA"}}, {"type": "Feature", "id": 58, "geometry": {"type": "Point", "coordinates": [-82.48207909423907, 28.038785594821476]}, "properties": {"OBJECTID": 58, "RECORDID": "REZ-26-0000051", "ADDRESS": "9710 N Armenia Ave", "UNIT": "-9720", "APPSTATUS": "In Process", "TENTATIVEHEARING": "07/23/2026", "TENTATIVETIME": "17:01", "RECORDALIAS": "Rezoning", "MAPDOT": "Rezoning", "CRA": null, "NEIGHBORHOOD": "Historic Forest Hills", "COUNCILDISTRICT": "7", "CREATEDDATE": 1772064000000, "LASTUPDATE": 1785196800000, "GlobalID": "{9FF182EC-E05A-4FC7-9639-95D8F7F69320}", "URL": "https://aca-prod.accela.com/TAMPA/Cap/CapDetail.aspx?Module=Planning&TabName=Planning&capID1=26CAP&capID2=00000&capID3=00C58&agencyCode=TAMPA"}}, {"type": "Feature", "id": 59, "geometry": {"type": "Point", "coordinates": [-82.45940250149624, 28.003454948311706]}, "properties": {"OBJECTID": 59, "RECORDID": "AB2-26-0000010", "ADDRESS": "6203 N Florida Ave", "UNIT": "", "APPSTATUS": "In Process", "TENTATIVEHEARING": "N/A", "TENTATIVETIME": "", "RECORDALIAS": "AB Special Use 2", "MAPDOT": "Special Use Cases - Alcoholic Beverage Sales", "CRA": null, "NEIGHBORHOOD": "Old Seminole Heights", "COUNCILDISTRICT": "6", "CREATEDDATE": 1772409600000, "LASTUPDATE": 1785283200000, "GlobalID": "{90B25C69-D7F9-436F-9B69-3054C926BD7F}", "URL": "https://aca-prod.accela.com/TAMPA/Cap/CapDetail.aspx?Module=Planning&TabName=Planning&capID1=26CAP&capID2=00000&capID3=00CTV&agencyCode=TAMPA"}}, {"type": "Feature", "id": 60, "geometry": {"type": "Point", "coordinates": [-82.48778401237361, 27.941060521406342]}, "properties": {"OBJECTID": 60, "RECORDID": "REZ-26-0000054", "ADDRESS": "2704 W Azeele St", "UNIT": "", "APPSTATUS": "In Process", "TENTATIVEHEARING": "10/08/2026", "TENTATIVETIME": "17:01", "RECORDALIAS": "Rezoning", "MAPDOT": "Rezoning", "CRA": null, "NEIGHBORHOOD": "Palma Ceia Pines", "COUNCILDISTRICT": "4", "CREATEDDATE": 1772755200000, "LASTUPDATE": 1785974400000, "GlobalID": "{804C3991-8C48-41A9-8511-6B9D0B58AF1D}", "URL": "https://aca-prod.accela.com/TAMPA/Cap/CapDetail.aspx?Module=Planning&TabName=Planning&capID1=26CAP&capID2=00000&capID3=00E31&agencyCode=TAMPA"}}, {"type": "Feature", "id": 61, "geometry": {"type": "Point", "coordinates": [-82.48499862401358, 27.944892711305275]}, "properties": {"OBJECTID": 61, "RECORDID": "REZ-26-0000055", "ADDRESS": "107 N Armenia Ave", "UNIT": "", "APPSTATUS": "In Process", "TENTATIVEHEARING": "08/20/2026", "TENTATIVETIME": "17:01", "RECORDALIAS": "Rezoning", "MAPDOT": "Rezoning", "CRA": "West Tampa", "NEIGHBORHOOD": "North Hyde Park", "COUNCILDISTRICT": "5", "CREATEDDATE": 1773100800000, "LASTUPDATE": 1787011200000, "GlobalID": "{1D8808B4-AC83-4DDF-95E0-AF0514361B5F}", "URL": "https://aca-prod.accela.com/TAMPA/Cap/CapDetail.aspx?Module=Planning&TabName=Planning&capID1=26CAP&capID2=00000&capID3=00ERD&agencyCode=TAMPA"}}, {"type": "Feature", "id": 62, "geometry": {"type": "Point", "coordinates": [-82.47711131669915, 28.05106218244299]}, "properties": {"OBJECTID": 62, "RECORDID": "REZ-26-0000056", "ADDRESS": "1715 W Overpar Dr", "UNIT": "", "APPSTATUS": "In Process", "TENTATIVEHEARING": "08/20/2026", "TENTATIVETIME": "17:01", "RECORDALIAS": "Rezoning", "MAPDOT": "Rezoning", "CRA": null, "NEIGHBORHOOD": "Forest Hills", "COUNCILDISTRICT": "7", "CREATEDDATE": 1773187200000, "LASTUPDATE": 1781136000000, "GlobalID": "{00A3456D-A7F7-4E30-BCBE-4CE0E51094FE}", "URL": "https://aca-prod.accela.com/TAMPA/Cap/CapDetail.aspx?Module=Planning&TabName=Planning&capID1=26CAP&capID2=00000&capID3=00F37&agencyCode=TAMPA"}}, {"type": "Feature", "id": 63, "geometry": {"type": "Point", "coordinates": [-82.4760881072034, 28.0027836336607]}, "properties": {"OBJECTID": 63, "RECORDID": "REZ-26-0000057", "ADDRESS": "6111 N Rome Ave", "UNIT": "", "APPSTATUS": "In Process", "TENTATIVEHEARING": "08/20/2026", "TENTATIVETIME": "17:01", "RECORDALIAS": "Rezoning", "MAPDOT": "Rezoning", "CRA": null, "NEIGHBORHOOD": "Riverbend", "COUNCILDISTRICT": "6", "CREATEDDATE": 1773273600000, "LASTUPDATE": 1783555200000, "GlobalID": "{9D841024-FE6C-4F97-B4B4-370AB4687375}", "URL": "https://aca-prod.accela.com/TAMPA/Cap/CapDetail.aspx?Module=Planning&TabName=Planning&capID1=26CAP&capID2=00000&capID3=00FFM&agencyCode=TAMPA"}}, {"type": "Feature", "id": 64, "geometry": {"type": "Point", "coordinates": [-82.45007566818072, 27.95916233587554]}, "properties": {"OBJECTID": 64, "RECORDID": "REZ-26-0000060", "ADDRESS": "1605 Waters Ct", "UNIT": "", "APPSTATUS": "In Process", "TENTATIVEHEARING": "08/20/2026", "TENTATIVETIME": "17:01", "RECORDALIAS": "Rezoning", "MAPDOT": "Rezoning", "CRA": "Central Park", "NEIGHBORHOOD": "Historic Ybor", "COUNCILDISTRICT": "5", "CREATEDDATE": 1773619200000, "LASTUPDATE": 1787184000000, "GlobalID": "{23074499-C353-4FBE-B4C3-F5ABAD40E03C}", "URL": "https://aca-prod.accela.com/TAMPA/Cap/CapDetail.aspx?Module=Planning&TabName=Planning&capID1=26CAP&capID2=00000&capID3=00FWE&agencyCode=TAMPA"}}, {"type": "Feature", "id": 65, "geometry": {"type": "Point", "coordinates": [-82.47891820519624, 27.943196764803417]}, "properties": {"OBJECTID": 65, "RECORDID": "REZ-26-0000061", "ADDRESS": "205 S Fremont Ave", "UNIT": "", "APPSTATUS": "In Process", "TENTATIVEHEARING": "08/20/2026", "TENTATIVETIME": "17:01", "RECORDALIAS": "Rezoning", "MAPDOT": "Rezoning", "CRA": null, "NEIGHBORHOOD": "South Howard", "COUNCILDISTRICT": "6", "CREATEDDATE": 1773705600000, "LASTUPDATE": 1785369600000, "GlobalID": "{8050AD43-594F-498A-914C-162EEAA60827}", "URL": "https://aca-prod.accela.com/TAMPA/Cap/CapDetail.aspx?Module=Planning&TabName=Planning&capID1=26CAP&capID2=00000&capID3=00G5Z&agencyCode=TAMPA"}}, {"type": "Feature", "id": 66, "geometry": {"type": "Point", "coordinates": [-82.45662036891363, 27.963315687825762]}, "properties": {"OBJECTID": 66, "RECORDID": "DE1-26-0000091", "ADDRESS": "2106 N Jefferson St", "UNIT": "", "APPSTATUS": "In Process", "TENTATIVEHEARING": "N/A", "TENTATIVETIME": "", "RECORDALIAS": "Design Exception 1", "MAPDOT": "Design Exceptions", "CRA": null, "NEIGHBORHOOD": "Tampa Heights", "COUNCILDISTRICT": "5", "CREATEDDATE": 1773792000000, "LASTUPDATE": 1785801600000, "GlobalID": "{BB214EEE-72BC-45CF-8BBA-52E2A3D6F42F}", "URL": "https://aca-prod.accela.com/TAMPA/Cap/CapDetail.aspx?Module=Planning&TabName=Planning&capID1=26CAP&capID2=00000&capID3=00GE6&agencyCode=TAMPA"}}, {"type": "Feature", "id": 67, "geometry": {"type": "Point", "coordinates": [-82.47102657144217, 27.954208333325475]}, "properties": {"OBJECTID": 67, "RECORDID": "DE1-26-0000093", "ADDRESS": "1125 W Arch St", "UNIT": "", "APPSTATUS": "In Process", "TENTATIVEHEARING": "N/A", "TENTATIVETIME": "", "RECORDALIAS": "Design Exception 1", "MAPDOT": "Design Exceptions", "CRA": "West Tampa", "NEIGHBORHOOD": "West Riverfront Neighborhood Crimewatch Association", "COUNCILDISTRICT": "5", "CREATEDDATE": 1774051200000, "LASTUPDATE": 1781049600000, "GlobalID": "{E8E2DEE1-55BE-460E-B79E-04B83EE0F18A}", "URL": "https://aca-prod.accela.com/TAMPA/Cap/CapDetail.aspx?Module=Planning&TabName=Planning&capID1=26CAP&capID2=00000&capID3=00GZD&agencyCode=TAMPA"}}, {"type": "Feature", "id": 68, "geometry": {"type": "Point", "coordinates": [-82.46029290749371, 28.016220914077618]}, "properties": {"OBJECTID": 68, "RECORDID": "VAC-26-0000010", "ADDRESS": "203 W Broad St", "UNIT": "", "APPSTATUS": "In Process", "TENTATIVEHEARING": "N/A", "TENTATIVETIME": "", "RECORDALIAS": "ROW Vacating", "MAPDOT": "Vacating", "CRA": null, "NEIGHBORHOOD": "Old Seminole Heights", "COUNCILDISTRICT": "6", "CREATEDDATE": 1774828800000, "LASTUPDATE": 1774828800000, "GlobalID": "{E7297AE0-785D-4B3F-9AFD-D3353C3FF7A6}", "URL": "https://aca-prod.accela.com/TAMPA/Cap/CapDetail.aspx?Module=Planning&TabName=Planning&capID1=26CAP&capID2=00000&capID3=00IIW&agencyCode=TAMPA"}}, {"type": "Feature", "id": 69, "geometry": {"type": "Point", "coordinates": [-82.44469608754866, 28.034571296010736]}, "properties": {"OBJECTID": 69, "RECORDID": "VAC-26-0000011", "ADDRESS": "9401 N 14th St", "UNIT": "", "APPSTATUS": "In Process", "TENTATIVEHEARING": "09/17/2026", "TENTATIVETIME": "10:30", "RECORDALIAS": "ROW Vacating", "MAPDOT": "Vacating", "CRA": null, "NEIGHBORHOOD": "North Tampa Community", "COUNCILDISTRICT": "5", "CREATEDDATE": 1774828800000, "LASTUPDATE": 1786320000000, "GlobalID": "{3944992F-F049-4941-B80F-AD527BB38AF4}", "URL": "https://aca-prod.accela.com/TAMPA/Cap/CapDetail.aspx?Module=Planning&TabName=Planning&capID1=26CAP&capID2=00000&capID3=00IN5&agencyCode=TAMPA"}}, {"type": "Feature", "id": 70, "geometry": {"type": "Point", "coordinates": [-82.53705678239649, 27.942903026209194]}, "properties": {"OBJECTID": 70, "RECORDID": "REZ-26-0000062", "ADDRESS": "5600 Mariner St", "UNIT": "", "APPSTATUS": "In Process", "TENTATIVEHEARING": "08/20/2026", "TENTATIVETIME": "17:01", "RECORDALIAS": "Rezoning", "MAPDOT": "Rezoning", "CRA": null, "NEIGHBORHOOD": "Beach Park", "COUNCILDISTRICT": "6", "CREATEDDATE": 1774828800000, "LASTUPDATE": 1786060800000, "GlobalID": "{D7EC8D05-3990-4C9E-B584-B70F5E6A2DC1}", "URL": "https://aca-prod.accela.com/TAMPA/Cap/CapDetail.aspx?Module=Planning&TabName=Planning&capID1=26CAP&capID2=00000&capID3=00INY&agencyCode=TAMPA"}}, {"type": "Feature", "id": 71, "geometry": {"type": "Point", "coordinates": [-82.46176182140326, 27.940295669432007]}, "properties": {"OBJECTID": 71, "RECORDID": "VAC-26-0000012", "ADDRESS": "210 W Beach Pl", "UNIT": "", "APPSTATUS": "In Process", "TENTATIVEHEARING": "N/A", "TENTATIVETIME": "10:30", "RECORDALIAS": "ROW Vacating", "MAPDOT": "Vacating", "CRA": null, "NEIGHBORHOOD": "Hyde Park Spanishtown Creek", "COUNCILDISTRICT": "4", "CREATEDDATE": 1774915200000, "LASTUPDATE": 1780531200000, "GlobalID": "{C727004A-A6AB-4187-B235-55A53CAC4F74}", "URL": "https://aca-prod.accela.com/TAMPA/Cap/CapDetail.aspx?Module=Planning&TabName=Planning&capID1=26CAP&capID2=00000&capID3=00IY9&agencyCode=TAMPA"}}, {"type": "Feature", "id": 72, "geometry": {"type": "Point", "coordinates": [-82.52899017289167, 27.890673462539638]}, "properties": {"OBJECTID": 72, "RECORDID": "LND-26-0000076", "ADDRESS": "4908 W Price Ave", "UNIT": "", "APPSTATUS": "Awaiting Client Reply", "TENTATIVEHEARING": "N/A", "TENTATIVETIME": "", "RECORDALIAS": "General Land Use", "MAPDOT": "General Land Use", "CRA": null, "NEIGHBORHOOD": "Gandy / Sun Bay South", "COUNCILDISTRICT": "4", "CREATEDDATE": 1775088000000, "LASTUPDATE": 1785369600000, "GlobalID": "{8DB18B24-CFE6-4C33-AEA8-D854FDFF268D}", "URL": "https://aca-prod.accela.com/TAMPA/Cap/CapDetail.aspx?Module=Planning&TabName=Planning&capID1=26CAP&capID2=00000&capID3=00JBZ&agencyCode=TAMPA"}}, {"type": "Feature", "id": 73, "geometry": {"type": "Point", "coordinates": [-82.46877046215691, 27.967948508711718]}, "properties": {"OBJECTID": 73, "RECORDID": "DE2-26-0000009", "ADDRESS": "2812 N Munro St", "UNIT": "", "APPSTATUS": "In Process", "TENTATIVEHEARING": "N/A", "TENTATIVETIME": "", "RECORDALIAS": "Design Exception 2", "MAPDOT": "Design Exceptions", "CRA": null, "NEIGHBORHOOD": "Riverside Heights", "COUNCILDISTRICT": "6", "CREATEDDATE": 1775433600000, "LASTUPDATE": 1780963200000, "GlobalID": "{557BF78B-DB60-4DC9-AA7D-DEB277E69651}", "URL": "https://aca-prod.accela.com/TAMPA/Cap/CapDetail.aspx?Module=Planning&TabName=Planning&capID1=26CAP&capID2=00000&capID3=00JRM&agencyCode=TAMPA"}}, {"type": "Feature", "id": 74, "geometry": {"type": "Point", "coordinates": [-82.48109726404206, 27.96453023354888]}, "properties": {"OBJECTID": 74, "RECORDID": "REZ-26-0000063", "ADDRESS": "2115 W Saint John St", "UNIT": "", "APPSTATUS": "In Process", "TENTATIVEHEARING": "09/10/2026", "TENTATIVETIME": "17:01", "RECORDALIAS": "Rezoning", "MAPDOT": "Rezoning", "CRA": "West Tampa", "NEIGHBORHOOD": "Old West Tampa", "COUNCILDISTRICT": "5", "CREATEDDATE": 1775520000000, "LASTUPDATE": 1785888000000, "GlobalID": "{B4A6E330-CE2E-417A-8C4D-D4F9085D2502}", "URL": "https://aca-prod.accela.com/TAMPA/Cap/CapDetail.aspx?Module=Planning&TabName=Planning&capID1=26CAP&capID2=00000&capID3=00K7C&agencyCode=TAMPA"}}, {"type": "Feature", "id": 75, "geometry": {"type": "Point", "coordinates": [-82.49596077615868, 27.878983111050047]}, "properties": {"OBJECTID": 75, "RECORDID": "REZ-26-0000064", "ADDRESS": "6206 S 6th St", "UNIT": "", "APPSTATUS": "In Process", "TENTATIVEHEARING": "09/10/2026", "TENTATIVETIME": "17:01", "RECORDALIAS": "Rezoning", "MAPDOT": "Rezoning", "CRA": null, "NEIGHBORHOOD": "Interbay - South of Gandy", "COUNCILDISTRICT": "4", "CREATEDDATE": 1775692800000, "LASTUPDATE": 1785974400000, "GlobalID": "{ED352190-7388-48CE-ADEC-F2C7D01157C9}", "URL": "https://aca-prod.accela.com/TAMPA/Cap/CapDetail.aspx?Module=Planning&TabName=Planning&capID1=26CAP&capID2=00000&capID3=00KOY&agencyCode=TAMPA"}}, {"type": "Feature", "id": 76, "geometry": {"type": "Point", "coordinates": [-82.44643341167428, 28.024014295278242]}, "properties": {"OBJECTID": 76, "RECORDID": "VRB-26-0000071", "ADDRESS": "1304 E Juneau St", "UNIT": "", "APPSTATUS": "Awaiting Client Reply", "TENTATIVEHEARING": "N/A", "TENTATIVETIME": "", "RECORDALIAS": "Variance Review Board", "MAPDOT": "Variances", "CRA": null, "NEIGHBORHOOD": "Sulphur Springs", "COUNCILDISTRICT": "5", "CREATEDDATE": 1775692800000, "LASTUPDATE": 1786924800000, "GlobalID": "{0A09990B-5AA9-4EFF-A6BE-59DC1887A65F}", "URL": "https://aca-prod.accela.com/TAMPA/Cap/CapDetail.aspx?Module=Planning&TabName=Planning&capID1=26CAP&capID2=00000&capID3=00KPY&agencyCode=TAMPA"}}, {"type": "Feature", "id": 77, "geometry": {"type": "Point", "coordinates": [-82.403761411104, 27.963094577979813]}, "properties": {"OBJECTID": 77, "RECORDID": "REZ-26-0000065", "ADDRESS": "4911 E 10th Ave", "UNIT": "", "APPSTATUS": "In Process", "TENTATIVEHEARING": "10/08/2026", "TENTATIVETIME": "17:01", "RECORDALIAS": "Rezoning", "MAPDOT": "Rezoning", "CRA": null, "NEIGHBORHOOD": "East Side Commercial", "COUNCILDISTRICT": "5", "CREATEDDATE": 1775779200000, "LASTUPDATE": 1785196800000, "GlobalID": "{7DF9318B-F701-48A0-8F3C-5FB6E4D130D9}", "URL": "https://aca-prod.accela.com/TAMPA/Cap/CapDetail.aspx?Module=Planning&TabName=Planning&capID1=26CAP&capID2=00000&capID3=00KWE&agencyCode=TAMPA"}}, {"type": "Feature", "id": 78, "geometry": {"type": "Point", "coordinates": [-82.42750020633378, 27.94942229537737]}, "properties": {"OBJECTID": 78, "RECORDID": "REZ-26-0000066", "ADDRESS": "2910 E Clark St", "UNIT": "", "APPSTATUS": "In Process", "TENTATIVEHEARING": "09/10/2026", "TENTATIVETIME": "17:01", "RECORDALIAS": "Rezoning", "MAPDOT": "Rezoning", "CRA": null, "NEIGHBORHOOD": "Palmetto Beach", "COUNCILDISTRICT": "5", "CREATEDDATE": 1775779200000, "LASTUPDATE": 1786579200000, "GlobalID": "{F13B4054-596B-4607-AF47-48C544A89BA6}", "URL": "https://aca-prod.accela.com/TAMPA/Cap/CapDetail.aspx?Module=Planning&TabName=Planning&capID1=26CAP&capID2=00000&capID3=00L1R&agencyCode=TAMPA"}}, {"type": "Feature", "id": 79, "geometry": {"type": "Point", "coordinates": [-82.43637872986696, 27.94376343484413]}, "properties": {"OBJECTID": 79, "RECORDID": "REZ-26-0000067", "ADDRESS": "2018 Grant St", "UNIT": "", "APPSTATUS": "In Process", "TENTATIVEHEARING": "09/10/2026", "TENTATIVETIME": "17:01", "RECORDALIAS": "Rezoning", "MAPDOT": "Rezoning", "CRA": null, "NEIGHBORHOOD": "Palmetto Beach", "COUNCILDISTRICT": "5", "CREATEDDATE": 1776038400000, "LASTUPDATE": 1780963200000, "GlobalID": "{25CC2056-4A01-4072-A14B-90D596CF410A}", "URL": "https://aca-prod.accela.com/TAMPA/Cap/CapDetail.aspx?Module=Planning&TabName=Planning&capID1=26CAP&capID2=00000&capID3=00LAJ&agencyCode=TAMPA"}}, {"type": "Feature", "id": 80, "geometry": {"type": "Point", "coordinates": [-82.46791192497147, 27.94457370415676]}, "properties": {"OBJECTID": 80, "RECORDID": "VAC-26-0000013", "ADDRESS": "830 W Kennedy Blvd", "UNIT": "", "APPSTATUS": "In Process", "TENTATIVEHEARING": "N/A", "TENTATIVETIME": "10:30", "RECORDALIAS": "ROW Vacating", "MAPDOT": "Vacating", "CRA": null, "NEIGHBORHOOD": "Hyde Park Spanishtown Creek", "COUNCILDISTRICT": "4", "CREATEDDATE": 1776038400000, "LASTUPDATE": 1782864000000, "GlobalID": "{2C8C1FEB-C25A-4999-A67C-203E02E54B84}", "URL": "https://aca-prod.accela.com/TAMPA/Cap/CapDetail.aspx?Module=Planning&TabName=Planning&capID1=26CAP&capID2=00000&capID3=00LE8&agencyCode=TAMPA"}}, {"type": "Feature", "id": 81, "geometry": {"type": "Point", "coordinates": [-82.48270149775934, 27.933692703942587]}, "properties": {"OBJECTID": 81, "RECORDID": "VRB-26-0000072", "ADDRESS": "2208 W Morrison Ave", "UNIT": "", "APPSTATUS": "In Process", "TENTATIVEHEARING": "N/A", "TENTATIVETIME": "", "RECORDALIAS": "Variance Review Board", "MAPDOT": "Variances", "CRA": null, "NEIGHBORHOOD": "Parkland Estates", "COUNCILDISTRICT": "4", "CREATEDDATE": 1776124800000, "LASTUPDATE": 1785974400000, "GlobalID": "{67243AD0-9A65-4DDC-B6FD-F657C1CAF8DD}", "URL": "https://aca-prod.accela.com/TAMPA/Cap/CapDetail.aspx?Module=Planning&TabName=Planning&capID1=26CAP&capID2=00000&capID3=00LG9&agencyCode=TAMPA"}}, {"type": "Feature", "id": 82, "geometry": {"type": "Point", "coordinates": [-82.46120978207253, 27.980058296126387]}, "properties": {"OBJECTID": 82, "RECORDID": "REZ-26-0000068", "ADDRESS": "107 W Virginia Ave", "UNIT": "", "APPSTATUS": "In Process", "TENTATIVEHEARING": "09/10/2026", "TENTATIVETIME": "17:01", "RECORDALIAS": "Rezoning", "MAPDOT": "Rezoning", "CRA": null, "NEIGHBORHOOD": "Tampa Heights", "COUNCILDISTRICT": "6", "CREATEDDATE": 1776124800000, "LASTUPDATE": 1786060800000, "GlobalID": "{63AD8B1C-04BA-4843-B3EB-80DC48A3063D}", "URL": "https://aca-prod.accela.com/TAMPA/Cap/CapDetail.aspx?Module=Planning&TabName=Planning&capID1=26CAP&capID2=00000&capID3=00LPF&agencyCode=TAMPA"}}, {"type": "Feature", "id": 83, "geometry": {"type": "Point", "coordinates": [-82.4662995729952, 27.966862207655545]}, "properties": {"OBJECTID": 83, "RECORDID": "VRB-26-0000076", "ADDRESS": "406 W Columbus Dr", "UNIT": "", "APPSTATUS": "Awaiting Client Reply", "TENTATIVEHEARING": "N/A", "TENTATIVETIME": "", "RECORDALIAS": "Variance Review Board", "MAPDOT": "Variances", "CRA": null, "NEIGHBORHOOD": "Tampa Heights", "COUNCILDISTRICT": "5", "CREATEDDATE": 1776211200000, "LASTUPDATE": 1787097600000, "GlobalID": "{A3BA7F3B-7DC5-4331-A1AC-A3FCA9DF346C}", "URL": "https://aca-prod.accela.com/TAMPA/Cap/CapDetail.aspx?Module=Planning&TabName=Planning&capID1=26CAP&capID2=00000&capID3=00M0M&agencyCode=TAMPA"}}, {"type": "Feature", "id": 84, "geometry": {"type": "Point", "coordinates": [-82.46877046215691, 27.967948508711718]}, "properties": {"OBJECTID": 84, "RECORDID": "DE2-26-0000010", "ADDRESS": "2812 N Munro St", "UNIT": "", "APPSTATUS": "In Process", "TENTATIVEHEARING": "N/A", "TENTATIVETIME": "", "RECORDALIAS": "Design Exception 2", "MAPDOT": "Design Exceptions", "CRA": null, "NEIGHBORHOOD": "Riverside Heights", "COUNCILDISTRICT": "6", "CREATEDDATE": 1776211200000, "LASTUPDATE": 1780963200000, "GlobalID": "{584112B5-64A4-4C00-BD99-C742A535DC5E}", "URL": "https://aca-prod.accela.com/TAMPA/Cap/CapDetail.aspx?Module=Planning&TabName=Planning&capID1=26CAP&capID2=00000&capID3=00M1G&agencyCode=TAMPA"}}, {"type": "Feature", "id": 85, "geometry": {"type": "Point", "coordinates": [-82.39435604472436, 27.96539648584218]}, "properties": {"OBJECTID": 85, "RECORDID": "REZ-26-0000072", "ADDRESS": "2522 N 55th St", "UNIT": "", "APPSTATUS": "In Process", "TENTATIVEHEARING": "10/08/2026", "TENTATIVETIME": "17:01", "RECORDALIAS": "Rezoning", "MAPDOT": "Rezoning", "CRA": null, "NEIGHBORHOOD": "East Side Commercial", "COUNCILDISTRICT": "5", "CREATEDDATE": 1776297600000, "LASTUPDATE": 1784160000000, "GlobalID": "{931B6486-2F29-4E8D-8C13-EB6B07FEC100}", "URL": "https://aca-prod.accela.com/TAMPA/Cap/CapDetail.aspx?Module=Planning&TabName=Planning&capID1=26CAP&capID2=00000&capID3=00M9I&agencyCode=TAMPA"}}, {"type": "Feature", "id": 86, "geometry": {"type": "Point", "coordinates": [-82.47046499950132, 27.995990703915737]}, "properties": {"OBJECTID": 86, "RECORDID": "REZ-26-0000073", "ADDRESS": "1010 W Hillsborough Ave", "UNIT": "", "APPSTATUS": "In Process", "TENTATIVEHEARING": "10/08/2026", "TENTATIVETIME": "17:01", "RECORDALIAS": "Rezoning", "MAPDOT": "Rezoning", "CRA": null, "NEIGHBORHOOD": "Wellswood", "COUNCILDISTRICT": "6", "CREATEDDATE": 1776384000000, "LASTUPDATE": 1784764800000, "GlobalID": "{245DC3CF-EDEA-4536-8C8E-C6AEC8831847}", "URL": "https://aca-prod.accela.com/TAMPA/Cap/CapDetail.aspx?Module=Planning&TabName=Planning&capID1=26CAP&capID2=00000&capID3=00MD3&agencyCode=TAMPA"}}, {"type": "Feature", "id": 87, "geometry": {"type": "Point", "coordinates": [-82.48489397031055, 27.95948013866218]}, "properties": {"OBJECTID": 87, "RECORDID": "REZ-26-0000074", "ADDRESS": "2009 N Armenia Ave", "UNIT": "", "APPSTATUS": "In Process", "TENTATIVEHEARING": "10/08/2026", "TENTATIVETIME": "17:01", "RECORDALIAS": "Rezoning", "MAPDOT": "Rezoning", "CRA": "West Tampa", "NEIGHBORHOOD": "Old West Tampa", "COUNCILDISTRICT": "5", "CREATEDDATE": 1776384000000, "LASTUPDATE": 1783987200000, "GlobalID": "{38DDCCCE-2803-4D26-9F40-71A06A675243}", "URL": "https://aca-prod.accela.com/TAMPA/Cap/CapDetail.aspx?Module=Planning&TabName=Planning&capID1=26CAP&capID2=00000&capID3=00MI4&agencyCode=TAMPA"}}, {"type": "Feature", "id": 88, "geometry": {"type": "Point", "coordinates": [-82.39639395209491, 27.96326473433073]}, "properties": {"OBJECTID": 88, "RECORDID": "REZ-26-0000075", "ADDRESS": "5250 E Broadway Ave", "UNIT": "", "APPSTATUS": "In Process", "TENTATIVEHEARING": "08/20/2026", "TENTATIVETIME": "17:01", "RECORDALIAS": "Rezoning", "MAPDOT": "Rezoning", "CRA": null, "NEIGHBORHOOD": "East Side Commercial", "COUNCILDISTRICT": "5", "CREATEDDATE": 1776384000000, "LASTUPDATE": 1783555200000, "GlobalID": "{1E3134E0-786C-455E-A5A0-916CF61D4122}", "URL": "https://aca-prod.accela.com/TAMPA/Cap/CapDetail.aspx?Module=Planning&TabName=Planning&capID1=26CAP&capID2=00000&capID3=00MJP&agencyCode=TAMPA"}}, {"type": "Feature", "id": 89, "geometry": {"type": "Point", "coordinates": [-82.46106221391292, 27.966055362764465]}, "properties": {"OBJECTID": 89, "RECORDID": "REZ-26-0000076", "ADDRESS": "109 W Amelia Ave", "UNIT": "", "APPSTATUS": "In Process", "TENTATIVEHEARING": "09/10/2026", "TENTATIVETIME": "17:01", "RECORDALIAS": "Rezoning", "MAPDOT": "Rezoning", "CRA": null, "NEIGHBORHOOD": "Tampa Heights", "COUNCILDISTRICT": "5", "CREATEDDATE": 1776556800000, "LASTUPDATE": 1787184000000, "GlobalID": "{6F9CCE77-6084-47B9-91A8-E89EC89E303D}", "URL": "https://aca-prod.accela.com/TAMPA/Cap/CapDetail.aspx?Module=Planning&TabName=Planning&capID1=26CAP&capID2=00000&capID3=00ML2&agencyCode=TAMPA"}}, {"type": "Feature", "id": 90, "geometry": {"type": "Point", "coordinates": [-82.47336754151745, 27.981591953553394]}, "properties": {"OBJECTID": 90, "RECORDID": "REZ-26-0000077", "ADDRESS": "4001 N Riverside Dr", "UNIT": "", "APPSTATUS": "In Process", "TENTATIVEHEARING": "08/20/2026", "TENTATIVETIME": "17:01", "RECORDALIAS": "Rezoning", "MAPDOT": "Rezoning", "CRA": null, "NEIGHBORHOOD": "South Seminole Heights", "COUNCILDISTRICT": "6", "CREATEDDATE": 1776643200000, "LASTUPDATE": 1782777600000, "GlobalID": "{03CA72B3-F2E4-44F4-BCE2-0EA02B645546}", "URL": "https://aca-prod.accela.com/TAMPA/Cap/CapDetail.aspx?Module=Planning&TabName=Planning&capID1=26CAP&capID2=00000&capID3=00MVJ&agencyCode=TAMPA"}}, {"type": "Feature", "id": 91, "geometry": {"type": "Point", "coordinates": [-82.4346812595557, 27.971876223158915]}, "properties": {"OBJECTID": 91, "RECORDID": "REZ-26-0000078", "ADDRESS": "3209 N 22nd St", "UNIT": "", "APPSTATUS": "In Process", "TENTATIVEHEARING": "09/10/2026", "TENTATIVETIME": "17:01", "RECORDALIAS": "Rezoning", "MAPDOT": "Rezoning", "CRA": "East Tampa", "NEIGHBORHOOD": "North Ybor", "COUNCILDISTRICT": "5", "CREATEDDATE": 1776643200000, "LASTUPDATE": 1782864000000, "GlobalID": "{2D4F9519-D1C7-47F1-8087-84FC611351EF}", "URL": "https://aca-prod.accela.com/TAMPA/Cap/CapDetail.aspx?Module=Planning&TabName=Planning&capID1=26CAP&capID2=00000&capID3=00MWS&agencyCode=TAMPA"}}, {"type": "Feature", "id": 92, "geometry": {"type": "Point", "coordinates": [-82.45322470410785, 27.93711555700173]}, "properties": {"OBJECTID": 92, "RECORDID": "LND-26-0000085", "ADDRESS": "800 S Harbour Island Blvd", "UNIT": "", "APPSTATUS": "In Process", "TENTATIVEHEARING": "N/A", "TENTATIVETIME": "", "RECORDALIAS": "General Land Use", "MAPDOT": "General Land Use", "CRA": "Downtown Core", "NEIGHBORHOOD": "Harbour Island", "COUNCILDISTRICT": "4", "CREATEDDATE": 1776729600000, "LASTUPDATE": 1786060800000, "GlobalID": "{052BF8D2-3FD9-4D10-A64D-3733960147DF}", "URL": "https://aca-prod.accela.com/TAMPA/Cap/CapDetail.aspx?Module=Planning&TabName=Planning&capID1=26CAP&capID2=00000&capID3=00N2A&agencyCode=TAMPA"}}, {"type": "Feature", "id": 93, "geometry": {"type": "Point", "coordinates": [-82.4305463423956, 27.97712429533774]}, "properties": {"OBJECTID": 93, "RECORDID": "DE1-26-0000110", "ADDRESS": "2602 E 29th Ave", "UNIT": "", "APPSTATUS": "Awaiting Client Reply", "TENTATIVEHEARING": "N/A", "TENTATIVETIME": "", "RECORDALIAS": "Design Exception 1", "MAPDOT": "Design Exceptions", "CRA": "East Tampa", "NEIGHBORHOOD": "College Hill-Belmont Heights", "COUNCILDISTRICT": "5", "CREATEDDATE": 1776816000000, "LASTUPDATE": 1787097600000, "GlobalID": "{D2F67846-FBB9-4C54-A4F1-BD9F0BCBE79A}", "URL": "https://aca-prod.accela.com/TAMPA/Cap/CapDetail.aspx?Module=Planning&TabName=Planning&capID1=26CAP&capID2=00000&capID3=00NF7&agencyCode=TAMPA"}}, {"type": "Feature", "id": 94, "geometry": {"type": "Point", "coordinates": [-82.38925526982675, 27.966845547725114]}, "properties": {"OBJECTID": 94, "RECORDID": "AB2-26-0000016", "ADDRESS": "5804 E Columbus Dr", "UNIT": "", "APPSTATUS": "In Process", "TENTATIVEHEARING": "N/A", "TENTATIVETIME": "", "RECORDALIAS": "AB Special Use 2", "MAPDOT": "Special Use Cases - Alcoholic Beverage Sales", "CRA": null, "NEIGHBORHOOD": "East Side Commercial", "COUNCILDISTRICT": "5", "CREATEDDATE": 1777248000000, "LASTUPDATE": 1785888000000, "GlobalID": "{27222DCC-703F-47DD-B111-4BAB354B8137}", "URL": "https://aca-prod.accela.com/TAMPA/Cap/CapDetail.aspx?Module=Planning&TabName=Planning&capID1=26CAP&capID2=00000&capID3=00OAW&agencyCode=TAMPA"}}, {"type": "Feature", "id": 95, "geometry": {"type": "Point", "coordinates": [-82.41939626513673, 27.961719015262467]}, "properties": {"OBJECTID": 95, "RECORDID": "VAC-26-0000014", "ADDRESS": "2003 N 36th St", "UNIT": "", "APPSTATUS": "Open", "TENTATIVEHEARING": "N/A", "TENTATIVETIME": "", "RECORDALIAS": "ROW Vacating", "MAPDOT": "Vacating", "CRA": null, "NEIGHBORHOOD": "Historic East Ybor and Gary", "COUNCILDISTRICT": "5", "CREATEDDATE": 1777334400000, "LASTUPDATE": 1777334400000, "GlobalID": "{8E7DD1EF-16F8-4EE4-9733-AB0500939657}", "URL": "https://aca-prod.accela.com/TAMPA/Cap/CapDetail.aspx?Module=Planning&TabName=Planning&capID1=26CAP&capID2=00000&capID3=00OHR&agencyCode=TAMPA"}}, {"type": "Feature", "id": 96, "geometry": {"type": "Point", "coordinates": [-82.44687796645361, 27.9702384088195]}, "properties": {"OBJECTID": 96, "RECORDID": "REZ-26-0000079", "ADDRESS": "1206 Holmes Ave", "UNIT": "A-B", "APPSTATUS": "In Process", "TENTATIVEHEARING": "09/10/2026", "TENTATIVETIME": "17:01", "RECORDALIAS": "Rezoning", "MAPDOT": "Rezoning", "CRA": "East Tampa", "NEIGHBORHOOD": "VM Ybor", "COUNCILDISTRICT": "5", "CREATEDDATE": 1777420800000, "LASTUPDATE": 1784073600000, "GlobalID": "{E6E9CF29-2B4E-4634-BDB0-0470272BFA27}", "URL": "https://aca-prod.accela.com/TAMPA/Cap/CapDetail.aspx?Module=Planning&TabName=Planning&capID1=26CAP&capID2=00000&capID3=00OVC&agencyCode=TAMPA"}}, {"type": "Feature", "id": 97, "geometry": {"type": "Point", "coordinates": [-82.45124308596903, 28.006598834138277]}, "properties": {"OBJECTID": 97, "RECORDID": "VRB-26-0000078", "ADDRESS": "6501 N Nebraska Ave", "UNIT": "1", "APPSTATUS": "In Process", "TENTATIVEHEARING": "N/A", "TENTATIVETIME": "", "RECORDALIAS": "Variance Review Board", "MAPDOT": "Variances", "CRA": null, "NEIGHBORHOOD": "Old Seminole Heights", "COUNCILDISTRICT": "6", "CREATEDDATE": 1777507200000, "LASTUPDATE": 1786924800000, "GlobalID": "{95DA4020-66BC-4327-BAE9-EA51B45BAD58}", "URL": "https://aca-prod.accela.com/TAMPA/Cap/CapDetail.aspx?Module=Planning&TabName=Planning&capID1=26CAP&capID2=00000&capID3=00P4G&agencyCode=TAMPA"}}, {"type": "Feature", "id": 98, "geometry": {"type": "Point", "coordinates": [-82.28509766472166, 27.98151185989683]}, "properties": {"OBJECTID": 98, "RECORDID": "REZ-26-0000082", "ADDRESS": "620 W Dr Martin Luther King Jr Blvd", "UNIT": "", "APPSTATUS": "In Process", "TENTATIVEHEARING": "10/08/2026", "TENTATIVETIME": "17:01", "RECORDALIAS": "Rezoning", "MAPDOT": "Rezoning", "CRA": null, "NEIGHBORHOOD": null, "COUNCILDISTRICT": null, "CREATEDDATE": 1777593600000, "LASTUPDATE": 1785974400000, "GlobalID": "{8DF710D3-D4C5-40E6-B3CA-1F134FFFA9AC}", "URL": "https://aca-prod.accela.com/TAMPA/Cap/CapDetail.aspx?Module=Planning&TabName=Planning&capID1=26CAP&capID2=00000&capID3=00PE2&agencyCode=TAMPA"}}, {"type": "Feature", "id": 99, "geometry": {"type": "Point", "coordinates": [-82.42417507952555, 27.981535589012953]}, "properties": {"OBJECTID": 99, "RECORDID": "DE1-26-0000121", "ADDRESS": "3208 E Dr Martin Luther King Jr Blvd", "UNIT": "", "APPSTATUS": "Awaiting Client Reply", "TENTATIVEHEARING": "N/A", "TENTATIVETIME": "", "RECORDALIAS": "Design Exception 1", "MAPDOT": "Design Exceptions", "CRA": "East Tampa", "NEIGHBORHOOD": "East Tampa 1", "COUNCILDISTRICT": "5", "CREATEDDATE": 1778025600000, "LASTUPDATE": 1785110400000, "GlobalID": "{23A464CE-7C91-479E-B104-55FA64BCA6AC}", "URL": "https://aca-prod.accela.com/TAMPA/Cap/CapDetail.aspx?Module=Planning&TabName=Planning&capID1=26CAP&capID2=00000&capID3=00Q33&agencyCode=TAMPA"}}, {"type": "Feature", "id": 100, "geometry": {"type": "Point", "coordinates": [-82.1298984905614, 28.028900777033655]}, "properties": {"OBJECTID": 100, "RECORDID": "AB2-26-0000017", "ADDRESS": "1601 N Franklin St", "UNIT": "-1607", "APPSTATUS": "In Process", "TENTATIVEHEARING": "N/A", "TENTATIVETIME": "", "RECORDALIAS": "AB Special Use 2", "MAPDOT": "Special Use Cases - Alcoholic Beverage Sales", "CRA": null, "NEIGHBORHOOD": null, "COUNCILDISTRICT": null, "CREATEDDATE": 1778025600000, "LASTUPDATE": 1786665600000, "GlobalID": "{9B1497CB-DE42-4810-B8DF-FC2739F8AE28}", "URL": "https://aca-prod.accela.com/TAMPA/Cap/CapDetail.aspx?Module=Planning&TabName=Planning&capID1=26CAP&capID2=00000&capID3=00Q5X&agencyCode=TAMPA"}}, {"type": "Feature", "id": 101, "geometry": {"type": "Point", "coordinates": [-82.45312931774819, 28.01504370463211]}, "properties": {"OBJECTID": 101, "RECORDID": "FDN-26-0000090", "ADDRESS": "709 E Crenshaw St", "UNIT": "", "APPSTATUS": "In Process", "TENTATIVEHEARING": "N/A", "TENTATIVETIME": "", "RECORDALIAS": "Formal Decision", "MAPDOT": "Formal Decision", "CRA": null, "NEIGHBORHOOD": "Old Seminole Heights", "COUNCILDISTRICT": "6", "CREATEDDATE": 1778025600000, "LASTUPDATE": 1784764800000, "GlobalID": "{B3141BD2-7FEF-4E4D-AEEC-01FBD77D7F62}", "URL": "https://aca-prod.accela.com/TAMPA/Cap/CapDetail.aspx?Module=Planning&TabName=Planning&capID1=26CAP&capID2=00000&capID3=00Q8E&agencyCode=TAMPA"}}, {"type": "Feature", "id": 102, "geometry": {"type": "Point", "coordinates": [-82.4997448583163, 27.923864873295578]}, "properties": {"OBJECTID": 102, "RECORDID": "VRB-26-0000080", "ADDRESS": "3324 W San Miguel St S", "UNIT": "", "APPSTATUS": "In Process", "TENTATIVEHEARING": "N/A", "TENTATIVETIME": "", "RECORDALIAS": "Variance Review Board", "MAPDOT": "Variances", "CRA": null, "NEIGHBORHOOD": "Palma Ceia", "COUNCILDISTRICT": "4", "CREATEDDATE": 1778544000000, "LASTUPDATE": 1786665600000, "GlobalID": "{45CDD570-D2D4-4262-B914-744B4D26A2F9}", "URL": "https://aca-prod.accela.com/TAMPA/Cap/CapDetail.aspx?Module=Planning&TabName=Planning&capID1=26CAP&capID2=00000&capID3=00R8V&agencyCode=TAMPA"}}, {"type": "Feature", "id": 103, "geometry": {"type": "Point", "coordinates": [-82.43224916242933, 27.98214412315951]}, "properties": {"OBJECTID": 103, "RECORDID": "REZ-26-0000083", "ADDRESS": "2423 E Ida St", "UNIT": "", "APPSTATUS": "In Process", "TENTATIVEHEARING": "09/10/2026", "TENTATIVETIME": "17:01", "RECORDALIAS": "Rezoning", "MAPDOT": "Rezoning", "CRA": "East Tampa", "NEIGHBORHOOD": "East Tampa 1", "COUNCILDISTRICT": "5", "CREATEDDATE": 1778630400000, "LASTUPDATE": 1785283200000, "GlobalID": "{E07E6225-3BA5-4BB8-8B69-994B9D85D0B8}", "URL": "https://aca-prod.accela.com/TAMPA/Cap/CapDetail.aspx?Module=Planning&TabName=Planning&capID1=26CAP&capID2=00000&capID3=00RG2&agencyCode=TAMPA"}}, {"type": "Feature", "id": 104, "geometry": {"type": "Point", "coordinates": [-82.51087764245999, 27.943050295478105]}, "properties": {"OBJECTID": 104, "RECORDID": "VRB-26-0000081", "ADDRESS": "4005 W Cleveland St", "UNIT": "", "APPSTATUS": "In Process", "TENTATIVEHEARING": "N/A", "TENTATIVETIME": "", "RECORDALIAS": "Variance Review Board", "MAPDOT": "Variances", "CRA": null, "NEIGHBORHOOD": "Swann Estates", "COUNCILDISTRICT": "6", "CREATEDDATE": 1778630400000, "LASTUPDATE": 1785715200000, "GlobalID": "{8BADA4C1-B814-4E76-900F-A12C5902549E}", "URL": "https://aca-prod.accela.com/TAMPA/Cap/CapDetail.aspx?Module=Planning&TabName=Planning&capID1=26CAP&capID2=00000&capID3=00RMX&agencyCode=TAMPA"}}, {"type": "Feature", "id": 105, "geometry": {"type": "Point", "coordinates": [-82.434300358814, 27.97239165589562]}, "properties": {"OBJECTID": 105, "RECORDID": "DE1-26-0000126", "ADDRESS": "3103 Holmes St", "UNIT": "", "APPSTATUS": "In Process", "TENTATIVEHEARING": "N/A", "TENTATIVETIME": "", "RECORDALIAS": "Design Exception 1", "MAPDOT": "Design Exceptions", "CRA": "East Tampa", "NEIGHBORHOOD": "North Ybor", "COUNCILDISTRICT": "5", "CREATEDDATE": 1778716800000, "LASTUPDATE": 1785974400000, "GlobalID": "{BACECC22-AA5A-46C6-A44B-230F5075DEF7}", "URL": "https://aca-prod.accela.com/TAMPA/Cap/CapDetail.aspx?Module=Planning&TabName=Planning&capID1=26CAP&capID2=00000&capID3=00RWG&agencyCode=TAMPA"}}, {"type": "Feature", "id": 106, "geometry": {"type": "Point", "coordinates": [-82.4305654947123, 27.958142657466443]}, "properties": {"OBJECTID": 106, "RECORDID": "VAC-26-0000015", "ADDRESS": "2602 E 4th Ave", "UNIT": "", "APPSTATUS": "In Process", "TENTATIVEHEARING": "08/20/2026", "TENTATIVETIME": "17:01", "RECORDALIAS": "ROW Vacating", "MAPDOT": "Vacating", "CRA": null, "NEIGHBORHOOD": "Historic East Ybor and Gary", "COUNCILDISTRICT": "5", "CREATEDDATE": 1778716800000, "LASTUPDATE": 1786665600000, "GlobalID": "{F7C506D6-D198-4EEF-8D8B-4EC30BA99957}", "URL": "https://aca-prod.accela.com/TAMPA/Cap/CapDetail.aspx?Module=Planning&TabName=Planning&capID1=26CAP&capID2=00000&capID3=00RXN&agencyCode=TAMPA"}}, {"type": "Feature", "id": 107, "geometry": {"type": "Point", "coordinates": [-82.48499864570427, 27.947801048417972]}, "properties": {"OBJECTID": 107, "RECORDID": "REZ-26-0000084", "ADDRESS": "405 N Armenia Ave", "UNIT": "", "APPSTATUS": "In Process", "TENTATIVEHEARING": "11/12/2026", "TENTATIVETIME": "17:01", "RECORDALIAS": "Rezoning", "MAPDOT": "Rezoning", "CRA": "West Tampa", "NEIGHBORHOOD": "North Hyde Park", "COUNCILDISTRICT": "5", "CREATEDDATE": 1778803200000, "LASTUPDATE": 1786665600000, "GlobalID": "{4F3D8D72-644C-4A6D-8E63-A07100D315AC}", "URL": "https://aca-prod.accela.com/TAMPA/Cap/CapDetail.aspx?Module=Planning&TabName=Planning&capID1=26CAP&capID2=00000&capID3=00S48&agencyCode=TAMPA"}}, {"type": "Feature", "id": 108, "geometry": {"type": "Point", "coordinates": [-82.52679762952451, 27.886646806876985]}, "properties": {"OBJECTID": 108, "RECORDID": "REZ-26-0000085", "ADDRESS": "5400 S West Shore Blvd", "UNIT": "A-B", "APPSTATUS": "In Process", "TENTATIVEHEARING": "10/08/2026", "TENTATIVETIME": "17:01", "RECORDALIAS": "Rezoning", "MAPDOT": "Rezoning", "CRA": null, "NEIGHBORHOOD": "Gandy / Sun Bay South", "COUNCILDISTRICT": "4", "CREATEDDATE": 1779062400000, "LASTUPDATE": 1786665600000, "GlobalID": "{66B36944-9290-4DC1-A05E-13D3FD6C9039}", "URL": "https://aca-prod.accela.com/TAMPA/Cap/CapDetail.aspx?Module=Planning&TabName=Planning&capID1=26CAP&capID2=00000&capID3=00SAC&agencyCode=TAMPA"}}, {"type": "Feature", "id": 109, "geometry": {"type": "Point", "coordinates": [-82.48204701167474, 27.94468316898168]}, "properties": {"OBJECTID": 109, "RECORDID": "REZ-26-0000086", "ADDRESS": "2202 W Kennedy Blvd", "UNIT": "", "APPSTATUS": "In Process", "TENTATIVEHEARING": "10/08/2026", "TENTATIVETIME": "17:01", "RECORDALIAS": "Rezoning", "MAPDOT": "Rezoning", "CRA": null, "NEIGHBORHOOD": "South Howard", "COUNCILDISTRICT": "4", "CREATEDDATE": 1779062400000, "LASTUPDATE": 1786406400000, "GlobalID": "{2B2BFBAA-F57C-49A5-8A1D-7A26384E10A9}", "URL": "https://aca-prod.accela.com/TAMPA/Cap/CapDetail.aspx?Module=Planning&TabName=Planning&capID1=26CAP&capID2=00000&capID3=00SAI&agencyCode=TAMPA"}}, {"type": "Feature", "id": 110, "geometry": {"type": "Point", "coordinates": [-82.48037522963918, 27.996114872291976]}, "properties": {"OBJECTID": 110, "RECORDID": "REZ-26-0000087", "ADDRESS": "2101 W Hillsborough Ave", "UNIT": "", "APPSTATUS": "In Process", "TENTATIVEHEARING": "10/08/2026", "TENTATIVETIME": "17:01", "RECORDALIAS": "Rezoning", "MAPDOT": "Rezoning", "CRA": null, "NEIGHBORHOOD": "Armenia Terrace | Bour Lands | Al Dana Park", "COUNCILDISTRICT": "6", "CREATEDDATE": 1779062400000, "LASTUPDATE": 1786579200000, "GlobalID": "{0E8C39D0-275B-4726-B64B-DF2D0BA4928F}", "URL": "https://aca-prod.accela.com/TAMPA/Cap/CapDetail.aspx?Module=Planning&TabName=Planning&capID1=26CAP&capID2=00000&capID3=00SAS&agencyCode=TAMPA"}}, {"type": "Feature", "id": 111, "geometry": {"type": "Point", "coordinates": [-82.50564864290534, 27.942902226320648]}, "properties": {"OBJECTID": 111, "RECORDID": "REZ-26-0000088", "ADDRESS": "202 S Dale Mabry Hwy", "UNIT": "", "APPSTATUS": "In Process", "TENTATIVEHEARING": "10/08/2026", "TENTATIVETIME": "17:04", "RECORDALIAS": "Rezoning", "MAPDOT": "Rezoning", "CRA": null, "NEIGHBORHOOD": "Bon Air", "COUNCILDISTRICT": "6", "CREATEDDATE": 1779062400000, "LASTUPDATE": 1786406400000, "GlobalID": "{9C5D982A-D981-4044-8472-17801FE8CBE2}", "URL": "https://aca-prod.accela.com/TAMPA/Cap/CapDetail.aspx?Module=Planning&TabName=Planning&capID1=26CAP&capID2=00000&capID3=00SDN&agencyCode=TAMPA"}}, {"type": "Feature", "id": 112, "geometry": {"type": "Point", "coordinates": [-82.45124810621257, 28.004831585612774]}, "properties": {"OBJECTID": 112, "RECORDID": "REZ-26-0000089", "ADDRESS": "6307 N Nebraska Ave", "UNIT": "101-432", "APPSTATUS": "In Process", "TENTATIVEHEARING": "11/12/2026", "TENTATIVETIME": "17:01", "RECORDALIAS": "Rezoning", "MAPDOT": "Rezoning", "CRA": null, "NEIGHBORHOOD": "Old Seminole Heights", "COUNCILDISTRICT": "6", "CREATEDDATE": 1779062400000, "LASTUPDATE": 1785801600000, "GlobalID": "{8CA0955A-F16E-46F8-9AE0-327BCA56EAE3}", "URL": "https://aca-prod.accela.com/TAMPA/Cap/CapDetail.aspx?Module=Planning&TabName=Planning&capID1=26CAP&capID2=00000&capID3=00SE4&agencyCode=TAMPA"}}, {"type": "Feature", "id": 113, "geometry": {"type": "Point", "coordinates": [-82.47282587497557, 27.93724843408091]}, "properties": {"OBJECTID": 113, "RECORDID": "REZ-26-0000090", "ADDRESS": "1302 W Swann Ave", "UNIT": "", "APPSTATUS": "In Process", "TENTATIVEHEARING": "11/12/2026", "TENTATIVETIME": "17:01", "RECORDALIAS": "Rezoning", "MAPDOT": "Rezoning", "CRA": null, "NEIGHBORHOOD": "Hyde Park Preservation", "COUNCILDISTRICT": "4", "CREATEDDATE": 1779062400000, "LASTUPDATE": 1785974400000, "GlobalID": "{62A2F054-1B66-402D-A0B6-DFE704D2F7EE}", "URL": "https://aca-prod.accela.com/TAMPA/Cap/CapDetail.aspx?Module=Planning&TabName=Planning&capID1=26CAP&capID2=00000&capID3=00SEB&agencyCode=TAMPA"}}, {"type": "Feature", "id": 114, "geometry": {"type": "Point", "coordinates": [-82.40108203657931, 27.979916853292508]}, "properties": {"OBJECTID": 114, "RECORDID": "LND-26-0000097", "ADDRESS": "3812 Temple St", "UNIT": "", "APPSTATUS": "In Process", "TENTATIVEHEARING": "N/A", "TENTATIVETIME": "", "RECORDALIAS": "General Land Use", "MAPDOT": "General Land Use", "CRA": "East Tampa", "NEIGHBORHOOD": "Grant Park", "COUNCILDISTRICT": "5", "CREATEDDATE": 1779062400000, "LASTUPDATE": 1787097600000, "GlobalID": "{6357C0D3-4281-4A3F-9426-3B692A226ABC}", "URL": "https://aca-prod.accela.com/TAMPA/Cap/CapDetail.aspx?Module=Planning&TabName=Planning&capID1=26CAP&capID2=00000&capID3=00SEL&agencyCode=TAMPA"}}, {"type": "Feature", "id": 115, "geometry": {"type": "Point", "coordinates": [-82.48157932256008, 27.963811398705367]}, "properties": {"OBJECTID": 115, "RECORDID": "REZ-26-0000091", "ADDRESS": "2139 W Saint Conrad St", "UNIT": "", "APPSTATUS": "In Process", "TENTATIVEHEARING": "11/12/2026", "TENTATIVETIME": "17:01", "RECORDALIAS": "Rezoning", "MAPDOT": "Rezoning", "CRA": "West Tampa", "NEIGHBORHOOD": "Old West Tampa", "COUNCILDISTRICT": "5", "CREATEDDATE": 1779321600000, "LASTUPDATE": 1786665600000, "GlobalID": "{A085D234-D2C0-49A4-9242-F12AD1597F9F}", "URL": "https://aca-prod.accela.com/TAMPA/Cap/CapDetail.aspx?Module=Planning&TabName=Planning&capID1=26CAP&capID2=00000&capID3=00TA0&agencyCode=TAMPA"}}, {"type": "Feature", "id": 116, "geometry": {"type": "Point", "coordinates": [-82.50656335308096, 27.87837437158918]}, "properties": {"OBJECTID": 116, "RECORDID": "AB2-26-0000019", "ADDRESS": "6207 S Dale Mabry Hwy", "UNIT": "", "APPSTATUS": "In Process", "TENTATIVEHEARING": "N/A", "TENTATIVETIME": "", "RECORDALIAS": "AB Special Use 2", "MAPDOT": "Special Use Cases - Alcoholic Beverage Sales", "CRA": null, "NEIGHBORHOOD": "Gandy / Sun Bay South", "COUNCILDISTRICT": "4", "CREATEDDATE": 1779408000000, "LASTUPDATE": 1786060800000, "GlobalID": "{041E5A27-DD2D-4E55-A929-DD77B691C1BE}", "URL": "https://aca-prod.accela.com/TAMPA/Cap/CapDetail.aspx?Module=Planning&TabName=Planning&capID1=26CAP&capID2=00000&capID3=00TKZ&agencyCode=TAMPA"}}, {"type": "Feature", "id": 117, "geometry": {"type": "Point", "coordinates": [-82.45955980424603, 28.029824307240183]}, "properties": {"OBJECTID": 117, "RECORDID": "REZ-26-0000092", "ADDRESS": "8878 N Florida Ave", "UNIT": "", "APPSTATUS": "In Process", "TENTATIVEHEARING": "12/10/2026", "TENTATIVETIME": "17:01", "RECORDALIAS": "Rezoning", "MAPDOT": "Rezoning", "CRA": null, "NEIGHBORHOOD": "Lowry Park Central", "COUNCILDISTRICT": "6", "CREATEDDATE": 1779753600000, "LASTUPDATE": 1785715200000, "GlobalID": "{B44203E7-C888-461C-B29D-77E00F799DA1}", "URL": "https://aca-prod.accela.com/TAMPA/Cap/CapDetail.aspx?Module=Planning&TabName=Planning&capID1=26CAP&capID2=00000&capID3=00TN3&agencyCode=TAMPA"}}, {"type": "Feature", "id": 118, "geometry": {"type": "Point", "coordinates": [-82.48123002705033, 27.969541731703266]}, "properties": {"OBJECTID": 118, "RECORDID": "VRB-26-0000082", "ADDRESS": "2108 W Ivy St", "UNIT": "", "APPSTATUS": "In Process", "TENTATIVEHEARING": "N/A", "TENTATIVETIME": "", "RECORDALIAS": "Variance Review Board", "MAPDOT": "Variances", "CRA": null, "NEIGHBORHOOD": "Bowman Heights", "COUNCILDISTRICT": "6", "CREATEDDATE": 1779753600000, "LASTUPDATE": 1784592000000, "GlobalID": "{6E691D48-70B7-401F-BDDE-BB31D7455F33}", "URL": "https://aca-prod.accela.com/TAMPA/Cap/CapDetail.aspx?Module=Planning&TabName=Planning&capID1=26CAP&capID2=00000&capID3=00TW2&agencyCode=TAMPA"}}, {"type": "Feature", "id": 119, "geometry": {"type": "Point", "coordinates": [-82.46339565384478, 28.018114859222333]}, "properties": {"OBJECTID": 119, "RECORDID": "SU1-26-0000054", "ADDRESS": "7709 N Ola Ave", "UNIT": "", "APPSTATUS": "In Process", "TENTATIVEHEARING": "N/A", "TENTATIVETIME": "", "RECORDALIAS": "Special Use 1 - General", "MAPDOT": "Special Use Cases", "CRA": null, "NEIGHBORHOOD": "Old Seminole Heights", "COUNCILDISTRICT": "6", "CREATEDDATE": 1779840000000, "LASTUPDATE": 1785974400000, "GlobalID": "{07A588DE-27B7-4399-9BA7-88B632516A40}", "URL": "https://aca-prod.accela.com/TAMPA/Cap/CapDetail.aspx?Module=Planning&TabName=Planning&capID1=26CAP&capID2=00000&capID3=00TYI&agencyCode=TAMPA"}}, {"type": "Feature", "id": 120, "geometry": {"type": "Point", "coordinates": [-82.5415998230343, 27.94120446756272]}, "properties": {"OBJECTID": 120, "RECORDID": "VRB-26-0000083", "ADDRESS": "5832 Mariner St", "UNIT": "", "APPSTATUS": "In Process", "TENTATIVEHEARING": "N/A", "TENTATIVETIME": "", "RECORDALIAS": "Variance Review Board", "MAPDOT": "Variances", "CRA": null, "NEIGHBORHOOD": "Beach Park", "COUNCILDISTRICT": "6", "CREATEDDATE": 1779926400000, "LASTUPDATE": 1786924800000, "GlobalID": "{BC26561C-30DF-48B0-8B31-2607EAE1F84B}", "URL": "https://aca-prod.accela.com/TAMPA/Cap/CapDetail.aspx?Module=Planning&TabName=Planning&capID1=26CAP&capID2=00000&capID3=00UFU&agencyCode=TAMPA"}}, {"type": "Feature", "id": 121, "geometry": {"type": "Point", "coordinates": [-82.49381696650539, 27.920355724298577]}, "properties": {"OBJECTID": 121, "RECORDID": "REZ-26-0000093", "ADDRESS": "3108 W Empedrado St", "UNIT": "", "APPSTATUS": "In Process", "TENTATIVEHEARING": "11/12/2026", "TENTATIVETIME": "17:01", "RECORDALIAS": "Rezoning", "MAPDOT": "Rezoning", "CRA": null, "NEIGHBORHOOD": "Palma Ceia", "COUNCILDISTRICT": "4", "CREATEDDATE": 1780012800000, "LASTUPDATE": 1786579200000, "GlobalID": "{B5471DBD-774C-4FC4-B5A9-7CC27E11C144}", "URL": "https://aca-prod.accela.com/TAMPA/Cap/CapDetail.aspx?Module=Planning&TabName=Planning&capID1=26CAP&capID2=00000&capID3=00UO8&agencyCode=TAMPA"}}, {"type": "Feature", "id": 122, "geometry": {"type": "Point", "coordinates": [-82.4578567346706, 28.05471329546384]}, "properties": {"OBJECTID": 122, "RECORDID": "AB2-26-0000020", "ADDRESS": "210 E Fowler Ave", "UNIT": "", "APPSTATUS": "In Process", "TENTATIVEHEARING": "N/A", "TENTATIVETIME": "", "RECORDALIAS": "AB Special Use 2", "MAPDOT": "Special Use Cases - Alcoholic Beverage Sales", "CRA": null, "NEIGHBORHOOD": null, "COUNCILDISTRICT": "7", "CREATEDDATE": 1780099200000, "LASTUPDATE": 1786665600000, "GlobalID": "{1388B448-C761-4B10-A9E1-10EA28991F79}", "URL": "https://aca-prod.accela.com/TAMPA/Cap/CapDetail.aspx?Module=Planning&TabName=Planning&capID1=26CAP&capID2=00000&capID3=00US2&agencyCode=TAMPA"}}, {"type": "Feature", "id": 123, "geometry": {"type": "Point", "coordinates": [-82.49096319382286, 27.927221704362452]}, "properties": {"OBJECTID": 123, "RECORDID": "REZ-26-0000094", "ADDRESS": "2916 W Angeles St", "UNIT": "", "APPSTATUS": "In Process", "TENTATIVEHEARING": "11/12/2026", "TENTATIVETIME": "17:01", "RECORDALIAS": "Rezoning", "MAPDOT": "Rezoning", "CRA": null, "NEIGHBORHOOD": "Palma Ceia", "COUNCILDISTRICT": "4", "CREATEDDATE": 1780185600000, "LASTUPDATE": 1786406400000, "GlobalID": "{5ED24052-03B1-42B8-9818-9F6A580FBEE6}", "URL": "https://aca-prod.accela.com/TAMPA/Cap/CapDetail.aspx?Module=Planning&TabName=Planning&capID1=26CAP&capID2=00000&capID3=00USN&agencyCode=TAMPA"}}, {"type": "Feature", "id": 124, "geometry": {"type": "Point", "coordinates": [-82.45447396307331, 27.95300307306736]}, "properties": {"OBJECTID": 124, "RECORDID": "AB2-26-0000021", "ADDRESS": "1018 E Cass St", "UNIT": "", "APPSTATUS": "In Process", "TENTATIVEHEARING": "N/A", "TENTATIVETIME": "", "RECORDALIAS": "AB Special Use 2", "MAPDOT": "Special Use Cases - Alcoholic Beverage Sales", "CRA": "Downtown Core", "NEIGHBORHOOD": "Tampa Downtown Partnership", "COUNCILDISTRICT": "5", "CREATEDDATE": 1780272000000, "LASTUPDATE": 1785283200000, "GlobalID": "{6467A051-CD4A-40FF-BA5A-7ED2F103D4F9}", "URL": "https://aca-prod.accela.com/TAMPA/Cap/CapDetail.aspx?Module=Planning&TabName=Planning&capID1=26CAP&capID2=00000&capID3=00UXZ&agencyCode=TAMPA"}}, {"type": "Feature", "id": 125, "geometry": {"type": "Point", "coordinates": [-82.44289925146059, 28.013474078843952]}, "properties": {"OBJECTID": 125, "RECORDID": "DE1-26-0000132", "ADDRESS": "7201 N 15th St", "UNIT": "", "APPSTATUS": "In Process", "TENTATIVEHEARING": "N/A", "TENTATIVETIME": "", "RECORDALIAS": "Design Exception 1", "MAPDOT": "Design Exceptions", "CRA": null, "NEIGHBORHOOD": "Old Seminole Heights", "COUNCILDISTRICT": "6", "CREATEDDATE": 1780358400000, "LASTUPDATE": 1786320000000, "GlobalID": "{C9400769-3A46-4FF2-938C-2D1DB9B7AC60}", "URL": "https://aca-prod.accela.com/TAMPA/Cap/CapDetail.aspx?Module=Planning&TabName=Planning&capID1=26CAP&capID2=00000&capID3=00V3Q&agencyCode=TAMPA"}}, {"type": "Feature", "id": 126, "geometry": {"type": "Point", "coordinates": [-82.45068119791276, 28.036225625986685]}, "properties": {"OBJECTID": 126, "RECORDID": "SU1-26-0000056", "ADDRESS": "905 E Annie St", "UNIT": "", "APPSTATUS": "In Process", "TENTATIVEHEARING": "N/A", "TENTATIVETIME": "", "RECORDALIAS": "Special Use 1 - General", "MAPDOT": "Special Use Cases", "CRA": null, "NEIGHBORHOOD": "North Tampa Community", "COUNCILDISTRICT": "5", "CREATEDDATE": 1780358400000, "LASTUPDATE": 1784246400000, "GlobalID": "{BCDAE6D8-37C3-48C9-B067-272187A3F1B2}", "URL": "https://aca-prod.accela.com/TAMPA/Cap/CapDetail.aspx?Module=Planning&TabName=Planning&capID1=26CAP&capID2=00000&capID3=00V68&agencyCode=TAMPA"}}, {"type": "Feature", "id": 127, "geometry": {"type": "Point", "coordinates": [-82.26509550454637, 27.986002345516802]}, "properties": {"OBJECTID": 127, "RECORDID": "FDN-26-0000094", "ADDRESS": "1203 E Dr Martin Luther King Jr Blvd", "UNIT": "A-B", "APPSTATUS": "Awaiting Client Reply", "TENTATIVEHEARING": "N/A", "TENTATIVETIME": "", "RECORDALIAS": "Formal Decision", "MAPDOT": "Formal Decision", "CRA": null, "NEIGHBORHOOD": null, "COUNCILDISTRICT": null, "CREATEDDATE": 1780358400000, "LASTUPDATE": 1784764800000, "GlobalID": "{956263B3-478C-41BF-8272-A63311321746}", "URL": "https://aca-prod.accela.com/TAMPA/Cap/CapDetail.aspx?Module=Planning&TabName=Planning&capID1=26CAP&capID2=00000&capID3=00VB3&agencyCode=TAMPA"}}, {"type": "Feature", "id": 128, "geometry": {"type": "Point", "coordinates": [-82.4010605889271, 27.976246576365483]}, "properties": {"OBJECTID": 128, "RECORDID": "REZ-26-0000095", "ADDRESS": "3610 Temple St", "UNIT": "", "APPSTATUS": "In Process", "TENTATIVEHEARING": "11/12/2026", "TENTATIVETIME": "17:01", "RECORDALIAS": "Rezoning", "MAPDOT": "Rezoning", "CRA": "East Tampa", "NEIGHBORHOOD": "Grant Park", "COUNCILDISTRICT": "5", "CREATEDDATE": 1780358400000, "LASTUPDATE": 1786406400000, "GlobalID": "{C0CFE1A9-DBA0-4637-AD16-68BD0E40CCA6}", "URL": "https://aca-prod.accela.com/TAMPA/Cap/CapDetail.aspx?Module=Planning&TabName=Planning&capID1=26CAP&capID2=00000&capID3=00VBN&agencyCode=TAMPA"}}, {"type": "Feature", "id": 129, "geometry": {"type": "Point", "coordinates": [-82.51006521602686, 27.94863029561175]}, "properties": {"OBJECTID": 129, "RECORDID": "VRB-26-0000084", "ADDRESS": "4003 W Gray St", "UNIT": "", "APPSTATUS": "In Process", "TENTATIVEHEARING": "N/A", "TENTATIVETIME": "", "RECORDALIAS": "Variance Review Board", "MAPDOT": "Variances", "CRA": null, "NEIGHBORHOOD": "North Bon Air", "COUNCILDISTRICT": "6", "CREATEDDATE": 1780444800000, "LASTUPDATE": 1786320000000, "GlobalID": "{CEFD66F5-B6C4-4EAE-A666-6203E8417DE9}", "URL": "https://aca-prod.accela.com/TAMPA/Cap/CapDetail.aspx?Module=Planning&TabName=Planning&capID1=26CAP&capID2=00000&capID3=00VLA&agencyCode=TAMPA"}}, {"type": "Feature", "id": 130, "geometry": {"type": "Point", "coordinates": [-82.47727896053384, 27.957052747025227]}, "properties": {"OBJECTID": 130, "RECORDID": "LND-26-0000104", "ADDRESS": "1726 W Main St", "UNIT": "", "APPSTATUS": "In Process", "TENTATIVEHEARING": "N/A", "TENTATIVETIME": "", "RECORDALIAS": "General Land Use", "MAPDOT": "General Land Use", "CRA": "West Tampa", "NEIGHBORHOOD": "Old West Tampa", "COUNCILDISTRICT": "5", "CREATEDDATE": 1780617600000, "LASTUPDATE": 1787097600000, "GlobalID": "{203BEA12-18C8-40ED-ABED-22D8865C7C88}", "URL": "https://aca-prod.accela.com/TAMPA/Cap/CapDetail.aspx?Module=Planning&TabName=Planning&capID1=26CAP&capID2=00000&capID3=00VVU&agencyCode=TAMPA"}}, {"type": "Feature", "id": 131, "geometry": {"type": "Point", "coordinates": [-82.51323882578, 27.89369059490968]}, "properties": {"OBJECTID": 131, "RECORDID": "VRB-26-0000087", "ADDRESS": "4132 W Gandy Blvd", "UNIT": "", "APPSTATUS": "In Process", "TENTATIVEHEARING": "N/A", "TENTATIVETIME": "", "RECORDALIAS": "Variance Review Board", "MAPDOT": "Variances", "CRA": null, "NEIGHBORHOOD": "Gandy / Sun Bay South", "COUNCILDISTRICT": "4", "CREATEDDATE": 1780963200000, "LASTUPDATE": 1785715200000, "GlobalID": "{03667400-4662-4E4B-A1C2-2257C3367B89}", "URL": "https://aca-prod.accela.com/TAMPA/Cap/CapDetail.aspx?Module=Planning&TabName=Planning&capID1=26CAP&capID2=00000&capID3=00WQL&agencyCode=TAMPA"}}, {"type": "Feature", "id": 132, "geometry": {"type": "Point", "coordinates": [-82.5188364065028, 27.868388704254087]}, "properties": {"OBJECTID": 132, "RECORDID": "SU1-26-0000059", "ADDRESS": "4402 W Lancaster St", "UNIT": "", "APPSTATUS": "Awaiting Client Reply", "TENTATIVEHEARING": "N/A", "TENTATIVETIME": "", "RECORDALIAS": "Special Use 1 - General", "MAPDOT": "Special Use Cases", "CRA": null, "NEIGHBORHOOD": "Port Tampa City, Inc. Civic Association", "COUNCILDISTRICT": "4", "CREATEDDATE": 1781049600000, "LASTUPDATE": 1785456000000, "GlobalID": "{F27FB7D9-B007-4C01-A4EA-83F89B5A62C3}", "URL": "https://aca-prod.accela.com/TAMPA/Cap/CapDetail.aspx?Module=Planning&TabName=Planning&capID1=26CAP&capID2=00000&capID3=00WVR&agencyCode=TAMPA"}}, {"type": "Feature", "id": 133, "geometry": {"type": "Point", "coordinates": [-82.49211377949753, 27.872958295588322]}, "properties": {"OBJECTID": 133, "RECORDID": "VRB-26-0000089", "ADDRESS": "3013 Bayshore Pointe Dr", "UNIT": "FS", "APPSTATUS": "In Process", "TENTATIVEHEARING": "N/A", "TENTATIVETIME": "", "RECORDALIAS": "Variance Review Board", "MAPDOT": "Variances", "CRA": null, "NEIGHBORHOOD": "Ballast Point", "COUNCILDISTRICT": "4", "CREATEDDATE": 1781049600000, "LASTUPDATE": 1786665600000, "GlobalID": "{D67C3C43-9AB4-4F01-B3A5-0F16082B9F5D}", "URL": "https://aca-prod.accela.com/TAMPA/Cap/CapDetail.aspx?Module=Planning&TabName=Planning&capID1=26CAP&capID2=00000&capID3=00WW1&agencyCode=TAMPA"}}, {"type": "Feature", "id": 134, "geometry": {"type": "Point", "coordinates": [-82.49296529189452, 27.87190718321147]}, "properties": {"OBJECTID": 134, "RECORDID": "VRB-26-0000090", "ADDRESS": "3042 Pointeview Dr", "UNIT": "", "APPSTATUS": "In Process", "TENTATIVEHEARING": "N/A", "TENTATIVETIME": "", "RECORDALIAS": "Variance Review Board", "MAPDOT": "Variances", "CRA": null, "NEIGHBORHOOD": "Ballast Point", "COUNCILDISTRICT": "4", "CREATEDDATE": 1781049600000, "LASTUPDATE": 1786665600000, "GlobalID": "{2BF13CB5-00FC-43B0-AD0A-595EAB670145}", "URL": "https://aca-prod.accela.com/TAMPA/Cap/CapDetail.aspx?Module=Planning&TabName=Planning&capID1=26CAP&capID2=00000&capID3=00WW9&agencyCode=TAMPA"}}, {"type": "Feature", "id": 135, "geometry": {"type": "Point", "coordinates": [-82.49137508704914, 27.91637122595556]}, "properties": {"OBJECTID": 135, "RECORDID": "VRB-26-0000091", "ADDRESS": "3319 Bayshore Blvd", "UNIT": "", "APPSTATUS": "In Process", "TENTATIVEHEARING": "N/A", "TENTATIVETIME": "", "RECORDALIAS": "Variance Review Board", "MAPDOT": "Variances", "CRA": null, "NEIGHBORHOOD": "Academy of the Holy Names", "COUNCILDISTRICT": "4", "CREATEDDATE": 1781049600000, "LASTUPDATE": 1785196800000, "GlobalID": "{C8C79F9A-E388-4EED-B450-EF4C38896D37}", "URL": "https://aca-prod.accela.com/TAMPA/Cap/CapDetail.aspx?Module=Planning&TabName=Planning&capID1=26CAP&capID2=00000&capID3=00X0X&agencyCode=TAMPA"}}, {"type": "Feature", "id": 136, "geometry": {"type": "Point", "coordinates": [-82.48306235716666, 27.94298916384774]}, "properties": {"OBJECTID": 136, "RECORDID": "AB1-26-0000023", "ADDRESS": "223 S Howard Ave", "UNIT": "", "APPSTATUS": "In Process", "TENTATIVEHEARING": "N/A", "TENTATIVETIME": "", "RECORDALIAS": "AB Special Use 1 - Standard", "MAPDOT": "Special Use Cases - Alcoholic Beverage Sales", "CRA": null, "NEIGHBORHOOD": "South Howard", "COUNCILDISTRICT": "6", "CREATEDDATE": 1781222400000, "LASTUPDATE": 1786924800000, "GlobalID": "{C060D5A4-AADF-4D70-BE68-263747391CC8}", "URL": "https://aca-prod.accela.com/TAMPA/Cap/CapDetail.aspx?Module=Planning&TabName=Planning&capID1=26CAP&capID2=00000&capID3=00XEN&agencyCode=TAMPA"}}, {"type": "Feature", "id": 137, "geometry": {"type": "Point", "coordinates": [-82.45114408679157, 27.972011816542366]}, "properties": {"OBJECTID": 137, "RECORDID": "VAC-26-0000016", "ADDRESS": "3101 N Nebraska Ave", "UNIT": "", "APPSTATUS": "In Process", "TENTATIVEHEARING": "N/A", "TENTATIVETIME": "10:30", "RECORDALIAS": "ROW Vacating", "MAPDOT": "Vacating", "CRA": "East Tampa", "NEIGHBORHOOD": "VM Ybor", "COUNCILDISTRICT": "5", "CREATEDDATE": 1781222400000, "LASTUPDATE": 1785715200000, "GlobalID": "{6539C2E2-720F-4E7E-8F99-2BE6A61013DB}", "URL": "https://aca-prod.accela.com/TAMPA/Cap/CapDetail.aspx?Module=Planning&TabName=Planning&capID1=26CAP&capID2=00000&capID3=00XEX&agencyCode=TAMPA"}}, {"type": "Feature", "id": 138, "geometry": {"type": "Point", "coordinates": [-82.44019964007693, 27.996008704220124]}, "properties": {"OBJECTID": 138, "RECORDID": "DE1-26-0000143", "ADDRESS": "1733 E Hillsborough Ave", "UNIT": "", "APPSTATUS": "In Process", "TENTATIVEHEARING": "N/A", "TENTATIVETIME": "", "RECORDALIAS": "Design Exception 1", "MAPDOT": "Design Exceptions", "CRA": "East Tampa", "NEIGHBORHOOD": "Historic Belmont Heights", "COUNCILDISTRICT": "5", "CREATEDDATE": 1781222400000, "LASTUPDATE": 1785974400000, "GlobalID": "{502F9784-10BF-40A8-A4EF-77A18AFED525}", "URL": "https://aca-prod.accela.com/TAMPA/Cap/CapDetail.aspx?Module=Planning&TabName=Planning&capID1=26CAP&capID2=00000&capID3=00XFU&agencyCode=TAMPA"}}, {"type": "Feature", "id": 139, "geometry": {"type": "Point", "coordinates": [-82.45936828097119, 27.972257137830614]}, "properties": {"OBJECTID": 139, "RECORDID": "SU1-26-0000062", "ADDRESS": "3043 N Florida Ave", "UNIT": "", "APPSTATUS": "In Process", "TENTATIVEHEARING": "N/A", "TENTATIVETIME": "", "RECORDALIAS": "Special Use 1 - General", "MAPDOT": "Special Use Cases", "CRA": null, "NEIGHBORHOOD": "Tampa Heights", "COUNCILDISTRICT": "5", "CREATEDDATE": 1781222400000, "LASTUPDATE": 1786060800000, "GlobalID": "{03F701A1-1D97-44B9-90D0-CED9855454F1}", "URL": "https://aca-prod.accela.com/TAMPA/Cap/CapDetail.aspx?Module=Planning&TabName=Planning&capID1=26CAP&capID2=00000&capID3=00XHY&agencyCode=TAMPA"}}, {"type": "Feature", "id": 140, "geometry": {"type": "Point", "coordinates": [-82.48927946013512, 27.996644984319644]}, "properties": {"OBJECTID": 140, "RECORDID": "LND-26-0000111", "ADDRESS": "5409 N Paddock Ave", "UNIT": "", "APPSTATUS": "Awaiting Client Reply", "TENTATIVEHEARING": "N/A", "TENTATIVETIME": "", "RECORDALIAS": "General Land Use", "MAPDOT": "General Land Use", "CRA": null, "NEIGHBORHOOD": "Armenia Terrace | Bour Lands | Al Dana Park", "COUNCILDISTRICT": "6", "CREATEDDATE": 1781222400000, "LASTUPDATE": 1787097600000, "GlobalID": "{BA50AF9D-95C6-422B-B04C-9FA61EDB4983}", "URL": "https://aca-prod.accela.com/TAMPA/Cap/CapDetail.aspx?Module=Planning&TabName=Planning&capID1=26CAP&capID2=00000&capID3=00XI8&agencyCode=TAMPA"}}, {"type": "Feature", "id": 141, "geometry": {"type": "Point", "coordinates": [-82.48927969982125, 27.996660462400413]}, "properties": {"OBJECTID": 141, "RECORDID": "LND-26-0000112", "ADDRESS": "5411 N Paddock Ave", "UNIT": "", "APPSTATUS": "Awaiting Client Reply", "TENTATIVEHEARING": "N/A", "TENTATIVETIME": "", "RECORDALIAS": "General Land Use", "MAPDOT": "General Land Use", "CRA": null, "NEIGHBORHOOD": "Armenia Terrace | Bour Lands | Al Dana Park", "COUNCILDISTRICT": "6", "CREATEDDATE": 1781222400000, "LASTUPDATE": 1787097600000, "GlobalID": "{E2DB761D-7A9F-49C1-9E6C-9F529D785E92}", "URL": "https://aca-prod.accela.com/TAMPA/Cap/CapDetail.aspx?Module=Planning&TabName=Planning&capID1=26CAP&capID2=00000&capID3=00XI9&agencyCode=TAMPA"}}, {"type": "Feature", "id": 142, "geometry": {"type": "Point", "coordinates": [-82.4841067979659, 28.034625454912813]}, "properties": {"OBJECTID": 142, "RECORDID": "REZ-26-0000097", "ADDRESS": "9306 N Armenia Ave", "UNIT": "", "APPSTATUS": "In Process", "TENTATIVEHEARING": "12/10/2026", "TENTATIVETIME": "17:01", "RECORDALIAS": "Rezoning", "MAPDOT": "Rezoning", "CRA": null, "NEIGHBORHOOD": "Historic Forest Hills", "COUNCILDISTRICT": "7", "CREATEDDATE": 1781481600000, "LASTUPDATE": 1785196800000, "GlobalID": "{2F85B7BE-9191-4D31-85AF-AD429577A810}", "URL": "https://aca-prod.accela.com/TAMPA/Cap/CapDetail.aspx?Module=Planning&TabName=Planning&capID1=26CAP&capID2=00000&capID3=01S6F&agencyCode=TAMPA"}}, {"type": "Feature", "id": 143, "geometry": {"type": "Point", "coordinates": [-82.45212426276021, 27.96059339544192]}, "properties": {"OBJECTID": 143, "RECORDID": "REZ-26-0000098", "ADDRESS": "1808 N Mitchell Ave", "UNIT": "", "APPSTATUS": "In Process", "TENTATIVEHEARING": "11/12/2026", "TENTATIVETIME": "17:01", "RECORDALIAS": "Rezoning", "MAPDOT": "Rezoning", "CRA": "Central Park", "NEIGHBORHOOD": "Encore", "COUNCILDISTRICT": "5", "CREATEDDATE": 1781481600000, "LASTUPDATE": 1786492800000, "GlobalID": "{01DB0177-CE92-4738-A046-78BD03770B70}", "URL": "https://aca-prod.accela.com/TAMPA/Cap/CapDetail.aspx?Module=Planning&TabName=Planning&capID1=26CAP&capID2=00000&capID3=01S6L&agencyCode=TAMPA"}}, {"type": "Feature", "id": 144, "geometry": {"type": "Point", "coordinates": [-82.4400898432932, 27.95674829565395]}, "properties": {"OBJECTID": 144, "RECORDID": "REZ-26-0000099", "ADDRESS": "1728 E 2nd Ave", "UNIT": "", "APPSTATUS": "In Process", "TENTATIVEHEARING": "11/12/2026", "TENTATIVETIME": "17:01", "RECORDALIAS": "Rezoning", "MAPDOT": "Rezoning", "CRA": null, "NEIGHBORHOOD": "Historic Ybor", "COUNCILDISTRICT": "5", "CREATEDDATE": 1781481600000, "LASTUPDATE": 1786492800000, "GlobalID": "{8AFC3EB8-A85F-4E87-8DAA-46FAF0CD3943}", "URL": "https://aca-prod.accela.com/TAMPA/Cap/CapDetail.aspx?Module=Planning&TabName=Planning&capID1=26CAP&capID2=00000&capID3=01S87&agencyCode=TAMPA"}}, {"type": "Feature", "id": 145, "geometry": {"type": "Point", "coordinates": [-82.47690849722656, 27.99213281388543]}, "properties": {"OBJECTID": 145, "RECORDID": "VRB-26-0000092", "ADDRESS": "1708 W Bedingfield Dr", "UNIT": "", "APPSTATUS": "In Process", "TENTATIVEHEARING": "N/A", "TENTATIVETIME": "", "RECORDALIAS": "Variance Review Board", "MAPDOT": "Variances", "CRA": null, "NEIGHBORHOOD": "Wellswood", "COUNCILDISTRICT": "6", "CREATEDDATE": 1781568000000, "LASTUPDATE": 1787011200000, "GlobalID": "{2D309D4B-C2D6-4E61-B2C7-F9900F88D6EF}", "URL": "https://aca-prod.accela.com/TAMPA/Cap/CapDetail.aspx?Module=Planning&TabName=Planning&capID1=26CAP&capID2=00000&capID3=01SGZ&agencyCode=TAMPA"}}, {"type": "Feature", "id": 146, "geometry": {"type": "Point", "coordinates": [-82.49176719865717, 27.962320792849564]}, "properties": {"OBJECTID": 146, "RECORDID": "VRB-26-0000093", "ADDRESS": "3028 W Palmetto St", "UNIT": "", "APPSTATUS": "In Process", "TENTATIVEHEARING": "N/A", "TENTATIVETIME": "", "RECORDALIAS": "Variance Review Board", "MAPDOT": "Variances", "CRA": null, "NEIGHBORHOOD": "Macfarlane Park", "COUNCILDISTRICT": "6", "CREATEDDATE": 1781654400000, "LASTUPDATE": 1786924800000, "GlobalID": "{B58BF3E3-3FA9-4121-8E22-E5C9812165CC}", "URL": "https://aca-prod.accela.com/TAMPA/Cap/CapDetail.aspx?Module=Planning&TabName=Planning&capID1=26CAP&capID2=00000&capID3=01SW5&agencyCode=TAMPA"}}, {"type": "Feature", "id": 147, "geometry": {"type": "Point", "coordinates": [-82.44844402883376, 28.013462495236418]}, "properties": {"OBJECTID": 147, "RECORDID": "SU1-26-0000064", "ADDRESS": "7203 N 11th St", "UNIT": "", "APPSTATUS": "In Process", "TENTATIVEHEARING": "N/A", "TENTATIVETIME": "", "RECORDALIAS": "Special Use 1 - General", "MAPDOT": "Special Use Cases", "CRA": null, "NEIGHBORHOOD": "Old Seminole Heights", "COUNCILDISTRICT": "6", "CREATEDDATE": 1781654400000, "LASTUPDATE": 1787011200000, "GlobalID": "{8AA9AE1A-9326-4967-80B8-10C759260094}", "URL": "https://aca-prod.accela.com/TAMPA/Cap/CapDetail.aspx?Module=Planning&TabName=Planning&capID1=26CAP&capID2=00000&capID3=01SY9&agencyCode=TAMPA"}}, {"type": "Feature", "id": 148, "geometry": {"type": "Point", "coordinates": [-82.47349318734446, 27.967651095577978]}, "properties": {"OBJECTID": 148, "RECORDID": "VRB-26-0000095", "ADDRESS": "2703 N Oakdale Ave", "UNIT": "", "APPSTATUS": "In Process", "TENTATIVEHEARING": "N/A", "TENTATIVETIME": "", "RECORDALIAS": "Variance Review Board", "MAPDOT": "Variances", "CRA": null, "NEIGHBORHOOD": "Riverside Heights", "COUNCILDISTRICT": "6", "CREATEDDATE": 1781827200000, "LASTUPDATE": 1787184000000, "GlobalID": "{0515E753-1117-4AD2-BB05-C36193AFED59}", "URL": "https://aca-prod.accela.com/TAMPA/Cap/CapDetail.aspx?Module=Planning&TabName=Planning&capID1=26CAP&capID2=00000&capID3=01TB8&agencyCode=TAMPA"}}, {"type": "Feature", "id": 149, "geometry": {"type": "Point", "coordinates": [-82.47710802901464, 27.954265952703835]}, "properties": {"OBJECTID": 149, "RECORDID": "FDN-26-0000104", "ADDRESS": "1717 W Arch St", "UNIT": "", "APPSTATUS": "In Process", "TENTATIVEHEARING": "N/A", "TENTATIVETIME": "", "RECORDALIAS": "Formal Decision", "MAPDOT": "Formal Decision", "CRA": "West Tampa", "NEIGHBORHOOD": "North Hyde Park", "COUNCILDISTRICT": "5", "CREATEDDATE": 1781913600000, "LASTUPDATE": 1787184000000, "GlobalID": "{FF744F65-E7C1-4800-9FDC-C3C03846DA1A}", "URL": "https://aca-prod.accela.com/TAMPA/Cap/CapDetail.aspx?Module=Planning&TabName=Planning&capID1=26CAP&capID2=00000&capID3=01TD4&agencyCode=TAMPA"}}, {"type": "Feature", "id": 150, "geometry": {"type": "Point", "coordinates": [-82.5178920946037, 27.958079362583376]}, "properties": {"OBJECTID": 150, "RECORDID": "REZ-26-0000100", "ADDRESS": "1801 N Manhattan Ave", "UNIT": "", "APPSTATUS": "In Process", "TENTATIVEHEARING": "11/12/2026", "TENTATIVETIME": "17:01", "RECORDALIAS": "Rezoning", "MAPDOT": "Rezoning", "CRA": null, "NEIGHBORHOOD": "Carver City Lincoln Gardens", "COUNCILDISTRICT": "6", "CREATEDDATE": 1782086400000, "LASTUPDATE": 1785196800000, "GlobalID": "{46A7C2D3-00A6-4A71-80A8-9D9B4669FBFC}", "URL": "https://aca-prod.accela.com/TAMPA/Cap/CapDetail.aspx?Module=Planning&TabName=Planning&capID1=26CAP&capID2=00000&capID3=01TN6&agencyCode=TAMPA"}}, {"type": "Feature", "id": 151, "geometry": {"type": "Point", "coordinates": [-82.43240538924518, 27.950140973454864]}, "properties": {"OBJECTID": 151, "RECORDID": "FDN-26-0000105", "ADDRESS": "2412 Marconi St", "UNIT": "A-B", "APPSTATUS": "In Process", "TENTATIVEHEARING": "N/A", "TENTATIVETIME": "", "RECORDALIAS": "Formal Decision", "MAPDOT": "Formal Decision", "CRA": null, "NEIGHBORHOOD": "Palmetto Beach", "COUNCILDISTRICT": "5", "CREATEDDATE": 1782086400000, "LASTUPDATE": 1786320000000, "GlobalID": "{3EAD99F0-5B1E-4491-910D-48633A37EDEB}", "URL": "https://aca-prod.accela.com/TAMPA/Cap/CapDetail.aspx?Module=Planning&TabName=Planning&capID1=26CAP&capID2=00000&capID3=01TOA&agencyCode=TAMPA"}}, {"type": "Feature", "id": 152, "geometry": {"type": "Point", "coordinates": [-82.5241032185976, 27.91624401388799]}, "properties": {"OBJECTID": 152, "RECORDID": "VRB-26-0000096", "ADDRESS": "4631 W Longfellow Ave", "UNIT": "", "APPSTATUS": "In Process", "TENTATIVEHEARING": "N/A", "TENTATIVETIME": "", "RECORDALIAS": "Variance Review Board", "MAPDOT": "Variances", "CRA": null, "NEIGHBORHOOD": "Sunset Park", "COUNCILDISTRICT": "4", "CREATEDDATE": 1782259200000, "LASTUPDATE": 1787184000000, "GlobalID": "{41C88AB1-3468-4F5C-A1AD-4A4E130E9DFB}", "URL": "https://aca-prod.accela.com/TAMPA/Cap/CapDetail.aspx?Module=Planning&TabName=Planning&capID1=26CAP&capID2=00000&capID3=01U19&agencyCode=TAMPA"}}, {"type": "Feature", "id": 153, "geometry": {"type": "Point", "coordinates": [-82.45484543950069, 27.947115386092864]}, "properties": {"OBJECTID": 153, "RECORDID": "LND-26-0000121", "ADDRESS": "202 N Morgan St", "UNIT": "", "APPSTATUS": "In Process", "TENTATIVEHEARING": "N/A", "TENTATIVETIME": "", "RECORDALIAS": "General Land Use", "MAPDOT": "General Land Use", "CRA": "Downtown Core", "NEIGHBORHOOD": "Tampa Downtown Partnership", "COUNCILDISTRICT": "5", "CREATEDDATE": 1782259200000, "LASTUPDATE": 1785283200000, "GlobalID": "{15C5C51A-77E2-4B24-9C7D-31CF7D81E311}", "URL": "https://aca-prod.accela.com/TAMPA/Cap/CapDetail.aspx?Module=Planning&TabName=Planning&capID1=26CAP&capID2=00000&capID3=01U4Z&agencyCode=TAMPA"}}, {"type": "Feature", "id": 154, "geometry": {"type": "Point", "coordinates": [-82.52115179921688, 27.94127013050761]}, "properties": {"OBJECTID": 154, "RECORDID": "VRB-26-0000097", "ADDRESS": "4510 W Azeele St", "UNIT": "", "APPSTATUS": "In Process", "TENTATIVEHEARING": "N/A", "TENTATIVETIME": "", "RECORDALIAS": "Variance Review Board", "MAPDOT": "Variances", "CRA": null, "NEIGHBORHOOD": "Beach Park", "COUNCILDISTRICT": "6", "CREATEDDATE": 1782259200000, "LASTUPDATE": 1786924800000, "GlobalID": "{6940471F-8123-49E1-AECA-665A5F058F87}", "URL": "https://aca-prod.accela.com/TAMPA/Cap/CapDetail.aspx?Module=Planning&TabName=Planning&capID1=26CAP&capID2=00000&capID3=01U7V&agencyCode=TAMPA"}}, {"type": "Feature", "id": 155, "geometry": {"type": "Point", "coordinates": [-82.4502380349247, 28.02254070405255]}, "properties": {"OBJECTID": 155, "RECORDID": "VRB-26-0000098", "ADDRESS": "915 E Bird St", "UNIT": "", "APPSTATUS": "In Process", "TENTATIVEHEARING": "N/A", "TENTATIVETIME": "", "RECORDALIAS": "Variance Review Board", "MAPDOT": "Variances", "CRA": null, "NEIGHBORHOOD": "Sulphur Springs", "COUNCILDISTRICT": "5", "CREATEDDATE": 1782345600000, "LASTUPDATE": 1785974400000, "GlobalID": "{7AB8027F-4281-490F-8B9C-0F0F64C69C5E}", "URL": "https://aca-prod.accela.com/TAMPA/Cap/CapDetail.aspx?Module=Planning&TabName=Planning&capID1=26CAP&capID2=00000&capID3=01UM1&agencyCode=TAMPA"}}, {"type": "Feature", "id": 156, "geometry": {"type": "Point", "coordinates": [-82.43259968834235, 28.00840283247222]}, "properties": {"OBJECTID": 156, "RECORDID": "LND-26-0000122", "ADDRESS": "6661 N 24th St", "UNIT": "", "APPSTATUS": "In Process", "TENTATIVEHEARING": "N/A", "TENTATIVETIME": "", "RECORDALIAS": "General Land Use", "MAPDOT": "General Land Use", "CRA": null, "NEIGHBORHOOD": "Seminole Heights East", "COUNCILDISTRICT": "5", "CREATEDDATE": 1782345600000, "LASTUPDATE": 1786320000000, "GlobalID": "{C03E0489-368D-4537-9492-C334A940499D}", "URL": "https://aca-prod.accela.com/TAMPA/Cap/CapDetail.aspx?Module=Planning&TabName=Planning&capID1=26CAP&capID2=00000&capID3=01UMT&agencyCode=TAMPA"}}, {"type": "Feature", "id": 157, "geometry": {"type": "Point", "coordinates": [-82.51789442005142, 27.91148491839403]}, "properties": {"OBJECTID": 157, "RECORDID": "DE1-26-0000148", "ADDRESS": "3508 S Manhattan Ave", "UNIT": "", "APPSTATUS": "In Process", "TENTATIVEHEARING": "N/A", "TENTATIVETIME": "", "RECORDALIAS": "Design Exception 1", "MAPDOT": "Design Exceptions", "CRA": null, "NEIGHBORHOOD": "Virginia Park", "COUNCILDISTRICT": "4", "CREATEDDATE": 1782432000000, "LASTUPDATE": 1786406400000, "GlobalID": "{93A56F8E-9015-4305-80AF-55DD9025437F}", "URL": "https://aca-prod.accela.com/TAMPA/Cap/CapDetail.aspx?Module=Planning&TabName=Planning&capID1=26CAP&capID2=00000&capID3=01UOW&agencyCode=TAMPA"}}, {"type": "Feature", "id": 158, "geometry": {"type": "Point", "coordinates": [-82.45329818859955, 28.014420727187794]}, "properties": {"OBJECTID": 158, "RECORDID": "DE1-26-0000151", "ADDRESS": "7309 N Taliaferro Ave", "UNIT": "", "APPSTATUS": "In Process", "TENTATIVEHEARING": "N/A", "TENTATIVETIME": "", "RECORDALIAS": "Design Exception 1", "MAPDOT": "Design Exceptions", "CRA": null, "NEIGHBORHOOD": "Old Seminole Heights", "COUNCILDISTRICT": "6", "CREATEDDATE": 1782691200000, "LASTUPDATE": 1786492800000, "GlobalID": "{EE913FC1-FB48-495B-9601-AC4D693E0E84}", "URL": "https://aca-prod.accela.com/TAMPA/Cap/CapDetail.aspx?Module=Planning&TabName=Planning&capID1=26CAP&capID2=00000&capID3=01V02&agencyCode=TAMPA"}}, {"type": "Feature", "id": 159, "geometry": {"type": "Point", "coordinates": [-82.48711736824406, 27.923956333523133]}, "properties": {"OBJECTID": 159, "RECORDID": "VAC-26-0000017", "ADDRESS": "2512 W Palm Dr", "UNIT": "", "APPSTATUS": "In Process", "TENTATIVEHEARING": "N/A", "TENTATIVETIME": "10:30", "RECORDALIAS": "ROW Vacating", "MAPDOT": "Vacating", "CRA": null, "NEIGHBORHOOD": "Bayshore Gardens", "COUNCILDISTRICT": "4", "CREATEDDATE": 1782691200000, "LASTUPDATE": 1786492800000, "GlobalID": "{11E93672-24A9-47AF-98F0-689260128967}", "URL": "https://aca-prod.accela.com/TAMPA/Cap/CapDetail.aspx?Module=Planning&TabName=Planning&capID1=26CAP&capID2=00000&capID3=01V3C&agencyCode=TAMPA"}}, {"type": "Feature", "id": 160, "geometry": {"type": "Point", "coordinates": [-82.44710737107151, 27.96694966740931]}, "properties": {"OBJECTID": 160, "RECORDID": "REZ-26-0000101", "ADDRESS": "2706 N 12th St", "UNIT": "", "APPSTATUS": "In Process", "TENTATIVEHEARING": "N/A", "TENTATIVETIME": "", "RECORDALIAS": "Rezoning", "MAPDOT": "Rezoning", "CRA": "East Tampa", "NEIGHBORHOOD": "VM Ybor", "COUNCILDISTRICT": "5", "CREATEDDATE": 1782691200000, "LASTUPDATE": 1786924800000, "GlobalID": "{BD877269-7BB3-4EDE-A0DD-8CBB3DF9FFFF}", "URL": "https://aca-prod.accela.com/TAMPA/Cap/CapDetail.aspx?Module=Planning&TabName=Planning&capID1=26CAP&capID2=00000&capID3=01V3F&agencyCode=TAMPA"}}, {"type": "Feature", "id": 161, "geometry": {"type": "Point", "coordinates": [-82.48250498934412, 27.98387516453075]}, "properties": {"OBJECTID": 161, "RECORDID": "FDN-26-0000107", "ADDRESS": "2310 N Elcoe Dr", "UNIT": "", "APPSTATUS": "In Process", "TENTATIVEHEARING": "N/A", "TENTATIVETIME": "", "RECORDALIAS": "Formal Decision", "MAPDOT": "Formal Decision", "CRA": null, "NEIGHBORHOOD": "Wellswood", "COUNCILDISTRICT": "6", "CREATEDDATE": 1782777600000, "LASTUPDATE": 1786924800000, "GlobalID": "{66082B92-97BF-4E1A-A765-DA9F14EC6005}", "URL": "https://aca-prod.accela.com/TAMPA/Cap/CapDetail.aspx?Module=Planning&TabName=Planning&capID1=26CAP&capID2=00000&capID3=01V75&agencyCode=TAMPA"}}, {"type": "Feature", "id": 162, "geometry": {"type": "Point", "coordinates": [-82.52575834527018, 27.923106296066635]}, "properties": {"OBJECTID": 162, "RECORDID": "VRB-26-0000099", "ADDRESS": "4821 W San Jose St", "UNIT": "", "APPSTATUS": "Awaiting Client Reply", "TENTATIVEHEARING": "N/A", "TENTATIVETIME": "", "RECORDALIAS": "Variance Review Board", "MAPDOT": "Variances", "CRA": null, "NEIGHBORHOOD": "Sunset Park", "COUNCILDISTRICT": "6", "CREATEDDATE": 1782777600000, "LASTUPDATE": 1787184000000, "GlobalID": "{8289A980-739D-4FFA-9720-3E9E752CDDCB}", "URL": "https://aca-prod.accela.com/TAMPA/Cap/CapDetail.aspx?Module=Planning&TabName=Planning&capID1=26CAP&capID2=00000&capID3=01VE7&agencyCode=TAMPA"}}, {"type": "Feature", "id": 163, "geometry": {"type": "Point", "coordinates": [-82.38796100291339, 27.965347909579393]}, "properties": {"OBJECTID": 163, "RECORDID": "VAC-26-0000018", "ADDRESS": "5912 E Broadway Ave", "UNIT": "", "APPSTATUS": "In Process", "TENTATIVEHEARING": "N/A", "TENTATIVETIME": "10:30", "RECORDALIAS": "ROW Vacating", "MAPDOT": "Vacating", "CRA": null, "NEIGHBORHOOD": "East Side Commercial", "COUNCILDISTRICT": "5", "CREATEDDATE": 1782864000000, "LASTUPDATE": 1786579200000, "GlobalID": "{D4031DBF-4F18-494A-9349-7F03B7DADC3D}", "URL": "https://aca-prod.accela.com/TAMPA/Cap/CapDetail.aspx?Module=Planning&TabName=Planning&capID1=26CAP&capID2=00000&capID3=01VK6&agencyCode=TAMPA"}}, {"type": "Feature", "id": 164, "geometry": {"type": "Point", "coordinates": [-82.47906051856812, 27.94478014175287]}, "properties": {"OBJECTID": 164, "RECORDID": "DE1-26-0000153", "ADDRESS": "1917 W Kennedy Blvd", "UNIT": "", "APPSTATUS": "In Process", "TENTATIVEHEARING": "N/A", "TENTATIVETIME": "", "RECORDALIAS": "Design Exception 1", "MAPDOT": "Design Exceptions", "CRA": "West Tampa", "NEIGHBORHOOD": "North Hyde Park", "COUNCILDISTRICT": "5", "CREATEDDATE": 1782864000000, "LASTUPDATE": 1786924800000, "GlobalID": "{75EBC9BC-D8A3-4124-AEF9-30B8974F899A}", "URL": "https://aca-prod.accela.com/TAMPA/Cap/CapDetail.aspx?Module=Planning&TabName=Planning&capID1=26CAP&capID2=00000&capID3=01VRO&agencyCode=TAMPA"}}, {"type": "Feature", "id": 165, "geometry": {"type": "Point", "coordinates": [-82.50547955268007, 27.96054237005262]}, "properties": {"OBJECTID": 165, "RECORDID": "REZ-26-0000104", "ADDRESS": "2055 N Dale Mabry Hwy", "UNIT": "", "APPSTATUS": "In Process", "TENTATIVEHEARING": "12/10/2026", "TENTATIVETIME": "17:01", "RECORDALIAS": "Rezoning", "MAPDOT": "Rezoning", "CRA": null, "NEIGHBORHOOD": "Macfarlane Park", "COUNCILDISTRICT": "6", "CREATEDDATE": 1782950400000, "LASTUPDATE": 1786492800000, "GlobalID": "{B882F015-5547-4ECF-8722-80C4D5C45238}", "URL": "https://aca-prod.accela.com/TAMPA/Cap/CapDetail.aspx?Module=Planning&TabName=Planning&capID1=26CAP&capID2=00000&capID3=01VV7&agencyCode=TAMPA"}}, {"type": "Feature", "id": 166, "geometry": {"type": "Point", "coordinates": [-82.44053736502887, 27.956773005979848]}, "properties": {"OBJECTID": 166, "RECORDID": "DE1-26-0000154", "ADDRESS": "1304 N 17th St", "UNIT": "", "APPSTATUS": "Open", "TENTATIVEHEARING": "N/A", "TENTATIVETIME": "", "RECORDALIAS": "Design Exception 1", "MAPDOT": "Design Exceptions", "CRA": null, "NEIGHBORHOOD": "Historic Ybor", "COUNCILDISTRICT": "5", "CREATEDDATE": 1782950400000, "LASTUPDATE": 1782950400000, "GlobalID": "{57F3F36F-A313-4029-ADDB-1BC8E052ABFE}", "URL": "https://aca-prod.accela.com/TAMPA/Cap/CapDetail.aspx?Module=Planning&TabName=Planning&capID1=26CAP&capID2=00000&capID3=01VXA&agencyCode=TAMPA"}}, {"type": "Feature", "id": 167, "geometry": {"type": "Point", "coordinates": [-82.50562586925143, 27.945840054190334]}, "properties": {"OBJECTID": 167, "RECORDID": "FDN-26-0000109", "ADDRESS": "201 N Dale Mabry Hwy", "UNIT": "-213", "APPSTATUS": "In Process", "TENTATIVEHEARING": "N/A", "TENTATIVETIME": "", "RECORDALIAS": "Formal Decision", "MAPDOT": "Formal Decision", "CRA": null, "NEIGHBORHOOD": "Oakford Park", "COUNCILDISTRICT": "6", "CREATEDDATE": 1782950400000, "LASTUPDATE": 1785801600000, "GlobalID": "{BCFD8A50-B1C2-43CD-86CF-3833C9F2DC25}", "URL": "https://aca-prod.accela.com/TAMPA/Cap/CapDetail.aspx?Module=Planning&TabName=Planning&capID1=26CAP&capID2=00000&capID3=01VY3&agencyCode=TAMPA"}}, {"type": "Feature", "id": 168, "geometry": {"type": "Point", "coordinates": [-82.47647431665338, 27.978123295572956]}, "properties": {"OBJECTID": 168, "RECORDID": "FDN-26-0000110", "ADDRESS": "1105 W Indiana Ave", "UNIT": "", "APPSTATUS": "Awaiting Client Reply", "TENTATIVEHEARING": "N/A", "TENTATIVETIME": "", "RECORDALIAS": "Formal Decision", "MAPDOT": "Formal Decision", "CRA": null, "NEIGHBORHOOD": "Riverside Heights", "COUNCILDISTRICT": "6", "CREATEDDATE": 1783296000000, "LASTUPDATE": 1787011200000, "GlobalID": "{F863BC74-918F-49DA-B138-10EAC6F828CA}", "URL": "https://aca-prod.accela.com/TAMPA/Cap/CapDetail.aspx?Module=Planning&TabName=Planning&capID1=26CAP&capID2=00000&capID3=01W83&agencyCode=TAMPA"}}, {"type": "Feature", "id": 169, "geometry": {"type": "Point", "coordinates": [-82.50634545260482, 27.91234643181553]}, "properties": {"OBJECTID": 169, "RECORDID": "FDN-26-0000111", "ADDRESS": "3810 W Vasconia St", "UNIT": "", "APPSTATUS": "In Process", "TENTATIVEHEARING": "N/A", "TENTATIVETIME": "", "RECORDALIAS": "Formal Decision", "MAPDOT": "Formal Decision", "CRA": null, "NEIGHBORHOOD": "Virginia Park", "COUNCILDISTRICT": "4", "CREATEDDATE": 1783382400000, "LASTUPDATE": 1786320000000, "GlobalID": "{99F6E0B4-1FD5-44AC-86B4-77C3C36FEEF5}", "URL": "https://aca-prod.accela.com/TAMPA/Cap/CapDetail.aspx?Module=Planning&TabName=Planning&capID1=26CAP&capID2=00000&capID3=01WHO&agencyCode=TAMPA"}}, {"type": "Feature", "id": 170, "geometry": {"type": "Point", "coordinates": [-82.44302389086965, 27.974783405091387]}, "properties": {"OBJECTID": 170, "RECORDID": "SU1-26-0000067", "ADDRESS": "3410 N 15th St", "UNIT": "", "APPSTATUS": "In Process", "TENTATIVEHEARING": "N/A", "TENTATIVETIME": "", "RECORDALIAS": "Special Use 1 - General", "MAPDOT": "Special Use Cases", "CRA": "East Tampa", "NEIGHBORHOOD": "Ybor Heights Neighborhood Association and Watch Group", "COUNCILDISTRICT": "5", "CREATEDDATE": 1783382400000, "LASTUPDATE": 1786924800000, "GlobalID": "{D9B74325-47AB-4D39-9DAA-D10E3EDE5140}", "URL": "https://aca-prod.accela.com/TAMPA/Cap/CapDetail.aspx?Module=Planning&TabName=Planning&capID1=26CAP&capID2=00000&capID3=01WLM&agencyCode=TAMPA"}}, {"type": "Feature", "id": 171, "geometry": {"type": "Point", "coordinates": [-82.4596266502726, 27.98235181566474]}, "properties": {"OBJECTID": 171, "RECORDID": "VAC-26-0000019", "ADDRESS": "113 W Ida St", "UNIT": "", "APPSTATUS": "In Process", "TENTATIVEHEARING": "N/A", "TENTATIVETIME": "10:30", "RECORDALIAS": "ROW Vacating", "MAPDOT": "Vacating", "CRA": null, "NEIGHBORHOOD": "South Seminole Heights", "COUNCILDISTRICT": "6", "CREATEDDATE": 1783382400000, "LASTUPDATE": 1787184000000, "GlobalID": "{6B6A86B6-4844-4D34-AD35-D5940B90DF09}", "URL": "https://aca-prod.accela.com/TAMPA/Cap/CapDetail.aspx?Module=Planning&TabName=Planning&capID1=26CAP&capID2=00000&capID3=01WPX&agencyCode=TAMPA"}}, {"type": "Feature", "id": 172, "geometry": {"type": "Point", "coordinates": [-82.37528081844762, 28.13061877297802]}, "properties": {"OBJECTID": 172, "RECORDID": "LND-26-0000124", "ADDRESS": "18205 Crane Nest Dr", "UNIT": "", "APPSTATUS": "In Process", "TENTATIVEHEARING": "N/A", "TENTATIVETIME": "", "RECORDALIAS": "General Land Use", "MAPDOT": "General Land Use", "CRA": null, "NEIGHBORHOOD": "Richmond Place", "COUNCILDISTRICT": "7", "CREATEDDATE": 1783382400000, "LASTUPDATE": 1786320000000, "GlobalID": "{A6E584C8-8D45-4F91-B900-146E6149E66E}", "URL": "https://aca-prod.accela.com/TAMPA/Cap/CapDetail.aspx?Module=Planning&TabName=Planning&capID1=26CAP&capID2=00000&capID3=01WR9&agencyCode=TAMPA"}}, {"type": "Feature", "id": 173, "geometry": {"type": "Point", "coordinates": [-82.50832974815967, 27.92653936567232]}, "properties": {"OBJECTID": 173, "RECORDID": "VRB-26-0000100", "ADDRESS": "3916 W San Rafael St", "UNIT": "", "APPSTATUS": "In Process", "TENTATIVEHEARING": "N/A", "TENTATIVETIME": "", "RECORDALIAS": "Variance Review Board", "MAPDOT": "Variances", "CRA": null, "NEIGHBORHOOD": "Palma Ceia West", "COUNCILDISTRICT": "6", "CREATEDDATE": 1783468800000, "LASTUPDATE": 1786320000000, "GlobalID": "{5D24BD68-2CBE-4F36-AFA3-D0634803761F}", "URL": "https://aca-prod.accela.com/TAMPA/Cap/CapDetail.aspx?Module=Planning&TabName=Planning&capID1=26CAP&capID2=00000&capID3=01X10&agencyCode=TAMPA"}}, {"type": "Feature", "id": 174, "geometry": {"type": "Point", "coordinates": [-82.42548413891433, 27.977188216604567]}, "properties": {"OBJECTID": 174, "RECORDID": "SU1-26-0000069", "ADDRESS": "3610 N 31st St", "UNIT": "", "APPSTATUS": "In Process", "TENTATIVEHEARING": "N/A", "TENTATIVETIME": "", "RECORDALIAS": "Special Use 1 - General", "MAPDOT": "Special Use Cases", "CRA": "East Tampa", "NEIGHBORHOOD": "Jackson Heights", "COUNCILDISTRICT": "5", "CREATEDDATE": 1783555200000, "LASTUPDATE": 1787011200000, "GlobalID": "{E6E99D67-310F-4125-A600-C4DED2463738}", "URL": "https://aca-prod.accela.com/TAMPA/Cap/CapDetail.aspx?Module=Planning&TabName=Planning&capID1=26CAP&capID2=00000&capID3=01X73&agencyCode=TAMPA"}}, {"type": "Feature", "id": 175, "geometry": {"type": "Point", "coordinates": [-82.5188364065028, 27.868388704254087]}, "properties": {"OBJECTID": 175, "RECORDID": "VRB-26-0000101", "ADDRESS": "4402 W Lancaster St", "UNIT": "", "APPSTATUS": "Awaiting Client Reply", "TENTATIVEHEARING": "N/A", "TENTATIVETIME": "", "RECORDALIAS": "Variance Review Board", "MAPDOT": "Variances", "CRA": null, "NEIGHBORHOOD": "Port Tampa City, Inc. Civic Association", "COUNCILDISTRICT": "4", "CREATEDDATE": 1783555200000, "LASTUPDATE": 1787097600000, "GlobalID": "{C091D1F9-4613-4695-9A84-03F08FDE816E}", "URL": "https://aca-prod.accela.com/TAMPA/Cap/CapDetail.aspx?Module=Planning&TabName=Planning&capID1=26CAP&capID2=00000&capID3=01XEC&agencyCode=TAMPA"}}, {"type": "Feature", "id": 176, "geometry": {"type": "Point", "coordinates": [-82.52840863657536, 27.941335581152785]}, "properties": {"OBJECTID": 176, "RECORDID": "VRB-26-0000102", "ADDRESS": "401 S Royal Poinciana Dr", "UNIT": "", "APPSTATUS": "Awaiting Client Reply", "TENTATIVEHEARING": "N/A", "TENTATIVETIME": "", "RECORDALIAS": "Variance Review Board", "MAPDOT": "Variances", "CRA": null, "NEIGHBORHOOD": "Beach Park", "COUNCILDISTRICT": "6", "CREATEDDATE": 1783641600000, "LASTUPDATE": 1786924800000, "GlobalID": "{CA7C2319-3A27-4A8C-B00A-61E7D411EC42}", "URL": "https://aca-prod.accela.com/TAMPA/Cap/CapDetail.aspx?Module=Planning&TabName=Planning&capID1=26CAP&capID2=00000&capID3=01XK7&agencyCode=TAMPA"}}, {"type": "Feature", "id": 177, "geometry": {"type": "Point", "coordinates": [-82.45327724837357, 28.01954401360072]}, "properties": {"OBJECTID": 177, "RECORDID": "FDN-26-0000113", "ADDRESS": "801 E Hollywood St", "UNIT": "", "APPSTATUS": "In Process", "TENTATIVEHEARING": "N/A", "TENTATIVETIME": "", "RECORDALIAS": "Formal Decision", "MAPDOT": "Formal Decision", "CRA": null, "NEIGHBORHOOD": "Old Seminole Heights", "COUNCILDISTRICT": "6", "CREATEDDATE": 1783641600000, "LASTUPDATE": 1786924800000, "GlobalID": "{75019D61-31E3-4162-A53F-5D3ACD6DBDC8}", "URL": "https://aca-prod.accela.com/TAMPA/Cap/CapDetail.aspx?Module=Planning&TabName=Planning&capID1=26CAP&capID2=00000&capID3=01XNZ&agencyCode=TAMPA"}}, {"type": "Feature", "id": 178, "geometry": {"type": "Point", "coordinates": [-82.35384108497816, 28.16842165553288]}, "properties": {"OBJECTID": 178, "RECORDID": "REZ-26-0000105", "ADDRESS": "20610 Bruce B Downs Blvd", "UNIT": "", "APPSTATUS": "In Process", "TENTATIVEHEARING": "N/A", "TENTATIVETIME": "", "RECORDALIAS": "Rezoning", "MAPDOT": "Rezoning", "CRA": null, "NEIGHBORHOOD": null, "COUNCILDISTRICT": null, "CREATEDDATE": 1783641600000, "LASTUPDATE": 1787011200000, "GlobalID": "{0A22D5BB-B7EE-4CF3-B7AC-24BAC4D860E1}", "URL": "https://aca-prod.accela.com/TAMPA/Cap/CapDetail.aspx?Module=Planning&TabName=Planning&capID1=26CAP&capID2=00000&capID3=01XQ8&agencyCode=TAMPA"}}, {"type": "Feature", "id": 179, "geometry": {"type": "Point", "coordinates": [-82.45199460841359, 27.960576681824314]}, "properties": {"OBJECTID": 179, "RECORDID": "FDN-26-0000114", "ADDRESS": "1807 N Mitchell Ave", "UNIT": "A-B", "APPSTATUS": "Awaiting Client Reply", "TENTATIVEHEARING": "N/A", "TENTATIVETIME": "", "RECORDALIAS": "Formal Decision", "MAPDOT": "Formal Decision", "CRA": "Central Park", "NEIGHBORHOOD": "Encore", "COUNCILDISTRICT": "5", "CREATEDDATE": 1783814400000, "LASTUPDATE": 1783900800000, "GlobalID": "{CF9651CD-9E3E-4580-9E59-E18A8FB627E9}", "URL": "https://aca-prod.accela.com/TAMPA/Cap/CapDetail.aspx?Module=Planning&TabName=Planning&capID1=26CAP&capID2=00000&capID3=01XTY&agencyCode=TAMPA"}}, {"type": "Feature", "id": 180, "geometry": {"type": "Point", "coordinates": [-82.45121559687949, 27.98794254851776]}, "properties": {"OBJECTID": 180, "RECORDID": "DE1-26-0000159", "ADDRESS": "4700 N Nebraska Ave", "UNIT": "", "APPSTATUS": "In Process", "TENTATIVEHEARING": "N/A", "TENTATIVETIME": "", "RECORDALIAS": "Design Exception 1", "MAPDOT": "Design Exceptions", "CRA": "East Tampa", "NEIGHBORHOOD": "Southeast Seminole Heights", "COUNCILDISTRICT": "5", "CREATEDDATE": 1783900800000, "LASTUPDATE": 1785801600000, "GlobalID": "{ED10C427-9511-4384-BDE2-973BDB226095}", "URL": "https://aca-prod.accela.com/TAMPA/Cap/CapDetail.aspx?Module=Planning&TabName=Planning&capID1=26CAP&capID2=00000&capID3=01Y5S&agencyCode=TAMPA"}}, {"type": "Feature", "id": 181, "geometry": {"type": "Point", "coordinates": [-82.52641953826067, 27.916129476752296]}, "properties": {"OBJECTID": 181, "RECORDID": "VRB-26-0000103", "ADDRESS": "4801 W Longfellow Ave", "UNIT": "", "APPSTATUS": "Awaiting Client Reply", "TENTATIVEHEARING": "N/A", "TENTATIVETIME": "", "RECORDALIAS": "Variance Review Board", "MAPDOT": "Variances", "CRA": null, "NEIGHBORHOOD": "Sunset Park", "COUNCILDISTRICT": "4", "CREATEDDATE": 1783987200000, "LASTUPDATE": 1786924800000, "GlobalID": "{4B2C773D-3D09-423B-BFE3-275B87F286B8}", "URL": "https://aca-prod.accela.com/TAMPA/Cap/CapDetail.aspx?Module=Planning&TabName=Planning&capID1=26CAP&capID2=00000&capID3=01Y9Z&agencyCode=TAMPA"}}, {"type": "Feature", "id": 182, "geometry": {"type": "Point", "coordinates": [-82.4754595981052, 28.035728026288538]}, "properties": {"OBJECTID": 182, "RECORDID": "FDN-26-0000115", "ADDRESS": "9415 N Rome Cir", "UNIT": "", "APPSTATUS": "In Process", "TENTATIVEHEARING": "N/A", "TENTATIVETIME": "", "RECORDALIAS": "Formal Decision", "MAPDOT": "Formal Decision", "CRA": null, "NEIGHBORHOOD": "Historic Forest Hills", "COUNCILDISTRICT": "7", "CREATEDDATE": 1783987200000, "LASTUPDATE": 1784505600000, "GlobalID": "{12939A85-0576-49F3-8FF3-95D19B869511}", "URL": "https://aca-prod.accela.com/TAMPA/Cap/CapDetail.aspx?Module=Planning&TabName=Planning&capID1=26CAP&capID2=00000&capID3=01YEL&agencyCode=TAMPA"}}, {"type": "Feature", "id": 183, "geometry": {"type": "Point", "coordinates": [-82.5180442483109, 27.909986202791085]}, "properties": {"OBJECTID": 183, "RECORDID": "VRB-26-0000104", "ADDRESS": "3639 S Manhattan Ave", "UNIT": "", "APPSTATUS": "Awaiting Client Reply", "TENTATIVEHEARING": "N/A", "TENTATIVETIME": "", "RECORDALIAS": "Variance Review Board", "MAPDOT": "Variances", "CRA": null, "NEIGHBORHOOD": "Belmar Gardens", "COUNCILDISTRICT": "4", "CREATEDDATE": 1783987200000, "LASTUPDATE": 1787184000000, "GlobalID": "{6F63CADF-0AB8-448E-A145-D94F46797B9C}", "URL": "https://aca-prod.accela.com/TAMPA/Cap/CapDetail.aspx?Module=Planning&TabName=Planning&capID1=26CAP&capID2=00000&capID3=01YHU&agencyCode=TAMPA"}}, {"type": "Feature", "id": 184, "geometry": {"type": "Point", "coordinates": [-82.41752119436941, 27.923094773424726]}, "properties": {"OBJECTID": 184, "RECORDID": "VRB-26-0000105", "ADDRESS": "3624 Causeway Blvd", "UNIT": "", "APPSTATUS": "Awaiting Client Reply", "TENTATIVEHEARING": "N/A", "TENTATIVETIME": "", "RECORDALIAS": "Variance Review Board", "MAPDOT": "Variances", "CRA": null, "NEIGHBORHOOD": "Port of Tampa", "COUNCILDISTRICT": "5", "CREATEDDATE": 1783987200000, "LASTUPDATE": 1787097600000, "GlobalID": "{DA08F962-FFA3-4A16-BA5A-88AF86FC98FD}", "URL": "https://aca-prod.accela.com/TAMPA/Cap/CapDetail.aspx?Module=Planning&TabName=Planning&capID1=26CAP&capID2=00000&capID3=01YI9&agencyCode=TAMPA"}}, {"type": "Feature", "id": 185, "geometry": {"type": "Point", "coordinates": [-82.52851886413275, 27.943077922434757]}, "properties": {"OBJECTID": 185, "RECORDID": "DE2-26-0000019", "ADDRESS": "5105 W Cleveland St", "UNIT": "", "APPSTATUS": "In Process", "TENTATIVEHEARING": "N/A", "TENTATIVETIME": "", "RECORDALIAS": "Design Exception 2", "MAPDOT": "Design Exceptions", "CRA": null, "NEIGHBORHOOD": "Beach Park", "COUNCILDISTRICT": "6", "CREATEDDATE": 1783987200000, "LASTUPDATE": 1786492800000, "GlobalID": "{40FD0190-F428-4F52-9123-069722F78039}", "URL": "https://aca-prod.accela.com/TAMPA/Cap/CapDetail.aspx?Module=Planning&TabName=Planning&capID1=26CAP&capID2=00000&capID3=01YIA&agencyCode=TAMPA"}}, {"type": "Feature", "id": 186, "geometry": {"type": "Point", "coordinates": [-82.47286151676263, 27.95423091897]}, "properties": {"OBJECTID": 186, "RECORDID": "REZ-26-0000106", "ADDRESS": "1313 W Arch St", "UNIT": "", "APPSTATUS": "In Process", "TENTATIVEHEARING": "N/A", "TENTATIVETIME": "", "RECORDALIAS": "Rezoning", "MAPDOT": "Rezoning", "CRA": "West Tampa", "NEIGHBORHOOD": "West Riverfront Neighborhood Crimewatch Association", "COUNCILDISTRICT": "5", "CREATEDDATE": 1783987200000, "LASTUPDATE": 1787011200000, "GlobalID": "{CC7CB30E-3415-4133-8131-230CC3C1493C}", "URL": "https://aca-prod.accela.com/TAMPA/Cap/CapDetail.aspx?Module=Planning&TabName=Planning&capID1=26CAP&capID2=00000&capID3=01YIB&agencyCode=TAMPA"}}, {"type": "Feature", "id": 187, "geometry": {"type": "Point", "coordinates": [-82.47263246144294, 27.954958023471146]}, "properties": {"OBJECTID": 187, "RECORDID": "REZ-26-0000107", "ADDRESS": "1303 W La Salle St", "UNIT": "", "APPSTATUS": "In Process", "TENTATIVEHEARING": "N/A", "TENTATIVETIME": "", "RECORDALIAS": "Rezoning", "MAPDOT": "Rezoning", "CRA": "West Tampa", "NEIGHBORHOOD": "West Riverfront Neighborhood Crimewatch Association", "COUNCILDISTRICT": "5", "CREATEDDATE": 1783987200000, "LASTUPDATE": 1787011200000, "GlobalID": "{5C2AE791-E175-45E5-8FA8-99096ABC988C}", "URL": "https://aca-prod.accela.com/TAMPA/Cap/CapDetail.aspx?Module=Planning&TabName=Planning&capID1=26CAP&capID2=00000&capID3=01YIC&agencyCode=TAMPA"}}, {"type": "Feature", "id": 188, "geometry": {"type": "Point", "coordinates": [-82.51694288668259, 27.991542295463212]}, "properties": {"OBJECTID": 188, "RECORDID": "VRB-26-0000106", "ADDRESS": "4311 W South Ave", "UNIT": "", "APPSTATUS": "Awaiting Client Reply", "TENTATIVEHEARING": "N/A", "TENTATIVETIME": "", "RECORDALIAS": "Variance Review Board", "MAPDOT": "Variances", "CRA": "Drew Park", "NEIGHBORHOOD": "Drew Park", "COUNCILDISTRICT": "6", "CREATEDDATE": 1784073600000, "LASTUPDATE": 1785283200000, "GlobalID": "{4A3FE74A-B9D9-4444-9759-1DFD764481CC}", "URL": "https://aca-prod.accela.com/TAMPA/Cap/CapDetail.aspx?Module=Planning&TabName=Planning&capID1=26CAP&capID2=00000&capID3=01YNI&agencyCode=TAMPA"}}, {"type": "Feature", "id": 189, "geometry": {"type": "Point", "coordinates": [-82.41302126850633, 28.003361704004867]}, "properties": {"OBJECTID": 189, "RECORDID": "VRB-26-0000107", "ADDRESS": "4111 E Hanna Ave", "UNIT": "", "APPSTATUS": "Awaiting Client Reply", "TENTATIVEHEARING": "N/A", "TENTATIVETIME": "", "RECORDALIAS": "Variance Review Board", "MAPDOT": "Variances", "CRA": null, "NEIGHBORHOOD": "Northeast Community Crimewatch & Civic Association", "COUNCILDISTRICT": "5", "CREATEDDATE": 1784073600000, "LASTUPDATE": 1787097600000, "GlobalID": "{A29C0DB0-CCE6-4231-9311-35BFA4E69FAE}", "URL": "https://aca-prod.accela.com/TAMPA/Cap/CapDetail.aspx?Module=Planning&TabName=Planning&capID1=26CAP&capID2=00000&capID3=01YT0&agencyCode=TAMPA"}}, {"type": "Feature", "id": 190, "geometry": {"type": "Point", "coordinates": [-82.50166532837511, 27.932304505053647]}, "properties": {"OBJECTID": 190, "RECORDID": "VRB-26-0000108", "ADDRESS": "910 S Himes Ave", "UNIT": "", "APPSTATUS": "In Process", "TENTATIVEHEARING": "N/A", "TENTATIVETIME": "", "RECORDALIAS": "Variance Review Board", "MAPDOT": "Variances", "CRA": null, "NEIGHBORHOOD": "Golfview", "COUNCILDISTRICT": "4", "CREATEDDATE": 1784073600000, "LASTUPDATE": 1786924800000, "GlobalID": "{B8C37D95-CD38-4BCB-ABCF-83E1C311AAD1}", "URL": "https://aca-prod.accela.com/TAMPA/Cap/CapDetail.aspx?Module=Planning&TabName=Planning&capID1=26CAP&capID2=00000&capID3=01YU0&agencyCode=TAMPA"}}, {"type": "Feature", "id": 191, "geometry": {"type": "Point", "coordinates": [-82.40476801060126, 28.054391322681344]}, "properties": {"OBJECTID": 191, "RECORDID": "REZ-26-0000108", "ADDRESS": "4801 E Fowler Ave", "UNIT": "", "APPSTATUS": "In Process", "TENTATIVEHEARING": "12/10/2026", "TENTATIVETIME": "17:01", "RECORDALIAS": "Rezoning", "MAPDOT": "Rezoning", "CRA": null, "NEIGHBORHOOD": "Terrace Park", "COUNCILDISTRICT": "7", "CREATEDDATE": 1784073600000, "LASTUPDATE": 1787097600000, "GlobalID": "{CE01E7EE-7D55-4DC1-938B-83FEB8F48921}", "URL": "https://aca-prod.accela.com/TAMPA/Cap/CapDetail.aspx?Module=Planning&TabName=Planning&capID1=26CAP&capID2=00000&capID3=01YUB&agencyCode=TAMPA"}}, {"type": "Feature", "id": 192, "geometry": {"type": "Point", "coordinates": [-82.47894477605307, 27.95125261346674]}, "properties": {"OBJECTID": 192, "RECORDID": "DE1-26-0000164", "ADDRESS": "1902 W State St", "UNIT": "", "APPSTATUS": "Awaiting Client Reply", "TENTATIVEHEARING": "N/A", "TENTATIVETIME": "", "RECORDALIAS": "Design Exception 1", "MAPDOT": "Design Exceptions", "CRA": "West Tampa", "NEIGHBORHOOD": "North Hyde Park", "COUNCILDISTRICT": "5", "CREATEDDATE": 1784073600000, "LASTUPDATE": 1784678400000, "GlobalID": "{28B093E3-BF32-411F-A74F-0D7EB169F472}", "URL": "https://aca-prod.accela.com/TAMPA/Cap/CapDetail.aspx?Module=Planning&TabName=Planning&capID1=26CAP&capID2=00000&capID3=01YV4&agencyCode=TAMPA"}}, {"type": "Feature", "id": 193, "geometry": {"type": "Point", "coordinates": [-82.48300189564227, 28.03820308002683]}, "properties": {"OBJECTID": 193, "RECORDID": "VRB-26-0000109", "ADDRESS": "2307 W Barclay Rd", "UNIT": "", "APPSTATUS": "Awaiting Client Reply", "TENTATIVEHEARING": "N/A", "TENTATIVETIME": "", "RECORDALIAS": "Variance Review Board", "MAPDOT": "Variances", "CRA": null, "NEIGHBORHOOD": "Historic Forest Hills", "COUNCILDISTRICT": "7", "CREATEDDATE": 1784073600000, "LASTUPDATE": 1786924800000, "GlobalID": "{67C8699E-C7EA-4B20-9FFE-7D6F35481D02}", "URL": "https://aca-prod.accela.com/TAMPA/Cap/CapDetail.aspx?Module=Planning&TabName=Planning&capID1=26CAP&capID2=00000&capID3=01YV5&agencyCode=TAMPA"}}, {"type": "Feature", "id": 194, "geometry": {"type": "Point", "coordinates": [-82.43259968834235, 28.00840283247222]}, "properties": {"OBJECTID": 194, "RECORDID": "VRB-26-0000110", "ADDRESS": "6661 N 24th St", "UNIT": "", "APPSTATUS": "Awaiting Client Reply", "TENTATIVEHEARING": "N/A", "TENTATIVETIME": "", "RECORDALIAS": "Variance Review Board", "MAPDOT": "Variances", "CRA": null, "NEIGHBORHOOD": "Seminole Heights East", "COUNCILDISTRICT": "5", "CREATEDDATE": 1784073600000, "LASTUPDATE": 1787097600000, "GlobalID": "{2A5A3DA8-2F62-4BC8-A86A-79BB72CE152E}", "URL": "https://aca-prod.accela.com/TAMPA/Cap/CapDetail.aspx?Module=Planning&TabName=Planning&capID1=26CAP&capID2=00000&capID3=01YV6&agencyCode=TAMPA"}}, {"type": "Feature", "id": 195, "geometry": {"type": "Point", "coordinates": [-82.48139547459834, 27.96588817193563]}, "properties": {"OBJECTID": 195, "RECORDID": "VRB-26-0000111", "ADDRESS": "2130 W Saint Joseph St", "UNIT": "", "APPSTATUS": "In Process", "TENTATIVEHEARING": "N/A", "TENTATIVETIME": "", "RECORDALIAS": "Variance Review Board", "MAPDOT": "Variances", "CRA": "West Tampa", "NEIGHBORHOOD": "Old West Tampa", "COUNCILDISTRICT": "5", "CREATEDDATE": 1784073600000, "LASTUPDATE": 1785974400000, "GlobalID": "{6856CB81-1EE6-4D12-B801-1A49E47BC21F}", "URL": "https://aca-prod.accela.com/TAMPA/Cap/CapDetail.aspx?Module=Planning&TabName=Planning&capID1=26CAP&capID2=00000&capID3=01YVB&agencyCode=TAMPA"}}, {"type": "Feature", "id": 196, "geometry": {"type": "Point", "coordinates": [-82.52029632663383, 27.948630295452705]}, "properties": {"OBJECTID": 196, "RECORDID": "REZ-26-0000109", "ADDRESS": "4507 W Gray St", "UNIT": "", "APPSTATUS": "In Process", "TENTATIVEHEARING": "12/10/2026", "TENTATIVETIME": "17:01", "RECORDALIAS": "Rezoning", "MAPDOT": "Rezoning", "CRA": null, "NEIGHBORHOOD": "Westshore Palms", "COUNCILDISTRICT": "6", "CREATEDDATE": 1784160000000, "LASTUPDATE": 1787097600000, "GlobalID": "{450752F4-ED73-470F-81E0-229C9DED2714}", "URL": "https://aca-prod.accela.com/TAMPA/Cap/CapDetail.aspx?Module=Planning&TabName=Planning&capID1=26CAP&capID2=00000&capID3=01YW8&agencyCode=TAMPA"}}, {"type": "Feature", "id": 197, "geometry": {"type": "Point", "coordinates": [-82.46098922552245, 27.958544517689454]}, "properties": {"OBJECTID": 197, "RECORDID": "REZ-26-0000110", "ADDRESS": "1710 N Tampa St", "UNIT": "", "APPSTATUS": "In Process", "TENTATIVEHEARING": "12/10/2026", "TENTATIVETIME": "17:01", "RECORDALIAS": "Rezoning", "MAPDOT": "Rezoning", "CRA": "Tampa Heights Riverfront", "NEIGHBORHOOD": "Tampa Heights", "COUNCILDISTRICT": "5", "CREATEDDATE": 1784160000000, "LASTUPDATE": 1786665600000, "GlobalID": "{CBE13494-7F42-4FC7-987C-10FB51BB4DDC}", "URL": "https://aca-prod.accela.com/TAMPA/Cap/CapDetail.aspx?Module=Planning&TabName=Planning&capID1=26CAP&capID2=00000&capID3=01YWQ&agencyCode=TAMPA"}}, {"type": "Feature", "id": 198, "geometry": {"type": "Point", "coordinates": [-82.4608273162956, 27.98439423353981]}, "properties": {"OBJECTID": 198, "RECORDID": "SU1-26-0000071", "ADDRESS": "206 W Genesee St", "UNIT": "", "APPSTATUS": "In Process", "TENTATIVEHEARING": "N/A", "TENTATIVETIME": "", "RECORDALIAS": "Special Use 1 - General", "MAPDOT": "Special Use Cases", "CRA": null, "NEIGHBORHOOD": "South Seminole Heights", "COUNCILDISTRICT": "6", "CREATEDDATE": 1784160000000, "LASTUPDATE": 1787184000000, "GlobalID": "{B3F524B7-B611-439E-A324-9B352A9A8840}", "URL": "https://aca-prod.accela.com/TAMPA/Cap/CapDetail.aspx?Module=Planning&TabName=Planning&capID1=26CAP&capID2=00000&capID3=01Z2O&agencyCode=TAMPA"}}, {"type": "Feature", "id": 199, "geometry": {"type": "Point", "coordinates": [-82.47573873579051, 27.978250825655287]}, "properties": {"OBJECTID": 199, "RECORDID": "DE2-26-0000020", "ADDRESS": "3710 N Ridge Ave", "UNIT": "", "APPSTATUS": "In Process", "TENTATIVEHEARING": "N/A", "TENTATIVETIME": "", "RECORDALIAS": "Design Exception 2", "MAPDOT": "Design Exceptions", "CRA": null, "NEIGHBORHOOD": "Riverside Heights", "COUNCILDISTRICT": "6", "CREATEDDATE": 1784160000000, "LASTUPDATE": 1786924800000, "GlobalID": "{13A8F7A6-4AB8-4EDD-9B88-FED88D0379B2}", "URL": "https://aca-prod.accela.com/TAMPA/Cap/CapDetail.aspx?Module=Planning&TabName=Planning&capID1=26CAP&capID2=00000&capID3=01Z72&agencyCode=TAMPA"}}, {"type": "Feature", "id": 200, "geometry": {"type": "Point", "coordinates": [-82.45949858590461, 28.04402272018201]}, "properties": {"OBJECTID": 200, "RECORDID": "AB2-26-0000023", "ADDRESS": "10418 N Florida Ave", "UNIT": "", "APPSTATUS": "Awaiting Client Reply", "TENTATIVEHEARING": "N/A", "TENTATIVETIME": "", "RECORDALIAS": "AB Special Use 2", "MAPDOT": "Special Use Cases - Alcoholic Beverage Sales", "CRA": null, "NEIGHBORHOOD": "East Forest Hills", "COUNCILDISTRICT": "7", "CREATEDDATE": 1784246400000, "LASTUPDATE": 1787184000000, "GlobalID": "{FA822F6A-7D00-4CDF-B2ED-38A89637DAE6}", "URL": "https://aca-prod.accela.com/TAMPA/Cap/CapDetail.aspx?Module=Planning&TabName=Planning&capID1=26CAP&capID2=00000&capID3=01ZBP&agencyCode=TAMPA"}}, {"type": "Feature", "id": 201, "geometry": {"type": "Point", "coordinates": [-82.43163377138451, 27.98369940780934]}, "properties": {"OBJECTID": 201, "RECORDID": "REZ-26-0000111", "ADDRESS": "4203 N 25th St", "UNIT": "", "APPSTATUS": "In Process", "TENTATIVEHEARING": "N/A", "TENTATIVETIME": "", "RECORDALIAS": "Rezoning", "MAPDOT": "Rezoning", "CRA": "East Tampa", "NEIGHBORHOOD": "East Tampa 1", "COUNCILDISTRICT": "5", "CREATEDDATE": 1784246400000, "LASTUPDATE": 1786147200000, "GlobalID": "{A5B17C9B-A7B1-4C7A-ACB5-96A11A78062C}", "URL": "https://aca-prod.accela.com/TAMPA/Cap/CapDetail.aspx?Module=Planning&TabName=Planning&capID1=26CAP&capID2=00000&capID3=01ZE9&agencyCode=TAMPA"}}, {"type": "Feature", "id": 202, "geometry": {"type": "Point", "coordinates": [-82.45957685539035, 27.947081745189625]}, "properties": {"OBJECTID": 202, "RECORDID": "DE1-26-0000165", "ADDRESS": "101 E Kennedy Blvd", "UNIT": "", "APPSTATUS": "In Process", "TENTATIVEHEARING": "N/A", "TENTATIVETIME": "", "RECORDALIAS": "Design Exception 1", "MAPDOT": "Design Exceptions", "CRA": "Downtown Non Core", "NEIGHBORHOOD": "Tampa Downtown Partnership", "COUNCILDISTRICT": "5", "CREATEDDATE": 1784246400000, "LASTUPDATE": 1785974400000, "GlobalID": "{C12AE392-0A93-49C1-9E6A-B929B7BD5D85}", "URL": "https://aca-prod.accela.com/TAMPA/Cap/CapDetail.aspx?Module=Planning&TabName=Planning&capID1=26CAP&capID2=00000&capID3=01ZJC&agencyCode=TAMPA"}}, {"type": "Feature", "id": 203, "geometry": {"type": "Point", "coordinates": [-82.42038321443984, 27.975004623380002]}, "properties": {"OBJECTID": 203, "RECORDID": "DE1-26-0000166", "ADDRESS": "3517 E 27th Ave", "UNIT": "", "APPSTATUS": "In Process", "TENTATIVEHEARING": "N/A", "TENTATIVETIME": "", "RECORDALIAS": "Design Exception 1", "MAPDOT": "Design Exceptions", "CRA": "East Tampa", "NEIGHBORHOOD": "Jackson Heights", "COUNCILDISTRICT": "5", "CREATEDDATE": 1784332800000, "LASTUPDATE": 1786060800000, "GlobalID": "{EAD432B2-B727-44D5-BD6B-0AF185F51933}", "URL": "https://aca-prod.accela.com/TAMPA/Cap/CapDetail.aspx?Module=Planning&TabName=Planning&capID1=26CAP&capID2=00000&capID3=01ZJM&agencyCode=TAMPA"}}, {"type": "Feature", "id": 204, "geometry": {"type": "Point", "coordinates": [-82.47769470465846, 28.010705703953814]}, "properties": {"OBJECTID": 204, "RECORDID": "VRB-26-0000112", "ADDRESS": "1810 W Sligh Ave", "UNIT": "", "APPSTATUS": "Awaiting Client Reply", "TENTATIVEHEARING": "N/A", "TENTATIVETIME": "", "RECORDALIAS": "Variance Review Board", "MAPDOT": "Variances", "CRA": null, "NEIGHBORHOOD": "Riverbend", "COUNCILDISTRICT": "6", "CREATEDDATE": 1784592000000, "LASTUPDATE": 1784851200000, "GlobalID": "{FA558389-3BE9-485C-AC32-195F1DBA9164}", "URL": "https://aca-prod.accela.com/TAMPA/Cap/CapDetail.aspx?Module=Planning&TabName=Planning&capID1=26CAP&capID2=00000&capID3=020C7&agencyCode=TAMPA"}}, {"type": "Feature", "id": 205, "geometry": {"type": "Point", "coordinates": [-82.48328368297453, 27.9527573355774]}, "properties": {"OBJECTID": 205, "RECORDID": "DE2-26-0000021", "ADDRESS": "2312 W Grace St", "UNIT": "", "APPSTATUS": "In Process", "TENTATIVEHEARING": "N/A", "TENTATIVETIME": "", "RECORDALIAS": "Design Exception 2", "MAPDOT": "Design Exceptions", "CRA": "West Tampa", "NEIGHBORHOOD": "North Hyde Park", "COUNCILDISTRICT": "5", "CREATEDDATE": 1784678400000, "LASTUPDATE": 1786320000000, "GlobalID": "{1904F172-A2B2-4C4B-9E67-230FB687014C}", "URL": "https://aca-prod.accela.com/TAMPA/Cap/CapDetail.aspx?Module=Planning&TabName=Planning&capID1=26CAP&capID2=00000&capID3=020LA&agencyCode=TAMPA"}}, {"type": "Feature", "id": 206, "geometry": {"type": "Point", "coordinates": [-82.51627813373965, 27.948621295949085]}, "properties": {"OBJECTID": 206, "RECORDID": "DE2-26-0000022", "ADDRESS": "4311 W Gray St", "UNIT": "1-4", "APPSTATUS": "In Process", "TENTATIVEHEARING": "N/A", "TENTATIVETIME": "", "RECORDALIAS": "Design Exception 2", "MAPDOT": "Design Exceptions", "CRA": null, "NEIGHBORHOOD": "Westshore Palms", "COUNCILDISTRICT": "6", "CREATEDDATE": 1784678400000, "LASTUPDATE": 1786320000000, "GlobalID": "{2A7A0B5B-5DC7-4BD2-87EC-7AC59D605A16}", "URL": "https://aca-prod.accela.com/TAMPA/Cap/CapDetail.aspx?Module=Planning&TabName=Planning&capID1=26CAP&capID2=00000&capID3=020LB&agencyCode=TAMPA"}}, {"type": "Feature", "id": 207, "geometry": {"type": "Point", "coordinates": [-82.46264421411172, 27.99524370465618]}, "properties": {"OBJECTID": 207, "RECORDID": "SU1-26-0000072", "ADDRESS": "322 W Giddens Ave", "UNIT": "", "APPSTATUS": "Awaiting Client Reply", "TENTATIVEHEARING": "N/A", "TENTATIVETIME": "", "RECORDALIAS": "Special Use 1 - General", "MAPDOT": "Special Use Cases", "CRA": null, "NEIGHBORHOOD": "South Seminole Heights", "COUNCILDISTRICT": "6", "CREATEDDATE": 1784678400000, "LASTUPDATE": 1784851200000, "GlobalID": "{6C37DF5D-71DB-4B7D-A35F-F519CF81FFA0}", "URL": "https://aca-prod.accela.com/TAMPA/Cap/CapDetail.aspx?Module=Planning&TabName=Planning&capID1=26CAP&capID2=00000&capID3=020P2&agencyCode=TAMPA"}}, {"type": "Feature", "id": 208, "geometry": {"type": "Point", "coordinates": [-82.4870680284935, 27.925413220729975]}, "properties": {"OBJECTID": 208, "RECORDID": "REZ-26-0000112", "ADDRESS": "2502 W Kansas Ave", "UNIT": "", "APPSTATUS": "In Process", "TENTATIVEHEARING": "12/10/2026", "TENTATIVETIME": "17:01", "RECORDALIAS": "Rezoning", "MAPDOT": "Rezoning", "CRA": null, "NEIGHBORHOOD": "Bayshore Gardens", "COUNCILDISTRICT": "4", "CREATEDDATE": 1784764800000, "LASTUPDATE": 1787184000000, "GlobalID": "{638BFCA0-BDFB-4D79-AB55-0FB395255D97}", "URL": "https://aca-prod.accela.com/TAMPA/Cap/CapDetail.aspx?Module=Planning&TabName=Planning&capID1=26CAP&capID2=00000&capID3=020ZS&agencyCode=TAMPA"}}, {"type": "Feature", "id": 209, "geometry": {"type": "Point", "coordinates": [-82.47187573727673, 27.966864545158852]}, "properties": {"OBJECTID": 209, "RECORDID": "VRB-26-0000113", "ADDRESS": "902 W Columbus Dr", "UNIT": "1/2", "APPSTATUS": "In Process", "TENTATIVEHEARING": "N/A", "TENTATIVETIME": "", "RECORDALIAS": "Variance Review Board", "MAPDOT": "Variances", "CRA": null, "NEIGHBORHOOD": "Ridgewood Park", "COUNCILDISTRICT": "5", "CREATEDDATE": 1784764800000, "LASTUPDATE": 1786924800000, "GlobalID": "{CC175078-043D-4D1D-ACDC-6F3558FCC16A}", "URL": "https://aca-prod.accela.com/TAMPA/Cap/CapDetail.aspx?Module=Planning&TabName=Planning&capID1=26CAP&capID2=00000&capID3=0218M&agencyCode=TAMPA"}}, {"type": "Feature", "id": 210, "geometry": {"type": "Point", "coordinates": [-82.51865832421848, 27.890566593094444]}, "properties": {"OBJECTID": 210, "RECORDID": "VRB-26-0000114", "ADDRESS": "4408 W Price Ave", "UNIT": "", "APPSTATUS": "Awaiting Client Reply", "TENTATIVEHEARING": "N/A", "TENTATIVETIME": "", "RECORDALIAS": "Variance Review Board", "MAPDOT": "Variances", "CRA": null, "NEIGHBORHOOD": "Gandy / Sun Bay South", "COUNCILDISTRICT": "4", "CREATEDDATE": 1784851200000, "LASTUPDATE": 1787097600000, "GlobalID": "{2718F5B1-45D6-4A3C-8E76-BC14E2888063}", "URL": "https://aca-prod.accela.com/TAMPA/Cap/CapDetail.aspx?Module=Planning&TabName=Planning&capID1=26CAP&capID2=00000&capID3=021CA&agencyCode=TAMPA"}}, {"type": "Feature", "id": 211, "geometry": {"type": "Point", "coordinates": [-82.50419632435376, 27.906423312109176]}, "properties": {"OBJECTID": 211, "RECORDID": "AB1-26-0000026", "ADDRESS": "3904 Britton Plz", "UNIT": "", "APPSTATUS": "Awaiting Client Reply", "TENTATIVEHEARING": "N/A", "TENTATIVETIME": "", "RECORDALIAS": "AB Special Use 1 - Standard", "MAPDOT": "Special Use Cases - Alcoholic Beverage Sales", "CRA": null, "NEIGHBORHOOD": "FairOaks Manhattan", "COUNCILDISTRICT": "4", "CREATEDDATE": 1785024000000, "LASTUPDATE": 1786060800000, "GlobalID": "{77809D44-43EE-4768-8F46-0050E64E2939}", "URL": "https://aca-prod.accela.com/TAMPA/Cap/CapDetail.aspx?Module=Planning&TabName=Planning&capID1=26CAP&capID2=00000&capID3=021LX&agencyCode=TAMPA"}}, {"type": "Feature", "id": 212, "geometry": {"type": "Point", "coordinates": [-82.45416638058813, 28.016078704232505]}, "properties": {"OBJECTID": 212, "RECORDID": "SU1-26-0000073", "ADDRESS": "703 E Broad St", "UNIT": "", "APPSTATUS": "In Process", "TENTATIVEHEARING": "N/A", "TENTATIVETIME": "", "RECORDALIAS": "Special Use 1 - General", "MAPDOT": "Special Use Cases", "CRA": null, "NEIGHBORHOOD": "Old Seminole Heights", "COUNCILDISTRICT": "6", "CREATEDDATE": 1785110400000, "LASTUPDATE": 1787011200000, "GlobalID": "{020E083B-F10C-45DF-AF66-8435DE1670F8}", "URL": "https://aca-prod.accela.com/TAMPA/Cap/CapDetail.aspx?Module=Planning&TabName=Planning&capID1=26CAP&capID2=00000&capID3=021TC&agencyCode=TAMPA"}}, {"type": "Feature", "id": 213, "geometry": {"type": "Point", "coordinates": [-82.50744704170928, 27.99595701575502]}, "properties": {"OBJECTID": 213, "RECORDID": "DE1-26-0000171", "ADDRESS": "3908 W Hillsborough Ave", "UNIT": "", "APPSTATUS": "In Process", "TENTATIVEHEARING": "N/A", "TENTATIVETIME": "", "RECORDALIAS": "Design Exception 1", "MAPDOT": "Design Exceptions", "CRA": "Drew Park", "NEIGHBORHOOD": "Drew Park", "COUNCILDISTRICT": "6", "CREATEDDATE": 1785196800000, "LASTUPDATE": 1785801600000, "GlobalID": "{E92EF0FD-C7E7-43BF-9D66-10DE27282F58}", "URL": "https://aca-prod.accela.com/TAMPA/Cap/CapDetail.aspx?Module=Planning&TabName=Planning&capID1=26CAP&capID2=00000&capID3=0228L&agencyCode=TAMPA"}}, {"type": "Feature", "id": 214, "geometry": {"type": "Point", "coordinates": [-82.50005943310823, 27.96303866610472]}, "properties": {"OBJECTID": 214, "RECORDID": "LND-26-0000126", "ADDRESS": "3432 W Beach St", "UNIT": "", "APPSTATUS": "Awaiting Client Reply", "TENTATIVEHEARING": "N/A", "TENTATIVETIME": "", "RECORDALIAS": "General Land Use", "MAPDOT": "General Land Use", "CRA": null, "NEIGHBORHOOD": "Macfarlane Park", "COUNCILDISTRICT": "6", "CREATEDDATE": 1785196800000, "LASTUPDATE": 1785283200000, "GlobalID": "{A3272F7F-482E-4CF9-8055-C46B890A2461}", "URL": "https://aca-prod.accela.com/TAMPA/Cap/CapDetail.aspx?Module=Planning&TabName=Planning&capID1=26CAP&capID2=00000&capID3=0229N&agencyCode=TAMPA"}}, {"type": "Feature", "id": 215, "geometry": {"type": "Point", "coordinates": [-82.39864984533514, 28.044188210486265]}, "properties": {"OBJECTID": 215, "RECORDID": "VRB-26-0000115", "ADDRESS": "5125 E Holland Ave", "UNIT": "", "APPSTATUS": "Awaiting Client Reply", "TENTATIVEHEARING": "N/A", "TENTATIVETIME": "", "RECORDALIAS": "Variance Review Board", "MAPDOT": "Variances", "CRA": null, "NEIGHBORHOOD": "Terrace Park", "COUNCILDISTRICT": "7", "CREATEDDATE": 1785283200000, "LASTUPDATE": 1786924800000, "GlobalID": "{2DE1F436-45AF-4F17-BFE4-C0D62307F067}", "URL": "https://aca-prod.accela.com/TAMPA/Cap/CapDetail.aspx?Module=Planning&TabName=Planning&capID1=26CAP&capID2=00000&capID3=022J3&agencyCode=TAMPA"}}, {"type": "Feature", "id": 216, "geometry": {"type": "Point", "coordinates": [-82.46615844547247, 27.966863507918358]}, "properties": {"OBJECTID": 216, "RECORDID": "REZ-26-0000113", "ADDRESS": "404 W Columbus Dr", "UNIT": "A-C", "APPSTATUS": "Awaiting Client Reply", "TENTATIVEHEARING": "N/A", "TENTATIVETIME": "", "RECORDALIAS": "Rezoning", "MAPDOT": "Rezoning", "CRA": null, "NEIGHBORHOOD": "Tampa Heights", "COUNCILDISTRICT": "5", "CREATEDDATE": 1785369600000, "LASTUPDATE": 1786924800000, "GlobalID": "{241989CC-7F2D-4060-9F57-1368E66A72AB}", "URL": "https://aca-prod.accela.com/TAMPA/Cap/CapDetail.aspx?Module=Planning&TabName=Planning&capID1=26CAP&capID2=00000&capID3=022V5&agencyCode=TAMPA"}}, {"type": "Feature", "id": 217, "geometry": {"type": "Point", "coordinates": [-82.53352999062363, 27.94066250616922]}, "properties": {"OBJECTID": 217, "RECORDID": "DE2-26-0000023", "ADDRESS": "35 W Spanish Main St", "UNIT": "", "APPSTATUS": "In Process", "TENTATIVEHEARING": "N/A", "TENTATIVETIME": "", "RECORDALIAS": "Design Exception 2", "MAPDOT": "Design Exceptions", "CRA": null, "NEIGHBORHOOD": "Beach Park", "COUNCILDISTRICT": "6", "CREATEDDATE": 1785369600000, "LASTUPDATE": 1785888000000, "GlobalID": "{55E929F0-A810-4DB2-A1B6-6335A1269CE8}", "URL": "https://aca-prod.accela.com/TAMPA/Cap/CapDetail.aspx?Module=Planning&TabName=Planning&capID1=26CAP&capID2=00000&capID3=022VD&agencyCode=TAMPA"}}, {"type": "Feature", "id": 218, "geometry": {"type": "Point", "coordinates": [-82.43150258654599, 27.966748349496562]}, "properties": {"OBJECTID": 218, "RECORDID": "TSE-26-0000032", "ADDRESS": "2511 E Columbus Dr", "UNIT": "", "APPSTATUS": "In Process", "TENTATIVEHEARING": "N/A", "TENTATIVETIME": "", "RECORDALIAS": "Temp Special Event", "MAPDOT": "", "CRA": "East Tampa", "NEIGHBORHOOD": "North Ybor", "COUNCILDISTRICT": "5", "CREATEDDATE": 1785369600000, "LASTUPDATE": 1786579200000, "GlobalID": "{ECDE0785-14A2-42CE-BC9E-47B46960CDF6}", "URL": "https://aca-prod.accela.com/TAMPA/Cap/CapDetail.aspx?Module=Planning&TabName=Planning&capID1=26CAP&capID2=00000&capID3=022WP&agencyCode=TAMPA"}}, {"type": "Feature", "id": 219, "geometry": {"type": "Point", "coordinates": [-82.5180442483109, 27.909986202791085]}, "properties": {"OBJECTID": 219, "RECORDID": "DE1-26-0000172", "ADDRESS": "3639 S Manhattan Ave", "UNIT": "", "APPSTATUS": "In Process", "TENTATIVEHEARING": "N/A", "TENTATIVETIME": "", "RECORDALIAS": "Design Exception 1", "MAPDOT": "Design Exceptions", "CRA": null, "NEIGHBORHOOD": "Belmar Gardens", "COUNCILDISTRICT": "4", "CREATEDDATE": 1785456000000, "LASTUPDATE": 1785888000000, "GlobalID": "{50B2C6A1-34AA-4C03-A06F-B244AAA4A2E0}", "URL": "https://aca-prod.accela.com/TAMPA/Cap/CapDetail.aspx?Module=Planning&TabName=Planning&capID1=26CAP&capID2=00000&capID3=0231C&agencyCode=TAMPA"}}, {"type": "Feature", "id": 220, "geometry": {"type": "Point", "coordinates": [-82.48874676138728, 27.921030010224474]}, "properties": {"OBJECTID": 220, "RECORDID": "VRB-26-0000116", "ADDRESS": "2715 Bayshore Blvd", "UNIT": "", "APPSTATUS": "In Process", "TENTATIVEHEARING": "N/A", "TENTATIVETIME": "", "RECORDALIAS": "Variance Review Board", "MAPDOT": "Variances", "CRA": null, "NEIGHBORHOOD": "Bayshore Gardens", "COUNCILDISTRICT": "4", "CREATEDDATE": 1785456000000, "LASTUPDATE": 1786924800000, "GlobalID": "{7274D6D2-B79B-4308-8A8B-0B735E56027A}", "URL": "https://aca-prod.accela.com/TAMPA/Cap/CapDetail.aspx?Module=Planning&TabName=Planning&capID1=26CAP&capID2=00000&capID3=0233G&agencyCode=TAMPA"}}, {"type": "Feature", "id": 221, "geometry": {"type": "Point", "coordinates": [-82.48189284129978, 27.94703367008074]}, "properties": {"OBJECTID": 221, "RECORDID": "LND-26-0000127", "ADDRESS": "307 N Westland Ave", "UNIT": "", "APPSTATUS": "In Process", "TENTATIVEHEARING": "N/A", "TENTATIVETIME": "", "RECORDALIAS": "General Land Use", "MAPDOT": "General Land Use", "CRA": "West Tampa", "NEIGHBORHOOD": "North Hyde Park", "COUNCILDISTRICT": "5", "CREATEDDATE": 1785456000000, "LASTUPDATE": 1785974400000, "GlobalID": "{329DBD8D-4E25-4ABC-BABF-B537C5E263FE}", "URL": "https://aca-prod.accela.com/TAMPA/Cap/CapDetail.aspx?Module=Planning&TabName=Planning&capID1=26CAP&capID2=00000&capID3=0235G&agencyCode=TAMPA"}}, {"type": "Feature", "id": 222, "geometry": {"type": "Point", "coordinates": [-82.40106188003418, 27.976422230825374]}, "properties": {"OBJECTID": 222, "RECORDID": "LND-26-0000129", "ADDRESS": "3620 Temple St", "UNIT": "", "APPSTATUS": "In Process", "TENTATIVEHEARING": "N/A", "TENTATIVETIME": "", "RECORDALIAS": "General Land Use", "MAPDOT": "General Land Use", "CRA": "East Tampa", "NEIGHBORHOOD": "Grant Park", "COUNCILDISTRICT": "5", "CREATEDDATE": 1785801600000, "LASTUPDATE": 1787184000000, "GlobalID": "{6C520E51-EE06-467F-9441-F42DE617E323}", "URL": "https://aca-prod.accela.com/TAMPA/Cap/CapDetail.aspx?Module=Planning&TabName=Planning&capID1=26CAP&capID2=00000&capID3=023QT&agencyCode=TAMPA"}}, {"type": "Feature", "id": 223, "geometry": {"type": "Point", "coordinates": [-82.47994771948945, 27.944787854518523]}, "properties": {"OBJECTID": 223, "RECORDID": "REZ-26-0000114", "ADDRESS": "2001 W Kennedy Blvd", "UNIT": "", "APPSTATUS": "In Process", "TENTATIVEHEARING": "12/10/2026", "TENTATIVETIME": "17:01", "RECORDALIAS": "Rezoning", "MAPDOT": "Rezoning", "CRA": "West Tampa", "NEIGHBORHOOD": "North Hyde Park", "COUNCILDISTRICT": "5", "CREATEDDATE": 1785801600000, "LASTUPDATE": 1787097600000, "GlobalID": "{1289CDAF-DBB8-4ECA-A42E-1E2521CD46C0}", "URL": "https://aca-prod.accela.com/TAMPA/Cap/CapDetail.aspx?Module=Planning&TabName=Planning&capID1=26CAP&capID2=00000&capID3=023YM&agencyCode=TAMPA"}}, {"type": "Feature", "id": 224, "geometry": {"type": "Point", "coordinates": [-82.4376491354659, 27.970429171306602]}, "properties": {"OBJECTID": 224, "RECORDID": "SU1-26-0000075", "ADDRESS": "1913 E 21st Ave", "UNIT": "", "APPSTATUS": "Open", "TENTATIVEHEARING": "N/A", "TENTATIVETIME": "", "RECORDALIAS": "Special Use 1 - General", "MAPDOT": "Special Use Cases", "CRA": "East Tampa", "NEIGHBORHOOD": "North Ybor", "COUNCILDISTRICT": "5", "CREATEDDATE": 1785888000000, "LASTUPDATE": 1787184000000, "GlobalID": "{467B81A3-905A-4F90-9DC6-0A7087941106}", "URL": "https://aca-prod.accela.com/TAMPA/Cap/CapDetail.aspx?Module=Planning&TabName=Planning&capID1=26CAP&capID2=00000&capID3=02427&agencyCode=TAMPA"}}, {"type": "Feature", "id": 225, "geometry": {"type": "Point", "coordinates": [-82.48647441512863, 27.964476524659535]}, "properties": {"OBJECTID": 225, "RECORDID": "DE1-26-0000173", "ADDRESS": "2618 W Saint John St", "UNIT": "", "APPSTATUS": "In Process", "TENTATIVEHEARING": "N/A", "TENTATIVETIME": "", "RECORDALIAS": "Design Exception 1", "MAPDOT": "Design Exceptions", "CRA": null, "NEIGHBORHOOD": "Macfarlane Park", "COUNCILDISTRICT": "6", "CREATEDDATE": 1785888000000, "LASTUPDATE": 1785974400000, "GlobalID": "{42DEA120-7694-4B5C-ABC0-80635F883ACF}", "URL": "https://aca-prod.accela.com/TAMPA/Cap/CapDetail.aspx?Module=Planning&TabName=Planning&capID1=26CAP&capID2=00000&capID3=0246I&agencyCode=TAMPA"}}, {"type": "Feature", "id": 226, "geometry": {"type": "Point", "coordinates": [-82.48085270094396, 27.98124050066437]}, "properties": {"OBJECTID": 226, "RECORDID": "FDN-26-0000116", "ADDRESS": "2112 W Dr Martin Luther King Jr Blvd", "UNIT": "", "APPSTATUS": "In Process", "TENTATIVEHEARING": "N/A", "TENTATIVETIME": "", "RECORDALIAS": "Formal Decision", "MAPDOT": "Formal Decision", "CRA": null, "NEIGHBORHOOD": "West Riverside Heights", "COUNCILDISTRICT": "6", "CREATEDDATE": 1785888000000, "LASTUPDATE": 1786579200000, "GlobalID": "{26B9E756-7C0D-4203-9171-5A08FAF1FD6C}", "URL": "https://aca-prod.accela.com/TAMPA/Cap/CapDetail.aspx?Module=Planning&TabName=Planning&capID1=26CAP&capID2=00000&capID3=0246Y&agencyCode=TAMPA"}}, {"type": "Feature", "id": 227, "geometry": {"type": "Point", "coordinates": [-82.45125191911593, 28.0467321709164]}, "properties": {"OBJECTID": 227, "RECORDID": "DE1-26-0000174", "ADDRESS": "10824 N Nebraska Ave", "UNIT": "", "APPSTATUS": "In Process", "TENTATIVEHEARING": "N/A", "TENTATIVETIME": "", "RECORDALIAS": "Design Exception 1", "MAPDOT": "Design Exceptions", "CRA": null, "NEIGHBORHOOD": "North Tampa Community", "COUNCILDISTRICT": "7", "CREATEDDATE": 1785974400000, "LASTUPDATE": 1787184000000, "GlobalID": "{83C3E904-B611-4CB4-BD25-E1CE42D21151}", "URL": "https://aca-prod.accela.com/TAMPA/Cap/CapDetail.aspx?Module=Planning&TabName=Planning&capID1=26CAP&capID2=00000&capID3=024GT&agencyCode=TAMPA"}}, {"type": "Feature", "id": 228, "geometry": {"type": "Point", "coordinates": [-82.4957408206836, 27.921859709402565]}, "properties": {"OBJECTID": 228, "RECORDID": "DE1-26-0000175", "ADDRESS": "3223 W Barcelona St", "UNIT": "A", "APPSTATUS": "In Process", "TENTATIVEHEARING": "N/A", "TENTATIVETIME": "", "RECORDALIAS": "Design Exception 1", "MAPDOT": "Design Exceptions", "CRA": null, "NEIGHBORHOOD": "Palma Ceia", "COUNCILDISTRICT": "4", "CREATEDDATE": 1785974400000, "LASTUPDATE": 1786406400000, "GlobalID": "{A3EC5DD3-CF38-4BAF-98DB-96D0BA617F98}", "URL": "https://aca-prod.accela.com/TAMPA/Cap/CapDetail.aspx?Module=Planning&TabName=Planning&capID1=26CAP&capID2=00000&capID3=024LA&agencyCode=TAMPA"}}, {"type": "Feature", "id": 229, "geometry": {"type": "Point", "coordinates": [-82.53052867619031, 27.953358450837722]}, "properties": {"OBJECTID": 229, "RECORDID": "SU1-26-0000077", "ADDRESS": "5119 W Grace St", "UNIT": "", "APPSTATUS": "In Process", "TENTATIVEHEARING": "N/A", "TENTATIVETIME": "", "RECORDALIAS": "Special Use 1 - General", "MAPDOT": "Special Use Cases", "CRA": null, "NEIGHBORHOOD": "Westshore", "COUNCILDISTRICT": "6", "CREATEDDATE": 1785974400000, "LASTUPDATE": 1786406400000, "GlobalID": "{A6896AC6-55F4-4ADD-8B4F-D578DA863DE3}", "URL": "https://aca-prod.accela.com/TAMPA/Cap/CapDetail.aspx?Module=Planning&TabName=Planning&capID1=26CAP&capID2=00000&capID3=024MJ&agencyCode=TAMPA"}}, {"type": "Feature", "id": 230, "geometry": {"type": "Point", "coordinates": [-82.36867069681904, 28.160963915914564]}, "properties": {"OBJECTID": 230, "RECORDID": "VRB-26-0000117", "ADDRESS": "8514 Sandpiper Ridge Ave", "UNIT": "", "APPSTATUS": "In Process", "TENTATIVEHEARING": "N/A", "TENTATIVETIME": "", "RECORDALIAS": "Variance Review Board", "MAPDOT": "Variances", "CRA": null, "NEIGHBORHOOD": "New Tampa", "COUNCILDISTRICT": "7", "CREATEDDATE": 1785974400000, "LASTUPDATE": 1787184000000, "GlobalID": "{AB6D3D28-2808-4548-A2A3-44EA73A640AD}", "URL": "https://aca-prod.accela.com/TAMPA/Cap/CapDetail.aspx?Module=Planning&TabName=Planning&capID1=26CAP&capID2=00000&capID3=024P5&agencyCode=TAMPA"}}, {"type": "Feature", "id": 231, "geometry": {"type": "Point", "coordinates": [-82.45308199367807, 27.95646029553054]}, "properties": {"OBJECTID": 231, "RECORDID": "DE1-26-0000176", "ADDRESS": "1220 Scott St", "UNIT": "", "APPSTATUS": "Awaiting Client Reply", "TENTATIVEHEARING": "N/A", "TENTATIVETIME": "", "RECORDALIAS": "Design Exception 1", "MAPDOT": "Design Exceptions", "CRA": "Central Park", "NEIGHBORHOOD": "Encore", "COUNCILDISTRICT": "5", "CREATEDDATE": 1786060800000, "LASTUPDATE": 1787097600000, "GlobalID": "{1EB85AE2-FEED-4716-83AC-8327BC74FF70}", "URL": "https://aca-prod.accela.com/TAMPA/Cap/CapDetail.aspx?Module=Planning&TabName=Planning&capID1=26CAP&capID2=00000&capID3=0250X&agencyCode=TAMPA"}}, {"type": "Feature", "id": 232, "geometry": {"type": "Point", "coordinates": [-82.49970338804054, 27.95353214196327]}, "properties": {"OBJECTID": 232, "RECORDID": "FDN-26-0000117", "ADDRESS": "3410 W Nassau St", "UNIT": "", "APPSTATUS": "Awaiting Client Reply", "TENTATIVEHEARING": "N/A", "TENTATIVETIME": "", "RECORDALIAS": "Formal Decision", "MAPDOT": "Formal Decision", "CRA": null, "NEIGHBORHOOD": "Midtown Tampa", "COUNCILDISTRICT": "6", "CREATEDDATE": 1786060800000, "LASTUPDATE": 1787097600000, "GlobalID": "{7F0C4C46-F8DC-489F-950A-7A5E7099081F}", "URL": "https://aca-prod.accela.com/TAMPA/Cap/CapDetail.aspx?Module=Planning&TabName=Planning&capID1=26CAP&capID2=00000&capID3=0252G&agencyCode=TAMPA"}}, {"type": "Feature", "id": 233, "geometry": {"type": "Point", "coordinates": [-82.41261525776359, 28.024495325247486]}, "properties": {"OBJECTID": 233, "RECORDID": "REZ-26-0000115", "ADDRESS": "4324 E Grove View Ave", "UNIT": "", "APPSTATUS": "Awaiting Client Reply", "TENTATIVEHEARING": "N/A", "TENTATIVETIME": "", "RECORDALIAS": "Rezoning", "MAPDOT": "Rezoning", "CRA": null, "NEIGHBORHOOD": "Temple Crest", "COUNCILDISTRICT": "5", "CREATEDDATE": 1786060800000, "LASTUPDATE": 1786406400000, "GlobalID": "{FB8A69FC-19BA-4D96-A861-5C47FC2FDA9C}", "URL": "https://aca-prod.accela.com/TAMPA/Cap/CapDetail.aspx?Module=Planning&TabName=Planning&capID1=26CAP&capID2=00000&capID3=0252M&agencyCode=TAMPA"}}, {"type": "Feature", "id": 234, "geometry": {"type": "Point", "coordinates": [-82.45236749522476, 27.924639447104244]}, "properties": {"OBJECTID": 234, "RECORDID": "VRB-26-0000118", "ADDRESS": "404 E Davis Blvd", "UNIT": "", "APPSTATUS": "In Process", "TENTATIVEHEARING": "N/A", "TENTATIVETIME": "", "RECORDALIAS": "Variance Review Board", "MAPDOT": "Variances", "CRA": null, "NEIGHBORHOOD": "Davis Islands", "COUNCILDISTRICT": "4", "CREATEDDATE": 1786147200000, "LASTUPDATE": 1787011200000, "GlobalID": "{FDBBDFB4-B7D0-44A9-ADA8-4161CB832739}", "URL": "https://aca-prod.accela.com/TAMPA/Cap/CapDetail.aspx?Module=Planning&TabName=Planning&capID1=26CAP&capID2=00000&capID3=02535&agencyCode=TAMPA"}}, {"type": "Feature", "id": 235, "geometry": {"type": "Point", "coordinates": [-82.40363857506361, 28.047269841132234]}, "properties": {"OBJECTID": 235, "RECORDID": "DE1-26-0000178", "ADDRESS": "4902 E Whiteway Dr", "UNIT": "", "APPSTATUS": "In Process", "TENTATIVEHEARING": "N/A", "TENTATIVETIME": "", "RECORDALIAS": "Design Exception 1", "MAPDOT": "Design Exceptions", "CRA": null, "NEIGHBORHOOD": "Terrace Park", "COUNCILDISTRICT": "7", "CREATEDDATE": 1786320000000, "LASTUPDATE": 1787184000000, "GlobalID": "{7C1EF1B3-083D-4E7C-B07E-A74C4AFE3CF4}", "URL": "https://aca-prod.accela.com/TAMPA/Cap/CapDetail.aspx?Module=Planning&TabName=Planning&capID1=26CAP&capID2=00000&capID3=025CX&agencyCode=TAMPA"}}, {"type": "Feature", "id": 236, "geometry": {"type": "Point", "coordinates": [-82.52416521573421, 27.94629161233432]}, "properties": {"OBJECTID": 236, "RECORDID": "REZ-26-0000116", "ADDRESS": "253 N West Shore Blvd", "UNIT": "", "APPSTATUS": "Awaiting Client Reply", "TENTATIVEHEARING": "N/A", "TENTATIVETIME": "", "RECORDALIAS": "Rezoning", "MAPDOT": "Rezoning", "CRA": null, "NEIGHBORHOOD": "Westshore Palms", "COUNCILDISTRICT": "6", "CREATEDDATE": 1786320000000, "LASTUPDATE": 1787184000000, "GlobalID": "{C376622B-F60A-4E91-8AFA-47A47231CF87}", "URL": "https://aca-prod.accela.com/TAMPA/Cap/CapDetail.aspx?Module=Planning&TabName=Planning&capID1=26CAP&capID2=00000&capID3=025D6&agencyCode=TAMPA"}}, {"type": "Feature", "id": 237, "geometry": {"type": "Point", "coordinates": [-82.48715237781066, 27.962269585970702]}, "properties": {"OBJECTID": 237, "RECORDID": "LND-26-0000131", "ADDRESS": "2704 W Palmetto St", "UNIT": "", "APPSTATUS": "Awaiting Client Reply", "TENTATIVEHEARING": "N/A", "TENTATIVETIME": "", "RECORDALIAS": "General Land Use", "MAPDOT": "General Land Use", "CRA": null, "NEIGHBORHOOD": "Macfarlane Park", "COUNCILDISTRICT": "6", "CREATEDDATE": 1786406400000, "LASTUPDATE": 1786492800000, "GlobalID": "{18CC1E3B-40BD-4F9A-A732-A70EF293CF59}", "URL": "https://aca-prod.accela.com/TAMPA/Cap/CapDetail.aspx?Module=Planning&TabName=Planning&capID1=26CAP&capID2=00000&capID3=025PB&agencyCode=TAMPA"}}, {"type": "Feature", "id": 238, "geometry": {"type": "Point", "coordinates": [-82.47257864568147, 28.04657191017185]}, "properties": {"OBJECTID": 238, "RECORDID": "VRB-26-0000119", "ADDRESS": "10702 N Oregon Ave", "UNIT": "", "APPSTATUS": "Awaiting Client Reply", "TENTATIVEHEARING": "N/A", "TENTATIVETIME": "", "RECORDALIAS": "Variance Review Board", "MAPDOT": "Variances", "CRA": null, "NEIGHBORHOOD": "Forest Hills", "COUNCILDISTRICT": "7", "CREATEDDATE": 1786406400000, "LASTUPDATE": 1787011200000, "GlobalID": "{D39D1BE6-0A4A-4278-826E-2D83F3323F53}", "URL": "https://aca-prod.accela.com/TAMPA/Cap/CapDetail.aspx?Module=Planning&TabName=Planning&capID1=26CAP&capID2=00000&capID3=025Q8&agencyCode=TAMPA"}}, {"type": "Feature", "id": 239, "geometry": {"type": "Point", "coordinates": [-82.44621477049736, 28.017444305187936]}, "properties": {"OBJECTID": 239, "RECORDID": "DE1-26-0000179", "ADDRESS": "1216 E Park Cir", "UNIT": "", "APPSTATUS": "In Process", "TENTATIVEHEARING": "N/A", "TENTATIVETIME": "", "RECORDALIAS": "Design Exception 1", "MAPDOT": "Design Exceptions", "CRA": null, "NEIGHBORHOOD": "Old Seminole Heights", "COUNCILDISTRICT": "6", "CREATEDDATE": 1786406400000, "LASTUPDATE": 1786665600000, "GlobalID": "{CB015FAF-2094-4360-A209-B10E3763A159}", "URL": "https://aca-prod.accela.com/TAMPA/Cap/CapDetail.aspx?Module=Planning&TabName=Planning&capID1=26CAP&capID2=00000&capID3=025RC&agencyCode=TAMPA"}}, {"type": "Feature", "id": 240, "geometry": {"type": "Point", "coordinates": [-82.52899017289167, 27.890673462539638]}, "properties": {"OBJECTID": 240, "RECORDID": "VRB-26-0000120", "ADDRESS": "4908 W Price Ave", "UNIT": "", "APPSTATUS": "In Process", "TENTATIVEHEARING": "N/A", "TENTATIVETIME": "", "RECORDALIAS": "Variance Review Board", "MAPDOT": "Variances", "CRA": null, "NEIGHBORHOOD": "Gandy / Sun Bay South", "COUNCILDISTRICT": "4", "CREATEDDATE": 1786492800000, "LASTUPDATE": 1787097600000, "GlobalID": "{C61338AA-BD16-4474-8992-6EF012FD2C1E}", "URL": "https://aca-prod.accela.com/TAMPA/Cap/CapDetail.aspx?Module=Planning&TabName=Planning&capID1=26CAP&capID2=00000&capID3=025YX&agencyCode=TAMPA"}}, {"type": "Feature", "id": 241, "geometry": {"type": "Point", "coordinates": [-82.47052535139485, 27.94405758840899]}, "properties": {"OBJECTID": 241, "RECORDID": "FDN-26-0000118", "ADDRESS": "108 S Delaware Ave", "UNIT": "", "APPSTATUS": "Awaiting Client Reply", "TENTATIVEHEARING": "N/A", "TENTATIVETIME": "", "RECORDALIAS": "Formal Decision", "MAPDOT": "Formal Decision", "CRA": null, "NEIGHBORHOOD": "Hyde Park Spanishtown Creek", "COUNCILDISTRICT": "4", "CREATEDDATE": 1786492800000, "LASTUPDATE": 1787097600000, "GlobalID": "{34EBE9FA-38BA-44D6-A994-054D5B7C55D5}", "URL": "https://aca-prod.accela.com/TAMPA/Cap/CapDetail.aspx?Module=Planning&TabName=Planning&capID1=26CAP&capID2=00000&capID3=025ZZ&agencyCode=TAMPA"}}, {"type": "Feature", "id": 242, "geometry": {"type": "Point", "coordinates": [-82.5225948343383, 27.90532537276529]}, "properties": {"OBJECTID": 242, "RECORDID": "DE1-26-0000180", "ADDRESS": "4017 S Trask St", "UNIT": "", "APPSTATUS": "In Process", "TENTATIVEHEARING": "N/A", "TENTATIVETIME": "", "RECORDALIAS": "Design Exception 1", "MAPDOT": "Design Exceptions", "CRA": null, "NEIGHBORHOOD": "Bayside West", "COUNCILDISTRICT": "4", "CREATEDDATE": 1786492800000, "LASTUPDATE": 1787184000000, "GlobalID": "{25EF8AAA-FD19-4D48-9F21-5DDBB5212D09}", "URL": "https://aca-prod.accela.com/TAMPA/Cap/CapDetail.aspx?Module=Planning&TabName=Planning&capID1=26CAP&capID2=00000&capID3=0260C&agencyCode=TAMPA"}}, {"type": "Feature", "id": 243, "geometry": {"type": "Point", "coordinates": [-82.38925526982675, 27.966845547725114]}, "properties": {"OBJECTID": 243, "RECORDID": "DE1-26-0000181", "ADDRESS": "5804 E Columbus Dr", "UNIT": "", "APPSTATUS": "Awaiting Client Reply", "TENTATIVEHEARING": "N/A", "TENTATIVETIME": "", "RECORDALIAS": "Design Exception 1", "MAPDOT": "Design Exceptions", "CRA": null, "NEIGHBORHOOD": "East Side Commercial", "COUNCILDISTRICT": "5", "CREATEDDATE": 1786492800000, "LASTUPDATE": 1786579200000, "GlobalID": "{21B25E60-3FA4-4E43-B25D-286F6F740581}", "URL": "https://aca-prod.accela.com/TAMPA/Cap/CapDetail.aspx?Module=Planning&TabName=Planning&capID1=26CAP&capID2=00000&capID3=0263P&agencyCode=TAMPA"}}, {"type": "Feature", "id": 244, "geometry": {"type": "Point", "coordinates": [-82.46773987097065, 27.966097324606505]}, "properties": {"OBJECTID": 244, "RECORDID": "VRB-26-0000121", "ADDRESS": "2502 N Boulevard", "UNIT": "", "APPSTATUS": "In Process", "TENTATIVEHEARING": "N/A", "TENTATIVETIME": "", "RECORDALIAS": "Variance Review Board", "MAPDOT": "Variances", "CRA": null, "NEIGHBORHOOD": "Ridgewood Park", "COUNCILDISTRICT": "5", "CREATEDDATE": 1786492800000, "LASTUPDATE": 1787011200000, "GlobalID": "{B0895A9A-56D6-42B6-B029-14E72E542330}", "URL": "https://aca-prod.accela.com/TAMPA/Cap/CapDetail.aspx?Module=Planning&TabName=Planning&capID1=26CAP&capID2=00000&capID3=0265N&agencyCode=TAMPA"}}, {"type": "Feature", "id": 245, "geometry": {"type": "Point", "coordinates": [-82.5188364065028, 27.868388704254087]}, "properties": {"OBJECTID": 245, "RECORDID": "LND-26-0000132", "ADDRESS": "4402 W Lancaster St", "UNIT": "", "APPSTATUS": "In Process", "TENTATIVEHEARING": "N/A", "TENTATIVETIME": "", "RECORDALIAS": "General Land Use", "MAPDOT": "General Land Use", "CRA": null, "NEIGHBORHOOD": "Port Tampa City, Inc. Civic Association", "COUNCILDISTRICT": "4", "CREATEDDATE": 1786492800000, "LASTUPDATE": 1786924800000, "GlobalID": "{2BA43D09-BAE4-4CD5-84B1-BEA9C010A733}", "URL": "https://aca-prod.accela.com/TAMPA/Cap/CapDetail.aspx?Module=Planning&TabName=Planning&capID1=26CAP&capID2=00000&capID3=0267S&agencyCode=TAMPA"}}, {"type": "Feature", "id": 246, "geometry": {"type": "Point", "coordinates": [-82.51539652982208, 27.889753884470256]}, "properties": {"OBJECTID": 246, "RECORDID": "VRB-26-0000122", "ADDRESS": "5102 S Lois Ave", "UNIT": "", "APPSTATUS": "In Process", "TENTATIVEHEARING": "N/A", "TENTATIVETIME": "", "RECORDALIAS": "Variance Review Board", "MAPDOT": "Variances", "CRA": null, "NEIGHBORHOOD": "Gandy / Sun Bay South", "COUNCILDISTRICT": "4", "CREATEDDATE": 1786492800000, "LASTUPDATE": 1787011200000, "GlobalID": "{F03F1DFF-5F35-40B2-ABAF-EB19F3C1533C}", "URL": "https://aca-prod.accela.com/TAMPA/Cap/CapDetail.aspx?Module=Planning&TabName=Planning&capID1=26CAP&capID2=00000&capID3=0267Z&agencyCode=TAMPA"}}, {"type": "Feature", "id": 247, "geometry": {"type": "Point", "coordinates": [-82.51869402433371, 27.86795634071634]}, "properties": {"OBJECTID": 247, "RECORDID": "LND-26-0000133", "ADDRESS": "6807 S Manhattan Ave", "UNIT": "", "APPSTATUS": "In Process", "TENTATIVEHEARING": "N/A", "TENTATIVETIME": "", "RECORDALIAS": "General Land Use", "MAPDOT": "General Land Use", "CRA": null, "NEIGHBORHOOD": "Port Tampa City, Inc. Civic Association", "COUNCILDISTRICT": "4", "CREATEDDATE": 1786492800000, "LASTUPDATE": 1786924800000, "GlobalID": "{16CC29E6-9130-48A2-BE02-F3A75F873A22}", "URL": "https://aca-prod.accela.com/TAMPA/Cap/CapDetail.aspx?Module=Planning&TabName=Planning&capID1=26CAP&capID2=00000&capID3=0268V&agencyCode=TAMPA"}}, {"type": "Feature", "id": 248, "geometry": {"type": "Point", "coordinates": [-82.44411052219586, 28.015820571390446]}, "properties": {"OBJECTID": 248, "RECORDID": "DE1-26-0000182", "ADDRESS": "1413 E Park Cir", "UNIT": "", "APPSTATUS": "In Process", "TENTATIVEHEARING": "N/A", "TENTATIVETIME": "", "RECORDALIAS": "Design Exception 1", "MAPDOT": "Design Exceptions", "CRA": null, "NEIGHBORHOOD": "Old Seminole Heights", "COUNCILDISTRICT": "6", "CREATEDDATE": 1786579200000, "LASTUPDATE": 1787184000000, "GlobalID": "{67DAAD9C-E261-472D-83D9-69A2658A5FB4}", "URL": "https://aca-prod.accela.com/TAMPA/Cap/CapDetail.aspx?Module=Planning&TabName=Planning&capID1=26CAP&capID2=00000&capID3=026AC&agencyCode=TAMPA"}}, {"type": "Feature", "id": 249, "geometry": {"type": "Point", "coordinates": [-82.4996737043661, 27.95280262247664]}, "properties": {"OBJECTID": 249, "RECORDID": "LND-26-0000134", "ADDRESS": "3408 W Grace St", "UNIT": "", "APPSTATUS": "In Process", "TENTATIVEHEARING": "N/A", "TENTATIVETIME": "", "RECORDALIAS": "General Land Use", "MAPDOT": "General Land Use", "CRA": null, "NEIGHBORHOOD": "Midtown Tampa", "COUNCILDISTRICT": "6", "CREATEDDATE": 1786579200000, "LASTUPDATE": 1786924800000, "GlobalID": "{62864F3F-2F90-4111-B88A-D2C9091A1B92}", "URL": "https://aca-prod.accela.com/TAMPA/Cap/CapDetail.aspx?Module=Planning&TabName=Planning&capID1=26CAP&capID2=00000&capID3=026FJ&agencyCode=TAMPA"}}, {"type": "Feature", "id": 250, "geometry": {"type": "Point", "coordinates": [-82.43656069154248, 28.00341329549247]}, "properties": {"OBJECTID": 250, "RECORDID": "DE1-26-0000183", "ADDRESS": "2008 E Hanna Ave", "UNIT": "", "APPSTATUS": "Awaiting Client Reply", "TENTATIVEHEARING": "N/A", "TENTATIVETIME": "", "RECORDALIAS": "Design Exception 1", "MAPDOT": "Design Exceptions", "CRA": null, "NEIGHBORHOOD": "Old Seminole Heights", "COUNCILDISTRICT": "5", "CREATEDDATE": 1786579200000, "LASTUPDATE": 1786924800000, "GlobalID": "{E5AF14E5-F180-4108-9B16-12AC6436637C}", "URL": "https://aca-prod.accela.com/TAMPA/Cap/CapDetail.aspx?Module=Planning&TabName=Planning&capID1=26CAP&capID2=00000&capID3=026KI&agencyCode=TAMPA"}}, {"type": "Feature", "id": 251, "geometry": {"type": "Point", "coordinates": [-82.44139961590639, 27.97775670468485]}, "properties": {"OBJECTID": 251, "RECORDID": "DE1-26-0000184", "ADDRESS": "1525 E Lake Ave", "UNIT": "", "APPSTATUS": "Awaiting Client Reply", "TENTATIVEHEARING": "N/A", "TENTATIVETIME": "", "RECORDALIAS": "Design Exception 1", "MAPDOT": "Design Exceptions", "CRA": "East Tampa", "NEIGHBORHOOD": "College Hill-Belmont Heights", "COUNCILDISTRICT": "5", "CREATEDDATE": 1786579200000, "LASTUPDATE": 1786924800000, "GlobalID": "{C0561193-7E20-41BB-AF73-BEC5FDA852CC}", "URL": "https://aca-prod.accela.com/TAMPA/Cap/CapDetail.aspx?Module=Planning&TabName=Planning&capID1=26CAP&capID2=00000&capID3=026L1&agencyCode=TAMPA"}}, {"type": "Feature", "id": 252, "geometry": {"type": "Point", "coordinates": [-82.44247425553174, 27.977520295359902]}, "properties": {"OBJECTID": 252, "RECORDID": "DE1-26-0000185", "ADDRESS": "1520 Rodney St", "UNIT": "", "APPSTATUS": "Awaiting Client Reply", "TENTATIVEHEARING": "N/A", "TENTATIVETIME": "", "RECORDALIAS": "Design Exception 1", "MAPDOT": "Design Exceptions", "CRA": "East Tampa", "NEIGHBORHOOD": "College Hill-Belmont Heights", "COUNCILDISTRICT": "5", "CREATEDDATE": 1786579200000, "LASTUPDATE": 1786924800000, "GlobalID": "{22B8881D-E86B-40C1-994C-BFDEFD255272}", "URL": "https://aca-prod.accela.com/TAMPA/Cap/CapDetail.aspx?Module=Planning&TabName=Planning&capID1=26CAP&capID2=00000&capID3=026LA&agencyCode=TAMPA"}}, {"type": "Feature", "id": 253, "geometry": {"type": "Point", "coordinates": [-82.26017146546488, 27.98681880315515]}, "properties": {"OBJECTID": 253, "RECORDID": "DE1-26-0000186", "ADDRESS": "1405 E Dr Martin Luther King Jr Blvd", "UNIT": "", "APPSTATUS": "Awaiting Client Reply", "TENTATIVEHEARING": "N/A", "TENTATIVETIME": "", "RECORDALIAS": "Design Exception 1", "MAPDOT": "Design Exceptions", "CRA": null, "NEIGHBORHOOD": null, "COUNCILDISTRICT": null, "CREATEDDATE": 1786579200000, "LASTUPDATE": 1786924800000, "GlobalID": "{B4D4A61D-0537-4D48-B983-50F2B2B060A8}", "URL": "https://aca-prod.accela.com/TAMPA/Cap/CapDetail.aspx?Module=Planning&TabName=Planning&capID1=26CAP&capID2=00000&capID3=026ND&agencyCode=TAMPA"}}, {"type": "Feature", "id": 254, "geometry": {"type": "Point", "coordinates": [-82.51753539453567, 27.989123164193597]}, "properties": {"OBJECTID": 254, "RECORDID": "FDN-26-0000121", "ADDRESS": "4805 N Manhattan Ave", "UNIT": "", "APPSTATUS": "Awaiting Client Reply", "TENTATIVEHEARING": "N/A", "TENTATIVETIME": "", "RECORDALIAS": "Formal Decision", "MAPDOT": "Formal Decision", "CRA": "Drew Park", "NEIGHBORHOOD": "Drew Park", "COUNCILDISTRICT": "6", "CREATEDDATE": 1786579200000, "LASTUPDATE": 1786665600000, "GlobalID": "{2777EDB7-7200-4995-89D4-C27249AECEE9}", "URL": "https://aca-prod.accela.com/TAMPA/Cap/CapDetail.aspx?Module=Planning&TabName=Planning&capID1=26CAP&capID2=00000&capID3=026NM&agencyCode=TAMPA"}}, {"type": "Feature", "id": 255, "geometry": {"type": "Point", "coordinates": [-82.49318246061208, 27.954336725547673]}, "properties": {"OBJECTID": 255, "RECORDID": "DE1-26-0000187", "ADDRESS": "1307 N MacDill Ave", "UNIT": "", "APPSTATUS": "In Process", "TENTATIVEHEARING": "N/A", "TENTATIVETIME": "", "RECORDALIAS": "Design Exception 1", "MAPDOT": "Design Exceptions", "CRA": null, "NEIGHBORHOOD": "Midtown Tampa", "COUNCILDISTRICT": "6", "CREATEDDATE": 1786665600000, "LASTUPDATE": 1787184000000, "GlobalID": "{B3A5E167-B85E-44B7-A6B9-4DE6F9F0B2BC}", "URL": "https://aca-prod.accela.com/TAMPA/Cap/CapDetail.aspx?Module=Planning&TabName=Planning&capID1=26CAP&capID2=00000&capID3=026P0&agencyCode=TAMPA"}}, {"type": "Feature", "id": 256, "geometry": {"type": "Point", "coordinates": [-82.46038621380349, 27.940230914549844]}, "properties": {"OBJECTID": 256, "RECORDID": "REZ-26-0000117", "ADDRESS": "319 Bayshore Blvd", "UNIT": "", "APPSTATUS": "Open", "TENTATIVEHEARING": "N/A", "TENTATIVETIME": "", "RECORDALIAS": "Rezoning", "MAPDOT": "Rezoning", "CRA": null, "NEIGHBORHOOD": "Hyde Park Spanishtown Creek", "COUNCILDISTRICT": "4", "CREATEDDATE": 1786665600000, "LASTUPDATE": 1786665600000, "GlobalID": "{899BD518-F5E0-44C6-97A3-5956E8603654}", "URL": "https://aca-prod.accela.com/TAMPA/Cap/CapDetail.aspx?Module=Planning&TabName=Planning&capID1=26CAP&capID2=00000&capID3=026ZC&agencyCode=TAMPA"}}, {"type": "Feature", "id": 257, "geometry": {"type": "Point", "coordinates": [-82.47267636099635, 27.94984529548793]}, "properties": {"OBJECTID": 257, "RECORDID": "DE1-26-0000188", "ADDRESS": "1301 W Cass St", "UNIT": "", "APPSTATUS": "In Process", "TENTATIVEHEARING": "N/A", "TENTATIVETIME": "", "RECORDALIAS": "Design Exception 1", "MAPDOT": "Design Exceptions", "CRA": "West Tampa", "NEIGHBORHOOD": "West Riverfront Neighborhood Crimewatch Association", "COUNCILDISTRICT": "5", "CREATEDDATE": 1786838400000, "LASTUPDATE": 1787184000000, "GlobalID": "{30586FC1-09F7-4FA1-BC84-6418EF67EE02}", "URL": "https://aca-prod.accela.com/TAMPA/Cap/CapDetail.aspx?Module=Planning&TabName=Planning&capID1=26CAP&capID2=00000&capID3=0270L&agencyCode=TAMPA"}}, {"type": "Feature", "id": 258, "geometry": {"type": "Point", "coordinates": [-82.41056253552527, 27.96392468825401]}, "properties": {"OBJECTID": 258, "RECORDID": "VRB-26-0000123", "ADDRESS": "4201 E 12th Ave", "UNIT": "", "APPSTATUS": "In Process", "TENTATIVEHEARING": "N/A", "TENTATIVETIME": "", "RECORDALIAS": "Variance Review Board", "MAPDOT": "Variances", "CRA": null, "NEIGHBORHOOD": "East Side Commercial", "COUNCILDISTRICT": "5", "CREATEDDATE": 1786924800000, "LASTUPDATE": 1787097600000, "GlobalID": "{EF1D19B1-DBDD-48B8-9BCD-A197186D2E82}", "URL": "https://aca-prod.accela.com/TAMPA/Cap/CapDetail.aspx?Module=Planning&TabName=Planning&capID1=26CAP&capID2=00000&capID3=027BX&agencyCode=TAMPA"}}, {"type": "Feature", "id": 259, "geometry": {"type": "Point", "coordinates": [-82.48520263933929, 27.95361763821384]}, "properties": {"OBJECTID": 259, "RECORDID": "REZ-26-0000118", "ADDRESS": "2511 W Nassau St", "UNIT": "", "APPSTATUS": "Open", "TENTATIVEHEARING": "N/A", "TENTATIVETIME": "", "RECORDALIAS": "Rezoning", "MAPDOT": "Rezoning", "CRA": null, "NEIGHBORHOOD": "Midtown Tampa", "COUNCILDISTRICT": "6", "CREATEDDATE": 1786924800000, "LASTUPDATE": 1786924800000, "GlobalID": "{B346E2B3-1C44-4C08-B257-6714E05E8077}", "URL": "https://aca-prod.accela.com/TAMPA/Cap/CapDetail.aspx?Module=Planning&TabName=Planning&capID1=26CAP&capID2=00000&capID3=027GK&agencyCode=TAMPA"}}, {"type": "Feature", "id": 260, "geometry": {"type": "Point", "coordinates": [-82.47711131669915, 28.05106218244299]}, "properties": {"OBJECTID": 260, "RECORDID": "FDN-26-0000122", "ADDRESS": "1715 W Overpar Dr", "UNIT": "", "APPSTATUS": "In Process", "TENTATIVEHEARING": "N/A", "TENTATIVETIME": "", "RECORDALIAS": "Formal Decision", "MAPDOT": "Formal Decision", "CRA": null, "NEIGHBORHOOD": "Forest Hills", "COUNCILDISTRICT": "7", "CREATEDDATE": 1787011200000, "LASTUPDATE": 1787097600000, "GlobalID": "{CEE2803F-7B95-47A2-9572-EC74A818ACDC}", "URL": "https://aca-prod.accela.com/TAMPA/Cap/CapDetail.aspx?Module=Planning&TabName=Planning&capID1=26CAP&capID2=00000&capID3=027PK&agencyCode=TAMPA"}}, {"type": "Feature", "id": 261, "geometry": {"type": "Point", "coordinates": [-82.47075413470446, 27.983922932836606]}, "properties": {"OBJECTID": 261, "RECORDID": "FDN-26-0000123", "ADDRESS": "1008 W River Heights Ave", "UNIT": "", "APPSTATUS": "Awaiting Client Reply", "TENTATIVEHEARING": "N/A", "TENTATIVETIME": "", "RECORDALIAS": "Formal Decision", "MAPDOT": "Formal Decision", "CRA": null, "NEIGHBORHOOD": "South Seminole Heights", "COUNCILDISTRICT": "6", "CREATEDDATE": 1787011200000, "LASTUPDATE": 1787097600000, "GlobalID": "{79FE5FC8-0D06-4B0D-9021-619967FFA52B}", "URL": "https://aca-prod.accela.com/TAMPA/Cap/CapDetail.aspx?Module=Planning&TabName=Planning&capID1=26CAP&capID2=00000&capID3=027RG&agencyCode=TAMPA"}}, {"type": "Feature", "id": 262, "geometry": {"type": "Point", "coordinates": [-82.4367869340185, 28.021581356129744]}, "properties": {"OBJECTID": 262, "RECORDID": "FDN-26-0000124", "ADDRESS": "2011 E Mulberry Dr", "UNIT": "", "APPSTATUS": "Open", "TENTATIVEHEARING": "N/A", "TENTATIVETIME": "", "RECORDALIAS": "Formal Decision", "MAPDOT": "Formal Decision", "CRA": null, "NEIGHBORHOOD": "Sulphur Springs", "COUNCILDISTRICT": "5", "CREATEDDATE": 1787011200000, "LASTUPDATE": 1787184000000, "GlobalID": "{5B15B105-0146-4FB9-B511-BEEF1A0B2C76}", "URL": "https://aca-prod.accela.com/TAMPA/Cap/CapDetail.aspx?Module=Planning&TabName=Planning&capID1=26CAP&capID2=00000&capID3=027T1&agencyCode=TAMPA"}}, {"type": "Feature", "id": 263, "geometry": {"type": "Point", "coordinates": [-82.46548133537219, 27.983941708804917]}, "properties": {"OBJECTID": 263, "RECORDID": "FDN-26-0000125", "ADDRESS": "506 W Alva St", "UNIT": "", "APPSTATUS": "Awaiting Client Reply", "TENTATIVEHEARING": "N/A", "TENTATIVETIME": "", "RECORDALIAS": "Formal Decision", "MAPDOT": "Formal Decision", "CRA": null, "NEIGHBORHOOD": "South Seminole Heights", "COUNCILDISTRICT": "6", "CREATEDDATE": 1787011200000, "LASTUPDATE": 1787097600000, "GlobalID": "{D7EFF0AE-C52A-4EE4-A458-E9470D55AC8A}", "URL": "https://aca-prod.accela.com/TAMPA/Cap/CapDetail.aspx?Module=Planning&TabName=Planning&capID1=26CAP&capID2=00000&capID3=027T4&agencyCode=TAMPA"}}, {"type": "Feature", "id": 264, "geometry": {"type": "Point", "coordinates": [-82.4877325026543, 27.96607409660882]}, "properties": {"OBJECTID": 264, "RECORDID": "REZ-26-0000119", "ADDRESS": "2707 W Saint Joseph St", "UNIT": "", "APPSTATUS": "Open", "TENTATIVEHEARING": "N/A", "TENTATIVETIME": "", "RECORDALIAS": "Rezoning", "MAPDOT": "Rezoning", "CRA": null, "NEIGHBORHOOD": "Macfarlane Park", "COUNCILDISTRICT": "6", "CREATEDDATE": 1787011200000, "LASTUPDATE": 1787011200000, "GlobalID": "{CDA24C44-513C-45E8-AEF4-FAB9BE514CB9}", "URL": "https://aca-prod.accela.com/TAMPA/Cap/CapDetail.aspx?Module=Planning&TabName=Planning&capID1=26CAP&capID2=00000&capID3=027VN&agencyCode=TAMPA"}}, {"type": "Feature", "id": 265, "geometry": {"type": "Point", "coordinates": [-82.45933430897544, 27.963158703976333]}, "properties": {"OBJECTID": 265, "RECORDID": "SU1-26-0000078", "ADDRESS": "207 E Ross Ave", "UNIT": "", "APPSTATUS": "Open", "TENTATIVEHEARING": "N/A", "TENTATIVETIME": "", "RECORDALIAS": "Special Use 1 - General", "MAPDOT": "Special Use Cases", "CRA": null, "NEIGHBORHOOD": "Tampa Heights", "COUNCILDISTRICT": "5", "CREATEDDATE": 1787011200000, "LASTUPDATE": 1787011200000, "GlobalID": "{08F47868-CA8E-449B-9BBF-99AB8543553B}", "URL": "https://aca-prod.accela.com/TAMPA/Cap/CapDetail.aspx?Module=Planning&TabName=Planning&capID1=26CAP&capID2=00000&capID3=027VS&agencyCode=TAMPA"}}, {"type": "Feature", "id": 266, "geometry": {"type": "Point", "coordinates": [-82.41710162611416, 28.01072973695601]}, "properties": {"OBJECTID": 266, "RECORDID": "VRB-26-0000124", "ADDRESS": "3812 Lakeshore Dr", "UNIT": "", "APPSTATUS": "Open", "TENTATIVEHEARING": "N/A", "TENTATIVETIME": "", "RECORDALIAS": "Variance Review Board", "MAPDOT": "Variances", "CRA": null, "NEIGHBORHOOD": "Temple Crest", "COUNCILDISTRICT": "5", "CREATEDDATE": 1787097600000, "LASTUPDATE": 1787097600000, "GlobalID": "{A94153EC-603D-4F95-99EA-CE0223ABA5D0}", "URL": "https://aca-prod.accela.com/TAMPA/Cap/CapDetail.aspx?Module=Planning&TabName=Planning&capID1=26CAP&capID2=00000&capID3=02817&agencyCode=TAMPA"}}, {"type": "Feature", "id": 267, "geometry": {"type": "Point", "coordinates": [-82.41171775538893, 28.037635183630815]}, "properties": {"OBJECTID": 267, "RECORDID": "DE1-26-0000189", "ADDRESS": "4215 E 97th Ave", "UNIT": "", "APPSTATUS": "Open", "TENTATIVEHEARING": "N/A", "TENTATIVETIME": "", "RECORDALIAS": "Design Exception 1", "MAPDOT": "Design Exceptions", "CRA": null, "NEIGHBORHOOD": "Terrace Park", "COUNCILDISTRICT": "7", "CREATEDDATE": 1787097600000, "LASTUPDATE": 1787097600000, "GlobalID": "{35182324-B6E6-454A-A10E-4BBEC3C8BA3A}", "URL": "https://aca-prod.accela.com/TAMPA/Cap/CapDetail.aspx?Module=Planning&TabName=Planning&capID1=26CAP&capID2=00000&capID3=0283O&agencyCode=TAMPA"}}, {"type": "Feature", "id": 268, "geometry": {"type": "Point", "coordinates": [-82.35371849714225, 28.16799594653954]}, "properties": {"OBJECTID": 268, "RECORDID": "DE1-26-0000190", "ADDRESS": "20590 Bruce B Downs Blvd", "UNIT": "", "APPSTATUS": "Open", "TENTATIVEHEARING": "N/A", "TENTATIVETIME": "", "RECORDALIAS": "Design Exception 1", "MAPDOT": "Design Exceptions", "CRA": null, "NEIGHBORHOOD": null, "COUNCILDISTRICT": null, "CREATEDDATE": 1787097600000, "LASTUPDATE": 1787097600000, "GlobalID": "{4A104645-252A-419B-802E-380A750E0EDD}", "URL": "https://aca-prod.accela.com/TAMPA/Cap/CapDetail.aspx?Module=Planning&TabName=Planning&capID1=26CAP&capID2=00000&capID3=028B7&agencyCode=TAMPA"}}, {"type": "Feature", "id": 269, "geometry": {"type": "Point", "coordinates": [-82.45848321413796, 27.932703639022247]}, "properties": {"OBJECTID": 269, "RECORDID": "FDN-26-0000131", "ADDRESS": "119 Adriatic Ave", "UNIT": "", "APPSTATUS": "Open", "TENTATIVEHEARING": "N/A", "TENTATIVETIME": "", "RECORDALIAS": "Formal Decision", "MAPDOT": "Formal Decision", "CRA": null, "NEIGHBORHOOD": "Davis Islands", "COUNCILDISTRICT": "4", "CREATEDDATE": 1787184000000, "LASTUPDATE": 1787184000000, "GlobalID": "{75207C7C-0291-4877-8B30-17E5BD74D71D}", "URL": "https://aca-prod.accela.com/TAMPA/Cap/CapDetail.aspx?Module=Planning&TabName=Planning&capID1=26CAP&capID2=00000&capID3=028N0&agencyCode=TAMPA"}}, {"type": "Feature", "id": 270, "geometry": {"type": "Point", "coordinates": [-82.47294260478388, 27.951200678750602]}, "properties": {"OBJECTID": 270, "RECORDID": "LND-26-0000136", "ADDRESS": "1314 W State St", "UNIT": "", "APPSTATUS": "Open", "TENTATIVEHEARING": "N/A", "TENTATIVETIME": "", "RECORDALIAS": "General Land Use", "MAPDOT": "General Land Use", "CRA": "West Tampa", "NEIGHBORHOOD": "West Riverfront Neighborhood Crimewatch Association", "COUNCILDISTRICT": "5", "CREATEDDATE": 1787184000000, "LASTUPDATE": 1787184000000, "GlobalID": "{7D3B4F30-7815-4352-98C0-C4FC05EDE969}", "URL": "https://aca-prod.accela.com/TAMPA/Cap/CapDetail.aspx?Module=Planning&TabName=Planning&capID1=26CAP&capID2=00000&capID3=028OF&agencyCode=TAMPA"}}, {"type": "Feature", "id": 271, "geometry": {"type": "Point", "coordinates": [-82.45617921357896, 27.930246183653068]}, "properties": {"OBJECTID": 271, "RECORDID": "DE2-26-0000024", "ADDRESS": "107 E Davis Blvd", "UNIT": "A", "APPSTATUS": "Open", "TENTATIVEHEARING": "N/A", "TENTATIVETIME": "", "RECORDALIAS": "Design Exception 2", "MAPDOT": "Design Exceptions", "CRA": null, "NEIGHBORHOOD": "Davis Islands", "COUNCILDISTRICT": "4", "CREATEDDATE": 1787184000000, "LASTUPDATE": 1787184000000, "GlobalID": "{3E0981B7-8FCA-47EE-88BD-B2D6F5058368}", "URL": "https://aca-prod.accela.com/TAMPA/Cap/CapDetail.aspx?Module=Planning&TabName=Planning&capID1=26CAP&capID2=00000&capID3=028RR&agencyCode=TAMPA"}}]}