{"type": "FeatureCollection", "features": [{"type": "Feature", "id": 34, "geometry": {"type": "MultiLineString", "coordinates": [[[-82.48205392808883, 27.976363772795533], [-82.48205365513985, 27.97631609597717]], [[-82.48205392808883, 27.976363772795533], [-82.48197786028952, 27.976363749642438], [-82.48132548682065, 27.97636361880197], [-82.48126030331667, 27.976355560941368], [-82.48124333666969, 27.976355401008426], [-82.48115402523699, 27.9762841344655], [-82.48114749670339, 27.9762789251419]], [[-82.48482584267151, 27.97635702630198], [-82.4846745298855, 27.976354577913412], [-82.4843408425636, 27.976362103338605], [-82.48429482683538, 27.976360728535468], [-82.48290864641255, 27.976363870474064], [-82.48288108403277, 27.976363932929328], [-82.48286328682826, 27.97636397915304]], [[-82.48286328682826, 27.97636397915304], [-82.48285538994762, 27.97636399965059], [-82.48213174117517, 27.976363797009363], [-82.48205392808883, 27.976363772795533]], [[-82.48290825235107, 27.976392245338015], [-82.48287112526513, 27.97639237655892], [-82.48286321621711, 27.9763924043189], [-82.48286328682826, 27.97636397915304]], [[-82.48064416204456, 27.97725935592135], [-82.48083676928935, 27.977261971224028], [-82.48286488106389, 27.97725447323894], [-82.48288671072551, 27.977254411956974]], [[-82.48288671072551, 27.977254411956974], [-82.48289579881875, 27.97725435388662], [-82.48465991203122, 27.977243053426154], [-82.48482222606499, 27.977248835343318]], [[-82.48289562441025, 27.977266089397894], [-82.48288676186671, 27.977266123213973], [-82.48288673774911, 27.977260707954922], [-82.48288671072551, 27.977254411956974]], [[-82.48273330741837, 27.977724464503385], [-82.48272892440401, 27.977724479883474], [-82.48271812832147, 27.977732014962527], [-82.48266676552397, 27.97773205711309], [-82.48194560539397, 27.977732603767382], [-82.48177288017814, 27.977730542156994], [-82.48170766058583, 27.977718214454537], [-82.4813660409766, 27.977725686479598], [-82.48129442581231, 27.977724831601016], [-82.48080167674064, 27.977732436528434], [-82.4806838560943, 27.97773246924985]], [[-82.48482271143595, 27.97772109915837], [-82.48464967084587, 27.977724435054412], [-82.48304426694644, 27.977723445175624], [-82.4827524932829, 27.97772439988534], [-82.48274326475278, 27.97772443046476]], [[-82.48067210617768, 27.978176507161045], [-82.48063028697122, 27.978208879128598], [-82.48033145181542, 27.978372835298135], [-82.47949652711306, 27.97884787469999], [-82.47948402110896, 27.978854986843814]], [[-82.48274113562302, 27.97841603888725], [-82.48273493918843, 27.97841606063134], [-82.48272262572887, 27.97841613181466], [-82.48272208597379, 27.978436223087545]], [[-82.48272208597379, 27.978436223087545], [-82.48271464638829, 27.97843624919296], [-82.48269024072674, 27.97843631678117], [-82.48080901786805, 27.97843820949946], [-82.48066844165096, 27.978438328062694]], [[-82.48481646826968, 27.978449455355154], [-82.484722969561, 27.97844882106518], [-82.48462193452535, 27.978450675026235], [-82.48449117023111, 27.978435030373436], [-82.4828506786154, 27.97843584759605], [-82.48274018640443, 27.97843617040054], [-82.48272208597379, 27.978436223087545]], [[-82.48480889054126, 27.979072360053912], [-82.48463710603647, 27.979072244333345], [-82.48448416403401, 27.979063870894517], [-82.48354954563412, 27.97906502784601], [-82.48284056749166, 27.97906579002694], [-82.48272460265662, 27.979064018596656], [-82.4827060949379, 27.97906371174904], [-82.48264197983244, 27.97906381759318], [-82.48078586826885, 27.979058252031113], [-82.48065972633219, 27.97905649186799]], [[-82.48065717112028, 27.979143219383037], [-82.4806066582629, 27.979168900592338], [-82.4801278543716, 27.979433436442424], [-82.47992820755586, 27.979585932376114], [-82.47962432707456, 27.9799494096171], [-82.4794920426767, 27.980164217653996], [-82.47937593025055, 27.98041093786673], [-82.47936182436742, 27.98043558843524], [-82.47936215007587, 27.980514306946013]], [[-82.48288164684107, 27.979791911689713], [-82.48323048075353, 27.979794225978665], [-82.48350121360161, 27.97979448931479], [-82.48460625786362, 27.979795744592927], [-82.48470427553197, 27.979796025528973], [-82.48480242998943, 27.979795981046777]], [[-82.4783923069045, 27.980487392109072], [-82.47847888763978, 27.980524105900944]], [[-82.47936215007587, 27.980514306946013], [-82.47856372267827, 27.980510068036875], [-82.47852631197976, 27.98052410878244], [-82.47850579825233, 27.980523989733886], [-82.47847888763978, 27.980524105900944]], [[-82.48286605389849, 27.98050493614703], [-82.4828507195159, 27.98050486544132]], [[-82.47847888763978, 27.980524105900944], [-82.4784616844633, 27.98052416573836]], [[-82.48063721212543, 27.980524650000646], [-82.48058788332357, 27.98052498297654], [-82.48023199353173, 27.980518552714546], [-82.47936215007587, 27.980514306946013]], [[-82.48479779365519, 27.980518373677345], [-82.48460019658864, 27.980519158358053], [-82.48447264279733, 27.98051325200278], [-82.4828853608844, 27.980505024489972], [-82.48286605389849, 27.98050493614703]], [[-82.48285006960181, 27.980530573672993], [-82.48285638463261, 27.980522670157868], [-82.48286173697672, 27.980514085428517], [-82.48286605389849, 27.98050493614703]]]}, "properties": {"FACILITYID": "162160", "projid": "WTR-20-0005.3-W Riverside Heights", "projname": "FY20 CIP Water Main Improvements Design-Build_W Riverside Heights – GMP 3", "projdesc": "The W Riverside Heights Project will improve the City of Tampa’s water distribution system by replacing the existing water mains and increasing the capacity of the system. It will also improve our ability to serve a growing population. Approximately 9,747 Linear Feet of water mains ranging from 2 to 6 inches in diameter will be replaced and upgraded. ", "rationale": "The W Riverside Heights Project will improve the City of Tampa’s water distribution system by replacing the existing water mains and increasing the capacity of the system. It will also improve our ability to serve a growing population. Approximately 9,747 Linear Feet of water mains ranging from 2 to 6 inches in diameter will be replaced and upgraded. ", "projtype": "Water", "safety": "No", "mandate": "No", "repair": "No", "replace": "Yes", "expand": "Yes", "efficient": "Yes", "fiscalyr": "2025", "fundsource": "PIPES", "planstart": null, "planend": null, "estcost": 4912885, "pocname": "Frank Woodard", "pocphone": "813-274-8549", "pocemail": "Frank.Woodard@tampagov.net", "funded": "Yes", "projphase": "P4: Construction", "actstart": null, "actend": 1773360000000, "actcost": null, "status": "Construction in Progress", "docpath": null, "CreationDate": null, "Creator": null, "EditDate": 1768233350000, "Editor": "70747", "MultiYear": "No", "NumVotes": null, "ShowPublic": "Yes", "EBO": null, "JobsCreated": null, "Neighborhood": null, "Council": null, "EBOAttained": null, "ContractNumber": null, "ActivityStatus": null, "ProjectSiteURL": null, "RelatedProject": null, "MapScale": 6000, "WMBESLBE": null, "ORACLEID": null, "EBUILDERID": null, "COMPROCUREMENT": null, "WATER": null, "WASTEWATER": null, "STORMWATER": null, "TRANSPORTATION": null, "OBJECTID": 34, "GlobalID": "{5416C7AD-2AB2-4B7D-A224-C39F8BAD6025}", "ProjectNumerical": null, "Shape__Length": 9746.853024225}}, {"type": "Feature", "id": 627, "geometry": {"type": "LineString", "coordinates": [[-82.45796037958267, 27.943486654440868], [-82.4570826538385, 27.943575493565646], [-82.45655893988071, 27.943593927699222], [-82.45640999953868, 27.943659999886865], [-82.4563399998732, 27.943689999823736], [-82.45621190416483, 27.94374887093533], [-82.45611105931974, 27.94380420623907], [-82.45545532350133, 27.944164016032786]]}, "properties": {"FACILITYID": "162423", "projid": "TRANS20119.1", "projname": "Downtown Core Complete Streets (Brorein St from Ashley Dr to Morgan St)", "projdesc": "This project provides for multimodal and safety improvements.\r\nGeneral maintenance and Complete Streets improvements to several streets and incorporated in this project in the Downtown Core: Brorein St from Ashley Dr to Morgan St.\r\nAs part of the project, these roadways will be resurfaced to remove deficiencies and provide a newly finished driving surface.  This project will also include multimodal improvements to make these corridors safer for all users in accordance with the City’s Vision Zero initiative.\r\n• Parking Protected Buffered Bike Lanes with conflict markings to allow for safer cycling;\r\n• Pedestrian Bulb-outs to shorten pedestrian crossing distances;\r\n• Enhanced Crosswalks to provide pedestrians with more visibility;\r\n• Traffic Calming features to control speeds and reduce the likelihood of fatal crashes;\r\n• Reconstructed Curb Ramps to provide ease of use and accessibility to people with disabilities.", "rationale": "Complete Streets & Safety Improvements - C.W.Roberts resurfacing", "projtype": "Transportation", "safety": "Yes", "mandate": "No", "repair": "No", "replace": "No", "expand": "No", "efficient": "No", "fiscalyr": "2025", "fundsource": "Local Option Gas Tax", "planstart": 1745798400000, "planend": 1748563200000, "estcost": 1900000, "pocname": "Jae-Sang Lee", "pocphone": "813-410-4154", "pocemail": "customerexperience@tampagov.net", "funded": "Yes", "projphase": "P5: Closeout", "actstart": 1745798400000, "actend": 1748563200000, "actcost": 0, "status": "Closeout", "docpath": null, "CreationDate": 1610668412000, "Creator": "PWK3", "EditDate": 1750777395000, "Editor": "PWLR", "MultiYear": "Yes", "NumVotes": null, "ShowPublic": "Yes", "EBO": null, "JobsCreated": null, "Neighborhood": "Tampa Downtown Partnership", "Council": "5", "EBOAttained": null, "ContractNumber": "1001541", "ActivityStatus": null, "ProjectSiteURL": "https://www.tampa.gov/project/trans201191", "RelatedProject": null, "MapScale": 6000, "WMBESLBE": null, "ORACLEID": null, "EBUILDERID": null, "COMPROCUREMENT": null, "WATER": null, "WASTEWATER": null, "STORMWATER": null, "TRANSPORTATION": "Contractor Resurfacing", "OBJECTID": 627, "GlobalID": "{03EC0291-9384-4123-BAAC-F7764F2B153E}", "ProjectNumerical": 1001541, "Shape__Length": 867.0016308863998}}, {"type": "Feature", "id": 644, "geometry": {"type": "LineString", "coordinates": [[-82.45575524974306, 27.94266249975454], [-82.45596000017024, 27.943150000371883], [-82.45603000021951, 27.943319999773074], [-82.45606999952788, 27.943410000315467], [-82.45610381654699, 27.94349516273242], [-82.45621422846293, 27.94375426778612], [-82.4554613621579, 27.944166571543235], [-82.45612430029868, 27.945730188893027], [-82.45638999990263, 27.946299999665634], [-82.45645999968215, 27.9464699996511], [-82.45663000004164, 27.946860000143186], [-82.45670000016781, 27.947020000349973], [-82.45679000037632, 27.947230000012215], [-82.45687999992204, 27.947439999608505], [-82.45700000005662, 27.947740000034912], [-82.45707999950216, 27.94793999965124], [-82.4571000001061, 27.94799999962924], [-82.45725999971211, 27.948369999767905], [-82.45742000050065, 27.94872000042273], [-82.45775999986414, 27.949470000434633], [-82.45792000038384, 27.94983000005638], [-82.4580899997522, 27.950229999904288], [-82.45819999982251, 27.950459999787395], [-82.4584000002835, 27.950910000351758], [-82.45840999970767, 27.950940000229895], [-82.45843000003887, 27.950990000350224], [-82.45874999962237, 27.95171999992706], [-82.45905000010197, 27.95243999984061], [-82.45928000010166, 27.952930000261293], [-82.4593900000663, 27.95316999958589], [-82.45943999973872, 27.95328999965724], [-82.45948000023445, 27.95339000044852], [-82.45950000046224, 27.953499999936355], [-82.45951999966931, 27.953699999645178], [-82.45952000020715, 27.95397999992725], [-82.4595199996503, 27.954470000398626], [-82.4595099998255, 27.955410000037226], [-82.45950999963428, 27.95598000007671], [-82.45949999995429, 27.956350000451554], [-82.4594999998938, 27.956529999922346], [-82.45949999950801, 27.956690000151], [-82.45950000014732, 27.956819999710472], [-82.45950000043689, 27.95702000021035], [-82.45949000002906, 27.957289999836775], [-82.45948999978545, 27.95839999980781], [-82.45946999962644, 27.959540000244065], [-82.4594499999568, 27.96041999970516], [-82.4594700002283, 27.961320000101605], [-82.4594700003653, 27.962250000109353], [-82.46055999997017, 27.962269999751175], [-82.46093000024062, 27.962270000007354], [-82.460930000392, 27.96136000023403], [-82.46093000025384, 27.96041999969897], [-82.46093999976353, 27.95952999971293], [-82.46093999963989, 27.958399999917898], [-82.46093999986445, 27.957800000390037], [-82.46094000038556, 27.957529999907326], [-82.4609199999887, 27.9570300002929], [-82.46091999967318, 27.956899999848503], [-82.46091999949782, 27.956859999572718], [-82.46092000045206, 27.956669999607122], [-82.46091999955208, 27.95651999992112], [-82.46092000001313, 27.956449999883095], [-82.46092000030245, 27.956339999565564], [-82.46092000038662, 27.955760000000172], [-82.460929999995, 27.955020000045565], [-82.46092999968059, 27.95470000044964], [-82.46092999970344, 27.954459999614095], [-82.46093999967448, 27.953510000226537], [-82.46094999953972, 27.952609999732548], [-82.46094000001688, 27.952450000427433], [-82.4609000002933, 27.95227000034956], [-82.46081000025644, 27.952050000396177], [-82.46073000050512, 27.9518699996956], [-82.46039999961452, 27.95114000040523], [-82.46011000017045, 27.95043999985521], [-82.46007999976338, 27.950380000386403], [-82.46006999992962, 27.950349999729614], [-82.45977000040023, 27.949639999651662], [-82.45943999973835, 27.94891000041741], [-82.45939999998026, 27.948810000435248], [-82.45925999951575, 27.948470000025544], [-82.45911999955584, 27.94813999998191], [-82.45896999997092, 27.947809999722168], [-82.4587899998281, 27.947409999853956], [-82.45865999995314, 27.94713000020703], [-82.45860000003793, 27.947000000003808], [-82.45851999965825, 27.946819999631085], [-82.45845000004562, 27.946660000365256], [-82.45812999965803, 27.94594999958949], [-82.45775000003754, 27.945180000207994], [-82.45693999991879, 27.945459999764573], [-82.45620000042489, 27.943749999591706]]}, "properties": {"FACILITYID": "162440", "projid": "TRANS20048", "projname": "InVision Streetcar (Design Only)", "projdesc": "This project provides for preliminary design of the InVision Streetcar extension and modernization.", "rationale": "Transit", "projtype": "Transportation", "safety": "Yes", "mandate": "No", "repair": "No", "replace": "No", "expand": "Yes", "efficient": "Yes", "fiscalyr": "TBD", "fundsource": "Transportation Impact Fees", "planstart": null, "planend": null, "estcost": 235000000, "pocname": "Transportation Engineering Division", "pocphone": "813-274-3101", "pocemail": "streetcarextension@tampagov.net", "funded": "No", "projphase": "P2: Design", "actstart": null, "actend": null, "actcost": null, "status": "30% Design Completion", "docpath": "https://www.tampagov.net/capital_projects/studies/streetcar_extension_study", "CreationDate": 1610668412000, "Creator": "PWK3", "EditDate": 1759502626000, "Editor": "PWLR", "MultiYear": "Yes", "NumVotes": null, "ShowPublic": "Yes", "EBO": null, "JobsCreated": null, "Neighborhood": "Downtown River Arts Neighborhood Association", "Council": "5", "EBOAttained": null, "ContractNumber": null, "ActivityStatus": null, "ProjectSiteURL": "<a href=\"https://apps.tampagov.net/Directory_Lister/FileHandler.ashx?file=GIS%2fTRANS20048.pdf\">TRANS20048</a>", "RelatedProject": null, "MapScale": 6000, "WMBESLBE": null, "ORACLEID": null, "EBUILDERID": null, "COMPROCUREMENT": null, "WATER": null, "WASTEWATER": null, "STORMWATER": null, "TRANSPORTATION": "TIP FY24", "OBJECTID": 644, "GlobalID": "{C8D03646-D7A6-44DA-992E-B2C172DE1231}", "ProjectNumerical": null, "Shape__Length": 15354.451546875132}}, {"type": "Feature", "id": 645, "geometry": {"type": "LineString", "coordinates": [[-82.4659206543749, 27.950265627817082], [-82.4656899996648, 27.950240000130616], [-82.46554999992019, 27.95023999990632], [-82.46414999981998, 27.95016999968511], [-82.46394999988108, 27.950149999637805], [-82.46382000006108, 27.950179999824435]]}, "properties": {"FACILITYID": "162441", "projid": "TRANS20014", "projname": "Cass St Bridge (#105502) Electrical/Mechanical Rehabilitation", "projdesc": "This project will provide for a rehabilitation of the Cass St Bridge electrical and mechanical systems as well as the construction of the Green Spine Cycle Track across the bridge.", "rationale": "Bridges & Seawalls", "projtype": "Transportation", "safety": "Yes", "mandate": "No", "repair": "Yes", "replace": "No", "expand": "No", "efficient": "No", "fiscalyr": "TBD", "fundsource": "Local Option Gas Tax", "planstart": null, "planend": null, "estcost": 6930000, "pocname": "Nirav Patel, P. E.", "pocphone": "813-274-5562", "pocemail": "nirav.patel@tampagov.net", "funded": "No", "projphase": "P2: Design", "actstart": null, "actend": null, "actcost": null, "status": "90% Design Completion", "docpath": "https://www.tampa.gov/project/trans20014", "CreationDate": 1610668412000, "Creator": "PWK3", "EditDate": 1727953725000, "Editor": "PWLR", "MultiYear": "No", "NumVotes": null, "ShowPublic": "Yes", "EBO": null, "JobsCreated": null, "Neighborhood": "Downtown River Arts Neighborhood Association", "Council": "4,5", "EBOAttained": null, "ContractNumber": null, "ActivityStatus": null, "ProjectSiteURL": "<a href=\"https://apps.tampagov.net/Directory_Lister/FileHandler.ashx?file=GIS%2f1000446.pdf\">1000446</a>", "RelatedProject": null, "MapScale": 6000, "WMBESLBE": null, "ORACLEID": null, "EBUILDERID": null, "COMPROCUREMENT": null, "WATER": null, "WASTEWATER": null, "STORMWATER": null, "TRANSPORTATION": "TIP FY23, TIP FY24", "OBJECTID": 645, "GlobalID": "{11691D25-E9F2-4BDA-968E-2AD2622874D1}", "ProjectNumerical": null, "Shape__Length": 681.2874275445863}}, {"type": "Feature", "id": 646, "geometry": {"type": "LineString", "coordinates": [[-82.45937000029754, 27.94343000020648], [-82.45853999953232, 27.943469999669723], [-82.45837999966788, 27.94347999966907], [-82.45793999975092, 27.943500000334645]]}, "properties": {"FACILITYID": "162442", "projid": "TRANS20133", "projname": "Brorein St Bridge (#105501) Phase 2 Mechanical/ Electrical Rehabilitation", "projdesc": "This project provides for structural rehabilitation as well as rehabilitation of the mechanical and electrical \nsystems.  This project will also create safe multimodal access across the river by widening the sidewalks on both sides of the bridge to about 9 feet wide.", "rationale": "Bridges & Seawalls", "projtype": "Transportation", "safety": "Yes", "mandate": "No", "repair": "Yes", "replace": "No", "expand": "No", "efficient": "No", "fiscalyr": "TBD", "fundsource": "Local Option Gas Tax", "planstart": null, "planend": null, "estcost": 9930000, "pocname": "Nirav Patel, P. E.", "pocphone": "813-274-5562", "pocemail": "nirav.patel@tampagov.net", "funded": "No", "projphase": "P2: Design", "actstart": null, "actend": null, "actcost": null, "status": "90% Design Completion", "docpath": "https://www.tampa.gov/project/trans20133", "CreationDate": 1610668412000, "Creator": "PWK3", "EditDate": 1727953725000, "Editor": "PWLR", "MultiYear": "No", "NumVotes": null, "ShowPublic": "Yes", "EBO": null, "JobsCreated": null, "Neighborhood": "Hyde Park Spanishtown Creek", "Council": "4,5", "EBOAttained": null, "ContractNumber": null, "ActivityStatus": null, "ProjectSiteURL": "<a href=\"https://apps.tampagov.net/Directory_Lister/FileHandler.ashx?file=GIS%2fTRANS20133.pdf\">TRANS20133</a>", "RelatedProject": null, "MapScale": 6000, "WMBESLBE": null, "ORACLEID": null, "EBUILDERID": null, "COMPROCUREMENT": null, "WATER": null, "WASTEWATER": null, "STORMWATER": null, "TRANSPORTATION": null, "OBJECTID": 646, "GlobalID": "{24BDB880-A259-43AC-ABBF-2C393DEB8F19}", "ProjectNumerical": null, "Shape__Length": 462.40690380838583}}, {"type": "Feature", "id": 648, "geometry": {"type": "LineString", "coordinates": [[-82.4467099925648, 27.96028056674911], [-82.44670000037918, 27.960999999948793], [-82.44669999953233, 27.96171000022303], [-82.44671000000747, 27.962350000392853], [-82.44664000041415, 27.962470000150418], [-82.44665000047125, 27.962830000062716], [-82.44657000013798, 27.962999999657043], [-82.44648000024544, 27.963100000013107], [-82.44629999972706, 27.963190000217644], [-82.4459399998316, 27.963279999728677], [-82.44592000004656, 27.96327999956233], [-82.44570000006422, 27.963319999640127], [-82.44524999970118, 27.963400000418243], [-82.44465999987402, 27.963509999822122], [-82.44353087423136, 27.96370137678122], [-82.44348000017787, 27.963709999943937], [-82.44336999951793, 27.96374000041328], [-82.44323000018308, 27.963830000395216], [-82.44314999975371, 27.963890000386275], [-82.44308999952413, 27.96397000015224], [-82.4430400000033, 27.96403999965834], [-82.44300000009692, 27.964149999733017], [-82.44297000009685, 27.964260000092814], [-82.44297000037508, 27.964389999678048], [-82.44296963006717, 27.964400367772505]]}, "properties": {"FACILITYID": "162444", "projid": "TRANS20038", "projname": "Green Spine Cycle Track, Phase 3B", "projdesc": "This project provides for a bi-directional cycle track along Nuccio Pkwy from 7th Ave. to 13th Ave.", "rationale": "Bike & Pedestrian Improvements", "projtype": "Transportation", "safety": "Yes", "mandate": "No", "repair": "No", "replace": "No", "expand": "No", "efficient": "No", "fiscalyr": "2024", "fundsource": "Multiple Funding", "planstart": 1717027200000, "planend": 1761868800000, "estcost": 1645831, "pocname": "Nina Mabilleau, E. I.", "pocphone": "813-274-8542", "pocemail": "nina.mabilleau@tampagov.net", "funded": "Yes", "projphase": "P5: Closeout", "actstart": null, "actend": null, "actcost": 1645831, "status": "Closeout", "docpath": "https://www.tampa.gov/project/trans20038", "CreationDate": 1610668412000, "Creator": "PWK3", "EditDate": 1765891108000, "Editor": "PWLR", "MultiYear": "Yes", "NumVotes": null, "ShowPublic": "Yes", "EBO": null, "JobsCreated": null, "Neighborhood": "Historic Ybor", "Council": "5", "EBOAttained": null, "ContractNumber": "21-C-00022", "ActivityStatus": "Construction", "ProjectSiteURL": "<a href=\"https://apps.tampagov.net/Directory_Lister/FileHandler.ashx?file=GIS%2f1000254-TRANS20038.pdf\">1000254-TRANS20038</a>", "RelatedProject": null, "MapScale": 6000, "WMBESLBE": null, "ORACLEID": null, "EBUILDERID": null, "COMPROCUREMENT": "YES", "WATER": null, "WASTEWATER": null, "STORMWATER": null, "TRANSPORTATION": "TIP FY23", "OBJECTID": 648, "GlobalID": "{69448AFA-0895-485B-B175-6D20BBD86E98}", "ProjectNumerical": 1002091, "Shape__Length": 2368.933964034822}}, {"type": "Feature", "id": 652, "geometry": {"type": "LineString", "coordinates": [[-82.46043999992209, 27.94856000038242], [-82.46024999954393, 27.948629999661847], [-82.45943999973835, 27.94891000041741], [-82.45859999952266, 27.94920000035187], [-82.45775999986414, 27.949470000434633], [-82.45737000018008, 27.949599999695437], [-82.4568900003284, 27.949770000032238], [-82.45606999975237, 27.95004999981161], [-82.45570999976891, 27.950170000047187], [-82.45522000011711, 27.95033999971887], [-82.45439000044854, 27.950629999677908], [-82.45392000003426, 27.95079000038701], [-82.45346999978283, 27.95095000039398], [-82.45335999970685, 27.950990000280818], [-82.45297000043125, 27.951130000304957], [-82.45284000040908, 27.95116999971298], [-82.45272000012702, 27.951220000036106], [-82.45162000041917, 27.951599999663685], [-82.4513199996438, 27.951699999903163], [-82.45103000018894, 27.951800000111522]]}, "properties": {"FACILITYID": "162448", "projid": "TRANS20091", "projname": "Twiggs St (Ashley Dr to Nebraska Ave)", "projdesc": "Lane repurposing to improve Ped/Bicycle facilities and incorporate aspects of Tampa MOVES plan.", "rationale": "Complete Street", "projtype": "Transportation", "safety": "Yes", "mandate": "No", "repair": "No", "replace": "No", "expand": "No", "efficient": "No", "fiscalyr": "2027", "fundsource": "Multiple Funding", "planstart": 1790812800000, "planend": 1843344000000, "estcost": 6300000, "pocname": "Riley Parks, P. E.", "pocphone": "813-274-8265", "pocemail": "TwiggsStProject@tampagov.net", "funded": "Yes", "projphase": "P2: Design", "actstart": null, "actend": null, "actcost": null, "status": "30% Design Completion", "docpath": null, "CreationDate": 1610668412000, "Creator": "PWK3", "EditDate": 1775482951000, "Editor": "PWLR", "MultiYear": "Yes", "NumVotes": null, "ShowPublic": "Yes", "EBO": null, "JobsCreated": null, "Neighborhood": "Downtown River Arts Neighborhood Association", "Council": "5", "EBOAttained": null, "ContractNumber": "24-D-00003", "ActivityStatus": null, "ProjectSiteURL": "https://www.tampa.gov/project/trans20091", "RelatedProject": null, "MapScale": 6000, "WMBESLBE": null, "ORACLEID": "1002445", "EBUILDERID": null, "COMPROCUREMENT": "NO", "WATER": null, "WASTEWATER": null, "STORMWATER": null, "TRANSPORTATION": "TIP FY23", "OBJECTID": 652, "GlobalID": "{B73C46EF-BDAE-4F51-8C88-5391F42A6485}", "ProjectNumerical": 1002445, "Shape__Length": 3258.647313201793}}, {"type": "Feature", "id": 660, "geometry": {"type": "MultiLineString", "coordinates": [[[-82.51431072757079, 27.91159000738704], [-82.51431000017868, 27.911590000175675], [-82.51224000036086, 27.911570000149993], [-82.5101800000648, 27.91154999967014], [-82.50813000032501, 27.911550000273625], [-82.50608999990372, 27.91151999968175], [-82.50401000016046, 27.91153000008145], [-82.50195000020231, 27.911499999598323], [-82.50054999956274, 27.911480000229044], [-82.50013999988455, 27.91146999956403], [-82.49919999985376, 27.911449999847004], [-82.49911000047545, 27.91145000012138], [-82.49882999997865, 27.91144000015354], [-82.49853000036985, 27.911440000340445], [-82.49841999966448, 27.911440000338608], [-82.49836999989523, 27.911439999814522], [-82.49828999966088, 27.91144000038428], [-82.49806000011749, 27.91143999995463], [-82.49732999987607, 27.911460000186548], [-82.49473999977137, 27.9114700003884], [-82.49368000008216, 27.911460000035227], [-82.49093000035532, 27.911449999841025], [-82.49070999964802, 27.911469999562854]], [[-82.52767363880292, 27.911639170821363], [-82.52439999996531, 27.91164999974519], [-82.52052000038451, 27.911610000056047], [-82.51794999954105, 27.911599999914788], [-82.51713000026383, 27.911590000435428], [-82.51631999969733, 27.911600000292193], [-82.51530000003288, 27.911599999808082], [-82.51434395600745, 27.91159034267704]]]}, "properties": {"FACILITYID": "162456", "projid": "TRANS20023", "projname": "El Prado Blvd. Complete Streets & Sidewalks (Omar Ave to Lois Ave; Lois Ave to Bayshore Blvd)", "projdesc": "This project provides for multimodal and safety improvements including bike lanes and sidewalks.", "rationale": "Complete Streets & Safety Improvements", "projtype": "Transportation", "safety": "Yes", "mandate": "No", "repair": "Yes", "replace": "No", "expand": "No", "efficient": "No", "fiscalyr": "2026", "fundsource": "Multiple Funding", "planstart": 1780272000000, "planend": 1804636800000, "estcost": 6095013.83, "pocname": "Riley Parks, P. E.", "pocphone": "813-274-8265", "pocemail": "elprado@tampagov.net", "funded": "Yes", "projphase": "P4: Construction", "actstart": null, "actend": null, "actcost": null, "status": "Construction in Progress", "docpath": null, "CreationDate": 1610668412000, "Creator": "PWK3", "EditDate": 1782141400000, "Editor": "PWLR", "MultiYear": "No", "NumVotes": null, "ShowPublic": "Yes", "EBO": null, "JobsCreated": null, "Neighborhood": "Belmar Gardens", "Council": "4", "EBOAttained": null, "ContractNumber": "21-D-00016", "ActivityStatus": null, "ProjectSiteURL": "https://www.tampa.gov/project/trans20023", "RelatedProject": null, "MapScale": 6000, "WMBESLBE": null, "ORACLEID": null, "EBUILDERID": null, "COMPROCUREMENT": null, "WATER": null, "WASTEWATER": null, "STORMWATER": null, "TRANSPORTATION": "TIP FY23, TIP FY24", "OBJECTID": 660, "GlobalID": "{5C7F3D10-0076-42C4-9438-129B9D570E9C}", "ProjectNumerical": null, "Shape__Length": 11928.379856808655}}, {"type": "Feature", "id": 671, "geometry": {"type": "MultiLineString", "coordinates": [[[-82.46413851192234, 27.955576610932376], [-82.46413000018414, 27.95549999966565], [-82.46411000019486, 27.955419999777675], [-82.46401999952802, 27.955119999746486], [-82.46389999986033, 27.95478999992049], [-82.46386999966795, 27.95464000026268], [-82.463859999783, 27.954499999592198], [-82.46386000034468, 27.95441999993068], [-82.46386000011583, 27.954379999650097], [-82.46390000028289, 27.954190000220393], [-82.46393999986955, 27.954090000060493], [-82.46403000037664, 27.953960000324127], [-82.46434999999424, 27.953610000232608], [-82.4643739970016, 27.95357509612626]], [[-82.46467896201642, 27.954470090920065], [-82.46453999988546, 27.95445000034439], [-82.46386000011583, 27.954379999650097], [-82.4637300001684, 27.954380000017775], [-82.46363000047646, 27.954389999904905], [-82.46332000021458, 27.954450000070437], [-82.46297553067078, 27.954583343454363]]]}, "properties": {"FACILITYID": "162467", "projid": "TRANS20050", "projname": "Doyle Carlton Dr & Laurel St Intersection Improvements", "projdesc": "This project will improve pedestrian, bicycle, and motor vehicle safety and connectivity in the City’s vibrant Downtown River Arts neighborhood. The current intersection at Doyle Carlton Drive and Laurel Street was designed in the 1960s mainly for motor vehicle traffic. This outdated design conflicts with City goals to have complete streets that are safe for all types of users. <br>This project will remove the slip lanes on all approaches to tighten up the four way stop intersection. It will also include new sidewalk connections and curb ramps for the surrounding areas to access the riverwalk easier and more safely. ", "rationale": "• Walking and biking accommodations to support all users and public spaces. \r\n• New sidewalk connections and curb ramps for the surrounding areas to access the riverwalk easier and more safely. \r\n• Efficient use of space provides greater opportunities for landscaping and public art. \r\n• Upgraded drainage for safer roadway travel.", "projtype": "Transportation", "safety": "Yes", "mandate": "No", "repair": "No", "replace": "No", "expand": "No", "efficient": "Yes", "fiscalyr": "2027", "fundsource": "Multiple Funding", "planstart": 1793577600000, "planend": 1809129600000, "estcost": 575000, "pocname": "Riley Parks, P. E.", "pocphone": "813-274-8265", "pocemail": "riley.parks@tampagov.net", "funded": "Yes", "projphase": "P2: Design", "actstart": null, "actend": null, "actcost": null, "status": "30% Design Completion", "docpath": "https://www.tampa.gov/mobility/transportation/projects/doyle-carlton", "CreationDate": 1610668412000, "Creator": "PWK3", "EditDate": 1773065754000, "Editor": "PWLR", "MultiYear": "No", "NumVotes": null, "ShowPublic": "Yes", "EBO": null, "JobsCreated": null, "Neighborhood": "Downtown River Arts Neighborhood Association", "Council": "5", "EBOAttained": null, "ContractNumber": null, "ActivityStatus": null, "ProjectSiteURL": "https://www.tampa.gov/project/trans20050", "RelatedProject": null, "MapScale": 6000, "WMBESLBE": null, "ORACLEID": null, "EBUILDERID": null, "COMPROCUREMENT": null, "WATER": null, "WASTEWATER": null, "STORMWATER": null, "TRANSPORTATION": "TIP FY23, TIP FY24", "OBJECTID": 671, "GlobalID": "{ECFBD0A0-B65E-43E0-A1BD-85C703DEDFD2}", "ProjectNumerical": null, "Shape__Length": 1354.5037100366258}}, {"type": "Feature", "id": 673, "geometry": {"type": "LineString", "coordinates": [[-82.4829599999923, 27.949880000409486], [-82.48091999967977, 27.949870000215654], [-82.47885000004506, 27.949849999627634], [-82.47678000003289, 27.949840000006503]]}, "properties": {"FACILITYID": "162469", "projid": "TRANS20033", "projname": "Green Spine Cycle Track, Phase  2A", "projdesc": "This project provides for a bi-directional cycle track along the south side of Cass St. from Howard Ave. to N Rome Ave.", "rationale": "Bike & Pedestrian Improvements", "projtype": "Transportation", "safety": "Yes", "mandate": "No", "repair": "No", "replace": "No", "expand": "No", "efficient": "No", "fiscalyr": "2026", "fundsource": "Grants", "planstart": 1760227200000, "planend": 1789603200000, "estcost": 994620, "pocname": "Nina Mabilleau, E. I. / Arijit Ghosh, P.E.", "pocphone": "813-460-0847 ", "pocemail": "Arijit.Ghosh@tampagov.net", "funded": "Yes", "projphase": "P4: Construction", "actstart": null, "actend": null, "actcost": null, "status": "Construction in Progress", "docpath": "https://www.tampa.gov/project/trans20033", "CreationDate": 1610668412000, "Creator": "PWK3", "EditDate": 1773063080000, "Editor": "PWLR", "MultiYear": "Yes", "NumVotes": null, "ShowPublic": "Yes", "EBO": null, "JobsCreated": null, "Neighborhood": "North Hyde Park", "Council": "5", "EBOAttained": null, "ContractNumber": "24-C-00002", "ActivityStatus": null, "ProjectSiteURL": "<a href=\"https://apps.tampagov.net/Directory_Lister/FileHandler.ashx?file=GIS%2f1000254 - TRANS20033.pdf\">1000254 - TRANS20033</a>", "RelatedProject": null, "MapScale": 6000, "WMBESLBE": null, "ORACLEID": null, "EBUILDERID": null, "COMPROCUREMENT": "NO", "WATER": null, "WASTEWATER": null, "STORMWATER": null, "TRANSPORTATION": "TIP FY23", "OBJECTID": 673, "GlobalID": "{8BF821B8-EB99-4F83-8FD7-A046FF5958CE}", "ProjectNumerical": 1002587, "Shape__Length": 1995.2598449713985}}, {"type": "Feature", "id": 674, "geometry": {"type": "LineString", "coordinates": [[-82.4608700003758, 27.97089999990659], [-82.45944000029546, 27.97093000018844], [-82.45819000004326, 27.970930000251933], [-82.45697999952732, 27.97091999999567], [-82.45530000002749, 27.970879999628213], [-82.45439999969787, 27.97086000040876], [-82.45387999978638, 27.970860000362595], [-82.45375000014756, 27.970849999988282], [-82.45360999994969, 27.97083999997434], [-82.4533600004857, 27.970830000440458], [-82.4530399999382, 27.970810000337945], [-82.4521099997319, 27.97079999968348], [-82.45121999978412, 27.970809999751157], [-82.45027000048616, 27.970799999901732], [-82.45012999979102, 27.9707800003483], [-82.44997999994678, 27.970739999849116], [-82.4498199996423, 27.970700000295114], [-82.44963000020684, 27.970640000111104], [-82.44949000005752, 27.970610000294432], [-82.44910000041098, 27.97057000027045]]}, "properties": {"FACILITYID": "162470", "projid": "TRANS20026", "projname": "Floribraska Ave (Tampa St to 9th St)", "projdesc": "This project provides for multimodal and safety improvements including on-street bicycle lanes.", "rationale": "Complete Streets & Safety Improvements", "projtype": "Transportation", "safety": "Yes", "mandate": "No", "repair": "No", "replace": "No", "expand": "No", "efficient": "No", "fiscalyr": "2025", "fundsource": "Multiple Funding", "planstart": 1738368000000, "planend": 1767744000000, "estcost": 2399631, "pocname": "Nina Mabilleau, E. I. / Arijit Ghosh, P.E.", "pocphone": "813-460-0847 ", "pocemail": "Arijit.Ghosh@tampagov.net", "funded": "Yes", "projphase": "P5: Closeout", "actstart": null, "actend": 1767744000000, "actcost": 2399630.68, "status": "Closeout", "docpath": "https://www.tampa.gov/mobility/transportation/projects/complete-streets/floribraska-ave", "CreationDate": 1610668412000, "Creator": "PWK3", "EditDate": 1770900484000, "Editor": "PWLR", "MultiYear": "Yes", "NumVotes": null, "ShowPublic": "Yes", "EBO": null, "JobsCreated": null, "Neighborhood": "Tampa Heights", "Council": "5", "EBOAttained": null, "ContractNumber": "20-C-00035", "ActivityStatus": null, "ProjectSiteURL": "<a href=\"https://apps.tampagov.net/Directory_Lister/FileHandler.ashx?file=GIS%2f1001531.pdf\">1001531</a>", "RelatedProject": null, "MapScale": 6000, "WMBESLBE": null, "ORACLEID": null, "EBUILDERID": null, "COMPROCUREMENT": "NO", "WATER": null, "WASTEWATER": null, "STORMWATER": null, "TRANSPORTATION": "TIP FY23", "OBJECTID": 674, "GlobalID": "{9FDF4A76-5ED7-4A99-A636-76FDC10E4937}", "ProjectNumerical": 1001531, "Shape__Length": 3810.939046933488}}, {"type": "Feature", "id": 675, "geometry": {"type": "LineString", "coordinates": [[-82.51402636776989, 27.942998944701284], [-82.51399000037547, 27.94578000014429], [-82.5139700003573, 27.94663999974344], [-82.51394999970657, 27.94767999992317], [-82.51393000029631, 27.94854000018746], [-82.51392000003162, 27.94926000041954], [-82.51390999959862, 27.94945000007605], [-82.51390000050773, 27.949970000422116], [-82.51389000017024, 27.950180000127073], [-82.51388999988626, 27.95037999991002], [-82.51387000035866, 27.95076999963442], [-82.51385999982867, 27.950910000435577], [-82.5138600002767, 27.951139999843154], [-82.5138699998934, 27.951649999823406], [-82.51387000041323, 27.952169999674545], [-82.51387000028517, 27.952269999989387], [-82.51387000049621, 27.952919999740736], [-82.51386000010123, 27.953659999580726], [-82.5138600001108, 27.95439000033253], [-82.51385999977217, 27.954520000249488], [-82.51384999991735, 27.955100000385524], [-82.51385000006654, 27.955780000403262], [-82.51384999997197, 27.955879999763688], [-82.51383999955483, 27.95656999961581], [-82.51382000034614, 27.95824999979958], [-82.51380000029047, 27.958769999828636], [-82.5137900004346, 27.959440000253334], [-82.51378999980166, 27.96019000044371], [-82.51378999998481, 27.961390000033628], [-82.51377000025511, 27.96194000033239], [-82.5137699999261, 27.962119999744004], [-82.51379000011556, 27.962300000283616], [-82.5138099999896, 27.962390000214146], [-82.51384999982699, 27.96246999989569], [-82.51390999988173, 27.96256000024529], [-82.51400000038632, 27.962650000416367], [-82.51533999980491, 27.963609999624467]]}, "properties": {"FACILITYID": "162471", "projid": "TRANS20135", "projname": "Lois Ave (Cleveland St. to Boy Scout Blvd)", "projdesc": "This project provides for safety, multimodal, and operational improvements.", "rationale": "Complete Streets & Safety Improvements", "projtype": "Transportation", "safety": "Yes", "mandate": "No", "repair": "No", "replace": "No", "expand": "No", "efficient": "Yes", "fiscalyr": "2027", "fundsource": "Multiple Funding", "planstart": null, "planend": 1861833600000, "estcost": 5400000, "pocname": "Zack Besece, P. E.", "pocphone": "813-274-8122", "pocemail": "zackary.besece@tampagov.net", "funded": "Yes", "projphase": "P2: Design", "actstart": null, "actend": null, "actcost": null, "status": "30% Design Completion", "docpath": "https://www.tampa.gov/mobility/transportation/projects/lois-ave", "CreationDate": 1610668412000, "Creator": "PWK3", "EditDate": 1759230236000, "Editor": "PWLR", "MultiYear": "No", "NumVotes": null, "ShowPublic": "Yes", "EBO": null, "JobsCreated": null, "Neighborhood": "Carver City / Lincoln Gardens", "Council": "6", "EBOAttained": null, "ContractNumber": "18-D-53386", "ActivityStatus": null, "ProjectSiteURL": "https://www.tampa.gov/project/trans20135", "RelatedProject": null, "MapScale": 6000, "WMBESLBE": null, "ORACLEID": null, "EBUILDERID": null, "COMPROCUREMENT": null, "WATER": null, "WASTEWATER": null, "STORMWATER": null, "TRANSPORTATION": "TIP FY23, TIP FY24", "OBJECTID": 675, "GlobalID": "{721D43E6-2AE5-4AC9-B3D8-EFB0B5B60BF6}", "ProjectNumerical": null, "Shape__Length": 7721.389222927814}}, {"type": "Feature", "id": 680, "geometry": {"type": "MultiLineString", "coordinates": [[[-82.45074556500509, 28.01896503864483], [-82.45095337716775, 28.018524650763464], [-82.45107563216683, 28.018350366283734], [-82.45104043339165, 28.018340638381787], [-82.45104802758634, 28.01832458586479], [-82.45097851614342, 28.018323527143924], [-82.44917018260173, 28.018295956249336], [-82.44900622354973, 28.01829345540693], [-82.44858343326587, 28.018278540387822], [-82.4485519576087, 28.01827743028636], [-82.44849832716685, 28.018262756249538], [-82.44846037524039, 28.018213580857818], [-82.44845078863425, 28.01812483633743], [-82.44845553926828, 28.017518086750787], [-82.44837663132508, 28.017501265296715], [-82.44820713265023, 28.017465130912285], [-82.44808549154037, 28.017451089074868], [-82.44722422598264, 28.01745431479897], [-82.4472169097835, 28.017454342214858], [-82.44720741262898, 28.017165473818597], [-82.44704651129696, 28.017167238070112], [-82.44693818828817, 28.017168425987737], [-82.44671330908206, 28.01718960555489], [-82.4464256834434, 28.017253174172122], [-82.44607737548037, 28.017358225954133], [-82.44589047313286, 28.01747462715019], [-82.445784948491, 28.017597857970955], [-82.44557557211078, 28.017692616176326], [-82.44548701948146, 28.017657253750198], [-82.44545463974124, 28.017595534980295], [-82.4454541074036, 28.017466181558618], [-82.44545402355644, 28.017445807345435], [-82.4454350298889, 28.017395959627176], [-82.44526013688053, 28.017189756612964], [-82.44468170967849, 28.016535417907765], [-82.4444877123572, 28.016315959788006], [-82.44430731320102, 28.016111881323194], [-82.44425789567889, 28.016053974033877], [-82.4439135367594, 28.015650450218967], [-82.44374599551789, 28.01546765056787], [-82.44357594193781, 28.01535996956674], [-82.44322404954298, 28.015137141427946], [-82.44301114270363, 28.014996002265477], [-82.44270094308, 28.014713289241822], [-82.44265087338752, 28.014488804921555], [-82.4426346784487, 28.014374945600373], [-82.44255872337975, 28.014115580006617], [-82.44249789275659, 28.013923080804542], [-82.44243335265818, 28.013733490228642], [-82.44233908025622, 28.01357983973109], [-82.44211503599178, 28.013315371667], [-82.44186640149628, 28.013131234963414], [-82.44180213539394, 28.01310432516785], [-82.44166592232357, 28.013047288726213], [-82.44159969971705, 28.013051978326388], [-82.44144209977728, 28.013088885774597], [-82.4411793060303, 28.013240182097164], [-82.44075619167069, 28.013483778430462], [-82.44029743781303, 28.013765910242544], [-82.44022334566885, 28.013797902294492], [-82.43998843670161, 28.013842285732853], [-82.43981109465899, 28.013842225219722], [-82.43962819564359, 28.013842162398387], [-82.43955505617016, 28.013842137317777], [-82.43954000724871, 28.014002200832877], [-82.4395143725972, 28.014274849773148], [-82.43959830444646, 28.014308540677145], [-82.43967347081968, 28.01439044439248], [-82.43972500274371, 28.0144655130586], [-82.4397035612147, 28.01455574365298], [-82.43965008799984, 28.014641635066127], [-82.4395323053906, 28.01483082107147], [-82.43944181633049, 28.01497616660635], [-82.43942266364533, 28.015005091264523], [-82.43927630614263, 28.01522612944602], [-82.43861190312761, 28.01623836190337], [-82.43857413353449, 28.016295904259895], [-82.43853217692664, 28.01635982462717], [-82.4381417721894, 28.016951441057692], [-82.43770930549867, 28.017615907009443], [-82.43769248237427, 28.01764227561275], [-82.43751939662027, 28.017945318224452]], [[-82.45074556500509, 28.01896503864483], [-82.45061146245473, 28.019248322410967], [-82.45124174775246, 28.0193852471626], [-82.45128933092029, 28.019395579561508], [-82.45127807808736, 28.020267197627827], [-82.4512795549622, 28.020552861252032], [-82.45128352096535, 28.021190369213887], [-82.45127529243938, 28.0212140707883], [-82.45138984445077, 28.02120059710234]], [[-82.45061399593696, 28.019245253150878], [-82.45074556500509, 28.01896503864483]]]}, "properties": {"FACILITYID": "162476", "projid": "TRANS20031", "projname": "Green ARTery - Segment D", "projdesc": "This project provides for traffic calming and  bike and pedestrian improvements for this segment of the Green ARTery.", "rationale": "Bike & Pedestrian Improvements", "projtype": "Transportation", "safety": "Yes", "mandate": "No", "repair": "No", "replace": "No", "expand": "No", "efficient": "No", "fiscalyr": "2025", "fundsource": "Multiple Funding", "planstart": 1738108800000, "planend": 1754179200000, "estcost": 532787, "pocname": "Nina Mabilleau, E. I.", "pocphone": "813-274-8542", "pocemail": "GreenARTerySegD@tampagov.net", "funded": "Yes", "projphase": "P5: Closeout", "actstart": null, "actend": null, "actcost": 490694.4, "status": "Closeout", "docpath": "https://www.tampa.gov/project/trans20031", "CreationDate": 1610668412000, "Creator": "PWK3", "EditDate": 1759413177000, "Editor": "PWLR", "MultiYear": "No", "NumVotes": null, "ShowPublic": "Yes", "EBO": null, "JobsCreated": null, "Neighborhood": "Old Seminole Heights", "Council": "5,6", "EBOAttained": null, "ContractNumber": "24-C-00012", "ActivityStatus": null, "ProjectSiteURL": "<a href=\"https://apps.tampagov.net/Directory_Lister/FileHandler.ashx?file=GIS%2f1001516.pdf\">1001516</a>", "RelatedProject": null, "MapScale": 6000, "WMBESLBE": null, "ORACLEID": null, "EBUILDERID": null, "COMPROCUREMENT": "NO", "WATER": null, "WASTEWATER": null, "STORMWATER": null, "TRANSPORTATION": "TIP FY23, TIP FY24", "OBJECTID": 680, "GlobalID": "{396FF435-6D72-4CCE-A9BC-8D25F80B979F}", "ProjectNumerical": 1001516, "Shape__Length": 8251.997628084184}}, {"type": "Feature", "id": 681, "geometry": {"type": "MultiLineString", "coordinates": [[[-82.46780900443721, 28.0106237433922], [-82.46779931134301, 28.010781187156486], [-82.46793675740025, 28.01088767041342], [-82.46797591737243, 28.01104788700005], [-82.46810229450972, 28.011202219812912], [-82.4681701848548, 28.01132440596142], [-82.46817374508579, 28.01141009329293], [-82.46817785216106, 28.011553578607085], [-82.46817633663949, 28.0120848828287], [-82.46811757769218, 28.012247942398684], [-82.46798732633438, 28.012270520065034], [-82.46790303675098, 28.01240625505621], [-82.46787656669527, 28.012506625637542], [-82.46787978603587, 28.013251550442327]], [[-82.46787978603587, 28.013251550442327], [-82.46787637573682, 28.014990243011436], [-82.4678747474154, 28.015820638903293], [-82.46787747183109, 28.01645095896864], [-82.46788737493932, 28.017152231224706], [-82.46788808135142, 28.01720226795643]], [[-82.46788808135142, 28.01720226795643], [-82.46787978603587, 28.013251550442327]], [[-82.46788808135142, 28.01720226795643], [-82.46789298040298, 28.017549207991667], [-82.46789028386549, 28.018034072727495], [-82.46788995341191, 28.018093593624954]], [[-82.46788995341191, 28.018093593624954], [-82.46788808135142, 28.01720226795643]], [[-82.46788995341191, 28.018093593624954], [-82.46782642638061, 28.018090907751997], [-82.4678237698418, 28.018090794970192], [-82.46776617018514, 28.018088359613984], [-82.46523877603391, 28.01807619832495], [-82.46516313428774, 28.018409302033252], [-82.46506609870893, 28.01876975501205], [-82.46497037291275, 28.01898881591828], [-82.46481915726937, 28.019259120579516], [-82.4644297386401, 28.01980753678055], [-82.46423852331725, 28.02002186636582], [-82.46375150386439, 28.020487624443525], [-82.46352601218037, 28.02069659743065], [-82.46316658416335, 28.020992385951235], [-82.46275838093146, 28.02120234603365], [-82.46226229062854, 28.021444402132946], [-82.46206184130195, 28.021496176586798], [-82.46136341819272, 28.021640342862238], [-82.46092950157544, 28.021716562961974], [-82.46046048433634, 28.021770877974756], [-82.46023776059775, 28.021789475380185], [-82.45966597255, 28.021805225631628], [-82.4595189022032, 28.021809276551473], [-82.45951075841123, 28.022446940651633]]]}, "properties": {"FACILITYID": "162477", "projid": "TRANS20032", "projname": "Green ARTery - Segment E", "projdesc": "This project provides for traffic calming and  bike and pedestrian improvements for this segment of the Green ARTery.", "rationale": "Bike & Pedestrian Improvements", "projtype": "Transportation", "safety": "Yes", "mandate": "No", "repair": "No", "replace": "No", "expand": "No", "efficient": "No", "fiscalyr": "2025", "fundsource": "Multiple Funding", "planstart": 1738195200000, "planend": 1760227200000, "estcost": 1188166, "pocname": "Nina Mabilleau, E. I.", "pocphone": "813-274-8542", "pocemail": "GreenARTery-SegmentEProject@tampagov.net", "funded": "Yes", "projphase": "P5: Closeout", "actstart": null, "actend": null, "actcost": 1188165.66, "status": "Closeout", "docpath": "https://www.tampa.gov/project/trans20032", "CreationDate": 1610668412000, "Creator": "PWK3", "EditDate": 1765893247000, "Editor": "PWLR", "MultiYear": "No", "NumVotes": null, "ShowPublic": "Yes", "EBO": null, "JobsCreated": null, "Neighborhood": "Lowry Park Central", "Council": "5,6", "EBOAttained": null, "ContractNumber": "24-C-00013", "ActivityStatus": null, "ProjectSiteURL": "<a href=\"https://apps.tampagov.net/Directory_Lister/FileHandler.ashx?file=GIS%2f1001517.pdf\">1001517</a>", "RelatedProject": null, "MapScale": 6000, "WMBESLBE": null, "ORACLEID": null, "EBUILDERID": null, "COMPROCUREMENT": "NO", "WATER": null, "WASTEWATER": null, "STORMWATER": null, "TRANSPORTATION": "TIP FY23, TIP FY24", "OBJECTID": 681, "GlobalID": "{5A423F23-E01B-4DF2-B7FC-E4B1E56E3D31}", "ProjectNumerical": 1001517, "Shape__Length": 8165.054722188789}}, {"type": "Feature", "id": 693, "geometry": {"type": "LineString", "coordinates": [[-82.45023536328462, 28.043532851990022], [-82.45024984046695, 28.03995239029535]]}, "properties": {"FACILITYID": "162489", "projid": "TRANS20009", "projname": "Sidewalks- 9th St (Bougainvillea Ave to Linebaugh Ave)", "projdesc": "This project provides for new sidewalk.", "rationale": "Bike & Pedestrian Improvements", "projtype": "Transportation", "safety": "Yes", "mandate": "No", "repair": "No", "replace": "No", "expand": "No", "efficient": "No", "fiscalyr": "2023", "fundsource": "Sidewalk In-Lieu Fees", "planstart": 1682654400000, "planend": 1693454400000, "estcost": 85000, "pocname": "Jolanta Olbinska, P. E. ", "pocphone": "813-274-8122", "pocemail": "jola.olbinska@tampagov.net", "funded": "Yes", "projphase": "P5: Closeout", "actstart": null, "actend": null, "actcost": null, "status": "Closeout", "docpath": null, "CreationDate": 1610668412000, "Creator": "PWK3", "EditDate": 1708979978000, "Editor": "PWK3", "MultiYear": "Yes", "NumVotes": null, "ShowPublic": "Yes", "EBO": null, "JobsCreated": null, "Neighborhood": "North Tampa Community", "Council": "7", "EBOAttained": null, "ContractNumber": null, "ActivityStatus": null, "ProjectSiteURL": "<a href=\"https://apps.tampagov.net/Directory_Lister/FileHandler.ashx?file=GIS%2f1001183 - TRANS20009.pdf\">1001183 - TRANS20009</a>", "RelatedProject": null, "MapScale": 6000, "WMBESLBE": null, "ORACLEID": null, "EBUILDERID": null, "COMPROCUREMENT": null, "WATER": null, "WASTEWATER": null, "STORMWATER": null, "TRANSPORTATION": null, "OBJECTID": 693, "GlobalID": "{4A783BDA-EFDA-4D27-95D3-D06E0871D549}", "ProjectNumerical": null, "Shape__Length": 1301.7556618101446}}, {"type": "Feature", "id": 701, "geometry": {"type": "LineString", "coordinates": [[-82.52418867627377, 27.94854327437096], [-82.50567009471835, 27.94856260062933], [-82.50359734074107, 27.94858888045444], [-82.50279196880288, 27.94859019997516], [-82.4994701449121, 27.94855951274627], [-82.49535567109963, 27.948507500979748], [-82.49432875967837, 27.948491969175965], [-82.49327000037013, 27.94848000005814], [-82.48780008566659, 27.948477622007474], [-82.47674387548854, 27.94836422379623]]}, "properties": {"FACILITYID": "162497", "projid": "TRANS20030", "projname": "Gray St Bike Blvd. (West Shore Blvd to Rome Ave)", "projdesc": "This project provides for a bike boulevard connecting Westshore to West Tampa.", "rationale": "Complete Streets & Safety Improvements", "projtype": "Transportation", "safety": "Yes", "mandate": "No", "repair": "Yes", "replace": "No", "expand": "No", "efficient": "No", "fiscalyr": "2024", "fundsource": "Westshore DRI", "planstart": 1696118400000, "planend": 1727654400000, "estcost": 500000, "pocname": "Jorge Uy, P. E.", "pocphone": "813-274-7522", "pocemail": "jorge.uy@tampagov.net", "funded": "Yes", "projphase": "P5: Closeout", "actstart": null, "actend": null, "actcost": null, "status": "Closeout", "docpath": "https://www.tampa.gov/mobility/transportation/projects/complete-streets/gray-street", "CreationDate": 1610668412000, "Creator": "PWK3", "EditDate": 1729172194000, "Editor": "PWLR", "MultiYear": "No", "NumVotes": null, "ShowPublic": "Yes", "EBO": null, "JobsCreated": null, "Neighborhood": "Oakford Park", "Council": "5,6", "EBOAttained": null, "ContractNumber": null, "ActivityStatus": null, "ProjectSiteURL": "<a href=\"https://apps.tampagov.net/Directory_Lister/FileHandler.ashx?file=GIS%2f1001179 - TRANS20030.pdf\">1001179 - TRANS20030</a>", "RelatedProject": null, "MapScale": 6000, "WMBESLBE": null, "ORACLEID": null, "EBUILDERID": null, "COMPROCUREMENT": null, "WATER": null, "WASTEWATER": null, "STORMWATER": null, "TRANSPORTATION": "TIP FY23, TIP FY24", "OBJECTID": 701, "GlobalID": "{C22EC0E1-3324-45B9-B640-8070D46BFF45}", "ProjectNumerical": null, "Shape__Length": 15318.263909981168}}, {"type": "Feature", "id": 710, "geometry": {"type": "LineString", "coordinates": [[-82.51592018198536, 27.952226110247942], [-82.51587816041194, 27.957637522028087]]}, "properties": {"FACILITYID": "162506", "projid": "TRANS20044", "projname": "Sidewalks- Hubert St (W Cypress to W Main St)", "projdesc": "This project provides for a new sidewalk 2,000 feet in length and 5 feet in width along both sides of N Hubert Ave, extending from W Cypress St to W Main St, as well as filling any sidewalk gaps within that range. These improvements will contribute to increased school and pedestrian safety, multimodal network connection, and increased access to the local Loretta Ingraham Recreation Complex. ", "rationale": "Bike & Pedestrian Improvements", "projtype": "Transportation", "safety": "Yes", "mandate": "No", "repair": "No", "replace": "No", "expand": "No", "efficient": "No", "fiscalyr": "2025", "fundsource": "Transportation Impact Fees", "planstart": 1748736000000, "planend": 1761868800000, "estcost": 320000, "pocname": "Robert Hatton, P. E.", "pocphone": "813-274-1289", "pocemail": "robert.hatton@tampagov.net", "funded": "Yes", "projphase": "P5: Closeout", "actstart": null, "actend": null, "actcost": null, "status": "Closeout", "docpath": null, "CreationDate": 1610668412000, "Creator": "PWK3", "EditDate": 1764685286000, "Editor": "PWLR", "MultiYear": "Yes", "NumVotes": null, "ShowPublic": "Yes", "EBO": null, "JobsCreated": null, "Neighborhood": "Carver City / Lincoln Gardens", "Council": "6", "EBOAttained": null, "ContractNumber": null, "ActivityStatus": null, "ProjectSiteURL": "<a href=\"https://apps.tampagov.net/Directory_Lister/FileHandler.ashx?file=GIS%2f1001594 - TRANS20044.pdf\">1001594 - TRANS20044</a>", "RelatedProject": null, "MapScale": 6000, "WMBESLBE": null, "ORACLEID": null, "EBUILDERID": null, "COMPROCUREMENT": null, "WATER": null, "WASTEWATER": null, "STORMWATER": null, "TRANSPORTATION": null, "OBJECTID": 710, "GlobalID": "{B81798C0-80FF-4346-97E7-F72A6F35E244}", "ProjectNumerical": null, "Shape__Length": 1967.462113034729}}, {"type": "Feature", "id": 749, "geometry": {"type": "LineString", "coordinates": [[-82.44296963006717, 27.964400367772505], [-82.44296000025916, 27.964669999592193], [-82.44295999964875, 27.964750000168085], [-82.44296999972032, 27.96497999985368], [-82.44297000042913, 27.965189999992795], [-82.44297000018551, 27.965459999650356], [-82.44296000012537, 27.966030000199417], [-82.44294000001656, 27.96684000025224], [-82.44294999966719, 27.967429999613483], [-82.44295000004848, 27.967620000446978], [-82.44295000020546, 27.967910000143082], [-82.4429499999813, 27.968009999911907], [-82.44295000037368, 27.968199999826997], [-82.44295000033698, 27.968310000108794], [-82.44295000012552, 27.968689999920503], [-82.44295999992524, 27.970479999613836]]}, "properties": {"FACILITYID": "162544", "projid": "TRANS20039", "projname": "Green Spine Cycle Track, Phase 3C", "projdesc": "This project provides for a bi-directional cycle track along 15th St. from 13th Avenue to 21st Ave.", "rationale": "Bike & Pedestrian Improvements", "projtype": "Transportation", "safety": "Yes", "mandate": "No", "repair": "No", "replace": "No", "expand": "No", "efficient": "No", "fiscalyr": "2024", "fundsource": "Multiple Funding", "planstart": 1717027200000, "planend": 1761868800000, "estcost": 1302470, "pocname": "Nina Mabilleau, E. I.", "pocphone": "813-274-8542", "pocemail": "nina.mabilleau@tampagov.net", "funded": "Yes", "projphase": "P5: Closeout", "actstart": null, "actend": null, "actcost": 2544487, "status": "Closeout", "docpath": "https://www.tampa.gov/project/trans20039", "CreationDate": 1610668412000, "Creator": "PWK3", "EditDate": 1765891221000, "Editor": "PWLR", "MultiYear": "Yes", "NumVotes": null, "ShowPublic": "Yes", "EBO": null, "JobsCreated": null, "Neighborhood": "VM Ybor", "Council": "5", "EBOAttained": null, "ContractNumber": "21-C-00022", "ActivityStatus": "Construction", "ProjectSiteURL": "<a href=\"https://apps.tampagov.net/Directory_Lister/FileHandler.ashx?file=GIS%2f1001962.pdf\">1001962</a>", "RelatedProject": null, "MapScale": 6000, "WMBESLBE": null, "ORACLEID": null, "EBUILDERID": null, "COMPROCUREMENT": "YES", "WATER": null, "WASTEWATER": null, "STORMWATER": null, "TRANSPORTATION": "TIP FY23", "OBJECTID": 749, "GlobalID": "{F60195D5-8E73-459C-B8FD-8FC6C7ED499C}", "ProjectNumerical": 1002092, "Shape__Length": 2210.583956352805}}, {"type": "Feature", "id": 750, "geometry": {"type": "LineString", "coordinates": [[-82.47261163724711, 27.949828162540708], [-82.4726000003323, 27.949830000095325], [-82.47242000004108, 27.949860000450244], [-82.47226000035336, 27.94987000039981], [-82.47175000034258, 27.949890000357456], [-82.47092999951754, 27.949880000094797], [-82.47010999980762, 27.949870000356498], [-82.46929000019283, 27.94986000024365], [-82.46911999998726, 27.949860000334596], [-82.46894000012381, 27.949859999988526], [-82.4686800003684, 27.949950000381335], [-82.46847999975593, 27.950030000432406], [-82.46847409385924, 27.950032215196003], [-82.4681600004396, 27.950149999849003], [-82.46785999997388, 27.950249999896133], [-82.46760000023264, 27.95031000029617], [-82.46735000006558, 27.95031999973206], [-82.46707000040796, 27.950319999812926], [-82.46648999964621, 27.950320000171775], [-82.46625999994532, 27.950299999564447], [-82.46604999972037, 27.950280000349423], [-82.4656899996648, 27.950240000130616], [-82.46554999992019, 27.95023999990632], [-82.46414999981998, 27.95016999968511], [-82.46394999988108, 27.950149999637805], [-82.46384000020792, 27.95013000018483], [-82.46359999969236, 27.95013000009823], [-82.46350999951443, 27.950139999583392], [-82.46336000019697, 27.95014999974351]]}, "properties": {"FACILITYID": "162545", "projid": "TRANS20035", "projname": "Green Spine Cycle Track, Segment 2B", "projdesc": "This project provides for a bi-directional cycle track along Cass St. from Willow Ave.to Maccines St.", "rationale": "Bike & Pedestrian Improvements", "projtype": "Transportation", "safety": "Yes", "mandate": "No", "repair": "No", "replace": "No", "expand": "No", "efficient": "No", "fiscalyr": "2023", "fundsource": "Transportation Impact Fees", "planstart": 1675141200000, "planend": 1682654400000, "estcost": 392000, "pocname": "Nina Mabilleau, E. I.", "pocphone": "813-274-8542", "pocemail": "nina.mabilleau@tampagov.net", "funded": "Yes", "projphase": "P5: Closeout", "actstart": null, "actend": null, "actcost": null, "status": "Closeout", "docpath": "https://www.tampagov.net/tss-transportation/info/projects/green_spine", "CreationDate": 1610668412000, "Creator": "PWK3", "EditDate": 1716990514000, "Editor": "PWLR", "MultiYear": "No", "NumVotes": null, "ShowPublic": "Yes", "EBO": null, "JobsCreated": null, "Neighborhood": "West Riverfront Neighborhood Crimewatch Association, Inc.", "Council": "5", "EBOAttained": null, "ContractNumber": null, "ActivityStatus": null, "ProjectSiteURL": "<a href=\"https://apps.tampagov.net/Directory_Lister/FileHandler.ashx?file=GIS%2f1000254-TRANS20035.pdf\">1000254-TRANS20035</a>", "RelatedProject": null, "MapScale": 6000, "WMBESLBE": null, "ORACLEID": null, "EBUILDERID": null, "COMPROCUREMENT": null, "WATER": null, "WASTEWATER": null, "STORMWATER": null, "TRANSPORTATION": null, "OBJECTID": 750, "GlobalID": "{DBA85685-913C-41AF-9F2F-89FBB2D7FBCF}", "ProjectNumerical": null, "Shape__Length": 3022.876446317765}}, {"type": "Feature", "id": 755, "geometry": {"type": "LineString", "coordinates": [[-82.49939638607282, 27.956558930826233], [-82.49936999991972, 27.95759000001801], [-82.49938000024939, 27.95797999988192], [-82.49937000000372, 27.958729999552954], [-82.49936999951042, 27.959419999657324], [-82.49936000024677, 27.960170000072527], [-82.49935999998148, 27.96090000015965], [-82.49935999950425, 27.961619999688946], [-82.49935999998239, 27.96236999967957], [-82.49937000022459, 27.963080000188114]]}, "properties": {"FACILITYID": "204624", "projid": "TRANS20136", "projname": "Glen Ave Sidewalk and Safety Improvements (Green St to Beach St)", "projdesc": "This project provides for drainage improvements and sidewalk construction.", "rationale": "Bike & Pedestrian Improvements", "projtype": "Transportation", "safety": "Yes", "mandate": "No", "repair": "No", "replace": "No", "expand": "No", "efficient": "No", "fiscalyr": "2025", "fundsource": "Multiple Funding", "planstart": 1746057600000, "planend": 1780099200000, "estcost": 1672823.61, "pocname": "Robert Hatton, P. E.", "pocphone": "813-274-1289", "pocemail": "glenave@tampagov.net", "funded": "Yes", "projphase": "P5: Closeout", "actstart": null, "actend": null, "actcost": 1672823.61, "status": "Closeout", "docpath": "https://www.tampa.gov/project/trans20136", "CreationDate": 1610668412000, "Creator": "PWK3", "EditDate": 1780054158000, "Editor": "PWLR", "MultiYear": "Yes", "NumVotes": null, "ShowPublic": "Yes", "EBO": null, "JobsCreated": null, "Neighborhood": "Macfarlane Park", "Council": "6", "EBOAttained": null, "ContractNumber": "18-D-57101 \nO#1; WA#1", "ActivityStatus": null, "ProjectSiteURL": "https://www.tampa.gov/project/trans20136", "RelatedProject": null, "MapScale": 6000, "WMBESLBE": null, "ORACLEID": null, "EBUILDERID": null, "COMPROCUREMENT": null, "WATER": null, "WASTEWATER": null, "STORMWATER": null, "TRANSPORTATION": null, "OBJECTID": 755, "GlobalID": "{C265089C-1C55-4BD4-B41F-845B0FB424B3}", "ProjectNumerical": null, "Shape__Length": 2371.040003916832}}, {"type": "Feature", "id": 764, "geometry": {"type": "LineString", "coordinates": [[-82.4346449129312, 27.938251486087562], [-82.43429864578317, 27.939000513151328], [-82.43387389536622, 27.94018354694643], [-82.43358291316252, 27.94086353457468], [-82.43312329564941, 27.941924742239173], [-82.43282667265406, 27.942264398305387], [-82.43259697526352, 27.9425507742484], [-82.43226994190648, 27.942958485527466], [-82.43181046593254, 27.943660027166267], [-82.4313598920456, 27.944367495295126], [-82.43092090643371, 27.945060486114983], [-82.43048295210788, 27.945761504679314], [-82.43004897067111, 27.94644843535585]]}, "properties": {"FACILITYID": "162624", "projid": "TRANS20141", "projname": "Bermuda Blvd Complete Streets and Seawall (Design) ", "projdesc": "This project is for the design* of the roadway and seawall along Bermuda Blvd.  The design will include the following: \r\n• Reconstructing/replacing and amenitizing the existing seawall on Bermuda Blvd. including an 8 ft. wide seawall trail. \r\n• Installation of backflow preventers at the seawall outfall pipes. \r\n• Implementation of Complete Streets concept to support the mobility needs of all along Bermuda Blvd. \r\n• Roadway resurfacing and narrowing travel lanes. \r\n• Installation of tree wells and bioswales along the roadway shoulders. \r\n• Connects to the proposed Green ARTery Perimeter Trail. *Construction for this design will be performed under the Pathway to Palmetto (Design-Build) Project.", "rationale": "• Improved resiliency of the entire community from flooding and storm damage.\r\n• Will establish a new waterfront boulevard and trail. \r\n• Improved connections between the Palmetto Beach neighborhood and Downtown Tampa.\r\n• Improved habitat in McKay Bay.\r\n• Improved vitality of the neighborhood through the incorporation of Complete Streets improvements to improve roadway safety and ensure accessibility for all users.", "projtype": "Transportation", "safety": "Yes", "mandate": "No", "repair": "No", "replace": "No", "expand": "No", "efficient": "No", "fiscalyr": "2028", "fundsource": "Multiple Funding", "planstart": null, "planend": null, "estcost": 3954400, "pocname": "Nirav Patel, P. E.", "pocphone": "813-274-5562", "pocemail": "bermudablvdcompletest&seawallproject@tampagov.net", "funded": "No", "projphase": "P1: Planning", "actstart": null, "actend": null, "actcost": 0, "status": "Planning", "docpath": null, "CreationDate": 1615300975000, "Creator": "PWK3", "EditDate": 1756821445000, "Editor": "PWLR", "MultiYear": "Yes", "NumVotes": null, "ShowPublic": "Yes", "EBO": null, "JobsCreated": null, "Neighborhood": "Palmetto Beach Community Association", "Council": "5", "EBOAttained": null, "ContractNumber": "25-D-00015", "ActivityStatus": null, "ProjectSiteURL": "https://www.tampa.gov/project/trans20141", "RelatedProject": null, "MapScale": 6000, "WMBESLBE": null, "ORACLEID": null, "EBUILDERID": null, "COMPROCUREMENT": null, "WATER": null, "WASTEWATER": null, "STORMWATER": null, "TRANSPORTATION": "TIP FY23, TIP FY24", "OBJECTID": 764, "GlobalID": "{1B9C9DD0-B444-4B44-B44A-4CFBC9C69612}", "ProjectNumerical": 1002584, "Shape__Length": 3347.210598621659}}, {"type": "Feature", "id": 766, "geometry": {"type": "MultiLineString", "coordinates": [[[-82.45948234402537, 27.9436191076871], [-82.45931217088082, 27.94350436156531], [-82.45929603396894, 27.943293876124823], [-82.45943550510684, 27.94317537064776], [-82.45918129556766, 27.941866947182948], [-82.45886685778852, 27.94181379744114], [-82.45881528823969, 27.941528832873306], [-82.45922781692828, 27.941418093206615], [-82.45929022882744, 27.941477954168402], [-82.45933365759646, 27.941442318281553], [-82.45944175668646, 27.94156104638091], [-82.4768307011392, 27.941719103324342], [-82.47678127242025, 27.945803293856038], [-82.47678149269414, 27.946082537086287], [-82.47678137852432, 27.946819909526138], [-82.47677732989763, 27.94761586921997], [-82.47678035432294, 27.94836189467579], [-82.47678336204704, 27.94910385835678], [-82.47678638345393, 27.949829937673684], [-82.47676208030785, 27.950556652999612], [-82.47675533860483, 27.951292874784702], [-82.47674819286368, 27.952032435908315], [-82.47674180146063, 27.952752861432828], [-82.47673141347674, 27.953479618500264], [-82.47672479973028, 27.954206813625312], [-82.4767205222014, 27.95493165431642], [-82.47671137659411, 27.956399116800615], [-82.47668424383026, 27.959229052635287]], [[-82.46199201236453, 27.94670230616722], [-82.46284826811971, 27.947552737584264], [-82.46297809414368, 27.94784675271926], [-82.46514370509841, 27.949467948741532], [-82.465470735333, 27.94998363469799], [-82.46617450455378, 27.949981253213906], [-82.46659123970734, 27.94998173819736], [-82.46660846050781, 27.95040558226425], [-82.46659821821177, 27.950405413036563], [-82.46557665563125, 27.950388564029353], [-82.46585297052174, 27.951980683364727], [-82.46611942224722, 27.95396331835167], [-82.46544369920622, 27.954199296050426], [-82.46512354301935, 27.955524628676276], [-82.46516209262006, 27.95574706183187], [-82.46482577849588, 27.95716414391534], [-82.46463745975163, 27.958140496093275], [-82.46466457212122, 27.958852606008275], [-82.46514814150098, 27.959392245602494], [-82.46597551291684, 27.959674327856966], [-82.46648085818221, 27.959679737763047], [-82.46705052404022, 27.95972053756429], [-82.46725110696407, 27.95973410126739], [-82.46748059380789, 27.959748089900017], [-82.4676564282325, 27.959748392229695], [-82.46784120187047, 27.95970713592911], [-82.46801757990092, 27.959685512795], [-82.46845449986556, 27.959790546805596], [-82.4686441320556, 27.959821950302565], [-82.46888370409673, 27.95992529409957], [-82.46909157366873, 27.9600007022363], [-82.46924967567193, 27.960044230656724], [-82.46937159705313, 27.96006785149521], [-82.46943172789628, 27.96007565890581], [-82.46956763091907, 27.960118781691147], [-82.46974704577603, 27.96020790688832], [-82.46988589091816, 27.960263839853486], [-82.4700189393218, 27.96031466317544], [-82.47010854152839, 27.96033486891554], [-82.4701952453225, 27.960352519850158], [-82.47025016424058, 27.960365151845505], [-82.47035422643347, 27.96039043550934], [-82.4704496701262, 27.96042600444489], [-82.47078007616527, 27.960705023261173], [-82.47109826184186, 27.960923019720997], [-82.47126824206325, 27.9611039656202], [-82.47195453915955, 27.96167123557858], [-82.47212435957066, 27.961814623537116], [-82.4721834466762, 27.961848738475663], [-82.47224569737804, 27.961876666332632], [-82.47231046593879, 27.961898117407493], [-82.47237708050288, 27.961912869184513], [-82.47244485006583, 27.961920768640933], [-82.47251307164214, 27.961921733834323], [-82.47258103755753, 27.96191575475256], [-82.47264804278971, 27.961902893417697], [-82.47271339228173, 27.96188328324261], [-82.47277640815192, 27.961857127647054], [-82.47283643672567, 27.96182469794759], [-82.47288894664318, 27.961802901324106], [-82.47294369745734, 27.961787580339077], [-82.47299989382567, 27.961778957554134], [-82.47305671940671, 27.961777158228905], [-82.47311334871874, 27.96178220850145], [-82.4731689591311, 27.96179403500855], [-82.4732227428143, 27.961812465951404], [-82.47327391847497, 27.96183723359133], [-82.47332174270542, 27.96186797813904], [-82.47336552078282, 27.961904252981185], [-82.47340181069981, 27.961928279476428], [-82.47344120127256, 27.96194678929348], [-82.47348285970595, 27.961959391097963], [-82.47352590525779, 27.961965818462648], [-82.4735694278594, 27.96196593550025], [-82.47361250735636, 27.961959739736358], [-82.47441625974662, 27.96197575044941], [-82.47571018000532, 27.96194402023991], [-82.47599013628792, 27.962201625904093], [-82.47664148373892, 27.962205461870493]], [[-82.4766836098609, 27.95929526462984], [-82.47664148373892, 27.962205461870493]], [[-82.47664148373892, 27.962205461870493], [-82.47658037661903, 27.966426844275922]], [[-82.47657736072696, 27.966635214584173], [-82.47431532491892, 27.96690196659586], [-82.47308366937436, 27.966928265044874], [-82.47107841797236, 27.966920578739945], [-82.46908207035864, 27.96692189304493]], [[-82.46908207035864, 27.96692189304493], [-82.46929289257913, 27.96600392930384], [-82.46946716252745, 27.965087083408196], [-82.46925255844519, 27.96416082240706], [-82.46928883961978, 27.963264752995446], [-82.46810208799528, 27.963250203427467], [-82.46817508373061, 27.96181031445199], [-82.4683016147777, 27.960979145128327], [-82.46772446201844, 27.960766545399068]], [[-82.46908207035864, 27.96692189304493], [-82.46767000847008, 27.96692272341281]]]}, "properties": {"FACILITYID": "207627", "projid": "TRANS20079", "projname": "West River District Multi-Modal Network and Safety Improvements BUILD Segments 1-6", "projdesc": "This project provides for design and construction of a multimodal network for the West River Area.", "rationale": "Bike & Pedestrian Improvements / Complete Streets", "projtype": "Transportation", "safety": "Yes", "mandate": "No", "repair": "No", "replace": "No", "expand": "Yes", "efficient": "Yes", "fiscalyr": "2026", "fundsource": "Multiple Funding", "planstart": 1763337600000, "planend": 1812672000000, "estcost": 56860000, "pocname": "Nina Mabilleau, E. I.", "pocphone": "813-274-8542", "pocemail": "info@WestRiverBUILD.com", "funded": "Yes", "projphase": "P4: Construction", "actstart": 1762128000000, "actend": null, "actcost": null, "status": "Construction in Progress", "docpath": "https://www.tampa.gov/tss/west-river-build", "CreationDate": 1615309110000, "Creator": "PWK3", "EditDate": 1786370408000, "Editor": "PWLR", "MultiYear": "Yes", "NumVotes": null, "ShowPublic": "Yes", "EBO": null, "JobsCreated": null, "Neighborhood": "Multiple Neighborhoods", "Council": "4,5,6", "EBOAttained": null, "ContractNumber": "22-C-00001", "ActivityStatus": "CST", "ProjectSiteURL": "<a href=\"https://apps.tampagov.net/Directory_Lister/FileHandler.ashx?file=GIS%2f1002096 - TRANS20079.pdf\">1002096 - TRANS20079</a>", "RelatedProject": null, "MapScale": 6000, "WMBESLBE": null, "ORACLEID": null, "EBUILDERID": "22-C-00001", "COMPROCUREMENT": "NO", "WATER": null, "WASTEWATER": null, "STORMWATER": null, "TRANSPORTATION": "TIP FY24", "OBJECTID": 766, "GlobalID": "{B1F6636F-8FD0-42F4-84F1-E0F090372045}", "ProjectNumerical": 1002096, "Shape__Length": 31445.32725805264}}, {"type": "Feature", "id": 1782, "geometry": {"type": "MultiLineString", "coordinates": [[[-82.41215411332716, 27.996166636446794], [-82.41215016129901, 27.996166835993176], [-82.41214660840356, 27.99616665894087]], [[-82.42423981769676, 27.996215309545036], [-82.42427079068058, 27.996216176854656]], [[-82.42430176280236, 27.9962152664152], [-82.42427079068058, 27.996216176854656]], [[-82.42427079068058, 27.996216176854656], [-82.42427188783701, 27.99668688778955]], [[-82.41830982518483, 27.996470590039472], [-82.4183070852854, 27.996840802584764], [-82.41848225228574, 27.99684053130251], [-82.41941204535509, 27.996855567982823], [-82.42034990729537, 27.996870180257723]], [[-82.42259885343701, 27.9966894073205], [-82.42343676430215, 27.996688351105917], [-82.42427188783701, 27.99668688778955]], [[-82.42427188783701, 27.99668688778955], [-82.42427457002057, 27.99737176599463], [-82.42336500221263, 27.997377349779534], [-82.42243375363039, 27.997357891858567]], [[-82.41365412122006, 27.99683721742653], [-82.41291991524622, 27.99683569085619], [-82.41217372604473, 27.996837176040277]], [[-82.42034990729537, 27.996870180257723], [-82.42033600984908, 27.99758851476039]], [[-82.42223859780239, 27.996872918759827], [-82.42130989332846, 27.99687568343399], [-82.42034990729537, 27.996870180257723]], [[-82.42660141513804, 27.997025856009763], [-82.42642273295888, 27.997025515950437]], [[-82.42641951775417, 27.997027457074772], [-82.42641987203385, 27.99736852388436]], [[-82.42641987203385, 27.99736852388436], [-82.42595195179733, 27.997369234182447], [-82.42563092780446, 27.997369719285576], [-82.42519522571472, 27.997370376910222], [-82.4244388066004, 27.997371517233123]], [[-82.41168197622228, 27.997552601039565], [-82.41216007262844, 27.9975588140303], [-82.4126127088195, 27.99756032079562], [-82.41309528853647, 27.99756192562326], [-82.41365345478648, 27.99755706033212]], [[-82.42033600984908, 27.99758851476039], [-82.4196587548549, 27.9975876676928], [-82.41932946810584, 27.997587255482813], [-82.41830578133634, 27.997576319345377], [-82.41829975044438, 27.998274335475617]], [[-82.42201863475978, 27.99760536612563], [-82.42109838293874, 27.99759353679888], [-82.42033600984908, 27.99758851476039]], [[-82.4091867100319, 27.998057180922387], [-82.41004116106151, 27.998054635574857], [-82.41004204630542, 27.999022584956876]], [[-82.41611428829178, 27.998273336664138], [-82.41610948924885, 27.998157591991287]], [[-82.41624596129336, 27.998275814106627], [-82.41611428829178, 27.998273336664138]], [[-82.41829975044438, 27.998274335475617], [-82.41829551536837, 27.998991664834943]], [[-82.41794118848455, 27.998288745346052], [-82.41718087937896, 27.99827552736386], [-82.41624596129336, 27.998275814106627]], [[-82.41425579486575, 27.99830123961617], [-82.41514295768515, 27.998300692777782], [-82.41611428829178, 27.998273336664138]], [[-82.42205212513119, 27.998304223797597], [-82.42120741099004, 27.998298154461583], [-82.42036021246838, 27.99830370333262], [-82.4193315207645, 27.99828958392962], [-82.41829975044438, 27.998274335475617]], [[-82.42423925890938, 27.998364530404643], [-82.4233425036518, 27.998356457232862], [-82.42275961646618, 27.998354018291796]], [[-82.42643401862202, 27.998368208391884], [-82.42641987203385, 27.99736852388436]], [[-82.42642643015208, 27.998661365656016], [-82.42643707456068, 27.999266409859835], [-82.4254141873495, 27.999277020562417], [-82.42453798631409, 27.999276007142328], [-82.42342480971217, 27.999282813734556]], [[-82.40949573941266, 27.998954939582], [-82.41004204630542, 27.999022584956876]], [[-82.41623156686937, 27.998994414171513], [-82.41624596129336, 27.998275814106627]], [[-82.41623156686937, 27.998994414171513], [-82.41622881358316, 27.999639744855198]], [[-82.41829551536837, 27.998991664834943], [-82.41729776555763, 27.99898025886736], [-82.41623156686937, 27.998994414171513]], [[-82.41004204630542, 27.999022584956876], [-82.41122378476214, 27.999016603961127], [-82.41219036301148, 27.999022675248344]], [[-82.41251520862161, 27.999023444518215], [-82.4133345573042, 27.99902081249484], [-82.41412072328444, 27.999020603746608], [-82.4152070290564, 27.999019267026185], [-82.41623156686937, 27.998994414171513]], [[-82.40921799399884, 27.999732458236373], [-82.41024252562327, 27.999712303691933], [-82.41119253791925, 27.99971810289493], [-82.41212447856881, 27.999716446170595]], [[-82.41243677687442, 27.99973716396582], [-82.4133811493579, 27.99973966575408], [-82.41411775546028, 27.999739162890055], [-82.4151831541274, 27.999739193249866], [-82.41613387655391, 27.999732369366438], [-82.41608728429865, 27.999766222548786]], [[-82.42015156616395, 27.99972848320945], [-82.41922817915095, 27.99973923566342], [-82.41829790430569, 27.999742753824503]], [[-82.4180095406779, 27.99974011229254], [-82.41719428282921, 27.99974871660284], [-82.41632758415177, 27.999757621645827], [-82.4162274730978, 27.999640942799616]], [[-82.41829790430569, 27.999742753824503], [-82.41829551536837, 27.998991664834943]], [[-82.42057696074639, 27.99976481220358], [-82.42151184304701, 27.999763339133228], [-82.42243450538648, 27.99976181513085]], [[-82.4261031765418, 27.99975742094145], [-82.42516265731233, 27.999759469667072], [-82.42424612945842, 27.99976242336626], [-82.42334774570261, 27.999765960314605], [-82.42243450538648, 27.99976181513085]], [[-82.42036893753178, 28.00037026493303], [-82.42037080675449, 28.000439824966683]], [[-82.42037080675449, 28.000439824966683], [-82.41932101337451, 28.000453531849843], [-82.41830445814645, 28.000462085139976]], [[-82.41830445814645, 28.000462085139976], [-82.41829790430569, 27.999742753824503]], [[-82.41830445814645, 28.000462085139976], [-82.41726874567647, 28.000461063965997], [-82.4162479748075, 28.0004640596194], [-82.41520638132634, 28.0004743794766], [-82.41411857043303, 28.000477567165337]], [[-82.41265117573887, 28.000479334864256], [-82.41355298951137, 28.000474152795256], [-82.41411857043303, 28.000477567165337]], [[-82.42038408868561, 28.00053013437259], [-82.42037080675449, 28.000439824966683]], [[-82.42646745245075, 28.000558426590473], [-82.4264553292605, 28.000613944224543], [-82.4264543585588, 28.00125134220665]], [[-82.42031105970977, 28.00116233393711], [-82.41912611328, 28.00118027778333], [-82.41829259009243, 28.001172919399576]], [[-82.41829259009243, 28.001172919399576], [-82.41830445814645, 28.000462085139976]], [[-82.41829259009243, 28.001172919399576], [-82.41713045559936, 28.001191555425642], [-82.41622994384265, 28.00119861512191]], [[-82.41622994384265, 28.00119861512191], [-82.41499057198041, 28.00117900801669], [-82.41487184200133, 28.001178853754336]], [[-82.42447428802613, 28.001234978696978], [-82.4244785534288, 28.002227911896153]], [[-82.42662584361263, 28.0012362733295], [-82.4264543585588, 28.00125134220665]], [[-82.42595497221107, 28.001248056918737], [-82.42516416263837, 28.001264829397385]], [[-82.4264543585588, 28.00125134220665], [-82.42645422469379, 28.001466280797946], [-82.42645313204254, 28.002048159353468], [-82.42571059819807, 28.002072323987893], [-82.42518446603727, 28.002228503792978]], [[-82.42516416263837, 28.001264829397385], [-82.42518446603727, 28.002228503792978]], [[-82.42468803076824, 28.001266300893388], [-82.42516416263837, 28.001264829397385]], [[-82.4162225185694, 28.001594635150184], [-82.41622994384265, 28.00119861512191]], [[-82.41299320450862, 28.001933520334667], [-82.41213479700737, 28.00193324270389]], [[-82.42160791185223, 28.00191286133206], [-82.42118800983224, 28.001914410893498], [-82.42035202178353, 28.001926239738992], [-82.41922151051224, 28.001958980863908], [-82.41829194516318, 28.00194132737538]], [[-82.41829194516318, 28.00194132737538], [-82.41829259009243, 28.001172919399576]], [[-82.41829194516318, 28.00194132737538], [-82.41727240706307, 28.00194065960457], [-82.41623488667524, 28.001943549081254]], [[-82.42243443100733, 28.002170870293558], [-82.42243141161606, 28.00137322225721], [-82.42244016335701, 28.000548100245698], [-82.42243629820419, 27.999846642308484], [-82.42243450538648, 27.99976181513085]], [[-82.4244785534288, 28.002227911896153], [-82.42446986187444, 28.002765035545885]], [[-82.42518446603727, 28.002228503792978], [-82.4244785534288, 28.002227911896153]], [[-82.42039583997668, 28.00263186190916], [-82.41950305308978, 28.00265366576311], [-82.41933231047695, 28.002657835058724], [-82.41830579972832, 28.002664435387455], [-82.41829194516318, 28.00194132737538]], [[-82.41251486722973, 28.002661725440902], [-82.41330018107129, 28.002664937549397], [-82.41412058019834, 28.002662341691977]], [[-82.41412058019834, 28.002662341691977], [-82.41411722318169, 28.001935899511608], [-82.41411796088752, 28.00120076465387], [-82.41411857043303, 28.000477567165337]], [[-82.42057882188153, 28.002673531370544], [-82.4215796815937, 28.002660689407236], [-82.42239346456569, 28.00265819171025], [-82.42240242417625, 28.003366050734222]], [[-82.41808008909501, 28.002687627075325], [-82.4171783364873, 28.00269565611109], [-82.41623342610512, 28.00267546435161]], [[-82.42260016778583, 28.00270386177197], [-82.42342107948119, 28.002683738224817], [-82.4242420353978, 28.00266513110109], [-82.42446986187444, 28.002765035545885]], [[-82.42446986187444, 28.002765035545885], [-82.42446595298765, 28.003342635416878]], [[-82.42446595298765, 28.003342635416878], [-82.42447540738362, 28.00342353052973]], [[-82.41605587740109, 28.003373099427154], [-82.4151011978616, 28.003401528687352], [-82.41412047907968, 28.00340198922516], [-82.41341585150725, 28.003397643156266]], [[-82.42240242417625, 28.003366050734222], [-82.42343436412764, 28.003371899588114], [-82.42446595298765, 28.003342635416878]], [[-82.4206051088989, 28.003377448218625], [-82.4215038138472, 28.0033776161139], [-82.42240242417625, 28.003366050734222]], [[-82.41411989184256, 28.003398645766577], [-82.41412058019834, 28.002662341691977]], [[-82.41827300695319, 28.003389389892035], [-82.41828774344265, 28.004079648326066], [-82.41828810463632, 28.004800230719205], [-82.41931468213723, 28.00479776409333], [-82.42034613343387, 28.00479913630288], [-82.42136574373755, 28.00477726487548], [-82.422398997315, 28.00477965844075]], [[-82.4166252532842, 28.00339439295141], [-82.417309767108, 28.003386940419098], [-82.41827300695319, 28.003389389892035]], [[-82.42016026045435, 28.0033865203771], [-82.41995200921764, 28.003386152257367], [-82.4195376764549, 28.00338541927955], [-82.41932291706426, 28.00338503667711], [-82.419283870279, 28.003384968962667], [-82.41926466919837, 28.003384937276838], [-82.41889279348257, 28.00338615292655], [-82.41827300695319, 28.003389389892035]], [[-82.42624563477801, 28.003416007072776], [-82.42535343108068, 28.003426010270815], [-82.42447540738362, 28.00342353052973]], [[-82.42447540738362, 28.00342353052973], [-82.42446418244026, 28.004086303201884]], [[-82.41727353980613, 28.003765855092066], [-82.41729022627865, 28.004761436531922], [-82.4172559188881, 28.005521346384178], [-82.41726272903159, 28.005678345567357], [-82.41724200474458, 28.00611804526428]], [[-82.41318192107914, 28.003972799627643], [-82.41314902571874, 28.003397925443146], [-82.41218648717032, 28.003397095690342]], [[-82.42061959253856, 28.004077575792667], [-82.4215045453103, 28.004080223113533], [-82.42240116014399, 28.004078725660467], [-82.42343567703334, 28.0040782911911], [-82.42446418244026, 28.004086303201884]], [[-82.42446418244026, 28.004086303201884], [-82.42446533430842, 28.004801498150332]], [[-82.42624873975335, 28.004096185228903], [-82.42535983909849, 28.004095621006762], [-82.42446418244026, 28.004086303201884]], [[-82.41574503712856, 28.004135849032878], [-82.41499509639347, 28.004140387033257], [-82.41447739527543, 28.004137341942705]], [[-82.42446533430842, 28.004801498150332], [-82.4234343020992, 28.004776190321767]], [[-82.41571657845313, 28.004846736604016], [-82.41512153692406, 28.00484491503958], [-82.41492611224277, 28.004844316507015], [-82.41455439127357, 28.0048469367737]], [[-82.42625644208269, 28.004819387574095], [-82.42524959091482, 28.0048423152312], [-82.42446533430842, 28.004801498150332]], [[-82.41626438403956, 28.005075517043107], [-82.41622826227477, 28.00601840255166], [-82.41615571465559, 28.0060170601096]], [[-82.4244738964392, 28.00517067183712], [-82.42446533430842, 28.004801498150332]], [[-82.41821653601562, 28.0053191731877], [-82.41821601611107, 28.005230355287523], [-82.41821597690038, 28.00522362434743], [-82.41858475152192, 28.005221029311294], [-82.4187458959371, 28.005220513316022], [-82.41960276074333, 28.005215141198324], [-82.42036179919505, 28.00519880896447], [-82.42084214467513, 28.00520073788494], [-82.42161510738886, 28.005196747969197], [-82.4223968843607, 28.00519202094441], [-82.42240069373929, 28.00510094730121], [-82.42251206405867, 28.005122571481458]], [[-82.41217094153053, 28.0053880073867], [-82.41217721953286, 28.006331972359533]], [[-82.42035871293838, 28.00546902720881], [-82.42033498705034, 28.00611684065981]], [[-82.4118474264662, 28.00555310961349], [-82.41151959554067, 28.00554809751008], [-82.41152868590822, 28.006321778746084], [-82.41217721953286, 28.006331972359533]], [[-82.41317193234687, 28.005565901252925], [-82.41317273792039, 28.006297782383918], [-82.41321546828277, 28.007036703448705]], [[-82.42410787361034, 28.006069763502634], [-82.42332254547125, 28.006105291451664]], [[-82.4162660171432, 28.006099791001844], [-82.41724200474458, 28.00611804526428]], [[-82.41724200474458, 28.00611804526428], [-82.41825487054524, 28.006122129916854]], [[-82.41931202241481, 28.006111830242954], [-82.42033498705034, 28.00611684065981]], [[-82.42210106199623, 28.006109807054095], [-82.42102223223621, 28.006110135427747], [-82.42092926148838, 28.00611050313842], [-82.42033498705034, 28.00611684065981]], [[-82.42033498705034, 28.00611684065981], [-82.42033873213886, 28.007007298694678]], [[-82.41217721953286, 28.006331972359533], [-82.41221260431976, 28.007035958330746]], [[-82.42267250253133, 28.006982040032483], [-82.42341309358912, 28.006992284665564]], [[-82.42341309358912, 28.006992284665564], [-82.42443350889111, 28.006967625586835], [-82.424455170727, 28.007920320069797]], [[-82.42033873213886, 28.007007298694678], [-82.42040243851662, 28.0071055069044], [-82.42041371092984, 28.00751472859549]], [[-82.41852893609278, 28.007012889841903], [-82.41939837523942, 28.007007003233618], [-82.42033873213886, 28.007007298694678]], [[-82.42238794417635, 28.007003773768258], [-82.42128448747029, 28.007012162628328], [-82.42033873213886, 28.007007298694678]], [[-82.41221260431976, 28.007035958330746], [-82.41221517689078, 28.00772138623083], [-82.41221777568249, 28.008404062542855], [-82.41221661991958, 28.008822143369038], [-82.41215967535396, 28.009327092966664]], [[-82.41212719789146, 28.007036449017868], [-82.41221260431976, 28.007035958330746]], [[-82.41383188900926, 28.007031550055213], [-82.41321546828277, 28.007036703448705]], [[-82.41321546828277, 28.007036703448705], [-82.41221260431976, 28.007035958330746]], [[-82.42572114704595, 28.007001063374233], [-82.42556619447764, 28.007001644201388], [-82.42550182662298, 28.007092839460928], [-82.42547421537263, 28.007906184010736]], [[-82.4161764088113, 28.00715711649879], [-82.41610146198643, 28.007381249644837]], [[-82.4146920791783, 28.00732086793415], [-82.41469597442175, 28.007910817825717], [-82.41471397442616, 28.008258888914675], [-82.41478225291512, 28.00865728896551]], [[-82.41705334304339, 28.007326288186192], [-82.41758720141874, 28.007182689105278], [-82.41845778990512, 28.00750515852967], [-82.41949697966997, 28.007505854596346], [-82.42041371092984, 28.00751472859549]], [[-82.41610146198643, 28.007381249644837], [-82.41597635340825, 28.008295122791107], [-82.41591628123726, 28.008678704998456]], [[-82.41538937225364, 28.007409334719426], [-82.41610146198643, 28.007381249644837]], [[-82.42041371092984, 28.00751472859549], [-82.42050357712475, 28.007515790207048]], [[-82.42050357712475, 28.007515790207048], [-82.42091815981715, 28.00841275503408], [-82.4209265744162, 28.00884400948737], [-82.42123406935606, 28.008844742468874]], [[-82.42342453615963, 28.00760281718844], [-82.42341309358912, 28.006992284665564]], [[-82.41693648320869, 28.00765990626693], [-82.41684973675483, 28.008265650455055], [-82.41670594945911, 28.008391462360226], [-82.41663815085285, 28.008783127679145]], [[-82.4264484675913, 28.007898449279015], [-82.42625632463073, 28.007899119184366], [-82.42547421537263, 28.007906184010736]], [[-82.42547421537263, 28.007906184010736], [-82.424455170727, 28.007920320069797]], [[-82.424455170727, 28.007920320069797], [-82.4244448775708, 28.008869364483918], [-82.4234511954359, 28.008851526506124], [-82.42342604405975, 28.008851458691133]], [[-82.42174085605542, 28.007948860780747], [-82.42118749292318, 28.007518707609208], [-82.42050357712475, 28.007515790207048]], [[-82.417646869401, 28.008004695807823], [-82.41762037896359, 28.00890464246801]], [[-82.41862821261329, 28.008098230613307], [-82.41868602111018, 28.00851339294275], [-82.41860443145984, 28.008856821482148]], [[-82.42343342405972, 28.00816116500946], [-82.42342604405975, 28.008851458691133]], [[-82.41979836946905, 28.00824994128965], [-82.41964701704886, 28.008759664278642], [-82.41951274745051, 28.009151072682844]], [[-82.41389890410787, 28.008372286444192], [-82.41365703442186, 28.008435741713622], [-82.41316878577425, 28.008594626006815], [-82.41263250284645, 28.008919453019658], [-82.41215967535396, 28.009327092966664]], [[-82.42181158461239, 28.008840699365145], [-82.42123406935606, 28.008844742468874]], [[-82.42123406935606, 28.008844742468874], [-82.42123928059148, 28.009138316514907]], [[-82.42342604405975, 28.008851458691133], [-82.42247445754487, 28.00884889077697], [-82.42238640264178, 28.008837270345264]], [[-82.42342604405975, 28.008851458691133], [-82.42342600085709, 28.008855491680798], [-82.42342279047824, 28.009155711593753], [-82.42340997307028, 28.00993634382092], [-82.42444158595987, 28.00993409283921]], [[-82.42444134084788, 28.009163946265204], [-82.42444158595987, 28.00993409283921]], [[-82.42611439748515, 28.009183027100935], [-82.42546054934287, 28.00919163626494], [-82.42546431134043, 28.009934269244223]], [[-82.41215967535396, 28.009327092966664], [-82.4118313699121, 28.009618972513373], [-82.41115636370581, 28.009605537548943], [-82.41069181240137, 28.009608635376026], [-82.41059280162227, 28.00960974330945], [-82.41053240527198, 28.009602218934674]], [[-82.42620246186117, 28.009925086446945], [-82.42546431134043, 28.009934269244223]], [[-82.42546431134043, 28.009934269244223], [-82.42444158595987, 28.00993409283921]], [[-82.42615581364953, 28.01063401096565], [-82.42517648494176, 28.0106388005255], [-82.42422085534676, 28.010650268999193]]]}, "properties": {"FACILITYID": "163545", "projid": null, "projname": "Live Oak Square Collection System Rehabilitation", "projdesc": "This project includes the rehabilitation of approximately 29,000 linear feet of 8-inch diameter gravity sewers and the rehabilitation of 123 manholes.", "rationale": "The collection system rehabilitation project will restore aging sewer pipes and manholes to restore their service life.  Project impacts will be minimal compared to a collection system “open cut” replacement project since the rehabilitation methods are trenchless.  The collection system rehabilitation will reduce pipeline failures and blockages that cause wastewater overflows that impact public health, safety, and the environment.  Additional project benefits include reduction in leaks that allow ground water and stormwater runoff to enter the collection system and cause wastewater overflows, reduction in energy needed to treat and convey the additional wastewater flow caused by leaking pipelines/manholes and reduction in pipeline failures that cause roadway depressions and cave ins.", "projtype": "Wastewater", "safety": "No", "mandate": "No", "repair": "No", "replace": "No", "expand": "No", "efficient": "No", "fiscalyr": "2027", "fundsource": "PIPES", "planstart": 1822348800000, "planend": 1843430400000, "estcost": 5000000, "pocname": "Charlie Lynch", "pocphone": "8132748916", "pocemail": "charlie.lynch@tampagov.net", "funded": "No", "projphase": "P2: Design", "actstart": null, "actend": null, "actcost": null, "status": "90% Design Completion", "docpath": null, "CreationDate": 1619778856000, "Creator": "GIS", "EditDate": 1751475102000, "Editor": "SSME", "MultiYear": "No", "NumVotes": null, "ShowPublic": "Yes", "EBO": null, "JobsCreated": null, "Neighborhood": "Live Oaks Square", "Council": "5", "EBOAttained": null, "ContractNumber": null, "ActivityStatus": null, "ProjectSiteURL": null, "RelatedProject": null, "MapScale": 6000, "WMBESLBE": null, "ORACLEID": null, "EBUILDERID": null, "COMPROCUREMENT": null, "WATER": null, "WASTEWATER": null, "STORMWATER": null, "TRANSPORTATION": null, "OBJECTID": 1782, "GlobalID": "{76ACA4BE-E645-4345-BAB4-CCC190E40A44}", "ProjectNumerical": null, "Shape__Length": 68535.4184730379}}, {"type": "Feature", "id": 5911, "geometry": {"type": "MultiLineString", "coordinates": [[[-82.45704989057873, 27.941895249276786], [-82.45730163867782, 27.942048383124675], [-82.45753183855811, 27.942188408364245], [-82.45754857075858, 27.942198586127923], [-82.45772922656309, 27.94230847443183], [-82.45799069546149, 27.94255565396297], [-82.45802553329771, 27.94291649703401]], [[-82.45396253834167, 27.943110181667823], [-82.4547383225389, 27.942837617668705]], [[-82.45496649088629, 27.9449966167482], [-82.45582131941522, 27.94500271315206]], [[-82.45768383410704, 27.94498925337009], [-82.45766120169812, 27.944936207167498], [-82.45765900742032, 27.944931062586285], [-82.45765582480736, 27.944923603894033], [-82.45765244923868, 27.94491569102698], [-82.45762608516864, 27.944853898402243], [-82.45762268394921, 27.944845926060367], [-82.45761631872627, 27.944831006868974], [-82.45708394109607, 27.943583164315932], [-82.45708323089426, 27.943581498111815]], [[-82.45149445375922, 27.94502846301766], [-82.45192276782203, 27.94502548933213]], [[-82.45790511011913, 27.945646958621865], [-82.45769802818842, 27.945135832037938]], [[-82.45609843739045, 27.94572536906057], [-82.4561621577481, 27.945696183270485]], [[-82.45095018024193, 27.946136814038045], [-82.4498774807275, 27.946157036244742], [-82.44989764728096, 27.94534636670142], [-82.44989535258256, 27.94519600143949], [-82.4498934420099, 27.945042938507516]], [[-82.45894426821697, 27.94660391007002], [-82.45897517954774, 27.946471631542856]], [[-82.45878123173247, 27.94666014678054], [-82.4587351502388, 27.946554794765035]], [[-82.45574259814119, 27.94672783684948], [-82.45584765280778, 27.946691593759407], [-82.45587745913207, 27.946681493620734], [-82.45593244043526, 27.946662862617128], [-82.4559908952126, 27.946643054169435], [-82.45602735726385, 27.94663069848135], [-82.45605832239968, 27.94662020552525], [-82.45609565306215, 27.94660755546236], [-82.45616481441255, 27.946584118964733], [-82.45622992586546, 27.946562054887448], [-82.45623174603101, 27.946561367533807], [-82.45623913627367, 27.946558578049782]], [[-82.45271047603431, 27.94685136641428], [-82.45293153311006, 27.94677060791099], [-82.45293869451598, 27.94676799171713], [-82.45296991633231, 27.94675658536658], [-82.45310769567466, 27.946706251085434], [-82.4531154293328, 27.946703425444], [-82.45332367282383, 27.946627347792777], [-82.45335002627691, 27.946617719799747], [-82.45352017249989, 27.94655556068597], [-82.4535351852129, 27.946550075995784], [-82.45371149782302, 27.946487023698882], [-82.45371925706887, 27.9464842493769], [-82.45387555496083, 27.94642835489591], [-82.45387568788423, 27.946428307532194], [-82.45388275815398, 27.94642577912401], [-82.4538853222418, 27.94642486194059], [-82.45405129895505, 27.946365506181163], [-82.45406000994805, 27.946362391198665], [-82.45418603567546, 27.946317322287218], [-82.45419245958344, 27.946315025208524], [-82.4542026641675, 27.946311375573046], [-82.45440816697149, 27.946258238353213]], [[-82.4598045478646, 27.946896449658755], [-82.45958326879115, 27.946950716943626]], [[-82.45570533691156, 27.9470344872688], [-82.45575369264118, 27.94714314464064], [-82.45578340414322, 27.947209909648716], [-82.4558002521664, 27.94724776874047], [-82.45595322366091, 27.94759150105804]], [[-82.45350188081258, 27.947073199006194], [-82.45335210075382, 27.94712204270912], [-82.45323783518057, 27.947159305077456], [-82.45318520968515, 27.947176466247978], [-82.45311542762431, 27.94719922197646], [-82.4529008529064, 27.947269194566424]], [[-82.4529008529064, 27.947269194566424], [-82.45286305909978, 27.94718387392348], [-82.45284452974369, 27.947144664569425], [-82.45271047603431, 27.94685136641428]], [[-82.45035906848584, 27.947690832899347], [-82.45036424173821, 27.947689057172443], [-82.45037175299564, 27.947686477868295], [-82.45038128667494, 27.947683205210925], [-82.45043242249015, 27.94766564931049], [-82.45044022295465, 27.947662971595744], [-82.4505066694543, 27.94764016045219], [-82.45051389251456, 27.94763768044646], [-82.45060229532997, 27.947607330837183], [-82.45064042997984, 27.947594238335665], [-82.4506476530339, 27.947591758322986], [-82.45072912192585, 27.947563788433484], [-82.4507369223755, 27.94756111070204], [-82.45076176771988, 27.947552580961933], [-82.45076927896189, 27.94755000253864], [-82.45080394716052, 27.947538100796287], [-82.45081117020702, 27.947535620775056], [-82.45087819394392, 27.94751261083679], [-82.45088570619276, 27.947510031501448], [-82.45096544581601, 27.947482655509823], [-82.45107119905477, 27.94744325982717], [-82.45107805290426, 27.947440707003814], [-82.45130598197056, 27.947355798235975], [-82.45144422343915, 27.94730429998336], [-82.4514525058691, 27.947301214545185], [-82.45146707291839, 27.94729578749046], [-82.45154761832652, 27.947265782498782], [-82.4515550444014, 27.94726301570788], [-82.45156932531441, 27.94725769516325], [-82.45171499260029, 27.947203430751305], [-82.45179553989821, 27.947173424706722], [-82.45183067038325, 27.94716033812646], [-82.4518862456049, 27.947139634842642], [-82.45192091363488, 27.947127509924943], [-82.45204771748305, 27.94708316143478], [-82.45206962128509, 27.947075501118267], [-82.45212783488535, 27.94705514101466], [-82.45213561679121, 27.94705241994945], [-82.45221573414747, 27.947024399478583], [-82.45243187677724, 27.946948805280503], [-82.45243936947234, 27.946946185316534], [-82.45244628580508, 27.94694376667962], [-82.45253476124222, 27.94691282271158], [-82.4525425421112, 27.946910101626887], [-82.45271047603431, 27.94685136641428]], [[-82.45890911193577, 27.947697497704652], [-82.45894647502058, 27.947782892073064], [-82.45898080186171, 27.947861345269573], [-82.4590116389157, 27.94793182464436], [-82.45903688054744, 27.947989514729226], [-82.45903856236727, 27.94799335881273], [-82.45911215205491, 27.948161547787183]], [[-82.46017692225011, 27.947765935994074], [-82.45999170041445, 27.947811746922838]], [[-82.45220853684899, 27.94793228487702], [-82.45226150366479, 27.947914724089546], [-82.45231170513188, 27.94789808380466], [-82.45250437613792, 27.94783421224279], [-82.45281514975747, 27.94773119155695], [-82.45306314918564, 27.947648977962867], [-82.45295969541849, 27.947406888769503], [-82.45295639816914, 27.947399174061047], [-82.45295365097044, 27.947392745285978], [-82.4529008529064, 27.947269194566424]], [[-82.45911215205491, 27.948161547787183], [-82.45927570267536, 27.94810408619499], [-82.45934074703099, 27.94808123396895], [-82.45934886362134, 27.948078382335595], [-82.4594205826394, 27.948053184088458], [-82.45945889060734, 27.948039724901896], [-82.45947498780738, 27.94803406990254], [-82.4595043998888, 27.9480237356688], [-82.45956977798183, 27.94800076580997], [-82.45980332751358, 27.947913783908238]], [[-82.45827649460665, 27.948447863849253], [-82.45836061795137, 27.948419041377733], [-82.45862236949552, 27.948328512228514], [-82.45864403573702, 27.948321200894092], [-82.45865300611659, 27.948318140707016], [-82.45865589815295, 27.948317154661396], [-82.45868365661153, 27.948307687012964], [-82.45870678882785, 27.94829979775233], [-82.45876722116957, 27.94827918741486], [-82.45877300422184, 27.948277215322168], [-82.45881319738625, 27.948263507282913], [-82.45881869123272, 27.94826163361273], [-82.45888143817173, 27.948240234021917], [-82.45888548599979, 27.948238853374274], [-82.45898293015865, 27.94820561934688], [-82.45911215205491, 27.948161547787183]], [[-82.45784344119407, 27.948594483998185], [-82.45791901681477, 27.948568896494493], [-82.45792596389182, 27.94856654425926], [-82.45795317074077, 27.9485573330726], [-82.45795635405477, 27.948556254928956], [-82.45797111582988, 27.94855125699121], [-82.4579905079727, 27.94854469149786], [-82.45827649460665, 27.948447863849253]], [[-82.45044690843345, 27.948655311663142], [-82.45040836375304, 27.94866862474027], [-82.45025449950894, 27.948721767623294], [-82.450229962558, 27.948730242119627], [-82.45004434416326, 27.948794352767763], [-82.44992339039605, 27.948836128281613], [-82.44987244617786, 27.948853723977773], [-82.44984205132398, 27.94891336360829], [-82.4498323460978, 27.948932408260717], [-82.44980399446402, 27.94898803900451], [-82.44978049643917, 27.949034146963733], [-82.44974729212271, 27.949099299568516]], [[-82.45355591614812, 27.948748564296174], [-82.4537255203601, 27.949132674148473], [-82.45344376583056, 27.94922838652279], [-82.45329458009236, 27.949279365128913], [-82.45316619200092, 27.949323237195383]], [[-82.45840546661852, 27.948745889300493], [-82.45827649460665, 27.948447863849253]], [[-82.45210087053839, 27.948834381787837], [-82.45242262865825, 27.9487250288642], [-82.45255280639972, 27.94868078703286], [-82.45291685350786, 27.94855588252664], [-82.45339581611478, 27.94839154852768]], [[-82.45586820681658, 27.94926921784125], [-82.45591513019386, 27.949254314317795], [-82.4559469371243, 27.949244212048175], [-82.45599858569892, 27.94922780837745], [-82.45603681265517, 27.94921566702652], [-82.45604498232277, 27.949213071696278], [-82.45617308472266, 27.949172384320224], [-82.45617979602292, 27.949170252240183], [-82.45626208531304, 27.949144115482497], [-82.45627083953387, 27.94914133501176], [-82.45629415198118, 27.949133930152627]], [[-82.45574160314418, 27.94930942891394], [-82.45564006480843, 27.949071293497358], [-82.45553024557698, 27.94881373660009], [-82.45541913064109, 27.948553139147485], [-82.45529438706481, 27.948267158481187], [-82.45525847440527, 27.948184827413325], [-82.45525354206409, 27.948173520250233], [-82.45523746660952, 27.948137164668253], [-82.45523214506835, 27.948125131446666], [-82.45509170876483, 27.94780753228736], [-82.45498376392459, 27.947562565468896], [-82.45489888722165, 27.94736994710013], [-82.45482371636889, 27.947199356087417], [-82.45476305887382, 27.947061699373613], [-82.45470127589802, 27.946917323370357], [-82.45465308358955, 27.946804706190374], [-82.45457826462588, 27.946629868910534], [-82.45444951851219, 27.946350399755897]], [[-82.45489840637312, 27.949586689310085], [-82.45574160314418, 27.94930942891394]], [[-82.45976376051102, 27.949637295207378], [-82.45992497685916, 27.949581791651063], [-82.45996715261053, 27.949567270796603], [-82.46004627614228, 27.94954003239422], [-82.46005004591017, 27.949538734761042], [-82.46005351023142, 27.94953754012114], [-82.46015835842645, 27.949501444235434], [-82.4601649826569, 27.949499163354737], [-82.46022505432038, 27.949478482292534], [-82.46023177291757, 27.949476168606324], [-82.46024960596745, 27.94947002762941], [-82.46032151962591, 27.949445271345457], [-82.46032934123674, 27.949442576757853], [-82.46045109784745, 27.949400658597103]], [[-82.45709547605992, 27.949698588631918], [-82.45713339362682, 27.949685364207], [-82.457320751944, 27.94962001728619]], [[-82.45677216555133, 27.949780766109225], [-82.45664171298728, 27.949827694801655], [-82.45651393402355, 27.94987366245969], [-82.45635686586611, 27.949930166206634], [-82.45620783898605, 27.94998377706462], [-82.45606507058574, 27.95003513536195], [-82.4559829907078, 27.949850988466732], [-82.45591378604234, 27.94969572660776], [-82.45584948429448, 27.949551463319832], [-82.4558133422778, 27.94947037850791], [-82.45574160314418, 27.94930942891394]], [[-82.46285520420935, 27.949802302131037], [-82.4619914131061, 27.94986345446331], [-82.46172246530698, 27.949880741899502]], [[-82.45849304321253, 27.950074770639805], [-82.4585032252357, 27.95007126514683], [-82.45853268246714, 27.95006112227926], [-82.45854741159839, 27.950056053097445], [-82.45860777105622, 27.950035272513436], [-82.45887714675409, 27.949942533631802], [-82.45919591890413, 27.949832790449083], [-82.4593290476529, 27.949786957675556], [-82.45933684395428, 27.94978427405746], [-82.45933944170764, 27.949783380122994], [-82.45935734386683, 27.949777216470167], [-82.45936023285225, 27.949776222298148], [-82.45942030177821, 27.949755541594474], [-82.45942550032314, 27.949753751907384], [-82.4594315654588, 27.949751663336702], [-82.45948073700576, 27.949734735109207], [-82.45952229083485, 27.949720427630655], [-82.45954460610574, 27.949712745803406], [-82.45976376051102, 27.949637295207378]], [[-82.45998407758226, 27.950124315663672], [-82.45998322260616, 27.950122319677796], [-82.45995169460365, 27.950052640594645], [-82.459948890998, 27.950046444074136], [-82.45994672854036, 27.95004166490558], [-82.45990671593043, 27.94995323496334], [-82.45990457501965, 27.949948503549876], [-82.45987675037134, 27.94988700958617], [-82.45976376051102, 27.949637295207378]], [[-82.44988199203247, 27.950460679834503], [-82.4499426359455, 27.951302629405973], [-82.44998291592387, 27.951861850975256]], [[-82.46021066213852, 27.950650741143658], [-82.4604358728826, 27.95116613248426], [-82.46059665607956, 27.951520845276757]], [[-82.45537337433692, 27.950714414096243], [-82.455559686158, 27.95108937622893]], [[-82.455559686158, 27.95108937622893], [-82.45596912764557, 27.95095254415718], [-82.45639469340166, 27.950810322353693], [-82.45709195576987, 27.950558920498803]], [[-82.45471984808805, 27.951377076205247], [-82.455559686158, 27.95108937622893]], [[-82.45428273248463, 27.951477809178005], [-82.45471984808805, 27.951377076205247]], [[-82.45572179988181, 27.95149032012927], [-82.455559686158, 27.95108937622893]], [[-82.45770661016462, 27.95153917632274], [-82.45780921631183, 27.95180910300815]], [[-82.45675384313732, 27.951597173399904], [-82.45679184153487, 27.951683401833634], [-82.45679827583648, 27.9516980013628], [-82.45680053313411, 27.951703124987283], [-82.45682265666164, 27.95175332855695], [-82.45682322098472, 27.951754609011743], [-82.4568237853078, 27.951755889466558], [-82.45682829990062, 27.951766134909665], [-82.4568514392415, 27.951818644375383], [-82.45685550237977, 27.951827865273238], [-82.45685798541095, 27.951833500717527], [-82.45686475833037, 27.951848869779173], [-82.45688067332065, 27.95188498563329], [-82.45691273007823, 27.95195772915245], [-82.45691510024736, 27.95196310778271], [-82.45698632443548, 27.952124732484954], [-82.45707039630187, 27.952329083399714], [-82.457204750211, 27.952624788069265]], [[-82.45490146001809, 27.951790906282035], [-82.45471984808805, 27.951377076205247]], [[-82.45272920481504, 27.951996649956662], [-82.45324382634972, 27.95182447179635], [-82.45371957747314, 27.95166529817436]], [[-82.45799157385461, 27.952238686117983], [-82.45790854824041, 27.952041117532772]], [[-82.46095185229932, 27.952249415071506], [-82.46094903187682, 27.95348743315317], [-82.46094522040393, 27.954425074952677]], [[-82.45938132327753, 27.953234350647254], [-82.4593560012167, 27.953174566452017]], [[-82.46227956809584, 27.953479191762842], [-82.46227698790328, 27.952604016441956]], [[-82.46057354829107, 27.953514721014642], [-82.4602504170695, 27.95351538944471]], [[-82.45537677906924, 27.9536313815316], [-82.45537009809107, 27.952987541693044]], [[-82.45870349297937, 27.953843226751328], [-82.45873837073788, 27.95445432024893]], [[-82.46414577462862, 27.95382845983646], [-82.46385170049368, 27.954886052007733]], [[-82.45788834558348, 27.95399264678326], [-82.45806758524476, 27.954401036930218], [-82.45806383115516, 27.95540365939956], [-82.45805799901706, 27.956358653048685]], [[-82.45037080354946, 27.954246807149904], [-82.45056436381137, 27.954045808393996], [-82.45113324818571, 27.95345761532911], [-82.45126149073599, 27.9534440937389]], [[-82.4564929045912, 27.954356058122624], [-82.45648789735279, 27.954771860948117], [-82.45649995991045, 27.95538201909642]], [[-82.4616508468501, 27.9544013843439], [-82.46165203784547, 27.954946806811268], [-82.46164478449462, 27.95512283744516]], [[-82.45575089993254, 27.955390660346342], [-82.45585777800868, 27.955388773217706]], [[-82.45878266761521, 27.95540338322418], [-82.45950344313722, 27.955404078644623]], [[-82.46084704884491, 27.955410143878957], [-82.46094257376079, 27.955407967751018]], [[-82.44889564638008, 27.955878735635252], [-82.44960314222304, 27.955103637656826]], [[-82.45349553242538, 27.956402650184344], [-82.45227202509888, 27.956402456335333], [-82.45125292197669, 27.956414826310922]], [[-82.45667679750555, 27.956393013300573], [-82.45659781882397, 27.95639398913341], [-82.45659722737587, 27.956393996509938]], [[-82.45586530505844, 27.95639607339522], [-82.45586511803867, 27.95598598930923]], [[-82.45383626255256, 27.956408832132478], [-82.45383828205252, 27.9558645105626], [-82.45383782002092, 27.955787077935643], [-82.45383716811227, 27.955677849454034]], [[-82.44949827490771, 27.95666958210045], [-82.45001412199542, 27.956406735740412], [-82.4511462547819, 27.956415885279252], [-82.45114386838351, 27.957186634937752], [-82.45114041886926, 27.95779137311853]], [[-82.45228015089717, 27.95700685060544], [-82.45125394490539, 27.95701545384602]], [[-82.45159206689482, 27.9573696063255], [-82.45125133617378, 27.95737230038505]]]}, "properties": {"FACILITYID": "167674", "projid": "1002318", "projname": "Downtown Phase II Collection System Rehabilitation", "projdesc": "This project includes the rehabilitation of approximately 34,476 linear feet of 8-inch to 24-inch diameter gravity sewers and the rehabilitation of 480 manholes.", "rationale": "The collection system rehabilitation project will restore aging sewer pipes and manholes to restore their service life.  Project impacts will be minimal compared to a collection system “open cut” replacement project since the rehabilitation methods are trenchless.  The collection system rehabilitation will reduce pipeline failures and blockages that cause wastewater overflows that impact public health, safety, and the environment.  Additional project benefits include reduction in leaks that allow ground water and stormwater runoff to enter the collection system and cause wastewater overflows, reduction in energy needed to treat and convey the additional wastewater flow caused by leaking pipelines/manholes and reduction in pipeline failures that cause roadway depressions and cave ins.", "projtype": "Wastewater", "safety": "No", "mandate": "No", "repair": "No", "replace": "No", "expand": "No", "efficient": "No", "fiscalyr": "2023", "fundsource": "PIPES", "planstart": 1664582400000, "planend": 1767225600000, "estcost": 1600000, "pocname": "Albert Calloway", "pocphone": "8136303902", "pocemail": "albert.calloway@tampagov.net", "funded": "Yes", "projphase": "P4: Construction", "actstart": null, "actend": null, "actcost": null, "status": "Construction in Progress", "docpath": null, "CreationDate": 1619789964000, "Creator": "GIS", "EditDate": 1756406009000, "Editor": "SSME", "MultiYear": "Yes", "NumVotes": null, "ShowPublic": "Yes", "EBO": null, "JobsCreated": null, "Neighborhood": null, "Council": null, "EBOAttained": null, "ContractNumber": "21-C-00040", "ActivityStatus": null, "ProjectSiteURL": null, "RelatedProject": null, "MapScale": 6000, "WMBESLBE": null, "ORACLEID": null, "EBUILDERID": null, "COMPROCUREMENT": null, "WATER": null, "WASTEWATER": null, "STORMWATER": null, "TRANSPORTATION": null, "OBJECTID": 5911, "GlobalID": "{52757B8A-EE0C-4E13-990F-B59B22480857}", "ProjectNumerical": null, "Shape__Length": 21605.09599822491}}, {"type": "Feature", "id": 8029, "geometry": {"type": "LineString", "coordinates": [[-82.4347291570008, 28.00335383510117], [-82.42652333363229, 28.00337890516646]]}, "properties": {"FACILITYID": "211223", "projid": "TRANS20140", "projname": "Hanna Avenue Phase II (22nd St to 30th St)", "projdesc": "This project provides for design and construction of capacity and multimodal improvements along the E Hanna Ave corridor from N 22nd St to N 30th Sr., along the 24th St from Hanna Ave to Sligh Ave, and at the intersection of Sligh Ave and 30th St. \r\nThe project includes the following proposed improvements: \r\n1. Hanna Avenue – 22nd Street to 30th Street: \r\n• Roadway milling and resurfacing. \r\n• Westbound Left Turn Lane into the new City Center at 2515 Hanna Ave. \r\n• Intersection improvements at the intersection of Hanna Ave at N 22nd St and Hanna Ave at N 30th St \r\n2. 24th Street – Hanna Avenue to Sligh Avenue \r\n• Sidewalk along the west side of 24th St \r\n• All Way Stop Signs at “T” intersection along 24th St \r\n3. Intersection at the Sligh Avenue and 30th Street \r\n• New Traffic Signal \r\n• Northbound Left-Turn Lane.", "rationale": "Complete Street", "projtype": "Transportation", "safety": "Yes", "mandate": "No", "repair": "No", "replace": "No", "expand": "No", "efficient": "No", "fiscalyr": "TBD", "fundsource": "Yet to be Determined", "planstart": null, "planend": null, "estcost": 3311065, "pocname": "Riley Parks, P. E.", "pocphone": "813-274-8265", "pocemail": "hannaproject@tampagov.net", "funded": "Yes", "projphase": "P2: Design", "actstart": null, "actend": null, "actcost": null, "status": "90% Design Completion", "docpath": null, "CreationDate": 1624995480000, "Creator": "PWK3", "EditDate": 1782141486000, "Editor": "PWLR", "MultiYear": "Yes", "NumVotes": null, "ShowPublic": "Yes", "EBO": null, "JobsCreated": null, "Neighborhood": "Seminole Heights East Neighborhood Association", "Council": "5", "EBOAttained": null, "ContractNumber": null, "ActivityStatus": null, "ProjectSiteURL": "https://www.tampa.gov/project/trans20140", "RelatedProject": null, "MapScale": 6002, "WMBESLBE": null, "ORACLEID": "1002148", "EBUILDERID": null, "COMPROCUREMENT": null, "WATER": null, "WASTEWATER": null, "STORMWATER": null, "TRANSPORTATION": null, "OBJECTID": 8029, "GlobalID": "{767E4401-BC5B-4AA5-8BCE-6B1E7EE461CD}", "ProjectNumerical": 1002148, "Shape__Length": 2647.9277849592872}}, {"type": "Feature", "id": 9725, "geometry": {"type": "MultiLineString", "coordinates": [[[-82.51789335556856, 27.908608007485853], [-82.5178925400785, 27.908632583259397], [-82.51789091479557, 27.908684850817195], [-82.51788950533668, 27.908730178006852]], [[-82.51026156950391, 27.908662004159233], [-82.51026135606824, 27.908636435959867]], [[-82.51026156950391, 27.908662004159233], [-82.51011417649225, 27.908659564710867], [-82.50990096219728, 27.908657735072715], [-82.50824017522388, 27.908643291273556], [-82.50812021173306, 27.908644302221962], [-82.5080894412379, 27.908644561878365], [-82.50658656228956, 27.908632119252456]], [[-82.5122490710716, 27.908682079469997], [-82.51150751832114, 27.90867506651166], [-82.51033176040418, 27.908663016618867], [-82.51031256424072, 27.90866281969626], [-82.51029337152228, 27.908662491005845], [-82.51026156950391, 27.908662004159233]], [[-82.5122490710716, 27.908682079469997], [-82.51224669561029, 27.90878851353816]], [[-82.51428194451591, 27.908700475908518], [-82.51331838261159, 27.90869107951092], [-82.5123807120272, 27.908682030402648], [-82.5122490710716, 27.908682079469997]], [[-82.51540451006538, 27.908708547175763], [-82.51523708394282, 27.90870917332422], [-82.51442053435757, 27.90870183559851], [-82.51440133922667, 27.908701643753947], [-82.5143821430842, 27.908701452812878], [-82.51428194451591, 27.908700475908518]], [[-82.51643106188875, 27.908720467835163], [-82.51643079011211, 27.908694898975774]], [[-82.51643106188875, 27.908720467835163], [-82.51634587642224, 27.908720149070028], [-82.51632926009528, 27.908720086802198], [-82.51631101332036, 27.908720018007948], [-82.51624188791094, 27.90871963358544], [-82.515450789721, 27.908708374060943], [-82.51540451006538, 27.908708547175763]], [[-82.51712695209368, 27.908727053535134], [-82.51708168489102, 27.908727155732674], [-82.51704440410919, 27.90872724058147], [-82.51647058978958, 27.90872061567408], [-82.51643106188875, 27.908720467835163]], [[-82.51712695209368, 27.908727053535134], [-82.51728450759116, 27.908726696773073], [-82.51782729020428, 27.908729485049772], [-82.51785399998327, 27.90872978263487], [-82.51785837948358, 27.908729831149348], [-82.51787876636479, 27.90873069845255], [-82.51788950533668, 27.908730178006852]], [[-82.51712695209368, 27.908727053535134], [-82.51708059191863, 27.90884188632355], [-82.5170804657509, 27.90885893338099], [-82.51708033862315, 27.90887599217337], [-82.51706774539241, 27.91067856519761], [-82.51706741709117, 27.910695616618785], [-82.5170652415288, 27.91081425778532]], [[-82.51788950533668, 27.908730178006852], [-82.51788579922018, 27.908849335729208], [-82.5178850325972, 27.908897396618084], [-82.51788402501884, 27.908956079813862], [-82.51786413898567, 27.910682698816935], [-82.5178613442515, 27.910821524777464]], [[-82.51145487819089, 27.908783159894558], [-82.51136946677099, 27.908782547412024]], [[-82.51145487819089, 27.908783159894558], [-82.5114550001193, 27.908809298753898], [-82.51145506428668, 27.908822941204285], [-82.51145512845412, 27.90883658365461], [-82.51145515597507, 27.908842434802118], [-82.51145525079596, 27.90886259436948], [-82.51143903017743, 27.90887712477805], [-82.51141689667669, 27.908894746239277], [-82.51139525809954, 27.908912845944144], [-82.51137412963661, 27.908931413909976], [-82.51135352139516, 27.908950439270487], [-82.5113334475373, 27.908969909339586], [-82.5113139191862, 27.9089898132473], [-82.51129494949244, 27.909010139213642], [-82.51127654956652, 27.909030873661415], [-82.51125873052321, 27.909052003915814], [-82.51124150246575, 27.909073518208167], [-82.51122487650895, 27.90909540386373], [-82.51120886172751, 27.909117646410404], [-82.51119347024793, 27.909140232267166], [-82.51117870911759, 27.909163147871897], [-82.51116386066329, 27.909186937335328], [-82.51114965158622, 27.90921103214832], [-82.51113608893803, 27.90923541965109], [-82.51112317976198, 27.90926008537912], [-82.51111093110553, 27.909285015770198], [-82.51109935204789, 27.90931019725467], [-82.5110884465806, 27.90933561447682], [-82.51107822175551, 27.90936125477689], [-82.51106868461167, 27.90938710278783], [-82.51105983812916, 27.909413144060185], [-82.5110516883355, 27.90943936413304], [-82.5110442402425, 27.90946574854935], [-82.51103749784177, 27.909492281953355], [-82.51103146512928, 27.909518949891734], [-82.5110261440651, 27.90954573701632], [-82.511021539661, 27.909572628869874], [-82.51101777101208, 27.909601622051984], [-82.51101480217788, 27.909630688972783], [-82.51101263307002, 27.909659810681944], [-82.51101126564448, 27.909688970928833], [-82.51101070185295, 27.909718152560355], [-82.51101093957958, 27.909747337536086], [-82.51101198077191, 27.909776507800558], [-82.51101382434263, 27.909805648016704], [-82.51101646816743, 27.909834738339274], [-82.51101991217483, 27.909863763427467], [-82.51102410069275, 27.909891252553745], [-82.51102904149342, 27.90991864323386], [-82.51103473246518, 27.909945918329683], [-82.51104117048895, 27.9099730625117], [-82.5110483514214, 27.910000058649306], [-82.51105627112757, 27.91002689141669], [-82.51106492445251, 27.910053544589378], [-82.5110743062454, 27.91008000284533], [-82.5110844123671, 27.910106249956286], [-82.51109523461929, 27.9101322706115], [-82.51110676886267, 27.91015804858266], [-82.51111900588738, 27.91018356946518], [-82.51113194054247, 27.910208817936933], [-82.5111455636138, 27.910233778690895], [-82.51115986792293, 27.910258437314837], [-82.51118904638648, 27.91030601168824], [-82.51120392654657, 27.910328908464614], [-82.51121947348561, 27.910351452628948], [-82.51123567697341, 27.91037362887797], [-82.5112525257639, 27.910395421912106], [-82.51127000963099, 27.91041681733047], [-82.51128811428534, 27.91043780074722], [-82.51130682949655, 27.910458356859085], [-82.5113261419995, 27.910478473081213], [-82.5113460385205, 27.910498135024028], [-82.51136650578586, 27.910517328297917], [-82.5113875285071, 27.910536042130456], [-82.51140909442634, 27.910554262128223], [-82.51143118824655, 27.91057197571398], [-82.51145132974698, 27.910589720005703], [-82.5114517709488, 27.910683516113643], [-82.51145221215698, 27.910777313122693]], [[-82.51224669561029, 27.90878851353816], [-82.51221201700031, 27.908788521529694], [-82.51219872543352, 27.908788446404632], [-82.5121724125164, 27.908788296951133], [-82.51215322244792, 27.908788751805155], [-82.5121340810285, 27.908787457598265], [-82.51145487819089, 27.908783159894558]], [[-82.51224669561029, 27.90878851353816], [-82.51224596188183, 27.908819934695007], [-82.51224595824671, 27.908845471206234], [-82.5122459543041, 27.90887439267161], [-82.51224596962724, 27.90889144642518]], [[-82.51310032761472, 27.908795344341076], [-82.51240188040121, 27.908789683616835], [-82.51238268542367, 27.9087895275871], [-82.51236348846552, 27.908789382391035], [-82.51228452780796, 27.9087885966886], [-82.51227547525953, 27.908788506713414], [-82.51224669561029, 27.90878851353816]], [[-82.51310032761472, 27.908795344341076], [-82.51310044224674, 27.908819637786785], [-82.51310052271194, 27.908836690394125], [-82.51310060318146, 27.908853743903816], [-82.51310071797138, 27.908878070738023], [-82.51311683113195, 27.908892266160798], [-82.51313982517902, 27.908910250458725], [-82.51316231063524, 27.908928736583817], [-82.51318427220376, 27.908947711959517], [-82.51320569662781, 27.908967165806494], [-82.51322657166217, 27.90898708643923], [-82.51324688302148, 27.909007460374955], [-82.51326662049205, 27.909028275920623], [-82.51328576979266, 27.90904952049585], [-82.51330431968529, 27.909071180606553], [-82.51332225892759, 27.90909324185627], [-82.51333957730577, 27.909115692551868], [-82.51335626256163, 27.90913851830068], [-82.5133723054801, 27.9091617037962], [-82.51338769584311, 27.909185236442955], [-82.51340242341966, 27.909209100938256], [-82.51341648103057, 27.909233282870456], [-82.51342985844484, 27.909257766936857], [-82.5134425484789, 27.90928253782338], [-82.51345454192183, 27.909307581125926], [-82.5134658336217, 27.909332881522854], [-82.5134764143589, 27.90935842280528], [-82.51348627796143, 27.909384188752874], [-82.5135040559262, 27.909435321823857], [-82.51351195597219, 27.909460669147755], [-82.5135191122272, 27.909486189799196], [-82.51352552055074, 27.909511867550254], [-82.51353117780536, 27.909537683462094], [-82.51353607883468, 27.909563621310554], [-82.51354022152555, 27.90958966395776], [-82.51354360172465, 27.909615792468593], [-82.51354621833886, 27.90964199060372], [-82.51354806924653, 27.909668239420437], [-82.51354915335455, 27.909694522679423], [-82.51354946854545, 27.909720822340308], [-82.5135486525416, 27.90977474999046], [-82.51354748775134, 27.909802362763916], [-82.51354552332002, 27.909829939713774], [-82.51354276017767, 27.909857462788338], [-82.51353920229744, 27.909884913022026], [-82.51353484858198, 27.909912273273033], [-82.51352970503613, 27.909939524568244], [-82.51352377361006, 27.909966649754434], [-82.51351705827696, 27.90999362986606], [-82.51350956301863, 27.910020447742294], [-82.51350129384433, 27.910047085312375], [-82.51349225575164, 27.910073525411665], [-82.51348208742213, 27.910100051841894], [-82.51347115911945, 27.910126339256642], [-82.51345948092052, 27.91015237047233], [-82.51344705782728, 27.91017812922675], [-82.51343389990815, 27.91020359653141], [-82.51342001420964, 27.91022875882375], [-82.51340541080019, 27.910253597115297], [-82.51339009773793, 27.910278096937223], [-82.51337408713154, 27.910302241098318], [-82.51335738805507, 27.91032601512595], [-82.51334001160569, 27.910349402735076], [-82.51332196888916, 27.91037238944544], [-82.51330327201858, 27.91039495896827], [-82.51328393311985, 27.9104170977219], [-82.5132639643147, 27.910438791222287], [-82.51324337874064, 27.910460024981674], [-82.51322219055112, 27.910480784508408], [-82.51320041289652, 27.910501058021858], [-82.51317806094622, 27.910520831026687], [-82.51315514683061, 27.910540090843625], [-82.51313168776352, 27.91055882567692], [-82.51310769891869, 27.910577021933594], [-82.51308739429459, 27.910595160248594], [-82.51308778151558, 27.91067721794763], [-82.51308830744516, 27.910788669434282]], [[-82.5131654432297, 27.908795871610653], [-82.51310032761472, 27.908795344341076]], [[-82.51219702387854, 27.91001811829209], [-82.51218179581201, 27.91001391550733], [-82.51216681960452, 27.91000905031568], [-82.51215213289302, 27.910003533406307], [-82.51213777129554, 27.909997378183117], [-82.51212376841126, 27.909990600764736], [-82.51211016088668, 27.909983217258546], [-82.5120969792819, 27.909975245599306], [-82.51208425822456, 27.90996670460918], [-82.51207202626419, 27.909957616742496], [-82.51206031600516, 27.9099480026337], [-82.51203877180387, 27.909928567104636], [-82.51202894515478, 27.90991878446132], [-82.5120196995414, 27.909908563792463], [-82.51201106150693, 27.909897932974395], [-82.51200305251547, 27.909886919902274], [-82.51199569403951, 27.90987555427604], [-82.51198900552421, 27.90986386670564], [-82.51198300641036, 27.909851886898537], [-82.51197771108085, 27.90983964909312], [-82.51197313390156, 27.909827183918114], [-82.51196928722369, 27.909814525619428], [-82.51196265405956, 27.909786976121307], [-82.51195987585702, 27.909772118280436], [-82.5119578519782, 27.90975716468816], [-82.51195658764209, 27.909742145104786], [-82.51195608502451, 27.909727090204306], [-82.51195634426962, 27.909712030668217], [-82.51195736653314, 27.909696996271936], [-82.51195914891593, 27.909682018610653], [-82.5119616874904, 27.90966712657617], [-82.51196497732577, 27.909652351771214], [-82.5119702416471, 27.90963815710089], [-82.5119762343913, 27.909624191644077], [-82.51198294147677, 27.90961048523258], [-82.51199034881769, 27.909597066795886], [-82.51199844232397, 27.909583964361072], [-82.51200720282223, 27.90957120507168], [-82.51201661317496, 27.90955881696605], [-82.51202665420035, 27.909546825382968], [-82.51203730264898, 27.909535254773793], [-82.5120584471723, 27.909514272692203], [-82.5120689118375, 27.909504878482394], [-82.5120799039948, 27.909495973224338], [-82.51209139428724, 27.90948757868495], [-82.51210335438222, 27.90947971843214], [-82.51211575186692, 27.909472412439364], [-82.51212855331265, 27.909465680683827], [-82.51214172730546, 27.90945953952562], [-82.51215523735658, 27.90945400624615], [-82.51216904899181, 27.909449094509643], [-82.51218312570543, 27.909444817987886], [-82.51221616593863, 27.9094374713491], [-82.51223536263711, 27.909437321476357], [-82.51224578378574, 27.909437239419287], [-82.51234584775759, 27.909436455885032], [-82.51236504343957, 27.90943630599802], [-82.51238369405728, 27.9094403462359], [-82.51239926815784, 27.90944448634848], [-82.51241460355064, 27.909449276182244], [-82.51242966767848, 27.909454705029386], [-82.51244442594403, 27.90946076038488], [-82.51245884476138, 27.909467428837523], [-82.51247289256787, 27.909474695163794], [-82.51248653881656, 27.909482544136385], [-82.51249975091613, 27.90949095782836], [-82.51251250032996, 27.90949991649288], [-82.51252475954152, 27.90950940128173], [-82.51253649898554, 27.90951938974473], [-82.51254769418443, 27.9095298612175], [-82.51255831962338, 27.909540790527526], [-82.51256780319386, 27.909552568743326], [-82.51257669722713, 27.90956470379998], [-82.5125849853635, 27.909577173198148], [-82.51259265225491, 27.90958995353226], [-82.51259968152452, 27.90960301869336], [-82.51260606086743, 27.909616344362153], [-82.51261177797862, 27.909629906219386], [-82.51261682155193, 27.909643676332347], [-82.51262118232559, 27.909657629467993], [-82.51262485102926, 27.909671738588518], [-82.51262782246015, 27.909685977543297], [-82.5126300893711, 27.909700317482162], [-82.51263164757515, 27.909714732250684], [-82.51263249490846, 27.909729193882182], [-82.5126326292072, 27.909743674409885], [-82.51263076850621, 27.90975861176165], [-82.5126281770029, 27.909773462493305], [-82.51262485863265, 27.90978819951781], [-82.51262082240147, 27.909802793924342], [-82.51261607326065, 27.90981721862203], [-82.51261062225215, 27.90983144559493], [-82.5126044783948, 27.909845448639405], [-82.51259765374645, 27.90985919973569], [-82.51259016038198, 27.909872674473604], [-82.51258201442684, 27.909885845720673], [-82.5125732310077, 27.909898689957767], [-82.5125638252428, 27.909911181860938], [-82.51255381530625, 27.909923297899706], [-82.5125432214083, 27.909935015438457], [-82.51253213822827, 27.909944869507985], [-82.51252056121938, 27.909954266085077], [-82.51250851670397, 27.909963186121054], [-82.51249602796106, 27.90997161148094], [-82.51248312232883, 27.90997952311225], [-82.51246982411926, 27.909986906485795], [-82.51245616271497, 27.9099937452488], [-82.51244216547974, 27.91000002576315], [-82.51242786181328, 27.910005735285633], [-82.5124132811153, 27.91001086107303], [-82.5123984528026, 27.91001539399175], [-82.51236474052367, 27.91002330086565], [-82.51234554442723, 27.910023169202205], [-82.51224483910333, 27.910022483289463], [-82.5122348357195, 27.910022414895725], [-82.5122156396231, 27.910022283214172]], [[-82.50810578872485, 27.91061318846892], [-82.5081041127886, 27.91076844949541], [-82.50810397535243, 27.910781211935273], [-82.50810054412707, 27.91138387260335], [-82.50810149356283, 27.911411612903176], [-82.50810693292576, 27.911592130591465], [-82.50810816644476, 27.911633053201328], [-82.50810947816575, 27.91167657988784], [-82.50811036907648, 27.911719184956937], [-82.50811044877311, 27.91173623847278], [-82.50810712436879, 27.912025024841213], [-82.50810266154923, 27.91239323409107], [-82.50810212723658, 27.912437368587877], [-82.50810138719028, 27.912487041954005], [-82.50809419372389, 27.913147843496187], [-82.50809385482137, 27.913161623694435], [-82.508092660304, 27.913210131008594], [-82.50809189149169, 27.913242781351308], [-82.50809086213913, 27.91328315550745], [-82.50808371851916, 27.913940066487363], [-82.50808347208988, 27.91400232668624], [-82.50808334143764, 27.91403523456686], [-82.5080831785421, 27.914076459205976], [-82.50807489371874, 27.914768729059457], [-82.50807512975486, 27.914794235797], [-82.5080745024397, 27.9148647716183]], [[-82.51145221215698, 27.910777313122693], [-82.51034639880854, 27.91076942665554], [-82.51032720255267, 27.910769289298262], [-82.51030800630105, 27.910769152840654], [-82.51028837626114, 27.91076901257243], [-82.51025645560983, 27.910767838531047], [-82.51025644484433, 27.91078459368094], [-82.5102564138122, 27.91083599436179], [-82.51025605448093, 27.911414449887076], [-82.51025589655848, 27.91143426566401], [-82.51025145728906, 27.911613075451562], [-82.51024856980604, 27.911612771597234], [-82.5102456730372, 27.911612968106674], [-82.51024285304496, 27.91161365914162], [-82.51024019361064, 27.91161482417157], [-82.51023777374552, 27.911616428583734], [-82.51023566534326, 27.911618424711364], [-82.51023393104404, 27.911620753249927], [-82.51023262237354, 27.91162334501904], [-82.51023177821206, 27.911626123017786], [-82.51023142363948, 27.911629004712413], [-82.51023156919008, 27.911631904488377], [-82.51023221053957, 27.911634736193953], [-82.51023332863359, 27.91163741569976], [-82.51023430999064, 27.911639770339235], [-82.51023564997855, 27.911641941012192], [-82.51023731514397, 27.911643873526845], [-82.51023926391528, 27.91164551963713], [-82.5102414476406, 27.91164683824719], [-82.51024381180224, 27.911647796437354], [-82.51024629737792, 27.91164837028599], [-82.51024884231416, 27.91164854546673], [-82.51025008875598, 27.911668238728492], [-82.51025614794248, 27.91169823236071], [-82.51025347470004, 27.911733624983768], [-82.51024990141256, 27.911960806322586], [-82.51024690328738, 27.91201529070003], [-82.51024249371012, 27.91236407801614], [-82.51024232820171, 27.91237556725174], [-82.51024212115212, 27.91238989382829], [-82.5102416337975, 27.912423718080333], [-82.51024073380746, 27.91248607455618], [-82.51023956123719, 27.91254987680445], [-82.51023412348603, 27.912845611422636], [-82.51023401909565, 27.912851291597615], [-82.51022803508613, 27.913176745592303], [-82.51022817270409, 27.913211264189002], [-82.51022834785238, 27.913255078403914], [-82.51022844395872, 27.91327901997001], [-82.5102269685746, 27.913308389053583], [-82.51022632398332, 27.913324512148215], [-82.51022355752626, 27.913970602310922], [-82.51022327305128, 27.913995705787116], [-82.51022309264064, 27.914011596143457], [-82.5102225573588, 27.914058803349924], [-82.51022120836919, 27.914096057246923], [-82.51022200366866, 27.914107716184798], [-82.51021398991703, 27.91444140583906], [-82.51021642270454, 27.914770579920237], [-82.51021795068485, 27.914791808939693], [-82.51021791405034, 27.914820367736482], [-82.51021790140312, 27.91488499047325], [-82.51021681390219, 27.91490674716337], [-82.51021667686611, 27.914916727455015], [-82.51021537842621, 27.91494159283618], [-82.51021216390151, 27.915243065684944], [-82.51020478424094, 27.91557139170243], [-82.5102039672871, 27.915586507435105], [-82.51020317361501, 27.91560052304029], [-82.51019977279974, 27.91566057135305], [-82.5101992352784, 27.915670072140706], [-82.51019637300139, 27.915720620563917], [-82.51019312964416, 27.91577179396516], [-82.5101731937769, 27.916087445143063], [-82.51016995260076, 27.91628779908774], [-82.51016991487654, 27.9162977275721], [-82.51017009518912, 27.916323592759912], [-82.51017029343863, 27.916351981027116], [-82.5101703712921, 27.91636315802257], [-82.5101706606021, 27.916402723236097], [-82.51017075756629, 27.916418621583926], [-82.5101607670943, 27.916980777743046], [-82.51016083169803, 27.917006665014707], [-82.51016091055648, 27.917028446256083], [-82.51016097441331, 27.91705179323882], [-82.51016110697005, 27.917096921500274], [-82.51016114264647, 27.917109285323306], [-82.5101541731131, 27.91762720751351], [-82.51015378439212, 27.91764611991018], [-82.51015368388828, 27.917658906565617], [-82.51014741371397, 27.917792266650288], [-82.510147501619, 27.917810780219998], [-82.51014669057241, 27.917821097798445], [-82.51014691647752, 27.917869231645348], [-82.51014712804279, 27.917914309976265], [-82.51015153132589, 27.91835399775849], [-82.51015445307885, 27.918372601902607], [-82.51015494116466, 27.918391960451668], [-82.51015523547137, 27.91845141931729], [-82.51015542156235, 27.918489985930645], [-82.51013659881494, 27.919041607382052], [-82.51013656967227, 27.919053580697113], [-82.5101352467264, 27.91915678908217], [-82.51012559087492, 27.91965348008827], [-82.51012592082678, 27.91967053175123], [-82.51012600086212, 27.919687584339645], [-82.51012343972133, 27.91974408934405], [-82.51012158440939, 27.91977002071402], [-82.51012166444438, 27.919787073302185]], [[-82.51224345096168, 27.910782692254628], [-82.5122245367303, 27.910782689475212], [-82.51220257492977, 27.91078268629094], [-82.51214864070425, 27.91078259890565], [-82.51145221215698, 27.910777313122693]], [[-82.51224345096168, 27.910782692254628], [-82.51224308767314, 27.910825468896235], [-82.5122425609142, 27.91145260833501]], [[-82.51308830744516, 27.910788669434282], [-82.51238540851934, 27.91078309030232], [-82.512281398031, 27.910782860701424], [-82.51224345096168, 27.910782692254628]], [[-82.51428724895621, 27.91079794602305], [-82.51428936031151, 27.91065520977787], [-82.51430530664358, 27.90889376055342], [-82.51428235676411, 27.908863890600724], [-82.5142825444615, 27.908843436701538], [-82.51428247891923, 27.908829793358663], [-82.51428243782811, 27.90880478132101], [-82.51428194451591, 27.908700475908518]], [[-82.51428724895621, 27.91079794602305], [-82.51422247666818, 27.910797665275282], [-82.51308830744516, 27.910788669434282]], [[-82.5153877358331, 27.91080314873262], [-82.51538748286957, 27.910679701382715], [-82.51538743860958, 27.9106626486493], [-82.51540406129757, 27.908863120516365], [-82.51540417957165, 27.908846067170543], [-82.51540426026041, 27.908829013965285], [-82.51540451006538, 27.908708547175763]], [[-82.5153877358331, 27.91080314873262], [-82.51521693599895, 27.910802728976474], [-82.51443146549826, 27.9107982848002], [-82.51441181222577, 27.91079817318116], [-82.51428724895621, 27.91079794602305]], [[-82.51641331420164, 27.910810634903896], [-82.51641355162396, 27.910670692327955], [-82.5164322991198, 27.908870608509112], [-82.51643247920187, 27.90885355583473], [-82.51643106188875, 27.908720467835163]], [[-82.51641331420164, 27.910810634903896], [-82.51633059585302, 27.910809936006846], [-82.51631269097038, 27.910809846081943], [-82.51623817617404, 27.91080947013438], [-82.5153877358331, 27.91080314873262]], [[-82.5170652415288, 27.91081425778532], [-82.51643075409642, 27.910810782508143], [-82.51641331420164, 27.910810634903896]], [[-82.5170652415288, 27.91081425778532], [-82.51706489885223, 27.910839821720703]], [[-82.51538765689274, 27.910828714388433], [-82.5153877358331, 27.91080314873262]], [[-82.5178613442515, 27.910821524777464], [-82.51780715531714, 27.910821066965994], [-82.51724675026445, 27.910816334292242], [-82.5170652415288, 27.91081425778532]], [[-82.5178613442515, 27.910821524777464], [-82.51786048424255, 27.91086427079238], [-82.51785543784355, 27.911384986439604], [-82.51785490324357, 27.911440173694746], [-82.5178543992962, 27.911492198780067], [-82.51785409535853, 27.91152351093658], [-82.51785271957539, 27.911665495406258], [-82.5178520874478, 27.911688688886063], [-82.5178506337133, 27.91177122360022], [-82.5178504020528, 27.911788277363428], [-82.51784631207421, 27.912075338473244], [-82.51784281871869, 27.912414933986017], [-82.51784217405715, 27.912439335840904], [-82.51784216798633, 27.912439554247573]], [[-82.51813652520323, 27.910823847217415], [-82.5178613442515, 27.910821524777464]], [[-82.512220543094, 27.911452386979168], [-82.51222172798798, 27.911627995786294], [-82.51222176223457, 27.911637637041142], [-82.51222185819333, 27.911664690128315], [-82.51222380378556, 27.911685651367314], [-82.51222227030937, 27.911691143740114], [-82.51222242492864, 27.911710163327196], [-82.51222250989406, 27.91171418235948], [-82.51222387595655, 27.91177924397566], [-82.51222969176976, 27.91203669796319], [-82.51223507294625, 27.912362959845456], [-82.51223916114475, 27.91240550786061], [-82.51223917256921, 27.91241159820384], [-82.51223862943111, 27.912424178958666], [-82.51223921776459, 27.912435206063645], [-82.51224072171367, 27.912439615979302], [-82.51223934017092, 27.91249956660941], [-82.512239387821, 27.912524557858976], [-82.51223670534225, 27.91280710973888], [-82.51223309392763, 27.913187461358195], [-82.51223186001292, 27.91321190599563], [-82.51223119405745, 27.913258576757073], [-82.51223058028297, 27.913275355797982], [-82.51223065644531, 27.91329626442265], [-82.51222634352379, 27.91359888026464], [-82.51222567080275, 27.913651015158706], [-82.5122232389585, 27.913943858079946], [-82.51222152422253, 27.91396069264992], [-82.51222123353833, 27.91398459593982], [-82.5122210428046, 27.914014835601066], [-82.5122209043987, 27.91403569809576], [-82.51221984061462, 27.914088922750366], [-82.51222038957238, 27.914118111057395], [-82.51221719086564, 27.914396321479412], [-82.51221657034237, 27.914448539195458]], [[-82.51434979668673, 27.91243693400832], [-82.51435184175557, 27.91244468983184], [-82.5143749715948, 27.91253239923118], [-82.51437170979969, 27.912866971946745], [-82.51436818296344, 27.913228836403057], [-82.51436770317525, 27.9132865339549], [-82.51436450435418, 27.913659540157184], [-82.51436193410969, 27.913990407637797], [-82.5143604556504, 27.914024045175417], [-82.51435603677339, 27.914124581419642], [-82.51435120437584, 27.91445678928468]], [[-82.51634976495838, 27.91417436288182], [-82.51635053357943, 27.914110966425522], [-82.51635119779824, 27.914056174863216], [-82.51635136640768, 27.914042266249673], [-82.51635159420076, 27.914023493410838], [-82.51635588434252, 27.91366973342243], [-82.5163602651882, 27.913314539142558], [-82.51636046174038, 27.913298599994455], [-82.51636134775525, 27.913226768239518], [-82.51636022331918, 27.91320455325018], [-82.51637207922862, 27.912545476848997], [-82.51637212182806, 27.912520651315784], [-82.51637224082864, 27.912461861388824], [-82.51637225707304, 27.912453731491816], [-82.51637234799361, 27.912406568355063], [-82.51637870495406, 27.912058279086732], [-82.51640242559503, 27.912001415786925], [-82.51640418847329, 27.911770496185788], [-82.51640429231172, 27.911756854022247], [-82.51640439615016, 27.911743211858692], [-82.51640466031635, 27.911713918548827], [-82.51640652841049, 27.911529320297173], [-82.51640671351346, 27.911510971745642], [-82.51640687538851, 27.911495004748584], [-82.51640691481461, 27.91149111429908], [-82.516407010208, 27.911481468953113], [-82.516413242475, 27.910853282305126], [-82.51641331420164, 27.910810634903896]], [[-82.51221657034237, 27.914448539195458], [-82.51219880504087, 27.91444844732033], [-82.51213025110947, 27.914448092134794], [-82.51022255040634, 27.914440884126602]], [[-82.51221657034237, 27.914448539195458], [-82.51221296678541, 27.914760274840773], [-82.51221258363454, 27.914793445348213], [-82.51221248010847, 27.91480230562145], [-82.51221233340812, 27.914812998855442], [-82.51221213448022, 27.914825759711192], [-82.51221162166179, 27.914858361277982], [-82.51221069664999, 27.91485889172604], [-82.51221017986762, 27.91485960384618], [-82.51221034404503, 27.914860166341334], [-82.5122106697935, 27.914860738162343], [-82.5122115796364, 27.914861084915838], [-82.51221132240046, 27.914877425859615], [-82.5122109800213, 27.914899197839706], [-82.51221076810884, 27.91491265269898], [-82.51221073380168, 27.914914858323236], [-82.51220749834954, 27.915197131512087], [-82.51220690096343, 27.915249301308254], [-82.51220302838969, 27.915587170885843], [-82.51220211766734, 27.915612080860654], [-82.5122014336775, 27.915630777783814], [-82.5122012239802, 27.915636509786086], [-82.51220029512925, 27.915661884570635], [-82.51219978935796, 27.915675715022164], [-82.51219953019869, 27.915682808046544], [-82.5121980209598, 27.915724072865387], [-82.51219792914698, 27.915726579206574], [-82.51219769786164, 27.91573290417414], [-82.51219677533825, 27.915758112890867], [-82.51219369037602, 27.916080092542234], [-82.51219192021703, 27.9162477421111], [-82.51219230733315, 27.916308340382113], [-82.51219233742384, 27.91631472664385], [-82.5121923820305, 27.916324193688062], [-82.51219257084553, 27.91633278756318], [-82.512192673292, 27.91634073111995], [-82.51219282967159, 27.91637586055647], [-82.51219261252949, 27.916404161021003], [-82.51219219185117, 27.916423115053092], [-82.51219108809791, 27.916444359240472], [-82.51218126632135, 27.916979298056972], [-82.51218044581263, 27.917016888391284], [-82.51218033502951, 27.91702313079011], [-82.51217977967839, 27.91706395618947], [-82.51217942134376, 27.917093554845238], [-82.51217915153259, 27.91711455859566], [-82.51217193460577, 27.917640893101087], [-82.51217067216707, 27.917704787688255], [-82.51216916517231, 27.917781031794778], [-82.51216841103312, 27.91780791385303], [-82.51216620641193, 27.91781393572521], [-82.51216811779655, 27.91781834051317], [-82.51216762431697, 27.917855264549242], [-82.51216140341654, 27.918335772604834], [-82.51216003126375, 27.918381558886274], [-82.5121592983931, 27.918386866892718], [-82.51215911930261, 27.918411816550854], [-82.51215697942617, 27.918483328045394], [-82.51215627904365, 27.918506742833138], [-82.5121482907701, 27.919050937936394], [-82.51214825881323, 27.91905946404562], [-82.51214811227757, 27.919098653644745], [-82.5121477701689, 27.919190127025335], [-82.51214674345653, 27.919253600197873], [-82.51214741501263, 27.919282496548508], [-82.51212308351592, 27.919306893476396], [-82.51212336405405, 27.919366433587914], [-82.51214316054288, 27.91938712359278], [-82.5121416420572, 27.919408756447726], [-82.51214111425205, 27.9196016129081], [-82.51214069894903, 27.91962731605181], [-82.51214077930031, 27.919644368634955], [-82.5121408596559, 27.919661422120434], [-82.51214153121904, 27.91969031937178], [-82.51211719963122, 27.919714716298426], [-82.51211736744357, 27.91975270361479], [-82.51211748017097, 27.91977425640648], [-82.5121372767343, 27.919794946409997], [-82.51213575925902, 27.919816579259905], [-82.51213584568019, 27.91983362640554]], [[-82.51425374747154, 27.914456457327752], [-82.51425824566942, 27.914126554570238], [-82.51425907374339, 27.91410102493215], [-82.51426036853964, 27.914060982756038], [-82.51426221322242, 27.91399544627123], [-82.51426224647106, 27.913990233811454], [-82.51426413000847, 27.913658878882877], [-82.51426583747894, 27.91335881034407], [-82.51426640521375, 27.913330217081146], [-82.51426685911754, 27.913305478447977], [-82.5142672176726, 27.913285924532026], [-82.51426741066614, 27.913275396264172], [-82.51426824491827, 27.91322991244845], [-82.51426847269373, 27.913217502520027], [-82.51426886588537, 27.91319603626185], [-82.51427148969275, 27.91287213246243], [-82.51427444212032, 27.91250752769832], [-82.51427483623473, 27.912457907957403], [-82.51427495290545, 27.912444345158654], [-82.51427502352666, 27.91243565104932], [-82.51427507750627, 27.912429022625183], [-82.51427537568519, 27.91239219494453], [-82.5142786119282, 27.912047859997887], [-82.51427814883947, 27.91198947470666], [-82.51427890610276, 27.9117569760099], [-82.51427898864291, 27.911731472608682], [-82.51427904410649, 27.911714419503568], [-82.51427972988647, 27.91167448787659], [-82.51427932982813, 27.911654340292646], [-82.5142803376815, 27.911639116433285], [-82.51428332609234, 27.911465100199067], [-82.5142837052166, 27.91144302305439], [-82.51428661561874, 27.91084080308254], [-82.51428724895621, 27.91079794602305]], [[-82.51425374747154, 27.914456457327752], [-82.51423405514346, 27.914456390053786], [-82.51422281109261, 27.91445635170667], [-82.51420361425818, 27.914456229336608], [-82.51418441590417, 27.914456215259108], [-82.51233952566487, 27.91444964318851], [-82.51223684292279, 27.914448644306642], [-82.51221657034237, 27.914448539195458]], [[-82.51435120437584, 27.91445678928468], [-82.51433107825346, 27.914456720034416], [-82.5142734509742, 27.914456524557195], [-82.51425374747154, 27.914456457327752]], [[-82.51435120437584, 27.91445678928468], [-82.5143470257505, 27.914786110582597]], [[-82.51634616272383, 27.9144633487103], [-82.51634693101313, 27.914408009898768], [-82.51634952761904, 27.91419390641627]], [[-82.51634616272383, 27.9144633487103], [-82.51629614415776, 27.914465014312423], [-82.51627858016815, 27.914465599018417], [-82.51626128636161, 27.914466174588032], [-82.51622898312637, 27.914467250382828], [-82.51443340705325, 27.914457200691793], [-82.51441423136978, 27.914457683790975], [-82.51439503485882, 27.914456985707165], [-82.51437314591686, 27.91445686348554], [-82.51435120437584, 27.91445678928468]], [[-82.51754681053966, 27.914473006150093], [-82.51642987169497, 27.914462420417493], [-82.51638639270442, 27.91446200855089], [-82.51634616272383, 27.9144633487103]], [[-82.5143470257505, 27.914786110582597], [-82.5143247037736, 27.914789167365253], [-82.51431059708234, 27.914791099752385]], [[-82.5143470257505, 27.914786110582597], [-82.51434614363778, 27.91483049001408], [-82.51434424821767, 27.914925874879], [-82.51434176657476, 27.915259155922477]], [[-82.50807433739877, 27.91488336554569], [-82.50807416497891, 27.914902771671994], [-82.50807411883434, 27.914907896645918], [-82.50807376664521, 27.914947527414114], [-82.50806803987626, 27.915420485150527], [-82.50815067015878, 27.915503737527324], [-82.50815109436421, 27.915564930391113], [-82.50815127851914, 27.915604326354686], [-82.50815416071823, 27.915604464752043], [-82.50815698192987, 27.91560507054933], [-82.5081596668711, 27.915606127581075], [-82.50816214389526, 27.915607607640787], [-82.50816434690392, 27.91560947123364], [-82.50816621711063, 27.915611668630365], [-82.50816770460962, 27.915614141194258], [-82.50816876970755, 27.9156168229459], [-82.5081693839827, 27.915619642323758], [-82.50816953104336, 27.915622524093813], [-82.50816920696526, 27.915625391357118], [-82.50816842039633, 27.915628167601845], [-82.50816719232584, 27.915630778744955], [-82.50816542767093, 27.91563310176197], [-82.50816333783544, 27.915635137198688], [-82.50816096909429, 27.91563683998475], [-82.50815837389815, 27.915638172415623], [-82.50815560971208, 27.915639104987488], [-82.50815273774299, 27.915639617050555], [-82.50814978846287, 27.915664150098397], [-82.50814867184712, 27.915703457008245], [-82.5081473632125, 27.915749498431477], [-82.50814744292846, 27.91576655193726], [-82.50814752264449, 27.915783605442986], [-82.50814280199371, 27.91609509428335], [-82.50813973678251, 27.91630607438069], [-82.50813855193876, 27.91638772726222], [-82.50813767982739, 27.91640566683692], [-82.50813728837724, 27.916474490797093], [-82.50813638683378, 27.916536337377124], [-82.50812976531427, 27.916991466629664], [-82.50812855933685, 27.91706925183999], [-82.50812856382952, 27.917074124852398], [-82.50812827959281, 27.91709329675768], [-82.50812744737333, 27.917150849396606], [-82.50811988317699, 27.91767098738497], [-82.50811860691772, 27.917758731873324], [-82.50811829432502, 27.91776836086721], [-82.50811938217524, 27.917778097497322], [-82.50811037296273, 27.918362275065213], [-82.5081103423845, 27.91836616547874], [-82.50810780362588, 27.91843637171404], [-82.50810964707169, 27.918443661823044], [-82.5081092759443, 27.918466631397234], [-82.50810003301284, 27.919037985585316], [-82.50809971941217, 27.91905739673283], [-82.50809970223578, 27.91906545804721], [-82.50809935808924, 27.919083333401236], [-82.50809753831213, 27.91913391943199], [-82.50809136381405, 27.919631893409576], [-82.5080909267268, 27.919662051840657], [-82.50809067829165, 27.91967910383999], [-82.50808993586509, 27.91973022373062]], [[-82.51421158356204, 27.917117761356902], [-82.51421251246043, 27.91707617292676], [-82.51421347988924, 27.917032850818536], [-82.51421357711484, 27.917028491804253], [-82.51421406159096, 27.917006777053647], [-82.51421428986221, 27.916989316328465], [-82.51422082507207, 27.916489973655725], [-82.5142215593363, 27.9164336567736], [-82.51422179031515, 27.91642256706824], [-82.51422249048512, 27.916397484610094], [-82.51422273890552, 27.916388578677502], [-82.51422313488409, 27.916374356985198], [-82.51422363939496, 27.916356233759085], [-82.51422417928806, 27.91632969811259], [-82.51422431381313, 27.916320123917476], [-82.51422410095542, 27.91627469727228], [-82.51422364604032, 27.916257346482368], [-82.51422711471734, 27.916072518572058], [-82.51423158643533, 27.91577007730319], [-82.51423256981101, 27.915744732085997], [-82.51423315748606, 27.915729586508938], [-82.51423355221738, 27.915719396798863], [-82.51423465061235, 27.915691092141675], [-82.51423567652553, 27.915664645822194], [-82.5142366145525, 27.915640452252212], [-82.51423673134805, 27.915637438661005], [-82.51423815377954, 27.915600751186883], [-82.51424324571778, 27.915258481410756], [-82.51424748280284, 27.914973452130393], [-82.51424819716442, 27.914925600842647], [-82.51424769945305, 27.91491294636417], [-82.51424863345837, 27.91489219912016], [-82.51424873346043, 27.914874897693075], [-82.51424897866347, 27.914830951090224], [-82.51424923799932, 27.91478720025789], [-82.51425374747154, 27.914456457327752]], [[-82.51421158108636, 27.917117882289382], [-82.51420237168755, 27.91763606914419], [-82.51420014804681, 27.91770204377674], [-82.51420061300013, 27.917734185964083], [-82.51419918084827, 27.917763885183128], [-82.51419865815501, 27.917804796186278], [-82.51419727029666, 27.917835698155134], [-82.51419666195785, 27.91788406069494], [-82.51419079833148, 27.918350360746388], [-82.5141902812577, 27.91839138633145], [-82.51419010404197, 27.918404607330462], [-82.5141886250216, 27.918492693687565], [-82.51418801397816, 27.918517720758345], [-82.51418307201607, 27.918949280780577], [-82.51418259460584, 27.91896304163899], [-82.51418142429107, 27.918977438576896], [-82.51418220676094, 27.91899487657389], [-82.51417920869022, 27.91906294316798], [-82.51417885396695, 27.919079445095974], [-82.51417812889767, 27.919113226889355], [-82.51417719054912, 27.91915690171923], [-82.51417600420984, 27.919212151810928], [-82.51417605992846, 27.919226936721387], [-82.51417530055357, 27.91926592285215], [-82.51417684948608, 27.919289897767438], [-82.51417024855438, 27.919681960850916], [-82.51417066172927, 27.91971002793009], [-82.51417104612221, 27.91975047981814], [-82.51417053236472, 27.91976106793025], [-82.51420177466655, 27.91976002183131], [-82.51425439399704, 27.919737210965852], [-82.51427806052303, 27.9197269515298], [-82.51430869949166, 27.91972765382619], [-82.51432789735489, 27.919727582150117], [-82.51434709623395, 27.91972751046758], [-82.51437150327315, 27.91972817916641], [-82.51437587581036, 27.919727950772785], [-82.51618251324726, 27.919742942036294], [-82.5161997640197, 27.919742968538795], [-82.51621737850044, 27.919742995481034], [-82.51627892961606, 27.91974308878065]], [[-82.51627892961606, 27.91974308878065], [-82.51627951951212, 27.9197053693671], [-82.51627968335244, 27.91968831678], [-82.51627984617686, 27.91967126419669], [-82.51628564179883, 27.91924151848228], [-82.51628647982685, 27.919192943023997], [-82.5162872779719, 27.919146665255425], [-82.5162879136242, 27.91910981017774], [-82.51628813989268, 27.919096703602307], [-82.51628910072213, 27.91904104374962], [-82.51629415133125, 27.918595833448247], [-82.51629566659088, 27.91852108279408], [-82.51629600081125, 27.918504609816424], [-82.51629773406323, 27.91841907452151], [-82.51629797198105, 27.918407351298637], [-82.51629957611969, 27.918328213684802], [-82.5163069489702, 27.917872495973356], [-82.51630741389526, 27.917843758724956], [-82.51630727995529, 27.917818982602416], [-82.51630703736517, 27.917774326750013], [-82.51630679915199, 27.917730164500274], [-82.51630670133356, 27.917712351253257], [-82.5163066622808, 27.917705198881812], [-82.51631638732101, 27.917157590518578], [-82.51631648743734, 27.91713289744074], [-82.5163165638745, 27.917111346650557], [-82.51631922274574, 27.917110324179166], [-82.5163203120056, 27.91710886901812], [-82.51632118264213, 27.917106515873964], [-82.51632126100795, 27.917104834386475], [-82.51632095839558, 27.917102295230503], [-82.51631965663849, 27.917099864498976], [-82.5163178753096, 27.9170982766129], [-82.51631661335651, 27.91709759550927], [-82.5163166446627, 27.917088786947257], [-82.5163168138134, 27.91704376497255], [-82.51631690640723, 27.91701898529096], [-82.51629814715396, 27.916453154731247], [-82.51629842676462, 27.916442937474812], [-82.51629956006404, 27.916401560335157], [-82.51629985958118, 27.916390614757397], [-82.5162999452518, 27.91638747674909], [-82.51630062059903, 27.91636283024299], [-82.51630060535128, 27.916355769826968], [-82.51630055436677, 27.916332629461568], [-82.51632521411598, 27.916066903880914], [-82.51632385203524, 27.915780347067013], [-82.51632450261573, 27.915759684801838], [-82.51632462262427, 27.915755862636004], [-82.51632484328793, 27.915748849163098], [-82.51632523519207, 27.915736394404686], [-82.5163261646889, 27.915706866698077], [-82.51632699187581, 27.915680609716954], [-82.51632565976618, 27.915679912632594], [-82.51632499942536, 27.91567905601088], [-82.51632488815017, 27.915677872462982], [-82.5163252765307, 27.915677081396655], [-82.51632628702174, 27.91567615624663], [-82.51632714359559, 27.91567576409668], [-82.51632726811766, 27.915671822795478], [-82.51632735460585, 27.91566907101623], [-82.51632751326535, 27.915664189273464], [-82.51632765481332, 27.915659554855804], [-82.5163287086212, 27.915626041630205], [-82.51632952781291, 27.915600026525233], [-82.51633336730237, 27.915331041824196], [-82.51633418328056, 27.915270770254892], [-82.51633945117138, 27.914910468687317], [-82.51634082967918, 27.914853775778543], [-82.51634157322928, 27.914823172187074], [-82.51634221473999, 27.91479696553117], [-82.51634616272383, 27.9144633487103]], [[-82.51627892961606, 27.91974308878065], [-82.5163070032653, 27.919743131559468], [-82.5177218266012, 27.919754472860326], [-82.5179485634045, 27.91975628987263]], [[-82.51627582542562, 27.91995857468557], [-82.51627662325863, 27.919908594327808], [-82.51627678709491, 27.919891540838815], [-82.51627694991952, 27.91987448825598], [-82.51627892961606, 27.91974308878065]]]}, "properties": {"FACILITYID": "162128", "projid": "WTR-20-0002.2", "projname": "Foundation for Tampa’s Neighborhoods Project_Virginia Park Area", "projdesc": "The Foundation for Tampa’s Neighborhoods Project_Virginia Park Area will improve the City of Tampa’s water distribution system by replacing the existing water mains and increasing the capacity of the system. It will also improve our ability to serve a growing population. Approximately 40,333 Linear Feet of water mains ranging from 2 to 12 inches in diameter will be replaced and upgraded.", "rationale": "This project will replace the aging water mains in this area with new and larger diameter water mains, improving water pressure and water quality while reducing the number of service interruptions that might have been caused by main breaks or leakage.", "projtype": "Water", "safety": "No", "mandate": "No", "repair": "No", "replace": "Yes", "expand": "Yes", "efficient": "No", "fiscalyr": "2022", "fundsource": "PIPES", "planstart": 1663977600000, "planend": 1727568000000, "estcost": 8677855.56, "pocname": "Darren Alfonso", "pocphone": "813-324-1251", "pocemail": "DarrenA@ConsultVistra.com", "funded": "Yes", "projphase": "P4: Construction", "actstart": null, "actend": null, "actcost": null, "status": "Construction in Progress", "docpath": "https://www.tampa-neighborhoods.com/virginia-park/", "CreationDate": 1629205147000, "Creator": "WTMR", "EditDate": 1682344576000, "Editor": "WTMR", "MultiYear": "Yes", "NumVotes": null, "ShowPublic": "Yes", "EBO": null, "JobsCreated": null, "Neighborhood": null, "Council": null, "EBOAttained": null, "ContractNumber": null, "ActivityStatus": null, "ProjectSiteURL": null, "RelatedProject": null, "MapScale": 6000, "WMBESLBE": null, "ORACLEID": null, "EBUILDERID": null, "COMPROCUREMENT": null, "WATER": null, "WASTEWATER": null, "STORMWATER": null, "TRANSPORTATION": null, "OBJECTID": 9725, "GlobalID": "{6E233196-D934-4219-A289-A34954DEECE1}", "ProjectNumerical": 11308, "Shape__Length": 34755.37966471142}}, {"type": "Feature", "id": 10125, "geometry": {"type": "MultiLineString", "coordinates": [[[-82.47859315636008, 27.966549137570027], [-82.47859327996339, 27.966538911948334]], [[-82.47859315636008, 27.966549137570027], [-82.47855727874543, 27.96654881655888], [-82.47829265013952, 27.966546115255383], [-82.4781053990894, 27.966541452601373], [-82.47669620900889, 27.966527380179915], [-82.47666259581682, 27.96652704090357]], [[-82.48216202066904, 27.966584410664826], [-82.48194437933142, 27.96659065252443], [-82.4817691991669, 27.966592287487863], [-82.48115249595772, 27.966582888109606], [-82.48111563029097, 27.966581394479967], [-82.48082749717695, 27.96657717755389], [-82.48079944346486, 27.96657635602405], [-82.48079110297965, 27.966576111736252], [-82.48077483789446, 27.966575665021644], [-82.4807529719474, 27.966575081756467], [-82.4806750236314, 27.966573004192963], [-82.48067267144737, 27.96657294111921], [-82.48066003532507, 27.966572603539653], [-82.48061274466407, 27.966571342012475], [-82.47874641328379, 27.966550510339722], [-82.4786100726486, 27.96654928899488], [-82.47859315636008, 27.966549137570027]], [[-82.48896342976877, 27.96661055475179], [-82.48896766809696, 27.966687221794476]], [[-82.49738519054094, 27.966624508787138], [-82.49737323936597, 27.9667247958846], [-82.4973611175628, 27.96683641963504], [-82.49736035830644, 27.966857695725167], [-82.49735748979619, 27.967129401925977], [-82.4973248040179, 27.967204801570496], [-82.49732291087662, 27.967436100761326]], [[-82.48687090212722, 27.966666743262042], [-82.48624325200514, 27.966664624704954], [-82.48609926962544, 27.966662849416128], [-82.48607808135802, 27.966665621561496], [-82.4860439844625, 27.96666395252722], [-82.48574871488879, 27.966660154640984], [-82.48528345679837, 27.96665684742851], [-82.48497503002879, 27.966649601060066], [-82.48492455496944, 27.966649928745703], [-82.48492890302218, 27.966773603794188]], [[-82.48687090212722, 27.966666743262042], [-82.48687047824403, 27.966793089094523], [-82.4868694269125, 27.96690282832679], [-82.48686957116858, 27.967063589080134], [-82.48686731291164, 27.96747733664612], [-82.48686703728914, 27.96752779304919], [-82.4868620138939, 27.968149289154873], [-82.4868620773751, 27.968209852222575], [-82.48686207756545, 27.968216234951996]], [[-82.48894246378202, 27.966685169940376], [-82.4889264332327, 27.966683549323967]], [[-82.4889331645543, 27.966685315783554], [-82.48859604934044, 27.966644932958044], [-82.4876705520654, 27.96664596723854], [-82.48755498498609, 27.966661677086634], [-82.48754979547363, 27.96666781109225], [-82.48754254711521, 27.96667198604553], [-82.48753645913467, 27.966673600365535], [-82.48753194826229, 27.966673787805142], [-82.48752555146149, 27.96667272396977], [-82.48751787819452, 27.966669196570823], [-82.48751320812828, 27.966665171231273], [-82.4874838559055, 27.9666687540016], [-82.48687090212722, 27.966666743262042]], [[-82.48896766809696, 27.966687221794476], [-82.48894246378202, 27.966685169940376]], [[-82.48896766809696, 27.966687221794476], [-82.48901434219006, 27.96669102111296], [-82.4891242857332, 27.966694084771273], [-82.48912404859855, 27.966802658806245]], [[-82.48896766809696, 27.966687221794476], [-82.48897241445538, 27.96677309610235], [-82.48897689084554, 27.966776081603808], [-82.48898086138, 27.96677958507996], [-82.4889842505508, 27.96678354092341], [-82.48898699398514, 27.966787873560662], [-82.4889890404905, 27.966792500152195], [-82.48899035002987, 27.96679733240434], [-82.48899089779948, 27.966802279262055], [-82.48899067487508, 27.96680716478756]], [[-82.49307550025507, 27.966686855886746], [-82.49307396173339, 27.96685461533993], [-82.49305662975749, 27.967157236613225], [-82.49305349364968, 27.96734874141117], [-82.49309216437838, 27.967383454717393], [-82.4930906500545, 27.967515390299017]], [[-82.49325732610791, 27.96669075597498], [-82.49325657839914, 27.9667764386346], [-82.49325024370525, 27.967077829331377], [-82.49325020829637, 27.967156542847718], [-82.4932283975547, 27.96736841333844], [-82.49322728132809, 27.967508734467465], [-82.49328759569119, 27.967508478553718], [-82.49372583292373, 27.967535075463275], [-82.49375020604032, 27.96753532550855], [-82.49375642167281, 27.967536310291653], [-82.49376081766826, 27.967536558922717], [-82.4937668302418, 27.967535805495075], [-82.49377672989692, 27.967530453889392], [-82.49377892776022, 27.967525859968415], [-82.49378116428075, 27.967518817677615], [-82.49378300457869, 27.96750935655216]], [[-82.48493540928551, 27.966795519308466], [-82.48492824738545, 27.967054596126427], [-82.48491220585952, 27.967466584778247], [-82.48491144624265, 27.967507879840507], [-82.48490683124773, 27.968032714016346], [-82.48490677050864, 27.96808892522021], [-82.48490665911073, 27.968124255785334], [-82.4849054003487, 27.9681971323676], [-82.48490529752135, 27.968209143779223], [-82.48490494626374, 27.968250160358817]], [[-82.48907104079957, 27.96680436687136], [-82.48902942423025, 27.966804638408455], [-82.48899067487508, 27.96680716478756]], [[-82.48899067487508, 27.96680716478756], [-82.48896588743396, 27.966808761696154], [-82.48894956695337, 27.96680866537719]], [[-82.48899067487508, 27.96680716478756], [-82.48898968090738, 27.966812136976984], [-82.4889879387798, 27.96681686095569], [-82.48898548198761, 27.966821326678154], [-82.4889823558889, 27.966825450059204], [-82.48897862009119, 27.966829151475135], [-82.48897434644734, 27.96683236208753], [-82.48897178012342, 27.967072499205987], [-82.4889657836491, 27.967374225198007], [-82.48896532850563, 27.96740854086845], [-82.48896366772615, 27.96753390293056], [-82.4889578509688, 27.968879962902026], [-82.48895790453082, 27.968991499377267], [-82.48895146379724, 27.969628030854185], [-82.48895059533734, 27.96968271892723]], [[-82.48894956695337, 27.96680866537719], [-82.48894592011709, 27.966753634167596], [-82.48894427182002, 27.96670927404756], [-82.48894246378202, 27.966685169940376]], [[-82.48894956695337, 27.96680866537719], [-82.48894978266382, 27.96681255128105], [-82.4889469976949, 27.967072290375945], [-82.48892803651704, 27.967408154495303], [-82.48892673250457, 27.967489559010854], [-82.48892616852176, 27.96753377989427], [-82.4889214592993, 27.968130584076246], [-82.4889212454631, 27.968157780694295], [-82.48892053725287, 27.9682926696848], [-82.48892035123171, 27.968328066381165], [-82.48891571035705, 27.968818947462445], [-82.48891463273753, 27.96894877434421]], [[-82.49523453713145, 27.967317505108113], [-82.49520905513515, 27.967270936947376], [-82.49520951556688, 27.966957252207163], [-82.49520958595333, 27.966876492817935], [-82.49520957640482, 27.966843900607817], [-82.49520935242687, 27.96667639837305]], [[-82.49732291087662, 27.967436100761326], [-82.49719039184835, 27.96743600662236], [-82.49633257313802, 27.96743976764205]], [[-82.49732291087662, 27.967436100761326], [-82.49732282782145, 27.967452568185596], [-82.49731651902552, 27.968278315959246]], [[-82.49101464392552, 27.96750971098832], [-82.49101574869985, 27.96742325820829], [-82.49101520730852, 27.967404024420826], [-82.49101523744557, 27.967398332828893], [-82.4910220514091, 27.966964565408464], [-82.49102283810657, 27.966914498831787], [-82.49102330463452, 27.96685432643188], [-82.49102383511568, 27.966808506596575], [-82.4910254750891, 27.966666949082555]], [[-82.49101464392552, 27.96750971098832], [-82.49101416398727, 27.967579494973023], [-82.49101100688063, 27.96807004683219], [-82.49101051216573, 27.968106479689187], [-82.49101023252521, 27.96812710701433], [-82.49100801608374, 27.968253810222077], [-82.49100466234387, 27.96857159774333], [-82.49101419577659, 27.968876861676367]], [[-82.49166789788904, 27.967510337371827], [-82.49118098129938, 27.967507762818727], [-82.49114597066581, 27.967507287686907], [-82.49111895378603, 27.967487251404602], [-82.49108468579459, 27.967487373707552], [-82.49105483369257, 27.967509877095797], [-82.49101464392552, 27.96750971098832]], [[-82.4930906500545, 27.967515390299017], [-82.4930583750149, 27.96751480117173], [-82.49194814455143, 27.967511218150612]], [[-82.4930906500545, 27.967515390299017], [-82.4930915104453, 27.968166576080502], [-82.4930821318495, 27.968257726654933]], [[-82.47858731833598, 27.96809373108575], [-82.47858779797679, 27.968023910981977], [-82.47859027438356, 27.967702900350908], [-82.47859309693958, 27.9673419379748], [-82.47859364024643, 27.967294840288147], [-82.47859424734771, 27.96724216008024], [-82.47859463165719, 27.96720878406731], [-82.47859591577867, 27.96699579765318], [-82.47859606895122, 27.96681489579051], [-82.47859614228663, 27.96672739348871], [-82.47859315636008, 27.966549137570027]], [[-82.47858731833598, 27.96809373108575], [-82.47853915359667, 27.968093081920063], [-82.4784922299989, 27.968092691022424], [-82.4780389813974, 27.96808889347223], [-82.47801999230323, 27.9680972444533], [-82.47777443859385, 27.968284892223206], [-82.47771919836289, 27.968327105569397], [-82.4778155052767, 27.968425446828313], [-82.47788617068476, 27.968498189116225], [-82.47796091877794, 27.9685798618565], [-82.47818998264297, 27.9688203023009], [-82.47847435833722, 27.968937046419942], [-82.47876325485916, 27.96894585791664], [-82.48058542436254, 27.96896078446844], [-82.48064655304293, 27.968961282950414], [-82.48064745117118, 27.968904317104545], [-82.48064609374387, 27.968857636663518], [-82.48066492511772, 27.968819216730722], [-82.4806651732054, 27.96878116311726], [-82.48066628430858, 27.968610562582395], [-82.48066576365513, 27.968583669930315], [-82.4806668340815, 27.968498385008143], [-82.48068566538761, 27.968459965071375], [-82.48068630006506, 27.968265119386743], [-82.48067702159297, 27.968246589262606], [-82.48066712886174, 27.968226831301106], [-82.48066697207851, 27.96821576381192], [-82.48066562523003, 27.968160001493075], [-82.48066560403606, 27.968113245991596]], [[-82.48066560403606, 27.968113245991596], [-82.48066530601827, 27.96804599505835], [-82.48070498238977, 27.968045856454722], [-82.48074711433163, 27.968045709260373]], [[-82.48066560403606, 27.968113245991596], [-82.47963764044319, 27.96810451788663], [-82.479135314105, 27.968099790464798], [-82.4787302152944, 27.968097866964555], [-82.4786354761312, 27.9680946491764], [-82.47858731833598, 27.96809373108575]], [[-82.48686207756545, 27.968216234951996], [-82.4868346272589, 27.968216346514147], [-82.48634858507334, 27.968229299377796], [-82.48510358703459, 27.968225029308556], [-82.48495610200862, 27.96824368848652], [-82.48490494626374, 27.968250160358817]], [[-82.48686207756545, 27.968216234951996], [-82.4868618504326, 27.968258699455095], [-82.48687447227263, 27.968952084731256]], [[-82.48490494626374, 27.968250160358817], [-82.48489960583912, 27.96891715334003], [-82.48490034316183, 27.968963856662867], [-82.48490005402978, 27.969045369471626], [-82.48491259267529, 27.969587418773372], [-82.484898245807, 27.969668067879827]], [[-82.4930821318495, 27.968257726654933], [-82.49307845523934, 27.968578053799387], [-82.49307666303727, 27.96887512997175], [-82.49302425165688, 27.968874984788844], [-82.49240709377747, 27.968876069443], [-82.49147361603345, 27.968873450045425], [-82.4911685580829, 27.968869326115957], [-82.49101419577659, 27.968876861676367]], [[-82.4945892583894, 27.968271430639994], [-82.49328170428277, 27.96825664767797], [-82.4930821318495, 27.968257726654933]], [[-82.49731651902552, 27.968278315959246], [-82.49715800317162, 27.968278118127998], [-82.49682444173634, 27.96827770309265], [-82.49638102242966, 27.968278003051175], [-82.49635393859715, 27.96826468737396], [-82.49634664342014, 27.968263909644634], [-82.49633633631204, 27.96826216637497], [-82.4963263478881, 27.968260543779955], [-82.49632010176514, 27.968255797088712], [-82.49631843537966, 27.96824990947902], [-82.49631863317032, 27.96824471180347], [-82.49632058673832, 27.96824072604432]], [[-82.49739141455686, 27.968278408917847], [-82.49731651902552, 27.968278315959246]], [[-82.4952374019313, 27.96884876059568], [-82.4952426200862, 27.968848527944015], [-82.49524731051389, 27.968848693348253], [-82.49525196996657, 27.968849198168886], [-82.4952565679363, 27.968850038906073], [-82.49526107289044, 27.96885121025885], [-82.49526545531688, 27.968852704211844], [-82.49526968569515, 27.968854510944794], [-82.49527373550474, 27.9688566170243], [-82.4952775782661, 27.968859010814395], [-82.49528118848725, 27.96886167435868], [-82.49528454068445, 27.96886459150565], [-82.4952876144352, 27.96886774157339], [-82.49529038931705, 27.968871103880122], [-82.49529284489932, 27.968874655939203], [-82.49529496481269, 27.968878374347003], [-82.49529673674098, 27.968882232978057], [-82.49529814838047, 27.968886208414077], [-82.49529918841901, 27.96889027181882], [-82.49530013492011, 27.968898557922728], [-82.49530003485576, 27.96890268679508]], [[-82.49101419577659, 27.968876861676367], [-82.49100202706013, 27.968877455568315], [-82.49094663746497, 27.96887727690583]], [[-82.49101419577659, 27.968876861676367], [-82.49101475212609, 27.968894682236357], [-82.49101526089218, 27.96902659974144], [-82.49100441948687, 27.969565799721416], [-82.49099632037633, 27.96963621729186], [-82.49099601330195, 27.96968962736122]], [[-82.493076623636, 27.968881666248304], [-82.49324736851419, 27.968881143619146], [-82.49450908375276, 27.968899805892217], [-82.49530003485576, 27.96890268679508]], [[-82.49530003485576, 27.96890268679508], [-82.49560632937187, 27.968903801116536], [-82.4970537121698, 27.968903195125797], [-82.49716652050944, 27.968922049446657], [-82.49731324580166, 27.96891044758884]], [[-82.49731324580166, 27.96891044758884], [-82.49731618260813, 27.968330634218113], [-82.49731651902552, 27.968278315959246]], [[-82.49731324580166, 27.96891044758884], [-82.49730953026285, 27.96964383982486], [-82.4973089175435, 27.96976491073639], [-82.49730874564635, 27.96978505578376], [-82.49730433429725, 27.970331446512034], [-82.49730291696638, 27.970472551942976]], [[-82.49737403300831, 27.968910297358857], [-82.49731324580166, 27.96891044758884]], [[-82.48687447227263, 27.968952084731256], [-82.48691087221992, 27.968952206797727], [-82.48694098486413, 27.9689528176496], [-82.48695184509657, 27.968953038206937], [-82.48702381252512, 27.968952822300707], [-82.48710745801594, 27.96893509079405], [-82.48733190982776, 27.968934804985967], [-82.48796841877801, 27.968938726146956], [-82.48800141019363, 27.96891817322141], [-82.48866207991742, 27.968918483386666], [-82.48870489869763, 27.968949344352776], [-82.4888918894909, 27.96894894810253], [-82.48891463273753, 27.96894877434421]], [[-82.48687447227263, 27.968952084731256], [-82.48687445215006, 27.96897545264887], [-82.4868519327158, 27.969529539322217], [-82.4868511458979, 27.969675336879682]], [[-82.48891463273753, 27.96894877434421], [-82.48891453421982, 27.96899118153023], [-82.48890907654157, 27.969539422483805], [-82.48890797847399, 27.969628185375228], [-82.4889073048258, 27.969682577668767]], [[-82.48286737490693, 27.969541632781], [-82.48286025921682, 27.96954144568633], [-82.48285499572286, 27.969541782707303], [-82.48284985973181, 27.96954381941714], [-82.48284365771347, 27.96954840916992], [-82.48283974389074, 27.969556025690572]], [[-82.48285078337484, 27.96955585880914], [-82.48283974389074, 27.969556025690572]], [[-82.48283974389074, 27.969556025690572], [-82.48283459816099, 27.969556103306488]], [[-82.48283459816099, 27.969556103306488], [-82.48283426247669, 27.969543713521716]], [[-82.48283459816099, 27.969556103306488], [-82.48269191417101, 27.9695582544291], [-82.48091461317948, 27.96954058387642]], [[-82.484898245807, 27.969668067879827], [-82.48486944935564, 27.96966816935864]], [[-82.484898245807, 27.969668067879827], [-82.48493029075198, 27.96966820491317], [-82.48497305586962, 27.969672457034847], [-82.48502303788068, 27.969672476678994], [-82.48505677897559, 27.969640060565062], [-82.48510099104946, 27.969639904698965], [-82.48514459633644, 27.969639750958105], [-82.48518008901063, 27.969668761847405], [-82.4857187215705, 27.969671655981738], [-82.48633604769459, 27.969674349294383], [-82.48671909695919, 27.96967508392429], [-82.48678348092999, 27.969675207197543], [-82.4868511458979, 27.969675336879682]], [[-82.484898245807, 27.969668067879827], [-82.48489728455282, 27.969998915587055], [-82.48489450713562, 27.97024841041112], [-82.48489260777966, 27.970355334361493], [-82.48489228704649, 27.970402041403336], [-82.48488810256748, 27.970739671198874], [-82.4848861116055, 27.971061861176477]], [[-82.4868511458979, 27.969675336879682], [-82.48693523357683, 27.96967559791654], [-82.48699387814591, 27.969675779303596]], [[-82.48699387814591, 27.969675779303596], [-82.48699825607376, 27.969675609496853], [-82.48825157208384, 27.96968065213875], [-82.48885414593364, 27.96968242182561], [-82.48887888565608, 27.96968249455508]], [[-82.48699387814591, 27.969675779303596], [-82.4869948961848, 27.9696854233396], [-82.48697599483265, 27.969846556448292], [-82.48697431349039, 27.97025783372031], [-82.48696503463411, 27.97041357877502], [-82.48696762284033, 27.970987297697697], [-82.48696786218382, 27.971027699434206], [-82.48695304313503, 27.971073738562207]], [[-82.48887888565608, 27.96968249455508], [-82.4889073048258, 27.969682577668767]], [[-82.48887888565608, 27.96968249455508], [-82.48887881168494, 27.96970238838936], [-82.48890722529117, 27.96973167613378], [-82.48890724043098, 27.96976863146806], [-82.48890293440108, 27.970396254845753], [-82.48890259588707, 27.970445624045773], [-82.48889461480803, 27.970986735809994], [-82.48889702973183, 27.97103000668048], [-82.48890213679799, 27.971050424447817], [-82.48891289188454, 27.971071691163463]], [[-82.4889073048258, 27.969682577668767], [-82.48895059533734, 27.96968271892723]], [[-82.48895059533734, 27.96968271892723], [-82.48939597601671, 27.96968416760686], [-82.49091672510058, 27.969689363413963], [-82.49099601330195, 27.96968962736122]], [[-82.48895059533734, 27.96968271892723], [-82.48894983126648, 27.969730801909098], [-82.48894589807172, 27.970395078847364], [-82.48894559707469, 27.970446001859386], [-82.48894283486607, 27.970725886980482], [-82.48893858978731, 27.97106711668689]], [[-82.4910248097327, 27.96968952460014], [-82.49099601330195, 27.96968962736122]], [[-82.49099601330195, 27.96968962736122], [-82.49099571456672, 27.96973836834529], [-82.49099396443158, 27.97002353798242], [-82.49099170816388, 27.97027436469922], [-82.49098981659044, 27.970404580682235], [-82.49098927218918, 27.970454511910596], [-82.49098878214566, 27.970499611456713], [-82.49098608911419, 27.97074691220556], [-82.49098391865056, 27.971050146783853]], [[-82.49306986155489, 27.9697158539892], [-82.49307786912232, 27.969742524812407]], [[-82.49307089427516, 27.969715864726982], [-82.4932201914277, 27.969717406076423], [-82.49499093395848, 27.969729375167564], [-82.49511003028664, 27.96972907210526], [-82.49514068162571, 27.969728961808073], [-82.49515686868754, 27.96972890355705]], [[-82.49737294955247, 27.96973948138545], [-82.49735374377732, 27.969739543589565]], [[-82.49307688642969, 27.96975866066546], [-82.49306793058395, 27.970298315933036], [-82.49306346737205, 27.970430642842736], [-82.49306326650259, 27.970454425596586]], [[-82.48287165460988, 27.97038807450395], [-82.48283623204165, 27.970387284673652], [-82.48280228749245, 27.970386528451492], [-82.48162597276344, 27.970377587778334], [-82.48160742710161, 27.97037870219439]], [[-82.48288792802927, 27.97038843701203], [-82.48287165460988, 27.97038807450395]], [[-82.48283633798324, 27.970409255224062], [-82.48284359711106, 27.970409000538698], [-82.48285159819096, 27.970407825500494], [-82.48285625340101, 27.970406004348355], [-82.48286165336717, 27.970403892714348], [-82.48287013810645, 27.970395149288535], [-82.48287165460988, 27.97038807450395]], [[-82.49285815183354, 27.970430064536988], [-82.4928684452271, 27.97043009805316]], [[-82.4928684452271, 27.97043009805316], [-82.49286538051162, 27.970423339173806], [-82.49286459259068, 27.970419269433336], [-82.49286453621872, 27.970415140220744], [-82.49286521389591, 27.970411054401495], [-82.49286660881091, 27.970407114910206], [-82.49286868685306, 27.970403420231374], [-82.49287139457144, 27.970400062602007], [-82.49287466424461, 27.970397125286045]], [[-82.4928684452271, 27.97043009805316], [-82.49288869760657, 27.970430163573866], [-82.49306326650259, 27.970454425596586]], [[-82.49306326650259, 27.970454425596586], [-82.49310778111789, 27.9704606117964], [-82.49322261646492, 27.970460984388236], [-82.49415728246213, 27.97046376259191], [-82.49507396227455, 27.970466391609634], [-82.49512778136288, 27.970466808880225], [-82.4952018273494, 27.97046727515827], [-82.49522391644311, 27.970467350870393], [-82.49530944306365, 27.970467642212423]], [[-82.49530944306365, 27.970467642212423], [-82.49561839776334, 27.97046828305259], [-82.49684373118097, 27.970471957518743], [-82.49716091370904, 27.970472368459173], [-82.49730291696638, 27.970472551942976]], [[-82.49530944306365, 27.970467642212423], [-82.49530949437104, 27.970471532303552], [-82.4953080838887, 27.970476940090734], [-82.4953039067545, 27.97048346779769], [-82.49529929274789, 27.970487365658897], [-82.49527644195757, 27.97049388027051], [-82.49524617785865, 27.970495592783006], [-82.49523490800895, 27.970494072183328], [-82.49522370868397, 27.970492192170934]], [[-82.49730291696638, 27.970472551942976], [-82.49736774027761, 27.970472636184066]], [[-82.49730291696638, 27.970472551942976], [-82.49730264407927, 27.97049971085796], [-82.4972973909183, 27.971097038205667]], [[-82.4848861116055, 27.971061861176477], [-82.48490491479397, 27.971061721815204], [-82.48496983000469, 27.97107090061949], [-82.4864747412591, 27.97105923320712], [-82.48692411165833, 27.9710732778501], [-82.48694039499455, 27.97107378693507], [-82.48695304313503, 27.971073738562207]], [[-82.4848861116055, 27.971061861176477], [-82.48488565975755, 27.971134940633323]], [[-82.49098391865056, 27.971050146783853], [-82.49077996296883, 27.97104958309503], [-82.48938407896571, 27.971047876379924], [-82.48906766666069, 27.97104827951437], [-82.48893858978731, 27.97106711668689]], [[-82.49098391865056, 27.971050146783853], [-82.49207692055299, 27.9710533007407], [-82.49269550479465, 27.97105514877876], [-82.49300952182526, 27.971079679386584], [-82.49305863610807, 27.97108655931214]], [[-82.49098391865056, 27.971050146783853], [-82.49098290939864, 27.971191156001936], [-82.49097783619668, 27.971777094351268]], [[-82.48695304313503, 27.971073738562207], [-82.48696517903926, 27.9710736992204], [-82.48731301118727, 27.971061321180667], [-82.48808730137027, 27.971064082226764], [-82.4887829816179, 27.971064621235072], [-82.48887397422551, 27.971069914540024], [-82.48891289188454, 27.971071691163463]], [[-82.48893858978731, 27.97106711668689], [-82.48892318385207, 27.971069365184405]], [[-82.48893858978731, 27.97106711668689], [-82.48893811816271, 27.971104992394245]], [[-82.48892318385207, 27.971069365184405], [-82.48892318428118, 27.971080508107384], [-82.48892375025524, 27.971105045255975], [-82.48893811816271, 27.971104992394245]], [[-82.48891289188454, 27.971071691163463], [-82.4889180985962, 27.971071147460812], [-82.48892318385207, 27.971069365184405]], [[-82.49305863610807, 27.97108655931214], [-82.49306075533745, 27.97075231552923], [-82.49306326650259, 27.970454425596586]], [[-82.49305863610807, 27.97108655931214], [-82.49320599450493, 27.97108714203158], [-82.49477039735345, 27.971093100535597], [-82.49507027377855, 27.97109365972713], [-82.495110009087, 27.971093733324984], [-82.49520296176837, 27.971082804552793], [-82.49520856215088, 27.971082782591406]], [[-82.49305863610807, 27.97108655931214], [-82.4930560263152, 27.971482812822476], [-82.49305033014754, 27.971805625065162], [-82.49300972472331, 27.971805822007486], [-82.49280589212549, 27.971804244784114], [-82.49206089851914, 27.971780665554846], [-82.49114429408522, 27.971777643599776], [-82.49097783619668, 27.971777094351268]], [[-82.48893811816271, 27.971104992394245], [-82.48890259215779, 27.971459206076588], [-82.48889984570305, 27.97179018088161]], [[-82.48488565975755, 27.971134940633323], [-82.48470387628831, 27.971136694714374], [-82.4830578921787, 27.971113913144407], [-82.4830298419402, 27.97111368134057], [-82.48301612398444, 27.971113382974266]], [[-82.48488565975755, 27.971134940633323], [-82.48488357843111, 27.971471701182384], [-82.48488125928726, 27.971735945993327], [-82.48488066078009, 27.971804185446448], [-82.48488126239886, 27.971854175795947], [-82.48487991240283, 27.971889373541035], [-82.48488296749868, 27.97259108829303]], [[-82.49732618667889, 27.971096934124727], [-82.4972973909183, 27.971097038205667]], [[-82.4972973909183, 27.971097038205667], [-82.49715834203094, 27.97109673124781], [-82.4959107569324, 27.971095223509373], [-82.49522930900677, 27.971082707918477]], [[-82.4972973909183, 27.971097038205667], [-82.49729601831756, 27.971175857552918], [-82.49729632809996, 27.971217924822977], [-82.49729625112651, 27.971226629714973], [-82.49729256687482, 27.971823415300356]], [[-82.49097783619668, 27.971777094351268], [-82.49097782129186, 27.971796478106462]], [[-82.48874710020068, 27.97179026062324], [-82.48873925349638, 27.971790288496567]], [[-82.48889984570305, 27.97179018088161], [-82.4888755015544, 27.97178980444835], [-82.48874710020068, 27.97179026062324]], [[-82.48889984570305, 27.97179018088161], [-82.48889860992367, 27.971939034621744], [-82.48889645164137, 27.97219913677375], [-82.48889223429393, 27.97259569829951]], [[-82.48904721882164, 27.97179245730074], [-82.49015404582022, 27.971793622711182], [-82.49092836211801, 27.97179630716468], [-82.49097782129186, 27.971796478106462]], [[-82.49097782129186, 27.971796478106462], [-82.49097626961571, 27.97192678760089]], [[-82.4952688782368, 27.971826753222317], [-82.4952603781215, 27.971818801130407], [-82.49525147311331, 27.971815890436513], [-82.4952094005178, 27.97181442566171], [-82.49520094207405, 27.971814930771245]], [[-82.4952688782368, 27.971826753222317], [-82.49559375360197, 27.971827956725278], [-82.49668067597551, 27.971829181927152], [-82.49714574420223, 27.971823945894233], [-82.49729256687482, 27.971823415300356]], [[-82.4952688782368, 27.971826753222317], [-82.49520026713525, 27.97182649934657], [-82.49445711010367, 27.97182374320743], [-82.4932017638473, 27.971821511531626], [-82.493051324932, 27.971821656367112], [-82.49304586022816, 27.972215505225865], [-82.49304239871556, 27.972643965912745]], [[-82.48693723296392, 27.97185775637288], [-82.48693729867938, 27.971764183724005], [-82.48695317295116, 27.97166337918207], [-82.48695321925479, 27.971170010367267], [-82.48695304313503, 27.971073738562207]], [[-82.49731923446265, 27.971823318911117], [-82.49729256687482, 27.971823415300356]], [[-82.49729256687482, 27.971823415300356], [-82.49729168095512, 27.97196692008409], [-82.49728864376965, 27.97256738237815]], [[-82.48874753529282, 27.97188680491096], [-82.48874710020068, 27.97179026062324]], [[-82.49097617240565, 27.97194168668675], [-82.49097343917236, 27.97221221548226], [-82.4909699737855, 27.97263422038731]], [[-82.48488296749868, 27.97259108829303], [-82.48493343893455, 27.97259092304402], [-82.48518932250367, 27.97257745850483], [-82.48663058405516, 27.972584823420778], [-82.48691212017697, 27.972585393934636], [-82.4872469505644, 27.972586071134668], [-82.48881847460423, 27.972593678188694], [-82.48889223429393, 27.97259569829951]], [[-82.48488296749868, 27.97259108829303], [-82.4848830203223, 27.972603357237034], [-82.48487866692355, 27.973240111167815]], [[-82.48889223429393, 27.97259569829951], [-82.48891628411057, 27.972596356422606], [-82.48903905993802, 27.9726061569822], [-82.48984046955378, 27.972607367811364], [-82.49045805896574, 27.97260931870865], [-82.4907929042713, 27.972610148755173], [-82.49091917902639, 27.972635708323548], [-82.4909699737855, 27.97263422038731]], [[-82.48889223429393, 27.97259569829951], [-82.48888897396628, 27.972902197086814], [-82.48888990170754, 27.973242814521804]], [[-82.49728864376965, 27.97256738237815], [-82.49735797835561, 27.972567488207595]], [[-82.4909699737855, 27.97263422038731], [-82.49113291944671, 27.972629444434165], [-82.49124879292067, 27.972607393745978], [-82.49279962455093, 27.97261659667845], [-82.4929855541984, 27.972645015161365], [-82.49304239871556, 27.972643965912745]], [[-82.4909699737855, 27.97263422038731], [-82.49096727620534, 27.972960221781666], [-82.49097114454618, 27.973246195134674], [-82.49097076930387, 27.973264790565683]], [[-82.49304239871556, 27.972643965912745], [-82.49304227583215, 27.972659191759167]], [[-82.49304227583215, 27.972659191759167], [-82.4930400135145, 27.972939158909313], [-82.4930368247935, 27.97327402998294]], [[-82.49728822827869, 27.97264944691242], [-82.49728864376965, 27.97256738237815]], [[-82.49728822827869, 27.97264944691242], [-82.49714023270448, 27.97264912717119], [-82.49558738196524, 27.97266656985847], [-82.49520845462726, 27.972663931177348], [-82.49518258244288, 27.97266553041314], [-82.49513828068987, 27.972666116691183], [-82.49505451300055, 27.97266520078137], [-82.49319334378607, 27.97265965559737], [-82.49304227583215, 27.972659191759167]], [[-82.48487866692355, 27.973240111167815], [-82.4849239493278, 27.973240085129575], [-82.48647208274136, 27.9732257789986], [-82.48689308977764, 27.97322660712098], [-82.48690724612091, 27.97322668516412], [-82.48744401825257, 27.97322964935342], [-82.48797943979567, 27.973231541471595], [-82.48884902824268, 27.97324275130027], [-82.48888990170754, 27.973242814521804]], [[-82.48487866692355, 27.973240111167815], [-82.48487810059349, 27.973340551992887], [-82.48487242610612, 27.973871435591366], [-82.48486411843659, 27.973952767243432], [-82.48486279447607, 27.973966512863228]], [[-82.488969926663, 27.973242463358208], [-82.48899419688424, 27.973242377099687]], [[-82.488969926663, 27.973242463358208], [-82.488972170116, 27.973246332125182], [-82.48897673926936, 27.973248866088287], [-82.4889879082782, 27.973253900626847], [-82.48898776380213, 27.97326130809652]], [[-82.48888990170754, 27.973242814521804], [-82.48894264526838, 27.973242896008987], [-82.488969926663, 27.973242463358208]], [[-82.48888990170754, 27.973242814521804], [-82.48888993797837, 27.973256271085358], [-82.48889174505068, 27.973921566863197]], [[-82.4909182566804, 27.973264755054913], [-82.49097076930387, 27.973264790565683]], [[-82.49097076930387, 27.973264790565683], [-82.49097071615373, 27.973267419466335]], [[-82.49097076930387, 27.973264790565683], [-82.49111411047767, 27.97326488719359], [-82.49269920619395, 27.973264371763353], [-82.4929884943189, 27.973269185788926], [-82.49301205847961, 27.973269852153834], [-82.4930189575864, 27.973270412190992], [-82.49302483315357, 27.97327119969251], [-82.49303018428927, 27.97327177520271], [-82.4930368247935, 27.97327402998294]], [[-82.49097071615373, 27.973267419466335], [-82.49095879443605, 27.97385813686125], [-82.49095894652788, 27.973906547731342], [-82.4909582506022, 27.97396791387066]], [[-82.4909189447517, 27.97326833425233], [-82.49097071615373, 27.973267419466335]], [[-82.4930368247935, 27.97327402998294], [-82.49303680692131, 27.97328306584458]], [[-82.49303680692131, 27.97328306584458], [-82.49323330505464, 27.97328206103899], [-82.49351319270441, 27.973288781056976], [-82.49505806852638, 27.97327550717301], [-82.49522929931543, 27.973287289096543]], [[-82.49303680692131, 27.97328306584458], [-82.49303380138683, 27.973788790687173], [-82.49303346419396, 27.973792202992342], [-82.49301940306603, 27.973934705475074]], [[-82.49522929931543, 27.973287289096543], [-82.49522574334281, 27.973283850191528], [-82.49521629791714, 27.9732810379998], [-82.49520535514186, 27.973276416457466], [-82.49520007656966, 27.973272591205138], [-82.49519090843472, 27.973267509363712]], [[-82.49522929931543, 27.973287289096543], [-82.49569805476148, 27.973294126947696], [-82.49713383859591, 27.973281775032984], [-82.49728338346706, 27.97328993830329]], [[-82.49728338346706, 27.97328993830329], [-82.49728658073056, 27.97297530639163], [-82.49728822827869, 27.97264944691242]], [[-82.49728338346706, 27.97328993830329], [-82.49732287196302, 27.97329209399796]], [[-82.48889174505068, 27.973921566863197], [-82.48889164227596, 27.97391926011001], [-82.48889114108727, 27.97391700611737], [-82.4888902566676, 27.97391487316759], [-82.4888890158095, 27.973912925876107], [-82.48888745610347, 27.97391122323405], [-82.48888562479911, 27.973909816821145], [-82.48888357737384, 27.973908749243172], [-82.48888137585226, 27.973908052841274], [-82.48887908692708, 27.9739077487122], [-82.48887677993889, 27.97390784606922], [-82.48887452477543, 27.973908341963007], [-82.48887238975446, 27.973909221370985], [-82.48887043955419, 27.973910457652423], [-82.48886873325384, 27.973912013355495], [-82.48886732254398, 27.973913841351834], [-82.48886625016056, 27.97391588626423], [-82.48886554859028, 27.97391808614424], [-82.4888652390865, 27.973920374348847], [-82.48886533102527, 27.973922681559323], [-82.4888658216214, 27.973924937881183], [-82.48886669601285, 27.97392707496156], [-82.48886792771081, 27.973929028059874], [-82.48886947940234, 27.973930738009095], [-82.48887130408058, 27.973932153008132], [-82.48887334646882, 27.97393323019109], [-82.48887554469513, 27.973933936925864], [-82.48887783216655, 27.973934251802678], [-82.48888010063845, 27.973934172582723], [-82.48888232252241, 27.973933708392902], [-82.48888443297099, 27.973932872780956], [-82.48888637038908, 27.97393169013489], [-82.48888807823157, 27.973930194971167], [-82.48888950665373, 27.97392843092733], [-82.48889061396594, 27.973926449488403], [-82.48889136785039, 27.97392430848425], [-82.48889174630438, 27.973922070401784]], [[-82.48889174630438, 27.973922070401784], [-82.48889174505068, 27.973921566863197]], [[-82.48486279447607, 27.973966512863228], [-82.48489001933557, 27.973966347429116], [-82.48544173739656, 27.97397235836845], [-82.48693799531543, 27.973965263290502], [-82.48743879877004, 27.973975420612167], [-82.48877183829173, 27.973976284402774], [-82.4887941273563, 27.973975689039623], [-82.48882854017997, 27.97397476904632], [-82.488891879698, 27.973973076670717]], [[-82.48486279447607, 27.973966512863228], [-82.48485265863133, 27.97404498581378]], [[-82.49727690359109, 27.97392763447626], [-82.49728338346706, 27.97328993830329]], [[-82.488891879698, 27.973973076670717], [-82.48889178826033, 27.973938140314093], [-82.48889174630438, 27.973922070401784]], [[-82.488891879698, 27.973973076670717], [-82.48900131369658, 27.97397015289324], [-82.48907779215615, 27.973969434353997], [-82.4895152256985, 27.973964837538936], [-82.49060067971763, 27.973966927971492], [-82.4909582506022, 27.97396791387066]], [[-82.4909582506022, 27.97396791387066], [-82.49095836634966, 27.973993479541797]], [[-82.49301949225932, 27.973975786310984], [-82.49296692318416, 27.973976151553803], [-82.492918763285, 27.973972005190088], [-82.49158553549812, 27.97396964004283], [-82.4909582506022, 27.97396791387066]], [[-82.49301949225932, 27.973975786310984], [-82.4931981056822, 27.973972206093812], [-82.49381922907543, 27.973972651921688], [-82.49509225108375, 27.973976723618737], [-82.49517280783931, 27.973976755865564], [-82.49596419483788, 27.97397706639842], [-82.49650890496923, 27.973978043537766], [-82.49713701390634, 27.973994370328292], [-82.49728254324059, 27.973992664946504]], [[-82.49301961319199, 27.973993889957658], [-82.49301949225932, 27.973975786310984]], [[-82.49728254324059, 27.973992664946504], [-82.49728249992351, 27.973946867987646]], [[-82.49728254324059, 27.973992664946504], [-82.49731033576724, 27.973992615022755], [-82.49732560165437, 27.97400743059236], [-82.49735403437361, 27.974007121159794]], [[-82.49728295754376, 27.974004988513045], [-82.49728254324059, 27.973992664946504]], [[-82.48889206755098, 27.97404450421274], [-82.488891879698, 27.973973076670717]], [[-82.48893928073652, 27.974057828317186], [-82.48894176551742, 27.974057599633312], [-82.48894417283839, 27.97405694294599], [-82.48894642955418, 27.97405587820832], [-82.48894846709564, 27.974054437771823], [-82.48895022355308, 27.974052665403434], [-82.48895164555745, 27.97405061495567], [-82.48895268990186, 27.974048348730342], [-82.48895332485444, 27.974045935585572], [-82.48895353112246, 27.97404344884353], [-82.48895330243859, 27.974040964062624], [-82.48895264575127, 27.97403855674166], [-82.4889515810136, 27.97403630002587], [-82.4889501405771, 27.974034262484416], [-82.48894836820871, 27.97403250602697], [-82.48894631776095, 27.9740310840226], [-82.48894405153563, 27.974030039678187], [-82.48894163839084, 27.974029404725613], [-82.48893915164881, 27.974029198457586], [-82.4889366668679, 27.97402942714146], [-82.48893425954694, 27.974030083828783], [-82.48893200283115, 27.974031148566453], [-82.48892996528969, 27.97403258900295], [-82.48892820883225, 27.974034361371338], [-82.48892678682788, 27.974036411819103], [-82.48892574248346, 27.97403867804443], [-82.48892510753089, 27.9740410911892], [-82.48892490126286, 27.97404357793124], [-82.48892512994674, 27.974046062712148], [-82.48892578663406, 27.97404847003311], [-82.48892685137173, 27.974050726748903], [-82.48892829180822, 27.974052764290356], [-82.48893006417661, 27.974054520747803], [-82.48893211462438, 27.974055942752173], [-82.4889343808497, 27.974056987096585], [-82.48893679399448, 27.97405762204916], [-82.48893928073652, 27.974057828317186]]]}, "properties": {"FACILITYID": "162159", "projid": "WTR-20-0002.4", "projname": "Foundation for Tampa’s Neighborhoods Project_MacFarlane Park Area", "projdesc": "The Foundation for Tampa’s Neighborhoods Project_MacFarlane Park Area will improve the City of Tampa’s water distribution system by replacing the existing water mains and increasing the capacity of the system. It will also improve our ability to serve a growing population. Approximately 53,021 Linear Feet of water mains ranging from 2 to 24 inches in diameter will be replaced and upgraded.", "rationale": "This project will replace the aging water mains in this area with new and larger diameter water mains, improving water pressure and water quality while reducing the number of service interruptions that might have been caused by main breaks or leakage", "projtype": "Water", "safety": "No", "mandate": "No", "repair": "No", "replace": "Yes", "expand": "Yes", "efficient": "No", "fiscalyr": "2022", "fundsource": "PIPES", "planstart": 1663977600000, "planend": 1756512000000, "estcost": 7124488.05, "pocname": "Darren Alfonso", "pocphone": "813-324-1251", "pocemail": "DarrenA@ConsultVistra.com", "funded": "Yes", "projphase": "P5: Closeout", "actstart": null, "actend": null, "actcost": null, "status": "Closeout", "docpath": "https://www.tampa-neighborhoods.com/macfarlane-park/", "CreationDate": 1629210877000, "Creator": "WTMR", "EditDate": 1755706434000, "Editor": "90800", "MultiYear": "Yes", "NumVotes": null, "ShowPublic": "Yes", "EBO": null, "JobsCreated": null, "Neighborhood": null, "Council": null, "EBOAttained": null, "ContractNumber": null, "ActivityStatus": null, "ProjectSiteURL": null, "RelatedProject": null, "MapScale": 6000, "WMBESLBE": null, "ORACLEID": null, "EBUILDERID": null, "COMPROCUREMENT": null, "WATER": null, "WASTEWATER": null, "STORMWATER": null, "TRANSPORTATION": null, "OBJECTID": 10125, "GlobalID": "{865DBD29-26C5-4D91-83D6-CB678675A5B1}", "ProjectNumerical": 14905, "Shape__Length": 52802.90545318967}}, {"type": "Feature", "id": 10525, "geometry": {"type": "MultiLineString", "coordinates": [[[-82.46873186961268, 28.03343866656015], [-82.46863962214172, 28.0334389812506], [-82.46855575663405, 28.03347798298653], [-82.46788679775237, 28.03332339758527], [-82.46780247368174, 28.033299444441962], [-82.46772920954717, 28.033299702905826], [-82.46769374512732, 28.033296332247993]], [[-82.46873186961268, 28.03343866656015], [-82.46890857335835, 28.033438063584942], [-82.46896714871674, 28.033489600987327], [-82.4690310114354, 28.033489743039738], [-82.46961230005495, 28.03349103126405], [-82.46982103316057, 28.03349150518962], [-82.4698409041236, 28.03349165020314], [-82.469968939522, 28.033503586908044], [-82.47028567078101, 28.03350589612052], [-82.4716201442025, 28.03351363405667], [-82.47169792051872, 28.03351374966673], [-82.47190876792024, 28.033513504776394], [-82.47261493711669, 28.033517332823436], [-82.47318074430218, 28.03352012560222], [-82.4734752230035, 28.033523267528754], [-82.47358798345607, 28.03352362155815], [-82.47523092362657, 28.033529862806624], [-82.47585270310176, 28.03354910204461], [-82.4758755696046, 28.033549808833904], [-82.47590201159534, 28.03354813172695], [-82.47605636786201, 28.033531410614714], [-82.47657721459352, 28.033529241210704], [-82.4779397996313, 28.033524411333463], [-82.47796621838786, 28.03352531116448], [-82.47799259839087, 28.033526877096353], [-82.47801891725905, 28.03352910740221], [-82.478045153632, 28.03353200125397], [-82.47808308838104, 28.033536671826795], [-82.47810860847072, 28.033539495064527], [-82.47813420613588, 28.03354169176201], [-82.47815986203732, 28.033543258376888], [-82.47818555787268, 28.033544195875283], [-82.47821127227664, 28.033544502526688], [-82.47870980182286, 28.033544203002783], [-82.47893885164392, 28.03352927223938], [-82.47894636212105, 28.033528782224046], [-82.47896114923454, 28.033527818348176], [-82.47982060456627, 28.03347307674892], [-82.47987478543273, 28.033470724463335], [-82.47992899430378, 28.033468954106482], [-82.4799674454388, 28.033468054548088], [-82.47998322406526, 28.03346776660551], [-82.48004686306668, 28.033467239249905], [-82.48005750160341, 28.033467151543324], [-82.48009171167348, 28.033467137584754], [-82.48014081956926, 28.033466819784707], [-82.48164032213879, 28.033457207202606], [-82.48209543977633, 28.03345431691586], [-82.48216207476524, 28.03345992972581], [-82.48222877791672, 28.033464861854814], [-82.48229554109356, 28.033469113331332], [-82.4823623551376, 28.033472683285115], [-82.48242920987356, 28.033475570849376], [-82.48249609818534, 28.033477776951482], [-82.4825630109106, 28.033479299818755], [-82.48262993889922, 28.03348014038571], [-82.48266824616161, 28.033480280141266], [-82.48269193949992, 28.0334805289839], [-82.48286283950011, 28.03348232341867], [-82.48323885629567, 28.033485581044374], [-82.48326688561585, 28.033486391170097], [-82.48329488407693, 28.033487806006345], [-82.48332283539543, 28.033489822903185], [-82.48341875374649, 28.033495332985556], [-82.48351462018977, 28.033501514568755], [-82.48361042862099, 28.03350836677197], [-82.48370617294407, 28.033515890519197], [-82.48380184806767, 28.033524084023643], [-82.48389783228325, 28.033533393543227], [-82.48391672552131, 28.033534816859415], [-82.48398367286767, 28.033541566512355], [-82.48400973097485, 28.033544134987707]], [[-82.46873186961268, 28.03343866656015], [-82.46873123534638, 28.03351009373091], [-82.46873102016993, 28.03353436633357], [-82.46873227787395, 28.03358521682734], [-82.46873643841633, 28.033644347771027], [-82.46874010842298, 28.033673829309922], [-82.46874377842786, 28.03370330994618], [-82.46874922470563, 28.03373667657544], [-82.46875742181523, 28.033778447801414], [-82.46876504528626, 28.0338115245498], [-82.46877602337794, 28.033852697017878], [-82.46879376546552, 28.033909787310243], [-82.46881777656675, 28.033974179187815], [-82.46883453066702, 28.034013554210855], [-82.46886445046582, 28.034076020947854], [-82.46888921143402, 28.034121700782162], [-82.46889445120176, 28.034162546300728], [-82.46893452819087, 28.03419479035075], [-82.4689820697389, 28.0342185055883], [-82.46898029702689, 28.03427408507033], [-82.46919588109739, 28.034273348987075], [-82.46919628142771, 28.03436563791847]], [[-82.46919628142771, 28.03436563791847], [-82.46919574567164, 28.034392180247472], [-82.46919659555323, 28.03443805357833]], [[-82.47361185728717, 28.034382687394828], [-82.47357557248618, 28.034383232993264]], [[-82.47357557248618, 28.034383232993264], [-82.47354930765651, 28.034382921056245], [-82.47354516157726, 28.03437997006031], [-82.47354057356108, 28.034377590001963], [-82.47353564248233, 28.034375831977194], [-82.47353047326207, 28.034374734427555], [-82.47352476505716, 28.034374341705114], [-82.47351987432724, 28.0343745986002], [-82.47351467141978, 28.034375563150373], [-82.473509685002, 28.034377193827872], [-82.47350502068801, 28.034379455075154], [-82.47350078098563, 28.034382298711694], [-82.47337813804586, 28.03438072613874], [-82.47332020945593, 28.034380429405413], [-82.47169200800566, 28.034372076294698], [-82.46923932092052, 28.034365944832267], [-82.46919628142771, 28.03436563791847]], [[-82.47998483486721, 28.034378756043075], [-82.47996718481728, 28.03437859030112], [-82.4798945627827, 28.034379072298876], [-82.47900582832351, 28.034383480481623], [-82.4789605080728, 28.034383726019072], [-82.47848807316788, 28.034386280041694]], [[-82.47587335890961, 28.034394097424023], [-82.47590217159521, 28.03439399762055], [-82.476047548399, 28.03439405344964], [-82.47611476557566, 28.0343936941873], [-82.47675308463961, 28.034391437278614], [-82.47679062523123, 28.03439130700121], [-82.47845235739159, 28.03438647301031]], [[-82.47354742507542, 28.03445561226509], [-82.47355283992684, 28.034452416250044], [-82.47355780495779, 28.034448687564428], [-82.4735622522503, 28.034444476976773], [-82.47356612509715, 28.03443984063142], [-82.47356936986198, 28.034434839174143], [-82.47357194412302, 28.034429539528766], [-82.47357381361047, 28.03442401220071], [-82.47357495423638, 28.03441833036739], [-82.47357535006071, 28.034412569885436], [-82.47357526988992, 28.034406570103407], [-82.47357557248618, 28.034383232993264]], [[-82.47561961077226, 28.03548686284459], [-82.47556140596738, 28.035461813385712], [-82.47513054722518, 28.03530783961543], [-82.4747655224262, 28.03527937649171], [-82.47445263447744, 28.035280558474607], [-82.47426080507816, 28.035326023175777], [-82.47423385337017, 28.03533193849773], [-82.47422828523423, 28.035331957718316], [-82.47422269065719, 28.035325946291078], [-82.4742158569938, 28.035319391383897], [-82.47420718170716, 28.03531613208096], [-82.47419295030495, 28.035315633446185], [-82.47417504045526, 28.03532282151527], [-82.4741515624712, 28.0353300297019], [-82.47412808928617, 28.03533833338154], [-82.4741023605353, 28.03534529124112]], [[-82.4799701337643, 28.03676795337799], [-82.47996871073723, 28.036810537159973], [-82.47996624028964, 28.036963383359584], [-82.47996444005442, 28.037074745723462], [-82.47996376073552, 28.03726726596043], [-82.47996350523454, 28.037341696744733], [-82.4799604124855, 28.0382137085371], [-82.47995937365576, 28.038513592933562], [-82.47995912406213, 28.038585457260808], [-82.4799587485468, 28.03868807308106], [-82.47995471076015, 28.039140428252633]], [[-82.4777736967596, 28.04002927529425], [-82.47772487414397, 28.040030154379146], [-82.47639765590262, 28.04005803019664], [-82.47582981761572, 28.04006368822117], [-82.47574382154598, 28.040063762281875], [-82.47553833731017, 28.040061146632446], [-82.4753462767234, 28.040060459577088], [-82.47510321400723, 28.04006368729976], [-82.47492829536357, 28.040058885891476]], [[-82.47492829536357, 28.040058885891476], [-82.47492943660572, 28.039993368660145]], [[-82.47492829536357, 28.040058885891476], [-82.47492391320293, 28.04005874492697], [-82.47238859860293, 28.040048589763067], [-82.47228964286579, 28.0400484003135], [-82.47208487646604, 28.04004758633967], [-82.47077281668317, 28.04005589908865], [-82.4706548040741, 28.04005664639012], [-82.46982929515876, 28.04005478433097], [-82.46978997680074, 28.04005468869108], [-82.46966411183692, 28.040054372799354], [-82.46917523125842, 28.040053243276823], [-82.46912179379457, 28.040053119866627], [-82.4688572834272, 28.04005250780538], [-82.46882945529936, 28.040052264384226], [-82.46868542711755, 28.040052101629303], [-82.46854346280757, 28.040051758423036], [-82.46850272718171, 28.040051785463124], [-82.46834605633327, 28.04005128014573], [-82.4678982077461, 28.04005280632263], [-82.46783008834812, 28.040052096226376], [-82.46771698529726, 28.04004559967059], [-82.46766651992017, 28.04004270152406], [-82.46766320550181, 28.040046514618282], [-82.4676572569484, 28.040050111080188], [-82.46765023589649, 28.040051474143873], [-82.46764482929156, 28.04005103774032], [-82.46763985562015, 28.040049111805416], [-82.46763558430379, 28.040046143012326], [-82.46763256055114, 28.04004214484595], [-82.46761556520876, 28.040039774343075], [-82.46759528304713, 28.040039837969847]], [[-82.47969817021432, 28.046024187360054], [-82.47968701916082, 28.046969715707736], [-82.47967947628823, 28.047552701079134], [-82.4796783145573, 28.047613182944584], [-82.47967679902203, 28.047692039769558], [-82.47967664261515, 28.04770538768364], [-82.47967536770332, 28.04785566575508], [-82.47967153880275, 28.048141204138087], [-82.47966516826409, 28.04845842735496], [-82.47965269472007, 28.04922768200972]], [[-82.47965269472007, 28.04922768200972], [-82.47956840188851, 28.04922721655672], [-82.47878451088289, 28.04922359417625], [-82.47877862641234, 28.04951336108196], [-82.47877241244154, 28.050043127209435], [-82.47877176744018, 28.05009867474303], [-82.47876197266687, 28.050943667106626], [-82.4787616087139, 28.050974942768168]], [[-82.47965269472007, 28.04922768200972], [-82.47964963390548, 28.04941285839555], [-82.47963957401137, 28.050021658217887], [-82.47964050557144, 28.050078929239547], [-82.47963820797655, 28.050105331491903], [-82.47962978101295, 28.050620703942034], [-82.47962620352041, 28.050902406143997], [-82.47962520228805, 28.05098118623645], [-82.47955436815381, 28.05098136592173], [-82.47954403650424, 28.05098131627082], [-82.47949736619093, 28.051022276619836], [-82.4794293453243, 28.051021951002024], [-82.47938317526582, 28.05098054593962], [-82.47932886544014, 28.050980341158795], [-82.47889099545372, 28.050978215841386], [-82.47887429208882, 28.050978134214787], [-82.4787616087139, 28.050974942768168]], [[-82.4787616087139, 28.050974942768168], [-82.47862043583396, 28.05097094451399], [-82.47852702930224, 28.05096829841935], [-82.4783035650788, 28.050967286526923], [-82.47826598295484, 28.05093358291693], [-82.47820874745224, 28.05093330847063], [-82.4781707165365, 28.050966685221603], [-82.47598369649216, 28.050956371867436], [-82.47596447557818, 28.050956279662074], [-82.47580160976065, 28.050956029156126]], [[-82.46870672470399, 28.0514699624521], [-82.468705187516, 28.05159188440733]], [[-82.47062573075932, 28.052076115200617], [-82.47065376268637, 28.052070124668862]]]}, "properties": {"FACILITYID": "162161", "projid": "WTR-20-0002.1", "projname": "Foundation for Tampa's Neighborhoods Project_Forest Hills Area", "projdesc": "The Foundation for Tampa’s Neighborhoods Project_Forest Hills Area will improve the City of Tampa’s water distribution system by replacing the existing water mains and increasing the capacity of the system. It will also improve our ability to serve a growing population. Approximately 66,070 Linear Feet of water mains ranging from 2 to 12 inches in diameter will be replaced and upgraded.", "rationale": "This project will replace the aging water mains in this area with new and larger diameter water mains, improving water pressure and water quality while reducing the number of service interruptions that might have been caused by main breaks or leakage.", "projtype": "Water", "safety": "No", "mandate": "No", "repair": "No", "replace": "Yes", "expand": "Yes", "efficient": "No", "fiscalyr": "2022", "fundsource": "PIPES", "planstart": 1663977600000, "planend": 1727568000000, "estcost": 5454315.43, "pocname": "Darren Alfonso", "pocphone": "813-324-1251", "pocemail": "DarrenA@ConsultVistra.com", "funded": "Yes", "projphase": "P4: Construction", "actstart": null, "actend": null, "actcost": null, "status": "Construction in Progress", "docpath": "https://www.tampa-neighborhoods.com/forest-hills/", "CreationDate": 1629211745000, "Creator": "WTMR", "EditDate": 1682344576000, "Editor": "WTMR", "MultiYear": "Yes", "NumVotes": null, "ShowPublic": "Yes", "EBO": null, "JobsCreated": null, "Neighborhood": null, "Council": null, "EBOAttained": null, "ContractNumber": null, "ActivityStatus": null, "ProjectSiteURL": null, "RelatedProject": null, "MapScale": 6000, "WMBESLBE": null, "ORACLEID": null, "EBUILDERID": null, "COMPROCUREMENT": null, "WATER": null, "WASTEWATER": null, "STORMWATER": null, "TRANSPORTATION": null, "OBJECTID": 10525, "GlobalID": "{B0EF2B82-1EAD-4DAE-B9A9-2CBDACD52024}", "ProjectNumerical": 11307, "Shape__Length": 17223.944491504408}}, {"type": "Feature", "id": 10925, "geometry": {"type": "LineString", "coordinates": [[-82.48265094292046, 27.88550026723488], [-82.48264419831023, 27.885438226990168], [-82.48263665676616, 27.885376259020596], [-82.4826283183256, 27.885314371447656], [-82.48261918607272, 27.885252572382154], [-82.48260925902926, 27.885190869949128], [-82.48259854027934, 27.885129272259373], [-82.48258702986429, 27.88506778833674], [-82.4825747298446, 27.88500642449075], [-82.4825616422928, 27.8849451897381], [-82.48254776724211, 27.884884091297792], [-82.48252700431195, 27.88479871030806], [-82.48251766800409, 27.88476233759841], [-82.4825014459184, 27.88470169767259], [-82.48248444562326, 27.884641226512603], [-82.48246666918304, 27.884580931330333], [-82.48244811867013, 27.88452082114241], [-82.48242879716052, 27.884460902254645], [-82.48240870672655, 27.884401183683657], [-82.48238896726191, 27.88434480012419], [-82.48236854617798, 27.884288608453968], [-82.4823474435076, 27.88423261589196], [-82.48232566334208, 27.88417682874051], [-82.48229165987435, 27.884092512854263], [-82.48228057855043, 27.884063627281833], [-82.48226996380154, 27.884034603810967], [-82.48225981971369, 27.88400544784207], [-82.48225526386474, 27.883990814809007], [-82.48225146389771, 27.883976013086716], [-82.48228770304397, 27.88377824030246], [-82.48239029643402, 27.88361595852468], [-82.48250412184193, 27.88353129413709], [-82.48280203523383, 27.883317240625068], [-82.48281587709033, 27.883307901749095], [-82.48282926576285, 27.883298054591886], [-82.48284217796889, 27.883287716381187], [-82.48285458941443, 27.883276905250554], [-82.48286647885622, 27.883265640225275], [-82.48287782505906, 27.883253942135564], [-82.4828886077953, 27.883241830003207], [-82.48289880990022, 27.883229326448845], [-82.48290841116224, 27.883216454103927], [-82.48296841749008, 27.883073055271286], [-82.48297019256252, 27.88306087902887], [-82.48297142264308, 27.88301582685899], [-82.48297377794994, 27.882947413432383]]}, "properties": {"FACILITYID": "169097", "projid": "W70001", "projname": "Lykes Lane", "projdesc": "The Lykes Lane project will improve the City of Tampa’s water distribution system by replacing the existing water mains and increasing the capacity of the system. It will also improve our ability to serve a growing population. Approximately 1,035 Linear Feet of water mains 6 inch in diameter will be replaced and upgraded.", "rationale": "This project will replace the aging water mains in this area with new and larger diameter water mains, improving water pressure and water quality while reducing the number of service interruptions that might have been caused by main breaks or leakage.", "projtype": "Water", "safety": "No", "mandate": "No", "repair": "No", "replace": "Yes", "expand": "No", "efficient": "No", "fiscalyr": "2024", "fundsource": "PIPES", "planstart": null, "planend": null, "estcost": 258379.77, "pocname": "Niserg Patel", "pocphone": "813-274-3310", "pocemail": "niserg.patel@tampagov.net", "funded": "Yes", "projphase": "P2: Design", "actstart": null, "actend": null, "actcost": null, "status": "90% Design Completion", "docpath": null, "CreationDate": 1629816715000, "Creator": "WTMR", "EditDate": 1696514503000, "Editor": "WTMR", "MultiYear": "No", "NumVotes": null, "ShowPublic": "Yes", "EBO": null, "JobsCreated": null, "Neighborhood": "Ballast Point", "Council": "4", "EBOAttained": null, "ContractNumber": null, "ActivityStatus": null, "ProjectSiteURL": "<a href=\"https://apps.tampagov.net/Directory_Lister/FileHandler.ashx?file=GIS%2fW70001.pdf\">W70001</a>", "RelatedProject": "No", "MapScale": 6000, "WMBESLBE": null, "ORACLEID": null, "EBUILDERID": null, "COMPROCUREMENT": null, "WATER": null, "WASTEWATER": null, "STORMWATER": null, "TRANSPORTATION": null, "OBJECTID": 10925, "GlobalID": "{DA103157-B8A1-4A68-80CA-5C6F96D20D42}", "ProjectNumerical": 22507, "Shape__Length": 1034.7773703623932}}, {"type": "Feature", "id": 12337, "geometry": {"type": "MultiLineString", "coordinates": [[[-82.48286188492038, 27.975736457437065], [-82.48289202627825, 27.97583987127062], [-82.48291714527407, 27.975926156088885], [-82.48291164314573, 27.976347476755883], [-82.48288650986535, 27.977255871853938], [-82.48288974187011, 27.97773073406589], [-82.48276311663194, 27.97773149161965], [-82.48274246602368, 27.978442935865974], [-82.48272648795064, 27.979166911606587], [-82.48271648242009, 27.97989492804537], [-82.4827053073883, 27.980624211880986], [-82.48269647317346, 27.981351863094744]], [[-82.48157675529734, 27.975916323168896], [-82.48117305936732, 27.976336059177992], [-82.48031902929883, 27.977248524669996], [-82.4799092629834, 27.977720319986368], [-82.47883709070865, 27.978358090012627], [-82.47801294811542, 27.979282371534058], [-82.47718639299254, 27.981057750694394], [-82.47708483104277, 27.981222037804077]], [[-82.4806840878311, 27.978268283394815], [-82.48068818896154, 27.97775599249385]], [[-82.48066850944173, 27.979160940936396], [-82.4806840878311, 27.978268283394815]], [[-82.47941227292164, 27.97898283273112], [-82.4806840878311, 27.978268283394815]]]}, "properties": {"FACILITYID": "169293", "projid": "TRANS20120", "projname": "Neighborhood Improvements- West Riverside Heights", "projdesc": "This project provides for street resurfacing, traffic calming and pedestrian infrastructure within the West Riverside Heights Neighborhood.", "rationale": "Neighborhood Improvements- Resurfacing", "projtype": "Transportation", "safety": "No", "mandate": "No", "repair": "Yes", "replace": "No", "expand": "No", "efficient": "No", "fiscalyr": "2027", "fundsource": "Local Option Gas Tax", "planstart": 1797206400000, "planend": null, "estcost": 2100000, "pocname": "Michelle Adejumo", "pocphone": "813-274-8512", "pocemail": "WestRiversideHeights@tampagov.net", "funded": "Yes", "projphase": "P4: Construction", "actstart": null, "actend": null, "actcost": null, "status": "Permitting/Submittals Approval", "docpath": null, "CreationDate": 1634225138000, "Creator": "PWK3", "EditDate": 1785927901000, "Editor": "PWLR", "MultiYear": "No", "NumVotes": null, "ShowPublic": "Yes", "EBO": null, "JobsCreated": null, "Neighborhood": "West Riverside Heights", "Council": "6", "EBOAttained": null, "ContractNumber": null, "ActivityStatus": null, "ProjectSiteURL": "https://www.tampa.gov/project/trans20120", "RelatedProject": null, "MapScale": 6000, "WMBESLBE": null, "ORACLEID": "1003004", "EBUILDERID": "26-C-00006", "COMPROCUREMENT": null, "WATER": null, "WASTEWATER": null, "STORMWATER": null, "TRANSPORTATION": "See TRANS30114", "OBJECTID": 12337, "GlobalID": "{788B84CA-E5D7-472C-A21B-55398398270A}", "ProjectNumerical": null, "Shape__Length": 5541.66441256927}}, {"type": "Feature", "id": 12482, "geometry": {"type": "LineString", "coordinates": [[-82.45937000029754, 27.94343000020648], [-82.45853999953232, 27.943469999669723], [-82.45837999966788, 27.94347999966907], [-82.45793999975092, 27.943500000334645]]}, "properties": {"FACILITYID": "169297", "projid": "TRANS20134", "projname": "Brorein St Bridge (#105501) Phase 1 Structural Rehabilitation", "projdesc": "This project provides for structural rehabilitation as well as rehabilitation of the mechanical and electrical  systems.  This project will also create safe multimodal access across the river by widening the sidewalks on both sides of the bridge to about 9 feet wide.", "rationale": "Bridges & Seawalls", "projtype": "Transportation", "safety": "Yes", "mandate": "No", "repair": "Yes", "replace": "No", "expand": "No", "efficient": "No", "fiscalyr": "TBD", "fundsource": "Local Option Gas Tax", "planstart": null, "planend": null, "estcost": 9220000, "pocname": "Nirav Patel, P. E.", "pocphone": "813-274-5562", "pocemail": "nirav.patel@tampagov.net", "funded": "No", "projphase": "P2: Design", "actstart": null, "actend": null, "actcost": null, "status": "90% Design Completion", "docpath": "https://www.tampa.gov/project/trans20134", "CreationDate": 1634225612000, "Creator": "PWK3", "EditDate": 1708979978000, "Editor": "PWK3", "MultiYear": "No", "NumVotes": null, "ShowPublic": "Yes", "EBO": null, "JobsCreated": null, "Neighborhood": "Tampa Downtown Partnership", "Council": "5", "EBOAttained": null, "ContractNumber": null, "ActivityStatus": null, "ProjectSiteURL": "<a href=\"https://apps.tampagov.net/Directory_Lister/FileHandler.ashx?file=GIS%2f1000248.pdf\">1000248</a>", "RelatedProject": null, "MapScale": 6000, "WMBESLBE": null, "ORACLEID": null, "EBUILDERID": null, "COMPROCUREMENT": null, "WATER": null, "WASTEWATER": null, "STORMWATER": null, "TRANSPORTATION": "TIP FY23, TIP FY24", "OBJECTID": 12482, "GlobalID": "{31C02F9A-607E-41E5-A8BE-858D28221846}", "ProjectNumerical": null, "Shape__Length": 462.40690380838583}}, {"type": "Feature", "id": 12487, "geometry": {"type": "MultiLineString", "coordinates": [[[-82.52671938866806, 27.90883986220792], [-82.5276864148217, 27.908868924348305]], [[-82.5276864148217, 27.908868924348305], [-82.52854843144074, 27.90887690242159]], [[-82.52854843144074, 27.90887690242159], [-82.52941538139436, 27.908882870839044]], [[-82.52941538139436, 27.908882870839044], [-82.53031191739454, 27.908890253134736]], [[-82.53031191739454, 27.908890253134736], [-82.53121012731319, 27.90889717283845]], [[-82.53121012731319, 27.90889717283845], [-82.53121617021597, 27.908761949276787]], [[-82.52671539280546, 27.911664907638684], [-82.5276630546965, 27.911669765217876]], [[-82.5276630546965, 27.911669765217876], [-82.5276864148217, 27.908868924348305]], [[-82.5276630546965, 27.911669765217876], [-82.5285298694457, 27.911677815050034]], [[-82.5285298694457, 27.911677815050034], [-82.52854843144074, 27.90887690242159]], [[-82.5285298694457, 27.911677815050034], [-82.52939777773916, 27.9116865762523]], [[-82.52939777773916, 27.9116865762523], [-82.52941538139436, 27.908882870839044]], [[-82.52939777773916, 27.9116865762523], [-82.53029157570165, 27.911694782041018]], [[-82.53029157570165, 27.911694782041018], [-82.53031191739454, 27.908890253134736]], [[-82.53029157570165, 27.911694782041018], [-82.53118586097568, 27.911700002192674]], [[-82.53118586097568, 27.911700002192674], [-82.53121012731319, 27.90889717283845]], [[-82.52765640706272, 27.913217910609276], [-82.5276630546965, 27.911669765217876]], [[-82.52765640706272, 27.913217910609276], [-82.52766889788684, 27.91330531819612], [-82.52851673186242, 27.91333636553755]], [[-82.5267058844383, 27.91326532091621], [-82.52683384399958, 27.913196689666453], [-82.52765640706272, 27.913217910609276]], [[-82.52851673186242, 27.91333636553755], [-82.5285298694457, 27.911677815050034]], [[-82.52851673186242, 27.91333636553755], [-82.52914578918971, 27.913955888521823], [-82.52937640210743, 27.913973865729098]], [[-82.52937640210743, 27.913973865729098], [-82.52939777773916, 27.9116865762523]], [[-82.52937640210743, 27.913973865729098], [-82.53027341140245, 27.91398386392999]], [[-82.53027341140245, 27.91398386392999], [-82.53029157570165, 27.911694782041018]], [[-82.53027341140245, 27.91398386392999], [-82.53117142792344, 27.913993942646357]], [[-82.53117142792344, 27.913993942646357], [-82.53118586097568, 27.911700002192674]], [[-82.53117137607015, 27.914154864439052], [-82.53117142792344, 27.913993942646357]]]}, "properties": {"FACILITYID": "169306", "projid": "TRANS20130", "projname": "Neighborhood Improvements- Belmar Shores", "projdesc": "This project provides for street resurfacing  within the Belmar Shores Neighborhood.", "rationale": "Neighborhood Improvements- Resurfacing", "projtype": "Transportation", "safety": "No", "mandate": "No", "repair": "No", "replace": "No", "expand": "No", "efficient": "No", "fiscalyr": "2023", "fundsource": "Grants", "planstart": 1671080400000, "planend": 1682654400000, "estcost": 1346000, "pocname": "Calvin Hardie, P. E.", "pocphone": "813-274-3280", "pocemail": "calvin.hardie@tampagov.net", "funded": "No", "projphase": "P5: Closeout", "actstart": null, "actend": null, "actcost": null, "status": "Closeout", "docpath": null, "CreationDate": 1634231903000, "Creator": "PWK3", "EditDate": 1708979978000, "Editor": "PWK3", "MultiYear": "No", "NumVotes": null, "ShowPublic": "Yes", "EBO": null, "JobsCreated": null, "Neighborhood": "Bel Mar Shores", "Council": "4", "EBOAttained": null, "ContractNumber": null, "ActivityStatus": null, "ProjectSiteURL": "<a href=\"https://apps.tampagov.net/Directory_Lister/FileHandler.ashx?file=GIS%2fTRANS20130.pdf\">TRANS20130</a>", "RelatedProject": null, "MapScale": 6000, "WMBESLBE": null, "ORACLEID": null, "EBUILDERID": null, "COMPROCUREMENT": null, "WATER": null, "WASTEWATER": null, "STORMWATER": null, "TRANSPORTATION": "Ops Resurfacing", "OBJECTID": 12487, "GlobalID": "{C05D022F-EC16-45D0-A039-452FED13449E}", "ProjectNumerical": null, "Shape__Length": 13338.582234111054}}, {"type": "Feature", "id": 12886, "geometry": {"type": "LineString", "coordinates": [[-82.39854346410955, 28.097597014681764], [-82.39840189823242, 28.09748992128039], [-82.39826258684127, 28.09738072914773], [-82.39812552993715, 28.097269438284705], [-82.39799072752123, 28.097156048692177], [-82.39793106324997, 28.097102522145214], [-82.39776829501338, 28.09694877293229], [-82.39771569429418, 28.096903787064242], [-82.39766616301263, 28.096865800818964], [-82.39761315441959, 28.09682964061597], [-82.39750440076926, 28.09676013329296], [-82.39739740224327, 28.096688462900634], [-82.39734263782405, 28.09665446557428], [-82.39724576469521, 28.096601684394393], [-82.3971466345813, 28.096554668057088], [-82.3970465184874, 28.096514017765276], [-82.39694647592464, 28.096480162056007], [-82.39686368721263, 28.096458003101937], [-82.3967703813916, 28.09643883885653], [-82.3966661296478, 28.09642223064846], [-82.39651087956966, 28.09640181947904], [-82.39640136184039, 28.096391144348313], [-82.3962796235014, 28.096385790674585], [-82.39615075718662, 28.096385204059075], [-82.3958941877361, 28.09638983293563], [-82.39578672014466, 28.096390392574744], [-82.39567451544713, 28.096387846487907], [-82.3955743822094, 28.09638150917178], [-82.395496331821, 28.096373557129706], [-82.3954154555217, 28.096363006205095], [-82.39533108665076, 28.096349771208672], [-82.39524203220861, 28.09633366594507], [-82.39504917968448, 28.09629302856299], [-82.39465044157748, 28.096198788394847], [-82.39447864049394, 28.09616096077839], [-82.39438469848093, 28.096142528301993], [-82.39429675548635, 28.096127226222162], [-82.39421306030589, 28.09611475119682], [-82.39413272767999, 28.096104974138832], [-82.39396627490183, 28.09609007245716], [-82.39379157122313, 28.096080207243062], [-82.39360675993098, 28.096075266355882], [-82.39340812343438, 28.09607514696284], [-82.39325025200182, 28.096078116068227], [-82.39307604723982, 28.09608378134892], [-82.39234545960812, 28.096117854381205], [-82.39217582485492, 28.096124211301266], [-82.39202393339113, 28.096128163665078], [-82.39181845614479, 28.096130802898863], [-82.39158887075425, 28.09613114685522], [-82.39084476162472, 28.09612453518153], [-82.39058012781322, 28.096123592807306], [-82.39032884705284, 28.096125491837732], [-82.39010188363167, 28.096130611135038], [-82.38995920368608, 28.096135926318908], [-82.3898224003643, 28.096142811641418], [-82.38969049937812, 28.096151316501086], [-82.38956286577037, 28.096161482412654], [-82.38943879926906, 28.096173369394425], [-82.38931808951685, 28.09618700205165], [-82.38920040204316, 28.096202418279276], [-82.38908548300503, 28.096219651490884], [-82.38895269470605, 28.0962426916371], [-82.3888147267213, 28.09627022353314], [-82.38867018850138, 28.096302520595742], [-82.38851639652582, 28.09634018046032], [-82.38837886319293, 28.096376204560066], [-82.38822632545057, 28.096418131220137], [-82.38769745347595, 28.09656997525946], [-82.38748928977193, 28.096628018852073], [-82.38727609735257, 28.096683696423213], [-82.38708326998885, 28.096729283794094], [-82.38690855609707, 28.096771611264252], [-82.3865040749024, 28.096878880975808], [-82.38640262673826, 28.09690333879024], [-82.38631061291082, 28.096923327715736], [-82.38619678186694, 28.0969442780772], [-82.3860902575497, 28.0969592098481], [-82.38598891844016, 28.09696841712541], [-82.38589169708642, 28.096971989995634], [-82.38580608934248, 28.096971532408613], [-82.38572015633532, 28.09696878478364], [-82.38563424067813, 28.096963758117464], [-82.38554867162314, 28.09695647170736], [-82.38546379045466, 28.096946955492626], [-82.38537987691997, 28.096935241715737], [-82.3852972195332, 28.096921370713957], [-82.38521608226802, 28.096905386846355], [-82.38516185788413, 28.09689247449719], [-82.38504223293131, 28.096860312644054], [-82.38499038294955, 28.096848397804045], [-82.38482000046672, 28.09682000001719], [-82.38470774359477, 28.096802301577657], [-82.38465000006956, 28.09679000009288], [-82.38458490109501, 28.096769769235284], [-82.38447999969534, 28.096729999740017], [-82.3844031877367, 28.09670012814336], [-82.38436189830216, 28.096688194425575], [-82.38426940111906, 28.09666634628945], [-82.38416477943487, 28.096637085605792], [-82.38405948140077, 28.096604136525347], [-82.3839532769635, 28.096567427323347], [-82.38384586805145, 28.096526855170673], [-82.38373706692545, 28.096482356600628], [-82.38362626491437, 28.09643368988324], [-82.38351292094627, 28.096380618359408], [-82.38339621552032, 28.096322758945384], [-82.38320146346106, 28.09621979495408], [-82.38298708243163, 28.09609893492722], [-82.38278562102181, 28.095980373463608], [-82.38231918247362, 28.095700455818783], [-82.38209274234703, 28.09556872776202], [-82.38188786568836, 28.095455587488967], [-82.38169866483784, 28.095358096314353], [-82.38155628867476, 28.095286255639508], [-82.3812385322226, 28.09512229189199], [-82.38109691093356, 28.0950513844774], [-82.38092824726998, 28.094971695334134], [-82.38077432348322, 28.094905306625495], [-82.38074929254593, 28.094893991706606], [-82.38073660328848, 28.09489002361486], [-82.38028000007021, 28.09479000030801], [-82.38014828910096, 28.09474409022757], [-82.38003999970259, 28.094709999950656], [-82.37993549048241, 28.09468184961223], [-82.3797599997661, 28.094640000183166], [-82.37951391025678, 28.094581077392803], [-82.3794331436724, 28.094563778450826], [-82.37935999958616, 28.09454999976984], [-82.37925783110447, 28.09453428861424], [-82.37907000020653, 28.094510000303558], [-82.37891988174918, 28.094488912043083], [-82.37883999970607, 28.09448000007793], [-82.378758782013, 28.094474258511887], [-82.37865999963181, 28.0944700003002], [-82.37820676795828, 28.094484839698673], [-82.3780861143953, 28.09449433878957], [-82.37804000030494, 28.094500000302844], [-82.37791894624971, 28.094526315672773], [-82.377870302546, 28.09453507632017], [-82.3778155436746, 28.094542895751374], [-82.3775696071151, 28.094570897332368], [-82.37750704117171, 28.09458133098915], [-82.37745148480097, 28.09459367798266], [-82.37738503583898, 28.094612424762648], [-82.37731682675602, 28.094635263461623], [-82.37724627726845, 28.094662385162383], [-82.37717231513963, 28.094694200405005], [-82.37709975280303, 28.094728266630163], [-82.37702001137136, 28.09476827670571], [-82.37677517329976, 28.09489887466758], [-82.37664642386414, 28.094969159368656], [-82.37652911978445, 28.095036878258423], [-82.37642090600664, 28.095103393698633], [-82.37632075424541, 28.095169344379766], [-82.37623419393879, 28.09523156156334], [-82.37614720238257, 28.09530028144816], [-82.37605885311922, 28.095376227766376], [-82.37596737325995, 28.09546092051691], [-82.37589586625431, 28.095530895119946], [-82.37581849030073, 28.09560966037714], [-82.37550944288326, 28.095937145953314], [-82.37537205402411, 28.0960770843283], [-82.37520653867517, 28.09624494732307], [-82.37512497229802, 28.096322074622293], [-82.37506999981137, 28.09636999970595], [-82.37492231170836, 28.09650103309925], [-82.3748188713466, 28.096596706968008], [-82.37472855268665, 28.096685803974427], [-82.37465000019063, 28.096770000230624], [-82.3745809848188, 28.09684800056939], [-82.37453999985628, 28.096899999609903], [-82.37453487969042, 28.096907168705687], [-82.37447993403968, 28.096984092955015], [-82.37444000049152, 28.09703999995738], [-82.37441629884958, 28.097077156899935], [-82.37439213672201, 28.09711914573293], [-82.37433000033359, 28.09724000001475], [-82.37426587371345, 28.097375378620843], [-82.37425166201805, 28.097401722404292], [-82.37423394757587, 28.097430234447323], [-82.37415239069286, 28.097545361473742], [-82.37412057935235, 28.097596613188564], [-82.37410629401282, 28.097625428103115], [-82.37409570021923, 28.09765297385876], [-82.37408858515957, 28.09767980935973], [-82.37408487646339, 28.097706224092253], [-82.37408447692137, 28.09771191029134], [-82.37408342131498, 28.097728070386363], [-82.37408111737786, 28.097735278935854], [-82.37397000049143, 28.097919999623368], [-82.37395208961593, 28.098008042470408], [-82.37393999995456, 28.098079999920504], [-82.3739329820808, 28.09813831025709], [-82.37392797555682, 28.098203562030783], [-82.37391999966566, 28.098419999601205], [-82.3739172249062, 28.09851062443127], [-82.37391385386516, 28.0987202060705], [-82.37390999990828, 28.09882000043689], [-82.37390485662873, 28.098912506220337], [-82.37389999955094, 28.098969999958253], [-82.3738910501222, 28.099036287479063], [-82.37386999983417, 28.099160000443277], [-82.37385186046194, 28.099277831922826], [-82.3738399999543, 28.09933999963904], [-82.37382024299137, 28.099418498624843], [-82.37379000033224, 28.099520000080297], [-82.37376837235057, 28.099586428080997], [-82.37374341947779, 28.0996569426477], [-82.37367999997001, 28.0998199997183], [-82.37362081700395, 28.099961174700322], [-82.37356999986143, 28.10007000008914], [-82.37351586575483, 28.100173364957232], [-82.37346000015202, 28.100270000294397], [-82.37340063079318, 28.100360742831604], [-82.3732800001728, 28.100530000046145], [-82.37308999988704, 28.100800000059888], [-82.37292735681639, 28.101028099791], [-82.37285000010723, 28.101140000271744], [-82.37275800295987, 28.101277455555707], [-82.37269999990615, 28.10136999960232], [-82.37262557513819, 28.101506222403117], [-82.37259999995283, 28.101550000059508], [-82.37258597932055, 28.101570392528874], [-82.37253993589626, 28.101630624401317], [-82.37252799177968, 28.101650865494626], [-82.37252000010409, 28.10166999983483], [-82.37251345195544, 28.101694007866158], [-82.37246000049059, 28.101890000429286], [-82.3723999998361, 28.102079999875485], [-82.37237708884726, 28.102164055278983], [-82.37235817912337, 28.10224044974002], [-82.37234256049796, 28.102312063012967], [-82.37232999954576, 28.10237999985481], [-82.37231959838567, 28.102448562167837], [-82.37231112066952, 28.102518176246846], [-82.37230458296695, 28.102588706444436], [-82.37229999951514, 28.10265999967134], [-82.37229774042785, 28.102759945013858], [-82.37229999950463, 28.102909999952928], [-82.37230356289832, 28.103066065567504], [-82.37231000009086, 28.10316999962259], [-82.37231816828663, 28.10324566454019], [-82.37232918278457, 28.10332394201607], [-82.37234309267362, 28.103405187501615], [-82.37236000001938, 28.103490000314988], [-82.37237845184099, 28.103570983760306], [-82.37239961330899, 28.103653019051848], [-82.3724234693727, 28.103736047706363], [-82.37245000006305, 28.103820000120056], [-82.37247916609728, 28.103905059610085], [-82.3725086416005, 28.103984426506223], [-82.37253884173232, 28.10405921564722], [-82.37257000001806, 28.10412999974079], [-82.37260865398726, 28.104206368478106], [-82.37270851079141, 28.104380323266028], [-82.3727500002554, 28.10446000026903], [-82.37278254932076, 28.104536669107844], [-82.37279999977805, 28.10457000019597], [-82.37280581112232, 28.10457922946353], [-82.37296999971873, 28.104840000104865], [-82.37319344162572, 28.105196125664445], [-82.37332000001483, 28.1053900003647], [-82.37345867812917, 28.105595842139525], [-82.37350578771452, 28.105661744837995], [-82.37355000007098, 28.10571999991545], [-82.37362954477288, 28.105817875949473], [-82.3737100003401, 28.10590999967428], [-82.37376854978515, 28.105973033034125], [-82.37382813040222, 28.10603410917057], [-82.37388864335726, 28.106093126828206], [-82.37394999994248, 28.10614999955545], [-82.37405232785754, 28.10623731498895], [-82.37422000027743, 28.106370000341286], [-82.37439260530543, 28.10650327826744], [-82.37459000019852, 28.10665000041667], [-82.3747502680574, 28.106764628975057], [-82.37505999990665, 28.106980000395225], [-82.37516000027567, 28.107050000169327], [-82.37542466785825, 28.107236928842852], [-82.37564563988167, 28.107395428598764], [-82.37584575510962, 28.107541888553712], [-82.37603000007005, 28.107680000342615], [-82.3761513188594, 28.10777277427662], [-82.3762987558384, 28.107882734118213], [-82.37637000014907, 28.10794000031863], [-82.37644735651759, 28.108009653272422], [-82.37653999971819, 28.108099999715773], [-82.3766218737147, 28.108184357764394], [-82.37670000000243, 28.10826999964902], [-82.37676187601552, 28.108342537677917], [-82.3768263542891, 28.108423128615485], [-82.37689514175999, 28.10851378572536], [-82.3769800001468, 28.108630000418025], [-82.3770378046102, 28.108714828775405], [-82.37716861979409, 28.108920275819152], [-82.3772051418297, 28.108973250669138], [-82.3772399998787, 28.10901999982717], [-82.3773009574054, 28.109094940368664], [-82.37740000038573, 28.109209999622585], [-82.37749306733004, 28.10931849671106], [-82.37755000040575, 28.10937999986468], [-82.37759099271095, 28.109420331223063], [-82.37763662276696, 28.10946253373561], [-82.3777499994961, 28.10955999975252], [-82.37786058856277, 28.109647686548126], [-82.37799999999939, 28.109749999960343], [-82.37809880836001, 28.109817971087022], [-82.37830000021134, 28.109950000216305], [-82.37835897085711, 28.10999142789339], [-82.37838999957624, 28.11001000043513], [-82.37842219556188, 28.110025331752155], [-82.37860000050864, 28.110110000176913], [-82.37882259941, 28.110214109845725], [-82.37889438821401, 28.11024474339146], [-82.37896000049724, 28.110269999733017], [-82.3790214718598, 28.110291144884894], [-82.3790890441463, 28.110312306936805], [-82.37925999967113, 28.11036000024753], [-82.37943464506034, 28.11040319765396], [-82.3796100003646, 28.11044000032003], [-82.37971784556439, 28.11045815605825], [-82.37992543385874, 28.11048697785991], [-82.380009999911, 28.110500000121675], [-82.38024803498337, 28.11053950842025], [-82.38032314693342, 28.110554411828765], [-82.38038999990044, 28.11057000043845], [-82.38049118914387, 28.11059882199751], [-82.38067999971334, 28.110660000295987], [-82.38082547996189, 28.11070423301077], [-82.38090000015654, 28.110730000146525], [-82.38099156626879, 28.110768759357487], [-82.38113999949644, 28.110839999626183], [-82.38129777949133, 28.11091606293381], [-82.38139999957573, 28.110969999716467], [-82.38147671395376, 28.111015165977854], [-82.38157999969536, 28.11108000012502], [-82.38171915031636, 28.11116548341771], [-82.38175774484927, 28.11119300159889], [-82.38178999971197, 28.111219999958756], [-82.38179822272774, 28.11122764923815], [-82.38302205548516, 28.11226395745414], [-82.38322856332104, 28.112457348323673], [-82.38343345416119, 28.112652125754572]]}, "properties": {"FACILITYID": "169296", "projid": "TRANS20122", "projname": "Tampa Palms Blvd Segment 1 (Bruce B. Downs to Bruce B. Downs)- SPM Design", "projdesc": "This project provides for operational, safety, and multimodal improvements.", "rationale": "Complete Streets & Safety Improvements", "projtype": "Transportation", "safety": "Yes", "mandate": "No", "repair": "No", "replace": "No", "expand": "No", "efficient": "No", "fiscalyr": "2023", "fundsource": "Multiple Funding", "planstart": 1680220800000, "planend": 1698710400000, "estcost": 4900000, "pocname": "Bernadette Corey", "pocphone": "813-274-8512", "pocemail": "tampapalmsblvdproject@tampagov.net", "funded": "Yes", "projphase": "P5: Closeout", "actstart": null, "actend": null, "actcost": null, "status": "Closeout", "docpath": null, "CreationDate": 1634317025000, "Creator": "PWK3", "EditDate": 1747224581000, "Editor": "PWLR", "MultiYear": "Yes", "NumVotes": null, "ShowPublic": "Yes", "EBO": null, "JobsCreated": null, "Neighborhood": "Tampa Palms", "Council": "7", "EBOAttained": null, "ContractNumber": null, "ActivityStatus": null, "ProjectSiteURL": "<a href=\"https://apps.tampagov.net/Directory_Lister/FileHandler.ashx?file=GIS%2f1001772.pdf\">1001772</a>", "RelatedProject": null, "MapScale": 6000, "WMBESLBE": null, "ORACLEID": null, "EBUILDERID": null, "COMPROCUREMENT": null, "WATER": null, "WASTEWATER": null, "STORMWATER": null, "TRANSPORTATION": "Contractor Resurfacing", "OBJECTID": 12886, "GlobalID": "{B835A314-72BD-408C-B343-B9B879D58403}", "ProjectNumerical": null, "Shape__Length": 16111.225403082619}}, {"type": "Feature", "id": 15290, "geometry": {"type": "LineString", "coordinates": [[-82.45021902690148, 28.037105181635212], [-82.45111643326963, 28.037111118223677], [-82.45131938337028, 28.03707889104746], [-82.45132740232727, 28.036367369924953], [-82.45133033374485, 28.03565114317609], [-82.45135363883196, 28.03493603517627], [-82.45136378076916, 28.03393268998723], [-82.45130011728352, 28.033631805551032], [-82.45130377597539, 28.03294111139593], [-82.45130733351814, 28.032183021611353]]}, "properties": {"FACILITYID": "169570", "projid": "1002380", "projname": "Nebraska and Busch Blvd", "projdesc": "CIP Lining", "rationale": "Rehabilitation of Wastewater Infrastructure", "projtype": "Wastewater", "safety": "No", "mandate": "No", "repair": "No", "replace": "No", "expand": "No", "efficient": "No", "fiscalyr": "2026", "fundsource": "PIPES", "planstart": 1767225600000, "planend": 1775001600000, "estcost": 120000, "pocname": "Albert Calloway", "pocphone": "8136303902", "pocemail": "albert.calloway@tampagov.net", "funded": "Yes", "projphase": "P3: Procurement", "actstart": null, "actend": null, "actcost": null, "status": "Permitting/Submittals Approval", "docpath": null, "CreationDate": 1641318376000, "Creator": "SSME", "EditDate": 1751476447000, "Editor": "SSME", "MultiYear": "Yes", "NumVotes": null, "ShowPublic": "Yes", "EBO": null, "JobsCreated": null, "Neighborhood": null, "Council": null, "EBOAttained": null, "ContractNumber": "22-C-00024", "ActivityStatus": null, "ProjectSiteURL": null, "RelatedProject": null, "MapScale": 6000, "WMBESLBE": null, "ORACLEID": null, "EBUILDERID": null, "COMPROCUREMENT": null, "WATER": null, "WASTEWATER": null, "STORMWATER": null, "TRANSPORTATION": null, "OBJECTID": 15290, "GlobalID": "{877D8FE2-7F88-4490-8CC0-18D8784AD8A0}", "ProjectNumerical": null, "Shape__Length": 2138.0513742632816}}, {"type": "Feature", "id": 19694, "geometry": {"type": "LineString", "coordinates": [[-82.42586272779108, 28.054836660682067], [-82.42605964247102, 28.054659758657284], [-82.4261005816518, 28.049001480827044], [-82.4261991842673, 28.048915377245898]]}, "properties": {"FACILITYID": "171618", "projid": "1002695", "projname": "30th St and Fowler - USF FM Extension", "projdesc": "Replace and extend the existing 12” USF force main on 30th St. south of Fowler Ave. to north of 109th Ave with 2,150 LF of 18” PVC force main. ", "rationale": "The force main replacement project will replace aging, deteriorated pipelines that have reached the end of their useful life and are susceptible to failure that can cause wastewater overflows that impact public health, safety, and the environment.  The new force main will provide additional capacity for future development and lower energy costs of public and private pumping stations.", "projtype": "Wastewater", "safety": "No", "mandate": "No", "repair": "No", "replace": "Yes", "expand": "No", "efficient": "No", "fiscalyr": "2025", "fundsource": "PIPES", "planstart": 1756684800000, "planend": 1782864000000, "estcost": 2500000, "pocname": "Charlie Lynch", "pocphone": "8132748916", "pocemail": "charlie.lynch@tampagov.net", "funded": "Yes", "projphase": "P4: Construction", "actstart": null, "actend": null, "actcost": null, "status": "Construction in Progress", "docpath": null, "CreationDate": 1647875802000, "Creator": "SSME", "EditDate": 1751475102000, "Editor": "SSME", "MultiYear": "No", "NumVotes": null, "ShowPublic": "Yes", "EBO": null, "JobsCreated": null, "Neighborhood": null, "Council": null, "EBOAttained": null, "ContractNumber": null, "ActivityStatus": null, "ProjectSiteURL": null, "RelatedProject": null, "MapScale": 6000, "WMBESLBE": null, "ORACLEID": null, "EBUILDERID": null, "COMPROCUREMENT": null, "WATER": null, "WASTEWATER": null, "STORMWATER": null, "TRANSPORTATION": null, "OBJECTID": 19694, "GlobalID": "{E6D29DB7-CFF0-405E-AD69-68CE1FFC3CA6}", "ProjectNumerical": null, "Shape__Length": 2192.234259538337}}, {"type": "Feature", "id": 27605, "geometry": {"type": "MultiLineString", "coordinates": [[[-82.45731686813062, 27.957650129171682], [-82.45731448999416, 27.957875850891657]], [[-82.45731448999416, 27.957875850891657], [-82.45805685968793, 27.95787909357274], [-82.45805245467875, 27.95732139010262]], [[-82.45593788031884, 27.959554840365456], [-82.45616139834519, 27.959552055744194], [-82.45658643145545, 27.959547296582638], [-82.45658850888957, 27.959337914067696], [-82.45658965503006, 27.95911999511921], [-82.4565971297769, 27.958833733617], [-82.45660771863338, 27.958428200906592], [-82.45718055407463, 27.958423509913832], [-82.45731026988747, 27.958422446375415], [-82.45731448999416, 27.957875850891657]], [[-82.45324855822194, 27.960461091978768], [-82.45452989456084, 27.960413285965]], [[-82.45328281555034, 27.960896081220433], [-82.45328276355367, 27.960912584687016], [-82.45328124795914, 27.961377421652056], [-82.45287830296441, 27.9613796064243], [-82.45287036549375, 27.962281756647346]], [[-82.45205511923305, 27.962290969564094], [-82.45202685886508, 27.963185496991542], [-82.45124069038059, 27.963184635276242]], [[-82.45533900398325, 27.962721885189136], [-82.45534183726727, 27.961303451065014], [-82.45534638838805, 27.960407407737588]], [[-82.45454072741114, 27.96318173510295], [-82.4545252387365, 27.963181857551078], [-82.45410762391737, 27.963190528619492]], [[-82.44547023767855, 27.963663667126447], [-82.44545714749623, 27.96432566338555]], [[-82.4507755915457, 27.96405757090325], [-82.45075507711312, 27.964057514469992], [-82.45010005618897, 27.964075240377465], [-82.44909126792581, 27.964100411534602]], [[-82.44755791020489, 27.9641142578541], [-82.44813098281851, 27.96410908371903], [-82.44909126792581, 27.964100411534602]], [[-82.44755279810833, 27.964114305162013], [-82.44755755042567, 27.964114260829017]], [[-82.44545714749623, 27.96432566338555], [-82.4454542015581, 27.964456228367233]], [[-82.44694865191947, 27.964321940813857], [-82.44694893857631, 27.96410189864975], [-82.44695152253725, 27.963355480657004]], [[-82.44670610710159, 27.96433943018301], [-82.44610954039155, 27.9643328547772], [-82.44545714749623, 27.96432566338555]], [[-82.44909154108574, 27.964403568405537], [-82.44909126792581, 27.964100411534602]], [[-82.45497570272737, 27.964627449450308], [-82.4543185913754, 27.964619140754134], [-82.45354032474914, 27.964608733111266], [-82.45354304876525, 27.96425116104582]], [[-82.45429816784016, 27.965421331141595], [-82.45429769104958, 27.966155448131513]], [[-82.45499419564872, 27.965424987440294], [-82.45429816784016, 27.965421331141595]], [[-82.4538490669985, 27.965429435850695], [-82.45429816784016, 27.965421331141595]], [[-82.4454520302361, 27.96568085607628], [-82.44545139340858, 27.96531909686545]], [[-82.45409633436262, 27.966153783627966], [-82.45429769104958, 27.966155448131513]], [[-82.4549891721228, 27.966151083461757], [-82.45460745294207, 27.966159118562018], [-82.45429769104958, 27.966155448131513]], [[-82.4490907863281, 27.96640333862046], [-82.44909207881193, 27.966227719856033], [-82.44909078792442, 27.965606816707428]], [[-82.45163372193593, 27.96708640862339], [-82.45163272825737, 27.967573251488034]], [[-82.4520396751967, 27.96757489678021], [-82.45300713862063, 27.967576922043598], [-82.45300559724652, 27.968253601261537], [-82.45257732371314, 27.968249514879776], [-82.4525764819491, 27.968929093899813], [-82.4525730108443, 27.969560701260043], [-82.45303600650661, 27.96956050866931]]]}, "properties": {"FACILITYID": "176532", "projid": "1002465", "projname": "Downtown Interchange Wastewater Collection System Rehabilitation by CIPP Lining", "projdesc": "This project includes the rehabilitation of approximately 9,844 linear feet of 8-inch and 10-inch diameter gravity sewers and the rehabilitation of 46 manholes.", "rationale": "The collection system rehabilitation project will restore aging sewer pipes and manholes to restore their service life.  Project impacts will be minimal compared to a collection system “open cut” replacement project since the rehabilitation methods are trenchless.  The collection system rehabilitation will reduce pipeline failures and blockages that cause wastewater overflows that impact public health, safety, and the environment.  Additional project benefits include reduction in leaks that allow ground water and stormwater runoff to enter the collection system and cause wastewater overflows, reduction in energy needed to treat and convey the additional wastewater flow caused by leaking pipelines/manholes and reduction in pipeline failures that cause roadway depressions and cave ins.", "projtype": "Wastewater", "safety": "No", "mandate": "No", "repair": "No", "replace": "No", "expand": "No", "efficient": "No", "fiscalyr": "2023", "fundsource": "PIPES", "planstart": 1688169600000, "planend": 1767225600000, "estcost": 600000, "pocname": "Albert Calloway", "pocphone": "8136303902", "pocemail": "albert.calloway@tampagov.net", "funded": "Yes", "projphase": "P5: Closeout", "actstart": null, "actend": null, "actcost": null, "status": "Closeout", "docpath": null, "CreationDate": 1674493960000, "Creator": "SSME", "EditDate": 1772140135000, "Editor": "SSME", "MultiYear": "No", "NumVotes": null, "ShowPublic": "Yes", "EBO": null, "JobsCreated": null, "Neighborhood": null, "Council": null, "EBOAttained": null, "ContractNumber": "23-C-00050", "ActivityStatus": null, "ProjectSiteURL": null, "RelatedProject": null, "MapScale": 6000, "WMBESLBE": null, "ORACLEID": null, "EBUILDERID": null, "COMPROCUREMENT": null, "WATER": null, "WASTEWATER": null, "STORMWATER": null, "TRANSPORTATION": null, "OBJECTID": 27605, "GlobalID": "{0EF5B18A-A2C0-43B1-9D34-7809407A7CB2}", "ProjectNumerical": null, "Shape__Length": 9806.385232761093}}, {"type": "Feature", "id": 28005, "geometry": {"type": "MultiLineString", "coordinates": [[[-82.4665811144345, 28.024406570978535], [-82.4658558506533, 28.02441498923613], [-82.46585940070946, 28.02523958576598], [-82.46591918440866, 28.025293262785542]], [[-82.47720951153865, 28.024933148727524], [-82.47721279495069, 28.025340998239137]], [[-82.47485373935348, 28.024945870219238], [-82.47485529013827, 28.025339341576863]], [[-82.47593202928316, 28.02501030003503], [-82.47591107182436, 28.025337570641785]], [[-82.47861332712878, 28.02503080541211], [-82.47860989288539, 28.025345538728537]], [[-82.45353982267423, 28.02512427968069], [-82.45358959624083, 28.025243350773014]], [[-82.45358959624083, 28.025243350773014], [-82.45436688595366, 28.02525855657673]], [[-82.46049826540967, 28.025237880088007], [-82.46049874121532, 28.025419696302908]], [[-82.45436688595366, 28.02525855657673], [-82.45513869991665, 28.025273100218463]], [[-82.45874117285858, 28.02524593189522], [-82.45873702099819, 28.02534722327654]], [[-82.45513869991665, 28.025273100218463], [-82.45532649360811, 28.025276638168755]], [[-82.45532649360811, 28.025276638168755], [-82.45532489389295, 28.02440417800181]], [[-82.47430021274148, 28.025218697163815], [-82.4742998050057, 28.02534097394121]], [[-82.46416966874337, 28.02525614618025], [-82.46421500533226, 28.025346625775686]], [[-82.462476673998, 28.02526206650358], [-82.46247728487435, 28.025411417410282]], [[-82.46277474167184, 28.025263158401383], [-82.46334931944611, 28.0252613954544], [-82.46334586168167, 28.025348745193163]], [[-82.45640599880629, 28.025302388681702], [-82.45570468046532, 28.025281096735085], [-82.45532649360811, 28.025276638168755]], [[-82.45719542676356, 28.025316988598423], [-82.45640599880629, 28.025302388681702]], [[-82.45796460095309, 28.025331668624734], [-82.45734045524824, 28.025319756450873], [-82.45719542676356, 28.025316988598423]], [[-82.45873702099819, 28.02534722327654], [-82.45796460095309, 28.025331668624734]], [[-82.46334586168167, 28.025348745193163], [-82.46421500533226, 28.025346625775686]], [[-82.46506827719068, 28.025343699101164], [-82.46591952979728, 28.025341120497085]], [[-82.46421500533226, 28.025346625775686], [-82.46506827719068, 28.025343699101164]], [[-82.46591952979728, 28.025341120497085], [-82.46591918440866, 28.025293262785542]], [[-82.4673280991742, 28.02533686349011], [-82.46681976829203, 28.02533837924017], [-82.46597214766336, 28.025340815744887], [-82.46591918440866, 28.025293262785542]], [[-82.46247728487435, 28.025411417410282], [-82.46294813399807, 28.025352338999756], [-82.46334586168167, 28.025348745193163]], [[-82.4599029021846, 28.025420692798328], [-82.46017050964646, 28.025420245399054], [-82.46049874121532, 28.025419696302908]], [[-82.46049874121532, 28.025419696302908], [-82.46107778568948, 28.025418497294435], [-82.46149313157693, 28.02541763634942]], [[-82.46149313157693, 28.02541763634942], [-82.46247728487435, 28.025411417410282]], [[-82.46506733720223, 28.025453168146196], [-82.46506827719068, 28.025343699101164]], [[-82.46421359006659, 28.025456921223245], [-82.46421500533226, 28.025346625775686]], [[-82.47075634022352, 28.025538890187857], [-82.47075604719903, 28.025328250830157]], [[-82.45357420197824, 28.025750647566166], [-82.45358959624083, 28.025243350773014]], [[-82.4587372798865, 28.025852767151388], [-82.45873711446387, 28.02553046298235], [-82.45873702099819, 28.02534722327654]], [[-82.45435839533076, 28.025894951779136], [-82.45435744558866, 28.025677250287146], [-82.45436688595366, 28.02525855657673]], [[-82.45513179660031, 28.025907900138293], [-82.45513869991665, 28.025273100218463]], [[-82.45641346606371, 28.025971636105385], [-82.45640599880629, 28.025302388681702]], [[-82.4801232474277, 28.0261242480975], [-82.48013020570967, 28.02534901821228]], [[-82.47335917659984, 28.026187518575668], [-82.4733427304051, 28.02532455024462], [-82.47319193623548, 28.02532376922957], [-82.47320324898185, 28.024094403271075]], [[-82.46591627951089, 28.026249870882577], [-82.46591952979728, 28.025341120497085]], [[-82.46421006441257, 28.0262597874808], [-82.46421034247523, 28.026219356230825], [-82.46421057750497, 28.026185250060678], [-82.46421071883285, 28.026164621578896], [-82.46421161390077, 28.02603452559292], [-82.4642118479137, 28.02600041942529], [-82.46421265216298, 28.025883524980557], [-82.46421326644546, 28.025794410716365], [-82.46421406695123, 28.025678065843575], [-82.46421486542722, 28.025561721878116], [-82.46421555188199, 28.025462644848304]], [[-82.4697452986055, 28.026242571262618], [-82.4697407730166, 28.02533668479642]], [[-82.46870497081945, 28.026249213517307], [-82.4686955666756, 28.025335606389987]], [[-82.47173374842062, 28.026432667818604], [-82.47171928732146, 28.025325550398325]], [[-82.45718933208533, 28.026502770148376], [-82.45718941794415, 28.026480490451608], [-82.45718951702656, 28.026452435335827], [-82.45718962410231, 28.02642410586303], [-82.45718988764217, 28.02635121704656], [-82.45719003452386, 28.02631161011873], [-82.45719050262761, 28.026183162414014], [-82.45719093368155, 28.026065440784926], [-82.45719119940695, 28.025992828092548], [-82.45719542676356, 28.025316988598423]], [[-82.45796049924142, 28.02652813425239], [-82.45796055114339, 28.02651300620775], [-82.45796056433707, 28.02650915561327], [-82.45796092954853, 28.02640298676797], [-82.45796094679487, 28.02639721043345], [-82.45796111917839, 28.02634687656638], [-82.45796129562981, 28.02629654268542], [-82.45796157920638, 28.026212652617176], [-82.45796164228365, 28.02619559971048], [-82.4579622445309, 28.026019291751528], [-82.45796460095309, 28.025331668624734]], [[-82.46246218546777, 28.02697226451998], [-82.4624622339343, 28.02696813857542], [-82.46246231148537, 28.026961538146974], [-82.46246385207445, 28.02683089584837], [-82.46246441633942, 28.02678303957583], [-82.46246497669594, 28.026735458548725], [-82.46246523076455, 28.026714005795114], [-82.4624654634135, 28.026694203606656], [-82.46246619348764, 28.026632320741886], [-82.46246635827653, 28.026618293251577], [-82.46246707185588, 28.026557785702206], [-82.46246730841284, 28.02653770826755], [-82.4624678794802, 28.026489302407303], [-82.46246875495625, 28.02641504260844], [-82.4624693210941, 28.02636691109414], [-82.46247004929228, 28.02630530346538], [-82.46247077732686, 28.02624341970162], [-82.46247117969254, 28.026209315673878], [-82.46247170199547, 28.02616568007245], [-82.4624720007143, 28.025619807054007], [-82.46247728487435, 28.025411417410282]], [[-82.46333200234402, 28.026970407299874], [-82.46333234545676, 28.026941528381943], [-82.46333323323903, 28.02686671898325], [-82.46333331565997, 28.026859843305683], [-82.46333404742904, 28.026798234766474], [-82.46333526082232, 28.026695921766713], [-82.46333567377793, 28.02666126724017], [-82.46333688615317, 28.026558954241843], [-82.46333828375845, 28.026441239324253], [-82.46333900600283, 28.026380731743778], [-82.46333946985025, 28.026341813195028], [-82.46334586168167, 28.025348745193163]], [[-82.4614789321024, 28.026979889098303], [-82.46147907543134, 28.026967237843838], [-82.46147930778979, 28.02694660995941], [-82.46148047553001, 28.02684319618608], [-82.46148116493623, 28.026782137352633], [-82.46148201707558, 28.02670677760771], [-82.46148224552287, 28.026686424968233], [-82.46148386639776, 28.0265428554868], [-82.46148441247804, 28.026494448808435], [-82.46148633753167, 28.026324201492216], [-82.461486887522, 28.026275519566607], [-82.46148749989246, 28.026221196515856], [-82.46149313157693, 28.02541763634942]]]}, "properties": {"FACILITYID": "176585", "projid": "1002329", "projname": "Waters Ave Gravity Sewer Rehabilitation", "projdesc": "This project includes the rehabilitation of approximately 12,566 linear feet of 8-inch to 30-inch diameter gravity sewers and the rehabilitation of 18 manholes.", "rationale": "The collection system rehabilitation project will restore aging sewer pipes and manholes to restore their service life.  Project impacts will be minimal compared to a collection system “open cut” replacement project since the rehabilitation methods are trenchless.  The collection system rehabilitation will reduce pipeline failures and blockages that cause wastewater overflows that impact public health, safety, and the environment.  Additional project benefits include reduction in leaks that allow ground water and stormwater runoff to enter the collection system and cause wastewater overflows, reduction in energy needed to treat and convey the additional wastewater flow caused by leaking pipelines/manholes and reduction in pipeline failures that cause roadway depressions and cave ins.", "projtype": "Wastewater", "safety": "No", "mandate": "No", "repair": "No", "replace": "No", "expand": "No", "efficient": "No", "fiscalyr": "2023", "fundsource": "PIPES", "planstart": 1693526400000, "planend": 1782864000000, "estcost": 1382766, "pocname": "Albert Calloway", "pocphone": "8136303902", "pocemail": "albert.calloway@tampagov.net", "funded": "Yes", "projphase": "P4: Construction", "actstart": null, "actend": null, "actcost": null, "status": "Construction in Progress", "docpath": null, "CreationDate": 1675268371000, "Creator": "SSME", "EditDate": 1756406045000, "Editor": "SSME", "MultiYear": "No", "NumVotes": null, "ShowPublic": "Yes", "EBO": null, "JobsCreated": null, "Neighborhood": null, "Council": null, "EBOAttained": null, "ContractNumber": "22-C-00014", "ActivityStatus": null, "ProjectSiteURL": null, "RelatedProject": null, "MapScale": 6000, "WMBESLBE": null, "ORACLEID": null, "EBUILDERID": null, "COMPROCUREMENT": null, "WATER": null, "WASTEWATER": null, "STORMWATER": null, "TRANSPORTATION": null, "OBJECTID": 28005, "GlobalID": "{67C9CF06-1BBC-4419-9AF1-8C271533433B}", "ProjectNumerical": null, "Shape__Length": 12584.497029523398}}, {"type": "Feature", "id": 28080, "geometry": {"type": "LineString", "coordinates": [[-82.43264444169196, 28.003363660687345], [-82.43267076118687, 28.00472459524048], [-82.43271435543103, 28.005517873050856], [-82.43269835558684, 28.006991937003665], [-82.43265803906026, 28.008782233437696], [-82.43267732760185, 28.0106499595602]]}, "properties": {"FACILITYID": "240134", "projid": "TRANS20147", "projname": "N 24th Street (Hanna Ave to Sligh Ave)", "projdesc": "This project provides for design and construction of capacity and multimodal improvements along the E Hanna Ave corridor from N 22nd St to N 30th Sr., along the 24th St from Hanna Ave to Sligh Ave, and at the intersection of Sligh Ave and 30th St. \r\nThe project includes the following proposed improvements: \r\n1. Hanna Avenue – 22nd Street to 30th Street: \r\n• Roadway milling and resurfacing. \r\n• Westbound Left Turn Lane into the new City Center at 2515 Hanna Ave. \r\n• Intersection improvements at the intersection of Hanna Ave at N 22nd St and Hanna Ave at N 30th St \r\n2. 24th Street – Hanna Avenue to Sligh Avenue \r\n• Sidewalk along the west side of 24th St \r\n• All Way Stop Signs at “T” intersection along 24th St \r\n3. Intersection at the Sligh Avenue and 30th Street \r\n• New Traffic Signal \r\n• Northbound Left-Turn Lane.", "rationale": "Complete Streets & Safety Improvements", "projtype": "Transportation", "safety": "Yes", "mandate": "No", "repair": "No", "replace": "No", "expand": "Yes", "efficient": "No", "fiscalyr": "2027", "fundsource": "Multiple Funding", "planstart": 1796083200000, "planend": 1824940800000, "estcost": 400000, "pocname": "Riley Parks, P. E.", "pocphone": "813-274-8265", "pocemail": "hannaproject@tampagov.net", "funded": "Yes", "projphase": "P2: Design", "actstart": null, "actend": null, "actcost": null, "status": "60% Design Completion", "docpath": null, "CreationDate": 1677703521000, "Creator": "PWK3", "EditDate": 1775482976000, "Editor": "PWLR", "MultiYear": "No", "NumVotes": null, "ShowPublic": "Yes", "EBO": null, "JobsCreated": null, "Neighborhood": "Seminole Heights East Neighborhood Association ", "Council": "5", "EBOAttained": null, "ContractNumber": null, "ActivityStatus": null, "ProjectSiteURL": "https://www.tampa.gov/project/trans20147", "RelatedProject": null, "MapScale": 6000, "WMBESLBE": null, "ORACLEID": "1002148", "EBUILDERID": null, "COMPROCUREMENT": null, "WATER": null, "WASTEWATER": null, "STORMWATER": null, "TRANSPORTATION": null, "OBJECTID": 28080, "GlobalID": "{FEECE633-E721-4FAF-9AD2-10ADA3E8714B}", "ProjectNumerical": 1002148, "Shape__Length": 2649.658151558018}}, {"type": "Feature", "id": 28481, "geometry": {"type": "LineString", "coordinates": [[-82.42644775075709, 28.010629135019165], [-82.4264713080427, 28.00942462709446]]}, "properties": {"FACILITYID": "176821", "projid": "TRANS20148", "projname": "30th and Sligh Intersection Improvements", "projdesc": "This project provides for design and construction of capacity and multimodal improvements along the E Hanna Ave corridor from N 22nd St to N 30th Sr., along the 24th St from Hanna Ave to Sligh Ave, and at the intersection of Sligh Ave and 30th St. \r\nThe project includes the following proposed improvements: \r\n1. Hanna Avenue – 22nd Street to 30th Street: \r\n• Roadway milling and resurfacing. \r\n• Westbound Left Turn Lane into the new City Center at 2515 Hanna Ave. \r\n• Intersection improvements at the intersection of Hanna Ave at N 22nd St and Hanna Ave at N 30th St \r\n2. 24th Street – Hanna Avenue to Sligh Avenue \r\n• Sidewalk along the west side of 24th St \r\n• All Way Stop Signs at “T” intersection along 24th St \r\n3. Intersection at the Sligh Avenue and 30th Street \r\n• New Traffic Signal \r\n• Northbound Left-Turn Lane", "rationale": "Complete Streets & Safety Improvements", "projtype": "Transportation", "safety": "Yes", "mandate": "No", "repair": "No", "replace": "No", "expand": "No", "efficient": "No", "fiscalyr": "2027", "fundsource": "Local Option Gas Tax", "planstart": 1788220800000, "planend": 1795996800000, "estcost": 281344, "pocname": "Riley Parks, P. E.", "pocphone": "813-274-8265", "pocemail": "hannaproject@tampagov.net", "funded": "Yes", "projphase": "P2: Design", "actstart": null, "actend": null, "actcost": null, "status": "90% Design Completion", "docpath": null, "CreationDate": 1680731664000, "Creator": "PWK3", "EditDate": 1782141632000, "Editor": "PWLR", "MultiYear": "No", "NumVotes": null, "ShowPublic": "Yes", "EBO": null, "JobsCreated": null, "Neighborhood": "Old Seminole Heights", "Council": "5", "EBOAttained": null, "ContractNumber": null, "ActivityStatus": null, "ProjectSiteURL": "https://www.tampa.gov/project/trans20148", "RelatedProject": "No", "MapScale": 6000, "WMBESLBE": null, "ORACLEID": "1002148", "EBUILDERID": null, "COMPROCUREMENT": null, "WATER": null, "WASTEWATER": null, "STORMWATER": null, "TRANSPORTATION": null, "OBJECTID": 28481, "GlobalID": "{E427188C-1D5F-4F29-877E-132D3B1CC275}", "ProjectNumerical": 1002148, "Shape__Length": 437.9854091463084}}, {"type": "Feature", "id": 28487, "geometry": {"type": "LineString", "coordinates": [[-82.52698092459704, 27.86595113737512], [-82.51921000018878, 27.86592999960881], [-82.51800000023704, 27.865909999666645], [-82.51764633932113, 27.865933155988657], [-82.51735999993105, 27.865959999770688], [-82.51701999958452, 27.866020000443132], [-82.51686000002994, 27.866059999692713], [-82.51631421949847, 27.86625691298724], [-82.51567253321623, 27.866599614727473], [-82.5128332913545, 27.86845718565817], [-82.50622811525268, 27.872717408277424], [-82.49987065641471, 27.87679496884781], [-82.4963095490409, 27.87908426170342], [-82.49397696562359, 27.880156078689836], [-82.4857479982741, 27.884106755715734]]}, "properties": {"FACILITYID": "176829", "projid": "TRANS20176", "projname": "MacDill Air Force Base Access Improvements  (Interbay Blvd between West Shore Blvd and S. Bayshore Blvd)", "projdesc": "This project improves 2.93 miles of roadway to improve Air Force Base access. Interbay Boulevard will be converted from an existing 2-lane undivided road to a 3-lane divided road, west of Dale Mabry Hwy (SR 573), and pavement will be resurfaced and restriped. The project will construct intermittent widening of the roadway to accommodate a center two-way left-turn lane (or intermittent left-turn pockets) along the corridor from West Shore Blvd to Dale Mabry Hwy (SR 573). This project is supported by MacDill Air Force Base, the Department of the Air Force, and neighborhoods surrounding the corridor.", "rationale": "Complete Streets & Safety Improvements", "projtype": "Transportation", "safety": "Yes", "mandate": "No", "repair": "No", "replace": "No", "expand": "No", "efficient": "No", "fiscalyr": "2027", "fundsource": "Multiple Funding", "planstart": null, "planend": null, "estcost": 2862074, "pocname": "Jae-Sang Lee", "pocphone": "813-410-4154", "pocemail": "MacDillAFBAccessImprov@tampagov.net", "funded": "No", "projphase": "P2: Design", "actstart": null, "actend": null, "actcost": null, "status": "30% Design Completion", "docpath": "https://www.tampa.gov/project/trans20176", "CreationDate": 1681836130000, "Creator": "PWK3", "EditDate": 1753284516000, "Editor": "PWLR", "MultiYear": "Yes", "NumVotes": null, "ShowPublic": "Yes", "EBO": null, "JobsCreated": null, "Neighborhood": "Gandy / Sun Bay South", "Council": "4", "EBOAttained": null, "ContractNumber": null, "ActivityStatus": null, "ProjectSiteURL": "https://www.tampa.gov/project/trans20176", "RelatedProject": null, "MapScale": 6000, "WMBESLBE": null, "ORACLEID": null, "EBUILDERID": null, "COMPROCUREMENT": "NO", "WATER": null, "WASTEWATER": null, "STORMWATER": null, "TRANSPORTATION": null, "OBJECTID": 28487, "GlobalID": "{C48A49C6-CF02-46C2-9DC2-B86B05010A5B}", "ProjectNumerical": 1002630, "Shape__Length": 15306.215270243958}}, {"type": "Feature", "id": 29702, "geometry": {"type": "LineString", "coordinates": [[-82.49320753050647, 27.966741707518], [-82.493221150944, 27.957243929087824]]}, "properties": {"FACILITYID": "176961", "projid": "TRANS20168.3", "projname": "MacDill Ave (Main St to Columbus Dr)", "projdesc": "MacDill Avenue from Main St to Columbus Dr is segment 3 of 3 of the MacDill Avenue mobility improvements. This project will will hold a design charette in Fall 2024 for public input to transform the MacDill section north of Main St.", "rationale": "Safe Streets 4 All (2022)", "projtype": "Transportation", "safety": "Yes", "mandate": "No", "repair": "Yes", "replace": "No", "expand": "No", "efficient": "No", "fiscalyr": "2030", "fundsource": "Grants", "planstart": 1885507200000, "planend": 1916956800000, "estcost": 1029250, "pocname": "Jorge Uy, P. E.", "pocphone": "813-274-7522", "pocemail": "macdillproject@tampagov.net", "funded": "Yes", "projphase": "P1: Planning", "actstart": null, "actend": null, "actcost": null, "status": "Planning", "docpath": null, "CreationDate": 1682954919000, "Creator": "PWK3", "EditDate": 1743778109000, "Editor": "PWLR", "MultiYear": "No", "NumVotes": null, "ShowPublic": "Yes", "EBO": null, "JobsCreated": null, "Neighborhood": "MacFarlane Park Association", "Council": "6", "EBOAttained": null, "ContractNumber": null, "ActivityStatus": null, "ProjectSiteURL": "https://www.tampa.gov/project/trans201683", "RelatedProject": null, "MapScale": 6000, "WMBESLBE": null, "ORACLEID": null, "EBUILDERID": null, "COMPROCUREMENT": null, "WATER": null, "WASTEWATER": null, "STORMWATER": null, "TRANSPORTATION": "HIN, SS4A", "OBJECTID": 29702, "GlobalID": "{9C7CB340-A6EE-46E4-A5C2-0B9F11AF3733}", "ProjectNumerical": null, "Shape__Length": 3453.0837640361974}}, {"type": "Feature", "id": 29709, "geometry": {"type": "LineString", "coordinates": [[-82.44291423930692, 28.054473913155448], [-82.44287932334859, 28.050944904899307], [-82.4428851371911, 28.047210435758164]]}, "properties": {"FACILITYID": "176967", "projid": "TRANS20171", "projname": "N 15th Street ADA Improvements from E 109th Ave to E Fowler Ave", "projdesc": "This is a subproject of the Hillsborough County Resurfacing Tax Project funded by the AFT Surtax Network Operating Fund. The project provides pedestrian accessibility and safety improvements along the N 15th street corridor, spanning approximately 0.5 miles from E 109th Ave to E Fowler Ave. N 15th street is a collector roadway serving as a critical access route for the North Tampa Community and University Square neighborhoods. The project will include ADA pedestrian ramps.", "rationale": "This project will provide updated pedestrian curb ramps to comply with ADA standards and best practices.", "projtype": "Transportation", "safety": "Yes", "mandate": "No", "repair": "No", "replace": "No", "expand": "No", "efficient": "No", "fiscalyr": "TBD", "fundsource": "Tax - Other", "planstart": null, "planend": null, "estcost": 834200, "pocname": "Michelle Adejumo", "pocphone": "813-274-8512", "pocemail": "Michelle.adejumo@tampagov.net", "funded": "Yes", "projphase": "P3: Procurement", "actstart": null, "actend": null, "actcost": null, "status": "Project Startup", "docpath": "https://www.tampa.gov/project/trans20171", "CreationDate": 1682957632000, "Creator": "PWK3", "EditDate": 1784289682000, "Editor": "PWLR", "MultiYear": "No", "NumVotes": null, "ShowPublic": "Yes", "EBO": null, "JobsCreated": null, "Neighborhood": "North Tampa Community, University Square", "Council": "5,7", "EBOAttained": null, "ContractNumber": null, "ActivityStatus": null, "ProjectSiteURL": "https://www.tampa.gov/project/trans20171", "RelatedProject": null, "MapScale": 6000, "WMBESLBE": null, "ORACLEID": "1002811", "EBUILDERID": null, "COMPROCUREMENT": null, "WATER": null, "WASTEWATER": null, "STORMWATER": null, "TRANSPORTATION": "Surtax project ID CT006", "OBJECTID": 29709, "GlobalID": "{A5888C36-18DB-49A1-9D28-23478CBD7229}", "ProjectNumerical": null, "Shape__Length": 2640.8322378845232}}, {"type": "Feature", "id": 33232, "geometry": {"type": "MultiLineString", "coordinates": [[[-82.46095185229932, 27.952249415071506], [-82.46094903187682, 27.95348743315317], [-82.46094522040393, 27.954425074952677]], [[-82.45921872648326, 27.952259955456537], [-82.45926825938972, 27.95237858911204]], [[-82.45926825938972, 27.95237858911204], [-82.4598989549613, 27.952163227212917], [-82.4610886687613, 27.95172551199753]], [[-82.45904151668621, 27.95246000031079], [-82.45926825938972, 27.95237858911204]], [[-82.45904151668621, 27.95246000031079], [-82.45875578496981, 27.95180629003403]], [[-82.45822575087729, 27.95272347205678], [-82.45892120917567, 27.952497552857352], [-82.45904151668621, 27.95246000031079]], [[-82.45957826134729, 27.953094332907934], [-82.4602047648691, 27.952885813047438]], [[-82.4593560012167, 27.953174566452017], [-82.45904151668621, 27.95246000031079]], [[-82.45945969030413, 27.953416887919165], [-82.45938132327753, 27.953234350647254], [-82.4593560012167, 27.953174566452017]], [[-82.4593581470454, 27.953453223127983], [-82.45945969030413, 27.953416887919165]], [[-82.45671491419648, 27.95412222688718], [-82.45912498691608, 27.953288241536082], [-82.45923003156317, 27.953217427201164], [-82.4593560012167, 27.953174566452017]], [[-82.46094522040393, 27.954425074952677], [-82.46094257376079, 27.955407967751018]], [[-82.46024949153338, 27.95443521975128], [-82.46094522040393, 27.954425074952677]], [[-82.45949668589958, 27.954463631400596], [-82.45950287424053, 27.953517474569367], [-82.45945969030413, 27.953416887919165]], [[-82.45986638505612, 27.954463120473154], [-82.45949668589958, 27.954463631400596]], [[-82.45878266761521, 27.95540338322418], [-82.45950344313722, 27.955404078644623]], [[-82.45950344313722, 27.955404078644623], [-82.45948998131355, 27.95536394371572], [-82.45949668589958, 27.954463631400596]], [[-82.46094257376079, 27.955407967751018], [-82.46164338781364, 27.955410652678463]], [[-82.46058334989439, 27.955411026538165], [-82.46094257376079, 27.955407967751018]], [[-82.46094179378248, 27.956315649915673], [-82.46094257376079, 27.955407967751018]], [[-82.46024639968279, 27.95632060210693], [-82.46094179378248, 27.956315649915673]], [[-82.46093895075934, 27.9572453279218], [-82.46093926139375, 27.957143558371854], [-82.46094179378248, 27.956315649915673]], [[-82.4616059081338, 27.957251712500373], [-82.46093895075934, 27.9572453279218]], [[-82.46092579912154, 27.959196323117574], [-82.46092979562535, 27.958603535878645], [-82.46093895075934, 27.9572453279218]], [[-82.46264090665214, 27.959411592292028], [-82.46265958998733, 27.959469133969904], [-82.46231100042927, 27.959449942474244]], [[-82.46231100042927, 27.959449942474244], [-82.46231168762576, 27.958602217297972]], [[-82.45900127856727, 27.959533753904605], [-82.45946171340077, 27.95953587320762]], [[-82.45946171340077, 27.95953587320762], [-82.45948709951472, 27.95840558278112], [-82.45949120304397, 27.95755035046897], [-82.4594923718072, 27.957306740670372], [-82.45949842247205, 27.956343471357588], [-82.45950344313722, 27.955404078644623]], [[-82.46222582534497, 27.959991098330622], [-82.46222727020705, 27.960337663375206], [-82.46228314992972, 27.960337475686323], [-82.46241623153756, 27.96033702860027]], [[-82.46241623153756, 27.96033702860027], [-82.46241603285458, 27.96012991520617], [-82.46241556914931, 27.95963501220568], [-82.46231100042927, 27.959449942474244]], [[-82.4633467254234, 27.96044313942415], [-82.46356355240557, 27.96044509933869], [-82.46354958984645, 27.960885837615248]], [[-82.4590024866788, 27.960873071959806], [-82.45946957196378, 27.960875193371702]], [[-82.45946957196378, 27.960875193371702], [-82.45946406870816, 27.9599713715395], [-82.45946171340077, 27.95953587320762]], [[-82.46354958984645, 27.960885837615248], [-82.46354525962953, 27.96160742947242]], [[-82.46347904617298, 27.96088624305425], [-82.46354958984645, 27.960885837615248]], [[-82.4624167512571, 27.960890847940263], [-82.46241623153756, 27.96033702860027]], [[-82.46227983803165, 27.960891917932695], [-82.4624167512571, 27.960890847940263]], [[-82.46277536394975, 27.960898487955223], [-82.4624167512571, 27.960890847940263]], [[-82.46241403748391, 27.96133197425471], [-82.4624167512571, 27.960890847940263]], [[-82.45982057553726, 27.96179347373036], [-82.46091408589209, 27.961796677651638], [-82.46101071057, 27.961797743717284], [-82.46101315696676, 27.961325838887404], [-82.46171359925945, 27.961328906993394]], [[-82.45899820541551, 27.962259863129727], [-82.45946736818364, 27.962261793476753]], [[-82.45946736818364, 27.962261793476753], [-82.45947007988889, 27.961797678273204], [-82.45946957196378, 27.960875193371702]], [[-82.45982492298063, 27.962806053142412], [-82.46017187244198, 27.962807759485905], [-82.46060000738113, 27.962773482166632], [-82.46082135951913, 27.962739739982812], [-82.46090868220966, 27.962739321211387], [-82.4612881621443, 27.962740429387768]], [[-82.45946290208708, 27.96320559710113], [-82.45946736818364, 27.962261793476753]], [[-82.45978842045588, 27.963669762903642], [-82.46049865077367, 27.963668663198856], [-82.46090350192574, 27.96366803519278], [-82.46142733990676, 27.963670308997468]], [[-82.46052324566851, 27.964598375662916], [-82.460902583337, 27.964601784663618], [-82.46152940475973, 27.964604524345503]], [[-82.45977068174498, 27.96551769479901], [-82.46089273189554, 27.965517577993744], [-82.46232421838995, 27.965534609865557]], [[-82.46023655409917, 27.966479713716183], [-82.4607579307838, 27.966480551620826], [-82.46083808014474, 27.966447672838367], [-82.46088609836949, 27.966447748449077], [-82.4623219194443, 27.966459209581718]], [[-82.45988287579885, 27.967345171150043], [-82.46050246255523, 27.967346084197487], [-82.46051485445587, 27.967346103187435], [-82.46061089165762, 27.967346243779414], [-82.46064496937926, 27.96734629484427], [-82.46076888631642, 27.96734647645052], [-82.46078437618515, 27.967346498578596], [-82.46150028627055, 27.96734409937288]], [[-82.45987913716655, 27.968245516093596], [-82.46064123075935, 27.968248024952903], [-82.46078063878895, 27.96824848315647], [-82.46118984831081, 27.968249826672487], [-82.46149654454338, 27.968250833315704]], [[-82.45982303530677, 27.9691655072113], [-82.45989534874076, 27.96916578802888], [-82.4599872273036, 27.969166144179205], [-82.46004608939427, 27.969166373327095], [-82.46057396575438, 27.969168419168064], [-82.46090370869966, 27.969169697392317], [-82.46171833200825, 27.969168493133388], [-82.46184875137469, 27.969168299989732], [-82.4623375960358, 27.969167571530775]], [[-82.46045040321064, 27.97009400279963], [-82.46108775475346, 27.970090721493282], [-82.46157475401485, 27.970088626621216], [-82.46172940889699, 27.970087961534738], [-82.46233560698171, 27.970085348408283]], [[-82.46083007086051, 27.970623862832362], [-82.46082907084707, 27.970911669787856]], [[-82.46082907084707, 27.970911669787856], [-82.46082844466157, 27.971180526689178], [-82.46082823075015, 27.971272274454805], [-82.46082692590754, 27.971832796787456]], [[-82.45972949524787, 27.970916181094548], [-82.46082907084707, 27.970911669787856]]]}, "properties": {"FACILITYID": "178549", "projid": "1002477", "projname": "JPA- FDOT Height Multimodal Improvements", "projdesc": "This project provides for the relocation of gravity mains that will be impacted based upon the FDOT’s proposed roadway and drainage improvements project. ", "rationale": "The gravity main relocation is necessary to avoid conflicts with the FDOT proposed roadway and drainage improvements project.  ", "projtype": "Wastewater", "safety": "No", "mandate": "No", "repair": "No", "replace": "No", "expand": "No", "efficient": "No", "fiscalyr": "2027", "fundsource": "PIPES", "planstart": 1798761600000, "planend": 1861920000000, "estcost": 1000000, "pocname": "Albert Calloway", "pocphone": "8136303902", "pocemail": "albert.calloway@tampagov.net", "funded": "Yes", "projphase": "P2: Design", "actstart": null, "actend": null, "actcost": null, "status": "60% Design Completion", "docpath": null, "CreationDate": 1689876168000, "Creator": "SSME", "EditDate": 1751476447000, "Editor": "SSME", "MultiYear": "No", "NumVotes": null, "ShowPublic": "Yes", "EBO": null, "JobsCreated": null, "Neighborhood": null, "Council": null, "EBOAttained": null, "ContractNumber": null, "ActivityStatus": null, "ProjectSiteURL": null, "RelatedProject": null, "MapScale": 6000, "WMBESLBE": null, "ORACLEID": null, "EBUILDERID": null, "COMPROCUREMENT": null, "WATER": null, "WASTEWATER": null, "STORMWATER": null, "TRANSPORTATION": null, "OBJECTID": 33232, "GlobalID": "{1B77A977-275C-4E61-9BE4-BF8D6B3CF01E}", "ProjectNumerical": null, "Shape__Length": 19603.209530207852}}, {"type": "Feature", "id": 33324, "geometry": {"type": "LineString", "coordinates": [[-82.47556010496048, 27.982101507896473], [-82.4752785947363, 27.982305428539156], [-82.47409300880528, 27.98180811914766]]}, "properties": {"FACILITYID": "178781", "projid": "1001810.16", "projname": "Rome Ave Pump Station Force Main Replacement", "projdesc": "This project provides for the replacement of the force main that serves the Rome Ave pumping station. Proposed 1,000 LF of 12\" FM replacement including a subaqueous crossing North of MLK Blvd between Rome and Riverside Dr.  ", "rationale": "The force main replacement project will replace aging, deteriorated pipelines that have reached the end of their useful life and are susceptible to failure that can cause wastewater overflows that impact public health, safety, and the environment.  The new force main will provide additional capacity for future development and lower energy costs of public and private pumping stations.", "projtype": "Wastewater", "safety": "No", "mandate": "No", "repair": "No", "replace": "No", "expand": "No", "efficient": "No", "fiscalyr": "2025", "fundsource": "PIPES", "planstart": 1743465600000, "planend": 1785542400000, "estcost": 1480000, "pocname": "Albert Calloway", "pocphone": "8136303902", "pocemail": "albert.calloway@tampagov.net", "funded": "Yes", "projphase": "P4: Construction", "actstart": null, "actend": null, "actcost": null, "status": "Construction in Progress", "docpath": null, "CreationDate": 1691775058000, "Creator": "SSME", "EditDate": 1772141053000, "Editor": "SSME", "MultiYear": "No", "NumVotes": null, "ShowPublic": "Yes", "EBO": null, "JobsCreated": null, "Neighborhood": null, "Council": null, "EBOAttained": null, "ContractNumber": "20-C-00016", "ActivityStatus": null, "ProjectSiteURL": null, "RelatedProject": null, "MapScale": 6000, "WMBESLBE": null, "ORACLEID": null, "EBUILDERID": null, "COMPROCUREMENT": null, "WATER": null, "WASTEWATER": null, "STORMWATER": null, "TRANSPORTATION": null, "OBJECTID": 33324, "GlobalID": "{5B2F4EE7-5562-4415-A27E-675046F1811D}", "ProjectNumerical": null, "Shape__Length": 540.4837938485807}}, {"type": "Feature", "id": 34205, "geometry": {"type": "LineString", "coordinates": [[-82.43068047576996, 28.049579651358393], [-82.43088830626299, 28.049438920636895], [-82.43092970521607, 28.0472418605444], [-82.43128415536867, 28.047230281023598], [-82.43127808530498, 28.04356351736209], [-82.43167934539714, 28.043565826789422]]}, "properties": {"FACILITYID": "179503", "projid": "1002016.2", "projname": "Sherwood Heights PS FM Relocation", "projdesc": "This project provides for the replacement of the force main that serves the Sherwood Heights Pumping Station. Proposed 2,350 feet of 8” force main on 26th St between 111th and 109th Avenues and 25th Street between 109th Avenue and Bougainvillea. ", "rationale": "The force main replacement project will replace aging, deteriorated pipelines that have reached the end of their useful life and are susceptible to failure that can cause wastewater overflows that impact public health, safety, and the environment.  The new force main will provide additional capacity for future development and lower energy costs of public and private pumping stations.", "projtype": "Wastewater", "safety": "No", "mandate": "No", "repair": "No", "replace": "No", "expand": "No", "efficient": "No", "fiscalyr": "2026", "fundsource": "PIPES", "planstart": 1782864000000, "planend": 1793491200000, "estcost": 250000, "pocname": "Charlie Lynch", "pocphone": "8132748916", "pocemail": "charlie.lynch@tampagov.net", "funded": "Yes", "projphase": "P2: Design", "actstart": null, "actend": null, "actcost": null, "status": "90% Design Completion", "docpath": null, "CreationDate": 1694195688000, "Creator": "SSME", "EditDate": 1751475102000, "Editor": "SSME", "MultiYear": "No", "NumVotes": null, "ShowPublic": "Yes", "EBO": null, "JobsCreated": null, "Neighborhood": null, "Council": null, "EBOAttained": null, "ContractNumber": "23-C-00018", "ActivityStatus": null, "ProjectSiteURL": null, "RelatedProject": null, "MapScale": 6000, "WMBESLBE": null, "ORACLEID": null, "EBUILDERID": null, "COMPROCUREMENT": null, "WATER": null, "WASTEWATER": null, "STORMWATER": null, "TRANSPORTATION": null, "OBJECTID": 34205, "GlobalID": "{83C51584-D287-4BD7-9820-825B32070C00}", "ProjectNumerical": null, "Shape__Length": 2460.1930194370234}}, {"type": "Feature", "id": 34208, "geometry": {"type": "LineString", "coordinates": [[-82.493221150944, 27.957243929087824], [-82.4932774119584, 27.944797170275162]]}, "properties": {"FACILITYID": "179511", "projid": "TRANS20168.2", "projname": "MacDill Ave (Kennedy Blvd to Main St)", "projdesc": "MacDill Avenue from Kennedy Blvd to Main St is segment 2 of 3 of the MacDill Avenue mobility improvements. This project will will hold a design charette 25th of March 2025 for public input to transform the MacDill section north of Kennedy Blvd.", "rationale": "Complete Streets & Safety Improvements", "projtype": "Transportation", "safety": "Yes", "mandate": "No", "repair": "Yes", "replace": "No", "expand": "No", "efficient": "No", "fiscalyr": "2029", "fundsource": "Other Agencies", "planstart": 1853971200000, "planend": 1885420800000, "estcost": 2450005, "pocname": "Jorge Uy, P. E.", "pocphone": "813-274-7522", "pocemail": "macdillproject@tampagov.net", "funded": "Yes", "projphase": "P1: Planning", "actstart": null, "actend": null, "actcost": null, "status": "Planning", "docpath": "https://www.tampa.gov/events/macdill-safety-and-resurfacing-project-public-meeting/163806", "CreationDate": 1697739852000, "Creator": "PWK3", "EditDate": 1743778135000, "Editor": "PWLR", "MultiYear": "No", "NumVotes": null, "ShowPublic": "Yes", "EBO": null, "JobsCreated": null, "Neighborhood": "Multiple Neighborhoods", "Council": "6", "EBOAttained": null, "ContractNumber": null, "ActivityStatus": null, "ProjectSiteURL": "https://www.tampa.gov/project/trans201682", "RelatedProject": null, "MapScale": 6000, "WMBESLBE": null, "ORACLEID": null, "EBUILDERID": null, "COMPROCUREMENT": null, "WATER": null, "WASTEWATER": null, "STORMWATER": null, "TRANSPORTATION": "HIN", "OBJECTID": 34208, "GlobalID": "{D7879CFB-9E26-4CB5-BBCB-B0DCEF1892B5}", "ProjectNumerical": null, "Shape__Length": 4525.262865079611}}, {"type": "Feature", "id": 35552, "geometry": {"type": "LineString", "coordinates": [[-82.50082536375595, 28.002167595417955], [-82.50074914866394, 27.999798318555744], [-82.50082536375595, 28.002167595417955], [-82.50074690304356, 27.999718537199602], [-82.50051703862877, 27.999645920374903]]}, "properties": {"FACILITYID": "180345", "projid": "1002588.1", "projname": "Himes and Idlewild FM Replacment", "projdesc": "This project provides for the replacement of the force main that serves the Private Pump Station north of Hillsborough on Himes Ave. Proposed 950 feet of 8” force main on Himes Ave north of Hillsborough Ave to Idlewild Ave. ", "rationale": "The force main replacement project will replace aging, deteriorated pipelines that have reached the end of their useful life and are susceptible to failure that can cause wastewater overflows that impact public health, safety, and the environment.  The new force main will provide additional capacity for future development and lower energy costs of public and private pumping stations.", "projtype": "Wastewater", "safety": "No", "mandate": "No", "repair": "No", "replace": "No", "expand": "No", "efficient": "No", "fiscalyr": "2028", "fundsource": "PIPES", "planstart": 1830297600000, "planend": 1846022400000, "estcost": 101000, "pocname": "Charlie Lynch", "pocphone": "8132748916", "pocemail": "charlie.lynch@tampagov.net", "funded": "Yes", "projphase": "P2: Design", "actstart": null, "actend": null, "actcost": null, "status": "90% Design Completion", "docpath": null, "CreationDate": 1712078246000, "Creator": "SSME", "EditDate": 1772125782000, "Editor": "SSME", "MultiYear": "No", "NumVotes": null, "ShowPublic": "Yes", "EBO": null, "JobsCreated": null, "Neighborhood": null, "Council": null, "EBOAttained": null, "ContractNumber": null, "ActivityStatus": null, "ProjectSiteURL": null, "RelatedProject": null, "MapScale": 6000, "WMBESLBE": null, "ORACLEID": null, "EBUILDERID": null, "COMPROCUREMENT": null, "WATER": null, "WASTEWATER": null, "STORMWATER": null, "TRANSPORTATION": null, "OBJECTID": 35552, "GlobalID": "{93FA67D2-8805-4C38-A738-3F21976B3254}", "ProjectNumerical": null, "Shape__Length": 2692.994890897035}}, {"type": "Feature", "id": 35564, "geometry": {"type": "LineString", "coordinates": [[-82.42619266905207, 28.04357469807075], [-82.42619661084522, 28.041062773020382], [-82.42620144699733, 28.03990562879727], [-82.42620028472646, 28.039163754476146], [-82.42620106629867, 28.038446694635788], [-82.42619945481552, 28.03771854078391], [-82.42619935193919, 28.036989930973217], [-82.42619737792549, 28.036254647302254], [-82.42633456020631, 28.032577504427053]]}, "properties": {"FACILITYID": "240136", "projid": "TRANS20177.1", "projname": "30th St (E Busch Blvd to E Bougainvillea Ave) Segment 1 (Resurfacing)", "projdesc": "This project provides for complete street roadway improvements to enhance safety and multimodal connectivity, including sidewalks and trails, bicycle facilities, enhanced crosswalks, and other safety measures.  Landscaping and green infrastructure components are also included.", "rationale": "Complete Streets & Safety Improvements", "projtype": "Transportation", "safety": "Yes", "mandate": "No", "repair": "No", "replace": "No", "expand": "No", "efficient": "No", "fiscalyr": "2024", "fundsource": "Local Option Gas Tax", "planstart": 1731456000000, "planend": 1746057600000, "estcost": 5700000, "pocname": "Robert Hatton, P. E.", "pocphone": "813-274-1289", "pocemail": "robert.hatton@tampagov.net", "funded": "Yes", "projphase": "P5: Closeout", "actstart": null, "actend": null, "actcost": 3334945.6, "status": "Closeout", "docpath": null, "CreationDate": 1714411403000, "Creator": "PWLR", "EditDate": 1775482963000, "Editor": "PWLR", "MultiYear": "No", "NumVotes": null, "ShowPublic": "Yes", "EBO": null, "JobsCreated": null, "Neighborhood": "University Square Civic Association, Inc.", "Council": "7", "EBOAttained": null, "ContractNumber": null, "ActivityStatus": null, "ProjectSiteURL": "https://www.tampa.gov/project/trans201771", "RelatedProject": null, "MapScale": 6000, "WMBESLBE": null, "ORACLEID": "1002350", "EBUILDERID": null, "COMPROCUREMENT": null, "WATER": null, "WASTEWATER": null, "STORMWATER": null, "TRANSPORTATION": "Contractor Resurfacing", "OBJECTID": 35564, "GlobalID": "{46A0DE62-85E3-4C98-82B9-92FF3F1423F7}", "ProjectNumerical": null, "Shape__Length": 3998.97160870713}}, {"type": "Feature", "id": 35566, "geometry": {"type": "LineString", "coordinates": [[-82.4849712137028, 27.88694944512389], [-82.48493093770125, 27.886956749295297], [-82.48491489452051, 27.886974713318285], [-82.48421354393365, 27.886977178441043], [-82.48422111086363, 27.885960011495868], [-82.48281843943703, 27.88596851259196], [-82.48272168560463, 27.885965269697074], [-82.48271340233502, 27.885915157604902], [-82.48266503389203, 27.885915326949277]]}, "properties": {"FACILITYID": "180355", "projid": "1002588.2", "projname": "Interbay PS FM Replacement", "projdesc": "This project provides for the replacement of the force main that serves the Interbay Pump Station at Tyson and Interbay. Proposed 1,100 feet of 8” force main on Tyson Ave to Crescent and Country Club Ave.", "rationale": "The force main replacement project will replace aging, deteriorated pipelines that have reached the end of their useful life and are susceptible to failure that can cause wastewater overflows that impact public health, safety, and the environment.  The new force main will provide additional capacity for future development and lower energy costs of public and private pumping stations.", "projtype": "Wastewater", "safety": "No", "mandate": "No", "repair": "No", "replace": "Yes", "expand": "No", "efficient": "No", "fiscalyr": "2026", "fundsource": "PIPES", "planstart": 1782864000000, "planend": 1793491200000, "estcost": 155995, "pocname": "Charlie Lynch", "pocphone": "8132748916", "pocemail": "charlie.lynch@tampagov.net", "funded": "Yes", "projphase": "P2: Design", "actstart": null, "actend": null, "actcost": null, "status": "90% Design Completion", "docpath": null, "CreationDate": 1716396845000, "Creator": "SSME", "EditDate": 1772127336000, "Editor": "SSME", "MultiYear": "No", "NumVotes": null, "ShowPublic": "Yes", "EBO": null, "JobsCreated": null, "Neighborhood": null, "Council": null, "EBOAttained": null, "ContractNumber": null, "ActivityStatus": null, "ProjectSiteURL": null, "RelatedProject": null, "MapScale": 6000, "WMBESLBE": null, "ORACLEID": null, "EBUILDERID": null, "COMPROCUREMENT": null, "WATER": null, "WASTEWATER": null, "STORMWATER": null, "TRANSPORTATION": null, "OBJECTID": 35566, "GlobalID": "{66EECA82-0913-4005-A431-27D89B9315EB}", "ProjectNumerical": null, "Shape__Length": 1136.4343146280794}}, {"type": "Feature", "id": 36137, "geometry": {"type": "LineString", "coordinates": [[-82.36562484927006, 27.977006594569993], [-82.36577002715278, 27.9771347115931], [-82.36748808335636, 27.97609802157346], [-82.36776916018881, 27.976042062557433], [-82.36925126973662, 27.97602738271347], [-82.36924920289024, 27.974051185848168], [-82.37197248329632, 27.974052736991993], [-82.37196682954863, 27.973211081814096], [-82.37205363118954, 27.97314909938405], [-82.37290462876913, 27.973141720321543]]}, "properties": {"FACILITYID": "180363", "projid": "1002588.2", "projname": "Sugarcreek PS FM Replacement", "projdesc": "This project provides for the replacement of the force main that serves the Sugarcreek Pump Station at Beechwood Blvd and Danny Bryan Blvd. Proposed 3,400 feet of 8” and 12” force main on Danny Bryan Blvd from Beechwood Blvd to Orient Rd.   ", "rationale": "The force main replacement project will replace aging, deteriorated pipelines that have reached the end of their useful life and are susceptible to failure that can cause wastewater overflows that impact public health, safety, and the environment.  The new force main will provide additional capacity for future development and lower energy costs of public and private pumping stations.", "projtype": "Wastewater", "safety": "No", "mandate": "No", "repair": "No", "replace": "Yes", "expand": "No", "efficient": "No", "fiscalyr": "2027", "fundsource": "PIPES", "planstart": 1798761600000, "planend": 1806537600000, "estcost": 500000, "pocname": "Charlie Lynch", "pocphone": "8132748916", "pocemail": "charlie.lynch@tampagov.net", "funded": "Yes", "projphase": "P2: Design", "actstart": null, "actend": null, "actcost": null, "status": "60% Design Completion", "docpath": null, "CreationDate": 1720806307000, "Creator": "SSME", "EditDate": 1772128085000, "Editor": "SSME", "MultiYear": "No", "NumVotes": null, "ShowPublic": "Yes", "EBO": null, "JobsCreated": null, "Neighborhood": null, "Council": null, "EBOAttained": null, "ContractNumber": null, "ActivityStatus": null, "ProjectSiteURL": null, "RelatedProject": null, "MapScale": 6000, "WMBESLBE": null, "ORACLEID": null, "EBUILDERID": null, "COMPROCUREMENT": null, "WATER": null, "WASTEWATER": null, "STORMWATER": null, "TRANSPORTATION": null, "OBJECTID": 36137, "GlobalID": "{308BF890-FFF6-44DA-A94E-766C3D40F65A}", "ProjectNumerical": null, "Shape__Length": 3522.062500706427}}, {"type": "Feature", "id": 36595, "geometry": {"type": "LineString", "coordinates": [[-82.53235734139254, 27.952391603045474], [-82.53231622946964, 27.953324076651384], [-82.53230326431171, 27.954218624151288], [-82.53230829294453, 27.956046950286858], [-82.532198542566, 27.956522015746106], [-82.53189634002047, 27.957394937593634], [-82.53184195929836, 27.957878903009636], [-82.53181230973576, 27.959919728027305]]}, "properties": {"FACILITYID": "180384", "projid": "TRANS20178", "projname": "O'Brien St - Segment 1 (Cypress St. to Spruce St.)", "projdesc": "Perform full depth reclamation and resurfacing of N O'Brien Street between W Cypress Street and W Spruce Street and install pavement marking improvements including share the road markings.", "rationale": "Neighborhood Improvements- Resurfacing", "projtype": "Transportation", "safety": "Yes", "mandate": "No", "repair": "No", "replace": "No", "expand": "No", "efficient": "No", "fiscalyr": "2025", "fundsource": "Other Agencies", "planstart": 1740787200000, "planend": 1761868800000, "estcost": 651450, "pocname": "Robert Hatton, P. E.", "pocphone": "813-274-1289", "pocemail": "robert.hatton@tampagov.net", "funded": "Yes", "projphase": "P5: Closeout", "actstart": null, "actend": null, "actcost": null, "status": "Closeout", "docpath": null, "CreationDate": 1722437709000, "Creator": "PWLR", "EditDate": 1764685236000, "Editor": "PWLR", "MultiYear": "No", "NumVotes": null, "ShowPublic": "Yes", "EBO": null, "JobsCreated": null, "Neighborhood": "Tampa International Airport", "Council": "6", "EBOAttained": null, "ContractNumber": null, "ActivityStatus": null, "ProjectSiteURL": "https://www.tampa.gov/project/trans20178", "RelatedProject": null, "MapScale": 6000, "WMBESLBE": null, "ORACLEID": null, "EBUILDERID": null, "COMPROCUREMENT": null, "WATER": null, "WASTEWATER": null, "STORMWATER": null, "TRANSPORTATION": null, "OBJECTID": 36595, "GlobalID": "{E7BB9B1C-52FD-4651-AE60-0E21582F12C1}", "ProjectNumerical": null, "Shape__Length": 2756.4675032689456}}, {"type": "Feature", "id": 36597, "geometry": {"type": "LineString", "coordinates": [[-82.4261063235903, 28.054468903140446], [-82.42616999981755, 28.05273999959135], [-82.4261699996106, 28.051650000146427], [-82.42618000003382, 28.050870000284476], [-82.42618000009342, 28.04964999969444], [-82.4261799997962, 28.047830000175036], [-82.42618628796235, 28.04721289130937], [-82.42618999977257, 28.04656999973924], [-82.42619000023994, 28.045850000358353], [-82.42619264569821, 28.045058631646256], [-82.42619266905207, 28.04357469807075]]}, "properties": {"FACILITYID": "180385", "projid": "TRANS20177.2", "projname": "30th St (E Bougainvillea Ave to E Fowler Ave) Segment 2 (Resurfacing)", "projdesc": "This project aims to improve transportation connections and safety measures along the 30th St corridor, spanning approximately 0.7 miles from Bougainvillea Ave. to Fowler Ave. This project has been recommended through the MPO and City's Walk/ Bike Plan, Phases I and II, and through the City’s Pavement Condition Index Assessment.  The City is considering various enhancements including improved pedestrian crossing at the railroad, dedicated bicycle lanes, and road resurfacing. ", "rationale": "Complete Streets & Safety Improvements - Resurfacing", "projtype": "Transportation", "safety": "Yes", "mandate": "No", "repair": "No", "replace": "No", "expand": "No", "efficient": "No", "fiscalyr": "2027", "fundsource": "Utilities Service Taxes", "planstart": 1788220800000, "planend": 1803772800000, "estcost": 3500000, "pocname": "Riley Parks, P. E.", "pocphone": "813-274-8265", "pocemail": "30thStreetProject@tampagov.net", "funded": "No", "projphase": "P2: Design", "actstart": null, "actend": null, "actcost": null, "status": "60% Design Completion", "docpath": null, "CreationDate": 1723465092000, "Creator": "PWLR", "EditDate": 1775482958000, "Editor": "PWLR", "MultiYear": "No", "NumVotes": null, "ShowPublic": "Yes", "EBO": null, "JobsCreated": null, "Neighborhood": "University Square Civic Association, Inc.", "Council": "7", "EBOAttained": null, "ContractNumber": "26-C-00006", "ActivityStatus": null, "ProjectSiteURL": "https://www.tampa.gov/project/trans201772", "RelatedProject": null, "MapScale": 6000, "WMBESLBE": null, "ORACLEID": "1002350", "EBUILDERID": null, "COMPROCUREMENT": null, "WATER": null, "WASTEWATER": null, "STORMWATER": null, "TRANSPORTATION": "Resurfacing", "OBJECTID": 36597, "GlobalID": "{317FCE08-7048-43EB-BBFC-33A2EAB4ABCE}", "ProjectNumerical": 1001530, "Shape__Length": 3961.1640713070906}}, {"type": "Feature", "id": 38305, "geometry": {"type": "LineString", "coordinates": [[-82.45659540641063, 27.944924011500813], [-82.45611105931974, 27.94380420623907]]}, "properties": {"FACILITYID": "350260", "projid": "TRANS20186", "projname": "Franklin St and Fort Brooke Garage - Blank Out Signs", "projdesc": "This project will provide the in-house design of a new blank out signs in the median at Franklin Street and the Foot Brooke garage for enhanced safety for motorists and the streetcar. ", "rationale": "Safety Enhancement", "projtype": "Transportation", "safety": "Yes", "mandate": "No", "repair": "No", "replace": "No", "expand": "No", "efficient": "No", "fiscalyr": "2026", "fundsource": "Other Agencies", "planstart": 1777507200000, "planend": 1780185600000, "estcost": 72000, "pocname": "Zack Besece, P. E.", "pocphone": "813-274-8122", "pocemail": "zackary.besece@tampagov.net", "funded": "Yes", "projphase": "P2: Design", "actstart": null, "actend": null, "actcost": null, "status": "90% Design Completion", "docpath": null, "CreationDate": 1738772009000, "Creator": "PWLR", "EditDate": 1775656847000, "Editor": "PWLR", "MultiYear": "No", "NumVotes": null, "ShowPublic": "Yes", "EBO": null, "JobsCreated": null, "Neighborhood": "Tampa Downtown Partnership", "Council": "5", "EBOAttained": null, "ContractNumber": null, "ActivityStatus": null, "ProjectSiteURL": null, "RelatedProject": null, "MapScale": 6000, "WMBESLBE": null, "ORACLEID": null, "EBUILDERID": null, "COMPROCUREMENT": null, "WATER": null, "WASTEWATER": null, "STORMWATER": null, "TRANSPORTATION": null, "OBJECTID": 38305, "GlobalID": "{6EE57D92-D3EC-463C-8CCD-84CD2F5CB09B}", "ProjectNumerical": null, "Shape__Length": 436.12176196544317}}, {"type": "Feature", "id": 38306, "geometry": {"type": "LineString", "coordinates": [[-82.46510757805356, 27.950196942470594], [-82.46476027151161, 27.95017764517669]]}, "properties": {"FACILITYID": "350261", "projid": "TRANS20187", "projname": "Cass St Drawbridge Improvements", "projdesc": null, "rationale": null, "projtype": "Transportation", "safety": "No", "mandate": "No", "repair": "No", "replace": "No", "expand": "No", "efficient": "No", "fiscalyr": "2026", "fundsource": "Yet to be Determined", "planstart": null, "planend": null, "estcost": 158342.75, "pocname": "Zack Besece, P. E.", "pocphone": "813-274-8122", "pocemail": "zackary.besece@tampagov.net", "funded": "No", "projphase": "P2: Design", "actstart": null, "actend": null, "actcost": null, "status": "60% Design Completion", "docpath": null, "CreationDate": 1738774205000, "Creator": "PWLR", "EditDate": 1774528466000, "Editor": "PWLR", "MultiYear": "No", "NumVotes": null, "ShowPublic": "Yes", "EBO": null, "JobsCreated": null, "Neighborhood": "Downtown River Arts Neighborhood Association, Julian B Lane Riverfront Park", "Council": "5", "EBOAttained": null, "ContractNumber": null, "ActivityStatus": null, "ProjectSiteURL": null, "RelatedProject": null, "MapScale": 6000, "WMBESLBE": null, "ORACLEID": null, "EBUILDERID": null, "COMPROCUREMENT": null, "WATER": null, "WASTEWATER": null, "STORMWATER": null, "TRANSPORTATION": null, "OBJECTID": 38306, "GlobalID": "{5B93082E-C9A7-4CC0-B9F2-EA73D074D448}", "ProjectNumerical": null, "Shape__Length": 112.34595811448612}}, {"type": "Feature", "id": 38310, "geometry": {"type": "LineString", "coordinates": [[-82.4548596711362, 27.942777882238605], [-82.45545532350133, 27.944164016032786], [-82.45612102698418, 27.94573135663123], [-82.45644737066927, 27.94650389734504], [-82.4567613933407, 27.947226871511113]]}, "properties": {"FACILITYID": "350262", "projid": "TRANS20119.2", "projname": "Downtown Core Complete Streets (Florida Ave from Channelside Dr to Jackson St)", "projdesc": "This project provides for multimodal and safety improvements.\r\nGeneral maintenance and Complete Streets improvements to several streets and incorporated in this project in the Downtown Core: Florida Ave from Channelside Dr to Jackson St.\r\nAs part of the project, these roadways will be resurfaced to remove deficiencies and provide a newly finished driving surface.  This project will also include multimodal improvements to make these corridors safer for all users in accordance with the City’s Vision Zero initiative.\r\n• Parking Protected Buffered Bike Lanes with conflict markings to allow for safer cycling;\r\n• Pedestrian Bulb-outs to shorten pedestrian crossing distances;\r\n• Enhanced Crosswalks to provide pedestrians with more visibility;\r\n• Traffic Calming features to control speeds and reduce the likelihood of fatal crashes;\r\n• Reconstructed Curb Ramps to provide ease of use and accessibility to people with disabilities.", "rationale": "Complete Streets & Safety Improvements", "projtype": "Transportation", "safety": "Yes", "mandate": "No", "repair": "No", "replace": "No", "expand": "No", "efficient": "No", "fiscalyr": "2026", "fundsource": "Yet to be Determined", "planstart": null, "planend": null, "estcost": 1000000, "pocname": "Jae-Sang Lee", "pocphone": "813-410-4154", "pocemail": "customerexperience@tampagov.net", "funded": "No", "projphase": "P2: Design", "actstart": null, "actend": null, "actcost": null, "status": "60% Design Completion", "docpath": null, "CreationDate": 1741197359000, "Creator": "PWLR", "EditDate": 1756228021000, "Editor": "PWLR", "MultiYear": "Yes", "NumVotes": null, "ShowPublic": "Yes", "EBO": null, "JobsCreated": null, "Neighborhood": "Tampa Downtown Partnership", "Council": "5", "EBOAttained": null, "ContractNumber": "1001541", "ActivityStatus": null, "ProjectSiteURL": "https://www.tampa.gov/project/trans201192", "RelatedProject": null, "MapScale": 6000, "WMBESLBE": null, "ORACLEID": null, "EBUILDERID": null, "COMPROCUREMENT": null, "WATER": null, "WASTEWATER": null, "STORMWATER": null, "TRANSPORTATION": "TIP FY24", "OBJECTID": 38310, "GlobalID": "{FCE4338A-8952-4B22-86E2-F24558855B5C}", "ProjectNumerical": 1001541, "Shape__Length": 1730.1183720535535}}, {"type": "Feature", "id": 38312, "geometry": {"type": "LineString", "coordinates": [[-82.4570826538385, 27.943575493565646], [-82.45777038549254, 27.945162847043996], [-82.45813335472724, 27.94596291187801], [-82.45843439783633, 27.946626899484805]]}, "properties": {"FACILITYID": "350264", "projid": "TRANS20119.3", "projname": "Downtown Core Complete Streets (Tampa St from Brorein St to Jackson St)", "projdesc": "This project provides for multimodal and safety improvements.\r\nGeneral maintenance and Complete Streets improvements to several streets and incorporated in this project in the Downtown Core: Tampa St from Brorein St to Jackson St.\r\nAs part of the project, these roadways will be resurfaced to remove deficiencies and provide a newly finished driving surface.  This project will also include multimodal improvements to make these corridors safer for all users in accordance with the City’s Vision Zero initiative.\r\n• Parking Protected Buffered Bike Lanes with conflict markings to allow for safer cycling;\r\n• Pedestrian Bulb-outs to shorten pedestrian crossing distances;\r\n• Enhanced Crosswalks to provide pedestrians with more visibility;\r\n• Traffic Calming features to control speeds and reduce the likelihood of fatal crashes;\r\n• Reconstructed Curb Ramps to provide ease of use and accessibility to people with disabilities.", "rationale": "Complete Streets & Safety Improvements", "projtype": "Transportation", "safety": "Yes", "mandate": "No", "repair": "No", "replace": "No", "expand": "No", "efficient": "No", "fiscalyr": "2026", "fundsource": "Yet to be Determined", "planstart": null, "planend": null, "estcost": 1000000, "pocname": "Jae-Sang Lee", "pocphone": "813-410-4154", "pocemail": "customerexperience@tampagov.net", "funded": "No", "projphase": "P2: Design", "actstart": null, "actend": null, "actcost": null, "status": "60% Design Completion", "docpath": null, "CreationDate": 1741199761000, "Creator": "PWLR", "EditDate": 1756228046000, "Editor": "PWLR", "MultiYear": "Yes", "NumVotes": null, "ShowPublic": "Yes", "EBO": null, "JobsCreated": null, "Neighborhood": "Tampa Downtown Partnership", "Council": "5", "EBOAttained": null, "ContractNumber": "1001541", "ActivityStatus": null, "ProjectSiteURL": "https://www.tampa.gov/project/trans201193", "RelatedProject": null, "MapScale": 6000, "WMBESLBE": null, "ORACLEID": null, "EBUILDERID": null, "COMPROCUREMENT": null, "WATER": null, "WASTEWATER": null, "STORMWATER": null, "TRANSPORTATION": "TIP FY24", "OBJECTID": 38312, "GlobalID": "{44E3C263-C05F-45E6-B525-260EED0B8DAF}", "ProjectNumerical": 1001541, "Shape__Length": 1192.1772494754289}}, {"type": "Feature", "id": 38313, "geometry": {"type": "LineString", "coordinates": [[-82.42832239684721, 28.058478780680176], [-82.42832283246808, 28.05833025418559], [-82.42631978764338, 28.058322828219307], [-82.4263135588502, 28.05932471663845], [-82.42628346046, 28.059367822988385]]}, "properties": {"FACILITYID": "350265", "projid": "1002588.2", "projname": "122nd Street PS FM Replacement", "projdesc": "This project provides for the replacement of the force main that serves\r\nThe 122nd Ave Pump Station, located at E 122nd Ave, west of Bruce B Downs Blvd. Proposed 1,100 feet of 8” PVC force main north on Bruce B Downs Blvd and connecting to the16” 30th St force main. \r\n", "rationale": "The force main replacement project will replace aging, deteriorated pipelines that have reached the end of their useful life and are susceptible to failure that can cause wastewater overflows that impact public health, safety, and the environment. ", "projtype": "Wastewater", "safety": "No", "mandate": "No", "repair": "No", "replace": "Yes", "expand": "No", "efficient": "No", "fiscalyr": "2027", "fundsource": "PIPES", "planstart": 1798761600000, "planend": 1827619200000, "estcost": 116600, "pocname": "Charlie Lynch", "pocphone": "813-274-8916", "pocemail": "charlie.lynch@tampagov.net", "funded": "Yes", "projphase": "P2: Design", "actstart": null, "actend": null, "actcost": null, "status": "90% Design Completion", "docpath": null, "CreationDate": 1741619824000, "Creator": "SSME", "EditDate": 1772141356000, "Editor": "SSME", "MultiYear": "No", "NumVotes": null, "ShowPublic": "Yes", "EBO": null, "JobsCreated": null, "Neighborhood": null, "Council": null, "EBOAttained": null, "ContractNumber": "23-C-00018", "ActivityStatus": null, "ProjectSiteURL": null, "RelatedProject": null, "MapScale": 6000, "WMBESLBE": null, "ORACLEID": null, "EBUILDERID": null, "COMPROCUREMENT": null, "WATER": null, "WASTEWATER": null, "STORMWATER": null, "TRANSPORTATION": null, "OBJECTID": 38313, "GlobalID": "{C48F3D15-DEA4-4ADD-A432-F6BF2441730A}", "ProjectNumerical": null, "Shape__Length": 1082.7302307988073}}, {"type": "Feature", "id": 38315, "geometry": {"type": "LineString", "coordinates": [[-82.50012303105639, 28.001645793036754], [-82.50003185243845, 28.00164551644895], [-82.49998998053886, 28.00160811614996], [-82.49779861673467, 28.001601461342506], [-82.49688432248249, 28.001598674655682], [-82.49648315956024, 28.00161851210553], [-82.49527289640515, 28.001579054575608], [-82.49409330991443, 28.00157699986198], [-82.49319009108115, 28.001547508063265], [-82.4929145328513, 28.001538349611657], [-82.49258961303656, 28.001670598943402], [-82.49259705162191, 28.001738412240403], [-82.49255529076936, 28.0017349414125]]}, "properties": {"FACILITYID": "350267", "projid": "1002588.2", "projname": "Gunlock PS Force Main Replacement", "projdesc": "This project provides for the replacement of the force main that serves the Gunlock Pump Station at N Gunlock Ave and W Idlewild Ave. Proposed 2,500-ft of 10” force main from the Gunlock Pump Station to the Burke Pump Station on W Idlewild Ave, while maintaining the existing force main connection at Lincoln Avenue.", "rationale": "The force main replacement project will replace aging, deteriorated pipelines that have reached the end of their useful life and are susceptible to failure that can cause wastewater overflows that impact public health, safety, and the environment. ", "projtype": "Wastewater", "safety": "No", "mandate": "No", "repair": "No", "replace": "Yes", "expand": "No", "efficient": "No", "fiscalyr": "2027", "fundsource": "PIPES", "planstart": 1798761600000, "planend": 1827619200000, "estcost": 375000, "pocname": "Charlie Lynch", "pocphone": "813-274-8916", "pocemail": "charlie.lynch@tampagov.net", "funded": "Yes", "projphase": "P2: Design", "actstart": null, "actend": null, "actcost": null, "status": "90% Design Completion", "docpath": null, "CreationDate": 1741620205000, "Creator": "SSME", "EditDate": 1772134963000, "Editor": "SSME", "MultiYear": "No", "NumVotes": null, "ShowPublic": "Yes", "EBO": null, "JobsCreated": null, "Neighborhood": null, "Council": null, "EBOAttained": null, "ContractNumber": "23-C-00018", "ActivityStatus": null, "ProjectSiteURL": null, "RelatedProject": null, "MapScale": 6000, "WMBESLBE": null, "ORACLEID": null, "EBUILDERID": null, "COMPROCUREMENT": null, "WATER": null, "WASTEWATER": null, "STORMWATER": null, "TRANSPORTATION": null, "OBJECTID": 38315, "GlobalID": "{92D87469-8BD0-40EA-B757-C1CDF6512E9D}", "ProjectNumerical": null, "Shape__Length": 2486.1864072693184}}, {"type": "Feature", "id": 38316, "geometry": {"type": "LineString", "coordinates": [[-82.50079158864992, 28.018131713283694], [-82.49869773419992, 28.018096409585873]]}, "properties": {"FACILITYID": "350268", "projid": "1002588.2", "projname": "W Kirby St Drainage Improvements", "projdesc": "This project provides for the replacement of the existing Grove Park Apartments 3” force main with 4” PVC between N Himes Avenue and N Glen Avenue. The proposed length is 800-ft. \r\nNote: this is Hillsborough County Project #46145081.\r\n", "rationale": "The force main replacement project will replace aging, deteriorated pipelines that have reached the end of their useful life and are susceptible to failure that can cause wastewater overflows that impact public health, safety, and the environment.  ", "projtype": "Wastewater", "safety": "No", "mandate": "No", "repair": "No", "replace": "Yes", "expand": "No", "efficient": "No", "fiscalyr": "2028", "fundsource": "PIPES", "planstart": 1830297600000, "planend": 1859241600000, "estcost": 64000, "pocname": "Charlie Lynch", "pocphone": "813-274-8916", "pocemail": "charlie.lynch@tampagov.net", "funded": "Yes", "projphase": "P2: Design", "actstart": null, "actend": null, "actcost": null, "status": "90% Design Completion", "docpath": null, "CreationDate": 1741623083000, "Creator": "SSME", "EditDate": 1772130390000, "Editor": "SSME", "MultiYear": "No", "NumVotes": null, "ShowPublic": "Yes", "EBO": null, "JobsCreated": null, "Neighborhood": null, "Council": null, "EBOAttained": null, "ContractNumber": "23-C-00018", "ActivityStatus": null, "ProjectSiteURL": null, "RelatedProject": null, "MapScale": 6000, "WMBESLBE": null, "ORACLEID": null, "EBUILDERID": null, "COMPROCUREMENT": null, "WATER": null, "WASTEWATER": null, "STORMWATER": null, "TRANSPORTATION": null, "OBJECTID": 38316, "GlobalID": "{C437D95C-8AE6-4E61-A838-38BAD80344F2}", "ProjectNumerical": null, "Shape__Length": 675.6945789341988}}, {"type": "Feature", "id": 38318, "geometry": {"type": "LineString", "coordinates": [[-82.510011869976, 28.000002630459072], [-82.51368859930429, 27.999965163203406], [-82.51367359716104, 28.00164707624456]]}, "properties": {"FACILITYID": "350270", "projid": "1002588.2", "projname": "Church St FM Extension", "projdesc": "This project provides for the extension of the Church Street force main that serves the North Park Center Pump Station located at Pine Crest Manor Boulevard and N Church Ave. The proposed force main, constructed using 1,800-ft of 8” HDPE, will begin from the corner of W Henry Ave and Blossom Ave and will discharge into the Idlewild Pump Station collection system. ", "rationale": "The force main replacement project will replace aging, deteriorated pipelines that have reached the end of their useful life and are susceptible to failure that can cause wastewater overflows that impact public health, safety, and the environment.  ", "projtype": "Wastewater", "safety": "No", "mandate": "No", "repair": "No", "replace": "Yes", "expand": "No", "efficient": "No", "fiscalyr": "2027", "fundsource": "PIPES", "planstart": 1798761600000, "planend": 1827619200000, "estcost": 190800, "pocname": "Charlie Lynch", "pocphone": "813-274-8916", "pocemail": "charlie.lynch@tampagov.net", "funded": "Yes", "projphase": "P2: Design", "actstart": null, "actend": null, "actcost": null, "status": "30% Design Completion", "docpath": null, "CreationDate": 1741623257000, "Creator": "SSME", "EditDate": 1772136524000, "Editor": "SSME", "MultiYear": "No", "NumVotes": null, "ShowPublic": "Yes", "EBO": null, "JobsCreated": null, "Neighborhood": null, "Council": null, "EBOAttained": null, "ContractNumber": "23-C-00018", "ActivityStatus": null, "ProjectSiteURL": null, "RelatedProject": null, "MapScale": 6000, "WMBESLBE": null, "ORACLEID": null, "EBUILDERID": null, "COMPROCUREMENT": null, "WATER": null, "WASTEWATER": null, "STORMWATER": null, "TRANSPORTATION": null, "OBJECTID": 38318, "GlobalID": "{1BA13696-6787-47F8-8E94-571795CCF234}", "ProjectNumerical": null, "Shape__Length": 1798.0712192317421}}, {"type": "Feature", "id": 38319, "geometry": {"type": "LineString", "coordinates": [[-82.40346498797383, 28.026012801805155], [-82.4036234435016, 28.025757174861887], [-82.40362146390264, 28.025274727344968], [-82.40637800948737, 28.025287945021024], [-82.40995371085732, 28.025278484645305]]}, "properties": {"FACILITYID": "350271", "projid": "1002588.2", "projname": "River Bluffs PS- 50th St/E Regnas Ave FM", "projdesc": "This project provides for the replacement of the force main that serves the River Bluffs Pump Station. Replacement of 300-ft of the existing 4” FM with 6” PVC, connecting to the existing 6” FM on the southside of Regnas Ave and installing 1,200-ft of 8\" HDPE that will discharge into the 37th St/Royal Inn collection system.", "rationale": "The force main replacement project will replace aging, deteriorated pipelines that have reached the end of their useful life and are susceptible to failure that can cause wastewater overflows that impact public health, safety, and the environment. ", "projtype": "Wastewater", "safety": "No", "mandate": "No", "repair": "No", "replace": "Yes", "expand": "No", "efficient": "No", "fiscalyr": "2027", "fundsource": "PIPES", "planstart": 1798761600000, "planend": 1827619200000, "estcost": 151200, "pocname": "Charlie Lynch", "pocphone": "813-274-8916", "pocemail": "charlie.lynch@tampagov.net", "funded": "Yes", "projphase": "P2: Design", "actstart": null, "actend": null, "actcost": null, "status": "90% Design Completion", "docpath": null, "CreationDate": 1741623429000, "Creator": "SSME", "EditDate": 1772133688000, "Editor": "SSME", "MultiYear": "No", "NumVotes": null, "ShowPublic": "Yes", "EBO": null, "JobsCreated": null, "Neighborhood": null, "Council": null, "EBOAttained": null, "ContractNumber": "23-C-00018", "ActivityStatus": null, "ProjectSiteURL": null, "RelatedProject": null, "MapScale": 6000, "WMBESLBE": null, "ORACLEID": null, "EBUILDERID": null, "COMPROCUREMENT": null, "WATER": null, "WASTEWATER": null, "STORMWATER": null, "TRANSPORTATION": null, "OBJECTID": 38319, "GlobalID": "{E9429E75-E4E1-4B56-9FA2-EAE8B7011ED9}", "ProjectNumerical": null, "Shape__Length": 2324.4056673067403}}, {"type": "Feature", "id": 38329, "geometry": {"type": "LineString", "coordinates": [[-82.3459072608396, 28.130143714886938], [-82.3467633755959, 28.12983521838077], [-82.34753711411678, 28.129568085482315], [-82.34792121266756, 28.129460679919088], [-82.34831305680953, 28.129378140771404], [-82.34871059807604, 28.129320892796947], [-82.34911176422534, 28.12928924262256], [-82.34931305237454, 28.129283071834134], [-82.3494252282528, 28.12933107674213]]}, "properties": {"FACILITYID": "350276", "projid": "1002588.2", "projname": "Highland Oaks FM Replacement", "projdesc": "This project provides for a partial replacement of the Highland Oaks force main along Hunters Green Dr. The proposed force main is constructed using 1,200-ft of 12” PVC from the discharge manhole on Quail Creek Dr to the bridge, and 12” stainless steel for the bridge crossing.", "rationale": "The force main replacement project will replace aging, deteriorated pipelines that have reached the end of their useful life and are susceptible to failure that can cause wastewater overflows that impact public health, safety, and the environment.  ", "projtype": "Wastewater", "safety": "No", "mandate": "No", "repair": "No", "replace": "Yes", "expand": "No", "efficient": "No", "fiscalyr": "2026", "fundsource": "PIPES", "planstart": 1775001600000, "planend": 1796083200000, "estcost": 180000, "pocname": "Charlie Lynch", "pocphone": "813-274-8916", "pocemail": "charlie.lynch@tampagov.net", "funded": "Yes", "projphase": "P2: Design", "actstart": null, "actend": null, "actcost": 0, "status": "Consultant/Contractor Selection Process", "docpath": null, "CreationDate": 1743526671000, "Creator": "SSME", "EditDate": 1772129200000, "Editor": "SSME", "MultiYear": "No", "NumVotes": null, "ShowPublic": "Yes", "EBO": null, "JobsCreated": null, "Neighborhood": null, "Council": null, "EBOAttained": null, "ContractNumber": "23-C-00018", "ActivityStatus": null, "ProjectSiteURL": null, "RelatedProject": null, "MapScale": 6000, "WMBESLBE": null, "ORACLEID": null, "EBUILDERID": null, "COMPROCUREMENT": null, "WATER": null, "WASTEWATER": null, "STORMWATER": null, "TRANSPORTATION": null, "OBJECTID": 38329, "GlobalID": "{CCDF3EB0-CBB3-4AE0-943C-44FB1247C529}", "ProjectNumerical": null, "Shape__Length": 1189.7870244488279}}, {"type": "Feature", "id": 38330, "geometry": {"type": "LineString", "coordinates": [[-82.52009183458557, 27.981656101436062], [-82.51966887318706, 27.981635481010137], [-82.5189080322937, 27.981636909431923], [-82.51303042861711, 27.981605080952676], [-82.5124153704108, 27.98158994899292], [-82.51080935198486, 27.981595922276167], [-82.50953639069482, 27.981585932500376], [-82.5086350814822, 27.981582769980147], [-82.50712439472666, 27.981587895594377], [-82.5053891044696, 27.98156332602681]]}, "properties": {"FACILITYID": "350278", "projid": "TRANS20190", "projname": "MLK Resurfacing from Air Cargo to Dale Mabry", "projdesc": "Pavement resurfacing", "rationale": "Resurfacing", "projtype": "Transportation", "safety": "No", "mandate": "No", "repair": "No", "replace": "No", "expand": "No", "efficient": "No", "fiscalyr": "2026", "fundsource": "Local Option Gas Tax", "planstart": 1772928000000, "planend": 1782864000000, "estcost": 950000, "pocname": "Riley Parks, P. E.", "pocphone": "813-274-8265", "pocemail": "riley.parks@tampagov.net", "funded": "No", "projphase": "P4: Construction", "actstart": null, "actend": null, "actcost": null, "status": "Construction in Progress", "docpath": null, "CreationDate": 1745949419000, "Creator": "PWLR", "EditDate": 1772803371000, "Editor": "PWLR", "MultiYear": "No", "NumVotes": null, "ShowPublic": "Yes", "EBO": null, "JobsCreated": null, "Neighborhood": "Drew Park Advisory Committee", "Council": "6", "EBOAttained": null, "ContractNumber": "22-C-22001 (earmark)", "ActivityStatus": null, "ProjectSiteURL": "https://www.tampa.gov/project/trans20190", "RelatedProject": null, "MapScale": 6000, "WMBESLBE": null, "ORACLEID": null, "EBUILDERID": null, "COMPROCUREMENT": null, "WATER": null, "WASTEWATER": null, "STORMWATER": null, "TRANSPORTATION": "Contractor Resurfacing / CW Roberts", "OBJECTID": 38330, "GlobalID": "{1F8EA3D7-4928-421C-B12D-D45C93A32F8F}", "ProjectNumerical": 1002903, "Shape__Length": 4745.791398881741}}, {"type": "Feature", "id": 38524, "geometry": {"type": "LineString", "coordinates": [[-82.38034128578346, 28.146122347072286], [-82.37915826812633, 28.146831303046497], [-82.37833859895487, 28.147178149584192], [-82.3766522821711, 28.147698762927998], [-82.37575807029117, 28.147842552393104], [-82.37458018391054, 28.147916444605254], [-82.37310060448998, 28.147834109771452], [-82.3721787370344, 28.14765602381232], [-82.36782368285583, 28.146456245224137], [-82.36535407286064, 28.14606601505653], [-82.36419761690611, 28.145942651202695], [-82.35673510777137, 28.144145424154036], [-82.35476730003587, 28.14389412749415], [-82.35320971852163, 28.143538407289153]]}, "properties": {"FACILITYID": "350300", "projid": "TRANS20188", "projname": "New Tampa Blvd Corridor Improvements From Meadow Pine Dr. to Bruce B. Downs Blvd.(Resurfacing)", "projdesc": "The project provides pavement resurfacing and pedestrian\r\naccessibility and safety improvements along the New Tampa Blvd\r\ncorridor, spanning approximately 1.8 miles from Meadow Pines Drive to\r\nBruce B. Downs Boulevard. New Tampa Boulevard is a collector\r\nroadway serving as a critical access route for the West Meadows and\r\nRichmond Place neighborhoods. The project will include:\r\n• Roadway resurfacing\r\n• Improved pavement markings\r\n• ADA pedestrian ramps", "rationale": "This project will provide a refreshed pavement surface, improve visibility of the pavement markings, and update pedestrian curb ramps to comply with ADA standards and updated best practices.", "projtype": "Transportation", "safety": "Yes", "mandate": "No", "repair": "No", "replace": "Yes", "expand": "No", "efficient": "No", "fiscalyr": "2026", "fundsource": "Local Option Gas Tax", "planstart": 1785110400000, "planend": null, "estcost": 1030028, "pocname": "Michelle Adejumo", "pocphone": "813-274-8512", "pocemail": "newtampablvdproject@tampagov.net", "funded": "Yes", "projphase": "P4: Construction", "actstart": null, "actend": null, "actcost": null, "status": "Permitting/Submittals Approval", "docpath": null, "CreationDate": 1747847056000, "Creator": "PWLR", "EditDate": 1784289800000, "Editor": "PWLR", "MultiYear": "Yes", "NumVotes": null, "ShowPublic": "Yes", "EBO": null, "JobsCreated": null, "Neighborhood": "West Meadows", "Council": "7", "EBOAttained": null, "ContractNumber": null, "ActivityStatus": null, "ProjectSiteURL": "https://www.tampa.gov/project/trans20188", "RelatedProject": null, "MapScale": 6000, "WMBESLBE": null, "ORACLEID": null, "EBUILDERID": null, "COMPROCUREMENT": null, "WATER": null, "WASTEWATER": null, "STORMWATER": null, "TRANSPORTATION": "Contractor Resurfacing", "OBJECTID": 38524, "GlobalID": "{11485F37-957E-4B83-A627-D151E59CA1C8}", "ProjectNumerical": null, "Shape__Length": 9088.080963983568}}, {"type": "Feature", "id": 38925, "geometry": {"type": "LineString", "coordinates": [[-82.43264444169196, 28.003363660687345], [-82.42971511056344, 28.003374652358218]]}, "properties": {"FACILITYID": "350302", "projid": "TRANS20189", "projname": "Hanna Avenue Phase I (24th St to CSX RR)", "projdesc": "Reprofiling of Hanna Avenue in front of City Center", "rationale": "Complete Street", "projtype": "Transportation", "safety": "No", "mandate": "No", "repair": "No", "replace": "No", "expand": "No", "efficient": "No", "fiscalyr": "2030", "fundsource": "Yet to be Determined", "planstart": 1893456000000, "planend": null, "estcost": 1670096, "pocname": "Riley Parks, P. E.", "pocphone": "813-274-8265", "pocemail": "hannaproject@tampagov.net", "funded": "No", "projphase": "P2: Design", "actstart": null, "actend": null, "actcost": null, "status": "30% Design Completion", "docpath": null, "CreationDate": 1748615682000, "Creator": "PWLR", "EditDate": 1780053808000, "Editor": "PWLR", "MultiYear": "No", "NumVotes": null, "ShowPublic": "Yes", "EBO": null, "JobsCreated": null, "Neighborhood": "Seminole Heights East Neighborhood Association", "Council": "5", "EBOAttained": null, "ContractNumber": null, "ActivityStatus": null, "ProjectSiteURL": "https://www.tampa.gov/project/trans20189", "RelatedProject": null, "MapScale": 6000, "WMBESLBE": null, "ORACLEID": "1002148", "EBUILDERID": null, "COMPROCUREMENT": null, "WATER": null, "WASTEWATER": null, "STORMWATER": null, "TRANSPORTATION": null, "OBJECTID": 38925, "GlobalID": "{18516B80-B777-481B-8790-66F7A0169098}", "ProjectNumerical": 1002148, "Shape__Length": 945.265397576117}}, {"type": "Feature", "id": 38926, "geometry": {"type": "LineString", "coordinates": [[-82.50527258003862, 27.995957088994544], [-82.52370352610157, 27.996142461908253], [-82.5237348038032, 27.994028498248067], [-82.51949037665898, 27.99398994391352], [-82.51966887318706, 27.981635481010137], [-82.5189080322937, 27.981636909431923], [-82.51897354599292, 27.97770149693644], [-82.51864185396781, 27.977694085663025], [-82.51870874813132, 27.975964007705524], [-82.51781224740444, 27.975942147413367], [-82.5178640802582, 27.974158005186435], [-82.51324219729258, 27.974066142832292], [-82.50544833802142, 27.97403493025184], [-82.50527258003862, 27.995957088994544]]}, "properties": {"FACILITYID": "350303", "projid": "TRANS20191", "projname": "Drew Park CRA - Mobility, Connectivity, and Safety Improvements", "projdesc": "To identify and recommend potential mobility, connectivity, and safety projects, including project estimates, and to identify/recommend/provide quick bid options for improvements for improvements within public rights-of-way throughout the Drew Park Community Redevelopment Area (CRA).", "rationale": "Projects to include but limited to: areas to close sidewalk gaps; areas to improve existing sidewalks, intersection and crosswalk safety, areas to construct mid-block crosswalks on Lois Avenue, areas to improve pedestrian/bicyclist safety, alleyways, and areas to improve transit (public and school) stops.  In addition, firm to identify locations where on-street parking can be constructed on existing rights-of-way.", "projtype": "Transportation", "safety": "No", "mandate": "No", "repair": "No", "replace": "No", "expand": "No", "efficient": "No", "fiscalyr": null, "fundsource": "Community Redevelopment Agency", "planstart": 1797206400000, "planend": 1827619200000, "estcost": 9504000, "pocname": "Riley Parks, P. E.", "pocphone": "813-274-8265", "pocemail": "riley.parks@tampagov.net", "funded": "No", "projphase": "P2: Design", "actstart": null, "actend": null, "actcost": null, "status": null, "docpath": null, "CreationDate": 1748617544000, "Creator": "PWLR", "EditDate": 1777303617000, "Editor": "PWLR", "MultiYear": "No", "NumVotes": null, "ShowPublic": "Yes", "EBO": null, "JobsCreated": null, "Neighborhood": "Drew Park Advisory Committee", "Council": "6", "EBOAttained": null, "ContractNumber": null, "ActivityStatus": null, "ProjectSiteURL": "https://www.tampa.gov/project/trans20191", "RelatedProject": null, "MapScale": 6000, "WMBESLBE": null, "ORACLEID": "1002163", "EBUILDERID": null, "COMPROCUREMENT": null, "WATER": null, "WASTEWATER": null, "STORMWATER": null, "TRANSPORTATION": null, "OBJECTID": 38926, "GlobalID": "{00740F89-6833-4DB2-BC44-E6BEF5CB9AF7}", "ProjectNumerical": 1002163, "Shape__Length": 27908.477749824466}}, {"type": "Feature", "id": 38929, "geometry": {"type": "LineString", "coordinates": [[-82.4938578758017, 27.893689496586617], [-82.49385839844268, 27.894819927037354], [-82.49384421217489, 27.895496884267992], [-82.49384344828644, 27.895587050163297], [-82.49384442898689, 27.896116838316374], [-82.49384204725474, 27.896330568879975], [-82.49384241923212, 27.896726241111203], [-82.49384393485666, 27.897152325169614], [-82.49384236519687, 27.897341774179676], [-82.49382729130323, 27.898026405788517], [-82.49382472084976, 27.898235262116835], [-82.4938234106258, 27.898592853787896], [-82.49382844412474, 27.899720018582354], [-82.4938151130618, 27.900511594454724], [-82.49381938375355, 27.901470888849772], [-82.49382242278075, 27.90232486206481], [-82.49382740638589, 27.90320102943696], [-82.49381636242533, 27.9041088440911], [-82.49376234850834, 27.90522286201987], [-82.49374237827631, 27.90575191233554], [-82.49372912136735, 27.906320107892476], [-82.49372702916708, 27.90646831273386], [-82.49372414514377, 27.907180246562387], [-82.49371732756428, 27.90789345689082], [-82.4937175508882, 27.9079426449322], [-82.49372237936248, 27.908673864461438], [-82.49370650518898, 27.910105168510007], [-82.49368000008216, 27.911460000035227], [-82.49368761989342, 27.91282936965025], [-82.49365580024296, 27.91600858527235], [-82.49365834761004, 27.916827900362254], [-82.49365780632708, 27.91759433775311], [-82.49366041549635, 27.91853793194852], [-82.49363165169022, 27.91971440158169]]}, "properties": {"FACILITYID": "350325", "projid": "TRANS20192", "projname": "S Macdill Ave Resurfacing from W Gandy Blvd to W Bay to Bay Blvd", "projdesc": "This is a subproject of the Hillsborough County Resurfacing Tax Project funded by the AFT Surtax Network Operating Fund. The project provides pavement resurfacing, pedestrian accessibility and safety improvements along the S Macdill avenue corridor, spanning approximately 1.8 miles from W Gandy Blvd to W Bay to Bay Blvd. S Macdill is a collector roadway serving as a critical access route for the Bayshore Beautiful and Palma Ceia neighborhoods. The project will include: \r\n• Roadway resurfacing \r\n• Improved pavement markings \r\n• ADA pedestrian ramps", "rationale": "This project will provide a refreshed pavement surface, improve visibility of the pavement markings, and update pedestrian curb ramps to comply with ADA standards and best practices.", "projtype": "Transportation", "safety": "Yes", "mandate": "No", "repair": "No", "replace": "Yes", "expand": "No", "efficient": "No", "fiscalyr": "TBD", "fundsource": "Tax - Other", "planstart": null, "planend": null, "estcost": 3382122, "pocname": "Michelle Adejumo", "pocphone": "813-274-8512", "pocemail": "michelle.adejumo@tampagov.net", "funded": "Yes", "projphase": "P2: Design", "actstart": null, "actend": null, "actcost": null, "status": "60% Design Completion", "docpath": null, "CreationDate": 1749472154000, "Creator": "PWLR", "EditDate": 1784289622000, "Editor": "PWLR", "MultiYear": "No", "NumVotes": null, "ShowPublic": "Yes", "EBO": null, "JobsCreated": null, "Neighborhood": "Bayshore Beautiful, Palma Ceia", "Council": "4", "EBOAttained": null, "ContractNumber": null, "ActivityStatus": null, "ProjectSiteURL": "https://www.tampa.gov/project/trans20192", "RelatedProject": null, "MapScale": 6000, "WMBESLBE": null, "ORACLEID": "1002811", "EBUILDERID": null, "COMPROCUREMENT": null, "WATER": null, "WASTEWATER": null, "STORMWATER": null, "TRANSPORTATION": "Resurfacing, Surtax project ID CT004", "OBJECTID": 38929, "GlobalID": "{DBD9EBCA-AE51-4FB6-A65D-EF6D8C3BBBC6}", "ProjectNumerical": null, "Shape__Length": 9462.696177220747}}, {"type": "Feature", "id": 38930, "geometry": {"type": "LineString", "coordinates": [[-82.46839233525411, 27.956397147342155], [-82.46839901204353, 27.957031180886975], [-82.46834429786603, 27.95787252920511], [-82.46812826932698, 27.95919064888711], [-82.46784642641138, 27.960881578874904], [-82.46775173710706, 27.96140210135321], [-82.46770938897568, 27.962293858855162], [-82.46769232198398, 27.963254934658774], [-82.46767991431305, 27.964168974437115], [-82.46767476946253, 27.965095261280506], [-82.46767339038088, 27.96601991176758], [-82.46767000847008, 27.96692272341281], [-82.4676659651386, 27.96773953488115], [-82.46766536087786, 27.96779386919034], [-82.46765530877553, 27.968515478766435], [-82.46765266517806, 27.968699604481355], [-82.46764745416041, 27.969065960578686], [-82.46764674519044, 27.96927092806005], [-82.46765331412284, 27.96997786016272], [-82.46765837994607, 27.97058885860488], [-82.4676575416697, 27.971249875921533], [-82.46766589111725, 27.971864021519888], [-82.46766748050821, 27.972057700095224], [-82.46766992572263, 27.97295517054697], [-82.46767167096326, 27.973359859649328], [-82.46767031218607, 27.973803008196192], [-82.4676695580948, 27.974600127952723], [-82.46766787997491, 27.975396979133752], [-82.46766438504311, 27.976277863230457], [-82.46766172656085, 27.977158472747206], [-82.46765846771817, 27.977899643220457], [-82.4676591735351, 27.9780439556988], [-82.46766914846707, 27.97891802470715], [-82.4676639216131, 27.97970838921851], [-82.46766338157916, 27.979796929881275], [-82.46765937567258, 27.98067591919837], [-82.46766095444251, 27.981566893241478]]}, "properties": {"FACILITYID": "350332", "projid": "TRANS20196", "projname": "N Boulevard from W Green St to W Dr MLK Blvd", "projdesc": "This is a subproject of the Hillsborough County Resurfacing Tax Project funded by the AFT Surtax Network Operating Fund. The project provides pavement resurfacing, pedestrian accessibility and safety improvements along the N Boulevard corridor, spanning approximately 1.75 miles from W Green St to W Dr MLK Blvd. N Boulevard is a collector roadway serving as a critical access route for the West River, Tampa Heights, Ridgewood Park and Riverside Heights neighborhoods. The project will include: \r\n• Roadway resurfacing \r\n• Improved pavement markings \r\n• ADA pedestrian ramps", "rationale": "Resurfacing and Pedestrian Accessibility Improvements", "projtype": "Transportation", "safety": "No", "mandate": "No", "repair": "No", "replace": "No", "expand": "No", "efficient": "No", "fiscalyr": "TBD", "fundsource": "Tax - Other", "planstart": null, "planend": null, "estcost": 4896793, "pocname": "Michelle Adejumo", "pocphone": "813-274-8512", "pocemail": "michelle.adejumo@tampagov.net", "funded": "Yes", "projphase": "P2: Design", "actstart": null, "actend": null, "actcost": null, "status": "30% Design Completion", "docpath": null, "CreationDate": 1749569627000, "Creator": "PWLR", "EditDate": 1784290840000, "Editor": "PWLR", "MultiYear": "No", "NumVotes": null, "ShowPublic": "Yes", "EBO": null, "JobsCreated": null, "Neighborhood": "Tampa Heights, Riverside Heights, Ridgewood Park", "Council": "5,6", "EBOAttained": null, "ContractNumber": null, "ActivityStatus": null, "ProjectSiteURL": "https://www.tampa.gov/project/trans20196", "RelatedProject": null, "MapScale": 6000, "WMBESLBE": null, "ORACLEID": "1002809", "EBUILDERID": null, "COMPROCUREMENT": null, "WATER": null, "WASTEWATER": null, "STORMWATER": null, "TRANSPORTATION": "Resurfacing Surtax project ID CT002", "OBJECTID": 38930, "GlobalID": "{186F064C-FC3A-4B18-B505-1CE6105E26AE}", "ProjectNumerical": null, "Shape__Length": 9166.06246012986}}, {"type": "Feature", "id": 38933, "geometry": {"type": "MultiLineString", "coordinates": [[[-82.43470233336647, 27.938281837148566], [-82.4346886327185, 27.937874292744727], [-82.43474547007527, 27.93745822340734], [-82.43494918930205, 27.937156041543236], [-82.43529924637488, 27.9368742453573]], [[-82.43470233336647, 27.938281837148566], [-82.43435606652277, 27.939030864350027], [-82.4339313166199, 27.94021389831138], [-82.4336403346989, 27.940893886054862], [-82.43318071762543, 27.9419550939015], [-82.43288409472991, 27.94229475008887], [-82.4326543974291, 27.942581126125425], [-82.43232736419982, 27.94298883753771], [-82.43186788847399, 27.94369037936235], [-82.4314173148407, 27.944397847673223], [-82.43097832947794, 27.945090838670428], [-82.43054037540584, 27.94579185741156], [-82.4301281277515, 27.946487288789186], [-82.43013433504609, 27.947228885428675], [-82.43013335075621, 27.947974836949623], [-82.43013966237538, 27.948383125456587], [-82.43068419389563, 27.94838575545062], [-82.43065538500628, 27.95576589986694]], [[-82.43469859005315, 27.950093952817884], [-82.4347033771612, 27.948696862848806], [-82.43470115650851, 27.94799586828724], [-82.43470491595613, 27.947260017070604], [-82.43470184654875, 27.94651425897644], [-82.43470885814254, 27.94581603252693], [-82.4347127542671, 27.94511429642805], [-82.43471080048988, 27.94441718194617], [-82.4347183429047, 27.94372590310563], [-82.43471800223226, 27.94301262836154], [-82.43470831140915, 27.942308858421516], [-82.43470731762963, 27.941599917184654], [-82.43470500083554, 27.94104224556852], [-82.43470418153979, 27.940900278416105], [-82.43469937875113, 27.940349564090663], [-82.43469968345117, 27.940216258365574], [-82.43471160900212, 27.93965682618188], [-82.43470679400887, 27.938956561728887], [-82.43470233336647, 27.938281837148566]]]}, "properties": {"FACILITYID": "350368", "projid": "TRANS20197", "projname": "Pathways to Palmetto (Design-Build)", "projdesc": "This project is for the design of 22nd St. and 26th St. as well as the construction of 22nd St./26th St./Bermuda Blvd roadway & seawall.  This project will include the following: \r\n• Design of 22nd St. and 26th St. Complete Streets. \r\n• Reconstructing/replacing and amenitizing the existing seawall on Bermuda Blvd. including an 8 ft. wide seawall trail*. \r\n• Installation of backflow preventers at the seawall outfall pipes. \r\n• Implementation of Complete Streets concept to support the mobility needs of all along Bermuda Blvd. \r\n• Roadway resurfacing and narrowing travel lanes. \r\n• Installation of tree wells and bioswales along the roadway shoulders. \r\n• Connects to the proposed Green ARTery Perimeter Trail.", "rationale": "• Improved resiliency of the entire community from flooding and storm damage. \r\n• Will establish a new waterfront boulevard and trail. \r\n• Improved connections between the Palmetto Beach neighborhood and Downtown Tampa. \r\n• Improved habitat in McKay Bay. \r\n• Improved vitality of the neighborhood through the incorporation of Complete Streets improvements to improve roadway safety and ensure accessibility for all users.\r\n\r\n* The design of Bermuda Blvd. roadway and seawall will be completed using a separate project: TRANS20141 - Bermuda Blvd Complete Streets and Seawall project (https://www.tampa.gov/project/trans20141)", "projtype": "Transportation", "safety": "Yes", "mandate": "No", "repair": "Yes", "replace": "No", "expand": "No", "efficient": "No", "fiscalyr": null, "fundsource": "Multiple Funding", "planstart": null, "planend": null, "estcost": 24467804, "pocname": "Nirav Patel, P. E.", "pocphone": "813-274-5562", "pocemail": "pathwaystopalmettoproject@tampagov.net", "funded": "No", "projphase": "P1: Planning", "actstart": null, "actend": null, "actcost": null, "status": "Planning", "docpath": null, "CreationDate": 1750254498000, "Creator": "PWLR", "EditDate": 1757596875000, "Editor": "PWLR", "MultiYear": "No", "NumVotes": null, "ShowPublic": "Yes", "EBO": null, "JobsCreated": null, "Neighborhood": "Palmetto Beach Community Association", "Council": "5", "EBOAttained": null, "ContractNumber": "25-D-00015", "ActivityStatus": null, "ProjectSiteURL": "https://www.tampa.gov/project/trans20197", "RelatedProject": null, "MapScale": 6000, "WMBESLBE": null, "ORACLEID": null, "EBUILDERID": null, "COMPROCUREMENT": null, "WATER": null, "WASTEWATER": null, "STORMWATER": null, "TRANSPORTATION": null, "OBJECTID": 38933, "GlobalID": "{36FA6B23-CA0A-4191-90A3-BD3EB09FA90C}", "ProjectNumerical": null, "Shape__Length": 11770.606851551589}}, {"type": "Feature", "id": 38934, "geometry": {"type": "LineString", "coordinates": [[-82.45199097922342, 27.943608281426606], [-82.45194117397746, 27.943657153595936], [-82.4519157750618, 27.94375608463469], [-82.45192705503838, 27.945008143508748], [-82.45275527956852, 27.946894342686345], [-82.45308667176148, 27.947647141744703], [-82.45341533882534, 27.948408883649115], [-82.45373937273041, 27.94914392579517], [-82.45439000044854, 27.950629999677908], [-82.45471833693675, 27.95135985234143], [-82.45509477649281, 27.95211385155283], [-82.45544784674898, 27.952831102204538]]}, "properties": {"FACILITYID": "350374", "projid": "TRANS20198", "projname": "N Jefferson St - Channelside Dr to E Cass St ", "projdesc": "Resurfacing Jefferson Street by repurposing lanes and one row of parking to add turn lanes at intersections and separated bike lane, add pedestrian crossing(s), TSMO, add placemaking, add speed management treatments.", "rationale": "Re-purpose lane and one row of parking to add turn lanes at intersections and separated bike lane, add pedestrian crossing(s), TSMO, add placemaking, add speed management treatments", "projtype": "Transportation", "safety": "Yes", "mandate": "No", "repair": "No", "replace": "No", "expand": "No", "efficient": "No", "fiscalyr": null, "fundsource": "Yet to be Determined", "planstart": null, "planend": null, "estcost": 2658326, "pocname": "Zack Besece, P. E.", "pocphone": "813-274-8122", "pocemail": "zackary.besece@tampagov.net", "funded": "No", "projphase": "P1: Planning", "actstart": null, "actend": null, "actcost": null, "status": "Planning", "docpath": null, "CreationDate": 1752075995000, "Creator": "PWLR", "EditDate": 1752160944000, "Editor": "PWLR", "MultiYear": "No", "NumVotes": null, "ShowPublic": "Yes", "EBO": null, "JobsCreated": null, "Neighborhood": "Tampa Downtown", "Council": "5", "EBOAttained": null, "ContractNumber": null, "ActivityStatus": null, "ProjectSiteURL": null, "RelatedProject": null, "MapScale": 6000, "WMBESLBE": null, "ORACLEID": null, "EBUILDERID": null, "COMPROCUREMENT": null, "WATER": null, "WASTEWATER": null, "STORMWATER": null, "TRANSPORTATION": null, "OBJECTID": 38934, "GlobalID": "{2E98BA20-31A5-4BF8-892B-0989866F19E3}", "ProjectNumerical": null, "Shape__Length": 3579.407171191314}}, {"type": "Feature", "id": 38942, "geometry": {"type": "LineString", "coordinates": [[-82.53235734139254, 27.952391603045474], [-82.53139369029438, 27.952377998564216], [-82.53032340964445, 27.952363894877337], [-82.52825335752115, 27.9523379195961], [-82.52619334518148, 27.95230790330057], [-82.52415541384559, 27.95228490199829], [-82.52315538874444, 27.952289879468168], [-82.52210652543803, 27.9522842051374], [-82.51799434692028, 27.95223394664984], [-82.51593413776975, 27.952197189019405], [-82.51385530310975, 27.95219223933309], [-82.50977315458483, 27.952180883209277], [-82.50772807653063, 27.952188441716583], [-82.50562436509718, 27.952169922435054], [-82.5033378028568, 27.95214362928257], [-82.50153534321998, 27.95212287714212]]}, "properties": {"FACILITYID": "350402", "projid": "TRANS20201", "projname": "W Cypress Street Resurfacing (Zone 1) from N Obrien St to N Himes Ave", "projdesc": "This is a subproject of the Hillsborough County Resurfacing Tax Project funded by the AFT Surtax Network Operating Fund. The project provides pavement resurfacing, pedestrian accessibility and safety improvements along the W Cypress street corridor, spanning approximately 1.9 miles from N Obrien st to N Himes Ave. This section of W Cypress is a collector roadway serving as a critical access route for the Tampa International Airport, Carver City Lincoln Gardens, North Bon Air, Midtown and Oakford Park neighborhoods. The project will include: \r\n• Roadway resurfacing \r\n• Improved pavement markings \r\n• ADA pedestrian ramps", "rationale": "Resurfacing and Pedestrian Accessibility Improvements", "projtype": "Transportation", "safety": "Yes", "mandate": "No", "repair": "No", "replace": "Yes", "expand": "No", "efficient": "No", "fiscalyr": "TBD", "fundsource": "Tax - Other", "planstart": null, "planend": null, "estcost": 6035773, "pocname": "Michelle Adejumo", "pocphone": "813-274-8512", "pocemail": "michelle.adejumo@tampagov.net", "funded": "Yes", "projphase": "P2: Design", "actstart": null, "actend": null, "actcost": null, "status": "30% Design Completion", "docpath": null, "CreationDate": 1757418619000, "Creator": "PWLR", "EditDate": 1775569190000, "Editor": "PWLR", "MultiYear": "No", "NumVotes": null, "ShowPublic": "Yes", "EBO": null, "JobsCreated": null, "Neighborhood": "Tampa International Airport, Carver City Lincoln Gardens, North Bon Air, Midtown and Oakford Park", "Council": "6", "EBOAttained": null, "ContractNumber": null, "ActivityStatus": null, "ProjectSiteURL": "https://www.tampa.gov/project/trans20201", "RelatedProject": null, "MapScale": 6000, "WMBESLBE": null, "ORACLEID": "1002808", "EBUILDERID": null, "COMPROCUREMENT": null, "WATER": null, "WASTEWATER": null, "STORMWATER": null, "TRANSPORTATION": "Resurfacing Surtax project ID CT001", "OBJECTID": 38942, "GlobalID": "{26A8BBDB-6EF4-48F4-8801-D616153D917B}", "ProjectNumerical": null, "Shape__Length": 9951.361896084034}}, {"type": "Feature", "id": 38943, "geometry": {"type": "LineString", "coordinates": [[-82.50153534321998, 27.95212287714212], [-82.49945745010605, 27.95212212834824], [-82.49740301711908, 27.952082455312027], [-82.49636238332677, 27.952079893942358], [-82.49534023655477, 27.952068774630774], [-82.49325809923727, 27.95203798390857], [-82.49197800272229, 27.952041843104986], [-82.49121734912869, 27.95202064218032], [-82.49046030997653, 27.952020002719237], [-82.49020053184573, 27.95202002566838], [-82.48978178029614, 27.95203009007016], [-82.48914791870726, 27.95203775933115], [-82.48711733647309, 27.952081873147797], [-82.48614968161759, 27.952090438696995], [-82.4850652864094, 27.95210581688495], [-82.48298548263028, 27.95209074764635], [-82.4809153634177, 27.95206685795599], [-82.47883630286046, 27.952049195760857], [-82.47674819387991, 27.952032435904787], [-82.4746743334362, 27.952015325410386], [-82.47258489237778, 27.95200058252079], [-82.47089527784065, 27.951998972242354], [-82.47052484002944, 27.951997261022736], [-82.4700803464157, 27.95198686605105], [-82.46925771549645, 27.951977217791264], [-82.46846736655745, 27.95196989126337]]}, "properties": {"FACILITYID": "350403", "projid": "TRANS20202", "projname": "W Cypress Street Resurfacing (Zone 2) from N Himes Ave to North Boulevard", "projdesc": "This is a subproject of the Hillsborough County Resurfacing Tax Project funded by the AFT Surtax Network Operating Fund. The project provides pavement resurfacing, pedestrian accessibility and safety improvements along the W Cypress street corridor, spanning approximately 2.0 miles from N Himes Ave to North Blvd. This section of W Cypress is a collector roadway serving as a critical access route for the Midtown, Oakford Park, Armory Gardens, North Hyde Park and West Riverfront neighborhoods. The project will include: \r\n• Roadway resurfacing \r\n• Improved pavement markings \r\n• ADA pedestrian ramps", "rationale": "Resurfacing and Pedestrian Accessibility Improvements", "projtype": "Transportation", "safety": "Yes", "mandate": "No", "repair": "No", "replace": "Yes", "expand": "No", "efficient": "No", "fiscalyr": "TBD", "fundsource": "Tax - Other", "planstart": null, "planend": null, "estcost": 3740451, "pocname": "Michelle Adejumo", "pocphone": "813-274-8512", "pocemail": "michelle.adejumo@tampagov.net", "funded": "Yes", "projphase": "P2: Design", "actstart": null, "actend": null, "actcost": null, "status": "30% Design Completion", "docpath": null, "CreationDate": 1757420629000, "Creator": "PWLR", "EditDate": 1775569154000, "Editor": "PWLR", "MultiYear": "No", "NumVotes": null, "ShowPublic": "Yes", "EBO": null, "JobsCreated": null, "Neighborhood": "Midtown, Oakford Park, Armory Gardens, North Hyde Park and West Riverfront", "Council": "5,6", "EBOAttained": null, "ContractNumber": null, "ActivityStatus": null, "ProjectSiteURL": "https://www.tampa.gov/project/trans20202", "RelatedProject": null, "MapScale": 6000, "WMBESLBE": null, "ORACLEID": "1002810", "EBUILDERID": null, "COMPROCUREMENT": null, "WATER": null, "WASTEWATER": null, "STORMWATER": null, "TRANSPORTATION": "Ruserfacing Surtax project ID CT003", "OBJECTID": 38943, "GlobalID": "{54A144ED-2C6D-444D-9CEB-39EACC05F660}", "ProjectNumerical": null, "Shape__Length": 10676.719759047346}}, {"type": "Feature", "id": 38945, "geometry": {"type": "LineString", "coordinates": [[-82.45949857979781, 28.029074026854488], [-82.45873034328805, 28.02905294727231], [-82.45796735154698, 28.029061900407708], [-82.45720134777225, 28.029052899724967], [-82.4564102964102, 28.02905191911078], [-82.45557051140231, 28.029032233521328], [-82.45455468492156, 28.02932034449204], [-82.45333930548492, 28.029312897515624], [-82.45124928989016, 28.029296943822537]]}, "properties": {"FACILITYID": "350405", "projid": "TRANS20203", "projname": "E Yukon Street Resurfacing from N Florida Ave to N Nebraska Ave", "projdesc": "This is a subproject of the Hillsborough County Resurfacing Tax Project funded by the AFT Surtax Network Operating Fund. The project provides pavement resurfacing, pedestrian accessibility and safety improvements along the E Yukon street corridor, spanning approximately 0.5 miles from N Florida Ave to Nebraska Ave. E Yukon is a collector roadway serving as a critical access route for the Sulphur Springs neighborhood. The project will include: \r\n• Roadway resurfacing \r\n• Improved pavement markings \r\n• ADA pedestrian ramps", "rationale": "Resurfacing and Pedestrian Accessibility Improvements", "projtype": "Transportation", "safety": "Yes", "mandate": "No", "repair": "No", "replace": "Yes", "expand": "No", "efficient": "No", "fiscalyr": "2027", "fundsource": "Tax - Other", "planstart": null, "planend": null, "estcost": 2212900, "pocname": "Michelle Adejumo", "pocphone": "813-274-8512", "pocemail": "michelle.adejumo@tampagov.net", "funded": "Yes", "projphase": "P4: Construction", "actstart": null, "actend": null, "actcost": null, "status": "Permitting/Submittals Approval", "docpath": null, "CreationDate": 1757442847000, "Creator": "PWLR", "EditDate": 1784289396000, "Editor": "PWLR", "MultiYear": "No", "NumVotes": null, "ShowPublic": "Yes", "EBO": null, "JobsCreated": null, "Neighborhood": "Sulphur Springs", "Council": "5,6", "EBOAttained": null, "ContractNumber": null, "ActivityStatus": null, "ProjectSiteURL": "https://www.tampa.gov/project/trans20203", "RelatedProject": null, "MapScale": 6000, "WMBESLBE": null, "ORACLEID": "1002812", "EBUILDERID": null, "COMPROCUREMENT": null, "WATER": null, "WASTEWATER": null, "STORMWATER": null, "TRANSPORTATION": "Contractor Resurfacing WO46332 -Surtax project ID CT005", "OBJECTID": 38945, "GlobalID": "{E3AE2B11-1426-4442-A853-C65018E11C79}", "ProjectNumerical": null, "Shape__Length": 2677.934692457715}}, {"type": "Feature", "id": 38968, "geometry": {"type": "MultiLineString", "coordinates": [[[-82.42802693251679, 27.98168759824552], [-82.42802696519948, 27.98171003567042], [-82.42802700613719, 27.981731216914575], [-82.42802722975105, 27.981847837391367], [-82.42802724150974, 27.981854162347528], [-82.42802728244084, 27.981875341786488], [-82.42802750476008, 27.981990861324494], [-82.4280275971657, 27.982038722163185], [-82.42802812820081, 27.982315582640457]], [[-82.4361224070628, 27.98170098783034], [-82.43612246154433, 27.981709981974426], [-82.43612238308799, 27.981743794609553], [-82.43612192312703, 27.98194227384317], [-82.43612152825781, 27.982112714096726], [-82.4361212724686, 27.98222322488626], [-82.43612077760812, 27.982404689284923], [-82.43630264230988, 27.982405174691095], [-82.43640209779693, 27.982405422299426], [-82.43648523370862, 27.982405629576167], [-82.43653881059, 27.982405762765644], [-82.43669399802513, 27.982406148222665], [-82.43682301253577, 27.982406468627925], [-82.43683040381973, 27.98240648756884], [-82.43684895660743, 27.98240650084226], [-82.43689543110254, 27.982406665472734], [-82.43693349373905, 27.98240681710159], [-82.43704861178902, 27.9824072752865], [-82.4370708935227, 27.982407364215724], [-82.43721633725696, 27.98240794337926], [-82.43723954608171, 27.982408035651243], [-82.43738499083173, 27.98240861463321], [-82.43743883640315, 27.98240882873696], [-82.43757916697761, 27.982409407533833]], [[-82.42722216679405, 27.98176109896649], [-82.42722213396227, 27.981772887253143], [-82.42722207693876, 27.981793239487885], [-82.42722198255223, 27.981827067530283], [-82.42722173207899, 27.981916726371782], [-82.42722140593591, 27.98203361296724], [-82.4272213881652, 27.98203993711301], [-82.42722109843048, 27.98214362133257], [-82.42722063010818, 27.982311612755105], [-82.42737514499808, 27.98231237268296], [-82.42739713200335, 27.982312481240985], [-82.42744389034712, 27.982312711352225], [-82.42746773459105, 27.982312828566236], [-82.4276758227867, 27.98231385120726], [-82.42768356484738, 27.982313889402214], [-82.42802812820081, 27.982315582640457]], [[-82.42239926698751, 27.981806197964904], [-82.4223995465552, 27.981879250848195], [-82.42240004648079, 27.98200989940479], [-82.42240042198094, 27.982108093147698], [-82.42240068054691, 27.98217575509208], [-82.42240097984273, 27.98225386953123]], [[-82.42646461611349, 27.98208588447326], [-82.42646348204644, 27.982306649111777]], [[-82.43195628357688, 27.982201475382904], [-82.43199347417068, 27.982201423563644], [-82.43203184692823, 27.982201356290037], [-82.43207114878676, 27.982201286989753], [-82.43218719717525, 27.98220108305188], [-82.43224135349563, 27.98220098778594], [-82.4323273859681, 27.982200836535352], [-82.43236637677052, 27.982200768128337], [-82.43247230261288, 27.982200582230913], [-82.43253658147619, 27.98220046946163], [-82.43257650341168, 27.982200398969542], [-82.4327393941712, 27.982200099589615], [-82.43295287173142, 27.982200350098456], [-82.43296092777399, 27.982200359033424], [-82.43298416578045, 27.982200386958496], [-82.4329925308481, 27.9822003958213], [-82.43323234480732, 27.982200676696195], [-82.43323637232386, 27.98220068205955], [-82.43332281749286, 27.982200783366082], [-82.43343869644148, 27.982200917309765], [-82.43346844027046, 27.982200951725122], [-82.43358401020343, 27.982201088324963], [-82.43360879639086, 27.982201117581337], [-82.43363110527338, 27.982201142009067], [-82.43370081827226, 27.982201225435993], [-82.43376092599034, 27.982201288581987]], [[-82.43183117886296, 27.982201922330695], [-82.43179172766834, 27.982202015493858], [-82.43175693722395, 27.98220209762624], [-82.43168820513102, 27.98220226010325], [-82.43165992245753, 27.982202327202035], [-82.43161039346758, 27.9822024438162], [-82.43150942442861, 27.982202682083617], [-82.43147691505699, 27.982202758794262], [-82.43134557947158, 27.982203068728136], [-82.4312758694803, 27.98220323316319], [-82.43120741997458, 27.982203394513938], [-82.43118417721134, 27.982203449325326], [-82.43105222865971, 27.98220376090053], [-82.43096703806071, 27.982203961958117], [-82.43090319440743, 27.982204111434225], [-82.4308741107142, 27.98220418088072], [-82.43080503197602, 27.982204343099838], [-82.43065480127616, 27.982204697111538], [-82.43065460030957, 27.982288190512115]], [[-82.42434213762753, 27.98222981335838], [-82.42430483656433, 27.98222969921102], [-82.42417470581373, 27.98222932357878], [-82.42413690568863, 27.982229223558555], [-82.42408392342092, 27.982229062046365], [-82.42396928481821, 27.982228738623824], [-82.42394790587026, 27.98222867005692], [-82.42381808416758, 27.982228300354045], [-82.42377997495988, 27.98222818584707], [-82.4236814465171, 27.98222790459719], [-82.42362815524396, 27.982227748373262], [-82.42344473220959, 27.982227218516098], [-82.42325983537496, 27.98223193956344], [-82.42322824574413, 27.98223274966622], [-82.42318364680824, 27.98223388945892], [-82.42308949482461, 27.98223628891847], [-82.42300897115649, 27.98223834499932], [-82.42295229397759, 27.982239795289946], [-82.42288260954082, 27.98224157973169], [-82.42276399103558, 27.9822446037514], [-82.42270731890319, 27.98224604670635], [-82.42263762937404, 27.982247831039665], [-82.42258002315427, 27.98224930207965], [-82.42240097984273, 27.98225386953123]], [[-82.42456588651268, 27.982261758603915], [-82.42461199326667, 27.982263811850846], [-82.42461818096182, 27.982264087838324], [-82.42473328874212, 27.982269214605957], [-82.42475432954414, 27.982270151311216], [-82.42477660870104, 27.982271143748214], [-82.42478341557064, 27.982271446693336], [-82.42497526156042, 27.982279991022782], [-82.42501208475132, 27.982281630635693], [-82.42512564513078, 27.982286687858135], [-82.42520980938828, 27.98229043622108], [-82.42524694065112, 27.98229209015972], [-82.42546494055313, 27.98230179827495]], [[-82.43065460030957, 27.982288190512115], [-82.43065927227067, 27.982897161780148]], [[-82.42646348204644, 27.982306649111777], [-82.42631070448513, 27.982305907140404], [-82.42627321914135, 27.98230572551501], [-82.4261585907359, 27.982305169259632], [-82.4261365956055, 27.982305062333584], [-82.42609941929082, 27.98230488150828], [-82.42598541098002, 27.982304327699737], [-82.42587140266903, 27.982303773796698], [-82.42581842710801, 27.98230351637431], [-82.42575088944452, 27.982303188495564], [-82.42572920334675, 27.98230308325508], [-82.42572207731837, 27.982303048458], [-82.42546494055313, 27.98230179827495]], [[-82.42802812820081, 27.982315582640457], [-82.42837573354588, 27.98231432188038], [-82.42839896910769, 27.98231423778627], [-82.42857710772601, 27.98231359083082], [-82.42883740129449, 27.98231264603346], [-82.42909981036055, 27.982310443403986], [-82.42949442720978, 27.982307129974267], [-82.42959645517162, 27.98230627262964], [-82.42976518806564, 27.98230338936374], [-82.42989454316894, 27.98230117943278], [-82.430087027736, 27.982297890355323], [-82.43024825706892, 27.982295135539907], [-82.430409797428, 27.982292375050303], [-82.43052986812235, 27.98229032261741], [-82.43065460030957, 27.982288190512115]], [[-82.4358114979845, 27.9824057994681], [-82.43576677217274, 27.982405443937637], [-82.43575871696306, 27.982405392751236], [-82.43564315053034, 27.982404659671808], [-82.43561991302005, 27.9824045121743], [-82.43551828868709, 27.982403867490216], [-82.4354330858394, 27.982403326865985], [-82.43526980520227, 27.982402290593857], [-82.43524656870859, 27.98240214303004], [-82.43514587351135, 27.982401504154904], [-82.43507616199744, 27.982401061395297], [-82.43480160915756, 27.982399389234228], [-82.43480108052152, 27.98253268673285], [-82.4348002377469, 27.98274530161043], [-82.43480002119958, 27.9828000370457], [-82.43479987238007, 27.982837444197873], [-82.4347995946126, 27.982907582152382]], [[-82.44021235538865, 27.982418825652708], [-82.44027240659139, 27.982418966447394], [-82.44035414311057, 27.982419267007916], [-82.44047024605128, 27.982419693908444], [-82.44054733796578, 27.98241997764251], [-82.4405702499313, 27.982420062181497], [-82.44069424058914, 27.982420598088186], [-82.4407007474708, 27.982420612435288], [-82.44079214676943, 27.98242082041333], [-82.44081538491255, 27.982420873184346], [-82.44083862203911, 27.98242092595467], [-82.44100035382382, 27.982421293700586], [-82.44102266182968, 27.98242134400415], [-82.44121599585714, 27.982421782530515], [-82.44131731151606, 27.98242201249616], [-82.44135758892824, 27.982422103455196], [-82.44168788670778, 27.982422856200113], [-82.44177061286614, 27.982423043549545], [-82.44188989995332, 27.982423311932664], [-82.44193978367764, 27.982423423298023], [-82.44220182656744, 27.982425215276688], [-82.44225536938667, 27.982425721750943], [-82.44235533495547, 27.982426666391063], [-82.4426094269923, 27.982429067922798], [-82.44291427848279, 27.98243194897003], [-82.44315737606759, 27.982434932652573]], [[-82.43611951475113, 27.982630242428193], [-82.43611949718566, 27.98268525336748], [-82.43611947836868, 27.982745764496176], [-82.43611938918166, 27.983029069917606], [-82.43611930291885, 27.98330602506309]], [[-82.41811584598936, 27.982797585331443], [-82.41808733726718, 27.98279760430482], [-82.41808176462149, 27.982797607706406], [-82.41800653290343, 27.98279765766959], [-82.41796969062716, 27.982797682089952], [-82.41786938099416, 27.982797749521083], [-82.4178164398543, 27.982797784904623], [-82.41773161001169, 27.982797841311076], [-82.41769352959554, 27.982797866710303], [-82.41762417954749, 27.982797913042514], [-82.417493219346, 27.982798000158713], [-82.41739352979529, 27.982798067165625], [-82.41737154824156, 27.982798081525303], [-82.41734987571505, 27.98279809584627], [-82.41717060773537, 27.982798215513853], [-82.41702836646796, 27.982798425738896], [-82.41702186066483, 27.982798435536285], [-82.4168746861638, 27.982798652436795], [-82.41677336944653, 27.982798801532894], [-82.41659366388355, 27.9827990652577], [-82.41633618650762, 27.982799443241166], [-82.4162307934904, 27.982799597958554], [-82.41623060411521, 27.982899591964685], [-82.41623029890287, 27.983059694096667], [-82.41622994179319, 27.983245990658737], [-82.41622962101762, 27.983415010452564], [-82.4162294905807, 27.98348349389425]], [[-82.44299899680557, 27.98272211380198], [-82.44299935322543, 27.98274167056499], [-82.4430006590699, 27.98283286020556], [-82.44300077213907, 27.982843862012114], [-82.44300242434578, 27.98300338635959], [-82.44300276558461, 27.983036390869447], [-82.44300356317025, 27.98311340259067], [-82.4430041896274, 27.98317391160693], [-82.44300569822539, 27.983319683696767], [-82.44292146438208, 27.983318629321218]], [[-82.42646881266613, 27.982788263329805], [-82.42646773719625, 27.98269111679792], [-82.42646661419661, 27.98258963974565], [-82.42646579246744, 27.982515388375155], [-82.42646557950175, 27.982496137919206], [-82.42646506838173, 27.98244993610278], [-82.42646424354376, 27.982375410407688], [-82.42646348204644, 27.982306649111777]], [[-82.4199225849243, 27.982840914618286], [-82.41992252542855, 27.982861244304942]], [[-82.41842301606977, 27.982859443733147], [-82.41845293750052, 27.982859611703482], [-82.4185057447511, 27.98285990856921], [-82.41852705286658, 27.982860027829155], [-82.41862649074584, 27.98286058613677], [-82.41867960703085, 27.982860884702472], [-82.4187941784437, 27.9828615285769], [-82.41884667665995, 27.98286182354537], [-82.41894518845262, 27.9828623763208], [-82.41899737763448, 27.98286266946573], [-82.41901899580094, 27.982862790412263], [-82.41915147595103, 27.982863533745725], [-82.41916382919152, 27.98286360348917], [-82.41925492144671, 27.982863412505456], [-82.41932401599261, 27.982863266864427], [-82.41937668850332, 27.982863156819327], [-82.41953904355678, 27.9828628151383], [-82.41965368371665, 27.982862573724677], [-82.41967506337247, 27.982862529252188], [-82.4198213074426, 27.982862221953297], [-82.41985817799006, 27.98286214370828], [-82.41992252542855, 27.982861244304942]], [[-82.41992252542855, 27.982861244304942], [-82.41999286135206, 27.98286114778047], [-82.42012143645795, 27.982860970815274], [-82.42021531324141, 27.98286084198127], [-82.42023669092187, 27.982860812768532], [-82.42041235994094, 27.982860570156667], [-82.42043497677295, 27.982860538930595], [-82.42065649953827, 27.982860233452946], [-82.42084797054754, 27.982859969031356], [-82.42099327776339, 27.982859768032363], [-82.42101558454988, 27.98285973675735], [-82.42116267882903, 27.982859533719246], [-82.42122841201446, 27.982859476825585], [-82.42131236454537, 27.982859403803467], [-82.42134953819237, 27.982859371155666], [-82.42143287063786, 27.982859299057026], [-82.42145548446304, 27.982859279403698], [-82.42153850788016, 27.982859207285497], [-82.42160666041504, 27.982859148211276], [-82.4216583949018, 27.982859103336217], [-82.42178850520517, 27.982858989592252], [-82.42181018991788, 27.982858970924813], [-82.42240020374275, 27.982858455320663]], [[-82.42240020374275, 27.982858455320663], [-82.42240032157235, 27.98276634412445], [-82.42240037610935, 27.98272399112925], [-82.42240051596086, 27.982615356728772], [-82.42240064436466, 27.98251552357072], [-82.42240077090078, 27.98241651522014], [-82.42240094585063, 27.982280103610417], [-82.42240097984273, 27.98225386953123]], [[-82.43065927227067, 27.982897161780148], [-82.43091874011766, 27.98289759540281], [-82.43094393799078, 27.982897580532768], [-82.43103031274576, 27.982897725909513], [-82.43105286376374, 27.982897763531668], [-82.43120096105777, 27.982898013160664], [-82.43123990588738, 27.98289807877174], [-82.43129095775734, 27.98289816416536], [-82.43139594238545, 27.982898340299222], [-82.4314346412119, 27.98289840572428], [-82.43145816913112, 27.982898445630372], [-82.43157488569695, 27.982898641679608], [-82.43164376290987, 27.982898817204], [-82.43169643515121, 27.982898905484006], [-82.43180350994896, 27.98289912437947], [-82.4318418968414, 27.982899225863136], [-82.43203384147493, 27.982899734893614], [-82.43204189050485, 27.982899756537776], [-82.43215891655012, 27.982900066627778], [-82.4321898307959, 27.98290014817583], [-82.43222176057502, 27.982900232842795], [-82.43232330255488, 27.982900501205616], [-82.4324143527416, 27.982900742014778], [-82.43245642462121, 27.982900853400437], [-82.43257313960008, 27.98290116231119], [-82.43260320909515, 27.982901241910806], [-82.43273145198873, 27.98290164618319]], [[-82.43273145198873, 27.98290164618319], [-82.43291739801467, 27.982902151193862], [-82.43297279313538, 27.98290264281659], [-82.43318071659448, 27.982902867127436], [-82.43335732460456, 27.982903346805745], [-82.43345647264118, 27.982903616459552], [-82.4336640640265, 27.982904179489783], [-82.43370965115875, 27.98290456186366], [-82.43377471739149, 27.982904742922564], [-82.43395132442681, 27.982905233572502], [-82.43412793247704, 27.982905723992474], [-82.43427355612505, 27.982906128822403], [-82.4344191797683, 27.98290653259573], [-82.4347995946126, 27.982907582152382]], [[-82.4347995946126, 27.982907582152382], [-82.43480070867236, 27.983301143795625], [-82.4350989657438, 27.983305417507662], [-82.4351680508001, 27.983306408190558], [-82.43536012711566, 27.983309160058546], [-82.43546142985078, 27.98330874192989], [-82.43548373340707, 27.983308649661325], [-82.43558348797492, 27.983308238149032], [-82.4356209723032, 27.983308083345815], [-82.43575139438408, 27.983307544805616], [-82.43594625494019, 27.983306739663135], [-82.43611930291885, 27.98330602506309]], [[-82.42354210023838, 27.982952198582225], [-82.4236187945678, 27.982954162485168], [-82.4236565597085, 27.982955129969824], [-82.42370887297179, 27.982956469545194], [-82.42373115976403, 27.982957040701287], [-82.42382959495369, 27.98295956107753], [-82.42383640440958, 27.982959735016518], [-82.4239476513088, 27.98296258401468], [-82.42395124614849, 27.982962675809798], [-82.4239719866296, 27.982963206572226], [-82.42421250344437, 27.98296936485579], [-82.42423417212206, 27.982969919788378], [-82.42434839677571, 27.982972844104864], [-82.42437160973128, 27.98297343846981], [-82.42443441169205, 27.982975046814342], [-82.42455324436764, 27.98297798200943], [-82.42459102463498, 27.982978914899086], [-82.42465977065534, 27.9829806130819], [-82.4247282066014, 27.982982303163634], [-82.42476536672275, 27.982983220774443], [-82.42494218535224, 27.98298758826352], [-82.4249647902814, 27.982988146505427], [-82.42509577891047, 27.982991381176856], [-82.4251790791226, 27.982993438400253], [-82.42524782312425, 27.982995136295223], [-82.425284675213, 27.982996046596256], [-82.4254605301016, 27.983000389326016]], [[-82.42329575499221, 27.982953936006492], [-82.42324587298395, 27.98295433946908], [-82.4232238839142, 27.982954517221284], [-82.42315512944155, 27.982955072567513], [-82.42308792310935, 27.982955615898277], [-82.42300430426009, 27.9829562917887], [-82.42298231518899, 27.982956469502295], [-82.42292966522803, 27.982956894897985], [-82.42290767615654, 27.98295707259965], [-82.42283985178263, 27.982957620416634], [-82.42278689178622, 27.98295804851557], [-82.42271720822193, 27.98295861191307], [-82.42266270109866, 27.98295905193799], [-82.422399726741, 27.98296117635505]], [[-82.422399726741, 27.98296117635505], [-82.42240020374275, 27.982858455320663]], [[-82.44151770759056, 27.982908928439382], [-82.441513251039, 27.983068395724352], [-82.44150624904262, 27.98331895493206], [-82.44170669783384, 27.983318501801065], [-82.44190096194086, 27.983319782824385], [-82.44195549267089, 27.98332014004763], [-82.44208686069918, 27.983321005633165], [-82.44211071852851, 27.98332116177393], [-82.44218043069608, 27.98332162171632], [-82.44222256743568, 27.983321898655266], [-82.44223805891393, 27.983322000454443], [-82.44228546230057, 27.98332176682358], [-82.44240257660549, 27.983321188963764], [-82.44292146438208, 27.983318629321218]], [[-82.4254605301016, 27.983000389326016], [-82.42546210273271, 27.982751247056246], [-82.42546300030266, 27.98260904969741], [-82.42546346234165, 27.9825358889685], [-82.42546494055313, 27.98230179827495]], [[-82.42694554769669, 27.983000056426306], [-82.42693539044801, 27.983000058173285], [-82.42671060235979, 27.98300009692884], [-82.42646862359261, 27.98300013898373], [-82.42631869138015, 27.98300017691371], [-82.4262963854919, 27.983000182876324], [-82.42618082648573, 27.983000211583946], [-82.4261555197791, 27.98300021869951], [-82.42602747158499, 27.983000249874532], [-82.4260048546354, 27.983000255850893], [-82.4258731855328, 27.983000288169805], [-82.42583538963885, 27.983000297797062], [-82.4257505016091, 27.983000318722034], [-82.4256972136767, 27.98300033204316], [-82.4254605301016, 27.983000389326016]], [[-82.42846064146632, 27.9829976700214], [-82.4285074682813, 27.98299766041672], [-82.42857685003455, 27.982997645496184], [-82.42864623179085, 27.982997631443016], [-82.42877756135735, 27.982997603844797], [-82.42904703433761, 27.9829975468718], [-82.42919477996688, 27.982997515497676], [-82.42925172539267, 27.982997502943945], [-82.42932914037387, 27.98299736872421], [-82.42950729871396, 27.98299705889732], [-82.42965447215369, 27.982996803213585], [-82.42977257786995, 27.982996597587103], [-82.43004211626359, 27.982996123351707], [-82.43037054638754, 27.982995803647537], [-82.43066105363124, 27.982995512558247]], [[-82.43066105363124, 27.982995512558247], [-82.43065927227067, 27.982897161780148]], [[-82.43611930291885, 27.98330602506309], [-82.43624854794082, 27.98330652304223], [-82.43633370896404, 27.983306851221897], [-82.43640338579706, 27.983307120186726], [-82.4365043390287, 27.983307509152844], [-82.43663440237947, 27.98330801048938], [-82.43665762765143, 27.983308100098526], [-82.43678614176568, 27.98330859447831], [-82.43680998713772, 27.983308686604662], [-82.43686356069253, 27.9833088927697], [-82.43696606417136, 27.98330928730222], [-82.43700291435228, 27.98330942922478], [-82.43701581648833, 27.98330947847474], [-82.43710729962518, 27.983309615533813], [-82.43717726957408, 27.983309719838992], [-82.43723083042012, 27.983309799564065], [-82.4373141140851, 27.98330992374521], [-82.43736736488593, 27.983310003500403], [-82.43766767930958, 27.983310452420103], [-82.43773579100979, 27.983310554232133], [-82.43786582363816, 27.983310748585136], [-82.43791124194057, 27.98331081606392]], [[-82.44129220198198, 27.98332365301434], [-82.441274452957, 27.983323598057005], [-82.44117344621306, 27.983323297590434], [-82.44111922429158, 27.983323136694366], [-82.44102472349167, 27.98332285676498], [-82.44087754999379, 27.98332241983726], [-82.44083913038796, 27.983322305640556], [-82.4407852185138, 27.983322145423937], [-82.4406532272343, 27.9833217534541], [-82.44058444318766, 27.983321548756198], [-82.4404372696865, 27.983321111357334], [-82.44041403230018, 27.983321042278238], [-82.44026592865303, 27.983320602259706], [-82.44005523887893, 27.98331997518887]], [[-82.4254884220164, 27.98344560094621], [-82.4254836459921, 27.983369383722618], [-82.42547337037009, 27.983205341101435], [-82.4254605301016, 27.983000389326016]], [[-82.4162294905807, 27.98348349389425], [-82.41622933444384, 27.98366309124221], [-82.4162289208128, 27.984142018976357], [-82.41622891609433, 27.984147937901938], [-82.41622401838296, 27.984367937869713], [-82.4162211074046, 27.984498562489616], [-82.4162169833874, 27.984683912954136], [-82.41621407036418, 27.98481453757423], [-82.41621177252122, 27.984917938214405], [-82.41620690978358, 27.9851362045212]], [[-82.4179943432199, 27.98348692708479], [-82.41797860903328, 27.983486896387813], [-82.41796715351377, 27.983486874345594], [-82.41795446085031, 27.98348684974472], [-82.41786312673621, 27.98348667242246], [-82.41782535574525, 27.98348659945972], [-82.41774114359359, 27.98348643651898], [-82.4177033715858, 27.983486363525817], [-82.41758634209695, 27.983486136807155], [-82.41750243897327, 27.98348597368451], [-82.41744825880302, 27.98348586830402], [-82.41739294212876, 27.983485760936393], [-82.41735816386645, 27.98348569410497], [-82.41725847166144, 27.98348550023024], [-82.4172210096983, 27.983485427066526], [-82.4171264785271, 27.98348524361144], [-82.41710037652973, 27.983485192816843], [-82.41703817576274, 27.983485070987236], [-82.41686931229123, 27.983484740909145], [-82.41681663865425, 27.983484639738144], [-82.41675415630671, 27.983484518633333], [-82.4166539100774, 27.98348432329178], [-82.41650756322494, 27.983484037364107], [-82.41642278687691, 27.983483871714913], [-82.41638504027927, 27.983483798282787], [-82.4162294905807, 27.98348349389425]], [[-82.41857019133008, 27.98352386953073], [-82.41858258453735, 27.98352373977143], [-82.41859004160625, 27.983523662031477], [-82.41860148336701, 27.983523542385164], [-82.41862392877692, 27.98352330803271], [-82.41873925005457, 27.983522102430825], [-82.41876104083421, 27.983521874560918], [-82.4189233865618, 27.983520177304296], [-82.41894490085043, 27.983519952052166], [-82.41899776410152, 27.983519400289985], [-82.41906621339093, 27.98351868461248], [-82.4191504672687, 27.98351780342802], [-82.41917217164394, 27.98351757665869], [-82.41925727836518, 27.98351668649297], [-82.41930973195592, 27.983516137664385], [-82.41934814358208, 27.98351573811043], [-82.41941908025937, 27.983514999333106], [-82.41946307748691, 27.983515045651938], [-82.4194850766054, 27.983515067902108], [-82.4195851547663, 27.98351517235397], [-82.41965455959264, 27.98351524307812], [-82.41973821644035, 27.98351533254402], [-82.41975928642348, 27.98351535126875], [-82.41979212907498, 27.983515388206236], [-82.41982838020404, 27.983515426464038], [-82.41991296716347, 27.983515509375124], [-82.4200130463549, 27.983515618024544], [-82.42011312448702, 27.98351571577545], [-82.42015061580176, 27.98351575467252], [-82.42017292397976, 27.983515784892745], [-82.42028849429734, 27.98351589655547], [-82.4203569700339, 27.983515976080888], [-82.42041026253577, 27.983516021664638], [-82.42041706020464, 27.983516031569994], [-82.42046322629149, 27.98351596355299], [-82.42048615431544, 27.983515930463795], [-82.42053882726198, 27.98351585245662], [-82.42059119118247, 27.983515775374173], [-82.4206296112452, 27.983515718352557], [-82.42069808628611, 27.98351561903302], [-82.42096919703097, 27.98351521731715], [-82.42099212506044, 27.98351518594842], [-82.42104448796135, 27.983515108696533], [-82.42111265293885, 27.98351500560766], [-82.42111977990051, 27.983514998226777], [-82.42120343691893, 27.983514872027268], [-82.42127253101926, 27.983514769623653], [-82.42135680814856, 27.983514648650985], [-82.42139491815128, 27.983514588755714], [-82.42140599842986, 27.983514575565593], [-82.42142768682942, 27.9835146868932], [-82.42148097919656, 27.98351496037234], [-82.42148748521132, 27.983514994581128], [-82.42164767033232, 27.98351581665001], [-82.42171583503838, 27.983516167175473], [-82.42178399872442, 27.98351651676784], [-82.42202443143532, 27.98351775106351], [-82.42240198138026, 27.983519685632032]], [[-82.42240198138026, 27.983519685632032], [-82.4224014499334, 27.98338800033139], [-82.42240128628717, 27.983347570144016], [-82.42240094399112, 27.983262859229708], [-82.42240083167911, 27.983235080677], [-82.42240039416711, 27.98312671697581], [-82.42240000477265, 27.983030179213078], [-82.422399726741, 27.98296117635505]], [[-82.43272527399685, 27.98363744623436], [-82.43272710253764, 27.983419671894165], [-82.43272762123749, 27.983357859714037], [-82.43272830402321, 27.983276545944523], [-82.43272939553447, 27.983146614469735], [-82.43273059899158, 27.98300321868775], [-82.43273145198873, 27.98290164618319]], [[-82.43094344061679, 27.98364312326804], [-82.43098163887738, 27.98364301441676], [-82.43108109342184, 27.983642732542354], [-82.43116599527367, 27.98364249079938], [-82.43118922508754, 27.983642425200273], [-82.43136862689832, 27.983641915940318], [-82.43145414070207, 27.983641673002758], [-82.43147924093338, 27.983641601487697], [-82.43157963067935, 27.983641316319208], [-82.43168869145029, 27.98364100657168]], [[-82.43168869145029, 27.98364100657168], [-82.43185414500927, 27.983640438480823], [-82.4319080567072, 27.98364025386741], [-82.43218164369378, 27.98363931511861], [-82.43227025668634, 27.983639010498653], [-82.43243013964326, 27.983638461026043], [-82.43251503111355, 27.98363816885048], [-82.43272527399685, 27.98363744623436]], [[-82.43168870939155, 27.983644235337216], [-82.43168869145029, 27.98364100657168]], [[-82.42267164107714, 27.983686808460643], [-82.42269622824408, 27.983686803293605], [-82.42274890148913, 27.98368678309518], [-82.42289452649767, 27.983686726195113], [-82.42294719974157, 27.983686705920725], [-82.42298438085183, 27.98368669085411], [-82.42314549900279, 27.98368662755487], [-82.42319817224524, 27.983686607184385], [-82.42335928937595, 27.98368654363786], [-82.42344604530047, 27.983686509410063]], [[-82.42437211827091, 27.98368340993329], [-82.42429810457246, 27.983683658114916], [-82.42427951423237, 27.983683719970998], [-82.42422374220224, 27.983683907332075], [-82.4241245937281, 27.98368423925414], [-82.42408741305032, 27.983684363819265], [-82.42400375652187, 27.9836846433773], [-82.42390460804414, 27.983684975140783], [-82.42384926396757, 27.98368516012875], [-82.42372180303605, 27.983685587121787], [-82.42369701489821, 27.983685669796074], [-82.42356998090749, 27.983686095333294], [-82.42344604530047, 27.983686509410063]], [[-82.42344604530047, 27.983686509410063], [-82.42344555608531, 27.983892799181532], [-82.42344551033149, 27.9839120531462], [-82.42344465508323, 27.984272371914454], [-82.42344430929766, 27.984419874622198]], [[-82.42849588609978, 27.983693595328432], [-82.4285116821577, 27.98369358582567], [-82.42856679707448, 27.983693553085324], [-82.42860581808554, 27.98369352986401], [-82.42870674553825, 27.983693470718954], [-82.42875768449852, 27.983693440990887], [-82.42876900268692, 27.983693434587554], [-82.42894798130584, 27.983693328668544], [-82.42895511946915, 27.983693324456272], [-82.42905607029454, 27.983693264079573], [-82.42918798399499, 27.98369318553051], [-82.42921089686762, 27.98369317178932], [-82.42924928558541, 27.98369314855364], [-82.42936575393391, 27.98369307922959], [-82.42938860276449, 27.983693065658706], [-82.4295046665276, 27.9836929965776], [-82.42955896413889, 27.983692964186915], [-82.42959146504168, 27.98369294480432], [-82.4296649048786, 27.983693084505433], [-82.42978026226588, 27.983693303462175], [-82.42978750418644, 27.983693316930708], [-82.429825051578, 27.98369338820893], [-82.42997783538783, 27.98369367864599], [-82.43012579463644, 27.983693959634987], [-82.43028533648685, 27.9836942628891], [-82.43032374998069, 27.9836943358339], [-82.43066712114768, 27.983694986579103]], [[-82.42682858736082, 27.98370008317783], [-82.42680314114932, 27.983700070993702], [-82.42679789777291, 27.98370006199577], [-82.42670180603301, 27.983700128201782], [-82.42645590817996, 27.983699456866617], [-82.42630656641532, 27.983700215790897], [-82.42623778324453, 27.98370056521628], [-82.42616869003024, 27.983700915567855], [-82.42604537435103, 27.983701542132547], [-82.42603638928627, 27.98370158801067], [-82.42591927135642, 27.983702182632012], [-82.42583592442423, 27.983702605829013], [-82.42567295103862, 27.983703433338658], [-82.42547244041478, 27.98370444986649], [-82.4254718884637, 27.983904133264218], [-82.42547162216196, 27.98400177756254], [-82.42547138389348, 27.984088693922324], [-82.4254710659836, 27.984205044434958], [-82.42547053889979, 27.98439785318201]], [[-82.43066712114768, 27.983694986579103], [-82.43066420928497, 27.98335943191935], [-82.43066222782033, 27.983131143785368], [-82.43066105363124, 27.982995512558247]], [[-82.43272695355702, 27.984022518070287], [-82.43272527399685, 27.98363744623436]], [[-82.41696291851792, 27.984146677688297], [-82.41684058766518, 27.984146887836786], [-82.41683409296984, 27.98414689939708], [-82.41674553880488, 27.98414705041405]], [[-82.42240572363161, 27.984206624025926], [-82.42240549860348, 27.98416531327947], [-82.42240520197669, 27.984110846513946], [-82.42240478406976, 27.984034126683923], [-82.42240401036634, 27.983892189854135], [-82.42240366826738, 27.983829444514285], [-82.42240252728436, 27.983619863230388], [-82.42240198138026, 27.983519685632032]], [[-82.42159127181712, 27.98421140315527], [-82.4217954382845, 27.98421020599966], [-82.42181712487918, 27.984210079034007], [-82.42185492139839, 27.984209857536875], [-82.42197048123552, 27.984209179106028], [-82.42202252946308, 27.984208873232333], [-82.42220779663565, 27.984207785789508], [-82.42240572363161, 27.984206624025926]], [[-82.4189478534811, 27.98422524543785], [-82.41896732740751, 27.984225209585045], [-82.4190049629015, 27.984225140064055], [-82.41911216352166, 27.984224941606]], [[-82.41911216352166, 27.984224941606], [-82.41922660126191, 27.984223505460097], [-82.41931112640945, 27.984222444669015], [-82.41944054838888, 27.984220820084577], [-82.41950866516571, 27.984219965323888], [-82.41965480553449, 27.98421813072325], [-82.41969196069238, 27.98421766451679], [-82.4198526532855, 27.984215647234247], [-82.42013936152777, 27.984212048312738], [-82.42016103536672, 27.984211776359082], [-82.42016784694015, 27.984211690578434], [-82.42026785439035, 27.984210434812084], [-82.42032327606708, 27.98420973935927], [-82.42035068093571, 27.98420939481559], [-82.4204523620501, 27.984209559608715], [-82.42050564996735, 27.984209645775298], [-82.42054282647437, 27.984209706281415], [-82.42067387490492, 27.984209919188284], [-82.42088268282677, 27.98421025772823], [-82.42090406102054, 27.98421029247925], [-82.42106515988537, 27.984210552927944], [-82.42113331697864, 27.984210662818363], [-82.42124763490858, 27.984210847891774], [-82.42131611323411, 27.98421095851266], [-82.42136907890189, 27.984211044429372], [-82.42139076510959, 27.984211079063535], [-82.42149052289066, 27.98421123995731], [-82.42157540946368, 27.98421137777547], [-82.42159127181712, 27.98421140315527]], [[-82.43527752126326, 27.984206138510157], [-82.43528427320778, 27.984206144215435], [-82.43548500383014, 27.98420632642092], [-82.43549112449809, 27.984206332309892], [-82.43564352512746, 27.98420646966537], [-82.43564994872683, 27.98420647549022], [-82.435800821478, 27.98420661209615], [-82.43582958993221, 27.984206638257834], [-82.43594373461592, 27.984206741277152], [-82.43632634080046, 27.98420708477339], [-82.43634502705991, 27.98420709678645], [-82.43635273366226, 27.984207131897538], [-82.43637585143985, 27.98420723813708], [-82.43641530648638, 27.984207419778254], [-82.43653182045492, 27.98420795607031], [-82.43660179186335, 27.984208278139562], [-82.43668717444683, 27.984208671267183], [-82.4368163253748, 27.984209265560477], [-82.43690355811233, 27.9842096671167], [-82.4369420880813, 27.98420984432584], [-82.43702746964767, 27.984210237245414], [-82.43706600063305, 27.984210414416623], [-82.43715138321578, 27.984210807256062], [-82.43726728114343, 27.98421134037085], [-82.43738225399363, 27.9842118691103], [-82.4374217090394, 27.984212050462748], [-82.43756976741312, 27.984212804106807]], [[-82.44136586355778, 27.98422515428594], [-82.44133172575785, 27.98422539286795], [-82.4412920656643, 27.984225533650278], [-82.44125488490893, 27.984225668272284], [-82.44118486095269, 27.984225922671122], [-82.4410550383398, 27.9842263904526], [-82.44103118027387, 27.984226475074315], [-82.44090073757428, 27.984226945600813], [-82.44080065977099, 27.98422730696518], [-82.4407932228083, 27.984227334407876], [-82.440616614193, 27.984227970650835], [-82.44050321266516, 27.984228378990927], [-82.44047735165503, 27.984228129722908], [-82.44038052155048, 27.98422719805808], [-82.44031376316502, 27.98422655539254], [-82.43992223407642, 27.98422278717944], [-82.4399098957371, 27.984222668719216], [-82.43987561025777, 27.984222338894433], [-82.43979351662975, 27.984221548292034], [-82.4396614749356, 27.984220276594222], [-82.43960206308003, 27.984220116351885], [-82.43944038548018, 27.984218985177428], [-82.43937100605933, 27.984218500227787], [-82.43933260075401, 27.984218231255237], [-82.43929388539422, 27.984217960554965], [-82.43917804733651, 27.984217150112492], [-82.43883448458841, 27.984214490819618]], [[-82.4416025524492, 27.9842280619822], [-82.44161235378355, 27.984228254311777], [-82.44170492039488, 27.9842281664448], [-82.44179067716881, 27.984228085047263], [-82.44187612287818, 27.984228003693133], [-82.4418826247004, 27.98422799724427], [-82.44202565464452, 27.98422786073879], [-82.44209531238998, 27.984227794789977], [-82.4421965480942, 27.984227698581392], [-82.4422045970984, 27.984227690752977], [-82.44238353954461, 27.98422751963199], [-82.4425479321779, 27.9842273626049], [-82.44260179992163, 27.984227311105165], [-82.44260953989486, 27.984227303345047], [-82.4429443886456, 27.98422867638563], [-82.44292766630569, 27.984190588120867], [-82.44292274743847, 27.983836632277292], [-82.44292261837734, 27.98378464762374], [-82.44292212498947, 27.9835857844585], [-82.44292159767396, 27.983372894352097], [-82.44292146438208, 27.983318629321218]], [[-82.42547053889979, 27.98439785318201], [-82.42547886233106, 27.98498284175944]], [[-82.43061374286118, 27.984386517739036], [-82.43061042265354, 27.984212476772], [-82.43067107593765, 27.9841338846216], [-82.43067089026198, 27.984112993516387], [-82.43067033862982, 27.984051933692058], [-82.43066913457635, 27.983918261708222], [-82.43066906433414, 27.983910560763693], [-82.43066712114768, 27.983694986579103]], [[-82.42645094013818, 27.984400925467217], [-82.42636319335519, 27.984400654237334], [-82.42618658357098, 27.98440010062959], [-82.42610323544604, 27.98439983906735], [-82.42601895919887, 27.984399574914764], [-82.425996959719, 27.984399504079658], [-82.42592910505313, 27.984399290984335], [-82.42584513784755, 27.984399029377865], [-82.42568371044743, 27.9843985219698], [-82.42547053889979, 27.98439785318201]], [[-82.42994313743463, 27.984391234328307], [-82.42994681521547, 27.984391208393784], [-82.42999763527884, 27.98439085100083], [-82.43001961657798, 27.984390696552836], [-82.43021279665088, 27.984389338057827], [-82.43028121272795, 27.98438885694017], [-82.43031867262395, 27.984388593561423], [-82.43041928707143, 27.984387886203614], [-82.43061374286118, 27.984386517739036]], [[-82.42802155479323, 27.984399452683306], [-82.42802212495972, 27.984262724990664], [-82.4280221873502, 27.984228067746507], [-82.42802237466647, 27.984124647384974], [-82.42802243713125, 27.984090266277317], [-82.42802257447963, 27.984014351522177], [-82.42802278590676, 27.98389772882578], [-82.42802302224635, 27.983767077185526], [-82.42802315585894, 27.983693047572785], [-82.42802335249951, 27.98355774773865], [-82.4280234615865, 27.983482397974235], [-82.42802357161676, 27.98340677206865], [-82.42802372053568, 27.983303923039852], [-82.42802377068931, 27.9832689978132], [-82.42802395943376, 27.983138647714124], [-82.42802406947739, 27.98306302451196], [-82.42802416549137, 27.98299697772761], [-82.42802499136856, 27.982854981844298], [-82.42802527487233, 27.982806296843584], [-82.42802587012694, 27.98270398064371], [-82.42802607470578, 27.982668775186415], [-82.42802635333074, 27.982620914099936], [-82.42802679464327, 27.982545001992513], [-82.42802715897936, 27.982482290578325], [-82.42802812820081, 27.982315582640457]], [[-82.42972682881349, 27.98439439913628], [-82.42972065230066, 27.98439441301837], [-82.42969897351335, 27.984394461794007], [-82.42964199122233, 27.98439459106473], [-82.42963703659296, 27.984394602028814], [-82.4295054197436, 27.984394899374013], [-82.42943512175871, 27.984395058406584], [-82.42922577395935, 27.984395531366268], [-82.42921586368708, 27.984395554169815], [-82.42920223693335, 27.98439558495991], [-82.4291790119848, 27.984395637575812], [-82.42917808286444, 27.984395639572465], [-82.4290771249313, 27.984395867011916], [-82.42902385809657, 27.98439598714349], [-82.42896155724914, 27.98439612820927]], [[-82.42768800453463, 27.98440221472739], [-82.4276484849075, 27.98440217516947], [-82.42748767692164, 27.984402008161503], [-82.42743438396963, 27.98440195269118], [-82.42714746813063, 27.98440165371457], [-82.42684723031769, 27.984401340434733], [-82.4267787550964, 27.984401268655446], [-82.42670965977493, 27.984401196058585], [-82.42645094013818, 27.984400925467217]], [[-82.42265699392733, 27.98441997514198], [-82.42274406159459, 27.984419962954682], [-82.42275025849423, 27.984419961956974], [-82.42277194764645, 27.98441995936518], [-82.42286985887739, 27.9844199471578], [-82.42293802478287, 27.98441993881243], [-82.42302075279521, 27.98441992896476], [-82.42311897305538, 27.984419916532033], [-82.42317164670719, 27.98441990970378], [-82.42330178059407, 27.984419892803754], [-82.42344430929766, 27.984419874622198]], [[-82.42344430929766, 27.984419874622198], [-82.42354965659742, 27.984419860696374], [-82.42361782147805, 27.984419851114843], [-82.42365500287951, 27.98441984669299], [-82.42373866102697, 27.984419835353435], [-82.42386569746976, 27.984419817535496], [-82.42388738560295, 27.98441981477096], [-82.42401752049675, 27.9844197971906], [-82.42403920964611, 27.984419794398974], [-82.42413836003712, 27.984419780175646], [-82.42420652491711, 27.984419771204756], [-82.42424370631277, 27.98441976572137], [-82.42426849391097, 27.984419762360975], [-82.42445718828172, 27.984419736987036], [-82.42446007486437, 27.984907401284914], [-82.42446135135043, 27.985123039941154]], [[-82.42078116735237, 27.984449683585705], [-82.42078135593626, 27.984463434839242], [-82.42078331702842, 27.98460645274774], [-82.42078395801823, 27.984653208272487], [-82.42078468794276, 27.984741202771172], [-82.42078495173932, 27.984760449472418], [-82.42078725773389, 27.984889397743984], [-82.4207877101004, 27.98492239118541], [-82.42078819647382, 27.984957859833887], [-82.4207904028876, 27.98512321343881]], [[-82.41413501818846, 27.984493496958677], [-82.41413292682107, 27.985142877074225]], [[-82.41574725996985, 27.984506444170062], [-82.41562085099089, 27.984505247876125], [-82.41556725023219, 27.98450474023992], [-82.41545044600346, 27.98450363479113], [-82.41541233706859, 27.984503273417797], [-82.4152955328447, 27.98450216873981], [-82.4152428622647, 27.984501668997602], [-82.41514154884857, 27.984500710538548], [-82.41503961530461, 27.984499743949524], [-82.4149702146961, 27.984499086126654], [-82.41483513015112, 27.98449780970163], [-82.41481601214379, 27.984497627317815], [-82.41482214086543, 27.984692839966314], [-82.41482803687188, 27.98488062827609], [-82.41483620621388, 27.98514073703054]], [[-82.44300885604432, 27.984572385788862], [-82.44300885693225, 27.98458031344723], [-82.44300885930235, 27.984595070530474], [-82.44300890012951, 27.984887109728827], [-82.44300893669566, 27.985149998419967]], [[-82.43061548957907, 27.984712326365347], [-82.43061523717451, 27.984665169034034], [-82.4306146215581, 27.984550382652472], [-82.43061406791412, 27.984447100895565], [-82.43061374286118, 27.984386517739036]], [[-82.41696432947039, 27.98479305383568], [-82.41696414810356, 27.98470996764587], [-82.41696406512, 27.984672011609042], [-82.41696380302898, 27.984551820346553], [-82.41696364687799, 27.984480309297346], [-82.41696291851792, 27.984146677688297]], [[-82.41830982628679, 27.984845521617345], [-82.4183093668285, 27.984834991885286], [-82.41830909136036, 27.984828674947796], [-82.41830555312052, 27.98474764654638], [-82.41830284231199, 27.984685570758472], [-82.41830017946002, 27.984624593959968], [-82.41829391819476, 27.984481214567765], [-82.41829126759504, 27.984420512062748], [-82.41829039222529, 27.98440046135958], [-82.41827925143166, 27.98414535762685], [-82.41804720787998, 27.98414569668658], [-82.41804101509055, 27.984145705581476], [-82.41790786504573, 27.984145899928112], [-82.41780691811056, 27.984146046866986], [-82.41764280310001, 27.984146286280154], [-82.41758892217527, 27.98414636504318], [-82.41750345924554, 27.984146490017494], [-82.41743378629913, 27.984146591385123], [-82.41739505696766, 27.98414664755187], [-82.41730964644073, 27.984146654030962], [-82.41727246612564, 27.984146656733444], [-82.41712319084344, 27.984146667318107], [-82.41706902194333, 27.984146670948313], [-82.41697624142321, 27.984146677006862], [-82.41696291851792, 27.984146677688297]], [[-82.42644775978972, 27.98485346501375], [-82.42644822461017, 27.984787642699], [-82.42644874764687, 27.984713104728446], [-82.42644935617432, 27.9846261899403], [-82.4264497908032, 27.984564579264], [-82.42645094013818, 27.984400925467217]], [[-82.42158902130863, 27.984898032336154], [-82.42158927443498, 27.984821194040197], [-82.42158938387799, 27.984787912816792], [-82.42158972441119, 27.98468284325078], [-82.42158981003544, 27.984657812836343], [-82.42158991348751, 27.98462508210077], [-82.42159011605067, 27.984563470324503], [-82.42159022463612, 27.984531013905467], [-82.42159047135142, 27.984455924496146], [-82.42159053171915, 27.984436945721352], [-82.42159068826004, 27.984389637286892], [-82.42159127181712, 27.98421140315527]], [[-82.42547886233106, 27.98498284175944], [-82.42567661350304, 27.984940711826724]], [[-82.42548287811009, 27.98507953158288], [-82.42547886233106, 27.98498284175944]], [[-82.42518336711473, 27.98509809897468], [-82.42527112865365, 27.985092658652416], [-82.42540858881645, 27.98508413715471], [-82.42548287811009, 27.98507953158288]], [[-82.42643852726319, 27.98510250641729], [-82.42627715670388, 27.985098623622676], [-82.42622450212208, 27.985097356478636], [-82.4261244592343, 27.985094949298087], [-82.42596587635607, 27.985091132401635], [-82.42594357603781, 27.985090595944875], [-82.42592220392561, 27.98509008187768], [-82.4259005227481, 27.98508955974009], [-82.42566295802591, 27.985083842005313], [-82.42553318106384, 27.98508071875261], [-82.42548287811009, 27.98507953158288]], [[-82.41307037212354, 27.985145391777664], [-82.41280685142047, 27.985145683885708], [-82.41261415007898, 27.985145897519654], [-82.41226838390311, 27.98514627917752], [-82.41226686500576, 27.985296975494947], [-82.41226686428784, 27.98529705400684], [-82.41226683597658, 27.985301370322222], [-82.41226576203788, 27.98546695598175], [-82.41226576216486, 27.98546698937055], [-82.41226573383646, 27.985471301173824], [-82.41226508803845, 27.985570649503686], [-82.41226503016887, 27.985579488789895], [-82.41226483804253, 27.985609156117274], [-82.41226480232082, 27.98561473131758], [-82.41226299810666, 27.985850773968668], [-82.41226220059767, 27.98595513654138], [-82.41226165953412, 27.98602589527905], [-82.41226136778775, 27.986064115951105]], [[-82.41620690978358, 27.9851362045212], [-82.41575007680211, 27.985140119186845], [-82.41549569453127, 27.985141339062412], [-82.41546502043575, 27.98514149398527]], [[-82.41483620621388, 27.98514073703054], [-82.4147773875041, 27.98514085575813], [-82.41477150271102, 27.9851408744064], [-82.41448524494693, 27.985141772519476], [-82.41447905112295, 27.985141792086466], [-82.41413292682107, 27.985142877074225]], [[-82.41413292682107, 27.985142877074225], [-82.41378691737746, 27.985143696439096], [-82.4135808961007, 27.98514418432004], [-82.41341329230201, 27.985144580793406], [-82.41320758207804, 27.98514506718024], [-82.41307037212354, 27.985145391777664]], [[-82.42241144758464, 27.985117974831397], [-82.42241039015943, 27.98498384654768], [-82.42240960254259, 27.984883996384024], [-82.42240889115433, 27.984793793651612], [-82.42240811089341, 27.98469478631365], [-82.4224075100406, 27.984618599473986], [-82.42240699369722, 27.98455314203089], [-82.4224059697786, 27.984423171939365], [-82.42240572363161, 27.984206624025926]], [[-82.4207904028876, 27.98512321343881], [-82.42095625521651, 27.98512287109069], [-82.42103051528267, 27.985122717796195]], [[-82.42103051528267, 27.985122717796195], [-82.42102887076477, 27.985323776207462], [-82.42102882605741, 27.985329277436684], [-82.42102778073797, 27.98545717381296], [-82.4210272848801, 27.985517684637937], [-82.42102589870562, 27.985687112772542], [-82.42102585603132, 27.985692613995234], [-82.42102458015599, 27.985848565195596], [-82.42102452945088, 27.98585461601048], [-82.42102379119991, 27.985945106539365], [-82.42102296721804, 27.986045716053603], [-82.42102143730071, 27.986110883767452], [-82.42101903003655, 27.986213462672424], [-82.4210163191824, 27.986328959602368], [-82.42101585527708, 27.986348758996062], [-82.42101333200529, 27.98645628165464], [-82.42101220852936, 27.986504130872454], [-82.42101077645934, 27.986565179683197], [-82.42101031859941, 27.986584703822643], [-82.42100889760495, 27.98664520212867], [-82.42100326510673, 27.986885272154343], [-82.42100279814835, 27.98690507155576], [-82.4210014541232, 27.986962356141554]], [[-82.4283890657648, 27.985100103610417], [-82.42843616273751, 27.985100058889792], [-82.42850556800126, 27.985099993386306], [-82.42852942652846, 27.98509996868851], [-82.42862919627947, 27.985099875295568], [-82.42872927607932, 27.985099781766234], [-82.42875282456298, 27.98509975889852], [-82.42882130069765, 27.98509969522953], [-82.42892200058814, 27.985099599626714], [-82.42897591355447, 27.985099547904674], [-82.42907444412012, 27.985099455346255], [-82.42912866713547, 27.985099403499532], [-82.42927553384732, 27.9850992646639], [-82.42934432002414, 27.9850991997669], [-82.42939947217127, 27.98509914762039], [-82.4294682583435, 27.985099081759003], [-82.42950636897102, 27.98509904577977], [-82.42954478959474, 27.98509899618814], [-82.42961326562634, 27.985098907760122], [-82.42979142671649, 27.985098677843588], [-82.42981466510776, 27.985098644934073], [-82.42990266099687, 27.985098533264345], [-82.42996184164973, 27.985098452960052], [-82.430077413578, 27.98509830731384], [-82.43011614422743, 27.98509825208119], [-82.43015425583623, 27.985098207797662], [-82.43027013776869, 27.985098051093498], [-82.43030917851014, 27.985098006567778], [-82.43065656209131, 27.985097552835146]], [[-82.41546502043575, 27.98514149398527], [-82.41530545735947, 27.985141281909744], [-82.41522119022835, 27.985141169941883], [-82.41516789681222, 27.985141098893823], [-82.41497828203939, 27.98514084629409], [-82.41497549258675, 27.985140842978566], [-82.41483620621388, 27.98514073703054]], [[-82.41761994190877, 27.985135703487494], [-82.41753355324569, 27.985136386279684], [-82.4173529842256, 27.98513781414749], [-82.41711078001663, 27.985139729205358], [-82.41690375480223, 27.98514136575484]], [[-82.41809869146469, 27.985134346519573], [-82.41808360080601, 27.985134389682788], [-82.41807649106556, 27.985134409488584], [-82.41787280527129, 27.985134986940427], [-82.41761994190877, 27.985135703487494]], [[-82.4185389876313, 27.985134314130885], [-82.41856687346517, 27.98513446751017], [-82.41858081587033, 27.98513454329684], [-82.41875804456171, 27.98513551537431], [-82.41881071770217, 27.985135808010437], [-82.41912568802802, 27.98513753417279], [-82.41912351746726, 27.984991048909993], [-82.41912262070583, 27.984930542322463], [-82.4191219193446, 27.984883237402347], [-82.41911939258296, 27.984712719324158], [-82.41911930722216, 27.98470694325551], [-82.41911779858268, 27.984605182132242], [-82.41911751371454, 27.984585930074772], [-82.41911620971743, 27.984497920158127], [-82.41911592794742, 27.984478943326085], [-82.41911216352166, 27.984224941606]], [[-82.42143429021942, 27.985125774904454], [-82.42141228876237, 27.985125757487822], [-82.4213295639763, 27.98512569236472], [-82.42130725348522, 27.98512567497552], [-82.42103051528267, 27.985122717796195]], [[-82.43065656209131, 27.985097552835146], [-82.43083039244807, 27.98509727828051], [-82.43088430530132, 27.98509720054327], [-82.43100049716524, 27.985097016082978], [-82.43111637901693, 27.98509684152028], [-82.4311548006134, 27.985096782451784], [-82.43117896810159, 27.98509674098493], [-82.43121707864564, 27.98509668558133], [-82.43127161157092, 27.98509660123626], [-82.43134132669886, 27.985096493624173], [-82.43145596934775, 27.985096315442235], [-82.43148044791225, 27.98509627655626], [-82.43157959831376, 27.985096123406983], [-82.4316424974625, 27.98509602710224], [-82.43166418559133, 27.985095992428384], [-82.43178967266226, 27.985095760081382], [-82.43181353110421, 27.985095715863565], [-82.43219061239544, 27.985095016121903], [-82.43224514524526, 27.98509491424528], [-82.43246761325506, 27.985094501009275], [-82.43262935253586, 27.985094200833196], [-82.43270777638692, 27.985094063331363], [-82.43282457323014, 27.98509569829389], [-82.43308455314259, 27.98509933243746], [-82.43323109207755, 27.985101383264848], [-82.43328251957504, 27.985102102926305], [-82.43347769845528, 27.985104834087515], [-82.43361277404819, 27.98510672390938], [-82.43375218753853, 27.98510867391654], [-82.43378750973511, 27.985108637422673], [-82.43388820956348, 27.985108534574263], [-82.43410479144517, 27.985108312325046], [-82.4342917641648, 27.985108121863412], [-82.43430880567587, 27.985108105053534], [-82.43476920706026, 27.985107657622738], [-82.43476792402126, 27.985512858773763], [-82.43476692553163, 27.985828068051056], [-82.4347665798146, 27.98593093837574], [-82.43476539667716, 27.98628273007896], [-82.43476458724152, 27.98652367496762], [-82.43476448683434, 27.986553637071676]], [[-82.4193831110831, 27.985132731986766], [-82.41940799066408, 27.98513254873856], [-82.41943816202374, 27.985132254595836], [-82.41963165272477, 27.985130368557975], [-82.41991579166366, 27.985127598213552], [-82.4199343513321, 27.985127425140096], [-82.42010897563563, 27.985126575144918], [-82.42013097660933, 27.98512646733649], [-82.42016877156126, 27.98512628149904], [-82.42049966848806, 27.98512465394298], [-82.42057340218527, 27.985124291340483], [-82.42069733566285, 27.98512368131558], [-82.4207904028876, 27.98512321343881]], [[-82.41690375480223, 27.98514136575484], [-82.416812205957, 27.98514149070393], [-82.41620690978358, 27.9851362045212]], [[-82.42446135135043, 27.985123039941154], [-82.42469665593622, 27.98511491293232], [-82.42473380918074, 27.985113629588998], [-82.4247554823313, 27.98511288134209], [-82.42494744159214, 27.985106251294276], [-82.42500007594022, 27.985104433650264], [-82.42506819037584, 27.985102080846225], [-82.42518336711473, 27.98509809897468]], [[-82.42337521736178, 27.985127270892196], [-82.42336137944669, 27.98512713932053], [-82.42323032176621, 27.985125877703926], [-82.42319314277076, 27.985125519236618], [-82.42314016177943, 27.985125006330698], [-82.42304008794292, 27.98512404085755], [-82.42298741702719, 27.985123534158365], [-82.42290159486208, 27.98512270433576], [-82.42288021684314, 27.98512249934063], [-82.42271786727403, 27.98512093186577], [-82.42241144758464, 27.985117974831397]], [[-82.4234982828727, 27.985131658561873], [-82.42356058661457, 27.98513110124025], [-82.42359740712955, 27.985130772173328], [-82.42361875615485, 27.985130580988262], [-82.42367135514495, 27.985130110357115], [-82.42387773074738, 27.98512826348384], [-82.42391485926582, 27.98512793157796], [-82.42393651731248, 27.98512773758634], [-82.42403552770452, 27.98512685123307], [-82.42418063946242, 27.985125552822193], [-82.42427995988768, 27.985124663532034], [-82.42442476261303, 27.985123367621707], [-82.42446135135043, 27.985123039941154]], [[-82.44090071198008, 27.985107838467513], [-82.44082447411918, 27.985108310233567], [-82.44073876471012, 27.985109212977086], [-82.44068542720359, 27.985109774620156], [-82.44063147267218, 27.98511034273124], [-82.44053065582749, 27.98511140473781], [-82.44033765437086, 27.985113438628122], [-82.44031422270294, 27.985113685098003], [-82.44029109904048, 27.98511392877316], [-82.4401745577291, 27.98511515636123], [-82.44007478414765, 27.98511653956224]], [[-82.44276235924258, 27.985121333249268], [-82.44266011002594, 27.98512138260807], [-82.44249713181588, 27.985121469354198], [-82.44234964488517, 27.985121546696043], [-82.44218449733818, 27.98512163373149], [-82.44203670137271, 27.98512171173125], [-82.44187155381977, 27.98512179839096], [-82.441706096214, 27.98512188494566], [-82.44152917491013, 27.985121977419116], [-82.44147196585241, 27.985120419403035], [-82.44134317857281, 27.985117521766878], [-82.44131934014783, 27.985116985519863], [-82.44126516283471, 27.98511576692246], [-82.44111841948195, 27.985112465549324], [-82.4410958203546, 27.985111956873364], [-82.44090071198008, 27.985107838467513]], [[-82.41832152007244, 27.985360550306446], [-82.41832172126927, 27.98538028360367], [-82.41832219555809, 27.98542731578748], [-82.41832266776878, 27.985474072742115], [-82.41832426430587, 27.985632772982456], [-82.41832473032882, 27.985678979484224], [-82.41832488223804, 27.98569410702833], [-82.41832535962686, 27.98574141443567], [-82.41832648908526, 27.98585363203521], [-82.41832680735888, 27.985885261449443], [-82.41832742220399, 27.985946321169717], [-82.41832761854762, 27.985965849632855], [-82.41832836978239, 27.98604038553217], [-82.41832890403353, 27.98609346909209], [-82.41832830931516, 27.98620987821085], [-82.41832801018471, 27.986270389335417], [-82.41832756099303, 27.986358130241342], [-82.41832691418499, 27.986486854705944], [-82.41832687760704, 27.986493180712575], [-82.41832629471138, 27.986608701817072], [-82.41832613034865, 27.986641707968875], [-82.41832568222038, 27.986729724101977], [-82.4183248069076, 27.986903280990127], [-82.41832472810657, 27.986918684468318], [-82.41832437755615, 27.986987996948972]], [[-82.41899442067972, 27.985362627051856], [-82.41899600963788, 27.985494920070682], [-82.41899673759708, 27.985555428973647], [-82.41899713872984, 27.985588982974843], [-82.41899834717626, 27.98568937243423], [-82.41899890608482, 27.98573612821598], [-82.41899929895195, 27.985768858340926], [-82.4190002011393, 27.985843668107968], [-82.41900093219948, 27.985904451331088], [-82.41900165716513, 27.985965235474627], [-82.41900318436774, 27.98609232807987], [-82.41900347006835, 27.986277989080218], [-82.41900347715038, 27.986283765386148], [-82.41900361405415, 27.98637150721161], [-82.4190036201197, 27.98637728352054], [-82.41900371579924, 27.986437795244253], [-82.4190037641544, 27.986471076885557], [-82.41900394552276, 27.98658714883682], [-82.41900394946046, 27.986592374681887], [-82.41900408844901, 27.986680391732165], [-82.41900409354577, 27.986686443278884], [-82.4190042078797, 27.986760982908145], [-82.41900430443698, 27.986820668920544], [-82.41900443432709, 27.986908961230704], [-82.41900457488157, 27.986997645153245]], [[-82.41966800646593, 27.98536759785843], [-82.4196678828793, 27.985375848972357], [-82.41966779646995, 27.985381624661557], [-82.41966653246594, 27.985466058020044], [-82.41966582211803, 27.985513638864326], [-82.41966450186258, 27.98560192297723], [-82.41966284797317, 27.98571220977008], [-82.4196623496008, 27.985745487666712], [-82.41966227331105, 27.985750988992045], [-82.41966014220077, 27.985893453575947], [-82.41965902279203, 27.985967711812386], [-82.41965770805344, 27.986055847004998], [-82.41965695776432, 27.986124881865965], [-82.41965548018347, 27.986260752342176], [-82.41965526408723, 27.98628055548937], [-82.4196541606564, 27.986382045702943], [-82.41965350239103, 27.98644255430922], [-82.4196525510097, 27.986530016994067], [-82.4196508463388, 27.986686790679812], [-82.4196498899713, 27.986774803846902], [-82.41964863346567, 27.986890320679706], [-82.41964780486761, 27.986966699584197]], [[-82.43130332977631, 27.98537699411426], [-82.43130316213266, 27.985392855388902], [-82.43130308283246, 27.985400006330224], [-82.43130087252035, 27.985607112622642], [-82.43130066058131, 27.985626914857676], [-82.43129846207496, 27.985832645834353]], [[-82.43199794239263, 27.985378199175724], [-82.43199789925865, 27.98538370039908], [-82.43199785612107, 27.98538920072005], [-82.43199437379481, 27.985830295835797]], [[-82.42035747944293, 27.985512889425134], [-82.42035653454789, 27.985565968469896], [-82.42035619140174, 27.985585219732407], [-82.42035511569965, 27.985645723304803], [-82.42035476650473, 27.985665249820677], [-82.42035319972314, 27.985753255842557], [-82.42035270767876, 27.985781033530685], [-82.42035089133839, 27.98588306557208], [-82.42034979647073, 27.985944394905705], [-82.4203478579124, 27.986053183662733], [-82.42034766588888, 27.986176407446745], [-82.42034752472604, 27.986266350189336], [-82.42034747285027, 27.98629963123167], [-82.42034724896251, 27.98644320896763], [-82.42034723980049, 27.986448710087355], [-82.42034712327643, 27.986523249513972], [-82.42034704961485, 27.986570833820853], [-82.42034695488174, 27.986631070882964], [-82.4203467719253, 27.986748243067375], [-82.42034674285753, 27.986767221741324], [-82.42034662633579, 27.98684176116451], [-82.42034657161578, 27.986876143152987], [-82.42034644729279, 27.986959679626466]], [[-82.42801192925096, 27.985528352112016], [-82.42801189894996, 27.985517074792593], [-82.42801184167897, 27.9854956210831], [-82.4280117148374, 27.985448311747742], [-82.42801114796833, 27.98523679679969], [-82.42801078790687, 27.98510339559322], [-82.42777468505639, 27.98510338650458], [-82.42769164644866, 27.98510338303584], [-82.42745399537316, 27.985103373698767], [-82.42743230608039, 27.985103373420795], [-82.42739574452706, 27.985103370622735], [-82.4272978326532, 27.985103368010744], [-82.42727614335293, 27.98510336590334], [-82.42725414502621, 27.985103365654837], [-82.42722448997856, 27.985103364820226], [-82.4271098471016, 27.98510323987579], [-82.42705748293315, 27.985103183182904], [-82.42697475402483, 27.985103091688444], [-82.42689171609301, 27.98510300290812], [-82.42686909756222, 27.985102976548237], [-82.42680093093135, 27.985102904728226], [-82.42677955158429, 27.985102878118088], [-82.42657226527571, 27.98510265572423], [-82.42643852726319, 27.98510250641729]], [[-82.41690630150903, 27.98573528125492], [-82.41690622249105, 27.985716852469718], [-82.41690621089478, 27.985714101958013], [-82.41690613611154, 27.985696774100585], [-82.41690581162732, 27.985621135948016], [-82.41690560725655, 27.985573553369814], [-82.41690516160723, 27.98546958531071], [-82.4169048971822, 27.98540797494356], [-82.41690457583631, 27.985332887248646], [-82.4169044272614, 27.985298224309492], [-82.41690375480223, 27.98514136575484]], [[-82.42286970680023, 27.985756747224567], [-82.42290347968294, 27.98575663075374], [-82.42295584427384, 27.985756450788195], [-82.42303950237414, 27.98575616192368], [-82.42304043150685, 27.98575615996834], [-82.42310766824167, 27.98575592878767], [-82.42316065190438, 27.98575574503493], [-82.42318234104818, 27.98575567198836], [-82.42318884799495, 27.985755650163334], [-82.42327219604698, 27.985755363013645], [-82.42340264090195, 27.985754910086975], [-82.42340852776547, 27.98575489377003], [-82.4234457091286, 27.985754762161438], [-82.42351511519287, 27.98575452681022], [-82.42363068687875, 27.98575412397508], [-82.42363657374558, 27.985754108550733], [-82.42375183641835, 27.985753711980063], [-82.42377352555296, 27.98575363703547], [-82.42392008274851, 27.985753132169894], [-82.42402016319278, 27.985752779459165], [-82.42408119591062, 27.985752570537883], [-82.42413384760414, 27.98575250294228], [-82.424230325168, 27.985752366035594], [-82.42424857342256, 27.98575234043252], [-82.42434845645712, 27.985752198353293], [-82.42437071706892, 27.985752166671922], [-82.42439020247464, 27.985752139037814], [-82.42445517381884, 27.985752046842492], [-82.42449225382803, 27.98575199377344], [-82.42456090206292, 27.98575189559483], [-82.42458285668828, 27.9857518639212], [-82.4247281971921, 27.985751657038378], [-82.42476561571546, 27.985751603752735], [-82.42488003147263, 27.98575144077138], [-82.42497867836434, 27.98575130024817], [-82.42503248381763, 27.985751223329235], [-82.42508505516885, 27.985751148398492], [-82.42518475619802, 27.98575099815274]], [[-82.42518475619802, 27.98575099815274], [-82.42518447898415, 27.985620728929693], [-82.42518426395358, 27.985519527036125], [-82.4251838146071, 27.98530831849085], [-82.42518336711473, 27.98509809897468]], [[-82.42518172656007, 27.985804052070417], [-82.42518475619802, 27.98575099815274]], [[-82.4261424885984, 27.98580358203446], [-82.42609694148356, 27.985803604024966], [-82.42609074451762, 27.98580360788152], [-82.42595998805957, 27.985803671774832], [-82.42595410114566, 27.985803675567436], [-82.42580847236214, 27.98580374566763], [-82.42578616388745, 27.98580375787697], [-82.42571799721664, 27.985803789300977], [-82.42566625212748, 27.9858038176987], [-82.42562907131446, 27.985803832592715], [-82.42560645177774, 27.985803846637882], [-82.42536941871384, 27.98580396355047], [-82.42536291167397, 27.98580396201632], [-82.42518172656007, 27.985804052070417]], [[-82.42644264320506, 27.98580294323273], [-82.42644134097459, 27.98558125316723], [-82.42644058973262, 27.98545335515323], [-82.42644056218562, 27.98544867895111], [-82.42643988302488, 27.985333158164064], [-82.42643852726319, 27.98510250641729]], [[-82.42801177374298, 27.985802778080146], [-82.42770192565501, 27.98580301278065], [-82.4276182676865, 27.98580307617131], [-82.4274261618679, 27.985803222084535], [-82.42741996490639, 27.985803226903393], [-82.42737619073326, 27.985803260953833], [-82.4273606982618, 27.985803255849234], [-82.4273266148238, 27.985803244432493], [-82.42727394143563, 27.985803226686613], [-82.42720577455894, 27.985803203801666], [-82.42706324483062, 27.985803155510858], [-82.42705704784045, 27.985803153094167], [-82.42686494219845, 27.985803087961465], [-82.42676579037445, 27.985803054532333], [-82.42660466967234, 27.985802999377587], [-82.42644264320506, 27.98580294323273]], [[-82.42877387800516, 27.98580065619746], [-82.42879897591321, 27.985800640221786], [-82.4288538184471, 27.985800608207057], [-82.42893778751389, 27.98580055482599], [-82.42903755803029, 27.985800492713608], [-82.42916893349332, 27.98580041674369], [-82.42925290253922, 27.985800358658263], [-82.42933749072901, 27.985800314832293], [-82.42936103936326, 27.98580029185873], [-82.42946080991418, 27.985800239365744], [-82.42953052576335, 27.985800196736744], [-82.42953827192389, 27.98580018066788], [-82.42971241619878, 27.985800079799525], [-82.42977137251354, 27.985799984031633], [-82.42981041346351, 27.985799927913504], [-82.42987919888185, 27.985799816724924], [-82.42993311207975, 27.98579973664945], [-82.43003350333642, 27.985799580730948], [-82.43005798103653, 27.985799539392325], [-82.43015713209786, 27.98579938726132], [-82.43021166537272, 27.985799300625363], [-82.4303668989385, 27.985799058644], [-82.43048247147225, 27.985798878357976], [-82.43065784509199, 27.985798605499195], [-82.43065752373658, 27.985622296449165], [-82.43065736098916, 27.985534004311475], [-82.4306571703611, 27.98542948422971], [-82.43065708374299, 27.98538107564486], [-82.43065676534613, 27.98520806668658], [-82.43065656209131, 27.985097552835146]], [[-82.42847984001935, 27.985803064193522], [-82.42842449097847, 27.98580303176092], [-82.4283414516512, 27.98580298086331], [-82.42828908724336, 27.985802948105427], [-82.42801177374298, 27.985802778080146]], [[-82.4154686666606, 27.985846622926708], [-82.41546797185069, 27.98571230213048], [-82.41546714583275, 27.98555250216775], [-82.4154662488108, 27.985378950581943], [-82.41546607756638, 27.98534594453214], [-82.41546502043575, 27.98514149398527]], [[-82.43086198329189, 27.985830520596597], [-82.43088203340025, 27.985830620220646], [-82.4310447001693, 27.985831411811542], [-82.43119187621784, 27.985832127241157], [-82.43123370461288, 27.985832330898347], [-82.43129846207496, 27.985832645834353]], [[-82.43199437379481, 27.985830295835797], [-82.43210281929424, 27.985829882092837], [-82.43225092546014, 27.985829314753037], [-82.4324132836511, 27.985828694326692], [-82.43245201418019, 27.98582854548637], [-82.43245554469101, 27.985828540702833], [-82.4325785537118, 27.985828946204705], [-82.43260891788914, 27.985829046527567], [-82.43267526700242, 27.98582903545382], [-82.43276203581736, 27.985829015148486], [-82.43280913322437, 27.985829004120514], [-82.43292594556823, 27.98582897670366], [-82.43301146400736, 27.985828956566962], [-82.43312796629674, 27.985828929052246], [-82.43319799230035, 27.985828912464477], [-82.43329962124132, 27.985828888332183], [-82.4333374231855, 27.985828879334036], [-82.43348553044108, 27.985828843985203], [-82.43352426152391, 27.985828834714624], [-82.43366276326483, 27.985828801475716], [-82.43369188880637, 27.985828787249197]], [[-82.43129846207496, 27.985832645834353], [-82.43140721782603, 27.985832279494666], [-82.43152495887021, 27.985831882171794], [-82.43159374482995, 27.985831649200996], [-82.43160211105175, 27.985831622046124], [-82.43172945747659, 27.985831189894647], [-82.43175021648334, 27.98583112292847], [-82.43183728308539, 27.985830828841745], [-82.4319516166417, 27.985830442754292], [-82.43199437379481, 27.985830295835797]], [[-82.4176217224774, 27.985876174511457], [-82.41762166702601, 27.985853076585443], [-82.41762165290906, 27.985847302104716], [-82.41762147350823, 27.985772775288336], [-82.41762139196754, 27.985738948684812], [-82.41762131043053, 27.985705122983525], [-82.41762112886666, 27.985629770466712], [-82.41762094836422, 27.98555469318101], [-82.41762069933941, 27.98545101420603], [-82.41762065261608, 27.985431764129935], [-82.41762057108086, 27.985397938427127], [-82.41762039058138, 27.985322861138886], [-82.41762027639649, 27.985275284605173], [-82.41761994190877, 27.985135703487494]], [[-82.44076541873027, 27.985817881263227], [-82.44064533903753, 27.985817610865283], [-82.44063790482075, 27.985817590463977], [-82.44052297384393, 27.98581727548981], [-82.44046907094423, 27.985817127764495], [-82.4404306576054, 27.98581702246499], [-82.44040680467795, 27.985816957164968], [-82.44024478694224, 27.985816513875744], [-82.44012954590757, 27.98581619776036], [-82.4399077403114, 27.98581558982972], [-82.43988481653287, 27.985815526881854], [-82.43986096258816, 27.9858154614904], [-82.43979569413705, 27.98581522441277], [-82.43953795141768, 27.98581974276932], [-82.4395292776884, 27.98581989411717], [-82.43939854765988, 27.985822185213877], [-82.43932946483007, 27.98582339763782], [-82.43929043153258, 27.985824081803052], [-82.43923652897566, 27.985825023703487], [-82.43915164679584, 27.985826511191473], [-82.43908225495275, 27.98582773079476], [-82.43886083345444, 27.985831610336426]], [[-82.43886083345444, 27.985831610336426], [-82.43884393413151, 27.985111786462465]], [[-82.43632600344037, 27.98584400917939], [-82.43634235662878, 27.985843937448376], [-82.43634855349931, 27.985843910569958], [-82.43643902720478, 27.985843519739515], [-82.43644460499517, 27.985843494821204], [-82.4366531292855, 27.985842592943044], [-82.43672191495352, 27.98584229514217], [-82.43696111455432, 27.985841260200484], [-82.43704876210329, 27.98584185345154], [-82.43707231003341, 27.985841909474253], [-82.43725109193194, 27.985842335694702], [-82.43725883822283, 27.985842352579727], [-82.43727649917477, 27.98584239569816], [-82.43729354102487, 27.985842435368166], [-82.43748936375074, 27.98584290004768], [-82.43762197792326, 27.98584321724443], [-82.4377084253791, 27.985843423150282], [-82.43773166324182, 27.98584347553478], [-82.43789588270039, 27.985843865142193], [-82.43791603170247, 27.985843532976805], [-82.43792718487953, 27.985843391884433], [-82.4381214394562, 27.98584094136383], [-82.4381756571985, 27.985840257887535], [-82.4382775869952, 27.98583897206263], [-82.4383776575852, 27.985837709233664], [-82.4384467469006, 27.985836837475155], [-82.43857841882945, 27.985835175965715], [-82.43861094926517, 27.98583476541414], [-82.43886083345444, 27.985831610336426]], [[-82.42171571444719, 27.985941471648594], [-82.42171554037168, 27.985901957451528], [-82.42171539455956, 27.985868400878704], [-82.4217151306562, 27.985807889679517], [-82.4217149816899, 27.985773783548208], [-82.42171471987166, 27.98571354667445], [-82.4217146358105, 27.985694293111006], [-82.42171407285433, 27.985565019179013], [-82.42171404625965, 27.985558967698516], [-82.42171298103571, 27.98531444760626], [-82.42171214354437, 27.985122186281103], [-82.42177662034322, 27.9851217981726], [-82.42179515076317, 27.985121686301646], [-82.42195156300674, 27.985120744526853], [-82.42241144758464, 27.985117974831397]], [[-82.41620986567759, 27.98600895100691], [-82.41620961290897, 27.98593439101573], [-82.41620916803575, 27.985802921092645], [-82.41620876776618, 27.985684654199087], [-82.41620827407849, 27.98553888211579], [-82.41620773052114, 27.985378533544072], [-82.4162071869721, 27.985218185870995], [-82.41620690978358, 27.9851362045212]], [[-82.41709521707993, 27.986018769234164], [-82.41706206538771, 27.98601840141108], [-82.41705648927615, 27.986018339809373], [-82.41678229399528, 27.986015300512683], [-82.41675998649312, 27.98601505226356], [-82.41667416519832, 27.98601410124431], [-82.41649446698457, 27.986012109734958], [-82.4164402480572, 27.98601150685643], [-82.41630702320437, 27.98601002953597], [-82.41620986567759, 27.98600895100691]], [[-82.41122486275451, 27.986058902184613], [-82.41125186874723, 27.98605885753583], [-82.41138858621127, 27.986058633677136], [-82.41152097413242, 27.986058416319533], [-82.41154231685736, 27.986058381338562], [-82.41172048260852, 27.986058089075353], [-82.4118049274189, 27.98605795087806], [-82.41185781915094, 27.986057863799488], [-82.41200505497434, 27.986057622269954], [-82.41204248174483, 27.986057560688952], [-82.41206506162504, 27.98605752372546], [-82.41207093938836, 27.986057514237768], [-82.4121466631047, 27.98605738932462]], [[-82.41499764989793, 27.986149585349988], [-82.41500813922725, 27.98610693736741], [-82.41503325089523, 27.986004829654885], [-82.41506449554124, 27.985877788778474], [-82.41515928135219, 27.985870389008387], [-82.41522898002574, 27.985865034872994], [-82.4152502606668, 27.985863400432986], [-82.4154686666606, 27.985846622926708]], [[-82.42170014731288, 27.986147244498042], [-82.42169989916665, 27.986172823168154], [-82.42169984336579, 27.986178599665692], [-82.42169920261696, 27.986244884547254], [-82.42169755735834, 27.986414861219853], [-82.42169697038359, 27.986475371412947], [-82.42169612033234, 27.986563109925353], [-82.42169580247509, 27.986596115641547], [-82.42169469534103, 27.986710532885688], [-82.42169437545037, 27.98674353860744], [-82.42169430664426, 27.986750414279673], [-82.4216936569074, 27.986817524888462], [-82.42169323643017, 27.98686125696238], [-82.42169221262665, 27.986967045103146]], [[-82.42800637648268, 27.986162841874055], [-82.42800655193362, 27.986151152416596], [-82.42800691490503, 27.986126968514732], [-82.42801177374298, 27.985802778080146]], [[-82.41508721546428, 27.98623392237512], [-82.41513267893491, 27.986236953526582], [-82.41523309290623, 27.986243648610575], [-82.41546946316122, 27.986259408317583]], [[-82.41762218207998, 27.986231583798265], [-82.41762224565315, 27.986246236040678], [-82.41762232094453, 27.986266040107672], [-82.41762271227492, 27.98635625648224], [-82.41762285585014, 27.986390088308827], [-82.41762287408129, 27.986396138914145], [-82.41762373637133, 27.986598027122255], [-82.41762417362779, 27.986702271319647], [-82.41762426315286, 27.98672207534209], [-82.41762440164429, 27.986755906279914], [-82.41762488078068, 27.986867852418634], [-82.41762519973045, 27.986943766706297], [-82.41762534330971, 27.986977598530018], [-82.41762548794627, 27.987011704682995], [-82.41762604428457, 27.98714262917095], [-82.41762630397339, 27.98720369086707], [-82.41762672415558, 27.98730270925008]], [[-82.42642951731344, 27.986219453231925], [-82.42643058822475, 27.98618546516269], [-82.42643070930792, 27.986181617814754], [-82.42643344580459, 27.986094775859527], [-82.42643408654085, 27.986074439875047], [-82.42643634603552, 27.9860027842457], [-82.42644264320506, 27.98580294323273]], [[-82.41546946316122, 27.986259408317583], [-82.41546939520532, 27.986224177518366], [-82.41546908771915, 27.98606466838217], [-82.41546875184082, 27.985890856122484], [-82.4154686666606, 27.985846622926708]], [[-82.44290865104473, 27.98622289452814], [-82.4429238327846, 27.985148074230995], [-82.44300893669566, 27.985149998419967]], [[-82.44269861498567, 27.98623610156722], [-82.44258413905672, 27.986236298520247], [-82.44248470009391, 27.986236469563625], [-82.44243203817807, 27.986236560462515], [-82.44233198012772, 27.9862367324845], [-82.44223223212884, 27.9862369043392], [-82.44218018828008, 27.98623699405683], [-82.44196923054905, 27.986237356256577], [-82.44185430325469, 27.986237553150104], [-82.44180164133427, 27.986237643807645], [-82.4417750003229, 27.98623768967351], [-82.44170611627821, 27.98623759686932], [-82.4415593437041, 27.986235981773003], [-82.44152218546138, 27.986235573150594], [-82.44145437326844, 27.986234827045294], [-82.4414181442086, 27.986234428046163], [-82.44123947843518, 27.986232461049358], [-82.44115587315152, 27.98623154076111], [-82.44107133969896, 27.986230609862332], [-82.44091369682299, 27.986228207743586], [-82.44091358492382, 27.98621844313757], [-82.44090632523059, 27.98559135549092], [-82.44090071198008, 27.985107838467513]], [[-82.42517473931737, 27.98642485941025], [-82.425177595241, 27.98617099820352], [-82.42518172656007, 27.985804052070417]], [[-82.42800469926559, 27.986503191765497], [-82.42781197352366, 27.986503697510756], [-82.42749654783238, 27.986504523948035], [-82.4272703589128, 27.986505115792784], [-82.42720727010816, 27.986505280179145], [-82.42718620090216, 27.986505345619285], [-82.42713321681974, 27.98650551017155], [-82.42707899355116, 27.986505678551204], [-82.42704429025243, 27.986505786304228], [-82.42692840656588, 27.986506146057224], [-82.42689246509711, 27.986506257615233], [-82.42673258268934, 27.98650675375722], [-82.42668021870426, 27.986506916211063], [-82.42664272698117, 27.98650703251301], [-82.42642843931809, 27.986507694344926], [-82.4262871342914, 27.986507815625203], [-82.4261718706729, 27.98650790931536], [-82.42614987112722, 27.986507930554126], [-82.42597387669355, 27.98650807506397], [-82.42592120219457, 27.986508121779686], [-82.42588402018819, 27.986508152991608], [-82.42580067071769, 27.98650822064264], [-82.42576348871081, 27.98650825182199], [-82.42574148916053, 27.986508272093005], [-82.42558067717904, 27.986508406102207], [-82.4254511602539, 27.986508513510863], [-82.4254288506451, 27.98650853288617], [-82.4253458112279, 27.986508601107314], [-82.42532443177781, 27.986508619393987], [-82.42522651895021, 27.986508701049335], [-82.42517473931737, 27.98642485941025]], [[-82.42861268342051, 27.98650246168066], [-82.42859657083923, 27.986502481208717], [-82.4285878954606, 27.986502491998774], [-82.42843111140155, 27.986502681762914], [-82.42839392945723, 27.98650272628694], [-82.42829508766492, 27.986502846409408], [-82.42821204839582, 27.986502946140146], [-82.42820523130094, 27.986502954730213], [-82.42800469926559, 27.986503191765497]], [[-82.42893546458238, 27.986503845915763], [-82.42898504022575, 27.98650371566512], [-82.42912323253213, 27.986503352259597], [-82.42929395886178, 27.98650290612416], [-82.42942657430181, 27.986502555308274], [-82.42946468517988, 27.986502457972005], [-82.42951890852284, 27.986502312114247], [-82.42960442671907, 27.98650209105041], [-82.4296580309873, 27.986501949778667], [-82.42968126955456, 27.986501885304445], [-82.42977630986233, 27.986501636190926], [-82.42989704548523, 27.986506115640815], [-82.42995865166544, 27.986508401087292], [-82.4299982783695, 27.98650987086183], [-82.43011467972269, 27.98651418860338], [-82.43019950477722, 27.986517336226523], [-82.43028401973532, 27.986520472133698], [-82.43035336622165, 27.986523042714598], [-82.4304233308933, 27.986525640203055], [-82.4306436564558, 27.9865338112923]], [[-82.4306436564558, 27.9865338112923], [-82.43087042821132, 27.98653944591734], [-82.43087848127946, 27.986539648096606], [-82.43103953943572, 27.986543650984714], [-82.43104728342371, 27.986543842391413], [-82.4310702032863, 27.98654441307501], [-82.43121608558171, 27.986548037381308], [-82.43125325207131, 27.986548961330268], [-82.43138333834857, 27.986552195512573], [-82.43142267441456, 27.986553172170062], [-82.43153727372668, 27.986556020724752], [-82.43159054634289, 27.98655734435047], [-82.43165620914962, 27.98655897649842], [-82.43173243209479, 27.986558819379255], [-82.4317559807869, 27.98655877072669], [-82.43190098949934, 27.986558472470428], [-82.43204734107975, 27.986558168940643], [-82.43211705700112, 27.986558025731373], [-82.4322016462725, 27.986557854700813], [-82.43227105213468, 27.986557710582975], [-82.43240273774603, 27.986557436523942], [-82.43257904135355, 27.986557074357787], [-82.43267757378524, 27.986556870010098]], [[-82.44076543396446, 27.986510060298077], [-82.44073443693422, 27.986510119922244], [-82.44066565111405, 27.98650997665108], [-82.44056618899234, 27.986509768274367], [-82.4405429510143, 27.986509721784813], [-82.44035146407167, 27.98650932248164], [-82.44028205812033, 27.986509173784757], [-82.4401212474692, 27.986508837490813], [-82.44009800848488, 27.98650879363651], [-82.4399536186406, 27.98650849213648], [-82.43990032546104, 27.986508374727475], [-82.43978630083643, 27.986508135656845], [-82.43968683975842, 27.986507934762493], [-82.43958479450993, 27.986507722202322], [-82.43954895703784, 27.986507647229566], [-82.43951253044091, 27.986507441475947], [-82.43946643084777, 27.986509662515196], [-82.43938289419921, 27.986513687936448], [-82.43923655081511, 27.986520740239108], [-82.43918271660898, 27.98652333240863], [-82.43900605276141, 27.98653184391682], [-82.43885883423054, 27.98653893921967]], [[-82.43267757378524, 27.986556870010098], [-82.43271258651207, 27.98655686093189], [-82.43276309279014, 27.98655684731422], [-82.43288765217012, 27.986556813595975], [-82.43291120001491, 27.986556808063913], [-82.43318077013889, 27.986556735395848], [-82.43323530305459, 27.98655672155663], [-82.43327434443817, 27.986556708669696], [-82.4333127657243, 27.986556698627687], [-82.43344383217305, 27.986556664660892], [-82.43352904110596, 27.986556638856246], [-82.43361394000569, 27.986556618488265], [-82.4337340864274, 27.986556581672392], [-82.43377064802468, 27.986556477199567], [-82.43384067376034, 27.98655627709255], [-82.43391039046139, 27.986556077924824], [-82.43401170997667, 27.986555788026337], [-82.43409598889801, 27.98655554732449], [-82.43413471982959, 27.986555435908148], [-82.43426516581799, 27.986555062908852], [-82.43428933453048, 27.9865549938167], [-82.43449631222711, 27.98655440148558], [-82.43455115563296, 27.986554244465538], [-82.43476448683434, 27.986553637071676]], [[-82.43885883423054, 27.98653893921967], [-82.43886083345444, 27.985831610336426]], [[-82.41345092857154, 27.98664178790565], [-82.41341180435933, 27.986641963262834], [-82.41306322710308, 27.9866435249289]], [[-82.41306322710308, 27.9866435249289], [-82.41306269432035, 27.986563211091184], [-82.41306219477235, 27.986487882970856], [-82.41306188138851, 27.98644059669792], [-82.41306184311996, 27.98643482319027], [-82.41306088540601, 27.986290489110054], [-82.41306029795376, 27.986201963496256], [-82.4130601697177, 27.986182719073696], [-82.4130596712257, 27.98610766618124], [-82.41305932475127, 27.986055430283045], [-82.41305880971589, 27.98597790302904], [-82.41305870008863, 27.985961407292606], [-82.41305834595126, 27.98590796038128], [-82.4130606989138, 27.985758746939897], [-82.41306100270087, 27.985739497609032], [-82.41306109858587, 27.985733448462675], [-82.41306425957201, 27.98553298288548], [-82.41306632854547, 27.985401813990176], [-82.41306730449078, 27.985339940881293], [-82.41307037212354, 27.985145391777664]], [[-82.43476436454411, 27.98658954792551], [-82.43476448683434, 27.986553637071676]], [[-82.41032683140322, 27.986750421355747], [-82.41034501376738, 27.986750395085437], [-82.41036358852509, 27.986750367642024], [-82.41058896809683, 27.986750039738453], [-82.41073634425007, 27.986749825310937], [-82.41084561530752, 27.98674966589756], [-82.41098678631758, 27.986749460712776], [-82.41113043368776, 27.98674925159051], [-82.41128120313732, 27.986749030948047], [-82.41132756582206, 27.986748963594195], [-82.41154298113305, 27.986750034687713], [-82.4116938681202, 27.986750784234957], [-82.41185993692613, 27.986751609079043], [-82.41200431669445, 27.98675232633374], [-82.41207309844651, 27.9867526680428], [-82.41226239440151, 27.98675360870653]], [[-82.42240556882874, 27.986905793397405], [-82.42240563008798, 27.986866736007798], [-82.4224056319246, 27.986865903077845], [-82.42240565975543, 27.986847482099634], [-82.42240568421427, 27.98683289095927], [-82.42240571238969, 27.986814819212572], [-82.42240571313896, 27.986814750627104], [-82.42240593790909, 27.98667210059158], [-82.42240594305692, 27.986669248058075], [-82.42240609864739, 27.986570926411694], [-82.42240610627984, 27.98656610300729], [-82.42240635878566, 27.986406571498893], [-82.42240669172982, 27.986354016829033], [-82.42240674894077, 27.986344960067218], [-82.42240708193422, 27.986292418030498], [-82.42240713909945, 27.98628334953738], [-82.42240720706799, 27.986272618771963], [-82.42240726421565, 27.986263545766818], [-82.42240874988491, 27.98602942988951], [-82.42240904112501, 27.98593096072461], [-82.42240913822624, 27.985898230015902], [-82.422409572261, 27.985751626762948], [-82.4224098768515, 27.98564875740181], [-82.42240989008421, 27.985643805837324], [-82.42241023844703, 27.985526083573266], [-82.42241038033733, 27.98547849995804], [-82.42241068685081, 27.98537508011682], [-82.42241086855584, 27.985313193178673], [-82.42241144758464, 27.985117974831397]], [[-82.41495634291958, 27.986947818876224], [-82.4149361263403, 27.986947840162017], [-82.41493055044008, 27.986947846154635], [-82.41481467642235, 27.98694797097525], [-82.41466782133703, 27.98694812864499], [-82.41466100521694, 27.98694813565856], [-82.41451445916468, 27.98694829223287], [-82.4143518024699, 27.986948466504913], [-82.41413492788735, 27.986948698264555], [-82.41413490888431, 27.986934945587308], [-82.41413471844788, 27.986794119602287], [-82.41413463217084, 27.986730036990878], [-82.4141343991069, 27.98655756810774], [-82.41413435326946, 27.98652402203971], [-82.4141340653963, 27.98631140056231], [-82.41413385249747, 27.986153518171346], [-82.41413382566402, 27.9861339909913], [-82.41413369387496, 27.986036179113068], [-82.41413368023035, 27.986024626494714], [-82.41413356597162, 27.985891228002846], [-82.4141334658897, 27.985773777767367], [-82.41413338969443, 27.985684661344788], [-82.41413315983257, 27.98541538001298], [-82.4141331551278, 27.985410157777036], [-82.41413292682107, 27.985142877074225]], [[-82.42244328586615, 27.986939710140486], [-82.42244276446392, 27.986410022402097], [-82.42297879920345, 27.986412069452296], [-82.42304665532009, 27.98641232910926], [-82.42327098438386, 27.98641318476752], [-82.42328251655879, 27.986413234104337], [-82.42335377854383, 27.986413844994516], [-82.4234213228007, 27.986414423074805], [-82.4234585030997, 27.986414741766783], [-82.42375811390593, 27.98641730772267], [-82.4239028062954, 27.986418546655205], [-82.42403293785043, 27.98641966067354], [-82.42408284095623, 27.98642008616271], [-82.42420677935958, 27.986420628935846], [-82.42427494568193, 27.986420926736017], [-82.42443637485158, 27.986421633395945], [-82.42464490154697, 27.98642254550286], [-82.42472886972126, 27.986422912506136], [-82.42492283277036, 27.98642376087441], [-82.42517473931737, 27.98642485941025]], [[-82.42034644729279, 27.986959679626466], [-82.4210014541232, 27.986962356141554]], [[-82.4210014541232, 27.986962356141554], [-82.42169221262665, 27.986967045103146]], [[-82.41964780486761, 27.986966699584197], [-82.42034644729279, 27.986959679626466]], [[-82.42169221262665, 27.986967045103146], [-82.42244328586615, 27.986939710140486]], [[-82.41832437755615, 27.986987996948972], [-82.41900457488157, 27.986997645153245]], [[-82.41900457488157, 27.986997645153245], [-82.41964780486761, 27.986966699584197]], [[-82.44057078393422, 27.98695867479865], [-82.44051065379952, 27.986958491092125], [-82.44017942522389, 27.98695748774321], [-82.43990149123906, 27.986956645237427], [-82.43990067372123, 27.987124155658417], [-82.43989963955961, 27.987336219585373], [-82.43977632199899, 27.98733534696535], [-82.43958391070096, 27.98733398578861], [-82.43956191232567, 27.987333829591048], [-82.43949405681583, 27.987333349776208], [-82.4394413833255, 27.98733297753807], [-82.43924773176457, 27.98733160631747], [-82.43917956720479, 27.98733112372481], [-82.43915725876631, 27.987330965745343], [-82.43905810902486, 27.9873302643764], [-82.43897445136258, 27.987329671412915], [-82.43885785663659, 27.98732884689994]], [[-82.44102884755964, 27.986961190883896], [-82.44177512622407, 27.98695667430421], [-82.44177690700802, 27.986956611732595], [-82.44183137479041, 27.986956539645558], [-82.44207060201136, 27.98695622485506], [-82.44214085406585, 27.98695613259357], [-82.44214797106748, 27.986956123250835], [-82.44228011999006, 27.98695594923728], [-82.44233458776885, 27.98695587695098], [-82.44238843747429, 27.98695580572869], [-82.44244290525234, 27.98695573339947], [-82.44251284826507, 27.98695564103969], [-82.44267563352612, 27.986955425828835], [-82.44278487913631, 27.986955281728005], [-82.44295354650656, 27.986955118541854]], [[-82.44295354650656, 27.986955118541854], [-82.44300443625933, 27.98695537335644], [-82.44301117487406, 27.986245755342726], [-82.44301110893177, 27.986230865813674], [-82.44301057856177, 27.986110310247735], [-82.44301040173755, 27.98607003361465], [-82.44300876944897, 27.98569928158443], [-82.44300790976729, 27.985504121336096], [-82.44300893669566, 27.985149998419967]], [[-82.43065089224346, 27.987160324213967], [-82.43064972880727, 27.987059660490438], [-82.43064837679277, 27.98694249319192], [-82.43064639254865, 27.986770594037573], [-82.4306436564558, 27.9865338112923]], [[-82.41306355948603, 27.987216727840018], [-82.41306354454655, 27.987191469416903], [-82.41306351789409, 27.98714499987156], [-82.41306341909822, 27.986973974437344], [-82.41306334327626, 27.986843918365746], [-82.41306331554807, 27.98679689925331], [-82.413063255983, 27.986693513871874], [-82.41306322710308, 27.9866435249289]], [[-82.42529832400757, 27.987205968624316], [-82.42532311245986, 27.987206021015563], [-82.4253451113983, 27.987206067590552], [-82.42544705268763, 27.987206282911146], [-82.42546998078494, 27.987206331104037], [-82.42549415013411, 27.987206381770005], [-82.42551677325444, 27.987206429093742], [-82.42571197621272, 27.987206841149995], [-82.42578324097755, 27.98720699144195], [-82.42588394304535, 27.98720720395814], [-82.42593878078328, 27.98720731930536], [-82.42602523030472, 27.98720750185797], [-82.42608813465961, 27.98720763457238], [-82.42620587776781, 27.987207882495568], [-82.42624398757177, 27.98720796292542], [-82.42641797639081, 27.987208329628377], [-82.42642600953519, 27.987889171800866]], [[-82.42905990638356, 27.987207766679532], [-82.42912463576717, 27.987207200163716], [-82.42917883478333, 27.987206726036096], [-82.42918595871723, 27.987206664100217], [-82.42932594682836, 27.987205438493607], [-82.42934917584785, 27.98720523513305], [-82.42943465489591, 27.987204486383124], [-82.4295043399188, 27.98720387624094], [-82.42960499492877, 27.987202994264084], [-82.42967498999381, 27.98720238126222], [-82.4297601600058, 27.987201635080268], [-82.42980475674743, 27.987201243951578], [-82.42992832448579, 27.987204739914915], [-82.42995464867975, 27.987205485135643], [-82.43009091389418, 27.987209340123993], [-82.4301293163949, 27.98721042745551], [-82.43016926731161, 27.987211556858743], [-82.43022346311122, 27.98721309109263], [-82.43024669045603, 27.987213746679387], [-82.43036344537013, 27.987217051496973], [-82.43041795125525, 27.987218591903186], [-82.43042507420884, 27.98721879521451], [-82.43056471181727, 27.987222744761148], [-82.43065089224346, 27.987160324213967]], [[-82.42878885026714, 27.98723736726379], [-82.42872882526576, 27.987233740801965], [-82.42857054686081, 27.987224177638563], [-82.42837888217773, 27.98721259671746], [-82.42831149033226, 27.987208524667366], [-82.42800513645862, 27.987190013376324], [-82.42800501658238, 27.98700160148055], [-82.42800493527263, 27.986873151864025], [-82.42800469926559, 27.986503191765497]], [[-82.41621749162701, 27.98730226237248], [-82.41621657522703, 27.987179316264722], [-82.41621403548464, 27.98683880756265], [-82.416213157466, 27.986721087188442], [-82.41621275604001, 27.98666711614583], [-82.41621191407012, 27.986475129997523], [-82.41621145995505, 27.986371435400592], [-82.41621081671244, 27.986225107899642], [-82.41621061060542, 27.986177524425067], [-82.41620986567759, 27.98600895100691]], [[-82.41762672415558, 27.98730270925008], [-82.41723507736461, 27.9873047551927], [-82.41697542571316, 27.98730611114238], [-82.41691884300103, 27.98730640810763]], [[-82.41691884300103, 27.98730640810763], [-82.41662232124985, 27.98730465625261], [-82.41650519943342, 27.987303964184537], [-82.41621749162701, 27.98730226237248]], [[-82.4315790876464, 27.987316092618418], [-82.43179877183977, 27.987315956276145], [-82.43188525809096, 27.98731590220756], [-82.43194006375671, 27.987315868169393], [-82.43196361274939, 27.98731585377054], [-82.43198658229205, 27.987315839382834], [-82.4321030321344, 27.987315767767733], [-82.43218922459135, 27.98731571352858], [-82.43233635673191, 27.98731562110125], [-82.43245317558308, 27.987315548029724], [-82.43246066165145, 27.98731554344213], [-82.43254737459391, 27.987315489146795], [-82.43266017186724, 27.987315418620444]], [[-82.43266017186724, 27.987315418620444], [-82.4326663463275, 27.987046197011495], [-82.43267156228846, 27.986818775294154], [-82.43267235014513, 27.986784400951738], [-82.43267757378524, 27.986556870010098]], [[-82.41284867543078, 27.987402598178537], [-82.41286980739999, 27.987401608871938], [-82.41294221572369, 27.987398219520916], [-82.41318330268192, 27.987386935467875], [-82.41329599496211, 27.987381660694087], [-82.41345425648076, 27.98737425362039], [-82.41361282492754, 27.987366831905536], [-82.41371288433673, 27.98736214795772], [-82.41378179003519, 27.98736370037347], [-82.41378829366106, 27.98736384685077], [-82.41413409199895, 27.9873716379608], [-82.41413404457784, 27.98741509638064], [-82.41413373746758, 27.987698401804963], [-82.41413373303862, 27.987703627676325], [-82.41413358979909, 27.987834278166847], [-82.4141332858299, 27.988114677803548]], [[-82.43885785663659, 27.98732884689994], [-82.43885800021584, 27.98724405070422], [-82.43885828259909, 27.98710817502275], [-82.43885865916874, 27.986942084587966], [-82.43885883423054, 27.98653893921967]], [[-82.40953293328651, 27.98743654949663], [-82.40955036347474, 27.9874365174485], [-82.40969768446246, 27.987436250146516], [-82.40984438736925, 27.987435983626124], [-82.40986114451562, 27.987435934593556], [-82.40994404625064, 27.987435803031396], [-82.41012200780823, 27.98743548004105], [-82.41012819773117, 27.987435468802605], [-82.41030646933835, 27.987435144649055], [-82.41034608525011, 27.987435072483276], [-82.41039985289908, 27.987434975225266], [-82.41045919759817, 27.987434900106237], [-82.4106059872099, 27.98743471463407], [-82.41078374581097, 27.987434489756147], [-82.41082090778866, 27.987434442830956], [-82.41098999498462, 27.987434228246354], [-82.41109157030824, 27.987434099750082], [-82.41111386789859, 27.98743407100358], [-82.41127676108653, 27.98743386375183], [-82.41132325930229, 27.987433805016046], [-82.41151422206104, 27.987434596427505], [-82.4116288505444, 27.987435070994987], [-82.41169824755713, 27.987435358706993], [-82.41173542351126, 27.98743551273038], [-82.41183642043751, 27.98743593047141], [-82.41193710730283, 27.987436347262086], [-82.41200681335923, 27.98743663569759], [-82.4120917002657, 27.987436986902978], [-82.41225597936695, 27.987437665920414]], [[-82.44200883905113, 27.98744878375813], [-82.44203039692853, 27.98744885615338], [-82.44206370599584, 27.987449063135955], [-82.44213371856965, 27.987449496846946], [-82.44218892734195, 27.98744983914696], [-82.44230489453413, 27.98745055817328], [-82.4425550271633, 27.987452107932473], [-82.44256335315947, 27.98745215965118], [-82.44294766774979, 27.987454602503124]], [[-82.44294766774979, 27.987454602503124], [-82.44295008217011, 27.98724940870818], [-82.4429527692134, 27.98702112771325], [-82.44295289910053, 27.98701012603322], [-82.44295354650656, 27.986955118541854]], [[-82.4154959407898, 27.987565131398814], [-82.41549456372202, 27.987516445112444], [-82.41549404277221, 27.987498028493302], [-82.41548910489776, 27.9873234568067], [-82.41548657773785, 27.987234107776427], [-82.41548206789204, 27.98707465647901], [-82.4154819044563, 27.98706888335165], [-82.41547862935835, 27.986953080614267], [-82.41547789761233, 27.98689770641588], [-82.415475786684, 27.986737929312838], [-82.41547570345307, 27.98673159825332], [-82.41547360280528, 27.986572644113544], [-82.4154731518711, 27.986538545192975], [-82.41547142512682, 27.986407912971444], [-82.41546946316122, 27.986259408317583]], [[-82.41692279545234, 27.987666592233968], [-82.41692253261573, 27.987642663821468], [-82.41692247591595, 27.987637438136314], [-82.41692164616049, 27.987561801536756], [-82.41692082466606, 27.987486990616613], [-82.41691884300103, 27.98730640810763]], [[-82.41762885660228, 27.98770678396878], [-82.41762874029703, 27.98768477995469], [-82.41762870778832, 27.98767845415879], [-82.41762801618731, 27.9875472548567], [-82.41762791145426, 27.987527726117868], [-82.41762773534437, 27.987493895298055], [-82.41762733302727, 27.98741798126963], [-82.41762708566672, 27.987370672268167], [-82.41762672415558, 27.98730270925008]], [[-82.41621859067658, 27.98781344463528], [-82.41621853074996, 27.987785664120132], [-82.4162185187323, 27.987779887829127], [-82.41621814810048, 27.987606879776386], [-82.41621795626946, 27.987517487604272], [-82.41621758669872, 27.987344753874467], [-82.41621749162701, 27.98730226237248]], [[-82.42642600953519, 27.987889171800866], [-82.426425651754, 27.987995891853572], [-82.4264251602205, 27.988142769539504], [-82.42642464635911, 27.98823901670842], [-82.42642395461836, 27.988369115609387], [-82.42642311403806, 27.98852726997497], [-82.42642172180143, 27.988789117395118], [-82.42584929630229, 27.988789326227057], [-82.42579222077606, 27.988789346823083], [-82.4254771078309, 27.98878946022413], [-82.4254377118514, 27.988789474708128], [-82.42523158160063, 27.988789548178243], [-82.42521375058067, 27.988789554577625]], [[-82.42644202574407, 27.987889409108544], [-82.42642600953519, 27.987889171800866]], [[-82.4254125965021, 27.98790728650086], [-82.4254475808343, 27.987906661206033], [-82.42548629170493, 27.98790596932685], [-82.42563369836874, 27.98790333481005], [-82.42564144115151, 27.987903196242243], [-82.42564918291771, 27.98790305767715], [-82.42586038392054, 27.9878992824533], [-82.42591364820785, 27.98789833061723], [-82.42606229397526, 27.98789567375584], [-82.4261325909547, 27.987894417297568], [-82.42620288894858, 27.98789316080021], [-82.42622673431508, 27.987892734063163], [-82.42642600953519, 27.987889171800866]], [[-82.43065512205034, 27.98789349862369], [-82.43065641854189, 27.987868770357036], [-82.43066362409482, 27.98773139299232], [-82.43066996394788, 27.987610499937563], [-82.43067228672388, 27.987566214150547], [-82.43066521937955, 27.987432142779088], [-82.43065809482617, 27.987296972449155], [-82.43065089224346, 27.987160324213967]], [[-82.42916403462863, 27.987908141898657], [-82.42927557345291, 27.98790690223084], [-82.42939640649837, 27.987905559458284], [-82.4295296331919, 27.987904078609414], [-82.42973721874155, 27.987901769724633], [-82.42991078782022, 27.987899841191798], [-82.43003782202761, 27.987898759121354], [-82.43015865934129, 27.98789772970426], [-82.43020286402304, 27.9878973532066], [-82.43037633219245, 27.987895874704158], [-82.43045594127479, 27.987895196023008], [-82.43065512205034, 27.98789349862369]], [[-82.43171859243026, 27.988028530050922], [-82.43176785955445, 27.988028614533413], [-82.4319543910668, 27.988028933943056], [-82.43200892515124, 27.988029026162362], [-82.4321647809815, 27.988029292739956], [-82.43220382322029, 27.988029360464353], [-82.43227415922476, 27.98802948142997], [-82.43229708846017, 27.98802951855315], [-82.43239934037948, 27.988029692543805], [-82.43245325435635, 27.988029787438876], [-82.4326791381373, 27.98803016892347], [-82.43267454249582, 27.987856847748294], [-82.43266017186724, 27.987315418620444]], [[-82.41287806211722, 27.988101836492348], [-82.41292168356252, 27.98810228307794], [-82.41302171257352, 27.988103306562127], [-82.41315426044747, 27.988104663643714], [-82.41322270081696, 27.988105364053553], [-82.41323570754791, 27.988105497334956], [-82.41344567667883, 27.9881076457322], [-82.4135302224601, 27.98810851054247], [-82.41365316829395, 27.988109768773462], [-82.4137215842687, 27.98811046900835], [-82.41377114892042, 27.98811097595627], [-82.41390135143838, 27.988112306886784], [-82.4141332858299, 27.988114677803548]], [[-82.40858043501179, 27.988125825372943], [-82.40860144302422, 27.988125882983056], [-82.40867049346146, 27.9881260730816], [-82.40884791638011, 27.988126562794072], [-82.40904206031308, 27.98812709820467], [-82.4090559948306, 27.988127136173773], [-82.40910894335951, 27.988127281895267], [-82.40927026538438, 27.988127726909134], [-82.40929286945912, 27.988127789590667], [-82.4094080551784, 27.98812810642347], [-82.40944583097144, 27.98812821054823], [-82.40960684394422, 27.98812865338009], [-82.40977510323481, 27.98812911684721], [-82.40980734020893, 27.988129102915778], [-82.40992407991209, 27.98812905101461], [-82.41004081961724, 27.988128999916736], [-82.41018852454272, 27.988128934881946], [-82.41044677713282, 27.98812881957397], [-82.4105158297784, 27.988128788551197], [-82.41067870826208, 27.988128715600443], [-82.4108892737944, 27.988128621825094], [-82.41101329021086, 27.988128566210566], [-82.41107385286035, 27.988128412283608], [-82.4112222356715, 27.98812803548813], [-82.41127551555488, 27.988127900539883], [-82.41151806908363, 27.98812728420621], [-82.41158683856405, 27.988127109107268], [-82.41175411650444, 27.988126684215636], [-82.41200596255824, 27.988126043713308], [-82.41204376503275, 27.988125947611813], [-82.4122524542883, 27.98812541699425]], [[-82.4141332858299, 27.988114677803548], [-82.41413234782631, 27.98819111026315]], [[-82.438856704796, 27.98804809193955], [-82.43885698802829, 27.98787150771505], [-82.43885747634593, 27.987567574919694], [-82.43885785663659, 27.98732884689994]], [[-82.43967459457832, 27.98805541345353], [-82.4395664809128, 27.98805445414626], [-82.43956152386585, 27.988054410430003], [-82.4395265185271, 27.988054099974725], [-82.43943265383554, 27.988053267385713], [-82.43925514963335, 27.988051692086746], [-82.43924895332296, 27.988051636976156], [-82.43923886843416, 27.988051547358815], [-82.43920757476167, 27.98805126467456], [-82.43919642037689, 27.988051163128485], [-82.43908178094334, 27.988050126818724], [-82.438856704796, 27.98804809193955]], [[-82.42507076500605, 27.98812974145225], [-82.42485411033685, 27.988126462837474], [-82.42470850001496, 27.988124261278145], [-82.42457961964173, 27.988122312031425], [-82.42451455930146, 27.988121327996804], [-82.42444609116316, 27.988120293084318], [-82.42443679697273, 27.988120152113602], [-82.4242868297452, 27.988120851263712], [-82.42426545028901, 27.98812094970275], [-82.4240742723827, 27.988121839811285], [-82.42406807538875, 27.98812187065014], [-82.42404545571397, 27.98812197378136], [-82.42397821886465, 27.988122289356465], [-82.42387906682482, 27.988122748384097], [-82.42373405638293, 27.988123427142735], [-82.42372785936386, 27.98812345164948], [-82.4235689066853, 27.988124196650023], [-82.42353017539794, 27.988124370972322], [-82.42349724773982, 27.98812452831585], [-82.42328935821475, 27.988127260976036], [-82.42328285238543, 27.98812734506974], [-82.42319858061875, 27.988128452665602], [-82.42319238382801, 27.988128535804133], [-82.42309262208809, 27.988129844405922], [-82.42308611627244, 27.98812993209994], [-82.4229401906321, 27.988131850040624], [-82.42287140982283, 27.988132750974373], [-82.42270937411645, 27.988134878830696], [-82.4227031773317, 27.988134963751996], [-82.42255756171703, 27.98813687762672], [-82.422551055872, 27.988136958076257], [-82.42240453551896, 27.98813887998309]], [[-82.42240453551896, 27.98813887998309], [-82.42240472054164, 27.988108625227017], [-82.42240659239685, 27.98780249773319], [-82.42240762674639, 27.98763334506635], [-82.42240874766635, 27.98744988803188], [-82.42240911573539, 27.987389653754665], [-82.42241025634513, 27.98720316275146], [-82.42241464571192, 27.98716815562241], [-82.42241879547527, 27.987135054216086], [-82.42244328586615, 27.986939710140486]], [[-82.41413234782631, 27.98819111026315], [-82.41413267907768, 27.988295354792736], [-82.41413308971579, 27.988424630135952], [-82.41413323894967, 27.98847166420864], [-82.41413352049547, 27.988560505644195], [-82.41413353850213, 27.988566281917564], [-82.41413399359925, 27.988709584185454], [-82.4141342234531, 27.98878197122686], [-82.41413207734423, 27.989195624444307], [-82.4141320455704, 27.98920167519971], [-82.41413102119273, 27.98939915900094]], [[-82.41428087891529, 27.988191482330674], [-82.41413234782631, 27.98819111026315]], [[-82.41729441310821, 27.988187650229317], [-82.41727272329074, 27.988187678135112], [-82.4172501043155, 27.988187707051505], [-82.41711779602129, 27.98818787736264], [-82.41706388153553, 27.988187947013234], [-82.41700717754317, 27.988188019686024], [-82.41693777032926, 27.988188109187874], [-82.41683737765956, 27.988188238423056], [-82.41681537778157, 27.98818826629404], [-82.41663628225369, 27.988188495808064], [-82.41648817116538, 27.98818868631164], [-82.4164503695189, 27.98818873490224], [-82.41644386236482, 27.988188741971676], [-82.41623564068954, 27.98818900500734], [-82.41602753694217, 27.988189270078237], [-82.41597486369598, 27.98818933735212], [-82.41585898438092, 27.98818948473674], [-82.4158056920316, 27.98818955201297], [-82.41576882156947, 27.98818959850343], [-82.41566874402406, 27.988189725932948], [-82.41546022244583, 27.988189990505816], [-82.41545340625515, 27.9881899993643], [-82.41540042396251, 27.98819006644931], [-82.41536355349855, 27.988190112831138], [-82.41517052363021, 27.988190358152977], [-82.41511458816, 27.988190428627977], [-82.4150638880969, 27.988190493207064], [-82.41491702330637, 27.98819067915987], [-82.41488015182365, 27.98819072541518], [-82.41476396040402, 27.988190872818613], [-82.4147267798813, 27.988190919964754], [-82.41447054086544, 27.988191242992492], [-82.41428087891529, 27.988191482330674]], [[-82.43679668677481, 27.988134258425767], [-82.4368005928051, 27.988075565086802], [-82.43680831827112, 27.987959144259484], [-82.43682070313339, 27.987772707879508], [-82.43682741804405, 27.987671663692357], [-82.43683049728695, 27.987625260173182], [-82.43683631692406, 27.987537670132983], [-82.43684218813017, 27.98744925693084], [-82.43684625569165, 27.987388026400843], [-82.43684636434048, 27.9872379310988], [-82.43684650768947, 27.987040705574532], [-82.43684655120286, 27.986980882043746], [-82.43684672866591, 27.986736127428223], [-82.43684685144464, 27.986566583349507], [-82.43702104934245, 27.9865676515928], [-82.43704273811942, 27.98656770720966], [-82.43715924147223, 27.986568007454345], [-82.43733709454011, 27.986568467187336], [-82.43742354162546, 27.98656868951212], [-82.4374920185921, 27.98656886606883], [-82.43755677690035, 27.986569032763825], [-82.437671730982, 27.98656932938135], [-82.43774392558183, 27.986569513835622], [-82.43785887864566, 27.986569810299947], [-82.43797538200036, 27.98657011165805], [-82.43804664643348, 27.986570295305707], [-82.4380986390228, 27.986569803035053], [-82.438137639484, 27.986568219608863], [-82.43823854508061, 27.98656412335926], [-82.43824566398195, 27.98656383536825], [-82.4385106182518, 27.986553079732776], [-82.4385945000486, 27.98654967098788], [-82.43869509560311, 27.98654558712354], [-82.43885883423054, 27.98653893921967]], [[-82.43063823008018, 27.98817430815479], [-82.43064500342417, 27.988061696964955], [-82.43064665602672, 27.9880342305769], [-82.43065512205034, 27.98789349862369]], [[-82.4410392815482, 27.98814400294906], [-82.44111087395416, 27.988143341099132], [-82.44116539343946, 27.98814283685149], [-82.44135975125471, 27.98814104015161], [-82.44146016379503, 27.98814011146644], [-82.44174692678335, 27.98813745989864], [-82.44194010537272, 27.988135673385493], [-82.44200192159774, 27.98813708914732], [-82.44205597382904, 27.98813842425418], [-82.4421422733825, 27.988140556280033], [-82.44221106658048, 27.98814225543481], [-82.4424039343992, 27.988147019851656], [-82.44253537899822, 27.98815026707173], [-82.44255902615666, 27.988150851545267], [-82.44265945261182, 27.988153332140833], [-82.44294552990858, 27.9881605093121], [-82.44294605167364, 27.98798820268646], [-82.4429469601523, 27.987688397141017], [-82.44294706815529, 27.98765263976318], [-82.44294766774979, 27.987454602503124]], [[-82.42520558034532, 27.988321127352105], [-82.42521375058067, 27.988789554577625]], [[-82.42240241421685, 27.98847046971685], [-82.42240276865945, 27.988415085942286], [-82.42240402181494, 27.988219130148142], [-82.42240453551896, 27.98813887998309]], [[-82.42100386354583, 27.988610815116466], [-82.42100470707283, 27.98854480667645], [-82.42100495352385, 27.988525553912556], [-82.42100572392755, 27.98846532111795], [-82.42100771454653, 27.988309651145126], [-82.42100796094445, 27.988290123145763], [-82.42101047449495, 27.988093473139276], [-82.42101176991211, 27.98799253463685], [-82.42101354342061, 27.98785372774818], [-82.42101361354584, 27.98784822734557], [-82.42101385999541, 27.987828974579767], [-82.4210144290173, 27.987784419059352], [-82.42101425514343, 27.98777341831323], [-82.42101271392512, 27.987675787699768], [-82.42101025078983, 27.987519568238724], [-82.42100929296079, 27.987459062783383], [-82.42100791630992, 27.987371604528402], [-82.42100672700862, 27.987296522250652], [-82.42100581742656, 27.987238491053596], [-82.42100415994577, 27.98713343124733], [-82.42100386167213, 27.987115004949587], [-82.42100333481588, 27.987081176116344], [-82.4210014541232, 27.986962356141554]], [[-82.41965596756448, 27.988621361498982], [-82.41965579720531, 27.988594956604977], [-82.41965549623502, 27.988548473490695], [-82.41965475312949, 27.988433228095293], [-82.41965445007871, 27.988386469751294], [-82.41965406332721, 27.988326234171076], [-82.41965349798878, 27.988239043250076], [-82.4196524956579, 27.988083366165355], [-82.4196524016934, 27.988069338490323], [-82.41965210280796, 27.988023129698707], [-82.41965101475252, 27.987853975378506], [-82.41965089038816, 27.987834721939855], [-82.41965061480322, 27.987792954737245], [-82.41965041216528, 27.987733270864958], [-82.41964987938951, 27.987576773850236], [-82.41964962635994, 27.9875022373642], [-82.41964937338406, 27.987427977014622], [-82.41964931860511, 27.987411991891413], [-82.41964882115458, 27.987265665824726], [-82.41964861532905, 27.987205157154825], [-82.41964845452314, 27.987157850605534], [-82.41964820256521, 27.987083589346767], [-82.41964780486761, 27.986966699584197]], [[-82.42033530096337, 27.988641765106237], [-82.42033546774641, 27.988614260048948], [-82.4203356631586, 27.988582079518977], [-82.42033636486329, 27.988466557190062], [-82.42033640040826, 27.988460781658716], [-82.42033749492703, 27.98828062482894], [-82.42033792037846, 27.988211037804636], [-82.42033795088449, 27.98820553571865], [-82.42033876512767, 27.988071587635282], [-82.42033939087452, 27.987968720023503], [-82.42033993072704, 27.987879877024582], [-82.42034013219161, 27.9878474221401], [-82.42034038785364, 27.98780456501112], [-82.4203406744586, 27.98776391959396], [-82.42034150426313, 27.98764839956714], [-82.42034154692065, 27.987642623110972], [-82.420342178428, 27.987554608240053], [-82.42034231718613, 27.987535079665385], [-82.42034265627797, 27.98748804682878], [-82.42034309146689, 27.987427260970836], [-82.42034322829367, 27.987408282871783], [-82.42034376065064, 27.98733402012606], [-82.42034410269034, 27.987286436809015], [-82.42034482835976, 27.987185218485656], [-82.42034555703144, 27.98708372581898], [-82.42034560065811, 27.987077675026747], [-82.42034644729279, 27.986959679626466]], [[-82.4183389365547, 27.98865629400342], [-82.41833864607675, 27.9885899975384], [-82.41833837894474, 27.988529485449316], [-82.41833786896024, 27.988413960481825], [-82.41833766205, 27.988367205447524], [-82.41833720910147, 27.988264611838463], [-82.41833687863391, 27.98818979764365], [-82.41833655029232, 27.988115533911667], [-82.41833609734569, 27.988012939396413], [-82.41833525692572, 27.98782260383099], [-82.41833502581099, 27.98780486766515], [-82.41833458408024, 27.987771018706653], [-82.41833346754899, 27.987685340978214], [-82.41833245943745, 27.987607998480478], [-82.41833202182471, 27.987574425645924], [-82.41833066438213, 27.98747031511755], [-82.41833004769612, 27.987423006340997], [-82.41832888369312, 27.98733371820983], [-82.41832863654734, 27.987314725034242], [-82.41832818724595, 27.987280229970686], [-82.41832704366553, 27.987192544455876], [-82.41832535520102, 27.98706298154887], [-82.41832452072043, 27.986999014038723], [-82.41832437755615, 27.986987996948972]], [[-82.41902604849138, 27.988662642530116], [-82.41902563335506, 27.988624686631443], [-82.41902512735675, 27.988578480275965], [-82.41902416799937, 27.98849074188685], [-82.41902334707105, 27.988415930998933], [-82.41902231132308, 27.988321317379434], [-82.41902195705909, 27.988288587149157], [-82.41902189309371, 27.98828308625324], [-82.4190212889328, 27.98822752852058], [-82.4190200260765, 27.98811256173446], [-82.41901949831335, 27.988063879228942], [-82.41901779454805, 27.987908756540445], [-82.41901704693446, 27.987840546551656], [-82.41901691472361, 27.987827911410108], [-82.41901671419701, 27.987814434528165], [-82.41901468321251, 27.987677745457255], [-82.41901439733053, 27.987658493411136], [-82.41901372685288, 27.987613388490374], [-82.41901186659096, 27.987488249743404], [-82.41901137709206, 27.98745524649086], [-82.41901007316204, 27.987367511844194], [-82.41900836509423, 27.98725254910706], [-82.4190080730721, 27.987233022745762], [-82.4190071804531, 27.987172791399217], [-82.4190064873858, 27.98712631127109], [-82.41900457488157, 27.986997645153245]], [[-82.40772735669077, 27.988781044405346], [-82.4077855442426, 27.98878097025521], [-82.40798026180008, 27.988780722162648], [-82.40804767467124, 27.988780575414758], [-82.40821305673089, 27.98878042575604], [-82.40829787689063, 27.988780317459025], [-82.40831985657091, 27.9887802892048], [-82.40845204166628, 27.988780120498745], [-82.40856843912754, 27.988779972396653], [-82.40874612981354, 27.988779745825283], [-82.4087632095323, 27.98877972394096], [-82.40878420718542, 27.988779696726404], [-82.40894796753932, 27.98877948693286], [-82.40896802484939, 27.988779461583842], [-82.40901638604093, 27.9887793998887], [-82.40910123668988, 27.988779291005535], [-82.40921767582189, 27.98877914222999], [-82.40925514628822, 27.988779093904075], [-82.4094496228809, 27.988778844448156], [-82.40945581696103, 27.988778836836666], [-82.4095558432527, 27.988778708662228], [-82.40967197130054, 27.988778559526], [-82.40972461639512, 27.988778492040552], [-82.40983463270737, 27.988778351047706], [-82.40987078363621, 27.988778303778883], [-82.40987698076576, 27.988778296139316], [-82.41003810712517, 27.988778091092676], [-82.41018993676067, 27.98877789463411], [-82.41020852813831, 27.988777868964235], [-82.41021472526762, 27.988777861309437], [-82.41040993480742, 27.988777611919097], [-82.41049669866088, 27.98877749917306], [-82.41054627568657, 27.98877743601828], [-82.41054937424084, 27.988777429476116], [-82.41078796365774, 27.98877712134032], [-82.41079106222217, 27.988777117499932], [-82.41099318556772, 27.988776857460024], [-82.41108378611762, 27.988777032478584], [-82.41123495274165, 27.98877732505206], [-82.41140129823957, 27.98877764605367], [-82.41144280608022, 27.98877772583077], [-82.41177146929799, 27.988778360238392], [-82.41185913491485, 27.988778529094617], [-82.41200813108672, 27.98877881648891], [-82.412157527801, 27.988779105228637]], [[-82.41317717857058, 27.988781727360628], [-82.4131307036663, 27.98878138418267], [-82.41304550052185, 27.98878075482935], [-82.41289864023395, 27.98877967073298], [-82.41272078413881, 27.988778357337146], [-82.41249461712171, 27.988776686875024], [-82.41245620200348, 27.98877640321989], [-82.41224278038383, 27.98877482587205]], [[-82.41800683840154, 27.98878840405684], [-82.41777785444154, 27.988788066559216], [-82.41744599871618, 27.98878757170491], [-82.41739239343894, 27.98878749706491], [-82.41727743737599, 27.988787327004232], [-82.41714760744495, 27.988787135183223], [-82.41710980515835, 27.988787071157397], [-82.41692413036108, 27.988786796707075], [-82.4169064689739, 27.988786769930766], [-82.41679089176147, 27.988786597736635], [-82.41672241360632, 27.98878649481119], [-82.41652751416545, 27.98878620265492], [-82.41647359981941, 27.988786122275922], [-82.41631123461448, 27.98878587838335], [-82.41624890181319, 27.988785787302074], [-82.41600825131721, 27.98878542711946], [-82.41598624803416, 27.98878539440755], [-82.41596425288375, 27.988785361667528], [-82.41577276921383, 27.988785075256533], [-82.41565843630922, 27.988784903763445], [-82.41559027329592, 27.988784801126634], [-82.41520747469586, 27.98878422648716], [-82.41513317142042, 27.988784115088478], [-82.41511148429653, 27.988784082184733], [-82.41498166959056, 27.98878388737055], [-82.41482056292469, 27.988783645139858], [-82.41471987278376, 27.98878349398365], [-82.41427567559926, 27.988782824838466], [-82.41428087891529, 27.988191482330674]], [[-82.43013538557554, 27.988764728031224], [-82.4307528078758, 27.988765973945693], [-82.43172649950569, 27.9887629876913], [-82.43258912150851, 27.98875957508712]], [[-82.41909757301116, 27.988801736823863], [-82.41922422862994, 27.988801271403663], [-82.41932394184582, 27.988800905159493], [-82.41940414690157, 27.98880061006527], [-82.41956362786111, 27.988800024375756], [-82.41966396118616, 27.988799655993333], [-82.41977884887119, 27.98879923318932], [-82.41983815712018, 27.988799015157593], [-82.41993586927441, 27.988798808890316], [-82.42005330416293, 27.988798551342207], [-82.42005919122576, 27.98879854328841], [-82.42028476639109, 27.988798056284764], [-82.42071736605016, 27.98879711986737], [-82.42076783137003, 27.98879701150678], [-82.4211896717539, 27.98879617149358], [-82.42132910664712, 27.988795893308136], [-82.42137169997089, 27.988796177024483], [-82.42153482375376, 27.98879726449207], [-82.42170023696642, 27.988798367306607], [-82.42169946387584, 27.98862921117853], [-82.42169937579253, 27.988610231968067], [-82.42169859318234, 27.988439150122197], [-82.42169813116554, 27.9883376566154], [-82.42169771918196, 27.9882477147007], [-82.42169766299708, 27.988235887890976], [-82.42169701193055, 27.988092861551877], [-82.42169673388801, 27.988032899982993], [-82.42169620488488, 27.987916278678046], [-82.42169561359596, 27.987788612968586], [-82.42169534154958, 27.987722875955917], [-82.42169514736, 27.987675842049686], [-82.4216949041, 27.987616980408102], [-82.42169478354467, 27.987587825721228], [-82.42169464698377, 27.987554818695763], [-82.42169438564255, 27.987491832193236], [-82.42169400048093, 27.98739859007246], [-82.4216939194134, 27.987379061269472], [-82.42169349690239, 27.987276741920844], [-82.42169341476446, 27.987256937885782], [-82.42169282156642, 27.987113361781258], [-82.42169268399213, 27.98708035475664], [-82.42169221262665, 27.986967045103146]], [[-82.42278320804239, 27.98879213762112], [-82.42280750541379, 27.98879207917134], [-82.42297214523082, 27.988791681224072], [-82.42299535485613, 27.98879162518394], [-82.42300309207677, 27.988791606801758], [-82.42319775059207, 27.98879113610756], [-82.4232831649765, 27.98879092920604], [-82.42329090219683, 27.988790910807673], [-82.42342366498659, 27.98879058966957], [-82.42352455279175, 27.988790345808265], [-82.42357963943029, 27.988790212258323], [-82.42362009946419, 27.988790114714753], [-82.42363554443735, 27.988790081580056], [-82.42370449531377, 27.98878993234661], [-82.42378999313976, 27.988789747433497], [-82.42387765832262, 27.988789557592302], [-82.42402294149332, 27.98878924331026], [-82.424061044105, 27.9887891610267], [-82.42416264869294, 27.988788940657088], [-82.42432775728756, 27.98878858205448], [-82.42435129935505, 27.988788531076736], [-82.4244595605358, 27.988788296265994]], [[-82.4244595605358, 27.988788296265994], [-82.42456425202855, 27.988788471254658], [-82.42479166847704, 27.988788851024058], [-82.4248465079413, 27.988788942430084], [-82.4249626941275, 27.988789136654358], [-82.42506400847107, 27.988789305454134], [-82.42521375058067, 27.988789554577625]], [[-82.43276240772327, 27.9887776276805], [-82.43373974494034, 27.98877519504688], [-82.43475387752413, 27.9887767974597]], [[-82.43475387752413, 27.9887767974597], [-82.43553267311452, 27.988775139273063], [-82.43679795505817, 27.988781118103272], [-82.43687479912045, 27.988781081583653], [-82.43688750346772, 27.98878108003131], [-82.43719023274414, 27.988780903146495], [-82.43724290836161, 27.98878087195523], [-82.43733431401674, 27.988780817761306], [-82.43748397433531, 27.98878072981972], [-82.43761504122203, 27.98878065214853], [-82.43763735638397, 27.988780638896685], [-82.43783153011361, 27.98878052443433], [-82.43807104670002, 27.98877985739071], [-82.43813085010824, 27.988779690354708], [-82.43824580810343, 27.988779370115648], [-82.43828372758757, 27.988779266426995], [-82.43839930368196, 27.988778949504365], [-82.43842161254867, 27.98877888831764], [-82.43850620424891, 27.98877865021909], [-82.43866887645042, 27.988778192828967], [-82.4388526203291, 27.988777676132525]], [[-82.4388526203291, 27.988777676132525], [-82.43885545208943, 27.988271707374405], [-82.438856704796, 27.98804809193955]], [[-82.44057766730327, 27.98878845748992], [-82.4405426541862, 27.98878829260792], [-82.44027556186842, 27.988787032645135], [-82.44023342232084, 27.988786838157857], [-82.44011660857511, 27.988786287953545], [-82.44003573710695, 27.98878590150218], [-82.43986635540253, 27.98878510506005], [-82.43955782881676, 27.988782840081882], [-82.43936665401752, 27.988781440379068], [-82.4393427959339, 27.98878126752971], [-82.4393384579978, 27.988781233559287], [-82.43910948213671, 27.9887795571862], [-82.43906765321975, 27.988779252158455], [-82.4388526203291, 27.988777676132525]], [[-82.42242227262041, 27.98909206066411], [-82.42242330218068, 27.989472248061432], [-82.42242346581818, 27.98953274509339], [-82.4224237567767, 27.98963998835123], [-82.42242314086857, 27.98974382599216]], [[-82.4183277916407, 27.989115855765082], [-82.41832776803194, 27.989126858017695], [-82.41832744082487, 27.989282538244936], [-82.41832734087315, 27.989330121716225], [-82.41832712681148, 27.989431891633423], [-82.41832708528841, 27.989451420810205], [-82.41832707204752, 27.989457471508164], [-82.41832676840743, 27.989601874241274], [-82.4183267580823, 27.989607100127714], [-82.41832646856379, 27.989744626452392], [-82.41832622242599, 27.989861524458036], [-82.41832620821462, 27.989867850393594], [-82.41832596049541, 27.989983811700675]], [[-82.42446033688574, 27.989312771535495], [-82.42446002922765, 27.98910470484513], [-82.4244595605358, 27.988788296265994]], [[-82.41077135234329, 27.98940038365079], [-82.41080575993304, 27.989400853008135], [-82.41098400860689, 27.989403282176387], [-82.41100564907171, 27.98940357666609], [-82.41123156045927, 27.989406655384094], [-82.41124022905662, 27.989406668267595], [-82.41125355878755, 27.98940668706575], [-82.41140103267934, 27.98940690025103], [-82.4114075409884, 27.98940690965958], [-82.41157174312269, 27.989407146618134], [-82.41157825346484, 27.9894071560125], [-82.41174214349758, 27.989407391896783], [-82.41174834174015, 27.98940740041266], [-82.41178675824855, 27.989407455949827], [-82.41193393630061, 27.989407667644596], [-82.41195622639209, 27.989407699242385], [-82.41197822776898, 27.989407730798995], [-82.41215728656982, 27.989407988430198]], [[-82.41245284648022, 27.98940658348793], [-82.41249308587992, 27.989406405953623], [-82.41249926365283, 27.989406378400645], [-82.41264566886257, 27.989405731654774], [-82.41265184663534, 27.989405704094956], [-82.41278188180932, 27.989405129782654], [-82.41284427457799, 27.989404854069278], [-82.41288195625255, 27.989404687708635], [-82.41310558006168, 27.98940369944304], [-82.41311175783397, 27.98940367186256], [-82.41324179299717, 27.98940309711546], [-82.4132519628905, 27.989403052119027], [-82.41327007635927, 27.98940297152102], [-82.41340033516472, 27.98940239504959], [-82.41342292159688, 27.989402294669446], [-82.41355349045813, 27.989401717120924], [-82.4135754588075, 27.98940161947668], [-82.41369055629313, 27.989401109979408], [-82.41372830404015, 27.98940094318814], [-82.4137771894643, 27.989400726634813], [-82.41388981258406, 27.989400228024763], [-82.41389661860345, 27.989400197615968], [-82.41413102119273, 27.98939915900094]], [[-82.43782305209392, 27.989466811466837], [-82.437869327957, 27.98947065820241], [-82.43799915205058, 27.989471758148568], [-82.43801867242561, 27.98947192248468], [-82.43815097609277, 27.98947304416985], [-82.43816987631793, 27.98947320233848], [-82.43830249006298, 27.989474327402007], [-82.4383598109109, 27.98947481339712], [-82.4383660072809, 27.98947486313244], [-82.43849924014614, 27.989475990544843], [-82.43865602131171, 27.989477321567026], [-82.43870001915704, 27.98947768928471], [-82.43885115799318, 27.989478968596842]], [[-82.42036694866883, 27.989533935008538], [-82.4203672230607, 27.989597596463504], [-82.4203687184971, 27.98994222844512]], [[-82.43885115799318, 27.989478968596842], [-82.4388519934613, 27.989078767632634], [-82.4388526203291, 27.988777676132525]], [[-82.4427794677549, 27.989489740912823], [-82.44275715818311, 27.989489662936627], [-82.44275034178101, 27.989489636150616], [-82.44266885006009, 27.989489345294544], [-82.4426620326598, 27.989489323019384], [-82.44246434507824, 27.98948861457286], [-82.44245814780956, 27.98948859390217], [-82.4423757269031, 27.98948829954481], [-82.44236829037291, 27.98948827202733], [-82.44217308130098, 27.989487574140483], [-82.4421665739627, 27.98948755174633], [-82.44203333661955, 27.98948707492839], [-82.44201505486426, 27.989487010055942], [-82.44193666177723, 27.98948672956249], [-82.4417783110863, 27.989486674303656], [-82.44171819951694, 27.989486649900932], [-82.441466285035, 27.989486563572477], [-82.4413841722098, 27.989486532037535], [-82.4411691308132, 27.989486456768322], [-82.44111242689287, 27.9894864356083], [-82.44090854063899, 27.989486362956065], [-82.44075614125818, 27.989489844734436], [-82.44066567950853, 27.989491913260967], [-82.44065020526556, 27.989492266952972], [-82.44044235858895, 27.98949701162315], [-82.44043050920193, 27.989497283293964], [-82.4403983734502, 27.989498021497432], [-82.44034669740381, 27.989499198563113], [-82.44031659870103, 27.98949988420244], [-82.44020903831945, 27.989502345573403], [-82.44010751393327, 27.989504668426946], [-82.44004318137553, 27.989506133139546], [-82.4399740129018, 27.989498344656468], [-82.43987414031021, 27.98948709975824], [-82.4397746802071, 27.989486309674064], [-82.4395391968582, 27.989484440064096], [-82.43940100615008, 27.989483342133102], [-82.439317038494, 27.989482674579907], [-82.43908310449537, 27.98948081638546], [-82.43885115799318, 27.989478968596842]], [[-82.42882040226853, 27.9896558709485], [-82.42877324471843, 27.989656521521812], [-82.4287492613587, 27.989656852575735], [-82.42864669800538, 27.989658267801346], [-82.42862357769256, 27.98965858711938], [-82.42831735447723, 27.989662810571723], [-82.4282465601971, 27.989663787249782], [-82.42822310035464, 27.989664111167382], [-82.42810479475217, 27.989665742852083], [-82.42807907614105, 27.98966609723882], [-82.42794672591171, 27.98966714442552], [-82.42790769066097, 27.989667453584946], [-82.42780606014202, 27.989668257960037], [-82.42778282339717, 27.98966844213754], [-82.4276480435571, 27.98966950832533], [-82.42764092045455, 27.989669564765794], [-82.42750800194833, 27.98967061600458], [-82.42733616406903, 27.989671974849625], [-82.42733538492152, 27.989895379488363], [-82.4273350289107, 27.989997417801284], [-82.4273349558013, 27.990018321433677], [-82.42733447545973, 27.99015611628765], [-82.42733421153065, 27.990231749820207], [-82.42733379672788, 27.990350845647523], [-82.42733305026599, 27.990565263973384]], [[-82.42689221345918, 27.989671772558214], [-82.42682542036611, 27.989672458143172], [-82.42664654539173, 27.989674292780254], [-82.4264557359901, 27.989676249920457]], [[-82.4264557359901, 27.989676249920457], [-82.4264552463803, 27.989790791534958], [-82.4264547361157, 27.989910159296077], [-82.42645429808496, 27.990012749239433], [-82.42645391878368, 27.99010158808809], [-82.42645294348357, 27.990329599226953], [-82.42645274225576, 27.990376630708568], [-82.42645186645274, 27.990581616561204]], [[-82.4141301737084, 27.989721674784846], [-82.41413065413677, 27.989536411262964], [-82.41413102119273, 27.98939915900094]], [[-82.41625277516003, 27.989718253837932], [-82.4160211375981, 27.98971862895132], [-82.41584174901233, 27.989718918798147], [-82.41567909766769, 27.989719182189656], [-82.41562611673118, 27.989719267411484], [-82.41549382501482, 27.98971948124511], [-82.4152546422509, 27.98971986703315], [-82.415217153227, 27.98971992788114], [-82.41520266266046, 27.989719950873237], [-82.41509293531041, 27.989720127782327], [-82.41494606254135, 27.989720364341135], [-82.41492344123832, 27.98972040100604], [-82.41472885349579, 27.98972071450006], [-82.41462969772417, 27.989720873598692], [-82.41448189882847, 27.989721111551493], [-82.414397000819, 27.98972124736541], [-82.41431271581989, 27.989721383085076], [-82.4141301737084, 27.989721674784846]], [[-82.42466068835098, 27.989706139570856], [-82.4248175071256, 27.98970349670047], [-82.42482400786531, 27.98970338728169], [-82.42487725191775, 27.989702490047225], [-82.42497754932188, 27.989700799472736], [-82.4250317224806, 27.989699885771337], [-82.42503667503541, 27.989699801882523], [-82.42519950353655, 27.98969705698188], [-82.42520600427524, 27.98969694754508], [-82.4253679036519, 27.98969421795145], [-82.42551432424857, 27.989691749027465], [-82.42555875798122, 27.98969099971059], [-82.4256194248512, 27.989690002515594], [-82.42573574808061, 27.98968809033411], [-82.4257580224178, 27.98968772448785], [-82.42590590094657, 27.98968529304698], [-82.42600830676741, 27.98968360872773], [-82.42610764874755, 27.989681975335728], [-82.42614477365136, 27.989681364884923], [-82.4264557359901, 27.989676249920457]], [[-82.42428400893318, 27.989720431302498], [-82.42422469495042, 27.98972112413561], [-82.4242020745581, 27.989721388828713], [-82.42410200177673, 27.989722557455], [-82.42403352862362, 27.989723356959058], [-82.42402671261851, 27.989723436630577], [-82.4239452265387, 27.989724389011993], [-82.42387892271434, 27.989725163703813], [-82.42376366461495, 27.989726509734698], [-82.4237261750567, 27.989726947403824], [-82.42362640926336, 27.989728112933452], [-82.423540895578, 27.989729111772824], [-82.42347273246209, 27.989729907335708], [-82.42337172646327, 27.98973108732829], [-82.42335499598614, 27.989731282313198], [-82.42330139743811, 27.989732004079737], [-82.42324717981045, 27.989732734047468], [-82.42315857233699, 27.98973392716414], [-82.42315412391876, 27.989733986873972], [-82.42308472413265, 27.98973492141097], [-82.42306272804866, 27.989735217385302], [-82.42296234690234, 27.989736569320165], [-82.42283160346828, 27.989738329473564], [-82.4227928760052, 27.98973885100863], [-82.42269276220205, 27.989740199217678], [-82.42242314086857, 27.98974382599216]], [[-82.42242314086857, 27.98974382599216], [-82.42242332923767, 27.98988525554004]], [[-82.43475418644658, 27.98984639357786], [-82.43475417940975, 27.989824114032647], [-82.43475415720877, 27.98974737417197], [-82.43475411865718, 27.989615624430908], [-82.43475409475464, 27.98952705670245], [-82.43475403789158, 27.989327643506456], [-82.43475401420118, 27.989265482058176], [-82.43475398600857, 27.98914720884752], [-82.43475394104495, 27.98901765918785], [-82.43475387752413, 27.9887767974597]], [[-82.4203687184971, 27.98994222844512], [-82.42018805708835, 27.98994206311373], [-82.4200728123706, 27.98994195764507], [-82.42000403781975, 27.989941894263534], [-82.41995106237565, 27.989941845774162], [-82.41989901712734, 27.989941798034014], [-82.41981537265116, 27.989941721300728], [-82.41976146701016, 27.989941671968143], [-82.4196700780131, 27.989941588101793], [-82.41963290268815, 27.98994155354143], [-82.41950247797267, 27.989941433449907], [-82.41948079270738, 27.989941413865093], [-82.41941139802475, 27.989941350273764], [-82.41934538152738, 27.98994128898073], [-82.41924088230506, 27.989945648562383], [-82.4192189088964, 27.989946565613444], [-82.41905828689178, 27.98995326551146], [-82.41902083918687, 27.98995482797838], [-82.41899886577401, 27.989955744994337], [-82.41876025324862, 27.989965697981756], [-82.41875344411187, 27.989965982218155], [-82.41832596049541, 27.989983811700675]], [[-82.41832596049541, 27.989983811700675], [-82.4183258678387, 27.990061989541733], [-82.41832584377535, 27.990082617798645], [-82.41832577056893, 27.990144502572175], [-82.41832564283729, 27.990252043124794], [-82.41832561965329, 27.990271845673618], [-82.41832556077213, 27.990321903420547], [-82.41832519387395, 27.99063109986729]], [[-82.42445837775934, 27.989986787142225], [-82.42445841321843, 27.99000336699936], [-82.42445845963142, 27.99002481983299], [-82.42445868069959, 27.990128237965656], [-82.42445884169591, 27.990203601279468], [-82.42445897429874, 27.990265486294923], [-82.42445925646564, 27.9903969601398], [-82.42445932564223, 27.99042941507579], [-82.42445935618962, 27.990443442933614], [-82.42445970195479, 27.990604908150225], [-82.4247109429581, 27.990601536269725], [-82.42479565568344, 27.990600399298156], [-82.42487030246065, 27.99059939714902], [-82.4249826502765, 27.990597889523908], [-82.4250677553829, 27.990596746660195], [-82.42513614829795, 27.990595828669417], [-82.4252989284903, 27.990593643283837], [-82.42532151942586, 27.990593339696453], [-82.42535958438583, 27.99059282852017], [-82.42542859536059, 27.990591902155526], [-82.42545978331519, 27.99059148351502], [-82.4255406769056, 27.990590679157233], [-82.42556235526769, 27.990590463180435], [-82.42572370633569, 27.990588859256288], [-82.42576149022133, 27.990588483297824], [-82.42581568663644, 27.990587944614482], [-82.42593058449523, 27.99058680191703], [-82.42610866015961, 27.990585031137368], [-82.42623935144296, 27.99058373095847], [-82.42645186645274, 27.990581616561204]], [[-82.41752734537509, 27.990129262366146], [-82.41752432074068, 27.99015110264558], [-82.41752364024445, 27.99015601562541], [-82.41752284599669, 27.990161748338604], [-82.41752208933296, 27.99016720931239], [-82.41751180473791, 27.99024146283458], [-82.41750337270368, 27.990302340628723], [-82.41745787213327, 27.99063082684404]], [[-82.42037014803229, 27.99017866531382], [-82.42036987067371, 27.990132848120272], [-82.4203687184971, 27.98994222844512]], [[-82.43478028152528, 27.990157274785055], [-82.43480362704416, 27.990891073919723], [-82.43480348435429, 27.990928481008815], [-82.43480303036216, 27.990952405293914], [-82.43500866608461, 27.990951231606243], [-82.4351282722997, 27.990951660884505], [-82.43519829963977, 27.99095191487221], [-82.43530582123825, 27.990952309141825], [-82.43535013093431, 27.990952465775734], [-82.43541954017746, 27.990952720705007], [-82.43548863830826, 27.99095296846271], [-82.43550784952794, 27.99095304028153], [-82.43569097667765, 27.990953702863468], [-82.43574830125722, 27.990953911084695], [-82.43576609559015, 27.99095253357679], [-82.43580753978517, 27.990954289186572], [-82.43582644115948, 27.99095441608726], [-82.43595936800843, 27.990955340263795], [-82.43605418299, 27.990955993512937], [-82.43614868790884, 27.99095664768002], [-82.43620570013462, 27.990957045304498], [-82.43631228985456, 27.99095778014599], [-82.43641980879781, 27.990958524589836], [-82.4364260062478, 27.99095856899399], [-82.43658279161349, 27.990959653284214], [-82.43665219871815, 27.990960134102533], [-82.43678481547768, 27.990961051246348], [-82.43692580099697, 27.99096045631054], [-82.43694377338633, 27.99096038025992], [-82.43707577321723, 27.990959823645554], [-82.43710768820483, 27.990959687018165], [-82.43732706846416, 27.990958760363203], [-82.43735836436298, 27.990958631060757], [-82.43739027935986, 27.99095849707501], [-82.437496251272, 27.990958045394265], [-82.4376276309602, 27.99095748932057], [-82.43764684260034, 27.990957413746656], [-82.43772864494821, 27.990957062261533], [-82.4377971238435, 27.99095677840926], [-82.43781569805692, 27.990956700328855], [-82.43794521367782, 27.990955490225588], [-82.4380394063913, 27.990954609993338], [-82.43812213519847, 27.990953837508222], [-82.43816613252825, 27.99095342661504], [-82.43827333941701, 27.990952424443797], [-82.43834212488449, 27.990951781087084], [-82.43837372916224, 27.990951487234813], [-82.4385060322092, 27.99095025057257], [-82.4385122292383, 27.990950191107107], [-82.43871982585237, 27.990948251204564], [-82.43877590719494, 27.990947728471795], [-82.43884921131975, 27.990947041567658]], [[-82.43575470198506, 27.99015732850282], [-82.4357766878507, 27.990158023179852], [-82.4357838100778, 27.99015824877443], [-82.43582716357663, 27.990159603978444], [-82.43584667266484, 27.990160217154695], [-82.43597425541654, 27.99016421201136], [-82.43600305438112, 27.99016511155864], [-82.43614085633946, 27.99016942850927], [-82.43621084114753, 27.990171617786615], [-82.43624366639514, 27.99017264709351], [-82.4362919744521, 27.990174158794925], [-82.43638642290354, 27.990177116832296], [-82.43645547842709, 27.99017927734943], [-82.43646198146082, 27.990179482313685], [-82.43661836322995, 27.990184377822132], [-82.43663787231822, 27.990184989081225], [-82.43681995713007, 27.990190688918904], [-82.43686426463877, 27.990191137454776], [-82.43698634157154, 27.9901923721503], [-82.43699315717134, 27.990192440734987], [-82.43712422025033, 27.990193766774965], [-82.4371307267879, 27.990193831823124], [-82.43730082911253, 27.990195552489162], [-82.43735474088544, 27.990196097567516], [-82.43737116177542, 27.990196265534234], [-82.43743498890665, 27.99019691079943], [-82.43746132616407, 27.990197177161058], [-82.43755489733684, 27.990198123010355], [-82.43758959955808, 27.990198471925023], [-82.43776032102674, 27.99020019817427], [-82.43783642723427, 27.99020097021089], [-82.4378568778244, 27.99020110724243], [-82.43792101618408, 27.990201536517908], [-82.43802450739562, 27.990202230272107], [-82.43811746220942, 27.9902028501274], [-82.43818129152532, 27.990203280266], [-82.43824605001771, 27.99020371012131], [-82.43833962602096, 27.990204340480645], [-82.43838455406282, 27.990204635846585], [-82.43848711507496, 27.99020532770563], [-82.43860950546309, 27.990206139438296], [-82.43865412450128, 27.990206445628125], [-82.43869905253241, 27.9902067381841], [-82.43885095583244, 27.990207760570335]], [[-82.41412851253024, 27.990251045224053], [-82.41412858485184, 27.990227938799094], [-82.41412860049726, 27.990222988130878], [-82.41412923294297, 27.990021375202765], [-82.41412982046307, 27.98983434174038], [-82.4141301737084, 27.989721674784846]], [[-82.41625155777638, 27.99026862376124], [-82.41625158065821, 27.990258436387432], [-82.41625159212045, 27.99025321591188], [-82.41625182453846, 27.99015016181014], [-82.41625183697325, 27.990144665194144], [-82.416252191762, 27.98998692378049], [-82.4162522673205, 27.9899533972205], [-82.41625243564125, 27.989878648296518], [-82.41625257240567, 27.989817915697593], [-82.41625261267517, 27.98980008034673]], [[-82.43885095583244, 27.990207760570335], [-82.43885115799318, 27.989478968596842]], [[-82.44278077450463, 27.990201433500253], [-82.4427559864251, 27.990201634227144], [-82.44266334220067, 27.990202385460808], [-82.44265590597918, 27.990202445491875], [-82.4425744165895, 27.990203105714876], [-82.44245357571326, 27.990204084708598], [-82.44242259162965, 27.990204335990775], [-82.44235597467926, 27.99020487604707], [-82.44231414478995, 27.99020521452914], [-82.44221995130219, 27.9902059785685], [-82.44216293992635, 27.990206438914477], [-82.44192628306307, 27.99020835646355], [-82.44182248211904, 27.99020774424806], [-82.44166445719387, 27.99020681158194], [-82.44150643226877, 27.990205878734205], [-82.44130936570609, 27.99020471363556], [-82.44112562310904, 27.990203630953037], [-82.440892523137, 27.99020225596301], [-82.44073635609877, 27.99020295685232], [-82.44065455339783, 27.990203324561556], [-82.4404196832117, 27.990204376505574], [-82.44038714838094, 27.99020452581108], [-82.44010208013127, 27.990205800211182], [-82.44000633495034, 27.990206234711337], [-82.43986986221351, 27.990206843631192], [-82.43885095583244, 27.990207760570335]], [[-82.42883789992337, 27.99053546034213], [-82.42881237354337, 27.99053588916811], [-82.42878851940056, 27.99053629653225], [-82.42870177384457, 27.990537759045043], [-82.42869402882886, 27.99053789328149], [-82.42854470295606, 27.990540416163036], [-82.428520847769, 27.990540817167147], [-82.42843379216987, 27.99054228769629], [-82.42831637654578, 27.99054427324948], [-82.42829252136718, 27.990544676921186], [-82.42826959530092, 27.990545063256928], [-82.42807565745713, 27.99054833998924], [-82.42801463486586, 27.99054973102392], [-82.42800720106918, 27.99054990034947], [-82.42795206309634, 27.990551156631692], [-82.42789661711794, 27.99055242016698], [-82.42782599147283, 27.99055402959955], [-82.42778696226239, 27.99055491985985], [-82.42762155035327, 27.990558688369156], [-82.42756672343023, 27.99055993901774], [-82.42751220552273, 27.990561181464606], [-82.42748866396714, 27.990561715773737], [-82.42733305026599, 27.990565263973384]], [[-82.42733305026599, 27.990565263973384], [-82.42733181108436, 27.99077512665799], [-82.42733103242055, 27.990906875381043], [-82.4273306713791, 27.990967936204065], [-82.42732956298208, 27.9911557950318], [-82.42732877456238, 27.99128919428398], [-82.42732777303819, 27.99145826642151]], [[-82.42693968778526, 27.990571822533205], [-82.42692388888464, 27.99057213959375], [-82.42687029643689, 27.99057321557731], [-82.42645186645274, 27.990581616561204]], [[-82.41314485749382, 27.99061833368856], [-82.41305269046072, 27.990619390217294], [-82.41282378297376, 27.99062201319989], [-82.41264722358707, 27.990624035659575], [-82.41245827325447, 27.990626199734283], [-82.41215958855709, 27.99062962103818]], [[-82.41520663734106, 27.99061351869954], [-82.41412523283488, 27.990608811009285]], [[-82.42645186645274, 27.990581616561204], [-82.42645089780093, 27.99072684245811], [-82.42645003023873, 27.990856940052655], [-82.42644980464168, 27.990891320733372], [-82.42644921681448, 27.99097961155267], [-82.4264486150175, 27.991069002450786], [-82.42644821192833, 27.991130612971517], [-82.42644780438064, 27.991190573901772], [-82.42644712359346, 27.991293992088053], [-82.42644596250635, 27.991467558721602], [-82.42617610764722, 27.991471010421343], [-82.42606085025882, 27.991472480214718], [-82.42588765363904, 27.99147469696546], [-82.42581670231513, 27.991475601598005], [-82.4257466801426, 27.99147649700063], [-82.42565063282962, 27.99147772559454], [-82.4256180996196, 27.99147814032197], [-82.42539935870897, 27.991480935973648], [-82.42538882513591, 27.991481095795947], [-82.42534049288622, 27.99148182824394], [-82.42532035487511, 27.99148213417629], [-82.42519859562584, 27.991483980709162], [-82.42511091749597, 27.99148531028984], [-82.42502850513208, 27.991486559469546], [-82.4249959742561, 27.991487052552216], [-82.42491480209513, 27.991488284295002], [-82.42480760501857, 27.99148990861564], [-82.42474904924038, 27.991490797870302], [-82.42467995886132, 27.991491845066406], [-82.4246607509904, 27.99149213539618], [-82.42445790595048, 27.991495213454172]], [[-82.41032974509343, 27.990633462102654], [-82.41033904199378, 27.990633458729054], [-82.41039357809132, 27.99063345031203], [-82.41081158209366, 27.99063338447756], [-82.41086580812215, 27.99063337589708], [-82.41110843045773, 27.990633337580082], [-82.4112249381352, 27.990633318636828], [-82.41128814998468, 27.9906333082883], [-82.41147778174962, 27.990634423140442], [-82.41150009077006, 27.990634554018712], [-82.41172783412058, 27.990635892889948], [-82.41182915697095, 27.9906364883147], [-82.41188276205737, 27.990636802450627], [-82.41212168534608, 27.99063820915854]], [[-82.42420889239959, 27.990606570882722], [-82.42412807876696, 27.9906075519853], [-82.4241048615061, 27.9906078338455], [-82.42397423124886, 27.99060942057913], [-82.42395163409053, 27.99060969508735], [-82.42380428849256, 27.99061148388869], [-82.42378354960739, 27.99061173549706], [-82.42371359081442, 27.990612584544532], [-82.42359843769816, 27.99061398246053], [-82.42349814366865, 27.990615200065356], [-82.42344675949668, 27.990615823929666], [-82.42342447136974, 27.990616094692548], [-82.42335486836745, 27.990616939754926], [-82.42330931865511, 27.99061759794715], [-82.42325235406722, 27.99061842120187], [-82.42323099221849, 27.99061872969113], [-82.42311829916896, 27.990620358772958], [-82.4228919869735, 27.99062362943383], [-82.42282418490353, 27.990624609465744], [-82.42278641486506, 27.990625155130125], [-82.42270189658679, 27.99062637599555], [-82.42264926555185, 27.990627136048467], [-82.42242641002326, 27.990630986398465]], [[-82.41745787213327, 27.99063082684404], [-82.41732242589035, 27.990629480925385], [-82.41703769782312, 27.99062665196618], [-82.4169023054682, 27.990625306372657], [-82.41663090060973, 27.99062260944501], [-82.41638923784805, 27.99062020726443], [-82.4162432875942, 27.990618756723507], [-82.41598827593526, 27.990617469009557], [-82.41596658713497, 27.990617359543727], [-82.41584884095948, 27.990616764488596], [-82.41577943354469, 27.990616413944885], [-82.4156660273663, 27.990615840806253], [-82.41550366228414, 27.990615020243627], [-82.41548042312142, 27.99061490275138], [-82.41531743992938, 27.990614079324185], [-82.41520663734106, 27.99061351869954]], [[-82.41832519387395, 27.99063109986729], [-82.41812469354234, 27.990631037298346], [-82.41789794427659, 27.99063096576464], [-82.41767336344331, 27.99063089539321], [-82.41760490477287, 27.99063087407394], [-82.41750330047151, 27.990630841448525], [-82.41745787213327, 27.99063082684404]], [[-82.43884865872627, 27.990597969254406], [-82.43885095583244, 27.990207760570335]], [[-82.44261642195922, 27.990594184278017], [-82.44258967126228, 27.990594269467046], [-82.44258285398041, 27.990594293211004], [-82.44243753068676, 27.990594772536287], [-82.44233062960261, 27.990595124526145], [-82.44227299577474, 27.990595315296574], [-82.44222868544006, 27.990595461396115], [-82.44217198178875, 27.990595647328323], [-82.44194919291523, 27.990596382398728], [-82.44193555935549, 27.990596427112365], [-82.44172481269008, 27.99059628297997], [-82.44165726290743, 27.99059623732585], [-82.44158692455841, 27.9905961897635], [-82.44141557159999, 27.990596073876542], [-82.44114382314149, 27.990595889106288], [-82.44089779393886, 27.9905957215157], [-82.44061551028346, 27.990595769810284], [-82.44046987607359, 27.990595797750768], [-82.44024894470667, 27.990595831970452], [-82.44014173321042, 27.99059585477593], [-82.44000818338513, 27.990595872429243], [-82.439853993385, 27.990595900018516], [-82.43884865872627, 27.990597969254406]], [[-82.42017249461618, 27.990669046687046], [-82.42015483204351, 27.990669054625496], [-82.4201436778018, 27.99066905892241], [-82.42001105701658, 27.99066911477962], [-82.41995745017465, 27.990669136806904], [-82.41993514068109, 27.990669147175705], [-82.41974240674472, 27.99066922658744], [-82.41961040508016, 27.99066928468072], [-82.41954750336052, 27.990669306932812], [-82.41952457374394, 27.99066932002917], [-82.41940837524838, 27.99066936491441], [-82.41929341603134, 27.990669417654463], [-82.41923262277841, 27.990669444163146], [-82.4191179978557, 27.990668664618305], [-82.4190173130736, 27.990667979672214], [-82.41885466827082, 27.990666873343212], [-82.41884723359736, 27.9906668228909], [-82.41868489886855, 27.99066571812398], [-82.4186009438844, 27.990665147081227], [-82.41856190498436, 27.99066488147422], [-82.41847722513727, 27.990664305342758], [-82.41832519387395, 27.99063109986729]], [[-82.42445658408595, 27.990894056909326], [-82.4244567242439, 27.990957869441353], [-82.42445719113834, 27.99117075986391], [-82.42445735280356, 27.99124447446275], [-82.42445790595048, 27.991495213454172]], [[-82.43884921131975, 27.990947041567658], [-82.43884908953223, 27.990870026826958], [-82.43884865872627, 27.990597969254406]], [[-82.43884980447916, 27.991284788510967], [-82.43884921131975, 27.990947041567658]], [[-82.4424236290049, 27.991277886871057], [-82.44239818921255, 27.991278132947635], [-82.44238176745621, 27.99127829135474], [-82.442308644149, 27.991278988586078], [-82.44226309647026, 27.991279422034612], [-82.44216053821287, 27.99128040064142], [-82.44200034823542, 27.99128192808009], [-82.44196502527451, 27.991282264496796], [-82.44182373648448, 27.991283611867882], [-82.44173140292948, 27.991284491429916], [-82.44164991319072, 27.99128526842588], [-82.4415618264503, 27.99128550164773], [-82.44134368343852, 27.991286071934574], [-82.44123120427213, 27.991286366076483], [-82.44114878102037, 27.991286581765525], [-82.4408953140335, 27.991287243892216], [-82.44068770616603, 27.991286808372227], [-82.44059350780668, 27.991286611158632], [-82.4405364934904, 27.99128649149839], [-82.4404670844951, 27.991286346539464], [-82.44030874527394, 27.991286012534033], [-82.44022725166961, 27.991285842975717], [-82.44014482784074, 27.99128566822457], [-82.44006209497164, 27.99128549621774], [-82.43987114649569, 27.991285090080076], [-82.43967128472384, 27.991285030723624], [-82.4395764669149, 27.991285003544036], [-82.4395073674707, 27.991284982546002], [-82.43936111189714, 27.991284939112976], [-82.4393171117031, 27.991284925364397], [-82.43922198382342, 27.991284898028514], [-82.43912778512112, 27.991284868562285], [-82.43884980447916, 27.991284788510967]], [[-82.41520813361164, 27.991397495327178], [-82.41520805124325, 27.991340180825436], [-82.41520804494367, 27.991335883569214], [-82.4152077897166, 27.991158370412368], [-82.41520778341713, 27.991154073156032], [-82.41520776868471, 27.99114571778837], [-82.41520776543504, 27.991141420522812], [-82.41520663734106, 27.99061351869954]], [[-82.41624553383512, 27.991401762725783], [-82.41591522219326, 27.99140040588668], [-82.41562860142925, 27.991399227549884], [-82.41520813361164, 27.991397495327178]], [[-82.42880484458735, 27.991438933387073], [-82.42875434525101, 27.991439738765074], [-82.42868339793343, 27.991440869563615], [-82.42862825090361, 27.99144174713686], [-82.42854150329582, 27.9914431319534], [-82.42845568480885, 27.99144450028444], [-82.42836893615711, 27.99144587958097], [-82.42828249858007, 27.991447256951602], [-82.42822766160971, 27.99144813430106], [-82.42810962240054, 27.991450011533146], [-82.42808607598027, 27.99145039164923], [-82.42807909935917, 27.991450499997033], [-82.42799884979799, 27.991451330018435], [-82.4279907944442, 27.99145141284188], [-82.42784083009602, 27.99145296325668], [-82.42776925599158, 27.991453702985833], [-82.42760380002285, 27.9914554132265], [-82.42751580515316, 27.991456322997543], [-82.4274293585253, 27.99145721616904], [-82.42742161322775, 27.99145729619066], [-82.42732777303819, 27.99145826642151]], [[-82.42732777303819, 27.99145826642151], [-82.42732605528042, 27.991833435634938], [-82.42732545263482, 27.991965735162818], [-82.42732471270826, 27.992126639670822], [-82.42732368759252, 27.992351855226897]], [[-82.42036676282807, 27.991481160271178], [-82.42011812826719, 27.991482972246825], [-82.4197543133331, 27.99148492060198], [-82.41954968845215, 27.991486016064684], [-82.41937473602499, 27.991486953060907], [-82.4193469300393, 27.991487101922], [-82.41917682440088, 27.991488712425756], [-82.41901880286227, 27.991490208293936], [-82.41885830187842, 27.991491728677953], [-82.41866743659237, 27.991493533529404], [-82.41841862919107, 27.991495890721485], [-82.41831888724441, 27.99149683305554]], [[-82.41831888724441, 27.99149683305554], [-82.41831561770884, 27.991398055326023], [-82.41810150166397, 27.991398059416547], [-82.41801350015646, 27.991398063425265], [-82.41774515769698, 27.991398069339922], [-82.41772935536976, 27.99139806590264], [-82.41752422520032, 27.99139806887195], [-82.4172757078089, 27.991398075946808], [-82.41726052482358, 27.99139813013549], [-82.4170541572082, 27.991398869817132], [-82.4167204354964, 27.991400065536514], [-82.41651468798908, 27.99140080162719], [-82.41624553383512, 27.991401762725783]], [[-82.42445790595048, 27.991495213454172], [-82.42423452118072, 27.991498304040316], [-82.42420198911236, 27.99149875452566], [-82.42409540850795, 27.99150022839464], [-82.42397581588715, 27.991501883072267], [-82.42388100912021, 27.991503195042135], [-82.423722377386, 27.99150538853868], [-82.42352625782108, 27.991508101585566], [-82.42344350850249, 27.991509246173877], [-82.42340106565963, 27.991510021170463], [-82.42314207402154, 27.991514747380446], [-82.42300886068244, 27.991517178589053], [-82.42297664226369, 27.991517768595674], [-82.4228431188569, 27.991520202402242], [-82.42282360117501, 27.99152056201114], [-82.42274057471266, 27.991522073406845], [-82.42268264275077, 27.99152313493171], [-82.4225760720622, 27.99152508045544], [-82.42242603292672, 27.991525501696962]], [[-82.42644834014676, 27.991655559238172], [-82.42644634259672, 27.9923620920683]], [[-82.43513856628148, 27.991686793401026], [-82.4351546942989, 27.991684605466492], [-82.43516182081346, 27.991684608183988], [-82.43520644137283, 27.991684634833696], [-82.43526283643396, 27.991684664811615], [-82.43537004938577, 27.99168472611083], [-82.43547695327355, 27.991684784695515], [-82.43552064361837, 27.9916848096768], [-82.43557827794314, 27.99168484101519], [-82.43572267484797, 27.99168492142829], [-82.43572825305209, 27.99168492450992], [-82.43580974647611, 27.99168496949302], [-82.43581687401408, 27.991684973978142], [-82.43597304542776, 27.99168506012973], [-82.43599890118666, 27.991685078327784], [-82.4361178896378, 27.99168513961219], [-82.43623749723369, 27.99168520695136], [-82.43633200543636, 27.991685256363226], [-82.43640172536442, 27.991685295936357], [-82.43644603583907, 27.99168531955821], [-82.43650305103088, 27.991685348864266], [-82.43659724916985, 27.991685399980398], [-82.43673080073529, 27.99168547225433], [-82.43679711192094, 27.991685508013493], [-82.43702114321829, 27.99168572846165], [-82.43702765062189, 27.991685733952252], [-82.43717328702715, 27.9916858774862], [-82.43719218911136, 27.991685896809265], [-82.43730126060805, 27.991686002131715], [-82.43733348656542, 27.99168603591894], [-82.43745526280254, 27.991686153056627], [-82.43755163058634, 27.991686249859555], [-82.43757022258676, 27.991686265605168], [-82.43772825365438, 27.99168641964868], [-82.4377595494048, 27.991686453589622], [-82.43781994091452, 27.991686514917888], [-82.4379308717209, 27.991686851155006], [-82.43807619722088, 27.991687292517458], [-82.43813290189576, 27.991687463814966], [-82.43819053679084, 27.991687638441988], [-82.43823484669814, 27.991687774290256], [-82.43834143953725, 27.991688097849647], [-82.4383724254514, 27.991688189490368], [-82.43847963844522, 27.991688517282665], [-82.43848676502337, 27.99168853607099], [-82.43873217590259, 27.991689282054196], [-82.43878950071279, 27.99168945290738], [-82.4388501052006, 27.991689639440832]], [[-82.4388501052006, 27.991689639440832], [-82.43884980447916, 27.991284788510967]], [[-82.44242978011417, 27.991933871610716], [-82.44241235761778, 27.991933960146717], [-82.4423813716212, 27.991934113067284], [-82.44233682215362, 27.991934337582446], [-82.44229337162058, 27.99193455403683], [-82.44222396321484, 27.991934902680924], [-82.44216787837833, 27.99193518498976], [-82.44201078002345, 27.991935971557716], [-82.4419450893204, 27.991936300892753], [-82.44192030962004, 27.991936909333702], [-82.4418069422653, 27.99193969474477], [-82.44176326851432, 27.991940768133883], [-82.4417437543859, 27.99194124772984], [-82.44158888150261, 27.99194505334354], [-82.44148356699212, 27.991947639367766], [-82.44140210410808, 27.991949641604702], [-82.44129648057076, 27.991952236599264], [-82.44122771705015, 27.991953923649476], [-82.44114625416182, 27.991955927539728], [-82.44090153607875, 27.99196193636755], [-82.4407918512841, 27.99196307487495], [-82.44062236725233, 27.9919648353525], [-82.44046620547209, 27.99196645549258], [-82.4403968005783, 27.99196717680031], [-82.44031500154212, 27.99196802438773], [-82.44004481821888, 27.991970831164593], [-82.43996270910853, 27.991971679534654], [-82.43986617070541, 27.99197268590702], [-82.43958698277338, 27.99197214738407], [-82.43934219046176, 27.99197167077556], [-82.43926131553023, 27.99197151852555], [-82.4391156791943, 27.991971231015782], [-82.4388477606096, 27.991970717274278]], [[-82.4388477606096, 27.991970717274278], [-82.4388501052006, 27.991689639440832]], [[-82.43482396850412, 27.9920235529627], [-82.43482415796508, 27.99202617837203], [-82.4348240233593, 27.992124372559168], [-82.43482389673878, 27.992215689465638], [-82.43482397958563, 27.992407592653013], [-82.4348240509114, 27.992580409935986], [-82.43482456654768, 27.99281530427969], [-82.43482497161055, 27.992999589203595], [-82.43482517015016, 27.993090356406178], [-82.434826027138, 27.993328732948846]], [[-82.41671332919384, 27.99210215903313], [-82.41673139796474, 27.992102236032917], [-82.41673759542198, 27.992102265080504], [-82.41675990563796, 27.992102364417534], [-82.41690832930887, 27.99210302270213], [-82.41708835938279, 27.99210382411074], [-82.41711066960212, 27.99210392429324], [-82.41713297981796, 27.992104023569727], [-82.41729565783616, 27.992104746488515], [-82.41747537783148, 27.992105545624057], [-82.41748219441641, 27.992105575465875], [-82.41751937810807, 27.992105740523403], [-82.41752526548437, 27.992105766867294], [-82.41753982888638, 27.99210583184298], [-82.41784196954082, 27.992104709320728], [-82.41784909598022, 27.99210468315591], [-82.417870786375, 27.99210460190925], [-82.41803532474718, 27.992103989953417], [-82.41807219821344, 27.99210385169248], [-82.41831420125959, 27.99210295064501]], [[-82.41831420125959, 27.99210295064501], [-82.41831520270179, 27.9919734040134], [-82.41831759975958, 27.99166315104654], [-82.41831763956563, 27.991657925071983], [-82.41831888724441, 27.99149683305554]], [[-82.4155864309453, 27.992375451811636], [-82.41556350127655, 27.99237554727218], [-82.41544823177908, 27.992376026394005], [-82.4152079556721, 27.99237702457544]], [[-82.4152079556721, 27.99237702457544], [-82.41520796404423, 27.992333841542568], [-82.41520797825079, 27.992258751994502], [-82.41520800757921, 27.992100321259233], [-82.4152080133381, 27.992067864273732], [-82.41520805100679, 27.99186597526346], [-82.41520805547236, 27.99184644620196], [-82.41520808477424, 27.991687741124768], [-82.41520808822362, 27.991668212065864], [-82.41520810774375, 27.991564792243665], [-82.41520811111742, 27.991544712714674], [-82.41520813361164, 27.991397495327178]], [[-82.42644634259672, 27.9923620920683], [-82.42644669172618, 27.99255490417792], [-82.42644685470948, 27.992645396330204], [-82.42644686848932, 27.992651997408213], [-82.42644703249069, 27.992742489556083], [-82.42644709379036, 27.992777696846705], [-82.42644764153725, 27.99308064100605]], [[-82.42466602865927, 27.99238562408905], [-82.4246815202423, 27.992385421036012], [-82.42470537721856, 27.99238510822284], [-82.42482373396314, 27.992383555986112], [-82.42490986732281, 27.992382427178672], [-82.4250437146271, 27.992380672577724], [-82.4252091651923, 27.992378502486932], [-82.42545362392391, 27.992375297280933], [-82.42546105913053, 27.992375194866337], [-82.42551621032749, 27.992374471053605], [-82.42552395562615, 27.992374373993], [-82.42554780851842, 27.99237405833912], [-82.42566802343688, 27.992372458115145], [-82.42578575892706, 27.99237089073018], [-82.42595059022895, 27.992368695495056], [-82.42595895561512, 27.992368584758026], [-82.42631371231191, 27.992363861407192], [-82.4263214585967, 27.992363757079353], [-82.42644634259672, 27.9923620920683]], [[-82.42262205944466, 27.99241590758737], [-82.42263431829056, 27.992415737259723], [-82.42263989521653, 27.99241566236633], [-82.42270836752577, 27.992414727281833], [-82.42271549370986, 27.992414631379972], [-82.42287753447383, 27.992412420430227], [-82.42296335765697, 27.99241125047982], [-82.42301633840141, 27.99241052712561], [-82.42302253543369, 27.992410443089955], [-82.42324871076646, 27.992407357600836], [-82.42325459774122, 27.99240727721622], [-82.42330757848372, 27.99240655465224], [-82.42333050627164, 27.992406241328002], [-82.42351082702058, 27.992403781147015], [-82.42354366944744, 27.99240333347685], [-82.42356132912742, 27.992403034534114], [-82.42363072662981, 27.992401860612144], [-82.42366821329864, 27.99240122714806], [-82.42384790348417, 27.992398187316354], [-82.42391699092138, 27.992397016912822], [-82.42393929730174, 27.992396641331602], [-82.42408738668036, 27.992394133560477], [-82.42409389267281, 27.992394025963616], [-82.42424198204195, 27.9923915180261], [-82.42424817798062, 27.99239141498805], [-82.42445867596707, 27.99238784976784], [-82.42445830498619, 27.99195601660135], [-82.42445819129763, 27.99182344042467], [-82.42445812421671, 27.991745325393303], [-82.42445799420379, 27.991594046834], [-82.42445790595048, 27.991495213454172]], [[-82.43070679735845, 27.992405791870752], [-82.42988942776323, 27.992409213882272], [-82.4293716570794, 27.992392900583926], [-82.42902456992962, 27.99237502782619]], [[-82.41912560611318, 27.992446210316793], [-82.41915608494904, 27.992446032596497], [-82.41924005448793, 27.992445542011634], [-82.41929241879406, 27.992445236176945], [-82.41934540322836, 27.99244492662655], [-82.41950745514163, 27.992443980278946], [-82.41956074963792, 27.99244366879733], [-82.4195827489686, 27.992443540314724], [-82.41968314073837, 27.99244295423322], [-82.41986285310212, 27.992441904840227], [-82.41994775180854, 27.992441409181662], [-82.4199855542592, 27.992441188157958], [-82.42013304227034, 27.99244032615838], [-82.42036287729496, 27.992438982200888], [-82.42036086467098, 27.992656827241532], [-82.42035780598998, 27.99315796698858]], [[-82.41877477211844, 27.99244811834766], [-82.41875492810082, 27.992448263600753], [-82.41870225302868, 27.992448654101025], [-82.41861828195967, 27.992449277016345], [-82.41861115458279, 27.992449329393935], [-82.41851045130981, 27.99245007626975], [-82.41844073397121, 27.992450593432316], [-82.4183127634758, 27.992451542245348]], [[-82.4183127634758, 27.992451542245348], [-82.4183131633156, 27.992354448995417], [-82.41831410975148, 27.99212533158018], [-82.41831420125959, 27.99210295064501]], [[-82.43528939826626, 27.992400756363757], [-82.43532351821746, 27.9923949207763], [-82.43532940489462, 27.99239502306468], [-82.43547903958533, 27.99239768156925], [-82.43551094968896, 27.992398246495743], [-82.43553666404316, 27.99239870469995], [-82.43569652265032, 27.992401540849016], [-82.43574423226633, 27.99240238865305], [-82.43584832698413, 27.99240423629572], [-82.43588643285867, 27.992404912347805], [-82.43605217817456, 27.99240785485945], [-82.43606499903089, 27.992407899935433], [-82.4360808027616, 27.992407968038282], [-82.43614060570842, 27.9924081962054], [-82.43630421387456, 27.992408814270572], [-82.43636773571971, 27.992409062124533], [-82.4364030599411, 27.992409191878725], [-82.43653506176317, 27.992409698799683], [-82.43661717593413, 27.992410012051888], [-82.43680123488747, 27.992410712589958]], [[-82.43680123488747, 27.992410712589958], [-82.43698188745259, 27.99241073787543], [-82.43702588807786, 27.99241074334199], [-82.4370959174019, 27.9924107526991], [-82.437240315023, 27.992410774656722], [-82.4373357539191, 27.992410787927817], [-82.43748015151118, 27.992410803316837], [-82.43757466122774, 27.992410821182805], [-82.43765708523804, 27.992410826009365], [-82.43767598740409, 27.992410834435717], [-82.43780922953806, 27.992410846178494], [-82.43782194652357, 27.992410848105745], [-82.43795456437145, 27.992411847124856], [-82.43798586013484, 27.992412084054354], [-82.4381060839089, 27.992412987941194], [-82.43820027924436, 27.99241370033053], [-82.43821918093705, 27.992413843142554], [-82.438263799978, 27.992414176523738], [-82.43844661426067, 27.99241555292479], [-82.43849061416628, 27.992415883694264], [-82.43858573975514, 27.992416605487115], [-82.43870503327591, 27.992417498280872], [-82.43884778822658, 27.99241857509605]], [[-82.43884778822658, 27.99241857509605], [-82.4388477606096, 27.991970717274278]], [[-82.43884541128257, 27.992822190986164], [-82.4388465918899, 27.99262195551511], [-82.43884778822658, 27.99241857509605]], [[-82.41668543806703, 27.992904243749646], [-82.4167018607298, 27.992904239108626], [-82.41670898832975, 27.992904236461634], [-82.41673067917594, 27.99290423029216], [-82.41687879625137, 27.992904185649756], [-82.41705820930169, 27.992904131668894], [-82.4170795910875, 27.992904124576864], [-82.41710221113449, 27.992904118237888], [-82.41726613174052, 27.992904069462963], [-82.4174449256547, 27.99290401505136], [-82.41745205223398, 27.992904011466532], [-82.41748954661456, 27.99290400142186], [-82.41749605406496, 27.992903997909487], [-82.41750186005068, 27.992903997428847], [-82.41830995768413, 27.992903458446115]], [[-82.41830995768413, 27.992903458446115], [-82.41831151654347, 27.992652328518947], [-82.4183127634758, 27.992451542245348]], [[-82.43577010303837, 27.992899790797274], [-82.43577003298478, 27.992943798759562], [-82.43577002275711, 27.992949850341287], [-82.43576942287397, 27.99332445811424]], [[-82.43679822836411, 27.992966706631076], [-82.43679830285036, 27.99295366028034], [-82.4367983305818, 27.992948434346836], [-82.43679845500428, 27.992925330498952], [-82.43679913183476, 27.992800183292122], [-82.43679929932941, 27.992769102018958], [-82.43679971095429, 27.9926929130989], [-82.43680123488747, 27.992410712589958]], [[-82.41623509295502, 27.993032782316178], [-82.41623545868279, 27.99300995476172], [-82.41623754523482, 27.99287959269002], [-82.4162385295947, 27.992818261961684], [-82.41624174558254, 27.9926174940871], [-82.41624295253894, 27.99254186129647], [-82.41624607883466, 27.99234659387161], [-82.41624774933143, 27.99224263394111], [-82.41624996227075, 27.992104157005446], [-82.41624920263615, 27.991983685818976], [-82.41624881241356, 27.99192179974929], [-82.41624868961502, 27.991902271074554], [-82.41624812249219, 27.991812329624377], [-82.41624553383512, 27.991401762725783]], [[-82.42644764153725, 27.99308064100605], [-82.42705272859692, 27.993073958879656], [-82.42721756545122, 27.993072137502548], [-82.42725288785434, 27.993071748019027], [-82.42728077407105, 27.993071481798633], [-82.4273991372439, 27.993070353256666], [-82.42753237318601, 27.993069080013463], [-82.42760332846778, 27.993068404589646], [-82.42773656440949, 27.99306713295346], [-82.42796523420232, 27.993064950590547], [-82.42801082745171, 27.993064512705473]], [[-82.42261250763586, 27.99314168500912], [-82.4226800609907, 27.99314065349425], [-82.42273489903052, 27.993139813540797], [-82.4228359017104, 27.993138268526042], [-82.42293907274238, 27.99313669150097], [-82.42300940234243, 27.993135615189683], [-82.42301683857968, 27.993135502074747], [-82.42316679230373, 27.993133207032947], [-82.4232526134654, 27.993131895225677], [-82.4233074525133, 27.993131055943262], [-82.42342611406264, 27.99312923955897], [-82.42348095311046, 27.993128401109796], [-82.42348869838177, 27.99312828250566], [-82.42353765045004, 27.993127533452935], [-82.42369348855594, 27.99312501215982], [-82.42370123379487, 27.993124885422127], [-82.4238031642175, 27.993123235768937], [-82.42390571373038, 27.993121576912568], [-82.42392925951823, 27.99312119660893], [-82.42395311534726, 27.99312080812619], [-82.42408695689123, 27.993118641163818], [-82.42410957354174, 27.99311827813316], [-82.42424341406428, 27.99311611192413], [-82.4243778746693, 27.993113931037612], [-82.42446338951873, 27.99311255083711], [-82.42466384301044, 27.993109370039132], [-82.42470287932296, 27.993108751358818], [-82.42474222669986, 27.993108126292203], [-82.42484477732182, 27.993106500121456], [-82.4248996151952, 27.99310562862361], [-82.42497118278126, 27.99310449514452], [-82.42505762277139, 27.993103120739743], [-82.42519146444059, 27.993100999627575], [-82.4252463022959, 27.993100125284325], [-82.4254430381295, 27.993097002674425], [-82.42545303103114, 27.99309684812912], [-82.42549423662055, 27.993096176490127], [-82.4256435685092, 27.9930937444085], [-82.42565069363151, 27.993093626699697], [-82.42578422499064, 27.99309145272909], [-82.42590226484057, 27.993089526942136], [-82.42594099203856, 27.993088898038888], [-82.42601194036993, 27.993087739766445], [-82.42622385419442, 27.993084284761423], [-82.42644764153725, 27.99308064100605]], [[-82.42222170050364, 27.99314593468691], [-82.42221176419342, 27.99314600489966], [-82.42206241272868, 27.993147113091222], [-82.42198680678852, 27.99314767088298], [-82.42196480743553, 27.993147828628462], [-82.42178539900432, 27.99314915598236], [-82.42177951182924, 27.99314919569658], [-82.42161590650952, 27.993150403971587], [-82.42156230091915, 27.993150800227625], [-82.42147678001773, 27.99315143054593], [-82.42144362546911, 27.993151674736325], [-82.421429000495, 27.99315175926137], [-82.42131249171514, 27.993152430291936], [-82.42125826567263, 27.993152748918313], [-82.42114237704233, 27.993153421514695], [-82.42112037755528, 27.99315354573637], [-82.42099054508674, 27.993154301512167], [-82.42093786832756, 27.99315460353805], [-82.42082166963021, 27.993155279520504], [-82.42078386692131, 27.99315549716712], [-82.42069927467233, 27.993155988799067], [-82.42069276733511, 27.993156024949503], [-82.4205920617866, 27.99315660912316], [-82.42035780598998, 27.99315796698858]], [[-82.4379830897622, 27.99310220854166], [-82.43884826672529, 27.99310124883401]], [[-82.43884826672529, 27.99310124883401], [-82.43884541128257, 27.992822190986164]], [[-82.41865196905316, 27.993171576606805], [-82.4186689258761, 27.993171409475543], [-82.41868627714865, 27.993171241141248], [-82.41879038680837, 27.993170229278626], [-82.41882787888846, 27.993169864228484], [-82.41886599007752, 27.993169493672756], [-82.41895088910663, 27.99316866834243], [-82.41903578813023, 27.993167842057304], [-82.41911975798654, 27.99316702577088], [-82.41926786592701, 27.99316558526029], [-82.41929141538127, 27.993165355539343], [-82.41935958224033, 27.993164692870174], [-82.41938158138626, 27.993164478690318], [-82.41958577290461, 27.993162492292786], [-82.41961165786395, 27.99316233931517], [-82.41963334830804, 27.993162217180284], [-82.41973405283201, 27.99316162649251], [-82.41977092735172, 27.993161406553256], [-82.4198397163865, 27.99316100705527], [-82.41984622370389, 27.993160965530787], [-82.42000642236641, 27.993160026952147], [-82.42009101461707, 27.993159533039154], [-82.42016011369265, 27.993159126116932], [-82.4201663109607, 27.99315909093906], [-82.42035780598998, 27.99315796698858]], [[-82.41519770303714, 27.99335603814503], [-82.41519869464226, 27.993261423832276], [-82.41519977956163, 27.993157732801606], [-82.41520057045192, 27.993082371999414], [-82.415201349253, 27.993007836035233], [-82.4152018440742, 27.99296080366331], [-82.41520219832157, 27.992926698732276], [-82.4152034137221, 27.992810630755503], [-82.41520420558919, 27.99273499471169], [-82.41520528557047, 27.99263240372534], [-82.4152069384774, 27.992473979828027], [-82.4152079556721, 27.99237702457544]], [[-82.4424560147212, 27.993292905366147], [-82.44243085258174, 27.993274621422124], [-82.44240639605229, 27.993256849575793], [-82.44227476225231, 27.99316119634455], [-82.44224071487794, 27.993136454433635], [-82.44222608993286, 27.993125825078614], [-82.44198895894111, 27.99295350742279], [-82.4418784265409, 27.992873184666944], [-82.44185368244706, 27.992871857318445], [-82.44176460310156, 27.992867078287503], [-82.44173274510659, 27.99286536858836], [-82.4417015053627, 27.992863692992383], [-82.4414701470195, 27.992851280597158], [-82.44142653523888, 27.992848940776938], [-82.44120569222143, 27.992837092479057], [-82.44099907805436, 27.992826006755305], [-82.44089169748813, 27.99282024807617], [-82.44071538601169, 27.99282114711051], [-82.44065837154174, 27.992821438103526], [-82.4404863979237, 27.992822313920275], [-82.44044177794996, 27.99282254256239], [-82.44032031148677, 27.992823160745736], [-82.44026329701232, 27.992823451574978], [-82.44011549224015, 27.99282420352786], [-82.44009690050356, 27.99282430002568], [-82.43986747220697, 27.992825470823327], [-82.43968929938183, 27.992824899058828], [-82.4395039998956, 27.992824306524312], [-82.43945906933666, 27.992824159536053], [-82.43938934999103, 27.992823939230703], [-82.43926788245574, 27.992823544888576], [-82.43918576820226, 27.99282328646421], [-82.43909032977662, 27.9928229739767], [-82.43884541128257, 27.992822190986164]], [[-82.43576942287397, 27.99332445811424], [-82.43604984378524, 27.99332659229798], [-82.43609415313944, 27.99332692826451], [-82.43620074447995, 27.993327738970457], [-82.43624505384525, 27.993328077595542], [-82.4363916164333, 27.993329192699644], [-82.43640927896291, 27.993329324350466], [-82.43651617937225, 27.993330137440655], [-82.43653477115623, 27.993330281466616], [-82.43679705475023, 27.99333227587707], [-82.43679740355923, 27.993423593050636], [-82.43679805673666, 27.993594950142164], [-82.43679845821696, 27.99370084464413], [-82.43679852724064, 27.993718722932574], [-82.43679965093972, 27.99401385280178], [-82.43680052671634, 27.994243698743016]], [[-82.434826027138, 27.993328732948846], [-82.43506242694058, 27.993326358221925], [-82.43518327507392, 27.993326032698377], [-82.43524648774323, 27.993325863326906], [-82.43533851864548, 27.993325614431814], [-82.43540266152611, 27.99332544294624], [-82.43548012827308, 27.993325233750774], [-82.43552412877597, 27.99332511516291], [-82.43576942287397, 27.99332445811424]], [[-82.43482549088822, 27.99336179888091], [-82.434826027138, 27.993328732948846]], [[-82.43885677169008, 27.99353518876447], [-82.43885319261581, 27.993352581701323], [-82.43884826672529, 27.99310124883401]], [[-82.43577626926432, 27.99368551517353], [-82.43577627391696, 27.993718521637085], [-82.43577627645423, 27.993732549562736], [-82.43577628993526, 27.993823866900794], [-82.43577630046188, 27.993896755269567], [-82.43577630780004, 27.993947364997585], [-82.43577632910464, 27.994087642456357], [-82.4357763481711, 27.99424252900279]], [[-82.42643855465519, 27.99379352968147], [-82.42643978506703, 27.99369699249933], [-82.42644165312757, 27.993550398531116], [-82.4264447566102, 27.993306992122058], [-82.42644590516471, 27.993216780170133], [-82.42644764153725, 27.99308064100605]], [[-82.41623198766897, 27.993879526075116], [-82.41623315706579, 27.993783263431396], [-82.41623502166826, 27.99362979224397], [-82.41623678279292, 27.993484847330443], [-82.41623830717883, 27.99335952241377], [-82.41596369583823, 27.99335860626067], [-82.41551841641835, 27.993357113429383], [-82.41548216166807, 27.99335699195284], [-82.41519770303714, 27.99335603814503]], [[-82.42261394125524, 27.993860078474434], [-82.42264172943416, 27.99385964203672], [-82.42266651569103, 27.993859261745264], [-82.42272073493605, 27.993858415574902], [-82.42279168507426, 27.993857317610868], [-82.42291809264881, 27.993855355116146], [-82.42301971499465, 27.993853776471298], [-82.42302746030107, 27.993853653380597], [-82.42316130414669, 27.993851576643564], [-82.42321583243289, 27.993850728424654], [-82.42338065854922, 27.993848169890285], [-82.42353928859684, 27.993845705141734], [-82.4235640747922, 27.993845311152583], [-82.42358669160787, 27.993844950913466], [-82.42362634830036, 27.99384432069925], [-82.42371278890592, 27.993842946230924], [-82.42376793620126, 27.993842068813624], [-82.42388597812894, 27.993840191669804], [-82.42395692709833, 27.993839062426442], [-82.42396436336453, 27.99383894474778], [-82.42411369654964, 27.993836569362408], [-82.42429494212192, 27.99383368656514], [-82.42431848910005, 27.993833311604476], [-82.42443807924565, 27.993831408454326], [-82.42446466577486, 27.993830981673998], [-82.42469113751477, 27.99382704100114], [-82.42469888276652, 27.993826905182747], [-82.42475402972183, 27.993825946154367], [-82.42483365062292, 27.99382456046142], [-82.42498266977441, 27.993821965817464], [-82.42502201616433, 27.993821282917725], [-82.42514098343727, 27.993819212331108], [-82.42518001975652, 27.993818531247175], [-82.42529805787305, 27.99381647603124], [-82.4254206746282, 27.99381434338109], [-82.42546652346232, 27.993813406514356], [-82.42547457765659, 27.993813241721785], [-82.42559229718438, 27.99381083439724], [-82.42560066143199, 27.993810664125682], [-82.42567129395991, 27.99380922003676], [-82.42569421837258, 27.99380875111235], [-82.42584415567975, 27.993805685245167], [-82.42594638588568, 27.99380359449968], [-82.42603281673955, 27.99380182786062], [-82.4260402518479, 27.99380167578179], [-82.42643855465519, 27.99379352968147]], [[-82.43885593548056, 27.993810154213097], [-82.43885677169008, 27.99353518876447]], [[-82.41780386697724, 27.993876085025377], [-82.41776358439459, 27.993876297646658], [-82.41766535747186, 27.993876815300602], [-82.41761237017914, 27.993877095340665], [-82.41746642306174, 27.993877862440453], [-82.41738214011785, 27.99387830958642], [-82.4172820527589, 27.993878833515637], [-82.4171819664424, 27.993879364588132], [-82.41711420457986, 27.993879719036155], [-82.4170590476605, 27.9938797067464], [-82.41691929592594, 27.99387967659933], [-82.41686599742553, 27.993879664012304], [-82.41680309369251, 27.993879650738087], [-82.41667294820365, 27.9938796210041], [-82.41623198766897, 27.993879526075116]], [[-82.42221647219222, 27.99386345795272], [-82.42220189498973, 27.993863564071873], [-82.42216378110098, 27.99386382095629], [-82.42173958085114, 27.993866784790807], [-82.42156853764065, 27.993867973415043], [-82.42140524103498, 27.993869111918343], [-82.42128687366439, 27.993869937526053], [-82.42125997773708, 27.993870284325535], [-82.42111218487273, 27.993872200691246], [-82.42096470205882, 27.99387411233943], [-82.42094270305242, 27.99387439806353], [-82.4207942910695, 27.99387632229968], [-82.42077260211622, 27.99387660253581], [-82.42067128467912, 27.993877915986634], [-82.42060219111576, 27.993878812258114], [-82.42036547503864, 27.993881880519417]], [[-82.43723258255248, 27.99381784472935], [-82.43725737191352, 27.993817751471425], [-82.4372920774269, 27.993817621262448], [-82.43761371998691, 27.993816411293867], [-82.4377540893286, 27.993815883315506], [-82.43780738686527, 27.99381568476776], [-82.43800570172345, 27.993814935945448], [-82.43803435120765, 27.993814829350118], [-82.43805325314726, 27.993814721312727], [-82.43837613139613, 27.993812882963258], [-82.43842106175319, 27.99381262692631], [-82.43885593548056, 27.993810154213097]], [[-82.42036547503864, 27.993881880519417], [-82.42036286998243, 27.993635713083844], [-82.42036090850728, 27.993450610601556], [-82.42035780598998, 27.99315796698858]], [[-82.41867281369468, 27.993891577067366], [-82.41868074728737, 27.993891505085518], [-82.41868632437442, 27.993891451106805], [-82.41871762058453, 27.993891166312512], [-82.4187563522558, 27.993890815553783], [-82.41888896947563, 27.99388960309577], [-82.4188951667134, 27.993889549024377], [-82.41902778495538, 27.993888339136625], [-82.41914397992342, 27.993887277541717], [-82.41924623214969, 27.993886344987605], [-82.41925211931834, 27.99388629274786], [-82.41935344235978, 27.993885367458915], [-82.41942966642792, 27.993884672059473], [-82.4194361738765, 27.99388465311389], [-82.4195012463113, 27.993884459135458], [-82.41963356066609, 27.99388406446604], [-82.41965649075301, 27.99388399720023], [-82.4197404653795, 27.993883746326535], [-82.41987215957496, 27.993883350613213], [-82.41987897710905, 27.99388333430955], [-82.41999579802118, 27.993882985694214], [-82.42006458826386, 27.99388278009446], [-82.42021146684928, 27.993882343087087], [-82.42036547503864, 27.993881880519417]], [[-82.41519970299582, 27.993944807349056], [-82.415199659594, 27.9939321547977], [-82.41519954840095, 27.99389942384143], [-82.4151992889351, 27.993822958962213], [-82.41519912692729, 27.993775375401956], [-82.41519882511672, 27.993686533201235], [-82.41519862076375, 27.99362657231982], [-82.41519826817897, 27.993523152747933], [-82.41519770303714, 27.99335603814503]], [[-82.44216227424272, 27.993877777387603], [-82.44212084813637, 27.993853841563457], [-82.44197696974213, 27.993770719454577], [-82.44194035054814, 27.993749565589432], [-82.4419351575145, 27.993746563724574], [-82.44186607480212, 27.993706653842157], [-82.44178634623545, 27.99366059031592], [-82.4416611676744, 27.993588270978165], [-82.4414782392753, 27.99357608929186], [-82.44143528792716, 27.993573228472403], [-82.44139017361258, 27.99357022478232], [-82.44122053224532, 27.993558926877448], [-82.44118716022531, 27.993556703929322], [-82.4411819068604, 27.99355635530801], [-82.44089332646695, 27.993537137275922], [-82.44074427928349, 27.993536856126877], [-82.44064945990351, 27.993536675396594], [-82.44040683262911, 27.99353621633511], [-82.44032471725507, 27.99353606418068], [-82.44017907887726, 27.99353578955225], [-82.44014716232027, 27.99353572386185], [-82.44002600371441, 27.993535493445407], [-82.4399943972822, 27.99353544026332], [-82.43987050694558, 27.993535203109197], [-82.43975337616803, 27.993535202316618], [-82.43969605005373, 27.993535200627726], [-82.43953708771856, 27.993535198034316], [-82.43936480033177, 27.993535197222478], [-82.43933226387755, 27.993535193784755], [-82.43924921890058, 27.993535195562373], [-82.43907786069157, 27.99353518871586], [-82.43907135321842, 27.99353519324992], [-82.43885677169008, 27.99353518876447]], [[-82.43510662011528, 27.994237505320427], [-82.43511975510319, 27.994237493539558], [-82.43523471256808, 27.994238375072822], [-82.43527220551232, 27.99423866429178], [-82.43538747408135, 27.99423954832224], [-82.43539367070993, 27.994239594578787], [-82.43542279743443, 27.99423981910179], [-82.43553992448474, 27.99424071697279], [-82.43554705137394, 27.994240771105016], [-82.43570167238265, 27.99424195706637], [-82.4357763481711, 27.99424252900279]], [[-82.41623259618984, 27.99429780720041], [-82.41623198766897, 27.993879526075116]], [[-82.4357763481711, 27.99424252900279], [-82.43583682654291, 27.994242598134427], [-82.435970071514, 27.994242750602815], [-82.43606520234893, 27.994242861374556], [-82.43613492306054, 27.994242938968256], [-82.43629326703989, 27.99424311980799], [-82.43643921705966, 27.994243286559044], [-82.43652164283361, 27.99424338138764], [-82.43660406860337, 27.994243475264458], [-82.43680052671634, 27.994243698743016]], [[-82.43680052671634, 27.994243698743016], [-82.43701278551013, 27.99424266430684], [-82.43703106745203, 27.994242575525398], [-82.43718755021045, 27.994241813722013], [-82.43721915702845, 27.99424165818774], [-82.43734868096195, 27.99424102793433], [-82.4373867951864, 27.994240840836614], [-82.43750702311308, 27.994240256244254], [-82.4375262352518, 27.994240159925496], [-82.43765885785227, 27.994239515911445], [-82.43780480532452, 27.99423880498312], [-82.43781069257602, 27.994238772703817], [-82.43782162025512, 27.994238718059844], [-82.43785415500267, 27.994239000702706], [-82.4379235626747, 27.994239605392455], [-82.43799328043015, 27.994240211766755], [-82.43811412494986, 27.994241263452377], [-82.43826037729356, 27.994242534561685], [-82.4383049962973, 27.99424292387271], [-82.4383626298025, 27.994243424190127], [-82.43848192491076, 27.994244463345836], [-82.43884806870811, 27.994247647687597]], [[-82.43884806870811, 27.994247647687597], [-82.43885200599591, 27.994028733544685], [-82.43885593548056, 27.993810154213097]], [[-82.44241830120237, 27.994254599783332], [-82.44233803374149, 27.994254494327752], [-82.44226862207474, 27.994254408056527], [-82.44218557711379, 27.994254295201404], [-82.44214033524669, 27.99425423943354], [-82.4420325003326, 27.994254096094604], [-82.44187353613162, 27.994253887760703], [-82.44169133236198, 27.994253650112057], [-82.44168699432116, 27.99425364419252], [-82.44166220436074, 27.99425361191465], [-82.44160611841427, 27.99425341843892], [-82.44149735436012, 27.994253043940475], [-82.44143971801212, 27.994252845447974], [-82.44136968759358, 27.994252604592702], [-82.4412485294642, 27.994252186655316], [-82.4412032882064, 27.99425203131235], [-82.44109545337595, 27.994251659831548], [-82.4409993944862, 27.994251328109446], [-82.44089333169603, 27.994250964323474], [-82.44073157860227, 27.994250698637497], [-82.4405608403577, 27.99425041913423], [-82.44041458100301, 27.99425017743444], [-82.44028164688866, 27.99424995969473], [-82.44014716237541, 27.99424973776476], [-82.43998819896434, 27.994249476713886], [-82.43986582072165, 27.99424927533255], [-82.43972761834746, 27.994249054957912], [-82.43958445776764, 27.99424882592889], [-82.4394326211032, 27.994248584769625], [-82.43923585256643, 27.994248269485603], [-82.43884806870811, 27.994247647687597]], [[-82.42644215305334, 27.99452233533547], [-82.42643855465519, 27.99379352968147]], [[-82.42263232819094, 27.99457837283712], [-82.42265148584278, 27.994578097379378], [-82.42267348486757, 27.99457778160128], [-82.4227289439584, 27.99457698485619], [-82.42279927678355, 27.99457597360877], [-82.4228234431754, 27.994575625875477], [-82.42297340249164, 27.994573469983102], [-82.42298114789538, 27.99457335862562], [-82.42305147969739, 27.99457234725237], [-82.42324884261855, 27.994569510090447], [-82.42325689909786, 27.994569394150346], [-82.42340623827093, 27.99456724691406], [-82.42341367361377, 27.99456714009655], [-82.42350011734867, 27.994565897499537], [-82.42350817281059, 27.994565781547866], [-82.42354535257311, 27.994565247419303], [-82.42371699858963, 27.994562732441533], [-82.42374054584249, 27.994562386454838], [-82.4237795849006, 27.99456181404696], [-82.42388213841942, 27.994560311302177], [-82.4239602155214, 27.99455916820293], [-82.42420343242763, 27.994555602631937], [-82.4242111788304, 27.994555487592486], [-82.42426632879393, 27.994554681254627], [-82.42428336885051, 27.994554429248634], [-82.42446432270974, 27.99455177723323], [-82.42473635885577, 27.99454804956846], [-82.42479119996749, 27.99454729902102], [-82.42489375485036, 27.994545893880307], [-82.42490119121994, 27.994545790588813], [-82.42505084178627, 27.99454374077213], [-82.42519150769054, 27.994541811521238], [-82.42519956317935, 27.994541703592116], [-82.42536501563889, 27.99453943582243], [-82.42540374475247, 27.994538902715874], [-82.42544874321132, 27.99453828883847], [-82.42554107029926, 27.994536806568785], [-82.42562689124765, 27.994535427396226], [-82.42566592803617, 27.994534801217878], [-82.42572138670097, 27.994533910319454], [-82.42587103075992, 27.994531508593557], [-82.42595778084787, 27.994530112800952], [-82.42617000877047, 27.994526703809566], [-82.42644215305334, 27.99452233533547]], [[-82.42015935346818, 27.99459587111629], [-82.41923128575591, 27.994606603267425], [-82.4182979491273, 27.994610122300806]], [[-82.42060356658124, 27.994596638334816], [-82.42064508823493, 27.994596302873767], [-82.42071635607459, 27.9945957265973], [-82.42072441174017, 27.994595661342967], [-82.42085765148231, 27.994594584948615], [-82.42094441254085, 27.99459388172486], [-82.42106277918734, 27.994592926461134], [-82.42110244143382, 27.994592602872224], [-82.4211888924377, 27.994591906760558], [-82.42126422876359, 27.994591296983497], [-82.42132651279653, 27.994591064657143], [-82.4213503731762, 27.99459097530684], [-82.42143713671874, 27.994590651678763], [-82.42144488345903, 27.994590621620517], [-82.42161035371907, 27.994590003404273], [-82.42166551115969, 27.994589799993072], [-82.42172097764652, 27.994589592904784], [-82.42185484178061, 27.994589089366357], [-82.42189419464553, 27.99458894607758], [-82.42194966212925, 27.994588734381935], [-82.42211451326858, 27.994588123775635], [-82.42223288287757, 27.994587674649477], [-82.42241357110984, 27.994587002423], [-82.42241170077239, 27.99529869829515]], [[-82.4182979491273, 27.994610122300806], [-82.41829940285675, 27.994426298039606], [-82.41830232079107, 27.99405636005861], [-82.418304684078, 27.99375710946101], [-82.41830579947084, 27.99361573553797], [-82.41830613495976, 27.993557801647796], [-82.4183069032654, 27.993426327303837], [-82.41830798271693, 27.99323956680749], [-82.41830941978249, 27.992995599685877], [-82.41830995768413, 27.992903458446115]], [[-82.4351289993741, 27.995146258634374], [-82.43514353774206, 27.995149356619454], [-82.43515097456672, 27.995149360158525], [-82.435158721441, 27.9951493563992], [-82.43527802354589, 27.99514935873043], [-82.43529320723373, 27.995149355788122], [-82.43537315472611, 27.995149356270016], [-82.43544070718966, 27.995149355347003], [-82.43545651105615, 27.995149357642116], [-82.4355197254581, 27.99514935507644], [-82.43561051858943, 27.99514935445954], [-82.43565761906376, 27.995149354144882], [-82.4356709433071, 27.995149354344566], [-82.4358243317037, 27.99514935288409], [-82.43584323329804, 27.995149352536266], [-82.43595728740503, 27.995148335849578], [-82.43598525372047, 27.99514940858404], [-82.43599609945893, 27.995149431951265], [-82.43608782157641, 27.99514962660349], [-82.43615010627992, 27.99514975844786], [-82.43619906561494, 27.995149863048145], [-82.43622493698619, 27.995149008519025]], [[-82.43622493698619, 27.995149008519025], [-82.43631433939464, 27.995149780700608], [-82.43641752692423, 27.99514962652073], [-82.43654736379335, 27.99514943278561], [-82.436554181422, 27.99514942287355], [-82.43661987402992, 27.99514932440111], [-82.43667255255392, 27.995149245566388], [-82.43680014417895, 27.995150447527998], [-82.4369764832328, 27.995150888056433], [-82.43701211521142, 27.995150976962925], [-82.4370551850919, 27.995151084633854], [-82.437146282097, 27.995151312151062], [-82.43721878739882, 27.995151493139296], [-82.4372339702347, 27.995151531496177], [-82.43738146047798, 27.99515189989365], [-82.43739633323156, 27.995151937414036], [-82.43761756808556, 27.995152489691286], [-82.43766187625987, 27.99515260045068], [-82.43775207148116, 27.995152825022203], [-82.43775550170105, 27.995152833955505], [-82.4377936173816, 27.995152928289038], [-82.43782334356827, 27.995153002398133], [-82.43786148060538, 27.995153098449688], [-82.43807529774112, 27.995151332763665], [-82.43821411954895, 27.9951520915531], [-82.43822279584771, 27.995152138803785], [-82.43830522070238, 27.995152591718792], [-82.43855342447041, 27.99515394630155], [-82.43868511838956, 27.995154669593266], [-82.43884623281784, 27.995155549741312]], [[-82.43884623281784, 27.995155549741312], [-82.43884725622924, 27.994649453663087], [-82.43884759499008, 27.994483597253403], [-82.43884806870811, 27.994247647687597]], [[-82.44238879966237, 27.995153054002], [-82.44237707007287, 27.995152936522366], [-82.44237056321579, 27.995152866311525], [-82.44230053635289, 27.99515214403816], [-82.44221935432745, 27.995151308705534], [-82.44216946818202, 27.995150794121628], [-82.44216822882261, 27.995150779156177], [-82.44199750041601, 27.995149018761396], [-82.441904233949, 27.99514805513893], [-82.44180910896857, 27.99514707305934], [-82.44175302607226, 27.995146494309534], [-82.44167339348462, 27.99514567262759], [-82.44166719673206, 27.995145608606716], [-82.44164860545773, 27.9951454165457], [-82.44155254562384, 27.99514579541431], [-82.4414936702417, 27.995146027765596], [-82.44142549874367, 27.99514629625002], [-82.44135422854215, 27.995146577353356], [-82.44119619351774, 27.995147181041332], [-82.44109072469877, 27.995147592482056], [-82.44100717250636, 27.995147918215515], [-82.44088894388794, 27.995148378543544], [-82.44066181104992, 27.995149719316196], [-82.44047836979021, 27.99515080065086], [-82.44037115626897, 27.995151433706106], [-82.44022427902453, 27.995152300144333], [-82.44005292239872, 27.995153309737336], [-82.43998289201822, 27.99515372332836], [-82.43986088350844, 27.995154443931032], [-82.43978310490269, 27.995154528460446], [-82.43957518019161, 27.99515475650698], [-82.43946827361545, 27.995154871699942], [-82.43932325192131, 27.995155030977436], [-82.43917854130869, 27.995155187303627], [-82.43900749038785, 27.995155375231427], [-82.43884623281784, 27.995155549741312]], [[-82.4264506363839, 27.995237399227364], [-82.42645034585256, 27.995212920492627], [-82.42644937462336, 27.995130959543467], [-82.42644622962234, 27.99486582361841], [-82.42644562364066, 27.994814666151328], [-82.42644372083032, 27.99465435375384], [-82.42644360357572, 27.994644451987995], [-82.42644215305334, 27.99452233533547]], [[-82.42446576396974, 27.99526842966597], [-82.42466373681013, 27.99526500562514], [-82.42485830102211, 27.995261639658377], [-82.42488029788271, 27.995261257657035], [-82.42498191775798, 27.99525950159015], [-82.42505100690352, 27.995258306232742], [-82.4251832981325, 27.99525601393083], [-82.42528925473609, 27.995254180156824], [-82.42533820636176, 27.995253337509116], [-82.4254234053182, 27.99525186382535], [-82.4254598061623, 27.995251232322197], [-82.42550008479532, 27.995250670027378], [-82.42564880597786, 27.99524859445356], [-82.42570271820826, 27.995247842805476], [-82.42575631935244, 27.995247093904233], [-82.42579411951944, 27.995246567171563], [-82.42589512666038, 27.99524515704732], [-82.42590132282345, 27.99524507017621], [-82.4264506363839, 27.995237399227364]], [[-82.4361709893323, 27.99523410524824], [-82.43622493698619, 27.995149008519025]], [[-82.42241170077239, 27.99529869829515], [-82.4226055174419, 27.995295474075014], [-82.42272169926483, 27.995293539563917], [-82.42276786254486, 27.995292771375894], [-82.4229773010703, 27.99528927931794], [-82.42314057735753, 27.995286564290584], [-82.42327225093527, 27.99528436957779], [-82.42342158367077, 27.995281883933863], [-82.42344853850234, 27.99528143455538], [-82.42353002740327, 27.995280393088947], [-82.42353591455488, 27.995280318105017], [-82.42366852742471, 27.995278623663925], [-82.42367472361757, 27.995278543209874], [-82.42379091528517, 27.99527705806723], [-82.42379742155356, 27.995276976652057], [-82.4239294142813, 27.99527528928507], [-82.42409301116817, 27.99527319841035], [-82.42423956671165, 27.995271321447433], [-82.42446576396974, 27.99526842966597]], [[-82.42015204500926, 27.995322649405267], [-82.4201350101592, 27.99532270596409], [-82.42012912279448, 27.99532272756096], [-82.42000672332306, 27.99532316914278], [-82.41996829938961, 27.995323308154067], [-82.41991531106143, 27.99532349975165], [-82.4198455888257, 27.99532375144495], [-82.41973000694192, 27.995324168355562], [-82.41955244961846, 27.9953248085624], [-82.4194994612866, 27.995324999999745], [-82.41947715110587, 27.995325080691718], [-82.41945546005711, 27.995325158589104], [-82.41932438354506, 27.99532563144539], [-82.41922646375167, 27.995325984147176], [-82.41829850051957, 27.995331732044207], [-82.4182990251474, 27.995059463711318], [-82.41829839013262, 27.994794132104364], [-82.4182979491273, 27.994610122300806]], [[-82.42515432512786, 27.995623021933536], [-82.4249999784123, 27.995624101860802], [-82.42445802243728, 27.995627911790457], [-82.42445965068416, 27.99555228582652], [-82.42446576396974, 27.99526842966597]], [[-82.43468648634268, 27.995632284610537], [-82.43468655868827, 27.9956102800673], [-82.43468734521264, 27.99537098516799], [-82.4346874026871, 27.995353382616905], [-82.43468779229443, 27.995142614981958], [-82.43468827708625, 27.99506529152414], [-82.43468856666264, 27.99493601705413], [-82.43468890892461, 27.994783638062593], [-82.43468922265352, 27.994643911821044], [-82.43468974052868, 27.994413418021104], [-82.43469003020029, 27.99428441877305], [-82.43468839472924, 27.994220891705982], [-82.43469335825439, 27.993896098432835], [-82.43469493722846, 27.9937354738155], [-82.43469659205076, 27.993567147803297], [-82.43469773860707, 27.99345052957857], [-82.43469902231979, 27.993328567759352], [-82.434826027138, 27.993328732948846]], [[-82.42241823434787, 27.995704833449437], [-82.42241801956641, 27.995691466728886], [-82.42241791351778, 27.995684866837305], [-82.42241735649637, 27.995650214248712], [-82.42241170077239, 27.99529869829515]], [[-82.42645936014364, 27.9956940062057], [-82.4264588028162, 27.995664769900245], [-82.42645784330759, 27.995614718083512], [-82.42645507996241, 27.99547006064885], [-82.42645223837623, 27.995321278544388], [-82.4264506363839, 27.995237399227364]], [[-82.42035820092009, 27.995714033904374], [-82.42035798631962, 27.995684140462373], [-82.4203565691343, 27.995485005718045], [-82.42035537111295, 27.995316676733143], [-82.42058684513346, 27.99531563416301], [-82.42059304255245, 27.99531560618375], [-82.4206618332965, 27.995315296499612], [-82.42066803071543, 27.995315268516993], [-82.42076780956931, 27.99531481885941], [-82.42086789849388, 27.99531436727805], [-82.42096798640344, 27.99531391652932], [-82.42117236500015, 27.99531299742914], [-82.42121016659385, 27.995312561290373], [-82.42121667390921, 27.99531248631095], [-82.4213170640642, 27.995311329601048], [-82.42133906348334, 27.995311075397854], [-82.42142427260956, 27.995310093265662], [-82.42150917064443, 27.995309112936678], [-82.42160956181037, 27.995307956912573], [-82.42166409576302, 27.995307326766504], [-82.42173288156566, 27.995306534675443], [-82.42181809067083, 27.995305549592107], [-82.42188749659745, 27.995304749204628], [-82.42189400290533, 27.99530467690345], [-82.42205791379817, 27.995302783308713], [-82.42206411004031, 27.995302714658386], [-82.4222487200833, 27.995300578626328], [-82.42230170471836, 27.99529996742334], [-82.42241170077239, 27.99529869829515]], [[-82.43882453738877, 27.996267470893855], [-82.438844792145, 27.995997106312075], [-82.4388451247479, 27.99580287916162], [-82.43884512923705, 27.99579997158998], [-82.43884543077903, 27.995623676275166], [-82.438845500646, 27.995582695014328], [-82.43884568437606, 27.995475702270607], [-82.43884623281784, 27.995155549741312]]]}, "properties": {"FACILITYID": "271478", "projid": "1002935", "projname": "Belmont Heights Gravity Sewer CIPP Lining", "projdesc": "This project includes the rehabilitation of approximately 143,264 linear feet of 8-inch, 5,581 linear feet of 10-inch, 1,604 linear feet of 12-inch, 3,317 linear feet of 15-inch, and 3,744 linear feet of 18-inch diameter gravity sewers and the rehabilitation of manholes.", "rationale": "The collection system rehabilitation project will restore aging sewer pipes and manholes to restore their service life.  Project impacts will be minimal compared to a collection system “open cut” replacement project since the rehabilitation methods are trenchless.  The collection system rehabilitation will reduce pipeline failures and blockages that cause wastewater overflows that impact public health, safety, and the environment.  Additional project benefits include reduction in leaks that allow ground water and stormwater runoff to enter the collection system and cause wastewater overflows, reduction in energy needed to treat and convey the additional wastewater flow caused by leaking pipelines/manholes and reduction in pipeline failures that cause roadway depressions and cave ins.", "projtype": "Wastewater", "safety": "No", "mandate": "No", "repair": "No", "replace": "No", "expand": "No", "efficient": "No", "fiscalyr": "2026", "fundsource": "PIPES", "planstart": 1767052800000, "planend": 1806364800000, "estcost": 7970000, "pocname": "Charlie Lynch", "pocphone": "8132748916", "pocemail": "charlie.lynch@tampagov.net", "funded": "Yes", "projphase": "P4: Construction", "actstart": null, "actend": null, "actcost": null, "status": "Construction in Progress", "docpath": null, "CreationDate": 1770920110000, "Creator": "SSME", "EditDate": 1773669253000, "Editor": "SSME", "MultiYear": "Yes", "NumVotes": null, "ShowPublic": "Yes", "EBO": null, "JobsCreated": null, "Neighborhood": "Belmont Heights", "Council": null, "EBOAttained": null, "ContractNumber": "26-C-00014", "ActivityStatus": null, "ProjectSiteURL": null, "RelatedProject": null, "MapScale": 6000, "WMBESLBE": null, "ORACLEID": null, "EBUILDERID": null, "COMPROCUREMENT": null, "WATER": null, "WASTEWATER": null, "STORMWATER": null, "TRANSPORTATION": null, "OBJECTID": 38968, "GlobalID": "{73448045-0358-41BC-8D76-C7CEF0C350FD}", "ProjectNumerical": null, "Shape__Length": 157358.81338202063}}, {"type": "Feature", "id": 38969, "geometry": {"type": "LineString", "coordinates": [[-82.42239780556868, 27.9768626559184], [-82.4224038479699, 27.977014624161786], [-82.42243986199755, 27.97780071217984], [-82.42245036258811, 27.978558900096964], [-82.42243498948943, 27.979261570754364], [-82.42240140057072, 27.980088215419002], [-82.42240271194434, 27.980768903401408]]}, "properties": {"FACILITYID": "350537", "projid": "TRANS20204", "projname": "N 34th Street ADA Improvements from 29th Ave to 33rd Ave", "projdesc": "This is a subproject of the Hillsborough County Resurfacing Tax Project funded by the AFT Surtax Network Operating Fund. The project provides pedestrian accessibility and safety improvements along the N 34th street corridor, spanning approximately 0.25 miles from E 29th Ave to E 33rd Ave. N 34th street is a collector roadway serving as a critical access route for the Jackson Heights neighborhood. The project will include ADA pedestrian ramps.", "rationale": "This project will provide updated pedestrian curb ramps to comply with ADA standards and best practices.", "projtype": "Transportation", "safety": "Yes", "mandate": "No", "repair": "No", "replace": "No", "expand": "No", "efficient": "No", "fiscalyr": "TBD", "fundsource": "Tax - Other", "planstart": null, "planend": null, "estcost": 78000, "pocname": "Michelle Adejumo", "pocphone": "813-274-8512", "pocemail": "michelle.adejumo@tampagov.net", "funded": "Yes", "projphase": "P2: Design", "actstart": null, "actend": null, "actcost": null, "status": "30% Design Completion", "docpath": null, "CreationDate": 1771598261000, "Creator": "PWLR", "EditDate": 1773833778000, "Editor": "PWLR", "MultiYear": "No", "NumVotes": null, "ShowPublic": "Yes", "EBO": null, "JobsCreated": null, "Neighborhood": "Jackson Heights", "Council": "5", "EBOAttained": null, "ContractNumber": null, "ActivityStatus": null, "ProjectSiteURL": "https://www.tampa.gov/project/trans20204", "RelatedProject": null, "MapScale": 6000, "WMBESLBE": null, "ORACLEID": "1002814", "EBUILDERID": null, "COMPROCUREMENT": null, "WATER": null, "WASTEWATER": null, "STORMWATER": null, "TRANSPORTATION": null, "OBJECTID": 38969, "GlobalID": "{4AD42620-D96D-4452-844D-1035DED170D6}", "ProjectNumerical": null, "Shape__Length": 1420.711580781274}}, {"type": "Feature", "id": 38979, "geometry": {"type": "MultiLineString", "coordinates": [[[-82.41632383235735, 28.03063991409609], [-82.41632739774008, 28.03016683574109], [-82.41633215811487, 28.02953494404525], [-82.41633711945913, 28.028431752725986], [-82.41634118603307, 28.027337043841726], [-82.41727137436533, 28.027242167058365], [-82.41817938958224, 28.0272181234752], [-82.41839592943441, 28.027222519580803], [-82.41837865619497, 28.02704335005487]], [[-82.40973452361776, 28.03287711829471], [-82.4099213409119, 28.032534128235653], [-82.41074365075994, 28.03253256663776], [-82.41157068040162, 28.03253099049172], [-82.41273097349797, 28.03252892391396], [-82.41395823273243, 28.032524882489298], [-82.41436814654703, 28.03252431731291], [-82.41447051691398, 28.032440359251563], [-82.41446890060911, 28.031557446161568], [-82.41446723585088, 28.03064645749069], [-82.41542222636706, 28.03068168196435], [-82.4162932777304, 28.030641693268503]], [[-82.40563919678267, 28.037700083351318], [-82.40602596109541, 28.037277203937126], [-82.406442135866, 28.03678057405563], [-82.40679531465948, 28.03637270947361], [-82.40693825999273, 28.036217051813203], [-82.40738215667447, 28.0356838780078], [-82.40784065198609, 28.035139770107985], [-82.40831183641758, 28.034593836197406], [-82.40840327116355, 28.034479403029103], [-82.4088001569371, 28.034028521072138], [-82.40914613218963, 28.033626162984746], [-82.409712941242, 28.032916741370432]], [[-82.40517424350745, 28.03770554244907], [-82.40563919678267, 28.037700083351318]], [[-82.40450104708397, 28.039053683388566], [-82.40504907225063, 28.038393835117564], [-82.40563919678267, 28.037700083351318]], [[-82.40449912709447, 28.039872742626756], [-82.40450234314916, 28.03918075252042]], [[-82.4016613822857, 28.0449738265691], [-82.40166138787622, 28.044288950014224], [-82.40164980151086, 28.043587642028807], [-82.40275959071126, 28.043597877908194], [-82.40308058431253, 28.04292394436462], [-82.40343344418764, 28.042163458938685], [-82.40378883126043, 28.04139794956966], [-82.40415286143977, 28.04062967320384], [-82.4044909667051, 28.03989058191723]]]}, "properties": {"FACILITYID": "271306", "projid": "1002971", "projname": "Busch Blvd Trunk Sewer Rehabilitation by CIPP Lining", "projdesc": "This project includes the rehabilitation of approximately 4,660 linear feet of 8-inch, 1,130 linear feet of 10-inch, 504 linear feet of 12-inch, 1,421 linear feet of 18-inch, 1,751 linear feet of 21-inch, 855 linear feet of 24-inch and 2,624 linear feet of 30-inch diameter gravity sewers.", "rationale": "The collection system rehabilitation project will restore aging sewer pipes and manholes to restore their service life.  Project impacts will be minimal compared to a collection system “open cut” replacement project since the rehabilitation methods are trenchless.  The collection system rehabilitation will reduce pipeline failures and blockages that cause wastewater overflows that impact public health, safety, and the environment.  Additional project benefits include reduction in leaks that allow ground water and stormwater runoff to enter the collection system and cause wastewater overflows, reduction in energy needed to treat and convey the additional wastewater flow caused by leaking pipelines/manholes and reduction in pipeline failures that cause roadway depressions and cave ins.", "projtype": "Wastewater", "safety": "No", "mandate": "No", "repair": "No", "replace": "No", "expand": "No", "efficient": "No", "fiscalyr": "2027", "fundsource": "PIPES", "planstart": 1798761600000, "planend": 1830297600000, "estcost": 1500000, "pocname": "Charlie Lynch", "pocphone": "8132748916", "pocemail": "charlie.lynch@tampagov.net", "funded": "Yes", "projphase": "P2: Design", "actstart": null, "actend": null, "actcost": null, "status": null, "docpath": null, "CreationDate": 1776263580000, "Creator": "SSME", "EditDate": 1777569530000, "Editor": "SSME", "MultiYear": "No", "NumVotes": null, "ShowPublic": "Yes", "EBO": null, "JobsCreated": null, "Neighborhood": null, "Council": null, "EBOAttained": null, "ContractNumber": "26-C-00035", "ActivityStatus": null, "ProjectSiteURL": null, "RelatedProject": null, "MapScale": 6000, "WMBESLBE": null, "ORACLEID": null, "EBUILDERID": null, "COMPROCUREMENT": null, "WATER": null, "WASTEWATER": null, "STORMWATER": null, "TRANSPORTATION": null, "OBJECTID": 38979, "GlobalID": "{08739856-FFFC-4821-B137-7B02EC308A49}", "ProjectNumerical": null, "Shape__Length": 10307.925424484187}}, {"type": "Feature", "id": 38980, "geometry": {"type": "MultiLineString", "coordinates": [[[-82.43170165583317, 27.98377076939257], [-82.43170169532807, 27.983682161663598], [-82.43163466390672, 27.983623076490698], [-82.4310334949299, 27.983624884950398], [-82.43089089947544, 27.98362521711413], [-82.43088185832414, 27.983625215656733], [-82.43061779801366, 27.98365523102702], [-82.43058150374664, 27.983658925407898], [-82.43028656252454, 27.983662785708386], [-82.42965874156751, 27.983714114565117], [-82.42909260209643, 27.98370744339149], [-82.4286820581211, 27.98370719480534], [-82.42860309031333, 27.983707059170904], [-82.42860169362942, 27.98370707164462], [-82.42850174934316, 27.983707947940495], [-82.42840319277248, 27.98370577150109], [-82.42829192905441, 27.983699908507635], [-82.42810971335783, 27.983698889318887], [-82.42799716909269, 27.983597581272424], [-82.42799204951805, 27.983176825999685], [-82.42799013388817, 27.982827070475143], [-82.42799886997305, 27.982589424289483], [-82.42800690371618, 27.981775863039196], [-82.42801435628989, 27.981619688598283], [-82.4280492764444, 27.981267881803408], [-82.42804903500289, 27.981240974486465], [-82.42805082212234, 27.981203148912368], [-82.42806961277354, 27.980259449916275], [-82.42806886128545, 27.980120102045618], [-82.42807508351781, 27.97898842478273], [-82.42807248389823, 27.97887478148485], [-82.4280730464096, 27.978699040693943], [-82.42804531929845, 27.97861353964561], [-82.42804661887082, 27.977852835931124], [-82.42806159707357, 27.977831778497727], [-82.4280611000212, 27.977501450803267], [-82.42806006091243, 27.9770340747532], [-82.42909686221088, 27.977038723738694], [-82.42940560687784, 27.977043917539948], [-82.43024607418054, 27.9770412915982], [-82.4305588653865, 27.977040313007596], [-82.43063049885345, 27.97704054451424], [-82.43065103964898, 27.977036377856614]], [[-82.4361717252634, 27.985893965866772], [-82.43609919063562, 27.985893800612224], [-82.43609940166542, 27.98556221513069], [-82.43609944604965, 27.985492901846765], [-82.43601899668985, 27.985320127160957], [-82.43590372173858, 27.98522505735102], [-82.43503532391631, 27.985219676005624], [-82.43499410016402, 27.98521961326878], [-82.43493466447839, 27.98527065469329], [-82.43493457693826, 27.985286332525938], [-82.43493252249603, 27.985688633051954], [-82.43488211252723, 27.985730282513895], [-82.43455972586612, 27.98584394377931], [-82.43455503901575, 27.9858455973622], [-82.43450020520027, 27.98585008591478], [-82.43442493304198, 27.98585957247201], [-82.43420804020418, 27.985859942409416], [-82.4327748008761, 27.985862380372314], [-82.4319727521269, 27.98586311217936], [-82.43197263273997, 27.98582703513008], [-82.43197281434809, 27.98581113139931], [-82.4319760892392, 27.985394231432927], [-82.43199191664401, 27.985360961325632], [-82.43198949209246, 27.985182149289834], [-82.43199065030919, 27.985004204943735], [-82.43173640169954, 27.98500381565814], [-82.43173344948843, 27.984570169320328], [-82.43172958475392, 27.984017915806312], [-82.43171404559729, 27.9838430279584]], [[-82.4361717252634, 27.985893965866772], [-82.43617172983203, 27.985895353757456]], [[-82.43887240587358, 27.986779548488855], [-82.43889326896337, 27.9867747677323]], [[-82.43887240587358, 27.986779548488855], [-82.43887099307632, 27.986776344031256], [-82.43879164365579, 27.98659686624551], [-82.43879248591605, 27.98647270654331], [-82.43879664860556, 27.985975744825183], [-82.43879684221906, 27.985887724145893], [-82.438712118201, 27.985815032845665], [-82.43861916474147, 27.98581482214819], [-82.43812338666265, 27.985821948476826], [-82.43739524740313, 27.985820292625633], [-82.43628851771555, 27.985817769622997], [-82.43621589144115, 27.985882972527143], [-82.43620356539765, 27.985894039057502], [-82.4361717252634, 27.985893965866772]], [[-82.43888529439356, 27.98680876886974], [-82.43892034082393, 27.986799745746477]], [[-82.43888529439356, 27.98680876886974], [-82.43887240587358, 27.986779548488855]], [[-82.44692220021287, 28.019218140063302], [-82.44684005499151, 28.019218670666735], [-82.44683988658429, 28.019177878943637], [-82.44682110288007, 28.019108427832112], [-82.44682065227195, 28.018983511312584], [-82.44672238990304, 28.018983830740076], [-82.44656563501474, 28.018983944914343], [-82.44652376614872, 28.0189469596576], [-82.44652545789418, 28.018787156448493], [-82.44652896876393, 28.018160246703626], [-82.44652650601031, 28.01814572780273], [-82.44643428320902, 28.017602084310138], [-82.4463424529792, 28.017519608630085], [-82.44631549172712, 28.017495394438072], [-82.44619385698077, 28.017386150862066], [-82.44584472653663, 28.01738425808672], [-82.4457662374989, 28.017317677903378], [-82.44576521903919, 28.01716518750766], [-82.44575219361403, 28.016549227763363], [-82.44569295627728, 28.01644263834967], [-82.44558779128685, 28.016349462253725], [-82.44529243756196, 28.016036183258894], [-82.44525285896256, 28.01598158696098], [-82.44513995166763, 28.01582736987362], [-82.4451246398269, 28.01576624635924], [-82.44515737526852, 28.015706938990903], [-82.44582968561083, 28.015506778649723], [-82.44577802625486, 28.01537721742617], [-82.44574398538386, 28.01527545717635], [-82.44510080302878, 28.014577970331434], [-82.44508091772346, 28.01451339457049], [-82.44507414093378, 28.014309449577926], [-82.44507599356099, 28.014085610195064], [-82.4450747812774, 28.013256998014082], [-82.44508297956233, 28.01293662042755], [-82.44508525089996, 28.01191853237413], [-82.44506392782814, 28.011862239901443], [-82.44506456009846, 28.011559683080268], [-82.44505826320524, 28.010835704700533], [-82.44505810664788, 28.010817654395783], [-82.44506170007439, 28.01080183803631], [-82.44506229032983, 28.010799241710206], [-82.44510038584565, 28.010631581417073], [-82.44510043872282, 28.010617483871137], [-82.44510054695658, 28.010588902541706], [-82.44511147234813, 28.010182012332585], [-82.44511556248234, 28.00921381920198], [-82.4450691404079, 28.009120853900072], [-82.44506659071068, 28.008809258841254], [-82.445048983985, 28.007432243131277], [-82.44504730535112, 28.007333790692435], [-82.44502323453908, 28.006058879366464], [-82.44500352212044, 28.00470895652979], [-82.44500339591212, 28.00468368505759], [-82.44500109252697, 28.004224310076268], [-82.44499650269587, 28.00330865792712], [-82.44499497414884, 28.002781960838146], [-82.44499079844199, 28.001933381218755], [-82.44498979918991, 28.00149663057678], [-82.44498765167114, 28.00055812303062], [-82.44498698815686, 28.000268162991617], [-82.44498449682484, 28.000099024860834], [-82.44498448676465, 28.000098308382537], [-82.4449843435616, 28.000063448877917], [-82.44498371969517, 27.999952666043583], [-82.4449813149072, 27.99968480252988], [-82.44439828861854, 27.999684288625385], [-82.44285095400708, 27.999695364076004], [-82.44122275944854, 27.999694530703835], [-82.44082054208468, 27.99969056789409], [-82.44083297993934, 27.99878084398356], [-82.4408474913156, 27.99791798975035], [-82.44046206589103, 27.99791577500919], [-82.4402606191886, 27.997919241074655], [-82.43988298048549, 27.997925037519792], [-82.43980429592186, 27.9979270904187], [-82.43975182884037, 27.997927992783428], [-82.43968710220517, 27.997933292957384], [-82.43881393869904, 27.997933089859877], [-82.43881377482063, 27.997790228471928], [-82.43881377700177, 27.99777646043601], [-82.43882024356559, 27.997556467175002], [-82.43882042303838, 27.997127656138026], [-82.43881385509798, 27.996414253594757], [-82.43882095156138, 27.995864347996395], [-82.43882129683922, 27.99503969700016], [-82.43882137268703, 27.994858870494298], [-82.43882878090896, 27.99448961228188], [-82.43882892271857, 27.994338626372404], [-82.43890635263007, 27.994269923508956], [-82.43950366562677, 27.9942762692001], [-82.43975113271655, 27.994276462593017], [-82.43976813369295, 27.99427662570609], [-82.43978985108117, 27.994257302481657], [-82.43984134120284, 27.994211267513105], [-82.43984203584534, 27.993499343149125], [-82.43984577974577, 27.99337027602329], [-82.43985804471944, 27.993241624722643], [-82.439863504934, 27.993194763265084], [-82.43987162829437, 27.993089447037008], [-82.43987405250964, 27.992983906288767], [-82.43987411903281, 27.992915148007718], [-82.4398425764944, 27.992847392333015], [-82.43984456561721, 27.991819449417527], [-82.43983501809218, 27.99121322685107], [-82.43985214071535, 27.991146050970716], [-82.43987107596827, 27.991023784491386], [-82.43988998880057, 27.99090151446969], [-82.43989647551503, 27.99077823198264], [-82.4399012519572, 27.99044275547537], [-82.43990275893746, 27.990264789431997], [-82.439892058881, 27.990062616523492], [-82.43987392524906, 27.98990797376666], [-82.43985579268862, 27.989753331000102], [-82.43985692706028, 27.98965085349122], [-82.4398587234967, 27.989417697913147], [-82.43987765292385, 27.989400257888096], [-82.43987807825248, 27.98906875229204], [-82.43987829363319, 27.988901413496517], [-82.43983156748835, 27.988819889556172], [-82.43983186300697, 27.988760197901417], [-82.43984740140571, 27.988744867726343], [-82.43986118804462, 27.988222543889925], [-82.43987355570465, 27.98769101817951], [-82.43987460963977, 27.986956819648153], [-82.43936480002873, 27.98694946658681], [-82.4392478494117, 27.986947515527042], [-82.43889136291199, 27.986946734122785], [-82.43889155499996, 27.98682296183041], [-82.43888529439356, 27.98680876886974]]]}, "properties": {"FACILITYID": "1980266", "projid": "1001809", "projname": "Sulphur Springs PS FM Rehabilitation", "projdesc": "This project provides for the rehabilitation of the force main that serves the Sulphur Springs Pumping Station located at 7902 N 13th St. The scope includes approximately 24,500 linear feet of 42” and 48” force main extending to the force main discharge at E 29th Ave and N 26th St. As Part of this project the existing force main will be cleaned and rehabilitated to address significant clogging. The cleaning process will allow for a detailed inspection to assess overall condition of the force main. To maintain continuous service during cleaning, an abandoned force main in the vicinity will be reactivated and temporarily placed in service as a bypass to ensure the normal high flows from the PS are conveyed without interruption. The old force main will be left available long after the project is complete, providing more flexibility and resiliency for future challenges. ", "rationale": "The force main rehabilitation project will restore critical wastewater infrastructure by removing buildup and blockages that restrict flow and increase the risk of system failure. Cleaning the pipeline will improve the reliability and help prevent wastewater overflows that could impact the public health and environment, as well as enhance the overall system performance and extend service life of existing infrastructure.", "projtype": "Wastewater", "safety": "No", "mandate": "No", "repair": "No", "replace": "No", "expand": "No", "efficient": "No", "fiscalyr": "2026", "fundsource": "PIPES", "planstart": 1788220800000, "planend": 1822348800000, "estcost": 6068935, "pocname": "Charlie Lynch", "pocphone": "813-274-8916", "pocemail": "charlie.lynch@tampagov.net", "funded": "Yes", "projphase": "P2: Design", "actstart": null, "actend": null, "actcost": null, "status": null, "docpath": null, "CreationDate": 1776263580000, "Creator": "SSME", "EditDate": 1777569530000, "Editor": "SSME", "MultiYear": "No", "NumVotes": null, "ShowPublic": "Yes", "EBO": null, "JobsCreated": null, "Neighborhood": null, "Council": null, "EBOAttained": null, "ContractNumber": "20-C-00014", "ActivityStatus": null, "ProjectSiteURL": null, "RelatedProject": null, "MapScale": 6000, "WMBESLBE": null, "ORACLEID": null, "EBUILDERID": null, "COMPROCUREMENT": null, "WATER": null, "WASTEWATER": null, "STORMWATER": null, "TRANSPORTATION": null, "OBJECTID": 38980, "GlobalID": "{86C45591-3E35-4FE6-A248-7BEDE0D8D71A}", "ProjectNumerical": null, "Shape__Length": 23258.2532229833}}, {"type": "Feature", "id": 38981, "geometry": {"type": "MultiLineString", "coordinates": [[[-82.43073916556231, 27.95567300226373], [-82.43049794229488, 27.955688502383467], [-82.43050728850734, 27.952371291828317], [-82.43071144350571, 27.952320644110692]], [[-82.43131182807632, 27.956625156359337], [-82.4293765241332, 27.95665119041899], [-82.4293850636055, 27.958809329193638], [-82.42402858217558, 27.958746004159067], [-82.42404554284464, 27.957327157505496], [-82.42234883908262, 27.95732334673714]]]}, "properties": {"FACILITYID": "350702", "projid": "1002941", "projname": "Ybor PS FM Rehabilitation", "projdesc": "This project provides for the rehabilitation of the force main that serves the Ybor Pumping Station located at 1302 N 25th St. The scope includes approximately 1,090 feet of 72” force main along 26th Street, which will be rehabilitated or replaced due to its deteriorated condition. As a part of this project, a new 36” force main will be constructed from the Ybor Station to the intersection of 34th street and 3rd avenue to function as a temporary bypass to divert the normal high flows from the Ybor Pump Station during the replacement of the existing 72”. The 36” FM will be left available long after the project is complete, providing more flexibility and resiliency for future challenges. ", "rationale": "The force main replacement project will replace aging, deteriorated pipelines that have reached the end of their useful life and are susceptible to failure that can cause wastewater overflows that impact public health, safety, and the environment.  The new force main will provide additional capacity for future development and lower energy costs of public and private pumping stations. The addition of the new force main provides added operational flexibility and resiliency to better serve the community during future maintenance activities and high flow conditions.", "projtype": "Wastewater", "safety": "No", "mandate": "No", "repair": "No", "replace": "No", "expand": "No", "efficient": "No", "fiscalyr": "2028", "fundsource": "PIPES", "planstart": 1830297600000, "planend": 1861920000000, "estcost": 6898000, "pocname": "Charlie Lynch", "pocphone": "813-274-8916", "pocemail": "charlie.lynch@tampagov.net", "funded": "Yes", "projphase": "P2: Design", "actstart": null, "actend": null, "actcost": null, "status": "30% Design Completion", "docpath": null, "CreationDate": 1776263580000, "Creator": "SSME", "EditDate": 1777569530000, "Editor": "SSME", "MultiYear": "No", "NumVotes": null, "ShowPublic": "Yes", "EBO": null, "JobsCreated": null, "Neighborhood": null, "Council": null, "EBOAttained": null, "ContractNumber": "26-D-00030", "ActivityStatus": null, "ProjectSiteURL": null, "RelatedProject": null, "MapScale": 6000, "WMBESLBE": null, "ORACLEID": null, "EBUILDERID": null, "COMPROCUREMENT": null, "WATER": null, "WASTEWATER": null, "STORMWATER": null, "TRANSPORTATION": null, "OBJECTID": 38981, "GlobalID": "{995E3F9F-9774-4218-9A30-6D62407A678A}", "ProjectNumerical": null, "Shape__Length": 5554.93856115599}}, {"type": "Feature", "id": 38989, "geometry": {"type": "MultiLineString", "coordinates": [[[-82.44297023580776, 27.999668558274877], [-82.4429744946679, 27.999668540944644], [-82.443023199968, 27.999668184591513], [-82.44338726291954, 27.999667215934807], [-82.44541760000006, 27.999667337891363], [-82.44546560712406, 27.99966730419156], [-82.44614412421305, 27.99966683327422], [-82.44715024641191, 27.99966563060995], [-82.44781519121113, 27.99966483101065], [-82.44792585314563, 27.999664567110905], [-82.44955322470972, 27.999660680012997], [-82.4500660635831, 27.999659808167884], [-82.45021766043416, 27.999664638774277], [-82.4504039179211, 27.999670574830528], [-82.45099500187926, 27.999668079653805], [-82.45113030515749, 27.99967069224138], [-82.45113686494996, 27.99967071313168]], [[-82.45113962023527, 27.999770812528677], [-82.451302802437, 27.999769037113815], [-82.45135427386035, 27.9997688555282], [-82.4520367024727, 27.999767165947443], [-82.4522800537713, 27.99976630342628], [-82.45285954354488, 27.999764247156538], [-82.45318823281856, 27.999763082983836], [-82.45321703633515, 27.9997629772165]], [[-82.45940337280102, 27.999750442104393], [-82.45933090181201, 27.999750427037537], [-82.4592906264838, 27.999750418997003], [-82.45862512513612, 27.999759728790554], [-82.458610909551, 27.999760647929968], [-82.45859675640624, 27.99976214710654], [-82.45858269618282, 27.999764221706585], [-82.458491060909, 27.999779675080685], [-82.45847700068113, 27.99978174966995], [-82.45846284753152, 27.9997832488328], [-82.45844863194172, 27.999784167955475], [-82.45843438440848, 27.99978450603392], [-82.45838304204443, 27.999784665474916], [-82.45753417940968, 27.999787190445605], [-82.45739443636374, 27.999787313368625], [-82.45732546308969, 27.99978737494764], [-82.45696605802281, 27.999787690937303], [-82.456951660437, 27.999787406700797], [-82.45693729288027, 27.99978652857995], [-82.4569229879018, 27.999785060076245], [-82.45676967793757, 27.99976610005391], [-82.45675537194334, 27.99976463063368], [-82.45674100541139, 27.999763753391267], [-82.45672660782897, 27.999763469131146], [-82.45638595566511, 27.999763767333565], [-82.45564953226621, 27.99976460614076], [-82.4554589491408, 27.999771184431243], [-82.4553444084001, 27.99978859851479], [-82.45533550453278, 27.999789646817327], [-82.4553265468763, 27.99979023416798], [-82.4553175649145, 27.999790360469067], [-82.45527659013183, 27.99978988251311]]]}, "properties": {"FACILITYID": null, "projid": "W70033", "projname": "E Henry Ave WM Replacement", "projdesc": null, "rationale": "R and R", "projtype": "Water", "safety": "No", "mandate": "No", "repair": "No", "replace": "Yes", "expand": "No", "efficient": "Yes", "fiscalyr": "2037", "fundsource": "Yet to be Determined", "planstart": null, "planend": null, "estcost": 3708800.84, "pocname": "Nadine Maghsoudlou", "pocphone": "813-274-8970", "pocemail": "nadine.maghsoudlou@tampagov.net", "funded": "No", "projphase": "P1: Planning", "actstart": null, "actend": null, "actcost": null, "status": "Planning", "docpath": null, "CreationDate": 1776969977000, "Creator": "70747", "EditDate": 1777042119000, "Editor": "70747", "MultiYear": "No", "NumVotes": null, "ShowPublic": "Yes", "EBO": null, "JobsCreated": null, "Neighborhood": null, "Council": null, "EBOAttained": null, "ContractNumber": null, "ActivityStatus": null, "ProjectSiteURL": null, "RelatedProject": null, "MapScale": 6000, "WMBESLBE": null, "ORACLEID": null, "EBUILDERID": null, "COMPROCUREMENT": null, "WATER": null, "WASTEWATER": null, "STORMWATER": null, "TRANSPORTATION": null, "OBJECTID": 38989, "GlobalID": "{0E16522A-964E-4655-BDDE-3674930E0CE4}", "ProjectNumerical": null, "Shape__Length": 4639.495691925452}}, {"type": "Feature", "id": 38990, "geometry": {"type": "MultiLineString", "coordinates": [[[-82.48773522278292, 27.946504527560066], [-82.48773515663392, 27.94653820936464], [-82.48773500928958, 27.946613759694753], [-82.48773406265533, 27.946893439009745], [-82.48773385004179, 27.946962829713392]], [[-82.48773385004179, 27.946962829713392], [-82.48719919760657, 27.946961457032014], [-82.48688225264523, 27.94696158476295], [-82.48678634893032, 27.946961090079082], [-82.48653128994592, 27.946959774494047], [-82.48637646976294, 27.946959405608723], [-82.4852980467387, 27.946956714059112], [-82.48523532830897, 27.94695653085555], [-82.48515898047597, 27.946956308121898], [-82.48514872409831, 27.946955874110287]], [[-82.48913103060555, 27.94696625695074], [-82.48906805614708, 27.94696608362249], [-82.48901065660993, 27.946965925656865], [-82.48889130491881, 27.94696559694413], [-82.48863732791816, 27.946964897765564], [-82.48788663378491, 27.946963204289055], [-82.48773385004179, 27.946962829713392]], [[-82.48912887065983, 27.947711117702305], [-82.48906536648612, 27.947710754045485], [-82.48902672843022, 27.947710533047218], [-82.48833927770522, 27.94770840083515], [-82.48824974590404, 27.947708122810134], [-82.48811127103886, 27.947707692499407], [-82.48808142879844, 27.94770759977545], [-82.48791004779801, 27.94770706754086], [-82.4871919193598, 27.94770300158168], [-82.48655946975673, 27.947699544126912], [-82.48652785999697, 27.9476993751938], [-82.4863437890985, 27.947697809280434], [-82.48616416633313, 27.947695609261295], [-82.48599942363461, 27.94769359110432], [-82.4854926566127, 27.94768980501484], [-82.48530242779005, 27.947690796101195], [-82.48522357733052, 27.947691206698494], [-82.48514760421949, 27.94768899553441]], [[-82.48706463005986, 27.9485569625415], [-82.4870643306096, 27.948571079102955], [-82.48706566797485, 27.94912032457571], [-82.48706476128979, 27.949158778581154]], [[-82.48706476128979, 27.949158778581154], [-82.48700396452489, 27.949158197749867], [-82.48613784022004, 27.949150804695485], [-82.48606135376376, 27.949150151613818], [-82.48604130913583, 27.949149980541144], [-82.48562129245464, 27.949146571794532], [-82.48519424159967, 27.949142268807243], [-82.48514624753263, 27.949142229499973]], [[-82.48706476128979, 27.949158778581154], [-82.48706179169517, 27.94928465997253], [-82.48706116551055, 27.949843812677827], [-82.48706039814455, 27.94989474561606]], [[-82.48712844929588, 27.9491593825438], [-82.48706476128979, 27.949158778581154]], [[-82.48717057030508, 27.95143882149262], [-82.48716942118442, 27.951780545628264], [-82.48717418000699, 27.95218691011176]]]}, "properties": {"FACILITYID": null, "projid": "WTR-21-0014\r\n", "projname": "Armory Gardens", "projdesc": "Approximately 4,136 linear feet of water mains ranging from 2 to 6 inches in diameter will be replaced and upgraded.", "rationale": "The Armory Gardens project will improve the City of Tampa's water distribution system by replacing the existing water mains. This project will replace the aging water mains in this area with new and larger diameter water mains, improving water pressure, water quality, and increasing the capacity of the system while reducing the number of service interruptions that might have been caused by main breaks or leakage.", "projtype": "Water", "safety": "No", "mandate": "No", "repair": "No", "replace": "No", "expand": "No", "efficient": "No", "fiscalyr": "2027", "fundsource": "PIPES", "planstart": null, "planend": null, "estcost": null, "pocname": "Andre Bien-Aime", "pocphone": "813-274-8593", "pocemail": "andre.bien-aime@tampagov.net", "funded": "No", "projphase": "P3: Procurement", "actstart": null, "actend": null, "actcost": null, "status": "Project Startup", "docpath": null, "CreationDate": 1776965861000, "Creator": "70747", "EditDate": 1778085457000, "Editor": "70747", "MultiYear": "No", "NumVotes": null, "ShowPublic": "Yes", "EBO": null, "JobsCreated": null, "Neighborhood": "Armory Gardens", "Council": "6", "EBOAttained": null, "ContractNumber": null, "ActivityStatus": null, "ProjectSiteURL": null, "RelatedProject": null, "MapScale": 6000, "WMBESLBE": null, "ORACLEID": null, "EBUILDERID": null, "COMPROCUREMENT": null, "WATER": null, "WASTEWATER": null, "STORMWATER": null, "TRANSPORTATION": null, "OBJECTID": 38990, "GlobalID": "{0E4826BD-1DCB-44D9-AE2B-1EFA3DAF8AAC}", "ProjectNumerical": null, "Shape__Length": 4136.127602137271}}, {"type": "Feature", "id": 39017, "geometry": {"type": "MultiLineString", "coordinates": [[[-82.46164936487814, 27.93976293324041], [-82.46117211079003, 27.940303297657003]], [[-82.46117211079003, 27.940303297657003], [-82.46117023864282, 27.940302719163665], [-82.46113858919774, 27.94029294283675], [-82.46114830139815, 27.940262785948725], [-82.46114334877777, 27.940248195171826], [-82.46077789863418, 27.939956265144033]], [[-82.46117211079003, 27.940303297657003], [-82.46117064343343, 27.940304959402475]], [[-82.4628814211263, 27.94036570047662], [-82.46234766465511, 27.940360395426907], [-82.46227554740496, 27.940359678304876], [-82.46132399483963, 27.94035021518972], [-82.46117211079003, 27.940303297657003]]]}, "properties": {"FACILITYID": null, "projid": "WTR-24-0009", "projname": "Beach Place WM Replacement", "projdesc": "Approximately 976 Linear Feet of water mains ranging from 2 to 8 inches in diameter will be replaced and upgraded. The project area and the streets impacted by this project are shown on the attached map.", "rationale": "The Beach Place Project will improve the City of Tampa’s water distribution system by replacing the existing water mains and increasing the capacity of the system. This project will replace the aging water mains in this area with new and larger diameter water mains, improving water pressure and water quality while reducing the number of service interruptions that might have been caused by main breaks or leakage. It will also improve our ability to serve a growing population.", "projtype": "Water", "safety": "No", "mandate": "No", "repair": "No", "replace": "No", "expand": "No", "efficient": "No", "fiscalyr": "2028", "fundsource": "PIPES", "planstart": null, "planend": null, "estcost": 381744.87, "pocname": "Andre Bien-Aime", "pocphone": "813-274-8593", "pocemail": "andre.bien-aime@tampagov.net", "funded": "No", "projphase": "P2: Design", "actstart": null, "actend": null, "actcost": null, "status": "30% Design Completion", "docpath": null, "CreationDate": 1776966077000, "Creator": "70747", "EditDate": 1777042119000, "Editor": "70747", "MultiYear": "No", "NumVotes": null, "ShowPublic": "Yes", "EBO": null, "JobsCreated": null, "Neighborhood": null, "Council": null, "EBOAttained": null, "ContractNumber": null, "ActivityStatus": null, "ProjectSiteURL": null, "RelatedProject": null, "MapScale": 6000, "WMBESLBE": null, "ORACLEID": null, "EBUILDERID": null, "COMPROCUREMENT": null, "WATER": null, "WASTEWATER": null, "STORMWATER": null, "TRANSPORTATION": null, "OBJECTID": 39017, "GlobalID": "{2F48DEA6-4EE0-4EC7-AD6D-EED662783260}", "ProjectNumerical": null, "Shape__Length": 992.3660466438712}}, {"type": "Feature", "id": 39026, "geometry": {"type": "MultiLineString", "coordinates": [[[-82.44302750606502, 27.96513733784515], [-82.44302757037123, 27.96520086739492]], [[-82.44302757037123, 27.96520086739492], [-82.44528806488074, 27.965190924499506]], [[-82.44302757037123, 27.96520086739492], [-82.44302762907886, 27.96525804849861]], [[-82.44302762907886, 27.96525804849861], [-82.4430057833202, 27.965258079122297]], [[-82.44302762907886, 27.96525804849861], [-82.44303965394438, 27.96525809190395]], [[-82.44302762907886, 27.96525804849861], [-82.44302783330541, 27.965458124156292], [-82.44302836753828, 27.965980651034968]], [[-82.44427224234597, 27.96527037133757], [-82.44427621745719, 27.96595707355466], [-82.44427766478847, 27.96599727851681]], [[-82.44700571814674, 27.965510966310863], [-82.44700940172388, 27.965517190907544], [-82.44701754321599, 27.965519493583145], [-82.44702174755464, 27.965520876857607], [-82.44702621107145, 27.96552250745304], [-82.44705038368116, 27.96552255616525], [-82.44897708833682, 27.965524340091076], [-82.44904666951084, 27.965524402723858]], [[-82.43559954154327, 27.965950516330043], [-82.43680441791004, 27.96595217733097], [-82.4368060857945, 27.965952179255883], [-82.43681067476712, 27.965952185444515], [-82.43683376395781, 27.96595221682964], [-82.43786540355107, 27.965953847143826], [-82.4379057672164, 27.96595390640251], [-82.43795305024435, 27.965973063923926], [-82.43802269419085, 27.965973233901742], [-82.43807284944567, 27.965973242089976], [-82.43915408831596, 27.965974846510587], [-82.43926485353406, 27.965974924326787], [-82.43929500083516, 27.965975049179065], [-82.44047153170202, 27.965976778479416], [-82.44055128025994, 27.965976895882125], [-82.44173287502059, 27.965978466432706], [-82.44178875073452, 27.96597854694901], [-82.44285362957156, 27.965980845312327], [-82.44288040066148, 27.96598076998264], [-82.44299878290458, 27.965980674989563]], [[-82.44299878290458, 27.965980674989563], [-82.44299670503283, 27.965311824380684], [-82.44299659194645, 27.96520100322149], [-82.44302757037123, 27.96520086739492]], [[-82.44299878290458, 27.965980674989563], [-82.44302836753828, 27.965980651034968]], [[-82.44302838631458, 27.965999433761453], [-82.44302836753828, 27.965980651034968]], [[-82.44302838631458, 27.965999433761453], [-82.44309007213698, 27.965999384046754], [-82.44415844419845, 27.965997663380588], [-82.44427766478847, 27.96599727851681]], [[-82.44302838631458, 27.965999433761453], [-82.44301706033082, 27.966762592418803], [-82.44301705278289, 27.966790856861465], [-82.44301726635156, 27.96680805973923], [-82.44301756492527, 27.96688017044901], [-82.44301767569206, 27.966920232632877], [-82.44300167896799, 27.96692027871914], [-82.4429854636706, 27.96762637912957], [-82.44298035631391, 27.967926529342545], [-82.44297482672084, 27.968251465617808], [-82.44297505204354, 27.968475872826744], [-82.4429753463568, 27.968738822676467], [-82.44297528756584, 27.968757776200942], [-82.44297609503076, 27.969724981096714], [-82.44297736438473, 27.969863810191956], [-82.44297591652555, 27.96996423150667], [-82.44297421472088, 27.970505919813935]], [[-82.44427766478847, 27.96599727851681], [-82.44427787994641, 27.96604981258797]], [[-82.44427787994641, 27.96604981258797], [-82.44431574971118, 27.96604969031628], [-82.44438270796023, 27.966049750237683], [-82.44504354649962, 27.966050341647573], [-82.44541383995193, 27.966050671339776], [-82.44553362341001, 27.966050968495356]], [[-82.44427787994641, 27.96604981258797], [-82.4442805990266, 27.966713704929077], [-82.44428073965531, 27.966748040312254], [-82.44428096940229, 27.96680413434206], [-82.44428101128543, 27.966814360328478]], [[-82.44426636148035, 27.96604984977606], [-82.44427787994641, 27.96604981258797]], [[-82.44553362341001, 27.966050968495356], [-82.4455333234244, 27.965955409552276], [-82.44553109927368, 27.96541387084101], [-82.44552906794104, 27.965407038043917], [-82.44552631615623, 27.965402965347725], [-82.44552270070963, 27.965400439473086], [-82.44551261804848, 27.965397162072392], [-82.44551011867088, 27.965393916069676], [-82.4455092163409, 27.965379860328152], [-82.44550893295124, 27.965316795341813], [-82.44550887367691, 27.9653065694108], [-82.44552649519555, 27.96530648889741], [-82.445526130871, 27.965346466889823], [-82.44556039123223, 27.965346340622467], [-82.44563410018665, 27.965346993524825], [-82.44680870904745, 27.965349985219813], [-82.44681590512387, 27.965350025023138]], [[-82.44553362341001, 27.966050968495356], [-82.44679813891536, 27.966054043594585]], [[-82.44691444407994, 27.966225491268588], [-82.44699541494253, 27.966225228269334], [-82.44701817240258, 27.966225154342872], [-82.44702943882407, 27.966225117743065], [-82.4470516399655, 27.96624468659163], [-82.44705710410469, 27.966244705838584], [-82.44870642673037, 27.966250583450492], [-82.4489840286167, 27.966251571223072], [-82.44904739223608, 27.966251680308098]], [[-82.45119760353391, 27.966353926883077], [-82.45116880886229, 27.96635402670983], [-82.45111048586307, 27.966354267554056], [-82.44918098295746, 27.966375574841702], [-82.44904759868167, 27.966375454293225]], [[-82.44300121283845, 27.966762838359614], [-82.44299878290458, 27.965980674989563]], [[-82.4442538579378, 27.967663442547344], [-82.44435899367906, 27.967664181451994], [-82.4448067824742, 27.967659792812317], [-82.44514380290934, 27.96766117195341], [-82.44531108565656, 27.96766132374027], [-82.44544643496083, 27.967660391130337], [-82.4454734994932, 27.96766014468956], [-82.44560208632403, 27.967661588209147], [-82.44612564065521, 27.967656608790307], [-82.44635734415675, 27.96765743388816], [-82.4468200146584, 27.967657203778405], [-82.44691364374583, 27.967657189387875], [-82.44692058562008, 27.967657166841306]], [[-82.44293930068467, 27.970505921217587], [-82.44297421472088, 27.970505919813935]], [[-82.44297421472088, 27.970505919813935], [-82.44305524476624, 27.970505917908348], [-82.443066333911, 27.97050591739423], [-82.44422401911984, 27.970506830228736]], [[-82.44297421472088, 27.970505919813935], [-82.44297393308457, 27.970595735844846], [-82.44298875122901, 27.970647432361844], [-82.44299740092936, 27.970878843952562], [-82.4429946160559, 27.971294938179575]], [[-82.444277718772, 27.970506862595798], [-82.4442778404212, 27.970541521986792], [-82.44426797729653, 27.970726434286853], [-82.44426624231032, 27.971175313299806], [-82.44427122118607, 27.97129377108063]], [[-82.4429946160559, 27.971294938179575], [-82.4430884000077, 27.9712949845242], [-82.44411672775496, 27.971295390639824], [-82.44427122118607, 27.97129377108063]], [[-82.4429946160559, 27.971294938179575], [-82.4429904712002, 27.971922793690286]], [[-82.4443234257194, 27.971293223492346], [-82.44452152294485, 27.971291373495433], [-82.44480723996094, 27.971293160952836], [-82.44494741132081, 27.97129288550332]], [[-82.44427122118607, 27.97129377108063], [-82.4443234257194, 27.971293223492346]], [[-82.44427122118607, 27.97129377108063], [-82.44427650415786, 27.971419466111218]], [[-82.44427650415786, 27.971419466111218], [-82.4443225955491, 27.971419317274304], [-82.4443223837813, 27.971367627889453], [-82.4443234257194, 27.971293223492346]], [[-82.44427650415786, 27.971419466111218], [-82.44427655458682, 27.97187640505772]], [[-82.44427655458682, 27.97187640505772], [-82.44427663546263, 27.971883989555625], [-82.44427673677076, 27.971892095580724]], [[-82.44427655458682, 27.97187640505772], [-82.44430973049751, 27.971876538871058], [-82.44431058798742, 27.971925817633736], [-82.44431077376852, 27.971934197718678]], [[-82.4429904712002, 27.971922793690286], [-82.4430201289554, 27.971923104282933], [-82.44306904825947, 27.971923446693946], [-82.44431077376852, 27.971934197718678]], [[-82.4429904712002, 27.971922793690286], [-82.44298838909266, 27.97231534711957]], [[-82.44431077376852, 27.971934197718678], [-82.44488668288477, 27.97193241885525], [-82.44496044759, 27.971932191148024]]]}, "properties": {"FACILITYID": null, "projid": "WTR-20-0005.5-15th St", "projname": "FY20 CIP Water Main Improvements Design-Build_15th St – GMP5", "projdesc": "The 15th St project will improve the City of Tampa’s water distribution system by replacing the existing water mains and increasing the capacity of the system. It will also increase capacity to serve a growing population. Approximately 14,087 Linear Feet of water mains ranging from 2 to 24 inches in diameter will be replaced and upgraded.", "rationale": "This project will replace the aging water mains in this area with new and larger diameter pipes, improving water pressure and water quality while reducing the number of service interruptions that might have been caused by main breaks or leakage.", "projtype": "Water", "safety": "No", "mandate": "No", "repair": "No", "replace": "Yes", "expand": "Yes", "efficient": "Yes", "fiscalyr": "2028", "fundsource": "Yet to be Determined", "planstart": null, "planend": null, "estcost": 7453750.73, "pocname": "Nadine Maghsoudlou", "pocphone": "813-274-8970", "pocemail": "nadine.maghsoudlou@tampagov.net", "funded": "Yes", "projphase": "P1: Planning", "actstart": null, "actend": null, "actcost": null, "status": "Planning", "docpath": null, "CreationDate": 1776964664000, "Creator": "70747", "EditDate": 1777042119000, "Editor": "70747", "MultiYear": "No", "NumVotes": null, "ShowPublic": "Yes", "EBO": null, "JobsCreated": null, "Neighborhood": null, "Council": null, "EBOAttained": null, "ContractNumber": null, "ActivityStatus": null, "ProjectSiteURL": null, "RelatedProject": null, "MapScale": 6000, "WMBESLBE": null, "ORACLEID": null, "EBUILDERID": null, "COMPROCUREMENT": null, "WATER": null, "WASTEWATER": null, "STORMWATER": null, "TRANSPORTATION": null, "OBJECTID": 39026, "GlobalID": "{3EC9CE58-7DE2-4262-9062-AACF097E20C1}", "ProjectNumerical": null, "Shape__Length": 14010.042795483252}}, {"type": "Feature", "id": 39064, "geometry": {"type": "MultiLineString", "coordinates": [[[-82.41948678074594, 27.9644181287991], [-82.419486596957, 27.96446601139249], [-82.4194677211592, 27.96454201420242], [-82.41946732556288, 27.966586908177923], [-82.41946735664656, 27.966647514120485], [-82.41946730883409, 27.966707167355192]], [[-82.42812438672506, 27.966032343227496], [-82.42812424877562, 27.96605790899462]], [[-82.42812424877562, 27.96605790899462], [-82.42812389078901, 27.96609828493293], [-82.42812364129279, 27.966126490602562], [-82.42812343400983, 27.966139639393205], [-82.42812104058738, 27.966291620271566], [-82.42811786148046, 27.96649355751833], [-82.42811684889142, 27.966557871070503], [-82.42811634367324, 27.966626612082276], [-82.42813338004507, 27.96665332371922], [-82.42815933040397, 27.96669401034713], [-82.42815709458033, 27.96675046047483]], [[-82.42982237274609, 27.96606336573085], [-82.4298241550152, 27.96605786266933], [-82.42982667609633, 27.966052591927202], [-82.42982989869488, 27.966047632130767], [-82.42983377634755, 27.96604305652048], [-82.42983824935321, 27.966038932061256], [-82.42984325392393, 27.96603532031637], [-82.42984871403958, 27.966032273863068], [-82.42985455162233, 27.966029838968254], [-82.42986067736786, 27.966028050202503], [-82.42986700295961, 27.966026934914], [-82.42987343495629, 27.966026509638073], [-82.42987987682469, 27.96602678009075], [-82.42988623402842, 27.966027742957692], [-82.4298924130011, 27.966029383190183], [-82.42989832217684, 27.96603167761165]], [[-82.42982237274609, 27.96606336573085], [-82.42977457297846, 27.96606325423051], [-82.4287219265366, 27.966060649594915], [-82.42820724595805, 27.966058323044976], [-82.42812424877562, 27.96605790899462]], [[-82.42985096580745, 27.966063432533264], [-82.42982237274609, 27.96606336573085]], [[-82.41946730883409, 27.966707167355192], [-82.41941269437118, 27.966706918718224], [-82.41936644261894, 27.966706376556935], [-82.419356714238, 27.966706235648903], [-82.41934461744604, 27.966706035179296], [-82.41897840634549, 27.966704748480236], [-82.41882744162777, 27.966703221842998], [-82.41875969992734, 27.96670307967999], [-82.41846869463218, 27.96670556132818], [-82.41841778339463, 27.966706767455126], [-82.41834831592266, 27.966708484795404], [-82.41794193700056, 27.966709257638094]], [[-82.41946730883409, 27.966707167355192], [-82.41946730605956, 27.966732733617633]], [[-82.42229908413749, 27.96671461766456], [-82.4222957629954, 27.966651542002925], [-82.42229426665895, 27.966626945024956], [-82.42229503218256, 27.9657855259718], [-82.42229495968807, 27.965754110503333], [-82.42229481757957, 27.965728049262534]], [[-82.42229908413749, 27.96671461766456], [-82.42223350953327, 27.96671555977311], [-82.4222263299141, 27.966715594436977], [-82.42122093251332, 27.966720291942167], [-82.42102154256459, 27.966719689305663], [-82.42101336577673, 27.966719176485554], [-82.41957728989787, 27.96670766768528], [-82.41946730883409, 27.966707167355192]], [[-82.42481607278239, 27.966707163480635], [-82.42481620744816, 27.96662787621352], [-82.42481867987617, 27.966152826067482], [-82.42482045322897, 27.96601858945189]], [[-82.42481607278239, 27.966707163480635], [-82.4240596878922, 27.966700037438642], [-82.42394444405573, 27.96670111085975], [-82.42319703294285, 27.966706503179747], [-82.42256585680924, 27.966712188796876], [-82.42247904221472, 27.96671298508137], [-82.42229908413749, 27.96671461766456]], [[-82.42551082646901, 27.96670609164508], [-82.42481607278239, 27.966707163480635]], [[-82.4256223949585, 27.966706554259495], [-82.42575978233116, 27.966707180551662]], [[-82.42575978233116, 27.966707180551662], [-82.42576006769822, 27.966659472740904], [-82.42576039747408, 27.96658786169549], [-82.42574816649606, 27.966568231462407], [-82.42574812964017, 27.966558841074033], [-82.42574830243433, 27.96650679210489], [-82.42575052843294, 27.966016347573575], [-82.42575078307095, 27.96595977274909], [-82.42575092249835, 27.965928484778015]], [[-82.42575978233116, 27.966707180551662], [-82.42581398108035, 27.96670742885809], [-82.42584608546947, 27.966731973485107], [-82.42656439062456, 27.96672564810773], [-82.42663317163812, 27.966725679428386], [-82.42748195467877, 27.96672901377816], [-82.42785721271397, 27.966731105200772], [-82.42793553272799, 27.966731191939385], [-82.42794124574172, 27.966732456500072], [-82.42804250836927, 27.966749731360284], [-82.42812400834168, 27.966750250281674], [-82.4281396631164, 27.96675034957028], [-82.42815709458033, 27.96675046047483]], [[-82.42575966617889, 27.966732744446105], [-82.42575978233116, 27.966707180551662]], [[-82.42815709458033, 27.96675046047483], [-82.42823421279768, 27.966750950551273], [-82.4282395113257, 27.966750977377608], [-82.42824538209004, 27.966751006934913], [-82.4295365281301, 27.966757426262536], [-82.42988091524958, 27.966758417341936], [-82.42989510213026, 27.966758457847682], [-82.43043901579055, 27.966759386241016], [-82.43061251804717, 27.96676041991561]], [[-82.42815709458033, 27.96675046047483], [-82.42815673670401, 27.966766398186312], [-82.42815644698946, 27.966779262070023]], [[-82.43061251804717, 27.96676041991561], [-82.43068064899305, 27.966760812211895]], [[-82.43064409779231, 27.96748637102291], [-82.43064377175992, 27.967404249856727], [-82.4306435508511, 27.967151222377932], [-82.43064195195738, 27.966945870917325], [-82.43062334937018, 27.96687965148993], [-82.43061251804717, 27.96676041991561]], [[-82.43064412187138, 27.967492436057633], [-82.43064445512078, 27.96757637465764], [-82.4306465957692, 27.968115550891838], [-82.43064693313154, 27.968200522732854], [-82.43064702087067, 27.968222621619873], [-82.43064704942199, 27.968229812849806], [-82.43064708751074, 27.968239406269994], [-82.43064733092307, 27.968300714460256], [-82.4306470737587, 27.96832579870203]], [[-82.42796719094208, 27.9675408242313], [-82.4279672193719, 27.967548029902897], [-82.42796194018281, 27.96755471785412], [-82.42795753904646, 27.967559831974956], [-82.42795536402335, 27.96756886376216], [-82.42795538967182, 27.96757536465859]], [[-82.4264944579697, 27.96757012651291], [-82.42639298623757, 27.967570121530855], [-82.42625805386012, 27.96755513270251], [-82.42617638002814, 27.967554753995493], [-82.42587901351294, 27.96755343307514], [-82.42560856666294, 27.96755223129394], [-82.42553311003755, 27.967546392331766], [-82.42534685460609, 27.967545561337793], [-82.42519306192865, 27.967545285838725], [-82.42508405553414, 27.96753901877451], [-82.42505658977913, 27.967538825676698], [-82.42489575071008, 27.967538097845104]], [[-82.4264944579697, 27.96757012651291], [-82.42649423958048, 27.96759497691232], [-82.42649489712984, 27.967646920422766], [-82.426497365591, 27.968101520905467]], [[-82.42795538967182, 27.96757536465859], [-82.42701819700561, 27.96757561862107], [-82.42694055849265, 27.967570138240795], [-82.4264944579697, 27.96757012651291]], [[-82.42797086412855, 27.96757532826206], [-82.42795538967182, 27.96757536465859]], [[-82.426497365591, 27.968101520905467], [-82.42649749744658, 27.968126007447736]], [[-82.42230899777344, 27.96814492896442], [-82.42230953214003, 27.96787597325353], [-82.422310063723, 27.967716729228716], [-82.42231079040364, 27.967500299630018], [-82.42231217453977, 27.967073936189724], [-82.4223069061584, 27.966834686714595], [-82.42229908413749, 27.96671461766456]], [[-82.42652177032497, 27.96813847664069], [-82.42652179051291, 27.968133271465437], [-82.42651146136457, 27.96812047930486], [-82.426497365591, 27.968101520905467]], [[-82.42649761000088, 27.968147136174483], [-82.42649796725479, 27.968213695174434], [-82.4264977940424, 27.968238660940248], [-82.42649742835275, 27.968291447762972], [-82.4264975188617, 27.968313432044184]], [[-82.42812927080159, 27.969012115075998], [-82.42813185831565, 27.969018744263963], [-82.42813856027041, 27.969023576581556], [-82.42816591102245, 27.969026726622495], [-82.42819690231207, 27.96902878694671], [-82.42821699127181, 27.969039256477572], [-82.42850856779214, 27.969039673493086], [-82.42866167357172, 27.96904101225507], [-82.4294969491466, 27.969041990131426]], [[-82.4294968956274, 27.96902513775942], [-82.42949692053857, 27.96903296881065], [-82.4294969491466, 27.969041990131426]], [[-82.42795635492097, 27.969037733720807], [-82.42796420811995, 27.969025736095315], [-82.42798970770144, 27.96902134325396], [-82.42800670745467, 27.96901859487189], [-82.42802159261011, 27.96901881839086], [-82.42802193134902, 27.96901244901687]], [[-82.42795635492097, 27.969037733720807], [-82.42659350595322, 27.969036828284587], [-82.4265802954206, 27.969036757341534], [-82.42656794310199, 27.9690367793923], [-82.42655927625125, 27.96903679452894]], [[-82.4279644689332, 27.969037740971128], [-82.42795635492097, 27.969037733720807]], [[-82.4294969491466, 27.969041990131426], [-82.42951891889999, 27.969042015404], [-82.42952600431224, 27.969042023968232]], [[-82.42633239558243, 27.970479374038035], [-82.42633660679935, 27.970479420548642], [-82.42645407561486, 27.970480706125212], [-82.42650403490535, 27.970480742583828], [-82.42654544979263, 27.970480686394414], [-82.42789901865616, 27.970493177306015]], [[-82.4306524404771, 27.970490461593723], [-82.43065209127667, 27.970458065212693]], [[-82.4306524404771, 27.970490461593723], [-82.43063348205362, 27.97049093964951], [-82.430528962391, 27.97051525192696], [-82.42952219208895, 27.97051044729425], [-82.42865211230792, 27.970504898187748], [-82.42864095346732, 27.970504755176155], [-82.42850291137435, 27.970502991385647], [-82.42826716640012, 27.970500615650927]], [[-82.42240415661468, 27.971322781617904], [-82.42240406590577, 27.971418755206077], [-82.42242734851564, 27.971465269836905], [-82.42242624216324, 27.971599539486245], [-82.42242445214987, 27.971843251227565], [-82.42242495095932, 27.971973921635154]], [[-82.42242495095932, 27.971973921635154], [-82.4224254822834, 27.972026564001645], [-82.42242518205863, 27.972161378929083], [-82.42242408655495, 27.97228486380859], [-82.42242484771332, 27.972325532267718], [-82.42242448528128, 27.972548494057097], [-82.42241857063698, 27.972675322722434], [-82.42241331829027, 27.97273967809652], [-82.42241332976144, 27.97280864397379], [-82.42241338277397, 27.97312025919957], [-82.42241341988102, 27.97332340909418]], [[-82.42592271230865, 27.971989723327745], [-82.4257428727666, 27.97198957875538], [-82.42569477832154, 27.971989640033396], [-82.42567914562126, 27.971989660425102], [-82.42539252064206, 27.971990105628407], [-82.42465909473813, 27.97198609499877], [-82.4240412575676, 27.971982774673933], [-82.42353836120992, 27.971980030892308], [-82.42249397285823, 27.971974395538506], [-82.42242495095932, 27.971973921635154]], [[-82.43065831268115, 27.97260073209688], [-82.43065847010405, 27.97257075350445], [-82.43066692156556, 27.972319345969986], [-82.4306661945461, 27.97206229911119], [-82.43066568631926, 27.97198090230376], [-82.43066450014472, 27.971535020082957], [-82.43065067142821, 27.971340182223983], [-82.43064696041576, 27.971287188001032], [-82.43064691278646, 27.971270585585895], [-82.43065227320803, 27.970518730156286], [-82.43065243000427, 27.9705113741097], [-82.4306524404771, 27.970490461593723]], [[-82.43065831268115, 27.97260073209688], [-82.43061554232935, 27.972599826388368], [-82.43053993432545, 27.97260135255089], [-82.42895322686482, 27.97258433127684], [-82.4288004992833, 27.972584535727076], [-82.42864418835288, 27.97258386951574], [-82.42849445021157, 27.972579980901408], [-82.42825463987563, 27.972578850536895], [-82.42825324469135, 27.97258409698713], [-82.42824890107124, 27.972589666653796], [-82.4282257945858, 27.97259076461469], [-82.42820271947217, 27.97260006539321], [-82.42820314257597, 27.9727072209114]], [[-82.4254875144433, 27.972694455452473], [-82.4254872168669, 27.972740889957244], [-82.4254835917965, 27.973308653347424]], [[-82.42792813187592, 27.97328368411489], [-82.42654892877049, 27.973272182878674], [-82.42629750779614, 27.973313395570887], [-82.42609879377912, 27.973312243311554], [-82.42560172412311, 27.973309359129313], [-82.42553540338737, 27.973308959654602], [-82.4254835917965, 27.973308653347424]], [[-82.42794561230154, 27.97328383007948], [-82.42792813187592, 27.97328368411489]], [[-82.4254835917965, 27.973308653347424], [-82.42543321040858, 27.973308362451345], [-82.42535381487109, 27.973307904052852], [-82.42457351378467, 27.973303404456946], [-82.42451157842746, 27.973302333097582], [-82.42447324966284, 27.97333465481185], [-82.42441603807268, 27.97333497118321], [-82.42432668827419, 27.973334471608016], [-82.42311787085578, 27.973327423274764], [-82.42245824878594, 27.973324576338946], [-82.42241341988102, 27.97332340909418]], [[-82.4254835917965, 27.973308653347424], [-82.42547901712726, 27.974039824666168], [-82.42547568159017, 27.974064036751265], [-82.42546268610904, 27.974239660014526], [-82.4254634577278, 27.97452233526065], [-82.42546553761076, 27.9746495886711], [-82.42546608466094, 27.974792122837062], [-82.42546630473915, 27.974821270942048], [-82.42546654582341, 27.974853441157183], [-82.425469283654, 27.975217544786076], [-82.42546950645294, 27.975526905987042], [-82.42546919275573, 27.975551356884807], [-82.42546904404632, 27.975682878353574], [-82.42547173702074, 27.975945902108858], [-82.42546595480158, 27.976262588670906]], [[-82.42241341988102, 27.97332340909418], [-82.42241335036101, 27.973462390625], [-82.4224133727802, 27.973856170489036], [-82.42241337974, 27.973977990613857], [-82.42241345198072, 27.97403202408838], [-82.42241366407693, 27.97413161537945], [-82.42241405907987, 27.974227277910153], [-82.4224145744714, 27.974286523253436]], [[-82.42797568331625, 27.9733274655876], [-82.42796578083339, 27.97331143437227], [-82.42795058188302, 27.97329803933075], [-82.42793588314413, 27.973295234332845], [-82.42792943634485, 27.97328995903524], [-82.42792813187592, 27.97328368411489]], [[-82.43066977052709, 27.97343473889178], [-82.43066910122563, 27.97330587848863], [-82.43066716055536, 27.972933406252427], [-82.43066666713409, 27.97288978253489], [-82.43066630070031, 27.972857403365], [-82.43065831268115, 27.97260073209688]], [[-82.43066977052709, 27.97343473889178], [-82.43062830046436, 27.97343500315655], [-82.43055746778265, 27.97343387122452], [-82.42968876129008, 27.97342707292269], [-82.42967992096143, 27.973427003973836], [-82.42941659257735, 27.97342494200533], [-82.42925988758081, 27.97342440407084], [-82.42910835381937, 27.97342246643303], [-82.42876022872086, 27.97341976434088], [-82.42849194445907, 27.97340697645048], [-82.42822342108903, 27.973405438239194], [-82.42820996683947, 27.973369779823106], [-82.42820570457936, 27.973335984251193], [-82.42820609501949, 27.973326748661655]], [[-82.42241389476985, 27.974247722547606], [-82.42241552108177, 27.97444916106954], [-82.42241273886066, 27.97449034484325], [-82.4224152088781, 27.97477450843529], [-82.42241719900916, 27.974870505366145], [-82.42241726717677, 27.97522303849214], [-82.42241689732116, 27.97526951922862], [-82.42241814893197, 27.975527401994047], [-82.4224174178128, 27.975572209864662], [-82.42241599495811, 27.97562001135253], [-82.42241544484686, 27.975693019020877], [-82.42241575161106, 27.975714361009288], [-82.4224191031107, 27.975947414683024], [-82.42241906279882, 27.975976726930423], [-82.42241938195838, 27.976019775480975], [-82.42241983935448, 27.97608160910239], [-82.42242117433922, 27.9762619943081], [-82.42242200615509, 27.976374275175775], [-82.42242224215411, 27.9764061521281], [-82.42242269477087, 27.97646727917269], [-82.42245486720448, 27.97670336034682], [-82.42245830002501, 27.97676575605117], [-82.42240388033417, 27.976765923152758], [-82.42229530523286, 27.976766256480122]], [[-82.43066097032982, 27.975943242274994], [-82.43066082398929, 27.975938899430155], [-82.43066043094848, 27.975927210831628], [-82.43065879613773, 27.975549631938897], [-82.43065856462741, 27.975496203627024], [-82.43067397141776, 27.97548242972954], [-82.43067380453425, 27.97544041219968], [-82.4306582632241, 27.975426712620987], [-82.4306588933818, 27.975304107308723], [-82.43065770633437, 27.97528803006347], [-82.43065678236708, 27.975060502693346], [-82.43065623500574, 27.974940084894893], [-82.43065592600193, 27.9748686780887], [-82.4306713327046, 27.974854904191243], [-82.43067116582652, 27.974812886657563], [-82.43065562562421, 27.974799187073103], [-82.4306554550983, 27.974759832565006], [-82.43065340722201, 27.974296136018392], [-82.4306531125428, 27.974226542104326], [-82.43065295147913, 27.9741895690259], [-82.43066350902018, 27.974154407826166], [-82.43067189564748, 27.97412647361147], [-82.43067161074144, 27.974095686045175], [-82.43067143394393, 27.97407625137306], [-82.43066660861551, 27.97355151536732], [-82.43066977052709, 27.97343473889178]], [[-82.42229567243137, 27.976827131109584], [-82.42221791501355, 27.976827481673027], [-82.42188752271537, 27.976828969939643], [-82.42183848331682, 27.976827854235236], [-82.42089956143379, 27.976829133687183], [-82.42084432947115, 27.97682928460898], [-82.42077957503825, 27.97681396301333], [-82.42073492332715, 27.976814296303797]], [[-82.42643142237405, 27.977014360616067], [-82.42645318108396, 27.97701743175382], [-82.42657579936969, 27.97703473614513], [-82.42728982182224, 27.977040454277965], [-82.42744249131744, 27.97704042038621], [-82.42787242272996, 27.977040376144938], [-82.42787689931885, 27.977040375758016], [-82.4279293650595, 27.97704037049015], [-82.4279955140233, 27.977025517682016]], [[-82.43067901857704, 27.97789192617394], [-82.43067901918975, 27.97785958107257], [-82.43067757292276, 27.977783884187925], [-82.43067732968578, 27.977753357304216], [-82.43067294527914, 27.977109420784085], [-82.43067285470254, 27.977086617151805], [-82.43067244293198, 27.97702107996828], [-82.43067111612467, 27.976990807343466], [-82.43067109294819, 27.976817605037603], [-82.43067027693144, 27.976715037793696], [-82.43066966280102, 27.976684027471777], [-82.43066848385695, 27.976425849664853], [-82.43066787902235, 27.976339341054768], [-82.43068581407202, 27.97632330592255], [-82.43068564717802, 27.97628128839792], [-82.43066737609166, 27.976265180712755], [-82.4306662993845, 27.97610183691425], [-82.43066512934669, 27.976067012034772], [-82.43068053621269, 27.976053237234403], [-82.43068045276762, 27.97603222847127]], [[-82.43067906343502, 27.977896821610464], [-82.43068557779654, 27.978483247991793], [-82.43068837660557, 27.9785785382809], [-82.43068844388334, 27.97859547450871], [-82.43068850157563, 27.978609997721097]], [[-82.42815346434975, 27.978476826305226], [-82.42812466533097, 27.978476915934294]], [[-82.42812466533097, 27.978476915934294], [-82.4281255058874, 27.978470201188404], [-82.42812531926621, 27.97819022978049], [-82.42812549701299, 27.97793328404014], [-82.42812508571792, 27.977874945373138], [-82.42812495572085, 27.977812676734153], [-82.42812494705288, 27.977804303292448], [-82.42812494256937, 27.977799563845544]], [[-82.42812466533097, 27.978476915934294], [-82.42807317653231, 27.97847608982928], [-82.42792477117767, 27.978478421343944], [-82.42658556987806, 27.97849602294648], [-82.4265253787672, 27.978496209582012], [-82.42649470127436, 27.978496304694062]], [[-82.42649470127436, 27.978496304694062], [-82.42649242927331, 27.978020022966614], [-82.42649218455624, 27.977965305146444]], [[-82.42241036548134, 27.97852577448814], [-82.42226285040782, 27.978526038762748], [-82.42152350192717, 27.97852728107676]], [[-82.42649518920491, 27.97862034223737], [-82.42649470127436, 27.978496304694062]], [[-82.42649518920491, 27.97862034223737], [-82.42646639115823, 27.978620431516568]], [[-82.42988577073416, 27.97920916606703], [-82.42982703791719, 27.979209349593237], [-82.42954034593218, 27.979210245078146]], [[-82.42954034593218, 27.979210245078146], [-82.42823642636853, 27.97921431034377], [-82.42816198977117, 27.979214542043863], [-82.42811850531517, 27.979214677380046]], [[-82.42954034593218, 27.979210245078146], [-82.4295405818379, 27.979269788086615]], [[-82.42811850531517, 27.979214677380046], [-82.42811971062183, 27.978649055342654], [-82.42811976361872, 27.97862437785834], [-82.428121908693, 27.97856678204705], [-82.42812466533097, 27.978476915934294]], [[-82.42811850531517, 27.979214677380046], [-82.42807563685224, 27.979214810785635], [-82.42792333344433, 27.979213595329508], [-82.42771486740344, 27.979222990714504], [-82.42658848770004, 27.979226488239576], [-82.42652878104991, 27.979226673377486], [-82.42649757477504, 27.97922677013134]], [[-82.42234448483732, 27.979237248927557], [-82.42222890812913, 27.97923823630775], [-82.42155629238805, 27.979242105761337], [-82.4214996936953, 27.979242430797374]], [[-82.42649757477504, 27.97922677013134], [-82.42649518920491, 27.97862034223737]], [[-82.42948826389963, 27.979934492737602], [-82.4294883292129, 27.979945077806576], [-82.4294676874008, 27.97994519278667], [-82.42823592828125, 27.97994903281446], [-82.42816739793604, 27.97994818850999], [-82.428084763115, 27.979948787702874]], [[-82.428084763115, 27.979948787702874], [-82.42808530571992, 27.979912436020935], [-82.42808566512285, 27.979834836631426], [-82.42811701517275, 27.97946824853254], [-82.42811848823614, 27.979223223260554], [-82.42811850531517, 27.979214677380046]], [[-82.428084763115, 27.979948787702874], [-82.42806548320145, 27.97994884679702], [-82.42793934884101, 27.979949955757842], [-82.42656065567456, 27.979954237800833], [-82.42650043732499, 27.97995442451629]], [[-82.42650043732499, 27.97995442451629], [-82.42649794714846, 27.979321428238357], [-82.42649757477504, 27.97922677013134]], [[-82.42626110455436, 27.980057967141445], [-82.42650084174105, 27.980057224061415], [-82.42650064708019, 27.980007742790356], [-82.42650043732499, 27.97995442451629]], [[-82.42626110455436, 27.980057967141445], [-82.42626052453811, 27.980039715881414], [-82.4262598617577, 27.980015926784457], [-82.42622758283808, 27.978856383172555], [-82.42620416541229, 27.97801513369856], [-82.42620389914548, 27.977947397765476], [-82.42620368315156, 27.97789245064171], [-82.42620363709729, 27.977880734785074], [-82.42620343917261, 27.977856760148253], [-82.42620315596079, 27.977758336884158]], [[-82.42613052298994, 27.980139554365433], [-82.4261290918454, 27.980058376144505], [-82.42626110455436, 27.980057967141445]], [[-82.42480985606997, 27.9801439125472], [-82.42480939145138, 27.980051541428555], [-82.42480690537519, 27.979568059145933], [-82.4248027642638, 27.978762565688005], [-82.42480270428165, 27.978735322994392]], [[-82.42550745208035, 27.98014218243808], [-82.42550773237575, 27.98000795792776], [-82.42550859873465, 27.979587426498785], [-82.42551028643206, 27.978768032389755], [-82.4255103327879, 27.978735813476217]], [[-82.42808913406729, 27.980660308420347], [-82.42806639819062, 27.980660448658636]], [[-82.42806639819062, 27.980660448658636], [-82.42806579553773, 27.98061569008017], [-82.428084763115, 27.979948787702874]], [[-82.42806639819062, 27.980660448658636], [-82.42805491192136, 27.980660284969105], [-82.42792284748657, 27.980660388138496], [-82.4278806998306, 27.98066043351657], [-82.4278733104952, 27.980655727870875], [-82.42714527407996, 27.980655987116727], [-82.42683262279726, 27.980655421691466], [-82.42666969732903, 27.980653566428856], [-82.4263838332989, 27.980654293972982], [-82.42634512684273, 27.98065441394306], [-82.42632847345035, 27.98065446555663], [-82.42629660840048, 27.98065439014465]]]}, "properties": {"FACILITYID": null, "projid": "WTR-20-0002.3", "projname": "Foundation for Tampa’s Neighborhoods Project East Tampa", "projdesc": "The Foundation for Tampa’s Neighborhoods Project_East Tampa Area will improve the City of Tampa’s water distribution system by replacing the existing water mains and increasing the capacity of the system. It will also improve our ability to serve a growing population. Approximately 35,271 Linear Feet of water mains ranging from 2 to 12 inches in diameter will be replaced and upgraded.", "rationale": "This project will replace the aging water mains in this area with new and larger diameter water mains, improving water pressure and water quality while reducing the number of service interruptions that might have been caused by main breaks or leakage.", "projtype": "Water", "safety": "No", "mandate": "No", "repair": "No", "replace": "Yes", "expand": "Yes", "efficient": "No", "fiscalyr": "2023", "fundsource": "PIPES", "planstart": 1663977600000, "planend": 1756512000000, "estcost": 9594286.67, "pocname": "Darren Alfonso", "pocphone": "813-324-1251", "pocemail": "DarrenA@ConsultVistra.com", "funded": "Yes", "projphase": "P5: Closeout", "actstart": null, "actend": null, "actcost": null, "status": "Closeout", "docpath": "https://www.tampa-neighborhoods.com/east-tampa/", "CreationDate": 1776970732000, "Creator": "70747", "EditDate": 1777042119000, "Editor": "70747", "MultiYear": "Yes", "NumVotes": null, "ShowPublic": "Yes", "EBO": null, "JobsCreated": null, "Neighborhood": null, "Council": null, "EBOAttained": null, "ContractNumber": null, "ActivityStatus": null, "ProjectSiteURL": null, "RelatedProject": "Yes", "MapScale": 6000, "WMBESLBE": null, "ORACLEID": null, "EBUILDERID": null, "COMPROCUREMENT": null, "WATER": null, "WASTEWATER": null, "STORMWATER": null, "TRANSPORTATION": null, "OBJECTID": 39064, "GlobalID": "{71AFD66C-0BC6-4270-ABAD-D4E80081E33B}", "ProjectNumerical": 14506, "Shape__Length": 30755.986872740832}}, {"type": "Feature", "id": 39092, "geometry": {"type": "MultiLineString", "coordinates": [[[-82.45720446983238, 27.943648595156358], [-82.45719773663552, 27.943633857646535], [-82.45708321350162, 27.943365425263767], [-82.45694069574756, 27.943032057785654], [-82.4569298477661, 27.9430044221884]], [[-82.45584652869033, 27.943985155283432], [-82.45546227149786, 27.944118332745003], [-82.45544984869854, 27.944122671132906], [-82.45539473251343, 27.944142050487066], [-82.45537268556035, 27.94415002854939], [-82.45536165231177, 27.94415398963674], [-82.4553325795282, 27.94416463139111], [-82.45513464542208, 27.944234226623784], [-82.45505658216864, 27.944261673471267], [-82.45503789686457, 27.944268243433513], [-82.45382131963848, 27.94469473547744]]]}, "properties": {"FACILITYID": null, "projid": "WUR-20-0019", "projname": "Brorein_Tampa St WM Abandonment", "projdesc": "The Brorein_Tampa St project will improve the City of Tampa’s water distribution system by replacing the existing water mains and increasing the capacity of the system. It will also improve our ability to serve a growing population. Approximately 967 Linear Feet of water mains ranging from 6 to 8 inches in diameter will be abandoned", "rationale": "This project will abandon the aging water mains in this area, improving water pressure and water quality while reducing the number of service interruptions that might have been caused by main breaks or leakage.", "projtype": "Water", "safety": "No", "mandate": "No", "repair": "No", "replace": "No", "expand": "No", "efficient": "Yes", "fiscalyr": null, "fundsource": "PIPES", "planstart": 1677628800000, "planend": 1727740800000, "estcost": 240703.55, "pocname": "Albert Calloway", "pocphone": "813-630-3902", "pocemail": "Albert.Calloway@tampagov.net", "funded": "Yes", "projphase": "P2: Design", "actstart": null, "actend": null, "actcost": null, "status": "90% Design Completion", "docpath": null, "CreationDate": 1776966263000, "Creator": "70747", "EditDate": 1777042119000, "Editor": "70747", "MultiYear": "No", "NumVotes": null, "ShowPublic": "Yes", "EBO": null, "JobsCreated": null, "Neighborhood": "Tampa Downtown Partnership", "Council": "5", "EBOAttained": null, "ContractNumber": null, "ActivityStatus": "CW2.1-WOA construction", "ProjectSiteURL": "<a href=\"https://apps.tampagov.net/Directory_Lister/FileHandler.ashx?file=GIS%2fWUR-20-0019.pdf\">WUR-20-0019</a>", "RelatedProject": "No", "MapScale": 6000, "WMBESLBE": null, "ORACLEID": null, "EBUILDERID": null, "COMPROCUREMENT": null, "WATER": null, "WASTEWATER": null, "STORMWATER": null, "TRANSPORTATION": null, "OBJECTID": 39092, "GlobalID": "{91B6E59E-8809-4DBA-9897-99D3722BC76E}", "ProjectNumerical": 22510, "Shape__Length": 953.3471150377923}}, {"type": "Feature", "id": 39107, "geometry": {"type": "MultiLineString", "coordinates": [[[-82.41416174506546, 27.96019475514774], [-82.41414824611903, 27.960188337193586], [-82.41411500591138, 27.960170429547713], [-82.41404626519954, 27.960170830389217], [-82.41373749647657, 27.960171414246734], [-82.41368470991266, 27.96017151426884], [-82.4130631799874, 27.96017233158842], [-82.41268333630816, 27.96017339530204], [-82.41174636759922, 27.960174852580536], [-82.41145429211377, 27.960175477930356], [-82.41113034997237, 27.960176170786774], [-82.41102624806427, 27.960176535875583], [-82.41017394391649, 27.96017951995804], [-82.41007958872628, 27.96017992837737], [-82.4100613357759, 27.960179730087827], [-82.41004166965008, 27.960179942092623], [-82.40999299225524, 27.960179821803052], [-82.40953066536353, 27.960185174350467], [-82.40891600467546, 27.96019170268339], [-82.40871047106606, 27.96019658524205], [-82.40835401785215, 27.960225992688713], [-82.40799517115005, 27.960313014631094], [-82.40795192126532, 27.96032326883017], [-82.4058596952008, 27.96083091375702], [-82.40578759082308, 27.96084839948991], [-82.40572459060573, 27.960863677210373], [-82.40537924291777, 27.96094751035201], [-82.4053144735986, 27.96096318113453], [-82.40524342404379, 27.960980407191084], [-82.40502857544199, 27.961032498938128], [-82.40384246269069, 27.961320149463546], [-82.40378048954013, 27.9613351823386], [-82.40364136060377, 27.961368930168646], [-82.40354893285635, 27.96139134737663], [-82.40303503825895, 27.96151595256073]], [[-82.42521534564852, 27.96025153594913], [-82.42506727379437, 27.960251196528652], [-82.42478751815057, 27.960250470237952], [-82.42414441015299, 27.960248797135435], [-82.4231569465416, 27.96024659470533], [-82.42274051051182, 27.960254529785797], [-82.4225940794672, 27.960257706588244], [-82.42243205269938, 27.960260051252693], [-82.42103383041601, 27.96025650203737], [-82.42098127410246, 27.960255962538195], [-82.42091584957605, 27.96025529181962], [-82.42090495426997, 27.960255216851866], [-82.41960098016517, 27.9602462093149], [-82.4195168399755, 27.96024658313395], [-82.41950155940002, 27.96024655390922], [-82.41935970869281, 27.960246279625736], [-82.41928989098781, 27.960246236064076], [-82.41913828834808, 27.960244310065658], [-82.41889222750883, 27.960240582347854], [-82.41863051799389, 27.960239406891084], [-82.41856953046432, 27.960239186303355], [-82.41831247667214, 27.960238256879457], [-82.41824012438467, 27.960237193542252], [-82.4179988395609, 27.960226676195717], [-82.41786144481073, 27.96022649783075], [-82.41724700686457, 27.9602299980984], [-82.41717080835292, 27.960229080319245], [-82.41712622209536, 27.960228543163367], [-82.4169523008408, 27.960229491613184], [-82.416262899174, 27.960232614472257], [-82.41623158747538, 27.960232161408776], [-82.41612550538396, 27.960230837098944], [-82.41584989902998, 27.960231623220135], [-82.41570118636949, 27.960231424556078], [-82.41559299940151, 27.960232205207983], [-82.41548627755549, 27.960232876671693], [-82.41545529505918, 27.96023319670875], [-82.41535944432277, 27.960233464364727], [-82.41531833265502, 27.96020286304949], [-82.41524938183203, 27.96020307110721], [-82.41521429616573, 27.960234128855696], [-82.41425395089556, 27.96023805610807], [-82.4141980501348, 27.960238651199695], [-82.4141771046707, 27.960238652871276]], [[-82.40284803759455, 27.96156129502737], [-82.40229042515226, 27.96169649702186], [-82.40207413424689, 27.961751801886205], [-82.40193399954717, 27.961789794087238], [-82.40191693472757, 27.96174385688471], [-82.40191236636312, 27.96171781661842], [-82.40191109499305, 27.961696710149766], [-82.40187204302568, 27.96169860826546]]]}, "properties": {"FACILITYID": null, "projid": "W70031", "projname": "East 7th Ave WM Replacement_East", "projdesc": null, "rationale": "R and R", "projtype": "Water", "safety": "No", "mandate": "No", "repair": "No", "replace": "Yes", "expand": "No", "efficient": "Yes", "fiscalyr": "2031", "fundsource": "Yet to be Determined", "planstart": null, "planend": null, "estcost": 11061659.49, "pocname": "Nadine Maghsoudlou", "pocphone": "813-274-8970", "pocemail": "nadine.maghsoudlou@tampagov.net", "funded": "No", "projphase": "P1: Planning", "actstart": null, "actend": null, "actcost": null, "status": "Planning", "docpath": null, "CreationDate": 1776970138000, "Creator": "70747", "EditDate": 1777042119000, "Editor": "70747", "MultiYear": "No", "NumVotes": null, "ShowPublic": "Yes", "EBO": null, "JobsCreated": null, "Neighborhood": null, "Council": null, "EBOAttained": null, "ContractNumber": null, "ActivityStatus": null, "ProjectSiteURL": null, "RelatedProject": null, "MapScale": 6000, "WMBESLBE": null, "ORACLEID": null, "EBUILDERID": null, "COMPROCUREMENT": null, "WATER": null, "WASTEWATER": null, "STORMWATER": null, "TRANSPORTATION": null, "OBJECTID": 39107, "GlobalID": "{A12A12E4-83AD-4F79-B4F4-D43F027ACEDE}", "ProjectNumerical": null, "Shape__Length": 7583.972945669296}}, {"type": "Feature", "id": 39113, "geometry": {"type": "MultiLineString", "coordinates": [[[-82.45121544223457, 28.014280604599772], [-82.45121545237768, 28.014596524588526], [-82.45121502587516, 28.014627155395388], [-82.45121359207582, 28.014730090140446], [-82.45121503208031, 28.015134118871746], [-82.45121591265064, 28.015340743084472], [-82.45121658350011, 28.01542045114752], [-82.451212485049, 28.01603384494908], [-82.45121181781153, 28.016075759298484]], [[-82.4425351017384, 28.014518875854016], [-82.44254714418548, 28.01442412878313], [-82.44250630013572, 28.014424894672445]], [[-82.44917339562954, 28.014624287754135], [-82.44852586698795, 28.01462339367403], [-82.44848188561464, 28.0146233323409], [-82.44836496429113, 28.014623170543114], [-82.44813707828962, 28.014622855202962], [-82.44731478382462, 28.0146255337229], [-82.44726160005028, 28.014625706792913], [-82.44718185692614, 28.014625966253497], [-82.44713226282188, 28.01462644524117], [-82.44706889195825, 28.014630204142236], [-82.44699875781447, 28.01463413390583], [-82.44688437689017, 28.01463997350398], [-82.44676995345091, 28.01464512370811], [-82.44665549360715, 28.014649586303054], [-82.44654100244146, 28.01465336036977], [-82.44642648503643, 28.014656444989278], [-82.44631194648204, 28.01465884104736], [-82.44619739287768, 28.014660547621737], [-82.44608282829658, 28.014661565601536], [-82.44596825782124, 28.014661894067853], [-82.4458536885754, 28.014661533899865], [-82.44573912462103, 28.014660483279666], [-82.4456245710556, 28.01465874489791], [-82.44551003397108, 28.014656316027637], [-82.44539551744805, 28.01465319936285], [-82.44529624522038, 28.014653521010715], [-82.44523760312278, 28.014653710980895], [-82.4451376217406, 28.014726138752536]], [[-82.4451376217406, 28.014726138752536], [-82.44510237727826, 28.014687821277114], [-82.44509211941599, 28.01466951221639], [-82.44508257211126, 28.014650903962817], [-82.4450737456173, 28.014632017238622], [-82.44506565222473, 28.014612873661857], [-82.44505273909772, 28.014577172125225], [-82.44504285432713, 28.01454276024464], [-82.44503862928768, 28.014524680709595], [-82.44503503323442, 28.01450649536132], [-82.44503207131417, 28.01448821952402], [-82.44502974563449, 28.01446987123908], [-82.44502805931967, 28.01445146854443], [-82.4450270124399, 28.014433028585653], [-82.4450225558264, 28.013348898372072], [-82.44502251970029, 28.013340109967764]], [[-82.4472521244225, 28.01543031878995], [-82.44709205114786, 28.01542883443039], [-82.44682967521672, 28.015447488473416], [-82.4460162270076, 28.015496566450533], [-82.44599271367157, 28.015498324831366], [-82.4459710970438, 28.0155006491785], [-82.44594958588428, 28.015503645471437], [-82.44592820661904, 28.01550731091726], [-82.44590698464982, 28.015511640921627], [-82.44588594842146, 28.01551662907551], [-82.44586512231521, 28.01552226988546], [-82.4458170308365, 28.01553611896785]], [[-82.4458170308365, 28.01553611896785], [-82.44578769502186, 28.015455893794226], [-82.44577172497928, 28.01541279711497], [-82.4451376217406, 28.014726138752536]], [[-82.4458170308365, 28.01553611896785], [-82.44512367468981, 28.01573579333049], [-82.4450134348209, 28.015790290063546]], [[-82.44761847665089, 28.016072742672907], [-82.44916538161405, 28.016074005770164], [-82.4491975263053, 28.016074031567523], [-82.44926099305782, 28.016074083121428], [-82.44935167175794, 28.016074156680073], [-82.44978484152941, 28.016074365962492], [-82.45108825542985, 28.016074986339557], [-82.45116609273992, 28.01607490863313], [-82.45121181781153, 28.016075759298484]], [[-82.44761847665089, 28.016072742672907], [-82.44729798043085, 28.016072478475902], [-82.44724456218827, 28.01607243392639], [-82.44719575943698, 28.01607239419201], [-82.44713161420938, 28.01607351791967], [-82.44708979134417, 28.016075999318783], [-82.44702826882728, 28.01607964932088], [-82.44678021984919, 28.016109915748075], [-82.44655133014157, 28.01613869278114], [-82.44632249353457, 28.01616780134631], [-82.44629254722496, 28.0161719657239], [-82.44626272459493, 28.016176779424597], [-82.44623304393946, 28.016182240584282], [-82.44620352354626, 28.0161883455341], [-82.44617417966928, 28.016195090611717], [-82.44614503160935, 28.016202471242636], [-82.4461160956205, 28.016210483764553], [-82.44608738896613, 28.016219122707167], [-82.44605892992652, 28.0162283825969], [-82.44603073577265, 28.016238259768205], [-82.44600282172311, 28.01624874605024], [-82.44597520606203, 28.01625983687181], [-82.44594790502492, 28.016271524058798], [-82.44592093485856, 28.01628380214425], [-82.44589431077794, 28.016296662054934], [-82.44579304971049, 28.016348240782243], [-82.44575507972108, 28.016366567233014], [-82.44571680666526, 28.016384392016867], [-82.44566125960962, 28.01640969327374], [-82.44554588021781, 28.016464943458782]], [[-82.45121181781153, 28.016075759298484], [-82.45121072220208, 28.016144684911076]], [[-82.4475740748203, 28.016144761069125], [-82.44761845386054, 28.016144691446307]], [[-82.44761845386054, 28.016144691446307], [-82.44761847665089, 28.016072742672907]], [[-82.44761845386054, 28.016144691446307], [-82.4476946972287, 28.01614471113691], [-82.44772599176159, 28.01614446752138], [-82.44820372145426, 28.016145726895505], [-82.45114718516218, 28.016145099226733]], [[-82.45121072220208, 28.016144684911076], [-82.45121016726316, 28.016184510728085], [-82.45120597612606, 28.016791525672488]], [[-82.45119959277451, 28.016144922682916], [-82.45121072220208, 28.016144684911076]], [[-82.4513759300241, 28.01698147504174], [-82.45137612670287, 28.017035224283838], [-82.45137767478526, 28.017469863864093], [-82.45137960335043, 28.017511704706994], [-82.4513804955463, 28.01753106646233], [-82.45138549554648, 28.017639598401598], [-82.4513823275378, 28.017927946696716], [-82.45138386163788, 28.018014913536582], [-82.45138656732234, 28.01894460344062], [-82.45138666544447, 28.018968131490563], [-82.4513879995078, 28.019288014781587]], [[-82.44723263793938, 28.017151965767958], [-82.44722181640167, 28.017152178754223]], [[-82.44635245078636, 28.017238746145978], [-82.44631600065993, 28.017243971221735]], [[-82.44608466405056, 28.017502253997158], [-82.44609575656769, 28.017494749696457], [-82.44614181903756, 28.017463586352154], [-82.44617999694862, 28.01743814636928], [-82.44629567316855, 28.017365439483918], [-82.44629852173988, 28.017372675638047], [-82.44629855074268, 28.01737970978523], [-82.44629382293769, 28.017386759378613], [-82.44629120823816, 28.017393332860088], [-82.44629176406603, 28.01739989604634], [-82.44629590203874, 28.017408370624292]], [[-82.44900243309377, 28.018371264938683], [-82.44900241138139, 28.018355000080565]], [[-82.44900243309377, 28.018371264938683], [-82.44898735869978, 28.01836652873689], [-82.44898322358019, 28.018363214179743], [-82.44897965691776, 28.018359415881775], [-82.44897672715624, 28.0183552094213], [-82.44897449362502, 28.018350679430537], [-82.44897300143248, 28.018345914197752], [-82.4489722794585, 28.018341011990685], [-82.44897234334883, 28.018336067510603], [-82.44897319046453, 28.018331180030625], [-82.44897368698344, 28.018297174022145]], [[-82.44919353028506, 28.018849066182174], [-82.44917748513997, 28.01884884609681], [-82.44916363780315, 28.018842828101047], [-82.44915015600597, 28.01883619076258], [-82.44913707336856, 28.01882894931254], [-82.44912442455049, 28.01882112439308], [-82.44911224319432, 28.018812736649604], [-82.44910056090887, 28.0188038067343], [-82.44908940829738, 28.018794358009767], [-82.44907881495733, 28.018784416549135], [-82.44906880844499, 28.018774006627414], [-82.44905941430164, 28.01876315703819], [-82.44905065704413, 28.01875189477357], [-82.44904256018741, 28.018740250438626], [-82.4490351441958, 28.018728254648323], [-82.44902842952989, 28.018715937115257], [-82.44902243361831, 28.018703332073944], [-82.44901717082419, 28.018690470159285], [-82.4490126555331, 28.01867738742049], [-82.4490089000818, 28.018664116303917], [-82.44900591478836, 28.01865069287203], [-82.44900370589592, 28.018637151395893], [-82.44900227965135, 28.01862352704887], [-82.4490016402715, 28.018609855913304], [-82.44900178993954, 28.018596174078336], [-82.44900272676372, 28.01858251584143], [-82.44900247283263, 28.01839971941056], [-82.44900243309377, 28.018371264938683]], [[-82.4507298080858, 28.019185917543425], [-82.45108642015315, 28.01928901307231], [-82.45116692422945, 28.019288747917322], [-82.45118596145183, 28.019288321752537]], [[-82.45118596145183, 28.019288321752537], [-82.45119984510615, 28.018225807644008], [-82.45113883985, 28.01822548721915], [-82.45109734732205, 28.01822591218056]], [[-82.45118596145183, 28.019288321752537], [-82.45120556200177, 28.0192886219755], [-82.4513879995078, 28.019288014781587]], [[-82.4513879995078, 28.019288014781587], [-82.45138894149123, 28.019513881519703], [-82.45138949623606, 28.019646895798896], [-82.45138960286347, 28.019672462348296]]]}, "properties": {"FACILITYID": null, "projid": "W70020", "projname": "Broad Street WM Replacement", "projdesc": null, "rationale": null, "projtype": "Water", "safety": "No", "mandate": "No", "repair": "No", "replace": "Yes", "expand": "Yes", "efficient": "Yes", "fiscalyr": "2034", "fundsource": null, "planstart": null, "planend": null, "estcost": 8684016.72, "pocname": "Nadine Maghsoudlou", "pocphone": "813-274-8970", "pocemail": "nadine.maghsoudlou@tampagov.net", "funded": "No", "projphase": "P1: Planning", "actstart": null, "actend": null, "actcost": null, "status": "Planning", "docpath": null, "CreationDate": 1776966203000, "Creator": "70747", "EditDate": 1777042119000, "Editor": "70747", "MultiYear": "No", "NumVotes": null, "ShowPublic": "Yes", "EBO": null, "JobsCreated": null, "Neighborhood": null, "Council": null, "EBOAttained": null, "ContractNumber": null, "ActivityStatus": null, "ProjectSiteURL": null, "RelatedProject": null, "MapScale": 6000, "WMBESLBE": null, "ORACLEID": null, "EBUILDERID": null, "COMPROCUREMENT": null, "WATER": null, "WASTEWATER": null, "STORMWATER": null, "TRANSPORTATION": null, "OBJECTID": 39113, "GlobalID": "{A73AEC3D-59AC-4D63-8996-D695621515C9}", "ProjectNumerical": null, "Shape__Length": 8904.948300417038}}, {"type": "Feature", "id": 39134, "geometry": {"type": "MultiLineString", "coordinates": [[[-82.446118036699, 27.975175922069017], [-82.44614585973102, 27.974172726576853]], [[-82.44550847734274, 27.97594703742912], [-82.44550771601381, 27.975925268357056], [-82.44550729840147, 27.975823873144954], [-82.44552790322187, 27.975780322000105], [-82.4455266708913, 27.975693645923084], [-82.44551856183884, 27.97428676556988]], [[-82.44550847734274, 27.97594703742912], [-82.44444083646401, 27.975946187938398], [-82.4443656547964, 27.975956259842988], [-82.4443257813359, 27.975961138913533], [-82.44431786628627, 27.975962183297277], [-82.44429355335315, 27.975962195038992], [-82.44423780393069, 27.975962188269964], [-82.4430124270211, 27.975962150982653], [-82.44300573041123, 27.975962376491275], [-82.4430015730013, 27.975962366415878]], [[-82.44707224515011, 27.97596505454685], [-82.44707266901645, 27.97595617887311], [-82.44707296581015, 27.975921907097934], [-82.44707301436164, 27.9758759941425], [-82.44707334604577, 27.97586867452244], [-82.44707831208231, 27.97566049684158], [-82.4470341519125, 27.975177810540703], [-82.44703413435056, 27.975070735169673], [-82.44702445050085, 27.974332506983284]], [[-82.44707224515011, 27.97596505454685], [-82.44700595945272, 27.975964665322998], [-82.44550847734274, 27.97594703742912]], [[-82.44503962719477, 27.976884474703006], [-82.4444119611943, 27.976884545518793], [-82.44435266369277, 27.976884516872754]], [[-82.44548198966581, 27.976948926086617], [-82.44548167767007, 27.976986052228305], [-82.44548147014045, 27.97701075185125], [-82.44546879783705, 27.977043698349707], [-82.44546840554779, 27.977090971444373], [-82.44548052239738, 27.977123474903046], [-82.44547576516219, 27.977682583561435], [-82.44547572833713, 27.977748335945066]], [[-82.4453568858094, 27.97695004133543], [-82.44535850767545, 27.976892273747325], [-82.44503873507838, 27.976885056033566]], [[-82.44637397789498, 27.977742254136885], [-82.44637543740069, 27.977701226769973], [-82.4463922940386, 27.976979356373285], [-82.4463939474385, 27.976908642707976]], [[-82.4439295812117, 27.979304537139733], [-82.44305586128115, 27.97931146981691], [-82.44302638720409, 27.979311578277848]], [[-82.44536926615409, 27.979313160778904], [-82.44493243225814, 27.97931243293714], [-82.4439295812117, 27.979304537139733]], [[-82.44700786618709, 27.979637271352033], [-82.44700854647772, 27.979567808001075], [-82.44701230300366, 27.979184326935314], [-82.4470178464026, 27.978681737358922], [-82.44701823506544, 27.97864706282412], [-82.44701858165195, 27.97861672901452], [-82.44702216219254, 27.97830373114923], [-82.44702564851077, 27.9779989464037], [-82.44702618774194, 27.977951729690727], [-82.44702691398446, 27.9778347362712], [-82.44702725953356, 27.977778017815517], [-82.44702757691063, 27.97771446640688], [-82.44705049464308, 27.97743835211125], [-82.44705881554033, 27.97690904115902], [-82.44706161101169, 27.97673083597394], [-82.44707184504668, 27.976078552807856], [-82.44707205659068, 27.976047271895798], [-82.44707230374335, 27.97600860284028], [-82.44707224515011, 27.97596505454685]], [[-82.45113220766657, 27.97963782647594], [-82.4510931179466, 27.97963758106646], [-82.45104465095793, 27.979637578458714], [-82.45101669622497, 27.979637622286944], [-82.45100089562048, 27.97963736727127], [-82.45068911040903, 27.97963232401847], [-82.45066551459448, 27.979632157671652], [-82.44933742359086, 27.97962278556423], [-82.44829931841045, 27.979637778412933], [-82.44826401457034, 27.979668364203594], [-82.44818064696028, 27.97966863584133], [-82.4481586632055, 27.979649262352122], [-82.44796962299075, 27.979647877445583], [-82.44746366321016, 27.97964218035444], [-82.44729884336961, 27.979640075931748], [-82.4472439787352, 27.979611798651014], [-82.44716876050764, 27.979611090235572], [-82.44710626501436, 27.97963777817846], [-82.44702059218008, 27.979637358140664], [-82.44700786618709, 27.979637271352033]], [[-82.44549797807537, 27.979929441474486], [-82.44549778017166, 27.979954997442153]], [[-82.44488760185526, 27.979952625262754], [-82.4448760888067, 27.979952608351983]], [[-82.44488760185526, 27.979952625262754], [-82.4448878905105, 27.980022718968286]], [[-82.44549778017166, 27.979954997442153], [-82.44488760185526, 27.979952625262754]], [[-82.44549778017166, 27.979954997442153], [-82.44549818820313, 27.979980576714823]], [[-82.44700327465391, 27.979955805112823], [-82.44700504268636, 27.979925559638087], [-82.44700786618709, 27.979637271352033]], [[-82.44700327465391, 27.979955805112823], [-82.44699036622876, 27.97995659786215], [-82.44698505927157, 27.97995665481236], [-82.44697168007164, 27.97995618300966], [-82.44674551118332, 27.97995722722766], [-82.44595979792575, 27.979954075243672], [-82.44580225698127, 27.97995620751261], [-82.44549778017166, 27.979954997442153]], [[-82.44392548540898, 27.980017929326277], [-82.44393009281922, 27.979663578917215], [-82.44392990950976, 27.979391168285765], [-82.4439295812117, 27.979304537139733]], [[-82.4448878905105, 27.980022718968286], [-82.4440096988016, 27.98001833885432], [-82.44392548540898, 27.980017929326277]], [[-82.44699907766234, 27.980027590054572], [-82.44700327465391, 27.979955805112823]], [[-82.44699907766234, 27.980027590054572], [-82.44697197491013, 27.98002769616904], [-82.44594605386362, 27.98002800184438], [-82.4454956587995, 27.980026260348694], [-82.44547914940651, 27.980026196500464], [-82.4448878905105, 27.980022718968286]], [[-82.4469982302919, 27.98060211876104], [-82.44699234922521, 27.980142686224035], [-82.44699907766234, 27.980027590054572]], [[-82.44391331456424, 27.980659614086242], [-82.44391331224142, 27.980634470265134], [-82.44392401577564, 27.9801309400799], [-82.44392548540898, 27.980017929326277]], [[-82.44391331456424, 27.980659614086242], [-82.4436501789894, 27.98065505575321], [-82.44315898924917, 27.980655982082382], [-82.44304894229815, 27.98065100964115], [-82.44297804887108, 27.980649863585494]], [[-82.45111856892603, 27.980663517464826], [-82.45102541121729, 27.98066420104801], [-82.45076791280445, 27.98066251292523], [-82.45072527751447, 27.9806623647616], [-82.4506933958138, 27.980663164978143], [-82.45039944096438, 27.98066388952798], [-82.45007211071352, 27.980662619137608], [-82.44987224586475, 27.980665145415763], [-82.44959006944013, 27.98066491196572], [-82.44948621680986, 27.98066482541442], [-82.44947611261391, 27.980664816919504], [-82.44944848668032, 27.980664792578626], [-82.4485656257645, 27.98066401144157], [-82.44852522203435, 27.980628067586135], [-82.44843074790485, 27.980628498322503], [-82.44841054488806, 27.980646736891895], [-82.44837421482282, 27.980646781316697], [-82.44809503748574, 27.98064712429673], [-82.44727827655132, 27.980646344261316], [-82.44716535113923, 27.98064665725013], [-82.44713900756052, 27.980623840644306], [-82.44711266297635, 27.980601024036552], [-82.44703855461772, 27.980601674585913], [-82.44700891615454, 27.980601935139592], [-82.4469982302919, 27.98060211876104]], [[-82.4469976860592, 27.980703348261862], [-82.4469981589965, 27.98066199292928], [-82.44699855410103, 27.980627400502623], [-82.4469982302919, 27.98060211876104]], [[-82.4469976860592, 27.980703348261862], [-82.44688052702995, 27.98067905795851], [-82.44682445077014, 27.98066742216967], [-82.44658422125556, 27.980667055317877], [-82.44426633480792, 27.980665728882588], [-82.44391331456424, 27.980659614086242]], [[-82.44905378315346, 27.98158018386247], [-82.44905389036172, 27.981630850154612], [-82.44905457797452, 27.98195782488544], [-82.44905403257712, 27.981990577785208], [-82.4490543169155, 27.982087684154884]], [[-82.4490543169155, 27.982087684154884], [-82.44905455893183, 27.982177518149804], [-82.4490698568816, 27.98247987888682]], [[-82.45001159584339, 27.98208861658143], [-82.44916312353418, 27.98208779364808], [-82.4490543169155, 27.982087684154884]], [[-82.45001159584339, 27.98208861658143], [-82.45007275796979, 27.98208853017904], [-82.45009896607525, 27.982065264254622], [-82.45013801716452, 27.982065297999625], [-82.45016417267709, 27.982088610958325], [-82.45020979101753, 27.9820887576495], [-82.45098148656203, 27.982091450199952], [-82.45101445209895, 27.982118699534368], [-82.45103328494868, 27.98211860890689], [-82.4511251711653, 27.982118402340067]], [[-82.4470603410404, 27.98245172252328], [-82.44705124171554, 27.9822140206193], [-82.44705042828215, 27.981767320957342], [-82.44703771395291, 27.981631341284007], [-82.4470299275167, 27.981580347999078], [-82.44700871800876, 27.981454932452703], [-82.4470031553153, 27.981421090341687], [-82.44700275312677, 27.98137655506086], [-82.44699700550782, 27.980762887810464], [-82.4469976860592, 27.980703348261862]], [[-82.4470603410404, 27.98245172252328], [-82.44702856723701, 27.98245220118898], [-82.4470142208878, 27.982472653981603], [-82.44698825348921, 27.982472880947128], [-82.44684672405364, 27.98246556201817], [-82.44603174572345, 27.982466303901536], [-82.44519272121993, 27.982465304039277], [-82.44518380517724, 27.98246529499459]], [[-82.44706039578408, 27.982453165297017], [-82.4470603410404, 27.98245172252328]], [[-82.4490698568816, 27.98247987888682], [-82.4490332245007, 27.982479973207838], [-82.44714936865057, 27.982472357300164], [-82.44712878987367, 27.98247282666892], [-82.4471057376706, 27.982452544160257], [-82.44706039578408, 27.982453165297017]], [[-82.4490698568816, 27.98247987888682], [-82.44908023224774, 27.98268492188697], [-82.44908054070991, 27.982855075436625], [-82.44907840067343, 27.98288544666767], [-82.44908832407712, 27.98322306758043], [-82.44908819685958, 27.983241433814467], [-82.44908848953988, 27.983250983048503], [-82.44908848563601, 27.9832743319798]], [[-82.45001642070342, 27.98322317560872], [-82.45001183446391, 27.982437983292282], [-82.45001185759423, 27.982184237649875], [-82.45001159584339, 27.98208861658143]], [[-82.44707347399354, 27.983313736459518], [-82.44707279521499, 27.983288168915912], [-82.44707217549904, 27.983264844568243], [-82.44707205265937, 27.983210906195755], [-82.44707572091124, 27.983081155877485], [-82.44707545843082, 27.982852869885292], [-82.4470623422349, 27.982505615993382], [-82.44706039578408, 27.982453165297017]]]}, "properties": {"FACILITYID": null, "projid": "WTR-20-0005.3-12th St", "projname": "FY20 CIP Water Main Improvements Design-Build_12th St – GMP 3", "projdesc": "The 12th St project will improve the City of Tampa’s water distribution system by replacing the existing water mains and increasing the capacity of the system. It will also increase capacity to serve a growing population. Approximately 15,960 Linear Feet of water mains ranging from 2 to 8 inches in diameter will be replaced and upgraded.", "rationale": "This project will replace the aging water mains in this area with new and larger diameter pipes, improving water pressure and water quality while reducing the number of service interruptions that might have been caused by main breaks or leakage. ", "projtype": "Water", "safety": "No", "mandate": "No", "repair": "No", "replace": "Yes", "expand": "Yes", "efficient": "Yes", "fiscalyr": "2025", "fundsource": "PIPES", "planstart": null, "planend": null, "estcost": 5596464, "pocname": "Frank Woodard", "pocphone": "813-274-8549", "pocemail": "Frank.Woodard@tampagov.net", "funded": "No", "projphase": "P4: Construction", "actstart": null, "actend": 1770940800000, "actcost": null, "status": "Final Inspection and Testing", "docpath": null, "CreationDate": 1776961836000, "Creator": "70747", "EditDate": 1777042119000, "Editor": "70747", "MultiYear": "No", "NumVotes": null, "ShowPublic": "Yes", "EBO": null, "JobsCreated": null, "Neighborhood": null, "Council": null, "EBOAttained": null, "ContractNumber": null, "ActivityStatus": null, "ProjectSiteURL": null, "RelatedProject": null, "MapScale": 6000, "WMBESLBE": null, "ORACLEID": null, "EBUILDERID": null, "COMPROCUREMENT": null, "WATER": null, "WASTEWATER": null, "STORMWATER": null, "TRANSPORTATION": null, "OBJECTID": 39134, "GlobalID": "{C3726980-BAD1-4420-93CD-ED82EFF17825}", "ProjectNumerical": null, "Shape__Length": 16421.257321715497}}, {"type": "Feature", "id": 39148, "geometry": {"type": "MultiLineString", "coordinates": [[[-82.45871147257972, 27.922953697975043], [-82.45881221741745, 27.92294956778795], [-82.45920419030007, 27.92293176456662], [-82.45935241984826, 27.92313366412067], [-82.45945783892118, 27.923250070675273], [-82.45958347493804, 27.923366904217065], [-82.45973376527112, 27.92346867886742], [-82.45973882424533, 27.923471418862206], [-82.4598969415255, 27.92355724227945]], [[-82.45174368844323, 27.923382762936164], [-82.45163347303557, 27.92342211865551], [-82.45157430669741, 27.923451021200908], [-82.45156976534521, 27.923453239789186], [-82.45144666223402, 27.92350852464566], [-82.4509438284249, 27.923722762026866], [-82.45090108847388, 27.92374097192303]], [[-82.4598969415255, 27.92355724227945], [-82.45981541716857, 27.923719050440425], [-82.45977144066589, 27.924015914168162], [-82.45973752324221, 27.92422320753633], [-82.45969000480659, 27.92453308775087], [-82.45968290690787, 27.924581795849626]], [[-82.4598969415255, 27.92355724227945], [-82.46016435403038, 27.92368310337857], [-82.46035270853065, 27.92375956195166], [-82.46058758187804, 27.923838372534405], [-82.46100825265755, 27.92394933131245], [-82.46149886499248, 27.92403908234574], [-82.46161500837601, 27.923972390000284], [-82.46161391964202, 27.923659640835716], [-82.46161275511436, 27.923441937014164], [-82.46159959194226, 27.923340245514673], [-82.4615748634864, 27.92327074041611], [-82.46152557402901, 27.92319075393192], [-82.46147646727503, 27.923137984570403], [-82.46141841268468, 27.923093066399375], [-82.46133443924451, 27.923049019211298], [-82.46124185224679, 27.92302120368474], [-82.46109321799285, 27.922999358398958], [-82.46080247149656, 27.922958374431186], [-82.46055590406091, 27.922912895205783], [-82.46040816042985, 27.922880101703576], [-82.46028466258177, 27.9228464708018], [-82.45995896016446, 27.922756025839252], [-82.45987622630966, 27.922727408531085], [-82.4597664168536, 27.92268942513324], [-82.45973044033182, 27.922675746371144], [-82.45958069337912, 27.92261979725998], [-82.45950225607005, 27.92258584745398], [-82.45935273927431, 27.922499685348065], [-82.45919979052762, 27.922397596050455], [-82.4590771121148, 27.922293413165754], [-82.4589915377892, 27.922212017973745], [-82.45893070749153, 27.922147473220736], [-82.45881091727054, 27.922039264717643], [-82.45873457163042, 27.921980319604337], [-82.45866061745818, 27.92198006683137], [-82.45856477571765, 27.921980385919596], [-82.45844828680906, 27.921980773659143], [-82.45822491234613, 27.92163129921075], [-82.45821229954025, 27.921614998413915], [-82.45818996829813, 27.9215922496931], [-82.45816697139507, 27.92157017277514], [-82.45814316708189, 27.921548641792942], [-82.45813613972445, 27.921542627099814], [-82.45811873447717, 27.92152773014851], [-82.45810469087056, 27.921516406411662], [-82.45809359747997, 27.92150746065498], [-82.45806793862205, 27.92148775238997], [-82.45804154073807, 27.921468664732362], [-82.45800092575244, 27.921441435817403], [-82.45797321160933, 27.921424131184594], [-82.45794479712144, 27.921407465077582], [-82.45791600412193, 27.92139162503109], [-82.45788651146607, 27.92137634589963], [-82.45785686241253, 27.921362043695694], [-82.45784171949015, 27.921355038036065], [-82.45781134256674, 27.921341833774385], [-82.45779589223486, 27.92133541028724], [-82.4577648839933, 27.92132331267046], [-82.45773332692454, 27.921311887365402], [-82.45770160095208, 27.92130136503026], [-82.45766953575892, 27.92129159101523], [-82.45763693237518, 27.92128260298016], [-82.4576043846056, 27.921274516266173], [-82.45751386242425, 27.921253935039612], [-82.45743099724633, 27.921234970724065]], [[-82.45066273455292, 27.923843754770672], [-82.45011600885664, 27.92407363083811]], [[-82.45871836808706, 27.924434189818317], [-82.45843593160927, 27.924419025614547], [-82.45829201788699, 27.92441587770951], [-82.45819266340584, 27.92441370404144], [-82.45804406207638, 27.924419750841537], [-82.45792460865249, 27.924430678306127], [-82.45785567402488, 27.924436984330082], [-82.45766315783436, 27.92446432208896], [-82.45742372941379, 27.924513894780542], [-82.45719166885598, 27.924585232329687], [-82.45709266085912, 27.924615948866293], [-82.45707349590245, 27.9246219061402], [-82.45688988624961, 27.924681839201234], [-82.45641645570718, 27.9248450314129], [-82.4561934899645, 27.92492750544758], [-82.456039608928, 27.924986140508764], [-82.45590875972853, 27.925040037287808], [-82.45589177536388, 27.925047061055082], [-82.45585306406778, 27.92506306988733]], [[-82.45968290690787, 27.924581795849626], [-82.45976878377115, 27.924593891268287], [-82.46037669070165, 27.924677083084386], [-82.4605375529404, 27.92470429911824], [-82.46053184723968, 27.924800455210516], [-82.46053539604362, 27.92487236133618], [-82.46055359270336, 27.924982450212276], [-82.46058558172803, 27.92508611649784], [-82.46063865336339, 27.925199045048185], [-82.46069813884101, 27.925290346496386], [-82.46071469803856, 27.92531298956079], [-82.46071636943825, 27.925502797093433]], [[-82.45224555572761, 27.92488471086999], [-82.45217209840395, 27.924916198186256], [-82.4517067868999, 27.9251156536169], [-82.4516489761585, 27.925140434025423]], [[-82.46071636943825, 27.925502797093433], [-82.46057286639848, 27.925508438833575]], [[-82.46071636943825, 27.925502797093433], [-82.46081707309071, 27.92550399251663], [-82.46145097591, 27.92553760771551], [-82.46137111360785, 27.925914777065778], [-82.46130386108031, 27.92632010459379], [-82.46129417622038, 27.926795565384502], [-82.46128216972525, 27.926884043171366], [-82.46125317522669, 27.92694373576178], [-82.4611688868866, 27.9269470744877], [-82.46100355788488, 27.92690789732827], [-82.46083287979843, 27.926824423872226], [-82.46057424448628, 27.926596765889958], [-82.46040710303598, 27.926462245785686]], [[-82.46057286639848, 27.925508438833575], [-82.46039898958821, 27.925513483484774], [-82.46013392708235, 27.925535115747373], [-82.45990987086545, 27.925564596961237], [-82.4597189414591, 27.925597511035015], [-82.45957626997902, 27.925628052015803]], [[-82.46057286639848, 27.925508438833575], [-82.46057095942265, 27.92556070678475], [-82.46055213047508, 27.92573966273637], [-82.46053873043006, 27.92585472306866], [-82.46052787310195, 27.92595029265457], [-82.46050874583875, 27.926048580890566], [-82.46048431512875, 27.926166797742116], [-82.46043626395073, 27.92637029417561], [-82.46040710303598, 27.926462245785686]], [[-82.45737457851877, 27.925533646788704], [-82.45724250793035, 27.92552882871058], [-82.45718957849809, 27.9255268999749], [-82.4570806250311, 27.92557065422713], [-82.45693809413277, 27.92564470739252], [-82.45681793714725, 27.925723293941598], [-82.45672774315594, 27.92579324689093], [-82.4566096908253, 27.92589693508902], [-82.45652700263098, 27.92598571448435], [-82.4564462751626, 27.9260926276883], [-82.45641415940196, 27.926141756931695], [-82.45633873650056, 27.92629178705083], [-82.45629357863494, 27.926401030564772], [-82.45626686542576, 27.9264454637535], [-82.45625544433831, 27.9264984174235], [-82.4562402570764, 27.92656883537955], [-82.45620363454404, 27.926710275842577], [-82.45616167714508, 27.926862193859346], [-82.4561494554044, 27.92690644817826], [-82.45614457450513, 27.926924120099965], [-82.4560942333383, 27.9270790690964], [-82.45602857684906, 27.927250773392306], [-82.45601446483163, 27.927287429302115], [-82.45594141648746, 27.927453059504042], [-82.4558686079102, 27.927601787535096], [-82.45580936678793, 27.92770855253298], [-82.4558034574736, 27.927716751581634], [-82.45579762900937, 27.927728238763827], [-82.4557644937721, 27.92778932191044], [-82.45572286455335, 27.927860817246824], [-82.45567693858526, 27.92793426427173], [-82.45558886996156, 27.92806585252861]], [[-82.45957626997902, 27.925628052015803], [-82.45953559553512, 27.925438272613903], [-82.45964156952441, 27.924817948822504], [-82.45966457958463, 27.92468389944234], [-82.45968290690787, 27.924581795849626]], [[-82.45957626997902, 27.925628052015803], [-82.45949012230102, 27.925648689797573], [-82.45948186043788, 27.925650669283087], [-82.4593053013594, 27.925697839934067], [-82.45916668815264, 27.9257436755329], [-82.45901229772826, 27.92586752684148]], [[-82.45901229772826, 27.92586752684148], [-82.45896878140472, 27.92582712272378], [-82.45889097361241, 27.92576206876123], [-82.45880433552092, 27.925698618882173], [-82.45870430487656, 27.925633061288064], [-82.4585798528975, 27.925582213082876], [-82.45831277640094, 27.925477689070547], [-82.45824277642063, 27.92545798761537], [-82.45816444970224, 27.925442706780526], [-82.45805305078225, 27.925425861906874], [-82.45793012422382, 27.925413316474263], [-82.45777305882844, 27.925411541020505], [-82.45761496906923, 27.925423942128397], [-82.4574244676404, 27.92545002934293], [-82.4574201922127, 27.925490068375506], [-82.45741314763808, 27.925535045597144], [-82.4573966310976, 27.92553445070669]], [[-82.45306268216095, 27.926260064988785], [-82.45306160306869, 27.92626052967274], [-82.45303854656984, 27.92627045176945], [-82.45300556828713, 27.92628464423906], [-82.45243668472095, 27.92653191251228]], [[-82.46040710303598, 27.926462245785686], [-82.46037419764644, 27.926445704410472], [-82.4603039447235, 27.926415453821647], [-82.46021929715194, 27.926389541376324], [-82.46010763627724, 27.926369199487123], [-82.4600258497067, 27.92636772920662], [-82.45993578328527, 27.926370720092315], [-82.45987612170305, 27.92637967724529], [-82.45977671147749, 27.926397894091366], [-82.45961090172565, 27.926457323760076], [-82.45944958852797, 27.92654051506669]], [[-82.45944958852797, 27.92654051506669], [-82.45936945344104, 27.926412534713773], [-82.45932694787378, 27.926308481802543], [-82.45927880405048, 27.926212716507788], [-82.45922817105206, 27.92612775689211], [-82.45914932433217, 27.926016971236134], [-82.45906522890277, 27.92592008488024], [-82.45901229772826, 27.92586752684148]], [[-82.45944958852797, 27.92654051506669], [-82.45931414496565, 27.926655258595176], [-82.45930034885549, 27.926668302087624], [-82.45919415869956, 27.9267834677356], [-82.45913699289451, 27.92686641790459], [-82.45909046502373, 27.926944649057067], [-82.45905431446737, 27.927025967061155], [-82.4590236811928, 27.927109540754046], [-82.45899132635716, 27.92723607513765], [-82.45897517020272, 27.927360544951874], [-82.4589701715284, 27.927399057736174], [-82.45895028134392, 27.927484772234777], [-82.45891750586695, 27.927596916281495], [-82.45889393507588, 27.927667594359775]], [[-82.45231452371499, 27.926587009153337], [-82.4522365664384, 27.92662143962239], [-82.4516655364454, 27.92686525642585], [-82.45162346660062, 27.926879221191232]], [[-82.45482217949522, 27.92714081536478], [-82.45481215354208, 27.927144715322427], [-82.45443473081072, 27.92730210785958], [-82.454429004927, 27.927304627344718], [-82.45442130855334, 27.927308014235265], [-82.45441501879888, 27.927310781037185], [-82.45405126255497, 27.92747454090601], [-82.45398034673943, 27.927505208632997], [-82.45383651472807, 27.927567097433236], [-82.4537277527942, 27.9276147134634]], [[-82.45889393507588, 27.927667594359775], [-82.45884433910122, 27.927781618209817], [-82.45880496058626, 27.927857013517265], [-82.45876757037942, 27.927922064123198], [-82.45870973853097, 27.928010635666283], [-82.45864387644848, 27.92809788120574], [-82.4586116365323, 27.92813579072862], [-82.45857700860368, 27.92817650929128], [-82.45851556827903, 27.928242140742377], [-82.45847421239542, 27.928281949482404]], [[-82.45847421239542, 27.928281949482404], [-82.45862643971869, 27.92842601225616], [-82.4587838810706, 27.92846429715706], [-82.45889934153936, 27.92849829541452], [-82.45898462764788, 27.928527849573133], [-82.459093089467, 27.92857257633857], [-82.45919228631044, 27.928612274969563], [-82.45928070618895, 27.928644994995267], [-82.45936641843387, 27.92867435708435], [-82.45945057464773, 27.92870142946922], [-82.45952424703141, 27.9287240608037]], [[-82.45952424703141, 27.9287240608037], [-82.45962055775378, 27.9287512991831], [-82.45975923231742, 27.928784175147875], [-82.45977014482636, 27.92878666187149], [-82.45978863424966, 27.928789720698393], [-82.45989833200314, 27.928810410486314], [-82.46002914891724, 27.928829167062695], [-82.46014665683363, 27.928841428179936], [-82.4601633532427, 27.928842868600025], [-82.4601801461226, 27.928843816879677], [-82.46021287243407, 27.928845739767418], [-82.46037008286663, 27.928850357223983], [-82.460501356768, 27.928848895023723], [-82.46064953837217, 27.9288397570607], [-82.46076503624877, 27.928827724146494], [-82.46081549259101, 27.92882109946054], [-82.46088389558945, 27.928810771652905]], [[-82.45952424703141, 27.9287240608037], [-82.45951463267453, 27.928748158482257], [-82.45950323561274, 27.928923946320765], [-82.45953522342238, 27.928981151964127], [-82.45959410861848, 27.92911400842701], [-82.45962776746687, 27.9292001705722], [-82.4597097853085, 27.929338157613493], [-82.45976575783088, 27.92940208012624], [-82.45984448784054, 27.929477349399434], [-82.4599006436515, 27.92952308938983], [-82.46000216286465, 27.929585482617703], [-82.4601564793024, 27.92963990883006], [-82.4602718481767, 27.929662444653086], [-82.46035961452398, 27.929667499924335], [-82.46050832526458, 27.929641024949078], [-82.46064140173087, 27.929579456662285], [-82.46074849067858, 27.929475188097594], [-82.46082466848772, 27.929339028668846], [-82.46084172690412, 27.929304589589325], [-82.46089012470974, 27.9291546746173], [-82.46090598967903, 27.929041542638508], [-82.46090266493415, 27.92896722727408], [-82.4608929313436, 27.928870938799832], [-82.46088389558945, 27.928810771652905]], [[-82.46088389558945, 27.928810771652905], [-82.46087184387457, 27.928746917403508], [-82.46085869009956, 27.928689125653136], [-82.46082905970525, 27.928614391145864], [-82.46078381856292, 27.92853161780781], [-82.46073268394498, 27.92845828718442], [-82.4606641219386, 27.928380021770067], [-82.46058537750287, 27.928308721820493], [-82.46052716726244, 27.928265289223386], [-82.46050263009228, 27.92824894099845], [-82.46042847067922, 27.92820653629254], [-82.4604146589233, 27.928198638505986], [-82.46034964326974, 27.928164985491883], [-82.46027207751057, 27.928139191105956], [-82.46019511690046, 27.92811737159658], [-82.46002199783264, 27.928088801926673], [-82.45986944058343, 27.928065871160086], [-82.45975769084751, 27.928043651377454], [-82.45968759616461, 27.928027474024617], [-82.45945942715916, 27.9279597059773], [-82.45937228749813, 27.927924710410238], [-82.45931103034901, 27.92789003997656], [-82.4592431195966, 27.927845337894773], [-82.45918052464454, 27.927794368832192], [-82.45917265829053, 27.92778635634426], [-82.45914388698647, 27.92775541820629], [-82.45906145171396, 27.92771560320102], [-82.45889393507588, 27.927667594359775]], [[-82.45776538452974, 27.92902763370754], [-82.45779462269283, 27.92889714387353], [-82.45783105848521, 27.928832031731794], [-82.45784667165185, 27.92880836723843], [-82.45787343359639, 27.928767803152578], [-82.4579313121529, 27.9286951197248], [-82.45794809151923, 27.928680336520728], [-82.45802609218109, 27.928610253684003], [-82.45807455370411, 27.928572197398047], [-82.45815360921846, 27.928521720459788], [-82.45823151400866, 27.928470881826854], [-82.45827540892003, 27.92844138833919], [-82.45834716104996, 27.928388741820463], [-82.45836833477814, 27.928371828680504], [-82.45839944798718, 27.928344252909536], [-82.45847421239542, 27.928281949482404]]]}, "properties": {"FACILITYID": null, "projid": "W70026", "projname": "Davis Island_2 WM Replacement", "projdesc": null, "rationale": "R and R", "projtype": "Water", "safety": "No", "mandate": "No", "repair": "No", "replace": "Yes", "expand": "No", "efficient": "Yes", "fiscalyr": "2031", "fundsource": "Yet to be Determined", "planstart": null, "planend": null, "estcost": 5425104.97, "pocname": "Nadine Maghsoudlou", "pocphone": "813-274-8970", "pocemail": "nadine.maghsoudlou@tampagov.net", "funded": "No", "projphase": "P1: Planning", "actstart": null, "actend": null, "actcost": null, "status": "Planning", "docpath": null, "CreationDate": 1776969445000, "Creator": "70747", "EditDate": 1777042119000, "Editor": "70747", "MultiYear": "No", "NumVotes": null, "ShowPublic": "Yes", "EBO": null, "JobsCreated": null, "Neighborhood": null, "Council": null, "EBOAttained": null, "ContractNumber": null, "ActivityStatus": null, "ProjectSiteURL": null, "RelatedProject": null, "MapScale": 6000, "WMBESLBE": null, "ORACLEID": null, "EBUILDERID": null, "COMPROCUREMENT": null, "WATER": null, "WASTEWATER": null, "STORMWATER": null, "TRANSPORTATION": null, "OBJECTID": 39148, "GlobalID": "{E56D00E2-A6A1-4C1B-B17F-935F0EBCFEE3}", "ProjectNumerical": null, "Shape__Length": 14834.388597766047}}, {"type": "Feature", "id": 39163, "geometry": {"type": "LineString", "coordinates": [[-82.51783850757529, 27.91260352283658], [-82.51783056692001, 27.913234297534927], [-82.51783023616929, 27.913286641409975], [-82.51783010482187, 27.913307480412872], [-82.51782984021854, 27.91334939756494], [-82.51781979213253, 27.91402145375266], [-82.51781935087749, 27.914032895293044], [-82.51781883241895, 27.914055641643635], [-82.51781678434153, 27.91414542313026], [-82.51780937729751, 27.914806771217517], [-82.51780925791053, 27.914816044854984], [-82.51780867607513, 27.91486067764649], [-82.51780725973391, 27.914969198949002], [-82.51780567822091, 27.915094444374613], [-82.51780385683446, 27.915105559012666], [-82.51780127702705, 27.91511655557791], [-82.5177979487552, 27.915127391619514], [-82.51779604433602, 27.915134937529047], [-82.5177946899621, 27.915142577026973], [-82.51779389157409, 27.91515027760412], [-82.51779365206926, 27.91515800766521], [-82.51779397333337, 27.915165736521114], [-82.51779231170678, 27.915302532218497], [-82.51779056522129, 27.91544625334344], [-82.51778860332021, 27.915607667968523], [-82.51778763924916, 27.915675283020267], [-82.51778736141279, 27.915707811511595], [-82.51778746316272, 27.915717869415335], [-82.51778728707644, 27.915760455810148], [-82.51778741157223, 27.915796190864217], [-82.51777780230672, 27.91605920522135], [-82.51777618641682, 27.916341468658754], [-82.51777560666154, 27.916366065176977], [-82.517774912963, 27.916395533343824], [-82.51777455373436, 27.916410761093143], [-82.51777350080235, 27.9164554561066], [-82.51776564389625, 27.91693089796313], [-82.5177638426262, 27.917039874593442], [-82.51776367973532, 27.917051319594723], [-82.517763021665, 27.917097439833466], [-82.51776260203025, 27.917126860041787], [-82.51776236461033, 27.917143560068062], [-82.51775222500338, 27.917715004525732], [-82.51775160317753, 27.917739301596455], [-82.5177510071735, 27.917762621257936], [-82.51774931319639, 27.917828861049067], [-82.51774036558322, 27.91840337187829], [-82.51774013127726, 27.918427977919887], [-82.51773930190669, 27.91851491939207], [-82.51773908466186, 27.918530736780486], [-82.51773136149507, 27.919092512627756], [-82.51773113210287, 27.91910812611547], [-82.51773092092903, 27.91913097687681], [-82.51773026304194, 27.919202092101283], [-82.51772268644582, 27.919697815322166], [-82.5177218266012, 27.919754472860326]]}, "properties": {"FACILITYID": null, "projid": "WUR-20-0009", "projname": "COT S Manhattan Ave", "projdesc": "The COT S Manhattan Ave project will improve the City of Tampa’s water distribution system by replacing the existing water mains.It will also improve our ability to serve a growing population. Approximately 2,600 Linear Feet of 8-inch diameter water mains will be replaced and upgraded.", "rationale": "This project will replace the aging water mains in this area with new water mains, improving water pressure and water quality while reducing the number of service interruptions that might have been caused by main breaks or leakage. ", "projtype": "Water", "safety": "No", "mandate": "No", "repair": "No", "replace": "Yes", "expand": "No", "efficient": "Yes", "fiscalyr": null, "fundsource": "PIPES", "planstart": null, "planend": null, "estcost": 585000, "pocname": "Frank Woodard", "pocphone": "813-274- 8549", "pocemail": "frankwoodard@tampagov.net", "funded": "Yes", "projphase": "P3: Procurement", "actstart": null, "actend": null, "actcost": null, "status": "Contract Negotiations", "docpath": null, "CreationDate": 1776969124000, "Creator": "70747", "EditDate": 1777042119000, "Editor": "70747", "MultiYear": "No", "NumVotes": null, "ShowPublic": "Yes", "EBO": null, "JobsCreated": null, "Neighborhood": "Virginia Park", "Council": "4", "EBOAttained": null, "ContractNumber": null, "ActivityStatus": null, "ProjectSiteURL": null, "RelatedProject": null, "MapScale": 6000, "WMBESLBE": null, "ORACLEID": null, "EBUILDERID": null, "COMPROCUREMENT": null, "WATER": null, "WASTEWATER": null, "STORMWATER": null, "TRANSPORTATION": null, "OBJECTID": 39163, "GlobalID": "{F339D79D-6FF1-41E5-8044-CC51531D4AFA}", "ProjectNumerical": null, "Shape__Length": 2600.489625629509}}, {"type": "Feature", "id": 39190, "geometry": {"type": "MultiLineString", "coordinates": [[[-82.50170983794641, 27.93140164639167], [-82.50171234763532, 27.931222352463816], [-82.50171293718893, 27.930910656496508], [-82.50172552147292, 27.93018894403482], [-82.50172613524562, 27.93013748087649]], [[-82.50150069043079, 27.931469913047007], [-82.50161288459212, 27.931402551835834], [-82.50168460203062, 27.93140180239539], [-82.50170983794641, 27.93140164639167]], [[-82.50136420595122, 27.93155170281877], [-82.50138813541692, 27.931537491157506], [-82.50150069043079, 27.931469913047007]], [[-82.50170187232335, 27.932928734032153], [-82.50170238493962, 27.93285888734105], [-82.50170240015638, 27.932515683142697], [-82.50170151706271, 27.932294771565598], [-82.50172626033569, 27.932278542699244], [-82.50172628876172, 27.932261818207046], [-82.50172641483071, 27.932236755981105], [-82.50170799406973, 27.932224513297875], [-82.50170784336206, 27.93211114120634], [-82.50170760778354, 27.932086972782113], [-82.501707434426, 27.93202259629188], [-82.50170983794641, 27.93140164639167]], [[-82.50158591267136, 27.93377605126861], [-82.50161817407796, 27.933775856151133], [-82.50161880890263, 27.93360880671107], [-82.50163844613539, 27.931616377158743], [-82.50150069043079, 27.931469913047007]], [[-82.50168682275233, 27.936664697193013], [-82.50169171583852, 27.93573717162908], [-82.50169227365451, 27.93565643450716], [-82.50169343344082, 27.93561275088874], [-82.50169436502689, 27.935554639453954], [-82.50170324161634, 27.934818812832997], [-82.50170315895154, 27.934780677246504], [-82.50170301462508, 27.934714672726127], [-82.50170260708755, 27.93471069367604], [-82.50170242198413, 27.934678317649063], [-82.50170990339899, 27.934021889242956], [-82.50171102832029, 27.93392380298685], [-82.5017128852198, 27.933871561960682], [-82.50171321880842, 27.933862171157926], [-82.50171567446974, 27.93379305556949], [-82.501702055296, 27.932944591437835]]]}, "properties": {"FACILITYID": null, "projid": "W70005", "projname": "S. Himes WM R&R", "projdesc": "The S. Himes WM R&R Project will improve the City of Tampa’s water distribution system by replacing the existing water mains and increasing the capacity of the system. It will also improve our ability to serve a growing population. Approximately 3,469 Linear Feet of water mains ranging from 2 to 24 inches in diameter will be replaced and upgraded. ", "rationale": "This project will replace the aging water mains in this area with new and larger diameter water mains, improving water pressure and water quality while reducing the number of service interruptions that might have been caused by main breaks or leakage. ", "projtype": "Water", "safety": "No", "mandate": "No", "repair": "No", "replace": "Yes", "expand": "Yes", "efficient": null, "fiscalyr": "2027", "fundsource": "PIPES", "planstart": null, "planend": null, "estcost": 3417532.24, "pocname": "Andre Bien-Aime", "pocphone": "813-274-8593", "pocemail": "andre.bien-aime@tampagov.net", "funded": "Yes", "projphase": "P2: Design", "actstart": null, "actend": null, "actcost": null, "status": "60% Design Completion", "docpath": null, "CreationDate": 1777038651000, "Creator": "70747", "EditDate": 1777042119000, "Editor": "70747", "MultiYear": "No", "NumVotes": null, "ShowPublic": "Yes", "EBO": null, "JobsCreated": null, "Neighborhood": null, "Council": null, "EBOAttained": null, "ContractNumber": null, "ActivityStatus": null, "ProjectSiteURL": null, "RelatedProject": null, "MapScale": 6000, "WMBESLBE": null, "ORACLEID": null, "EBUILDERID": null, "COMPROCUREMENT": null, "WATER": null, "WASTEWATER": null, "STORMWATER": null, "TRANSPORTATION": null, "OBJECTID": 39190, "GlobalID": "{2D35DC2A-0220-4DE9-8AFC-22B9031BF31F}", "ProjectNumerical": null, "Shape__Length": 3367.6063212849854}}, {"type": "Feature", "id": 39197, "geometry": {"type": "MultiLineString", "coordinates": [[[-82.50216209662933, 27.878301870620742], [-82.50216215216861, 27.87824058809515], [-82.50216323505404, 27.878149053668686], [-82.50211251990757, 27.878086841538348], [-82.50175453838985, 27.877621705309288], [-82.50107157766602, 27.876734301187827], [-82.50101008770824, 27.876654603712513], [-82.50081263658181, 27.876398686638392], [-82.50074500111599, 27.876310846272418]], [[-82.50218361712047, 27.882737580058038], [-82.50218832066967, 27.882103392466117], [-82.50218898495321, 27.88206928767843], [-82.50218810666892, 27.882060524790926], [-82.50218779310694, 27.882025795481788], [-82.50218785323804, 27.882008669177818], [-82.50218773063264, 27.88198517337215], [-82.50218762843673, 27.881964780906866], [-82.50218750548112, 27.881940108349475], [-82.50219050472447, 27.881103994643414], [-82.50219043232835, 27.881062761627568], [-82.50219067650649, 27.88103841891718], [-82.50218956032991, 27.881004281805094], [-82.50218947151538, 27.88098502813963], [-82.50218935732539, 27.880960273426794], [-82.5021892817025, 27.8809438794756], [-82.50218928119882, 27.88094377028486], [-82.50221018744419, 27.880107519045403], [-82.50221295976826, 27.880020296560446], [-82.50221536448923, 27.879229666665662]], [[-82.50213741148097, 27.88681464745104], [-82.50213809340269, 27.88676652988806], [-82.50213866118064, 27.88671920777004], [-82.50214090348338, 27.88646137449497], [-82.5021415408588, 27.886426496454966], [-82.50214364591466, 27.88631128710594], [-82.50214628719137, 27.88603382568933], [-82.50214670108396, 27.88598881160783], [-82.50215248442466, 27.885361700744465], [-82.5021526016861, 27.885349033084825], [-82.50215315000118, 27.885291769095886], [-82.50215907298796, 27.88465618396148], [-82.50215932520257, 27.884628739625516], [-82.5021714114287, 27.884577100787904], [-82.5021714791308, 27.88456689961427], [-82.5021717122555, 27.88453201581788], [-82.50217450801381, 27.88401176555281]]]}, "properties": {"FACILITYID": null, "projid": "WUR-20-0035", "projname": "Lower Peninsula", "projdesc": "The Lower Peninsula is a stormwater-led design build project with an objective to alleviate flooding in the Southeast (SE) region of the City.  The City of Tampa Water Department is participating in this project to improve the City of Tampa’s water distribution system by replacing and upsizing the existing water mains along Himes Ave and Thorpe St. ", "rationale": "This project will replace the aging water mains in this area with new water mains, improving water pressure and water quality while reducing the number of service interruptions that might have been caused by main breaks or leakage.", "projtype": "Water", "safety": "No", "mandate": "No", "repair": "No", "replace": "Yes", "expand": "Yes", "efficient": "No", "fiscalyr": "2023", "fundsource": "PIPES", "planstart": 1673308800000, "planend": 1759190400000, "estcost": 1655134.57, "pocname": "Nicole Hawker-Miller", "pocphone": "813-642-3595", "pocemail": "info@LPstormwater.com", "funded": "Yes", "projphase": "P4: Construction", "actstart": null, "actend": null, "actcost": null, "status": "Construction in Progress", "docpath": null, "CreationDate": 1777033655000, "Creator": "70747", "EditDate": 1777042119000, "Editor": "70747", "MultiYear": "Yes", "NumVotes": null, "ShowPublic": "Yes", "EBO": null, "JobsCreated": null, "Neighborhood": "Interbay - South of Gandy", "Council": "4", "EBOAttained": null, "ContractNumber": null, "ActivityStatus": null, "ProjectSiteURL": "https://lpstormwater.com/", "RelatedProject": "Yes", "MapScale": 6000, "WMBESLBE": null, "ORACLEID": null, "EBUILDERID": null, "COMPROCUREMENT": null, "WATER": null, "WASTEWATER": null, "STORMWATER": null, "TRANSPORTATION": null, "OBJECTID": 39197, "GlobalID": "{442176A5-05B1-4F25-BC98-ED6F2176AFE9}", "ProjectNumerical": 23707, "Shape__Length": 3160.782812095465}}, {"type": "Feature", "id": 39212, "geometry": {"type": "MultiLineString", "coordinates": [[[-82.5494996092981, 28.0005628885886], [-82.54937923875475, 28.00056345532932], [-82.54865914198267, 28.000573404610453], [-82.54847181341063, 28.000571239963463]], [[-82.5494996092981, 28.0005628885886], [-82.54949921429913, 28.000674615224618], [-82.54948829751851, 28.0018575362499], [-82.54948696799615, 28.001966822905402]], [[-82.54847181341063, 28.000571239963463], [-82.54832464861086, 28.000569539354007], [-82.54574840369146, 28.00054094911726]], [[-82.54847181341063, 28.000571239963463], [-82.54846485013103, 28.001269187299087]], [[-82.55016010966234, 28.0005722157976], [-82.54984380068892, 28.00056370992387], [-82.5494996092981, 28.0005628885886]], [[-82.5502845659065, 28.00057397464757], [-82.55017216686356, 28.00057246263636]], [[-82.55663722193776, 28.00067094861188], [-82.55659800436445, 28.000670425164433], [-82.55185097187358, 28.000602140219037], [-82.55126684480338, 28.000601908012076], [-82.55038545552972, 28.00057599737456], [-82.5502845659065, 28.00057397464757]], [[-82.54846485013103, 28.001269187299087], [-82.54835520491733, 28.00126753468376], [-82.54580404208971, 28.001230155524766], [-82.54573599631932, 28.001229128883686], [-82.54572212951332, 28.001228919520628], [-82.54567714627571, 28.001228239876166], [-82.54560649465878, 28.00122740579754]], [[-82.54846485013103, 28.001269187299087], [-82.54845969787901, 28.001792709966104], [-82.5484581403284, 28.00195093550214]], [[-82.55421536428821, 28.001380912664356], [-82.55424807176928, 28.001383143297325], [-82.55425896705, 28.001386782062582], [-82.55426588111068, 28.001391846422173], [-82.55428034897653, 28.00141473698089]], [[-82.55428034897653, 28.00141473698089], [-82.5542805200301, 28.00139988462502]], [[-82.55335630159537, 28.0014673500983], [-82.55335140888877, 28.00162052117939], [-82.55334209476271, 28.00315146596538], [-82.55333981704418, 28.003277978677062]], [[-82.54559882944339, 28.001907334994108], [-82.5464449889169, 28.001923806596846], [-82.54835436312483, 28.001949537423883], [-82.5484581403284, 28.00195093550214]], [[-82.5484581403284, 28.00195093550214], [-82.54845715963945, 28.002050609319763], [-82.54845061365404, 28.00244546721377], [-82.54844923194864, 28.002528792970697], [-82.54844847695851, 28.002610595685425], [-82.54844580522915, 28.003183462323204], [-82.54844440158253, 28.00332329182551]], [[-82.54948696799615, 28.001966822905402], [-82.54938723198762, 28.00196598789345], [-82.54855663233012, 28.001952261642035], [-82.5484581403284, 28.00195093550214]], [[-82.54948696799615, 28.001966822905402], [-82.54948587547089, 28.002056690804828], [-82.54947800500807, 28.0031346487082], [-82.54947807436369, 28.00331405150494], [-82.5494766591316, 28.003456745259616]], [[-82.54948696799615, 28.001966822905402], [-82.55024777115675, 28.001973191302497], [-82.5502827760944, 28.001973540304196]], [[-82.5502827760944, 28.001973540304196], [-82.55028307167126, 28.00195187163631], [-82.55028929472407, 28.001276836546317], [-82.55028316231893, 28.000625098429946], [-82.5502845659065, 28.00057397464757]], [[-82.55433535335348, 28.002011072466694], [-82.55432629686874, 28.00201113785752], [-82.55431939061332, 28.00201118284744], [-82.5542843470052, 28.00201142519797]], [[-82.5542843470052, 28.00201142519797], [-82.55428001550457, 28.001443745006483], [-82.55428034897653, 28.00141473698089]], [[-82.55739892219034, 28.002380011753697], [-82.55738823397677, 28.002481449381847], [-82.55737737936464, 28.002495237804848], [-82.5572704893714, 28.00263668967186], [-82.55720601735257, 28.002722008267472], [-82.55673872037977, 28.003384688274103], [-82.55645295216036, 28.003419508222592]], [[-82.55429014571861, 28.002702079107195], [-82.5542843470052, 28.00201142519797]], [[-82.55607537480726, 28.00271585908151], [-82.55592445277098, 28.002713842534014], [-82.5557660000324, 28.002712238879123], [-82.55429014571861, 28.002702079107195]], [[-82.55429072115014, 28.00326806519612], [-82.55429254176887, 28.00298451184117], [-82.55429014571861, 28.002702079107195]], [[-82.5502604912588, 28.003305812861946], [-82.55028270577357, 28.001995319967826], [-82.5502827760944, 28.001973540304196]], [[-82.54844440158253, 28.00332329182551], [-82.5484436625632, 28.00339700446701], [-82.54843875299018, 28.003877501466384]], [[-82.54855600746876, 28.00332461978328], [-82.54851502294443, 28.003324104699225], [-82.54844440158253, 28.00332329182551]], [[-82.5494766591316, 28.003456745259616], [-82.54931068488295, 28.00345739767048], [-82.54924135297838, 28.003433997541087]], [[-82.5494766591316, 28.003456745259616], [-82.54947627968062, 28.003494979580644], [-82.54946448359014, 28.00416109939414], [-82.54946520462077, 28.00432846698471], [-82.54946684397282, 28.004614911341402], [-82.54956790952119, 28.005073818010988], [-82.54957721522375, 28.00544577810325], [-82.54954785554547, 28.00733907362151], [-82.54954793985378, 28.00734586924104], [-82.54954773459545, 28.007370336768542]], [[-82.55024299366883, 28.00345373089254], [-82.5494766591316, 28.003456745259616]], [[-82.55026008474006, 28.003457734109432], [-82.55026008087128, 28.00345377079256], [-82.5502601855412, 28.003447156698098], [-82.55024701657182, 28.003435268872778]], [[-82.54574947373602, 28.003891768431686], [-82.54579884376528, 28.0041138746776], [-82.54580197488698, 28.004127514632092], [-82.54582369202899, 28.004146852538653], [-82.54582886507193, 28.004174275739885], [-82.54591641473175, 28.004667290041795]], [[-82.54591641473175, 28.004667290041795], [-82.54597793441417, 28.004667748710332], [-82.548352911485, 28.004685449593705], [-82.54843114992292, 28.00468603178738]], [[-82.54591641473175, 28.004667290041795], [-82.54603697424402, 28.005355835630958]], [[-82.54843114992292, 28.00468603178738], [-82.54843720364786, 28.004051804950457], [-82.54843764971764, 28.004005170843797]], [[-82.54603697424402, 28.005355835630958], [-82.54611789441789, 28.005356439166558], [-82.54841045139763, 28.005373523274372], [-82.5484246527186, 28.005373629055267]], [[-82.54603697424402, 28.005355835630958], [-82.54605258000502, 28.005441906651217], [-82.54615293063242, 28.00602484615557], [-82.54615753536595, 28.006044381024072], [-82.54651761285878, 28.006047066797944]], [[-82.5484246527186, 28.005373629055267], [-82.54843114992292, 28.00468603178738]], [[-82.55814753785023, 28.005603495460157], [-82.55796854661502, 28.005604222033604], [-82.55742038786751, 28.005607219964155], [-82.55657733210032, 28.006527399921172], [-82.55649753748449, 28.006622132644235], [-82.5564816581571, 28.006657798294654], [-82.55647290263569, 28.006754891058424], [-82.55647321045252, 28.006996623947835], [-82.55647416570775, 28.007117220938465]], [[-82.55814753785023, 28.005603495460157], [-82.55814113467714, 28.006868251663477], [-82.558140997345, 28.00696134800259], [-82.5581398086501, 28.006978094096834], [-82.55812919600696, 28.007017590880395], [-82.55811614859229, 28.00704315100313], [-82.5581020667801, 28.00706213233831], [-82.55809009619979, 28.007075283738597], [-82.55807657940576, 28.007087106769706], [-82.55806708708107, 28.007094028787712], [-82.55805112774544, 28.00710401903723], [-82.55803475983285, 28.007112264805336], [-82.55801106387959, 28.00712104565903], [-82.55798613630392, 28.007127197411062], [-82.5579674448962, 28.007129878496112], [-82.55794801351574, 28.007130827272594], [-82.55789841013332, 28.007130230865695], [-82.55769511017174, 28.00713003334212], [-82.55668377849528, 28.007116391239453], [-82.55647416570775, 28.007117220938465]], [[-82.55814753785023, 28.005603495460157], [-82.55814975745584, 28.00516260046812], [-82.55814966164036, 28.00509705794487], [-82.55814179681597, 28.00503109305627], [-82.55813386307553, 28.00499693163092], [-82.55812465738094, 28.004967894668003], [-82.5581094327637, 28.00493020288235], [-82.55807533389417, 28.004867722157258], [-82.55805330833965, 28.00483653267162], [-82.55802248167875, 28.004799960010196], [-82.55799277159288, 28.00477032946359], [-82.55783735818238, 28.00465133295854], [-82.55773808184254, 28.00457735654973], [-82.55746258318129, 28.004370076094418], [-82.55730416310888, 28.00454145555502], [-82.55696984341643, 28.004903113267122], [-82.55682561960242, 28.00505909300853], [-82.55648348887193, 28.005428997507902], [-82.55635131903259, 28.00557169520787], [-82.55623801518642, 28.00568780853027], [-82.55613831362764, 28.005782846292835], [-82.556058543855, 28.0058548644274], [-82.55598364094449, 28.005919520026968], [-82.55487506830315, 28.006859171227315], [-82.55483689571557, 28.0068985290412], [-82.55479550768877, 28.006959035769093], [-82.55477861293461, 28.006988530221], [-82.55476659273428, 28.00700755433751], [-82.5547490209576, 28.00705513916786], [-82.55473741420431, 28.007088581920993], [-82.55473724092691, 28.007117872629188]], [[-82.54651761285878, 28.006047066797944], [-82.54661459363953, 28.006047790277382], [-82.54839515994327, 28.006061055389413], [-82.5484181555103, 28.006061226255525]], [[-82.5484181555103, 28.006061226255525], [-82.5484246527186, 28.005373629055267]], [[-82.54841353849265, 28.00653163580414], [-82.5484181555103, 28.006061226255525]], [[-82.55473724092691, 28.007117872629188], [-82.55473836995685, 28.007275149589898], [-82.55473930566025, 28.007457801833347], [-82.5543549345443, 28.0074579572434], [-82.55435069147435, 28.00795306644227], [-82.553994369462, 28.00810116856537], [-82.55384849261918, 28.00829801691569], [-82.55367374456004, 28.008482021169566]], [[-82.55647416570775, 28.007117220938465], [-82.55558226483896, 28.007114614455208], [-82.55493817560007, 28.007117208750483], [-82.5548508661855, 28.007117858957187], [-82.55473724092691, 28.007117872629188]], [[-82.54651312140369, 28.007356901775957], [-82.5465129950108, 28.007324605457946], [-82.54651115512398, 28.0067291636923], [-82.54651241252787, 28.0066170853768], [-82.54651761285878, 28.006047066797944]], [[-82.54651312140369, 28.007356901775957], [-82.54618309964799, 28.007351529303342]], [[-82.5494238911934, 28.007396918290986], [-82.54858139660382, 28.007396056016184], [-82.54853646677608, 28.00739558828212], [-82.54840562399941, 28.00739592350877], [-82.54836161239679, 28.0073956749468], [-82.54656584835759, 28.0073566921525], [-82.54651312140369, 28.007356901775957]], [[-82.5511037571067, 28.007880981135397], [-82.55107472508563, 28.007881097518634], [-82.55097974317842, 28.007881478238186], [-82.55097803900226, 28.00798077495583], [-82.550981807364, 28.008801286322438], [-82.55097918729143, 28.00895397613222], [-82.5509782879775, 28.00900643248209], [-82.5509704443952, 28.009406831418456], [-82.55097140820999, 28.009596240734165], [-82.55029810146092, 28.009598937760927], [-82.55021908112299, 28.00959925407199]], [[-82.55365353889242, 28.008504598407505], [-82.55341617857549, 28.008743315964363], [-82.55334376354168, 28.00881162204707], [-82.55324955322192, 28.008892922796868], [-82.55277694207321, 28.009274384019538], [-82.5524000757217, 28.009579742383547], [-82.5523114427932, 28.00965400845721], [-82.55228374352032, 28.009680680901997], [-82.55227333719765, 28.00969491380727], [-82.55226324614371, 28.009712748716744], [-82.55225598623414, 28.009728675412838], [-82.55224894922083, 28.00979308881335], [-82.55224858022993, 28.009914912998568]]]}, "properties": {"FACILITYID": null, "projid": "WTR-20-0012", "projname": "Yorkshire", "projdesc": "The Yorkshire project will improve the City of Tampa’s water distribution system by replacing the existing water mains and increasing the capacity of the system. It will also improve our ability to serve a growing population. Approximately 25,730 Linear Feet of water mains ranging from 2 to 12 inches in diameter will be replaced and upgraded.", "rationale": "This project will replace the aging water mains in this area with new and larger diameter water mains, improving water pressure and water quality while reducing the number of service interruptions that might have been caused by main breaks or leakage", "projtype": "Water", "safety": "No", "mandate": "No", "repair": "No", "replace": "Yes", "expand": "Yes", "efficient": "No", "fiscalyr": "2024", "fundsource": "PIPES", "planstart": 1703980800000, "planend": 1759190400000, "estcost": 8709704.34, "pocname": "Jillian Howard", "pocphone": "813-274-8464", "pocemail": "jillian.howard@tampagov.net", "funded": "Yes", "projphase": "P4: Construction", "actstart": null, "actend": null, "actcost": null, "status": "Construction in Progress", "docpath": null, "CreationDate": 1777041450000, "Creator": "70747", "EditDate": 1777042119000, "Editor": "70747", "MultiYear": "No", "NumVotes": null, "ShowPublic": "Yes", "EBO": null, "JobsCreated": null, "Neighborhood": null, "Council": null, "EBOAttained": null, "ContractNumber": null, "ActivityStatus": null, "ProjectSiteURL": "<a href=\"https://apps.tampagov.net/Directory_Lister/FileHandler.ashx?file=GIS%2fWTR-20-0012.pdf\">WTR-20-0012</a>", "RelatedProject": "No", "MapScale": 6000, "WMBESLBE": null, "ORACLEID": null, "EBUILDERID": null, "COMPROCUREMENT": null, "WATER": null, "WASTEWATER": null, "STORMWATER": null, "TRANSPORTATION": null, "OBJECTID": 39212, "GlobalID": "{646BE3E8-B840-490C-BA83-903B28A75C56}", "ProjectNumerical": 17308, "Shape__Length": 25747.45899815202}}, {"type": "Feature", "id": 39215, "geometry": {"type": "MultiLineString", "coordinates": [[[-82.47477570840528, 27.94469757926278], [-82.47492481790479, 27.94469731855389], [-82.4751930864976, 27.944699901451305], [-82.47567010070053, 27.944704492561506], [-82.47572308959344, 27.944706900298105], [-82.47579253254662, 27.944707715247063], [-82.47589745721612, 27.94472311141256], [-82.47674607689387, 27.944722811350232], [-82.4769132223157, 27.944722274866635], [-82.47714922289066, 27.944725223814746], [-82.47756403451454, 27.944729235217753], [-82.47778996332752, 27.944731617899727], [-82.4787595233687, 27.944740818502005], [-82.47882267748322, 27.94474168988749], [-82.47894454272524, 27.944743372225258], [-82.4794051799635, 27.944747856658463], [-82.47987886916415, 27.944752150573503], [-82.48027051331587, 27.944755981894502], [-82.48066099187359, 27.944759800829456], [-82.4808541039866, 27.944761180376286], [-82.48089775219057, 27.94476080863472], [-82.48094946308002, 27.944760285083333], [-82.48097521181963, 27.9447600218683], [-82.4809838370179, 27.944759998052344], [-82.4816492451132, 27.944767023454506], [-82.4818528346026, 27.944768077978427], [-82.48191807090859, 27.94476826745725], [-82.48196868312746, 27.944768848310442], [-82.48286594340999, 27.94477823516936], [-82.48297157804635, 27.944778707490148], [-82.48301362574628, 27.94477855997824], [-82.48301387050333, 27.944836775464335], [-82.48309155825056, 27.944838606405806], [-82.48312014722205, 27.944839258697055], [-82.48363195909684, 27.94484546791932], [-82.48393387796918, 27.944851064077564], [-82.48400048961238, 27.944850661167525], [-82.4840991317568, 27.94485153441237], [-82.48412883288584, 27.944851376730362], [-82.48413679580415, 27.9448514118976], [-82.48418175353196, 27.944851647246658], [-82.48431705527966, 27.944852522253782], [-82.4850034236784, 27.94486478914346], [-82.48502795258727, 27.944865340734943], [-82.48515173231509, 27.944868123503664], [-82.4852106094189, 27.944869446503265], [-82.48526614085358, 27.944869994367973], [-82.48556147963498, 27.94487117118886], [-82.48572366013966, 27.94487405533722]], [[-82.47471316722086, 27.944705803826647], [-82.4746939921871, 27.944706084715936], [-82.47467615967646, 27.94470547119584], [-82.47465904027364, 27.944705265812242], [-82.47367691052888, 27.94470306604366], [-82.47277875874043, 27.944698103718697], [-82.47264449454292, 27.944698834538464], [-82.47259061445945, 27.944698746971522], [-82.47240023076634, 27.94469617694317], [-82.4716529988308, 27.944690831023717], [-82.47104959416257, 27.944686111626336], [-82.47095760256059, 27.94468489314179], [-82.47065249002853, 27.944682434264394], [-82.47063918121535, 27.944682445469066], [-82.47056883061452, 27.944681812407204], [-82.47023057618385, 27.944683031298034], [-82.47014395790936, 27.944682231586853], [-82.4697354200148, 27.944678374946964], [-82.46958696482504, 27.94467556772367], [-82.46958117014591, 27.94467546566252], [-82.4694432896138, 27.944673672623736], [-82.46935104169958, 27.94467263081211], [-82.4692478626, 27.94467225337293], [-82.46853567535364, 27.94466777636799], [-82.46850008198888, 27.944667126834116], [-82.46844457747768, 27.944666669573426], [-82.46770271853094, 27.944657620133107], [-82.46769215990942, 27.944657492665094], [-82.4675636904665, 27.944656700839822], [-82.46675516318373, 27.94464690891322], [-82.46666058283503, 27.944646261243136], [-82.46655422441776, 27.944645713883585], [-82.46645541281939, 27.944644854808192], [-82.46613634685826, 27.944765616090233], [-82.46574556711188, 27.944917571099985], [-82.46529543084844, 27.945077514346522], [-82.46490793489632, 27.945221824191943], [-82.46490106093562, 27.94522431640456]], [[-82.46486250627987, 27.945237915096282], [-82.46401699165223, 27.945539563391247], [-82.46400911401167, 27.945542375689126], [-82.4639005273375, 27.945581570624828], [-82.46387892059313, 27.945589276033036], [-82.46384943200985, 27.94562117189064], [-82.46382573527981, 27.94562157840135], [-82.46377857073828, 27.94562174270727], [-82.46274749737384, 27.945998565527706]], [[-82.4627269026761, 27.945858228398137], [-82.46272695223267, 27.94586532570548], [-82.46272755201791, 27.945905913299043]], [[-82.46272755201791, 27.945905913299043], [-82.46272751718968, 27.945954964044375], [-82.46274749737384, 27.945998565527706]], [[-82.46272755201791, 27.945905913299043], [-82.46271878346874, 27.945905946380307], [-82.46271085441848, 27.94590577088946], [-82.46220398951026, 27.946087119472256], [-82.46219162046523, 27.94609142128754]], [[-82.46274749737384, 27.945998565527706], [-82.46272994971177, 27.946004978394495]]]}, "properties": {"FACILITYID": null, "projid": "WTR-20-0005.2-JFK Blvd", "projname": "JFK Blvd", "projdesc": "The FY20 CIP Water Main Improvements Design-Build Project_JFK Blvd project will improve the City of Tampa’s water distribution system by replacing the existing water mains. It will also improve our ability to serve a growing population. Approximately 18,550 Linear Feet of water mains ranging from 6 to 16 inches in diameter will be replaced and upgraded.", "rationale": "This project will replace the aging water mains in this area with new water mains, improving water pressure and water quality while reducing the number of service interruptions that might have been caused by main breaks or leakage. ", "projtype": "Water", "safety": "No", "mandate": "No", "repair": "No", "replace": "Yes", "expand": "No", "efficient": "Yes", "fiscalyr": "2022", "fundsource": "PIPES", "planstart": 1694995200000, "planend": 1746057600000, "estcost": 5012756, "pocname": "Albert Calloway", "pocphone": "813-630-3902", "pocemail": "albert.calloway@tampagov.net", "funded": "Yes", "projphase": "P5: Closeout", "actstart": null, "actend": null, "actcost": null, "status": "Closeout", "docpath": null, "CreationDate": 1777033346000, "Creator": "70747", "EditDate": 1777042119000, "Editor": "70747", "MultiYear": "No", "NumVotes": null, "ShowPublic": "Yes", "EBO": null, "JobsCreated": null, "Neighborhood": "South Howard", "Council": "4", "EBOAttained": null, "ContractNumber": null, "ActivityStatus": null, "ProjectSiteURL": "<a href=\"https://apps.tampagov.net/Directory_Lister/FileHandler.ashx?file=GIS%2fWTR-20-0005.2-JFK Blvd.pdf\">WTR-20-0005.2-JFK Blvd</a>", "RelatedProject": "No", "MapScale": 6000, "WMBESLBE": null, "ORACLEID": null, "EBUILDERID": null, "COMPROCUREMENT": null, "WATER": null, "WASTEWATER": null, "STORMWATER": null, "TRANSPORTATION": null, "OBJECTID": 39215, "GlobalID": "{6743E51B-EA63-46B0-8634-898C84ADD4A0}", "ProjectNumerical": null, "Shape__Length": 7751.76625439633}}, {"type": "Feature", "id": 39218, "geometry": {"type": "MultiLineString", "coordinates": [[[-82.46357026441652, 27.9621725771587], [-82.46357061989924, 27.961530753776653], [-82.46357039036957, 27.96138093277253]], [[-82.45947758014093, 27.96324397363232], [-82.45956615662308, 27.963245044109918], [-82.46003124560893, 27.963245194817265], [-82.46009397797326, 27.96324522513801], [-82.46032442329667, 27.963243769561885], [-82.46055702823143, 27.963245397127764], [-82.46079066339911, 27.963245506606242], [-82.46091836281497, 27.96324335264883]], [[-82.46093221408172, 27.963243216014828], [-82.46097638994924, 27.96324277837065], [-82.46126257244663, 27.96324359718503]], [[-82.46219411918534, 27.963245065827934], [-82.4622117769933, 27.963245717620755], [-82.46224130969703, 27.96324585756435], [-82.46229687559433, 27.963245848685986], [-82.46232810477424, 27.963245316933154], [-82.46234293232118, 27.963245079417007], [-82.46237824244506, 27.96326655636089], [-82.46245049188883, 27.96326657889766], [-82.46254949361096, 27.96326633641256], [-82.46346732417103, 27.96326408670513], [-82.46350265577382, 27.96326437018429], [-82.46360059845908, 27.963266509263008]], [[-82.46360059845908, 27.963266509263008], [-82.46357347172585, 27.963224808227434], [-82.4635707641821, 27.9628813438017]], [[-82.46360059845908, 27.963266509263008], [-82.46396491401444, 27.96327446710339], [-82.46554476171738, 27.963319535754454]], [[-82.46360059845908, 27.963266509263008], [-82.46362422630392, 27.96330283108251], [-82.46362052220243, 27.96422405352376], [-82.46362058121925, 27.964258316027497], [-82.46362331502839, 27.96509348901633], [-82.46362191711614, 27.965173300148173], [-82.46362198239139, 27.965210214808693], [-82.46359856556504, 27.965904023958185], [-82.46359857868147, 27.965915416837404], [-82.46359872767002, 27.965941717068308], [-82.46359554471697, 27.96608781890801], [-82.46358833900315, 27.966813986104082], [-82.46360794733245, 27.966969808601423], [-82.46361922177628, 27.967581356158963], [-82.46361926329395, 27.96759558792018], [-82.46362165830341, 27.968421536315596], [-82.46362169379236, 27.968480250564], [-82.46362009920817, 27.968776332857622], [-82.46361853739832, 27.968796638721802], [-82.46361157267096, 27.968899999795045], [-82.46361206062159, 27.969014157449266], [-82.46360003381037, 27.969245604607092], [-82.46359139061208, 27.969664442793125], [-82.46358457143066, 27.970508362785846], [-82.46358362994944, 27.971364579853844], [-82.46359607690808, 27.971471532947707], [-82.46359682878591, 27.971714476974633], [-82.46359686872879, 27.97172738760585], [-82.463568212179, 27.972181013260123], [-82.46356841350656, 27.972359371003243], [-82.4635533830945, 27.973254091465353], [-82.46355294636138, 27.97329388104404], [-82.46355037591513, 27.97338665191574], [-82.46354992060195, 27.97346014111039], [-82.46355011561607, 27.973501958076763], [-82.46354380729063, 27.974228814525915], [-82.46354588136818, 27.97467572633181]], [[-82.46557649291769, 27.963319701836223], [-82.46560907750376, 27.96331978651365], [-82.4656706083256, 27.96331952597616], [-82.4661327918028, 27.963320654931152], [-82.46747522798393, 27.963323926058855]], [[-82.46230387184096, 27.96693695270407], [-82.4623045878294, 27.966971161553932], [-82.46232075808321, 27.967579867387872], [-82.46232068629028, 27.967636947746406], [-82.46232196290468, 27.96768822378728], [-82.46232596699969, 27.967849070264027], [-82.4623262002055, 27.967858476198288], [-82.46232734563085, 27.967904487118172], [-82.46232790122417, 27.967926814474684], [-82.46232760416028, 27.968056948350892], [-82.4623275940576, 27.968189783977145], [-82.4623271271993, 27.96833659584985], [-82.46232678082146, 27.968406513900444], [-82.46232636374158, 27.968725483678163], [-82.46230810718166, 27.969090344049814], [-82.46230719336366, 27.969116558505064], [-82.46230598630098, 27.96919535102689]], [[-82.45948053663335, 27.96918514443535], [-82.4595152952574, 27.969184797343463], [-82.45954201282004, 27.969184866939326], [-82.45954774643465, 27.96918488208177], [-82.45955442023511, 27.969184899498316], [-82.45956001053459, 27.9691849142165], [-82.45956625438964, 27.969184930361216], [-82.46010966392699, 27.969186339535643], [-82.46013336475974, 27.96918640105613], [-82.46020967123258, 27.969187058196216], [-82.46077945816579, 27.969191966284974]], [[-82.46101895123691, 27.96919871091907], [-82.46102349862585, 27.96919870741422], [-82.46103375312649, 27.969198701030333], [-82.46120640563775, 27.96919883713676], [-82.46121591715546, 27.969198833229655], [-82.46195281470737, 27.96919636121441], [-82.46229446752967, 27.969195389727968], [-82.46230598630098, 27.96919535102689]], [[-82.46230598630098, 27.96919535102689], [-82.46231750304332, 27.969195313234056]], [[-82.46356252701038, 27.97010496719488], [-82.46356321750743, 27.97005582327129], [-82.46356481094344, 27.96989642174782], [-82.46356557381314, 27.96981236877884], [-82.46357002313795, 27.969389423428584], [-82.46357152706722, 27.96924641716433], [-82.46357198602396, 27.96920136373391], [-82.46357082438152, 27.969115777729996], [-82.46356581623735, 27.968864334620314], [-82.46359536026876, 27.968480339289002], [-82.46359644989657, 27.968237314946442], [-82.46359738762264, 27.967605842608474], [-82.46357774532356, 27.966958843201592]], [[-82.4594742035411, 27.97012233237359], [-82.45954535257387, 27.97012231946282], [-82.46069431302875, 27.97011210626663]], [[-82.46230237120494, 27.97011371902957], [-82.46356252701038, 27.97010496719488]], [[-82.46230237120494, 27.97011371902957], [-82.4623026066312, 27.970032792877436], [-82.4623045716922, 27.96962367899278], [-82.46230585929531, 27.969202753918253], [-82.46230598630098, 27.96919535102689]], [[-82.46230237120494, 27.97011371902957], [-82.46224163501216, 27.970113886988308], [-82.46133547431994, 27.97012319455917], [-82.46100542421563, 27.970129245085985], [-82.46097221294833, 27.97012927062713], [-82.46096446878578, 27.970129248744097]], [[-82.46230145007638, 27.970877185635008], [-82.4623009734969, 27.970825947538138], [-82.46229879946783, 27.970722243656652], [-82.4623004205794, 27.97054004719606], [-82.46230237120494, 27.97011371902957]], [[-82.46356371525289, 27.97089187211804], [-82.46356242143588, 27.970608908040873], [-82.46356090039976, 27.970582401286485], [-82.46355799127366, 27.970531717349914], [-82.46355823843092, 27.970508451506234], [-82.46356252701038, 27.97010496719488]], [[-82.46356371525289, 27.97089187211804], [-82.46230817258916, 27.97087739947862], [-82.46230145007638, 27.970877185635008]], [[-82.46356371525289, 27.97089187211804], [-82.46356369768824, 27.971258253883324], [-82.46356354639292, 27.971362444739917], [-82.46356360052606, 27.97139341974868]], [[-82.46356393881577, 27.971376018357365], [-82.46356360052606, 27.97139341974868]], [[-82.46356360052606, 27.97139341974868], [-82.4635636173478, 27.971403300168838]], [[-82.46356360052606, 27.97139341974868], [-82.46349971958034, 27.974676115581524]], [[-82.46093627192039, 27.972419983695307], [-82.46094477414103, 27.972419919114802], [-82.4609604267634, 27.97241979989576], [-82.46220051047496, 27.972419369256237], [-82.46227584483132, 27.972418921240184]], [[-82.46227584483132, 27.972418921240184], [-82.46228009827047, 27.971607386711717], [-82.46230089212327, 27.9709332361462], [-82.46230040973711, 27.970924272331462], [-82.462301340935, 27.970890448710023], [-82.46230145007638, 27.970877185635008]], [[-82.46227584483132, 27.972418921240184], [-82.46228729124346, 27.972418995581986]], [[-82.46262600208387, 27.972419124082744], [-82.46262659708242, 27.973196918279097], [-82.46262703928515, 27.973246965291736], [-82.46262669108604, 27.973298771951864]], [[-82.46262669108604, 27.973298771951864], [-82.46258720725123, 27.973298765740612], [-82.46251112526966, 27.973298753509862], [-82.46103956477194, 27.97330233173016]], [[-82.46270446545037, 27.97329878474392], [-82.46262669108604, 27.973298771951864]], [[-82.46354588136818, 27.97467572633181], [-82.46354808468271, 27.975150481489845]], [[-82.46349971958034, 27.974676115581524], [-82.46354588136818, 27.97467572633181]], [[-82.46349971958034, 27.974676115581524], [-82.46349048297311, 27.97515076489765]], [[-82.46349971958034, 27.974676115581524], [-82.4633612748634, 27.974677281296003], [-82.46150302327308, 27.974685716532274]], [[-82.46150302327308, 27.974685716532274], [-82.46150269617492, 27.9746802706901], [-82.46150176249044, 27.974674881027234], [-82.46150023361952, 27.974669598942686], [-82.46149812300256, 27.974664477633482], [-82.46149545219622, 27.974659566659795], [-82.46148138420055, 27.974641840907825], [-82.46146224553351, 27.974628276925884], [-82.46145526745747, 27.974627060421632], [-82.46144818051047, 27.97462653462494], [-82.46143435419066, 27.97462714229686]], [[-82.46150302327308, 27.974685716532274], [-82.46148310235905, 27.9746858690837]], [[-82.46354808468271, 27.975150481489845], [-82.46349048297311, 27.97515076489765]], [[-82.46349048297311, 27.97515076489765], [-82.46342482088252, 27.975151087164033], [-82.46284271348286, 27.97515377137971], [-82.4628093294473, 27.975153925198427], [-82.46199514882422, 27.97515767509715], [-82.46184441908298, 27.975158263296468], [-82.4615318368708, 27.975159779723086], [-82.46143497610717, 27.97516240486894], [-82.46136341522845, 27.975164345004263], [-82.46107166538997, 27.97516944888779], [-82.46105250672231, 27.975170077099698], [-82.46103643563669, 27.975170603818867]], [[-82.46349048297311, 27.97515076489765], [-82.46347194708896, 27.976103271705686]], [[-82.46087104489287, 27.975174894837266], [-82.46084909570794, 27.975174968363355], [-82.4608102618013, 27.97517498112867], [-82.46061309876563, 27.975175758692156], [-82.45981155141564, 27.975178798223308], [-82.45958690719205, 27.97518003975857]], [[-82.46278796204096, 27.976098870283547], [-82.46278822705492, 27.97613190746978], [-82.46278832854907, 27.976155687397117], [-82.46278751956112, 27.976189058477466], [-82.46278665224168, 27.976389285983906], [-82.46278429230973, 27.97681470821172], [-82.46278389240116, 27.976867953457926], [-82.46278449683541, 27.97690740020799], [-82.46278371597008, 27.976961650213124], [-82.46278321840333, 27.97699082404297], [-82.4627822727552, 27.977019327085788], [-82.46278291394042, 27.9770452357808], [-82.46278218305234, 27.97707975896965], [-82.46278248553938, 27.97712133641799], [-82.46277799040116, 27.977913608291125], [-82.46277759911025, 27.97798149417157], [-82.46277712414998, 27.97806478534408], [-82.46277693559927, 27.978097770804634], [-82.4627746229046, 27.97887170460809], [-82.46277426100946, 27.978941237275112], [-82.46277391120451, 27.979054562864633], [-82.46277331532404, 27.979246217400867], [-82.46277326201053, 27.979263256849876], [-82.46277200340467, 27.979668053368332], [-82.46277124915864, 27.979910477895185], [-82.46276694859053, 27.97997245801318], [-82.46276104579665, 27.98003653349742], [-82.46276173846407, 27.980077355202365], [-82.46276171310551, 27.980093085161293], [-82.46276098685553, 27.980625216818186], [-82.46276062807856, 27.981422262552737], [-82.46275934736767, 27.981462769631012], [-82.4627595282133, 27.981470843767674], [-82.46275960590313, 27.98158310484139]], [[-82.45945728445035, 27.97796018293077], [-82.45950078952295, 27.977960267737465], [-82.46018733582548, 27.97796134243631], [-82.46019303073392, 27.977961229535335], [-82.46020004131282, 27.97796119525446], [-82.46022643993871, 27.977961770212037], [-82.46032147535593, 27.977961962104228], [-82.460364805619, 27.977962053539468], [-82.46094268482499, 27.9779632877397]], [[-82.46089825048034, 27.9800431898655], [-82.46057981568022, 27.980042158311345], [-82.46050834658116, 27.980032486435245], [-82.46045564082198, 27.980025353359846], [-82.46023041617451, 27.980024406926905], [-82.46012002683149, 27.980024024499148], [-82.46008861627435, 27.98002391839511], [-82.46007086386321, 27.98002580875498], [-82.46000830266081, 27.98003247019378], [-82.45993837813761, 27.980039915149018], [-82.45965459162552, 27.98003902549495], [-82.45953904915018, 27.979981226048224], [-82.45952299243905, 27.97998147731386], [-82.45948591313969, 27.979980964974054], [-82.45945182251451, 27.979981445217767]], [[-82.46353315420916, 27.981590463820982], [-82.46353507765369, 27.981563167627016], [-82.4635358965029, 27.981471056109125], [-82.46353607405383, 27.981442210949407], [-82.46353631799434, 27.981316682500307], [-82.46353949074346, 27.979683707000422], [-82.46353962710356, 27.979611705212342], [-82.46354016966404, 27.979374376394652], [-82.4635419723333, 27.97923800654], [-82.46354453474912, 27.977921541466507], [-82.46354502016011, 27.97774572995329], [-82.46355710019624, 27.9770928861978], [-82.46355662590547, 27.97699074600222], [-82.46355246792888, 27.97609686403872], [-82.4635518830925, 27.975968860271795], [-82.46354986770655, 27.975534757138757], [-82.46354828880159, 27.975194425392292], [-82.46354808468271, 27.975150481489845]]]}, "properties": {"FACILITYID": null, "projid": "WTR-20-0011", "projname": "Ola Ave", "projdesc": "The Ola Ave project will improve the City of Tampa’s water distribution system by replacing the existing water mains and increasing the capacity of the system. It will also improve our ability to serve a growing population. Approximately 27,188 Linear Feet of water mains ranging from 2 to 24 inches in diameter will be replaced and upgraded. ", "rationale": "This project will replace the aging water mains in this area with new and larger diameter water mains, improving water pressure and water quality while reducing the number of service interruptions that might have been caused by main breaks or leakage.", "projtype": "Water", "safety": "No", "mandate": "No", "repair": "No", "replace": "Yes", "expand": "Yes", "efficient": "Yes", "fiscalyr": "2028", "fundsource": "PIPES", "planstart": 1764547200000, "planend": 1811808000000, "estcost": 15675175, "pocname": "Andre Bien-Aime", "pocphone": "813-274-8593", "pocemail": "andre.bien-aime@tampagov.net", "funded": "Yes", "projphase": "P2: Design", "actstart": null, "actend": null, "actcost": null, "status": "60% Design Completion", "docpath": null, "CreationDate": 1777037384000, "Creator": "70747", "EditDate": 1777042119000, "Editor": "70747", "MultiYear": "No", "NumVotes": null, "ShowPublic": "Yes", "EBO": null, "JobsCreated": null, "Neighborhood": null, "Council": null, "EBOAttained": null, "ContractNumber": null, "ActivityStatus": null, "ProjectSiteURL": "<a href=\"https://apps.tampagov.net/Directory_Lister/FileHandler.ashx?file=GIS%2fWTR-20-0011.pdf\">WTR-20-0011</a>", "RelatedProject": "No", "MapScale": 6000, "WMBESLBE": null, "ORACLEID": null, "EBUILDERID": null, "COMPROCUREMENT": null, "WATER": null, "WASTEWATER": null, "STORMWATER": null, "TRANSPORTATION": null, "OBJECTID": 39218, "GlobalID": "{70A75EAB-9AEE-4AA5-8416-10131D0582C0}", "ProjectNumerical": 16505, "Shape__Length": 23337.461534703114}}, {"type": "Feature", "id": 39223, "geometry": {"type": "MultiLineString", "coordinates": [[[-82.50049035469154, 27.921055526868688], [-82.50050456488648, 27.921058187891482], [-82.50050772443946, 27.92105949844642], [-82.50051063386479, 27.92106120606936], [-82.50051323000407, 27.921063273990864], [-82.50051545778489, 27.92106565638796], [-82.5005172682137, 27.921068303806052], [-82.50051862241476, 27.921071157729482], [-82.50051949165928, 27.921074156898648], [-82.50051985838124, 27.921077237306065], [-82.50052295963006, 27.921081550400046], [-82.50052539894818, 27.92108618625565], [-82.50052713635249, 27.9210910665083], [-82.50052814097003, 27.92109610554095]], [[-82.49698980274127, 27.921080481791126], [-82.49697018915124, 27.921080792594765], [-82.49692064020392, 27.921080373044628], [-82.49529231544389, 27.921068038405522], [-82.49524006395926, 27.92106759548092], [-82.49375373574338, 27.92105920624188], [-82.4937289609302, 27.92105925623789], [-82.49367424326189, 27.92110433748436]], [[-82.49698980274127, 27.921080481791126], [-82.4970545256822, 27.92108150532597], [-82.4971437399292, 27.921081356645807], [-82.49873617091245, 27.92108941994326], [-82.4987626681446, 27.921089675045035], [-82.49878027806845, 27.921089320706102], [-82.49880800697284, 27.921089427855797], [-82.4988616785063, 27.921090034840084]], [[-82.49367424326189, 27.92110433748436], [-82.49367519616622, 27.921059815310183], [-82.49367546934552, 27.921043015906093], [-82.49367574308519, 27.921034839059814], [-82.49368710452134, 27.920480617237693], [-82.49368713525844, 27.920445559267137], [-82.49368457786129, 27.91991787672738], [-82.4936846384283, 27.91991197562827], [-82.4936847939793, 27.919867266797205], [-82.49368473880284, 27.91984840925928], [-82.49368570760102, 27.919659543265226]], [[-82.50051134427045, 27.92109589675015], [-82.50052814097003, 27.92109610554095]], [[-82.50052814097003, 27.92109610554095], [-82.5005568712892, 27.921097247377045], [-82.50175036212548, 27.92109942347549], [-82.50175389000528, 27.92109952974391], [-82.50175741890101, 27.921099636008524], [-82.50175943727605, 27.921100226053863], [-82.50176105526522, 27.92110123447228], [-82.50176233780864, 27.921102423692666], [-82.50176301540415, 27.92110373423506], [-82.50176349680622, 27.921106120265687], [-82.5017636437999, 27.921108911795304]], [[-82.4936743763244, 27.921145709050943], [-82.49367424326189, 27.92110433748436]], [[-82.4936743763244, 27.921145709050943], [-82.49373053768575, 27.921146026656206], [-82.49523949376069, 27.92114735913113], [-82.49529172447141, 27.921147693840727], [-82.49691878756326, 27.92116246593262], [-82.49696553748379, 27.921162861289417], [-82.49698813612395, 27.921163474616737]], [[-82.49698813612395, 27.921163474616737], [-82.49698980274127, 27.921080481791126]], [[-82.49698813612395, 27.921163474616737], [-82.49704201287973, 27.921163407466793], [-82.49705272292776, 27.921163598937234], [-82.49714524880476, 27.921163796563977], [-82.49873438721858, 27.921169412678157], [-82.4987605527087, 27.9211693242595], [-82.4987786590303, 27.92116932186922]], [[-82.4987786590303, 27.92116932186922], [-82.49880431551084, 27.92116922987081], [-82.49885790769153, 27.921169804656678]], [[-82.50052799086798, 27.921176680724084], [-82.50055649423379, 27.921176849681228], [-82.50173878776836, 27.921183795202392]], [[-82.50052799086798, 27.921176680724084], [-82.5005273345496, 27.921181310681884], [-82.50052606209537, 27.921185839100957], [-82.50052419047285, 27.92119020004348], [-82.50051780960636, 27.921197774618992], [-82.5005149572593, 27.921202505504468], [-82.50051227929838, 27.92120495265176], [-82.50050928599563, 27.921207093222016], [-82.50050602189853, 27.921208893664055], [-82.50050253565156, 27.92121032763117], [-82.50048860348369, 27.92121222909997]], [[-82.50050860677075, 27.92117718792375], [-82.50052799086798, 27.921176680724084]], [[-82.49218651649143, 27.92151365993149], [-82.4928080801011, 27.92173426789242], [-82.49352208371344, 27.921742831188965], [-82.4935656099114, 27.92174248212249], [-82.49361429831285, 27.921720460234543], [-82.49366513070234, 27.9217206543782]], [[-82.49366513070234, 27.9217206543782], [-82.49366523650316, 27.92171151525958], [-82.49367013702903, 27.92147254316427], [-82.4936743763244, 27.921145709050943]], [[-82.49366479597501, 27.92178049099349], [-82.49366471706526, 27.921753054302616], [-82.49366513070234, 27.9217206543782]], [[-82.49697917303656, 27.921771265012673], [-82.49698813612395, 27.921163474616737]], [[-82.49697917303656, 27.921771265012673], [-82.49697405756115, 27.921771239250187], [-82.49696614105234, 27.9217712064471], [-82.49531141552724, 27.92175199623431], [-82.49523614538808, 27.9217511677259], [-82.4937743031689, 27.92174379531614], [-82.49366479597501, 27.92178049099349]], [[-82.49955903702444, 27.921766170839266], [-82.4995759317602, 27.921766245832583]], [[-82.4995759317602, 27.921766245832583], [-82.4995757458914, 27.92174968091429]], [[-82.4995759317602, 27.921766245832583], [-82.49958917099762, 27.921766304301975]], [[-82.49958917099762, 27.921766304301975], [-82.49958866903597, 27.9217497116529]], [[-82.49958917099762, 27.921766304301975], [-82.49963998524966, 27.921766529695333]], [[-82.49963998524966, 27.921766529695333], [-82.49991302688197, 27.921767959330143], [-82.50028495016774, 27.92176990557926], [-82.50051489680526, 27.921771108807672], [-82.50054409920033, 27.92177169575032], [-82.5005768420008, 27.921771795151997], [-82.50143752615811, 27.92177441133342], [-82.50159658496514, 27.9217748943737], [-82.5016649129905, 27.921775704079483], [-82.50174093052334, 27.92177557069677], [-82.50179964112837, 27.921775644705587]], [[-82.49963998524966, 27.921766529695333], [-82.49963617491272, 27.921777914820026], [-82.49963270983692, 27.921782855464727], [-82.49962878577784, 27.92178541540426], [-82.49962003009551, 27.92178892054851], [-82.49961043127298, 27.92178891294985], [-82.49960083143448, 27.921788905354227], [-82.49959686524757, 27.921786500370263], [-82.49959281207776, 27.92178307507272], [-82.49959029974337, 27.92177868401952], [-82.49958941420718, 27.921774346625472], [-82.49958917099762, 27.921766304301975]], [[-82.49366416634665, 27.92182595322154], [-82.49366479597501, 27.92178049099349]], [[-82.49366416634665, 27.92182595322154], [-82.4952999455052, 27.92183852655905], [-82.49531103545856, 27.921838689725863], [-82.49696506602261, 27.921856935051206], [-82.49697289208153, 27.921856960058914], [-82.49697805901845, 27.921857130021824]], [[-82.49697805901845, 27.921857130021824], [-82.49697880762521, 27.921801331123582], [-82.49697917303656, 27.921771265012673]], [[-82.49697805901845, 27.921857130021824], [-82.49702564321348, 27.921857053090687], [-82.49717855907394, 27.92185762476083]], [[-82.49955848835441, 27.92184904320395], [-82.49958195519507, 27.921849084435472]], [[-82.49958195519507, 27.921849084435472], [-82.4995785105736, 27.921832838156377], [-82.49957703461223, 27.92181255456169], [-82.49957614482278, 27.92178519031486], [-82.4995759317602, 27.921766245832583]], [[-82.49958195519507, 27.921849084435472], [-82.49963717104568, 27.921849180161935]], [[-82.49963717104568, 27.921849180161935], [-82.49969704835118, 27.9218493257351], [-82.49975621142747, 27.9218494693614], [-82.50004165576928, 27.92185016249327], [-82.5000896096302, 27.921850278985335], [-82.50026143583159, 27.921850696459224], [-82.50052392225314, 27.921851332993935], [-82.50054383109618, 27.92185091051587], [-82.50063747830524, 27.921851364318645], [-82.50065338046798, 27.921851440982266], [-82.50071209920122, 27.92185172568689], [-82.50159576149767, 27.921856003515718], [-82.501625987721, 27.921856088368752], [-82.50173160423945, 27.92185638323337], [-82.50173396924251, 27.921856350254018], [-82.5017370376263, 27.921857270367642], [-82.50173970898761, 27.92185933799139], [-82.50174198129463, 27.921862553132698], [-82.50174296172439, 27.921865199947504], [-82.50174402095735, 27.92187435287047], [-82.50174404377233, 27.9218843560316]], [[-82.49963717104568, 27.921849180161935], [-82.49963288671552, 27.921860224088803], [-82.49962935097638, 27.921864822072827], [-82.49962554696484, 27.921866976393478], [-82.49961720562563, 27.92186956228088], [-82.4996076171935, 27.92187049044652], [-82.49959801677294, 27.921869031773067], [-82.49959218102303, 27.921866584839343], [-82.4995874074216, 27.921862913991088], [-82.49958360117301, 27.92185684643547], [-82.49958195519507, 27.921849084435472]], [[-82.49365473783536, 27.922515421700155], [-82.49365861095905, 27.922200563971515], [-82.49366324765658, 27.921884495160835], [-82.49366416634665, 27.92182595322154]], [[-82.49365473783536, 27.922515421700155], [-82.49374793935839, 27.922515591202245], [-82.49436051176149, 27.922519202037297], [-82.49438381968619, 27.922519339476832], [-82.49447108241756, 27.922519853770428], [-82.49462867938325, 27.92252078235085], [-82.49469235783896, 27.922521157391195], [-82.49484293834686, 27.922522044145918], [-82.49496638469641, 27.922522771051934], [-82.49507298281326, 27.922523398674922], [-82.4952044423125, 27.922524173272635], [-82.49543082718971, 27.922526179268615], [-82.49652584873935, 27.922532222590647], [-82.49663339764807, 27.922532815798924], [-82.49666707272004, 27.922533001203195], [-82.49690040861778, 27.92253428756947], [-82.4969088759015, 27.922534334632395], [-82.49692971898608, 27.922534448948234], [-82.49697091547213, 27.922534458245995]], [[-82.49365478688152, 27.922536731109474], [-82.49365473783536, 27.922515421700155]], [[-82.49697091547213, 27.922534458245995], [-82.49697131476934, 27.922433820616586], [-82.49697784527814, 27.92186726489122]], [[-82.49697091547213, 27.922534458245995], [-82.49719376340094, 27.922535713370454], [-82.49726782625295, 27.92253613095457], [-82.49732440792339, 27.92253644917995], [-82.4974599383563, 27.92253721234127], [-82.49751160668522, 27.92253750311308], [-82.49767248817513, 27.922538408225535], [-82.49782041575116, 27.922539239945404], [-82.49783075144963, 27.9225392982474], [-82.49784969768888, 27.92253940484077], [-82.49795823114987, 27.922540015113924], [-82.49797276188396, 27.92254009704382], [-82.49816797987691, 27.92254119509184], [-82.49827438381504, 27.922541792964257], [-82.498317976013, 27.922542037746883], [-82.49835618141621, 27.922542252372054], [-82.49841928881004, 27.92254260699964], [-82.49854303981523, 27.922543302524865], [-82.49875864980437, 27.92254451453436]], [[-82.49875864980437, 27.92254451453436], [-82.49875933303618, 27.922477105434012], [-82.4987625046527, 27.922261217853507], [-82.49876830497371, 27.921866330764868], [-82.4987689225776, 27.92183487402512], [-82.49877086459158, 27.921707918254608], [-82.4987786590303, 27.92116932186922]], [[-82.49875864980437, 27.92254451453436], [-82.49884549681721, 27.92254498605039], [-82.4989951301125, 27.922545797697456], [-82.49906889419024, 27.922546197347025], [-82.49908326946303, 27.922546275210955], [-82.49924337966874, 27.922547143381454], [-82.49925398764154, 27.922547200589843], [-82.49943612658952, 27.922548188126154], [-82.49944485599622, 27.922548235887596], [-82.49945380993614, 27.922548284639163], [-82.49961959953716, 27.922549183216887], [-82.49966872072432, 27.92254944902876], [-82.49969116195928, 27.922549570665666], [-82.49993710622635, 27.922550902706277], [-82.50000368419039, 27.922551262962443], [-82.50001999289854, 27.9225513517587], [-82.5001044208288, 27.92255180870173], [-82.50019648902159, 27.922552307335156], [-82.50024299402935, 27.922552558979472], [-82.50034001518502, 27.922553084650268], [-82.50054508153394, 27.92255408850884]], [[-82.49105481489767, 27.923106089982916], [-82.49110687957125, 27.923106119139746], [-82.4921567657571, 27.923111786832134], [-82.49283124508948, 27.923117484387294], [-82.49346194957224, 27.923122808456597], [-82.49352948894186, 27.923106822083675], [-82.49367851802766, 27.92310796924061], [-82.49602208248018, 27.923120744053442], [-82.49689117362873, 27.923133821748404], [-82.49695609721465, 27.923134464678213], [-82.49724490569193, 27.923134907786107], [-82.49725264034471, 27.92313491957081], [-82.5006957816335, 27.923140150516947], [-82.50105836081063, 27.92314147525144], [-82.50105793264859, 27.923241419899245]], [[-82.49352708655792, 27.923219660305758], [-82.49367773537003, 27.923219713348576], [-82.49690949767665, 27.923225801757727], [-82.49695464835816, 27.923225981787876]], [[-82.49072456613771, 27.923807903294612], [-82.4907533610728, 27.923807688807326], [-82.49081699005748, 27.923808414140247], [-82.49214021354403, 27.92381106638947], [-82.49219731103868, 27.92381229269967], [-82.49346303064688, 27.923806579220702], [-82.49350234973504, 27.923806284944696], [-82.49367618541231, 27.923807318851384], [-82.49478039095199, 27.923810856866872], [-82.49529978779239, 27.923813288379144], [-82.49690707701184, 27.923827135071285], [-82.49694083707081, 27.923826932963188]], [[-82.49072270150931, 27.923888831137905], [-82.4907514780049, 27.923889028216955], [-82.49083503766798, 27.92388798689598], [-82.49214066332671, 27.92389131457767], [-82.49346324542856, 27.9238937037224], [-82.49350039314756, 27.923893354056652], [-82.49367470082169, 27.923896945516162], [-82.4952751550759, 27.923908631144773], [-82.49688011232693, 27.923918105309316], [-82.49693968019749, 27.923918095264572]], [[-82.49347321873532, 27.925192547037536], [-82.4921259846392, 27.925183786744146], [-82.49080038265286, 27.925175374763487], [-82.49070474122989, 27.92517515332336], [-82.49069204835047, 27.925175133568388], [-82.49067963985868, 27.92517509384849], [-82.49059964059553, 27.925175310230873]], [[-82.49348086750102, 27.92525818009586], [-82.49347141712009, 27.925258264488928], [-82.49212396097768, 27.92525988002059], [-82.49074830127387, 27.9252609529747], [-82.49071481183728, 27.925260891807564], [-82.49069136686715, 27.925260910358233], [-82.4906707849816, 27.925260707541014], [-82.49059243811969, 27.925260800719656], [-82.4905883609606, 27.92526080531496]], [[-82.49346740375655, 27.925875028390312], [-82.49363622372226, 27.92587561734847], [-82.49365839894817, 27.925875179614568], [-82.49394472218358, 27.92588247425891], [-82.49444549679176, 27.92589522979714], [-82.49445910856367, 27.925371524364778], [-82.4944662477818, 27.9245469280528], [-82.49446690015264, 27.924515469403154]], [[-82.49066881350078, 27.92999023184375], [-82.49054646295606, 27.92998970210896], [-82.49053859765733, 27.92998966785716], [-82.49052312932368, 27.929989627295296], [-82.49010957389872, 27.92998854037773], [-82.48994425861248, 27.92998810524367], [-82.48987945194133, 27.929987935104364], [-82.48929583828831, 27.92998639832023], [-82.48920987487813, 27.929986274151613], [-82.4892045799658, 27.92998619820639]], [[-82.49348724123988, 27.929982358203944], [-82.49340979868357, 27.93000915486168], [-82.49317072722965, 27.930008943604072], [-82.4931172634489, 27.930008740687455], [-82.4930006630426, 27.930008297224745], [-82.49283860637932, 27.930007680637658], [-82.49247422883774, 27.93000629488403], [-82.49230227274897, 27.93000563996866], [-82.49224976811821, 27.93000543960354], [-82.49197155099046, 27.930004379836316], [-82.4918759534304, 27.930003338799256], [-82.49153417722346, 27.929999616512085], [-82.49132298246313, 27.929997315439483], [-82.49074940324117, 27.92999106549767], [-82.4906864190438, 27.92999037938109], [-82.49066881350078, 27.92999023184375]], [[-82.49343919562261, 27.931631172340182], [-82.49351658614546, 27.93163225767219], [-82.49389213561216, 27.931635447789258], [-82.49407186696746, 27.931636974310745], [-82.49414972599848, 27.931637635277212], [-82.49457578945027, 27.931641252299606], [-82.49477070528184, 27.931642906566648]], [[-82.49064397401364, 27.93376413869178], [-82.49064389365701, 27.933744323816253], [-82.49064430273195, 27.93309682099059], [-82.49064393732353, 27.932462073752035], [-82.49064521333227, 27.93236485505387], [-82.49064555751067, 27.932296633274284], [-82.49064702883658, 27.93204401850183], [-82.4906535721435, 27.9315144398478], [-82.49065396636969, 27.93145932361483], [-82.49066076189536, 27.930747806861444], [-82.49066230388776, 27.930590926002996], [-82.49066231265559, 27.930532126586268], [-82.49066793483782, 27.93004067080574], [-82.49066881350078, 27.92999023184375]]]}, "properties": {"FACILITYID": null, "projid": "1001842", "projname": "Palma Ceia Area 2 (AKA Phase III)", "projdesc": "The Palma Ceia Area 2 (AKA Phase III) project will improve the City of Tampa’s water distribution system by replacing the existing water mains and increasing the capacity of the system. It will also improve our ability to serve a growing population. Approximately 31,717 Linear Feet of water mains ranging from 2 to 12 inches in diameter will be replaced and upgraded", "rationale": "This project will replace the aging water mains in this area with new and larger diameter water mains, improving water pressure and water quality while reducing the number of service interruptions that might have been caused by main breaks or leakage.", "projtype": "Water", "safety": "No", "mandate": "No", "repair": "No", "replace": "Yes", "expand": "Yes", "efficient": "No", "fiscalyr": "2021", "fundsource": "PIPES", "planstart": 1629763200000, "planend": 1727654400000, "estcost": 5893216.6, "pocname": "Albert Calloway", "pocphone": "813-630-3902", "pocemail": "albert.calloway@tampagov.net", "funded": "Yes", "projphase": "P4: Construction", "actstart": null, "actend": null, "actcost": null, "status": "Construction in Progress", "docpath": null, "CreationDate": 1777037629000, "Creator": "70747", "EditDate": 1777042119000, "Editor": "70747", "MultiYear": "No", "NumVotes": null, "ShowPublic": "Yes", "EBO": 17, "JobsCreated": null, "Neighborhood": "Palma Ceia", "Council": "4", "EBOAttained": 19, "ContractNumber": "20-C-00024", "ActivityStatus": null, "ProjectSiteURL": "<a href=\"https://apps.tampagov.net/Directory_Lister/FileHandler.ashx?file=GIS%2fWTR-18-0005.pdf\">WTR-18-0005</a>", "RelatedProject": "No", "MapScale": 6000, "WMBESLBE": null, "ORACLEID": null, "EBUILDERID": null, "COMPROCUREMENT": null, "WATER": null, "WASTEWATER": null, "STORMWATER": null, "TRANSPORTATION": null, "OBJECTID": 39223, "GlobalID": "{7B60DC65-86CB-49BE-989D-2C407713BA13}", "ProjectNumerical": 23307, "Shape__Length": 26989.13624425807}}, {"type": "Feature", "id": 39228, "geometry": {"type": "MultiLineString", "coordinates": [[[-82.45390372666444, 27.96312421984903], [-82.4539672610118, 27.96312476559485], [-82.45407576063802, 27.963125288387157], [-82.45411808699178, 27.96312685066814], [-82.45443911767889, 27.963129555785564], [-82.45446152306381, 27.963129784103764], [-82.45454035154285, 27.963130835864412], [-82.45456872455334, 27.963131215009852], [-82.45458110540854, 27.96313137986295], [-82.45486229774525, 27.96313227449779], [-82.45491324095536, 27.963132436388193], [-82.45496848948326, 27.96313261200085], [-82.45498074582719, 27.963132653599324], [-82.45524614412969, 27.963133560862772], [-82.45532279126336, 27.963133823464915]], [[-82.45532145707108, 27.963198547873922], [-82.45539366248569, 27.96319897854196], [-82.45643442063542, 27.963203941033097], [-82.45648918899104, 27.963203759370426], [-82.45666450911231, 27.96320317769973], [-82.45676617733994, 27.96320284028626], [-82.4573983632274, 27.963231137318736], [-82.45772899715506, 27.963231057705737], [-82.45791722965875, 27.9632318311284], [-82.45813334306251, 27.963233411182006], [-82.45933724794655, 27.963241687049326], [-82.45934648481195, 27.963241750068644]], [[-82.45531705566204, 27.96389221032754], [-82.45526280034167, 27.963891454029547], [-82.45463973297707, 27.963879676327497], [-82.4538350326966, 27.963871592002032]], [[-82.45531596560545, 27.964108580415168], [-82.45531965813224, 27.96410860248936], [-82.45532369954196, 27.96410868928508], [-82.45532656671764, 27.964110632614876], [-82.4553312207007, 27.964112587178278], [-82.45533494275456, 27.964113348228643], [-82.45534007253788, 27.964113399838286], [-82.45534537607334, 27.964112229911258], [-82.45534902292272, 27.964110570944875], [-82.45535179521117, 27.964108794851636], [-82.45538817162964, 27.964109011981304], [-82.45564508391547, 27.964110700951746], [-82.45648555178907, 27.964117602919902], [-82.45660584292689, 27.96411830568422], [-82.45664668120834, 27.96411853294391], [-82.45694291008479, 27.964119914854102], [-82.45709868923527, 27.964121290759184], [-82.457397073026, 27.964125860871533], [-82.4579493231447, 27.96413308620197], [-82.45807138551699, 27.964134682396136], [-82.45835930152484, 27.96413844782811], [-82.45872180794191, 27.964139994976826], [-82.45898985423312, 27.964141619831025], [-82.4592556635419, 27.96414228965913], [-82.45932231773496, 27.964137804211372], [-82.45939399934646, 27.964135359443887], [-82.4594720827096, 27.964136445151524]], [[-82.45531256409978, 27.964638007071667], [-82.45525773529027, 27.96463800438042], [-82.45445629751713, 27.964638052687263], [-82.4543488788466, 27.96463753927275], [-82.45432521808179, 27.964637102114647]], [[-82.45799460392851, 27.965062817933863], [-82.45803231468484, 27.965062923436324], [-82.45806921945339, 27.965063027099365], [-82.45811436299655, 27.965063152957757], [-82.45936540113335, 27.96506667821646], [-82.45938236643201, 27.965066697384756], [-82.45947337311274, 27.965066951236803]], [[-82.45700806377806, 27.966940175557824], [-82.45701217478475, 27.96756805522169], [-82.45701189947418, 27.967647211933773], [-82.45700846006466, 27.968582490964398], [-82.4570082794486, 27.968640940653078], [-82.45700826577537, 27.968645414846744], [-82.45700700207826, 27.969055671713203], [-82.45700465464745, 27.969716258819258], [-82.45700427441825, 27.969838778447972], [-82.45700216907494, 27.970452602709756], [-82.4570011275692, 27.970730562775476], [-82.45699865241853, 27.970794205312828]], [[-82.45699935177606, 27.971036400700925], [-82.45699920017667, 27.97129928845054], [-82.45699820175808, 27.97157396176384], [-82.45699807025302, 27.971610293207316], [-82.45699618933398, 27.972174842305108], [-82.4569959802295, 27.972224115456758], [-82.45699531786659, 27.97239111483548], [-82.45699312447924, 27.97290996870395], [-82.45699169143806, 27.97294497701942], [-82.45698931470625, 27.973003038710573], [-82.4569869480199, 27.973060831449885], [-82.45698357038778, 27.973143326489264], [-82.45698005460011, 27.97322921865508], [-82.45697904664853, 27.973575919523235], [-82.45697880083367, 27.9736516974487], [-82.45697914778867, 27.97379722602785], [-82.45697965297097, 27.974218607931753], [-82.45698045200277, 27.974371551898127], [-82.45698613953708, 27.974529404069997], [-82.45698750245602, 27.97462536353323], [-82.456989365891, 27.97475663530773], [-82.45699811248058, 27.9753726096244]]]}, "properties": {"FACILITYID": null, "projid": "WTR-21-0015", "projname": "Jefferson", "projdesc": "The Jefferson project will improve the City of Tampa’s water distribution system by replacing the existing water mains and increasing the capacity of the system. It will also improve our ability to serve a growing population. Approximately 7,479 Linear Feet of water mains ranging from 6 to 8 inches in diameter will be replaced and upgraded.", "rationale": "This project will replace the aging water mains in this area with new and larger diameter pipes, improving water pressure and water quality while reducing the number of service interruptions that might have been caused by main breaks or leakage. ", "projtype": "Water", "safety": "No", "mandate": "No", "repair": "No", "replace": "Yes", "expand": "No", "efficient": "Yes", "fiscalyr": "2027", "fundsource": "PIPES", "planstart": null, "planend": null, "estcost": 2528075.3, "pocname": "Andre Bien-Aime", "pocphone": "813-274-8593", "pocemail": "andre.bien-aime@tampagov.net", "funded": "No", "projphase": "P2: Design", "actstart": null, "actend": null, "actcost": null, "status": "90% Design Completion", "docpath": null, "CreationDate": 1777033270000, "Creator": "70747", "EditDate": 1777042119000, "Editor": "70747", "MultiYear": "No", "NumVotes": null, "ShowPublic": "Yes", "EBO": null, "JobsCreated": null, "Neighborhood": null, "Council": null, "EBOAttained": null, "ContractNumber": null, "ActivityStatus": null, "ProjectSiteURL": null, "RelatedProject": null, "MapScale": 6000, "WMBESLBE": null, "ORACLEID": null, "EBUILDERID": null, "COMPROCUREMENT": null, "WATER": null, "WASTEWATER": null, "STORMWATER": null, "TRANSPORTATION": null, "OBJECTID": 39228, "GlobalID": "{8327F166-01E9-44FC-A787-F635D9D43AEF}", "ProjectNumerical": null, "Shape__Length": 7352.6954415068}}, {"type": "Feature", "id": 39235, "geometry": {"type": "MultiLineString", "coordinates": [[[-82.46353315420916, 27.981590463820982], [-82.46353191236392, 27.981610989660012], [-82.46352958116478, 27.981764016988418], [-82.46354455456886, 27.982280113943606], [-82.463545979318, 27.982329222678217], [-82.46354383205308, 27.9826191581416], [-82.46354072501738, 27.98265422083044], [-82.4635410011821, 27.982867614928068], [-82.46354058088258, 27.98289175213721], [-82.46354022831476, 27.982989493990495], [-82.46354020414311, 27.98304018049919], [-82.46353927574988, 27.983720214458703], [-82.46354098489999, 27.983934471810223], [-82.46353857078985, 27.984072862318932], [-82.4635400913781, 27.984392065760872], [-82.46354037008774, 27.984530451697626], [-82.4635397938809, 27.985144005785283], [-82.46353970745939, 27.985156838307923], [-82.4635396648378, 27.985158044067674], [-82.46353967489488, 27.985160395707112], [-82.46352118978292, 27.985160383102752], [-82.4631501085598, 27.98515953142649], [-82.46299760828836, 27.985160111629295], [-82.46285251242892, 27.985159459325576], [-82.46212019573001, 27.985160240512737], [-82.46134230653286, 27.98516383547312], [-82.45984991447176, 27.985157908498802], [-82.45979902626878, 27.985158053355114], [-82.45959284455516, 27.985154058048344], [-82.45947849579791, 27.985104567629694], [-82.45941705624257, 27.98510434511779], [-82.45939226917383, 27.985104254645123], [-82.45937931195185, 27.985104207680095], [-82.45935621239575, 27.985104124198593], [-82.45930368776673, 27.98510455769254], [-82.45929726631526, 27.985104589061997], [-82.45928961968639, 27.985104566768193], [-82.45926477024946, 27.985104631694906], [-82.45890352885452, 27.985105574810017], [-82.45885868697381, 27.985106879494342], [-82.45779535100175, 27.985107368088524], [-82.45736039804913, 27.985109518946047], [-82.45726244834721, 27.985141944155533]], [[-82.45726244834721, 27.985141944155533], [-82.4562937940812, 27.985153566021953], [-82.45625398719963, 27.985153434569142], [-82.45571819335106, 27.985155531176858], [-82.45541165771677, 27.98515672964779], [-82.4553496732247, 27.985149242740135], [-82.45520381083831, 27.98514979683805], [-82.45515757004311, 27.98514987767118], [-82.45474884696395, 27.98515177915856], [-82.45471511554031, 27.985155405555485], [-82.45428310617625, 27.98515343280057], [-82.45417048770823, 27.985151922287578], [-82.45415621749856, 27.985151731171054], [-82.45346162795428, 27.985151585461264], [-82.45329843870836, 27.98514226636828], [-82.45316520659931, 27.985134453769692], [-82.45313675739781, 27.985133032354373], [-82.4514139290283, 27.985130995303138], [-82.45141407763913, 27.98516130850933], [-82.45141414075646, 27.98517426688291], [-82.45141416001164, 27.985178158003567]], [[-82.45726244834721, 27.985141944155533], [-82.45712814441039, 27.985186404612314], [-82.45631031027955, 27.985190316833705], [-82.45317377003562, 27.985178695887726], [-82.45235670111677, 27.985177999650762], [-82.45173398800956, 27.98517760971411], [-82.4516996269955, 27.98517898683429], [-82.45141416001164, 27.985178158003567]], [[-82.45937036006742, 27.985139685049596], [-82.45935749267932, 27.985139728023295], [-82.45934577407463, 27.98513954877669], [-82.45903561832425, 27.985138028606627], [-82.45890698874244, 27.985137397499564], [-82.45883436801012, 27.985137162399685], [-82.45844415255475, 27.98513641238839], [-82.45829944215552, 27.985134359776183], [-82.45827085492908, 27.98513444780654], [-82.45784227107245, 27.98513718719097], [-82.457662597314, 27.98513587565433], [-82.45733863815975, 27.985140478910957], [-82.45732073366784, 27.985141229686786], [-82.45730036926898, 27.985141777475416], [-82.45727631551064, 27.985141778033782], [-82.45726244834721, 27.985141944155533]], [[-82.45141416001164, 27.985178158003567], [-82.45127839313666, 27.985179488777778], [-82.45126678199132, 27.985179238102308], [-82.45125432760457, 27.985178131099794], [-82.45124645729625, 27.985170532473937], [-82.45118737681021, 27.985170726287834], [-82.45117866331289, 27.985178156421963], [-82.45112450629401, 27.985178174332464]]]}, "properties": {"FACILITYID": null, "projid": "WTR-20-0005.3-W Chelsea St Transmission", "projname": "W Chelsea St Transmission", "projdesc": "The W Chelsea St Transmission project will improve the City of Tampa’s water distribution system by replacing the existing water mains. It will also improve our ability to serve a growing population. Approximately 7,909 Linear Feet of water mains ranging from 6 to 24 inches in diameter will be replaced and upgraded. ", "rationale": "This project will replace the aging water mains in this area with new water mains, improving water pressure and water quality while reducing the number of service interruptions that might have been caused by main breaks or leakage.", "projtype": "Water", "safety": "No", "mandate": "No", "repair": "No", "replace": "Yes", "expand": "No", "efficient": "Yes", "fiscalyr": "2026", "fundsource": "PIPES", "planstart": null, "planend": null, "estcost": 7827102, "pocname": "Frank Woodard", "pocphone": "813-274-8549", "pocemail": "Frank.Woodard@tampagov.net", "funded": "Yes", "projphase": "P2: Design", "actstart": null, "actend": null, "actcost": null, "status": "90% Design Completion", "docpath": null, "CreationDate": 1777040389000, "Creator": "70747", "EditDate": 1777042119000, "Editor": "70747", "MultiYear": "No", "NumVotes": null, "ShowPublic": "Yes", "EBO": null, "JobsCreated": null, "Neighborhood": null, "Council": null, "EBOAttained": null, "ContractNumber": null, "ActivityStatus": null, "ProjectSiteURL": null, "RelatedProject": null, "MapScale": 6000, "WMBESLBE": null, "ORACLEID": null, "EBUILDERID": null, "COMPROCUREMENT": null, "WATER": null, "WASTEWATER": null, "STORMWATER": null, "TRANSPORTATION": null, "OBJECTID": 39235, "GlobalID": "{9847408F-2380-4209-9214-C495303299EC}", "ProjectNumerical": null, "Shape__Length": 7902.106640451133}}, {"type": "Feature", "id": 39240, "geometry": {"type": "MultiLineString", "coordinates": [[[-82.46103053648446, 27.941614634342656], [-82.46092408332602, 27.941613574865865], [-82.4605429526349, 27.941609781377036], [-82.45971592245813, 27.941605423368646], [-82.45966511158092, 27.941614929377796], [-82.45963818899294, 27.941620274008656], [-82.45958039631043, 27.941630779705008], [-82.45953820873642, 27.941638673148315]], [[-82.46478640090898, 27.941635414202846], [-82.4640627811117, 27.941636310099483], [-82.46388553611159, 27.941638863812397], [-82.46381625584229, 27.941640224325354], [-82.46378103655302, 27.941641273350456], [-82.46284139564688, 27.941631913353664], [-82.46278992585242, 27.941631950099573]], [[-82.46103125739884, 27.941673381730194], [-82.46108497006543, 27.941673632317315], [-82.46115070042461, 27.941673811951073], [-82.46183471844286, 27.94167892446926], [-82.46187625924806, 27.941679073895987], [-82.46187647205765, 27.941632351648355], [-82.46187656982583, 27.941610901864262]], [[-82.46963910037032, 27.94170866614295], [-82.46963934810339, 27.941694286257285]], [[-82.46963910037032, 27.94170866614295], [-82.4695151117678, 27.941706979166877], [-82.4686916781016, 27.941699997095704], [-82.46852481311606, 27.941700427849312], [-82.46845998175323, 27.941700648446492], [-82.46758254957172, 27.94166218230659], [-82.46478640090898, 27.941635414202846]], [[-82.46963910037032, 27.94170866614295], [-82.46963892128728, 27.941753485972463], [-82.46963907749682, 27.941780676030184], [-82.46917680443772, 27.94177683847903], [-82.4691655481486, 27.94177674508335], [-82.46868960638193, 27.941772791842407], [-82.46852270089538, 27.941771398054094], [-82.4684568337574, 27.941770847904785], [-82.46812837805783, 27.941757490345445], [-82.46763901446927, 27.94173758745066], [-82.466693846217, 27.94172736650831], [-82.4666531044009, 27.941726815156187], [-82.46660552478492, 27.94172646925237], [-82.46588171733015, 27.941719502701552], [-82.46576658649985, 27.941716866428138], [-82.46498332560661, 27.94170998255731], [-82.46490889452947, 27.94170922500411], [-82.46478597830375, 27.941707611364524], [-82.46478640090898, 27.941635414202846]], [[-82.47675448799609, 27.941792701752394], [-82.4762185460977, 27.941787926466496], [-82.47581064626858, 27.941784352666197], [-82.47573843826196, 27.941783780988153], [-82.47545447500241, 27.941765571169523], [-82.47516628078691, 27.941778059181406], [-82.47480589339915, 27.941774562075906], [-82.47467569255731, 27.941776266266334], [-82.47424653231501, 27.941760458540866], [-82.47335520797648, 27.94173870671641], [-82.4727362900668, 27.941734252746222], [-82.4716819287212, 27.941726665365326], [-82.47117442453606, 27.94172106101034], [-82.4710598930318, 27.941719802390143], [-82.47070521384533, 27.941715903224047], [-82.4706623653505, 27.941716009095167], [-82.47060530718524, 27.941716149985815], [-82.47053044730528, 27.94171633544676], [-82.46967056587016, 27.94170853715389], [-82.46963910037032, 27.94170866614295]], [[-82.4767568937124, 27.9433367228164], [-82.47674515949214, 27.944478935086945], [-82.47674504410585, 27.944489222076395], [-82.47674458840922, 27.944564333176864], [-82.47674607689387, 27.944722811350232]], [[-82.47669381832634, 27.952753830756986], [-82.47669453005578, 27.95267246244589], [-82.47670249163922, 27.952128996905916], [-82.47670292881025, 27.952097338827496], [-82.47670332304287, 27.952068861895082], [-82.47670375406202, 27.952035340359735], [-82.47670452174735, 27.951977588835252], [-82.476710170953, 27.951968774377228], [-82.47672388265613, 27.951947378562355], [-82.47672527615056, 27.951909483318385], [-82.47672603623228, 27.95184977178324], [-82.47673075473591, 27.95133636046812], [-82.47673228345444, 27.951250585546727], [-82.47673307607367, 27.951206149902163], [-82.4767414092816, 27.950604577631108], [-82.47674252001778, 27.95055066466468], [-82.47674345239908, 27.95050542719081], [-82.47674505543299, 27.949905550335053]], [[-82.47665175632892, 27.954957606648055], [-82.47665379467631, 27.954839067099503], [-82.47666052840113, 27.954561842292172], [-82.47666407724269, 27.954308477403412]], [[-82.46759470588334, 27.962360800399896], [-82.46762923507778, 27.9631820755091], [-82.46763363238277, 27.963325097939155]], [[-82.47653882129426, 27.965174090969278], [-82.4765388662192, 27.96518431781408], [-82.47653547177015, 27.965663995090832], [-82.47653044152595, 27.96570489794879], [-82.47652903003961, 27.965790794111406], [-82.47652794000368, 27.965857087034998], [-82.4765268162864, 27.96592543034747], [-82.47652654587246, 27.965941844295703], [-82.47650691919073, 27.966538917039884]], [[-82.4793602929016, 27.987391391886106], [-82.48002129761066, 27.987758551258953], [-82.48002746614169, 27.98776197782205], [-82.48001726149006, 27.988378413372818]], [[-82.47558541748832, 27.987560178887247], [-82.47558352746205, 27.987197114057953], [-82.47437327604256, 27.987148036271698], [-82.47317740779232, 27.98716501945839], [-82.4719876961159, 27.987179593281464], [-82.47165801167641, 27.987807910227893]], [[-82.48098332848521, 27.98760858814955], [-82.48097669730336, 27.988337451877896]], [[-82.48208617235959, 27.987744205455552], [-82.48207441054711, 27.988180261067622], [-82.48178658391704, 27.98833611249247], [-82.48154950857617, 27.98834006870263]], [[-82.47510331344081, 27.98779527950814], [-82.47395399689863, 27.98780024475857], [-82.47280755466372, 27.987804193365022], [-82.47165801167641, 27.987807910227893]], [[-82.47165801167641, 27.987807910227893], [-82.47140362375012, 27.98849225047589]], [[-82.47558401911805, 27.9879974229174], [-82.47557049602672, 27.988407349701692], [-82.47449551844326, 27.988456993259497], [-82.47346649716954, 27.988454872446887], [-82.47245334551704, 27.988467382397843], [-82.47140362375012, 27.98849225047589]], [[-82.47874078620139, 27.988121078260598], [-82.47903679687971, 27.988342806425393]], [[-82.47955993601116, 27.988322253888647], [-82.47958125979638, 27.98802175062711]], [[-82.47903679687971, 27.988342806425393], [-82.47955993601116, 27.988322253888647]], [[-82.48097669730336, 27.988337451877896], [-82.48001726149006, 27.988378413372818]], [[-82.48154950857617, 27.98834006870263], [-82.4815495450653, 27.988338214131474]], [[-82.48154950857617, 27.98834006870263], [-82.48154525041834, 27.988340139560826], [-82.48131753584003, 27.988337016613755], [-82.48097669730336, 27.988337451877896]], [[-82.48001726149006, 27.988378413372818], [-82.47955993601116, 27.988322253888647]], [[-82.47140362375012, 27.98849225047589], [-82.47115796053278, 27.988826176746112]], [[-82.47820819012843, 27.98870251476947], [-82.47819713714806, 27.98943683800396], [-82.47816966447346, 27.99017082119282]], [[-82.47038877552812, 27.988801708591495], [-82.47034608952994, 27.98875523626936], [-82.46977325530614, 27.98877415572798], [-82.46952640701019, 27.98940064148619], [-82.46860979609195, 27.98996543171777], [-82.46773985335173, 27.990751914642807]], [[-82.47115796053278, 27.988826176746112], [-82.47038877552812, 27.988801708591495]], [[-82.4740078105176, 27.989211981894776], [-82.47313284306385, 27.989221584991558], [-82.47224360434161, 27.98922976331214]], [[-82.47224360434161, 27.98922976331214], [-82.47139732996071, 27.98925715967858]], [[-82.47139732996071, 27.98925715967858], [-82.47115796053278, 27.988826176746112]], [[-82.47501370595293, 27.989315128811597], [-82.47478038158829, 27.989227945394646], [-82.4740078105176, 27.989211981894776]], [[-82.47634303686996, 27.989989725850126], [-82.47631523211827, 27.990922099232254], [-82.47629072118961, 27.99186472503952], [-82.4762703179874, 27.992799449468954], [-82.47624005134357, 27.993736990948765]], [[-82.47668234373207, 27.99016888064701], [-82.47742600432699, 27.990170013558185], [-82.47816966447346, 27.99017082119282]], [[-82.47816966447346, 27.99017082119282], [-82.47903297972594, 27.990174635416427]], [[-82.47958020461756, 27.990166655068954], [-82.47994948634604, 27.99020523871869], [-82.48002185516101, 27.98929295110981], [-82.48001726149006, 27.988378413372818]], [[-82.47903297972594, 27.990174635416427], [-82.47903123154622, 27.989258715218856], [-82.47903679687971, 27.988342806425393]], [[-82.48453693663684, 27.990529972251412], [-82.48434401469652, 27.990581415713383], [-82.48358209389328, 27.990586772574186], [-82.48252860404241, 27.99059410687956]], [[-82.48367179634278, 27.990556076757233], [-82.48254197006071, 27.99053490732372], [-82.48253447921111, 27.989904443836206], [-82.48256608603656, 27.98910672124955], [-82.48200557970334, 27.989108007278375], [-82.48199804853283, 27.988793895515794], [-82.48154069645317, 27.98878841190542], [-82.48154950857617, 27.98834006870263]], [[-82.48252860404241, 27.99059410687956], [-82.48192626329181, 27.990607392520623], [-82.48114705530884, 27.990624574663233], [-82.48044497972539, 27.990616015272277], [-82.48042831332253, 27.9915978380774], [-82.48041156957751, 27.992585870463422], [-82.48026394782178, 27.99258638608293], [-82.47954278992121, 27.992588902695736], [-82.47871857164742, 27.992583372030783]], [[-82.47532248307837, 27.990631554585327], [-82.47530778491463, 27.99141561902228], [-82.47529042432485, 27.992178181030106], [-82.4752670805559, 27.992936765975927], [-82.47524876762563, 27.993706188484843]], [[-82.47306195690594, 27.990738300376048], [-82.47284384689348, 27.990526783835755], [-82.47336266352053, 27.99003596095559], [-82.47394761931562, 27.989608600930058], [-82.4740078105176, 27.989211981894776]], [[-82.4779838210341, 27.990799688557715], [-82.47807838832522, 27.991585529136565], [-82.47807137161227, 27.992191766871024]], [[-82.47473090479262, 27.99147142747037], [-82.47437266747707, 27.99162059589209], [-82.47405259093483, 27.9918933859526], [-82.47357434978223, 27.992469233454074], [-82.4729592200503, 27.993086429119256]], [[-82.46906862891213, 27.991705282170027], [-82.46988888083749, 27.991058810228772], [-82.470322409959, 27.99025105193653], [-82.47038882523663, 27.989522344787293], [-82.47038877552812, 27.988801708591495]], [[-82.47910242596403, 27.991809270492087], [-82.47895765064257, 27.991008666257216], [-82.47903297972594, 27.990174635416427]], [[-82.47687746776528, 27.992194220983322], [-82.47807137161227, 27.992191766871024]], [[-82.47807137161227, 27.992191766871024], [-82.4787263927641, 27.99219753679446], [-82.47871857164742, 27.992583372030783]], [[-82.46950692442867, 27.992452882714975], [-82.47035211204448, 27.991850953209607], [-82.47098143479852, 27.99105883595346], [-82.47129006259148, 27.990214291650872], [-82.47139732996071, 27.98925715967858]], [[-82.47871857164742, 27.992583372030783], [-82.47872053141187, 27.993058932729515]], [[-82.46850597303937, 27.992625110373634], [-82.46941194510299, 27.99279193401646], [-82.4702423318208, 27.993150447403004], [-82.47103250132436, 27.993740345738093], [-82.47134215040153, 27.99410562261336]], [[-82.47410296241235, 27.99263808223621], [-82.47456955771437, 27.993403784592843], [-82.47498078657752, 27.993685776972487], [-82.47524876762563, 27.993706188484843]], [[-82.4708333718203, 27.992784173528623], [-82.47143763030735, 27.99199106080723], [-82.47195557420066, 27.991139941725002], [-82.4722160791204, 27.990192133999667], [-82.47224360434161, 27.98922976331214]], [[-82.47872053141187, 27.993058932729515], [-82.47809504030619, 27.993047666489318], [-82.47746435714245, 27.993061956204677], [-82.47726760909173, 27.993239719050507], [-82.47723687325862, 27.99385990982611]], [[-82.48247754513626, 27.99335770277872], [-82.48247409498686, 27.992742467887947], [-82.48247343173253, 27.992439627637992], [-82.48253314622342, 27.991515520556465], [-82.48252860404241, 27.99059410687956]], [[-82.46836774764989, 27.99343631169108], [-82.4689859745003, 27.99353633718703], [-82.46964947217911, 27.993788338260003], [-82.47013930633254, 27.994099558316552], [-82.47077178721126, 27.994745327127095]], [[-82.47204547461611, 27.993552539726505], [-82.47245158787949, 27.993947827213304], [-82.4732614598678, 27.99458345001554], [-82.47361864012953, 27.995186439284417], [-82.47367024276187, 27.995642806382758], [-82.47368836876393, 27.99583721766967]], [[-82.47524876762563, 27.993706188484843], [-82.47624005134357, 27.993736990948765]], [[-82.47624005134357, 27.993736990948765], [-82.47623612929348, 27.993833471649406]], [[-82.47623612929348, 27.993833471649406], [-82.47621458629844, 27.99456128187785]], [[-82.47813226793505, 27.993846103329297], [-82.47869801752518, 27.993838172916938], [-82.47872053141187, 27.993058932729515]], [[-82.47723687325862, 27.99385990982611], [-82.47653800578715, 27.993841447229258], [-82.47623612929348, 27.993833471649406]], [[-82.47134215040153, 27.99410562261336], [-82.47077178721126, 27.994745327127095]], [[-82.46833969982914, 27.994260696248322], [-82.46886835292901, 27.9943654030208], [-82.46942592803678, 27.994650683262456], [-82.47006662052128, 27.99528451278243]], [[-82.47621458629844, 27.99456128187785], [-82.47539953033446, 27.9945446596971], [-82.47459138111599, 27.99450029868842], [-82.47436840531118, 27.99464668286315]], [[-82.47842168364973, 27.994637117768743], [-82.47749641718158, 27.994633537716037], [-82.47725457903111, 27.994460691350078], [-82.47723687325862, 27.99385990982611]], [[-82.47077178721126, 27.994745327127095], [-82.47027670018919, 27.99515569171913]], [[-82.47866874120855, 27.995027363910037], [-82.47865802642174, 27.995874568929604]], [[-82.47213700107062, 27.995072242680415], [-82.47162505748014, 27.995050508020885], [-82.47094800908052, 27.99506939748116], [-82.47027670018919, 27.99515569171913]], [[-82.46840587146806, 27.995096325933197], [-82.4688986824287, 27.995324070383774], [-82.46920888861602, 27.995748380055336], [-82.46992066420259, 27.995386743416812], [-82.47006662052128, 27.99528451278243]], [[-82.47027670018919, 27.99515569171913], [-82.47006662052128, 27.99528451278243]], [[-82.4727633536901, 27.995652740424784], [-82.47275922120613, 27.99561993866588], [-82.47256584836731, 27.995160245798903], [-82.47193024352096, 27.994651489381717], [-82.47134215040153, 27.99410562261336]], [[-82.4762364027259, 27.99584267291379], [-82.47621910262005, 27.995240922547588], [-82.47621458629844, 27.99456128187785]], [[-82.46998149478628, 27.996415171202045], [-82.46998139204098, 27.99648616648787], [-82.46998032895138, 27.99722000338716]]]}, "properties": {"FACILITYID": null, "projid": "W70062", "projname": "West River WM Replacement", "projdesc": null, "rationale": null, "projtype": "Water", "safety": "No", "mandate": "No", "repair": "No", "replace": "Yes", "expand": "No", "efficient": "Yes", "fiscalyr": "2033", "fundsource": "Yet to be Determined", "planstart": null, "planend": null, "estcost": 5332950.94, "pocname": "Nadine Maghsoudlou", "pocphone": "813-274-8970", "pocemail": "nadine.maghsoudlou@tampagov.net", "funded": "No", "projphase": "P1: Planning", "actstart": null, "actend": null, "actcost": null, "status": "Planning", "docpath": null, "CreationDate": 1777040933000, "Creator": "70747", "EditDate": 1777042119000, "Editor": "70747", "MultiYear": "No", "NumVotes": null, "ShowPublic": "Yes", "EBO": null, "JobsCreated": null, "Neighborhood": null, "Council": null, "EBOAttained": null, "ContractNumber": null, "ActivityStatus": null, "ProjectSiteURL": null, "RelatedProject": null, "MapScale": 6000, "WMBESLBE": null, "ORACLEID": null, "EBUILDERID": null, "COMPROCUREMENT": null, "WATER": null, "WASTEWATER": null, "STORMWATER": null, "TRANSPORTATION": null, "OBJECTID": 39240, "GlobalID": "{A7EC49F7-1D8A-4FD4-BE7B-720B8A675246}", "ProjectNumerical": null, "Shape__Length": 48304.832320909176}}, {"type": "Feature", "id": 39249, "geometry": {"type": "MultiLineString", "coordinates": [[[-82.51417743751354, 27.927490930706618], [-82.5141885838112, 27.926710003087507], [-82.5141885777456, 27.92670507143383], [-82.51418831884976, 27.9265702792621]], [[-82.51417743751354, 27.927490930706618], [-82.51425605878644, 27.927490983700643], [-82.51510984999479, 27.92749548082735]], [[-82.51215634774171, 27.928391600689185], [-82.51219719758753, 27.928426889164808], [-82.51219757567033, 27.928455148563152], [-82.51219802345588, 27.928485262156705]], [[-82.51416803115812, 27.928403160640197], [-82.51417743751354, 27.927490930706618]], [[-82.51816639822353, 27.92842419554433], [-82.51816007907077, 27.928424085761662], [-82.51812392055437, 27.928423577471595], [-82.51812025264549, 27.928423561490465], [-82.5164726352791, 27.928415997998332], [-82.51609091317872, 27.92841401960148], [-82.51607449443053, 27.928412979281063], [-82.51576725709526, 27.928411709909945], [-82.51493496321714, 27.92840794872662], [-82.51472503043706, 27.928407385258733], [-82.51421267837361, 27.92840299576003], [-82.51416803115812, 27.928403160640197]], [[-82.51219802345588, 27.928485262156705], [-82.5121225279461, 27.928485035742796], [-82.51210383740164, 27.928484858881724], [-82.51208450601938, 27.930182294305855], [-82.51208355506148, 27.93033729049681]], [[-82.5130291608763, 27.928493776426777], [-82.51219802345588, 27.928485262156705]], [[-82.5130291608763, 27.928493776426777], [-82.51302852276622, 27.928542610062127], [-82.51301151489042, 27.929469008964595]], [[-82.51416661238005, 27.928500545087704], [-82.51416803115812, 27.928403160640197]], [[-82.51416661238005, 27.928500545087704], [-82.514010966685, 27.92850110710802], [-82.51341878016184, 27.928496686815276], [-82.5133893063762, 27.928496466401665], [-82.5130291608763, 27.928493776426777]], [[-82.51416661238005, 27.928500545087704], [-82.51416419675796, 27.92875699218018], [-82.51415654964596, 27.929434246592642], [-82.51415637501762, 27.929449731709518], [-82.51414788281747, 27.930201757537], [-82.5141454400992, 27.930332255226], [-82.51414524541357, 27.930342643600884], [-82.51414493259988, 27.930373800493523], [-82.51414430140633, 27.930441164188657], [-82.51413726247208, 27.93115075855864], [-82.51413712019388, 27.931191757401926], [-82.51413664017906, 27.93125263580331], [-82.51412769713636, 27.931999153904723]], [[-82.5141259150713, 27.93220784926611], [-82.5141213176677, 27.93257630431341], [-82.5141175601566, 27.93297108492667], [-82.51411761854168, 27.933016911807258], [-82.51411681166026, 27.93308579849885], [-82.51411693548329, 27.933119045536074], [-82.51410570449897, 27.933866061085965], [-82.51410616632717, 27.9339116861195], [-82.51410320357672, 27.93411995267472], [-82.51410192647775, 27.93425221917481], [-82.51410315635366, 27.934337107907275], [-82.5141085132971, 27.934798703121807]]]}, "properties": {"FACILITYID": null, "projid": "W70039", "projname": "Lois Ave", "projdesc": "The Lois Ave project will improve the City of Tampa’s water distribution system by replacing the existing water mains and increasing the capacity of the system. It will also increase capacity to serve a growing population. Approximately 7,193 Linear Feet of water mains ranging from 2 to 6 inches in diameter will be replaced and upgraded. ", "rationale": "This project will replace the aging water mains in this area with new and larger diameter pipes, improving water pressure and water quality while reducing the number of service interruptions that might have been caused by main breaks or leakage. ", "projtype": "Water", "safety": "No", "mandate": "No", "repair": "No", "replace": "Yes", "expand": "Yes", "efficient": "Yes", "fiscalyr": "2027", "fundsource": "PIPES", "planstart": null, "planend": null, "estcost": 2235599, "pocname": "Andre Bien-Aime", "pocphone": "813-274-8593", "pocemail": "andre.bien-aime@tampagov.net", "funded": "Yes", "projphase": "P2: Design", "actstart": null, "actend": null, "actcost": null, "status": "30% Design Completion", "docpath": null, "CreationDate": 1777033502000, "Creator": "70747", "EditDate": 1777042119000, "Editor": "70747", "MultiYear": "No", "NumVotes": null, "ShowPublic": "Yes", "EBO": null, "JobsCreated": null, "Neighborhood": null, "Council": null, "EBOAttained": null, "ContractNumber": null, "ActivityStatus": null, "ProjectSiteURL": null, "RelatedProject": null, "MapScale": 6000, "WMBESLBE": null, "ORACLEID": null, "EBUILDERID": null, "COMPROCUREMENT": null, "WATER": null, "WASTEWATER": null, "STORMWATER": null, "TRANSPORTATION": null, "OBJECTID": 39249, "GlobalID": "{C67419E7-5978-4B65-BA95-E11ECBADECEC}", "ProjectNumerical": null, "Shape__Length": 6241.998756778281}}, {"type": "Feature", "id": 39250, "geometry": {"type": "MultiLineString", "coordinates": [[[-82.45112450629401, 27.985178174332464], [-82.4510181571325, 27.98517817928152], [-82.45098139060302, 27.9851782556183], [-82.44949638579723, 27.985181339785086], [-82.44915635160869, 27.985180416567342], [-82.44914245777937, 27.98518028687009], [-82.44903961566347, 27.98517880520446], [-82.44703383884341, 27.985175383421687]], [[-82.4470547007542, 27.987954688807637], [-82.4470543682861, 27.987843531261568]], [[-82.44914110728408, 27.988742516387333], [-82.44914037780077, 27.988801490218016], [-82.44915270538603, 27.98882341637037], [-82.44915281845317, 27.98884922576681], [-82.44915405240893, 27.989131747567058]], [[-82.4469959053039, 27.989449702474005], [-82.44699564215414, 27.98933587179388], [-82.44699409940918, 27.98895543426387], [-82.44699381632383, 27.988915638091147], [-82.44699931410535, 27.988893960627216], [-82.44700138677564, 27.988885788001227], [-82.4470559009861, 27.98868431337523], [-82.44705499983586, 27.988101126103196]], [[-82.45112596010765, 27.9894587385787], [-82.45102975079297, 27.98945982568691], [-82.4507984613481, 27.989453158088214], [-82.45068276173649, 27.989451779388883], [-82.45012111825153, 27.989451829246214], [-82.44998437770394, 27.989450349169186], [-82.44996514765903, 27.989450083609714], [-82.44990612362051, 27.989449990644715], [-82.44904866592692, 27.989448680704694], [-82.44897041184369, 27.989448322550167], [-82.44823874201518, 27.989449767026475], [-82.44816048792707, 27.989449408411062], [-82.44813558498312, 27.989449565360086], [-82.44797847192885, 27.989450077212222], [-82.44705772332901, 27.989450376878317], [-82.4469959053039, 27.989449702474005]], [[-82.44299322234404, 27.989658483303995], [-82.44304482725522, 27.9896590444131], [-82.44346768342858, 27.989663609480644], [-82.44349956349295, 27.989662490568033], [-82.44375477032807, 27.989664122809], [-82.44395177122061, 27.98966538208339], [-82.44406056631463, 27.989665030847156], [-82.4445113823285, 27.98966618878266], [-82.44454354463733, 27.98966671741534], [-82.44470803261602, 27.989666734302045], [-82.44484409126693, 27.98966944910428], [-82.44495592733853, 27.989669426628986], [-82.44504553852136, 27.9896694092056]], [[-82.44699549047924, 27.990239844895193], [-82.44699774384168, 27.990131047801228], [-82.44699544812816, 27.989815278405363], [-82.44699642940805, 27.98978897002777], [-82.4469959053039, 27.989449702474005]], [[-82.44918252126779, 27.99024282167106], [-82.44906411360844, 27.99024144504725], [-82.44813245741261, 27.990239065919006], [-82.44798141944598, 27.99023785243782], [-82.44704700155684, 27.99023582779267], [-82.44699549047924, 27.990239844895193]], [[-82.44699406700705, 27.991013168723075], [-82.44699410121507, 27.991010124790833], [-82.44699417255768, 27.990999570901188], [-82.44699445175215, 27.990958569100897], [-82.446995596009, 27.990601595454386], [-82.44699495460985, 27.99026569430269], [-82.44699549047924, 27.990239844895193]], [[-82.44699406700705, 27.991013168723075], [-82.44703896972864, 27.991013160839117], [-82.44797969623608, 27.991008284075182], [-82.44812977477565, 27.991008070359413], [-82.44849870183661, 27.991008682454837], [-82.44906179720724, 27.991009651428676], [-82.4492131482617, 27.991008881906886], [-82.44997026703211, 27.99100910227261], [-82.44998438328467, 27.99101144836727], [-82.44998463487431, 27.99129016330352], [-82.44998407143639, 27.99151264106157], [-82.44998433569562, 27.99155742667604]], [[-82.44699406700705, 27.991013168723075], [-82.44699279766266, 27.991124663511116], [-82.4469924201722, 27.99148489593962], [-82.4469930581448, 27.99151140028476], [-82.44697266100376, 27.991866611792627], [-82.4469703859812, 27.991889574630356], [-82.44705227995772, 27.9918898453713], [-82.44797139654852, 27.991890106768363], [-82.44812300038949, 27.99189239135965], [-82.44867903371714, 27.991893577086863], [-82.44941372948158, 27.99189513879502], [-82.44967029171693, 27.991898508961043], [-82.44971666799985, 27.991898775127712], [-82.44998498613084, 27.991667298061646], [-82.44998433569562, 27.99155742667604]], [[-82.45404355106308, 27.99110575324035], [-82.45404329099473, 27.991110892405377], [-82.45405190362241, 27.99112445151511], [-82.4540516953371, 27.99113321457635], [-82.45406399078739, 27.991840068280588], [-82.45412116412716, 27.991966857195568], [-82.45414333062942, 27.992017335034646], [-82.4541504347534, 27.99203285282849]], [[-82.45404355106308, 27.99110575324035], [-82.45405888671837, 27.990621983472447], [-82.45407831603643, 27.99058071631156], [-82.45407777196525, 27.99026940023843], [-82.4540777068708, 27.990266723913372], [-82.45407841317, 27.990209166947455], [-82.45407907276078, 27.989901729942204], [-82.45408145972864, 27.989872855855637], [-82.45407999863608, 27.989495287126687], [-82.45410985970169, 27.989495416841503], [-82.45416230489705, 27.989495645235312], [-82.45440502780345, 27.989496629352075], [-82.45474545033042, 27.989498223120837], [-82.45477948408741, 27.989499458780656], [-82.4551516039915, 27.989500777072536], [-82.4552245174623, 27.989501513056826], [-82.45522570138112, 27.989581760218364], [-82.45522296309619, 27.990044095981332], [-82.45522354326269, 27.99019043382942], [-82.45522387937231, 27.990209218127678], [-82.45522445032151, 27.99023235937289], [-82.45522508026481, 27.99031213640062], [-82.45522487997175, 27.990463866001992], [-82.45523451733006, 27.990526041539365], [-82.45525297179748, 27.990645097293047], [-82.45525466455152, 27.99101559568802], [-82.45525473481808, 27.99102046394169], [-82.45525419584546, 27.991108262716416]], [[-82.45525419584546, 27.991108262716416], [-82.45514230977633, 27.991107605208015], [-82.45503828037273, 27.991107499153596], [-82.45485921113531, 27.991107007741544], [-82.45457418423867, 27.99111010781346], [-82.45443044627893, 27.991112750428336], [-82.45416917883296, 27.99110959868492], [-82.45405467868034, 27.99110569935614], [-82.45404355106308, 27.99110575324035]], [[-82.45525419584546, 27.991108262716416], [-82.45525260603102, 27.99115597282711], [-82.45525213412039, 27.991873388881196], [-82.45525201265278, 27.99193666967035], [-82.45525207999017, 27.991964311977878], [-82.45525226532358, 27.99202875044114]], [[-82.45525226532358, 27.99202875044114], [-82.45524306718326, 27.992028809767163], [-82.45518164389411, 27.992029524748432], [-82.45415148999184, 27.9920328493437], [-82.45415092272493, 27.99203285121701], [-82.4541504347534, 27.99203285282849]], [[-82.45525226532358, 27.99202875044114], [-82.45525133445979, 27.992091749650076], [-82.45525410982252, 27.992305890653846], [-82.45525662858184, 27.992444435166686]], [[-82.4541504347534, 27.99203285282849], [-82.45412781828946, 27.99203292751448], [-82.4532470570537, 27.99203583314552], [-82.45323100695745, 27.992035667659938]], [[-82.4532309472794, 27.99205445507011], [-82.45322010719158, 27.99205449079515], [-82.45255440580321, 27.992053226851965], [-82.4522381522689, 27.9920515726156], [-82.4521297491978, 27.992051893858367], [-82.45203626422044, 27.992051285231422], [-82.45195566813086, 27.99205168909735], [-82.4516609651286, 27.99205007911847], [-82.45161070247997, 27.992005476665366], [-82.45115077110353, 27.99200189578367], [-82.4511399298209, 27.99200188803306], [-82.45114001317992, 27.99190201744546], [-82.4511400196875, 27.991893569087267], [-82.45114029139253, 27.99156081362876], [-82.45101990549266, 27.991561273468218], [-82.44998433569562, 27.99155742667604]], [[-82.45525662858184, 27.992444435166686], [-82.45523306656065, 27.992444506848514], [-82.45495985086866, 27.992444820820992], [-82.45421789004757, 27.992445729418467], [-82.4541686750811, 27.992445697041326], [-82.45416527000842, 27.99206601061042], [-82.45415669495648, 27.992046399844696], [-82.45415318793417, 27.99203871479665], [-82.45415162962665, 27.992035360281363], [-82.4541504347534, 27.99203285282849]], [[-82.45525662858184, 27.992444435166686], [-82.45525632676522, 27.992464305361114], [-82.4552565446971, 27.992509884309957], [-82.45526807311205, 27.994164584065214], [-82.45526833577397, 27.994219593906887], [-82.45526874440888, 27.994305230044727]], [[-82.46482281717333, 27.993756877605588], [-82.46478690589981, 27.993756734580028], [-82.46337589644256, 27.99376483704872], [-82.46229460695373, 27.993771870249095], [-82.46222667735952, 27.99377355327191], [-82.4620388819179, 27.99377350666078], [-82.46200971858191, 27.993773725565056], [-82.46198071439674, 27.993774074777388], [-82.46190256839658, 27.99377546980218], [-82.46182718546437, 27.99377492164667], [-82.46176482969068, 27.993775320548973], [-82.46152714976618, 27.993782167272236], [-82.46090522676407, 27.99378306917347], [-82.46078012764042, 27.99378764217816], [-82.45948517611754, 27.993784416537462], [-82.45936734252112, 27.99378412166791], [-82.45936784360771, 27.993850756392714], [-82.4593677776369, 27.994186008717065], [-82.45936503343975, 27.994296485059024]], [[-82.45936503343975, 27.994296485059024], [-82.45933249530391, 27.994296127203548], [-82.459313205849, 27.994296201559802], [-82.45891513943157, 27.99429136892899], [-82.45888617671625, 27.99429362503861], [-82.45880828330928, 27.994293791997507], [-82.45847589203724, 27.994293293404958], [-82.45837616458077, 27.99429258899484], [-82.458321140259, 27.994293891378874], [-82.45791447917, 27.994292186066517], [-82.45788269009992, 27.994294186068913], [-82.4574645390626, 27.994291072028005], [-82.4573712194754, 27.994294455131428], [-82.45731799084301, 27.994296073300863], [-82.45690602227249, 27.9942951939198], [-82.45687093749616, 27.994294123822716], [-82.45645744836492, 27.994295496946624], [-82.45636381072538, 27.994295306892266], [-82.45630334641467, 27.994295184476552], [-82.45587198326605, 27.994293564111594], [-82.45584117370507, 27.994293030949446], [-82.455493612843, 27.99429369261102], [-82.45538559560995, 27.99429418120403], [-82.45532375261136, 27.994304917070465], [-82.45526874440888, 27.994305230044727]], [[-82.45936993772904, 27.994296486724448], [-82.45936503343975, 27.994296485059024]], [[-82.45527270870166, 27.995135426490425], [-82.455271961761, 27.99506630281595], [-82.45526899192346, 27.994357118510763], [-82.45526874440888, 27.994305230044727]], [[-82.45527270870166, 27.995135426490425], [-82.45519768728893, 27.99513524981498], [-82.45449091040267, 27.99513344554123], [-82.45443399437681, 27.99513372027267], [-82.45430547261934, 27.99513302865745], [-82.45427240124982, 27.995132850947154], [-82.45426580720253, 27.99506955266184], [-82.45419933555627, 27.994431495472124], [-82.45419947754743, 27.994357689863975], [-82.45419941769018, 27.994309216381367]], [[-82.45527270870166, 27.995135426490425], [-82.45527302305119, 27.99520128217749], [-82.45521801981457, 27.995469531350263], [-82.45521978800174, 27.995819704336988], [-82.45522033720289, 27.99588145329103], [-82.45522080701475, 27.995934228075146], [-82.45522161401544, 27.99598716327336], [-82.45522167407705, 27.995991053348718], [-82.45522175415395, 27.995996319527666], [-82.45522171056788, 27.99606361482772], [-82.45522169241616, 27.996077199714318], [-82.4552216097114, 27.99613736252263], [-82.4552226715697, 27.996214657336925], [-82.45523142102354, 27.996915841439275], [-82.45524324730309, 27.99782174598689], [-82.45525589805032, 27.998720545747474], [-82.45526475694417, 27.999349881466646], [-82.4552677246999, 27.99952454675928], [-82.45526863629904, 27.999550099878363], [-82.45527037631577, 27.999598831259064], [-82.45527526900017, 27.99973583277099]], [[-82.45416634114272, 27.999701220055154], [-82.4544423903983, 27.999699214250228], [-82.45445316663637, 27.999698802330137], [-82.45446388620387, 27.99969772642568], [-82.45480297009371, 27.99965302355628], [-82.45481185722765, 27.999652349842105], [-82.4548207727085, 27.999652131748633], [-82.45516013108244, 27.99965249956399], [-82.45515997526604, 27.99968002075478], [-82.45515960239119, 27.999736215711167], [-82.45526443232711, 27.99973613756932], [-82.45527526900017, 27.99973583277099]], [[-82.45527526900017, 27.99973583277099], [-82.45527659013183, 27.99978988251311]], [[-82.4520367024727, 27.999767165947443], [-82.45203810181772, 27.999821341813785], [-82.4520448336407, 28.00008184794871], [-82.45205586364858, 28.000635070549155]], [[-82.45113962023527, 27.999770812528677], [-82.45114553019258, 27.99991970099475], [-82.45115413574261, 28.0001775353317], [-82.45116089461527, 28.000454313613137], [-82.45116369640196, 28.000522359379236], [-82.45116408297366, 28.00054633504196], [-82.45116619122447, 28.00068122701173], [-82.45119308884227, 28.0014885710896], [-82.45120133519792, 28.001670358984654], [-82.4512060817614, 28.001964345468352], [-82.4512068131532, 28.002011783451216], [-82.45121310555191, 28.002419591619713]], [[-82.45441652891078, 27.99976686556795], [-82.45422382697392, 27.999769097747556], [-82.45419502543, 27.999769431125607]], [[-82.45441652891078, 27.99976686556795], [-82.45441727461245, 27.999817628855936], [-82.45441872119159, 27.99991598271948], [-82.45444032259968, 28.000800203266557], [-82.45444379352934, 28.00153347413704], [-82.45444400653207, 28.00165427488417], [-82.45444449664133, 28.001681913050344]], [[-82.45527659013183, 27.99978988251311], [-82.45516359317071, 27.999787088270146], [-82.45479535076753, 27.99976944559562], [-82.4544958302394, 27.999765947412875], [-82.45441652891078, 27.99976686556795]], [[-82.45527659013183, 27.99978988251311], [-82.45527819763596, 27.9998349018327], [-82.45528541991015, 28.000020114783734], [-82.45528683099165, 28.00009217624759], [-82.45529983171535, 28.00057429948716], [-82.45530042447126, 28.00065484987922], [-82.45530095113692, 28.000676622285557], [-82.45532161994385, 28.00153215904771], [-82.45532511572843, 28.001676869884157], [-82.45534088208915, 28.00232942300248], [-82.45534201021016, 28.002376236971802]], [[-82.45287960791502, 28.000623123651067], [-82.45286092633155, 27.99982287553736], [-82.45285954354488, 27.999764247156538]], [[-82.45378701959152, 28.00168508988618], [-82.45378744108805, 28.001714591750446], [-82.45379157339539, 28.002004194419282], [-82.45379742411833, 28.00239040927718], [-82.45384822657896, 28.00238994289284], [-82.45444138587762, 28.00238450393569], [-82.45522946790264, 28.002377272915382], [-82.45534201021016, 28.002376236971802]], [[-82.45200226175358, 28.002381384246103], [-82.45199943529524, 28.00239308330343], [-82.45199225350503, 28.002402416132202], [-82.45197892922944, 28.002409683693468], [-82.45196148716862, 28.002410599218933], [-82.45194287143855, 28.002409962852493], [-82.45143343114229, 28.0024167892342], [-82.45136854624293, 28.00241729644683], [-82.45121310555191, 28.002419591619713]], [[-82.45534201021016, 28.002376236971802], [-82.45534436434833, 28.00247356083856], [-82.45536150644995, 28.003285915408206], [-82.45536163365007, 28.003300450934496], [-82.45536212642578, 28.003410884782404]], [[-82.45121310555191, 28.002419591619713], [-82.45118430342379, 28.002419957763866]], [[-82.45121310555191, 28.002419591619713], [-82.45122317078174, 28.003022809679603], [-82.45122401333887, 28.00317916857247], [-82.45122327974036, 28.003282269938605], [-82.4512227159549, 28.003361459700308], [-82.45122248724677, 28.00340174023468], [-82.45122249328249, 28.003402944926556]]]}, "properties": {"FACILITYID": null, "projid": "WTR-19-0004", "projname": "Southeast Seminole Heights", "projdesc": "The Southeast Seminole Heights project will improve the City of Tampa’s water distribution system by replacing the existing water mains and increasing the capacity of the system. It will also improve our ability to serve a growing population. Approximately 24,733 Linear Feet of water mains ranging from 2 to 24 inches in diameter will be replaced and upgraded.", "rationale": "This project will replace the aging water mains in this area with new and larger diameter water mains, improving water pressure and water quality while reducing the number of service interruptions that might have been caused by main breaks or leakage.", "projtype": "Water", "safety": "No", "mandate": "No", "repair": "No", "replace": "Yes", "expand": "Yes", "efficient": "No", "fiscalyr": "2022", "fundsource": "PIPES", "planstart": 1631577600000, "planend": 1738281600000, "estcost": 8688167, "pocname": "Albert Calloway", "pocphone": "813-630-3902", "pocemail": "albert.calloway@tampagov.net", "funded": "Yes", "projphase": "P5: Closeout", "actstart": null, "actend": null, "actcost": null, "status": "Closeout", "docpath": null, "CreationDate": 1777039117000, "Creator": "70747", "EditDate": 1777042119000, "Editor": "70747", "MultiYear": "Yes", "NumVotes": null, "ShowPublic": "Yes", "EBO": null, "JobsCreated": null, "Neighborhood": null, "Council": null, "EBOAttained": null, "ContractNumber": null, "ActivityStatus": null, "ProjectSiteURL": "<a href=\"https://apps.tampagov.net/Directory_Lister/FileHandler.ashx?file=GIS%2fWTR-19-0004.pdf\">WTR-19-0004</a>", "RelatedProject": "Yes", "MapScale": 6000, "WMBESLBE": null, "ORACLEID": null, "EBUILDERID": null, "COMPROCUREMENT": null, "WATER": null, "WASTEWATER": null, "STORMWATER": null, "TRANSPORTATION": null, "OBJECTID": 39250, "GlobalID": "{DC8E381A-1C45-46FC-B5F9-ED728BD05FF9}", "ProjectNumerical": 22108, "Shape__Length": 25217.447277278403}}, {"type": "Feature", "id": 39268, "geometry": {"type": "MultiLineString", "coordinates": [[[-82.47183591534548, 27.946199649602644], [-82.47183623917097, 27.946174084972803]], [[-82.47183591534548, 27.946199649602644], [-82.47189073713989, 27.946200198070127]], [[-82.4718302831144, 27.946643797149264], [-82.47183591534548, 27.946199649602644]], [[-82.4718302831144, 27.946643797149264], [-82.47180152863741, 27.94664350946354], [-82.47177587202013, 27.946665785886687], [-82.4717370831947, 27.94666539811432], [-82.47172329877267, 27.947752484973375], [-82.47172224114989, 27.947863394073813]], [[-82.47182945746333, 27.946708918006134], [-82.4718302831144, 27.946643797149264]], [[-82.47182945746333, 27.946708918006134], [-82.47184242611443, 27.9467089105573], [-82.47260575431831, 27.94670843726759], [-82.4726228358375, 27.9467078046934]], [[-82.4726228358375, 27.9467078046934], [-82.47262579676175, 27.94628990574203], [-82.47263037000751, 27.94608737802995], [-82.47263179120952, 27.945937880529133], [-82.47263447960317, 27.94565509606905], [-82.4726361059026, 27.945479415279483], [-82.47263742460409, 27.945345355676174], [-82.47263764686008, 27.945321946351072], [-82.4726439993002, 27.944775550272315], [-82.47264449454292, 27.944698834538464]], [[-82.47182924475345, 27.94672567832484], [-82.47182945746333, 27.946708918006134]], [[-82.46969375402468, 27.94785060139248], [-82.47045793568205, 27.947851488842982], [-82.47054457024612, 27.94785100865864], [-82.47056210547711, 27.947850911722686], [-82.47060060758447, 27.947850698893944], [-82.47076260749579, 27.947857121556083], [-82.4708840944786, 27.94786193734375]], [[-82.4708840944786, 27.94786193734375], [-82.47107664225044, 27.94786195811567], [-82.47124995288137, 27.94786236482744], [-82.4712541549368, 27.94786237480819], [-82.47165224033576, 27.94786375213584], [-82.47172224114989, 27.947863394073813]], [[-82.4708840944786, 27.94786193734375], [-82.47088356212778, 27.947912809008713], [-82.47087472175244, 27.948756603961492]], [[-82.47172224114989, 27.947863394073813], [-82.47179104095062, 27.94786517339307], [-82.47200481447244, 27.947863151060563], [-82.47254183646662, 27.947884584657356], [-82.47260284175083, 27.947884442019035]], [[-82.47172224114989, 27.947863394073813], [-82.47172131949159, 27.947908539466592], [-82.47170786313625, 27.949764782680237]], [[-82.47260284175083, 27.947884442019035], [-82.47260302887378, 27.947861364910498], [-82.47260344819695, 27.947807357753742], [-82.47260340334566, 27.947796354804535], [-82.47261066782507, 27.94762423367705], [-82.47262063154314, 27.94685179203361], [-82.47262189584212, 27.94675098560916], [-82.47262219636299, 27.946737150607397], [-82.4726228358375, 27.9467078046934]], [[-82.47260132303053, 27.94836612106962], [-82.47260164870667, 27.94834055644114], [-82.47260284175083, 27.947884442019035]], [[-82.47016784932741, 27.94973366049049], [-82.47017345689702, 27.94882051193053]], [[-82.4726586876088, 27.94973228404589], [-82.47265920958472, 27.949710729063916], [-82.47265568409475, 27.949205855604315], [-82.47265600714906, 27.949187393867255], [-82.47265615210912, 27.94917914262305], [-82.47265629605688, 27.949170892284705], [-82.47265729875423, 27.949113639868955], [-82.47265832790275, 27.949006681644168], [-82.47265826885183, 27.948965112269327], [-82.4726594244379, 27.94891753407886], [-82.47265876562143, 27.948628053608648], [-82.47265959887505, 27.948542621267723], [-82.47266103471989, 27.948406303487815], [-82.47266115863404, 27.94834093779488]], [[-82.4726573134693, 27.949900042496743], [-82.47265793994066, 27.950406829947028], [-82.47265801315885, 27.950465887089845], [-82.47265687725388, 27.95055882850689], [-82.47265657517534, 27.95058350778092], [-82.47264772499501, 27.95130750466718], [-82.47264710300311, 27.951357669124107], [-82.47264600266516, 27.951446644310778], [-82.47264049333118, 27.95189233422808], [-82.47262028663525, 27.95191620740389], [-82.4726122215456, 27.951925735677026], [-82.4726119779556, 27.951944011237373], [-82.47261047363938, 27.952056910717253], [-82.47261022070491, 27.952076774552523]], [[-82.4717077002189, 27.9499936545911], [-82.4716685707689, 27.952068368684643]], [[-82.47004451603885, 27.95001661675556], [-82.47004177881203, 27.950796811230887], [-82.47007735414589, 27.950881533555403], [-82.47007702584436, 27.950907098182768]], [[-82.46934905649503, 27.950904093720503], [-82.4693202675009, 27.950903839935783]], [[-82.46934905649503, 27.950904093720503], [-82.4693666134177, 27.95090466825263], [-82.46939004997527, 27.950900943499253], [-82.47002589220457, 27.950906919043312]], [[-82.46934905649503, 27.950904093720503], [-82.46933790740393, 27.9517971985226], [-82.46933704176544, 27.95187480251989], [-82.46933490834631, 27.952039008922334]], [[-82.47002589220457, 27.950906919043312], [-82.47007702584436, 27.950907098182768]], [[-82.47007702584436, 27.950907098182768], [-82.47087957463143, 27.950914790718276]], [[-82.47007702584436, 27.950907098182768], [-82.47007676279505, 27.950927549525016]], [[-82.47087957463143, 27.950914790718276], [-82.4708801603587, 27.95080547784017], [-82.47088961998193, 27.950005368554173]], [[-82.46933490834631, 27.952039008922334], [-82.4691522736183, 27.952037317726575], [-82.46912064177201, 27.952064783029684], [-82.46878908244695, 27.95206171277116], [-82.46870486840845, 27.95213494956558], [-82.46853970247099, 27.95213341916659], [-82.46847581615476, 27.952132714344405], [-82.46841644515756, 27.952132276582077], [-82.46838764676514, 27.952132746370957]], [[-82.47046867778316, 27.95203653641049], [-82.47087407160055, 27.95203943850919]], [[-82.47046867778316, 27.95203653641049], [-82.47044283214467, 27.952036188879163], [-82.4704369744948, 27.952042516751806], [-82.4704195496286, 27.952042441842455], [-82.47035292919813, 27.95204843049142], [-82.4700632317707, 27.95204574996987], [-82.47001129548806, 27.952045269458115]], [[-82.47046867778316, 27.95203653641049], [-82.47046752106151, 27.952094393035996], [-82.47046068523072, 27.952619917422812], [-82.47046054301775, 27.95273622154126]], [[-82.47087407160055, 27.95203943850919], [-82.47087421046608, 27.95188685566398], [-82.47087222725517, 27.951488497579383], [-82.47087957463143, 27.950914790718276]], [[-82.47087407160055, 27.95203943850919], [-82.47090431148557, 27.95203978626795], [-82.47095467451871, 27.952040243850625], [-82.47095441633356, 27.952062246417743], [-82.4716685707689, 27.952068368684643]], [[-82.47001129548806, 27.952045269458115], [-82.47001321298828, 27.95189409731563], [-82.47002531314872, 27.950952024437786], [-82.47002589220457, 27.950906919043312]], [[-82.47001129548806, 27.952045269458115], [-82.46950259249196, 27.952040561363567], [-82.46933490834631, 27.952039008922334]], [[-82.4716685707689, 27.952068368684643], [-82.47248173398357, 27.952076361955292], [-82.47261022070491, 27.952076774552523]], [[-82.47261022070491, 27.952076774552523], [-82.47261035242782, 27.952080186115975], [-82.47263754753199, 27.952101743384958], [-82.47263756678662, 27.95210803222053], [-82.47263776705124, 27.95217339315532], [-82.47261824626023, 27.952629029679567], [-82.47261246158862, 27.952747083976956]], [[-82.46950869245006, 27.952730663966136], [-82.46858430845832, 27.95273365321249], [-82.46845113859985, 27.952734075800578], [-82.4683703060423, 27.952734339136075]], [[-82.46950869245006, 27.952730663966136], [-82.4695079715452, 27.952784139694927], [-82.46950116275688, 27.95328973598873], [-82.46950013505469, 27.95336602661179]], [[-82.47046054301775, 27.95273622154126], [-82.47041979750644, 27.952736241677542], [-82.46965700490358, 27.952730348416335], [-82.46964217525023, 27.952730231165464], [-82.46950869245006, 27.952730663966136]], [[-82.47046054301775, 27.95273622154126], [-82.47045982626526, 27.952788905842258], [-82.47045681594834, 27.953043014305106], [-82.47045730741618, 27.953078090241515], [-82.47045600169169, 27.95337518011417]], [[-82.47261246158862, 27.952747083976956], [-82.47246879655044, 27.952749984800636], [-82.4724007664115, 27.952749468387402], [-82.47137207816755, 27.95274184381802], [-82.47060821525568, 27.952736147195893], [-82.47046054301775, 27.95273622154126]], [[-82.46950013505469, 27.95336602661179], [-82.46949699212902, 27.953599395393724]], [[-82.47045600169169, 27.95337518011417], [-82.47040055134973, 27.953376524708933], [-82.47009684318311, 27.953373348918394], [-82.46964120021593, 27.953367776142134], [-82.46958340456794, 27.953367059181332], [-82.46950013505469, 27.95336602661179]], [[-82.47045600169169, 27.95337518011417], [-82.47045387210764, 27.953468605872104], [-82.47045327176936, 27.953506180704114], [-82.47045320958603, 27.953513170089003], [-82.47045096026791, 27.95376723892564], [-82.47044963490276, 27.953803542029895], [-82.47044069005868, 27.954061275869993], [-82.47044732855238, 27.95419051721331]], [[-82.47262980441276, 27.953393647785976], [-82.47262994087589, 27.953386478566426], [-82.47263023137738, 27.953369875015913], [-82.47263079395792, 27.95333780501562], [-82.47263442447638, 27.95310010116177], [-82.4726345578936, 27.953059793623286], [-82.47261276989028, 27.952794081377], [-82.47261246158862, 27.952747083976956]], [[-82.47262980441276, 27.953393647785976], [-82.47247907856949, 27.953391411082123], [-82.47057087850094, 27.953367690877236], [-82.47045600169169, 27.95337518011417]], [[-82.47044732855238, 27.95419051721331], [-82.47041956769276, 27.954190623823877], [-82.46942917753273, 27.954178438463156], [-82.46940009309019, 27.95420453340103], [-82.46936377537374, 27.95420395968428], [-82.46920340584661, 27.95420142832149], [-82.46863031856718, 27.954196755166084], [-82.46832228587056, 27.954197803559957]], [[-82.47044732855238, 27.95419051721331], [-82.47044658400777, 27.954256250458442], [-82.47044419636305, 27.954486848939155], [-82.4704425003881, 27.95452487059403], [-82.4704393015096, 27.95478471897029], [-82.47043867168726, 27.954917713000505]], [[-82.47262048396357, 27.95420407888734], [-82.47262111400227, 27.954150159492553], [-82.47262212820237, 27.954063337787982], [-82.47262250306231, 27.954033667042985], [-82.47262558245424, 27.953786785783613], [-82.47262729564086, 27.953525588850642], [-82.47262803318023, 27.95348678807103], [-82.47262924706374, 27.953422951879123], [-82.47262980441276, 27.953393647785976]], [[-82.47262048396357, 27.95420407888734], [-82.47246213063309, 27.95420177180685], [-82.47057446809403, 27.95419559544022], [-82.47044732855238, 27.95419051721331]], [[-82.47263199900118, 27.954204251415018], [-82.47262048396357, 27.95420407888734]], [[-82.47043867168726, 27.954917713000505], [-82.47039850357909, 27.95491749022055]], [[-82.47043867168726, 27.954917713000505], [-82.47043831663083, 27.954992649496766], [-82.47043727056322, 27.95515199984967]], [[-82.47261111839833, 27.954929014771793], [-82.47261372662882, 27.95478350113725], [-82.47261556972761, 27.954547000968905], [-82.47261515692887, 27.954509383595465], [-82.4726192751446, 27.9542861157748], [-82.47262002869529, 27.954243523014934], [-82.47262048396357, 27.95420407888734]], [[-82.47259966841202, 27.95493633022245], [-82.47258344105052, 27.954936205456562], [-82.4724796749576, 27.954935592500515], [-82.4724621936909, 27.95493527439665], [-82.47245502462502, 27.95493520966586], [-82.47240313477799, 27.95493474164106], [-82.4705714214643, 27.95492175232317], [-82.47045834820855, 27.954917822620597], [-82.47043867168726, 27.954917713000505]]]}, "properties": {"FACILITYID": "168005", "projid": "WTR-25-0003", "projname": "Willow Ave", "projdesc": "Approximately 17,695 Linear Feet of water mains ranging from 2 to 12 inches in diameter will be replaced and upgraded. The project area and the streets impacted by this project are shown on the attached map.", "rationale": "The Willow Ave Project will improve the City of Tampa’s water distribution system by replacing the existing water mains and increasing the capacity of the system. This project will replace the aging water mains in this area with new and larger diameter water mains, improving water pressure and water quality while reducing the number of service interruptions that might have been caused by main breaks or leakage. It will also improve our ability to serve a growing population.", "projtype": "Water", "safety": "No", "mandate": "No", "repair": "No", "replace": "Yes", "expand": "Yes", "efficient": "Yes", "fiscalyr": "2026", "fundsource": "PIPES", "planstart": null, "planend": null, "estcost": 7557672.79, "pocname": "Nadine Maghsoudlou", "pocphone": "813-274-8970", "pocemail": "nadine.maghsoudlou@tampagov.net", "funded": "Yes", "projphase": "P1: Planning", "actstart": null, "actend": null, "actcost": null, "status": "Planning", "docpath": null, "CreationDate": 1778157324000, "Creator": "70747", "EditDate": 1778157324000, "Editor": "70747", "MultiYear": "No", "NumVotes": null, "ShowPublic": "Yes", "EBO": null, "JobsCreated": null, "Neighborhood": null, "Council": null, "EBOAttained": null, "ContractNumber": null, "ActivityStatus": null, "ProjectSiteURL": null, "RelatedProject": null, "MapScale": 6000, "WMBESLBE": null, "ORACLEID": null, "EBUILDERID": null, "COMPROCUREMENT": null, "WATER": null, "WASTEWATER": null, "STORMWATER": null, "TRANSPORTATION": null, "OBJECTID": 39268, "GlobalID": "{50C947B9-0E9C-4522-A2F0-96502ABED946}", "ProjectNumerical": null, "Shape__Length": 17386.264020805942}}]}