{"type": "FeatureCollection", "features": [{"type": "Feature", "id": 873, "geometry": {"type": "Point", "coordinates": [-82.42489300409166, 28.01435841243864]}, "properties": {"FACILITYID": "162606", "projid": "WTR20001", "projname": "DLT Master Plan", "projdesc": "The DLTWTF Master Plan Improvements project will optimize facility performance capabilities, improve water quality and expand our water treatment capacity. This project will rehabilitate and replace existing infrastructure and eliminate deteriorating fac", "rationale": "DLT - with multiple task orders", "projtype": "Water", "safety": "No", "mandate": "No", "repair": "No", "replace": "Yes", "expand": "Yes", "efficient": "Yes", "fiscalyr": "2023", "fundsource": "Water System Revenues", "planstart": null, "planend": null, "estcost": 30000000, "pocname": "Crickett Luu", "pocphone": "813 274-5169", "pocemail": "crickett.luu@tampagov.net", "funded": "Yes", "projphase": "P1: Planning", "actstart": null, "actend": null, "actcost": 0, "status": "Planning", "docpath": null, "CreationDate": 1612368686000, "Creator": "GIS", "EditDate": 1672317902000, "Editor": "WTMR", "MultiYear": "Yes", "NumVotes": null, "ShowPublic": "Yes", "EBO": null, "JobsCreated": null, "Neighborhood": "Old Seminole Heights", "Council": "5", "EBOAttained": null, "ContractNumber": null, "ActivityStatus": null, "ProjectSiteURL": "<a href=\"https://apps.tampagov.net/Directory_Lister/FileHandler.ashx?file=GIS%2fWTR20001\">WTR20001</a>", "RelatedProject": "No", "MapScale": 6000, "WMBESLBE": null, "ORACLEID": null, "EBUILDERID": null, "COMPROCUREMENT": null, "WATER": null, "WASTEWATER": null, "STORMWATER": null, "TRANSPORTATION": null, "OBJECTID": 873, "GlobalID": "{88035240-D33D-41C8-93D5-9FAE168520F6}", "ProjectNumerical": null}}, {"type": "Feature", "id": 875, "geometry": {"type": "Point", "coordinates": [-82.42535945864518, 28.01457336038835]}, "properties": {"FACILITYID": "162608", "projid": "WTR20004", "projname": "DLT WTF Building Improvements", "projdesc": "The DLTWTF Building Improvements project will optimize facility performance capabilities, improve water quality and expand our water treatment capacity. This project will rehabilitate and replace existing infrastructure and eliminate deteriorating facilities and equipment to increase operational and maintenance efficiency. New infrastructure upgrades will increase our capacity to produce drinking water and we will also add new back-up systems to strengthen our resiliency when faced with a natural disaster or other emergency. New treatment processes will also be explored to achieve the twin goals of enhancing the taste and odor of our drinking water while reducing the use of water treatment chemicals.", "rationale": "This project involves extensive renovation to the interior of the Administration Building and minor renovation to the Welding Shop.  It includes a new central air conditioning chiller plant to service the Administration Building.", "projtype": "Water", "safety": "No", "mandate": "No", "repair": "Yes", "replace": "No", "expand": "No", "efficient": "No", "fiscalyr": "2022", "fundsource": "PIPES", "planstart": 1614556800000, "planend": 1703203200000, "estcost": 3160168, "pocname": "Albert Calloway", "pocphone": "813 630-3902", "pocemail": "Albert.Calloway@tampagov.net", "funded": "Yes", "projphase": "P5: Closeout", "actstart": null, "actend": null, "actcost": 0, "status": "Closeout", "docpath": null, "CreationDate": 1612371417000, "Creator": "GIS", "EditDate": 1708455428000, "Editor": "WTMR", "MultiYear": "Yes", "NumVotes": null, "ShowPublic": "Yes", "EBO": 24, "JobsCreated": null, "Neighborhood": "Old Seminole Heights", "Council": "5", "EBOAttained": 100, "ContractNumber": "20-C-00021", "ActivityStatus": null, "ProjectSiteURL": "<a href=\"https://apps.tampagov.net/Directory_Lister/FileHandler.ashx?file=GIS%2fWTR20004\">WTR20004</a>", "RelatedProject": "No", "MapScale": 6000, "WMBESLBE": null, "ORACLEID": null, "EBUILDERID": null, "COMPROCUREMENT": null, "WATER": null, "WASTEWATER": null, "STORMWATER": null, "TRANSPORTATION": null, "OBJECTID": 875, "GlobalID": "{6A23FFB6-0A87-4D4E-9412-AB9884895890}", "ProjectNumerical": 18111}}, {"type": "Feature", "id": 876, "geometry": {"type": "Point", "coordinates": [-82.42530928782536, 28.013820406303175]}, "properties": {"FACILITYID": "162609", "projid": "WTR-19-0002.1", "projname": "High Service Pump Station (GMP 1)", "projdesc": "The High Service Pump Station project will optimize facility performance capabilities, improve water quality and expand our water treatment capacity. This project will rehabilitate and replace existing infrastructure and eliminate deteriorating facilities and equipment to increase operational and maintenance efficiency. New infrastructure upgrades will increase our capacity to produce drinking water and we will also add new back-up systems to strengthen our resiliency when faced with a natural disaster or other emergency. New treatment processes will also be explored to achieve the twin goals of enhancing the taste and odor of our drinking water while reducing the use of water treatment chemicals.", "rationale": "This project High Service Pump Station (HSPS) and Miscellaneous Improvements Project (Project) will include evaluation, design, permitting, and construction services for a new HSPS and the other miscellaneous improvements.", "projtype": "Water", "safety": "No", "mandate": "No", "repair": "Yes", "replace": "No", "expand": "Yes", "efficient": "Yes", "fiscalyr": "2021", "fundsource": "PIPES", "planstart": 1602028800000, "planend": 1656547200000, "estcost": 79630219, "pocname": "Roy McKenzie", "pocphone": "813 274-7104", "pocemail": "Roy.mckenzie@tampagov.net", "funded": "Yes", "projphase": "P5: Closeout", "actstart": null, "actend": null, "actcost": 0, "status": "Closeout", "docpath": null, "CreationDate": 1612371418000, "Creator": "GIS", "EditDate": 1656332432000, "Editor": "WTMR", "MultiYear": "Yes", "NumVotes": null, "ShowPublic": "Yes", "EBO": null, "JobsCreated": null, "Neighborhood": "Old Seminole Heights", "Council": "5", "EBOAttained": null, "ContractNumber": "18-C-00003", "ActivityStatus": null, "ProjectSiteURL": "<a href=\"https://apps.tampagov.net/Directory_Lister/FileHandler.ashx?file=GIS%2fWTR20003\">WTR20003</a>", "RelatedProject": "No", "MapScale": 6000, "WMBESLBE": null, "ORACLEID": null, "EBUILDERID": null, "COMPROCUREMENT": null, "WATER": null, "WASTEWATER": null, "STORMWATER": null, "TRANSPORTATION": null, "OBJECTID": 876, "GlobalID": "{8BE379BE-F159-43F6-B41A-3F2AACA4B981}", "ProjectNumerical": 17706}}, {"type": "Feature", "id": 877, "geometry": {"type": "Point", "coordinates": [-82.37068326754105, 28.118810176964825]}, "properties": {"FACILITYID": "162610", "projid": "WTR-19-0006", "projname": "Morris Bridge East Ground Storage Tank Rehab ", "projdesc": "Morris Bridge East GST project will optimize facility performance capabilities, improve water quality and expand our water treatment capacity. This project will rehabilitate and replace existing infrastructure and eliminate deteriorati", "rationale": "Tanks at MB site", "projtype": "Water", "safety": "No", "mandate": "No", "repair": "Yes", "replace": "No", "expand": "No", "efficient": "No", "fiscalyr": "2021", "fundsource": "PIPES", "planstart": 1621123200000, "planend": 1669334400000, "estcost": 1190000, "pocname": "Albert Calloway", "pocphone": "813-630-3902", "pocemail": "albert.calloway@tampagov.net", "funded": "Yes", "projphase": "P5: Closeout", "actstart": null, "actend": null, "actcost": 0, "status": "Final Inspection and Testing", "docpath": null, "CreationDate": 1612371486000, "Creator": "GIS", "EditDate": 1680710039000, "Editor": "WTMR", "MultiYear": "No", "NumVotes": null, "ShowPublic": "Yes", "EBO": null, "JobsCreated": null, "Neighborhood": "TPOST 3", "Council": "7", "EBOAttained": null, "ContractNumber": "21-C-00031", "ActivityStatus": null, "ProjectSiteURL": "<a href=\"https://apps.tampagov.net/Directory_Lister/FileHandler.ashx?file=GIS%2fWTR20005\">WTR20005</a>", "RelatedProject": "Yes", "MapScale": 6000, "WMBESLBE": null, "ORACLEID": null, "EBUILDERID": null, "COMPROCUREMENT": null, "WATER": null, "WASTEWATER": null, "STORMWATER": null, "TRANSPORTATION": null, "OBJECTID": 877, "GlobalID": "{D02BF577-85B0-425B-9691-F7F7AEE0F406}", "ProjectNumerical": 18507}}, {"type": "Feature", "id": 878, "geometry": {"type": "Point", "coordinates": [-82.42860015555551, 28.0254896896339]}, "properties": {"FACILITYID": "162611", "projid": "WTR20006", "projname": "North Embankment Remediation", "projdesc": "The North Embankment Remediation project will optimize facility performance capabilities, improve water quality and expand our water treatment capacity. This project will rehabilitate and replace existing infrastructure and eliminate deteriorating facili", "rationale": "Hillsborough River Dam", "projtype": "Water", "safety": "No", "mandate": "No", "repair": "Yes", "replace": "No", "expand": "No", "efficient": "No", "fiscalyr": "2021", "fundsource": "PIPES", "planstart": 1625011200000, "planend": 1639526400000, "estcost": 845790, "pocname": "Frank Woodard", "pocphone": "813 274-8549", "pocemail": "Frank.Woodard@tampagov.net", "funded": "Yes", "projphase": "P5: Closeout", "actstart": null, "actend": null, "actcost": 0, "status": "Closeout", "docpath": null, "CreationDate": 1612371508000, "Creator": "GIS", "EditDate": 1643891584000, "Editor": "WTMR", "MultiYear": "No", "NumVotes": null, "ShowPublic": "Yes", "EBO": null, "JobsCreated": null, "Neighborhood": "Old Seminole Heights", "Council": "5", "EBOAttained": null, "ContractNumber": "21-C-00012", "ActivityStatus": null, "ProjectSiteURL": "<a href=\"https://apps.tampagov.net/Directory_Lister/FileHandler.ashx?file=GIS%2fWTR20006\">WTR20006</a>", "RelatedProject": "No", "MapScale": 6000, "WMBESLBE": null, "ORACLEID": null, "EBUILDERID": null, "COMPROCUREMENT": null, "WATER": null, "WASTEWATER": null, "STORMWATER": null, "TRANSPORTATION": null, "OBJECTID": 878, "GlobalID": "{37596268-56A6-4C77-A75C-213B48C86070}", "ProjectNumerical": 19707}}, {"type": "Feature", "id": 1313, "geometry": {"type": "Point", "coordinates": [-82.47670460926918, 27.957105001741578]}, "properties": {"FACILITYID": "207696", "projid": "TRANS10020", "projname": "Main Street and Rome Avenue Signal Upgrade", "projdesc": "This project provides for replacement and upgrade of the traffic signal at the intersection of Main Street and Rome Avenue.", "rationale": "End of Life Replacement", "projtype": "Transportation", "safety": "Yes", "mandate": "No", "repair": "No", "replace": "Yes", "expand": "No", "efficient": "Yes", "fiscalyr": "2022", "fundsource": "Local Option Gas Tax", "planstart": 1649995200000, "planend": 1675141200000, "estcost": 500000, "pocname": "Roger Kirk", "pocphone": "813-274-7358", "pocemail": "Roger.Kirk@tampagov.net", "funded": "Yes", "projphase": "P5: Closeout", "actstart": null, "actend": null, "actcost": null, "status": "Closeout", "docpath": null, "CreationDate": 1615581281000, "Creator": "PWK3", "EditDate": 1682622512000, "Editor": "PWK3", "MultiYear": "Yes", "NumVotes": null, "ShowPublic": "Yes", "EBO": null, "JobsCreated": null, "Neighborhood": "Old West Tampa", "Council": "5", "EBOAttained": null, "ContractNumber": null, "ActivityStatus": null, "ProjectSiteURL": "<a href=\"https://apps.tampagov.net/Directory_Lister/FileHandler.ashx?file=GIS%2fTRANS10020\">TRANS10020</a>", "RelatedProject": "No", "MapScale": 6000, "WMBESLBE": null, "ORACLEID": null, "EBUILDERID": null, "COMPROCUREMENT": null, "WATER": null, "WASTEWATER": null, "STORMWATER": null, "TRANSPORTATION": null, "OBJECTID": 1313, "GlobalID": "{98692631-B8E9-4AE6-905D-CC3115CF271C}", "ProjectNumerical": 27717}}, {"type": "Feature", "id": 1319, "geometry": {"type": "Point", "coordinates": [-82.43553854395668, 27.962444096273806]}, "properties": {"FACILITYID": "207702", "projid": "TRANS10001", "projname": "21st St and Palm Ave - Traffic Signal Upgrade", "projdesc": "This project provides for the replacement and upgrade of the traffic signal at the intersection of North 21st Street and East Palm Avenue. Additionally, ADA accommodations will be upgraded as necessary.", "rationale": "End of Life Replacement", "projtype": "Transportation", "safety": "No", "mandate": "No", "repair": "No", "replace": "Yes", "expand": "No", "efficient": "Yes", "fiscalyr": "2026", "fundsource": "Local Option Gas Tax", "planstart": 1777852800000, "planend": 1787961600000, "estcost": 292344.18, "pocname": "Zack Besece, P. E.", "pocphone": "813-274-8122", "pocemail": "zackary.besece@tampagov.net", "funded": "Yes", "projphase": "P4: Construction", "actstart": null, "actend": null, "actcost": null, "status": "Construction In Progress", "docpath": null, "CreationDate": 1615581281000, "Creator": "PWK3", "EditDate": 1782126347000, "Editor": "PWLR", "MultiYear": "Yes", "NumVotes": null, "ShowPublic": "Yes", "EBO": null, "JobsCreated": null, "Neighborhood": "Historic East Ybor and Gary", "Council": "5", "EBOAttained": null, "ContractNumber": null, "ActivityStatus": null, "ProjectSiteURL": "<a href=\"https://apps.tampagov.net/Directory_Lister/FileHandler.ashx?file=GIS%2fTRANS10001\">TRANS10001</a>", "RelatedProject": "No", "MapScale": 6000, "WMBESLBE": null, "ORACLEID": null, "EBUILDERID": null, "COMPROCUREMENT": null, "WATER": null, "WASTEWATER": null, "STORMWATER": null, "TRANSPORTATION": null, "OBJECTID": 1319, "GlobalID": "{7EC47D36-4CE1-4312-9B83-57CA3C5DD670}", "ProjectNumerical": 27723}}, {"type": "Feature", "id": 1321, "geometry": {"type": "Point", "coordinates": [-82.47678838753737, 27.943262179224742]}, "properties": {"FACILITYID": "207704", "projid": "TRANS10022", "projname": "Cleveland St and Rome Ave - Traffic Signal", "projdesc": "This project provides for intersection improvements and a new traffic signal.", "rationale": "Safety Enhancement", "projtype": "Transportation", "safety": "Yes", "mandate": "No", "repair": "No", "replace": "No", "expand": "Yes", "efficient": "Yes", "fiscalyr": "2026", "fundsource": "Transportation Impact Fees", "planstart": 1772323200000, "planend": 1788220800000, "estcost": 586089.19, "pocname": "Jae-Sang Lee", "pocphone": "813-410-4154", "pocemail": "jae-sang.lee@tampagov.net", "funded": "Yes", "projphase": "P4: Construction", "actstart": null, "actend": null, "actcost": null, "status": "Construction in Progress", "docpath": null, "CreationDate": 1615581281000, "Creator": "PWK3", "EditDate": 1773853602000, "Editor": "PWLR", "MultiYear": "Yes", "NumVotes": null, "ShowPublic": "Yes", "EBO": null, "JobsCreated": null, "Neighborhood": "South Howard", "Council": "4", "EBOAttained": null, "ContractNumber": null, "ActivityStatus": null, "ProjectSiteURL": "<a href=\"https://apps.tampagov.net/Directory_Lister/FileHandler.ashx?file=GIS%2fTRANS10022\">TRANS10022</a>", "RelatedProject": "No", "MapScale": 6000, "WMBESLBE": null, "ORACLEID": null, "EBUILDERID": null, "COMPROCUREMENT": null, "WATER": null, "WASTEWATER": null, "STORMWATER": null, "TRANSPORTATION": null, "OBJECTID": 1321, "GlobalID": "{B7CBC1F9-8B2C-4B3F-B104-6DD7830970B4}", "ProjectNumerical": 27725}}, {"type": "Feature", "id": 1322, "geometry": {"type": "Point", "coordinates": [-82.47885670965508, 27.941871503754616]}, "properties": {"FACILITYID": "207705", "projid": "TRANS10023", "projname": "Platt St and Fremont Ave - Traffic Signal", "projdesc": "This project provides for the design of a new traffic signal based on a safety-related signal warrant study.", "rationale": "Safety Enhancement", "projtype": "Transportation", "safety": "Yes", "mandate": "No", "repair": "No", "replace": "No", "expand": "Yes", "efficient": "Yes", "fiscalyr": "2025", "fundsource": "Transportation Impact Fees", "planstart": 1756684800000, "planend": 1793318400000, "estcost": 500602.58, "pocname": "Jae-Sang Lee", "pocphone": "813-410-4154", "pocemail": "jae-sang.lee@tampagov.net", "funded": "Yes", "projphase": "P4: Construction", "actstart": null, "actend": null, "actcost": null, "status": "Construction in Progress", "docpath": null, "CreationDate": 1615581281000, "Creator": "PWK3", "EditDate": 1756473021000, "Editor": "PWLR", "MultiYear": "Yes", "NumVotes": null, "ShowPublic": "Yes", "EBO": null, "JobsCreated": null, "Neighborhood": "South Howard", "Council": "6", "EBOAttained": null, "ContractNumber": null, "ActivityStatus": null, "ProjectSiteURL": "<a href=\"https://apps.tampagov.net/Directory_Lister/FileHandler.ashx?file=GIS%2fTRANS10023\">TRANS10023</a>", "RelatedProject": "No", "MapScale": 6000, "WMBESLBE": null, "ORACLEID": null, "EBUILDERID": null, "COMPROCUREMENT": null, "WATER": null, "WASTEWATER": null, "STORMWATER": null, "TRANSPORTATION": null, "OBJECTID": 1322, "GlobalID": "{52974B19-6A45-428D-B907-AF4C3D6B9F9B}", "ProjectNumerical": 27726}}, {"type": "Feature", "id": 2908, "geometry": {"type": "Point", "coordinates": [-82.4239160788557, 28.014256726286806]}, "properties": {"FACILITYID": "168250", "projid": "WTR-20-0001.11", "projname": "TECO House and Sitewide Electrical", "projdesc": "The TECO House and Sitewide Electrical project will optimize facility performance capabilities, improve water quality and expand our water treatment capacity. This project will rehabilitate and replace existing infrastructure and eliminate deteriorating facilities.", "rationale": "Admins Building", "projtype": "Water", "safety": "No", "mandate": "No", "repair": "No", "replace": "No", "expand": "Yes", "efficient": "Yes", "fiscalyr": "2024", "fundsource": "Water System Revenues", "planstart": null, "planend": null, "estcost": null, "pocname": "Sarah Tsang", "pocphone": "813-274-5661", "pocemail": "sarah.tsang@tampagov.net", "funded": "No", "projphase": "P4: Construction", "actstart": null, "actend": null, "actcost": null, "status": "Construction in Progress", "docpath": null, "CreationDate": 1626780815000, "Creator": "WTMR", "EditDate": 1768223087000, "Editor": "70747", "MultiYear": "No", "NumVotes": null, "ShowPublic": "Yes", "EBO": null, "JobsCreated": null, "Neighborhood": "Old Seminole Heights", "Council": "5", "EBOAttained": null, "ContractNumber": null, "ActivityStatus": null, "ProjectSiteURL": "<a href=\"https://apps.tampagov.net/Directory_Lister/FileHandler.ashx?file=GIS%2fWTR-20-0001.11.pdf\">WTR-20-0001.11</a>", "RelatedProject": "No", "MapScale": 6000, "WMBESLBE": null, "ORACLEID": null, "EBUILDERID": null, "COMPROCUREMENT": null, "WATER": null, "WASTEWATER": null, "STORMWATER": null, "TRANSPORTATION": null, "OBJECTID": 2908, "GlobalID": "{3BDF02CE-3606-46B3-86C4-EBB9D9F2FB27}", "ProjectNumerical": null}}, {"type": "Feature", "id": 4528, "geometry": {"type": "Point", "coordinates": [-82.42647120333912, 28.01064465765004]}, "properties": {"FACILITYID": "176851", "projid": "TRANS10027", "projname": "Sligh Ave and 30th St", "projdesc": "This project is for the construction of a new traffic signal installation at the intersection of E Sligh Ave & N 30th St the project will include new vehicular traffic signal heads along with new pedestrian signal heads. ", "rationale": "Safety Enhancement", "projtype": "Transportation", "safety": "Yes", "mandate": "No", "repair": "No", "replace": "No", "expand": "No", "efficient": "No", "fiscalyr": "2025", "fundsource": "Local Option Gas Tax", "planstart": 1730332800000, "planend": 1761782400000, "estcost": 300000, "pocname": "Roger Kirk", "pocphone": "813-373-8092", "pocemail": "roger.kirk@tampagov.net", "funded": "No", "projphase": "P5: Closeout", "actstart": null, "actend": null, "actcost": 300000, "status": "Closeout", "docpath": null, "CreationDate": 1680106954000, "Creator": "PWK3", "EditDate": 1765393176000, "Editor": "PWLR", "MultiYear": "No", "NumVotes": null, "ShowPublic": "Yes", "EBO": null, "JobsCreated": null, "Neighborhood": "Old Seminole Heights", "Council": "5", "EBOAttained": null, "ContractNumber": null, "ActivityStatus": null, "ProjectSiteURL": "<a href=\"https://apps.tampagov.net/Directory_Lister/FileHandler.ashx?file=GIS%2f1002148.pdf\">1002148</a>", "RelatedProject": "No", "MapScale": 6000, "WMBESLBE": null, "ORACLEID": null, "EBUILDERID": null, "COMPROCUREMENT": null, "WATER": null, "WASTEWATER": null, "STORMWATER": null, "TRANSPORTATION": null, "OBJECTID": 4528, "GlobalID": "{EA8A4FDC-B399-404B-97F4-94F6927D1160}", "ProjectNumerical": null}}, {"type": "Feature", "id": 4529, "geometry": {"type": "Point", "coordinates": [-82.47608418255352, 27.982013143394404]}, "properties": {"FACILITYID": "176763", "projid": "1001810.6", "projname": "Rome Ave Pump Station Rehabilitation (Year 2)", "projdesc": "This project provides for the complete rehabilitation of Rome Avenue Pumping Station at 4503 N Rome Ave. The project will serve to replace the existing wet-dry type pumping station with a more efficient, reliable and serviceable submersible pumping station. It includes demolition of above ground building structure, pumps and electrical equipment and installation of new submersible pumps, piping, valves, control panel and electrical upgrades.", "rationale": "The pumping station rehabilitation project will restore the station’s reliability by replacing the aging equipment and will include improvements to reduce vulnerability to extreme weather events.  The station is a critical wastewater asset and failure of the station would result in a wastewater overflow that would impact the environment and pose a public health threat to the surrounding neighborhoods.", "projtype": "Wastewater", "safety": "No", "mandate": "No", "repair": "No", "replace": "No", "expand": "No", "efficient": "No", "fiscalyr": "2026", "fundsource": "PIPES", "planstart": 1765756800000, "planend": 1777593600000, "estcost": 2167000, "pocname": "Albert Calloway", "pocphone": "8136303902", "pocemail": "albert.calloway@tampagov.net", "funded": "Yes", "projphase": "P4: Construction", "actstart": null, "actend": null, "actcost": null, "status": "Construction in Progress", "docpath": null, "CreationDate": 1680272661000, "Creator": "SSME", "EditDate": 1765218853000, "Editor": "SSME", "MultiYear": "No", "NumVotes": null, "ShowPublic": "Yes", "EBO": null, "JobsCreated": null, "Neighborhood": null, "Council": null, "EBOAttained": null, "ContractNumber": "20-C-00016", "ActivityStatus": null, "ProjectSiteURL": null, "RelatedProject": "No", "MapScale": 6000, "WMBESLBE": null, "ORACLEID": null, "EBUILDERID": null, "COMPROCUREMENT": null, "WATER": null, "WASTEWATER": null, "STORMWATER": null, "TRANSPORTATION": null, "OBJECTID": 4529, "GlobalID": "{B3FBB3BA-5216-4C54-ACC3-C8583AC6EE9C}", "ProjectNumerical": null}}, {"type": "Feature", "id": 5334, "geometry": {"type": "Point", "coordinates": [-82.34880476502659, 28.14403226671355]}, "properties": {"FACILITYID": "176935", "projid": "1001566", "projname": "Dayflower Pumping Station Rehabilitation", "projdesc": "This project provides for the rehabilitation of the Dayflower pumping station to include replacement of existing pump bases, valves, and control panel.", "rationale": "The pumping station rehabilitation project will restore the station’s reliability by replacing the aging equipment and will include improvements to reduce vulnerability to extreme weather events.  The station is a critical wastewater asset and failure of the station would result in a wastewater overflow that would impact the environment and pose a public health threat to the surrounding neighborhoods.", "projtype": "Wastewater", "safety": "No", "mandate": "No", "repair": "No", "replace": "No", "expand": "No", "efficient": "Yes", "fiscalyr": "2021", "fundsource": "PIPES", "planstart": 1632960000000, "planend": 1690675200000, "estcost": 447000, "pocname": "Andy Brown", "pocphone": "813-274-8543", "pocemail": "andy.brown@tampagov.net", "funded": "Yes", "projphase": "P5: Closeout", "actstart": null, "actend": null, "actcost": null, "status": "Closeout", "docpath": null, "CreationDate": 1683037612000, "Creator": "SSME", "EditDate": 1690912667000, "Editor": "SSME", "MultiYear": "Yes", "NumVotes": null, "ShowPublic": "Yes", "EBO": null, "JobsCreated": null, "Neighborhood": null, "Council": null, "EBOAttained": null, "ContractNumber": "20-C-00028", "ActivityStatus": null, "ProjectSiteURL": null, "RelatedProject": "No", "MapScale": 6000, "WMBESLBE": null, "ORACLEID": null, "EBUILDERID": null, "COMPROCUREMENT": null, "WATER": null, "WASTEWATER": null, "STORMWATER": null, "TRANSPORTATION": null, "OBJECTID": 5334, "GlobalID": "{DBA0640B-9B13-4792-8337-D8D650841311}", "ProjectNumerical": null}}, {"type": "Feature", "id": 5335, "geometry": {"type": "Point", "coordinates": [-82.37335856240226, 28.001498390260345]}, "properties": {"FACILITYID": "176937", "projid": "1002495A", "projname": "Wastewater Pumping Station Rehabilitation Parke East PS", "projdesc": "This project provides for the rehabilitation of the wastewater pumping stations 6304 Orient Road (Parke East Pump Station) and 6001 North Olive Avenue (Idlewild Pump Station). Project will include replacement of pumps, piping, valves, and electrical improvements to ensure continued reliability of the station.", "rationale": "The pumping station rehabilitation project will restore the station’s reliability by replacing the aging equipment and will include improvements to reduce vulnerability to extreme weather events.  The station is a critical wastewater asset and failure of the station would result in a wastewater overflow that would impact the environment and pose a public health threat to the surrounding neighborhoods.", "projtype": "Wastewater", "safety": "No", "mandate": "No", "repair": "No", "replace": "No", "expand": "No", "efficient": "Yes", "fiscalyr": "2025", "fundsource": "PIPES", "planstart": 1751328000000, "planend": 1767225600000, "estcost": 1801300, "pocname": "Albert Calloway", "pocphone": "8136303902", "pocemail": "albert.calloway@tampagov.net", "funded": "Yes", "projphase": "P5: Closeout", "actstart": null, "actend": null, "actcost": null, "status": "Closeout", "docpath": null, "CreationDate": 1683042979000, "Creator": "SSME", "EditDate": 1772139896000, "Editor": "SSME", "MultiYear": "Yes", "NumVotes": null, "ShowPublic": "Yes", "EBO": null, "JobsCreated": null, "Neighborhood": null, "Council": null, "EBOAttained": null, "ContractNumber": "22-C-00048", "ActivityStatus": null, "ProjectSiteURL": null, "RelatedProject": "No", "MapScale": 6000, "WMBESLBE": null, "ORACLEID": null, "EBUILDERID": null, "COMPROCUREMENT": null, "WATER": null, "WASTEWATER": null, "STORMWATER": null, "TRANSPORTATION": null, "OBJECTID": 5335, "GlobalID": "{DA17FB84-217F-4C78-8EE7-49CA8E0723C7}", "ProjectNumerical": null}}, {"type": "Feature", "id": 5336, "geometry": {"type": "Point", "coordinates": [-82.51368073323813, 28.00175315483313]}, "properties": {"FACILITYID": "176939", "projid": "1002495B", "projname": "Wastewater Pumping Station Rehabilitation Idlewild PS", "projdesc": "This project provides for the rehabilitation of the wastewater pumping stations 6304 Orient Road (Parke East Pump Station) and 6001 North Olive Avenue (Idlewild Pump Station). Project will include replacement of pumps, piping, valves, and electrical improvements to ensure continued reliability of the station.", "rationale": "The pumping station rehabilitation project will restore the station’s reliability by replacing the aging equipment and will include improvements to reduce vulnerability to extreme weather events.  The station is a critical wastewater asset and failure of the station would result in a wastewater overflow that would impact the environment and pose a public health threat to the surrounding neighborhoods.", "projtype": "Wastewater", "safety": "No", "mandate": "No", "repair": "No", "replace": "No", "expand": "No", "efficient": "Yes", "fiscalyr": "2026", "fundsource": "PIPES", "planstart": 1769904000000, "planend": 1782864000000, "estcost": 1801300, "pocname": "Albert Calloway", "pocphone": "8136303902", "pocemail": "albert.calloway@tampagov.net", "funded": "Yes", "projphase": "P4: Construction", "actstart": null, "actend": null, "actcost": null, "status": "Construction", "docpath": null, "CreationDate": 1683042983000, "Creator": "SSME", "EditDate": 1772136523000, "Editor": "SSME", "MultiYear": "No", "NumVotes": null, "ShowPublic": "Yes", "EBO": null, "JobsCreated": null, "Neighborhood": null, "Council": null, "EBOAttained": null, "ContractNumber": "22-C-00048", "ActivityStatus": null, "ProjectSiteURL": null, "RelatedProject": "No", "MapScale": 6000, "WMBESLBE": null, "ORACLEID": null, "EBUILDERID": null, "COMPROCUREMENT": null, "WATER": null, "WASTEWATER": null, "STORMWATER": null, "TRANSPORTATION": null, "OBJECTID": 5336, "GlobalID": "{2C21828F-C707-4F09-A335-771E87FDEE82}", "ProjectNumerical": null}}, {"type": "Feature", "id": 5337, "geometry": {"type": "Point", "coordinates": [-82.45596515918193, 27.972613345309572]}, "properties": {"FACILITYID": "176941", "projid": "1001564", "projname": "Adalee Pumping Station Rehabilitation", "projdesc": "The project provides for the rehabilitation of the wastewater pumping station at 3105 N Avon Ave. Project will include replacement of pumps, piping, valves, and electrical improvements to ensure continued reliability of the station.", "rationale": "The pumping station rehabilitation project will restore the station’s reliability by replacing the aging equipment and will include improvements to reduce vulnerability to extreme weather events.  The station is a critical wastewater asset and failure of the station would result in a wastewater overflow that would impact the environment and pose a public health threat to the surrounding neighborhoods.", "projtype": "Wastewater", "safety": "No", "mandate": "No", "repair": "No", "replace": "No", "expand": "No", "efficient": "Yes", "fiscalyr": "2025", "fundsource": "PIPES", "planstart": 1740787200000, "planend": 1767225600000, "estcost": 1046500, "pocname": "Albert Calloway", "pocphone": "8136303902", "pocemail": "albert.calloway@tampagov.net", "funded": "Yes", "projphase": "P5: Closeout", "actstart": null, "actend": null, "actcost": null, "status": "Closeout", "docpath": null, "CreationDate": 1683044030000, "Creator": "SSME", "EditDate": 1772139016000, "Editor": "SSME", "MultiYear": "No", "NumVotes": null, "ShowPublic": "Yes", "EBO": null, "JobsCreated": null, "Neighborhood": "Tampa Heights", "Council": "5", "EBOAttained": null, "ContractNumber": "20-C-00029", "ActivityStatus": null, "ProjectSiteURL": null, "RelatedProject": "No", "MapScale": 6000, "WMBESLBE": null, "ORACLEID": null, "EBUILDERID": null, "COMPROCUREMENT": null, "WATER": null, "WASTEWATER": null, "STORMWATER": null, "TRANSPORTATION": null, "OBJECTID": 5337, "GlobalID": "{C4446346-9C0E-40CE-9152-383C3C56016E}", "ProjectNumerical": null}}, {"type": "Feature", "id": 5338, "geometry": {"type": "Point", "coordinates": [-82.4581540531349, 27.942767393247138]}, "properties": {"FACILITYID": "176943", "projid": "1001303", "projname": "Krause Pumping Station Standby Generator", "projdesc": "This project provides for the installation of a standby generator at the Krause pumping station.", "rationale": "This project provides a permanent standby power generator system to ensure continuous of the pumping station during a loss of power.", "projtype": "Wastewater", "safety": "No", "mandate": "No", "repair": "No", "replace": "No", "expand": "No", "efficient": "Yes", "fiscalyr": "2022", "fundsource": "PIPES", "planstart": 1640995200000, "planend": 1733011200000, "estcost": 1322592, "pocname": "Albert Calloway", "pocphone": "8136303902", "pocemail": "albert.calloway@tampagov.net", "funded": "Yes", "projphase": "P5: Closeout", "actstart": null, "actend": null, "actcost": null, "status": "Closeout", "docpath": null, "CreationDate": 1683044490000, "Creator": "SSME", "EditDate": 1738168747000, "Editor": "SSME", "MultiYear": "Yes", "NumVotes": null, "ShowPublic": "Yes", "EBO": null, "JobsCreated": null, "Neighborhood": "Tampa Downtown Partnership", "Council": "5", "EBOAttained": null, "ContractNumber": "21-C-00009", "ActivityStatus": null, "ProjectSiteURL": null, "RelatedProject": "No", "MapScale": 6000, "WMBESLBE": null, "ORACLEID": null, "EBUILDERID": null, "COMPROCUREMENT": null, "WATER": null, "WASTEWATER": null, "STORMWATER": null, "TRANSPORTATION": null, "OBJECTID": 5338, "GlobalID": "{DCE7F611-A376-45BD-9E3F-5397BACAE836}", "ProjectNumerical": null}}, {"type": "Feature", "id": 5340, "geometry": {"type": "Point", "coordinates": [-82.43140412867643, 27.956975396860994]}, "properties": {"FACILITYID": "176995", "projid": "1001376", "projname": "Ybor Pumping Station Standby Generator", "projdesc": "This project provides for the installation of a standby generator at the Ybor pumping station at 1302 N 25th St.", "rationale": "The standby generator will provide a standby power generator system to ensure continuous use of the pumping station during a loss of power.", "projtype": "Wastewater", "safety": "No", "mandate": "No", "repair": "No", "replace": "No", "expand": "No", "efficient": "Yes", "fiscalyr": "2022", "fundsource": "PIPES", "planstart": 1640995200000, "planend": 1733011200000, "estcost": 1093671, "pocname": "Albert Calloway", "pocphone": "8136303902", "pocemail": "albert.calloway@tampagov.net", "funded": "Yes", "projphase": "P5: Closeout", "actstart": null, "actend": null, "actcost": null, "status": "Closeout", "docpath": null, "CreationDate": 1683044832000, "Creator": "SSME", "EditDate": 1738171736000, "Editor": "SSME", "MultiYear": "Yes", "NumVotes": null, "ShowPublic": "Yes", "EBO": null, "JobsCreated": null, "Neighborhood": "East Ybor Historic", "Council": "5", "EBOAttained": null, "ContractNumber": "21-C-00009", "ActivityStatus": null, "ProjectSiteURL": null, "RelatedProject": "No", "MapScale": 6000, "WMBESLBE": null, "ORACLEID": null, "EBUILDERID": null, "COMPROCUREMENT": null, "WATER": null, "WASTEWATER": null, "STORMWATER": null, "TRANSPORTATION": null, "OBJECTID": 5340, "GlobalID": "{46CE014D-8B78-461E-AEF5-409D6ECA3048}", "ProjectNumerical": null}}, {"type": "Feature", "id": 5341, "geometry": {"type": "Point", "coordinates": [-82.4911491198593, 27.917053543910317]}, "properties": {"FACILITYID": "176997", "projid": "1001565", "projname": "Bayshore Pumping Station Rehabilitation", "projdesc": "This project provides for the complete rehabilitation of Bayshore Pumping Station at 3300 Bayshore Dr. The project will serve to replace the existing wet-dry type pumping station with a more efficient, reliable, and serviceable submersible pumping station. It includes demolition of above ground building structure, pumps and electrical equipment and installation of new submersible pumps, piping, valves, control panel and electrical upgrades.", "rationale": "The pumping station rehabilitation project will restore the station’s reliability by replacing the aging equipment and will include improvements to reduce vulnerability to extreme weather events.  The station is a critical wastewater asset and failure of the station would result in a wastewater overflow that would impact the environment and pose a public health threat to the surrounding neighborhoods.", "projtype": "Wastewater", "safety": "No", "mandate": "No", "repair": "No", "replace": "No", "expand": "No", "efficient": "No", "fiscalyr": "2024", "fundsource": "PIPES", "planstart": 1730419200000, "planend": 1769904000000, "estcost": 6400000, "pocname": "Albert Calloway", "pocphone": "8136303902", "pocemail": "albert.calloway@tampagov.net", "funded": "Yes", "projphase": "P5: Closeout", "actstart": null, "actend": null, "actcost": null, "status": "Closeout", "docpath": null, "CreationDate": 1683045033000, "Creator": "SSME", "EditDate": 1772139353000, "Editor": "SSME", "MultiYear": "Yes", "NumVotes": null, "ShowPublic": "Yes", "EBO": null, "JobsCreated": null, "Neighborhood": "Bayshore Beautiful", "Council": "4", "EBOAttained": null, "ContractNumber": "20-C-00015", "ActivityStatus": null, "ProjectSiteURL": null, "RelatedProject": "No", "MapScale": 6000, "WMBESLBE": null, "ORACLEID": null, "EBUILDERID": null, "COMPROCUREMENT": null, "WATER": null, "WASTEWATER": null, "STORMWATER": null, "TRANSPORTATION": null, "OBJECTID": 5341, "GlobalID": "{787BFE84-1D83-45B3-8069-07C3FA57DE34}", "ProjectNumerical": null}}, {"type": "Feature", "id": 5342, "geometry": {"type": "Point", "coordinates": [-82.44692220021287, 28.019218140063302]}, "properties": {"FACILITYID": "176999", "projid": "1001809", "projname": "Sulphur Springs Pumping Station Design Build", "projdesc": "This project provides for the complete rehabilitation of Sulphur Springs Pumping Station at 7902 N. 13th St. The project will serve to replace the existing wet-dry type pumping station with a more efficient, reliable, and serviceable submersible pumping station. It includes demolition of above ground building structure, pumps and electrical equipment and installation of new submersible pumps, piping, valves, control panel and electrical upgrades.", "rationale": "The pumping station rehabilitation project will restore the station’s reliability by replacing the aging equipment and will include improvements to reduce vulnerability to extreme weather events.  The station is a critical wastewater asset and failure of the station would result in a wastewater overflow that would impact the environment and pose a public health threat to the surrounding neighborhoods.", "projtype": "Wastewater", "safety": "No", "mandate": "No", "repair": "No", "replace": "No", "expand": "No", "efficient": "Yes", "fiscalyr": "2028", "fundsource": "PIPES", "planstart": 1830297600000, "planend": 1859241600000, "estcost": 19700000, "pocname": "Charlie Lynch", "pocphone": "8132748916", "pocemail": "charlie.lynch@tampagov.net", "funded": "Yes", "projphase": "P2: Design", "actstart": null, "actend": null, "actcost": null, "status": "30% Design Completion", "docpath": null, "CreationDate": 1683045200000, "Creator": "SSME", "EditDate": 1772125390000, "Editor": "SSME", "MultiYear": "No", "NumVotes": null, "ShowPublic": "Yes", "EBO": null, "JobsCreated": null, "Neighborhood": "Sulphur Springs", "Council": "5", "EBOAttained": null, "ContractNumber": "20-C-00014", "ActivityStatus": null, "ProjectSiteURL": null, "RelatedProject": "No", "MapScale": 6000, "WMBESLBE": null, "ORACLEID": null, "EBUILDERID": null, "COMPROCUREMENT": null, "WATER": null, "WASTEWATER": null, "STORMWATER": null, "TRANSPORTATION": null, "OBJECTID": 5342, "GlobalID": "{68A63A81-D12D-42CC-A140-27DA8FEB8461}", "ProjectNumerical": null}}, {"type": "Feature", "id": 5343, "geometry": {"type": "Point", "coordinates": [-82.46573666100117, 28.047500315451575]}, "properties": {"FACILITYID": "177001", "projid": "1002466", "projname": "Wastewater Pumping Station Rehabilitation 109th St. PS", "projdesc": "This project provides for the complete rehabilitation of 109th Street Pumping Station at 10902 Marjory Ave. The project will serve to replace the existing wet-dry type pumping station with a more efficient, reliable, and serviceable submersible pumping station. It includes demolition of above ground building structure, pumps and electrical equipment and installation of new submersible pumps, piping, valves, control panel and electrical upgrades. The new electrical and control equipment will be installed aboveground and will be designed to provide protection from flooding and wind damage associated with storm events. The project also includes the installation of a backup generator to maintain station operation in the event of a power loss.", "rationale": "The pumping station rehabilitation project will restore the station’s reliability by replacing the aging equipment and will include improvements to reduce vulnerability to extreme weather events.  The station is a critical wastewater asset and failure of the station would result in a wastewater overflow that would impact the environment and pose a public health threat to the surrounding neighborhoods.", "projtype": "Wastewater", "safety": "No", "mandate": "No", "repair": "No", "replace": "No", "expand": "No", "efficient": "Yes", "fiscalyr": "2026", "fundsource": "PIPES", "planstart": 1775001600000, "planend": 1790812800000, "estcost": 2201000, "pocname": "Albert Calloway", "pocphone": "8136303902", "pocemail": "albert.calloway@tampagov.net", "funded": "Yes", "projphase": "P3: Procurement", "actstart": null, "actend": null, "actcost": null, "status": "Permitting/Submittals Approval", "docpath": null, "CreationDate": 1683045348000, "Creator": "SSME", "EditDate": 1765219887000, "Editor": "SSME", "MultiYear": "No", "NumVotes": null, "ShowPublic": "Yes", "EBO": null, "JobsCreated": null, "Neighborhood": "East Forest Hills", "Council": "7", "EBOAttained": null, "ContractNumber": "23-C-00001", "ActivityStatus": null, "ProjectSiteURL": null, "RelatedProject": "No", "MapScale": 6000, "WMBESLBE": null, "ORACLEID": null, "EBUILDERID": null, "COMPROCUREMENT": null, "WATER": null, "WASTEWATER": null, "STORMWATER": null, "TRANSPORTATION": null, "OBJECTID": 5343, "GlobalID": "{32657EE7-CAAC-4688-BF2A-8E046EC4D9E2}", "ProjectNumerical": null}}, {"type": "Feature", "id": 5344, "geometry": {"type": "Point", "coordinates": [-82.52736491141252, 27.86702962022279]}, "properties": {"FACILITYID": "177003", "projid": "1002467", "projname": "Wastewater Pumping Station Rehabilitation Prescott PS", "projdesc": "This project provides for the complete rehabilitation of Prescott Pumping Station at 4806 Prescott St. The project will serve to replace the existing wet-dry type pumping station with a more efficient, reliable, and serviceable submersible pumping station. It includes demolition of above ground building structure, pumps and electrical equipment and installation of new submersible pumps, piping, valves, control panel and electrical upgrades. The new electrical and control equipment will be installed aboveground and will be designed to provide protection from flooding and wind damage associated with storm events. The project also includes the installation of a backup generator to maintain station operation in the event of a power loss.", "rationale": "The pumping station rehabilitation project will restore the station’s reliability by replacing the aging equipment and will include improvements to reduce vulnerability to extreme weather events.  The station is a critical wastewater asset and failure of the station would result in a wastewater overflow that would impact the environment and pose a public health threat to the surrounding neighborhoods.", "projtype": "Wastewater", "safety": "No", "mandate": "No", "repair": "No", "replace": "No", "expand": "No", "efficient": "Yes", "fiscalyr": "2026", "fundsource": "PIPES", "planstart": 1782864000000, "planend": 1798761600000, "estcost": 3089233, "pocname": "Albert Calloway", "pocphone": "8136303902", "pocemail": "albert.calloway@tampagov.net", "funded": "Yes", "projphase": "P3: Procurement", "actstart": null, "actend": null, "actcost": null, "status": "Permitting/Submittals Approval", "docpath": null, "CreationDate": 1683045521000, "Creator": "SSME", "EditDate": 1765219415000, "Editor": "SSME", "MultiYear": "No", "NumVotes": null, "ShowPublic": "Yes", "EBO": null, "JobsCreated": null, "Neighborhood": "Port Tampa City, Inc. Civic Association", "Council": "4", "EBOAttained": null, "ContractNumber": "23-C-00002", "ActivityStatus": null, "ProjectSiteURL": null, "RelatedProject": "No", "MapScale": 6000, "WMBESLBE": null, "ORACLEID": null, "EBUILDERID": null, "COMPROCUREMENT": null, "WATER": null, "WASTEWATER": null, "STORMWATER": null, "TRANSPORTATION": null, "OBJECTID": 5344, "GlobalID": "{6237FC6B-5F5E-4233-91B4-35D8FA977AC8}", "ProjectNumerical": null}}, {"type": "Feature", "id": 5345, "geometry": {"type": "Point", "coordinates": [-82.44050285629235, 27.92388927888222]}, "properties": {"FACILITYID": "177005", "projid": "1001192", "projname": "Howard F. Curren AWTP Sludge Treatment Switchgear replacement", "projdesc": "This project provides for the replacement of switchgear and motor control center for the sludge treatment facility at the Howard F. Current wastewater treatment plant", "rationale": "The treatment plant project will restore the plant’s reliability by replacing aging equipment and will include improvements to reduce vulnerability to extreme weather events and sea level rise.  The project will also enhance the treatment plant processes with modern technology which will increase the plant’s treatment and operating efficiency. ", "projtype": "Wastewater", "safety": "No", "mandate": "No", "repair": "No", "replace": "No", "expand": "No", "efficient": "Yes", "fiscalyr": "2020", "fundsource": "PIPES", "planstart": 1564531200000, "planend": 1659139200000, "estcost": 1566000, "pocname": "Albert Calloway", "pocphone": "8136303902", "pocemail": "albert.calloway@tampagov.net", "funded": "Yes", "projphase": "P5: Closeout", "actstart": null, "actend": null, "actcost": null, "status": "Closeout", "docpath": null, "CreationDate": 1683045705000, "Creator": "SSME", "EditDate": 1686837583000, "Editor": "SSME", "MultiYear": "Yes", "NumVotes": null, "ShowPublic": "Yes", "EBO": null, "JobsCreated": null, "Neighborhood": "Port of Tampa", "Council": "5", "EBOAttained": null, "ContractNumber": "18-C-00033", "ActivityStatus": null, "ProjectSiteURL": null, "RelatedProject": "No", "MapScale": 6000, "WMBESLBE": null, "ORACLEID": null, "EBUILDERID": null, "COMPROCUREMENT": null, "WATER": null, "WASTEWATER": null, "STORMWATER": null, "TRANSPORTATION": null, "OBJECTID": 5345, "GlobalID": "{5DA29CCA-0AE1-4E7F-B7E6-844046B65A5B}", "ProjectNumerical": null}}, {"type": "Feature", "id": 5346, "geometry": {"type": "Point", "coordinates": [-82.43347603651742, 27.922866974483462]}, "properties": {"FACILITYID": "177007", "projid": "1001865", "projname": "Howard F. Curren AWTP Master Plan Improvements, Phase 1, Design-build GMP No. 1", "projdesc": "This project provides for the construction of a new sludge dewatering facility and improvements to the Standby power facility at the Howard F. Curren AWTP.  The new dewatering facility will include the construction of a 3-story structure to house 3 sludge dewatering centrifuges, truck scales, conveyors, polymer system, and electrical and control equipment.  The Standby power improvements include the installation an additional 2,000 KW diesel generator and two (2) 30,000 gallon fuel tanks.", "rationale": "The treatment plant project will restore the plant’s reliability by replacing aging equipment and will include improvements to reduce vulnerability to extreme weather events and sea level rise.  The project will also enhance the treatment plant processes with modern technology which will increase the plant’s treatment and operating efficiency. ", "projtype": "Wastewater", "safety": "No", "mandate": "No", "repair": "No", "replace": "No", "expand": "No", "efficient": "Yes", "fiscalyr": "2022", "fundsource": "PIPES", "planstart": 1635638400000, "planend": 1733011200000, "estcost": 29170864, "pocname": "Albert Calloway", "pocphone": "8136303902", "pocemail": "albert.calloway@tampagov.net", "funded": "Yes", "projphase": "P5: Closeout", "actstart": null, "actend": null, "actcost": null, "status": "Closeout", "docpath": null, "CreationDate": 1683045848000, "Creator": "SSME", "EditDate": 1738173206000, "Editor": "SSME", "MultiYear": "Yes", "NumVotes": null, "ShowPublic": "Yes", "EBO": null, "JobsCreated": null, "Neighborhood": "Port of Tampa", "Council": "5", "EBOAttained": null, "ContractNumber": "20-C-00001", "ActivityStatus": null, "ProjectSiteURL": null, "RelatedProject": "No", "MapScale": 6000, "WMBESLBE": null, "ORACLEID": null, "EBUILDERID": null, "COMPROCUREMENT": null, "WATER": null, "WASTEWATER": null, "STORMWATER": null, "TRANSPORTATION": null, "OBJECTID": 5346, "GlobalID": "{D5487F5A-8446-4691-8331-7CE1CF213CE0}", "ProjectNumerical": null}}, {"type": "Feature", "id": 5347, "geometry": {"type": "Point", "coordinates": [-82.4392196917356, 28.038046642521458]}, "properties": {"FACILITYID": "177075", "projid": null, "projname": "18th St Pumping Station Rehabilitation", "projdesc": "This project provides for the complete rehabilitation of 18th St. Pumping Station at 9707 N 18th St. The project will serve to replace the existing wet-dry type pumping station with a more efficient, reliable, and serviceable submersible pumping station. It includes demolition of above ground building structure, pumps and electrical equipment and installation of new submersible pumps, piping, valves, control panel and electrical upgrades.", "rationale": "The pumping station rehabilitation project will restore the station’s reliability by replacing the aging equipment and will include improvements to reduce vulnerability to extreme weather events.  The station is a critical wastewater asset and failure of the station would result in a wastewater overflow that would impact the environment and pose a public health threat to the surrounding neighborhoods.", "projtype": "Wastewater", "safety": "No", "mandate": "No", "repair": "No", "replace": "No", "expand": "No", "efficient": "No", "fiscalyr": "2027", "fundsource": "PIPES", "planstart": 1822348800000, "planend": 1851379200000, "estcost": 5500000, "pocname": "Charlie Lynch", "pocphone": "8132748916", "pocemail": "charlie.lynch@tampagov.net", "funded": "No", "projphase": "P1: Planning", "actstart": null, "actend": null, "actcost": null, "status": "Planning", "docpath": null, "CreationDate": 1685704027000, "Creator": "SSME", "EditDate": 1751474513000, "Editor": "SSME", "MultiYear": "No", "NumVotes": null, "ShowPublic": "Yes", "EBO": null, "JobsCreated": null, "Neighborhood": null, "Council": null, "EBOAttained": null, "ContractNumber": null, "ActivityStatus": null, "ProjectSiteURL": null, "RelatedProject": "No", "MapScale": 6000, "WMBESLBE": null, "ORACLEID": null, "EBUILDERID": null, "COMPROCUREMENT": null, "WATER": null, "WASTEWATER": null, "STORMWATER": null, "TRANSPORTATION": null, "OBJECTID": 5347, "GlobalID": "{5FF3FBF5-8688-4CDA-B8AB-BA9F8E5F400A}", "ProjectNumerical": null}}, {"type": "Feature", "id": 5365, "geometry": {"type": "Point", "coordinates": [-82.43724031973449, 27.92333742733371]}, "properties": {"FACILITYID": "178729", "projid": "1001865.4B", "projname": "Howard F. Curren AWTP Master Plan Improvements, Phase 2, Design-build Amendment No. 1", "projdesc": "This project provides for the design and equipment purchase of the Return Sludge Pump Stations No. 1, No. 2 and No. 3 electrical system improvements at the Howard F. Curren AWTP.  The project will include replacement of the motor control centers, switchgears, variable frequency drivers, lighting panels and miscellaneous electrical components.", "rationale": "The treatment plant project will restore the plant’s reliability by replacing aging equipment and will include improvements to reduce vulnerability to extreme weather events and sea level rise.  The project will also enhance the treatment plant processes with modern technology which will increase the plant’s treatment and operating efficiency. ", "projtype": "Wastewater", "safety": "No", "mandate": "No", "repair": "No", "replace": "No", "expand": "No", "efficient": "No", "fiscalyr": "2025", "fundsource": "PIPES", "planstart": 1730419200000, "planend": 1751328000000, "estcost": 3350000, "pocname": "Charlie Lynch", "pocphone": "8132748916", "pocemail": "charlie.lynch@tampagov.net", "funded": "Yes", "projphase": "P5: Closeout", "actstart": null, "actend": null, "actcost": null, "status": "Cancelled", "docpath": null, "CreationDate": 1690305927000, "Creator": "SSME", "EditDate": 1759255128000, "Editor": "SSME", "MultiYear": "No", "NumVotes": null, "ShowPublic": "Yes", "EBO": null, "JobsCreated": null, "Neighborhood": null, "Council": null, "EBOAttained": null, "ContractNumber": "23-C-00020", "ActivityStatus": null, "ProjectSiteURL": null, "RelatedProject": "No", "MapScale": 6000, "WMBESLBE": null, "ORACLEID": null, "EBUILDERID": null, "COMPROCUREMENT": null, "WATER": null, "WASTEWATER": null, "STORMWATER": null, "TRANSPORTATION": null, "OBJECTID": 5365, "GlobalID": "{8D9B03EB-85E4-4CCF-8D7A-2B64AE5313F3}", "ProjectNumerical": null}}, {"type": "Feature", "id": 5366, "geometry": {"type": "Point", "coordinates": [-82.43623032001597, 27.924859174782302]}, "properties": {"FACILITYID": "178731", "projid": "1001865.4A", "projname": "Howard F. Curren AWTP Master Plan Improvements, Phase 2, Design-build GMP No. 1", "projdesc": "This project provides for the replacement of the High Purity Oxygen Generation System and related electrical and control systems; and the Sludge Control Building Electrical System including motor control centers, variable frequency drives and miscellaneous electrical components.  The project will also include the improvement of the Howard F. Curren AWTP security, and the equipment purchase for the Main Switch Gear Facility replacement upcoming construction.", "rationale": "The treatment plant project will restore the plant’s reliability by replacing aging equipment and will include improvements to reduce vulnerability to extreme weather events and sea level rise.  The project will also enhance the treatment plant processes with modern technology which will increase the plant’s treatment and operating efficiency. ", "projtype": "Wastewater", "safety": "No", "mandate": "No", "repair": "No", "replace": "No", "expand": "No", "efficient": "No", "fiscalyr": "2024", "fundsource": "PIPES", "planstart": 1790812800000, "planend": 1922313600000, "estcost": 31750000, "pocname": "Charlie Lynch", "pocphone": "8132748916", "pocemail": "charlie.lynch@tampagov.net", "funded": "Yes", "projphase": "P5: Closeout", "actstart": null, "actend": null, "actcost": null, "status": "Cancelled", "docpath": null, "CreationDate": 1690306515000, "Creator": "SSME", "EditDate": 1738173206000, "Editor": "SSME", "MultiYear": "Yes", "NumVotes": null, "ShowPublic": "Yes", "EBO": null, "JobsCreated": null, "Neighborhood": null, "Council": null, "EBOAttained": null, "ContractNumber": "23-C-00020", "ActivityStatus": null, "ProjectSiteURL": null, "RelatedProject": "No", "MapScale": 6000, "WMBESLBE": null, "ORACLEID": null, "EBUILDERID": null, "COMPROCUREMENT": null, "WATER": null, "WASTEWATER": null, "STORMWATER": null, "TRANSPORTATION": null, "OBJECTID": 5366, "GlobalID": "{49BE9625-E43D-403F-AC05-E19F58400544}", "ProjectNumerical": null}}, {"type": "Feature", "id": 5367, "geometry": {"type": "Point", "coordinates": [-82.5085585780501, 27.87711574742706]}, "properties": {"FACILITYID": "178733", "projid": "1001810.7", "projname": "Church Pumping Station Rehabilitation (Year 3)", "projdesc": "The project provides for the rehabilitation of the wastewater pumping station at 3901 Elmwood Terr. Project will include replacement of pumps, piping, valves, and electrical improvements to ensure continued reliability of the station.", "rationale": "The pumping station rehabilitation project will restore the station’s reliability by replacing the aging equipment and will include improvements to reduce vulnerability to extreme weather events.  The station is a critical wastewater asset and failure of the station would result in a wastewater overflow that would impact the environment and pose a public health threat to the surrounding neighborhoods.", "projtype": "Wastewater", "safety": "No", "mandate": "No", "repair": "No", "replace": "No", "expand": "No", "efficient": "No", "fiscalyr": "2027", "fundsource": "PIPES", "planstart": 1803859200000, "planend": 1819756800000, "estcost": 1200000, "pocname": "Charlie Lynch", "pocphone": "8132748916", "pocemail": "charlie.lynch@tampagov.net", "funded": "Yes", "projphase": "P2: Design", "actstart": null, "actend": null, "actcost": null, "status": "Design 30%", "docpath": null, "CreationDate": 1690382930000, "Creator": "SSME", "EditDate": 1751475737000, "Editor": "SSME", "MultiYear": "No", "NumVotes": null, "ShowPublic": "Yes", "EBO": null, "JobsCreated": null, "Neighborhood": null, "Council": null, "EBOAttained": null, "ContractNumber": "20-C-00016", "ActivityStatus": null, "ProjectSiteURL": null, "RelatedProject": "No", "MapScale": 6000, "WMBESLBE": null, "ORACLEID": null, "EBUILDERID": null, "COMPROCUREMENT": null, "WATER": null, "WASTEWATER": null, "STORMWATER": null, "TRANSPORTATION": null, "OBJECTID": 5367, "GlobalID": "{7E060FDA-D25D-427F-9844-7A22EAD67557}", "ProjectNumerical": null}}, {"type": "Feature", "id": 5368, "geometry": {"type": "Point", "coordinates": [-82.30116680027852, 28.141550394273338]}, "properties": {"FACILITYID": "178735", "projid": "1001810.8", "projname": "Cory Lakes III Pumping Station Rehabilitation", "projdesc": "The project provides for the rehabilitation of the wastewater pumping station at 10836 Cory Lakes Dr. Project will include replacement of pumps, piping, valves, and electrical improvements to ensure continued reliability of the station.", "rationale": "The pumping station rehabilitation project will restore the station’s reliability by replacing the aging equipment and will include improvements to reduce vulnerability to extreme weather events.  The station is a critical wastewater asset and failure of the station would result in a wastewater overflow that would impact the environment and pose a public health threat to the surrounding neighborhoods.", "projtype": "Wastewater", "safety": "No", "mandate": "No", "repair": "No", "replace": "No", "expand": "No", "efficient": "No", "fiscalyr": "2027", "fundsource": "Yet to be Determined", "planstart": 1819756800000, "planend": 1835481600000, "estcost": 225000, "pocname": "Charlie Lynch", "pocphone": "8132748916", "pocemail": "charlie.lynch@tampagov.net", "funded": "Yes", "projphase": "P1: Planning", "actstart": null, "actend": null, "actcost": null, "status": "Planning", "docpath": null, "CreationDate": 1690387792000, "Creator": "SSME", "EditDate": 1751474288000, "Editor": "SSME", "MultiYear": "No", "NumVotes": null, "ShowPublic": "Yes", "EBO": null, "JobsCreated": null, "Neighborhood": null, "Council": null, "EBOAttained": null, "ContractNumber": "20-C-00016", "ActivityStatus": null, "ProjectSiteURL": null, "RelatedProject": "No", "MapScale": 6000, "WMBESLBE": null, "ORACLEID": null, "EBUILDERID": null, "COMPROCUREMENT": null, "WATER": null, "WASTEWATER": null, "STORMWATER": null, "TRANSPORTATION": null, "OBJECTID": 5368, "GlobalID": "{7AF39090-DD0A-4178-A88E-2883CA776F90}", "ProjectNumerical": null}}, {"type": "Feature", "id": 5369, "geometry": {"type": "Point", "coordinates": [-82.43748670673439, 28.030555261826496]}, "properties": {"FACILITYID": "178737", "projid": "1001810.9", "projname": "Humphrey Pumping Station Rehabilitation", "projdesc": "The project provides for the rehabilitation of the wastewater pumping station at 1816 E Humphrey St. Project will include replacement of pumps, piping, valves, and electrical improvements to ensure continued reliability of the station.", "rationale": "The pumping station rehabilitation project will restore the station’s reliability by replacing the aging equipment and will include improvements to reduce vulnerability to extreme weather events.  The station is a critical wastewater asset and failure of the station would result in a wastewater overflow that would impact the environment and pose a public health threat to the surrounding neighborhoods.", "projtype": "Wastewater", "safety": "No", "mandate": "No", "repair": "No", "replace": "No", "expand": "No", "efficient": "No", "fiscalyr": "2027", "fundsource": "Yet to be Determined", "planstart": 1819756800000, "planend": 1835481600000, "estcost": 225000, "pocname": "Charlie Lynch", "pocphone": "8132748916", "pocemail": "charlie.lynch@tampagov.net", "funded": "Yes", "projphase": "P1: Planning", "actstart": null, "actend": null, "actcost": null, "status": "Planning", "docpath": null, "CreationDate": 1690390679000, "Creator": "SSME", "EditDate": 1751474513000, "Editor": "SSME", "MultiYear": "No", "NumVotes": null, "ShowPublic": "Yes", "EBO": null, "JobsCreated": null, "Neighborhood": null, "Council": null, "EBOAttained": null, "ContractNumber": "20-C-00016", "ActivityStatus": null, "ProjectSiteURL": null, "RelatedProject": "No", "MapScale": 6000, "WMBESLBE": null, "ORACLEID": null, "EBUILDERID": null, "COMPROCUREMENT": null, "WATER": null, "WASTEWATER": null, "STORMWATER": null, "TRANSPORTATION": null, "OBJECTID": 5369, "GlobalID": "{71209F7D-266B-461D-A23D-FE7CC2F656A4}", "ProjectNumerical": null}}, {"type": "Feature", "id": 5370, "geometry": {"type": "Point", "coordinates": [-82.34420076962346, 28.13100625816005]}, "properties": {"FACILITYID": "178739", "projid": "1001810.10", "projname": "Hunters Green II Pumping Station Rehabilitation", "projdesc": "The project provides for the rehabilitation of the wastewater pumping station at 9110 Hunters Green Dr. Project will include replacement of pumps, piping, valves, and electrical improvements to ensure continued reliability of the station.", "rationale": "The pumping station rehabilitation project will restore the station’s reliability by replacing the aging equipment and will include improvements to reduce vulnerability to extreme weather events.  The station is a critical wastewater asset and failure of the station would result in a wastewater overflow that would impact the environment and pose a public health threat to the surrounding neighborhoods.", "projtype": "Wastewater", "safety": "No", "mandate": "No", "repair": "No", "replace": "No", "expand": "No", "efficient": "No", "fiscalyr": "2027", "fundsource": "Yet to be Determined", "planstart": 1819756800000, "planend": 1835481600000, "estcost": 225000, "pocname": "Charlie Lynch", "pocphone": "8132748916", "pocemail": "charlie.lynch@tampagov.net", "funded": "Yes", "projphase": "P1: Planning", "actstart": null, "actend": null, "actcost": null, "status": "Planning", "docpath": null, "CreationDate": 1690393510000, "Creator": "SSME", "EditDate": 1751474513000, "Editor": "SSME", "MultiYear": "No", "NumVotes": null, "ShowPublic": "Yes", "EBO": null, "JobsCreated": null, "Neighborhood": null, "Council": null, "EBOAttained": null, "ContractNumber": "20-C-00016", "ActivityStatus": null, "ProjectSiteURL": null, "RelatedProject": "No", "MapScale": 6000, "WMBESLBE": null, "ORACLEID": null, "EBUILDERID": null, "COMPROCUREMENT": null, "WATER": null, "WASTEWATER": null, "STORMWATER": null, "TRANSPORTATION": null, "OBJECTID": 5370, "GlobalID": "{D6EAED44-8F16-48A3-B722-BC508701476A}", "ProjectNumerical": null}}, {"type": "Feature", "id": 5371, "geometry": {"type": "Point", "coordinates": [-82.4180187981346, 28.012139859419104]}, "properties": {"FACILITYID": "178741", "projid": "1002661", "projname": "Lakeshore PS Force Main Replacement", "projdesc": "This project provides for the replacement of the force main that serves the Lakeshore pumping station. Proposed 3,100 LF of 12” FM replacement. ", "rationale": "The force main replacement project will replace aging, deteriorated pipelines that have reached the end of their useful life and are susceptible to failure that can cause wastewater overflows that impact public health, safety, and the environment.  The new force main will provide additional capacity for future development and lower energy costs of public and private pumping stations.", "projtype": "Wastewater", "safety": "No", "mandate": "No", "repair": "No", "replace": "No", "expand": "No", "efficient": "No", "fiscalyr": "2027", "fundsource": "Yet to be Determined", "planstart": 1798761600000, "planend": 1811808000000, "estcost": 2200000, "pocname": "Charlie Lynch", "pocphone": "8132748916", "pocemail": "charlie.lynch@tampagov.net", "funded": "Yes", "projphase": "P1: Planning", "actstart": null, "actend": null, "actcost": null, "status": "Planning", "docpath": null, "CreationDate": 1690394327000, "Creator": "SSME", "EditDate": 1751474288000, "Editor": "SSME", "MultiYear": "No", "NumVotes": null, "ShowPublic": "Yes", "EBO": null, "JobsCreated": null, "Neighborhood": null, "Council": null, "EBOAttained": null, "ContractNumber": "20-C-00016", "ActivityStatus": null, "ProjectSiteURL": null, "RelatedProject": "No", "MapScale": 6000, "WMBESLBE": null, "ORACLEID": null, "EBUILDERID": null, "COMPROCUREMENT": null, "WATER": null, "WASTEWATER": null, "STORMWATER": null, "TRANSPORTATION": null, "OBJECTID": 5371, "GlobalID": "{E3056C23-4930-43FE-A7AA-A0CEF1178477}", "ProjectNumerical": null}}, {"type": "Feature", "id": 5372, "geometry": {"type": "Point", "coordinates": [-82.35115739426676, 28.136154128012933]}, "properties": {"FACILITYID": "178751", "projid": "1001810.11", "projname": "Longwater Run Pumping Station Rehabilitation", "projdesc": "The project provides for the rehabilitation of the wastewater pumping station at 18103 Longwater Run Dr. Project will include replacement of pumps, piping, valves, and electrical improvements to ensure continued reliability of the station.", "rationale": "The pumping station rehabilitation project will restore the station’s reliability by replacing the aging equipment and will include improvements to reduce vulnerability to extreme weather events.  The station is a critical wastewater asset and failure of the station would result in a wastewater overflow that would impact the environment and pose a public health threat to the surrounding neighborhoods.", "projtype": "Wastewater", "safety": "No", "mandate": "No", "repair": "No", "replace": "No", "expand": "No", "efficient": "No", "fiscalyr": "2027", "fundsource": "Yet to be Determined", "planstart": 1819756800000, "planend": 1835481600000, "estcost": 225000, "pocname": "Charlie Lynch", "pocphone": "8132748916", "pocemail": "charlie.lynch@tampagov.net", "funded": "Yes", "projphase": "P1: Planning", "actstart": null, "actend": null, "actcost": null, "status": "Planning", "docpath": null, "CreationDate": 1690904651000, "Creator": "SSME", "EditDate": 1751474513000, "Editor": "SSME", "MultiYear": "No", "NumVotes": null, "ShowPublic": "Yes", "EBO": null, "JobsCreated": null, "Neighborhood": null, "Council": null, "EBOAttained": null, "ContractNumber": "20-C-00016", "ActivityStatus": null, "ProjectSiteURL": null, "RelatedProject": "No", "MapScale": 6000, "WMBESLBE": null, "ORACLEID": null, "EBUILDERID": null, "COMPROCUREMENT": null, "WATER": null, "WASTEWATER": null, "STORMWATER": null, "TRANSPORTATION": null, "OBJECTID": 5372, "GlobalID": "{D17C0F03-52AA-4939-9723-183A1C7C5035}", "ProjectNumerical": null}}, {"type": "Feature", "id": 5373, "geometry": {"type": "Point", "coordinates": [-82.38194244506627, 28.150220240959946]}, "properties": {"FACILITYID": "178753", "projid": "1001810.12", "projname": "Meadow Pine Pumping Station Rehabilitation", "projdesc": "The project provides for the rehabilitation of the wastewater pumping station at 19151 Meadow Pine Dr. Project will include replacement of pumps, piping, valves, and electrical improvements to ensure continued reliability of the station.", "rationale": "The pumping station rehabilitation project will restore the station’s reliability by replacing the aging equipment and will include improvements to reduce vulnerability to extreme weather events.  The station is a critical wastewater asset and failure of the station would result in a wastewater overflow that would impact the environment and pose a public health threat to the surrounding neighborhoods.", "projtype": "Wastewater", "safety": "No", "mandate": "No", "repair": "No", "replace": "No", "expand": "No", "efficient": "No", "fiscalyr": "2025", "fundsource": "Yet to be Determined", "planstart": 1740787200000, "planend": 1756684800000, "estcost": 1200000, "pocname": "Charlie Lynch", "pocphone": "8132748916", "pocemail": "charlie.lynch@tampagov.net", "funded": "Yes", "projphase": "P5: Closeout", "actstart": null, "actend": null, "actcost": null, "status": "Cancelled", "docpath": null, "CreationDate": 1690906013000, "Creator": "SSME", "EditDate": 1751474288000, "Editor": "SSME", "MultiYear": "No", "NumVotes": null, "ShowPublic": "Yes", "EBO": null, "JobsCreated": null, "Neighborhood": null, "Council": null, "EBOAttained": null, "ContractNumber": "20-C-00016", "ActivityStatus": null, "ProjectSiteURL": null, "RelatedProject": "No", "MapScale": 6000, "WMBESLBE": null, "ORACLEID": null, "EBUILDERID": null, "COMPROCUREMENT": null, "WATER": null, "WASTEWATER": null, "STORMWATER": null, "TRANSPORTATION": null, "OBJECTID": 5373, "GlobalID": "{1D1C69E9-C878-4FE4-A308-4CDBA0C05205}", "ProjectNumerical": null}}, {"type": "Feature", "id": 5374, "geometry": {"type": "Point", "coordinates": [-82.41053896140835, 28.0035408399089]}, "properties": {"FACILITYID": "178755", "projid": "1001810.13", "projname": "Oak Haven Pumping Station Rehabilitation", "projdesc": "The project provides for the rehabilitation of the wastewater pumping station at 4210 E Hanna Ave. Project will include replacement of pumps, piping, valves, and electrical improvements to ensure continued reliability of the station.", "rationale": "The pumping station rehabilitation project will restore the station’s reliability by replacing the aging equipment and will include improvements to reduce vulnerability to extreme weather events.  The station is a critical wastewater asset and failure of the station would result in a wastewater overflow that would impact the environment and pose a public health threat to the surrounding neighborhoods.", "projtype": "Wastewater", "safety": "No", "mandate": "No", "repair": "No", "replace": "No", "expand": "No", "efficient": "No", "fiscalyr": "2027", "fundsource": "Yet to be Determined", "planstart": 1819756800000, "planend": 1835481600000, "estcost": 1200000, "pocname": "Charlie Lynch", "pocphone": "8132748916", "pocemail": "charlie.lynch@tampagov.net", "funded": "Yes", "projphase": "P1: Planning", "actstart": null, "actend": null, "actcost": null, "status": "Planning", "docpath": null, "CreationDate": 1690907004000, "Creator": "SSME", "EditDate": 1751474513000, "Editor": "SSME", "MultiYear": "No", "NumVotes": null, "ShowPublic": "Yes", "EBO": null, "JobsCreated": null, "Neighborhood": null, "Council": null, "EBOAttained": null, "ContractNumber": "20-C-00016", "ActivityStatus": null, "ProjectSiteURL": null, "RelatedProject": "No", "MapScale": 6000, "WMBESLBE": null, "ORACLEID": null, "EBUILDERID": null, "COMPROCUREMENT": null, "WATER": null, "WASTEWATER": null, "STORMWATER": null, "TRANSPORTATION": null, "OBJECTID": 5374, "GlobalID": "{CDE59968-FE66-483B-B4E0-80D3D548A85B}", "ProjectNumerical": null}}, {"type": "Feature", "id": 5375, "geometry": {"type": "Point", "coordinates": [-82.39107115399786, 28.121254866345005]}, "properties": {"FACILITYID": "178757", "projid": "1001810.14", "projname": "Palm Springs Pumping Station Rehabilitation", "projdesc": "The project provides for the rehabilitation of the wastewater pumping station at 5001 Palm Springs Blvd. Project will include replacement of pumps, piping, valves, and electrical improvements to ensure continued reliability of the station.", "rationale": "The pumping station rehabilitation project will restore the station’s reliability by replacing the aging equipment and will include improvements to reduce vulnerability to extreme weather events.  The station is a critical wastewater asset and failure of the station would result in a wastewater overflow that would impact the environment and pose a public health threat to the surrounding neighborhoods.", "projtype": "Wastewater", "safety": "No", "mandate": "No", "repair": "No", "replace": "No", "expand": "No", "efficient": "No", "fiscalyr": "2027", "fundsource": "Yet to be Determined", "planstart": 1819756800000, "planend": 1835481600000, "estcost": 225000, "pocname": "Charlie Lynch", "pocphone": "8132748916", "pocemail": "charlie.lynch@tampagov.net", "funded": "Yes", "projphase": "P1: Planning", "actstart": null, "actend": null, "actcost": null, "status": "Planning", "docpath": null, "CreationDate": 1690908186000, "Creator": "SSME", "EditDate": 1751474513000, "Editor": "SSME", "MultiYear": "No", "NumVotes": null, "ShowPublic": "Yes", "EBO": null, "JobsCreated": null, "Neighborhood": null, "Council": null, "EBOAttained": null, "ContractNumber": "20-C-00016", "ActivityStatus": null, "ProjectSiteURL": null, "RelatedProject": "No", "MapScale": 6000, "WMBESLBE": null, "ORACLEID": null, "EBUILDERID": null, "COMPROCUREMENT": null, "WATER": null, "WASTEWATER": null, "STORMWATER": null, "TRANSPORTATION": null, "OBJECTID": 5375, "GlobalID": "{EFCE0D30-EBA0-478D-AC14-F17FD36D6F07}", "ProjectNumerical": null}}, {"type": "Feature", "id": 5379, "geometry": {"type": "Point", "coordinates": [-82.49833740149991, 27.87813289983071]}, "properties": {"FACILITYID": "178761", "projid": "1001810.15", "projname": "Sheridan Pumping Station Rehabilitation (Year 3)", "projdesc": "The project provides for the rehabilitation of the wastewater pumping station at 6200 S Sheridan Rd. Project will include replacement of pumps, piping, valves, and electrical improvements to ensure continued reliability of the station.", "rationale": "The pumping station rehabilitation project will restore the station’s reliability by replacing the aging equipment and will include improvements to reduce vulnerability to extreme weather events.  The station is a critical wastewater asset and failure of the station would result in a wastewater overflow that would impact the environment and pose a public health threat to the surrounding neighborhoods.", "projtype": "Wastewater", "safety": "No", "mandate": "No", "repair": "No", "replace": "No", "expand": "No", "efficient": "No", "fiscalyr": "2027", "fundsource": "PIPES", "planstart": 1803859200000, "planend": 1819756800000, "estcost": 1200000, "pocname": "Charlie Lynch", "pocphone": "8132748916", "pocemail": "charlie.lynch@tampagov.net", "funded": "Yes", "projphase": "P2: Design", "actstart": null, "actend": null, "actcost": null, "status": "Design 30%", "docpath": null, "CreationDate": 1690910981000, "Creator": "SSME", "EditDate": 1751475737000, "Editor": "SSME", "MultiYear": "No", "NumVotes": null, "ShowPublic": "Yes", "EBO": null, "JobsCreated": null, "Neighborhood": null, "Council": null, "EBOAttained": null, "ContractNumber": "20-C-00016", "ActivityStatus": null, "ProjectSiteURL": null, "RelatedProject": "No", "MapScale": 6000, "WMBESLBE": null, "ORACLEID": null, "EBUILDERID": null, "COMPROCUREMENT": null, "WATER": null, "WASTEWATER": null, "STORMWATER": null, "TRANSPORTATION": null, "OBJECTID": 5379, "GlobalID": "{5162EA14-D376-4739-B758-50FF7ECBA201}", "ProjectNumerical": null}}, {"type": "Feature", "id": 5380, "geometry": {"type": "Point", "coordinates": [-82.51154450571339, 27.958910664686226]}, "properties": {"FACILITYID": "178763", "projid": "TBD", "projname": "Spruce St. Pumping Station Rehabilitation", "projdesc": "The project provides for the rehabilitation of the wastewater pumping station at 1508 N Clark Ave. The project will serve to replace the existing wet-dry type pumping station with a more efficient, reliable and serviceable submersible pumping station. It includes demolition of above ground building structure, pumps and electrical equipment and installation of new submersible pumps, piping, valves, control panel and electrical upgrades. The new electrical and control equipment will be installed aboveground and will be designed to provide protection from flooding and wind damage associated with storm events.", "rationale": "The pumping station rehabilitation project will restore the station’s reliability by replacing the aging equipment and will include improvements to reduce vulnerability to extreme weather events.  The station is a critical wastewater asset and failure of the station would result in a wastewater overflow that would impact the environment and pose a public health threat to the surrounding neighborhoods.", "projtype": "Wastewater", "safety": "No", "mandate": "No", "repair": "No", "replace": "No", "expand": "No", "efficient": "No", "fiscalyr": "2026", "fundsource": "Yet to be Determined", "planstart": 1772323200000, "planend": 1788220800000, "estcost": 1750000, "pocname": "Charlie Lynch", "pocphone": "8132748916", "pocemail": "charlie.lynch@tampagov.net", "funded": "Yes", "projphase": "P1: Planning", "actstart": null, "actend": null, "actcost": null, "status": "Planning", "docpath": null, "CreationDate": 1690911381000, "Creator": "SSME", "EditDate": 1751474288000, "Editor": "SSME", "MultiYear": "No", "NumVotes": null, "ShowPublic": "Yes", "EBO": null, "JobsCreated": null, "Neighborhood": null, "Council": null, "EBOAttained": null, "ContractNumber": null, "ActivityStatus": null, "ProjectSiteURL": null, "RelatedProject": "No", "MapScale": 6000, "WMBESLBE": null, "ORACLEID": null, "EBUILDERID": null, "COMPROCUREMENT": null, "WATER": null, "WASTEWATER": null, "STORMWATER": null, "TRANSPORTATION": null, "OBJECTID": 5380, "GlobalID": "{6FBDB31D-A4C4-47B1-9558-9CF592299474}", "ProjectNumerical": null}}, {"type": "Feature", "id": 5381, "geometry": {"type": "Point", "coordinates": [-82.4747448715575, 27.963502238387413]}, "properties": {"FACILITYID": "178765", "projid": "1001810.23", "projname": "Oregon Pumping Station Rehabilitation (Year 2)", "projdesc": "This project provides for the construction of a new wastewater pumping station located at 2308 N Oregon. Project will include installation of wet well, pumps, piping, valves, and electrical equipment.", "rationale": "The new pumping station modifies the sewer collection system that serves the neighborhood by adding a new pump station and eliminating a direct connection to the adjacent trunk sewer. The modifications will eliminate overflows at the residences along Oregon Avenue during high-water event on the trunk sewer.", "projtype": "Wastewater", "safety": "No", "mandate": "No", "repair": "No", "replace": "No", "expand": "No", "efficient": "No", "fiscalyr": "2025", "fundsource": "PIPES", "planstart": 1735689600000, "planend": 1796083200000, "estcost": 1460000, "pocname": "Albert Calloway", "pocphone": "8136303902", "pocemail": "albert.calloway@tampagov.net", "funded": "Yes", "projphase": "P4: Construction", "actstart": null, "actend": null, "actcost": null, "status": "Construction in Progress", "docpath": null, "CreationDate": 1691678261000, "Creator": "SSME", "EditDate": 1772142392000, "Editor": "SSME", "MultiYear": "No", "NumVotes": null, "ShowPublic": "Yes", "EBO": null, "JobsCreated": null, "Neighborhood": null, "Council": null, "EBOAttained": null, "ContractNumber": "20-C-00016", "ActivityStatus": null, "ProjectSiteURL": null, "RelatedProject": "No", "MapScale": 6000, "WMBESLBE": null, "ORACLEID": null, "EBUILDERID": null, "COMPROCUREMENT": null, "WATER": null, "WASTEWATER": null, "STORMWATER": null, "TRANSPORTATION": null, "OBJECTID": 5381, "GlobalID": "{63BDDF05-731D-4D02-86AF-0208EE1FAC8B}", "ProjectNumerical": null}}, {"type": "Feature", "id": 5382, "geometry": {"type": "Point", "coordinates": [-82.41853092436072, 28.085575152262656]}, "properties": {"FACILITYID": "178767", "projid": "1001810.20", "projname": "Lake Forest #1 Pumping Station Rehabilitation (Year 2)", "projdesc": "This project provides for the rehabilitation of Lake Forest #1 wastewater pumping station located at 14753 Morning Dr. Project will include replacement of pumps, piping, valves, and electrical improvements to ensure the continued reliability of the station.", "rationale": "The pumping station rehabilitation project will restore the station’s reliability by replacing the aging equipment and will include improvements to reduce vulnerability to extreme weather events.  The station is a critical wastewater asset and failure of the station would result in a wastewater overflow that would impact the environment and pose a public health threat to the surrounding neighborhoods.", "projtype": "Wastewater", "safety": "No", "mandate": "No", "repair": "No", "replace": "No", "expand": "No", "efficient": "No", "fiscalyr": "2025", "fundsource": "PIPES", "planstart": 1735689600000, "planend": 1767225600000, "estcost": 1320000, "pocname": "Albert Calloway", "pocphone": "8136303902", "pocemail": "albert.calloway@tampagov.net", "funded": "Yes", "projphase": "P5: Closeout", "actstart": null, "actend": null, "actcost": null, "status": "Closeout", "docpath": null, "CreationDate": 1691678445000, "Creator": "SSME", "EditDate": 1772141754000, "Editor": "SSME", "MultiYear": "No", "NumVotes": null, "ShowPublic": "Yes", "EBO": null, "JobsCreated": null, "Neighborhood": null, "Council": null, "EBOAttained": null, "ContractNumber": null, "ActivityStatus": null, "ProjectSiteURL": null, "RelatedProject": "No", "MapScale": 6000, "WMBESLBE": null, "ORACLEID": null, "EBUILDERID": null, "COMPROCUREMENT": null, "WATER": null, "WASTEWATER": null, "STORMWATER": null, "TRANSPORTATION": null, "OBJECTID": 5382, "GlobalID": "{D5E98425-8319-4C3D-8D13-42343F5022D1}", "ProjectNumerical": null}}, {"type": "Feature", "id": 5383, "geometry": {"type": "Point", "coordinates": [-82.42832636030226, 28.05853196660843]}, "properties": {"FACILITYID": "178769", "projid": "1001810.19", "projname": "122nd Ave Pumping Station Rehabilitation", "projdesc": "This project provides for the rehabilitation of 122nd Avenue wastewater pumping station located at 2715 E 122nd Ave. Project will include replacement of pumps, piping, valves, and electrical improvements to ensure the continued reliability of the station.", "rationale": "The pumping station rehabilitation project will restore the station’s reliability by replacing the aging equipment and will include improvements to reduce vulnerability to extreme weather events.  The station is a critical wastewater asset and failure of the station would result in a wastewater overflow that would impact the environment and pose a public health threat to the surrounding neighborhoods.", "projtype": "Wastewater", "safety": "No", "mandate": "No", "repair": "No", "replace": "No", "expand": "No", "efficient": "No", "fiscalyr": "2025", "fundsource": "PIPES", "planstart": 1735689600000, "planend": 1767225600000, "estcost": 1260000, "pocname": "Albert Calloway", "pocphone": "8136303902", "pocemail": "albert.calloway@tampagov.net", "funded": "Yes", "projphase": "P5: Closeout", "actstart": null, "actend": null, "actcost": null, "status": "Closeout", "docpath": null, "CreationDate": 1691678497000, "Creator": "SSME", "EditDate": 1772141400000, "Editor": "SSME", "MultiYear": "No", "NumVotes": null, "ShowPublic": "Yes", "EBO": null, "JobsCreated": null, "Neighborhood": null, "Council": null, "EBOAttained": null, "ContractNumber": null, "ActivityStatus": null, "ProjectSiteURL": null, "RelatedProject": "No", "MapScale": 6000, "WMBESLBE": null, "ORACLEID": null, "EBUILDERID": null, "COMPROCUREMENT": null, "WATER": null, "WASTEWATER": null, "STORMWATER": null, "TRANSPORTATION": null, "OBJECTID": 5383, "GlobalID": "{78A0F4EE-9F61-4504-B800-F0B0D4B1FB50}", "ProjectNumerical": null}}, {"type": "Feature", "id": 5384, "geometry": {"type": "Point", "coordinates": [-82.35621971518881, 28.076558457377825]}, "properties": {"FACILITYID": "178771", "projid": "1001810.22", "projname": "Riveredge Pumping Station Rehabilitation (Year 2)", "projdesc": "This project provides for the rehabilitation of Riveredge wastewater pumping station located at 8801 Riveredge Dr. Project will include replacement of pumps, piping, valves, and electrical improvements to ensure the continued reliability of the station. The new electrical and control equipment will be installed aboveground and will be designed to provide protection from flooding and wind damage associated with storm events. The project also includes the installation of a backup generator to maintain station operation in the event of a power loss.", "rationale": "The pumping station rehabilitation project will restore the station’s reliability by replacing the aging equipment and will include improvements to reduce vulnerability to extreme weather events.  The station is a critical wastewater asset and failure of the station would result in a wastewater overflow that would impact the environment and pose a public health threat to the surrounding neighborhoods.", "projtype": "Wastewater", "safety": "No", "mandate": "No", "repair": "No", "replace": "No", "expand": "No", "efficient": "No", "fiscalyr": "2025", "fundsource": "PIPES", "planstart": 1754006400000, "planend": 1772323200000, "estcost": 2140000, "pocname": "Albert Calloway", "pocphone": "8136303902", "pocemail": "albert.calloway@tampagov.net", "funded": "Yes", "projphase": "P5: Closeout", "actstart": null, "actend": null, "actcost": null, "status": "Closeout", "docpath": null, "CreationDate": 1691678574000, "Creator": "SSME", "EditDate": 1772142392000, "Editor": "SSME", "MultiYear": "No", "NumVotes": null, "ShowPublic": "Yes", "EBO": null, "JobsCreated": null, "Neighborhood": null, "Council": null, "EBOAttained": null, "ContractNumber": "20-C-00016", "ActivityStatus": null, "ProjectSiteURL": null, "RelatedProject": "No", "MapScale": 6000, "WMBESLBE": null, "ORACLEID": null, "EBUILDERID": null, "COMPROCUREMENT": null, "WATER": null, "WASTEWATER": null, "STORMWATER": null, "TRANSPORTATION": null, "OBJECTID": 5384, "GlobalID": "{6042F697-B042-4B98-98EE-3A186AC7651E}", "ProjectNumerical": null}}, {"type": "Feature", "id": 5385, "geometry": {"type": "Point", "coordinates": [-82.48971043515132, 28.007171696603244]}, "properties": {"FACILITYID": "178773", "projid": "1001810.24", "projname": "Ralston Beach Pumping Station Rehabilitation (Year 2)", "projdesc": "This project provides for the rehabilitation of Ralston Beach wastewater pumping station located at 6716 Ralston Beach Cir. Project will include replacement of pumps, piping, valves, and electrical improvements to ensure the continued reliability of the station.", "rationale": "reliability by replacing the aging equipment and will include improvements to reduce vulnerability to extreme weather events.  The station is a critical wastewater asset and failure of the station would result in a wastewater overflow that would impact the environment and pose a public health threat to the surrounding neighborhoods.", "projtype": "Wastewater", "safety": "No", "mandate": "No", "repair": "No", "replace": "No", "expand": "No", "efficient": "No", "fiscalyr": "2025", "fundsource": "PIPES", "planstart": 1740787200000, "planend": 1782864000000, "estcost": 1130005, "pocname": "Albert Calloway", "pocphone": "8136303902", "pocemail": "albert.calloway@tampagov.net", "funded": "Yes", "projphase": "P4: Construction", "actstart": null, "actend": null, "actcost": null, "status": "Construction in Progress", "docpath": null, "CreationDate": 1691678690000, "Creator": "SSME", "EditDate": 1756405899000, "Editor": "SSME", "MultiYear": "No", "NumVotes": null, "ShowPublic": "Yes", "EBO": null, "JobsCreated": null, "Neighborhood": null, "Council": null, "EBOAttained": null, "ContractNumber": "20-C-00016", "ActivityStatus": null, "ProjectSiteURL": null, "RelatedProject": "No", "MapScale": 6000, "WMBESLBE": null, "ORACLEID": null, "EBUILDERID": null, "COMPROCUREMENT": null, "WATER": null, "WASTEWATER": null, "STORMWATER": null, "TRANSPORTATION": null, "OBJECTID": 5385, "GlobalID": "{C7880930-5BC4-4737-82EC-E56166CD3B47}", "ProjectNumerical": null}}, {"type": "Feature", "id": 5386, "geometry": {"type": "Point", "coordinates": [-82.36540088733476, 28.07393952232342]}, "properties": {"FACILITYID": "178775", "projid": "1001810.21", "projname": "Parkedge Pumping Station Rehabilitation (Year 2)", "projdesc": "This project provides for the rehabilitation of Parkedge wastewater pumping station located at 8502 Parkedge Dr. Project will include replacement of pumps, piping, valves, and electrical improvements to ensure the continued reliability of the station.", "rationale": "The pumping station rehabilitation project will restore the station’s reliability by replacing the aging equipment and will include improvements to reduce vulnerability to extreme weather events.  The station is a critical wastewater asset and failure of the station would result in a wastewater overflow that would impact the environment and pose a public health threat to the surrounding neighborhoods.", "projtype": "Wastewater", "safety": "No", "mandate": "No", "repair": "No", "replace": "No", "expand": "No", "efficient": "No", "fiscalyr": "2025", "fundsource": "PIPES", "planstart": 1746057600000, "planend": 1785542400000, "estcost": 1150000, "pocname": "Albert Calloway", "pocphone": "8136303902", "pocemail": "albert.calloway@tampagov.net", "funded": "Yes", "projphase": "P4: Construction", "actstart": null, "actend": null, "actcost": null, "status": "Construction in Progress", "docpath": null, "CreationDate": 1691678774000, "Creator": "SSME", "EditDate": 1772142014000, "Editor": "SSME", "MultiYear": "No", "NumVotes": null, "ShowPublic": "Yes", "EBO": null, "JobsCreated": null, "Neighborhood": null, "Council": null, "EBOAttained": null, "ContractNumber": "20-C-00016", "ActivityStatus": null, "ProjectSiteURL": null, "RelatedProject": "No", "MapScale": 6000, "WMBESLBE": null, "ORACLEID": null, "EBUILDERID": null, "COMPROCUREMENT": null, "WATER": null, "WASTEWATER": null, "STORMWATER": null, "TRANSPORTATION": null, "OBJECTID": 5386, "GlobalID": "{952F2C46-B827-41D0-B70F-439A95380BE1}", "ProjectNumerical": null}}, {"type": "Feature", "id": 5387, "geometry": {"type": "Point", "coordinates": [-82.44944862813684, 28.065903343307152]}, "properties": {"FACILITYID": "179501", "projid": "1002652", "projname": "University Pumping Station Rehabilitation", "projdesc": "This project provides for the complete rehabilitation of University Pumping Station located at 920 E 131st Ave. The project will serve to update the existing wet-dry type pumping station. Work includes demolition, installation of new pumps, piping, valves, control panels, screening equipment and electrical upgrades.", "rationale": "The pumping station rehabilitation project will restore the station’s reliability by replacing the aging equipment and will include improvements to reduce vulnerability to extreme weather events.  The station is a critical wastewater asset and failure of the station would result in a wastewater overflow that would impact the environment and pose a public health threat to the surrounding neighborhoods.", "projtype": "Wastewater", "safety": "No", "mandate": "No", "repair": "No", "replace": "No", "expand": "No", "efficient": "No", "fiscalyr": "2027", "fundsource": "PIPES", "planstart": 1827619200000, "planend": 1859241600000, "estcost": 2000000, "pocname": "Charlie Lynch", "pocphone": "8132748916", "pocemail": "charlie.lynch@tampagov.net", "funded": "Yes", "projphase": "P1: Planning", "actstart": null, "actend": null, "actcost": null, "status": "Planning", "docpath": null, "CreationDate": 1692975695000, "Creator": "SSME", "EditDate": 1751474513000, "Editor": "SSME", "MultiYear": "No", "NumVotes": null, "ShowPublic": "Yes", "EBO": null, "JobsCreated": null, "Neighborhood": null, "Council": null, "EBOAttained": null, "ContractNumber": "TBD", "ActivityStatus": null, "ProjectSiteURL": null, "RelatedProject": "No", "MapScale": 6000, "WMBESLBE": null, "ORACLEID": null, "EBUILDERID": null, "COMPROCUREMENT": null, "WATER": null, "WASTEWATER": null, "STORMWATER": null, "TRANSPORTATION": null, "OBJECTID": 5387, "GlobalID": "{764F6872-EE4D-4F1B-9CE9-1BA9CBB2BBAD}", "ProjectNumerical": null}}, {"type": "Feature", "id": 5388, "geometry": {"type": "Point", "coordinates": [-82.50012303105639, 28.001645793036754]}, "properties": {"FACILITYID": "180229", "projid": "1002566", "projname": "Gunlock PS Generator Addition", "projdesc": "This project provides for the installation of a standby generator & electrical upgrades at the Gunlock pumping station.", "rationale": "The standby generator will provide a standby power generator system to ensure continuous use of the pumping station during a loss of power.", "projtype": "Wastewater", "safety": "No", "mandate": "No", "repair": "No", "replace": "No", "expand": "No", "efficient": "No", "fiscalyr": "2024", "fundsource": "PIPES", "planstart": 1709251200000, "planend": 1782864000000, "estcost": 650500, "pocname": "Albert Calloway", "pocphone": "8136303902", "pocemail": "albert.calloway@tampagov.net", "funded": "Yes", "projphase": "P4: Construction", "actstart": null, "actend": null, "actcost": null, "status": "Construction in Progress", "docpath": null, "CreationDate": 1707832785000, "Creator": "SSME", "EditDate": 1751476447000, "Editor": "SSME", "MultiYear": "Yes", "NumVotes": null, "ShowPublic": "Yes", "EBO": null, "JobsCreated": null, "Neighborhood": null, "Council": null, "EBOAttained": null, "ContractNumber": "23-C-00022", "ActivityStatus": null, "ProjectSiteURL": null, "RelatedProject": "No", "MapScale": 6000, "WMBESLBE": null, "ORACLEID": null, "EBUILDERID": null, "COMPROCUREMENT": null, "WATER": null, "WASTEWATER": null, "STORMWATER": null, "TRANSPORTATION": null, "OBJECTID": 5388, "GlobalID": "{E9341E07-DC5F-4AF9-A76C-4454DF2EE003}", "ProjectNumerical": null}}, {"type": "Feature", "id": 5389, "geometry": {"type": "Point", "coordinates": [-82.37798719849955, 28.11430570596748]}, "properties": {"FACILITYID": "180231", "projid": "TRANS10032", "projname": "Commerce Palms Dr and Compton Dr", "projdesc": "This project is for the design and construction of a new traffic signal at the intersection of Commerce Palms Dr and Compton Dr. The project will also include new crosswalks, pedestrian signals, ADA-compliant ramps, and detectable warning mats. Due to the land development in the area, the City of Tampa was provided with $425,000 to enhance safety and accessibility.", "rationale": "New Traffic Signal", "projtype": "Transportation", "safety": "Yes", "mandate": "No", "repair": "No", "replace": "No", "expand": "Yes", "efficient": "No", "fiscalyr": "2026", "fundsource": "Other Agencies", "planstart": 1759363200000, "planend": 1775779200000, "estcost": 425000, "pocname": "Zack Besece, P. E.", "pocphone": "813-274-8122", "pocemail": "zackary.besece@tampagov.net", "funded": "Yes", "projphase": "P5: Closeout", "actstart": null, "actend": null, "actcost": 0, "status": "Closeout", "docpath": "https://www.tampa.gov/project/trans10032", "CreationDate": 1708639210000, "Creator": "PWK3", "EditDate": 1780053513000, "Editor": "PWLR", "MultiYear": "No", "NumVotes": null, "ShowPublic": "Yes", "EBO": null, "JobsCreated": null, "Neighborhood": "TPOST 3", "Council": "7", "EBOAttained": null, "ContractNumber": null, "ActivityStatus": null, "ProjectSiteURL": "<a href=\"https://apps.tampagov.net/Directory_Lister/FileHandler.ashx?file=GIS%2fTRANS10032.pdf\">TRANS10032</a>", "RelatedProject": "No", "MapScale": 6000, "WMBESLBE": null, "ORACLEID": null, "EBUILDERID": null, "COMPROCUREMENT": null, "WATER": null, "WASTEWATER": null, "STORMWATER": null, "TRANSPORTATION": null, "OBJECTID": 5389, "GlobalID": "{87B888AC-F36B-4E90-909A-0FF24236DFA8}", "ProjectNumerical": 102575}}, {"type": "Feature", "id": 5795, "geometry": {"type": "Point", "coordinates": [-82.44942556888951, 27.9106003153387]}, "properties": {"FACILITYID": "180368", "projid": "1001426", "projname": "Citywide Dock & Boardwalk Replacement - Davis Islands Seaplane Basin Mooring Field", "projdesc": "This project will replace the failing docks in the sea plane basin, and include a mooring field and aids to navigation to make the basin safer and cleaner.", "rationale": "Maintenance and facility upgrades", "projtype": "Parks and Recreation", "safety": "No", "mandate": "No", "repair": "No", "replace": "No", "expand": "No", "efficient": "No", "fiscalyr": "2024", "fundsource": "Multiple Funding", "planstart": null, "planend": null, "estcost": 1500000, "pocname": "Brad Suder", "pocphone": "813-274-3312", "pocemail": "brad.suder@tampagov.net", "funded": "No", "projphase": "P2: Design", "actstart": null, "actend": null, "actcost": 0, "status": "Permitting/Submittals Approval", "docpath": null, "CreationDate": 1720470387000, "Creator": "PWK3", "EditDate": 1730729861000, "Editor": "GIS", "MultiYear": "Yes", "NumVotes": null, "ShowPublic": "Yes", "EBO": null, "JobsCreated": null, "Neighborhood": "Davis Islands", "Council": "4", "EBOAttained": null, "ContractNumber": null, "ActivityStatus": null, "ProjectSiteURL": "<a href=\"https://apps.tampagov.net/Directory_Lister/FileHandler.ashx?file=GIS%2f1001426.pdf\">1001426</a>", "RelatedProject": "No", "MapScale": 6000, "WMBESLBE": null, "ORACLEID": null, "EBUILDERID": null, "COMPROCUREMENT": null, "WATER": null, "WASTEWATER": null, "STORMWATER": null, "TRANSPORTATION": null, "OBJECTID": 5795, "GlobalID": "{223145A9-7024-4C8B-B2FB-C626A02D0ED9}", "ProjectNumerical": 64508}}, {"type": "Feature", "id": 5799, "geometry": {"type": "Point", "coordinates": [-82.47657736072696, 27.966635214584173]}, "properties": {"FACILITYID": "180370", "projid": "TRANS10033", "projname": "Columbus Dr & Rome Ave - New Traffic Signal", "projdesc": "This project includes design and construction of a new traffic signal to improve safety and enhance access for the community. The project includes marked crosswalks, pedestrian signals, ADA-compliant ramps, and detectable warning mats.", "rationale": "Enhances safety to all modes of transportation at the intersection; Reduces the probability of right-angled crashes through the implementation of traffic signals and other improvements; Improves mobility and accessibility infrastructure for pedestrians and individuals with disabilities; Improves traffic flow at the intersection", "projtype": "Transportation", "safety": "Yes", "mandate": "No", "repair": "No", "replace": "No", "expand": "No", "efficient": "No", "fiscalyr": "2027", "fundsource": "Other Agencies", "planstart": null, "planend": null, "estcost": 1300000, "pocname": "Jae-Sang Lee", "pocphone": "813-410-4154", "pocemail": "jae-sang.lee@tampagov.net", "funded": "Yes", "projphase": "P2: Design", "actstart": null, "actend": null, "actcost": null, "status": "30% Design Completion", "docpath": null, "CreationDate": 1729770778000, "Creator": "PWLR", "EditDate": 1782940572000, "Editor": "PWK3", "MultiYear": "No", "NumVotes": null, "ShowPublic": "Yes", "EBO": null, "JobsCreated": null, "Neighborhood": " West River, Bowman Heights, Old West Tampa", "Council": "5,6", "EBOAttained": null, "ContractNumber": null, "ActivityStatus": null, "ProjectSiteURL": null, "RelatedProject": "No", "MapScale": 6000, "WMBESLBE": null, "ORACLEID": null, "EBUILDERID": null, "COMPROCUREMENT": null, "WATER": null, "WASTEWATER": null, "STORMWATER": null, "TRANSPORTATION": null, "OBJECTID": 5799, "GlobalID": "{6DAB8BE5-9F8A-4855-889F-14A2585862B4}", "ProjectNumerical": null}}, {"type": "Feature", "id": 5800, "geometry": {"type": "Point", "coordinates": [-82.52685936824305, 27.886704851631855]}, "properties": {"FACILITYID": "180369", "projid": "TRANS10034", "projname": "S West Shore Blvd and W Tyson Ave Traffic Signal", "projdesc": "This project will provide the in-house design of a new traffic signal at the intersection of S West Shore Blvd and W Tyson Ave. The project will include turn lanes, new crosswalks, pedestrian signals, ADA-compliant ramps and detectable warning mats. This project is funded by multiple developers. Additional funding coming in could improve the whole segment of W Tyson Ave. ", "rationale": "New Traffic Signal", "projtype": "Transportation", "safety": "Yes", "mandate": "No", "repair": "No", "replace": "No", "expand": "No", "efficient": "No", "fiscalyr": "2026", "fundsource": "Multiple Funding", "planstart": null, "planend": null, "estcost": 1081564, "pocname": "Zack Besece, P. E.", "pocphone": "813-274-8122", "pocemail": "zackary.besece@tampagov.net", "funded": "Yes", "projphase": "P2: Design", "actstart": null, "actend": null, "actcost": null, "status": "30% Design Completion", "docpath": null, "CreationDate": 1729771503000, "Creator": "PWLR", "EditDate": 1749662799000, "Editor": "PWLR", "MultiYear": "No", "NumVotes": null, "ShowPublic": "Yes", "EBO": null, "JobsCreated": null, "Neighborhood": "Gandy / Sun Bay South", "Council": "4", "EBOAttained": null, "ContractNumber": null, "ActivityStatus": null, "ProjectSiteURL": null, "RelatedProject": "No", "MapScale": 6000, "WMBESLBE": null, "ORACLEID": null, "EBUILDERID": null, "COMPROCUREMENT": null, "WATER": null, "WASTEWATER": null, "STORMWATER": null, "TRANSPORTATION": null, "OBJECTID": 5800, "GlobalID": "{7C44A9AB-60CF-4198-8FAD-213867B278F6}", "ProjectNumerical": null}}, {"type": "Feature", "id": 5801, "geometry": {"type": "Point", "coordinates": [-82.44421765432625, 27.970560936753188]}, "properties": {"FACILITYID": "350252", "projid": "TRANS10035", "projname": "14th St (Av Republica De Cuba) & 21st Ave", "projdesc": "This project is located at the intersection of N 14th St (ARDC) & E 21st Ave is to upgrade the existing concrete strain pole and span wire system using the galvanized steel pole and mast arm relocated from N Boulevard & W Ross Ave. The project will include new vehicular traffic signal heads along with new pedestrian signal heads and ADA compliant pedestrian ramps.   ", "rationale": "Traffic Signal Upgrade", "projtype": "Transportation", "safety": "Yes", "mandate": "No", "repair": "No", "replace": "No", "expand": "No", "efficient": "No", "fiscalyr": "2025", "fundsource": null, "planstart": 1723248000000, "planend": 1749168000000, "estcost": 353000, "pocname": "Roger Kirk", "pocphone": "813-373-8092", "pocemail": "roger.kirk@tampagov.net", "funded": "Yes", "projphase": "P5: Closeout", "actstart": null, "actend": null, "actcost": null, "status": "Closeout", "docpath": null, "CreationDate": 1737730079000, "Creator": "PWLR", "EditDate": 1750777548000, "Editor": "PWLR", "MultiYear": "No", "NumVotes": null, "ShowPublic": "Yes", "EBO": null, "JobsCreated": null, "Neighborhood": "VM Ybor", "Council": "5", "EBOAttained": null, "ContractNumber": null, "ActivityStatus": null, "ProjectSiteURL": null, "RelatedProject": "No", "MapScale": 6000, "WMBESLBE": null, "ORACLEID": null, "EBUILDERID": null, "COMPROCUREMENT": null, "WATER": null, "WASTEWATER": null, "STORMWATER": null, "TRANSPORTATION": null, "OBJECTID": 5801, "GlobalID": "{D064D34A-AACE-4535-97BC-31BC77EC608F}", "ProjectNumerical": null}}, {"type": "Feature", "id": 5805, "geometry": {"type": "Point", "coordinates": [-82.51962968262087, 27.93792361474265]}, "properties": {"FACILITYID": "350277", "projid": "1002569", "projname": "Swann Pumping Station Generator Installation", "projdesc": "This project provides for the installation of a new standby diesel generator at Swann Pumping Station. The diesel generator will provide backup power, so the station remains in operation in the event of a power loss. ", "rationale": "The pumping station rehabilitation project will restore the station’s reliability by replacing the aging equipment and will include improvements to reduce vulnerability to extreme weather events.  The station is a critical wastewater asset and failure of the station would result in a wastewater overflow that would impact the environment and pose a public health threat to the surrounding neighborhoods. ", "projtype": "Wastewater", "safety": "No", "mandate": "No", "repair": "No", "replace": "No", "expand": "No", "efficient": "No", "fiscalyr": "2026", "fundsource": "PIPES", "planstart": 1806537600000, "planend": 1806537600000, "estcost": 776000, "pocname": "Charlie Lynch", "pocphone": "8132748916", "pocemail": "charlie.lynch@tampagov.net", "funded": "Yes", "projphase": "P3: Procurement", "actstart": null, "actend": null, "actcost": null, "status": "Permitting/Submittals Approval", "docpath": null, "CreationDate": 1745601375000, "Creator": "SSME", "EditDate": 1751476447000, "Editor": "SSME", "MultiYear": "Yes", "NumVotes": null, "ShowPublic": "Yes", "EBO": null, "JobsCreated": null, "Neighborhood": null, "Council": null, "EBOAttained": null, "ContractNumber": null, "ActivityStatus": null, "ProjectSiteURL": null, "RelatedProject": "No", "MapScale": 6000, "WMBESLBE": null, "ORACLEID": null, "EBUILDERID": null, "COMPROCUREMENT": null, "WATER": null, "WASTEWATER": null, "STORMWATER": null, "TRANSPORTATION": null, "OBJECTID": 5805, "GlobalID": "{DDF32E2C-C93F-42AC-AAC6-BF425B25A5B2}", "ProjectNumerical": null}}, {"type": "Feature", "id": 5820, "geometry": {"type": "Point", "coordinates": [-82.46000438564523, 27.947831874355543]}, "properties": {"FACILITYID": "350381", "projid": "TRANS10038", "projname": "Ashley and Madison  - Signals (SMD) ", "projdesc": "New mast arm replacement at intersection old mast arm beyond life. ", "rationale": "Traffic Signal-Intersection Improvements", "projtype": "Transportation", "safety": "Yes", "mandate": "No", "repair": "No", "replace": "No", "expand": "No", "efficient": "No", "fiscalyr": "2025", "fundsource": "Local Option Gas Tax", "planstart": 1754870400000, "planend": 1769731200000, "estcost": 84810.56, "pocname": "Zack Besece, P. E.", "pocphone": "813-274-8122", "pocemail": "zackary.besece@tampagov.net", "funded": "Yes", "projphase": "P5: Closeout", "actstart": null, "actend": null, "actcost": 84810.56, "status": "Closeout", "docpath": null, "CreationDate": 1755000565000, "Creator": "PWLR", "EditDate": 1773948969000, "Editor": "PWLR", "MultiYear": "No", "NumVotes": null, "ShowPublic": "Yes", "EBO": null, "JobsCreated": null, "Neighborhood": "Downtown River Arts", "Council": "5", "EBOAttained": null, "ContractNumber": null, "ActivityStatus": null, "ProjectSiteURL": "https://www.tampa.gov/project/trans10038", "RelatedProject": "No", "MapScale": 6000, "WMBESLBE": null, "ORACLEID": null, "EBUILDERID": null, "COMPROCUREMENT": null, "WATER": null, "WASTEWATER": null, "STORMWATER": null, "TRANSPORTATION": null, "OBJECTID": 5820, "GlobalID": "{770778A7-BCB8-4737-B9B7-B3E95423D2C9}", "ProjectNumerical": null}}, {"type": "Feature", "id": 5822, "geometry": {"type": "Point", "coordinates": [-82.50208885896555, 27.893675017062876]}, "properties": {"FACILITYID": "350619", "projid": "TRANS10039", "projname": "Himes Ave & Gandy Blvd - Traffic Signal Upgrade", "projdesc": "This project includes design and replacement of traffic signals to improve safety and enhance access for the community. The project includes left turn signals, marked crosswalks, pedestrian signals, ADA-compliant ramps, and detectable warning mats.", "rationale": "Enhances safety to all modes of transportation at the intersection;\tReduces the probability of right-angled crashes through the implementation of left turn signals and other improvements; Improves mobility and accessibility infrastructure for pedestrians and individuals with disabilities; Improves traffic flow at the intersection.", "projtype": "Transportation", "safety": "Yes", "mandate": "No", "repair": "No", "replace": "No", "expand": "No", "efficient": "Yes", "fiscalyr": " 2027", "fundsource": "Other Agencies", "planstart": null, "planend": null, "estcost": 900000, "pocname": "Jae-Sang Lee", "pocphone": "813-410-4154", "pocemail": "jae-sang.lee@tampagov.net", "funded": "Yes", "projphase": "P2: Design", "actstart": null, "actend": null, "actcost": 0, "status": "60% Design Completion", "docpath": null, "CreationDate": 1774462011000, "Creator": "ADS\\PWK3", "EditDate": 1782940721000, "Editor": "PWK3", "MultiYear": "No", "NumVotes": null, "ShowPublic": "Yes", "EBO": null, "JobsCreated": null, "Neighborhood": "Interbay - South of Gandy", "Council": "4", "EBOAttained": null, "ContractNumber": null, "ActivityStatus": null, "ProjectSiteURL": null, "RelatedProject": "No", "MapScale": 6000, "WMBESLBE": null, "ORACLEID": null, "EBUILDERID": null, "COMPROCUREMENT": null, "WATER": null, "WASTEWATER": null, "STORMWATER": null, "TRANSPORTATION": null, "OBJECTID": 5822, "GlobalID": "{0B6300BA-5520-4E2C-A6D4-44A30EC16AD8}", "ProjectNumerical": null}}, {"type": "Feature", "id": 5823, "geometry": {"type": "Point", "coordinates": [-82.51784777793503, 27.919878632419696]}, "properties": {"FACILITYID": "350621", "projid": "TRANS10042", "projname": "Manhattan Ave & Bay to Bay Blvd - Traffic Signal Upgrade", "projdesc": "This project includes design and replacement of traffic signals to improve safety and enhance access for the community. The project includes curb extensions, marked crosswalks, pedestrian signals, ADA-compliant ramps, and detectable warning mats.", "rationale": " Enhances safety to all modes of transportation at the intersection;\tReduces the probability of right-angled crashes through the implementation of left turn signals and other improvements; Improves mobility and accessibility infrastructure for pedestrians and individuals with disabilities; Improves traffic flow at the intersection", "projtype": "Transportation", "safety": "No", "mandate": "No", "repair": "No", "replace": "No", "expand": "No", "efficient": "No", "fiscalyr": " 2027", "fundsource": "Other Agencies", "planstart": null, "planend": null, "estcost": 1200000, "pocname": "Jae-Sang Lee", "pocphone": "813-410-4154", "pocemail": "jae-sang.lee@tampagov.net", "funded": "Yes", "projphase": "P2: Design", "actstart": null, "actend": null, "actcost": 0, "status": "30% Design Completion", "docpath": null, "CreationDate": 1774462272000, "Creator": "ADS\\PWK3", "EditDate": 1782940636000, "Editor": "PWK3", "MultiYear": "No", "NumVotes": null, "ShowPublic": "Yes", "EBO": null, "JobsCreated": null, "Neighborhood": "Sunset Park", "Council": "4", "EBOAttained": null, "ContractNumber": null, "ActivityStatus": null, "ProjectSiteURL": null, "RelatedProject": "No", "MapScale": 6000, "WMBESLBE": null, "ORACLEID": null, "EBUILDERID": null, "COMPROCUREMENT": null, "WATER": null, "WASTEWATER": null, "STORMWATER": null, "TRANSPORTATION": null, "OBJECTID": 5823, "GlobalID": "{118EDA27-6F66-4E16-9CA8-B16B9106C24B}", "ProjectNumerical": null}}, {"type": "Feature", "id": 5824, "geometry": {"type": "Point", "coordinates": [-82.46544456731196, 27.93724649223117]}, "properties": {"FACILITYID": "350618", "projid": "TRANS10040", "projname": "Bayshore Blvd & Swann Ave - New Traffic Signal", "projdesc": "This project includes design and construction of a new traffic signal to improve safety and enhance access for the community. The project includes marked crosswalks, pedestrian signals, ADA-compliant ramps, and detectable warning mats.", "rationale": "Enhances safety to all modes of transportation at the intersection;\tReduces the probability of right-angled crashes through the implementation of traffic signals and other improvements; Improves mobility and accessibility infrastructure for pedestrians and individuals with disabilities; Improves traffic flow at the intersection.", "projtype": "Transportation", "safety": "Yes", "mandate": "No", "repair": "No", "replace": "No", "expand": "No", "efficient": "Yes", "fiscalyr": " 2026", "fundsource": "Other Agencies", "planstart": null, "planend": null, "estcost": 1500000, "pocname": "Jae-Sang Lee", "pocphone": "813-410-4154", "pocemail": "jae-sang.lee@tampagov.net ", "funded": "Yes", "projphase": "P1: Planning", "actstart": null, "actend": null, "actcost": 1500000, "status": "Planning", "docpath": null, "CreationDate": 1774461777000, "Creator": "ADS\\PWK3", "EditDate": 1774461865000, "Editor": "ADS\\PWK3", "MultiYear": "No", "NumVotes": null, "ShowPublic": "Yes", "EBO": null, "JobsCreated": null, "Neighborhood": "Hyde Park Spanishtown Creek", "Council": "4", "EBOAttained": null, "ContractNumber": null, "ActivityStatus": null, "ProjectSiteURL": null, "RelatedProject": "No", "MapScale": 6000, "WMBESLBE": null, "ORACLEID": null, "EBUILDERID": null, "COMPROCUREMENT": null, "WATER": null, "WASTEWATER": null, "STORMWATER": null, "TRANSPORTATION": null, "OBJECTID": 5824, "GlobalID": "{7BD37EE6-9055-4208-A753-0A6EC79DFB57}", "ProjectNumerical": null}}, {"type": "Feature", "id": 5825, "geometry": {"type": "Point", "coordinates": [-82.49385968102246, 27.893698072103806]}, "properties": {"FACILITYID": "350620", "projid": "TRANS10041", "projname": "MacDill Ave & Gandy Blvd - Traffic Signal Upgrade", "projdesc": "This project includes design and replacement of traffic signals to improve safety and enhance access for the community. The project includes left turn signals, marked crosswalks, pedestrian signals, ADA-compliant ramps, and detectable warning mats.", "rationale": "Enhances safety to all modes of transportation at the intersection;\tReduces the probability of right-angled crashes through the implementation of left turn signals and other improvements; Improves mobility and accessibility infrastructure for pedestrians and individuals with disabilities; Improves traffic flow at the intersection.", "projtype": "Transportation", "safety": "Yes", "mandate": "No", "repair": "No", "replace": "No", "expand": "No", "efficient": "Yes", "fiscalyr": " 2027", "fundsource": "Other Agencies", "planstart": null, "planend": null, "estcost": 900000, "pocname": "Jae-Sang Lee", "pocphone": "813-410-4154", "pocemail": "jae-sang.lee@tampagov.net", "funded": "Yes", "projphase": "P2: Design", "actstart": null, "actend": null, "actcost": 0, "status": "60% Design Completion", "docpath": null, "CreationDate": 1774462084000, "Creator": "ADS\\PWK3", "EditDate": 1782940735000, "Editor": "PWK3", "MultiYear": "No", "NumVotes": null, "ShowPublic": "Yes", "EBO": null, "JobsCreated": null, "Neighborhood": "Bayshore Beautiful", "Council": "4", "EBOAttained": null, "ContractNumber": null, "ActivityStatus": null, "ProjectSiteURL": null, "RelatedProject": "No", "MapScale": 6000, "WMBESLBE": null, "ORACLEID": null, "EBUILDERID": null, "COMPROCUREMENT": null, "WATER": null, "WASTEWATER": null, "STORMWATER": null, "TRANSPORTATION": null, "OBJECTID": 5825, "GlobalID": "{C27DA124-3288-4760-B089-9B6857E91C84}", "ProjectNumerical": null}}]}