{"type": "FeatureCollection", "features": [{"type": "Feature", "id": 1, "geometry": {"type": "Point", "coordinates": [-82.47146399979997, 27.93621600011802]}, "properties": {"OBJECTID": 1, "RECORDID": "ARC-21-0000235", "ADDRESS": "716 S Newport Ave", "UNIT": "", "APPSTATUS": "Awaiting Client Reply", "TEANTATIVEHEARING": "07/12/2021", "TENTATIVETIME": "18:00", "RECORDALIAS": "Architectural Review Commission - Certificate of Appropriateness", "MAPDOT": "Architectural Review Commission", "CRA": null, "NEIGHBORHOOD": "Hyde Park Preservation", "COUNCILDISTRICT": "4", "CREATED": "Accela", "CREATEDDATE": 1787272258000, "LASTEDITOR": "GIS", "LASTUPDATE": 1787272258000, "URL": "https://aca-prod.accela.com/TAMPA/Cap/CapDetail.aspx?Module=Planning&TabName=Planning&capID1=21CAP&capID2=00000&capID3=00DDH&agencyCode=TAMPA"}}, {"type": "Feature", "id": 2, "geometry": {"type": "Point", "coordinates": [-82.45635750015673, 27.965483999990614]}, "properties": {"OBJECTID": 2, "RECORDID": "ARC-21-0000241", "ADDRESS": "401 E Amelia Ave", "UNIT": "", "APPSTATUS": "Awaiting Client Reply", "TEANTATIVEHEARING": "07/12/2021", "TENTATIVETIME": "18:00", "RECORDALIAS": "Architectural Review Commission - Certificate of Appropriateness", "MAPDOT": "Architectural Review Commission", "CRA": null, "NEIGHBORHOOD": "Tampa Heights", "COUNCILDISTRICT": "5", "CREATED": "Accela", "CREATEDDATE": 1787272259000, "LASTEDITOR": "GIS", "LASTUPDATE": 1787272259000, "URL": "https://aca-prod.accela.com/TAMPA/Cap/CapDetail.aspx?Module=Planning&TabName=Planning&capID1=21CAP&capID2=00000&capID3=00DXE&agencyCode=TAMPA"}}, {"type": "Feature", "id": 3, "geometry": {"type": "Point", "coordinates": [-82.47713399989898, 27.935820000269903]}, "properties": {"OBJECTID": 3, "RECORDID": "ARC-21-0000265", "ADDRESS": "805 S Rome Ave", "UNIT": "", "APPSTATUS": "Awaiting Client Reply", "TEANTATIVEHEARING": "06/07/2021", "TENTATIVETIME": "18:00", "RECORDALIAS": "Architectural Review Commission - Certificate of Appropriateness", "MAPDOT": "Architectural Review Commission", "CRA": null, "NEIGHBORHOOD": "Historic Hyde Park", "COUNCILDISTRICT": "4", "CREATED": "Accela", "CREATEDDATE": 1787272259000, "LASTEDITOR": "GIS", "LASTUPDATE": 1787272259000, "URL": "https://aca-prod.accela.com/TAMPA/Cap/CapDetail.aspx?Module=Planning&TabName=Planning&capID1=21CAP&capID2=00000&capID3=00GW3&agencyCode=TAMPA"}}, {"type": "Feature", "id": 4, "geometry": {"type": "Point", "coordinates": [-82.457351999596, 27.96108299983958]}, "properties": {"OBJECTID": 4, "RECORDID": "ARC-21-0000405", "ADDRESS": "307 E Oak Ave", "UNIT": "", "APPSTATUS": "Awaiting Client Reply", "TEANTATIVEHEARING": "09/13/2021", "TENTATIVETIME": "N/A", "RECORDALIAS": "Architectural Review Commission - Certificate of Appropriateness", "MAPDOT": "Architectural Review Commission", "CRA": null, "NEIGHBORHOOD": "Tampa Heights", "COUNCILDISTRICT": "5", "CREATED": "Accela", "CREATEDDATE": 1787272259000, "LASTEDITOR": "GIS", "LASTUPDATE": 1787272259000, "URL": "https://aca-prod.accela.com/TAMPA/Cap/CapDetail.aspx?Module=Planning&TabName=Planning&capID1=21CAP&capID2=00000&capID3=01SFX&agencyCode=TAMPA"}}, {"type": "Feature", "id": 5, "geometry": {"type": "Point", "coordinates": [-82.4798699998252, 27.92847599981011]}, "properties": {"OBJECTID": 5, "RECORDID": "ARC-21-0000425", "ADDRESS": "1820 W Richardson Pl", "UNIT": "", "APPSTATUS": "Awaiting Client Reply", "TEANTATIVEHEARING": "11/01/2021", "TENTATIVETIME": "N/A", "RECORDALIAS": "Architectural Review Commission - Certificate of Appropriateness", "MAPDOT": "Architectural Review Commission", "CRA": null, "NEIGHBORHOOD": "Historic Hyde Park", "COUNCILDISTRICT": "4", "CREATED": "Accela", "CREATEDDATE": 1787272259000, "LASTEDITOR": "GIS", "LASTUPDATE": 1787272259000, "URL": "https://aca-prod.accela.com/TAMPA/Cap/CapDetail.aspx?Module=Planning&TabName=Planning&capID1=21CAP&capID2=00000&capID3=01UVY&agencyCode=TAMPA"}}, {"type": "Feature", "id": 6, "geometry": {"type": "Point", "coordinates": [-82.457351999596, 27.96108299983958]}, "properties": {"OBJECTID": 6, "RECORDID": "ARC-21-0000555", "ADDRESS": "307 E Oak Ave", "UNIT": "", "APPSTATUS": "Awaiting Client Reply", "TEANTATIVEHEARING": "11/01/2021", "TENTATIVETIME": "N/A", "RECORDALIAS": "Architectural Review Commission - Certificate of Appropriateness", "MAPDOT": "Architectural Review Commission", "CRA": null, "NEIGHBORHOOD": "Tampa Heights", "COUNCILDISTRICT": "5", "CREATED": "Accela", "CREATEDDATE": 1787272259000, "LASTEDITOR": "GIS", "LASTUPDATE": 1787272259000, "URL": "https://aca-prod.accela.com/TAMPA/Cap/CapDetail.aspx?Module=Planning&TabName=Planning&capID1=21CAP&capID2=00000&capID3=028FO&agencyCode=TAMPA"}}, {"type": "Feature", "id": 7, "geometry": {"type": "Point", "coordinates": [-82.45550250039615, 27.962036999984136]}, "properties": {"OBJECTID": 7, "RECORDID": "ARC-22-0000009", "ADDRESS": "411 E Palm Ave", "UNIT": "", "APPSTATUS": "Awaiting Client Reply", "TEANTATIVEHEARING": "01/03/2022", "TENTATIVETIME": "N/A", "RECORDALIAS": "Architectural Review Commission - Certificate of Appropriateness", "MAPDOT": "Architectural Review Commission", "CRA": null, "NEIGHBORHOOD": "Tampa Heights", "COUNCILDISTRICT": "5", "CREATED": "Accela", "CREATEDDATE": 1787272259000, "LASTEDITOR": "GIS", "LASTUPDATE": 1787272259000, "URL": "https://aca-prod.accela.com/TAMPA/Cap/CapDetail.aspx?Module=Planning&TabName=Planning&capID1=21CAP&capID2=00000&capID3=02IE6&agencyCode=TAMPA"}}, {"type": "Feature", "id": 8, "geometry": {"type": "Point", "coordinates": [-82.47257550028337, 27.937719000355024]}, "properties": {"OBJECTID": 8, "RECORDID": "ARC-24-0000114", "ADDRESS": "618 S Willow Ave", "UNIT": "1-5", "APPSTATUS": "Awaiting Client Reply", "TEANTATIVEHEARING": "02/10/2025", "TENTATIVETIME": "17:30", "RECORDALIAS": "Architectural Review Commission - Certificate of Appropriateness", "MAPDOT": "Architectural Review Commission", "CRA": null, "NEIGHBORHOOD": "Historic Hyde Park", "COUNCILDISTRICT": "4", "CREATED": "Accela", "CREATEDDATE": 1787272259000, "LASTEDITOR": "GIS", "LASTUPDATE": 1787272259000, "URL": "https://aca-prod.accela.com/TAMPA/Cap/CapDetail.aspx?Module=Planning&TabName=Planning&capID1=24CAP&capID2=00000&capID3=001P9&agencyCode=TAMPA"}}, {"type": "Feature", "id": 9, "geometry": {"type": "Point", "coordinates": [-82.46722499960966, 27.936126000208553]}, "properties": {"OBJECTID": 9, "RECORDID": "ARC-25-0000014", "ADDRESS": "725 S Brevard Ave", "UNIT": "", "APPSTATUS": "Awaiting Client Reply", "TEANTATIVEHEARING": "N/A", "TENTATIVETIME": "N/A", "RECORDALIAS": "Architectural Review Commission - Certificate of Appropriateness", "MAPDOT": "Architectural Review Commission", "CRA": null, "NEIGHBORHOOD": "Hyde Park Preservation", "COUNCILDISTRICT": "4", "CREATED": "Accela", "CREATEDDATE": 1787272259000, "LASTEDITOR": "GIS", "LASTUPDATE": 1787272259000, "URL": "https://aca-prod.accela.com/TAMPA/Cap/CapDetail.aspx?Module=Planning&TabName=Planning&capID1=24CAP&capID2=00000&capID3=02IVD&agencyCode=TAMPA"}}, {"type": "Feature", "id": 10, "geometry": {"type": "Point", "coordinates": [-82.43286299979212, 27.963800999920714]}, "properties": {"OBJECTID": 10, "RECORDID": "BLC-24-0000147", "ADDRESS": "2318 E 12th Ave", "UNIT": "", "APPSTATUS": "Awaiting Client Reply", "TEANTATIVEHEARING": "08/27/2024", "TENTATIVETIME": "09:00", "RECORDALIAS": "Barrio Latino Commission - Certificate of Appropriateness", "MAPDOT": "Barrio Latino Commission - Certificate of Appropriateness", "CRA": "Ybor City 2", "NEIGHBORHOOD": "Historic East Ybor and Gary", "COUNCILDISTRICT": "5", "CREATED": "Accela", "CREATEDDATE": 1787272259000, "LASTEDITOR": "GIS", "LASTUPDATE": 1787272259000, "URL": "https://aca-prod.accela.com/TAMPA/Cap/CapDetail.aspx?Module=Planning&TabName=Planning&capID1=24CAP&capID2=00000&capID3=00X54&agencyCode=TAMPA"}}, {"type": "Feature", "id": 11, "geometry": {"type": "Point", "coordinates": [-82.47769649973763, 27.9321660004268]}, "properties": {"OBJECTID": 11, "RECORDID": "ARC-26-0000425", "ADDRESS": "1701 W Watrous Ave", "UNIT": "", "APPSTATUS": "Awaiting Client Reply", "TEANTATIVEHEARING": "N/A", "TENTATIVETIME": "N/A", "RECORDALIAS": "Architectural Review Commission - Certificate of Appropriateness", "MAPDOT": "Architectural Review Commission", "CRA": null, "NEIGHBORHOOD": "Historic Hyde Park", "COUNCILDISTRICT": "4", "CREATED": "Accela", "CREATEDDATE": 1787272259000, "LASTEDITOR": "GIS", "LASTUPDATE": 1787272259000, "URL": "https://aca-prod.accela.com/TAMPA/Cap/CapDetail.aspx?Module=Planning&TabName=Planning&capID1=26CAP&capID2=00000&capID3=025U0&agencyCode=TAMPA"}}, {"type": "Feature", "id": 12, "geometry": {"type": "Point", "coordinates": [-82.45444475608748, 27.999835857773704]}, "properties": {"OBJECTID": 12, "RECORDID": "ARC-26-0000380", "ADDRESS": "5808 N Cherokee Ave", "UNIT": "", "APPSTATUS": "In Process", "TEANTATIVEHEARING": "10/05/2026", "TENTATIVETIME": "17:30", "RECORDALIAS": "Architectural Review Commission - Certificate of Appropriateness", "MAPDOT": "Architectural Review Commission", "CRA": null, "NEIGHBORHOOD": "Old Seminole Heights", "COUNCILDISTRICT": "6", "CREATED": "Accela", "CREATEDDATE": 1787272259000, "LASTEDITOR": "GIS", "LASTUPDATE": 1787272259000, "URL": "https://aca-prod.accela.com/TAMPA/Cap/CapDetail.aspx?Module=Planning&TabName=Planning&capID1=26CAP&capID2=00000&capID3=01XRY&agencyCode=TAMPA"}}, {"type": "Feature", "id": 13, "geometry": {"type": "Point", "coordinates": [-82.44885600025708, 27.96981300016061]}, "properties": {"OBJECTID": 13, "RECORDID": "BLC-26-0000187", "ADDRESS": "2914 N 10th St", "UNIT": "", "APPSTATUS": "Awaiting Client Reply", "TEANTATIVEHEARING": "N/A", "TENTATIVETIME": "N/A", "RECORDALIAS": "Barrio Latino Commission - Certificate of Appropriateness", "MAPDOT": "Barrio Latino Commission - Certificate of Appropriateness", "CRA": "East Tampa", "NEIGHBORHOOD": "VM Ybor", "COUNCILDISTRICT": "5", "CREATED": "Accela", "CREATEDDATE": 1787272259000, "LASTEDITOR": "GIS", "LASTUPDATE": 1787272259000, "URL": "https://aca-prod.accela.com/TAMPA/Cap/CapDetail.aspx?Module=Planning&TabName=Planning&capID1=26CAP&capID2=00000&capID3=028N8&agencyCode=TAMPA"}}, {"type": "Feature", "id": 14, "geometry": {"type": "Point", "coordinates": [-82.45826550002519, 27.96448499974535]}, "properties": {"OBJECTID": 14, "RECORDID": "ARC-26-0000441", "ADDRESS": "2206 N Morgan St", "UNIT": "", "APPSTATUS": "Awaiting Client Reply", "TEANTATIVEHEARING": "N/A", "TENTATIVETIME": "N/A", "RECORDALIAS": "Architectural Review Commission - Certificate of Appropriateness", "MAPDOT": "Architectural Review Commission", "CRA": null, "NEIGHBORHOOD": "Tampa Heights", "COUNCILDISTRICT": "5", "CREATED": "Accela", "CREATEDDATE": 1787272259000, "LASTEDITOR": "GIS", "LASTUPDATE": 1787272259000, "URL": "https://aca-prod.accela.com/TAMPA/Cap/CapDetail.aspx?Module=Planning&TabName=Planning&capID1=26CAP&capID2=00000&capID3=028RK&agencyCode=TAMPA"}}, {"type": "Feature", "id": 15, "geometry": {"type": "Point", "coordinates": [-82.47554100043746, 27.93591899973216]}, "properties": {"OBJECTID": 15, "RECORDID": "ARC-26-0000440", "ADDRESS": "800 S Village Cir", "UNIT": "-850", "APPSTATUS": "Awaiting Client Reply", "TEANTATIVEHEARING": "N/A", "TENTATIVETIME": "N/A", "RECORDALIAS": "Architectural Review Commission - Certificate of Appropriateness", "MAPDOT": "Architectural Review Commission", "CRA": null, "NEIGHBORHOOD": "Hyde Park Preservation", "COUNCILDISTRICT": "4", "CREATED": "Accela", "CREATEDDATE": 1787272259000, "LASTEDITOR": "GIS", "LASTUPDATE": 1787272259000, "URL": "https://aca-prod.accela.com/TAMPA/Cap/CapDetail.aspx?Module=Planning&TabName=Planning&capID1=26CAP&capID2=00000&capID3=028H3&agencyCode=TAMPA"}}, {"type": "Feature", "id": 16, "geometry": {"type": "Point", "coordinates": [-82.44490950014324, 27.966195000252004]}, "properties": {"OBJECTID": 16, "RECORDID": "BLC-26-0000186", "ADDRESS": "1310 E 15th Ave", "UNIT": "", "APPSTATUS": "Awaiting Client Reply", "TEANTATIVEHEARING": "N/A", "TENTATIVETIME": "N/A", "RECORDALIAS": "Barrio Latino Commission - Certificate of Appropriateness", "MAPDOT": "Barrio Latino Commission - Certificate of Appropriateness", "CRA": "East Tampa", "NEIGHBORHOOD": "VM Ybor", "COUNCILDISTRICT": "5", "CREATED": "Accela", "CREATEDDATE": 1787272259000, "LASTEDITOR": "GIS", "LASTUPDATE": 1787272259000, "URL": "https://aca-prod.accela.com/TAMPA/Cap/CapDetail.aspx?Module=Planning&TabName=Planning&capID1=26CAP&capID2=00000&capID3=028FW&agencyCode=TAMPA"}}, {"type": "Feature", "id": 17, "geometry": {"type": "Point", "coordinates": [-82.4403150003831, 27.958643999873665]}, "properties": {"OBJECTID": 17, "RECORDID": "BLC-26-0000172", "ADDRESS": "1701 E 5th Ave", "UNIT": "", "APPSTATUS": "Awaiting Client Reply", "TEANTATIVEHEARING": "N/A", "TENTATIVETIME": "N/A", "RECORDALIAS": "Barrio Latino Commission - Certificate of Appropriateness", "MAPDOT": "Barrio Latino Commission - Certificate of Appropriateness", "CRA": "Ybor City 2", "NEIGHBORHOOD": "Historic Ybor", "COUNCILDISTRICT": "5", "CREATED": "Accela", "CREATEDDATE": 1787272259000, "LASTEDITOR": "GIS", "LASTUPDATE": 1787272259000, "URL": "https://aca-prod.accela.com/TAMPA/Cap/CapDetail.aspx?Module=Planning&TabName=Planning&capID1=26CAP&capID2=00000&capID3=01ZR7&agencyCode=TAMPA"}}, {"type": "Feature", "id": 18, "geometry": {"type": "Point", "coordinates": [-82.4395050003417, 27.95704200016367]}, "properties": {"OBJECTID": 18, "RECORDID": "BLC-26-0000173", "ADDRESS": "1728 E 2nd Ave", "UNIT": "", "APPSTATUS": "In Process", "TEANTATIVEHEARING": "09/22/2026", "TENTATIVETIME": "09:00", "RECORDALIAS": "Barrio Latino Commission - Recommendation", "MAPDOT": "Barrio Latino Commission - Certificate of Appropriateness", "CRA": null, "NEIGHBORHOOD": "Historic Ybor", "COUNCILDISTRICT": "5", "CREATED": "Accela", "CREATEDDATE": 1787272259000, "LASTEDITOR": "GIS", "LASTUPDATE": 1787272259000, "URL": "https://aca-prod.accela.com/TAMPA/Cap/CapDetail.aspx?Module=Planning&TabName=Planning&capID1=26CAP&capID2=00000&capID3=01ZWS&agencyCode=TAMPA"}}, {"type": "Feature", "id": 19, "geometry": {"type": "Point", "coordinates": [-82.46254949954971, 27.940976999711136]}, "properties": {"OBJECTID": 19, "RECORDID": "ARC-26-0000415", "ADDRESS": "306 S Plant Ave", "UNIT": "", "APPSTATUS": "Awaiting Client Reply", "TEANTATIVEHEARING": "N/A", "TENTATIVETIME": "N/A", "RECORDALIAS": "Architectural Review Commission - Certificate of Appropriateness", "MAPDOT": "Architectural Review Commission", "CRA": null, "NEIGHBORHOOD": "Hyde Park Spanishtown Creek", "COUNCILDISTRICT": "4", "CREATED": "Accela", "CREATEDDATE": 1787272259000, "LASTEDITOR": "GIS", "LASTUPDATE": 1787272259000, "URL": "https://aca-prod.accela.com/TAMPA/Cap/CapDetail.aspx?Module=Planning&TabName=Planning&capID1=26CAP&capID2=00000&capID3=023CL&agencyCode=TAMPA"}}, {"type": "Feature", "id": 20, "geometry": {"type": "Point", "coordinates": [-82.45718999986994, 27.972108000376917]}, "properties": {"OBJECTID": 20, "RECORDID": "ARC-26-0000439", "ADDRESS": "3014 N Jefferson St", "UNIT": "", "APPSTATUS": "Open", "TEANTATIVEHEARING": "N/A", "TENTATIVETIME": "N/A", "RECORDALIAS": "Architectural Review Commission - Certificate of Appropriateness", "MAPDOT": "Architectural Review Commission", "CRA": null, "NEIGHBORHOOD": "Tampa Heights", "COUNCILDISTRICT": "5", "CREATED": "Accela", "CREATEDDATE": 1787272259000, "LASTEDITOR": "GIS", "LASTUPDATE": 1787272259000, "URL": "https://aca-prod.accela.com/TAMPA/Cap/CapDetail.aspx?Module=Planning&TabName=Planning&capID1=26CAP&capID2=00000&capID3=028BK&agencyCode=TAMPA"}}, {"type": "Feature", "id": 21, "geometry": {"type": "Point", "coordinates": [-82.47244499979637, 27.941282999616735]}, "properties": {"OBJECTID": 21, "RECORDID": "ARC-26-0000438", "ADDRESS": "310 S Willow Ave", "UNIT": "B", "APPSTATUS": "In Process", "TEANTATIVEHEARING": "N/A", "TENTATIVETIME": "N/A", "RECORDALIAS": "Architectural Review Commission - Certificate of Appropriateness", "MAPDOT": "Architectural Review Commission", "CRA": null, "NEIGHBORHOOD": "Hyde Park Spanishtown Creek", "COUNCILDISTRICT": "4", "CREATED": "Accela", "CREATEDDATE": 1787272259000, "LASTEDITOR": "GIS", "LASTUPDATE": 1787272259000, "URL": "https://aca-prod.accela.com/TAMPA/Cap/CapDetail.aspx?Module=Planning&TabName=Planning&capID1=26CAP&capID2=00000&capID3=028AG&agencyCode=TAMPA"}}, {"type": "Feature", "id": 22, "geometry": {"type": "Point", "coordinates": [-82.45864350029994, 27.962972999818778]}, "properties": {"OBJECTID": 22, "RECORDID": "ARC-26-0000436", "ADDRESS": "207 E Ross Ave", "UNIT": "", "APPSTATUS": "In Process", "TEANTATIVEHEARING": "11/02/2026", "TENTATIVETIME": "17:30", "RECORDALIAS": "Architectural Review Commission - Certificate of Appropriateness", "MAPDOT": "Architectural Review Commission", "CRA": null, "NEIGHBORHOOD": "Tampa Heights", "COUNCILDISTRICT": "5", "CREATED": "Accela", "CREATEDDATE": 1787272259000, "LASTEDITOR": "GIS", "LASTUPDATE": 1787272259000, "URL": "https://aca-prod.accela.com/TAMPA/Cap/CapDetail.aspx?Module=Planning&TabName=Planning&capID1=26CAP&capID2=00000&capID3=027MI&agencyCode=TAMPA"}}, {"type": "Feature", "id": 23, "geometry": {"type": "Point", "coordinates": [-82.45719000045796, 27.969282000004338]}, "properties": {"OBJECTID": 23, "RECORDID": "ARC-26-0000435", "ADDRESS": "2810 N Jefferson St", "UNIT": "", "APPSTATUS": "Awaiting Client Reply", "TEANTATIVEHEARING": "N/A", "TENTATIVETIME": "N/A", "RECORDALIAS": "Architectural Review Commission - Certificate of Appropriateness", "MAPDOT": "Architectural Review Commission", "CRA": null, "NEIGHBORHOOD": "Tampa Heights", "COUNCILDISTRICT": "5", "CREATED": "Accela", "CREATEDDATE": 1787272259000, "LASTEDITOR": "GIS", "LASTUPDATE": 1787272259000, "URL": "https://aca-prod.accela.com/TAMPA/Cap/CapDetail.aspx?Module=Planning&TabName=Planning&capID1=26CAP&capID2=00000&capID3=027FT&agencyCode=TAMPA"}}, {"type": "Feature", "id": 24, "geometry": {"type": "Point", "coordinates": [-82.42886249986964, 27.9638999998473]}, "properties": {"OBJECTID": 24, "RECORDID": "BLC-26-0000094", "ADDRESS": "2710 E 12th Ave", "UNIT": "", "APPSTATUS": "Awaiting Client Reply", "TEANTATIVEHEARING": "N/A", "TENTATIVETIME": "N/A", "RECORDALIAS": "Barrio Latino Commission - Certificate of Appropriateness", "MAPDOT": "Barrio Latino Commission - Certificate of Appropriateness", "CRA": null, "NEIGHBORHOOD": "Historic East Ybor and Gary", "COUNCILDISTRICT": "5", "CREATED": "Accela", "CREATEDDATE": 1787272259000, "LASTEDITOR": "GIS", "LASTUPDATE": 1787272259000, "URL": "https://aca-prod.accela.com/TAMPA/Cap/CapDetail.aspx?Module=Planning&TabName=Planning&capID1=26CAP&capID2=00000&capID3=00EOG&agencyCode=TAMPA"}}, {"type": "Feature", "id": 25, "geometry": {"type": "Point", "coordinates": [-82.46794950021922, 27.933894000326823]}, "properties": {"OBJECTID": 25, "RECORDID": "ARCTAX-26-0000003", "ADDRESS": "829 Bayshore Blvd", "UNIT": "", "APPSTATUS": "In Process", "TEANTATIVEHEARING": "N/A", "TENTATIVETIME": "N/A", "RECORDALIAS": "Architectural Review Commission Tax - Pre Rehabilitation", "MAPDOT": "Architectural Review Commission", "CRA": null, "NEIGHBORHOOD": "Hyde Park Preservation", "COUNCILDISTRICT": "4", "CREATED": "Accela", "CREATEDDATE": 1787272259000, "LASTEDITOR": "GIS", "LASTUPDATE": 1787272259000, "URL": "https://aca-prod.accela.com/TAMPA/Cap/CapDetail.aspx?Module=Planning&TabName=Planning&capID1=26CAP&capID2=00000&capID3=00MJZ&agencyCode=TAMPA"}}, {"type": "Feature", "id": 26, "geometry": {"type": "Point", "coordinates": [-82.45749149970662, 27.994797000452326]}, "properties": {"OBJECTID": 26, "RECORDID": "ARC-26-0000303", "ADDRESS": "5208 N Branch Ave", "UNIT": "", "APPSTATUS": "Awaiting Client Reply", "TEANTATIVEHEARING": "07/06/2026", "TENTATIVETIME": "17:30", "RECORDALIAS": "Architectural Review Commission - Certificate of Appropriateness", "MAPDOT": "Architectural Review Commission", "CRA": null, "NEIGHBORHOOD": "Old Seminole Heights", "COUNCILDISTRICT": "6", "CREATED": "Accela", "CREATEDDATE": 1787272259000, "LASTEDITOR": "GIS", "LASTUPDATE": 1787272259000, "URL": "https://aca-prod.accela.com/TAMPA/Cap/CapDetail.aspx?Module=Planning&TabName=Planning&capID1=26CAP&capID2=00000&capID3=00SH7&agencyCode=TAMPA"}}, {"type": "Feature", "id": 27, "geometry": {"type": "Point", "coordinates": [-82.4729985001087, 27.935505000282163]}, "properties": {"OBJECTID": 27, "RECORDID": "ARC-26-0000338", "ADDRESS": "809 S Willow Ave", "UNIT": "", "APPSTATUS": "Awaiting Client Reply", "TEANTATIVEHEARING": "N/A", "TENTATIVETIME": "N/A", "RECORDALIAS": "Architectural Review Commission - Certificate of Appropriateness", "MAPDOT": "Architectural Review Commission", "CRA": null, "NEIGHBORHOOD": "Hyde Park Preservation", "COUNCILDISTRICT": "4", "CREATED": "Accela", "CREATEDDATE": 1787272259000, "LASTEDITOR": "GIS", "LASTUPDATE": 1787272259000, "URL": "https://aca-prod.accela.com/TAMPA/Cap/CapDetail.aspx?Module=Planning&TabName=Planning&capID1=26CAP&capID2=00000&capID3=01OKZ&agencyCode=TAMPA"}}, {"type": "Feature", "id": 28, "geometry": {"type": "Point", "coordinates": [-82.46279699966956, 27.959913000025473]}, "properties": {"OBJECTID": 28, "RECORDID": "ARC-26-0000340", "ADDRESS": "1810 N Highland Ave", "UNIT": "", "APPSTATUS": "In Process", "TEANTATIVEHEARING": "08/05/2026", "TENTATIVETIME": "17:30", "RECORDALIAS": "Architectural Review Commission - Certificate of Appropriateness", "MAPDOT": "Architectural Review Commission", "CRA": "Tampa Heights Riverfront", "NEIGHBORHOOD": "Tampa Heights", "COUNCILDISTRICT": "5", "CREATED": "Accela", "CREATEDDATE": 1787272259000, "LASTEDITOR": "GIS", "LASTUPDATE": 1787272259000, "URL": "https://aca-prod.accela.com/TAMPA/Cap/CapDetail.aspx?Module=Planning&TabName=Planning&capID1=26CAP&capID2=00000&capID3=01S5V&agencyCode=TAMPA"}}, {"type": "Feature", "id": 29, "geometry": {"type": "Point", "coordinates": [-82.45192500023634, 27.95207399969884]}, "properties": {"OBJECTID": 29, "RECORDID": "ARC-26-0000342", "ADDRESS": "851 E Zack St", "UNIT": "", "APPSTATUS": "In Process", "TEANTATIVEHEARING": "09/02/2026", "TENTATIVETIME": "17:30", "RECORDALIAS": "Architectural Review Commission - Certificate of Appropriateness", "MAPDOT": "Architectural Review Commission", "CRA": "Downtown Core", "NEIGHBORHOOD": "Tampa Downtown Partnership", "COUNCILDISTRICT": "5", "CREATED": "Accela", "CREATEDDATE": 1787272259000, "LASTEDITOR": "GIS", "LASTUPDATE": 1787272259000, "URL": "https://aca-prod.accela.com/TAMPA/Cap/CapDetail.aspx?Module=Planning&TabName=Planning&capID1=26CAP&capID2=00000&capID3=01SKD&agencyCode=TAMPA"}}, {"type": "Feature", "id": 30, "geometry": {"type": "Point", "coordinates": [-82.46411099964557, 27.94561199990107]}, "properties": {"OBJECTID": 30, "RECORDID": "ARC-26-0000352", "ADDRESS": "401 W Kennedy Blvd", "UNIT": "F", "APPSTATUS": "In Process", "TEANTATIVEHEARING": "09/09/2026", "TENTATIVETIME": "N/A", "RECORDALIAS": "Architectural Review Commission - Certificate of Appropriateness", "MAPDOT": "Architectural Review Commission", "CRA": null, "NEIGHBORHOOD": "University of Tampa", "COUNCILDISTRICT": "4", "CREATED": "Accela", "CREATEDDATE": 1787272259000, "LASTEDITOR": "GIS", "LASTUPDATE": 1787272259000, "URL": "https://aca-prod.accela.com/TAMPA/Cap/CapDetail.aspx?Module=Planning&TabName=Planning&capID1=26CAP&capID2=00000&capID3=01UYR&agencyCode=TAMPA"}}, {"type": "Feature", "id": 31, "geometry": {"type": "Point", "coordinates": [-82.44841950042013, 27.963521999872654]}, "properties": {"OBJECTID": 31, "RECORDID": "BLC-26-0000160", "ADDRESS": "930 E 11th Ave", "UNIT": "", "APPSTATUS": "In Process", "TEANTATIVEHEARING": "N/A", "TENTATIVETIME": "N/A", "RECORDALIAS": "Barrio Latino Commission - Certificate of Appropriateness", "MAPDOT": "Barrio Latino Commission - Certificate of Appropriateness", "CRA": "Ybor City 2", "NEIGHBORHOOD": "Historic Ybor", "COUNCILDISTRICT": "5", "CREATED": "Accela", "CREATEDDATE": 1787272259000, "LASTEDITOR": "GIS", "LASTUPDATE": 1787272259000, "URL": "https://aca-prod.accela.com/TAMPA/Cap/CapDetail.aspx?Module=Planning&TabName=Planning&capID1=26CAP&capID2=00000&capID3=01VJQ&agencyCode=TAMPA"}}, {"type": "Feature", "id": 32, "geometry": {"type": "Point", "coordinates": [-82.47298949975522, 27.937143000035135]}, "properties": {"OBJECTID": 32, "RECORDID": "ARC-26-0000374", "ADDRESS": "1302 W Swann Ave", "UNIT": "", "APPSTATUS": "In Process", "TEANTATIVEHEARING": "09/02/2026", "TENTATIVETIME": "17:30", "RECORDALIAS": "Architectural Review Commission - Recommendation", "MAPDOT": "Architectural Review Commission", "CRA": null, "NEIGHBORHOOD": "Hyde Park Preservation", "COUNCILDISTRICT": "4", "CREATED": "Accela", "CREATEDDATE": 1787272259000, "LASTEDITOR": "GIS", "LASTUPDATE": 1787272259000, "URL": "https://aca-prod.accela.com/TAMPA/Cap/CapDetail.aspx?Module=Planning&TabName=Planning&capID1=26CAP&capID2=00000&capID3=01XMS&agencyCode=TAMPA"}}, {"type": "Feature", "id": 33, "geometry": {"type": "Point", "coordinates": [-82.45694250009075, 27.961955999607923]}, "properties": {"OBJECTID": 33, "RECORDID": "ARC-26-0000376", "ADDRESS": "311 E Palm Ave", "UNIT": "", "APPSTATUS": "Awaiting Client Reply", "TEANTATIVEHEARING": "N/A", "TENTATIVETIME": "N/A", "RECORDALIAS": "Architectural Review Commission - Certificate of Appropriateness", "MAPDOT": "Architectural Review Commission", "CRA": null, "NEIGHBORHOOD": "Tampa Heights", "COUNCILDISTRICT": "5", "CREATED": "Accela", "CREATEDDATE": 1787272259000, "LASTEDITOR": "GIS", "LASTUPDATE": 1787272259000, "URL": "https://aca-prod.accela.com/TAMPA/Cap/CapDetail.aspx?Module=Planning&TabName=Planning&capID1=26CAP&capID2=00000&capID3=01XNL&agencyCode=TAMPA"}}, {"type": "Feature", "id": 34, "geometry": {"type": "Point", "coordinates": [-82.46887649991542, 27.936432000021455]}, "properties": {"OBJECTID": 34, "RECORDID": "ARC-26-0000378", "ADDRESS": "719 S Boulevard", "UNIT": "", "APPSTATUS": "In Process", "TEANTATIVEHEARING": "N/A", "TENTATIVETIME": "N/A", "RECORDALIAS": "Architectural Review Commission - Certificate of Appropriateness", "MAPDOT": "Architectural Review Commission", "CRA": null, "NEIGHBORHOOD": "Hyde Park Preservation", "COUNCILDISTRICT": "4", "CREATED": "Accela", "CREATEDDATE": 1787272259000, "LASTEDITOR": "GIS", "LASTUPDATE": 1787272259000, "URL": "https://aca-prod.accela.com/TAMPA/Cap/CapDetail.aspx?Module=Planning&TabName=Planning&capID1=26CAP&capID2=00000&capID3=01XR8&agencyCode=TAMPA"}}, {"type": "Feature", "id": 35, "geometry": {"type": "Point", "coordinates": [-82.45444410908357, 27.99980159555615]}, "properties": {"OBJECTID": 35, "RECORDID": "ARC-26-0000379", "ADDRESS": "5804 N Cherokee Ave", "UNIT": "", "APPSTATUS": "In Process", "TEANTATIVEHEARING": "10/05/2026", "TENTATIVETIME": "17:30", "RECORDALIAS": "Architectural Review Commission - Certificate of Appropriateness", "MAPDOT": "Architectural Review Commission", "CRA": null, "NEIGHBORHOOD": "Old Seminole Heights", "COUNCILDISTRICT": "6", "CREATED": "Accela", "CREATEDDATE": 1787272259000, "LASTEDITOR": "GIS", "LASTUPDATE": 1787272259000, "URL": "https://aca-prod.accela.com/TAMPA/Cap/CapDetail.aspx?Module=Planning&TabName=Planning&capID1=26CAP&capID2=00000&capID3=01XRS&agencyCode=TAMPA"}}, {"type": "Feature", "id": 36, "geometry": {"type": "Point", "coordinates": [-82.48090049980887, 27.927638999621966]}, "properties": {"OBJECTID": 36, "RECORDID": "ARC-26-0000384", "ADDRESS": "1502 Nance Ave", "UNIT": "", "APPSTATUS": "In Process", "TEANTATIVEHEARING": "10/05/2026", "TENTATIVETIME": "17:30", "RECORDALIAS": "Architectural Review Commission - Certificate of Appropriateness", "MAPDOT": "Architectural Review Commission", "CRA": null, "NEIGHBORHOOD": "Historic Hyde Park", "COUNCILDISTRICT": "4", "CREATED": "Accela", "CREATEDDATE": 1787272259000, "LASTEDITOR": "GIS", "LASTUPDATE": 1787272259000, "URL": "https://aca-prod.accela.com/TAMPA/Cap/CapDetail.aspx?Module=Planning&TabName=Planning&capID1=26CAP&capID2=00000&capID3=01YKH&agencyCode=TAMPA"}}, {"type": "Feature", "id": 37, "geometry": {"type": "Point", "coordinates": [-82.45565099964686, 28.002212999579957]}, "properties": {"OBJECTID": 37, "RECORDID": "ARC-26-0000388", "ADDRESS": "6008 N Central Ave", "UNIT": "", "APPSTATUS": "Awaiting Client Reply", "TEANTATIVEHEARING": "N/A", "TENTATIVETIME": "N/A", "RECORDALIAS": "Architectural Review Commission - Certificate of Appropriateness", "MAPDOT": "Architectural Review Commission", "CRA": null, "NEIGHBORHOOD": "Old Seminole Heights", "COUNCILDISTRICT": "6", "CREATED": "Accela", "CREATEDDATE": 1787272259000, "LASTEDITOR": "GIS", "LASTUPDATE": 1787272259000, "URL": "https://aca-prod.accela.com/TAMPA/Cap/CapDetail.aspx?Module=Planning&TabName=Planning&capID1=26CAP&capID2=00000&capID3=01ZKB&agencyCode=TAMPA"}}, {"type": "Feature", "id": 38, "geometry": {"type": "Point", "coordinates": [-82.48115249956449, 27.93269699976621]}, "properties": {"OBJECTID": 38, "RECORDID": "ARC-26-0000407", "ADDRESS": "1900 W Jetton Ave", "UNIT": "", "APPSTATUS": "Awaiting Client Reply", "TEANTATIVEHEARING": "N/A", "TENTATIVETIME": "N/A", "RECORDALIAS": "Architectural Review Commission - Certificate of Appropriateness", "MAPDOT": "Architectural Review Commission", "CRA": null, "NEIGHBORHOOD": "Historic Hyde Park", "COUNCILDISTRICT": "4", "CREATED": "Accela", "CREATEDDATE": 1787272259000, "LASTEDITOR": "GIS", "LASTUPDATE": 1787272259000, "URL": "https://aca-prod.accela.com/TAMPA/Cap/CapDetail.aspx?Module=Planning&TabName=Planning&capID1=26CAP&capID2=00000&capID3=021XI&agencyCode=TAMPA"}}, {"type": "Feature", "id": 39, "geometry": {"type": "Point", "coordinates": [-82.43942849997698, 27.95760900014022]}, "properties": {"OBJECTID": 39, "RECORDID": "BLC-26-0000185", "ADDRESS": "1722 E 3rd Ave", "UNIT": "", "APPSTATUS": "In Process", "TEANTATIVEHEARING": "N/A", "TENTATIVETIME": "N/A", "RECORDALIAS": "Barrio Latino Commission - Certificate of Appropriateness", "MAPDOT": "Barrio Latino Commission - Certificate of Appropriateness", "CRA": null, "NEIGHBORHOOD": "Historic Ybor", "COUNCILDISTRICT": "5", "CREATED": "Accela", "CREATEDDATE": 1787272259000, "LASTEDITOR": "GIS", "LASTUPDATE": 1787272259000, "URL": "https://aca-prod.accela.com/TAMPA/Cap/CapDetail.aspx?Module=Planning&TabName=Planning&capID1=26CAP&capID2=00000&capID3=026QK&agencyCode=TAMPA"}}, {"type": "Feature", "id": 40, "geometry": {"type": "Point", "coordinates": [-82.48268250002089, 27.9266040003228]}, "properties": {"OBJECTID": 40, "RECORDID": "ARC-26-0000431", "ADDRESS": "2109 Bayshore Blvd", "UNIT": "104", "APPSTATUS": "Awaiting Client Reply", "TEANTATIVEHEARING": "N/A", "TENTATIVETIME": "N/A", "RECORDALIAS": "Architectural Review Commission - Certificate of Appropriateness", "MAPDOT": "Architectural Review Commission", "CRA": null, "NEIGHBORHOOD": "Historic Hyde Park", "COUNCILDISTRICT": "4", "CREATED": "Accela", "CREATEDDATE": 1787272259000, "LASTEDITOR": "GIS", "LASTUPDATE": 1787272259000, "URL": "https://aca-prod.accela.com/TAMPA/Cap/CapDetail.aspx?Module=Planning&TabName=Planning&capID1=26CAP&capID2=00000&capID3=026LU&agencyCode=TAMPA"}}, {"type": "Feature", "id": 41, "geometry": {"type": "Point", "coordinates": [-82.45719000045796, 27.969282000004338]}, "properties": {"OBJECTID": 41, "RECORDID": "ARC-26-0000428", "ADDRESS": "2810 N Jefferson St", "UNIT": "", "APPSTATUS": "Awaiting Client Reply", "TEANTATIVEHEARING": "N/A", "TENTATIVETIME": "N/A", "RECORDALIAS": "Architectural Review Commission - Certificate of Appropriateness", "MAPDOT": "Architectural Review Commission", "CRA": null, "NEIGHBORHOOD": "Tampa Heights", "COUNCILDISTRICT": "5", "CREATED": "Accela", "CREATEDDATE": 1787272259000, "LASTEDITOR": "GIS", "LASTUPDATE": 1787272259000, "URL": "https://aca-prod.accela.com/TAMPA/Cap/CapDetail.aspx?Module=Planning&TabName=Planning&capID1=26CAP&capID2=00000&capID3=026HZ&agencyCode=TAMPA"}}, {"type": "Feature", "id": 42, "geometry": {"type": "Point", "coordinates": [-82.48130549955388, 27.93237299975844]}, "properties": {"OBJECTID": 42, "RECORDID": "ARC-26-0000426", "ADDRESS": "2103 W Watrous Ave", "UNIT": "1/2", "APPSTATUS": "Awaiting Client Reply", "TEANTATIVEHEARING": "N/A", "TENTATIVETIME": "N/A", "RECORDALIAS": "Architectural Review Commission - Certificate of Appropriateness", "MAPDOT": "Architectural Review Commission", "CRA": null, "NEIGHBORHOOD": "Historic Hyde Park", "COUNCILDISTRICT": "4", "CREATED": "Accela", "CREATEDDATE": 1787272259000, "LASTEDITOR": "GIS", "LASTUPDATE": 1787272259000, "URL": "https://aca-prod.accela.com/TAMPA/Cap/CapDetail.aspx?Module=Planning&TabName=Planning&capID1=26CAP&capID2=00000&capID3=0262S&agencyCode=TAMPA"}}, {"type": "Feature", "id": 43, "geometry": {"type": "Point", "coordinates": [-82.45764449959341, 27.99752399982445]}, "properties": {"OBJECTID": 43, "RECORDID": "ARC-26-0000423", "ADDRESS": "5508 N Branch Ave", "UNIT": "", "APPSTATUS": "Awaiting Client Reply", "TEANTATIVEHEARING": "N/A", "TENTATIVETIME": "N/A", "RECORDALIAS": "Architectural Review Commission - Certificate of Appropriateness", "MAPDOT": "Architectural Review Commission", "CRA": null, "NEIGHBORHOOD": "Old Seminole Heights", "COUNCILDISTRICT": "6", "CREATED": "Accela", "CREATEDDATE": 1787272259000, "LASTEDITOR": "GIS", "LASTUPDATE": 1787272259000, "URL": "https://aca-prod.accela.com/TAMPA/Cap/CapDetail.aspx?Module=Planning&TabName=Planning&capID1=26CAP&capID2=00000&capID3=025NA&agencyCode=TAMPA"}}, {"type": "Feature", "id": 44, "geometry": {"type": "Point", "coordinates": [-82.46886750030899, 27.936279000329183]}, "properties": {"OBJECTID": 44, "RECORDID": "ARC-26-0000422", "ADDRESS": "721 S Boulevard", "UNIT": "", "APPSTATUS": "In Process", "TEANTATIVEHEARING": "N/A", "TENTATIVETIME": "N/A", "RECORDALIAS": "Architectural Review Commission - Certificate of Appropriateness", "MAPDOT": "Architectural Review Commission", "CRA": null, "NEIGHBORHOOD": "Hyde Park Preservation", "COUNCILDISTRICT": "4", "CREATED": "Accela", "CREATEDDATE": 1787272259000, "LASTEDITOR": "GIS", "LASTUPDATE": 1787272259000, "URL": "https://aca-prod.accela.com/TAMPA/Cap/CapDetail.aspx?Module=Planning&TabName=Planning&capID1=26CAP&capID2=00000&capID3=025GB&agencyCode=TAMPA"}}, {"type": "Feature", "id": 45, "geometry": {"type": "Point", "coordinates": [-82.4725395003709, 27.933830999659193]}, "properties": {"OBJECTID": 45, "RECORDID": "ARC-26-0000421", "ADDRESS": "850 S Willow Ave", "UNIT": "", "APPSTATUS": "Open", "TEANTATIVEHEARING": "N/A", "TENTATIVETIME": "N/A", "RECORDALIAS": "Architectural Review Commission - Certificate of Appropriateness", "MAPDOT": "Architectural Review Commission", "CRA": null, "NEIGHBORHOOD": "Hyde Park Preservation", "COUNCILDISTRICT": "4", "CREATED": "Accela", "CREATEDDATE": 1787272259000, "LASTEDITOR": "GIS", "LASTUPDATE": 1787272259000, "URL": "https://aca-prod.accela.com/TAMPA/Cap/CapDetail.aspx?Module=Planning&TabName=Planning&capID1=26CAP&capID2=00000&capID3=0252B&agencyCode=TAMPA"}}, {"type": "Feature", "id": 46, "geometry": {"type": "Point", "coordinates": [-82.52189549994912, 27.94157100016845]}, "properties": {"OBJECTID": 46, "RECORDID": "ARC-26-0000419", "ADDRESS": "4521 W Azeele St", "UNIT": "", "APPSTATUS": "Awaiting Client Reply", "TEANTATIVEHEARING": "N/A", "TENTATIVETIME": "N/A", "RECORDALIAS": "Architectural Review Commission - Certificate of Appropriateness", "MAPDOT": "Architectural Review Commission", "CRA": null, "NEIGHBORHOOD": "Beach Park", "COUNCILDISTRICT": "6", "CREATED": "Accela", "CREATEDDATE": 1787272259000, "LASTEDITOR": "GIS", "LASTUPDATE": 1787272259000, "URL": "https://aca-prod.accela.com/TAMPA/Cap/CapDetail.aspx?Module=Planning&TabName=Planning&capID1=26CAP&capID2=00000&capID3=024C3&agencyCode=TAMPA"}}, {"type": "Feature", "id": 47, "geometry": {"type": "Point", "coordinates": [-82.44029699989026, 27.957537000453243]}, "properties": {"OBJECTID": 47, "RECORDID": "BLC-26-0000180", "ADDRESS": "1704 E 3rd Ave", "UNIT": "", "APPSTATUS": "In Process", "TEANTATIVEHEARING": "N/A", "TENTATIVETIME": "N/A", "RECORDALIAS": "Barrio Latino Commission - Certificate of Appropriateness", "MAPDOT": "Barrio Latino Commission - Certificate of Appropriateness", "CRA": null, "NEIGHBORHOOD": "Historic Ybor", "COUNCILDISTRICT": "5", "CREATED": "Accela", "CREATEDDATE": 1787272259000, "LASTEDITOR": "GIS", "LASTUPDATE": 1787272259000, "URL": "https://aca-prod.accela.com/TAMPA/Cap/CapDetail.aspx?Module=Planning&TabName=Planning&capID1=26CAP&capID2=00000&capID3=023YY&agencyCode=TAMPA"}}, {"type": "Feature", "id": 48, "geometry": {"type": "Point", "coordinates": [-82.45721250015795, 27.96730199997523]}, "properties": {"OBJECTID": 48, "RECORDID": "ARC-26-0000417", "ADDRESS": "2706 N Jefferson St", "UNIT": "", "APPSTATUS": "Awaiting Client Reply", "TEANTATIVEHEARING": "N/A", "TENTATIVETIME": "N/A", "RECORDALIAS": "Architectural Review Commission - Certificate of Appropriateness", "MAPDOT": "Architectural Review Commission", "CRA": null, "NEIGHBORHOOD": "Tampa Heights", "COUNCILDISTRICT": "5", "CREATED": "Accela", "CREATEDDATE": 1787272259000, "LASTEDITOR": "GIS", "LASTUPDATE": 1787272259000, "URL": "https://aca-prod.accela.com/TAMPA/Cap/CapDetail.aspx?Module=Planning&TabName=Planning&capID1=26CAP&capID2=00000&capID3=023S7&agencyCode=TAMPA"}}, {"type": "Feature", "id": 49, "geometry": {"type": "Point", "coordinates": [-82.46782800047188, 27.934289999681386]}, "properties": {"OBJECTID": 49, "RECORDID": "ARC-26-0000416", "ADDRESS": "825 Bayshore Blvd", "UNIT": "1/2", "APPSTATUS": "Awaiting Client Reply", "TEANTATIVEHEARING": "N/A", "TENTATIVETIME": "N/A", "RECORDALIAS": "Architectural Review Commission - Certificate of Appropriateness", "MAPDOT": "Architectural Review Commission", "CRA": null, "NEIGHBORHOOD": "Hyde Park Preservation", "COUNCILDISTRICT": "4", "CREATED": "Accela", "CREATEDDATE": 1787272259000, "LASTEDITOR": "GIS", "LASTUPDATE": 1787272259000, "URL": "https://aca-prod.accela.com/TAMPA/Cap/CapDetail.aspx?Module=Planning&TabName=Planning&capID1=26CAP&capID2=00000&capID3=023PY&agencyCode=TAMPA"}}, {"type": "Feature", "id": 50, "geometry": {"type": "Point", "coordinates": [-82.46041199962646, 27.959670000163264]}, "properties": {"OBJECTID": 50, "RECORDID": "ARC-26-0000411", "ADDRESS": "1701 N Franklin St", "UNIT": "", "APPSTATUS": "Awaiting Client Reply", "TEANTATIVEHEARING": "N/A", "TENTATIVETIME": "N/A", "RECORDALIAS": "Architectural Review Commission - Certificate of Appropriateness", "MAPDOT": "Architectural Review Commission", "CRA": null, "NEIGHBORHOOD": "Tampa Heights", "COUNCILDISTRICT": "5", "CREATED": "Accela", "CREATEDDATE": 1787272259000, "LASTEDITOR": "GIS", "LASTUPDATE": 1787272259000, "URL": "https://aca-prod.accela.com/TAMPA/Cap/CapDetail.aspx?Module=Planning&TabName=Planning&capID1=26CAP&capID2=00000&capID3=022T1&agencyCode=TAMPA"}}, {"type": "Feature", "id": 51, "geometry": {"type": "Point", "coordinates": [-82.45616849954543, 27.997730999997046]}, "properties": {"OBJECTID": 51, "RECORDID": "ARC-26-0000397", "ADDRESS": "5509 N Seminole Ave", "UNIT": "", "APPSTATUS": "Awaiting Client Reply", "TEANTATIVEHEARING": "N/A", "TENTATIVETIME": "N/A", "RECORDALIAS": "Architectural Review Commission - Certificate of Appropriateness", "MAPDOT": "Architectural Review Commission", "CRA": null, "NEIGHBORHOOD": "Old Seminole Heights", "COUNCILDISTRICT": "6", "CREATED": "Accela", "CREATEDDATE": 1787272259000, "LASTEDITOR": "GIS", "LASTUPDATE": 1787272259000, "URL": "https://aca-prod.accela.com/TAMPA/Cap/CapDetail.aspx?Module=Planning&TabName=Planning&capID1=26CAP&capID2=00000&capID3=02196&agencyCode=TAMPA"}}, {"type": "Feature", "id": 52, "geometry": {"type": "Point", "coordinates": [-82.45679849956605, 27.97145999996469]}, "properties": {"OBJECTID": 52, "RECORDID": "ARC-26-0000394", "ADDRESS": "401 E Hugh St", "UNIT": "", "APPSTATUS": "Awaiting Client Reply", "TEANTATIVEHEARING": "N/A", "TENTATIVETIME": "N/A", "RECORDALIAS": "Architectural Review Commission - Certificate of Appropriateness", "MAPDOT": "Architectural Review Commission", "CRA": null, "NEIGHBORHOOD": "Tampa Heights", "COUNCILDISTRICT": "5", "CREATED": "Accela", "CREATEDDATE": 1787272259000, "LASTEDITOR": "GIS", "LASTUPDATE": 1787272259000, "URL": "https://aca-prod.accela.com/TAMPA/Cap/CapDetail.aspx?Module=Planning&TabName=Planning&capID1=26CAP&capID2=00000&capID3=020LM&agencyCode=TAMPA"}}, {"type": "Feature", "id": 53, "geometry": {"type": "Point", "coordinates": [-82.47298949975522, 27.937143000035135]}, "properties": {"OBJECTID": 53, "RECORDID": "ARC-26-0000375", "ADDRESS": "1302 W Swann Ave", "UNIT": "", "APPSTATUS": "In Process", "TEANTATIVEHEARING": "09/02/2026", "TENTATIVETIME": "17:30", "RECORDALIAS": "Architectural Review Commission - Recommendation", "MAPDOT": "Architectural Review Commission", "CRA": null, "NEIGHBORHOOD": "Hyde Park Preservation", "COUNCILDISTRICT": "4", "CREATED": "Accela", "CREATEDDATE": 1787272259000, "LASTEDITOR": "GIS", "LASTUPDATE": 1787272259000, "URL": "https://aca-prod.accela.com/TAMPA/Cap/CapDetail.aspx?Module=Planning&TabName=Planning&capID1=26CAP&capID2=00000&capID3=01XN0&agencyCode=TAMPA"}}, {"type": "Feature", "id": 54, "geometry": {"type": "Point", "coordinates": [-82.47914550044511, 27.932238000236065]}, "properties": {"OBJECTID": 54, "RECORDID": "ARC-26-0000367", "ADDRESS": "1107 S Fremont Ave", "UNIT": "", "APPSTATUS": "Awaiting Client Reply", "TEANTATIVEHEARING": "N/A", "TENTATIVETIME": "N/A", "RECORDALIAS": "Architectural Review Commission - Certificate of Appropriateness", "MAPDOT": "Architectural Review Commission", "CRA": null, "NEIGHBORHOOD": "Historic Hyde Park", "COUNCILDISTRICT": "4", "CREATED": "Accela", "CREATEDDATE": 1787272259000, "LASTEDITOR": "GIS", "LASTUPDATE": 1787272259000, "URL": "https://aca-prod.accela.com/TAMPA/Cap/CapDetail.aspx?Module=Planning&TabName=Planning&capID1=26CAP&capID2=00000&capID3=01XAN&agencyCode=TAMPA"}}, {"type": "Feature", "id": 55, "geometry": {"type": "Point", "coordinates": [-82.45660950039839, 27.993275999991443]}, "properties": {"OBJECTID": 55, "RECORDID": "ARC-26-0000365", "ADDRESS": "5110 N Seminole Ave", "UNIT": "", "APPSTATUS": "Awaiting Client Reply", "TEANTATIVEHEARING": "N/A", "TENTATIVETIME": "N/A", "RECORDALIAS": "Architectural Review Commission - Certificate of Appropriateness", "MAPDOT": "Architectural Review Commission", "CRA": null, "NEIGHBORHOOD": "Old Seminole Heights", "COUNCILDISTRICT": "6", "CREATED": "Accela", "CREATEDDATE": 1787272259000, "LASTEDITOR": "GIS", "LASTUPDATE": 1787272259000, "URL": "https://aca-prod.accela.com/TAMPA/Cap/CapDetail.aspx?Module=Planning&TabName=Planning&capID1=26CAP&capID2=00000&capID3=01X5B&agencyCode=TAMPA"}}, {"type": "Feature", "id": 56, "geometry": {"type": "Point", "coordinates": [-82.45632600007083, 27.969110999889377]}, "properties": {"OBJECTID": 56, "RECORDID": "ARC-26-0000362", "ADDRESS": "2804 N Central Ct", "UNIT": "", "APPSTATUS": "In Process", "TEANTATIVEHEARING": "10/05/2026", "TENTATIVETIME": "17:30", "RECORDALIAS": "Architectural Review Commission - Certificate of Appropriateness", "MAPDOT": "Architectural Review Commission", "CRA": null, "NEIGHBORHOOD": "Tampa Heights", "COUNCILDISTRICT": "5", "CREATED": "Accela", "CREATEDDATE": 1787272259000, "LASTEDITOR": "GIS", "LASTUPDATE": 1787272259000, "URL": "https://aca-prod.accela.com/TAMPA/Cap/CapDetail.aspx?Module=Planning&TabName=Planning&capID1=26CAP&capID2=00000&capID3=01WLV&agencyCode=TAMPA"}}, {"type": "Feature", "id": 57, "geometry": {"type": "Point", "coordinates": [-82.48306049997413, 27.92925899993772]}, "properties": {"OBJECTID": 57, "RECORDID": "ARC-26-0000361", "ADDRESS": "1350 S Howard Ave", "UNIT": "", "APPSTATUS": "In Process", "TEANTATIVEHEARING": "09/02/2026", "TENTATIVETIME": "17:30", "RECORDALIAS": "Architectural Review Commission - Recommendation", "MAPDOT": "Architectural Review Commission", "CRA": null, "NEIGHBORHOOD": "Historic Hyde Park", "COUNCILDISTRICT": "4", "CREATED": "Accela", "CREATEDDATE": 1787272259000, "LASTEDITOR": "GIS", "LASTUPDATE": 1787272259000, "URL": "https://aca-prod.accela.com/TAMPA/Cap/CapDetail.aspx?Module=Planning&TabName=Planning&capID1=26CAP&capID2=00000&capID3=01WLD&agencyCode=TAMPA"}}, {"type": "Feature", "id": 58, "geometry": {"type": "Point", "coordinates": [-82.4453370003516, 27.96664499976265]}, "properties": {"OBJECTID": 58, "RECORDID": "BLC-26-0000164", "ADDRESS": "1301 E Columbus Dr", "UNIT": "", "APPSTATUS": "In Process", "TEANTATIVEHEARING": "08/25/2026", "TENTATIVETIME": "09:00", "RECORDALIAS": "Barrio Latino Commission - Recommendation", "MAPDOT": "Barrio Latino Commission - Certificate of Appropriateness", "CRA": "East Tampa", "NEIGHBORHOOD": "VM Ybor", "COUNCILDISTRICT": "5", "CREATED": "Accela", "CREATEDDATE": 1787272259000, "LASTEDITOR": "GIS", "LASTUPDATE": 1787272259000, "URL": "https://aca-prod.accela.com/TAMPA/Cap/CapDetail.aspx?Module=Planning&TabName=Planning&capID1=26CAP&capID2=00000&capID3=01W99&agencyCode=TAMPA"}}, {"type": "Feature", "id": 59, "geometry": {"type": "Point", "coordinates": [-82.44721799980427, 27.967194000198898]}, "properties": {"OBJECTID": 59, "RECORDID": "BLC-26-0000162", "ADDRESS": "2706 N 12th St", "UNIT": "", "APPSTATUS": "In Process", "TEANTATIVEHEARING": "10/27/2026", "TENTATIVETIME": "09:00", "RECORDALIAS": "Barrio Latino Commission - Recommendation", "MAPDOT": "Barrio Latino Commission - Certificate of Appropriateness", "CRA": "East Tampa", "NEIGHBORHOOD": "VM Ybor", "COUNCILDISTRICT": "5", "CREATED": "Accela", "CREATEDDATE": 1787272259000, "LASTEDITOR": "GIS", "LASTUPDATE": 1787272259000, "URL": "https://aca-prod.accela.com/TAMPA/Cap/CapDetail.aspx?Module=Planning&TabName=Planning&capID1=26CAP&capID2=00000&capID3=01VZS&agencyCode=TAMPA"}}, {"type": "Feature", "id": 60, "geometry": {"type": "Point", "coordinates": [-82.47607650040386, 27.932831999797678]}, "properties": {"OBJECTID": 60, "RECORDID": "ARCTAX-26-0000004", "ADDRESS": "909 S Dakota Ave", "UNIT": "", "APPSTATUS": "In Process", "TEANTATIVEHEARING": "09/02/2026", "TENTATIVETIME": "17:30", "RECORDALIAS": "Architectural Review Commission Tax - Post Rehabilitation", "MAPDOT": "Architectural Review Commission", "CRA": null, "NEIGHBORHOOD": "Hyde Park Preservation", "COUNCILDISTRICT": "4", "CREATED": "Accela", "CREATEDDATE": 1787272259000, "LASTEDITOR": "GIS", "LASTUPDATE": 1787272259000, "URL": "https://aca-prod.accela.com/TAMPA/Cap/CapDetail.aspx?Module=Planning&TabName=Planning&capID1=26CAP&capID2=00000&capID3=01VWG&agencyCode=TAMPA"}}, {"type": "Feature", "id": 61, "geometry": {"type": "Point", "coordinates": [-82.45719000045796, 27.969282000004338]}, "properties": {"OBJECTID": 61, "RECORDID": "ARC-26-0000349", "ADDRESS": "2810 N Jefferson St", "UNIT": "", "APPSTATUS": "Awaiting Client Reply", "TEANTATIVEHEARING": "N/A", "TENTATIVETIME": "N/A", "RECORDALIAS": "Architectural Review Commission - Certificate of Appropriateness", "MAPDOT": "Architectural Review Commission", "CRA": null, "NEIGHBORHOOD": "Tampa Heights", "COUNCILDISTRICT": "5", "CREATED": "Accela", "CREATEDDATE": 1787272259000, "LASTEDITOR": "GIS", "LASTUPDATE": 1787272259000, "URL": "https://aca-prod.accela.com/TAMPA/Cap/CapDetail.aspx?Module=Planning&TabName=Planning&capID1=26CAP&capID2=00000&capID3=01TBF&agencyCode=TAMPA"}}, {"type": "Feature", "id": 62, "geometry": {"type": "Point", "coordinates": [-82.47969899992246, 27.93303899978827]}, "properties": {"OBJECTID": 62, "RECORDID": "ARC-26-0000346", "ADDRESS": "1807 W Jetton Ave", "UNIT": "A", "APPSTATUS": "In Process", "TEANTATIVEHEARING": "10/05/2026", "TENTATIVETIME": "17:30", "RECORDALIAS": "Architectural Review Commission - Certificate of Appropriateness", "MAPDOT": "Architectural Review Commission", "CRA": null, "NEIGHBORHOOD": "Historic Hyde Park", "COUNCILDISTRICT": "4", "CREATED": "Accela", "CREATEDDATE": 1787272259000, "LASTEDITOR": "GIS", "LASTUPDATE": 1787272259000, "URL": "https://aca-prod.accela.com/TAMPA/Cap/CapDetail.aspx?Module=Planning&TabName=Planning&capID1=26CAP&capID2=00000&capID3=01T79&agencyCode=TAMPA"}}, {"type": "Feature", "id": 63, "geometry": {"type": "Point", "coordinates": [-82.46769750008391, 27.935118000396045]}, "properties": {"OBJECTID": 63, "RECORDID": "ARC-26-0000336", "ADDRESS": "819 Bayshore Blvd", "UNIT": "", "APPSTATUS": "Awaiting Client Reply", "TEANTATIVEHEARING": "N/A", "TENTATIVETIME": "N/A", "RECORDALIAS": "Architectural Review Commission - Certificate of Appropriateness", "MAPDOT": "Architectural Review Commission", "CRA": null, "NEIGHBORHOOD": "Hyde Park Preservation", "COUNCILDISTRICT": "4", "CREATED": "Accela", "CREATEDDATE": 1787272259000, "LASTEDITOR": "GIS", "LASTUPDATE": 1787272259000, "URL": "https://aca-prod.accela.com/TAMPA/Cap/CapDetail.aspx?Module=Planning&TabName=Planning&capID1=26CAP&capID2=00000&capID3=00WWJ&agencyCode=TAMPA"}}, {"type": "Feature", "id": 64, "geometry": {"type": "Point", "coordinates": [-82.44086850024048, 27.959336999698337]}, "properties": {"OBJECTID": 64, "RECORDID": "BLC-26-0000148", "ADDRESS": "1611 E 6th Ave", "UNIT": "U-1", "APPSTATUS": "In Process", "TEANTATIVEHEARING": "N/A", "TENTATIVETIME": "N/A", "RECORDALIAS": "Barrio Latino Commission - Certificate of Appropriateness", "MAPDOT": "Barrio Latino Commission - Certificate of Appropriateness", "CRA": "Ybor City 2", "NEIGHBORHOOD": "Historic Ybor", "COUNCILDISTRICT": "5", "CREATED": "Accela", "CREATEDDATE": 1787272259000, "LASTEDITOR": "GIS", "LASTUPDATE": 1787272259000, "URL": "https://aca-prod.accela.com/TAMPA/Cap/CapDetail.aspx?Module=Planning&TabName=Planning&capID1=26CAP&capID2=00000&capID3=00VRQ&agencyCode=TAMPA"}}, {"type": "Feature", "id": 65, "geometry": {"type": "Point", "coordinates": [-82.43873999985556, 27.958653000292735]}, "properties": {"OBJECTID": 65, "RECORDID": "BLC-26-0000141", "ADDRESS": "1811 E 5th Ave", "UNIT": "", "APPSTATUS": "Awaiting Client Reply", "TEANTATIVEHEARING": "N/A", "TENTATIVETIME": "N/A", "RECORDALIAS": "Barrio Latino Commission - Certificate of Appropriateness", "MAPDOT": "Barrio Latino Commission - Certificate of Appropriateness", "CRA": "Ybor City 2", "NEIGHBORHOOD": "Historic Ybor", "COUNCILDISTRICT": "5", "CREATED": "Accela", "CREATEDDATE": 1787272259000, "LASTEDITOR": "GIS", "LASTUPDATE": 1787272259000, "URL": "https://aca-prod.accela.com/TAMPA/Cap/CapDetail.aspx?Module=Planning&TabName=Planning&capID1=26CAP&capID2=00000&capID3=00U7A&agencyCode=TAMPA"}}, {"type": "Feature", "id": 66, "geometry": {"type": "Point", "coordinates": [-82.43276400005968, 27.963792000197937]}, "properties": {"OBJECTID": 66, "RECORDID": "BLC-26-0000135", "ADDRESS": "2320 E 12th Ave", "UNIT": "", "APPSTATUS": "Awaiting Client Reply", "TEANTATIVEHEARING": "N/A", "TENTATIVETIME": "N/A", "RECORDALIAS": "Barrio Latino Commission - Certificate of Appropriateness", "MAPDOT": "Barrio Latino Commission - Certificate of Appropriateness", "CRA": "Ybor City 2", "NEIGHBORHOOD": "Historic East Ybor and Gary", "COUNCILDISTRICT": "5", "CREATED": "Accela", "CREATEDDATE": 1787272259000, "LASTEDITOR": "GIS", "LASTUPDATE": 1787272259000, "URL": "https://aca-prod.accela.com/TAMPA/Cap/CapDetail.aspx?Module=Planning&TabName=Planning&capID1=26CAP&capID2=00000&capID3=00T83&agencyCode=TAMPA"}}, {"type": "Feature", "id": 67, "geometry": {"type": "Point", "coordinates": [-82.48184099979754, 27.927810000177885]}, "properties": {"OBJECTID": 67, "RECORDID": "ARC-26-0000306", "ADDRESS": "1410 S De Soto Ave", "UNIT": "", "APPSTATUS": "In Process", "TEANTATIVEHEARING": "10/05/2026", "TENTATIVETIME": "17:30", "RECORDALIAS": "Architectural Review Commission - Certificate of Appropriateness", "MAPDOT": "Architectural Review Commission", "CRA": null, "NEIGHBORHOOD": "Historic Hyde Park", "COUNCILDISTRICT": "4", "CREATED": "Accela", "CREATEDDATE": 1787272259000, "LASTEDITOR": "GIS", "LASTUPDATE": 1787272259000, "URL": "https://aca-prod.accela.com/TAMPA/Cap/CapDetail.aspx?Module=Planning&TabName=Planning&capID1=26CAP&capID2=00000&capID3=00SPD&agencyCode=TAMPA"}}, {"type": "Feature", "id": 68, "geometry": {"type": "Point", "coordinates": [-82.4398110001669, 27.95633099991099]}, "properties": {"OBJECTID": 68, "RECORDID": "BLC-26-0000134", "ADDRESS": "1701 E 2nd Ave", "UNIT": "", "APPSTATUS": "In Process", "TEANTATIVEHEARING": "N/A", "TENTATIVETIME": "N/A", "RECORDALIAS": "Barrio Latino Commission - Recommendation", "MAPDOT": "Barrio Latino Commission - Certificate of Appropriateness", "CRA": null, "NEIGHBORHOOD": "Historic Ybor", "COUNCILDISTRICT": "5", "CREATED": "Accela", "CREATEDDATE": 1787272259000, "LASTEDITOR": "GIS", "LASTUPDATE": 1787272259000, "URL": "https://aca-prod.accela.com/TAMPA/Cap/CapDetail.aspx?Module=Planning&TabName=Planning&capID1=26CAP&capID2=00000&capID3=00SIG&agencyCode=TAMPA"}}, {"type": "Feature", "id": 69, "geometry": {"type": "Point", "coordinates": [-82.45774349988456, 27.97009200003602]}, "properties": {"OBJECTID": 69, "RECORDID": "ARC-26-0000301", "ADDRESS": "2821 N Morgan St", "UNIT": "", "APPSTATUS": "In Process", "TEANTATIVEHEARING": "08/03/2026", "TENTATIVETIME": "17:30", "RECORDALIAS": "Architectural Review Commission - Certificate of Appropriateness", "MAPDOT": "Architectural Review Commission", "CRA": null, "NEIGHBORHOOD": "Tampa Heights", "COUNCILDISTRICT": "5", "CREATED": "Accela", "CREATEDDATE": 1787272259000, "LASTEDITOR": "GIS", "LASTUPDATE": 1787272259000, "URL": "https://aca-prod.accela.com/TAMPA/Cap/CapDetail.aspx?Module=Planning&TabName=Planning&capID1=26CAP&capID2=00000&capID3=00SCV&agencyCode=TAMPA"}}, {"type": "Feature", "id": 70, "geometry": {"type": "Point", "coordinates": [-82.45931850005243, 27.960560999953998]}, "properties": {"OBJECTID": 70, "RECORDID": "ARC-26-0000300", "ADDRESS": "1701 N Florida Ave", "UNIT": "", "APPSTATUS": "In Process", "TEANTATIVEHEARING": "N/A", "TENTATIVETIME": "N/A", "RECORDALIAS": "Architectural Review Commission - Recommendation", "MAPDOT": "Architectural Review Commission", "CRA": null, "NEIGHBORHOOD": "Tampa Heights", "COUNCILDISTRICT": "5", "CREATED": "Accela", "CREATEDDATE": 1787272259000, "LASTEDITOR": "GIS", "LASTUPDATE": 1787272259000, "URL": "https://aca-prod.accela.com/TAMPA/Cap/CapDetail.aspx?Module=Planning&TabName=Planning&capID1=26CAP&capID2=00000&capID3=00S9F&agencyCode=TAMPA"}}, {"type": "Feature", "id": 71, "geometry": {"type": "Point", "coordinates": [-82.45697849953993, 27.96152399980467]}, "properties": {"OBJECTID": 71, "RECORDID": "ARC-26-0000299", "ADDRESS": "310 E Oak Ave", "UNIT": "", "APPSTATUS": "In Process", "TEANTATIVEHEARING": "08/03/2026", "TENTATIVETIME": "17:30", "RECORDALIAS": "Architectural Review Commission - Certificate of Appropriateness", "MAPDOT": "Architectural Review Commission", "CRA": null, "NEIGHBORHOOD": "Tampa Heights", "COUNCILDISTRICT": "5", "CREATED": "Accela", "CREATEDDATE": 1787272259000, "LASTEDITOR": "GIS", "LASTUPDATE": 1787272259000, "URL": "https://aca-prod.accela.com/TAMPA/Cap/CapDetail.aspx?Module=Planning&TabName=Planning&capID1=26CAP&capID2=00000&capID3=00S94&agencyCode=TAMPA"}}, {"type": "Feature", "id": 72, "geometry": {"type": "Point", "coordinates": [-82.44062550020116, 27.95691599989897]}, "properties": {"OBJECTID": 72, "RECORDID": "BLC-26-0000133", "ADDRESS": "1304 N 17th St", "UNIT": "", "APPSTATUS": "Awaiting Client Reply", "TEANTATIVEHEARING": "N/A", "TENTATIVETIME": "N/A", "RECORDALIAS": "Barrio Latino Commission - Certificate of Appropriateness", "MAPDOT": "Barrio Latino Commission - Certificate of Appropriateness", "CRA": null, "NEIGHBORHOOD": "Historic Ybor", "COUNCILDISTRICT": "5", "CREATED": "Accela", "CREATEDDATE": 1787272259000, "LASTEDITOR": "GIS", "LASTUPDATE": 1787272259000, "URL": "https://aca-prod.accela.com/TAMPA/Cap/CapDetail.aspx?Module=Planning&TabName=Planning&capID1=26CAP&capID2=00000&capID3=00RYV&agencyCode=TAMPA"}}, {"type": "Feature", "id": 73, "geometry": {"type": "Point", "coordinates": [-82.4477792650711, 27.96892951026007]}, "properties": {"OBJECTID": 73, "RECORDID": "BLC-26-0000132", "ADDRESS": "2905 N 11th St", "UNIT": "", "APPSTATUS": "In Process", "TEANTATIVEHEARING": "08/25/2026", "TENTATIVETIME": "09:00", "RECORDALIAS": "Barrio Latino Commission - Certificate of Appropriateness", "MAPDOT": "Barrio Latino Commission - Certificate of Appropriateness", "CRA": "East Tampa", "NEIGHBORHOOD": "VM Ybor", "COUNCILDISTRICT": "5", "CREATED": "Accela", "CREATEDDATE": 1787272259000, "LASTEDITOR": "GIS", "LASTUPDATE": 1787272259000, "URL": "https://aca-prod.accela.com/TAMPA/Cap/CapDetail.aspx?Module=Planning&TabName=Planning&capID1=26CAP&capID2=00000&capID3=00RUW&agencyCode=TAMPA"}}, {"type": "Feature", "id": 74, "geometry": {"type": "Point", "coordinates": [-82.47253499951118, 27.93447900016628]}, "properties": {"OBJECTID": 74, "RECORDID": "ARC-26-0000295", "ADDRESS": "828 S Willow Ave", "UNIT": "", "APPSTATUS": "Awaiting Client Reply", "TEANTATIVEHEARING": "N/A", "TENTATIVETIME": "N/A", "RECORDALIAS": "Architectural Review Commission - Certificate of Appropriateness", "MAPDOT": "Architectural Review Commission", "CRA": null, "NEIGHBORHOOD": "Hyde Park Preservation", "COUNCILDISTRICT": "4", "CREATED": "Accela", "CREATEDDATE": 1787272259000, "LASTEDITOR": "GIS", "LASTUPDATE": 1787272259000, "URL": "https://aca-prod.accela.com/TAMPA/Cap/CapDetail.aspx?Module=Planning&TabName=Planning&capID1=26CAP&capID2=00000&capID3=00RSC&agencyCode=TAMPA"}}, {"type": "Feature", "id": 75, "geometry": {"type": "Point", "coordinates": [-82.46177100002735, 27.94021200028269]}, "properties": {"OBJECTID": 75, "RECORDID": "ARC-26-0000293", "ADDRESS": "210 W Beach Pl", "UNIT": "", "APPSTATUS": "In Process", "TEANTATIVEHEARING": "09/02/2026", "TENTATIVETIME": "17:30", "RECORDALIAS": "Architectural Review Commission - Recommendation", "MAPDOT": "Architectural Review Commission", "CRA": null, "NEIGHBORHOOD": "Hyde Park Spanishtown Creek", "COUNCILDISTRICT": "4", "CREATED": "Accela", "CREATEDDATE": 1787272259000, "LASTEDITOR": "GIS", "LASTUPDATE": 1787272259000, "URL": "https://aca-prod.accela.com/TAMPA/Cap/CapDetail.aspx?Module=Planning&TabName=Planning&capID1=26CAP&capID2=00000&capID3=00RNB&agencyCode=TAMPA"}}, {"type": "Feature", "id": 76, "geometry": {"type": "Point", "coordinates": [-82.45578150018176, 27.962046000061516]}, "properties": {"OBJECTID": 76, "RECORDID": "ARC-26-0000288", "ADDRESS": "407 E Palm Ave", "UNIT": "101", "APPSTATUS": "In Process", "TEANTATIVEHEARING": "N/A", "TENTATIVETIME": "N/A", "RECORDALIAS": "Architectural Review Commission - Certificate of Appropriateness", "MAPDOT": "Architectural Review Commission", "CRA": null, "NEIGHBORHOOD": "Tampa Heights", "COUNCILDISTRICT": "5", "CREATED": "Accela", "CREATEDDATE": 1787272259000, "LASTEDITOR": "GIS", "LASTUPDATE": 1787272259000, "URL": "https://aca-prod.accela.com/TAMPA/Cap/CapDetail.aspx?Module=Planning&TabName=Planning&capID1=26CAP&capID2=00000&capID3=00R0L&agencyCode=TAMPA"}}, {"type": "Feature", "id": 77, "geometry": {"type": "Point", "coordinates": [-82.43786250045669, 27.96015600039752]}, "properties": {"OBJECTID": 77, "RECORDID": "BLC-26-0000128", "ADDRESS": "1901 E 7th Ave", "UNIT": "-1903", "APPSTATUS": "In Process", "TEANTATIVEHEARING": "N/A", "TENTATIVETIME": "N/A", "RECORDALIAS": "Barrio Latino Commission - Certificate of Appropriateness", "MAPDOT": "Barrio Latino Commission - Certificate of Appropriateness", "CRA": "Ybor City 1", "NEIGHBORHOOD": "Historic Ybor", "COUNCILDISTRICT": "5", "CREATED": "Accela", "CREATEDDATE": 1787272260000, "LASTEDITOR": "GIS", "LASTUPDATE": 1787272260000, "URL": "https://aca-prod.accela.com/TAMPA/Cap/CapDetail.aspx?Module=Planning&TabName=Planning&capID1=26CAP&capID2=00000&capID3=00PNF&agencyCode=TAMPA"}}, {"type": "Feature", "id": 78, "geometry": {"type": "Point", "coordinates": [-82.43687699974495, 27.96007500037154]}, "properties": {"OBJECTID": 78, "RECORDID": "BLC-26-0000126", "ADDRESS": "1929 E 7th Ave", "UNIT": "", "APPSTATUS": "Awaiting Client Reply", "TEANTATIVEHEARING": "N/A", "TENTATIVETIME": "N/A", "RECORDALIAS": "Barrio Latino Commission - Certificate of Appropriateness", "MAPDOT": "Barrio Latino Commission - Certificate of Appropriateness", "CRA": "Ybor City 1", "NEIGHBORHOOD": "Historic Ybor", "COUNCILDISTRICT": "5", "CREATED": "Accela", "CREATEDDATE": 1787272260000, "LASTEDITOR": "GIS", "LASTUPDATE": 1787272260000, "URL": "https://aca-prod.accela.com/TAMPA/Cap/CapDetail.aspx?Module=Planning&TabName=Planning&capID1=26CAP&capID2=00000&capID3=00OQ4&agencyCode=TAMPA"}}, {"type": "Feature", "id": 79, "geometry": {"type": "Point", "coordinates": [-82.45719450046154, 27.967679999929736]}, "properties": {"OBJECTID": 79, "RECORDID": "ARC-26-0000271", "ADDRESS": "2712 N Jefferson St", "UNIT": "", "APPSTATUS": "In Process", "TEANTATIVEHEARING": "N/A", "TENTATIVETIME": "N/A", "RECORDALIAS": "Architectural Review Commission - Certificate of Appropriateness", "MAPDOT": "Architectural Review Commission", "CRA": null, "NEIGHBORHOOD": "Tampa Heights", "COUNCILDISTRICT": "5", "CREATED": "Accela", "CREATEDDATE": 1787272260000, "LASTEDITOR": "GIS", "LASTUPDATE": 1787272260000, "URL": "https://aca-prod.accela.com/TAMPA/Cap/CapDetail.aspx?Module=Planning&TabName=Planning&capID1=26CAP&capID2=00000&capID3=00OGQ&agencyCode=TAMPA"}}, {"type": "Feature", "id": 80, "geometry": {"type": "Point", "coordinates": [-82.47074849959314, 27.9369270001581]}, "properties": {"OBJECTID": 80, "RECORDID": "ARC-26-0000266", "ADDRESS": "719 S Delaware Ave", "UNIT": "", "APPSTATUS": "Awaiting Client Reply", "TEANTATIVEHEARING": "N/A", "TENTATIVETIME": "N/A", "RECORDALIAS": "Architectural Review Commission - Certificate of Appropriateness", "MAPDOT": "Architectural Review Commission", "CRA": null, "NEIGHBORHOOD": "Hyde Park Preservation", "COUNCILDISTRICT": "4", "CREATED": "Accela", "CREATEDDATE": 1787272260000, "LASTEDITOR": "GIS", "LASTUPDATE": 1787272260000, "URL": "https://aca-prod.accela.com/TAMPA/Cap/CapDetail.aspx?Module=Planning&TabName=Planning&capID1=26CAP&capID2=00000&capID3=00O3L&agencyCode=TAMPA"}}, {"type": "Feature", "id": 81, "geometry": {"type": "Point", "coordinates": [-82.46941200004325, 27.93644999981645]}, "properties": {"OBJECTID": 81, "RECORDID": "ARC-26-0000260", "ADDRESS": "710 S Edison Ave", "UNIT": "", "APPSTATUS": "Awaiting Client Reply", "TEANTATIVEHEARING": "N/A", "TENTATIVETIME": "N/A", "RECORDALIAS": "Architectural Review Commission - Certificate of Appropriateness", "MAPDOT": "Architectural Review Commission", "CRA": null, "NEIGHBORHOOD": "Hyde Park Preservation", "COUNCILDISTRICT": "4", "CREATED": "Accela", "CREATEDDATE": 1787272260000, "LASTEDITOR": "GIS", "LASTUPDATE": 1787272260000, "URL": "https://aca-prod.accela.com/TAMPA/Cap/CapDetail.aspx?Module=Planning&TabName=Planning&capID1=26CAP&capID2=00000&capID3=00MDM&agencyCode=TAMPA"}}, {"type": "Feature", "id": 82, "geometry": {"type": "Point", "coordinates": [-82.45661850039174, 27.998658000109575]}, "properties": {"OBJECTID": 82, "RECORDID": "ARC-26-0000256", "ADDRESS": "5610 N Seminole Ave", "UNIT": "", "APPSTATUS": "Awaiting Client Reply", "TEANTATIVEHEARING": "N/A", "TENTATIVETIME": "N/A", "RECORDALIAS": "Architectural Review Commission - Certificate of Appropriateness", "MAPDOT": "Architectural Review Commission", "CRA": null, "NEIGHBORHOOD": "Old Seminole Heights", "COUNCILDISTRICT": "6", "CREATED": "Accela", "CREATEDDATE": 1787272260000, "LASTEDITOR": "GIS", "LASTUPDATE": 1787272260000, "URL": "https://aca-prod.accela.com/TAMPA/Cap/CapDetail.aspx?Module=Planning&TabName=Planning&capID1=26CAP&capID2=00000&capID3=00M10&agencyCode=TAMPA"}}, {"type": "Feature", "id": 83, "geometry": {"type": "Point", "coordinates": [-82.45872000043003, 28.002077999900447]}, "properties": {"OBJECTID": 83, "RECORDID": "ARC-26-0000252", "ADDRESS": "6006 N Suwanee Ave", "UNIT": "", "APPSTATUS": "Awaiting Client Reply", "TEANTATIVEHEARING": "N/A", "TENTATIVETIME": "N/A", "RECORDALIAS": "Architectural Review Commission - Certificate of Appropriateness", "MAPDOT": "Architectural Review Commission", "CRA": null, "NEIGHBORHOOD": "Old Seminole Heights", "COUNCILDISTRICT": "6", "CREATED": "Accela", "CREATEDDATE": 1787272260000, "LASTEDITOR": "GIS", "LASTUPDATE": 1787272260000, "URL": "https://aca-prod.accela.com/TAMPA/Cap/CapDetail.aspx?Module=Planning&TabName=Planning&capID1=26CAP&capID2=00000&capID3=00LVE&agencyCode=TAMPA"}}, {"type": "Feature", "id": 84, "geometry": {"type": "Point", "coordinates": [-82.45764900018698, 27.998198999899326]}, "properties": {"OBJECTID": 84, "RECORDID": "ARC-26-0000236", "ADDRESS": "5604 N Branch Ave", "UNIT": "", "APPSTATUS": "In Process", "TEANTATIVEHEARING": "N/A", "TENTATIVETIME": "N/A", "RECORDALIAS": "Architectural Review Commission - Certificate of Appropriateness", "MAPDOT": "Architectural Review Commission", "CRA": null, "NEIGHBORHOOD": "Old Seminole Heights", "COUNCILDISTRICT": "6", "CREATED": "Accela", "CREATEDDATE": 1787272260000, "LASTEDITOR": "GIS", "LASTUPDATE": 1787272260000, "URL": "https://aca-prod.accela.com/TAMPA/Cap/CapDetail.aspx?Module=Planning&TabName=Planning&capID1=26CAP&capID2=00000&capID3=00KPN&agencyCode=TAMPA"}}, {"type": "Feature", "id": 85, "geometry": {"type": "Point", "coordinates": [-82.44344249984313, 27.95780699988969]}, "properties": {"OBJECTID": 85, "RECORDID": "BLC-26-0000117", "ADDRESS": "1419 E 4th Ave", "UNIT": "B", "APPSTATUS": "In Process", "TEANTATIVEHEARING": "08/25/2026", "TENTATIVETIME": "09:00", "RECORDALIAS": "Barrio Latino Commission - Certificate of Appropriateness", "MAPDOT": "Barrio Latino Commission - Certificate of Appropriateness", "CRA": "Ybor City 2", "NEIGHBORHOOD": "Historic Ybor", "COUNCILDISTRICT": "5", "CREATED": "Accela", "CREATEDDATE": 1787272260000, "LASTEDITOR": "GIS", "LASTUPDATE": 1787272260000, "URL": "https://aca-prod.accela.com/TAMPA/Cap/CapDetail.aspx?Module=Planning&TabName=Planning&capID1=26CAP&capID2=00000&capID3=00K6W&agencyCode=TAMPA"}}, {"type": "Feature", "id": 86, "geometry": {"type": "Point", "coordinates": [-82.44315900023093, 27.957572999748848]}, "properties": {"OBJECTID": 86, "RECORDID": "BLC-26-0000115", "ADDRESS": "1402 N 15th St", "UNIT": "", "APPSTATUS": "In Process", "TEANTATIVEHEARING": "05/26/2026", "TENTATIVETIME": "09:00", "RECORDALIAS": "Barrio Latino Commission - Certificate of Appropriateness", "MAPDOT": "Barrio Latino Commission - Certificate of Appropriateness", "CRA": null, "NEIGHBORHOOD": "Historic Ybor", "COUNCILDISTRICT": "5", "CREATED": "Accela", "CREATEDDATE": 1787272260000, "LASTEDITOR": "GIS", "LASTUPDATE": 1787272260000, "URL": "https://aca-prod.accela.com/TAMPA/Cap/CapDetail.aspx?Module=Planning&TabName=Planning&capID1=26CAP&capID2=00000&capID3=00K6N&agencyCode=TAMPA"}}, {"type": "Feature", "id": 87, "geometry": {"type": "Point", "coordinates": [-82.52189549994912, 27.94157100016845]}, "properties": {"OBJECTID": 87, "RECORDID": "ARC-26-0000230", "ADDRESS": "4521 W Azeele St", "UNIT": "", "APPSTATUS": "Awaiting Client Reply", "TEANTATIVEHEARING": "N/A", "TENTATIVETIME": "N/A", "RECORDALIAS": "Architectural Review Commission - Certificate of Appropriateness", "MAPDOT": "Architectural Review Commission", "CRA": null, "NEIGHBORHOOD": "Beach Park", "COUNCILDISTRICT": "6", "CREATED": "Accela", "CREATEDDATE": 1787272260000, "LASTEDITOR": "GIS", "LASTUPDATE": 1787272260000, "URL": "https://aca-prod.accela.com/TAMPA/Cap/CapDetail.aspx?Module=Planning&TabName=Planning&capID1=26CAP&capID2=00000&capID3=00JWH&agencyCode=TAMPA"}}, {"type": "Feature", "id": 88, "geometry": {"type": "Point", "coordinates": [-82.47765150048929, 27.93183300000615]}, "properties": {"OBJECTID": 88, "RECORDID": "ARC-26-0000228", "ADDRESS": "1702 W Watrous Ave", "UNIT": "", "APPSTATUS": "Awaiting Client Reply", "TEANTATIVEHEARING": "N/A", "TENTATIVETIME": "N/A", "RECORDALIAS": "Architectural Review Commission - Certificate of Appropriateness", "MAPDOT": "Architectural Review Commission", "CRA": null, "NEIGHBORHOOD": "Historic Hyde Park", "COUNCILDISTRICT": "4", "CREATED": "Accela", "CREATEDDATE": 1787272260000, "LASTEDITOR": "GIS", "LASTUPDATE": 1787272260000, "URL": "https://aca-prod.accela.com/TAMPA/Cap/CapDetail.aspx?Module=Planning&TabName=Planning&capID1=26CAP&capID2=00000&capID3=00J59&agencyCode=TAMPA"}}, {"type": "Feature", "id": 89, "geometry": {"type": "Point", "coordinates": [-82.46254949954971, 27.940976999711136]}, "properties": {"OBJECTID": 89, "RECORDID": "ARC-26-0000218", "ADDRESS": "306 S Plant Ave", "UNIT": "", "APPSTATUS": "In Process", "TEANTATIVEHEARING": "N/A", "TENTATIVETIME": "N/A", "RECORDALIAS": "Architectural Review Commission - Certificate of Appropriateness", "MAPDOT": "Architectural Review Commission", "CRA": null, "NEIGHBORHOOD": "Hyde Park Spanishtown Creek", "COUNCILDISTRICT": "4", "CREATED": "Accela", "CREATEDDATE": 1787272260000, "LASTEDITOR": "GIS", "LASTUPDATE": 1787272260000, "URL": "https://aca-prod.accela.com/TAMPA/Cap/CapDetail.aspx?Module=Planning&TabName=Planning&capID1=26CAP&capID2=00000&capID3=00HY8&agencyCode=TAMPA"}}, {"type": "Feature", "id": 90, "geometry": {"type": "Point", "coordinates": [-82.45765350019295, 28.00220399960969]}, "properties": {"OBJECTID": 90, "RECORDID": "ARC-26-0000216", "ADDRESS": "6008 N Branch Ave", "UNIT": "", "APPSTATUS": "Awaiting Client Reply", "TEANTATIVEHEARING": "N/A", "TENTATIVETIME": "N/A", "RECORDALIAS": "Architectural Review Commission - Certificate of Appropriateness", "MAPDOT": "Architectural Review Commission", "CRA": null, "NEIGHBORHOOD": "Old Seminole Heights", "COUNCILDISTRICT": "6", "CREATED": "Accela", "CREATEDDATE": 1787272260000, "LASTEDITOR": "GIS", "LASTUPDATE": 1787272260000, "URL": "https://aca-prod.accela.com/TAMPA/Cap/CapDetail.aspx?Module=Planning&TabName=Planning&capID1=26CAP&capID2=00000&capID3=00HCN&agencyCode=TAMPA"}}, {"type": "Feature", "id": 91, "geometry": {"type": "Point", "coordinates": [-82.4375789999085, 27.960471000219467]}, "properties": {"OBJECTID": 91, "RECORDID": "BLC-26-0000098", "ADDRESS": "1910 E 7th Ave", "UNIT": "101", "APPSTATUS": "Open", "TEANTATIVEHEARING": "N/A", "TENTATIVETIME": "N/A", "RECORDALIAS": "Barrio Latino Commission - Certificate of Appropriateness", "MAPDOT": "Barrio Latino Commission - Certificate of Appropriateness", "CRA": "Ybor City 1", "NEIGHBORHOOD": "Historic Ybor", "COUNCILDISTRICT": "5", "CREATED": "Accela", "CREATEDDATE": 1787272260000, "LASTEDITOR": "GIS", "LASTUPDATE": 1787272260000, "URL": "https://aca-prod.accela.com/TAMPA/Cap/CapDetail.aspx?Module=Planning&TabName=Planning&capID1=26CAP&capID2=00000&capID3=00FXV&agencyCode=TAMPA"}}, {"type": "Feature", "id": 92, "geometry": {"type": "Point", "coordinates": [-82.45843199976895, 27.971594999969803]}, "properties": {"OBJECTID": 92, "RECORDID": "ARC-26-0000195", "ADDRESS": "3008 N Morgan St", "UNIT": "", "APPSTATUS": "Awaiting Client Reply", "TEANTATIVEHEARING": "N/A", "TENTATIVETIME": "N/A", "RECORDALIAS": "Architectural Review Commission - Certificate of Appropriateness", "MAPDOT": "Architectural Review Commission", "CRA": null, "NEIGHBORHOOD": "Tampa Heights", "COUNCILDISTRICT": "5", "CREATED": "Accela", "CREATEDDATE": 1787272260000, "LASTEDITOR": "GIS", "LASTUPDATE": 1787272260000, "URL": "https://aca-prod.accela.com/TAMPA/Cap/CapDetail.aspx?Module=Planning&TabName=Planning&capID1=26CAP&capID2=00000&capID3=00E70&agencyCode=TAMPA"}}, {"type": "Feature", "id": 93, "geometry": {"type": "Point", "coordinates": [-82.43330849949714, 27.95994899962769]}, "properties": {"OBJECTID": 93, "RECORDID": "BLC-26-0000092", "ADDRESS": "2301 E 7th Ave", "UNIT": "", "APPSTATUS": "In Process", "TEANTATIVEHEARING": "N/A", "TENTATIVETIME": "N/A", "RECORDALIAS": "Barrio Latino Commission - Recommendation", "MAPDOT": "Barrio Latino Commission - Certificate of Appropriateness", "CRA": "Ybor City 2", "NEIGHBORHOOD": "Historic East Ybor and Gary", "COUNCILDISTRICT": "5", "CREATED": "Accela", "CREATEDDATE": 1787272260000, "LASTEDITOR": "GIS", "LASTUPDATE": 1787272260000, "URL": "https://aca-prod.accela.com/TAMPA/Cap/CapDetail.aspx?Module=Planning&TabName=Planning&capID1=26CAP&capID2=00000&capID3=00E1S&agencyCode=TAMPA"}}, {"type": "Feature", "id": 94, "geometry": {"type": "Point", "coordinates": [-82.43275050016442, 27.960633000041557]}, "properties": {"OBJECTID": 94, "RECORDID": "BLC-26-0000091", "ADDRESS": "2316 E 7th Ave", "UNIT": "", "APPSTATUS": "In Process", "TEANTATIVEHEARING": "N/A", "TENTATIVETIME": "N/A", "RECORDALIAS": "Barrio Latino Commission - Recommendation", "MAPDOT": "Barrio Latino Commission - Certificate of Appropriateness", "CRA": "Ybor City 2", "NEIGHBORHOOD": "Historic East Ybor and Gary", "COUNCILDISTRICT": "5", "CREATED": "Accela", "CREATEDDATE": 1787272260000, "LASTEDITOR": "GIS", "LASTUPDATE": 1787272260000, "URL": "https://aca-prod.accela.com/TAMPA/Cap/CapDetail.aspx?Module=Planning&TabName=Planning&capID1=26CAP&capID2=00000&capID3=00E1P&agencyCode=TAMPA"}}, {"type": "Feature", "id": 95, "geometry": {"type": "Point", "coordinates": [-82.45695150020653, 27.995004000428256]}, "properties": {"OBJECTID": 95, "RECORDID": "ARC-26-0000191", "ADDRESS": "5209 N Branch Ave", "UNIT": "", "APPSTATUS": "Awaiting Client Reply", "TEANTATIVEHEARING": "N/A", "TENTATIVETIME": "N/A", "RECORDALIAS": "Architectural Review Commission - Certificate of Appropriateness", "MAPDOT": "Architectural Review Commission", "CRA": null, "NEIGHBORHOOD": "Old Seminole Heights", "COUNCILDISTRICT": "6", "CREATED": "Accela", "CREATEDDATE": 1787272260000, "LASTEDITOR": "GIS", "LASTUPDATE": 1787272260000, "URL": "https://aca-prod.accela.com/TAMPA/Cap/CapDetail.aspx?Module=Planning&TabName=Planning&capID1=26CAP&capID2=00000&capID3=00CZE&agencyCode=TAMPA"}}, {"type": "Feature", "id": 96, "geometry": {"type": "Point", "coordinates": [-82.45866600001612, 27.95230799998391]}, "properties": {"OBJECTID": 96, "RECORDID": "ARCTAX-26-0000002", "ADDRESS": "905 N Florida Ave", "UNIT": "", "APPSTATUS": "In Process", "TEANTATIVEHEARING": "N/A", "TENTATIVETIME": "N/A", "RECORDALIAS": "Architectural Review Commission Tax - Post Rehabilitation", "MAPDOT": "Architectural Review Commission", "CRA": "Downtown Core", "NEIGHBORHOOD": "Downtown River Arts", "COUNCILDISTRICT": "5", "CREATED": "Accela", "CREATEDDATE": 1787272260000, "LASTEDITOR": "GIS", "LASTUPDATE": 1787272260000, "URL": "https://aca-prod.accela.com/TAMPA/Cap/CapDetail.aspx?Module=Planning&TabName=Planning&capID1=26CAP&capID2=00000&capID3=00CB6&agencyCode=TAMPA"}}, {"type": "Feature", "id": 97, "geometry": {"type": "Point", "coordinates": [-82.45636199965656, 27.972261000436827]}, "properties": {"OBJECTID": 97, "RECORDID": "ARC-26-0000171", "ADDRESS": "407 E Adalee St", "UNIT": "", "APPSTATUS": "Awaiting Client Reply", "TEANTATIVEHEARING": "08/03/2026", "TENTATIVETIME": "17:30", "RECORDALIAS": "Architectural Review Commission - Certificate of Appropriateness", "MAPDOT": "Architectural Review Commission", "CRA": null, "NEIGHBORHOOD": "Tampa Heights", "COUNCILDISTRICT": "5", "CREATED": "Accela", "CREATEDDATE": 1787272260000, "LASTEDITOR": "GIS", "LASTUPDATE": 1787272260000, "URL": "https://aca-prod.accela.com/TAMPA/Cap/CapDetail.aspx?Module=Planning&TabName=Planning&capID1=26CAP&capID2=00000&capID3=009ZD&agencyCode=TAMPA"}}, {"type": "Feature", "id": 98, "geometry": {"type": "Point", "coordinates": [-82.45870650012435, 28.00236599979451]}, "properties": {"OBJECTID": 98, "RECORDID": "ARC-26-0000165", "ADDRESS": "6010 N Suwanee Ave", "UNIT": "", "APPSTATUS": "Open", "TEANTATIVEHEARING": "N/A", "TENTATIVETIME": "N/A", "RECORDALIAS": "Architectural Review Commission - Certificate of Appropriateness", "MAPDOT": "Architectural Review Commission", "CRA": null, "NEIGHBORHOOD": "Old Seminole Heights", "COUNCILDISTRICT": "6", "CREATED": "Accela", "CREATEDDATE": 1787272260000, "LASTEDITOR": "GIS", "LASTUPDATE": 1787272260000, "URL": "https://aca-prod.accela.com/TAMPA/Cap/CapDetail.aspx?Module=Planning&TabName=Planning&capID1=26CAP&capID2=00000&capID3=009CL&agencyCode=TAMPA"}}, {"type": "Feature", "id": 99, "geometry": {"type": "Point", "coordinates": [-82.43971650022796, 27.957906000091814]}, "properties": {"OBJECTID": 99, "RECORDID": "BLC-26-0000074", "ADDRESS": "1715 E 4th Ave", "UNIT": "", "APPSTATUS": "Awaiting Client Reply", "TEANTATIVEHEARING": "N/A", "TENTATIVETIME": "N/A", "RECORDALIAS": "Barrio Latino Commission - Certificate of Appropriateness", "MAPDOT": "Barrio Latino Commission - Certificate of Appropriateness", "CRA": "Ybor City 2", "NEIGHBORHOOD": "Historic Ybor", "COUNCILDISTRICT": "5", "CREATED": "Accela", "CREATEDDATE": 1787272260000, "LASTEDITOR": "GIS", "LASTUPDATE": 1787272260000, "URL": "https://aca-prod.accela.com/TAMPA/Cap/CapDetail.aspx?Module=Planning&TabName=Planning&capID1=26CAP&capID2=00000&capID3=0073X&agencyCode=TAMPA"}}, {"type": "Feature", "id": 100, "geometry": {"type": "Point", "coordinates": [-82.44767700025169, 27.96433200040052]}, "properties": {"OBJECTID": 100, "RECORDID": "BLC-26-0000071", "ADDRESS": "1022 E 12th Ave", "UNIT": "", "APPSTATUS": "Awaiting Client Reply", "TEANTATIVEHEARING": "07/28/2026", "TENTATIVETIME": "09:00", "RECORDALIAS": "Barrio Latino Commission - Certificate of Appropriateness", "MAPDOT": "Barrio Latino Commission - Certificate of Appropriateness", "CRA": "Ybor City 2", "NEIGHBORHOOD": "Historic Ybor", "COUNCILDISTRICT": "5", "CREATED": "Accela", "CREATEDDATE": 1787272260000, "LASTEDITOR": "GIS", "LASTUPDATE": 1787272260000, "URL": "https://aca-prod.accela.com/TAMPA/Cap/CapDetail.aspx?Module=Planning&TabName=Planning&capID1=26CAP&capID2=00000&capID3=0052P&agencyCode=TAMPA"}}, {"type": "Feature", "id": 101, "geometry": {"type": "Point", "coordinates": [-82.47560400024004, 27.93166200037145]}, "properties": {"OBJECTID": 101, "RECORDID": "ARC-26-0000137", "ADDRESS": "1004 S Dakota Ave", "UNIT": "", "APPSTATUS": "Awaiting Client Reply", "TEANTATIVEHEARING": "N/A", "TENTATIVETIME": "N/A", "RECORDALIAS": "Architectural Review Commission - Certificate of Appropriateness", "MAPDOT": "Architectural Review Commission", "CRA": null, "NEIGHBORHOOD": "Hyde Park Preservation", "COUNCILDISTRICT": "4", "CREATED": "Accela", "CREATEDDATE": 1787272260000, "LASTEDITOR": "GIS", "LASTUPDATE": 1787272260000, "URL": "https://aca-prod.accela.com/TAMPA/Cap/CapDetail.aspx?Module=Planning&TabName=Planning&capID1=26CAP&capID2=00000&capID3=0048O&agencyCode=TAMPA"}}, {"type": "Feature", "id": 102, "geometry": {"type": "Point", "coordinates": [-82.45718999990046, 27.998018999723442]}, "properties": {"OBJECTID": 102, "RECORDID": "ARC-26-0000128", "ADDRESS": "5601 N Branch Ave", "UNIT": "", "APPSTATUS": "Open", "TEANTATIVEHEARING": "N/A", "TENTATIVETIME": "N/A", "RECORDALIAS": "Architectural Review Commission - Certificate of Appropriateness", "MAPDOT": "Architectural Review Commission", "CRA": null, "NEIGHBORHOOD": "Old Seminole Heights", "COUNCILDISTRICT": "6", "CREATED": "Accela", "CREATEDDATE": 1787272260000, "LASTEDITOR": "GIS", "LASTUPDATE": 1787272260000, "URL": "https://aca-prod.accela.com/TAMPA/Cap/CapDetail.aspx?Module=Planning&TabName=Planning&capID1=26CAP&capID2=00000&capID3=003TP&agencyCode=TAMPA"}}, {"type": "Feature", "id": 103, "geometry": {"type": "Point", "coordinates": [-82.4761125000487, 27.933011999716435]}, "properties": {"OBJECTID": 103, "RECORDID": "ARC-26-0000124", "ADDRESS": "907 S Dakota Ave", "UNIT": "", "APPSTATUS": "In Process", "TEANTATIVEHEARING": "N/A", "TENTATIVETIME": "N/A", "RECORDALIAS": "Architectural Review Commission - Certificate of Appropriateness", "MAPDOT": "Architectural Review Commission", "CRA": null, "NEIGHBORHOOD": "Hyde Park Preservation", "COUNCILDISTRICT": "4", "CREATED": "Accela", "CREATEDDATE": 1787272260000, "LASTEDITOR": "GIS", "LASTUPDATE": 1787272260000, "URL": "https://aca-prod.accela.com/TAMPA/Cap/CapDetail.aspx?Module=Planning&TabName=Planning&capID1=26CAP&capID2=00000&capID3=003DU&agencyCode=TAMPA"}}, {"type": "Feature", "id": 104, "geometry": {"type": "Point", "coordinates": [-82.45657799964727, 27.99845099993175]}, "properties": {"OBJECTID": 104, "RECORDID": "ARC-26-0000118", "ADDRESS": "5608 N Seminole Ave", "UNIT": "A", "APPSTATUS": "Awaiting Client Reply", "TEANTATIVEHEARING": "N/A", "TENTATIVETIME": "N/A", "RECORDALIAS": "Architectural Review Commission - Certificate of Appropriateness", "MAPDOT": "Architectural Review Commission", "CRA": null, "NEIGHBORHOOD": "Old Seminole Heights", "COUNCILDISTRICT": "6", "CREATED": "Accela", "CREATEDDATE": 1787272260000, "LASTEDITOR": "GIS", "LASTUPDATE": 1787272260000, "URL": "https://aca-prod.accela.com/TAMPA/Cap/CapDetail.aspx?Module=Planning&TabName=Planning&capID1=26CAP&capID2=00000&capID3=0022I&agencyCode=TAMPA"}}, {"type": "Feature", "id": 105, "geometry": {"type": "Point", "coordinates": [-82.47298949975522, 27.937143000035135]}, "properties": {"OBJECTID": 105, "RECORDID": "ARC-26-0000110", "ADDRESS": "1302 W Swann Ave", "UNIT": "", "APPSTATUS": "Awaiting Client Reply", "TEANTATIVEHEARING": "03/02/2026", "TENTATIVETIME": "17:30", "RECORDALIAS": "Architectural Review Commission - Certificate of Appropriateness", "MAPDOT": "Architectural Review Commission", "CRA": null, "NEIGHBORHOOD": "Hyde Park Preservation", "COUNCILDISTRICT": "4", "CREATED": "Accela", "CREATEDDATE": 1787272260000, "LASTEDITOR": "GIS", "LASTUPDATE": 1787272260000, "URL": "https://aca-prod.accela.com/TAMPA/Cap/CapDetail.aspx?Module=Planning&TabName=Planning&capID1=26CAP&capID2=00000&capID3=001FB&agencyCode=TAMPA"}}, {"type": "Feature", "id": 106, "geometry": {"type": "Point", "coordinates": [-82.44154349958566, 27.95982300016753]}, "properties": {"OBJECTID": 106, "RECORDID": "BLC-26-0000057", "ADDRESS": "1705 N 16th St", "UNIT": "FS", "APPSTATUS": "Awaiting Client Reply", "TEANTATIVEHEARING": "N/A", "TENTATIVETIME": "N/A", "RECORDALIAS": "Barrio Latino Commission - Certificate of Appropriateness", "MAPDOT": "Barrio Latino Commission - Certificate of Appropriateness", "CRA": "Ybor City 1", "NEIGHBORHOOD": "Historic Ybor", "COUNCILDISTRICT": "5", "CREATED": "Accela", "CREATEDDATE": 1787272260000, "LASTEDITOR": "GIS", "LASTUPDATE": 1787272260000, "URL": "https://aca-prod.accela.com/TAMPA/Cap/CapDetail.aspx?Module=Planning&TabName=Planning&capID1=25CAP&capID2=00000&capID3=02ZRS&agencyCode=TAMPA"}}, {"type": "Feature", "id": 107, "geometry": {"type": "Point", "coordinates": [-82.43783549959079, 27.95651100010365]}, "properties": {"OBJECTID": 107, "RECORDID": "BLC-26-0000049", "ADDRESS": "1901 E 2nd Ave", "UNIT": "", "APPSTATUS": "Awaiting Client Reply", "TEANTATIVEHEARING": "N/A", "TENTATIVETIME": "N/A", "RECORDALIAS": "Barrio Latino Commission - Certificate of Appropriateness", "MAPDOT": "Barrio Latino Commission - Certificate of Appropriateness", "CRA": null, "NEIGHBORHOOD": "Historic Ybor", "COUNCILDISTRICT": "5", "CREATED": "Accela", "CREATEDDATE": 1787272260000, "LASTEDITOR": "GIS", "LASTUPDATE": 1787272260000, "URL": "https://aca-prod.accela.com/TAMPA/Cap/CapDetail.aspx?Module=Planning&TabName=Planning&capID1=25CAP&capID2=00000&capID3=02YX0&agencyCode=TAMPA"}}, {"type": "Feature", "id": 108, "geometry": {"type": "Point", "coordinates": [-82.45297799950913, 27.99805500007108]}, "properties": {"OBJECTID": 108, "RECORDID": "ARC-26-0000095", "ADDRESS": "5601 N Taliaferro Ave", "UNIT": "", "APPSTATUS": "Open", "TEANTATIVEHEARING": "N/A", "TENTATIVETIME": "N/A", "RECORDALIAS": "Architectural Review Commission - Certificate of Appropriateness", "MAPDOT": "Architectural Review Commission", "CRA": null, "NEIGHBORHOOD": "Old Seminole Heights", "COUNCILDISTRICT": "6", "CREATED": "Accela", "CREATEDDATE": 1787272260000, "LASTEDITOR": "GIS", "LASTUPDATE": 1787272260000, "URL": "https://aca-prod.accela.com/TAMPA/Cap/CapDetail.aspx?Module=Planning&TabName=Planning&capID1=25CAP&capID2=00000&capID3=02Y5L&agencyCode=TAMPA"}}, {"type": "Feature", "id": 109, "geometry": {"type": "Point", "coordinates": [-82.4394239995191, 27.967427999685924]}, "properties": {"OBJECTID": 109, "RECORDID": "ARC-26-0000093", "ADDRESS": "2708 N 18th St", "UNIT": "", "APPSTATUS": "Awaiting Client Reply", "TEANTATIVEHEARING": "N/A", "TENTATIVETIME": "N/A", "RECORDALIAS": "Architectural Review Commission - Certificate of Appropriateness", "MAPDOT": "Architectural Review Commission", "CRA": "East Tampa", "NEIGHBORHOOD": "North Ybor", "COUNCILDISTRICT": "5", "CREATED": "Accela", "CREATEDDATE": 1787272260000, "LASTEDITOR": "GIS", "LASTUPDATE": 1787272260000, "URL": "https://aca-prod.accela.com/TAMPA/Cap/CapDetail.aspx?Module=Planning&TabName=Planning&capID1=25CAP&capID2=00000&capID3=02Y2G&agencyCode=TAMPA"}}, {"type": "Feature", "id": 110, "geometry": {"type": "Point", "coordinates": [-82.45474200021314, 27.962091000285692]}, "properties": {"OBJECTID": 110, "RECORDID": "ARC-26-0000086", "ADDRESS": "511 E Palm Ave", "UNIT": "A-B", "APPSTATUS": "In Process", "TEANTATIVEHEARING": "N/A", "TENTATIVETIME": "N/A", "RECORDALIAS": "Architectural Review Commission - Certificate of Appropriateness", "MAPDOT": "Architectural Review Commission", "CRA": null, "NEIGHBORHOOD": "Tampa Heights", "COUNCILDISTRICT": "5", "CREATED": "Accela", "CREATEDDATE": 1787272260000, "LASTEDITOR": "GIS", "LASTUPDATE": 1787272260000, "URL": "https://aca-prod.accela.com/TAMPA/Cap/CapDetail.aspx?Module=Planning&TabName=Planning&capID1=25CAP&capID2=00000&capID3=02WRJ&agencyCode=TAMPA"}}, {"type": "Feature", "id": 111, "geometry": {"type": "Point", "coordinates": [-82.44672299978265, 27.970334999792623]}, "properties": {"OBJECTID": 111, "RECORDID": "BLC-26-0000044", "ADDRESS": "1206 Holmes Ave", "UNIT": "A-B", "APPSTATUS": "Awaiting Client Reply", "TEANTATIVEHEARING": "N/A", "TENTATIVETIME": "N/A", "RECORDALIAS": "Barrio Latino Commission - Recommendation", "MAPDOT": "Barrio Latino Commission - Certificate of Appropriateness", "CRA": "East Tampa", "NEIGHBORHOOD": "VM Ybor", "COUNCILDISTRICT": "5", "CREATED": "Accela", "CREATEDDATE": 1787272260000, "LASTEDITOR": "GIS", "LASTUPDATE": 1787272260000, "URL": "https://aca-prod.accela.com/TAMPA/Cap/CapDetail.aspx?Module=Planning&TabName=Planning&capID1=25CAP&capID2=00000&capID3=02WMJ&agencyCode=TAMPA"}}, {"type": "Feature", "id": 112, "geometry": {"type": "Point", "coordinates": [-82.42975350001852, 27.962549999632433]}, "properties": {"OBJECTID": 112, "RECORDID": "BLC-26-0000043", "ADDRESS": "2612 E 10th Ave", "UNIT": "1-2", "APPSTATUS": "Awaiting Client Reply", "TEANTATIVEHEARING": "01/27/2026", "TENTATIVETIME": "09:00", "RECORDALIAS": "Barrio Latino Commission - Certificate of Appropriateness", "MAPDOT": "Barrio Latino Commission - Certificate of Appropriateness", "CRA": null, "NEIGHBORHOOD": "Historic East Ybor and Gary", "COUNCILDISTRICT": "5", "CREATED": "Accela", "CREATEDDATE": 1787272260000, "LASTEDITOR": "GIS", "LASTUPDATE": 1787272260000, "URL": "https://aca-prod.accela.com/TAMPA/Cap/CapDetail.aspx?Module=Planning&TabName=Planning&capID1=25CAP&capID2=00000&capID3=02WKR&agencyCode=TAMPA"}}, {"type": "Feature", "id": 113, "geometry": {"type": "Point", "coordinates": [-82.43021249977747, 27.962567999861776]}, "properties": {"OBJECTID": 113, "RECORDID": "BLC-26-0000042", "ADDRESS": "2606 E 10th Ave", "UNIT": "1-2", "APPSTATUS": "Awaiting Client Reply", "TEANTATIVEHEARING": "01/27/2026", "TENTATIVETIME": "09:00", "RECORDALIAS": "Barrio Latino Commission - Certificate of Appropriateness", "MAPDOT": "Barrio Latino Commission - Certificate of Appropriateness", "CRA": null, "NEIGHBORHOOD": "Historic East Ybor and Gary", "COUNCILDISTRICT": "5", "CREATED": "Accela", "CREATEDDATE": 1787272260000, "LASTEDITOR": "GIS", "LASTUPDATE": 1787272260000, "URL": "https://aca-prod.accela.com/TAMPA/Cap/CapDetail.aspx?Module=Planning&TabName=Planning&capID1=25CAP&capID2=00000&capID3=02WKC&agencyCode=TAMPA"}}, {"type": "Feature", "id": 114, "geometry": {"type": "Point", "coordinates": [-82.42991100033937, 27.962559000178945]}, "properties": {"OBJECTID": 114, "RECORDID": "BLC-26-0000041", "ADDRESS": "2610 E 10th Ave", "UNIT": "1-2", "APPSTATUS": "Awaiting Client Reply", "TEANTATIVEHEARING": "01/27/2026", "TENTATIVETIME": "09:00", "RECORDALIAS": "Barrio Latino Commission - Certificate of Appropriateness", "MAPDOT": "Barrio Latino Commission - Certificate of Appropriateness", "CRA": null, "NEIGHBORHOOD": "Historic East Ybor and Gary", "COUNCILDISTRICT": "5", "CREATED": "Accela", "CREATEDDATE": 1787272260000, "LASTEDITOR": "GIS", "LASTUPDATE": 1787272260000, "URL": "https://aca-prod.accela.com/TAMPA/Cap/CapDetail.aspx?Module=Planning&TabName=Planning&capID1=25CAP&capID2=00000&capID3=02WCM&agencyCode=TAMPA"}}, {"type": "Feature", "id": 115, "geometry": {"type": "Point", "coordinates": [-82.43006400029766, 27.962568000170315]}, "properties": {"OBJECTID": 115, "RECORDID": "BLC-26-0000039", "ADDRESS": "2608 E 10th Ave", "UNIT": "1", "APPSTATUS": "Awaiting Client Reply", "TEANTATIVEHEARING": "01/27/2026", "TENTATIVETIME": "09:00", "RECORDALIAS": "Barrio Latino Commission - Certificate of Appropriateness", "MAPDOT": "Barrio Latino Commission - Certificate of Appropriateness", "CRA": null, "NEIGHBORHOOD": "Historic East Ybor and Gary", "COUNCILDISTRICT": "5", "CREATED": "Accela", "CREATEDDATE": 1787272260000, "LASTEDITOR": "GIS", "LASTUPDATE": 1787272260000, "URL": "https://aca-prod.accela.com/TAMPA/Cap/CapDetail.aspx?Module=Planning&TabName=Planning&capID1=25CAP&capID2=00000&capID3=02WC2&agencyCode=TAMPA"}}, {"type": "Feature", "id": 116, "geometry": {"type": "Point", "coordinates": [-82.47771449971188, 27.9362699998346]}, "properties": {"OBJECTID": 116, "RECORDID": "ARC-26-0000077", "ADDRESS": "716 S Packwood Ave", "UNIT": "", "APPSTATUS": "Awaiting Client Reply", "TEANTATIVEHEARING": "N/A", "TENTATIVETIME": "N/A", "RECORDALIAS": "Architectural Review Commission - Certificate of Appropriateness", "MAPDOT": "Architectural Review Commission", "CRA": null, "NEIGHBORHOOD": "Historic Hyde Park", "COUNCILDISTRICT": "4", "CREATED": "Accela", "CREATEDDATE": 1787272260000, "LASTEDITOR": "GIS", "LASTUPDATE": 1787272260000, "URL": "https://aca-prod.accela.com/TAMPA/Cap/CapDetail.aspx?Module=Planning&TabName=Planning&capID1=25CAP&capID2=00000&capID3=02V8T&agencyCode=TAMPA"}}, {"type": "Feature", "id": 117, "geometry": {"type": "Point", "coordinates": [-82.4797755001641, 27.931814999964775]}, "properties": {"OBJECTID": 117, "RECORDID": "ARC-26-0000067", "ADDRESS": "1810 W Watrous Ave", "UNIT": "", "APPSTATUS": "Awaiting Client Reply", "TEANTATIVEHEARING": "N/A", "TENTATIVETIME": "N/A", "RECORDALIAS": "Architectural Review Commission - Certificate of Appropriateness", "MAPDOT": "Architectural Review Commission", "CRA": null, "NEIGHBORHOOD": "Historic Hyde Park", "COUNCILDISTRICT": "4", "CREATED": "Accela", "CREATEDDATE": 1787272260000, "LASTEDITOR": "GIS", "LASTUPDATE": 1787272260000, "URL": "https://aca-prod.accela.com/TAMPA/Cap/CapDetail.aspx?Module=Planning&TabName=Planning&capID1=25CAP&capID2=00000&capID3=02TBJ&agencyCode=TAMPA"}}, {"type": "Feature", "id": 118, "geometry": {"type": "Point", "coordinates": [-82.45561949966402, 27.999414000027105]}, "properties": {"OBJECTID": 118, "RECORDID": "ARC-26-0000063", "ADDRESS": "5708 N Central Ave", "UNIT": "", "APPSTATUS": "Awaiting Client Reply", "TEANTATIVEHEARING": "N/A", "TENTATIVETIME": "N/A", "RECORDALIAS": "Architectural Review Commission - Certificate of Appropriateness", "MAPDOT": "Architectural Review Commission", "CRA": null, "NEIGHBORHOOD": "Old Seminole Heights", "COUNCILDISTRICT": "6", "CREATED": "Accela", "CREATEDDATE": 1787272260000, "LASTEDITOR": "GIS", "LASTUPDATE": 1787272260000, "URL": "https://aca-prod.accela.com/TAMPA/Cap/CapDetail.aspx?Module=Planning&TabName=Planning&capID1=25CAP&capID2=00000&capID3=02SWN&agencyCode=TAMPA"}}, {"type": "Feature", "id": 119, "geometry": {"type": "Point", "coordinates": [-82.48193100015027, 27.928413000051844]}, "properties": {"OBJECTID": 119, "RECORDID": "ARC-26-0000060", "ADDRESS": "1401 Nance Ave", "UNIT": "", "APPSTATUS": "Awaiting Client Reply", "TEANTATIVEHEARING": "04/06/2026", "TENTATIVETIME": "17:30", "RECORDALIAS": "Architectural Review Commission - Certificate of Appropriateness", "MAPDOT": "Architectural Review Commission", "CRA": null, "NEIGHBORHOOD": "Historic Hyde Park", "COUNCILDISTRICT": "4", "CREATED": "Accela", "CREATEDDATE": 1787272260000, "LASTEDITOR": "GIS", "LASTUPDATE": 1787272260000, "URL": "https://aca-prod.accela.com/TAMPA/Cap/CapDetail.aspx?Module=Planning&TabName=Planning&capID1=25CAP&capID2=00000&capID3=02SNB&agencyCode=TAMPA"}}, {"type": "Feature", "id": 120, "geometry": {"type": "Point", "coordinates": [-82.45501199965818, 27.968282999946425]}, "properties": {"OBJECTID": 120, "RECORDID": "ARC-26-0000022", "ADDRESS": "2809 N Central Ave", "UNIT": "", "APPSTATUS": "Awaiting Client Reply", "TEANTATIVEHEARING": "02/02/2026", "TENTATIVETIME": "17:30", "RECORDALIAS": "Architectural Review Commission - Certificate of Appropriateness", "MAPDOT": "Architectural Review Commission", "CRA": null, "NEIGHBORHOOD": "Tampa Heights", "COUNCILDISTRICT": "5", "CREATED": "Accela", "CREATEDDATE": 1787272260000, "LASTEDITOR": "GIS", "LASTUPDATE": 1787272260000, "URL": "https://aca-prod.accela.com/TAMPA/Cap/CapDetail.aspx?Module=Planning&TabName=Planning&capID1=25CAP&capID2=00000&capID3=02MVZ&agencyCode=TAMPA"}}, {"type": "Feature", "id": 121, "geometry": {"type": "Point", "coordinates": [-82.44644849972563, 27.96035399984826]}, "properties": {"OBJECTID": 121, "RECORDID": "BLC-25-0000252", "ADDRESS": "1208 E 7th Ave", "UNIT": "", "APPSTATUS": "Awaiting Client Reply", "TEANTATIVEHEARING": "N/A", "TENTATIVETIME": "N/A", "RECORDALIAS": "Barrio Latino Commission - Certificate of Appropriateness", "MAPDOT": "Barrio Latino Commission - Certificate of Appropriateness", "CRA": "Ybor City 1", "NEIGHBORHOOD": "Historic Ybor", "COUNCILDISTRICT": "5", "CREATED": "Accela", "CREATEDDATE": 1787272260000, "LASTEDITOR": "GIS", "LASTUPDATE": 1787272260000, "URL": "https://aca-prod.accela.com/TAMPA/Cap/CapDetail.aspx?Module=Planning&TabName=Planning&capID1=25CAP&capID2=00000&capID3=02JNB&agencyCode=TAMPA"}}, {"type": "Feature", "id": 122, "geometry": {"type": "Point", "coordinates": [-82.46759849994166, 27.937107000279376]}, "properties": {"OBJECTID": 122, "RECORDID": "ARC-25-0000602", "ADDRESS": "702 S Fielding Ave", "UNIT": "", "APPSTATUS": "Awaiting Client Reply", "TEANTATIVEHEARING": "N/A", "TENTATIVETIME": "N/A", "RECORDALIAS": "Architectural Review Commission - Certificate of Appropriateness", "MAPDOT": "Architectural Review Commission", "CRA": null, "NEIGHBORHOOD": "Hyde Park Preservation", "COUNCILDISTRICT": "4", "CREATED": "Accela", "CREATEDDATE": 1787272260000, "LASTEDITOR": "GIS", "LASTUPDATE": 1787272260000, "URL": "https://aca-prod.accela.com/TAMPA/Cap/CapDetail.aspx?Module=Planning&TabName=Planning&capID1=25CAP&capID2=00000&capID3=02JLK&agencyCode=TAMPA"}}, {"type": "Feature", "id": 123, "geometry": {"type": "Point", "coordinates": [-82.4566679998684, 28.00136699967717]}, "properties": {"OBJECTID": 123, "RECORDID": "ARC-25-0000594", "ADDRESS": "307 E Idlewild Ave", "UNIT": "", "APPSTATUS": "Awaiting Client Reply", "TEANTATIVEHEARING": "N/A", "TENTATIVETIME": "N/A", "RECORDALIAS": "Architectural Review Commission - Certificate of Appropriateness", "MAPDOT": "Architectural Review Commission", "CRA": null, "NEIGHBORHOOD": "Old Seminole Heights", "COUNCILDISTRICT": "6", "CREATED": "Accela", "CREATEDDATE": 1787272260000, "LASTEDITOR": "GIS", "LASTUPDATE": 1787272260000, "URL": "https://aca-prod.accela.com/TAMPA/Cap/CapDetail.aspx?Module=Planning&TabName=Planning&capID1=25CAP&capID2=00000&capID3=02J07&agencyCode=TAMPA"}}, {"type": "Feature", "id": 124, "geometry": {"type": "Point", "coordinates": [-82.47814200032724, 27.931139999766536]}, "properties": {"OBJECTID": 124, "RECORDID": "ARC-25-0000589", "ADDRESS": "1713 W Hills Ave", "UNIT": "", "APPSTATUS": "Awaiting Client Reply", "TEANTATIVEHEARING": "N/A", "TENTATIVETIME": "N/A", "RECORDALIAS": "Architectural Review Commission - Certificate of Appropriateness", "MAPDOT": "Architectural Review Commission", "CRA": null, "NEIGHBORHOOD": "Historic Hyde Park", "COUNCILDISTRICT": "4", "CREATED": "Accela", "CREATEDDATE": 1787272260000, "LASTEDITOR": "GIS", "LASTUPDATE": 1787272260000, "URL": "https://aca-prod.accela.com/TAMPA/Cap/CapDetail.aspx?Module=Planning&TabName=Planning&capID1=25CAP&capID2=00000&capID3=02IG7&agencyCode=TAMPA"}}, {"type": "Feature", "id": 125, "geometry": {"type": "Point", "coordinates": [-82.46813399986625, 27.935424000147655]}, "properties": {"OBJECTID": 125, "RECORDID": "ARC-25-0000572", "ADDRESS": "810 S Boulevard", "UNIT": "REAR", "APPSTATUS": "Awaiting Client Reply", "TEANTATIVEHEARING": "N/A", "TENTATIVETIME": "N/A", "RECORDALIAS": "Architectural Review Commission - Certificate of Appropriateness", "MAPDOT": "Architectural Review Commission", "CRA": null, "NEIGHBORHOOD": "Hyde Park Preservation", "COUNCILDISTRICT": "4", "CREATED": "Accela", "CREATEDDATE": 1787272260000, "LASTEDITOR": "GIS", "LASTUPDATE": 1787272260000, "URL": "https://aca-prod.accela.com/TAMPA/Cap/CapDetail.aspx?Module=Planning&TabName=Planning&capID1=25CAP&capID2=00000&capID3=02GOX&agencyCode=TAMPA"}}, {"type": "Feature", "id": 126, "geometry": {"type": "Point", "coordinates": [-82.44265049976806, 27.960506999990443]}, "properties": {"OBJECTID": 126, "RECORDID": "BLC-25-0000236", "ADDRESS": "1502 E 7th Ave", "UNIT": "", "APPSTATUS": "Awaiting Client Reply", "TEANTATIVEHEARING": "N/A", "TENTATIVETIME": "N/A", "RECORDALIAS": "Barrio Latino Commission - Certificate of Appropriateness", "MAPDOT": "Barrio Latino Commission - Certificate of Appropriateness", "CRA": "Ybor City 1", "NEIGHBORHOOD": "Historic Ybor", "COUNCILDISTRICT": "5", "CREATED": "Accela", "CREATEDDATE": 1787272260000, "LASTEDITOR": "GIS", "LASTUPDATE": 1787272260000, "URL": "https://aca-prod.accela.com/TAMPA/Cap/CapDetail.aspx?Module=Planning&TabName=Planning&capID1=25CAP&capID2=00000&capID3=02E6S&agencyCode=TAMPA"}}, {"type": "Feature", "id": 127, "geometry": {"type": "Point", "coordinates": [-82.47189599962685, 27.937574999944726]}, "properties": {"OBJECTID": 127, "RECORDID": "ARC-25-0000554", "ADDRESS": "1201 W Swann Ave", "UNIT": "", "APPSTATUS": "Awaiting Client Reply", "TEANTATIVEHEARING": "N/A", "TENTATIVETIME": "N/A", "RECORDALIAS": "Architectural Review Commission - Certificate of Appropriateness", "MAPDOT": "Architectural Review Commission", "CRA": null, "NEIGHBORHOOD": "Historic Hyde Park", "COUNCILDISTRICT": "4", "CREATED": "Accela", "CREATEDDATE": 1787272260000, "LASTEDITOR": "GIS", "LASTUPDATE": 1787272260000, "URL": "https://aca-prod.accela.com/TAMPA/Cap/CapDetail.aspx?Module=Planning&TabName=Planning&capID1=25CAP&capID2=00000&capID3=02DI2&agencyCode=TAMPA"}}, {"type": "Feature", "id": 128, "geometry": {"type": "Point", "coordinates": [-82.48362749951501, 27.928178999956604]}, "properties": {"OBJECTID": 128, "RECORDID": "ARC-25-0000553", "ADDRESS": "1417 S Howard Ave", "UNIT": "", "APPSTATUS": "Awaiting Client Reply", "TEANTATIVEHEARING": "N/A", "TENTATIVETIME": "N/A", "RECORDALIAS": "Architectural Review Commission - Certificate of Appropriateness", "MAPDOT": "Architectural Review Commission", "CRA": null, "NEIGHBORHOOD": "Bayshore Gardens", "COUNCILDISTRICT": "4", "CREATED": "Accela", "CREATEDDATE": 1787272260000, "LASTEDITOR": "GIS", "LASTUPDATE": 1787272260000, "URL": "https://aca-prod.accela.com/TAMPA/Cap/CapDetail.aspx?Module=Planning&TabName=Planning&capID1=25CAP&capID2=00000&capID3=02D37&agencyCode=TAMPA"}}, {"type": "Feature", "id": 129, "geometry": {"type": "Point", "coordinates": [-82.45666349997838, 28.001817000086028]}, "properties": {"OBJECTID": 129, "RECORDID": "ARC-25-0000550", "ADDRESS": "308 E Idlewild Ave", "UNIT": "", "APPSTATUS": "Awaiting Client Reply", "TEANTATIVEHEARING": "N/A", "TENTATIVETIME": "N/A", "RECORDALIAS": "Architectural Review Commission - Certificate of Appropriateness", "MAPDOT": "Architectural Review Commission", "CRA": null, "NEIGHBORHOOD": "Old Seminole Heights", "COUNCILDISTRICT": "6", "CREATED": "Accela", "CREATEDDATE": 1787272260000, "LASTEDITOR": "GIS", "LASTUPDATE": 1787272260000, "URL": "https://aca-prod.accela.com/TAMPA/Cap/CapDetail.aspx?Module=Planning&TabName=Planning&capID1=25CAP&capID2=00000&capID3=02CRF&agencyCode=TAMPA"}}, {"type": "Feature", "id": 130, "geometry": {"type": "Point", "coordinates": [-82.45479149966529, 27.965240999943372]}, "properties": {"OBJECTID": 130, "RECORDID": "ARC-25-0000539", "ADDRESS": "505 E Amelia Ave", "UNIT": "", "APPSTATUS": "Awaiting Client Reply", "TEANTATIVEHEARING": "N/A", "TENTATIVETIME": "N/A", "RECORDALIAS": "Architectural Review Commission - Certificate of Appropriateness", "MAPDOT": "Architectural Review Commission", "CRA": null, "NEIGHBORHOOD": "Tampa Heights", "COUNCILDISTRICT": "5", "CREATED": "Accela", "CREATEDDATE": 1787272260000, "LASTEDITOR": "GIS", "LASTUPDATE": 1787272260000, "URL": "https://aca-prod.accela.com/TAMPA/Cap/CapDetail.aspx?Module=Planning&TabName=Planning&capID1=25CAP&capID2=00000&capID3=02B5U&agencyCode=TAMPA"}}, {"type": "Feature", "id": 131, "geometry": {"type": "Point", "coordinates": [-82.44022049981973, 27.966194999764095]}, "properties": {"OBJECTID": 131, "RECORDID": "BLC-25-0000219", "ADDRESS": "1704 E 15th Ave", "UNIT": "", "APPSTATUS": "Awaiting Client Reply", "TEANTATIVEHEARING": "N/A", "TENTATIVETIME": "N/A", "RECORDALIAS": "Barrio Latino Commission - Certificate of Appropriateness", "MAPDOT": "Barrio Latino Commission - Certificate of Appropriateness", "CRA": "East Tampa", "NEIGHBORHOOD": "North Ybor", "COUNCILDISTRICT": "5", "CREATED": "Accela", "CREATEDDATE": 1787272260000, "LASTEDITOR": "GIS", "LASTUPDATE": 1787272260000, "URL": "https://aca-prod.accela.com/TAMPA/Cap/CapDetail.aspx?Module=Planning&TabName=Planning&capID1=25CAP&capID2=00000&capID3=0299I&agencyCode=TAMPA"}}, {"type": "Feature", "id": 132, "geometry": {"type": "Point", "coordinates": [-82.45720799981954, 27.998333999595854]}, "properties": {"OBJECTID": 132, "RECORDID": "ARC-25-0000524", "ADDRESS": "5605 N Branch Ave", "UNIT": "", "APPSTATUS": "Awaiting Client Reply", "TEANTATIVEHEARING": "08/03/2026", "TENTATIVETIME": "N/A", "RECORDALIAS": "Architectural Review Commission - Certificate of Appropriateness", "MAPDOT": "Architectural Review Commission", "CRA": null, "NEIGHBORHOOD": "Old Seminole Heights", "COUNCILDISTRICT": "6", "CREATED": "Accela", "CREATEDDATE": 1787272260000, "LASTEDITOR": "GIS", "LASTUPDATE": 1787272260000, "URL": "https://aca-prod.accela.com/TAMPA/Cap/CapDetail.aspx?Module=Planning&TabName=Planning&capID1=25CAP&capID2=00000&capID3=028UM&agencyCode=TAMPA"}}, {"type": "Feature", "id": 133, "geometry": {"type": "Point", "coordinates": [-82.43376750035998, 28.006290000402306]}, "properties": {"OBJECTID": 133, "RECORDID": "ARC-25-0000518", "ADDRESS": "6418 N 23rd St", "UNIT": "", "APPSTATUS": "Awaiting Client Reply", "TEANTATIVEHEARING": "N/A", "TENTATIVETIME": "N/A", "RECORDALIAS": "Architectural Review Commission - Certificate of Appropriateness", "MAPDOT": "Architectural Review Commission", "CRA": null, "NEIGHBORHOOD": "Seminole Heights East", "COUNCILDISTRICT": "5", "CREATED": "Accela", "CREATEDDATE": 1787272260000, "LASTEDITOR": "GIS", "LASTUPDATE": 1787272260000, "URL": "https://aca-prod.accela.com/TAMPA/Cap/CapDetail.aspx?Module=Planning&TabName=Planning&capID1=25CAP&capID2=00000&capID3=027XT&agencyCode=TAMPA"}}, {"type": "Feature", "id": 134, "geometry": {"type": "Point", "coordinates": [-82.43742599984311, 27.955980000377934]}, "properties": {"OBJECTID": 134, "RECORDID": "BLC-25-0000209", "ADDRESS": "1910 Adamo Dr", "UNIT": "", "APPSTATUS": "Open", "TEANTATIVEHEARING": "N/A", "TENTATIVETIME": "N/A", "RECORDALIAS": "Barrio Latino Commission - Certificate of Appropriateness", "MAPDOT": "Barrio Latino Commission - Certificate of Appropriateness", "CRA": null, "NEIGHBORHOOD": "Historic Ybor", "COUNCILDISTRICT": "5", "CREATED": "Accela", "CREATEDDATE": 1787272260000, "LASTEDITOR": "GIS", "LASTUPDATE": 1787272260000, "URL": "https://aca-prod.accela.com/TAMPA/Cap/CapDetail.aspx?Module=Planning&TabName=Planning&capID1=25CAP&capID2=00000&capID3=027QB&agencyCode=TAMPA"}}, {"type": "Feature", "id": 135, "geometry": {"type": "Point", "coordinates": [-82.43771399969718, 27.955979999843507]}, "properties": {"OBJECTID": 135, "RECORDID": "BLC-25-0000208", "ADDRESS": "1902 Adamo Dr", "UNIT": "", "APPSTATUS": "Awaiting Client Reply", "TEANTATIVEHEARING": "N/A", "TENTATIVETIME": "N/A", "RECORDALIAS": "Barrio Latino Commission - Certificate of Appropriateness", "MAPDOT": "Barrio Latino Commission - Certificate of Appropriateness", "CRA": null, "NEIGHBORHOOD": "Historic Ybor", "COUNCILDISTRICT": "5", "CREATED": "Accela", "CREATEDDATE": 1787272260000, "LASTEDITOR": "GIS", "LASTUPDATE": 1787272260000, "URL": "https://aca-prod.accela.com/TAMPA/Cap/CapDetail.aspx?Module=Planning&TabName=Planning&capID1=25CAP&capID2=00000&capID3=027Q6&agencyCode=TAMPA"}}, {"type": "Feature", "id": 136, "geometry": {"type": "Point", "coordinates": [-82.45561950043097, 27.97145100024261]}, "properties": {"OBJECTID": 136, "RECORDID": "ARC-25-0000513", "ADDRESS": "417 E Hugh St", "UNIT": "", "APPSTATUS": "Awaiting Client Reply", "TEANTATIVEHEARING": "N/A", "TENTATIVETIME": "N/A", "RECORDALIAS": "Architectural Review Commission - Certificate of Appropriateness", "MAPDOT": "Architectural Review Commission", "CRA": null, "NEIGHBORHOOD": "Tampa Heights", "COUNCILDISTRICT": "5", "CREATED": "Accela", "CREATEDDATE": 1787272260000, "LASTEDITOR": "GIS", "LASTUPDATE": 1787272260000, "URL": "https://aca-prod.accela.com/TAMPA/Cap/CapDetail.aspx?Module=Planning&TabName=Planning&capID1=25CAP&capID2=00000&capID3=027IW&agencyCode=TAMPA"}}, {"type": "Feature", "id": 137, "geometry": {"type": "Point", "coordinates": [-82.4566814995945, 27.970514999687637]}, "properties": {"OBJECTID": 137, "RECORDID": "ARC-25-0000493", "ADDRESS": "2911 N Jefferson St", "UNIT": "", "APPSTATUS": "Awaiting Client Reply", "TEANTATIVEHEARING": "N/A", "TENTATIVETIME": "N/A", "RECORDALIAS": "Architectural Review Commission - Certificate of Appropriateness", "MAPDOT": "Architectural Review Commission", "CRA": null, "NEIGHBORHOOD": "Tampa Heights", "COUNCILDISTRICT": "5", "CREATED": "Accela", "CREATEDDATE": 1787272260000, "LASTEDITOR": "GIS", "LASTUPDATE": 1787272260000, "URL": "https://aca-prod.accela.com/TAMPA/Cap/CapDetail.aspx?Module=Planning&TabName=Planning&capID1=25CAP&capID2=00000&capID3=024N2&agencyCode=TAMPA"}}, {"type": "Feature", "id": 138, "geometry": {"type": "Point", "coordinates": [-82.45551600012865, 27.970433999638225]}, "properties": {"OBJECTID": 138, "RECORDID": "ARC-25-0000485", "ADDRESS": "2908 N Central Ave", "UNIT": "", "APPSTATUS": "Open", "TEANTATIVEHEARING": "N/A", "TENTATIVETIME": "N/A", "RECORDALIAS": "Architectural Review Commission - Certificate of Appropriateness", "MAPDOT": "Architectural Review Commission", "CRA": null, "NEIGHBORHOOD": "Tampa Heights", "COUNCILDISTRICT": "5", "CREATED": "Accela", "CREATEDDATE": 1787272260000, "LASTEDITOR": "GIS", "LASTUPDATE": 1787272260000, "URL": "https://aca-prod.accela.com/TAMPA/Cap/CapDetail.aspx?Module=Planning&TabName=Planning&capID1=25CAP&capID2=00000&capID3=022ZT&agencyCode=TAMPA"}}, {"type": "Feature", "id": 139, "geometry": {"type": "Point", "coordinates": [-82.45822049991163, 27.966653999572134]}, "properties": {"OBJECTID": 139, "RECORDID": "ARC-25-0000481", "ADDRESS": "2408 N Morgan St", "UNIT": "", "APPSTATUS": "Awaiting Client Reply", "TEANTATIVEHEARING": "N/A", "TENTATIVETIME": "N/A", "RECORDALIAS": "Architectural Review Commission - Certificate of Appropriateness", "MAPDOT": "Architectural Review Commission", "CRA": null, "NEIGHBORHOOD": "Tampa Heights", "COUNCILDISTRICT": "5", "CREATED": "Accela", "CREATEDDATE": 1787272260000, "LASTEDITOR": "GIS", "LASTUPDATE": 1787272260000, "URL": "https://aca-prod.accela.com/TAMPA/Cap/CapDetail.aspx?Module=Planning&TabName=Planning&capID1=25CAP&capID2=00000&capID3=022GJ&agencyCode=TAMPA"}}, {"type": "Feature", "id": 140, "geometry": {"type": "Point", "coordinates": [-82.4566679998684, 28.00136699967717]}, "properties": {"OBJECTID": 140, "RECORDID": "ARC-25-0000473", "ADDRESS": "307 E Idlewild Ave", "UNIT": "", "APPSTATUS": "Awaiting Client Reply", "TEANTATIVEHEARING": "04/06/2026", "TENTATIVETIME": "17:30", "RECORDALIAS": "Architectural Review Commission - Certificate of Appropriateness", "MAPDOT": "Architectural Review Commission", "CRA": null, "NEIGHBORHOOD": "Old Seminole Heights", "COUNCILDISTRICT": "6", "CREATED": "Accela", "CREATEDDATE": 1787272260000, "LASTEDITOR": "GIS", "LASTUPDATE": 1787272260000, "URL": "https://aca-prod.accela.com/TAMPA/Cap/CapDetail.aspx?Module=Planning&TabName=Planning&capID1=25CAP&capID2=00000&capID3=021M7&agencyCode=TAMPA"}}, {"type": "Feature", "id": 141, "geometry": {"type": "Point", "coordinates": [-82.4312114995845, 27.961127999625372]}, "properties": {"OBJECTID": 141, "RECORDID": "BLC-25-0000183", "ADDRESS": "2414 E 8th Ave", "UNIT": "", "APPSTATUS": "In Process", "TEANTATIVEHEARING": "N/A", "TENTATIVETIME": "N/A", "RECORDALIAS": "Barrio Latino Commission - Certificate of Appropriateness", "MAPDOT": "Barrio Latino Commission - Certificate of Appropriateness", "CRA": "Ybor City 2", "NEIGHBORHOOD": "Historic East Ybor and Gary", "COUNCILDISTRICT": "5", "CREATED": "Accela", "CREATEDDATE": 1787272260000, "LASTEDITOR": "GIS", "LASTUPDATE": 1787272260000, "URL": "https://aca-prod.accela.com/TAMPA/Cap/CapDetail.aspx?Module=Planning&TabName=Planning&capID1=25CAP&capID2=00000&capID3=01ZCT&agencyCode=TAMPA"}}, {"type": "Feature", "id": 142, "geometry": {"type": "Point", "coordinates": [-82.46466000038883, 27.9403740004258]}, "properties": {"OBJECTID": 142, "RECORDID": "ARC-25-0000415", "ADDRESS": "406 W Azeele St", "UNIT": "504", "APPSTATUS": "Awaiting Client Reply", "TEANTATIVEHEARING": "N/A", "TENTATIVETIME": "N/A", "RECORDALIAS": "Architectural Review Commission - Certificate of Appropriateness", "MAPDOT": "Architectural Review Commission", "CRA": null, "NEIGHBORHOOD": "Hyde Park Spanishtown Creek", "COUNCILDISTRICT": "4", "CREATED": "Accela", "CREATEDDATE": 1787272260000, "LASTEDITOR": "GIS", "LASTUPDATE": 1787272260000, "URL": "https://aca-prod.accela.com/TAMPA/Cap/CapDetail.aspx?Module=Planning&TabName=Planning&capID1=25CAP&capID2=00000&capID3=01VE6&agencyCode=TAMPA"}}, {"type": "Feature", "id": 143, "geometry": {"type": "Point", "coordinates": [-82.47450599977086, 27.93616200005669]}, "properties": {"OBJECTID": 143, "RECORDID": "ARC-25-0000412", "ADDRESS": "726 S Oregon Ave", "UNIT": "", "APPSTATUS": "Awaiting Client Reply", "TEANTATIVEHEARING": "N/A", "TENTATIVETIME": "N/A", "RECORDALIAS": "Architectural Review Commission - Certificate of Appropriateness", "MAPDOT": "Architectural Review Commission", "CRA": null, "NEIGHBORHOOD": "Hyde Park Preservation", "COUNCILDISTRICT": "4", "CREATED": "Accela", "CREATEDDATE": 1787272260000, "LASTEDITOR": "GIS", "LASTUPDATE": 1787272260000, "URL": "https://aca-prod.accela.com/TAMPA/Cap/CapDetail.aspx?Module=Planning&TabName=Planning&capID1=25CAP&capID2=00000&capID3=01UYK&agencyCode=TAMPA"}}, {"type": "Feature", "id": 144, "geometry": {"type": "Point", "coordinates": [-82.4576985004006, 28.001502000318787]}, "properties": {"OBJECTID": 144, "RECORDID": "ARC-25-0000382", "ADDRESS": "5912 N Branch Ave", "UNIT": "", "APPSTATUS": "Awaiting Client Reply", "TEANTATIVEHEARING": "N/A", "TENTATIVETIME": "N/A", "RECORDALIAS": "Architectural Review Commission - Certificate of Appropriateness", "MAPDOT": "Architectural Review Commission", "CRA": null, "NEIGHBORHOOD": "Old Seminole Heights", "COUNCILDISTRICT": "6", "CREATED": "Accela", "CREATEDDATE": 1787272260000, "LASTEDITOR": "GIS", "LASTUPDATE": 1787272260000, "URL": "https://aca-prod.accela.com/TAMPA/Cap/CapDetail.aspx?Module=Planning&TabName=Planning&capID1=25CAP&capID2=00000&capID3=00YFX&agencyCode=TAMPA"}}, {"type": "Feature", "id": 145, "geometry": {"type": "Point", "coordinates": [-82.47037949980908, 27.933137999814853]}, "properties": {"OBJECTID": 145, "RECORDID": "ARC-25-0000375", "ADDRESS": "1005 Bayshore Blvd", "UNIT": "", "APPSTATUS": "Awaiting Client Reply", "TEANTATIVEHEARING": "N/A", "TENTATIVETIME": "N/A", "RECORDALIAS": "Architectural Review Commission - Certificate of Appropriateness", "MAPDOT": "Architectural Review Commission", "CRA": null, "NEIGHBORHOOD": "Hyde Park Preservation", "COUNCILDISTRICT": "4", "CREATED": "Accela", "CREATEDDATE": 1787272260000, "LASTEDITOR": "GIS", "LASTUPDATE": 1787272260000, "URL": "https://aca-prod.accela.com/TAMPA/Cap/CapDetail.aspx?Module=Planning&TabName=Planning&capID1=25CAP&capID2=00000&capID3=00XTI&agencyCode=TAMPA"}}, {"type": "Feature", "id": 146, "geometry": {"type": "Point", "coordinates": [-82.45460249997765, 27.995390999826927]}, "properties": {"OBJECTID": 146, "RECORDID": "ARC-25-0000280", "ADDRESS": "504 E Giddens Ave", "UNIT": "", "APPSTATUS": "Awaiting Client Reply", "TEANTATIVEHEARING": "12/01/2025", "TENTATIVETIME": "17:30", "RECORDALIAS": "Architectural Review Commission - Certificate of Appropriateness", "MAPDOT": "Architectural Review Commission", "CRA": null, "NEIGHBORHOOD": "Old Seminole Heights", "COUNCILDISTRICT": "6", "CREATED": "Accela", "CREATEDDATE": 1787272260000, "LASTEDITOR": "GIS", "LASTUPDATE": 1787272260000, "URL": "https://aca-prod.accela.com/TAMPA/Cap/CapDetail.aspx?Module=Planning&TabName=Planning&capID1=25CAP&capID2=00000&capID3=00NIK&agencyCode=TAMPA"}}, {"type": "Feature", "id": 147, "geometry": {"type": "Point", "coordinates": [-82.46722499960966, 27.936126000208553]}, "properties": {"OBJECTID": 147, "RECORDID": "ARC-25-0000272", "ADDRESS": "725 S Brevard Ave", "UNIT": "", "APPSTATUS": "Awaiting Client Reply", "TEANTATIVEHEARING": "11/03/2025", "TENTATIVETIME": "17:30", "RECORDALIAS": "Architectural Review Commission - Certificate of Appropriateness", "MAPDOT": "Architectural Review Commission", "CRA": null, "NEIGHBORHOOD": "Hyde Park Preservation", "COUNCILDISTRICT": "4", "CREATED": "Accela", "CREATEDDATE": 1787272260000, "LASTEDITOR": "GIS", "LASTUPDATE": 1787272260000, "URL": "https://aca-prod.accela.com/TAMPA/Cap/CapDetail.aspx?Module=Planning&TabName=Planning&capID1=25CAP&capID2=00000&capID3=00MT3&agencyCode=TAMPA"}}, {"type": "Feature", "id": 148, "geometry": {"type": "Point", "coordinates": [-82.43002350039993, 27.958599000304215]}, "properties": {"OBJECTID": 148, "RECORDID": "BLC-25-0000028", "ADDRESS": "2602 E 4th Ave", "UNIT": "", "APPSTATUS": "In Process", "TEANTATIVEHEARING": "03/03/2025", "TENTATIVETIME": "17:30", "RECORDALIAS": "Barrio Latino Commission - Recommendation", "MAPDOT": "Barrio Latino Commission - Certificate of Appropriateness", "CRA": null, "NEIGHBORHOOD": "Historic East Ybor and Gary", "COUNCILDISTRICT": "5", "CREATED": "Accela", "CREATEDDATE": 1787272260000, "LASTEDITOR": "GIS", "LASTUPDATE": 1787272260000, "URL": "https://aca-prod.accela.com/TAMPA/Cap/CapDetail.aspx?Module=Planning&TabName=Planning&capID1=24CAP&capID2=00000&capID3=02Q34&agencyCode=TAMPA"}}, {"type": "Feature", "id": 149, "geometry": {"type": "Point", "coordinates": [-82.4398110001669, 27.95633099991099]}, "properties": {"OBJECTID": 149, "RECORDID": "BLC-24-0000219", "ADDRESS": "1701 E 2nd Ave", "UNIT": "", "APPSTATUS": "In Process", "TEANTATIVEHEARING": "N/A", "TENTATIVETIME": "N/A", "RECORDALIAS": "Barrio Latino Commission - Certificate of Appropriateness", "MAPDOT": "Barrio Latino Commission - Certificate of Appropriateness", "CRA": null, "NEIGHBORHOOD": "Historic Ybor", "COUNCILDISTRICT": "5", "CREATED": "Accela", "CREATEDDATE": 1787272260000, "LASTEDITOR": "GIS", "LASTUPDATE": 1787272260000, "URL": "https://aca-prod.accela.com/TAMPA/Cap/CapDetail.aspx?Module=Planning&TabName=Planning&capID1=24CAP&capID2=00000&capID3=02FQC&agencyCode=TAMPA"}}, {"type": "Feature", "id": 150, "geometry": {"type": "Point", "coordinates": [-82.46433149974406, 27.93925799968558]}, "properties": {"OBJECTID": 150, "RECORDID": "ARC-24-0000427", "ADDRESS": "509 S Hyde Park Ave", "UNIT": "", "APPSTATUS": "In Process", "TEANTATIVEHEARING": "01/06/2025", "TENTATIVETIME": "17:30", "RECORDALIAS": "Architectural Review Commission - Recommendation", "MAPDOT": "Architectural Review Commission", "CRA": null, "NEIGHBORHOOD": "Hyde Park Spanishtown Creek", "COUNCILDISTRICT": "4", "CREATED": "Accela", "CREATEDDATE": 1787272260000, "LASTEDITOR": "GIS", "LASTUPDATE": 1787272260000, "URL": "https://aca-prod.accela.com/TAMPA/Cap/CapDetail.aspx?Module=Planning&TabName=Planning&capID1=24CAP&capID2=00000&capID3=02EZU&agencyCode=TAMPA"}}, {"type": "Feature", "id": 151, "geometry": {"type": "Point", "coordinates": [-82.43844749979608, 27.960435000237236]}, "properties": {"OBJECTID": 151, "RECORDID": "BLC-24-0000170", "ADDRESS": "1820 E 7th Ave", "UNIT": "", "APPSTATUS": "In Process", "TEANTATIVEHEARING": "11/19/2024", "TENTATIVETIME": "09:00", "RECORDALIAS": "Barrio Latino Commission - Certificate of Appropriateness", "MAPDOT": "Barrio Latino Commission - Certificate of Appropriateness", "CRA": "Ybor City 1", "NEIGHBORHOOD": "Historic Ybor", "COUNCILDISTRICT": "5", "CREATED": "Accela", "CREATEDDATE": 1787272260000, "LASTEDITOR": "GIS", "LASTUPDATE": 1787272260000, "URL": "https://aca-prod.accela.com/TAMPA/Cap/CapDetail.aspx?Module=Planning&TabName=Planning&capID1=24CAP&capID2=00000&capID3=01XGT&agencyCode=TAMPA"}}, {"type": "Feature", "id": 152, "geometry": {"type": "Point", "coordinates": [-82.44746550004618, 27.96762599988893]}, "properties": {"OBJECTID": 152, "RECORDID": "BLC-24-0000141", "ADDRESS": "1023 E 17th Ave", "UNIT": "", "APPSTATUS": "Awaiting Client Reply", "TEANTATIVEHEARING": "10/22/2024", "TENTATIVETIME": "09:00", "RECORDALIAS": "Barrio Latino Commission - Certificate of Appropriateness", "MAPDOT": "Barrio Latino Commission - Certificate of Appropriateness", "CRA": "East Tampa", "NEIGHBORHOOD": "VM Ybor", "COUNCILDISTRICT": "5", "CREATED": "Accela", "CREATEDDATE": 1787272260000, "LASTEDITOR": "GIS", "LASTUPDATE": 1787272260000, "URL": "https://aca-prod.accela.com/TAMPA/Cap/CapDetail.aspx?Module=Planning&TabName=Planning&capID1=24CAP&capID2=00000&capID3=00W9T&agencyCode=TAMPA"}}, {"type": "Feature", "id": 153, "geometry": {"type": "Point", "coordinates": [-82.43442900039106, 27.95722199996407]}, "properties": {"OBJECTID": 153, "RECORDID": "BLC-24-0000121", "ADDRESS": "2205 E 3rd Ave", "UNIT": "", "APPSTATUS": "In Process", "TEANTATIVEHEARING": "08/27/2024", "TENTATIVETIME": "09:00", "RECORDALIAS": "Barrio Latino Commission - Certificate of Appropriateness", "MAPDOT": "Barrio Latino Commission - Certificate of Appropriateness", "CRA": "Ybor City 2", "NEIGHBORHOOD": "Historic East Ybor and Gary", "COUNCILDISTRICT": "5", "CREATED": "Accela", "CREATEDDATE": 1787272260000, "LASTEDITOR": "GIS", "LASTUPDATE": 1787272260000, "URL": "https://aca-prod.accela.com/TAMPA/Cap/CapDetail.aspx?Module=Planning&TabName=Planning&capID1=24CAP&capID2=00000&capID3=00R7Q&agencyCode=TAMPA"}}, {"type": "Feature", "id": 154, "geometry": {"type": "Point", "coordinates": [-82.43415900042184, 27.962594999904585]}, "properties": {"OBJECTID": 154, "RECORDID": "BLC-24-0000090", "ADDRESS": "2216 E 10th Ave", "UNIT": "", "APPSTATUS": "Awaiting Client Reply", "TEANTATIVEHEARING": "08/27/2024", "TENTATIVETIME": "09:00", "RECORDALIAS": "Barrio Latino Commission - Certificate of Appropriateness", "MAPDOT": "Barrio Latino Commission - Certificate of Appropriateness", "CRA": "Ybor City 2", "NEIGHBORHOOD": "Historic East Ybor and Gary", "COUNCILDISTRICT": "5", "CREATED": "Accela", "CREATEDDATE": 1787272260000, "LASTEDITOR": "GIS", "LASTUPDATE": 1787272260000, "URL": "https://aca-prod.accela.com/TAMPA/Cap/CapDetail.aspx?Module=Planning&TabName=Planning&capID1=24CAP&capID2=00000&capID3=00H4W&agencyCode=TAMPA"}}, {"type": "Feature", "id": 155, "geometry": {"type": "Point", "coordinates": [-82.43461799990133, 27.956853000413066]}, "properties": {"OBJECTID": 155, "RECORDID": "BLC-24-0000056", "ADDRESS": "1301 N 22nd St", "UNIT": "", "APPSTATUS": "In Process", "TEANTATIVEHEARING": "08/27/2024", "TENTATIVETIME": "09:00", "RECORDALIAS": "Barrio Latino Commission - Certificate of Appropriateness", "MAPDOT": "Barrio Latino Commission - Certificate of Appropriateness", "CRA": "Ybor City 2", "NEIGHBORHOOD": "Historic East Ybor and Gary", "COUNCILDISTRICT": "5", "CREATED": "Accela", "CREATEDDATE": 1787272260000, "LASTEDITOR": "GIS", "LASTUPDATE": 1787272260000, "URL": "https://aca-prod.accela.com/TAMPA/Cap/CapDetail.aspx?Module=Planning&TabName=Planning&capID1=24CAP&capID2=00000&capID3=002WO&agencyCode=TAMPA"}}, {"type": "Feature", "id": 156, "geometry": {"type": "Point", "coordinates": [-82.44161100019363, 27.960183000327447]}, "properties": {"OBJECTID": 156, "RECORDID": "BLC-23-0000191", "ADDRESS": "1601 E 7th Ave", "UNIT": "-1605", "APPSTATUS": "In Process", "TEANTATIVEHEARING": "03/26/2024", "TENTATIVETIME": "09:00", "RECORDALIAS": "Barrio Latino Commission - Certificate of Appropriateness", "MAPDOT": "Barrio Latino Commission - Certificate of Appropriateness", "CRA": "Ybor City 1", "NEIGHBORHOOD": "Historic Ybor", "COUNCILDISTRICT": "5", "CREATED": "Accela", "CREATEDDATE": 1787272260000, "LASTEDITOR": "GIS", "LASTUPDATE": 1787272260000, "URL": "https://aca-prod.accela.com/TAMPA/Cap/CapDetail.aspx?Module=Planning&TabName=Planning&capID1=23CAP&capID2=00000&capID3=02GVX&agencyCode=TAMPA"}}, {"type": "Feature", "id": 157, "geometry": {"type": "Point", "coordinates": [-82.44001350044125, 27.957906000240214]}, "properties": {"OBJECTID": 157, "RECORDID": "BLC-22-0000185", "ADDRESS": "1707 E 4th Ave", "UNIT": "", "APPSTATUS": "Awaiting Client Reply", "TEANTATIVEHEARING": "03/26/2024", "TENTATIVETIME": "09:00", "RECORDALIAS": "Barrio Latino Commission - Certificate of Appropriateness", "MAPDOT": "Barrio Latino Commission - Certificate of Appropriateness", "CRA": "Ybor City 2", "NEIGHBORHOOD": "Historic Ybor", "COUNCILDISTRICT": "5", "CREATED": "Accela", "CREATEDDATE": 1787272260000, "LASTEDITOR": "GIS", "LASTUPDATE": 1787272260000, "URL": "https://aca-prod.accela.com/TAMPA/Cap/CapDetail.aspx?Module=Planning&TabName=Planning&capID1=22CAP&capID2=00000&capID3=01UPM&agencyCode=TAMPA"}}, {"type": "Feature", "id": 158, "geometry": {"type": "Point", "coordinates": [-82.47762899995386, 27.93595499976439]}, "properties": {"OBJECTID": 158, "RECORDID": "ARC-25-0000171", "ADDRESS": "800 S Packwood Ave", "UNIT": "", "APPSTATUS": "Awaiting Client Reply", "TEANTATIVEHEARING": "05/05/2025", "TENTATIVETIME": "17:30", "RECORDALIAS": "Architectural Review Commission - Certificate of Appropriateness", "MAPDOT": "Architectural Review Commission", "CRA": null, "NEIGHBORHOOD": "Historic Hyde Park", "COUNCILDISTRICT": "4", "CREATED": "Accela", "CREATEDDATE": 1787272260000, "LASTEDITOR": "GIS", "LASTUPDATE": 1787272260000, "URL": "https://aca-prod.accela.com/TAMPA/Cap/CapDetail.aspx?Module=Planning&TabName=Planning&capID1=25CAP&capID2=00000&capID3=00A4J&agencyCode=TAMPA"}}, {"type": "Feature", "id": 159, "geometry": {"type": "Point", "coordinates": [-82.45921049953225, 27.96287399968225]}, "properties": {"OBJECTID": 159, "RECORDID": "ARC-24-0000368", "ADDRESS": "1905 N Florida Ave", "UNIT": "", "APPSTATUS": "Awaiting Client Reply", "TEANTATIVEHEARING": "09/09/2024", "TENTATIVETIME": "N/A", "RECORDALIAS": "Architectural Review Commission - Certificate of Appropriateness", "MAPDOT": "Architectural Review Commission", "CRA": null, "NEIGHBORHOOD": "Tampa Heights", "COUNCILDISTRICT": "5", "CREATED": "Accela", "CREATEDDATE": 1787272260000, "LASTEDITOR": "GIS", "LASTUPDATE": 1787272260000, "URL": "https://aca-prod.accela.com/TAMPA/Cap/CapDetail.aspx?Module=Planning&TabName=Planning&capID1=24CAP&capID2=00000&capID3=022RS&agencyCode=TAMPA"}}, {"type": "Feature", "id": 160, "geometry": {"type": "Point", "coordinates": [-82.48309200015206, 27.958850999955864]}, "properties": {"OBJECTID": 160, "RECORDID": "ARC-23-0000311", "ADDRESS": "1902 N Howard Ave", "UNIT": "", "APPSTATUS": "Awaiting Client Reply", "TEANTATIVEHEARING": "N/A", "TENTATIVETIME": "N/A", "RECORDALIAS": "Architectural Review Commission - Certificate of Appropriateness", "MAPDOT": "Architectural Review Commission", "CRA": "West Tampa", "NEIGHBORHOOD": "Old West Tampa", "COUNCILDISTRICT": "5", "CREATED": "Accela", "CREATEDDATE": 1787272260000, "LASTEDITOR": "GIS", "LASTUPDATE": 1787272260000, "URL": "https://aca-prod.accela.com/TAMPA/Cap/CapDetail.aspx?Module=Planning&TabName=Planning&capID1=23CAP&capID2=00000&capID3=00V1T&agencyCode=TAMPA"}}, {"type": "Feature", "id": 161, "geometry": {"type": "Point", "coordinates": [-82.4725079996548, 27.934317000443755]}, "properties": {"OBJECTID": 161, "RECORDID": "ARC-23-0000235", "ADDRESS": "830 S Willow Ave", "UNIT": "", "APPSTATUS": "Awaiting Client Reply", "TEANTATIVEHEARING": "08/07/2023", "TENTATIVETIME": "17:30", "RECORDALIAS": "Architectural Review Commission - Certificate of Appropriateness", "MAPDOT": "Architectural Review Commission", "CRA": null, "NEIGHBORHOOD": "Hyde Park Preservation", "COUNCILDISTRICT": "4", "CREATED": "Accela", "CREATEDDATE": 1787272260000, "LASTEDITOR": "GIS", "LASTUPDATE": 1787272260000, "URL": "https://aca-prod.accela.com/TAMPA/Cap/CapDetail.aspx?Module=Planning&TabName=Planning&capID1=23CAP&capID2=00000&capID3=00K1O&agencyCode=TAMPA"}}, {"type": "Feature", "id": 162, "geometry": {"type": "Point", "coordinates": [-82.45512000022853, 27.962064000430264]}, "properties": {"OBJECTID": 162, "RECORDID": "ARC-23-0000202", "ADDRESS": "505 E Palm Ave", "UNIT": "", "APPSTATUS": "Awaiting Client Reply", "TEANTATIVEHEARING": "10/02/2023", "TENTATIVETIME": "17:30", "RECORDALIAS": "Architectural Review Commission - Certificate of Appropriateness", "MAPDOT": "Architectural Review Commission", "CRA": null, "NEIGHBORHOOD": "Tampa Heights", "COUNCILDISTRICT": "5", "CREATED": "Accela", "CREATEDDATE": 1787272260000, "LASTEDITOR": "GIS", "LASTUPDATE": 1787272260000, "URL": "https://aca-prod.accela.com/TAMPA/Cap/CapDetail.aspx?Module=Planning&TabName=Planning&capID1=23CAP&capID2=00000&capID3=00EWJ&agencyCode=TAMPA"}}, {"type": "Feature", "id": 163, "geometry": {"type": "Point", "coordinates": [-82.45516949962591, 27.965979000254123]}, "properties": {"OBJECTID": 163, "RECORDID": "ARC-23-0000161", "ADDRESS": "501 E Sparkman Ave", "UNIT": "", "APPSTATUS": "Awaiting Client Reply", "TEANTATIVEHEARING": "03/04/2024", "TENTATIVETIME": "17:30", "RECORDALIAS": "Architectural Review Commission - Certificate of Appropriateness", "MAPDOT": "Architectural Review Commission", "CRA": null, "NEIGHBORHOOD": "Tampa Heights", "COUNCILDISTRICT": "5", "CREATED": "Accela", "CREATEDDATE": 1787272260000, "LASTEDITOR": "GIS", "LASTUPDATE": 1787272260000, "URL": "https://aca-prod.accela.com/TAMPA/Cap/CapDetail.aspx?Module=Planning&TabName=Planning&capID1=23CAP&capID2=00000&capID3=008N1&agencyCode=TAMPA"}}, {"type": "Feature", "id": 164, "geometry": {"type": "Point", "coordinates": [-82.4586479999596, 27.997425000369606]}, "properties": {"OBJECTID": 164, "RECORDID": "ARC-23-0000156", "ADDRESS": "5506 N Suwanee Ave", "UNIT": "", "APPSTATUS": "Awaiting Client Reply", "TEANTATIVEHEARING": "N/A", "TENTATIVETIME": "N/A", "RECORDALIAS": "Architectural Review Commission - Certificate of Appropriateness", "MAPDOT": "Architectural Review Commission", "CRA": null, "NEIGHBORHOOD": "Old Seminole Heights", "COUNCILDISTRICT": "6", "CREATED": "Accela", "CREATEDDATE": 1787272260000, "LASTEDITOR": "GIS", "LASTUPDATE": 1787272260000, "URL": "https://aca-prod.accela.com/TAMPA/Cap/CapDetail.aspx?Module=Planning&TabName=Planning&capID1=23CAP&capID2=00000&capID3=008HT&agencyCode=TAMPA"}}, {"type": "Feature", "id": 165, "geometry": {"type": "Point", "coordinates": [-82.47243150046963, 27.938151000298024]}, "properties": {"OBJECTID": 165, "RECORDID": "ARC-23-0000155", "ADDRESS": "612 S Willow Ave", "UNIT": "", "APPSTATUS": "Awaiting Client Reply", "TEANTATIVEHEARING": "N/A", "TENTATIVETIME": "N/A", "RECORDALIAS": "Architectural Review Commission - Certificate of Appropriateness", "MAPDOT": "Architectural Review Commission", "CRA": null, "NEIGHBORHOOD": "Historic Hyde Park", "COUNCILDISTRICT": "4", "CREATED": "Accela", "CREATEDDATE": 1787272260000, "LASTEDITOR": "GIS", "LASTUPDATE": 1787272260000, "URL": "https://aca-prod.accela.com/TAMPA/Cap/CapDetail.aspx?Module=Planning&TabName=Planning&capID1=23CAP&capID2=00000&capID3=008C8&agencyCode=TAMPA"}}, {"type": "Feature", "id": 166, "geometry": {"type": "Point", "coordinates": [-82.45655100049663, 27.967769999672765]}, "properties": {"OBJECTID": 166, "RECORDID": "ARC-23-0000069", "ADDRESS": "410 E Forest Ave", "UNIT": "", "APPSTATUS": "Awaiting Client Reply", "TEANTATIVEHEARING": "04/03/2023", "TENTATIVETIME": "N/A", "RECORDALIAS": "Architectural Review Commission - Certificate of Appropriateness", "MAPDOT": "Architectural Review Commission", "CRA": null, "NEIGHBORHOOD": "Tampa Heights", "COUNCILDISTRICT": "5", "CREATED": "Accela", "CREATEDDATE": 1787272260000, "LASTEDITOR": "GIS", "LASTUPDATE": 1787272260000, "URL": "https://aca-prod.accela.com/TAMPA/Cap/CapDetail.aspx?Module=Planning&TabName=Planning&capID1=22CAP&capID2=00000&capID3=02PI3&agencyCode=TAMPA"}}, {"type": "Feature", "id": 167, "geometry": {"type": "Point", "coordinates": [-82.46839049969616, 27.935613000220233]}, "properties": {"OBJECTID": 167, "RECORDID": "ARC-22-0000291", "ADDRESS": "808 S Boulevard", "UNIT": "", "APPSTATUS": "Awaiting Client Reply", "TEANTATIVEHEARING": "09/07/2022", "TENTATIVETIME": "N/A", "RECORDALIAS": "Architectural Review Commission - Certificate of Appropriateness", "MAPDOT": "Architectural Review Commission", "CRA": null, "NEIGHBORHOOD": "Hyde Park Preservation", "COUNCILDISTRICT": "4", "CREATED": "Accela", "CREATEDDATE": 1787272260000, "LASTEDITOR": "GIS", "LASTUPDATE": 1787272260000, "URL": "https://aca-prod.accela.com/TAMPA/Cap/CapDetail.aspx?Module=Planning&TabName=Planning&capID1=22CAP&capID2=00000&capID3=00MFY&agencyCode=TAMPA"}}, {"type": "Feature", "id": 168, "geometry": {"type": "Point", "coordinates": [-82.45495800004052, 27.965610000184704]}, "properties": {"OBJECTID": 168, "RECORDID": "ARC-22-0000224", "ADDRESS": "504 E Amelia Ave", "UNIT": "", "APPSTATUS": "Awaiting Client Reply", "TEANTATIVEHEARING": "07/11/2022", "TENTATIVETIME": "N/A", "RECORDALIAS": "Architectural Review Commission - Certificate of Appropriateness", "MAPDOT": "Architectural Review Commission", "CRA": null, "NEIGHBORHOOD": "Tampa Heights", "COUNCILDISTRICT": "5", "CREATED": "Accela", "CREATEDDATE": 1787272260000, "LASTEDITOR": "GIS", "LASTUPDATE": 1787272260000, "URL": "https://aca-prod.accela.com/TAMPA/Cap/CapDetail.aspx?Module=Planning&TabName=Planning&capID1=22CAP&capID2=00000&capID3=00DLD&agencyCode=TAMPA"}}, {"type": "Feature", "id": 169, "geometry": {"type": "Point", "coordinates": [-82.45201050041635, 27.997739999911726]}, "properties": {"OBJECTID": 169, "RECORDID": "ARC-22-0000178", "ADDRESS": "5509 N Miami Ave", "UNIT": "", "APPSTATUS": "Awaiting Client Reply", "TEANTATIVEHEARING": "08/03/2022", "TENTATIVETIME": "N/A", "RECORDALIAS": "Architectural Review Commission - Certificate of Appropriateness", "MAPDOT": "Architectural Review Commission", "CRA": null, "NEIGHBORHOOD": "Old Seminole Heights", "COUNCILDISTRICT": "6", "CREATED": "Accela", "CREATEDDATE": 1787272260000, "LASTEDITOR": "GIS", "LASTUPDATE": 1787272260000, "URL": "https://aca-prod.accela.com/TAMPA/Cap/CapDetail.aspx?Module=Planning&TabName=Planning&capID1=22CAP&capID2=00000&capID3=007S1&agencyCode=TAMPA"}}]}